NU_ANO;CO_CURSO;CO_IES;CO_CATEGAD;CO_ORGACAD;CO_GRUPO;CO_MODALIDADE;CO_MUNIC_CURSO;CO_UF_CURSO;CO_REGIAO_CURSO;MEDIA_NT_FG
2017;317;3;1;10028;4004;1;2806701;28;2;51.70967741935484
2017;317;3;1;10028;4004;1;2806701;28;2;51.70967741935484
2017;317;3;1;10028;4004;1;2806701;28;2;51.70967741935484
2017;317;3;1;10028;4004;1;2806701;28;2;51.70967741935484
2017;317;3;1;10028;4004;1;2806701;28;2;51.70967741935484
2017;317;3;1;10028;4004;1;2806701;28;2;51.70967741935484
2017;317;3;1;10028;4004;1;2806701;28;2;51.70967741935484
2017;317;3;1;10028;4004;1;2806701;28;2;51.70967741935484
2017;317;3;1;10028;4004;1;2806701;28;2;51.70967741935484
2017;317;3;1;10028;4004;1;2806701;28;2;51.70967741935484
2017;317;3;1;10028;4004;1;2806701;28;2;51.70967741935484
2017;317;3;1;10028;4004;1;2806701;28;2;51.70967741935484
2017;317;3;1;10028;4004;1;2806701;28;2;51.70967741935484
2017;317;3;1;10028;4004;1;2806701;28;2;51.70967741935484
2017;317;3;1;10028;4004;1;2806701;28;2;51.70967741935484
2017;317;3;1;10028;4004;1;2806701;28;2;51.70967741935484
2017;317;3;1;10028;4004;1;2806701;28;2;51.70967741935484
2017;317;3;1;10028;4004;1;2806701;28;2;51.70967741935484
2017;317;3;1;10028;4004;1;2806701;28;2;51.70967741935484
2017;317;3;1;10028;4004;1;2806701;28;2;51.70967741935484
2017;317;3;1;10028;4004;1;2806701;28;2;51.70967741935484
2017;317;3;1;10028;4004;1;2806701;28;2;51.70967741935484
2017;317;3;1;10028;4004;1;2806701;28;2;51.70967741935484
2017;317;3;1;10028;4004;1;2806701;28;2;51.70967741935484
2017;317;3;1;10028;4004;1;2806701;28;2;51.70967741935484
2017;317;3;1;10028;4004;1;2806701;28;2;51.70967741935484
2017;317;3;1;10028;4004;1;2806701;28;2;51.70967741935484
2017;317;3;1;10028;4004;1;2806701;28;2;51.70967741935484
2017;317;3;1;10028;4004;1;2806701;28;2;51.70967741935484
2017;317;3;1;10028;4004;1;2806701;28;2;51.70967741935484
2017;317;3;1;10028;4004;1;2806701;28;2;51.70967741935484
2017;317;3;1;10028;4004;1;2806701;28;2;51.70967741935484
2017;317;3;1;10028;4004;1;2806701;28;2;51.70967741935484
2017;317;3;1;10028;4004;1;2806701;28;2;51.70967741935484
2017;317;3;1;10028;4004;1;2806701;28;2;51.70967741935484
2017;317;3;1;10028;4004;1;2806701;28;2;51.70967741935484
2017;317;3;1;10028;4004;1;2806701;28;2;51.70967741935484
2017;317;3;1;10028;4004;1;2806701;28;2;51.70967741935484
2017;317;3;1;10028;4004;1;2806701;28;2;51.70967741935484
2017;513;5;1;10028;4004;1;2211001;22;2;53.15094339622642
2017;513;5;1;10028;4004;1;2211001;22;2;53.15094339622642
2017;513;5;1;10028;4004;1;2211001;22;2;53.15094339622642
2017;513;5;1;10028;4004;1;2211001;22;2;53.15094339622642
2017;513;5;1;10028;4004;1;2211001;22;2;53.15094339622642
2017;513;5;1;10028;4004;1;2211001;22;2;53.15094339622642
2017;513;5;1;10028;4004;1;2211001;22;2;53.15094339622642
2017;513;5;1;10028;4004;1;2211001;22;2;53.15094339622642
2017;513;5;1;10028;4004;1;2211001;22;2;53.15094339622642
2017;513;5;1;10028;4004;1;2211001;22;2;53.15094339622642
2017;513;5;1;10028;4004;1;2211001;22;2;53.15094339622642
2017;513;5;1;10028;4004;1;2211001;22;2;53.15094339622642
2017;513;5;1;10028;4004;1;2211001;22;2;53.15094339622642
2017;513;5;1;10028;4004;1;2211001;22;2;53.15094339622642
2017;513;5;1;10028;4004;1;2211001;22;2;53.15094339622642
2017;513;5;1;10028;4004;1;2211001;22;2;53.15094339622642
2017;513;5;1;10028;4004;1;2211001;22;2;53.15094339622642
2017;513;5;1;10028;4004;1;2211001;22;2;53.15094339622642
2017;513;5;1;10028;4004;1;2211001;22;2;53.15094339622642
2017;513;5;1;10028;4004;1;2211001;22;2;53.15094339622642
2017;513;5;1;10028;4004;1;2211001;22;2;53.15094339622642
2017;513;5;1;10028;4004;1;2211001;22;2;53.15094339622642
2017;513;5;1;10028;4004;1;2211001;22;2;53.15094339622642
2017;513;5;1;10028;4004;1;2211001;22;2;53.15094339622642
2017;513;5;1;10028;4004;1;2211001;22;2;53.15094339622642
2017;513;5;1;10028;4004;1;2211001;22;2;53.15094339622642
2017;513;5;1;10028;4004;1;2211001;22;2;53.15094339622642
2017;513;5;1;10028;4004;1;2211001;22;2;53.15094339622642
2017;513;5;1;10028;4004;1;2211001;22;2;53.15094339622642
2017;513;5;1;10028;4004;1;2211001;22;2;53.15094339622642
2017;513;5;1;10028;4004;1;2211001;22;2;53.15094339622642
2017;513;5;1;10028;4004;1;2211001;22;2;53.15094339622642
2017;513;5;1;10028;4004;1;2211001;22;2;53.15094339622642
2017;513;5;1;10028;4004;1;2211001;22;2;53.15094339622642
2017;513;5;1;10028;4004;1;2211001;22;2;53.15094339622642
2017;513;5;1;10028;4004;1;2211001;22;2;53.15094339622642
2017;513;5;1;10028;4004;1;2211001;22;2;53.15094339622642
2017;513;5;1;10028;4004;1;2211001;22;2;53.15094339622642
2017;513;5;1;10028;4004;1;2211001;22;2;53.15094339622642
2017;513;5;1;10028;4004;1;2211001;22;2;53.15094339622642
2017;513;5;1;10028;4004;1;2211001;22;2;53.15094339622642
2017;513;5;1;10028;4004;1;2211001;22;2;53.15094339622642
2017;513;5;1;10028;4004;1;2211001;22;2;53.15094339622642
2017;513;5;1;10028;4004;1;2211001;22;2;53.15094339622642
2017;513;5;1;10028;4004;1;2211001;22;2;53.15094339622642
2017;513;5;1;10028;4004;1;2211001;22;2;53.15094339622642
2017;513;5;1;10028;4004;1;2211001;22;2;53.15094339622642
2017;513;5;1;10028;4004;1;2211001;22;2;53.15094339622642
2017;513;5;1;10028;4004;1;2211001;22;2;53.15094339622642
2017;513;5;1;10028;4004;1;2211001;22;2;53.15094339622642
2017;513;5;1;10028;4004;1;2211001;22;2;53.15094339622642
2017;513;5;1;10028;4004;1;2211001;22;2;53.15094339622642
2017;513;5;1;10028;4004;1;2211001;22;2;53.15094339622642
2017;513;5;1;10028;4004;1;2211001;22;2;53.15094339622642
2017;513;5;1;10028;4004;1;2211001;22;2;53.15094339622642
2017;513;5;1;10028;4004;1;2211001;22;2;53.15094339622642
2017;513;5;1;10028;4004;1;2211001;22;2;53.15094339622642
2017;513;5;1;10028;4004;1;2211001;22;2;53.15094339622642
2017;513;5;1;10028;4004;1;2211001;22;2;53.15094339622642
2017;513;5;1;10028;4004;1;2211001;22;2;53.15094339622642
2017;513;5;1;10028;4004;1;2211001;22;2;53.15094339622642
2017;513;5;1;10028;4004;1;2211001;22;2;53.15094339622642
2017;513;5;1;10028;4004;1;2211001;22;2;53.15094339622642
2017;513;5;1;10028;4004;1;2211001;22;2;53.15094339622642
2017;513;5;1;10028;4004;1;2211001;22;2;53.15094339622642
2017;968;11;5;10028;4004;1;2611606;26;2;55.39729729729729
2017;968;11;5;10028;4004;1;2611606;26;2;55.39729729729729
2017;968;11;5;10028;4004;1;2611606;26;2;55.39729729729729
2017;968;11;5;10028;4004;1;2611606;26;2;55.39729729729729
2017;968;11;5;10028;4004;1;2611606;26;2;55.39729729729729
2017;968;11;5;10028;4004;1;2611606;26;2;55.39729729729729
2017;968;11;5;10028;4004;1;2611606;26;2;55.39729729729729
2017;968;11;5;10028;4004;1;2611606;26;2;55.39729729729729
2017;968;11;5;10028;4004;1;2611606;26;2;55.39729729729729
2017;968;11;5;10028;4004;1;2611606;26;2;55.39729729729729
2017;968;11;5;10028;4004;1;2611606;26;2;55.39729729729729
2017;968;11;5;10028;4004;1;2611606;26;2;55.39729729729729
2017;968;11;5;10028;4004;1;2611606;26;2;55.39729729729729
2017;968;11;5;10028;4004;1;2611606;26;2;55.39729729729729
2017;968;11;5;10028;4004;1;2611606;26;2;55.39729729729729
2017;968;11;5;10028;4004;1;2611606;26;2;55.39729729729729
2017;968;11;5;10028;4004;1;2611606;26;2;55.39729729729729
2017;968;11;5;10028;4004;1;2611606;26;2;55.39729729729729
2017;968;11;5;10028;4004;1;2611606;26;2;55.39729729729729
2017;968;11;5;10028;4004;1;2611606;26;2;55.39729729729729
2017;968;11;5;10028;4004;1;2611606;26;2;55.39729729729729
2017;968;11;5;10028;4004;1;2611606;26;2;55.39729729729729
2017;968;11;5;10028;4004;1;2611606;26;2;55.39729729729729
2017;968;11;5;10028;4004;1;2611606;26;2;55.39729729729729
2017;968;11;5;10028;4004;1;2611606;26;2;55.39729729729729
2017;968;11;5;10028;4004;1;2611606;26;2;55.39729729729729
2017;968;11;5;10028;4004;1;2611606;26;2;55.39729729729729
2017;968;11;5;10028;4004;1;2611606;26;2;55.39729729729729
2017;968;11;5;10028;4004;1;2611606;26;2;55.39729729729729
2017;968;11;5;10028;4004;1;2611606;26;2;55.39729729729729
2017;968;11;5;10028;4004;1;2611606;26;2;55.39729729729729
2017;968;11;5;10028;4004;1;2611606;26;2;55.39729729729729
2017;968;11;5;10028;4004;1;2611606;26;2;55.39729729729729
2017;968;11;5;10028;4004;1;2611606;26;2;55.39729729729729
2017;968;11;5;10028;4004;1;2611606;26;2;55.39729729729729
2017;968;11;5;10028;4004;1;2611606;26;2;55.39729729729729
2017;968;11;5;10028;4004;1;2611606;26;2;55.39729729729729
2017;968;11;5;10028;4004;1;2611606;26;2;55.39729729729729
2017;968;11;5;10028;4004;1;2611606;26;2;55.39729729729729
2017;968;11;5;10028;4004;1;2611606;26;2;55.39729729729729
2017;968;11;5;10028;4004;1;2611606;26;2;55.39729729729729
2017;968;11;5;10028;4004;1;2611606;26;2;55.39729729729729
2017;968;11;5;10028;4004;1;2611606;26;2;55.39729729729729
2017;968;11;5;10028;4004;1;2611606;26;2;55.39729729729729
2017;968;11;5;10028;4004;1;2611606;26;2;55.39729729729729
2017;968;11;5;10028;4004;1;2611606;26;2;55.39729729729729
2017;968;11;5;10028;4004;1;2611606;26;2;55.39729729729729
2017;968;11;5;10028;4004;1;2611606;26;2;55.39729729729729
2017;968;11;5;10028;4004;1;2611606;26;2;55.39729729729729
2017;2209;29;2;10028;4004;1;2304400;23;2;52.94925373134328
2017;2209;29;2;10028;4004;1;2304400;23;2;52.94925373134328
2017;2209;29;2;10028;4004;1;2304400;23;2;52.94925373134328
2017;2209;29;2;10028;4004;1;2304400;23;2;52.94925373134328
2017;2209;29;2;10028;4004;1;2304400;23;2;52.94925373134328
2017;2209;29;2;10028;4004;1;2304400;23;2;52.94925373134328
2017;2209;29;2;10028;4004;1;2304400;23;2;52.94925373134328
2017;2209;29;2;10028;4004;1;2304400;23;2;52.94925373134328
2017;2209;29;2;10028;4004;1;2304400;23;2;52.94925373134328
2017;2209;29;2;10028;4004;1;2304400;23;2;52.94925373134328
2017;2209;29;2;10028;4004;1;2304400;23;2;52.94925373134328
2017;2209;29;2;10028;4004;1;2304400;23;2;52.94925373134328
2017;2209;29;2;10028;4004;1;2304400;23;2;52.94925373134328
2017;2209;29;2;10028;4004;1;2304400;23;2;52.94925373134328
2017;2209;29;2;10028;4004;1;2304400;23;2;52.94925373134328
2017;2209;29;2;10028;4004;1;2304400;23;2;52.94925373134328
2017;2209;29;2;10028;4004;1;2304400;23;2;52.94925373134328
2017;2209;29;2;10028;4004;1;2304400;23;2;52.94925373134328
2017;2209;29;2;10028;4004;1;2304400;23;2;52.94925373134328
2017;2209;29;2;10028;4004;1;2304400;23;2;52.94925373134328
2017;2209;29;2;10028;4004;1;2304400;23;2;52.94925373134328
2017;2209;29;2;10028;4004;1;2304400;23;2;52.94925373134328
2017;2209;29;2;10028;4004;1;2304400;23;2;52.94925373134328
2017;2209;29;2;10028;4004;1;2304400;23;2;52.94925373134328
2017;2209;29;2;10028;4004;1;2304400;23;2;52.94925373134328
2017;2209;29;2;10028;4004;1;2304400;23;2;52.94925373134328
2017;2209;29;2;10028;4004;1;2304400;23;2;52.94925373134328
2017;2209;29;2;10028;4004;1;2304400;23;2;52.94925373134328
2017;2209;29;2;10028;4004;1;2304400;23;2;52.94925373134328
2017;2209;29;2;10028;4004;1;2304400;23;2;52.94925373134328
2017;2209;29;2;10028;4004;1;2304400;23;2;52.94925373134328
2017;2209;29;2;10028;4004;1;2304400;23;2;52.94925373134328
2017;2209;29;2;10028;4004;1;2304400;23;2;52.94925373134328
2017;2209;29;2;10028;4004;1;2304400;23;2;52.94925373134328
2017;2209;29;2;10028;4004;1;2304400;23;2;52.94925373134328
2017;2209;29;2;10028;4004;1;2304400;23;2;52.94925373134328
2017;2209;29;2;10028;4004;1;2304400;23;2;52.94925373134328
2017;2209;29;2;10028;4004;1;2304400;23;2;52.94925373134328
2017;2209;29;2;10028;4004;1;2304400;23;2;52.94925373134328
2017;2209;29;2;10028;4004;1;2304400;23;2;52.94925373134328
2017;2209;29;2;10028;4004;1;2304400;23;2;52.94925373134328
2017;2209;29;2;10028;4004;1;2304400;23;2;52.94925373134328
2017;2209;29;2;10028;4004;1;2304400;23;2;52.94925373134328
2017;2209;29;2;10028;4004;1;2304400;23;2;52.94925373134328
2017;2209;29;2;10028;4004;1;2304400;23;2;52.94925373134328
2017;2209;29;2;10028;4004;1;2304400;23;2;52.94925373134328
2017;2209;29;2;10028;4004;1;2304400;23;2;52.94925373134328
2017;2209;29;2;10028;4004;1;2304400;23;2;52.94925373134328
2017;2209;29;2;10028;4004;1;2304400;23;2;52.94925373134328
2017;2209;29;2;10028;4004;1;2304400;23;2;52.94925373134328
2017;2209;29;2;10028;4004;1;2304400;23;2;52.94925373134328
2017;2209;29;2;10028;4004;1;2304400;23;2;52.94925373134328
2017;2209;29;2;10028;4004;1;2304400;23;2;52.94925373134328
2017;2209;29;2;10028;4004;1;2304400;23;2;52.94925373134328
2017;2209;29;2;10028;4004;1;2304400;23;2;52.94925373134328
2017;2209;29;2;10028;4004;1;2304400;23;2;52.94925373134328
2017;2209;29;2;10028;4004;1;2304400;23;2;52.94925373134328
2017;2209;29;2;10028;4004;1;2304400;23;2;52.94925373134328
2017;2209;29;2;10028;4004;1;2304400;23;2;52.94925373134328
2017;2209;29;2;10028;4004;1;2304400;23;2;52.94925373134328
2017;2209;29;2;10028;4004;1;2304400;23;2;52.94925373134328
2017;2209;29;2;10028;4004;1;2304400;23;2;52.94925373134328
2017;2209;29;2;10028;4004;1;2304400;23;2;52.94925373134328
2017;2209;29;2;10028;4004;1;2304400;23;2;52.94925373134328
2017;2209;29;2;10028;4004;1;2304400;23;2;52.94925373134328
2017;2209;29;2;10028;4004;1;2304400;23;2;52.94925373134328
2017;2209;29;2;10028;4004;1;2304400;23;2;52.94925373134328
2017;2209;29;2;10028;4004;1;2304400;23;2;52.94925373134328
2017;2209;29;2;10028;4004;1;2304400;23;2;52.94925373134328
2017;2209;29;2;10028;4004;1;2304400;23;2;52.94925373134328
2017;2209;29;2;10028;4004;1;2304400;23;2;52.94925373134328
2017;2209;29;2;10028;4004;1;2304400;23;2;52.94925373134328
2017;2209;29;2;10028;4004;1;2304400;23;2;52.94925373134328
2017;2209;29;2;10028;4004;1;2304400;23;2;52.94925373134328
2017;2209;29;2;10028;4004;1;2304400;23;2;52.94925373134328
2017;2209;29;2;10028;4004;1;2304400;23;2;52.94925373134328
2017;2209;29;2;10028;4004;1;2304400;23;2;52.94925373134328
2017;2209;29;2;10028;4004;1;2304400;23;2;52.94925373134328
2017;11452;548;1;10028;4004;1;2111300;21;2;61.61621621621622
2017;11452;548;1;10028;4004;1;2111300;21;2;61.61621621621622
2017;11452;548;1;10028;4004;1;2111300;21;2;61.61621621621622
2017;11452;548;1;10028;4004;1;2111300;21;2;61.61621621621622
2017;11452;548;1;10028;4004;1;2111300;21;2;61.61621621621622
2017;11452;548;1;10028;4004;1;2111300;21;2;61.61621621621622
2017;11452;548;1;10028;4004;1;2111300;21;2;61.61621621621622
2017;11452;548;1;10028;4004;1;2111300;21;2;61.61621621621622
2017;11452;548;1;10028;4004;1;2111300;21;2;61.61621621621622
2017;11452;548;1;10028;4004;1;2111300;21;2;61.61621621621622
2017;11452;548;1;10028;4004;1;2111300;21;2;61.61621621621622
2017;11452;548;1;10028;4004;1;2111300;21;2;61.61621621621622
2017;11452;548;1;10028;4004;1;2111300;21;2;61.61621621621622
2017;11452;548;1;10028;4004;1;2111300;21;2;61.61621621621622
2017;11452;548;1;10028;4004;1;2111300;21;2;61.61621621621622
2017;11452;548;1;10028;4004;1;2111300;21;2;61.61621621621622
2017;11452;548;1;10028;4004;1;2111300;21;2;61.61621621621622
2017;11452;548;1;10028;4004;1;2111300;21;2;61.61621621621622
2017;11452;548;1;10028;4004;1;2111300;21;2;61.61621621621622
2017;11452;548;1;10028;4004;1;2111300;21;2;61.61621621621622
2017;11452;548;1;10028;4004;1;2111300;21;2;61.61621621621622
2017;11452;548;1;10028;4004;1;2111300;21;2;61.61621621621622
2017;11452;548;1;10028;4004;1;2111300;21;2;61.61621621621622
2017;11452;548;1;10028;4004;1;2111300;21;2;61.61621621621622
2017;11452;548;1;10028;4004;1;2111300;21;2;61.61621621621622
2017;11452;548;1;10028;4004;1;2111300;21;2;61.61621621621622
2017;11452;548;1;10028;4004;1;2111300;21;2;61.61621621621622
2017;11452;548;1;10028;4004;1;2111300;21;2;61.61621621621622
2017;11452;548;1;10028;4004;1;2111300;21;2;61.61621621621622
2017;11452;548;1;10028;4004;1;2111300;21;2;61.61621621621622
2017;11452;548;1;10028;4004;1;2111300;21;2;61.61621621621622
2017;11452;548;1;10028;4004;1;2111300;21;2;61.61621621621622
2017;11452;548;1;10028;4004;1;2111300;21;2;61.61621621621622
2017;11452;548;1;10028;4004;1;2111300;21;2;61.61621621621622
2017;11452;548;1;10028;4004;1;2111300;21;2;61.61621621621622
2017;11452;548;1;10028;4004;1;2111300;21;2;61.61621621621622
2017;11452;548;1;10028;4004;1;2111300;21;2;61.61621621621622
2017;11452;548;1;10028;4004;1;2111300;21;2;61.61621621621622
2017;11452;548;1;10028;4004;1;2111300;21;2;61.61621621621622
2017;11730;555;5;10028;4004;1;2304400;23;2;49.331746031746036
2017;11730;555;5;10028;4004;1;2304400;23;2;49.331746031746036
2017;11730;555;5;10028;4004;1;2304400;23;2;49.331746031746036
2017;11730;555;5;10028;4004;1;2304400;23;2;49.331746031746036
2017;11730;555;5;10028;4004;1;2304400;23;2;49.331746031746036
2017;11730;555;5;10028;4004;1;2304400;23;2;49.331746031746036
2017;11730;555;5;10028;4004;1;2304400;23;2;49.331746031746036
2017;11730;555;5;10028;4004;1;2304400;23;2;49.331746031746036
2017;11730;555;5;10028;4004;1;2304400;23;2;49.331746031746036
2017;11730;555;5;10028;4004;1;2304400;23;2;49.331746031746036
2017;11730;555;5;10028;4004;1;2304400;23;2;49.331746031746036
2017;11730;555;5;10028;4004;1;2304400;23;2;49.331746031746036
2017;11730;555;5;10028;4004;1;2304400;23;2;49.331746031746036
2017;11730;555;5;10028;4004;1;2304400;23;2;49.331746031746036
2017;11730;555;5;10028;4004;1;2304400;23;2;49.331746031746036
2017;11730;555;5;10028;4004;1;2304400;23;2;49.331746031746036
2017;11730;555;5;10028;4004;1;2304400;23;2;49.331746031746036
2017;11730;555;5;10028;4004;1;2304400;23;2;49.331746031746036
2017;11730;555;5;10028;4004;1;2304400;23;2;49.331746031746036
2017;11730;555;5;10028;4004;1;2304400;23;2;49.331746031746036
2017;11730;555;5;10028;4004;1;2304400;23;2;49.331746031746036
2017;11730;555;5;10028;4004;1;2304400;23;2;49.331746031746036
2017;11730;555;5;10028;4004;1;2304400;23;2;49.331746031746036
2017;11730;555;5;10028;4004;1;2304400;23;2;49.331746031746036
2017;11730;555;5;10028;4004;1;2304400;23;2;49.331746031746036
2017;11730;555;5;10028;4004;1;2304400;23;2;49.331746031746036
2017;11730;555;5;10028;4004;1;2304400;23;2;49.331746031746036
2017;11730;555;5;10028;4004;1;2304400;23;2;49.331746031746036
2017;11730;555;5;10028;4004;1;2304400;23;2;49.331746031746036
2017;11730;555;5;10028;4004;1;2304400;23;2;49.331746031746036
2017;11730;555;5;10028;4004;1;2304400;23;2;49.331746031746036
2017;11730;555;5;10028;4004;1;2304400;23;2;49.331746031746036
2017;11730;555;5;10028;4004;1;2304400;23;2;49.331746031746036
2017;11730;555;5;10028;4004;1;2304400;23;2;49.331746031746036
2017;11730;555;5;10028;4004;1;2304400;23;2;49.331746031746036
2017;11730;555;5;10028;4004;1;2304400;23;2;49.331746031746036
2017;11730;555;5;10028;4004;1;2304400;23;2;49.331746031746036
2017;11730;555;5;10028;4004;1;2304400;23;2;49.331746031746036
2017;11730;555;5;10028;4004;1;2304400;23;2;49.331746031746036
2017;11730;555;5;10028;4004;1;2304400;23;2;49.331746031746036
2017;11730;555;5;10028;4004;1;2304400;23;2;49.331746031746036
2017;11730;555;5;10028;4004;1;2304400;23;2;49.331746031746036
2017;11730;555;5;10028;4004;1;2304400;23;2;49.331746031746036
2017;11730;555;5;10028;4004;1;2304400;23;2;49.331746031746036
2017;11730;555;5;10028;4004;1;2304400;23;2;49.331746031746036
2017;11730;555;5;10028;4004;1;2304400;23;2;49.331746031746036
2017;11730;555;5;10028;4004;1;2304400;23;2;49.331746031746036
2017;11730;555;5;10028;4004;1;2304400;23;2;49.331746031746036
2017;11730;555;5;10028;4004;1;2304400;23;2;49.331746031746036
2017;11730;555;5;10028;4004;1;2304400;23;2;49.331746031746036
2017;11730;555;5;10028;4004;1;2304400;23;2;49.331746031746036
2017;11730;555;5;10028;4004;1;2304400;23;2;49.331746031746036
2017;11730;555;5;10028;4004;1;2304400;23;2;49.331746031746036
2017;11730;555;5;10028;4004;1;2304400;23;2;49.331746031746036
2017;11730;555;5;10028;4004;1;2304400;23;2;49.331746031746036
2017;11730;555;5;10028;4004;1;2304400;23;2;49.331746031746036
2017;11730;555;5;10028;4004;1;2304400;23;2;49.331746031746036
2017;11730;555;5;10028;4004;1;2304400;23;2;49.331746031746036
2017;11730;555;5;10028;4004;1;2304400;23;2;49.331746031746036
2017;11730;555;5;10028;4004;1;2304400;23;2;49.331746031746036
2017;11730;555;5;10028;4004;1;2304400;23;2;49.331746031746036
2017;11730;555;5;10028;4004;1;2304400;23;2;49.331746031746036
2017;11730;555;5;10028;4004;1;2304400;23;2;49.331746031746036
2017;11730;555;5;10028;4004;1;2304400;23;2;49.331746031746036
2017;11730;555;5;10028;4004;1;2304400;23;2;49.331746031746036
2017;11730;555;5;10028;4004;1;2304400;23;2;49.331746031746036
2017;11730;555;5;10028;4004;1;2304400;23;2;49.331746031746036
2017;11730;555;5;10028;4004;1;2304400;23;2;49.331746031746036
2017;11730;555;5;10028;4004;1;2304400;23;2;49.331746031746036
2017;11730;555;5;10028;4004;1;2304400;23;2;49.331746031746036
2017;11730;555;5;10028;4004;1;2304400;23;2;49.331746031746036
2017;11730;555;5;10028;4004;1;2304400;23;2;49.331746031746036
2017;11730;555;5;10028;4004;1;2304400;23;2;49.331746031746036
2017;11730;555;5;10028;4004;1;2304400;23;2;49.331746031746036
2017;11730;555;5;10028;4004;1;2304400;23;2;49.331746031746036
2017;11730;555;5;10028;4004;1;2304400;23;2;49.331746031746036
2017;11730;555;5;10028;4004;1;2304400;23;2;49.331746031746036
2017;12025;569;1;10028;4004;1;1501402;15;1;57.95882352941177
2017;12025;569;1;10028;4004;1;1501402;15;1;57.95882352941177
2017;12025;569;1;10028;4004;1;1501402;15;1;57.95882352941177
2017;12025;569;1;10028;4004;1;1501402;15;1;57.95882352941177
2017;12025;569;1;10028;4004;1;1501402;15;1;57.95882352941177
2017;12025;569;1;10028;4004;1;1501402;15;1;57.95882352941177
2017;12025;569;1;10028;4004;1;1501402;15;1;57.95882352941177
2017;12025;569;1;10028;4004;1;1501402;15;1;57.95882352941177
2017;12025;569;1;10028;4004;1;1501402;15;1;57.95882352941177
2017;12025;569;1;10028;4004;1;1501402;15;1;57.95882352941177
2017;12025;569;1;10028;4004;1;1501402;15;1;57.95882352941177
2017;12025;569;1;10028;4004;1;1501402;15;1;57.95882352941177
2017;12025;569;1;10028;4004;1;1501402;15;1;57.95882352941177
2017;12025;569;1;10028;4004;1;1501402;15;1;57.95882352941177
2017;12025;569;1;10028;4004;1;1501402;15;1;57.95882352941177
2017;12025;569;1;10028;4004;1;1501402;15;1;57.95882352941177
2017;12025;569;1;10028;4004;1;1501402;15;1;57.95882352941177
2017;12025;569;1;10028;4004;1;1501402;15;1;57.95882352941177
2017;12025;569;1;10028;4004;1;1501402;15;1;57.95882352941177
2017;12025;569;1;10028;4004;1;1501402;15;1;57.95882352941177
2017;12025;569;1;10028;4004;1;1501402;15;1;57.95882352941177
2017;12025;569;1;10028;4004;1;1501402;15;1;57.95882352941177
2017;12025;569;1;10028;4004;1;1501402;15;1;57.95882352941177
2017;12025;569;1;10028;4004;1;1501402;15;1;57.95882352941177
2017;12025;569;1;10028;4004;1;1501402;15;1;57.95882352941177
2017;12025;569;1;10028;4004;1;1501402;15;1;57.95882352941177
2017;12025;569;1;10028;4004;1;1501402;15;1;57.95882352941177
2017;12025;569;1;10028;4004;1;1501402;15;1;57.95882352941177
2017;12025;569;1;10028;4004;1;1501402;15;1;57.95882352941177
2017;12025;569;1;10028;4004;1;1501402;15;1;57.95882352941177
2017;12025;569;1;10028;4004;1;1501402;15;1;57.95882352941177
2017;12025;569;1;10028;4004;1;1501402;15;1;57.95882352941177
2017;12025;569;1;10028;4004;1;1501402;15;1;57.95882352941177
2017;12025;569;1;10028;4004;1;1501402;15;1;57.95882352941177
2017;12025;569;1;10028;4004;1;1501402;15;1;57.95882352941177
2017;12025;569;1;10028;4004;1;1501402;15;1;57.95882352941177
2017;12025;569;1;10028;4004;1;1501402;15;1;57.95882352941177
2017;12025;569;1;10028;4004;1;1501402;15;1;57.95882352941177
2017;12025;569;1;10028;4004;1;1501402;15;1;57.95882352941177
2017;12025;569;1;10028;4004;1;1501402;15;1;57.95882352941177
2017;12025;569;1;10028;4004;1;1501402;15;1;57.95882352941177
2017;12025;569;1;10028;4004;1;1501402;15;1;57.95882352941177
2017;12025;569;1;10028;4004;1;1501402;15;1;57.95882352941177
2017;12025;569;1;10028;4004;1;1501402;15;1;57.95882352941177
2017;12025;569;1;10028;4004;1;1501402;15;1;57.95882352941177
2017;12025;569;1;10028;4004;1;1501402;15;1;57.95882352941177
2017;12025;569;1;10028;4004;1;1501402;15;1;57.95882352941177
2017;12025;569;1;10028;4004;1;1501402;15;1;57.95882352941177
2017;12313;570;1;10028;4004;1;2408102;24;2;65.21333333333334
2017;12313;570;1;10028;4004;1;2408102;24;2;65.21333333333334
2017;12313;570;1;10028;4004;1;2408102;24;2;65.21333333333334
2017;12313;570;1;10028;4004;1;2408102;24;2;65.21333333333334
2017;12313;570;1;10028;4004;1;2408102;24;2;65.21333333333334
2017;12313;570;1;10028;4004;1;2408102;24;2;65.21333333333334
2017;12313;570;1;10028;4004;1;2408102;24;2;65.21333333333334
2017;12313;570;1;10028;4004;1;2408102;24;2;65.21333333333334
2017;12313;570;1;10028;4004;1;2408102;24;2;65.21333333333334
2017;12313;570;1;10028;4004;1;2408102;24;2;65.21333333333334
2017;12313;570;1;10028;4004;1;2408102;24;2;65.21333333333334
2017;12313;570;1;10028;4004;1;2408102;24;2;65.21333333333334
2017;12313;570;1;10028;4004;1;2408102;24;2;65.21333333333334
2017;12313;570;1;10028;4004;1;2408102;24;2;65.21333333333334
2017;12313;570;1;10028;4004;1;2408102;24;2;65.21333333333334
2017;12313;570;1;10028;4004;1;2408102;24;2;65.21333333333334
2017;12313;570;1;10028;4004;1;2408102;24;2;65.21333333333334
2017;12313;570;1;10028;4004;1;2408102;24;2;65.21333333333334
2017;12313;570;1;10028;4004;1;2408102;24;2;65.21333333333334
2017;12313;570;1;10028;4004;1;2408102;24;2;65.21333333333334
2017;12313;570;1;10028;4004;1;2408102;24;2;65.21333333333334
2017;12313;570;1;10028;4004;1;2408102;24;2;65.21333333333334
2017;12313;570;1;10028;4004;1;2408102;24;2;65.21333333333334
2017;12313;570;1;10028;4004;1;2408102;24;2;65.21333333333334
2017;12313;570;1;10028;4004;1;2408102;24;2;65.21333333333334
2017;12313;570;1;10028;4004;1;2408102;24;2;65.21333333333334
2017;12313;570;1;10028;4004;1;2408102;24;2;65.21333333333334
2017;12313;570;1;10028;4004;1;2408102;24;2;65.21333333333334
2017;12313;570;1;10028;4004;1;2408102;24;2;65.21333333333334
2017;12313;570;1;10028;4004;1;2408102;24;2;65.21333333333334
2017;12313;570;1;10028;4004;1;2408102;24;2;65.21333333333334
2017;12313;570;1;10028;4004;1;2408102;24;2;65.21333333333334
2017;12313;570;1;10028;4004;1;2408102;24;2;65.21333333333334
2017;12313;570;1;10028;4004;1;2408102;24;2;65.21333333333334
2017;13216;577;1;10028;4004;1;2704302;27;2;58.916666666666664
2017;13216;577;1;10028;4004;1;2704302;27;2;58.916666666666664
2017;13216;577;1;10028;4004;1;2704302;27;2;58.916666666666664
2017;13216;577;1;10028;4004;1;2704302;27;2;58.916666666666664
2017;13216;577;1;10028;4004;1;2704302;27;2;58.916666666666664
2017;13216;577;1;10028;4004;1;2704302;27;2;58.916666666666664
2017;13216;577;1;10028;4004;1;2704302;27;2;58.916666666666664
2017;13216;577;1;10028;4004;1;2704302;27;2;58.916666666666664
2017;13216;577;1;10028;4004;1;2704302;27;2;58.916666666666664
2017;13216;577;1;10028;4004;1;2704302;27;2;58.916666666666664
2017;13216;577;1;10028;4004;1;2704302;27;2;58.916666666666664
2017;13216;577;1;10028;4004;1;2704302;27;2;58.916666666666664
2017;13216;577;1;10028;4004;1;2704302;27;2;58.916666666666664
2017;13216;577;1;10028;4004;1;2704302;27;2;58.916666666666664
2017;13216;577;1;10028;4004;1;2704302;27;2;58.916666666666664
2017;13216;577;1;10028;4004;1;2704302;27;2;58.916666666666664
2017;13216;577;1;10028;4004;1;2704302;27;2;58.916666666666664
2017;13216;577;1;10028;4004;1;2704302;27;2;58.916666666666664
2017;13216;577;1;10028;4004;1;2704302;27;2;58.916666666666664
2017;13216;577;1;10028;4004;1;2704302;27;2;58.916666666666664
2017;13216;577;1;10028;4004;1;2704302;27;2;58.916666666666664
2017;13216;577;1;10028;4004;1;2704302;27;2;58.916666666666664
2017;13216;577;1;10028;4004;1;2704302;27;2;58.916666666666664
2017;13216;577;1;10028;4004;1;2704302;27;2;58.916666666666664
2017;13216;577;1;10028;4004;1;2704302;27;2;58.916666666666664
2017;13216;577;1;10028;4004;1;2704302;27;2;58.916666666666664
2017;13216;577;1;10028;4004;1;2704302;27;2;58.916666666666664
2017;13216;577;1;10028;4004;1;2704302;27;2;58.916666666666664
2017;13216;577;1;10028;4004;1;2704302;27;2;58.916666666666664
2017;13216;577;1;10028;4004;1;2704302;27;2;58.916666666666664
2017;13216;577;1;10028;4004;1;2704302;27;2;58.916666666666664
2017;13216;577;1;10028;4004;1;2704302;27;2;58.916666666666664
2017;13216;577;1;10028;4004;1;2704302;27;2;58.916666666666664
2017;13216;577;1;10028;4004;1;2704302;27;2;58.916666666666664
2017;13277;578;1;10028;4004;1;2927408;29;2;53.129411764705885
2017;13277;578;1;10028;4004;1;2927408;29;2;53.129411764705885
2017;13277;578;1;10028;4004;1;2927408;29;2;53.129411764705885
2017;13277;578;1;10028;4004;1;2927408;29;2;53.129411764705885
2017;13277;578;1;10028;4004;1;2927408;29;2;53.129411764705885
2017;13277;578;1;10028;4004;1;2927408;29;2;53.129411764705885
2017;13277;578;1;10028;4004;1;2927408;29;2;53.129411764705885
2017;13277;578;1;10028;4004;1;2927408;29;2;53.129411764705885
2017;13277;578;1;10028;4004;1;2927408;29;2;53.129411764705885
2017;13277;578;1;10028;4004;1;2927408;29;2;53.129411764705885
2017;13277;578;1;10028;4004;1;2927408;29;2;53.129411764705885
2017;13277;578;1;10028;4004;1;2927408;29;2;53.129411764705885
2017;13277;578;1;10028;4004;1;2927408;29;2;53.129411764705885
2017;13277;578;1;10028;4004;1;2927408;29;2;53.129411764705885
2017;13277;578;1;10028;4004;1;2927408;29;2;53.129411764705885
2017;13277;578;1;10028;4004;1;2927408;29;2;53.129411764705885
2017;13277;578;1;10028;4004;1;2927408;29;2;53.129411764705885
2017;13277;578;1;10028;4004;1;2927408;29;2;53.129411764705885
2017;13277;578;1;10028;4004;1;2927408;29;2;53.129411764705885
2017;13277;578;1;10028;4004;1;2927408;29;2;53.129411764705885
2017;13277;578;1;10028;4004;1;2927408;29;2;53.129411764705885
2017;13277;578;1;10028;4004;1;2927408;29;2;53.129411764705885
2017;13277;578;1;10028;4004;1;2927408;29;2;53.129411764705885
2017;13277;578;1;10028;4004;1;2927408;29;2;53.129411764705885
2017;13277;578;1;10028;4004;1;2927408;29;2;53.129411764705885
2017;13277;578;1;10028;4004;1;2927408;29;2;53.129411764705885
2017;13277;578;1;10028;4004;1;2927408;29;2;53.129411764705885
2017;13277;578;1;10028;4004;1;2927408;29;2;53.129411764705885
2017;13277;578;1;10028;4004;1;2927408;29;2;53.129411764705885
2017;13277;578;1;10028;4004;1;2927408;29;2;53.129411764705885
2017;13277;578;1;10028;4004;1;2927408;29;2;53.129411764705885
2017;13277;578;1;10028;4004;1;2927408;29;2;53.129411764705885
2017;13277;578;1;10028;4004;1;2927408;29;2;53.129411764705885
2017;13277;578;1;10028;4004;1;2927408;29;2;53.129411764705885
2017;13277;578;1;10028;4004;1;2927408;29;2;53.129411764705885
2017;13277;578;1;10028;4004;1;2927408;29;2;53.129411764705885
2017;13277;578;1;10028;4004;1;2927408;29;2;53.129411764705885
2017;13277;578;1;10028;4004;1;2927408;29;2;53.129411764705885
2017;13277;578;1;10028;4004;1;2927408;29;2;53.129411764705885
2017;13277;578;1;10028;4004;1;2927408;29;2;53.129411764705885
2017;13277;578;1;10028;4004;1;2927408;29;2;53.129411764705885
2017;13277;578;1;10028;4004;1;2927408;29;2;53.129411764705885
2017;13277;578;1;10028;4004;1;2927408;29;2;53.129411764705885
2017;13277;578;1;10028;4004;1;2927408;29;2;53.129411764705885
2017;13277;578;1;10028;4004;1;2927408;29;2;53.129411764705885
2017;13277;578;1;10028;4004;1;2927408;29;2;53.129411764705885
2017;13277;578;1;10028;4004;1;2927408;29;2;53.129411764705885
2017;13277;578;1;10028;4004;1;2927408;29;2;53.129411764705885
2017;13277;578;1;10028;4004;1;2927408;29;2;53.129411764705885
2017;13277;578;1;10028;4004;1;2927408;29;2;53.129411764705885
2017;13277;578;1;10028;4004;1;2927408;29;2;53.129411764705885
2017;13277;578;1;10028;4004;1;2927408;29;2;53.129411764705885
2017;13277;578;1;10028;4004;1;2927408;29;2;53.129411764705885
2017;13277;578;1;10028;4004;1;2927408;29;2;53.129411764705885
2017;13277;578;1;10028;4004;1;2927408;29;2;53.129411764705885
2017;13277;578;1;10028;4004;1;2927408;29;2;53.129411764705885
2017;13277;578;1;10028;4004;1;2927408;29;2;53.129411764705885
2017;13277;578;1;10028;4004;1;2927408;29;2;53.129411764705885
2017;13277;578;1;10028;4004;1;2927408;29;2;53.129411764705885
2017;13277;578;1;10028;4004;1;2927408;29;2;53.129411764705885
2017;13277;578;1;10028;4004;1;2927408;29;2;53.129411764705885
2017;13277;578;1;10028;4004;1;2927408;29;2;53.129411764705885
2017;13277;578;1;10028;4004;1;2927408;29;2;53.129411764705885
2017;13277;578;1;10028;4004;1;2927408;29;2;53.129411764705885
2017;13277;578;1;10028;4004;1;2927408;29;2;53.129411764705885
2017;13277;578;1;10028;4004;1;2927408;29;2;53.129411764705885
2017;13277;578;1;10028;4004;1;2927408;29;2;53.129411764705885
2017;13277;578;1;10028;4004;1;2927408;29;2;53.129411764705885
2017;13277;578;1;10028;4004;1;2927408;29;2;53.129411764705885
2017;13277;578;1;10028;4004;1;2927408;29;2;53.129411764705885
2017;13277;578;1;10028;4004;1;2927408;29;2;53.129411764705885
2017;13277;578;1;10028;4004;1;2927408;29;2;53.129411764705885
2017;13277;578;1;10028;4004;1;2927408;29;2;53.129411764705885
2017;13277;578;1;10028;4004;1;2927408;29;2;53.129411764705885
2017;13277;578;1;10028;4004;1;2927408;29;2;53.129411764705885
2017;13277;578;1;10028;4004;1;2927408;29;2;53.129411764705885
2017;13277;578;1;10028;4004;1;2927408;29;2;53.129411764705885
2017;13277;578;1;10028;4004;1;2927408;29;2;53.129411764705885
2017;13277;578;1;10028;4004;1;2927408;29;2;53.129411764705885
2017;13277;578;1;10028;4004;1;2927408;29;2;53.129411764705885
2017;13277;578;1;10028;4004;1;2927408;29;2;53.129411764705885
2017;13277;578;1;10028;4004;1;2927408;29;2;53.129411764705885
2017;13401;579;1;10028;4004;1;2507507;25;2;57.508
2017;13401;579;1;10028;4004;1;2507507;25;2;57.508
2017;13401;579;1;10028;4004;1;2507507;25;2;57.508
2017;13401;579;1;10028;4004;1;2507507;25;2;57.508
2017;13401;579;1;10028;4004;1;2507507;25;2;57.508
2017;13401;579;1;10028;4004;1;2507507;25;2;57.508
2017;13401;579;1;10028;4004;1;2507507;25;2;57.508
2017;13401;579;1;10028;4004;1;2507507;25;2;57.508
2017;13401;579;1;10028;4004;1;2507507;25;2;57.508
2017;13401;579;1;10028;4004;1;2507507;25;2;57.508
2017;13401;579;1;10028;4004;1;2507507;25;2;57.508
2017;13401;579;1;10028;4004;1;2507507;25;2;57.508
2017;13401;579;1;10028;4004;1;2507507;25;2;57.508
2017;13401;579;1;10028;4004;1;2507507;25;2;57.508
2017;13401;579;1;10028;4004;1;2507507;25;2;57.508
2017;13401;579;1;10028;4004;1;2507507;25;2;57.508
2017;13401;579;1;10028;4004;1;2507507;25;2;57.508
2017;13401;579;1;10028;4004;1;2507507;25;2;57.508
2017;13401;579;1;10028;4004;1;2507507;25;2;57.508
2017;13401;579;1;10028;4004;1;2507507;25;2;57.508
2017;13401;579;1;10028;4004;1;2507507;25;2;57.508
2017;13401;579;1;10028;4004;1;2507507;25;2;57.508
2017;13401;579;1;10028;4004;1;2507507;25;2;57.508
2017;13401;579;1;10028;4004;1;2507507;25;2;57.508
2017;13401;579;1;10028;4004;1;2507507;25;2;57.508
2017;13446;2564;1;10028;4004;1;2504009;25;2;59.116417910447765
2017;13446;2564;1;10028;4004;1;2504009;25;2;59.116417910447765
2017;13446;2564;1;10028;4004;1;2504009;25;2;59.116417910447765
2017;13446;2564;1;10028;4004;1;2504009;25;2;59.116417910447765
2017;13446;2564;1;10028;4004;1;2504009;25;2;59.116417910447765
2017;13446;2564;1;10028;4004;1;2504009;25;2;59.116417910447765
2017;13446;2564;1;10028;4004;1;2504009;25;2;59.116417910447765
2017;13446;2564;1;10028;4004;1;2504009;25;2;59.116417910447765
2017;13446;2564;1;10028;4004;1;2504009;25;2;59.116417910447765
2017;13446;2564;1;10028;4004;1;2504009;25;2;59.116417910447765
2017;13446;2564;1;10028;4004;1;2504009;25;2;59.116417910447765
2017;13446;2564;1;10028;4004;1;2504009;25;2;59.116417910447765
2017;13446;2564;1;10028;4004;1;2504009;25;2;59.116417910447765
2017;13446;2564;1;10028;4004;1;2504009;25;2;59.116417910447765
2017;13446;2564;1;10028;4004;1;2504009;25;2;59.116417910447765
2017;13446;2564;1;10028;4004;1;2504009;25;2;59.116417910447765
2017;13446;2564;1;10028;4004;1;2504009;25;2;59.116417910447765
2017;13446;2564;1;10028;4004;1;2504009;25;2;59.116417910447765
2017;13446;2564;1;10028;4004;1;2504009;25;2;59.116417910447765
2017;13446;2564;1;10028;4004;1;2504009;25;2;59.116417910447765
2017;13446;2564;1;10028;4004;1;2504009;25;2;59.116417910447765
2017;13446;2564;1;10028;4004;1;2504009;25;2;59.116417910447765
2017;13446;2564;1;10028;4004;1;2504009;25;2;59.116417910447765
2017;13446;2564;1;10028;4004;1;2504009;25;2;59.116417910447765
2017;13446;2564;1;10028;4004;1;2504009;25;2;59.116417910447765
2017;13446;2564;1;10028;4004;1;2504009;25;2;59.116417910447765
2017;13446;2564;1;10028;4004;1;2504009;25;2;59.116417910447765
2017;13446;2564;1;10028;4004;1;2504009;25;2;59.116417910447765
2017;13446;2564;1;10028;4004;1;2504009;25;2;59.116417910447765
2017;13446;2564;1;10028;4004;1;2504009;25;2;59.116417910447765
2017;13446;2564;1;10028;4004;1;2504009;25;2;59.116417910447765
2017;13446;2564;1;10028;4004;1;2504009;25;2;59.116417910447765
2017;13446;2564;1;10028;4004;1;2504009;25;2;59.116417910447765
2017;13446;2564;1;10028;4004;1;2504009;25;2;59.116417910447765
2017;13446;2564;1;10028;4004;1;2504009;25;2;59.116417910447765
2017;13446;2564;1;10028;4004;1;2504009;25;2;59.116417910447765
2017;13446;2564;1;10028;4004;1;2504009;25;2;59.116417910447765
2017;13446;2564;1;10028;4004;1;2504009;25;2;59.116417910447765
2017;13446;2564;1;10028;4004;1;2504009;25;2;59.116417910447765
2017;13446;2564;1;10028;4004;1;2504009;25;2;59.116417910447765
2017;13446;2564;1;10028;4004;1;2504009;25;2;59.116417910447765
2017;13446;2564;1;10028;4004;1;2504009;25;2;59.116417910447765
2017;13446;2564;1;10028;4004;1;2504009;25;2;59.116417910447765
2017;13446;2564;1;10028;4004;1;2504009;25;2;59.116417910447765
2017;13446;2564;1;10028;4004;1;2504009;25;2;59.116417910447765
2017;13446;2564;1;10028;4004;1;2504009;25;2;59.116417910447765
2017;13446;2564;1;10028;4004;1;2504009;25;2;59.116417910447765
2017;13446;2564;1;10028;4004;1;2504009;25;2;59.116417910447765
2017;13446;2564;1;10028;4004;1;2504009;25;2;59.116417910447765
2017;13446;2564;1;10028;4004;1;2504009;25;2;59.116417910447765
2017;13446;2564;1;10028;4004;1;2504009;25;2;59.116417910447765
2017;13446;2564;1;10028;4004;1;2504009;25;2;59.116417910447765
2017;13446;2564;1;10028;4004;1;2504009;25;2;59.116417910447765
2017;13446;2564;1;10028;4004;1;2504009;25;2;59.116417910447765
2017;13446;2564;1;10028;4004;1;2504009;25;2;59.116417910447765
2017;13446;2564;1;10028;4004;1;2504009;25;2;59.116417910447765
2017;13446;2564;1;10028;4004;1;2504009;25;2;59.116417910447765
2017;13446;2564;1;10028;4004;1;2504009;25;2;59.116417910447765
2017;13446;2564;1;10028;4004;1;2504009;25;2;59.116417910447765
2017;13446;2564;1;10028;4004;1;2504009;25;2;59.116417910447765
2017;13446;2564;1;10028;4004;1;2504009;25;2;59.116417910447765
2017;13446;2564;1;10028;4004;1;2504009;25;2;59.116417910447765
2017;13446;2564;1;10028;4004;1;2504009;25;2;59.116417910447765
2017;13446;2564;1;10028;4004;1;2504009;25;2;59.116417910447765
2017;13446;2564;1;10028;4004;1;2504009;25;2;59.116417910447765
2017;13446;2564;1;10028;4004;1;2504009;25;2;59.116417910447765
2017;13446;2564;1;10028;4004;1;2504009;25;2;59.116417910447765
2017;13446;2564;1;10028;4004;1;2504009;25;2;59.116417910447765
2017;13446;2564;1;10028;4004;1;2504009;25;2;59.116417910447765
2017;13595;580;1;10028;4004;1;2611606;26;2;59.42654867256637
2017;13595;580;1;10028;4004;1;2611606;26;2;59.42654867256637
2017;13595;580;1;10028;4004;1;2611606;26;2;59.42654867256637
2017;13595;580;1;10028;4004;1;2611606;26;2;59.42654867256637
2017;13595;580;1;10028;4004;1;2611606;26;2;59.42654867256637
2017;13595;580;1;10028;4004;1;2611606;26;2;59.42654867256637
2017;13595;580;1;10028;4004;1;2611606;26;2;59.42654867256637
2017;13595;580;1;10028;4004;1;2611606;26;2;59.42654867256637
2017;13595;580;1;10028;4004;1;2611606;26;2;59.42654867256637
2017;13595;580;1;10028;4004;1;2611606;26;2;59.42654867256637
2017;13595;580;1;10028;4004;1;2611606;26;2;59.42654867256637
2017;13595;580;1;10028;4004;1;2611606;26;2;59.42654867256637
2017;13595;580;1;10028;4004;1;2611606;26;2;59.42654867256637
2017;13595;580;1;10028;4004;1;2611606;26;2;59.42654867256637
2017;13595;580;1;10028;4004;1;2611606;26;2;59.42654867256637
2017;13595;580;1;10028;4004;1;2611606;26;2;59.42654867256637
2017;13595;580;1;10028;4004;1;2611606;26;2;59.42654867256637
2017;13595;580;1;10028;4004;1;2611606;26;2;59.42654867256637
2017;13595;580;1;10028;4004;1;2611606;26;2;59.42654867256637
2017;13595;580;1;10028;4004;1;2611606;26;2;59.42654867256637
2017;13595;580;1;10028;4004;1;2611606;26;2;59.42654867256637
2017;13595;580;1;10028;4004;1;2611606;26;2;59.42654867256637
2017;13595;580;1;10028;4004;1;2611606;26;2;59.42654867256637
2017;13595;580;1;10028;4004;1;2611606;26;2;59.42654867256637
2017;13595;580;1;10028;4004;1;2611606;26;2;59.42654867256637
2017;13595;580;1;10028;4004;1;2611606;26;2;59.42654867256637
2017;13595;580;1;10028;4004;1;2611606;26;2;59.42654867256637
2017;13595;580;1;10028;4004;1;2611606;26;2;59.42654867256637
2017;13595;580;1;10028;4004;1;2611606;26;2;59.42654867256637
2017;13595;580;1;10028;4004;1;2611606;26;2;59.42654867256637
2017;13595;580;1;10028;4004;1;2611606;26;2;59.42654867256637
2017;13595;580;1;10028;4004;1;2611606;26;2;59.42654867256637
2017;13595;580;1;10028;4004;1;2611606;26;2;59.42654867256637
2017;13595;580;1;10028;4004;1;2611606;26;2;59.42654867256637
2017;13595;580;1;10028;4004;1;2611606;26;2;59.42654867256637
2017;13595;580;1;10028;4004;1;2611606;26;2;59.42654867256637
2017;13595;580;1;10028;4004;1;2611606;26;2;59.42654867256637
2017;13595;580;1;10028;4004;1;2611606;26;2;59.42654867256637
2017;13595;580;1;10028;4004;1;2611606;26;2;59.42654867256637
2017;13595;580;1;10028;4004;1;2611606;26;2;59.42654867256637
2017;13595;580;1;10028;4004;1;2611606;26;2;59.42654867256637
2017;13595;580;1;10028;4004;1;2611606;26;2;59.42654867256637
2017;13595;580;1;10028;4004;1;2611606;26;2;59.42654867256637
2017;13595;580;1;10028;4004;1;2611606;26;2;59.42654867256637
2017;13595;580;1;10028;4004;1;2611606;26;2;59.42654867256637
2017;13595;580;1;10028;4004;1;2611606;26;2;59.42654867256637
2017;13595;580;1;10028;4004;1;2611606;26;2;59.42654867256637
2017;13595;580;1;10028;4004;1;2611606;26;2;59.42654867256637
2017;13595;580;1;10028;4004;1;2611606;26;2;59.42654867256637
2017;13595;580;1;10028;4004;1;2611606;26;2;59.42654867256637
2017;13595;580;1;10028;4004;1;2611606;26;2;59.42654867256637
2017;13595;580;1;10028;4004;1;2611606;26;2;59.42654867256637
2017;13595;580;1;10028;4004;1;2611606;26;2;59.42654867256637
2017;13595;580;1;10028;4004;1;2611606;26;2;59.42654867256637
2017;13595;580;1;10028;4004;1;2611606;26;2;59.42654867256637
2017;13595;580;1;10028;4004;1;2611606;26;2;59.42654867256637
2017;13595;580;1;10028;4004;1;2611606;26;2;59.42654867256637
2017;13595;580;1;10028;4004;1;2611606;26;2;59.42654867256637
2017;13595;580;1;10028;4004;1;2611606;26;2;59.42654867256637
2017;13595;580;1;10028;4004;1;2611606;26;2;59.42654867256637
2017;13595;580;1;10028;4004;1;2611606;26;2;59.42654867256637
2017;13595;580;1;10028;4004;1;2611606;26;2;59.42654867256637
2017;13595;580;1;10028;4004;1;2611606;26;2;59.42654867256637
2017;13595;580;1;10028;4004;1;2611606;26;2;59.42654867256637
2017;13595;580;1;10028;4004;1;2611606;26;2;59.42654867256637
2017;13595;580;1;10028;4004;1;2611606;26;2;59.42654867256637
2017;13595;580;1;10028;4004;1;2611606;26;2;59.42654867256637
2017;13595;580;1;10028;4004;1;2611606;26;2;59.42654867256637
2017;13595;580;1;10028;4004;1;2611606;26;2;59.42654867256637
2017;13595;580;1;10028;4004;1;2611606;26;2;59.42654867256637
2017;13595;580;1;10028;4004;1;2611606;26;2;59.42654867256637
2017;13595;580;1;10028;4004;1;2611606;26;2;59.42654867256637
2017;13595;580;1;10028;4004;1;2611606;26;2;59.42654867256637
2017;13595;580;1;10028;4004;1;2611606;26;2;59.42654867256637
2017;13595;580;1;10028;4004;1;2611606;26;2;59.42654867256637
2017;13595;580;1;10028;4004;1;2611606;26;2;59.42654867256637
2017;13595;580;1;10028;4004;1;2611606;26;2;59.42654867256637
2017;13595;580;1;10028;4004;1;2611606;26;2;59.42654867256637
2017;13595;580;1;10028;4004;1;2611606;26;2;59.42654867256637
2017;13595;580;1;10028;4004;1;2611606;26;2;59.42654867256637
2017;13595;580;1;10028;4004;1;2611606;26;2;59.42654867256637
2017;13595;580;1;10028;4004;1;2611606;26;2;59.42654867256637
2017;13595;580;1;10028;4004;1;2611606;26;2;59.42654867256637
2017;13595;580;1;10028;4004;1;2611606;26;2;59.42654867256637
2017;13595;580;1;10028;4004;1;2611606;26;2;59.42654867256637
2017;13595;580;1;10028;4004;1;2611606;26;2;59.42654867256637
2017;13595;580;1;10028;4004;1;2611606;26;2;59.42654867256637
2017;13595;580;1;10028;4004;1;2611606;26;2;59.42654867256637
2017;13595;580;1;10028;4004;1;2611606;26;2;59.42654867256637
2017;13595;580;1;10028;4004;1;2611606;26;2;59.42654867256637
2017;13595;580;1;10028;4004;1;2611606;26;2;59.42654867256637
2017;13595;580;1;10028;4004;1;2611606;26;2;59.42654867256637
2017;13595;580;1;10028;4004;1;2611606;26;2;59.42654867256637
2017;13595;580;1;10028;4004;1;2611606;26;2;59.42654867256637
2017;13595;580;1;10028;4004;1;2611606;26;2;59.42654867256637
2017;13595;580;1;10028;4004;1;2611606;26;2;59.42654867256637
2017;13595;580;1;10028;4004;1;2611606;26;2;59.42654867256637
2017;13595;580;1;10028;4004;1;2611606;26;2;59.42654867256637
2017;13595;580;1;10028;4004;1;2611606;26;2;59.42654867256637
2017;13595;580;1;10028;4004;1;2611606;26;2;59.42654867256637
2017;13595;580;1;10028;4004;1;2611606;26;2;59.42654867256637
2017;13595;580;1;10028;4004;1;2611606;26;2;59.42654867256637
2017;13595;580;1;10028;4004;1;2611606;26;2;59.42654867256637
2017;13595;580;1;10028;4004;1;2611606;26;2;59.42654867256637
2017;13595;580;1;10028;4004;1;2611606;26;2;59.42654867256637
2017;13595;580;1;10028;4004;1;2611606;26;2;59.42654867256637
2017;13595;580;1;10028;4004;1;2611606;26;2;59.42654867256637
2017;13595;580;1;10028;4004;1;2611606;26;2;59.42654867256637
2017;13595;580;1;10028;4004;1;2611606;26;2;59.42654867256637
2017;13595;580;1;10028;4004;1;2611606;26;2;59.42654867256637
2017;13595;580;1;10028;4004;1;2611606;26;2;59.42654867256637
2017;13595;580;1;10028;4004;1;2611606;26;2;59.42654867256637
2017;13595;580;1;10028;4004;1;2611606;26;2;59.42654867256637
2017;13595;580;1;10028;4004;1;2611606;26;2;59.42654867256637
2017;13595;580;1;10028;4004;1;2611606;26;2;59.42654867256637
2017;13595;580;1;10028;4004;1;2611606;26;2;59.42654867256637
2017;13595;580;1;10028;4004;1;2611606;26;2;59.42654867256637
2017;13595;580;1;10028;4004;1;2611606;26;2;59.42654867256637
2017;13595;580;1;10028;4004;1;2611606;26;2;59.42654867256637
2017;13595;580;1;10028;4004;1;2611606;26;2;59.42654867256637
2017;13595;580;1;10028;4004;1;2611606;26;2;59.42654867256637
2017;13595;580;1;10028;4004;1;2611606;26;2;59.42654867256637
2017;13980;583;1;10028;4004;1;2304400;23;2;65.11363636363636
2017;13980;583;1;10028;4004;1;2304400;23;2;65.11363636363636
2017;13980;583;1;10028;4004;1;2304400;23;2;65.11363636363636
2017;13980;583;1;10028;4004;1;2304400;23;2;65.11363636363636
2017;13980;583;1;10028;4004;1;2304400;23;2;65.11363636363636
2017;13980;583;1;10028;4004;1;2304400;23;2;65.11363636363636
2017;13980;583;1;10028;4004;1;2304400;23;2;65.11363636363636
2017;13980;583;1;10028;4004;1;2304400;23;2;65.11363636363636
2017;13980;583;1;10028;4004;1;2304400;23;2;65.11363636363636
2017;13980;583;1;10028;4004;1;2304400;23;2;65.11363636363636
2017;13980;583;1;10028;4004;1;2304400;23;2;65.11363636363636
2017;13980;583;1;10028;4004;1;2304400;23;2;65.11363636363636
2017;13980;583;1;10028;4004;1;2304400;23;2;65.11363636363636
2017;13980;583;1;10028;4004;1;2304400;23;2;65.11363636363636
2017;13980;583;1;10028;4004;1;2304400;23;2;65.11363636363636
2017;13980;583;1;10028;4004;1;2304400;23;2;65.11363636363636
2017;13980;583;1;10028;4004;1;2304400;23;2;65.11363636363636
2017;13980;583;1;10028;4004;1;2304400;23;2;65.11363636363636
2017;13980;583;1;10028;4004;1;2304400;23;2;65.11363636363636
2017;13980;583;1;10028;4004;1;2304400;23;2;65.11363636363636
2017;13980;583;1;10028;4004;1;2304400;23;2;65.11363636363636
2017;13980;583;1;10028;4004;1;2304400;23;2;65.11363636363636
2017;13980;583;1;10028;4004;1;2304400;23;2;65.11363636363636
2017;13980;583;1;10028;4004;1;2304400;23;2;65.11363636363636
2017;13980;583;1;10028;4004;1;2304400;23;2;65.11363636363636
2017;13980;583;1;10028;4004;1;2304400;23;2;65.11363636363636
2017;13980;583;1;10028;4004;1;2304400;23;2;65.11363636363636
2017;13980;583;1;10028;4004;1;2304400;23;2;65.11363636363636
2017;13980;583;1;10028;4004;1;2304400;23;2;65.11363636363636
2017;13980;583;1;10028;4004;1;2304400;23;2;65.11363636363636
2017;13980;583;1;10028;4004;1;2304400;23;2;65.11363636363636
2017;13980;583;1;10028;4004;1;2304400;23;2;65.11363636363636
2017;13980;583;1;10028;4004;1;2304400;23;2;65.11363636363636
2017;13980;583;1;10028;4004;1;2304400;23;2;65.11363636363636
2017;13980;583;1;10028;4004;1;2304400;23;2;65.11363636363636
2017;13980;583;1;10028;4004;1;2304400;23;2;65.11363636363636
2017;13980;583;1;10028;4004;1;2304400;23;2;65.11363636363636
2017;13980;583;1;10028;4004;1;2304400;23;2;65.11363636363636
2017;13980;583;1;10028;4004;1;2304400;23;2;65.11363636363636
2017;13980;583;1;10028;4004;1;2304400;23;2;65.11363636363636
2017;13980;583;1;10028;4004;1;2304400;23;2;65.11363636363636
2017;13980;583;1;10028;4004;1;2304400;23;2;65.11363636363636
2017;13980;583;1;10028;4004;1;2304400;23;2;65.11363636363636
2017;13980;583;1;10028;4004;1;2304400;23;2;65.11363636363636
2017;13980;583;1;10028;4004;1;2304400;23;2;65.11363636363636
2017;13980;583;1;10028;4004;1;2304400;23;2;65.11363636363636
2017;17898;1059;4;10022;4004;1;2304400;23;2;53.66153846153846
2017;17898;1059;4;10022;4004;1;2304400;23;2;53.66153846153846
2017;17898;1059;4;10022;4004;1;2304400;23;2;53.66153846153846
2017;17898;1059;4;10022;4004;1;2304400;23;2;53.66153846153846
2017;17898;1059;4;10022;4004;1;2304400;23;2;53.66153846153846
2017;17898;1059;4;10022;4004;1;2304400;23;2;53.66153846153846
2017;17898;1059;4;10022;4004;1;2304400;23;2;53.66153846153846
2017;17898;1059;4;10022;4004;1;2304400;23;2;53.66153846153846
2017;17898;1059;4;10022;4004;1;2304400;23;2;53.66153846153846
2017;17898;1059;4;10022;4004;1;2304400;23;2;53.66153846153846
2017;17898;1059;4;10022;4004;1;2304400;23;2;53.66153846153846
2017;17898;1059;4;10022;4004;1;2304400;23;2;53.66153846153846
2017;17898;1059;4;10022;4004;1;2304400;23;2;53.66153846153846
2017;17898;1059;4;10022;4004;1;2304400;23;2;53.66153846153846
2017;17898;1059;4;10022;4004;1;2304400;23;2;53.66153846153846
2017;18250;792;5;10020;4004;1;1501402;15;1;53.425925925925924
2017;18250;792;5;10020;4004;1;1501402;15;1;53.425925925925924
2017;18250;792;5;10020;4004;1;1501402;15;1;53.425925925925924
2017;18250;792;5;10020;4004;1;1501402;15;1;53.425925925925924
2017;18250;792;5;10020;4004;1;1501402;15;1;53.425925925925924
2017;18250;792;5;10020;4004;1;1501402;15;1;53.425925925925924
2017;18250;792;5;10020;4004;1;1501402;15;1;53.425925925925924
2017;18250;792;5;10020;4004;1;1501402;15;1;53.425925925925924
2017;18250;792;5;10020;4004;1;1501402;15;1;53.425925925925924
2017;18250;792;5;10020;4004;1;1501402;15;1;53.425925925925924
2017;18250;792;5;10020;4004;1;1501402;15;1;53.425925925925924
2017;18250;792;5;10020;4004;1;1501402;15;1;53.425925925925924
2017;18250;792;5;10020;4004;1;1501402;15;1;53.425925925925924
2017;18250;792;5;10020;4004;1;1501402;15;1;53.425925925925924
2017;18250;792;5;10020;4004;1;1501402;15;1;53.425925925925924
2017;18250;792;5;10020;4004;1;1501402;15;1;53.425925925925924
2017;18250;792;5;10020;4004;1;1501402;15;1;53.425925925925924
2017;18250;792;5;10020;4004;1;1501402;15;1;53.425925925925924
2017;18250;792;5;10020;4004;1;1501402;15;1;53.425925925925924
2017;18250;792;5;10020;4004;1;1501402;15;1;53.425925925925924
2017;18250;792;5;10020;4004;1;1501402;15;1;53.425925925925924
2017;18250;792;5;10020;4004;1;1501402;15;1;53.425925925925924
2017;18250;792;5;10020;4004;1;1501402;15;1;53.425925925925924
2017;18250;792;5;10020;4004;1;1501402;15;1;53.425925925925924
2017;18250;792;5;10020;4004;1;1501402;15;1;53.425925925925924
2017;18250;792;5;10020;4004;1;1501402;15;1;53.425925925925924
2017;18250;792;5;10020;4004;1;1501402;15;1;53.425925925925924
2017;18250;792;5;10020;4004;1;1501402;15;1;53.425925925925924
2017;18250;792;5;10020;4004;1;1501402;15;1;53.425925925925924
2017;18250;792;5;10020;4004;1;1501402;15;1;53.425925925925924
2017;18250;792;5;10020;4004;1;1501402;15;1;53.425925925925924
2017;18267;396;4;10022;4004;1;2927408;29;2;43.99090909090909
2017;18267;396;4;10022;4004;1;2927408;29;2;43.99090909090909
2017;18267;396;4;10022;4004;1;2927408;29;2;43.99090909090909
2017;18267;396;4;10022;4004;1;2927408;29;2;43.99090909090909
2017;18267;396;4;10022;4004;1;2927408;29;2;43.99090909090909
2017;18267;396;4;10022;4004;1;2927408;29;2;43.99090909090909
2017;18267;396;4;10022;4004;1;2927408;29;2;43.99090909090909
2017;18267;396;4;10022;4004;1;2927408;29;2;43.99090909090909
2017;18267;396;4;10022;4004;1;2927408;29;2;43.99090909090909
2017;18267;396;4;10022;4004;1;2927408;29;2;43.99090909090909
2017;18267;396;4;10022;4004;1;2927408;29;2;43.99090909090909
2017;18267;396;4;10022;4004;1;2927408;29;2;43.99090909090909
2017;18267;396;4;10022;4004;1;2927408;29;2;43.99090909090909
2017;18267;396;4;10022;4004;1;2927408;29;2;43.99090909090909
2017;18558;756;2;10028;4004;1;2207702;22;2;56.75217391304348
2017;18558;756;2;10028;4004;1;2207702;22;2;56.75217391304348
2017;18558;756;2;10028;4004;1;2207702;22;2;56.75217391304348
2017;18558;756;2;10028;4004;1;2207702;22;2;56.75217391304348
2017;18558;756;2;10028;4004;1;2207702;22;2;56.75217391304348
2017;18558;756;2;10028;4004;1;2207702;22;2;56.75217391304348
2017;18558;756;2;10028;4004;1;2207702;22;2;56.75217391304348
2017;18558;756;2;10028;4004;1;2207702;22;2;56.75217391304348
2017;18558;756;2;10028;4004;1;2207702;22;2;56.75217391304348
2017;18558;756;2;10028;4004;1;2207702;22;2;56.75217391304348
2017;18558;756;2;10028;4004;1;2207702;22;2;56.75217391304348
2017;18558;756;2;10028;4004;1;2207702;22;2;56.75217391304348
2017;18558;756;2;10028;4004;1;2207702;22;2;56.75217391304348
2017;18558;756;2;10028;4004;1;2207702;22;2;56.75217391304348
2017;18558;756;2;10028;4004;1;2207702;22;2;56.75217391304348
2017;18558;756;2;10028;4004;1;2207702;22;2;56.75217391304348
2017;18558;756;2;10028;4004;1;2207702;22;2;56.75217391304348
2017;18558;756;2;10028;4004;1;2207702;22;2;56.75217391304348
2017;18558;756;2;10028;4004;1;2207702;22;2;56.75217391304348
2017;18558;756;2;10028;4004;1;2207702;22;2;56.75217391304348
2017;18558;756;2;10028;4004;1;2207702;22;2;56.75217391304348
2017;18558;756;2;10028;4004;1;2207702;22;2;56.75217391304348
2017;18558;756;2;10028;4004;1;2207702;22;2;56.75217391304348
2017;18558;756;2;10028;4004;1;2207702;22;2;56.75217391304348
2017;18559;756;2;10028;4004;1;2211001;22;2;57.67272727272727
2017;18559;756;2;10028;4004;1;2211001;22;2;57.67272727272727
2017;18559;756;2;10028;4004;1;2211001;22;2;57.67272727272727
2017;18559;756;2;10028;4004;1;2211001;22;2;57.67272727272727
2017;18559;756;2;10028;4004;1;2211001;22;2;57.67272727272727
2017;18559;756;2;10028;4004;1;2211001;22;2;57.67272727272727
2017;18559;756;2;10028;4004;1;2211001;22;2;57.67272727272727
2017;18559;756;2;10028;4004;1;2211001;22;2;57.67272727272727
2017;18559;756;2;10028;4004;1;2211001;22;2;57.67272727272727
2017;18559;756;2;10028;4004;1;2211001;22;2;57.67272727272727
2017;18559;756;2;10028;4004;1;2211001;22;2;57.67272727272727
2017;18559;756;2;10028;4004;1;2211001;22;2;57.67272727272727
2017;18584;95;2;10028;4004;1;2312908;23;2;51.648979591836735
2017;18584;95;2;10028;4004;1;2312908;23;2;51.648979591836735
2017;18584;95;2;10028;4004;1;2312908;23;2;51.648979591836735
2017;18584;95;2;10028;4004;1;2312908;23;2;51.648979591836735
2017;18584;95;2;10028;4004;1;2312908;23;2;51.648979591836735
2017;18584;95;2;10028;4004;1;2312908;23;2;51.648979591836735
2017;18584;95;2;10028;4004;1;2312908;23;2;51.648979591836735
2017;18584;95;2;10028;4004;1;2312908;23;2;51.648979591836735
2017;18584;95;2;10028;4004;1;2312908;23;2;51.648979591836735
2017;18584;95;2;10028;4004;1;2312908;23;2;51.648979591836735
2017;18584;95;2;10028;4004;1;2312908;23;2;51.648979591836735
2017;18584;95;2;10028;4004;1;2312908;23;2;51.648979591836735
2017;18584;95;2;10028;4004;1;2312908;23;2;51.648979591836735
2017;18584;95;2;10028;4004;1;2312908;23;2;51.648979591836735
2017;18584;95;2;10028;4004;1;2312908;23;2;51.648979591836735
2017;18584;95;2;10028;4004;1;2312908;23;2;51.648979591836735
2017;18584;95;2;10028;4004;1;2312908;23;2;51.648979591836735
2017;18584;95;2;10028;4004;1;2312908;23;2;51.648979591836735
2017;18584;95;2;10028;4004;1;2312908;23;2;51.648979591836735
2017;18584;95;2;10028;4004;1;2312908;23;2;51.648979591836735
2017;18584;95;2;10028;4004;1;2312908;23;2;51.648979591836735
2017;18584;95;2;10028;4004;1;2312908;23;2;51.648979591836735
2017;18584;95;2;10028;4004;1;2312908;23;2;51.648979591836735
2017;18584;95;2;10028;4004;1;2312908;23;2;51.648979591836735
2017;18584;95;2;10028;4004;1;2312908;23;2;51.648979591836735
2017;18584;95;2;10028;4004;1;2312908;23;2;51.648979591836735
2017;18584;95;2;10028;4004;1;2312908;23;2;51.648979591836735
2017;18584;95;2;10028;4004;1;2312908;23;2;51.648979591836735
2017;18584;95;2;10028;4004;1;2312908;23;2;51.648979591836735
2017;18584;95;2;10028;4004;1;2312908;23;2;51.648979591836735
2017;18584;95;2;10028;4004;1;2312908;23;2;51.648979591836735
2017;18584;95;2;10028;4004;1;2312908;23;2;51.648979591836735
2017;18584;95;2;10028;4004;1;2312908;23;2;51.648979591836735
2017;18584;95;2;10028;4004;1;2312908;23;2;51.648979591836735
2017;18584;95;2;10028;4004;1;2312908;23;2;51.648979591836735
2017;18584;95;2;10028;4004;1;2312908;23;2;51.648979591836735
2017;18584;95;2;10028;4004;1;2312908;23;2;51.648979591836735
2017;18584;95;2;10028;4004;1;2312908;23;2;51.648979591836735
2017;18584;95;2;10028;4004;1;2312908;23;2;51.648979591836735
2017;18584;95;2;10028;4004;1;2312908;23;2;51.648979591836735
2017;18584;95;2;10028;4004;1;2312908;23;2;51.648979591836735
2017;18584;95;2;10028;4004;1;2312908;23;2;51.648979591836735
2017;18584;95;2;10028;4004;1;2312908;23;2;51.648979591836735
2017;18584;95;2;10028;4004;1;2312908;23;2;51.648979591836735
2017;18584;95;2;10028;4004;1;2312908;23;2;51.648979591836735
2017;18584;95;2;10028;4004;1;2312908;23;2;51.648979591836735
2017;18584;95;2;10028;4004;1;2312908;23;2;51.648979591836735
2017;18584;95;2;10028;4004;1;2312908;23;2;51.648979591836735
2017;18584;95;2;10028;4004;1;2312908;23;2;51.648979591836735
2017;18584;95;2;10028;4004;1;2312908;23;2;51.648979591836735
2017;18584;95;2;10028;4004;1;2312908;23;2;51.648979591836735
2017;18584;95;2;10028;4004;1;2312908;23;2;51.648979591836735
2017;18584;95;2;10028;4004;1;2312908;23;2;51.648979591836735
2017;18584;95;2;10028;4004;1;2312908;23;2;51.648979591836735
2017;18683;398;4;10028;4004;1;2800308;28;2;49.91153846153846
2017;18683;398;4;10028;4004;1;2800308;28;2;49.91153846153846
2017;18683;398;4;10028;4004;1;2800308;28;2;49.91153846153846
2017;18683;398;4;10028;4004;1;2800308;28;2;49.91153846153846
2017;18683;398;4;10028;4004;1;2800308;28;2;49.91153846153846
2017;18683;398;4;10028;4004;1;2800308;28;2;49.91153846153846
2017;18683;398;4;10028;4004;1;2800308;28;2;49.91153846153846
2017;18683;398;4;10028;4004;1;2800308;28;2;49.91153846153846
2017;18683;398;4;10028;4004;1;2800308;28;2;49.91153846153846
2017;18683;398;4;10028;4004;1;2800308;28;2;49.91153846153846
2017;18683;398;4;10028;4004;1;2800308;28;2;49.91153846153846
2017;18683;398;4;10028;4004;1;2800308;28;2;49.91153846153846
2017;18683;398;4;10028;4004;1;2800308;28;2;49.91153846153846
2017;18683;398;4;10028;4004;1;2800308;28;2;49.91153846153846
2017;18683;398;4;10028;4004;1;2800308;28;2;49.91153846153846
2017;18683;398;4;10028;4004;1;2800308;28;2;49.91153846153846
2017;18683;398;4;10028;4004;1;2800308;28;2;49.91153846153846
2017;18683;398;4;10028;4004;1;2800308;28;2;49.91153846153846
2017;18683;398;4;10028;4004;1;2800308;28;2;49.91153846153846
2017;18683;398;4;10028;4004;1;2800308;28;2;49.91153846153846
2017;18683;398;4;10028;4004;1;2800308;28;2;49.91153846153846
2017;18683;398;4;10028;4004;1;2800308;28;2;49.91153846153846
2017;18683;398;4;10028;4004;1;2800308;28;2;49.91153846153846
2017;18683;398;4;10028;4004;1;2800308;28;2;49.91153846153846
2017;18683;398;4;10028;4004;1;2800308;28;2;49.91153846153846
2017;18683;398;4;10028;4004;1;2800308;28;2;49.91153846153846
2017;18683;398;4;10028;4004;1;2800308;28;2;49.91153846153846
2017;18683;398;4;10028;4004;1;2800308;28;2;49.91153846153846
2017;18683;398;4;10028;4004;1;2800308;28;2;49.91153846153846
2017;18683;398;4;10028;4004;1;2800308;28;2;49.91153846153846
2017;19042;688;2;10028;4004;1;2933307;29;2;62.75666666666667
2017;19042;688;2;10028;4004;1;2933307;29;2;62.75666666666667
2017;19042;688;2;10028;4004;1;2933307;29;2;62.75666666666667
2017;19042;688;2;10028;4004;1;2933307;29;2;62.75666666666667
2017;19042;688;2;10028;4004;1;2933307;29;2;62.75666666666667
2017;19042;688;2;10028;4004;1;2933307;29;2;62.75666666666667
2017;19042;688;2;10028;4004;1;2933307;29;2;62.75666666666667
2017;19042;688;2;10028;4004;1;2933307;29;2;62.75666666666667
2017;19042;688;2;10028;4004;1;2933307;29;2;62.75666666666667
2017;19042;688;2;10028;4004;1;2933307;29;2;62.75666666666667
2017;19042;688;2;10028;4004;1;2933307;29;2;62.75666666666667
2017;19042;688;2;10028;4004;1;2933307;29;2;62.75666666666667
2017;19042;688;2;10028;4004;1;2933307;29;2;62.75666666666667
2017;19042;688;2;10028;4004;1;2933307;29;2;62.75666666666667
2017;19042;688;2;10028;4004;1;2933307;29;2;62.75666666666667
2017;19042;688;2;10028;4004;1;2933307;29;2;62.75666666666667
2017;19042;688;2;10028;4004;1;2933307;29;2;62.75666666666667
2017;19042;688;2;10028;4004;1;2933307;29;2;62.75666666666667
2017;19042;688;2;10028;4004;1;2933307;29;2;62.75666666666667
2017;19042;688;2;10028;4004;1;2933307;29;2;62.75666666666667
2017;19042;688;2;10028;4004;1;2933307;29;2;62.75666666666667
2017;19042;688;2;10028;4004;1;2933307;29;2;62.75666666666667
2017;19042;688;2;10028;4004;1;2933307;29;2;62.75666666666667
2017;19042;688;2;10028;4004;1;2933307;29;2;62.75666666666667
2017;19042;688;2;10028;4004;1;2933307;29;2;62.75666666666667
2017;19042;688;2;10028;4004;1;2933307;29;2;62.75666666666667
2017;19042;688;2;10028;4004;1;2933307;29;2;62.75666666666667
2017;19042;688;2;10028;4004;1;2933307;29;2;62.75666666666667
2017;19042;688;2;10028;4004;1;2933307;29;2;62.75666666666667
2017;19042;688;2;10028;4004;1;2933307;29;2;62.75666666666667
2017;19042;688;2;10028;4004;1;2933307;29;2;62.75666666666667
2017;19042;688;2;10028;4004;1;2933307;29;2;62.75666666666667
2017;19042;688;2;10028;4004;1;2933307;29;2;62.75666666666667
2017;19047;352;4;10020;4004;1;2507507;25;2;52.33396226415094
2017;19047;352;4;10020;4004;1;2507507;25;2;52.33396226415094
2017;19047;352;4;10020;4004;1;2507507;25;2;52.33396226415094
2017;19047;352;4;10020;4004;1;2507507;25;2;52.33396226415094
2017;19047;352;4;10020;4004;1;2507507;25;2;52.33396226415094
2017;19047;352;4;10020;4004;1;2507507;25;2;52.33396226415094
2017;19047;352;4;10020;4004;1;2507507;25;2;52.33396226415094
2017;19047;352;4;10020;4004;1;2507507;25;2;52.33396226415094
2017;19047;352;4;10020;4004;1;2507507;25;2;52.33396226415094
2017;19047;352;4;10020;4004;1;2507507;25;2;52.33396226415094
2017;19047;352;4;10020;4004;1;2507507;25;2;52.33396226415094
2017;19047;352;4;10020;4004;1;2507507;25;2;52.33396226415094
2017;19047;352;4;10020;4004;1;2507507;25;2;52.33396226415094
2017;19047;352;4;10020;4004;1;2507507;25;2;52.33396226415094
2017;19047;352;4;10020;4004;1;2507507;25;2;52.33396226415094
2017;19047;352;4;10020;4004;1;2507507;25;2;52.33396226415094
2017;19047;352;4;10020;4004;1;2507507;25;2;52.33396226415094
2017;19047;352;4;10020;4004;1;2507507;25;2;52.33396226415094
2017;19047;352;4;10020;4004;1;2507507;25;2;52.33396226415094
2017;19047;352;4;10020;4004;1;2507507;25;2;52.33396226415094
2017;19047;352;4;10020;4004;1;2507507;25;2;52.33396226415094
2017;19047;352;4;10020;4004;1;2507507;25;2;52.33396226415094
2017;19047;352;4;10020;4004;1;2507507;25;2;52.33396226415094
2017;19047;352;4;10020;4004;1;2507507;25;2;52.33396226415094
2017;19047;352;4;10020;4004;1;2507507;25;2;52.33396226415094
2017;19047;352;4;10020;4004;1;2507507;25;2;52.33396226415094
2017;19047;352;4;10020;4004;1;2507507;25;2;52.33396226415094
2017;19047;352;4;10020;4004;1;2507507;25;2;52.33396226415094
2017;19047;352;4;10020;4004;1;2507507;25;2;52.33396226415094
2017;19047;352;4;10020;4004;1;2507507;25;2;52.33396226415094
2017;19047;352;4;10020;4004;1;2507507;25;2;52.33396226415094
2017;19047;352;4;10020;4004;1;2507507;25;2;52.33396226415094
2017;19047;352;4;10020;4004;1;2507507;25;2;52.33396226415094
2017;19047;352;4;10020;4004;1;2507507;25;2;52.33396226415094
2017;19047;352;4;10020;4004;1;2507507;25;2;52.33396226415094
2017;19047;352;4;10020;4004;1;2507507;25;2;52.33396226415094
2017;19047;352;4;10020;4004;1;2507507;25;2;52.33396226415094
2017;19047;352;4;10020;4004;1;2507507;25;2;52.33396226415094
2017;19047;352;4;10020;4004;1;2507507;25;2;52.33396226415094
2017;19047;352;4;10020;4004;1;2507507;25;2;52.33396226415094
2017;19047;352;4;10020;4004;1;2507507;25;2;52.33396226415094
2017;19047;352;4;10020;4004;1;2507507;25;2;52.33396226415094
2017;19047;352;4;10020;4004;1;2507507;25;2;52.33396226415094
2017;19047;352;4;10020;4004;1;2507507;25;2;52.33396226415094
2017;19047;352;4;10020;4004;1;2507507;25;2;52.33396226415094
2017;19047;352;4;10020;4004;1;2507507;25;2;52.33396226415094
2017;19047;352;4;10020;4004;1;2507507;25;2;52.33396226415094
2017;19047;352;4;10020;4004;1;2507507;25;2;52.33396226415094
2017;19047;352;4;10020;4004;1;2507507;25;2;52.33396226415094
2017;19047;352;4;10020;4004;1;2507507;25;2;52.33396226415094
2017;19047;352;4;10020;4004;1;2507507;25;2;52.33396226415094
2017;19047;352;4;10020;4004;1;2507507;25;2;52.33396226415094
2017;19047;352;4;10020;4004;1;2507507;25;2;52.33396226415094
2017;19047;352;4;10020;4004;1;2507507;25;2;52.33396226415094
2017;19047;352;4;10020;4004;1;2507507;25;2;52.33396226415094
2017;19047;352;4;10020;4004;1;2507507;25;2;52.33396226415094
2017;19047;352;4;10020;4004;1;2507507;25;2;52.33396226415094
2017;19047;352;4;10020;4004;1;2507507;25;2;52.33396226415094
2017;19047;352;4;10020;4004;1;2507507;25;2;52.33396226415094
2017;19047;352;4;10020;4004;1;2507507;25;2;52.33396226415094
2017;19047;352;4;10020;4004;1;2507507;25;2;52.33396226415094
2017;19047;352;4;10020;4004;1;2507507;25;2;52.33396226415094
2017;19047;352;4;10020;4004;1;2507507;25;2;52.33396226415094
2017;20009;383;4;10028;4004;1;1501402;15;1;55.98888888888889
2017;20009;383;4;10028;4004;1;1501402;15;1;55.98888888888889
2017;20009;383;4;10028;4004;1;1501402;15;1;55.98888888888889
2017;20009;383;4;10028;4004;1;1501402;15;1;55.98888888888889
2017;20009;383;4;10028;4004;1;1501402;15;1;55.98888888888889
2017;20009;383;4;10028;4004;1;1501402;15;1;55.98888888888889
2017;20009;383;4;10028;4004;1;1501402;15;1;55.98888888888889
2017;20009;383;4;10028;4004;1;1501402;15;1;55.98888888888889
2017;20009;383;4;10028;4004;1;1501402;15;1;55.98888888888889
2017;20009;383;4;10028;4004;1;1501402;15;1;55.98888888888889
2017;20009;383;4;10028;4004;1;1501402;15;1;55.98888888888889
2017;20009;383;4;10028;4004;1;1501402;15;1;55.98888888888889
2017;20009;383;4;10028;4004;1;1501402;15;1;55.98888888888889
2017;20009;383;4;10028;4004;1;1501402;15;1;55.98888888888889
2017;20009;383;4;10028;4004;1;1501402;15;1;55.98888888888889
2017;20009;383;4;10028;4004;1;1501402;15;1;55.98888888888889
2017;20009;383;4;10028;4004;1;1501402;15;1;55.98888888888889
2017;20009;383;4;10028;4004;1;1501402;15;1;55.98888888888889
2017;20009;383;4;10028;4004;1;1501402;15;1;55.98888888888889
2017;20009;383;4;10028;4004;1;1501402;15;1;55.98888888888889
2017;20030;385;4;10028;4004;1;2927408;29;2;61.478571428571435
2017;20030;385;4;10028;4004;1;2927408;29;2;61.478571428571435
2017;20030;385;4;10028;4004;1;2927408;29;2;61.478571428571435
2017;20030;385;4;10028;4004;1;2927408;29;2;61.478571428571435
2017;20030;385;4;10028;4004;1;2927408;29;2;61.478571428571435
2017;20030;385;4;10028;4004;1;2927408;29;2;61.478571428571435
2017;20030;385;4;10028;4004;1;2927408;29;2;61.478571428571435
2017;20030;385;4;10028;4004;1;2927408;29;2;61.478571428571435
2017;20030;385;4;10028;4004;1;2927408;29;2;61.478571428571435
2017;20030;385;4;10028;4004;1;2927408;29;2;61.478571428571435
2017;20030;385;4;10028;4004;1;2927408;29;2;61.478571428571435
2017;20030;385;4;10028;4004;1;2927408;29;2;61.478571428571435
2017;20030;385;4;10028;4004;1;2927408;29;2;61.478571428571435
2017;20030;385;4;10028;4004;1;2927408;29;2;61.478571428571435
2017;20030;385;4;10028;4004;1;2927408;29;2;61.478571428571435
2017;20030;385;4;10028;4004;1;2927408;29;2;61.478571428571435
2017;20030;385;4;10028;4004;1;2927408;29;2;61.478571428571435
2017;20030;385;4;10028;4004;1;2927408;29;2;61.478571428571435
2017;20030;385;4;10028;4004;1;2927408;29;2;61.478571428571435
2017;20030;385;4;10028;4004;1;2927408;29;2;61.478571428571435
2017;20030;385;4;10028;4004;1;2927408;29;2;61.478571428571435
2017;20030;385;4;10028;4004;1;2927408;29;2;61.478571428571435
2017;20030;385;4;10028;4004;1;2927408;29;2;61.478571428571435
2017;20030;385;4;10028;4004;1;2927408;29;2;61.478571428571435
2017;20030;385;4;10028;4004;1;2927408;29;2;61.478571428571435
2017;20030;385;4;10028;4004;1;2927408;29;2;61.478571428571435
2017;20030;385;4;10028;4004;1;2927408;29;2;61.478571428571435
2017;20030;385;4;10028;4004;1;2927408;29;2;61.478571428571435
2017;20030;385;4;10028;4004;1;2927408;29;2;61.478571428571435
2017;20030;385;4;10028;4004;1;2927408;29;2;61.478571428571435
2017;20030;385;4;10028;4004;1;2927408;29;2;61.478571428571435
2017;20030;385;4;10028;4004;1;2927408;29;2;61.478571428571435
2017;20239;24;2;10028;4004;1;2913606;29;2;61.32222222222222
2017;20239;24;2;10028;4004;1;2913606;29;2;61.32222222222222
2017;20239;24;2;10028;4004;1;2913606;29;2;61.32222222222222
2017;20239;24;2;10028;4004;1;2913606;29;2;61.32222222222222
2017;20239;24;2;10028;4004;1;2913606;29;2;61.32222222222222
2017;20239;24;2;10028;4004;1;2913606;29;2;61.32222222222222
2017;20239;24;2;10028;4004;1;2913606;29;2;61.32222222222222
2017;20239;24;2;10028;4004;1;2913606;29;2;61.32222222222222
2017;20239;24;2;10028;4004;1;2913606;29;2;61.32222222222222
2017;20239;24;2;10028;4004;1;2913606;29;2;61.32222222222222
2017;20239;24;2;10028;4004;1;2913606;29;2;61.32222222222222
2017;20239;24;2;10028;4004;1;2913606;29;2;61.32222222222222
2017;20239;24;2;10028;4004;1;2913606;29;2;61.32222222222222
2017;20239;24;2;10028;4004;1;2913606;29;2;61.32222222222222
2017;20239;24;2;10028;4004;1;2913606;29;2;61.32222222222222
2017;20239;24;2;10028;4004;1;2913606;29;2;61.32222222222222
2017;20239;24;2;10028;4004;1;2913606;29;2;61.32222222222222
2017;20239;24;2;10028;4004;1;2913606;29;2;61.32222222222222
2017;20239;24;2;10028;4004;1;2913606;29;2;61.32222222222222
2017;20239;24;2;10028;4004;1;2913606;29;2;61.32222222222222
2017;20239;24;2;10028;4004;1;2913606;29;2;61.32222222222222
2017;20239;24;2;10028;4004;1;2913606;29;2;61.32222222222222
2017;20239;24;2;10028;4004;1;2913606;29;2;61.32222222222222
2017;20239;24;2;10028;4004;1;2913606;29;2;61.32222222222222
2017;20239;24;2;10028;4004;1;2913606;29;2;61.32222222222222
2017;20239;24;2;10028;4004;1;2913606;29;2;61.32222222222222
2017;20239;24;2;10028;4004;1;2913606;29;2;61.32222222222222
2017;20239;24;2;10028;4004;1;2913606;29;2;61.32222222222222
2017;20239;24;2;10028;4004;1;2913606;29;2;61.32222222222222
2017;20239;24;2;10028;4004;1;2913606;29;2;61.32222222222222
2017;20933;71;2;10028;4004;1;2408003;24;2;54.73846153846154
2017;20933;71;2;10028;4004;1;2408003;24;2;54.73846153846154
2017;20933;71;2;10028;4004;1;2408003;24;2;54.73846153846154
2017;20933;71;2;10028;4004;1;2408003;24;2;54.73846153846154
2017;20933;71;2;10028;4004;1;2408003;24;2;54.73846153846154
2017;20933;71;2;10028;4004;1;2408003;24;2;54.73846153846154
2017;20933;71;2;10028;4004;1;2408003;24;2;54.73846153846154
2017;20933;71;2;10028;4004;1;2408003;24;2;54.73846153846154
2017;20933;71;2;10028;4004;1;2408003;24;2;54.73846153846154
2017;20933;71;2;10028;4004;1;2408003;24;2;54.73846153846154
2017;20933;71;2;10028;4004;1;2408003;24;2;54.73846153846154
2017;20933;71;2;10028;4004;1;2408003;24;2;54.73846153846154
2017;20933;71;2;10028;4004;1;2408003;24;2;54.73846153846154
2017;20933;71;2;10028;4004;1;2408003;24;2;54.73846153846154
2017;20933;71;2;10028;4004;1;2408003;24;2;54.73846153846154
2017;22061;1049;5;10022;4004;1;1302603;13;1;42.98461538461538
2017;22061;1049;5;10022;4004;1;1302603;13;1;42.98461538461538
2017;22061;1049;5;10022;4004;1;1302603;13;1;42.98461538461538
2017;22061;1049;5;10022;4004;1;1302603;13;1;42.98461538461538
2017;22061;1049;5;10022;4004;1;1302603;13;1;42.98461538461538
2017;22061;1049;5;10022;4004;1;1302603;13;1;42.98461538461538
2017;22061;1049;5;10022;4004;1;1302603;13;1;42.98461538461538
2017;22061;1049;5;10022;4004;1;1302603;13;1;42.98461538461538
2017;22061;1049;5;10022;4004;1;1302603;13;1;42.98461538461538
2017;22061;1049;5;10022;4004;1;1302603;13;1;42.98461538461538
2017;22061;1049;5;10022;4004;1;1302603;13;1;42.98461538461538
2017;22061;1049;5;10022;4004;1;1302603;13;1;42.98461538461538
2017;22061;1049;5;10022;4004;1;1302603;13;1;42.98461538461538
2017;22061;1049;5;10022;4004;1;1302603;13;1;42.98461538461538
2017;22061;1049;5;10022;4004;1;1302603;13;1;42.98461538461538
2017;22061;1049;5;10022;4004;1;1302603;13;1;42.98461538461538
2017;22061;1049;5;10022;4004;1;1302603;13;1;42.98461538461538
2017;22061;1049;5;10022;4004;1;1302603;13;1;42.98461538461538
2017;22061;1049;5;10022;4004;1;1302603;13;1;42.98461538461538
2017;22061;1049;5;10022;4004;1;1302603;13;1;42.98461538461538
2017;22061;1049;5;10022;4004;1;1302603;13;1;42.98461538461538
2017;22061;1049;5;10022;4004;1;1302603;13;1;42.98461538461538
2017;22061;1049;5;10022;4004;1;1302603;13;1;42.98461538461538
2017;22061;1049;5;10022;4004;1;1302603;13;1;42.98461538461538
2017;22061;1049;5;10022;4004;1;1302603;13;1;42.98461538461538
2017;22061;1049;5;10022;4004;1;1302603;13;1;42.98461538461538
2017;22061;1049;5;10022;4004;1;1302603;13;1;42.98461538461538
2017;22061;1049;5;10022;4004;1;1302603;13;1;42.98461538461538
2017;22061;1049;5;10022;4004;1;1302603;13;1;42.98461538461538
2017;22061;1049;5;10022;4004;1;1302603;13;1;42.98461538461538
2017;22061;1049;5;10022;4004;1;1302603;13;1;42.98461538461538
2017;22061;1049;5;10022;4004;1;1302603;13;1;42.98461538461538
2017;22061;1049;5;10022;4004;1;1302603;13;1;42.98461538461538
2017;22061;1049;5;10022;4004;1;1302603;13;1;42.98461538461538
2017;22061;1049;5;10022;4004;1;1302603;13;1;42.98461538461538
2017;22061;1049;5;10022;4004;1;1302603;13;1;42.98461538461538
2017;22061;1049;5;10022;4004;1;1302603;13;1;42.98461538461538
2017;22061;1049;5;10022;4004;1;1302603;13;1;42.98461538461538
2017;22061;1049;5;10022;4004;1;1302603;13;1;42.98461538461538
2017;22061;1049;5;10022;4004;1;1302603;13;1;42.98461538461538
2017;22061;1049;5;10022;4004;1;1302603;13;1;42.98461538461538
2017;22061;1049;5;10022;4004;1;1302603;13;1;42.98461538461538
2017;22061;1049;5;10022;4004;1;1302603;13;1;42.98461538461538
2017;22061;1049;5;10022;4004;1;1302603;13;1;42.98461538461538
2017;22061;1049;5;10022;4004;1;1302603;13;1;42.98461538461538
2017;22061;1049;5;10022;4004;1;1302603;13;1;42.98461538461538
2017;22061;1049;5;10022;4004;1;1302603;13;1;42.98461538461538
2017;22061;1049;5;10022;4004;1;1302603;13;1;42.98461538461538
2017;22061;1049;5;10022;4004;1;1302603;13;1;42.98461538461538
2017;22061;1049;5;10022;4004;1;1302603;13;1;42.98461538461538
2017;22061;1049;5;10022;4004;1;1302603;13;1;42.98461538461538
2017;22061;1049;5;10022;4004;1;1302603;13;1;42.98461538461538
2017;22061;1049;5;10022;4004;1;1302603;13;1;42.98461538461538
2017;22061;1049;5;10022;4004;1;1302603;13;1;42.98461538461538
2017;22061;1049;5;10022;4004;1;1302603;13;1;42.98461538461538
2017;22061;1049;5;10022;4004;1;1302603;13;1;42.98461538461538
2017;22061;1049;5;10022;4004;1;1302603;13;1;42.98461538461538
2017;22061;1049;5;10022;4004;1;1302603;13;1;42.98461538461538
2017;22061;1049;5;10022;4004;1;1302603;13;1;42.98461538461538
2017;22061;1049;5;10022;4004;1;1302603;13;1;42.98461538461538
2017;22061;1049;5;10022;4004;1;1302603;13;1;42.98461538461538
2017;22061;1049;5;10022;4004;1;1302603;13;1;42.98461538461538
2017;22061;1049;5;10022;4004;1;1302603;13;1;42.98461538461538
2017;22061;1049;5;10022;4004;1;1302603;13;1;42.98461538461538
2017;22061;1049;5;10022;4004;1;1302603;13;1;42.98461538461538
2017;22061;1049;5;10022;4004;1;1302603;13;1;42.98461538461538
2017;22061;1049;5;10022;4004;1;1302603;13;1;42.98461538461538
2017;22061;1049;5;10022;4004;1;1302603;13;1;42.98461538461538
2017;22061;1049;5;10022;4004;1;1302603;13;1;42.98461538461538
2017;22061;1049;5;10022;4004;1;1302603;13;1;42.98461538461538
2017;22061;1049;5;10022;4004;1;1302603;13;1;42.98461538461538
2017;37862;692;7;10022;4004;1;2611101;26;2;49.66190476190476
2017;37862;692;7;10022;4004;1;2611101;26;2;49.66190476190476
2017;37862;692;7;10022;4004;1;2611101;26;2;49.66190476190476
2017;37862;692;7;10022;4004;1;2611101;26;2;49.66190476190476
2017;37862;692;7;10022;4004;1;2611101;26;2;49.66190476190476
2017;37862;692;7;10022;4004;1;2611101;26;2;49.66190476190476
2017;37862;692;7;10022;4004;1;2611101;26;2;49.66190476190476
2017;37862;692;7;10022;4004;1;2611101;26;2;49.66190476190476
2017;37862;692;7;10022;4004;1;2611101;26;2;49.66190476190476
2017;37862;692;7;10022;4004;1;2611101;26;2;49.66190476190476
2017;37862;692;7;10022;4004;1;2611101;26;2;49.66190476190476
2017;37862;692;7;10022;4004;1;2611101;26;2;49.66190476190476
2017;37862;692;7;10022;4004;1;2611101;26;2;49.66190476190476
2017;37862;692;7;10022;4004;1;2611101;26;2;49.66190476190476
2017;37862;692;7;10022;4004;1;2611101;26;2;49.66190476190476
2017;37862;692;7;10022;4004;1;2611101;26;2;49.66190476190476
2017;37862;692;7;10022;4004;1;2611101;26;2;49.66190476190476
2017;37862;692;7;10022;4004;1;2611101;26;2;49.66190476190476
2017;37862;692;7;10022;4004;1;2611101;26;2;49.66190476190476
2017;37862;692;7;10022;4004;1;2611101;26;2;49.66190476190476
2017;37862;692;7;10022;4004;1;2611101;26;2;49.66190476190476
2017;37862;692;7;10022;4004;1;2611101;26;2;49.66190476190476
2017;37862;692;7;10022;4004;1;2611101;26;2;49.66190476190476
2017;37862;692;7;10022;4004;1;2611101;26;2;49.66190476190476
2017;37862;692;7;10022;4004;1;2611101;26;2;49.66190476190476
2017;37862;692;7;10022;4004;1;2611101;26;2;49.66190476190476
2017;37862;692;7;10022;4004;1;2611101;26;2;49.66190476190476
2017;37862;692;7;10022;4004;1;2611101;26;2;49.66190476190476
2017;37862;692;7;10022;4004;1;2611101;26;2;49.66190476190476
2017;37862;692;7;10022;4004;1;2611101;26;2;49.66190476190476
2017;37862;692;7;10022;4004;1;2611101;26;2;49.66190476190476
2017;37862;692;7;10022;4004;1;2611101;26;2;49.66190476190476
2017;37862;692;7;10022;4004;1;2611101;26;2;49.66190476190476
2017;37862;692;7;10022;4004;1;2611101;26;2;49.66190476190476
2017;37862;692;7;10022;4004;1;2611101;26;2;49.66190476190476
2017;37862;692;7;10022;4004;1;2611101;26;2;49.66190476190476
2017;37862;692;7;10022;4004;1;2611101;26;2;49.66190476190476
2017;37862;692;7;10022;4004;1;2611101;26;2;49.66190476190476
2017;37862;692;7;10022;4004;1;2611101;26;2;49.66190476190476
2017;37862;692;7;10022;4004;1;2611101;26;2;49.66190476190476
2017;37862;692;7;10022;4004;1;2611101;26;2;49.66190476190476
2017;37862;692;7;10022;4004;1;2611101;26;2;49.66190476190476
2017;37862;692;7;10022;4004;1;2611101;26;2;49.66190476190476
2017;37862;692;7;10022;4004;1;2611101;26;2;49.66190476190476
2017;37862;692;7;10022;4004;1;2611101;26;2;49.66190476190476
2017;37862;692;7;10022;4004;1;2611101;26;2;49.66190476190476
2017;37862;692;7;10022;4004;1;2611101;26;2;49.66190476190476
2017;37862;692;7;10022;4004;1;2611101;26;2;49.66190476190476
2017;37862;692;7;10022;4004;1;2611101;26;2;49.66190476190476
2017;37862;692;7;10022;4004;1;2611101;26;2;49.66190476190476
2017;37862;692;7;10022;4004;1;2611101;26;2;49.66190476190476
2017;37862;692;7;10022;4004;1;2611101;26;2;49.66190476190476
2017;37862;692;7;10022;4004;1;2611101;26;2;49.66190476190476
2017;37862;692;7;10022;4004;1;2611101;26;2;49.66190476190476
2017;37862;692;7;10022;4004;1;2611101;26;2;49.66190476190476
2017;37862;692;7;10022;4004;1;2611101;26;2;49.66190476190476
2017;37862;692;7;10022;4004;1;2611101;26;2;49.66190476190476
2017;37862;692;7;10022;4004;1;2611101;26;2;49.66190476190476
2017;37862;692;7;10022;4004;1;2611101;26;2;49.66190476190476
2017;37862;692;7;10022;4004;1;2611101;26;2;49.66190476190476
2017;37862;692;7;10022;4004;1;2611101;26;2;49.66190476190476
2017;37862;692;7;10022;4004;1;2611101;26;2;49.66190476190476
2017;37862;692;7;10022;4004;1;2611101;26;2;49.66190476190476
2017;37862;692;7;10022;4004;1;2611101;26;2;49.66190476190476
2017;37862;692;7;10022;4004;1;2611101;26;2;49.66190476190476
2017;37862;692;7;10022;4004;1;2611101;26;2;49.66190476190476
2017;37862;692;7;10022;4004;1;2611101;26;2;49.66190476190476
2017;37862;692;7;10022;4004;1;2611101;26;2;49.66190476190476
2017;37862;692;7;10022;4004;1;2611101;26;2;49.66190476190476
2017;37862;692;7;10022;4004;1;2611101;26;2;49.66190476190476
2017;37862;692;7;10022;4004;1;2611101;26;2;49.66190476190476
2017;37862;692;7;10022;4004;1;2611101;26;2;49.66190476190476
2017;37862;692;7;10022;4004;1;2611101;26;2;49.66190476190476
2017;37862;692;7;10022;4004;1;2611101;26;2;49.66190476190476
2017;41238;3849;1;10028;4004;1;1721000;17;1;57.65263157894737
2017;41238;3849;1;10028;4004;1;1721000;17;1;57.65263157894737
2017;41238;3849;1;10028;4004;1;1721000;17;1;57.65263157894737
2017;41238;3849;1;10028;4004;1;1721000;17;1;57.65263157894737
2017;41238;3849;1;10028;4004;1;1721000;17;1;57.65263157894737
2017;41238;3849;1;10028;4004;1;1721000;17;1;57.65263157894737
2017;41238;3849;1;10028;4004;1;1721000;17;1;57.65263157894737
2017;41238;3849;1;10028;4004;1;1721000;17;1;57.65263157894737
2017;41238;3849;1;10028;4004;1;1721000;17;1;57.65263157894737
2017;41238;3849;1;10028;4004;1;1721000;17;1;57.65263157894737
2017;41238;3849;1;10028;4004;1;1721000;17;1;57.65263157894737
2017;41238;3849;1;10028;4004;1;1721000;17;1;57.65263157894737
2017;41238;3849;1;10028;4004;1;1721000;17;1;57.65263157894737
2017;41238;3849;1;10028;4004;1;1721000;17;1;57.65263157894737
2017;41238;3849;1;10028;4004;1;1721000;17;1;57.65263157894737
2017;41238;3849;1;10028;4004;1;1721000;17;1;57.65263157894737
2017;41238;3849;1;10028;4004;1;1721000;17;1;57.65263157894737
2017;41238;3849;1;10028;4004;1;1721000;17;1;57.65263157894737
2017;41238;3849;1;10028;4004;1;1721000;17;1;57.65263157894737
2017;41238;3849;1;10028;4004;1;1721000;17;1;57.65263157894737
2017;41238;3849;1;10028;4004;1;1721000;17;1;57.65263157894737
2017;41238;3849;1;10028;4004;1;1721000;17;1;57.65263157894737
2017;43664;322;4;10028;4004;1;1302603;13;1;39.68421052631579
2017;43664;322;4;10028;4004;1;1302603;13;1;39.68421052631579
2017;43664;322;4;10028;4004;1;1302603;13;1;39.68421052631579
2017;43664;322;4;10028;4004;1;1302603;13;1;39.68421052631579
2017;43664;322;4;10028;4004;1;1302603;13;1;39.68421052631579
2017;43664;322;4;10028;4004;1;1302603;13;1;39.68421052631579
2017;43664;322;4;10028;4004;1;1302603;13;1;39.68421052631579
2017;43664;322;4;10028;4004;1;1302603;13;1;39.68421052631579
2017;43664;322;4;10028;4004;1;1302603;13;1;39.68421052631579
2017;43664;322;4;10028;4004;1;1302603;13;1;39.68421052631579
2017;43664;322;4;10028;4004;1;1302603;13;1;39.68421052631579
2017;43664;322;4;10028;4004;1;1302603;13;1;39.68421052631579
2017;43664;322;4;10028;4004;1;1302603;13;1;39.68421052631579
2017;43664;322;4;10028;4004;1;1302603;13;1;39.68421052631579
2017;43664;322;4;10028;4004;1;1302603;13;1;39.68421052631579
2017;43664;322;4;10028;4004;1;1302603;13;1;39.68421052631579
2017;43664;322;4;10028;4004;1;1302603;13;1;39.68421052631579
2017;43664;322;4;10028;4004;1;1302603;13;1;39.68421052631579
2017;43664;322;4;10028;4004;1;1302603;13;1;39.68421052631579
2017;43664;322;4;10028;4004;1;1302603;13;1;39.68421052631579
2017;43664;322;4;10028;4004;1;1302603;13;1;39.68421052631579
2017;43664;322;4;10028;4004;1;1302603;13;1;39.68421052631579
2017;43664;322;4;10028;4004;1;1302603;13;1;39.68421052631579
2017;46377;1658;4;10022;4004;1;2304400;23;2;44.56875
2017;46377;1658;4;10022;4004;1;2304400;23;2;44.56875
2017;46377;1658;4;10022;4004;1;2304400;23;2;44.56875
2017;46377;1658;4;10022;4004;1;2304400;23;2;44.56875
2017;46377;1658;4;10022;4004;1;2304400;23;2;44.56875
2017;46377;1658;4;10022;4004;1;2304400;23;2;44.56875
2017;46377;1658;4;10022;4004;1;2304400;23;2;44.56875
2017;46377;1658;4;10022;4004;1;2304400;23;2;44.56875
2017;46377;1658;4;10022;4004;1;2304400;23;2;44.56875
2017;46377;1658;4;10022;4004;1;2304400;23;2;44.56875
2017;46377;1658;4;10022;4004;1;2304400;23;2;44.56875
2017;46377;1658;4;10022;4004;1;2304400;23;2;44.56875
2017;46377;1658;4;10022;4004;1;2304400;23;2;44.56875
2017;46377;1658;4;10022;4004;1;2304400;23;2;44.56875
2017;46377;1658;4;10022;4004;1;2304400;23;2;44.56875
2017;46377;1658;4;10022;4004;1;2304400;23;2;44.56875
2017;48205;1805;4;10020;4004;1;2607901;26;2;45.81315789473685
2017;48205;1805;4;10020;4004;1;2607901;26;2;45.81315789473685
2017;48205;1805;4;10020;4004;1;2607901;26;2;45.81315789473685
2017;48205;1805;4;10020;4004;1;2607901;26;2;45.81315789473685
2017;48205;1805;4;10020;4004;1;2607901;26;2;45.81315789473685
2017;48205;1805;4;10020;4004;1;2607901;26;2;45.81315789473685
2017;48205;1805;4;10020;4004;1;2607901;26;2;45.81315789473685
2017;48205;1805;4;10020;4004;1;2607901;26;2;45.81315789473685
2017;48205;1805;4;10020;4004;1;2607901;26;2;45.81315789473685
2017;48205;1805;4;10020;4004;1;2607901;26;2;45.81315789473685
2017;48205;1805;4;10020;4004;1;2607901;26;2;45.81315789473685
2017;48205;1805;4;10020;4004;1;2607901;26;2;45.81315789473685
2017;48205;1805;4;10020;4004;1;2607901;26;2;45.81315789473685
2017;48205;1805;4;10020;4004;1;2607901;26;2;45.81315789473685
2017;48205;1805;4;10020;4004;1;2607901;26;2;45.81315789473685
2017;48205;1805;4;10020;4004;1;2607901;26;2;45.81315789473685
2017;48205;1805;4;10020;4004;1;2607901;26;2;45.81315789473685
2017;48205;1805;4;10020;4004;1;2607901;26;2;45.81315789473685
2017;48205;1805;4;10020;4004;1;2607901;26;2;45.81315789473685
2017;48205;1805;4;10020;4004;1;2607901;26;2;45.81315789473685
2017;48205;1805;4;10020;4004;1;2607901;26;2;45.81315789473685
2017;48205;1805;4;10020;4004;1;2607901;26;2;45.81315789473685
2017;48205;1805;4;10020;4004;1;2607901;26;2;45.81315789473685
2017;48205;1805;4;10020;4004;1;2607901;26;2;45.81315789473685
2017;48205;1805;4;10020;4004;1;2607901;26;2;45.81315789473685
2017;48205;1805;4;10020;4004;1;2607901;26;2;45.81315789473685
2017;48205;1805;4;10020;4004;1;2607901;26;2;45.81315789473685
2017;48205;1805;4;10020;4004;1;2607901;26;2;45.81315789473685
2017;48205;1805;4;10020;4004;1;2607901;26;2;45.81315789473685
2017;48205;1805;4;10020;4004;1;2607901;26;2;45.81315789473685
2017;48205;1805;4;10020;4004;1;2607901;26;2;45.81315789473685
2017;48205;1805;4;10020;4004;1;2607901;26;2;45.81315789473685
2017;48205;1805;4;10020;4004;1;2607901;26;2;45.81315789473685
2017;48205;1805;4;10020;4004;1;2607901;26;2;45.81315789473685
2017;48205;1805;4;10020;4004;1;2607901;26;2;45.81315789473685
2017;48205;1805;4;10020;4004;1;2607901;26;2;45.81315789473685
2017;48205;1805;4;10020;4004;1;2607901;26;2;45.81315789473685
2017;48205;1805;4;10020;4004;1;2607901;26;2;45.81315789473685
2017;48205;1805;4;10020;4004;1;2607901;26;2;45.81315789473685
2017;48205;1805;4;10020;4004;1;2607901;26;2;45.81315789473685
2017;48205;1805;4;10020;4004;1;2607901;26;2;45.81315789473685
2017;48205;1805;4;10020;4004;1;2607901;26;2;45.81315789473685
2017;48205;1805;4;10020;4004;1;2607901;26;2;45.81315789473685
2017;48205;1805;4;10020;4004;1;2607901;26;2;45.81315789473685
2017;48205;1805;4;10020;4004;1;2607901;26;2;45.81315789473685
2017;48205;1805;4;10020;4004;1;2607901;26;2;45.81315789473685
2017;48205;1805;4;10020;4004;1;2607901;26;2;45.81315789473685
2017;48205;1805;4;10020;4004;1;2607901;26;2;45.81315789473685
2017;48205;1805;4;10020;4004;1;2607901;26;2;45.81315789473685
2017;48205;1805;4;10020;4004;1;2607901;26;2;45.81315789473685
2017;48205;1805;4;10020;4004;1;2607901;26;2;45.81315789473685
2017;48205;1805;4;10020;4004;1;2607901;26;2;45.81315789473685
2017;48205;1805;4;10020;4004;1;2607901;26;2;45.81315789473685
2017;48205;1805;4;10020;4004;1;2607901;26;2;45.81315789473685
2017;50888;750;3;10020;4004;1;1709500;17;1;39.49444444444444
2017;50888;750;3;10020;4004;1;1709500;17;1;39.49444444444444
2017;50888;750;3;10020;4004;1;1709500;17;1;39.49444444444444
2017;50888;750;3;10020;4004;1;1709500;17;1;39.49444444444444
2017;50888;750;3;10020;4004;1;1709500;17;1;39.49444444444444
2017;50888;750;3;10020;4004;1;1709500;17;1;39.49444444444444
2017;50888;750;3;10020;4004;1;1709500;17;1;39.49444444444444
2017;50888;750;3;10020;4004;1;1709500;17;1;39.49444444444444
2017;50888;750;3;10020;4004;1;1709500;17;1;39.49444444444444
2017;50888;750;3;10020;4004;1;1709500;17;1;39.49444444444444
2017;50888;750;3;10020;4004;1;1709500;17;1;39.49444444444444
2017;50888;750;3;10020;4004;1;1709500;17;1;39.49444444444444
2017;50888;750;3;10020;4004;1;1709500;17;1;39.49444444444444
2017;50888;750;3;10020;4004;1;1709500;17;1;39.49444444444444
2017;50888;750;3;10020;4004;1;1709500;17;1;39.49444444444444
2017;50888;750;3;10020;4004;1;1709500;17;1;39.49444444444444
2017;50888;750;3;10020;4004;1;1709500;17;1;39.49444444444444
2017;50888;750;3;10020;4004;1;1709500;17;1;39.49444444444444
2017;50888;750;3;10020;4004;1;1709500;17;1;39.49444444444444
2017;50888;750;3;10020;4004;1;1709500;17;1;39.49444444444444
2017;50888;750;3;10020;4004;1;1709500;17;1;39.49444444444444
2017;50888;750;3;10020;4004;1;1709500;17;1;39.49444444444444
2017;50888;750;3;10020;4004;1;1709500;17;1;39.49444444444444
2017;50888;750;3;10020;4004;1;1709500;17;1;39.49444444444444
2017;50888;750;3;10020;4004;1;1709500;17;1;39.49444444444444
2017;50888;750;3;10020;4004;1;1709500;17;1;39.49444444444444
2017;50888;750;3;10020;4004;1;1709500;17;1;39.49444444444444
2017;50888;750;3;10020;4004;1;1709500;17;1;39.49444444444444
2017;57606;71;2;10028;4004;1;2408102;24;2;61.60833333333333
2017;57606;71;2;10028;4004;1;2408102;24;2;61.60833333333333
2017;57606;71;2;10028;4004;1;2408102;24;2;61.60833333333333
2017;57606;71;2;10028;4004;1;2408102;24;2;61.60833333333333
2017;57606;71;2;10028;4004;1;2408102;24;2;61.60833333333333
2017;57606;71;2;10028;4004;1;2408102;24;2;61.60833333333333
2017;57606;71;2;10028;4004;1;2408102;24;2;61.60833333333333
2017;57606;71;2;10028;4004;1;2408102;24;2;61.60833333333333
2017;57606;71;2;10028;4004;1;2408102;24;2;61.60833333333333
2017;57606;71;2;10028;4004;1;2408102;24;2;61.60833333333333
2017;57606;71;2;10028;4004;1;2408102;24;2;61.60833333333333
2017;57606;71;2;10028;4004;1;2408102;24;2;61.60833333333333
2017;58808;1066;4;10022;4004;1;1721000;17;1;
2017;59078;1462;4;10022;4004;1;2507507;25;2;49.46666666666667
2017;59078;1462;4;10022;4004;1;2507507;25;2;49.46666666666667
2017;59078;1462;4;10022;4004;1;2507507;25;2;49.46666666666667
2017;59078;1462;4;10022;4004;1;2507507;25;2;49.46666666666667
2017;59078;1462;4;10022;4004;1;2507507;25;2;49.46666666666667
2017;59122;1819;4;10020;4004;1;2304400;23;2;54.817241379310346
2017;59122;1819;4;10020;4004;1;2304400;23;2;54.817241379310346
2017;59122;1819;4;10020;4004;1;2304400;23;2;54.817241379310346
2017;59122;1819;4;10020;4004;1;2304400;23;2;54.817241379310346
2017;59122;1819;4;10020;4004;1;2304400;23;2;54.817241379310346
2017;59122;1819;4;10020;4004;1;2304400;23;2;54.817241379310346
2017;59122;1819;4;10020;4004;1;2304400;23;2;54.817241379310346
2017;59122;1819;4;10020;4004;1;2304400;23;2;54.817241379310346
2017;59122;1819;4;10020;4004;1;2304400;23;2;54.817241379310346
2017;59122;1819;4;10020;4004;1;2304400;23;2;54.817241379310346
2017;59122;1819;4;10020;4004;1;2304400;23;2;54.817241379310346
2017;59122;1819;4;10020;4004;1;2304400;23;2;54.817241379310346
2017;59122;1819;4;10020;4004;1;2304400;23;2;54.817241379310346
2017;59122;1819;4;10020;4004;1;2304400;23;2;54.817241379310346
2017;59122;1819;4;10020;4004;1;2304400;23;2;54.817241379310346
2017;59122;1819;4;10020;4004;1;2304400;23;2;54.817241379310346
2017;59122;1819;4;10020;4004;1;2304400;23;2;54.817241379310346
2017;59122;1819;4;10020;4004;1;2304400;23;2;54.817241379310346
2017;59122;1819;4;10020;4004;1;2304400;23;2;54.817241379310346
2017;59122;1819;4;10020;4004;1;2304400;23;2;54.817241379310346
2017;59122;1819;4;10020;4004;1;2304400;23;2;54.817241379310346
2017;59122;1819;4;10020;4004;1;2304400;23;2;54.817241379310346
2017;59122;1819;4;10020;4004;1;2304400;23;2;54.817241379310346
2017;59122;1819;4;10020;4004;1;2304400;23;2;54.817241379310346
2017;59122;1819;4;10020;4004;1;2304400;23;2;54.817241379310346
2017;59122;1819;4;10020;4004;1;2304400;23;2;54.817241379310346
2017;59122;1819;4;10020;4004;1;2304400;23;2;54.817241379310346
2017;59122;1819;4;10020;4004;1;2304400;23;2;54.817241379310346
2017;59122;1819;4;10020;4004;1;2304400;23;2;54.817241379310346
2017;59122;1819;4;10020;4004;1;2304400;23;2;54.817241379310346
2017;62484;4;1;10028;4004;1;1302603;13;1;55.56037735849056
2017;62484;4;1;10028;4004;1;1302603;13;1;55.56037735849056
2017;62484;4;1;10028;4004;1;1302603;13;1;55.56037735849056
2017;62484;4;1;10028;4004;1;1302603;13;1;55.56037735849056
2017;62484;4;1;10028;4004;1;1302603;13;1;55.56037735849056
2017;62484;4;1;10028;4004;1;1302603;13;1;55.56037735849056
2017;62484;4;1;10028;4004;1;1302603;13;1;55.56037735849056
2017;62484;4;1;10028;4004;1;1302603;13;1;55.56037735849056
2017;62484;4;1;10028;4004;1;1302603;13;1;55.56037735849056
2017;62484;4;1;10028;4004;1;1302603;13;1;55.56037735849056
2017;62484;4;1;10028;4004;1;1302603;13;1;55.56037735849056
2017;62484;4;1;10028;4004;1;1302603;13;1;55.56037735849056
2017;62484;4;1;10028;4004;1;1302603;13;1;55.56037735849056
2017;62484;4;1;10028;4004;1;1302603;13;1;55.56037735849056
2017;62484;4;1;10028;4004;1;1302603;13;1;55.56037735849056
2017;62484;4;1;10028;4004;1;1302603;13;1;55.56037735849056
2017;62484;4;1;10028;4004;1;1302603;13;1;55.56037735849056
2017;62484;4;1;10028;4004;1;1302603;13;1;55.56037735849056
2017;62484;4;1;10028;4004;1;1302603;13;1;55.56037735849056
2017;62484;4;1;10028;4004;1;1302603;13;1;55.56037735849056
2017;62484;4;1;10028;4004;1;1302603;13;1;55.56037735849056
2017;62484;4;1;10028;4004;1;1302603;13;1;55.56037735849056
2017;62484;4;1;10028;4004;1;1302603;13;1;55.56037735849056
2017;62484;4;1;10028;4004;1;1302603;13;1;55.56037735849056
2017;62484;4;1;10028;4004;1;1302603;13;1;55.56037735849056
2017;62484;4;1;10028;4004;1;1302603;13;1;55.56037735849056
2017;62484;4;1;10028;4004;1;1302603;13;1;55.56037735849056
2017;62484;4;1;10028;4004;1;1302603;13;1;55.56037735849056
2017;62484;4;1;10028;4004;1;1302603;13;1;55.56037735849056
2017;62484;4;1;10028;4004;1;1302603;13;1;55.56037735849056
2017;62484;4;1;10028;4004;1;1302603;13;1;55.56037735849056
2017;62484;4;1;10028;4004;1;1302603;13;1;55.56037735849056
2017;62484;4;1;10028;4004;1;1302603;13;1;55.56037735849056
2017;62484;4;1;10028;4004;1;1302603;13;1;55.56037735849056
2017;62484;4;1;10028;4004;1;1302603;13;1;55.56037735849056
2017;62484;4;1;10028;4004;1;1302603;13;1;55.56037735849056
2017;62484;4;1;10028;4004;1;1302603;13;1;55.56037735849056
2017;62484;4;1;10028;4004;1;1302603;13;1;55.56037735849056
2017;62484;4;1;10028;4004;1;1302603;13;1;55.56037735849056
2017;62484;4;1;10028;4004;1;1302603;13;1;55.56037735849056
2017;62484;4;1;10028;4004;1;1302603;13;1;55.56037735849056
2017;62484;4;1;10028;4004;1;1302603;13;1;55.56037735849056
2017;62484;4;1;10028;4004;1;1302603;13;1;55.56037735849056
2017;62484;4;1;10028;4004;1;1302603;13;1;55.56037735849056
2017;62484;4;1;10028;4004;1;1302603;13;1;55.56037735849056
2017;62484;4;1;10028;4004;1;1302603;13;1;55.56037735849056
2017;62484;4;1;10028;4004;1;1302603;13;1;55.56037735849056
2017;62484;4;1;10028;4004;1;1302603;13;1;55.56037735849056
2017;62484;4;1;10028;4004;1;1302603;13;1;55.56037735849056
2017;62484;4;1;10028;4004;1;1302603;13;1;55.56037735849056
2017;62484;4;1;10028;4004;1;1302603;13;1;55.56037735849056
2017;62484;4;1;10028;4004;1;1302603;13;1;55.56037735849056
2017;62484;4;1;10028;4004;1;1302603;13;1;55.56037735849056
2017;62484;4;1;10028;4004;1;1302603;13;1;55.56037735849056
2017;73438;2676;5;10022;4004;1;1302603;13;1;48.883333333333326
2017;73438;2676;5;10022;4004;1;1302603;13;1;48.883333333333326
2017;73438;2676;5;10022;4004;1;1302603;13;1;48.883333333333326
2017;73438;2676;5;10022;4004;1;1302603;13;1;48.883333333333326
2017;73438;2676;5;10022;4004;1;1302603;13;1;48.883333333333326
2017;73438;2676;5;10022;4004;1;1302603;13;1;48.883333333333326
2017;73438;2676;5;10022;4004;1;1302603;13;1;48.883333333333326
2017;73438;2676;5;10022;4004;1;1302603;13;1;48.883333333333326
2017;73438;2676;5;10022;4004;1;1302603;13;1;48.883333333333326
2017;73438;2676;5;10022;4004;1;1302603;13;1;48.883333333333326
2017;73438;2676;5;10022;4004;1;1302603;13;1;48.883333333333326
2017;73438;2676;5;10022;4004;1;1302603;13;1;48.883333333333326
2017;73438;2676;5;10022;4004;1;1302603;13;1;48.883333333333326
2017;73438;2676;5;10022;4004;1;1302603;13;1;48.883333333333326
2017;73438;2676;5;10022;4004;1;1302603;13;1;48.883333333333326
2017;73438;2676;5;10022;4004;1;1302603;13;1;48.883333333333326
2017;73438;2676;5;10022;4004;1;1302603;13;1;48.883333333333326
2017;73438;2676;5;10022;4004;1;1302603;13;1;48.883333333333326
2017;73438;2676;5;10022;4004;1;1302603;13;1;48.883333333333326
2017;73438;2676;5;10022;4004;1;1302603;13;1;48.883333333333326
2017;73438;2676;5;10022;4004;1;1302603;13;1;48.883333333333326
2017;73438;2676;5;10022;4004;1;1302603;13;1;48.883333333333326
2017;73438;2676;5;10022;4004;1;1302603;13;1;48.883333333333326
2017;73438;2676;5;10022;4004;1;1302603;13;1;48.883333333333326
2017;73438;2676;5;10022;4004;1;1302603;13;1;48.883333333333326
2017;73438;2676;5;10022;4004;1;1302603;13;1;48.883333333333326
2017;73438;2676;5;10022;4004;1;1302603;13;1;48.883333333333326
2017;73438;2676;5;10022;4004;1;1302603;13;1;48.883333333333326
2017;73438;2676;5;10022;4004;1;1302603;13;1;48.883333333333326
2017;73438;2676;5;10022;4004;1;1302603;13;1;48.883333333333326
2017;73438;2676;5;10022;4004;1;1302603;13;1;48.883333333333326
2017;73438;2676;5;10022;4004;1;1302603;13;1;48.883333333333326
2017;73438;2676;5;10022;4004;1;1302603;13;1;48.883333333333326
2017;73438;2676;5;10022;4004;1;1302603;13;1;48.883333333333326
2017;73438;2676;5;10022;4004;1;1302603;13;1;48.883333333333326
2017;73438;2676;5;10022;4004;1;1302603;13;1;48.883333333333326
2017;73438;2676;5;10022;4004;1;1302603;13;1;48.883333333333326
2017;73438;2676;5;10022;4004;1;1302603;13;1;48.883333333333326
2017;73438;2676;5;10022;4004;1;1302603;13;1;48.883333333333326
2017;73438;2676;5;10022;4004;1;1302603;13;1;48.883333333333326
2017;73438;2676;5;10022;4004;1;1302603;13;1;48.883333333333326
2017;73438;2676;5;10022;4004;1;1302603;13;1;48.883333333333326
2017;73438;2676;5;10022;4004;1;1302603;13;1;48.883333333333326
2017;73438;2676;5;10022;4004;1;1302603;13;1;48.883333333333326
2017;73438;2676;5;10022;4004;1;1302603;13;1;48.883333333333326
2017;73519;2437;4;10022;4004;1;2931350;29;2;60.36
2017;73519;2437;4;10022;4004;1;2931350;29;2;60.36
2017;73519;2437;4;10022;4004;1;2931350;29;2;60.36
2017;73519;2437;4;10022;4004;1;2931350;29;2;60.36
2017;73519;2437;4;10022;4004;1;2931350;29;2;60.36
2017;73519;2437;4;10022;4004;1;2931350;29;2;60.36
2017;73519;2437;4;10022;4004;1;2931350;29;2;60.36
2017;83388;1255;4;10020;4004;1;2611606;26;2;51.832
2017;83388;1255;4;10020;4004;1;2611606;26;2;51.832
2017;83388;1255;4;10020;4004;1;2611606;26;2;51.832
2017;83388;1255;4;10020;4004;1;2611606;26;2;51.832
2017;83388;1255;4;10020;4004;1;2611606;26;2;51.832
2017;83388;1255;4;10020;4004;1;2611606;26;2;51.832
2017;83388;1255;4;10020;4004;1;2611606;26;2;51.832
2017;83388;1255;4;10020;4004;1;2611606;26;2;51.832
2017;83388;1255;4;10020;4004;1;2611606;26;2;51.832
2017;83388;1255;4;10020;4004;1;2611606;26;2;51.832
2017;83388;1255;4;10020;4004;1;2611606;26;2;51.832
2017;83388;1255;4;10020;4004;1;2611606;26;2;51.832
2017;83388;1255;4;10020;4004;1;2611606;26;2;51.832
2017;83388;1255;4;10020;4004;1;2611606;26;2;51.832
2017;83388;1255;4;10020;4004;1;2611606;26;2;51.832
2017;83388;1255;4;10020;4004;1;2611606;26;2;51.832
2017;83388;1255;4;10020;4004;1;2611606;26;2;51.832
2017;83388;1255;4;10020;4004;1;2611606;26;2;51.832
2017;83388;1255;4;10020;4004;1;2611606;26;2;51.832
2017;83388;1255;4;10020;4004;1;2611606;26;2;51.832
2017;83388;1255;4;10020;4004;1;2611606;26;2;51.832
2017;83388;1255;4;10020;4004;1;2611606;26;2;51.832
2017;83388;1255;4;10020;4004;1;2611606;26;2;51.832
2017;83388;1255;4;10020;4004;1;2611606;26;2;51.832
2017;83388;1255;4;10020;4004;1;2611606;26;2;51.832
2017;83388;1255;4;10020;4004;1;2611606;26;2;51.832
2017;83388;1255;4;10020;4004;1;2611606;26;2;51.832
2017;83388;1255;4;10020;4004;1;2611606;26;2;51.832
2017;83388;1255;4;10020;4004;1;2611606;26;2;51.832
2017;85150;756;2;10028;4004;1;2203909;22;2;46.80526315789474
2017;85150;756;2;10028;4004;1;2203909;22;2;46.80526315789474
2017;85150;756;2;10028;4004;1;2203909;22;2;46.80526315789474
2017;85150;756;2;10028;4004;1;2203909;22;2;46.80526315789474
2017;85150;756;2;10028;4004;1;2203909;22;2;46.80526315789474
2017;85150;756;2;10028;4004;1;2203909;22;2;46.80526315789474
2017;85150;756;2;10028;4004;1;2203909;22;2;46.80526315789474
2017;85150;756;2;10028;4004;1;2203909;22;2;46.80526315789474
2017;85150;756;2;10028;4004;1;2203909;22;2;46.80526315789474
2017;85150;756;2;10028;4004;1;2203909;22;2;46.80526315789474
2017;85150;756;2;10028;4004;1;2203909;22;2;46.80526315789474
2017;85150;756;2;10028;4004;1;2203909;22;2;46.80526315789474
2017;85150;756;2;10028;4004;1;2203909;22;2;46.80526315789474
2017;85150;756;2;10028;4004;1;2203909;22;2;46.80526315789474
2017;85150;756;2;10028;4004;1;2203909;22;2;46.80526315789474
2017;85150;756;2;10028;4004;1;2203909;22;2;46.80526315789474
2017;85150;756;2;10028;4004;1;2203909;22;2;46.80526315789474
2017;85150;756;2;10028;4004;1;2203909;22;2;46.80526315789474
2017;85150;756;2;10028;4004;1;2203909;22;2;46.80526315789474
2017;85150;756;2;10028;4004;1;2203909;22;2;46.80526315789474
2017;85150;756;2;10028;4004;1;2203909;22;2;46.80526315789474
2017;85150;756;2;10028;4004;1;2203909;22;2;46.80526315789474
2017;85150;756;2;10028;4004;1;2203909;22;2;46.80526315789474
2017;85150;756;2;10028;4004;1;2203909;22;2;46.80526315789474
2017;85150;756;2;10028;4004;1;2203909;22;2;46.80526315789474
2017;85150;756;2;10028;4004;1;2203909;22;2;46.80526315789474
2017;85150;756;2;10028;4004;1;2203909;22;2;46.80526315789474
2017;85150;756;2;10028;4004;1;2203909;22;2;46.80526315789474
2017;85150;756;2;10028;4004;1;2203909;22;2;46.80526315789474
2017;85150;756;2;10028;4004;1;2203909;22;2;46.80526315789474
2017;85150;756;2;10028;4004;1;2203909;22;2;46.80526315789474
2017;85150;756;2;10028;4004;1;2203909;22;2;46.80526315789474
2017;85150;756;2;10028;4004;1;2203909;22;2;46.80526315789474
2017;85150;756;2;10028;4004;1;2203909;22;2;46.80526315789474
2017;85150;756;2;10028;4004;1;2203909;22;2;46.80526315789474
2017;85150;756;2;10028;4004;1;2203909;22;2;46.80526315789474
2017;85150;756;2;10028;4004;1;2203909;22;2;46.80526315789474
2017;85150;756;2;10028;4004;1;2203909;22;2;46.80526315789474
2017;85150;756;2;10028;4004;1;2203909;22;2;46.80526315789474
2017;85150;756;2;10028;4004;1;2203909;22;2;46.80526315789474
2017;85150;756;2;10028;4004;1;2203909;22;2;46.80526315789474
2017;88084;916;4;10022;4004;1;2211001;22;2;48.05833333333334
2017;88084;916;4;10022;4004;1;2211001;22;2;48.05833333333334
2017;88084;916;4;10022;4004;1;2211001;22;2;48.05833333333334
2017;88084;916;4;10022;4004;1;2211001;22;2;48.05833333333334
2017;88084;916;4;10022;4004;1;2211001;22;2;48.05833333333334
2017;88084;916;4;10022;4004;1;2211001;22;2;48.05833333333334
2017;88084;916;4;10022;4004;1;2211001;22;2;48.05833333333334
2017;88084;916;4;10022;4004;1;2211001;22;2;48.05833333333334
2017;88084;916;4;10022;4004;1;2211001;22;2;48.05833333333334
2017;88084;916;4;10022;4004;1;2211001;22;2;48.05833333333334
2017;88084;916;4;10022;4004;1;2211001;22;2;48.05833333333334
2017;88084;916;4;10022;4004;1;2211001;22;2;48.05833333333334
2017;88084;916;4;10022;4004;1;2211001;22;2;48.05833333333334
2017;88084;916;4;10022;4004;1;2211001;22;2;48.05833333333334
2017;88084;916;4;10022;4004;1;2211001;22;2;48.05833333333334
2017;88084;916;4;10022;4004;1;2211001;22;2;48.05833333333334
2017;88084;916;4;10022;4004;1;2211001;22;2;48.05833333333334
2017;88084;916;4;10022;4004;1;2211001;22;2;48.05833333333334
2017;88084;916;4;10022;4004;1;2211001;22;2;48.05833333333334
2017;88084;916;4;10022;4004;1;2211001;22;2;48.05833333333334
2017;88084;916;4;10022;4004;1;2211001;22;2;48.05833333333334
2017;88084;916;4;10022;4004;1;2211001;22;2;48.05833333333334
2017;88084;916;4;10022;4004;1;2211001;22;2;48.05833333333334
2017;88084;916;4;10022;4004;1;2211001;22;2;48.05833333333334
2017;88084;916;4;10022;4004;1;2211001;22;2;48.05833333333334
2017;88154;1058;4;10020;4004;1;2927408;29;2;64.4
2017;88154;1058;4;10020;4004;1;2927408;29;2;64.4
2017;88154;1058;4;10020;4004;1;2927408;29;2;64.4
2017;88154;1058;4;10020;4004;1;2927408;29;2;64.4
2017;88154;1058;4;10020;4004;1;2927408;29;2;64.4
2017;88154;1058;4;10020;4004;1;2927408;29;2;64.4
2017;91262;589;1;10028;4004;1;2408003;24;2;63.800000000000004
2017;91262;589;1;10028;4004;1;2408003;24;2;63.800000000000004
2017;91262;589;1;10028;4004;1;2408003;24;2;63.800000000000004
2017;91262;589;1;10028;4004;1;2408003;24;2;63.800000000000004
2017;91262;589;1;10028;4004;1;2408003;24;2;63.800000000000004
2017;91262;589;1;10028;4004;1;2408003;24;2;63.800000000000004
2017;94455;3930;4;10022;4004;1;2208007;22;2;52.94
2017;94455;3930;4;10022;4004;1;2208007;22;2;52.94
2017;94455;3930;4;10022;4004;1;2208007;22;2;52.94
2017;94455;3930;4;10022;4004;1;2208007;22;2;52.94
2017;94455;3930;4;10022;4004;1;2208007;22;2;52.94
2017;94455;3930;4;10022;4004;1;2208007;22;2;52.94
2017;94455;3930;4;10022;4004;1;2208007;22;2;52.94
2017;98305;789;1;10028;4004;1;1400100;14;1;51.67142857142857
2017;98305;789;1;10028;4004;1;1400100;14;1;51.67142857142857
2017;98305;789;1;10028;4004;1;1400100;14;1;51.67142857142857
2017;98305;789;1;10028;4004;1;1400100;14;1;51.67142857142857
2017;98305;789;1;10028;4004;1;1400100;14;1;51.67142857142857
2017;98305;789;1;10028;4004;1;1400100;14;1;51.67142857142857
2017;98305;789;1;10028;4004;1;1400100;14;1;51.67142857142857
2017;98305;789;1;10028;4004;1;1400100;14;1;51.67142857142857
2017;98305;789;1;10028;4004;1;1400100;14;1;51.67142857142857
2017;98305;789;1;10028;4004;1;1400100;14;1;51.67142857142857
2017;98305;789;1;10028;4004;1;1400100;14;1;51.67142857142857
2017;98305;789;1;10028;4004;1;1400100;14;1;51.67142857142857
2017;98305;789;1;10028;4004;1;1400100;14;1;51.67142857142857
2017;98305;789;1;10028;4004;1;1400100;14;1;51.67142857142857
2017;98305;789;1;10028;4004;1;1400100;14;1;51.67142857142857
2017;98305;789;1;10028;4004;1;1400100;14;1;51.67142857142857
2017;98665;5077;2;10028;4004;1;1400100;14;1;50.04545454545455
2017;98665;5077;2;10028;4004;1;1400100;14;1;50.04545454545455
2017;98665;5077;2;10028;4004;1;1400100;14;1;50.04545454545455
2017;98665;5077;2;10028;4004;1;1400100;14;1;50.04545454545455
2017;98665;5077;2;10028;4004;1;1400100;14;1;50.04545454545455
2017;98665;5077;2;10028;4004;1;1400100;14;1;50.04545454545455
2017;98665;5077;2;10028;4004;1;1400100;14;1;50.04545454545455
2017;98665;5077;2;10028;4004;1;1400100;14;1;50.04545454545455
2017;98665;5077;2;10028;4004;1;1400100;14;1;50.04545454545455
2017;98665;5077;2;10028;4004;1;1400100;14;1;50.04545454545455
2017;98665;5077;2;10028;4004;1;1400100;14;1;50.04545454545455
2017;98665;5077;2;10028;4004;1;1400100;14;1;50.04545454545455
2017;98764;2244;4;10022;4004;1;2704302;27;2;59.53333333333333
2017;98764;2244;4;10022;4004;1;2704302;27;2;59.53333333333333
2017;98764;2244;4;10022;4004;1;2704302;27;2;59.53333333333333
2017;98764;2244;4;10022;4004;1;2704302;27;2;59.53333333333333
2017;98764;2244;4;10022;4004;1;2704302;27;2;59.53333333333333
2017;98764;2244;4;10022;4004;1;2704302;27;2;59.53333333333333
2017;98764;2244;4;10022;4004;1;2704302;27;2;59.53333333333333
2017;98764;2244;4;10022;4004;1;2704302;27;2;59.53333333333333
2017;98764;2244;4;10022;4004;1;2704302;27;2;59.53333333333333
2017;98764;2244;4;10022;4004;1;2704302;27;2;59.53333333333333
2017;98764;2244;4;10022;4004;1;2704302;27;2;59.53333333333333
2017;98764;2244;4;10022;4004;1;2704302;27;2;59.53333333333333
2017;98764;2244;4;10022;4004;1;2704302;27;2;59.53333333333333
2017;98957;668;4;10020;4004;1;1302603;13;1;41.554545454545455
2017;98957;668;4;10020;4004;1;1302603;13;1;41.554545454545455
2017;98957;668;4;10020;4004;1;1302603;13;1;41.554545454545455
2017;98957;668;4;10020;4004;1;1302603;13;1;41.554545454545455
2017;98957;668;4;10020;4004;1;1302603;13;1;41.554545454545455
2017;98957;668;4;10020;4004;1;1302603;13;1;41.554545454545455
2017;98957;668;4;10020;4004;1;1302603;13;1;41.554545454545455
2017;98957;668;4;10020;4004;1;1302603;13;1;41.554545454545455
2017;98957;668;4;10020;4004;1;1302603;13;1;41.554545454545455
2017;98957;668;4;10020;4004;1;1302603;13;1;41.554545454545455
2017;98957;668;4;10020;4004;1;1302603;13;1;41.554545454545455
2017;98957;668;4;10020;4004;1;1302603;13;1;41.554545454545455
2017;98957;668;4;10020;4004;1;1302603;13;1;41.554545454545455
2017;98957;668;4;10020;4004;1;1302603;13;1;41.554545454545455
2017;98957;668;4;10020;4004;1;1302603;13;1;41.554545454545455
2017;98957;668;4;10020;4004;1;1302603;13;1;41.554545454545455
2017;98957;668;4;10020;4004;1;1302603;13;1;41.554545454545455
2017;98957;668;4;10020;4004;1;1302603;13;1;41.554545454545455
2017;98957;668;4;10020;4004;1;1302603;13;1;41.554545454545455
2017;98957;668;4;10020;4004;1;1302603;13;1;41.554545454545455
2017;98957;668;4;10020;4004;1;1302603;13;1;41.554545454545455
2017;98957;668;4;10020;4004;1;1302603;13;1;41.554545454545455
2017;98957;668;4;10020;4004;1;1302603;13;1;41.554545454545455
2017;98957;668;4;10020;4004;1;1302603;13;1;41.554545454545455
2017;98957;668;4;10020;4004;1;1302603;13;1;41.554545454545455
2017;98957;668;4;10020;4004;1;1302603;13;1;41.554545454545455
2017;98957;668;4;10020;4004;1;1302603;13;1;41.554545454545455
2017;98957;668;4;10020;4004;1;1302603;13;1;41.554545454545455
2017;98957;668;4;10020;4004;1;1302603;13;1;41.554545454545455
2017;98957;668;4;10020;4004;1;1302603;13;1;41.554545454545455
2017;98957;668;4;10020;4004;1;1302603;13;1;41.554545454545455
2017;98957;668;4;10020;4004;1;1302603;13;1;41.554545454545455
2017;98957;668;4;10020;4004;1;1302603;13;1;41.554545454545455
2017;98957;668;4;10020;4004;1;1302603;13;1;41.554545454545455
2017;98957;668;4;10020;4004;1;1302603;13;1;41.554545454545455
2017;98957;668;4;10020;4004;1;1302603;13;1;41.554545454545455
2017;98957;668;4;10020;4004;1;1302603;13;1;41.554545454545455
2017;98957;668;4;10020;4004;1;1302603;13;1;41.554545454545455
2017;98957;668;4;10020;4004;1;1302603;13;1;41.554545454545455
2017;98957;668;4;10020;4004;1;1302603;13;1;41.554545454545455
2017;98957;668;4;10020;4004;1;1302603;13;1;41.554545454545455
2017;98957;668;4;10020;4004;1;1302603;13;1;41.554545454545455
2017;98957;668;4;10020;4004;1;1302603;13;1;41.554545454545455
2017;100075;71;2;10028;4004;1;2411205;24;2;42.41111111111112
2017;100075;71;2;10028;4004;1;2411205;24;2;42.41111111111112
2017;100075;71;2;10028;4004;1;2411205;24;2;42.41111111111112
2017;100075;71;2;10028;4004;1;2411205;24;2;42.41111111111112
2017;100075;71;2;10028;4004;1;2411205;24;2;42.41111111111112
2017;100075;71;2;10028;4004;1;2411205;24;2;42.41111111111112
2017;100075;71;2;10028;4004;1;2411205;24;2;42.41111111111112
2017;100075;71;2;10028;4004;1;2411205;24;2;42.41111111111112
2017;100075;71;2;10028;4004;1;2411205;24;2;42.41111111111112
2017;100105;71;2;10028;4004;1;2408300;24;2;35.94285714285714
2017;100105;71;2;10028;4004;1;2408300;24;2;35.94285714285714
2017;100105;71;2;10028;4004;1;2408300;24;2;35.94285714285714
2017;100105;71;2;10028;4004;1;2408300;24;2;35.94285714285714
2017;100105;71;2;10028;4004;1;2408300;24;2;35.94285714285714
2017;100105;71;2;10028;4004;1;2408300;24;2;35.94285714285714
2017;100105;71;2;10028;4004;1;2408300;24;2;35.94285714285714
2017;101942;577;1;10028;4004;1;2700300;27;2;57.614999999999995
2017;101942;577;1;10028;4004;1;2700300;27;2;57.614999999999995
2017;101942;577;1;10028;4004;1;2700300;27;2;57.614999999999995
2017;101942;577;1;10028;4004;1;2700300;27;2;57.614999999999995
2017;101942;577;1;10028;4004;1;2700300;27;2;57.614999999999995
2017;101942;577;1;10028;4004;1;2700300;27;2;57.614999999999995
2017;101942;577;1;10028;4004;1;2700300;27;2;57.614999999999995
2017;101942;577;1;10028;4004;1;2700300;27;2;57.614999999999995
2017;101942;577;1;10028;4004;1;2700300;27;2;57.614999999999995
2017;101942;577;1;10028;4004;1;2700300;27;2;57.614999999999995
2017;101942;577;1;10028;4004;1;2700300;27;2;57.614999999999995
2017;101942;577;1;10028;4004;1;2700300;27;2;57.614999999999995
2017;101942;577;1;10028;4004;1;2700300;27;2;57.614999999999995
2017;101942;577;1;10028;4004;1;2700300;27;2;57.614999999999995
2017;101942;577;1;10028;4004;1;2700300;27;2;57.614999999999995
2017;101942;577;1;10028;4004;1;2700300;27;2;57.614999999999995
2017;101942;577;1;10028;4004;1;2700300;27;2;57.614999999999995
2017;101942;577;1;10028;4004;1;2700300;27;2;57.614999999999995
2017;101942;577;1;10028;4004;1;2700300;27;2;57.614999999999995
2017;101942;577;1;10028;4004;1;2700300;27;2;57.614999999999995
2017;101942;577;1;10028;4004;1;2700300;27;2;57.614999999999995
2017;101942;577;1;10028;4004;1;2700300;27;2;57.614999999999995
2017;101942;577;1;10028;4004;1;2700300;27;2;57.614999999999995
2017;101942;577;1;10028;4004;1;2700300;27;2;57.614999999999995
2017;101942;577;1;10028;4004;1;2700300;27;2;57.614999999999995
2017;101942;577;1;10028;4004;1;2700300;27;2;57.614999999999995
2017;101942;577;1;10028;4004;1;2700300;27;2;57.614999999999995
2017;101942;577;1;10028;4004;1;2700300;27;2;57.614999999999995
2017;101942;577;1;10028;4004;1;2700300;27;2;57.614999999999995
2017;101942;577;1;10028;4004;1;2700300;27;2;57.614999999999995
2017;101942;577;1;10028;4004;1;2700300;27;2;57.614999999999995
2017;101942;577;1;10028;4004;1;2700300;27;2;57.614999999999995
2017;101942;577;1;10028;4004;1;2700300;27;2;57.614999999999995
2017;101942;577;1;10028;4004;1;2700300;27;2;57.614999999999995
2017;101942;577;1;10028;4004;1;2700300;27;2;57.614999999999995
2017;101942;577;1;10028;4004;1;2700300;27;2;57.614999999999995
2017;101942;577;1;10028;4004;1;2700300;27;2;57.614999999999995
2017;101942;577;1;10028;4004;1;2700300;27;2;57.614999999999995
2017;101942;577;1;10028;4004;1;2700300;27;2;57.614999999999995
2017;101942;577;1;10028;4004;1;2700300;27;2;57.614999999999995
2017;101942;577;1;10028;4004;1;2700300;27;2;57.614999999999995
2017;106996;1422;4;10020;4004;1;1302603;13;1;51.48461538461538
2017;106996;1422;4;10020;4004;1;1302603;13;1;51.48461538461538
2017;106996;1422;4;10020;4004;1;1302603;13;1;51.48461538461538
2017;106996;1422;4;10020;4004;1;1302603;13;1;51.48461538461538
2017;106996;1422;4;10020;4004;1;1302603;13;1;51.48461538461538
2017;106996;1422;4;10020;4004;1;1302603;13;1;51.48461538461538
2017;106996;1422;4;10020;4004;1;1302603;13;1;51.48461538461538
2017;106996;1422;4;10020;4004;1;1302603;13;1;51.48461538461538
2017;106996;1422;4;10020;4004;1;1302603;13;1;51.48461538461538
2017;106996;1422;4;10020;4004;1;1302603;13;1;51.48461538461538
2017;106996;1422;4;10020;4004;1;1302603;13;1;51.48461538461538
2017;106996;1422;4;10020;4004;1;1302603;13;1;51.48461538461538
2017;106996;1422;4;10020;4004;1;1302603;13;1;51.48461538461538
2017;106996;1422;4;10020;4004;1;1302603;13;1;51.48461538461538
2017;106996;1422;4;10020;4004;1;1302603;13;1;51.48461538461538
2017;106996;1422;4;10020;4004;1;1302603;13;1;51.48461538461538
2017;106996;1422;4;10020;4004;1;1302603;13;1;51.48461538461538
2017;106996;1422;4;10020;4004;1;1302603;13;1;51.48461538461538
2017;106996;1422;4;10020;4004;1;1302603;13;1;51.48461538461538
2017;106996;1422;4;10020;4004;1;1302603;13;1;51.48461538461538
2017;106996;1422;4;10020;4004;1;1302603;13;1;51.48461538461538
2017;106996;1422;4;10020;4004;1;1302603;13;1;51.48461538461538
2017;106996;1422;4;10020;4004;1;1302603;13;1;51.48461538461538
2017;106996;1422;4;10020;4004;1;1302603;13;1;51.48461538461538
2017;106996;1422;4;10020;4004;1;1302603;13;1;51.48461538461538
2017;106996;1422;4;10020;4004;1;1302603;13;1;51.48461538461538
2017;106996;1422;4;10020;4004;1;1302603;13;1;51.48461538461538
2017;106996;1422;4;10020;4004;1;1302603;13;1;51.48461538461538
2017;106996;1422;4;10020;4004;1;1302603;13;1;51.48461538461538
2017;106996;1422;4;10020;4004;1;1302603;13;1;51.48461538461538
2017;106996;1422;4;10020;4004;1;1302603;13;1;51.48461538461538
2017;106996;1422;4;10020;4004;1;1302603;13;1;51.48461538461538
2017;106996;1422;4;10020;4004;1;1302603;13;1;51.48461538461538
2017;106996;1422;4;10020;4004;1;1302603;13;1;51.48461538461538
2017;106996;1422;4;10020;4004;1;1302603;13;1;51.48461538461538
2017;106996;1422;4;10020;4004;1;1302603;13;1;51.48461538461538
2017;106996;1422;4;10020;4004;1;1302603;13;1;51.48461538461538
2017;106996;1422;4;10020;4004;1;1302603;13;1;51.48461538461538
2017;106996;1422;4;10020;4004;1;1302603;13;1;51.48461538461538
2017;106996;1422;4;10020;4004;1;1302603;13;1;51.48461538461538
2017;106996;1422;4;10020;4004;1;1302603;13;1;51.48461538461538
2017;106996;1422;4;10020;4004;1;1302603;13;1;51.48461538461538
2017;106996;1422;4;10020;4004;1;1302603;13;1;51.48461538461538
2017;106996;1422;4;10020;4004;1;1302603;13;1;51.48461538461538
2017;106996;1422;4;10020;4004;1;1302603;13;1;51.48461538461538
2017;106996;1422;4;10020;4004;1;1302603;13;1;51.48461538461538
2017;106996;1422;4;10020;4004;1;1302603;13;1;51.48461538461538
2017;106996;1422;4;10020;4004;1;1302603;13;1;51.48461538461538
2017;106996;1422;4;10020;4004;1;1302603;13;1;51.48461538461538
2017;106996;1422;4;10020;4004;1;1302603;13;1;51.48461538461538
2017;106996;1422;4;10020;4004;1;1302603;13;1;51.48461538461538
2017;106996;1422;4;10020;4004;1;1302603;13;1;51.48461538461538
2017;106996;1422;4;10020;4004;1;1302603;13;1;51.48461538461538
2017;106996;1422;4;10020;4004;1;1302603;13;1;51.48461538461538
2017;106996;1422;4;10020;4004;1;1302603;13;1;51.48461538461538
2017;106996;1422;4;10020;4004;1;1302603;13;1;51.48461538461538
2017;106996;1422;4;10020;4004;1;1302603;13;1;51.48461538461538
2017;106996;1422;4;10020;4004;1;1302603;13;1;51.48461538461538
2017;106996;1422;4;10020;4004;1;1302603;13;1;51.48461538461538
2017;106996;1422;4;10020;4004;1;1302603;13;1;51.48461538461538
2017;106996;1422;4;10020;4004;1;1302603;13;1;51.48461538461538
2017;106996;1422;4;10020;4004;1;1302603;13;1;51.48461538461538
2017;106996;1422;4;10020;4004;1;1302603;13;1;51.48461538461538
2017;106996;1422;4;10020;4004;1;1302603;13;1;51.48461538461538
2017;106996;1422;4;10020;4004;1;1302603;13;1;51.48461538461538
2017;106996;1422;4;10020;4004;1;1302603;13;1;51.48461538461538
2017;106996;1422;4;10020;4004;1;1302603;13;1;51.48461538461538
2017;106996;1422;4;10020;4004;1;1302603;13;1;51.48461538461538
2017;106996;1422;4;10020;4004;1;1302603;13;1;51.48461538461538
2017;106996;1422;4;10020;4004;1;1302603;13;1;51.48461538461538
2017;106996;1422;4;10020;4004;1;1302603;13;1;51.48461538461538
2017;106996;1422;4;10020;4004;1;1302603;13;1;51.48461538461538
2017;106996;1422;4;10020;4004;1;1302603;13;1;51.48461538461538
2017;106996;1422;4;10020;4004;1;1302603;13;1;51.48461538461538
2017;106996;1422;4;10020;4004;1;1302603;13;1;51.48461538461538
2017;106996;1422;4;10020;4004;1;1302603;13;1;51.48461538461538
2017;106996;1422;4;10020;4004;1;1302603;13;1;51.48461538461538
2017;106996;1422;4;10020;4004;1;1302603;13;1;51.48461538461538
2017;106996;1422;4;10020;4004;1;1302603;13;1;51.48461538461538
2017;106996;1422;4;10020;4004;1;1302603;13;1;51.48461538461538
2017;106996;1422;4;10020;4004;1;1302603;13;1;51.48461538461538
2017;107920;4865;4;10022;4004;1;2111300;21;2;52.524096385542165
2017;107920;4865;4;10022;4004;1;2111300;21;2;52.524096385542165
2017;107920;4865;4;10022;4004;1;2111300;21;2;52.524096385542165
2017;107920;4865;4;10022;4004;1;2111300;21;2;52.524096385542165
2017;107920;4865;4;10022;4004;1;2111300;21;2;52.524096385542165
2017;107920;4865;4;10022;4004;1;2111300;21;2;52.524096385542165
2017;107920;4865;4;10022;4004;1;2111300;21;2;52.524096385542165
2017;107920;4865;4;10022;4004;1;2111300;21;2;52.524096385542165
2017;107920;4865;4;10022;4004;1;2111300;21;2;52.524096385542165
2017;107920;4865;4;10022;4004;1;2111300;21;2;52.524096385542165
2017;107920;4865;4;10022;4004;1;2111300;21;2;52.524096385542165
2017;107920;4865;4;10022;4004;1;2111300;21;2;52.524096385542165
2017;107920;4865;4;10022;4004;1;2111300;21;2;52.524096385542165
2017;107920;4865;4;10022;4004;1;2111300;21;2;52.524096385542165
2017;107920;4865;4;10022;4004;1;2111300;21;2;52.524096385542165
2017;107920;4865;4;10022;4004;1;2111300;21;2;52.524096385542165
2017;107920;4865;4;10022;4004;1;2111300;21;2;52.524096385542165
2017;107920;4865;4;10022;4004;1;2111300;21;2;52.524096385542165
2017;107920;4865;4;10022;4004;1;2111300;21;2;52.524096385542165
2017;107920;4865;4;10022;4004;1;2111300;21;2;52.524096385542165
2017;107920;4865;4;10022;4004;1;2111300;21;2;52.524096385542165
2017;107920;4865;4;10022;4004;1;2111300;21;2;52.524096385542165
2017;107920;4865;4;10022;4004;1;2111300;21;2;52.524096385542165
2017;107920;4865;4;10022;4004;1;2111300;21;2;52.524096385542165
2017;107920;4865;4;10022;4004;1;2111300;21;2;52.524096385542165
2017;107920;4865;4;10022;4004;1;2111300;21;2;52.524096385542165
2017;107920;4865;4;10022;4004;1;2111300;21;2;52.524096385542165
2017;107920;4865;4;10022;4004;1;2111300;21;2;52.524096385542165
2017;107920;4865;4;10022;4004;1;2111300;21;2;52.524096385542165
2017;107920;4865;4;10022;4004;1;2111300;21;2;52.524096385542165
2017;107920;4865;4;10022;4004;1;2111300;21;2;52.524096385542165
2017;107920;4865;4;10022;4004;1;2111300;21;2;52.524096385542165
2017;107920;4865;4;10022;4004;1;2111300;21;2;52.524096385542165
2017;107920;4865;4;10022;4004;1;2111300;21;2;52.524096385542165
2017;107920;4865;4;10022;4004;1;2111300;21;2;52.524096385542165
2017;107920;4865;4;10022;4004;1;2111300;21;2;52.524096385542165
2017;107920;4865;4;10022;4004;1;2111300;21;2;52.524096385542165
2017;107920;4865;4;10022;4004;1;2111300;21;2;52.524096385542165
2017;107920;4865;4;10022;4004;1;2111300;21;2;52.524096385542165
2017;107920;4865;4;10022;4004;1;2111300;21;2;52.524096385542165
2017;107920;4865;4;10022;4004;1;2111300;21;2;52.524096385542165
2017;107920;4865;4;10022;4004;1;2111300;21;2;52.524096385542165
2017;107920;4865;4;10022;4004;1;2111300;21;2;52.524096385542165
2017;107920;4865;4;10022;4004;1;2111300;21;2;52.524096385542165
2017;107920;4865;4;10022;4004;1;2111300;21;2;52.524096385542165
2017;107920;4865;4;10022;4004;1;2111300;21;2;52.524096385542165
2017;107920;4865;4;10022;4004;1;2111300;21;2;52.524096385542165
2017;107920;4865;4;10022;4004;1;2111300;21;2;52.524096385542165
2017;107920;4865;4;10022;4004;1;2111300;21;2;52.524096385542165
2017;107920;4865;4;10022;4004;1;2111300;21;2;52.524096385542165
2017;107920;4865;4;10022;4004;1;2111300;21;2;52.524096385542165
2017;107920;4865;4;10022;4004;1;2111300;21;2;52.524096385542165
2017;107920;4865;4;10022;4004;1;2111300;21;2;52.524096385542165
2017;107920;4865;4;10022;4004;1;2111300;21;2;52.524096385542165
2017;107920;4865;4;10022;4004;1;2111300;21;2;52.524096385542165
2017;107920;4865;4;10022;4004;1;2111300;21;2;52.524096385542165
2017;107920;4865;4;10022;4004;1;2111300;21;2;52.524096385542165
2017;107920;4865;4;10022;4004;1;2111300;21;2;52.524096385542165
2017;107920;4865;4;10022;4004;1;2111300;21;2;52.524096385542165
2017;107920;4865;4;10022;4004;1;2111300;21;2;52.524096385542165
2017;107920;4865;4;10022;4004;1;2111300;21;2;52.524096385542165
2017;107920;4865;4;10022;4004;1;2111300;21;2;52.524096385542165
2017;107920;4865;4;10022;4004;1;2111300;21;2;52.524096385542165
2017;107920;4865;4;10022;4004;1;2111300;21;2;52.524096385542165
2017;107920;4865;4;10022;4004;1;2111300;21;2;52.524096385542165
2017;107920;4865;4;10022;4004;1;2111300;21;2;52.524096385542165
2017;107920;4865;4;10022;4004;1;2111300;21;2;52.524096385542165
2017;107920;4865;4;10022;4004;1;2111300;21;2;52.524096385542165
2017;107920;4865;4;10022;4004;1;2111300;21;2;52.524096385542165
2017;107920;4865;4;10022;4004;1;2111300;21;2;52.524096385542165
2017;107920;4865;4;10022;4004;1;2111300;21;2;52.524096385542165
2017;107920;4865;4;10022;4004;1;2111300;21;2;52.524096385542165
2017;107920;4865;4;10022;4004;1;2111300;21;2;52.524096385542165
2017;107920;4865;4;10022;4004;1;2111300;21;2;52.524096385542165
2017;107920;4865;4;10022;4004;1;2111300;21;2;52.524096385542165
2017;107920;4865;4;10022;4004;1;2111300;21;2;52.524096385542165
2017;107920;4865;4;10022;4004;1;2111300;21;2;52.524096385542165
2017;107920;4865;4;10022;4004;1;2111300;21;2;52.524096385542165
2017;107920;4865;4;10022;4004;1;2111300;21;2;52.524096385542165
2017;107920;4865;4;10022;4004;1;2111300;21;2;52.524096385542165
2017;107920;4865;4;10022;4004;1;2111300;21;2;52.524096385542165
2017;107920;4865;4;10022;4004;1;2111300;21;2;52.524096385542165
2017;107920;4865;4;10022;4004;1;2111300;21;2;52.524096385542165
2017;107920;4865;4;10022;4004;1;2111300;21;2;52.524096385542165
2017;107920;4865;4;10022;4004;1;2111300;21;2;52.524096385542165
2017;107920;4865;4;10022;4004;1;2111300;21;2;52.524096385542165
2017;107920;4865;4;10022;4004;1;2111300;21;2;52.524096385542165
2017;107920;4865;4;10022;4004;1;2111300;21;2;52.524096385542165
2017;107920;4865;4;10022;4004;1;2111300;21;2;52.524096385542165
2017;107920;4865;4;10022;4004;1;2111300;21;2;52.524096385542165
2017;107920;4865;4;10022;4004;1;2111300;21;2;52.524096385542165
2017;107920;4865;4;10022;4004;1;2111300;21;2;52.524096385542165
2017;107920;4865;4;10022;4004;1;2111300;21;2;52.524096385542165
2017;107920;4865;4;10022;4004;1;2111300;21;2;52.524096385542165
2017;107920;4865;4;10022;4004;1;2111300;21;2;52.524096385542165
2017;107920;4865;4;10022;4004;1;2111300;21;2;52.524096385542165
2017;107920;4865;4;10022;4004;1;2111300;21;2;52.524096385542165
2017;107920;4865;4;10022;4004;1;2111300;21;2;52.524096385542165
2017;107920;4865;4;10022;4004;1;2111300;21;2;52.524096385542165
2017;107920;4865;4;10022;4004;1;2111300;21;2;52.524096385542165
2017;107920;4865;4;10022;4004;1;2111300;21;2;52.524096385542165
2017;107920;4865;4;10022;4004;1;2111300;21;2;52.524096385542165
2017;107920;4865;4;10022;4004;1;2111300;21;2;52.524096385542165
2017;107920;4865;4;10022;4004;1;2111300;21;2;52.524096385542165
2017;107920;4865;4;10022;4004;1;2111300;21;2;52.524096385542165
2017;107920;4865;4;10022;4004;1;2111300;21;2;52.524096385542165
2017;107920;4865;4;10022;4004;1;2111300;21;2;52.524096385542165
2017;107920;4865;4;10022;4004;1;2111300;21;2;52.524096385542165
2017;107920;4865;4;10022;4004;1;2111300;21;2;52.524096385542165
2017;107920;4865;4;10022;4004;1;2111300;21;2;52.524096385542165
2017;107920;4865;4;10022;4004;1;2111300;21;2;52.524096385542165
2017;107920;4865;4;10022;4004;1;2111300;21;2;52.524096385542165
2017;107920;4865;4;10022;4004;1;2111300;21;2;52.524096385542165
2017;107920;4865;4;10022;4004;1;2111300;21;2;52.524096385542165
2017;118468;587;1;10028;4004;1;2606002;26;2;67.33043478260869
2017;118468;587;1;10028;4004;1;2606002;26;2;67.33043478260869
2017;118468;587;1;10028;4004;1;2606002;26;2;67.33043478260869
2017;118468;587;1;10028;4004;1;2606002;26;2;67.33043478260869
2017;118468;587;1;10028;4004;1;2606002;26;2;67.33043478260869
2017;118468;587;1;10028;4004;1;2606002;26;2;67.33043478260869
2017;118468;587;1;10028;4004;1;2606002;26;2;67.33043478260869
2017;118468;587;1;10028;4004;1;2606002;26;2;67.33043478260869
2017;118468;587;1;10028;4004;1;2606002;26;2;67.33043478260869
2017;118468;587;1;10028;4004;1;2606002;26;2;67.33043478260869
2017;118468;587;1;10028;4004;1;2606002;26;2;67.33043478260869
2017;118468;587;1;10028;4004;1;2606002;26;2;67.33043478260869
2017;118468;587;1;10028;4004;1;2606002;26;2;67.33043478260869
2017;118468;587;1;10028;4004;1;2606002;26;2;67.33043478260869
2017;118468;587;1;10028;4004;1;2606002;26;2;67.33043478260869
2017;118468;587;1;10028;4004;1;2606002;26;2;67.33043478260869
2017;118468;587;1;10028;4004;1;2606002;26;2;67.33043478260869
2017;118468;587;1;10028;4004;1;2606002;26;2;67.33043478260869
2017;118468;587;1;10028;4004;1;2606002;26;2;67.33043478260869
2017;118468;587;1;10028;4004;1;2606002;26;2;67.33043478260869
2017;118468;587;1;10028;4004;1;2606002;26;2;67.33043478260869
2017;118468;587;1;10028;4004;1;2606002;26;2;67.33043478260869
2017;118468;587;1;10028;4004;1;2606002;26;2;67.33043478260869
2017;118468;587;1;10028;4004;1;2606002;26;2;67.33043478260869
2017;119534;4700;4;10022;4004;1;2611606;26;2;51.148648648648646
2017;119534;4700;4;10022;4004;1;2611606;26;2;51.148648648648646
2017;119534;4700;4;10022;4004;1;2611606;26;2;51.148648648648646
2017;119534;4700;4;10022;4004;1;2611606;26;2;51.148648648648646
2017;119534;4700;4;10022;4004;1;2611606;26;2;51.148648648648646
2017;119534;4700;4;10022;4004;1;2611606;26;2;51.148648648648646
2017;119534;4700;4;10022;4004;1;2611606;26;2;51.148648648648646
2017;119534;4700;4;10022;4004;1;2611606;26;2;51.148648648648646
2017;119534;4700;4;10022;4004;1;2611606;26;2;51.148648648648646
2017;119534;4700;4;10022;4004;1;2611606;26;2;51.148648648648646
2017;119534;4700;4;10022;4004;1;2611606;26;2;51.148648648648646
2017;119534;4700;4;10022;4004;1;2611606;26;2;51.148648648648646
2017;119534;4700;4;10022;4004;1;2611606;26;2;51.148648648648646
2017;119534;4700;4;10022;4004;1;2611606;26;2;51.148648648648646
2017;119534;4700;4;10022;4004;1;2611606;26;2;51.148648648648646
2017;119534;4700;4;10022;4004;1;2611606;26;2;51.148648648648646
2017;119534;4700;4;10022;4004;1;2611606;26;2;51.148648648648646
2017;119534;4700;4;10022;4004;1;2611606;26;2;51.148648648648646
2017;119534;4700;4;10022;4004;1;2611606;26;2;51.148648648648646
2017;119534;4700;4;10022;4004;1;2611606;26;2;51.148648648648646
2017;119534;4700;4;10022;4004;1;2611606;26;2;51.148648648648646
2017;119534;4700;4;10022;4004;1;2611606;26;2;51.148648648648646
2017;119534;4700;4;10022;4004;1;2611606;26;2;51.148648648648646
2017;119534;4700;4;10022;4004;1;2611606;26;2;51.148648648648646
2017;119534;4700;4;10022;4004;1;2611606;26;2;51.148648648648646
2017;119534;4700;4;10022;4004;1;2611606;26;2;51.148648648648646
2017;119534;4700;4;10022;4004;1;2611606;26;2;51.148648648648646
2017;119534;4700;4;10022;4004;1;2611606;26;2;51.148648648648646
2017;119534;4700;4;10022;4004;1;2611606;26;2;51.148648648648646
2017;119534;4700;4;10022;4004;1;2611606;26;2;51.148648648648646
2017;119534;4700;4;10022;4004;1;2611606;26;2;51.148648648648646
2017;119534;4700;4;10022;4004;1;2611606;26;2;51.148648648648646
2017;119534;4700;4;10022;4004;1;2611606;26;2;51.148648648648646
2017;119534;4700;4;10022;4004;1;2611606;26;2;51.148648648648646
2017;119534;4700;4;10022;4004;1;2611606;26;2;51.148648648648646
2017;119534;4700;4;10022;4004;1;2611606;26;2;51.148648648648646
2017;119534;4700;4;10022;4004;1;2611606;26;2;51.148648648648646
2017;119534;4700;4;10022;4004;1;2611606;26;2;51.148648648648646
2017;119534;4700;4;10022;4004;1;2611606;26;2;51.148648648648646
2017;119534;4700;4;10022;4004;1;2611606;26;2;51.148648648648646
2017;119534;4700;4;10022;4004;1;2611606;26;2;51.148648648648646
2017;119534;4700;4;10022;4004;1;2611606;26;2;51.148648648648646
2017;318882;699;1;10028;4004;1;1100205;11;1;54.0
2017;318882;699;1;10028;4004;1;1100205;11;1;54.0
2017;318882;699;1;10028;4004;1;1100205;11;1;54.0
2017;318882;699;1;10028;4004;1;1100205;11;1;54.0
2017;318882;699;1;10028;4004;1;1100205;11;1;54.0
2017;318882;699;1;10028;4004;1;1100205;11;1;54.0
2017;318882;699;1;10028;4004;1;1100205;11;1;54.0
2017;318882;699;1;10028;4004;1;1100205;11;1;54.0
2017;318882;699;1;10028;4004;1;1100205;11;1;54.0
2017;318882;699;1;10028;4004;1;1100205;11;1;54.0
2017;318882;699;1;10028;4004;1;1100205;11;1;54.0
2017;318882;699;1;10028;4004;1;1100205;11;1;54.0
2017;318882;699;1;10028;4004;1;1100205;11;1;54.0
2017;318882;699;1;10028;4004;1;1100205;11;1;54.0
2017;318882;699;1;10028;4004;1;1100205;11;1;54.0
2017;318882;699;1;10028;4004;1;1100205;11;1;54.0
2017;1070485;2150;4;10022;4004;1;2211001;22;2;47.128571428571426
2017;1070485;2150;4;10022;4004;1;2211001;22;2;47.128571428571426
2017;1070485;2150;4;10022;4004;1;2211001;22;2;47.128571428571426
2017;1070485;2150;4;10022;4004;1;2211001;22;2;47.128571428571426
2017;1070485;2150;4;10022;4004;1;2211001;22;2;47.128571428571426
2017;1070485;2150;4;10022;4004;1;2211001;22;2;47.128571428571426
2017;1070485;2150;4;10022;4004;1;2211001;22;2;47.128571428571426
2017;1070485;2150;4;10022;4004;1;2211001;22;2;47.128571428571426
2017;1070485;2150;4;10022;4004;1;2211001;22;2;47.128571428571426
2017;1070485;2150;4;10022;4004;1;2211001;22;2;47.128571428571426
2017;1070485;2150;4;10022;4004;1;2211001;22;2;47.128571428571426
2017;1070485;2150;4;10022;4004;1;2211001;22;2;47.128571428571426
2017;1070485;2150;4;10022;4004;1;2211001;22;2;47.128571428571426
2017;1070485;2150;4;10022;4004;1;2211001;22;2;47.128571428571426
2017;1070485;2150;4;10022;4004;1;2211001;22;2;47.128571428571426
2017;1070485;2150;4;10022;4004;1;2211001;22;2;47.128571428571426
2017;1070485;2150;4;10022;4004;1;2211001;22;2;47.128571428571426
2017;1070485;2150;4;10022;4004;1;2211001;22;2;47.128571428571426
2017;1070485;2150;4;10022;4004;1;2211001;22;2;47.128571428571426
2017;1070485;2150;4;10022;4004;1;2211001;22;2;47.128571428571426
2017;1070485;2150;4;10022;4004;1;2211001;22;2;47.128571428571426
2017;1070485;2150;4;10022;4004;1;2211001;22;2;47.128571428571426
2017;1070485;2150;4;10022;4004;1;2211001;22;2;47.128571428571426
2017;1070485;2150;4;10022;4004;1;2211001;22;2;47.128571428571426
2017;1070485;2150;4;10022;4004;1;2211001;22;2;47.128571428571426
2017;1070485;2150;4;10022;4004;1;2211001;22;2;47.128571428571426
2017;1070485;2150;4;10022;4004;1;2211001;22;2;47.128571428571426
2017;1070485;2150;4;10022;4004;1;2211001;22;2;47.128571428571426
2017;1070485;2150;4;10022;4004;1;2211001;22;2;47.128571428571426
2017;1070485;2150;4;10022;4004;1;2211001;22;2;47.128571428571426
2017;1070485;2150;4;10022;4004;1;2211001;22;2;47.128571428571426
2017;1070485;2150;4;10022;4004;1;2211001;22;2;47.128571428571426
2017;1070485;2150;4;10022;4004;1;2211001;22;2;47.128571428571426
2017;1076129;2917;4;10022;4004;1;1600303;16;1;38.78823529411765
2017;1076129;2917;4;10022;4004;1;1600303;16;1;38.78823529411765
2017;1076129;2917;4;10022;4004;1;1600303;16;1;38.78823529411765
2017;1076129;2917;4;10022;4004;1;1600303;16;1;38.78823529411765
2017;1076129;2917;4;10022;4004;1;1600303;16;1;38.78823529411765
2017;1076129;2917;4;10022;4004;1;1600303;16;1;38.78823529411765
2017;1076129;2917;4;10022;4004;1;1600303;16;1;38.78823529411765
2017;1076129;2917;4;10022;4004;1;1600303;16;1;38.78823529411765
2017;1076129;2917;4;10022;4004;1;1600303;16;1;38.78823529411765
2017;1076129;2917;4;10022;4004;1;1600303;16;1;38.78823529411765
2017;1076129;2917;4;10022;4004;1;1600303;16;1;38.78823529411765
2017;1076129;2917;4;10022;4004;1;1600303;16;1;38.78823529411765
2017;1076129;2917;4;10022;4004;1;1600303;16;1;38.78823529411765
2017;1076129;2917;4;10022;4004;1;1600303;16;1;38.78823529411765
2017;1076129;2917;4;10022;4004;1;1600303;16;1;38.78823529411765
2017;1076129;2917;4;10022;4004;1;1600303;16;1;38.78823529411765
2017;1076129;2917;4;10022;4004;1;1600303;16;1;38.78823529411765
2017;1076129;2917;4;10022;4004;1;1600303;16;1;38.78823529411765
2017;1076129;2917;4;10022;4004;1;1600303;16;1;38.78823529411765
2017;1076129;2917;4;10022;4004;1;1600303;16;1;38.78823529411765
2017;1076129;2917;4;10022;4004;1;1600303;16;1;38.78823529411765
2017;1076129;2917;4;10022;4004;1;1600303;16;1;38.78823529411765
2017;1102628;587;1;10028;4004;1;2611606;26;2;59.67209302325582
2017;1102628;587;1;10028;4004;1;2611606;26;2;59.67209302325582
2017;1102628;587;1;10028;4004;1;2611606;26;2;59.67209302325582
2017;1102628;587;1;10028;4004;1;2611606;26;2;59.67209302325582
2017;1102628;587;1;10028;4004;1;2611606;26;2;59.67209302325582
2017;1102628;587;1;10028;4004;1;2611606;26;2;59.67209302325582
2017;1102628;587;1;10028;4004;1;2611606;26;2;59.67209302325582
2017;1102628;587;1;10028;4004;1;2611606;26;2;59.67209302325582
2017;1102628;587;1;10028;4004;1;2611606;26;2;59.67209302325582
2017;1102628;587;1;10028;4004;1;2611606;26;2;59.67209302325582
2017;1102628;587;1;10028;4004;1;2611606;26;2;59.67209302325582
2017;1102628;587;1;10028;4004;1;2611606;26;2;59.67209302325582
2017;1102628;587;1;10028;4004;1;2611606;26;2;59.67209302325582
2017;1102628;587;1;10028;4004;1;2611606;26;2;59.67209302325582
2017;1102628;587;1;10028;4004;1;2611606;26;2;59.67209302325582
2017;1102628;587;1;10028;4004;1;2611606;26;2;59.67209302325582
2017;1102628;587;1;10028;4004;1;2611606;26;2;59.67209302325582
2017;1102628;587;1;10028;4004;1;2611606;26;2;59.67209302325582
2017;1102628;587;1;10028;4004;1;2611606;26;2;59.67209302325582
2017;1102628;587;1;10028;4004;1;2611606;26;2;59.67209302325582
2017;1102628;587;1;10028;4004;1;2611606;26;2;59.67209302325582
2017;1102628;587;1;10028;4004;1;2611606;26;2;59.67209302325582
2017;1102628;587;1;10028;4004;1;2611606;26;2;59.67209302325582
2017;1102628;587;1;10028;4004;1;2611606;26;2;59.67209302325582
2017;1102628;587;1;10028;4004;1;2611606;26;2;59.67209302325582
2017;1102628;587;1;10028;4004;1;2611606;26;2;59.67209302325582
2017;1102628;587;1;10028;4004;1;2611606;26;2;59.67209302325582
2017;1102628;587;1;10028;4004;1;2611606;26;2;59.67209302325582
2017;1102628;587;1;10028;4004;1;2611606;26;2;59.67209302325582
2017;1102628;587;1;10028;4004;1;2611606;26;2;59.67209302325582
2017;1102628;587;1;10028;4004;1;2611606;26;2;59.67209302325582
2017;1102628;587;1;10028;4004;1;2611606;26;2;59.67209302325582
2017;1102628;587;1;10028;4004;1;2611606;26;2;59.67209302325582
2017;1102628;587;1;10028;4004;1;2611606;26;2;59.67209302325582
2017;1102628;587;1;10028;4004;1;2611606;26;2;59.67209302325582
2017;1102628;587;1;10028;4004;1;2611606;26;2;59.67209302325582
2017;1102628;587;1;10028;4004;1;2611606;26;2;59.67209302325582
2017;1102628;587;1;10028;4004;1;2611606;26;2;59.67209302325582
2017;1102628;587;1;10028;4004;1;2611606;26;2;59.67209302325582
2017;1102628;587;1;10028;4004;1;2611606;26;2;59.67209302325582
2017;1102628;587;1;10028;4004;1;2611606;26;2;59.67209302325582
2017;1102628;587;1;10028;4004;1;2611606;26;2;59.67209302325582
2017;1102628;587;1;10028;4004;1;2611606;26;2;59.67209302325582
2017;1102628;587;1;10028;4004;1;2611606;26;2;59.67209302325582
2017;1102628;587;1;10028;4004;1;2611606;26;2;59.67209302325582
2017;1148708;453;5;10020;4004;1;1721000;17;1;59.5
2017;1148708;453;5;10020;4004;1;1721000;17;1;59.5
2017;1148708;453;5;10020;4004;1;1721000;17;1;59.5
2017;1148708;453;5;10020;4004;1;1721000;17;1;59.5
2017;1148708;453;5;10020;4004;1;1721000;17;1;59.5
2017;1148708;453;5;10020;4004;1;1721000;17;1;59.5
2017;1148708;453;5;10020;4004;1;1721000;17;1;59.5
2017;1148708;453;5;10020;4004;1;1721000;17;1;59.5
2017;1166783;600;1;10026;4004;1;2105302;21;2;45.62068965517241
2017;1166783;600;1;10026;4004;1;2105302;21;2;45.62068965517241
2017;1166783;600;1;10026;4004;1;2105302;21;2;45.62068965517241
2017;1166783;600;1;10026;4004;1;2105302;21;2;45.62068965517241
2017;1166783;600;1;10026;4004;1;2105302;21;2;45.62068965517241
2017;1166783;600;1;10026;4004;1;2105302;21;2;45.62068965517241
2017;1166783;600;1;10026;4004;1;2105302;21;2;45.62068965517241
2017;1166783;600;1;10026;4004;1;2105302;21;2;45.62068965517241
2017;1166783;600;1;10026;4004;1;2105302;21;2;45.62068965517241
2017;1166783;600;1;10026;4004;1;2105302;21;2;45.62068965517241
2017;1166783;600;1;10026;4004;1;2105302;21;2;45.62068965517241
2017;1166783;600;1;10026;4004;1;2105302;21;2;45.62068965517241
2017;1166783;600;1;10026;4004;1;2105302;21;2;45.62068965517241
2017;1166783;600;1;10026;4004;1;2105302;21;2;45.62068965517241
2017;1166783;600;1;10026;4004;1;2105302;21;2;45.62068965517241
2017;1166783;600;1;10026;4004;1;2105302;21;2;45.62068965517241
2017;1166783;600;1;10026;4004;1;2105302;21;2;45.62068965517241
2017;1166783;600;1;10026;4004;1;2105302;21;2;45.62068965517241
2017;1166783;600;1;10026;4004;1;2105302;21;2;45.62068965517241
2017;1166783;600;1;10026;4004;1;2105302;21;2;45.62068965517241
2017;1166783;600;1;10026;4004;1;2105302;21;2;45.62068965517241
2017;1166783;600;1;10026;4004;1;2105302;21;2;45.62068965517241
2017;1166783;600;1;10026;4004;1;2105302;21;2;45.62068965517241
2017;1166783;600;1;10026;4004;1;2105302;21;2;45.62068965517241
2017;1166783;600;1;10026;4004;1;2105302;21;2;45.62068965517241
2017;1166783;600;1;10026;4004;1;2105302;21;2;45.62068965517241
2017;1166783;600;1;10026;4004;1;2105302;21;2;45.62068965517241
2017;1166783;600;1;10026;4004;1;2105302;21;2;45.62068965517241
2017;1166783;600;1;10026;4004;1;2105302;21;2;45.62068965517241
2017;1181115;1807;1;10026;4004;1;2301109;23;2;53.07272727272727
2017;1181115;1807;1;10026;4004;1;2301109;23;2;53.07272727272727
2017;1181115;1807;1;10026;4004;1;2301109;23;2;53.07272727272727
2017;1181115;1807;1;10026;4004;1;2301109;23;2;53.07272727272727
2017;1181115;1807;1;10026;4004;1;2301109;23;2;53.07272727272727
2017;1181115;1807;1;10026;4004;1;2301109;23;2;53.07272727272727
2017;1181115;1807;1;10026;4004;1;2301109;23;2;53.07272727272727
2017;1181115;1807;1;10026;4004;1;2301109;23;2;53.07272727272727
2017;1181115;1807;1;10026;4004;1;2301109;23;2;53.07272727272727
2017;1181115;1807;1;10026;4004;1;2301109;23;2;53.07272727272727
2017;1181115;1807;1;10026;4004;1;2301109;23;2;53.07272727272727
2017;1187671;15059;1;10028;4004;1;1506807;15;1;53.5
2017;1187671;15059;1;10028;4004;1;1506807;15;1;53.5
2017;1187671;15059;1;10028;4004;1;1506807;15;1;53.5
2017;1187671;15059;1;10028;4004;1;1506807;15;1;53.5
2017;1187671;15059;1;10028;4004;1;1506807;15;1;53.5
2017;1187671;15059;1;10028;4004;1;1506807;15;1;53.5
2017;1187671;15059;1;10028;4004;1;1506807;15;1;53.5
2017;1187671;15059;1;10028;4004;1;1506807;15;1;53.5
2017;1187671;15059;1;10028;4004;1;1506807;15;1;53.5
2017;1187671;15059;1;10028;4004;1;1506807;15;1;53.5
2017;1187671;15059;1;10028;4004;1;1506807;15;1;53.5
2017;1187671;15059;1;10028;4004;1;1506807;15;1;53.5
2017;1187671;15059;1;10028;4004;1;1506807;15;1;53.5
2017;1187671;15059;1;10028;4004;1;1506807;15;1;53.5
2017;1187671;15059;1;10028;4004;1;1506807;15;1;53.5
2017;1187671;15059;1;10028;4004;1;1506807;15;1;53.5
2017;1187671;15059;1;10028;4004;1;1506807;15;1;53.5
2017;1187671;15059;1;10028;4004;1;1506807;15;1;53.5
2017;1187671;15059;1;10028;4004;1;1506807;15;1;53.5
2017;1187671;15059;1;10028;4004;1;1506807;15;1;53.5
2017;1187671;15059;1;10028;4004;1;1506807;15;1;53.5
2017;1187671;15059;1;10028;4004;1;1506807;15;1;53.5
2017;1187671;15059;1;10028;4004;1;1506807;15;1;53.5
2017;1187671;15059;1;10028;4004;1;1506807;15;1;53.5
2017;1187671;15059;1;10028;4004;1;1506807;15;1;53.5
2017;1187671;15059;1;10028;4004;1;1506807;15;1;53.5
2017;1187671;15059;1;10028;4004;1;1506807;15;1;53.5
2017;1187671;15059;1;10028;4004;1;1506807;15;1;53.5
2017;1187671;15059;1;10028;4004;1;1506807;15;1;53.5
2017;1187671;15059;1;10028;4004;1;1506807;15;1;53.5
2017;1187671;15059;1;10028;4004;1;1506807;15;1;53.5
2017;1187671;15059;1;10028;4004;1;1506807;15;1;53.5
2017;1187671;15059;1;10028;4004;1;1506807;15;1;53.5
2017;1187671;15059;1;10028;4004;1;1506807;15;1;53.5
2017;1187671;15059;1;10028;4004;1;1506807;15;1;53.5
2017;1187671;15059;1;10028;4004;1;1506807;15;1;53.5
2017;1187671;15059;1;10028;4004;1;1506807;15;1;53.5
2017;1187671;15059;1;10028;4004;1;1506807;15;1;53.5
2017;1190071;550;2;10028;4004;1;2504009;25;2;53.26428571428572
2017;1190071;550;2;10028;4004;1;2504009;25;2;53.26428571428572
2017;1190071;550;2;10028;4004;1;2504009;25;2;53.26428571428572
2017;1190071;550;2;10028;4004;1;2504009;25;2;53.26428571428572
2017;1190071;550;2;10028;4004;1;2504009;25;2;53.26428571428572
2017;1190071;550;2;10028;4004;1;2504009;25;2;53.26428571428572
2017;1190071;550;2;10028;4004;1;2504009;25;2;53.26428571428572
2017;1190071;550;2;10028;4004;1;2504009;25;2;53.26428571428572
2017;1190071;550;2;10028;4004;1;2504009;25;2;53.26428571428572
2017;1190071;550;2;10028;4004;1;2504009;25;2;53.26428571428572
2017;1190071;550;2;10028;4004;1;2504009;25;2;53.26428571428572
2017;1190071;550;2;10028;4004;1;2504009;25;2;53.26428571428572
2017;1190071;550;2;10028;4004;1;2504009;25;2;53.26428571428572
2017;1190071;550;2;10028;4004;1;2504009;25;2;53.26428571428572
2017;1190071;550;2;10028;4004;1;2504009;25;2;53.26428571428572
2017;1190071;550;2;10028;4004;1;2504009;25;2;53.26428571428572
2017;1190071;550;2;10028;4004;1;2504009;25;2;53.26428571428572
2017;1190071;550;2;10028;4004;1;2504009;25;2;53.26428571428572
2017;1190071;550;2;10028;4004;1;2504009;25;2;53.26428571428572
2017;1190071;550;2;10028;4004;1;2504009;25;2;53.26428571428572
2017;1190071;550;2;10028;4004;1;2504009;25;2;53.26428571428572
2017;1190071;550;2;10028;4004;1;2504009;25;2;53.26428571428572
2017;1190071;550;2;10028;4004;1;2504009;25;2;53.26428571428572
2017;1190071;550;2;10028;4004;1;2504009;25;2;53.26428571428572
2017;1190071;550;2;10028;4004;1;2504009;25;2;53.26428571428572
2017;1190071;550;2;10028;4004;1;2504009;25;2;53.26428571428572
2017;1190071;550;2;10028;4004;1;2504009;25;2;53.26428571428572
2017;1190071;550;2;10028;4004;1;2504009;25;2;53.26428571428572
2017;1190071;550;2;10028;4004;1;2504009;25;2;53.26428571428572
2017;1190071;550;2;10028;4004;1;2504009;25;2;53.26428571428572
2017;1190071;550;2;10028;4004;1;2504009;25;2;53.26428571428572
2017;1190071;550;2;10028;4004;1;2504009;25;2;53.26428571428572
2017;1190071;550;2;10028;4004;1;2504009;25;2;53.26428571428572
2017;1190071;550;2;10028;4004;1;2504009;25;2;53.26428571428572
2017;1190071;550;2;10028;4004;1;2504009;25;2;53.26428571428572
2017;1190145;756;2;10028;4004;1;2208403;22;2;53.1
2017;1190145;756;2;10028;4004;1;2208403;22;2;53.1
2017;1190145;756;2;10028;4004;1;2208403;22;2;53.1
2017;1190145;756;2;10028;4004;1;2208403;22;2;53.1
2017;1190145;756;2;10028;4004;1;2208403;22;2;53.1
2017;1190145;756;2;10028;4004;1;2208403;22;2;53.1
2017;1190145;756;2;10028;4004;1;2208403;22;2;53.1
2017;1190145;756;2;10028;4004;1;2208403;22;2;53.1
2017;1190145;756;2;10028;4004;1;2208403;22;2;53.1
2017;1190145;756;2;10028;4004;1;2208403;22;2;53.1
2017;1190145;756;2;10028;4004;1;2208403;22;2;53.1
2017;1190145;756;2;10028;4004;1;2208403;22;2;53.1
2017;1190145;756;2;10028;4004;1;2208403;22;2;53.1
2017;1190145;756;2;10028;4004;1;2208403;22;2;53.1
2017;1190145;756;2;10028;4004;1;2208403;22;2;53.1
2017;1258063;3099;4;10022;4004;1;2507507;25;2;53.34666666666667
2017;1258063;3099;4;10022;4004;1;2507507;25;2;53.34666666666667
2017;1258063;3099;4;10022;4004;1;2507507;25;2;53.34666666666667
2017;1258063;3099;4;10022;4004;1;2507507;25;2;53.34666666666667
2017;1258063;3099;4;10022;4004;1;2507507;25;2;53.34666666666667
2017;1258063;3099;4;10022;4004;1;2507507;25;2;53.34666666666667
2017;1258063;3099;4;10022;4004;1;2507507;25;2;53.34666666666667
2017;1258063;3099;4;10022;4004;1;2507507;25;2;53.34666666666667
2017;1258063;3099;4;10022;4004;1;2507507;25;2;53.34666666666667
2017;1258063;3099;4;10022;4004;1;2507507;25;2;53.34666666666667
2017;1258063;3099;4;10022;4004;1;2507507;25;2;53.34666666666667
2017;1258063;3099;4;10022;4004;1;2507507;25;2;53.34666666666667
2017;1258063;3099;4;10022;4004;1;2507507;25;2;53.34666666666667
2017;1258063;3099;4;10022;4004;1;2507507;25;2;53.34666666666667
2017;1258063;3099;4;10022;4004;1;2507507;25;2;53.34666666666667
2017;1265453;550;2;10028;4004;1;2510808;25;2;
2017;1265453;550;2;10028;4004;1;2510808;25;2;
2017;1265453;550;2;10028;4004;1;2510808;25;2;
2017;1265453;550;2;10028;4004;1;2510808;25;2;
2017;1265453;550;2;10028;4004;1;2510808;25;2;
2017;1265453;550;2;10028;4004;1;2510808;25;2;
2017;1265453;550;2;10028;4004;1;2510808;25;2;
2017;1265453;550;2;10028;4004;1;2510808;25;2;
2017;1265453;550;2;10028;4004;1;2510808;25;2;
2017;1265453;550;2;10028;4004;1;2510808;25;2;
2017;1265453;550;2;10028;4004;1;2510808;25;2;
2017;1265453;550;2;10028;4004;1;2510808;25;2;
2017;1265453;550;2;10028;4004;1;2510808;25;2;
2017;1265453;550;2;10028;4004;1;2510808;25;2;
2017;1265453;550;2;10028;4004;1;2510808;25;2;
2017;1265453;550;2;10028;4004;1;2510808;25;2;
2017;1265453;550;2;10028;4004;1;2510808;25;2;
2017;1265453;550;2;10028;4004;1;2510808;25;2;
2017;1265453;550;2;10028;4004;1;2510808;25;2;
2017;1265453;550;2;10028;4004;1;2510808;25;2;
2017;1265453;550;2;10028;4004;1;2510808;25;2;
2017;1265453;550;2;10028;4004;1;2510808;25;2;
2017;1265453;550;2;10028;4004;1;2510808;25;2;
2017;1265453;550;2;10028;4004;1;2510808;25;2;
2017;1265453;550;2;10028;4004;1;2510808;25;2;
2017;1265453;550;2;10028;4004;1;2510808;25;2;
2017;1265453;550;2;10028;4004;1;2510808;25;2;
2017;1269545;600;1;10026;4004;1;2103000;21;2;58.58181818181818
2017;1269545;600;1;10026;4004;1;2103000;21;2;58.58181818181818
2017;1269545;600;1;10026;4004;1;2103000;21;2;58.58181818181818
2017;1269545;600;1;10026;4004;1;2103000;21;2;58.58181818181818
2017;1269545;600;1;10026;4004;1;2103000;21;2;58.58181818181818
2017;1269545;600;1;10026;4004;1;2103000;21;2;58.58181818181818
2017;1269545;600;1;10026;4004;1;2103000;21;2;58.58181818181818
2017;1269545;600;1;10026;4004;1;2103000;21;2;58.58181818181818
2017;1269545;600;1;10026;4004;1;2103000;21;2;58.58181818181818
2017;1269545;600;1;10026;4004;1;2103000;21;2;58.58181818181818
2017;1269545;600;1;10026;4004;1;2103000;21;2;58.58181818181818
2017;1270596;583;1;10028;4004;1;2311306;23;2;58.73
2017;1270596;583;1;10028;4004;1;2311306;23;2;58.73
2017;1270596;583;1;10028;4004;1;2311306;23;2;58.73
2017;1270596;583;1;10028;4004;1;2311306;23;2;58.73
2017;1270596;583;1;10028;4004;1;2311306;23;2;58.73
2017;1270596;583;1;10028;4004;1;2311306;23;2;58.73
2017;1270596;583;1;10028;4004;1;2311306;23;2;58.73
2017;1270596;583;1;10028;4004;1;2311306;23;2;58.73
2017;1270596;583;1;10028;4004;1;2311306;23;2;58.73
2017;1270596;583;1;10028;4004;1;2311306;23;2;58.73
2017;5000143;1807;1;10026;4004;1;2307650;23;2;58.03030303030303
2017;5000143;1807;1;10026;4004;1;2307650;23;2;58.03030303030303
2017;5000143;1807;1;10026;4004;1;2307650;23;2;58.03030303030303
2017;5000143;1807;1;10026;4004;1;2307650;23;2;58.03030303030303
2017;5000143;1807;1;10026;4004;1;2307650;23;2;58.03030303030303
2017;5000143;1807;1;10026;4004;1;2307650;23;2;58.03030303030303
2017;5000143;1807;1;10026;4004;1;2307650;23;2;58.03030303030303
2017;5000143;1807;1;10026;4004;1;2307650;23;2;58.03030303030303
2017;5000143;1807;1;10026;4004;1;2307650;23;2;58.03030303030303
2017;5000143;1807;1;10026;4004;1;2307650;23;2;58.03030303030303
2017;5000143;1807;1;10026;4004;1;2307650;23;2;58.03030303030303
2017;5000143;1807;1;10026;4004;1;2307650;23;2;58.03030303030303
2017;5000143;1807;1;10026;4004;1;2307650;23;2;58.03030303030303
2017;5000143;1807;1;10026;4004;1;2307650;23;2;58.03030303030303
2017;5000143;1807;1;10026;4004;1;2307650;23;2;58.03030303030303
2017;5000143;1807;1;10026;4004;1;2307650;23;2;58.03030303030303
2017;5000143;1807;1;10026;4004;1;2307650;23;2;58.03030303030303
2017;5000143;1807;1;10026;4004;1;2307650;23;2;58.03030303030303
2017;5000143;1807;1;10026;4004;1;2307650;23;2;58.03030303030303
2017;5000143;1807;1;10026;4004;1;2307650;23;2;58.03030303030303
2017;5000143;1807;1;10026;4004;1;2307650;23;2;58.03030303030303
2017;5000143;1807;1;10026;4004;1;2307650;23;2;58.03030303030303
2017;5000143;1807;1;10026;4004;1;2307650;23;2;58.03030303030303
2017;5000143;1807;1;10026;4004;1;2307650;23;2;58.03030303030303
2017;5000143;1807;1;10026;4004;1;2307650;23;2;58.03030303030303
2017;5000143;1807;1;10026;4004;1;2307650;23;2;58.03030303030303
2017;5000143;1807;1;10026;4004;1;2307650;23;2;58.03030303030303
2017;5000143;1807;1;10026;4004;1;2307650;23;2;58.03030303030303
2017;5000143;1807;1;10026;4004;1;2307650;23;2;58.03030303030303
2017;5000143;1807;1;10026;4004;1;2307650;23;2;58.03030303030303
2017;5000143;1807;1;10026;4004;1;2307650;23;2;58.03030303030303
2017;5000143;1807;1;10026;4004;1;2307650;23;2;58.03030303030303
2017;5000143;1807;1;10026;4004;1;2307650;23;2;58.03030303030303
2017;5000143;1807;1;10026;4004;1;2307650;23;2;58.03030303030303
2017;5000143;1807;1;10026;4004;1;2307650;23;2;58.03030303030303
2017;5000143;1807;1;10026;4004;1;2307650;23;2;58.03030303030303
2017;5000143;1807;1;10026;4004;1;2307650;23;2;58.03030303030303
2017;5000951;2911;4;10022;4004;1;1501402;15;1;48.65581395348837
2017;5000951;2911;4;10022;4004;1;1501402;15;1;48.65581395348837
2017;5000951;2911;4;10022;4004;1;1501402;15;1;48.65581395348837
2017;5000951;2911;4;10022;4004;1;1501402;15;1;48.65581395348837
2017;5000951;2911;4;10022;4004;1;1501402;15;1;48.65581395348837
2017;5000951;2911;4;10022;4004;1;1501402;15;1;48.65581395348837
2017;5000951;2911;4;10022;4004;1;1501402;15;1;48.65581395348837
2017;5000951;2911;4;10022;4004;1;1501402;15;1;48.65581395348837
2017;5000951;2911;4;10022;4004;1;1501402;15;1;48.65581395348837
2017;5000951;2911;4;10022;4004;1;1501402;15;1;48.65581395348837
2017;5000951;2911;4;10022;4004;1;1501402;15;1;48.65581395348837
2017;5000951;2911;4;10022;4004;1;1501402;15;1;48.65581395348837
2017;5000951;2911;4;10022;4004;1;1501402;15;1;48.65581395348837
2017;5000951;2911;4;10022;4004;1;1501402;15;1;48.65581395348837
2017;5000951;2911;4;10022;4004;1;1501402;15;1;48.65581395348837
2017;5000951;2911;4;10022;4004;1;1501402;15;1;48.65581395348837
2017;5000951;2911;4;10022;4004;1;1501402;15;1;48.65581395348837
2017;5000951;2911;4;10022;4004;1;1501402;15;1;48.65581395348837
2017;5000951;2911;4;10022;4004;1;1501402;15;1;48.65581395348837
2017;5000951;2911;4;10022;4004;1;1501402;15;1;48.65581395348837
2017;5000951;2911;4;10022;4004;1;1501402;15;1;48.65581395348837
2017;5000951;2911;4;10022;4004;1;1501402;15;1;48.65581395348837
2017;5000951;2911;4;10022;4004;1;1501402;15;1;48.65581395348837
2017;5000951;2911;4;10022;4004;1;1501402;15;1;48.65581395348837
2017;5000951;2911;4;10022;4004;1;1501402;15;1;48.65581395348837
2017;5000951;2911;4;10022;4004;1;1501402;15;1;48.65581395348837
2017;5000951;2911;4;10022;4004;1;1501402;15;1;48.65581395348837
2017;5000951;2911;4;10022;4004;1;1501402;15;1;48.65581395348837
2017;5000951;2911;4;10022;4004;1;1501402;15;1;48.65581395348837
2017;5000951;2911;4;10022;4004;1;1501402;15;1;48.65581395348837
2017;5000951;2911;4;10022;4004;1;1501402;15;1;48.65581395348837
2017;5000951;2911;4;10022;4004;1;1501402;15;1;48.65581395348837
2017;5000951;2911;4;10022;4004;1;1501402;15;1;48.65581395348837
2017;5000951;2911;4;10022;4004;1;1501402;15;1;48.65581395348837
2017;5000951;2911;4;10022;4004;1;1501402;15;1;48.65581395348837
2017;5000951;2911;4;10022;4004;1;1501402;15;1;48.65581395348837
2017;5000951;2911;4;10022;4004;1;1501402;15;1;48.65581395348837
2017;5000951;2911;4;10022;4004;1;1501402;15;1;48.65581395348837
2017;5000951;2911;4;10022;4004;1;1501402;15;1;48.65581395348837
2017;5000951;2911;4;10022;4004;1;1501402;15;1;48.65581395348837
2017;5000951;2911;4;10022;4004;1;1501402;15;1;48.65581395348837
2017;5000951;2911;4;10022;4004;1;1501402;15;1;48.65581395348837
2017;5000951;2911;4;10022;4004;1;1501402;15;1;48.65581395348837
2017;5000951;2911;4;10022;4004;1;1501402;15;1;48.65581395348837
2017;5000951;2911;4;10022;4004;1;1501402;15;1;48.65581395348837
2017;5000951;2911;4;10022;4004;1;1501402;15;1;48.65581395348837
2017;5000951;2911;4;10022;4004;1;1501402;15;1;48.65581395348837
