NU_ANO;CO_CURSO;CO_IES;CO_CATEGAD;CO_ORGACAD;CO_GRUPO;CO_MODALIDADE;CO_MUNIC_CURSO;CO_UF_CURSO;CO_REGIAO_CURSO;MEDIA_NT_FG
2014;100075;71;2;10028;4004;1;2411205;24;2;50.61052631578948
2014;100075;71;2;10028;4004;1;2411205;24;2;50.61052631578948
2014;100075;71;2;10028;4004;1;2411205;24;2;50.61052631578948
2014;100075;71;2;10028;4004;1;2411205;24;2;50.61052631578948
2014;100075;71;2;10028;4004;1;2411205;24;2;50.61052631578948
2014;100075;71;2;10028;4004;1;2411205;24;2;50.61052631578948
2014;100075;71;2;10028;4004;1;2411205;24;2;50.61052631578948
2014;100075;71;2;10028;4004;1;2411205;24;2;50.61052631578948
2014;100075;71;2;10028;4004;1;2411205;24;2;50.61052631578948
2014;100075;71;2;10028;4004;1;2411205;24;2;50.61052631578948
2014;100075;71;2;10028;4004;1;2411205;24;2;50.61052631578948
2014;100075;71;2;10028;4004;1;2411205;24;2;50.61052631578948
2014;100075;71;2;10028;4004;1;2411205;24;2;50.61052631578948
2014;100075;71;2;10028;4004;1;2411205;24;2;50.61052631578948
2014;100075;71;2;10028;4004;1;2411205;24;2;50.61052631578948
2014;100075;71;2;10028;4004;1;2411205;24;2;50.61052631578948
2014;100075;71;2;10028;4004;1;2411205;24;2;50.61052631578948
2014;100075;71;2;10028;4004;1;2411205;24;2;50.61052631578948
2014;100075;71;2;10028;4004;1;2411205;24;2;50.61052631578948
2014;100105;71;2;10028;4004;1;2408300;24;2;65.41
2014;100105;71;2;10028;4004;1;2408300;24;2;65.41
2014;100105;71;2;10028;4004;1;2408300;24;2;65.41
2014;100105;71;2;10028;4004;1;2408300;24;2;65.41
2014;100105;71;2;10028;4004;1;2408300;24;2;65.41
2014;100105;71;2;10028;4004;1;2408300;24;2;65.41
2014;100105;71;2;10028;4004;1;2408300;24;2;65.41
2014;100105;71;2;10028;4004;1;2408300;24;2;65.41
2014;100105;71;2;10028;4004;1;2408300;24;2;65.41
2014;100105;71;2;10028;4004;1;2408300;24;2;65.41
2014;100105;71;2;10028;4004;1;2408300;24;2;65.41
2014;100105;71;2;10028;4004;1;2408300;24;2;65.41
2014;100105;71;2;10028;4004;1;2408300;24;2;65.41
2014;100105;71;2;10028;4004;1;2408300;24;2;65.41
2014;100105;71;2;10028;4004;1;2408300;24;2;65.41
2014;100105;71;2;10028;4004;1;2408300;24;2;65.41
2014;100105;71;2;10028;4004;1;2408300;24;2;65.41
2014;100105;71;2;10028;4004;1;2408300;24;2;65.41
2014;100105;71;2;10028;4004;1;2408300;24;2;65.41
2014;100105;71;2;10028;4004;1;2408300;24;2;65.41
2014;100105;71;2;10028;4004;1;2408300;24;2;65.41
2014;100105;71;2;10028;4004;1;2408300;24;2;65.41
2014;100105;71;2;10028;4004;1;2408300;24;2;65.41
2014;100105;71;2;10028;4004;1;2408300;24;2;65.41
2014;101942;577;1;10028;4004;1;2700300;27;2;53.25
2014;101942;577;1;10028;4004;1;2700300;27;2;53.25
2014;101942;577;1;10028;4004;1;2700300;27;2;53.25
2014;101942;577;1;10028;4004;1;2700300;27;2;53.25
2014;101942;577;1;10028;4004;1;2700300;27;2;53.25
2014;101942;577;1;10028;4004;1;2700300;27;2;53.25
2014;101942;577;1;10028;4004;1;2700300;27;2;53.25
2014;101942;577;1;10028;4004;1;2700300;27;2;53.25
2014;101942;577;1;10028;4004;1;2700300;27;2;53.25
2014;101942;577;1;10028;4004;1;2700300;27;2;53.25
2014;101942;577;1;10028;4004;1;2700300;27;2;53.25
2014;101942;577;1;10028;4004;1;2700300;27;2;53.25
2014;101942;577;1;10028;4004;1;2700300;27;2;53.25
2014;101942;577;1;10028;4004;1;2700300;27;2;53.25
2014;101942;577;1;10028;4004;1;2700300;27;2;53.25
2014;101942;577;1;10028;4004;1;2700300;27;2;53.25
2014;101942;577;1;10028;4004;1;2700300;27;2;53.25
2014;101942;577;1;10028;4004;1;2700300;27;2;53.25
2014;101942;577;1;10028;4004;1;2700300;27;2;53.25
2014;101942;577;1;10028;4004;1;2700300;27;2;53.25
2014;101942;577;1;10028;4004;1;2700300;27;2;53.25
2014;101942;577;1;10028;4004;1;2700300;27;2;53.25
2014;101942;577;1;10028;4004;1;2700300;27;2;53.25
2014;101942;577;1;10028;4004;1;2700300;27;2;53.25
2014;101942;577;1;10028;4004;1;2700300;27;2;53.25
2014;101942;577;1;10028;4004;1;2700300;27;2;53.25
2014;101942;577;1;10028;4004;1;2700300;27;2;53.25
2014;101942;577;1;10028;4004;1;2700300;27;2;53.25
2014;101942;577;1;10028;4004;1;2700300;27;2;53.25
2014;101942;577;1;10028;4004;1;2700300;27;2;53.25
2014;101942;577;1;10028;4004;1;2700300;27;2;53.25
2014;101942;577;1;10028;4004;1;2700300;27;2;53.25
2014;101942;577;1;10028;4004;1;2700300;27;2;53.25
2014;101942;577;1;10028;4004;1;2700300;27;2;53.25
2014;101942;577;1;10028;4004;1;2700300;27;2;53.25
2014;101942;577;1;10028;4004;1;2700300;27;2;53.25
2014;101942;577;1;10028;4004;1;2700300;27;2;53.25
2014;101942;577;1;10028;4004;1;2700300;27;2;53.25
2014;101942;577;1;10028;4004;1;2700300;27;2;53.25
2014;101942;577;1;10028;4004;1;2700300;27;2;53.25
2014;101942;577;1;10028;4004;1;2700300;27;2;53.25
2014;101942;577;1;10028;4004;1;2700300;27;2;53.25
2014;101942;577;1;10028;4004;1;2700300;27;2;53.25
2014;101942;577;1;10028;4004;1;2700300;27;2;53.25
2014;101942;577;1;10028;4004;1;2700300;27;2;53.25
2014;101942;577;1;10028;4004;1;2700300;27;2;53.25
2014;101942;577;1;10028;4004;1;2700300;27;2;53.25
2014;101942;577;1;10028;4004;1;2700300;27;2;53.25
2014;101942;577;1;10028;4004;1;2700300;27;2;53.25
2014;101942;577;1;10028;4004;1;2700300;27;2;53.25
2014;101942;577;1;10028;4004;1;2700300;27;2;53.25
2014;101942;577;1;10028;4004;1;2700300;27;2;53.25
2014;101942;577;1;10028;4004;1;2700300;27;2;53.25
2014;101942;577;1;10028;4004;1;2700300;27;2;53.25
2014;101942;577;1;10028;4004;1;2700300;27;2;53.25
2014;101942;577;1;10028;4004;1;2700300;27;2;53.25
2014;101942;577;1;10028;4004;1;2700300;27;2;53.25
2014;101942;577;1;10028;4004;1;2700300;27;2;53.25
2014;101942;577;1;10028;4004;1;2700300;27;2;53.25
2014;101942;577;1;10028;4004;1;2700300;27;2;53.25
2014;101942;577;1;10028;4004;1;2700300;27;2;53.25
2014;101942;577;1;10028;4004;1;2700300;27;2;53.25
2014;101942;577;1;10028;4004;1;2700300;27;2;53.25
2014;101942;577;1;10028;4004;1;2700300;27;2;53.25
2014;101942;577;1;10028;4004;1;2700300;27;2;53.25
2014;101942;577;1;10028;4004;1;2700300;27;2;53.25
2014;101942;577;1;10028;4004;1;2700300;27;2;53.25
2014;101942;577;1;10028;4004;1;2700300;27;2;53.25
2014;101942;577;1;10028;4004;1;2700300;27;2;53.25
2014;101942;577;1;10028;4004;1;2700300;27;2;53.25
2014;101942;577;1;10028;4004;1;2700300;27;2;53.25
2014;101942;577;1;10028;4004;1;2700300;27;2;53.25
2014;101942;577;1;10028;4004;1;2700300;27;2;53.25
2014;101942;577;1;10028;4004;1;2700300;27;2;53.25
2014;101942;577;1;10028;4004;1;2700300;27;2;53.25
2014;101942;577;1;10028;4004;1;2700300;27;2;53.25
2014;101942;577;1;10028;4004;1;2700300;27;2;53.25
2014;101942;577;1;10028;4004;1;2700300;27;2;53.25
2014;101942;577;1;10028;4004;1;2700300;27;2;53.25
2014;101942;577;1;10028;4004;1;2700300;27;2;53.25
2014;101942;577;1;10028;4004;1;2700300;27;2;53.25
2014;101942;577;1;10028;4004;1;2700300;27;2;53.25
2014;101942;577;1;10028;4004;1;2700300;27;2;53.25
2014;106996;1422;4;10020;4004;1;1302603;13;1;55.917910447761194
2014;106996;1422;4;10020;4004;1;1302603;13;1;55.917910447761194
2014;106996;1422;4;10020;4004;1;1302603;13;1;55.917910447761194
2014;106996;1422;4;10020;4004;1;1302603;13;1;55.917910447761194
2014;106996;1422;4;10020;4004;1;1302603;13;1;55.917910447761194
2014;106996;1422;4;10020;4004;1;1302603;13;1;55.917910447761194
2014;106996;1422;4;10020;4004;1;1302603;13;1;55.917910447761194
2014;106996;1422;4;10020;4004;1;1302603;13;1;55.917910447761194
2014;106996;1422;4;10020;4004;1;1302603;13;1;55.917910447761194
2014;106996;1422;4;10020;4004;1;1302603;13;1;55.917910447761194
2014;106996;1422;4;10020;4004;1;1302603;13;1;55.917910447761194
2014;106996;1422;4;10020;4004;1;1302603;13;1;55.917910447761194
2014;106996;1422;4;10020;4004;1;1302603;13;1;55.917910447761194
2014;106996;1422;4;10020;4004;1;1302603;13;1;55.917910447761194
2014;106996;1422;4;10020;4004;1;1302603;13;1;55.917910447761194
2014;106996;1422;4;10020;4004;1;1302603;13;1;55.917910447761194
2014;106996;1422;4;10020;4004;1;1302603;13;1;55.917910447761194
2014;106996;1422;4;10020;4004;1;1302603;13;1;55.917910447761194
2014;106996;1422;4;10020;4004;1;1302603;13;1;55.917910447761194
2014;106996;1422;4;10020;4004;1;1302603;13;1;55.917910447761194
2014;106996;1422;4;10020;4004;1;1302603;13;1;55.917910447761194
2014;106996;1422;4;10020;4004;1;1302603;13;1;55.917910447761194
2014;106996;1422;4;10020;4004;1;1302603;13;1;55.917910447761194
2014;106996;1422;4;10020;4004;1;1302603;13;1;55.917910447761194
2014;106996;1422;4;10020;4004;1;1302603;13;1;55.917910447761194
2014;106996;1422;4;10020;4004;1;1302603;13;1;55.917910447761194
2014;106996;1422;4;10020;4004;1;1302603;13;1;55.917910447761194
2014;106996;1422;4;10020;4004;1;1302603;13;1;55.917910447761194
2014;106996;1422;4;10020;4004;1;1302603;13;1;55.917910447761194
2014;106996;1422;4;10020;4004;1;1302603;13;1;55.917910447761194
2014;106996;1422;4;10020;4004;1;1302603;13;1;55.917910447761194
2014;106996;1422;4;10020;4004;1;1302603;13;1;55.917910447761194
2014;106996;1422;4;10020;4004;1;1302603;13;1;55.917910447761194
2014;106996;1422;4;10020;4004;1;1302603;13;1;55.917910447761194
2014;106996;1422;4;10020;4004;1;1302603;13;1;55.917910447761194
2014;106996;1422;4;10020;4004;1;1302603;13;1;55.917910447761194
2014;106996;1422;4;10020;4004;1;1302603;13;1;55.917910447761194
2014;106996;1422;4;10020;4004;1;1302603;13;1;55.917910447761194
2014;106996;1422;4;10020;4004;1;1302603;13;1;55.917910447761194
2014;106996;1422;4;10020;4004;1;1302603;13;1;55.917910447761194
2014;106996;1422;4;10020;4004;1;1302603;13;1;55.917910447761194
2014;106996;1422;4;10020;4004;1;1302603;13;1;55.917910447761194
2014;106996;1422;4;10020;4004;1;1302603;13;1;55.917910447761194
2014;106996;1422;4;10020;4004;1;1302603;13;1;55.917910447761194
2014;106996;1422;4;10020;4004;1;1302603;13;1;55.917910447761194
2014;106996;1422;4;10020;4004;1;1302603;13;1;55.917910447761194
2014;106996;1422;4;10020;4004;1;1302603;13;1;55.917910447761194
2014;106996;1422;4;10020;4004;1;1302603;13;1;55.917910447761194
2014;106996;1422;4;10020;4004;1;1302603;13;1;55.917910447761194
2014;106996;1422;4;10020;4004;1;1302603;13;1;55.917910447761194
2014;106996;1422;4;10020;4004;1;1302603;13;1;55.917910447761194
2014;106996;1422;4;10020;4004;1;1302603;13;1;55.917910447761194
2014;106996;1422;4;10020;4004;1;1302603;13;1;55.917910447761194
2014;106996;1422;4;10020;4004;1;1302603;13;1;55.917910447761194
2014;106996;1422;4;10020;4004;1;1302603;13;1;55.917910447761194
2014;106996;1422;4;10020;4004;1;1302603;13;1;55.917910447761194
2014;106996;1422;4;10020;4004;1;1302603;13;1;55.917910447761194
2014;106996;1422;4;10020;4004;1;1302603;13;1;55.917910447761194
2014;106996;1422;4;10020;4004;1;1302603;13;1;55.917910447761194
2014;106996;1422;4;10020;4004;1;1302603;13;1;55.917910447761194
2014;106996;1422;4;10020;4004;1;1302603;13;1;55.917910447761194
2014;106996;1422;4;10020;4004;1;1302603;13;1;55.917910447761194
2014;106996;1422;4;10020;4004;1;1302603;13;1;55.917910447761194
2014;106996;1422;4;10020;4004;1;1302603;13;1;55.917910447761194
2014;106996;1422;4;10020;4004;1;1302603;13;1;55.917910447761194
2014;106996;1422;4;10020;4004;1;1302603;13;1;55.917910447761194
2014;106996;1422;4;10020;4004;1;1302603;13;1;55.917910447761194
2014;106996;1422;4;10020;4004;1;1302603;13;1;55.917910447761194
2014;106996;1422;4;10020;4004;1;1302603;13;1;55.917910447761194
2014;106996;1422;4;10020;4004;1;1302603;13;1;55.917910447761194
2014;106996;1422;4;10020;4004;1;1302603;13;1;55.917910447761194
2014;106996;1422;4;10020;4004;1;1302603;13;1;55.917910447761194
2014;106996;1422;4;10020;4004;1;1302603;13;1;55.917910447761194
2014;106996;1422;4;10020;4004;1;1302603;13;1;55.917910447761194
2014;106996;1422;4;10020;4004;1;1302603;13;1;55.917910447761194
2014;106996;1422;4;10020;4004;1;1302603;13;1;55.917910447761194
2014;106996;1422;4;10020;4004;1;1302603;13;1;55.917910447761194
2014;106996;1422;4;10020;4004;1;1302603;13;1;55.917910447761194
2014;106996;1422;4;10020;4004;1;1302603;13;1;55.917910447761194
2014;106996;1422;4;10020;4004;1;1302603;13;1;55.917910447761194
2014;106996;1422;4;10020;4004;1;1302603;13;1;55.917910447761194
2014;106996;1422;4;10020;4004;1;1302603;13;1;55.917910447761194
2014;106996;1422;4;10020;4004;1;1302603;13;1;55.917910447761194
2014;106996;1422;4;10020;4004;1;1302603;13;1;55.917910447761194
2014;106996;1422;4;10020;4004;1;1302603;13;1;55.917910447761194
2014;106996;1422;4;10020;4004;1;1302603;13;1;55.917910447761194
2014;106996;1422;4;10020;4004;1;1302603;13;1;55.917910447761194
2014;106996;1422;4;10020;4004;1;1302603;13;1;55.917910447761194
2014;106996;1422;4;10020;4004;1;1302603;13;1;55.917910447761194
2014;106996;1422;4;10020;4004;1;1302603;13;1;55.917910447761194
2014;106996;1422;4;10020;4004;1;1302603;13;1;55.917910447761194
2014;106996;1422;4;10020;4004;1;1302603;13;1;55.917910447761194
2014;106996;1422;4;10020;4004;1;1302603;13;1;55.917910447761194
2014;106996;1422;4;10020;4004;1;1302603;13;1;55.917910447761194
2014;1076421;3783;5;10022;4004;1;1501402;15;1;56.3
2014;1076421;3783;5;10022;4004;1;1501402;15;1;56.3
2014;1076421;3783;5;10022;4004;1;1501402;15;1;56.3
2014;1076421;3783;5;10022;4004;1;1501402;15;1;56.3
2014;1076421;3783;5;10022;4004;1;1501402;15;1;56.3
2014;1076421;3783;5;10022;4004;1;1501402;15;1;56.3
2014;1076421;3783;5;10022;4004;1;1501402;15;1;56.3
2014;1076421;3783;5;10022;4004;1;1501402;15;1;56.3
2014;1076421;3783;5;10022;4004;1;1501402;15;1;56.3
2014;107920;4865;4;10022;4004;1;2111300;21;2;57.559649122807016
2014;107920;4865;4;10022;4004;1;2111300;21;2;57.559649122807016
2014;107920;4865;4;10022;4004;1;2111300;21;2;57.559649122807016
2014;107920;4865;4;10022;4004;1;2111300;21;2;57.559649122807016
2014;107920;4865;4;10022;4004;1;2111300;21;2;57.559649122807016
2014;107920;4865;4;10022;4004;1;2111300;21;2;57.559649122807016
2014;107920;4865;4;10022;4004;1;2111300;21;2;57.559649122807016
2014;107920;4865;4;10022;4004;1;2111300;21;2;57.559649122807016
2014;107920;4865;4;10022;4004;1;2111300;21;2;57.559649122807016
2014;107920;4865;4;10022;4004;1;2111300;21;2;57.559649122807016
2014;107920;4865;4;10022;4004;1;2111300;21;2;57.559649122807016
2014;107920;4865;4;10022;4004;1;2111300;21;2;57.559649122807016
2014;107920;4865;4;10022;4004;1;2111300;21;2;57.559649122807016
2014;107920;4865;4;10022;4004;1;2111300;21;2;57.559649122807016
2014;107920;4865;4;10022;4004;1;2111300;21;2;57.559649122807016
2014;107920;4865;4;10022;4004;1;2111300;21;2;57.559649122807016
2014;107920;4865;4;10022;4004;1;2111300;21;2;57.559649122807016
2014;107920;4865;4;10022;4004;1;2111300;21;2;57.559649122807016
2014;107920;4865;4;10022;4004;1;2111300;21;2;57.559649122807016
2014;107920;4865;4;10022;4004;1;2111300;21;2;57.559649122807016
2014;107920;4865;4;10022;4004;1;2111300;21;2;57.559649122807016
2014;107920;4865;4;10022;4004;1;2111300;21;2;57.559649122807016
2014;107920;4865;4;10022;4004;1;2111300;21;2;57.559649122807016
2014;107920;4865;4;10022;4004;1;2111300;21;2;57.559649122807016
2014;107920;4865;4;10022;4004;1;2111300;21;2;57.559649122807016
2014;107920;4865;4;10022;4004;1;2111300;21;2;57.559649122807016
2014;107920;4865;4;10022;4004;1;2111300;21;2;57.559649122807016
2014;107920;4865;4;10022;4004;1;2111300;21;2;57.559649122807016
2014;107920;4865;4;10022;4004;1;2111300;21;2;57.559649122807016
2014;107920;4865;4;10022;4004;1;2111300;21;2;57.559649122807016
2014;107920;4865;4;10022;4004;1;2111300;21;2;57.559649122807016
2014;107920;4865;4;10022;4004;1;2111300;21;2;57.559649122807016
2014;107920;4865;4;10022;4004;1;2111300;21;2;57.559649122807016
2014;107920;4865;4;10022;4004;1;2111300;21;2;57.559649122807016
2014;107920;4865;4;10022;4004;1;2111300;21;2;57.559649122807016
2014;107920;4865;4;10022;4004;1;2111300;21;2;57.559649122807016
2014;107920;4865;4;10022;4004;1;2111300;21;2;57.559649122807016
2014;107920;4865;4;10022;4004;1;2111300;21;2;57.559649122807016
2014;107920;4865;4;10022;4004;1;2111300;21;2;57.559649122807016
2014;107920;4865;4;10022;4004;1;2111300;21;2;57.559649122807016
2014;107920;4865;4;10022;4004;1;2111300;21;2;57.559649122807016
2014;107920;4865;4;10022;4004;1;2111300;21;2;57.559649122807016
2014;107920;4865;4;10022;4004;1;2111300;21;2;57.559649122807016
2014;107920;4865;4;10022;4004;1;2111300;21;2;57.559649122807016
2014;107920;4865;4;10022;4004;1;2111300;21;2;57.559649122807016
2014;107920;4865;4;10022;4004;1;2111300;21;2;57.559649122807016
2014;107920;4865;4;10022;4004;1;2111300;21;2;57.559649122807016
2014;107920;4865;4;10022;4004;1;2111300;21;2;57.559649122807016
2014;107920;4865;4;10022;4004;1;2111300;21;2;57.559649122807016
2014;107920;4865;4;10022;4004;1;2111300;21;2;57.559649122807016
2014;107920;4865;4;10022;4004;1;2111300;21;2;57.559649122807016
2014;107920;4865;4;10022;4004;1;2111300;21;2;57.559649122807016
2014;107920;4865;4;10022;4004;1;2111300;21;2;57.559649122807016
2014;107920;4865;4;10022;4004;1;2111300;21;2;57.559649122807016
2014;107920;4865;4;10022;4004;1;2111300;21;2;57.559649122807016
2014;107920;4865;4;10022;4004;1;2111300;21;2;57.559649122807016
2014;107920;4865;4;10022;4004;1;2111300;21;2;57.559649122807016
2014;107920;4865;4;10022;4004;1;2111300;21;2;57.559649122807016
2014;107920;4865;4;10022;4004;1;2111300;21;2;57.559649122807016
2014;107920;4865;4;10022;4004;1;2111300;21;2;57.559649122807016
2014;107920;4865;4;10022;4004;1;2111300;21;2;57.559649122807016
2014;107920;4865;4;10022;4004;1;2111300;21;2;57.559649122807016
2014;107920;4865;4;10022;4004;1;2111300;21;2;57.559649122807016
2014;107920;4865;4;10022;4004;1;2111300;21;2;57.559649122807016
2014;107920;4865;4;10022;4004;1;2111300;21;2;57.559649122807016
2014;107920;4865;4;10022;4004;1;2111300;21;2;57.559649122807016
2014;107920;4865;4;10022;4004;1;2111300;21;2;57.559649122807016
2014;107920;4865;4;10022;4004;1;2111300;21;2;57.559649122807016
2014;107920;4865;4;10022;4004;1;2111300;21;2;57.559649122807016
2014;107920;4865;4;10022;4004;1;2111300;21;2;57.559649122807016
2014;107920;4865;4;10022;4004;1;2111300;21;2;57.559649122807016
2014;107920;4865;4;10022;4004;1;2111300;21;2;57.559649122807016
2014;107920;4865;4;10022;4004;1;2111300;21;2;57.559649122807016
2014;107920;4865;4;10022;4004;1;2111300;21;2;57.559649122807016
2014;107920;4865;4;10022;4004;1;2111300;21;2;57.559649122807016
2014;107920;4865;4;10022;4004;1;2111300;21;2;57.559649122807016
2014;107920;4865;4;10022;4004;1;2111300;21;2;57.559649122807016
2014;107920;4865;4;10022;4004;1;2111300;21;2;57.559649122807016
2014;107920;4865;4;10022;4004;1;2111300;21;2;57.559649122807016
2014;107920;4865;4;10022;4004;1;2111300;21;2;57.559649122807016
2014;107920;4865;4;10022;4004;1;2111300;21;2;57.559649122807016
2014;107920;4865;4;10022;4004;1;2111300;21;2;57.559649122807016
2014;107920;4865;4;10022;4004;1;2111300;21;2;57.559649122807016
2014;107920;4865;4;10022;4004;1;2111300;21;2;57.559649122807016
2014;107920;4865;4;10022;4004;1;2111300;21;2;57.559649122807016
2014;107920;4865;4;10022;4004;1;2111300;21;2;57.559649122807016
2014;107920;4865;4;10022;4004;1;2111300;21;2;57.559649122807016
2014;107920;4865;4;10022;4004;1;2111300;21;2;57.559649122807016
2014;107920;4865;4;10022;4004;1;2111300;21;2;57.559649122807016
2014;107920;4865;4;10022;4004;1;2111300;21;2;57.559649122807016
2014;107920;4865;4;10022;4004;1;2111300;21;2;57.559649122807016
2014;107920;4865;4;10022;4004;1;2111300;21;2;57.559649122807016
2014;107920;4865;4;10022;4004;1;2111300;21;2;57.559649122807016
2014;107920;4865;4;10022;4004;1;2111300;21;2;57.559649122807016
2014;107920;4865;4;10022;4004;1;2111300;21;2;57.559649122807016
2014;107920;4865;4;10022;4004;1;2111300;21;2;57.559649122807016
2014;107920;4865;4;10022;4004;1;2111300;21;2;57.559649122807016
2014;107920;4865;4;10022;4004;1;2111300;21;2;57.559649122807016
2014;109572;2632;5;10022;4004;1;2910727;29;2;51.339130434782604
2014;109572;2632;5;10022;4004;1;2910727;29;2;51.339130434782604
2014;109572;2632;5;10022;4004;1;2910727;29;2;51.339130434782604
2014;109572;2632;5;10022;4004;1;2910727;29;2;51.339130434782604
2014;109572;2632;5;10022;4004;1;2910727;29;2;51.339130434782604
2014;109572;2632;5;10022;4004;1;2910727;29;2;51.339130434782604
2014;109572;2632;5;10022;4004;1;2910727;29;2;51.339130434782604
2014;109572;2632;5;10022;4004;1;2910727;29;2;51.339130434782604
2014;109572;2632;5;10022;4004;1;2910727;29;2;51.339130434782604
2014;109572;2632;5;10022;4004;1;2910727;29;2;51.339130434782604
2014;109572;2632;5;10022;4004;1;2910727;29;2;51.339130434782604
2014;109572;2632;5;10022;4004;1;2910727;29;2;51.339130434782604
2014;109572;2632;5;10022;4004;1;2910727;29;2;51.339130434782604
2014;109572;2632;5;10022;4004;1;2910727;29;2;51.339130434782604
2014;109572;2632;5;10022;4004;1;2910727;29;2;51.339130434782604
2014;109572;2632;5;10022;4004;1;2910727;29;2;51.339130434782604
2014;109572;2632;5;10022;4004;1;2910727;29;2;51.339130434782604
2014;109572;2632;5;10022;4004;1;2910727;29;2;51.339130434782604
2014;109572;2632;5;10022;4004;1;2910727;29;2;51.339130434782604
2014;109572;2632;5;10022;4004;1;2910727;29;2;51.339130434782604
2014;109572;2632;5;10022;4004;1;2910727;29;2;51.339130434782604
2014;109572;2632;5;10022;4004;1;2910727;29;2;51.339130434782604
2014;109572;2632;5;10022;4004;1;2910727;29;2;51.339130434782604
2014;109572;2632;5;10022;4004;1;2910727;29;2;51.339130434782604
2014;109572;2632;5;10022;4004;1;2910727;29;2;51.339130434782604
2014;109572;2632;5;10022;4004;1;2910727;29;2;51.339130434782604
2014;1102628;587;1;10028;4004;1;2611606;26;2;75.83636363636364
2014;1102628;587;1;10028;4004;1;2611606;26;2;75.83636363636364
2014;1102628;587;1;10028;4004;1;2611606;26;2;75.83636363636364
2014;1102628;587;1;10028;4004;1;2611606;26;2;75.83636363636364
2014;1102628;587;1;10028;4004;1;2611606;26;2;75.83636363636364
2014;1102628;587;1;10028;4004;1;2611606;26;2;75.83636363636364
2014;1102628;587;1;10028;4004;1;2611606;26;2;75.83636363636364
2014;1102628;587;1;10028;4004;1;2611606;26;2;75.83636363636364
2014;1102628;587;1;10028;4004;1;2611606;26;2;75.83636363636364
2014;1102628;587;1;10028;4004;1;2611606;26;2;75.83636363636364
2014;1102628;587;1;10028;4004;1;2611606;26;2;75.83636363636364
2014;1102628;587;1;10028;4004;1;2611606;26;2;75.83636363636364
2014;1103723;1455;5;10022;4004;1;2900702;29;2;48.9
2014;1103723;1455;5;10022;4004;1;2900702;29;2;48.9
2014;1103723;1455;5;10022;4004;1;2900702;29;2;48.9
2014;1103723;1455;5;10022;4004;1;2900702;29;2;48.9
2014;1103723;1455;5;10022;4004;1;2900702;29;2;48.9
2014;1103723;1455;5;10022;4004;1;2900702;29;2;48.9
2014;1103723;1455;5;10022;4004;1;2900702;29;2;48.9
2014;1103723;1455;5;10022;4004;1;2900702;29;2;48.9
2014;1103723;1455;5;10022;4004;1;2900702;29;2;48.9
2014;11452;548;1;10028;4004;1;2111300;21;2;63.61304347826086
2014;11452;548;1;10028;4004;1;2111300;21;2;63.61304347826086
2014;11452;548;1;10028;4004;1;2111300;21;2;63.61304347826086
2014;11452;548;1;10028;4004;1;2111300;21;2;63.61304347826086
2014;11452;548;1;10028;4004;1;2111300;21;2;63.61304347826086
2014;11452;548;1;10028;4004;1;2111300;21;2;63.61304347826086
2014;11452;548;1;10028;4004;1;2111300;21;2;63.61304347826086
2014;11452;548;1;10028;4004;1;2111300;21;2;63.61304347826086
2014;11452;548;1;10028;4004;1;2111300;21;2;63.61304347826086
2014;11452;548;1;10028;4004;1;2111300;21;2;63.61304347826086
2014;11452;548;1;10028;4004;1;2111300;21;2;63.61304347826086
2014;11452;548;1;10028;4004;1;2111300;21;2;63.61304347826086
2014;11452;548;1;10028;4004;1;2111300;21;2;63.61304347826086
2014;11452;548;1;10028;4004;1;2111300;21;2;63.61304347826086
2014;11452;548;1;10028;4004;1;2111300;21;2;63.61304347826086
2014;11452;548;1;10028;4004;1;2111300;21;2;63.61304347826086
2014;11452;548;1;10028;4004;1;2111300;21;2;63.61304347826086
2014;11452;548;1;10028;4004;1;2111300;21;2;63.61304347826086
2014;11452;548;1;10028;4004;1;2111300;21;2;63.61304347826086
2014;11452;548;1;10028;4004;1;2111300;21;2;63.61304347826086
2014;11452;548;1;10028;4004;1;2111300;21;2;63.61304347826086
2014;11452;548;1;10028;4004;1;2111300;21;2;63.61304347826086
2014;11452;548;1;10028;4004;1;2111300;21;2;63.61304347826086
2014;11452;548;1;10028;4004;1;2111300;21;2;63.61304347826086
2014;11452;548;1;10028;4004;1;2111300;21;2;63.61304347826086
2014;11452;548;1;10028;4004;1;2111300;21;2;63.61304347826086
2014;11452;548;1;10028;4004;1;2111300;21;2;63.61304347826086
2014;11452;548;1;10028;4004;1;2111300;21;2;63.61304347826086
2014;11452;548;1;10028;4004;1;2111300;21;2;63.61304347826086
2014;11452;548;1;10028;4004;1;2111300;21;2;63.61304347826086
2014;1148708;453;5;10020;4004;1;1721000;17;1;79.2
2014;1148708;453;5;10020;4004;1;1721000;17;1;79.2
2014;1148708;453;5;10020;4004;1;1721000;17;1;79.2
2014;11730;555;5;10028;4004;1;2304400;23;2;54.76379310344828
2014;11730;555;5;10028;4004;1;2304400;23;2;54.76379310344828
2014;11730;555;5;10028;4004;1;2304400;23;2;54.76379310344828
2014;11730;555;5;10028;4004;1;2304400;23;2;54.76379310344828
2014;11730;555;5;10028;4004;1;2304400;23;2;54.76379310344828
2014;11730;555;5;10028;4004;1;2304400;23;2;54.76379310344828
2014;11730;555;5;10028;4004;1;2304400;23;2;54.76379310344828
2014;11730;555;5;10028;4004;1;2304400;23;2;54.76379310344828
2014;11730;555;5;10028;4004;1;2304400;23;2;54.76379310344828
2014;11730;555;5;10028;4004;1;2304400;23;2;54.76379310344828
2014;11730;555;5;10028;4004;1;2304400;23;2;54.76379310344828
2014;11730;555;5;10028;4004;1;2304400;23;2;54.76379310344828
2014;11730;555;5;10028;4004;1;2304400;23;2;54.76379310344828
2014;11730;555;5;10028;4004;1;2304400;23;2;54.76379310344828
2014;11730;555;5;10028;4004;1;2304400;23;2;54.76379310344828
2014;11730;555;5;10028;4004;1;2304400;23;2;54.76379310344828
2014;11730;555;5;10028;4004;1;2304400;23;2;54.76379310344828
2014;11730;555;5;10028;4004;1;2304400;23;2;54.76379310344828
2014;11730;555;5;10028;4004;1;2304400;23;2;54.76379310344828
2014;11730;555;5;10028;4004;1;2304400;23;2;54.76379310344828
2014;11730;555;5;10028;4004;1;2304400;23;2;54.76379310344828
2014;11730;555;5;10028;4004;1;2304400;23;2;54.76379310344828
2014;11730;555;5;10028;4004;1;2304400;23;2;54.76379310344828
2014;11730;555;5;10028;4004;1;2304400;23;2;54.76379310344828
2014;11730;555;5;10028;4004;1;2304400;23;2;54.76379310344828
2014;11730;555;5;10028;4004;1;2304400;23;2;54.76379310344828
2014;11730;555;5;10028;4004;1;2304400;23;2;54.76379310344828
2014;11730;555;5;10028;4004;1;2304400;23;2;54.76379310344828
2014;11730;555;5;10028;4004;1;2304400;23;2;54.76379310344828
2014;11730;555;5;10028;4004;1;2304400;23;2;54.76379310344828
2014;11730;555;5;10028;4004;1;2304400;23;2;54.76379310344828
2014;11730;555;5;10028;4004;1;2304400;23;2;54.76379310344828
2014;11730;555;5;10028;4004;1;2304400;23;2;54.76379310344828
2014;11730;555;5;10028;4004;1;2304400;23;2;54.76379310344828
2014;11730;555;5;10028;4004;1;2304400;23;2;54.76379310344828
2014;11730;555;5;10028;4004;1;2304400;23;2;54.76379310344828
2014;11730;555;5;10028;4004;1;2304400;23;2;54.76379310344828
2014;11730;555;5;10028;4004;1;2304400;23;2;54.76379310344828
2014;11730;555;5;10028;4004;1;2304400;23;2;54.76379310344828
2014;11730;555;5;10028;4004;1;2304400;23;2;54.76379310344828
2014;11730;555;5;10028;4004;1;2304400;23;2;54.76379310344828
2014;11730;555;5;10028;4004;1;2304400;23;2;54.76379310344828
2014;11730;555;5;10028;4004;1;2304400;23;2;54.76379310344828
2014;11730;555;5;10028;4004;1;2304400;23;2;54.76379310344828
2014;11730;555;5;10028;4004;1;2304400;23;2;54.76379310344828
2014;11730;555;5;10028;4004;1;2304400;23;2;54.76379310344828
2014;11730;555;5;10028;4004;1;2304400;23;2;54.76379310344828
2014;11730;555;5;10028;4004;1;2304400;23;2;54.76379310344828
2014;11730;555;5;10028;4004;1;2304400;23;2;54.76379310344828
2014;11730;555;5;10028;4004;1;2304400;23;2;54.76379310344828
2014;11730;555;5;10028;4004;1;2304400;23;2;54.76379310344828
2014;11730;555;5;10028;4004;1;2304400;23;2;54.76379310344828
2014;11730;555;5;10028;4004;1;2304400;23;2;54.76379310344828
2014;11730;555;5;10028;4004;1;2304400;23;2;54.76379310344828
2014;11730;555;5;10028;4004;1;2304400;23;2;54.76379310344828
2014;11730;555;5;10028;4004;1;2304400;23;2;54.76379310344828
2014;11730;555;5;10028;4004;1;2304400;23;2;54.76379310344828
2014;11730;555;5;10028;4004;1;2304400;23;2;54.76379310344828
2014;11730;555;5;10028;4004;1;2304400;23;2;54.76379310344828
2014;11730;555;5;10028;4004;1;2304400;23;2;54.76379310344828
2014;11730;555;5;10028;4004;1;2304400;23;2;54.76379310344828
2014;11730;555;5;10028;4004;1;2304400;23;2;54.76379310344828
2014;11730;555;5;10028;4004;1;2304400;23;2;54.76379310344828
2014;11730;555;5;10028;4004;1;2304400;23;2;54.76379310344828
2014;11730;555;5;10028;4004;1;2304400;23;2;54.76379310344828
2014;11730;555;5;10028;4004;1;2304400;23;2;54.76379310344828
2014;11730;555;5;10028;4004;1;2304400;23;2;54.76379310344828
2014;11730;555;5;10028;4004;1;2304400;23;2;54.76379310344828
2014;11730;555;5;10028;4004;1;2304400;23;2;54.76379310344828
2014;11730;555;5;10028;4004;1;2304400;23;2;54.76379310344828
2014;11730;555;5;10028;4004;1;2304400;23;2;54.76379310344828
2014;11730;555;5;10028;4004;1;2304400;23;2;54.76379310344828
2014;11730;555;5;10028;4004;1;2304400;23;2;54.76379310344828
2014;11730;555;5;10028;4004;1;2304400;23;2;54.76379310344828
2014;11730;555;5;10028;4004;1;2304400;23;2;54.76379310344828
2014;11730;555;5;10028;4004;1;2304400;23;2;54.76379310344828
2014;11730;555;5;10028;4004;1;2304400;23;2;54.76379310344828
2014;118468;587;1;10028;4004;1;2606002;26;2;70.56666666666666
2014;118468;587;1;10028;4004;1;2606002;26;2;70.56666666666666
2014;118468;587;1;10028;4004;1;2606002;26;2;70.56666666666666
2014;118468;587;1;10028;4004;1;2606002;26;2;70.56666666666666
2014;118468;587;1;10028;4004;1;2606002;26;2;70.56666666666666
2014;118468;587;1;10028;4004;1;2606002;26;2;70.56666666666666
2014;119534;4700;4;10022;4004;1;2611606;26;2;68.54375
2014;119534;4700;4;10022;4004;1;2611606;26;2;68.54375
2014;119534;4700;4;10022;4004;1;2611606;26;2;68.54375
2014;119534;4700;4;10022;4004;1;2611606;26;2;68.54375
2014;119534;4700;4;10022;4004;1;2611606;26;2;68.54375
2014;119534;4700;4;10022;4004;1;2611606;26;2;68.54375
2014;119534;4700;4;10022;4004;1;2611606;26;2;68.54375
2014;119534;4700;4;10022;4004;1;2611606;26;2;68.54375
2014;119534;4700;4;10022;4004;1;2611606;26;2;68.54375
2014;119534;4700;4;10022;4004;1;2611606;26;2;68.54375
2014;119534;4700;4;10022;4004;1;2611606;26;2;68.54375
2014;119534;4700;4;10022;4004;1;2611606;26;2;68.54375
2014;119534;4700;4;10022;4004;1;2611606;26;2;68.54375
2014;119534;4700;4;10022;4004;1;2611606;26;2;68.54375
2014;119534;4700;4;10022;4004;1;2611606;26;2;68.54375
2014;119534;4700;4;10022;4004;1;2611606;26;2;68.54375
2014;12025;569;1;10028;4004;1;1501402;15;1;63.378571428571426
2014;12025;569;1;10028;4004;1;1501402;15;1;63.378571428571426
2014;12025;569;1;10028;4004;1;1501402;15;1;63.378571428571426
2014;12025;569;1;10028;4004;1;1501402;15;1;63.378571428571426
2014;12025;569;1;10028;4004;1;1501402;15;1;63.378571428571426
2014;12025;569;1;10028;4004;1;1501402;15;1;63.378571428571426
2014;12025;569;1;10028;4004;1;1501402;15;1;63.378571428571426
2014;12025;569;1;10028;4004;1;1501402;15;1;63.378571428571426
2014;12025;569;1;10028;4004;1;1501402;15;1;63.378571428571426
2014;12025;569;1;10028;4004;1;1501402;15;1;63.378571428571426
2014;12025;569;1;10028;4004;1;1501402;15;1;63.378571428571426
2014;12025;569;1;10028;4004;1;1501402;15;1;63.378571428571426
2014;12025;569;1;10028;4004;1;1501402;15;1;63.378571428571426
2014;12025;569;1;10028;4004;1;1501402;15;1;63.378571428571426
2014;12025;569;1;10028;4004;1;1501402;15;1;63.378571428571426
2014;12025;569;1;10028;4004;1;1501402;15;1;63.378571428571426
2014;12025;569;1;10028;4004;1;1501402;15;1;63.378571428571426
2014;12025;569;1;10028;4004;1;1501402;15;1;63.378571428571426
2014;12025;569;1;10028;4004;1;1501402;15;1;63.378571428571426
2014;12025;569;1;10028;4004;1;1501402;15;1;63.378571428571426
2014;12025;569;1;10028;4004;1;1501402;15;1;63.378571428571426
2014;12025;569;1;10028;4004;1;1501402;15;1;63.378571428571426
2014;12025;569;1;10028;4004;1;1501402;15;1;63.378571428571426
2014;12025;569;1;10028;4004;1;1501402;15;1;63.378571428571426
2014;12025;569;1;10028;4004;1;1501402;15;1;63.378571428571426
2014;12025;569;1;10028;4004;1;1501402;15;1;63.378571428571426
2014;12025;569;1;10028;4004;1;1501402;15;1;63.378571428571426
2014;12025;569;1;10028;4004;1;1501402;15;1;63.378571428571426
2014;12025;569;1;10028;4004;1;1501402;15;1;63.378571428571426
2014;12025;569;1;10028;4004;1;1501402;15;1;63.378571428571426
2014;12025;569;1;10028;4004;1;1501402;15;1;63.378571428571426
2014;12313;570;1;10028;4004;1;2408102;24;2;58.223255813953486
2014;12313;570;1;10028;4004;1;2408102;24;2;58.223255813953486
2014;12313;570;1;10028;4004;1;2408102;24;2;58.223255813953486
2014;12313;570;1;10028;4004;1;2408102;24;2;58.223255813953486
2014;12313;570;1;10028;4004;1;2408102;24;2;58.223255813953486
2014;12313;570;1;10028;4004;1;2408102;24;2;58.223255813953486
2014;12313;570;1;10028;4004;1;2408102;24;2;58.223255813953486
2014;12313;570;1;10028;4004;1;2408102;24;2;58.223255813953486
2014;12313;570;1;10028;4004;1;2408102;24;2;58.223255813953486
2014;12313;570;1;10028;4004;1;2408102;24;2;58.223255813953486
2014;12313;570;1;10028;4004;1;2408102;24;2;58.223255813953486
2014;12313;570;1;10028;4004;1;2408102;24;2;58.223255813953486
2014;12313;570;1;10028;4004;1;2408102;24;2;58.223255813953486
2014;12313;570;1;10028;4004;1;2408102;24;2;58.223255813953486
2014;12313;570;1;10028;4004;1;2408102;24;2;58.223255813953486
2014;12313;570;1;10028;4004;1;2408102;24;2;58.223255813953486
2014;12313;570;1;10028;4004;1;2408102;24;2;58.223255813953486
2014;12313;570;1;10028;4004;1;2408102;24;2;58.223255813953486
2014;12313;570;1;10028;4004;1;2408102;24;2;58.223255813953486
2014;12313;570;1;10028;4004;1;2408102;24;2;58.223255813953486
2014;12313;570;1;10028;4004;1;2408102;24;2;58.223255813953486
2014;12313;570;1;10028;4004;1;2408102;24;2;58.223255813953486
2014;12313;570;1;10028;4004;1;2408102;24;2;58.223255813953486
2014;12313;570;1;10028;4004;1;2408102;24;2;58.223255813953486
2014;12313;570;1;10028;4004;1;2408102;24;2;58.223255813953486
2014;12313;570;1;10028;4004;1;2408102;24;2;58.223255813953486
2014;12313;570;1;10028;4004;1;2408102;24;2;58.223255813953486
2014;12313;570;1;10028;4004;1;2408102;24;2;58.223255813953486
2014;12313;570;1;10028;4004;1;2408102;24;2;58.223255813953486
2014;12313;570;1;10028;4004;1;2408102;24;2;58.223255813953486
2014;12313;570;1;10028;4004;1;2408102;24;2;58.223255813953486
2014;12313;570;1;10028;4004;1;2408102;24;2;58.223255813953486
2014;12313;570;1;10028;4004;1;2408102;24;2;58.223255813953486
2014;12313;570;1;10028;4004;1;2408102;24;2;58.223255813953486
2014;12313;570;1;10028;4004;1;2408102;24;2;58.223255813953486
2014;12313;570;1;10028;4004;1;2408102;24;2;58.223255813953486
2014;12313;570;1;10028;4004;1;2408102;24;2;58.223255813953486
2014;12313;570;1;10028;4004;1;2408102;24;2;58.223255813953486
2014;12313;570;1;10028;4004;1;2408102;24;2;58.223255813953486
2014;12313;570;1;10028;4004;1;2408102;24;2;58.223255813953486
2014;12313;570;1;10028;4004;1;2408102;24;2;58.223255813953486
2014;12313;570;1;10028;4004;1;2408102;24;2;58.223255813953486
2014;12313;570;1;10028;4004;1;2408102;24;2;58.223255813953486
2014;12313;570;1;10028;4004;1;2408102;24;2;58.223255813953486
2014;12313;570;1;10028;4004;1;2408102;24;2;58.223255813953486
2014;12313;570;1;10028;4004;1;2408102;24;2;58.223255813953486
2014;12313;570;1;10028;4004;1;2408102;24;2;58.223255813953486
2014;12313;570;1;10028;4004;1;2408102;24;2;58.223255813953486
2014;12313;570;1;10028;4004;1;2408102;24;2;58.223255813953486
2014;13216;577;1;10028;4004;1;2704302;27;2;64.42857142857143
2014;13216;577;1;10028;4004;1;2704302;27;2;64.42857142857143
2014;13216;577;1;10028;4004;1;2704302;27;2;64.42857142857143
2014;13216;577;1;10028;4004;1;2704302;27;2;64.42857142857143
2014;13216;577;1;10028;4004;1;2704302;27;2;64.42857142857143
2014;13216;577;1;10028;4004;1;2704302;27;2;64.42857142857143
2014;13216;577;1;10028;4004;1;2704302;27;2;64.42857142857143
2014;13216;577;1;10028;4004;1;2704302;27;2;64.42857142857143
2014;13216;577;1;10028;4004;1;2704302;27;2;64.42857142857143
2014;13216;577;1;10028;4004;1;2704302;27;2;64.42857142857143
2014;13216;577;1;10028;4004;1;2704302;27;2;64.42857142857143
2014;13216;577;1;10028;4004;1;2704302;27;2;64.42857142857143
2014;13216;577;1;10028;4004;1;2704302;27;2;64.42857142857143
2014;13216;577;1;10028;4004;1;2704302;27;2;64.42857142857143
2014;13216;577;1;10028;4004;1;2704302;27;2;64.42857142857143
2014;13216;577;1;10028;4004;1;2704302;27;2;64.42857142857143
2014;13216;577;1;10028;4004;1;2704302;27;2;64.42857142857143
2014;13216;577;1;10028;4004;1;2704302;27;2;64.42857142857143
2014;13216;577;1;10028;4004;1;2704302;27;2;64.42857142857143
2014;13216;577;1;10028;4004;1;2704302;27;2;64.42857142857143
2014;13216;577;1;10028;4004;1;2704302;27;2;64.42857142857143
2014;13216;577;1;10028;4004;1;2704302;27;2;64.42857142857143
2014;13216;577;1;10028;4004;1;2704302;27;2;64.42857142857143
2014;13216;577;1;10028;4004;1;2704302;27;2;64.42857142857143
2014;13216;577;1;10028;4004;1;2704302;27;2;64.42857142857143
2014;13216;577;1;10028;4004;1;2704302;27;2;64.42857142857143
2014;13216;577;1;10028;4004;1;2704302;27;2;64.42857142857143
2014;13216;577;1;10028;4004;1;2704302;27;2;64.42857142857143
2014;13216;577;1;10028;4004;1;2704302;27;2;64.42857142857143
2014;13216;577;1;10028;4004;1;2704302;27;2;64.42857142857143
2014;13216;577;1;10028;4004;1;2704302;27;2;64.42857142857143
2014;13216;577;1;10028;4004;1;2704302;27;2;64.42857142857143
2014;13216;577;1;10028;4004;1;2704302;27;2;64.42857142857143
2014;13216;577;1;10028;4004;1;2704302;27;2;64.42857142857143
2014;13216;577;1;10028;4004;1;2704302;27;2;64.42857142857143
2014;13216;577;1;10028;4004;1;2704302;27;2;64.42857142857143
2014;13216;577;1;10028;4004;1;2704302;27;2;64.42857142857143
2014;13216;577;1;10028;4004;1;2704302;27;2;64.42857142857143
2014;13216;577;1;10028;4004;1;2704302;27;2;64.42857142857143
2014;13216;577;1;10028;4004;1;2704302;27;2;64.42857142857143
2014;13216;577;1;10028;4004;1;2704302;27;2;64.42857142857143
2014;13216;577;1;10028;4004;1;2704302;27;2;64.42857142857143
2014;13216;577;1;10028;4004;1;2704302;27;2;64.42857142857143
2014;13277;578;1;10028;4004;1;2927408;29;2;69.96666666666667
2014;13277;578;1;10028;4004;1;2927408;29;2;69.96666666666667
2014;13277;578;1;10028;4004;1;2927408;29;2;69.96666666666667
2014;13277;578;1;10028;4004;1;2927408;29;2;69.96666666666667
2014;13277;578;1;10028;4004;1;2927408;29;2;69.96666666666667
2014;13277;578;1;10028;4004;1;2927408;29;2;69.96666666666667
2014;13277;578;1;10028;4004;1;2927408;29;2;69.96666666666667
2014;13277;578;1;10028;4004;1;2927408;29;2;69.96666666666667
2014;13277;578;1;10028;4004;1;2927408;29;2;69.96666666666667
2014;13277;578;1;10028;4004;1;2927408;29;2;69.96666666666667
2014;13277;578;1;10028;4004;1;2927408;29;2;69.96666666666667
2014;13277;578;1;10028;4004;1;2927408;29;2;69.96666666666667
2014;13277;578;1;10028;4004;1;2927408;29;2;69.96666666666667
2014;13277;578;1;10028;4004;1;2927408;29;2;69.96666666666667
2014;13277;578;1;10028;4004;1;2927408;29;2;69.96666666666667
2014;13277;578;1;10028;4004;1;2927408;29;2;69.96666666666667
2014;13277;578;1;10028;4004;1;2927408;29;2;69.96666666666667
2014;13277;578;1;10028;4004;1;2927408;29;2;69.96666666666667
2014;13277;578;1;10028;4004;1;2927408;29;2;69.96666666666667
2014;13277;578;1;10028;4004;1;2927408;29;2;69.96666666666667
2014;13277;578;1;10028;4004;1;2927408;29;2;69.96666666666667
2014;13277;578;1;10028;4004;1;2927408;29;2;69.96666666666667
2014;13277;578;1;10028;4004;1;2927408;29;2;69.96666666666667
2014;13277;578;1;10028;4004;1;2927408;29;2;69.96666666666667
2014;13277;578;1;10028;4004;1;2927408;29;2;69.96666666666667
2014;13277;578;1;10028;4004;1;2927408;29;2;69.96666666666667
2014;13277;578;1;10028;4004;1;2927408;29;2;69.96666666666667
2014;13277;578;1;10028;4004;1;2927408;29;2;69.96666666666667
2014;13401;579;1;10028;4004;1;2507507;25;2;70.28717948717949
2014;13401;579;1;10028;4004;1;2507507;25;2;70.28717948717949
2014;13401;579;1;10028;4004;1;2507507;25;2;70.28717948717949
2014;13401;579;1;10028;4004;1;2507507;25;2;70.28717948717949
2014;13401;579;1;10028;4004;1;2507507;25;2;70.28717948717949
2014;13401;579;1;10028;4004;1;2507507;25;2;70.28717948717949
2014;13401;579;1;10028;4004;1;2507507;25;2;70.28717948717949
2014;13401;579;1;10028;4004;1;2507507;25;2;70.28717948717949
2014;13401;579;1;10028;4004;1;2507507;25;2;70.28717948717949
2014;13401;579;1;10028;4004;1;2507507;25;2;70.28717948717949
2014;13401;579;1;10028;4004;1;2507507;25;2;70.28717948717949
2014;13401;579;1;10028;4004;1;2507507;25;2;70.28717948717949
2014;13401;579;1;10028;4004;1;2507507;25;2;70.28717948717949
2014;13401;579;1;10028;4004;1;2507507;25;2;70.28717948717949
2014;13401;579;1;10028;4004;1;2507507;25;2;70.28717948717949
2014;13401;579;1;10028;4004;1;2507507;25;2;70.28717948717949
2014;13401;579;1;10028;4004;1;2507507;25;2;70.28717948717949
2014;13401;579;1;10028;4004;1;2507507;25;2;70.28717948717949
2014;13401;579;1;10028;4004;1;2507507;25;2;70.28717948717949
2014;13401;579;1;10028;4004;1;2507507;25;2;70.28717948717949
2014;13401;579;1;10028;4004;1;2507507;25;2;70.28717948717949
2014;13401;579;1;10028;4004;1;2507507;25;2;70.28717948717949
2014;13401;579;1;10028;4004;1;2507507;25;2;70.28717948717949
2014;13401;579;1;10028;4004;1;2507507;25;2;70.28717948717949
2014;13401;579;1;10028;4004;1;2507507;25;2;70.28717948717949
2014;13401;579;1;10028;4004;1;2507507;25;2;70.28717948717949
2014;13401;579;1;10028;4004;1;2507507;25;2;70.28717948717949
2014;13401;579;1;10028;4004;1;2507507;25;2;70.28717948717949
2014;13401;579;1;10028;4004;1;2507507;25;2;70.28717948717949
2014;13401;579;1;10028;4004;1;2507507;25;2;70.28717948717949
2014;13401;579;1;10028;4004;1;2507507;25;2;70.28717948717949
2014;13401;579;1;10028;4004;1;2507507;25;2;70.28717948717949
2014;13401;579;1;10028;4004;1;2507507;25;2;70.28717948717949
2014;13401;579;1;10028;4004;1;2507507;25;2;70.28717948717949
2014;13401;579;1;10028;4004;1;2507507;25;2;70.28717948717949
2014;13401;579;1;10028;4004;1;2507507;25;2;70.28717948717949
2014;13401;579;1;10028;4004;1;2507507;25;2;70.28717948717949
2014;13401;579;1;10028;4004;1;2507507;25;2;70.28717948717949
2014;13401;579;1;10028;4004;1;2507507;25;2;70.28717948717949
2014;13401;579;1;10028;4004;1;2507507;25;2;70.28717948717949
2014;13401;579;1;10028;4004;1;2507507;25;2;70.28717948717949
2014;13401;579;1;10028;4004;1;2507507;25;2;70.28717948717949
2014;13401;579;1;10028;4004;1;2507507;25;2;70.28717948717949
2014;13401;579;1;10028;4004;1;2507507;25;2;70.28717948717949
2014;13401;579;1;10028;4004;1;2507507;25;2;70.28717948717949
2014;13401;579;1;10028;4004;1;2507507;25;2;70.28717948717949
2014;13401;579;1;10028;4004;1;2507507;25;2;70.28717948717949
2014;13401;579;1;10028;4004;1;2507507;25;2;70.28717948717949
2014;13401;579;1;10028;4004;1;2507507;25;2;70.28717948717949
2014;13401;579;1;10028;4004;1;2507507;25;2;70.28717948717949
2014;13401;579;1;10028;4004;1;2507507;25;2;70.28717948717949
2014;13401;579;1;10028;4004;1;2507507;25;2;70.28717948717949
2014;13401;579;1;10028;4004;1;2507507;25;2;70.28717948717949
2014;13401;579;1;10028;4004;1;2507507;25;2;70.28717948717949
2014;13401;579;1;10028;4004;1;2507507;25;2;70.28717948717949
2014;13401;579;1;10028;4004;1;2507507;25;2;70.28717948717949
2014;13401;579;1;10028;4004;1;2507507;25;2;70.28717948717949
2014;13446;2564;1;10028;4004;1;2504009;25;2;62.66428571428571
2014;13446;2564;1;10028;4004;1;2504009;25;2;62.66428571428571
2014;13446;2564;1;10028;4004;1;2504009;25;2;62.66428571428571
2014;13446;2564;1;10028;4004;1;2504009;25;2;62.66428571428571
2014;13446;2564;1;10028;4004;1;2504009;25;2;62.66428571428571
2014;13446;2564;1;10028;4004;1;2504009;25;2;62.66428571428571
2014;13446;2564;1;10028;4004;1;2504009;25;2;62.66428571428571
2014;13446;2564;1;10028;4004;1;2504009;25;2;62.66428571428571
2014;13446;2564;1;10028;4004;1;2504009;25;2;62.66428571428571
2014;13446;2564;1;10028;4004;1;2504009;25;2;62.66428571428571
2014;13446;2564;1;10028;4004;1;2504009;25;2;62.66428571428571
2014;13446;2564;1;10028;4004;1;2504009;25;2;62.66428571428571
2014;13446;2564;1;10028;4004;1;2504009;25;2;62.66428571428571
2014;13446;2564;1;10028;4004;1;2504009;25;2;62.66428571428571
2014;13446;2564;1;10028;4004;1;2504009;25;2;62.66428571428571
2014;13446;2564;1;10028;4004;1;2504009;25;2;62.66428571428571
2014;13446;2564;1;10028;4004;1;2504009;25;2;62.66428571428571
2014;13446;2564;1;10028;4004;1;2504009;25;2;62.66428571428571
2014;13446;2564;1;10028;4004;1;2504009;25;2;62.66428571428571
2014;13446;2564;1;10028;4004;1;2504009;25;2;62.66428571428571
2014;13446;2564;1;10028;4004;1;2504009;25;2;62.66428571428571
2014;13446;2564;1;10028;4004;1;2504009;25;2;62.66428571428571
2014;13446;2564;1;10028;4004;1;2504009;25;2;62.66428571428571
2014;13446;2564;1;10028;4004;1;2504009;25;2;62.66428571428571
2014;13446;2564;1;10028;4004;1;2504009;25;2;62.66428571428571
2014;13446;2564;1;10028;4004;1;2504009;25;2;62.66428571428571
2014;13446;2564;1;10028;4004;1;2504009;25;2;62.66428571428571
2014;13446;2564;1;10028;4004;1;2504009;25;2;62.66428571428571
2014;13446;2564;1;10028;4004;1;2504009;25;2;62.66428571428571
2014;13446;2564;1;10028;4004;1;2504009;25;2;62.66428571428571
2014;13446;2564;1;10028;4004;1;2504009;25;2;62.66428571428571
2014;13446;2564;1;10028;4004;1;2504009;25;2;62.66428571428571
2014;13446;2564;1;10028;4004;1;2504009;25;2;62.66428571428571
2014;13446;2564;1;10028;4004;1;2504009;25;2;62.66428571428571
2014;13446;2564;1;10028;4004;1;2504009;25;2;62.66428571428571
2014;13446;2564;1;10028;4004;1;2504009;25;2;62.66428571428571
2014;13446;2564;1;10028;4004;1;2504009;25;2;62.66428571428571
2014;13446;2564;1;10028;4004;1;2504009;25;2;62.66428571428571
2014;13446;2564;1;10028;4004;1;2504009;25;2;62.66428571428571
2014;13446;2564;1;10028;4004;1;2504009;25;2;62.66428571428571
2014;13446;2564;1;10028;4004;1;2504009;25;2;62.66428571428571
2014;13446;2564;1;10028;4004;1;2504009;25;2;62.66428571428571
2014;13446;2564;1;10028;4004;1;2504009;25;2;62.66428571428571
2014;13446;2564;1;10028;4004;1;2504009;25;2;62.66428571428571
2014;13446;2564;1;10028;4004;1;2504009;25;2;62.66428571428571
2014;13446;2564;1;10028;4004;1;2504009;25;2;62.66428571428571
2014;13446;2564;1;10028;4004;1;2504009;25;2;62.66428571428571
2014;13446;2564;1;10028;4004;1;2504009;25;2;62.66428571428571
2014;13446;2564;1;10028;4004;1;2504009;25;2;62.66428571428571
2014;13446;2564;1;10028;4004;1;2504009;25;2;62.66428571428571
2014;13446;2564;1;10028;4004;1;2504009;25;2;62.66428571428571
2014;13446;2564;1;10028;4004;1;2504009;25;2;62.66428571428571
2014;13446;2564;1;10028;4004;1;2504009;25;2;62.66428571428571
2014;13446;2564;1;10028;4004;1;2504009;25;2;62.66428571428571
2014;13446;2564;1;10028;4004;1;2504009;25;2;62.66428571428571
2014;13446;2564;1;10028;4004;1;2504009;25;2;62.66428571428571
2014;13446;2564;1;10028;4004;1;2504009;25;2;62.66428571428571
2014;13446;2564;1;10028;4004;1;2504009;25;2;62.66428571428571
2014;13595;580;1;10028;4004;1;2611606;26;2;68.60416666666667
2014;13595;580;1;10028;4004;1;2611606;26;2;68.60416666666667
2014;13595;580;1;10028;4004;1;2611606;26;2;68.60416666666667
2014;13595;580;1;10028;4004;1;2611606;26;2;68.60416666666667
2014;13595;580;1;10028;4004;1;2611606;26;2;68.60416666666667
2014;13595;580;1;10028;4004;1;2611606;26;2;68.60416666666667
2014;13595;580;1;10028;4004;1;2611606;26;2;68.60416666666667
2014;13595;580;1;10028;4004;1;2611606;26;2;68.60416666666667
2014;13595;580;1;10028;4004;1;2611606;26;2;68.60416666666667
2014;13595;580;1;10028;4004;1;2611606;26;2;68.60416666666667
2014;13595;580;1;10028;4004;1;2611606;26;2;68.60416666666667
2014;13595;580;1;10028;4004;1;2611606;26;2;68.60416666666667
2014;13595;580;1;10028;4004;1;2611606;26;2;68.60416666666667
2014;13595;580;1;10028;4004;1;2611606;26;2;68.60416666666667
2014;13595;580;1;10028;4004;1;2611606;26;2;68.60416666666667
2014;13595;580;1;10028;4004;1;2611606;26;2;68.60416666666667
2014;13595;580;1;10028;4004;1;2611606;26;2;68.60416666666667
2014;13595;580;1;10028;4004;1;2611606;26;2;68.60416666666667
2014;13595;580;1;10028;4004;1;2611606;26;2;68.60416666666667
2014;13595;580;1;10028;4004;1;2611606;26;2;68.60416666666667
2014;13595;580;1;10028;4004;1;2611606;26;2;68.60416666666667
2014;13595;580;1;10028;4004;1;2611606;26;2;68.60416666666667
2014;13595;580;1;10028;4004;1;2611606;26;2;68.60416666666667
2014;13595;580;1;10028;4004;1;2611606;26;2;68.60416666666667
2014;13595;580;1;10028;4004;1;2611606;26;2;68.60416666666667
2014;13595;580;1;10028;4004;1;2611606;26;2;68.60416666666667
2014;13595;580;1;10028;4004;1;2611606;26;2;68.60416666666667
2014;13595;580;1;10028;4004;1;2611606;26;2;68.60416666666667
2014;13595;580;1;10028;4004;1;2611606;26;2;68.60416666666667
2014;13595;580;1;10028;4004;1;2611606;26;2;68.60416666666667
2014;13595;580;1;10028;4004;1;2611606;26;2;68.60416666666667
2014;13595;580;1;10028;4004;1;2611606;26;2;68.60416666666667
2014;13595;580;1;10028;4004;1;2611606;26;2;68.60416666666667
2014;13595;580;1;10028;4004;1;2611606;26;2;68.60416666666667
2014;13595;580;1;10028;4004;1;2611606;26;2;68.60416666666667
2014;13595;580;1;10028;4004;1;2611606;26;2;68.60416666666667
2014;13595;580;1;10028;4004;1;2611606;26;2;68.60416666666667
2014;13595;580;1;10028;4004;1;2611606;26;2;68.60416666666667
2014;13595;580;1;10028;4004;1;2611606;26;2;68.60416666666667
2014;13595;580;1;10028;4004;1;2611606;26;2;68.60416666666667
2014;13595;580;1;10028;4004;1;2611606;26;2;68.60416666666667
2014;13595;580;1;10028;4004;1;2611606;26;2;68.60416666666667
2014;13595;580;1;10028;4004;1;2611606;26;2;68.60416666666667
2014;13595;580;1;10028;4004;1;2611606;26;2;68.60416666666667
2014;13595;580;1;10028;4004;1;2611606;26;2;68.60416666666667
2014;13595;580;1;10028;4004;1;2611606;26;2;68.60416666666667
2014;13595;580;1;10028;4004;1;2611606;26;2;68.60416666666667
2014;13595;580;1;10028;4004;1;2611606;26;2;68.60416666666667
2014;13595;580;1;10028;4004;1;2611606;26;2;68.60416666666667
2014;13595;580;1;10028;4004;1;2611606;26;2;68.60416666666667
2014;13595;580;1;10028;4004;1;2611606;26;2;68.60416666666667
2014;13595;580;1;10028;4004;1;2611606;26;2;68.60416666666667
2014;13595;580;1;10028;4004;1;2611606;26;2;68.60416666666667
2014;13595;580;1;10028;4004;1;2611606;26;2;68.60416666666667
2014;13595;580;1;10028;4004;1;2611606;26;2;68.60416666666667
2014;13595;580;1;10028;4004;1;2611606;26;2;68.60416666666667
2014;13595;580;1;10028;4004;1;2611606;26;2;68.60416666666667
2014;13595;580;1;10028;4004;1;2611606;26;2;68.60416666666667
2014;13595;580;1;10028;4004;1;2611606;26;2;68.60416666666667
2014;13595;580;1;10028;4004;1;2611606;26;2;68.60416666666667
2014;13595;580;1;10028;4004;1;2611606;26;2;68.60416666666667
2014;13595;580;1;10028;4004;1;2611606;26;2;68.60416666666667
2014;13595;580;1;10028;4004;1;2611606;26;2;68.60416666666667
2014;13595;580;1;10028;4004;1;2611606;26;2;68.60416666666667
2014;13595;580;1;10028;4004;1;2611606;26;2;68.60416666666667
2014;13595;580;1;10028;4004;1;2611606;26;2;68.60416666666667
2014;13595;580;1;10028;4004;1;2611606;26;2;68.60416666666667
2014;13595;580;1;10028;4004;1;2611606;26;2;68.60416666666667
2014;13595;580;1;10028;4004;1;2611606;26;2;68.60416666666667
2014;13595;580;1;10028;4004;1;2611606;26;2;68.60416666666667
2014;13595;580;1;10028;4004;1;2611606;26;2;68.60416666666667
2014;13595;580;1;10028;4004;1;2611606;26;2;68.60416666666667
2014;13595;580;1;10028;4004;1;2611606;26;2;68.60416666666667
2014;13595;580;1;10028;4004;1;2611606;26;2;68.60416666666667
2014;13595;580;1;10028;4004;1;2611606;26;2;68.60416666666667
2014;13595;580;1;10028;4004;1;2611606;26;2;68.60416666666667
2014;13595;580;1;10028;4004;1;2611606;26;2;68.60416666666667
2014;13595;580;1;10028;4004;1;2611606;26;2;68.60416666666667
2014;13595;580;1;10028;4004;1;2611606;26;2;68.60416666666667
2014;13595;580;1;10028;4004;1;2611606;26;2;68.60416666666667
2014;13595;580;1;10028;4004;1;2611606;26;2;68.60416666666667
2014;13595;580;1;10028;4004;1;2611606;26;2;68.60416666666667
2014;13595;580;1;10028;4004;1;2611606;26;2;68.60416666666667
2014;13980;583;1;10028;4004;1;2304400;23;2;70.31875000000001
2014;13980;583;1;10028;4004;1;2304400;23;2;70.31875000000001
2014;13980;583;1;10028;4004;1;2304400;23;2;70.31875000000001
2014;13980;583;1;10028;4004;1;2304400;23;2;70.31875000000001
2014;13980;583;1;10028;4004;1;2304400;23;2;70.31875000000001
2014;13980;583;1;10028;4004;1;2304400;23;2;70.31875000000001
2014;13980;583;1;10028;4004;1;2304400;23;2;70.31875000000001
2014;13980;583;1;10028;4004;1;2304400;23;2;70.31875000000001
2014;13980;583;1;10028;4004;1;2304400;23;2;70.31875000000001
2014;13980;583;1;10028;4004;1;2304400;23;2;70.31875000000001
2014;13980;583;1;10028;4004;1;2304400;23;2;70.31875000000001
2014;13980;583;1;10028;4004;1;2304400;23;2;70.31875000000001
2014;13980;583;1;10028;4004;1;2304400;23;2;70.31875000000001
2014;13980;583;1;10028;4004;1;2304400;23;2;70.31875000000001
2014;13980;583;1;10028;4004;1;2304400;23;2;70.31875000000001
2014;13980;583;1;10028;4004;1;2304400;23;2;70.31875000000001
2014;13980;583;1;10028;4004;1;2304400;23;2;70.31875000000001
2014;13980;583;1;10028;4004;1;2304400;23;2;70.31875000000001
2014;13980;583;1;10028;4004;1;2304400;23;2;70.31875000000001
2014;13980;583;1;10028;4004;1;2304400;23;2;70.31875000000001
2014;13980;583;1;10028;4004;1;2304400;23;2;70.31875000000001
2014;13980;583;1;10028;4004;1;2304400;23;2;70.31875000000001
2014;13980;583;1;10028;4004;1;2304400;23;2;70.31875000000001
2014;13980;583;1;10028;4004;1;2304400;23;2;70.31875000000001
2014;13980;583;1;10028;4004;1;2304400;23;2;70.31875000000001
2014;13980;583;1;10028;4004;1;2304400;23;2;70.31875000000001
2014;13980;583;1;10028;4004;1;2304400;23;2;70.31875000000001
2014;13980;583;1;10028;4004;1;2304400;23;2;70.31875000000001
2014;13980;583;1;10028;4004;1;2304400;23;2;70.31875000000001
2014;13980;583;1;10028;4004;1;2304400;23;2;70.31875000000001
2014;13980;583;1;10028;4004;1;2304400;23;2;70.31875000000001
2014;13980;583;1;10028;4004;1;2304400;23;2;70.31875000000001
2014;13980;583;1;10028;4004;1;2304400;23;2;70.31875000000001
2014;13980;583;1;10028;4004;1;2304400;23;2;70.31875000000001
2014;13980;583;1;10028;4004;1;2304400;23;2;70.31875000000001
2014;13980;583;1;10028;4004;1;2304400;23;2;70.31875000000001
2014;13980;583;1;10028;4004;1;2304400;23;2;70.31875000000001
2014;13980;583;1;10028;4004;1;2304400;23;2;70.31875000000001
2014;13980;583;1;10028;4004;1;2304400;23;2;70.31875000000001
2014;13980;583;1;10028;4004;1;2304400;23;2;70.31875000000001
2014;13980;583;1;10028;4004;1;2304400;23;2;70.31875000000001
2014;13980;583;1;10028;4004;1;2304400;23;2;70.31875000000001
2014;13980;583;1;10028;4004;1;2304400;23;2;70.31875000000001
2014;13980;583;1;10028;4004;1;2304400;23;2;70.31875000000001
2014;13980;583;1;10028;4004;1;2304400;23;2;70.31875000000001
2014;13980;583;1;10028;4004;1;2304400;23;2;70.31875000000001
2014;13980;583;1;10028;4004;1;2304400;23;2;70.31875000000001
2014;13980;583;1;10028;4004;1;2304400;23;2;70.31875000000001
2014;13980;583;1;10028;4004;1;2304400;23;2;70.31875000000001
2014;13980;583;1;10028;4004;1;2304400;23;2;70.31875000000001
2014;13980;583;1;10028;4004;1;2304400;23;2;70.31875000000001
2014;17898;1059;4;10022;4004;1;2304400;23;2;57.12692307692308
2014;17898;1059;4;10022;4004;1;2304400;23;2;57.12692307692308
2014;17898;1059;4;10022;4004;1;2304400;23;2;57.12692307692308
2014;17898;1059;4;10022;4004;1;2304400;23;2;57.12692307692308
2014;17898;1059;4;10022;4004;1;2304400;23;2;57.12692307692308
2014;17898;1059;4;10022;4004;1;2304400;23;2;57.12692307692308
2014;17898;1059;4;10022;4004;1;2304400;23;2;57.12692307692308
2014;17898;1059;4;10022;4004;1;2304400;23;2;57.12692307692308
2014;17898;1059;4;10022;4004;1;2304400;23;2;57.12692307692308
2014;17898;1059;4;10022;4004;1;2304400;23;2;57.12692307692308
2014;17898;1059;4;10022;4004;1;2304400;23;2;57.12692307692308
2014;17898;1059;4;10022;4004;1;2304400;23;2;57.12692307692308
2014;17898;1059;4;10022;4004;1;2304400;23;2;57.12692307692308
2014;17898;1059;4;10022;4004;1;2304400;23;2;57.12692307692308
2014;17898;1059;4;10022;4004;1;2304400;23;2;57.12692307692308
2014;17898;1059;4;10022;4004;1;2304400;23;2;57.12692307692308
2014;17898;1059;4;10022;4004;1;2304400;23;2;57.12692307692308
2014;17898;1059;4;10022;4004;1;2304400;23;2;57.12692307692308
2014;17898;1059;4;10022;4004;1;2304400;23;2;57.12692307692308
2014;17898;1059;4;10022;4004;1;2304400;23;2;57.12692307692308
2014;17898;1059;4;10022;4004;1;2304400;23;2;57.12692307692308
2014;17898;1059;4;10022;4004;1;2304400;23;2;57.12692307692308
2014;17898;1059;4;10022;4004;1;2304400;23;2;57.12692307692308
2014;17898;1059;4;10022;4004;1;2304400;23;2;57.12692307692308
2014;17898;1059;4;10022;4004;1;2304400;23;2;57.12692307692308
2014;17898;1059;4;10022;4004;1;2304400;23;2;57.12692307692308
2014;17898;1059;4;10022;4004;1;2304400;23;2;57.12692307692308
2014;17898;1059;4;10022;4004;1;2304400;23;2;57.12692307692308
2014;17898;1059;4;10022;4004;1;2304400;23;2;57.12692307692308
2014;17898;1059;4;10022;4004;1;2304400;23;2;57.12692307692308
2014;17898;1059;4;10022;4004;1;2304400;23;2;57.12692307692308
2014;17898;1059;4;10022;4004;1;2304400;23;2;57.12692307692308
2014;17898;1059;4;10022;4004;1;2304400;23;2;57.12692307692308
2014;17898;1059;4;10022;4004;1;2304400;23;2;57.12692307692308
2014;17898;1059;4;10022;4004;1;2304400;23;2;57.12692307692308
2014;17898;1059;4;10022;4004;1;2304400;23;2;57.12692307692308
2014;18250;792;5;10020;4004;1;1501402;15;1;65.69285714285715
2014;18250;792;5;10020;4004;1;1501402;15;1;65.69285714285715
2014;18250;792;5;10020;4004;1;1501402;15;1;65.69285714285715
2014;18250;792;5;10020;4004;1;1501402;15;1;65.69285714285715
2014;18250;792;5;10020;4004;1;1501402;15;1;65.69285714285715
2014;18250;792;5;10020;4004;1;1501402;15;1;65.69285714285715
2014;18250;792;5;10020;4004;1;1501402;15;1;65.69285714285715
2014;18250;792;5;10020;4004;1;1501402;15;1;65.69285714285715
2014;18250;792;5;10020;4004;1;1501402;15;1;65.69285714285715
2014;18250;792;5;10020;4004;1;1501402;15;1;65.69285714285715
2014;18250;792;5;10020;4004;1;1501402;15;1;65.69285714285715
2014;18250;792;5;10020;4004;1;1501402;15;1;65.69285714285715
2014;18250;792;5;10020;4004;1;1501402;15;1;65.69285714285715
2014;18250;792;5;10020;4004;1;1501402;15;1;65.69285714285715
2014;18250;792;5;10020;4004;1;1501402;15;1;65.69285714285715
2014;18250;792;5;10020;4004;1;1501402;15;1;65.69285714285715
2014;18250;792;5;10020;4004;1;1501402;15;1;65.69285714285715
2014;18250;792;5;10020;4004;1;1501402;15;1;65.69285714285715
2014;18250;792;5;10020;4004;1;1501402;15;1;65.69285714285715
2014;18250;792;5;10020;4004;1;1501402;15;1;65.69285714285715
2014;18250;792;5;10020;4004;1;1501402;15;1;65.69285714285715
2014;18250;792;5;10020;4004;1;1501402;15;1;65.69285714285715
2014;18250;792;5;10020;4004;1;1501402;15;1;65.69285714285715
2014;18250;792;5;10020;4004;1;1501402;15;1;65.69285714285715
2014;18250;792;5;10020;4004;1;1501402;15;1;65.69285714285715
2014;18250;792;5;10020;4004;1;1501402;15;1;65.69285714285715
2014;18250;792;5;10020;4004;1;1501402;15;1;65.69285714285715
2014;18250;792;5;10020;4004;1;1501402;15;1;65.69285714285715
2014;18250;792;5;10020;4004;1;1501402;15;1;65.69285714285715
2014;18250;792;5;10020;4004;1;1501402;15;1;65.69285714285715
2014;18250;792;5;10020;4004;1;1501402;15;1;65.69285714285715
2014;18250;792;5;10020;4004;1;1501402;15;1;65.69285714285715
2014;18250;792;5;10020;4004;1;1501402;15;1;65.69285714285715
2014;18250;792;5;10020;4004;1;1501402;15;1;65.69285714285715
2014;18250;792;5;10020;4004;1;1501402;15;1;65.69285714285715
2014;18250;792;5;10020;4004;1;1501402;15;1;65.69285714285715
2014;18250;792;5;10020;4004;1;1501402;15;1;65.69285714285715
2014;18250;792;5;10020;4004;1;1501402;15;1;65.69285714285715
2014;18250;792;5;10020;4004;1;1501402;15;1;65.69285714285715
2014;18250;792;5;10020;4004;1;1501402;15;1;65.69285714285715
2014;18250;792;5;10020;4004;1;1501402;15;1;65.69285714285715
2014;18250;792;5;10020;4004;1;1501402;15;1;65.69285714285715
2014;18250;792;5;10020;4004;1;1501402;15;1;65.69285714285715
2014;18250;792;5;10020;4004;1;1501402;15;1;65.69285714285715
2014;18250;792;5;10020;4004;1;1501402;15;1;65.69285714285715
2014;18250;792;5;10020;4004;1;1501402;15;1;65.69285714285715
2014;18250;792;5;10020;4004;1;1501402;15;1;65.69285714285715
2014;18250;792;5;10020;4004;1;1501402;15;1;65.69285714285715
2014;18250;792;5;10020;4004;1;1501402;15;1;65.69285714285715
2014;18250;792;5;10020;4004;1;1501402;15;1;65.69285714285715
2014;18250;792;5;10020;4004;1;1501402;15;1;65.69285714285715
2014;18250;792;5;10020;4004;1;1501402;15;1;65.69285714285715
2014;18250;792;5;10020;4004;1;1501402;15;1;65.69285714285715
2014;18250;792;5;10020;4004;1;1501402;15;1;65.69285714285715
2014;18250;792;5;10020;4004;1;1501402;15;1;65.69285714285715
2014;18250;792;5;10020;4004;1;1501402;15;1;65.69285714285715
2014;18250;792;5;10020;4004;1;1501402;15;1;65.69285714285715
2014;18250;792;5;10020;4004;1;1501402;15;1;65.69285714285715
2014;18250;792;5;10020;4004;1;1501402;15;1;65.69285714285715
2014;18250;792;5;10020;4004;1;1501402;15;1;65.69285714285715
2014;18250;792;5;10020;4004;1;1501402;15;1;65.69285714285715
2014;18267;396;4;10022;4004;1;2927408;29;2;58.970370370370375
2014;18267;396;4;10022;4004;1;2927408;29;2;58.970370370370375
2014;18267;396;4;10022;4004;1;2927408;29;2;58.970370370370375
2014;18267;396;4;10022;4004;1;2927408;29;2;58.970370370370375
2014;18267;396;4;10022;4004;1;2927408;29;2;58.970370370370375
2014;18267;396;4;10022;4004;1;2927408;29;2;58.970370370370375
2014;18267;396;4;10022;4004;1;2927408;29;2;58.970370370370375
2014;18267;396;4;10022;4004;1;2927408;29;2;58.970370370370375
2014;18267;396;4;10022;4004;1;2927408;29;2;58.970370370370375
2014;18267;396;4;10022;4004;1;2927408;29;2;58.970370370370375
2014;18267;396;4;10022;4004;1;2927408;29;2;58.970370370370375
2014;18267;396;4;10022;4004;1;2927408;29;2;58.970370370370375
2014;18267;396;4;10022;4004;1;2927408;29;2;58.970370370370375
2014;18267;396;4;10022;4004;1;2927408;29;2;58.970370370370375
2014;18267;396;4;10022;4004;1;2927408;29;2;58.970370370370375
2014;18267;396;4;10022;4004;1;2927408;29;2;58.970370370370375
2014;18267;396;4;10022;4004;1;2927408;29;2;58.970370370370375
2014;18267;396;4;10022;4004;1;2927408;29;2;58.970370370370375
2014;18267;396;4;10022;4004;1;2927408;29;2;58.970370370370375
2014;18267;396;4;10022;4004;1;2927408;29;2;58.970370370370375
2014;18267;396;4;10022;4004;1;2927408;29;2;58.970370370370375
2014;18267;396;4;10022;4004;1;2927408;29;2;58.970370370370375
2014;18267;396;4;10022;4004;1;2927408;29;2;58.970370370370375
2014;18267;396;4;10022;4004;1;2927408;29;2;58.970370370370375
2014;18267;396;4;10022;4004;1;2927408;29;2;58.970370370370375
2014;18267;396;4;10022;4004;1;2927408;29;2;58.970370370370375
2014;18267;396;4;10022;4004;1;2927408;29;2;58.970370370370375
2014;18558;756;2;10028;4004;1;2207702;22;2;57.9359375
2014;18558;756;2;10028;4004;1;2207702;22;2;57.9359375
2014;18558;756;2;10028;4004;1;2207702;22;2;57.9359375
2014;18558;756;2;10028;4004;1;2207702;22;2;57.9359375
2014;18558;756;2;10028;4004;1;2207702;22;2;57.9359375
2014;18558;756;2;10028;4004;1;2207702;22;2;57.9359375
2014;18558;756;2;10028;4004;1;2207702;22;2;57.9359375
2014;18558;756;2;10028;4004;1;2207702;22;2;57.9359375
2014;18558;756;2;10028;4004;1;2207702;22;2;57.9359375
2014;18558;756;2;10028;4004;1;2207702;22;2;57.9359375
2014;18558;756;2;10028;4004;1;2207702;22;2;57.9359375
2014;18558;756;2;10028;4004;1;2207702;22;2;57.9359375
2014;18558;756;2;10028;4004;1;2207702;22;2;57.9359375
2014;18558;756;2;10028;4004;1;2207702;22;2;57.9359375
2014;18558;756;2;10028;4004;1;2207702;22;2;57.9359375
2014;18558;756;2;10028;4004;1;2207702;22;2;57.9359375
2014;18558;756;2;10028;4004;1;2207702;22;2;57.9359375
2014;18558;756;2;10028;4004;1;2207702;22;2;57.9359375
2014;18558;756;2;10028;4004;1;2207702;22;2;57.9359375
2014;18558;756;2;10028;4004;1;2207702;22;2;57.9359375
2014;18558;756;2;10028;4004;1;2207702;22;2;57.9359375
2014;18558;756;2;10028;4004;1;2207702;22;2;57.9359375
2014;18558;756;2;10028;4004;1;2207702;22;2;57.9359375
2014;18558;756;2;10028;4004;1;2207702;22;2;57.9359375
2014;18558;756;2;10028;4004;1;2207702;22;2;57.9359375
2014;18558;756;2;10028;4004;1;2207702;22;2;57.9359375
2014;18558;756;2;10028;4004;1;2207702;22;2;57.9359375
2014;18558;756;2;10028;4004;1;2207702;22;2;57.9359375
2014;18558;756;2;10028;4004;1;2207702;22;2;57.9359375
2014;18558;756;2;10028;4004;1;2207702;22;2;57.9359375
2014;18558;756;2;10028;4004;1;2207702;22;2;57.9359375
2014;18558;756;2;10028;4004;1;2207702;22;2;57.9359375
2014;18558;756;2;10028;4004;1;2207702;22;2;57.9359375
2014;18558;756;2;10028;4004;1;2207702;22;2;57.9359375
2014;18558;756;2;10028;4004;1;2207702;22;2;57.9359375
2014;18558;756;2;10028;4004;1;2207702;22;2;57.9359375
2014;18558;756;2;10028;4004;1;2207702;22;2;57.9359375
2014;18558;756;2;10028;4004;1;2207702;22;2;57.9359375
2014;18558;756;2;10028;4004;1;2207702;22;2;57.9359375
2014;18558;756;2;10028;4004;1;2207702;22;2;57.9359375
2014;18558;756;2;10028;4004;1;2207702;22;2;57.9359375
2014;18558;756;2;10028;4004;1;2207702;22;2;57.9359375
2014;18558;756;2;10028;4004;1;2207702;22;2;57.9359375
2014;18558;756;2;10028;4004;1;2207702;22;2;57.9359375
2014;18558;756;2;10028;4004;1;2207702;22;2;57.9359375
2014;18558;756;2;10028;4004;1;2207702;22;2;57.9359375
2014;18558;756;2;10028;4004;1;2207702;22;2;57.9359375
2014;18558;756;2;10028;4004;1;2207702;22;2;57.9359375
2014;18558;756;2;10028;4004;1;2207702;22;2;57.9359375
2014;18558;756;2;10028;4004;1;2207702;22;2;57.9359375
2014;18558;756;2;10028;4004;1;2207702;22;2;57.9359375
2014;18558;756;2;10028;4004;1;2207702;22;2;57.9359375
2014;18558;756;2;10028;4004;1;2207702;22;2;57.9359375
2014;18558;756;2;10028;4004;1;2207702;22;2;57.9359375
2014;18558;756;2;10028;4004;1;2207702;22;2;57.9359375
2014;18558;756;2;10028;4004;1;2207702;22;2;57.9359375
2014;18558;756;2;10028;4004;1;2207702;22;2;57.9359375
2014;18558;756;2;10028;4004;1;2207702;22;2;57.9359375
2014;18558;756;2;10028;4004;1;2207702;22;2;57.9359375
2014;18558;756;2;10028;4004;1;2207702;22;2;57.9359375
2014;18558;756;2;10028;4004;1;2207702;22;2;57.9359375
2014;18558;756;2;10028;4004;1;2207702;22;2;57.9359375
2014;18558;756;2;10028;4004;1;2207702;22;2;57.9359375
2014;18558;756;2;10028;4004;1;2207702;22;2;57.9359375
2014;18558;756;2;10028;4004;1;2207702;22;2;57.9359375
2014;18558;756;2;10028;4004;1;2207702;22;2;57.9359375
2014;18558;756;2;10028;4004;1;2207702;22;2;57.9359375
2014;18558;756;2;10028;4004;1;2207702;22;2;57.9359375
2014;18558;756;2;10028;4004;1;2207702;22;2;57.9359375
2014;18558;756;2;10028;4004;1;2207702;22;2;57.9359375
2014;18558;756;2;10028;4004;1;2207702;22;2;57.9359375
2014;18558;756;2;10028;4004;1;2207702;22;2;57.9359375
2014;18558;756;2;10028;4004;1;2207702;22;2;57.9359375
2014;18558;756;2;10028;4004;1;2207702;22;2;57.9359375
2014;18559;756;2;10028;4004;1;2211001;22;2;56.94285714285714
2014;18559;756;2;10028;4004;1;2211001;22;2;56.94285714285714
2014;18559;756;2;10028;4004;1;2211001;22;2;56.94285714285714
2014;18559;756;2;10028;4004;1;2211001;22;2;56.94285714285714
2014;18559;756;2;10028;4004;1;2211001;22;2;56.94285714285714
2014;18559;756;2;10028;4004;1;2211001;22;2;56.94285714285714
2014;18559;756;2;10028;4004;1;2211001;22;2;56.94285714285714
2014;18559;756;2;10028;4004;1;2211001;22;2;56.94285714285714
2014;18559;756;2;10028;4004;1;2211001;22;2;56.94285714285714
2014;18559;756;2;10028;4004;1;2211001;22;2;56.94285714285714
2014;18559;756;2;10028;4004;1;2211001;22;2;56.94285714285714
2014;18559;756;2;10028;4004;1;2211001;22;2;56.94285714285714
2014;18559;756;2;10028;4004;1;2211001;22;2;56.94285714285714
2014;18559;756;2;10028;4004;1;2211001;22;2;56.94285714285714
2014;18559;756;2;10028;4004;1;2211001;22;2;56.94285714285714
2014;18559;756;2;10028;4004;1;2211001;22;2;56.94285714285714
2014;18559;756;2;10028;4004;1;2211001;22;2;56.94285714285714
2014;18559;756;2;10028;4004;1;2211001;22;2;56.94285714285714
2014;18559;756;2;10028;4004;1;2211001;22;2;56.94285714285714
2014;18559;756;2;10028;4004;1;2211001;22;2;56.94285714285714
2014;18559;756;2;10028;4004;1;2211001;22;2;56.94285714285714
2014;18559;756;2;10028;4004;1;2211001;22;2;56.94285714285714
2014;18559;756;2;10028;4004;1;2211001;22;2;56.94285714285714
2014;18584;95;2;10028;4004;1;2312908;23;2;62.08947368421053
2014;18584;95;2;10028;4004;1;2312908;23;2;62.08947368421053
2014;18584;95;2;10028;4004;1;2312908;23;2;62.08947368421053
2014;18584;95;2;10028;4004;1;2312908;23;2;62.08947368421053
2014;18584;95;2;10028;4004;1;2312908;23;2;62.08947368421053
2014;18584;95;2;10028;4004;1;2312908;23;2;62.08947368421053
2014;18584;95;2;10028;4004;1;2312908;23;2;62.08947368421053
2014;18584;95;2;10028;4004;1;2312908;23;2;62.08947368421053
2014;18584;95;2;10028;4004;1;2312908;23;2;62.08947368421053
2014;18584;95;2;10028;4004;1;2312908;23;2;62.08947368421053
2014;18584;95;2;10028;4004;1;2312908;23;2;62.08947368421053
2014;18584;95;2;10028;4004;1;2312908;23;2;62.08947368421053
2014;18584;95;2;10028;4004;1;2312908;23;2;62.08947368421053
2014;18584;95;2;10028;4004;1;2312908;23;2;62.08947368421053
2014;18584;95;2;10028;4004;1;2312908;23;2;62.08947368421053
2014;18584;95;2;10028;4004;1;2312908;23;2;62.08947368421053
2014;18584;95;2;10028;4004;1;2312908;23;2;62.08947368421053
2014;18584;95;2;10028;4004;1;2312908;23;2;62.08947368421053
2014;18584;95;2;10028;4004;1;2312908;23;2;62.08947368421053
2014;18584;95;2;10028;4004;1;2312908;23;2;62.08947368421053
2014;18584;95;2;10028;4004;1;2312908;23;2;62.08947368421053
2014;18584;95;2;10028;4004;1;2312908;23;2;62.08947368421053
2014;18584;95;2;10028;4004;1;2312908;23;2;62.08947368421053
2014;18584;95;2;10028;4004;1;2312908;23;2;62.08947368421053
2014;18584;95;2;10028;4004;1;2312908;23;2;62.08947368421053
2014;18584;95;2;10028;4004;1;2312908;23;2;62.08947368421053
2014;18584;95;2;10028;4004;1;2312908;23;2;62.08947368421053
2014;18584;95;2;10028;4004;1;2312908;23;2;62.08947368421053
2014;18584;95;2;10028;4004;1;2312908;23;2;62.08947368421053
2014;18584;95;2;10028;4004;1;2312908;23;2;62.08947368421053
2014;18584;95;2;10028;4004;1;2312908;23;2;62.08947368421053
2014;18584;95;2;10028;4004;1;2312908;23;2;62.08947368421053
2014;18584;95;2;10028;4004;1;2312908;23;2;62.08947368421053
2014;18584;95;2;10028;4004;1;2312908;23;2;62.08947368421053
2014;18584;95;2;10028;4004;1;2312908;23;2;62.08947368421053
2014;18584;95;2;10028;4004;1;2312908;23;2;62.08947368421053
2014;18584;95;2;10028;4004;1;2312908;23;2;62.08947368421053
2014;18584;95;2;10028;4004;1;2312908;23;2;62.08947368421053
2014;18584;95;2;10028;4004;1;2312908;23;2;62.08947368421053
2014;18584;95;2;10028;4004;1;2312908;23;2;62.08947368421053
2014;18584;95;2;10028;4004;1;2312908;23;2;62.08947368421053
2014;18584;95;2;10028;4004;1;2312908;23;2;62.08947368421053
2014;18584;95;2;10028;4004;1;2312908;23;2;62.08947368421053
2014;18584;95;2;10028;4004;1;2312908;23;2;62.08947368421053
2014;18584;95;2;10028;4004;1;2312908;23;2;62.08947368421053
2014;18584;95;2;10028;4004;1;2312908;23;2;62.08947368421053
2014;18683;398;4;10028;4004;1;2800308;28;2;58.2
2014;18683;398;4;10028;4004;1;2800308;28;2;58.2
2014;18683;398;4;10028;4004;1;2800308;28;2;58.2
2014;18683;398;4;10028;4004;1;2800308;28;2;58.2
2014;18683;398;4;10028;4004;1;2800308;28;2;58.2
2014;18683;398;4;10028;4004;1;2800308;28;2;58.2
2014;18683;398;4;10028;4004;1;2800308;28;2;58.2
2014;18683;398;4;10028;4004;1;2800308;28;2;58.2
2014;18683;398;4;10028;4004;1;2800308;28;2;58.2
2014;18683;398;4;10028;4004;1;2800308;28;2;58.2
2014;18683;398;4;10028;4004;1;2800308;28;2;58.2
2014;18683;398;4;10028;4004;1;2800308;28;2;58.2
2014;18683;398;4;10028;4004;1;2800308;28;2;58.2
2014;18683;398;4;10028;4004;1;2800308;28;2;58.2
2014;19042;688;2;10028;4004;1;2933307;29;2;59.37826086956522
2014;19042;688;2;10028;4004;1;2933307;29;2;59.37826086956522
2014;19042;688;2;10028;4004;1;2933307;29;2;59.37826086956522
2014;19042;688;2;10028;4004;1;2933307;29;2;59.37826086956522
2014;19042;688;2;10028;4004;1;2933307;29;2;59.37826086956522
2014;19042;688;2;10028;4004;1;2933307;29;2;59.37826086956522
2014;19042;688;2;10028;4004;1;2933307;29;2;59.37826086956522
2014;19042;688;2;10028;4004;1;2933307;29;2;59.37826086956522
2014;19042;688;2;10028;4004;1;2933307;29;2;59.37826086956522
2014;19042;688;2;10028;4004;1;2933307;29;2;59.37826086956522
2014;19042;688;2;10028;4004;1;2933307;29;2;59.37826086956522
2014;19042;688;2;10028;4004;1;2933307;29;2;59.37826086956522
2014;19042;688;2;10028;4004;1;2933307;29;2;59.37826086956522
2014;19042;688;2;10028;4004;1;2933307;29;2;59.37826086956522
2014;19042;688;2;10028;4004;1;2933307;29;2;59.37826086956522
2014;19042;688;2;10028;4004;1;2933307;29;2;59.37826086956522
2014;19042;688;2;10028;4004;1;2933307;29;2;59.37826086956522
2014;19042;688;2;10028;4004;1;2933307;29;2;59.37826086956522
2014;19042;688;2;10028;4004;1;2933307;29;2;59.37826086956522
2014;19042;688;2;10028;4004;1;2933307;29;2;59.37826086956522
2014;19042;688;2;10028;4004;1;2933307;29;2;59.37826086956522
2014;19042;688;2;10028;4004;1;2933307;29;2;59.37826086956522
2014;19042;688;2;10028;4004;1;2933307;29;2;59.37826086956522
2014;19042;688;2;10028;4004;1;2933307;29;2;59.37826086956522
2014;19042;688;2;10028;4004;1;2933307;29;2;59.37826086956522
2014;19042;688;2;10028;4004;1;2933307;29;2;59.37826086956522
2014;19042;688;2;10028;4004;1;2933307;29;2;59.37826086956522
2014;19042;688;2;10028;4004;1;2933307;29;2;59.37826086956522
2014;19042;688;2;10028;4004;1;2933307;29;2;59.37826086956522
2014;19042;688;2;10028;4004;1;2933307;29;2;59.37826086956522
2014;19042;688;2;10028;4004;1;2933307;29;2;59.37826086956522
2014;19042;688;2;10028;4004;1;2933307;29;2;59.37826086956522
2014;19042;688;2;10028;4004;1;2933307;29;2;59.37826086956522
2014;19042;688;2;10028;4004;1;2933307;29;2;59.37826086956522
2014;19042;688;2;10028;4004;1;2933307;29;2;59.37826086956522
2014;19042;688;2;10028;4004;1;2933307;29;2;59.37826086956522
2014;19042;688;2;10028;4004;1;2933307;29;2;59.37826086956522
2014;19042;688;2;10028;4004;1;2933307;29;2;59.37826086956522
2014;19042;688;2;10028;4004;1;2933307;29;2;59.37826086956522
2014;19042;688;2;10028;4004;1;2933307;29;2;59.37826086956522
2014;19042;688;2;10028;4004;1;2933307;29;2;59.37826086956522
2014;19042;688;2;10028;4004;1;2933307;29;2;59.37826086956522
2014;19042;688;2;10028;4004;1;2933307;29;2;59.37826086956522
2014;19042;688;2;10028;4004;1;2933307;29;2;59.37826086956522
2014;19042;688;2;10028;4004;1;2933307;29;2;59.37826086956522
2014;19042;688;2;10028;4004;1;2933307;29;2;59.37826086956522
2014;19042;688;2;10028;4004;1;2933307;29;2;59.37826086956522
2014;19042;688;2;10028;4004;1;2933307;29;2;59.37826086956522
2014;19047;352;5;10020;4004;1;2507507;25;2;57.607317073170734
2014;19047;352;5;10020;4004;1;2507507;25;2;57.607317073170734
2014;19047;352;5;10020;4004;1;2507507;25;2;57.607317073170734
2014;19047;352;5;10020;4004;1;2507507;25;2;57.607317073170734
2014;19047;352;5;10020;4004;1;2507507;25;2;57.607317073170734
2014;19047;352;5;10020;4004;1;2507507;25;2;57.607317073170734
2014;19047;352;5;10020;4004;1;2507507;25;2;57.607317073170734
2014;19047;352;5;10020;4004;1;2507507;25;2;57.607317073170734
2014;19047;352;5;10020;4004;1;2507507;25;2;57.607317073170734
2014;19047;352;5;10020;4004;1;2507507;25;2;57.607317073170734
2014;19047;352;5;10020;4004;1;2507507;25;2;57.607317073170734
2014;19047;352;5;10020;4004;1;2507507;25;2;57.607317073170734
2014;19047;352;5;10020;4004;1;2507507;25;2;57.607317073170734
2014;19047;352;5;10020;4004;1;2507507;25;2;57.607317073170734
2014;19047;352;5;10020;4004;1;2507507;25;2;57.607317073170734
2014;19047;352;5;10020;4004;1;2507507;25;2;57.607317073170734
2014;19047;352;5;10020;4004;1;2507507;25;2;57.607317073170734
2014;19047;352;5;10020;4004;1;2507507;25;2;57.607317073170734
2014;19047;352;5;10020;4004;1;2507507;25;2;57.607317073170734
2014;19047;352;5;10020;4004;1;2507507;25;2;57.607317073170734
2014;19047;352;5;10020;4004;1;2507507;25;2;57.607317073170734
2014;19047;352;5;10020;4004;1;2507507;25;2;57.607317073170734
2014;19047;352;5;10020;4004;1;2507507;25;2;57.607317073170734
2014;19047;352;5;10020;4004;1;2507507;25;2;57.607317073170734
2014;19047;352;5;10020;4004;1;2507507;25;2;57.607317073170734
2014;19047;352;5;10020;4004;1;2507507;25;2;57.607317073170734
2014;19047;352;5;10020;4004;1;2507507;25;2;57.607317073170734
2014;19047;352;5;10020;4004;1;2507507;25;2;57.607317073170734
2014;19047;352;5;10020;4004;1;2507507;25;2;57.607317073170734
2014;19047;352;5;10020;4004;1;2507507;25;2;57.607317073170734
2014;19047;352;5;10020;4004;1;2507507;25;2;57.607317073170734
2014;19047;352;5;10020;4004;1;2507507;25;2;57.607317073170734
2014;19047;352;5;10020;4004;1;2507507;25;2;57.607317073170734
2014;19047;352;5;10020;4004;1;2507507;25;2;57.607317073170734
2014;19047;352;5;10020;4004;1;2507507;25;2;57.607317073170734
2014;19047;352;5;10020;4004;1;2507507;25;2;57.607317073170734
2014;19047;352;5;10020;4004;1;2507507;25;2;57.607317073170734
2014;19047;352;5;10020;4004;1;2507507;25;2;57.607317073170734
2014;19047;352;5;10020;4004;1;2507507;25;2;57.607317073170734
2014;19047;352;5;10020;4004;1;2507507;25;2;57.607317073170734
2014;19047;352;5;10020;4004;1;2507507;25;2;57.607317073170734
2014;19047;352;5;10020;4004;1;2507507;25;2;57.607317073170734
2014;19047;352;5;10020;4004;1;2507507;25;2;57.607317073170734
2014;19047;352;5;10020;4004;1;2507507;25;2;57.607317073170734
2014;19047;352;5;10020;4004;1;2507507;25;2;57.607317073170734
2014;19047;352;5;10020;4004;1;2507507;25;2;57.607317073170734
2014;19047;352;5;10020;4004;1;2507507;25;2;57.607317073170734
2014;19047;352;5;10020;4004;1;2507507;25;2;57.607317073170734
2014;19047;352;5;10020;4004;1;2507507;25;2;57.607317073170734
2014;19047;352;5;10020;4004;1;2507507;25;2;57.607317073170734
2014;19047;352;5;10020;4004;1;2507507;25;2;57.607317073170734
2014;19047;352;5;10020;4004;1;2507507;25;2;57.607317073170734
2014;19047;352;5;10020;4004;1;2507507;25;2;57.607317073170734
2014;19047;352;5;10020;4004;1;2507507;25;2;57.607317073170734
2014;19047;352;5;10020;4004;1;2507507;25;2;57.607317073170734
2014;19047;352;5;10020;4004;1;2507507;25;2;57.607317073170734
2014;19047;352;5;10020;4004;1;2507507;25;2;57.607317073170734
2014;20009;383;4;10028;4004;1;1501402;15;1;50.83529411764706
2014;20009;383;4;10028;4004;1;1501402;15;1;50.83529411764706
2014;20009;383;4;10028;4004;1;1501402;15;1;50.83529411764706
2014;20009;383;4;10028;4004;1;1501402;15;1;50.83529411764706
2014;20009;383;4;10028;4004;1;1501402;15;1;50.83529411764706
2014;20009;383;4;10028;4004;1;1501402;15;1;50.83529411764706
2014;20009;383;4;10028;4004;1;1501402;15;1;50.83529411764706
2014;20009;383;4;10028;4004;1;1501402;15;1;50.83529411764706
2014;20009;383;4;10028;4004;1;1501402;15;1;50.83529411764706
2014;20009;383;4;10028;4004;1;1501402;15;1;50.83529411764706
2014;20009;383;4;10028;4004;1;1501402;15;1;50.83529411764706
2014;20009;383;4;10028;4004;1;1501402;15;1;50.83529411764706
2014;20009;383;4;10028;4004;1;1501402;15;1;50.83529411764706
2014;20009;383;4;10028;4004;1;1501402;15;1;50.83529411764706
2014;20009;383;4;10028;4004;1;1501402;15;1;50.83529411764706
2014;20009;383;4;10028;4004;1;1501402;15;1;50.83529411764706
2014;20009;383;4;10028;4004;1;1501402;15;1;50.83529411764706
2014;20009;383;4;10028;4004;1;1501402;15;1;50.83529411764706
2014;20009;383;4;10028;4004;1;1501402;15;1;50.83529411764706
2014;20009;383;4;10028;4004;1;1501402;15;1;50.83529411764706
2014;20030;385;4;10028;4004;1;2927408;29;2;71.09655172413794
2014;20030;385;4;10028;4004;1;2927408;29;2;71.09655172413794
2014;20030;385;4;10028;4004;1;2927408;29;2;71.09655172413794
2014;20030;385;4;10028;4004;1;2927408;29;2;71.09655172413794
2014;20030;385;4;10028;4004;1;2927408;29;2;71.09655172413794
2014;20030;385;4;10028;4004;1;2927408;29;2;71.09655172413794
2014;20030;385;4;10028;4004;1;2927408;29;2;71.09655172413794
2014;20030;385;4;10028;4004;1;2927408;29;2;71.09655172413794
2014;20030;385;4;10028;4004;1;2927408;29;2;71.09655172413794
2014;20030;385;4;10028;4004;1;2927408;29;2;71.09655172413794
2014;20030;385;4;10028;4004;1;2927408;29;2;71.09655172413794
2014;20030;385;4;10028;4004;1;2927408;29;2;71.09655172413794
2014;20030;385;4;10028;4004;1;2927408;29;2;71.09655172413794
2014;20030;385;4;10028;4004;1;2927408;29;2;71.09655172413794
2014;20030;385;4;10028;4004;1;2927408;29;2;71.09655172413794
2014;20030;385;4;10028;4004;1;2927408;29;2;71.09655172413794
2014;20030;385;4;10028;4004;1;2927408;29;2;71.09655172413794
2014;20030;385;4;10028;4004;1;2927408;29;2;71.09655172413794
2014;20030;385;4;10028;4004;1;2927408;29;2;71.09655172413794
2014;20030;385;4;10028;4004;1;2927408;29;2;71.09655172413794
2014;20030;385;4;10028;4004;1;2927408;29;2;71.09655172413794
2014;20030;385;4;10028;4004;1;2927408;29;2;71.09655172413794
2014;20030;385;4;10028;4004;1;2927408;29;2;71.09655172413794
2014;20030;385;4;10028;4004;1;2927408;29;2;71.09655172413794
2014;20030;385;4;10028;4004;1;2927408;29;2;71.09655172413794
2014;20030;385;4;10028;4004;1;2927408;29;2;71.09655172413794
2014;20030;385;4;10028;4004;1;2927408;29;2;71.09655172413794
2014;20030;385;4;10028;4004;1;2927408;29;2;71.09655172413794
2014;20030;385;4;10028;4004;1;2927408;29;2;71.09655172413794
2014;20030;385;4;10028;4004;1;2927408;29;2;71.09655172413794
2014;20030;385;4;10028;4004;1;2927408;29;2;71.09655172413794
2014;20030;385;4;10028;4004;1;2927408;29;2;71.09655172413794
2014;20030;385;4;10028;4004;1;2927408;29;2;71.09655172413794
2014;20030;385;4;10028;4004;1;2927408;29;2;71.09655172413794
2014;20030;385;4;10028;4004;1;2927408;29;2;71.09655172413794
2014;20030;385;4;10028;4004;1;2927408;29;2;71.09655172413794
2014;20030;385;4;10028;4004;1;2927408;29;2;71.09655172413794
2014;20030;385;4;10028;4004;1;2927408;29;2;71.09655172413794
2014;20030;385;4;10028;4004;1;2927408;29;2;71.09655172413794
2014;20030;385;4;10028;4004;1;2927408;29;2;71.09655172413794
2014;20030;385;4;10028;4004;1;2927408;29;2;71.09655172413794
2014;20239;24;2;10028;4004;1;2913606;29;2;64.92272727272727
2014;20239;24;2;10028;4004;1;2913606;29;2;64.92272727272727
2014;20239;24;2;10028;4004;1;2913606;29;2;64.92272727272727
2014;20239;24;2;10028;4004;1;2913606;29;2;64.92272727272727
2014;20239;24;2;10028;4004;1;2913606;29;2;64.92272727272727
2014;20239;24;2;10028;4004;1;2913606;29;2;64.92272727272727
2014;20239;24;2;10028;4004;1;2913606;29;2;64.92272727272727
2014;20239;24;2;10028;4004;1;2913606;29;2;64.92272727272727
2014;20239;24;2;10028;4004;1;2913606;29;2;64.92272727272727
2014;20239;24;2;10028;4004;1;2913606;29;2;64.92272727272727
2014;20239;24;2;10028;4004;1;2913606;29;2;64.92272727272727
2014;20239;24;2;10028;4004;1;2913606;29;2;64.92272727272727
2014;20239;24;2;10028;4004;1;2913606;29;2;64.92272727272727
2014;20239;24;2;10028;4004;1;2913606;29;2;64.92272727272727
2014;20239;24;2;10028;4004;1;2913606;29;2;64.92272727272727
2014;20239;24;2;10028;4004;1;2913606;29;2;64.92272727272727
2014;20239;24;2;10028;4004;1;2913606;29;2;64.92272727272727
2014;20239;24;2;10028;4004;1;2913606;29;2;64.92272727272727
2014;20239;24;2;10028;4004;1;2913606;29;2;64.92272727272727
2014;20239;24;2;10028;4004;1;2913606;29;2;64.92272727272727
2014;20239;24;2;10028;4004;1;2913606;29;2;64.92272727272727
2014;20239;24;2;10028;4004;1;2913606;29;2;64.92272727272727
2014;20239;24;2;10028;4004;1;2913606;29;2;64.92272727272727
2014;20239;24;2;10028;4004;1;2913606;29;2;64.92272727272727
2014;20933;71;2;10028;4004;1;2408003;24;2;57.02272727272727
2014;20933;71;2;10028;4004;1;2408003;24;2;57.02272727272727
2014;20933;71;2;10028;4004;1;2408003;24;2;57.02272727272727
2014;20933;71;2;10028;4004;1;2408003;24;2;57.02272727272727
2014;20933;71;2;10028;4004;1;2408003;24;2;57.02272727272727
2014;20933;71;2;10028;4004;1;2408003;24;2;57.02272727272727
2014;20933;71;2;10028;4004;1;2408003;24;2;57.02272727272727
2014;20933;71;2;10028;4004;1;2408003;24;2;57.02272727272727
2014;20933;71;2;10028;4004;1;2408003;24;2;57.02272727272727
2014;20933;71;2;10028;4004;1;2408003;24;2;57.02272727272727
2014;20933;71;2;10028;4004;1;2408003;24;2;57.02272727272727
2014;20933;71;2;10028;4004;1;2408003;24;2;57.02272727272727
2014;20933;71;2;10028;4004;1;2408003;24;2;57.02272727272727
2014;20933;71;2;10028;4004;1;2408003;24;2;57.02272727272727
2014;20933;71;2;10028;4004;1;2408003;24;2;57.02272727272727
2014;20933;71;2;10028;4004;1;2408003;24;2;57.02272727272727
2014;20933;71;2;10028;4004;1;2408003;24;2;57.02272727272727
2014;20933;71;2;10028;4004;1;2408003;24;2;57.02272727272727
2014;20933;71;2;10028;4004;1;2408003;24;2;57.02272727272727
2014;20933;71;2;10028;4004;1;2408003;24;2;57.02272727272727
2014;20933;71;2;10028;4004;1;2408003;24;2;57.02272727272727
2014;20933;71;2;10028;4004;1;2408003;24;2;57.02272727272727
2014;20933;71;2;10028;4004;1;2408003;24;2;57.02272727272727
2014;20933;71;2;10028;4004;1;2408003;24;2;57.02272727272727
2014;20933;71;2;10028;4004;1;2408003;24;2;57.02272727272727
2014;20933;71;2;10028;4004;1;2408003;24;2;57.02272727272727
2014;20933;71;2;10028;4004;1;2408003;24;2;57.02272727272727
2014;20933;71;2;10028;4004;1;2408003;24;2;57.02272727272727
2014;22061;1049;5;10022;4004;1;1302603;13;1;50.258823529411764
2014;22061;1049;5;10022;4004;1;1302603;13;1;50.258823529411764
2014;22061;1049;5;10022;4004;1;1302603;13;1;50.258823529411764
2014;22061;1049;5;10022;4004;1;1302603;13;1;50.258823529411764
2014;22061;1049;5;10022;4004;1;1302603;13;1;50.258823529411764
2014;22061;1049;5;10022;4004;1;1302603;13;1;50.258823529411764
2014;22061;1049;5;10022;4004;1;1302603;13;1;50.258823529411764
2014;22061;1049;5;10022;4004;1;1302603;13;1;50.258823529411764
2014;22061;1049;5;10022;4004;1;1302603;13;1;50.258823529411764
2014;22061;1049;5;10022;4004;1;1302603;13;1;50.258823529411764
2014;22061;1049;5;10022;4004;1;1302603;13;1;50.258823529411764
2014;22061;1049;5;10022;4004;1;1302603;13;1;50.258823529411764
2014;22061;1049;5;10022;4004;1;1302603;13;1;50.258823529411764
2014;22061;1049;5;10022;4004;1;1302603;13;1;50.258823529411764
2014;22061;1049;5;10022;4004;1;1302603;13;1;50.258823529411764
2014;22061;1049;5;10022;4004;1;1302603;13;1;50.258823529411764
2014;22061;1049;5;10022;4004;1;1302603;13;1;50.258823529411764
2014;22061;1049;5;10022;4004;1;1302603;13;1;50.258823529411764
2014;22061;1049;5;10022;4004;1;1302603;13;1;50.258823529411764
2014;22061;1049;5;10022;4004;1;1302603;13;1;50.258823529411764
2014;22061;1049;5;10022;4004;1;1302603;13;1;50.258823529411764
2014;22061;1049;5;10022;4004;1;1302603;13;1;50.258823529411764
2014;22061;1049;5;10022;4004;1;1302603;13;1;50.258823529411764
2014;22061;1049;5;10022;4004;1;1302603;13;1;50.258823529411764
2014;22061;1049;5;10022;4004;1;1302603;13;1;50.258823529411764
2014;22061;1049;5;10022;4004;1;1302603;13;1;50.258823529411764
2014;22061;1049;5;10022;4004;1;1302603;13;1;50.258823529411764
2014;22061;1049;5;10022;4004;1;1302603;13;1;50.258823529411764
2014;22061;1049;5;10022;4004;1;1302603;13;1;50.258823529411764
2014;22061;1049;5;10022;4004;1;1302603;13;1;50.258823529411764
2014;22061;1049;5;10022;4004;1;1302603;13;1;50.258823529411764
2014;22061;1049;5;10022;4004;1;1302603;13;1;50.258823529411764
2014;22061;1049;5;10022;4004;1;1302603;13;1;50.258823529411764
2014;22061;1049;5;10022;4004;1;1302603;13;1;50.258823529411764
2014;22061;1049;5;10022;4004;1;1302603;13;1;50.258823529411764
2014;22061;1049;5;10022;4004;1;1302603;13;1;50.258823529411764
2014;22061;1049;5;10022;4004;1;1302603;13;1;50.258823529411764
2014;22061;1049;5;10022;4004;1;1302603;13;1;50.258823529411764
2014;22061;1049;5;10022;4004;1;1302603;13;1;50.258823529411764
2014;2209;29;2;10028;4004;1;2304400;23;2;63.184375
2014;2209;29;2;10028;4004;1;2304400;23;2;63.184375
2014;2209;29;2;10028;4004;1;2304400;23;2;63.184375
2014;2209;29;2;10028;4004;1;2304400;23;2;63.184375
2014;2209;29;2;10028;4004;1;2304400;23;2;63.184375
2014;2209;29;2;10028;4004;1;2304400;23;2;63.184375
2014;2209;29;2;10028;4004;1;2304400;23;2;63.184375
2014;2209;29;2;10028;4004;1;2304400;23;2;63.184375
2014;2209;29;2;10028;4004;1;2304400;23;2;63.184375
2014;2209;29;2;10028;4004;1;2304400;23;2;63.184375
2014;2209;29;2;10028;4004;1;2304400;23;2;63.184375
2014;2209;29;2;10028;4004;1;2304400;23;2;63.184375
2014;2209;29;2;10028;4004;1;2304400;23;2;63.184375
2014;2209;29;2;10028;4004;1;2304400;23;2;63.184375
2014;2209;29;2;10028;4004;1;2304400;23;2;63.184375
2014;2209;29;2;10028;4004;1;2304400;23;2;63.184375
2014;2209;29;2;10028;4004;1;2304400;23;2;63.184375
2014;2209;29;2;10028;4004;1;2304400;23;2;63.184375
2014;2209;29;2;10028;4004;1;2304400;23;2;63.184375
2014;2209;29;2;10028;4004;1;2304400;23;2;63.184375
2014;2209;29;2;10028;4004;1;2304400;23;2;63.184375
2014;2209;29;2;10028;4004;1;2304400;23;2;63.184375
2014;2209;29;2;10028;4004;1;2304400;23;2;63.184375
2014;2209;29;2;10028;4004;1;2304400;23;2;63.184375
2014;2209;29;2;10028;4004;1;2304400;23;2;63.184375
2014;2209;29;2;10028;4004;1;2304400;23;2;63.184375
2014;2209;29;2;10028;4004;1;2304400;23;2;63.184375
2014;2209;29;2;10028;4004;1;2304400;23;2;63.184375
2014;2209;29;2;10028;4004;1;2304400;23;2;63.184375
2014;2209;29;2;10028;4004;1;2304400;23;2;63.184375
2014;2209;29;2;10028;4004;1;2304400;23;2;63.184375
2014;2209;29;2;10028;4004;1;2304400;23;2;63.184375
2014;2209;29;2;10028;4004;1;2304400;23;2;63.184375
2014;2209;29;2;10028;4004;1;2304400;23;2;63.184375
2014;2209;29;2;10028;4004;1;2304400;23;2;63.184375
2014;2209;29;2;10028;4004;1;2304400;23;2;63.184375
2014;2209;29;2;10028;4004;1;2304400;23;2;63.184375
2014;2209;29;2;10028;4004;1;2304400;23;2;63.184375
2014;2209;29;2;10028;4004;1;2304400;23;2;63.184375
2014;2209;29;2;10028;4004;1;2304400;23;2;63.184375
2014;2209;29;2;10028;4004;1;2304400;23;2;63.184375
2014;2209;29;2;10028;4004;1;2304400;23;2;63.184375
2014;2209;29;2;10028;4004;1;2304400;23;2;63.184375
2014;317;3;1;10028;4004;1;2806701;28;2;62.711627906976744
2014;317;3;1;10028;4004;1;2806701;28;2;62.711627906976744
2014;317;3;1;10028;4004;1;2806701;28;2;62.711627906976744
2014;317;3;1;10028;4004;1;2806701;28;2;62.711627906976744
2014;317;3;1;10028;4004;1;2806701;28;2;62.711627906976744
2014;317;3;1;10028;4004;1;2806701;28;2;62.711627906976744
2014;317;3;1;10028;4004;1;2806701;28;2;62.711627906976744
2014;317;3;1;10028;4004;1;2806701;28;2;62.711627906976744
2014;317;3;1;10028;4004;1;2806701;28;2;62.711627906976744
2014;317;3;1;10028;4004;1;2806701;28;2;62.711627906976744
2014;317;3;1;10028;4004;1;2806701;28;2;62.711627906976744
2014;317;3;1;10028;4004;1;2806701;28;2;62.711627906976744
2014;317;3;1;10028;4004;1;2806701;28;2;62.711627906976744
2014;317;3;1;10028;4004;1;2806701;28;2;62.711627906976744
2014;317;3;1;10028;4004;1;2806701;28;2;62.711627906976744
2014;317;3;1;10028;4004;1;2806701;28;2;62.711627906976744
2014;317;3;1;10028;4004;1;2806701;28;2;62.711627906976744
2014;317;3;1;10028;4004;1;2806701;28;2;62.711627906976744
2014;317;3;1;10028;4004;1;2806701;28;2;62.711627906976744
2014;317;3;1;10028;4004;1;2806701;28;2;62.711627906976744
2014;317;3;1;10028;4004;1;2806701;28;2;62.711627906976744
2014;317;3;1;10028;4004;1;2806701;28;2;62.711627906976744
2014;317;3;1;10028;4004;1;2806701;28;2;62.711627906976744
2014;317;3;1;10028;4004;1;2806701;28;2;62.711627906976744
2014;317;3;1;10028;4004;1;2806701;28;2;62.711627906976744
2014;317;3;1;10028;4004;1;2806701;28;2;62.711627906976744
2014;317;3;1;10028;4004;1;2806701;28;2;62.711627906976744
2014;317;3;1;10028;4004;1;2806701;28;2;62.711627906976744
2014;317;3;1;10028;4004;1;2806701;28;2;62.711627906976744
2014;317;3;1;10028;4004;1;2806701;28;2;62.711627906976744
2014;317;3;1;10028;4004;1;2806701;28;2;62.711627906976744
2014;317;3;1;10028;4004;1;2806701;28;2;62.711627906976744
2014;317;3;1;10028;4004;1;2806701;28;2;62.711627906976744
2014;317;3;1;10028;4004;1;2806701;28;2;62.711627906976744
2014;317;3;1;10028;4004;1;2806701;28;2;62.711627906976744
2014;317;3;1;10028;4004;1;2806701;28;2;62.711627906976744
2014;317;3;1;10028;4004;1;2806701;28;2;62.711627906976744
2014;317;3;1;10028;4004;1;2806701;28;2;62.711627906976744
2014;317;3;1;10028;4004;1;2806701;28;2;62.711627906976744
2014;317;3;1;10028;4004;1;2806701;28;2;62.711627906976744
2014;317;3;1;10028;4004;1;2806701;28;2;62.711627906976744
2014;317;3;1;10028;4004;1;2806701;28;2;62.711627906976744
2014;317;3;1;10028;4004;1;2806701;28;2;62.711627906976744
2014;317;3;1;10028;4004;1;2806701;28;2;62.711627906976744
2014;317;3;1;10028;4004;1;2806701;28;2;62.711627906976744
2014;317;3;1;10028;4004;1;2806701;28;2;62.711627906976744
2014;317;3;1;10028;4004;1;2806701;28;2;62.711627906976744
2014;317;3;1;10028;4004;1;2806701;28;2;62.711627906976744
2014;317;3;1;10028;4004;1;2806701;28;2;62.711627906976744
2014;317;3;1;10028;4004;1;2806701;28;2;62.711627906976744
2014;317;3;1;10028;4004;1;2806701;28;2;62.711627906976744
2014;317;3;1;10028;4004;1;2806701;28;2;62.711627906976744
2014;317;3;1;10028;4004;1;2806701;28;2;62.711627906976744
2014;317;3;1;10028;4004;1;2806701;28;2;62.711627906976744
2014;317;3;1;10028;4004;1;2806701;28;2;62.711627906976744
2014;317;3;1;10028;4004;1;2806701;28;2;62.711627906976744
2014;318882;699;1;10028;4004;1;1100205;11;1;59.66
2014;318882;699;1;10028;4004;1;1100205;11;1;59.66
2014;318882;699;1;10028;4004;1;1100205;11;1;59.66
2014;318882;699;1;10028;4004;1;1100205;11;1;59.66
2014;318882;699;1;10028;4004;1;1100205;11;1;59.66
2014;318882;699;1;10028;4004;1;1100205;11;1;59.66
2014;318882;699;1;10028;4004;1;1100205;11;1;59.66
2014;318882;699;1;10028;4004;1;1100205;11;1;59.66
2014;318882;699;1;10028;4004;1;1100205;11;1;59.66
2014;318882;699;1;10028;4004;1;1100205;11;1;59.66
2014;318882;699;1;10028;4004;1;1100205;11;1;59.66
2014;318882;699;1;10028;4004;1;1100205;11;1;59.66
2014;318882;699;1;10028;4004;1;1100205;11;1;59.66
2014;318882;699;1;10028;4004;1;1100205;11;1;59.66
2014;318882;699;1;10028;4004;1;1100205;11;1;59.66
2014;318882;699;1;10028;4004;1;1100205;11;1;59.66
2014;318882;699;1;10028;4004;1;1100205;11;1;59.66
2014;318882;699;1;10028;4004;1;1100205;11;1;59.66
2014;318882;699;1;10028;4004;1;1100205;11;1;59.66
2014;318882;699;1;10028;4004;1;1100205;11;1;59.66
2014;318882;699;1;10028;4004;1;1100205;11;1;59.66
2014;318882;699;1;10028;4004;1;1100205;11;1;59.66
2014;318882;699;1;10028;4004;1;1100205;11;1;59.66
2014;318882;699;1;10028;4004;1;1100205;11;1;59.66
2014;318882;699;1;10028;4004;1;1100205;11;1;59.66
2014;318882;699;1;10028;4004;1;1100205;11;1;59.66
2014;318882;699;1;10028;4004;1;1100205;11;1;59.66
2014;318882;699;1;10028;4004;1;1100205;11;1;59.66
2014;318882;699;1;10028;4004;1;1100205;11;1;59.66
2014;318882;699;1;10028;4004;1;1100205;11;1;59.66
2014;318882;699;1;10028;4004;1;1100205;11;1;59.66
2014;318882;699;1;10028;4004;1;1100205;11;1;59.66
2014;318882;699;1;10028;4004;1;1100205;11;1;59.66
2014;318882;699;1;10028;4004;1;1100205;11;1;59.66
2014;318882;699;1;10028;4004;1;1100205;11;1;59.66
2014;318882;699;1;10028;4004;1;1100205;11;1;59.66
2014;318882;699;1;10028;4004;1;1100205;11;1;59.66
2014;318882;699;1;10028;4004;1;1100205;11;1;59.66
2014;318882;699;1;10028;4004;1;1100205;11;1;59.66
2014;318882;699;1;10028;4004;1;1100205;11;1;59.66
2014;318882;699;1;10028;4004;1;1100205;11;1;59.66
2014;37862;692;3;10022;4004;1;2611101;26;2;52.97555555555556
2014;37862;692;3;10022;4004;1;2611101;26;2;52.97555555555556
2014;37862;692;3;10022;4004;1;2611101;26;2;52.97555555555556
2014;37862;692;3;10022;4004;1;2611101;26;2;52.97555555555556
2014;37862;692;3;10022;4004;1;2611101;26;2;52.97555555555556
2014;37862;692;3;10022;4004;1;2611101;26;2;52.97555555555556
2014;37862;692;3;10022;4004;1;2611101;26;2;52.97555555555556
2014;37862;692;3;10022;4004;1;2611101;26;2;52.97555555555556
2014;37862;692;3;10022;4004;1;2611101;26;2;52.97555555555556
2014;37862;692;3;10022;4004;1;2611101;26;2;52.97555555555556
2014;37862;692;3;10022;4004;1;2611101;26;2;52.97555555555556
2014;37862;692;3;10022;4004;1;2611101;26;2;52.97555555555556
2014;37862;692;3;10022;4004;1;2611101;26;2;52.97555555555556
2014;37862;692;3;10022;4004;1;2611101;26;2;52.97555555555556
2014;37862;692;3;10022;4004;1;2611101;26;2;52.97555555555556
2014;37862;692;3;10022;4004;1;2611101;26;2;52.97555555555556
2014;37862;692;3;10022;4004;1;2611101;26;2;52.97555555555556
2014;37862;692;3;10022;4004;1;2611101;26;2;52.97555555555556
2014;37862;692;3;10022;4004;1;2611101;26;2;52.97555555555556
2014;37862;692;3;10022;4004;1;2611101;26;2;52.97555555555556
2014;37862;692;3;10022;4004;1;2611101;26;2;52.97555555555556
2014;37862;692;3;10022;4004;1;2611101;26;2;52.97555555555556
2014;37862;692;3;10022;4004;1;2611101;26;2;52.97555555555556
2014;37862;692;3;10022;4004;1;2611101;26;2;52.97555555555556
2014;37862;692;3;10022;4004;1;2611101;26;2;52.97555555555556
2014;37862;692;3;10022;4004;1;2611101;26;2;52.97555555555556
2014;37862;692;3;10022;4004;1;2611101;26;2;52.97555555555556
2014;37862;692;3;10022;4004;1;2611101;26;2;52.97555555555556
2014;37862;692;3;10022;4004;1;2611101;26;2;52.97555555555556
2014;37862;692;3;10022;4004;1;2611101;26;2;52.97555555555556
2014;37862;692;3;10022;4004;1;2611101;26;2;52.97555555555556
2014;37862;692;3;10022;4004;1;2611101;26;2;52.97555555555556
2014;37862;692;3;10022;4004;1;2611101;26;2;52.97555555555556
2014;37862;692;3;10022;4004;1;2611101;26;2;52.97555555555556
2014;37862;692;3;10022;4004;1;2611101;26;2;52.97555555555556
2014;37862;692;3;10022;4004;1;2611101;26;2;52.97555555555556
2014;37862;692;3;10022;4004;1;2611101;26;2;52.97555555555556
2014;37862;692;3;10022;4004;1;2611101;26;2;52.97555555555556
2014;37862;692;3;10022;4004;1;2611101;26;2;52.97555555555556
2014;37862;692;3;10022;4004;1;2611101;26;2;52.97555555555556
2014;37862;692;3;10022;4004;1;2611101;26;2;52.97555555555556
2014;37862;692;3;10022;4004;1;2611101;26;2;52.97555555555556
2014;37862;692;3;10022;4004;1;2611101;26;2;52.97555555555556
2014;37862;692;3;10022;4004;1;2611101;26;2;52.97555555555556
2014;37862;692;3;10022;4004;1;2611101;26;2;52.97555555555556
2014;37862;692;3;10022;4004;1;2611101;26;2;52.97555555555556
2014;37862;692;3;10022;4004;1;2611101;26;2;52.97555555555556
2014;37862;692;3;10022;4004;1;2611101;26;2;52.97555555555556
2014;37862;692;3;10022;4004;1;2611101;26;2;52.97555555555556
2014;37862;692;3;10022;4004;1;2611101;26;2;52.97555555555556
2014;37862;692;3;10022;4004;1;2611101;26;2;52.97555555555556
2014;37862;692;3;10022;4004;1;2611101;26;2;52.97555555555556
2014;41238;3849;1;10028;4004;1;1721000;17;1;62.220454545454544
2014;41238;3849;1;10028;4004;1;1721000;17;1;62.220454545454544
2014;41238;3849;1;10028;4004;1;1721000;17;1;62.220454545454544
2014;41238;3849;1;10028;4004;1;1721000;17;1;62.220454545454544
2014;41238;3849;1;10028;4004;1;1721000;17;1;62.220454545454544
2014;41238;3849;1;10028;4004;1;1721000;17;1;62.220454545454544
2014;41238;3849;1;10028;4004;1;1721000;17;1;62.220454545454544
2014;41238;3849;1;10028;4004;1;1721000;17;1;62.220454545454544
2014;41238;3849;1;10028;4004;1;1721000;17;1;62.220454545454544
2014;41238;3849;1;10028;4004;1;1721000;17;1;62.220454545454544
2014;41238;3849;1;10028;4004;1;1721000;17;1;62.220454545454544
2014;41238;3849;1;10028;4004;1;1721000;17;1;62.220454545454544
2014;41238;3849;1;10028;4004;1;1721000;17;1;62.220454545454544
2014;41238;3849;1;10028;4004;1;1721000;17;1;62.220454545454544
2014;41238;3849;1;10028;4004;1;1721000;17;1;62.220454545454544
2014;41238;3849;1;10028;4004;1;1721000;17;1;62.220454545454544
2014;41238;3849;1;10028;4004;1;1721000;17;1;62.220454545454544
2014;41238;3849;1;10028;4004;1;1721000;17;1;62.220454545454544
2014;41238;3849;1;10028;4004;1;1721000;17;1;62.220454545454544
2014;41238;3849;1;10028;4004;1;1721000;17;1;62.220454545454544
2014;41238;3849;1;10028;4004;1;1721000;17;1;62.220454545454544
2014;41238;3849;1;10028;4004;1;1721000;17;1;62.220454545454544
2014;41238;3849;1;10028;4004;1;1721000;17;1;62.220454545454544
2014;41238;3849;1;10028;4004;1;1721000;17;1;62.220454545454544
2014;41238;3849;1;10028;4004;1;1721000;17;1;62.220454545454544
2014;41238;3849;1;10028;4004;1;1721000;17;1;62.220454545454544
2014;41238;3849;1;10028;4004;1;1721000;17;1;62.220454545454544
2014;41238;3849;1;10028;4004;1;1721000;17;1;62.220454545454544
2014;41238;3849;1;10028;4004;1;1721000;17;1;62.220454545454544
2014;41238;3849;1;10028;4004;1;1721000;17;1;62.220454545454544
2014;41238;3849;1;10028;4004;1;1721000;17;1;62.220454545454544
2014;41238;3849;1;10028;4004;1;1721000;17;1;62.220454545454544
2014;41238;3849;1;10028;4004;1;1721000;17;1;62.220454545454544
2014;41238;3849;1;10028;4004;1;1721000;17;1;62.220454545454544
2014;41238;3849;1;10028;4004;1;1721000;17;1;62.220454545454544
2014;41238;3849;1;10028;4004;1;1721000;17;1;62.220454545454544
2014;41238;3849;1;10028;4004;1;1721000;17;1;62.220454545454544
2014;41238;3849;1;10028;4004;1;1721000;17;1;62.220454545454544
2014;41238;3849;1;10028;4004;1;1721000;17;1;62.220454545454544
2014;41238;3849;1;10028;4004;1;1721000;17;1;62.220454545454544
2014;41238;3849;1;10028;4004;1;1721000;17;1;62.220454545454544
2014;41238;3849;1;10028;4004;1;1721000;17;1;62.220454545454544
2014;41238;3849;1;10028;4004;1;1721000;17;1;62.220454545454544
2014;41238;3849;1;10028;4004;1;1721000;17;1;62.220454545454544
2014;41238;3849;1;10028;4004;1;1721000;17;1;62.220454545454544
2014;41238;3849;1;10028;4004;1;1721000;17;1;62.220454545454544
2014;41238;3849;1;10028;4004;1;1721000;17;1;62.220454545454544
2014;41238;3849;1;10028;4004;1;1721000;17;1;62.220454545454544
2014;41238;3849;1;10028;4004;1;1721000;17;1;62.220454545454544
2014;41238;3849;1;10028;4004;1;1721000;17;1;62.220454545454544
2014;41238;3849;1;10028;4004;1;1721000;17;1;62.220454545454544
2014;41238;3849;1;10028;4004;1;1721000;17;1;62.220454545454544
2014;41238;3849;1;10028;4004;1;1721000;17;1;62.220454545454544
2014;41238;3849;1;10028;4004;1;1721000;17;1;62.220454545454544
2014;41238;3849;1;10028;4004;1;1721000;17;1;62.220454545454544
2014;41238;3849;1;10028;4004;1;1721000;17;1;62.220454545454544
2014;41238;3849;1;10028;4004;1;1721000;17;1;62.220454545454544
2014;43664;322;5;10028;4004;1;1302603;13;1;48.42857142857143
2014;43664;322;5;10028;4004;1;1302603;13;1;48.42857142857143
2014;43664;322;5;10028;4004;1;1302603;13;1;48.42857142857143
2014;43664;322;5;10028;4004;1;1302603;13;1;48.42857142857143
2014;43664;322;5;10028;4004;1;1302603;13;1;48.42857142857143
2014;43664;322;5;10028;4004;1;1302603;13;1;48.42857142857143
2014;43664;322;5;10028;4004;1;1302603;13;1;48.42857142857143
2014;46377;1658;4;10022;4004;1;2304400;23;2;64.17272727272727
2014;46377;1658;4;10022;4004;1;2304400;23;2;64.17272727272727
2014;46377;1658;4;10022;4004;1;2304400;23;2;64.17272727272727
2014;46377;1658;4;10022;4004;1;2304400;23;2;64.17272727272727
2014;46377;1658;4;10022;4004;1;2304400;23;2;64.17272727272727
2014;46377;1658;4;10022;4004;1;2304400;23;2;64.17272727272727
2014;46377;1658;4;10022;4004;1;2304400;23;2;64.17272727272727
2014;46377;1658;4;10022;4004;1;2304400;23;2;64.17272727272727
2014;46377;1658;4;10022;4004;1;2304400;23;2;64.17272727272727
2014;46377;1658;4;10022;4004;1;2304400;23;2;64.17272727272727
2014;46377;1658;4;10022;4004;1;2304400;23;2;64.17272727272727
2014;48201;1803;5;10022;4004;1;2611606;26;2;60.01111111111111
2014;48201;1803;5;10022;4004;1;2611606;26;2;60.01111111111111
2014;48201;1803;5;10022;4004;1;2611606;26;2;60.01111111111111
2014;48201;1803;5;10022;4004;1;2611606;26;2;60.01111111111111
2014;48201;1803;5;10022;4004;1;2611606;26;2;60.01111111111111
2014;48201;1803;5;10022;4004;1;2611606;26;2;60.01111111111111
2014;48201;1803;5;10022;4004;1;2611606;26;2;60.01111111111111
2014;48201;1803;5;10022;4004;1;2611606;26;2;60.01111111111111
2014;48201;1803;5;10022;4004;1;2611606;26;2;60.01111111111111
2014;48201;1803;5;10022;4004;1;2611606;26;2;60.01111111111111
2014;48201;1803;5;10022;4004;1;2611606;26;2;60.01111111111111
2014;48205;1805;4;10022;4004;1;2607901;26;2;53.97802197802198
2014;48205;1805;4;10022;4004;1;2607901;26;2;53.97802197802198
2014;48205;1805;4;10022;4004;1;2607901;26;2;53.97802197802198
2014;48205;1805;4;10022;4004;1;2607901;26;2;53.97802197802198
2014;48205;1805;4;10022;4004;1;2607901;26;2;53.97802197802198
2014;48205;1805;4;10022;4004;1;2607901;26;2;53.97802197802198
2014;48205;1805;4;10022;4004;1;2607901;26;2;53.97802197802198
2014;48205;1805;4;10022;4004;1;2607901;26;2;53.97802197802198
2014;48205;1805;4;10022;4004;1;2607901;26;2;53.97802197802198
2014;48205;1805;4;10022;4004;1;2607901;26;2;53.97802197802198
2014;48205;1805;4;10022;4004;1;2607901;26;2;53.97802197802198
2014;48205;1805;4;10022;4004;1;2607901;26;2;53.97802197802198
2014;48205;1805;4;10022;4004;1;2607901;26;2;53.97802197802198
2014;48205;1805;4;10022;4004;1;2607901;26;2;53.97802197802198
2014;48205;1805;4;10022;4004;1;2607901;26;2;53.97802197802198
2014;48205;1805;4;10022;4004;1;2607901;26;2;53.97802197802198
2014;48205;1805;4;10022;4004;1;2607901;26;2;53.97802197802198
2014;48205;1805;4;10022;4004;1;2607901;26;2;53.97802197802198
2014;48205;1805;4;10022;4004;1;2607901;26;2;53.97802197802198
2014;48205;1805;4;10022;4004;1;2607901;26;2;53.97802197802198
2014;48205;1805;4;10022;4004;1;2607901;26;2;53.97802197802198
2014;48205;1805;4;10022;4004;1;2607901;26;2;53.97802197802198
2014;48205;1805;4;10022;4004;1;2607901;26;2;53.97802197802198
2014;48205;1805;4;10022;4004;1;2607901;26;2;53.97802197802198
2014;48205;1805;4;10022;4004;1;2607901;26;2;53.97802197802198
2014;48205;1805;4;10022;4004;1;2607901;26;2;53.97802197802198
2014;48205;1805;4;10022;4004;1;2607901;26;2;53.97802197802198
2014;48205;1805;4;10022;4004;1;2607901;26;2;53.97802197802198
2014;48205;1805;4;10022;4004;1;2607901;26;2;53.97802197802198
2014;48205;1805;4;10022;4004;1;2607901;26;2;53.97802197802198
2014;48205;1805;4;10022;4004;1;2607901;26;2;53.97802197802198
2014;48205;1805;4;10022;4004;1;2607901;26;2;53.97802197802198
2014;48205;1805;4;10022;4004;1;2607901;26;2;53.97802197802198
2014;48205;1805;4;10022;4004;1;2607901;26;2;53.97802197802198
2014;48205;1805;4;10022;4004;1;2607901;26;2;53.97802197802198
2014;48205;1805;4;10022;4004;1;2607901;26;2;53.97802197802198
2014;48205;1805;4;10022;4004;1;2607901;26;2;53.97802197802198
2014;48205;1805;4;10022;4004;1;2607901;26;2;53.97802197802198
2014;48205;1805;4;10022;4004;1;2607901;26;2;53.97802197802198
2014;48205;1805;4;10022;4004;1;2607901;26;2;53.97802197802198
2014;48205;1805;4;10022;4004;1;2607901;26;2;53.97802197802198
2014;48205;1805;4;10022;4004;1;2607901;26;2;53.97802197802198
2014;48205;1805;4;10022;4004;1;2607901;26;2;53.97802197802198
2014;48205;1805;4;10022;4004;1;2607901;26;2;53.97802197802198
2014;48205;1805;4;10022;4004;1;2607901;26;2;53.97802197802198
2014;48205;1805;4;10022;4004;1;2607901;26;2;53.97802197802198
2014;48205;1805;4;10022;4004;1;2607901;26;2;53.97802197802198
2014;48205;1805;4;10022;4004;1;2607901;26;2;53.97802197802198
2014;48205;1805;4;10022;4004;1;2607901;26;2;53.97802197802198
2014;48205;1805;4;10022;4004;1;2607901;26;2;53.97802197802198
2014;48205;1805;4;10022;4004;1;2607901;26;2;53.97802197802198
2014;48205;1805;4;10022;4004;1;2607901;26;2;53.97802197802198
2014;48205;1805;4;10022;4004;1;2607901;26;2;53.97802197802198
2014;48205;1805;4;10022;4004;1;2607901;26;2;53.97802197802198
2014;48205;1805;4;10022;4004;1;2607901;26;2;53.97802197802198
2014;48205;1805;4;10022;4004;1;2607901;26;2;53.97802197802198
2014;48205;1805;4;10022;4004;1;2607901;26;2;53.97802197802198
2014;48205;1805;4;10022;4004;1;2607901;26;2;53.97802197802198
2014;48205;1805;4;10022;4004;1;2607901;26;2;53.97802197802198
2014;48205;1805;4;10022;4004;1;2607901;26;2;53.97802197802198
2014;48205;1805;4;10022;4004;1;2607901;26;2;53.97802197802198
2014;48205;1805;4;10022;4004;1;2607901;26;2;53.97802197802198
2014;48205;1805;4;10022;4004;1;2607901;26;2;53.97802197802198
2014;48205;1805;4;10022;4004;1;2607901;26;2;53.97802197802198
2014;48205;1805;4;10022;4004;1;2607901;26;2;53.97802197802198
2014;48205;1805;4;10022;4004;1;2607901;26;2;53.97802197802198
2014;48205;1805;4;10022;4004;1;2607901;26;2;53.97802197802198
2014;48205;1805;4;10022;4004;1;2607901;26;2;53.97802197802198
2014;48205;1805;4;10022;4004;1;2607901;26;2;53.97802197802198
2014;48205;1805;4;10022;4004;1;2607901;26;2;53.97802197802198
2014;48205;1805;4;10022;4004;1;2607901;26;2;53.97802197802198
2014;48205;1805;4;10022;4004;1;2607901;26;2;53.97802197802198
2014;48205;1805;4;10022;4004;1;2607901;26;2;53.97802197802198
2014;48205;1805;4;10022;4004;1;2607901;26;2;53.97802197802198
2014;48205;1805;4;10022;4004;1;2607901;26;2;53.97802197802198
2014;48205;1805;4;10022;4004;1;2607901;26;2;53.97802197802198
2014;48205;1805;4;10022;4004;1;2607901;26;2;53.97802197802198
2014;48205;1805;4;10022;4004;1;2607901;26;2;53.97802197802198
2014;48205;1805;4;10022;4004;1;2607901;26;2;53.97802197802198
2014;48205;1805;4;10022;4004;1;2607901;26;2;53.97802197802198
2014;48205;1805;4;10022;4004;1;2607901;26;2;53.97802197802198
2014;48205;1805;4;10022;4004;1;2607901;26;2;53.97802197802198
2014;48205;1805;4;10022;4004;1;2607901;26;2;53.97802197802198
2014;48205;1805;4;10022;4004;1;2607901;26;2;53.97802197802198
2014;48205;1805;4;10022;4004;1;2607901;26;2;53.97802197802198
2014;48205;1805;4;10022;4004;1;2607901;26;2;53.97802197802198
2014;48205;1805;4;10022;4004;1;2607901;26;2;53.97802197802198
2014;48205;1805;4;10022;4004;1;2607901;26;2;53.97802197802198
2014;48205;1805;4;10022;4004;1;2607901;26;2;53.97802197802198
2014;48205;1805;4;10022;4004;1;2607901;26;2;53.97802197802198
2014;48205;1805;4;10022;4004;1;2607901;26;2;53.97802197802198
2014;48205;1805;4;10022;4004;1;2607901;26;2;53.97802197802198
2014;48205;1805;4;10022;4004;1;2607901;26;2;53.97802197802198
2014;48205;1805;4;10022;4004;1;2607901;26;2;53.97802197802198
2014;48205;1805;4;10022;4004;1;2607901;26;2;53.97802197802198
2014;48205;1805;4;10022;4004;1;2607901;26;2;53.97802197802198
2014;48205;1805;4;10022;4004;1;2607901;26;2;53.97802197802198
2014;48205;1805;4;10022;4004;1;2607901;26;2;53.97802197802198
2014;5000143;1807;1;10026;4004;1;2307650;23;2;67.775
2014;5000143;1807;1;10026;4004;1;2307650;23;2;67.775
2014;5000143;1807;1;10026;4004;1;2307650;23;2;67.775
2014;5000143;1807;1;10026;4004;1;2307650;23;2;67.775
2014;5000143;1807;1;10026;4004;1;2307650;23;2;67.775
2014;5000143;1807;1;10026;4004;1;2307650;23;2;67.775
2014;5000143;1807;1;10026;4004;1;2307650;23;2;67.775
2014;5000143;1807;1;10026;4004;1;2307650;23;2;67.775
2014;5000143;1807;1;10026;4004;1;2307650;23;2;67.775
2014;5000143;1807;1;10026;4004;1;2307650;23;2;67.775
2014;5000143;1807;1;10026;4004;1;2307650;23;2;67.775
2014;5000143;1807;1;10026;4004;1;2307650;23;2;67.775
2014;5000143;1807;1;10026;4004;1;2307650;23;2;67.775
2014;5000143;1807;1;10026;4004;1;2307650;23;2;67.775
2014;5000143;1807;1;10026;4004;1;2307650;23;2;67.775
2014;5000143;1807;1;10026;4004;1;2307650;23;2;67.775
2014;5000143;1807;1;10026;4004;1;2307650;23;2;67.775
2014;5000143;1807;1;10026;4004;1;2307650;23;2;67.775
2014;5000143;1807;1;10026;4004;1;2307650;23;2;67.775
2014;5000143;1807;1;10026;4004;1;2307650;23;2;67.775
2014;5000349;1546;5;10022;4004;1;2108207;21;2;54.75714285714286
2014;5000349;1546;5;10022;4004;1;2108207;21;2;54.75714285714286
2014;5000349;1546;5;10022;4004;1;2108207;21;2;54.75714285714286
2014;5000349;1546;5;10022;4004;1;2108207;21;2;54.75714285714286
2014;5000349;1546;5;10022;4004;1;2108207;21;2;54.75714285714286
2014;5000349;1546;5;10022;4004;1;2108207;21;2;54.75714285714286
2014;5000349;1546;5;10022;4004;1;2108207;21;2;54.75714285714286
2014;5000349;1546;5;10022;4004;1;2108207;21;2;54.75714285714286
2014;5000349;1546;5;10022;4004;1;2108207;21;2;54.75714285714286
2014;5000349;1546;5;10022;4004;1;2108207;21;2;54.75714285714286
2014;5000349;1546;5;10022;4004;1;2108207;21;2;54.75714285714286
2014;5000349;1546;5;10022;4004;1;2108207;21;2;54.75714285714286
2014;5000349;1546;5;10022;4004;1;2108207;21;2;54.75714285714286
2014;5000349;1546;5;10022;4004;1;2108207;21;2;54.75714285714286
2014;50888;750;3;10020;4004;1;1709500;17;1;40.61304347826087
2014;50888;750;3;10020;4004;1;1709500;17;1;40.61304347826087
2014;50888;750;3;10020;4004;1;1709500;17;1;40.61304347826087
2014;50888;750;3;10020;4004;1;1709500;17;1;40.61304347826087
2014;50888;750;3;10020;4004;1;1709500;17;1;40.61304347826087
2014;50888;750;3;10020;4004;1;1709500;17;1;40.61304347826087
2014;50888;750;3;10020;4004;1;1709500;17;1;40.61304347826087
2014;50888;750;3;10020;4004;1;1709500;17;1;40.61304347826087
2014;50888;750;3;10020;4004;1;1709500;17;1;40.61304347826087
2014;50888;750;3;10020;4004;1;1709500;17;1;40.61304347826087
2014;50888;750;3;10020;4004;1;1709500;17;1;40.61304347826087
2014;50888;750;3;10020;4004;1;1709500;17;1;40.61304347826087
2014;50888;750;3;10020;4004;1;1709500;17;1;40.61304347826087
2014;50888;750;3;10020;4004;1;1709500;17;1;40.61304347826087
2014;50888;750;3;10020;4004;1;1709500;17;1;40.61304347826087
2014;50888;750;3;10020;4004;1;1709500;17;1;40.61304347826087
2014;50888;750;3;10020;4004;1;1709500;17;1;40.61304347826087
2014;50888;750;3;10020;4004;1;1709500;17;1;40.61304347826087
2014;50888;750;3;10020;4004;1;1709500;17;1;40.61304347826087
2014;50888;750;3;10020;4004;1;1709500;17;1;40.61304347826087
2014;50888;750;3;10020;4004;1;1709500;17;1;40.61304347826087
2014;50888;750;3;10020;4004;1;1709500;17;1;40.61304347826087
2014;50888;750;3;10020;4004;1;1709500;17;1;40.61304347826087
2014;50888;750;3;10020;4004;1;1709500;17;1;40.61304347826087
2014;50888;750;3;10020;4004;1;1709500;17;1;40.61304347826087
2014;50888;750;3;10020;4004;1;1709500;17;1;40.61304347826087
2014;50888;750;3;10020;4004;1;1709500;17;1;40.61304347826087
2014;50888;750;3;10020;4004;1;1709500;17;1;40.61304347826087
2014;50888;750;3;10020;4004;1;1709500;17;1;40.61304347826087
2014;50888;750;3;10020;4004;1;1709500;17;1;40.61304347826087
2014;513;5;1;10028;4004;1;2211001;22;2;61.08620689655172
2014;513;5;1;10028;4004;1;2211001;22;2;61.08620689655172
2014;513;5;1;10028;4004;1;2211001;22;2;61.08620689655172
2014;513;5;1;10028;4004;1;2211001;22;2;61.08620689655172
2014;513;5;1;10028;4004;1;2211001;22;2;61.08620689655172
2014;513;5;1;10028;4004;1;2211001;22;2;61.08620689655172
2014;513;5;1;10028;4004;1;2211001;22;2;61.08620689655172
2014;513;5;1;10028;4004;1;2211001;22;2;61.08620689655172
2014;513;5;1;10028;4004;1;2211001;22;2;61.08620689655172
2014;513;5;1;10028;4004;1;2211001;22;2;61.08620689655172
2014;513;5;1;10028;4004;1;2211001;22;2;61.08620689655172
2014;513;5;1;10028;4004;1;2211001;22;2;61.08620689655172
2014;513;5;1;10028;4004;1;2211001;22;2;61.08620689655172
2014;513;5;1;10028;4004;1;2211001;22;2;61.08620689655172
2014;513;5;1;10028;4004;1;2211001;22;2;61.08620689655172
2014;513;5;1;10028;4004;1;2211001;22;2;61.08620689655172
2014;513;5;1;10028;4004;1;2211001;22;2;61.08620689655172
2014;513;5;1;10028;4004;1;2211001;22;2;61.08620689655172
2014;513;5;1;10028;4004;1;2211001;22;2;61.08620689655172
2014;513;5;1;10028;4004;1;2211001;22;2;61.08620689655172
2014;513;5;1;10028;4004;1;2211001;22;2;61.08620689655172
2014;513;5;1;10028;4004;1;2211001;22;2;61.08620689655172
2014;513;5;1;10028;4004;1;2211001;22;2;61.08620689655172
2014;513;5;1;10028;4004;1;2211001;22;2;61.08620689655172
2014;513;5;1;10028;4004;1;2211001;22;2;61.08620689655172
2014;513;5;1;10028;4004;1;2211001;22;2;61.08620689655172
2014;513;5;1;10028;4004;1;2211001;22;2;61.08620689655172
2014;513;5;1;10028;4004;1;2211001;22;2;61.08620689655172
2014;513;5;1;10028;4004;1;2211001;22;2;61.08620689655172
2014;513;5;1;10028;4004;1;2211001;22;2;61.08620689655172
2014;513;5;1;10028;4004;1;2211001;22;2;61.08620689655172
2014;513;5;1;10028;4004;1;2211001;22;2;61.08620689655172
2014;513;5;1;10028;4004;1;2211001;22;2;61.08620689655172
2014;513;5;1;10028;4004;1;2211001;22;2;61.08620689655172
2014;513;5;1;10028;4004;1;2211001;22;2;61.08620689655172
2014;513;5;1;10028;4004;1;2211001;22;2;61.08620689655172
2014;513;5;1;10028;4004;1;2211001;22;2;61.08620689655172
2014;57606;71;2;10028;4004;1;2408102;24;2;59.931999999999995
2014;57606;71;2;10028;4004;1;2408102;24;2;59.931999999999995
2014;57606;71;2;10028;4004;1;2408102;24;2;59.931999999999995
2014;57606;71;2;10028;4004;1;2408102;24;2;59.931999999999995
2014;57606;71;2;10028;4004;1;2408102;24;2;59.931999999999995
2014;57606;71;2;10028;4004;1;2408102;24;2;59.931999999999995
2014;57606;71;2;10028;4004;1;2408102;24;2;59.931999999999995
2014;57606;71;2;10028;4004;1;2408102;24;2;59.931999999999995
2014;57606;71;2;10028;4004;1;2408102;24;2;59.931999999999995
2014;57606;71;2;10028;4004;1;2408102;24;2;59.931999999999995
2014;57606;71;2;10028;4004;1;2408102;24;2;59.931999999999995
2014;57606;71;2;10028;4004;1;2408102;24;2;59.931999999999995
2014;57606;71;2;10028;4004;1;2408102;24;2;59.931999999999995
2014;57606;71;2;10028;4004;1;2408102;24;2;59.931999999999995
2014;57606;71;2;10028;4004;1;2408102;24;2;59.931999999999995
2014;57606;71;2;10028;4004;1;2408102;24;2;59.931999999999995
2014;57606;71;2;10028;4004;1;2408102;24;2;59.931999999999995
2014;57606;71;2;10028;4004;1;2408102;24;2;59.931999999999995
2014;57606;71;2;10028;4004;1;2408102;24;2;59.931999999999995
2014;57606;71;2;10028;4004;1;2408102;24;2;59.931999999999995
2014;57606;71;2;10028;4004;1;2408102;24;2;59.931999999999995
2014;57606;71;2;10028;4004;1;2408102;24;2;59.931999999999995
2014;57606;71;2;10028;4004;1;2408102;24;2;59.931999999999995
2014;57606;71;2;10028;4004;1;2408102;24;2;59.931999999999995
2014;57606;71;2;10028;4004;1;2408102;24;2;59.931999999999995
2014;57606;71;2;10028;4004;1;2408102;24;2;59.931999999999995
2014;58804;2085;5;10022;4004;1;2927408;29;2;62.06
2014;58804;2085;5;10022;4004;1;2927408;29;2;62.06
2014;58804;2085;5;10022;4004;1;2927408;29;2;62.06
2014;58804;2085;5;10022;4004;1;2927408;29;2;62.06
2014;58804;2085;5;10022;4004;1;2927408;29;2;62.06
2014;58804;2085;5;10022;4004;1;2927408;29;2;62.06
2014;58804;2085;5;10022;4004;1;2927408;29;2;62.06
2014;58804;2085;5;10022;4004;1;2927408;29;2;62.06
2014;58804;2085;5;10022;4004;1;2927408;29;2;62.06
2014;58804;2085;5;10022;4004;1;2927408;29;2;62.06
2014;58804;2085;5;10022;4004;1;2927408;29;2;62.06
2014;58804;2085;5;10022;4004;1;2927408;29;2;62.06
2014;58804;2085;5;10022;4004;1;2927408;29;2;62.06
2014;58804;2085;5;10022;4004;1;2927408;29;2;62.06
2014;58804;2085;5;10022;4004;1;2927408;29;2;62.06
2014;58804;2085;5;10022;4004;1;2927408;29;2;62.06
2014;58804;2085;5;10022;4004;1;2927408;29;2;62.06
2014;58804;2085;5;10022;4004;1;2927408;29;2;62.06
2014;58808;1066;5;10022;4004;1;1721000;17;1;
2014;58808;1066;5;10022;4004;1;1721000;17;1;
2014;58808;1066;5;10022;4004;1;1721000;17;1;
2014;58910;2075;5;10022;4004;1;2704302;27;2;58.720000000000006
2014;58910;2075;5;10022;4004;1;2704302;27;2;58.720000000000006
2014;58910;2075;5;10022;4004;1;2704302;27;2;58.720000000000006
2014;58910;2075;5;10022;4004;1;2704302;27;2;58.720000000000006
2014;58910;2075;5;10022;4004;1;2704302;27;2;58.720000000000006
2014;58910;2075;5;10022;4004;1;2704302;27;2;58.720000000000006
2014;58910;2075;5;10022;4004;1;2704302;27;2;58.720000000000006
2014;58910;2075;5;10022;4004;1;2704302;27;2;58.720000000000006
2014;58910;2075;5;10022;4004;1;2704302;27;2;58.720000000000006
2014;58910;2075;5;10022;4004;1;2704302;27;2;58.720000000000006
2014;58910;2075;5;10022;4004;1;2704302;27;2;58.720000000000006
2014;58910;2075;5;10022;4004;1;2704302;27;2;58.720000000000006
2014;59078;1462;5;10022;4004;1;2507507;25;2;57.872727272727275
2014;59078;1462;5;10022;4004;1;2507507;25;2;57.872727272727275
2014;59078;1462;5;10022;4004;1;2507507;25;2;57.872727272727275
2014;59078;1462;5;10022;4004;1;2507507;25;2;57.872727272727275
2014;59078;1462;5;10022;4004;1;2507507;25;2;57.872727272727275
2014;59078;1462;5;10022;4004;1;2507507;25;2;57.872727272727275
2014;59078;1462;5;10022;4004;1;2507507;25;2;57.872727272727275
2014;59078;1462;5;10022;4004;1;2507507;25;2;57.872727272727275
2014;59078;1462;5;10022;4004;1;2507507;25;2;57.872727272727275
2014;59078;1462;5;10022;4004;1;2507507;25;2;57.872727272727275
2014;59078;1462;5;10022;4004;1;2507507;25;2;57.872727272727275
2014;59078;1462;5;10022;4004;1;2507507;25;2;57.872727272727275
2014;59078;1462;5;10022;4004;1;2507507;25;2;57.872727272727275
2014;59078;1462;5;10022;4004;1;2507507;25;2;57.872727272727275
2014;59078;1462;5;10022;4004;1;2507507;25;2;57.872727272727275
2014;59078;1462;5;10022;4004;1;2507507;25;2;57.872727272727275
2014;59078;1462;5;10022;4004;1;2507507;25;2;57.872727272727275
2014;59078;1462;5;10022;4004;1;2507507;25;2;57.872727272727275
2014;59078;1462;5;10022;4004;1;2507507;25;2;57.872727272727275
2014;59078;1462;5;10022;4004;1;2507507;25;2;57.872727272727275
2014;59078;1462;5;10022;4004;1;2507507;25;2;57.872727272727275
2014;59078;1462;5;10022;4004;1;2507507;25;2;57.872727272727275
2014;59122;1819;4;10022;4004;1;2304400;23;2;65.28333333333333
2014;59122;1819;4;10022;4004;1;2304400;23;2;65.28333333333333
2014;59122;1819;4;10022;4004;1;2304400;23;2;65.28333333333333
2014;59122;1819;4;10022;4004;1;2304400;23;2;65.28333333333333
2014;59122;1819;4;10022;4004;1;2304400;23;2;65.28333333333333
2014;59122;1819;4;10022;4004;1;2304400;23;2;65.28333333333333
2014;59122;1819;4;10022;4004;1;2304400;23;2;65.28333333333333
2014;59122;1819;4;10022;4004;1;2304400;23;2;65.28333333333333
2014;59122;1819;4;10022;4004;1;2304400;23;2;65.28333333333333
2014;59122;1819;4;10022;4004;1;2304400;23;2;65.28333333333333
2014;59122;1819;4;10022;4004;1;2304400;23;2;65.28333333333333
2014;59122;1819;4;10022;4004;1;2304400;23;2;65.28333333333333
2014;59122;1819;4;10022;4004;1;2304400;23;2;65.28333333333333
2014;59122;1819;4;10022;4004;1;2304400;23;2;65.28333333333333
2014;59122;1819;4;10022;4004;1;2304400;23;2;65.28333333333333
2014;59122;1819;4;10022;4004;1;2304400;23;2;65.28333333333333
2014;59122;1819;4;10022;4004;1;2304400;23;2;65.28333333333333
2014;59122;1819;4;10022;4004;1;2304400;23;2;65.28333333333333
2014;59122;1819;4;10022;4004;1;2304400;23;2;65.28333333333333
2014;59122;1819;4;10022;4004;1;2304400;23;2;65.28333333333333
2014;62484;4;1;10028;4004;1;1302603;13;1;66.46521739130435
2014;62484;4;1;10028;4004;1;1302603;13;1;66.46521739130435
2014;62484;4;1;10028;4004;1;1302603;13;1;66.46521739130435
2014;62484;4;1;10028;4004;1;1302603;13;1;66.46521739130435
2014;62484;4;1;10028;4004;1;1302603;13;1;66.46521739130435
2014;62484;4;1;10028;4004;1;1302603;13;1;66.46521739130435
2014;62484;4;1;10028;4004;1;1302603;13;1;66.46521739130435
2014;62484;4;1;10028;4004;1;1302603;13;1;66.46521739130435
2014;62484;4;1;10028;4004;1;1302603;13;1;66.46521739130435
2014;62484;4;1;10028;4004;1;1302603;13;1;66.46521739130435
2014;62484;4;1;10028;4004;1;1302603;13;1;66.46521739130435
2014;62484;4;1;10028;4004;1;1302603;13;1;66.46521739130435
2014;62484;4;1;10028;4004;1;1302603;13;1;66.46521739130435
2014;62484;4;1;10028;4004;1;1302603;13;1;66.46521739130435
2014;62484;4;1;10028;4004;1;1302603;13;1;66.46521739130435
2014;62484;4;1;10028;4004;1;1302603;13;1;66.46521739130435
2014;62484;4;1;10028;4004;1;1302603;13;1;66.46521739130435
2014;62484;4;1;10028;4004;1;1302603;13;1;66.46521739130435
2014;62484;4;1;10028;4004;1;1302603;13;1;66.46521739130435
2014;62484;4;1;10028;4004;1;1302603;13;1;66.46521739130435
2014;62484;4;1;10028;4004;1;1302603;13;1;66.46521739130435
2014;62484;4;1;10028;4004;1;1302603;13;1;66.46521739130435
2014;62484;4;1;10028;4004;1;1302603;13;1;66.46521739130435
2014;62484;4;1;10028;4004;1;1302603;13;1;66.46521739130435
2014;62484;4;1;10028;4004;1;1302603;13;1;66.46521739130435
2014;67092;1708;5;10022;4004;1;2611606;26;2;62.381818181818176
2014;67092;1708;5;10022;4004;1;2611606;26;2;62.381818181818176
2014;67092;1708;5;10022;4004;1;2611606;26;2;62.381818181818176
2014;67092;1708;5;10022;4004;1;2611606;26;2;62.381818181818176
2014;67092;1708;5;10022;4004;1;2611606;26;2;62.381818181818176
2014;67092;1708;5;10022;4004;1;2611606;26;2;62.381818181818176
2014;67092;1708;5;10022;4004;1;2611606;26;2;62.381818181818176
2014;67092;1708;5;10022;4004;1;2611606;26;2;62.381818181818176
2014;67092;1708;5;10022;4004;1;2611606;26;2;62.381818181818176
2014;67092;1708;5;10022;4004;1;2611606;26;2;62.381818181818176
2014;67092;1708;5;10022;4004;1;2611606;26;2;62.381818181818176
2014;73519;2437;4;10022;4004;1;2931350;29;2;59.4
2014;73519;2437;4;10022;4004;1;2931350;29;2;59.4
2014;73519;2437;4;10022;4004;1;2931350;29;2;59.4
2014;73519;2437;4;10022;4004;1;2931350;29;2;59.4
2014;73519;2437;4;10022;4004;1;2931350;29;2;59.4
2014;73519;2437;4;10022;4004;1;2931350;29;2;59.4
2014;73519;2437;4;10022;4004;1;2931350;29;2;59.4
2014;73519;2437;4;10022;4004;1;2931350;29;2;59.4
2014;73519;2437;4;10022;4004;1;2931350;29;2;59.4
2014;73519;2437;4;10022;4004;1;2931350;29;2;59.4
2014;73519;2437;4;10022;4004;1;2931350;29;2;59.4
2014;73519;2437;4;10022;4004;1;2931350;29;2;59.4
2014;73519;2437;4;10022;4004;1;2931350;29;2;59.4
2014;73519;2437;4;10022;4004;1;2931350;29;2;59.4
2014;73519;2437;4;10022;4004;1;2931350;29;2;59.4
2014;73519;2437;4;10022;4004;1;2931350;29;2;59.4
2014;73519;2437;4;10022;4004;1;2931350;29;2;59.4
2014;73519;2437;4;10022;4004;1;2931350;29;2;59.4
2014;73519;2437;4;10022;4004;1;2931350;29;2;59.4
2014;73519;2437;4;10022;4004;1;2931350;29;2;59.4
2014;73519;2437;4;10022;4004;1;2931350;29;2;59.4
2014;73519;2437;4;10022;4004;1;2931350;29;2;59.4
2014;73519;2437;4;10022;4004;1;2931350;29;2;59.4
2014;73519;2437;4;10022;4004;1;2931350;29;2;59.4
2014;73519;2437;4;10022;4004;1;2931350;29;2;59.4
2014;73519;2437;4;10022;4004;1;2931350;29;2;59.4
2014;73519;2437;4;10022;4004;1;2931350;29;2;59.4
2014;73519;2437;4;10022;4004;1;2931350;29;2;59.4
2014;73519;2437;4;10022;4004;1;2931350;29;2;59.4
2014;73519;2437;4;10022;4004;1;2931350;29;2;59.4
2014;73519;2437;4;10022;4004;1;2931350;29;2;59.4
2014;73519;2437;4;10022;4004;1;2931350;29;2;59.4
2014;73519;2437;4;10022;4004;1;2931350;29;2;59.4
2014;73519;2437;4;10022;4004;1;2931350;29;2;59.4
2014;73519;2437;4;10022;4004;1;2931350;29;2;59.4
2014;73519;2437;4;10022;4004;1;2931350;29;2;59.4
2014;73519;2437;4;10022;4004;1;2931350;29;2;59.4
2014;73519;2437;4;10022;4004;1;2931350;29;2;59.4
2014;73519;2437;4;10022;4004;1;2931350;29;2;59.4
2014;83388;1255;4;10022;4004;1;2611606;26;2;62.32142857142857
2014;83388;1255;4;10022;4004;1;2611606;26;2;62.32142857142857
2014;83388;1255;4;10022;4004;1;2611606;26;2;62.32142857142857
2014;83388;1255;4;10022;4004;1;2611606;26;2;62.32142857142857
2014;83388;1255;4;10022;4004;1;2611606;26;2;62.32142857142857
2014;83388;1255;4;10022;4004;1;2611606;26;2;62.32142857142857
2014;83388;1255;4;10022;4004;1;2611606;26;2;62.32142857142857
2014;83388;1255;4;10022;4004;1;2611606;26;2;62.32142857142857
2014;83388;1255;4;10022;4004;1;2611606;26;2;62.32142857142857
2014;83388;1255;4;10022;4004;1;2611606;26;2;62.32142857142857
2014;83388;1255;4;10022;4004;1;2611606;26;2;62.32142857142857
2014;83388;1255;4;10022;4004;1;2611606;26;2;62.32142857142857
2014;83388;1255;4;10022;4004;1;2611606;26;2;62.32142857142857
2014;83388;1255;4;10022;4004;1;2611606;26;2;62.32142857142857
2014;83388;1255;4;10022;4004;1;2611606;26;2;62.32142857142857
2014;83388;1255;4;10022;4004;1;2611606;26;2;62.32142857142857
2014;83388;1255;4;10022;4004;1;2611606;26;2;62.32142857142857
2014;83388;1255;4;10022;4004;1;2611606;26;2;62.32142857142857
2014;83388;1255;4;10022;4004;1;2611606;26;2;62.32142857142857
2014;83388;1255;4;10022;4004;1;2611606;26;2;62.32142857142857
2014;83388;1255;4;10022;4004;1;2611606;26;2;62.32142857142857
2014;83388;1255;4;10022;4004;1;2611606;26;2;62.32142857142857
2014;83388;1255;4;10022;4004;1;2611606;26;2;62.32142857142857
2014;83388;1255;4;10022;4004;1;2611606;26;2;62.32142857142857
2014;83388;1255;4;10022;4004;1;2611606;26;2;62.32142857142857
2014;83388;1255;4;10022;4004;1;2611606;26;2;62.32142857142857
2014;83388;1255;4;10022;4004;1;2611606;26;2;62.32142857142857
2014;83388;1255;4;10022;4004;1;2611606;26;2;62.32142857142857
2014;83388;1255;4;10022;4004;1;2611606;26;2;62.32142857142857
2014;83388;1255;4;10022;4004;1;2611606;26;2;62.32142857142857
2014;83388;1255;4;10022;4004;1;2611606;26;2;62.32142857142857
2014;83388;1255;4;10022;4004;1;2611606;26;2;62.32142857142857
2014;83388;1255;4;10022;4004;1;2611606;26;2;62.32142857142857
2014;83388;1255;4;10022;4004;1;2611606;26;2;62.32142857142857
2014;88084;916;4;10022;4004;1;2211001;22;2;56.040000000000006
2014;88084;916;4;10022;4004;1;2211001;22;2;56.040000000000006
2014;88084;916;4;10022;4004;1;2211001;22;2;56.040000000000006
2014;88084;916;4;10022;4004;1;2211001;22;2;56.040000000000006
2014;88084;916;4;10022;4004;1;2211001;22;2;56.040000000000006
2014;88084;916;4;10022;4004;1;2211001;22;2;56.040000000000006
2014;88084;916;4;10022;4004;1;2211001;22;2;56.040000000000006
2014;88084;916;4;10022;4004;1;2211001;22;2;56.040000000000006
2014;88084;916;4;10022;4004;1;2211001;22;2;56.040000000000006
2014;88084;916;4;10022;4004;1;2211001;22;2;56.040000000000006
2014;88084;916;4;10022;4004;1;2211001;22;2;56.040000000000006
2014;88084;916;4;10022;4004;1;2211001;22;2;56.040000000000006
2014;88084;916;4;10022;4004;1;2211001;22;2;56.040000000000006
2014;88084;916;4;10022;4004;1;2211001;22;2;56.040000000000006
2014;88084;916;4;10022;4004;1;2211001;22;2;56.040000000000006
2014;88084;916;4;10022;4004;1;2211001;22;2;56.040000000000006
2014;88084;916;4;10022;4004;1;2211001;22;2;56.040000000000006
2014;88084;916;4;10022;4004;1;2211001;22;2;56.040000000000006
2014;88084;916;4;10022;4004;1;2211001;22;2;56.040000000000006
2014;88084;916;4;10022;4004;1;2211001;22;2;56.040000000000006
2014;88084;916;4;10022;4004;1;2211001;22;2;56.040000000000006
2014;88084;916;4;10022;4004;1;2211001;22;2;56.040000000000006
2014;88084;916;4;10022;4004;1;2211001;22;2;56.040000000000006
2014;88084;916;4;10022;4004;1;2211001;22;2;56.040000000000006
2014;88084;916;4;10022;4004;1;2211001;22;2;56.040000000000006
2014;88084;916;4;10022;4004;1;2211001;22;2;56.040000000000006
2014;88084;916;4;10022;4004;1;2211001;22;2;56.040000000000006
2014;88084;916;4;10022;4004;1;2211001;22;2;56.040000000000006
2014;88084;916;4;10022;4004;1;2211001;22;2;56.040000000000006
2014;88084;916;4;10022;4004;1;2211001;22;2;56.040000000000006
2014;88084;916;4;10022;4004;1;2211001;22;2;56.040000000000006
2014;88084;916;4;10022;4004;1;2211001;22;2;56.040000000000006
2014;88084;916;4;10022;4004;1;2211001;22;2;56.040000000000006
2014;88084;916;4;10022;4004;1;2211001;22;2;56.040000000000006
2014;88084;916;4;10022;4004;1;2211001;22;2;56.040000000000006
2014;88084;916;4;10022;4004;1;2211001;22;2;56.040000000000006
2014;88084;916;4;10022;4004;1;2211001;22;2;56.040000000000006
2014;88084;916;4;10022;4004;1;2211001;22;2;56.040000000000006
2014;88084;916;4;10022;4004;1;2211001;22;2;56.040000000000006
2014;88084;916;4;10022;4004;1;2211001;22;2;56.040000000000006
2014;88084;916;4;10022;4004;1;2211001;22;2;56.040000000000006
2014;88084;916;4;10022;4004;1;2211001;22;2;56.040000000000006
2014;88084;916;4;10022;4004;1;2211001;22;2;56.040000000000006
2014;88084;916;4;10022;4004;1;2211001;22;2;56.040000000000006
2014;88084;916;4;10022;4004;1;2211001;22;2;56.040000000000006
2014;88084;916;4;10022;4004;1;2211001;22;2;56.040000000000006
2014;88084;916;4;10022;4004;1;2211001;22;2;56.040000000000006
2014;88084;916;4;10022;4004;1;2211001;22;2;56.040000000000006
2014;88084;916;4;10022;4004;1;2211001;22;2;56.040000000000006
2014;88084;916;4;10022;4004;1;2211001;22;2;56.040000000000006
2014;88084;916;4;10022;4004;1;2211001;22;2;56.040000000000006
2014;88084;916;4;10022;4004;1;2211001;22;2;56.040000000000006
2014;88084;916;4;10022;4004;1;2211001;22;2;56.040000000000006
2014;88084;916;4;10022;4004;1;2211001;22;2;56.040000000000006
2014;88154;1058;4;10020;4004;1;2927408;29;2;56.06666666666666
2014;88154;1058;4;10020;4004;1;2927408;29;2;56.06666666666666
2014;88154;1058;4;10020;4004;1;2927408;29;2;56.06666666666666
2014;88154;1058;4;10020;4004;1;2927408;29;2;56.06666666666666
2014;88154;1058;4;10020;4004;1;2927408;29;2;56.06666666666666
2014;88154;1058;4;10020;4004;1;2927408;29;2;56.06666666666666
2014;88154;1058;4;10020;4004;1;2927408;29;2;56.06666666666666
2014;88154;1058;4;10020;4004;1;2927408;29;2;56.06666666666666
2014;88154;1058;4;10020;4004;1;2927408;29;2;56.06666666666666
2014;88154;1058;4;10020;4004;1;2927408;29;2;56.06666666666666
2014;88154;1058;4;10020;4004;1;2927408;29;2;56.06666666666666
2014;88154;1058;4;10020;4004;1;2927408;29;2;56.06666666666666
2014;88154;1058;4;10020;4004;1;2927408;29;2;56.06666666666666
2014;94455;3930;4;10022;4004;1;2208007;22;2;51.027272727272724
2014;94455;3930;4;10022;4004;1;2208007;22;2;51.027272727272724
2014;94455;3930;4;10022;4004;1;2208007;22;2;51.027272727272724
2014;94455;3930;4;10022;4004;1;2208007;22;2;51.027272727272724
2014;94455;3930;4;10022;4004;1;2208007;22;2;51.027272727272724
2014;94455;3930;4;10022;4004;1;2208007;22;2;51.027272727272724
2014;94455;3930;4;10022;4004;1;2208007;22;2;51.027272727272724
2014;94455;3930;4;10022;4004;1;2208007;22;2;51.027272727272724
2014;94455;3930;4;10022;4004;1;2208007;22;2;51.027272727272724
2014;94455;3930;4;10022;4004;1;2208007;22;2;51.027272727272724
2014;94455;3930;4;10022;4004;1;2208007;22;2;51.027272727272724
2014;968;11;5;10028;4004;1;2611606;26;2;54.44920634920635
2014;968;11;5;10028;4004;1;2611606;26;2;54.44920634920635
2014;968;11;5;10028;4004;1;2611606;26;2;54.44920634920635
2014;968;11;5;10028;4004;1;2611606;26;2;54.44920634920635
2014;968;11;5;10028;4004;1;2611606;26;2;54.44920634920635
2014;968;11;5;10028;4004;1;2611606;26;2;54.44920634920635
2014;968;11;5;10028;4004;1;2611606;26;2;54.44920634920635
2014;968;11;5;10028;4004;1;2611606;26;2;54.44920634920635
2014;968;11;5;10028;4004;1;2611606;26;2;54.44920634920635
2014;968;11;5;10028;4004;1;2611606;26;2;54.44920634920635
2014;968;11;5;10028;4004;1;2611606;26;2;54.44920634920635
2014;968;11;5;10028;4004;1;2611606;26;2;54.44920634920635
2014;968;11;5;10028;4004;1;2611606;26;2;54.44920634920635
2014;968;11;5;10028;4004;1;2611606;26;2;54.44920634920635
2014;968;11;5;10028;4004;1;2611606;26;2;54.44920634920635
2014;968;11;5;10028;4004;1;2611606;26;2;54.44920634920635
2014;968;11;5;10028;4004;1;2611606;26;2;54.44920634920635
2014;968;11;5;10028;4004;1;2611606;26;2;54.44920634920635
2014;968;11;5;10028;4004;1;2611606;26;2;54.44920634920635
2014;968;11;5;10028;4004;1;2611606;26;2;54.44920634920635
2014;968;11;5;10028;4004;1;2611606;26;2;54.44920634920635
2014;968;11;5;10028;4004;1;2611606;26;2;54.44920634920635
2014;968;11;5;10028;4004;1;2611606;26;2;54.44920634920635
2014;968;11;5;10028;4004;1;2611606;26;2;54.44920634920635
2014;968;11;5;10028;4004;1;2611606;26;2;54.44920634920635
2014;968;11;5;10028;4004;1;2611606;26;2;54.44920634920635
2014;968;11;5;10028;4004;1;2611606;26;2;54.44920634920635
2014;968;11;5;10028;4004;1;2611606;26;2;54.44920634920635
2014;968;11;5;10028;4004;1;2611606;26;2;54.44920634920635
2014;968;11;5;10028;4004;1;2611606;26;2;54.44920634920635
2014;968;11;5;10028;4004;1;2611606;26;2;54.44920634920635
2014;968;11;5;10028;4004;1;2611606;26;2;54.44920634920635
2014;968;11;5;10028;4004;1;2611606;26;2;54.44920634920635
2014;968;11;5;10028;4004;1;2611606;26;2;54.44920634920635
2014;968;11;5;10028;4004;1;2611606;26;2;54.44920634920635
2014;968;11;5;10028;4004;1;2611606;26;2;54.44920634920635
2014;968;11;5;10028;4004;1;2611606;26;2;54.44920634920635
2014;968;11;5;10028;4004;1;2611606;26;2;54.44920634920635
2014;968;11;5;10028;4004;1;2611606;26;2;54.44920634920635
2014;968;11;5;10028;4004;1;2611606;26;2;54.44920634920635
2014;968;11;5;10028;4004;1;2611606;26;2;54.44920634920635
2014;968;11;5;10028;4004;1;2611606;26;2;54.44920634920635
2014;968;11;5;10028;4004;1;2611606;26;2;54.44920634920635
2014;968;11;5;10028;4004;1;2611606;26;2;54.44920634920635
2014;968;11;5;10028;4004;1;2611606;26;2;54.44920634920635
2014;968;11;5;10028;4004;1;2611606;26;2;54.44920634920635
2014;968;11;5;10028;4004;1;2611606;26;2;54.44920634920635
2014;968;11;5;10028;4004;1;2611606;26;2;54.44920634920635
2014;968;11;5;10028;4004;1;2611606;26;2;54.44920634920635
2014;968;11;5;10028;4004;1;2611606;26;2;54.44920634920635
2014;968;11;5;10028;4004;1;2611606;26;2;54.44920634920635
2014;968;11;5;10028;4004;1;2611606;26;2;54.44920634920635
2014;968;11;5;10028;4004;1;2611606;26;2;54.44920634920635
2014;968;11;5;10028;4004;1;2611606;26;2;54.44920634920635
2014;968;11;5;10028;4004;1;2611606;26;2;54.44920634920635
2014;968;11;5;10028;4004;1;2611606;26;2;54.44920634920635
2014;968;11;5;10028;4004;1;2611606;26;2;54.44920634920635
2014;968;11;5;10028;4004;1;2611606;26;2;54.44920634920635
2014;968;11;5;10028;4004;1;2611606;26;2;54.44920634920635
2014;968;11;5;10028;4004;1;2611606;26;2;54.44920634920635
2014;968;11;5;10028;4004;1;2611606;26;2;54.44920634920635
2014;968;11;5;10028;4004;1;2611606;26;2;54.44920634920635
2014;968;11;5;10028;4004;1;2611606;26;2;54.44920634920635
2014;968;11;5;10028;4004;1;2611606;26;2;54.44920634920635
2014;968;11;5;10028;4004;1;2611606;26;2;54.44920634920635
2014;968;11;5;10028;4004;1;2611606;26;2;54.44920634920635
2014;968;11;5;10028;4004;1;2611606;26;2;54.44920634920635
2014;968;11;5;10028;4004;1;2611606;26;2;54.44920634920635
2014;968;11;5;10028;4004;1;2611606;26;2;54.44920634920635
2014;968;11;5;10028;4004;1;2611606;26;2;54.44920634920635
2014;968;11;5;10028;4004;1;2611606;26;2;54.44920634920635
2014;968;11;5;10028;4004;1;2611606;26;2;54.44920634920635
2014;968;11;5;10028;4004;1;2611606;26;2;54.44920634920635
2014;968;11;5;10028;4004;1;2611606;26;2;54.44920634920635
2014;968;11;5;10028;4004;1;2611606;26;2;54.44920634920635
2014;968;11;5;10028;4004;1;2611606;26;2;54.44920634920635
2014;968;11;5;10028;4004;1;2611606;26;2;54.44920634920635
2014;98305;789;1;10028;4004;1;1400100;14;1;63.495000000000005
2014;98305;789;1;10028;4004;1;1400100;14;1;63.495000000000005
2014;98305;789;1;10028;4004;1;1400100;14;1;63.495000000000005
2014;98305;789;1;10028;4004;1;1400100;14;1;63.495000000000005
2014;98305;789;1;10028;4004;1;1400100;14;1;63.495000000000005
2014;98305;789;1;10028;4004;1;1400100;14;1;63.495000000000005
2014;98305;789;1;10028;4004;1;1400100;14;1;63.495000000000005
2014;98305;789;1;10028;4004;1;1400100;14;1;63.495000000000005
2014;98305;789;1;10028;4004;1;1400100;14;1;63.495000000000005
2014;98305;789;1;10028;4004;1;1400100;14;1;63.495000000000005
2014;98305;789;1;10028;4004;1;1400100;14;1;63.495000000000005
2014;98305;789;1;10028;4004;1;1400100;14;1;63.495000000000005
2014;98305;789;1;10028;4004;1;1400100;14;1;63.495000000000005
2014;98305;789;1;10028;4004;1;1400100;14;1;63.495000000000005
2014;98305;789;1;10028;4004;1;1400100;14;1;63.495000000000005
2014;98305;789;1;10028;4004;1;1400100;14;1;63.495000000000005
2014;98305;789;1;10028;4004;1;1400100;14;1;63.495000000000005
2014;98305;789;1;10028;4004;1;1400100;14;1;63.495000000000005
2014;98305;789;1;10028;4004;1;1400100;14;1;63.495000000000005
2014;98305;789;1;10028;4004;1;1400100;14;1;63.495000000000005
2014;98305;789;1;10028;4004;1;1400100;14;1;63.495000000000005
2014;98305;789;1;10028;4004;1;1400100;14;1;63.495000000000005
2014;98305;789;1;10028;4004;1;1400100;14;1;63.495000000000005
2014;98305;789;1;10028;4004;1;1400100;14;1;63.495000000000005
2014;98305;789;1;10028;4004;1;1400100;14;1;63.495000000000005
2014;98305;789;1;10028;4004;1;1400100;14;1;63.495000000000005
2014;98305;789;1;10028;4004;1;1400100;14;1;63.495000000000005
2014;98305;789;1;10028;4004;1;1400100;14;1;63.495000000000005
2014;98305;789;1;10028;4004;1;1400100;14;1;63.495000000000005
2014;98665;5077;2;10028;4004;1;1400100;14;1;57.17
2014;98665;5077;2;10028;4004;1;1400100;14;1;57.17
2014;98665;5077;2;10028;4004;1;1400100;14;1;57.17
2014;98665;5077;2;10028;4004;1;1400100;14;1;57.17
2014;98665;5077;2;10028;4004;1;1400100;14;1;57.17
2014;98665;5077;2;10028;4004;1;1400100;14;1;57.17
2014;98665;5077;2;10028;4004;1;1400100;14;1;57.17
2014;98665;5077;2;10028;4004;1;1400100;14;1;57.17
2014;98665;5077;2;10028;4004;1;1400100;14;1;57.17
2014;98665;5077;2;10028;4004;1;1400100;14;1;57.17
2014;98665;5077;2;10028;4004;1;1400100;14;1;57.17
2014;98764;2244;5;10022;4004;1;2704302;27;2;59.3111111111111
2014;98764;2244;5;10022;4004;1;2704302;27;2;59.3111111111111
2014;98764;2244;5;10022;4004;1;2704302;27;2;59.3111111111111
2014;98764;2244;5;10022;4004;1;2704302;27;2;59.3111111111111
2014;98764;2244;5;10022;4004;1;2704302;27;2;59.3111111111111
2014;98764;2244;5;10022;4004;1;2704302;27;2;59.3111111111111
2014;98764;2244;5;10022;4004;1;2704302;27;2;59.3111111111111
2014;98764;2244;5;10022;4004;1;2704302;27;2;59.3111111111111
2014;98764;2244;5;10022;4004;1;2704302;27;2;59.3111111111111
2014;98957;668;4;10020;4004;1;1302603;13;1;53.58775510204082
2014;98957;668;4;10020;4004;1;1302603;13;1;53.58775510204082
2014;98957;668;4;10020;4004;1;1302603;13;1;53.58775510204082
2014;98957;668;4;10020;4004;1;1302603;13;1;53.58775510204082
2014;98957;668;4;10020;4004;1;1302603;13;1;53.58775510204082
2014;98957;668;4;10020;4004;1;1302603;13;1;53.58775510204082
2014;98957;668;4;10020;4004;1;1302603;13;1;53.58775510204082
2014;98957;668;4;10020;4004;1;1302603;13;1;53.58775510204082
2014;98957;668;4;10020;4004;1;1302603;13;1;53.58775510204082
2014;98957;668;4;10020;4004;1;1302603;13;1;53.58775510204082
2014;98957;668;4;10020;4004;1;1302603;13;1;53.58775510204082
2014;98957;668;4;10020;4004;1;1302603;13;1;53.58775510204082
2014;98957;668;4;10020;4004;1;1302603;13;1;53.58775510204082
2014;98957;668;4;10020;4004;1;1302603;13;1;53.58775510204082
2014;98957;668;4;10020;4004;1;1302603;13;1;53.58775510204082
2014;98957;668;4;10020;4004;1;1302603;13;1;53.58775510204082
2014;98957;668;4;10020;4004;1;1302603;13;1;53.58775510204082
2014;98957;668;4;10020;4004;1;1302603;13;1;53.58775510204082
2014;98957;668;4;10020;4004;1;1302603;13;1;53.58775510204082
2014;98957;668;4;10020;4004;1;1302603;13;1;53.58775510204082
2014;98957;668;4;10020;4004;1;1302603;13;1;53.58775510204082
2014;98957;668;4;10020;4004;1;1302603;13;1;53.58775510204082
2014;98957;668;4;10020;4004;1;1302603;13;1;53.58775510204082
2014;98957;668;4;10020;4004;1;1302603;13;1;53.58775510204082
2014;98957;668;4;10020;4004;1;1302603;13;1;53.58775510204082
2014;98957;668;4;10020;4004;1;1302603;13;1;53.58775510204082
2014;98957;668;4;10020;4004;1;1302603;13;1;53.58775510204082
2014;98957;668;4;10020;4004;1;1302603;13;1;53.58775510204082
2014;98957;668;4;10020;4004;1;1302603;13;1;53.58775510204082
2014;98957;668;4;10020;4004;1;1302603;13;1;53.58775510204082
2014;98957;668;4;10020;4004;1;1302603;13;1;53.58775510204082
2014;98957;668;4;10020;4004;1;1302603;13;1;53.58775510204082
2014;98957;668;4;10020;4004;1;1302603;13;1;53.58775510204082
2014;98957;668;4;10020;4004;1;1302603;13;1;53.58775510204082
2014;98957;668;4;10020;4004;1;1302603;13;1;53.58775510204082
2014;98957;668;4;10020;4004;1;1302603;13;1;53.58775510204082
2014;98957;668;4;10020;4004;1;1302603;13;1;53.58775510204082
2014;98957;668;4;10020;4004;1;1302603;13;1;53.58775510204082
2014;98957;668;4;10020;4004;1;1302603;13;1;53.58775510204082
2014;98957;668;4;10020;4004;1;1302603;13;1;53.58775510204082
2014;98957;668;4;10020;4004;1;1302603;13;1;53.58775510204082
2014;98957;668;4;10020;4004;1;1302603;13;1;53.58775510204082
2014;98957;668;4;10020;4004;1;1302603;13;1;53.58775510204082
2014;98957;668;4;10020;4004;1;1302603;13;1;53.58775510204082
2014;98957;668;4;10020;4004;1;1302603;13;1;53.58775510204082
2014;98957;668;4;10020;4004;1;1302603;13;1;53.58775510204082
2014;98957;668;4;10020;4004;1;1302603;13;1;53.58775510204082
2014;98957;668;4;10020;4004;1;1302603;13;1;53.58775510204082
2014;98957;668;4;10020;4004;1;1302603;13;1;53.58775510204082
2014;98957;668;4;10020;4004;1;1302603;13;1;53.58775510204082
2014;98957;668;4;10020;4004;1;1302603;13;1;53.58775510204082
2014;98957;668;4;10020;4004;1;1302603;13;1;53.58775510204082
2014;99202;2242;5;10022;4004;1;2611606;26;2;