CO_CURSO,NT_GER,QE_I63_1,QE_I63_2,QE_I63_3,QE_I63_4,QE_I63_5,QE_I63_6,QE_I63_7,QE_I63_8,QE_I15_A,QE_I15_B,QE_I15_C,QE_I15_D,QE_I15_E,QE_I15_F
10059,34.166666666666664,0.0,0.021739130434782608,0.08695652173913043,0.13043478260869565,0.32608695652173914,0.41304347826086957,0.021739130434782608,0.0,0.6739130434782609,0.0,0.043478260869565216,0.2391304347826087,0.043478260869565216,0.0
100684,30.02857142857143,0.0,0.0,0.0,0.125,0.0,0.5,0.0,0.375,1.0,0.0,0.0,0.0,0.0,0.0
100816,44.01904761904762,0.0,0.045454545454545456,0.09090909090909091,0.13636363636363635,0.36363636363636365,0.36363636363636365,0.0,0.0,0.5909090909090909,0.0,0.13636363636363635,0.18181818181818182,0.09090909090909091,0.0
101318,44.56,0.0,0.0,0.0,0.0,0.09090909090909091,0.9090909090909091,0.0,0.0,0.8181818181818182,0.09090909090909091,0.0,0.09090909090909091,0.0,0.0
101558,42.04090909090909,0.0,0.0,0.038461538461538464,0.11538461538461539,0.2692307692307692,0.5769230769230769,0.0,0.0,0.6153846153846154,0.07692307692307693,0.038461538461538464,0.07692307692307693,0.19230769230769232,0.0
10159,26.613333333333333,0.0,0.0,0.1111111111111111,0.1111111111111111,0.16666666666666666,0.6111111111111112,0.0,0.0,0.6111111111111112,0.0,0.2777777777777778,0.05555555555555555,0.05555555555555555,0.0
101700,34.17777777777778,0.0,0.0,0.0,0.05263157894736842,0.21052631578947367,0.7368421052631579,0.0,0.0,0.7894736842105263,0.0,0.05263157894736842,0.15789473684210525,0.0,0.0
101710,35.80769230769231,0.14285714285714285,0.07142857142857142,0.0,0.14285714285714285,0.5,0.14285714285714285,0.0,0.0,0.7142857142857143,0.0,0.14285714285714285,0.07142857142857142,0.07142857142857142,0.0
101712,39.25833333333333,0.0,0.037037037037037035,0.0,0.18518518518518517,0.2962962962962963,0.48148148148148145,0.0,0.0,0.7037037037037037,0.0,0.037037037037037035,0.25925925925925924,0.0,0.0
101830,37.089999999999996,0.0,0.0,0.0,0.14285714285714285,0.38095238095238093,0.42857142857142855,0.047619047619047616,0.0,0.38095238095238093,0.09523809523809523,0.09523809523809523,0.23809523809523808,0.19047619047619047,0.0
101942,35.676811594202896,0.013513513513513514,0.04054054054054054,0.16216216216216217,0.20270270270270271,0.2972972972972973,0.24324324324324326,0.04054054054054054,0.0,0.43243243243243246,0.013513513513513514,0.0945945945945946,0.20270270270270271,0.22972972972972974,0.02702702702702703
101984,44.44285714285714,0.0,0.0625,0.25,0.125,0.125,0.4375,0.0,0.0,0.5,0.1875,0.0625,0.0,0.1875,0.0625
102186,23.692857142857143,0.3333333333333333,0.0,0.13333333333333333,0.13333333333333333,0.06666666666666667,0.3333333333333333,0.0,0.0,0.9333333333333333,0.0,0.06666666666666667,0.0,0.0,0.0
102590,41.91818181818182,0.0,0.10526315789473684,0.10526315789473684,0.3157894736842105,0.21052631578947367,0.2631578947368421,0.0,0.0,0.47368421052631576,0.0,0.21052631578947367,0.21052631578947367,0.10526315789473684,0.0
103062,42.34,0.2564102564102564,0.23076923076923078,0.1794871794871795,0.15384615384615385,0.1282051282051282,0.05128205128205128,0.0,0.0,0.6410256410256411,0.15384615384615385,0.02564102564102564,0.05128205128205128,0.1282051282051282,0.0
1032473,38.06,0.0,0.0,0.0,0.16666666666666666,0.16666666666666666,0.6666666666666666,0.0,0.0,0.8333333333333334,0.0,0.16666666666666666,0.0,0.0,0.0
103441,38.31333333333334,0.0,0.0625,0.0625,0.0,0.3125,0.5625,0.0,0.0,0.4375,0.0625,0.0625,0.375,0.0625,0.0
103806,32.6,0.0,0.5,0.0,0.0,0.0,0.5,0.0,0.0,0.5,0.0,0.0,0.0,0.5,0.0
104360,32.11176470588235,0.058823529411764705,0.0,0.0,0.058823529411764705,0.29411764705882354,0.5882352941176471,0.0,0.0,0.8235294117647058,0.058823529411764705,0.0,0.058823529411764705,0.058823529411764705,0.0
104498,25.688888888888886,0.09090909090909091,0.09090909090909091,0.09090909090909091,0.09090909090909091,0.09090909090909091,0.5454545454545454,0.0,0.0,0.9090909090909091,0.09090909090909091,0.0,0.0,0.0,0.0
1047907,34.689473684210526,0.08333333333333333,0.16666666666666666,0.20833333333333334,0.16666666666666666,0.2916666666666667,0.08333333333333333,0.0,0.0,0.875,0.0,0.041666666666666664,0.0,0.08333333333333333,0.0
104836,28.308333333333334,0.0,0.0,0.0,0.16666666666666666,0.25,0.5,0.08333333333333333,0.0,0.6666666666666666,0.0,0.16666666666666666,0.08333333333333333,0.0,0.08333333333333333
1050053,37.92,0.15,0.0,0.1,0.2,0.35,0.15,0.0,0.05,0.85,0.0,0.05,0.1,0.0,0.0
10515,37.06666666666667,0.0,0.0,0.0,0.07692307692307693,0.07692307692307693,0.8461538461538461,0.0,0.0,0.8461538461538461,0.0,0.0,0.07692307692307693,0.07692307692307693,0.0
105678,36.9,0.0,0.0,0.0625,0.0625,0.0625,0.8125,0.0,0.0,0.875,0.0,0.0625,0.0,0.0625,0.0
105728,39.33555555555555,0.0,0.0,0.010416666666666666,0.041666666666666664,0.14583333333333334,0.7916666666666666,0.010416666666666666,0.0,0.6979166666666666,0.0,0.09375,0.15625,0.041666666666666664,0.010416666666666666
1057622,41.88,0.0,0.0,0.0,0.0,0.0,1.0,0.0,0.0,0.4,0.0,0.0,0.4,0.2,0.0
105953,26.2,0.0,0.0,0.0,0.0,0.3333333333333333,0.6666666666666666,0.0,0.0,1.0,0.0,0.0,0.0,0.0,0.0
1060033,44.279999999999994,0.0,0.0,0.2,0.2,0.0,0.6,0.0,0.0,1.0,0.0,0.0,0.0,0.0,0.0
106134,48.325,0.0,0.2,0.2,0.2,0.4,0.0,0.0,0.0,1.0,0.0,0.0,0.0,0.0,0.0
106167,36.913953488372094,0.0,0.0,0.06521739130434782,0.08695652173913043,0.17391304347826086,0.6739130434782609,0.0,0.0,0.43478260869565216,0.0,0.13043478260869565,0.1956521739130435,0.2391304347826087,0.0
106824,28.15,0.0,0.0,0.0,0.1,0.1,0.8,0.0,0.0,0.9,0.0,0.0,0.1,0.0,0.0
106996,27.101052631578945,0.0,0.00980392156862745,0.029411764705882353,0.08823529411764706,0.18627450980392157,0.6862745098039216,0.0,0.0,0.6666666666666666,0.00980392156862745,0.09803921568627451,0.11764705882352941,0.06862745098039216,0.0392156862745098
1070485,31.058823529411764,0.0,0.0,0.0,0.15789473684210525,0.42105263157894735,0.42105263157894735,0.0,0.0,0.6842105263157895,0.0,0.10526315789473684,0.10526315789473684,0.10526315789473684,0.0
107360,38.31304347826087,0.038461538461538464,0.057692307692307696,0.07692307692307693,0.15384615384615385,0.21153846153846154,0.46153846153846156,0.0,0.0,0.5384615384615384,0.07692307692307693,0.09615384615384616,0.15384615384615385,0.1346153846153846,0.0
107422,32.305,0.0,0.045454545454545456,0.0,0.09090909090909091,0.36363636363636365,0.5,0.0,0.0,0.6363636363636364,0.0,0.09090909090909091,0.18181818181818182,0.045454545454545456,0.045454545454545456
107920,24.76842105263158,0.045454545454545456,0.0,0.09090909090909091,0.22727272727272727,0.3181818181818182,0.2727272727272727,0.045454545454545456,0.0,0.8181818181818182,0.0,0.045454545454545456,0.13636363636363635,0.0,0.0
10814,36.50909090909091,0.0,0.0,0.022222222222222223,0.08888888888888889,0.24444444444444444,0.6444444444444445,0.0,0.0,0.7111111111111111,0.0,0.2222222222222222,0.022222222222222223,0.044444444444444446,0.0
108660,29.325,0.12195121951219512,0.10975609756097561,0.1951219512195122,0.18292682926829268,0.18292682926829268,0.14634146341463414,0.036585365853658534,0.024390243902439025,0.6829268292682927,0.0975609756097561,0.06097560975609756,0.0975609756097561,0.04878048780487805,0.012195121951219513
109276,24.799999999999997,0.0,0.25,0.0,0.25,0.25,0.25,0.0,0.0,0.0,0.0,0.5,0.25,0.25,0.0
109476,35.171052631578945,0.025,0.0,0.025,0.15,0.15,0.625,0.025,0.0,0.7,0.0,0.05,0.15,0.05,0.05
1098645,42.0,0.3333333333333333,0.0,0.0,0.3333333333333333,0.3333333333333333,0.0,0.0,0.0,0.3333333333333333,0.0,0.3333333333333333,0.0,0.0,0.3333333333333333
1101244,40.29772727272727,0.0,0.019230769230769232,0.11538461538461539,0.17307692307692307,0.3269230769230769,0.34615384615384615,0.019230769230769232,0.0,0.8461538461538461,0.038461538461538464,0.0,0.07692307692307693,0.019230769230769232,0.019230769230769232
1102342,50.81808510638297,0.0,0.009900990099009901,0.019801980198019802,0.039603960396039604,0.21782178217821782,0.6732673267326733,0.039603960396039604,0.0,0.4752475247524752,0.0297029702970297,0.0297029702970297,0.26732673267326734,0.1782178217821782,0.019801980198019802
1102628,44.18490566037736,0.017241379310344827,0.05172413793103448,0.06896551724137931,0.13793103448275862,0.29310344827586204,0.41379310344827586,0.017241379310344827,0.0,0.6551724137931034,0.034482758620689655,0.034482758620689655,0.10344827586206896,0.1724137931034483,0.0
1102636,43.334666666666664,0.012658227848101266,0.11392405063291139,0.1518987341772152,0.189873417721519,0.26582278481012656,0.25316455696202533,0.012658227848101266,0.0,0.5822784810126582,0.0379746835443038,0.02531645569620253,0.21518987341772153,0.13924050632911392,0.0
1102674,46.371428571428574,0.1388888888888889,0.1111111111111111,0.1111111111111111,0.1388888888888889,0.2222222222222222,0.25,0.027777777777777776,0.0,0.4166666666666667,0.05555555555555555,0.027777777777777776,0.3611111111111111,0.1388888888888889,0.0
1102774,43.77222222222222,0.0,0.0,0.047619047619047616,0.047619047619047616,0.38095238095238093,0.5238095238095238,0.0,0.0,0.5714285714285714,0.047619047619047616,0.0,0.38095238095238093,0.0,0.0
1102783,28.722727272727273,0.038461538461538464,0.0,0.038461538461538464,0.07692307692307693,0.38461538461538464,0.46153846153846156,0.0,0.0,0.46153846153846156,0.038461538461538464,0.07692307692307693,0.11538461538461539,0.23076923076923078,0.07692307692307693
1102793,39.62,0.0,0.0,0.0,0.0,0.3333333333333333,0.6666666666666666,0.0,0.0,0.8333333333333334,0.08333333333333333,0.0,0.08333333333333333,0.0,0.0
1102800,40.721538461538465,0.0,0.0,0.05128205128205128,0.08974358974358974,0.3333333333333333,0.46153846153846156,0.02564102564102564,0.038461538461538464,0.6282051282051282,0.01282051282051282,0.05128205128205128,0.19230769230769232,0.11538461538461539,0.0
1103034,41.018181818181816,0.0,0.0,0.0,0.0,0.36363636363636365,0.6363636363636364,0.0,0.0,0.8181818181818182,0.0,0.0,0.18181818181818182,0.0,0.0
1103723,35.309090909090905,0.0,0.0,0.0,0.043478260869565216,0.043478260869565216,0.9130434782608695,0.0,0.0,0.34782608695652173,0.0,0.0,0.6086956521739131,0.043478260869565216,0.0
110428,36.81,0.0,0.0,0.0,0.06666666666666667,0.3333333333333333,0.6,0.0,0.0,0.4666666666666667,0.0,0.06666666666666667,0.26666666666666666,0.0,0.2
110528,50.4125,0.022222222222222223,0.0,0.08888888888888889,0.08888888888888889,0.28888888888888886,0.5111111111111111,0.0,0.0,0.5777777777777777,0.022222222222222223,0.044444444444444446,0.24444444444444444,0.1111111111111111,0.0
1105434,39.33,0.0,0.0,0.08333333333333333,0.25,0.16666666666666666,0.4166666666666667,0.08333333333333333,0.0,1.0,0.0,0.0,0.0,0.0,0.0
1106427,30.099999999999998,0.0,0.0,0.0,0.16666666666666666,0.08333333333333333,0.75,0.0,0.0,0.9166666666666666,0.0,0.08333333333333333,0.0,0.0,0.0
1108692,40.093333333333334,0.1111111111111111,0.0,0.05555555555555555,0.1111111111111111,0.2222222222222222,0.5,0.0,0.0,1.0,0.0,0.0,0.0,0.0,0.0
110926,35.44444444444444,0.0,0.0,0.0,0.08333333333333333,0.4166666666666667,0.5,0.0,0.0,1.0,0.0,0.0,0.0,0.0,0.0
110974,41.983333333333334,0.0,0.0,0.0,0.0,0.4,0.6,0.0,0.0,0.8,0.0,0.1,0.05,0.05,0.0
110976,33.15909090909091,0.0,0.0,0.0,0.09090909090909091,0.2727272727272727,0.6363636363636364,0.0,0.0,0.8181818181818182,0.0,0.13636363636363635,0.045454545454545456,0.0,0.0
1110,42.41794871794872,0.0,0.024390243902439025,0.0,0.0975609756097561,0.21951219512195122,0.6341463414634146,0.0,0.024390243902439025,0.926829268292683,0.0,0.0,0.04878048780487805,0.024390243902439025,0.0
111278,36.3,0.0,0.0,0.06666666666666667,0.0,0.13333333333333333,0.8,0.0,0.0,0.4666666666666667,0.0,0.2,0.13333333333333333,0.0,0.2
1113852,32.464,0.0,0.0,0.038461538461538464,0.4230769230769231,0.19230769230769232,0.34615384615384615,0.0,0.0,0.7307692307692307,0.11538461538461539,0.038461538461538464,0.07692307692307693,0.038461538461538464,0.0
1113854,29.642105263157898,0.0,0.0,0.038461538461538464,0.07692307692307693,0.3076923076923077,0.5384615384615384,0.038461538461538464,0.0,0.6923076923076923,0.038461538461538464,0.07692307692307693,0.11538461538461539,0.07692307692307693,0.0
1113886,49.3875,0.0,0.0,0.0,0.125,0.0,0.875,0.0,0.0,0.75,0.0,0.125,0.125,0.0,0.0
111476,40.71041666666667,0.02,0.02,0.08,0.08,0.26,0.52,0.02,0.0,0.68,0.0,0.14,0.06,0.12,0.0
1116093,32.22295081967213,0.0,0.014285714285714285,0.04285714285714286,0.12857142857142856,0.37142857142857144,0.4,0.02857142857142857,0.014285714285714285,0.7714285714285715,0.014285714285714285,0.1,0.04285714285714286,0.04285714285714286,0.02857142857142857
1116224,29.823529411764707,0.05555555555555555,0.05555555555555555,0.1111111111111111,0.1111111111111111,0.2777777777777778,0.3888888888888889,0.0,0.0,0.7777777777777778,0.0,0.05555555555555555,0.0,0.05555555555555555,0.1111111111111111
1116226,32.77777777777778,0.0,0.09090909090909091,0.09090909090909091,0.2727272727272727,0.2727272727272727,0.2727272727272727,0.0,0.0,0.9090909090909091,0.0,0.09090909090909091,0.0,0.0,0.0
1117717,32.69,0.0,0.0,0.09090909090909091,0.0,0.5454545454545454,0.36363636363636365,0.0,0.0,0.5454545454545454,0.09090909090909091,0.09090909090909091,0.18181818181818182,0.09090909090909091,0.0
1117890,38.86060606060607,0.0,0.05714285714285714,0.05714285714285714,0.11428571428571428,0.2857142857142857,0.45714285714285713,0.02857142857142857,0.0,0.6857142857142857,0.02857142857142857,0.02857142857142857,0.11428571428571428,0.11428571428571428,0.02857142857142857
1118057,43.15,0.0,0.0,0.03571428571428571,0.2857142857142857,0.35714285714285715,0.32142857142857145,0.0,0.0,0.6071428571428571,0.10714285714285714,0.07142857142857142,0.14285714285714285,0.07142857142857142,0.0
1118298,41.36486486486486,0.0196078431372549,0.0392156862745098,0.058823529411764705,0.058823529411764705,0.058823529411764705,0.2549019607843137,0.09803921568627451,0.4117647058823529,0.9411764705882353,0.0,0.0196078431372549,0.0,0.0392156862745098,0.0
1119382,34.98810572687225,0.02148997134670487,0.011461318051575931,0.05157593123209169,0.10458452722063037,0.17765042979942694,0.2335243553008596,0.06876790830945559,0.330945558739255,0.9054441260744985,0.012893982808022923,0.0329512893982808,0.03151862464183381,0.01002865329512894,0.0071633237822349575
111980,25.976190476190474,0.033707865168539325,0.0,0.06741573033707865,0.11235955056179775,0.34831460674157305,0.38202247191011235,0.0449438202247191,0.011235955056179775,0.7415730337078652,0.033707865168539325,0.06741573033707865,0.0898876404494382,0.06741573033707865,0.0
112086,34.257894736842104,0.0,0.0,0.0,0.3,0.25,0.45,0.0,0.0,0.75,0.05,0.1,0.05,0.0,0.05
1122221,49.23157894736842,0.010752688172043012,0.03225806451612903,0.0967741935483871,0.13978494623655913,0.24731182795698925,0.46236559139784944,0.010752688172043012,0.0,0.6344086021505376,0.021505376344086023,0.06451612903225806,0.17204301075268819,0.10752688172043011,0.0
11238,34.464999999999996,0.0,0.047619047619047616,0.07142857142857142,0.11904761904761904,0.23809523809523808,0.5238095238095238,0.0,0.0,0.8809523809523809,0.0,0.07142857142857142,0.0,0.023809523809523808,0.023809523809523808
112680,50.46666666666666,0.05555555555555555,0.05555555555555555,0.07407407407407407,0.2962962962962963,0.2037037037037037,0.2962962962962963,0.018518518518518517,0.0,0.6666666666666666,0.018518518518518517,0.018518518518518517,0.16666666666666666,0.12962962962962962,0.0
1126898,41.132558139534886,0.0,0.0,0.045454545454545456,0.18181818181818182,0.25,0.5227272727272727,0.0,0.0,0.5909090909090909,0.09090909090909091,0.045454545454545456,0.1590909090909091,0.11363636363636363,0.0
1127925,41.83428571428571,0.0,0.0,0.02857142857142857,0.0,0.14285714285714285,0.8285714285714286,0.0,0.0,0.6285714285714286,0.02857142857142857,0.08571428571428572,0.14285714285714285,0.11428571428571428,0.0
1128077,35.51315789473684,0.023809523809523808,0.16666666666666666,0.16666666666666666,0.21428571428571427,0.21428571428571427,0.19047619047619047,0.023809523809523808,0.0,0.5238095238095238,0.0,0.07142857142857142,0.2619047619047619,0.14285714285714285,0.0
1128364,45.94666666666667,0.0,0.02702702702702703,0.13513513513513514,0.05405405405405406,0.2702702702702703,0.4864864864864865,0.0,0.02702702702702703,0.5945945945945946,0.05405405405405406,0.05405405405405406,0.13513513513513514,0.13513513513513514,0.02702702702702703
112846,38.94210526315789,0.045454545454545456,0.045454545454545456,0.09090909090909091,0.2727272727272727,0.18181818181818182,0.36363636363636365,0.0,0.0,0.5909090909090909,0.22727272727272727,0.0,0.18181818181818182,0.0,0.0
112893,34.785714285714285,0.022727272727272728,0.022727272727272728,0.0,0.06818181818181818,0.36363636363636365,0.4772727272727273,0.0,0.045454545454545456,0.6590909090909091,0.045454545454545456,0.045454545454545456,0.18181818181818182,0.06818181818181818,0.0
113124,43.225,0.0,0.0,0.0,0.08333333333333333,0.3333333333333333,0.5833333333333334,0.0,0.0,1.0,0.0,0.0,0.0,0.0,0.0
1132918,46.145833333333336,0.038461538461538464,0.038461538461538464,0.15384615384615385,0.3076923076923077,0.11538461538461539,0.3076923076923077,0.0,0.038461538461538464,0.5384615384615384,0.19230769230769232,0.038461538461538464,0.11538461538461539,0.11538461538461539,0.0
113293,37.105000000000004,0.08695652173913043,0.08695652173913043,0.10869565217391304,0.17391304347826086,0.2608695652173913,0.2391304347826087,0.021739130434782608,0.021739130434782608,0.6739130434782609,0.06521739130434782,0.021739130434782608,0.2391304347826087,0.0,0.0
1134235,27.991666666666664,0.04,0.0,0.08,0.12,0.36,0.32,0.04,0.04,0.96,0.0,0.0,0.04,0.0,0.0
1134546,34.980000000000004,0.0,0.2,0.2,0.0,0.2,0.4,0.0,0.0,0.2,0.2,0.2,0.0,0.2,0.2
113455,32.10952380952381,0.0,0.038461538461538464,0.19230769230769232,0.15384615384615385,0.2692307692307692,0.3076923076923077,0.0,0.038461538461538464,0.8076923076923077,0.0,0.038461538461538464,0.11538461538461539,0.0,0.038461538461538464
1136142,44.54818181818182,0.023809523809523808,0.0,0.03968253968253968,0.05555555555555555,0.18253968253968253,0.6904761904761905,0.007936507936507936,0.0,0.6031746031746031,0.0,0.07936507936507936,0.11904761904761904,0.19047619047619047,0.007936507936507936
113687,32.223076923076924,0.5714285714285714,0.0,0.0,0.07142857142857142,0.07142857142857142,0.07142857142857142,0.0,0.21428571428571427,0.7142857142857143,0.07142857142857142,0.0,0.14285714285714285,0.07142857142857142,0.0
1137717,42.62380952380953,0.0,0.0,0.0,0.08695652173913043,0.21739130434782608,0.6956521739130435,0.0,0.0,0.6521739130434783,0.0,0.043478260869565216,0.17391304347826086,0.13043478260869565,0.0
113813,44.15,0.15384615384615385,0.07692307692307693,0.0,0.46153846153846156,0.15384615384615385,0.15384615384615385,0.0,0.0,0.8461538461538461,0.0,0.07692307692307693,0.0,0.0,0.07692307692307693
113937,38.733333333333334,0.0,0.1,0.1,0.0,0.5,0.2,0.1,0.0,0.8,0.0,0.1,0.1,0.0,0.0
1139692,42.96666666666667,0.058823529411764705,0.058823529411764705,0.11764705882352941,0.11764705882352941,0.35294117647058826,0.29411764705882354,0.0,0.0,0.7058823529411765,0.0,0.0,0.29411764705882354,0.0,0.0
114286,43.55094339622641,0.0,0.0,0.03571428571428571,0.017857142857142856,0.125,0.8035714285714286,0.0,0.017857142857142856,0.875,0.0,0.03571428571428571,0.05357142857142857,0.03571428571428571,0.0
11452,44.507999999999996,0.0,0.0,0.04,0.10666666666666667,0.26666666666666666,0.56,0.013333333333333334,0.013333333333333334,0.5333333333333333,0.08,0.04,0.06666666666666667,0.26666666666666666,0.013333333333333334
114616,34.25,0.07142857142857142,0.03571428571428571,0.10714285714285714,0.07142857142857142,0.21428571428571427,0.5,0.0,0.0,0.6785714285714286,0.0,0.10714285714285714,0.07142857142857142,0.14285714285714285,0.0
1148708,35.005,0.0,0.0,0.0,0.0,0.0,1.0,0.0,0.0,0.7391304347826086,0.0,0.13043478260869565,0.043478260869565216,0.043478260869565216,0.043478260869565216
114918,29.29,0.1,0.0,0.0,0.0,0.2,0.7,0.0,0.0,0.8,0.0,0.1,0.0,0.1,0.0
1152636,39.06,0.0,0.0,0.022222222222222223,0.044444444444444446,0.17777777777777778,0.7555555555555555,0.0,0.0,0.6222222222222222,0.022222222222222223,0.044444444444444446,0.2222222222222222,0.06666666666666667,0.022222222222222223
115374,39.43571428571429,0.0,0.0,0.05263157894736842,0.21052631578947367,0.05263157894736842,0.6842105263157895,0.0,0.0,0.7894736842105263,0.0,0.05263157894736842,0.0,0.10526315789473684,0.05263157894736842
11554,47.64,0.0,0.0,0.125,0.2916666666666667,0.125,0.4166666666666667,0.041666666666666664,0.0,0.4583333333333333,0.125,0.041666666666666664,0.20833333333333334,0.125,0.041666666666666664
115582,46.63552631578948,0.07407407407407407,0.06172839506172839,0.06172839506172839,0.16049382716049382,0.2839506172839506,0.345679012345679,0.012345679012345678,0.0,0.6419753086419753,0.024691358024691357,0.04938271604938271,0.14814814814814814,0.13580246913580246,0.0
1155950,27.620754716981132,0.0,0.07142857142857142,0.10714285714285714,0.17857142857142858,0.375,0.25,0.017857142857142856,0.0,0.9107142857142857,0.0,0.0,0.0,0.03571428571428571,0.05357142857142857
115728,42.147761194029854,0.03896103896103896,0.06493506493506493,0.16883116883116883,0.19480519480519481,0.2857142857142857,0.24675324675324675,0.0,0.0,0.6363636363636364,0.03896103896103896,0.05194805194805195,0.15584415584415584,0.11688311688311688,0.0
1159854,42.12608695652174,0.043478260869565216,0.043478260869565216,0.043478260869565216,0.30434782608695654,0.30434782608695654,0.2608695652173913,0.0,0.0,0.4782608695652174,0.13043478260869565,0.08695652173913043,0.043478260869565216,0.2608695652173913,0.0
1160123,34.844,0.0,0.0,0.07142857142857142,0.03571428571428571,0.14285714285714285,0.6785714285714286,0.07142857142857142,0.0,0.75,0.03571428571428571,0.03571428571428571,0.14285714285714285,0.0,0.03571428571428571
116066,39.345454545454544,0.0,0.0,0.0,0.0,0.07692307692307693,0.9230769230769231,0.0,0.0,0.7692307692307693,0.0,0.07692307692307693,0.07692307692307693,0.07692307692307693,0.0
1161428,33.255,0.047619047619047616,0.047619047619047616,0.09523809523809523,0.23809523809523808,0.3333333333333333,0.23809523809523808,0.0,0.0,0.7619047619047619,0.0,0.047619047619047616,0.047619047619047616,0.09523809523809523,0.047619047619047616
1161716,31.7625,0.0,0.0,0.0,0.09090909090909091,0.0,0.9090909090909091,0.0,0.0,0.8181818181818182,0.0,0.09090909090909091,0.09090909090909091,0.0,0.0
1161839,48.43,0.03225806451612903,0.03225806451612903,0.0,0.16129032258064516,0.22580645161290322,0.5483870967741935,0.0,0.0,0.45161290322580644,0.06451612903225806,0.06451612903225806,0.22580645161290322,0.1935483870967742,0.0
116432,28.5,0.0,0.0,0.25,0.25,0.5,0.0,0.0,0.0,1.0,0.0,0.0,0.0,0.0,0.0
1164656,41.673770491803275,0.014925373134328358,0.0,0.0,0.04477611940298507,0.23880597014925373,0.6865671641791045,0.014925373134328358,0.0,0.6119402985074627,0.029850746268656716,0.014925373134328358,0.1791044776119403,0.16417910447761194,0.0
1165300,35.621875,0.0,0.06060606060606061,0.030303030303030304,0.12121212121212122,0.2727272727272727,0.48484848484848486,0.030303030303030304,0.0,1.0,0.0,0.0,0.0,0.0,0.0
1166783,36.87,0.0,0.0,0.0,0.2727272727272727,0.18181818181818182,0.5454545454545454,0.0,0.0,0.36363636363636365,0.2727272727272727,0.09090909090909091,0.18181818181818182,0.09090909090909091,0.0
1167288,32.86,0.16666666666666666,0.0,0.0,0.0,0.5,0.3333333333333333,0.0,0.0,1.0,0.0,0.0,0.0,0.0,0.0
116770,40.656410256410254,0.04081632653061224,0.10204081632653061,0.16326530612244897,0.08163265306122448,0.30612244897959184,0.30612244897959184,0.0,0.0,0.4489795918367347,0.04081632653061224,0.10204081632653061,0.24489795918367346,0.10204081632653061,0.061224489795918366
1167817,39.403703703703705,0.0,0.0,0.0,0.030303030303030304,0.21212121212121213,0.7575757575757576,0.0,0.0,0.6060606060606061,0.06060606060606061,0.06060606060606061,0.12121212121212122,0.15151515151515152,0.0
1167859,31.666666666666668,0.0,0.08333333333333333,0.08333333333333333,0.08333333333333333,0.16666666666666666,0.5833333333333334,0.0,0.0,0.8333333333333334,0.0,0.0,0.08333333333333333,0.08333333333333333,0.0
116868,39.74166666666667,0.0,0.0,0.14285714285714285,0.14285714285714285,0.10714285714285714,0.6071428571428571,0.0,0.0,0.6428571428571429,0.03571428571428571,0.10714285714285714,0.10714285714285714,0.10714285714285714,0.0
116870,41.36842105263158,0.0,0.0,0.1,0.1,0.45,0.3,0.0,0.05,0.65,0.0,0.05,0.1,0.2,0.0
1169186,39.78333333333333,0.0,0.0,0.0,0.0,0.0,1.0,0.0,0.0,1.0,0.0,0.0,0.0,0.0,0.0
117022,40.705263157894734,0.0,0.0,0.0,0.047619047619047616,0.3333333333333333,0.6190476190476191,0.0,0.0,0.7142857142857143,0.14285714285714285,0.047619047619047616,0.047619047619047616,0.047619047619047616,0.0
11730,38.30277777777778,0.05263157894736842,0.02631578947368421,0.07894736842105263,0.23684210526315788,0.21052631578947367,0.39473684210526316,0.0,0.0,1.0,0.0,0.0,0.0,0.0,0.0
117500,23.450000000000003,0.0,0.0,0.0,0.0,0.0,1.0,0.0,0.0,1.0,0.0,0.0,0.0,0.0,0.0
117504,17.86,0.2,0.0,0.0,0.0,0.0,0.6,0.2,0.0,1.0,0.0,0.0,0.0,0.0,0.0
117532,42.705882352941174,0.0,0.0,0.0,0.10344827586206896,0.0,0.896551724137931,0.0,0.0,0.9655172413793104,0.0,0.0,0.034482758620689655,0.0,0.0
1178662,40.9,0.022727272727272728,0.022727272727272728,0.0,0.18181818181818182,0.5,0.25,0.022727272727272728,0.0,0.5909090909090909,0.022727272727272728,0.022727272727272728,0.22727272727272727,0.11363636363636363,0.022727272727272728
118002,42.4,0.037037037037037035,0.037037037037037035,0.1111111111111111,0.07407407407407407,0.3333333333333333,0.4074074074074074,0.0,0.0,0.4444444444444444,0.1111111111111111,0.037037037037037035,0.2222222222222222,0.14814814814814814,0.037037037037037035
1181115,30.819565217391304,0.018867924528301886,0.018867924528301886,0.05660377358490566,0.20754716981132076,0.3584905660377358,0.33962264150943394,0.0,0.0,0.6415094339622641,0.018867924528301886,0.09433962264150944,0.1509433962264151,0.05660377358490566,0.03773584905660377
1181327,42.150000000000006,0.0,0.0,0.05,0.25,0.25,0.45,0.0,0.0,0.7,0.05,0.05,0.1,0.05,0.05
118336,39.11153846153846,0.0,0.0,0.0,0.06666666666666667,0.26666666666666666,0.6666666666666666,0.0,0.0,0.6333333333333333,0.1,0.03333333333333333,0.06666666666666667,0.16666666666666666,0.0
118420,45.91269841269841,0.014705882352941176,0.0,0.08823529411764706,0.11764705882352941,0.39705882352941174,0.36764705882352944,0.014705882352941176,0.0,0.6764705882352942,0.014705882352941176,0.0,0.10294117647058823,0.19117647058823528,0.014705882352941176
118468,44.695,0.05,0.05,0.1,0.15,0.3,0.35,0.0,0.0,0.45,0.05,0.1,0.2,0.15,0.05
1184949,42.425,0.0,0.0,0.0,0.0,0.5,0.5,0.0,0.0,1.0,0.0,0.0,0.0,0.0,0.0
1185556,34.39555555555555,0.02,0.0,0.08,0.1,0.26,0.5,0.02,0.02,0.94,0.0,0.0,0.04,0.02,0.0
1186930,35.98571428571429,0.0,0.0,0.0,0.09375,0.125,0.78125,0.0,0.0,0.875,0.0,0.0,0.0625,0.03125,0.03125
1187671,31.61904761904762,0.09523809523809523,0.09523809523809523,0.09523809523809523,0.23809523809523808,0.2857142857142857,0.09523809523809523,0.0,0.09523809523809523,0.5238095238095238,0.0,0.047619047619047616,0.23809523809523808,0.19047619047619047,0.0
1188468,33.775757575757574,0.08571428571428572,0.08571428571428572,0.08571428571428572,0.22857142857142856,0.2571428571428571,0.2,0.02857142857142857,0.02857142857142857,0.7714285714285715,0.0,0.08571428571428572,0.11428571428571428,0.02857142857142857,0.0
118994,27.736363636363638,0.0,0.0,0.041666666666666664,0.125,0.375,0.4166666666666667,0.0,0.041666666666666664,0.75,0.08333333333333333,0.125,0.041666666666666664,0.0,0.0
1190071,34.21666666666667,0.07352941176470588,0.08823529411764706,0.029411764705882353,0.1323529411764706,0.36764705882352944,0.3088235294117647,0.0,0.0,0.5882352941176471,0.058823529411764705,0.014705882352941176,0.3088235294117647,0.029411764705882353,0.0
1190145,27.7,0.0,0.0,0.0,0.0,0.16666666666666666,0.8333333333333334,0.0,0.0,0.8333333333333334,0.0,0.0,0.0,0.16666666666666666,0.0
1190311,33.38125,0.0,0.0,0.058823529411764705,0.058823529411764705,0.4117647058823529,0.47058823529411764,0.0,0.0,0.9411764705882353,0.0,0.0,0.0,0.058823529411764705,0.0
1190440,48.260000000000005,0.0,0.0,0.0,0.08333333333333333,0.25,0.5,0.08333333333333333,0.08333333333333333,0.6666666666666666,0.0,0.0,0.25,0.08333333333333333,0.0
1191018,43.959375,0.02857142857142857,0.0,0.11428571428571428,0.05714285714285714,0.2,0.6,0.0,0.0,0.4,0.08571428571428572,0.02857142857142857,0.2,0.2571428571428571,0.02857142857142857
1191217,46.37,0.06666666666666667,0.06666666666666667,0.0,0.13333333333333333,0.3333333333333333,0.4,0.0,0.0,0.6666666666666666,0.0,0.0,0.06666666666666667,0.2,0.06666666666666667
1191221,35.5,0.0,0.0,0.05,0.2,0.35,0.4,0.0,0.0,0.6,0.1,0.0,0.2,0.1,0.0
1191224,37.044444444444444,0.0,0.0,0.0,0.1,0.3,0.6,0.0,0.0,0.7,0.0,0.1,0.1,0.1,0.0
1191268,32.32222222222222,0.0,0.0,0.18181818181818182,0.2727272727272727,0.09090909090909091,0.45454545454545453,0.0,0.0,0.6363636363636364,0.0,0.09090909090909091,0.18181818181818182,0.09090909090909091,0.0
1191646,34.34166666666667,0.0,0.0,0.0,0.0,0.19230769230769232,0.8076923076923077,0.0,0.0,0.8846153846153846,0.0,0.0,0.038461538461538464,0.0,0.07692307692307693
119321,30.310000000000002,0.0,0.0,0.07692307692307693,0.23076923076923078,0.38461538461538464,0.23076923076923078,0.07692307692307693,0.0,0.8461538461538461,0.0,0.07692307692307693,0.07692307692307693,0.0,0.0
1193782,30.678947368421053,0.0,0.0,0.0,0.0,0.1,0.9,0.0,0.0,0.95,0.0,0.05,0.0,0.0,0.0
120018,38.176785714285714,0.0,0.0,0.0,0.0,0.06557377049180328,0.9180327868852459,0.01639344262295082,0.0,0.7868852459016393,0.0,0.06557377049180328,0.03278688524590164,0.08196721311475409,0.03278688524590164
1203177,31.07,0.08333333333333333,0.0,0.0,0.3333333333333333,0.3333333333333333,0.25,0.0,0.0,0.5833333333333334,0.0,0.08333333333333333,0.08333333333333333,0.16666666666666666,0.08333333333333333
1203424,43.009375,0.0,0.0,0.0,0.0,0.09375,0.90625,0.0,0.0,0.78125,0.0,0.09375,0.125,0.0,0.0
120385,46.768571428571434,0.0,0.025,0.0,0.125,0.275,0.575,0.0,0.0,0.65,0.1,0.05,0.075,0.125,0.0
1204325,37.15,0.0,0.0,0.08695652173913043,0.0,0.2608695652173913,0.6086956521739131,0.043478260869565216,0.0,0.782608695652174,0.0,0.0,0.17391304347826086,0.043478260869565216,0.0
1204896,40.37692307692308,0.21428571428571427,0.07142857142857142,0.07142857142857142,0.21428571428571427,0.07142857142857142,0.35714285714285715,0.0,0.0,0.7142857142857143,0.0,0.14285714285714285,0.14285714285714285,0.0,0.0
1205617,32.81111111111111,0.0,0.0,0.0,0.0,0.1,0.9,0.0,0.0,0.9,0.0,0.1,0.0,0.0,0.0
1205761,38.78648648648648,0.075,0.05,0.125,0.275,0.25,0.15,0.075,0.0,0.8,0.05,0.025,0.05,0.05,0.025
1206881,36.60909090909091,0.0,0.08333333333333333,0.5,0.16666666666666666,0.0,0.25,0.0,0.0,1.0,0.0,0.0,0.0,0.0,0.0
120920,36.24444444444445,0.1111111111111111,0.0,0.14814814814814814,0.14814814814814814,0.14814814814814814,0.4074074074074074,0.037037037037037035,0.0,0.8518518518518519,0.0,0.0,0.14814814814814814,0.0,0.0
120932,36.02727272727273,0.0,0.09090909090909091,0.09090909090909091,0.0,0.5454545454545454,0.2727272727272727,0.0,0.0,1.0,0.0,0.0,0.0,0.0,0.0
121189,44.29090909090909,0.0,0.0,0.0,0.0,0.2,0.8,0.0,0.0,0.5333333333333333,0.0,0.13333333333333333,0.13333333333333333,0.06666666666666667,0.13333333333333333
1214055,36.59428571428571,0.02564102564102564,0.05128205128205128,0.10256410256410256,0.1282051282051282,0.15384615384615385,0.5384615384615384,0.0,0.0,0.8205128205128205,0.0,0.07692307692307693,0.02564102564102564,0.05128205128205128,0.02564102564102564
1214936,48.64883720930233,0.0,0.04081632653061224,0.061224489795918366,0.14285714285714285,0.1836734693877551,0.5714285714285714,0.0,0.0,0.5714285714285714,0.02040816326530612,0.02040816326530612,0.3469387755102041,0.04081632653061224,0.0
1215466,41.63636363636363,0.16666666666666666,0.16666666666666666,0.08333333333333333,0.3333333333333333,0.16666666666666666,0.08333333333333333,0.0,0.0,0.9166666666666666,0.0,0.0,0.08333333333333333,0.0,0.0
121636,41.09090909090909,0.0,0.0,0.125,0.041666666666666664,0.3333333333333333,0.4583333333333333,0.041666666666666664,0.0,0.5416666666666666,0.08333333333333333,0.041666666666666664,0.20833333333333334,0.125,0.0
121794,35.96666666666667,0.0,0.0,0.0,0.2,0.2,0.4,0.2,0.0,0.7,0.0,0.0,0.1,0.2,0.0
122330,39.663636363636364,0.0,0.0,0.08333333333333333,0.25,0.16666666666666666,0.5,0.0,0.0,0.4583333333333333,0.041666666666666664,0.041666666666666664,0.2916666666666667,0.125,0.041666666666666664
122536,20.740000000000002,0.0,0.08333333333333333,0.08333333333333333,0.25,0.25,0.25,0.0,0.08333333333333333,0.9166666666666666,0.08333333333333333,0.0,0.0,0.0,0.0
122616,28.154545454545453,0.0,0.0,0.0,0.0,0.0,1.0,0.0,0.0,0.9090909090909091,0.0,0.0,0.0,0.09090909090909091,0.0
122845,44.66615384615385,0.0,0.028169014084507043,0.014084507042253521,0.07042253521126761,0.2676056338028169,0.5915492957746479,0.014084507042253521,0.014084507042253521,0.647887323943662,0.056338028169014086,0.04225352112676056,0.1267605633802817,0.1267605633802817,0.0
12313,54.96521739130435,0.0,0.034482758620689655,0.034482758620689655,0.034482758620689655,0.2413793103448276,0.6551724137931034,0.0,0.0,0.7241379310344828,0.034482758620689655,0.034482758620689655,0.1724137931034483,0.034482758620689655,0.0
123429,42.71864406779661,0.013333333333333334,0.0,0.10666666666666667,0.14666666666666667,0.21333333333333335,0.5066666666666667,0.013333333333333334,0.0,0.72,0.05333333333333334,0.013333333333333334,0.12,0.09333333333333334,0.0
1257566,34.95454545454545,0.0,0.045454545454545456,0.045454545454545456,0.18181818181818182,0.22727272727272727,0.5,0.0,0.0,0.8181818181818182,0.0,0.045454545454545456,0.045454545454545456,0.09090909090909091,0.0
1258024,25.147727272727273,0.06382978723404255,0.02127659574468085,0.0851063829787234,0.3191489361702128,0.14893617021276595,0.3617021276595745,0.0,0.0,0.7446808510638298,0.02127659574468085,0.0851063829787234,0.06382978723404255,0.06382978723404255,0.02127659574468085
1258063,25.6125,0.0,0.0,0.125,0.25,0.25,0.375,0.0,0.0,0.875,0.125,0.0,0.0,0.0,0.0
12581,52.06111111111111,0.0,0.0,0.013333333333333334,0.06666666666666667,0.21333333333333335,0.6933333333333334,0.013333333333333334,0.0,0.5733333333333334,0.013333333333333334,0.05333333333333334,0.18666666666666668,0.16,0.013333333333333334
1258851,36.143478260869564,0.038461538461538464,0.07692307692307693,0.11538461538461539,0.19230769230769232,0.19230769230769232,0.38461538461538464,0.0,0.0,0.9230769230769231,0.0,0.0,0.0,0.07692307692307693,0.0
1258875,38.17272727272727,0.07692307692307693,0.07692307692307693,0.0,0.15384615384615385,0.23076923076923078,0.46153846153846156,0.0,0.0,0.8461538461538461,0.0,0.0,0.07692307692307693,0.0,0.07692307692307693
1259035,30.733333333333334,0.0,0.0,0.0,0.1111111111111111,0.3333333333333333,0.5555555555555556,0.0,0.0,0.8888888888888888,0.0,0.0,0.1111111111111111,0.0,0.0
1260196,36.75,0.0,0.0,0.0,0.0,0.08333333333333333,0.8333333333333334,0.0,0.08333333333333333,0.3333333333333333,0.0,0.0,0.5,0.08333333333333333,0.08333333333333333
1260352,32.61333333333333,0.0,0.03225806451612903,0.12903225806451613,0.1935483870967742,0.12903225806451613,0.45161290322580644,0.06451612903225806,0.0,0.8387096774193549,0.0,0.03225806451612903,0.0967741935483871,0.03225806451612903,0.0
1260461,32.25714285714286,0.0,0.0,0.14285714285714285,0.2857142857142857,0.14285714285714285,0.42857142857142855,0.0,0.0,0.5714285714285714,0.14285714285714285,0.0,0.2857142857142857,0.0,0.0
1260475,28.3,0.14285714285714285,0.14285714285714285,0.14285714285714285,0.14285714285714285,0.42857142857142855,0.0,0.0,0.0,0.7142857142857143,0.0,0.14285714285714285,0.0,0.14285714285714285,0.0
1261,44.849999999999994,0.0,0.0,0.14285714285714285,0.19047619047619047,0.23809523809523808,0.42857142857142855,0.0,0.0,0.9047619047619048,0.0,0.047619047619047616,0.0,0.047619047619047616,0.0
1261089,39.542857142857144,0.0,0.0,0.0,0.0,0.0,1.0,0.0,0.0,0.7,0.1,0.0,0.0,0.2,0.0
1265146,35.55714285714286,0.0,0.043478260869565216,0.08695652173913043,0.30434782608695654,0.30434782608695654,0.2608695652173913,0.0,0.0,0.782608695652174,0.0,0.0,0.21739130434782608,0.0,0.0
1265453,31.182608695652174,0.15384615384615385,0.11538461538461539,0.19230769230769232,0.19230769230769232,0.19230769230769232,0.11538461538461539,0.0,0.038461538461538464,0.6923076923076923,0.0,0.07692307692307693,0.11538461538461539,0.07692307692307693,0.038461538461538464
1266540,37.225,0.0,0.0,0.023809523809523808,0.16666666666666666,0.09523809523809523,0.2619047619047619,0.09523809523809523,0.35714285714285715,0.975609756097561,0.0,0.0,0.0,0.024390243902439025,0.0
1267543,37.733333333333334,0.030303030303030304,0.0,0.09090909090909091,0.12121212121212122,0.2727272727272727,0.48484848484848486,0.0,0.0,0.6666666666666666,0.030303030303030304,0.06060606060606061,0.18181818181818182,0.06060606060606061,0.0
1269545,37.355555555555554,0.0,0.05555555555555555,0.16666666666666666,0.05555555555555555,0.3888888888888889,0.3333333333333333,0.0,0.0,0.5555555555555556,0.05555555555555555,0.05555555555555555,0.16666666666666666,0.16666666666666666,0.0
1269969,29.00714285714286,0.0,0.0,0.09523809523809523,0.23809523809523808,0.3333333333333333,0.2857142857142857,0.047619047619047616,0.0,0.5238095238095238,0.09523809523809523,0.047619047619047616,0.2857142857142857,0.0,0.047619047619047616
1269970,26.85151515151515,0.06060606060606061,0.0,0.2727272727272727,0.2727272727272727,0.21212121212121213,0.18181818181818182,0.0,0.0,0.36363636363636365,0.15151515151515152,0.0,0.48484848484848486,0.0,0.0
127,48.95294117647059,0.0,0.039603960396039604,0.1485148514851485,0.1188118811881188,0.3465346534653465,0.3465346534653465,0.0,0.0,0.6534653465346535,0.0891089108910891,0.0297029702970297,0.10891089108910891,0.1188118811881188,0.0
1270472,38.81428571428571,0.0,0.0,0.0,0.058823529411764705,0.0,0.9411764705882353,0.0,0.0,0.5294117647058824,0.058823529411764705,0.058823529411764705,0.29411764705882354,0.058823529411764705,0.0
1270538,41.33888888888889,0.0,0.0,0.0,0.10526315789473684,0.2631578947368421,0.5789473684210527,0.05263157894736842,0.0,0.5789473684210527,0.05263157894736842,0.05263157894736842,0.15789473684210525,0.10526315789473684,0.05263157894736842
1270596,37.689655172413794,0.0,0.0,0.030303030303030304,0.09090909090909091,0.2727272727272727,0.6060606060606061,0.0,0.0,0.6060606060606061,0.0,0.030303030303030304,0.09090909090909091,0.2727272727272727,0.0
12710,50.26262626262626,0.018518518518518517,0.046296296296296294,0.037037037037037035,0.1388888888888889,0.19444444444444445,0.5370370370370371,0.018518518518518517,0.009259259259259259,0.6296296296296297,0.027777777777777776,0.046296296296296294,0.18518518518518517,0.1111111111111111,0.0
1272012,50.49090909090909,0.0,0.0,0.04,0.12,0.44,0.4,0.0,0.0,0.68,0.04,0.04,0.16,0.08,0.0
1272079,44.71875,0.05555555555555555,0.0,0.0,0.0,0.3333333333333333,0.6111111111111112,0.0,0.0,0.6111111111111112,0.1111111111111111,0.05555555555555555,0.1111111111111111,0.1111111111111111,0.0
1279016,30.636,0.0,0.0,0.07692307692307693,0.15384615384615385,0.2692307692307692,0.38461538461538464,0.07692307692307693,0.038461538461538464,0.8846153846153846,0.0,0.0,0.07692307692307693,0.0,0.038461538461538464
1279023,43.95294117647059,0.0,0.0,0.05555555555555555,0.1111111111111111,0.3888888888888889,0.4444444444444444,0.0,0.0,0.7222222222222222,0.0,0.1111111111111111,0.05555555555555555,0.05555555555555555,0.05555555555555555
1279527,26.47246376811594,0.014285714285714285,0.05714285714285714,0.08571428571428572,0.11428571428571428,0.37142857142857144,0.32857142857142857,0.0,0.02857142857142857,0.8285714285714286,0.02857142857142857,0.05714285714285714,0.04285714285714286,0.014285714285714285,0.02857142857142857
1279551,30.916666666666668,0.0,0.038461538461538464,0.038461538461538464,0.15384615384615385,0.2692307692307692,0.5,0.0,0.0,0.9230769230769231,0.0,0.0,0.07692307692307693,0.0,0.0
1280431,43.67333333333333,0.0,0.03125,0.03125,0.0,0.21875,0.71875,0.0,0.0,0.53125,0.03125,0.03125,0.25,0.15625,0.0
1282899,34.8,0.0,0.0,0.375,0.375,0.0,0.125,0.125,0.0,0.625,0.0,0.0,0.0,0.375,0.0
1283028,37.45238095238095,0.0,0.0,0.15,0.15,0.3,0.4,0.0,0.0,0.8,0.1,0.0,0.05,0.05,0.0
12837,51.581818181818186,0.0,0.02564102564102564,0.07692307692307693,0.15384615384615385,0.20512820512820512,0.5128205128205128,0.02564102564102564,0.0,0.6666666666666666,0.02564102564102564,0.0,0.20512820512820512,0.10256410256410256,0.0
1286732,36.93333333333333,0.02702702702702703,0.0,0.02702702702702703,0.13513513513513514,0.2702702702702703,0.5405405405405406,0.0,0.0,0.7297297297297297,0.02702702702702703,0.05405405405405406,0.13513513513513514,0.02702702702702703,0.02702702702702703
1288002,49.561904761904756,0.0,0.0,0.0,0.0,0.045454545454545456,0.9545454545454546,0.0,0.0,1.0,0.0,0.0,0.0,0.0,0.0
1288839,35.19666666666667,0.0625,0.125,0.09375,0.40625,0.15625,0.15625,0.0,0.0,0.53125,0.03125,0.125,0.1875,0.09375,0.03125
1292727,36.72272727272727,0.0,0.0,0.0625,0.1875,0.3958333333333333,0.3541666666666667,0.0,0.0,0.6666666666666666,0.041666666666666664,0.0625,0.125,0.08333333333333333,0.020833333333333332
1292900,31.341129032258067,0.013513513513513514,0.013513513513513514,0.060810810810810814,0.12162162162162163,0.23648648648648649,0.21621621621621623,0.07432432432432433,0.2635135135135135,0.9328859060402684,0.006711409395973154,0.026845637583892617,0.020134228187919462,0.006711409395973154,0.006711409395973154
12946,58.525,0.0196078431372549,0.0,0.0392156862745098,0.17647058823529413,0.11764705882352941,0.5882352941176471,0.0392156862745098,0.0196078431372549,0.6078431372549019,0.0,0.0,0.19607843137254902,0.19607843137254902,0.0
1299927,38.945454545454545,0.0,0.0,0.08333333333333333,0.08333333333333333,0.16666666666666666,0.6666666666666666,0.0,0.0,0.6666666666666666,0.08333333333333333,0.08333333333333333,0.08333333333333333,0.0,0.08333333333333333
1300284,24.666666666666668,0.0,0.0,0.0,0.1,0.2,0.7,0.0,0.0,0.9,0.1,0.0,0.0,0.0,0.0
1300429,41.945454545454545,0.0,0.0,0.0,0.0,0.08333333333333333,0.9166666666666666,0.0,0.0,0.3333333333333333,0.0,0.0,0.16666666666666666,0.5,0.0
1304525,35.43636363636364,0.09090909090909091,0.09090909090909091,0.09090909090909091,0.09090909090909091,0.36363636363636365,0.2727272727272727,0.0,0.0,1.0,0.0,0.0,0.0,0.0,0.0
1306689,30.82972972972973,0.0,0.021739130434782608,0.06521739130434782,0.13043478260869565,0.06521739130434782,0.6956521739130435,0.021739130434782608,0.0,0.7608695652173914,0.0,0.15217391304347827,0.06521739130434782,0.021739130434782608,0.0
1308208,34.54666666666667,0.125,0.0625,0.0625,0.1875,0.1875,0.375,0.0,0.0,0.8125,0.0,0.0,0.0625,0.125,0.0
1310955,41.18571428571428,0.08695652173913043,0.0,0.0,0.13043478260869565,0.30434782608695654,0.4782608695652174,0.0,0.0,0.6521739130434783,0.043478260869565216,0.0,0.2608695652173913,0.043478260869565216,0.0
1312023,33.71666666666666,0.0,0.0,0.0,0.1,0.2,0.6,0.1,0.0,0.6,0.0,0.1,0.3,0.0,0.0
1313042,33.85357142857143,0.0,0.034482758620689655,0.0,0.10344827586206896,0.3793103448275862,0.4827586206896552,0.0,0.0,0.7931034482758621,0.034482758620689655,0.034482758620689655,0.06896551724137931,0.06896551724137931,0.0
1313361,37.240625,0.0,0.0,0.03125,0.03125,0.28125,0.65625,0.0,0.0,0.78125,0.03125,0.0625,0.09375,0.03125,0.0
1313407,36.672413793103445,0.0,0.0,0.03571428571428571,0.03571428571428571,0.39285714285714285,0.5357142857142857,0.0,0.0,0.5714285714285714,0.03571428571428571,0.07142857142857142,0.17857142857142858,0.10714285714285714,0.03571428571428571
1314243,37.43,0.0,0.07142857142857142,0.023809523809523808,0.07142857142857142,0.35714285714285715,0.47619047619047616,0.0,0.0,0.5952380952380952,0.09523809523809523,0.14285714285714285,0.047619047619047616,0.047619047619047616,0.07142857142857142
1315444,34.55714285714286,0.0,0.0,0.0,0.14285714285714285,0.42857142857142855,0.42857142857142855,0.0,0.0,0.8571428571428571,0.0,0.0,0.14285714285714285,0.0,0.0
1318224,34.71176470588235,0.0,0.0,0.0,0.15,0.35,0.45,0.0,0.05,0.8,0.1,0.05,0.0,0.0,0.05
13216,51.49655172413794,0.0,0.034482758620689655,0.06896551724137931,0.06896551724137931,0.3103448275862069,0.5172413793103449,0.0,0.0,0.7241379310344828,0.034482758620689655,0.0,0.1724137931034483,0.06896551724137931,0.0
1322118,28.4,0.0,0.0,0.0,0.0,0.0,1.0,0.0,0.0,1.0,0.0,0.0,0.0,0.0,0.0
1322390,26.26851851851852,0.034482758620689655,0.05172413793103448,0.06896551724137931,0.22413793103448276,0.3103448275862069,0.29310344827586204,0.0,0.017241379310344827,0.8793103448275862,0.017241379310344827,0.017241379310344827,0.034482758620689655,0.034482758620689655,0.017241379310344827
1322665,32.08421052631579,0.0,0.0,0.0,0.05263157894736842,0.05263157894736842,0.8947368421052632,0.0,0.0,0.7894736842105263,0.0,0.0,0.10526315789473684,0.05263157894736842,0.05263157894736842
1323876,32.127272727272725,0.0,0.0,0.0,0.09090909090909091,0.36363636363636365,0.5454545454545454,0.0,0.0,0.9090909090909091,0.0,0.09090909090909091,0.0,0.0,0.0
1327439,34.016666666666666,0.0,0.0,0.0,0.0,0.6666666666666666,0.3333333333333333,0.0,0.0,1.0,0.0,0.0,0.0,0.0,0.0
13277,48.769999999999996,0.015873015873015872,0.047619047619047616,0.09523809523809523,0.1746031746031746,0.25396825396825395,0.3968253968253968,0.015873015873015872,0.0,0.8095238095238095,0.015873015873015872,0.047619047619047616,0.06349206349206349,0.06349206349206349,0.0
1328954,34.318604651162794,0.016877637130801686,0.008438818565400843,0.02109704641350211,0.08860759493670886,0.16033755274261605,0.23628691983122363,0.06751054852320675,0.4008438818565401,0.8649789029535865,0.008438818565400843,0.06751054852320675,0.03375527426160337,0.016877637130801686,0.008438818565400843
1330347,43.29705882352941,0.02631578947368421,0.0,0.02631578947368421,0.10526315789473684,0.21052631578947367,0.6052631578947368,0.0,0.02631578947368421,0.6578947368421053,0.05263157894736842,0.0,0.21052631578947367,0.02631578947368421,0.05263157894736842
1330352,32.291666666666664,0.0,0.0,0.0,0.15384615384615385,0.23076923076923078,0.5769230769230769,0.038461538461538464,0.0,0.5769230769230769,0.038461538461538464,0.15384615384615385,0.11538461538461539,0.11538461538461539,0.0
1330896,34.33529411764706,0.0,0.0,0.0,0.058823529411764705,0.17647058823529413,0.7647058823529411,0.0,0.0,0.8235294117647058,0.0,0.0,0.058823529411764705,0.058823529411764705,0.058823529411764705
1331611,36.095238095238095,0.0,0.043478260869565216,0.043478260869565216,0.17391304347826086,0.21739130434782608,0.4782608695652174,0.043478260869565216,0.0,0.6086956521739131,0.0,0.08695652173913043,0.13043478260869565,0.17391304347826086,0.0
1332183,48.849999999999994,0.0,0.0,0.0,0.3333333333333333,0.0,0.6666666666666666,0.0,0.0,1.0,0.0,0.0,0.0,0.0,0.0
13401,42.8734375,0.014285714285714285,0.014285714285714285,0.04285714285714286,0.24285714285714285,0.2714285714285714,0.4,0.014285714285714285,0.0,0.6,0.04285714285714286,0.04285714285714286,0.17142857142857143,0.12857142857142856,0.014285714285714285
1341371,44.17142857142857,0.0,0.0,0.0,0.0,0.14285714285714285,0.8571428571428571,0.0,0.0,0.8571428571428571,0.14285714285714285,0.0,0.0,0.0,0.0
1342408,37.97894736842105,0.0,0.0,0.05,0.05,0.25,0.65,0.0,0.0,0.65,0.1,0.05,0.1,0.05,0.05
13446,44.731914893617024,0.0,0.00980392156862745,0.0392156862745098,0.16666666666666666,0.2549019607843137,0.5196078431372549,0.00980392156862745,0.0,0.5588235294117647,0.06862745098039216,0.049019607843137254,0.22549019607843138,0.09803921568627451,0.0
1349140,30.570833333333336,0.0,0.04,0.12,0.24,0.28,0.32,0.0,0.0,0.72,0.04,0.2,0.04,0.0,0.0
1351760,31.876923076923074,0.0,0.0,0.0,0.0,0.12903225806451613,0.8709677419354839,0.0,0.0,0.41935483870967744,0.0967741935483871,0.22580645161290322,0.1935483870967742,0.06451612903225806,0.0
13595,47.96612903225807,0.007352941176470588,0.007352941176470588,0.0,0.08088235294117647,0.17647058823529413,0.7132352941176471,0.007352941176470588,0.007352941176470588,0.6838235294117647,0.014705882352941176,0.03676470588235294,0.11029411764705882,0.15441176470588236,0.0
1359807,37.46,0.0,0.0,0.0,0.0,0.0,1.0,0.0,0.0,0.8333333333333334,0.0,0.16666666666666666,0.0,0.0,0.0
1364849,39.76111111111111,0.047619047619047616,0.0,0.0,0.0,0.14285714285714285,0.7142857142857143,0.047619047619047616,0.047619047619047616,0.8571428571428571,0.0,0.0,0.09523809523809523,0.047619047619047616,0.0
13717,53.36833333333333,0.0072992700729927005,0.0072992700729927005,0.029197080291970802,0.08759124087591241,0.24087591240875914,0.6131386861313869,0.014598540145985401,0.0,0.6861313868613139,0.021897810218978103,0.051094890510948905,0.18248175182481752,0.058394160583941604,0.0
1376000,40.1875,0.0,0.0,0.0,0.125,0.125,0.75,0.0,0.0,0.75,0.0,0.0,0.25,0.0,0.0
1376131,32.03125,0.0,0.0,0.058823529411764705,0.058823529411764705,0.35294117647058826,0.47058823529411764,0.0,0.058823529411764705,0.5294117647058824,0.058823529411764705,0.11764705882352941,0.23529411764705882,0.058823529411764705,0.0
1376181,35.10227272727273,0.0,0.0,0.020833333333333332,0.0625,0.125,0.7916666666666666,0.0,0.0,0.7083333333333334,0.0625,0.0625,0.08333333333333333,0.0625,0.020833333333333332
1377489,41.892857142857146,0.0,0.0,0.07142857142857142,0.0,0.35714285714285715,0.5714285714285714,0.0,0.0,0.6428571428571429,0.07142857142857142,0.07142857142857142,0.07142857142857142,0.14285714285714285,0.0
1377509,37.2625,0.0,0.0,0.0,0.4,0.3,0.3,0.0,0.0,0.7,0.0,0.1,0.1,0.1,0.0
1378747,29.993333333333332,0.05263157894736842,0.05263157894736842,0.0,0.15789473684210525,0.15789473684210525,0.5789473684210527,0.0,0.0,0.8947368421052632,0.0,0.0,0.05263157894736842,0.05263157894736842,0.0
1379275,45.65,0.0,0.0,0.16666666666666666,0.0,0.5,0.3333333333333333,0.0,0.0,0.6666666666666666,0.16666666666666666,0.0,0.0,0.16666666666666666,0.0
1379289,38.58,0.02564102564102564,0.05128205128205128,0.02564102564102564,0.02564102564102564,0.2564102564102564,0.2564102564102564,0.0,0.358974358974359,0.8717948717948718,0.0,0.05128205128205128,0.05128205128205128,0.02564102564102564,0.0
1382664,38.425,0.0,0.0,0.0,0.0,0.14285714285714285,0.8571428571428571,0.0,0.0,0.5714285714285714,0.0,0.2857142857142857,0.0,0.14285714285714285,0.0
1382883,37.67,0.0,0.0,0.0,0.0,0.2857142857142857,0.35714285714285715,0.0,0.35714285714285715,1.0,0.0,0.0,0.0,0.0,0.0
1385488,36.728571428571435,0.058823529411764705,0.058823529411764705,0.0,0.0,0.29411764705882354,0.5882352941176471,0.0,0.0,0.8235294117647058,0.0,0.0,0.11764705882352941,0.058823529411764705,0.0
1385942,33.625,0.0,0.0,0.0,0.11764705882352941,0.35294117647058826,0.5294117647058824,0.0,0.0,0.9411764705882353,0.0,0.0,0.058823529411764705,0.0,0.0
13881,49.023809523809526,0.0,0.0,0.023255813953488372,0.2558139534883721,0.18604651162790697,0.5348837209302325,0.0,0.0,0.5813953488372093,0.0,0.046511627906976744,0.2558139534883721,0.11627906976744186,0.0
13980,44.85625,0.0,0.029411764705882353,0.029411764705882353,0.11764705882352941,0.20588235294117646,0.6176470588235294,0.0,0.0,0.6470588235294118,0.029411764705882353,0.029411764705882353,0.14705882352941177,0.14705882352941177,0.0
1403526,28.93846153846154,0.0,0.06666666666666667,0.13333333333333333,0.06666666666666667,0.3333333333333333,0.4,0.0,0.0,0.8666666666666667,0.0,0.13333333333333333,0.0,0.0,0.0
1403868,38.9,0.0,0.0,0.0,0.3333333333333333,0.6666666666666666,0.0,0.0,0.0,1.0,0.0,0.0,0.0,0.0,0.0
1403879,29.35,0.25,0.125,0.125,0.25,0.125,0.125,0.0,0.0,1.0,0.0,0.0,0.0,0.0,0.0
1404126,28.811999999999998,0.07142857142857142,0.07142857142857142,0.07142857142857142,0.14285714285714285,0.21428571428571427,0.39285714285714285,0.03571428571428571,0.0,0.9285714285714286,0.0,0.07142857142857142,0.0,0.0,0.0
1404230,32.51428571428571,0.0,0.0,0.0,0.0,0.18181818181818182,0.8181818181818182,0.0,0.0,0.45454545454545453,0.13636363636363635,0.045454545454545456,0.3181818181818182,0.045454545454545456,0.0
1404253,47.25,0.0,0.0,0.0,0.0,0.1,0.9,0.0,0.0,0.5,0.0,0.0,0.2,0.3,0.0
1405629,29.46,0.0,0.0,0.0,0.3333333333333333,0.5,0.16666666666666666,0.0,0.0,0.6666666666666666,0.0,0.16666666666666666,0.16666666666666666,0.0,0.0
14098,44.608108108108105,0.02127659574468085,0.02127659574468085,0.06382978723404255,0.0851063829787234,0.2553191489361702,0.5106382978723404,0.0425531914893617,0.0,0.6808510638297872,0.02127659574468085,0.0425531914893617,0.1276595744680851,0.1276595744680851,0.0
14137,38.56333333333334,0.12121212121212122,0.030303030303030304,0.21212121212121213,0.18181818181818182,0.3333333333333333,0.12121212121212122,0.0,0.0,0.7272727272727273,0.030303030303030304,0.0,0.18181818181818182,0.06060606060606061,0.0
1420092,47.275000000000006,0.0,0.0,0.0,0.0,0.2,0.0,0.2,0.6,1.0,0.0,0.0,0.0,0.0,0.0
1420185,40.22941176470588,0.0,0.0,0.0,0.2222222222222222,0.3333333333333333,0.4444444444444444,0.0,0.0,0.7777777777777778,0.0,0.05555555555555555,0.1111111111111111,0.05555555555555555,0.0
1420608,47.96666666666667,0.0,0.0,0.0,0.0,0.0,1.0,0.0,0.0,0.8333333333333334,0.0,0.16666666666666666,0.0,0.0,0.0
14217,51.17088607594937,0.0,0.011111111111111112,0.044444444444444446,0.15555555555555556,0.37777777777777777,0.3888888888888889,0.011111111111111112,0.011111111111111112,0.6555555555555556,0.0,0.044444444444444446,0.15555555555555556,0.13333333333333333,0.011111111111111112
1422296,54.333333333333336,0.0,0.0,0.0,0.0,0.42857142857142855,0.5714285714285714,0.0,0.0,1.0,0.0,0.0,0.0,0.0,0.0
1427562,26.977777777777778,0.0,0.0,0.0,0.15384615384615385,0.3076923076923077,0.5384615384615384,0.0,0.0,1.0,0.0,0.0,0.0,0.0,0.0
1427745,35.51428571428572,0.0,0.0,0.038461538461538464,0.19230769230769232,0.2692307692307692,0.4230769230769231,0.038461538461538464,0.038461538461538464,0.7307692307692307,0.0,0.07692307692307693,0.07692307692307693,0.0,0.11538461538461539
1443998,34.42,0.041666666666666664,0.041666666666666664,0.0,0.125,0.125,0.25,0.0,0.4166666666666667,0.9583333333333334,0.0,0.0,0.0,0.041666666666666664,0.0
1451148,35.47142857142857,0.0,0.041666666666666664,0.125,0.125,0.2916666666666667,0.375,0.0,0.041666666666666664,0.5416666666666666,0.0,0.041666666666666664,0.16666666666666666,0.20833333333333334,0.041666666666666664
1452,43.68157894736842,0.023529411764705882,0.023529411764705882,0.047058823529411764,0.17647058823529413,0.35294117647058826,0.3764705882352941,0.0,0.0,0.6,0.011764705882352941,0.0,0.2,0.18823529411764706,0.0
1452880,36.042857142857144,0.0,0.0,0.0,0.17391304347826086,0.08695652173913043,0.043478260869565216,0.08695652173913043,0.6086956521739131,1.0,0.0,0.0,0.0,0.0,0.0
1458089,51.52,0.0,0.0,0.0,0.14285714285714285,0.0,0.7142857142857143,0.14285714285714285,0.0,0.7142857142857143,0.0,0.14285714285714285,0.0,0.14285714285714285,0.0
1458091,40.925,0.0,0.125,0.0,0.25,0.25,0.25,0.0,0.125,0.75,0.125,0.0,0.125,0.0,0.0
14681,26.469565217391303,0.08333333333333333,0.125,0.125,0.2916666666666667,0.16666666666666666,0.20833333333333334,0.0,0.0,1.0,0.0,0.0,0.0,0.0,0.0
1468729,20.475,0.0,0.1,0.0,0.4,0.1,0.1,0.0,0.3,1.0,0.0,0.0,0.0,0.0,0.0
1473094,28.933333333333334,0.0,0.0,0.0,0.0,0.3333333333333333,0.6666666666666666,0.0,0.0,1.0,0.0,0.0,0.0,0.0,0.0
1486128,39.9,0.0,0.0,0.0,0.0,0.0,1.0,0.0,0.0,0.5,0.0,0.0,0.5,0.0,0.0
15002,41.81935483870968,0.0,0.0136986301369863,0.0547945205479452,0.1780821917808219,0.3561643835616438,0.3972602739726027,0.0,0.0,0.6438356164383562,0.0547945205479452,0.0410958904109589,0.2191780821917808,0.0410958904109589,0.0
150086,34.86046511627907,0.0425531914893617,0.10638297872340426,0.23404255319148937,0.2127659574468085,0.06382978723404255,0.3191489361702128,0.02127659574468085,0.0,0.7446808510638298,0.02127659574468085,0.06382978723404255,0.0851063829787234,0.0851063829787234,0.0
150268,33.166666666666664,0.0,0.0,0.0,0.0,0.0,1.0,0.0,0.0,0.42857142857142855,0.0,0.0,0.5714285714285714,0.0,0.0
1507450,27.78333333333333,0.06666666666666667,0.0,0.3333333333333333,0.26666666666666666,0.26666666666666666,0.06666666666666667,0.0,0.0,0.7333333333333333,0.0,0.13333333333333333,0.06666666666666667,0.0,0.06666666666666667
15103,34.52222222222222,0.0,0.0,0.05263157894736842,0.05263157894736842,0.42105263157894735,0.47368421052631576,0.0,0.0,0.9473684210526315,0.0,0.0,0.05263157894736842,0.0,0.0
15127,36.846428571428575,0.07407407407407407,0.07407407407407407,0.07407407407407407,0.14814814814814814,0.2222222222222222,0.37037037037037035,0.0,0.037037037037037035,0.8888888888888888,0.0,0.1111111111111111,0.0,0.0,0.0
1524514,37.92857142857143,0.0,0.0,0.038461538461538464,0.11538461538461539,0.2692307692307692,0.5769230769230769,0.0,0.0,0.8846153846153846,0.0,0.0,0.07692307692307693,0.038461538461538464,0.0
15262,39.180952380952384,0.045454545454545456,0.045454545454545456,0.045454545454545456,0.13636363636363635,0.36363636363636365,0.36363636363636365,0.0,0.0,0.8636363636363636,0.0,0.045454545454545456,0.045454545454545456,0.0,0.045454545454545456
1533190,42.35,0.0,0.0,0.0,0.0,0.0,0.6666666666666666,0.0,0.3333333333333333,1.0,0.0,0.0,0.0,0.0,0.0
15555,29.0,0.0,0.14285714285714285,0.0,0.2857142857142857,0.2857142857142857,0.14285714285714285,0.14285714285714285,0.0,0.8571428571428571,0.0,0.0,0.14285714285714285,0.0,0.0
1563272,28.2,0.0,0.0,0.0,0.25,0.0,0.75,0.0,0.0,0.5,0.0,0.0,0.0,0.25,0.25
15869,44.15918367346939,0.0,0.0,0.017543859649122806,0.12280701754385964,0.19298245614035087,0.6666666666666666,0.0,0.0,0.7368421052631579,0.017543859649122806,0.03508771929824561,0.10526315789473684,0.10526315789473684,0.0
17077,31.950000000000003,0.125,0.0,0.25,0.125,0.125,0.375,0.0,0.0,1.0,0.0,0.0,0.0,0.0,0.0
1721,46.38125,0.0,0.0,0.0,0.125,0.1875,0.6875,0.0,0.0,0.875,0.0,0.0,0.0625,0.0625,0.0
17898,39.074999999999996,0.0,0.0,0.0,0.5,0.0,0.5,0.0,0.0,0.75,0.0,0.0,0.25,0.0,0.0
17937,30.097560975609756,0.0,0.0,0.0,0.043478260869565216,0.2391304347826087,0.717391304347826,0.0,0.0,0.7608695652173914,0.0,0.021739130434782608,0.10869565217391304,0.08695652173913043,0.021739130434782608
18001,36.76216216216216,0.0,0.0,0.02564102564102564,0.0,0.10256410256410256,0.8717948717948718,0.0,0.0,0.8205128205128205,0.0,0.05128205128205128,0.07692307692307693,0.05128205128205128,0.0
18039,32.48518518518519,0.0,0.0,0.0,0.0,0.25925925925925924,0.7407407407407407,0.0,0.0,0.5925925925925926,0.1111111111111111,0.1111111111111111,0.1111111111111111,0.07407407407407407,0.0
18149,32.57857142857143,0.0,0.0,0.0,0.42857142857142855,0.21428571428571427,0.35714285714285715,0.0,0.0,0.6428571428571429,0.0,0.14285714285714285,0.07142857142857142,0.14285714285714285,0.0
18162,33.059375,0.0,0.0,0.030303030303030304,0.06060606060606061,0.3939393939393939,0.5151515151515151,0.0,0.0,0.9696969696969697,0.0,0.030303030303030304,0.0,0.0,0.0
18251,45.588,0.0,0.0,0.038461538461538464,0.07692307692307693,0.34615384615384615,0.5384615384615384,0.0,0.0,0.6538461538461539,0.0,0.038461538461538464,0.15384615384615385,0.15384615384615385,0.0
18267,27.675,0.16666666666666666,0.16666666666666666,0.16666666666666666,0.16666666666666666,0.16666666666666666,0.16666666666666666,0.0,0.0,0.8333333333333334,0.0,0.0,0.16666666666666666,0.0,0.0
18280,25.75714285714286,0.0,0.0,0.0,0.0,0.0,1.0,0.0,0.0,0.6666666666666666,0.0,0.3333333333333333,0.0,0.0,0.0
18285,36.843333333333334,0.0,0.0,0.0,0.03225806451612903,0.3548387096774194,0.6129032258064516,0.0,0.0,0.8387096774193549,0.0,0.0,0.12903225806451613,0.03225806451612903,0.0
18335,41.54788732394366,0.013888888888888888,0.0,0.125,0.09722222222222222,0.2916666666666667,0.4722222222222222,0.0,0.0,0.6527777777777778,0.05555555555555555,0.027777777777777776,0.08333333333333333,0.18055555555555555,0.0
18384,45.5,0.0,0.07692307692307693,0.07692307692307693,0.23076923076923078,0.07692307692307693,0.5384615384615384,0.0,0.0,0.5384615384615384,0.0,0.15384615384615385,0.23076923076923078,0.07692307692307693,0.0
18387,40.69069767441861,0.022222222222222223,0.0,0.022222222222222223,0.08888888888888889,0.26666666666666666,0.6,0.0,0.0,0.7777777777777778,0.0,0.0,0.15555555555555556,0.06666666666666667,0.0
18518,43.73684210526316,0.0,0.0,0.09090909090909091,0.18181818181818182,0.18181818181818182,0.5,0.0,0.045454545454545456,0.5909090909090909,0.0,0.045454545454545456,0.18181818181818182,0.18181818181818182,0.0
18558,34.41875,0.0,0.05555555555555555,0.16666666666666666,0.16666666666666666,0.2777777777777778,0.3333333333333333,0.0,0.0,0.8888888888888888,0.0,0.0,0.05555555555555555,0.05555555555555555,0.0
18559,40.392857142857146,0.0,0.11428571428571428,0.14285714285714285,0.3142857142857143,0.2857142857142857,0.11428571428571428,0.02857142857142857,0.0,0.7714285714285715,0.08571428571428572,0.0,0.14285714285714285,0.0,0.0
18584,33.872093023255815,0.02040816326530612,0.02040816326530612,0.08163265306122448,0.20408163265306123,0.30612244897959184,0.2857142857142857,0.061224489795918366,0.02040816326530612,0.8775510204081632,0.0,0.0,0.10204081632653061,0.02040816326530612,0.0
18585,33.537142857142854,0.0,0.0,0.0,0.0,0.08333333333333333,0.9166666666666666,0.0,0.0,0.6111111111111112,0.0,0.08333333333333333,0.16666666666666666,0.1388888888888889,0.0
18624,34.60526315789474,0.0,0.0,0.0,0.24,0.08,0.64,0.04,0.0,0.88,0.04,0.04,0.0,0.04,0.0
18671,38.30625,0.058823529411764705,0.058823529411764705,0.0,0.11764705882352941,0.47058823529411764,0.23529411764705882,0.058823529411764705,0.0,0.6470588235294118,0.29411764705882354,0.058823529411764705,0.0,0.0,0.0
18683,38.741379310344826,0.0,0.0,0.02857142857142857,0.17142857142857143,0.17142857142857143,0.6,0.02857142857142857,0.0,0.8285714285714286,0.0,0.08571428571428572,0.05714285714285714,0.02857142857142857,0.0
18686,44.872727272727275,0.0,0.0,0.0,0.08333333333333333,0.08333333333333333,0.8333333333333334,0.0,0.0,0.9166666666666666,0.0,0.0,0.08333333333333333,0.0,0.0
18698,31.970370370370368,0.04819277108433735,0.07228915662650602,0.08433734939759036,0.2891566265060241,0.18072289156626506,0.30120481927710846,0.024096385542168676,0.0,0.891566265060241,0.0,0.024096385542168676,0.024096385542168676,0.03614457831325301,0.024096385542168676
18790,39.34871794871795,0.0,0.0,0.0,0.20930232558139536,0.16279069767441862,0.627906976744186,0.0,0.0,0.8837209302325582,0.0,0.046511627906976744,0.023255813953488372,0.046511627906976744,0.0
18818,37.34230769230769,0.0,0.0,0.07407407407407407,0.0,0.1111111111111111,0.7777777777777778,0.037037037037037035,0.0,0.8888888888888888,0.0,0.037037037037037035,0.037037037037037035,0.037037037037037035,0.0
18826,30.633333333333333,0.0,0.045454545454545456,0.09090909090909091,0.09090909090909091,0.36363636363636365,0.36363636363636365,0.022727272727272728,0.022727272727272728,0.8409090909090909,0.0,0.0,0.11363636363636363,0.045454545454545456,0.0
18833,26.382926829268293,0.0851063829787234,0.0425531914893617,0.10638297872340426,0.2127659574468085,0.2127659574468085,0.3191489361702128,0.02127659574468085,0.0,0.9148936170212766,0.0,0.0,0.06382978723404255,0.0,0.02127659574468085
18840,30.3875,0.0,0.027777777777777776,0.027777777777777776,0.2777777777777778,0.3333333333333333,0.3333333333333333,0.0,0.0,0.8333333333333334,0.0,0.0,0.08333333333333333,0.08333333333333333,0.0
18903,38.05263157894737,0.0,0.0,0.0,0.0,0.0,1.0,0.0,0.0,0.9473684210526315,0.05263157894736842,0.0,0.0,0.0,0.0
18930,35.833333333333336,0.0,0.0,0.0,0.0,0.0,1.0,0.0,0.0,1.0,0.0,0.0,0.0,0.0,0.0
18933,38.74285714285714,0.0,0.0,0.125,0.0,0.1875,0.6875,0.0,0.0,1.0,0.0,0.0,0.0,0.0,0.0
18957,32.01875,0.0,0.0,0.0,0.0,0.3125,0.5625,0.125,0.0,0.5625,0.0625,0.1875,0.125,0.0625,0.0
18974,37.20102040816327,0.02857142857142857,0.0380952380952381,0.01904761904761905,0.09523809523809523,0.26666666666666666,0.5333333333333333,0.01904761904761905,0.0,0.9047619047619048,0.01904761904761905,0.0380952380952381,0.009523809523809525,0.02857142857142857,0.0
19010,43.5375,0.0,0.0,0.0,0.0,0.5,0.25,0.125,0.125,0.875,0.0,0.125,0.0,0.0,0.0
1904,46.008,0.0,0.0,0.0,0.018867924528301886,0.11320754716981132,0.8679245283018868,0.0,0.0,0.8301886792452831,0.0,0.07547169811320754,0.07547169811320754,0.018867924528301886,0.0
19042,37.795,0.14285714285714285,0.23809523809523808,0.23809523809523808,0.2857142857142857,0.047619047619047616,0.047619047619047616,0.0,0.0,0.47619047619047616,0.09523809523809523,0.09523809523809523,0.23809523809523808,0.09523809523809523,0.0
19047,33.454385964912284,0.0,0.0,0.0,0.08196721311475409,0.06557377049180328,0.8360655737704918,0.0,0.01639344262295082,0.819672131147541,0.01639344262295082,0.04918032786885246,0.08196721311475409,0.03278688524590164,0.0
19242,25.692105263157895,0.025,0.025,0.075,0.15,0.2,0.475,0.025,0.025,0.75,0.0,0.2,0.0,0.025,0.025
19360,35.21515151515151,0.0,0.02857142857142857,0.11428571428571428,0.11428571428571428,0.22857142857142856,0.5142857142857142,0.0,0.0,0.9142857142857143,0.02857142857142857,0.02857142857142857,0.0,0.02857142857142857,0.0
19437,44.44166666666666,0.04,0.0,0.0,0.12,0.32,0.48,0.04,0.0,0.68,0.0,0.12,0.12,0.08,0.0
19505,35.12857142857143,0.043478260869565216,0.043478260869565216,0.0,0.21739130434782608,0.21739130434782608,0.391304347826087,0.043478260869565216,0.043478260869565216,0.9565217391304348,0.0,0.0,0.0,0.043478260869565216,0.0
19508,34.776315789473685,0.047619047619047616,0.023809523809523808,0.09523809523809523,0.23809523809523808,0.09523809523809523,0.47619047619047616,0.023809523809523808,0.0,0.7619047619047619,0.023809523809523808,0.07142857142857142,0.07142857142857142,0.023809523809523808,0.047619047619047616
19510,32.676923076923075,0.07142857142857142,0.0,0.0,0.35714285714285715,0.14285714285714285,0.42857142857142855,0.0,0.0,0.7857142857142857,0.0,0.07142857142857142,0.07142857142857142,0.07142857142857142,0.0
19517,27.50740740740741,0.13333333333333333,0.06666666666666667,0.0,0.3,0.26666666666666666,0.2,0.0,0.03333333333333333,0.8666666666666667,0.0,0.03333333333333333,0.03333333333333333,0.03333333333333333,0.03333333333333333
19521,30.04259259259259,0.03278688524590164,0.01639344262295082,0.14754098360655737,0.09836065573770492,0.2786885245901639,0.4262295081967213,0.0,0.0,0.8064516129032258,0.0,0.06451612903225806,0.08064516129032258,0.016129032258064516,0.03225806451612903
19525,32.82380952380952,0.045454545454545456,0.13636363636363635,0.18181818181818182,0.13636363636363635,0.18181818181818182,0.2727272727272727,0.0,0.045454545454545456,1.0,0.0,0.0,0.0,0.0,0.0
19548,26.48709677419355,0.0,0.12162162162162163,0.13513513513513514,0.2702702702702703,0.25675675675675674,0.16216216216216217,0.04054054054054054,0.013513513513513514,0.8918918918918919,0.013513513513513514,0.04054054054054054,0.013513513513513514,0.02702702702702703,0.013513513513513514
19558,27.08857142857143,0.1951219512195122,0.07317073170731707,0.07317073170731707,0.2682926829268293,0.17073170731707318,0.21951219512195122,0.0,0.0,0.9024390243902439,0.04878048780487805,0.04878048780487805,0.0,0.0,0.0
19595,46.35,0.0,0.0,0.0,0.0,0.0,1.0,0.0,0.0,1.0,0.0,0.0,0.0,0.0,0.0
19641,28.382978723404257,0.019801980198019802,0.039603960396039604,0.1188118811881188,0.18811881188118812,0.26732673267326734,0.2871287128712871,0.0594059405940594,0.019801980198019802,0.9108910891089109,0.0,0.019801980198019802,0.039603960396039604,0.019801980198019802,0.009900990099009901
19799,38.41372549019608,0.03636363636363636,0.0,0.0,0.0,0.2727272727272727,0.6545454545454545,0.03636363636363636,0.0,0.7818181818181819,0.01818181818181818,0.05454545454545454,0.05454545454545454,0.09090909090909091,0.0
19881,43.84615384615385,0.0,0.0,0.0,0.2,0.26666666666666666,0.5333333333333333,0.0,0.0,0.7333333333333333,0.0,0.13333333333333333,0.06666666666666667,0.06666666666666667,0.0
19910,24.62857142857143,0.03125,0.03125,0.0625,0.25,0.1875,0.4375,0.0,0.0,1.0,0.0,0.0,0.0,0.0,0.0
19931,22.616666666666664,0.08333333333333333,0.0,0.0,0.25,0.25,0.4166666666666667,0.0,0.0,0.9166666666666666,0.0,0.0,0.0,0.0,0.08333333333333333
19990,39.74615384615385,0.0,0.0,0.07142857142857142,0.14285714285714285,0.21428571428571427,0.5714285714285714,0.0,0.0,0.8571428571428571,0.0,0.07142857142857142,0.07142857142857142,0.0,0.0
20030,34.51311475409836,0.015384615384615385,0.0,0.046153846153846156,0.16923076923076924,0.3230769230769231,0.4461538461538462,0.0,0.0,0.8,0.015384615384615385,0.06153846153846154,0.07692307692307693,0.03076923076923077,0.015384615384615385
20041,27.417441860465118,0.041237113402061855,0.061855670103092786,0.030927835051546393,0.14432989690721648,0.21649484536082475,0.4536082474226804,0.041237113402061855,0.010309278350515464,0.9381443298969072,0.0,0.020618556701030927,0.041237113402061855,0.0,0.0
20065,43.665151515151514,0.0273972602739726,0.0547945205479452,0.0547945205479452,0.2054794520547945,0.3424657534246575,0.2876712328767123,0.0136986301369863,0.0136986301369863,0.7123287671232876,0.0136986301369863,0.0273972602739726,0.1232876712328767,0.1232876712328767,0.0
20130,38.800000000000004,0.0,0.0,0.0,0.0,0.5,0.375,0.125,0.0,0.875,0.0,0.0,0.125,0.0,0.0
20239,45.13333333333333,0.0,0.0,0.0,0.2,0.26666666666666666,0.5333333333333333,0.0,0.0,0.7666666666666667,0.1,0.0,0.06666666666666667,0.06666666666666667,0.0
20355,28.799999999999997,0.0,0.0,0.0,0.3,0.1,0.5,0.1,0.0,1.0,0.0,0.0,0.0,0.0,0.0
20361,41.1,0.0,0.0,0.0,0.05,0.3,0.65,0.0,0.0,0.25,0.0,0.15,0.3,0.3,0.0
20415,27.900000000000002,0.1,0.0,0.1,0.16666666666666666,0.26666666666666666,0.36666666666666664,0.0,0.0,0.9666666666666667,0.0,0.03333333333333333,0.0,0.0,0.0
20466,35.68695652173913,0.13043478260869565,0.0,0.08695652173913043,0.21739130434782608,0.17391304347826086,0.391304347826087,0.0,0.0,0.782608695652174,0.043478260869565216,0.0,0.08695652173913043,0.08695652173913043,0.0
20469,37.11333333333334,0.0,0.0,0.13157894736842105,0.10526315789473684,0.2894736842105263,0.47368421052631576,0.0,0.0,0.6578947368421053,0.02631578947368421,0.05263157894736842,0.18421052631578946,0.05263157894736842,0.02631578947368421
20477,39.37826086956522,0.0,0.02040816326530612,0.04081632653061224,0.04081632653061224,0.1836734693877551,0.7142857142857143,0.0,0.0,0.8367346938775511,0.0,0.04081632653061224,0.10204081632653061,0.02040816326530612,0.0
20512,37.2625,0.0,0.0,0.0,0.0,0.36363636363636365,0.6363636363636364,0.0,0.0,0.8181818181818182,0.0,0.09090909090909091,0.09090909090909091,0.0,0.0
20588,47.81785714285714,0.0,0.0,0.0,0.0,0.0,1.0,0.0,0.0,0.6428571428571429,0.0,0.03571428571428571,0.17857142857142858,0.14285714285714285,0.0
20615,43.63333333333333,0.0,0.0,0.08333333333333333,0.08333333333333333,0.0,0.8333333333333334,0.0,0.0,0.75,0.0,0.0,0.0,0.16666666666666666,0.08333333333333333
20709,33.33125,0.0,0.0,0.045454545454545456,0.18181818181818182,0.2727272727272727,0.5,0.0,0.0,0.6363636363636364,0.045454545454545456,0.0,0.2727272727272727,0.045454545454545456,0.0
20756,26.983333333333334,0.0,0.0,0.0,0.0,0.0,1.0,0.0,0.0,1.0,0.0,0.0,0.0,0.0,0.0
20812,32.56,0.05,0.0,0.0,0.0,0.1,0.85,0.0,0.0,0.75,0.0,0.1,0.05,0.0,0.1
20818,30.555,0.0,0.0,0.0,0.3,0.4,0.3,0.0,0.0,0.75,0.05,0.0,0.1,0.05,0.05
20833,36.58571428571429,0.06666666666666667,0.0,0.06666666666666667,0.26666666666666666,0.3333333333333333,0.26666666666666666,0.0,0.0,0.8,0.06666666666666667,0.0,0.06666666666666667,0.06666666666666667,0.0
20891,48.275,0.0,0.0,0.0,0.0,0.2222222222222222,0.7777777777777778,0.0,0.0,0.7777777777777778,0.0,0.0,0.0,0.2222222222222222,0.0
2090,38.710344827586205,0.0,0.0,0.0,0.03225806451612903,0.06451612903225806,0.8387096774193549,0.0,0.06451612903225806,0.8064516129032258,0.0,0.16129032258064516,0.0,0.03225806451612903,0.0
20933,36.98235294117647,0.0,0.1,0.0,0.25,0.35,0.25,0.05,0.0,0.7,0.0,0.0,0.2,0.05,0.05
20966,26.015384615384615,0.07142857142857142,0.21428571428571427,0.14285714285714285,0.14285714285714285,0.07142857142857142,0.35714285714285715,0.0,0.0,0.5714285714285714,0.0,0.07142857142857142,0.14285714285714285,0.21428571428571427,0.0
20985,42.71111111111111,0.0,0.0,0.0,0.0,0.0,0.8888888888888888,0.1111111111111111,0.0,0.8888888888888888,0.0,0.0,0.1111111111111111,0.0,0.0
21017,37.6,0.0,0.0,0.06666666666666667,0.4,0.06666666666666667,0.4666666666666667,0.0,0.0,0.9333333333333333,0.0,0.0,0.06666666666666667,0.0,0.0
21103,29.540000000000003,0.0,0.0625,0.125,0.375,0.125,0.3125,0.0,0.0,0.9375,0.0625,0.0,0.0,0.0,0.0
21271,46.98275862068966,0.0,0.0,0.029411764705882353,0.058823529411764705,0.11764705882352941,0.7941176470588235,0.0,0.0,0.7941176470588235,0.0,0.058823529411764705,0.029411764705882353,0.11764705882352941,0.0
21295,36.27333333333333,0.058823529411764705,0.0,0.058823529411764705,0.11764705882352941,0.17647058823529413,0.4117647058823529,0.17647058823529413,0.0,0.8823529411764706,0.0,0.058823529411764705,0.058823529411764705,0.0,0.0
21353,31.775000000000002,0.0,0.0,0.08333333333333333,0.08333333333333333,0.25,0.5,0.0,0.08333333333333333,0.9166666666666666,0.0,0.0,0.08333333333333333,0.0,0.0
21446,38.21411764705882,0.0,0.010526315789473684,0.06315789473684211,0.09473684210526316,0.24210526315789474,0.5789473684210527,0.0,0.010526315789473684,0.7052631578947368,0.010526315789473684,0.09473684210526316,0.09473684210526316,0.09473684210526316,0.0
21464,41.827777777777776,0.045454545454545456,0.13636363636363635,0.18181818181818182,0.22727272727272727,0.13636363636363635,0.22727272727272727,0.045454545454545456,0.0,0.6818181818181818,0.0,0.09090909090909091,0.13636363636363635,0.09090909090909091,0.0
21600,43.12589285714286,0.0,0.05426356589147287,0.10077519379844961,0.27906976744186046,0.23255813953488372,0.3023255813953488,0.023255813953488372,0.007751937984496124,0.5503875968992248,0.007751937984496124,0.046511627906976744,0.2713178294573643,0.12403100775193798,0.0
21690,30.490476190476187,0.0,0.0,0.09090909090909091,0.22727272727272727,0.18181818181818182,0.5,0.0,0.0,0.7272727272727273,0.0,0.045454545454545456,0.22727272727272727,0.0,0.0
21727,37.86666666666667,0.0,0.0,0.0,0.0,0.2857142857142857,0.7142857142857143,0.0,0.0,0.7142857142857143,0.14285714285714285,0.0,0.14285714285714285,0.0,0.0
21979,44.03506493506493,0.0125,0.0,0.0375,0.125,0.225,0.5875,0.0125,0.0,0.4625,0.0125,0.15,0.2875,0.075,0.0125
22012,36.65625,0.0,0.0,0.0,0.2222222222222222,0.05555555555555555,0.6111111111111112,0.05555555555555555,0.05555555555555555,0.7222222222222222,0.0,0.05555555555555555,0.1111111111111111,0.1111111111111111,0.0
22017,37.325,0.0,0.0,0.1111111111111111,0.16666666666666666,0.2222222222222222,0.5,0.0,0.0,0.8888888888888888,0.0,0.05555555555555555,0.05555555555555555,0.0,0.0
22047,36.32857142857143,0.045454545454545456,0.09090909090909091,0.13636363636363635,0.09090909090909091,0.22727272727272727,0.36363636363636365,0.045454545454545456,0.0,0.9090909090909091,0.0,0.045454545454545456,0.045454545454545456,0.0,0.0
22061,29.299999999999997,0.0,0.0,0.0,0.3333333333333333,0.3333333333333333,0.3333333333333333,0.0,0.0,0.6666666666666666,0.0,0.0,0.0,0.3333333333333333,0.0
22065,28.75,0.0,0.0,0.0,0.0,0.0,1.0,0.0,0.0,1.0,0.0,0.0,0.0,0.0,0.0
22070,41.922222222222224,0.0,0.0,0.0,0.0,0.0,1.0,0.0,0.0,0.65,0.0,0.1,0.1,0.1,0.05
2209,40.6089552238806,0.1111111111111111,0.08641975308641975,0.1728395061728395,0.24691358024691357,0.18518518518518517,0.1728395061728395,0.024691358024691357,0.0,0.8641975308641975,0.024691358024691357,0.012345679012345678,0.012345679012345678,0.08641975308641975,0.0
22110,32.23125,0.029411764705882353,0.029411764705882353,0.058823529411764705,0.20588235294117646,0.3235294117647059,0.29411764705882354,0.029411764705882353,0.029411764705882353,0.5882352941176471,0.0,0.17647058823529413,0.17647058823529413,0.029411764705882353,0.029411764705882353
2310,36.47826086956522,0.0,0.0,0.0,0.0,0.0,1.0,0.0,0.0,0.92,0.0,0.04,0.0,0.04,0.0
2717,50.87352941176471,0.0,0.0,0.0,0.11627906976744186,0.23255813953488372,0.627906976744186,0.023255813953488372,0.0,0.4883720930232558,0.0,0.0,0.4418604651162791,0.06976744186046512,0.0
317,41.98170731707317,0.09411764705882353,0.10588235294117647,0.15294117647058825,0.2,0.24705882352941178,0.18823529411764706,0.011764705882352941,0.0,0.4823529411764706,0.011764705882352941,0.08235294117647059,0.17647058823529413,0.2235294117647059,0.023529411764705882
318882,33.1,0.0,0.1111111111111111,0.0,0.5555555555555556,0.1111111111111111,0.2222222222222222,0.0,0.0,0.6666666666666666,0.1111111111111111,0.0,0.0,0.2222222222222222,0.0
3190,46.42941176470588,0.0,0.029411764705882353,0.08823529411764706,0.11764705882352941,0.35294117647058826,0.35294117647058826,0.058823529411764705,0.0,0.7058823529411765,0.029411764705882353,0.0,0.23529411764705882,0.029411764705882353,0.0
3193,45.24857142857143,0.0,0.07142857142857142,0.047619047619047616,0.16666666666666666,0.30952380952380953,0.3333333333333333,0.07142857142857142,0.0,0.6666666666666666,0.047619047619047616,0.0,0.21428571428571427,0.07142857142857142,0.0
3197,50.388461538461534,0.0,0.03571428571428571,0.0,0.10714285714285714,0.25,0.6071428571428571,0.0,0.0,0.6071428571428571,0.0,0.07142857142857142,0.25,0.07142857142857142,0.0
3211,41.66266666666667,0.024096385542168676,0.024096385542168676,0.07228915662650602,0.20481927710843373,0.30120481927710846,0.37349397590361444,0.0,0.0,0.5542168674698795,0.012048192771084338,0.012048192771084338,0.30120481927710846,0.10843373493975904,0.012048192771084338
3419,48.77317073170732,0.022727272727272728,0.06818181818181818,0.045454545454545456,0.22727272727272727,0.38636363636363635,0.22727272727272727,0.022727272727272728,0.0,0.8863636363636364,0.0,0.045454545454545456,0.045454545454545456,0.022727272727272728,0.0
3531,30.256249999999998,0.0,0.0,0.0,0.05263157894736842,0.15789473684210525,0.7368421052631579,0.0,0.05263157894736842,1.0,0.0,0.0,0.0,0.0,0.0
36,39.71388888888889,0.07894736842105263,0.0,0.10526315789473684,0.18421052631578946,0.42105263157894735,0.21052631578947367,0.0,0.0,0.631578947368421,0.07894736842105263,0.05263157894736842,0.10526315789473684,0.13157894736842105,0.0
362880,35.475,0.0,0.0,0.2,0.0,0.4,0.4,0.0,0.0,0.8,0.0,0.0,0.0,0.0,0.2
3676,39.72666666666667,0.02857142857142857,0.05714285714285714,0.08571428571428572,0.05714285714285714,0.34285714285714286,0.42857142857142855,0.0,0.0,0.9714285714285714,0.0,0.02857142857142857,0.0,0.0,0.0
37303,30.389473684210525,0.025,0.05,0.125,0.3,0.275,0.2,0.025,0.0,0.975,0.025,0.0,0.0,0.0,0.0
37788,40.86,0.0,0.0,0.09523809523809523,0.19047619047619047,0.23809523809523808,0.47619047619047616,0.0,0.0,0.8095238095238095,0.0,0.09523809523809523,0.0,0.047619047619047616,0.047619047619047616
37862,27.828070175438597,0.047619047619047616,0.0,0.12698412698412698,0.15873015873015872,0.30158730158730157,0.3333333333333333,0.031746031746031744,0.0,0.7301587301587301,0.0,0.015873015873015872,0.20634920634920634,0.015873015873015872,0.031746031746031744
3858,33.04615384615385,0.0,0.07692307692307693,0.0,0.07692307692307693,0.23076923076923078,0.6153846153846154,0.0,0.0,1.0,0.0,0.0,0.0,0.0,0.0
3859,34.74285714285714,0.0,0.0,0.0,0.125,0.25,0.625,0.0,0.0,0.875,0.0,0.0,0.0,0.125,0.0
38834,28.23766233766234,0.07228915662650602,0.18072289156626506,0.0963855421686747,0.18072289156626506,0.25301204819277107,0.18072289156626506,0.024096385542168676,0.012048192771084338,0.8674698795180723,0.0,0.060240963855421686,0.04819277108433735,0.024096385542168676,0.0
3935,39.233333333333334,0.047619047619047616,0.0,0.09523809523809523,0.14285714285714285,0.19047619047619047,0.5238095238095238,0.0,0.0,0.7142857142857143,0.0,0.09523809523809523,0.09523809523809523,0.09523809523809523,0.0
39407,33.6125,0.0,0.0,0.11764705882352941,0.058823529411764705,0.29411764705882354,0.5294117647058824,0.0,0.0,0.9411764705882353,0.0,0.0,0.0,0.058823529411764705,0.0
40343,36.84285714285714,0.0,0.0,0.0,0.17647058823529413,0.29411764705882354,0.5294117647058824,0.0,0.0,0.9411764705882353,0.0,0.0,0.058823529411764705,0.0,0.0
41238,38.71818181818182,0.02631578947368421,0.02631578947368421,0.15789473684210525,0.13157894736842105,0.3157894736842105,0.34210526315789475,0.0,0.0,0.6052631578947368,0.07894736842105263,0.02631578947368421,0.15789473684210525,0.13157894736842105,0.0
41242,32.955999999999996,0.0,0.03225806451612903,0.03225806451612903,0.12903225806451613,0.2903225806451613,0.4838709677419355,0.03225806451612903,0.0,0.8064516129032258,0.03225806451612903,0.12903225806451613,0.03225806451612903,0.0,0.0
41266,34.736,0.058823529411764705,0.0,0.058823529411764705,0.14705882352941177,0.3235294117647059,0.38235294117647056,0.029411764705882353,0.0,0.7941176470588235,0.029411764705882353,0.029411764705882353,0.08823529411764706,0.058823529411764705,0.0
41710,44.59130434782608,0.0,0.038461538461538464,0.11538461538461539,0.23076923076923078,0.34615384615384615,0.19230769230769232,0.07692307692307693,0.0,0.8076923076923077,0.0,0.0,0.07692307692307693,0.038461538461538464,0.07692307692307693
42236,35.166666666666664,0.0,0.0,0.0,0.0,0.0,1.0,0.0,0.0,0.8333333333333334,0.0,0.0,0.16666666666666666,0.0,0.0
43044,27.12777777777778,0.043478260869565216,0.043478260869565216,0.08695652173913043,0.17391304347826086,0.34782608695652173,0.30434782608695654,0.0,0.0,0.7391304347826086,0.08695652173913043,0.0,0.17391304347826086,0.0,0.0
43257,38.62682926829268,0.0,0.023255813953488372,0.0,0.023255813953488372,0.11627906976744186,0.8372093023255814,0.0,0.0,0.9069767441860465,0.0,0.023255813953488372,0.0,0.023255813953488372,0.046511627906976744
43487,26.205479452054796,0.21951219512195122,0.0975609756097561,0.07317073170731707,0.17073170731707318,0.2804878048780488,0.15853658536585366,0.0,0.0,0.8536585365853658,0.024390243902439025,0.012195121951219513,0.06097560975609756,0.024390243902439025,0.024390243902439025
43645,30.869767441860468,0.02040816326530612,0.04081632653061224,0.16326530612244897,0.10204081632653061,0.22448979591836735,0.4489795918367347,0.0,0.0,0.8571428571428571,0.0,0.04081632653061224,0.08163265306122448,0.02040816326530612,0.0
43664,26.19782608695652,0.018867924528301886,0.07547169811320754,0.05660377358490566,0.22641509433962265,0.22641509433962265,0.33962264150943394,0.018867924528301886,0.03773584905660377,0.7547169811320755,0.05660377358490566,0.05660377358490566,0.05660377358490566,0.05660377358490566,0.018867924528301886
44016,40.756521739130434,0.04,0.0,0.0,0.16,0.28,0.52,0.0,0.0,0.8,0.0,0.12,0.04,0.04,0.0
44265,33.294117647058826,0.0,0.0,0.29411764705882354,0.35294117647058826,0.29411764705882354,0.058823529411764705,0.0,0.0,0.47058823529411764,0.0,0.058823529411764705,0.47058823529411764,0.0,0.0
45096,39.095,0.0,0.0,0.0,0.07407407407407407,0.25925925925925924,0.6666666666666666,0.0,0.0,0.8888888888888888,0.0,0.0,0.07407407407407407,0.0,0.037037037037037035
4547,33.214285714285715,0.0,0.1111111111111111,0.0,0.16666666666666666,0.2777777777777778,0.3888888888888889,0.05555555555555555,0.0,0.9444444444444444,0.0,0.0,0.0,0.0,0.05555555555555555
45850,44.24285714285714,0.0,0.0,0.0,0.0,0.42857142857142855,0.5714285714285714,0.0,0.0,0.7142857142857143,0.14285714285714285,0.0,0.0,0.14285714285714285,0.0
46017,36.84705882352941,0.0,0.0,0.09523809523809523,0.2857142857142857,0.23809523809523808,0.3333333333333333,0.047619047619047616,0.0,0.9523809523809523,0.0,0.0,0.0,0.047619047619047616,0.0
46112,35.35,0.0,0.0,0.0,0.0,0.5,0.5,0.0,0.0,1.0,0.0,0.0,0.0,0.0,0.0
46377,33.725,0.0,0.0,0.3,0.2,0.2,0.3,0.0,0.0,0.7,0.0,0.2,0.0,0.1,0.0
4675,30.233333333333334,0.0,0.0,0.0,0.0,0.0,1.0,0.0,0.0,1.0,0.0,0.0,0.0,0.0,0.0
46884,31.835714285714285,0.0,0.0625,0.3125,0.3125,0.1875,0.125,0.0,0.0,0.9375,0.0,0.0,0.0625,0.0,0.0
46892,39.06842105263158,0.05263157894736842,0.0,0.05263157894736842,0.05263157894736842,0.3684210526315789,0.47368421052631576,0.0,0.0,0.7368421052631579,0.0,0.05263157894736842,0.05263157894736842,0.15789473684210525,0.0
46972,26.857142857142858,0.0,0.0,0.25,0.25,0.0,0.5,0.0,0.0,0.625,0.125,0.125,0.0,0.125,0.0
47051,36.06111111111111,0.1,0.0,0.05,0.05,0.0,0.8,0.0,0.0,0.8,0.0,0.05,0.1,0.05,0.0
47069,38.00869565217391,0.038461538461538464,0.0,0.038461538461538464,0.038461538461538464,0.19230769230769232,0.6923076923076923,0.0,0.0,0.5,0.07692307692307693,0.19230769230769232,0.11538461538461539,0.11538461538461539,0.0
47113,35.583333333333336,0.0,0.0,0.09090909090909091,0.18181818181818182,0.13636363636363635,0.5909090909090909,0.0,0.0,0.8636363636363636,0.0,0.09090909090909091,0.0,0.0,0.045454545454545456
47478,35.05,0.0,0.0,0.0,0.25,0.25,0.5,0.0,0.0,0.75,0.0,0.25,0.0,0.0,0.0
47505,37.306666666666665,0.125,0.0,0.0,0.125,0.125,0.625,0.0,0.0,0.6875,0.0,0.125,0.125,0.0625,0.0
47535,37.21578947368421,0.047619047619047616,0.0,0.0,0.14285714285714285,0.5714285714285714,0.23809523809523808,0.0,0.0,0.9523809523809523,0.047619047619047616,0.0,0.0,0.0,0.0
47603,23.661538461538463,0.0,0.058823529411764705,0.11764705882352941,0.0,0.23529411764705882,0.5882352941176471,0.0,0.0,0.7647058823529411,0.0,0.0,0.23529411764705882,0.0,0.0
47630,27.366666666666664,0.13333333333333333,0.13333333333333333,0.13333333333333333,0.06666666666666667,0.2,0.3333333333333333,0.0,0.0,0.8,0.0,0.0,0.13333333333333333,0.06666666666666667,0.0
47874,33.349999999999994,0.0,0.0,0.0,0.3333333333333333,0.3333333333333333,0.3333333333333333,0.0,0.0,1.0,0.0,0.0,0.0,0.0,0.0
47941,39.44444444444444,0.0,0.0,0.0,0.0,0.0,0.8888888888888888,0.0,0.1111111111111111,1.0,0.0,0.0,0.0,0.0,0.0
48169,40.46875,0.0,0.0,0.045454545454545456,0.09090909090909091,0.18181818181818182,0.6818181818181818,0.0,0.0,0.8181818181818182,0.0,0.0,0.045454545454545456,0.13636363636363635,0.0
48205,24.603571428571428,0.016129032258064516,0.016129032258064516,0.0967741935483871,0.1935483870967742,0.16129032258064516,0.46774193548387094,0.03225806451612903,0.016129032258064516,0.8709677419354839,0.0,0.03225806451612903,0.06451612903225806,0.03225806451612903,0.0
48393,41.12,0.0,0.0,0.06666666666666667,0.0,0.2,0.7333333333333333,0.0,0.0,0.6,0.0,0.2,0.13333333333333333,0.06666666666666667,0.0
48437,37.03333333333333,0.0,0.05263157894736842,0.0,0.0,0.42105263157894735,0.47368421052631576,0.05263157894736842,0.0,0.7894736842105263,0.10526315789473684,0.0,0.10526315789473684,0.0,0.0
48675,36.07272727272727,0.06666666666666667,0.0,0.0,0.2,0.26666666666666666,0.4666666666666667,0.0,0.0,0.5333333333333333,0.0,0.2,0.13333333333333333,0.13333333333333333,0.0
48677,32.375,0.0625,0.0,0.0,0.125,0.25,0.5,0.0625,0.0,0.6875,0.0,0.0,0.125,0.1875,0.0
48679,33.2,0.25,0.0,0.0,0.125,0.375,0.125,0.125,0.0,1.0,0.0,0.0,0.0,0.0,0.0
48950,38.67272727272727,0.0,0.0,0.0,0.0,0.0,1.0,0.0,0.0,0.5,0.08333333333333333,0.08333333333333333,0.25,0.08333333333333333,0.0
49054,37.43,0.029411764705882353,0.0,0.029411764705882353,0.20588235294117646,0.14705882352941177,0.5,0.029411764705882353,0.058823529411764705,0.8823529411764706,0.0,0.029411764705882353,0.058823529411764705,0.029411764705882353,0.0
49071,33.44,0.0,0.0,0.07692307692307693,0.0,0.3076923076923077,0.6153846153846154,0.0,0.0,0.6923076923076923,0.0,0.23076923076923078,0.07692307692307693,0.0,0.0
49343,30.544444444444448,0.058823529411764705,0.11764705882352941,0.058823529411764705,0.058823529411764705,0.23529411764705882,0.4411764705882353,0.029411764705882353,0.0,0.8823529411764706,0.0,0.0,0.08823529411764706,0.0,0.029411764705882353
49613,36.35,0.029411764705882353,0.08823529411764706,0.0,0.08823529411764706,0.29411764705882354,0.5,0.0,0.0,0.8529411764705882,0.0,0.08823529411764706,0.0,0.058823529411764705,0.0
4963,32.458333333333336,0.07407407407407407,0.0,0.1111111111111111,0.25925925925925924,0.18518518518518517,0.3333333333333333,0.0,0.037037037037037035,0.9259259259259259,0.0,0.037037037037037035,0.037037037037037035,0.0,0.0
5000135,41.78169014084507,0.05333333333333334,0.08,0.12,0.29333333333333333,0.24,0.18666666666666668,0.013333333333333334,0.013333333333333334,0.6133333333333333,0.05333333333333334,0.12,0.09333333333333334,0.10666666666666667,0.013333333333333334
5000143,39.04642857142857,0.0,0.0,0.03076923076923077,0.1076923076923077,0.35384615384615387,0.4307692307692308,0.07692307692307693,0.0,0.7384615384615385,0.015384615384615385,0.06153846153846154,0.13846153846153847,0.046153846153846156,0.0
5000154,24.63529411764706,0.10526315789473684,0.10526315789473684,0.10526315789473684,0.05263157894736842,0.10526315789473684,0.47368421052631576,0.05263157894736842,0.0,0.8421052631578947,0.0,0.10526315789473684,0.05263157894736842,0.0,0.0
5000201,40.39677419354839,0.017391304347826087,0.017391304347826087,0.017391304347826087,0.06086956521739131,0.09565217391304348,0.391304347826087,0.0782608695652174,0.3217391304347826,0.9217391304347826,0.0,0.017391304347826087,0.017391304347826087,0.017391304347826087,0.02608695652173913
5000356,39.80352941176471,0.043478260869565216,0.021739130434782608,0.08695652173913043,0.25,0.22826086956521738,0.32608695652173914,0.03260869565217391,0.010869565217391304,0.6195652173913043,0.05434782608695652,0.05434782608695652,0.1956521739130435,0.07608695652173914,0.0
5000385,44.39767441860465,0.0,0.0,0.0,0.1276595744680851,0.2553191489361702,0.6170212765957447,0.0,0.0,0.2978723404255319,0.02127659574468085,0.1276595744680851,0.44680851063829785,0.0851063829787234,0.02127659574468085
5000578,32.358823529411765,0.0,0.0,0.0,0.15,0.3,0.55,0.0,0.0,0.45,0.05,0.05,0.25,0.2,0.0
5001006,35.266666666666666,0.0,0.0,0.0,0.09090909090909091,0.45454545454545453,0.45454545454545453,0.0,0.0,0.8181818181818182,0.0,0.0,0.0,0.18181818181818182,0.0
50082,40.489999999999995,0.07142857142857142,0.07142857142857142,0.0,0.2857142857142857,0.14285714285714285,0.42857142857142855,0.0,0.0,0.6428571428571429,0.0,0.07142857142857142,0.2857142857142857,0.0,0.0
50229,41.1625,0.0,0.0,0.1111111111111111,0.0,0.1111111111111111,0.7777777777777778,0.0,0.0,0.4444444444444444,0.0,0.2222222222222222,0.1111111111111111,0.1111111111111111,0.1111111111111111
50250,45.898148148148145,0.0,0.0,0.0,0.08771929824561403,0.3508771929824561,0.5614035087719298,0.0,0.0,0.5087719298245614,0.017543859649122806,0.08771929824561403,0.14035087719298245,0.24561403508771928,0.0
50296,24.81463414634146,0.046511627906976744,0.09302325581395349,0.09302325581395349,0.20930232558139536,0.20930232558139536,0.27906976744186046,0.06976744186046512,0.0,0.9534883720930233,0.0,0.023255813953488372,0.0,0.023255813953488372,0.0
50364,38.72608695652174,0.0,0.0,0.041666666666666664,0.041666666666666664,0.16666666666666666,0.75,0.0,0.0,0.875,0.0,0.08333333333333333,0.0,0.041666666666666664,0.0
50572,34.86896551724138,0.0,0.06451612903225806,0.22580645161290322,0.1935483870967742,0.1935483870967742,0.2903225806451613,0.03225806451612903,0.0,0.7741935483870968,0.0,0.12903225806451613,0.06451612903225806,0.03225806451612903,0.0
50582,31.477777777777778,0.046511627906976744,0.046511627906976744,0.046511627906976744,0.2558139534883721,0.3488372093023256,0.23255813953488372,0.023255813953488372,0.0,0.813953488372093,0.0,0.06976744186046512,0.06976744186046512,0.0,0.046511627906976744
50752,29.772727272727273,0.0,0.0,0.0,0.08333333333333333,0.3333333333333333,0.5,0.08333333333333333,0.0,0.75,0.0,0.0,0.0,0.0,0.25
50754,28.389473684210525,0.0,0.0,0.1,0.0,0.0,0.9,0.0,0.0,0.8,0.05,0.1,0.0,0.05,0.0
50760,35.26363636363636,0.16666666666666666,0.25,0.16666666666666666,0.0,0.25,0.16666666666666666,0.0,0.0,0.9166666666666666,0.0,0.08333333333333333,0.0,0.0,0.0
5079,36.650877192982456,0.0,0.0,0.028985507246376812,0.15942028985507245,0.21739130434782608,0.5797101449275363,0.014492753623188406,0.0,0.8260869565217391,0.0,0.07246376811594203,0.057971014492753624,0.043478260869565216,0.0
50970,34.5,0.0,0.045454545454545456,0.09090909090909091,0.18181818181818182,0.2727272727272727,0.4090909090909091,0.0,0.0,0.6818181818181818,0.045454545454545456,0.09090909090909091,0.045454545454545456,0.13636363636363635,0.0
50981,31.93,0.1,0.0,0.1,0.0,0.1,0.6,0.1,0.0,0.4,0.0,0.0,0.6,0.0,0.0
51020,40.339999999999996,0.16666666666666666,0.3333333333333333,0.0,0.16666666666666666,0.0,0.3333333333333333,0.0,0.0,0.5,0.0,0.16666666666666666,0.16666666666666666,0.16666666666666666,0.0
51050,34.86875,0.125,0.1875,0.0625,0.125,0.125,0.375,0.0,0.0,0.875,0.0,0.0,0.125,0.0,0.0
51139,30.666666666666668,0.0,0.06451612903225806,0.0,0.06451612903225806,0.41935483870967744,0.41935483870967744,0.03225806451612903,0.0,0.8709677419354839,0.0,0.0967741935483871,0.03225806451612903,0.0,0.0
51180,33.75714285714286,0.0,0.0,0.07142857142857142,0.07142857142857142,0.21428571428571427,0.6428571428571429,0.0,0.0,0.7142857142857143,0.07142857142857142,0.07142857142857142,0.14285714285714285,0.0,0.0
51233,37.019999999999996,0.09090909090909091,0.0,0.18181818181818182,0.36363636363636365,0.18181818181818182,0.18181818181818182,0.0,0.0,0.7272727272727273,0.0,0.18181818181818182,0.0,0.09090909090909091,0.0
51279,30.549999999999997,0.0,0.0,0.0,0.16666666666666666,0.16666666666666666,0.6666666666666666,0.0,0.0,0.8333333333333334,0.0,0.0,0.16666666666666666,0.0,0.0
513,45.15555555555556,0.03508771929824561,0.017543859649122806,0.03508771929824561,0.12280701754385964,0.40350877192982454,0.3508771929824561,0.017543859649122806,0.017543859649122806,0.7017543859649122,0.05263157894736842,0.03508771929824561,0.07017543859649122,0.14035087719298245,0.0
51307,43.980000000000004,0.16666666666666666,0.0,0.16666666666666666,0.16666666666666666,0.16666666666666666,0.3333333333333333,0.0,0.0,0.8333333333333334,0.0,0.0,0.16666666666666666,0.0,0.0
51527,37.18,0.2,0.2,0.2,0.0,0.2,0.2,0.0,0.0,0.6,0.0,0.4,0.0,0.0,0.0
51603,43.87777777777777,0.0,0.0,0.0,0.1111111111111111,0.0,0.8888888888888888,0.0,0.0,0.7777777777777778,0.0,0.1111111111111111,0.1111111111111111,0.0,0.0
52048,45.619512195121956,0.06818181818181818,0.045454545454545456,0.22727272727272727,0.13636363636363635,0.25,0.2727272727272727,0.0,0.0,0.6818181818181818,0.022727272727272728,0.022727272727272728,0.22727272727272727,0.045454545454545456,0.0
52210,36.71,0.1,0.0,0.0,0.2,0.1,0.6,0.0,0.0,0.4,0.0,0.1,0.4,0.1,0.0
5238,41.03333333333333,0.0,0.0,0.125,0.125,0.25,0.5,0.0,0.0,0.875,0.0,0.0,0.125,0.0,0.0
52665,38.093333333333334,0.0,0.0,0.0,0.0625,0.0625,0.8125,0.0625,0.0,1.0,0.0,0.0,0.0,0.0,0.0
52809,39.22105263157895,0.047619047619047616,0.14285714285714285,0.047619047619047616,0.23809523809523808,0.19047619047619047,0.3333333333333333,0.0,0.0,0.8571428571428571,0.0,0.047619047619047616,0.047619047619047616,0.047619047619047616,0.0
53331,47.042857142857144,0.0,0.0,0.0,0.0,0.42857142857142855,0.5714285714285714,0.0,0.0,0.42857142857142855,0.0,0.14285714285714285,0.42857142857142855,0.0,0.0
53333,37.957142857142856,0.0,0.0,0.07142857142857142,0.0,0.35714285714285715,0.5714285714285714,0.0,0.0,0.9285714285714286,0.0,0.07142857142857142,0.0,0.0,0.0
53342,50.269999999999996,0.0,0.0,0.0,0.0,0.08333333333333333,0.9166666666666666,0.0,0.0,0.75,0.0,0.08333333333333333,0.08333333333333333,0.08333333333333333,0.0
53520,32.831034482758625,0.0,0.0,0.15,0.25,0.2,0.25,0.15,0.0,0.925,0.0,0.025,0.025,0.025,0.0
53788,23.37719298245614,0.05357142857142857,0.05357142857142857,0.16071428571428573,0.21428571428571427,0.25,0.17857142857142858,0.05357142857142857,0.03571428571428571,0.8571428571428571,0.0,0.03571428571428571,0.05357142857142857,0.017857142857142856,0.03571428571428571
53898,32.1625,0.0,0.03571428571428571,0.0,0.21428571428571427,0.25,0.5,0.0,0.0,0.5714285714285714,0.0,0.14285714285714285,0.14285714285714285,0.14285714285714285,0.0
54172,46.16923076923077,0.07142857142857142,0.0,0.0,0.07142857142857142,0.21428571428571427,0.6428571428571429,0.0,0.0,0.9285714285714286,0.0,0.0,0.0,0.07142857142857142,0.0
54520,44.431111111111115,0.0,0.020833333333333332,0.0,0.14583333333333334,0.16666666666666666,0.6666666666666666,0.0,0.0,0.8125,0.0,0.0,0.1875,0.0,0.0
54538,49.24285714285714,0.0,0.0,0.0,0.125,0.25,0.625,0.0,0.0,1.0,0.0,0.0,0.0,0.0,0.0
54792,26.616666666666664,0.16666666666666666,0.0,0.0,0.6666666666666666,0.0,0.16666666666666666,0.0,0.0,0.8333333333333334,0.0,0.0,0.16666666666666666,0.0,0.0
5485,29.0425,0.023809523809523808,0.0,0.047619047619047616,0.14285714285714285,0.30952380952380953,0.40476190476190477,0.023809523809523808,0.047619047619047616,0.8571428571428571,0.0,0.023809523809523808,0.07142857142857142,0.023809523809523808,0.023809523809523808
54934,41.627272727272725,0.0,0.0,0.0,0.08333333333333333,0.25,0.6666666666666666,0.0,0.0,0.6666666666666666,0.0,0.0,0.16666666666666666,0.16666666666666666,0.0
54961,39.406666666666666,0.0,0.0,0.23529411764705882,0.23529411764705882,0.23529411764705882,0.29411764705882354,0.0,0.0,0.8235294117647058,0.0,0.058823529411764705,0.0,0.058823529411764705,0.058823529411764705
55096,29.86,0.0625,0.0,0.125,0.125,0.25,0.4375,0.0,0.0,0.875,0.0,0.0625,0.0,0.0625,0.0
55402,36.526666666666664,0.0,0.0,0.0,0.0,0.0,0.9375,0.0625,0.0,0.6875,0.0,0.125,0.1875,0.0,0.0
55777,38.84230769230769,0.0,0.0,0.0,0.0,0.07142857142857142,0.8928571428571429,0.03571428571428571,0.0,0.9642857142857143,0.0,0.0,0.03571428571428571,0.0,0.0
56172,40.252941176470586,0.0,0.047619047619047616,0.047619047619047616,0.14285714285714285,0.19047619047619047,0.5238095238095238,0.047619047619047616,0.0,0.7619047619047619,0.0,0.14285714285714285,0.047619047619047616,0.047619047619047616,0.0
56726,22.7,0.1111111111111111,0.1111111111111111,0.0,0.3333333333333333,0.2222222222222222,0.2222222222222222,0.0,0.0,0.6666666666666666,0.0,0.2222222222222222,0.0,0.1111111111111111,0.0
56757,34.72,0.0,0.0,0.0,0.3333333333333333,0.16666666666666666,0.5,0.0,0.0,1.0,0.0,0.0,0.0,0.0,0.0
56766,39.45384615384615,0.0,0.037037037037037035,0.037037037037037035,0.037037037037037035,0.07407407407407407,0.7777777777777778,0.0,0.037037037037037035,0.7407407407407407,0.0,0.037037037037037035,0.07407407407407407,0.14814814814814814,0.0
57174,39.92758620689656,0.030303030303030304,0.0,0.12121212121212122,0.045454545454545456,0.30303030303030304,0.48484848484848486,0.015151515151515152,0.0,0.6060606060606061,0.015151515151515152,0.10606060606060606,0.12121212121212122,0.15151515151515152,0.0
57178,32.371428571428574,0.1875,0.125,0.125,0.1875,0.25,0.125,0.0,0.0,0.8125,0.0,0.1875,0.0,0.0,0.0
57279,47.75,0.0,0.0,0.0,0.0,0.25,0.75,0.0,0.0,1.0,0.0,0.0,0.0,0.0,0.0
57458,37.30909090909091,0.02702702702702703,0.0,0.02702702702702703,0.13513513513513514,0.08108108108108109,0.7297297297297297,0.0,0.0,0.7837837837837838,0.02702702702702703,0.05405405405405406,0.05405405405405406,0.08108108108108109,0.0
57466,32.18,0.0,0.0,0.0,0.2857142857142857,0.42857142857142855,0.2857142857142857,0.0,0.0,0.5714285714285714,0.0,0.14285714285714285,0.2857142857142857,0.0,0.0
57504,41.26666666666667,0.0,0.14285714285714285,0.14285714285714285,0.14285714285714285,0.42857142857142855,0.14285714285714285,0.0,0.0,1.0,0.0,0.0,0.0,0.0,0.0
57606,32.71,0.1,0.1,0.1,0.1,0.2,0.4,0.0,0.0,0.7,0.1,0.0,0.1,0.0,0.1
57612,38.333333333333336,0.16666666666666666,0.0,0.0,0.16666666666666666,0.3333333333333333,0.3333333333333333,0.0,0.0,0.8333333333333334,0.0,0.0,0.16666666666666666,0.0,0.0
57702,41.546031746031744,0.04411764705882353,0.014705882352941176,0.10294117647058823,0.16176470588235295,0.3382352941176471,0.3235294117647059,0.014705882352941176,0.0,0.7352941176470589,0.0,0.1323529411764706,0.07352941176470588,0.058823529411764705,0.0
57820,30.94545454545454,0.15384615384615385,0.0,0.0,0.23076923076923078,0.23076923076923078,0.38461538461538464,0.0,0.0,0.8461538461538461,0.0,0.0,0.07692307692307693,0.0,0.07692307692307693
57900,36.325,0.0625,0.0,0.0,0.0625,0.3125,0.5625,0.0,0.0,0.9375,0.0,0.0,0.0625,0.0,0.0
57906,42.1,0.0,0.0,0.0,0.0,0.0,1.0,0.0,0.0,1.0,0.0,0.0,0.0,0.0,0.0
57984,40.5656862745098,0.0,0.0,0.016666666666666666,0.058333333333333334,0.14166666666666666,0.775,0.008333333333333333,0.0,0.7,0.008333333333333333,0.09166666666666666,0.075,0.125,0.0
58006,40.18,0.0,0.1,0.0,0.0,0.1,0.8,0.0,0.0,1.0,0.0,0.0,0.0,0.0,0.0
5841,25.7140625,0.014285714285714285,0.02857142857142857,0.08571428571428572,0.1,0.24285714285714285,0.5285714285714286,0.0,0.0,0.8285714285714286,0.014285714285714285,0.05714285714285714,0.05714285714285714,0.02857142857142857,0.014285714285714285
58498,43.721739130434784,0.0,0.0,0.0,0.0,0.13043478260869565,0.8260869565217391,0.043478260869565216,0.0,0.782608695652174,0.0,0.043478260869565216,0.043478260869565216,0.13043478260869565,0.0
58808,24.65416666666667,0.034482758620689655,0.13793103448275862,0.0,0.2413793103448276,0.3448275862068966,0.20689655172413793,0.034482758620689655,0.0,0.9655172413793104,0.0,0.0,0.0,0.034482758620689655,0.0
58928,33.96153846153846,0.024390243902439025,0.07317073170731707,0.17073170731707318,0.24390243902439024,0.24390243902439024,0.24390243902439024,0.0,0.0,0.6097560975609756,0.0,0.14634146341463414,0.17073170731707318,0.07317073170731707,0.0
59001,27.275,0.0,0.0,0.0,0.0,0.25,0.75,0.0,0.0,0.5,0.0,0.5,0.0,0.0,0.0
59060,29.049999999999997,0.0,0.045454545454545456,0.13636363636363635,0.18181818181818182,0.22727272727272727,0.4090909090909091,0.0,0.0,0.6818181818181818,0.0,0.045454545454545456,0.18181818181818182,0.09090909090909091,0.0
59109,41.044444444444444,0.0,0.0,0.2222222222222222,0.1111111111111111,0.2222222222222222,0.4444444444444444,0.0,0.0,0.7777777777777778,0.0,0.1111111111111111,0.1111111111111111,0.0,0.0
59122,40.28333333333333,0.0,0.0,0.0,0.0,0.0,1.0,0.0,0.0,0.8421052631578947,0.0,0.05263157894736842,0.0,0.05263157894736842,0.05263157894736842
594,45.358139534883726,0.0,0.0,0.045454545454545456,0.11363636363636363,0.38636363636363635,0.45454545454545453,0.0,0.0,0.5227272727272727,0.0,0.022727272727272728,0.20454545454545456,0.25,0.0
59523,33.944,0.0,0.0,0.03225806451612903,0.03225806451612903,0.3870967741935484,0.5161290322580645,0.0,0.03225806451612903,0.5806451612903226,0.03225806451612903,0.06451612903225806,0.1935483870967742,0.12903225806451613,0.0
60406,38.43939393939394,0.02857142857142857,0.02857142857142857,0.11428571428571428,0.22857142857142856,0.2,0.37142857142857144,0.02857142857142857,0.0,0.8857142857142857,0.0,0.0,0.08571428571428572,0.0,0.02857142857142857
60428,27.58695652173913,0.08333333333333333,0.125,0.041666666666666664,0.16666666666666666,0.20833333333333334,0.375,0.0,0.0,0.7916666666666666,0.0,0.0,0.08333333333333333,0.041666666666666664,0.08333333333333333
60430,42.18260869565218,0.08695652173913043,0.13043478260869565,0.13043478260869565,0.30434782608695654,0.08695652173913043,0.17391304347826086,0.043478260869565216,0.043478260869565216,0.6521739130434783,0.043478260869565216,0.0,0.30434782608695654,0.0,0.0
60462,27.5,0.0,0.0,0.10526315789473684,0.05263157894736842,0.3157894736842105,0.5263157894736842,0.0,0.0,0.6842105263157895,0.0,0.05263157894736842,0.2631578947368421,0.0,0.0
60464,35.981818181818184,0.06666666666666667,0.06666666666666667,0.06666666666666667,0.3333333333333333,0.26666666666666666,0.2,0.0,0.0,0.7333333333333333,0.0,0.0,0.06666666666666667,0.06666666666666667,0.13333333333333333
60560,34.59285714285714,0.0,0.0,0.05555555555555555,0.16666666666666666,0.3888888888888889,0.3888888888888889,0.0,0.0,0.8333333333333334,0.0,0.0,0.16666666666666666,0.0,0.0
60644,47.84782608695652,0.0,0.0,0.0,0.043478260869565216,0.043478260869565216,0.9130434782608695,0.0,0.0,0.8695652173913043,0.043478260869565216,0.0,0.043478260869565216,0.043478260869565216,0.0
60743,38.800000000000004,0.125,0.0,0.375,0.0,0.0,0.5,0.0,0.0,1.0,0.0,0.0,0.0,0.0,0.0
614,49.639240506329116,0.03488372093023256,0.011627906976744186,0.046511627906976744,0.12790697674418605,0.29069767441860467,0.45348837209302323,0.03488372093023256,0.0,0.5232558139534884,0.03488372093023256,0.03488372093023256,0.1744186046511628,0.23255813953488372,0.0
62382,35.02222222222222,0.07692307692307693,0.07692307692307693,0.3076923076923077,0.23076923076923078,0.3076923076923077,0.0,0.0,0.0,0.7692307692307693,0.0,0.0,0.07692307692307693,0.15384615384615385,0.0
62484,47.78863636363636,0.0,0.0,0.0,0.14893617021276595,0.2765957446808511,0.48936170212765956,0.0851063829787234,0.0,0.6382978723404256,0.06382978723404255,0.0425531914893617,0.06382978723404255,0.1702127659574468,0.02127659574468085
62538,33.910714285714285,0.02857142857142857,0.0,0.17142857142857143,0.2,0.2,0.4,0.0,0.0,0.7428571428571429,0.02857142857142857,0.08571428571428572,0.08571428571428572,0.02857142857142857,0.02857142857142857
63556,39.92413793103448,0.0,0.03333333333333333,0.03333333333333333,0.16666666666666666,0.23333333333333334,0.5333333333333333,0.0,0.0,0.7666666666666667,0.0,0.13333333333333333,0.1,0.0,0.0
63732,37.800000000000004,0.0,0.0,0.05555555555555555,0.05555555555555555,0.2222222222222222,0.6666666666666666,0.0,0.0,0.7777777777777778,0.0,0.0,0.1111111111111111,0.05555555555555555,0.05555555555555555
63768,35.96521739130435,0.0,0.0,0.14285714285714285,0.14285714285714285,0.2857142857142857,0.35714285714285715,0.03571428571428571,0.03571428571428571,0.8928571428571429,0.0,0.03571428571428571,0.07142857142857142,0.0,0.0
63770,40.03888888888889,0.0,0.0,0.05,0.15,0.2,0.55,0.05,0.0,0.9,0.0,0.05,0.05,0.0,0.0
64020,27.45,0.0,0.0,0.0,0.0,0.3333333333333333,0.6666666666666666,0.0,0.0,0.8888888888888888,0.0,0.1111111111111111,0.0,0.0,0.0
64061,38.510000000000005,0.0,0.0,0.0,0.0,0.2,0.8,0.0,0.0,1.0,0.0,0.0,0.0,0.0,0.0
64076,32.94166666666667,0.0,0.0,0.0,0.0,0.07142857142857142,0.8571428571428571,0.07142857142857142,0.0,0.8571428571428571,0.0,0.0,0.14285714285714285,0.0,0.0
64162,34.392857142857146,0.0,0.0,0.0,0.26666666666666666,0.26666666666666666,0.4666666666666667,0.0,0.0,0.9333333333333333,0.0,0.06666666666666667,0.0,0.0,0.0
64276,36.351724137931036,0.0,0.0,0.06451612903225806,0.25806451612903225,0.2903225806451613,0.3870967741935484,0.0,0.0,0.7419354838709677,0.06451612903225806,0.03225806451612903,0.06451612903225806,0.0967741935483871,0.0
64278,38.665217391304346,0.04,0.04,0.2,0.24,0.24,0.24,0.0,0.0,0.28,0.0,0.24,0.16,0.32,0.0
64288,30.627777777777776,0.05,0.0,0.05,0.2,0.1,0.6,0.0,0.0,0.8,0.0,0.0,0.2,0.0,0.0
64664,41.486046511627904,0.0,0.0,0.0,0.0,0.15384615384615385,0.8269230769230769,0.0,0.019230769230769232,0.6923076923076923,0.019230769230769232,0.09615384615384616,0.07692307692307693,0.09615384615384616,0.019230769230769232
64754,36.227999999999994,0.1,0.23333333333333334,0.06666666666666667,0.1,0.16666666666666666,0.3333333333333333,0.0,0.0,1.0,0.0,0.0,0.0,0.0,0.0
64776,44.1,0.0,0.0,0.0,0.07692307692307693,0.38461538461538464,0.5384615384615384,0.0,0.0,0.7692307692307693,0.0,0.07692307692307693,0.07692307692307693,0.0,0.07692307692307693
64877,33.1125,0.05555555555555555,0.05555555555555555,0.0,0.05555555555555555,0.2222222222222222,0.6111111111111112,0.0,0.0,0.8888888888888888,0.0,0.0,0.05555555555555555,0.05555555555555555,0.0
6491,49.23888888888889,0.0,0.0,0.0,0.0,0.0,1.0,0.0,0.0,0.9444444444444444,0.0,0.0,0.05555555555555555,0.0,0.0
64972,38.34705882352941,0.03571428571428571,0.03571428571428571,0.14285714285714285,0.07142857142857142,0.2857142857142857,0.39285714285714285,0.03571428571428571,0.0,0.7857142857142857,0.0,0.07142857142857142,0.07142857142857142,0.07142857142857142,0.0
65361,53.15675675675676,0.0,0.025,0.0,0.075,0.375,0.525,0.0,0.0,0.7,0.0,0.075,0.15,0.075,0.0
65409,38.526666666666664,0.0,0.0,0.0,0.0,0.1875,0.8125,0.0,0.0,0.625,0.0625,0.0,0.0,0.0625,0.25
65440,29.144444444444446,0.0,0.0,0.0,0.10526315789473684,0.21052631578947367,0.6842105263157895,0.0,0.0,0.8947368421052632,0.05263157894736842,0.05263157894736842,0.0,0.0,0.0
65614,47.728571428571435,0.0,0.0,0.0,0.25,0.125,0.625,0.0,0.0,1.0,0.0,0.0,0.0,0.0,0.0
65863,38.59583333333333,0.0,0.04,0.0,0.0,0.2,0.72,0.04,0.0,0.92,0.0,0.0,0.04,0.04,0.0
65878,29.15833333333333,0.10483870967741936,0.06451612903225806,0.1532258064516129,0.20967741935483872,0.18548387096774194,0.24193548387096775,0.03225806451612903,0.008064516129032258,0.8629032258064516,0.0,0.04032258064516129,0.04838709677419355,0.04032258064516129,0.008064516129032258
65890,27.068115942028985,0.09090909090909091,0.09090909090909091,0.1038961038961039,0.2857142857142857,0.11688311688311688,0.3116883116883117,0.0,0.0,0.8961038961038961,0.0,0.05194805194805195,0.05194805194805195,0.0,0.0
66234,39.21666666666667,0.0,0.0,0.08333333333333333,0.08333333333333333,0.3333333333333333,0.5,0.0,0.0,0.9166666666666666,0.0,0.0,0.0,0.0,0.08333333333333333
66272,25.907500000000002,0.03676470588235294,0.014705882352941176,0.09558823529411764,0.22794117647058823,0.20588235294117646,0.38235294117647056,0.022058823529411766,0.014705882352941176,0.8382352941176471,0.007352941176470588,0.0661764705882353,0.022058823529411766,0.051470588235294115,0.014705882352941176
66911,30.214999999999996,0.08333333333333333,0.041666666666666664,0.041666666666666664,0.20833333333333334,0.4166666666666667,0.20833333333333334,0.0,0.0,0.8333333333333334,0.0,0.041666666666666664,0.0,0.041666666666666664,0.08333333333333333
67092,33.94285714285714,0.0,0.0,0.0,0.0,0.08333333333333333,0.9166666666666666,0.0,0.0,1.0,0.0,0.0,0.0,0.0,0.0
67299,39.5,0.0,0.0,0.0,0.0,0.16666666666666666,0.8333333333333334,0.0,0.0,1.0,0.0,0.0,0.0,0.0,0.0
6756,40.01923076923077,0.0,0.0,0.0,0.03571428571428571,0.35714285714285715,0.5714285714285714,0.03571428571428571,0.0,0.9285714285714286,0.0,0.07142857142857142,0.0,0.0,0.0
67601,39.327777777777776,0.0,0.0,0.047619047619047616,0.3333333333333333,0.3333333333333333,0.23809523809523808,0.047619047619047616,0.0,0.8571428571428571,0.0,0.047619047619047616,0.047619047619047616,0.047619047619047616,0.0
67785,32.24285714285714,0.0,0.2,0.1,0.2,0.2,0.3,0.0,0.0,0.9,0.0,0.0,0.0,0.1,0.0
67934,33.01176470588236,0.045454545454545456,0.045454545454545456,0.13636363636363635,0.045454545454545456,0.09090909090909091,0.6363636363636364,0.0,0.0,0.7727272727272727,0.0,0.045454545454545456,0.09090909090909091,0.09090909090909091,0.0
68321,34.388888888888886,0.0,0.0,0.0,0.0,0.3333333333333333,0.6666666666666666,0.0,0.0,0.8888888888888888,0.0,0.0,0.0,0.1111111111111111,0.0
68375,31.639999999999997,0.0,0.0,0.2,0.0,0.4,0.4,0.0,0.0,0.8,0.0,0.0,0.2,0.0,0.0
6847,31.900000000000002,0.0,0.0,0.0,0.0,0.5714285714285714,0.42857142857142855,0.0,0.0,1.0,0.0,0.0,0.0,0.0,0.0
68597,39.48461538461538,0.0,0.0,0.0,0.0,0.26666666666666666,0.7333333333333333,0.0,0.0,0.8,0.0,0.0,0.13333333333333333,0.0,0.06666666666666667
68930,41.51538461538462,0.0,0.0,0.0,0.15384615384615385,0.38461538461538464,0.46153846153846156,0.0,0.0,0.8461538461538461,0.15384615384615385,0.0,0.0,0.0,0.0
69764,27.60641025641026,0.06666666666666667,0.08888888888888889,0.1111111111111111,0.2,0.3111111111111111,0.18888888888888888,0.03333333333333333,0.0,0.8111111111111111,0.011111111111111112,0.0,0.07777777777777778,0.08888888888888889,0.011111111111111112
69815,28.89591836734694,0.07272727272727272,0.01818181818181818,0.07272727272727272,0.2909090909090909,0.21818181818181817,0.32727272727272727,0.0,0.0,0.8363636363636363,0.0,0.03636363636363636,0.05454545454545454,0.07272727272727272,0.0
69825,27.764864864864865,0.023255813953488372,0.0,0.06976744186046512,0.2558139534883721,0.3488372093023256,0.27906976744186046,0.023255813953488372,0.0,0.9069767441860465,0.023255813953488372,0.046511627906976744,0.0,0.023255813953488372,0.0
69853,29.00277777777778,0.12,0.128,0.128,0.2,0.184,0.192,0.04,0.008,0.792,0.016,0.064,0.048,0.064,0.016
703,53.59375,0.0,0.0,0.02857142857142857,0.11428571428571428,0.17142857142857143,0.6857142857142857,0.0,0.0,0.5714285714285714,0.02857142857142857,0.0,0.14285714285714285,0.2571428571428571,0.0
70520,30.266666666666666,0.0,0.0,0.0,0.0,0.0,1.0,0.0,0.0,1.0,0.0,0.0,0.0,0.0,0.0
71255,37.916666666666664,0.0,0.0,0.0,0.0,0.0,1.0,0.0,0.0,0.5,0.0,0.0,0.5,0.0,0.0
71305,35.53333333333333,0.02631578947368421,0.0,0.07894736842105263,0.05263157894736842,0.4473684210526316,0.39473684210526316,0.0,0.0,0.868421052631579,0.02631578947368421,0.02631578947368421,0.05263157894736842,0.02631578947368421,0.0
71407,36.644,0.07692307692307693,0.07692307692307693,0.038461538461538464,0.07692307692307693,0.4230769230769231,0.3076923076923077,0.0,0.0,0.7307692307692307,0.0,0.0,0.15384615384615385,0.07692307692307693,0.038461538461538464
7142,26.155555555555555,0.0,0.0392156862745098,0.0784313725490196,0.1568627450980392,0.29411764705882354,0.37254901960784315,0.0392156862745098,0.0196078431372549,0.9215686274509803,0.0,0.0392156862745098,0.0,0.0392156862745098,0.0
71851,36.7,0.0,0.0,0.0,0.0,0.1111111111111111,0.8888888888888888,0.0,0.0,1.0,0.0,0.0,0.0,0.0,0.0
72331,25.080000000000002,0.06521739130434782,0.021739130434782608,0.043478260869565216,0.15217391304347827,0.2826086956521739,0.3695652173913043,0.043478260869565216,0.021739130434782608,0.8478260869565217,0.0,0.08695652173913043,0.043478260869565216,0.021739130434782608,0.0
72623,43.5,0.0,0.0,0.0,0.0,0.42857142857142855,0.5714285714285714,0.0,0.0,1.0,0.0,0.0,0.0,0.0,0.0
7292,29.349999999999998,0.0392156862745098,0.2549019607843137,0.058823529411764705,0.27450980392156865,0.17647058823529413,0.19607843137254902,0.0,0.0,0.8431372549019608,0.0196078431372549,0.0392156862745098,0.058823529411764705,0.0392156862745098,0.0
7301,32.48571428571429,0.0625,0.125,0.0,0.25,0.3125,0.25,0.0,0.0,0.9375,0.0,0.0,0.0,0.0,0.0625
73062,32.65294117647059,0.02564102564102564,0.05128205128205128,0.07692307692307693,0.1282051282051282,0.20512820512820512,0.48717948717948717,0.02564102564102564,0.0,0.8461538461538461,0.02564102564102564,0.02564102564102564,0.07692307692307693,0.0,0.02564102564102564
73140,40.440000000000005,0.0,0.0,0.0625,0.1875,0.125,0.625,0.0,0.0,0.9375,0.0,0.0625,0.0,0.0,0.0
73519,32.63333333333333,0.0,0.0,0.0,0.0,0.3333333333333333,0.6666666666666666,0.0,0.0,1.0,0.0,0.0,0.0,0.0,0.0
74586,35.72,0.0,0.0,0.0,0.0,0.08333333333333333,0.9166666666666666,0.0,0.0,0.6666666666666666,0.0,0.16666666666666666,0.16666666666666666,0.0,0.0
74737,31.38888888888889,0.0,0.0,0.05,0.2,0.15,0.6,0.0,0.0,0.7,0.1,0.1,0.0,0.1,0.0
7511,41.43125,0.009900990099009901,0.009900990099009901,0.0594059405940594,0.0297029702970297,0.13861386138613863,0.7524752475247525,0.0,0.0,0.8316831683168316,0.0,0.04950495049504951,0.06930693069306931,0.04950495049504951,0.0
7523,47.29705882352941,0.02564102564102564,0.05128205128205128,0.07692307692307693,0.07692307692307693,0.20512820512820512,0.5384615384615384,0.02564102564102564,0.0,0.48717948717948717,0.05128205128205128,0.1794871794871795,0.15384615384615385,0.1282051282051282,0.0
75266,30.962962962962962,0.0,0.12903225806451613,0.16129032258064516,0.16129032258064516,0.12903225806451613,0.2903225806451613,0.0967741935483871,0.03225806451612903,0.9354838709677419,0.0,0.03225806451612903,0.0,0.03225806451612903,0.0
75457,33.7484375,0.014492753623188406,0.0,0.028985507246376812,0.08695652173913043,0.21739130434782608,0.6376811594202898,0.0,0.014492753623188406,0.6521739130434783,0.0,0.13043478260869565,0.15942028985507245,0.043478260869565216,0.014492753623188406
778,43.395833333333336,0.14814814814814814,0.1111111111111111,0.18518518518518517,0.037037037037037035,0.25925925925925924,0.25925925925925924,0.0,0.0,0.5925925925925926,0.07407407407407407,0.037037037037037035,0.25925925925925924,0.0,0.037037037037037035
7839,42.739999999999995,0.0,0.3076923076923077,0.23076923076923078,0.3076923076923077,0.07692307692307693,0.07692307692307693,0.0,0.0,0.8461538461538461,0.0,0.0,0.15384615384615385,0.0,0.0
79349,41.22,0.0,0.0,0.07692307692307693,0.11538461538461539,0.2692307692307692,0.5384615384615384,0.0,0.0,0.7692307692307693,0.0,0.11538461538461539,0.0,0.07692307692307693,0.038461538461538464
79355,30.3625,0.0,0.0,0.041666666666666664,0.08333333333333333,0.08333333333333333,0.7916666666666666,0.0,0.0,0.7916666666666666,0.041666666666666664,0.041666666666666664,0.041666666666666664,0.08333333333333333,0.0
79930,39.47777777777778,0.1,0.0,0.0,0.1,0.7,0.1,0.0,0.0,0.7,0.0,0.2,0.1,0.0,0.0
80073,37.61538461538461,0.0,0.0,0.07692307692307693,0.07692307692307693,0.38461538461538464,0.46153846153846156,0.0,0.0,0.8461538461538461,0.0,0.07692307692307693,0.0,0.07692307692307693,0.0
80779,44.95111111111111,0.0,0.0,0.0851063829787234,0.23404255319148937,0.2127659574468085,0.46808510638297873,0.0,0.0,0.5531914893617021,0.06382978723404255,0.02127659574468085,0.23404255319148937,0.1276595744680851,0.0
81210,37.516666666666666,0.0,0.0,0.0,0.0,0.0,1.0,0.0,0.0,0.8333333333333334,0.0,0.0,0.16666666666666666,0.0,0.0
82748,42.4,0.0,0.0,0.0,0.0,0.0,1.0,0.0,0.0,0.625,0.0,0.0,0.375,0.0,0.0
82799,39.87692307692308,0.0425531914893617,0.0425531914893617,0.10638297872340426,0.14893617021276595,0.3191489361702128,0.3191489361702128,0.02127659574468085,0.0,0.5319148936170213,0.0425531914893617,0.0425531914893617,0.19148936170212766,0.19148936170212766,0.0
83294,26.95,0.0,0.0,0.0,0.0,0.0,1.0,0.0,0.0,0.5,0.0,0.0,0.5,0.0,0.0
83388,32.28636363636363,0.041666666666666664,0.08333333333333333,0.125,0.041666666666666664,0.25,0.4583333333333333,0.0,0.0,1.0,0.0,0.0,0.0,0.0,0.0
8340,36.208333333333336,0.0,0.0,0.027777777777777776,0.0,0.19444444444444445,0.75,0.0,0.027777777777777776,0.7777777777777778,0.1111111111111111,0.027777777777777776,0.027777777777777776,0.05555555555555555,0.0
83710,34.43125,0.0,0.0,0.05,0.3,0.35,0.25,0.0,0.05,0.65,0.05,0.1,0.15,0.05,0.0
83894,37.114285714285714,0.0,0.0,0.0,0.14285714285714285,0.14285714285714285,0.5714285714285714,0.14285714285714285,0.0,0.9285714285714286,0.0,0.07142857142857142,0.0,0.0,0.0
84425,46.4,0.0,0.0,0.0,0.0,0.5,0.5,0.0,0.0,0.5,0.25,0.25,0.0,0.0,0.0
84653,40.33913043478261,0.0,0.0,0.06451612903225806,0.0967741935483871,0.25806451612903225,0.5806451612903226,0.0,0.0,0.7741935483870968,0.03225806451612903,0.06451612903225806,0.0967741935483871,0.03225806451612903,0.0
85146,26.88888888888889,0.0,0.1111111111111111,0.4444444444444444,0.0,0.1111111111111111,0.3333333333333333,0.0,0.0,0.7777777777777778,0.1111111111111111,0.1111111111111111,0.0,0.0,0.0
85640,45.74814814814815,0.14285714285714285,0.10714285714285714,0.14285714285714285,0.17857142857142858,0.21428571428571427,0.17857142857142858,0.0,0.03571428571428571,0.8928571428571429,0.0,0.0,0.07142857142857142,0.0,0.03571428571428571
85783,48.92049180327869,0.04580152671755725,0.10687022900763359,0.15267175572519084,0.13740458015267176,0.2900763358778626,0.26717557251908397,0.0,0.0,0.6717557251908397,0.007633587786259542,0.015267175572519083,0.1984732824427481,0.10687022900763359,0.0
86326,39.4,0.0,0.0,0.0,0.15384615384615385,0.46153846153846156,0.38461538461538464,0.0,0.0,0.6153846153846154,0.07692307692307693,0.0,0.23076923076923078,0.0,0.07692307692307693
865,38.27777777777778,0.0,0.02631578947368421,0.02631578947368421,0.05263157894736842,0.15789473684210525,0.7368421052631579,0.0,0.0,0.8947368421052632,0.0,0.02631578947368421,0.02631578947368421,0.02631578947368421,0.02631578947368421
86972,38.08888888888889,0.0,0.0,0.1111111111111111,0.0,0.4444444444444444,0.4444444444444444,0.0,0.0,1.0,0.0,0.0,0.0,0.0,0.0
87195,51.779629629629625,0.0,0.0,0.05263157894736842,0.03508771929824561,0.3157894736842105,0.49122807017543857,0.03508771929824561,0.07017543859649122,0.7017543859649122,0.03508771929824561,0.0,0.08771929824561403,0.17543859649122806,0.0
87384,30.84193548387097,0.0,0.0,0.05714285714285714,0.17142857142857143,0.2857142857142857,0.4857142857142857,0.0,0.0,0.7428571428571429,0.02857142857142857,0.11428571428571428,0.05714285714285714,0.02857142857142857,0.02857142857142857
87396,40.09166666666666,0.0,0.06666666666666667,0.06666666666666667,0.06666666666666667,0.4,0.4,0.0,0.0,0.5333333333333333,0.2,0.06666666666666667,0.2,0.0,0.0
88068,29.866666666666667,0.3,0.0,0.0,0.0,0.4,0.3,0.0,0.0,0.7,0.0,0.1,0.0,0.2,0.0
88084,28.21578947368421,0.024390243902439025,0.07317073170731707,0.0,0.0975609756097561,0.04878048780487805,0.7317073170731707,0.024390243902439025,0.0,0.975609756097561,0.0,0.0,0.024390243902439025,0.0,0.0
88180,38.675,0.0,0.0,0.0,0.125,0.125,0.75,0.0,0.0,1.0,0.0,0.0,0.0,0.0,0.0
88258,39.93333333333333,0.0,0.0,0.0,0.0,0.1111111111111111,0.8888888888888888,0.0,0.0,0.7777777777777778,0.0,0.05555555555555555,0.05555555555555555,0.1111111111111111,0.0
88380,33.135416666666664,0.0,0.038461538461538464,0.11538461538461539,0.09615384615384616,0.25,0.4807692307692308,0.0,0.019230769230769232,0.7884615384615384,0.019230769230769232,0.07692307692307693,0.07692307692307693,0.038461538461538464,0.0
88772,28.60666666666667,0.0,0.0,0.0,0.058823529411764705,0.23529411764705882,0.7058823529411765,0.0,0.0,0.6470588235294118,0.0,0.058823529411764705,0.23529411764705882,0.058823529411764705,0.0
88988,33.125,0.0,0.0,0.25,0.25,0.25,0.25,0.0,0.0,0.75,0.0,0.0,0.0,0.25,0.0
89012,36.916666666666664,0.041666666666666664,0.08333333333333333,0.16666666666666666,0.3333333333333333,0.16666666666666666,0.20833333333333334,0.0,0.0,0.875,0.0,0.08333333333333333,0.041666666666666664,0.0,0.0
89064,27.28846153846154,0.0,0.03571428571428571,0.0,0.07142857142857142,0.17857142857142858,0.6785714285714286,0.03571428571428571,0.0,0.7857142857142857,0.0,0.0,0.14285714285714285,0.07142857142857142,0.0
8913,33.93076923076923,0.0,0.0,0.0,0.0,0.058823529411764705,0.9411764705882353,0.0,0.0,0.8235294117647058,0.0,0.0,0.11764705882352941,0.0,0.058823529411764705
90030,38.47391304347826,0.0,0.0,0.08,0.08,0.44,0.4,0.0,0.0,0.48,0.04,0.08,0.32,0.08,0.0
90428,35.47826086956522,0.0,0.0,0.0,0.14814814814814814,0.18518518518518517,0.6666666666666666,0.0,0.0,0.8148148148148148,0.037037037037037035,0.037037037037037035,0.037037037037037035,0.037037037037037035,0.037037037037037035
90875,23.5,0.08333333333333333,0.0,0.08333333333333333,0.0,0.3333333333333333,0.5,0.0,0.0,1.0,0.0,0.0,0.0,0.0,0.0
90887,23.95,0.0,0.0,0.0,0.3333333333333333,0.2222222222222222,0.4444444444444444,0.0,0.0,0.8888888888888888,0.0,0.0,0.1111111111111111,0.0,0.0
91017,33.105555555555554,0.0,0.15789473684210525,0.21052631578947367,0.2631578947368421,0.10526315789473684,0.15789473684210525,0.10526315789473684,0.0,0.8421052631578947,0.0,0.05263157894736842,0.0,0.05263157894736842,0.05263157894736842
91067,34.142857142857146,0.1875,0.0,0.25,0.375,0.125,0.0625,0.0,0.0,0.9375,0.0,0.0,0.0,0.0,0.0625
91181,32.050000000000004,0.0,0.0,0.08333333333333333,0.08333333333333333,0.3333333333333333,0.4166666666666667,0.08333333333333333,0.0,0.5833333333333334,0.0,0.16666666666666666,0.16666666666666666,0.08333333333333333,0.0
91195,28.01,0.0,0.0,0.0,0.3,0.1,0.6,0.0,0.0,1.0,0.0,0.0,0.0,0.0,0.0
91262,43.32,0.0,0.0,0.0,0.0,0.3333333333333333,0.6666666666666666,0.0,0.0,0.8333333333333334,0.0,0.16666666666666666,0.0,0.0,0.0
91431,38.9695652173913,0.0,0.08333333333333333,0.0,0.16666666666666666,0.3333333333333333,0.375,0.041666666666666664,0.0,0.5833333333333334,0.0,0.16666666666666666,0.16666666666666666,0.08333333333333333,0.0
92001,30.42105263157895,0.0,0.0,0.047619047619047616,0.07936507936507936,0.12698412698412698,0.746031746031746,0.0,0.0,0.7301587301587301,0.015873015873015872,0.06349206349206349,0.09523809523809523,0.047619047619047616,0.047619047619047616
92080,27.419999999999998,0.0,0.0,0.0,0.36363636363636365,0.09090909090909091,0.5454545454545454,0.0,0.0,0.9090909090909091,0.0,0.0,0.09090909090909091,0.0,0.0
92988,33.480000000000004,0.08333333333333333,0.0,0.16666666666666666,0.16666666666666666,0.25,0.25,0.08333333333333333,0.0,0.5833333333333334,0.0,0.16666666666666666,0.08333333333333333,0.08333333333333333,0.08333333333333333
9302,32.97741935483871,0.02702702702702703,0.02702702702702703,0.1891891891891892,0.16216216216216217,0.32432432432432434,0.2702702702702703,0.0,0.0,0.4864864864864865,0.0,0.1891891891891892,0.13513513513513514,0.1891891891891892,0.0
9311,35.14375,0.0,0.07894736842105263,0.15789473684210525,0.18421052631578946,0.2631578947368421,0.3157894736842105,0.0,0.0,0.631578947368421,0.0,0.21052631578947367,0.02631578947368421,0.13157894736842105,0.0
9414,34.23571428571429,0.1724137931034483,0.034482758620689655,0.13793103448275862,0.13793103448275862,0.20689655172413793,0.27586206896551724,0.034482758620689655,0.0,0.6896551724137931,0.0,0.034482758620689655,0.13793103448275862,0.13793103448275862,0.0
94227,28.681818181818183,0.0,0.07692307692307693,0.0,0.15384615384615385,0.3076923076923077,0.46153846153846156,0.0,0.0,0.6923076923076923,0.0,0.0,0.15384615384615385,0.15384615384615385,0.0
9425,31.05909090909091,0.07692307692307693,0.0,0.15384615384615385,0.23076923076923078,0.2692307692307692,0.23076923076923078,0.0,0.038461538461538464,0.34615384615384615,0.07692307692307693,0.15384615384615385,0.34615384615384615,0.038461538461538464,0.038461538461538464
9440,43.586666666666666,0.0,0.0,0.0,0.0,0.0,1.0,0.0,0.0,0.6111111111111112,0.0,0.1111111111111111,0.2777777777777778,0.0,0.0
94762,34.696666666666665,0.10526315789473684,0.09473684210526316,0.12631578947368421,0.18947368421052632,0.1368421052631579,0.30526315789473685,0.021052631578947368,0.021052631578947368,0.9052631578947369,0.0,0.042105263157894736,0.031578947368421054,0.021052631578947368,0.0
95017,41.13181818181818,0.045454545454545456,0.11363636363636363,0.1590909090909091,0.25,0.20454545454545456,0.20454545454545456,0.0,0.022727272727272728,0.45454545454545453,0.06818181818181818,0.045454545454545456,0.20454545454545456,0.20454545454545456,0.022727272727272728
95175,36.7,0.0,0.019230769230769232,0.038461538461538464,0.09615384615384616,0.23076923076923078,0.5961538461538461,0.019230769230769232,0.0,0.6923076923076923,0.0,0.019230769230769232,0.057692307692307696,0.21153846153846154,0.019230769230769232
95489,30.96,0.0,0.0,0.12,0.24,0.24,0.36,0.04,0.0,0.8,0.0,0.04,0.12,0.04,0.0
95506,34.38235294117647,0.10526315789473684,0.0,0.15789473684210525,0.21052631578947367,0.15789473684210525,0.3157894736842105,0.05263157894736842,0.0,0.9473684210526315,0.0,0.05263157894736842,0.0,0.0,0.0
95706,45.75,0.0,0.0,0.0,0.0,0.0,1.0,0.0,0.0,1.0,0.0,0.0,0.0,0.0,0.0
96442,26.552941176470586,0.0,0.11764705882352941,0.11764705882352941,0.0,0.29411764705882354,0.47058823529411764,0.0,0.0,0.8235294117647058,0.0,0.0,0.058823529411764705,0.058823529411764705,0.058823529411764705
968,34.39866666666667,0.0379746835443038,0.0379746835443038,0.0379746835443038,0.0759493670886076,0.22784810126582278,0.5822784810126582,0.0,0.0,0.8987341772151899,0.012658227848101266,0.06329113924050633,0.012658227848101266,0.012658227848101266,0.0
96951,42.07073170731707,0.0,0.0,0.0,0.08333333333333333,0.20833333333333334,0.7083333333333334,0.0,0.0,0.5833333333333334,0.020833333333333332,0.0625,0.16666666666666666,0.16666666666666666,0.0
97089,32.06,0.0,0.0,0.0,0.16666666666666666,0.16666666666666666,0.6666666666666666,0.0,0.0,1.0,0.0,0.0,0.0,0.0,0.0
97443,43.69565217391305,0.0,0.0,0.0,0.125,0.25,0.625,0.0,0.0,0.75,0.041666666666666664,0.041666666666666664,0.08333333333333333,0.08333333333333333,0.0
97637,42.483333333333334,0.0,0.0,0.0,0.0,0.07692307692307693,0.9230769230769231,0.0,0.0,0.9230769230769231,0.0,0.0,0.07692307692307693,0.0,0.0
97778,40.61785714285714,0.10344827586206896,0.06896551724137931,0.10344827586206896,0.1724137931034483,0.27586206896551724,0.27586206896551724,0.0,0.0,0.4482758620689655,0.1724137931034483,0.06896551724137931,0.2413793103448276,0.06896551724137931,0.0
98013,40.766666666666666,0.0,0.0,0.0,0.0,0.0,1.0,0.0,0.0,0.8333333333333334,0.0,0.16666666666666666,0.0,0.0,0.0
98305,38.550000000000004,0.037037037037037035,0.07407407407407407,0.07407407407407407,0.14814814814814814,0.2222222222222222,0.4444444444444444,0.0,0.0,0.5925925925925926,0.14814814814814814,0.0,0.1111111111111111,0.14814814814814814,0.0
98595,41.17551020408163,0.015384615384615385,0.015384615384615385,0.0,0.015384615384615385,0.2153846153846154,0.7384615384615385,0.0,0.0,0.8,0.0,0.18461538461538463,0.0,0.015384615384615385,0.0
98665,27.10666666666667,0.0,0.125,0.1875,0.3125,0.125,0.1875,0.0625,0.0,1.0,0.0,0.0,0.0,0.0,0.0
98764,24.529411764705884,0.0625,0.0,0.125,0.0,0.25,0.5,0.0625,0.0,0.875,0.0,0.0,0.0625,0.0625,0.0
98918,34.47894736842105,0.0,0.0,0.0,0.07142857142857142,0.30952380952380953,0.6190476190476191,0.0,0.0,0.5952380952380952,0.023809523809523808,0.09523809523809523,0.14285714285714285,0.14285714285714285,0.0
98957,26.214285714285715,0.0,0.0,0.0,0.16666666666666666,0.0,0.8333333333333334,0.0,0.0,0.6666666666666666,0.0,0.08333333333333333,0.08333333333333333,0.16666666666666666,0.0
99406,48.96,0.06666666666666667,0.06666666666666667,0.13333333333333333,0.26666666666666666,0.26666666666666666,0.2,0.0,0.0,0.6666666666666666,0.06666666666666667,0.0,0.13333333333333333,0.13333333333333333,0.0
99820,45.4,0.0,0.0,0.0,0.06896551724137931,0.20689655172413793,0.7241379310344828,0.0,0.0,0.4827586206896552,0.13793103448275862,0.06896551724137931,0.20689655172413793,0.06896551724137931,0.034482758620689655
