id,NU_ANO,CO_CURSO,QE_I10
0b0611a3-0f0f-48ca-a3f1-863ee1c8f564,2021,13595,A
94ebf289-b8c8-4d7a-8040-ca9e3ba4d3b7,2021,114616,A
1475e6c5-9c42-4f07-aaff-c87d804b8432,2021,88068,A
cd487980-2a19-40c3-987f-355e695b04db,2021,1322390,A
138bc62f-8f32-47f2-a1ca-905ab1ab7cef,2021,1306689,A
ba2938ea-fe12-4369-985a-e0a092a3373c,2021,101942,A
b7929b46-8e00-438d-9a90-0095cc002830,2021,1306689,A
a143e2f3-16f1-4706-99e2-37332b7f9e6e,2021,13401,A
ebbbda29-f947-4471-877d-0c7c03dc451d,2021,1314243,A
1ad34dde-9a38-4208-bfc0-7b723c68b0b6,2021,43664,A
ce89057e-e2f5-41ff-86ee-4d6bcf794dc2,2021,101942,A
92b684fd-1cc8-43bd-9c61-a6b53484a87d,2021,98665,A
7fce7e71-a477-4ebd-b562-d86d6b7b8474,2021,48205,A
ebf2afb1-fbd7-40da-b338-c8983fc46890,2021,113455,A
55f66d8b-d723-4d0d-a4bc-45fd7ad17bcd,2021,94762,A
93c86263-79a4-4e54-8cbc-a51a4c1c371e,2021,9414,A
51c07d85-e063-445a-8064-2def3fde33d4,2021,1322390,A
591ba571-d912-4a23-97e1-8b050f6bcbfc,2021,1187671,A
e08939b7-154d-48be-b0ac-2ec722793eb5,2021,1265453,A
3099ddb0-bae2-4820-8dda-33212b34c2ff,2021,19047,A
9933516f-9eb7-4bed-aa48-c1ce0dbf123e,2021,1181115,A
7d08b675-8c84-42f8-99ca-16dcb11f90ff,2021,118994,A
6761ef3c-dfb5-4ced-9a56-506166483095,2021,1322390,A
d7c5e38e-054a-4b3a-bcba-bd485f96b645,2021,1136142,A
a63686d8-429e-4361-a845-296a8780b6b5,2021,18671,A
6e9f8be2-58b0-4956-a1d6-b99261146338,2021,118994,A
44176323-733c-480b-ab93-8202634d3034,2021,98764,A
4d5cdade-7a2d-4c1a-a455-4d7809b34c95,2021,101942,A
52404958-de8f-4b51-b50e-1c8184a96eb1,2021,49071,A
75869c0a-46e1-4f9b-bb34-420ffa42e902,2021,37862,A
7ef38b18-d32d-4af8-a496-f7fd5095e758,2021,98764,A
585f818c-c103-4818-828e-ac9cce381fa9,2021,1108692,A
901676f4-8c4e-4ffb-9518-f6599d487dfd,2021,47505,A
6d0aa264-da6b-4ac9-a291-ae2e5f1eadd4,2021,97443,A
95a75049-9ce0-465f-86d5-98a9db215ec2,2021,43664,A
1f17008d-a9be-427b-bd2d-970a19ed3e22,2021,98764,A
3c9a8809-e770-4ca1-a23d-1a1bcdc3b443,2021,18584,A
63051548-f72b-4e79-bd8c-60c864e6dc28,2021,1190145,A
0c715511-3bad-4f3f-b8af-489e3ef65b9e,2021,98764,A
d9ef48fc-54cc-4aa3-a96e-144abe0e8ed0,2021,43664,A
eeef2426-f102-4892-ae90-e1277972c34b,2021,1117717,A
b2d80a69-9979-405b-b965-98740c5ae8a1,2021,18903,A
de456998-fb4f-4e5e-89eb-87b100fa8987,2021,108660,A
93d36edf-61aa-46ea-a634-fd24c18e8c91,2021,98957,A
121adc71-52e2-4296-ac96-9fa11ba2d13c,2021,106996,A
200ebb51-44f5-4889-b2b0-ba00b5f8bb3a,2021,37862,A
e99dff5c-bfb6-4fc6-a050-90f16532dacf,2021,106996,A
1922edd0-d0f0-46d7-813a-6b10ef6dc0f0,2021,968,A
afc0edb4-4827-4862-803f-4bb270166b4d,2021,1351760,A
0febaf79-1757-41a2-b03d-55cbe067240f,2021,1427745,A
4c908047-4fea-47ce-a1fb-075ea17c037d,2021,106996,A
ed820e21-8644-4bd7-a04e-e3fb1e029529,2021,101942,A
47e33be1-aed0-4dfd-b1d8-db7e43b4bc5d,2021,107422,A
af897779-50c2-44e1-b298-96cc7df8b44f,2021,11730,A
d13ab08a-cdf8-45d8-a178-b02108cf7248,2021,48205,A
1372fc71-a34f-437f-b111-b1052861a787,2021,1270596,A
164299bf-5ce5-4ade-96b6-174107d9a301,2021,106996,A
1e5caac4-09c0-46af-93e4-b117ca9f9e16,2021,1203177,A
9a51e93f-a8a3-426a-9a33-2418d30b4856,2021,1258063,A
b4271645-3cd4-4edd-a78f-c23944602647,2021,88084,A
ea8a81c0-b593-4a04-b981-ecd1ac540e25,2021,1300284,A
ad68d434-96ae-4949-95be-cee0469737ce,2021,106996,A
3daffd1c-f654-46a0-90d6-e87be75c2205,2021,98665,A
71415459-06af-47bf-9b35-581cce09b672,2021,43664,A
9a41d7d0-8a12-4c68-80f0-5e607197e1b6,2021,43664,A
38b74f71-1d43-4d2f-a7a6-371b8828a4d2,2021,98665,A
f1d85da8-dafa-42f3-be2e-a3038207a2bd,2021,107920,A
e42c9b16-854e-4c44-adb1-bd1d85380d38,2021,37862,A
e3670eb0-1027-42dc-8557-b93be6d85a5c,2021,95175,A
4d805e53-35b0-4367-bd01-f145ab00f453,2021,18267,A
eaa09280-56bc-4a69-851d-98b81411f384,2021,107920,A
abad7e23-0699-4f95-9074-f583d8e74b35,2021,1299927,A
28276586-8ed8-4d6b-b9b9-343e800600c0,2021,106996,A
f16a0e4d-23b0-458c-bb2a-490799925ea1,2021,1322390,A
c0ae56cb-468a-4d65-beb6-3205de939ccd,2021,1117717,A
fef4990e-2267-44cb-ba80-f7d592904671,2021,18584,A
e1d71f8c-1649-400d-8606-769cee08f93c,2021,1070485,A
7f29f82d-6d93-462b-a4c8-ef4ec515c9c8,2021,48205,A
91a4b635-4e78-44c5-9d24-8947e1f06f00,2021,1204325,A
db604bd8-e2c1-4836-9553-4bf6a1105de4,2021,1265453,A
0df0eabb-0cf9-43fe-88aa-41334199fb51,2021,95175,A
269db98e-fc3c-47b7-9418-d5b29248fbd5,2021,13980,A
37f157f1-b7ad-4dbe-8e2f-5155bd7cb9e0,2021,18558,A
dae236f4-b97f-4e75-8b43-146407708c6a,2021,1322390,A
58576423-cf4d-4f07-a473-a60d22b0a49e,2021,67092,A
e6c25348-bdc6-497c-beed-f61c8ba0109a,2021,37862,A
3d12be01-ea2a-450b-acfd-c61614401031,2021,11452,A
a5942cfb-13aa-42f8-94df-976bc24eb876,2021,1136142,A
e6e4daf8-f3d1-445c-b8c0-18edb95c87b1,2021,1181115,A
7fdffc61-b7bc-4662-be43-1ccaa1a64db8,2021,18903,A
5127dd70-6b36-4e29-8542-6d761ad8bdbd,2021,9425,A
d67bde39-0916-4e85-a984-b346b0867fb5,2021,48205,A
46bb2f15-e308-4fbd-a313-578f88d28284,2021,1314243,A
69d0421c-91b3-422c-99ff-685c674eaaa6,2021,43664,A
51aa6d18-b74c-42da-8d19-7ba2b7ccb7e9,2021,968,A
acb9b6de-3617-4dac-924d-2a05b3735070,2021,106996,A
66a528a8-11a3-4250-971e-cd549c77e62a,2021,1258063,A
b749f1bf-4136-4c50-8a29-ed342f623f9a,2021,91181,A
48f4627a-3730-43d8-9aa2-742146682875,2021,94762,A
cd3c1914-f636-424e-bb59-3eb80c74f1c5,2021,1322390,A
25b15f9f-9142-4785-af3d-904891271f91,2021,49071,A
0fcc97d1-7591-4337-8b38-f30699264a1c,2021,968,A
59341ff6-6b03-42dc-8729-6370898fb658,2021,18584,A
c2b27506-59c9-47c5-a1fb-d3be085c08dc,2021,18584,A
765f715c-9592-4ec4-afcc-58dbc836a6b0,2021,1190071,A
f710e3eb-ac99-41d4-8f9e-a009632f0212,2021,1102628,A
fa94e186-8606-4ddd-89ab-1de2abfb480b,2021,37862,A
449b6779-8786-425f-a9eb-917ed17f7b7a,2021,1315444,A
2513691c-8bac-4a0b-8659-8b2d01b2462d,2021,48205,A
8db55089-5faf-4417-aeb3-d5a0ed004c32,2021,43664,A
73710b1f-6a7e-4bc0-b46b-fae13dfa114b,2021,19047,A
c5a1f7af-a8ca-4bd0-9ab4-e44b259c777d,2021,317,A
109a1e62-d5de-48c5-9e97-a6d9e3706880,2021,19047,A
166d1369-18c9-48f9-9b50-a294a6389883,2021,106996,A
53d9baa3-00b0-44e2-a7d2-c92a56ef3cae,2021,1322390,A
59c8f0b9-59f3-4c22-ba85-da40ed18aa9c,2021,49071,A
2b3ac20a-3974-4275-a95f-d64a4920bf5d,2021,1322390,A
8f43e8ef-0306-4fea-9c40-f95e8285034d,2021,1314243,A
51e4abdd-98d4-4006-9293-d869898b94bf,2021,88084,A
b770d849-7aa7-43b8-b93b-da1e37883ec3,2021,1288839,A
ecf0f854-5410-4e73-8dc0-3950fb2a9bff,2021,1314243,A
76937f60-856d-4115-bbba-662988cfb0c8,2021,13595,A
6807664e-2015-4c70-86f6-7ec1c5d29c24,2021,13595,A
509a47b6-c89b-40ac-8a9f-303f4ecffc9e,2021,1376181,A
18a6fe6c-f88a-40d1-82ff-4a0026115b0f,2021,9425,A
c2135676-92e3-46de-8e4f-9b1b77963ebf,2021,18558,A
da3136cd-4a41-4796-9d2a-09c7ca6f74e9,2021,1314243,A
8e98c07d-613a-466e-817a-841799f57ce8,2021,112086,A
931121f5-3d3e-48ab-a4d0-9841359c456f,2021,318882,A
4fcf56df-d544-48d2-9b7d-c43566685aff,2021,88084,A
018599bf-814e-412a-9cd6-c7c5e290839b,2021,1306689,A
a84e7835-d7e5-4b44-81c4-e86307126181,2021,48205,A
5e27083c-27a9-4eae-a8e1-2184a8e58089,2021,107360,A
58f66164-9b8f-4f16-a68d-e1b79308de8d,2021,104360,A
d7571123-40b2-4796-a1e9-ad875e1547f1,2021,94762,A
5d61111a-fd0c-4c3a-a7d5-2d82cb9af3fd,2021,107920,A
5711355f-f88c-4fb9-9032-a919f048056a,2021,98305,A
9335f1a1-c1c8-4fa7-97b8-a6257606710a,2021,13446,A
ae31cf9d-db00-4976-b64d-0492a41e4a16,2021,19047,A
7a295ee5-3112-48b2-b657-009212e03a06,2021,1288839,A
57b8d800-5511-4c17-b5dc-a59c407257c7,2021,101942,A
71339d7b-49b3-41e0-82d7-2a889e375ac9,2021,94762,A
d31422be-a6ff-4dad-b586-58642f014769,2021,20030,A
c4d308df-3f07-46cc-aa90-ca932267ad40,2021,106996,A
fd228566-518f-438f-82fa-249347185d66,2021,108660,A
4cbd062b-8331-4abb-9fb6-46bcff416098,2021,101942,A
e8a23d2e-2048-42e9-b0e5-a236bdc653d3,2021,11730,A
29b9f8f0-95f3-4d53-89f2-12c621c0c86b,2021,1070485,A
060b46c2-ef80-4f20-95b0-085144480362,2021,106996,A
e62034ae-1134-448f-a0a3-e4976aa6100b,2021,1322390,A
4db3c343-4818-49a9-bd6d-7c7bee74c120,2021,67601,A
6fe5a88c-bae2-4fdb-aaf9-e4059b4c858f,2021,88084,A
8622e1eb-99df-473d-9cb5-53c2c39bfc73,2021,95175,A
0d74dcfd-44eb-4881-ac8b-8d58bf0a275f,2021,98764,A
9dda55cc-e47f-4ce1-9e3d-8fffc4d7a21c,2021,317,A
0e797ad4-f4f1-492a-a512-d9020d4807e9,2021,108660,A
72e4abab-5cef-4ef3-9fb0-8d5f5bc83705,2021,1427745,A
01d652c7-c820-4085-b89a-8b168da8ceb6,2021,101942,A
447b1285-6fcf-42fa-bafb-1e87f199aec0,2021,106996,A
17427302-5536-4209-8681-c88441aa3c24,2021,1322390,A
3dc07d8a-c878-4841-b16b-753028bdcfa8,2021,101942,A
6ab20f13-f1f0-41cc-b3c1-99cf9cb9dc88,2021,1376181,A
f52f3ec1-2b34-43ec-ab41-0137998071d9,2021,11730,A
7b5ca362-d69a-4e1c-b1bb-9f209f54fcc9,2021,118420,A
1be00391-1e8b-46ad-9e99-23c3a3d99273,2021,18671,A
4115789a-c4e7-4d2b-8454-dd3c8d9451a8,2021,1322390,A
305400cc-1a6b-4bee-996f-c1f8416e0331,2021,43664,A
0a02f58d-b5b0-44bf-bdc9-be786cfed736,2021,968,A
4a2a054c-2b6b-455c-8f6a-6157c677a4fd,2021,107920,A
6017d73f-1589-4fa1-8ebd-97f61d166211,2021,106996,A
853483aa-5274-45ef-90db-a103180d8fb8,2021,1322390,A
7eb2088c-96cf-4b08-9227-7729035cf51c,2021,108660,A
681add85-9769-45ab-b4ae-9622ed3c4d39,2021,88084,A
bd68e91c-13c3-4abb-814a-bebbb619e903,2021,1288839,A
6a8aceaf-6782-409f-85be-2add5c4b4cd4,2021,101942,A
de39803d-ca23-43d4-98c7-5e4ec59d3cb8,2021,106996,A
84997dc0-8139-4289-be04-0cc160c1e576,2021,317,A
6d6a6b4e-3dd6-4b90-a425-ad6e592f373f,2021,1376181,A
91c50811-440a-4cdc-9395-bc29431ba786,2021,1270596,A
bb4a1220-e145-4fcb-990c-0c185fdde82b,2021,107920,A
38a99b57-f227-4da6-bd60-d96fa5a4cbc0,2021,5000135,A
085dcbe7-f1e3-4449-b5c1-7d5e237727e4,2021,88084,A
588b4a64-b697-4b06-abcf-c0a156fa7084,2021,101942,A
6401e0a5-3c79-44a1-9a1e-b616c2fba854,2021,5000143,A
e66a078f-08f8-4707-88f8-aaf29a7603b6,2021,88084,A
0b0233a8-e8eb-4a5d-a581-bcf34724e46d,2021,20030,A
8117c6cb-cfdb-4117-97ea-a3abb9e77b7c,2021,106996,A
5e75eaaf-3778-4141-9b7b-4f39d2523531,2021,116770,A
727f2092-828f-42f9-8173-e4a4e84ca6ae,2021,5000143,A
db42f9bb-21a9-49d9-ba73-9e558fac7dce,2021,41238,A
6e24758b-a44f-430e-b5cf-595ef1816c0c,2021,37862,A
ba2836a2-d166-4617-bbe8-84a8275f6151,2021,20239,A
d5a20816-d8ef-4351-b6cf-9d43db0496c8,2021,112086,A
638881f9-bcc3-41c0-8f21-289a63e79673,2021,106996,A
caff1fed-9693-41cc-bb0d-9930695c99be,2021,106996,A
20cd0a83-1aca-4bb9-8e04-8aeab63c870d,2021,9425,A
277e7d68-2052-4351-a533-a31bb0bbe56c,2021,94762,A
7c687e4d-da18-4a64-a09f-8c3184cc514e,2021,107422,A
b0d1b2b2-e133-4cf8-a33c-2672243d74b7,2021,48205,A
b73a9fa8-48cc-4cee-9140-cc65fb87e395,2021,98305,A
4561c977-b01b-4384-98ea-f6b0f92ae7fe,2021,106996,A
d6a3f94e-5de6-4b14-aebe-fe651bb6a5ae,2021,5000135,A
d0af0a9e-eb95-4382-9a94-48e31eae81ba,2021,1190145,A
b1755000-2d2a-4bc5-8227-30fffd18af36,2021,1322390,A
d3c256e2-95f8-42d6-93ab-5e4b78173ce1,2021,18584,A
31c5930f-bdb3-45d2-981b-c55eb2ca5da3,2021,117532,A
ae317b6c-96cf-46dd-a9a2-8b7e7dfdbd00,2021,95175,A
37458b95-68c6-463f-a8e1-a593bc0512f8,2021,37862,A
22adb077-af21-43bb-a062-bd215c27351c,2021,117022,A
78ddcadb-79ac-4b5c-ade6-cad0f2cf124c,2021,1181115,A
80fc1344-b970-4a66-9004-a022712bb91f,2021,1190071,A
9bf228d3-a9c6-4e77-a40e-7712ac883180,2021,37862,A
17e5c5c0-20d1-4866-af08-834ef09c0604,2021,1299927,A
67af05b7-d541-4960-aa27-1d3160dc3289,2021,20030,A
a4d7149a-54ab-4e2a-b59f-64519fa733c3,2021,1322390,A
cd057040-c578-427f-b8e9-3716674ade19,2021,968,A
d5ca6d1c-f9c3-4f88-80d5-2fbb6020b030,2021,968,A
5c5188e4-8554-461a-b524-74f7169530e4,2021,88084,A
fbe21107-2b5b-4c21-9b0b-3fe6343a3641,2021,1136142,A
60fa65ce-a817-461a-a7d1-a8b8631ee09b,2021,116770,A
b5fed9ba-92b3-42c7-b2fb-727898f91f6b,2021,107360,A
31f65245-a6c6-42b4-bc63-6f72bbf90df8,2021,107360,A
53e97a3e-60a1-48cf-8d2e-022182dd872d,2021,37862,A
9fd97b7a-fe5e-4dfc-944d-039152e40a29,2021,95017,A
93d551fa-7797-4d85-8958-61d324a3b727,2021,19042,A
9d974742-4cf2-4507-9028-75b1db701936,2021,98305,A
2201d93c-2de1-4ab9-8f83-d392f072cc46,2021,1351760,A
10869f69-7097-47c7-9bb1-50d9b7de3dd5,2021,318882,A
80e75519-3705-4027-981c-47efac47cba9,2021,1181327,A
1b4d3b0a-1ac5-4482-8211-fdd4ff459c5f,2021,43664,A
5fd9fd43-fdcc-4421-a81f-9e30ca9a9c8e,2021,1314243,A
54b64878-28f6-48f8-9d9b-9e58e7f3f74a,2021,106996,A
5f54c05a-9dc9-4d97-afaf-fcb04ce8dd21,2021,101942,A
f25c87ec-d44f-41a2-96a1-61ed5cc8457c,2021,20030,A
f20fe8ed-a080-45d7-b546-03a6077207bd,2021,95175,A
ff891e1f-349b-435f-919d-16b706307860,2021,1190071,A
767b2226-3f5c-4e49-a4a8-5b3ed9fa023a,2021,1322665,A
b12ef325-ed80-47b6-a9d1-a851ffff8732,2021,19042,A
baeac7c1-4c6a-4985-9c0b-f18b6fb1212d,2021,20933,A
f03d3fea-6e68-4c50-a4eb-d7e8fdd0597c,2021,1181115,A
3bc0820d-bffc-4f72-9dad-adaedd1a19eb,2021,1376181,A
4c3d7246-75aa-4125-b8b6-049fc18f5c07,2021,1322665,A
dfe0ba93-bc7e-4bd3-9efb-fb3af510e442,2021,57606,A
3dd45b30-b676-485d-8268-014762a4ef74,2021,1351760,A
4263b2f1-b130-4e0e-a4f4-a5ba98d3b790,2021,118994,A
98ad7c02-e2e6-491e-8b14-46f2e9e8b141,2021,95017,A
f1c3d42b-7cca-4570-930a-c95cea53dd7a,2021,20030,A
a41a2e31-3cbe-4cc3-a61a-d807441976f1,2021,43664,A
0c36586f-ab3f-4ff3-b61f-def8fcda75d7,2021,57606,A
d90e90fc-1376-43b0-98a6-68bfb679e71e,2021,67601,A
de1b87ed-1f2a-4bd6-bba8-92522bf67736,2021,1265453,A
a65166bf-b8e7-4dfa-b8ce-0819372b1d18,2021,11452,A
d9983dff-9d89-407a-b5a4-991fbfeaf33d,2021,18584,A
88f5e990-2adf-463f-8b66-96207e0a5e74,2021,73140,A
9f7e79f6-bb63-4aaf-a36b-fdd13a1b154b,2021,1427745,A
bd42c66e-5010-4358-9ec9-855210ce01d4,2021,5000143,A
b9776230-40ed-486c-9710-78449f3dc945,2021,107360,A
e5f1c284-bfe9-4d1e-8877-b3d756d3da72,2021,97443,A
8f5cb1e2-9167-4ffd-a26e-a2ee676eedb0,2021,106996,A
4be45d11-e43d-40d3-9275-7fd0a06be4d7,2021,1306689,A
fd8aeb1c-745f-49fb-8afd-a1390c1eca79,2021,108660,A
8e6fbf9b-aed3-4c47-9b5a-8a637c6a605c,2021,88084,A
8b9a8727-4f11-477f-b37a-92ab5841b019,2021,1070485,A
5cc3a2a5-91b2-40f7-931f-5e4c30e1780e,2021,74737,A
75dfced3-44a7-4820-be5c-c01041e3c01a,2021,1376181,A
37ffc119-76e3-41b6-8e7a-5a2ec1ae0cc8,2021,20030,A
2b483744-aa57-416f-b823-43742e2b3a51,2021,48205,A
6ba24496-6841-47a5-9810-2e9fd68430ed,2021,117532,A
6a481142-61ee-4cef-a4c8-2e8b9c0e68d6,2021,1322390,A
89dde439-e16c-4df2-ad08-dad22423e93e,2021,86326,A
9bb44b7e-14b3-4168-93c8-2debf5a6449d,2021,113455,A
74cf60e6-c9bd-4ed5-8cd7-aaf957fd2258,2021,48205,A
7e8e54ea-24c7-4137-a020-db144f48e35a,2021,1322390,A
f5ff953b-c1ac-4aae-9582-0a7fe8485179,2021,1270596,A
22b47f5b-a6b2-409f-94db-fd72641e0444,2021,1306689,A
58ab06e6-3794-4a60-846c-e4bb6d9f9758,2021,1265453,A
f76a85d1-6623-47fa-82c5-808c0834dad0,2021,53333,A
48745991-8aed-49d4-85e6-638bf1e41144,2021,108660,A
e060f31c-71f1-4df2-803a-028b113773af,2021,108660,A
d199fc8d-b477-4540-96ca-8a9c37f6d597,2021,107422,A
afe78471-83fd-4679-b11b-a319199510f4,2021,1270596,A
98bc33f4-b120-4f90-b4b3-12f04c6ad78e,2021,106996,A
6020cfca-43c6-4aa3-b23a-ea93ce14c2cc,2021,1070485,A
3c42177c-4030-4427-9243-8ec1c49840cd,2021,22047,A
5f6976ae-d4fb-43f1-bd42-7cab8aa1df5c,2021,1315444,A
c22a0282-726b-4b59-b103-b01c516f8956,2021,1322390,A
e8bb5963-5bea-4a99-9c4a-c16799219b06,2021,968,A
10e314bd-06a9-4fcf-bd48-f4b9debc6159,2021,1136142,A
a84f9d13-fa71-45a2-b7b2-067a67f3aa9b,2021,106996,A
4f29c3d5-f13a-4c8e-b765-336db8fde751,2021,106167,A
60795249-9d76-4100-aa33-13dd8c941628,2021,1118057,A
cca602b1-008b-4faf-99ee-c5d757ed68d7,2021,95017,A
f6d9796d-969f-4b0b-9790-6b31cc2e16d2,2021,74737,A
3593ad51-3c4c-4ce6-a5fc-0dafbb940459,2021,20030,A
fdf5bf1d-5b40-4137-9c54-696ccb913710,2021,106996,A
1fc5c53e-ac87-4553-bbd6-54467bb4fc90,2021,1300284,A
a619726f-d9e2-4409-8f9f-3ceadd9b7319,2021,48205,A
fa0a1a75-0763-4b13-bdf0-ee1e1ecebccd,2021,1190071,A
b01a3ef5-b55f-4b00-89e9-7ac848c881c4,2021,13277,A
0a8962a8-2631-4f93-a097-2325eb43d1e7,2021,101942,A
6d4eaa39-e6c9-4019-9e60-0d32079e5f0d,2021,37862,A
418f2696-19b0-4933-81cc-fa3ab37f880f,2021,13277,A
adb012bf-9acd-456c-9a51-240a2eefea7f,2021,41238,A
01a1bdaf-9031-4e47-8fea-36b591852593,2021,1047907,A
159bd526-f754-4830-9fa7-3fb97c414f7a,2021,1376181,A
2bda06c9-9549-4939-819e-f1ba7ca5ff67,2021,98665,A
911b5047-76df-47c0-9a74-9c7f763c5eac,2021,2209,A
3292efe8-c942-4ba3-9de4-ed1e35c226a4,2021,20933,A
e7645a9f-ae4b-493b-bfc3-75f79bc214fa,2021,101942,A
e43b00e2-fb20-42a8-98a7-8006cc6d9a16,2021,1190071,A
17761be8-2947-42e5-a6c0-1eea098c45e6,2021,1101244,A
7d35c6d0-805d-4291-8978-c429c9fc1a6e,2021,106167,A
cb28f447-90b8-4aa8-acba-b30801c91929,2021,107920,A
e102d6c2-015e-4502-8056-c2a97fca8e6d,2021,50082,A
b4237f6d-bde3-4e6a-a114-c209842cebbd,2021,18584,A
9ccc8f1f-6ed2-4009-b386-2b243e9e431f,2021,98665,A
6c92379a-9c86-406f-9591-2f7765174f34,2021,1190071,A
10658c4a-a8b9-4a14-bf50-0ef32d4e9c86,2021,11452,A
b79ff04e-4154-4aaf-8a50-54f21134de04,2021,73140,A
acc3752f-3033-43e6-97fa-997f7829d87e,2021,107920,A
c6a4f3fc-f5d2-459a-9cd4-52e861552f1c,2021,55402,A
d6869332-ff16-46eb-b1b5-59d6858d4933,2021,1148708,A
e3bbe343-1fb8-4a3e-8c82-d2a267a227e4,2021,106996,A
0e340a62-48a1-49ad-ad4f-ee6aa22053cb,2021,968,A
e6680499-4dba-475a-94a3-116ee71aedc9,2021,98595,A
886d1a2a-d76f-409f-9c8c-518f10d0a68f,2021,64664,A
457efacb-3ea3-43bc-934d-24cd54b27245,2021,98764,A
be3dbfef-fb76-48c0-accc-6e6843ae4521,2021,88084,A
0a5cfa84-70f6-4421-b6f7-c90cdda316a8,2021,114616,A
1f10ce3c-acf1-4f99-a44a-8309ba05c4d7,2021,1330347,A
08170eba-f4ee-4609-a4a4-29cf21c8e152,2021,13595,A
cca531ce-7bad-444b-b77c-5bc30ff954ef,2021,107360,A
b73900d4-dbb1-49c0-9bec-336d0a99995c,2021,106996,A
0918817c-a56a-4565-9e7d-3abf28416861,2021,1322665,A
fc706eb5-48ff-4dcd-91a3-cbe168ca4c58,2021,1270596,A
8de3ce4c-318f-4e22-a721-14de8347af48,2021,1181115,A
7046c352-46b6-4262-a645-c3be19e100f5,2021,18683,A
4016e007-18eb-49be-9fb3-6c64e9c2c8da,2021,104360,A
1634fac6-6d31-487e-a6af-34985a8bdbb9,2021,97778,A
a74d5792-07a2-4c05-a824-70e09a52bfeb,2021,20030,A
f1bf772f-6468-4fe5-b8eb-e9fed0612077,2021,98305,A
7a453efe-f404-469d-ae2d-fd520323072b,2021,13401,A
cdc5884b-a621-4874-b44e-2a467e831c9a,2021,48205,A
e6711cff-b557-4396-acff-7dbb98bdf335,2021,1203177,A
b357c1e6-6ee6-4f03-9258-635f21ba78a5,2021,101942,A
6fa04695-209e-4516-86b4-d8d52813631a,2021,968,A
042272ab-9884-419c-9b34-db6db37ab2de,2021,97778,A
767d57f2-3e91-4e4b-9a83-517cf288c58e,2021,1283028,A
7f3f2654-3735-4241-85f5-bacd58039710,2021,1047907,A
d4aa4d58-57c1-4ec2-b52c-9ad3246c6c0d,2021,18558,A
279eb474-4b12-420b-ab93-d8023433d940,2021,18559,A
007cfbd4-212c-4639-942c-e7e69e6abe57,2021,22047,A
acad2b6f-223b-4b11-bd95-b51cd4dee84f,2021,2209,A
d338aa70-65f6-41e1-8231-ebc0d3a05c33,2021,55402,A
3c7aadcd-763d-4581-bd94-f6f2f1a290bb,2021,67092,A
7d4911c3-eaa6-4577-8102-ddab55fac182,2021,1322390,A
1b44c9af-386e-4207-8155-6cc0e6791ba5,2021,106167,A
fdaaef52-3526-4081-bc87-f7c3683c6f0a,2021,2209,A
fb64ca6d-ef66-42ec-8815-b2b28b20cd92,2021,18267,A
7989d571-2fd3-4583-b4c7-9eca84037ca0,2021,102590,A
5c376cd6-dc7f-4aad-bacd-581eaebb81f0,2021,97778,A
8cb2fc10-4e58-4645-83b2-986155f45ef0,2021,1288839,A
7fb004f9-0a0e-4366-9664-45f0459e5d6e,2021,94762,A
2e847ee8-fcda-41dd-a16b-1f448441262b,2021,88084,A
f73e393b-18a7-448d-a437-3cb026954682,2021,1300429,A
f9f5b5ca-8a21-45b6-8032-42053cb751f2,2021,1181115,A
d73edabe-29be-4ce9-8b95-e0aa1be31604,2021,113455,A
60f5a80c-badf-47db-912e-2198eedeb221,2021,1376181,A
f09a442f-536d-44d0-b6de-69acb4cb31d8,2021,1330347,A
d0579397-12a9-4350-bc77-a9f618c43730,2021,1318224,A
c258c840-0b11-4eb3-abde-5643dc5e1b1c,2021,106996,A
88b3c0fa-df49-4935-9b78-979edd8a2403,2021,106996,A
2f9ce8a5-7563-430c-a815-c1b23c2ae73a,2021,106167,A
b2bea98e-cf65-4e7c-a02f-1e723db65ea9,2021,104360,A
137300a9-d8b8-4be0-81b8-87ef7e6b2a08,2021,94762,A
ce4bf1ef-47dc-4da5-832e-45fbecb7ad2d,2021,55777,A
ff495bc4-522b-4dd7-9b98-bebeb31e07ef,2021,1322665,A
dd80993a-e3dd-418b-8522-88ea41b74170,2021,88084,A
5a1a5795-6a14-4c38-870e-92758a2321ee,2021,103062,A
810a5bfb-b71a-41e3-9451-6b26011dfe46,2021,108660,A
a672170b-f660-4213-9af1-3bfa5902b80e,2021,11452,A
ebd5e65b-1055-405e-a31b-86bd342e3c10,2021,97778,A
013a094e-d0ea-4047-b4b8-a1e430a3269b,2021,19042,A
914877ba-a6a2-4493-8911-2ba02a4919fc,2021,1427745,A
4d2d10e7-6783-4651-8a1a-8e698677e565,2021,1166783,A
170b14e5-938c-4b54-a044-3dcc9aa7b5b7,2021,98764,A
21363241-7677-4be5-8826-69f020b88027,2021,43664,A
1862e789-9379-42aa-b934-b4b744087dba,2021,1270596,A
b2dee2bb-8db9-4040-b8f1-5fecfb20e3c3,2021,118468,A
61652f63-e479-46ac-ad8d-55ac0dfe3c60,2021,83388,A
9a08a840-a842-4aca-9b57-9bdbdc1a69db,2021,37862,A
42eb131e-68f2-4969-b018-e0732d432d59,2021,11452,A
13214a65-fa7b-4cf8-afba-873e37ac1e30,2021,1403879,A
ba56d89b-f98d-4186-8752-5a033096ccb1,2021,101942,A
d3215797-2245-4cda-be51-4acdf22127c6,2021,1265453,A
79d6c6d3-9a8a-413a-a0dc-7542ed2e2bd3,2021,1322390,A
eb67f2a3-49d6-41d0-a7ab-48fe3bd8557f,2021,98764,A
475ee780-515d-42e5-a9cd-661f75999c1b,2021,101830,A
697311c2-6cff-43ae-b9f6-aaa51b1bd4fc,2021,20030,A
a1f047aa-fb86-4905-a1b5-9bad1756c699,2021,1376131,A
38b04a2b-1815-44c6-82a7-637a6fb11cc4,2021,13980,A
1a178e1c-9e12-479c-bac4-f1350bdd12fe,2021,55402,A
c4edcf15-edd2-45e9-b7a9-3622b07a2b18,2021,108660,A
b21630bf-4e22-4353-8085-f7672e981092,2021,1403879,A
9b90aa68-c015-493d-91f6-7c9a6e7590ac,2021,101830,A
90358c0a-4949-4114-a882-de0f1ab3db2e,2021,1385942,A
e9d007fa-83c0-4b26-9b9a-def11a52843b,2021,107360,A
98e23ab1-b5b4-462c-a040-83a591356c41,2021,106996,A
bf85d5fe-f4a6-4030-9a24-c1c04c94c9a5,2021,106996,A
fa7ddf2b-29fd-497d-a742-03eacfbf0c59,2021,18584,A
82239f46-341f-40f2-bc15-f36bee16da3a,2021,97778,A
8f285810-6df3-479c-b72d-3f0a51cf6e44,2021,107360,A
79d65840-7baf-4bd5-855f-da76744ec16e,2021,106996,A
37909691-5a8c-4ddb-8642-5024cacbed96,2021,106167,A
87d4c50d-f678-4930-952f-9d4637dd6063,2021,968,A
70047f64-90cd-41db-a1dd-35d5a7f58d79,2021,18559,A
8e111bef-90b0-425a-8f8c-50e6a52e692b,2021,1032473,A
8eb92ccf-e9ba-48a0-bfcc-85a20e9e976d,2021,106996,A
5df203c9-5670-409e-a45b-51171d2fcc95,2021,513,A
ae84447c-b34b-484c-b1ae-0cfec0e9cea7,2021,19047,A
0b49d169-523f-4756-a008-e2b6b6cce9c4,2021,95175,A
cd77ee6b-6bab-4402-ad2b-dfd4f576eb9f,2021,101942,A
f391eb78-2275-40ac-bb3a-9f71538883a4,2021,13446,A
2d87db3a-6e65-4c74-8813-5ee707c99d0d,2021,1148708,A
1e46c949-76be-4e20-8b66-ff6d9525c21d,2021,1047907,A
5d5e137e-25b1-415b-a292-64c93168a7f2,2021,106996,A
ef3be6fa-32c1-4797-941e-bdfc42cfb178,2021,47505,A
83f3012b-b64d-4104-9005-81bc885ed1c1,2021,968,A
d8f1e318-e62a-465a-911c-cdc0b46d4ab0,2021,1376181,A
51309902-b009-48ea-857f-045e90fd350d,2021,1306689,A
2e06469c-ac40-4be4-86e6-0f7b64cdf866,2021,2209,A
db00b3ce-0f99-47af-9283-4d29ffe84582,2021,18683,A
84aa409c-d1e4-4862-b788-ad7e6e056941,2021,57606,A
f45ce545-a536-4270-86c3-1ca647c26711,2021,106996,A
19addc84-aaef-4829-b577-f91680b592f6,2021,317,A
5c686add-e44c-4609-8aaf-a82425a52047,2021,104360,A
d26afc90-cf03-49aa-b4eb-0caf57d16b45,2021,1204325,A
348659a8-312b-4660-b2f6-5214326f2d46,2021,2209,A
2ab8c8f6-e98c-4ca9-bb87-98ca7e1c720a,2021,94762,A
3805851d-7d96-4892-9e8b-f4a174036f0c,2021,48205,A
caf0c9c0-2c6a-43b2-8b0e-3b71a72057d4,2021,1101244,A
08dcb982-ccba-4294-a27a-99ac12e3880a,2021,1181115,A
a4b77dd2-2c86-43dd-ad8a-b4a037f0d44f,2021,73519,A
4ec71d5e-c5aa-411c-829e-4ef9eafb34fd,2021,20030,A
4272cf78-1f48-4c71-951d-90b64434c0e0,2021,17898,A
8b82709f-282f-4bc2-a422-72640ff68406,2021,1270596,A
a5a51246-3c13-4723-b908-86f19dc4f08c,2021,106167,A
40d2cd6e-3d20-457b-8ffd-c801dc36be9f,2021,13401,A
1fc5085f-39d3-408a-9ed4-9fd18b7f8d44,2021,41238,A
61053174-18ff-4e0e-8087-db2a7cee4dfa,2021,1306689,A
b60cb39c-e483-4c4d-bdc6-cece68076c47,2021,1181115,A
a47ad122-0abc-4eaf-8518-2088e3e6fc85,2021,513,A
4ede0c0b-5378-4b95-b8cd-c552c14df64a,2021,94762,A
1ce7dd5c-8a3e-40b5-88ea-83cee7b8f366,2021,20933,A
b18d6bcc-ecc7-41cf-b1f4-dc53b8e71233,2021,94762,A
64cc3680-0035-4da6-835d-46af220ddddb,2021,53331,A
b967435f-1027-494b-8571-65d2e92b4dc7,2021,22047,A
ae06b146-7734-43c6-8540-f08dc4532ce2,2021,95175,A
3de342c3-0dcb-4bdb-ac17-22006163f5ac,2021,1181115,A
85a7e730-7613-4562-bd72-44eef7826f89,2021,1306689,A
c5d0ee40-9124-4794-aefb-536d3fc6a571,2021,1269545,A
c6074fb5-19bc-44cb-93f0-9aecbc85ae17,2021,95017,A
d7fb748c-ffcd-4923-8897-52aa0d86aaa5,2021,1314243,A
73889dd7-1f43-43d1-86a8-9da05197d344,2021,18558,A
4f76fe41-7865-409a-aeba-c7f4809e4c18,2021,19042,A
5ef5f7f2-907b-48c2-b85d-131577167c7b,2021,107360,A
325e7c92-b6b9-4354-9773-7064e50566ea,2021,1190145,A
3922ceb8-313c-4fd0-8ad0-5d7103018921,2021,88084,A
5d7509e7-85b3-4ce8-bb0a-3aaa94b34567,2021,20030,A
fbf1330c-1236-4a86-98b5-c22a3c212d16,2021,317,A
4acd6166-1698-49c3-b5c1-b05551a83c60,2021,94762,A
40d6cdd5-cc50-4eaf-a1a7-d4010a9ce6a5,2021,1299927,A
09d29fc5-5beb-49e9-9c6b-d8cc42a77c12,2021,1427745,A
1a4e36d9-d385-4687-8125-e6c6464a2372,2021,1300284,A
e7d44e97-e08e-4138-a848-7eb2a65d5331,2021,19047,A
f97c9ced-8d7d-40bd-b825-a11d6d9432b8,2021,1288839,A
a365824c-a67c-4562-96b3-3a1f85233583,2021,101942,A
f4d2bf38-c33e-47b0-a014-e9179bec140b,2021,107920,A
f5de95e2-ea04-427e-bb04-fbec377879ff,2021,94762,A
ddaf6424-14d6-480e-93ab-1ca556ff34a6,2021,1427745,A
6a78cd28-a7a9-435b-b9ff-e203d1d05b1c,2021,106996,A
900b8ff1-8d6c-4bc3-ad3a-3bbf2bd3c998,2021,317,A
c87de50f-c467-4c93-876e-7dcafb9371d0,2021,1269545,A
2752aa21-2d22-42a4-a6f9-c23cb963ce43,2021,1190071,A
23fc00a2-1b11-4027-87af-1cd779e605b6,2021,98665,A
5f86114e-a8a4-4710-ab32-ed2c8a576b19,2021,513,A
462c2eb6-ee2d-490c-adbf-a3da555f9618,2021,112086,A
848d1424-27d2-4150-abea-2bd5cf5b21c7,2021,21464,A
2105b19c-60c7-4031-8fc4-976ab9fce702,2021,48205,A
dd7f6e59-131a-4807-8d9c-7d5db99bc48d,2021,18671,A
5e5ff5f5-5a96-402f-8819-0e6389628587,2021,1306689,A
22557a1c-9bf5-4d37-8a42-486cbdfb0694,2021,107422,A
22825de8-728c-4e27-b0eb-3ec83734ebeb,2021,74737,A
b19829de-a829-4ee1-8b4c-aa78985c8752,2021,62484,A
3804a574-47bb-4984-a595-acd8da578e85,2021,18671,A
a4602129-ae64-4ebb-a923-4ebc87882b93,2021,11452,A
82aff036-4963-490c-9b18-a4feba63069f,2021,50082,A
edfb8b7d-204e-4568-be51-8492ea7ccbdb,2021,13401,A
f04e99ad-42ae-43fe-96d4-6c1cdb4d6d1f,2021,107360,A
5a88c1a1-1616-456a-bcbd-f1359f4bc82d,2021,1187671,A
e5e4a3ff-b9de-4c29-9169-6119842f50f2,2021,13980,A
0d97024f-2c46-45f5-9732-4385864f0164,2021,18558,A
bc14676c-4aac-4a18-a9ac-88272ea25ade,2021,73140,A
ff996bfc-8e1f-4a0b-96ed-e250c06c6ce3,2021,112086,A
874a4868-71c1-4b65-998f-eba3ae9f34a5,2021,5000143,A
4c0a1f3a-a9cb-4371-a215-323aad00523d,2021,5000143,A
b51ef9ba-91c4-48c3-8540-b3d368272279,2021,94762,A
a4f4cb2f-ccdd-4889-ba70-a1435daeed43,2021,20030,A
9e424a6c-b9bd-4343-8611-1560209d7a42,2021,11452,A
6cbc207a-0c88-42d3-b470-0697cecbe1a7,2021,1306689,A
413041c4-0b38-4e28-9067-61b000857f7e,2021,18903,A
16a9c8ca-747f-4993-b298-d61bdc56fb20,2021,1427745,A
e3192b88-d01e-4a72-9aff-078b8142f5cc,2021,1118057,A
b5278f3d-91dc-4b10-b1d1-a2df5a0bee83,2021,114616,A
3bd5a486-b75b-4917-9a4b-7ff3b51e4018,2021,103062,A
90225611-7b0a-471a-b3ce-4560d44118d4,2021,1306689,A
9789d16b-01ba-4a8e-9cab-05d1bff3bc7a,2021,1204325,A
c610894f-09a2-4d0f-ba2a-71a50dc3211c,2021,114616,A
eb4147c4-1543-4623-8d99-d7408516aabc,2021,968,A
270335f8-51ab-4343-ae94-3cfc4bd85516,2021,49054,A
3f15036e-10f7-4821-86e5-f7dd286f3d75,2021,1376131,A
66537def-d13f-4f42-b0c2-9c9e9162612b,2021,317,A
35c25b36-8b37-4843-ac9e-0a96f8424662,2021,968,A
2b96c5e8-ec3c-46e1-9908-3cbb9a633a9a,2021,106167,A
611ab10b-9639-4845-a4d5-b8396d233376,2021,968,A
cf85c972-a5cd-4264-a33f-00529f51df79,2021,98957,A
e3d18edb-c13e-42f2-b788-9a26fab9e822,2021,1265453,A
bc9efabd-742f-4fcc-86ff-1a1472523a0d,2021,48205,A
d2ef21ba-20d2-42f4-b0d9-6f520b0cdf87,2021,98665,A
426e5c3c-46ae-4b47-be2f-564229556250,2021,106167,A
54ee8776-762f-4a4a-ae21-e2d091d3798b,2021,1181115,A
53173839-83e7-43ce-9d68-45bd3be41f64,2021,1108692,A
f38f835d-0088-4582-8525-704dded56819,2021,101942,A
05ccf7fd-118b-4bac-b3d8-ea319535517c,2021,101830,A
5ecab2ed-9fd7-4803-af77-d24bca82ceee,2021,20030,A
06f85d97-176c-4f91-815b-c3f4456343cf,2021,13980,A
05192e46-47b0-4af4-b1ff-694cb8befb2f,2021,1330347,A
73358ed5-196e-4b20-813c-c144b0531718,2021,20030,A
689ac79d-a1c8-4ebf-a30e-6511a6e9be00,2021,11452,A
0ce42fe9-5e36-4259-9b62-f9bae15c9517,2021,88084,A
eb4346fe-e4d2-44df-878d-eb4f5f216066,2021,1314243,A
68160ff3-24c3-4720-a7fc-b66033df40c9,2021,98305,A
123037be-673c-4bde-af40-63ab4f6c677c,2021,11730,A
1866718e-41cc-48b4-9233-7ce3dbfac504,2021,1204325,A
05a9d449-b52e-4066-84fd-0b086d484a96,2021,68930,A
85d970b1-b52c-4620-9299-bfb0442b42fb,2021,2209,A
bbe18e95-774b-47d3-ac63-e439f1d4c464,2021,968,A
3c1d30ac-4631-4e49-aa98-2f28ae792b3f,2021,55402,A
f0b2b3a6-d1f2-4be6-a874-d836d5df7081,2021,112086,A
67d49cf9-59b0-463e-9de5-8b20190f1f0b,2021,57606,A
1788bc4c-82ed-443f-a370-86a185df27a5,2021,19042,A
b115047c-c909-4505-b8b2-795c5fff116e,2021,114616,A
af6f4274-392d-4af2-9333-a9ed196f5c8c,2021,1385942,A
53345b35-0ea3-478d-84c4-ea83d88a3943,2021,18558,A
5898594c-ac00-461b-a0f3-784ddbdafe55,2021,11730,A
6ced594f-e8e6-4fdb-9627-f373ca77ee88,2021,95175,A
850dfc64-37a8-465b-b576-8efd664be834,2021,1190071,A
f2071c9b-7130-4823-bb56-c09b0c871371,2021,513,A
3cc383fb-7a2d-4194-96cc-4a88331ffd3b,2021,108660,A
7364280d-e498-4a67-93d0-025aab879a5c,2021,55402,A
43227755-6521-462c-8bf5-93f5d0d18f48,2021,37862,A
403d9e8e-a369-43c0-8a7a-3b08476123c2,2021,106996,A
d230c2b2-8ee6-4691-942d-ac9f671561c5,2021,18683,A
54c1683b-466d-4bd8-a786-67f0d4d98402,2021,107360,A
4d77c32f-09a6-4b14-8495-e21b85299048,2021,13446,A
2feed088-c9b7-4e98-bf49-d0c533b7dbac,2021,47505,A
ef725a23-1c53-468f-a8cd-bc630a802785,2021,18559,A
b65cef5e-6269-4d28-aa74-2739c3aa0ae4,2021,513,A
0c266770-08a3-4e0c-9a19-ca9544751de5,2021,1269545,A
81baaeac-626c-4d5d-bff7-7f1310ff4a55,2021,317,A
ffeb1ff4-2a79-4751-af15-649daa9e0655,2021,113687,A
e084a2b4-fa00-47b3-948b-8f10d4430861,2021,101942,A
1e0d20d0-bf26-49ad-b51a-e7a913734b8f,2021,113455,A
1abe22b6-c5ec-4f74-84c3-714b8fb227f7,2021,20933,A
509fa059-6f59-4ac2-bbe6-83eed3717598,2021,20239,A
bd6e2ff1-c259-4864-9a76-606b1da8761e,2021,97778,A
d18019c4-bef4-4af7-8928-d62358408589,2021,53333,A
1267c415-72d2-4d4e-8df7-c5485ce878ac,2021,116770,A
4cdcaa33-e580-46cd-a2cc-40cc95fcf2e1,2021,1403879,A
5a2b774c-0cf8-4d7d-aa49-1b3b0e336df8,2021,18584,A
5ad41069-016b-4f49-a04e-d4a49d01731a,2021,1148708,A
77b42c7f-a99a-46f9-acf1-bfb9795f7052,2021,88084,A
80fdfd43-0d21-48d4-8622-5d8c16f58c2d,2021,37862,A
4ec37b0f-38d4-48b2-abef-6183cd4b85ac,2021,106167,A
7f9331d4-d50e-4088-85c1-ea998ade012f,2021,513,A
5d2a325b-95ab-4533-812a-a8f7bd04ad69,2021,1070485,A
f62cf8b4-a18a-4cc8-83ce-159697ad0465,2021,95175,A
1bb341d1-338d-488b-9688-e1e37d3bd589,2021,1181115,A
4312a62a-99c0-49b7-b53c-0c83af9e5dc5,2021,54934,A
c5f959a1-57fc-44e7-86e7-3b4ff1129316,2021,2209,A
09193e45-cd15-441a-b936-83e9d0cc9273,2021,18584,A
1b773909-f863-4416-9d7b-e825b118188a,2021,1267543,A
e119c2a4-2f83-426e-95af-924d6ee78bfc,2021,1267543,A
02fcb265-e8d7-4580-b8e3-e41d5957d236,2021,1187671,A
561de580-a31b-4606-adde-886621fee095,2021,20239,A
4da74e9c-fc09-4933-a100-66dd5ebd5630,2021,1181115,A
90db1369-b728-4b80-a54d-b702e07ecd22,2021,1181115,A
a24c645a-b32a-49ad-9909-7ef849864462,2021,102590,A
07146695-d8c0-4deb-ac68-64d6f90e9d01,2021,86326,A
474b51ce-17d6-4f99-acd4-4d03602e8ec7,2021,20030,A
13d7f676-f70c-40a0-b8bd-74963488b19d,2021,95175,A
87a8540d-9fee-4b58-8af3-6a4357c6f1ac,2021,317,A
f98d9e6e-640f-44ff-a3fd-f06dcdb05468,2021,114616,A
2f44c375-f82d-4c22-a860-dfe577a9893b,2021,101830,A
a2af51b3-af54-4ad8-8634-ff70ef2ffda1,2021,95175,A
66f44bf2-0279-49be-a01b-993ab4000bfb,2021,1181115,A
24c0b750-5433-4980-bc20-a14ed59011b7,2021,11554,A
6560ea48-698e-4906-8c69-2e7d9ea78f65,2021,106996,A
e3151921-f207-498d-9e85-e334e5d073e9,2021,18559,A
28b21cf0-fbb6-48ac-a8ba-52140dbc4c11,2021,22047,A
0587998b-330c-4f94-8a79-36dc4f0214c6,2021,20030,A
3af39ca8-e998-4ed0-8bcc-af66c41615ad,2021,11452,A
31763b55-5dce-4799-b051-219f28d5666a,2021,55402,A
29d4bf92-5d82-4338-8faf-f4a20184f4c9,2021,11554,A
a857e661-f45b-4de8-ab62-9724bacaddbd,2021,101830,A
9499b44e-7e0b-40a5-a4ab-80ed6074c7da,2021,20030,A
a451fc25-b9ab-43b0-b624-eaa1c499dc04,2021,5000135,A
b498c72b-4494-4f7e-b072-372f5c040f15,2021,106167,A
bc78b642-0b82-49dc-a9d7-e47ef125551f,2021,88084,A
b76c74b7-3798-44e1-b0fa-4acb8dfd24b5,2021,57606,A
514a3b09-ec5e-449e-bfe7-086ecba49cf7,2021,107360,A
d9cd68a1-b4d6-4d87-8b4a-ba4d330e161a,2021,1306689,A
b4c503d1-2282-4775-b979-c909a0c7e8c7,2021,106167,A
32620d52-a64f-4a3a-9036-d0817a2c4f5b,2021,13595,A
35c857a5-d95b-4dd7-b19e-46093e043d48,2021,13446,A
e4a579e0-0667-4c88-8cd3-a64b260d24b9,2021,118420,A
0c96f917-05f0-4f16-bea9-3fbbb5b035be,2021,20030,A
28b7418b-1ce2-454e-b11b-e0ae11a7c23a,2021,1322665,A
91fae526-551a-4318-9a98-71fa88c6635f,2021,98595,A
1492d49c-adaa-4dd7-9570-b323c999a662,2021,1351760,A
eb889bca-1fa6-4330-811d-1ba0743e7a18,2021,13595,A
7a16b705-4035-479f-828b-a3a6996b12fb,2021,107360,A
0be96bf2-49ef-43dc-98a6-354952d2a38f,2021,117022,A
0b9e08cc-2727-4bf1-9f91-97fbf5ef066a,2021,50981,A
e578c189-2de4-49bc-8aba-e66987d587b9,2021,47069,A
d542104c-c965-4bea-8e60-65d40325df56,2021,11730,A
d8feebbc-a0b5-4100-a067-b8c773e8969c,2021,55777,A
65c71708-a3c7-41b4-b4f2-6fa9a67621fc,2021,1379275,A
229c3bb2-2a74-419a-9ab5-5c1dbd87884a,2021,2209,A
516c9329-9b8d-491c-b36e-b3d828506c83,2021,18558,A
b8f8dd54-03e4-40ac-86c8-7f040acb9007,2021,47069,A
7876e53d-2ec7-49d5-b687-d92e76b350da,2021,74737,A
a3d77830-4e8d-43f0-9aa8-59a9c3fa4380,2021,116770,A
5bb53e8c-45ce-44e4-97c4-88a53d0b74fb,2021,18559,A
b01aa961-f0c9-47ac-aabb-d0efbe860a82,2021,1351760,A
d2237657-046d-43b8-b7a2-32b30224e61a,2021,1267543,A
b56c6613-8a72-415f-bb95-5faab6796de1,2021,91181,A
decf84aa-ba8b-4f00-9412-ba422b94a492,2021,1139692,A
005ac205-15d5-46fb-af2b-f517addbfeb9,2021,1190071,A
828d8f04-537a-47f7-8166-8a9da5430824,2021,11452,A
855ed29c-a60e-4696-9a0f-4a6b41b8fa24,2021,101942,A
64383ad1-1553-4ca5-ad39-1e418f53800f,2021,20239,A
ca9dd000-b1fb-4e5f-8791-f90c18179019,2021,18559,A
9d3ec583-3d16-412c-85a3-9febdaf52874,2021,1070485,A
ac18427d-8271-4dfd-8601-0b406cccb10c,2021,56172,A
3a55af0d-b76c-4aa3-ba5d-6378807d7658,2021,117532,A
dbf98617-f5b3-486b-9d25-4e224ea3730a,2021,101830,A
e14b5278-4829-4bd1-af87-c11c44fc8143,2021,1204325,A
ea8545c8-c55f-4b0e-8656-e157e73e9c68,2021,97778,A
e23e59a1-273c-49e6-89f6-efaf208fbba9,2021,1269545,A
232fc992-1d5c-4a29-a608-adbd8f6a1671,2021,56172,A
cdade524-891d-4c0b-af64-9b082281dc10,2021,20239,A
899c7bd0-223b-4ef9-bd87-bcc1c796e4bf,2021,116770,A
9f7d4d44-61db-4bd6-904a-5919fa78df7f,2021,1306689,A
cb2eebcb-5646-4cf3-abe6-9f50f4825c63,2021,97778,A
66803837-abc5-4cd7-9e36-a8a9fb2b9aef,2021,101942,A
78e3f3a7-ae88-406f-bebe-664ca22668b7,2021,13446,A
c4659500-c025-441a-8c48-4da63f4fcfcd,2021,107360,A
f55e792d-0b8c-4f57-b39c-35d3c5fb39b8,2021,1315444,A
acc06e50-4f94-4caf-ab54-63a28a81f8b2,2021,101942,A
ac52e7fe-bb8a-4a8f-be76-e9720801bac4,2021,108660,A
fb381336-9145-462b-8b32-4e7de6322560,2021,18584,A
c512589a-7230-48d9-9648-55df4951978c,2021,67092,A
f9a7c1e1-d0dd-427a-b172-7c62dcc38172,2021,318882,A
c334f46c-366e-4f4d-8048-f97bbf73aac2,2021,43664,A
13074613-b489-47c2-a8b8-b2a8a12744aa,2021,102590,A
6984d87e-90f0-49a2-ac7b-e813ac58b668,2021,106996,A
760be2d6-4e64-4112-b601-da736707ba68,2021,95017,A
f0c7b5d1-a8d6-438e-9811-5562b91c7eb9,2021,13401,A
dfe6d188-eaee-41e9-8006-0e15c70f6aa3,2021,95017,A
2bdcb684-7080-4c82-aa5a-798889e5e1e9,2021,19047,A
2d47a602-c501-4c5a-9002-fd8e22a7e7f9,2021,1136142,A
17626d02-02e0-465d-9e23-8419190c492b,2021,107422,A
18c212ff-7a95-4482-85e6-3637308685d4,2021,55777,A
3a5da377-a1e5-4510-ad29-2912fdac33b3,2021,1300284,A
86792cec-c549-429a-a781-3622c5d7ad54,2021,1267543,A
fcf285ad-c0c3-4610-83d8-a5f936fa01a1,2021,1351760,A
cf6b9917-9107-4989-9496-731e5b2b2517,2021,13446,A
d4676fe7-4738-4f6a-9a07-51fca44c9267,2021,13401,A
95e5740b-0b1b-42c7-8ca4-21060aa9cc8f,2021,11554,A
3f622e1f-60fc-4e99-84af-fc1daa994d3f,2021,95017,A
d00e8a72-6062-4f09-b1a9-4200fae3a75d,2021,94762,A
db0c7ca9-d9c5-4968-b5de-eae8a329c6b2,2021,67601,A
c3306d30-a861-4c07-a128-b982fe36b345,2021,90030,A
e2d81b92-f29c-45a5-bce0-d39528f5cae7,2021,107360,A
f2a8e381-9fae-493c-b9ca-7494d78e8ef7,2021,20933,A
d2420f34-928a-4edf-bd7f-bfff290fac1b,2021,13401,A
e6ada776-fada-4eb4-994b-5da3a82533dc,2021,37862,A
e6d810b1-52d4-4555-9dbd-78197dbe5777,2021,1385942,A
f9cc7fd7-c6d5-48c4-ad89-940d92420edb,2021,88084,A
986fd986-ed01-4778-ab09-f6d7568ff700,2021,40343,A
efa2cc4a-caff-4c8f-87d6-aca06693fabd,2021,67092,A
632d5cb7-1704-4b2c-896b-10b58c95afc5,2021,1351760,A
54ea33cf-d5cb-498c-b8c6-47f4c2e3b793,2021,1314243,A
ed8897f8-a922-4119-bb65-51fd75382bce,2021,11452,A
5d1fc051-354d-4695-b2c5-9817054ce0e7,2021,11452,A
e1a80ba1-764d-461d-a6e8-1d55cc678fe4,2021,18671,A
3085c790-e2bf-4783-b57b-3dc5947b2261,2021,19047,A
df79be98-e3ce-4f93-96f5-ba30368c45b2,2021,101942,A
272b8ca2-0ff2-45d2-9be7-d92dea839698,2021,101942,A
b3ca0e6d-885e-4f68-ad29-149becf21fc7,2021,1427745,A
18eee96d-1684-4efb-a460-0cd9023847d8,2021,1314243,A
94818ba6-ecd5-42f6-ac48-a0ed51adbb9c,2021,968,A
f1e86a55-0e0c-4c3d-9b6d-b277c7fddb60,2021,112086,A
908fc7ac-e147-4af4-9dc7-9f05a94bdbbc,2021,43664,A
25fca400-d6f5-4d4c-ba5b-40ce1e91da75,2021,94762,A
91621d55-2319-40d7-9bea-77420e8c77e6,2021,2209,A
da907b76-635f-4651-b2ca-70161f2da58e,2021,112086,A
e8a8a9e2-7039-4203-b114-9935a37d8f22,2021,11730,A
08bb7a75-fb19-45a2-a358-88d94716af89,2021,20933,A
48d0758d-56a0-44bb-9e7b-654d83ec3341,2021,5000135,A
a5556fbc-b67f-467f-ad50-f9fc6654c31b,2021,317,A
752fb469-a72f-4af5-88a4-4c65844c68c9,2021,11554,A
a957a0f9-dae4-4f56-b08f-d5e267929135,2021,53333,A
76c8b591-3c5b-4411-8574-4d71bc8679e0,2021,1047907,A
8a594752-20f6-4da4-8971-4e235e653c0e,2021,1314243,A
68bed36d-9fd2-4732-a047-200e9421001b,2021,99820,A
ad7a8980-aa4e-4e81-bef1-d0970911890f,2021,95017,A
94c5c510-71b2-48bc-9002-551490ec4445,2021,68930,A
d7539853-c421-44e8-95e3-6c3227c59ca2,2021,1258063,A
23c15412-8231-460f-bc58-2fc95a88dbb5,2021,1190071,A
16b56841-d8cc-4303-9d08-14ae44371ea2,2021,112086,A
a0dce5aa-f6aa-40e7-91b8-d5c8a1bbc597,2021,94762,A
c6b4fb43-015c-4c4f-93d7-a2f3b603b0a2,2021,107920,A
c2d5e263-f25d-47a8-9c0f-382d9e90da22,2021,2209,A
fe4650e8-6378-452d-81b9-f671cf8d4070,2021,1267543,A
7ad39de7-a413-4c2a-8c3e-d6f21ddbe5b5,2021,968,A
3644a4e5-6ffb-4e86-851c-10c424945530,2021,968,A
fa88fd4b-f250-4f66-9794-0ec42b556183,2021,99820,A
290cc7c7-0a4d-434d-b5f8-40fb14251a21,2021,107360,A
912957c4-cfa5-47cf-8083-c6265e1cfda1,2021,1315444,A
cf4c1089-02cf-499a-8e08-c59865d8001a,2021,55777,A
adbcf648-9e21-442a-8dcf-464c9e64fcac,2021,9425,A
fe218844-a138-4a44-966e-5ca507f2d518,2021,317,A
38100ad4-d934-4ff6-9436-e9686808b544,2021,50082,A
3d1d678f-9c9d-4d87-afbb-252772caaca9,2021,13446,A
31f85c33-4134-4002-a3e4-f916311bf292,2021,18903,A
ca776506-eaa2-4bb2-99f0-25c653b786d7,2021,1187671,A
aa8d3fc1-47dd-4810-9ee9-c16da95a1ccd,2021,37862,A
6f5c554e-5320-42eb-b87f-a53424a1ca06,2021,1118057,A
86cf50d4-0e9e-4fb4-8357-9fc8e8903d50,2021,11452,A
d286a80b-2e65-4fbe-93eb-65ca09257f30,2021,103062,A
06261165-3def-4c6b-9596-7f09ae80baac,2021,88084,A
7d8b7aab-12e3-4c8d-adb4-92dbf2dbca48,2021,18559,A
69544b7d-b19d-4dee-b8c8-d1a5c622836f,2021,97778,A
bc193938-a15d-450c-99ec-b1b2227f3ba9,2021,318882,A
522b6059-a79a-41c6-97b8-34d2b110c23d,2021,13595,A
f876f57a-1637-4a9f-b167-957948709c00,2021,1204325,A
a90a7b45-9d2b-4b2e-bca7-c139b77a8569,2021,1269545,A
72ea51d2-1cf5-42e5-82a2-c3af0e1c7009,2021,114616,A
6e1df206-c4bc-47e0-a214-8bd23281c9d5,2021,1270596,A
6cf8167d-330a-4c13-8263-0e7bbe883db6,2021,1267543,A
0528ba0d-c9bd-43a7-acb8-838b8902fd6c,2021,107360,A
f846380f-ce37-4084-b790-7269f42a1cf2,2021,1204325,A
e860a961-4866-47e0-8a2f-38115fb79fe7,2021,9414,A
109d37dd-bba8-4be1-a59a-1bc8e150fd62,2021,20239,A
133478f1-b856-48f6-83a3-9b4c611ac74c,2021,18671,A
9850eebc-24ab-48be-9a3b-49c928033df1,2021,40343,A
9ce983d4-fe93-490d-9c6f-94d0339b0664,2021,108660,A
c324c098-6b12-496c-8d87-a4921cb5a681,2021,1376181,A
6aafa312-5a87-4ff4-a51e-4cf734c6bb19,2021,1139692,A
953c21e4-4cf1-4c35-b26a-5a3050ae98aa,2021,101942,A
5ecd789f-f0c0-4953-a82f-22f7cdf75c58,2021,1314243,A
5a03b5a4-5635-404a-959f-334ce2df5978,2021,1300429,A
14c0f152-5302-4bbc-bc29-71bebbe7e1f7,2021,11452,A
d83af6c0-c383-49a2-b873-71bf6bbc1641,2021,1385942,A
cf0b0d85-0501-423b-ae0c-e177fca7e6e0,2021,107360,A
11295a95-e38f-43d7-9437-74a857dfc134,2021,13401,A
dc7a38cd-0094-4a82-87f7-911320c6242e,2021,107422,A
28a22726-dfa1-4e16-b2cf-11f959e1d604,2021,67601,A
2fa3fdcd-6620-456a-aa9c-fe6573ce55de,2021,13277,A
1a1889c7-4e68-455a-9654-518e154a9f65,2021,1376181,A
a1b64f72-6795-4625-8339-e64fce172495,2021,20933,A
6bf2fe11-e969-42bc-b415-a4d98734679f,2021,513,A
738366f5-9af7-42fb-ba24-a0de92ce8bfc,2021,37862,A
a883a8c4-fe90-4be8-b97c-0b77fe712bf3,2021,87396,A
78fd7dbe-71a2-4b80-8caf-1943b50b3d14,2021,106167,A
4e342784-fcfa-4a15-867b-6d58859894f5,2021,18671,A
95920707-17ae-4fb2-8e2e-2b012956b33a,2021,17898,A
0e800a12-8ee4-4f0b-b80b-fc4e954ad79d,2021,1270596,A
3165e694-02ee-461f-8ba3-8dff2a18e572,2021,95017,A
96962337-c3ae-4771-91fe-eaf74dbe19f2,2021,18558,A
915d19af-aa8a-4982-af0e-a45132839069,2021,13595,A
7e72f2cd-da5d-47da-966f-0637625bc17a,2021,18903,A
897e7db4-b742-46f6-9986-50dcec354f23,2021,13401,A
52d68cf1-88a2-4dc8-9e58-8848132f6c68,2021,13401,A
a06cc93a-8ff8-4b7e-8d12-30755b6c99f1,2021,106167,A
15e65fe2-3efa-47af-9a49-3cbe502c1469,2021,1376181,A
3599975b-5caf-4424-8f6b-3ed39f12b540,2021,106167,A
845ccfa7-576c-4b1a-b834-0950b3fd6921,2021,56172,A
e25b2502-0951-4457-8ef5-5680e563a1db,2021,1190071,A
2a325002-35f3-433f-97f1-98ae60feb61e,2021,103062,A
dfd66cab-dc72-4839-ad7e-5e7ef0f6547f,2021,1267543,A
0f155e31-27aa-4fae-82aa-c96339044f43,2021,13595,A
39e53337-5810-46d6-a204-895c2e099113,2021,11452,A
3e565991-0d7a-4a0e-bd8d-1a6f234481cf,2021,112086,A
b7a2d68e-3c5a-4090-8d37-a75478ca2012,2021,11554,A
584138d8-3f69-4506-aa9d-7d17c7de5042,2021,1070485,A
b3cbd113-22a6-4cc7-9f40-bc9455810522,2021,95017,A
501b239b-1531-4df9-96fb-1fe8394b6e24,2021,1314243,A
0ea16b12-a89d-48d6-9c24-e7191326367e,2021,1190071,A
ce4d4666-c5e7-439b-b5d5-2a633fa9a4c8,2021,1181115,A
ba7437ea-9bde-48f9-91fb-35508f78bee4,2021,1190071,A
bc8b083b-1a7d-469e-a8cc-7c528b65a7a1,2021,1376181,A
67de4e1f-e18c-4bf0-829e-c5424815577e,2021,55777,A
0924e0c5-e7e8-479f-917e-3b9846220ec7,2021,101942,A
09b4d59a-e6a4-49bf-b0b9-8fb3f4cfb3ad,2021,11730,A
5aefe2f7-4178-42e4-99fb-0a323261dbc8,2021,53342,A
662b005a-0788-461d-be81-0a44e55b6a6f,2021,20239,A
4a6485e9-8718-4b32-af27-3778234fc84a,2021,1102628,A
7d34ed2c-f70e-4239-bb38-cdd5a2082a81,2021,118420,A
5e04fa00-c98b-400d-9455-c86eeb574e29,2021,87396,A
20f5ea9b-234a-4796-ac01-5453eb23424e,2021,20030,A
d6c13a35-4e79-416a-b299-023f7e346bd9,2021,20239,A
458cb8bf-4002-441a-b9a9-67d1e68d75bf,2021,43664,A
bf1edea6-0891-4717-a6ad-673e47086d60,2021,1376181,A
5390327c-6769-4ec2-8534-87b54b005153,2021,1258063,A
8ca0691f-9dcb-4b41-a19c-9630c3bebadc,2021,1330347,A
3f6653d6-bb02-4273-8324-235ed7756790,2021,106167,A
7c79640b-c5c0-4cf4-8ad9-143a052d95ff,2021,18683,A
6eb429ce-b279-41b6-bccb-3af38ba972df,2021,18683,A
adcde3ae-85c0-422e-bbde-12b62e8eed41,2021,1047907,A
cbc42007-bd98-47ed-8393-3def3132c706,2021,95175,A
fa03b4da-9915-4d0c-ab01-32dc0e134579,2021,106167,A
4c230003-5552-4015-ab30-8d1a025b1fd3,2021,1385942,A
77ef33ed-2f9c-4969-a86b-cdd88f25de64,2021,1117717,A
d79f45ae-7c12-4146-bfbc-afc8c47d4ecd,2021,1427745,A
8d3902f4-743f-4bb0-a9a0-452e92437a97,2021,117532,A
1844c924-effc-4d33-a58a-50bed44d156f,2021,1136142,A
52cb2ca9-6ec1-4607-8f8d-0ac909ee47fc,2021,118420,A
d8784156-1489-4008-9f2b-a603173f6d08,2021,62484,A
2c10e9de-235f-4ccd-b241-1357e6f39653,2021,20030,A
d1f4dec2-33c9-443c-881f-28fac1a746d2,2021,98305,A
11687782-04c0-45d4-b915-b00da37b63b7,2021,1351760,A
e1e30c66-3f37-47ba-b703-7a24c827fbef,2021,20030,A
9e77ad2c-bfd2-4f4a-aafa-09cd6c74909c,2021,20239,A
96ee6658-f38d-4f4c-9ab0-bfdf8b1a66fb,2021,1265453,A
b62ffbf9-8c89-4eb9-954e-8870a5753d84,2021,317,A
2b028ff3-28eb-4881-8a5e-ad7b7a45ab1c,2021,87396,A
782196f7-2c28-41c3-a910-390051579027,2021,1376181,A
e9e7f517-8a22-4b9c-84ef-9f0f3eec1f6d,2021,43664,A
75fda5cd-da68-4b7b-a84a-e658a0dbb3ac,2021,74737,A
5b29ca39-1892-486c-8315-2f7f5d22b9ed,2021,101942,A
d0ca1784-4699-4c33-b476-2991827fa476,2021,1267543,A
ae8cf1ae-11e2-43e6-a9f9-25a572d2a56f,2021,1136142,A
e844d011-42a6-4672-950e-3a9f60ed69e3,2021,11452,A
9297d030-d7e4-451f-8e8d-209d627953b6,2021,1318224,A
afe3d581-3f4f-4dac-9af5-0e933450c9e5,2021,62484,A
fc981016-bedd-426b-8c6b-e066605c1f08,2021,1315444,A
a8b7f531-9138-4547-9535-c91fb2302ad9,2021,513,A
66c8b8f7-d3dd-4b94-8fc6-ee2fd68afb13,2021,13216,A
7a7092c4-920b-466c-a28a-b9dca2ecbeba,2021,13446,A
03af5acf-3e8d-43f0-85a5-9f0e11585714,2021,1376181,A
26b2cd33-cf30-436f-b72a-01ea298a925b,2021,74737,A
08d79b18-e124-4ecb-a6a9-a86e0fc8995e,2021,1351760,A
302c3350-d796-488e-85de-60817bbbbf8b,2021,67601,A
7942bfee-e4f0-4645-9805-77e2fa5e1b7c,2021,43664,A
b4670dbc-26b6-47fd-a13c-a6d11a956e32,2021,1136142,A
97de29e4-1ba9-4ef9-990b-783e81233810,2021,68930,A
db835b51-8973-498f-9c47-f0e001dfdb7e,2021,13277,A
9b3a04a1-e685-4ab7-a120-fd51a39c7222,2021,2209,A
d44b8cc3-c21c-45b6-8f12-03b947e35bef,2021,2209,A
ec2e69c3-b343-4c38-a382-dfc220acde13,2021,19042,A
1230b954-43d5-42bb-a3f4-227fe2d34c98,2021,1330347,A
a2fa041c-7304-4078-bf38-7fdfe4e8ee71,2021,5000143,A
06e6fe1e-d237-4b20-8e0e-411871707c65,2021,1267543,A
61ea6181-4771-4774-836e-110465dd1a64,2021,20239,A
bd28f95f-e4a7-4441-ac04-ab9a99a5221f,2021,90030,A
13a4d9e3-e3bb-478f-a82f-ed39fad9a987,2021,513,A
7487752d-dac5-4d5d-b265-2225a6182fa6,2021,73140,A
da4711dd-45ee-42d5-8072-daa5b64c4790,2021,11452,A
1169e4b1-3226-4681-9ee9-f1e58527c2ed,2021,102590,A
1eed0979-99f1-45a8-8472-1dd4e563351a,2021,49054,A
0ff2dd30-ce68-4ab2-96c2-8b396b1f7a57,2021,1379275,A
d1baa96e-ba1c-4aed-809c-9c77f750b415,2021,968,A
cde6140e-3b48-4d76-8074-8bd11d878489,2021,73140,A
0a0ab10b-69d5-4115-baa0-4e8ec0649139,2021,118468,A
8e344708-bdd8-468c-89bc-e1d22994fe10,2021,94762,A
5e77935a-64c4-4355-9af0-9dbea3dff0e6,2021,1102628,A
e015c7fb-66ad-460f-a33d-daea60b697cf,2021,1288839,A
5c000206-1031-4d9f-9fbd-28a4c67fbf65,2021,1181327,A
530ec44a-37fe-45a5-a9c7-562f914a5134,2021,95017,A
3254f9d9-0224-49fd-b3df-d9027840fa38,2021,13277,A
32131d2e-c3f8-4c5b-acd0-8481abf67363,2021,20030,A
de3f30b7-2c7f-447e-a0dc-f5e01576d5b5,2021,103062,A
5ee89603-80a9-4b04-b557-de2733e93bd8,2021,49054,A
3e818cbf-ed25-4a4c-bbdf-086827527454,2021,1136142,A
389a60b7-c8b5-41dd-a707-494592e33591,2021,90030,A
be6b617e-c83a-4819-8887-b50d57d42977,2021,1102628,A
06b34e37-9949-4806-a1a4-4fcc66143fb5,2021,1117717,A
aebf5eb1-bbe4-43e2-bb87-b7bb5b1823f4,2021,1288002,A
42572ae2-6cea-46f5-b9d5-71f512e315d7,2021,87396,A
37f699f6-d3f1-487e-9173-c1db96c4a3f1,2021,5000135,A
515b27ef-480d-4698-9e61-4b2a9c9259ce,2021,98595,A
7e5ad772-cfec-4cf2-8944-cbc2abf88820,2021,11730,A
34048d0c-e8a9-40fd-9286-171ddc80a745,2021,117532,A
2e59fa10-0d03-4ca7-852f-5be8c122e3d3,2021,97778,A
1fe33dbb-bbf4-4cca-bce0-0bd1abf326dd,2021,107360,A
a649cc13-b91b-4af2-8f84-52fb3224101c,2021,64664,A
f19721dc-dd1b-4d66-a253-ae9ced0a1edb,2021,2209,A
e389b7bc-f36c-4295-b578-e613d71a25c8,2021,88084,A
278c7c97-4daa-4e5d-ad69-59541972205b,2021,22047,A
efb84ea7-684c-4bdb-bfa1-bde290c33091,2021,18671,A
c5cfeea9-6276-4d37-b391-9b7b094fb28b,2021,97778,A
91456004-1447-4b5e-99b6-6efe75165ec8,2021,13401,A
641b18b6-e606-45b3-be55-d7642cb943c8,2021,1136142,A
8ba6620c-66c5-4b88-ab53-1d1d55bffce8,2021,1314243,A
e4840d6b-1703-4f7a-b9d1-148b1a059536,2021,1204325,A
8324f15a-4a43-4532-a2e2-192cdfd597eb,2021,13980,A
4a4785a2-5e73-42c8-96d2-474f72062264,2021,1330347,A
e6efd4d1-835b-449e-8588-0215edabded0,2021,5000135,A
65c1147f-1bd3-4538-8e97-09d43a9d8b46,2021,103062,A
ee4c48a0-ab7f-4845-b540-0f7ba71badce,2021,18559,A
89fea662-d9af-496a-b72c-31f98b1ea21a,2021,57606,A
f05e57bf-6d9d-4b5a-8193-94bfc53003fe,2021,97778,A
d18dd691-50bb-4c06-ac44-d67b013af322,2021,13216,A
08ab05f9-1f12-4ba8-be3f-a345cdfd5d90,2021,20030,A
dff73cc5-8a70-4cc7-bebc-2888e4578b94,2021,13595,A
03aa58ca-0617-445b-b5cb-d13a578d03f3,2021,97778,A
c54c10df-ad45-44c9-948b-2aaed97c329a,2021,101942,A
4d0930c6-7513-4258-b022-e29c1c2ce677,2021,117022,A
c1e8498a-9921-4d07-a881-9935c771c962,2021,1318224,A
7530fc3d-1447-45a3-813a-0f3d41e553ee,2021,968,A
03fce652-9491-45a5-a448-18046c07dfa5,2021,98305,A
8adbff67-5b79-4892-a5d7-315e5f8baf77,2021,1103723,A
a229cb9a-3453-413f-abb7-82d0d3509eb9,2021,1267543,A
17de94e5-b958-4e50-934e-79fdc7956172,2021,116770,A
08e052fa-e308-410d-9566-fd325d49d472,2021,18559,A
a30b0d0e-0c94-4443-acde-49c418a40e4f,2021,95017,A
5d6640ce-4444-42a5-b3a7-9e4db83ff008,2021,11452,A
b3952d50-30b4-4f1f-8e9b-e7064a249c88,2021,5000143,A
51c2f7f3-7ca9-4bae-9a26-e7c175973108,2021,13401,A
9fb1b8fe-7bc3-4385-bafc-2578b6795864,2021,1300429,A
d4bca63f-9ed4-432d-879b-f49be58859aa,2021,68930,A
9cf432c4-b861-4e33-9067-af2a30a58ce8,2021,12313,A
8139aa77-7d53-481b-94cb-c7d5ce0e0220,2021,20030,A
70dff442-bd8a-4835-a225-46e79052536e,2021,5000135,A
b561665b-be4e-4842-af8e-34ab3f58a9ea,2021,101942,A
cec6d6bd-4fe5-4a9c-bf0b-373a6de2fee9,2021,1283028,A
a2fd4ef8-0a3e-4acf-9db3-862e99b4fcda,2021,317,A
d7eaad91-55a9-4efa-a076-646345f3e47a,2021,20030,A
9fd4ee1d-042c-4c2f-8eba-6b02425ac395,2021,20239,A
6c676ac9-a594-465b-85ef-a1921066aede,2021,20933,A
ff688921-81aa-4f10-bf19-7a3c6720bcf8,2021,107360,A
b598677d-d652-44fc-b248-9d4995654f83,2021,1288839,A
9f6e9745-cf2c-4ee4-8e17-d7a2342e3bd3,2021,1314243,A
6c43eb35-23f2-42b9-9e4e-f1a88d73d973,2021,116770,A
1dae7e50-a93c-4f5a-8491-47361c6e078f,2021,2209,A
245d1e2e-3ba5-4b1b-a2cd-8d57876f2dcc,2021,102590,A
0ea94aad-0277-48f1-818a-3cb633cf8bac,2021,104360,A
5d6364d5-fcc6-4d95-98f8-5fac00ef665c,2021,13277,A
a806d14f-42ff-4d21-9a6f-30818bd32720,2021,106167,A
fb48c4bc-10eb-43a8-9bf3-c953d870ad98,2021,1385942,A
4556627b-a2b1-44b7-a67d-0133f203e5cf,2021,101942,A
b9e8b7f9-3fdb-44f0-a5f5-3b02c223aa86,2021,18559,A
0bdebff7-32f3-4144-ab69-98fb368e977a,2021,13277,A
9a1682ba-bee7-4efc-8a95-1f1929ee9ce0,2021,107360,A
5e08fbb9-cec0-4023-b60c-a525ea34dd6f,2021,1269545,A
ac562349-e9f8-40b1-91a8-f469c110152b,2021,118468,A
02bc141b-d97f-495d-bab2-de549b856eb1,2021,67601,A
18e994b0-348b-4cd1-9350-a09bb1fcdd48,2021,1136142,A
a4287611-99d3-453f-92a0-71e06ea4180b,2021,50082,A
20ac42c5-a1db-488a-9234-b401a70b3f6b,2021,18559,A
7a663daa-c69a-4a3e-aa80-75d5f0d931dd,2021,1403879,A
0e95eec5-db42-4681-a47d-bb8711cb6cc3,2021,968,A
fa682341-106d-4c07-ae98-55795eece882,2021,317,A
5b78533b-54f9-4a01-83dd-41cc91d7f247,2021,118468,A
5f8f3a8d-c110-4ace-9663-0194353cf33e,2021,118420,A
4f0a9fd8-d29e-43b8-b18d-0c2b497b3547,2021,968,A
3b5294f2-4658-4b7c-88ae-17a194ba0166,2021,101942,A
1d7b7b25-6a0f-4e69-a093-5ca8ec7d2563,2021,95017,A
339389dc-2cc1-4fc0-a896-473769fc844a,2021,107360,A
13da7692-dd81-445f-ac7e-08b924ffec1f,2021,11730,A
6cd736d5-656a-4f66-8319-a47f4b7e638a,2021,1101244,A
d41e4e2e-60f6-4a54-b35f-8a968d1056bd,2021,1270596,A
a0ae5160-8037-4ca4-9c5c-744ecf77687e,2021,13595,A
15b3078e-5809-47ac-badc-f19c4cbec4b1,2021,107360,A
327a09b0-c804-437d-9314-16a2ab5557a3,2021,98305,A
381ff18a-89b3-4c2b-8528-c6707d342b38,2021,1136142,A
93cc499f-f7f5-4aad-bc06-d466c7e9c0d5,2021,117532,A
9f2c2c1e-cd91-461c-b16c-3494d34167af,2021,5000135,A
8f8ef07b-ec82-409e-84c2-9c0040d2fd2e,2021,49054,A
a3b81435-a786-42a7-85e2-58ce29e7c59d,2021,112086,A
ac20aba2-bdc8-41cd-b5a3-ddfcacf86201,2021,11452,A
141cbfbf-e652-436e-af4f-6b3bb1527284,2021,1070485,A
df210140-4ac8-476e-ad57-eaf2446201d4,2021,1376181,A
b29e3416-26ec-47ad-b0ec-11aee853a70c,2021,20030,A
d12d998d-b006-41ac-8b67-6f1dcbb302ed,2021,116770,A
ac004c4a-bda8-41f6-a79c-bce35f2f6615,2021,513,A
dcf80308-d3a6-4b39-85c2-cac11d3bcb7b,2021,11452,A
c5889213-a49a-4092-a8bc-6b5e7701f39f,2021,513,A
a76ab063-1bcc-4131-b3ce-a28ab3770807,2021,94762,A
fbf1cb4b-c233-4992-bbc7-541e93753b6c,2021,13277,A
d188c72a-38e8-4415-a615-f0be6a19e6f7,2021,101942,A
d71b4d5a-e34e-4ab2-87c5-a959f82f9008,2021,1190071,A
18a5666e-26ef-4366-82f1-e5a51b21dab4,2021,1270596,A
4993cfce-bafe-485a-899e-79a441129fde,2021,11452,A
10154270-2c31-4fba-a1f6-6b74ada8aff1,2021,317,A
b015c0a3-52e1-4b26-a93e-eb4a7c0a7c2a,2021,101942,A
01d9d8a0-2bea-4814-8b03-8107ecaa6af7,2021,11554,A
275d24b3-a4bf-4f03-8bca-3e4a7ba35428,2021,1283028,A
4ddabaa2-1089-4e34-ad6c-fbd3aea43062,2021,20239,A
e6a0363f-a750-4257-9f32-6185fd5d0a8f,2021,11452,A
ebf0d938-6922-463e-8d03-e63fbfdfc646,2021,1117717,A
a39bb996-d536-410c-b35f-ce66e7d77113,2021,117022,A
4de6127d-d51d-477e-8612-511379741c97,2021,12313,A
d20d7ebc-1a89-491e-9d76-8e45ccb4a4cf,2021,317,A
20214275-250a-4153-943f-1d89c278ae69,2021,107360,A
8fe6848c-259a-4978-babf-9e7ce122948b,2021,118994,A
77d7bf0e-460b-454b-a953-5dccddc6b35b,2021,113687,A
d3964ee2-e8cb-44be-a990-ba9696c02a06,2021,18559,A
a51c06a4-1bfa-47a7-8075-4b824379062c,2021,1102628,A
f4cf06cc-2422-4711-8957-44ad720f2898,2021,13401,A
ae48cf22-8c04-4bf2-be18-a615be3d0cba,2021,103062,A
dfb36d09-fc60-4010-ad6e-75f2f50dee8c,2021,117532,A
8281fa0a-adaf-4201-8b18-7001c1d0c47d,2021,11452,A
661bb6a4-4f16-474f-9785-dfbb68296c7f,2021,98305,A
50bc1f13-1525-41c4-90fb-e7b2753e842d,2021,94762,A
169517da-c1be-4f3e-b3c2-64dca0a008e3,2021,101942,A
f6340cc7-b381-46f4-95ff-59161de21d21,2021,2209,A
92c95355-7c2d-4a28-be79-740f3d5f9ed8,2021,18559,A
6b8656c8-4ae0-4406-963c-806b350661a2,2021,1136142,A
17bfdcc7-adc8-4548-8e78-bae07c4289e1,2021,317,A
785aa1bc-b75c-4619-a281-964871279d70,2021,95017,A
076c683a-b984-44fd-91c1-32c90b12d490,2021,1136142,A
0a18f793-36d5-4fd4-82a2-9ed06def465c,2021,5000143,A
b3bd3dbf-7bb2-423e-aa7b-6823d3e4a27a,2021,13401,A
d0b80069-239a-465c-bc0c-2178d3006df8,2021,9440,A
ac198387-7003-400e-ba9d-2f2c73a159f8,2021,20933,A
a1ac0330-f76d-4307-a6db-f33cd9355894,2021,18559,A
baf619dc-01e3-48f8-abc9-a703683718c5,2021,1330347,A
416c3c72-ae1b-44e3-bca2-f4a06d561430,2021,13446,A
bb18299b-3602-4c68-89cb-e360586bde78,2021,513,A
6e6522bb-175c-48f6-94b4-c8accf61d60b,2021,98305,A
d0726cdc-f73f-4fb3-8090-c6801386ee13,2021,1330347,A
30c65d8b-235a-4777-99d3-c4eca0ba6864,2021,47069,A
c021de54-e14f-4012-937e-977e64901d1a,2021,13446,A
632c10c7-1d54-4dfc-8f77-8b4b7da34134,2021,13401,A
8c4bc655-05db-4e18-9c8b-964c8342d265,2021,968,A
1a7e6d4d-bc46-4520-bba0-34554291218c,2021,62484,A
ea940e87-10de-4d10-8b19-d6e9aa6804f3,2021,106996,A
4f5bb3ce-dee6-4159-8c82-ea0f37543c38,2021,98305,A
968c04ab-cbd0-481d-b5e0-69f929a087a4,2021,13446,A
a41b3330-f1aa-42cf-9609-51e0f129ef96,2021,118420,A
7c58f40b-52e6-418b-8348-2e5309fc7f97,2021,11452,A
84e671f8-f61b-449a-8b18-9bf8f379cca2,2021,95175,A
eb813849-fbb7-4dfc-b06d-2661663248cc,2021,513,A
56e2bdbe-426a-4105-a4aa-e05f9c9f0523,2021,13446,A
19b63139-5055-4c58-9604-ccff5e943464,2021,1136142,A
cd406009-2939-4467-9e7b-889392fba6b2,2021,5000135,A
c555be20-42e9-4332-8a35-e18896e9d5b4,2021,53342,A
66b087aa-f8ac-44a1-b237-2987bd068a60,2021,95175,A
d0be406a-dcf9-4273-adc3-9954333f9fdd,2021,513,A
5fe7ae67-a934-4950-ab8c-77bed901667b,2021,1269545,A
f33d2df1-5c75-4a94-b7be-54746b320fd4,2021,513,A
ca7293bf-5b0d-4314-8ed3-024079babe1d,2021,13595,A
ea222b26-3168-46b9-bf62-f900ab3a81e5,2021,91181,A
fec0fc4c-8ee6-412e-8bd9-a92595c89fb8,2021,62484,A
baf2cd47-0f09-4ebb-b01b-d32e96c33e6e,2021,94762,A
aab85db8-372e-4a81-af4c-328b95eb09a8,2021,1270596,A
cae2f223-c52c-4432-94fd-531461ce83f3,2021,513,A
9b28c375-3db5-496c-abe6-6120e8d67d0f,2021,513,A
b4564390-5b73-44d7-b604-fd51bf0e7ed1,2021,13446,A
0f87c8dc-2c44-4b62-b93a-d37e6d4b3dbc,2021,1272079,A
d0793f62-be2d-4d8a-a75b-f332a8febb11,2021,99820,A
c5233e4e-2e61-42f8-82a3-d4e84e0eef5f,2021,62484,A
380a41ba-cd25-4131-89b7-b2866d554a67,2021,101942,A
cc79d187-ff59-456e-929e-c8c22ad185ac,2021,1288002,A
188b2c78-aa96-49f0-a11d-f54f16515e1a,2021,13595,A
4d9c53fd-b356-401f-bc3c-5ea6da1a7d36,2021,11452,A
71082572-18a8-4304-a824-9a34b960eec2,2021,513,A
869288e3-237a-4c5d-84c7-9cabc62a2634,2021,118420,A
bc723ac9-c13a-4664-80bf-054a5ada9e0b,2021,13595,A
ae1c2e98-0b96-4639-9dc6-c506c92a0718,2021,13446,A
0f75cbf6-888f-4e38-b2a8-cce57265103f,2021,22047,A
c9fc8eea-7207-433a-9ad3-8744d2872970,2021,1101244,A
bff19e81-c2b2-43a8-a8f5-562506cdda4c,2021,101942,A
940ae548-abcb-4f92-a13e-2c7dee97bf47,2021,11554,A
1ff7b1de-8b06-4033-be49-7ee0e19b301c,2021,101942,A
0f7f40eb-79ab-4a5a-9b9f-981a352ed47a,2021,1376181,A
f8f39a62-65f5-4349-9672-bcc279110839,2021,1322390,A
dc4ab3b7-2c85-4101-a605-d5e6ca23de9c,2021,513,A
6a6f5258-5792-4f72-89bd-6f98940e05bd,2021,13595,A
43103baf-26a1-442a-b0a8-749d80c97281,2021,5000143,A
6f737a26-c0c2-4044-a49b-97ae06f4d339,2021,62484,A
5ad9061a-e614-495c-b53d-458330a7e6aa,2021,95175,A
af6b10b6-d2a3-46c8-96d1-1a2d5fb712f8,2021,116770,A
d39af197-3c7e-44b7-b952-68db47adb6f5,2021,13401,A
aeb3c3ac-2adf-470a-adb5-267d2a36133d,2021,97778,A
ff12c840-464e-484f-a724-0f2b30e1abbf,2021,11730,A
15cff8d1-b393-44b4-b225-b501442770ad,2021,11452,A
865f7703-f80f-41cf-8485-a81c1d496ec4,2021,118420,A
4a5e8aec-7f21-49d5-b00d-5efe8422d0ff,2021,1376131,A
3493fcb1-b7d4-4807-8e60-027485551e12,2021,20239,A
419fa0d1-10d0-4598-b728-0aadbacf5284,2021,1136142,A
870e7ee9-265d-4355-8f02-689e3f313251,2021,94762,A
d4e5dc7e-371b-4553-a661-e3cff8e9f120,2021,1306689,A
e5c4d048-8ac2-4879-b5ae-ac1e81e20b65,2021,13595,A
337d359b-be0c-4e6d-9de7-afe1f4087f26,2021,95017,A
9268c3ef-e07a-477a-b53d-81e2b163f7b8,2021,1385488,A
a34d5024-8c8b-4335-b33b-9dc7bcd8d1d9,2021,106996,A
560bad05-6109-487c-a829-4c5e68418f9f,2021,1136142,A
732b9c8a-d960-4137-8f82-f63d7cdf6748,2021,98595,A
3f680396-9f7c-489a-b269-65279a4597b3,2021,13401,A
f4d18eb1-ae3b-4a01-b9d0-8667af084cb9,2021,62484,A
ff8dea10-f411-4c8a-939d-8eea5dd57d4c,2021,41238,A
9e001c34-a136-428f-8168-194ab9dbf5a2,2021,1330347,A
b988752e-01db-4805-ac5e-8a3a4680da07,2021,1118057,A
7ea5c38b-bb29-4a98-aed0-f0dbec7b36ff,2021,1118057,A
2359eb19-3669-4ad5-8ec6-965d8d2eb46f,2021,12313,A
68e26c6c-4fd8-4867-b1f8-2d49ab94b12b,2021,101942,A
0af88c9b-0faf-4e65-953d-72cf45ec3fbf,2021,13446,A
83ff609f-6663-4c29-b649-915aa8078683,2021,317,A
da7f25a4-35be-4581-9ca1-b04ded9b83ef,2021,18671,A
079e308e-f617-4d4b-9404-57a3ac07061f,2021,117532,A
3debba67-e0b9-4228-a915-e9a75cd13a9d,2021,2209,A
2b248103-ee06-49b1-bada-9de95212663f,2021,13595,A
026dcda1-fb93-4566-b139-aa5b5847f579,2021,20933,A
00b6c0ac-9b20-4ed3-b089-ff6ce51b4ea4,2021,1118057,A
fbfaa4ba-88ad-41ca-82e0-4495be818739,2021,1283028,A
76a22da3-c206-45b2-8baa-6d9c4218968d,2021,1306689,A
730069d6-0da8-4719-8824-4b4060b23e2d,2021,101942,A
e1fa0a41-6d50-496b-ae4d-cee7d5d522d4,2021,13401,A
20c18eef-7170-4e7b-9f0d-fc703931fc82,2021,11554,A
7ae6963f-3b7b-4b48-8041-fe2493b55075,2021,12313,A
8e1080ce-1cbc-45f9-bbb4-99aea9c8f778,2021,97778,A
0804f032-4f3b-4f5e-a02d-c8869ec9dd1d,2021,117022,A
1bfcb478-3255-413d-bf6c-fda3ea4d3e42,2021,86326,A
2b0b3a72-1f4c-48a6-ad8a-ba5d59a8f619,2021,11730,A
3ad30dc0-546d-49b4-bfce-b5aa6f64e206,2021,513,A
4eb29075-df06-41a4-b711-5ce8d56c64f4,2021,13595,A
70406226-d2a7-4e3c-a782-5e9e3c8fcc6e,2021,2209,A
0104f937-fcaa-4249-803b-6e937d9a31a5,2021,18683,A
cf37db8b-ebd6-42fc-9374-657b362ad33d,2021,12313,A
48fd2364-94cc-43a5-9e8a-8e3ebef94f6d,2021,968,A
84dfc076-3903-40c0-b7cb-3d719d521047,2021,13595,A
2a2f27cc-0f9c-4c05-8d9c-26e3538266f8,2021,13216,A
34f60a4a-fcc6-4a7c-8274-4e48091d66e5,2021,107360,A
08954bae-a0c8-46e5-98eb-48ce25c032b5,2021,1330347,A
6d07bb78-ecc3-4dcb-8a49-3923b9085822,2021,2209,A
5ad25046-c487-4304-887e-0d44d23c29c5,2021,9440,A
8dc3df6b-df3c-4034-875b-9778896b70fc,2021,20239,A
ed4a4e23-159d-4b29-9722-e23f6af50980,2021,13401,A
f7741f5c-d558-4d92-bb15-ad71474a2fea,2021,19047,A
214452dc-d4e7-4d2c-9b8f-803f5588c8e9,2021,12313,A
2717c06e-d991-4245-8fe6-80129acac973,2021,1330347,A
d6606380-51dd-43be-9988-2a5e8ecde5f7,2021,1101244,A
111e31f6-36e2-47ba-a359-d1688b137efe,2021,11452,A
48eec891-4d3d-4f57-a79d-99bd25b84921,2021,62484,A
bc7af831-79bd-427d-89ba-737ef2651ff2,2021,1108692,A
b192f9a7-40fb-4722-80fb-6075257df4d5,2021,13595,A
b7cd3796-b481-4725-8b85-73042aad6766,2021,98595,A
01c173bb-c807-48d8-ab10-0a1d348001dc,2021,11554,A
ac0b7a2a-ee92-4d0b-b8ef-6e203bea9438,2021,106167,A
bf0668f3-874e-44d9-80b6-71bbea1fcfc0,2021,13277,A
5806c19b-8a50-4fdd-b540-d72e2047e9e5,2021,13595,A
221fc96e-5a7e-4cb6-8f02-99d449bf2f98,2021,95017,A
324db199-2b01-4c14-8bfa-0bb5390c88b1,2021,95017,A
30342f6b-2c9b-45ef-ae5b-d3636e9d4b71,2021,11452,A
5011a725-d550-487f-9621-f915facae6c9,2021,13277,A
2bc846af-87cb-415c-abde-e351fe41b7dc,2021,19047,A
9a7e9ffa-7d12-4b8b-8f03-09f856384a26,2021,99406,A
d82141eb-b64d-4c78-a491-d7d0b70cbd6f,2021,317,A
e7f1f55d-eddb-4060-b602-5540ddb36d66,2021,13277,A
f36ff663-984a-4efe-afa4-769befb0a2a8,2021,13446,A
ab0eecd9-17fc-45a4-ac07-3620bf95dff3,2021,97778,A
3f6217b8-4e1c-41a2-814a-62d495838d06,2021,317,A
ae710f1e-1616-4aab-95cf-3c6a1cb749e7,2021,11452,A
76af97c3-bac9-4e23-92bd-75923bfd6bed,2021,13446,A
cff347f5-f07b-4f1b-b017-bf19089cc839,2021,317,A
00a2175b-2cf5-4b8c-a084-8dea19507526,2021,87396,A
d9453880-7c05-4c9f-b989-7ca9f79418c8,2021,2209,A
ec119973-4a8a-40f7-a160-fa243ba16675,2021,13595,A
728d48dd-e1a5-4405-8e01-620a28501099,2021,62484,A
c896d1df-1669-4d9d-b352-aac1b9bc079d,2021,91262,A
0262b633-9854-4bff-9e57-6f52a113093e,2021,41238,A
7579771c-99d7-4ee5-9b81-d38a4e339702,2021,13595,A
bdc517b6-b340-4b92-927f-2db7d0aaa496,2021,49071,A
cfe654ea-57c0-4109-bac6-6fb139266402,2021,13980,A
9f4b32ba-8654-4938-a78e-1d88695ff51e,2021,13277,A
85bb3aeb-ad81-4ff2-80d5-bccf58e6c270,2021,13595,A
667b0324-a2dd-4f57-b6a7-28a295e7a9ae,2021,20239,A
ac5294e8-9d69-435d-ac33-3c8144458ec2,2021,1190071,A
5eba3ddd-5fd7-41fb-a339-dc3d857ce4d4,2021,13446,A
9257a822-065c-4b7f-818b-e3864b10a5a5,2021,2209,A
a218292e-261e-4798-a63b-5d5b630963a3,2021,41238,A
77f7fb30-f194-4d27-930c-5e87bb26f26c,2021,18903,A
ebe01470-19bd-485e-8f04-9f5ca39319a2,2021,1136142,A
5551d7f0-96c6-484b-86fa-efc495d516ce,2021,13595,A
4f15a110-aae0-4af1-a32b-f3547703725b,2021,13446,A
2e668193-0172-43db-a744-9f764a11ac38,2021,41238,A
82208481-ceef-4ab6-ab2a-ae918478fbba,2021,11452,A
113b9651-91ff-4b02-91d1-ee2583e755da,2021,13595,A
3bc61cf0-9996-4ec0-a09c-9673ab2e38ef,2021,13980,A
04ad48f2-c6a2-4496-b715-9e0deb3125c9,2021,13980,A
b89680e1-0cd8-4760-927f-d879379d8bb1,2021,101942,A
4481616b-0970-46bb-b191-20bad999582a,2021,513,A
2c9092b4-783c-47b6-aac2-9e782f714172,2021,20030,A
d62f83a0-c54f-43ea-8744-c626360c987e,2021,13277,A
88256c68-57ee-4c3c-ac73-70ff96a09d08,2021,13446,A
f59ac393-4a91-4a12-b101-6ab3ad101b55,2021,1299927,A
61ed82f0-e7ac-4609-a4c3-633af9cee3db,2021,5000143,A
22b7f2d8-d52a-467e-be04-1f24b266bcf2,2021,13277,A
0e4fbbe1-d34a-437a-8dac-3e78534e5a5a,2021,13446,A
38be4dd5-bf1e-4d80-a2e6-125da0b628ad,2021,13446,A
68736177-0985-4751-89ea-93e1b141cb39,2021,513,A
979f37fe-9ccb-4f1a-acbd-a5721a7c0861,2021,62484,A
b512961a-5cee-4d4a-be4b-29f799a7d574,2021,13277,A
5cd5c879-ff2a-4988-8c33-deeca8a6a124,2021,18584,A
b050cc61-a470-41ea-aaa1-6df5e61c1c0c,2021,102590,A
5c5747e0-fd26-4ca3-8002-c321c40722ec,2021,102590,A
01f9705a-e94f-451e-898e-13ccc1e82df9,2021,102590,A
d00f9751-25c5-49d8-b7ae-35ddc09eb775,2021,102590,A
317c4079-5580-4634-af1c-943c6fc85109,2021,18558,A
a134b402-faf0-4ad0-926b-cf29572a5e45,2021,1113582,A
f2964198-8e03-4322-9949-25246caf9dcd,2021,1113582,A
01b99b9a-e3e2-4bac-911d-2d313b8f37d2,2021,1113582,A
c641c519-ace1-462c-a4a0-2ee9d7ef7f63,2021,1113582,A
04cbdd6b-d55b-4f47-97cb-6a710eed9fd5,2021,18559,A
f6a17a33-838f-4d6d-8713-73cadf44ebcf,2021,1113582,A
86ac0e46-2288-4037-adcf-315a518f1189,2021,1113582,A
fd14e71c-1c24-4157-94fd-6229a7a26399,2021,1113582,A
4046bfb0-69e8-4457-8e84-3bb6b9683151,2021,20933,A
604d2265-ea14-4f33-a4ce-9befe467bcbd,2021,20933,A
1f420703-c563-42b3-abd6-25b5ce1df65a,2021,513,A
cca491a7-02cf-486b-b11f-8531f4b32a5d,2021,513,A
43d76b92-b8dd-4047-a0f4-5e28ea8ab27b,2021,1113582,A
a75bce77-f389-4c81-8f36-fb889b3546ce,2021,1113582,A
ce301fe2-6d05-46a4-9cd5-00cf09866c6f,2021,1113582,A
91a947aa-e59d-4d37-a054-3782204faa29,2021,1113582,A
39efad4e-79d5-464a-9607-83184f000a4f,2021,1113582,A
e78552d6-c975-44a2-9ad1-a44b2021ffc4,2021,1113582,A
38468b65-795e-4a49-9c6c-ff13d1c6600c,2021,1113582,A
3de5d2e6-70dc-4ff7-9d4b-ff31909901a5,2021,1113582,A
b19ea022-a970-4ba2-8cbc-d81c66ac59e5,2021,1113582,A
82bbcb06-513f-4635-83db-504d06ee32d4,2021,1113582,A
20284a09-eb4f-44d9-8165-259196500cd3,2021,1113582,A
45642868-4f60-43da-ab21-576b165ebadc,2021,1113582,A
f489b7fa-a2cf-4068-896d-ca323fcf2dda,2021,1113582,A
b0a0343d-911a-491c-8869-6c77a9c459a0,2021,99820,A
f0d1d5dd-c556-48fe-a1f1-6c1967284e98,2021,101942,A
e408526d-e3d0-47b5-9598-ceb42ea0ed4a,2021,86318,A
347edc9e-d66d-4107-9f1a-11a32b20bc33,2021,86318,A
4908ee98-6b5b-4bd9-a55a-c0b3fa3c5e49,2021,86318,A
c9a7f9af-589d-4659-81fa-3e41c284f821,2021,86318,A
321db8ac-2d3d-4aa1-ac20-7e47dad7d709,2021,86318,A
7ef0b298-df2f-40ab-b703-f3ab6082787e,2021,86318,A
fec09833-bc0c-4b0b-b30c-8756e96f6ef0,2021,86318,A
5aa19bad-dd67-43ec-a225-73907e300605,2021,86318,A
13de3f5a-3bcf-4ac3-a902-837841702930,2021,86318,A
ca9259a9-a13b-4eb4-88b9-b72f2ce0854c,2021,5000143,A
736a05c0-5854-4163-9dd7-0c023c5e1f05,2021,1113582,A
02085b70-2035-4cce-be7d-7fccc6eb0874,2021,47069,A
56c03814-b8b4-47b2-908a-1716c05584e1,2021,86318,A
e60e8324-6cf9-4851-a7d6-e2d6aba8c7a9,2021,86318,A
b024b0ef-19dc-4259-9c41-10d78338d2c3,2021,86318,A
9a4697aa-18ff-4a5c-b025-ede3eb8a4200,2021,86318,A
0eca6814-008a-4fd0-999b-8c514474eb3b,2021,11554,A
80964ce5-0510-4f67-a429-afee01b63da7,2021,86318,A
8efaebbb-b1d2-46ff-8804-c70d71aa1ef2,2021,11554,A
914b473b-4e3a-40a6-8764-6faf56ab87cf,2021,11554,A
27c35fa8-cee5-4112-9ac1-da6c9eb2d3eb,2021,98305,A
3d98037e-7262-4b17-906e-460116bfaeb1,2021,98305,A
56b0e041-7cb3-42e5-be5f-e0a61b9b8083,2021,98305,A
2261dedc-6fd1-4cda-9c05-572051c953b5,2021,86326,A
0cd56f70-c313-4a3d-ac92-a170e21e141f,2021,13401,A
6a0f39ad-ad6e-4848-be04-d4636cd3e6bc,2021,73898,A
298a2cec-b6c9-47a6-8dad-520887f38388,2021,73898,A
01177eb0-21fb-4a23-b3e0-ec079cc7fbef,2021,73898,A
c6246464-1d9b-4f03-9b97-ad9bcbd58419,2021,73898,A
34987106-8a11-4fea-93d7-6b45b3812bb1,2021,1351760,A
912f47e0-8a86-4e84-b758-dbe3a0eb0374,2021,13595,A
b2490287-b8f5-4690-8622-90f4a527042d,2021,18559,A
cedf1a93-6f07-4012-b272-e31a52b97403,2021,107360,A
8816599b-141d-4c3a-8c61-0dc7918d6133,2021,107360,A
6867db4a-c801-40b4-a93c-40fe44ce84ad,2021,1265453,A
82f2c803-18a6-4990-9b2d-1c240ea7d6a7,2021,41238,A
835838f0-4ead-43ea-86e9-7b1f0bafd3ad,2021,13446,A
b9996290-1a38-42c6-be41-d3b4061ea3ba,2021,1180773,A
3b7ec3a8-7c77-4344-87c9-8dc103aaf21a,2021,1180773,A
bf5d7894-f93a-478c-9ef1-40d869c96ff2,2021,1180773,A
8b3bc734-d98c-498b-ab94-65909edf37c3,2021,13401,A
8bb39c7d-79af-4946-bce3-41a319e7807e,2021,1180773,A
83cc8a0f-712f-4c14-8a93-4e85a9622d66,2021,1180773,A
b72ac32f-00a3-40cc-8dad-c76d4ceff3aa,2021,1180773,A
81d9dce6-de3c-4469-b255-a6bacd90cb0d,2021,1180773,A
3652df80-d903-4aea-8fa5-dfa71e91e88e,2021,1180773,A
337b7a1e-37f3-4b2a-b77f-085bc0ade8e9,2021,1180773,A
39a2e7d0-6813-4320-a6b4-334a14dfa1c5,2021,1180773,A
a10fdee5-d9ec-4e91-b5d2-ed66ebc34b86,2021,19047,A
17567181-c461-47f0-ad8c-4f959d782f67,2021,19047,A
a8aa4fce-d49f-4b5b-a1b1-99e35ef2ee4c,2021,88084,A
4045c299-a95e-4f40-a58c-0b383ecf8486,2021,1180773,A
41c9cc1b-a949-44de-abc7-7d98ee7fa738,2021,1180773,A
e7dc50d5-8bee-4df8-96ba-04508d471491,2021,1180773,A
dd7ed94f-2f12-4a6d-8c4e-eaeeb731348e,2021,1180773,A
37257156-efd6-4e69-b2b1-990c074640a1,2021,1180773,A
6e4a1485-06b8-4f7f-a0bb-dbb8f3975b27,2021,1180773,A
6dcba094-f66a-4ec3-a53c-522cc19cb231,2021,1180773,A
e130d4a4-d905-4a4e-8d54-146438369d10,2021,1180773,A
77627f60-b5eb-47fd-8cfe-85534729a2c2,2021,1180773,A
c551ead1-ccb5-4ecc-979d-54a3d6e28b68,2021,1180773,A
b0bac07b-6aa7-4957-9c81-50d1e4121ade,2021,1180773,A
dfe54086-a69e-4f22-abff-7aee82855644,2021,73898,A
dd5d3167-725e-432f-850f-1acec50912c3,2021,73898,A
f2321673-9013-481a-a79a-b3222488c84a,2021,73898,A
e2a86a02-edc6-4d6a-9ab5-67b8dcca43f2,2021,1110857,A
878b81a2-61a0-4bd6-9c0e-8939be09e29e,2021,1288839,A
7517bdd3-9dcc-4518-8a8a-5b7664a9ab12,2021,37862,A
4c9d4988-be07-47ed-9e8a-e5429a26256a,2021,113455,A
ebb458ef-e4b0-4020-8797-f913c7a78654,2021,118994,A
3c0bb038-cc3e-4666-bcc9-815a534ac218,2021,1110857,A
615bac43-e1d8-42de-a59f-59f72efa5568,2021,1110857,A
b81639e1-14bc-42b0-88a2-906e39b37f2e,2021,1110857,A
05f9d7f3-ab93-4272-9ac3-a3265381e79b,2021,94762,A
85043774-9db3-4d56-a4e1-22c9d270741d,2021,53342,A
83918876-b7de-48e3-82a6-4c77305e6f0a,2021,101830,A
bc569f9f-7ee4-4f7f-8899-fe3f83137afe,2021,1270680,A
da560fab-37e3-4471-b3eb-1a6a41dac74c,2021,1270680,A
a5d324b0-ee6d-4afe-8234-1f39996310d6,2021,1270680,A
145e12b9-b99e-49c1-a23e-c54f484a8801,2021,1270680,A
513ccae3-8e6b-442e-a455-48b9ad79a2d9,2021,1270680,A
9b574b40-33d6-459e-a4a7-94952cb66b21,2021,20933,A
f9912ca3-1462-499e-b281-1c16f73e9c6e,2021,20009,A
537a649d-1123-4feb-bcc3-712065fc115e,2021,20009,A
9beba8e8-a922-4748-84eb-42d29cfea3fa,2021,20009,A
773377f4-505f-44b4-b407-3f17e2b533e2,2021,20009,A
317adef3-972d-4c65-8763-bbb111874a59,2021,20009,A
a4e0c79c-f275-44f6-92ee-3a7ed2630c1d,2021,20009,A
9cfed205-f7aa-4435-85bb-dd3bcd0301fc,2021,20009,A
9769daf4-5d6f-44b7-a5bb-b4db4e6fdc77,2021,20009,A
5ee53784-4e56-433d-8aac-8578563295b0,2021,1306689,A
f2ade243-f954-4dfe-8ebc-4d8b20c87468,2021,1132918,A
ba74d7a7-a317-4b23-8e36-4af05b3197a1,2021,12025,A
18e10b5c-abc2-49fb-9a56-91d47fce322c,2021,1270680,A
bc292905-2179-4dbd-9c56-f7b0f165c455,2021,1270680,A
522b280f-5690-488b-90eb-50acd988e0a3,2021,12025,A
1a4bafc3-a9d9-46be-a88e-7451ee087bd9,2021,12025,A
9ee8157d-3b89-41c5-9669-168dbc4f16cc,2021,12025,A
2da70100-e6b6-4a2d-8e83-570e5a0d3fb4,2021,1376181,A
ec81c7b0-40a7-4b83-99c4-9621a31d31e7,2021,13277,A
16b2783e-9111-429a-bd54-f41494d2e791,2021,18250,A
9fda6300-a948-4ed9-91f6-9d2df09f478b,2021,18250,A
982537ee-09c6-44d1-be9d-c2077e402a98,2021,18250,A
453fd7a8-f6d9-47e1-9184-d61cefbcb2e4,2021,18250,A
4f9cd1d0-4f55-4d1e-984d-75cc65b62ab0,2021,18250,A
6d3852ec-7149-4401-9ec1-edb908b1f877,2021,18250,A
40e81549-b6be-4d91-bcdd-c85d54ca20eb,2021,18250,A
6a870efa-7e1e-49f2-833a-e8ec7011b095,2021,18250,A
dbc30354-ec36-408a-9096-1e0e5f8b4710,2021,18250,A
b2b8e73a-2796-4512-8c98-0ebc8723494d,2021,18250,A
d0456f77-8e4d-4d37-a6ed-fba3f81e0055,2021,18250,A
65d57acd-6989-4131-bf39-dd5df9b64a7e,2021,18250,A
c991ae28-24e9-4d3d-825e-d1c61a85304a,2021,87396,A
da9ee338-896b-433b-bf8b-1f0a8c5e19f8,2021,1376181,A
dbd9d197-19bd-4a7a-87f9-b4d347b6cefc,2021,1042278,A
ce7e7d44-56f3-453e-bf11-55f97ebeb6fc,2021,1042278,A
77d57dec-f405-4c1a-b7ce-466f5e8379dc,2021,20030,A
e954d7f8-a2a7-400e-95e6-cf8366571e5a,2021,20030,A
4bac2d79-fc99-4ece-94fd-ba055b49ee9e,2021,1108692,A
193984fa-2cfa-4516-bf9d-f724a918d498,2021,1427745,A
bde3da7b-618d-40f7-87c1-2553a11c5a87,2021,106996,A
8eac618d-1ed8-4caa-afae-dd9f74449db7,2021,117532,A
2749acc8-7b21-4500-915f-6e29f35b86b4,2021,117532,A
29d196b7-7692-4e0b-ac23-f7fcbe7cc8a1,2021,117532,A
29b78825-a84a-4185-93bd-d660db5014ec,2021,117532,A
0fbe8b96-b53a-40b5-9874-3d12eaf69ffb,2021,98665,A
e43f70e2-25ab-4228-8a7f-0ce3eb2b0100,2021,1272079,A
98001f29-a199-4ea5-be60-50179eca5977,2021,58808,A
7077f739-1579-40e9-8a87-dcdd1fdf6b30,2021,95175,A
c29038d3-5771-4155-928c-c5e1585c552b,2021,99820,A
3ade84b0-1ca0-49fa-b563-e8b7251eace1,2021,20009,A
183529ac-d7ad-459c-b371-0a92fa0112fa,2021,20009,A
5054a058-ceea-4923-baf6-8d79ec8cb0c6,2021,20009,A
36f2e80d-9489-4d12-ad05-8003872afc67,2021,20009,A
0807b383-3fdf-413c-a0ae-e1629b70cc6a,2021,99820,A
8c5ccd06-abc4-408f-8ba5-d5c54c880391,2021,73898,A
d41cb2fd-c022-4da9-82fe-a83ce6fee035,2021,98595,A
8cf0013a-e09e-4bde-9dae-acddfc398262,2021,106996,A
6db37939-f3f3-4dea-b377-62a9e4dc0564,2021,1270680,A
feb44e1d-8c75-43ca-a741-b9f2c138f7ca,2021,20756,A
e27b06da-09a4-4f0b-8432-3028c762cc6a,2021,12025,A
20b9eb22-601d-4813-acc1-aa7d52d33e64,2021,12025,A
a5c3ddd9-e1b2-435e-b735-31cb700eba4a,2021,12025,A
f604b54c-4176-4c03-9190-d6c6ed617a2f,2021,12025,A
d6767f5b-c8e9-46a9-8a1f-52b89e091195,2021,12025,A
bec321c6-0c95-4dc3-ad2c-8af18993b741,2021,12025,A
d7d78887-7809-47f3-8bbf-b76baca2930b,2021,12025,A
5baef065-3200-4e05-8ab0-fa8b1750d0c8,2021,12025,A
ecd21340-45c0-4654-8cae-e98b75ab97a4,2021,12025,A
cfe64fd5-5145-49a4-afc1-ca1f71ef54c4,2021,20239,A
c8d3b7b5-1ef7-4417-a7c5-dd44e9d58b41,2021,20239,A
61388518-ecb8-48a6-9b1d-5ab1d55ad78f,2021,1101244,A
099f0889-3397-4935-aebe-23c011e8da08,2021,1270596,A
d2081675-fc5f-4862-895b-d670fb862e14,2021,1270596,A
310bec60-fb6b-4e23-976d-cc9af8e13a31,2021,12025,A
fe6c7533-b2ad-4f53-ac7b-5ed5fcdab6e4,2021,12025,A
48b351d4-cf78-4795-a98f-3c24cdf0fff1,2021,12025,A
e469df58-1025-467f-ab1e-53747aedef71,2021,12025,A
fc59a892-de6e-4978-a361-d893d1be1206,2021,12025,A
819cd3a0-ba20-4b7f-9b65-d4344a9144c6,2021,12025,A
8f94daa7-1de1-4735-8043-07c8cd5c54df,2021,12025,A
beaadf41-8c13-48d4-8326-b95788e99f32,2021,12025,A
eec0ca75-5d24-42b3-8d88-d966864678db,2021,49071,A
5b0f1811-df8d-4d17-996c-c54d4120dfdc,2021,49071,A
c01b37ac-f98a-479e-ab16-7cafbaf4f486,2021,1270680,A
a8e41ff4-c05b-4c9f-808a-df3f79a1270c,2021,1270680,A
5601800c-4b56-4c51-bb65-25da42fed379,2021,12025,A
0db8b4eb-c9b2-4619-921a-cf587d807ed0,2021,60886,A
7867e5e1-b530-4fa1-8b42-e0071a7ca111,2021,60886,A
13468164-542d-4680-9d92-859db30392aa,2021,60886,A
f77004c5-73ca-4256-900c-4ce21ac26c58,2021,60886,A
46836b35-85a7-49c3-b418-f6869ab0b641,2021,60886,A
9a1eba32-9ae6-4247-9575-74bee5581b9d,2021,60886,A
5c383a51-c6db-46f2-b1f0-2297fd580e19,2021,116770,A
50fbf682-c243-4437-b1b8-95863e8aeb41,2021,116770,A
5369fb5a-f764-41b4-b44a-96208549371f,2021,60886,A
b61dd3fc-090f-4493-ac87-79430601f6e1,2021,1270680,A
958a9d33-b21c-4e06-9d35-dcaebde0337c,2021,1270680,A
5cc0bf91-ac3b-40bd-9079-ba68a905b53d,2021,1422296,A
7e3e86fb-1cfd-42c1-9155-6640df593c49,2021,106167,A
a9b36a3b-8673-47c4-8907-0c103ac74483,2021,12313,A
3be7c923-c6f9-4003-b995-c9a506ec334d,2021,5000951,A
c6b621d9-99cf-40cb-bf53-120e3384a98e,2021,5000951,A
aa77ff1a-b578-476c-a319-0043e21c6a5b,2021,5000951,A
cef2d329-991c-448c-931d-4fbf944b154e,2021,1181115,A
314b59ff-dbb0-4dd3-9ca4-29164f7141f6,2021,20009,A
88bd0f6e-761b-4344-bc1a-673abe6b37bf,2021,107920,A
3bd2a278-1b23-49ed-859a-ec5b37e18522,2021,107920,A
33a30b98-68a3-4b1a-9cbc-fe5638c7bcec,2021,1300284,A
a49c8601-5fce-49db-b506-31d8d78f7299,2021,1306689,A
8608c81c-4b6a-4432-921a-cc789b2ede0d,2021,43664,A
c60a3139-db61-42b6-b0ea-fc099071b018,2021,43664,A
08365941-2949-44b0-aa19-01287393fc53,2021,43664,A
a2f73a06-4447-409b-8efc-3dfb53d46ec2,2021,2209,A
75517898-ecc6-4753-aa38-0de4411872b6,2021,2209,A
989e5fa7-884b-4180-be8b-66dabe71084b,2021,2209,A
e6e31c53-7ef3-4007-9248-fc5acabf41ce,2021,94762,A
6f9326b4-7b95-4726-b87c-47e709f52769,2021,1042278,A
3b339cd0-a548-4276-93dd-c2eaa21b0686,2021,103062,A
46c3fe10-d380-4a69-bd01-b55b0955b78e,2021,1385488,A
22bb2167-5197-45a7-9f18-63eb025f9250,2021,12313,A
bea32304-d4a9-49d0-b9f2-863f3344ed66,2021,90030,A
4e32392b-47d4-4292-a03b-35e01db874b1,2021,317,A
6fde617a-0b0c-4f38-9010-359c3ef99633,2021,13595,A
f8395402-2f1b-4adf-ac1d-4979b32878f4,2021,18250,A
fd4aa916-628e-4575-9603-596997c78266,2021,968,A
07a940b3-8ab7-43fd-a862-14c7e6edebec,2021,18683,A
8d533111-f714-4a65-8ec5-3d896b9f6db8,2021,40343,A
f2fc7cd9-e09e-4ce3-8def-a5f59ed574da,2021,50082,A
ef536d57-533a-4dc2-b5af-7dba38bb81b6,2021,50082,A
d5ba7407-a8b5-4356-b8a6-fbf5b342df29,2021,108660,A
da34f24d-d0f9-4880-93b5-02dc0bbf126d,2021,108660,A
5aca185a-6d50-454d-b6ef-95ad7ef424a3,2021,9425,A
56e086c7-9e08-46a8-9dec-c89eb83737c1,2021,62484,A
d6bffbdf-0b2b-4093-b702-21f080288085,2021,1161716,B
3b134666-84ae-40bf-a73e-f32bf72bf920,2021,106996,B
beb9506c-94bf-47a5-8d1a-6c32ab1e6288,2021,101942,B
222e4c58-36a4-4428-8653-28f351c5da85,2021,43664,B
0805c7c4-0bfb-403e-b5b1-bc28c2b40986,2021,106996,B
998defc9-4eb9-4dbf-8a1c-49de7f7bfc74,2021,43664,B
2fe01d81-153e-444a-8e6a-b53e8707bf62,2021,41238,B
af8d405e-d35c-461a-a9a4-0480857e3127,2021,1385942,B
526c75c7-aca2-4699-b438-e6b4fadb5743,2021,1181115,B
99639089-eb9b-4633-b270-310bf2d1ebee,2021,48205,B
cc812cf1-3823-4839-b152-e94d64426567,2021,1322390,B
5014f5e5-481b-400c-8a6c-7dbe93aedb6e,2021,43664,B
e9a3e9de-7030-4744-b21c-1f25c10a5f1b,2021,48205,B
e6157784-7c16-406d-b21b-eebfbcc9dd6c,2021,43664,B
7ac49354-f7d0-408e-99d1-8cbd2a610ac8,2021,108660,B
b6c358c8-9120-4f23-8951-7d8247922105,2021,43664,B
722bbda4-0a4f-4a2c-b414-0472d42dbf6a,2021,19047,B
e1759a45-3fcd-405b-bf9e-7495b903609a,2021,37862,B
25caacbc-ed6f-4955-8174-d8870a9e368e,2021,98764,B
5754b5d1-bddb-4a5d-8ccb-edda1a952a4f,2021,112086,B
ed261462-f2ea-4194-a949-a0167641ef5d,2021,106996,B
c02e9246-f13b-46a4-8a7c-32645cc9b132,2021,48205,B
e265e163-be8d-4ea3-a24f-56de7ce71aa3,2021,97778,B
31a947d5-84bc-43bd-bcea-4cb0a90880b9,2021,19047,B
d64d7785-a74a-41f7-93b2-d0e782d2ff06,2021,106996,B
56dc9f38-71f3-451a-86c3-d5856291bb95,2021,1102628,B
13bf9af3-1e90-4ff7-8516-d73ac8dcd912,2021,48675,B
230688fd-ad53-4dd5-9106-2d43d1e40896,2021,106996,B
cdea9620-6c11-4318-862a-b0af9fb0a8af,2021,1103723,B
e5c21e59-5597-4cd0-866f-ddd11922cc74,2021,1269545,B
dba2ff69-746b-4752-a034-efad20b5c119,2021,20933,B
8bc99924-7ed8-410e-9dad-de09adc450c6,2021,107920,B
109cbb86-44d2-4ff0-ab44-7e39e2ecc11f,2021,1203177,B
f49110bf-1eeb-4416-9adf-193b9685a07d,2021,94762,B
c64f64c8-8773-4881-932e-6fbb745e5f55,2021,57606,B
a794336e-8bfb-4105-b0e1-7a34beae6789,2021,94762,B
9e8ce9e3-1875-4b26-84e7-ee92557efee9,2021,1190145,B
75de2ea6-319b-4a05-9c33-1f444a4e2662,2021,22047,B
2463aacf-610d-4b33-95c7-7b63c39f8014,2021,13277,B
07205197-9b91-4c38-8557-6fac20596896,2021,19047,B
3c99033d-83b7-4cda-8e55-fc5343f8bba5,2021,1117717,B
8366c4e3-a3a9-4c35-8ffa-83f72a3beeff,2021,73140,B
c5e41683-ce90-459e-9aa9-2cf20308304c,2021,968,B
04355afe-022c-43aa-9667-f49a2ef73310,2021,5000135,B
6b5b4d06-b9ec-4370-8166-3e1a99b7349a,2021,118994,B
d47fef5a-cb30-44e7-92d8-22269d8d01ad,2021,1269545,B
14bf2623-054f-4973-8dd6-126c14d60318,2021,1101244,B
c99a4cc8-019b-468f-ada6-6634e3b1684e,2021,58808,B
7f0082da-d14a-44a1-8d2c-35fc73af967b,2021,1427745,B
e1330624-1503-4b42-8231-58fe8f2a97d8,2021,968,B
e1dd2d95-a7ba-4f43-b4ee-3a1fb1de7751,2021,112086,B
93390795-e9d8-42b4-b4c8-796002277f2d,2021,108660,B
27534702-ac67-4dec-834f-4a9fc2c93215,2021,19047,B
03fe79bb-3240-4850-9aa0-b919cb635cf8,2021,1376181,B
1c0fad8a-0acd-4ea1-b4da-e9b0fd01ee4f,2021,5000135,B
d1a2f417-9810-43c5-b68c-7be5ee586e2e,2021,9414,B
1c869226-3906-48b4-862c-44ffd6c2b1de,2021,1270596,B
f669da8f-c4b7-4795-82b3-2c5d16cff545,2021,9414,B
0388fb86-bf5d-4e5c-8889-834800ca3bf7,2021,98957,B
0036cf5f-1185-45bc-a064-17688eb6e449,2021,13401,B
eab3cfb0-25f0-422d-a695-331b3a375f76,2021,9425,B
ddbdb504-a190-4316-ab60-af4849b5b2c3,2021,101942,B
becbfe89-b480-4d22-8161-be0caaf3e4ef,2021,106996,B
87717094-1374-4543-a6ee-a7b02aac68ae,2021,47069,B
d169bced-766d-4ba6-b3f0-ab399ed79953,2021,22047,B
3223c4d7-7f2e-4bff-b364-a84dd8722769,2021,106996,B
a9329846-a565-4c55-9deb-30f8632adaeb,2021,22047,B
44c2a681-31e0-4dbe-8a79-e13111478112,2021,98665,B
13698578-a0e0-4b21-b8f9-d47f31d9b6f4,2021,40343,B
fddbc67b-d875-4b21-9ee3-0cab231b154a,2021,43664,B
2daf39fa-e0df-4bcc-8923-3ca92cd8e91f,2021,88084,B
657b3f3a-8b53-4d2f-8c4a-06d99df9a50c,2021,19047,B
fe3cad54-228a-4652-bec4-be39b0b0bfec,2021,37862,B
6cc02188-8c78-43ec-9cd0-c2307b4e5c51,2021,1322390,B
02112604-c422-44f7-85e2-265f55fbd371,2021,48205,B
4611acb1-4cbb-4301-8e62-a5b274c02baa,2021,106996,B
c16dde05-75a5-464c-9dbe-e92e22bafdc9,2021,43664,B
328864d3-40a6-4c12-9f8b-e50683959b4f,2021,101942,B
7190c539-2ff3-4229-be29-678a1eb71055,2021,1322390,B
2c1afc8a-d173-49cc-b26b-db7714d22cc4,2021,87396,B
5ac23308-3eeb-4f6c-9428-e9b33065dbf0,2021,37862,B
bde34d2a-49f6-420d-8bc0-8c22e9b7a389,2021,2209,B
05fae2ea-330d-4fec-b0dc-f0b9ea4da853,2021,2209,B
df31f846-0505-48c1-af3a-f4dd73c518e8,2021,49054,B
d4e857c2-3c7b-4fc1-a9cb-bfacda02c347,2021,48205,B
ee3e206d-5b74-4afd-ab32-aba7076ab1ce,2021,2209,B
8f7ba489-30f3-4408-ba79-547cce5b94a4,2021,98957,B
26a37abd-0990-4a5c-b08c-6a73fbda8f20,2021,98305,B
45c2946d-8b80-4c09-a986-e05dd4c2ccba,2021,9414,B
ff88c574-2f6d-4402-a161-bdae193ee614,2021,968,B
b50331c5-b5bc-4512-a4ad-0be72d8ff40d,2021,107920,B
7815f728-a928-4f95-96db-bc34b363fc8e,2021,11730,B
47f88a50-d4ce-4d7c-9eeb-adcddc49127a,2021,103062,B
a4210421-7bca-4006-9bdb-9251d9e92c76,2021,9414,B
1c1db62e-2176-473a-bc26-7ba7de8a9e0c,2021,1306689,B
bc2eb39d-a33a-4e2c-bfaa-1a52be65fe54,2021,67092,B
fca5e883-ff27-4bf9-893a-5af7171d3fbc,2021,18559,B
b66401a6-1c5f-4a5c-b4ed-03173be208f6,2021,1181115,B
4bc3e3c7-ea67-4130-b479-f81a7d901971,2021,95017,B
472eab55-5a59-4487-8725-15301acd15c7,2021,1181115,B
27d9b25e-adf3-4ee9-92d0-805f4ef00a1b,2021,968,B
49dc722c-6a8d-4418-8179-631b07b403d8,2021,20933,B
cd9d050a-3049-4473-b975-3b8aee67e719,2021,5000143,B
dc592b0d-d72e-4193-85f6-e7ba7934d9c1,2021,48205,B
0bdf9ec1-56fb-4eca-87af-24dafa2522a4,2021,64664,B
3132eba6-56d2-44cc-a025-884fba50ce72,2021,20239,B
e18b58fd-4ae0-4760-96bc-3177d1f7d99a,2021,1322665,B
7d408241-8cbd-4af2-8b3a-960d735a4278,2021,1351760,B
177cccb5-e518-4091-9e91-d01942a744c8,2021,13277,B
d616076f-657a-400f-85fd-e9427129b558,2021,1070485,B
b2f0f88e-6d46-4134-9c9c-2db3deb22794,2021,41238,B
96b7f55c-5848-4e79-a25e-785da111233f,2021,37862,B
5e7784b0-fdb2-443e-b728-c0c2c4a4ae8c,2021,1166783,B
22da168a-8f3b-4e37-bd89-868d1ac09189,2021,13216,B
800a84a5-ddf7-4b6a-8a70-08b6e8ca0ba8,2021,98305,B
6659cfbc-3e32-4748-a89f-367b07dc3227,2021,108660,B
dec4e091-6468-434b-b22b-8cc1238c41b5,2021,18683,B
e484b409-2ea9-4599-8e5d-4516d13a5101,2021,104360,B
7d2e5ec3-eb85-486e-b9ac-5d6270677d48,2021,1187671,B
536c007c-65ea-406f-b40e-68b27a5d5d57,2021,1318224,B
4fce7f44-9218-45ad-9056-6d20a5fc8b30,2021,19047,B
f337cab2-07f9-41f9-96c4-f5e2f036578b,2021,1270596,B
bfed1793-cf69-4fef-95a9-cc7433c74405,2021,99820,B
102117bb-c8f2-4cfc-b5fa-653f86cc336b,2021,1047907,B
b2f426e0-d3d9-4a07-b8ed-87e172958ffc,2021,1270596,B
656ad8cc-da11-49f4-a905-4060cd440e2f,2021,18584,B
3f543432-d699-4ce1-8e6d-5c3146916f54,2021,18558,B
81515fe8-2f30-421b-b74c-0c61424d33ce,2021,107360,B
331a1c47-6faf-43aa-8371-5c7570140a5c,2021,88084,B
760ef89f-9b5b-4c10-b714-f3f80b32f6b8,2021,1203177,B
5758c2ca-9973-4947-b670-4ce33521b8f9,2021,18903,B
9978fcc4-a7a4-4da3-8910-48f6c398755d,2021,1288839,B
40809d97-80eb-47a6-a0f5-4bf17ff43975,2021,5000135,B
2a2cd92d-b323-4292-9fb7-649aa1344d16,2021,98595,B
aecac35b-2898-4963-bf66-319ce7251e2b,2021,19047,B
511045b0-a031-4728-b6d4-665d55cd7eaf,2021,95175,B
615787ac-e7ce-4a34-9dd3-98438e4b1190,2021,54934,B
f430c14e-e27c-48a4-8564-090650394d91,2021,1204325,B
f97d377d-62cd-4ba6-ad2d-54f150eab60b,2021,47505,B
453e35ad-3f35-474f-8ad0-8cad49b4fba4,2021,1267543,B
e9f6dac2-7d0d-4818-b5c0-bf10f95e7acc,2021,108660,B
bf8054ac-db92-405b-9b96-5002ec858c8a,2021,98305,B
5a71639b-e6dc-40a7-b246-a87a7597a785,2021,94762,B
9cfbb23e-1c7b-4a77-8a05-1ad629b6b564,2021,968,B
51352afd-bedf-4ead-8b64-a8c38a8850f0,2021,18584,B
7f010d0a-1a40-48e6-be2d-90c412a5e7de,2021,48205,B
5f0ac513-a07e-48c5-a73f-f5619bec41e4,2021,57606,B
7d9bf342-cbbc-424d-a5f3-1b72960f34d9,2021,101830,B
a7e7da26-debb-4d28-b1a6-bbba15833eec,2021,1314243,B
031ce30f-896f-4fbe-ac91-68743bc89465,2021,18559,B
661f4907-c5af-4907-85bf-2eca52f73fce,2021,18584,B
c7aa9e30-5220-4477-862c-0ebb1655acb2,2021,317,B
5f778d91-bb10-4872-b942-233a603fe14d,2021,62484,B
244f67c9-0ae0-4001-b417-15009c18f74b,2021,13277,B
36419df7-d4c3-4bfe-9e36-0d90f96eb55d,2021,1187671,B
d8e56c19-80e8-4c17-ad55-a222dece857b,2021,88084,B
9b25a360-6b0a-416f-b929-788c23f0f2b3,2021,41238,B
5c0bc620-c475-4115-a418-15e9037f642b,2021,117022,B
e5643a5b-8120-4e07-a7d7-8ee54c574492,2021,13446,B
2ee12d7c-8172-4de1-bac0-ec5bc7ecbd97,2021,101830,B
47217441-042f-4c75-8f9d-be62e7645335,2021,47505,B
d30e4e66-02ab-43b7-b4fc-7c45e5248fab,2021,1351760,B
06626efa-5da3-4d02-8a63-4f433f6d8392,2021,317,B
47d45665-cb98-46d9-996a-614c15343975,2021,18683,B
495fd63e-32a0-4303-b984-04227c3d016e,2021,117022,B
ad4c62a5-df62-4126-988d-9270799b4801,2021,1318224,B
30f21692-089c-4453-9c2c-a86efb096af4,2021,13446,B
f321d43a-509d-4e7a-b4fc-aabb77535ac2,2021,11452,B
c39c53a5-67f8-4bce-959a-276c41a862c3,2021,1267543,B
8659f679-89ad-4bb1-b08b-18b7aa04531c,2021,1267543,B
46c5c28f-ce6a-4bbd-b1ac-4d9ce67cd841,2021,107360,B
a685b1ce-c560-497e-b99c-693cfd87f88e,2021,101830,B
e0b147a7-60e4-47dc-834b-593085848907,2021,37862,B
4d7e735b-1e26-4eec-9459-e102c35ca696,2021,1190071,B
4be58368-c6d2-49f1-ad6d-54bb37015816,2021,18584,B
3e3a9671-2aa0-4609-adf4-0744a35768e6,2021,97778,B
7f48f90b-0b34-4ad8-bde0-9c04257b57ac,2021,101942,B
7947271c-2e11-4ec2-8f6e-a2a47e8a40f1,2021,19047,B
58ccb847-8430-4668-a3bf-fd491a893b31,2021,317,B
d12fe083-9c33-4a0c-aaaa-d502a673a226,2021,1032473,B
d3b643dc-e07a-48fa-ad83-780b553e6500,2021,48205,B
de79b032-d1e4-40bc-9012-302388a55d0a,2021,13446,B
7cd51e71-1032-4d8e-a5d0-d280c5348e20,2021,9425,B
4731ff00-10e3-4828-9647-b6825d074022,2021,95175,B
a0d0aa5b-8344-49fd-a679-6b080d0ab238,2021,95017,B
17defe49-749a-4252-a401-61bb4d81975f,2021,5000135,B
7cfbc247-68c9-47a6-8c4e-29f4db62472c,2021,5000143,B
ed80b82c-2d1b-4034-96a1-2fb12414cea8,2021,1190071,B
b15c6fa5-429e-478d-b512-a8a9c277d305,2021,94762,B
c3de1fd7-332c-4141-bfd4-a3e6815e8163,2021,13401,B
3480e86c-5b47-499b-a3ad-ab62c5d95063,2021,102590,B
65906cd3-48b7-49a6-b77e-5452641c572c,2021,88084,B
e432afcf-6a5f-402e-86ab-200e6240a2f7,2021,9440,B
5bd9a304-2169-45f2-b040-cde32be4f172,2021,18559,B
689e0f51-ed73-426c-9bf9-95618ae6e6ce,2021,107360,B
0694b265-a414-4f3f-975a-481c2eb8c9a6,2021,47069,B
89644893-9cf0-46ad-a559-b804ce7757aa,2021,1118057,B
bdf6a226-01ba-4703-9800-febeadb39b08,2021,1270596,B
2e14a78a-6ebc-46d2-9ded-66ec7fe71d2e,2021,55402,B
bc2bab3c-7e29-4e2d-a1a2-aa89720928ee,2021,11452,B
c9b059aa-8dba-49e6-ba28-38c717c0a681,2021,13446,B
101acb60-7da3-45bf-a9ef-e0e53d6ee725,2021,1288839,B
a606be96-121b-4fc6-85a0-ed62f3160362,2021,112086,B
0bee609f-1444-4a9a-8e74-0f2d59c1844b,2021,118468,B
7da548c9-f08a-46f3-9577-314d982e3e30,2021,88068,B
b6a0c569-6e9c-4aec-906e-77aa367ffbe9,2021,117022,B
b1214d1c-9664-44d0-b9de-8390daa10970,2021,95017,B
78c0235c-73fc-449d-a546-05f409d83b00,2021,64664,B
04f133c9-e931-44ba-b106-426891ec5ca9,2021,1187671,B
50756c94-f79f-45fe-a1ec-66ce40a54677,2021,41238,B
561ce334-1ec3-46a9-be9a-49f8200e9a93,2021,37862,B
95a3f891-d3f3-4cfd-be59-b1ed3b3efcde,2021,101830,B
43f6177f-0bc5-4559-b61d-efc29fce0254,2021,102590,B
488b1def-1836-4d50-9fcb-3a2e5439bb7a,2021,18671,B
aa475364-b9f5-4122-b565-0b1e0a96e3af,2021,1136142,B
1677c3dc-fe04-4b11-9c7a-c6c3645274b9,2021,19042,B
626142f3-9c65-42b1-b00b-2835005e0bb6,2021,88068,B
c444d8ec-8db3-4ba4-adcc-ed287adfb776,2021,12313,B
b712fed2-06de-40b9-ac0a-761835cef86e,2021,41238,B
7ed74e70-3d52-421c-931f-59ab85e1028a,2021,13595,B
726cf31e-ace1-42d8-88d3-764169e28687,2021,101830,B
dc6204a8-cf92-47e2-b54f-9570c1aa03fc,2021,86326,B
05bae1df-3012-422b-9b5f-8147302439a0,2021,99406,B
f7e86779-e890-40fe-ade9-9553fcc3c7ac,2021,95175,B
0b2d5e3a-d8cb-4786-b52d-2df13aaf8ae8,2021,11554,B
da52a577-99b4-4df0-b1b0-3a4bd511271c,2021,11452,B
7514e024-c248-4433-8bf9-8bfd8db1885a,2021,19042,B
3cf24320-f51b-431c-9873-c4cbde319aa6,2021,18558,B
7bebc25b-4847-46be-a9aa-c773c3a1b704,2021,1102628,B
1e32d6b2-121a-4fd0-a381-1bd2076d4915,2021,13446,B
385a1007-e15f-4327-84af-0c23d8fb6bc0,2021,513,B
26d63894-936f-4514-9293-26c82c0ea470,2021,13401,B
57c4f6d9-0897-431c-b01b-9021debac0ab,2021,21464,B
e9b0b26b-940b-43d1-8017-7c865fbf45b2,2021,98013,B
788eed3a-43c4-4e2e-b945-7ba99be2bfaa,2021,68930,B
8cc610a2-72fb-46f1-9777-43c022218678,2021,11452,B
10f9fcbd-b4cb-4974-8f88-a5651b81969f,2021,513,B
e0a0e2ab-8757-436e-bd75-3eba09b91973,2021,106167,B
9eed4f8a-fa0b-4446-8eb9-d58457bf5a54,2021,91262,B
ac1e1f26-c9a0-4e3e-970a-050e6c49c36d,2021,1187671,B
62ed8065-4aac-4e28-adc7-28cb51d6cd8b,2021,13401,B
c02c47ab-41cf-43ce-95c8-b571ba092051,2021,1136142,B
76c2b644-a1e2-46dc-bcea-e3281205b38f,2021,1283028,B
0f8f6aec-496d-4216-98e7-6be02c26e007,2021,5000135,B
a072d611-a262-4a68-a194-adb5a2ae9149,2021,13446,B
353ab1af-fc3c-4695-a0f3-d039f872abf3,2021,95175,B
0d33be5e-12ce-4aa8-9855-7dd27956acdf,2021,11452,B
468479d3-1f4c-4c7f-bbae-9979b202d8e9,2021,1288839,B
69d370d7-7780-4159-b5ee-509f4d46c16d,2021,86326,B
9589be7f-4ab5-4c3b-a834-fcb75e15b225,2021,1270596,B
9fa402d4-cb75-4766-8fbc-cf02a9c6a6fc,2021,95175,B
405005fb-38a3-4e93-a2be-bf2b238e2796,2021,5000135,B
937d412d-cd87-4a88-9bda-7c3d115d15d2,2021,62484,B
d91e41e1-1789-427c-8362-64f5cbbaeca3,2021,49054,B
7e2468f5-18d1-45ba-9572-6e48ac870229,2021,13216,B
6841f62a-e942-4976-8b01-a0974678008f,2021,13446,B
ec2a821b-b326-4742-b285-55300f5a0754,2021,13277,B
2d2d4ddd-f723-4d49-9b43-670a366d23a1,2021,18584,B
2a326dac-7d34-49f4-a68e-e89a59c885fd,2021,18584,B
ef39e562-4ac3-454b-a2cc-f00f6b70ed08,2021,102590,B
44ea340f-2cd7-4c13-bdc8-6f00952c7990,2021,1113582,B
bc2f4caf-3083-4cab-8852-b0c4b88da94c,2021,1113582,B
8b8f43f8-c2c2-416a-b3d6-f9aa482d19eb,2021,1113582,B
3d7a18a9-f3a9-412b-85a9-3e0bf6d8fa05,2021,1113582,B
f2c25b4e-44bb-42f6-b655-2f75475e757a,2021,1113582,B
8c0382bc-5379-4b1a-a7fb-ab03869c5e79,2021,1113582,B
b2b1a8df-1cc3-4acd-9d36-b02e46137aef,2021,1113582,B
956a518d-a23b-4da4-ad35-6c20759cf3dc,2021,1113582,B
bb48ed96-22aa-4c7f-8c22-131c3858647a,2021,1113582,B
1105ce20-1a22-4b59-8b50-814cce8005f7,2021,101942,B
6591e246-e75a-4af5-9999-7bbacb350238,2021,112086,B
033515bc-5868-4736-bb46-423b7c7954d3,2021,86318,B
b816349d-3417-4a6f-9fa0-e66d40108583,2021,86318,B
a4f9d152-2062-484f-a619-c96d5882a6fa,2021,86318,B
50ec8776-0e9f-4a38-bf03-16be03647f1e,2021,86318,B
8f542b56-0bc9-4f62-b0e3-7192658b13f4,2021,86318,B
b3304f4d-44f6-4081-b9bd-6d3628a09908,2021,86318,B
73787bcd-0efc-4490-8704-25d4ff9fba5a,2021,86318,B
7e8979f0-b972-434e-a311-ab70f9c1043d,2021,98305,B
5e6f690f-75fc-48a5-ac36-4a9bfe582ad5,2021,67092,B
ddb0ce05-5bc3-4e12-8688-508e21da1577,2021,67092,B
d88a804f-aabd-4eb8-8868-58415f4c48d1,2021,13401,B
7b8aa456-2902-4caa-a341-bd211849aa92,2021,67092,B
a16f3ccf-9a1a-4f15-96cd-af9e67a35a16,2021,73898,B
8f2c6691-cec4-4577-bd5f-57564c6a88fc,2021,47051,B
d39f7aa8-1e1a-4eef-b904-9ff33fc42100,2021,1265453,B
dc744a66-3605-4885-b114-fb4dd40ab3e9,2021,41238,B
397376d7-56f1-4023-b024-e6b85f33b6e5,2021,9440,B
4ba529df-5489-4e9a-803a-9c3ec0d18cdc,2021,9440,B
588084ed-2290-4eeb-8b6b-4e6e4fa44e3e,2021,9440,B
bafd6bd3-6c75-4d68-89e2-677797017c40,2021,1180773,B
088fae21-22b0-4b43-bd33-d028efe23d8e,2021,1180773,B
936c3bfc-6bbc-4ed3-93db-3aec22b9e505,2021,106996,B
f20995de-c673-49b4-b837-3b2ffa6ace8f,2021,1180773,B
19e70b7a-f2cc-48c6-85b3-d34451ecd28d,2021,1180773,B
cf71c35f-3e99-461d-ad88-a5ead7467b7e,2021,1180773,B
939e3b71-b811-431c-ad4a-0c622de754ab,2021,1180773,B
52a10a46-5329-49c7-896f-cbb68265b982,2021,1136142,B
7c07e05e-09e4-4a95-b329-c8a4155e0fba,2021,73898,B
80bacff6-5d0a-4539-b37a-3e300d942509,2021,113455,B
f1d3fc26-eff9-4efe-acf7-9aec61f1d104,2021,118994,B
6edbe4f3-ebca-4c1f-a04e-6637b9d20cd1,2021,1110857,B
d31f3586-fa8f-4aaf-8b6b-4df5e63da10c,2021,1270680,B
d1d41fff-c9f3-4da3-a121-2892238f6464,2021,88068,B
7f3ac6f6-e2bd-4184-b0de-df6fb5916488,2021,20030,B
c92b933f-bd62-47e9-9a4e-faf343f72ae9,2021,117532,B
fdbfc89c-cc73-4930-949b-d59a6dc00cfd,2021,117532,B
36471731-b514-4109-bc22-d4f33891a5af,2021,117532,B
f8acb04f-2788-4e34-9663-a26bb97e6c1e,2021,58808,B
b2656dfc-3bae-473f-a165-ce62cb850170,2021,95175,B
f9fb31e0-4dfd-471d-8a73-b089dcd0dacf,2021,95175,B
43f76c0b-d5af-4ee9-a73c-eed6e2b5e69d,2021,99820,B
a6b10ae5-6fea-4486-b349-b9f210fa4cd1,2021,1203177,B
327009f7-7b12-463b-8b85-060313049891,2021,67092,B
8a0c961b-3182-4a5b-a73d-c10a9c79c7dd,2021,67092,B
a28ba3fb-062e-436d-8b30-d4c140619310,2021,101942,B
a87e2b4c-a2ef-49d6-b776-c7eeac8aefdb,2021,1322390,B
2e1ca0c3-0bbb-4c7f-9980-e8c70e78d117,2021,20239,B
6addc9b1-2392-44e7-a9bf-ab64110ad5d8,2021,20239,B
cc9be789-7187-4a53-a1e0-af0165aa501e,2021,1270596,B
6dc6f27e-6266-4d18-b34f-eb2519b6e5c4,2021,60886,B
566e4838-c9ab-4d46-8b7a-14cc704648d2,2021,116770,B
f70b354e-a63a-4a86-8546-c2be61040181,2021,116770,B
441257cb-e183-4a4a-ae24-85018ae0d390,2021,1270680,B
99b62795-7d7e-4509-945d-bd676246f742,2021,1270680,B
0b16ea01-3e19-4013-b6e3-25067e167d41,2021,1181115,B
bce5a356-1898-4076-8f9f-980b9cf42b40,2021,1270680,B
22d77cab-8b79-48c7-9b40-8ee30d1db7e4,2021,5000135,B
fd68ffc9-2d80-46c1-ad67-8e628f43380b,2021,2209,B
34c9b2c4-f0c3-4dd8-906a-d24a51a5e736,2021,114616,B
8cafc672-e31a-489f-9140-9a87fafd2e2b,2021,108660,B
f88b949b-2d03-4e93-891e-f31b74656d8a,2021,108660,B
e646f8c9-6995-43be-b788-8954bffc4c50,2021,62484,B
f49faa11-fd53-466c-8880-31e50e54fbcb,2021,108660,C
411f71b5-3608-4998-b429-7d6a1e70dccc,2021,1376181,C
67d938c5-286e-4b80-8a4b-dd624c990558,2021,58808,C
5a154c86-5a4e-4b0b-96bb-de27d5e8e073,2021,1351760,C
e57c3e55-1492-4147-ad75-807d1cbbffa0,2021,106996,C
b1e20905-d508-4897-8cfc-0d9bf2705889,2021,108660,C
95d27684-d784-4e2a-abcf-c4808be9a86d,2021,2209,C
a7c7034a-13cf-40eb-b707-f48f30507c7f,2021,74737,C
772771c8-8c3a-48d0-a06f-52c791d37b4d,2021,108660,C
be5bc3b9-ba6c-401e-9762-281af351df6f,2021,47505,C
f426c32e-9591-4573-a449-8666bce2b7a6,2021,19047,C
08518040-10ba-4f39-a02b-2588bf01e9f4,2021,48205,C
6e82f5eb-af35-4f75-9246-0a7c37074087,2021,1181115,C
a4243108-876d-47cd-92a8-efec74274d2e,2021,108660,C
397a8076-906e-4bdf-8e22-f78b558d376b,2021,13595,C
339f4987-8bff-47ee-b392-72defa607fce,2021,13595,C
f372bfc7-de9c-4e6b-85de-22b006807dde,2021,37862,C
e8f8f1d5-105f-4284-a654-7431695beda6,2021,58808,C
db7cf70b-f188-4f71-9798-edb64e183467,2021,1322390,C
429f8771-9e12-4eb3-9340-42b8cebca577,2021,83388,C
6c4e9e96-83cd-4098-bcd2-abaecf8d5115,2021,88084,C
cdbd1340-a0cc-4ce9-905b-bfc675a5391e,2021,1070485,C
f752e57f-0a9b-4379-894d-f35fa6769c7c,2021,2209,C
eefa27c5-1a0c-405e-bc92-151a5d6f8e4d,2021,43664,C
006cfe06-ac16-46e0-bcc8-afaa2aca6112,2021,58808,C
5a434738-ea1d-447a-acc3-4e1bbcc9a0e0,2021,1385942,C
f47c936c-30d1-4a56-a40b-9e9e546c8720,2021,1190071,C
2c6cc433-9ab7-417f-9f22-234848689cae,2021,101942,C
c4687cc7-21c6-4bd3-b456-26c5a3ee909c,2021,90030,C
7de7f222-146f-4a6e-a020-124944fb29f1,2021,1300284,C
636058ff-9859-4d3a-b472-4915f657a5dc,2021,108660,C
3aa42a28-579d-43e0-a082-61a6fdc0d6b6,2021,58808,C
fb5654b4-88a8-4959-9f13-74e17c946545,2021,58808,C
5a010a3a-1336-4ae2-8943-ff589a31799d,2021,1318224,C
0b699e0c-f84a-494a-a0f2-e18e2024a47e,2021,113455,C
17202362-d468-429a-b024-540dbd510c44,2021,118994,C
a28d897b-0725-424b-acdd-6854a699746d,2021,13277,C
a3e5ab8d-bfd2-4bce-8db5-3f144725f672,2021,98764,C
39e2d805-4583-4628-b116-b2a3acc7a5fd,2021,58808,C
f7629936-d935-4960-b321-7cdd0e3f736b,2021,13446,C
da0f4b36-9597-46af-98df-d516cdb4c9ad,2021,20030,C
ecb7f396-08b1-4c3b-b049-590d203bb7bf,2021,43664,C
b49b686a-9fcd-4966-a578-a9fc97756eb0,2021,1385488,C
7079094b-b6d4-42a4-bce5-c8358e306e9d,2021,37862,C
6d088409-73ab-43f1-992d-a7ab4827a197,2021,43664,C
d96c7b25-e97c-4fb0-b49c-fc581ae9cf84,2021,37862,C
25534123-9633-4e25-afac-655205a67fdf,2021,87396,C
931a3ba5-ca7f-47f5-97b0-3ce5eb7f062c,2021,20030,C
725d5fcc-1f76-46fb-98bf-53c153705dcc,2021,106167,C
f9f0393f-4da1-4523-983e-66c21664724e,2021,968,C
4d0c33b4-6099-45ab-848b-e57c69019061,2021,1314243,C
181ef117-6107-4b6e-a9e9-378d56a3bf3d,2021,5000135,C
b0b3c194-b843-4391-b80b-0acbb20b448e,2021,106996,C
4b69fef6-81a1-40cd-ade4-acadca997ad8,2021,47051,C
d0e308c5-393c-4b1e-9ffc-dc992b0961d9,2021,48205,C
183fbd49-978d-40d0-9c76-e989dce4559a,2021,94762,C
13b93ed2-8036-472a-aa57-a2d3aa0cb1e4,2021,37862,C
a70faf57-4e2a-42f8-a4d0-a7bb05edd9d6,2021,98305,C
7d5cdc17-a8a3-40b0-8580-3cfcec055c48,2021,58808,C
8ce9541f-5063-4a26-a53e-2cad54e4891c,2021,1103723,C
c7e8b0a9-d65d-40cf-9f66-1816f0d0d2e1,2021,968,C
9a9d7aa8-e7bc-40cc-93ce-8fa9855b3ced,2021,11452,C
09080d26-60f4-4885-a881-b1e9eba067e3,2021,98665,C
cea44fb5-a291-4aac-ad2e-aa34aa583826,2021,98665,C
60bc3c8f-15cb-4cd5-abe2-b3b6f9815b96,2021,88084,C
a7a46edf-2613-43ac-945d-e88fddc1274e,2021,18559,C
a0f3e3ee-645f-4b04-866a-af09d4d6b34c,2021,2209,C
e6abdde6-faeb-4801-97d5-8bc35d9d8e26,2021,1427745,C
82e55771-2017-4c7f-8563-b9ee1d0d65d1,2021,117022,C
bddf9b5a-47a3-4c2a-bc29-d51aa56b5fdf,2021,1300284,C
509a8bf0-fa70-4751-ba64-16dc5e922747,2021,104360,C
6bbb2a83-829d-487c-81ea-a3add5f26662,2021,108660,C
111e40c1-7941-47e5-ad57-100a9d2ba788,2021,113455,C
9ebdf03d-a548-45ce-b26b-7a1630e0af94,2021,98595,C
de1314ae-3626-4988-a8f3-928ccb975940,2021,107920,C
979a8268-be11-4c81-a705-84d37550924d,2021,1187671,C
5b0e8189-4e62-49ad-8566-760e16fe6d0b,2021,74737,C
1354b202-df22-44b2-aa12-b8ee921c0d87,2021,1376131,C
531c59e1-69a3-46d7-86c2-ff5fa7aab09e,2021,1288839,C
567d2fc9-bfd9-4041-9a79-22fa8ba4867a,2021,98595,C
fb42cdc9-bf80-417d-a374-6de9ec4c2b1e,2021,19042,C
e965743b-e276-4e4e-8c66-232ed7f49e3b,2021,11452,C
37bf7355-c8a8-453e-858a-476d6eb46659,2021,107920,C
93238e97-9728-4683-87b5-19346e5addce,2021,108660,C
cce475b9-15af-421b-be15-062c6b9c2126,2021,18683,C
6584580f-5b88-4849-a73c-463e5fcb5aae,2021,97778,C
4c9474ac-e685-4942-b408-d02c53c2a499,2021,13446,C
b638cfb0-232e-4c0f-a247-41a1c2908a43,2021,1204325,C
18458eff-fa67-49ca-93fa-d180657af8d5,2021,20030,C
8864a8f1-0a58-4743-8a0d-9053f828b441,2021,317,C
098f3895-ee40-4c1b-beb0-bc217e081172,2021,57606,C
635dc639-239c-483f-92f0-777bf00e079e,2021,1102628,C
05c7e12c-a0a5-43a4-97e2-ad67604d705a,2021,18903,C
d4d9b476-c2f4-406d-a902-38adacb43c18,2021,1190071,C
b39520f5-5db3-4ea7-ac84-439199ddbea2,2021,50981,C
f61bf6e3-8d8f-4976-b9e5-f1fc9e0e1221,2021,18558,C
468080e0-17fb-4753-8f6f-4e9074751769,2021,22047,C
3fd8209c-948b-4873-b114-3c0b674e7ff4,2021,1270596,C
b2bf42d6-f29b-4581-89db-b2dd9c91cb71,2021,1161716,C
132ccf41-499b-4ee6-8c8b-c8d32efa25af,2021,1314243,C
84ad63d5-c2a8-4cbb-8841-d4344a0d8031,2021,106996,C
91b247f1-1070-4b2c-9fa2-c7f337e830d9,2021,11452,C
40148cdb-1110-4589-bc3d-135d562e099f,2021,47051,C
fe578bce-8af2-4584-b55a-7507aac59126,2021,22061,C
ea5449f9-f833-4696-b3e6-e2d1162501dc,2021,88084,C
7f5b5975-72a9-47f5-8905-5747a229d2b1,2021,18683,C
60f1421d-7944-414f-a282-8f37cb723b5e,2021,107360,C
65210e73-c08b-4693-82b8-1ac5df6fb5d7,2021,108660,C
c4001a80-0114-4862-9dd4-2a158bc8b94c,2021,5000143,C
3bb4ff5f-820e-48f3-8ce2-45b4ba8b67d2,2021,95017,C
08ad9d61-18aa-47ff-93ca-e613dbfecf63,2021,20030,C
cad5cae7-ba42-4fcd-a52a-55bb01300311,2021,18584,C
cbe5b16c-397e-4321-89dd-517655369628,2021,1136142,C
1c8709f0-b15a-4daa-bd24-d2319dfadb44,2021,13446,C
11648ede-249b-4ae3-be90-fa2317e9ff13,2021,1306689,C
b9e863e2-c605-4fbf-894f-532fdf04c4ad,2021,1203177,C
5403f329-325c-488b-bd03-b36e86da6fa8,2021,1190071,C
8da7c589-a835-4848-8286-56cb12174b15,2021,37862,C
7fdfa488-7ae4-4d6a-b503-ee0f12ef5dd2,2021,107360,C
f62c1581-3203-40f0-9f39-13ea842f6722,2021,49054,C
b1638bcb-2fce-46e5-9cef-3ae3b945fb28,2021,104360,C
89b6877d-041c-4e0d-bef1-26b87029883c,2021,90030,C
f6e3dfe2-c139-4576-a01d-4bc17d29ff77,2021,18683,C
febd6ae3-abee-4680-9b9b-40f8d9b8a4ed,2021,1190071,C
d9700804-900a-487a-9d2e-bbeeb61906f6,2021,98595,C
aae35d0a-8a1c-45f0-bf86-a8e7f3264ff5,2021,98665,C
05983d2d-683e-4934-8a4e-3365d4efd3e7,2021,98595,C
8a48daad-d5f0-4619-8e4b-6015bad699df,2021,1136142,C
573d55e4-e0f2-4a00-881b-ea3962ca41d3,2021,97443,C
fb051070-e80d-447a-ac4c-1d46ba4c1bb3,2021,59122,C
15fd278c-07f3-452b-89de-98128c1300f9,2021,98957,C
6ea73fa9-47bc-4509-abe9-8a674c91f523,2021,1379275,C
4e71da99-4019-48b9-917f-1d0473413104,2021,317,C
90e72541-ec98-4e86-aed8-b2eb836b3979,2021,513,C
1f3a10bd-7799-4be6-aa74-2caa3349a884,2021,117022,C
a2f3495e-0cab-4e59-a5b5-54d3d1091d25,2021,513,C
3685bdb8-f30a-4861-9668-900aef751371,2021,98595,C
16644443-b471-452c-b4b3-4458b5d9328e,2021,49071,C
6e0498d1-2bdb-44fb-b55e-40fb2584c1da,2021,1322665,C
770f4507-4652-49d8-bafc-63061a0e94b4,2021,41238,C
5b54d52a-470e-4d65-b630-b221f36170b0,2021,1427745,C
ecbda7d2-d856-4fa3-9e17-894a7a62d641,2021,55402,C
dd367b6e-dfb7-4bb2-a69e-251f6ba0f94c,2021,1330347,C
f2041589-0c54-4484-abc5-eb5ded2be59b,2021,1101244,C
ad867375-b008-4944-9464-fc29c0e8e09a,2021,13446,C
0351dbb6-6302-47c1-af22-7e61b773b28b,2021,1300429,C
7f3e9333-b1b4-4ea6-991c-a58cf0bb2455,2021,513,C
e2b877be-e00f-4df6-a7ca-dd86794cb382,2021,101830,C
f01027dc-569d-4754-9437-a55e9a0d3b57,2021,13595,C
d62205e8-df1b-4c3f-860d-2e0e11bd2a20,2021,83388,C
b4c44571-904f-4bde-ace5-2980183f94c5,2021,9414,C
f1968c35-a09e-488b-b190-2ad806fbdf05,2021,87396,C
8f669cbb-9f39-4699-bec3-dcce060e0340,2021,13446,C
b21974fb-e638-40ae-83b8-c6f29a5ebf1e,2021,13446,C
296f743e-a898-4dd6-9ec7-141fc9c96c37,2021,18559,C
f4d8ae7a-1ba9-466f-a7fc-e0b92a0331aa,2021,118420,C
3244d5f9-8163-4703-b19a-3703fd3edd67,2021,116770,C
4af5370a-3455-40a9-8dae-9bce30a8862a,2021,11452,C
036fde87-f1b1-46d1-8fe3-2e54aa3c8350,2021,97778,C
c8ac5d62-c404-4b94-bbd2-8d14ae378bfb,2021,116770,C
de1c5370-8701-434f-9abd-6e9f319eb4e9,2021,1272079,C
a21e5e03-cf56-4ed1-ac74-a2dc42918fd3,2021,1136142,C
ed9bfb23-265e-4bf6-ada8-c634360c90fb,2021,968,C
9e9b6aae-38b1-4755-9399-3ce976ed7391,2021,62484,C
42ea1135-8581-4851-a04b-7f3608bda451,2021,2209,C
66258ad6-4ad8-49bd-a7f1-ea6d56f7b45e,2021,18267,C
8b539c31-4452-46b9-a983-c4db8bceb406,2021,968,C
d3271d70-c33c-4a0f-b031-7bc19932a1e7,2021,19042,C
8793fa8d-6545-4bcb-a695-f4837a8d9562,2021,513,C
e3f258b1-da33-4b6c-9ade-ad5a9c8cb497,2021,18584,C
300751f7-dd1a-44d2-850b-367dc2e7d04f,2021,57612,C
7c01f383-1fd9-495f-a93c-3b3edf58b361,2021,103062,C
029da168-8cd1-420a-879f-1ace0dd33b57,2021,1118057,C
5edd417a-a6d5-44b8-82c4-e228782d9ec5,2021,317,C
db05cd19-f6b7-451c-9eed-3ed61a037f89,2021,18559,C
076293cf-356a-4bc0-8ce3-18e9ecc1c5c5,2021,95175,C
f0dd865f-f194-40a2-8899-734f64b1bff9,2021,17898,C
113dbbd6-12de-4a49-bf38-3897b85e42a1,2021,94762,C
8ee9a880-8694-41c2-b2f4-32d20ad40345,2021,1379275,C
0003c821-8790-4c89-a69e-19be95edfd9f,2021,5000135,C
33c4a40d-87d3-434b-8c94-3bc00003c1b7,2021,5000135,C
789692e5-3f56-4512-b95d-6635daac29af,2021,98595,C
dec14a06-39b1-47b9-b3b5-38220a7df623,2021,13401,C
5be92f08-8d11-4986-9d30-2b26572ba016,2021,11554,C
52ef3a18-d121-4dee-889b-a4848444c513,2021,98305,C
bafe10ca-0c31-4c73-8c4f-7e13ac0c110e,2021,53342,C
688dbd94-f220-4d33-9479-d9e119389f7c,2021,18903,C
6ecd9adf-6e34-4c86-bcd7-db52b4cb98b9,2021,106167,C
46d76da2-8113-4bd7-bc47-152869528eea,2021,1330347,C
3c7fad07-fab0-45d4-85fc-192316acc956,2021,1136142,C
4a552b3d-b15a-4e94-94a6-1959a71cefbc,2021,1101244,C
503b87d2-7b8f-4005-9f7b-605b5ba9a25b,2021,513,C
d1cd0459-5281-4e11-a770-ec179c8a9cac,2021,118420,C
1ad8c509-b260-44b8-9336-86e06151b628,2021,1101244,C
eac09556-1fd0-4030-8479-a804686a6926,2021,95017,C
9989f8cc-5988-48d8-bcae-0b637f9a8271,2021,13446,C
5f29de6e-cdc7-4c1f-87db-7f8c3e1b3ac0,2021,48675,C
6815bc6c-79e3-4218-b246-f89b319ab486,2021,1330347,C
9f76035a-5569-49c4-96d6-8d5344be8555,2021,95017,C
475c1da2-33fe-479c-a659-3be32878ff0e,2021,95175,C
a12da97d-e152-4c55-bc48-5ee6ff8fcb25,2021,13595,C
eebcb113-fc41-4ac0-a605-ffc00ecde073,2021,13401,C
d8fb3a93-0121-416c-8737-4f184a89f806,2021,13446,C
fd3777e8-ce9e-4df8-ae95-87bd2db16de9,2021,1136142,C
f3720e20-9d2c-4ae1-be83-f8c4d6a52679,2021,11452,C
5dd0cd60-f3ee-428e-b4a8-287a4a7cfca8,2021,13446,C
8a133873-1e3a-4cae-bc8f-6689f80a0577,2021,13595,C
d5aa9545-8a52-4d96-8fdf-52501c1ec46e,2021,11452,C
47db9e28-40e5-464c-a10d-987ff33f3086,2021,13216,C
3e48f4db-bfe9-40fd-b6a6-2c8913edfd55,2021,1299927,C
181e993d-d439-43e2-a962-e669b1308e92,2021,12313,C
db46b0b9-53c1-4268-b18d-72c28453655a,2021,102590,C
76b84218-720f-4612-9dbf-da5727423177,2021,18559,C
d6ce417b-de29-413d-b34d-fd2eb96b0582,2021,1113582,C
907fc61e-693a-4741-806c-a64bf28a89ad,2021,1113582,C
2017b8a5-a8ef-4d97-ad86-9620acfeb4dd,2021,86318,C
9ab05c96-df5d-408b-ac75-2f48a07b88bb,2021,86318,C
35d19319-72e4-4b4e-a835-cd94a6c00be8,2021,1103723,C
dad13d6a-2bef-4b52-b142-897dd3c931a3,2021,1103723,C
5cb21a0a-1eb2-46f8-86a1-5ff41349e6d6,2021,1103723,C
c4df41d9-0646-48c0-b4ca-68d25b7014c9,2021,13595,C
b6424125-c6e3-431e-a4ec-08998abe651a,2021,13446,C
5f9a0854-f73e-4574-904b-c84d40b1a32f,2021,13446,C
661f9122-6c8d-4a4f-a48c-5003e220d88f,2021,1180773,C
fe317773-2571-444d-a940-23aff784a034,2021,1180773,C
506266b5-ae96-4bdd-a7fd-0a0fa818e4df,2021,1136142,C
b567f850-d658-45aa-b9bc-e5aebf300007,2021,1136142,C
eadba0bd-c174-4d45-a741-98ae5cd20cca,2021,1110857,C
766456ee-911c-4804-944c-9cd10ee19472,2021,11554,C
23c12718-d490-4766-b999-724670e01788,2021,1306689,C
c6d72abe-0e03-41e2-944a-27c534016de9,2021,1306689,C
966914f3-6e0f-4640-867e-aa289e248527,2021,12025,C
c0046f7d-1a8f-4036-a9ff-188359b4ce9b,2021,18250,C
4a70d094-233c-4aed-9553-d830b9e3b2b8,2021,1118057,C
8373b006-83d2-483b-ab2a-4965a5bddd89,2021,1042278,C
d817af66-4ddb-421b-975c-139cb7612ca0,2021,37862,C
d048275e-093d-49eb-84ae-34dcaddec461,2021,56172,C
e37518e6-0488-45bc-b338-0eceba083df0,2021,1108692,C
d3e01b02-daa3-4110-9475-67e3d324c9f6,2021,1427745,C
0ac0b31b-f605-4a32-8eb9-fcbc5a802fde,2021,1314243,C
8bb9b4fa-4f41-4679-9e16-8e431692a24e,2021,97443,C
af533cb7-da42-42f5-86cc-121a659426a6,2021,98595,C
0fcc01cc-79d7-453d-8d9f-1705792c609a,2021,95175,C
23c70318-a40b-4954-b0a9-4e3130956230,2021,20009,C
62e14867-df9b-4c9b-b659-414387df185c,2021,20009,C
f5ad7ffd-d9e7-4163-984e-d705531e04d6,2021,98595,C
2fe6098f-d4d4-4539-8dba-1460a2971a8f,2021,1270680,C
5878ef84-d2c4-4499-944b-b1defdf73f3e,2021,12025,C
3aa27b73-5877-4738-8db1-7d8176d17d0e,2021,20239,C
2e8f2f11-6f90-4e66-b0a6-1dbd06260f8d,2021,1270680,C
44b82968-59c9-4ea3-ad3b-39e4a9e8957c,2021,60886,C
4f975dea-b4b1-462b-aeb1-8e6967c7d6da,2021,1270680,C
f22dc599-52b8-4030-996f-087907d4196a,2021,1422296,C
84fd626f-0a01-41af-acc9-eefee51a9ba7,2021,5000951,C
17a114fa-8d77-4bce-8b6e-9634bb92779d,2021,5000951,C
3b8a8311-3353-4928-9fee-7c1e59fba2b9,2021,1118057,C
383aa0a3-25ce-44a9-a909-d6b18b516d60,2021,1318224,C
ac71bffb-20fc-4b1f-aaa4-9d83751fbc0c,2021,88084,C
27fcc9b4-af1f-48b3-876c-4989b93707c5,2021,9425,C
fe2521ce-6d33-4929-ac2e-628b5300e2d7,2021,1118057,C
d31b176a-4a05-49a5-a526-ed63b1c97d60,2021,317,C
0b21074e-28ac-4c7c-bd27-d477df1dfc3e,2021,20009,C
61224482-eec8-46f1-882f-958caffba3c6,2021,47069,D
85c637f3-8086-4f29-8066-3a7663b82c6d,2021,106996,D
ad3c1216-8afa-49c5-9c24-a45011f8ba87,2021,13595,D
618b41c1-c459-41c6-942c-5746e51e7123,2021,114616,D
ac5f4fc0-34e2-4fa6-917e-3298e854e0e0,2021,13446,D
cccf9ab0-166a-4ccd-bfb7-35e3f459c021,2021,88084,D
d3ceef28-c922-4b39-aa5f-a4e2f92baf3c,2021,48205,D
40fc8ade-4305-40a6-b8de-d19113f84322,2021,1351760,D
669831de-e0f6-4284-a248-2864407dacd0,2021,98665,D
8f489997-16a9-4af2-a570-ed100b95b30f,2021,1070485,D
c3fe3513-a817-4731-a1a1-1d333bb85e57,2021,108660,D
4817c221-1343-43ce-b414-b9e4ef5bd246,2021,43664,D
20fa8ed7-d43d-4f31-8c75-f3462db6207b,2021,1330347,D
a9b8f3c7-bf91-4c6a-83c4-ddfad03661a5,2021,18267,D
ff116890-9b06-40fb-9828-c6a0f66114f3,2021,1148708,D
3ef53d71-9cbd-451f-958f-30b691b478fe,2021,48205,D
b8885766-7ae0-4db4-928f-e3732a2d34ef,2021,108660,D
49b02822-ea3b-43c2-8371-48d1c064cd4a,2021,98957,D
63646710-c5e8-4d94-8315-317e5b1d8d69,2021,58808,D
256b989e-3b8e-4ff7-940b-d9597eeed470,2021,317,D
94679064-099b-4b49-9aad-448fae8e79a2,2021,18584,D
47a416c6-413c-487b-9764-30a18e024528,2021,56172,D
b693b8b7-ed20-4685-93cb-bd19c11248d7,2021,106996,D
9e131138-ece9-416f-9bf3-b974e7ce53fb,2021,1265453,D
695ede75-22fe-46bb-9166-335364b3bf62,2021,968,D
1c15265b-9ee8-44f7-b64b-dcca0e3f1de5,2021,113687,D
32f207ab-b003-4273-8aec-886c7d40fcf3,2021,113455,D
0fd7f00b-cf8e-4749-99ce-9854a390eaac,2021,106996,D
5dd5d3e2-8d76-4a32-97e2-01b058cab27a,2021,48675,D
e81c0a75-97c4-4662-8c73-becb80674d7b,2021,43664,D
546d78c0-d40e-4b0c-99e6-bb8e10e414a6,2021,1299927,D
f16e0950-2977-4d20-bb79-94443f716ccc,2021,11730,D
03624ecc-69a2-4aba-95ba-73580de8411d,2021,104360,D
052742b3-6ceb-4c1f-bb90-958e0a9c3d34,2021,48205,D
f5d0101f-83d0-4c64-8ec9-14398afe5c19,2021,20030,D
9e525aea-7be8-4033-b0cb-d0a124ae3961,2021,55402,D
d595fabc-05a2-4240-ab7d-4237f9918e22,2021,48205,D
8d0050e5-9b81-4e5f-a4ee-91b8cfa55335,2021,1047907,D
09770cee-0f87-4d99-9be5-559cf7e36125,2021,104360,D
95133d39-1a4c-4de3-a8fa-75db6b4489a8,2021,101942,D
f24a46d4-273d-4329-bea7-36e6047b4c06,2021,19047,D
7fadc2a9-7ef2-42f0-89f7-db5777180ad0,2021,113455,D
251357a3-c4e2-470d-9fc9-eebd231307a8,2021,53333,D
56a5e117-4a6c-41cc-8f90-12a3eb02dd81,2021,11730,D
0caede78-4da3-44dd-93bf-494e33eb5502,2021,118994,D
137f0ba7-8307-4344-bd68-b5a3841829f1,2021,1181327,D
de5f93f1-c67d-416a-918b-1a08e52bf1c8,2021,968,D
169b3edd-88b0-4383-a459-67eb183f24d7,2021,64664,D
ee1dc49d-a9f3-40f2-bfcf-8096223689b7,2021,88084,D
08bd6097-6edc-4374-895d-f5e636568531,2021,1306689,D
e3a8a63e-beab-4674-8967-df9ca81de331,2021,20030,D
38b6226d-7ed4-4b6c-a7a6-6b1bcae485d4,2021,98595,D
982ad644-f0ed-48db-b80f-112143434d76,2021,1322390,D
1af3c7e4-c1d6-4898-8fc0-6b946f2b6334,2021,1267543,D
7f473ff3-1bae-4dd2-8a56-8af47b7adb37,2021,113455,D
4c47891a-7b19-40a8-94a6-d098d206a946,2021,968,D
25949501-8f5e-41f8-b140-f6a7abab2147,2021,108660,D
f2caa900-9539-4fc4-b277-4f829b0ff6f6,2021,55777,D
f0f6b2a8-4257-4a68-adc7-61e29137d869,2021,11452,D
8f0899a3-24e8-49c9-a316-b72a99aa48ac,2021,56172,D
f2332d2a-fa08-410f-ade4-bdff37cf99d1,2021,106996,D
da1e63cc-7919-4dad-b2f0-88ec2a664320,2021,1288839,D
2d6d4bae-1692-483b-b636-7fcc333cbdff,2021,48205,D
9c8c9020-a068-4e62-8b3f-afdbd7718633,2021,9425,D
73c4ebda-e008-4736-915e-0effa0aef71a,2021,108660,D
d8fc252a-badb-4bb1-b2b1-bb58cdc5a3ed,2021,98595,D
4b61ed35-5ba5-4489-af61-d483f7a14178,2021,37862,D
63fa5e5f-0349-4c8f-9a0e-39fc9c325426,2021,1306689,D
a6d3f7d0-5c66-4c5c-b893-d796be9e7998,2021,968,D
8bce05c0-5d7f-4c2d-85d1-56dbbeee451b,2021,13446,D
8ba06896-c515-4aa6-b967-d020fcf98cdd,2021,62484,D
3450d4a8-f2d6-4ab9-b08c-7890e56d705c,2021,106996,D
e1ff638d-e8a9-4d28-ad8a-54fb843236b6,2021,1190071,D
525c3951-581f-48b1-ae18-b3335b98e99b,2021,1376131,D
e3ae383b-2a6c-4def-8a84-ef5a13bc0733,2021,1204325,D
4befb228-8df0-4ab1-81b2-a40715d9bcc6,2021,13595,D
03b1d214-acca-47da-8152-2c007f32836f,2021,94762,D
95b8d11f-e79f-4548-940a-e9cee3267dea,2021,48675,D
c5e91cd4-346d-41f9-b771-2a5dea715ef8,2021,59122,D
ebd6247b-da22-4074-9bfa-f593d40c52d7,2021,5000135,D
0e81043a-f55f-44ec-9ed5-dd1ef4cc4b56,2021,1190071,D
3b011ba1-3775-4633-b606-d25395983c95,2021,968,D
548538d7-899f-4047-9b80-55af5f6769c1,2021,968,D
dc860955-5978-46a1-a2d6-af61750e8525,2021,1376131,D
f1a4016e-a6e1-4206-b3ce-b969d9128aed,2021,513,D
9d6e1952-19f5-4f87-a880-fbe7e0038a72,2021,108660,D
59ad0af6-6447-4223-a786-ff975421cca0,2021,1136142,D
0d93e0fa-3c42-4911-b294-52be5a85cff4,2021,1190071,D
28ab3060-67a6-4dd2-8c94-fa83ea3b3c28,2021,1385942,D
82b0fe6d-9d8a-4544-8f52-9b79d1849a2a,2021,37862,D
6e39d80b-c804-45f1-a437-af313fe7501a,2021,48205,D
29a6bd09-c857-49f3-bd17-ceb6d48ef14e,2021,1351760,D
1050bb25-36e0-40f7-9b0e-c67e36143f22,2021,1288839,D
8228362d-62af-48ae-8232-99ca99f8499d,2021,1283028,D
9c49466d-bd50-4911-bebc-7c395ebeec27,2021,1288839,D
6058aaa1-b41d-456a-854c-a12ea1065ce2,2021,98957,D
c1fea114-73cd-4073-971c-53a5683c09f9,2021,43664,D
f1d45f48-ffbf-443a-bf65-10d4a32aa217,2021,317,D
e1d480d2-7ed7-4549-99e0-ce957e6bc703,2021,19042,D
2a586467-be98-483a-9d00-647d95106c19,2021,101942,D
e2e7917e-4cc6-4894-9bfb-b7f86b2d7f4e,2021,11452,D
9fe2df6b-af8d-40e1-95f9-d4ec3bc88f16,2021,83388,D
24faca7d-6aab-4a92-971f-faec5b4f5ea4,2021,1070485,D
ac334d33-0a4d-4768-b2b5-f945ec2d4ebe,2021,1190071,D
f0711786-73c7-42eb-b599-22ae9cfc6ee8,2021,74737,D
89048c10-554e-494e-80e3-d076c1c8d187,2021,1132918,D
d15ccc25-59b0-4f07-a5f1-4460e1741792,2021,19047,D
347dc05e-9e77-496f-88cd-583cb158c45c,2021,95175,D
70f896e4-24ac-4e6b-a530-d242fb6b09eb,2021,1306689,D
b69a24dd-ba02-40cd-9f27-048d91229f1c,2021,1403879,D
db13f167-21b4-4f24-b9de-3f7e28467ea6,2021,20030,D
db2c21fa-90c8-4514-ada4-3c39e6b33222,2021,73519,D
60f810d0-c623-435b-96f1-d0e5fd7af613,2021,101942,D
6c3b056a-69d7-4aab-9341-d0ba1ed8a8ab,2021,1181115,D
5e87f413-a8ff-406b-8ab7-8e6e50a3bd7d,2021,88084,D
6de9a829-cf14-4f0c-b22b-71b62749f840,2021,1190071,D
d18b4e1b-c2f4-4893-bc17-9aa479dfe50d,2021,64664,D
2edd8020-8747-470d-86ff-77709f57605c,2021,101942,D
25bbd7b6-cc62-46e8-a6a9-55659ceec4f8,2021,48205,D
c7563f82-07c5-4f5b-a177-70f420859579,2021,55402,D
add71868-56bd-47a2-87a6-202bf17fce28,2021,1267543,D
cfde28a3-60ea-45f5-8d08-7c694baf350f,2021,90030,D
8389dd7a-29ef-46c3-a386-72b2a446d80a,2021,106996,D
546c4afb-b686-4aed-8a7d-90e07bd7f198,2021,55777,D
278aef87-9239-4d3a-92e5-9d9f42c5e25d,2021,13446,D
a56a76b2-2974-4d13-a90b-0beeacc7854b,2021,107360,D
49322998-95c9-4b43-ac46-b3572ad7acf8,2021,1258063,D
c758247b-4fb7-49c9-b79f-4a400be0ed85,2021,108660,D
a0c5e75d-c7c0-4ed9-ab44-fc21e3ca7afd,2021,1306689,D
b294d118-410c-48d9-8a15-5ca8988b1406,2021,19047,D
1f0228e6-cc1c-4d99-993c-acab2b1961c6,2021,21464,D
8e8ec258-974f-46de-b1cd-ed951dca5882,2021,968,D
71d04bbc-2677-4edd-a900-1b4817103e4b,2021,1136142,D
da20027b-63ad-4ed6-afdf-888db1b8442d,2021,968,D
36bcc545-4735-46aa-bfcc-35e730f4cd52,2021,106996,D
d8a22bf7-7259-4fe7-ae85-3d5772261715,2021,1267543,D
7984d69b-b870-4e6e-b7af-cbbb71163106,2021,98764,D
da21f7d9-2ad7-471c-8b3e-aa56c3af05ef,2021,317,D
4769f978-7bcd-487b-b3ec-e52eb398aa5f,2021,94762,D
aaaed174-b7a4-4dcf-b407-8c67bdd358c2,2021,41238,D
1d995137-e327-49b4-9c09-ff7b1d78bc42,2021,22047,D
79e5b163-6d2b-4fd5-a587-f9ab3f5eb625,2021,74737,D
36861487-aacc-4732-b47f-878f4836b5ee,2021,46377,D
9d607486-1cc2-48b5-8151-6523c1e7ac7c,2021,104360,D
41ddf625-3fc6-4539-83f3-b76cdee1bce5,2021,98595,D
dd88dbe4-f825-46fd-9dac-bbf4fb577d84,2021,1322665,D
95835e4c-8c2f-4535-90ef-4f8ede32b6ad,2021,117532,D
fc736966-300d-4025-b26d-5cfa72f34e22,2021,106996,D
8d92cfdd-f30a-4b5a-a3a7-9ded84c87a6c,2021,1190145,D
07752b0a-3519-493d-be76-d450190d65ab,2021,98595,D
7c306f9d-1978-4e9c-9f89-51e4eb32878b,2021,116770,D
0ed4fa39-5191-4198-9263-4ab33be85593,2021,1139692,D
f9e8b20e-066f-4c98-be62-3dad1a69f790,2021,1322118,D
199fcfbe-5d50-49cb-8e1f-83800446b300,2021,1269545,D
87c581fa-c9d0-436d-b949-10736ac6b893,2021,47051,D
ff913dd4-8e8e-4c5d-a734-e597f6d32470,2021,116770,D
940f04b8-fe90-42bd-b470-bed3b26de139,2021,1136142,D
faefbc2b-c156-4148-880a-559c8bf073ab,2021,117022,D
0ece8bf6-606c-4007-8c80-fffcdc71eefd,2021,11452,D
1e6a244a-d783-4c0c-b1e6-1a67a5110ef3,2021,9425,D
6f617edc-5cd0-4677-907a-04fadadae8e0,2021,106996,D
0bf0cdd2-de38-4dbd-8882-2f32d36ac3ae,2021,86326,D
197c617a-6da1-49f6-b3b5-95e6035bef9f,2021,108660,D
a7263309-0596-456d-9b42-16c2a079abd6,2021,12313,D
80150114-c4a0-40e7-8375-6a0f409d4e26,2021,1187671,D
3cb8ccaf-7885-4a51-bdc0-2b1c8476ea1e,2021,1181115,D
a7c0aa49-35e1-4f44-9947-3825e73b3bfd,2021,1101244,D
710e9a69-8be8-4925-85d1-e70eb0180534,2021,118420,D
6b2a8d59-5518-4f17-8899-ecf24a94db46,2021,1181115,D
4b42cf50-e505-4190-ad14-c0d8586f1d31,2021,9440,D
95cc127f-994f-4b05-b728-25fc0864386b,2021,68930,D
04a7432d-8864-46e1-b855-1ae84e35b8c1,2021,62484,D
124b5c84-ccf2-4053-b002-d7be6a2b9b32,2021,1118057,D
b04d597e-abdf-41ae-9d93-2060692c6f7f,2021,97778,D
74e6e1dc-1bfa-4aaf-989b-86d0eeb39371,2021,317,D
68ec97f4-fd57-4b02-85f1-11298b294c41,2021,112086,D
d744bce8-3c02-4961-a0cd-3f3b70390908,2021,968,D
c0a45a9f-9e10-4bfb-8aab-6e758955df62,2021,43664,D
89d5c72d-ab78-48a1-94af-668296699a41,2021,968,D
7c2eae59-4a05-41a2-92bc-1c67924a7cc4,2021,18559,D
5af4d82f-2cb0-46d8-b6ee-dfcbed5fd0e6,2021,13446,D
99e67066-eaa8-4d9b-a23a-9f416eb75be0,2021,18903,D
b15631a7-a4b8-4941-936e-3c80b0f90d4d,2021,47505,D
9d7770ad-c6db-40bc-8e15-d6577d7e8847,2021,11554,D
03394f7c-715e-4f18-b1d2-27a4e75d402b,2021,13980,D
2bdda354-411f-4ca5-ba3a-ce7cd09ba95d,2021,107422,D
f9281611-c1a6-4dea-af6e-ea6f8cc12882,2021,10515,D
08721072-d336-449e-a6da-7edbc04f967e,2021,1385488,D
6d41b69b-6244-45d2-8ab1-c3a09262a643,2021,18559,D
8258e9d7-6019-43ac-a60c-85f4e7b394a7,2021,13980,D
dae7aaa5-a52c-4478-9a1f-db918da4644a,2021,108660,D
495eef03-6f95-4bb6-ac6b-dafbc13b26bc,2021,101942,D
550f6d26-9182-4211-9553-10b5fd08c038,2021,13595,D
65231fdd-62d1-4d45-93fd-026f6b39f92e,2021,1288839,D
a3b2e236-af86-4dd7-ad39-5c9d8dd3e184,2021,1283028,D
c74d76a8-1a7e-4287-90a5-c633ca02bf40,2021,117022,D
a4e8f02e-0e08-42e8-b08d-c14fe53e0157,2021,19047,D
0609fd2a-cc2b-4c70-85a0-88c45eab3c3e,2021,1376181,D
857f0d04-19bd-4261-b528-48266ec47754,2021,108660,D
fa64c60d-f7f1-4bf8-9265-8e83b51ab716,2021,13216,D
3cd2bbb8-5f5b-4320-8bf0-49e4820aba39,2021,113455,D
173d6698-6e54-479a-94cc-0083c17c40da,2021,46377,D
e553c682-b7d7-451b-8cae-d2564b012a12,2021,968,D
d7e491b5-8247-4440-91db-00a87d072c41,2021,101942,D
9eb314fc-133b-48d5-9e27-24386d7048db,2021,1136142,D
179d7f37-a0c2-4737-bf12-e3e844fd5ac8,2021,113813,D
af7dd13c-0708-40cd-9935-8d6bf7546560,2021,13277,D
dd57ada0-3e7e-4e5a-94fa-cb3fa6a1d349,2021,1269545,D
1f3d8884-0450-4b1d-8953-ee7e41eeea77,2021,98595,D
1c838006-c975-4857-9b92-6ffe68a1fcc3,2021,2209,D
ad1f83b2-d195-49ba-87fb-0f9ad211cef9,2021,5000143,D
1fc825d5-5885-4eee-94e1-54d719c76509,2021,13401,D
56624ec4-28f8-41e9-884d-0fa007b894c8,2021,53331,D
e6884c08-3591-4203-9042-7da58c6c5ffc,2021,94762,D
75893344-7305-43e7-b0ca-3bbd15ea5f6a,2021,1314243,D
02ccaa3c-40b9-4401-85e6-a8abec4b1498,2021,95017,D
204a6dcc-eaa6-4601-9fef-15ce948cf131,2021,13595,D
f950d69f-7202-4524-8ba9-6ba025798fad,2021,1136142,D
0ce42c8b-091d-4bf5-9602-1cae5cce20a3,2021,118420,D
78dd10b6-35f2-41a9-982a-84caeb83f40a,2021,62484,D
ef3f9296-9430-416d-ad98-80bcceddacf8,2021,102590,D
6ec32845-ac7b-431a-962c-9c616a8b7d0e,2021,106996,D
5bdfaab8-bf9c-4326-9618-42574590c209,2021,1148708,D
3864d2e1-b0a4-4a44-9680-b115baa7c6c2,2021,20239,D
279a9000-acf5-4718-9651-c0b27c2eb87c,2021,1330347,D
053c24c5-5e64-4797-ad57-d68057bfa075,2021,1330347,D
15d86418-e87e-4780-a67f-8218ebcf02ec,2021,1103723,D
8bf911e8-1b95-4533-9d99-4d61378ce8ae,2021,88084,D
23a44641-bbdc-47f4-a661-21ddfc0b1e31,2021,106167,D
5aebcc1d-c677-4979-b490-fcd408219ac9,2021,118468,D
10e16f52-0c62-4dc9-98fc-9e882a6b6fbb,2021,2209,D
f83b9fcb-4d77-42c2-ace7-355e27728ebc,2021,20933,D
aaa0eb56-d974-4e84-baf3-190f23b82403,2021,107422,D
7572383f-e53c-4d00-a8d6-6672b81d68d2,2021,9414,D
c4577d6f-b6e0-4d11-b077-a00e0e621b4e,2021,13595,D
b0a30f28-1546-40cb-b2d6-cf48b7449015,2021,64664,D
e952c91d-97ac-48b4-ac8c-27355d64af2a,2021,1136142,D
8912debf-714c-4b83-b0d7-710c51026a64,2021,94762,D
47d06b90-1777-4d00-ab37-e825c56274de,2021,53331,D
015d1dd5-c906-48fe-a2a4-b0f1d87198d2,2021,1376181,D
3c14b4a6-11de-4104-8a38-cd0363acd3bf,2021,98595,D
5305960e-dfa5-4d12-839c-ec5c43281197,2021,19047,D
19fe8d2a-504a-44d9-89f3-586054648506,2021,55402,D
bb1e08aa-3353-40fc-b039-7cd2356ea786,2021,113455,D
4d1290da-809c-4a48-afcd-743ff7bab616,2021,317,D
d2809757-b5db-41ad-ab52-f8f0f3f41134,2021,18584,D
a7a47903-b730-4737-b659-e30093ed4433,2021,118420,D
a46b152a-a630-4671-b876-4da6b071ceee,2021,1136142,D
ad455433-ea9a-46c6-9705-18637239d6ec,2021,1330347,D
8d4c7af0-51cd-4765-b460-3040669d260b,2021,1306689,D
cb9ae502-b3dd-496f-8755-f878e0ce470f,2021,62484,D
e25ce899-19f6-414d-8f57-49d9dd3405a5,2021,2209,D
7917a277-36f4-4c22-9990-7d5f7bb64511,2021,1265453,D
3f49a3f5-81c8-425f-8139-31b65ecc618e,2021,103062,D
60cefa1c-5ba7-40b9-ac0a-0e4e6972ca86,2021,13401,D
af8ddac4-c380-4177-ae2a-1be41e5acc0c,2021,20239,D
e7fee054-25f0-4afa-923b-5a40727e3a56,2021,47069,D
bab52ccb-2601-4abe-9c88-fc232adfc798,2021,101942,D
c5dafbfb-d38e-4ae2-9930-4c560f062962,2021,107360,D
bc61229c-cdc1-46c7-b63c-e568279133d5,2021,118420,D
33e49d43-e452-4eda-8d48-c50e3517672c,2021,1288002,D
23ebc35d-137f-4548-97c9-97cf55c07b0a,2021,1288002,D
0aee463b-a63b-48ac-8082-f84464aa80c5,2021,88068,D
02e344c5-2d95-47d1-978b-6d75fa91e55b,2021,56172,D
b91caa60-413b-4cb3-9121-4445bb682491,2021,1118057,D
10dd6cdc-bb13-4230-ab13-f02462e968d4,2021,108660,D
9689a195-8cfc-43a3-93c8-63a76103adbe,2021,9440,D
f3939c3f-e2d1-45a6-bde5-d5dac86b14a6,2021,94762,D
6f79e5d0-3451-42be-8c82-51b325d2a671,2021,40343,D
d636e1ff-9bfa-4c1a-a931-a9c035459f01,2021,62484,D
849f5032-1f2d-437a-b2cc-37e5d3546a29,2021,90030,D
68361ac7-ba17-49d2-a171-713dc87e3d0c,2021,47069,D
e060aa16-de4e-4600-8201-33123e30e9e5,2021,1322390,D
54b282a7-9340-4c00-a4e6-2688a286110c,2021,104360,D
d0a9ffe6-acb8-41f8-ac63-20eeba552217,2021,13277,D
b9a74482-b1b0-48d1-af52-6f26821ad372,2021,103062,D
7d3f5897-1b36-4f96-b38e-6fb1fdab2a87,2021,106996,D
5a33bd05-b5a0-4915-9bb7-d40194cf4c2c,2021,1267543,D
6c92a171-35d5-43eb-918c-ceca673c4ebb,2021,1351760,D
b5afc001-602b-488c-adb6-30ffa9548eab,2021,97443,D
1812366a-c781-4e64-8b95-057231ca7931,2021,54934,D
51acd9d9-1b16-496e-a737-d16b452b71cb,2021,13277,D
08f001cd-94eb-4706-96db-d8b01f0abd2c,2021,64664,D
c7608f10-bec9-4d3c-b29b-5f15bec50e8d,2021,97778,D
234294d8-dd3a-4f1d-9a60-800540c33f00,2021,101942,D
3a90990c-1e92-4fea-940b-898ef2774043,2021,118468,D
3f2298d9-d0ee-4420-b142-0ec8963e2f6a,2021,968,D
3c00e5eb-06b3-48ad-9880-86b4f88d10a5,2021,13595,D
caf42d7f-b36a-407a-adfb-4ee551285032,2021,1139692,D
1f3423dc-35a4-457c-9786-ff4f9271d0ed,2021,13595,D
20ded65d-8ca7-4b9a-82be-b9f4dc38f921,2021,1314243,D
1661e18c-9432-4b0c-ad61-aa7a2ee321f8,2021,117022,D
759be4d3-02c5-42b5-8411-c2a7dff38f7b,2021,5000135,D
e936d104-1ffa-4e95-8af0-9ae5af5891c9,2021,118994,D
8f3e6a03-2994-4027-8e83-04d764a6c533,2021,55402,D
08b0a014-f6de-4b78-b2d1-a1eec2bfe7c8,2021,101942,D
46630cc0-bc17-4b89-a17a-50397bb0aa6d,2021,55402,D
15bddc2f-d259-4544-96de-bdd37a78656d,2021,13277,D
63dc78ab-5a08-4e4e-8da9-f1825c35f49a,2021,98595,D
7fe6cdc3-128c-446f-9eb6-6e7d370d4bfb,2021,22047,D
65238148-d879-43a0-823f-22b3f3d50566,2021,67601,D
256f206e-c076-4162-99b3-6bda03a449ba,2021,13595,D
0e1a5f42-1834-4df9-81b2-946f1d395263,2021,53342,D
7ac563dd-42a7-4822-8bc5-b5f23873f566,2021,97778,D
eb6a9315-ff79-4a54-91b3-c7b9b062d934,2021,99406,D
4183bc76-e84a-489c-a38a-38919ec4757e,2021,1117717,D
50f3efe8-bda3-4f99-a636-87ce29db0d04,2021,18558,D
160179a9-7b03-4b99-95ea-51c22ba126b0,2021,18903,D
74becad8-ab99-473f-8266-e0c8ba27c37c,2021,13401,D
0230b800-efd2-43a7-8128-ecccbe34bbb8,2021,62484,D
5ac0198f-4a6d-42e3-99e0-06f3f5f4af42,2021,1288002,D
2eae1cfe-a984-4700-9052-91b8d430f8a2,2021,1385488,D
cf587fad-477b-4a86-a6d4-fdf5f3f52d3d,2021,117532,D
f1c2e0c8-1a8d-4eea-8176-4267c504d618,2021,18559,D
dd21d6a0-6b63-420f-8459-65746ab02041,2021,47069,D
c38df5eb-9258-4cfa-8834-c8a1c02fcddc,2021,13401,D
890a2f9b-9c35-4744-90d2-94a050fca6ea,2021,13980,D
8d7d6687-6813-4a5a-b15a-fb7c5f918096,2021,18671,D
68c9825d-b20d-4b22-8157-2260ad6a9326,2021,5000143,D
16676619-3856-452b-ac20-a5060c69bbf4,2021,317,D
9c4a1223-14bc-4be3-b67b-21693ab180d6,2021,1070485,D
25471ccb-b25f-4938-bafa-e144b6df47c9,2021,1139692,D
2d36b98f-14f6-4796-aedf-d2925c960eb1,2021,1267543,D
655f5d6e-d1e2-4a33-85a4-67d3e32c1b65,2021,968,D
df529d3f-85ff-4ab5-8adf-71494d6c0e7b,2021,13277,D
6b059e4d-ea12-4276-91be-09a661212bcc,2021,13595,D
11e24e0a-85a6-47f0-81e3-853784a91d12,2021,103062,D
517e3da6-93b3-4e4b-bf7c-2b3793e5c5b7,2021,2209,D
19827560-1088-41b0-8463-8eca8e63364d,2021,5000143,D
567a23fc-6320-44d0-a933-91f029ce60e8,2021,97443,D
7accfb6b-039c-4e8f-b780-0872f7b314cf,2021,1101244,D
2cc1752a-4ad8-4cbe-ac11-c0e649788eab,2021,95017,D
18d51615-b032-4026-88d1-f66de347910e,2021,968,D
aaba5bbe-1bb7-44c7-9708-71a16aa5f9b7,2021,2209,D
8fc2f363-1cb3-470c-8a74-8674cda3fd4d,2021,116770,D
daaf6648-a402-427e-a63a-92e5d54644c7,2021,13401,D
db6e60b6-e26a-4cb5-a523-7d60863f7c11,2021,13277,D
1761e887-9485-4259-a496-bc4e52818c89,2021,1148708,D
56d10989-27ff-41e3-9c58-ee390ca4b575,2021,13216,D
2a29194a-9a9b-4f94-90e8-2e5cc7d4b0f1,2021,98595,D
9f2b48cf-10f0-4748-a2dd-466b01bdb82f,2021,98595,D
806e2a36-dcec-49af-b46f-9d6be504d842,2021,98595,D
2be89910-1a43-471f-b75e-b5624fc224a7,2021,1288002,D
b0c7e68b-b4f2-4b20-9ddc-515262a4b517,2021,13216,D
915b7334-d30f-4d5e-b91c-be127216dbfc,2021,56172,D
239169e9-9035-4b96-a1fe-4c95881d24e2,2021,113813,D
d85e5ded-ce20-4dbb-8f76-382836f2e86e,2021,11452,D
d357e0d0-df18-4dcf-b708-53e96f2493ee,2021,13980,D
5ecd4c9e-5384-4e37-bce4-6f8482d66a68,2021,11452,D
16b350e6-4a59-479b-929a-7c45b16c9ec6,2021,20030,D
0537c414-7072-4eaf-a89f-72096fdace3c,2021,108660,D
569464cf-0ac7-4e34-8b04-0262d716effd,2021,98665,D
1303d76a-118e-4737-b91b-7ce4099d69da,2021,1108692,D
6ac812c2-7831-4530-9061-5b760b137215,2021,41238,D
db7bfdfb-f85d-4f24-ac8d-71c91d617b55,2021,118420,D
d043b806-6fb0-4713-88c3-33fb21ad3ce9,2021,1330347,D
af9f83be-44df-4395-bb0e-56c9065a250d,2021,1330347,D
82808e76-7f57-41b0-a8e7-81ca76ff1b50,2021,13446,D
ee8100aa-b1f3-4645-9794-810f2865312d,2021,1288002,D
91f397bb-33ac-4dba-b0bf-e882ae8d01bb,2021,98595,D
98929ddd-8250-4c54-a56c-789006e005ce,2021,1288002,D
e5ce2a81-5724-45e1-a54e-98e68e3c6013,2021,13401,D
2cb45db3-d5ea-47f6-83cd-5472d603b455,2021,5000143,D
9ede263c-c0b8-4504-8258-8216cef62841,2021,47505,D
6fb1cae9-4d94-43d7-864a-824701ce4f34,2021,2209,D
23dafa89-f9d9-41ce-ae7c-b3c189874b82,2021,103062,D
cf5d3c70-2b27-4b79-93dc-dec786511fdb,2021,98595,D
95b0476e-213e-487b-a309-98831974aeef,2021,68930,D
023b4ab6-8d3d-48ec-b922-143a21d153ec,2021,118420,D
082b5a6a-b25e-44e2-b393-ffc9f2a20e68,2021,118420,D
a520b11d-0a8b-4aad-94c5-96dc98447e2d,2021,1047907,D
9e0694a4-6bd7-4f77-9faa-c13c01dd4e27,2021,12313,D
2f071851-2c1c-4f61-9d6a-9fa634944544,2021,5000135,D
dfe2e7ff-877f-4d44-bc34-9d5ff51b66e1,2021,13595,D
813ac10c-9f2e-4e07-98d2-511d2cdedeb6,2021,1136142,D
034195ec-0b01-4ea1-8e60-fc8ab49d2d2f,2021,1288002,D
b6cf676d-b064-4cbc-a426-274c35eb50ec,2021,98305,D
950e3051-1e4e-4eee-b6e6-15615af515c2,2021,55777,D
5f4bc8e7-fffd-45b1-9c49-01147ded11a1,2021,13277,D
bbd05448-d863-4b64-83b9-7bf67f007ce0,2021,5000135,D
38750fb6-f3b1-471d-944a-adb2d143e2ca,2021,1288002,D
e1bce3ed-869b-4767-b364-2474377cd196,2021,1136142,D
714339bb-bd8f-4355-88c7-1e391cd75411,2021,98595,D
9a84e493-5b99-4891-b481-1f2396cfe31d,2021,1136142,D
b8ebfc7b-7c9d-45af-94e4-76a6dd3e9447,2021,11554,D
156d6e24-072b-4980-86b0-f7457b19b468,2021,1288002,D
b7c3198b-3b18-437a-8d8c-031e24c65e17,2021,11554,D
238e333e-9bc3-4749-8446-2708d8df6bb1,2021,1136142,D
a9c3963f-b259-4464-9069-e60a4e9693ad,2021,13595,D
b9703270-61b6-4d11-8b1a-484312a561a7,2021,101830,D
3831d1bc-64b0-4d49-ab6e-fc79c775dc51,2021,1376181,D
f4184667-94af-4d1b-9eb2-69e09ae9e7c9,2021,74737,D
3a969fb2-7f9c-49eb-b5c4-7d575e7ad0eb,2021,1108692,D
140ff741-50fa-4214-b33c-76c695c9e164,2021,13446,D
ba0851ab-5bbc-4b63-90b2-5d18aa00f290,2021,1148708,D
eb976b7d-95a6-4884-baf5-829bf5192753,2021,968,D
99dfa45e-ad65-459e-b32a-31000019ce88,2021,62484,D
ef86cc01-5959-4e37-a324-73003618dbdc,2021,13980,D
60d669ff-93d5-484c-8a55-fa4e1ba37c08,2021,18671,D
f69896f5-d8cb-467b-8aa3-542c183d6cbf,2021,13401,D
61889dff-587d-438b-b7c8-75ab6cf8ac21,2021,1379275,D
33058dca-9965-4816-af6d-49461d464ff5,2021,1136142,D
909b20ea-e2d4-4682-bf95-91225a67c908,2021,116770,D
9969181e-015d-4f84-bb3d-9fa16d931af6,2021,13595,D
f44b37b8-29aa-40ba-8b0b-c6be4cbaa0d4,2021,13595,D
607b8aa5-4076-4a60-bf10-59713f23c85e,2021,55777,D
7746a851-f83a-4dba-b360-01b0ddf5ccb8,2021,13216,D
77152088-09f9-4f00-a838-d9cc51b35518,2021,53333,D
ee33d5b6-f579-44c3-8455-cf8f31c001b6,2021,53331,D
0c64b466-fc60-4c69-b83e-3ddd4b4494b8,2021,99406,D
a9c51797-f17b-42ea-9e59-1a6bf3203f28,2021,1136142,D
464eec31-d5e0-4004-8f9b-fc9e79533638,2021,118420,D
237aaa9c-2ffc-4409-ba30-bebbaea4785d,2021,99406,D
8f4ca4e8-f37e-4ab9-b7e1-6b5b0190acd6,2021,11554,D
3729540e-93c6-4906-88cc-a211249c00ab,2021,103062,D
9c93dded-4c78-4373-ba77-9be9edb5de00,2021,13595,D
786a22ff-d136-41a3-9077-39c3382b7327,2021,68930,D
dcd235fd-64f4-48ec-b87a-6bea5505257c,2021,1314243,D
a060e876-7aa8-4316-a39f-1f3c6bcccd11,2021,13595,D
5b5685d0-edaa-4338-8a4a-83b9bd288aae,2021,5000135,D
97d5df1b-7afa-4847-8948-78247e8ad069,2021,13595,D
3438a0b9-2233-489f-972e-bc7c3073cc38,2021,12313,D
88258659-fc30-45b3-808d-a87595805bd9,2021,1288002,D
81e706ed-daa4-4f07-b95e-0578c2b742a1,2021,13595,D
cb8aca4e-2079-4ff6-82ad-fe7569de25a6,2021,94762,D
d669f7b5-cdd4-487d-8faa-cc6002858e04,2021,13277,D
86cf472f-d829-4872-b783-68ccc3a4bca0,2021,103062,D
4c3f4456-4c8e-4e7f-9ec5-1db9e89c9c19,2021,13595,D
3682c615-0a82-4eff-ac47-4627a950c5f2,2021,13446,D
39cd2877-8aec-4dd0-a738-7b5938e8a04a,2021,1136142,D
01885979-3011-4120-a8c3-c599b3c714d8,2021,1203177,D
aa66adef-b4fc-422b-87bb-d482db7c8e7e,2021,1288002,D
0e23ccff-3cf0-4b11-bc5a-194cf9c59759,2021,13595,D
a5ec7673-90b7-4df3-a83b-4028b9f5e632,2021,20239,D
5fbb3a26-34f1-47e8-b85c-9f945b165380,2021,317,D
ada5ff15-f500-43c2-9c7e-f6bd08912e91,2021,114616,D
bd3e3b08-d9cd-46b3-870b-845f1ea0a87e,2021,13277,D
83103702-f92b-4935-85b6-a74487dfccab,2021,1288002,D
92c41711-bc3b-4782-8d02-9140e974f10e,2021,13595,D
b49acd30-4361-46f2-ae53-b3847feb7770,2021,13277,D
d8ef5d60-cc04-4a2b-b2d6-33808b3c86d2,2021,1136142,D
c09c0b53-8bb0-4144-9030-023399f4af4c,2021,62484,D
0b4288fd-58f9-4632-9cb8-f4f36c3042f2,2021,12313,D
a2b10596-388d-46f1-a366-41cc4416b6a4,2021,13595,D
1b2e5f9a-e52a-461b-b846-cf241fa51783,2021,13595,D
31eb95d2-c912-4a49-a7ea-2e692a03b16e,2021,1102628,D
7e7b1af0-17f4-41af-8858-ff9e7a634658,2021,13277,D
cd9f565b-53e4-4941-881d-a567fb7cb8f3,2021,13277,D
24133b51-c742-46b4-add5-73cd080261e1,2021,13216,D
f77ee34f-b751-4d70-bf3d-a8a58fc09a1d,2021,13595,D
778c9819-bc72-4df4-a5a3-24ecaeff29e9,2021,1113582,D
d0c24699-4381-46e1-966d-ed5c522b9dbc,2021,1113582,D
4a38c480-eb93-450c-a8e6-0533aa2dbdf0,2021,1113582,D
27974155-e172-45cf-8aea-e0640a556121,2021,1113582,D
b3b1b8d5-55e1-4f16-b668-05b60333f416,2021,73140,D
1dab8433-a597-40e3-bdfa-6589b9644bdc,2021,1113582,D
cf0695d9-4373-405a-9f91-972ac96ac3f7,2021,513,D
1ee3b887-faa2-4a6b-bf27-c5692b21b59b,2021,513,D
53a453e3-5261-4ec4-bf00-48e14c24075a,2021,513,D
9b0e5664-617f-4bbf-8721-352db1ac4abd,2021,1113582,D
2e044233-3a0f-4b50-bd7a-8fa37668aba8,2021,1113582,D
edfd3b22-26b3-4b92-9c43-a0ee6aca1e83,2021,99820,D
9839f14a-7ef9-4452-a56b-3cc093d94142,2021,5000143,D
9e81149b-93fe-43b3-a3a6-6a3d94c6659a,2021,5000143,D
7b3df06a-3168-43f2-93c8-3428d21d0ff2,2021,86318,D
71720abf-7f3c-4e69-ba95-784e2def06a1,2021,86318,D
561dadef-e3c9-48e5-aa08-48e2f6554c85,2021,86318,D
da521532-fa92-4227-b70d-c330025bfeb1,2021,86318,D
147e222f-da87-4135-9b5d-cadff58c9311,2021,86318,D
9955b7ce-736f-4903-a18b-fc572d0e7bc6,2021,1103723,D
357750fb-5a8c-4c23-9aee-03a58f077808,2021,1288002,D
035df56f-b9ec-4875-9e0c-cf0cbdac3be8,2021,67601,D
d31b79f6-fb1e-4a97-9155-3a47a92df955,2021,73898,D
82783a36-c829-40a2-bbcb-f13b8c86d0dd,2021,50082,D
c388b003-b2d1-4aae-b388-6c073c005319,2021,21464,D
d6b75bfd-3db7-47f2-8bf1-77d8d4973bba,2021,1351760,D
34a190fd-4d5c-4808-904a-523f0bc70054,2021,13595,D
3f975e97-33b3-406c-8bf4-e94f836b349a,2021,13595,D
81e6cef5-35dc-49e8-9b98-ac91f7ce28c1,2021,107360,D
bea1d5a6-b625-49c1-9ab2-bc4d5dfcc535,2021,13446,D
a2d70597-1707-4753-aa36-1f937927d82b,2021,1148708,D
16123cc4-e77a-4d91-83b6-13e28d8dbb60,2021,1180773,D
bd3521db-4e3d-40b3-aa24-6bf64e412123,2021,1136142,D
ffbae16f-318d-4a1c-a2bd-4849d5817bdc,2021,1136142,D
f497959d-7e98-4297-b59d-774f6203c8a5,2021,1136142,D
402510c5-e7d7-477c-8075-49514cbf95f5,2021,1102628,D
3b0b8e23-e809-4932-966f-fcae0c628abd,2021,113455,D
b6ac506f-49de-4694-9e7f-3280beb92dac,2021,1070485,D
3388489a-62d5-434e-9eba-1bc5f7f83f72,2021,107422,D
021ada30-7ac1-4bf1-a1a6-b61fe786cf30,2021,107422,D
5ba8b6b6-9c0b-45d6-98ea-8be44fc46c49,2021,18250,D
56fe8dbc-bcd6-4684-a5de-d9b319ed731d,2021,18250,D
c1e766c2-8563-408d-846b-bcfd67fb6fef,2021,1042278,D
bbe064af-3afd-4635-ae24-712082d4fcd9,2021,1042278,D
a2b14cde-11d8-4c00-a967-8b4e0de49e02,2021,20030,D
7408c87b-5f57-4ed3-bf3e-df8c46904ff8,2021,1427745,D
dc748e40-43e9-4bdf-b78a-03c99aea466b,2021,106996,D
271ea5c2-1c16-435c-b598-283925fa8b67,2021,98595,D
df094d94-2b4d-4e48-95e6-93b26d4ce0c5,2021,98595,D
aea56664-a3ec-43f5-a762-80d8bd6b5a0a,2021,58808,D
742b5c8b-6f0a-4796-bb4b-9b4dd93f2ab6,2021,99820,D
2c585843-04ff-47ff-af77-2323aa5dec9a,2021,95175,D
dd653ba2-c427-44bb-84bc-b4a66aadb335,2021,98595,D
03d2d01e-fd38-47e0-8b58-f25508cc994e,2021,98595,D
9a2ec63b-b3d0-4687-897e-e40b6cb64777,2021,1270680,D
c9ab9b24-e4ba-4e4b-bcd4-06f4d3f48786,2021,12025,D
c5d9d9dc-941a-435a-991f-46c64261505e,2021,12025,D
fc10bb32-271e-4e76-bb48-f4cee4683b7d,2021,1190071,D
cf50030f-df2e-4431-97b3-abe4e3bb46dd,2021,1101244,D
e3d6c3bd-9c47-4681-ab42-68fe96bce55d,2021,1101244,D
76a3be78-0de2-4c97-8944-3c4210f059a3,2021,60886,D
363f61cf-40fa-428a-9026-57fd2f2b9586,2021,60886,D
82f889ae-d128-4146-bdca-96d1fca47f1f,2021,60886,D
753e5d3f-4df4-4cb5-85ec-211244d9cbd7,2021,60886,D
aaa7f5d2-e5f0-4a21-a449-ccbf91823167,2021,60886,D
b5a54ab7-772b-445a-87d1-c82bbd8cdfae,2021,1422296,D
b75e000f-7050-48fd-b17e-3a211fdb03af,2021,10515,D
11a09cb4-d3b4-4c63-87b4-a5ba30330f7a,2021,5000951,D
4bfecf20-d1ad-4572-845c-f509cca2b1d0,2021,5000951,D
dad354f8-25cb-4a55-9355-1dd3fc22f1a9,2021,5000951,D
d2b61340-0290-482d-818b-fd3810f87903,2021,5000951,D
15a41a6d-564a-4e35-8ef3-1ce171f16f20,2021,82364,D
e6d2e179-8dfc-4613-99e2-064bc05206b6,2021,82364,D
3d4bd81e-56b8-4388-ac1e-616a3452b593,2021,107920,D
ac894975-7eb1-465c-ad11-8d75cab5b944,2021,1376181,D
bc3e3dae-b310-4567-9f5e-450fdc32f9a3,2021,54934,D
fb29f756-4897-426e-b052-b5a3562a8446,2021,5000135,D
3e713fa5-f463-4063-b03f-5e88abd3cb72,2021,2209,D
c41ad363-a061-46f9-9182-b87803d5d82c,2021,48675,D
dd9cec53-51a4-4be7-92b5-ebe439f9209e,2021,1385488,D
d4f58d51-ba77-4113-aaeb-a53e9bb580b1,2021,18267,D
e6a6843d-db3f-440d-be49-4e96cb665c6f,2021,1306689,D
546efa4c-6687-46a2-8f51-b83404a5238e,2021,1102628,D
e4dd7515-a942-47fe-99b1-d7c879e18d9f,2021,18683,D
c9e174bf-39b0-42bb-8ea6-8d1b84877892,2021,20009,D
9aacbe60-bdfb-4e97-b8c6-fde17ed96981,2021,108660,D
72d0d159-e273-4253-924a-d0159411c1d2,2021,108660,D
15e6afc5-e02a-4214-8a59-4ee991048cee,2021,108660,D
de1ef23c-2cc3-40ca-9682-388a624db9dc,2021,1187671,E
95f6ee01-b46c-450a-9811-053406e6d339,2021,94762,E
d8d9eaa6-37cd-4f62-8b65-9cbe4be7cc04,2021,13446,E
ce1a1a11-5fbc-4f05-8975-4bd5654f442d,2021,20756,E
94d663e2-b6df-4730-8ae0-9fb6542a7a0f,2021,106996,E
7b9a0a4a-bb6a-428d-9406-bee98e813577,2021,94762,E
5cc0aa75-7f6b-40e8-a0b2-87147bff5575,2021,94762,E
5f073a8f-cc31-45b5-b660-9bc07f1cb915,2021,1101244,E
56586f01-31db-4a9d-9e5b-83a7e2ea15c8,2021,113687,E
4cbca881-6c8f-40c4-ba54-37e57bc0b764,2021,1258063,E
31f92709-460f-49bf-aeb9-358f5410980d,2021,1181115,E
67578d83-567e-4103-8826-aa1eca82d796,2021,1181115,E
6dce2c41-5dae-4c07-90cb-306e2291daa2,2021,113687,E
395d9b4e-9ce1-4220-aed5-ac2916775983,2021,968,E
176902e3-60b8-45d4-968a-4887fffa8edf,2021,94762,E
dc307509-d056-4b33-9774-42ac312394e1,2021,88084,E
141d0f5f-7aa4-4b1b-8df1-ea4bff784fa6,2021,18683,E
e258e6f5-e8c3-42b8-afa8-0abef9946801,2021,114616,E
102d94a2-8d5f-448b-aeee-c63da071993f,2021,101942,E
2e12c365-8ca5-49c1-8e0b-827f5a1fe924,2021,1265453,E
d03921be-a9e7-47b9-a65d-b13b2a28ade5,2021,88084,E
c98cd675-0d4d-43f3-8f08-899d85189abd,2021,19047,E
48fa780b-a0b7-4d44-b61d-63e1daa2d7fa,2021,106996,E
fb3d85f4-e4db-4a6e-b2f4-45b867e6350d,2021,13980,E
e90c6078-328c-42e5-8ce2-7834a3cb1a66,2021,106996,E
d6d80587-ede7-4aca-bf8d-5e4caeba6f6b,2021,1136142,E
0662b2b7-0488-457d-8b7d-608d90d4bedd,2021,41238,E
a5d17440-9b40-41e8-8a97-2c7f0847002d,2021,108660,E
fbd2a976-ed67-4576-94e9-55a60b199144,2021,48205,E
088c3b97-cd5c-4826-82b0-b1ce487e0756,2021,13595,E
7f6376fb-5c91-4e1b-9538-b2bd78f4275f,2021,1265453,E
8e53f730-675f-4ca1-8db3-8a873c253229,2021,20030,E
abc6a2a6-8714-4df2-b991-8fa3fdc3c6b8,2021,58808,E
ae7a5932-0f16-4b6f-99f9-4b71953b13cc,2021,91181,E
c46c6662-2c08-4aa1-9ea2-f90a406010b5,2021,37862,E
a524729d-608b-45ed-a574-ebe169759410,2021,1322390,E
7da8ba71-8bf8-4ce8-96de-eef430ed169c,2021,1190071,E
4a179f8f-dd68-4c25-b4f4-1c858f67d39a,2021,1427745,E
77ff1c8d-a879-454e-8af4-f069aa3ce89e,2021,118994,E
2e6f179d-c147-46b8-acb6-bf6a005e13cd,2021,48205,E
a01e04ab-078c-453a-b352-a3bdeb99be60,2021,48205,E
23a54113-d93d-408b-b7da-3592da8b1ea9,2021,1322665,E
eab8c4b4-a2cf-4fb2-a24e-f9136495a6f4,2021,99406,E
08d27d39-60a6-4d9f-94a0-5f10330dbf5c,2021,2209,E
07fcb43b-b5e4-4ff5-aa29-1a7e3049a499,2021,1322390,E
c45169df-941a-47b2-a316-1f8eabd33458,2021,58808,E
a437423f-d7d3-4d5f-85ca-de62a8a8600d,2021,9425,E
95c6aec6-246c-4aac-9e77-0845023c8ac8,2021,37862,E
95196c00-1632-44c9-854d-357f18fd341a,2021,107920,E
3aa3394e-e0c1-4e13-8c66-7679962a1654,2021,47069,E
c49b03c0-d566-467f-85ca-5b987a12a455,2021,116770,E
ba53fcd0-b154-45d3-a8b9-31b1831e1b1c,2021,1300284,E
6bb00774-11fe-4d10-9ba3-f7fa1bfe5f63,2021,95175,E
8e2e5fdb-4023-4b5c-91e8-5674fbc89b36,2021,106996,E
03af3e65-261e-47cf-8a31-ad246d311e97,2021,1300284,E
c3086b24-e472-46c1-a110-f6d0aafe671f,2021,37862,E
76c45f5c-1b37-452c-b2d1-5df95bff293b,2021,1203177,E
0ee15736-b6f0-430e-bee2-09e3120b0d51,2021,1322390,E
fa25a175-f798-4a6a-bada-79496e6ad63b,2021,13401,E
46037e4d-0f80-4bd9-8039-97593f59ce59,2021,1322390,E
0f506e7a-288b-4e56-bda0-06492eac4de8,2021,1258063,E
dc652c39-5fe0-42bc-b2a6-1f83200b5c37,2021,1101244,E
01d4a183-f547-4bac-ad7d-bc287359d987,2021,106167,E
956216f8-3326-41f2-b3bb-de2a74e26668,2021,1330347,E
a5ad62a6-5d33-49eb-b0c8-a2b187ca604f,2021,18558,E
82fd6338-23c9-4180-88e8-8120078825e4,2021,13595,E
4157803a-1de9-477d-89fb-7629d4521736,2021,1102628,E
d11e0471-546f-4f2d-b9d0-b00e7c6a0b42,2021,106996,E
36bdcc31-8fc2-40ed-a451-1c67ddabe837,2021,1351760,E
c01e52b9-4e08-4561-825d-4cdc90cfe335,2021,83388,E
732dd00c-c267-4c77-8f77-90a3d986b15c,2021,74737,E
957a516e-510e-424a-a996-d7441df9be99,2021,19047,E
db893156-2819-4558-9aac-96ba5685b234,2021,113455,E
29723953-8569-42ce-8011-d4d132a9a77d,2021,114616,E
f08e9c1f-04d0-4514-8230-0ff02ef86b4f,2021,1117717,E
731e3327-e242-4321-89c7-4cbad1bfca6c,2021,1132918,E
80b47171-902f-4b6c-bbf8-d7198c404fa5,2021,106996,E
75a38203-5bac-4083-bbb2-699f97fbf9be,2021,1306689,E
11fd3707-c5ca-4d85-ae8b-fd31eec2f1b2,2021,37862,E
dc656872-e62c-41e0-af42-5eab60a4608f,2021,1322390,E
9ec00d84-61a5-464f-9b42-bb8fa920fcd2,2021,19047,E
17bf22a9-abd5-471c-88cd-64a45b71f9f2,2021,106996,E
c6d1ec1e-0666-4a53-9627-1a147c7132ff,2021,968,E
7114c0b5-1659-4724-9889-2d66947d3c51,2021,62484,E
33fed4ba-09e4-4ef1-8cc5-d2cc935d0cdd,2021,48205,E
0a4984e9-8bf5-4b41-9365-f71375b79964,2021,113813,E
bcf25041-f9ca-449c-b132-93c9bd05b5a5,2021,1267543,E
18914e4c-3eaf-4cd5-89b1-4a59b768047f,2021,18584,E
73713aed-2254-4575-8560-0b731484fffe,2021,13595,E
033526d0-bbad-431d-bcdd-ab421c957ecd,2021,13595,E
7a014d1e-3239-4846-b070-0dd1143bbfd3,2021,88084,E
36b65e9f-1eec-4e16-83bb-2e28a1da2dfd,2021,317,E
cc0b0ae7-6fd3-4c8c-9f1e-a236fd8630d3,2021,108660,E
b1b7ba20-0428-42de-a92b-39410a8d89cb,2021,20756,E
fb2fa1c5-3a87-48c1-a32d-932feb44e065,2021,1322390,E
2a3ff631-1550-42c3-ad0f-fb08c070525f,2021,108660,E
18f3f5e8-5bb7-4308-bbfb-12aac07a6ab0,2021,101942,E
9150e8ba-fddc-4345-901b-14bbf80aff90,2021,48205,E
151e5115-a7d3-4f6a-b3e6-b132f723f0a7,2021,37862,E
026da931-87b4-4b1b-b911-a7e1db99ffc6,2021,86326,E
ac9ead9d-fb04-4513-917b-25d17b734d3e,2021,18671,E
2c0a7134-69d3-4b8e-af3b-c162580b5cb5,2021,1403879,E
cacaa2af-470f-4ccb-94f5-a2086a1d0d27,2021,40343,E
c9f6f8ea-4ee0-469a-abd7-87766db6ea94,2021,5000143,E
d783e318-f8c9-42dc-9632-076e4aa833b1,2021,1403879,E
789d96c3-fb24-4aba-b8ed-291926fa99c4,2021,37862,E
3f16580c-568b-4986-9a93-c2d3d2056da4,2021,64664,E
bce499a9-0fa2-4644-8322-5060ec310dea,2021,107920,E
d5006e8e-0d03-4984-8bb0-20111829d0bc,2021,1190071,E
cd238262-0193-47e2-aa9c-d63e301ac992,2021,13446,E
ad6b5cb7-6baf-48b6-9d19-6932d5b89629,2021,57612,E
a860a020-a7f7-4b48-90b5-2c4e1a084c27,2021,94762,E
e1bb53f7-1af9-4cb8-a1a2-6dabaa463e9d,2021,106996,E
55edd462-44f8-4350-b374-fc5c43b02646,2021,37862,E
e3b98fca-a689-40e4-9341-e8ffcbabf435,2021,107422,E
423997c7-1d02-47f0-922c-3035158d6100,2021,11452,E
f9991614-7d7a-4c96-84d0-4cb0bcac7109,2021,88084,E
c029e9ad-4c3b-4a00-910b-1607f1342a98,2021,1136142,E
8ca43b69-3d4c-4cbe-8ed4-5df0f4f06aea,2021,1376181,E
643a470c-4e01-437d-b8d0-69ed53fa3ebb,2021,13980,E
ba60af45-364f-4066-835d-5e277fd5ba73,2021,18584,E
fe62a5de-7ad9-4947-8166-96796cbd928e,2021,106996,E
6fc1cce9-56d5-42d1-a30c-52f2011a71a6,2021,1203177,E
81d0e3f3-9841-4cab-be50-7f88219e239f,2021,94762,E
0b3b81c7-9f1e-46e2-bb1c-37b29a47e20c,2021,1351760,E
2efc74ff-df28-4ab3-9cf1-b42951942b65,2021,98305,E
610a4b21-81dd-4642-a0a7-fd1764c9b9f2,2021,1187671,E
fe78c006-4cc4-4cde-9c67-171401348683,2021,13595,E
93797971-ae3a-46f8-86f0-74b0069e0da0,2021,50981,E
008df6a0-86e9-4571-82e1-d4efc744e49f,2021,58808,E
0211a305-cc00-4edf-b838-122283d661a4,2021,118994,E
512c1963-e7c2-4dbc-81ea-e8c4d1c2aa1a,2021,2209,E
fca6bde6-5e6a-499f-941c-2d0946e7300c,2021,19047,E
171b441c-cb65-42af-bc68-6b37210741da,2021,74737,E
9ee3e395-3e4a-4a0b-b209-23264a19140f,2021,37862,E
fa2b291d-1b8e-427e-9568-63caac84a567,2021,88084,E
9efcbe59-c0fe-4b82-8c8f-55c7faa9dec1,2021,95175,E
6bcc7f0c-9b27-49b7-84ce-e2dde149e5c3,2021,20030,E
d1a3ee00-f5e3-4720-87fa-c51946e441bb,2021,19047,E
229c5cfe-b515-4479-98a7-75c62bb36523,2021,118994,E
3a9141de-d33a-41f1-abdb-1a9264aae3fe,2021,1306689,E
ff5ae8f6-3023-46d8-ae0e-5f8bf2d23bdc,2021,968,E
225294df-6438-4a6f-90a0-42096e31e084,2021,108660,E
dfa7c973-9324-413d-a089-3ec49ce7ff67,2021,13401,E
e3a5c1f0-38ce-4c76-a7b9-7496cb85a078,2021,20030,E
1a6426ba-d926-4bb0-bf95-8941eb6eb649,2021,968,E
34a33ceb-752a-4557-a564-9beca037400f,2021,43664,E
029bf9ec-9e09-4c32-b601-11e73d0bfc49,2021,94762,E
86e03225-508a-4fd9-9ab0-1867ac173ee8,2021,48205,E
1bba8b85-7824-41a8-a68d-8518ba1914fe,2021,114616,E
f81946d4-9358-4bc8-bf84-d2d51c7985df,2021,58808,E
111c06a0-9995-4261-93fa-ffab1377f402,2021,118994,E
bd3f5594-b150-44eb-806c-cc432feaadeb,2021,108660,E
e350cd39-ec37-4dec-9cc5-e9d88e215ee2,2021,48205,E
9369b3c6-edda-42ae-8799-b88827e70a6e,2021,91181,E
42a268b1-0127-448c-bcbf-6a7c6cf325b3,2021,1322665,E
7a5000b8-e877-49fd-8db0-28cf0cf912d7,2021,46377,E
f7ffd8d2-c83e-4ba1-9d37-16509ef6690c,2021,18584,E
e2ee023f-17d8-46b6-8471-fbac31efb095,2021,98665,E
5920b0d8-2b68-4027-8140-f06a02f1f894,2021,106996,E
59c38454-4cb0-4ea9-a4fd-d54cbe976518,2021,13446,E
7e6e2891-5be8-4528-97a8-35766a539982,2021,1148708,E
59d8d459-85b3-4ce3-83ea-99ea687616f1,2021,48205,E
c3065559-a0d6-4449-ba34-07f465bab289,2021,9414,E
c09d4fdd-1388-449b-b8ec-61d6b88a1be3,2021,1330347,E
562594a6-6703-4d6d-a797-f071ee98006c,2021,1267543,E
5ae9862c-d21a-4986-aa45-fb96393d359a,2021,81210,E
c2aa25aa-9a70-48b7-9455-468f38917141,2021,40343,E
7ac52ea6-7faf-44fe-8ac3-8301f3d281a6,2021,13595,E
9b3cf83d-4d9a-4be6-a884-eb64977c978f,2021,94762,E
19c97cd0-38fc-4609-b70b-3891ce6c527c,2021,48205,E
e90b6fbf-8c23-48d6-b765-f1b294ef9a7f,2021,20030,E
fb2e7ca3-d394-4e8b-b42e-09846dbd8c09,2021,19047,E
13dee5f5-53fb-4416-a379-5cc909a3b3de,2021,9414,E
0bf77ece-aac2-4ff7-9d37-4a3bc31800d9,2021,9414,E
90117856-03c8-4ebc-950c-a997a23af207,2021,64664,E
e706a4ee-9d73-4782-81fb-ce4247515e37,2021,108660,E
2b7d8357-7a1b-44d0-b214-8cf4fd90d2d5,2021,1187671,E
59a94c41-9be3-4b2f-b328-4a8959c5ce23,2021,1322665,E
3d3e33ca-a462-4b76-91de-a032c0102777,2021,1376131,E
df82bcab-e5aa-48c2-b4e6-54d2e333f4e4,2021,107920,E
3367e0de-bf4b-4d88-bc2f-795f87191626,2021,43664,E
93ab8135-2c3c-46c2-8827-d08e1943c595,2021,48205,E
6ebddf1b-570c-4b1c-852b-9b366afa7560,2021,50981,E
2b88dd81-b04e-47eb-bed4-d06751964c55,2021,106167,E
4ccbef2c-bf8a-4e45-99bd-14bcd2876f15,2021,1181115,E
b6820333-8d3f-4c0c-938e-a2b810e9e932,2021,104360,E
e8086920-3751-431e-bcb5-208743837026,2021,47069,E
9c5154ac-abc6-4f89-ae10-53599093e47b,2021,37862,E
a4051a21-4355-451d-af94-57c08b66f89d,2021,1306689,E
ddf23b1d-d93c-42f8-ba5b-bd432ddc8cb6,2021,106996,E
0dd9447c-07c3-4852-8615-fcc7245d8e8b,2021,1181115,E
74c6e1bb-ea4c-4798-b71a-41654eeadd1f,2021,1181115,E
d3a49de4-5dd9-49ab-be96-8b1b95fe24bc,2021,108660,E
85be2a4c-1165-40da-a8f0-17d6a9da1dba,2021,1102628,E
6a3d691e-e2d6-4d6f-97af-63c7d626028f,2021,108660,E
ed61e848-3ee2-4ede-8fba-eb4739bd2b3a,2021,48205,E
37f7a427-c7f6-4def-9f83-2dc3f1b73f36,2021,48205,E
109aea58-9779-4dc4-adb9-ce52c6345d9f,2021,107920,E
92a9d414-f606-4183-926c-563ddd939456,2021,1351760,E
23807f01-9766-4782-b802-d9ec8476ebbc,2021,95175,E
4e86087f-932f-4046-bbad-0d34e945416a,2021,2209,E
64eb8bbc-aba5-4c62-b9fb-333ae2f52773,2021,1376181,E
e29e6eda-cdb0-4315-99d7-642dd09894ec,2021,74737,E
931f7038-c69a-4846-a9b1-23edb43e0894,2021,58808,E
1fab92b7-2c67-4d18-8a92-9ab7427b2838,2021,13401,E
9382bde5-27cf-459d-9e2b-c4ad7e39525d,2021,13277,E
600a1c8a-82ff-44e4-8fbd-54bed04a71e6,2021,11452,E
9be3d0d2-912c-4855-9e5a-a03e77608afe,2021,1351760,E
90550a1f-5fc8-4866-978f-c01f870d056c,2021,117532,E
2aedf136-4bc5-4ed8-a624-e429311b3064,2021,1322390,E
dc57ee5b-a8e8-4286-af28-457a92f26ee1,2021,1190071,E
f4625cce-636b-4e32-8a89-ed557b82a9ad,2021,22047,E
50ecc2a9-a6e1-4c7f-8283-a60111f224e7,2021,9425,E
3ab5e6fd-0c99-4628-8bd2-dde38f99ee2e,2021,19042,E
5ebe69c8-38c1-4e48-94c3-eb91e5f5fc6a,2021,107422,E
9241909e-c52d-41b8-bd7b-82d7f4a84345,2021,1300429,E
60e5d9c1-cd9a-4271-87ed-78ae9fd1f270,2021,55777,E
b408eb39-41e6-46e6-9c25-44aebebacd77,2021,106996,E
7e0d6441-d0a1-4dab-aceb-9c58773742e4,2021,11452,E
70920c7f-ba45-487b-a89f-b414f7d0a8c9,2021,107920,E
d58c3aef-0662-462d-80a0-846a7f1cdf5f,2021,49054,E
b68bf7c4-e00a-4a6f-b05f-e4c857883aeb,2021,20933,E
946ca8bb-c68d-4536-8c36-fa05e54c52cc,2021,98957,E
c52d73a1-e520-495d-83ec-f043733e7a2e,2021,55777,E
23ae4e05-3a33-42e8-b4dd-bf3f6ac80e4a,2021,1299927,E
1a6751a6-b403-4393-9f46-ee2c037c2fea,2021,88068,E
dd86eda7-39bc-4812-a309-bc9057cd9d85,2021,106996,E
f6e842cd-bec3-46f8-8541-50ca62c0bde2,2021,317,E
fe5ea72b-d8ad-47ca-9a8f-6e1356da3290,2021,13446,E
dd30925e-815f-499e-8a98-8d7146937900,2021,11730,E
40a01a0c-2b65-48e4-b965-bcc1bc9528bf,2021,107422,E
6757b618-645d-4b4f-8def-2d5866f769f0,2021,20030,E
3dcec200-ef2a-43dd-98db-1e796b5c2227,2021,1322390,E
02bcd619-5d5c-4f67-ba89-17cd533e839d,2021,1190071,E
0ab4a24a-4c1b-4b4d-9dea-9c7e3ddeab7d,2021,2209,E
4c2ad34b-02c1-4777-97c8-ffcf3b7abdd8,2021,83388,E
683aaca8-2482-46ea-b43a-6dc25fdb8da2,2021,9425,E
25834541-9a33-4e0e-a6c3-413ac46a9bb0,2021,317,E
486b8662-f5c0-4e95-8158-0cabf9169795,2021,108660,E
710c6b69-376d-416e-982f-378b7712b294,2021,49054,E
e8f9dfa8-a564-4f74-a474-7f5fb5a7f855,2021,1101244,E
e3cb3c3e-f6ef-4985-8ace-0d43a628bdc8,2021,94762,E
4fc82cd5-07c4-4945-a837-d0daf44ae3e7,2021,18903,E
5740b4d0-ea81-4a33-87d5-3dbde4500019,2021,58808,E
58475544-3781-4828-a049-205151a331de,2021,83388,E
aaec2d85-45f2-42a0-9b70-127404806529,2021,47051,E
8b460cdd-3dfe-40e7-a2cf-7449f559063b,2021,19047,E
0a6a3b19-09e4-4d47-a368-de8c31a83abb,2021,1190071,E
a20d5d89-af02-48de-9539-ffe70f752dfe,2021,67601,E
56b0e8b0-98d1-44f5-8462-ff4792a74154,2021,88084,E
49bb9d50-0bb5-47c8-9430-f75a1953bf76,2021,37862,E
98f7e473-9955-4966-81c3-ae3b37c3ff9a,2021,48205,E
26a4de03-f8b8-4d74-ab11-fa62a8347b1a,2021,97443,E
4886a5b4-3bb3-412b-91e7-c5ee4d9c86d7,2021,1306689,E
84591a56-c778-46ef-aac7-62869ace022f,2021,43664,E
2589ef1f-b160-4b80-a7dd-177a46f7a722,2021,118994,E
3b359eb5-73d3-4a98-b8e8-a3b509a17b1a,2021,98957,E
498554b1-748d-418b-bdd8-662559da0a1e,2021,1385488,E
c3d0eaaa-62a2-41c5-acc4-01ce0da0405a,2021,41238,E
cc80b018-795e-4de2-badc-a4dbef8a2209,2021,94762,E
f3669d0d-ca33-46de-be36-e2201d301e85,2021,98957,E
e8e00f76-d2d4-4825-bdd9-80de5f0adee2,2021,13595,E
7cb817bf-4085-419e-81b7-9d56dd0a7b65,2021,20030,E
6927f745-03f6-4b82-bae7-050552ac84df,2021,64664,E
2e3313ab-889d-4b68-a3ea-36fa9e294922,2021,1306689,E
c8babfc0-24fc-418c-b927-1a2524405371,2021,1117717,E
02e17019-58ff-4008-9c11-573fa6451f1d,2021,83388,E
b7c27aa3-c5df-46c9-aaae-026f4ff5c6e9,2021,48205,E
d2451209-0f29-41e8-a88a-6e4720d788cc,2021,68930,E
65c21c56-af05-4243-b920-0ab8a11d13ca,2021,1300284,E
c01f1c53-c228-4070-8e2d-332053b0a28b,2021,41238,E
7bc096ae-60a7-4f2d-9327-e949515ac96f,2021,49054,E
b3e77b5d-ac95-407a-bb98-0e5d165d1207,2021,1322390,E
960ab1d9-1110-4d50-8862-22518d0ba072,2021,1190071,E
5092fb19-e1c0-4e62-b239-4a162eda36c5,2021,90030,E
c65f2636-eecc-4168-aa14-2d073bada7fb,2021,1283028,E
96583510-1389-4b2b-bfff-40e539f623e3,2021,21464,E
b7889f8c-c46f-4ad6-aaa7-1e64ba43d489,2021,1265453,E
db4583b5-d70b-4e21-b534-4be4dadba448,2021,1403879,E
6d996f1b-5173-4307-b341-128760d36474,2021,94762,E
2943140b-e888-451f-8c4a-09aa60047020,2021,74737,E
987c0e7a-9516-46c3-982a-b6cb7f3740d3,2021,9414,E
a540a3db-3163-415d-88d3-765e6f324bcd,2021,1187671,E
b1ee1a3e-e3ed-4752-84f9-e51d5b7f37a3,2021,1385488,E
04c9ae62-649f-45d9-a0db-a6bac95d3ecb,2021,13595,E
3cca2857-1dd1-4c37-b8ce-03c2563544f2,2021,18903,E
c8491419-2f80-44c2-aaa4-8354fc920dcc,2021,95017,E
60be1918-6927-4cf2-90d0-2f11cf1293ab,2021,1181115,E
ca66a956-137d-4f3a-8178-0fea1ba4242a,2021,1385942,E
f01b7f26-db1d-4dad-adc9-7c93c866477b,2021,112086,E
88e0a2e5-12ad-4619-a73b-3b96aae93d54,2021,1288839,E
3d88df47-d92b-4f1a-9439-643e0faa7ca8,2021,95017,E
f00b0199-dd5d-4619-b8f9-de72530ad5ec,2021,1322118,E
7cefd3f3-e603-4d74-86b8-f68970bf282e,2021,5000143,E
9a78ef45-3a27-4ba1-aeef-2c4390611430,2021,1265453,E
350c7534-1eab-4d93-a547-a9b69a01b768,2021,13446,E
7fb5a049-1a24-4505-920c-d5ba54cd6d4c,2021,106996,E
ce638fc2-0e06-4dc1-9e44-e2ac35a8fdc6,2021,48205,E
3ebd9ea4-c91d-4b17-9e26-f24955151e0a,2021,48205,E
4e6a965b-a1a4-401f-b322-d1ced1eee10a,2021,1181115,E
40e2b70b-3747-4ffd-8875-70b12f5b63ed,2021,103062,E
47e8f15c-a50a-4665-8ee4-f6120672af91,2021,22061,E
20434baf-2d43-4055-9c3f-8cee89442467,2021,91262,E
7bf8b345-270a-49ef-b913-d36cf6302614,2021,5000143,E
6d969803-ab9a-4ee6-85c4-ed1f9cee4aa6,2021,1190071,E
7506576f-90c6-4f89-a22e-760586b14929,2021,37862,E
5c0255c8-be28-438e-8031-67465b8131fa,2021,1376181,E
7d655949-393d-4228-9164-ad5eadb38331,2021,1269545,E
59a28d72-3008-4d65-aed0-6fb99ec57301,2021,11730,E
472c70a6-e010-400f-aef2-5b2411aae7aa,2021,41238,E
2ae3029b-71a7-429d-86df-8267bd424c27,2021,1070485,E
3dad5cff-1f4b-43b6-940b-8c9122ff33c0,2021,1181115,E
4f19db26-9e91-4748-a3fd-5f0a24f7f965,2021,13595,E
99300c33-a8bb-4797-82b3-3eeb3c5fac6b,2021,83388,E
4ec76b78-9a9b-4b64-9ac8-096e3630436a,2021,18683,E
8f1ee4a7-e59f-4bf5-831a-5680acbd6d15,2021,1376131,E
31e2b42e-063a-4f0a-b65d-641ac3af34cb,2021,1265453,E
ceb0f7f9-e152-41ae-9ad4-7895012ebd34,2021,106996,E
e5260c58-c226-42e2-9c11-0aa83e78687f,2021,1322390,E
c4403fe5-f521-45e6-afe5-1763d566c7fb,2021,1101244,E
06d9fdf3-7863-46ef-ae0d-6bcf49ab5eba,2021,37862,E
d117bb65-766c-45a7-859e-ad313b5f9e04,2021,106996,E
63bf9a76-9cb5-4b01-b330-dbc6370ae4eb,2021,107920,E
ece0e989-2ebc-4ba6-95d0-065beef8b6f3,2021,1102628,E
81e92768-29d3-4d87-a076-cba7f23f44b7,2021,22047,E
8e75c9bc-4362-4efc-8f1c-33afac52aab0,2021,1101244,E
c2d4960c-546f-4913-8b91-59c32958d56f,2021,94762,E
a8f288e0-f36e-49c8-a80b-f9ce8a3b7d58,2021,1103723,E
ac0a31bf-d074-46b5-86bc-87c291b88218,2021,1306689,E
3aecd344-fad6-4e20-a1e4-1b36e9a5326c,2021,5000143,E
f3550304-7215-494e-ba23-75f833acdfa5,2021,47069,E
1ff2717e-6416-470d-bfa9-5cc6a0286529,2021,47051,E
c320edf3-b09b-4db9-90b1-9cca899ee9c0,2021,5000135,E
c3526483-2488-4581-9b65-1c98d75a95d5,2021,103062,E
42e16098-783e-4c0f-99c1-401969f88486,2021,317,E
2b6b998d-5d98-4f67-bd83-c4b3d9a91558,2021,1101244,E
196eaf6f-9438-49df-8f03-7349267dfe58,2021,108660,E
036373f0-a02e-4b6c-944d-c1e18fd2f9a7,2021,5000143,E
66e84b30-6585-411d-936c-709b5fd6a320,2021,1148708,E
1077eeb0-67c5-4c6f-aa71-bb95f413d163,2021,1190071,E
608f2a67-916d-4755-b32a-812d534c5727,2021,1270596,E
a8548aab-4b5c-4c3f-a2b8-fc457ecad8c9,2021,1318224,E
103f46a1-6151-4d18-839f-1c4364ad7b0c,2021,83388,E
9c2bb079-1787-48b6-b03a-de51eab0e196,2021,968,E
cfd7220b-fb14-435f-8b05-906d96da805d,2021,20933,E
cd112119-b689-4945-b000-1e6f4ac53905,2021,1108692,E
c8647d60-32b0-4813-b76b-e5c629b5bf60,2021,13401,E
f5a3d156-18c2-489c-9aa8-7679638a9421,2021,48205,E
e2b5ae2b-8b63-4419-bbfb-d4a53ddfccb2,2021,20756,E
4e6d3064-60ba-451b-a573-150954cecd70,2021,49071,E
feaf3ac6-3402-476b-8e15-f22d09ed48b4,2021,113687,E
57ac3176-c682-4daf-8dd1-91c0b9febe13,2021,43664,E
7f30f2b5-65bc-4ec4-ad1a-470599a41433,2021,113455,E
95dc8381-4bc7-4de8-b700-86e7924ad08e,2021,88068,E
12cacf17-6985-496a-bd85-7035fe5c9b8f,2021,20030,E
4cf02cd3-18c1-434a-884c-1ef6457882ad,2021,50981,E
31c3839a-a70c-47fc-9de3-101d944607f6,2021,106167,E
225735be-8a37-4ee7-b9d4-4b09e1536177,2021,43664,E
094b7071-a25c-4692-ad99-10c5a1d54fec,2021,48675,E
519b0e32-4baf-4be8-bff4-b5c55a0ce266,2021,9414,E
85db6314-239d-4065-911a-c7c9dd1839d4,2021,95175,E
a5b9303f-1213-4461-8fe5-94b0b84d918b,2021,1322390,E
6666b4cd-342d-4906-9bc0-b345a360ac2e,2021,1190071,E
3f788a2e-e9ea-4454-a053-bacf09d22b13,2021,11452,E
1a7cb403-9d05-4574-b610-10e40e1b49d8,2021,2209,E
f8f7afc7-6692-448f-adf8-8e3702e108f6,2021,113455,E
126efba5-b6cf-49ba-98b2-0458b220a0e6,2021,57612,E
c01d0cc2-e4e4-4a7a-96d5-80ea95aeca54,2021,90030,E
f88b5db4-7762-4c42-ad0c-b58a0ff753e2,2021,5000135,E
f01b9915-28d6-4ee4-bbec-259782d8bb49,2021,50981,E
112baf97-8cd9-4636-9d3d-efe507b0fe9a,2021,1148708,E
9294fa59-4031-48b1-be4c-0952a04a9a0d,2021,95175,E
14142d42-bca0-4751-be45-eb715b119577,2021,1190071,E
3c9ea984-14e7-48dc-973a-f094394e9fa7,2021,106167,E
d7fdde5d-7208-4115-bef9-fdfb308767e5,2021,317,E
74f5ad9c-cd6f-43db-b7d0-4789e784f631,2021,47069,E
6622c97d-f127-4ef7-8f82-7a1ee9fd0097,2021,11730,E
083cd568-1cd8-41fe-8dd8-bed758866218,2021,13446,E
a76ceff3-e398-4343-9e3b-cef70619969e,2021,1047907,E
ade86cc7-58c0-4cc7-b18e-edeff769bd31,2021,5000135,E
4cac1c26-6492-495a-a917-4ef06df061d7,2021,108660,E
161fc75b-8bee-4854-ad77-9e853e0a8128,2021,101830,E
93a9286b-6ec5-48e4-903f-99a4f7fdd586,2021,1070485,E
08843095-fc78-43fe-bf3e-81f311de0116,2021,107422,E
ad75164c-4d26-4d3e-8c81-8342515b4d85,2021,106996,E
d2841479-39e2-4cec-bda7-d89e0bc0a9d3,2021,1270596,E
afee6354-feaa-40cb-8767-95b8e6cd4c1b,2021,1376131,E
a4e6121c-5d40-410c-b568-ce6d85429815,2021,54934,E
5d2b8e0b-0591-4072-af68-0255c44a7d2f,2021,318882,E
1b199c22-f9a0-417e-a921-2525d075d57c,2021,37862,E
89b2a977-e906-423d-9f92-7e68a9c8cd63,2021,59122,E
ce2b6882-c4cb-4cfa-ac79-bd5ea5c87deb,2021,98764,E
495ede63-b005-4944-8209-033be8011015,2021,107360,E
2560de71-cc47-4198-b511-4020103711c1,2021,1136142,E
0a0e3252-533f-439a-a483-8e9f3a53dd7d,2021,1190071,E
180edba7-5cfc-4b86-9ae5-614b9e3d6d76,2021,1385488,E
b244df64-5e74-4d61-8278-d68030d1b0de,2021,49054,E
e99515a3-5c27-40ae-bd49-a78056a9c57d,2021,48205,E
f16219a7-f985-45cb-a772-ddd4d29dadbe,2021,1190071,E
ad4390e3-70b0-43ef-816c-4185f814ada7,2021,113813,E
7be4958f-59f2-41e4-9e87-741ce65fe39e,2021,1318224,E
cffe6ee8-433a-4932-89db-7eaee52053d9,2021,118420,E
4832f075-8c30-49ff-821d-3f5a6600c94a,2021,1314243,E
6205c96d-96f8-442d-82a7-f9e016742838,2021,1161716,E
efc755e4-fd9e-4c42-a0ac-0822b0b7e16e,2021,21464,E
ff54e173-924f-47fb-96ad-f05ad4418eac,2021,37862,E
2b1175bd-5e87-4f86-8777-28d8299bce3b,2021,53333,E
052b8b6d-ad27-4c64-909e-976cd0f58519,2021,37862,E
ef0d40f0-b1b6-4174-93d5-ba9ca5b2b8b6,2021,1322390,E
83c4722f-aa9c-4c64-ac2a-28329ad578df,2021,106167,E
b87a9d33-529c-4f95-a95a-99f890ebc28f,2021,1318224,E
66f20be9-5229-4f07-a531-19ff1f7e9540,2021,1187671,E
72706c5e-ba0c-4808-9902-5431f9ca02b7,2021,1376181,E
e26e85bf-ae6e-472b-8b68-304e1ef2d1ce,2021,1322390,E
d3366af2-4ffb-4f30-94d2-c23cfeeaf640,2021,91181,E
b711fe0f-a1db-457f-a0df-fcdf486aa288,2021,98764,E
64a27753-5b57-4c60-a163-df90e98c5714,2021,103062,E
cc6b8710-11a1-4bf9-bfbe-e98db0a86244,2021,19042,E
3a7b1dd1-5e16-4942-be3b-104be3700f4a,2021,107422,E
e4e13f61-0021-4970-ba9e-23fd0a3b87cd,2021,74737,E
ca9eca4f-88ab-4e04-b2f9-0333513f1272,2021,118994,E
00cdc54a-abfc-4bb5-a79b-8e5112d622a8,2021,94762,E
f8010f65-30d0-476b-b866-43ba78f69b34,2021,1047907,E
f8df5fd1-9bfc-4b47-8017-d6a1d8f9fa6c,2021,20030,E
ced03ae3-db5b-48de-9939-f381018adeca,2021,68930,E
20aac4f5-d931-42f6-9f04-b8f8680384fc,2021,64664,E
58457d2c-71e0-4d50-a748-6b23e30d0674,2021,1181115,E
9fbfea9d-68e3-46b5-a379-4f5e3e21684f,2021,968,E
0131c1d9-4bd2-4dc7-9e1d-7d0338589b53,2021,968,E
b8d5edc5-7a08-4254-ae8c-7f668b5bc113,2021,101942,E
7207e87f-81c1-42f0-a98e-80e0ca5e799a,2021,19047,E
27e6784b-4cd1-4f63-8580-aa70347461e8,2021,88068,E
b4f506a0-5f05-4ea0-a58b-70fdfff6ffb5,2021,94762,E
9d56964d-364a-4437-b0f5-dd774c9bee73,2021,1148708,E
3c7d665c-e469-4290-b199-6c1d0a127d49,2021,1330347,E
44e48e10-4f52-4d01-b6ba-f5aa4c7e4103,2021,513,E
4aa4afb5-b4b0-447a-a548-e38d4e04601c,2021,1265453,E
6cde2926-0cbc-409c-863c-ab21ea9b8f29,2021,13446,E
89113b66-3c25-4da8-b92f-9cbe38f5b61c,2021,98764,E
fbbd56b3-f433-43eb-9fcf-287ad0a2eab7,2021,18683,E
ad54cab3-8738-41c4-abff-04c7ba3e6d2f,2021,107360,E
ca393578-207d-46b3-8ca3-6ad868ec9dcb,2021,37862,E
6c7b540b-b3cd-493b-9281-84fcee09698d,2021,59122,E
ea1a65e6-218f-42bd-80ab-de5d6907b745,2021,101942,E
0110b800-b447-4644-8ed5-9cdcfbe9cc38,2021,5000143,E
74a931de-4d84-469c-92e2-ebc59d4dece7,2021,1139692,E
0c8d62b4-4bb9-42b5-a82e-75a57e33cd07,2021,55777,E
1bcaef49-5871-4fa3-b0cf-c723498ecf97,2021,20030,E
8952c683-405e-47ac-b106-e3c353a02f52,2021,1322390,E
1f83e2bc-bc14-4287-b8d4-ccaa9d904c11,2021,10515,E
c86f17e6-ccba-4628-bbb0-514a34aabdc6,2021,86326,E
4be49dd2-a483-43c0-bf91-9d7cc05490a6,2021,1267543,E
4a114ad7-a71a-4977-b3c9-81747d5cf7f7,2021,41238,E
eb306522-b85a-4fd8-8fe0-db3545709947,2021,9440,E
76b8014a-ef47-4234-9840-2235a1cec101,2021,90030,E
dc9cd261-00a6-4488-8db5-3427aa6eff7b,2021,118994,E
0bf3a36f-cc95-4ae7-bb14-bbc3d44b7f37,2021,1376181,E
b485bfeb-d857-4516-8037-c605adc66d7a,2021,9414,E
dcb7a241-3730-40c6-add4-5838d39c5c9d,2021,98595,E
d0521f32-44c7-43f1-b3fd-efbae07e9b04,2021,106996,E
f69046c2-5f10-4552-998e-d5950e25cbbd,2021,58808,E
6ce3c6ee-ecea-4111-9263-f1d1972c3ac4,2021,5000135,E
81c2ba0d-ab21-4b40-b80f-e831f33d5ebb,2021,1322390,E
9ccce81b-8294-4321-bc4a-c508c325392a,2021,1101244,E
24e321d3-bfd6-4c9d-b3c7-a67ad97df96b,2021,106167,E
88a291bd-85dd-48b7-b384-f2f2ef71e418,2021,94762,E
cee98cc4-4c45-447b-9bd7-11641e33f2d2,2021,1161716,E
4f06a466-e7e2-4932-927d-d04baa01129f,2021,98595,E
b2ec6709-7433-4c1c-8be2-67abf9c58dbe,2021,5000143,E
056dcd79-a376-4c14-9b40-1034cf2884ec,2021,43664,E
6c57b2d8-7560-4b44-92d0-34931293a681,2021,53333,E
37d4051e-de4b-4a41-8810-a3aabb9f496b,2021,1132918,E
d3b85521-1b25-445a-bd19-5e478d275e59,2021,116770,E
b23306ef-3b93-41dd-bd23-f1b70cdbac8a,2021,21464,E
2d1a82b7-eb69-4f73-a0a7-b49d5e71857c,2021,968,E
9c2a9f40-7b81-4c71-936f-a7fb569b9d7a,2021,117022,E
33e1b761-2863-44c1-b8c8-be2e099258b0,2021,118994,E
14a8d1a6-8793-49fc-83fd-ed19c6a00289,2021,94762,E
d97f3cbb-a4c4-4912-a19d-da162e64f15a,2021,1306689,E
60a49e09-128d-4943-83c6-c166eb2d314a,2021,1283028,E
5255c4d9-bb31-4111-b0e6-3e3fac6a5979,2021,1108692,E
3f3f5581-190c-48cc-981d-28e1cc6611d2,2021,5000135,E
174a3c4f-f7ed-4e9b-bb07-6c2690d324f9,2021,317,E
abbcd30d-ed55-464a-8a0f-0cbfd3f061a6,2021,98665,E
9781c686-eac4-4e6a-a529-e1c6c0cfcf74,2021,37862,E
ef02e27d-cd63-4151-8eb0-cb79bc62cde4,2021,1272079,E
f936be69-c85f-4897-842f-0b90b4134a6e,2021,95175,E
a334db8b-624d-4382-bdc0-dfa4e06a0e16,2021,13446,E
1889c2b8-3e17-4dbd-a9ab-f75e45e70d22,2021,37862,E
380ac396-166a-4925-a606-3ec1766b85ab,2021,94762,E
675d0f66-a5bf-4465-9bee-9949f9317499,2021,95175,E
f87749fd-e8cd-471c-b29e-338c1275e1f0,2021,47505,E
675055e8-78bf-4129-ac41-a747ac06ee37,2021,1376131,E
b242e921-5242-4192-8608-2f055320f4bd,2021,1376131,E
7ffe0a3a-2e02-4d85-8c33-e4728515dc4c,2021,116770,E
f9c6e7d3-0462-4a1b-950a-be94435e0410,2021,1318224,E
8d0ecf89-08e1-440a-88ef-62299585a2a8,2021,98957,E
b36913f5-fdf4-47f1-8f50-b4e4cab3b5ae,2021,1265453,E
85133cba-a4e5-4a4d-b5d7-5871f0d186e4,2021,37862,E
64702294-b0cf-4ad6-962c-7b0be0371448,2021,1322390,E
f50f9fd5-c316-4eaa-8d16-2a272aa89728,2021,116770,E
6a91d4e0-a006-498f-a16b-9ac6860d8d7f,2021,18584,E
cfbeec7a-42a4-4c75-904c-79721bb57ca7,2021,112086,E
afcef988-bab6-40f2-b885-6bbeb9ee8589,2021,5000143,E
cc6b07e0-b174-497f-8a91-1b927ee018fa,2021,83388,E
812c9262-082b-470a-a6c4-3745958df221,2021,88068,E
e287a725-1237-45be-a115-ca586e3bd803,2021,20030,E
39c4a6e2-3b33-4d28-be82-01e41c655089,2021,58808,E
d30b687a-926c-42b5-8c44-3609581ab35d,2021,49054,E
dd947d98-4b97-4693-b1c8-327c5636eb77,2021,81210,E
b00f7fc5-9e55-42e6-8400-7a94d03ece84,2021,513,E
dc01afc4-6c5c-41ec-9647-91847139d17b,2021,1269545,E
ee29a742-2e2d-4b74-8cf6-935dad9f2ee8,2021,1376181,E
6d780c61-e001-4adb-a223-a0d9dc8f4de0,2021,1306689,E
5a573338-da1e-41ab-b54a-0cf7dd6b488d,2021,97443,E
5a86c732-9ef2-411f-b577-6c500ed695f5,2021,99820,E
5adb82ae-c56d-474d-a470-48106cef941c,2021,1270596,E
64749607-2153-4c70-9e70-afa07153425a,2021,55777,E
342c2576-c602-496a-8469-b9688cd2d6e5,2021,87396,E
2a3c9301-cc10-4d0d-bfb4-f24b53e3822a,2021,67601,E
246f1c48-0eb5-4082-b3c6-6f10505858c8,2021,41238,E
4cdacd95-40b4-4a13-b0e3-d6c0dc8b1247,2021,1136142,E
101ba497-fa04-48d8-9830-fff149836fd9,2021,58808,E
b5c22294-ca81-41a2-b09f-2461f5949eb5,2021,91262,E
d54a7b8e-b3a6-45b3-b63a-2c3c948e45ad,2021,18584,E
cae5cfae-1ac6-4188-8cea-a6dcf0d4152b,2021,18559,E
76578983-857a-4cae-9801-44dd8c3d4aef,2021,94762,E
73d872e3-8bb8-42d8-a077-3a67b990c39a,2021,95017,E
9e236aed-a74c-4e86-bc43-9a3a47ebddd5,2021,13277,E
e5e372a6-bcc3-499a-af0b-4c36257ead94,2021,47051,E
4beefdd8-4014-4fea-8a34-a1f95d0828e5,2021,18558,E
9c95e709-05ef-4da4-955a-721f061e0586,2021,1267543,E
650735ac-7ed6-4452-8c7c-45ec5418662b,2021,41238,E
f941ca14-bb97-4bde-8eda-03f95adaaeba,2021,19047,E
bcba3af3-e5f4-4434-b030-68c3f08f7cd5,2021,48205,E
b4d82025-7239-47e6-9fb9-b79bc71d3912,2021,106167,E
241e0442-32f9-4da4-927a-10c1c6d3453a,2021,106996,E
c6eeafcb-60f2-40d6-b659-56878ab97b74,2021,1283028,E
a1badd2e-0986-4bce-ae7f-f6f7a26e26cf,2021,20030,E
722a7d38-c8a4-4c77-9fc6-7105b27a6548,2021,1322390,E
5329c231-fb9f-44b6-9159-257ab59743de,2021,18584,E
ff8ee82c-3148-477f-9c0f-19e11704ff9e,2021,11730,E
d18e46c0-a5a6-49fc-b9de-e3d8e296367f,2021,1288839,E
d8c67cec-4c7a-4427-acd0-fde33b653cd9,2021,94762,E
7ab0be2b-f2aa-4de7-abd8-973a085fb960,2021,95017,E
e41be983-e0dc-4a41-9fd4-6c68cb8736f2,2021,95017,E
935b709a-7902-4d26-8342-056fe1b3eaa5,2021,56172,E
dbab0c3b-ede3-47da-82ef-9b7f366cce1c,2021,114616,E
99d755f6-f0c0-4267-baa6-42ab000cfbb1,2021,10515,E
9a96e1dc-4987-4ab3-9700-f6eed2c17ac2,2021,108660,E
dc0ffe6f-c18c-4dbd-a65c-27a06e48201a,2021,106996,E
12602fdb-8074-446b-b02e-524bc189adbb,2021,37862,E
5cc4b3ad-e082-46ab-bcd3-082c7a2863f9,2021,5000135,E
8988826d-b45e-41cb-ba8c-942e48b4be82,2021,1032473,E
89d0641d-5ba6-45fb-bfbd-7df0fba9d4eb,2021,55777,E
d2be63f5-68de-487e-a695-62fede35e881,2021,58808,E
270a38c8-f740-43ff-a8c8-fa6492e40ecf,2021,1190071,E
71904e15-4f17-44b0-90a8-f1262a4e3d53,2021,43664,E
41ee1ec4-d4b3-476e-9c60-0a60c20ff0c3,2021,1376181,E
57c6a5c4-4cb7-4a72-a80d-d50c612e3a7c,2021,20030,E
c6dcce40-be5e-4372-b117-d45989411c67,2021,9425,E
9ddbfefa-095f-4474-adb3-53b12b73c520,2021,88068,E
0e2cf4e5-284f-4da4-b6b6-61192c389180,2021,1166783,E
c9f734e3-4075-48bc-bf25-d74f2ef1c626,2021,46377,E
ab2fafe8-25dc-45b2-a6b5-9a50b0f12e84,2021,1181115,E
c381fe09-9c87-4f63-8ed0-79b0845f7406,2021,9425,E
32fa25b3-28ad-4e25-99d5-56fa59e65a6a,2021,1190071,E
b6030095-d94b-4229-86ed-78332d88d75c,2021,1190071,E
557af71c-a8f3-4467-8bbf-a04ef93432e5,2021,50082,E
cde537b6-cb45-4621-99dc-a30a3602bc50,2021,107422,E
732f2b0a-a652-4d1e-a52c-5269d425ffee,2021,58808,E
d949abb7-3881-4c86-9dcb-cad46a2671f5,2021,43664,E
cbfc1c34-863e-4e55-8ee5-f655c2bda00e,2021,94762,E
3a78b061-c449-4b0a-b512-8d8fd7c324fe,2021,108660,E
93dff4cc-84ae-45f1-8867-321e406fee04,2021,318882,E
b7c88f3d-4d87-4b9b-be67-257d3891a46f,2021,13595,E
dfce2935-3479-42f7-a131-2f853fbe2a03,2021,1136142,E
4cc94a70-d71b-4d89-8145-c9699d81b661,2021,118420,E
7a95c1f9-9591-46ac-933d-70164ccfd1cf,2021,101830,E
034d7ecf-a7e8-437e-a5c2-effe4b771da6,2021,106996,E
6af78b68-282d-4f4b-86db-f7885240ae87,2021,1376131,E
2971d188-e348-4a93-b40a-b73923e2a971,2021,116770,E
dc4a1f1e-5194-44a1-b7c5-7f35b3453bf7,2021,2209,E
264c79c6-94c0-4c9d-859d-a1a2d45b4d02,2021,49054,E
a90544b9-ae81-41d0-8d38-bc37288afed5,2021,5000143,E
15af694c-aeff-482c-8425-4f611da786a1,2021,83388,E
1e5d29f2-cdf6-4fec-a31f-c85d920cd1fd,2021,94762,E
37edebf9-8cec-4d15-97a9-c819e1e832d5,2021,94762,E
441dd8de-19ce-4577-b73b-48e6bf938334,2021,94762,E
ef7c6ba9-6e07-48bb-9746-71c9b751c087,2021,1132918,E
5b64fe2a-f5d2-4e68-921d-903760aa0dd7,2021,83388,E
a96344a7-2733-4dd1-9a1b-676fcb7bc58e,2021,1047907,E
94fb0c08-faab-41ce-a0df-f6a1fb3923e4,2021,106996,E
4e4e4420-37b0-44e5-ad9c-92365cbda0a6,2021,9425,E
f8590a01-c3ca-430e-b258-8d81b0d3b39b,2021,62484,E
eeaf03e0-981b-4fa0-96b7-b7c63cea85e6,2021,104360,E
fe748de1-c75e-4c48-b8e8-8ac32ba6226e,2021,5000143,E
c3ec3d16-ea9b-44f2-9785-5443f9ba1a18,2021,1187671,E
1eb460cf-3fd0-468c-aff7-70ad6db3988d,2021,1351760,E
fb344a06-8fb1-4d86-8c15-657307c14e6a,2021,19047,E
9c38b981-f9ad-4df9-8753-646f6742c86e,2021,58808,E
38814a65-3ff6-4040-8f4d-90264daabd06,2021,1318224,E
50ab7a83-c77d-4759-a225-66d4e29958a6,2021,1136142,E
bfad0c1a-a191-4c0d-b832-3dd42daf177e,2021,1190071,E
2f4f0cf1-0a00-4bea-b458-a0da2a1d5562,2021,13446,E
f5fbbf69-f28f-48a2-8aa4-6f4c66f3401f,2021,13446,E
09227e45-629c-4452-94e7-b9045c5e80da,2021,1102628,E
f6fd1df8-84d8-4450-ba80-f69f04899476,2021,1288839,E
8071e9be-d913-445b-bb1f-36e065de0686,2021,94762,E
b97189ef-7fd0-4d17-92c9-cc341800cd66,2021,101830,E
4bbc7d3a-24c2-44f0-88f2-5f00ae467daf,2021,1108692,E
f3d42186-e8fa-4954-adc8-c028b08d4389,2021,5000135,E
cbec9aa1-2130-4931-9f2c-711750be2058,2021,43664,E
59b2e034-04c4-4a1a-b2c3-1bab83d4dc54,2021,5000143,E
4d4a0f68-9406-4ef2-ac0d-66db05d95727,2021,11730,E
8936b7c8-c691-4cb6-8374-3a4df115a09c,2021,13446,E
bead1158-5d5a-4825-b0b1-4142c6e63b82,2021,9414,E
3d183562-32c7-465c-a53f-1134c459a5bb,2021,101942,E
5f28494b-1f7c-4fe5-bcb2-3e6c2019c152,2021,1322390,E
c1bd250e-0c22-40be-bfbf-88fe1dafc5e7,2021,2209,E
8a77cabb-ec26-4589-a900-e079a2d2ae20,2021,317,E
b282d058-8045-417e-b5ed-d52a6bc38c07,2021,11730,E
5949a7a0-fe07-4f99-bcb4-e09504a2f478,2021,48675,E
0e276d8f-8780-4eb3-96f1-4a0438d0f01f,2021,1314243,E
e8b2cc2c-5268-4666-aa8a-9e022000913d,2021,5000135,E
33a03e19-643c-48a1-b629-7efcb705287f,2021,1181115,E
94388d36-479e-430d-a490-bc07ba1df107,2021,9425,E
990bfa35-aefe-4136-a20a-391d9cb7c3ed,2021,968,E
ccdecbb0-f41d-4298-a5fe-6de896f7c81c,2021,1102628,E
25e07e97-b339-4bb9-9ea4-bca7100ab3bc,2021,49054,E
dc0aceaa-c194-4a58-9d23-eef6eee9e4af,2021,95017,E
0d5ebf3c-d746-4dbe-96a2-4c38468e28a3,2021,62484,E
9bd43b1a-e818-448c-997d-a45646196729,2021,2209,E
30ad84e7-bbe9-4d56-aa49-c0c593ce5f8f,2021,114616,E
daea90a6-bfb8-4606-bd09-21ce74f4f3fe,2021,968,E
eb7f993d-133a-4de8-aaee-5f1e47d032f7,2021,41238,E
6825ba5a-afd2-4438-9a74-1da420e457d1,2021,1283028,E
fdb30cd8-391d-47f5-85a0-ac3afc70b15a,2021,1258063,E
e4f513a2-32fc-4a93-bf37-c9c4b191b9ac,2021,1101244,E
a7d5c158-b4d4-4774-9ed7-cb7dc86f0eee,2021,64664,E
38c0f2a8-9c2f-4d8a-a344-51e98bf9e2d2,2021,513,E
295da984-6cef-49e7-b105-5897dd094e85,2021,73140,E
22bf2dd7-3e14-4558-984f-97a9c501cf19,2021,1187671,E
1948fcf5-e59b-464b-a10f-32e354757802,2021,43664,E
dcaf60fd-847d-49d3-bfbc-43c02fec596c,2021,13595,E
ba6a7be9-2e5d-45fe-8038-66a275a576d3,2021,37862,E
312bd595-5b8e-416b-8830-2cc537a8e616,2021,1136142,E
c4251568-f6d8-4c23-84d9-6bfe316936d0,2021,1102628,E
cab55d55-d43e-463d-9ea2-a253ecdbd38d,2021,1102628,E
8f602bae-2776-4726-b031-a33c665f45ea,2021,97443,E
e9194b4b-7ac8-46c5-a830-533a6081c45c,2021,1047907,E
78d2c6f5-e013-43bf-9861-9090c23bb5ad,2021,5000143,E
e7af270d-89a3-4eac-9a0d-97098d32e0e1,2021,13446,E
11b424de-329b-4a3a-add8-83ae08bd5c45,2021,59122,E
cd1133f9-653f-4d57-819c-7db930758f2b,2021,50981,E
490e3671-cd10-498d-9b86-7700f8428102,2021,95175,E
f6f34205-f51b-4843-928e-9f1f6f0abf07,2021,106167,E
d5bb2f88-5653-4dfa-a55f-91b055973bc2,2021,1288839,E
3b2f773d-fa87-4f55-a8be-b1852d0150a9,2021,55777,E
4de97f40-fbb8-4cfc-b69a-059ae124bacb,2021,1322665,E
f776f335-a0c9-4c81-8648-b5ca8f7384a5,2021,116770,E
3fad6db0-4958-4374-9ed7-8994b1f82f42,2021,91181,E
ef662e01-3251-42c9-96b9-434a20e4ccd0,2021,1376181,E
720ec12b-1e27-48ae-8202-886e01f23c07,2021,1376181,E
689fc239-e711-4b2f-88e9-ecb3d54cbc7f,2021,1322665,E
3a46d665-dae0-4523-99a4-f524196d2fcc,2021,1322390,E
264b6567-3b5c-45b5-addc-72bb54911485,2021,318882,E
ecd69b6b-a5f1-439a-942b-743594dec6a4,2021,94762,E
07344d8d-efeb-4fde-9d0a-e64a0b753dec,2021,1306689,E
cff51187-158f-4332-a8f1-2b0a4cdd674c,2021,56172,E
3d3053a2-fe87-4f75-bbb9-998b33af74b0,2021,1148708,E
fde06271-1d3b-4c9a-a065-269af7ab93c0,2021,1148708,E
ae0345e3-30d2-4af6-a14b-06f60e9a9bc0,2021,1136142,E
b475d626-c40a-414e-9722-71edf959bb85,2021,90030,E
bdf79e43-80f2-4529-9c0c-5e306a31daf0,2021,13277,E
ee13d268-0159-46b7-abec-44717a17a699,2021,1181115,E
10f06d48-f20f-4065-9485-475eeea5acc0,2021,5000135,E
5ea896f6-ee1a-4acd-9b63-9413837011cb,2021,18683,E
d567941e-ffb0-49f6-8198-201a9fa68617,2021,1269545,E
3221b8d5-338b-4f5f-b430-ba1e3a8cbdad,2021,1187671,E
2a154b15-45ec-4a84-b0bb-dd56bb2696fc,2021,1190071,E
699f6315-a926-4df7-b01c-855e00168faf,2021,1385488,E
1766e3b7-33a1-4b6f-ac2d-9ae1dea0e8c6,2021,1314243,E
0ca7ea98-5b9e-494e-a850-fae4c87b15b8,2021,106996,E
13696716-959a-4808-94d3-fd309bba4c04,2021,5000135,E
e8b1b918-4e56-4fa6-a639-6414daa392cd,2021,108660,E
d66ca141-f32b-475b-bd31-1d240f945f18,2021,101942,E
89923320-e760-4f03-a1ad-fcb88faf01a4,2021,43664,E
b6b9f197-5832-4416-93eb-0193b2e71d42,2021,1385488,E
68435e72-6cbe-4c0e-a9b5-44d280b43453,2021,13595,E
36b55453-bed7-4c16-989c-7ac82d8ff4b4,2021,106167,E
00466a57-66bd-4591-8366-4a6e0de38890,2021,103062,E
9abc8073-b3fb-4abf-9b56-24da47b53b92,2021,317,E
24747049-ce89-4cc4-8ec0-63b931026988,2021,13401,E
7c7f52cb-e607-40e9-bf4c-c3680dbeccf9,2021,18903,E
e5a510da-076e-4ac0-9fcb-e4b3c2c7fa72,2021,59122,E
9cb63660-7d4d-4510-baf1-13e19563fbfc,2021,9425,E
35c509f8-3a61-4252-aaa6-aeff5f1abe9a,2021,18584,E
8aade39d-490b-4f0d-95dc-af482d9d9ca1,2021,5000143,E
f6020591-78fb-4f29-96ef-929fbcd6870b,2021,43664,E
9efe4488-bc22-457a-b3bd-94ccb51dc631,2021,1047907,E
7a97b0ac-1379-4f33-93fc-a026c640b6d4,2021,59122,E
db642396-8d16-4783-bfd7-d9119582e051,2021,48205,E
0948a3d3-c03f-436d-98c8-26ff0a7dbf1d,2021,55777,E
3c1604d0-873b-4999-be8f-8e8d173cced1,2021,114616,E
f9bf5070-e2c2-4a44-b16c-de0f9c37eda0,2021,18584,E
660e95b0-3aa5-483d-acc8-fd15ec66b4ee,2021,13401,E
f3b30cd5-36ea-48b4-9c79-d17073ecb974,2021,118994,E
fbf3ee68-302f-47ad-8314-13b161f03e2f,2021,46377,E
7a7dca98-9e32-4f59-8dfb-120ab4af8e90,2021,1181115,E
0af80fde-9655-4ae4-a350-f0f496db3dd3,2021,1318224,E
05a4337b-b366-450c-8c2b-41c9bdc8e3f4,2021,18683,E
6ce4d67e-02ff-4166-8914-6916cfc43662,2021,108660,E
0bd14282-2947-42fe-b4d7-bc22876b60a2,2021,1103723,E
0bc2c5c5-9960-46c8-9cb0-f704d479c4c2,2021,107360,E
dfdf162d-e192-492b-8de2-1a88260e6cc4,2021,118994,E
a13a0634-7d8f-4015-b029-65bc00d07a27,2021,1283028,E
079c6ca3-01dd-437f-a84b-0683f071356a,2021,20030,E
26570c5f-9f84-42c8-8af2-124eb6818d20,2021,9414,E
798a41b7-f902-4f5e-b6cc-35d430969ddb,2021,10515,E
0d6a92e4-b167-4386-b5c0-11a2c88597b8,2021,1385942,E
5942b1af-21bb-4b7d-8f21-73ddd234e847,2021,1136142,E
9c734223-f4ef-496a-be42-c49cc0aaf2a9,2021,1283028,E
d0af7ed1-601b-444e-b496-f0191d9d8dec,2021,1322390,E
5d34b35f-d35d-43b1-b4f1-2c9ac4aea0b8,2021,106167,E
6cb2bca4-b253-4d27-914f-5d3427f598a8,2021,108660,E
db8ae766-73d0-4313-82bd-7ae77b01a5e2,2021,101942,E
16b03e6e-d4fc-4358-a25e-3695265d7bc2,2021,94762,E
82641fe8-5da8-4e8b-a002-04bd9bad4c82,2021,95175,E
c403256f-38a4-4933-9cef-70fecafb9f3f,2021,81210,E
9eb50e2e-2439-43c6-87bb-09622bd8f9b3,2021,1101244,E
35685110-6481-462d-a6d8-2db069d2aef7,2021,99406,E
45768cc6-1867-47d3-b0ca-01c6cda93196,2021,1118057,E
0fe047b5-457c-4d66-819c-846ead0b55ff,2021,94762,E
a974cf6e-f375-4b02-89d1-7b3026b0e4e0,2021,40343,E
aa173f7d-3bc1-480a-b239-b90817900779,2021,18584,E
0baa5d6f-d8bc-43d7-b8ff-1fb09529b9d8,2021,9414,E
9cfca6db-1921-4c79-9928-7cdc49771740,2021,1322390,E
cede67b5-9394-40a2-8326-aa0d07b027b6,2021,1385942,E
eb1d7779-a61f-4564-8a90-41249e6ccbd2,2021,1148708,E
fc46d864-7b88-450a-9154-7fc6b96068bb,2021,1136142,E
c77eca3d-1df9-41ce-bead-51d81714894b,2021,1136142,E
acd7afa9-3df0-4f86-9f86-fc627a3efd21,2021,94762,E
f1c451a5-6d72-4fe0-a05a-cdd014fb4622,2021,101830,E
22f67b2e-fe68-4c82-b131-201aa2ab8037,2021,47478,E
01979fad-a84e-4e4f-b78f-37d85c4cd03d,2021,59122,E
58c62e15-6feb-4f45-b30c-7953e80b8141,2021,1270596,E
75beb495-2845-4127-8ca4-c7864096429f,2021,18559,E
241ea17f-abbe-4ad5-856b-6178be530a88,2021,37862,E
794ee5d9-340b-4441-9c08-970557b23301,2021,98595,E
52711dea-9934-4b2e-88bf-758e50acd4c4,2021,1322665,E
ef07b062-0f64-43cf-90a9-599f8e101e45,2021,968,E
29e68bc8-1e1e-47b6-bbba-d89f2d20d64b,2021,101830,E
ff1a4ea1-ddb2-4fd8-9717-a7fab06d4268,2021,1306689,E
c8bb7793-9b8e-48dd-b305-7e027c1af517,2021,22047,E
95854e18-7123-422d-8c6c-ddfc58170b39,2021,94762,E
dfbf06c7-e457-40d2-b4c1-9c90fbada672,2021,103062,E
b577eb15-cce3-4853-99d1-42fbb5ccfc3c,2021,9425,E
039a0657-c37d-47db-9cac-d5eaeb1ff414,2021,108660,E
6eda0603-9069-4039-ac60-719187950868,2021,513,E
8c412c81-691d-43d6-be0d-b825e57f4bdf,2021,1283028,E
6d62d744-0b5e-4f6a-a405-a86a7bf60c2a,2021,1101244,E
7f7b2e9d-593e-4892-bb29-ced34a212283,2021,5000143,E
972d1c0f-24eb-422a-97b1-17fb036c14d3,2021,1103723,E
a2289ca3-375a-451e-bc6b-369c9cabc07c,2021,1190071,E
007c3a27-35f0-4db6-8df3-63570ee361ab,2021,1288839,E
76dbf5d2-7686-4571-a5cd-86ceb8ab914c,2021,48205,E
8fbf1add-059f-4826-a4b3-572a053c6b5b,2021,1322390,E
7392e80e-8af4-414c-8d27-7f388b363a98,2021,968,E
12d70f6e-51e4-4571-b3c4-10935c04b6a9,2021,968,E
65887039-2a1e-402f-b274-ee2ce2d65d2b,2021,317,E
883e5be1-1d94-4f12-b6d2-251e5e537a1e,2021,108660,E
92c6bca1-9ad1-4673-844a-3bd9df18edb4,2021,1265453,E
fce4f841-1c30-474b-890e-d646d333493e,2021,1288839,E
770570c2-8609-4426-bc19-9d2156872dd8,2021,87396,E
c3822782-d484-4a89-8ec2-a283481395cb,2021,1190071,E
1fc015fd-7a3f-4f46-a651-c17e59b306b3,2021,1101244,E
55477d54-f221-4b17-ae21-7869faed0d88,2021,106167,E
c5706a3d-94c6-4505-82c0-01af87fbfb5b,2021,1385942,E
70893688-de61-4cf6-80b2-ca51dc683b62,2021,9425,E
c3272a6b-2856-4516-9e34-bcab8792392b,2021,43664,E
55175242-da7a-4b6e-a189-7f7f6f1114f9,2021,118468,E
687e1afe-fc4c-4774-a20a-b71284d8966f,2021,9440,E
8f7545d5-37af-4349-9f2d-c72cce5eb79b,2021,19047,E
d8c52bec-92a5-4006-9851-c1859b5dbb44,2021,49054,E
c1184c5a-96b7-49c4-ba6c-1b4278ee7c21,2021,118420,E
b795f2b5-3195-4472-a375-b32c3e7ae194,2021,113455,E
acba2f42-eecc-4b3f-8c17-186082e5291c,2021,1322390,E
ee22caea-a4d3-4e57-99e1-6e9e45bb448b,2021,18671,E
f69b8aa9-ad2e-42b0-a9a0-d57802bfd0bf,2021,968,E
5bb5ebcc-982b-4a16-97dc-4f5c044cf8e2,2021,67601,E
13d7aa99-1e57-4b72-9ff9-f109a8037f9f,2021,106996,E
4eb9088e-a170-40fc-93ec-849b47e05be0,2021,1181115,E
f8ce3247-8d63-4787-ab90-412fa3e67acb,2021,1351760,E
40d1a544-9c3f-416b-a49e-aae6ea2d0136,2021,13595,E
75c711e2-63ce-4db3-9afd-8a0b679cd20e,2021,13446,E
5a72fca9-f638-43d1-9cc6-b5b25d1b5b6c,2021,49054,E
560943ce-abb3-4d99-91ee-419d4fd03bb4,2021,1102628,E
e63dbe8d-8ab9-45ff-b5b4-df80ce0978fe,2021,47478,E
dd8c8017-9da9-428f-95b9-4ca390528ca5,2021,13216,E
75d4cf25-e740-434c-a4db-056369922e3f,2021,1187671,E
f63c1101-1c9c-477e-a0f5-60b86ea0ad80,2021,107422,E
e495789f-63ed-4bfb-92cf-9dd3e43cd9c6,2021,98595,E
9b31968d-a0d6-47f8-8408-b2444c6ce667,2021,17898,E
3fa01b0d-c539-41eb-8089-6fb2cac0d305,2021,49054,E
1f7b9ce7-ead1-4aa5-a715-5aa788d28eae,2021,317,E
6a1f4e75-845f-480c-ac32-e70fd602b4c2,2021,18683,E
f817fc67-99ea-4ba2-b5a1-c43855bf31e8,2021,19042,E
f453359b-d40a-4848-b974-47fb7bc06c2c,2021,1267543,E
b17980c3-3be7-4b9d-8c0a-075c02c3ce04,2021,22047,E
d83810d4-c8e9-40d9-af2e-0d2b2ef27532,2021,106996,E
5614f39c-b025-4756-8b50-68e6738ca1c3,2021,1203177,E
8d852d8b-7d2f-479f-ae10-2b431bfa0755,2021,20756,E
632d0235-5c9f-4270-bd6a-8db73e709bf3,2021,106167,E
9af88f13-2139-4efe-bf4c-393d7686a562,2021,2209,E
30f6dae9-763b-4e35-8964-bae229eddf6c,2021,57606,E
a19eec2e-ce81-41a5-aeab-cf04560ba636,2021,13401,E
6c2e8525-752b-4bd9-b88c-5ac6d3c71af4,2021,90030,E
b2029e4b-fbd7-4449-a45f-b843d96c901d,2021,1136142,E
02651359-6227-4f23-86ad-40e071ddc0ad,2021,1427745,E
ce0f4a5c-fc71-4179-880f-53d9d034bc97,2021,1318224,E
3092cc47-9411-453b-b394-2c14aceec219,2021,67601,E
8e7e9af6-f954-47c9-a41d-94b8a0d50a6a,2021,1070485,E
9d4033b5-e6a8-4377-b98e-cb4450c9c92a,2021,116770,E
7b79345d-3c9f-4967-a7d0-c19fa2c844b7,2021,1181115,E
41c14597-1908-4419-bc4c-9dd4d001301c,2021,94762,E
f4886cc4-11ba-42ee-9c29-78914ebe2f15,2021,18683,E
e158e49e-6f06-466e-b36d-96f116de7abd,2021,1306689,E
3e19696b-20ae-4928-8742-c145d6231860,2021,1204325,E
51f781f0-fc4d-4384-bc21-859cc5df025b,2021,5000135,E
2f5ab36d-5836-4658-a7d9-3195a020d73d,2021,67601,E
a80dcf60-8e19-4917-b97c-4ae2cc9564d1,2021,19047,E
27315678-8abb-4aad-b504-5ffd30410060,2021,9425,E
fb6fe87b-e241-46d1-ac66-8cd775ae1b8b,2021,513,E
55c1b757-fcb2-451a-b68c-b789cac358fb,2021,1385488,E
9e1fcacf-d60c-4799-8175-b5ef42b93cdd,2021,1136142,E
fca26903-f553-4d4a-acde-7a8745ab1c74,2021,95017,E
37d16b10-885b-455e-8a61-a148fc006c20,2021,1299927,E
edfd60e4-aa7a-4a73-bc2e-ac626e974a05,2021,1272079,E
acc5461b-66b6-41f4-9d72-f23444a94caa,2021,317,E
b0f070a6-dc2b-4127-9b3e-c0abcf9622d5,2021,18584,E
056b802c-73da-4cc3-a2af-3ba6f7aeae55,2021,13216,E
da236b63-3cef-40ef-9dda-1fc3c7089edc,2021,5000143,E
e15c730b-3f3a-4a43-93e9-1976d61ea5df,2021,19047,E
e464ab73-b59a-40cd-bb7a-2ab95e1c6af3,2021,83388,E
7a519c37-a8b8-4be2-99a4-59041c3d3454,2021,113455,E
92f7b5fc-1f69-486e-8269-1eb9e6bffb58,2021,1181327,E
50cb7212-6fd5-43b8-8d81-c6b829cd8a75,2021,95017,E
d488b9db-93cd-45aa-bc75-39c2e66e38d8,2021,9414,E
8f1ddabb-f557-4d03-909a-80d2aabf62c9,2021,20239,E
4cc78947-3aeb-404a-933b-301668d432e6,2021,1101244,E
1821e33d-13e9-46a5-9c49-3951dccbcc52,2021,94762,E
bd7a5746-67a3-45ee-8ba8-50564e5cf48f,2021,103062,E
2d7ee9a2-6ffe-4e0b-80f3-7b632f5150d6,2021,94762,E
a3f8f051-79a7-45fa-b395-8dbcdb0f1749,2021,53333,E
9c1f1a5e-e0e0-4ced-a432-bd2e25a39095,2021,1376131,E
ce044900-b97e-4b3a-a5fa-8a596442851f,2021,40343,E
b78b80ea-ca84-4cf9-9a62-6bb94540470b,2021,11554,E
dfa5fcd2-a197-41f0-853b-d3e8e274351f,2021,11730,E
a64e3640-a825-4433-87e2-8553fa3be012,2021,1136142,E
95654264-8687-4cab-9d01-e50f103c9131,2021,1047907,E
6cf66871-cc30-4f13-be17-7a8459776c15,2021,13277,E
e904fbfb-8ba6-4a98-88ed-f1caf44d5942,2021,20030,E
df2e8f0e-9c4f-42a8-884c-3d5e041aad2f,2021,5000135,E
78586b9e-ef06-4471-a88b-95aaa93b6106,2021,1118057,E
7a5f5f1b-9e63-4ed3-8d3f-6552e85e0181,2021,43664,E
16697052-2f7e-45ab-890a-fc1f495ce357,2021,1161716,E
515b7497-bd03-4615-8b22-c85e48465057,2021,1385942,E
039c9e95-6295-4460-ad90-dff96421cac6,2021,13595,E
6b701690-88d6-42a7-9143-40e20fcff5f6,2021,1265453,E
ac62ac8d-2ee0-4a6e-ad16-8347bd2a931b,2021,19047,E
c83bb195-a026-4c9c-a82a-f65567782f04,2021,118994,E
d66da677-dbdc-426c-8324-d1419b36a89f,2021,53333,E
52a0354d-ddca-4b51-896b-59450a5e8f27,2021,1314243,E
d94a9e49-8abb-4f3d-aaa1-0e9f1014354f,2021,116770,E
8be5c1f8-48a4-46c8-8fad-463acc4d7de8,2021,1166783,E
d9dc5b3c-0978-49b0-a54b-1e8795b5d080,2021,1181115,E
c1facbf3-fab9-4c80-a1cb-61a610d1d461,2021,18584,E
974e03db-9f81-45ce-bf81-952be52ff06a,2021,1351760,E
6fe8de53-3996-4c7a-9f59-d2a6e1e6ba8e,2021,1288839,E
c006cce4-196f-4e14-8c6c-b3847ba7a23b,2021,107422,E
77d4c84f-acd8-4296-bf9d-c6abb611ed2e,2021,83388,E
f6f20d36-6bb7-4ac9-90fd-e614430590b7,2021,98013,E
c8d01e37-66e8-45d4-937b-b1f6a5ee1f37,2021,21464,E
9c728015-eb23-4423-8dc5-14d66d723a00,2021,91181,E
726cd1da-e0c8-4e1e-b83f-0ddb8f9f2be1,2021,2209,E
e63a7d29-2510-460d-9c8d-246e0f1a0f17,2021,19047,E
ff7cb96a-03c5-4ec9-8d66-f6663d242ad5,2021,95017,E
31bc93cf-cae5-477d-8fd0-fc7953a60284,2021,1315444,E
b7fb94c2-33fa-40e0-833c-f08362f1dac1,2021,101942,E
b35f8d97-5cf8-4d51-ab47-ad08cc4aad94,2021,10515,E
2f73477c-1ec2-4134-a074-1ae31431c30e,2021,968,E
1a1868cf-9745-4cba-86d7-339377e46071,2021,1376181,E
cd88f385-b13f-4532-a96d-3918b89f2615,2021,13277,E
8ce66620-ed97-40a6-8fa6-6ee6850b5ffc,2021,13277,E
9c6afc5e-2b45-4f89-aaf1-55cf92625d69,2021,41238,E
67dd4de2-3a1d-45a0-83aa-61711d4a27f6,2021,13277,E
1cd28c51-4324-4cf8-bcc2-b9d28d93bf05,2021,106996,E
e949f9c8-b4cc-4fcf-8879-625d2c9ad1d9,2021,106167,E
644a7b68-75f8-430a-a750-6c4f9789111b,2021,10515,E
75e40d29-468d-4f79-bdd9-4b80cc96c75b,2021,1190071,E
d932d992-16b1-4988-82ff-473ef011f035,2021,2209,E
9837ca3e-6d7f-4812-a5af-a8b95aa5f70a,2021,91181,E
d16322d1-e0ff-4dc4-bd5a-51836d037f54,2021,13401,E
517f40a1-dc15-4c91-91b4-5ddfea13e060,2021,1288839,E
9cba169e-c593-4088-8f75-6c7e93a1f9a4,2021,118420,E
abbfc22a-0b4c-42e4-9b30-8a0fe0dddcbf,2021,1427745,E
da144b0f-bcde-4da8-b074-8241fa9458cd,2021,58808,E
b331dd74-6e12-4ff9-a8db-1f96a20a6fea,2021,1376131,E
9cf3d907-2bff-4af7-a196-d02d7c1c88fd,2021,1166783,E
b5ed7bb1-d802-40f4-9984-0ecf61ac135f,2021,1118057,E
9f875a1c-95bc-4f9a-a0be-640ee18dddbd,2021,968,E
d160a3da-3630-47e1-8c81-7a4fd98eba69,2021,5000143,E
7c983a4e-fa33-4755-b569-2c2435289e1d,2021,1267543,E
a8c5659f-881c-41f9-a039-2604226b89e9,2021,1047907,E
978765eb-9626-4a67-aecb-905f4a550d8c,2021,1376181,E
fefdc9be-4799-4c1f-85ef-93d50eb842f8,2021,49071,E
188c0690-cfae-4f55-a855-46f1f9fdab1f,2021,113687,E
09a74c51-5ea6-42b8-8f09-0373e51c5f47,2021,18558,E
b44f734b-24f2-4496-a93f-0ee26105f891,2021,11730,E
37508545-ce58-465c-bdfd-97be190d3731,2021,1136142,E
3543156d-2647-468d-acc5-6d23606c5d1a,2021,90030,E
f37a2776-34b8-4c4e-aa0c-6bd3bf948bdd,2021,118420,E
9343e417-f850-444d-81f1-c2fc15add4c0,2021,1306689,E
ba196452-23a1-4680-b9e3-3c4df231869b,2021,51020,E
d0dd60c9-72b4-45e9-876e-d8835ed98b29,2021,114616,E
4cee4b7f-bc09-4c89-9093-0b762b486021,2021,101942,E
57560187-00c8-4a4b-801b-8c688b63e5dc,2021,49071,E
5a8129b6-7a5c-49f6-a9f9-8986773ab2e0,2021,13595,E
6c2a49e9-8c26-4b9f-bd4e-35c52e627789,2021,1132918,E
fad0a80b-7b99-43b0-aedf-747362efb1e6,2021,114616,E
32aaac31-4795-4503-9639-b084ba4017fe,2021,1322390,E
1143c0e8-2388-4915-aef9-bc070a4ced7d,2021,106167,E
71380ddc-6e7d-431c-ade9-9f02bd26b41b,2021,11452,E
efc35633-5f4e-45d2-8a17-f094bb043d54,2021,1047907,E
e89ff91a-52b8-486f-a41f-ea56b2f7254a,2021,2209,E
8aaec79e-4c3d-4703-97ab-431f999d1de2,2021,94762,E
b7f59001-61b3-48ba-b12c-246c23b1249c,2021,21464,E
bb7ad59e-422d-4a68-bb14-db2ea050f1e6,2021,47051,E
60b0327a-be47-4719-8458-eb8007c4ae6c,2021,1181327,E
b6d40918-9798-4cd4-98a1-3228c91280c7,2021,20030,E
bd72655e-834e-47ea-9732-2b484fb5d014,2021,1314243,E
56d7cf44-1fd2-496b-8caa-6a8d50c178a8,2021,1101244,E
4b69c29e-775d-425f-a2e0-fc0bf2793c56,2021,1330347,E
d1df81dc-bac6-45dd-b33f-de7d234fbd39,2021,47051,E
5e2b648f-f63c-4d27-b68c-461861c8d42d,2021,98013,E
4efcddc4-896d-4485-92e1-8aeca1b93c60,2021,1322665,E
c7d4e18a-61b3-4bfe-89e0-d648c070ff49,2021,68930,E
f2b4769e-bee6-476d-a015-5b464bf15557,2021,64664,E
81b93960-5de0-4114-ba2b-14a561d4fbbd,2021,104360,E
9d11d1dd-32fe-4045-a267-ed0af7d56a9f,2021,97778,E
c00bb14c-5a08-404a-85f9-0835bf0d65f0,2021,19047,E
d0d5a3cb-630a-4078-beae-69b518a491de,2021,51020,E
1d66ae29-4078-4530-9407-902ff8554b3a,2021,1385942,E
96e5d436-288f-4175-a0b6-c3215a8b0403,2021,5000143,E
5b167fe0-c8b8-4412-9d1d-133571bb5123,2021,106996,E
74988451-36f8-46b2-89f3-25affb0230a3,2021,107360,E
1b50ade9-a092-4dce-8936-f666d9f47957,2021,113687,E
a97b8aba-2b74-42b4-ac48-4a5feb371995,2021,108660,E
edbbc15f-2819-4177-a625-c5258f02b69f,2021,19042,E
8e29b4e7-18f4-421a-a0c5-a6bcab847e86,2021,1136142,E
c506cceb-893d-4cd2-ab3c-f50a416db88b,2021,1376181,E
80f2598c-8b6c-4d54-9737-59b28f09ac1d,2021,37862,E
e8d1f4fa-8e11-4018-8611-4c6149c9c6b8,2021,55777,E
65cfd36a-3e37-449e-9ca3-52b15cb5f4f1,2021,55777,E
9fef06fd-198b-4762-8f3b-21070b682ff2,2021,95175,E
377491f3-79d2-4c3f-8ff9-520815c4a9a2,2021,98595,E
bc12a88b-d5be-4733-bd77-641176d1e948,2021,1148708,E
6073d3ad-6d17-48a2-8724-eb0b5155b71f,2021,1181327,E
71b63ca1-5794-49e1-a07f-4aee47c85599,2021,107422,E
7366ad48-55b4-494e-8dcb-30503caebdb3,2021,59122,E
3d6286a8-55bf-4254-bd51-66d817f78ae0,2021,1204325,E
0d31534e-7ee6-4d0f-8f59-c54dbde14178,2021,114616,E
3d756fee-4fd5-46ee-9591-9fb84792bbe1,2021,108660,E
356ebca9-e7e5-4aa2-b63d-a59f849ecc0b,2021,5000143,E
fa44d646-ced7-48dd-8fdd-e38f4d6df6d2,2021,83388,E
e463cb4c-256e-478c-ad7d-867fda62ccfb,2021,56172,E
f571a54d-d263-4b67-a6db-5bee6e57aa29,2021,114616,E
5701845c-6777-4dab-94a7-876e3c930170,2021,114616,E
666c57fe-2def-451d-88c2-481ebde3fa80,2021,46377,E
1e3c2550-c183-4ed2-845a-1c9f668ef0cd,2021,968,E
ec5a6bca-46e3-4476-87e4-14c2728777dd,2021,18683,E
9b09513f-2e4e-4bec-9bf3-8aebecfde244,2021,62484,E
ba75a34b-f88f-4259-9ab1-cb51a6e21597,2021,1288839,E
aad32438-8132-4c38-9fb6-26d4a487d2ae,2021,1315444,E
ec02ef63-4431-48c1-84d8-a6278b0f1060,2021,106996,E
0a2c70b4-c117-4c85-9c0e-986c103267bd,2021,1190071,E
4b05c4a5-47a9-4743-bfb8-e7d278e2c609,2021,49071,E
c174f89e-1360-4ff5-81ea-dc9d35c634a1,2021,103062,E
21e453e4-89b7-473e-9cf0-1db72c78ce9d,2021,1118057,E
57da2051-49e2-464f-a20a-07dfef66fa75,2021,968,E
a1f9cbec-09c7-44d2-9002-4c11b49593a7,2021,1136142,E
eacb5e18-4a39-4535-af6c-46292d221223,2021,53333,E
2ca71738-9f71-461c-93cd-1966da18d22f,2021,113687,E
d91b927d-23ef-4d85-87e6-230cc015d839,2021,97443,E
0a06cde7-31d0-4c9c-966a-44187064f70a,2021,1300429,E
89cc97a8-c7b1-4e46-a0c7-e205a04d02ac,2021,98764,E
7852ca8e-c5ee-4514-bf20-b317769fb5bf,2021,47069,E
060dbbe4-f44b-4a83-af3b-2cc7a102524c,2021,1181327,E
6d2b7de7-a938-4b5f-945c-87fe4c607b62,2021,1132918,E
0fd8da35-01ea-4214-bdc9-9139ccc507ec,2021,97443,E
e7a050b7-bafd-46b0-8092-1340d08bfcee,2021,1108692,E
9323a732-192e-4fa8-8f02-5a087e541fb1,2021,64664,E
0437a5ad-2abd-4fdd-9e9c-205d55219d95,2021,5000135,E
1f6fdc56-c833-4113-890c-9d723809af29,2021,317,E
cfcff988-db27-40fb-a8e0-fb377d351191,2021,73140,E
9e59d8c5-5dea-4243-8d72-139a24fd9e2d,2021,21464,E
d6772c60-3867-4835-9036-7bd8f769b3fc,2021,1190071,E
72471379-cf79-4c0f-9e2a-32a68eeb22e9,2021,11730,E
bc4c1be2-d1c1-4c51-91f9-7a40aaad40a7,2021,1136142,E
d40c16cf-6cd8-4241-ae72-d6bf94eb151f,2021,1136142,E
079c8004-506d-4b78-b2be-79f0148c9f8a,2021,118420,E
36953846-0452-4f2d-b3d9-a9cc288738b4,2021,47478,E
d5bbec53-9874-48bf-8f89-f4285440604e,2021,1283028,E
2e09644d-5550-4fa4-91bd-5d0daacae324,2021,48205,E
d67f9276-0f3f-4cf0-a7b5-d0ca5f9e8ebe,2021,1314243,E
b7d1d5cb-d1b1-4c6d-8a56-ac95875521f6,2021,98595,E
6c7a8ef9-88ac-462a-8618-e87ab75cbf56,2021,1101244,E
c41cdb61-0dde-4653-bc67-2cf609e5765f,2021,5000135,E
b1c3e0e3-4d6a-4158-8706-34837b17dcbf,2021,5000143,E
b26ab6c5-8ddb-4934-b23c-62cef22fc0e9,2021,1288002,E
6e1d78f0-9d02-4466-8644-1f885d937e8e,2021,118468,E
9efcc4e6-3721-4f98-82f1-8c26f10494f5,2021,98595,E
251dc28a-3701-484d-946c-2b09723de09a,2021,1318224,E
68dc6715-5f09-4219-9bb3-7c97ab53f951,2021,48675,E
9ba82571-95ff-4048-8e0a-8b02019286e2,2021,98957,E
30c8b39b-2cfb-458a-8254-f4b1ade9756b,2021,86326,E
bfa30c41-ccc7-4a8a-adcb-ce16f9fe771c,2021,13277,E
79ce6282-53c0-4cdd-b916-835d872edbd1,2021,1314243,E
b5433eb3-e6c2-4ba6-bbc7-2a13f5147a79,2021,9440,E
36b8650b-8f42-4a1f-96ea-8eb2ae381812,2021,1032473,E
478985fc-e86a-4451-aaa1-7e248111f296,2021,118994,E
6c6d2655-e323-4f47-a391-8a6db580c82c,2021,74737,E
3a766fa2-e20d-49b1-be5e-0f05e75b5006,2021,56172,E
b9b2d51d-bcfc-4205-8b5f-16d90569cd8f,2021,91181,E
4542e95e-8ab2-419e-921a-b596630dc19f,2021,5000135,E
c1eae840-66bd-41d8-89d5-d3b47ef507a3,2021,55777,E
083acfaa-73a4-4416-8a25-cb44ead2dd4d,2021,101942,E
a3d75945-1fb3-4bc7-94fd-d34ffa711195,2021,47051,E
cc07e32d-8d63-4307-8b5e-1d787197545f,2021,49054,E
25750138-4915-4e63-b1c7-abebfa848d95,2021,53333,E
4f69a220-99d4-4ee6-bc08-a81e36a7ea20,2021,20756,E
d89d24c5-531e-4ca5-bb8f-3ee358a8ac1e,2021,106167,E
d98d5f97-4db0-4dce-b53d-7508cec3144f,2021,1267543,E
4fcc25f7-2093-49ce-98d2-f1b3a0a9ea28,2021,1190071,E
ebac6fc7-80f7-4130-86ce-e229819697cd,2021,107360,E
d32ad767-bc6f-4dd9-aa67-082d74464ee4,2021,99820,E
51f39f24-73aa-4e77-81e8-cd99b545797e,2021,1108692,E
0340aac8-fc20-401b-ac9e-68c7d8546b14,2021,73519,E
8d6716fb-b4c1-480d-afbc-f8c3e2dfdee0,2021,1161716,E
2c0ba19b-1572-4486-8074-6c58d48bbc5d,2021,104360,E
2dfa9b28-f359-44fb-a946-19e6cbb7a0fa,2021,101942,E
e87c6696-7d4c-454d-8b24-8b1bffaaf23a,2021,5000143,E
e763389a-aef2-44db-9d70-a55f5ded0800,2021,19047,E
c03b9a5f-cfd2-4542-9e9c-e848ca6ccf39,2021,1136142,E
acccde90-1d2d-4d98-829d-f464854ddf00,2021,98595,E
96089d00-53f8-4268-9e78-6ae514dfd505,2021,1190071,E
5362e007-397b-4ad1-8ed5-2a411a0073f0,2021,1181115,E
ed616e0f-3c57-487a-b487-90cedd9c52b8,2021,108660,E
212d13c8-a104-45ee-906f-9059731d602e,2021,108660,E
653c6a11-99e8-4122-9cd7-4f7ed7b32496,2021,13277,E
6e3f1165-fe68-4da0-8140-a58bd0d74839,2021,9414,E
3c224a10-ea4f-442f-900d-44712745acfd,2021,5000135,E
f9ed3117-c980-4a58-8075-3dfd4da05716,2021,1190071,E
2b0922cb-d683-4126-b33d-a6661fd7a5f3,2021,94762,E
ccc170de-7d7c-430d-8a92-6d5d80aeccd3,2021,102590,E
cad40bad-e2f9-486a-bdf7-3fd4305fae84,2021,13595,E
cde5827d-ef91-48e8-a7a0-fc624e1d7a66,2021,49054,E
658d2c3e-f422-4afd-b2d8-f771bacd64ed,2021,1136142,E
27456aaf-853d-4717-bf7b-60eee3709be0,2021,101830,E
6333679c-8278-4e67-8242-4f7db421ac6f,2021,98595,E
b75519b5-7bc5-4f91-83ae-50f30ea6989f,2021,116770,E
d58730ed-98d5-4261-a3a6-fd9e81ad27a6,2021,11730,E
0e7e10d2-0890-431a-8e03-c9d6076bc068,2021,1267543,E
113da1bd-3843-4403-a01e-a6af6e004f2c,2021,13980,E
bf7089c4-7dca-4034-a4b8-a38b93831197,2021,2209,E
62ffdbbd-8c5e-4c1e-b20b-71b37bb62e2f,2021,1385488,E
de8eddaa-6aea-4533-93f2-3665ffd11f35,2021,47051,E
01b5ef72-46cf-435c-a37a-162c0edab670,2021,513,E
1cbfdeb9-9a29-4271-b1ce-a960b179a2e7,2021,13446,E
b3b08f38-fda6-4d7a-be8e-1b43a96c45aa,2021,18903,E
5b79a733-21d0-4359-8528-6e778fc6f730,2021,57612,E
a60a84ea-0c6f-4a1f-b887-504b9231fa26,2021,95175,E
9d325991-6a16-4972-8a25-6ec362a27619,2021,64664,E
ed18fd0b-d004-4766-b3e3-ce9bc7c04093,2021,113687,E
ad81d16e-ee5b-4342-9cbb-56b270b1e773,2021,513,E
7b24affc-4a34-41d3-bd56-30cbd15ef9f2,2021,2209,E
fd01b1be-0371-4ffa-a07d-45e4ca792a8d,2021,47051,E
8956050e-ac74-4c1f-9019-7a27c5fdee38,2021,1132918,E
7a7b4e7e-755f-4024-b7ff-136c41530e00,2021,1283028,E
7f8005ea-5001-4be3-bf70-4fcc2cdd903a,2021,1272079,E
9b09226b-5975-4563-af3c-a9a1cc47501c,2021,317,E
6531b151-e81d-4caa-bf2b-e2ae936f61b4,2021,67092,E
311d724c-c940-4759-93a1-0508a41c0541,2021,1102628,E
91c0b733-7b84-4731-9985-5f5e88b722c8,2021,94762,E
0d69e65c-3870-4613-9e96-4aa623752470,2021,95017,E
593179cd-a422-4b9b-bb0c-3f98ad0dcf97,2021,20030,E
7e720db2-d21e-421d-ab60-acb81c9be526,2021,1181115,E
b6aa1d99-26ea-423b-a894-9cfe713e28c8,2021,40343,E
422a75e3-922b-4d9d-abe9-508c3c897493,2021,1190145,E
ab00ef8d-25ef-4417-93f2-cdee620c64cd,2021,99820,E
2e48e63f-a30a-40ba-b967-6d379a4d96d4,2021,13216,E
2e5f4a96-bc7f-4800-bc36-39ac1503b813,2021,1267543,E
5912cf9d-fb18-4fa7-bfab-e1c7e4d5ddf3,2021,47051,E
bc506b7d-aaa4-453b-82e3-f6aceff5952a,2021,19047,E
ae574994-f6f8-4363-8b85-c2bff0f900e1,2021,1136142,E
81bad42b-21eb-47c1-8adc-f0c3da967d0f,2021,13277,E
f29a0c64-4b1d-4c0c-a0e3-78949134ef4b,2021,98595,E
f50821e9-c50f-4a4b-b965-ec2d4f1a204c,2021,114616,E
085b995c-0a96-4f7f-b50b-7428f33be191,2021,1422296,E
147cd463-e383-4d0d-b99a-8f77c0e47f2c,2021,1288839,E
fa5162cb-74fb-44e0-a5ca-1c9897fb172e,2021,91181,E
8d961ff4-00d4-44ed-9f94-4df40c98eb05,2021,116770,E
1d5e8903-82cd-4202-b6d6-1af27ed488f1,2021,13980,E
567c09f6-168c-4731-958d-0dee3507e870,2021,47478,E
c90a1a0f-b613-4eca-8e9d-a69de0527b4d,2021,112086,E
bd948d6a-d90a-4f37-966b-e824af174314,2021,107360,E
072d2d06-cd39-48a3-a71c-3a4e39e3efbf,2021,49054,E
ca1b1887-f360-4152-82bc-72b2c90dd712,2021,64664,E
30bc141b-de0e-4d3f-90ab-66e442c7b6c3,2021,51020,E
bf9141ff-6e40-434b-af53-2a5f5c31f691,2021,1267543,E
ab045679-d0cb-4e91-b040-9ba95fd04161,2021,13446,E
128cb538-3d67-42c0-86b6-1c25eff62bfe,2021,1102628,E
f5764e67-78a5-430d-973e-7b497e3c0e31,2021,1299927,E
3bede98d-6b44-4704-a6ce-094c7907162f,2021,98013,E
7a13d655-9b69-4430-8069-22012bf7bcae,2021,1314243,E
3bef01e2-2577-481b-9336-d13fbc571069,2021,113813,E
04d6c1cd-3636-42b3-8938-99611a902261,2021,98764,E
9e143b68-e217-4793-ae52-2f7f3e9b378e,2021,317,E
aefdabd5-0c11-4d47-9e5c-f2f216bff0ab,2021,968,E
d06cc546-75de-4ce6-823b-2e08c6c47be8,2021,40343,E
29284f9a-bffc-4211-8945-e5e9d3c09607,2021,1265453,E
9c7c2e07-a484-4d8f-b18b-85187f1986d8,2021,118420,E
fa913fba-4f2e-40bc-af08-43ed546650fc,2021,1288839,E
f9012b47-a2f8-446e-a7e4-b161b89226ff,2021,5000135,E
1d01dcde-c266-449a-94da-e6f11ab9f148,2021,1136142,E
7e9e2b44-3d56-4f7e-9d07-fa1bd0167647,2021,1181327,E
0e4e7878-b963-4ec6-8037-e8f8e8d86b0a,2021,94762,E
dcaf5a07-d019-4d85-9f76-dcd68e03770b,2021,1376181,E
705d30d0-813b-4ac0-8da0-9cfa22b13e7b,2021,5000135,E
ca4c601c-6482-474c-ab62-3ce07037f218,2021,317,E
d5d29f55-b75a-4235-a48d-a3808781285f,2021,95017,E
a96889e8-fd90-44d2-b7ad-85af7c9eedb9,2021,1103723,E
28bda0fa-4077-4eac-91d3-0f7c44f9aa59,2021,18903,E
2661bb1c-cac0-47b5-9237-f9211cf7fdef,2021,13277,E
187a0515-2b89-42c6-a1b9-f015c028708e,2021,87396,E
53413ad8-9504-47e4-b483-f4f0c28eba57,2021,91181,E
c2eae4b2-2f29-47a8-ac3d-b848189d72a8,2021,64664,E
336c07e1-72c1-4c84-85f7-a33a26d2dae5,2021,94762,E
03fa4d30-91f5-4afb-ba89-2b77f5761b20,2021,1103723,E
b6383084-cda4-45f8-ac54-9d8b688eff3b,2021,107422,E
79af69d7-c1f9-46ce-9ddf-1fa0fdd1187a,2021,117532,E
b10e36a1-85a1-40f7-88db-a79b707ba068,2021,1272079,E
6399143f-6463-4692-9cb9-4a709df66537,2021,13980,E
05fc4447-a6cd-45b0-8a83-c4f1ba220c04,2021,1318224,E
1bf783fa-28f1-498a-93a4-657c88a69460,2021,19047,E
d790fe50-51b2-495f-b1d6-b66f6b3006c5,2021,97778,E
b148da60-1edc-446b-85bc-dc2a406ed755,2021,5000143,E
be69e228-b26c-4f01-ae74-ba73b683184f,2021,13401,E
c8e37542-a802-4bf5-8e15-71ce1f15e5be,2021,83388,E
0716ef69-8145-4639-8584-2b1ee7239b0b,2021,1047907,E
02c63530-8346-4009-a831-7d04ec61aaf4,2021,20030,E
0da99c7c-fdc7-4e13-8039-222838096e38,2021,98595,E
f4e7d736-d284-4184-9aa3-0ef5e740e2cb,2021,106996,E
f7aaf1e3-14f5-483d-82b9-c10035645661,2021,1166783,E
61f84354-d24e-42bd-a835-fa2f0cc9ced5,2021,90030,E
657e64ed-67b3-4dee-917d-9ab64c8d85c1,2021,18683,E
cf930bb4-32b2-44e3-88ff-d3358eaeb626,2021,13595,E
0e4946c2-ef29-49f7-829e-0664c73a96d5,2021,95017,E
09cd0fe5-85cc-4906-a0f2-ef83934f5997,2021,1108692,E
0090f966-d9ab-4cfc-a41a-1c7441821a55,2021,116770,E
355542ff-3f12-40d1-9fd6-9a2e6e8801f3,2021,103062,E
9c10f8fc-d24e-461e-a5db-37b0257c413d,2021,19047,E
bdba2533-8aed-4190-a12f-1489ca1dd0e7,2021,13401,E
26528b3b-b91c-4d30-b465-40c5e3562847,2021,107360,E
a1f2bb7b-92b5-4615-8aba-b37e3ccf64d6,2021,1306689,E
dbc0f1bf-0ad4-4326-b8d4-d0464cc3d703,2021,1322665,E
2293234e-7ed8-413c-9094-856602148f78,2021,113687,E
108ccef2-27a8-40cc-91a7-cfabc80793d3,2021,13216,E
f2825458-73d5-4321-bc29-f48d5460f413,2021,11730,E
bd110b38-eddd-4eef-9853-16b0fc4b6c27,2021,1148708,E
2782b7c2-9b47-483e-b663-6b55d39e3e92,2021,1136142,E
5b749cb9-68bc-4680-8961-e2db94e1786c,2021,90030,E
e6ca99f6-9a0c-46a1-87b2-3f353e9629d6,2021,1102628,E
2cfc6a4e-2781-42e8-ba1c-92f70ecbafe8,2021,1204325,E
9e8a944a-20b9-4ceb-b0ad-6863352e1402,2021,1204325,E
dc99492a-b47f-419d-80c6-645d77b2f3ae,2021,99820,E
e8dfee43-1fcf-4b31-b457-3d69ca4265c0,2021,18683,E
eea34f12-53cf-48f9-a151-a3f100a2838f,2021,62484,E
c905b9c5-f08a-42d7-b3ff-d9525507fa42,2021,1148708,E
3e6457f6-5058-44a8-a5e9-d0c2ec9f12c6,2021,19047,E
a093798c-ac24-41f4-8652-765ccce490a9,2021,1376181,E
8097d7fc-e896-4d03-906c-7a9801b96724,2021,1272079,E
8aded73e-af50-46d3-9608-e30bc76740d6,2021,1190071,E
d1b113ed-c300-4633-a442-4662f9fe0097,2021,12313,E
21d8369a-7ebf-4e07-961e-bdad44570f54,2021,113687,E
05d9b21c-1f6c-47bb-9492-31fc8b0d39b7,2021,112086,E
8248bec0-497f-4eb1-ba04-35d5a7e187e5,2021,1288839,E
f9f423ac-2377-4e5b-9e0a-b3238f03916a,2021,1376181,E
144a22db-c379-461d-927d-ab923fda163e,2021,1101244,E
6f0f709d-60dc-4199-b9b3-d9f113925a2b,2021,18584,E
32cd5310-1f18-4a7f-a14c-bd20bc04a831,2021,13277,E
9ad2dc82-4029-4a6a-9c7b-7d0f4b411ed4,2021,22047,E
fdbe4862-46a8-4004-b8ba-a6f79a27543c,2021,118994,E
23096cf4-bfc0-4241-b1b1-1e0ce0ca89eb,2021,1190071,E
fe27022b-226e-47a3-9a4e-2d66ad66ded1,2021,13980,E
1e1e25ff-7f60-403b-aea3-d54ab627ab77,2021,1118057,E
e4bebe7b-8756-4418-aa44-2cedb5d6356f,2021,50082,E
6ebf4d58-bf53-4315-b5a7-aed65eaa205a,2021,18584,E
fad1c2cb-c9f9-451f-9ed1-c3fad6683d45,2021,86326,E
38510b38-3fc5-4e7f-8cce-a926d940f4ce,2021,1181327,E
d0ace634-cfef-4a47-8ee5-741f909f2f41,2021,98595,E
4f114fbd-3516-4695-b252-8848bcc03162,2021,20239,E
0f912df7-2659-4460-a4e5-ba62bdffa78b,2021,1101244,E
bc4e84e1-2bd8-40d7-a7b4-b09794c0b872,2021,1270596,E
6eb3e764-62cc-4e4d-99f9-5f4fa0dcf8d0,2021,13401,E
a8086edc-8f42-45ce-8b7b-f99ac723f78e,2021,90030,E
aacff684-f7e1-428f-81f7-46c23f5ff199,2021,5000143,E
95ac1e26-af40-43a9-bb86-39a5bc580c10,2021,13446,E
e1fa0e70-770a-4a0c-a09d-fa6d6bd1c9e8,2021,2209,E
1601970f-463d-47fb-a6d1-c3f090ecf480,2021,2209,E
32a98e9e-8a4b-4a90-b852-c27d18cbc7df,2021,49054,E
4e52a88b-800d-4ea3-999e-e9e3c973c2ac,2021,1385488,E
053ac84e-5a80-4076-91f5-723b790562c4,2021,13595,E
41765682-6639-445a-aa2c-0376bbe0a3ee,2021,83388,E
f6432f6c-6f5a-4070-bc9f-d678a6b39c91,2021,13277,E
8dc7f045-ce78-4413-9419-c96552a335d6,2021,5000135,E
633d93b4-5e22-474a-8a43-999151eea46f,2021,11452,E
333fc265-9aaa-4fc3-9c77-b78da2799697,2021,2209,E
c5cf052c-44db-44a1-8194-2d1e1390ea69,2021,88084,E
e289fbde-adb3-4079-88cb-d2f54165bf09,2021,1351760,E
0c0542f4-f0b4-43b6-af71-2263b4d79fde,2021,13446,E
896136b7-18a8-42d1-a35b-9878c3d24bb7,2021,1148708,E
b79246be-50ea-4432-b09c-186b64ea9452,2021,1136142,E
6f88eb3d-e9db-49f1-9649-16c350a9e1ea,2021,1136142,E
f0c3e75c-edfb-4bf6-9f1c-c97865649e83,2021,5000135,E
05b43255-31f9-4338-8971-8497512b8c8c,2021,68930,E
c8582740-a3d6-440f-a953-861849b753ba,2021,317,E
762b7f3c-f857-44e1-9aca-76b644e314f5,2021,19042,E
ec3ffbb0-a612-4c32-8a3e-52935094815f,2021,1136142,E
42042af8-9003-4dca-9300-033cb227c868,2021,1136142,E
9322d077-36d1-4ab6-a597-dc7516aa3fa8,2021,37862,E
a102388d-9121-41ea-be1c-b7e663356167,2021,1300429,E
a4b194a8-14c3-4788-99a6-70d0b99af6a6,2021,1533190,E
d91f7b8d-2727-4efe-b06a-7c1710871c3c,2021,1322390,E
07d3a197-1042-4101-aabc-22f2be9066a6,2021,46377,E
ea97eaba-0bcf-4039-b0d8-304b09b5176c,2021,54934,E
b0ef7d20-dca0-4c8f-aa98-6798eaec238b,2021,50981,E
1db84875-3660-402c-8198-9cb9b09f8153,2021,47051,E
7962409c-a67e-49b2-b03f-6d3f6cd46daf,2021,1136142,E
b51716d5-6012-42eb-aab7-eaba9a8d6fe6,2021,107360,E
26b326e1-b14a-4cb5-9870-15579973ecc3,2021,9414,E
a466ff20-1f71-433c-ba76-091b3a48e5b5,2021,5000135,E
f5560afe-9611-4c36-a9d1-68d06c660289,2021,64664,E
8438c226-2f38-4d7b-a08b-a48f6bfb51e0,2021,116770,E
58648119-ac7b-4c11-8b15-79e7bc71345f,2021,1166783,E
e9cf1a7b-59d3-4610-bf57-94f59a1fcb6c,2021,73140,E
6b27bf47-25b4-47d2-a99d-ec9808a127f0,2021,98305,E
1d3c3979-84af-4a25-b37f-1398ec683ff3,2021,13401,E
743e8a7b-7c3e-4296-b809-774f42ba126a,2021,13595,E
065f5f28-d192-45a3-bd44-12f22d4c6714,2021,1265453,E
e79e3a44-dcc3-4a25-87c6-1a8f0964483a,2021,13446,E
9bc9a46b-f915-4613-8c58-194dabfa5c8e,2021,1102628,E
ecefb98e-383a-49f0-ba24-6e8ef9d765ea,2021,1181327,E
9d02193c-9f72-49dd-97bf-7bb137c03fdd,2021,47505,E
92f6542d-97de-42b1-99fb-e8cddac1bb37,2021,98595,E
d680f423-f2e7-489c-ae8d-15f79e032976,2021,95175,E
bb958eed-a425-4adf-8f43-ec2ee18e376a,2021,13401,E
4c3482ce-d7ea-49a7-a205-20122ecf2564,2021,1376181,E
c6f08214-84ee-4334-9aa7-e8b327f3a0e3,2021,95175,E
3416ca9e-e1a9-4cc9-8178-131c30e1aa2c,2021,95175,E
077aa8cb-1587-4c64-ba80-c37bf00a1d6e,2021,317,E
cc72ea5f-0ca4-48ae-adc1-2579f27e6a8f,2021,1288002,E
d9518f23-2f16-4750-a892-7f0c85594656,2021,67601,E
5e75f633-5070-40b4-9597-4b0563fa0eef,2021,18584,E
1db31468-ace2-4b06-9b4e-7ba35b1b7bad,2021,118468,E
830360e2-f09b-4189-b84b-e8cdf5234352,2021,19047,E
51ef4429-6e12-4f65-b68a-fcad6c75fb54,2021,13401,E
a8359791-6b2c-4be9-9d4f-fa27796762a2,2021,1204325,E
eee8bedd-d786-41f9-b299-0605a4a889aa,2021,9414,E
49ad0b20-84cc-4d01-8f45-13abb77886f4,2021,58808,E
9ac6d6f6-2a36-4250-a77c-d5397b19bcb3,2021,64664,E
6c35bea3-706d-4dc7-af5a-bd800793e36b,2021,94762,E
aa736d5b-3ffd-4a48-9df1-995c0d00de4b,2021,18683,E
7a58fbd9-00e9-4ad6-a379-a45c72a1755d,2021,18584,E
0421b418-5161-450f-b7c2-5c6291fb5ce1,2021,513,E
1a8feaac-c3e4-47ef-8118-36f62769188a,2021,11730,E
0856e53f-fb47-4085-a88c-bc5fd24c2551,2021,1136142,E
5b3832f7-1e9f-42fc-ba40-01dbed2f4337,2021,1314243,E
c4345b94-6468-4797-8b0b-9ebf13f1b788,2021,64664,E
6caf41ff-4d65-4e4b-b159-4de31e6123ca,2021,108660,E
ee4e21d7-848d-4cce-8187-87110284c5cc,2021,55402,E
b089936e-9e90-4845-806d-0dcafd883ed9,2021,5000143,E
704fbde8-45b5-433f-9d53-100a598c2cc5,2021,1136142,E
0065f9f1-fbcc-4d59-974d-8646b8570101,2021,113813,E
c063e211-5780-4092-8805-ab69474668c5,2021,94762,E
eb48691f-d35a-4424-ac3b-d788972061f9,2021,1102628,E
f15273dc-63c1-4b73-8b28-3134739a29e2,2021,5000135,E
63689e4e-7003-4712-8d6b-097a6b98ff23,2021,1269545,E
820754df-af35-43c2-993b-82e8875abada,2021,13446,E
fcd8c2ab-3d75-41d0-98a8-233673014304,2021,62484,E
4177479c-23c5-4b66-bd88-8b7976d80233,2021,117022,E
a128a64e-88fd-4ccc-988a-8f787eed2533,2021,54934,E
48cd9d23-011e-4f43-a28b-179157b2d366,2021,5000143,E
4bda00e9-e84d-4aaa-81c0-e5615584d1d6,2021,21464,E
8021fc9f-de77-4d35-8623-b2a2625b5842,2021,1283028,E
68d56eb3-2960-416d-9f33-ea63cbda5b7e,2021,47505,E
3458ac62-5728-4cb5-978a-0cbab42d7368,2021,106167,E
e5160b4c-2e86-40b6-a3ba-b4885fdb7862,2021,18671,E
0f23cd39-6d1d-4828-b3c5-fcf852e2127c,2021,103062,E
76615938-e2a9-448e-9b19-404e2c1bb557,2021,103062,E
6ab9ddaa-7f57-43f7-bee3-dc3087acac67,2021,49054,E
31175578-f5de-4db3-b527-4c3927ef4cd6,2021,62484,E
6dc65ad8-5929-4094-bcfe-370adefa1a36,2021,13401,E
00a19cab-447e-4832-875b-e81b3e13ffcb,2021,13446,E
c069af7a-2d7d-49c3-86a6-eaec48c88efb,2021,49054,E
9916722c-81f1-4424-8bc1-1c1f8b3e34be,2021,1376181,E
a39211d6-904c-4731-a1d3-589a0e507ffa,2021,22047,E
4117ecce-359c-4260-8242-efff6a2043ec,2021,1314243,E
3b7211c6-28d2-4526-8240-a3aca5c4a46b,2021,117532,E
674fca54-a8a9-4aaf-9375-0f52633633ba,2021,1272079,E
c45cea85-2556-48a7-a1a5-f7fd7bb8628a,2021,1139692,E
20932c95-d8e0-4b09-8ec7-751e0840ea43,2021,107360,E
1ec981fd-0e45-4ac7-85c2-530bdb74fc9e,2021,9440,E
22322741-16c1-4b9e-b07b-0a022e43fb65,2021,1136142,E
5dc927b3-4f84-40d0-a2c9-23edab0b902b,2021,95017,E
3ac8517c-ad5e-4489-9e80-84a83f1b4e4d,2021,1118057,E
a410d54f-fd48-4efb-be4b-45c8cc9199e7,2021,317,E
3cc50670-703c-4be3-8b1d-6566f249c0b6,2021,108660,E
d7e02ae5-640e-440e-b7dd-7f080d30b53e,2021,47069,E
36669c34-ff69-4329-9dc4-d7aff7047480,2021,1288002,E
a5361581-26e7-45a1-83c8-e71b509ef1b8,2021,41238,E
e83dd5b1-d1b7-4862-bcb9-08c2dfa2590c,2021,90030,E
6a5816d1-d2d0-42f8-8f16-0fd924ebb134,2021,1070485,E
defcaa46-6e4e-4402-bac9-0781eed8f08b,2021,48205,E
92592fe9-980e-4788-b0b1-bb7e92c18cdc,2021,47505,E
c8da4cfe-5755-4cc9-9261-978f939c4956,2021,43664,E
b87b6d44-d917-495a-bb90-9004f72bce64,2021,18584,E
7070f516-f044-40d2-9a80-35c758f1f701,2021,112086,E
e4ae36e7-32af-41ba-bb6e-d7aa15a7cb91,2021,86326,E
36ab5cf2-c3e5-44ee-8d4c-df2e084a0be4,2021,118468,E
680c38aa-10bc-4905-b2ea-a265ef9d7b92,2021,98013,E
253e4069-6daf-44d5-813f-322e4caa92a5,2021,20030,E
94f94ca1-b1fa-4a6e-a010-fb6055942c58,2021,95175,E
131ac2d4-8ffe-4717-939c-fe0de505866c,2021,317,E
9b2dcecb-f7b8-4a27-874c-3bd91007bfb0,2021,1190071,E
7d304f86-fcf6-4788-bb0c-36a2b69333a1,2021,1427745,E
2d71273d-6b23-48ed-99ec-c10f816d3904,2021,18683,E
eb22c11e-3421-4d01-adb0-5f08de207691,2021,1330347,E
be467281-9124-4d49-a602-a19be828d8af,2021,67092,E
daec6b9d-9a1e-4ba7-bb77-8c21315dfc0f,2021,13595,E
14fc9608-e928-4dea-a438-4d3c7053031c,2021,41238,E
9d319592-be03-489b-9cab-5e8825816ceb,2021,83388,E
9577e62c-6177-4344-9c02-0733d60a001f,2021,1376131,E
b235299c-73ec-4ad8-bb8c-c1b21112afbe,2021,10515,E
68dbf892-0958-42f0-a3fe-aba73e802903,2021,50981,E
0ebad350-c15a-4d8d-843b-b64f8d43e79a,2021,1118057,E
be0c2593-3052-46e9-ab7b-517d3d393078,2021,1166783,E
e5736217-ed2b-445b-9fc7-aaf89248a23f,2021,5000143,E
96c5f4fe-e6f7-47d6-bd59-4bc572504a1b,2021,98305,E
3cf4dc48-d47a-4289-82b5-41a0c2bfd2ce,2021,67601,E
dc8fde05-cc18-48d0-8fc7-7840611ab8d7,2021,118468,E
860a535b-3254-40c5-932d-e5add6914fe7,2021,13446,E
7d5d8ad7-f495-4053-b201-ca7a80795e25,2021,1047907,E
b4866306-58ef-4450-8b96-54d2a9771667,2021,1376181,E
2c784c1d-e976-455c-9b10-09ab16fb5e0c,2021,1272079,E
493381b9-3b2f-4a67-8f03-7a5c3c14c00d,2021,1270596,E
d6cd7186-dd24-4f70-8cef-42c5c5fc0873,2021,99406,E
14d86d6f-0df2-4877-a375-632c49a8dc7f,2021,54934,E
9fdef091-083f-48c9-8ab2-f6a3e97962ff,2021,2209,E
2669c7fc-1b92-4272-8f88-3c4694b88660,2021,103062,E
0b3218d8-25c3-4d9c-a5b7-1a913b8965ee,2021,317,E
2fef89ce-1472-42d8-bd2c-890b502bedb9,2021,1103723,E
1d992ab8-8a4a-467a-86b8-0a776574d922,2021,13446,E
5759397b-b685-40d7-94b6-bec2cf106b01,2021,101830,E
fa309b7b-29ea-4f43-97fb-8bc572da2007,2021,99820,E
36e2b5ad-d13d-4982-ab1a-51ea73c5ea37,2021,64664,E
1c855405-854c-4cc5-bbd4-7cd86ba514fc,2021,1376131,E
94b08882-53ea-4322-8175-5f386f8d2779,2021,94762,E
49ecc0da-aff0-4517-a8ae-aa6c8631b254,2021,40343,E
a47e3c61-96e6-4eb9-8716-240ad545ebf0,2021,1187671,E
c725e93c-de17-4702-b09f-3cee5bb09c4b,2021,13595,E
872269fc-6ee5-4ed7-9f4a-f56e2e9fbdab,2021,13446,E
b622cb2e-7405-4f6f-9ba9-5823f140f27a,2021,88084,E
b83f245b-adc6-487b-92b7-f21a705580f5,2021,118994,E
9b1b7860-5527-4b4e-915e-4565b25dfa01,2021,1376181,E
671e177a-1dd3-42c6-84e7-ea9867fe8735,2021,95175,E
e064daf0-7de1-4126-8535-f5f47532c62b,2021,64664,E
d07f3904-f345-4b78-b770-3bee8f4323fa,2021,1166783,E
a7bc9090-3ac9-4be3-8a76-6ee2484890cb,2021,108660,E
4cd97c45-833a-43cd-b0dc-4e986e32fd87,2021,118420,E
cf3d8833-ef5d-45d9-8a86-08dcd500e6b1,2021,1108692,E
9f78d59a-7f88-400f-8532-03509d7784de,2021,20756,E
58a63667-c8ab-4c81-b624-1f4535f18fc5,2021,108660,E
bccca479-fad0-4129-85d0-857d3461ff34,2021,108660,E
0295f986-7665-46b6-9315-8678e38a2d58,2021,1190071,E
cb395077-dc04-416e-96ed-44b48932142f,2021,13401,E
4ac354df-4ae6-4841-8f9e-68463614b228,2021,118420,E
7e70b743-2502-48d5-992a-979a7e5597cc,2021,98013,E
86180b37-e6dc-4e8b-9bb7-5c845b1b6a65,2021,5000135,E
eefd1858-e7c6-4b77-88e2-37a3adf6b6cf,2021,64664,E
0a198b74-54c1-4224-9b4c-4a6ccf936be2,2021,18584,E
8fb802b0-7364-48b6-b45d-3eb6c780b874,2021,21464,E
cb15be30-19ef-4ef9-9217-a3efa9b50da1,2021,47051,E
ceee5043-06b1-486c-8c7c-8e2b8172f53c,2021,47051,E
0a472ef9-54e6-4529-923c-73328f2618ac,2021,1190071,E
90071141-ab4c-428a-98ff-ccf1efae9bdf,2021,13446,E
2a8fae13-018c-45da-98a3-4b0a00d2e809,2021,1136142,E
0d3744bc-1294-4b7b-be11-23e7884740e5,2021,106167,E
b0af55d5-ce90-471a-98ca-92a9c6449584,2021,94762,E
673022f1-84bd-415d-8aaf-c123a5b282c6,2021,50082,E
1ca7e4fe-5bf2-4f51-a722-561baf862f08,2021,103062,E
b83afa2a-bc45-46c6-b0b8-86bd42414a6a,2021,117022,E
72a1b53b-9083-41ab-abd1-de10cc7aeca1,2021,9425,E
84e4ce7c-6b81-4b52-a37f-b3728ca6e1d3,2021,83388,E
4e0a39e6-c7db-4b5a-ab2b-4f32829bee66,2021,90030,E
cef60dda-da7a-4f69-9773-bb35dd2e7520,2021,118420,E
4ce4e0ad-b1f1-4bf5-ad44-9bb87f4d66c1,2021,1181327,E
89b71aaf-fdd2-4495-a509-a1c99543d64e,2021,53331,E
1904c176-4b30-476f-9edd-9c9b94e854a5,2021,1118057,E
f13e4876-dc6e-4699-978f-4a934f195b3c,2021,10515,E
1a831fb4-f6ed-4690-8699-681e61d8f735,2021,49054,E
1b835250-8f70-4a84-8721-9b3b46873360,2021,18559,E
1aefd98e-a80c-4da2-881a-7e49dff20f3a,2021,13216,E
50be6d8e-e610-42ee-99f1-a62bb97365b9,2021,1269545,E
78b45145-a1eb-4527-834b-c38751c424d4,2021,47069,E
694e3d22-0894-4c31-95e0-df1ab9018e7b,2021,37862,E
580f3258-2dae-4a70-940e-eb684b2e6b97,2021,1314243,E
f5e4922c-bf1c-4300-8f9f-f2bc41cb8ddf,2021,1204325,E
32cb7202-a3a7-4722-8c1d-b39408458526,2021,47505,E
6389e37e-2c73-434f-aca6-adc2bc59a07d,2021,118420,E
1494be98-199d-4056-a621-b07d4c27e972,2021,56172,E
97fc74a1-e783-44fc-8e21-197fe82bc954,2021,106996,E
7425c55e-bc37-4e73-b323-5e4be5caafa1,2021,49071,E
93b2c0c0-8a35-428c-bedb-8e94ed7299cf,2021,1139692,E
2e9b6ed1-3242-424a-8553-5a17eb93ffd2,2021,1161716,E
f8399f37-8093-4312-a34c-2c0a08822d72,2021,1102628,E
333d1bf0-4ae0-4493-b98a-287188d2cb16,2021,62484,E
82e2c91b-f448-479b-adfc-ff42a233bc62,2021,98305,E
a0a305f4-a57a-46d3-bc81-68db99f65035,2021,107360,E
1cf325cb-c724-41c7-b4a7-fe6b38c34953,2021,13446,E
e5055238-c14c-4010-bf4e-d30c555b71f8,2021,94762,E
c1a02e33-5a76-484d-a920-915f4fde840f,2021,98595,E
26dbd31f-f880-400e-84c3-7e95b4bacc70,2021,1190071,E
2e1f692d-865b-4337-a7d7-651a4f21ed91,2021,116770,E
a80c4391-ac9d-4fad-a5b3-c900d87738f0,2021,54934,E
52e57341-2fdb-423f-a3c9-b70df3f7bf6b,2021,317,E
6662b315-0145-450f-8ff8-9435e42b48f5,2021,41238,E
e37eb536-9fdd-4d49-8b58-e883ba75d210,2021,1270596,E
721bac8e-2427-437a-baa1-8a5c773d9752,2021,116770,E
a87c0fc8-b33c-4192-b475-8a453b130cc2,2021,5000143,E
89d11c16-bab5-4ada-913c-3e50b3b93ed3,2021,19047,E
d4ae2720-6549-464a-a654-a0ce4a53eb33,2021,1136142,E
a134fdbc-e85e-48d0-979b-498739291e58,2021,1136142,E
f1ccd32b-6e78-4a6a-8aff-fa88eb4455af,2021,107360,E
18467225-7823-4eda-9b8e-86c36c1c03e3,2021,62484,E
9badfd18-da8c-4b42-b581-26fbc41e271b,2021,1314243,E
532aaa78-5e84-4827-bffc-d3651d004a81,2021,81210,E
2cfe18a3-3bff-4e60-8af3-deff10e48fda,2021,64664,E
b6b30b49-6bd8-418e-bdbf-4aad953bd7ef,2021,94762,E
c6c04942-af9c-416a-b2bb-c23d7e8ff3ef,2021,11452,E
12698387-9ab9-4c2f-8ce5-a12d41a5db62,2021,1351760,E
0394ee6a-9a7e-426e-bd4c-9c53c1b71f0e,2021,19047,E
cdb86e8e-260b-4a96-ad0e-ba978b462a88,2021,1136142,E
46f8774f-8be9-438e-93e3-1ea58301f44e,2021,98595,E
32026117-1358-483f-9d8a-411b06ed15e1,2021,11452,E
94208973-4b59-4d75-8071-625ef0d873e4,2021,19042,E
b5cd130e-39c6-4579-8be9-8d222e9d5239,2021,1102628,E
7f539df3-41af-4750-9a13-a3a779ad4537,2021,90030,E
849664af-9244-4b88-a273-19721d8616fd,2021,118420,E
4a83feb3-9bca-4108-896a-2d0bdfb50407,2021,1314243,E
fc2ca7b8-f2fb-491a-a06c-073f61dd4c51,2021,1101244,E
0e360d8d-c95a-4f65-b0d3-62ae02f13430,2021,64664,E
48226382-e117-4a39-905b-0c8dcc70d7b6,2021,11452,E
ce5facda-fb34-4653-a3c7-4ba22e4c24f9,2021,2209,E
662f2d96-4f49-4a69-acfa-06bea7b8dde8,2021,103062,E
7e5b7200-5509-4a12-9a3c-399c9017b964,2021,317,E
aeb6f159-bf38-4376-b35b-6ed995ffdf20,2021,317,E
8f6308a4-2602-4fe2-b789-49ddc22cad6d,2021,18559,E
be785909-4411-41fc-9fb1-5e47bb383c00,2021,99820,E
b1777d3f-d060-469b-a9ea-29c579374641,2021,9440,E
daa409c5-7029-4de9-8c28-ea8a364c74ae,2021,118420,E
cbc6a352-9462-4325-9642-85e328d59f92,2021,48205,E
634292c8-3839-482c-8651-0e1cb9cff486,2021,1300429,E
e6708385-5576-45cf-b55a-112b13343532,2021,5000135,E
531d2108-1d0c-4fad-9c1a-4076622d4460,2021,11452,E
1bf3ee0c-2f6c-4153-aa39-80f540b8ca44,2021,13446,E
7940af74-5540-46c1-8bbe-b12d8af57308,2021,51020,E
2b5b932b-8b06-41cd-a60c-0413f50ba4d1,2021,114616,E
e604a498-6fe1-4f4d-a04d-8af4789c0810,2021,5000135,E
acf8c324-4629-4e69-97ed-a784ab4f3c73,2021,317,E
1f9cac3b-107f-447a-97af-0573afcd761d,2021,18683,E
30d3d799-d32e-4ac6-a1b6-5574291e3c78,2021,18584,E
7d8e9cdd-5fb8-4b2e-818c-79e13e1bdea6,2021,41238,E
3c413770-7a16-463b-8ad7-94c0cb8a109a,2021,1102628,E
9737b304-d7db-4ee2-8536-81d342e89f0c,2021,1427745,E
a3db48bf-7071-4cd8-acc2-265fb73b0e9c,2021,1102628,E
66570b84-53e0-40fd-9ee4-9512fa8012ca,2021,13216,E
402312d8-0657-4d15-82c3-e318b4eca86f,2021,1427745,E
165cdf38-59ba-4af9-9423-c4d12900757b,2021,1322665,E
b4d74cdb-721f-4e76-ba18-6bc98f02404b,2021,1203177,E
5d0422df-1837-44d0-81c6-017bbe72be6f,2021,55777,E
c229aecd-1dc5-4fa7-a166-b45ba83d02c8,2021,13980,E
56e2e665-d451-4777-aa5b-46f582569869,2021,13980,E
6095a818-9a4e-40a8-a516-32d69135a049,2021,13595,E
597529a4-9712-407e-9d76-3267aabb69a9,2021,13595,E
1cca8cfa-9fda-4897-8d64-3937fd45a36e,2021,1101244,E
c71a10fa-fe23-40e5-b374-9d0584613a75,2021,11452,E
bf92f008-09fd-41eb-80f4-3a26264fc587,2021,11730,E
27487762-b8da-408a-9aff-d8a195e5e3e9,2021,118420,E
5cf6d9e9-63bb-469e-a702-181486f43338,2021,118420,E
2470d016-47e2-44ba-b542-0dae438e22f8,2021,20030,E
21b22eab-7d9e-4b45-b2e3-b69eba251d56,2021,1181115,E
3dec310a-3508-4996-aea4-b64009d57401,2021,317,E
3853cce2-d7f2-452a-b291-56aedc9d4346,2021,1288002,E
a988c063-763b-4815-b32b-851ccbaa0937,2021,13595,E
6224b95e-5611-4c4f-90f9-6b0f479d5f51,2021,13277,E
c63a7e29-adc6-4522-a575-22eecd406feb,2021,5000135,E
c901791f-3c42-4c80-8055-79863e675750,2021,1101244,E
a1c18abf-206f-4deb-a6d5-025aea6ce77b,2021,46377,E
c50869d5-85d0-4eb0-8088-dcdcd81270ae,2021,1181115,E
e6996689-4ce6-49cc-8bb8-1a14119acff6,2021,2209,E
d514c384-ac67-4933-81bd-42329d7850f8,2021,1102628,E
383cfd14-96ed-48be-a653-6211aa9cf074,2021,104360,E
abcceee5-936a-42f5-bbd4-416d2511465b,2021,50082,E
de20e294-ae53-4da3-9320-fbb8652c36c8,2021,1288839,E
21cfcf05-d678-413b-9068-796cbc04c0db,2021,118420,E
70f1f6ca-76e6-41bb-94c4-a69c917f2bc9,2021,113455,E
8100217f-b0c6-455d-bb5f-eb0fff73f7f0,2021,1322665,E
fc7c1ab8-b0ba-4f19-8798-a1c7702d912a,2021,1322390,E
aeb1f1b0-b333-48a1-aff3-26a40b9cad69,2021,1190071,E
fc50e221-8e09-4468-a34a-2d4570569040,2021,1330347,E
d9d60034-8409-488e-9ca2-8359feadc7a0,2021,18584,E
7010c7ce-10ad-4d72-9801-cfaceb737454,2021,5000143,E
eae33909-6fae-49cc-a1b6-dbc894ea8264,2021,13401,E
6fc74798-f6e2-4c0f-9838-40bf83ba9d45,2021,1136142,E
685d55e1-67a5-4c41-b052-e01f3e5956cb,2021,48675,E
04abb2f5-6802-44e0-8df7-7791e2f01c91,2021,13277,E
0c82f00d-43b9-4357-a788-9b0fe51232a3,2021,9414,E
3826f0e0-1df9-499d-a6fd-5b1d65507799,2021,97443,E
08df75ac-2d70-4f22-9c08-3ddae82d8cb6,2021,55777,E
419bb634-d2bd-46b7-81a9-6ccbd7c992cc,2021,1322665,E
e19bc048-a3b2-4ff6-97d6-1e20abd399c6,2021,99820,E
6af96c2e-f724-457e-a5de-a0b7080e9cf1,2021,47051,E
4967e946-0436-4270-a0b2-43221574becd,2021,18584,E
d3bc3bc7-0cec-41a0-a429-13a777fa6640,2021,1102628,E
7e771723-2dcb-4797-bcf4-065ffc536f70,2021,1376181,E
5e8dc8ca-a56c-4ecd-8cf5-035d23d231be,2021,5000135,E
9fd42987-d570-4b41-9429-7e30e9593857,2021,1102628,E
9254ef90-8d91-402c-b802-489e51ac13cc,2021,13401,E
d8eb9329-5926-4e79-8d32-8bb9b27c4cd7,2021,41238,E
42044885-4e2f-488e-a646-396b756966c1,2021,19047,E
510f7b01-9ff4-45cd-bc19-648978463710,2021,49054,E
a5e15140-baaa-469a-a5f7-1d2de4a74d15,2021,90030,E
c6423fe9-afe1-463d-949d-6bca0f828ce9,2021,118420,E
e16ce9a8-3eb7-497a-ba2d-c0dd9a80c30d,2021,1272079,E
809ca08c-0936-48c9-a5ea-91cb051cd6a3,2021,95175,E
803b8a41-9ca3-4a0a-ba97-2e18817ad865,2021,5000135,E
fc0138bf-8ee5-42a7-a278-b1d86a9cd9e5,2021,64664,E
51d6ef61-9918-4ede-a895-3eb334b5e792,2021,114616,E
ebac0445-690e-4475-a7d0-11d053e5c9ef,2021,317,E
ebdf841a-a19d-41b4-b00c-9168ed4e7bea,2021,13216,E
ef7c4dac-83d8-4c8b-b40d-3d01d6ebaa9f,2021,13446,E
44321af1-8371-4fed-974f-a713d78d97f9,2021,48675,E
5886df22-4430-4ef7-a45d-68a32f1886eb,2021,20030,E
9fa9b4df-727e-4637-929e-c20814c5addf,2021,59122,E
6e000af0-a042-4dfc-97a6-48bfd8ebba9e,2021,64664,E
2a00e186-a41b-477e-9303-c81cf00ae064,2021,1166783,E
c42c1ad6-6bd8-46f6-a0fd-336ee6be0ca3,2021,102590,E
37d7a9a2-8bb9-4346-9889-cd9ffe22963d,2021,21464,E
a479f143-d2ef-44d3-bcf5-0ced8b6ded97,2021,118420,E
11c4665d-b9d6-4237-a2e1-9c9073ab3052,2021,53342,E
edd6249d-44b3-464a-a3fc-a840eb128d93,2021,94762,E
c83b9631-5ad4-422f-ab92-b25638cacede,2021,11554,E
63c3d10a-91ba-4ff3-bb82-468d45002c7e,2021,13401,E
ce3f3173-4e46-4a2e-8e83-49ed3673ccae,2021,1204325,E
89251544-0952-415c-9081-df0976c87d25,2021,97443,E
b8c71536-20be-4364-b4d2-db961532549d,2021,113813,E
cc72ee00-1fa5-4038-b856-0d6e2aa1da62,2021,94762,E
44a186a6-176e-465e-a2ea-cc40187cfd82,2021,19042,E
375db8d9-b5eb-41ed-92e3-b6c72bec593c,2021,1267543,E
343509e3-fe24-4bf2-8d48-5bf8a86c5623,2021,1267543,E
fefba8be-cb29-4deb-aba4-81f236124dfc,2021,107360,E
974d408c-bcbc-4e00-86c1-5633efdaf234,2021,13446,E
a62aa538-69c0-438b-af52-8b6623563379,2021,1204325,E
d3053e4a-2f1b-42af-a068-e58688176290,2021,1118057,E
f5f858cb-b986-42a3-8db1-0b8f5ba245a7,2021,97443,E
228b06ae-1e3c-4fc3-8970-2116c496a826,2021,1181115,E
11b930eb-3902-403a-b199-aff60fdbb18a,2021,49054,E
3daf0bfa-8e97-4992-8973-f0cd664d544f,2021,108660,E
9ede9c35-28a9-431e-a4a7-15df663d6e83,2021,1265453,E
56b35a00-375e-44af-bc64-5b16cdca18a0,2021,19047,E
063dd209-41cb-4f0b-947a-8fc080dc3f65,2021,1283028,E
a4235803-8d19-4402-a920-02f7e2fe9cf8,2021,1376181,E
777e912f-91a2-4758-81af-c9cdf4a96f67,2021,94762,E
377bcf67-651e-42ca-b758-7f5f467cd121,2021,99820,E
90165da7-18c5-450f-94f3-4071732a65bb,2021,47069,E
81cda718-8bbe-4364-a3d3-33c8569fc477,2021,116770,E
3dc1ea19-513d-4ff4-81f2-8442375608fc,2021,317,E
563b7ff0-c8fa-4487-9043-01564c658a8e,2021,18584,E
905650b9-e25e-4059-a20d-cfa47280bb23,2021,11554,E
3ec699bd-cf8d-4247-9781-431191259db3,2021,19047,E
ce54230d-bb33-4f83-b831-065af5e6267c,2021,118420,E
49eb8f80-59ae-49d8-a1a5-41d92b54ce72,2021,48205,E
770bf36c-e052-4bb3-89d2-cbcd67837f36,2021,11730,E
e8511226-a1e8-499c-9e6a-eee8a20d27f2,2021,12313,E
ec8e2cf2-0bc1-4161-847c-ef44f9fbe140,2021,1118057,E
56f28841-0939-4ad8-95e2-b4518aa571f7,2021,47051,E
1073e3d7-ea03-4a5b-a3b5-4679c20568d2,2021,116770,E
b61a69e7-71c2-4a26-9098-b8f6d72fd952,2021,5000143,E
7bfb74e2-9166-494e-9306-8ff405b4f4ff,2021,1351760,E
f79f0e13-8b1b-4db5-88fa-f3141a6a1948,2021,1136142,E
96407994-493e-4692-bc68-d6dc5c4dea29,2021,64664,E
dc3b1561-72d8-448d-8860-2b7325d04464,2021,1136142,E
04c6e5b3-5564-4bc1-9eb8-146cf97fc091,2021,1181327,E
9095ca6a-91b2-42fa-ab54-3a7aadcdd8b7,2021,94762,E
cb68ef40-975c-42dc-b247-67da585e161b,2021,1204325,E
a30b1993-16d0-4262-9f01-a543e8f967c5,2021,1427745,E
b7bb5ee2-8cdf-4436-ab95-7a9d1db9e8c9,2021,106996,E
27be3ed0-cf70-49a9-8f62-3c2354d215d6,2021,1533190,E
1d7e2730-a60f-4a9e-9928-8045395dfe7f,2021,103062,E
db6aa07c-8e9f-4b1c-8416-030e44f9e3fd,2021,47069,E
31ab54d2-accc-4583-89bc-8cd98ad24217,2021,21464,E
742a10db-ba7e-48a7-bc9a-4f25803ecaf3,2021,118468,E
ad362289-5f0f-422c-8f49-712ba786940f,2021,1102628,E
cad7ee63-9940-496a-82f7-9de02bf50956,2021,59122,E
ab54b523-fd8c-4d86-b99e-15e53af238ed,2021,20030,E
57951abd-cea2-41af-a968-3e5d889bd5d7,2021,1190071,E
b6102897-a30e-40ad-b07a-f2d4ade04d48,2021,1318224,E
2f8941f0-a978-4daa-ae12-c1db682a7534,2021,13595,E
9f4f3251-8693-4fca-a93a-d1200d64f5b9,2021,41238,E
76de87c9-b895-4e7f-9663-aca0f3c7ce09,2021,1132918,E
51e9ce75-ae29-4d51-bc35-ce01b299b8a9,2021,50981,E
7c90d973-51fe-49d0-a66a-c4c59b57988e,2021,2209,E
61c27030-5a77-49d7-81a1-275e5cb0a7cc,2021,317,E
de8c0eee-755a-48e6-b5c7-695d22229ab2,2021,1132918,E
cd9b75be-fe62-4736-909c-ce2ee3212d69,2021,1272079,E
b3743a09-388a-4938-85fe-faa0eca67d6b,2021,1101244,E
d6782910-d4d0-4fc5-9c7e-66b89eb1f4ca,2021,64664,E
a889926a-0c76-4fe5-b854-4031b8b52549,2021,53333,E
a0274117-890f-41c9-a72c-6dfef63136c7,2021,117022,E
1318a89d-460f-4469-98b4-5f0a325f4358,2021,1283028,E
6e72b8e5-f821-4370-8c1b-bcc22d7a8b1d,2021,13277,E
6f6d6528-9640-4e69-ac93-37eccc652629,2021,106996,E
06432d2f-435b-4c5d-a969-72f0c21d4001,2021,55777,E
fb2aa332-4651-4f52-b8c8-0e3c240330ea,2021,968,E
ca561785-0f4c-4a8a-a913-7603fd5bd3d7,2021,317,E
d291ec2e-1b83-43b0-acba-c7f16ec81c1d,2021,317,E
801ae936-a48f-4354-8012-4e299b84e6eb,2021,108660,E
ce0bec2d-1084-43d3-a5a0-88e228637ff1,2021,62484,E
39aefcf3-18ed-4360-a9f3-3de874f9af7d,2021,50082,E
bd5c1ee6-97b3-4b9d-950d-36940034f58e,2021,13401,E
01d4ff86-051c-4e00-aebd-e4dfcb2ca6cc,2021,9440,E
59fb1bfa-e986-40d7-b0d3-b9ddd838cc29,2021,1314243,E
d1ca36d8-d01a-44bb-8ede-00dafcaced43,2021,1314243,E
1a6530cc-1b82-4ef2-bf98-c8e12c15309f,2021,1101244,E
56ab46de-1bcd-4b60-af39-5105d25f4329,2021,13595,E
6a852db1-7eac-46b0-a513-02f35e410b7f,2021,103062,E
ec03ce27-48a4-4800-96c7-9631395a6b9e,2021,67601,E
5e7a79ab-3b09-418b-962b-5dd33cbf6197,2021,1136142,E
cdd87854-8d22-40c2-a478-73ffc10674f5,2021,1132918,E
447caaf8-a8c9-485d-85ef-d234d653cc5c,2021,5000135,E
203277e5-6189-46b7-adba-d21fcd5cf1c7,2021,1101244,E
118abbcd-1df7-454f-9367-51a5ce62a153,2021,116770,E
846d0ef1-9427-48da-b418-92290447e7f5,2021,20933,E
fabb13c4-fdc2-429a-b13f-6e7480a079be,2021,513,E
4c347207-17e2-4768-85bb-9178c31c2d85,2021,37862,E
a9a3fba7-a0f5-4b5c-a0d3-41f778b1022f,2021,94762,E
e12076ca-8826-4c4b-afb9-26dde15a5951,2021,1132918,E
95953aaf-c170-4b76-99c8-5a450e0893ee,2021,1132918,E
0aad0c5a-f622-472d-978c-849fd57716c0,2021,116770,E
76144a6d-d36c-425c-b8b1-a0871a12fd87,2021,1330347,E
f26ae2e9-c446-4249-bb3c-9ca4690946ef,2021,43664,E
ec24f908-9b1a-4a0c-8823-b021aadeac11,2021,12313,E
648b8f78-2bcb-4bfb-9f32-8dfbae0ab580,2021,73140,E
1c2420b9-d618-4b95-a7a4-cb43324b078a,2021,5000143,E
967197ee-1702-4431-bfac-a2fe91588b3c,2021,11730,E
2b1b2d68-684d-4a4c-b683-554697b250f4,2021,1148708,E
552039dc-e8ef-44f9-a284-53c098d99844,2021,1136142,E
86645d61-a284-44b4-bdab-ae19b7b0c7b7,2021,53342,E
56aa4944-2cd8-4aad-9e2c-e616ca00ce2a,2021,13277,E
a9468547-ab8e-40f7-a107-09b615a8dc4d,2021,103062,E
d287a9b7-0c23-4b46-8588-785119ef36a4,2021,47069,E
e0835696-0e3b-49c1-85b1-ac7479ca4d8b,2021,13595,E
76fce848-ed86-4c81-aeec-ebadf5da2b78,2021,13446,E
c41194d3-3e55-4a8e-9d02-d1aae281d6c4,2021,968,E
d017862c-d3a9-4810-b3e5-8eef043fff9f,2021,1139692,E
c8021ff5-bb22-457d-91c8-3254cd5de29b,2021,1330347,E
b9692793-4623-4e43-b630-2ef7a7c60652,2021,11452,E
d36fcdc5-4981-4481-b428-09107ed630b2,2021,1306689,E
f3a417c6-8a15-4cad-aca1-f31dee90d166,2021,73140,E
52ab38b1-330d-4aeb-811e-e010ed0bed48,2021,13595,E
e43e9ba4-a2b3-4539-a063-d9604c3ce3cd,2021,19047,E
eb0191e2-8d9e-4d6b-a149-c623ef41b533,2021,1136142,E
dfefbd68-69d0-45ed-94c2-be248d61f86a,2021,1102628,E
0d3ac21d-6711-420e-8aea-4bfd936f3b44,2021,53331,E
0fcda2db-2aec-41d6-b538-ae500445062f,2021,106996,E
15072cdf-d301-4488-8c8d-8ed327c49110,2021,513,E
5a9b7b54-a486-45f7-a8c3-5969de3849f4,2021,118420,E
71d5b0b6-a2a6-4eb5-b939-33f42cb6729e,2021,13277,E
2e19f109-15e6-47d7-b01a-1fe35c9d0491,2021,98595,E
efd8a33c-263e-4701-90ef-c16c501fe6c3,2021,11452,E
d103a480-4811-4021-bd0d-50c397aa8cc1,2021,48675,E
aea869a1-9d25-4a13-8389-4690779cc953,2021,317,E
e86e4ecb-cb3c-4a3b-b7f6-227712ef904b,2021,108660,E
bd56e164-0e6f-4b64-a718-3a377a85c890,2021,97778,E
2beff786-5707-4ca5-8efb-e7d51564baf6,2021,37862,E
b94036a4-eee6-49e0-ab56-f64ab7d3ea4b,2021,1299927,E
fcd1f087-4cbf-4582-8912-28eb95a38dfc,2021,62484,E
f808a1fb-2271-4aed-b711-c3b2f9da34d7,2021,59122,E
a4e0a3ff-de64-4853-a01d-ff2389e5855f,2021,1330347,E
ffab26f2-8802-4c8e-8033-a72b4b73bf58,2021,118420,E
0ce302fa-2782-498c-a164-84a90c99de1d,2021,13401,E
7ca0820a-75e3-4d4f-89fa-3e78a5a9c7dd,2021,47051,E
b787132f-b936-47d4-8359-b2d6a8e31a80,2021,13595,E
d2bc74b7-80bb-4fe1-aea2-d80e70e9a180,2021,13446,E
876d321f-f882-48d0-98f9-e92b9d81eb1b,2021,13446,E
f03b3462-9825-4027-ae61-8a7b8a750d7f,2021,83388,E
83f647a2-364a-4f0e-a1ab-1dfec7934ca5,2021,1136142,E
79ca2dc0-9d42-4286-9e47-cc018cd9f7c1,2021,53333,E
3511c0d3-7446-4eb7-97ae-dd8227d0356b,2021,1101244,E
6be67c4a-df4b-4f09-a710-1b3f0e9932e9,2021,11452,E
df475470-9c69-4d56-8778-8c4dd6e71554,2021,18683,E
afbc3320-86ee-49e4-88ff-0f1df6c2c2e6,2021,97778,E
c8a32a17-1c84-4b59-9267-aaf4a5048440,2021,1136142,E
09b06d3c-97d4-41bb-8d51-a11f10d4e077,2021,90030,E
748f5d11-2a42-40a7-ae6f-1080b0f1cc5b,2021,20030,E
971ee75b-685e-44a4-8511-ce2fdb3db31e,2021,64664,E
b7771748-ccab-4a5e-8cd8-d649dd519567,2021,317,E
809935fb-0dec-4b57-942d-15aeb6ce4c7b,2021,91262,E
2b043b23-d5aa-46df-824f-b87c8df4674b,2021,13595,E
f1319688-6abb-4e64-bd3f-490d259cb424,2021,1136142,E
1dd9df92-4589-4b35-8ae6-d78c2fdbb876,2021,59122,E
59631e1a-a7e7-4228-9c1d-f82d7e88a066,2021,9414,E
259222ae-365a-4366-afbe-328e1b086cc2,2021,1139692,E
cf81563b-6851-4979-a80c-b9e2d415be14,2021,13401,E
c0e096c2-a5f2-4433-b5f2-890270c911dc,2021,18671,E
3c76b22a-dcdc-40be-8c7f-9d58badb16ab,2021,13595,E
dbe34090-335a-4284-afef-3dc2f7963aaa,2021,13401,E
778db987-984d-479b-834d-50c453f39ef9,2021,118420,E
6e18220c-73ae-499c-99f3-4203e69639e2,2021,1181327,E
0d66e13b-e415-492b-9701-8d8deb3704a3,2021,98595,E
c4800e1f-dc2f-46a0-9f6b-bc810a832ca4,2021,1190071,E
d6fc44a3-beb4-44dc-b3ed-7e4aab366345,2021,968,E
002fbd1d-c87a-4f45-8b55-cd792bd0e4b3,2021,513,E
85816008-0903-4660-ace0-ce89c3ccd20b,2021,99820,E
f3c649f5-5073-4979-8a8b-340cc3ef1850,2021,1187671,E
7c4d0586-7cb3-45d7-99e0-bf4a90c18fb3,2021,9440,E
59b396a3-9b46-48b9-9330-facf6f995abe,2021,13277,E
95f8d845-8737-4f9c-a761-56a831ffea7b,2021,1283028,E
f6424179-153c-4b4b-9a6f-89c88d4562f1,2021,97443,E
6af5fa28-9451-457e-9b72-3c62215c6628,2021,13595,E
c4c5cee0-41f1-4fdc-a37c-fbe319e7b5d2,2021,47069,E
74b9d5e9-62ba-4213-a563-d1679a4440ea,2021,59122,E
8860b807-6275-4c83-ad8a-c7d549636677,2021,56172,E
01f3a896-30d8-40b2-8221-4de1c54a55c0,2021,2209,E
91530883-315f-4faf-988e-94d9de7a24c7,2021,1136142,E
ed8a00f2-5b27-4f54-b6a4-c6cd5ce3adda,2021,9414,E
a5368df5-6b28-4c6f-bd8d-4ae9d4fba9ec,2021,1101244,E
64b89593-8e54-4830-bc5d-be48deed5f6d,2021,99406,E
ae4b7210-1dd2-4d4e-bdc6-fc9652cf871b,2021,2209,E
d98ef401-d44c-48f9-8fb7-6d17c822e38f,2021,1267543,E
5801cf90-eea1-44d5-8a87-abed7e6789c5,2021,118468,E
020d8a74-5483-447d-be9b-a1dc9557d374,2021,118420,E
b709b638-955d-4fb6-a83d-d57ae889763c,2021,113455,E
02bebd02-dee2-4ac6-8e1e-7e042456a68e,2021,5000135,E
9622a8a7-3fe0-4d7d-a820-8dc3eed28dff,2021,1190071,E
95314fcd-5793-492f-af94-0fbe1029ad30,2021,13980,E
7e5e1b78-2b63-4c02-b3c3-442768eed8ec,2021,18584,E
ff6c1bf1-b006-4428-9d51-ae433459ec57,2021,20933,E
1d179740-8b19-4aa3-9182-94eab7602b80,2021,74737,E
70e5fdc6-17da-4fa0-b334-fea959173acd,2021,62484,E
1b851492-f730-4a27-9cfc-04c6b131bdb3,2021,114616,E
a8676bd4-3c68-4926-8ba3-76e3806424c8,2021,1101244,E
a46bfef0-ad71-4b32-a11f-9f32028b3d6a,2021,11452,E
3e0bf4e2-e94f-4dbc-921f-af20ec1d9127,2021,5000135,E
0a8c14eb-90b4-47e2-9c73-24f2ae048bf8,2021,18584,E
c7f1a798-c38b-47f8-8063-d35c874e4d73,2021,5000143,E
0c973450-62ee-4ecf-ada1-5e67033e9b9a,2021,47069,E
0134e0db-94ba-4417-bcc5-f5cc402ac2a7,2021,107360,E
74a7f818-d345-4a13-8708-268c25945a03,2021,13446,E
160be6d6-a46d-4d48-96e9-489291d5eae1,2021,118420,E
7119f16c-e39c-4aec-8265-011fc6aac29d,2021,20030,E
238ffb0c-3b61-4942-b8cb-2ab3497b89f1,2021,116770,E
36499e36-57a5-4c30-b963-b0cdc09b36a7,2021,11452,E
b24c2a98-161d-4a0a-9449-b1dec4557d58,2021,2209,E
73262fd5-c9e3-4b9b-8817-8c20013d3eed,2021,5000143,E
24c49c92-edcf-4bc4-97dd-801cda2df481,2021,1136142,E
6dc2fd82-23bf-46f6-a6a6-03ce205e7da9,2021,94762,E
a57a4607-a6ea-4cfa-afdc-f750f2894cdf,2021,20030,E
79be4adb-e7e0-4f97-abe1-4c91edb809e0,2021,13401,E
1687ad36-abc4-453d-9767-31541968ab9e,2021,1161716,E
f9697ce7-6cc2-4421-b81f-18a500501d1c,2021,968,E
de1fa958-d0b9-4383-a53c-f76a062a6666,2021,55402,E
29e98d8d-0aad-42fb-b6f1-07f87ffdfa43,2021,5000143,E
a6629799-5f28-4028-9a5b-69efe5eb359d,2021,13595,E
2bbe76ba-a72b-42f3-8b1b-9d0898aa472e,2021,107360,E
8c543de1-b282-45e1-bbb2-e6d34340be4d,2021,1270596,E
247b52d8-e4a8-4781-94e7-43c61ff4e34c,2021,1379275,E
3b457b4f-8046-4c21-8b18-66aec395d293,2021,13595,E
188bc087-b417-4e21-a670-a0e256b1c8d6,2021,1102628,E
86f07403-310d-4ade-aa8d-6d7b7fa62276,2021,1108692,E
b8189d2c-0182-486a-b3ff-9eed912e7f84,2021,116770,E
bcb9c7d3-3ac1-476a-957e-82e7ba5c3401,2021,13980,E
77ed2f9c-20c0-4a7f-9a41-3723108f2de6,2021,13980,E
72e4c9d8-1296-466d-89fb-ca2de0e1bf0f,2021,5000135,E
3fb2c6cc-228c-4ee9-a47b-c064fbe1ba46,2021,968,E
c5823ad6-8fb1-419d-aeed-9fbaff179bc1,2021,5000143,E
1939a64c-ece8-4cb9-8511-b19e5fe02cb5,2021,13595,E
50871f9a-7d08-4e09-a6de-3362c431f623,2021,13401,E
79fb28be-3e64-46a6-a6f1-b9bd068073ec,2021,117532,E
8de48a38-9f26-4247-8b28-f735f02d594a,2021,1272079,E
962ea4a4-3a87-40c5-ae05-60254ba68b22,2021,98595,E
a7af98a7-1e6f-4fb9-8a89-c827ca103693,2021,1330347,E
345a33b8-8647-4534-9ee5-c4b548a2cf88,2021,40343,E
4bf4b350-7dc4-4dbe-9131-95d2ce145d6a,2021,1102628,E
efd5f28a-32bb-4401-ab93-2be1e1216dae,2021,1132918,E
1e2aacf8-f299-4890-aab0-a581583a9ebc,2021,2209,E
0aab826b-d463-4b9f-bcd5-f54d31f911ae,2021,101942,E
ba76ab6b-4b9c-4a5f-be7a-f7db861463ef,2021,1102628,E
85c2c9ca-966c-4bd9-b131-bcc21b17b70c,2021,20030,E
575553fb-c04f-47fb-9bfc-32be5f29c505,2021,1272079,E
8b67c489-fe0f-4cee-b6c6-40c507e883b5,2021,58808,E
dd2b1f0f-0aa2-4d36-bb6c-5736595f12e2,2021,64664,E
b00a8e36-35a7-4701-9919-473336af1a62,2021,49054,E
c66edaa2-1e44-4296-a61e-b26d484d01d7,2021,18683,E
2ba22e8f-e89b-4e99-b2c5-5c7e5d9960d2,2021,118468,E
5abbbe94-ff88-4fc7-979b-211279bd9b23,2021,118420,E
8f043c91-72b5-44d1-b5bd-349e8abe4b2e,2021,1299927,E
9e99fd97-a1f6-4f73-90e8-16a9378a71fc,2021,62484,E
8dcdee4c-cd69-4ff6-867b-cef854ef6116,2021,1103723,E
cf2deae3-897f-4744-8458-46b42abb0dbe,2021,86326,E
e4f83e9a-c25c-4299-8e5e-2b9d8fd7c9ce,2021,67601,E
25176f7e-4d7d-46de-8dbb-ca24f40b9bc2,2021,13446,E
03515917-89fa-4064-bdde-bfc490787b31,2021,11452,E
190eb9f8-c558-4de0-b9f6-5361d072247e,2021,513,E
4e0b3e81-3a25-4efa-94da-d998fad5ead6,2021,513,E
d831e8c3-b7fc-4811-9e7f-27abfd607dd8,2021,95017,E
691ae95e-f57d-43d1-9190-e58d4cb9d07c,2021,95175,E
6410ea36-9c92-4991-b780-133e308000dd,2021,113813,E
7bd8f239-a9ee-47a3-bb66-e6cac295b749,2021,5000135,E
68012a93-af89-413c-9aab-4f85c3b5d72f,2021,1118057,E
217fe811-1b16-4767-b39c-6af2c32e5ac1,2021,11730,E
d3912c76-322c-486b-b434-ea1cdc0bd2e9,2021,49054,E
5e0c6331-cdd1-43b9-a13b-842cdf106780,2021,1102628,E
d5f2252f-1928-452a-83dc-c7ffb756f058,2021,1102628,E
e80a554d-261c-4d45-907d-5a96d754fc18,2021,1047907,E
723574a0-3e7a-4f02-8ed2-779a425dd67a,2021,114616,E
6b5a451d-3d1d-4957-a91f-220cdbc45e1d,2021,317,E
a6f3d239-e46d-4a58-ac18-76c3fb2c09f5,2021,5000143,E
edf261a9-5f58-4b7e-970a-717a1ecbf971,2021,1132918,E
d44e5f2e-b0aa-439d-bb9c-5accb6604d5c,2021,54934,E
61d6fd2d-71a4-4f8c-9921-18db048c8834,2021,11730,E
6dd96d09-e51a-4ac6-8b97-a086a841f56b,2021,19047,E
dbdb732b-94dd-45c3-929a-f524c6b63099,2021,1306689,E
11528639-0c2d-4c56-9942-1b9f6781e9d3,2021,1117717,E
8ce25cc4-3a88-41e0-8e16-623e6637b126,2021,118468,E
7ce6688c-4e51-4012-b9af-15a278a1f7bd,2021,13401,E
cefda605-0cbe-4acb-8297-022bdecc5353,2021,1136142,E
d02c7c0e-f57a-41d8-b515-53586a4f56da,2021,118420,E
42fa1966-22e7-49f8-99e9-b9b1ee2c941a,2021,64664,E
b99aba5c-b2c4-48d0-9187-b55da370b1ae,2021,5000135,E
d5d3a767-5832-432a-ba19-8cd6164197c9,2021,94762,E
0ab43ef7-a6c5-4199-9fe3-bcc57e8f73ad,2021,18683,E
8f6f75c2-d227-448f-8dd1-8ce9223d0b1a,2021,18559,E
89f15a20-f2a6-444c-b46f-02991d3a0950,2021,13446,E
dded3535-e978-4dc0-8655-40d3652a3b4b,2021,107422,E
b6165435-11c6-4d86-900a-afcf4a62c1a0,2021,1270596,E
0c21272c-091a-4f16-b210-ef046de1a28a,2021,113687,E
f0912e61-a656-4977-99ce-8814f1b36665,2021,40343,E
f7cb3c1b-3a97-40c1-8de2-964c828797b9,2021,118468,E
8f449674-e109-4df6-b533-407b02e2b051,2021,41238,E
af1c5b21-bbb0-478f-9c06-680103f6f639,2021,317,E
993b5e92-c044-4fc3-86ff-3f531acdeae3,2021,21464,E
4a2cce41-d430-4c0d-aa41-62bea36c8325,2021,13595,E
847960a0-7290-45ad-adfd-a31abf6d92a5,2021,13595,E
219891ef-88cc-4593-9379-08bff4f48091,2021,1102628,E
799edda1-6de7-45b9-afff-eb91bb32da30,2021,1181327,E
89093129-3f94-4d4a-b2ef-bde97ed59981,2021,9414,E
d879ef17-a9e4-4eed-819f-075482640bc3,2021,1300429,E
c6fdbb10-ad01-40b0-a650-78555b5dfeb4,2021,18903,E
69aabeb8-c95f-4038-abb2-07ce5826be8b,2021,113455,E
fc262c75-1546-463b-9799-7fde13e4ed45,2021,317,E
70e31274-03da-47bb-a114-634218775177,2021,41238,E
282d226d-1288-4d55-9091-af4e68c31e8d,2021,13446,E
2116753e-ccc8-41e2-a9f4-e6e2489b545a,2021,19047,E
a5e2a315-c627-4964-b983-b224abc4f9f2,2021,55777,E
11a86a3c-ed8f-4cbc-8d8e-a12675bf602c,2021,117022,E
76598a46-8850-4593-8793-e3bad7328631,2021,118420,E
f194312d-d310-4a74-a817-3026a379a041,2021,87396,E
38c33da1-7875-4fd7-892f-a0b72d7dedc0,2021,106167,E
fe8e023b-9971-40aa-91e8-83416c311215,2021,1330347,E
72c957a0-c0e1-4e8c-be49-c9309644df0b,2021,13446,E
6e530a3a-a6a6-45cf-a20c-9e013d7f8910,2021,106996,E
7b1e03e0-66c4-45f9-8b67-0ac3008a64e9,2021,103062,E
f854abf5-5078-46ba-b486-72bfeaab4661,2021,13216,E
858247f8-f856-433e-a9a5-4b621b1cdb5d,2021,1267543,E
50318885-396f-43bb-8a36-45ec9ccdb6ea,2021,1136142,E
34813109-a867-4f1a-be45-93db1aad5665,2021,2209,E
bf219807-04a9-4737-9372-454da27074f8,2021,13216,E
87a0e1c1-2350-4041-8034-73d3bb46f305,2021,5000143,E
41ba6392-c142-4536-bbee-46358c7c5a46,2021,13401,E
9d2c1b04-9cf4-441a-be95-8236e4021209,2021,9440,E
9b500ebe-a254-4942-8a04-c46841e73fc0,2021,53342,E
0979290e-d992-4c54-899e-6f07df5184c6,2021,1101244,E
bc086e20-5b80-4d12-af92-d1216cf55af6,2021,1190071,E
18bb6be1-0c05-4033-acaa-16a6adfb173e,2021,13216,E
c400bcec-d211-4065-aaea-dba0cce61ac7,2021,1265453,E
4c7a5ad4-a011-4ae5-b07a-12af0dc009dd,2021,118420,E
e59e98a1-c27f-4a79-a228-ff3c9f2cd92a,2021,117532,E
b85cda1d-37d3-4c90-bc6d-d0593ffb4f26,2021,95175,E
bf07b31d-57a2-4469-a772-6ff22db47710,2021,1101244,E
409fff6a-1750-47f3-9989-8cf81c04d831,2021,9425,E
eb22ccb3-fae3-4021-af4f-270e644ad666,2021,40343,E
4ae2a913-fcc7-41a1-b64f-c3b9b8b4aa02,2021,13216,E
b764e0df-71a9-4284-ba47-025c64ab42b5,2021,118420,E
63c6e057-0145-4e9e-bef9-49e8b816865f,2021,51020,E
19227292-2058-42b4-bfba-d2b696d13926,2021,47069,E
30c9b5ec-4c85-4971-b17c-71ab0d58ef1a,2021,1385488,E
3c6eb1b3-8c40-4811-a3a7-9f194936bf2c,2021,118468,E
0fbb77f7-ef1a-4475-8638-a8b33175ed53,2021,107360,E
a613189d-3645-4d55-a915-511e93e42688,2021,5000135,E
71de213a-5f54-4835-80c3-69c48ae0768f,2021,64664,E
a6a4a9db-f377-4647-93ad-994f73cb3ca1,2021,11452,E
6df7c01c-2c2b-406d-9f46-280dc06c3a98,2021,1181115,E
dff26696-56e2-49db-81ac-89638d83dd2f,2021,57612,E
fc884aa6-b8ca-48f1-b381-70a29adeb41c,2021,118420,E
1be72adc-5ade-4d2f-ac00-483a772a4733,2021,1181327,E
cf780c1c-2898-47f7-896d-b4d055bc8066,2021,48675,E
c3a8b7b9-fa2d-4257-b23c-7f53fa89a9d6,2021,62484,E
00fe9dd3-ce3a-4903-b0f9-5b4a854b64bc,2021,98595,E
4b7746cb-c449-48f6-938a-055bc7c56d9a,2021,5000135,E
67ce2cff-7b76-4337-ae5b-839abbd10a0e,2021,5000143,E
bed27656-9093-4b02-9d5f-8bbf92050ab0,2021,118420,E
c11b0ecf-a572-44fd-a63b-d6b1921568ad,2021,108660,E
23ab0bb5-3919-4ddf-9637-41351de5ec81,2021,1351760,E
b33c63d7-a054-4d09-9c2c-48b70c18edf9,2021,1102628,E
6126d09c-409c-451a-b8bd-8e1696b1bf7c,2021,107422,E
4b880899-6a88-4219-b7b3-1e2582d1e1fe,2021,1322390,E
1dae5c86-43cd-4951-b79c-c4daab75bab4,2021,318882,E
33108ce3-b74e-42ad-8606-d2abe8410f9b,2021,18903,E
90a108e7-2c04-42ce-bebb-8e3ef2c5d9fa,2021,94762,E
d0fa7318-ee59-409e-b2e3-67c8334eb026,2021,1132918,E
79cf0a62-c4cf-490f-833b-2b2f79a63bbc,2021,20030,E
a3a159aa-70ec-403e-914c-2576cd17b36b,2021,1314243,E
9268cdce-0455-4792-a9ed-d665f91d203e,2021,1300429,E
c8b4b8b0-5a35-40e0-b9b9-8c5a4e88d96d,2021,1108692,E
bd353a83-76b7-4f77-b152-f2a45ec20062,2021,99406,E
2001e4ba-f506-4ee5-b7fb-6553440e3ca9,2021,13595,E
feaa81fa-e179-45f1-a076-ef99b8aee206,2021,113813,E
0e69bb3a-ff0d-47ed-9de8-b81d85b2347c,2021,317,E
b67a1742-88ac-4d19-99f0-98dc9b2e463a,2021,81210,E
1455e9d0-e6ab-4227-b89c-c84eed80bac7,2021,98305,E
4fa960eb-6d2d-4d79-8dff-30179d8c3d79,2021,1101244,E
d17a1f8a-d618-481a-828e-4ba4ea1be99d,2021,106167,E
ef625bb7-8c1a-4100-928a-f990ef7bae0b,2021,13980,E
7bd0a0e8-47b4-41cd-9917-ca1255221378,2021,5000143,E
2e54b3c3-7f75-4c5e-a23d-e70e9738e76b,2021,118420,E
96ea446b-bb67-4220-8f42-be58b8e607f6,2021,59122,E
8ad39f96-7e2e-4378-a56b-cacbb6603e36,2021,9414,E
e3e0751d-4124-4e87-ba86-bfb42223a134,2021,11452,E
b98847d3-272e-4d6c-b723-18551b561dc6,2021,1181115,E
6508c2a4-bd09-463f-8e32-f304a84b5e05,2021,1181115,E
0ba2fc5a-b63f-4c9d-98e2-67ed1baffc19,2021,2209,E
8f98b1a4-69a8-4f83-a51c-becd2ad98cbf,2021,1118057,E
4b809529-2db3-4678-b723-b68246d1fe15,2021,49054,E
ea99c2a4-b700-443f-acd9-cd2529e30b32,2021,98595,E
de781d74-45f2-40e7-80e3-1f98b01b6646,2021,68930,E
05a06e14-8de9-479a-8ab1-0f7d759f9f76,2021,317,E
903d1d26-1ab5-4b5b-b855-2ecb95737e56,2021,73140,E
781b368c-12d7-4e93-9449-df1aeb72c4ac,2021,98595,E
267d300d-9bd9-4bc0-9651-dac349f28f66,2021,95017,E
181f44d7-3e74-4093-9c12-559655b7cbce,2021,54934,E
f2181f48-d41b-493e-875c-92c90ae97af4,2021,1385942,E
a615ded5-75f7-47fa-b8a0-91e738919cf9,2021,1148708,E
fb0445ce-8e16-45f9-b46b-7ed7b4836f48,2021,9440,E
aa36eb65-2e6b-4b89-aadb-01b5f648119e,2021,118420,E
3bf3f6a3-d767-4ee9-9921-be867a52f358,2021,1288002,E
e3009ed2-5d66-4c7e-ae7e-2fef19d08b94,2021,62484,E
269f5456-47e0-414a-bb11-c16d354bf6c0,2021,99820,E
48497467-ec81-4572-89e4-e0dcf5c5e9e6,2021,1101244,E
7d25d5ac-dbfa-4d6b-a32d-09695900b9a0,2021,13980,E
48abf83e-e14f-4e75-8939-02ead6c65be6,2021,81210,E
d6089abf-0023-4d67-a07e-aec3d4e65232,2021,73140,E
eea2085b-30b8-43a0-8528-c95547338905,2021,118420,E
2f91bdcf-136d-4b7a-a678-75f6602e19d3,2021,1132918,E
eed96355-e1b0-4ce9-8099-7984809772fd,2021,106996,E
32cc879d-b399-457e-bf4f-674b4de6ab31,2021,1190071,E
693647e4-b724-4b3c-8b1f-cbc5ac970fa7,2021,57612,E
a955ed71-0d24-4a80-b789-ee4ebeb5877c,2021,116770,E
41ece103-3b58-46be-8d8e-cfda977044ce,2021,99406,E
80bacea7-c04f-4eca-b96c-d450187848b9,2021,18584,E
fd9dde15-7c89-42ae-8ac0-0638bb3d4968,2021,22047,E
9a1c8a25-51fa-4a4d-865c-e1b0e3294bac,2021,64664,E
001cf21a-bb9a-401b-8049-55de6bce5cb3,2021,317,E
32b92124-86e8-4406-9b1d-86f604450932,2021,73140,E
926846c5-32af-4e32-ac55-58e2147e1c06,2021,64664,E
55daefab-3abc-49c0-93f2-03ca395e3dcf,2021,56172,E
953edadf-07e2-4aa1-b526-f27f4da7aeee,2021,13595,E
4a0b40d6-fdf5-478c-8727-32956fc0965b,2021,1136142,E
64ea7497-20cd-435b-9dff-f3982228407e,2021,5000135,E
c3426547-e901-4f09-9227-ddde3f15b230,2021,11452,E
50b8c2b9-a791-415e-b48a-a7b371e6f276,2021,2209,E
30d05969-928b-4bc8-a885-99d6c410665f,2021,317,E
4fa2a9da-d911-4103-9001-6fe8cbc87f4a,2021,118420,E
3ce1a2e4-9dad-41fb-82f5-181859474a2c,2021,11452,E
019be356-e38f-431b-a0fa-6eed4c7fc1f3,2021,62484,E
0bb98eeb-1442-476f-93c0-a02c4512b8a6,2021,13595,E
34be9d01-a907-49a4-a6cc-7a0f2624c611,2021,118420,E
eb1baa83-632e-4a91-9720-7846b2f05451,2021,22047,E
6cd06922-ef72-4117-8ef6-26de9269d4e5,2021,97443,E
8908ac0a-4ddb-44e0-8fd8-ade224e0ff29,2021,317,E
efb9488c-6d04-4c86-b35c-93fa86816c35,2021,1314243,E
1a11320b-0c59-4d43-acd7-1ddae23dc688,2021,1314243,E
59cf73de-1a42-4358-8d0b-72d2a093f3b4,2021,5000135,E
f741f927-c1d6-40fd-b818-1d3be2602b2b,2021,97443,E
bd6508db-7051-4dee-9612-6a14771457f6,2021,5000135,E
810a8022-1d8e-4acc-9a77-4fe33260b029,2021,2209,E
be3834b1-9af7-40c6-bde4-6a78d732b669,2021,1288839,E
c1cf0e12-fd7b-4da9-b267-921c902bb5d0,2021,56172,E
24347fc8-6d88-47cd-a8d7-f31c76781c63,2021,13595,E
53d45f9e-29e9-484b-a617-a35804fed400,2021,18558,E
9c9d04e2-d275-4936-8527-93ae6e39c72c,2021,73140,E
72d988ff-03e3-47aa-930c-4bdde3835bbb,2021,1136142,E
45f204d5-f266-42b0-85b4-44a7297bb4cb,2021,59122,E
1b84eaa0-f13b-4b9a-aea5-16b77926c903,2021,1318224,E
8afde203-0836-4eeb-b4d7-3599c68d2403,2021,5000135,E
486d194b-9da6-4a90-89d3-866d27ff98f5,2021,113455,E
9d4185f6-d3a6-4e02-9099-ed84c996ff5f,2021,101942,E
c42c377f-49cd-49b2-94ca-ce7dfa681b06,2021,317,E
12d7649c-52bf-4c7b-82b0-ee4965188753,2021,13595,E
cdb251b1-d112-4404-abbc-bf085316ae45,2021,94762,E
51157dde-a88d-4bfa-a6a5-54307e080b3c,2021,11730,E
93168734-10cd-4ce0-be1b-1383422e4e2f,2021,1102628,E
d8c930bf-dd4c-48cd-acd5-6b157aa5bdfb,2021,1032473,E
4770f4d8-e83d-45fe-9c29-3b752037bef4,2021,118420,E
fe66dd6b-9a48-461c-92ee-fe4c4ab5fee8,2021,1139692,E
f4ff5c69-e5a5-41c7-8ab0-1e4b0290ba89,2021,13980,E
c510e92f-94cb-4bf5-9771-7bb4fddd3c8c,2021,9425,E
8a11a0a5-8ebd-4bb3-a18c-81ac29137dcf,2021,13595,E
3e1346e7-5910-4eb0-9dbb-51f9a69a8ae5,2021,37862,E
eecefc75-762b-4399-8240-9c2b77e5e9eb,2021,117022,E
0028db20-831f-419b-9987-865bb3615404,2021,99820,E
a837ba83-8bc6-4a3c-bf3f-a6d58829d9ce,2021,95017,E
cf185666-9ef7-47c6-a483-635c4fd3b376,2021,106167,E
d76a42cf-7883-4cac-9efa-0524a842c348,2021,13446,E
7fc28e49-c94a-41ee-81bf-ff7af1fd761d,2021,118420,E
558755a3-d5c0-44f3-97a6-f1abbd761c98,2021,94762,E
32ed2542-ef4b-4f7e-a5af-fa1c050e3865,2021,1330347,E
6be31882-4b9f-4645-9ca0-c81599ac8400,2021,21464,E
cf5b5a34-c88d-4b07-a9d6-9341a38e2a00,2021,13401,E
c69700d7-e5f7-44b2-b3af-8df44c70c4ba,2021,1181327,E
2ee3d949-5e88-4199-b900-7fedbd1f22d2,2021,1102628,E
4ee91c8a-0c05-4056-950c-0b3fede3f355,2021,13401,E
4a373aec-2c61-41c6-9b8d-94a8f6fae264,2021,1136142,E
5b33b89e-3568-4bd3-8d45-2a8557679618,2021,1181327,E
fe545697-0d7e-4cc2-9f35-05999d10ac83,2021,1272079,E
1626df5a-e5dc-4c92-b176-e004b61dc43d,2021,98595,E
aeda76f4-6887-44cd-b96e-987a7ccd1f52,2021,116770,E
f502b095-3739-402f-af23-7b8a1a7d0b56,2021,1118057,E
d31fa701-ef5b-47d2-874a-3517ad9bee79,2021,13595,E
f45c9224-f531-4858-adc9-251bbe29c829,2021,9440,E
db4ed35c-a4f7-4951-8ce8-28021b6e194f,2021,1376181,E
6fa5c363-62ee-47d3-ba15-1aa4dc5c178c,2021,64664,E
1ffc7320-ea45-4f1b-9081-57bc684ac152,2021,13980,E
a4a0aef6-0670-4d2a-b70b-e56b0d40e341,2021,5000135,E
3411ffa6-74e6-4e78-9cf7-0ec45cf6f3ae,2021,13446,E
5c435937-4c7b-4551-9213-2d17c227862c,2021,1108692,E
6bdc222a-0276-4a6d-b279-21f7bbb5609b,2021,64664,E
b29db7e9-1c6b-4ea6-98a0-2f9cf0a16d95,2021,12313,E
557e94ac-ae2b-451f-88ca-c7fc3a9d0946,2021,2209,E
fc2c5423-eef9-43da-9a92-e71c41db7e23,2021,1288002,E
5291246e-dbdd-4946-b14f-2e5313117909,2021,1136142,E
a80797a9-4534-4d31-8528-9845eba7610b,2021,62484,E
5864c780-6285-4688-bc26-01bb8075fbb3,2021,56172,E
0c38a55e-de8a-4b37-bfa4-96ae89e9c872,2021,12313,E
2a50d702-ff2e-4a8a-ba50-5522ad00e3e9,2021,1102628,E
6135a9dc-81f6-421a-8a31-23b05e541abf,2021,97778,E
3728358c-c567-4c89-a537-90681dfe1c3b,2021,13595,E
31d29cbb-c031-41b0-bcb1-aa62497b8ce5,2021,18903,E
c113b706-4d3f-4586-ad87-fada0b2ecac6,2021,94762,E
e70434c6-5377-45a8-b79a-4b66bf58618c,2021,317,E
b0d1e125-5cce-4f57-81f1-769c4612933b,2021,13595,E
341ababf-d004-4558-9c42-b47093a98dbb,2021,94762,E
9586fd59-a6e7-4ad7-805c-94e04d40111f,2021,1132918,E
f9fcfb1b-7c5e-4251-b55b-36fa0f062a53,2021,98595,E
c8eb952a-d819-4b4c-bda2-b96456f11319,2021,55777,E
905a7427-2ab2-4482-98d4-f92edb075d59,2021,50082,E
7e54e7a3-5bca-4c62-b559-ec3204005dce,2021,1136142,E
19fa5408-fef6-4627-b163-268d36acfbc0,2021,1136142,E
233bc349-daa2-455d-8f86-a28e7e2f8c93,2021,97443,E
ec73111d-ef6c-490e-9912-352893bb96e0,2021,118420,E
fc09656b-031e-44f6-8e70-576837cf06e6,2021,118420,E
8674bd25-0bca-44fc-9858-69fb6b7f613d,2021,95017,E
52cf9ff5-31a6-41e7-b53c-58373a2255f9,2021,13277,E
36954c06-be90-4700-a7fc-2e5e569f8b16,2021,1101244,E
fca1f5c1-5c99-4c57-865d-3ee0219cc1fc,2021,12313,E
98946e6a-9de9-48fe-8754-d7b131c3466b,2021,13595,E
4a7f9ca6-3ca3-44b1-91df-365b7ab16233,2021,59122,E
505fd44f-3ef1-41a0-ba56-17ef0c5d1339,2021,13401,E
9a420729-500a-43b1-85d8-cb0f6f44d946,2021,13446,E
3b419aa8-4ced-497b-a996-b44f6d5f7695,2021,95017,E
70b34464-1e88-48ef-a2a0-72b0b555e69b,2021,13446,E
cb71f3a4-f6b5-4e5d-8b2e-1db229023069,2021,1322390,E
8c20d1d1-d106-4430-b550-836986c3d286,2021,99406,E
fcee5767-6a02-44cf-8b1a-504387588ce1,2021,13446,E
3355c602-ab86-482d-99f8-46de9a9df7c2,2021,1136142,E
96b2e1a5-f5e0-4aab-86d0-70e908e51d66,2021,64664,E
f8e8a776-1520-46c9-81fa-90e25a708c87,2021,54934,E
62e8f78c-fce8-45ad-b8e9-ecfe4845e240,2021,13446,E
88b19011-8f37-46d3-a70b-cbea625bdd3c,2021,21464,E
9367e1a1-fc30-4537-aef2-4dee1dacffa4,2021,1269545,E
4d2a08cc-5482-4973-93c2-f253eacc3746,2021,13595,E
c303bf1f-d6f4-4ac2-a04b-f937f4c5f8fa,2021,1136142,E
aa6317a9-843a-47ff-a55e-60c3623ba758,2021,97443,E
3a7d09cb-4837-4c37-a34c-e4b33dbd7813,2021,13980,E
8e72182e-7b6c-49b0-a661-7a34f86fe5b8,2021,19047,E
6d11c59f-cf09-4af3-8d1b-692eb5e688aa,2021,118420,E
9f8d9c30-8468-4278-bc56-0be6971c7fa3,2021,56172,E
12a86698-e848-4624-be5f-bb577038a80e,2021,19042,E
b9d4c45f-d472-4cd9-b285-690525a1b7a6,2021,1136142,E
530a77a9-1013-45c1-845a-70dde52ba000,2021,1136142,E
07a24649-b998-4344-9d8a-3ec6f11f1ddd,2021,118420,E
43df85c7-0bc9-498f-85a8-ccf16e16c2e1,2021,1132918,E
13202292-a005-433c-8eee-717a6f302d4e,2021,5000135,E
fefa41a1-2cae-4786-8622-71d42212d590,2021,64664,E
49979ac8-5314-468c-bc37-80cb25a5e131,2021,1269545,E
500c51ec-3896-4d59-a050-e675daf7b115,2021,13446,E
aa0e5dcd-04b5-49d7-ac39-48e34f3f6905,2021,1102628,E
54f4a260-d495-41a0-8fd9-c92ada90ed43,2021,1270596,E
c6426933-3002-446f-a8b0-6ffba08c0b77,2021,103062,E
bd6b8e7e-5964-4522-afdc-675ef7719d84,2021,83388,E
8ad90006-9f1a-4076-b08c-30edb5d96efb,2021,53342,E
5e3432dd-69f6-4898-8b7c-9c8879906a80,2021,1314243,E
a49f131d-77fa-4634-bc27-8a40c63a7134,2021,13446,E
e7908ca3-b55b-4916-aa6e-286f10bb800c,2021,47505,E
6c01b655-3eab-4ef4-8a25-2cb7c97f4075,2021,10515,E
4f696619-75be-4668-8acd-5fe8f72d4e6c,2021,13980,E
54795a62-7c00-4e85-991d-cd6b87a49b64,2021,113813,E
fe309e95-5baf-4f0e-8f17-259b7e58f9a7,2021,13595,E
9a1af90a-6942-4de0-a63e-87df6f0b8e8e,2021,64664,E
c298154c-532a-49a4-ad1d-6d6d1c7d51b9,2021,317,E
345b0514-d2a1-4b5a-bd3f-d6647478f9ea,2021,99820,E
c9ba0877-a297-4b7a-a99a-c17c022d02f6,2021,968,E
a16392f6-dd14-414a-8efc-4a86b647726f,2021,1102628,E
bf3088c1-3df0-4674-8b36-deb1189fc3f4,2021,1288839,E
777bd5d4-9d8c-4feb-8fdd-9ca972fb1a9d,2021,97443,E
5b958b95-292e-47bd-8d24-895aa09d4a3b,2021,97443,E
52f5e358-faf9-4d82-9261-db3b52194ca6,2021,11452,E
3abb6ec4-4c39-4898-81ea-46b900de78c1,2021,1132918,E
e0d7a71c-c074-4041-8e7d-416706537489,2021,11730,E
9fe3d84b-dd54-4d00-afa2-108bad0520bd,2021,13446,E
05160eb7-e35f-431e-96bd-cac66e77bb50,2021,1136142,E
07696d3a-3cb9-46cd-8649-f6065628c824,2021,90030,E
dea03036-bf96-47dc-bec1-c9b460b28e69,2021,1102628,E
5814b321-b3e1-4893-854a-e809e611e00b,2021,118420,E
63fd785d-858d-4714-8bf8-72b0197eec21,2021,13595,E
0988c53c-8d51-4706-97c0-ef115f2e7441,2021,13277,E
b2e129bf-5d3b-4ce6-8727-b5449f57f068,2021,1427745,E
c838e612-c8fe-4d76-a1fe-9e040769ba19,2021,11554,E
1f1b78b9-bfda-4b59-9570-61d4120586e6,2021,47505,E
bc081b87-5f27-435e-ba8d-b353fa6e9f19,2021,12313,E
5c22dbc7-d028-4a0e-8267-3cd58f3137c6,2021,13277,E
efa4a07e-57e6-47d8-b218-119de81d1674,2021,1270596,E
6f9bc0c5-c42b-4bb7-8d86-cba48dd512a9,2021,97443,E
e61b7571-a80d-4a50-b7af-54d7cb2ec976,2021,1101244,E
a26cd470-5b58-4787-969e-b0fd7194c9b6,2021,116770,E
9998e6a1-e105-431a-ae7d-621f7c259fc0,2021,13980,E
a0eabc49-da73-4903-8ec9-e6aa0e631d09,2021,1267543,E
52eb7f3d-d789-447d-ba69-a0861a73327e,2021,19047,E
f9dc40f6-4cce-4aaa-89fc-90d8091021d4,2021,1136142,E
5fd6e5dc-a973-43bf-a53c-d10ba462ac52,2021,1102628,E
5502a666-af1a-4ea7-9330-f679abd8cdc8,2021,1102628,E
9c41d6cf-c4aa-4461-8c47-24a4e841bf21,2021,13216,E
63c5908c-2d32-4e20-828f-a8ad4d0a601e,2021,19047,E
8d4fb146-1a2b-43e7-89f6-63bcbc1236b8,2021,1385488,E
80c07e9d-2e84-4763-ba09-53a486ec5099,2021,20239,E
440a4972-bf2e-4fed-9165-8db5e021a5f2,2021,1102628,E
7e7537f0-91da-4548-8581-a24a919153b4,2021,20239,E
19556490-428d-4588-a81c-7b8e22642335,2021,102590,E
c95cd80d-f07e-479f-8014-6e614ebb4daa,2021,13401,E
e344e0ec-914f-4ac9-b1f6-5104fe982f4a,2021,13595,E
da600d48-c233-4433-a430-c47a63f8ba9a,2021,1136142,E
bfa0bcec-6595-4b39-9070-d482350330eb,2021,22047,E
ad3b3463-aa27-4948-a73f-3f2f2763c88f,2021,1102628,E
e3a242b4-507a-46e6-b339-2b00b01ddfd0,2021,99406,E
f8235948-9e13-471c-9b43-91b04ff5cf75,2021,41238,E
1ea41d6c-0bb2-4f1a-82af-1c58ea7e1d19,2021,98595,E
bd134de6-1d33-4a4d-95c3-98edcde9cec2,2021,103062,E
f8aca406-61f5-4a32-9251-47ef1bbd96d9,2021,11452,E
523b7be0-7223-4659-b132-f1eb690058b8,2021,19042,E
5eee41c6-fabb-44bd-8470-3c91b6dda067,2021,5000135,E
6e0b4be7-c021-4eaa-9462-761ffe35de9b,2021,1101244,E
d7a8b30e-4dc0-4cc1-bfa6-e24e751816b3,2021,99820,E
86230590-9d43-40ce-b25f-3323141f61b3,2021,118468,E
2ae8fbce-d4d5-4ff9-8d3b-608ef5c59fbe,2021,53342,E
48338401-ffd2-4b9c-9aef-d97b1c0c2f96,2021,13277,E
d186c9e0-4624-47fa-8474-ff6526c0077b,2021,2209,E
ad63c62f-dbf7-46fa-942a-97f7fabe264a,2021,968,E
fab14293-1ee7-4096-afe4-90239dece912,2021,59122,E
c514b485-4c99-403d-82a3-99a6188f5626,2021,11452,E
f293ada7-ddb9-45fc-a84b-b6270c930dcb,2021,1102628,E
eba3e429-ec65-4552-8eef-6d9d9a606186,2021,47069,E
f9ff7d9b-06f7-4bdd-a46f-16862b241de2,2021,117532,E
38a47d54-1ffd-4930-9af6-b291491297ed,2021,55777,E
50f8410a-5850-4d98-9e61-fe6a662a669e,2021,99820,E
07d2108a-d340-4f89-9c6b-c41b9c47c101,2021,5000135,E
958bce2a-3551-4606-83ad-185d14193415,2021,99406,E
1df66ec3-fcbc-432e-aa10-84c54a6dcc29,2021,1118057,E
66f7d9a8-4464-4511-946b-b580e679d3ed,2021,1102628,E
ee72df74-2c3d-4bf2-bf4d-15a077786896,2021,1427745,E
16352471-733d-4763-9850-a686733968e1,2021,11452,E
176d1bc0-a677-4e73-a163-ed5b833cf810,2021,1102628,E
40e5f524-7ab3-4b52-86b8-28906464c087,2021,64664,E
10df961d-de5a-47c3-846c-255c5884ad2e,2021,21464,E
1c0b6c66-e292-4ff1-8acf-fba6fc02512d,2021,118420,E
9ff4c894-2eac-4dc9-8fcf-2bb72b363a46,2021,1330347,E
e81e4bc0-e831-4729-bb66-375e0d0bd695,2021,317,E
b86bcc6c-989f-400e-8468-36b05b079e5d,2021,62484,E
64b124e8-cf75-458f-bc77-fc54103c6074,2021,1139692,E
9b907348-19c7-4382-b302-a492b80c74f8,2021,118420,E
dbd81a61-77dd-4bdc-b332-27db82e34cfb,2021,1132918,E
609218b3-d207-449c-9805-f2eac2338211,2021,11452,E
9339f8f2-7eef-40fb-8932-3067c665cef8,2021,99406,E
aef3ac12-0f8d-4006-a983-11ccd428ec27,2021,513,E
e85a9297-4d38-40cb-8197-18210f8aa5e6,2021,13216,E
0833014d-4456-47ba-a3cd-7e77bc417edd,2021,13595,E
bf98b60f-d74b-4464-9c87-b7dafaa9cfec,2021,12313,E
a1093d11-552a-4bbd-93bb-7219973aeb56,2021,117532,E
614e1f57-87b8-4fc9-9f7b-5710bf46dd65,2021,95017,E
57c2ec6d-abe6-4c78-bea2-d1f6b517354f,2021,11452,E
2af97c5e-f474-4e36-b2b0-5b101171acfd,2021,99820,E
a63b9df9-0597-405d-9589-ad9ff1f5d4e4,2021,5000135,E
6f7dd843-03ec-4ff3-b417-d040a9d418da,2021,317,E
134bd6e3-78ce-49f4-ae57-60ce31df9607,2021,1132918,E
9a2c9096-3305-4246-aba1-6521a878ff0c,2021,13595,E
9fdc53c4-0d5c-461e-9b8a-658d40d93f61,2021,118468,E
666b00ad-7a5a-4839-8416-8565b6241f5d,2021,90030,E
e833be37-8997-4c66-97ae-b8a38124cd59,2021,1132918,E
a4225fc3-6749-4f5d-93b0-d196ae1032a6,2021,1272079,E
da5031e3-760f-4b9e-867c-9dc89f68a77c,2021,94762,E
2dfdfa4c-3618-4c41-a185-2a526a3c26ae,2021,1136142,E
3d397389-e6c4-4839-aca2-e161e7fc41b7,2021,9414,E
52431648-1a6c-433f-9e5e-22cc2caa6de3,2021,97443,E
6b081695-c954-4cc8-98bc-2a02a85b4e98,2021,1190071,E
13865f5e-946e-4de8-97fd-cb1f45a225ce,2021,5000143,E
195ffcc7-4f9f-4b4c-a35f-6d525ebf1ca7,2021,11730,E
b61bb599-9360-4e3d-9b89-201027d2033a,2021,5000143,E
003c34f4-4891-4441-b1ee-1681adbd7f1a,2021,62484,E
ccee480b-3642-4170-ad52-2937978e5ae3,2021,53333,E
4d5a0f51-39db-4555-bc7e-7154d875c7f6,2021,113813,E
0dc16a1d-27a0-4757-95f9-253bbe455d59,2021,62484,E
01a9a475-bc38-4afa-a720-5caba085b715,2021,13595,E
3d23b2b4-86a0-4d41-83ee-74c963b07f17,2021,1132918,E
90401a2e-ac93-4e23-8c3d-dedb8ae872eb,2021,2209,E
6e3823b3-3764-4c78-9d70-97e0825f1e96,2021,11554,E
06452b57-6938-4df3-91f4-08e3dc8e9111,2021,67601,E
d9eabb09-cea4-48b2-9ded-f2221bf5527a,2021,2209,E
f58a0f5c-8afc-48a7-aa6c-51407c9ab816,2021,13595,E
3629e0c0-9ee8-446d-be3c-8c999a07ef7e,2021,1330347,E
b5f1e56e-fc52-4a75-9d4f-89758eb3b076,2021,11452,E
f5aec2b0-9917-4225-af49-1da559295006,2021,103062,E
189e3276-ed9c-462e-8fe7-8ef592bb17ac,2021,1272079,E
aa87b109-f151-4394-abce-89881c0a657d,2021,317,E
52e6617d-3e06-491e-bdbf-17c4f6c5b0a3,2021,13595,E
327c8f5b-9a31-4a4a-8002-59dad3305b99,2021,64664,E
2a104b28-96a8-46d0-b1bf-70ebaa8d6b4e,2021,1422296,E
13d7038e-8c2a-408e-96d6-68af007d90bb,2021,106167,E
91f9c323-82ca-46d4-8559-90be1b03a3b2,2021,1136142,E
1c945b3a-6a25-46a7-8b6f-f96b1b2c0d3d,2021,53342,E
393cb1dc-afee-47a8-91d5-8c8a704c3300,2021,1288002,E
bc4916b8-c401-4952-a34b-30df71f44ac4,2021,1300429,E
471ccd3b-dbdf-44ae-97c6-7555119280db,2021,13277,E
e7cae689-3f98-42a9-942d-3e65d865a3b4,2021,1102628,E
a97598fe-d15f-4335-b141-2d5ae6586d88,2021,11730,E
36e5f0b6-4347-4e00-b36a-4bdb0edcbdf3,2021,97443,E
291d0b52-c71e-4202-8039-1e4fbb07dd01,2021,13595,E
96ccccbe-6899-42fa-9f11-42eafffbc917,2021,1136142,E
6097a3cd-ba6c-410e-9d92-4a61ee0ba961,2021,968,E
97977734-37a5-4853-9b6c-a9fb9a9f3cce,2021,1101244,E
b835b98e-1315-42a0-9610-99e91ff85e5c,2021,13595,E
f967a329-7ebb-46ae-8e5e-31fc500aec5c,2021,55777,E
b1ae132a-789c-4402-ba51-8478ca189502,2021,21464,E
155cb524-7d41-4aa7-a380-0464ecf2976b,2021,13216,E
08baaed6-bc01-481f-bc25-5e986aa716c7,2021,13216,E
712e1112-a06f-4b75-9664-581e996a80fa,2021,20239,E
844d8c33-be6f-4726-9f31-10e0bc96c250,2021,5000135,E
5b989f3a-5334-4817-a926-4e849eae3fa3,2021,113813,E
a911bcb7-28a9-4fb6-891e-6a6a2ac6f6bb,2021,13446,E
f9a7d54a-7e02-4ed3-8438-77b920819a23,2021,1422296,E
e7265cc5-7df5-443c-8d6d-3b29069f63ed,2021,1136142,E
146f1031-2e21-42de-87eb-4117eb3975a2,2021,13216,E
c8337e76-3b2c-4a6a-8183-8a7b436038c0,2021,13595,E
8a5d2c8b-dd56-4338-bcb8-90d4bca0bb98,2021,13595,E
d95a7e21-c739-4815-b547-3e3605ae9ef6,2021,13446,E
39aa4d7b-dcc3-4ba6-8d83-108f36aa4e5d,2021,13216,E
9d7334be-cffe-432f-a5d1-97ba80d3b130,2021,13277,E
ddc1ddd4-52e2-4809-9c63-1d3d2ed02f67,2021,13595,E
5e4adb85-8738-4923-aa38-d32f130e69b2,2021,513,E
80ff427a-b1fa-48d1-bb61-87cbe933dab4,2021,13595,E
15f3a51c-4177-42ee-8f8d-25d3077381ef,2021,13595,E
8f66a37d-4cc2-40cc-8a60-cbdc435b7911,2021,13595,E
5a23cbb8-fb26-40e8-8bbd-5e7b1185d410,2021,13401,E
ecb93f98-e667-4f6c-9758-0bc0fe2ff8dd,2021,114616,E
c434e892-b03e-4019-8059-b40b277c2c51,2021,18683,E
a61b91ac-e725-4882-95ea-c0ac8af9e838,2021,13595,E
e4cd8b56-a0e2-4b34-83fb-eea17572dd8c,2021,1136142,E
0bdc1af7-8356-40f9-9037-cf24e4d1c8d9,2021,116770,E
e9699819-fe2d-4f95-b1eb-f1596ca0ae8f,2021,12313,E
8684b7b9-4a64-46aa-8492-82b9b945d421,2021,13595,E
2ef6059c-5a29-4d04-bcb5-d758541783a4,2021,12313,E
fb784774-9806-4b7f-8e88-efb3dde1ca92,2021,317,E
4e205b38-5525-487e-a9cc-831464c6ae11,2021,13277,E
4f946403-e343-476d-bee1-2c9f28c839ef,2021,13980,E
27379480-bb39-4a6e-93cc-946a7d592984,2021,62484,E
286dff41-54fb-4011-abc3-a52e30df0a0a,2021,13216,E
cfeed9ff-8bc9-4516-9871-ae6da00b2415,2021,1136142,E
1ac56876-8b44-4b91-942f-91b5dd5c4f22,2021,1265453,E
b855d679-7590-439a-bae2-a4acfd83ea72,2021,18683,E
e68f0486-6f14-4862-9fba-a7bac63c724c,2021,1181327,E
a9e188b6-a9dc-40ae-b333-8013d0f6af81,2021,101942,E
3de11814-c56e-406a-9cc8-351c44c34405,2021,1132918,E
02ef257b-4110-47a1-9fa2-a37a2a235d56,2021,94762,E
1512612d-1bed-4f1f-84a5-fba9c75dd026,2021,13446,E
4a12379d-7aa6-4a93-b19f-83425d107a4d,2021,1136142,E
69ba2fea-3a1c-4559-ae6d-d0a319e0f2f5,2021,2209,E
25ce597a-3145-4a63-9a20-c4e9d726ce48,2021,62484,E
b9c5b9e3-bfed-4592-baed-86e22ac6b786,2021,12313,E
c4fc4cc6-7324-4164-8ae2-037d2b415eae,2021,1136142,E
c9fe1f10-72a7-4d44-a8a3-1a13dd463358,2021,317,E
7c6ed273-b206-42a2-a834-7cdfadc9e571,2021,53331,E
30e2f038-19f1-4589-98ae-c6fab504199a,2021,11452,E
6ebc41a2-3fdf-4c43-82d8-57c5b07ab7ab,2021,13595,E
7128a2c8-e16d-4a92-aeed-b83f9ce92adb,2021,101942,E
a07a60a2-b0ea-4900-b21c-44865fca6f72,2021,13595,E
3777f46d-2555-4b49-b8de-9e9101cd410d,2021,13446,E
d312ebdc-7131-4d7d-bf63-3a77430df2b9,2021,13595,E
580402d7-ac61-4d76-a7d4-6b0b2b7b3ea3,2021,13277,E
facf9a18-ac21-4779-9f9e-129805075954,2021,13277,E
59add1ab-92cf-4c60-95f6-940fb7b889f8,2021,18584,E
7cf5fd14-46ef-4bf2-9aec-bb9bc10acce5,2021,18584,E
ed25e77b-f0ca-4bda-9df5-c5c8a4784336,2021,18584,E
3d132adc-71b6-4980-ba68-9b64633c59b1,2021,102590,E
04bbd2f5-4cd6-48b2-9282-508f3af550c3,2021,102590,E
d037d26f-9b73-48bc-8eee-7cf20ff7d8ae,2021,1113582,E
95b83736-a517-495d-8689-f830563c2204,2021,1113582,E
d1628b39-1425-4ca0-83a4-8a46df75a736,2021,1113582,E
3194c807-738d-4f84-8276-54bbb1e51c95,2021,1113582,E
b1120496-a79d-40b3-bd86-0ff735453345,2021,1113582,E
fea9a4d1-d7a5-43af-a9ff-edfe9f61d24e,2021,1113582,E
6e875f80-c60b-493e-848a-8c5c148bec7b,2021,18559,E
2009afdf-d76d-464c-a2c5-5827dcff0490,2021,18558,E
71c46109-3a62-4f42-b16f-feda026d08a5,2021,18559,E
ff82b4b7-37dc-46ba-918b-3f73805c3a81,2021,1113582,E
18ffde61-d278-4b89-837a-2508d9388de5,2021,1113582,E
c95eb045-831e-483a-a0e1-84061ab00fd5,2021,1113582,E
c723eb67-1869-434e-9709-12833dd9f10d,2021,1113582,E
bd338b60-4063-47de-ad3b-8a746639ed53,2021,18559,E
439ac09e-39a4-4ae8-9a6c-aede45aaffaa,2021,18559,E
1bc8dfa8-c385-4cc5-8e8e-98f6257a4134,2021,1113582,E
3438b361-7188-498d-b692-f148d7e4c235,2021,1113582,E
1a31b98f-6b4d-4fa7-abfe-d02acca6d3af,2021,1113582,E
7c04fec1-0e45-4760-ac1c-302b3e116e11,2021,1113582,E
99cbaa67-e9d0-4672-904b-1b883dd9f25d,2021,1113582,E
7a770662-6e1a-418e-9799-89e5fcc56ab5,2021,513,E
5157ea68-c0e6-45fa-b72b-5419edaefc7d,2021,513,E
7eb55694-de21-4374-8100-dbbab008c22a,2021,513,E
e6a68194-ad18-44c8-bad0-e871186f25a0,2021,513,E
942a4854-5791-4727-9013-260c1e110dbb,2021,513,E
0e85fa12-d451-467b-bb67-9d6dfc0244c8,2021,1113582,E
d08eafba-b413-4d7a-b7fd-209fbc66c4bb,2021,1113582,E
d5c4ce2e-49a8-424a-82ce-90fd69e90c0f,2021,513,E
01303ff1-5ad6-4339-9dfa-8627c26cab58,2021,1113582,E
26bb3505-fdec-4fee-aa96-118954ec0596,2021,19042,E
30bfa037-b42e-4dbb-ad90-f39795c374df,2021,99820,E
85507350-22a4-43f6-9db0-0258cb73d5fd,2021,99820,E
ae3bd1ef-72e9-406e-a9a3-510ad23a3533,2021,55402,E
c327cbd7-d2fd-454b-aef9-ac3273ba7972,2021,101942,E
45ffd261-e882-4651-83c4-82ce4d44e3be,2021,101942,E
38876b37-4173-4500-a141-71e48c7923b4,2021,86318,E
1898256f-e841-4ce2-a2e1-413102741280,2021,86318,E
fd7d16f7-5c03-4d07-bc8f-767304a1ca54,2021,86318,E
b0920707-e2cc-4249-bee0-e8b39b0a92c7,2021,86318,E
a514fbba-b038-4270-bfbf-208061bb0a2d,2021,86318,E
5a7c2b4e-fa4d-4839-b1c5-276b37a19f05,2021,86318,E
d1cf28ea-2c1c-4d28-b3ac-d4089c5939ed,2021,86318,E
ad6585cd-c0d8-4d1e-9324-7cb876a2a70f,2021,86318,E
7139a106-4285-4bc1-bfa4-802dbff95689,2021,86318,E
09f371d4-3ec9-4242-805e-aba8566603f8,2021,5000143,E
c58b6f89-f391-40f4-a8db-61c3fe7b46cc,2021,5000143,E
1bd60be2-8927-4796-9a5f-ba1414f5fe6d,2021,5000143,E
efee1e05-d5cf-4767-9328-96d4e262055a,2021,5000143,E
d91f005d-a2d9-4f86-ab1e-fa36ca8ecdae,2021,5000143,E
d278c5a6-3922-472d-9a01-85815ccac237,2021,5000143,E
70b4905e-2ccb-49a8-b315-785565be58af,2021,1103723,E
95747ae0-6cdb-44f8-9652-29f33bc0efc2,2021,47069,E
3fd2b25e-43f9-4c71-bc72-295a0877f456,2021,47069,E
36fa0644-8d87-4efe-91d1-668857d40c84,2021,86318,E
5b45ae24-361a-42ff-9b36-4ed534a17423,2021,86318,E
91abeefd-523b-4bc5-9b9e-f6eda27c6788,2021,86318,E
12fcd702-6ae9-4149-81b4-dbe55c3ec1b2,2021,86318,E
bb52eaf4-0ef7-424e-bc49-ff7e4f2fac9f,2021,86318,E
8c5d73ba-6d0b-4da3-8fbd-4ec548722395,2021,98305,E
cb2f4819-6979-4659-bb84-7c384a86feb9,2021,1103723,E
97ef2f5b-23ca-4840-b605-581e952fc014,2021,1103723,E
6e608f01-4c86-4b54-8b4e-b0d9341c4f78,2021,1103723,E
60a04bd6-b997-4d81-91cf-5a4a80f1e503,2021,1103723,E
4a73ee97-be02-47e3-b9cf-9e6aa236be15,2021,1103723,E
147efb47-0f52-4ab3-b357-c8f7677f7811,2021,67601,E
e1427386-c70c-46fb-9273-e860fda44ba9,2021,67601,E
a8c19dbf-7ea9-4fe3-af58-8bd8e62da7b4,2021,73898,E
d69c2ba7-ddc2-4e06-98c7-dbd1a0a1b874,2021,73898,E
b86861af-c927-42fd-aba4-7f9cdba3c4c4,2021,73898,E
16662c86-7250-40df-b5fc-e74e48c25340,2021,73898,E
137b9902-5b4c-4ece-90db-ebb53f08e9a4,2021,73898,E
632aa9f7-50fb-4207-9744-431b4c5bf527,2021,73898,E
fa66fbc5-d6ca-4534-ac47-2b53111ced19,2021,73898,E
fc936b7c-2a37-4eaa-9d53-157a2cc1c4a0,2021,50082,E
64a91379-990d-440b-b1d6-c205ed886fa4,2021,21464,E
f709562a-749c-4bb3-b2ca-e69771e77bc0,2021,21464,E
daf46dd6-1ad0-404c-8574-54aa28685642,2021,21464,E
9340f4ab-a5a3-4ed6-a06e-cf2bdba36f8e,2021,1351760,E
34eb01fc-e885-4d56-acfc-d784ab984bb6,2021,1351760,E
f24a7b29-f704-4b76-a5ed-53599810a145,2021,1351760,E
22cf4ae8-c25b-4715-bb99-7c708c51d6d4,2021,318882,E
d0e286b4-ad0b-4620-8cac-234ad71bc206,2021,1190071,E
fee8c01b-a016-4647-8598-645f317d5adc,2021,1190071,E
e5a2f0ea-3e1f-4a6e-a663-f8e1d9f41e47,2021,1385488,E
eba862e8-f274-4983-b867-dd671f482738,2021,13595,E
b288bcdc-52d3-479f-8209-5b3dadbcd7d9,2021,13595,E
60e7a615-c144-49c8-b5fe-2c5ac8e08570,2021,13595,E
bdd27e83-c128-4abc-a5b6-8ce2b5fe1e00,2021,13595,E
6db35cde-5ed1-447e-b606-eefb375e525b,2021,13595,E
2e71a51b-6795-4e9c-9d8a-f15a1ef45c87,2021,13595,E
e36532e1-3c13-415e-9627-b8dc545e50f0,2021,37862,E
778570fd-398f-4fc7-acd0-4217e4782381,2021,107360,E
a09f5206-9705-4c16-9370-66a6437b020a,2021,107360,E
d8280e00-9ec5-41e9-97b1-1708453615c8,2021,1265453,E
884bb86f-04fe-4e66-9200-451cd9d5bc74,2021,11730,E
e4f8e72e-5ded-4c8d-aee8-95e6a3869606,2021,11730,E
5bbe0db3-0bb5-4631-b1fa-cd104d0a6b49,2021,41238,E
e319059b-4350-41f1-a83c-b78ef83d1406,2021,41238,E
50cd78c9-1ff2-43c5-bdb4-2adb8a28aecd,2021,41238,E
d831a32a-2345-4753-af9f-5cef01428d59,2021,13446,E
824f4da7-0746-4cf8-abdf-e50e07282d6e,2021,13446,E
367d37e3-6e1c-418a-a024-316b11cfb3d1,2021,13446,E
1cb5f6c6-58a3-4ee2-a9f0-abe8e02b7d11,2021,13446,E
f5c80900-feac-4ea8-aeab-5d97b6c003c2,2021,1148708,E
3317b3b4-1316-4244-a364-cc4185f0362b,2021,1148708,E
9f4e4793-9de3-42d1-be9b-e7ccb6d94d03,2021,1180773,E
e0d5094a-6373-456b-9faa-1dc363560cb1,2021,19047,E
ecca2bcb-69a3-40ac-995b-bbe55886f65c,2021,83388,E
a5711862-563d-410d-8e43-05b26ab31ab9,2021,83388,E
fd607b8f-37b5-4e76-bcc9-9a458576636b,2021,1376181,E
a34f7cfb-55b0-4ba3-80a2-edf139fc146e,2021,88084,E
f0155cd8-4065-4f62-b2b9-e3629644ab45,2021,1180773,E
751ae442-ba9e-42ff-9f5e-3aefb9b68109,2021,49054,E
b4b289ec-83cc-41e4-b662-0cf9a8973abf,2021,49054,E
9da33be0-8397-411b-91f3-9c3e9a7cccac,2021,1180773,E
2f027324-bb67-46bd-b660-068214203278,2021,73898,E
ea861ef2-0f52-426b-be0a-3240d46f3039,2021,73898,E
17d7596a-b5ce-4bbd-a7f3-ae6bd754a2f7,2021,1136142,E
8e3343b9-8a6a-4f94-87d4-a536562b3519,2021,1136142,E
33ca0113-fee3-461b-96dc-960ea2b2cc94,2021,1136142,E
5f430a00-8107-441e-92ed-d2676d069be4,2021,1136142,E
65411e1f-e3af-46d1-a413-ac897518df18,2021,1136142,E
d07ed2ef-ba4f-4e1f-8e82-6d18268fd3c1,2021,1136142,E
c668f8c1-b87d-4f78-a011-91143fa4a8bf,2021,1136142,E
db6cdd1b-0b37-47e1-abd0-50b979a36d86,2021,1136142,E
420ede0b-3fa6-4b4a-9a21-4971c0391719,2021,1136142,E
c0a55910-7d3f-4b8a-9e95-a69706ae72f7,2021,1136142,E
bbb93eaf-e2ab-490e-bc36-2e87bd923862,2021,37862,E
d0673819-19cc-4e4b-86fb-9e86825e87a1,2021,73898,E
c651ec55-8f1e-4359-8a61-aa51d477dacc,2021,73898,E
54e267f1-cddd-4a3a-b33e-d97424343dc5,2021,73898,E
7463ebe0-de00-4b0e-8064-af7c08bafab3,2021,1110857,E
4cbce463-5152-4946-a130-7acfa9410172,2021,1110857,E
eca37d94-98e1-4539-8600-cd0d7f6757e3,2021,1102628,E
ac9e25a6-2249-4c1e-bb9d-c2ead2b2ce0a,2021,90030,E
cdd372db-0ea4-4d38-94b4-ac51217435ac,2021,118420,E
79641348-1864-4391-a2c6-dfd5003b6567,2021,1102628,E
179411be-7270-4775-9ddc-d1c5b2d9946c,2021,1102628,E
1f33867a-6428-44e0-a975-6697094a692a,2021,1102628,E
7b5b7171-f6d5-43c5-9768-3ecd773a06fa,2021,1032473,E
9170ca29-b164-465c-9cc2-2a4e04be6966,2021,1288839,E
b00779d5-bcb4-494c-be70-591c4a5af8a9,2021,37862,E
c21911e4-6f8a-4d97-acb4-c00c90f09aa4,2021,118420,E
da1a7e0b-408c-49a8-be87-8ffcd6dfa9c9,2021,118420,E
d5ff3375-2244-4dad-99c6-0b56aacaaea3,2021,118420,E
944bd6ba-9ec6-44ed-84e1-3ad77682b1ea,2021,118420,E
655e7df4-19a5-460d-bbef-14d1f6975742,2021,18267,E
4e9f5135-a155-44a7-813f-a87f245d018e,2021,13401,E
42c30bc5-4a67-45da-890b-0ae2530a43d3,2021,113455,E
4b129ca5-2498-410d-ac7c-63f08549097c,2021,113455,E
cf8bd1e7-250d-4197-859e-0031a3884c4c,2021,113455,E
28b11512-1ade-4ce5-95e2-f534a7939726,2021,13401,E
bf49700a-5d3d-48e6-9967-48bc83ec6497,2021,1110857,E
7a46f71c-4920-4e96-bee3-f2922d4dbf69,2021,1110857,E
aae0b587-aeed-4efa-ae8d-d22f47033568,2021,1110857,E
afabbe4f-4e7f-48eb-8bc1-f99a4f916213,2021,1110857,E
c73f2dd7-c1a3-437e-a49e-447770aac0fd,2021,1110857,E
6446dd65-7dbb-430c-a3a5-bce680e6cd7d,2021,1110857,E
45c2b044-6423-4d1c-87a4-f7870053ef50,2021,1110857,E
10be4a81-30cf-4077-ab49-3cd5ddefc2bb,2021,1181327,E
da3b0b78-aba4-4289-904a-ef891c6b315f,2021,1110857,E
8afbf95f-8e8d-4256-9169-73b750a2476e,2021,1110857,E
67b7e985-6623-4c7d-bfe4-0c7f54e18c19,2021,1270680,E
dfd14b18-4ebf-4e42-b52f-958c2ee5c72c,2021,94762,E
0164b02f-8c68-4879-a8a6-4acc40e2f0ee,2021,94762,E
54995caf-066a-44fe-9ef5-f6c7b4487bac,2021,94762,E
d47d2296-57d5-49ad-9b15-4f6718c70b09,2021,107360,E
bdeb6916-7457-46d6-b165-b77965bbf185,2021,53342,E
4551791a-239f-497e-b7fc-17b9c25c25fa,2021,1181327,E
348400b4-c294-40cb-9bb5-2f2a96633834,2021,1070485,E
0f910da5-0dd1-4584-ad8a-88a1f2bdf256,2021,20009,E
3753892a-9635-42a5-aba9-6c3d0bed57df,2021,20009,E
901ed78a-ee42-41a8-aa94-4916728625d4,2021,1306689,E
c6e29402-c115-4a9d-95ec-473cea012f43,2021,1299927,E
8e658611-e26f-477d-8e61-2cfb74ae2126,2021,1132918,E
befe9041-80b6-461c-a29f-a91dc78f0e52,2021,12025,E
79145cbb-beff-4f6d-9ddf-4a76d6bfb48f,2021,1047907,E
8f1fc568-b9b9-42a8-9d98-df78605e119a,2021,1047907,E
6022cd77-8b19-4914-88f7-bbb3231b18a4,2021,1047907,E
d11f9824-acd0-42b4-bccb-59c715803237,2021,48675,E
f6e40366-52b8-4e1e-a72c-e6e93cfecefe,2021,13277,E
703f16c7-0806-4517-808c-f5c09e85a633,2021,13277,E
f49b20e7-fa11-4f48-8b39-71e9f81068f6,2021,1204325,E
b6fc3515-9865-47b8-8d31-f03f556cb52a,2021,1204325,E
7688a277-6d4d-4e47-be06-2078e17d2821,2021,18250,E
c0a0a120-9f15-42d8-b4f0-65c68dd7156a,2021,74737,E
24dd6470-0ba5-489b-bb44-c50faf50cc0c,2021,18250,E
331fb703-5b08-4f42-aec2-4f5b5b9c9bf4,2021,74737,E
7ce83476-eb23-444c-a619-ff9390059433,2021,87396,E
669149e0-65ee-4106-93d3-1933e72c23b3,2021,87396,E
a8c08375-3f7d-437d-a38d-944a5da56100,2021,1042278,E
06e7e03c-928e-4738-ae5c-341a9734339e,2021,1042278,E
368f0d2f-a3bd-43f7-b4e3-f20889fdfdd8,2021,1042278,E
005c580e-2db3-43bd-ac6a-a366fb0a27a0,2021,37862,E
a630c29f-ffc4-417e-a22c-934b474fed32,2021,22047,E
3e9c96d0-1dc0-44a0-9fe3-f6261659d832,2021,97778,E
2b6d9253-a3b0-4fb4-9df4-32c15a17ad16,2021,98595,E
6ec8756b-ba68-4f62-bf7e-b6319605336a,2021,51020,E
a1144eb5-e52a-4f77-9ea2-0bd653dd2cd7,2021,113687,E
43d79fae-591a-49f4-a5d0-db1542304913,2021,59122,E
1b385b59-4806-47d2-8015-2bdbeefb97b4,2021,56172,E
5d0c3b9c-275a-4def-ab07-11f58e34076f,2021,56172,E
69c1e50a-af14-4927-bf4d-42d634f0fdcb,2021,56172,E
dd522ba1-8000-44ce-8cf4-069739524c1e,2021,1427745,E
c28f77a8-ec29-43fe-b23d-7ec4e6791e9c,2021,1427745,E
6057fd9a-7273-46d3-978b-bb6466800964,2021,48205,E
cfcde973-211c-46b9-b09e-c8479a03405e,2021,48205,E
9f4b3a7b-9e25-45f9-9aca-e05076198186,2021,48205,E
4abb484b-b99d-4a59-86d4-b6f4c7c08388,2021,48205,E
5c9fb075-4392-4c4c-9e2e-fbdd40888d6a,2021,48205,E
b1c79357-3e52-4025-8569-06290ff4089f,2021,48205,E
862bf79b-6e50-46f4-8d3e-23d5e87c7d57,2021,1314243,E
73552479-e925-4ee5-a8e2-ba11a776f8d4,2021,9414,E
a7a03bdf-56da-4d47-9528-eb189672353c,2021,1103723,E
30abd566-2514-4c1d-94f5-ee50df685693,2021,9414,E
943326ed-5837-4159-b880-864ec852577e,2021,47505,E
9d0fca55-f411-4f76-ad3b-7f056aa02d3d,2021,106996,E
5a45388a-8b4e-42e2-8bd2-01e1ce48b553,2021,117532,E
d4c3364e-137f-47e5-a429-b0357ad2d473,2021,117532,E
48c02c35-4726-451b-8ff2-66e740ea817d,2021,117532,E
4521730d-88fc-4062-835e-9570895f96b2,2021,55777,E
81199f64-0a1f-4ef3-9620-9d540c6cfb5a,2021,13401,E
c4d62536-b722-4897-9809-5b11b8012011,2021,114616,E
c1a8201b-26c6-4434-aa40-ac1e43c6a9b7,2021,117022,E
40c3b3e7-bf9c-42fa-8083-5e80d05ffccb,2021,117022,E
aa994f3d-76bd-434b-8541-6c6b1798c3da,2021,1300429,E
e4a6b611-3c6b-4faf-a283-b57049e974f6,2021,1108692,E
da12c538-5b25-4b19-8eaf-a44c5aa63bdd,2021,106996,E
082def7d-6285-4436-9dd3-6450203e253a,2021,1272079,E
7c9c6e0a-abd3-4165-9b89-9fe07d050435,2021,95175,E
1e78d7e0-f784-412b-b167-9ab0916033a0,2021,95175,E
391e6304-312e-4eb3-a1ec-d86f3015925e,2021,95175,E
b910d5d6-6d24-4fed-bdae-92081c0b30a8,2021,95175,E
d604bb43-5818-4f11-84fd-31fc26bcd149,2021,95175,E
e1a04f70-16ad-4c8a-8cd7-b7f4be4fcb16,2021,99820,E
81a8fa45-34a6-48b4-b1a2-536c6d604ef0,2021,99820,E
ad71ad08-1262-4603-9e48-1ee7cabcccb5,2021,58808,E
5388f55d-a1d7-465f-b8dd-cef5bfd7ef4c,2021,20009,E
d2dede6d-e662-4363-beb3-ec2f7aa7be7e,2021,58808,E
57ce1bdf-15e3-4ee6-96db-d07e1c053aed,2021,1203177,E
a765ceb1-3985-4940-8ddc-b162c9104d87,2021,98595,E
2100abfc-1adb-4a50-9a57-ef55ccd435d3,2021,98595,E
94b1c68e-099c-4248-ae2f-2f9c02a6a507,2021,98595,E
562dc035-3a1d-4cbf-a132-bf0daf6f92b9,2021,98595,E
80969b5e-aa83-46a4-b2bf-a7238ce16e95,2021,98595,E
ab609a64-4bc6-4be8-a7aa-1b849b1928f1,2021,5000135,E
b02f09f2-c324-412f-bb13-a884d807c217,2021,5000135,E
e581e438-b386-4fcd-8c61-1e6707c67b5c,2021,1270680,E
638a2647-ea7e-4c9d-93ec-76c4566593f0,2021,1322390,E
e0c7c9cc-3562-45d2-9223-07d76578015e,2021,1322390,E
b711574d-c7cc-44ef-89a2-dc11baf1782a,2021,1322390,E
25529a78-269d-4e90-acd1-eb46ad0636fc,2021,20756,E
d21a27fd-fc30-458d-9918-419567334df7,2021,20756,E
0b1b2729-f873-401b-a04f-2e0b1232611c,2021,1101244,E
f1303641-1343-4965-b63e-b0ec65d50e0f,2021,12025,E
47b5d473-9367-4be7-adeb-fffa9a68c6b3,2021,12025,E
0e0b09e5-f6da-4d6e-8b2c-c2423fbeeeb1,2021,12025,E
8f7aa51d-66a0-4d6e-b167-71e6ce84a320,2021,12025,E
5abb4cf2-3b11-4e66-b40e-5c65ec8660f8,2021,12025,E
5f3210a3-4040-4f10-8971-c1ee727e8cc6,2021,98595,E
bc4afc77-1204-4b9e-b220-f96b996464a1,2021,12025,E
f70adcad-8a7d-484a-9c1f-caf74cab3c10,2021,20239,E
59438666-5e44-4766-9da2-5baccd95d24d,2021,1190071,E
a7ea6cb5-7003-4988-bbbc-9cde414fe513,2021,1101244,E
709d64ea-c121-4984-ab43-521d36d1cec0,2021,1101244,E
1cf8c5a9-5098-4c52-9399-6665084a8600,2021,1101244,E
9b63fa47-5625-4c85-901e-5207ff28efd0,2021,1101244,E
9a410ba8-fe39-4a85-bb87-6ed8a8f8cfd0,2021,1270596,E
2c7359d4-8fbd-470b-a46a-548ca28a1125,2021,12025,E
4c24fcbc-62e6-4610-baeb-1da398a2546b,2021,49071,E
4f582ab6-eab9-4e7a-bc93-7b4d707ee55e,2021,64664,E
3059c557-3d28-4865-9e75-b23aeb0c40e8,2021,64664,E
4f7be875-b17e-45a4-9dc8-f9a3f002d6b8,2021,1270680,E
7ebac561-12ad-41f0-87aa-819dd62ba82d,2021,12025,E
00f32b89-007b-41a8-898a-644394b644b3,2021,64664,E
b18ddda3-f003-4939-9b77-74c36f0b009d,2021,64664,E
763196b8-b09f-4580-87f2-9d6afc161c32,2021,1376131,E
89fbaae7-8686-44f0-b8b8-1533451e7028,2021,64664,E
d380ae55-e567-4317-b733-aab956a06783,2021,64664,E
82f131f1-9c11-4b37-a6b6-d0cb7d2b7c4e,2021,64664,E
9385093c-a804-4219-bc23-0bdc3dbbeabf,2021,64664,E
121a4282-5cdb-4194-8dda-5744b2c90d68,2021,64664,E
81ba87e9-300c-4d28-a59a-f2ac128fa258,2021,60886,E
7ee7fe68-6841-4b44-a0f1-ff61efd7580f,2021,60886,E
a627c72c-b42f-4fc2-ad34-8334dc1f3348,2021,60886,E
5876aee3-8d24-4706-a835-0df72ddea25f,2021,60886,E
8a85a08c-a5e6-47ff-b3a9-fa2b77e67aa5,2021,60886,E
178d6c12-27e9-4abf-8523-021480f4f2fa,2021,60886,E
e7d12cc5-3e07-45b9-8331-4041574db916,2021,60886,E
82f267fb-66ea-47c2-a914-cfe12e2f020e,2021,60886,E
2853337f-9323-4140-b38c-aa0fdfeb6cde,2021,60886,E
5137c47d-9ea2-4221-83bf-7fd67009a833,2021,60886,E
4ba497cb-9f8b-456d-9a2f-7c0c76e102f0,2021,60886,E
693474bb-4919-45b4-adac-02d3fb7f9377,2021,60886,E
089b45fd-5856-4cdc-8947-e939f8e35135,2021,60886,E
1c65a756-3c6b-45c1-9420-5cc694a8144c,2021,60886,E
e1e89a22-23a6-49e4-82a6-960e9f5116a5,2021,60886,E
68378547-4126-4945-acda-8afde5b74312,2021,60886,E
638d149f-338e-4247-a3c6-f5286c364b01,2021,60886,E
f8444417-3f0a-4b2d-9a8a-fdd659bcdcb4,2021,60886,E
2252a815-c282-43be-bd44-080ce255fdbe,2021,60886,E
28d4b86d-ed88-4266-b2bb-82849299a4e8,2021,116770,E
5932a574-5333-419e-829e-aca3b9016df7,2021,60886,E
7b50fec0-4d4d-4b03-a5d6-bf7631674ac2,2021,116770,E
e3c10f70-3d81-47ac-af15-a7730faeda88,2021,116770,E
f1922026-6cdd-42ca-812d-d623686f556e,2021,116770,E
3463e86a-8307-4845-a3e5-8da6e28eeee7,2021,116770,E
c4349c31-2334-4840-9a29-e6d8301d6fd1,2021,116770,E
3bbcdf65-1cce-403f-b692-c6b0d4cfa928,2021,60886,E
96f6493c-40e6-47d4-ab23-8f19effc51ce,2021,1270680,E
36db7c83-928a-4cf1-b589-3895eaad5b42,2021,1270680,E
3fa89610-89a7-43a5-8f76-9dca1fef7a01,2021,1139692,E
0885a830-66dd-47cb-b76f-befba6c1c49d,2021,1139692,E
a904187e-04f5-4c4b-91fa-7e88a39253f8,2021,1139692,E
69798f7b-18b6-4f50-8d3f-eac7e6ce6460,2021,1139692,E
d351d4d5-15a0-446c-947a-91061792666f,2021,1139692,E
8881b1a8-87e6-4101-8cfb-4df188b20df6,2021,1422296,E
479e34aa-ee73-4ac9-9e5b-8a46fa6c6c39,2021,10515,E
08b33468-223a-42c0-8fc9-0b10d5b4e85f,2021,106167,E
7ff09a98-3a53-40ca-9ba1-fac1b20f8d23,2021,106167,E
06ee8b9b-4426-43d1-ba57-4c70ae79f4ab,2021,1166783,E
a17e4cad-7d2c-4d72-aaec-6fb868d302d4,2021,13980,E
fff8b718-658c-4ca5-855d-83be9845af04,2021,13980,E
72dfab32-51b5-4eb0-833a-2512ec670da7,2021,10515,E
1a37cf82-c038-41df-888a-1f69702be99e,2021,10515,E
0a971a78-9b9a-4ada-9931-d5fd96f76a11,2021,1330347,E
85298162-2862-411b-bc61-4406ce03720d,2021,1330347,E
cd5fc8e7-dc9f-4bf0-8c53-ccbd0c0b0a6a,2021,1330347,E
a255fe24-1ea8-444f-bf09-bfe5e253dbdf,2021,1330347,E
fb971f8c-6f33-4c51-973e-721da3dcba1a,2021,46377,E
f64eda20-34ee-41d1-ba92-1785fb6eea4d,2021,46377,E
861dadfa-8c7c-41f7-b9d8-6584513c6f7d,2021,18671,E
89b5a94d-93a3-4385-96c2-3d8d40da7250,2021,12313,E
ca410f52-e2d3-466e-81c6-bd05ea364ecd,2021,12313,E
a62d13ba-06a3-4f8b-be25-33bb1c3fb0b6,2021,12313,E
d39359b0-424b-4016-b9ec-fcda40f9cdee,2021,12313,E
a207bcaa-8f91-4bc8-9856-b85438852545,2021,5000951,E
9a700a31-64e2-4819-8309-5dfd1410cd5f,2021,5000951,E
6b4f5f42-3b78-4e09-9996-e53cb0365658,2021,1181115,E
7579fe56-3652-4179-b8dd-1da8e6580a7c,2021,1181115,E
9e203981-43a9-4e19-9d48-f6584c6474b7,2021,1181115,E
4448d844-6bdd-4b9e-8059-23eafa25a8b2,2021,1181115,E
f5dbee53-2563-4187-b492-a091f6b78bc2,2021,1181115,E
2574c932-582e-4ea8-a4f0-8579a51971f6,2021,113813,E
a728a254-a995-4db8-a217-945d483e456f,2021,5000951,E
adaa4fe8-26b3-4059-a28b-2738f5205cdf,2021,106996,E
6b061514-3fe8-4e9b-a949-3545c0daffa5,2021,1533190,E
71063465-48a2-4dd0-909b-90f83d190e2a,2021,1318224,E
0ee00538-c82a-4e45-8448-6c097df2f283,2021,1318224,E
29fbed7e-db93-45c1-ab9b-fb6cf70a01be,2021,1047907,E
99c6fee6-b4a6-4ea3-93ee-a8d99d4de06a,2021,43664,E
ee74c7e3-c997-44aa-bcc9-64c319e7fd5f,2021,5000135,E
b304d427-1cff-4b79-99d3-c920d3c356f1,2021,5000135,E
7920b726-9a3b-488e-82ca-cb1b0411ab48,2021,513,E
3e783015-46f6-4335-9bca-1b15d438faaf,2021,43664,E
187be309-b248-4800-ac8c-8b3e5dcae1bb,2021,43664,E
2cd11e1c-19fc-4110-9495-90b4cfd0a578,2021,43664,E
c0095948-86ec-41c7-bf60-a233a5a9e92f,2021,2209,E
74442e71-6c87-4981-b1fe-a4a7a9a9be2c,2021,2209,E
d3296e06-b7c0-4215-9389-3cfa65433d92,2021,2209,E
d132ae65-a2d4-496b-a5ef-c7bf8b2f5e3d,2021,2209,E
62f8234e-eb65-4bc1-8a20-5d0c26be98e4,2021,2209,E
98e8ecfd-a9ad-4371-b6ca-d8a85b97e65c,2021,2209,E
31372d3b-3cda-4e59-946e-173459b61e11,2021,2209,E
65c20df5-d58b-4698-a67e-d8f3c65d5d32,2021,2209,E
2e3785ce-9603-4a42-a4d9-a7177a6f5cf0,2021,2209,E
12941478-4c1c-4c2d-a19e-c3b719d42c80,2021,1047907,E
bf861347-c917-404c-8b24-d9fde0c8182e,2021,48675,E
aeab36d1-33a3-4f64-8d3a-968dbfa8fe39,2021,48675,E
9d2ecc15-bae3-48b8-91fe-49668ac16d4c,2021,1042278,E
a8bb4a04-ef6f-43f4-9550-192c13638c66,2021,1042278,E
7c1dfe91-a2e8-4e85-8c76-378c25b3a40f,2021,1042278,E
e35064b9-4740-45ce-aa97-6bd6bd657de5,2021,67601,E
dd59b89f-a4f2-4519-8321-af8acabadf44,2021,103062,E
4cba049b-df13-419f-b5ac-8b0ee0444b92,2021,103062,E
3167e4a0-b52e-4c83-a2c8-0b06cb5e0e0e,2021,103062,E
1025c1ca-c9bb-434c-9c38-9f9986f69155,2021,47051,E
17d0ac1d-a65f-4c27-839b-c7f421b4ec3c,2021,22061,E
e3279303-e174-4830-9a14-e56d20d2f5b8,2021,1161716,E
52a52c5d-04e3-43ab-ac65-90383ca83e5f,2021,1161716,E
40becbaf-6903-4eba-b75c-67687aaa6e2f,2021,1161716,E
ea5cdd2b-a80d-4f8a-85e3-78e1fdbc77c4,2021,1385942,E
ef8bbc60-a23c-4042-b63b-5debd5cebbb0,2021,19047,E
d0b82aa9-5852-47aa-b949-cd9fdaf363de,2021,9425,E
0cd63c7d-b3ea-49dc-ba49-fa9deeb88fb6,2021,49054,E
3f35c7ee-8fc9-4282-9c16-fd6351028287,2021,49054,E
6225c3b7-f9a3-41b6-8a84-3d1e14129a7d,2021,49054,E
4b94b603-0c0c-4771-bc02-27ff8804d316,2021,1306689,E
eeb756f8-3344-4487-b3cc-e817e201528b,2021,1306689,E
4349a519-6da1-4fdc-a096-4e5ab4ba4b54,2021,1306689,E
3aebbe6c-1782-494f-9904-9f5c41521025,2021,968,E
89a3e61f-ac33-4f48-b7e3-3178cc164a9c,2021,1103723,E
bbc29f7a-9c4d-41e7-98f0-0ad3a2f443fa,2021,317,E
fb8735aa-7b81-4576-a4fa-53f80616d205,2021,968,E
d8b39a03-d3b9-4e25-ac9b-6d4b1f2beefb,2021,968,E
c4146a2c-6291-401e-8408-148733769dbd,2021,55777,E
717cc4b5-7b2a-43ef-9c54-286df8ca89c9,2021,18683,E
a6616ae8-3b46-4999-a082-f0293888158b,2021,18683,E
0e1a258d-79a8-4420-b8d9-6e13945d2913,2021,18683,E
bf508987-ed90-45d8-af4e-d8c24787bc54,2021,18683,E
4071ff53-25dd-48e9-bb2d-13c181c738f3,2021,40343,E
0e3ad9f9-6881-462a-be77-3f896b0cee92,2021,1118057,E
c96d638e-788e-4c78-a783-9e3c39045c5a,2021,5000951,E
e567cd47-1285-41b0-b94e-c9c8700c3505,2021,5000951,E
c8b49438-45d5-49ab-b8d4-26844e9f2d1e,2021,1204325,E
babbb361-3012-41bf-a110-cdf3df5041c2,2021,40343,E
113bfd33-91b8-43d7-8bf2-378bdbefa25f,2021,13595,E
6340d20f-ecd9-41cb-a45a-3c8d0e377359,2021,98595,E
d40fe42c-3b95-433a-8ecd-8ed0cd9986eb,2021,98595,E
f5cece71-b1ab-4be0-bd40-526852ff4a74,2021,117532,E
65fc342b-28bf-4d22-abf4-47e909374e3f,2021,108660,E
6ea772dc-dd70-4f28-92d9-5958918f5377,2021,108660,E
04d3858e-b201-4409-8010-012594f96451,2021,108660,E
f39d77ae-9258-4700-a943-607bb706c92d,2021,108660,E
7391467a-c1ea-4012-870a-e648a46557a5,2021,108660,E
7f9894fc-b828-40cc-9ba4-02ea7b8bed00,2021,108660,E
b9182ec4-0ab2-40b3-b687-d988124313ec,2021,108660,E
13b859a2-a670-43ee-ae4d-62c7cd557321,2021,108660,E
e3cecd6b-3eb7-404a-8588-7440192ee81e,2021,1117717,E
2284b67e-08b0-4dbc-a333-7965786c6e2d,2021,9425,E
62d9d903-7572-4886-9af3-5f7dddfe95eb,2021,91262,E
1b2080cf-adc9-4d54-9149-74ebdfb7b63e,2021,62484,E
8e7310d0-99a9-45fe-9e74-6bb84dfb98e1,2021,117532,E
38590c82-fe31-49be-82bb-0b5ab29182c8,2021,98764,
c9f3b200-9ec7-46e1-8dae-9b2a2a558c6e,2021,98957,
15100436-8424-4c5d-ab21-e66e1b104e33,2021,98957,
f1e0442b-3f09-4cac-beb2-3b8d05acbd09,2021,49054,
6ade1180-dbc9-44a6-a537-c81fdf630759,2021,1283028,
609af216-2a4c-4a69-993d-a4725d4d092c,2021,5000135,
a80cfba2-98d8-4a78-b1b3-c316a5fdb635,2021,108660,
1e02fbc7-7335-48e3-bbf1-d9ea6549bb9e,2021,1102628,
6b33588e-8d2f-4c52-8799-a64bf0de3495,2021,9414,
5a7f03e3-eb9c-4c50-9975-d1eb32ccaa87,2021,108660,
3b2a8a72-f066-4ebe-9bbb-dc5a07cd01c1,2021,1190071,
927058ff-5efa-4bc8-b536-03f687e351ff,2021,1190071,
e5ac3815-0daf-4202-9740-8f4ec4caf864,2021,5000135,
6ccd866a-af83-4039-9d65-8e7428787b61,2021,113455,
7837836c-560a-4b65-a3a5-f65b0438ca01,2021,67601,
0221ff20-6124-4afd-adb1-4858764d6b52,2021,18584,
d548d3ae-d22c-425c-a6c6-c08a00f74ec6,2021,18584,
157fc36e-eb33-4f40-83f7-8effb091346c,2021,18584,
148bae18-ca52-4fde-86ea-a7896538069a,2021,18584,
34932dac-a40c-4e1b-ab66-ba68a7c080c2,2021,18584,
a5f55dcb-f9b1-4b6c-9c5a-a8d5a1762219,2021,18584,
a68f93d6-4f43-4b87-8108-eb7a3830df73,2021,18584,
9906f31e-2540-4761-bfa0-54f6ee9939b4,2021,18584,
117ef585-9900-43a0-a1c8-2510bac3f9de,2021,18584,
a31fd8ae-544d-41e6-8c15-67d19a5c3515,2021,18584,
ea313a1c-24e0-4194-85fb-e62b57bda2ca,2021,18584,
e9504bd5-a729-480e-937f-235ec9bfb408,2021,18584,
4c7a7b04-bc29-4a00-ab98-6919b1a1c7df,2021,18584,
5c3f0505-cacd-4f3b-bf70-bbe6b45643b0,2021,18584,
5c0b7c63-3ae5-458b-91c0-f60f7333cd35,2021,18584,
7d5dff3f-4adf-4025-8f35-60485d6483aa,2021,18584,
2ffbd87e-ad89-4038-ac03-e23bedf0c179,2021,18584,
dcfa8b2a-2064-4557-a0e6-d9a1115c0808,2021,102590,
7a85a932-e211-4df6-b9eb-44bdc959bccf,2021,18558,
fa66c2cf-d440-4848-887f-9b711d5c278a,2021,102590,
9f963a1b-0938-4028-a20c-f09bbb82a485,2021,102590,
0281f991-c4f1-422d-954d-eb72d5388473,2021,102590,
9246befb-ddd9-4d48-aa82-0ba2b99cb142,2021,102590,
580f86f3-2e31-49bd-84bf-59268f0f555f,2021,102590,
9c034c68-55cc-4e55-8ebe-3ee164a002df,2021,102590,
4aef44a4-661b-4ee1-b835-26367d71ef89,2021,102590,
218fd6b7-b197-46d5-8ab7-390bd8749ad2,2021,102590,
08e924c2-91ea-4465-9812-f7e499cc7125,2021,102590,
eeb4510c-9736-4cd1-bd8f-5c9f45399bd9,2021,102590,
3b83f32d-df01-44ad-ad3a-780762551df7,2021,102590,
f3df3e5b-7423-4588-81a5-8a7dc217f149,2021,102590,
5fcc82b0-67e7-47ce-b7fe-940e61dd0556,2021,102590,
7424ae9c-43f8-493e-9298-889ee85f3e34,2021,102590,
8de3c25d-b6c5-439b-b2ca-e6532e44360e,2021,102590,
d78517cd-5dec-49af-8f90-7a0b14e9761b,2021,1113582,
32094f2c-3b6b-41ee-9740-99c69adad549,2021,1113582,
6a50c075-51cb-4cd1-b2f4-9a08d21c3d08,2021,1113582,
21568108-da05-41b5-9ad8-21ab2e164a0c,2021,102590,
90f0cd42-49ee-4507-b2dd-540d6852b240,2021,18558,
de82086e-23a9-498f-8ab4-a8809d448e7f,2021,1113582,
c97eb4d1-1032-451d-8247-482138ce819a,2021,1113582,
209dc031-5d1b-49d2-9ef8-03a85a2ac21c,2021,1113582,
08a699cd-71ac-401c-8917-333c97d3c60c,2021,1113582,
86c9884c-94cd-4f5a-84a4-10aaea0b170f,2021,1113582,
8d2f8e48-ccb7-46d5-ab82-8c32e8757c5d,2021,104360,
b589f56e-23c4-4579-a3c9-5819b88109bb,2021,104360,
c6c75f38-2981-4038-bdb3-44d0fa6b707d,2021,104360,
00b96bd8-a8a7-4db1-81df-8138a4ce0b7c,2021,104360,
c9958241-9b39-472a-8f4e-bf40625844c4,2021,73140,
0546a382-ba4b-400a-b18e-cadd651bada8,2021,73140,
2d9390b5-d602-41ec-9201-ddc0f4d7f750,2021,73140,
1c3b9b0e-c944-42b3-8a2f-a58215e405d4,2021,73140,
13533a99-4f65-46e4-a162-c6f445f2f7fd,2021,73140,
9b6abeaf-ced4-4a07-926b-dca613db91f7,2021,73140,
3b754079-2b9d-4c1d-b68e-c1140669f885,2021,73140,
e2fa6849-5567-454e-827f-d67ef8cdd426,2021,1113582,
4793d5fd-2cc6-4f49-a86f-a9409914d199,2021,1113582,
df57731c-5b2a-4d70-9115-20b228a7438a,2021,1113582,
75f70664-f9b6-4294-bc44-441d0a23704e,2021,20933,
4e3af01f-40e6-46ae-bcd9-1f93957db306,2021,20933,
bbb33bc2-2240-4efd-92d3-cc374a8acfd0,2021,20933,
88b71d0b-317e-46cc-9cdc-0a213ffadea3,2021,104360,
80674d47-e0c6-4cf9-bc73-a957265578b2,2021,99820,
98b36a06-0b77-4995-8dd4-af8d8449fe33,2021,97778,
3dd26a19-0357-4910-8a92-0e21f7025975,2021,55402,
51b0334d-e344-4923-8c3e-508f2a428a0a,2021,55402,
b0d4e9bb-d0d5-4827-9e05-121b17070bd4,2021,101942,
8ea6347f-1c34-4c2a-9340-3773607d403f,2021,101942,
e85f1cb3-5495-4411-a3ad-a44c7ede9c40,2021,101942,
2487dc5a-b57e-4e11-b2a3-8c1e579cd3b7,2021,101942,
9364d9ee-8639-4476-9ba5-799bc8e10c24,2021,101942,
6395209a-1943-422e-88af-aa4309fbb741,2021,101942,
d4c077a4-0117-4d04-b8f1-b4a0ed9f57aa,2021,112086,
a7edc21d-73e2-4d0d-a8da-d04e5e783ac0,2021,13216,
5d2b5291-8704-4319-9101-0ab94e72ff47,2021,13216,
91a85608-cd80-4316-980a-e750df80ef44,2021,1267543,
b24df118-90c0-4da9-b268-aa4619c21686,2021,1267543,
047fdb00-4e39-4229-9097-f441e84f6f74,2021,1267543,
7b91f261-6690-41bd-bf2f-155ee0130023,2021,73140,
d25724f7-9704-4f8e-9ad2-f63129e4008b,2021,73140,
0c23c295-4aa4-4c60-ba60-62375329801d,2021,73140,
084bede3-9598-43f6-b284-1eb7ae566bf4,2021,47069,
d5c8c539-a631-47a0-8b7e-07b35c1ad44e,2021,47069,
aaf31cbf-c77f-4925-9f83-c4ca11aac4d8,2021,47069,
2c592422-a2cb-4fab-acac-6704874b0954,2021,47069,
8c4c60d7-370f-47c2-9fec-4bb3e2a9ea25,2021,86318,
dd468631-fb27-4b46-90ec-04cb7f6498e3,2021,86318,
01763a2e-883d-4a07-811b-642b65f661a7,2021,86318,
af8c9a09-0cec-4eb7-965f-5ebfb7fe9cc3,2021,11554,
d412b7df-13e0-4420-8331-d0a2764c5397,2021,1187671,
4854e1f7-5e8b-43ef-a2b2-6c3c631db11c,2021,98305,
08fd5b07-1314-48b0-bac2-a3f9165cdc6b,2021,1187671,
88ba3176-c737-4bc7-a920-34f4d4e94eda,2021,86326,
99f2b1a6-0aa5-41aa-a65e-885c17559fe8,2021,1187671,
d8c729cb-b7bc-4e5d-8634-16200f842149,2021,1187671,
3806fb25-8892-4d90-8ec9-8535edee812c,2021,1103723,
27df20d1-88b7-4d4e-9e7e-37646f4d16cd,2021,86326,
b3d59975-9e36-4b16-ac96-39c40dfffda8,2021,1187671,
67f89769-dd42-47f8-af91-52c56587f3d7,2021,1187671,
e077e630-e5dc-4dc4-a902-2105a1cfc359,2021,86326,
eaea859c-4f61-49fc-bd1b-42f5edc13e70,2021,86326,
30da4475-88a6-42b6-b901-8f3e86f146ac,2021,1187671,
88e17e42-1ece-4522-9d2b-9f06e1fd1869,2021,86326,
e75da934-0246-4968-aac9-28f623f5a9d3,2021,86326,
22a0a0ad-bcfc-40b7-a782-181914e83cfa,2021,86326,
663a6253-3cdc-4a0e-9010-6026b3474abe,2021,1187671,
0794ad1b-ebeb-474a-930e-726b9d94d1d8,2021,86326,
1bce184e-6299-4c42-a371-6bf8cf5a1dc0,2021,86326,
e6c7c903-50b4-4c36-8437-30279c27d522,2021,86326,
29fade87-03d6-462c-80e0-29567f8f6b87,2021,13401,
5866a45e-9439-4dbb-a1c8-0f1a33583c28,2021,67601,
a246a12e-fb56-464e-b9ee-6a7d2b8a2a4b,2021,67601,
b55a8233-388d-43d5-9b2a-2fafcc914567,2021,67601,
e44289a6-f332-45e9-9af0-12b71cca75b3,2021,67601,
238ccd21-b46f-4a44-9e67-e6c04971e536,2021,67601,
4ff438a5-9763-4af6-9266-da40d639ca5a,2021,50082,
9ffebcc9-e549-4165-a4b0-976bea82c528,2021,50082,
b9062e91-0933-453b-8327-3532798dc55a,2021,21464,
d4dd0824-328b-4b67-9f33-01a4a75acdba,2021,21464,
94058d49-fbd9-462f-ab91-097b6304ae10,2021,21464,
00cb2369-a391-489f-b762-e522d8f32ace,2021,21464,
d1df48b9-223e-4779-a2aa-ec99a4273f13,2021,21464,
1e4ef61d-a1c1-48b6-a93e-7ac0b308030a,2021,21464,
c03219a1-ba90-4e90-8e77-57b0285d8a5a,2021,21464,
d526ca63-f816-46a5-9b61-ac0adc1c5db7,2021,21464,
e58e8991-3203-4765-b280-edf5b5b29192,2021,21464,
2a59cd95-c0ce-42d2-b925-483401eeae97,2021,21464,
b440ca8d-d9d0-4048-ae17-aeb9713a4bf7,2021,21464,
8f85482e-cf05-494f-bf7f-15a590da9faf,2021,21464,
5f791139-ace8-4177-b816-e17b954c53eb,2021,21464,
3bcd2a8f-e189-4912-bf23-808e6f589591,2021,21464,
0349c03b-cb71-4e13-9cbd-34e9cc57ebc6,2021,21464,
73d1c811-69ac-480d-9d28-7466f52c24d6,2021,21464,
31bf2d99-0252-4be9-b873-e5899fdd90e4,2021,318882,
a27718ae-7da4-4a39-80e5-7b703c6c5115,2021,318882,
ef611988-4725-4db8-a1ba-edd72a2267d5,2021,318882,
dc278279-10c0-4205-bd62-b9f8e7d11ed3,2021,318882,
f132e8c8-8f4b-4a8f-ab4a-be152a4ab379,2021,318882,
04853d59-0cc6-4e38-ae48-fa25f1b8bab3,2021,318882,
3652084a-a147-4bb3-9b92-67046597c6b5,2021,43664,
f7936c5c-c246-4187-9a80-b4bbc3eb83ab,2021,43664,
f638a8ff-d380-48e4-bf1d-59605403662c,2021,47051,
c4a8aab3-b728-4d44-a1c1-b15bc7d4e149,2021,1190071,
b960c8bf-cc5b-470e-9431-56827ed0b70c,2021,1190071,
0df4538b-d320-405d-9adb-7f9a0c6a5ecd,2021,1190071,
c1556016-7341-415b-8a9a-2142768ae721,2021,1190071,
8ee91d6d-11e3-440f-b719-83d8f4f6ceda,2021,13595,
b92399c8-ba73-4d98-9539-ea09ea6e5c40,2021,13595,
94f97d32-0bfe-45eb-9400-34e496a69194,2021,13595,
95ecbc78-842e-4c5d-8154-cd8cd129c7c0,2021,13595,
1d94b299-ca76-4123-9785-d09dc5706f0c,2021,13595,
5da84602-77f7-408e-b5d0-6b00a11f30c0,2021,1267543,
3305d4a0-4f60-440e-9704-594cbed8d7dc,2021,1267543,
93cdc66e-056f-4e4e-a870-d0a68591d80a,2021,37862,
800547c1-1c9a-4afa-ade8-89d004b50760,2021,37862,
5948a44c-0171-4f56-9790-ca4f942d1908,2021,37862,
6141f2b8-ed8c-4cd0-b6db-c273306d444a,2021,118468,
de8cd61d-5001-4145-8b8e-bfe5eed01c01,2021,118468,
c729357f-cfe0-45c7-96b3-038e8a784f20,2021,1265453,
fc1619a4-817e-4a45-9922-f66120755371,2021,1265453,
b5cad4bd-106c-4040-86b3-f91f6c2804f6,2021,1265453,
00b34a8b-3c42-4808-b7b1-ecc2cf41d6c0,2021,1265453,
a0beded0-55a6-469b-97a3-c906a9744541,2021,1265453,
7acec56b-2c81-4b82-907a-76629317fa1a,2021,1265453,
ef40e20e-d893-4c81-b75f-6b2eab87cdb6,2021,1265453,
6bfc20e6-3fd8-4fa7-afb7-3c94f1b401c6,2021,11730,
60523d73-a2b2-4dbd-a1cd-619f7fd07a89,2021,11730,
4939befb-927f-4ee2-9ff8-8bee98df5d69,2021,11730,
dddd1215-9602-4217-b4bd-7cf7134323d2,2021,11730,
12ed6c13-08b4-4e45-a2b2-88fc5b6ff479,2021,11730,
d9cf52eb-d0a1-4d69-a1db-fe0f221f6782,2021,11730,
f5c5e419-7b02-4b2a-b095-97ee0fb5a701,2021,11730,
6c87bbd0-5dca-4d8a-806f-46e4c7c6858b,2021,11730,
3faa6279-f0d0-40f3-b2c9-30c00ad6e926,2021,11730,
65b5ab01-31a5-4ecf-a875-0923a4d46cea,2021,11730,
a739f371-bf44-4b6a-8261-14976b90dccc,2021,11730,
b7c2f07e-f0a7-4bd9-87cd-59de0ac23967,2021,11730,
f27fe234-0739-4a5f-a84d-1cfc89ee0352,2021,11730,
2ec135e6-df99-40d8-837c-6d49805436d5,2021,11730,
c0570c07-9638-4479-89be-c2eae0100d68,2021,11730,
ea0f0893-6d92-4878-98d1-a2f7686193a6,2021,11730,
0b3deabb-5e2d-47f0-be25-f930a47fd505,2021,11730,
2141edc9-1e84-4f61-aa48-728ce51dac8e,2021,11730,
e176c59e-4ea8-4d6a-9db0-5120386f3c6d,2021,11730,
36a03ef2-d995-4c14-ac8c-25c82bbabb41,2021,107360,
e281c548-be90-4b45-9019-5deb22f992dd,2021,1148708,
f86da08e-b8c7-4043-b3f1-64d95af27cc6,2021,1148708,
accbda4e-b6a8-46b4-be80-8fd9893317bd,2021,1148708,
98855d59-3f01-49b7-bf88-f948f8dada15,2021,1148708,
55c47b4b-d596-4141-bc91-c6c31b761eac,2021,1180773,
8fd7ca2c-cae0-4e5c-9c16-f27759135228,2021,9440,
54c172d3-2cc1-478e-bb2a-1a821a6457e5,2021,9440,
a856742d-a91f-47ca-bcd3-8de1b2036dca,2021,9440,
6c5c5fb1-d954-450a-86a4-7e0fa3fa516a,2021,9440,
c0a110ee-3a2b-4ac5-88df-b0ccd749c2df,2021,22035,
2116e391-ecb5-41c0-9979-1f4f64dd57a1,2021,1180773,
4aaa20bc-89b6-4929-a9d4-66805e625563,2021,1180773,
70121135-0c9c-4b1c-bcfe-d00552a630e7,2021,1180773,
d63bbba0-e6be-4b5c-98bc-3581fb37d6ec,2021,106996,
839a3ed7-cdd9-4764-942f-49228a4af985,2021,106996,
e24d2656-f1fd-4e07-be8d-aceb824ff626,2021,106996,
a967cf2d-bac3-4c65-97a8-f9db1d6d62e9,2021,101830,
76508e33-eff4-48a2-87a5-2fade5cf3bbf,2021,83388,
8e31f16b-0673-4691-8bd6-08e8a86c049e,2021,88084,
1a40d862-36a0-43f4-8d3e-6fcce4a26207,2021,88084,
21bf2ed3-6192-4856-b1ba-6dfdbcdce53c,2021,1258654,
557e3349-8755-4b3b-bf55-7b73dbf023ba,2021,1258654,
d0e7c2d5-7643-4739-a490-d64bcde216e5,2021,1180773,
58901102-73c4-439c-962b-1586be918769,2021,1180773,
9cb49c42-924a-4639-8fd3-e4db46c842c5,2021,1180773,
f2878272-1fc0-485e-8080-dab99ec13add,2021,1180773,
a97555a9-2ec8-496a-bf62-497926f4da59,2021,1180773,
b1d55891-128d-45d5-84d0-388a6febd735,2021,49054,
d1d9b8be-2892-4f80-ace6-4a9fbee58f68,2021,49054,
0e7ab5b1-bad9-4f1c-b45a-a38781e32c1c,2021,1180773,
8397bf6a-418e-48f3-896b-920ad558332b,2021,37862,
7ac28134-5dc7-4910-bc7d-ab2d5346f82e,2021,1180773,
8e911bcd-4432-4664-94c8-816e6eb504a3,2021,1180773,
8ab73cfc-497e-42ae-af06-0d16c7681883,2021,37862,
e97d87ca-39be-4fd9-8f24-be40f54271f5,2021,1180773,
e0e4a8f8-1fca-4f0f-b174-c266e40c2e04,2021,1180773,
d1292202-701c-40be-94f8-ba8c55c637ef,2021,1136142,
fcb32adb-6382-4ed4-93d0-b78b404e85f3,2021,1136142,
e598d1c0-038a-4354-b971-2ebcdbb451c7,2021,1136142,
5c3fb0bf-fb9c-48ad-b761-1c673eee87b2,2021,1136142,
ac41cf33-d9dc-45ea-a7e9-2e1d774ce7fd,2021,1136142,
a33d6b7f-ea76-4b92-add9-e6b27203c9be,2021,1136142,
70390d2e-0169-4df0-9425-28855ed1e1b8,2021,1136142,
518e8785-a93f-4921-b495-b227d663ac61,2021,1136142,
ee788804-ac70-4b8f-88cf-1ffd7921a3f0,2021,1136142,
3a9442f6-e561-464c-b154-a9c74ee778da,2021,1267543,
b443693b-c214-465a-aead-250d949d631b,2021,1102628,
88c18da4-5c68-48f2-a108-86181e0d7dc3,2021,90030,
d434a245-645f-4f33-8a36-1f64b42e4013,2021,90030,
10708072-88a8-482a-bd61-600558b42029,2021,90030,
70f7c127-53e6-4305-9ccf-6aaac1537082,2021,1102628,
82dc5de5-f930-4a71-9c2c-7467ace2f067,2021,118420,
145be4c0-5623-4f34-b633-13293876ae3d,2021,1102628,
ee11bec3-b57a-4d13-ad9a-493c34daefc1,2021,118420,
bd57ef74-0c27-40a5-b41f-cda12c25e3b3,2021,1102628,
b77e91d7-666e-4c04-9b45-bd53345a1719,2021,1102628,
c929c3ba-4d83-4ae2-8b9f-cf12effae8ff,2021,1102628,
58d4a65e-4680-4a89-8e28-c016fa5dd5cb,2021,118420,
33462277-d582-4b5e-80f5-c92842507dd7,2021,118420,
34bf014b-bd4b-46b0-988e-9bb62a4f8a02,2021,118420,
7ca6fcb5-4356-40e3-b225-5f467bf4615c,2021,1288839,
4f7fb3bf-8d39-438d-ac91-ff08028695e1,2021,1288839,
bb276740-9c7e-4d66-a1c7-99774a014ae6,2021,1032473,
28a9ebcf-2cea-4a2f-94ef-30c08455e536,2021,37862,
658ff158-e36a-4fa6-a31d-96f32e37fc1a,2021,37862,
fd81427a-fd54-4be1-93ea-f72198da3826,2021,118420,
90da628f-8e28-4f2b-bcd3-df84c4329594,2021,37862,
ca1ed799-5cc5-41a6-9865-83d2a455109c,2021,37862,
7766ba82-4d96-4d89-b155-d4c835b6a1ab,2021,37862,
66082705-9006-43a1-bb0f-1da138a99dae,2021,118420,
0079c077-75e3-4e94-bb17-406dfbe20f60,2021,37862,
a836c987-aa7b-4291-8565-7af0f2ae9101,2021,37862,
723fc44e-1d9f-4ec5-a671-a1c9e510d0fe,2021,37862,
0d7f2935-939f-4e54-864d-8159b201b981,2021,113455,
d1101ec8-8c4e-4ff6-b309-19642e82e868,2021,113455,
dc3dafe8-4839-4718-8835-6793cd9bd7bc,2021,113455,
9b0d4b79-2e4e-4158-b80e-3e25193b91a4,2021,113455,
cf025982-2dc7-4e1f-9a90-a873a24486df,2021,113455,
3a0805ca-ae04-4c36-8565-34a2b4b3eb76,2021,113455,
a42f718d-9270-4653-9b6c-bdd5350dc13e,2021,113455,
e22cf387-9059-4f96-b755-f2ebf7d4e711,2021,113455,
598299fe-4389-400f-b031-c17ca2d70742,2021,113455,
6a130fef-ca01-4121-bf90-fd4c62b35caa,2021,113455,
a57ede9c-6900-4109-b0a6-1c84d41d4ca0,2021,113455,
373b14e5-756d-4247-a4a6-010bcc93a109,2021,113455,
b8fb4b2c-0f71-453a-9f25-55b8a361fe9f,2021,113455,
9fcba71a-40f4-4370-92cb-977ab6887f60,2021,113455,
5e420d8d-c9e8-4115-9e00-673b87c11d7c,2021,113455,
dc283dca-8f82-4463-9b84-09684ca4de9e,2021,113455,
dca41d9b-7462-4a9d-8d0e-50daeb9946af,2021,113455,
feff8932-f856-4826-9176-8f1839e3e7d7,2021,113455,
da19916f-27eb-4697-87af-943c0dee4f23,2021,113455,
1c5d4094-ce60-40c2-bfff-eb643ac9acde,2021,113455,
2be07c64-4f64-4314-9420-961c79b62f64,2021,113455,
a2854ab1-4387-4528-9da4-fc3cfb3a02d5,2021,113455,
a3205973-d5ad-4162-ba01-ff6d8745201c,2021,1110857,
56e78d04-532c-4353-aad0-d6ebcf9611de,2021,1110857,
a07b4302-5ed9-4692-9f1a-81a8c9183748,2021,1110857,
94d0ebf5-a5ea-4d76-92ba-44b9f4e1d181,2021,1181327,
c9579152-2280-40d4-a834-2dca6736829b,2021,94762,
1720963e-50e1-42a1-84ed-1dd9ab542ffa,2021,94762,
eda26411-74f0-4ad5-a77b-a3acf8f1b5b2,2021,94762,
b08743e1-f7ef-4470-b7e4-1c09ebb74d84,2021,94762,
b96f01cb-1069-42e6-b8cf-6532c4dca323,2021,94762,
23a53b47-5ad4-4cb6-bbec-e889988c4446,2021,94762,
26582b8d-99ef-4141-aa8a-4950696d1a65,2021,94762,
a9aeccb0-a041-400c-9cb3-cdf0a6a566fb,2021,94762,
03d40049-e290-4878-9b12-36878e6b9647,2021,94762,
f5c65936-2d16-4d81-bfd8-9f3d05e2494c,2021,94762,
6ed728bb-fc7c-4f62-bf42-3df8ee2479a0,2021,94762,
a7a58bc0-c780-4ba7-b3a8-f9c51b78c734,2021,94762,
d7785238-93eb-490d-8285-004684710300,2021,94762,
720664d2-8cf4-49e3-b000-5bc28398b1f2,2021,94762,
54f89791-1f5c-4332-bf64-e55c2ad0bce0,2021,94762,
e9099a2d-d842-498e-9c34-0daf4a978bde,2021,94762,
84430952-93f3-4bc4-b498-4513fff6b18a,2021,94762,
331d5458-785d-456c-871d-8bf9a756c50e,2021,94762,
68e5c0ba-7877-4bcd-92a5-328ee4df07a2,2021,94762,
365799b9-4d54-41a1-90af-2c03210daa34,2021,94762,
f30e3889-a5de-4abe-b40b-726d6464b3ce,2021,94762,
260e2e2b-054a-4d08-ad71-b042798819ca,2021,94762,
22214cad-d40a-4221-8ac3-ee8949065c70,2021,94762,
fe06d4de-e111-4748-bb51-10fb38d73312,2021,94762,
628edf53-59ff-4082-985b-99aa792fdcbf,2021,94762,
6754faa1-ecd0-4224-9c51-5e1ad2d52092,2021,94762,
fe1376be-e3f8-4416-baf1-1857556e4cff,2021,94762,
0ca024cb-d127-4323-b9eb-1317b7cd278d,2021,94762,
255aaec6-8cda-45fd-b5c4-fbab1ce96652,2021,94762,
cc9daa0a-1ab3-4512-b71e-6eed82b63b40,2021,94762,
5ece3c0b-ff10-4270-8aab-a5f2603ba098,2021,94762,
459f7f46-2062-4582-bb18-d0bb92915090,2021,94762,
2e07e437-d32d-464d-aeb0-d201b70ef88a,2021,94762,
05630ecd-33b6-401d-9619-71952140404d,2021,94762,
f9c62913-3000-4e84-8b1f-82ce8b3349b4,2021,94762,
e4f0c624-23e1-458b-bbb6-5a33638f2930,2021,94762,
35deb185-9467-4df0-b71f-5fc6cdf68999,2021,94762,
bf4576e7-f583-4572-9ab2-3649084d34e1,2021,94762,
621b0f98-7beb-42ff-a9d9-27e292249061,2021,94762,
dd0cac67-cd85-43f4-b218-9b3f93df84e0,2021,94762,
67ba301a-7f0c-45ce-bfc6-26b401ef02d6,2021,94762,
2cf79718-224a-48e2-8d92-2b30671b76e0,2021,94762,
bd7dab4a-a377-40a5-baf9-b6251a280b89,2021,94762,
9d556772-7f90-4701-84c3-3d172c690789,2021,94762,
82bf8809-0d9d-47c1-a3a1-ffc785eda008,2021,94762,
dc0fb4c4-397f-42cd-b22b-90d2c6a46b14,2021,94762,
f8f93ada-07af-48d2-aff6-eb946422e283,2021,94762,
6597843e-45ed-4f84-a7d3-06002dd31e90,2021,94762,
f48a6fb8-050a-4cff-ba5f-594b8e351bbc,2021,94762,
1f5d0ed4-0180-44bd-b458-07e1e8c8d3e8,2021,94762,
c58e1646-c431-4462-aa42-dec0c01c7ef8,2021,94762,
c72c7048-2d58-400e-b0dd-bf1a240b9f7e,2021,94762,
e415030d-b0c9-4b52-9842-7a4a5d465b52,2021,94762,
3453e96d-5a07-4211-a90b-b1f7a6ab024b,2021,94762,
f066737e-df99-4f55-90da-4590a63bd32e,2021,94762,
c2def16e-947a-42e8-bdc5-017567385c86,2021,94762,
5928e2c9-1b02-4b08-bc9a-cfe1d874254f,2021,94762,
1757144f-7dd4-436f-b394-a1eb2cddaee4,2021,94762,
77fdeb9c-fddd-435e-8e65-07ee059e5def,2021,94762,
010ea8b7-b90e-4327-81ef-c2ced3af17cd,2021,94762,
f06b56f0-3ac0-4681-81c0-589549d9f1e9,2021,94762,
04333c4c-4bdf-4f02-b92b-03329c8766a0,2021,94762,
91dcb041-ae07-47d7-9274-f2723340aee0,2021,94762,
fe4803a4-76a3-47db-ae34-51ca4a976d6e,2021,94762,
316fb45f-7dec-4a5b-8422-14a8574138a5,2021,20009,
b475305a-00b6-4c8a-baf1-c378b4febd66,2021,20009,
5b09d461-2dff-44f5-a953-a5760073105c,2021,20009,
db2e87f1-93ee-4bc9-9e57-7439ae49e9ba,2021,20009,
93dea678-87e3-4709-a366-d1d8f8006bd5,2021,20009,
f3d15a28-b391-453f-a2a6-33ff86614c32,2021,1306689,
0699019e-9f4a-498b-aeb1-4600dac8d714,2021,1306689,
a0a9191a-4192-45e6-a890-8f59a4290151,2021,1306689,
36b9e03e-d1c2-4261-857a-483d167af7af,2021,12025,
25cd19b3-640d-4da2-9dd9-e0e5f1b4bfc0,2021,48675,
159001b0-9106-446e-a9b0-25e1a7ffa430,2021,48675,
c8e87b80-2dab-4a8b-a170-55bd780fedcc,2021,48675,
3703d34d-c478-4ac6-b277-ec84c35dd713,2021,98013,
95b38bea-82d3-49bc-936c-f4a7686f1095,2021,13277,
4ccea255-1632-4e7e-b688-fa3b7e2a7780,2021,13277,
c181864f-1983-4cac-9501-873e415b910a,2021,13277,
d2f0e51f-0e68-49d8-80d2-f8529541354e,2021,13277,
9b65234b-4a5d-4ef1-9bc7-2e12213adbd6,2021,13277,
e979346d-a09b-443e-8b69-31acdc8c5d5c,2021,13277,
372a6a77-b004-44aa-b415-19d1619b4579,2021,13277,
a6aec6ea-1c54-4ee4-8e6c-4f7847866654,2021,1204325,
3c536c95-136d-4df6-9355-dbbea7391268,2021,1204325,
7bba6e8f-4482-41b9-aee8-cdfa0830987f,2021,1204325,
aa2ba8a5-f4f1-4a0a-a122-fc0cba06ec93,2021,1204325,
27ab6f8a-3090-48ac-8727-03ac70ff6fba,2021,94455,
2f3ecaf7-8d12-4a17-9475-0ab98f60e5b5,2021,74737,
e2467d87-9096-4b83-bb73-e7815f7a9c45,2021,94455,
5456952a-b8f6-4091-a03f-26f28e357c9e,2021,88068,
dec05bb8-677e-49a6-9fad-57061778d23f,2021,74737,
68f430f0-5dee-4f31-8a01-994e8178697b,2021,74737,
496ff6c7-89a6-4ddc-9e27-15c7b7f99d47,2021,62484,
738b70bc-28ba-4f7d-8168-ba4fc247ec40,2021,62484,
e4d13b94-7308-4216-8bb3-dac3e8c1fab6,2021,62484,
f7d07de8-6aa0-4ac5-ad1f-bbd397831ac1,2021,87396,
98b8977d-d6a4-431d-82ba-8f31c57b7643,2021,1376181,
cbe77e18-0b04-4159-adb0-3283562cfbed,2021,37862,
c4c3e0de-0141-4ebd-b56e-5f93cb4545a2,2021,37862,
8da85d1f-71fe-475c-9a0e-1be39b047a09,2021,37862,
6b6857a6-7680-4278-8532-c18a3936d596,2021,37862,
d003940a-e2f4-4eb5-9f6f-3c0d075ef65a,2021,37862,
7f6d4f1a-3d86-4352-8d3e-49a8e40b7ccd,2021,37862,
add96546-8b12-48f3-8df2-84bf3c710f9a,2021,37862,
7c0d6812-ea73-43e4-b41f-5d092ab4fe7d,2021,37862,
ee4b8156-eb0d-48d1-b357-2020759c2a7b,2021,37862,
7c3a329f-6cf0-4c1c-92b0-bbea053c702f,2021,37862,
43167de6-3efd-4c61-9361-7b12b1b0e55a,2021,37862,
702354af-da0b-4351-9864-e6d2ff6a1aef,2021,1042278,
971b2f01-08f2-416b-8db1-c486f7467f93,2021,1042278,
35459097-c333-4f81-82cc-7dca46f6fde8,2021,1042278,
200a33e5-8e84-430e-b518-55e1407c7493,2021,37862,
d40c0e19-bb00-47e0-915b-637da6e91f1d,2021,37862,
7c890864-a04d-4d3d-9bf0-b6c2e2d3e03a,2021,37862,
c47c2173-33dc-40a6-977d-2aead7e594c5,2021,37862,
eaa53948-ccb1-43d1-aad7-69749810882a,2021,37862,
7c56da79-de1e-4315-83c2-05b4c967973a,2021,37862,
00a4968d-8a2b-495f-b669-538cecd29003,2021,37862,
9eac93ab-c2d6-427b-bee6-a714187b0814,2021,37862,
d3a95471-e87b-473b-9059-a8c57e462481,2021,37862,
c6515469-7f72-4568-be46-fb45d87bde84,2021,22047,
805813a5-53af-4ed8-91e4-5e4b8c944dd5,2021,22047,
319ebcab-9f09-4e12-8adc-f40ecabcb13b,2021,22047,
f9592f58-2648-4eac-864f-b036b71e42ca,2021,22047,
69aa0661-33b7-4e10-98cb-39ccc7f7875f,2021,22047,
2921be5a-2ee8-46e0-b050-4e7263fbf376,2021,22047,
19380da6-8ecc-462b-a33f-296edcbc1270,2021,22047,
6f219822-5a4b-4687-9c36-f13f36f2afc3,2021,22047,
b914ca86-6eb9-419e-b06c-7154ea9d360c,2021,1315444,
b95a7a1d-e708-4d02-9124-04c00f6d46d1,2021,1315444,
67d7634f-e7bb-4310-a6b6-bd60260c6fe6,2021,1187671,
9f0212d0-ba02-4d52-9f18-e8514173b06e,2021,1376181,
36bc4d73-97eb-4bac-a2bd-fd0c643ab29d,2021,113687,
18f78951-73ff-4879-880c-0bae38650c4a,2021,113687,
ab05fd13-c8bb-434a-97a9-e589ee712e1c,2021,113687,
52d099a3-9d97-4f60-b66e-ce0c9fac73e8,2021,113687,
4fe7d46e-5a41-4170-8597-7b68a2ade347,2021,113687,
b7a725d5-0f6c-4a9b-bebe-7cc759a28aed,2021,113687,
d8b3bbde-6076-4ac7-b88b-ae6b68423a78,2021,20030,
ec5b027e-29fb-4c2d-82a1-217306539e50,2021,20030,
bcd9c551-b2e1-4921-9fcd-4beb33790c28,2021,20030,
5056fd81-908a-4802-b564-c7e0ce304394,2021,20030,
47705a2d-9541-4622-b5ce-c015299ac528,2021,20030,
1af314cc-32fd-4953-b6f5-8f8ce5a337f6,2021,20030,
2ab5d775-88ac-4216-b97e-e75fded0997e,2021,56172,
e591a697-8ebd-451f-a8e2-57af67d8a4c2,2021,56172,
cd3885c0-f81c-4eab-a13b-401a762abd83,2021,56172,
0845124c-1b0f-4036-9e83-e2802bfebf1e,2021,56172,
a39a99bd-9362-4744-91de-963f19852816,2021,1427745,
7475e990-ee19-4668-926e-a9b431bae139,2021,48205,
8b7931b8-7086-4786-88ad-c75725e0c201,2021,48205,
568f2850-55e7-4f40-85dd-410d89ce305f,2021,48205,
974a5af8-ba2c-4d52-aae1-266a44b975b8,2021,48205,
21b65751-7833-4464-aafa-b1df942f8173,2021,1047907,
8fcf3f62-ad94-48fd-9fad-66e58bd01fb0,2021,50981,
389c2f8d-73e6-4e61-8fc0-d651392a0f41,2021,50981,
225d3078-f47a-43c1-bd38-22170b0722c4,2021,50981,
f7af7382-5690-4315-a5de-2008d38c0a2c,2021,9414,
19219f51-0130-4334-8d8a-88a98ecded24,2021,9414,
9777623b-15e4-472a-aff2-894adb5db577,2021,9414,
77dc0fd2-99d9-4a33-9c84-5620b5aeff74,2021,9414,
c770b480-021f-4b7e-bd63-d91aed1f62c1,2021,9414,
b0f442a5-4841-4ea9-a165-b78ea3a0f8a8,2021,9414,
6f384b26-67c6-4a44-8a95-8b43176392bc,2021,47505,
2c3cdcba-f80d-4307-bd9c-441257e6ffa7,2021,47505,
98252245-2ba9-47f0-b011-f479187d1eb8,2021,47505,
f386987d-1943-4ab2-a64c-7f886bba3bc3,2021,47505,
71f01a8c-75ef-4ecb-83bc-b57ba20d6d89,2021,47505,
a377a280-3678-4e0c-be4a-2d876f0641a0,2021,47505,
5eeab9bf-3062-4270-984c-5d924962e1a4,2021,47505,
782105bc-b555-4775-af52-4c42ffa3c445,2021,47505,
03e5c1f0-0e1b-4eef-a4d6-9305c4e9ac97,2021,47505,
6e66b9f6-1c81-4fea-ab9d-5f2f4b13c1aa,2021,47505,
5448db87-8cd1-4c75-a9ad-a02063aa7f76,2021,106996,
113e57af-e28e-455c-bef4-c03ed414d940,2021,106996,
c5b99774-b80a-4490-ab22-2af16ee6ae87,2021,98595,
db3e20a1-757e-4e30-902d-a67bb46a6162,2021,97443,
4e4126f3-5671-4f45-8850-be29c334ddbf,2021,98595,
49ec98ef-6afc-4d3e-b492-effc4c77b9df,2021,114616,
f5b10307-ad1e-4f1f-965b-f6b6fd2d1e11,2021,114616,
7d14482e-8894-4323-95f1-f6a552f8d57e,2021,114616,
592172a6-e4d8-423b-88b2-8dee8064163a,2021,114616,
c66064a5-cacd-475b-9f0e-10442d3e6025,2021,114616,
759bf090-75af-471a-bbe2-f44ea497858d,2021,114616,
3cef1bf5-83cd-450a-a484-a4eb4dda8b2c,2021,114616,
cd04c3fc-23a9-41e3-a50d-a2207078bb47,2021,114616,
ef120c91-10a3-459e-b267-67de83ba6200,2021,114616,
7c375311-c7bb-42d1-b932-95e617f6c18c,2021,114616,
0303e084-bca7-4eb4-9998-67d57636975d,2021,114616,
3ba55c25-a879-4876-801f-06e7b05fb9a5,2021,114616,
dcbbab23-4b0b-4f42-9be2-a121ff19090c,2021,114616,
a80d6e26-8212-45a7-95aa-6ac58e28f613,2021,114616,
2e5a744e-3255-49e0-a512-5920ec8e4e76,2021,114616,
7d27a2f2-c83f-4187-a46f-2851707da6ec,2021,114616,
3b1b8bd8-0aff-475e-80e8-8addc2a1639f,2021,114616,
56674331-bb93-490b-8051-237ccaee1324,2021,114616,
653a713b-c47a-479e-8298-3b2e68705b9c,2021,114616,
39c53134-9504-4837-8d4a-c0a2b7f5b950,2021,106996,
fc7b9231-17fe-4720-a234-649350b48467,2021,94455,
26d42d3d-3c52-415b-8dd1-937b1538a0ae,2021,95175,
2eccfe55-0942-4dad-b239-f02591583be1,2021,95175,
d015d294-9933-4f2a-be99-88293df4e4b2,2021,95175,
1433c71a-f9b4-4c1f-ac7e-78111b3040ab,2021,95175,
9f6a26ba-ada9-49a1-b073-842d3f9380c9,2021,95175,
e3d39e5a-b9d0-487a-bede-e2af9a6fd818,2021,95175,
aa9a7eef-b55e-40e4-98f4-fdd570fb1a8c,2021,95175,
c4b21a47-037f-4739-93af-2584e5ce648b,2021,95175,
262cb0bd-a192-43b4-ae75-2120f49f1b48,2021,95175,
f1c943a3-a6a7-4962-9dec-2970a7120ece,2021,95175,
40b2e3c5-069b-445b-86d7-d08a7e1aeb1e,2021,95175,
5d451dc3-d39a-4082-af0e-b87b509e3de9,2021,95175,
f8882490-af54-4898-84fc-108adc2c83a1,2021,95175,
ae82b31b-55b9-4d67-9f96-c494aee05fd4,2021,95175,
196ce009-5ac6-410b-a707-f64c0de0a62e,2021,95175,
13fac53e-3e4a-47b6-9c47-6775658b01b8,2021,95175,
f078eb5d-2f0b-4c92-9a6e-482d14afbff5,2021,95175,
890371c8-6d58-45f0-984e-a0a19b4cbb8b,2021,95175,
31bf3ede-e15a-4b0e-8d65-e12472f6090b,2021,95175,
ef8e6f5c-5218-4dbe-9822-380154ff5b81,2021,95175,
3c79ac88-2e3f-4f9c-af23-cd9614070620,2021,95175,
79702ad3-78b2-48b2-a6be-587d924979f9,2021,20009,
579c9b4d-431e-4339-bf8f-1fe2ae5af3cf,2021,20009,
5cc675ed-f29d-444f-8036-b4ce408770e7,2021,20009,
bb4e0ffb-7462-46e8-9893-e1c0c18052a5,2021,67092,
35132ad6-6896-406f-8313-2106b4adeb58,2021,1283779,
6de04acf-3816-4285-8948-264da6a27fdd,2021,98595,
cb0de575-34cf-4ed5-b5a3-9c2d55d1efc4,2021,98595,
84b912a9-73f9-4982-990b-99ac06518eb8,2021,98595,
c9512478-2a2b-47ef-bdca-19e8d7c3e9d2,2021,98595,
10956134-b457-4ceb-8f7b-a09df33e702e,2021,98595,
0f460915-8a1a-4196-86e0-520d17f5f6ea,2021,98595,
532edc63-8f93-4443-a3c8-d962437aaee6,2021,98595,
8313231f-a629-45af-8162-fddac8ee3b08,2021,118994,
6e08a932-0bf9-4760-a78a-2f1bc1242b52,2021,118994,
a94019b1-05d0-4c0b-9f26-0c174f3df54d,2021,1376181,
4ac72ed0-409b-4c4a-ab96-14d0ea265435,2021,68930,
481bc003-65c7-40ab-853f-204b14963446,2021,98595,
037d9ec8-a4cd-41ec-a8bf-9e5c27a08a79,2021,5000135,
fbca50f9-7f30-481e-991c-0a65a12db8b0,2021,5000135,
6c79897e-882c-410b-a308-d2a6f0d3a74e,2021,5000135,
c131951b-95f0-4026-95de-b00b27ed2d5f,2021,5000135,
8b38e396-c19e-4639-a5ee-a130ddbdd715,2021,5000135,
fd76776f-5792-417d-aca9-02a585a17168,2021,5000135,
efecdbaa-e2fc-48b0-b0fe-f8e4354b2706,2021,68930,
de67c203-6297-42c2-8468-1eed249a916b,2021,1322390,
cd6e88e8-d052-492c-8f73-a59d34490b1c,2021,1322390,
e4599c3e-c495-4814-845c-5d0b9f0c13d6,2021,1322390,
8c180252-1d8c-4b20-815d-1364d0db8ebb,2021,1322390,
355620a3-ae9f-4328-b7c9-625ec195888c,2021,1322390,
1c3c2bbf-7213-4fb0-9943-0c4851fc2a29,2021,1258063,
5b6ec8f8-9b6a-4399-b1ec-a27e28579ea8,2021,1258063,
d6d150d7-9693-423a-989a-2f7abc193984,2021,1258063,
f6b351dc-26c0-4d83-9204-db83f5fa4875,2021,1258063,
c0f021bb-5630-4699-b934-c1dc7255b93f,2021,47505,
9c593caa-9132-432f-b120-d07d707f7c97,2021,47505,
9727fac7-7caa-4f72-8ed6-cfeccc223c57,2021,47505,
89b0e920-b834-4754-a354-36b311b06ee5,2021,47505,
98853c9e-47a6-48a0-b1f4-4729ae7cae74,2021,47505,
3972c6a3-bc1d-418d-ab2b-c2ebed086fcf,2021,47505,
f42273c0-25ed-4712-b176-9f7e761af08d,2021,47505,
73d53bbf-0534-4934-b0f6-a6701b1b0428,2021,47505,
67fc8b09-de4d-442e-ad75-0f4951bee594,2021,47505,
90767736-23a0-47e1-b992-bc4b8fc5342e,2021,47505,
51f92257-50e2-4bf8-9a97-9db59e51b48a,2021,47505,
64dd9a5f-c5d9-4b10-8901-86081407488b,2021,47505,
f9510bf0-ca31-4773-a05e-6f8f0420a577,2021,47505,
09503145-0d89-48ed-ab58-473c324f7301,2021,47505,
b6d53ca0-6142-4ab4-8577-0240794143ce,2021,12025,
28fe6c38-b8af-4949-b9d4-6e05397df87e,2021,1101244,
dca226f2-27cb-4eeb-ba20-e9f2ea9cb837,2021,1101244,
b3ddab6a-a9fb-4784-ae53-58064f7c6173,2021,12025,
09229a48-0ad0-4dc2-ac7f-6f4c2a29929f,2021,12025,
24d026a8-a6e6-49b6-b4d5-46ed55485177,2021,12025,
416856fb-fd63-478f-ab78-72a2506e6405,2021,20239,
6649ff4c-fc46-48d9-8b25-6f37eb824f42,2021,20239,
5a9b6c22-bd79-4962-b9ce-e1d91ba832df,2021,20239,
3c9feaea-9a90-4f9f-aa45-08bbfcc905eb,2021,20239,
96eb6ff4-d587-4ac6-8e0e-377c86c99ff2,2021,20239,
93e494e8-b26a-4c33-9a73-333bfc42b9db,2021,20239,
5549accc-df10-4fdb-88db-e61d988da25b,2021,20239,
f17b1c3b-2717-4542-9a61-4982547877fc,2021,20239,
68a623e5-a552-4770-a436-d7709b6fd319,2021,20239,
a68e370b-167f-4c02-b5d1-d3199f119f92,2021,20239,
587b9cfe-2329-4aad-8373-e4a22238165f,2021,20239,
cacb20d1-4df1-42b3-96b3-35b10125d921,2021,20239,
8443a79c-5f30-409d-a65c-7f73b51fb665,2021,20239,
0f88b799-ee16-4a5b-be67-a0644d97ebbc,2021,20239,
97118c3f-4bc9-491e-8815-ea147effdad1,2021,1190071,
045b48b9-1e4c-42d8-b282-e38adb4907e7,2021,1190071,
2f8410ff-dcb4-438b-a1f2-250cd934aaee,2021,1190071,
8643490e-8b73-469f-8f17-b2013b6e1419,2021,1190071,
0eb08a48-bb0e-435a-93cf-930d5c6ee0f7,2021,1190071,
7175ccc5-3103-4cd7-9559-c06bbc034c9b,2021,1190071,
8cf6e012-0930-4505-b4fb-9b587798ea93,2021,1190071,
8809d650-ea3c-4158-9c93-7626757feb88,2021,1190071,
d9216335-72ac-4084-afa9-ee98678860ef,2021,1190071,
ce58a710-f3cc-4a4d-a4f3-ce2e257ba64f,2021,1190071,
760072e2-cba7-4e06-a3cd-3a69ace892a0,2021,1190071,
3c7ff354-3b85-4c4e-8d7a-af09408396db,2021,1190071,
e41970ca-a17f-42c0-96b9-1831fbb740fa,2021,1190071,
c20d4917-fcc2-4724-87bf-453246c4cbc4,2021,1101244,
e9ee2da1-c692-4404-bfac-3b18097c2e29,2021,1101244,
b2e49690-5fa4-4b61-b126-803a37e057f1,2021,1101244,
30a9a421-ae16-4bc8-8fcd-1c55c06c2824,2021,1101244,
d10b359d-48e4-40e0-9076-ffef2ef56499,2021,1270596,
0904cd94-426f-46bd-b648-4da193b0d5de,2021,1270596,
ddf2b9da-a5f5-43a0-9f87-5df11ce1e2df,2021,12025,
f7dc377c-762c-44bc-8a4f-fae1070b6a34,2021,49071,
b127cfce-a723-4e5f-b90e-53a78d9cd2dd,2021,49071,
d0aea3ee-b207-4c9d-9887-3038a7f5a8e1,2021,49071,
3c95807f-0967-4492-8200-f18e781962ac,2021,49071,
3ce00986-508a-459f-a977-ca7273b3b95f,2021,64664,
e51ab054-c3b1-4b05-9c02-c9543e930316,2021,1270680,
8ef946cc-ac40-4d2c-9937-fc4056448c65,2021,64664,
bd2d33ac-62f2-49ae-82ff-f797c6fc2828,2021,60886,
7852cb49-68d3-421e-92b6-c8360821c840,2021,60886,
d35355fa-5455-482c-a9cd-5a2b443df3dc,2021,60886,
0fe87392-9dd1-4744-b7ab-ad6448aa5c2f,2021,60886,
14135388-157c-4765-83c9-9e5975881e83,2021,60886,
3ccfbdc7-1167-4530-b0d6-c07442c3d129,2021,60886,
d761834d-9222-4363-99d9-358bbf734236,2021,60886,
42aabaeb-e896-4c00-ba1a-64a23c50f061,2021,60886,
a8372c63-e7c9-4535-b922-e872b5464b44,2021,60886,
42f94ff1-fc43-458b-9dd3-156a0a59a18f,2021,60886,
c7fa7acf-7a81-4e5e-b4b8-12f633bd653e,2021,116770,
e32660eb-359a-48a9-8870-579b18bcbc3e,2021,116770,
980af895-ecad-46aa-9588-0cbc63dfcc37,2021,116770,
c247ce8c-f2e7-4257-9359-63724967525f,2021,116770,
99b790a0-e1c7-400f-8889-90f4d57b5248,2021,60886,
1f33bc09-3448-4c2f-a884-5e23c9cbe821,2021,1139692,
c0fa100a-c7cb-4dc3-848c-32491d64ddca,2021,37862,
2ff9e957-2f0a-4eb3-8d72-a437c5b8a0a2,2021,37862,
7f2dfd73-9e93-46b9-ab4a-38a62d72efbd,2021,9414,
06b22ed8-78ef-4ef3-9230-675261aa28e1,2021,37862,
2159d9c6-b745-4b89-a600-1a7887f65635,2021,9414,
7d7fca9a-79b8-4230-84a2-b3065d1a6449,2021,37862,
f348384a-8ac8-4a60-a067-f33448637f77,2021,37862,
be67c7c1-c8c3-471b-b941-2b8cb54c45ef,2021,37862,
535baa57-3a00-4885-8c38-cf34fc5afcda,2021,12025,
21b2b4db-966c-46b5-9277-3710be695340,2021,1473699,
3a0caddd-4b8d-467c-967f-f60d0c81796f,2021,106167,
af258f97-c868-4316-961b-b05928be4a1f,2021,1166783,
f8ae2b43-d70d-4e83-a93b-5229a8251db4,2021,1166783,
ce67dc82-9d34-439e-9a0a-c0468e6cdbce,2021,1166783,
f15c2b5f-3168-471a-a1b8-f80bfef867c0,2021,1166783,
b4069884-7e85-4d30-bb79-28292de9c8fa,2021,1166783,
1a5d772c-70ff-484e-bf88-202a08b8761b,2021,1166783,
1d26b1df-1275-4ddd-af95-ba5825585be0,2021,1166783,
a6ca072d-8b9d-4fa2-b895-a7771ae7c102,2021,1166783,
75e530a4-63dc-4e43-8bb9-dc455c894942,2021,1166783,
1d56b5a8-c4a0-42e3-93c5-66c5fdc77a70,2021,10515,
eef61e24-9a63-4acf-8bbd-34a57b1139d8,2021,1330347,
8d8261d9-3c62-4e1f-acc1-434c977b19fe,2021,1330347,
98a9beba-dc71-4a6a-9186-114e6fe193b3,2021,1330347,
83ced458-684a-4e16-aa48-f2c13bc5497b,2021,1330347,
cd559169-56c5-4a2a-bf2e-24b4de4ff6b5,2021,11452,
b3efc8d1-6e7a-45e7-876d-094bf0a9eaf2,2021,12313,
e601f40e-b814-49f2-9de7-fec5ec749d68,2021,12313,
d374e6ba-37c4-4f1e-9661-eb0b780add1c,2021,11452,
8684d0a7-3f23-4d22-bfbf-15de3585c21f,2021,5000951,
4814a354-bd64-4e96-91fb-3998080d2176,2021,1181115,
bd704512-470f-49f7-aae3-fca6500ef4b4,2021,113813,
da4d348e-7ed2-4d3b-b2f4-85afda6d6768,2021,113813,
c108a679-af8d-43ee-92d6-d62a77e055dc,2021,113813,
b2c19372-9a9c-432f-bb18-0938e57003d1,2021,113813,
04ec8ff2-415e-4e07-8586-ffc044b9ac77,2021,113813,
21d75ed2-022f-4f94-87aa-ed411a48f966,2021,113813,
30a55ef2-ca33-45d2-97e2-368f8d25dc55,2021,99406,
53cb4a0c-02fb-43dd-bc03-152131f84b5f,2021,99406,
3d63cd99-9bab-43ca-9e3c-0177317e1f0b,2021,99406,
a3b8c599-e9d1-4092-b4bc-25fc085fcce0,2021,99406,
e9b2bcda-5a03-4038-a11d-3f731ef6a90c,2021,99406,
eb4dc8e5-08c8-4057-ae05-a1e4e81d65c6,2021,99406,
5c198334-cfd3-41c5-8bdf-a7660e8e4892,2021,99406,
a4b674a4-09a3-4025-9b86-07adbe082b6e,2021,99406,
c0a1dc30-3df3-49b7-af71-7dd8004cf425,2021,99406,
ad2b1798-82f1-435b-b13c-8b054b2a5fc9,2021,99406,
1c6e461b-853c-4b24-b0fc-016832e0ebfc,2021,99406,
32979f06-3aa8-4f2c-990f-16bd32df02a7,2021,107920,
080cb8bf-7ad7-4998-951a-58287a2e41e4,2021,107920,
55c00703-9cb4-4265-8d2a-9eb6509b5a49,2021,107920,
09131ab9-cf70-4cfc-99fc-999de5a5927d,2021,107920,
c1573c6b-65ba-4dcd-a3cb-0a2d5229e8b8,2021,107920,
08d48308-fe4b-451c-a3dc-e57108106276,2021,107920,
b9e84640-44d8-4200-a20e-db5ac82b0564,2021,107920,
1172e365-2c87-4cf1-9bed-f8f627c8f081,2021,98764,
a6fac33a-4a52-4e21-8f4a-3b27c0a79c0b,2021,98764,
8c462e8a-3ad2-4f60-b8ce-d6cead414f31,2021,98764,
dbf78a20-6ec1-4799-a314-2972f261056c,2021,98764,
06f38bdf-1057-47c9-8d58-f1701de81588,2021,98764,
6eae0307-4b9e-4e5f-805f-d8ef4b0ec7db,2021,1118057,
0bfff70a-e4e3-4851-8304-ad040ce3f91f,2021,1306689,
b4665d25-2596-4410-b3b6-4d99d96bdade,2021,100654,
531680f1-32fe-41cb-8300-633524f803ac,2021,100654,
89fb301f-de32-4674-8a10-1bf6597f0b0b,2021,100654,
9a2b3ae5-4254-45f8-9326-1d94cb85a9d3,2021,100654,
3beccf20-988c-4925-bb25-68d2d8def57f,2021,1306689,
d1dfbf74-3393-4bae-a466-220d535e2815,2021,5000135,
22fcddd6-fc54-4bb4-9cc7-2bd8ce77024f,2021,5000135,
28af9d8c-77b5-4697-b880-93b7870a4223,2021,5000135,
d7aa68c8-a894-4940-8f51-a59f146d71ff,2021,5000135,
bbde3f8e-57d4-4ecf-8425-20a32305fb7a,2021,5000135,
bb1e0d6c-ed8f-42a4-87f4-a7651bfe8a7f,2021,5000135,
2134e3ca-0327-45d2-8339-48bc88e3764a,2021,5000135,
dde9bcbf-6aa4-4aea-be95-2f0129792c5c,2021,5000135,
dd4442fe-0a47-44e4-9d78-82669141eaf3,2021,5000135,
b28cfc62-6dee-45a8-8f9d-ca5c4f412448,2021,5000135,
acd538e0-ea29-41f8-93b0-aa29523bd563,2021,5000135,
fb1ceaaf-7aba-478d-8ee0-d09d6fe52214,2021,5000135,
9158e5c6-f96e-43ba-9884-896e21089705,2021,5000135,
08d5729f-c49f-44b7-b1a1-53b3ccbcb3ae,2021,43664,
17895f27-721f-406b-8863-55cbb037d644,2021,94762,
f26128ff-728b-410c-8513-c45150c64c5c,2021,94762,
31376ddc-9dd8-4dda-a8c7-08d91fcaf6aa,2021,94762,
28aa0770-fe15-481c-83b4-61178ac55b21,2021,94762,
8be6586a-f14f-482d-a8ad-cef71efc51a9,2021,94762,
56247730-900f-4f82-9a67-a06c1b6470c7,2021,94762,
d5c16195-c5c0-4b26-809f-9e267ca8ad2a,2021,94762,
494d8056-3634-40ea-89cb-2f2f5357a331,2021,94762,
c4cf6a02-205a-4074-9eff-a89b91d94bbc,2021,94762,
f56c7a1d-a03f-43af-a417-d9ba46446f67,2021,43664,
5d4bdf94-7e34-4d65-b452-a1cba595a23f,2021,43664,
123dab6d-e4d9-4be7-a59c-3e24b7b83b4f,2021,43664,
d5d0173e-1fa5-46d9-a6dc-43a28e441a50,2021,43664,
2bbec117-e3ec-4319-a86a-7511bd7d8b37,2021,43664,
925c576d-7de1-4b7f-883c-68fbf7012abc,2021,43664,
68abaf75-37d8-4f46-9db7-afb2c4670882,2021,43664,
014a642e-0a21-4eba-88ef-b0ff202e33f1,2021,43664,
cbdd67b5-f798-4935-9662-c54c3be14676,2021,11730,
13f990bf-071b-4358-b4db-900e3df7d707,2021,2209,
55db4806-9d80-46ee-b2b0-c0ac1a59760d,2021,2209,
f9304b1c-f3a7-4e8c-af9c-9ea3faddacb9,2021,2209,
67b636b7-cf2a-4244-a307-c8211f173eeb,2021,2209,
075bb48d-d67d-4afe-977c-103be55b30db,2021,2209,
1efd653a-13b9-4546-a33c-bad6375927cc,2021,2209,
feae4c84-aca8-4c66-b7a7-6202fdee5d91,2021,2209,
c49ca870-5dde-486c-962f-227924b4b0e4,2021,2209,
ef43d88d-a800-47c8-8b72-cc7970c60471,2021,2209,
3231eb89-6cfa-420c-a689-abb7ae5ce513,2021,2209,
1ff16585-6c6a-4283-86f8-7c4235f697e2,2021,2209,
0131b4d9-864d-49db-b726-36e825e8cf68,2021,2209,
a7d8d1c5-d728-48fd-a74b-7fbd152ca0cf,2021,2209,
5e46a85b-3086-4c37-8676-704dc97a4c6f,2021,21464,
c66266a7-ec31-4b0c-9e2b-539c2c7362df,2021,21464,
6b8a16dd-7f31-409c-91bf-a1fad0f91005,2021,21464,
4a2c3b82-5f58-4d29-99c4-d7657952e941,2021,21464,
cf1f0ca9-3ab0-4dcc-b5e0-e94ff88b7304,2021,21464,
cc893d13-04d7-4a30-b486-dbf326cc0606,2021,21464,
4065fecc-b3dd-4a31-85aa-f703ac86d587,2021,21464,
9667c513-571a-4294-b08a-5b496322d42d,2021,21464,
84764c00-cd1c-4070-9fc0-61a5fb1f4903,2021,21464,
d1944b8a-3f06-4b9b-a38b-ff7a0bc9f152,2021,94762,
c82a94b0-b9f3-4fd8-8574-c0c3960877f3,2021,94762,
a35a2266-2e53-405d-89b5-0862218fcb06,2021,48675,
ac91dce9-b958-46da-94b9-2221e4413f25,2021,1042278,
61054be2-1a41-424e-b11a-132b335f3ed0,2021,1042278,
82ff0d82-6a92-4690-ae96-9cd3c234296f,2021,1042278,
a8def104-d6e8-46c8-917e-40852271dbcb,2021,1042278,
9c34c85d-be85-4c58-8036-464c427add40,2021,1042278,
083d1b22-5566-43be-8e97-687cfc7d973a,2021,114616,
3a0d14f5-544b-455f-9288-0da6e7d2f3e0,2021,114616,
118d4fb0-1405-4339-b035-1cb9bc7bf289,2021,114616,
63665766-dbf0-40ea-8181-7a80ee08b1e6,2021,114616,
22ba11e9-1cea-4f83-b996-4b6819e5a79a,2021,67601,
278ca0db-9f56-4d62-88bc-df36ab2c7ba9,2021,103062,
39f61590-2f82-4073-a8f2-74d6bf45ce18,2021,47051,
cf002b06-9911-41c1-a4ab-3ce2248cfb63,2021,47051,
a3eef27a-5be3-4c00-a6e2-fec59b232afc,2021,47051,
7dd45f87-d1a7-466d-81e5-a955a08afe32,2021,90030,
95913ec0-ca70-41b5-82d3-60e1e0dcf15c,2021,22061,
ee5cb7c0-dab5-4449-b67f-70b70758e16f,2021,83388,
26b4e8a9-bdad-4fd5-821e-70858707c212,2021,17886,
49947250-3e8a-40bb-ac11-2aba3f0f7bb6,2021,17886,
43877540-9b6a-418b-bd68-68edc81abf3e,2021,17886,
1596f616-0d53-4771-93e6-f80c10c642b4,2021,17886,
9501a351-fd2f-4e11-9680-f3abc9b9025a,2021,88084,
a922243e-2bf7-4b74-896b-72f5c09193b9,2021,88084,
38224d30-96c1-463f-a813-0165e646b316,2021,22061,
fa126c6f-d09d-45d6-9c96-91943bfe554d,2021,17886,
1601a5c3-87a0-4729-8aba-443668b64ad4,2021,107920,
af5f70d2-c22f-4905-9c1f-5a4844c7ba1b,2021,22061,
05cdc191-22ed-4ba8-956b-9bab108cab5c,2021,9425,
83808ed5-7291-47ed-b878-9d0493752b12,2021,48993,
c6b0739a-0813-44f9-87eb-af0a849a66b7,2021,9425,
90d2014f-79b4-4ba0-bc48-c6017d1cb4a0,2021,9425,
f8637892-873e-4c75-8f04-527cb6898941,2021,9425,
997aed3e-d58b-4b03-bb0c-b8d54f14ce43,2021,9425,
3ef6bdae-5579-4866-924b-c77fa2ff7bff,2021,9425,
ab5c8346-8ae9-4d8e-bf84-00717e5aaeeb,2021,55777,
4ef50fc3-831c-4665-a968-7fd0a180ed47,2021,12313,
9744f315-c3f8-42dd-bc3e-6dc73dc08f08,2021,49054,
40a805e1-9e0d-4447-aa23-164e98116915,2021,49054,
74d1808d-7a41-426b-8480-d80c0935fcd7,2021,49054,
940aba90-9098-4fc1-8fdc-66840b507910,2021,49054,
470e239f-3051-4c3a-bb47-3872b6035246,2021,49054,
a2660ea7-6d00-4e56-8a18-22c0c0bd917a,2021,49054,
4405438c-1f2a-470c-a885-4867b8ef0652,2021,49054,
8eeaa511-e898-4dd5-9aa2-451da00315ac,2021,49054,
28c1ecb6-a108-4664-a369-45f687d49202,2021,1306689,
ce49eba8-c867-49b9-ac05-ae15fc86ec27,2021,968,
c087cdf7-7349-400c-b138-6bbcb70e0f7a,2021,968,
22dd13d7-246b-41ed-a92b-3895eaaa02be,2021,968,
6982fcfa-48e9-4760-98b8-f3dc55ee8a5b,2021,90030,
b3d94c0a-7e96-42dc-8120-60937c6b3538,2021,94762,
254c6ae6-2200-46a6-aa0f-16d7efa59df8,2021,317,
faa3ea69-94f1-4006-8dec-2537d1e4b73f,2021,317,
8a68f365-f968-4f03-b47d-0fe760adf877,2021,317,
79731131-5d48-437d-bada-cc433fe6b581,2021,317,
e5d9f184-6adc-4ea4-ae7e-9b31e0e75b36,2021,317,
c5165055-2810-454b-ba83-63cb2d8dc3d0,2021,317,
840fd0b3-9817-4478-9dc5-698cbe29fcf2,2021,317,
8670260a-cd36-4471-bda0-6fa48f4192d4,2021,317,
b6d4d9c6-7d00-490f-86e3-ea52f28c0757,2021,317,
351a02d7-439c-4d5a-98b2-e9a533643846,2021,317,
a9ea7a3f-245b-4167-9df8-7601f3aa9082,2021,317,
4a1f6f2e-6925-408c-8771-ae090d216091,2021,317,
482fdfde-aa75-4502-af0f-51b936b22a7c,2021,317,
0c250508-ee27-4238-b43e-bd5bcf638307,2021,317,
d00d6c3a-b8e6-40a8-91e3-dabb6c04dcc1,2021,1102628,
3cfe55a3-185b-4038-acd8-824e8af0c65d,2021,94762,
35d9ce88-0d6f-4d5d-a755-2366de13ca3b,2021,94762,
4b45b068-25aa-4025-9220-c411dabb7c4c,2021,94762,
65b3e967-9e3a-4a19-b20c-3ebd1f6af6c2,2021,94762,
3e89a5ea-3417-4e77-bb8b-1fba8abad3dc,2021,113687,
aeb11d86-1ad2-471e-bbe4-0827cac9b29a,2021,968,
dc40bbb3-2dd6-4eee-8ddc-3280770fa769,2021,968,
c59dee0d-773c-4be5-ad59-81c6bdc83722,2021,18683,
11ca69fc-baff-462f-9448-56779e8cacf9,2021,18683,
ece1d7e0-97fe-4137-a3fd-34ef4e4e177d,2021,18683,
63d7056d-12db-4076-b4b1-67b24a6af7d9,2021,40343,
c05afd93-3baa-4223-9cb2-1267481f1a1a,2021,40343,
8373b153-18eb-4e58-b285-c1c92e143359,2021,50082,
3db69bba-7ded-4db8-94ba-03047e2bffc9,2021,50082,
86290ba1-85ee-491e-9dcf-f7d38c3b1350,2021,94762,
e23c9daf-b4da-4cb8-84f4-9feb8217ac48,2021,20009,
714a2b9e-b232-4e19-b344-1f196c51dff9,2021,5000951,
e09a774c-f9ac-4a16-be72-dff836ad6d02,2021,1118057,
2e0ae379-63a9-4350-ace0-9a41bc1e04cb,2021,108660,
400c66e3-e993-47a6-aae8-0815c2dcc3fb,2021,108660,
a8459671-7a67-4b35-ba3d-f722ce033515,2021,108660,
8805753e-c20c-4f47-8bdb-78427273d6d8,2021,108660,
d9464c7f-a6d7-4d87-a8e4-0727542863f0,2021,108660,
5d8b8f82-1b41-4df9-bbde-c1840a395d2b,2021,108660,
13c3ff47-f025-496a-a779-cb376890e9db,2021,108660,
6d521048-be9a-4629-bc39-e14a48511d98,2021,108660,
f37fcbd9-797b-47c9-994d-ca671efd8f90,2021,108660,
88e7f727-0b52-4512-ba83-d29a092a8d26,2021,108660,
618ebb79-ea0f-4b31-bded-9fd41a40759d,2021,108660,
83a49363-bd2f-41d1-aa5f-f12b706cac5f,2021,108660,
ceb867b4-2028-4376-9d44-e1d35efe0b7a,2021,108660,
72014918-b20f-4e70-9cbf-c1b7c8254856,2021,108660,
3257d81a-5283-4ca9-a18f-6d8238be63cb,2021,54934,
277c8659-aab9-47c2-bb2c-e67e11a45cee,2021,54934,
35723362-6285-4d5d-b48d-b6a38426e3ef,2021,54934,
a7c72e79-b2e4-4c95-894d-d165e421ee38,2021,108660,
e9cd4ff1-99ed-449b-854b-0a46d3aa982c,2021,108660,
03c8d5e1-8c17-40a4-8274-052a53b541ea,2021,108660,
30cdfa7b-3604-48b2-8cd3-de7db5914ca8,2021,108660,
08522e78-935e-46cb-8383-8bd7f7a88155,2021,108660,
37ddab05-ae01-4a43-a660-df599a114bba,2021,108660,
e2b439ef-7dee-4cd2-bfe0-eb28a1c63f23,2021,108660,
e9967838-96a2-47af-b81f-d2cad82eab85,2021,108660,
fccb2126-c316-49c1-ab1a-4b292afc2790,2021,108660,
0fdaacf9-fbb7-44a9-a90c-06215095520c,2021,108660,
f6a38391-d6eb-4035-bdb8-4a1c6ab028f7,2021,108660,
be737945-d0d2-470e-b2e0-2b6ca8d89eda,2021,108660,
5ff4447d-aedf-4557-9b6e-3ce581ce6040,2021,108660,
38c50db4-6e4e-48ec-9de7-62d09bf6fec1,2021,108660,
c611f4c9-4bc1-4025-b2ab-c44d26342b76,2021,108660,
d168db25-5291-46ef-a837-0be9e1088467,2021,108660,
0c3710f7-bdb0-49d0-bb37-a630972c4e1e,2021,108660,
66a6180c-3f5c-4c34-9f10-b522a77eaaaf,2021,108660,
0f32dea2-a9c3-42c8-843a-5cfe9658ac07,2021,108660,
31da7c67-32fa-43bb-ab61-54ad1f9db27a,2021,108660,
f00011e0-cbdd-4753-b4e7-99814a92cce9,2021,108660,
d63788d9-1834-47fb-9f7c-7a3bb6090d84,2021,108660,
44a50c52-f11e-4377-9936-84b3e92fdc15,2021,108660,
0dcfdd95-4c34-497d-a22e-14c8dc2a6d10,2021,108660,
9a471dfd-fc9c-4daf-95d7-27dbd01d9d37,2021,108660,
8300140d-1437-45fd-99ae-5981aed12cd1,2021,108660,
d7a156f0-7912-4816-b951-a1103014f5a2,2021,108660,
57ebfb04-01d0-4a0e-bae5-fdd1dd4677f2,2021,108660,
491f661d-9299-48c7-92e6-03462c198a3a,2021,108660,
b28c87e9-446d-4d46-a973-d0f9df77e4b3,2021,108660,
8b5ebbcb-c4b7-4e5b-a038-9d9e0002ae06,2021,108660,
7ec7a86a-c5e9-4063-8fa2-85ac4dfd29cf,2021,108660,
942c9600-616f-4601-ad82-58b2ad3fbb13,2021,108660,
a1615b11-6363-4b46-9aa1-1fb4fc95efdd,2021,108660,
2485e4ee-93dc-4a4e-9a07-49cfc0f791f6,2021,108660,
36b3fc0f-5c2c-462a-b834-e84b874285d8,2021,108660,
0dad38ab-b08e-459c-9ee0-59316f124eea,2021,108660,
9a2a9596-aa60-4e2e-9921-73dbee515ff4,2021,108660,
3dc22776-e47e-4114-84f3-df943045a47f,2021,108660,
06876333-3a7b-49e3-a22c-944475d34f76,2021,108660,
941b8113-1d87-4d48-8f5d-1548072688e0,2021,108660,
c9f88290-cc19-47b7-9e59-0e72dfc5f309,2021,108660,
c405a5fd-706b-4cd9-ad73-44a3a9a0b89d,2021,108660,
967dd653-fc2e-49cd-b07d-13f8398c2a75,2021,108660,
1ef2c3d2-a517-4fc8-88b4-44798f2bf99d,2021,108660,
4cb9c8c9-38be-4a62-b2de-2bfeea98199b,2021,108660,
ff2d813e-0a18-48e7-b454-b2997c3234c0,2021,108660,
db1c43c9-b1da-4bc2-97b5-1a98b960027c,2021,108660,
81b92d3a-9be3-4521-a6dc-3c73b64798a2,2021,108660,
67922453-6a86-46ae-9ca3-0972227372a7,2021,108660,
8f065ee2-d8ff-4a92-bc87-78b549b741c3,2021,108660,
126ca8d1-a6c8-40d5-bbd0-1bebc32dd24f,2021,108660,
b5b7d27b-2e96-43ee-a5ae-9e4f553f9eab,2021,108660,
fc9df4ad-59cb-4d23-96f0-1735f43128ea,2021,108660,
e1f716b6-1a06-4659-abb4-098079952496,2021,108660,
44533eca-f5dd-4294-9004-1f389831c73b,2021,1117717,
c591e6ab-e1f1-4222-beab-7f29a34ecc11,2021,1117717,
79037249-0a4a-4823-a041-a1b36e05d788,2021,1117717,
474c2382-4475-4ece-b231-11b3be632584,2021,1117717,
ef717b91-a623-4eae-b26a-f8dabf8d49b1,2021,1117717,
f639b079-dbca-4508-9576-4f611ef43b8c,2021,94762,
01a2b296-d9f4-4853-a9dc-29988da9f6cd,2021,9425,
d3e810f5-a3de-43a2-aee6-b0e8d227e7e3,2021,91262,
b9b45d7a-9cb9-49b2-b74e-316533ccb83a,2021,91262,
3bcecdac-3a58-471b-b767-ed412ecabd94,2021,48675,
651eff6f-ddb4-4e83-bc71-8825a1cb75d1,2021,48675,
859c64a3-dd58-4344-91e6-41930336435e,2021,968,
f16090e9-5b16-4b0d-b5cb-0d7b283a97ab,2021,968,
dfb2b200-1117-4d23-80c7-1fb31a5ab03f,2021,98764,
ce4b29ca-26cd-48de-9163-a3699e7c08dd,2021,98764,
c2a7dd5d-8d88-4dbd-bf07-b1619666e88e,2021,98764,
db75b078-8475-49f2-9519-aac93fe5af08,2021,98764,
8749227a-eb6b-4baf-9c15-a1d914d52f41,2021,98764,
48900d91-8440-4f5f-98f1-e8fbbdde70c6,2021,98764,
8a7cba19-df65-452d-8838-60fb2bb172ca,2021,98764,
d56800c3-edec-4bd8-8d56-3da819c2f03c,2021,98764,
2debf5f3-45d4-483b-9538-59eb8be1e595,2021,98764,
7a6dfbe4-141d-4440-886d-9d55393edcce,2021,62484,
06734596-e319-4343-bdec-2d3c5945e643,2021,62484,
13783811-e47f-41d0-b9e6-b4cd0c372471,2021,1118057,
2677e8db-3e7b-4c13-bf19-c582387ee40d,2021,48205,
6376a558-1d96-42db-9c8e-dc28c0857aba,2021,48205,
