id,NU_ANO,CO_CURSO,QE_I11
d07f6dc6-0390-4d91-8a4b-8e7537582b80,2021,1187671,A
2b549280-828f-4ec4-b8fe-9c4d978fa77a,2021,13446,A
ddeceed1-706f-4827-8986-e262e90fac37,2021,108660,A
dcfbb36d-c7e2-4ad2-9d33-b7590ba32306,2021,101942,A
0382fecc-e74f-400c-b966-b157e0d42377,2021,1101244,A
2fcad7d4-9b59-4f0f-879e-51111f16f641,2021,113687,A
2e31d446-27ca-4ef5-8669-475ce6a11a57,2021,1181115,A
b26b0beb-ac26-44b2-b765-058054472360,2021,13401,A
ae1fe3bd-6d0b-43a3-b823-c757fbd5e8bb,2021,101942,A
d9eab4fc-38d8-4c9c-9896-107c6ac4a3ef,2021,1181115,A
5e1786a7-e850-4121-bff9-ac1cc12d49f9,2021,113687,A
99a30954-59d5-48ef-8d86-a466aa68a749,2021,1314243,A
9b60f26d-e31b-4049-9c6c-66c2e5f697ff,2021,13595,A
a52e6472-3bf0-41cd-9d67-f86f0c23dbca,2021,101942,A
7eaae65d-896b-4365-97e9-5bd2ac986c84,2021,101942,A
9d1243e3-84f6-4f82-815d-4fa383b10992,2021,41238,A
92b29d9d-0d8a-41b7-b4c6-72a01721e5c5,2021,1265453,A
9ac6c2ea-5557-487a-b17c-e99b78baedfc,2021,98665,A
d73f1614-2688-4241-92fc-7978c5aab6cb,2021,13980,A
5b388aa2-9aa4-486f-972c-2f3a6bad3116,2021,113455,A
c7fdbb32-ff9d-40a8-9c32-0274c1c86a51,2021,108660,A
390df201-c620-4f63-a3f2-456b2045f1ef,2021,1136142,A
a8288708-8104-4739-b947-5e0f15033fae,2021,41238,A
bbdded7e-9276-46a0-a629-0ee2708775be,2021,108660,A
d1ce9b99-6039-4edf-997c-0343c3a9c08d,2021,1187671,A
fbeb459e-68c4-4b16-aac2-aca069bd1547,2021,13446,A
fe1f6d80-1441-4664-a22d-9d7ec2a19c31,2021,13595,A
45c9216c-5fee-4353-bad0-5f10af547e52,2021,1265453,A
9c3f2e21-2437-4cda-8150-be4d170fba83,2021,1265453,A
a1b501f4-e8de-45c4-9957-3606dd1ea222,2021,1181115,A
b9cc871e-9520-4a7d-acce-988fe7fe14ee,2021,1181115,A
c8960480-7a97-4751-9e51-5d5b9fe77cad,2021,1136142,A
7dde6a15-ab8e-4ff8-82c4-3b56a5e69f19,2021,1190071,A
aa787182-6a78-44c7-9a6f-96cd2a74c84b,2021,18671,A
c4494346-943e-4458-8a75-a91d3b60fa2a,2021,99406,A
6fe36d6b-ade5-44e4-9411-bcf096f886c0,2021,2209,A
82f79bfd-fd92-4a5c-aa79-b5406f900016,2021,101942,A
6e6d4669-97ab-4400-8255-26e71867711b,2021,98665,A
7ee9a381-8f1c-47d2-a356-3bd49dd66faa,2021,116770,A
e23d836c-9d50-4bb0-ad73-625e30197588,2021,108660,A
367a87b7-a1cf-4cd4-84e2-eb80317162f0,2021,108660,A
ff7908ce-d512-4e20-a728-8031deb56f0c,2021,13401,A
9c1a160a-d819-4f49-9e2d-9bb1a32c63a9,2021,108660,A
d0522a9c-6bb7-4519-a9fb-11bfa0844d74,2021,1101244,A
db6799cd-522c-48e6-9249-264acc5bd830,2021,106167,A
3213f2b1-94e5-439a-9182-734bb19a134b,2021,1330347,A
2e7d45c0-0912-43e9-a52a-d351180e5586,2021,1330347,A
f296385a-802d-4c0f-b169-defd7dec62cf,2021,18558,A
b8d20af8-074f-4edf-a45d-2ba68394da5d,2021,13595,A
76259f91-58d8-4dcb-a3ea-42357d7a281c,2021,1102628,A
2876e36f-d139-4f56-adfa-d77b6a9b3c2b,2021,1181115,A
7f2a7ade-61f6-40da-947b-d5de73bffb25,2021,1190145,A
2888d6e6-8997-434f-ad93-25b8a6e47293,2021,113455,A
0e042132-a7cf-471d-bbf7-1c1a45ae1f71,2021,108660,A
1cacf708-31a1-4af0-a784-96abb9db9971,2021,1117717,A
7e38ff42-1c3e-4f4a-8824-294eb4dbccc8,2021,1117717,A
625ca574-e876-44a2-a40c-bd8bce5717ae,2021,1132918,A
804d95de-8c90-4eb7-bd6b-ff00489ae18c,2021,108660,A
39d77676-8a24-4284-9992-00f5bdfc86eb,2021,13595,A
c6405ed1-7344-4eda-8eb8-dd92bf59bda4,2021,112086,A
b721e130-0a9b-4531-8969-535b472003af,2021,62484,A
8d9cf766-e1ab-4df6-bf60-4569847db05b,2021,113813,A
87e49528-0686-4911-ade0-4a96c977cc56,2021,1267543,A
514b0711-dba3-4db5-82e9-60ae181dc72d,2021,101942,A
caf023f2-c762-4939-9b2e-efc961a7ef87,2021,108660,A
14620b6f-7f77-43d3-8357-295dc866dd27,2021,18584,A
4cf95d86-6062-4553-8fcb-f62101303734,2021,13595,A
10a83a20-9804-42ab-9e73-872209b9a90b,2021,13595,A
99235d4d-8ee7-4f17-bb0a-bea8844330ea,2021,13595,A
151c4f79-4f3b-4001-b1e0-4f937e9c5325,2021,317,A
9c45714b-e324-4c1e-81a2-7a966a4202cd,2021,108660,A
8c9605d5-cd45-4cc3-8d71-5c171c4d1bd6,2021,98665,A
bb3eff8a-a4dd-49c2-aed5-dfff7e9bea72,2021,108660,A
a4f45d69-2f6e-4ccf-b1e6-f10cdf068477,2021,317,A
2359b403-79e3-4b07-8a01-f8dcca7e1782,2021,98665,A
7fe1cdad-238c-4ad7-9901-ce90ca237bd2,2021,86326,A
9816c211-11c5-4af4-9a45-0e637f3da6ff,2021,18671,A
d66ae538-366f-47a6-923e-80ae1a599f74,2021,18584,A
cd5a6cd6-5b9a-45a8-8381-b31183ce4bd1,2021,5000143,A
cda6e17e-e974-4edd-81a0-d2a1cf5950c9,2021,97778,A
8b34c978-d929-421f-bc93-be5ea2a55fb3,2021,1190071,A
d8d06d48-0299-4f72-bbd8-fc33c6550c67,2021,13446,A
e9e2ae42-09d9-45f4-b612-d0180d3128f4,2021,11452,A
acd63692-d54b-475f-9abd-57dc7130602c,2021,1136142,A
98508674-1aa5-411b-8597-2074128b2ec6,2021,1299927,A
e888055d-bc92-42da-b7c3-8614beea926f,2021,13980,A
c03241d1-e2f7-45f6-bf74-4d979910d826,2021,18584,A
1d996827-ba24-4c21-9b82-b83b96996ec1,2021,1102628,A
afcaeccd-6f09-4ebf-8f3f-7e7622bd0f83,2021,1117717,A
7ae3cedd-7fd1-49d6-9fea-13486017d0a9,2021,1265453,A
5d73ed81-90d4-4136-aaeb-c69d482f0d14,2021,18584,A
ef701dd5-1d4f-46e1-94ce-b096ab4447ee,2021,98305,A
d52e60db-0ea1-4e63-b36f-a2afd46b460e,2021,1187671,A
8cf1c8a5-7086-4d0b-a66c-d64ab78d4388,2021,13595,A
83d9d5be-49f5-4dbb-bba0-371b81d9c1ad,2021,2209,A
c6852594-f049-4cb2-8c5e-8a7451e73ffa,2021,1265453,A
b13933f1-29fe-43b6-a631-f9892e0a04b8,2021,13980,A
c56a2e42-530e-4b96-9e81-f4cef02c570d,2021,18558,A
d143d746-cf72-4c15-a16d-0bdafaeda1db,2021,20030,A
19871366-e868-4830-b31b-9de29ebe424c,2021,2209,A
ff4fe890-b04d-4d43-a392-00204171c57f,2021,968,A
2748002e-6503-4b77-ba7c-641b0b6784cf,2021,113687,A
f4d7c395-70af-477b-a4b6-e33e015f4e10,2021,108660,A
ad3a14bd-2f58-4862-9d4b-6f5e3c46f4a2,2021,13401,A
864d8307-eb86-40a4-b69b-1d0f203c2805,2021,113455,A
cbab0dc3-ab82-4da1-8684-4d4173af08da,2021,108660,A
ba26e841-f9ba-452c-a196-feeca2e77e2c,2021,37862,A
3db53146-234c-4404-92e4-a6a23e5d5a49,2021,11452,A
1b9a876c-47ae-430d-929c-7e5704452fb5,2021,18584,A
57dc3497-5210-45cf-8a4c-431677db620e,2021,98665,A
7cb7ffad-9d30-4fbf-865b-6ea062979eca,2021,1136142,A
b8361b40-f1b3-4dfd-ac41-6a82d40d0138,2021,13446,A
3af4276a-2e62-4247-8db9-b15ce6950765,2021,1190071,A
73f923a2-cd87-43b6-be24-d52bcbb56203,2021,1330347,A
307ca4db-adbd-470a-83aa-f950ef17731d,2021,1181115,A
9cdec86d-15dc-40e8-aca7-5dc048ce062a,2021,1269545,A
f121cf2a-632b-47b3-9b5b-071725cabd2b,2021,1267543,A
786ae657-647c-48ef-ac0f-7d0944c1536e,2021,101942,A
a43bc71b-26bf-4967-bed8-b952d2082bad,2021,13595,A
9b58c315-7b7f-4b72-b889-3d93ff61bce6,2021,20933,A
e44bdeda-9f84-44b6-bc8e-9689129145c7,2021,1314243,A
eda0ff8e-29d5-415d-b72d-0345e9edcab1,2021,1299927,A
ecfe0ec1-9ba1-4da5-9e56-e7cdb7aaecb2,2021,108660,A
cfdd34f6-83ab-455d-844e-1b7b8b20aa3b,2021,18584,A
221f65f7-753a-4452-9737-91f703e201fe,2021,18584,A
3efa5a4e-7c92-4a5f-95fc-e4aab943ffc4,2021,1187671,A
45aa3aeb-35c9-4d9e-99d8-c1645ec711b0,2021,1190071,A
ed331452-669d-43f6-8e06-de1640a7696f,2021,1102628,A
96057181-72f6-4343-bc39-e0240736326a,2021,1376131,A
5d839fe8-e619-40f8-95fe-ab798883e763,2021,106167,A
c5e9aa83-5ee3-418d-8d75-99b64f46a717,2021,1181115,A
6a46c902-93fd-4c2a-81fc-fef89da2cb0c,2021,317,A
d2c532b8-8bac-48ee-bd31-f300e9c476d3,2021,1181115,A
5e1952bb-dfd8-428d-9453-f41581a6760c,2021,1181115,A
4d4d16e2-00fe-4d75-94c3-2e16c416c2cb,2021,108660,A
f23e014a-e9b6-46cd-a9c8-46aa6139dd57,2021,1102628,A
05f4533f-3333-48e7-b15f-9a5af0b5b9a6,2021,108660,A
3c40c727-e76f-4973-b7db-8553a337b1a9,2021,1314243,A
aea751c1-5be0-4541-834a-1b537cd7cf01,2021,57606,A
909be827-6908-4b32-8b20-462db2651156,2021,1288839,A
797e7c15-27fc-4352-86af-cdb3562c124a,2021,2209,A
e4abcfdc-def4-4265-af1b-856cef57e08c,2021,1314243,A
e0bab401-f918-4ac5-9410-6f5ed75fb2e8,2021,13595,A
8c2f193d-6087-4ec2-a7cc-13d3d47cc9f4,2021,13595,A
3e7dc1e8-bbda-4178-964d-0623115ba765,2021,18558,A
e9ef39e1-ef91-45b5-a68c-4904b1b0bec9,2021,101942,A
972e443e-92d3-42f5-b944-f1c29ed5ed23,2021,13401,A
9d614055-08fa-45c4-bf40-8dff50324337,2021,13277,A
326f7550-38e2-48a2-8a36-ec3606da25ed,2021,1314243,A
24b0c5c9-f618-4f1a-869b-22e1a9f85220,2021,112086,A
55a4da0e-10f4-422c-bdcd-aef94a0df768,2021,318882,A
54543272-6ee7-4603-abf1-9593529ae2fc,2021,108660,A
6b0aa5dc-db26-4e7a-9548-82b373fd9a8f,2021,113455,A
834c5b93-8907-40cf-9af2-2143dbf56994,2021,1190145,A
d7887cf6-17a6-4374-a20b-d446f6780baa,2021,1190071,A
8b625621-7eef-4a5b-8502-7de8e0635db4,2021,1181327,A
6fe8a3b1-71b1-4816-8f5e-1af3a42b98f1,2021,1300429,A
4d106987-73f4-40fa-b2a4-32ddac57fcb2,2021,11452,A
b7f8580e-50be-440b-b701-dcd9fcc2db33,2021,20933,A
eee232af-9f46-4f17-939e-d355a60bc4af,2021,98305,A
59782215-7543-4c76-9fc6-78b0e12be111,2021,13446,A
a8105c3e-0d1b-4482-88e6-aa78c29eff11,2021,1288839,A
3dcc8210-ae02-493c-81b0-b0d71b449d5c,2021,13277,A
a5bdace0-db3b-4304-a494-01e310173748,2021,101942,A
6fb7fbca-0df0-49ea-a876-39f49698cabf,2021,1299927,A
5ae9880f-881b-473f-8bb0-c4e52e4733a6,2021,317,A
9d5e919f-3f6a-4426-813c-3ea91d8d69c4,2021,108660,A
4ff5d7af-ffaf-48b8-bb50-b42a7870ec8b,2021,101942,A
71ed88f0-3944-453b-ab33-81057c67d417,2021,13446,A
f281a814-eace-4a38-933d-5be3150f511f,2021,1190071,A
a2795f14-5377-407f-879b-b07e79af9c28,2021,2209,A
2f5d8142-df75-40d2-91fc-7addcfc313a9,2021,317,A
76c361a9-502b-497f-8e0f-68396d49a57d,2021,108660,A
ae5e373f-b33a-4e36-8f61-3f8675f4a01d,2021,1101244,A
e30c78af-a6ce-4941-aba6-2857538eb5fd,2021,1318224,A
71cdf5bf-5597-4356-a62a-8b628808e2e5,2021,1267543,A
88eabeb6-7ec6-48c8-9467-df0e609b83f1,2021,113455,A
475d0726-5d0a-4f2d-a780-88297971c3cd,2021,113455,A
3b9256f7-8177-46ef-997c-d017fc63686e,2021,1190071,A
bd13e48b-b642-4d6e-89f4-617774fda390,2021,317,A
2446130c-8a25-43c5-a02a-47d6532d9bd9,2021,108660,A
44e4fd07-51ca-4625-aa11-a86cf499ed45,2021,5000135,A
3ca46e79-46ff-4ba8-a29e-3c2b43c3e6ca,2021,101942,A
dcdfc21a-3a55-4ae0-ac6a-3db6755d66e3,2021,41238,A
fad1c98c-94b3-4589-a49f-784c7ecc6882,2021,108660,A
b943b9c2-0158-4a30-b871-adac9eb31241,2021,13277,A
fd21d1d7-1631-447a-b166-986468be77ba,2021,13595,A
763ae098-3a08-40f7-9914-203245be5112,2021,11452,A
424c8459-3be7-4652-8f32-52f8a1ed5fa0,2021,101942,A
a067bcd9-d74d-44be-a35a-a8b0c67ec7a4,2021,1269545,A
36b242a3-3df8-4a8d-a37a-40fe70f1ed9d,2021,1117717,A
185e8f50-63c6-4b3b-9340-cd829e9ec2b5,2021,118420,A
b4d29f6c-8d85-489e-a753-65b0dbc0f7f8,2021,1288839,A
e79a2a4d-dbcf-4df0-bee6-04cc0f31784b,2021,18671,A
1639dd0b-a14e-41ac-9a64-57e4de288350,2021,41238,A
4524796d-25e3-4707-b96a-d4423c0c2698,2021,1190071,A
d2505d5a-0a56-438d-866f-e892d696d754,2021,1265453,A
4a16073e-a53e-4122-bdaa-0d1221a5dd7d,2021,1101244,A
10a6292d-adb8-4574-a520-c429aba74ecf,2021,108660,A
a3d08bc9-b576-46ea-bd23-096e60f8e141,2021,1288839,A
bb3f4ad9-ccf6-42ba-9cc1-021059837508,2021,101942,A
217eb4d3-51be-434e-a758-a150a06bfd58,2021,1187671,A
9a6e8c58-f300-496e-b014-a471debc331b,2021,13595,A
1ac7a200-8dee-4d44-a925-e9e61a25fdea,2021,13446,A
80124ca9-c14e-45d3-9b18-7c04839e4f76,2021,95017,A
a5b07f3b-8c8e-43b1-b7e2-40838a8d19d4,2021,1181115,A
a14dc524-ea30-40e0-9b12-af7de382d0c6,2021,317,A
0f4ebf16-2d13-42dc-b455-15c0d06c8286,2021,108660,A
8ed0b929-f472-485f-bda4-8b28c7f98030,2021,1270596,A
c26f6e60-fdfc-41a4-b653-b9669c4fbb8a,2021,112086,A
9db2278a-d520-4784-ad15-2b433db7bc3a,2021,95017,A
a6104897-0bfb-46fa-9ec8-a9032da14439,2021,5000135,A
b8775e54-34e8-47b7-82c6-8cb4e4d93f30,2021,101942,A
c630fcf9-d3b0-4371-aaf7-f359dc8e1912,2021,5000143,A
74512fc6-349c-4297-b384-ae1392eb8708,2021,116770,A
709320eb-b679-4caa-a644-9c2c68066fc8,2021,5000143,A
ceb4de31-a40e-492b-9189-5f8b6eebd444,2021,5000143,A
f17195d1-f69f-4e35-b06e-4c0a273bd1f2,2021,1265453,A
236e3e05-1be2-44b4-949a-94c26b3d9ef3,2021,41238,A
81fe4955-4434-482d-9f79-71987811dac7,2021,13446,A
8f307a33-2c97-412f-9ff4-6ebb32d5a336,2021,20239,A
616f9e98-6188-4173-8dbc-c314d95bdb6c,2021,1181115,A
e17d6a5b-93f3-422c-969e-b5afdad82fab,2021,103062,A
af1584a3-a710-4c6f-b78f-928a28e3bce0,2021,91262,A
7f087ba8-bc96-45b6-b5a3-e9cfac0ac33d,2021,112086,A
b1712240-e48b-4235-b776-6a122f08d0d7,2021,112086,A
6e4de732-3e54-4c60-bf6d-5846674f5684,2021,5000143,A
4476d636-754a-4e64-a26e-03e7d181e492,2021,13446,A
0cbb3c05-dcd5-4d08-9174-31928f8733b4,2021,108660,A
feda4e14-1ffa-4820-9019-d2a361c8f6f9,2021,62484,A
d1417b88-a764-4f76-9487-90228ffbc4e4,2021,1190071,A
ba0447f4-6a57-4b8d-aaa8-5b0b957492d2,2021,41238,A
a85555a2-5bcb-45f8-906b-deb0de78c8e2,2021,1190071,A
bce250d2-d7ad-4ae2-9b71-8491eb5cc6af,2021,5000135,A
5dd4d230-1829-41e5-b700-03a57e7e4f9a,2021,1181115,A
785d4dfa-ba5b-4fd8-84a3-447f15fa7161,2021,13595,A
6668a924-8a62-421c-98d5-c7c32f2d2d42,2021,1376131,A
6c4328e5-ae0b-44b5-9d5a-ac0834e54571,2021,98305,A
cb3cc292-7a2f-4852-a85b-41512ea09f63,2021,1265453,A
3efe501c-34f4-4590-a8b2-8083edc909da,2021,87396,A
786e4611-3b79-4448-a3d0-112b8aca017f,2021,1101244,A
ab603bd0-f9a7-442c-891d-5f21c4e80bad,2021,5000135,A
d4c94ed6-5741-47ed-aa2d-cf69e5d5900c,2021,1190145,A
99e77f33-8586-4eb2-bacc-13606d93eabc,2021,106167,A
507e7583-6af6-4cfa-9902-5a6a35267273,2021,1102628,A
07aaa80f-5811-4f96-a773-8e256b5da29d,2021,1314243,A
dade4920-8f8d-464c-bf54-7249e763490d,2021,1101244,A
b60a3b31-7679-4dd1-aa5a-73c0f2e46a1d,2021,1270596,A
e82a5e9e-5efa-4ab1-bdff-e652b00c6658,2021,5000135,A
7cfc70f5-1783-47ee-b92a-2920397e0d2a,2021,1181115,A
559870bc-9d6f-4871-87ed-001f4d3dff20,2021,5000143,A
ee15e399-720a-46fb-8ae6-b24c753b2293,2021,5000135,A
87d261d8-27ce-4a2a-bebb-80d461eba302,2021,103062,A
ff86a4c4-06d3-42d2-b116-3defa02afb2b,2021,317,A
247d8bce-5a7d-4ac8-b04b-21d772a8e27e,2021,1190071,A
65787210-bf85-42cc-ac67-d86090e4b3ae,2021,1101244,A
e8962eda-5caa-4ad0-afa6-eb1c1c4c0d61,2021,108660,A
cc558107-82d0-4b87-af3a-f6977693c6bf,2021,5000143,A
03ec8811-9b66-4ecf-a873-eff759467844,2021,1299927,A
0b56a322-453e-4795-b823-849662afda45,2021,1190071,A
d3721b0a-18ce-4afa-8dd5-9ecac13f3688,2021,1270596,A
aea40740-cf1d-4bc0-9010-3bdc0cfcc571,2021,1318224,A
a8babfc4-7ea2-4c6a-a308-56559ade4a37,2021,20933,A
b09eb929-a20b-41ab-b141-9598a6f02d3f,2021,1376131,A
da15f0f0-a62d-4862-9b4a-934e4492b624,2021,13401,A
bd2de622-b7a0-4f57-83f8-4c29cd3253f6,2021,1136142,A
4471bf97-071d-4dec-9d63-fcb797548e71,2021,113687,A
670f92c2-1469-42ba-977a-1de7148da941,2021,116770,A
3d537314-ef4d-4727-8838-aa00dd0424c9,2021,513,A
58cf58ac-06f3-48f4-8035-c41d6abf4868,2021,107360,A
9b8474e0-da31-443c-b186-fcbd6afe5e05,2021,107360,A
84c3c12f-20ef-4f36-9b74-fc52a5bb227a,2021,13401,A
49cf6415-a852-4df8-830f-e07611438e85,2021,113455,A
034e9800-16de-4f4e-937b-28ea719839a9,2021,95017,A
970451d5-0e88-4532-b37e-e557148a19de,2021,5000135,A
372eb040-7be3-4367-98ba-7f94edc40d14,2021,106167,A
68da4590-44ee-480b-b892-358a63a7ecb0,2021,108660,A
5c2ccc3d-65f3-4589-9439-dafb4da1a8c7,2021,19042,A
c92b776b-3f19-496e-8c86-736e6dbe37cf,2021,101942,A
9888e6dc-e465-40a2-b9ad-97bd8272aeae,2021,98305,A
42fa792e-b17e-4b02-ad73-2f86f95ec39a,2021,318882,A
a663ca18-7555-48f4-905c-6a781b9b706f,2021,1181327,A
a43be718-8d0d-47e1-9978-014043e047f8,2021,1190071,A
58a85649-44fd-41d6-ac3f-8f498b8ef094,2021,11452,A
a7b7a40e-fa3d-441e-ac75-2d02d1735463,2021,2209,A
c5de0934-8616-4ba4-92b5-913f988d7dc9,2021,1314243,A
fca00030-4c50-44a3-83c3-34e31492a4ae,2021,1136142,A
ea7d4b37-06bc-40f9-89f7-c0fb2d5595e8,2021,113455,A
25fe623e-ec16-41bc-91d1-dcd43f527860,2021,101942,A
92392101-7cdf-44eb-820a-5f60724ecef5,2021,5000135,A
b41073cf-93f0-4d0a-86c3-248da5e396b8,2021,1190071,A
1a0ff8b8-b08e-41b1-885a-7ed920d2673c,2021,1190071,A
19cc1791-34ec-4bc3-908d-8f6ff4b7d854,2021,1190071,A
7e2d9212-b767-400e-9c10-bf13b85802a2,2021,106167,A
be92f9cd-4eb1-4cae-9415-51b47b93df69,2021,317,A
961afd28-1a17-4a98-a15d-c4258ca2ef40,2021,19042,A
de6ef2cb-e893-4d4a-8c31-f1f12502e28f,2021,13446,A
92cb1474-4505-44bb-a80c-300ece770e29,2021,20933,A
7b87e11f-de61-463f-a0fe-6930d3ee9439,2021,5000135,A
bed026f6-7474-46c5-af0f-9bfc8451bc0e,2021,108660,A
4ba8af94-9263-400b-9cde-9a67c0b2eaaf,2021,98665,A
ace09ae8-066f-4471-a70b-7c8aab2c0023,2021,1288839,A
b15e8b8c-2ef2-4918-ba5d-299bd4e1c01d,2021,101830,A
048187ea-b6a7-42ef-955e-ebabceb834cb,2021,1270596,A
963fe9ab-1f66-467b-979d-f1fe155f0453,2021,1376131,A
59921448-4284-4262-bf58-853949c81c43,2021,57606,A
73818eee-b212-457e-9794-f4243b081d98,2021,318882,A
3849d487-5e59-4d09-9fed-d755db30deb4,2021,95017,A
e4156dc6-6809-48c4-a795-d7390b3e9320,2021,57606,A
cfbbb58b-8c62-40bb-8842-f3e50c0e8a20,2021,107360,A
4d29d9c0-a454-4693-9fd5-533dcd72c8db,2021,1265453,A
0fffc9a2-f743-45bf-9bb6-0277cc031bf0,2021,11452,A
1c10adaa-42ad-409c-b34b-b485bed7ce22,2021,18584,A
8d92ecdb-e7d8-4d97-9d33-0513a486aa9c,2021,1136142,A
5d7cda22-d175-4749-a51e-578766ec672e,2021,1190071,A
43a09218-1bf9-4856-ad84-39ef9090fe17,2021,5000143,A
ed4c0e35-1627-491c-8b12-1eff0efdc4e5,2021,98305,A
ef194002-f156-498c-9650-2e32b545551a,2021,107360,A
fb6d8473-29ce-4cf7-9765-577905cd3b47,2021,1190071,A
cd2fcb0b-efca-493e-b4bb-5d1cec05b225,2021,113813,A
e24e5937-eea7-4851-ad1c-aad72624a624,2021,1318224,A
2df98471-fe93-4866-b5e1-909023a790d5,2021,118420,A
503e847c-6e85-4a2c-978a-26aa42b7ec4f,2021,1314243,A
af14a05c-c037-4e62-a338-44f2d29659f0,2021,1288839,A
36f1a04c-8a3c-4223-a548-cdb3cac7f218,2021,106167,A
682a9c69-773b-42dd-ad9c-36b40abcc33f,2021,1318224,A
3d9a2958-379b-46d4-b064-b0fca73cf292,2021,108660,A
d848e483-5e3a-4ff4-91e5-2ee723f47e2b,2021,1187671,A
f660db48-c197-4e57-aeb3-a6c6c11db85c,2021,103062,A
a5f372c0-1584-4d3b-b589-3856d09e41d3,2021,19042,A
22674f79-376b-45f1-8d69-f8b139c6e795,2021,86326,A
2cebeb9d-acd2-4d60-8735-4dc37d446774,2021,113455,A
d31d025f-eaca-41de-80ae-6b9ad5b16b22,2021,1181115,A
56dbdc19-fa94-4006-9874-03a2fef197fb,2021,317,A
5a428975-7d00-4968-8c87-fab5d9ac8bbe,2021,19042,A
3189acc6-87ff-4782-b31e-1e043323394f,2021,101942,A
f0f926b1-696d-45dc-8b27-fa307efb32a3,2021,101942,A
cc350236-ecdc-48fa-a820-1427b0dc41dc,2021,1270596,A
8346761f-a94d-48de-a752-703651e6c6ca,2021,1265453,A
e76392bc-36ef-4c74-988c-857e7359659e,2021,108660,A
4fd62cd0-3286-4049-b875-75b3c07e6b86,2021,108660,A
d3697e8d-d9b0-4366-8efc-c4630804b743,2021,1270596,A
ed335efc-08f9-42ae-892c-43f3f25514cf,2021,1330347,A
3c915d19-6ad8-49ca-84e9-ba1a8e28ceb7,2021,11452,A
f98b3cb8-4221-4fed-9011-094bbaf67c15,2021,513,A
f4658f72-2930-4598-b747-7e2929051dc6,2021,1265453,A
ac6c0360-7118-42a2-9961-60c6df388a13,2021,13446,A
520bdc4a-42bf-4eff-bed6-65b7990ad1bb,2021,1190071,A
88216fbc-7a8a-401c-bd9a-ce58bad5a6ce,2021,107360,A
6679ead9-dec6-4860-b9c0-2a1b2c9d6d68,2021,1136142,A
e33e2aea-f27c-4e8a-b8f0-6a52f99be2bf,2021,106167,A
ea78831a-e02a-4097-ae34-bc3f0b6cddf7,2021,101942,A
ef795465-ae17-455d-b899-d60d3573c729,2021,5000143,A
e4086427-75f1-4562-ad14-5df03fb7989a,2021,1132918,A
36762d6c-5865-4fac-bade-51b64b9ec4ff,2021,1139692,A
11b8a95c-8e74-4bba-9b4a-b245bff470ac,2021,1118057,A
501ab60d-635a-4afe-aac8-faeeae0cf7b6,2021,95017,A
57094c97-cbd7-435d-b052-6426d56b2fb7,2021,86326,A
4e4386fe-5609-470b-a42a-f5af141d0af6,2021,1267543,A
7bb02fc0-1a63-4ef8-af29-1b279da35058,2021,41238,A
b7c07750-e4d8-4c5f-8f9f-ab3de393179d,2021,5000135,A
be94521e-b2b0-4e53-acec-aa0064789b8b,2021,1101244,A
7b629407-b571-45d8-a2b4-88c40221f3ef,2021,106167,A
c2e60bdb-6fea-4468-8ee0-61d2ea68ffee,2021,11452,A
899b209e-1336-4ca7-b360-86b385a60cee,2021,5000143,A
3ee8633d-6a33-4d5c-9002-84479487b265,2021,1190071,A
88b89a87-ae8b-4f82-842f-b05d5e9a0a52,2021,1132918,A
6576345e-e69c-4937-b71c-8c50caa7f13f,2021,13277,A
0dc726a2-74ed-4d3a-82c9-54920fe57223,2021,98665,A
84963ba0-1e3d-492c-8ce0-b2caf8c1d49f,2021,116770,A
e1160edf-54c4-4e11-b0c0-7a324e7738a6,2021,101942,A
2a4d8ff0-9692-4b40-bdf9-475a970c7b5f,2021,5000135,A
3e4c2e7d-b41a-42a5-a4a3-013463f5f6d4,2021,98665,A
178b69f3-036b-4c24-b11c-4385da945a36,2021,13277,A
662455ca-4434-4793-aa69-dad5a5c71f1a,2021,1272079,A
cfa95ac1-383a-4754-8e78-679332336df9,2021,101942,A
4d94b12f-c4a4-4517-b2d7-a2b5b5056ab7,2021,101942,A
0176f2c6-7ee8-4c04-aa08-80bb6eb4e0ae,2021,98665,A
1f40e59d-c260-423a-8e0f-2606f975ee17,2021,41238,A
0361239b-3e36-4fc8-9475-0806a64e1ff9,2021,13446,A
9231be44-f1fc-4840-8049-d3d70d892a75,2021,1376131,A
b9ffeff9-f42b-42d1-af1d-f9667e76c165,2021,1376131,A
13be762c-7639-43a4-a1eb-7b2ba314f3b7,2021,116770,A
d87f594f-eaad-43e9-9183-e65b61def3db,2021,1181115,A
29ac39db-0ec1-4c13-b47f-f43c457ddbfa,2021,1318224,A
35d07cc1-2388-4704-9fed-cf179ea85bfb,2021,18559,A
defeec15-ed4a-4e26-8977-a970408dae36,2021,1190071,A
cdfbb0b2-2838-475e-8ccf-edfc0d8315fa,2021,1265453,A
2169bc46-6ad8-42ac-b620-bc91af5f7b6d,2021,98665,A
aa278e81-a80f-40dc-9075-9ba8be084211,2021,116770,A
a7d364b4-f6ec-409a-8036-285f7127571d,2021,2209,A
2f8d6c01-faf6-41ad-8518-62f240706d02,2021,18584,A
c53ecb72-a1d3-4d03-ac5a-edfe5bfa74e4,2021,20933,A
e1aa9ba1-9539-4f7c-8129-c75b64f37399,2021,112086,A
27f2a6e6-a3bf-4d30-8f35-9a31df1be204,2021,101942,A
f905dac1-1a74-4048-8ee7-0079237e6a7a,2021,5000143,A
31ecd60e-bb47-4a92-99cd-c4e8ee616d0b,2021,87396,A
ddba36fd-d8fd-4393-94bb-3c6f0e1d3a5c,2021,1190071,A
92a5a465-2f4a-4ca1-83e9-efc33162a4f8,2021,1101244,A
7f7b304c-1ea6-435f-9fc8-d6be114557b1,2021,18584,A
8d0013c8-ab1c-46ef-bc6e-555b04d785de,2021,513,A
616ab531-c089-4eaa-b9fe-0e89535a6f17,2021,1269545,A
bc8640d3-4dd9-46f6-86fc-dc9b373aaf67,2021,98665,A
4d62f987-2551-474c-aa4f-b23b3311805b,2021,1190071,A
2f6e2624-9baa-4153-bc32-38e2fb05bd75,2021,1270596,A
55b8e879-9c0f-48aa-a94c-b7d88aaeeba4,2021,87396,A
c1789342-6655-4679-97eb-6bc5b80202e1,2021,101942,A
1064d9b4-667f-4a22-928d-546ac31efc7c,2021,41238,A
c5febed9-8a51-4b1e-9b48-3ff594ae4304,2021,1136142,A
d61a8385-00d2-47b3-b4ff-596996d57803,2021,11452,A
cac35c82-cb6c-4924-ad03-e114f94df7a7,2021,91262,A
e42159ac-3ef8-4267-9c92-281f8d2336e4,2021,18584,A
3f3b4076-0735-46a5-a3b3-1a48bea4e5e0,2021,18559,A
3db20962-e8b2-495b-8560-d65b2e8504e9,2021,95017,A
2f88ce11-86b4-422a-a1b3-30729a0fd964,2021,13277,A
015df7a9-6341-458e-87d2-26412b787886,2021,2209,A
6291f30a-4ef4-44cf-a77c-c94823462ab6,2021,18558,A
f5c372a2-f78c-4209-987c-01be193f49ad,2021,1267543,A
dcf92ac4-e531-4eea-a4a7-70f3bd34576f,2021,41238,A
d50f1123-8b56-472b-add4-0f02980d98cc,2021,106167,A
e1673e49-a1e2-4c5f-b6d2-ea879d180a22,2021,2209,A
e016cb4c-d4eb-4ae0-bc4f-da61899606e9,2021,2209,A
3c451a18-3447-464f-ac33-f2e301303d7f,2021,18584,A
f9da6c8c-fbd3-438f-9b1e-71a17c28f118,2021,1267543,A
6d114062-e364-4942-b000-be61d30ec34f,2021,1288839,A
1b0cade4-d3dc-45c0-b424-613be438f1ee,2021,95017,A
7bbf5e6c-51ff-4af2-b6f4-188f1fe579dc,2021,95017,A
70c75341-b026-42db-a699-fd68cdbdf0c2,2021,1330347,A
568d360c-814b-4a78-9482-81f34396f71d,2021,108660,A
b2e07b1e-d7f2-4bc1-aa0a-2e0fbbb4b3a0,2021,13595,A
f1cad6f4-659e-4f1c-8012-ca37dad6c7c9,2021,5000135,A
edc7b2f1-08f4-4b66-afc1-b97b24bc0426,2021,1270596,A
ec32c82b-75ba-42bf-9a8d-1a13e40226d2,2021,1181115,A
18d41026-1bce-4bf6-a168-804a7e817477,2021,104360,A
012bad9e-62fe-4782-9b42-8c10d66f7be3,2021,97778,A
b4f70572-753d-4a5f-b630-5f34e0e5bb27,2021,1190071,A
5c105611-6085-400b-942c-dd29b8889f77,2021,108660,A
da05c0fe-d63d-498c-b6e0-e1935512c3bd,2021,98305,A
7d6498a7-0070-4a7a-93c7-aa5685ed2e4e,2021,13401,A
a8111920-3a53-4b3f-837f-1ebc953df50d,2021,13446,A
fd2dc193-23c2-4ef8-83f5-a6ae261d619b,2021,101942,A
b875d1df-0b56-4009-ba39-91799822a9e4,2021,2209,A
660cea5e-6661-4101-a52d-ddd37f41b4ad,2021,98305,A
4d5f570b-4226-4294-8cd6-923dc1cb63b6,2021,107360,A
8c09b188-8a6f-4278-b140-725abd0c1b99,2021,113455,A
97b6270c-19bd-4086-ba77-6f869885264a,2021,1166783,A
1461590f-7379-4378-9700-3d489b4affdc,2021,1181115,A
5d3dbe19-5326-4064-8fdf-dafc31da0611,2021,1190071,A
7179c87d-2eb6-4d76-aef6-616bd6b1b913,2021,1190071,A
d085e983-96d8-40e2-830f-3c47ebf0f23c,2021,97778,A
ba18da23-96f0-421d-ba46-d0a88f99ce52,2021,108660,A
1439ffc4-de2e-443e-9ab7-d87f0ae741f2,2021,108660,A
edb17152-3b86-4472-a90a-aafd0100231d,2021,18558,A
d697686f-4d03-4de4-89ce-d763b15f4738,2021,18559,A
ee70329d-e55d-4de4-8ac2-4da14bf09a89,2021,318882,A
25f1245a-daf4-4fb6-8a01-caf05c9a7248,2021,13595,A
c2e28395-0e65-4005-bae0-3729a935b713,2021,1136142,A
25f3b61f-6118-4140-ac09-809e2498e55a,2021,118420,A
ac6229f6-e019-482b-9fb3-6c1cfd833218,2021,101830,A
ab837ccf-a65f-4744-bcdb-a7b00778c819,2021,1376131,A
50dd14a1-084c-49fb-a0fb-b034ce98f832,2021,116770,A
b431f1ce-2d1a-467f-ad02-bbb529db2158,2021,2209,A
2e6a6582-e853-47d7-ba46-31de54c44ab5,2021,2209,A
d5dd8fd9-36d0-4b88-9ea3-d10c6427e977,2021,5000143,A
cc6397fa-fe74-4df8-a605-2c2506f4bbf6,2021,1132918,A
6ce457d5-fd4a-4963-9ffe-55ec48bf0bdb,2021,106167,A
6ff4aacd-8fe7-4956-b98f-8cbef4a59469,2021,2209,A
e8773f32-a161-4bb3-982c-3fb4782794aa,2021,62484,A
999d45a9-170d-4102-9bfc-df9b4e68ad24,2021,5000143,A
70a8c9d0-4bd1-4584-9371-4f525c07b1a3,2021,1187671,A
d039919d-ecc2-40a6-bee0-9429bf26e493,2021,1318224,A
14fe76c2-3bcd-43aa-8046-a586149352e1,2021,108660,A
36849b15-a5cd-433d-9792-51dde3f73511,2021,102590,A
017beda6-c62b-41d3-9418-efdff470f3c9,2021,97778,A
f14012d9-38f0-40e5-b821-0d547a03a73c,2021,1136142,A
c8255b47-a4e3-46dd-864a-f0ed2bf48ac6,2021,1288839,A
031b760f-fb19-4181-9537-2c48a543c738,2021,1190071,A
0e016602-d9c5-4fd2-9288-e6c63700d6ad,2021,13446,A
14d6291d-179c-40fe-a679-9fd1ab9a4259,2021,13446,A
dfc9698f-638a-4b44-9a75-5024f067bc27,2021,1102628,A
5551bab4-4114-49d6-b0ac-d05cc6b42c95,2021,1288839,A
f09e3f39-76d2-4791-a8c6-e9e6d39ed4dd,2021,101830,A
9b828695-31fd-4336-b4a2-0fc1058101a2,2021,1300429,A
1f9f6f88-6010-45ba-bdcc-bf9c1fce537c,2021,5000135,A
5e0aa258-6a78-4601-9360-1808e77e03a3,2021,1181115,A
171f8d76-ee3e-4503-bf92-98c3bd9b5569,2021,5000143,A
eb5e3444-699e-4700-8436-775977763718,2021,13446,A
15c8e94e-0ac4-4122-b97b-e0bcb82cedd3,2021,113455,A
e89172d5-16c1-43ff-87d0-8e1d2ce6b0a3,2021,101942,A
8f18a7c2-81a5-4d83-9bb5-b56252224c32,2021,1330347,A
c4d6f314-1148-4548-9f34-2c7b9985633e,2021,1318224,A
2fec59ad-ca78-4bbd-ac3b-9b8c8ce0ada5,2021,2209,A
fa648ba2-81c1-4f73-9ed4-ebba47c439d7,2021,317,A
360fb8e6-9854-4d29-bfa3-13ccb84893e9,2021,1187671,A
d124c9c2-e169-495b-a0a9-63e6f8c91b1f,2021,1314243,A
d7a2c27a-645a-4368-bc1e-ac4724e0dbbe,2021,5000135,A
c807b64c-a06d-47ae-8c50-43fa8cbf4aa1,2021,106167,A
caac2eb0-9559-45ad-b1e0-06bc13a8eb1e,2021,1181115,A
eec9ce8d-314c-495b-8dfc-91cbbff7a7a5,2021,1102628,A
d6815e55-2c0e-4357-8e2b-6451a54c42cd,2021,95017,A
8cce2198-c968-40f0-83fd-fb03e26fc151,2021,62484,A
1959b18c-ae86-4a84-9aaf-6c3f8cf64ad9,2021,2209,A
dee524b2-6862-4b37-884b-30202846e63d,2021,103062,A
55017ae2-4b50-44b9-87eb-5a4c3194afdd,2021,108660,A
80e244e5-4360-401c-be34-42d016c9dfa8,2021,41238,A
9ddd662a-4a17-4bd2-b498-4750419caada,2021,1136142,A
6bf6836d-c3dd-43e9-863f-5d19870bb4b1,2021,1101244,A
f4e6dbb0-d93d-4e10-be66-5a387b08f275,2021,11452,A
95edf93c-10e3-4067-883a-5694b3b27cc1,2021,18559,A
08863bc3-0275-494a-819e-dc8368a99b38,2021,513,A
5350ba1b-13ce-4ee4-b32f-c8ed6011d947,2021,97778,A
eab75a2f-e736-4543-a79d-8787069dc322,2021,1187671,A
dcfb0b95-dcbd-4fe1-b6e7-dc9f559e77f7,2021,43664,A
b1bfb877-801b-4ea5-a7d3-3d6cd2ba2f08,2021,13595,A
9cd0752b-34d2-4f9e-b860-f98b1b8c014e,2021,1136142,A
868fd07c-e942-46c4-81d6-b40cde877401,2021,1102628,A
6f1da370-5ff4-4405-8073-ff604c482351,2021,1102628,A
d100af50-2cbf-494a-b7a2-646203b6e743,2021,1181115,A
02061ec9-f61c-4e2e-99c5-fe3566d0fdf9,2021,19042,A
052cfc1f-5a16-4f02-8efc-e3718af88b61,2021,5000143,A
f41ba630-8665-4208-972d-cd386e49f134,2021,1267543,A
76690886-d96b-4a13-8dff-ca2200dd4b15,2021,13446,A
ad77a31a-5521-43e7-a1bd-3af648efe7fa,2021,95017,A
7c6609ae-d441-40f3-9f88-e5fa1279ae22,2021,1376131,A
b0d20d7c-bd4a-4a13-acde-af7c79e3dc94,2021,106167,A
958daebb-51df-4cc5-857e-c3bfe8679c41,2021,1166783,A
6d1f754f-aef2-4244-ab7e-fb540b86d79b,2021,1270596,A
2ab8b5e7-7ddd-4c9c-b2c7-6c2d1e0907b4,2021,116770,A
4c182fcc-6ad8-47db-b4ed-a6b6bda4415d,2021,118468,A
0c0018ff-8d63-47dc-947a-e051f82d3964,2021,1288839,A
2fbea894-dcff-48ef-b11f-f09434e1c4ab,2021,1181115,A
c4a554a4-159a-47c8-b3ff-99dae42cf72d,2021,20933,A
d6b17e60-b92b-46be-ab67-b8a4586677e8,2021,19042,A
71a9becf-d16f-4ecc-9eac-485a800f98ff,2021,5000143,A
56aa14fc-152d-4e82-a7bc-2386f8a24124,2021,318882,A
ff8ab116-04e3-46b0-adbe-74276af0f80f,2021,11452,A
9ae1fd32-c430-4e34-80c4-173343b6b82b,2021,11452,A
1622a087-ec91-45e9-b730-27b1887ee16a,2021,317,A
f148d19c-795d-42cf-9569-05262b2147d4,2021,101942,A
64bbe382-b2ba-4eb3-962c-cb9ed47968e8,2021,1265453,A
9986b61d-e282-4d28-853c-494467918887,2021,1136142,A
fadd7f60-4c34-4280-9151-45567f5839ba,2021,13277,A
0618a1c6-6058-48d4-bb43-e4d50c78af40,2021,5000135,A
0a599a7c-12bb-41a9-ae23-e8042a02260f,2021,1269545,A
a2394d83-55dc-44bb-81a0-b5f6e5937a94,2021,1187671,A
747417ca-afa8-48ec-8cc6-38f7b45f7517,2021,1190071,A
9be22163-1dad-4fe4-b267-ee0e92c64086,2021,41238,A
b536a11e-3624-412d-a0c4-dbb41d045057,2021,101830,A
719e655a-d82a-471d-9eca-e976da4a59c0,2021,5000135,A
401e8583-c8ba-4383-a6d9-a7ee663ba49d,2021,1376131,A
66aaefe2-3fbd-40b5-ab11-69d6b0d4fc9f,2021,13980,A
77687bfe-c780-49c1-9450-9601c43db618,2021,108660,A
e91475e6-cd0b-44b7-af8b-df28793db1b1,2021,108660,A
269a5521-9609-4973-8a77-bbb2db09d64c,2021,108660,A
928d74c0-1f9d-4265-bcce-5bd511d9d045,2021,101942,A
80ae0736-8589-411a-97b2-0434311ffe5f,2021,13595,A
66f1ff8e-10be-4c1c-bb91-345839a0feb7,2021,101830,A
457a6d67-9d9e-44d2-82b9-ab059469a900,2021,106167,A
23ce4873-b700-4de0-8547-e797633413dd,2021,103062,A
3ef8df02-d27b-41ca-92be-c26cf8873d71,2021,317,A
9d6b4e46-c931-4b94-bce5-1f3c3e351009,2021,13401,A
e8686d6e-d5f3-427d-b171-9f3bd79d06cc,2021,20239,A
8c1f1ead-84e8-4ef2-b1c4-06b345b51a2c,2021,18584,A
8fdb491f-9255-4e8e-8072-e29a995ae5b0,2021,18584,A
798258ef-0454-4569-8a62-7a7490029a67,2021,97778,A
1bb61edc-49f1-4b89-85b7-5e6da593b9e2,2021,97778,A
fbb05573-1d26-4cec-914d-637c42ee0a8e,2021,5000143,A
70ce30c9-7627-4553-af6b-36ad3453172c,2021,107360,A
4540063c-c493-4c58-b1c0-21929e016c4f,2021,106167,A
7f21d405-b6d0-437e-a719-4c1a5199c748,2021,18584,A
22359c52-6e16-4215-babe-54d7de3fe614,2021,18559,A
c69e398a-a470-4205-bbad-96ad477410b9,2021,13401,A
b634e53c-6c88-40e1-90db-8df9abdf1cbe,2021,1318224,A
2a17b120-e0df-4316-9a39-98f47a61908d,2021,513,A
a99db640-aa93-422e-889f-4059ab457acd,2021,108660,A
059272b1-1be1-470c-9d6a-91b5118b769c,2021,107360,A
75e6d09a-02a3-4906-93bc-bdcfabad5c6d,2021,13446,A
efa5b4ca-59ca-48f0-aada-27d853ecd44f,2021,317,A
079147da-2790-49f7-9234-a8be596285e2,2021,57606,A
eb432424-65ef-4f16-acd9-51b9db8ed39f,2021,1136142,A
aab1638f-5c0d-4070-9f0d-c24cac5d021b,2021,1102628,A
8ccf6490-7602-4dd7-8282-e333291ac27e,2021,106167,A
7bba18f7-57bf-48a5-aa96-bb5e0b1b9c4f,2021,108660,A
794a45d0-cf2f-4ac5-ad8a-a145eccf08c4,2021,101942,A
e97b2c12-5338-4a1f-9ebb-f01cab1bb9ce,2021,13446,A
48272aba-ccc4-4380-947c-cdb655df5640,2021,1101244,A
0ca9ba6c-8c0c-4055-86a1-77337f9b8c58,2021,99406,A
248dd36a-608a-4daf-9cbf-aa4e459079bc,2021,1118057,A
0f748350-b04a-40e2-b558-0823d855c42e,2021,18584,A
c51b16a0-d2dd-4e87-a3d7-67498dc02382,2021,2209,A
e22a1845-aae7-4676-b3fc-0ca462920250,2021,1190145,A
11e816c6-aeae-46cf-8a54-8cbe18cee4ee,2021,57606,A
60bc8b44-f204-4fd5-8c13-181d2d3675d8,2021,1136142,A
e3121a73-2834-42e1-9d51-10d644f3eccb,2021,1136142,A
f526d13a-5fb1-4880-9948-18768a599782,2021,101830,A
5b1ee110-83d8-4b9f-a939-e8818c6d6f95,2021,13277,A
79602c71-b949-4775-9f92-b2ef454dd38a,2021,1190071,A
0933570d-0d7a-4fe5-8250-deed6a340f24,2021,1270596,A
e7da3c20-ede9-45c5-9e71-14bd630089db,2021,116770,A
ce04a8fa-d278-4c45-b507-a80fc19f0576,2021,317,A
e203352b-4038-434a-a6fe-97b3806b2161,2021,18559,A
6aadc1ab-1140-49ef-bc59-35acda09a3d1,2021,1139692,A
18a5a128-899f-4b99-bf8d-8cad317e15b7,2021,2209,A
013a9eef-c94c-4c40-896f-42b18cc769e2,2021,41238,A
7c13f8cc-3912-405a-912a-46f1a4be2a23,2021,101830,A
71d1be4c-9c59-4f47-88d8-7af95102a2fd,2021,1101244,A
572b1319-7f90-4b7a-9433-8d6fe33cee87,2021,1181115,A
815708ca-ca6d-4ef7-8dce-66ca021764a7,2021,103062,A
561c5ba9-5b02-4beb-bddb-bb6d06ed52e1,2021,108660,A
410cfa8f-0767-4817-a257-6fdd90c1209b,2021,513,A
ece6a1c6-52e3-4655-9066-ab8c42fcded4,2021,1269545,A
740914fc-6dfe-4c7b-b081-2efdf33ece5e,2021,1283028,A
bf8d060b-ec03-415c-9e96-c7f3b7dffe3a,2021,1101244,A
a66a2844-e92e-4182-8c5b-c5a507da6f63,2021,1270596,A
b45db515-f59e-4d55-a519-6cf0f77b604c,2021,106167,A
4cdca69d-8438-4da4-9952-07d0328bf50d,2021,5000143,A
cd70fbdb-0d7a-4781-8b6a-d633df3a6c6b,2021,1190071,A
0f3ed17c-60fd-4e58-aac3-918b998fbbe8,2021,13401,A
9c8b76db-5f4a-45ad-90ae-952e1953c9dc,2021,41238,A
9c3fc283-d7be-4b3e-9ef2-cd1d7f7d5765,2021,1166783,A
01bb71f6-41ea-4f0d-a08c-b9b61049855d,2021,1181115,A
760abccb-bfa8-4a15-a250-27b174c1ca9e,2021,513,A
424ed4d9-00b7-4cc9-acc4-a75a7601590a,2021,317,A
f5f47208-bc15-4e41-a322-f5c62c2d98d4,2021,108660,A
26a37649-3d6f-4e27-bc5f-162f87dda857,2021,18558,A
c79235e4-383a-44d5-835a-017b4f83c2f5,2021,13216,A
a31d90e4-f0e5-4145-8bbc-e065954fc8ac,2021,98305,A
b12376d0-62cd-4d79-b911-49906fb4e51d,2021,1265453,A
c639ed6d-9eb3-4e6f-bc1e-cdfc4ba6ba1c,2021,1288839,A
02988979-7fcd-493e-8d51-9644bc9a202b,2021,20933,A
5c8083b4-b4c8-4405-8ebd-2a9a4b0545ea,2021,87396,A
162ad3ba-b0c3-4567-9544-65841ce472d3,2021,1190071,A
6aed2c2b-0a82-4393-aa75-03cbcaf67f22,2021,1101244,A
e41a5eec-4179-49c1-bc93-b03020a4e0ba,2021,116770,A
f2c58b68-3f36-4b72-8ccf-b0cda7a20f43,2021,106167,A
bbbbe6e3-6048-4079-88bd-99ba6667b6cf,2021,118468,A
7af479d2-50bf-4b01-8d9a-144c7608b07e,2021,118420,A
74e718c4-4ae6-4846-adce-47f7401a5ba5,2021,113455,A
ef22f550-3fb6-474a-8d17-1677f4d0ba45,2021,18671,A
83afb345-5656-4e8f-a615-e715f908e1c9,2021,1181115,A
594f730a-c441-4097-8329-4bca599dc0e5,2021,108660,A
7b47f7ed-9c41-49ba-af9a-0b6b69e4037d,2021,1269545,A
496de432-21dd-493c-998b-979654dc4acf,2021,1136142,A
e2905502-ebc9-4b28-a473-6f4fed630dd8,2021,95017,A
bb75b265-e0e1-41e6-a3a5-d118486ba296,2021,1314243,A
df56afde-965e-42a2-87d8-6a7c819e2fb8,2021,11452,A
28d5fb08-a689-40eb-83eb-2df33121cb1c,2021,1181115,A
9fff48c6-ff30-4a53-a61b-5e1325357a59,2021,18558,A
820df3a1-34a2-406a-8250-937b6b591236,2021,104360,A
989030e2-b89a-4cea-9b07-7aa06bac3419,2021,19042,A
df5f60e8-eaed-4f5e-af3d-553ccd4980ea,2021,13595,A
280b9c9e-c107-4340-be54-8ae1eec999be,2021,13446,A
e8aea226-b028-4573-93c1-c7be118bca9f,2021,1102628,A
83bd8139-8924-46f5-b75f-e48d2d49d1c3,2021,1190145,A
025a92d3-57cb-4edc-a1b8-20d67b07a14f,2021,13216,A
7add3e06-9b0e-4db5-b4e5-5426e58eb155,2021,1187671,A
6deffdef-a707-416e-a8de-b9865e5ba0ac,2021,317,A
e9220b5d-d084-46fb-969b-ba46d541efc0,2021,19042,A
e145f1b3-de72-4c1b-964a-b5090758dee5,2021,317,A
135798e3-ddea-4381-9869-4d4149b6f779,2021,1267543,A
b59684fc-ea06-46ba-ad07-36353c0de73b,2021,1187671,A
0f22075b-1d9c-4aba-a2c0-71311edd70b0,2021,1299927,A
117f972d-3d62-44c4-b185-f0f81324e0a3,2021,106167,A
95b9d70f-c17d-4e59-9fdd-87faebf828c7,2021,2209,A
c1a14c5b-9969-4a2d-a2a2-47039b600ddd,2021,57606,A
c0770ee1-a4a1-4946-b106-dd36a43e66c4,2021,86326,A
afaad874-c579-411f-870d-be79d84373bb,2021,13401,A
eb5710c1-eb1c-4010-ad9d-e4472abcbccc,2021,1288839,A
b9924a59-318b-4a76-8ad2-32acdaf8b2c9,2021,101942,A
318e840c-57f9-498f-b467-af73af1d3181,2021,1318224,A
72cf03b9-febc-4e27-9034-363f31107c58,2021,1136142,A
2562141f-2eb2-4d0a-a225-ef61ae5d8bb4,2021,1318224,A
97dd4301-b51f-4146-b540-b641392bd2aa,2021,317,A
b332204f-939c-4b1f-bfeb-26db9b034973,2021,108660,A
1d47b6ac-3325-4a18-be38-f7401c725638,2021,1269545,A
7b450eeb-3188-4312-89f9-404883d3f240,2021,1190071,A
bc831ca0-1846-4b69-bf23-d391e3866e08,2021,1270596,A
f72c47bd-073e-434f-9f0e-3f8f03ef71ea,2021,116770,A
d6edd2ac-3870-4d3f-aed5-772a95a07aa8,2021,1181115,A
a112c4cb-d683-4185-b503-5cf4ea88da15,2021,98665,A
17cffe0b-3c9b-4937-b9d8-ff071ef1a92d,2021,1314243,A
415b1d5e-d842-4729-8d81-586909f2f76c,2021,12313,A
9089bfaf-d437-4235-bafe-ba26bb7357e0,2021,5000135,A
53613d6e-621f-4ed2-b1ad-fabd4f57367b,2021,513,A
9b0d7532-0b57-4518-921d-96787a8224f3,2021,513,A
06360781-7b86-4480-a699-8911c98a3f72,2021,112086,A
e1b1512b-43f5-433e-a629-161a50a07668,2021,1136142,A
2ad0829f-9bf5-483c-916c-58f3a22e6330,2021,95017,A
5826fd6b-f51a-4118-93db-a724d12d8a5c,2021,1299927,A
b2e4df33-9113-498b-a020-1f6001638617,2021,1272079,A
8ecb199a-5a3e-4a8b-8508-1a04f3ae7b05,2021,1270596,A
192b5e73-cd05-4899-8c01-fe7f3d2b4b86,2021,18671,A
c1af0410-04c5-4338-adf2-33de1804668c,2021,317,A
ba83d648-cbce-4c33-9526-884f325ed966,2021,18584,A
f7ea27c2-cf31-4b61-9cd8-de5291412c98,2021,18584,A
2346c93c-6580-4ca8-9add-158ae3a8d704,2021,13216,A
650bebef-c18c-4136-a578-ed4219133e03,2021,5000143,A
15bf09f6-c700-4fdf-8772-e76891f703c7,2021,1187671,A
cb591cf8-03b0-48a2-b594-dd098045ecff,2021,19047,A
90417aeb-0762-41ef-8c59-447bcf1e3973,2021,113455,A
e6f06d54-abfb-46a9-9ea5-1ac783556ff2,2021,1181327,A
73befa98-7e10-43b0-a5aa-47762d51c0c6,2021,95017,A
9d34a821-b63a-4c9f-9bb9-10ba66efe079,2021,62484,A
073dc0dd-a076-412f-b4ff-51640b81d2c8,2021,20239,A
2344d6a0-a11f-4f11-bb47-2febed36957a,2021,1101244,A
05efe730-c0e4-40d0-ba0f-2ee5d93cbc23,2021,18671,A
5932f9b4-3b8f-4073-aeeb-aa7caac1af53,2021,11452,A
b4b30639-7988-4d17-a898-13e69bd67560,2021,11452,A
b43d5c80-abea-423e-b5db-6600bdb2cfee,2021,103062,A
996333b8-fbc5-4084-a037-b2b8cdaf40ab,2021,13401,A
ae3df2ae-036f-4a72-b8b4-21984aaa3f52,2021,107360,A
c27208b3-6474-4e18-bc7a-270a2139aa3b,2021,1101244,A
26c5e5ad-5c1e-4b29-8f2d-f739abe8be2f,2021,1376131,A
cf016085-146b-4b6b-9021-026e620fd0b1,2021,18558,A
d9260ae5-c4db-4001-bcf1-85a47cae2c4a,2021,11554,A
fa95873c-93f2-447b-bd91-238ac50ba5de,2021,1187671,A
cff4c656-f05d-44bb-8c4a-4f8195737e1f,2021,1136142,A
8534a951-d11d-492e-a976-8e1bf8e22e7f,2021,13277,A
612094a7-a165-425e-a265-25f5fbad4e2f,2021,5000135,A
ef0afe82-0f62-4c81-a224-49c3a2011afe,2021,13980,A
7f2d03dd-13e5-4dc2-a672-4c049aabeb44,2021,1118057,A
ef74c4dc-765a-4c28-9798-fc295761dfe7,2021,18558,A
78bf9ac6-9ed5-4eae-b54d-eee9f1b3da3d,2021,112086,A
5422a875-76a9-4d4d-b703-08777fd8e34a,2021,5000143,A
57a2977d-1475-485d-8814-78cda6369089,2021,5000143,A
7bb98ae2-d79a-4c2f-b9f0-6a36398e024d,2021,13595,A
feca5b09-7cd4-4c2d-9caf-e713fe0b4a2e,2021,1265453,A
32895f4f-a63b-4676-b30d-ec4ebedc5d7f,2021,107360,A
41b30dba-e049-4707-af32-cfe3b5116967,2021,118420,A
c90fc699-9356-4e64-a708-966a3b8fd5c1,2021,1314243,A
21976f22-ccf2-4773-a04e-73e43d6cebab,2021,116770,A
d3c8be9b-3a95-4c91-a516-9721f16aabfa,2021,1166783,A
f2d26c7d-8feb-4e04-8d38-28123c3ddb63,2021,11452,A
ddb6324f-e764-46e6-a541-f1d0eefa0911,2021,1181115,A
5430e87c-4e53-42f6-9ffa-0d86e2ead7ec,2021,1181115,A
3d1d89f0-9b9a-4455-916a-822d4d7db267,2021,18584,A
36393a9e-8e20-4bb9-9cb8-fb282fb93588,2021,1288839,A
7e1175a6-89c4-4157-9066-a86cac84c30a,2021,1288839,A
abb4da0a-7924-4191-ac49-ad4dca572d18,2021,5000135,A
f4786391-55fd-43a2-835b-9e79d7e5b16d,2021,1118057,A
ad09ebd6-01cb-4560-a609-e919b2bcb682,2021,103062,A
b3bd26ed-8124-43dc-9227-ab3b60f71121,2021,2209,A
488c99e5-0b90-4c7b-a971-d2155fb9fa86,2021,95017,A
15b5a7a8-96a2-4c37-b3a8-9c5122232cd0,2021,62484,A
66bbcee8-c9c5-4ca1-97e1-d322b34417ba,2021,101942,A
9b0a99ff-aae4-4e5b-baa1-0638b285414f,2021,1376131,A
6f76dcb2-557b-45d3-b63b-a402c005e8ab,2021,317,A
cdbe2f56-9577-4fa7-8170-7cfee14216c6,2021,1118057,A
b269a35c-3a4e-4789-9c8e-067213ff450a,2021,97778,A
485841cb-cf21-4212-9e2e-8506b627b49f,2021,13277,A
f835dc6b-21c7-4a6b-bc40-94edd44fbbba,2021,13277,A
dc740537-b047-4468-b291-09a999ffba21,2021,106167,A
0ce13a7d-e3dc-4439-a23a-122689252861,2021,317,A
64fbf987-e86c-4c03-b64c-adb87ca25a82,2021,1265453,A
2d83a4a4-e07d-405b-b593-1ea4a26cc238,2021,41238,A
e87c6416-3e07-4142-95c3-9a629e62c7e1,2021,13277,A
ebee7729-71a2-48e6-9fe9-e6537c4a2783,2021,98665,A
e1c985f7-06c2-495e-a248-6b9de4abbe37,2021,106167,A
92c7ec5e-f789-4fd3-a99c-c529f82cec9e,2021,106167,A
20323f79-b349-4a34-9bb4-6a4b449ce510,2021,1181115,A
287fe837-6bff-4a9d-83e0-43af15ec5662,2021,1190071,A
592cd5b3-140c-4ff5-b6fb-ee78e0f286df,2021,2209,A
f5a1fefd-8d44-4b89-87b7-49ba8256b7b8,2021,112086,A
4aec6124-cab7-46a0-a370-081ee2d8c1d4,2021,101942,A
70728e9f-655f-4d8a-afa3-e697237ca4c9,2021,13401,A
a4572cb8-8784-4848-8c92-e116e86d89f7,2021,1288839,A
07724b6f-128c-49df-bb69-960dbd78a8ad,2021,118420,A
d2f62549-3a78-4070-82fc-e9d2a2927bb7,2021,101830,A
fb92fc3f-b618-4753-85d8-edbc83dd3958,2021,1376131,A
b8279ef8-2abe-4601-bac2-2d4c2ba9f371,2021,1166783,A
6d8f573d-b01d-408f-ad4b-7a5cf12828fc,2021,13980,A
bd89e6c0-708b-4eae-9b1e-9afb0e5d0ecc,2021,1330347,A
b4c2f481-36b7-4233-99d1-6e82180b0c6b,2021,1118057,A
02895c6b-6cba-49d0-af70-7d07ca1d9117,2021,108660,A
88445638-7b1b-4f8d-b2ff-766496cca31d,2021,5000143,A
83cdd3d3-8ab3-4c4e-b98c-4a06aa25d84d,2021,1267543,A
e7f7a562-4557-4752-83a6-3731794700c9,2021,113687,A
ff4aa5c7-86ae-4db5-9c14-c43826efb94d,2021,18558,A
01536ee6-a97a-4386-bfe3-34171851148b,2021,1136142,A
ee90f2c8-8896-4bd1-a533-1ad1db0bd95f,2021,1267543,A
d53a40f8-af96-45d8-8dbd-60ccce29fbce,2021,118420,A
d1c2ea85-8129-437e-9bd2-52c8b49e3148,2021,1314243,A
0e1eb4c7-4ffa-41f4-a967-6aa91db6592e,2021,101942,A
f175aabb-a030-4eac-94a2-b57aaf4df60b,2021,108660,A
f7593fe0-283e-4fb5-8835-17e853c8e4df,2021,98305,A
51c9ea7b-56ec-4194-8126-9c58e22b2b6e,2021,13595,A
6ad12fac-4814-4656-a758-6a7fcdbd2046,2021,1132918,A
4132d41e-635a-47aa-be3e-4f6b1d84e1a1,2021,106167,A
87ec5d88-39d1-4b92-ab9f-e30b6af95969,2021,11452,A
c0c26587-2311-4188-ab4b-2b653bd467c6,2021,2209,A
4027fa67-7c18-4bcf-9c53-56dea9a1221f,2021,2209,A
f3b88b19-805f-4a7d-8a6f-f14c9ccf4481,2021,112086,A
80f061c9-db19-4985-b683-30af7fd85c69,2021,57606,A
7f53385b-480e-4eab-bec7-6ff104cf78e1,2021,19042,A
49c79e9f-4138-46d3-8f16-3b2ffaa40108,2021,98305,A
51f53870-f5b7-4feb-ad88-e1ae334a7391,2021,1181327,A
782016d1-d56e-4395-8869-62aa54d5cdb2,2021,1314243,A
f0be2997-da40-4b3d-ae33-806bd0bdb113,2021,1101244,A
dd7fc81f-ca74-4e96-85f3-e379558b326c,2021,1330347,A
17886ec1-2003-4582-9ccd-c464ae8cc19e,2021,18558,A
8b169bb3-cdd9-49c6-9f2c-5fe39795b54b,2021,1190071,A
f66bb65c-a2b8-42b9-95d0-6f1244101e8c,2021,513,A
1e4637f2-22c0-4789-b6a6-ef015b671be4,2021,108660,A
503d45ea-b7de-413b-a8fe-271e04adf98a,2021,95017,A
6b5aac13-e987-4b2f-b78c-bb31113847a6,2021,18584,A
0fe13c12-454c-4c57-91eb-053709371988,2021,18559,A
84b03c18-acfb-4640-8c1f-2a25d143f910,2021,97778,A
1c1249b3-98a4-4a94-a9c8-b54c8cd19d29,2021,18584,A
bf355b45-816d-4d76-bc05-54155fc02b51,2021,5000143,A
49e26014-f1d1-4fa9-a637-ea96b06ca66e,2021,107360,A
d1152f51-c284-4715-b255-9d0a15caa5ef,2021,13446,A
1042725d-a113-4418-af7c-1f3c91a3bb85,2021,13446,A
3a5b327c-a5fc-4a42-9d23-15ad02113d90,2021,107360,A
a0a68718-d809-4525-8490-7306fbecce74,2021,113687,A
2c64fe13-f64c-4a7a-a6d6-b49b8d7aee6a,2021,108660,A
cd7852db-6426-44c3-ba1a-df8cc0b6b42b,2021,18559,A
048051b2-61a5-47e6-a9c5-fc3d2f5a34a5,2021,513,A
48283fc3-dae4-4570-93d7-12db19d26b31,2021,19042,A
6c465c7b-c5bb-4e6e-b638-5af9c6aa197e,2021,1269545,A
cdf9e8e2-3b12-48b2-88fd-ce9c319781e5,2021,11554,A
0b967ce1-a82a-4c98-9fc6-2f336285d477,2021,1136142,A
0c14411d-701b-4098-822e-e6193bba4a1a,2021,13980,A
f2178eda-af8f-49de-9625-0f048deb23c9,2021,317,A
41613c5a-dde8-40d8-a492-cff56b1806bf,2021,113687,A
5bce192b-a979-4053-bce7-00bbef170647,2021,57606,A
95abae10-d406-41b2-9122-205302983d3d,2021,101942,A
c915a436-4b62-4872-b0c5-669c97e61a59,2021,1136142,A
0e403ddd-d75e-4802-8e47-d00b3a214931,2021,113455,A
58a85798-8c6e-4a7c-afba-514174fa72f9,2021,1181327,A
3e1b2805-1774-4a15-8655-a476b7c6d22d,2021,101830,A
0f349356-6cd0-4cf4-9011-07a2a3097d38,2021,20933,A
e7281a38-8aed-41a9-bbae-51a790db86bc,2021,1314243,A
b581806b-34de-438f-8de2-525e55810481,2021,20239,A
91a856f0-7189-4c7f-ba26-ae6530cc30f2,2021,108660,A
84624b9d-b949-42c3-933d-3608b47b404d,2021,97778,A
bf689327-67db-4667-ad89-9509f8f2f238,2021,5000143,A
bb1a2140-2ff3-4e2e-9f92-4c4830bf3f25,2021,13446,A
437060a9-e892-4a97-b14b-25138b4804c9,2021,116770,A
93320b7d-93a2-47e4-af3a-a286bfe29fcd,2021,62484,A
49193658-d444-47cc-b483-522f4f3dcb14,2021,18584,A
9b536370-fb44-4592-99cc-e45b5801a12f,2021,18584,A
8e7ec72f-e169-4913-b57c-b9531435d801,2021,18559,A
e2542b02-624c-41f3-83fb-5982d432246c,2021,1190071,A
52ff81f9-2ef6-431a-9546-3cf970103f50,2021,106167,A
babeacf6-885b-461e-abe7-b45fffee26f4,2021,103062,A
002d5942-0b72-4a1b-b45b-40b3824f9700,2021,1118057,A
e147afaa-194b-4f06-a87d-98c43dcda372,2021,317,A
b679d984-15b5-4db8-a7f8-e011f4d57467,2021,62484,A
17a5cfde-d422-49aa-a674-6e2234c3e972,2021,513,A
f6c402dc-d201-4a77-86e0-b47f2a0a5b8d,2021,1136142,A
77537b10-1155-4684-a347-8b627b6b82d1,2021,13277,A
a60f912b-6903-4043-942d-efd9b75db1f6,2021,113687,A
f485283f-fb30-4d95-94b0-21068e3ca093,2021,1300429,A
df39a8bf-9542-44e9-afc0-5d0b88c33edd,2021,1190071,A
112c4139-7a52-4769-aeb6-417dbec6b721,2021,13980,A
21684260-9486-4523-9fea-28fb15192b66,2021,1181327,A
081399ba-3641-4879-8dfe-2b7074da9a75,2021,1132918,A
78ed50ee-9efc-41d3-9cdc-eb6e1374168f,2021,1181115,A
4bf70da7-81ea-42b3-892e-c40b04d538d4,2021,5000135,A
f9d11a88-2473-4419-ab53-83a0970bb2dd,2021,2209,A
3f491472-04e4-48ae-a72f-b1fc3bb683a7,2021,317,A
9cae896a-5321-495f-800b-b3435cd261d1,2021,108660,A
531bc9f4-0a0c-41f7-bead-64b568fcf776,2021,18584,A
793ccaed-62ed-4d8a-91ec-57e6b78967d5,2021,1267543,A
081d73ba-a9c5-4d20-a7b1-8010073be5cd,2021,1267543,A
b9be9d42-6f80-46bb-8bce-7cc19213926f,2021,1187671,A
91aa9d56-5b83-42ab-b62c-7f160625e49a,2021,1187671,A
8435e98f-2fa0-48b0-a5db-b9d639abdeee,2021,1190071,A
12321566-f8ea-4afa-8577-aef839bb4db1,2021,1136142,A
59ce9fc4-5d6b-4c14-b5b4-493b78650090,2021,118420,A
cb436881-e086-413d-b2ba-d254fa8cdd14,2021,1314243,A
f8a134d9-8d95-48b7-8120-582de0a63bf2,2021,20239,A
e892966f-428a-4904-9181-333fe1f50ad3,2021,1101244,A
6a4a3aa4-b9b8-4511-a63c-2700f420c965,2021,5000135,A
18e542e3-eedd-4ae2-9c99-f7d7e3a4f206,2021,101942,A
01a39fa8-0bfb-4d28-bb13-c7e5aa2da319,2021,5000143,A
ed1db9dd-9d65-4c8f-ba47-436727c8cfcc,2021,13595,A
6fa44929-6195-45d6-8060-54a019618e49,2021,118468,A
09397f3e-af5c-4ad9-83d3-77ed654a9a17,2021,1181115,A
d279d906-bd5e-41c1-ad9d-ad5e08cbc2fe,2021,1318224,A
efaced97-4041-42ee-8579-40751002e23c,2021,102590,A
513a2eae-b99b-4c48-a802-01a3c758541f,2021,86326,A
cb0393bb-2684-474a-835d-a5a075666e78,2021,86326,A
844d0ee4-9de7-47c6-89a6-e0e55527d0c8,2021,41238,A
633cec86-dd0f-4ae2-8f72-cec74954b0dd,2021,1288839,A
be3b117e-2975-4542-b4ae-8a6270b18417,2021,13277,A
73a002ed-bd64-453c-bd8e-4457ee498233,2021,1314243,A
673eb148-d000-48fb-a1ec-53dd2b6ca31e,2021,317,A
7cc006e9-1df5-43fb-bb51-dd69b4304d1d,2021,101830,A
6b49732f-c47d-4867-a9e4-590c4d134def,2021,1181115,A
ba3d3b46-8f68-4aaf-9ef2-56e5fc0b5a1e,2021,5000135,A
53d94f5f-e2ad-45aa-b68d-4ab3a20d4479,2021,101942,A
71ae75cc-54ff-419f-862d-a909ccc65146,2021,11554,A
b660dda0-e69d-43ee-98ed-15ab51b6c914,2021,13446,A
cf116771-acd2-4060-bd90-aed1ef1f3718,2021,106167,A
d953983a-2987-429a-9d7e-47d2a903f892,2021,18559,A
68fad50a-131c-42e4-830a-5768b18bef26,2021,1267543,A
d7ef4caa-6041-4331-b984-cd905dccdfbc,2021,1190071,A
14fce714-edf6-4d6f-9fe2-4ed0ba6e9f19,2021,11452,A
c9cb7cf0-49f5-472f-952d-0e85d5f364c9,2021,108660,A
9aa5f0bb-3bbf-4c3e-b4e6-2cf51799b7af,2021,101942,A
97ec7579-94b8-4d3b-a1a4-d2ffcc467e4f,2021,13216,A
ef599072-c8c0-4b54-a761-833c2908f6cf,2021,5000143,A
58013ff4-06c8-4ee5-86e0-8feca218b027,2021,11554,A
9ea0da40-70d4-41a2-95f7-b003bdc5604d,2021,113455,A
084e8fbd-a6f2-4b1b-8404-3b03c9e6bb92,2021,107360,A
da374171-d533-42b7-9721-a3cba5135383,2021,101830,A
2c0b43fe-84da-43b9-868b-8152dc31cec7,2021,101830,A
de3e7624-87d5-49dc-82f4-9168553d5c1a,2021,1190071,A
acd48a93-e064-4efc-97f5-a4f9b2c39bb8,2021,1181115,A
0ee2a6dc-665e-411a-ae05-434e4e900f68,2021,5000135,A
6eba0c41-a3da-41ac-b714-5cd47a4f8160,2021,108660,A
6ace668b-873b-49a1-af6b-d1a8d2a82273,2021,108660,A
384b6870-96a2-4922-8af7-e4703b6eb34a,2021,13277,A
f6938ee1-65ba-4451-a4e7-87b8382efc29,2021,5000135,A
e0ac4372-1741-4956-b6b4-f9c8cf12f314,2021,1190071,A
9ec0e1ed-0a9f-4262-a47e-d4db5990dead,2021,106167,A
6d2322b1-fe0d-4b0b-8c69-2fba560ec21e,2021,102590,A
f495ef9d-0a98-4a49-9e01-58b6f950b45c,2021,57606,A
9d979270-8b09-417a-be03-742e5e940b5f,2021,13595,A
07a60907-454a-48c8-a48b-1ddc6b0d7487,2021,107360,A
964b561f-5a52-46b4-85ec-d2ef6913c9ad,2021,1136142,A
bf478543-eb11-41bb-bac3-b81d843da78f,2021,101830,A
ceac1f3d-c084-4f62-9845-f15560e59dce,2021,116770,A
3ad195c7-80ad-42fe-9a2e-7827de141607,2021,106167,A
5921930a-e9a2-46cf-973d-96b0c3845a3b,2021,317,A
323f7570-c664-457a-88eb-e2dd9da4e230,2021,13595,A
c1da647c-4a22-47d9-bd21-c61eca9709aa,2021,13446,A
f8ca9fb3-ad0d-421e-b42f-a301b5e98caa,2021,1267543,A
ad2205d1-1f0c-4146-91ed-aac36032de8e,2021,118420,A
8aa38c62-aed3-4999-8780-7962b15723c9,2021,13980,A
132c8656-3a4a-44ea-b29f-9e0c0eb024e9,2021,2209,A
0bb1ac31-4f5a-4b46-9845-b6020fff7cb0,2021,513,A
a28b6d46-2d51-414a-b37e-88f6456e220c,2021,13446,A
1ce3d474-62d3-410c-a086-48aa46d76a56,2021,1136142,A
ce0db88f-13fc-4ad0-8fa6-e58a949b6442,2021,113687,A
c20881bc-f0bf-49d4-a6ac-f2f51322bed8,2021,113813,A
b4f1de20-bea8-4f4c-be93-3c8d17128d4d,2021,1318224,A
65af0a0c-ae79-4eeb-996c-39384b4e6f4b,2021,513,A
875faa9b-f9fa-4207-9167-12dba08ac738,2021,2209,A
654945a4-29f1-4cc4-979e-44c7dfb34fd5,2021,13595,A
e7536f5c-cbcd-4f4c-bfcb-9dbdd3aec892,2021,107360,A
4572756c-acaf-4a59-a71f-615f2e19b5f8,2021,13446,A
74a44a67-46f3-4ed4-813b-88b18a83f634,2021,1132918,A
525b711b-7594-40a2-ac87-10a5903ad22b,2021,13277,A
91817115-5bb1-43f3-a09c-e994b6c7459d,2021,1272079,A
9767b896-8941-4e80-8a51-9066c092e4b0,2021,317,A
943897c5-4f03-4aa1-9dd9-1d50e2d351bb,2021,1269545,A
d7f52481-14f5-43f8-8417-c3188a2c4e88,2021,1267543,A
8797679f-b896-4e00-b7e7-73dcd152cbf9,2021,1102628,A
66e66ef4-6497-4320-b185-14da0dd47779,2021,95017,A
d44d5b02-bcf9-49d7-a3f0-761d9af582e5,2021,1379275,A
514cde7f-266e-4915-8890-e920ac974f90,2021,1181115,A
fc77b232-e0b3-4751-a9a0-305966bcc5c5,2021,2209,A
d1a05218-17f6-4501-be46-af560948cee0,2021,1190145,A
fb8f2c22-a9e1-4270-a615-58d3f5184372,2021,13216,A
21c5596b-80ad-4b3c-b99e-ebb5fcc23fa5,2021,5000143,A
de74e36c-e862-4e20-b4e2-88606b675d62,2021,1267543,A
676de808-c1da-40b2-a4cb-cc027369a0c9,2021,1136142,A
22dcd809-b839-496e-801e-bb48ab923c32,2021,13277,A
b4ce7ea9-69dd-4eaf-a463-5007fc5d3bb8,2021,1190071,A
736d4103-26d5-4269-a5e1-780b766fd3a5,2021,2209,A
08f27bae-2608-4225-89b8-69011cadcb94,2021,18558,A
267d9d5a-84e7-49f1-b801-52ab5cacd9ce,2021,1267543,A
a2aa0611-9b14-4bbe-a80c-c1b30ca39993,2021,107360,A
5ba770f4-5d82-4d06-978b-4a81bb773de3,2021,1288839,A
519555b1-ddb8-4ad6-852d-d9c83f0c3e2f,2021,13401,A
974966fe-a735-425e-a689-1cb1dd831b38,2021,101830,A
9c76ca4c-c612-4177-9575-8c3f1867e029,2021,1314243,A
0ed2c7b4-4373-4968-8903-346ed1f1a3ed,2021,116770,A
4c273b39-1cbc-423a-911f-61f87289e8ca,2021,116770,A
872ae892-2560-4338-8f88-9178e2747325,2021,13980,A
8d90c146-ab3e-4c90-9843-96b383b33197,2021,18559,A
105f448a-2672-4ff6-a497-f2e620a3a64a,2021,112086,A
b79a14d8-7892-427f-ac45-99d779480db5,2021,107360,A
208b49d5-feac-45d0-9911-750033cd1be6,2021,95017,A
ae21b931-1166-42e9-a6db-9927fcbe9844,2021,1267543,A
b0c49ddc-e589-48fb-a18c-f3382c0341a3,2021,1139692,A
85b5cd78-bd84-4ecf-9a2f-b8c91c1a459e,2021,1190071,A
6384f38e-40bb-4918-a990-d3516a9ac688,2021,11452,A
0ca72b64-a1c7-4495-9e1b-c1dc709f6171,2021,101942,A
7504d9c1-ab5a-4fa5-a4c9-717404b54164,2021,1267543,A
73fedce1-113d-4d73-810b-87d78f3d794c,2021,98665,A
f1bc346f-4c1b-4104-95ce-047f03a0cf8a,2021,13446,A
e6854209-353d-4294-9451-2b6275ac9134,2021,1102628,A
4bd754f0-d9a1-4eae-8a40-d74050790b0b,2021,1299927,A
19829de4-0677-429a-be5e-336e0479b819,2021,1314243,A
d9918819-95a1-48f7-a019-f229763e7341,2021,20239,A
3d15c25c-5737-4f9d-9bc0-d48a07f48d78,2021,113813,A
81ec32de-9795-41f8-9d28-16af2e959ede,2021,317,A
278c5b47-0265-4edb-806e-f172b28b18c1,2021,18559,A
f7946912-0cf4-41fa-a6ce-65103bcd8b14,2021,13595,A
d999a240-6c1c-4324-8245-2df0a6a04916,2021,1265453,A
acb0b86e-4efc-4b9c-ba41-cc7aac220663,2021,1136142,A
830ab670-55ef-4362-b229-ac0d8df6559e,2021,118420,A
536252bd-2147-41ce-9af5-9112af6c61e3,2021,1288839,A
9d4fba0f-a94e-42c5-b503-0e6ffb9458ec,2021,5000135,A
1b1dd6f7-a7c6-4f8d-a168-ad416764af94,2021,1136142,A
b611b968-f18b-45a0-843c-6553099a5115,2021,118420,A
0e797383-9a37-4c2d-ad6f-4055377c3baa,2021,1181327,A
21188ed9-8b00-485c-be4f-be604f80b0d6,2021,101830,A
cf354c17-586f-41e2-8753-0fa701665854,2021,5000135,A
0e280535-41c5-43df-a621-3a5f97a67287,2021,317,A
7d64456f-5158-4127-b6df-ab215e29dabc,2021,95017,A
a6a857ac-e467-44bd-83be-9830284afeff,2021,97778,A
97697345-b7ae-46a2-bcb8-4c0b0c6d7b1e,2021,1269545,A
c3ef22d3-c030-4af2-a165-160f61e27ef5,2021,13277,A
4925cf96-18f4-4215-8bcb-1ea39265f5e4,2021,87396,A
48674a63-2226-49e9-ab21-743f3dd3c03a,2021,20239,A
23c0c6fc-d144-466b-8bb5-accde933583e,2021,116770,A
2249d6d7-fd61-4011-8898-9578ee3e2e85,2021,62484,A
56e9370f-8ac3-471b-8c77-e68d845689e8,2021,97778,A
a228012a-46d3-476c-9eb9-48cede8dbfad,2021,101942,A
88aee55e-82d4-40b8-be26-6e8e27129c55,2021,13446,A
34acfc11-9dd2-4068-ba96-fface350d995,2021,107360,A
8a3a9c65-69b3-4abb-b71b-575842728878,2021,1272079,A
67c7d517-bf23-4e8e-b116-1a595925af94,2021,101942,A
8edc6b28-66a1-4198-84b7-8b4a5a162cb7,2021,13980,A
01eb8ba7-1632-444a-8e4b-553db3e0aa2d,2021,1318224,A
d0fe05c7-f55a-4bb2-8b2c-dd72a9ef69b2,2021,108660,A
905d4434-ca57-4efa-b9ea-76a8a1feab2f,2021,18584,A
47eb6f86-2b0d-489c-b80e-4e3868fd1ea4,2021,102590,A
91189713-f936-4aa3-bd2b-750fca11ed8a,2021,97778,A
1a57448d-a420-4975-a844-c32a5cbc71cb,2021,5000143,A
ea820dc8-3161-4e46-86cb-734bb019bc7d,2021,318882,A
5a58f2fe-1421-46a6-83f2-d3aa53230407,2021,13401,A
65023bb5-28fd-4078-9328-e7b7e8a72e59,2021,1136142,A
a4649b87-62db-49ee-a3aa-e054bfc706ee,2021,13595,A
922d1629-79f5-4695-b9c4-ea360e97b6fb,2021,95017,A
08d8c322-503d-4c57-a1b8-3835c81d4de4,2021,1190071,A
250472c7-b9f0-4519-8ac4-d537c009e497,2021,95017,A
0584c1e2-c55c-4768-bfb9-90c30ecdcf9f,2021,103062,A
621cca4d-1bed-4a8f-9db9-f1bf71f952cd,2021,13401,A
539cbcd4-4dd7-4cd1-a979-7c63c11d6ad4,2021,13401,A
7524c1d1-425b-430f-95dc-8d5e47fad9f8,2021,20239,A
53ed7e15-aa5b-41a5-b586-c79783957b5b,2021,1330347,A
32bf218e-f2c5-40bb-a83f-e338fca9f2fd,2021,1330347,A
c7d4cd75-0af8-40a0-9f44-de5fb7634e8b,2021,95017,A
d28a0136-b594-496a-9487-fbad515587d0,2021,113687,A
25ed9708-b108-4519-8814-c8c367f5b071,2021,18584,A
68102993-45a7-45d4-91ee-826d053a8867,2021,13216,A
612baa4e-1c14-44ba-9ba0-a3ca8f56d9a2,2021,1136142,A
3ae997b1-82c5-4142-a3cb-be046be18641,2021,1136142,A
91a5889b-98b2-457b-a895-90db1f318c1b,2021,1102628,A
d20d0dad-37b1-4f18-a18a-4603e79c5628,2021,106167,A
0a7ab12d-e125-434e-a8de-01b5d0d40dd1,2021,62484,A
178cfb59-d652-48ec-8bdc-e23a9253689c,2021,1267543,A
d52550e5-758e-4c23-8142-74df12dbf1c0,2021,118468,A
b3b7e359-ffba-44d0-b30c-f1926be4f4c2,2021,13446,A
7ecc8f4a-2e9f-49eb-95b1-eff85694056d,2021,13401,A
eeffc7de-0abf-48d9-94b2-80aa73c4ff24,2021,11554,A
9d4e4fb5-a030-4fb4-9967-6e1712fa8da0,2021,95017,A
f9bd4034-5ffd-4862-9336-e2e9c8fef6ad,2021,1272079,A
76e1fba9-0599-439f-87c3-f1101cdf3561,2021,1190071,A
ccc94ee1-bc0e-433b-af68-eb4687184619,2021,12313,A
6b9738e1-0f7a-47bf-89f0-4c4bb7d00080,2021,2209,A
a721b02b-c8f0-4651-9942-c640625b7844,2021,113687,A
8bcc1d11-23d9-4f40-84e2-229d048edc56,2021,20933,A
08831d65-9a38-4370-99b2-145262e74b1e,2021,97778,A
c6522c65-66c0-45ae-9802-e68da790be0c,2021,112086,A
18f0636e-f0b7-4df2-8cc6-5e315a3a98a9,2021,107360,A
8d2294fb-f403-4c9c-93f5-e76f7c7d4c70,2021,20933,A
97b21093-0ec4-4df6-a7e0-a92987ba3193,2021,13401,A
659f22b1-2a52-4a7b-8a72-195d74615e6b,2021,1101244,A
2e14be90-9aed-4813-bc88-dcdd3544296a,2021,18584,A
27f82b1f-e2e4-479d-94e0-c6ec7f889201,2021,101942,A
68a7abd3-4cb9-4139-a75c-cf428dfb18b4,2021,13277,A
b9eb0d1b-814f-469e-969b-e8e0b29a1a18,2021,1190071,A
d90d143d-be2e-4a65-b272-ffd638789e79,2021,13980,A
4c0e2aa8-662b-4096-acb8-669d33cc01a7,2021,1118057,A
887844db-aaf0-4e7e-8c07-546d2e121a74,2021,317,A
7418bf13-a32f-4f11-8a37-0215264d46eb,2021,18584,A
944024c0-6a09-4c83-9a38-1652c5bc830d,2021,86326,A
d68b4b9e-511e-4703-994f-6eb81e0c20dc,2021,13595,A
e6f549fa-eac2-42a0-87de-13de325e834d,2021,1181327,A
026436be-7fc9-45d9-96a7-9c18753cdfc6,2021,1314243,A
b481c92b-433a-4de9-9678-4682699a8ffe,2021,20239,A
3f071b72-a923-4487-9def-ed6321421e27,2021,1101244,A
16ed9b27-5637-41be-acdd-f2f5b04c0833,2021,1270596,A
3b75e759-8cfa-45df-bb41-dac039b93f3a,2021,13401,A
ba4ef0ba-2a7e-4333-8de1-6b1a7dacddeb,2021,11452,A
f3ddbb2b-1744-4a1a-9ee0-672cad9b60d5,2021,11452,A
7e90eede-6d62-4d59-a405-f544a6198b66,2021,5000143,A
6ab4d00a-acba-4e35-95b4-6cbb00bcdef5,2021,13446,A
d5ccda57-385e-4a28-a7a2-a7eea37c6896,2021,18671,A
28173f22-548f-43be-8aec-57e2a43c0f77,2021,2209,A
a67d2b9e-f026-4859-a088-091b6109899d,2021,2209,A
8fba49d1-90e8-41cb-a4a9-0eba6767d4c2,2021,101942,A
0455fc9e-5e92-4005-ab0e-1b38e6ee026a,2021,13595,A
5d2f6c9d-4ee6-4ad8-aa9a-0d8d80c21e19,2021,1136142,A
ccd38cc3-32a8-4816-8049-a4a45ef086fc,2021,13277,A
4088677f-6257-4a45-b6cd-fbe8f3b66820,2021,5000135,A
b7f66bd5-5056-4d5c-9be1-bf79569604a0,2021,11452,A
1654bd5c-4ebe-4694-b202-453b3cf3ea7e,2021,2209,A
0675e92d-090d-46bc-9e27-404a1107dbae,2021,101942,A
72cd4f4a-6c6c-46d8-8275-b5a7a4f6244b,2021,13446,A
339cfa39-649b-403b-8f67-49fd12d18b09,2021,13446,A
50d2a642-c439-48a3-a2ad-4f7bff28745c,2021,1136142,A
0734d3cc-93da-4558-8a40-a7b74f058717,2021,1136142,A
32040d0f-6115-4e6d-8a39-59fb44367bac,2021,1314243,A
c23a9fa1-23af-45f8-8cbc-e0f7c55c105d,2021,5000135,A
675e8631-f360-4c0d-a870-591be2112224,2021,1379275,A
7ef2eb38-e026-4562-b660-9a55741d8da1,2021,317,A
be22f2ea-472e-4f9c-b4b9-6ed128bb4fd1,2021,19042,A
9ea5b6f0-b72d-4240-bd1f-fcc629b64b98,2021,112086,A
119b14e9-cb7b-4cde-8318-bcaed258ec36,2021,1136142,A
1fe28f6d-2c6f-4c73-89bf-edc2bd1f7efe,2021,1136142,A
2ffa290e-448b-4358-9904-92d2588eaa06,2021,1300429,A
cb35e7e4-504f-42cf-b440-2721da838c14,2021,2209,A
cf67dc8f-aafb-4917-9e11-7456429d130a,2021,317,A
a779a860-ca90-495a-a15a-565d4cdbcfae,2021,112086,A
b0dd4510-3279-4898-bb5e-dde7b13cede5,2021,1136142,A
98875624-fe90-4732-a6e6-6012e5f2c05e,2021,107360,A
0c4bd762-55b1-4037-b1fb-12f003ca5b11,2021,20933,A
ba63281e-cc5f-4f24-abbe-80b3524e5ab0,2021,5000135,A
53c5e34c-1957-4b2c-928c-4ca9e9e6a157,2021,5000135,A
95a26418-089c-42ed-8e10-9e63c698a73d,2021,116770,A
74237da7-f065-4f6c-acda-ddd691c2d6e7,2021,1166783,A
e6aa2a92-e5df-41b9-86f0-db2e4d91dfb4,2021,317,A
a916539d-c0cb-4295-bdc6-ed8ae48840f6,2021,513,A
b111a3bd-da7b-44d5-b6fd-f2771b7059d5,2021,11554,A
d9af80f3-6c6b-49ce-99a5-b47f29832c58,2021,98305,A
01739916-b35b-44ca-b439-181adab67c8d,2021,13401,A
bfd9572b-ac08-4161-ad8e-9b83468bd581,2021,1314243,A
cb66b1b6-2c37-440a-b265-a96de4dc4be4,2021,95017,A
b3fb29f1-b041-4333-beb4-293b21194aa4,2021,13595,A
616b23d5-3e9b-4338-86d3-651c80ef6bed,2021,1265453,A
d2eac812-f2b4-4253-b4aa-b1d059df5227,2021,13446,A
78b2a790-17de-492a-bc91-9dd7107bd375,2021,1102628,A
12491762-440d-4529-a45c-97ca545e2ebf,2021,113455,A
4273ff7a-6b1e-49b1-ac2f-187e394b57ec,2021,1181327,A
d059f25c-4358-4f1f-94f4-71475c07fff6,2021,95017,A
fc89126e-6055-40a9-aaaf-237fb8e5ab11,2021,1190071,A
3c80936d-234a-4221-b6c1-869e3a46bfea,2021,317,A
1942d318-e857-438b-95f5-a182dbc4ec9f,2021,18584,A
1a36aa1c-2cda-4469-b395-046b1dc2fe33,2021,112086,A
1ae70c47-7854-4816-a798-2eeb858f8177,2021,13401,A
0b6e2d88-99b2-4ebf-a7fa-c59b9a5771e0,2021,118420,A
b210b20d-20d1-496a-a6c5-d9f07046cf74,2021,2209,A
d6bfa090-195f-465d-8d7c-162d486e1d21,2021,317,A
dccc43c8-a141-41d9-b28a-274d5a018b1e,2021,1267543,A
8c52c4fd-a510-4e64-a04f-8232db726f75,2021,1136142,A
bba7c1be-efba-4d12-b212-8659a3a95fea,2021,5000135,A
88de3139-3f41-4fd6-aac5-caf022808b91,2021,1330347,A
de1fdd46-30f1-430e-83ca-f43997c32084,2021,18584,A
9f7789e3-7da8-4499-a9a1-7b923a61d7b1,2021,5000143,A
8da746d6-81c7-4648-a092-2292d442b1c2,2021,118468,A
fa7f1bf7-4e30-460f-bb25-fcbc2eb56ab4,2021,107360,A
b1afbd35-e6cf-4496-9b80-3565c0337af4,2021,13401,A
2640e4e2-4251-4816-8812-9c856831320e,2021,58808,A
54dabc9c-c0c0-4960-ac46-562e50afe55c,2021,317,A
0f311e39-c29c-408b-88a0-6a9d1cedd51f,2021,62484,A
b3c1f2c3-4556-48c4-978b-cad1fed87dc5,2021,18584,A
38293bd9-86b3-4d0d-83e0-4300de6d32aa,2021,513,A
abc0ce45-aeef-49e6-85f5-8a30188332f8,2021,13446,A
f6ca7ff1-56c0-4711-b0e4-221f4ec8628d,2021,1136142,A
cf0367d7-1292-4fee-adf7-7a7f9d9a248f,2021,1314243,A
2a7a2db0-d302-4d00-a4f7-00fa46f4eae6,2021,2209,A
e41d096f-c27c-448e-a7d6-8f09e08f9c41,2021,108660,A
0db4572c-b250-43f1-8e36-80ff6e097d54,2021,5000143,A
6a7865d9-5070-491e-b685-1957994b9fab,2021,1187671,A
476f4915-b49d-4ed5-88cf-da98c4b3b118,2021,1265453,A
92b60797-e7f4-42cf-8c3c-e09e502680fd,2021,1136142,A
1f1c8d6e-0414-4773-875f-f8702a9f419e,2021,1190071,A
48e5ca54-d92e-4b43-b8f1-de90c54ff032,2021,1118057,A
366a991d-8876-4a1d-939d-f150aeaa261d,2021,11452,A
3b043055-ff93-42a8-bdd9-de2b44567d3a,2021,113813,A
f2c0c613-d197-417e-b554-858280f9e690,2021,103062,A
df6254c4-93fe-424f-b997-c8a61db69811,2021,103062,A
f51454b8-8e0d-4378-b5e7-47b1aaafd1d6,2021,1102628,A
8e0d44c8-8794-4019-aa13-93c2d5f33ff0,2021,5000135,A
12876e5c-0465-4b77-af26-44142c479f29,2021,513,A
4ef72d82-901d-4b85-8183-a6ccead766e0,2021,1269545,A
b4c525b9-7c7c-4924-a4f3-1cc857c7ca7f,2021,13401,A
a359909f-d954-4d66-9d6c-6676b69ece55,2021,13446,A
94fb5d9d-cf77-45d6-8758-dc28ef77b5a2,2021,62484,A
f161b22e-8e68-4da0-9070-1bf49b54023c,2021,20239,A
82decc43-979a-414b-a4fe-a1b6e9272124,2021,18559,A
df0170a8-5968-4df7-ae8a-dc87f5dac6dc,2021,97778,A
80b558c3-425b-4f5a-87d1-8ebb6f22dd02,2021,5000143,A
0592fbad-be0a-444f-811a-795cb3eb9384,2021,318882,A
8b97762c-c37b-4192-ba1c-1e7b8122a0f0,2021,13595,A
5039811a-a003-4578-91b3-8afad2222cd2,2021,106167,A
09dd8116-9bf9-41ab-af28-e1dec73619b8,2021,18671,A
bde3425f-3975-4a5c-b639-42f4167eef01,2021,103062,A
d366a567-6bc0-472d-bd3a-ed1b55d4bef5,2021,62484,A
26422427-d971-4027-b03e-a7f568ad91b6,2021,1269545,A
e7ea187f-f701-43fa-bf89-19b917782e30,2021,13401,A
626ba86e-aa44-4fb1-99c1-b948e7714953,2021,13446,A
6dca8d0c-993a-4a74-8ae8-57f171d89a11,2021,13401,A
25024120-0bb3-4451-85ff-298c16a532c1,2021,1314243,A
3141b62c-b7c7-4be4-b115-f7777506e908,2021,1270596,A
0a906246-2966-4619-88ee-c811adb10638,2021,1139692,A
65d8c24b-18ac-4c05-9d81-a8421e3cff81,2021,102590,A
757f6dd2-9dd5-4b44-8afa-88760341179b,2021,1267543,A
a7c9b0a9-f135-4235-b1fa-38cb146ac2b3,2021,107360,A
ec7ca445-b194-42f3-a206-f6e422183f86,2021,1136142,A
a7c6fccd-d61e-45b0-8a9f-3adf24d0e4cb,2021,95017,A
f4e73db5-891b-4565-8ee0-7b0035c9376c,2021,20239,A
eaf151e8-66b9-4cbe-a231-7eefc2fb4534,2021,18671,A
d0bd5814-8c46-4f9f-89de-dd3a4b97fcc8,2021,1118057,A
117d4d36-d78f-408c-b964-eb1b11518136,2021,317,A
4806153c-263c-49a0-aa22-a82900b55b7c,2021,108660,A
f29458f0-97a9-4688-8858-7bfb4235a43f,2021,108660,A
05120247-3a8f-4426-bc9d-bb8811756995,2021,101942,A
9b8167df-7365-4ade-9277-393d979063f4,2021,41238,A
637786cc-5514-479f-acd0-7b7c676b4229,2021,1139692,A
554fa58d-8241-438f-9bee-f2cd954421b2,2021,18584,A
b0d450f7-c1a3-4a35-bec3-b51cbbb7cc31,2021,112086,A
f8449180-1416-422b-9368-f7527ffc56e3,2021,86326,A
05adec0d-eb7c-4964-bf06-1aa0d8d6cfb0,2021,118468,A
e36558d2-8dce-4d2e-999a-ffc89144d6e9,2021,118420,A
345fa730-e077-4910-8535-d6d401c5bbd1,2021,1314243,A
9b247d05-b36f-4abd-801e-9d4667efced7,2021,1300429,A
f1fdeee5-f2a4-4236-bcdb-92a4593f8c19,2021,11452,A
827057ed-c35d-4417-b748-3fef34424d23,2021,317,A
355bcde1-13cc-49fd-9b60-9ba286c6e084,2021,1190071,A
ef3046e3-a23f-4047-957a-9f3018ff4d42,2021,107360,A
747fc5a7-a95f-44b9-abf2-48c39765d431,2021,41238,A
e862e2f1-6eca-4349-bb43-40136143534f,2021,1330347,A
2be04f9f-59fd-4840-a078-2184a797526b,2021,13595,A
048b8ebd-dad7-4597-9035-a5eaf02d7895,2021,13401,A
f5e4edae-b511-4f6b-b3da-a5a8cc6964a7,2021,41238,A
6baa22f0-e8c2-4b22-8fd0-5c9b06bbddac,2021,1376131,A
ca4674c1-bfd1-42d0-9f56-cbeba6aba17c,2021,1330347,A
9e8bc32f-f753-42af-bae9-5cdd4427e702,2021,1118057,A
48a98e3e-6166-4507-8f85-1fdddb143150,2021,13277,A
a0bd018c-832c-46f9-a0ea-88545f42f09d,2021,1101244,A
6d10a92b-d6de-4981-85b0-eabcb5f603c6,2021,1166783,A
1468abf4-403d-45de-8632-98d813cb3095,2021,1118057,A
4aa1bc03-bc62-49f6-8ccf-206ee69c3849,2021,20933,A
12148f4e-e808-4f60-806f-9ab1a1c5d756,2021,513,A
1654cbf8-a18d-45a0-abd3-a6d4803d97c2,2021,5000143,A
72ad176e-0d9c-4df2-8fe0-c85168abd3c4,2021,98305,A
e09e190e-111a-44a6-920d-b49bd3597837,2021,118468,A
5754def1-7ce5-4ca4-901a-b0854a886465,2021,13446,A
b046bbce-3a75-4e6b-af2b-939a85fa4cae,2021,87396,A
a0a852c0-950f-467c-b8b5-3c3e78754b55,2021,1272079,A
fec33e19-81f0-47c7-bb79-27b8af5b0e80,2021,1270596,A
777ae06b-d201-4219-80f1-bd1765ee5865,2021,106167,A
372d56be-420a-47f4-9464-56bc48532367,2021,18671,A
8f80a5ec-47db-4d12-8a9c-66d2a1e9520d,2021,99406,A
e7b449e9-cc4e-48ef-8fcb-c0368c4f0206,2021,2209,A
8a2f2446-2240-4c76-aa02-7c819bfe9cfd,2021,103062,A
7b1c7e71-4f9a-478c-b257-235dcdc74f9c,2021,317,A
9867de4b-a8c7-40d6-a7d5-0c0fd822a003,2021,108660,A
d63927a8-70f2-45ad-853e-0d8cb0be65c1,2021,13446,A
47594534-e8b2-4843-ac91-5c29340baa80,2021,13446,A
f21fff3e-b754-4fa7-9b04-c41958fc6ff4,2021,101830,A
90b87495-6cbb-4ee7-8f01-688cd6e57d89,2021,1300429,A
3441c75b-45b3-468c-9bd5-ece827f494aa,2021,1376131,A
3cf650dd-78c2-4520-8cd6-58e5cf630356,2021,513,A
4eb13eb0-1ec3-42d5-bf90-22794538a557,2021,18559,A
bcbdcc08-c2d2-4f36-b5d2-ed208249e16a,2021,1187671,A
9d65b707-7b29-425d-8ac0-0eec6c0354d0,2021,13595,A
05afe601-75c4-41a0-be65-2b2ed4c9f46c,2021,107360,A
bb2f1517-bdf2-47b5-9329-0720c96ea044,2021,13446,A
782f9374-7962-4c72-b252-3a68cd635dae,2021,1166783,A
8965a551-4904-4d11-9059-3f437a415941,2021,62484,A
c52b9313-c601-4ee0-94ee-1dcf7eea28f3,2021,118420,A
81a07d38-48b3-4444-930f-a0eff972815d,2021,1270596,A
eca0937b-b90d-4fc6-a027-6ef3f9a2407d,2021,95017,A
2ac0f978-af48-4d4b-9386-3ff2a0cc243e,2021,108660,A
d994e303-ddd0-47e5-af14-adc687fa5042,2021,108660,A
fcbda05d-d8e4-4624-acbd-a4347a3bc078,2021,18558,A
2bb6e4c7-4be1-448b-92c6-febd1754ed8a,2021,1190071,A
c8519605-2012-434a-9f33-435992fd7edd,2021,13595,A
fab94d82-520e-4029-bcce-9903966b256c,2021,13401,A
a966b8f6-4bfe-471c-bb88-12f9efad3951,2021,118420,A
01acbb0c-01ed-45cc-ad0f-f041def626fd,2021,101830,A
2ecc0051-b56f-4062-96b4-e3a633f9e213,2021,5000135,A
c6300565-b1d9-476b-9420-e21d2b93ce0c,2021,13401,A
a6ca3692-1cce-405b-87de-a0e403c8a1da,2021,1118057,A
491ef874-80a0-447a-a61b-34f48d8ed77e,2021,18584,A
0d8357a3-15bd-40ee-bd9c-a08232f5a8f6,2021,1190071,A
4440efe8-34bd-4e5c-bcc4-064ca017ca07,2021,13595,A
849daf1f-a201-478f-9b7b-2b950182d95f,2021,13446,A
ee030bcf-ee33-417c-9c20-5b725c3965cc,2021,1136142,A
dcfa42a6-1eeb-4938-b92e-b9c0509e6cbd,2021,13401,A
444416c8-ad7c-4382-a97b-4cd18d7d1cce,2021,1270596,A
1fc60ee8-994e-497f-81e0-fb4ba2016575,2021,106167,A
f3df21c9-ca6e-4d24-8f79-1d5ffeba9768,2021,106167,A
9749d9ff-9f67-4e1e-b57b-1d1b96ec4c27,2021,103062,A
cdf8f28f-1cae-45a5-9925-cd358dea53d0,2021,118420,A
61db2c6f-10c2-4eb8-8f2d-a063e67c090e,2021,1181327,A
7fc316c3-80e8-45f0-9c44-861e8e7df467,2021,13277,A
dacebaed-2d40-489e-aadf-b117b43ca821,2021,1118057,A
138e505e-95f0-451e-af01-aff3f29e02ab,2021,106167,A
12bb4ade-997a-48a3-9bcf-29eabaf1cffb,2021,18559,A
ff8c3077-e038-43db-80ee-f451612bc753,2021,13216,A
f8c01b9f-864d-4e7f-90ce-deaa52b3201a,2021,1269545,A
7b0699ab-8759-4b8b-8477-131baea9b94f,2021,1314243,A
c130dec3-48a9-46fb-9eca-1e3786955c13,2021,1190071,A
bde15be8-17ef-4e3a-8ca8-144184d2a2d3,2021,103062,A
f17a0b9d-86a5-4659-a815-9f822793ca77,2021,118420,A
ac77ac1e-4149-4c42-9ff8-5f5b7adc7615,2021,1139692,A
31afe68f-f30f-4fb0-ab16-b87826b65603,2021,103062,A
dbc87866-4421-4251-a8a2-d689bed8374f,2021,1102628,A
00089e0b-2f92-4ef3-82ec-57acdbdeb94c,2021,62484,A
b4979900-5ef1-4064-816e-c0b464bdcd49,2021,1267543,A
0bdf7047-8212-452e-85ad-f5ecc79f34e5,2021,98305,A
b9edd1da-d669-44ed-8874-ba78bb073af7,2021,1267543,A
50bc02a9-8a35-4274-a174-16587728b3b8,2021,13595,A
418ebf47-16c5-4656-bde7-e92512ec6566,2021,13446,A
0fc423d4-6c99-4ea6-8c31-2d3e97a39774,2021,1190071,A
adef071b-dd1b-4c8d-9ea6-10344e48c507,2021,116770,A
b5e2b12e-37bf-4b6d-b105-33c8b7b33c29,2021,11452,A
c167175b-3506-44a0-96f2-d0078968efad,2021,11452,A
33aa24e7-6db8-44d7-a615-a49565e80dbd,2021,317,A
2ce9638d-73f0-4e01-bf4a-a97d03288017,2021,112086,A
63b8fe5e-a51c-496f-a3a1-ba1afc5f10c8,2021,11554,A
0ce105b6-9b93-4f98-ac39-a7e21abf00fe,2021,41238,A
d8ee0832-dba5-4cb2-b1b1-e90868f043b5,2021,95017,A
cb1d7552-39c6-4391-88b9-588fdaf74db4,2021,1314243,A
c4e67245-76e6-47f4-b184-5a8d9b011c64,2021,1190071,A
13d9fb01-69ec-4ec1-b103-5403e5c38899,2021,1270596,A
60f5b988-3bc3-4804-b697-6fbb0c192145,2021,116770,A
17e5ce1a-baa5-414a-a4d2-a38cfc25a933,2021,1181115,A
4dc403b1-7c27-4914-ad77-21e1f6006e2b,2021,5000143,A
24dce2b5-9648-4ced-a892-e9d6d371568a,2021,1190071,A
1811cf5b-506d-4671-bc5a-dff32476210c,2021,1136142,A
730e526a-015a-48c5-bb64-79727cb917a7,2021,1136142,A
6c6fda34-3782-43d2-a143-e9a960209edc,2021,107360,A
fbac151f-6237-47e1-b1d7-ddcd5cd55400,2021,62484,A
bafeedb2-2d46-4db6-8dc4-d57c80de1171,2021,1314243,A
eaac529b-0e07-43ac-b2c9-191640103f9a,2021,11452,A
623a0d70-e48f-4bc8-a765-775edc87ba93,2021,1136142,A
83eb1e6a-215a-417c-90b7-b2600142fd5d,2021,13277,A
61201287-7e81-49f1-a308-8742e22d20ad,2021,20239,A
2ed74d31-e0db-4bfb-bffc-d0843c86d003,2021,11452,A
7cc499ad-a056-4fca-ab8e-ab6ef13f3486,2021,19042,A
3d04cabf-165a-43b3-8328-529ff0f9af0a,2021,97778,A
f8cda529-0bc4-4591-b1da-f0893e8f28b2,2021,1102628,A
f09e8581-9da9-41a8-961b-0fad9bdb571c,2021,1102628,A
3434791e-4bd0-4e9a-893e-270723330972,2021,118420,A
267d7dd8-7b4b-4967-a53e-976f28cfd7bb,2021,118420,A
d29b930f-1eb2-44d7-ad78-da29d103ec9b,2021,87396,A
fb494553-b08f-4eff-9c8c-c7d21b84b0ff,2021,1314243,A
2b5164e4-a45c-43ca-9067-489b6d391f80,2021,1101244,A
4177f6ac-d3fc-4804-87a9-c3572bb23a8a,2021,20239,A
20838d57-505a-4303-aeda-3d0019f7c3ba,2021,11452,A
bb6260d7-6777-4424-92df-190f1a19ec13,2021,2209,A
7eeea947-569a-4131-a578-6cdb3fedaea1,2021,103062,A
47dce7a5-5d1d-486c-8957-5214069b1e76,2021,317,A
3fdcb06b-f651-4c7b-940e-17e1ef2e2adb,2021,317,A
34b20620-1f6f-4c32-909b-1dd6c5d8a7b7,2021,87396,A
4158a1f2-7953-495c-a89a-8e8a254a5199,2021,18559,A
7ec0f187-7e29-4d3f-85ea-e978647e72c8,2021,101942,A
c8111450-889c-42c8-bd01-f86b1ba05756,2021,118468,A
35ac968d-3442-4c49-9886-3288250d82cf,2021,13446,A
1b6e1c11-9b44-4693-b1a6-1d0be20bcb7f,2021,118420,A
1be377fd-c2e2-437d-a590-c77f528e6d5a,2021,1288839,A
2f7d0b25-2874-4c59-89e2-f8f1744354ae,2021,1300429,A
6eebe04b-4b0b-418d-b7b0-7477fc90754a,2021,5000135,A
ff2736fd-b219-4c65-b9b7-292e260b5f0a,2021,1330347,A
079622c8-1c16-43b9-b759-65fc68dde4e6,2021,11452,A
9656c037-636d-48bc-b8ff-73eae7186ed5,2021,13595,A
a5616744-6fc7-492c-90b3-9e4653459982,2021,13446,A
617f0d12-6760-4881-b7cb-658568c48a5f,2021,5000135,A
aa9a2efe-c19b-4e90-9509-6fbf6e6220e7,2021,1139692,A
28c14ad7-9793-4e1b-9f0e-cec500bf5fc1,2021,317,A
13308a80-cb3b-4e39-a509-ce03a4efff51,2021,18584,A
61725010-9024-46f7-8acf-4639c4456106,2021,13595,A
ab132f5f-f856-4755-a0e2-2e2eb98a3f21,2021,41238,A
7af1f508-d3f0-4b26-8448-42540fcb8a40,2021,13446,A
e1fd151f-2743-4964-8ac9-f0bbb9dff836,2021,1102628,A
3fe0bf15-8803-4c73-a9e3-81059c8c929f,2021,106167,A
c77b828d-364e-4277-a0e4-4cc375e9453a,2021,1102628,A
e747b74c-5ee8-40e8-82c8-f6c591372918,2021,1117717,A
160bd985-274f-432c-9b9c-566753f7c34f,2021,18559,A
1d96407f-eb25-4701-85f1-31946884564f,2021,13216,A
93ed06e8-2da0-480d-882f-240979d2e3b8,2021,118420,A
9ce0cea5-ed69-407c-9eb1-e1079d8a51b0,2021,1314243,A
6874c792-7f1f-4340-973b-1896a533491a,2021,13980,A
d06d1c1f-ad3b-495a-ab24-e7e19db83f46,2021,13980,A
d7e72d6a-c683-4b03-ac4b-d58fbbe43a9d,2021,112086,A
f50f08dd-30fe-4a70-b96d-d191e6221f8f,2021,13595,A
8a7dc69a-8214-462b-9983-b7b9f5d3324e,2021,13595,A
89b1ca88-8355-4c6c-8394-84f4be428077,2021,1136142,A
0be0c427-eb72-41d3-a42d-c131d1803d85,2021,118420,A
b513fcd6-25f8-415e-9b66-f1e7ce9d9f29,2021,62484,A
54176b7d-d553-4e63-bc18-465eeb38cd64,2021,1101244,A
0054d935-e09b-483d-8c48-1021e2d2e492,2021,11452,A
59ed65ad-0265-49e7-8996-a9c78b55e48d,2021,98305,A
4c1931b1-08c7-424c-b15e-ee886cc0d108,2021,118468,A
d2313a38-8609-4f1e-8bd7-8c68fc56e057,2021,118420,A
01ba4ecf-c580-4066-ae04-f14814956e53,2021,118420,A
337114cf-b4a7-49fa-bfd1-60919fb46771,2021,5000135,A
c36e4c66-6d54-48a3-9793-451f56d2bbd7,2021,20239,A
79bd6230-61fa-499a-8785-715106b7dda1,2021,1181115,A
3326d660-c497-429b-9cff-4415ee65c8dd,2021,317,A
43ca0973-73dc-46f1-8cee-4e31b21d0c9b,2021,13595,A
3e14a4e0-fe90-4e44-933c-97eb127c7f87,2021,1265453,A
22c77404-39a3-46fa-8aa0-116cc8ba6884,2021,13277,A
9068adee-5ee6-461c-807d-a96354b89523,2021,5000135,A
580e5c1b-da74-4788-a614-7349e76bb972,2021,1101244,A
95fda48a-02de-471a-8504-1c717d60fb8a,2021,1181115,A
2b9f8d1d-ff35-4f20-91e6-27be706186de,2021,2209,A
d5806de9-37c2-425b-adc9-2b95e4e30a82,2021,317,A
dbef7ad1-0d58-4d27-a4ca-9db29aee9308,2021,1102628,A
f4caa6c0-c9ce-45dc-8ecd-e75568729f2b,2021,87396,A
d4066eb7-2679-4a9e-921a-30c1787d7a0a,2021,101942,A
68c18a33-213f-4883-99c9-0dcba2c20acf,2021,1288839,A
c37a814d-15fc-4ab2-8a18-a70c3086ce6b,2021,118420,A
6538e831-ed90-4f4f-aacb-88eadf07d3a9,2021,113455,A
15978dc0-9233-4b41-be7a-96540d3a995a,2021,1190071,A
41cb82ca-7418-48f2-bf70-2fae7770dafb,2021,1330347,A
3ae6bde0-4816-479e-9620-6675620c8857,2021,95017,A
d235a881-1940-4e8a-bd94-159403d9a555,2021,18584,A
44df14ea-9f50-4adb-a130-da24a8b8e040,2021,5000143,A
b3e856a5-4cc5-49ad-ab63-a4d01b275cc8,2021,1136142,A
1837bedb-aad8-4de7-b8c6-af7c5b9f8dcc,2021,13277,A
54f58602-2c02-49bf-ab1c-3c475342b52d,2021,116770,A
bf4d526d-afb5-49de-9f2c-8fb6c5e80453,2021,18584,A
768b851b-8c9f-4acd-9a5e-294ccd09fc41,2021,101942,A
904e1a41-68cd-4ce3-8207-45353a788588,2021,1267543,A
5969ca8c-0f0f-4180-b0f2-20c2be4b9704,2021,1136142,A
b6e6237e-9c67-46ed-a582-e3d3f7080faf,2021,1102628,A
a62ad384-7540-4b8e-92dd-5315ef144cbd,2021,5000135,A
6a4188fb-d825-4f7d-9e04-0528a3aa129c,2021,11452,A
f638bbeb-f7fe-4886-a6b6-12c9bc9f8764,2021,1318224,A
eb3bcdb2-e494-471b-9b87-9ae1564509c3,2021,1102628,A
87addace-7ea7-4971-9399-3b499b7a429c,2021,13401,A
cff10d48-5819-4bde-bcc7-15cb6df7c328,2021,41238,A
4210edf0-527d-49de-b2a9-298c3d3b6f86,2021,118420,A
627aebf4-ecee-4258-a0a6-9137a9ceb6dc,2021,13277,A
5ad385be-741f-4ced-a97e-15bea56b5edc,2021,62484,A
e9f51431-f827-44ed-a1ff-0a06f78b0687,2021,1272079,A
ff25695e-12b5-4d64-a256-7074ba812db2,2021,5000135,A
8c6ecdfc-5359-45a3-a609-d85530eff216,2021,317,A
c7f3084a-73a5-4cb0-ba9a-30d021c22b2a,2021,513,A
bb4ce54e-5778-4e6a-8385-f38889ce7f92,2021,13216,A
02f82aa4-ad36-4242-921e-69dde5f7ab94,2021,13216,A
475a0bcc-8147-4d3b-9f5a-32033b6d2e5b,2021,13446,A
d0c508bc-cfd5-4297-b035-e4607275b147,2021,13446,A
c697e3d8-a561-4d25-9627-34fca5ce9bd0,2021,1166783,A
37878d07-9069-44ec-a025-b893df88aa9d,2021,102590,A
54fb94e5-7b72-43df-86f9-ee6fb7527ac7,2021,118420,A
91eeea15-7aa8-4cce-afc3-c6036529cf90,2021,11554,A
20016257-a944-41aa-8d86-77eb7309fd89,2021,13401,A
52cf32c8-6624-45d0-ac82-d7d03232566b,2021,113813,A
11bd8ab6-09fc-4d90-bc04-fd0643b267df,2021,19042,A
c7566e48-2201-4fff-a3c5-912150bc88c2,2021,1267543,A
a223569d-53dd-4a3f-ab48-966474fa06bb,2021,1267543,A
b909b842-d953-40a2-9d34-b199076cc0b8,2021,107360,A
91eeba46-021d-4138-8ea9-9f9ad74ffd27,2021,13446,A
e1919b4d-fa90-4d06-abce-b0b50601bdeb,2021,1136142,A
9626e3b7-1768-4056-bd3d-a0afc1b28139,2021,1118057,A
a75ec906-c518-41f5-8ab6-d7d62f70c9bb,2021,1181115,A
8161d3d6-58b1-419c-9bea-8c5797b3632e,2021,11452,A
43a36430-3c6e-4735-9648-e1e7347de1da,2021,108660,A
b5b0e98f-a46b-4996-98d4-695252ee82ea,2021,97778,A
78377bfd-e3eb-4fa0-8faf-8997ffb5eafa,2021,13595,A
64c03bb1-20fe-4e86-8d9c-95dcbbc8ce1f,2021,1265453,A
f0a87cf7-9489-40a0-8eef-5990eede4f7a,2021,13277,A
00e81746-fd36-4ea3-9f62-e79f34d10f2f,2021,2209,A
c9bfa20d-6f30-45c4-a128-638d5b6b109a,2021,2209,A
17d1f69a-c5ad-47b3-87c1-29770c6cc960,2021,19042,A
001a117c-19bc-4900-87c4-ee45d6d492e7,2021,116770,A
4be06448-06ff-46fc-a9ef-a345ce624efc,2021,116770,A
7cef714a-e205-4d27-8a9e-40d3c3646ec4,2021,1330347,A
c9a17855-5671-4c7c-b757-24bc5986e94e,2021,317,A
c16d0875-bde3-4613-b725-d1d650fd435a,2021,18584,A
4cd13a23-277f-4edf-8e3c-f90d80d22a94,2021,97778,A
9ff90672-4f05-4ef4-aa55-b406dcf0d4b8,2021,1267543,A
149ee9ca-d2bd-4879-b46f-8b23b358758a,2021,11554,A
2662b85e-9d06-4e6b-95c9-fd8c7e923d09,2021,118420,A
a4f977e9-5170-4176-b265-1765cb1e2c7d,2021,1272079,A
e1574b91-0392-4f4e-9bb8-1863183c4996,2021,20239,A
36206a70-c031-402d-a31f-f16fda290597,2021,513,A
74ee1c24-c1e9-4dd1-95d7-8f81049bbcb3,2021,99406,A
6fc8b616-0aa3-4a98-ab2d-dd2351c40048,2021,11452,A
00f12175-e9a9-4260-9b37-908b2cac967e,2021,1118057,A
9aee6b81-f289-4a2f-8566-c5916334b612,2021,1117717,A
9602efe9-a5a3-4763-a484-c997584d481c,2021,102590,A
d92f8102-df88-4119-9d0e-4b02be27c607,2021,1379275,A
ac143221-09fa-46ab-82a1-15346b6c4d4e,2021,116770,A
4acd80ae-e3fc-430a-a280-916dc86a2ca4,2021,5000143,A
acfab58f-c821-4ae6-941a-e717f77c0368,2021,1187671,A
bdd2416d-f687-4d7b-aa11-a23108f5c7b8,2021,118468,A
d56f504e-9638-42af-8fc0-82e8d7a22ffc,2021,1136142,A
27f7ccb7-5aba-48aa-b400-114896732013,2021,1136142,A
5d0595d9-ecdc-41f6-a899-e31b13163996,2021,1102628,A
93e141ed-5c0f-4745-8361-d260298d2e0a,2021,1288839,A
abddfe72-2c03-4f06-aef1-b8ab28e3d69d,2021,1181327,A
659b1779-a249-487e-94d1-df4c5a452be2,2021,1181327,A
fd5c2299-abc5-4aa1-991e-c798598a2b33,2021,103062,A
c86063c1-3b19-4722-b6e3-c5f3186d75d3,2021,95017,A
5724ff3a-f624-4cfa-882e-a7ce259e6ae4,2021,18558,A
61f0efc7-4df5-4745-873e-68f995dcf27c,2021,118468,A
dd35993e-e54b-4497-9d15-87ca8c381dda,2021,1102628,A
d4f486da-3540-4f09-9c9d-ecce9e5ea238,2021,13401,A
d92b73ce-02bc-4d93-ad79-02425e39015e,2021,13277,A
6880bc41-5543-4792-aa0c-d3139edbaba0,2021,62484,A
7d35292c-c332-461e-9a74-b5cf61368a4a,2021,1190071,A
21b1f451-3ed0-4a59-bf99-77c8c56ee5c8,2021,1318224,A
b86f9518-db7a-4523-a691-3e7dfe141c0b,2021,103062,A
d5f180e7-435d-41f1-88d1-bfeb7479322f,2021,13595,A
473f51d6-197d-4ab9-9bde-7a6db40c1734,2021,41238,A
49134d79-8c1d-4dc1-95cd-a4d81cba2e91,2021,1136142,A
154101fc-5879-47ad-b105-ecb36ca0b7e5,2021,1102628,A
4d9423b6-6102-48f8-9a7e-c4bf4c567fb5,2021,1132918,A
0ac68e71-a4d0-4f30-870a-dc09a5a3f9b5,2021,2209,A
b91457c9-55e6-49a0-96f8-bd20b8af9a6b,2021,317,A
d2bd5eb3-745e-46ab-8526-07feb2992556,2021,1117717,A
7369efe9-f991-409e-bdc9-956351953a0b,2021,1132918,A
533f595e-5217-4fb9-b023-9b26e4083081,2021,87396,A
4ab6a780-de07-4f14-9f9c-8d3ad2bc1ce9,2021,1272079,A
f9dfc01e-f90d-44f4-8f84-2abe8454af23,2021,5000135,A
db756232-6490-4fb4-8638-569ce93ffda2,2021,1101244,A
72644999-c859-4c00-9cb3-458b31ec87a8,2021,101830,A
f158d3ba-37af-44dd-98d4-f474d5e71f67,2021,13277,A
e4169688-0e2d-4cab-b82d-2278fbaa5304,2021,317,A
23247b32-6f96-42f8-9943-8b2984f9984f,2021,317,A
631a047a-5952-4876-b0fd-3013fa35cfe6,2021,108660,A
b2a79ed9-0c18-4cd5-b2ab-0e7a428b141c,2021,62484,A
b8578ce9-8246-43b2-bbee-edba5e28af9d,2021,62484,A
c5eef397-4b85-4aed-8418-f6f6922d41d8,2021,18559,A
76b41188-912d-4ceb-aeee-645bbe491386,2021,13401,A
0f7a9ab7-beeb-45f1-9099-472d7e57df6b,2021,13401,A
9247006a-9649-42c2-9198-8e8baac7d91f,2021,1314243,A
8fd4c89a-1aa0-4dc2-a7c0-85dde8d89d31,2021,1314243,A
368536dd-2191-4983-8707-530e74f6e29a,2021,1101244,A
e85b6d57-6e5d-4e0f-ad29-19b096fbf9d8,2021,13595,A
682c9770-ae3c-4dce-a29e-03900db14778,2021,103062,A
9f48ab2a-9455-4736-bd0b-2ac74961d2b8,2021,97778,A
f8d96c62-d49f-4d2f-abb6-edaadea06de9,2021,102590,A
8dbdbd21-a112-43f0-a441-4deae38b003d,2021,107360,A
6bff0124-abf6-4809-bc2b-282f77c8651d,2021,1136142,A
6cdb0f06-40c2-4654-bb86-3db4f813ce62,2021,1132918,A
854a3547-164a-4a3c-bbb0-9b0f20613305,2021,5000135,A
f2e9ebbb-7a75-4a99-ad36-44d6843a4a92,2021,1101244,A
88931b8c-8a97-42c5-a478-dcc1b35bb5b6,2021,116770,A
70152902-ca6c-4927-afda-a5b16c59f666,2021,18671,A
4c6c14aa-0cda-4dee-ad0f-9709ca5a4259,2021,2209,A
fe287619-1549-47ca-ab97-24f443e1455f,2021,2209,A
a272c9d0-6dd3-4083-a2fa-fc5449d95a5a,2021,20933,A
7a40ef19-5df9-43e1-95f9-f1ef894ade22,2021,513,A
529ca28f-9c07-4a3b-b2d6-6736a239298a,2021,1132918,A
855391f7-f572-4549-8572-08cf9fd1c718,2021,1132918,A
013d5e17-123a-4cf4-b7f6-b525f86ed3d1,2021,116770,A
d75800e5-78b5-4f17-a4ea-242bc7154406,2021,13980,A
18c6e98a-ba5e-436f-96f6-81cbc4df6665,2021,1330347,A
312a005e-64d5-4175-ae23-de84621c7b16,2021,18671,A
51727d4e-d022-4783-ac77-cdad50f950af,2021,12313,A
b3da9074-8f80-4680-9fef-d8b9d79b9819,2021,97778,A
04a368f0-30da-45b7-a052-9a8a1cea5ab3,2021,5000143,A
d6ed31cd-5bfc-4b18-aac2-35b1a29ed4e7,2021,1136142,A
cdd72c71-b9c8-4958-844d-9a9f04a81ddb,2021,1136142,A
b4b87658-da81-4309-9042-938d051d3aef,2021,13277,A
91048e0e-7d6e-4944-8533-816a7e61e2ad,2021,1314243,A
751c0e7d-a4a5-49bc-8a97-91edc7499efb,2021,13980,A
0257073e-96f8-4536-a886-0950499a02f4,2021,1330347,A
49719702-a198-431e-b008-bdad4154aa8e,2021,18671,A
f6a1c7fe-bd82-4abc-ba67-07791548489f,2021,5000135,A
29e02f17-8856-4a89-a79e-67c4c8ffadf2,2021,103062,A
41e34f52-2b89-4644-bf96-c5b45044bc9e,2021,103062,A
830d5a35-efc7-43d1-bcd5-a03ecc3d8b37,2021,18559,A
d6cb1414-c26c-4300-819e-17e2daa70e6a,2021,57606,A
dab2f250-2068-4b50-89ae-66d24623d8be,2021,97778,A
377cdff0-490e-4196-a571-7dd526c07cbe,2021,13216,A
f7661177-b4b7-41d4-b6cd-d8446f491c00,2021,5000143,A
e042a104-a31a-4e36-8765-31a74f18e8fe,2021,13595,A
7434611d-d69d-4861-83ca-ba208e7ec3db,2021,13446,A
09b5793e-9998-4f2c-b506-361c2391e9ac,2021,1139692,A
4f1a50b6-9925-4825-9c22-e1725317b532,2021,1330347,A
0f2cd5aa-11c5-4727-b6eb-ae82d333e9bf,2021,11452,A
a908222f-8317-45ca-82b2-329a8c077c21,2021,317,A
d20120e7-6ce3-4b27-b052-093ca07110fd,2021,13595,A
154f93f4-ea94-492e-9506-0376e1871e2f,2021,13595,A
1ef55668-3afc-4520-b18c-fee7eef6cc05,2021,1136142,A
9645ddd5-a9b3-4557-9d0f-d066828e21e2,2021,1136142,A
db9105d7-246f-468a-8a40-9e4e6a68f00a,2021,1102628,A
f448949b-7b71-4590-ba35-a2ce9184345a,2021,97778,A
43edc2f2-b86d-4d01-84b6-446f40ad7e7b,2021,513,A
5021762f-629a-4d27-be0c-3d02d2cbb8ef,2021,101942,A
b3a68e87-1757-44f9-8b07-035d260d3dfa,2021,118420,A
d4e8b846-0973-4683-a02b-6b14373b7618,2021,13277,A
11d70e58-ae00-402b-aad1-bc782df4c890,2021,11452,A
d2b748a0-bfaf-4e34-a6e1-76666d1e726b,2021,1318224,A
b9fad272-ce59-4517-bede-dde995a4fd61,2021,317,A
7165eda6-d1ef-432b-a27b-52721d8bd105,2021,108660,A
5c180559-c4ba-4d2e-be72-c7ffdf1a59da,2021,97778,A
dce0952f-287b-4c83-919d-3408cb330ad9,2021,98305,A
41161b4e-bb3b-4a33-99d2-d247c86f3e2a,2021,1267543,A
028ab206-6622-4c99-978a-26b69aeaee0e,2021,1299927,A
f9324c62-9956-418f-b413-8e740f1d3f32,2021,62484,A
47e9d287-5685-4fea-867f-914e21f5cb58,2021,116770,A
cb8f8238-afa6-4acb-a23a-7ac58b4edd32,2021,1139692,A
7f9f8b80-6583-45b6-86e7-ec23df9f8abe,2021,1330347,A
7cf8e365-227b-4553-84de-88309a255f51,2021,18559,A
49f3a083-58e9-416b-8762-97f945a083f5,2021,1267543,A
c4487a1a-d023-405c-a878-35785b6df505,2021,118420,A
b07f56c4-d60c-4a6e-8201-186e04a1fefe,2021,13401,A
3e1624b9-f49d-400d-84f0-54012613f832,2021,13595,A
2d076798-766f-4de1-9f61-6a9fb74550ff,2021,13446,A
21bb9b5f-d3dd-4bfa-a984-dc01a4edcd55,2021,13446,A
b4c8db64-577d-4975-8a25-c0aa33fea7c1,2021,1136142,A
cd61c03a-45d1-43e5-9673-97f296f22707,2021,95017,A
0b200707-155a-4f43-9603-bb8d6819f035,2021,1101244,A
ff59c9be-e41f-4c8c-b16d-f5622f0243de,2021,11452,A
f42c1881-e132-4e9d-b150-094dcd93f218,2021,97778,A
9ed14469-239a-4a17-b8da-ff7ff891453e,2021,5000143,A
397dd599-f9fa-421a-b501-465856e68628,2021,13401,A
026f54a7-3712-4783-9706-5c4cd17b22ce,2021,1136142,A
f71125bb-06b5-4cfe-ad00-5d59560ba188,2021,13277,A
5d20539a-e3e7-4aa1-8a85-cf3d1f7eb8b9,2021,317,A
a832331b-a260-4bed-b8e4-ffdbb70a0460,2021,91262,A
293e4761-b998-4d3d-8132-092baf2ab5dc,2021,13595,A
65283ea6-8823-4647-a1e4-7e24e23bbccc,2021,1136142,A
09d4e5bb-512e-4733-8440-ae43e3a39aed,2021,1300429,A
c5761311-18b5-4fb5-b799-d52b99627d22,2021,1139692,A
77a948a1-b4df-4c2c-aedc-11b1e1b6da1a,2021,13401,A
434ba19d-ed5e-4780-ab70-8a9fb61e34fe,2021,18671,A
d410800f-4a5c-4f39-a495-b01e765f68b9,2021,13595,A
188ccac5-52e7-421e-a3ce-6a740f9e3853,2021,19042,A
ffafb948-1f4c-4c1d-b4d2-0c95fa2df100,2021,13401,A
5b005766-df62-46c3-b062-7dbced8306d5,2021,118420,A
9f8e1af4-eb02-49f4-b96e-f039ddd21670,2021,1181327,A
ed69f83a-ad3f-45fa-99cd-d5144ec2bd00,2021,1190071,A
fa1dd89f-03b6-4208-bc98-95c65c55f843,2021,12313,A
beaa6c9a-30cd-4b53-b99f-221ab2a9b9dd,2021,513,A
cf60bc4a-5cce-45cb-beed-619d5c1eb09a,2021,1187671,A
d2f6905d-bf39-412e-afe8-d356adfcf61d,2021,13595,A
8e01eebc-c5c7-4d90-ac9f-8ad97197ff7d,2021,13277,A
e2500d95-6a16-4673-9486-f18c9fa47408,2021,19042,A
f52ce151-d9ff-4290-b4d6-46f4db6d2f00,2021,5000135,A
6858e2fd-a80c-4657-b80d-275e4446a1cf,2021,513,A
ff48b6f8-5f53-410f-bbce-5ac0d69a7818,2021,13595,A
157783cc-c760-4dd7-a3ef-8881c38cdc44,2021,103062,A
c2385c21-e3c9-4345-b6e8-303ed59f2e17,2021,101942,A
6b2682f1-a57d-4144-94a4-4e94f4d29cc5,2021,2209,A
b1b84619-789c-4181-ae87-0c1cb4ca612b,2021,317,A
7d837393-e765-4601-a82d-86e40e1ee57a,2021,1136142,A
a1f53bdc-339d-435d-87c9-b74fbaf8dda9,2021,20239,A
a2b47def-0145-4f4b-b817-ad038bba29c4,2021,1101244,A
72b39704-2f44-4d6c-86c5-175b222b79f0,2021,12313,A
c4929453-c810-4453-bb6d-9a04c1e7c252,2021,99406,A
86b9800c-9a62-4ef2-8c45-3c0df099ba7b,2021,2209,A
cdd7e673-0e06-4989-b74a-b926ecdc62ec,2021,2209,A
1994ec27-050d-4a02-ac6c-d23ced929e45,2021,20933,A
316540e2-5adc-4de7-b018-e5065ec404f8,2021,5000143,A
a6638938-0c39-4538-a724-c4376a518a33,2021,1267543,A
975c2725-4052-4cc5-9e65-3b47a5bbc8c3,2021,118468,A
c439afc5-d458-4ab6-af9f-c10ce29052af,2021,107360,A
113c4818-5ba5-4026-9533-6ed97ad6bbd7,2021,1288839,A
1d6d22df-2f79-4998-9e71-d91174aa89b8,2021,118420,A
a8b58a00-c36f-4f1b-90fd-0672436e740a,2021,113455,A
e04c6cf5-97ff-441e-95db-eba03394cff4,2021,1314243,A
5e2348bd-bcfa-48fc-9033-c4108e036fcc,2021,5000135,A
06569df8-f003-439d-8bb4-d20e6e3ac525,2021,1101244,A
4cd69551-5bb2-4db3-b546-d0820e2b6531,2021,116770,A
ea60b44d-6f96-4fe6-824c-79e8ae8aeb01,2021,1190071,A
f2537171-5022-4a3c-ab41-ddc3028e395f,2021,95017,A
984b6a9f-d5b7-4e19-b4e7-d544d37282b7,2021,2209,A
f565ab14-a50a-4676-81e2-abd2d5d055e9,2021,13980,A
cfa28d9c-37a0-4c6e-8540-522caaf4958b,2021,18584,A
abe292a4-5cf4-4cfa-8241-769d2fb74066,2021,102590,A
32b85d92-cefb-41b9-88ab-e611b49117e3,2021,20933,A
6e303410-9ea2-441f-af92-ffaf05b3ac51,2021,41238,A
166ad714-f6b8-489b-b4a5-3f02b63dc9db,2021,13277,A
075956c6-7597-4484-902e-a75e91125fd5,2021,62484,A
cb75486b-859a-41f8-ab4a-4053eb49f020,2021,1101244,A
db5ffa7f-1fce-4892-b6ac-2c9a811b05e7,2021,106167,A
ddf7c568-7ec3-4a4f-9649-6c7d578fd5f0,2021,11452,A
0bab81a2-eb47-4b20-a252-b18bfeb64476,2021,5000135,A
3ef02fc6-9084-4ec5-9011-87d8d7ae90ca,2021,18584,A
3d7bcd03-ad66-4128-8ee9-266b4471b474,2021,5000143,A
aa155a37-2870-415a-9fa5-88c19eb2578a,2021,107360,A
52bb0a16-bae9-4752-919b-058e28ac667b,2021,13446,A
ef2912df-5842-4876-a3b4-ae1944b086a7,2021,118420,A
71282ad2-d3bf-4541-b52b-efa06780a061,2021,116770,A
1334abe9-7ab3-4339-84ec-6620c4ba5e1e,2021,11452,A
1d7d2faf-55bb-4d51-af39-5550ef1a0ea3,2021,2209,A
fe57d61d-c005-4d57-8c7d-9b21fcbf26f7,2021,2209,A
580e5943-7cc4-4491-b317-cfc913cd2d84,2021,18559,A
11bc7bf0-ad66-4067-b6fd-9bd33881c4f3,2021,5000143,A
55bf9df7-43ac-4c53-9f41-018ac9c0fe45,2021,1136142,A
8a768077-2de8-42bb-a8cf-7bf4527f45ba,2021,13277,A
aa4beefc-d413-4cab-950e-86c5c03359cc,2021,116770,A
a6f6824d-dd4a-4ccc-9661-9931b19d4622,2021,13401,A
4ef58468-ce9d-4c67-b119-2ce7f0e9a28a,2021,5000143,A
492d7475-e66f-479c-986f-432da9c12f1a,2021,13595,A
e04a0d2a-9e98-4274-b107-a8f31cc00e51,2021,107360,A
5636520e-deff-4f30-acff-3e5289ec5155,2021,107360,A
3a625471-3b3f-4ab0-948b-2d062ee5e327,2021,13401,A
4999fa04-249f-4493-89c3-5263c60caa18,2021,1270596,A
ab5e48e0-101d-4d86-85fa-5674578b8109,2021,1379275,A
e2560dfa-cc17-4cfa-96e3-35bf2422fb5f,2021,1269545,A
b85cc3d2-170f-4325-849a-fc68da84d629,2021,13595,A
4b4bb41b-308b-44a9-8df6-6555e5ebf359,2021,118468,A
aec2f670-b84b-4a8a-95bd-01503760d5c4,2021,1102628,A
f3ef2595-760b-4517-8a37-ac2b4fdbf389,2021,13277,A
10aeedd1-8cc2-4992-9a19-216803539180,2021,116770,A
88cbca09-e931-49f7-ac56-e2e99c8fa873,2021,13980,A
0f5b4503-fc7b-4a7f-a39e-80fb803e3c39,2021,13980,A
23be492d-c4f1-4d06-aa65-6589c4163587,2021,5000135,A
4951dba9-fb1a-483b-81cf-3520679469d8,2021,5000143,A
877adb1a-6435-4e3f-b119-cf948a73dc83,2021,13595,A
2f3afc29-b316-465b-aa30-18103065606d,2021,13595,A
90663755-2849-466c-920e-9948c9fe9acb,2021,1136142,A
ee5cd309-abed-4f37-8914-0478d42c87b8,2021,13401,A
efe4229e-d7ce-46fa-b0b7-1968afb721bd,2021,1272079,A
15b611c0-3235-445d-8d77-bbcc86dd9697,2021,1330347,A
987c90ed-1f63-4c56-b4d8-8f1d17e79ad7,2021,1102628,A
7bb18d39-f542-4a97-9abc-ce4e8ffcd20e,2021,1132918,A
23bdeb9e-2234-46f9-b4c4-85ecdea0209f,2021,2209,A
fb77c5fe-3067-4b7c-a315-7452d1914141,2021,103062,A
ba1746e5-7e83-4a3d-9b38-7331af9ddf97,2021,18559,A
a3157287-d932-443f-8edb-eb0a4fc3d5ff,2021,101942,A
22059261-dfdc-41cc-ab34-00e05eaff283,2021,13216,A
f473af1a-f52c-4ebd-8f40-3b9ec1a32243,2021,1102628,A
f9e181a5-3898-41b8-95df-d1e76e089be9,2021,1272079,A
894d99e5-2c91-4c03-907c-a824d2227b5c,2021,1118057,A
b6592691-a045-4dfc-9d6e-5535fb67080e,2021,118468,A
c3466d43-d562-4665-b251-61af74d0bce4,2021,118420,A
cfeb8dfb-e104-4411-9945-58ff840fd249,2021,101830,A
696f7e52-6cc9-4d3b-9925-60bd63b02a09,2021,1299927,A
5c11e92f-d284-4333-8cde-3fd57533826f,2021,62484,A
5094ec0d-474d-4075-8833-4132ce44cf1e,2021,86326,A
3ca2789e-768b-4b7d-9330-1b82155149eb,2021,118468,A
8a519666-f108-45f3-93cc-80f5c39dce3c,2021,13446,A
c1145fdb-68ea-4b22-82be-0f7cdc7ee209,2021,118420,A
019d63e1-08e6-4225-b9b8-71ece078802a,2021,11452,A
cbcb0c34-0517-4d4a-930e-b950cf872670,2021,513,A
55781881-a590-4676-82cd-acae40ed3046,2021,513,A
6d4d82e7-f381-41a9-97d8-05eabb0cefc7,2021,101942,A
dae6ae49-fb34-4990-9e78-42ead8625699,2021,95017,A
112514b2-5e83-4d63-a299-93dafbeb7fd7,2021,113813,A
d93f1251-8462-4b66-849d-7dcee856b6d4,2021,95017,A
a80c3aed-f90a-4a86-b893-cccdd654f16e,2021,5000135,A
9fd3b063-e4e1-4f12-a431-9a621566be69,2021,1118057,A
e33c9c26-c0b9-4802-bc8a-e6d878956efc,2021,13216,A
3b6928d2-6beb-4869-85bf-3dbcabef35ff,2021,86326,A
481db1d7-c5d2-4314-9949-e9dbea8dc144,2021,107360,A
8160a257-4bd6-401d-abb1-49e3209d9e13,2021,1102628,A
093713ce-b355-40a2-a746-19ba2df33fee,2021,1102628,A
9e08f5b6-1c1f-48a1-97dc-ac458d5679c6,2021,113813,A
9db77ee2-99c2-42b4-aa2c-21eae05f655a,2021,317,A
d6e9291a-0e8e-48c2-af6f-2029708ec7f1,2021,317,A
36f7ddc8-79ae-49af-afab-d8d86eecc58c,2021,18559,A
ab3a6a56-ad03-4343-8a46-1da18bc04fe1,2021,5000143,A
1bbf690a-105c-47c8-9da9-bf97153bdc61,2021,1132918,A
84fc12b9-3083-44ac-afee-e5e13e23f0d9,2021,1101244,A
e224f851-20bf-42bb-be0d-1448bf8f08b2,2021,11452,A
e944d3fc-4195-4fe4-b7f6-7ddcd50c8128,2021,99406,A
91fbf4f9-ec05-4e0e-ad67-fe370d108a90,2021,13980,A
1272a2ef-99c3-4164-9cc9-7b5ef7613ea8,2021,13595,A
bddcf69f-5233-4e2e-9407-c69f00b3f661,2021,1117717,A
b9bad555-8197-4852-bbfc-a86cb1fea279,2021,118468,A
f103d0ce-74bd-41f9-8221-a4f8523eb701,2021,13401,A
05d27aad-c8ab-4f0f-a37e-071e78e8d30c,2021,1136142,A
3403a8da-e6ed-4865-a239-4e7c00af8292,2021,118420,A
28ddcf78-de39-442c-8a1d-58f56234b7fd,2021,107360,A
a5143bbe-d70c-4c8d-a6f0-47b1f862e493,2021,1379275,A
b549ca6b-b458-473a-8548-cef6dc43637d,2021,11452,A
d1a655c6-090a-457e-aa8c-df5eacabf769,2021,5000135,A
7135d56e-ff7f-47a3-8c93-174a28a8d504,2021,18559,A
54d39142-6423-4e5c-96a9-7469358131b6,2021,98305,A
3fd86a8e-42b9-47bb-92c0-43253ec0423e,2021,13446,A
9e0073eb-65c0-4fc2-b569-8475411ca746,2021,1136142,A
fd80d2a4-777d-4e7f-9694-96da84b1e96b,2021,1270596,A
1e0b3055-cd04-4c31-9139-9b23d41f59c1,2021,113687,A
556c3e78-d4af-48a2-86d2-b13f7df8f469,2021,5000135,A
cd6c14c2-0913-4059-aef7-b63d9ed8ee84,2021,108660,A
dcb37c68-2d9c-4f79-a757-1ebc038cd81a,2021,112086,A
81093f9d-83be-4bd7-9ddb-77f9def43b99,2021,11554,A
196e2905-ece7-4b3e-b73a-08f25741c5b1,2021,118468,A
2f279f20-becf-4849-9e9d-49555c17bb58,2021,98665,A
7d56d31d-1f48-4e5f-bb57-dc9181d7f414,2021,41238,A
e5c53266-eb4c-4a37-adb9-c7983afde3f3,2021,11452,A
7a21f5f8-1110-4bb8-af7f-92982d9e4648,2021,317,A
20269e65-bcd3-4526-8c52-d7f65ed206c4,2021,5000135,A
034126b7-4c54-4b0d-9216-fd1f66decf9c,2021,13595,A
435cc043-a5aa-412d-bd70-11daeb6eaabb,2021,13595,A
cc2d5895-219d-45dc-b6f9-8e84efa18b42,2021,41238,A
03be68b7-9b9c-4d9b-9294-4cfe6d27eec5,2021,1102628,A
76e9c268-95a1-4884-90a3-24e6e0ac6a5e,2021,118420,A
0969b285-5384-424a-a620-bc9eec6363a6,2021,1181327,A
cebfc8fb-0bc6-4de7-b61b-f7b6dc212f0c,2021,1300429,A
d0a834f2-790e-48e9-92a2-234adfe119df,2021,5000135,A
88b4b6d4-810f-41b9-9c3a-b43a1057708f,2021,1330347,A
b3b37062-0453-4c69-af82-709b759ed9eb,2021,1330347,A
f90f1168-9a39-4327-a2ea-0e6ce135ac37,2021,113455,A
c634b9d4-8de6-4271-808d-b6c4500dc729,2021,116770,A
dcb369cb-38a9-4f1f-b89c-a6c6f4ebcd25,2021,513,A
54b8b9c4-d3eb-4ba5-9f88-cb4c218c571f,2021,317,A
222ac42f-c618-4661-8227-743b54c37376,2021,41238,A
cf108653-1d0c-403c-9263-db11b8356ac8,2021,13446,A
01eb5190-5e22-46d7-bcd3-e7c8ada938a4,2021,11452,A
249d6af4-c44a-4c81-afad-7b763a8d23ab,2021,513,A
0fcf5570-0681-4cff-9c96-4abcd034fbad,2021,118420,A
1a38795a-25d9-4edd-b2b1-656f36961e90,2021,13277,A
00d3e763-ef60-4f17-9311-21714126e465,2021,87396,A
749ef995-538c-4727-b3fb-66f03598dddb,2021,101942,A
47124593-da0a-4547-80a7-115793f052fb,2021,1190071,A
f6aa43a8-225e-4d66-ac48-77f30b41044c,2021,1270596,A
dbb88fff-04f3-4bb0-8d6d-128ffccd06bf,2021,106167,A
28972b49-ef5e-4769-8bb8-fae3715d17c1,2021,1330347,A
6c38104c-4bad-4311-b47d-2a2302dae368,2021,11452,A
bd850526-a0f1-473c-9a96-6a2f010ed53f,2021,317,A
80961b33-47a2-4af1-a7f7-5677774d578a,2021,13446,A
2019c225-7ea7-44eb-b409-64a3a06f547e,2021,13401,A
7b2f50a1-63c0-41f0-aa9c-d30e89951e7b,2021,101942,A
ab6aafdc-bcae-491e-b743-f6e5d7264e89,2021,103062,A
fe39b95f-5566-4cf0-aed8-0695abf319e3,2021,13216,A
2db99326-4f10-45b9-8989-d5af477f2f84,2021,11554,A
8ddadefe-874e-4843-a1d7-1ae63f8c302b,2021,1267543,A
08170ba1-be82-451d-ad1c-cfda87710d32,2021,13401,A
1cbe62cd-e1da-45d7-98d1-2a6bee48ed98,2021,1136142,A
e69688e6-e915-4fa3-8a18-46d3e523137a,2021,20239,A
6d1945e9-fa7f-4e21-9091-ffff5f575e54,2021,11452,A
c8abd42b-eabb-4545-8c5f-3fd30166cfaa,2021,2209,A
b364ef15-0f1f-4591-8c07-d03422717817,2021,1117717,A
dcd50d2c-87d0-42c5-816c-2579ecaa1c6f,2021,5000143,A
76d8b391-7115-4a71-8ff5-b0b0fa21d4d8,2021,12313,A
9c548013-e8c2-4762-bd90-7ccb66835598,2021,317,A
daf80b9c-5282-4682-9ff9-28285f575714,2021,13216,A
2cf3e9dc-95fe-4719-b144-fd65eced1365,2021,5000143,A
4e24f127-96bd-43d9-8593-90cdf289c8c4,2021,13401,A
3247a1bb-39a7-4c8b-9792-3aaf60b56e8c,2021,107360,A
697026f2-e7c6-4bf1-9deb-3368f04b71de,2021,113687,A
b7357b03-d8b6-4e1f-8174-b9eeaa932975,2021,1101244,A
4a3da992-d004-46eb-9d02-07a3dba9225a,2021,1190071,A
f9629635-dcde-447b-adb8-82531976ecbc,2021,18559,A
7f4aad1b-dcab-4de3-8bd7-688cfe952c30,2021,13216,A
c9dc62c7-2971-4171-8d25-ab5318b4d503,2021,11554,A
ae2a7d81-21a7-4331-b470-5eeb6b17b038,2021,1265453,A
01172858-f709-4af2-a8e9-5961ef1fb0a0,2021,1102628,A
e3717665-c695-4d85-a714-98ecdcd8146a,2021,118420,A
02606f03-f8b0-44fd-a2b7-efa2f0c62042,2021,1101244,A
e33626f8-9319-4466-a4ae-1feb94fd167f,2021,13401,A
ee9d5c31-94a7-41f9-8f50-a5ee58cab4e1,2021,13216,A
f4ae3e68-1c26-4efd-96f5-c874210bba93,2021,118420,A
98bca036-4b89-45f9-acaa-37397d6d88f6,2021,11452,A
5ada445a-6bce-42fe-b6e8-c9026ce19766,2021,103062,A
dcb41813-b5d0-4240-a52f-a825b95b07eb,2021,118468,A
484e6166-ca56-4f9b-868f-ade2bc44524d,2021,107360,A
5f0d1648-22be-4ca0-8bb2-180ef17689ed,2021,5000135,A
dbf27d72-15d4-4dde-b2ed-f5ee078620d4,2021,11452,A
e9b280c9-68f0-49ec-b8cc-78114edf7101,2021,11452,A
b3e51a78-2ccf-4ebc-b926-f81a10eb8fa4,2021,1181115,A
6fc0c0b3-1175-4da0-8f28-8f56e71aa457,2021,118420,A
9d0c3cad-4d48-4931-917b-eb135058ee14,2021,1181327,A
6c0c162f-4ba6-483a-b6d3-6a8b06b57f44,2021,62484,A
496eae37-4076-4d4f-9260-bd5d40abc8dc,2021,5000135,A
42fe863d-bcb4-4cbc-aea1-2795c486cb3a,2021,5000143,A
80a5632e-dcba-4377-a77d-489d4e63fed9,2021,98305,A
0dbecde2-444f-4f6b-8461-034074ee536f,2021,98305,A
0e42f040-4257-4240-8632-d69274fc09f4,2021,118420,A
2584c6bd-42f4-4936-a202-9074cabe5562,2021,101942,A
b21933ee-3583-4131-b4e5-0caaac33ea21,2021,2209,A
a30f189e-9a7f-48e7-9141-25315088aa39,2021,108660,A
c0a204d7-3101-4b08-882d-f75a073a97b6,2021,18559,A
ddcb25b3-86a5-4458-a170-82930de0eee1,2021,19042,A
28dec807-79f7-4709-a1d6-ad36a5111918,2021,1136142,A
51008418-7d23-410a-91c0-b9fdfef8d30e,2021,1102628,A
cbfec577-85e9-4d34-9b57-2c2909fbd680,2021,2209,A
b774567f-b786-4c36-aa3d-a00feba9a0cc,2021,103062,A
dd597dfc-61e4-4847-98cd-0187830ec648,2021,317,A
4a984286-3fa0-4f93-905e-45f51ae25fa9,2021,95017,A
b4897bbd-e4f6-44c7-9885-111ead8b897b,2021,318882,A
bcbca790-70be-4340-8533-b09a3549b09b,2021,1136142,A
2d73d4d6-d76f-43c1-8dc2-6e49c61847ab,2021,1132918,A
442c2821-5cd5-46fa-8131-b481f6b48f88,2021,1314243,A
641c61f5-d246-437b-b6ed-c1314dc19115,2021,1300429,A
e36c86f8-6518-4a1f-a90d-70bacdd4c21d,2021,99406,A
38052a3b-7492-4c87-8934-78eea829e986,2021,5000143,A
728a5eb3-4842-437a-a9a2-aef6932cc36c,2021,13595,A
42e5b768-53e3-4217-b9b4-20b27aa4cd47,2021,13401,A
a503336c-e575-4414-a837-1315665fede2,2021,113813,A
0c627717-94f1-42c7-b508-b74b7fe5db73,2021,317,A
3db9fec2-5eb9-4ec1-8807-078dba7a636e,2021,98305,A
1b978658-9bc7-4b5a-aee2-060007f0c590,2021,20933,A
3985baf9-58cd-4733-af4e-5c6d2decade7,2021,1101244,A
31be0a98-3af5-4f68-ab45-a00372031244,2021,106167,A
ab741327-88fa-46d1-9ac3-ab011155e7a3,2021,13980,A
91fc3cb0-dfe2-499d-8b28-0e8a56e768ef,2021,18559,A
0dea0bb2-6064-4909-aced-859a7963b1ed,2021,5000143,A
ddfbff86-26b7-4af8-aadb-ee19cd07e43b,2021,118420,A
9ced1f32-8a28-432a-a504-ce61b0272402,2021,118420,A
b18a86b0-b4bb-4d17-a1a2-f3e836adffbf,2021,118420,A
53311877-539e-418e-a2b2-f3d5f411eddf,2021,1330347,A
287f31aa-bd1d-4a21-9c96-5f655b33c936,2021,11452,A
a564edba-0892-4906-83b8-6820a2e5ceb0,2021,12313,A
20c19357-c714-4933-ab62-440040a99f52,2021,1181115,A
38e7bc1b-0ff1-480b-a2f0-5cce278eeefd,2021,1181115,A
3d9feab5-7aa3-4779-9684-5026e4f73de2,2021,2209,A
a4b363fd-1554-4840-a7e3-8a8ff1063ff1,2021,1118057,A
e03d9d70-f311-4324-a9f8-8c84b0568797,2021,13446,A
088622cd-7d44-419e-a38b-909d05e1513f,2021,317,A
51162166-5d1e-4d56-a01e-abe82135eb86,2021,513,A
f2b6d6ab-37e6-457f-90d7-d8a673940cc7,2021,95017,A
7d067233-432b-4094-bf60-6f40d08e0ee4,2021,98305,A
0a935930-addd-44de-a9f3-825d12069e1d,2021,118420,A
92de7be6-0ace-4187-af62-6a8450364381,2021,62484,A
33b3b06b-8636-463c-82d1-79ba04190a27,2021,5000135,A
2223f3e2-e30c-4ded-9740-633999d0fe61,2021,1101244,A
6ffd6e94-9361-47f9-95d2-130107eaaf92,2021,1330347,A
ece76824-54b4-4792-b283-e51e32f223e7,2021,13595,A
ac69a661-233d-40a7-bfe4-e8645731fe69,2021,13446,A
a7e1e25c-b2d3-4902-8d7c-f53ece12af94,2021,13401,A
fb76889c-19b3-4be7-aa5a-8cb3c92efaca,2021,1136142,A
a512fcac-51f7-4112-a9f7-a2df26dc1a91,2021,13980,A
9ae2b46e-6412-47ae-9adb-9cb35f491990,2021,118420,A
b81917b4-54e4-434f-8302-6f87e36dc34e,2021,1132918,A
080c98db-0ec3-4294-a27e-88b59e163e5b,2021,1190071,A
9d088160-0014-4cb4-a187-f5908b2e0259,2021,106167,A
cd5057b4-1da0-4738-9588-f4bdbbfc1e45,2021,98305,A
96ae0737-58dd-4a38-afb0-8b3a1da6ca72,2021,13446,A
29f5f789-cd44-44ca-9bc1-0b2ae449755b,2021,118420,A
a4cc4b0e-8a80-4129-9330-ead9efca2dc9,2021,116770,A
efe886cd-be53-46bf-89e4-0be2d809b5eb,2021,99406,A
ae1e02b9-39ff-4ad8-9b63-35d114525d1d,2021,11452,A
15e4a803-fc10-4ee6-bacc-384a90df7c31,2021,18584,A
e7ba879d-3ee8-42dd-b2c7-0005d7bf5710,2021,1330347,A
0b2ae8fd-524e-4d54-a398-c095d40be0c3,2021,317,A
db538b52-e048-4ec6-8a8f-d001d4c11709,2021,513,A
5a15fff3-62ba-45fd-956e-26d2dfa03657,2021,13446,A
4257f73f-6da1-412b-8e70-75ae5a7494d1,2021,1136142,A
d4291fe7-a98a-4144-9233-38661b622c4d,2021,13595,A
493cdcc2-9768-4af6-94b7-d06d5fe568f7,2021,5000135,A
33d70371-0e62-4dfd-b4ea-3feeab0807cf,2021,1136142,A
1a70a44c-cb84-4b23-ae25-052cd66cb493,2021,5000135,A
a583a48e-94f1-4396-9d19-7010dc8598a7,2021,11452,A
f0bbc66b-b68d-4b8e-a315-434a82108389,2021,2209,A
ebaae4c0-cdc7-40b8-9a91-e3cef7a3ae03,2021,317,A
2cbaa5dd-fa92-483f-bc05-25c77621d43c,2021,118420,A
aac292a4-30e5-4559-af6e-e354941a3d3e,2021,11452,A
2f7f4040-7231-4121-9c5d-e11fbbde4736,2021,62484,A
dc0f2b21-1100-4181-a62c-7a87e33176bf,2021,513,A
1331541e-1c2f-404b-a1e4-ec089deb83a9,2021,1269545,A
732ab8dd-e8a3-4d0c-b6d8-3c28411a6a5d,2021,98305,A
15e9cbad-67e9-4443-9f39-4e54f1d4141a,2021,13595,A
abe7ddc4-063f-4cdc-825d-5a5519405644,2021,118420,A
076cfbc4-8011-4713-9166-90048f7e50cf,2021,317,A
ce2c1473-8204-4c4b-aec0-abfa6bfb6d9f,2021,18558,A
de0d5f45-330e-4d20-9d85-50d615dfb46e,2021,513,A
76b79953-be7f-4a08-8b05-3f1c9b8c2cc0,2021,13595,A
0f13ece5-94e0-4721-9ec3-51d787883685,2021,1102628,A
ebf7dff8-6678-4dfe-96cb-2cf266fa6768,2021,1314243,A
8b651875-f8ca-408e-9dad-f352569028d4,2021,1314243,A
d507dfb2-d247-4e5d-9105-1e5419445322,2021,5000135,A
2e9af405-af79-4035-af9d-320621ec1b39,2021,5000135,A
eab77d1b-aafc-4bfd-92bb-f9a69f788a6d,2021,13277,A
2bb3b2a7-2775-42bd-8fb8-05162bb9d162,2021,2209,A
de73c01d-bc48-4381-ae08-289f4b074ba4,2021,62484,A
00db31a7-d3f2-47ab-a5a4-841536a8fe5f,2021,1288839,A
9ba9ebb7-4c25-4d98-93cd-f450c4083e6b,2021,5000135,A
b4a2a6a7-2682-4843-a311-7f78dfffccbe,2021,13595,A
2e144bb2-20e3-4a22-8d2d-a790b003b959,2021,1136142,A
cf9740c4-7f87-43e7-842a-f7042232ee02,2021,18558,A
ca57184a-1bdf-4bbe-8a69-0e0c533dfdc5,2021,1136142,A
5fd9a06e-10ea-44f7-b2d1-7a58ef950549,2021,1136142,A
d232f0ae-f79d-475b-80f6-a849ea746607,2021,1136142,A
28cd79e2-9624-413f-8caf-f826a6ce07b4,2021,1101244,A
11a1489e-5e72-4a64-ba4b-273c67a79755,2021,1270596,A
7b04bad4-2709-4873-9557-419d1fdf6399,2021,1318224,A
cc098315-9430-495e-b22e-cee74f8cb65b,2021,5000135,A
8964bbbf-efd3-4e31-820d-6f5e1beb3797,2021,513,A
db58f53f-3916-45b9-b643-3f7251135f5b,2021,513,A
1a7d2749-6b61-4ab2-9679-c222d6eeb818,2021,113455,A
181db71c-882b-4723-b0d8-1296adb0664b,2021,101942,A
6126ef51-fc30-41d8-8082-fe914e845fc0,2021,317,A
0059b675-e0c8-4915-b3a6-5da63f9d0db5,2021,11554,A
4dea55d6-4ae5-4e35-b002-57bf56e45b8f,2021,13595,A
7635f122-fbb5-4180-a2ce-2b488c58b2c2,2021,62484,A
0b24daed-d885-4341-bb88-915ffb57d8a9,2021,101942,A
7b9676b2-1ad5-40b5-9d67-225519069fdf,2021,13446,A
12a7db73-b999-4a27-9999-f73886eaaed5,2021,1102628,A
6560b56b-9657-4722-8536-39d8d67e29b5,2021,118420,A
7b0221c1-7e42-4dea-9d08-6503b00d2934,2021,1139692,A
ff3dd468-3769-4d73-958a-17fd15eb1775,2021,13980,A
7b787d41-cf53-4162-b4c6-55442998f561,2021,513,A
e3d6df7b-4aff-4e00-a9a3-3a4e803b2e2b,2021,13595,A
93a5d03d-c748-4f5c-b55b-2e7507fb7d18,2021,13595,A
3f929d2e-0bd0-4894-bfad-fccd68ce0840,2021,118420,A
f7556432-e05b-4ec5-ab3b-3d2169b47239,2021,95017,A
7b40ebcf-e0ef-41d8-ad95-d9b537b6b87d,2021,13595,A
051a3039-05ee-4d83-87f6-99b789521009,2021,13446,A
910a881a-50a3-4245-bcf9-ff49e84c3671,2021,118420,A
f93d2bea-9bb5-4f5b-a174-31121d48e232,2021,1330347,A
f80f02da-0fc1-4443-947f-617da2d4347f,2021,513,A
b59f65ab-0f94-4217-9d0d-9009a52b1736,2021,13401,A
b9fc1dfd-bfa6-4e59-8723-dc7ef687af24,2021,13446,A
5376bd71-c994-4ce2-af17-8461b0bfd8e5,2021,1181327,A
aa45593c-fd23-44c7-b765-62a08e0eacf7,2021,1102628,A
bb0ddaa3-b4c8-4a86-80f7-ddc337e52e6f,2021,13401,A
fb77a816-2484-4b9f-b83c-5e9bc94f32c4,2021,1136142,A
8218e23e-4502-433e-90e0-fe8ac203fe89,2021,1101244,A
942f7e60-c98a-4a62-a99c-7f4e62a21913,2021,101942,A
6c10dff5-d122-45cf-bd29-4f06a1fc1a90,2021,11554,A
840f0ae2-5ca6-4525-b94c-b9e360a7c79d,2021,118420,A
14323625-9a27-4927-bd86-fb6b54f8d2d6,2021,1181327,A
99236294-2b6d-4f4a-9016-eb8775e8a77a,2021,1272079,A
43e828e1-7ce0-4189-9565-6c450de31951,2021,1101244,A
d29cf683-6515-4cb8-9f7e-0c1b6e9a61e9,2021,101942,A
d0574afe-0cae-4e06-aea7-290cd7bc68a6,2021,116770,A
5e0fa99e-c9bf-47b8-8cea-c61b2119c392,2021,1118057,A
2111db3b-3848-41da-b33f-696e855a65e7,2021,13595,A
f07e4970-6125-40a3-8e5e-00e6de9f8bf3,2021,13980,A
79f446f8-cf89-4d5d-b660-2d44afd6c790,2021,5000135,A
b21dffbb-0306-4ea4-93e9-2985ff8c1424,2021,513,A
b7806d54-710c-4e5f-b792-11867485620e,2021,13595,A
6e4fada6-ab4b-43e8-a877-2e993c03ba2f,2021,13446,A
c9f3d6c4-cacc-485c-a90f-2bf5a6364aaa,2021,12313,A
1c64c6f9-26e4-4ba0-90c7-3e89687f2305,2021,2209,A
13234ffa-6305-4195-a409-56a2b35c0e73,2021,5000143,A
a2a69c60-9dec-4172-8a58-209301883152,2021,1136142,A
4ff2d320-2b44-4ebd-a3f0-faaf2b9cdeeb,2021,62484,A
fae8d7bb-42fa-40e6-9863-5662a50f5757,2021,12313,A
bbe9fa78-13d2-4364-ac78-06b71f1a17b8,2021,11452,A
ed1d6785-f370-4cf2-86de-76b670700d47,2021,1102628,A
1a689309-b6c7-49ef-bac7-316ff671a778,2021,97778,A
453f3933-f286-4af4-9e7b-8f714ba0973f,2021,13595,A
e54f0ee8-f3e9-4676-8f90-3368846246ab,2021,317,A
08a8d225-a2ff-4711-9f43-2cdd62a9c42e,2021,13595,A
6b722b7c-f9b6-4b75-8ac6-52bd2f503411,2021,1132918,A
baca05c8-b5ed-4e20-8818-739825c828ea,2021,62484,A
7fb8117a-196a-473b-81bd-f6b697f6c44d,2021,116770,A
63598080-d477-4dbf-af52-33d65c1be258,2021,13401,A
24e6a107-43a1-4901-85e9-07a1f6e060e8,2021,1136142,A
6d9f03b1-c15c-4bd1-87c5-e61d1c534b62,2021,1136142,A
a9569e3a-d480-4052-a0ad-6abbf1f17079,2021,513,A
e01a2164-0af2-4cdf-a583-fbd28a3ea13a,2021,97778,A
9f001113-e969-4345-b156-d5441c2c338c,2021,1136142,A
aabfc058-b66d-4a72-bf25-f283f22f6612,2021,118420,A
fad6dcbc-0f55-457e-b271-c9813274870a,2021,118420,A
13b069b8-84a0-4e9c-9bf6-2e5292dd49c9,2021,95017,A
ae9acf7b-d058-4d1f-9b79-9823134f1a5d,2021,13277,A
550c3762-3804-4817-9e32-dd22c3694396,2021,1101244,A
7f088999-ba61-46e2-a852-ddc532c5702a,2021,106167,A
41ec1d02-c426-433d-b4cd-d5818dace51e,2021,12313,A
6725e85a-1468-470d-92bb-887698ef3ff8,2021,11452,A
62d94b1b-abf8-4a97-9759-747013997a56,2021,13595,A
39556a16-6e5b-44cb-85cf-18580707c95d,2021,118420,A
bfcf7fd3-20ce-4434-8c79-cd53fb77d0e6,2021,13595,A
d2e420aa-e494-4e0c-95cf-60aaf5a8e373,2021,13401,A
03439576-3c56-4ef9-b426-b1f21c9feafa,2021,13446,A
24120fca-2238-412d-b528-c8b6182f89c8,2021,101830,A
d20fbcce-f646-46d8-9cba-d24c0faaaf37,2021,95017,A
7b1af90d-5f8c-40f9-b508-1f8f6bf9d6cc,2021,91262,A
2913c661-a784-4353-a4ce-6425a4834af5,2021,13446,A
fab66693-a88e-4908-8668-4d2983d16fc8,2021,99406,A
628c3dde-5310-4c02-889d-b632f0eceb29,2021,1376131,A
501b7c14-71ac-4181-aa20-2a26e2a13929,2021,13446,A
f2a4d262-f280-4ae1-9fc6-fcab25addff7,2021,1136142,A
230fca9a-da1a-4b51-a5e8-5bc333a69be2,2021,20239,A
21dfb18a-a97e-410d-8d08-14d7739a3d49,2021,13446,A
1235f825-2da0-48ef-b3fb-6bde80b98328,2021,1136142,A
4fcba87d-7496-4df4-ac9f-2f20e357f4d4,2021,1269545,A
59f9592d-f390-4f08-9274-1d206ebc35a8,2021,13595,A
bd45f818-23b5-432f-ad55-280295127191,2021,13595,A
ce3096f8-9327-4a14-a9ae-4aa01917678b,2021,13446,A
e9eba2d8-cba0-46ac-b360-c0d0fd701e94,2021,1136142,A
ec39354a-1081-4d04-824a-4abccbc99f2d,2021,13980,A
28883653-6305-4a81-93c5-2fe6e013b376,2021,1187671,A
74bf3ddc-8a15-423b-a378-69b3793a3b0d,2021,118420,A
987d1f62-11b6-4c2e-aa06-ac88c180d581,2021,95017,A
cc8e5a24-ab7e-41b9-849b-97c942ba01ab,2021,19042,A
88165571-ccd0-46de-bf56-71c05a307eef,2021,1136142,A
55cc5f87-7561-454b-8b88-9f4d49cb7cfe,2021,1136142,A
5d55bb49-9df7-4bd9-8997-11f5c0660427,2021,118420,A
d570e199-0701-4601-9e04-aaeac76c9884,2021,1132918,A
fa43821d-29b8-4627-ba8a-d107b7767cd3,2021,5000135,A
baa12bed-4cc0-4519-9d12-a023a8b37524,2021,1269545,A
1a84942f-b32a-422e-b977-2b2e2fde27d9,2021,13401,A
8383b43f-9ce7-4e88-8f29-bcd440831f5f,2021,13446,A
1eec7fff-6873-49cf-afe5-8835b93fc38c,2021,1136142,A
de559c35-f608-4ab3-afc5-7e8d632a4c55,2021,1102628,A
72d369c3-8b06-4cf7-8657-6c23b6044cf5,2021,1270596,A
8f92e31e-70fa-49a8-85d9-94f5f703360b,2021,103062,A
d2a079db-301d-4d99-9320-7d4f5dc97ebd,2021,1314243,A
7f6d6bb9-4bac-41a6-bd08-c24459e9e90a,2021,62484,A
38b7dc82-03fb-4e3e-b3c3-f87a1b470a44,2021,13401,A
e0ec8e12-124c-4653-bace-d91b9169e15b,2021,13446,A
78f84046-9da9-4a35-9b42-b380c678c16f,2021,62484,A
6b9367b1-830a-4aef-8c03-0902ca70fb00,2021,13980,A
811bae45-f45f-4b74-9dd2-bc04cabd164f,2021,18671,A
e929bf56-f7e8-4169-aef2-486103bcaddf,2021,1136142,A
44d2440d-625c-4c03-9db5-736b5415ca36,2021,95017,A
52fd35d1-7c77-4baf-8d05-238db08a4e93,2021,13980,A
59e04fc7-a8b3-434b-8c6f-ea00a9c49b83,2021,113813,A
79f8a3aa-de2b-4760-b89c-b1be9e605c59,2021,13595,A
54a8e16e-3c32-4368-8818-9736facfd06f,2021,41238,A
715b9747-50c8-4292-bdb5-4f2b63259c52,2021,317,A
d9466da3-e2df-4c79-a629-50109de6c9d0,2021,1330347,A
0b078764-5b0d-4ff6-83d2-604aea552150,2021,1118057,A
543176f3-7078-4ec6-905d-4bbe3a538bf6,2021,1118057,A
fcd6cbdb-e27f-40a8-84e6-695ef7e79b82,2021,1102628,A
71d87013-38cc-4c57-bcd8-5a9ae11f650e,2021,1288839,A
5223fc16-ca48-4954-a29b-5fc02d1cd708,2021,13401,A
58bf957c-79c0-46ee-8159-27fa53894a26,2021,101942,A
437e815c-5dca-4ff0-bdce-a5132b26d1d0,2021,13446,A
012be6cc-1e3f-41f9-ae05-9eeec6a17009,2021,11452,A
974e78a7-630a-446b-a988-7fa4bfbe32ef,2021,317,A
1ae47c61-00da-4e76-b839-f69baec37474,2021,1132918,A
0820d458-21b6-4493-aaa4-e92a3c84bdef,2021,18671,A
032423ee-adff-49ea-a4f3-edd5ba6b9ffb,2021,13446,A
dfef42d9-3a8f-4f08-8e9d-a7a5adafea27,2021,1136142,A
c70e8bcd-f264-42d5-946a-10f9c15435db,2021,1102628,A
60a21f77-1d87-45f1-b98d-1bbfd02ae742,2021,118420,A
872a95af-cf0a-43fe-b962-5ff4b38530f9,2021,2209,A
9f613d4e-36fe-4569-8119-2c0294833251,2021,13595,A
40fefa0a-8322-4551-abf3-9dacae4479ad,2021,13595,A
a4e26749-9be3-419c-aa9e-9699bc924c2d,2021,20933,A
918dbb6c-26c9-4eb3-a526-c296f755ed63,2021,13277,A
976cd1f0-9a9d-4d35-a575-eeded8d86fc7,2021,1118057,A
c0b0a3d5-5a9c-4b72-bbab-e94dbe3dd96c,2021,11554,A
cda71d23-51e4-4ea2-9b7a-9e0014ab276a,2021,13446,A
0916e606-7c8b-4098-bd19-0461ed2ffe38,2021,1379275,A
8221b0a5-8a85-4d22-8350-5346890dd570,2021,12313,A
c25fc162-7776-469f-9195-50e430978e36,2021,13277,A
33b75796-0f2a-416d-be14-755b4740acde,2021,5000135,A
1c9541d9-33d0-48e8-9beb-1675bac9cb7f,2021,1270596,A
ba3b7aeb-477c-4708-aa85-e5c8be7ebff6,2021,101942,A
2561956a-69b8-4394-9f4a-b4c7e0cdc26a,2021,1101244,A
ed249499-5003-436d-be65-17728ddd894b,2021,13401,A
97d270b9-a374-4d8b-8af5-86e0c0afa968,2021,13446,A
b95435df-bb18-4afb-ba05-19f8f80ba676,2021,116770,A
46cfdb0c-589d-48cc-8ff3-50bd5c58797d,2021,11554,A
825ba2b9-e9a9-4af4-9c62-8e881cd136f2,2021,1267543,A
1b852f70-6cd7-4821-9d0d-503b37ddd280,2021,1136142,A
97e28214-0afd-4564-9516-68eb1207f642,2021,1102628,A
e14ee441-03c1-4d28-90ed-044281e6a1b0,2021,12313,A
6f05c485-b687-493a-a099-a3a1ff0eaa55,2021,1102628,A
6ec8a31e-7b48-4d75-aa23-e2fd3565fb92,2021,97778,A
0d0592a3-9bb1-4e6f-9b0f-5a7dbc3d82aa,2021,13216,A
ebed501b-e748-4e53-a0c9-7efc137c7ff3,2021,1136142,A
2603fd8f-33d6-4f99-9e6d-3cef39e5acc2,2021,1330347,A
1aaa5ead-e020-4aea-b1d5-2ef11a08eff6,2021,20239,A
1cc22a7a-e60d-4a49-a59d-528411ec0fdf,2021,116770,A
e3d6e7b9-83d0-40d2-bc8b-b2a069c82623,2021,11452,A
0e8538e5-b1c6-4d9f-9aea-eb1377cac676,2021,86326,A
8a347ccf-9526-4161-b396-f706f107c442,2021,1102628,A
615f63cc-5ab2-4fe8-9a1e-b2378aa06b50,2021,20239,A
40ff58a3-662a-4de5-906c-7fc03c80b917,2021,102590,A
1a223439-f828-49b8-a0e5-ca77cb9e5a63,2021,95017,A
8d416b6c-b4a3-4f49-a450-6d46c9cddbfe,2021,13595,A
65111dcd-2d4f-47c8-aff3-d35355ca8bee,2021,13595,A
4b2d77db-1b74-4b81-8118-7642dc28f90a,2021,13401,A
787958e3-f75e-4fb1-8fbd-2f939160466f,2021,13595,A
268778f1-511c-4c8e-b4b5-62a79e099293,2021,1136142,A
82b2c8b5-5e1f-482a-9075-b48e3c438b03,2021,1102628,A
b5a13353-f00b-4d24-a201-76dca6e3ab06,2021,513,A
1426697c-389c-4693-9974-f1e433b47615,2021,13595,A
5d66cb67-88b3-4225-87a9-62df6047f0e0,2021,99406,A
12fe50ef-9ddc-4a23-b3b1-a415c5b2dacc,2021,2209,A
7cc68483-7d2f-4b24-9213-e4776f4f1ae4,2021,41238,A
aeaef7cc-7c7a-4929-a9eb-b2b98bafdf4f,2021,103062,A
b9c2dbe1-f50f-40a8-9158-3d7d9fb2dcfa,2021,13216,A
7ee6f6a6-1d91-4bf3-868f-c18c7b820f50,2021,11452,A
52147b2c-95d9-43d5-a659-fb0186f026f4,2021,19042,A
1db6a797-de3a-45a2-8c76-0bd5708d4b38,2021,5000135,A
d5a0c047-1c03-443c-a03f-bebad791e2d6,2021,1101244,A
c58c2254-0f94-4f4f-ada0-8a39862eef66,2021,12313,A
d5e72626-14c6-48b1-8f78-d7903aa232bc,2021,99406,A
c3896828-e958-47b4-bd69-055a8e1ccd7d,2021,13595,A
3a998dc0-5190-48b4-9ad6-15e6eaec685c,2021,13216,A
2671ddd4-4b66-4afb-84e0-678cbff3ac38,2021,118468,A
f7a9aff1-9ac9-49b0-9000-2c487ceab02c,2021,107360,A
db269e5f-bf8d-4cb6-82ad-f70d4279c1ef,2021,13277,A
3a3443d2-a72a-4e54-bf93-d5c70b726b54,2021,1330347,A
3b897bab-00d7-49f4-a43a-1f8914d0f1a3,2021,2209,A
5e5d0f30-bce2-43b7-ab62-57f967816371,2021,1136142,A
56022e8f-f1e6-47bf-93e7-6a2d9ebd25ce,2021,1288839,A
b81c83f5-6808-4d91-99de-926441dc714a,2021,11452,A
2c4477db-7f7a-4f6c-889d-884d45392f0a,2021,2209,A
98f78f38-1837-408d-ab33-4122ffcac08d,2021,1102628,A
e4d5855d-a1f9-4b00-ac06-6dd92b05a767,2021,118420,A
10343414-ec08-43a9-b3b4-b887afc224de,2021,20239,A
a9e66440-f9af-4a9c-a636-30e382aaa3eb,2021,5000135,A
06e8c1e1-1bb6-4a9b-9905-84443c70cc7d,2021,99406,A
cabc8fd5-9c93-472b-8039-8e56ef609949,2021,99406,A
42422f19-9eb7-40f9-b454-29143668dc80,2021,1118057,A
2f310b32-6d3c-40c6-a0b0-64afe0129e64,2021,11554,A
4d28d5ba-d29b-4a24-b14c-136a5b983267,2021,13595,A
3a677def-6253-4f41-815d-7663c9bee65c,2021,1102628,A
ee90e653-97c6-45c4-8e21-5b7c6527e0e8,2021,11452,A
140cff51-652b-4b7b-859c-bc239b443e80,2021,13401,A
55d02c78-60a1-4a6d-9543-4c4686428e9f,2021,1102628,A
4db4ea9f-5004-4f88-891a-d1374e4f282c,2021,13401,A
ddbe5239-7bc3-4c7f-a4dc-9ac82f220136,2021,118420,A
da690e70-9f19-4c0c-9087-86d643da2201,2021,12313,A
a50cb290-e4d4-4de5-861d-9d2b048e96ec,2021,103062,A
5baa95cd-a7cb-4838-bd4c-f51eff62cb23,2021,13595,A
728103f9-5a6d-4f48-affd-6fbe312b5b40,2021,13446,A
c4914aed-c547-491d-b691-5fd1000c7497,2021,1330347,A
d1863f57-e0e8-4978-af6b-61d836b37856,2021,317,A
80b07365-dde6-4d8d-ba39-7370201659a1,2021,62484,A
0365c022-79bd-4aeb-bcb4-e04766daa904,2021,1330347,A
7cbf17d1-693b-4a39-9dac-1e135770e09e,2021,1101244,A
349c28b5-2470-4a4a-86e2-0ff0712f0a32,2021,1139692,A
87e7efe8-dbfd-4004-8e4b-25ff15762942,2021,1314243,A
59cc8ad6-c27a-44aa-aa1f-33a3828462b0,2021,13595,A
353a37bf-ba50-48c6-9035-2107ba1b6891,2021,118420,A
e406c521-8245-4333-b83e-aaab925c7efd,2021,11452,A
06adc4ff-6167-4b64-b7b2-6432ddadd7b9,2021,1132918,A
479a5ddf-93d3-490e-b103-7b300086df3a,2021,11452,A
336ad732-7bb8-4632-8c6e-bbb8e98bb78c,2021,99406,A
77774a11-f887-43d9-a9df-7814441c7679,2021,5000135,A
ebc9b6c5-9a79-4306-b71a-0068e998b6ed,2021,513,A
b33ad4fd-8141-42da-8422-486d3bfe15a3,2021,13216,A
ac549378-862d-4e7e-b4fa-71775f0186fa,2021,13595,A
a9bdc75d-8ad3-4181-a3fa-52b42dd32208,2021,62484,A
f3850627-d093-42dc-a321-7484099f927e,2021,12313,A
ae2ef2d7-2653-4133-8954-2b61284e5d2a,2021,13595,A
dd315f11-abeb-411f-9c5e-3c9a926178c8,2021,12313,A
0f065d9b-e442-44ff-9ca3-5872293203ae,2021,13595,A
a858ebd0-3f40-44d1-93c2-153d232882a5,2021,95017,A
613bc93f-0453-4ebc-aeed-e9b670524d5f,2021,11452,A
747aef20-f2b7-4218-870f-51c85323c23a,2021,5000135,A
df69d5a8-cbcc-4ef1-97ef-5ea71ab56304,2021,317,A
6f53bd02-96f9-4278-9a05-fa71305d4103,2021,1132918,A
c5b09ce4-76d4-4e15-89d5-b45a2bf14ab9,2021,13595,A
658b94f4-6cb9-473c-a060-1fb2a6b4d52b,2021,118468,A
ecd27ab1-3f65-4451-a588-7167a1a9391b,2021,1132918,A
76d1fa80-ae5e-4be6-82e7-092833342899,2021,1272079,A
484450ae-45aa-452b-8d65-de75e0279ada,2021,11554,A
9e8f740c-c654-424a-9aea-d8e1d98a3419,2021,1136142,A
8b5e2131-4aeb-45a9-b25e-6c236c26ffc0,2021,1190071,A
6e7446de-6457-481c-9a42-95f5fdfc6b30,2021,1270596,A
caa3d938-189d-46f3-98de-ea405152c140,2021,106167,A
3343259e-0a02-43d2-a4fe-b645383e403c,2021,5000143,A
8b564d49-086b-40c2-ad76-e71fdc9a7ea6,2021,13277,A
10b35a0c-c55e-402d-a108-260732b335a7,2021,5000143,A
d5ea4a7f-f202-41df-95c8-eaddb44eea6f,2021,62484,A
fb312057-800b-4420-9505-5f55eee8721b,2021,13595,A
17fc4312-3c4c-4a17-af15-5128c8b293c9,2021,95017,A
6193cea7-b8b9-4009-bb17-511f4982d5dc,2021,95017,A
d9611f14-616e-4f7b-afe5-645ee6e0531e,2021,113813,A
9c8a9b76-236e-443d-8478-95c806b0af25,2021,11452,A
cc5ec3dd-143a-4eb5-b274-176b2dde8a31,2021,13277,A
faabe242-75f4-45e7-96d3-7bff7732ec73,2021,62484,A
2930f17f-9500-4dc2-923b-09f5e77410d0,2021,13595,A
99f38150-479f-437b-88e8-81b2142afc1c,2021,1132918,A
abd1b247-a529-4099-a0a0-8275cfeaeee2,2021,13277,A
3e8d34c4-c0a5-4042-80f5-ed4bb205b0e7,2021,2209,A
989ce144-237c-48f0-9d07-ca70550fc831,2021,99406,A
fc334e7b-25ff-4d37-88a3-449a054f254b,2021,103062,A
f12f79f6-be97-4314-8cd4-57eedf1ad9c7,2021,13595,A
cd430948-2338-48d1-9bbf-b6bfa757befe,2021,11554,A
c923c6ea-db5f-42ee-9c98-44014d0affb6,2021,13446,A
e3b2dc00-bd02-438c-93d1-104e04e77308,2021,317,A
9fd7b34e-b35f-454b-80ce-b391ef250cd5,2021,13277,A
d16ab19a-4e48-40f4-8651-213326aff64e,2021,2209,A
c92b979f-33ae-4913-a266-d379362bb5f1,2021,13595,A
fb873807-2ec9-49b5-898f-9c34c0690b02,2021,13446,A
c25169b6-b22d-408d-9557-77dbe8c42ec4,2021,97778,A
dbddb298-8ceb-4f30-afb5-785821cb573e,2021,1330347,A
fb316f76-b615-4718-9cce-0b60b598f39e,2021,11452,A
80b99942-ef42-4a2d-ac74-58a002d037c8,2021,103062,A
796a8549-6a06-43e7-b6a8-eea431dfa526,2021,1272079,A
099b9feb-b263-4ef1-b531-6daca4937d45,2021,317,A
c9a08572-f296-43eb-947c-f18c8bfc172c,2021,317,A
712f273d-4146-4584-b25a-28183529f40a,2021,13595,A
0edadf8a-dc60-453e-afe3-900e8d9fd9ae,2021,106167,A
cbe54773-216e-4579-a9e8-05470fc44a11,2021,1136142,A
008538ee-805a-4e50-9d3a-cbcdc648efa0,2021,1136142,A
f4caa935-24e5-4a7a-9507-117f77cad7e9,2021,5000135,A
88a3feb7-3b5b-447b-a649-cdd263e08ae4,2021,1300429,A
c1100ffe-94e5-418b-baef-dbd7791decdf,2021,13277,A
c91244c9-12c5-4f47-aa69-98f281381fa8,2021,11452,A
71e33681-bf94-42b4-b11e-2841a01f29e9,2021,13595,A
57a43074-095c-4ec9-a171-c13287ac37f9,2021,1102628,A
61afd85e-6578-46f5-b668-4629af08d1b5,2021,13595,A
34fa4072-ece9-40db-ac4c-4e548ae1121b,2021,13446,A
1b1f21f9-b017-41d6-a95e-003c4774b450,2021,20239,A
c129eae0-8b9b-475d-a3ce-f3198f338895,2021,1136142,A
dba75849-09fe-4004-ab16-a3eedaca0fa3,2021,317,A
a4976489-7d66-4613-bdbb-b3c72fb6a51d,2021,317,A
e5bf68ad-db65-438e-8c47-b9f1fe7d658d,2021,87396,A
6832b098-a3e9-4d62-a7e3-9e9445105dc6,2021,2209,A
638edf86-4f27-4e2a-ac4c-c78c110780a4,2021,13595,A
02344ebe-aba8-4676-a341-1cb03822bd21,2021,1101244,A
bc4c2c54-3be5-4bad-8f3d-7003ce9d93d6,2021,62484,A
f52b9739-bd6b-4f5b-81e2-d75e9f10dcb3,2021,13595,A
ac9f8f75-ec83-4b34-809b-a3837ebc1924,2021,91262,A
fea946de-c040-4f7f-95d6-3025592738de,2021,41238,A
7737d9d8-0b49-4f1c-a8c4-cca79f9f4678,2021,13595,A
0029530d-9b4b-4368-be05-eb60a2a07051,2021,1136142,A
3e1c190b-c28c-4bd6-bbe2-9bfd16d8fdfe,2021,13277,A
7fea2002-45aa-4153-bbb7-c414a92dc5b7,2021,13980,A
4d85cb1e-2b33-4b71-a34f-5c67cba924b9,2021,13216,A
92b0c61d-c3e7-418c-be8c-406e2e11443d,2021,13216,A
557f2e1b-55e2-42b3-92d9-d94b7873fc8b,2021,20239,A
e4410914-b8bc-40aa-9b37-2aa71f48e4d4,2021,13595,A
7197f077-5bcb-4b97-a4e9-157d7bef4ff3,2021,5000135,A
0e938b28-b2e5-44a4-bae7-061bd4273f55,2021,20239,A
3973993a-04fa-407e-82f8-50afee5dee34,2021,1190071,A
e4a9e979-985f-431c-806b-186510e36a86,2021,13446,A
84a76511-104b-4f7c-914d-e9b48d6a0c2f,2021,11452,A
6269f244-9fdd-4fdf-a620-497e445c8f33,2021,62484,A
8bd82bbd-e7d8-40f3-994b-51dc6810f7a2,2021,113813,A
9f0da78d-1095-4438-a348-fb378e441fe3,2021,2209,A
b71dcc4d-77ba-4943-bca2-09cff1b211c9,2021,1136142,A
72e3ad39-abc9-454a-8c15-960dd07ff912,2021,13216,A
51646539-c442-45a1-8184-db28e69669d9,2021,13595,A
55fd3751-bacc-4af7-b4c0-1724d1232808,2021,13595,A
846ba06c-1a4c-45f8-81b8-5bcc00c96ab4,2021,13446,A
f3600c06-b09d-47bf-bbdb-38fb34014c69,2021,13446,A
f4f2e076-24dd-4d60-a573-1c70ef0fbd28,2021,13216,A
1bdb38db-9b99-49f5-bbe7-ad3140327738,2021,13595,A
df6681e8-7c34-4416-88d3-3c79313afa5d,2021,41238,A
1357c736-e470-4a14-b5f7-27b02c43cfd1,2021,13277,A
d1b68384-c7b0-4f9f-bf38-e0b10ccda946,2021,13277,A
9f212d8d-bfb3-4ab2-afdd-c53f22d09352,2021,13595,A
755ad0d0-9eef-47bb-83ae-9c1a1e338ea7,2021,513,A
5f6dc4c3-494a-4d23-a768-8f5613e3819b,2021,13595,A
98c1de6d-891f-43f0-bdc1-4fae9739214e,2021,13595,A
55b15449-a09a-4127-a6b6-50d7b9106367,2021,1136142,A
6528db59-43ad-4a32-90ff-078f92fba5d5,2021,13595,A
f9c1c663-0c43-4ba1-baa7-c4a24391492f,2021,13401,A
355eb4ee-9851-4699-9b7a-11c8e09bcca9,2021,13595,A
32edaf96-a2bb-41b5-81b4-cc1a4aac49db,2021,13446,A
6ecc1472-7e0c-44e3-882d-77e75fb2145a,2021,13216,A
4db02546-f2b0-4f81-acf0-b48269382c6a,2021,13595,A
4cbd3a4d-355c-4b69-a439-77a324f805b2,2021,13446,A
805017dd-55a6-4941-b8bc-c2faad9bd015,2021,1136142,A
7685871b-5621-42d7-9567-8c726f038361,2021,116770,A
a1c524f2-d84d-4902-91e2-fd500f02b69a,2021,12313,A
1e25503c-116a-492a-8049-9bf32633ef47,2021,62484,A
76513547-0233-491a-b1b5-f06bd7911ff1,2021,13595,A
b68953a5-2033-492f-be1e-ffd6d80552b5,2021,41238,A
b0aad6f0-e75c-4e40-8ce5-34618426bdec,2021,12313,A
4a18db85-86bf-4162-b2a3-63b0512c934c,2021,11452,A
ba0ae7ff-df9b-49b5-9554-2fb7395313ec,2021,317,A
db5ced75-4a96-48ec-b6c1-e2077434fff3,2021,13595,A
04b1de5e-9614-4385-9ef3-a2647800f2d1,2021,13277,A
5cc6d424-98a3-4d07-8bc7-5b1c2d477a6a,2021,13980,A
aac4f184-568f-42c1-a98d-53841b996605,2021,62484,A
0af5f70d-fa75-4aab-b9a1-435eecfba02c,2021,13980,A
ceaad0b7-fc81-4467-86dd-a2c258c494e8,2021,13980,A
6b41fff1-6a86-4010-a05d-c72c14bad4a8,2021,13216,A
90cf6099-4cd8-41e4-a267-610b823ed9a5,2021,1136142,A
cbedb3fe-aca2-4088-92e4-83c759e2b0a5,2021,13595,A
4282de10-df55-429e-8672-e0fc92a2b780,2021,1265453,A
bccda81e-0d9a-44df-a507-2c1911d4b456,2021,101942,A
3e701657-b1e4-4183-8af1-1dcc065c5bc2,2021,11452,A
d51d7f5a-08b9-489b-9e12-44ad5986255e,2021,12313,A
60ff9d56-e905-41a0-98fa-392b29a62fe9,2021,513,A
5181e190-4095-4640-a2a1-7b4b5e83fc93,2021,1181327,A
0246314f-87d9-4fe3-aa2c-4df3a254b4d8,2021,101942,A
f7db3bcc-7d3d-47cd-84f6-e462ddbb5114,2021,1132918,A
2851301e-534e-4a5c-8aab-81045af4c117,2021,13595,A
7b50a75d-fa25-4289-8d7d-5d795bc3fd99,2021,13277,A
5968c8ae-ef82-426f-aae2-99263a9aee38,2021,13446,A
aa943c60-5428-48b6-ba5b-d57093c6bb3e,2021,1136142,A
5fdddf37-8969-46a6-931a-a8a79583384d,2021,2209,A
5e7dc7e8-e88d-4221-bf83-f4b8b8735f34,2021,62484,A
78cb5c77-750c-4571-af63-970211fe94d0,2021,13216,A
18c9a276-a7f4-4ac0-9351-82130e4127a2,2021,13446,A
c97e57f7-dbe3-42e5-85f8-3c255b01a818,2021,12313,A
1028c2ee-c402-4dea-8bf9-f2d70e535e9c,2021,13595,A
4389f84c-c85e-4c9a-8c8d-b44c2112db84,2021,1299927,A
873f60d9-8e9a-43d3-9c51-1d4e6ac79dbc,2021,5000143,A
eebad81e-beb5-467d-b9d7-f98b2b99d294,2021,13277,A
02f2d6b1-1335-4401-9f02-c71826e5cce3,2021,1136142,A
9a748ebf-7152-4ed1-a7cf-94c818b31ad7,2021,1299927,A
aefa6a5c-5864-45d8-a419-c04f1da82aa7,2021,1102628,A
805fe44c-3b2b-4cfc-b98a-7d3f0bb1699a,2021,13446,A
cc78575b-388c-4965-954e-626d26af3803,2021,13277,A
657c9a74-afff-44fd-ba8c-b359ca29aaa0,2021,13277,A
4aaac688-4095-4d16-b42d-ff9cb565b98c,2021,317,A
334f716a-bbf8-42c5-be9a-96c53d5b50ca,2021,13446,A
55baa50a-7c83-4e23-8e16-2cf656a44913,2021,513,A
322b50a4-297d-467f-83be-5e9b51c151db,2021,11452,A
81e09737-ec63-45f2-a1c9-59df28ae9a06,2021,13595,A
3313dbee-d257-4ba2-a0d6-fdcab994451e,2021,12313,A
7a00c69f-0a89-4a7e-9a9e-9a6f17d7e159,2021,101942,A
e750d5ea-136e-4174-88ef-3552a62f3d56,2021,13277,A
06360c32-3448-4bb8-ab86-fcd4bffca559,2021,13595,A
d24d6fc4-6e56-45af-a4b3-50da3ae04925,2021,13446,A
17de2bd5-e439-4c15-8d7c-1e7c41a14032,2021,13595,A
0be2b747-110f-4e03-b0d2-ea8c608f59cc,2021,13216,A
0243a5bb-f97f-42b0-a58f-a00a5d1478c4,2021,62484,A
367f577f-685c-4c83-8000-a0073e5dd659,2021,13277,A
b99425de-6cf0-4599-af2f-3627aeb830a2,2021,13595,A
465f279d-4706-4041-a9ec-6b687533c8b8,2021,13277,A
71b309db-9fb7-45f9-b113-146a1a838639,2021,13277,A
46e1c758-ad9f-4749-856b-79343a8d5c6c,2021,18584,A
7d68bc0e-8f23-4494-a3c4-6961b3189660,2021,18584,A
3f45b357-0bc0-441a-aaca-6076263df313,2021,18584,A
2b1e7ca6-03b8-44ae-96c3-d08b7ddd3391,2021,18584,A
ab042dd9-d67b-4861-9af1-0b36cb70e402,2021,18584,A
b371c72d-d3bc-40bb-9bf3-94f70526e494,2021,18584,A
6d588d49-109b-4bef-88e3-fc5f6680a0de,2021,102590,A
27e8c389-9c96-488a-9632-5f3b732c5122,2021,102590,A
447a3713-54f8-4864-9a63-45bd360c35b2,2021,102590,A
30c5b02d-7ad3-4557-9980-0484ac5e931c,2021,102590,A
84cfdf38-a6ef-4f75-992e-33aeb6f87725,2021,102590,A
8faa3be0-28f8-47e1-a874-8d377e65c522,2021,102590,A
fabdfdea-8d91-4594-a6bc-90331505d0bf,2021,102590,A
afbaae1d-0d7b-4a3b-812c-03d0eb3b1d43,2021,102590,A
88e9a599-acb5-47e1-ab81-e73f0ddaf7d3,2021,18558,A
8be6abf0-4183-4867-aa16-fb57e1fd7a2e,2021,1113582,A
a22d2536-2e7d-4fe2-97b5-95e6fb0bcb7a,2021,1113582,A
004a010f-9445-4d9b-befc-0a831a3f2e51,2021,1113582,A
2cf73b4a-4705-498c-8070-8b489ca671c7,2021,1113582,A
6f3d1be3-108a-4fda-bd60-97af84b60a11,2021,1113582,A
d3f458e2-fc84-4296-bcc9-ef93e74f1852,2021,1113582,A
40cbf79c-424b-416c-b969-f17aa5d15fd1,2021,1113582,A
7e0f90ae-c834-40ff-91c3-63edeb9b2c7d,2021,1113582,A
f1675002-f018-4d69-ae01-56ea601f7859,2021,1113582,A
dde68cab-f180-4482-b8fd-0e8101ddd234,2021,1113582,A
74e67620-51ee-442b-a6fc-6d82742c3839,2021,1113582,A
2a81b57c-1625-48ec-b2e4-1304db050c66,2021,1113582,A
b18f12bb-6c7b-43b7-b3f4-867ba11c2845,2021,1113582,A
01e72e7d-7891-4f8e-854a-382eeda9f1c7,2021,1113582,A
547bfacb-34c4-4533-9514-851701df6d5a,2021,18559,A
ba7dd0f9-075f-4b41-bfec-f98008cacf83,2021,18558,A
99b9f348-90a5-4bf6-8551-277c4d1c645b,2021,18559,A
423429d6-9363-446b-ba1d-047da33a2092,2021,18559,A
39e744fc-2a8c-4df4-93a5-2c0d209b3ff8,2021,18559,A
3df6efea-570b-4d7f-a5dd-90c6e8d70787,2021,1113582,A
62883bab-4620-420a-80a8-63dd4e064709,2021,1113582,A
0c39dc71-2ef7-4295-94dc-d88bd4cf1261,2021,1113582,A
76b11837-32be-4812-8ebc-9e784dca4198,2021,1113582,A
0cf9f598-694c-4254-8f08-26b530835725,2021,1113582,A
54233d25-7ee9-41cc-adae-0841475728af,2021,1113582,A
02d412e8-3cfc-4ed6-9d8b-bfa9a0d5be1e,2021,1113582,A
ba7c9f58-e8d2-4728-a7a2-89eefb33ba29,2021,1113582,A
230e2330-6212-4650-965c-79d9dca509f8,2021,18559,A
08315ecc-ea88-4d88-b21d-6306e2b2206c,2021,18559,A
a3d9cda6-4192-4171-bd86-fd1dbc7c0f27,2021,1113582,A
5749f32a-2674-4db9-85cf-02b9f7b60b5c,2021,1113582,A
590a109f-d32c-44d1-9b7e-e7fb6fff5ccf,2021,1113582,A
bd0a5864-02c2-4a59-9475-e7864ee56d80,2021,1113582,A
e431cf4a-04d2-4c23-b4d5-a1c7bcdb3c0d,2021,1113582,A
9ab017da-bd19-4b40-9969-524dc5989186,2021,1113582,A
a5282561-108c-4d5c-bbdf-63d46ea7f277,2021,1113582,A
e3be2d1c-5548-4bbf-9f2d-e658695259b5,2021,1113582,A
1ae66bd4-c00d-4e61-8842-1853f75e8617,2021,20933,A
73165e6d-367c-44ff-a93e-acbb26dd4cf8,2021,20933,A
01614302-c3a4-40bc-86d6-fac074259a47,2021,513,A
e5073908-713d-43a4-969a-a0969d88fcb3,2021,513,A
b439e2b1-1db4-4fc4-8854-ea9c0663ba37,2021,513,A
9ee80a38-201e-41a4-9c89-5ef3eda070c4,2021,513,A
283b5422-3b94-4ba1-9a0f-2aeaeb533f8c,2021,513,A
9b08a0b4-5e27-4caa-8b91-3318cd6e1768,2021,513,A
f21f48c2-80c8-4aa8-ba0a-c15dbc7d8b1c,2021,513,A
d948ccfc-0d08-4742-9821-fcfcdfaeab88,2021,513,A
b7ac396a-db98-4389-a640-ef928a97ec45,2021,513,A
0a356171-ca45-4c90-91fc-208223691f2c,2021,513,A
a55de2a8-c2b5-4413-a618-8d9b15c22247,2021,1113582,A
8e17ed0c-415d-408b-b17d-3a57ef0ea869,2021,1113582,A
fc72409b-25ef-4483-b1b5-6bf57fb4d5e6,2021,1113582,A
9edf4ac5-09ae-49f9-a371-77bdad3c3957,2021,1113582,A
b786aaac-5e4c-4036-a98d-3dfb0d9f0fa2,2021,1113582,A
14b512c9-22b0-480d-817b-2bd075e3ab7e,2021,1113582,A
03d91cfc-1297-48d5-8cec-d6d77a48de29,2021,1113582,A
7c685ba3-0b2a-4b5a-b506-50b96760b171,2021,1113582,A
ed7d63d4-94a3-47dc-a16b-005d52d765e7,2021,1113582,A
8220f58c-2fbc-4d6a-a040-0682aa092e0c,2021,1113582,A
49c3c9d3-9f09-4ade-922e-b4d5cea73b91,2021,1113582,A
617c2e6b-9887-4a7f-9f96-8e1bd9b9cc13,2021,513,A
f6b88fc7-3816-4f62-ad10-8cf78cf1847f,2021,1113582,A
e127a3d8-21fd-4e93-ade4-dd3d6a5b9b0e,2021,1113582,A
a9ff5838-c7fd-49b9-8b11-c135be8df474,2021,1113582,A
5fd0d710-777f-4337-8ea4-90b559e62237,2021,1113582,A
eb754c78-90ad-49ec-b8bc-bade3cb1fb31,2021,1113582,A
fede61a5-026c-4d0c-a32f-5df007d06556,2021,1113582,A
68d40088-77e2-4489-b679-cf0f44b964f6,2021,1113582,A
5d243177-8a32-45d1-9506-3e1590aa74a1,2021,1113582,A
4b1b833e-2a33-47c6-9c6e-01484186e399,2021,1113582,A
4fdf4324-3629-4292-bd89-34f60e476b89,2021,1113582,A
5a59712c-88c0-4ea0-8630-d8b35b7f8cbc,2021,19042,A
48e14466-3259-43a9-a5e0-39b6b5494515,2021,1113582,A
54c9be68-8835-4984-a51e-b67e10276224,2021,101942,A
5916c05b-5113-45dd-adcb-2c772705b1ef,2021,101942,A
4b83cbbc-e363-41f1-8205-465919c90daf,2021,101942,A
e73b18d0-1dda-4727-bc61-df3b6bcce5cf,2021,112086,A
cc8d231f-52b7-4859-bfc2-0a03daeca9f2,2021,86318,A
619a65e9-bc21-47ee-86bb-17e61007a6df,2021,86318,A
72abaebd-9b1e-4587-a5e5-d5e6049cae0d,2021,86318,A
bf31129f-9d74-43c9-94ea-e466d81f4fa8,2021,86318,A
c622e206-4a95-47d4-a556-af2ce6cb5b99,2021,86318,A
830dada5-2964-4c43-b9d0-ec3c057603a2,2021,86318,A
b091f53e-6381-4732-84b3-e03ec2f332c4,2021,86318,A
997fe100-d5fa-4ee0-b44b-dcd4dd541d7f,2021,86318,A
523e0459-c84d-4a55-9326-0cc15c18231e,2021,86318,A
149c4f93-c183-4498-8a71-a80914bd24ba,2021,86318,A
ac283976-6fdd-4175-875f-a877ae516992,2021,86318,A
b8adc552-fb3e-41c9-a631-c233a7ad0beb,2021,86318,A
52a79a00-36c3-4721-9db5-91bb798a97ce,2021,86318,A
08cea8e7-7c11-4094-97a4-7e116e65cd0a,2021,86318,A
7b3e74a9-8fab-4ad0-a2c9-27a01239e2d1,2021,86318,A
80df1df3-dea3-4645-9d0e-4fde1e507b07,2021,86318,A
b9843ec2-e35b-486f-8372-d16263c504be,2021,86318,A
b1301969-0005-457e-a2b8-2620170582b5,2021,86318,A
29da1c34-4e45-4efb-938e-be02db723d98,2021,86318,A
b114ef3f-eb81-4422-a8a5-e39d33d15bbc,2021,5000143,A
0cf53d32-35c9-4efc-886a-299676f74fb8,2021,5000143,A
673186b9-c306-45f2-9dab-502c875ad6d4,2021,5000143,A
1ee95403-78c9-4f0f-ab35-e1ecab6bed46,2021,5000143,A
303de210-f0d9-45cb-af88-041a7b503960,2021,5000143,A
e93169b7-dc21-43d4-8190-bbd0a907773d,2021,5000143,A
fd0c0d76-2cc7-4e85-ba45-56e8ad7589bd,2021,5000143,A
b479896a-5eea-4306-a4e1-2e1064d55d39,2021,5000143,A
ca7d76a7-5dee-4c29-a6a3-52d9419b3954,2021,5000143,A
c396c9c6-423c-4540-a908-5aa4887fbb1a,2021,1113582,A
96d81e0c-f4e7-4b5a-bedb-ae1da4e4644f,2021,86318,A
1bbe1edc-eb34-4d21-bb8a-f3f8027fdf97,2021,86318,A
1cd65df8-7f3f-47c1-ac1f-e5e1eb978f0c,2021,86318,A
5f283fc3-663f-4669-a7c7-da06b4162555,2021,86318,A
05e27b8b-ea47-4b83-8354-ecdd9cd9b151,2021,86318,A
885ddf8e-1423-4968-ac2c-82cb7105d964,2021,86318,A
32440dbb-46c2-4d05-a023-6fb673f31dd8,2021,86318,A
b4817d2e-25f2-4778-bd3f-f516999077d1,2021,86318,A
9c47c372-38e6-4ac2-b874-9dd77fa4dec5,2021,86318,A
7704558f-0153-4f1c-9f4e-57118e0e3762,2021,86318,A
74ecc3a4-0018-4539-b344-b89936ba7e1f,2021,86318,A
56287fe8-e096-4e3b-a858-00ac45b1e74e,2021,86318,A
9b51d74c-8dd3-4793-aa33-2afe6dc598a4,2021,86318,A
3e007b22-57db-47ef-b8d0-c31b53ec3335,2021,86318,A
f92a97d6-69e9-4b86-940c-c452ef08169f,2021,86318,A
d039e57b-3477-4536-a264-c27b43065829,2021,86318,A
e70f09df-9857-4874-9623-1773182dcb90,2021,86318,A
d34aa457-a90b-4ad6-ac26-c2e7bd1e5bb0,2021,86318,A
6cbf0706-e1a2-4b52-96a1-f2f4ed6db525,2021,11554,A
612b942f-b412-4cb2-8161-f016b3038a55,2021,86318,A
a92f6351-b82e-4b74-b0f5-e93b622501c5,2021,86318,A
65cb496f-478a-4cab-9638-41e60ec194fb,2021,86318,A
8a0fa9e3-952b-4738-80a0-1c93fb4e141f,2021,11554,A
dd902881-1aab-4617-bcb2-31e829bbb194,2021,11554,A
ef3dde87-2aee-4f2a-ab64-54bbd99428d8,2021,98305,A
dfa4a674-2272-48ca-ad1a-fc3f3fba6783,2021,98305,A
c1561a0d-f7a4-4fb0-b526-5fea796a74f2,2021,98305,A
7087ebae-880d-458d-8d2e-5c5067063ab4,2021,98305,A
42ed559b-c430-4aa0-80d4-ace8445fd9e1,2021,98305,A
2f8f0b15-a44a-4a30-b4b5-c9b011a7450c,2021,86326,A
17688a1b-2c49-475c-833c-61a9d8b2ee68,2021,67092,A
5525fe7f-66f6-4487-9c94-42f44b740a8d,2021,13401,A
016ebf3b-aa92-45ff-bf82-5fb546425106,2021,318882,A
740cd851-085a-4c9e-b2ba-fee7260d9af6,2021,1190071,A
8c96614a-c968-4a8a-8271-cc3e48f8c2ad,2021,1190071,A
04a3e87a-d504-4389-bebf-ffd6cf1bd22c,2021,13595,A
963874fe-6b48-47c7-8a63-efb833341dd8,2021,13595,A
d744e280-964e-4c36-b174-bb862c32fb1a,2021,13595,A
99bdea2a-960e-49f4-8a22-aa80736b57c9,2021,13595,A
57bc69ad-b9f1-490e-bfa3-8478a790657f,2021,13595,A
f3df0da8-3190-4386-a78a-2abd04cdbb9f,2021,13595,A
4f77e600-a350-4cf7-b91b-39e44fe906a9,2021,13595,A
c5ed93be-0df5-44f1-b189-d71c0dd626c5,2021,13595,A
45facd49-afe0-4a3e-ad87-2bbf383e5006,2021,13595,A
c00331f8-1a98-4b87-b398-1a957b6de276,2021,13595,A
490ab5c5-739b-4f55-9457-de4ceb4aff21,2021,18559,A
d1123eba-ee60-44b9-9263-396f909f9d55,2021,107360,A
98528f56-0394-4a70-bec9-764ec375461b,2021,107360,A
f6bc61a0-bc0d-47d9-b60d-d24bf0b02c01,2021,107360,A
7884a04a-0d0c-4f52-9bff-4e462811bde6,2021,107360,A
df27b0b9-38a8-4336-a48b-ee510eafbe2c,2021,107360,A
96e8e7e9-d576-4725-9b84-a4cb2813c2ff,2021,1265453,A
923dcf6d-7ac1-4504-abcc-e99c845a3762,2021,1265453,A
359507ab-c026-496e-98cb-d931083c4026,2021,1265453,A
9da6e564-fe35-4cdf-8d18-3caf5d9669df,2021,41238,A
4eadaabc-e3e5-488d-8a29-e085da1f38c5,2021,41238,A
ba100f34-0bfc-43d1-a01f-73237c81558c,2021,41238,A
9972d3e1-3fd3-46ed-9d65-3b47fcced059,2021,41238,A
61487d3e-b507-4afc-b513-e805c1d7ba11,2021,13446,A
b6002fac-6f87-4bec-abf4-287de3a04376,2021,13446,A
83b82d53-a954-4203-a548-0140fe7beb4b,2021,13446,A
52f836d7-1cb4-4428-8683-0e5c46aa84ef,2021,13446,A
c46d2963-e121-4d14-9df9-2ad6081e9643,2021,13446,A
efb7932e-d0c5-4ca4-ad53-abe19d3d6a7d,2021,13446,A
3267b0ec-742e-49cd-bf3c-3d8d2ea54094,2021,13446,A
f3781dbc-75bb-4b2f-a8a0-50318778ba71,2021,1180773,A
139a64b7-5652-4886-8ab0-821f28b3aa50,2021,1180773,A
3455830c-2741-4fc1-860a-25871f2e30f5,2021,1180773,A
e0529fc9-b7b1-4c73-a792-1c6a8d3a388a,2021,13401,A
98eb22c5-a9c8-4e76-ba31-62028150c6ff,2021,1180773,A
86ebe8f1-2fd6-4f89-a790-3e8c0e67c306,2021,1180773,A
cbb818d0-c37d-4d8d-9a30-cad94a1a1c98,2021,1180773,A
5148699e-01b8-4fff-8085-f73fb0710810,2021,1180773,A
a882cef7-2a62-463b-8b6c-a7f52922533c,2021,1180773,A
530ce812-3c37-418f-a0dd-c7d959f8cc4f,2021,1180773,A
a3b6baa5-feb6-419d-9ffc-9793c3486935,2021,1180773,A
4971e579-9799-4b9a-9f71-2bb79534125d,2021,1180773,A
25a4abed-3bd0-48f9-9a1d-0e96992e389a,2021,1180773,A
281e3f77-a0c3-44d2-8a1a-b5edaafe96b1,2021,1180773,A
420d4c58-f9cf-4b02-9378-fc5fc58ed90f,2021,1180773,A
c4f7af1d-2ea2-4c23-b242-d39194794d3c,2021,1180773,A
242cbabd-a8c9-4117-9402-dcc6d9f058ce,2021,1180773,A
f79a3950-456a-4c9e-8c9d-b6c0b3a71b57,2021,1180773,A
32d6e9bb-7393-4ade-86d2-bcc86dd10e1a,2021,1180773,A
be4fd398-24a1-48f7-abd4-26fe743e3802,2021,1180773,A
27b6284b-7e54-48d8-9a46-ad3d112b6dfa,2021,1180773,A
9030e3a0-213e-4d79-b7b2-dfcbde1405a9,2021,1180773,A
802f7c5c-be97-4c79-b99f-07c2c8ce56eb,2021,1180773,A
d08c7a72-275a-4584-b484-f69277b297f4,2021,1180773,A
24fefc58-2290-40e7-9fd9-01a1a7cfab07,2021,1180773,A
0e2b8103-457b-4fd5-b058-500ce0f2695c,2021,1180773,A
b6838080-5734-42ee-be89-b62e485e2a51,2021,1180773,A
58ef8350-be61-4e1b-9d7e-c46722b2aa3f,2021,1180773,A
40aa2a9f-6ebf-4a58-91e0-b8d8bea23505,2021,1180773,A
f25bf9d7-9c29-462c-b9eb-689f069af246,2021,1180773,A
6c8397fb-a0ad-49b2-9415-fdc3ad542556,2021,1180773,A
25f9baf2-4c5d-4be9-9439-b8e0739420ef,2021,1180773,A
8239417a-6987-4b4a-9e59-a04704cc9c23,2021,1180773,A
80ed7676-9108-471e-abef-f14f924571f6,2021,1136142,A
40d215ad-6ce2-4b1a-9ddc-ca16d9fef809,2021,1136142,A
ea505350-af3b-4a3b-b02b-45266c6282d4,2021,1136142,A
64234f8e-54d0-416b-bd60-951391655196,2021,1136142,A
29cd009f-8263-40c3-84d2-66c4be1d4524,2021,1136142,A
93c9af51-bd46-4d17-a7c4-ea625a525670,2021,1136142,A
9fa2cd1c-422e-4733-8562-8b6188c17a71,2021,1136142,A
e9b8753d-9af6-4b2d-9cba-c289999782f2,2021,1136142,A
8ea10694-82c2-4995-b1c5-566229bb1bec,2021,1136142,A
cc92a01f-e6c4-46ff-a1b9-f35de1a63bdf,2021,1136142,A
0038a316-d626-4765-ba44-c6683aa5116e,2021,1136142,A
d0c89550-9948-4ea2-82eb-7ac14cc180cb,2021,1136142,A
be1c7953-c834-4a81-9878-f49ff049701f,2021,1136142,A
af683446-5ec3-49a3-b151-b7988225a18b,2021,1136142,A
30186ca5-a434-4470-a6fb-e70ff8f7e26f,2021,1136142,A
a26702ab-4668-48e6-b23b-615ef846be41,2021,1136142,A
2a35f3ae-f837-4513-8dea-e98fa2b98b75,2021,1110857,A
89148098-3442-49ea-9715-3b156bed1494,2021,1110857,A
44d458f6-778a-4b48-a995-2578122b86c5,2021,1110857,A
61b720b9-205d-495f-a938-81c355120a57,2021,1110857,A
7b5ead30-ff8a-4999-b627-7b30115342ee,2021,1102628,A
e0e56f2f-ec13-4a29-babb-504f286f3174,2021,1102628,A
58da7f2a-1d60-4470-8e50-701788fdc510,2021,118420,A
5396830a-acfa-4238-abe7-b120be8a45a4,2021,1102628,A
62fafbf5-b25f-47c1-bc15-d0b7cb6d714f,2021,1102628,A
cfb7733c-d43d-4c91-a5b6-8ed843fcdedc,2021,1102628,A
487192c0-989c-4eb5-9282-650903df4bcf,2021,1288839,A
628f1f57-5ea2-4236-95ae-cfe841fcf16b,2021,118420,A
c1682f08-f696-47e6-b90f-59e57340047c,2021,118420,A
397be5da-81f9-422b-838f-5cf74c6dae9e,2021,118420,A
353eee03-1a21-49fa-997b-2083f7b84177,2021,118420,A
e468a35d-da7d-4d53-80ee-ba6ec653c8f9,2021,13401,A
1daa77a7-b973-432a-9937-f2d42606b704,2021,113455,A
876bfb46-fa7f-407c-80ba-a9e102ec95ab,2021,113455,A
969f1a2c-46ea-4fed-a96c-37630c9a953a,2021,113455,A
a0c43326-a80b-4f8c-a8e3-9f7de5a73275,2021,113455,A
1dba8234-4f28-484f-9f3c-58e1c58ae011,2021,113455,A
d0db7c38-3f87-49c7-a139-cd0aa43f4016,2021,113455,A
13680ac8-6e09-4d5f-a29b-fe09beb0c4f5,2021,13401,A
7cf2d611-8487-4ba3-af31-4e2721fd1d7d,2021,1110857,A
155b9a24-a133-4ea5-8504-88010e52dcd6,2021,1110857,A
27de8ce8-b741-4aa7-8e97-f123df76d354,2021,1110857,A
f8a87212-b67e-4277-8121-76dded365bc9,2021,1110857,A
0943e340-0f25-48e2-b4f7-b3d6566d8fae,2021,1110857,A
7a376c9c-56b7-4ea7-8721-bb1abfb7b158,2021,1110857,A
aeed279e-3545-428f-9114-4c5d0e7d7c35,2021,1110857,A
4523b6b3-9f53-462d-8bb9-07ea5b250e3e,2021,1110857,A
4e8ec64a-420c-4953-8dfb-fcf5c60e6dac,2021,1110857,A
4328a982-2f8b-47b0-91c4-14af0e9879e4,2021,1110857,A
1fc630a4-7c67-4f52-8ada-e86e6204f07a,2021,1110857,A
bb686817-8edf-49f3-87b2-0af52635d8c0,2021,1181327,A
e5be888f-7cde-4bf6-90c1-c3e8f5144c61,2021,1110857,A
12277312-b623-474d-91f9-12a13ee73171,2021,1110857,A
231e219a-921d-4b60-bfe8-ebcbbbee871d,2021,1270680,A
92869da4-bc69-4295-884f-b111bbeb86b8,2021,1270680,A
a68c2eed-5500-4588-b13d-8232c8c18d27,2021,107360,A
75f90569-f2e9-4dd3-9495-105ac9f805e5,2021,101830,A
c84c7b86-183a-47c2-a602-c98e7ef7b811,2021,1181327,A
87e4f655-43ab-438d-ba9f-a89e4e8db641,2021,1270680,A
63cdb24d-d466-4a84-84ab-05255e146515,2021,1270680,A
7f6f6ae1-121a-4e64-b120-f047e28d4918,2021,1270680,A
d6d27b2d-ef2a-4c51-932b-3473ca00d7ee,2021,1270680,A
66a73296-28ce-47db-8c29-a1d1d70a9627,2021,1270680,A
6c386236-efeb-4aa9-be9d-b2e1ec55cae5,2021,11554,A
1921fdde-ae36-4199-bd84-4047c047576f,2021,20933,A
99396d6b-0999-4293-ac68-42e2070831b5,2021,1299927,A
61db9ae2-3cda-4f5e-9a0a-a107ed8d0190,2021,1132918,A
e780602d-c96c-445f-9a44-f3373b4476c6,2021,1132918,A
5c17e4b9-8ba4-44f3-8fe8-36eea576a361,2021,12025,A
cdc284b3-b83d-4ec8-8de1-73e8875292e0,2021,12025,A
0694f4b2-4b52-43ab-a321-ebdef8864b5a,2021,1270680,A
3f837baf-8357-4fb8-8942-5e3f9985439d,2021,1270680,A
453879f7-4c6b-45fc-b649-19698a2b9ad3,2021,12025,A
6f7d3734-54de-4900-ace1-c02592e18b34,2021,12025,A
ab070fa0-adef-4f0d-af0d-fb68446a0e60,2021,12025,A
ed3d3820-9ed0-4ec4-bbaa-b11560c27d0f,2021,12025,A
0cde9b2b-8dda-4a14-ac61-02a39189012b,2021,13277,A
0aefa9b5-1211-4e9b-a1f6-b55a3e975af8,2021,13277,A
7db59d53-8ab0-4c56-9722-5bf147be9e19,2021,13277,A
84a89a65-a744-4a1a-8d6c-f5c08aa3c08a,2021,87396,A
afb90020-56cf-4114-8f67-e4d523d75317,2021,87396,A
d0e47222-ad6b-46a9-b6dd-8bc3d71ee14f,2021,87396,A
be9ee5da-0a1c-44a0-908f-05bd69d595d5,2021,1118057,A
c226a9a6-36b2-4edd-80fe-cf9685c08cec,2021,97778,A
4b0bdd42-d80f-4f15-a098-412af4947eb8,2021,113687,A
704c3e0a-3075-4338-9ea0-b0d34d62381d,2021,1314243,A
1299404b-7266-4cc4-b543-2ebbfe91ec67,2021,1314243,A
40b34ee7-b16a-499d-af1c-cdadf8d4d4fb,2021,13401,A
ed7038fd-ed2c-4299-8604-cf5aabc12734,2021,98665,A
d8926f85-3dfe-42a4-b6ca-afb85f167379,2021,1300429,A
3e2b6c24-7e19-4742-aa0b-69dfc4713f69,2021,1272079,A
b6f4e0fc-f31e-4ba8-8097-aed35fa3ab43,2021,1272079,A
862fe1ac-c2e6-443c-b2c0-5d1cff6b33f8,2021,101942,A
476125e8-2854-476e-a35b-af4d05b362c2,2021,5000135,A
15661b78-2e05-4e6e-8f75-c5e02327fd43,2021,5000135,A
b8c476d4-5b29-4114-a8ca-b5557e7a57de,2021,1270680,A
8e56ca43-dd46-4a18-8aa5-59935a2d0ef6,2021,1270680,A
b847ca89-2e5c-4070-a370-646fab4c17f8,2021,1270680,A
768736b1-f08e-4bf7-8f63-9ebc37868176,2021,1270680,A
68dd6174-4a38-4028-96af-f112fe19f5ae,2021,12025,A
6cd9ea1b-f2ef-4b7f-9019-ecb5e6b81eb9,2021,12025,A
047330db-bf2f-4182-81b9-693970568010,2021,12025,A
1936dbda-78d7-4b95-b0a7-3032a15eb81c,2021,12025,A
7f1ce276-38ad-4394-a43f-c159dce6ecec,2021,12025,A
c598a3d8-f4e0-4e64-9ea0-0d962ab37fde,2021,1101244,A
22b84737-4ebc-4186-8c00-440e0ffd21f6,2021,12025,A
a4bd809d-dcf8-4618-bd6a-ea65f6ce9b24,2021,12025,A
1b47a0ef-1c7e-44b4-a68e-8403a1ec1509,2021,12025,A
a988cf31-a42e-4f12-b713-f7cfc23becf3,2021,12025,A
347b35e6-84d2-40eb-9b96-03f75d827180,2021,12025,A
9293bc40-8f3a-4469-824c-12699d645209,2021,12025,A
9f1de357-bd58-4209-aae9-4f695c3388fb,2021,12025,A
2cb51bfc-2620-41d4-99cd-528bdd4cf0cd,2021,12025,A
e26c6acb-4a3c-44c8-9bcc-4ccf2c93aeff,2021,12025,A
482fa30d-82e4-44a9-b7d6-23c916792e5c,2021,12025,A
e7dbfdfe-7f3c-42ba-8543-130d6d60a83e,2021,12025,A
2db4392d-8f1e-48db-b278-ec5265557909,2021,12025,A
af36ecf7-1756-4c41-a6ae-37485726abcb,2021,12025,A
4c6b0430-5fb5-43fd-8272-901b4159c40a,2021,20239,A
18e7cf3d-1dfe-4677-9700-e05861d419de,2021,20239,A
bc5c2958-be92-45f0-b068-0a27dd060d22,2021,20239,A
b0b4a3f6-fedc-42f5-bdec-85852205b469,2021,20239,A
c5e1e331-9085-4f31-8e59-16836723e149,2021,20239,A
34086910-babb-4b92-a897-8ad2616091d2,2021,20239,A
ab01a696-4631-4b05-a386-5c6c38ec8200,2021,1190071,A
faf0f090-12ce-4fe1-84e5-9b6bfe481e3b,2021,1190071,A
4795e066-a859-4720-9ead-f2398a3dced6,2021,1101244,A
e15b58f4-4603-4b33-b9d3-38c93457113f,2021,1101244,A
5932a9cf-3671-497f-be20-ca658cb5eeac,2021,1101244,A
ca35cdef-0152-44b2-952f-b9779eed0571,2021,1101244,A
cf4d5cd9-9f5b-45ca-8185-61f6f494f167,2021,1101244,A
c8c2a95b-8386-4fc8-b2d9-5acf105f2929,2021,1101244,A
b7fbaeba-35c9-4a30-b5f2-43ae95507650,2021,1101244,A
b77fb220-5eb4-4392-a7a8-aeaaec9a3380,2021,1270596,A
8fed14bd-7d05-4d9f-abcc-fd0346b3b688,2021,1270596,A
b04fc28e-c2f1-4c03-8f3c-4b5c897d176b,2021,1270596,A
121268aa-d57c-46a2-b779-a5d168e9e77b,2021,1270596,A
317c3427-3e31-46df-983e-8d5bbb16f312,2021,12025,A
e59fd873-b211-434a-96df-cbf69bf4b20d,2021,12025,A
4e1cb8f9-b116-405b-bdc8-05b856bc8c2a,2021,12025,A
e1513763-738d-4d37-a236-7417db1c58bc,2021,12025,A
6a191878-9517-4785-a048-eff03aa9152f,2021,12025,A
a2409d5c-0561-4ca5-99d8-e3758c2161e5,2021,12025,A
2af8a0fb-e528-4325-87b7-f419dba03ea0,2021,12025,A
c956443b-82be-443f-a0e1-369aebbf4ac7,2021,12025,A
b2744598-069c-490a-8f9d-2a8dde184c5e,2021,12025,A
1e711b36-5e1b-4c9f-ab5b-9bedec37ea65,2021,1270680,A
a85aa0f0-9882-4e95-a826-4a70af36e16c,2021,1270680,A
3f18d99d-aaad-4c97-a0f3-1a56b0a84595,2021,1270680,A
e7a144fa-cff1-4400-a8a2-6c185db5624e,2021,1270680,A
2d68ccbd-92f7-462f-96c0-a2f4e24a6506,2021,12025,A
427051cc-27d7-4cb8-98b6-c930d38efdd3,2021,12025,A
2f8ad90c-4ff3-4c2b-8344-f3a12224b8dc,2021,1376131,A
34f21001-0d67-4d53-965a-e2fc457b4436,2021,60886,A
154d8500-81c7-4856-bbc3-f7da725cc7cd,2021,60886,A
70d725c8-e726-407a-a41c-71dbed1256c8,2021,60886,A
99f611f7-84e0-40f5-a126-4c6d7e1ad8b8,2021,60886,A
c44d20ba-6679-4ebe-9471-f44e55f71c7c,2021,60886,A
96d89557-c668-44f5-9f5e-b311d0618b87,2021,60886,A
8efc9612-cd1e-47f6-bf0b-b8d793aef14d,2021,60886,A
c46a66bb-f054-4db6-94b9-c57908383862,2021,60886,A
13a4d0b5-34e5-4e57-8ca5-1cc33a66826b,2021,60886,A
7008f716-de5f-46c7-ad7b-24a101a087e0,2021,60886,A
e669a4b8-f8a0-498d-ad82-fea03498c77f,2021,60886,A
3ee3b3dd-a2d4-4df5-b9aa-2e73f5930c4d,2021,60886,A
e2b4cfa2-f590-4c1d-a9a4-ba84baaecc84,2021,60886,A
fd98caca-6f93-4265-aeb6-a1f69c4a8483,2021,60886,A
b1a2c53c-c2f3-46f1-84dd-157669108e69,2021,60886,A
e3b8436d-7c15-443d-9b47-7c6a681f1e77,2021,60886,A
8546c279-0690-404e-b0de-9a9b74fe3102,2021,60886,A
fd82fb9f-c3b1-49ba-a057-10fca88eef2e,2021,60886,A
9972b9d5-7432-4d95-bd14-4c354f773866,2021,60886,A
c1833bde-fd2c-44ea-95a4-e906f117bf3b,2021,60886,A
c1417c06-cb3b-421e-a74c-71ec217f6cfb,2021,60886,A
1b5cb435-6002-449b-8d2e-44ad5d8de032,2021,60886,A
4517e645-24a6-47d0-807d-e5fefb29d2ae,2021,60886,A
3a47a7f6-1282-43fb-83d6-a6c2b8053a78,2021,60886,A
9c8f43ab-ea6c-4792-b4da-b76973a78515,2021,60886,A
d3125743-46ee-4ba8-bf09-24d8ee62cd74,2021,60886,A
ff6dafb6-920c-42b1-a5d5-11b771772592,2021,60886,A
12bd145f-8abf-4c01-86e2-b5338992332c,2021,60886,A
780ef7d8-4469-4119-b487-fbb4d5a5a291,2021,60886,A
9bc1fd90-bbc6-4a58-9b3e-dfc30779f627,2021,60886,A
197c305e-f2fd-4b7b-bf25-257b3655ac01,2021,60886,A
f373e03a-273d-47ba-a792-19b4a5027aa6,2021,116770,A
c4958903-ce5b-4755-bcac-8317c28764b1,2021,60886,A
6d4a0a95-97f1-4fa4-90cc-30bf8ddd2b9a,2021,116770,A
2e84829e-7b4d-4646-888b-78f6f3239c70,2021,116770,A
ab7533bb-d06e-478b-ad57-cc9ea73c1ac0,2021,116770,A
58634019-bcb0-4286-8f3c-24684b5e0381,2021,116770,A
9aaef807-1af7-445a-ba4c-30920595f499,2021,116770,A
01157af0-e206-4f6c-b637-a5316c3fc9bc,2021,116770,A
9b2bae74-ed67-42b0-aa08-ba85b17c3beb,2021,116770,A
e20339e6-35a5-4d65-a277-048b8e015e1a,2021,116770,A
29b13767-6725-4e8b-aab1-5c82756826bd,2021,116770,A
cf39130a-7232-4cee-82f8-19e8bcdb48c7,2021,60886,A
6d4611f5-e724-416b-89f7-a01438f07caa,2021,60886,A
ca2afe32-f553-4851-a0f5-fc5603312738,2021,1270680,A
769f071c-2de5-41b6-8b16-f74364c35ef9,2021,1270680,A
e0684f6a-bfe7-4c71-81c3-75bac154eb20,2021,1270680,A
239ff25d-a81e-496d-96cb-1a3c581061bb,2021,1270680,A
692ec3ea-dd53-4f03-897f-87883bcd8ce1,2021,1270680,A
02ed18a2-6b79-43b0-b85b-6cc26013c6f6,2021,1270680,A
78c8107a-03bc-43e4-a9dc-8b976a6f5927,2021,1270680,A
a9ea75cc-8d27-4534-a253-520c9d28012c,2021,1139692,A
1b8ed287-8d0a-45a2-bfc2-761677cad9f1,2021,1139692,A
82f9f5e9-30cc-4b7e-9ea8-214f99b4d4dc,2021,1139692,A
f19d2f48-7a03-4f8d-b820-92e3cfa45a6f,2021,1139692,A
cd764566-63b2-4349-ac1f-69c3c4058ff5,2021,1139692,A
ad1d2755-2ae3-4ee3-a5fb-41d44889141f,2021,106167,A
cc75b712-173b-4f70-bcee-c0407dd1373e,2021,106167,A
c8ebfd87-a329-4389-b871-e16bcb9043fd,2021,106167,A
47486950-130d-4f86-b183-1b12999decdf,2021,1166783,A
ad3a4326-eb20-4912-9116-91cb909adc08,2021,13980,A
8117a87c-17ed-4012-964d-cb5c53007698,2021,13980,A
a0ef8351-7b88-46d8-933b-c3343d2fac9d,2021,1330347,A
ed220a48-60ab-4bd3-9997-ced8719c5be0,2021,1330347,A
b98c58d9-a0eb-4352-9918-027be65af4d1,2021,1330347,A
ff26d909-0a48-4ee7-b3a5-db6e6399c566,2021,1330347,A
3c5c2842-782f-4140-b790-e5d5cc36a40f,2021,1181115,A
79b1e507-eb8f-48b0-bd38-ed2ce6e6be0c,2021,18671,A
6f03eff6-b86a-4ce4-ae3e-20989c9e5288,2021,12313,A
c1d244ad-4026-42a4-808f-4d310d70b60c,2021,12313,A
bf876127-f412-47b6-ae62-10f7d7e68837,2021,12313,A
b0db9bf8-bc57-4ca0-88cf-556147d845d5,2021,12313,A
65591056-b9a5-47b5-a940-799f258fe077,2021,12313,A
ec9d668d-0493-4ae3-89c1-69347eb4c4dd,2021,1181115,A
63bafa8e-da07-436f-ad0f-2cf30be8978a,2021,1181115,A
742ed07c-f7d5-4d6a-923c-150f461a8aab,2021,1181115,A
6fbad418-8f85-4be5-ba88-d6550d658a20,2021,1181115,A
5394094d-8f1c-4209-9b9c-751724bd8368,2021,1181115,A
7886ea07-e9e2-4f3b-988b-9cfa5d5b49db,2021,113813,A
4810dafb-7b2e-4ef4-8542-d96565649343,2021,1270680,A
10f62e4f-9f15-4703-af3c-d8b7b0b28682,2021,1118057,A
76a76f3c-2c10-477f-8318-dfc3f0ff4818,2021,1318224,A
ebbafa36-ba0b-45e8-86b0-ebc5200c7ed6,2021,1318224,A
c22ffd4c-0c99-4c60-ba9f-0ae00264d085,2021,1318224,A
6cde4aa7-63d1-42ca-b47e-5ea615cb7dff,2021,5000135,A
004ea6de-baac-4e8c-88f7-290370f6e88d,2021,5000135,A
d6a2a121-a75e-48b4-8933-c9a98e7170ad,2021,5000135,A
53e8340b-e018-4405-9b3e-1bbfba88f768,2021,5000135,A
54dccdbe-061e-4e22-8b57-6632b58639e6,2021,513,A
5cd554e9-36a9-4879-87db-e9ee610c9682,2021,2209,A
a25407d5-e43f-4430-af7d-d43162970d59,2021,2209,A
1dc4cdaf-4360-4633-9337-ac570bf7c7a6,2021,2209,A
ac6e4292-89c7-4fd0-80cc-c09a3d62b303,2021,2209,A
4c870b99-e1a1-4962-81f9-efe347123812,2021,2209,A
c41234ea-a049-4c19-a75e-563c66218707,2021,2209,A
a680f2a3-263f-425d-8888-09389c7cd823,2021,2209,A
8130107f-e4fa-49aa-b133-919e91f81993,2021,2209,A
249019f0-c3db-43b2-a517-94f3da812735,2021,2209,A
3f42fb23-10bb-4126-8f33-a27ff38bf7e1,2021,2209,A
0ae8f3c3-e1f6-4cc8-91b5-845b4d84cb81,2021,2209,A
2a362a22-4d10-47eb-8bf9-9b063be4ce37,2021,2209,A
d52c585e-3752-4c32-b622-fa630b8dd2ce,2021,2209,A
aa99dd66-36aa-42c1-a55f-f3af7adff527,2021,2209,A
a80ebed0-7db5-424e-abd0-47919394cb64,2021,103062,A
c1c7dd2e-6b9a-42fc-8c78-162a53b46c18,2021,103062,A
ea5998d8-dc58-4cb2-ac47-c76a8693172c,2021,103062,A
9fd0c09b-eba4-465d-80c1-e292130b979b,2021,103062,A
6c79361b-bff6-4e5a-b623-8e7544cfeb00,2021,9425,A
c6e88de8-3798-414c-aa01-6a6851a897e0,2021,12313,A
b4ff32a8-9fa9-4f49-b4d8-fd36894c37dd,2021,1118057,A
774d2d74-8b19-407e-b480-d780efeb413e,2021,317,A
4db35c68-cc26-4b6d-830a-a15d77d2f55e,2021,317,A
7b0b0107-5cfe-40a6-82cb-bc204f4c60d5,2021,317,A
ed4aa6b6-8a2c-4813-be19-66bb34632d8a,2021,1102628,A
df44c47a-3bde-46c1-97d8-928d3c7597a4,2021,13595,A
95fe4a4d-2c41-43cb-8a76-807ce31cb5a1,2021,1118057,A
fa8dfb67-5269-462e-9626-ae9fce14e499,2021,13595,A
5dc4f72a-2090-4836-b5f3-c8b6855bf410,2021,108660,A
b893c78a-35d1-4427-8982-025760d1f501,2021,108660,A
ea3d988b-b548-47cb-b521-2b6a0d5b3d34,2021,108660,A
6b3b467e-e9ce-413b-ab6a-cc1b133a6b07,2021,108660,A
6cc4bcc1-def4-477a-b8c7-1b8bffbe2c53,2021,108660,A
cafc16e5-d3fb-4123-ae53-b345ad744115,2021,108660,A
5ce0143c-6080-4133-932c-1ab070c194d8,2021,108660,A
aa71da15-5e75-4e37-a3d8-52e2fd4e241f,2021,108660,A
6d3800f3-837f-46aa-857b-928353b26af0,2021,108660,A
ab6f9726-32dd-4a2b-b74c-7468e8b2cade,2021,108660,A
0b66fd17-4de6-43a2-a190-c6b18f17801f,2021,108660,A
126d9e80-494c-4641-bd94-e1f5871be250,2021,108660,A
c5ca6974-baf4-457b-91bb-e72ab162399a,2021,108660,A
a0edb7e2-0394-4eeb-bad5-82e2c518fed9,2021,108660,A
40732b6e-6816-455f-b482-70909fbf78f4,2021,108660,A
9e522f2f-1ff3-4da6-bd2f-866a190fc7e5,2021,1117717,A
c4740d52-9e7b-416a-bbc9-8e55458053c9,2021,91262,A
17afdd5f-8c0f-4dee-bb14-031e2aa2cecf,2021,62484,A
c20880c0-0821-4db6-8d47-9c418ca3d91f,2021,62484,A
00a6154e-021f-4e9f-bcef-3b9d8ba81ca1,2021,114616,B
e463a4f2-3ad0-495e-97cb-daee58a2ff78,2021,1306689,B
355d9a41-9124-402c-8699-16d6360e981e,2021,1258063,B
146ffee5-61ce-49c5-98bd-8add5bb6bba6,2021,1306689,B
47805c3d-5d3a-4e3f-9e4c-f922db3b9d4f,2021,58808,B
96345f45-a73d-4002-994a-d72dc1d947a0,2021,43664,B
bfe8e39f-769c-4627-bb9c-3ac9c6d63b2b,2021,94762,B
55b9e386-464d-4360-92c6-3e61d3ec1c7e,2021,18683,B
3e51b1e1-0f1c-4ea5-bc46-d5b4e5c70c3d,2021,43664,B
af2abb97-d573-4d2e-a7e4-d8e7687a84ae,2021,114616,B
a5ffc9ec-5a7c-4653-b2be-e10497889b89,2021,43664,B
b30de2a5-7c88-4312-bae9-f04a9cf13db5,2021,19047,B
d034f647-0d3e-4a64-8f78-639b212dfac6,2021,48205,B
99470e3e-4d67-4975-b9d1-9f1db322ab59,2021,1385942,B
114ead5a-5e66-400c-8699-7be6adb2e1d0,2021,106996,B
27ac81fc-583b-4dba-ba64-e5d931bff726,2021,1322390,B
fa5542dd-abb2-4520-b223-2682e5cc4fee,2021,19047,B
09da9ef2-9166-4575-9231-0f2cba634c20,2021,118994,B
eec3d429-3c46-4d95-921e-ec6dfe2c3d2b,2021,37862,B
62c6d242-b660-40ee-837b-8384df773196,2021,1322390,B
ff661242-7977-4262-9ca0-111456d2150c,2021,48205,B
5886b9f9-042a-451a-9eb7-0d473ef74f69,2021,48205,B
e666f0a7-2f2f-49b7-852b-05e67e2d22e3,2021,1322665,B
80c2f8b7-10ed-4caf-bf09-fecd9d0f20e9,2021,47069,B
37adf761-f3a3-4f51-9fea-2e5a91d0e23f,2021,97443,B
64c85adc-87f1-4b0b-b36f-9839081e2f6f,2021,43664,B
74a571b4-06c0-4a5e-8a15-d3fd30e4fc72,2021,19047,B
03b0d662-b114-4817-ade0-715d133bbe54,2021,18584,B
d503ba4e-fd86-41f1-9ef4-21a892e47d4e,2021,48205,B
5b2dc0a4-6d5b-4095-ba5c-fc642f5adf04,2021,106996,B
fc919edf-7413-4e77-bd5d-b7fcfebaf818,2021,83388,B
bc0ba051-4f3a-4c67-b0d0-24f8254a44f0,2021,19047,B
d78c7388-bf74-4f7a-98bd-d029aea0dabb,2021,19047,B
586fe41b-7952-41e2-bcab-9832a3b112ce,2021,37862,B
ece9c2bb-a34f-4cd8-942e-34e47e7fe20d,2021,98957,B
62d51bb4-981f-41aa-a8f6-aa6a035a36f2,2021,37862,B
47ad2c47-9163-448a-80f8-0ededaf80bb0,2021,18267,B
7e7b08a4-71f0-4069-83dc-77f21a954288,2021,1148708,B
e377fbc5-a49c-4e92-850f-784f8a0ab7f7,2021,48205,B
ab0f95eb-7018-4b26-b36e-1b09a1920c88,2021,48205,B
3b3ba061-f551-45a4-bae4-2283e6f5a098,2021,968,B
0f754e1d-0033-4d5a-8171-f8185c24702a,2021,11730,B
d6c91222-d32a-4d79-94b7-3bbfc1f0198a,2021,1258063,B
d34ec122-f194-46e1-be4f-1597ab619d5f,2021,37862,B
c81b1e2d-ca48-4b81-8ff8-187d702ead8f,2021,43664,B
04cea5d4-c4f8-4326-9377-90cda8e25109,2021,37862,B
e47fee12-78a9-4513-bf1f-c40602836c51,2021,40343,B
b908b823-a63f-4850-b2ec-cebe99b36955,2021,1403879,B
0e2a2c64-5a83-4653-b460-93dfc1695179,2021,37862,B
8d891fa3-7bbc-4f3b-b770-d6cdde0aa118,2021,106996,B
63983d39-a670-49c6-a571-0f5c28ece500,2021,88084,B
a332849f-7247-4a0b-9ae9-3fe31da259b5,2021,83388,B
60036611-185a-45eb-983e-f184f4ad36cd,2021,1070485,B
71246812-b07f-435a-8d6b-952be00c7cca,2021,118994,B
66fa0d21-f262-46c8-a01e-fb42006625c9,2021,19047,B
7d553ec7-1766-4154-a60e-5ce4a664a633,2021,1204325,B
fb448e47-ef1e-4dd3-ae56-5aee8f7ba8a9,2021,37862,B
22821445-e235-4f5d-bda5-8fcd7bb1499a,2021,88084,B
576c3600-f0d1-49ee-bc18-08d524caea30,2021,95175,B
4df8ee2a-42fb-414f-adf4-c67cb357ad11,2021,1306689,B
1c2308b1-caa5-4f7a-94b8-8daad77055e4,2021,968,B
e959875f-fc1a-4196-a349-542d235bb10f,2021,94762,B
aa341b52-ad1d-47d9-ac31-8fc64cefc3bb,2021,48205,B
566f6da1-5740-40e4-ad9a-3c314d1e6913,2021,118994,B
37978860-2948-4c63-968e-238c31f69da2,2021,1385942,B
bcfc884e-df49-4cfb-96fb-2345e50ace51,2021,48205,B
2aeb3eec-ea4b-407e-bdd2-e770dd57cc3a,2021,1322665,B
8071d5ee-43fc-4832-bbff-8d75a7ad987f,2021,46377,B
a839126d-8150-4179-9831-a231ef485fc7,2021,1148708,B
546281cf-fbc1-41af-bc07-512af7d29d43,2021,48205,B
1f706321-f590-4f6b-952a-0fcaa9394992,2021,81210,B
da97ed56-09c0-4966-9eba-5b12723d0f3f,2021,40343,B
cd41b5ab-f40f-4c75-8f16-9b105b5cc966,2021,43664,B
d23d9ede-b2e9-476c-ba94-ba276fdaf9cf,2021,94762,B
575c43e9-d277-470c-9188-6c7e6bfd6519,2021,968,B
722231a1-67fe-46fe-bd1a-cbc33ed51487,2021,1258063,B
098fc5f4-1326-46f1-b139-4f9be8317a8f,2021,49071,B
ed5e3423-95bd-4a81-a0d3-dfa4fd28d516,2021,968,B
0cacf192-c4d7-4d2e-afc0-a5caad8bb14c,2021,11730,B
cc96d5c0-3492-4b97-84cd-4f441647b1af,2021,1322665,B
a5cf0f40-535c-4b81-9b7a-0ce60b992dd5,2021,43664,B
24912d1a-173d-415a-8b85-a5545020ada7,2021,104360,B
2d08fa01-92ec-4ffa-83fc-7aba4760d579,2021,37862,B
11ae2766-dda1-498d-8977-9bcfb8a209b7,2021,106996,B
b0b1cbc7-a6b9-4d74-b8fc-6cb67f98cf9f,2021,1322390,B
386cb26b-d974-4eef-aa2c-aa9ea458d845,2021,94762,B
1bc8f9c7-b012-453c-86a4-fa0e0e19b9dd,2021,48205,B
389b37b0-adbc-409a-95d8-451fa6fa1f4e,2021,94762,B
e70ff761-3539-4d46-85af-d283d85c0b49,2021,1376181,B
90f7a79e-6700-4be8-bd9a-8d5f9b41fa12,2021,58808,B
ccc919d4-eb80-43c8-b697-45b10eebf363,2021,88084,B
8743faf8-a24f-494e-a609-0422bd42fd19,2021,1306689,B
5b672c04-497d-4ba0-ba0c-c3224ac6c44e,2021,117532,B
bad24fa4-d4fd-4c91-9d98-9235a00d3558,2021,53333,B
71f0d8e0-65b8-49bc-b543-9993f7816004,2021,94762,B
9b99879e-f88e-4d7a-9e89-e6e313b6ef32,2021,22047,B
51872bfa-bcdd-4b46-a7b2-3403f32ce7f6,2021,55777,B
de2c3e78-8ed5-448b-9be6-17a41a233726,2021,58808,B
71725518-14c8-46b1-9475-5f0d5331772e,2021,968,B
b3344b08-e9e0-4fa3-b66d-d805e0f78e45,2021,49054,B
74f9f376-ea79-49dc-bab7-4f9776786fd6,2021,19047,B
b82585fe-9783-48fe-8622-912cab4679d3,2021,94762,B
ffa0734d-477d-4e69-b6a1-d6148843f3bb,2021,88068,B
f5145f43-15d8-4ab1-bac6-a4341a028db9,2021,20030,B
f8d02c8f-59b4-4dcc-9eac-86dcc33c64c2,2021,11730,B
1847c22f-30b4-470f-803a-55c0df0f922b,2021,11730,B
f7ee6e1d-90be-4574-b5b4-164af4f5de0c,2021,1322390,B
4439ecbf-9757-456d-a304-fc5cf9b425a4,2021,1322390,B
cb97d4e2-74f6-48a4-ab55-6c233c00fd75,2021,67601,B
bb5b07d6-a433-473b-a48c-abd71f5aa119,2021,49054,B
4eee7727-9c22-41fa-bcd0-91afca17a1cf,2021,94762,B
eaba866e-6046-463c-a686-a74bf1b8b15b,2021,18903,B
fde553f4-b815-4e67-a242-effc164aa712,2021,83388,B
dcdeb1e2-d0b6-4113-90da-9c650596ab1e,2021,47051,B
a4362c55-2a04-4df6-9d09-53456896e928,2021,98764,B
4b996a36-f8e6-4fb5-83bb-c7d08c945b20,2021,88084,B
87bf09a3-04b4-440a-98ab-c31cbe7c9361,2021,968,B
1c367172-3876-4a1f-8044-1013dbc4c130,2021,968,B
286c8ee6-179a-47cc-970b-6fdba62acae2,2021,118994,B
c962a974-f10e-431b-9b3c-e99ccab8e680,2021,1306689,B
66b99c1c-4084-47cb-877b-4f83f2f7ce60,2021,43664,B
1f84ad4d-f7d9-493d-8ea3-6bb73e2e7995,2021,1427745,B
604705c7-3906-457f-9d53-e1de8003662f,2021,94762,B
9247abdf-4467-4c3e-ac0a-0e079c2a9c6e,2021,98957,B
11d5e48a-9def-4701-bef1-b003ccd539d7,2021,20030,B
3a2b0384-5771-4240-8dc0-9a551e3745f5,2021,106996,B
2aef5df0-a29c-419b-b407-504a8aaa3276,2021,1322390,B
21d9d59e-5514-4260-9acc-0f67d2f4c8dc,2021,98764,B
7e162335-0a2b-422e-912a-c74379ecd215,2021,11730,B
f78cb534-f802-4156-b22d-e4563baf5996,2021,83388,B
b16e1466-d55a-4f6d-8ee5-53749e16a0b5,2021,1322390,B
2d69e4de-25b8-4270-a898-ec9cc939a540,2021,43664,B
e54aeb58-bf51-4f0b-bd61-37b3da5c21eb,2021,1322390,B
4faec98c-e0e5-4315-b0b6-c3e4e76be78a,2021,58808,B
7fe82823-7e14-4586-bb2c-61243d1d8a39,2021,94762,B
207f68f7-9780-45de-9d28-abd56bdb9cb3,2021,20030,B
21608a3d-ece2-421a-b853-106f85ac15f6,2021,98595,B
23b619c8-b981-4450-a154-f47dfee05b17,2021,37862,B
5fb63ee6-9d7e-4f70-b415-7952b6ddeaa1,2021,88084,B
a0ad12a4-91be-4868-bf92-e33d26e58bd6,2021,20030,B
8126a1b0-4cf1-428f-990f-04493d91cc71,2021,37862,B
0714fadd-b537-4cf9-850c-433e74dac545,2021,968,B
edf9c9bd-4d42-4f57-b2a6-461e3bce9936,2021,106996,B
2c1a755a-2f73-40d8-8193-ad68b77f775e,2021,37862,B
6f759dc8-9b2f-4ca6-91c1-a54ef474318e,2021,18683,B
8f2d701d-3218-4d21-a3b7-90aae95b2e3b,2021,37862,B
3d173656-ad54-4979-a89e-f30c8eddd28d,2021,20030,B
9e226a06-03cb-4af1-a407-7e7515ad23e6,2021,1322390,B
81b3694d-3376-43df-92e0-9a3a3a8d5c68,2021,94762,B
16de3eb5-1f66-4f36-b430-30bb95660e5f,2021,94762,B
dfbace02-2726-415f-8b2a-56082fe5c65d,2021,37862,B
b07b1194-7bc0-488c-a870-7e52c4b4a9ab,2021,98957,B
8569743d-9c50-403a-8fc8-73763be48b25,2021,20030,B
a7c25002-18b9-4bc1-8e94-859cf67b22e4,2021,968,B
8e5f9c5a-9b07-4d4a-8f0e-cf0399e19e88,2021,968,B
e7b7d329-f1dc-4650-8e05-9fe59e6d36a6,2021,968,B
7e80b36d-7b50-48ac-9353-c39122113db4,2021,106996,B
008ac5a4-3c24-441d-9334-292bfaed38ac,2021,1322390,B
22f2dd54-b91e-46c6-93d1-55b6f04afdf8,2021,43664,B
85365542-af3c-4f3f-b6b2-341cddb71ace,2021,47051,B
fcd32dd7-3f02-4dd8-93c7-c32824e4c36a,2021,57612,B
dfaa9d40-e960-45b7-9230-af25126081ae,2021,95175,B
916840a6-d139-46e3-a5ec-acf2befa15d9,2021,47069,B
d2c93e7a-8fbe-48e2-9232-1d836da31fd7,2021,11730,B
54564450-be87-4a5a-8164-3d887f37a326,2021,1047907,B
9bb4cc90-d5ea-47db-b00c-b96d3d2b8c26,2021,48205,B
a6cc4e4d-4033-4366-b623-9ca52a82ebf4,2021,94762,B
340756d9-b04f-4b12-b993-dcad1494fc11,2021,1322665,B
9bceb0b8-5feb-4433-9934-526a7447df65,2021,40343,B
63d4805d-cfd2-4b98-950e-f72a4fae36d3,2021,37862,B
45ae6e38-4e20-483c-ac0b-52bdb2e7a459,2021,118994,B
0009fab2-469c-42b4-8b4a-b0ade750079c,2021,73140,B
5c0290a0-d02d-4e95-adf8-347a08861885,2021,1385488,B
5f55826b-7034-4b6e-a2ef-804c3c816fc7,2021,1283028,B
21452f74-d01b-44d1-82c5-d6bfb6806219,2021,1306689,B
2abafd98-8604-44d8-88d9-5155343752c8,2021,37862,B
3c1d414f-99ae-4c51-a177-cac4580c07d4,2021,37862,B
e53eefdc-4c29-46dd-8f3e-fba01eed05a1,2021,88084,B
1483b1a9-830b-42fd-aeb3-c98c7bc45913,2021,1070485,B
d44a861f-2c0f-4478-a296-d328efbef672,2021,74737,B
3a93b07a-8419-40dc-bd8a-5637cb52d9d6,2021,19047,B
2a600ef6-b7a6-4c03-a6f7-42cdd131a3c9,2021,20030,B
9395e016-79bf-4588-8235-7e8d6309e8fd,2021,98957,B
f4671834-6b3b-43ba-99f8-2446d5954879,2021,118994,B
eee845d9-0353-40ad-95ac-9c448d293bce,2021,94762,B
dd2fc816-04f6-4f65-86cb-d36610a09a8a,2021,68930,B
63e1b1a5-f244-4483-b9a8-e4faadd052b3,2021,1322390,B
eb5deac2-7289-49e2-9d0a-3a2e48212b8b,2021,968,B
c08d11f1-74b4-484b-90fe-1aba984fd9ff,2021,94762,B
b4bfdad1-8ab0-4651-ab4f-85078181e9ea,2021,53333,B
74b83bed-391d-421c-b4b0-7a6f132ae517,2021,968,B
48d3292a-dd7f-49e7-9865-41591f1995b3,2021,48205,B
1269f087-77ce-4892-8bb4-3c22003afebf,2021,968,B
5ee47194-6ced-40f2-ae0c-f0d03ec5dda8,2021,18683,B
f07fd82a-c8fd-47e0-bb33-94971aa1ca08,2021,106996,B
b30df266-42f3-4c7a-be6f-50ceaa013b50,2021,9440,B
b4a4913e-e9d7-466d-92a9-b272573ad240,2021,118994,B
3f3b06c8-4eb5-4f27-a319-cf7beab2cc9c,2021,58808,B
bcad1fed-9286-4836-85d8-d3ed52654565,2021,94762,B
ca1cb3fe-5d9c-4d64-bde5-36c287be874a,2021,43664,B
8b1140e3-482c-4281-81a0-ed31660dc765,2021,968,B
3c0b43c1-797c-4fd3-9630-de36d684f0d6,2021,1108692,B
2f4223e4-386d-4932-b8d6-7f358b1fb2f3,2021,37862,B
4c49953e-238e-4f78-a3a3-d2e093db2270,2021,37862,B
fb7cd24f-d424-4b63-b70e-6b2acd8acf30,2021,95175,B
5dac572f-b62c-4414-ac3c-b021a40ecd15,2021,94762,B
d42f1ee7-f490-4ff6-8478-35a9209e44de,2021,1047907,B
61b30519-8b2e-4d06-b131-8c09342f5205,2021,47505,B
aa2993df-60da-4635-9a02-fde62a760b97,2021,20030,B
6cb2f027-2c23-4c6d-8b97-369fa10575b4,2021,64664,B
ac233106-7698-4441-bdb9-7ede0d307a44,2021,97443,B
b20b68c7-cd95-470d-b140-d843cac73012,2021,37862,B
39ea2caa-cc12-409c-8dc9-88b51a2cabd0,2021,48205,B
aa462c83-a776-4fc4-b0d0-bd57a1763492,2021,1148708,B
a7caff6e-633e-4c46-be3d-dd3fd7dd9af0,2021,48205,B
fc8fdaa0-7127-4444-a8b1-a94c67d7442a,2021,968,B
8da01efd-d8da-485d-8762-f12c4f3b21d0,2021,98764,B
06910c67-808c-4265-88f8-e5ba506ee1c4,2021,114616,B
0eac2684-449f-488a-9321-4abf7c372b2a,2021,55777,B
03c81bd9-b8c0-4a3c-bc1d-ee4eed314261,2021,1203177,B
0624f117-551e-41cd-aa48-67082911259f,2021,968,B
5f7094e9-082b-4639-a312-5d2c60b06d88,2021,98957,B
45af82f6-2509-448a-a895-484ed5d87bcc,2021,88068,B
ae6a645d-8bca-42e8-a611-f69be362fb71,2021,46377,B
d62f8df4-bfd6-4277-869f-3449f5e64763,2021,1258063,B
55603efe-dec2-44b1-a07b-847ef2374efc,2021,1283028,B
bb4f6034-461d-441f-9c6b-1e29f17866d2,2021,58808,B
223b1974-fb41-4a7b-8a39-3f236db4d27a,2021,43664,B
d7cc2d4e-41b4-4114-a706-621e1496aa98,2021,49054,B
b6075493-b5a4-4ae7-86e5-c05b1fba0875,2021,83388,B
c5f1bd62-9551-49f5-a429-0a91f4035f54,2021,94762,B
e2aae60a-02e2-46df-843a-656a4b4a2f78,2021,94762,B
76a11cdc-4bb8-4194-836b-4023a54c2d29,2021,94762,B
dd6d9eb0-7df0-43f7-ac15-8680846d5d3f,2021,83388,B
89033430-0512-49e2-bbb8-c47281f2d8ce,2021,1322390,B
529b1bd6-5ffb-4b67-983d-e2bb02ad0b85,2021,1306689,B
dabf42ee-d101-4be0-838a-9c377d70d545,2021,19047,B
a97d670f-4733-403a-8204-a6469d48b1b1,2021,11730,B
7e404c5f-b921-4f89-81a6-3017b46a5990,2021,1322390,B
82595a38-03b2-4fcb-9c8b-3a35fc08c0a4,2021,968,B
feea1418-6464-42ed-bc26-31caf673b261,2021,11730,B
93aae8e7-ab8c-411c-93d0-542c4549cb72,2021,104360,B
e88a4b90-81ac-499f-9332-fcf3608dcd54,2021,94762,B
1f060276-5fe3-4148-91a0-736d2d7886e2,2021,114616,B
f08bd29e-48a8-4f1b-90b7-a62424fc044d,2021,968,B
7e09c460-9c20-46cd-95c7-65427536fa7d,2021,1283028,B
db3ffa48-6516-44d0-b024-a0da404b2005,2021,67092,B
ceed6d56-3ab9-490a-ae26-0da648f6e3f9,2021,968,B
6c19ea7c-90f7-4138-a182-1ae0dfe8dc12,2021,1376181,B
755b1505-d00f-408f-9532-30b38d567062,2021,1322390,B
e835d8be-5de0-4369-afe3-19b2181a1352,2021,968,B
ff44a14e-7ab3-4855-a382-c259bc9ad066,2021,94762,B
4a9f5691-e0e4-4bf0-a106-f61c08182d0b,2021,1148708,B
98f438a9-81f4-41d7-be37-55768f2da0fc,2021,1322390,B
19eca5c9-5c30-4f40-b8e0-e06878fc8bbf,2021,107920,B
98fde7d1-e9b8-4da7-bd14-22b8636c2bd9,2021,18683,B
c9977219-7929-4d72-9354-dc8a2fd262de,2021,1385488,B
84b87846-65c0-4d2f-b6ba-8dca5f9cf0e3,2021,20030,B
c8909e56-f794-4d1b-84b9-cb6c53d7db26,2021,1403879,B
e6ac12e1-f845-4312-a6f9-d62fd73bcc3d,2021,1385942,B
fe8b1c62-f40d-403e-b6c2-781a0422d8a0,2021,22047,B
2efe5f0a-eae9-4a44-b5e6-f16d17c6c2ff,2021,106996,B
e91fd672-569f-447c-a724-d8361c5db02a,2021,1047907,B
46577333-196b-42c6-8aa8-4c8c1385d74d,2021,114616,B
61bed090-8487-47b9-be76-43bd5d988879,2021,968,B
dbacd763-7931-453c-908f-ef114b8bfe2c,2021,1322665,B
4d04ca64-4fb5-4b86-bddd-7bf633a3d558,2021,1032473,B
9a1e682e-d81c-468e-b4d4-7fc286f901dc,2021,1322665,B
ed02a303-701a-4d3e-a562-e7aeb5cf5d87,2021,46377,B
21a954a4-551b-4b4d-9d1d-62edd07202a6,2021,1204325,B
a9318bc1-fbd1-41f7-adec-c1a5459a8c7d,2021,20030,B
5fc07215-1108-4260-addf-bb7baa715c98,2021,10515,B
296c151d-655d-4c60-b3de-c5c6e5153f0a,2021,1385942,B
ce7c2f72-867b-4bad-84c1-6ae8b28029c3,2021,19047,B
ee211713-f7d2-4008-b83f-0ec73afb0ac2,2021,1283028,B
670340b8-5cfd-4a9a-9b18-06927f4068d6,2021,81210,B
8b1669fc-210e-4894-917c-58a77041e54a,2021,94762,B
279f3a1a-15e6-4a69-aeca-5891cf8ed904,2021,968,B
d5dc9d1c-04c3-475d-9785-7dd000683d43,2021,1306689,B
e3809781-8767-489b-a1e3-828922b96f13,2021,1385942,B
e1e4af78-18b3-4ed3-a944-4e44925ec492,2021,18903,B
5248b038-b802-465e-947c-f4e89c802143,2021,59122,B
5203057a-3fdb-4e15-b8eb-37c904fddeb2,2021,1322118,B
ec583c81-6a4a-4f9a-8e32-d5685c3b8636,2021,94762,B
7f8308ab-2115-4a5e-8685-ebd965e44029,2021,9425,B
dce5ce64-4440-4dea-9063-1063451935eb,2021,968,B
2620d0ba-c4e1-4426-86f3-506f679bb8ef,2021,968,B
917cfd38-e53a-4b60-806c-237eb950022d,2021,43664,B
f6dc0053-6748-452d-aca9-a15cce576138,2021,22047,B
158c8618-8c3c-4a62-9aac-92f72f1dd5af,2021,1306689,B
82dfbcae-c712-4492-b739-1196bdb8a0ca,2021,968,B
fd207cb4-b8d7-45e5-b78d-68da54857574,2021,67601,B
ff142438-b6e5-41e2-ad80-135a5c550ee2,2021,18683,B
e905c3b8-b1d6-4952-a20a-f0c288507d7c,2021,107360,B
6aa452f5-ea88-433e-81cd-017d3d30db19,2021,47478,B
c7ca7b8c-6889-4c27-ae69-6b4a6922770f,2021,22047,B
931b6699-bd09-4166-a146-ff255753c8b1,2021,20030,B
3637296b-afa0-44f1-a4de-c69dcf1ab100,2021,98595,B
519c966b-2641-4374-8f34-fb4078d0e9e0,2021,17898,B
b65ed1d0-fcee-45cf-bdee-0242cb8789a3,2021,94762,B
197a5ea3-dc31-4b46-b2ef-8005247af742,2021,22047,B
15cf3b3b-a139-401a-b101-d51f549098fd,2021,106996,B
a7f0fdd2-19b0-4117-b0a7-62f76b0eee79,2021,20756,B
198dbad9-7e88-4f4a-8f26-2ce791089f44,2021,19047,B
eef9e75c-76ac-47c3-b7d2-728c89ed09dd,2021,1161716,B
fe405c56-0053-47ec-8f50-80ba5e24504d,2021,94762,B
f8101cde-bea3-48ce-8cb8-62478018361e,2021,18683,B
963a29b8-49f3-409a-b405-6b30d9d11405,2021,67601,B
4dad9f83-fce0-414c-9694-99294ee7655e,2021,19047,B
cde8b788-2c75-44d0-a1d1-94819878df3e,2021,83388,B
4ac4828e-16e9-472f-9677-396d97144f65,2021,47051,B
cfb6979f-dbe6-4023-8eb5-eb025a62d4c8,2021,50082,B
f4390a17-c40d-4f20-a847-a5afb4cbc14d,2021,94762,B
1fa093c8-6704-4107-8798-1c997d7c4baa,2021,40343,B
cbb58f9a-61c2-4973-93f3-491844dd0357,2021,11730,B
c415db08-fa17-4671-bee6-926c3a26c578,2021,20030,B
bb4234fc-b776-4f6c-999b-463b4298c46d,2021,94762,B
6d8d8d71-ba81-4efe-a04b-78892416c8c6,2021,1306689,B
77068ad0-1c3e-4b5a-97d0-cb8ebb38aa01,2021,83388,B
225e80c5-d7f9-440b-81ac-39c8f277db7e,2021,114616,B
4249c142-5bc7-4cf1-8ac3-0742ac22404a,2021,19047,B
f30df17e-ec37-4aa8-a914-684c7115e9d6,2021,1204325,B
e4480226-0adc-448d-b9ce-08ca3c5cdce3,2021,68930,B
2a74fde9-029a-43bb-bd1e-455dd93c5a3d,2021,19047,B
99e723e2-338d-4783-b673-d92d24d76f68,2021,18683,B
9aa708dd-ef46-46e7-a1d0-a853a62a4a79,2021,968,B
1a933d38-a45f-4983-913a-604fdd46dc0b,2021,1315444,B
38701236-287a-4b50-b5ec-fa8bbd5208a4,2021,968,B
f97326d2-f3cd-448f-b9d3-4a19e90373af,2021,968,B
8fcd2d66-6eca-4833-9186-5c809581399a,2021,968,B
7f33a5fe-13a2-4a46-beeb-efdcc65222ef,2021,10515,B
a2b3ef23-1d85-4914-a280-06563736c9ca,2021,20030,B
636d5067-a484-447e-81c8-434fc1ed40d7,2021,968,B
71523f93-a47d-4af9-bf43-401078ae4f83,2021,11730,B
a7f1f214-5985-4078-a62c-faa2d668237e,2021,11730,B
e8e56176-cb16-4584-ae2f-046a9b4f3d60,2021,94762,B
93e0a4b1-e5f8-4d5b-8966-7c689cc4a214,2021,968,B
bc0be3e5-3339-4445-8678-94868d9c0533,2021,1385942,B
b371650d-d911-4aec-904c-e799a752ec80,2021,11730,B
348e410e-2e77-484f-bb45-8340488dfbb9,2021,968,B
0d7f47fb-0978-490a-9c28-cdba6d79159e,2021,968,B
f10f6f84-3284-42e8-8778-6ba8907c7b02,2021,37862,B
366be1f2-0bfe-429d-9eb3-ad6b0571672d,2021,18683,B
7202e920-fe9e-461e-bdbb-1678a4734aa1,2021,106996,B
7fb7a70d-8731-47ee-93d4-84e84079dc1f,2021,18903,B
04433315-df29-46c7-a88e-06c08de4211c,2021,37862,B
9c5bbe32-b1dd-4d52-a5e0-ffe19b1a3f77,2021,55777,B
4a8e19b6-f58a-410b-953b-f8c62d3b5fd0,2021,1204325,B
e2bbc704-e47c-41e3-86a2-c1d9365ee7a4,2021,1385488,B
87642638-853f-466e-957d-4e87ab7a811c,2021,1148708,B
8ed2c7b7-40d3-430d-8b99-d20693894e13,2021,11730,B
b047d203-6f0e-49d1-96b7-4dee0d509ade,2021,47478,B
aa2458fb-46a0-4d27-b9b5-7a9a52adedd2,2021,1288002,B
6fab57fc-77e1-471c-b422-c4877baa5213,2021,88084,B
af6aba41-9feb-4efd-8938-d63463353894,2021,98957,B
978b06f2-4f88-4089-b7fd-4f256a93add3,2021,20030,B
ee32cb51-df94-4f68-ab69-17605e7c0d8a,2021,118994,B
8fc21ff5-5a44-4a20-9cfc-0302c56494d4,2021,56172,B
1b37d261-7a6a-4c34-887e-7984c13c5912,2021,117022,B
73c635cc-68d3-463c-9ca7-d8521eb72da4,2021,19047,B
f0b4a9ed-51d7-40ce-b064-8054821ca24a,2021,55777,B
d83320eb-4219-4f2c-9bd2-0657f91f1d5c,2021,20030,B
db19e560-436a-48f8-a996-bd2c19404bf7,2021,1108692,B
d82f76b4-8dba-4583-ac2b-a678f780c760,2021,1136142,B
01ded2fd-833d-4105-bdd6-7300d24fc72a,2021,20030,B
406ff3df-2405-4c45-be60-8d695e3b75a3,2021,47505,B
b97e05bc-f8c0-4b60-b5a0-5379daf21111,2021,968,B
b5222230-5e3c-4f27-b566-78eecd027f75,2021,49054,B
fb1b782b-21ce-48c8-b34e-180407fd2873,2021,9414,B
11c9b38d-345d-4a56-b967-ab3148fb3b83,2021,94762,B
e6f91455-e59e-43ec-88b8-54c8f6551a08,2021,49054,B
958a39db-49cc-42db-a7bb-10959c3ed3d0,2021,11730,B
bc84dc5e-2eff-497b-84da-64c05dd75d5c,2021,1322665,B
e35b26af-5515-4313-b049-6b26a6700710,2021,18903,B
73faa510-3eab-4e64-adcb-fcd50f7047a2,2021,57612,B
cdabdda9-0b13-48a5-af2d-337c31365271,2021,95175,B
2ed93252-7589-44a0-9367-472082c65876,2021,47051,B
3e37da0c-13c9-4417-bae8-518114dd2e1d,2021,90030,B
f8cfcb57-9765-4445-bc6d-fb48bb034941,2021,47069,B
f164951f-8846-46dc-b91d-87adabd99c85,2021,94762,B
e687b8b2-a8ad-42f3-932a-559db0e59655,2021,18683,B
5e3a1293-ec1b-47ef-be6d-5042bd565767,2021,40343,B
781095d5-57cf-4188-8e62-626f522db57a,2021,99820,B
f78651d1-f121-4bb3-95d4-49d319b89e91,2021,47051,B
d8241998-f1ab-4980-ad59-42d8a6064525,2021,19047,B
cf6f1a7b-1e3c-4628-bcb5-d2cb6dfdf258,2021,91181,B
175a5bf7-5ac6-4afc-b7f3-7d2653e20ab5,2021,47478,B
4b96dbbb-8efd-4cbb-98ff-7ba2abc4a74c,2021,37862,B
291aeda8-6574-47b2-8c4b-27335ee3fa47,2021,40343,B
d9d2d2e9-2da2-4799-9c3d-12d859fd1cb8,2021,1204325,B
38300c22-cf04-477f-92bd-fb2f69c3a807,2021,18903,B
6aa4acfd-8816-4d13-b953-4258798dfa43,2021,91181,B
ca529419-a0b3-4960-b878-b152740b5505,2021,1306689,B
9dd43ab2-21e1-4ae8-98e0-e7a095d3f39c,2021,1103723,B
d4c3e215-73bc-4022-bdb6-7ba5a7c0eff5,2021,67092,B
ca6c1577-0ebc-4eca-ba69-c5ae76a169e0,2021,43664,B
273668d4-e114-4cce-a2cb-9a32667389ad,2021,18683,B
b3a67445-f97b-4100-b786-5eb4e0f26aa9,2021,102590,B
fa4496a3-c4f5-4241-b3d3-c63853cd06c8,2021,19047,B
219d82fa-128d-4385-b2bc-079e5613cb94,2021,1376181,B
550bb9ea-2449-4e59-8edc-9064f6d34b7e,2021,19047,B
24b4b1e1-6f24-442e-a24f-b02bdabe35f0,2021,1385942,B
36d5b53f-72fd-451a-ac4b-8bcba784e5c1,2021,40343,B
40421c88-4701-4267-9855-c012ae0c52b6,2021,19047,B
f03306bc-51d1-4605-bee4-c8b6ab967103,2021,49054,B
b443c4a6-0aed-4779-9200-54029cc84fba,2021,83388,B
71f939f7-253c-4fbb-a16d-917cdf01b011,2021,94762,B
7890ac54-5031-4207-8529-a7d478e34d4c,2021,1427745,B
0534086a-2b8c-4f7f-b952-dab4c6a539e9,2021,968,B
1a016e34-41cb-4ebd-acf3-fc3f6cf02dc1,2021,94762,B
07a7d7cc-e69d-4694-9d61-319ed6c37d5e,2021,1533190,B
3ecb99d8-b57e-4cad-b800-110c0c314827,2021,55402,B
4f851749-adfa-4620-bdc6-f80035cad028,2021,1258063,B
85b26616-335e-4d4f-b5b8-bc0c43fdac08,2021,94762,B
4744d0de-6381-4a15-8a19-51961fa5f8d4,2021,1288002,B
175021aa-bd99-4d6b-afc9-6e57b080a7bc,2021,968,B
af719e28-d692-4a7b-9139-ced37de46967,2021,968,B
c60775e2-2ea2-45e9-a88e-8a6c467d614b,2021,64664,B
8a89354e-37d7-4ca7-b99b-3ba8a2f2e038,2021,18903,B
9656b091-cc82-4b28-bb06-b12a8a708ec5,2021,117022,B
9fa9bee2-19c1-4194-bed6-90aaf3bec8a3,2021,94762,B
c82b4b2f-177a-4f96-8566-05a647632ea8,2021,49054,B
1da6df36-e969-40b5-accb-76a9b3c65c8f,2021,114616,B
a999e60e-8ae9-44c1-8914-915330a2c885,2021,1288002,B
fd2e177e-5bad-4c6d-94b5-920db2add4b2,2021,1070485,B
d098a230-8ec1-4b42-b7ae-2f86080d7db5,2021,98013,B
c35a6283-2bbd-456c-b6bc-7de456b67093,2021,1322665,B
645824b7-7f88-45bf-a4c1-07f551c290e7,2021,1288002,B
1b0bffdf-581a-4a22-bcdc-51cec881712e,2021,1288002,B
205bab3f-e950-4e53-9f42-9a81faccf9a3,2021,1427745,B
556ccc15-b3de-44c8-8133-6cf170c2cb67,2021,18683,B
17c77ca7-5673-44f7-b003-7bc5da60866e,2021,67092,B
8d03fe8d-d6b4-470c-905e-16d98972bf0c,2021,83388,B
a547140f-fd4b-4d53-86da-42730e761803,2021,10515,B
87330f15-28df-4956-86de-af70a7f07640,2021,37862,B
68412089-7814-43ca-9602-ccaa7c3e27df,2021,1103723,B
7f794402-bdb6-46e5-9da4-32afd0611ddb,2021,9440,B
9c95a9a0-b365-4caf-bea7-4887f4598d57,2021,99820,B
7cb834ba-e3a5-4a36-83f6-072fd4ce31e4,2021,64664,B
076f1bcd-dd43-45cb-b6d4-e31f5e31a4af,2021,94762,B
b64bbd60-1243-45b4-acbf-99ef4c30f243,2021,1376181,B
9607752f-3bb3-4759-9c05-87a39c1e5c5e,2021,40343,B
e562ec03-b98d-4f3e-ba54-4e27b355eb5b,2021,1108692,B
b344df6c-a2e1-48e1-9c15-7a9dcff30ec2,2021,20756,B
9dc69af1-89f6-4003-910c-92161278b593,2021,18903,B
31ee0b90-dcf7-4399-9b30-3676606fba3c,2021,47051,B
f52d1dc3-d113-4599-aa40-0486bf6ed24a,2021,83388,B
29377537-28d9-49e3-b34d-61a945861b87,2021,94762,B
e47d3984-c257-4ae0-90a3-dbea7a4c5593,2021,117022,B
94a86402-1568-4313-aecc-8c6788c52077,2021,83388,B
4a97eb50-0909-467a-9d49-cb6cfabd512a,2021,49054,B
2a7f0183-2992-48fe-b22d-f537ec1c2d3b,2021,37862,B
077310fd-540d-4d22-9010-d0611089888f,2021,56172,B
9b8c94ae-8aa0-4e20-9616-c939622f24a6,2021,1161716,B
bd1956e8-62fb-4ed6-8c2d-40b55d309c6c,2021,94762,B
4b14e354-3499-47e1-a7e4-05b2ad3ee10f,2021,98595,B
5873c7d6-0582-4121-a174-ef82217ba0d6,2021,1070485,B
411e0ccd-195f-460a-aaee-a92ccb679670,2021,55777,B
4c0d1912-f043-4bc9-8a10-cd4cd5165f70,2021,64664,B
37fd0963-24cf-4a91-bb5d-27f34e70cafb,2021,11730,B
f3103f2b-8c01-4f9e-b469-80ed92e66e4a,2021,98595,B
7a467582-3df5-40ec-9163-69f5880acd01,2021,64664,B
1bfd7732-f12b-4bdd-84ce-e1a5e0bc3db9,2021,20030,B
44f66a38-1f7e-41d6-948d-81bb19b8a07a,2021,48205,B
6bfca41f-d7a4-48bc-9737-ed56f7ecb0d3,2021,1258063,B
6826d4f5-e1ad-44ca-9b31-6bb77c797250,2021,968,B
31e07f88-0bf7-4d61-aa19-4716eaf4fcf1,2021,114616,B
0937926d-fa0e-43d5-81ff-114c176d21f5,2021,18683,B
7603360f-5784-4cd0-b0b7-f127d46e90fd,2021,1385942,B
8cef2d75-ab46-44a9-8ccc-f5dedc67988d,2021,1427745,B
9c728ff2-5a37-46ec-acf0-fc972f05b2e5,2021,117532,B
c3a9d4f9-7cae-44a0-a0e8-530e9f8f1f30,2021,20030,B
b974ff6e-6c37-497e-86ab-37526aff3eb1,2021,1288002,B
0866ddbe-4d50-4239-ab77-20753ceaa876,2021,1322390,B
06d20bf0-0bf2-403b-b212-5d27e125ba14,2021,43664,B
fd92dfa3-35c0-40df-a2a3-d8ba9886266f,2021,47051,B
38cc1a59-bde1-4089-a9e3-b88a752b59b8,2021,59122,B
c728ee0c-1791-4b68-8f8e-5cd5c29e1249,2021,64664,B
7ef06b41-a6c2-423b-aa70-130f7b5f706c,2021,1204325,B
c3900f45-47df-4151-8668-4e0d3f38b287,2021,19047,B
19c521dc-7c9e-4c78-b7cc-f13a0bc57cd1,2021,48205,B
09e21221-a6cd-43cf-a0af-940b0c39089c,2021,11730,B
e591e0cd-eba4-410d-954e-05224653b810,2021,47051,B
e31edd34-59fc-4d2b-a6cd-590fbe51b7bd,2021,968,B
2f255634-09f8-42b4-aed1-8aadbc9aa0d9,2021,94762,B
56b656f6-df7e-41ed-8499-3ad0f7153a35,2021,94762,B
891b2f39-9ded-4356-931d-521d154aa484,2021,1427745,B
e868a016-cc82-44fb-8f36-00922dbd636f,2021,18903,B
5976fad2-2002-4bd5-b965-740e683fdaf6,2021,59122,B
b1eb4c04-4cbb-451c-8db5-2ba67079161b,2021,1288002,B
062840de-77ca-4636-9304-f0922d040a82,2021,49054,B
5d9f1995-69eb-4473-b996-2f23d01fd517,2021,1288002,B
518c28ad-df6b-4033-86ef-e0e701eaadf3,2021,117532,B
beb8fcf7-9deb-44b7-b074-358e8d5ac3d8,2021,37862,B
6082dd69-9bc9-473b-a2d2-91c6555832d2,2021,117532,B
04240fff-7601-45dd-9c68-8a8a694d01af,2021,968,B
9e60edf5-795a-4b9b-9863-ade5a6224af1,2021,64664,B
5abaff2d-3898-4aed-86d8-b352debbf6b5,2021,37862,B
b4408ce4-8951-4d24-a0f8-b72e237dbc0d,2021,22047,B
4c0930cd-5914-449d-a546-993b196df7cf,2021,11730,B
2aabf90c-63b8-49c3-9658-2ef32c151064,2021,1204325,B
2a66b64a-8ae5-4dbf-b3c3-a048e62af321,2021,19047,B
55b65115-66de-4bf2-b368-90425845c422,2021,968,B
c92476f4-eabc-4158-a21e-a19b6e525279,2021,37862,B
d6527e48-e411-470d-bb63-8f8d60db427f,2021,47051,B
fce4d207-5095-4c07-82e2-e3e5471dd15f,2021,18683,B
0ea6d126-7557-4160-a48d-05e486aabbe8,2021,20030,B
af039680-e4b9-440c-a4dd-9d3a39d596a3,2021,98595,B
75d27080-31a5-4465-b00d-a7347d76f068,2021,968,B
d6be55ce-49b7-43e4-9bad-7dbeaf55d5ea,2021,9440,B
c96dcd01-fd46-45b4-a96f-1dd318a4c9da,2021,1283028,B
2be20e27-2ccd-4c72-a7bd-e0f7a6791973,2021,97443,B
0852811f-8cba-4ba7-aeeb-c81ff7e6c8fa,2021,47069,B
c3ddc267-8d90-4232-a232-5dead2a895e0,2021,20030,B
4e7c9c8d-a19e-4a19-b13d-a63c11497d2f,2021,97443,B
fea98687-f5ba-4ab2-a4b8-d0b04811a7ff,2021,968,B
40a9a36e-f095-4686-b596-4dcd5fc11da6,2021,1385942,B
3c8940d3-2a9e-470e-a8c4-ff44c531e3ae,2021,55402,B
abd62079-46b7-483e-984f-a296ee63e58b,2021,968,B
61a81be1-5134-4f53-8686-27a994ed52c4,2021,1148708,B
08eb4d29-430a-4645-bd47-0a476453b7e8,2021,117532,B
9236f41e-5765-4452-a2e4-e6ed3f1d625c,2021,40343,B
09f41bfd-f7e8-4014-836e-f6aaf20a306c,2021,98595,B
ab476a2c-5a48-44b7-ba80-d55da1160655,2021,98595,B
9362fc79-0b1f-4cc4-b94a-c5ad1e84b6ce,2021,968,B
45092449-6ace-495e-8b00-8e915c47a68a,2021,18683,B
6e30e28f-08ed-486e-baa3-c217d7f8649f,2021,98595,B
bc56f936-79bf-4dec-92cc-cc17026208b1,2021,317,B
2854220d-dea6-4e53-9997-e5f3f97f94d5,2021,1288002,B
aac4ee28-f5be-4ebf-a49c-485a42f82b79,2021,11730,B
211f1da3-7020-4089-82cf-0a8fb325b5b3,2021,11730,B
8a86a05c-35d6-43d2-973f-184fb7afc365,2021,49054,B
c49d17b4-14f7-4696-8479-8a8c56e3ac46,2021,54934,B
3a6dc0be-3ff7-46da-8152-5618df25fb76,2021,11730,B
e4f48d3a-dee5-4a34-8bd7-236b3d7aeb00,2021,94762,B
4b1a1e78-4002-445d-b010-7cb96e720035,2021,64664,B
907bbe64-757e-4328-a547-b8326d63c864,2021,117532,B
f102cb76-9e4c-408d-b77a-bfb63826912b,2021,49054,B
87cdf2ba-3732-42ad-9651-418097be13db,2021,40343,B
54e1bfd5-ae82-45d3-bd5d-29e75861ea29,2021,21464,B
3014d299-7a46-42e3-82c5-1296f2046ddd,2021,20030,B
0b582847-45ab-4180-b6e6-5a2fd6469e42,2021,18903,B
605053cc-d8d3-4e0a-9a9c-4a52beeb6bcd,2021,118994,B
f3acdcd3-2a46-44fa-8b4a-e4b901a3dc5c,2021,40343,B
db19c27d-88f2-4cbc-acb8-d0a0275bdbd5,2021,47069,B
0a8ac0cd-d7c4-4aa1-8cf8-e35a2cdb4678,2021,117532,B
a7062cb6-1b76-48e3-97e5-386efe880543,2021,94762,B
6dfcf092-b3cb-4d84-aa69-ba44d1d98c34,2021,18903,B
7d87f148-4e76-4b78-a45a-8ad86d9d0e22,2021,1108692,B
73d7a5db-b9d3-4d6a-85d6-c406da47caa4,2021,18903,B
5988d8eb-29f8-4fda-bf76-8449c8723fc2,2021,68930,B
b1c112cf-e27d-4f91-a924-ddab3dd29b4e,2021,98595,B
0b15e264-628f-43a1-97bb-793bbbacbe02,2021,1288002,B
6027b39f-7f4f-420a-8873-12c7cf8b055f,2021,968,B
8b459f2c-bd56-44c7-a636-81bde0df0b65,2021,91181,B
0206a3a4-06ff-4028-b7eb-0e1060b681cb,2021,94762,B
291b83ca-5cf5-4241-b37e-301bc4633e83,2021,56172,B
a454b6e6-111e-4f02-ab94-e5be8a273ee1,2021,1288002,B
80c7ee5e-1a30-4963-9c8d-32c617328ea5,2021,11730,B
661c13f5-b6ff-4950-aef9-865aaf53f156,2021,1032473,B
7a0289e4-4916-45af-888f-39534e066aaf,2021,37862,B
28b95bcd-fc61-4337-8ad9-996fb798ce83,2021,22047,B
67b7e955-4e3c-41e1-9bb7-635f25a356e7,2021,1288002,B
8dc2d0ed-0a4c-4504-8750-f732c131443c,2021,1322390,B
9bf30178-303e-4002-a34f-9933b7c9adab,2021,68930,B
6af3a068-8580-4ec5-afe0-c4612ac4abc5,2021,18903,B
e7b65119-8479-4109-aff6-80a996c6f303,2021,97443,B
46f21308-7f57-4391-8a70-926590736c06,2021,1108692,B
707c5fc0-7ceb-4f27-ae09-49efee2c07df,2021,94762,B
c2fac83c-2e8f-446f-a235-cd460d0178ee,2021,21464,B
16d4a671-54d1-4997-b287-39728f15c65c,2021,56172,B
2a514991-4e2f-431e-89e2-14a59b8fe289,2021,64664,B
19b9ef49-9728-48bd-aa85-7744614624fd,2021,83388,B
017d5f19-d825-42c8-b6b4-ccc488d6d86e,2021,968,B
675a4da8-f458-4054-8804-6e167511b70a,2021,10515,B
f5971487-85b1-4f01-8d4d-c8135901b0d9,2021,99820,B
bdb1f66d-58e8-4209-8aed-65089bf22b0d,2021,968,B
40576703-b662-4063-9d8c-916fd23d1c31,2021,117532,B
85bec132-032e-4a0b-a5a6-8bf4bc2f9e51,2021,47505,B
b3e9ec95-0b0a-4ccb-b006-0971e8759f10,2021,13980,B
3a43cda7-0520-470d-9e1e-94a5d0fe9955,2021,19047,B
6cfc4a33-7149-4497-b2f7-313cfce0fee8,2021,117022,B
7a353c15-39b3-4e6d-9ca2-bb9f772709f4,2021,11730,B
0d82ebee-b3c2-4c6a-8e2e-bfec933bf545,2021,55777,B
ea189300-78c1-4e45-b14b-c4505bdd52d9,2021,18683,B
a3ea3091-b4d4-4ea7-95f1-e42db97ef51c,2021,968,B
115ae890-deaa-4481-a57c-ea3edd2698c4,2021,9440,B
e5ff150c-9ba1-42bd-b94f-00ab1f7fb674,2021,117532,B
1f7821a1-e178-4a16-9017-7a3251f35510,2021,1108692,B
04d53747-3cf4-4474-bd17-8fe2a339faa8,2021,1288002,B
f547e78f-18d0-4fb7-b8a8-b043896537d0,2021,90030,B
975ec1ee-dcb8-4eb8-a738-3c54e4f3ca4d,2021,11730,B
22562ff2-b06a-410b-8f0f-b997c104c94d,2021,11730,B
aff47ba1-34e9-4df8-a7d1-de6b711b893f,2021,968,B
da9bbaa7-7cdd-453b-8663-1c66efd9d873,2021,55777,B
f04adef1-86f3-4c92-842c-b785ed9e7907,2021,49071,B
4707e19e-1b2d-4c75-a85b-4c69dc69edab,2021,49054,B
67671a86-8d26-4bbf-9bd9-9b003b132007,2021,18683,B
7ff74925-72b0-4c86-9602-811c0eba8ff3,2021,20030,B
f0c8c4ef-39d0-406c-a08f-837c785556c1,2021,53331,B
4736a244-6aed-4cf4-92f4-b4a85412d4bf,2021,67092,B
b7426a24-0988-4a94-be06-997364702747,2021,67092,B
82938717-0c76-47b7-9b49-dd50706ffae8,2021,1288002,B
ef7fcf56-f87c-4253-b23a-360bac9cf653,2021,73898,B
ae9c9ea8-1e80-4048-9644-a6813ba1d2f3,2021,73898,B
dc6f3e8d-f621-470d-bc6b-66533f7d2fe6,2021,73898,B
469da576-2cb0-4c44-8a97-aa1a7c4c92bc,2021,21464,B
77891c44-5d53-4418-8112-0c5487cd0c9c,2021,11730,B
4894990e-39f6-418e-8d70-f05b8b3411e8,2021,11730,B
e993a202-107d-4f44-82eb-6d984c4eb05c,2021,1148708,B
3be0f050-a36b-437f-8fd5-0109d1213cb0,2021,9440,B
1516ae73-4573-49c4-97e7-e24f988daf68,2021,19047,B
f68e25e1-8ed8-45e2-93e7-23ed57ecfdd3,2021,19047,B
7c817a4a-cdaf-4262-876e-cdc63d49ecd4,2021,83388,B
6f176a47-6b8d-41a1-a941-e52c91ef05f2,2021,83388,B
e2424286-5237-4c93-a891-f7479c6c36de,2021,88084,B
84602405-be76-450d-aa29-cb1d369ebf7a,2021,88084,B
d2da2420-aa39-4fb4-ba4b-fffcc223668f,2021,49054,B
dc86bfca-26a0-4b5e-83ee-2830b4df7a6b,2021,49054,B
eadc29b0-2ed4-48cd-90e7-fd0db2632617,2021,37862,B
ca19f023-6671-49b8-9a6a-901a83fbb4c9,2021,37862,B
45f8617e-491c-4e17-953e-1ec971f10cea,2021,118994,B
8a35b000-f331-41a0-9a95-401def8052cf,2021,118994,B
1ec88a60-929a-4a02-9322-2c2ea150350f,2021,94762,B
4a3ccaf9-29d0-4705-ad69-4cb14f539aa9,2021,53342,B
af8a5f9c-0ac9-42f9-9bab-9092f9b61980,2021,1070485,B
62705c27-8fc5-4ea5-b77c-c7fbcc3595cd,2021,1070485,B
223dd5e6-57c2-43b3-901f-85629bf68e74,2021,20009,B
73c71100-8eff-44f5-af15-7a1b6522c895,2021,20009,B
e3756020-0aa4-4cd4-a78e-0ae46569103a,2021,1306689,B
71c1336b-a102-45fc-a253-7a03f69d806e,2021,1306689,B
367fe0f4-a766-40cb-ace6-12c483373a88,2021,1047907,B
2be53933-addf-4ec7-836d-2763eadf3eb5,2021,18250,B
5271d116-4f8a-449e-ae7e-d2c9087e04e7,2021,18250,B
7531703c-4d1c-4430-83c6-3525547d2233,2021,1204325,B
4aef33b1-29d6-49b7-9133-80b6b1f84fe8,2021,1204325,B
2390371c-590d-43df-aa24-d1783e2d031a,2021,18250,B
4ab1d771-f0e2-49dc-b0f9-1410a13f03fb,2021,18250,B
b4ca1564-45c0-433e-a7cf-755c1fc900e5,2021,18250,B
12493d8a-0eb5-4605-9872-d60d4ea1ff70,2021,18250,B
183b4eeb-aa07-4ba7-9bf6-18e1bd42af99,2021,18250,B
35aae960-2ff0-45b4-95ba-ed989f0d6f83,2021,18250,B
c4383ebb-9f22-4abf-a608-bcc13f015e13,2021,18250,B
52b8978e-8284-4662-a64a-274042b38c7a,2021,18250,B
381a2632-88f9-4c42-bc7e-05028718a7fc,2021,1042278,B
81b9021c-ac80-4cbc-b0cf-3937548e4b22,2021,37862,B
446a3868-697d-4b44-8416-4e35ddf1adb4,2021,37862,B
95de6642-faf9-4f2d-9457-d1d03dd98157,2021,98595,B
2e36dd6d-e026-471d-b17c-60e253b14682,2021,20030,B
ecab9118-f520-4d9a-98ab-f90945799cb2,2021,20030,B
d21cb57f-61d5-43f7-a48f-fcbc9640d69e,2021,56172,B
ea7dff2c-cea0-4835-96de-ae8b519377d9,2021,48205,B
e9beff9b-a70c-4bab-86c2-a149f5ac76d6,2021,48205,B
ae4f33ba-f619-406d-823c-991af9682705,2021,48205,B
96503c1d-6710-4e4d-b327-d0955124898f,2021,1103723,B
a6927679-b141-46d8-9c0f-3d27d2ca96df,2021,47505,B
16ca2430-ee8d-499c-ae91-93fa02feb39d,2021,106996,B
332b1205-2868-4940-8b43-5d2919bb9afc,2021,98595,B
32d65dee-46fc-41a1-a295-e3ca7e42a8a6,2021,117532,B
685bcfb8-fb76-47fe-9380-456eeb677756,2021,117532,B
8e2b31de-e331-4d64-b9e7-56733976adce,2021,117532,B
5e613ae5-5b78-4531-9b3b-353db74abb25,2021,117532,B
0a8a2fa2-6de3-4521-9742-6c13a2163481,2021,114616,B
17fd7136-18c6-4736-9c1a-a451993f7eba,2021,117022,B
4d4d163c-8be1-4887-bcfd-9b73f0931c7c,2021,117022,B
c87d40d7-cef9-4b60-8a84-78a08621d88c,2021,58808,B
e768b68f-6d69-430e-a44c-1bd07328896a,2021,58808,B
d3641c09-0f1b-4d83-b656-344f73cff73b,2021,95175,B
fc11b5a7-0111-4b9a-865a-4155eefc0485,2021,95175,B
f09fa335-90d0-4420-8e45-f4d2280b07dd,2021,99820,B
437d6f91-43aa-4a0d-8b35-924cb7a29b84,2021,99820,B
0a8b7e3c-8f51-4639-83b3-94470322d96d,2021,20009,B
6d1d7724-de5a-4190-b8ba-7e801fd83504,2021,58808,B
e369831b-6af9-4f3a-be18-deedef2a5baa,2021,20009,B
bca8b4e9-0816-4fd3-8b51-a2ec211b42bd,2021,73898,B
e023afe3-fbc9-45c5-a0c1-9c1900f26088,2021,67092,B
cd3e5548-758a-41ca-9306-5a1253f5680d,2021,67092,B
a2160d40-736b-4082-aac4-435343b04101,2021,98595,B
4b66d3cf-355a-4bcb-b7cd-1fdd64a6a647,2021,98595,B
a4a03b36-d03b-4f5d-9ecd-4208bcc08c8f,2021,98595,B
cd310526-e834-41f9-9f7e-43760b80d2b5,2021,20756,B
805f89d9-9809-43f1-98d3-53c0aa1ea417,2021,98595,B
06afa8af-5c71-4a14-b8f5-6fd5cd5474c6,2021,64664,B
fa56e94d-9a3f-4852-a321-80f7e63b966c,2021,64664,B
44b07896-8a4d-4cc0-af17-af9fdc4c3e78,2021,10515,B
3e44cfa3-760d-43fd-a761-9d4ef73b583e,2021,10515,B
a0465ed7-d59d-46c8-8bbe-9f0c203f5af1,2021,10515,B
048f0c64-8089-4bc0-92b9-dab674c8fdfc,2021,46377,B
6dd7f87d-980e-449f-915e-cb3c848bd8e8,2021,5000951,B
a569f0d8-d729-46ba-9a50-746f2317e1da,2021,5000951,B
0d461f81-4511-49bc-a50e-a57a0385312c,2021,5000951,B
62cdea3f-f640-4928-a259-cd3107ec5b4b,2021,5000951,B
979b34ed-4686-4be7-93d8-499a7acbc78c,2021,20009,B
a98c0e51-3ac7-442f-8199-4973eeb77801,2021,107920,B
bd3d8727-fb1f-4d65-9fa9-3973898ceacb,2021,107920,B
48a6c426-082d-4d4b-a0bc-ff3b01bd3376,2021,1533190,B
54a32ad4-0052-4df2-b9a1-2b945185f704,2021,1047907,B
117be94f-3c18-483d-a0e9-dbfbd2061a50,2021,43664,B
94dac73e-10f2-4303-ab5c-5d55e93b1ea0,2021,43664,B
e3d4f26f-c81e-4c96-a6b1-a2f18fa087e9,2021,43664,B
5b3eed80-6488-42f5-a314-916774f964a5,2021,94762,B
316a4deb-f677-49f5-a4bc-854174e02de7,2021,48675,B
ef9cf642-ba55-4cd6-a290-0c826d3f7304,2021,114616,B
3755b5d7-231b-489a-8c5f-7f79b5ffd3a4,2021,1385488,B
febd56bd-a89d-402d-b31d-4f530351981c,2021,1385488,B
ec015a23-be29-4b88-96f8-d1abe09349dd,2021,47051,B
bf2e0e88-12e4-490f-b1f7-d2d7a466d0ba,2021,1161716,B
42668798-cd00-48eb-b67c-9913d54943d3,2021,49054,B
757dffdb-356c-48b9-8222-efda3dc5fb50,2021,1306689,B
5b557f65-5950-4599-947f-9329fc45ea1d,2021,968,B
cfef4b51-2c8f-4893-9d7a-e3c7ad0e8fb2,2021,18250,B
de59f263-d490-4695-9891-ef537710833a,2021,968,B
bf49a881-217c-40b9-a054-957b4f65a6bf,2021,55777,B
4efcb09f-67d6-4ad4-bf0d-0b7954abad38,2021,18683,B
bcbdc8e2-e661-45b6-86dc-d77bd0c02dda,2021,18683,B
0f7c7630-65f0-46e1-ba08-6a535a880632,2021,40343,B
a491cbee-4cd7-465a-96ad-f007245e649c,2021,5000951,B
f2c1147e-5172-4d83-a554-bd111d61db59,2021,9425,B
88765903-1be6-4fd6-bc5f-7c2f6907705e,2021,47069,C
1a8d415b-9535-4387-84cc-a366e4dfaf81,2021,968,C
90e80a0b-5fa3-48e8-925c-ca93e14ea57b,2021,9414,C
51133202-57f0-4ab6-b4c0-47a43a1ef4d4,2021,20030,C
0ec8bad1-135f-42d7-9787-ebdefbd3184e,2021,58808,C
03408b65-f4c7-47d3-9b37-86e4b81d2675,2021,9425,C
a9f71516-b2ed-4ab8-b740-2a0cd9124253,2021,1300284,C
84c49a30-f2f2-46f2-b0e4-3409cbfbf697,2021,43664,C
f1406106-bc33-46d0-a2e1-39f2c7b83ec5,2021,43664,C
8f1d3902-9f8d-4453-8066-eea69241d2a2,2021,114616,C
5f4591b7-2423-40b8-a4a4-bba7b57e371f,2021,19047,C
643fd9e9-8d9d-453c-90b5-023dee04b769,2021,968,C
77760036-980d-4f4f-bf1b-9afcb23f0186,2021,98764,C
5a2d7265-c3e3-4eed-844c-839c2b8fe5e0,2021,106996,C
e07e2fd0-3a6a-4246-8e56-82d292706dc3,2021,107422,C
29026388-a026-4d22-9550-43a6b1105643,2021,48205,C
5421d99b-b705-4c9d-b057-cae06a668978,2021,106996,C
61d3de58-74fc-48d0-8dd7-ecc91329563e,2021,106996,C
505c5066-aefb-4b41-8438-a022fd04077e,2021,107422,C
4994fc2b-6a3d-400c-8d63-ad0d3f644d42,2021,106996,C
0c1c624a-9169-4549-92c6-b1956ed9c5e6,2021,1070485,C
0f11f165-4528-4c60-837d-73b0d7d6c089,2021,74737,C
7d09d0fb-e406-4908-96f0-a2b7f8565faa,2021,43664,C
7fe898be-13d6-4cd4-a22e-1160b3be26c0,2021,58808,C
77ddc521-ef86-40df-9aa5-12360be8a3a1,2021,9414,C
c8cfcb30-2a6b-441e-ac67-7dabdcf26c5f,2021,48205,C
00f23a83-1cab-4337-8ce2-c16db28af02d,2021,9414,C
e77b03eb-26fa-43c7-82df-e49aba505959,2021,91181,C
1cbe7db6-95c2-43b2-8996-ade48a826962,2021,95175,C
4eed7647-ae7f-40e3-949b-30ebd43c8f31,2021,9425,C
1fa43084-1da6-4d87-a0ce-97ddadb14237,2021,107422,C
25a3363f-0cf5-493d-bea3-519594c48949,2021,106996,C
95b0a62f-4dee-45f3-98d6-4fd2367bc1eb,2021,9425,C
0ab8a418-f55f-452f-ab2a-e96c068bad1f,2021,48205,C
0d6bfb0e-1139-44c2-93ec-ad68fa66438c,2021,49054,C
5e11bfc2-6af6-42f0-b5e3-f0a3b6ee9468,2021,58808,C
018defd6-e2c4-4a83-9bd5-ee6ce678fac7,2021,1322390,C
ce1f494b-95dd-4bff-b488-b7ed1ff46c2c,2021,74737,C
702ca6e2-eecd-4ea6-b3ca-33b0b3f4fe03,2021,9414,C
85846098-f495-4197-b1fa-28dbdd4fc8a8,2021,9425,C
83b17327-72f3-4807-bd22-cf1f888dbc3f,2021,9425,C
8a906d93-a542-44d8-9bb0-ed572fab3b68,2021,1269545,C
6170c4fc-8674-4377-b741-9019fd877194,2021,9414,C
e7e6d5e4-5e84-41aa-9718-e2c5ca94a3ec,2021,48675,C
6618882c-ef10-47d5-aaac-60a887e7b845,2021,1148708,C
add6d19d-3a68-49b6-ac48-402e2680b330,2021,88084,C
67e807a3-4760-45f2-bf5c-726d75b23dbb,2021,88068,C
2dfc7561-4b9f-4df9-9780-46a53ce03956,2021,50981,C
dc069961-488d-493a-8dca-05b76ebae833,2021,9425,C
9dfb4a63-4dec-4bab-acef-255c34538e9f,2021,1351760,C
ad1f79e1-0c25-4193-98c7-d4033e7b5ba8,2021,43664,C
d24edfed-154d-4d12-839f-fcc81e0fa7a5,2021,48675,C
1fde5132-1e63-437c-a3e7-713904d85fbc,2021,9414,C
64ea1087-4e03-4e28-b673-2fa45c133941,2021,106996,C
4721bf20-cb50-4940-aac5-3f4668c69380,2021,47069,C
37e3921b-b474-4cf7-a863-689e947a5cdb,2021,106996,C
06b5754b-7a79-4fb6-8992-6a4114e02d6d,2021,1148708,C
5704861e-1a2b-4ae4-932f-362c465a33ef,2021,1385942,C
3799d2a2-cd13-472f-b62b-d5d8f14d3f1b,2021,1070485,C
cca794b7-e297-436b-a9ec-9f51a54871de,2021,21464,C
9a82b802-22cb-4138-982b-87426043ac29,2021,53333,C
02d717fa-c73a-4909-8a00-3403ee62781f,2021,43664,C
abb1abb6-3a83-47bb-afcf-ac7870bae0b4,2021,1376181,C
8203d387-03cc-4586-9a1d-d68a2766d971,2021,107422,C
385089cf-dcb6-4a65-aa42-6f7189dd610c,2021,1322390,C
d3fb700a-4ce6-4c1e-b305-514d84e72009,2021,43664,C
1cd52669-b7aa-4671-b99b-cfa167acfb3a,2021,19047,C
74d48a60-7fe5-41cc-a37f-f6634d926584,2021,1306689,C
2cbc31c7-c91a-4718-9a3d-616eae112494,2021,1322390,C
bc648dfc-9345-4f89-a6d3-497cc192d4aa,2021,1070485,C
901393c0-2f13-4289-9f1a-df0ec3b2e302,2021,74737,C
f4cdbee9-d194-43e0-a03a-f0124fc39163,2021,1322390,C
ee7e8d49-1133-4015-b737-422f225b4967,2021,53333,C
d65865f5-0937-45db-a4b8-9bc1aada1333,2021,94762,C
3d6fc983-b2b4-45df-ab02-3975a7f6cbc6,2021,50082,C
aa28904b-d11b-4fc0-8177-1d904572f812,2021,99820,C
678a559e-9a9a-4b11-98b7-cb5f087ad2b5,2021,55777,C
4ff5bdb9-a321-4b82-97a3-86f018393e3a,2021,67601,C
c18d9838-b629-4209-8ff4-880dabd80704,2021,58808,C
e96aa03c-1dbb-4e84-a3a8-7bd4fa1cab39,2021,106996,C
a8cd3a24-e4e6-43c1-9c54-5e3046ea35d6,2021,88084,C
1b33c129-ff02-438e-8e80-79bfe9ab17d3,2021,58808,C
7cf1edfa-59b3-4663-a0bb-f90516dde6d4,2021,9425,C
70d32719-7dc9-4543-90d6-5d12169d7381,2021,9425,C
f3976207-ce82-40ae-b785-5a2f3a363aa8,2021,107422,C
0da94d31-16a1-4026-a036-6e69c70e297d,2021,9414,C
6b86f550-1549-4a08-aed3-0c5b09217a41,2021,94762,C
010f41e3-2f2b-4e2a-ad91-bfa5c5f49a6c,2021,9425,C
9c7faaaa-423d-4c92-81a2-b999f7b88724,2021,19047,C
e7cabe3f-56f5-4f3d-b410-64cc8b0d2044,2021,107920,C
cd3bf64d-b617-4463-82c4-5a8dcb6e02de,2021,43664,C
7d276879-5cd3-4e6f-a5ed-c91876d1b4bf,2021,1376181,C
e8ac1a06-4e43-4276-b72b-96f3e62ad712,2021,48675,C
d46b25ed-d221-4e62-9402-4dcb561200ec,2021,106996,C
f05ec797-c6ad-4e3a-b86a-be18e64f7fb8,2021,9425,C
284d586b-0917-4e63-b795-9213b108c21f,2021,74737,C
dc611e53-c15d-4c9d-87c2-d4f4d404c318,2021,1306689,C
2946ef65-202c-498c-b50a-69688717bb40,2021,48205,C
d1b92529-ef93-4dcf-9daf-0b38ed28850c,2021,1148708,C
210c8760-1c37-4c30-b749-4310539ed61f,2021,98764,C
d624c587-1600-4930-9308-6671bf6d16ab,2021,9425,C
4b914861-586c-4995-88dd-cebcae5a4327,2021,59122,C
eb6108e0-21f4-4c53-8b5d-a1e08269996c,2021,55777,C
73449b0b-81a3-4a3a-89a1-f5e8a1e1759b,2021,1376181,C
c56754db-4edb-428f-b70d-a49c6550a7dc,2021,1148708,C
04aa8984-578a-4609-b379-1bc1bc873b18,2021,1070485,C
7e2ef537-bdaf-4681-b58c-d642c88ce004,2021,1204325,C
e5b68884-e2df-42ea-9e6e-4f5d226b925b,2021,1306689,C
5aaa4b40-48c6-4559-8f0b-0141e43869f2,2021,9440,C
26fd16f5-b179-4d88-9bb4-4074b1d3771e,2021,49054,C
de62d7a4-2c5e-4dda-b344-e56ffa246105,2021,95175,C
b2458f67-84da-461c-887f-d433a723ec8f,2021,9425,C
2aaca743-986e-473b-a892-14fe5f93f562,2021,88084,C
74aeba7e-a2a5-46b4-b283-36f84bd8571b,2021,107422,C
e422703c-494f-4cf5-98cc-3e999d7d359b,2021,1203177,C
9dcdcbd7-6344-492d-90ed-0f36d1fb6bfd,2021,90030,C
1fe36e22-ed98-4d1f-b60d-26321cd29e3f,2021,1306689,C
d2f8c669-c37c-4027-97a7-822619cf7bb6,2021,9425,C
086841ff-37a5-4d93-b12b-7326f9919a73,2021,21464,C
1869e379-2f45-42c1-a0e3-c18a1b0a30bb,2021,74737,C
a625640e-b40e-4ac5-9527-dbadda012c8f,2021,1181115,C
70c7d493-ae57-427d-8033-e640e7c63b8a,2021,43664,C
6e116a6c-479b-4abb-a57d-dbb0ae8eb109,2021,53333,C
57fd2583-e912-4434-b339-86b3a68e7e40,2021,20030,C
88115d53-86d7-4528-9b23-3bfeae81a8f1,2021,21464,C
d971a82b-5779-4a54-a0db-633fa90dcb19,2021,9440,C
aa91a9d7-7c8b-4325-87de-512d78b5a1d4,2021,114616,C
35d723c7-de07-4a41-afe0-79744f3ad892,2021,1376181,C
03837bcd-c5dc-4255-a994-40032fb28ace,2021,20030,C
64f9c360-748b-47e8-884a-25dd20bc1d4f,2021,1376181,C
65639b92-7f2a-4b73-bb6a-98df1c38d910,2021,1204325,C
6816847f-fe31-47d6-ac74-cab6ed7c93c0,2021,20030,C
e6f75c92-e5b7-4067-b965-d704873a2cb4,2021,47051,C
13b7e042-4c75-4035-8bca-b0b2c5e5c642,2021,94762,C
f2438e26-d5d9-4ab8-89c9-2281b0cd0936,2021,64664,C
ed6870fe-8097-47c5-93a3-c4b6150854ab,2021,47505,C
36b76912-9e79-409c-b784-309541d9188d,2021,1148708,C
52273860-aa1a-459f-b7c4-7e092d39ae19,2021,56172,C
2be61250-2ff9-4121-8e04-3c3a69e64efa,2021,46377,C
5d0d84fb-bf2a-4d4b-8503-0a99a133b0ce,2021,968,C
066ab1c6-21a9-49f4-9704-18907e221375,2021,88084,C
05017e41-5a85-4354-aa6f-f86c892d8073,2021,968,C
9acc6520-16c7-4320-ad4d-98fc125daecc,2021,1203177,C
8c67440d-725a-490d-99cb-3d1e6887f654,2021,48205,C
25107a10-d668-4f1f-a122-f15bdab756cf,2021,1181115,C
f37ecd64-a40f-4b70-a344-9062f0bc39d4,2021,9440,C
90aa53cd-048f-4b0a-b141-7982246cec92,2021,99820,C
801baf01-8b0f-42dd-9d83-051671b7e207,2021,64664,C
9a84603a-7b42-486b-97fb-4664e66fd59e,2021,67092,C
d9a7314e-33de-472c-a80c-06a2d65a4b02,2021,114616,C
9fe1a4d2-deca-481f-bb1e-943ed9f03756,2021,74737,C
c829c6b7-2f5c-4909-8e45-a60772acf551,2021,1351760,C
35bab809-fc69-46ed-8561-b8466dc29e0a,2021,91181,C
0443cef9-1aca-4a85-a593-bf43b0bdff5d,2021,64664,C
c1224031-9cca-4f57-909f-843d8806b2bb,2021,968,C
1768b02b-6084-40cc-bc98-71cbf5996f40,2021,117532,C
b411aa4d-e07c-4550-8de5-cb64e7280c86,2021,1376181,C
9668f7cf-b925-4487-802f-febad3b1d638,2021,107422,C
31fb4ba8-bffd-44fb-92f8-0347a8dcc396,2021,20030,C
62278bad-0f16-4a89-8a45-c811a3636a5f,2021,97443,C
a341fe15-26be-40e2-bb96-cd31ab3a10a8,2021,90030,C
7b7adccc-ccd8-46f0-84dc-646b45eb7ea8,2021,1148708,C
f46b6411-6df4-4725-8fee-fd33ba055e6c,2021,1148708,C
d1266727-62c8-40aa-9fb2-13ec9d94d654,2021,94762,C
f94bdd59-e2bf-4692-a06d-21e3ab72aba6,2021,1288839,C
22f00bea-cd5f-4fd0-98db-ef990fc6aa21,2021,9414,C
63649044-cdd8-4964-96cc-a48f13f96479,2021,59122,C
59a7e55e-d21e-4641-8dc2-0112fc57790a,2021,1351760,C
abfb5098-0361-4d87-8233-058fd50059bc,2021,1148708,C
197fe8a9-3011-4686-87f7-ade3bad74198,2021,46377,C
f21736e0-47ec-4e23-93cd-c23df94d4da5,2021,54934,C
794ca7d6-389e-4197-b28d-3e8da775357f,2021,47051,C
2c8fd1f9-469b-4a83-8561-4461d1b23df1,2021,19047,C
6da464a9-b714-4ead-8006-218b25af0700,2021,9414,C
38725a03-5760-4829-b675-2fcf9371e759,2021,64664,C
718dff73-05f6-47df-a3c3-6e87868abcba,2021,95175,C
19d68505-247e-449f-a887-c3004e2cbfec,2021,107920,C
0c25dc55-f915-4a45-8a89-c4b83d6f4e85,2021,1306689,C
1432e982-5256-4746-b282-cb09a1b297ff,2021,1315444,C
98133fe1-9152-4b1c-819f-f686777a86a9,2021,9425,C
9026e559-e4c4-4276-92aa-66c7376bb05a,2021,18683,C
384dba1e-1b82-43e8-a193-d53cff8edd6b,2021,98595,C
60983fb7-8e77-45ea-bef7-03d1c430e07e,2021,21464,C
d35f1138-999e-4b81-90a7-ca813d6f69ab,2021,1283028,C
cacf0684-b4e8-4136-9d94-227d55b92d52,2021,47505,C
a5e7bc0c-ff12-4658-a099-df37c1aa8c72,2021,22047,C
37f40883-84c7-4775-b216-85a41b5ea73d,2021,1204325,C
a6112e4e-0075-417e-bb68-bfcaf9603cbf,2021,9414,C
4f720dd3-c389-42a6-99ef-6e2ccec3ac08,2021,47069,C
902d5a51-9abd-4a9d-a0ca-b4f38d4c7725,2021,20030,C
b1f2acce-5d0a-4bc9-9293-e87e11d09ed8,2021,107422,C
537e4287-2527-41ad-9aeb-2113b144de83,2021,56172,C
f22f8396-f675-4232-81f5-25fa84eaed2f,2021,40343,C
98781052-1013-453b-a6d5-80fffdb83722,2021,64664,C
619ed341-c396-49e4-b924-da2b376857c7,2021,9425,C
5bd13e1a-0d7c-4f83-a483-267b5b9fe420,2021,53331,C
99b43683-69f2-42d3-a17f-9d412deda97c,2021,1376181,C
85b0a6cd-246d-47ff-9d3c-cc89ef1c5099,2021,10515,C
41de725d-d2fc-404d-8e55-248f9154fcfb,2021,1204325,C
f4ceb04d-2957-46db-b317-e690aee6c500,2021,106996,C
3369f0bc-b1f1-4ad4-9a84-7b6cd162df86,2021,49071,C
7baca096-f4a7-461f-9888-c0ab5390b78e,2021,1351760,C
9ec94875-fd8e-4a69-ad91-11712bf37f31,2021,9414,C
430df634-94bb-4e52-803c-e1a9812fbf98,2021,19047,C
fd125692-61a0-4e26-9668-cf68eae332bd,2021,81210,C
81aef68a-3dcc-4262-91d5-3ed1b33127f1,2021,94762,C
b78e376e-d1ad-42df-95be-9e453852b328,2021,64664,C
e922557a-9c94-4de2-a9c3-5973aa1babb9,2021,99820,C
63011909-55fc-4130-a1f2-990cd9bd4e0d,2021,43664,C
be6e022b-efb8-4a98-bbc6-9e8d4413c09a,2021,9440,C
4751495f-f44b-4268-813f-a4052eeb6bf9,2021,1376181,C
59154665-0b20-4513-8c34-5fcfff45a632,2021,18683,C
c6fb3a04-6d73-453e-a6d2-d7cbabc61b63,2021,18683,C
14324258-6ae4-461c-a8ea-0d9595ca53f2,2021,95175,C
9d35b234-ad50-4c16-bf50-25636a551669,2021,55777,C
99882ddb-8401-45d8-bb86-e47b87aa6be0,2021,1351760,C
d17d553c-0e0c-449e-a6bd-6a2b25dec6e1,2021,117022,C
b40bc951-c89b-47c3-9e68-a9a2a9b69176,2021,46377,C
6f379ec4-1061-4d1a-94cc-86c9707275fa,2021,48675,C
14b022ce-80a7-4007-8a17-835ffaae34e5,2021,55777,C
11d76e18-021b-42df-a11c-9f8812801402,2021,114616,C
e5d8daa3-c13b-4ab6-afb0-bc8586d7fd30,2021,21464,C
8abd72a6-ad33-48e9-8bcc-04b903630b0a,2021,53342,C
d02179db-7892-462b-bd93-c3737fcd7bfb,2021,67601,C
bd1912ca-e7cb-48a2-9877-543059962015,2021,97443,C
6bd32c81-57d8-404c-9693-3839416b6777,2021,94762,C
4a95ee0a-7b5c-411f-8e2f-183d3d56c58a,2021,43664,C
cadfb2ac-a52d-4475-926f-54f62667915c,2021,1204325,C
1b36a51f-ee5e-4848-9381-2bc28140aaaa,2021,68930,C
15972caa-a353-41e8-8e12-d818913b90ad,2021,19047,C
c731ee1b-2aab-4d95-97b0-3bc573ca30e5,2021,1283028,C
181f34ae-2dda-4c89-920f-dfcafa5e60fd,2021,1376181,C
c9ac73b7-4449-4463-a8ba-6bc292b51898,2021,94762,C
5a68f686-465b-4575-96e3-d288153e7ee6,2021,99820,C
1df67111-5e25-4637-b8b5-8e97862eff41,2021,53342,C
ef0acf6c-83db-4b79-a008-92e27c02e928,2021,106996,C
261ab0a4-c87e-4b74-bc84-053c52f82804,2021,21464,C
8eda9f7d-3c76-49ba-ac1e-987afcd33662,2021,20030,C
991cd148-ef32-4fe0-9ce6-23ede19fb6a6,2021,20030,C
c298e172-8dd5-4789-9768-5fccba03de0c,2021,1283028,C
92a645bc-0cad-4360-a1cc-4d11e1f6c397,2021,106996,C
e1378775-5101-409f-8399-88e78398d9e8,2021,9440,C
2d7b2987-e938-46a2-af66-c38c653be187,2021,1148708,C
d6501f1d-cee5-4659-8002-5469d6b07163,2021,1306689,C
c6cf8039-db02-453e-ae68-fb7c880ab5f8,2021,1103723,C
f048458a-471c-4662-b2e3-a592145926b2,2021,53333,C
09e29598-3b9e-45a0-9f4a-e12d8296a7ea,2021,9414,C
6c7de707-6753-4236-b478-8da3048f5aa1,2021,88068,C
954eda96-c6ce-4e95-b474-fb5a05300a35,2021,9414,C
9ed82821-2f06-41d7-9c5a-04f66e750aab,2021,104360,C
86f0e618-c803-4234-81c4-1f6e25958b30,2021,74737,C
20df815e-6c93-4259-8d2e-f724728b2462,2021,47069,C
f06ac133-83dc-4b3e-9e2a-3b93f984ba3b,2021,94762,C
6f32e626-a992-459e-8f15-c35992fb488f,2021,20030,C
af7d6819-2e86-483d-aa2e-a04f07e70a4a,2021,58808,C
bd2b72a9-0778-4cbb-8938-b95d91e31ec8,2021,1047907,C
6531d6c5-547a-4d04-ade2-ae948e53b053,2021,95175,C
08dac4e1-0d9f-4195-8811-bbd9256ffa4d,2021,19047,C
1254eb4d-2daf-41f4-a1e4-bf399272b763,2021,94762,C
fd822352-d197-49be-b49d-b8ec88fa615c,2021,20030,C
4dec9a6a-1661-4029-aad0-c130ee2e0f7c,2021,1070485,C
f46ec428-9301-497b-80a7-d0e24bf1f34e,2021,1376181,C
6f516066-cfe6-4c0c-9878-a0a097ecff34,2021,9414,C
ea08d4e8-c410-4b4c-83a3-a5fe5a853e1a,2021,55777,C
8f4d778c-1e8a-45cd-9d3f-756f7224585d,2021,117022,C
817050f7-5f0b-4c20-9370-00efae07df80,2021,94762,C
51350b94-c50f-44bc-8ec5-f04b3be21224,2021,106996,C
93b76d4c-fb0e-4fbf-8b1f-4e557408bb61,2021,1283028,C
f32efd58-7c12-412b-be09-76795883c6b1,2021,117022,C
cb2d58e3-873b-4489-80b9-f312d37ac4c3,2021,95175,C
29ad0e7a-5211-44e8-9baf-aa85c0e85c47,2021,9425,C
224fdfc0-3709-43a6-9fef-907f450d090d,2021,64664,C
5d156ee9-2a38-46e2-9218-f4c4045cd282,2021,47505,C
2220e973-8575-4c1f-9582-77db228cff3e,2021,1351760,C
98f2886b-0aa1-4b01-b68a-c44829307d78,2021,107422,C
04e38918-b298-48b6-b59d-ba90b43f058e,2021,94762,C
45f82a10-5574-4219-be3b-d4090e3276e3,2021,20030,C
ae51e21a-3182-4823-9bb9-3b69e3e9fb99,2021,81210,C
1a16af13-c2da-41cc-8146-b3e8fc7bc0ce,2021,9440,C
d7876cb5-af94-4855-a467-fbf17f6b0813,2021,53342,C
92a82354-8ac1-48b7-b815-366a18c474ab,2021,1047907,C
564de269-dbb9-4f93-be0e-54dbe867f202,2021,9414,C
2c7124cc-aa72-4a4a-bcb8-d548cb0ae2b7,2021,1385942,C
dbaf8d32-fd79-4486-a4d5-ecc95ac2fb54,2021,9440,C
0de29d1b-ce5c-4924-900b-34150aceddde,2021,47069,C
cc03c175-fee0-49a1-8683-deb5d50ce0b6,2021,73140,C
f520ac6d-0793-405b-bc2a-ea9cf5f162b9,2021,106996,C
ab56dd65-9b78-4dd3-bfef-2e6b0383b8eb,2021,73140,C
0d11f36e-ffe1-48c4-9eca-3096754505e8,2021,99820,C
518dd6a9-a016-47e0-89ad-9e925f653d4a,2021,9425,C
d3c490c6-22f1-4c9c-a592-ba61c4dc497d,2021,99820,C
749d455b-50e6-4752-a5bb-54f0ae6e6460,2021,94762,C
7cacdf75-b21e-4f99-81db-dcfe504d9ab3,2021,98595,C
11386ca0-1d79-46aa-9c13-74a9be9f5f36,2021,9440,C
16f277ca-2bf9-4e8d-b740-da9091e1cbdb,2021,1376181,C
b016e443-c9ee-4754-a8b0-a36251e935a8,2021,98013,C
19f2cd06-32b4-4ab7-8413-51f1267ea0c2,2021,94762,C
938e50cc-e9d6-4ce7-931b-eb755af80c8d,2021,94762,C
caf52a30-dc2d-4529-aa13-e10472f5f980,2021,55777,C
f8c98a69-1943-4e1f-9019-b13193b5d5e5,2021,74737,C
b66f760a-79a3-41ca-8a79-6ba94dc467b4,2021,19047,C
37217d92-7b9a-4660-ae20-fafdddf0878d,2021,1385488,C
b40edd5b-f6d6-4f50-b3f7-3ff3dce9483f,2021,53342,C
8df0b019-e94d-41ed-9f2c-1173a6ef76d8,2021,1283028,C
b0813ce0-0a46-49b9-814e-a80aeaa6be9d,2021,97443,C
c36e8d95-0115-4250-b366-df15887a8313,2021,19047,C
f8f00b0d-be6c-40c7-bc21-f74b3ed9ff43,2021,95175,C
54976a9f-9001-4651-af1d-38e628520bcf,2021,99820,C
fb7bfbd5-96d2-4a5d-8591-419cffb7ecb3,2021,59122,C
b9be3f1b-ecaf-4bf9-9b9a-49d3eb44c1aa,2021,47069,C
c7029b35-9655-461a-a4e4-a53fcd090f0a,2021,99820,C
308108f7-375b-4dc7-8f53-1144089aadc9,2021,1427745,C
1a3f9367-0782-4c29-ace6-c960b9c9f1a2,2021,21464,C
76d1d4fd-e06a-40fc-9213-7721495ff1cc,2021,99820,C
74d1620b-1f81-4bcd-844a-35ba119b8059,2021,94762,C
adf52c56-48e2-4274-abbd-0475117343ae,2021,9414,C
f21a0483-a06d-433a-b4ac-0ee284210c67,2021,97443,C
35401b85-9bfb-43a9-8a26-5a5ae871a874,2021,94762,C
f01a0c52-3bca-4561-bfe2-640e470b03c0,2021,95175,C
30d1b613-25f5-44f4-8614-a1f92bcf36bd,2021,114616,C
242df3f9-8138-423f-a2b9-3b48a0ccd91e,2021,18683,C
44eebd11-30c5-485c-bff2-8a89e89d8ec9,2021,94762,C
7f0ad24d-e370-4fca-a457-90be9fcd6ec7,2021,99820,C
4177237f-20ce-4119-bc52-eb95bac839b3,2021,99820,C
60b2e475-af89-4af0-905f-82feb8407776,2021,99820,C
32556ff2-c2eb-4e56-8c6c-6411a3a7876d,2021,67601,C
92eaefd1-94e4-4d5f-a972-174abe9d7fb3,2021,73898,C
1f9b8300-4c18-4868-9240-fe04f91b10e8,2021,73898,C
48e81ec8-b681-480c-be54-92dc64ea60c7,2021,73898,C
780aa886-04f0-4a53-a91d-6ccc0026aa7d,2021,73898,C
639826b8-ee38-4309-967e-a07114ce5830,2021,73898,C
d062a19f-94df-41a8-a401-1603ce91f764,2021,50082,C
9b065795-aa92-4379-b4f4-aa3c17d61a0a,2021,1385488,C
2a0fa608-9173-408d-abaf-057441ec38da,2021,1148708,C
abd9504b-63a3-4d41-b416-1e9d2e7741a5,2021,9440,C
90acaea7-0a3f-4e36-af00-ad5d0976a7f6,2021,73898,C
2e93f429-65e8-4a1e-b5ed-a399efbcc5d0,2021,73898,C
0341b4d9-da4d-47f1-a099-d462ae573ebe,2021,73898,C
6727e680-8c7e-4728-b7ad-f9311c6d94eb,2021,1288839,C
8d1e7c68-5868-4715-9e29-60f9d3f8eb77,2021,1047907,C
b55f62e3-3fa5-4fbf-a77e-be7b4f392020,2021,1376181,C
ad13a9ff-35a8-45ca-b709-5aa3556b576d,2021,18250,C
f17302dc-606b-4fd2-8a63-b1f449eda7f0,2021,74737,C
9e34cf8a-b57c-4b0b-9c1b-6490692223af,2021,1376181,C
0182fbfd-a024-476b-8712-e70e3d4c8612,2021,1042278,C
8fb6af9b-9fc4-48e4-ae11-945c9d542f58,2021,1042278,C
d58928b5-4e50-4477-a90e-c799f4c1700e,2021,59122,C
d634f793-6ae4-49df-82b1-49f5e56f34f4,2021,1427745,C
2984225c-f433-4aea-8499-27fbe8132061,2021,9414,C
fc989ac6-f185-4050-81ba-9bce2c9249f5,2021,9414,C
2214dc10-ec53-41e3-abbb-30ae8fa928fc,2021,106996,C
7d662e27-8376-48d5-9827-a74102394795,2021,99820,C
4a83a18f-9573-4be6-bc89-7fb4fd667e64,2021,95175,C
860ecdae-9d93-472f-bdc5-5135c472f58d,2021,95175,C
9f6befc7-db82-4abc-93b1-b10822365784,2021,99820,C
e0adea15-e97a-45d3-b90e-77abbbe5cc65,2021,58808,C
1ed01fc0-b903-4d86-ab64-e7f36223edbe,2021,98595,C
af86b770-0e23-4da3-9a86-f84f587f3ff0,2021,64664,C
0838e305-31fe-4faf-87b6-14b000620609,2021,64664,C
75adc166-6756-4ca4-9eb4-ddcc73c0d2ac,2021,10515,C
634e3212-1452-4224-90b4-17d6104c769c,2021,5000951,C
3f87003a-fe40-4fe8-b242-1ebdb4e9bfa2,2021,48675,C
393b43c6-6a5d-4781-abc7-a457d1d98f62,2021,9425,C
54a02738-7eb6-402f-ae10-0bcf16838f08,2021,49054,C
1080738d-a35b-46e1-aa42-2133b0e9900a,2021,18683,C
04f88f76-d576-46d0-b95f-24edec48fad8,2021,18683,C
7d8ec23f-402f-4c64-9df8-d963bfd60e76,2021,18683,C
d6019e90-46f8-4311-aef2-4853236cbcd6,2021,9425,C
7b8fbd1a-57c3-41ab-ab5e-47277059796c,2021,1351760,D
34935659-9e32-413d-9d58-0bb76f2f4bca,2021,1351760,D
11558f19-e9db-407e-adad-29f8a43cb88b,2021,1300284,D
8b1707c0-6e30-4227-abe1-3236dbf80c71,2021,43664,D
a2c09ddb-bcf5-4877-ac81-d0d5a1f6cdaa,2021,1351760,D
d12c6c4b-f56c-4819-b7f6-d6fcfd70bfe3,2021,18267,D
3f2f3ce6-4752-491d-8542-944ebf2844bd,2021,1351760,D
256bf7ab-fd38-4546-b26b-c72681268154,2021,48205,D
207eec2f-036e-44f6-8236-be9b496b0ec3,2021,50981,D
41037bd6-0162-4991-a02c-32dad0e9c807,2021,47069,D
e6da1d90-aab4-4af2-8cb2-69d3120675dc,2021,1351760,D
fa9ff4ef-88f3-4ae0-bc03-a4d5be2424b7,2021,19047,D
73267079-cffe-4f61-a677-d19088f4ebed,2021,1351760,D
555777e2-b2d6-4246-9015-22e7d061624a,2021,95175,D
eda95fa5-4a26-427f-83da-f6752e8d71b8,2021,1385488,D
edd54976-d9b0-4aa8-8d83-d924ba294a86,2021,107422,D
e18b43b8-3618-45b6-a7e8-beeabf3fd3f5,2021,47069,D
e5750ca4-e41e-4822-aec4-f27b95484185,2021,50981,D
815d2b2a-22c9-4ed4-9e91-0d6d5c7b7bff,2021,1351760,D
950cfcfa-f63b-41d9-95e1-2ab2ec97330b,2021,1351760,D
7ede32b8-9401-4935-8245-52b5cb626d1a,2021,91181,D
1a4a3cee-9372-4a60-bc5d-78d36a413da6,2021,107422,D
f5fcf32e-f9da-4a52-9f17-cba8619e80da,2021,1161716,D
84d3c466-ec15-4e03-a20d-af3fec0053f4,2021,83388,D
4286747b-c098-4671-bb86-c26202279c26,2021,55402,D
796750f7-6328-48bb-ab46-30b807f81f20,2021,90030,D
db1d4446-ffec-4403-be6b-e8f2691e4d96,2021,50082,D
fcfceffc-26ee-47e1-a7c8-195d07dd84d8,2021,98595,D
a4eabe8e-ef14-43eb-b02a-d3027e5676da,2021,1351760,D
171268af-6475-43fd-87ba-0cd8459ed542,2021,91181,D
c96fcb0e-64dc-4c80-92ef-4c6fe6568c98,2021,90030,D
85d42a2d-8dc3-4d1a-986e-89c65371d178,2021,1385488,D
f304a31b-b737-4e45-aa9d-edaf64b6fe5c,2021,1103723,D
9524408e-112c-4e22-b95b-e0a1ba631e89,2021,1103723,D
da0f792a-e52d-4162-8cca-d631066b6df1,2021,117022,D
1a85d56b-62bf-4ee5-a1c7-05e9c8335ee8,2021,1385488,D
e05dc778-c7ab-44be-ab36-0ac8f5670492,2021,107422,D
c6eedbec-755a-461f-8702-bc774c48454a,2021,1351760,D
2469cd62-b3d9-4a7a-8d77-ad28b09e8e70,2021,107422,D
15840255-5100-44ac-8a8e-55a42ee1c307,2021,90030,D
bf087c6b-8903-41e5-bc43-df99f1bfad28,2021,51020,D
2a77fa44-62fa-4f6f-afc4-776dca8cdc3a,2021,51020,D
24fd9fed-f2f7-4fe9-b63d-dccc1bd00cdf,2021,107422,D
3034f3e6-ea58-4f34-9b30-51a31df0c0d8,2021,107422,D
0ec2df3e-0ba4-41e5-a2dd-3f2fa0139b27,2021,98595,D
b26326bc-cf2d-4cb8-ad90-9109263880dd,2021,95175,D
7ec2fe19-13d0-4d73-a5d5-ea62268fe6f2,2021,1032473,D
59b873f5-5f2d-4a32-bf95-47e1cb9e86d4,2021,74737,D
5200e86a-48b4-453f-ab4c-0ddcb70f64a4,2021,95175,D
6bfdff7a-5374-4088-a113-dc44a10355f2,2021,1351760,D
e8b5ac6e-d985-4d41-816b-fb931199d214,2021,1351760,D
259da9fb-217e-413a-87c3-dd749e921e43,2021,47069,D
65513e82-1f4a-4744-973c-5a5f8d0f49fe,2021,1103723,D
9e2fbd2b-d603-46cf-8bbe-073af41e8b4c,2021,117532,D
ef0a2ab2-13bd-434d-930e-eaca948d9c5e,2021,1103723,D
4087dfdb-53f4-4ed0-955d-c799e56ebf49,2021,90030,D
62e2bbc7-c99f-4bbf-8e00-e2abba17cf59,2021,107422,D
a7a2c7cc-97c2-499f-8bd8-248c1953a71f,2021,1351760,D
f285b72c-849e-48f5-b0ae-d232ddf7b976,2021,90030,D
c17119aa-aa19-42a2-80b5-edef3c2090af,2021,107422,D
548f84f1-a1a4-4f5f-b6a5-13c4bd81d7a6,2021,50082,D
47bdd7b6-78a3-45c7-a824-68aa6f369ded,2021,1351760,D
549f4532-3a3a-4965-90b5-1d6a73d46470,2021,68930,D
d01b5ce9-ac24-47b2-b8d3-578a2488c10b,2021,50981,D
533e6c9b-90ff-45c3-ae98-b7f31ec53c77,2021,95175,D
b7be775e-ce10-4ffe-9c51-94debfe2dfab,2021,95175,D
8d19b5e4-ffb2-4f10-899b-b250f0b0c765,2021,117532,D
809d94fd-da1a-4482-89b2-e9cc008383d4,2021,55402,D
b13eefb6-3df6-4006-ad6a-85b59b6c3b7b,2021,108660,D
16db7a74-e91e-4f5c-a908-b1b850cc6fe6,2021,55402,D
2bbb8e7b-6dde-454e-8f59-2bd4c260bd15,2021,97443,D
eca28073-6488-4f2e-ad41-e33caeacd8ed,2021,90030,D
23c5edcb-2103-4e2d-9e34-ce0b182bbd38,2021,50082,D
3fc86268-fbd4-4522-995b-6696e5284313,2021,1376181,D
14983ca3-596e-46ff-bc41-5bed131c2471,2021,90030,D
d0460f30-952f-4eda-ba44-263010f1572f,2021,48675,D
f619806b-0e2e-41b7-9c67-ab9d3f37c064,2021,98595,D
50f33d2b-4624-460f-9bc6-e787de81540a,2021,74737,D
6eee9326-912b-4402-b9f4-08ff8d657e3a,2021,1351760,D
08030880-6213-4d05-abc1-b5f0f5029cf5,2021,90030,D
b4e0d7f6-7a6a-4f2d-880c-c7d5c8bfa2f6,2021,1385488,D
2953bd09-540b-44b0-aa85-24737fdefc44,2021,90030,D
2810f742-ceb3-435d-869e-e21d75e05170,2021,50981,D
626e6be2-b93c-4cf2-a0a1-dc36cc030b38,2021,50082,D
1c70fdb4-6e46-4a77-93e1-f891f9c77e58,2021,90030,D
95ff0d0b-1b07-4305-94c2-5aaa4c418abc,2021,1161716,D
5f7aedf3-897e-43f7-8a86-69e309d69e71,2021,50082,D
bd5a2607-69f2-4484-9f0c-81285b21252b,2021,1385488,D
e2ddae80-3ae5-4678-9535-03801ce76afc,2021,99820,D
95b985ec-ced6-42e4-b478-99a2bfbbbee0,2021,98595,D
38dec534-9c23-480f-b24e-6b3f7f8afb9a,2021,1108692,D
a5f6232a-e2ad-457f-ad19-befe4a06fc88,2021,95175,D
5d71e44f-aabf-406d-90da-7df0910982b8,2021,95175,D
b963b5f0-f952-49ff-9f68-75c914349347,2021,55402,D
73400057-1636-4606-b1aa-d9b345d3f176,2021,1103723,D
13b08ebc-4cbb-482f-8816-1dd929ce9feb,2021,1103723,D
8a28590b-444a-46d2-890f-81ced2ba01e9,2021,1103723,D
eadcad3c-25fe-43a5-b0c6-15fd1aa14769,2021,50082,D
f414f664-bbc1-41c4-abb0-0afe1a1dc10e,2021,1351760,D
a3559380-37d9-4477-9b7f-46b8d4094d24,2021,1351760,D
fd52674c-40b0-4e98-b430-34464d937282,2021,1351760,D
b2d4ae53-1baa-423f-90e9-b0ec4bbe5f59,2021,90030,D
1eda4906-d8b9-4320-98fd-fffde8db7548,2021,18267,D
50474d56-7ea9-42a3-a633-d83dd28db654,2021,107422,D
870de6e9-27fd-491f-a5a7-5ba35515c9c0,2021,107422,D
70861f14-93d4-42e3-9dd0-e0d4d8e37f10,2021,1427745,D
2e29cd16-04be-46aa-aa4a-86e29bb3db08,2021,54934,D
d17be818-6ab0-499e-88de-99b37fe97638,2021,18267,D
68c7bc5c-774a-42fd-a208-20c89cdeb132,2021,1103723,D
2b1aeae2-9183-42b8-b2f6-6f7a611f420e,2021,50082,D
6ce22d50-df41-4e27-9156-699f8b4530f7,2021,88068,E
59d2876f-e3e5-44bd-9615-55e40a39b630,2021,94762,E
404c4350-936d-4696-9273-058d30273638,2021,106996,E
405da1e7-79ba-4cec-8e6e-a3898144d431,2021,106996,E
afe6c81f-8cbf-4253-8c11-2ac05e237abb,2021,48205,E
d5f9cbfc-7f6e-4c8a-a77b-796f7da00d82,2021,43664,E
f1cb64aa-de63-4b4e-8d9b-9900f1592ef5,2021,118994,E
2256043c-be23-42ad-a59f-174b080911ef,2021,1427745,E
211aefff-29ff-4565-8286-6fa1f90b3575,2021,118994,E
7e86177c-ab57-424b-a945-3fbf8ad89bcf,2021,88084,E
13bd30fd-d211-49e8-9ad4-6840fad8a0b8,2021,48205,E
4e58c20d-5a96-4514-8c50-f84c41c19081,2021,1070485,E
a8ba24ab-6807-4514-a4d9-d230b26da01c,2021,95175,E
62aaf3d2-91cd-49ad-8e84-1255a991653a,2021,47505,E
2ca644b0-16d0-4c78-bda2-fc3d8504c40d,2021,88084,E
590fdd30-5023-4cef-93d0-13d1dda83ed3,2021,1203177,E
ecb2aa68-1b30-46c2-a317-6cb159533781,2021,98957,E
ce9c8120-0b6c-457b-bd47-270eba2f59e6,2021,88084,E
3e12e700-748f-4397-8c99-c4a638e94066,2021,1300284,E
14784847-f88d-4632-887e-b815a46010ae,2021,48205,E
509acb02-20eb-427c-abb3-e0154930d817,2021,1403879,E
18fd6352-4f1e-4a47-9024-256716b02b9e,2021,64664,E
1a966959-4642-48f1-b3d1-8b9fb553ddcf,2021,57612,E
587dd2a6-8936-4edb-8100-be3bb0ecaadb,2021,56172,E
27fd18e6-4101-452a-8ede-30b2e786da56,2021,37862,E
8c1d4595-4003-4a6f-b80f-75589905cbb7,2021,106996,E
1af1d824-c87a-4d3d-8b9b-579af3ede2e0,2021,1203177,E
7239a3bc-ac26-4caf-9e82-f84742a08b57,2021,48675,E
ab0e456f-cb01-4dd9-9917-d0b67a73047a,2021,1103723,E
79ef0d6f-79f1-4ead-843b-1688980e92f2,2021,95175,E
194e5c3f-8d1a-434e-94e6-ecf901f75632,2021,20030,E
0872eb94-27a9-48c5-a99a-181a698799e8,2021,43664,E
1e8b66ca-8c76-404e-90e3-b04b7c9cf315,2021,48675,E
eb989ce3-858b-4016-b673-e1741a748c69,2021,9425,E
5cab004f-7206-439b-809c-958a3a114a9f,2021,19047,E
c376acdb-db7d-4562-a950-6e3b008ec9b9,2021,9414,E
0b54adb7-28c4-4ceb-a388-fb126619fadf,2021,1322390,E
765ca102-d7e0-452a-bb5e-5ae78e2710df,2021,107920,E
863b08ef-b404-429d-a68f-74134fcc1fd0,2021,104360,E
20745b61-310a-412a-b268-d4dc9336de40,2021,43664,E
b033ff3b-651f-4bf4-a377-433b0d45a38a,2021,90030,E
0e99efb3-cba1-45e6-b430-d2d7c6412e3d,2021,1203177,E
774918f1-7bdd-4186-b40e-e39f9fa862d0,2021,20030,E
c72c97b7-052c-46db-9a00-05ed670a4461,2021,9425,E
3d925c04-e391-4502-b768-840a3f769c80,2021,104360,E
91b1e7a3-7946-4274-bdba-a72040e7bf9d,2021,1322390,E
d38349b9-860c-491e-8b1c-aa234b73568b,2021,11730,E
b14462b4-7c3c-4e6d-8370-ba1c67b9787c,2021,104360,E
5239ad5e-09da-4c90-a202-8e8498bb66b1,2021,118994,E
875186a0-f735-4240-a328-6f921ff210e3,2021,107422,E
b0b39132-8fcf-49d4-807d-fcaee1cf3581,2021,106996,E
71c90608-b2fd-4588-9965-2d2fcd9766bf,2021,107920,E
1a050c51-fc03-4d31-b55f-9f4d36dc3a29,2021,98957,E
b9da1ae0-e8c6-4704-89e3-6cff15924650,2021,106996,E
1b71845e-2e27-424f-b3e3-709667d12d39,2021,73140,E
2faedce4-149d-4064-bded-096170fed8f4,2021,20030,E
b2e7ac84-24e9-4b3f-ae3f-cdd010b85290,2021,20030,E
1c3225ba-44d7-4bf9-b482-79715cfff682,2021,67601,E
2046ee63-d3c5-4e38-a6f5-fdff284f6bfb,2021,118994,E
116bdff8-14af-4e24-85e3-32a8c631035f,2021,98957,E
605c5a72-5dd4-476c-b526-558d9e8edec3,2021,118994,E
4b5c1620-7ef2-4938-8288-3c3061a0970e,2021,968,E
2b1d2af6-7e81-4663-ab05-c1cacc58cb4d,2021,22061,E
68712591-aaaa-483e-90a9-9da682e75825,2021,11730,E
0ad7ae00-9da6-4fe5-8e55-841ad9891362,2021,37862,E
add91ec7-e409-4062-892a-2f7aab45a773,2021,106996,E
5e602207-e733-4a20-a7e1-f5ec4d1f8a43,2021,968,E
4dec4de0-0336-4d69-aca6-f090cc8a3e98,2021,117532,E
5b778786-e0ed-4abf-bf75-b18523576d7c,2021,59122,E
dad36f9f-1685-4425-ba00-2b81cd0d3187,2021,47051,E
5e667e2b-4ad9-472c-9468-3219348cacfa,2021,968,E
82de133d-0571-4212-96d8-7811379fb4a0,2021,22047,E
8fda0962-891b-4645-97bd-26accf3d709b,2021,95175,E
ad39419c-ced2-4334-8d16-9c5452d98a90,2021,1322665,E
f1320c76-21d4-48a0-8618-869abf3d7b56,2021,107422,E
c27d9b0a-384c-4dcc-9e69-d4dafbf52969,2021,106996,E
3afefc0d-d0c1-4d53-890b-4ec1b2104dde,2021,54934,E
78449ee8-1afd-4e45-b836-1bd2028276a0,2021,59122,E
c87e26cb-990b-4751-9e55-eb535fd463a0,2021,43664,E
92cc88ed-c9f5-416d-812f-71c85e2cfa54,2021,1322390,E
ede297f7-9c5a-4d79-b593-b37a3b3b5dcb,2021,117532,E
2f66eb39-ce48-4ab4-a090-e1a6d21262bb,2021,20030,E
34b19866-205f-4fcc-84be-0841fde6b9c0,2021,64664,E
5dc93fa6-d635-4d1a-b910-bc8928979256,2021,968,E
6a0264ca-1508-41d4-a117-d330eed54823,2021,106996,E
95a4a9f9-e68c-41b3-8453-22ee09d638e1,2021,37862,E
9e606ec5-0395-4104-8f3f-b8cbb735d9c7,2021,59122,E
03905779-b997-4217-b77e-86869b155755,2021,20030,E
d9861fbe-9339-4db1-baf9-28526e8e6d9f,2021,19047,E
4d11c717-7b4d-4ebb-b24e-b7995979e524,2021,1306689,E
bff9ae56-b055-4564-8236-8593d8881ac6,2021,21464,E
31f223b2-d616-430d-a23c-9062a98c54a7,2021,118994,E
79320614-c0cd-4ef0-9510-2d2be22f1d4a,2021,43664,E
5faefe05-2441-4370-80a9-5304472a8f1e,2021,95175,E
0e2b4e58-e6ea-4e1a-b203-f6b3b640ddef,2021,98957,E
de44bb0f-e3f3-49ae-a062-b9e931f4458a,2021,1322390,E
4bf7d473-c0cf-42bf-a896-b7ccd7b55ee5,2021,73140,E
ac0acd88-ab71-40b7-8c7d-83267da6c2a5,2021,107920,E
7180e250-169e-4328-98e3-62abd7a8302d,2021,64664,E
bd2d4389-568b-4cb2-b97a-86d5434ef492,2021,10515,E
4f485313-9b3a-4480-8a32-3192b6c9241f,2021,104360,E
1a611f26-807e-4294-b61f-97f255770847,2021,1322665,E
4a250b9c-9c36-454e-84f2-11ca5daf370e,2021,18683,E
433b5409-5b12-495f-acf3-67bd47b590e3,2021,106996,E
453baf40-d940-46f3-bc32-913e53e18c47,2021,20030,E
46635e56-c2ee-476d-b6d2-6414be2f097c,2021,43664,E
3c68e41e-7dd7-4714-b496-f7d731b7474d,2021,1376181,E
6c259783-6b1b-4aae-8bcf-cbbfce74ee8e,2021,20030,E
0dc8ee3a-0849-4f3c-adf2-2b933c65016a,2021,1047907,E
d4c0a5da-5dc6-408f-b3a3-ad35f98d19ed,2021,104360,E
6c17fdf9-55e0-453f-95ac-9c19c9476e88,2021,11730,E
4afbce14-8b49-4a69-a362-81b19ac45579,2021,94762,E
813276dc-6882-401a-a5b3-02b03f265805,2021,21464,E
ba4e07ab-2ae4-4c2c-b612-3d1d3cbc47c6,2021,49054,E
53d8b89b-00da-4ef4-9f0b-e9f6808a8d56,2021,1322665,E
e7b7ec47-21f0-49e7-8967-a20b71e37650,2021,1258063,E
4dfdc093-ef84-40f8-8bde-fa0db09b23ec,2021,97443,E
556f7a9c-7d53-4b39-816a-3469d562535f,2021,1047907,E
3e310908-0c3a-40dd-9183-8f1195c81e88,2021,59122,E
d6cac193-e3d2-44d8-b810-ec6109176935,2021,50981,E
ed7c2545-3aeb-44b4-8167-646161567e6e,2021,1322665,E
d51d1cd6-d52d-48e8-ad89-854d9b3483d3,2021,1322665,E
54549d51-3e81-464c-97e8-40f06c3825a1,2021,64664,E
a9cd8660-d29c-43ca-8ae1-62918a91842a,2021,106996,E
988c4bf0-e45d-4f0b-892d-0631c4459cea,2021,43664,E
4424e059-5b5b-4722-9a44-d465682336bc,2021,59122,E
f9f24313-02e6-4d53-8306-7f3ffe1b918d,2021,18683,E
a4a752f0-28bb-4002-a3be-7e939c6f8549,2021,43664,E
0fcc35c4-e5ca-4ca8-8f8f-03feaeba371e,2021,104360,E
e661ad2e-29cc-48bc-bc17-bdd02011ca81,2021,118994,E
2bc22192-79a5-4d8d-9786-12cad8bc38b2,2021,106996,E
18ec046e-183f-422b-a280-839343436c65,2021,18683,E
88275ba9-24e5-4898-9e43-bbf147f9309b,2021,118994,E
378ab36b-5127-42db-a90a-654d389b8650,2021,95175,E
7cbee771-603c-44a3-877b-0b5e4fb75449,2021,1148708,E
1e11ccd4-4a4e-4087-969d-9b85d3e58829,2021,117532,E
6693b51f-9791-4ceb-9bbe-093bfb57ab02,2021,47505,E
31a38512-2eb5-41df-ae6e-8b7db4926c40,2021,40343,E
9553e828-7769-4622-856b-e3cc261e4a65,2021,18683,E
75db9165-3dc8-45e7-8412-69a397ebe342,2021,104360,E
ecead1b5-b46d-4772-a119-b202fd954d02,2021,22047,E
97ce06bd-52cd-480c-bb50-8e09b3abdc9f,2021,17898,E
62276a91-1f91-471f-8d19-9fa8fca511d3,2021,9425,E
97bd5dec-a039-4a94-badd-2acaced2df33,2021,53331,E
d610d2d2-6f89-4510-b768-c9575ecb8dbd,2021,19047,E
3e787dbc-a6fd-490b-a1d3-5917fc491ab5,2021,67601,E
988161e6-f27f-4577-bcf5-896ca6b79631,2021,99820,E
fc42986a-af23-4825-8ee7-009be4713027,2021,1306689,E
6ddb9fe3-fe2f-42dd-bbaf-cbbd236c2c8d,2021,9414,E
64df2652-78dd-4d4f-9fa3-b9bbc214dd36,2021,53333,E
19e160d3-3641-4bdd-b2f6-67749db99c77,2021,22061,E
1664ff9c-2c75-46f7-94cd-d9f878785e91,2021,1161716,E
eefec3c5-19e0-435d-bbc9-8d5db722d05f,2021,73140,E
2363886d-5616-4248-85bd-b35dcd38a91e,2021,19047,E
87b79702-fe51-4a99-a38b-889df78d5771,2021,88084,E
06fee07e-cd4d-4681-93a9-be91043f21cd,2021,118994,E
91eff12c-3ebd-41b2-9b5c-a7b32f705a8d,2021,91181,E
5a6dd747-ebef-48b6-b726-c51bb127ac55,2021,10515,E
98200fd2-d045-4f5a-be2c-8661af640d7f,2021,106996,E
899c1764-20fb-40a2-aed8-0e5712223442,2021,95175,E
5a32177a-fb2a-4511-8eb0-943c760bde1e,2021,91181,E
61ab57a9-1849-4c49-a339-3ac9dfb8352e,2021,58808,E
5d9e33c2-1457-4734-99cf-f7eb3f9b7b6b,2021,47505,E
fc763ecd-5f63-42fc-a1ec-44583a7f3aa5,2021,49071,E
f4314004-4071-45d1-a791-65d6e405c37b,2021,1306689,E
2808e79a-6d02-4eb7-9baa-4444af416cfb,2021,114616,E
d83ed3d0-c858-4ae0-9161-f35b0ad30f72,2021,1047907,E
15624d69-afc5-41c8-8a74-7bd71367dec0,2021,1322665,E
505433f1-5528-4a02-b937-a3c5045459a8,2021,104360,E
a88b7ac4-57d2-47b5-8378-dcbfb11360cf,2021,55402,E
def7a5cc-3c45-47cc-b733-a067882013dd,2021,19047,E
e4e33b58-71c0-4be1-bf86-f3281bb0b1e7,2021,20030,E
8e02fb96-553d-420b-afdd-4613774584a8,2021,95175,E
6e925fc0-ecb3-4a67-a472-d5765d51f2b5,2021,59122,E
af04ed40-9739-4eab-b807-b35c4a8cd1d5,2021,83388,E
50c5cc7a-8570-44ef-95b5-363425fc7951,2021,18683,E
2f5d0f7a-2d66-4ded-a1a8-25936d172d75,2021,37862,E
868a1cd2-d568-430c-9e96-2cf55e8f2345,2021,53333,E
6d9db7d3-7516-4f5d-836f-7550de56a93a,2021,47069,E
efb85fde-3174-4277-82f4-0de2fd75a5c0,2021,1070485,E
25383fab-e78b-48e8-81fe-ca3112d7431a,2021,95175,E
50a05fb8-a575-40d4-b53b-51c68ef9cb7e,2021,73140,E
81cc8092-f6d1-489a-8a87-548640e7523f,2021,98595,E
daf8e4e6-9aa1-4ae3-8750-9512fdf7b052,2021,48675,E
0c1bb7e9-3bde-4284-8680-e7e6de027e78,2021,47051,E
a940c378-5ed0-47c3-9ec3-e9aa699ee268,2021,49054,E
1b1edcd5-6d46-4f28-83ab-ae8d91b4a5dc,2021,106996,E
1420031a-c31a-4255-bfb1-b769592b3ed4,2021,104360,E
9ce52f8a-9ac5-4856-a1bf-4b4e511ed088,2021,19047,E
fcba1bba-3344-45ad-91dd-5a51c3cb274e,2021,98595,E
cfa3471c-a8cb-4229-98e2-e12dc696bf76,2021,46377,E
ca4adae3-3f3c-498d-9488-a7d934de1164,2021,104360,E
7d31dbe1-f6e3-4704-a02a-d7f790436597,2021,47051,E
914458d5-9900-4ec5-9050-b88877ffa4b8,2021,18683,E
50124170-f303-4f1c-bd93-e7f866b4c53c,2021,117022,E
02b03208-c33b-44b3-b8ed-42a9e287f73c,2021,50981,E
4038587b-b9c8-4076-b229-bd7eb869b9a9,2021,20030,E
28f17079-e63c-4668-9d6c-1755639a5c19,2021,98595,E
72cbff92-ae94-47a5-939c-f010391e93a9,2021,98013,E
b5578e98-d865-4a6b-b0af-c32344976fcb,2021,1070485,E
6b072bf2-7f01-479b-b829-787ba6704319,2021,98595,E
4338f06c-6c26-48aa-befd-45eb4c2e678d,2021,56172,E
86e27a20-3582-47d5-b94f-5b16dcc039c9,2021,1047907,E
e973586e-b476-48b1-a183-3f14da8c84a4,2021,1322665,E
ece28ba5-f811-401b-b185-4d56ae85afba,2021,11730,E
cb801a40-31ad-45eb-ab42-be53fa65316a,2021,1204325,E
1da772dc-9a97-4575-a7df-30a5494f5d5e,2021,1204325,E
0584e47d-a883-43e6-9ba8-791cf2aec6d3,2021,55777,E
7f111d62-e32f-4eea-b743-da5aef813a08,2021,18683,E
1b63f544-991d-4afc-aceb-2121f8e6b374,2021,1148708,E
8ef748e4-5f5b-4ce7-9599-d24e71486df7,2021,67601,E
7c93d4ed-ab40-4d38-9d7a-0162f6cfd1c3,2021,118994,E
a260511f-28ad-4fce-b8be-a890b3eb3474,2021,90030,E
b4debf49-370b-4e73-863f-7b79bf774b34,2021,1385488,E
424ebac7-a1ef-471a-b71d-c12ca55e7822,2021,11730,E
a086a1f9-5a7e-4f6f-a5fb-31f3404f4e95,2021,73140,E
9ef829f2-f985-4bb7-a333-77bec8aa891a,2021,1047907,E
969e3dad-9710-4d05-8227-ec2f782ccca0,2021,99820,E
b2d1a0c3-6d7a-4afb-9e17-7ac53e51c775,2021,47505,E
e03a8b93-76f0-4a9b-8e9c-7c501521ffe4,2021,68930,E
77fe2c3d-657d-45af-bf4a-5467226fe01b,2021,117022,E
8da99751-c9c5-4048-8a29-59f39b8ec3d4,2021,94762,E
e7a27feb-7326-468a-9578-267980d02959,2021,64664,E
5a3b69b0-134e-4f02-86af-ccb91bbbc602,2021,54934,E
20f9884d-83d8-40fa-a298-bb322cb4135b,2021,47069,E
17adc544-0d5d-42a2-bd16-751f2079fb2a,2021,9440,E
cf8fb038-966c-40c5-84bd-6437b810f922,2021,67601,E
7b3f3be8-3341-42e4-a43c-aa7405fe29c6,2021,1047907,E
2b90bc35-dd50-4c99-88ba-2fc1b2db7604,2021,54934,E
02547f6f-0c89-4240-9ab9-765fea4b6272,2021,9440,E
3343272e-6c3e-481b-9647-455c2530f5e6,2021,118994,E
90d733eb-3f6d-4305-95b5-a473119fdbeb,2021,95175,E
2f7c9286-75cc-442f-a1b6-0e738b46f3fe,2021,47069,E
d9339b75-4ed0-47b0-99ee-55487e820275,2021,90030,E
b30db3e9-7843-4d28-b64e-0606ef72cf31,2021,98013,E
7cf675a6-8b3f-47d1-a411-6c7de531e326,2021,1322390,E
3eb8534b-40c0-4e3f-a9a3-f59931d24322,2021,104360,E
f110f81d-2680-451b-a3ea-baf9029b30cb,2021,47069,E
d764eb90-d5de-4191-9011-0e0ae8abe09f,2021,56172,E
c177cd38-bd0e-4827-992d-b5902a1d71d6,2021,47505,E
886f3574-68e5-4eff-9db7-3eb23e0a85a0,2021,54934,E
636a0601-3f1d-4f66-897d-88ded97d9b48,2021,1322665,E
cf9e0547-7c83-4cef-be9b-7eec4dd5e4c8,2021,11730,E
10c0b81f-c85f-400e-bf25-26f09abb5f5f,2021,118994,E
3b742222-afee-4fa1-9eb1-454ddb60132f,2021,104360,E
5292b2e5-16c1-4bce-b66d-cf3489318fd8,2021,1322665,E
b19a53bd-7bf5-4d92-8a54-189b883b9554,2021,9414,E
eadbc475-c20a-4893-b88e-eb16b8b76377,2021,99820,E
873d8381-3775-4d20-b6c8-2309f646a40f,2021,1315444,E
52a91929-90fa-492f-b182-ece61d8b4695,2021,95175,E
b6c71d0b-7e14-4aa8-8abe-6b39d2b8349f,2021,20030,E
1021acf9-3c28-45ce-9ca4-972be7b6aee9,2021,64664,E
77a6742d-ac0b-4287-bc98-8982b57ec21b,2021,22047,E
d1b8d9c6-076d-4a05-8136-c4c863ca2985,2021,49054,E
86266575-34cc-4668-8f67-36c5676a4432,2021,47069,E
077632d7-a4c2-40fa-a3b1-8bacc649392b,2021,73140,E
f32d15f8-8561-4ff6-866e-914c6a438d98,2021,1204325,E
5b96e037-5094-4938-aea2-2eb134982f40,2021,47069,E
52688ed9-a7fd-4d8f-af3b-d4ff1d726bce,2021,64664,E
72302438-a5f1-4002-818e-d00fc405ed72,2021,117022,E
9a2cc50d-c737-41fe-b503-030863e24959,2021,55777,E
457b6bb9-c58f-4dfd-ae5a-0e53f0a11073,2021,968,E
2539169f-2d8c-438e-bedd-81a89856049e,2021,73140,E
c5b9ce8d-c3be-4a6f-bb38-4aa30fd8ea0a,2021,20030,E
e7073292-22d0-41fc-90a8-c27a8f444ce5,2021,968,E
edb2a734-0e54-4c28-aeeb-23b68e3ae82d,2021,98595,E
ceeb462f-46be-4e59-96e0-db30d7a8e54e,2021,117022,E
17cc1d80-172f-433f-9607-b1e97cb5b9da,2021,48675,E
bb498bef-3ad4-443c-b8b5-8e94fe4da9e3,2021,64664,E
51eeb187-fbbf-434c-9f9f-5eebe11b6ae0,2021,99820,E
d27292bb-ed1d-4d9e-b8c3-6c841e0743d1,2021,59122,E
d717843c-d2d1-466b-a98d-7945a47f6a28,2021,968,E
ae1e3745-0b74-4605-9314-095c193e2c8d,2021,98595,E
46fff0d1-398b-4b73-ab1e-2097eea4ab51,2021,1403879,E
18dce4ee-0819-4be3-a408-35601c229dd2,2021,67601,E
323df556-e40a-422b-b3bf-f9050779ae36,2021,95175,E
b6d146e5-1f5c-46ce-81f3-b9ec7e026ac4,2021,56172,E
d02e544c-706a-4207-91d5-25ae204f65a9,2021,95175,E
176981e3-edc7-49a1-abb7-25f4e64421b2,2021,18683,E
89379dca-a429-4373-93c1-b073682c22c3,2021,107422,E
08746941-7138-4168-a6de-9f9e29f55d72,2021,1288002,E
4c7ef206-01ca-45c3-b478-8248396aba07,2021,9440,E
b017ea2b-fef7-4e0f-a40b-e8523d6da100,2021,53342,E
8045007a-1b22-43f8-a691-fee599a3b01c,2021,57612,E
757e7549-55ef-4014-a35d-eaad5fa8e19b,2021,68930,E
4f0b54d2-7b24-40e9-b3f1-e0c73594a348,2021,59122,E
3e711c88-490c-4ad4-af1b-1c244b5ee8ee,2021,49054,E
f4e0f395-b061-46b6-ba88-7320a54eb83b,2021,73140,E
72134747-2c11-4b0f-8c07-b329d292b485,2021,81210,E
8240ab1f-4783-42b4-ad95-7da2f7911b32,2021,1288002,E
e65643c3-0ee4-4d01-b109-54e4e7027f40,2021,57612,E
df870631-594e-4ba9-9128-6f215903d803,2021,22047,E
9e445034-dd6b-422e-b458-41cbe2d666f7,2021,95175,E
23124730-ed06-4ffc-8ac8-607ac4d7fc44,2021,64664,E
60a2159b-0b1b-445a-b0d8-e5d38aab6e06,2021,56172,E
802b5ff4-772d-447a-b287-4e3f649a714a,2021,97443,E
da8f07ed-cce3-4566-8d67-4a318ab9f2a1,2021,73140,E
0add5eec-bc86-449f-a754-540b08099ff6,2021,94762,E
1eb719c4-a1cb-4604-9740-9a3d245bfb93,2021,64664,E
0008d4ad-1150-4836-92d1-e9fe2585c098,2021,1288002,E
83f972fa-5933-4549-ad8c-fdde635a20b4,2021,56172,E
45514026-207e-47dd-9072-e5aaf7a73e84,2021,64664,E
df500f03-2b97-404b-956e-27cfb620d990,2021,1306689,E
69dade84-af49-4463-8fbe-17553bd985b3,2021,47505,E
04a7c229-83a3-4599-95f7-acaa4a6047ca,2021,64664,E
240c752a-8c2f-46a8-bdf3-1da0cc0adc5a,2021,97443,E
434d508b-27dd-45a1-81ed-1afbfe2256b2,2021,48675,E
42039d13-72a2-4224-95c8-c3c9ed19b2ae,2021,1203177,E
75d73c3f-1853-4331-a70f-d14bb68ed259,2021,97443,E
9cb237df-0add-4acb-bccf-3119edecd67f,2021,73140,E
5ef657b0-36f7-4dbc-a351-ec5f25e95efb,2021,47069,E
3ab34fe3-f25d-4920-beef-6ab1aa664cb5,2021,47069,E
8a437883-33ba-4e18-9adc-2769cc4cce1f,2021,1103723,E
84d1f357-9520-4f97-ab99-0c612c111cf0,2021,1103723,E
93dbac14-226d-4b7d-9f58-78ec79ae813a,2021,1103723,E
0c7a2932-9cb3-4456-a7a9-1cb45e11c6b6,2021,73898,E
05687e65-d26d-46ff-bc0c-42567ad0d519,2021,67601,E
5a92e5d2-df55-4025-b31e-b662ace5dd04,2021,67601,E
0c804d62-1a96-41dd-9c3d-2c2fd1a0d263,2021,73898,E
1ff352b1-9872-47be-9b54-ef90493e9b5f,2021,73898,E
8e233fb6-0eb1-45b7-95dc-d3178bea6478,2021,73898,E
7527e58f-46bc-49ac-b4b5-a3032b59d3ff,2021,21464,E
084de571-c717-4386-bcf7-4aa90277f413,2021,47051,E
09c66fee-e9e5-49cb-b089-e1d0c9d57f19,2021,73898,E
a45b2ac7-e21e-4fe1-baa4-f73abff114e1,2021,73898,E
54325232-d4e6-4d46-b15c-47177033e386,2021,73898,E
b7099119-4371-4af8-a946-72207f58c118,2021,73898,E
326f45ab-b7be-4a63-afc6-c4847e76469f,2021,73898,E
2e038092-d040-4b1a-b8d4-dd658d861504,2021,94762,E
94cd0ad0-a71b-4885-8fe8-5fca423c468c,2021,94762,E
9beaf5ae-f884-480f-986c-93858777319c,2021,20009,E
36ad166b-e0fb-4703-80db-912f725866a3,2021,20009,E
21b13dc0-9cd5-4ab9-81bc-4595fed2426a,2021,1306689,E
3ebe3410-af36-43a7-94c2-45ba57e2d67f,2021,1047907,E
b21a72d4-19be-4683-a895-1ed985e04b2e,2021,48675,E
4e71ab6c-f2dd-4f14-8ac7-05925d66b4a7,2021,18250,E
f0afa654-12b8-445f-9656-182451b8a50a,2021,18250,E
3706ac86-e84f-4d92-b845-ec44efad0679,2021,74737,E
b115a2ca-51f9-4fa9-b969-54d2fbc7688c,2021,88068,E
405d67b2-6e4e-4624-9d07-aeb3ca7fe7cc,2021,1042278,E
06eec6ff-814a-4660-b4ad-de06ff732ed3,2021,1042278,E
2831f9fc-6465-4796-bf93-956df7452282,2021,1042278,E
466ca4b2-eac5-4728-bebc-7a530c7d2a75,2021,22047,E
ef2e371a-fe4a-4d34-acae-5e968a3f8896,2021,56172,E
d3cd7112-5149-41c9-9b3a-c42158c7912a,2021,56172,E
3cf7eb95-9323-4041-ad09-387190c01f1a,2021,117532,E
7548e540-2ed3-4d36-b552-addaa1c910db,2021,98595,E
574ac14f-4093-4baf-a4bc-120e0457ad5e,2021,117532,E
931d6e3f-d0b1-44db-b24d-d85e6660fe54,2021,117532,E
4c71d5d3-c0d9-47fe-95b5-a5af03992f42,2021,117532,E
68e0be98-86fd-477b-b590-9ae92a05d7a1,2021,117532,E
4af73a78-6ae4-4925-be44-dbc95001d5af,2021,1108692,E
b5f3acb4-528d-4a94-b7c7-34c126a1dd25,2021,95175,E
6522e32c-ab62-44c7-8c37-b2ce72976116,2021,95175,E
5e3a939b-8049-44df-8f56-0d313cd99aaa,2021,95175,E
7c65127b-0e3f-4c61-a3ef-2db041ecd39b,2021,95175,E
3c466956-1f24-468f-a3f0-d52eb0621072,2021,95175,E
c96a8e93-e3bf-485a-806e-0442de9b5287,2021,99820,E
e6c9cc35-9bce-454c-8115-33b6e4cce3ce,2021,99820,E
945667a3-72c6-47d0-b0d1-cc0a5002fc98,2021,20009,E
2b5adc39-4237-4fd4-93f3-37185e056e20,2021,20009,E
ac764528-afce-4409-985c-2c5dfba0151e,2021,20009,E
01af0f43-61f9-4cdc-96de-2715808c2c7a,2021,1203177,E
28ce4259-5f2c-4a63-b14a-69713929b14c,2021,1203177,E
40edb7a9-fc93-4805-90e8-8e0264c07c56,2021,64664,E
f3148beb-513a-4ce6-b94e-3f410d8aa6cd,2021,46377,E
58ca4077-a892-4739-b344-72b49afb9374,2021,5000951,E
3d628fb8-904a-4c87-bec8-b1906e949842,2021,106996,E
7be4e21a-6d0e-4314-8aad-b872e7ebfe73,2021,43664,E
46f4e633-fe49-49b8-b33e-1d4567b4fd3b,2021,43664,E
ecdc4e75-03dc-41fe-b6a7-e04c44b55195,2021,1042278,E
bf08f6b6-f280-4c70-a798-6dca9910f003,2021,1042278,E
4f104fd8-4e9e-46a2-8f32-6751e8fbecbd,2021,1042278,E
00461dc7-91b6-4d9e-8a57-056dc988d57d,2021,67601,E
489dd586-2470-4eeb-a120-74b8753b3076,2021,1161716,E
cc7687c0-34dc-4914-bd53-71d77209a83e,2021,968,E
8406d8d7-234d-48d2-bcae-6ac5856c911f,2021,18683,E
72f5c38f-590b-4dcb-9264-f1faede10357,2021,40343,E
ae8fd4aa-6656-4083-baa1-0e9e624bea23,2021,5000951,E
d7b28fcf-4af4-4b68-8510-bc37bb51a149,2021,20009,E
1c1ec4bd-fa0f-48fe-9286-115333f0da1a,2021,1204325,E
b65c743e-ba54-4a07-a75c-6e8538b935cf,2021,40343,E
8bc022f4-c86e-4354-bd32-71b5bd7fd558,2021,117532,E
a1efe1ef-1fe3-4fa1-8a9b-bd01df8b731b,2021,117532,E
5346c522-7ace-4ede-b61b-a628d8a174c6,2021,91181,F
01be41f7-6ca5-49ec-ab11-7492ca388fe9,2021,1351760,F
c009277e-38ae-4ad3-a79e-32b068a38d20,2021,50981,F
b1d066a2-2e89-401c-be82-6b2e6c7aa0d0,2021,106996,F
a4d5f30e-45c5-4759-b149-bdf47331138b,2021,107920,F
02184a4a-d9d3-453d-af08-35725a02e656,2021,98595,F
d248ad35-f637-4230-ad11-83659f5d847f,2021,90030,F
eba2033f-8090-4f50-ade1-181aa01680f5,2021,83388,F
74b53289-ae07-4163-93a4-eab32986e0e4,2021,1103723,F
7485ff53-2a30-4cb3-9c67-5fdf4d44e8d5,2021,117022,F
ae4070c9-6d08-4230-9289-0b80ac9beef2,2021,83388,F
125e7214-957e-4056-a50a-ea2c364d3abd,2021,90030,F
f77d70ba-890c-4c17-8d24-ff1b38ace490,2021,67601,F
1100599b-304f-4461-8ab8-89834e78eb28,2021,1103723,F
b126cc83-484b-465e-bbdf-c735080b7c1b,2021,90030,F
2fc78f58-c71a-4db1-96f5-5a5b678f3e9e,2021,117022,F
36529997-4b5f-4a1f-94a4-6dcfa40c4e7b,2021,1322390,F
5ec76a9a-55ee-46f6-adb9-87b90c16f0be,2021,117022,F
52b1c62d-8055-4626-847c-56a334a890f9,2021,95175,F
e7b55ee1-8387-482e-9fdf-c3c067ad103b,2021,1351760,F
448bbb30-7264-48eb-b7b9-8c519e4110e3,2021,50981,F
36e75010-69db-4625-aa4d-6f62f3fb10d1,2021,1351760,F
c0e14865-f3db-407e-97bc-979627fb712d,2021,55402,F
bdf7cba6-9cdd-48c0-937b-8bebc748c1be,2021,95175,F
a8855a01-af8b-4e8f-ad35-882006dc97ea,2021,117022,F
2c88149d-fd6c-4960-ace2-f836064b6c43,2021,98595,F
2fe2deaa-803f-40e7-b175-837d7d5f3e9e,2021,117022,F
60e86d2f-0f34-4cd1-9c61-4ae11e0cfad3,2021,51020,F
e8940666-2575-47dc-8169-937cc7bd1cb5,2021,106996,F
c7af2f05-c110-4135-9cea-3da888e5461e,2021,19047,F
d8003ad6-0d59-47a3-9c72-78927294cbc3,2021,50082,F
d8a1beb6-0f67-444b-b807-b3a7044c79c0,2021,55402,F
946f75f4-4e89-4c21-aad9-4fadd9b26df7,2021,90030,F
dc25422c-3efe-481c-b8cb-802931043777,2021,50981,F
55e5acce-9778-4088-bbef-8da1b9139fd9,2021,17898,F
5e129a6a-db6e-454d-9f3a-054c02234ee5,2021,50082,F
fcdc2c17-a498-41e3-b183-87feda6c2816,2021,90030,F
cc5166f5-88ae-4e59-b6b4-e0beb5b20e8d,2021,1351760,F
88aab181-aef3-4c2e-a34b-f8ea98ba7e9b,2021,51020,F
7c814c48-146c-480c-99eb-fedf98e294fa,2021,55402,F
e8f30200-52dd-44e0-9de3-b55dd70b0caf,2021,117022,F
8edf9588-9d08-4a89-800d-62bf7a3ac700,2021,55402,F
3bd0fde2-a555-4fb1-91b6-475964383801,2021,1351760,F
562510f0-be02-4f5e-8a1f-af6c1177650a,2021,47069,F
9d44acb0-41c3-4ae8-b435-9973bc783721,2021,47069,F
0525727a-c8f0-4544-925d-8d6de247c094,2021,73140,F
8e76d5be-b78b-4c24-a9f7-def0e8709557,2021,68930,F
e695d68d-ec69-4069-b7eb-2045e26b299e,2021,64664,F
d6c18a04-5a2f-4bc4-9b2a-a513ea647c2f,2021,1103723,F
9e92f10b-0368-4551-a8db-18da44f2c021,2021,51020,F
2f325ede-22c9-431e-9f0f-5e45e02b56e0,2021,117022,F
20b5887b-7c79-4dff-bbfe-0e8d485c5d34,2021,50082,F
0422fa91-598e-45c4-8418-929de612989d,2021,1148708,F
ec3f6ef0-82e4-4157-b5cc-fbe25d8062ea,2021,90030,F
2e7725e2-b291-4bda-8562-5cf496b417bc,2021,117532,F
e8717909-59ee-43a2-81e1-7dd959af163b,2021,99820,F
fb358c82-cfb5-4ebe-9721-a73c6798db7e,2021,47069,F
d632a883-465c-4482-a7c5-6375043a90cf,2021,1103723,F
91947046-2b84-467f-a6e6-a6d3e829da8b,2021,1103723,F
bc45fbc4-58b8-4b31-a09f-7fb26df3ae03,2021,1103723,F
e92920d2-31ed-45a6-aab5-5a703414942b,2021,1103723,F
ff59458d-0307-4a2e-a2f3-a5b415ba692d,2021,1351760,F
e43d687e-95d0-4061-b3fb-3f8b7dbeb953,2021,1351760,F
e490fe88-41f4-4a04-bcf6-f95f44eada7a,2021,51020,F
b3b3027a-ecf9-4b40-834a-731e899573c4,2021,95175,F
dc5fa94e-b73f-45bc-9262-50234c9afbda,2021,98595,F
8d1e180e-72e9-4c4a-a3f3-40ff1fbb4ec6,2021,82364,F
05349929-0574-441d-b881-6f844147410d,2021,82364,F
545bd5b0-1a09-4eeb-9452-0c705f39d516,2021,90030,F
19b160f3-84d1-444b-9909-027436c393cd,2021,50082,F
af2a80d2-a255-49ff-97d2-1ac86e00d390,2021,1376181,G
afc23fd4-1eee-42ec-b3b6-2361236c4f4b,2021,106996,G
43f7a515-f0bb-40d0-aa48-7801fea94420,2021,58808,G
d3244b05-f63b-4e19-87e2-6956b28616fc,2021,37862,G
256a2ee8-7b43-4aa8-8b23-b1a7060f03e5,2021,1203177,G
da9ba37d-a2e2-4f5b-a6be-eaa650db18a7,2021,37862,G
708d84f0-3e91-44c8-8bf9-9c6e94d66207,2021,106996,G
91c58b44-111c-468a-a5fe-8544d11f859f,2021,101942,G
9ddc7523-ebf3-4a72-8b9c-bf8bae3066a1,2021,1376181,G
a176170b-a754-4f4b-9e32-7b57bad0cb80,2021,48205,G
8a699622-767d-4b2f-b9c5-e43b8aee8bd0,2021,107920,G
bd6ce2d6-2122-44aa-b9fe-fe8797371555,2021,1376181,G
6bad64aa-c78d-44dd-a265-31e51c6e1095,2021,107360,G
4de56044-045f-45ad-886e-e3bdc7181107,2021,64664,G
483e44cf-73e3-41ca-b479-708a4bd52dbb,2021,55777,G
1fa42305-8e7e-4825-81aa-7f99567f32c2,2021,1376181,G
55fe4b70-9dcc-43ed-9b83-b824df98d052,2021,106996,G
5cbb12d2-9762-467a-b66d-172af8018794,2021,18584,G
d71dac13-dec6-45e9-8a8e-8ae6eee965d9,2021,95175,G
23991a46-d973-4c0f-8a9e-b3b6c4d337e7,2021,1306689,G
2a829073-12a9-4f69-a3c7-849a42d004fb,2021,37862,G
7245db42-684d-4f27-81be-fb2565e1db0a,2021,106996,G
35aa6a1f-94ea-4345-996f-bab0f3fccc33,2021,37862,G
977dd82c-5062-49f0-949a-bc22fdd8d554,2021,49054,G
7ef8b272-08af-41be-a2d7-22cd545fd34c,2021,1376181,G
9298916c-f546-405e-9a90-b85e09f6c494,2021,95175,G
4245ab5b-aaa6-43b4-a2d6-83760c069dd1,2021,49054,G
c53ce121-199a-42c3-8997-3b7156eac8a7,2021,1300284,G
007cc315-ba3d-417a-9a24-c33a0ca28395,2021,106996,G
24033851-c649-4d2c-8d7a-b8080f071311,2021,1032473,G
4af8ccd4-69fb-41bb-8107-c074a0f5fbeb,2021,55777,G
1e2d307a-7206-4608-a82c-e638738cb114,2021,55777,G
adbbbb9d-11ac-4100-a80a-aadfbc98dabf,2021,64664,G
35f6df19-60ec-4e16-81b2-d949bd26ebf3,2021,1181115,G
a9e93bd7-b03f-44fa-9edf-73f8d82a0d33,2021,101942,G
7a67971c-1815-485d-b292-1dadcaa1b23e,2021,1203177,G
d7704068-4790-4360-a92f-48114cc813ae,2021,18903,G
432047b6-00b2-4c6b-a956-1fc4ef390525,2021,1427745,G
301ce56a-ddb9-499f-aac7-b83340698d37,2021,98957,G
b9c10d80-5be7-4b20-8794-74e1def92b1b,2021,21464,G
88a7d008-b531-40b4-be95-35363ba616ec,2021,18559,G
2fcaa899-d9cc-4f6f-ba88-6ff6cb82474d,2021,64664,G
16a08ba3-c68a-4902-8da4-33b688f5ea53,2021,54934,G
0daaf85a-fd9a-46e5-8898-971f195d220e,2021,114616,G
c4e68b16-813f-4f20-9768-9028628ea4e9,2021,101942,G
2fe0b889-84c2-4612-b152-bfc269276c08,2021,11730,G
85cd8c17-1e56-41b7-8016-5e326fa31081,2021,49054,G
1a1c4737-f2a5-4e72-a682-ba41cbc95d65,2021,99820,G
16e78371-5e9d-4b23-aa28-6e167518bfde,2021,1376181,G
359fcd14-d134-4a3b-a318-b6a914b7693e,2021,64664,G
ada31faa-a793-44f7-831d-c0b1c5556af7,2021,98957,G
e1159d6a-10aa-4e8d-b9a4-442bb6f8c3da,2021,99820,G
1401e7c6-2ded-449a-b074-df87f2fcd1ed,2021,55777,G
daee11a5-96bd-4314-8ef2-cd96a9b78f40,2021,11730,G
87832b09-a4c0-4643-9197-6ac8b5102768,2021,37862,G
dded904e-a03c-49d8-a8d5-25e7c5aa006d,2021,103062,G
25ae007e-a50a-4395-a453-73d0baed2925,2021,1376181,G
f1c2ec33-310e-418c-a261-dc3ae266442f,2021,64664,G
7a5e8584-16c1-4d1b-8a59-80328c7bae2c,2021,47051,G
2182016e-e24b-417e-b058-444bdbb32208,2021,64664,G
e2f07f62-d218-42d7-a34c-9c927fa130eb,2021,5000143,G
de19f770-a018-4c96-9567-1cf75cab7e59,2021,64664,G
8bb9cd5c-9ded-4c88-9cd9-7c5cab592d24,2021,11730,G
d31679ee-6599-4023-b890-04720e64f4fb,2021,98595,G
d61c03f4-5bc1-46c2-98e2-6815fbf49753,2021,98595,G
5a8e0fa8-1875-4dcb-bd41-1bdf9bab5ecb,2021,95175,G
1e4ea30a-4cf0-4310-a73f-f7fd19bdb349,2021,21464,G
8e7027c5-e87d-4dc5-8344-0476b2daf05c,2021,1376181,G
254abebf-f478-4f95-967f-9b0c3ccbbd07,2021,64664,G
6addfe51-f1a0-40bb-90a1-a4466c60f475,2021,11730,G
0f6e8929-31e4-4a49-93bf-1ed3c32618a5,2021,55777,G
d78faa1f-4665-416c-b127-186bf188299b,2021,64664,G
76d828ad-1642-481f-85e9-d1ade43449fd,2021,18903,G
60346bfd-94f0-4d7f-9689-f3e014489b01,2021,37862,G
f407ce44-f51c-4040-8cfb-d5203b7d622e,2021,53342,G
1c2d40dc-dc43-4ed1-8159-1ab6a252b725,2021,64664,G
1f14e421-7f13-4eb3-9362-5cebe02c27bb,2021,64664,G
6c853c4e-36c6-4249-a14a-8cb2499a9592,2021,64664,G
35a96bb0-bbda-4a28-84f6-4a70f4f773b6,2021,48675,G
c5934262-9aa8-40d3-8f2b-2035db900a9c,2021,13595,H
878d4fc9-c319-4b99-9dc0-83d185980530,2021,94762,H
3dc35e55-20ad-4ec7-af90-c3ab16b55b5d,2021,1322390,H
d46c9637-c04a-4b5d-9afc-d5a3f67a5030,2021,20756,H
6f21b9c1-124e-45c5-a2d2-d0da096efac6,2021,106996,H
810d0679-8823-4121-9d63-0d8e88e93352,2021,88084,H
2468c560-c72a-43b9-adcf-46881676d34e,2021,106996,H
e82c134d-f6a2-4257-9562-3eb1ab169ce9,2021,106996,H
0bd7ed97-122d-4da6-8230-d89548f11aed,2021,1322390,H
121a3cf5-151c-46ad-a265-65309a7cd1cf,2021,48205,H
1221fa1f-5e0f-4109-a0c2-5a48702ca0b7,2021,1322390,H
a022ea97-7b9e-4463-af9b-d787f09e35ce,2021,2209,H
471cad8e-7706-4c3c-8833-3b72fe11d9ba,2021,1322390,H
b6fd3d88-5d1a-42f0-b9f6-ec4575281118,2021,48205,H
fcb6b6c0-5e01-4a08-ac68-4d93e91f16b6,2021,107920,H
a8f940ef-6895-4516-aefa-d141b440f2fd,2021,47505,H
999e989d-127a-4f18-8dc2-8347de15ac77,2021,106996,H
5830d3f4-9ae0-4908-b2ae-91806aed6d04,2021,37862,H
a38a920f-eea6-4a05-9016-f8a411adb08a,2021,1322390,H
c7895be8-d4a5-4def-aacd-ddb71cd04317,2021,1322390,H
25c23c60-7ce1-4706-9a30-bbdd69a6bcff,2021,1258063,H
5fc559d7-17e7-43b1-b87a-4c4cc66aa407,2021,106996,H
1420a0ab-f720-43e2-adca-6684e60cbac6,2021,1306689,H
fc1656a6-5575-40dc-bcd9-cd52e79308ef,2021,1322390,H
7eccce2e-3fc8-452e-b182-8bad5e2d5edc,2021,106996,H
2879b946-f82d-48e7-98de-8d17afb279af,2021,106996,H
09be1968-9407-404e-991f-50dfd52b14fe,2021,1427745,H
8eabe980-e287-4722-b31e-ff3ae7318f6e,2021,106996,H
af211ca7-7170-4762-834b-58f39b5f4a79,2021,1270596,H
72deeed4-f802-4366-b38a-c0bbbd58bd51,2021,1322390,H
6845aeb4-deba-46bc-8041-c8eab4151a7a,2021,58808,H
4b7a0884-6f38-4ece-92e7-f4b0ee5a5733,2021,107920,H
065aa84d-809a-4638-990d-e6659115b07c,2021,1322390,H
90f20a98-d086-4c06-acb0-c76c9a1a6ffd,2021,37862,H
248a141f-6116-4dc0-9007-94db01a83745,2021,48205,H
eae6ceb0-8b3e-46f8-8378-24145e543fdd,2021,95175,H
b7115125-ffa0-434a-aafd-2de7e930b4a2,2021,107920,H
bef24fb8-f1d6-45b2-bfb0-662c0eb25567,2021,107920,H
35697e86-77e2-47db-bffd-01bd58d14eea,2021,106996,H
ec61e01a-c99b-474b-834e-f669c81dda86,2021,19047,H
90e8599e-9195-4d14-9e56-c3e8a6c3f2a4,2021,1322390,H
8f8fd2f1-a407-4842-903b-24eb80fe6f58,2021,106996,H
bd8c5bd8-b338-425a-93fc-297efe0cab5d,2021,106996,H
615ae430-ec60-4ec7-8f9e-1bd70d761cb5,2021,968,H
ac2ae44b-cc9e-451a-b49a-75c441599e99,2021,1322390,H
ccb7011a-347e-4234-a0d3-56aa53e00308,2021,114616,H
bfc5df1d-8b0f-48dc-8275-891f8ba25960,2021,58808,H
7adde31e-b3c3-416f-9fa1-546d2f01c519,2021,106996,H
1d4d3828-e784-4778-a356-8cd5371fbb28,2021,91181,H
60aafbe9-511f-4e14-bac6-d9a5921f598d,2021,48205,H
ee693663-5ea9-479b-8387-860e33d8a933,2021,20030,H
229f12aa-79f3-45f6-88e0-e88ec6bca60d,2021,106996,H
18278b8a-efb4-4f4c-bb7d-3c1e83087a7e,2021,94762,H
3dbc021e-b432-4bbc-878d-6c7d30e2f5b4,2021,37862,H
d10a72c8-ae1a-402b-84b7-e3c90866e351,2021,1315444,H
af04da15-7489-4196-aab9-817f9b99d256,2021,48205,H
1568f42c-347d-4ce3-bdd5-099277225d98,2021,19047,H
4b78818d-3fef-4172-a8a3-2f86069d3779,2021,19047,H
1713f5db-a6df-4195-baf5-21ee1ab143fc,2021,1306689,H
b35c2e73-7500-4946-8fd5-f096d45cd379,2021,106996,H
6d80a5e5-7384-4cb7-8b29-3b66e40cd9e7,2021,49071,H
d04ce851-4e5c-4a30-8680-0bc4d3c49ec6,2021,1322390,H
b2c13d13-227d-422b-b98b-4cf642e323e0,2021,55402,H
246b2aa6-417a-4ac1-8b31-9066ba554368,2021,48205,H
69c79b95-4e29-47b3-916e-4c4260d3b319,2021,48205,H
9ecb7546-58ac-44ac-a684-0883c9569583,2021,88084,H
d07947e4-0e32-4a9d-9d8e-7197087213f2,2021,11452,H
6a702f1d-65bf-42ab-a18e-44229f657d5a,2021,48205,H
f4ad13d8-3389-4f4e-a38e-e1074427c6fc,2021,22047,H
62177563-0597-47fc-a938-f3bf4d2b0c4e,2021,19042,H
0b442ebe-244a-423c-9f3d-8f88e74b991d,2021,88084,H
aa60f363-3e13-418a-81a4-03894356092c,2021,19047,H
feb2235b-2f4e-4518-99dc-edf6d1262ba7,2021,106996,H
018af8fa-a89c-4724-903c-e3c218870664,2021,1117717,H
c0921fc8-6d63-4f65-ae82-018f5bd5cf47,2021,58808,H
f5dbedbb-6c74-413c-8b66-f859ed3d7819,2021,1322390,H
e5094c6e-e7d5-4137-a2e6-6f735a1c5a03,2021,83388,H
46deec53-9a95-483d-8269-b62fe8d22255,2021,88084,H
28475824-cb76-4007-9f80-b76a149a5d5e,2021,37862,H
1952e102-3496-45ad-acdf-68ec70a199bd,2021,48205,H
88c2c36e-ce0e-4807-b47c-9b4f0f57eefe,2021,97443,H
9a956985-49a0-4f06-9ed3-4847d1115137,2021,1385488,H
8bfda3ff-4187-41ae-aced-156e2d4e4315,2021,55777,H
30366fb0-c9e0-4f47-869a-5e59b219ecc4,2021,64664,H
24628207-601c-4fad-834d-36fd933dd128,2021,1376181,H
06909ceb-17b6-4266-81d2-c21e4500a3a4,2021,56172,H
5386a2b0-db0b-427e-a39d-2bed7528fcd2,2021,106996,H
1d68e39e-9834-4cd3-9fff-fd17282a7812,2021,68930,H
a97af411-0923-4dee-80b8-180102499da9,2021,1300284,H
c40f120e-a544-497d-a2dc-a85483f3f974,2021,107920,H
a43be4bf-302c-4afe-9fcc-0acb30004657,2021,21464,H
6da1a16c-44a4-463c-90d4-f1eaea17781b,2021,48205,H
2d85bbc7-db7c-4b87-bb4b-34bf6df4d9bc,2021,106996,H
0986be2e-573c-42d6-ba48-154a87986b94,2021,88084,H
a0fd1102-e41c-482e-bd34-50d6f7bdbd42,2021,1403879,H
a4286192-a5c4-4ac6-a584-b28b7581f242,2021,1427745,H
9fe90caf-d38a-4225-95be-f52c59feb4a8,2021,106996,H
900b3a97-7e6f-4f60-b450-955423c3fbc2,2021,43664,H
d3beff80-9c5b-4505-8f2c-b84b5baf825a,2021,107920,H
0c138165-afc5-4c12-ba7e-2211a2a8f366,2021,1288839,H
11716570-b2f0-4423-a224-3f5fb585111e,2021,1306689,H
6fce62ab-0419-4036-a5e5-3cbba0db598d,2021,106996,H
ef1c417c-27b5-4738-9d4b-b1302072775c,2021,1322118,H
8c505a03-5710-442c-b44e-6fe2f0c34bfd,2021,968,H
57e9d242-efa0-49d0-a411-824c9d1ed21b,2021,106996,H
19d40d82-616c-4a43-9ddb-299885a94517,2021,37862,H
5127757c-1633-45c5-bcb6-10ea04d2f6b1,2021,48205,H
879d44c7-7571-4c95-9416-c7acb93e0730,2021,43664,H
01e4af77-a43d-4c95-87b5-ce15a3f09e30,2021,1376181,H
9f212f6f-16cb-430b-bf18-7ee9f3b61058,2021,19047,H
a80da8b9-84db-439d-95e8-c5da554a10c6,2021,1070485,H
167a0406-2610-44b8-ab14-71dde7995b77,2021,1376181,H
9fe1ab6c-0059-4a3a-9d86-d3f0c429e79a,2021,106996,H
5b60575c-0b2b-4c77-af91-97c71e313469,2021,48205,H
90036a73-0705-478a-b14f-0c3f27e5fac3,2021,106996,H
dc9ba9c4-f127-480a-bdf1-9d2c51cfa140,2021,1322390,H
940b78b3-69ac-4eff-92bd-e3a5cebf3031,2021,106996,H
363e2f1f-d13a-4093-b497-1c7d817ad47f,2021,107920,H
c103e5e6-6629-42af-a713-e2ea99cea4fc,2021,22047,H
550b9fb5-9d22-438f-90cb-8b01831de350,2021,9414,H
0f22e52a-c183-441c-bf6b-0ea6a36dc50c,2021,1190071,H
b226a400-bbcb-46ad-ab8f-f953dc92294c,2021,37862,H
b74bdc37-d4c4-4522-b348-125df55bac85,2021,1322390,H
ef9a3f89-2c96-4b84-81a1-b6b56448d703,2021,48205,H
e368989a-aef1-43b3-b8ac-2a1cf98201b0,2021,49071,H
e7f2943d-cc9d-4c0f-91b3-315f6fd19636,2021,43664,H
1e85ce4d-822d-4bbd-8a80-192132eca3fe,2021,20030,H
6363e28f-8cd0-4358-824f-4ab5e44ce0d4,2021,95175,H
8125604b-facd-4125-8a45-da115000c942,2021,22047,H
104bae28-82d0-4f09-bdb8-87d9ec6e292b,2021,20030,H
e0ec3ae7-0b60-4248-9dac-bde17be50e4f,2021,37862,H
ae1a2bbf-6018-497f-a809-1b14e8aafe28,2021,1181115,H
4dbf756a-854d-4967-b747-9253425b88db,2021,1376181,H
7a661870-f9f3-4724-ad73-07aba50a2861,2021,20030,H
04d39e53-c7e7-443c-9560-81e6093aa2a8,2021,1427745,H
67e6b222-8816-4bd4-8ee1-32ed168848d8,2021,48205,H
a3393d51-1b62-46c5-87f1-b21e42c0d472,2021,97443,H
17e9dbd7-e73f-4284-a9c8-45e91e891c93,2021,106996,H
9ccad063-115e-47cf-a95b-7ed58d260c98,2021,88084,H
6eadaa49-b775-465d-8658-6a72a1c0fac0,2021,1322390,H
d3c3889c-abb9-48c1-a955-b9996998f78e,2021,48205,H
69a9a6ce-0f1b-4b37-b792-c72b0e14cfc0,2021,37862,H
183b92bc-2ced-4f97-ac4b-69956ed25edb,2021,1047907,H
d9f5090e-5240-4605-b811-67f5ba81c39b,2021,48205,H
02a9bfc3-bc22-4602-9a62-6de39d509072,2021,58808,H
ea012500-36f0-4456-9b65-306eead0813a,2021,88068,H
359528ed-5118-425b-a361-e7978707ab8b,2021,83388,H
3b2091fc-1e39-4de6-9dc7-87ca4b92e191,2021,1070485,H
acf57fc7-918f-4f96-8c68-15eae942cce9,2021,22047,H
7cbe9b9b-f020-4a86-a6af-8dc19765dbd8,2021,1315444,H
e25ddbd0-2096-4357-aa39-6362ef68abff,2021,1322390,H
2fad493d-8897-4a45-ad8c-ad9fa3f173b8,2021,98764,H
ecae779d-14a6-40e0-bade-c72dd1d822ff,2021,106996,H
e59bf706-e230-43b6-8d33-182f619e9868,2021,106996,H
9d916177-8229-45b9-b944-b54b1008d687,2021,55777,H
840b2501-cbf0-4a88-8bb3-117c22f48575,2021,20030,H
b925dd84-13df-4826-a93f-12ee367d0da9,2021,10515,H
cf63f314-4277-42c3-b2d8-fc554f180bbe,2021,1300284,H
ef6bf40d-3724-4848-91c5-1bb124c0b67c,2021,1376181,H
468156cb-18af-43eb-b212-13c8994b4b0a,2021,48205,H
be0cddbf-aaae-4b43-ab7b-c96eb7bf1b53,2021,9414,H
d2dfd13a-de89-49de-b70c-c7a9e5c6daef,2021,98595,H
5bf8393d-36c2-495a-bb8a-e62c04179ccb,2021,106996,H
495e011f-fdc3-4682-af0e-2dd5e074e8b3,2021,1322390,H
31eac324-7987-447b-9651-ceb0ad110c86,2021,98595,H
5aa546a2-e9dd-4518-bfb4-6570cce62a63,2021,1403879,H
fd7922c7-7e5f-406a-9b8f-d609a119b063,2021,20030,H
bb2c2572-8489-493c-849f-7150c31c02ca,2021,73519,H
31d3740d-78e9-41b0-aac9-a9a801f7ce97,2021,317,H
d2817fc6-8dd0-4b6f-8e76-fb4f0d9aec8c,2021,37862,H
cb8da242-2125-4e76-bb28-a5f481399610,2021,1322390,H
49b784d1-3243-4cb0-8e4f-ed35b4e9319f,2021,88084,H
d0865e28-4cc3-4d56-81f3-499be759bd5b,2021,1376181,H
12ab1516-b767-48f9-b212-00cebed047e5,2021,58808,H
3de73e9d-031b-4729-92d2-8fe279f2845f,2021,106167,H
fd22f957-8f59-49f1-97b7-7083b91570fb,2021,107920,H
de6c6b48-0156-4eb8-ae07-dcea26aa46c5,2021,81210,H
1d3679ea-57c2-4ab2-9141-8c72ef3ab002,2021,1376181,H
914a91f3-1b9b-400c-b5d0-420dd4f0c84e,2021,1306689,H
04ca2bda-0a4a-4a3a-8f98-468725fb4ae7,2021,47051,H
ace4141a-788f-435f-b716-e252e98dd4d4,2021,19047,H
25ee7e5c-eddc-43aa-8a34-8f562797996c,2021,1427745,H
0994eb9d-c57f-4e3b-9844-516ca0306a32,2021,55402,H
302cb7bc-d205-4697-a45f-0c94b21c1d72,2021,106996,H
8216ad52-896a-48b4-bf29-5097df81f844,2021,20030,H
472abd1b-6737-418b-987a-539dd8ac54d0,2021,98595,H
0386765f-4750-4e26-9fe2-b71238da8865,2021,49054,H
3c8814a5-c912-49e9-9af2-4d9598ebe946,2021,94762,H
26790430-9f50-4129-b0c9-9820f0440d4f,2021,56172,H
f991ad53-e778-432a-a0a0-265f4ec306d9,2021,37862,H
8d798187-c52f-45a5-b8bd-32bf4ef555d3,2021,106996,H
256efb49-8754-428d-a65e-dc0b739dabff,2021,48205,H
e442dab2-90c6-4f28-ac67-64d5e8e043e4,2021,48205,H
3d544d6d-bf40-4591-96ab-49de58ab9f49,2021,22047,H
0a142df5-3220-4f4c-aa62-ed366dc538bb,2021,55402,H
2d1ee5ef-11c8-43d8-8245-56eddbaf4dda,2021,67092,H
b77c9237-c689-44e5-aa8a-384a91dfba57,2021,1047907,H
30ae0997-dddd-4e92-b8c1-2a352aba7b94,2021,106996,H
804a228d-6187-4fad-afa9-56426fe9dfdc,2021,94762,H
a523358c-4e92-41c8-b5db-548a57096b31,2021,88084,H
3490c05a-94eb-4051-ba0a-412ad217781b,2021,1108692,H
47b86886-e2c5-47f1-bb09-e72558053fc2,2021,9414,H
990269d3-2bc6-4df7-98a5-ec0dfbfb5cd9,2021,106996,H
5c9d37d8-54c4-4872-9e05-8db919be8238,2021,968,H
4c4c90fa-a73e-4d44-8c77-cc59eb58f2e0,2021,88084,H
d42b527e-5ae6-4142-bf9f-8408c94347a3,2021,1306689,H
757eb1ee-446d-401c-89d2-b11e91737d60,2021,37862,H
f7578744-8d25-4f09-b349-0e6bf9905591,2021,106996,H
4f124d43-3c99-4049-905b-8cc9898d522b,2021,1427745,H
4b1c9ea4-5c66-4398-9a3e-8ec1ae7b6cdc,2021,95175,H
8be996e9-ff1e-49dc-8b91-d815ed718acf,2021,98764,H
66ef5b4d-297f-443c-9b10-87194cac8bb6,2021,1288839,H
bd0bd64a-0691-42dc-a5ad-d1b9d3b2705b,2021,1376181,H
14d839b5-7d56-4ded-9f46-6c22c3f18bdc,2021,98595,H
c6e2bb2c-f271-49ed-a674-0e83f0c0b4bc,2021,37862,H
6ffcba37-7064-4455-ad7a-8be0af2efe9c,2021,56172,H
cc5b7125-d22c-434a-aa9e-a48fc3dbbc57,2021,1403879,H
2097a512-294c-41e8-a5ac-7753bbd884cb,2021,1314243,H
0248ed64-cdb2-45b6-9f86-b0fa3a8ed228,2021,55402,H
c8dcf488-34ae-4899-b43c-739c3f80b108,2021,107360,H
8ed2487c-f76a-4d1e-b9c4-6401a5393194,2021,106996,H
9093a9f8-3a04-4549-a09e-fa9a4b72c1f1,2021,74737,H
ca06ffa2-1242-4e4c-8461-4df24de2628f,2021,48205,H
4c30dbda-1655-4b1b-9581-c2f63501a8ee,2021,106996,H
886bdc5d-cb7d-4cad-aa3a-4ecc0655a044,2021,98595,H
a9dce66e-e738-4424-aeef-f60b06cbe59b,2021,20030,H
48205912-aee3-4796-943d-213a388d6994,2021,1322390,H
18449ea2-f76d-4ed4-972d-72d9037fe527,2021,94762,H
53c88d93-6c9d-4ef1-a1a3-7a433ff39c55,2021,106996,H
c68bce15-46f7-4918-b384-2b4068158510,2021,106996,H
f2fd640b-7212-4093-ae40-efea833b1d2a,2021,9414,H
087dd623-5f05-474e-ade0-650aea4cef31,2021,1322390,H
97f1d54e-9968-4d1b-be9a-21f4f166dba1,2021,94762,H
22aa72bf-f2f5-42d1-8edb-0aceff7c22c0,2021,47478,H
b0b9206c-471b-422f-9449-c8f574ea096b,2021,98595,H
0e05dae1-233a-481c-b213-d76ca55fc051,2021,106996,H
691c4b96-bc31-4314-8ff2-faffe50e8a16,2021,37862,H
2bbd39ff-0203-4548-8055-e6f8f4d9ed16,2021,98595,H
27b07b43-df77-4a50-9ddb-93e8874109f6,2021,37862,H
68b3fc84-b98e-4e95-bb43-ddb79acaca23,2021,48205,H
0ed6d02d-142d-4f3e-ae5b-04467844a739,2021,73519,H
cab7bab4-6fdc-4b1d-960c-e0b73c583bc0,2021,94762,H
e54726ce-7669-423b-8c8e-0e90c85d0773,2021,20030,H
8f065ad1-003c-4fb5-a7b5-1a9a0a47192e,2021,1288839,H
7cca4e3c-2b0b-45f8-a306-95c662b85319,2021,1306689,H
c0202db9-0189-48f9-ae2b-b466e82e09f9,2021,48205,H
b9c94405-26b8-493e-bdc6-092c7962d34e,2021,47051,H
e0f987e2-6182-43c6-bb37-fb980203bb19,2021,1322390,H
208038f1-c269-4e16-bfbd-b642bb20ad84,2021,106996,H
ce20ddd2-33cc-4c7f-9f75-7959592a3aa7,2021,1270596,H
b91bcddf-cf52-4000-99bd-44b386df9b9b,2021,106996,H
1bd6d1ee-152a-47ce-858e-4e19e20144db,2021,18683,H
7c6c49eb-bbe7-4442-a6b2-603396fd403f,2021,1427745,H
e61fc83b-3be6-4000-8eef-99147c911597,2021,1300284,H
c93331d8-2c0d-44a2-8ecb-d9ac706df2ce,2021,94762,H
d424b47d-25fa-494f-bbfb-6656da862848,2021,1427745,H
3327009b-9c06-4ba6-9fdf-6c18563dbee3,2021,1427745,H
b1631d6c-f4f3-46cb-8cda-b22da07d36e5,2021,106996,H
ea39e36d-265c-49ba-8e55-8267095b7f8a,2021,1204325,H
a7c66c89-7fbb-4f1a-8dae-a6e6408cdb7c,2021,48205,H
3eefa70c-661f-4b34-afff-ce1085ba002f,2021,106996,H
d0a40003-9e57-4a7d-b4c9-fa90244b3bc5,2021,94762,H
a959a3e4-5af8-4be3-9030-47eccc167634,2021,1047907,H
46746dfe-22ec-44e8-b6d5-d677ff711666,2021,88084,H
dbf02539-827a-4c99-9674-35123f690d1e,2021,98013,H
cb1d7d1c-0327-41b2-8a53-7a433322447c,2021,98595,H
9c15d8f9-92ad-4456-87c6-de1f4a44b1f5,2021,1306689,H
3f9708a2-4062-4929-b551-90ecddb31a2e,2021,49054,H
f126a977-519b-4cc1-8676-1b245ec647a2,2021,48205,H
79a37841-63a1-4570-81ab-12b355e78337,2021,54934,H
2c6f118d-270d-4a42-9138-579a7452e0ae,2021,107360,H
6c17d011-8f16-47cb-bab1-d6c300c8eee6,2021,1204325,H
e644bc01-6d91-413e-bac2-33c4bafa73bc,2021,1427745,H
b9edfd53-9287-4a42-a2a7-c514ea1e3825,2021,1047907,H
a10a9bd0-6322-4377-bab7-c57583541b04,2021,11452,H
6586309e-d3ea-40a5-ab9b-634f246cf44a,2021,88084,H
7f11d7ff-7461-4dca-9c38-7da4547d60ea,2021,114616,H
f70754c4-92e4-4689-b0aa-479b9793e848,2021,49071,H
ad76b9f9-999d-4c46-8b8f-8d2d74c88e7d,2021,5000143,H
7d4d6aba-4cb1-42f4-b725-04043cebdb0e,2021,114616,H
8205b67e-6f7e-470f-bbc9-3c0b79c79b5f,2021,68930,H
7f1ab0d7-2fd3-43fe-bb0c-4f294dcabf29,2021,106996,H
adfe604d-e928-49b4-9a9e-410a0dc26096,2021,47505,H
0036c00f-cd93-4718-975f-2cb0c1e9c3cd,2021,1376181,H
4c707228-27f8-4def-863a-cff94189d0f7,2021,98595,H
7d64f6a3-a5e2-4e6a-b42c-144c50bf6285,2021,114616,H
7537183f-d278-4b25-aa89-e4471d07a945,2021,114616,H
f48e77e2-de53-4c05-a43c-99aa80797e84,2021,10515,H
8c383685-9577-454b-824e-8068c442512d,2021,1403879,H
b70d08b1-4964-41ee-904c-f14f46db8ad6,2021,1288839,H
ba899112-60c4-4ed8-94ca-74c7f0c03b32,2021,1315444,H
282641c0-e74e-4725-adab-1950a3945e10,2021,106996,H
4f734a97-754f-4b1c-9993-8336026a601d,2021,1306689,H
fd6aa56f-1bb9-4bab-ba18-a81441958421,2021,97443,H
02998783-5469-4b97-b37d-83ffa64777e0,2021,97443,H
01db8427-e0bb-41fb-adec-aaa12c252591,2021,21464,H
eb1c63a6-d2f5-475c-b7b0-20f33d0d537d,2021,1136142,H
b1e14c13-f4d0-40ea-bcf1-8dbd39d2a21a,2021,37862,H
9d92ebdb-c02a-4a62-bbd2-3b0a48fa2030,2021,91181,H
863f1f82-1cd3-45ae-a96c-d20ae7b66242,2021,20756,H
566d9dd0-6d4c-49a2-9d78-04f5ae671a7f,2021,107360,H
0483aa0b-39a8-43e8-b92e-aaea72d56c34,2021,22047,H
bef381bf-f2ac-4b9f-99bd-c009650b7d1d,2021,1376181,H
58258b4c-071a-4241-b360-d0a776826bc5,2021,73519,H
524734ce-a3e5-44c3-995d-d0faad5e6906,2021,1161716,H
a8c045a8-5728-4e9c-ac4a-de8cb86525d4,2021,88084,H
43e2d7f0-06e8-42a6-b665-00483745ec4f,2021,1306689,H
dcdb5f66-bb8b-4357-b0db-85f53c0294cf,2021,20030,H
18ecccbd-de2e-48d6-81e9-22a8de43b1e0,2021,98595,H
612ccff1-cbf1-4cf7-9560-57b063dfc271,2021,1283028,H
83c12cf1-e552-47b3-ac40-ab48c6ea0fd1,2021,11452,H
38d6360c-6bd5-4804-a055-221ba2a85296,2021,55777,H
30613045-36ea-4007-9af1-1e7e41937089,2021,98595,H
8a4c31b2-8abd-4b1f-8fd6-2e1daa8926b8,2021,1422296,H
2d65f91e-288f-42ed-91c7-17b4333af0b1,2021,98595,H
521c1853-9baf-410d-9e84-66a55b087f70,2021,56172,H
2f392bca-b24c-449f-abbd-7799baeaf83c,2021,1315444,H
f8aad152-9cfb-4f1e-b27e-09edddd25a1f,2021,19047,H
9ed99f96-8ede-4fc8-8784-bc8939928464,2021,83388,H
4b709942-3ffd-4c5b-a66b-a8a18f2e8268,2021,106996,H
dbc098e3-663a-4423-917e-c231b0cbfe45,2021,98595,H
e5565b8d-f30f-4769-811c-2acac198933c,2021,1166783,H
1608abda-76dd-40a4-952b-7bc895726a3d,2021,106996,H
cf424eba-d4ed-4b3d-97aa-5091bdd37d6d,2021,116770,H
6b255f75-381a-4029-afeb-69d93f3315a3,2021,107360,H
d070304c-e21f-454a-9cf6-1b27e506b639,2021,1306689,H
01338f34-7bd3-4db3-8336-d7cf72deb6cc,2021,88084,H
15e377e2-2222-4376-bffa-aa9bbb2a96db,2021,1300284,H
cc8c8d22-40ef-4c02-9ab8-18c2a6d34159,2021,37862,H
13a773f2-0510-48ff-add6-227c11c952b1,2021,22047,H
6f593916-cb65-49d8-8a0c-9ee8a65411df,2021,88084,H
67a88727-a790-4241-a8e8-92a551b6f752,2021,67092,H
48af57c3-6393-4f6c-86b8-4dd26f525673,2021,98595,H
692c0cb3-fe03-43a1-8c0f-c42fe70f25a7,2021,1032473,H
2554a5ed-fa7d-4da5-b5fc-304355745637,2021,88084,H
c8fe64c0-2479-4978-b8e2-85f0b04582b4,2021,53331,H
791eea4c-6b2b-4d36-bae0-56927d803e32,2021,43664,H
40cc9504-7211-49bf-a474-17efa3a64b03,2021,37862,H
d2e8375c-474a-49d0-9896-3ff5d99956f8,2021,1376181,H
c667f7c1-f642-4a02-bbd9-9954b02d3295,2021,98595,H
0274d0c8-8764-4275-8530-0ceeb65dcfbd,2021,9425,H
a806c69d-b498-444f-b20f-36045a26c0a9,2021,53333,H
00335f91-8e8f-4fc4-af5f-79512066a70c,2021,98595,H
acfc8045-e9f4-478f-af8d-509793fb8222,2021,1376181,H
9c959fad-c6a7-4643-b254-b5d37190a64f,2021,95175,H
02db2bcf-93f4-4719-9c1e-71f0247a09db,2021,67601,H
eba4f93d-731c-437d-8202-cb7c036cf85f,2021,19047,H
861b2be8-d34a-4551-a8de-fb39f0dd46a1,2021,9414,H
68afb818-0ca0-4489-a1f5-04320ff8554b,2021,88084,H
91a20593-c156-4782-ae3e-1dbfc58e9da9,2021,1204325,H
a878a0b0-dcc3-41ad-a783-1f20707e222d,2021,49071,H
5c1d6122-f21a-48a1-83d5-a236565bc132,2021,1376181,H
008d9659-85d8-4a86-a1f2-6f15441d22b8,2021,1272079,H
ead1aca8-c7b2-47d0-8ccb-f969fe378537,2021,107360,H
02107a35-4dfe-4c6a-b060-a3726b81c106,2021,47505,H
4e79c8ce-daf8-41ff-b9cb-1242fd16ee2e,2021,101942,H
4535312b-0217-40ac-a97b-5cc0e8d9d6a3,2021,107360,H
b5b2b424-4730-4c2a-9329-9aa44a9d8cf9,2021,95175,H
ba1a0bc0-49dd-45d8-ac2d-723bfadff56d,2021,1427745,H
77eb58a4-998e-4faa-b05a-73f779f2d256,2021,1376181,H
14804b14-79e4-4435-867c-448c47d97534,2021,67601,H
aac07519-37a8-4537-a4a5-ee5060f1d27c,2021,1376181,H
a7394a20-18ce-4107-aa79-c75de6a8ee1a,2021,88084,H
8883373e-8c93-4d85-a250-818fdbee9179,2021,47069,H
1344bfec-8254-4993-8d31-98c4c5ad89a7,2021,106996,H
2ee23dbb-286e-4794-a71c-9b21f582aed8,2021,107360,H
20952225-435a-4bf0-a1fc-c08835539c1c,2021,54934,H
3bbb8ac6-4b25-401d-a8d6-9a7cf124d328,2021,13446,H
1755bea4-65e0-48c7-a35b-ea72c1c73684,2021,1376181,H
d75f50af-8310-496e-801b-24043280ee4a,2021,101942,H
880925f8-6736-4002-a879-517e1985af54,2021,53342,H
ab10f3dd-a793-48d5-867a-0e9b094960de,2021,106167,H
d84aed22-2c57-4036-a612-a04a499e3b97,2021,1427745,H
dfd79c88-bc1a-4108-a524-473ed7cd412c,2021,1047907,H
2a1bdb28-98b7-4364-afd5-a4ad62136248,2021,1427745,H
c5301151-e053-4c5d-9e31-0f5739208585,2021,1203177,H
d1957c05-be5c-4a27-923e-a5047208ff86,2021,20030,H
47afa4c1-6cc0-47c3-9b71-1201668ded8a,2021,20030,H
1822b911-3f6b-4984-8763-597d06f7cffe,2021,88068,H
77d3e3c1-2351-4318-b4d0-d96278273d91,2021,74737,H
794c750c-0e61-458c-844c-382e9b580256,2021,97443,H
99c8d954-d570-4b6b-bccd-65bc8561eaf3,2021,1376181,H
3c128627-f38a-4b4a-a60d-224930290746,2021,19047,H
7a303f70-c44f-48c3-8c5e-727628ba07b2,2021,49054,H
6e6b1f65-dd14-4bd9-b6f8-c5ee940dd3b3,2021,1376181,H
27445ea5-4835-4d21-a5fa-4575ce3da6bb,2021,97443,H
4432e7e4-63fa-4dc3-907e-4595d57710af,2021,12313,H
e55f6d0c-635e-4553-aceb-0c8e8d50b604,2021,49054,H
8ab27cc1-c88b-49f7-8553-150783c7a707,2021,1533190,H
d24651a7-782e-49f2-aad0-02ba1967d7f0,2021,1136142,H
81f70533-9091-4d38-80af-0fa8ebb7d852,2021,41238,H
051582bc-c0d4-4b1b-8030-e57805878e5e,2021,53333,H
38e35d72-2e2b-4acc-869e-081acc5731bf,2021,98595,H
37d61b1b-c7a7-4b94-869d-2e5430fbc0cb,2021,67601,H
e1a633ae-9ac4-4777-807a-fd69f926b62b,2021,88084,H
cc1f4779-96c5-4653-abd7-4df4d4a8081c,2021,94762,H
1cb8c50f-c02d-4e38-bb8c-7f2b6812972b,2021,43664,H
d9812f18-2c04-4f73-8a48-06935b147376,2021,13401,H
f50f81b2-a854-4555-82e9-0b0b49c5147f,2021,53342,H
05cbae0f-5829-43b1-95c1-c7dc65367603,2021,53331,H
194bcfdd-0e66-4a89-be4b-e687700f2ef0,2021,106996,H
4d0e59bd-c05c-455c-97a3-aad6e6f81f29,2021,1070485,H
41684b28-c680-4fdf-b47f-b66722243f5d,2021,59122,H
ed5c679d-a64f-42d9-b67e-464c92e38a33,2021,83388,H
82fc34e2-c803-4c39-861a-21d37e2643dc,2021,968,H
64b0d907-ebab-455d-97e0-8485ffa8667e,2021,20030,H
bba93a9d-3b6e-42ce-a65c-a0e703705cc6,2021,56172,H
29dc480c-2954-4525-81f1-0d706403dae2,2021,101942,H
e6252dd1-31a0-4268-8784-2221249cdee3,2021,20030,H
a5f8d318-4b78-47f6-a8e6-bd6a73ba12a0,2021,57612,H
483f3a72-12f9-4696-8a8d-7e196aaf6893,2021,20030,H
40e90d35-5c9f-47c3-b8f1-c97cddd8e20e,2021,49054,H
2e4fbda3-e92e-48a5-bb76-58340b53bc8f,2021,968,H
1bebadb2-4e78-497a-9006-6f24d1d22b36,2021,114616,H
eac64bbb-fd6e-420c-bfcc-ccb0d25bf7f4,2021,17898,H
f9f59228-40a0-4849-acac-598b1a6f64f2,2021,1270596,H
0efa90be-4928-46ff-84ed-92980cd9f9fb,2021,1306689,H
6c6f38b7-714b-4f9e-8f53-d76f39ca9865,2021,13446,H
1d8231d7-f02c-4424-820c-720d129d5837,2021,19047,H
89da419f-3792-4fc9-a53e-2967dd348fcd,2021,98595,H
eb72f7b8-1066-41bf-991f-2b94ba6d2834,2021,1288002,H
858433b3-1e0b-431e-a908-ab7e4ea9d422,2021,48675,H
b3f76eb1-7199-4501-a771-6f49c29a5cec,2021,98595,H
2791f420-4ab0-47cb-9a86-7b75bbbf54af,2021,98595,H
0d050071-58ea-4b54-9758-1184f7c7ede9,2021,54934,H
59992d61-66c8-4a49-a541-e935cd89a256,2021,1148708,H
d532ae4c-3055-419a-b162-6c8b47225534,2021,106996,H
e8c07d9c-ea8f-4190-9ef6-493eb4b6ccb4,2021,53342,H
54e2ea55-3af8-469f-8962-8689b2870c02,2021,22047,H
a4976b73-53dd-4554-9990-531221c18c43,2021,97443,H
c37c93cc-2f41-4ae6-abff-a87673d2c4d9,2021,55777,H
3304b0dd-7ac6-4474-9647-d477dbfd8521,2021,59122,H
6300a92a-be5d-410a-ad60-2793c2968796,2021,13446,H
a0a272af-7de2-4778-a34c-cb3e55047620,2021,1272079,H
df6d5508-2b52-4f0f-b2fa-9e0b641c88d8,2021,1288002,H
7cc349b4-e0ba-44d7-9d4d-a640b9fd0161,2021,513,H
9f7957a6-3816-4f08-90c8-f0731a029b36,2021,13401,H
6e643064-e2d8-4b98-ad85-2cebace42c29,2021,106167,H
e0b50291-62b8-4068-b0df-1d6339a10fba,2021,21464,H
a098bb06-75a4-450c-b550-b5979f894991,2021,98595,H
c4593162-0728-4c65-9cd2-bb6d009f5161,2021,11554,H
3878a1a3-8fc1-4a66-80bf-d274ddbce711,2021,59122,H
106a70db-698d-487d-8d86-bf6c89df6e59,2021,1376181,H
de509006-e426-46fc-b31f-53e5093ea58f,2021,1322390,H
7ae674ff-cb51-4d5f-a3a3-27e732505403,2021,54934,H
1f12adfe-a0ba-443e-9b9d-566d8cc6ce17,2021,97443,H
f0c654ba-345c-4972-8f16-43f22e405d33,2021,106996,H
dcc8ebd0-b51d-4c82-9016-b79d0eea1ddd,2021,98595,H
38dab035-6b7f-4799-96c8-80f6126517c8,2021,12313,H
85e993ab-81ac-4e1f-b41e-1fa7b699ba5a,2021,11730,H
88f9c716-9f95-49f9-a199-6795d3ee3ce6,2021,1427745,H
6e43d40f-5cbc-4c18-b934-120d4b1561a7,2021,1306689,H
4db2452d-7370-4752-aacb-9dcc19c3d4c3,2021,97443,H
fa9f1ee8-6c52-45c8-b3d4-998684dd80ca,2021,22047,H
6bc9f9f6-7009-428b-9a36-2eed420fc467,2021,98595,H
b65363c3-0998-49df-82b8-ce969045053f,2021,53333,H
0e46bd37-5516-4fc0-b6e8-908d2132f86e,2021,968,H
a1f82785-4d0f-42b0-83fc-7841a7e03198,2021,53342,H
b4237b08-ba3b-4ffe-bf63-bbb6f3ccfce4,2021,19047,H
308af9a0-1d06-436d-862c-7f84cba2c5de,2021,86326,H
e13fac5b-a93e-4dcd-841c-d67cb911a811,2021,13595,H
86c9a02e-16f3-488c-bbc4-7640367f5e8f,2021,98595,H
5d1405d4-f1a1-4c52-8e9f-2672fe49b502,2021,53333,H
235e3c45-76f9-437e-9021-c86f02fe57b1,2021,19047,H
cbe88619-ad2d-4ee5-91a7-1400c00ac002,2021,67601,H
84aa6a9f-6998-426a-9ba2-223a0a80e03b,2021,1422296,H
c8791e9c-3e19-424c-8a80-5019d99e4705,2021,53342,H
7535070c-7bb2-49c8-8477-357aec0f248a,2021,1288002,H
1058ff20-6d3c-40b4-8243-4fe95d03f7e0,2021,1288002,H
6cb14c6a-3831-443a-a249-e651fe9f6248,2021,114616,H
b84f89ff-c24f-43d0-8d30-2bd24da5ac1e,2021,13277,H
bdb8ab0e-1cb8-4ed1-b6f4-d1ed5575a9aa,2021,1422296,H
3b730bc4-2e59-4c48-9e90-c4b81d1ef567,2021,1136142,H
59d7a36f-2ea8-4787-9804-f32dfa97dc27,2021,1113582,H
9a741ffa-d6d6-4a29-8893-eab76cbbb925,2021,1113582,H
094d9685-d361-4d01-a5f7-64e0c3a9c26d,2021,1113582,H
9aa89bc1-86cd-415d-bdd9-ed9a6b67ae31,2021,1113582,H
b5c19756-52fa-4d8c-ab42-3bfae2496df6,2021,101942,H
44c927a7-92e5-4b0f-afae-67a0112a23a8,2021,86318,H
386748b6-831d-46d3-be28-bd2083400c6e,2021,86318,H
148da622-e621-4b49-836a-b39c9d452131,2021,13401,H
1ee5ad18-e065-4b37-8bc8-88df9ed9d023,2021,73898,H
48ef4d59-02dc-43bd-bcee-a7bddbb51b6e,2021,21464,H
65efec3f-dd0e-47eb-9901-2621eaefdaf4,2021,21464,H
dea014e9-aa38-48db-a210-e94eae17f699,2021,41238,H
7933710d-aac9-4bf5-ba54-25cd9a8066c6,2021,1148708,H
167ff573-fef8-48c3-8232-3569f728ce76,2021,9440,H
4d13a78d-79db-46b3-a9f4-06c5d29da962,2021,106996,H
8cbf3541-0ded-4f62-8c13-87e6dea4896c,2021,19047,H
a92f592f-3cd5-4e82-9980-0a60c4789584,2021,1376181,H
104d3edd-c8fa-4c1c-abe6-8c8f829f8a25,2021,1180773,H
8f2c368a-17ad-4fff-b4f4-d329bd8a9715,2021,73898,H
b8532fce-b58f-4831-8fd6-96af421f09c6,2021,37862,H
b9165776-f0b7-4006-8be0-cde715123a74,2021,94762,H
22f898e8-5f69-456c-8ead-128ca12d378d,2021,20009,H
bc0a0522-3d05-4588-8948-ecf4cb096ae6,2021,20009,H
8066421d-a2c4-41af-97d9-6de2dd405638,2021,20009,H
a186de06-37ff-4164-8b91-a1e23c56348f,2021,20009,H
db360a5c-d608-49bc-b6d4-7661a13364d6,2021,1306689,H
c57f3c8c-c324-4667-b425-1c89e23e7175,2021,18250,H
874af98c-4316-4220-a5bf-3e153a8dfd4e,2021,18250,H
8de15d91-7dec-4f74-882f-4badd2a5bd95,2021,20030,H
2f176436-dd0e-474c-85eb-84733f2f9d2e,2021,20030,H
a63ee241-8838-44db-9cd1-46a30a549c00,2021,56172,H
2aa7c9b0-571b-4428-bed0-ac8cc8147cb6,2021,1108692,H
04fe63b7-9eca-4736-9727-f42676c75603,2021,1427745,H
dd68a04a-78d0-46ad-a1d9-ed443d7df0ed,2021,1427745,H
16175950-6617-4202-9b6f-26cd032d8cd1,2021,1427745,H
6397b218-3aa1-4e27-871a-c0c60ccc926f,2021,48205,H
09a22e36-d8a2-45a8-9a93-8f1219bb89db,2021,48205,H
ce689e47-3788-4f6c-aa43-9f341bed9ff0,2021,106996,H
67deb3af-4941-47d8-b39f-a02abbbe3a60,2021,97443,H
ce4bee43-9b8c-42e4-9566-0756ab86b404,2021,98595,H
08bcc08b-36be-49f3-94ef-6b458c2b6ba2,2021,117532,H
ff403e86-e9fd-4c69-9500-88463c67c765,2021,55777,H
5b440c98-48ff-42a5-a872-611016117967,2021,106996,H
3e32373d-cecd-4483-a345-079b120439cd,2021,58808,H
41b5b234-a11c-4f6c-bf42-e2fc7dd35fd3,2021,20009,H
38bdca4b-4975-4485-88da-2ce459e5d773,2021,98595,H
ec9b2679-fb68-4f54-9478-9cb7c5d851a6,2021,98595,H
1a0ee286-72a3-434d-9a80-f8a2d2da7c10,2021,98595,H
3d823232-6c3e-444d-b9f4-ecdc0fb60992,2021,98595,H
60877847-5397-4979-9045-c853b0f83387,2021,106996,H
bb64c765-3c8c-419f-8448-b634f1e9c040,2021,1322390,H
b32d85dc-41d5-4417-8f76-963ef5aaacfd,2021,1322390,H
0b0f5698-8349-4423-8e42-32f65368b2a7,2021,1322390,H
eee76a97-fb51-46f7-b7ba-e928e9b09609,2021,20756,H
b7436376-e7ee-48ac-bf06-681dbb377b68,2021,49071,H
e5816444-2372-4d03-a94e-e607de8b894b,2021,49071,H
15e4c6d1-bee0-4114-934b-68e4993f2cbd,2021,49071,H
e2db8e16-2d45-42d8-b06d-9cf7cb47c6ea,2021,64664,H
2d0d8854-8be3-4645-a008-05e1f4b2e3a6,2021,60886,H
bb6b92ac-0f85-45de-8866-4634f9a93da1,2021,1422296,H
939ae417-b116-427b-a1a5-c26ebfa47f29,2021,1422296,H
b9733348-982b-4d97-a785-05afe7bbe1af,2021,1422296,H
1cd6b078-f584-47fc-9430-7dbc50332ffe,2021,5000951,H
bd7d891e-8b4d-435d-9d80-009eec40160e,2021,5000951,H
d2918e39-e77a-42cf-a0d7-834dc7a3b107,2021,5000951,H
309d9fc1-b9ea-42b5-9f0e-426f0ab365e3,2021,1181115,H
01218059-edea-46e7-82e4-778b0639c78a,2021,1376181,H
e40c4b1e-852f-49ce-8327-019cb3ec8a51,2021,1047907,H
6d5828de-06e2-4375-97c5-1280f3953357,2021,1042278,H
628f087f-03a4-421a-b7b6-129b5b166d79,2021,1161716,H
d3acd5b1-e2c7-49cc-871e-a70175c539ee,2021,88084,H
2f0cb27d-bd1b-4450-803a-c2708f601732,2021,19047,H
ac58c92a-f185-478d-9d4f-677eb39bd94c,2021,49054,H
17a1ec34-4e14-45ba-93a5-8bbe69ac20ca,2021,1306689,H
5ec397e8-7f53-42b0-99e2-342964f2e836,2021,1306689,H
d96a07b1-a1fc-4849-8124-63f45acb2673,2021,968,H
b99d876c-060e-4864-b989-6ced86851dd3,2021,98595,H
9062127f-b8b5-4413-8a73-23611862242e,2021,98595,H
fe2674a9-c9af-4963-92f5-c8a7427230b7,2021,1161716,I
4cefb023-b3ed-499c-94ee-3a6c7c7075db,2021,94762,I
696373ba-9f4c-4850-a835-6296ac7038ac,2021,94762,I
9aee76df-20bc-4281-884c-f46a345474a6,2021,114616,I
7bcd01af-c589-4db3-b88f-be4eb9fd0f9f,2021,74737,I
483ba177-3fce-4961-babc-d5f86fefe949,2021,98764,I
a8f815fd-90ae-4b7f-b6a1-c9dcb616fd57,2021,49071,I
f4786af5-47a9-4470-aab4-ccac460a37c8,2021,98764,I
32c31a8b-be0f-4f48-8978-ad205477d0b5,2021,1108692,I
54858311-5d3a-4c84-af67-b322e41b1753,2021,98764,I
bc932ee5-7876-45d4-97f5-4d93380e9a0a,2021,98764,I
aa9824ab-695b-4560-933f-26da51baa006,2021,18903,I
b94a5348-334a-4770-8f2c-5a135bd846b1,2021,20756,I
3b375041-a98d-41cf-8185-dc0cb8413a8e,2021,58808,I
0c59b6b5-1273-46f4-b5e3-024cd9924ce3,2021,43664,I
61fa1777-ff78-4668-89ff-75fc8b577db8,2021,94762,I
20c0070f-3551-4185-8feb-81cd2ae06dc9,2021,88084,I
70e14f6c-e9a5-43d0-b10e-280dc1e455bf,2021,94762,I
ed9e4418-cc16-4ec5-81fb-afdb8a6c1683,2021,58808,I
db6fbe77-ef5a-4d6e-95e3-6e5f351a7621,2021,19047,I
bfe8f19b-a1de-481d-997e-f13eac471ab0,2021,18903,I
292ada2b-7f4a-42e3-9fe9-006f2a7e9e6b,2021,43664,I
54c8dbda-1baa-4924-9ae9-134990958895,2021,74737,I
51fdaf07-18b7-492e-8350-10af30e523f2,2021,1070485,I
88a2e78e-1c79-4252-9f49-c7807d6260f9,2021,58808,I
4cddb5cb-32fa-40f7-aabb-5aacd0be6ea1,2021,1306689,I
01b91e2b-f75f-416b-a264-ca30112df91e,2021,1283028,I
16342378-ff13-4e06-a600-39f9d43e7de8,2021,1385488,I
6efd24ff-ad35-4688-aede-502b5214a70b,2021,18903,I
cda2f2dd-c812-4e20-a040-d0b058d7da1d,2021,48205,I
88a54ac2-ca53-4aec-b2eb-52f107c693a2,2021,1376131,I
0f216fe7-f9e5-4f7e-8e0d-ce6d4526fc12,2021,13595,I
392b8fc0-a876-4ac4-b35a-4f6151407205,2021,968,I
7e019e44-1838-49ef-b074-40889a655dfb,2021,20756,I
984738c6-3f8f-447f-8af1-ac13d5e815ac,2021,48205,I
3ce80fae-c58f-4c97-9f28-6c99aeb92dc8,2021,98764,I
82f08fa5-eaaf-4d8b-b644-fd382c4a7f9f,2021,1161716,I
7ebf7f5f-6d04-4e71-9dee-86c1903792e4,2021,98764,I
6dd3311e-81bb-4398-b163-7b4ec402693f,2021,1148708,I
f052f647-9ba3-4105-9caa-6568d0b25d67,2021,74737,I
c6715be9-4324-4644-8d86-0305062fa3d4,2021,1283028,I
ce4a3759-2f06-4329-8d15-507d055e36f5,2021,88084,I
b53fdefd-cd92-47c6-a681-345bd92401cd,2021,88068,I
586dc73c-2f01-49c8-8e96-b467f922eaaf,2021,94762,I
af6a06eb-d50f-48a4-b58a-80f5928c9785,2021,1283028,I
fe3545b0-f30e-4c84-83d6-8052a653e340,2021,114616,I
48777213-2285-4e15-bfc6-a72813f7a17a,2021,107920,I
6cbc8cd0-5874-487e-97a6-315f524f7a0f,2021,968,I
eafe1d18-20eb-4514-9134-50cf63776aab,2021,58808,I
5b4d60cc-4861-43c2-bf84-11f6681ed646,2021,103062,I
f855840b-70c3-4cf9-8587-b428b527d791,2021,98764,I
17b1b21d-a080-4f7f-bd2b-2fdcd3c8e648,2021,43664,I
911bda9c-f2ac-41da-a6c8-d34bb34251a1,2021,1181115,I
8c494480-0ad4-434b-8342-2a717bb5e5d9,2021,94762,I
664145d7-ebe6-440b-8d3e-c5b0757cc66d,2021,18903,I
f4cd3833-eec2-4fc0-a9c3-62dee7dc463c,2021,46377,I
52f6da20-271d-4a6f-999a-0648b6536eb9,2021,1283028,I
30dee243-5070-4654-8d9d-691d5b6d3ce2,2021,968,I
bbf67726-fe39-437e-b311-d12572f7b8be,2021,94762,I
33a83d24-a444-4c93-8f48-7a1b6f9b65f7,2021,94762,I
0b8a7287-3325-4c4f-a300-c2c31b3027bc,2021,1385942,I
cfe9427d-943f-43e0-b6bb-7fe974d0c74e,2021,49054,I
c58f14d2-b4df-4b8b-9985-71db4496a951,2021,1070485,I
e9cc551b-12b2-478e-8a63-a71cb723096f,2021,1047907,I
80d2ff8e-fabe-4c50-8154-ede90d1250c2,2021,18903,I
1272a4dd-1c7a-4d51-b47f-617a193a04cf,2021,968,I
58ac3e5c-614b-4105-89f8-ff875a93b13b,2021,68930,I
d7e00bf9-6baa-4666-b781-b7241b5301f1,2021,1322390,I
24135274-a63d-4a04-8856-bb5c42c0aeca,2021,43664,I
5e679bfc-1d48-42ec-9ee5-f978f3309c9b,2021,98013,I
4bfebe31-f4b5-48df-b025-ee3ae2f40999,2021,48205,I
3969a2dd-4e22-40e8-92d4-00a771e734f9,2021,1385942,I
0968a79f-6419-4ed3-a112-d1767b50ac49,2021,55777,I
72ef1939-5dce-435b-aa64-3c48a090aed1,2021,114616,I
a1ec7659-42e9-4a20-b9d8-a36831b8a5f0,2021,53333,I
5b23a61a-3e2b-499b-8ce7-a1b19386cb04,2021,49071,I
d80c873e-6dd0-4d87-9a1a-8789c515f330,2021,98764,I
80f37ad7-f816-4c02-b8d2-fdc308ea53a6,2021,1108692,I
b043ab42-ad10-4e0f-9c4e-a717ce84ccf1,2021,1283028,I
f8c53aea-bc7e-4ea3-9a0f-aa0b3fb37273,2021,1283028,I
c5855fac-f8d6-402c-b609-41830bcf093d,2021,53333,I
8c7fc659-d0fb-42f0-8db7-7e13f526d672,2021,55402,I
82a269ea-8f9e-4148-8651-7946c5dce0db,2021,1385488,I
cff26858-c539-4031-a24a-afb81144c8a7,2021,53331,I
ba42651a-767f-411b-8a43-df52b0ff77ec,2021,94762,I
d95cc494-2022-4a2d-875d-46b44a9fbe43,2021,98764,I
c74e0269-7396-4201-9fbe-c2f213462307,2021,94762,I
51170200-34d4-4060-aa96-4d1c72cf125b,2021,64664,I
aab4ea05-35b4-4fa5-bb9d-8d5698cf2679,2021,94762,I
6c650c4f-5269-4648-b55f-33aa1ad23a1b,2021,1108692,I
0d7e7b32-8fdc-4624-bdbc-1d935493f764,2021,19047,I
181ea2f4-f64f-4df5-85f8-fbbfb261666e,2021,48205,I
29bacffd-f78e-479a-af6a-057693f52859,2021,1322390,I
a1268faf-526f-449b-bdd3-e9ff15b22e5d,2021,1204325,I
ca68c73d-e72a-4c19-90e1-bb393bcc8b0f,2021,94762,I
0f59c069-8043-4700-a692-e5dcd9950ee9,2021,49054,I
9cedcc2f-dce5-48cc-91c8-dab5a18ad0ad,2021,48205,I
323807b5-70ba-4e34-b5dd-e766d83416da,2021,43664,I
92286f70-d7e0-4f4d-aa30-33c48f0576af,2021,88084,I
fb9414d8-c9b9-4d01-9f4c-a379a277fd95,2021,88068,I
b7f8368f-16f8-40d7-9f09-fd2af9b31661,2021,94762,I
8f3fa6e4-3957-4f08-93ee-a8845598d970,2021,21464,I
e6de1915-d948-4d92-b0b0-5bf676e1aec5,2021,13401,I
43a6ba6d-e79d-4bdc-8808-00a1a1e95616,2021,1322665,I
2e09876b-dbbe-4625-bbd9-20bd67718e2f,2021,94762,I
db598ff8-4994-4818-8282-41834d1d14aa,2021,67601,I
82056d02-00eb-4a48-b608-8086749f7c24,2021,73140,I
5c9492ad-95dd-44c4-b31a-43947588d65f,2021,11452,I
d301a261-c13e-4ff4-8af0-3005a0d3c5ee,2021,59122,I
7612d752-a772-47b2-9fbc-5da8b8a0d562,2021,1283028,I
57e608ff-4d4c-4877-a5f9-05e810eafdaf,2021,114616,I
53612d5e-796d-4fa4-8d40-545fa9f8fdec,2021,18584,I
0fb93f19-1d02-4d58-a828-9895ddaa157c,2021,1108692,I
fe181607-2af8-42f8-88da-0322d8fe3195,2021,67601,I
1ca61b78-54da-454a-858f-92ed388c4271,2021,1108692,I
512016c0-afd1-4ebb-8229-c510bfd0c462,2021,62484,I
569c72ba-bef7-4ec5-af4c-347aca9a0e2e,2021,11452,I
4e2bbcfb-b884-4ccb-a890-e60fbf9f10d9,2021,1283028,I
ee4aaa0a-14ae-4070-abe0-5fa1aad3096b,2021,1385488,I
b6f9e8a8-8255-4229-9cc8-518cd5273f19,2021,53331,I
1708eb8c-bdde-42c1-ba11-d0fbbab72d56,2021,68930,I
ab567c62-5c4c-4139-86be-491804047afd,2021,21464,I
3d16cbd4-e36a-408f-97e5-b8ec6f0c8cd8,2021,13446,I
d7318c26-4fac-48cb-95d0-c118e9cc85c1,2021,13446,I
bd2b654f-5467-44bb-935b-aebc729bfc83,2021,1032473,I
ac6f8246-56e8-4c1a-bbe3-5e2840f893d4,2021,20009,I
8ec1f3e5-3149-4dbc-a946-8f8eb7f724c2,2021,1108692,I
359fbda9-feaa-4a38-bdbd-b2b6ebe5be0f,2021,48205,I
1c572b3c-32d8-4aeb-aedb-60d94d40019a,2021,20009,I
33dd5894-f09d-4428-bd62-99c15d8d3440,2021,1322390,I
5e56d7ed-856d-48af-b96f-a66e81d2ea15,2021,20756,I
af26571a-26bf-4432-a43c-1bcf0374bce3,2021,1422296,I
1fb4a8f6-9a85-4ca9-b7e2-4e7ef9331138,2021,5000951,I
feacd14f-21d8-44d1-acba-e7e68f2191a8,2021,5000951,I
83b0acdb-acc2-4d36-a479-bb6c9115e3ed,2021,5000951,I
f180c2f3-f4c8-4ded-a628-d8df609ff33e,2021,43664,I
357c9366-246b-4b57-83eb-661f4ad82db3,2021,43664,I
c1a3d534-4875-4e84-befc-7f151a5b5cb5,2021,22061,I
775328f4-7ea0-41c3-9546-3942160af26a,2021,1306689,I
70e6232b-b928-41df-aefa-c139dc2e99e3,2021,62484,I
b9b997ea-6bbf-4436-9b14-5e097558ddb7,2021,88084,J
69543c0d-1ba0-45eb-ae8b-baa0270713d3,2021,37862,J
747bf723-ddce-4fd4-8f2b-9ead905e4224,2021,43664,J
f83ea8a8-cd96-430d-955f-b2b68f8c612c,2021,74737,J
4b37d6cd-2c3d-4988-a70e-27139523a96d,2021,67092,J
912d3385-0eac-4f62-83f3-99a86f2f7d4b,2021,64664,J
3e1d6e88-b6bd-445e-ad58-1e00c8a7d935,2021,48205,J
7a825f8e-64a6-4f38-b72d-20a199b4de32,2021,1047907,J
a2fe4a71-7ef9-44c6-859a-65b5ed721546,2021,107920,J
2ce40ce5-666d-4dbc-b998-1819ce136c05,2021,1306689,J
2875a060-fbc3-4d98-8782-227bbc469f6b,2021,19047,J
cdef3ee9-13ed-4ca9-ae94-bf948575f55e,2021,1385942,J
952a2fc2-7c5d-4a19-a512-42c9965885c3,2021,88084,J
f3f9388f-3ad9-4f63-9d1b-f915bb190e6d,2021,1204325,J
f36c15fd-4b85-432a-800c-8c57d31837e5,2021,94762,J
98e43b40-27e2-4b9a-836d-a04cbe75e8dd,2021,1306689,J
713ae869-329c-4c5c-a90b-f6af87b4083d,2021,37862,J
6d011a7e-45c2-44a1-8360-e079deb034e9,2021,11730,J
5743efae-1fcc-4adf-a701-a1c0ff9afee7,2021,107360,J
ebd74424-9d03-456b-abaa-19580c1d8f6c,2021,106996,J
bacf15c4-0d89-4efc-ac74-c1c3695122af,2021,9414,J
d834cb5f-ff18-4c03-bd31-7010a307a8e6,2021,73140,J
71786137-4de9-42f5-90a2-5fbe95f607d8,2021,55777,J
66b70147-c066-41f7-b904-a85fc2430930,2021,9414,J
a59589c8-4bee-4167-8e72-6f805f2762f4,2021,1047907,J
f2f0ad6a-9d0b-46b8-9add-a9f3fd50e818,2021,19047,J
6a516f5a-2717-4c08-97f7-d09e85cd9fae,2021,107920,J
859ae7cf-5623-46e5-80c2-046b5278ea84,2021,1108692,J
97e7bad0-7786-4d9c-9391-9f0b3c9c7912,2021,40343,J
90ba54df-1f20-4de2-ba93-034d720cf797,2021,1385942,J
9462020c-f10f-449f-91ed-2533ed358016,2021,117532,J
73422636-e9b3-471b-a12a-b1848fc14939,2021,1322390,J
7f992c6f-0335-41c2-b539-0ebd86fd0c7a,2021,64664,J
cc6d9691-6fc7-4784-833f-bb2e0fe6ef8a,2021,1288002,J
6ad2b69c-f452-4431-acec-f726e96aee61,2021,18250,J
3cdaa051-e110-46ac-aae8-bc1633e6b218,2021,18250,J
eff5b2bf-5ff4-4ebe-b6f6-61b6d4480191,2021,1042278,J
1e4348b0-d736-455f-9390-2918621282ab,2021,107920,J
5f090c87-3159-4c2b-845b-7ce979cf7028,2021,1306689,J
9743d166-9f5f-4f23-b976-dcb90cafda75,2021,118994,K
dbbca1fc-4257-467d-a0c4-cce21556b89f,2021,1300284,K
80ceada4-0429-4caf-a639-12e0d2e298e4,2021,1108692,K
93fb848f-1446-480c-9529-006bc658af16,2021,74737,K
19be3b65-ab3a-4603-a232-0befd4326a89,2021,18267,K
c576551e-0c39-40dc-bba2-d795d06a621f,2021,83388,K
2e32637f-21bd-475f-8629-5d373198baff,2021,1322665,K
4b5fb701-8a07-4778-b6b4-28e04def0896,2021,1322390,K
01c75d93-8382-4229-9915-b6d5ce9da9bd,2021,49054,K
519e33b9-3988-4fc8-b0bb-7eb569ba6db1,2021,1385942,K
b0780c0c-2cee-45f7-b40a-ffe195900030,2021,47051,K
007b1914-95b6-4a60-87f2-e4ed44632eaa,2021,19047,K
aadbe2fa-b3cb-4292-bef6-9e326eece092,2021,18267,K
ced3f113-495f-4679-875c-6783f3962dac,2021,968,K
d2b5389e-29ed-4720-9d08-3fee8bec294a,2021,64664,K
957435bf-7674-46b6-8c71-f287bcfbb9db,2021,20009,K
c3bcffd9-2ca9-47f1-8045-36d9bda57a6b,2021,1042278,K
3520bdb6-3d23-420b-a568-d41a63e034d0,2021,1300284,K
001c4dab-75e1-4c18-9098-ec9653e284f2,2021,1385942,K
7a1e996d-1ae3-4140-bb39-82ff45e0ccf3,2021,20009,K
dc3a964c-2e40-4c9e-8e91-8b8bec079008,2021,98764,
cef57c90-f64e-4f78-b5c7-ab9ace9d6498,2021,98957,
67fdec1c-4cd0-47dd-87b4-2872cbb6fca0,2021,98957,
8fdd2ec1-b602-4e75-b196-f12b4a117bd5,2021,49054,
fe9a7c1b-f32f-429b-9b89-280778a18754,2021,1283028,
421fde76-cd8a-4c9f-8ef7-cadd8d60995f,2021,5000135,
af8ca254-dde0-49de-8590-69560a04e5e1,2021,1102628,
ca27c5dc-5f0a-43d5-b032-0142afa779fe,2021,9414,
8b73a863-f531-4634-a863-e7d73b6726ef,2021,108660,
cdd3775c-1efb-4ddf-acf2-3821f0f135bc,2021,1190071,
52884a01-12be-4a21-83d6-1d34edfc7185,2021,1190071,
01dff377-5cbd-4aee-9844-c42fa2b88f5f,2021,5000135,
a2eaa010-c16b-49b1-a15b-70e4e8704e06,2021,113455,
88050695-637d-46e1-a350-ae4c27c18236,2021,67601,
7c11fff6-42e1-450c-98e1-e48e83cad570,2021,18584,
f3efd1d9-b85a-49d9-8e04-896a513a2a6a,2021,18584,
b193a6b8-dcd8-4eae-881e-0dca89ac16a3,2021,18584,
3b7c6545-e622-4fa7-a54e-f92fd37c7d0b,2021,18584,
97535c5e-700b-488b-b042-80fca00d73b6,2021,18584,
54cf9486-040c-48e8-83d4-f81793c8b2f9,2021,18584,
052affb2-a928-432b-9a0c-ffc9e7a656dd,2021,18584,
67771fae-41d4-4462-925d-4d4559e4c22e,2021,18584,
d7fe27b0-420e-493e-9a92-f9bba811abda,2021,18584,
2a9fd66e-164c-446d-aa35-50fdf82b4fe1,2021,18584,
d5b6a479-1d42-48c4-8e26-b9946305635a,2021,18584,
3ded26c6-6748-4ef3-9529-9c968c1babae,2021,18584,
18433eff-8de5-4806-8b23-434578cad58d,2021,18584,
a793ed68-41c7-4164-90d4-2716d4d83391,2021,18584,
a88cf415-edad-4893-b127-b1e47a15d703,2021,18584,
ae3bef07-2009-44a3-b1fe-aa3ef727dc69,2021,18584,
be9046b7-d772-40ed-96c3-4595570e7c8b,2021,18584,
b259610a-dcb2-4fb5-a7ed-9b4ca224c1dc,2021,102590,
9b2407cb-4f1f-462f-9dcf-9913fd9b54c1,2021,18558,
45d56b0d-46ce-4e45-a6d5-5ae210bab488,2021,102590,
685f0fea-1d8d-4a9e-8968-065e86ae4526,2021,102590,
af6f6461-c909-459e-a35d-f1b75d389d70,2021,102590,
24ca8347-5512-43c9-ae04-311a1571473d,2021,102590,
99951682-9082-4f30-a624-5ccd8d45f625,2021,102590,
ad807406-850c-4ddd-9add-95e2144c6e3e,2021,102590,
5dc0810b-e2b6-4287-8247-851fe24c7229,2021,102590,
1d5b63d8-e03b-4943-8f45-664041584ca6,2021,102590,
dbe1f19a-5a5e-4c5a-b146-3890377e6867,2021,102590,
836f3603-ed75-45a8-8210-f42c2cc11c57,2021,102590,
fc29c88a-edc3-424c-b036-a3ab2b2bb0c6,2021,102590,
04b9b60c-5afc-494a-a226-9ac6ebc5deb5,2021,102590,
b624d49c-ca9f-44b1-af08-393cd46c2ae6,2021,102590,
01158fb0-23d8-40f2-8c24-2c4c7bdea55d,2021,102590,
b34d75ad-6d73-4f46-95e0-43fe97214b8a,2021,102590,
23aaa6a2-29c8-463d-8f4f-82ccfb3f6d3c,2021,1113582,
0c0acc2c-c7cb-4474-8db4-5b37c92d5342,2021,1113582,
4850cbc8-5ed9-42c5-8846-ac4ec3281978,2021,1113582,
3eb8add1-0958-442f-a833-36112554372d,2021,102590,
933196ee-8b90-48c4-a142-f80519a5f907,2021,18558,
3980cc2d-379e-498f-bf0a-9cf0dcba19d8,2021,1113582,
c95385cb-d5f1-43a7-927e-899797d8944c,2021,1113582,
df320def-6483-4886-8006-533fe00c964f,2021,1113582,
a311dfa1-159e-449d-bd1d-e6c182eb75f7,2021,1113582,
84682e2c-ab8c-403a-8cca-b56c98373f9c,2021,1113582,
54f885b8-054e-4024-af3e-105a5a1002d7,2021,104360,
3e676182-349d-4d14-ae43-e19d2c80401b,2021,104360,
62babb9d-a414-4457-b4df-48e1a7bfe665,2021,104360,
699d9f95-0ea6-4ba9-802b-52ef2aa78919,2021,104360,
d969ef2d-9d03-44a3-8136-2af973a9d58c,2021,73140,
841b4f8b-13a5-441c-bee9-e074f6a5d336,2021,73140,
dab6f4e4-768c-4d37-a34f-9790c22750d3,2021,73140,
2435c82d-8b36-4dce-8b99-772fee475274,2021,73140,
cef6c8ed-d49c-42d3-9af8-7a81342fff16,2021,73140,
4b01f0ca-ddda-4794-b4f3-6f6cdef9bffc,2021,73140,
f1377f48-dfb5-4b0c-9399-a89ce951fab4,2021,73140,
f9defdf8-8d04-43a6-befa-8fb7d2d3ea0b,2021,1113582,
fd024ad0-6c78-4e8b-82f8-176aa5c35b11,2021,1113582,
7b9b2c46-5139-45e1-9681-8dfda0982c42,2021,1113582,
ac2e9356-4a71-494e-886a-922f186d0c2d,2021,20933,
c15ae081-df0d-47aa-bb2b-b869f0ea05fc,2021,20933,
87d7f95e-b488-432d-b3a0-518099736719,2021,20933,
43df3553-43a7-49be-9914-1a5557944d62,2021,104360,
d4e5e446-cd1a-4b85-b309-1095a960ec35,2021,99820,
833b3717-21d6-4a9f-9756-e58428903d74,2021,97778,
56e06fb8-d57a-45a6-9271-c80c60b22d3f,2021,55402,
3aec6b4a-7c50-425f-b571-9e089668ae0c,2021,55402,
40de2bf1-1499-48ef-9d23-b5a255e024b8,2021,101942,
2f768672-ce2e-4af7-bf79-3f01c97f7cbe,2021,101942,
d103de29-07b5-4302-a27b-946623ad1854,2021,101942,
b22c170b-da6c-49e4-8a58-9bec06d162dd,2021,101942,
8470eaa4-2bf1-4ce9-b3ae-25743c7e8931,2021,101942,
45953486-b86f-4395-a5e5-afdc324dada8,2021,101942,
e40a6ce9-4dd3-4796-b12f-ccbca830a528,2021,112086,
acc2f5a8-5f4a-4026-8c6b-5b4c50f7a1a6,2021,13216,
9fd96592-e253-456b-a832-71eb556c0227,2021,13216,
66812ad6-566a-410c-932d-f90f24bcae44,2021,1267543,
93a68432-b590-473b-b3c0-c377f11dc8dd,2021,1267543,
3b26e292-214f-40b7-aba0-35f336f0d516,2021,1267543,
9cfa450d-1108-41dc-8376-5f0be2179649,2021,73140,
181b16b9-7051-4dcd-9769-0b6bcb4bd8dc,2021,73140,
ad804690-664c-42b8-b8b6-2b87147c5427,2021,73140,
b6e4e812-ea16-4245-9e35-cc03761705a5,2021,47069,
3ea664aa-c9a5-4df3-961e-098967f33ed0,2021,47069,
b1591de8-4bd3-4406-9171-fc61fd48b36c,2021,47069,
7f641d38-3c59-482f-9716-1e18742135db,2021,47069,
b29e74d0-f87d-4f94-a1eb-98cb28a8cc72,2021,86318,
a497c479-32dc-4fe6-8b82-be2f0a57bf39,2021,86318,
a483a836-a5f3-458e-84a2-a871452f0d90,2021,86318,
d02b173a-ac7f-4710-89d0-8a1370031960,2021,11554,
508d8f50-5f64-43a5-b45f-1d252a8101f1,2021,1187671,
2eae1f55-748e-4cc3-8fa5-681cc3fc21eb,2021,98305,
ea354191-e772-45a8-b0dd-4968905bbe2e,2021,1187671,
b8509b2d-cf1f-48c4-80fa-e1ebea3c26ca,2021,86326,
33b32089-212f-4a66-9468-3a35dee8eedf,2021,1187671,
fa0ac5e9-c20a-4e2c-a06f-18fc819a2168,2021,1187671,
020f3bd8-c720-4a31-9f12-7c997d91fd02,2021,1103723,
59683b6f-9511-4a7f-a1c9-74e733a6588b,2021,86326,
2432d93c-553e-4fa1-b4ab-df978605a4fc,2021,1187671,
50cd00fc-928d-4683-a70e-be57b88dd64c,2021,1187671,
5fc1d19c-6ccf-46e5-a511-065ea4cd0f49,2021,86326,
266caeca-6307-42c7-bf22-a10915ad99b8,2021,86326,
56a3bcb7-be30-4e61-bece-8340c58abe2a,2021,1187671,
66ff1177-e3c0-4f0f-8b84-7fed67c08e86,2021,86326,
0f61266c-6291-4dff-b99b-7e9a4a3c3df8,2021,86326,
829e07c6-9797-4b38-9f52-4aba31688f02,2021,86326,
cd78a0ca-4e53-4699-8471-348168345844,2021,1187671,
e63bf3e6-57f2-4222-b6df-1cd8dbd50996,2021,86326,
09e0c08a-3a81-4802-a117-d67cd35843a0,2021,86326,
14e23b37-9eef-4cd4-83e2-37123750eb69,2021,86326,
e8822101-e265-4897-9cb1-7a094e14d8fb,2021,13401,
78b4cadb-5fc2-42ed-8269-e5fcabd50931,2021,67601,
462376ce-5799-4808-9a7b-1ded4fe4c2e2,2021,67601,
d32cccac-edc3-462e-939f-6d3a16c0cb2f,2021,67601,
f47aa4f5-4375-44c2-a786-b3c704d86aaa,2021,67601,
fbcdac78-1428-48ff-b060-a50f223f1e53,2021,67601,
c6b88a7a-2942-48fe-8423-4015114557b8,2021,50082,
72f09980-f148-45b0-ad0f-20dc18910582,2021,50082,
ccf1c5de-66e7-4bf2-ac62-b20fd22f7933,2021,21464,
1b3c5837-ea48-45c0-b199-bcf7751971e9,2021,21464,
f8838f6b-c798-4e60-bf2c-bc397b94fc5a,2021,21464,
8663c327-5fad-4eda-87fa-4a40ca4a3bf6,2021,21464,
60d06c3d-d50c-4f9d-bd65-82cecb264129,2021,21464,
4aaf4ed5-a896-4c48-8692-983359f911b2,2021,21464,
3c86dccf-68e6-4323-85b7-0f7ad2237e12,2021,21464,
a0f742b0-cc6f-479a-b86c-dada26e719bb,2021,21464,
f4d9331f-bab2-4aed-a9bf-c7ad83cb7717,2021,21464,
06e4556d-610f-44f5-b6b2-55a46b0ac7e9,2021,21464,
40f84f3e-a9be-40f4-be22-17e95342c455,2021,21464,
5aa20975-13c2-4ffa-8692-b06dc28cadec,2021,21464,
de9f0588-bb71-4b96-b0d8-60a11f03f135,2021,21464,
fa760ba7-9df2-4440-a1b7-5e627839f490,2021,21464,
6362fa39-9824-4807-b65a-a655cda7eb6a,2021,21464,
c7f098a9-ad38-4e76-a510-d8b0d4b9e511,2021,21464,
6f1a8fc8-7a39-4267-aa2b-718fb1c9f66a,2021,318882,
0125c7eb-98d5-4544-8259-71cadf2b6a7e,2021,318882,
5dbdfcf2-5888-4ab3-9347-c3ceb1623da6,2021,318882,
b936675b-0129-44a8-a366-924b0c030432,2021,318882,
f4da58f3-b64f-4764-a019-5798303dfee8,2021,318882,
12381057-886c-4355-a44e-93ec816912ef,2021,318882,
1f8ad7cb-6b8c-4fb6-86b6-cad8f324edf1,2021,43664,
a95b1160-86fe-4813-8644-a601717c2b27,2021,43664,
b0e3a1ce-f01a-4579-aa82-c856f110d246,2021,47051,
6ac89fe3-555d-4671-81db-d8e508d4c49b,2021,1190071,
0b4758fa-684f-4ecf-8091-64253bd5cc2b,2021,1190071,
1cc952d1-f6b0-4325-b8d6-fdc6c5b34b32,2021,1190071,
64ce4de8-0dc8-4fc7-b8df-acff153e8e07,2021,1190071,
e6163d13-255a-452f-95b1-d5dd66001420,2021,13595,
d79889ce-7565-4174-8e1d-fdd773a43430,2021,13595,
1aab428e-adc9-448f-8578-26ba53906486,2021,13595,
8f302875-a288-42c7-b374-c687ed4c6472,2021,13595,
e4253373-7e6f-4ea9-aa21-7e7a70e03fa2,2021,13595,
afa8273c-4c71-40fd-b4c3-27c9e7f9e7a6,2021,1267543,
3d57f1ef-a29c-41ee-b585-4aeda2ca9460,2021,1267543,
4fe6cda0-f6c8-478a-9db0-4fb533df618f,2021,37862,
84d02749-4918-49e6-8bc3-ac005d2278a1,2021,37862,
16d09161-ac7c-44eb-9ae2-ed413027e869,2021,37862,
8d22bdd2-e87d-4678-8df0-a40ae0ce7547,2021,118468,
3aa09880-d7e7-4fb5-a32c-9e2855820c2a,2021,118468,
91fd79ad-5f72-4497-918e-6a10c8cad2d5,2021,1265453,
fe65f9d8-177e-4a1c-ad90-476b2a89abee,2021,1265453,
919045ac-d068-4fbd-9c95-35d715b341b3,2021,1265453,
ff39e25c-a2a3-4200-aedb-f8e99162e678,2021,1265453,
26719fe5-97f5-4220-b042-a464bb7b457a,2021,1265453,
08b7c3b9-fcc6-4caf-a928-1f0adfc5fcd4,2021,1265453,
800f3584-1b24-42b6-9619-4e64346f035c,2021,1265453,
8026ab46-6a1c-406e-baaf-4ef7792961a1,2021,11730,
e440d108-f0f1-4659-9864-06d0dc85fc2c,2021,11730,
3655de12-8f72-4d43-92e3-ba18a8b26a3d,2021,11730,
e0ca1a5c-5d6c-4757-9592-6e8309c126d0,2021,11730,
42c1aa68-63a5-45cd-adf9-a9fdbea0aff1,2021,11730,
72216601-1d50-4b31-9bd3-a61892924976,2021,11730,
02d86b67-9600-48c5-adce-a29b1198fd28,2021,11730,
64effc9d-a313-4c7b-a0e6-d9f347ab0800,2021,11730,
6247fbff-a16b-4a98-a575-a162dc520178,2021,11730,
2074893a-7ffe-4d4f-96b5-a8942998e9b6,2021,11730,
3e03ed07-9904-4b2e-aeb7-b2c77f5c4eae,2021,11730,
c198875b-3e7a-431b-b12e-d092c03e63fd,2021,11730,
65bb5ff8-aa72-45b9-8f38-65a4e3e3cbe4,2021,11730,
6edd3986-ac7f-4069-8641-d304cd3715e0,2021,11730,
4bcd74d8-9768-439f-b5b7-2ddc1a71edbf,2021,11730,
f8656054-c6fe-48a7-9fa2-dcc64417fa22,2021,11730,
73eb22c7-091c-4c61-b8ff-28955f09ec35,2021,11730,
c49e2545-15bf-4205-b205-3bdc8be6b7fa,2021,11730,
758fad6e-c7fb-4392-b51d-c8f7d2644cdd,2021,11730,
f8d04178-d7b6-49c9-8973-035c78b1adf6,2021,107360,
dc34b1eb-a50c-4e0b-a512-07dc198f53ad,2021,1148708,
2d0f4496-534d-4b04-b4b0-3004f4c92f7e,2021,1148708,
89b0bc0b-ebf4-4055-8b8e-a378808db8f2,2021,1148708,
11e07ee8-b6bb-4711-8c66-6030bb054d9c,2021,1148708,
daaa76ce-f224-4957-a5f7-eb391496e056,2021,1180773,
8979a181-4479-4877-87e4-b832de28e376,2021,9440,
018ee0a1-d90e-41b0-8ae9-aa714ca3aac4,2021,9440,
3b3e74eb-748e-4ef5-96f7-9ddf1ba32163,2021,9440,
a0bdc620-b1e1-4db0-9657-2647762b3c10,2021,9440,
41204c9a-0c38-4924-a009-658e65b4c45f,2021,22035,
5f4c050f-945f-4b28-b1f4-9c5f60a05ae2,2021,1180773,
6403ac15-dd74-4aa9-87e5-e30286f968e1,2021,1180773,
340521d6-7b47-49d1-996e-705294095463,2021,1180773,
24469c3b-e80f-4ea0-98a3-72afc670ccfd,2021,106996,
834d9582-6bfd-4d9e-ad66-c3b586c768eb,2021,106996,
3ea795aa-24d0-44a5-9ff3-04df036fe434,2021,106996,
edecb49f-a496-4d9a-92d8-69e20c121393,2021,101830,
31f969e1-aa1f-4eb0-a0ed-1f7b552710b4,2021,83388,
7250f036-56c4-4f16-8fac-2e1c61ece39f,2021,88084,
3131845c-3e5d-4e6c-ab69-71536b66c44c,2021,88084,
2c9781a7-3937-4295-afb6-3a6c907b4f3b,2021,1258654,
607b248f-bb88-4c17-8d89-08e0f0305fbd,2021,1258654,
9f23b0e6-5f9f-4bf1-95b6-83620a133969,2021,1180773,
720af7eb-12fd-4a8b-92cb-bcd0b1216a9d,2021,1180773,
4a608c47-bc76-42f7-b907-49e94c596d8a,2021,1180773,
144893b0-aa51-4aa6-9ff8-afc3d393b922,2021,1180773,
836559d5-a12f-40b8-baf6-8619db9bf420,2021,1180773,
43dcfe8b-3e96-45a1-ab51-9802664c48ac,2021,49054,
6005bb25-d2ce-4c1e-ae52-e54906e2c99f,2021,49054,
7b41b1df-da59-44f7-aa49-c8fdf9532ec6,2021,1180773,
d1bad64b-4f54-4d53-8e42-b98950eb1e33,2021,37862,
483df411-6c6d-43d7-8f98-2b9868f0765d,2021,1180773,
0131cc20-4fe8-42df-b80b-ee9809d88acb,2021,1180773,
4804fdb1-38aa-48e9-8f07-e86a3bf2d389,2021,37862,
8416d765-df72-4e3f-91cd-48fb9bee8bab,2021,1180773,
cca9e365-5a46-44ff-bd76-46bb00171a5a,2021,1180773,
fe4c0027-44c6-4acf-8fd9-69751a640579,2021,1136142,
8fa4e571-3775-43ab-9f0d-b915f67b39fd,2021,1136142,
a1d9c083-0ab3-4707-83e7-9dbeb008b57a,2021,1136142,
df45e1c7-94e7-426e-976f-e682f3078e43,2021,1136142,
ce5fed8b-0322-4364-b5cc-9aa46c196972,2021,1136142,
1718f4ee-c7c3-4f46-830b-618aa379e8b2,2021,1136142,
aa107c26-dc6e-467a-883f-7b3b06e61b0f,2021,1136142,
c80bbb40-12cb-4008-9d1d-d25ac51e0107,2021,1136142,
2a6de73f-9919-4179-b1ed-2a74248ca509,2021,1136142,
5e8f2786-6e37-4077-b39d-bac9feb4b2e8,2021,1267543,
ec871de0-07ec-4f4a-bd47-e2160e5eed9c,2021,1102628,
de52be43-8733-458c-ac5a-b394039ab2a3,2021,90030,
11185ed6-7c0d-4715-8479-26ddd5c6a5d4,2021,90030,
3d7229c6-62a4-4d36-b808-9611c2cf7653,2021,90030,
678fe4b8-45a2-4036-9039-404c01adcf3c,2021,1102628,
395bfe40-baf5-42d3-9c07-1132783fcf42,2021,118420,
309c4123-5a2f-4533-8b77-a682826226d5,2021,1102628,
42fd2c12-d99f-4958-a62e-2cd584b2b2dc,2021,118420,
c0ff40a6-0f86-45b8-855c-cc780d539ee7,2021,1102628,
87cd50ef-142d-4e60-89d3-72a19011e20b,2021,1102628,
1664a13e-51bf-43d8-819b-40402d2c3819,2021,1102628,
eb8c0a05-b280-44cc-9327-38bd173d4fad,2021,118420,
4c691196-35a3-402b-9da1-71b858b790d4,2021,118420,
75fc4554-a7df-4c35-8c5d-6ed066ce4199,2021,118420,
71ac5d8f-7e6d-47a8-8ea8-879073dca9ca,2021,1288839,
acbd24e8-8acb-40d8-9433-ffed7b3fb9dd,2021,1288839,
b6fa5e58-20d8-4716-8360-4bb6d5b3c064,2021,1032473,
b31cd14a-a354-4339-bfa5-9edbd845303e,2021,37862,
ec893e69-2b8a-4556-86db-3006cf1dab18,2021,37862,
b5dbe9d3-30f4-41a3-b3ef-d04ef2b68e82,2021,118420,
496abe9f-f5b5-4d9d-a7ad-39643d5dd34e,2021,37862,
f17197dd-72e8-4141-8ca2-86342d44bc8e,2021,37862,
afb570b6-c48c-4c89-9d83-b89289d6e009,2021,37862,
a7477a84-e063-4c80-bae0-32a317f854e3,2021,118420,
7fd3b17a-9d3c-4ebe-a8e8-425bebc90b8f,2021,37862,
cbfada5f-a8f8-4aa9-98f6-778ca9ab3f03,2021,37862,
3f91e050-b11b-4939-b037-76bcebb81957,2021,37862,
91d7c4b8-49a9-4f61-8b2d-180bab436c81,2021,113455,
d611b99e-9b0a-4504-8ac9-3b83c7e689ff,2021,113455,
a7965eed-0f74-4b77-881d-450aae0949f9,2021,113455,
ac6f829d-feee-4eaa-befa-4c301e6f8a61,2021,113455,
a08fd9b1-c406-4604-890c-2a75cab99355,2021,113455,
603a9da9-bb43-4a42-87f4-287f31566352,2021,113455,
cdb264e8-9284-43f0-9a2f-d37e74a8a56c,2021,113455,
503f1065-1710-4f96-80ab-1e421ed66a8e,2021,113455,
f09c57d7-f608-4393-9c6c-bd28e449680e,2021,113455,
68aec542-d152-4767-b75f-1a16f2beff8f,2021,113455,
556910b8-9cee-436e-8d6c-d133c9112cdc,2021,113455,
30826e04-8e8f-489d-98eb-de37d1ba3cb6,2021,113455,
467ebc11-0fd6-40fb-a4eb-0b67161e514d,2021,113455,
3172d12a-20c3-47a7-a2ad-708dc57fe81b,2021,113455,
7bd68d1b-576f-48dd-b56e-e21f4e544aad,2021,113455,
97937577-f846-4049-987e-681a0c838d1f,2021,113455,
b7e20cb0-7522-460e-a45b-b55db85bcb1d,2021,113455,
615c2bad-9f22-480f-9d3e-0aa483f8a460,2021,113455,
968f29f6-69f7-4fa3-8f90-2d3db27cdfd6,2021,113455,
4630aee0-3dc7-480b-98c0-c2b94be13695,2021,113455,
146ced1e-8630-4683-9a6a-eb7220206a0e,2021,113455,
51d3d680-3a63-4981-8650-dd90e2865511,2021,113455,
ad72db88-c003-42f6-ba1e-ead5d2d2a840,2021,1110857,
dbc17e12-888a-4bf5-bb3a-0cb59d33c49c,2021,1110857,
4dbe036d-73b8-4ade-b106-8fa6a27c949c,2021,1110857,
8fc4cef4-d5e5-495c-be03-5f092a46399f,2021,1181327,
38bcbbe6-aae7-4602-a75c-8e68d850728c,2021,94762,
70402130-fa7b-42e2-baa4-b070bb3be208,2021,94762,
1ebcf9d7-6236-4937-ac40-0042e99d2417,2021,94762,
6cfa3fe3-75fe-461f-89c0-727a850b042e,2021,94762,
cf194436-2ae5-4191-8619-4f278ed87b7b,2021,94762,
77a63398-8757-4ce1-8c6d-0b198112a3e9,2021,94762,
5b366807-bb23-4185-ad63-9da33bc5bc9c,2021,94762,
512704f4-6a00-4e72-b240-26515120cc07,2021,94762,
6975f722-0ee1-4d36-b78e-cc2cc8ce4dbf,2021,94762,
95f08a9f-289e-4da9-b773-37220a5b724e,2021,94762,
65dcd4c3-b9ac-4ab6-b556-4c7bd2bd1cbb,2021,94762,
bbd4391c-5e3a-47f5-9bc2-a2adf3ba4054,2021,94762,
9571dcee-4537-48be-a1cf-67b7ab3caf0c,2021,94762,
d8a8276e-66c1-49af-ae66-3c7201d81fcb,2021,94762,
268fc5e5-b9db-4086-a634-fa0b89756612,2021,94762,
5883955d-0b6e-4241-9e77-bfe8e9e0eb40,2021,94762,
40e5f3d7-6670-41a4-acd4-f13203feba6a,2021,94762,
7f56cb84-4485-4a0b-b67f-9909ab739878,2021,94762,
3df26eb6-7751-4e8a-87ce-a305738600ea,2021,94762,
5efd592b-884e-4d41-8b9d-3dcbb78e4be2,2021,94762,
0c20b8ec-e80a-4432-9601-305221618af7,2021,94762,
72e707ba-4bb3-40f2-ab2b-3f8cd66de371,2021,94762,
e41f2f68-b58f-434e-92d2-772658f594a7,2021,94762,
3417d870-f052-451e-bd61-399fc3503bf2,2021,94762,
ad912d6b-2477-45bc-8d8f-276cfdc1cb92,2021,94762,
664b051c-e127-4a6b-922d-1206aaed761d,2021,94762,
1e4668fd-9457-48fd-bb65-02247eac5f71,2021,94762,
b3060b9b-20fd-4160-8870-abb92dc93da9,2021,94762,
bf22e33f-0b8c-42bd-bb6b-4a07557ab6f3,2021,94762,
3d1ad024-4025-4225-aabd-706dbe85fa59,2021,94762,
098d9660-b2db-4441-9da0-c2ac08c534fd,2021,94762,
8b195f4e-b6a9-4f9a-afb4-f497775e9e60,2021,94762,
6443e82b-19a4-483e-b813-3895f8cfe126,2021,94762,
3c378fb4-96c9-40ec-a49d-122dd73ce2d2,2021,94762,
d619ea0f-f7f3-490e-879a-20bac6bf412d,2021,94762,
5639ed36-3dc9-4432-8a2c-7a5471a73aed,2021,94762,
e00e17e4-4ff2-4db8-b560-92d167eeff31,2021,94762,
45cecea6-d82d-4359-b2ac-e58d91a4c793,2021,94762,
a457e9f9-4329-4327-83fa-59bbf954271b,2021,94762,
9bb4f0d2-1b81-4c5b-b766-47d90d26404d,2021,94762,
e64b5ca0-1cc3-44ca-9194-002ab1310717,2021,94762,
f37de74a-7a10-4db0-b898-912549e7e0b2,2021,94762,
7bb1d81e-8cb1-44d7-b5d6-8fee2d33f72b,2021,94762,
27db21f4-86c6-4d7b-9f2b-26860bf72c13,2021,94762,
e4f4a008-50cf-4d01-8473-9d23a0378dea,2021,94762,
777debf6-99a1-4b1c-a42a-59e19983af04,2021,94762,
95966455-b2e5-4090-9398-e20e23187df5,2021,94762,
31325ae9-2f96-4b03-9a64-fcfd01dce2bd,2021,94762,
36fae8c2-d0b6-49e8-ab5d-7f9656f8dd1f,2021,94762,
bca298a8-553c-430b-8e24-82b30ca1fb42,2021,94762,
7efde3be-a49d-4adf-9374-e32c8689abb9,2021,94762,
7021e8e1-b23b-4839-8c68-67f8955c9bad,2021,94762,
49e99102-8179-4bcd-9a1e-6e2f4392f6bc,2021,94762,
429c0891-59cc-4421-b308-6da1e1806f80,2021,94762,
a0f72033-09c4-4a40-834d-1f3d28dd093c,2021,94762,
451dd115-468c-4c91-8238-a5e047e7a5a1,2021,94762,
6411f4c2-f898-439a-a5a4-e98bd41265f8,2021,94762,
8f0bc7d3-247e-44c0-95b4-c9a162a20773,2021,94762,
faaeab5f-5b5d-47aa-b2f7-b2aebdb12655,2021,94762,
51cec1f5-8ec0-436f-892a-3357b5ade743,2021,94762,
24765682-5aa5-4904-98f3-cdc69907165c,2021,94762,
75ffdce1-5167-446c-913d-551439f038d7,2021,94762,
0ea7a442-c6a3-4cb0-be09-32075d4435eb,2021,94762,
451723bf-16ce-4e1b-a560-e8a5d23dc05a,2021,94762,
66d658fc-5e3c-47d1-9f99-839db1a41837,2021,20009,
0cabfa1a-1eb7-4211-a959-b81852472ed6,2021,20009,
aaafda32-54f3-40a1-8b73-3810be8575df,2021,20009,
c7814bb1-d53e-4572-8064-6e6eeeb57a1e,2021,20009,
2e092e53-4013-4788-8f8d-d6c6e8ebccac,2021,20009,
1265dd6e-c7a1-4cdc-af31-d617e8c100ac,2021,1306689,
7a8ead2d-3e62-4fdd-b8b7-ce5d977a2e91,2021,1306689,
cabe2cb3-1fee-4cd5-8fb7-afe898acc134,2021,1306689,
129eccbd-3478-4be8-a246-90d6baf89bb5,2021,12025,
ff1e4db3-5b34-4b15-b730-595a894e3657,2021,48675,
075beed5-b5e5-4f04-9433-b9098a354e21,2021,48675,
a302ecae-76d0-4fa0-8463-439922465aa5,2021,48675,
2c77f91e-3685-4f51-975b-25f0f136b421,2021,98013,
e46295af-32ec-4b4e-98a2-2b402c114784,2021,13277,
45eefb3f-7fff-4578-8cd5-c481856b2b43,2021,13277,
c2f200fa-6675-46a1-bed7-3f9ef4617f5f,2021,13277,
e8ca74d1-f944-4d72-acc9-1634ec885835,2021,13277,
27cf118d-893f-47af-8dfe-ec04571b75e2,2021,13277,
44a2ced7-c8ec-4150-b55b-e22797334c0e,2021,13277,
12f4153c-e663-42fc-97e7-74cd890a68d2,2021,13277,
ec24e7b7-3f84-4281-a7ea-1c6fdc0604e6,2021,1204325,
9065e7f3-08e9-465d-a8b6-860764e61d75,2021,1204325,
a5ddc1eb-93d3-4f58-8ef3-26d8138b2db3,2021,1204325,
92274df5-7002-4dc7-9274-6e9f8bb9325b,2021,1204325,
03aff844-2fd5-4b25-83e7-82d2a8a88c2b,2021,94455,
5b31798a-44df-487e-a859-1a444ac2813b,2021,74737,
dc847494-b02b-434d-bdad-c5abdb3a889c,2021,94455,
38bef3d2-6599-441d-90cf-fe977e5cf23f,2021,88068,
1e7023f5-c2cb-4cf8-be8b-c086949df73b,2021,74737,
878a3e38-d3fa-4143-b832-5036373e681a,2021,74737,
49988882-33a2-48af-98f8-87d9bea28912,2021,62484,
5b6ef04e-fb08-42f7-8727-ad90ca97c277,2021,62484,
b772518f-1097-453b-a0d7-564e02f39801,2021,62484,
67cbed78-e34c-44a4-bbdf-3b0d9bcdfd8f,2021,87396,
0225d63d-494a-44e7-900e-8e4b52cacc39,2021,1376181,
95547d01-7ee2-42ac-b0ff-65cdd0960e8b,2021,37862,
59c321ed-b3f3-412e-9400-22f63c39fbe4,2021,37862,
0717959f-0b25-4955-aedc-93a2a552c61a,2021,37862,
b0b624eb-8d0d-4032-ad60-8da09edcc949,2021,37862,
39507a98-b71c-4b06-8543-be5dc515dfc3,2021,37862,
c13cc132-c87f-4ea5-ace0-79ef66adb939,2021,37862,
a13d4c2c-191b-4b91-84e9-7304d4def72a,2021,37862,
34ae423e-b82e-40ef-a323-7f70ad4aade9,2021,37862,
874192dd-1aea-4858-a4d6-368242c44efc,2021,37862,
66b4d95e-5306-4003-97b2-f5e1371fa7ad,2021,37862,
b6bc2584-d6d0-45cf-9cfd-bac85047c0a8,2021,37862,
e7fe61fc-1bf7-492b-9bdf-084fa63cc1bd,2021,1042278,
fe152e24-ac66-418e-b1aa-0a437d12b495,2021,1042278,
5b0ca475-76ff-4437-b997-4f9b89f3bbf7,2021,1042278,
cebee76a-4446-4875-9e23-ddd67d4aef95,2021,37862,
6a21ae5a-f326-4cfd-96a9-069c0b9ef393,2021,37862,
31a085df-24d1-4a8a-9650-91a6c4c605c3,2021,37862,
2f3dbecf-77ce-470b-a06b-d9ee7a6293ee,2021,37862,
64e6ae36-a8cd-4480-a770-9e812cd773f1,2021,37862,
43746f42-ad03-4b78-b05d-1cd9fe6fe0a4,2021,37862,
d8f213e9-0810-49a0-b8fe-5b3c0ea57a9d,2021,37862,
c6792d87-8482-45ed-a6d2-addc97b6ccd3,2021,37862,
3c506523-1374-430b-a948-750d3a223c2c,2021,37862,
64e9c67f-542c-47e7-ad5d-90a90c716da9,2021,22047,
223c9090-7f91-45ba-95dc-120f3e5c1927,2021,22047,
4b2565bd-0b20-4a2e-83a3-c86c2eccd5d3,2021,22047,
3d550116-51b4-4a84-82eb-74f8082eac10,2021,22047,
edebf56c-1b0c-4af1-9069-8f2b1db7c08e,2021,22047,
1c266f3d-361b-4e18-b84b-0adc9f545761,2021,22047,
98d5e2c8-e7d6-4a0b-a506-f863ab34e236,2021,22047,
cbb11513-80da-45df-ab85-de9c3b5532da,2021,22047,
1a249350-fa16-4fe0-bb37-d3fc159ddc68,2021,1315444,
566a9186-4247-4f63-b003-813507137267,2021,1315444,
d6a85045-bcfa-487c-983d-08653bc8a3a2,2021,1187671,
aeca8c7c-72a9-4155-9719-355755ccf634,2021,1376181,
3a766bb3-f460-4e7c-85e7-a097c7c4a2f7,2021,113687,
69c77ca0-7592-477c-a41f-d4e36bf756a5,2021,113687,
7cedee29-c9dd-48d6-abbf-91c91423dbef,2021,113687,
4366634c-b418-4d27-838b-a6549cad3b6f,2021,113687,
3d499912-588a-429a-bcd9-f8c715451115,2021,113687,
7f683acd-afd5-461d-8b16-8c326aab2faf,2021,113687,
7721d8f3-921c-4367-8234-2c8b9fc90cc1,2021,20030,
34538d91-3725-4d09-aea8-5f30d29efb4e,2021,20030,
06ee2278-0fd8-4717-ac8d-041cc831bfbb,2021,20030,
37e4ca6c-1bcb-4425-b868-bf5f782d6521,2021,20030,
d66345f5-29a0-4080-9566-ed0381d40003,2021,20030,
3d704c62-2bcd-416f-add9-09d498e557ad,2021,20030,
12413c38-7f83-4d09-a542-be5948a6196e,2021,56172,
26c98673-640e-4345-a395-cc9d76a7f0b0,2021,56172,
a83ba88a-7789-44ce-829a-36515aeed9cf,2021,56172,
d31e39bf-2188-416d-8fbc-1e88cf4be92f,2021,56172,
9e56d38c-72be-4dda-a87c-62d30825308e,2021,1427745,
6665cdc7-7b43-49f9-b4a1-d7fbb5535989,2021,48205,
3f96770f-f13b-4c1e-aa97-52e4ff660bff,2021,48205,
a3b8c8c5-b572-4aa2-a5c0-f825d3f9ff62,2021,48205,
d32c86d4-0408-4150-9f21-e53b0f629aa3,2021,48205,
3ef0d951-bbf2-4e50-ba88-ad1f5cd0b0fd,2021,1047907,
41bb109c-b036-4144-afc9-d318ee2e8c8b,2021,50981,
64d10a18-e25b-4bf7-bf5c-c82f40accfa3,2021,50981,
abe88d57-4ae1-465b-ab47-b40f1a5770fe,2021,50981,
77983d08-293d-46d8-b024-6b84300ea338,2021,9414,
729e0cf2-36b3-4695-9579-a3a69079d7dc,2021,9414,
a7cd4418-e0a8-4e7b-9c60-199120c08250,2021,9414,
793bc4a2-2f09-4bcd-a738-fa610af44256,2021,9414,
d533356b-eee5-4b06-95c9-c3dfa538a6dd,2021,9414,
a164d4be-29d9-44c5-838a-2e58ff0fbfe7,2021,9414,
c00cd392-f897-4698-aba6-98589dd49fd4,2021,47505,
ab6a5c49-ec2c-4b55-b74a-149cf9425465,2021,47505,
631cfd64-dc9f-43b2-b02f-9d7f9f5c4a8a,2021,47505,
a7763a48-a30b-4181-9aa2-ff31ab0949ff,2021,47505,
6cd2eedf-81c2-4b0e-abe7-cdc62f8aecd8,2021,47505,
44c16450-aa54-469a-aa9f-05798757bdc9,2021,47505,
fe9dfd59-48ca-4e89-b339-3daf8934f50c,2021,47505,
f08dd7d8-6b6c-4e35-a5d1-996f70871472,2021,47505,
70436514-db12-409e-abe5-2562f53348a0,2021,47505,
270c445a-90b3-48db-a484-58a943f4ffe3,2021,47505,
3b916b73-9b5a-49be-99e0-8b7451a4d36b,2021,106996,
0d34f0cb-ad0b-475f-b35a-338b38480ecf,2021,106996,
28bfb75b-e2e6-4ab2-936b-157e07e23ec2,2021,98595,
f7feb7ff-19a5-46d3-8fce-3824fb2371d7,2021,97443,
f24cdb51-beb0-4df9-9bc4-918b3e38d802,2021,98595,
fa22b102-0be5-4da5-b69f-960ba66cbf6c,2021,114616,
cd13d48d-73d2-480c-828a-bf00393c0117,2021,114616,
d1c6f6bf-4cba-4200-a17b-2390e1394ca6,2021,114616,
802ce603-8bf4-4bc7-9503-bb3e1fff58b6,2021,114616,
9ea6e109-87ea-4d12-a235-823c6bcb2f48,2021,114616,
9acbb505-69b3-469b-a278-17aafba6269b,2021,114616,
e1470e85-ae0f-4f05-9275-8b363820c828,2021,114616,
97dd7def-05da-49bd-8cf7-cf3682d74994,2021,114616,
e4d63d66-8e9f-4fbf-8e9e-5098bd4e8225,2021,114616,
694c4613-8e4d-48f1-a5f3-c5b4bf3dcf6c,2021,114616,
11bfc303-495c-4949-9e18-822f869174e8,2021,114616,
bb7f3619-fe1b-431e-906e-5963eb445571,2021,114616,
1f9c8eb2-29c7-43e3-9d29-34639bc6801b,2021,114616,
444d43d8-0aa3-46ce-924d-77d464cebfda,2021,114616,
78d96300-3784-4928-9aa0-4f95c75e777f,2021,114616,
8c7fd78a-b6d6-43b3-848d-51b3cce3ab23,2021,114616,
a71d8058-026e-4aa2-8eae-40710a73879d,2021,114616,
d758d468-8965-4bf3-a996-f015fe5fdcca,2021,114616,
94dbba96-c1b1-4d9a-9712-51c2e34d0f8d,2021,114616,
2021e65b-a0f5-41bc-8f34-29d4633b7e20,2021,106996,
17af9ebd-2810-49e8-88a6-a653b37a16c2,2021,94455,
4562038b-f187-4468-a01e-4b32ab1e7699,2021,95175,
c02b4014-4ac6-4b57-9531-a39e30241627,2021,95175,
91c20256-12db-4241-8bea-2a3d1c4c236d,2021,95175,
bf591c25-3aa1-438b-a944-fd5c8c76194e,2021,95175,
cadc0e03-a323-48ae-8b21-cbf47ea9822f,2021,95175,
035f6aab-a0d4-4389-9b88-91e7dbda683a,2021,95175,
9620f298-ebde-4509-b28e-0cb9fbe05480,2021,95175,
74f5219c-b225-48ff-93b3-b66fcacadc01,2021,95175,
38d37c65-026e-4ee2-9e70-61effacc107b,2021,95175,
f80778f5-8764-41ad-8c73-2e36ad35ac38,2021,95175,
938225cc-fb52-45cb-9e64-e9c2511ad809,2021,95175,
c725a3f9-4741-4e58-b90f-81285123466b,2021,95175,
ad555df9-1aea-4404-b022-268abb124cfc,2021,95175,
62d9e5b9-28dc-4f31-b2ab-ab4fcc061f7a,2021,95175,
a5599079-27ea-4667-b800-866995acf33c,2021,95175,
366938ea-b072-46a4-8859-1c449474abbe,2021,95175,
1a68c5e0-a6bd-4a3b-a753-5cc71943f2d3,2021,95175,
6e42c942-a4f1-4875-98dc-210693deb1f6,2021,95175,
0b91d644-9588-45a1-a6a4-d455b8e35782,2021,95175,
1e79c7e1-1740-4d2c-a91a-9e87c33d2d28,2021,95175,
e13885ef-c59c-4a0c-b6a4-b4e96a21baaa,2021,95175,
fadf807e-8794-4cfd-8ec2-215439db0cf4,2021,20009,
26ebd76f-c28c-43e7-b0b3-f8a4cc8fa279,2021,20009,
4e29b134-4cd3-4ea2-958b-c3a9fe289044,2021,20009,
c9e32da0-8185-414d-b3c2-db5d463e1fcc,2021,67092,
0d3c9d0e-badf-47cd-963b-bf393023a7e6,2021,1283779,
0be3bf5c-4db7-4082-9bbf-71895fe666f7,2021,98595,
34cd68f6-f0e8-4f2e-a897-68d010802fa7,2021,98595,
a5cc3a36-11ef-43da-83a0-54e17eb11c32,2021,98595,
2359655f-2634-4dba-98f0-d3d14c5ab97c,2021,98595,
00c0fd52-7002-42bf-bb85-fb2ab7b5ae53,2021,98595,
64f16e46-bf3d-4384-89cf-bc5d8e4a80ed,2021,98595,
deaf707e-144b-414e-bea2-ac63e1333f9f,2021,98595,
f9ee6ab0-fe46-482f-a47e-1af51e2c9d22,2021,118994,
8dd0a86f-a368-41cc-a6ed-e332c5f8e802,2021,118994,
d6849f79-8398-4f67-ad0a-c99989a8f2ea,2021,1376181,
d0f37dde-7555-4de2-af75-1e8bc9186b4f,2021,68930,
03c09763-7124-4ec2-a6bb-4fd57ab90b5d,2021,98595,
dd48d36d-7144-443d-b538-500fff438bf0,2021,5000135,
f59e8819-704f-4587-9ebb-87f959fddae4,2021,5000135,
f235ea98-e413-4809-af6c-f723f363cd20,2021,5000135,
042df378-cc28-4a80-8540-f1e888a48ea9,2021,5000135,
45832d65-2fd9-4a3e-bf93-33fb8a1e2c4b,2021,5000135,
dc0ef808-aba4-4efa-b4ee-1ddccef3efce,2021,5000135,
b95c4dd3-b3a8-4a6b-97e1-42dad42481d1,2021,68930,
4d8dd26d-f412-448b-8f8f-1f593e597cff,2021,1322390,
33ee09f6-9949-44be-9b63-73175083ef8c,2021,1322390,
df8490ac-5d1c-4d68-b01b-eedc388ece27,2021,1322390,
899aab70-b6c7-4903-bd3a-73f05735e6b2,2021,1322390,
7aa0b938-33b5-4ef3-9d27-7f71ed5f63bb,2021,1322390,
708a5172-0cd7-419f-a3b8-f9f0d3b84afb,2021,1258063,
31a00cb4-7851-459d-b566-4255183caa7e,2021,1258063,
e7819d1a-e7e3-43bc-ac7b-59cc8f6de6c2,2021,1258063,
5e3a7662-657b-44ae-b287-7f72b7072b8d,2021,1258063,
15164c1e-a849-44a9-bdef-517703d4505a,2021,47505,
77a39f5c-796c-4e1d-b8f0-dfbe5efc6aba,2021,47505,
49f497c9-b118-41a6-96a8-1fa5f9ebe8c9,2021,47505,
b57a569d-2c7d-497f-a23c-14831b5fc5dc,2021,47505,
d1d46a95-4d31-48bb-bb16-eb70a7d0b274,2021,47505,
fee259bc-7012-4527-9a98-d493792c1fca,2021,47505,
ed4a7948-953d-475c-8f17-7de10d722817,2021,47505,
36551451-fd93-4cb5-b2e8-9bed3067c7e9,2021,47505,
d1feb40a-8848-49d6-b033-fff83a448551,2021,47505,
aa6a0d8a-a011-4c5b-be24-87ba5c3d907b,2021,47505,
2dbc72c8-28d2-4314-b9d0-46641bb341b4,2021,47505,
526eed83-b2a3-416a-80f3-7c73e3f2b7de,2021,47505,
c72f2d9b-c4f9-4b10-a110-b9957fb7343f,2021,47505,
e20fa6dc-9179-48d2-b3f4-ae393cb40df9,2021,47505,
e0d84363-e987-48a9-8db7-c1dd11c4e4ab,2021,12025,
de102623-f040-437b-a5eb-00ef5a22806f,2021,1101244,
a6221201-9b79-4ea5-bdcf-4b27232c750a,2021,1101244,
4c5573ee-1f3d-433f-b2e9-40b61ac8cfcc,2021,12025,
cba84403-8fb5-4e69-aeba-cf5db90f6f0c,2021,12025,
767f54a2-f1af-4982-971f-cf9f8857a478,2021,12025,
86d0989b-e07d-4740-bbb5-8621f23d455b,2021,20239,
d481f696-2c21-49d3-aae2-17f8f2e8d870,2021,20239,
89a8727d-9692-4771-b98b-75f5a9cd8a45,2021,20239,
42a717a1-770d-4a1a-82af-2d407f88bdbd,2021,20239,
561a5503-2a8a-4726-9e3e-bf17a1957a19,2021,20239,
f8f9bd47-7ee6-485a-a425-0b3af1ebeb10,2021,20239,
901efe6c-fb62-4fb8-abc2-cebaf91d25d7,2021,20239,
87112ed6-e78d-452c-acae-f3122a69a119,2021,20239,
617c1b2a-07d8-4a51-8dcc-4b418a973954,2021,20239,
bd6c456e-e667-4513-9bb6-86117467c686,2021,20239,
7eebf401-336e-4790-adf7-a0af49bdd513,2021,20239,
569a76ea-2160-42b2-bd7e-2a3f0624ab84,2021,20239,
f67ef8e3-8a5b-4119-817f-89c198cfc228,2021,20239,
011aa9a6-e022-4afb-b341-6e8c9f57ba25,2021,20239,
9b9e0625-4803-4ff5-b604-0b90c09f5d6f,2021,1190071,
14c40955-d531-4338-9a86-52a5766872e7,2021,1190071,
93496586-ed4b-486d-b50b-da1c3057bdf1,2021,1190071,
9c9615d9-2e98-436e-94e7-da34f0a78a17,2021,1190071,
cca0be4c-b3c2-4c0e-8529-4969dd433b5e,2021,1190071,
f87e3ff9-dfcf-41da-87b1-ba8e77117348,2021,1190071,
72370990-5e0a-4c54-a47a-4fa900cb762b,2021,1190071,
78e10a4a-f475-4f14-825f-26db95864e7d,2021,1190071,
204a7ad1-47f9-4242-9822-848bf4143fdc,2021,1190071,
863e7504-fa0e-47a1-aba3-c40c992b0339,2021,1190071,
08bfd9c5-ca4b-4c48-9435-48aee64c8210,2021,1190071,
f3ab82d8-1162-44b6-9b20-a9bb0dd0b203,2021,1190071,
d2a57620-3bae-427c-b59f-419cdd0ac587,2021,1190071,
0ebda82e-f83e-4cf7-b0e7-f99553184077,2021,1101244,
f7060969-2a79-46d9-b5f5-7ba308883db5,2021,1101244,
97158135-5b57-450a-a153-185f1a7bb664,2021,1101244,
60eaa603-5e47-4698-969a-605d060f09a4,2021,1101244,
57e146f2-e3cb-4ffb-9981-1529e21c5bff,2021,1270596,
5f6caed2-79a6-4222-a1bb-9f0e48d1511f,2021,1270596,
a4c75e00-6776-445b-8753-280396754e3b,2021,12025,
9dd35230-3bab-4846-837e-50cc29cb106e,2021,49071,
939c94d7-af14-4031-a5ad-c5bae21567a6,2021,49071,
89eb7c3c-db79-4a98-8419-45a779586ee8,2021,49071,
525684be-b6a9-4747-b908-fe59bba3e8b7,2021,49071,
9be2be0f-f16a-4c33-b4ce-1e39eb64f280,2021,64664,
a32630b4-8ce6-4562-ab34-578d6c31d7fc,2021,1270680,
0b94dada-4040-406f-bfc2-c727bec45c41,2021,64664,
13199687-0b94-493b-b58c-0207d4988da9,2021,60886,
53c34f03-ae87-4616-a04b-7191cf852156,2021,60886,
2babfe38-8a58-4cf0-a894-001981e83a3f,2021,60886,
b6dc0912-742d-4297-bcd2-258347b9325e,2021,60886,
45c11892-53a3-4845-9a9a-46f8cc5c49b2,2021,60886,
f9a86ce4-cc74-494c-a03e-e10d10c52182,2021,60886,
f782a28c-ef44-448b-8a78-5655d2a25bf8,2021,60886,
03522b9f-1906-48cf-885a-2a8721e21729,2021,60886,
647b2bc0-3586-4769-b913-e00c23613c84,2021,60886,
b666ad6e-9023-4d7d-8533-6d8d5e870f56,2021,60886,
e741b7bd-54d1-4997-bec0-e243d05e3835,2021,116770,
6d92ca9f-38bf-4bc0-b5ce-da71a399a568,2021,116770,
cc7e0eee-b633-44df-9937-3d9a0eef3679,2021,116770,
c3300890-0a68-46bb-94ca-3984c1dedc4c,2021,116770,
7748eef1-d006-46b4-b14d-e1241840cd7b,2021,60886,
9eed2e63-cd3d-4ced-9989-71f87dfc3946,2021,1139692,
402c53c8-2779-4128-b9f5-6471c8e06b7e,2021,37862,
84119347-bc17-45b5-82d1-04565cec603a,2021,37862,
eca4fea9-7131-41a1-84f5-b8e409db5104,2021,9414,
d1cf1f6e-819f-4430-8f64-02dcf0baf573,2021,37862,
58e982b7-bac7-4b38-8677-0f8daba37079,2021,9414,
b5a63366-1eef-44d8-b608-fb66666b74dd,2021,37862,
cfa22079-d156-4b02-9bc1-4ad6831ea8c7,2021,37862,
6e851a7c-6bca-486c-a37a-121912852962,2021,37862,
bb678053-b779-4b3d-8eb3-634fbe726080,2021,12025,
c86cd1f5-e88d-42c4-a67a-e150e7e2ee24,2021,1473699,
862f40d1-7a43-47b5-8219-1417ee853229,2021,106167,
960800e8-dac6-4b45-ac54-ba14a9abb312,2021,1166783,
8411e72e-2fa6-4158-b0b0-13603c33429c,2021,1166783,
a35ccae4-c4f9-44ce-acb7-bea46f827bee,2021,1166783,
87f7e508-c9b5-4854-b0a7-2f2a5328ea2d,2021,1166783,
ee3270a1-fd99-4272-8520-9ef90c8abaaa,2021,1166783,
79ca3bee-59f3-4a03-84fe-4e772b3fa570,2021,1166783,
d5b9c4fb-055b-4979-8f88-2f7b8647e0d6,2021,1166783,
2987188d-6bbf-4860-a5d7-f78b59616c6b,2021,1166783,
252cbcea-58c9-4b6d-bd7e-a609bab4cd7a,2021,1166783,
00c7c068-e4c9-4c03-9aa1-e997b821ad2d,2021,10515,
ec9ccbf2-d64f-4a0e-86ec-7d4e72e500c2,2021,1330347,
7af29078-4013-4a97-9368-35cda52328d2,2021,1330347,
ce61a388-11fd-4f3e-ba8e-03dcf25cd062,2021,1330347,
43e65fcc-e64c-4146-bd3a-dc8a9e8eef92,2021,1330347,
92b9b998-4b1b-41cf-91da-133436e05d9d,2021,11452,
aa48dc20-b817-4d9f-9e55-75a7ea4be790,2021,12313,
e02908f9-2770-475a-97d0-4e9b02f42dfb,2021,12313,
4a3ba25e-021e-4d6e-9bc8-53fbc92d6104,2021,11452,
44542986-aab0-4f25-8631-ab61ddc43f23,2021,5000951,
7331546a-085b-4f15-8979-d8f34570515f,2021,1181115,
0a7c8efd-f7ac-4a47-b6f7-4cff1a9894ac,2021,113813,
931e83f1-a2bc-46e4-8d76-b0493fa6ed75,2021,113813,
09b50fbd-b0c9-4ebc-85e2-34db097d0f91,2021,113813,
b107913b-3c0c-4095-b75b-03d15df8f5cb,2021,113813,
9b61964c-bbb7-4cba-bc39-3b5c3b19c739,2021,113813,
20f1df5f-7970-4180-86b6-b2e83c8bdbe3,2021,113813,
1c291f12-bf7c-41d3-b64d-cd6b900f1e6b,2021,99406,
18393258-9493-4640-8e68-2d9103568189,2021,99406,
0bb37245-32ae-4087-8630-6162a8d7a161,2021,99406,
ea7a03ef-2a17-4116-99e0-49ce340ccab2,2021,99406,
475541c3-8f88-45af-9779-338690510dfe,2021,99406,
626ea2e3-cc06-4f0d-b8ab-c6a5f76879ce,2021,99406,
c41a98bb-89e0-4f55-b0a6-7dde43239965,2021,99406,
e564552e-e07b-4d78-adcd-763e1b5dfc8d,2021,99406,
60e41fe4-3df1-44a3-a21f-2554ef3ae31d,2021,99406,
72dcca57-cd7d-43f1-b2fc-250ace751092,2021,99406,
9c7f29dc-ca05-42d0-8890-2705111f3301,2021,99406,
d627776b-a84e-44f7-9418-5bfe4fc88828,2021,107920,
d640c202-f21f-4757-a8f0-1eae9fe39d9d,2021,107920,
c67a4092-35fa-4d26-bf71-a9de3dc86255,2021,107920,
42589d1a-641e-4f05-8a77-0734120d1d1e,2021,107920,
1b8ee395-b692-41a2-bb1c-5478ae167288,2021,107920,
4fec4589-a064-43cc-9e95-1cdfc32f92ba,2021,107920,
0e1298e8-0c64-46bd-9199-2b1276f06735,2021,107920,
162a4ef1-010d-4291-9859-1ecc38bc9635,2021,98764,
d001df03-0324-4fb9-a7a8-64413e3d8d38,2021,98764,
aa23355a-1a3f-4290-bfc7-de492f42d247,2021,98764,
f858f5f8-c328-4623-8523-11a4792e296d,2021,98764,
bc3afc5f-ecb5-4ccd-b6c2-11267a7e6423,2021,98764,
eea6c7ea-f9e9-42a3-96a5-55a72815924d,2021,1118057,
94be0d4f-8188-4cc9-b36b-00666f5bb5c4,2021,1306689,
a0895944-0073-4b2a-9040-7727b2b15a01,2021,100654,
5c775730-1953-4a5a-a92b-f9756bfea4c8,2021,100654,
1e11a09e-ea70-4826-905c-ffd84b9dc2e0,2021,100654,
87769c70-d55d-45fe-a84e-52a48184f7ff,2021,100654,
7a44684c-d0c9-4246-a0e6-402f7c547372,2021,1306689,
c1a0543d-d027-45fd-bb4e-f8b78f203103,2021,5000135,
ce146382-aebd-4d3e-ad5c-0decb7176f34,2021,5000135,
81ff59bf-2330-46b1-a2c9-e2fbb035c05a,2021,5000135,
cba2409d-5cd3-4b49-9b5e-f1298905d83a,2021,5000135,
1503f253-a0f4-4556-828b-580fb4baf48b,2021,5000135,
cbcf610a-7240-4dc5-ac41-c5ab5e436406,2021,5000135,
2adc3e59-83dd-4ab9-b137-26e09c1ef144,2021,5000135,
d803e7d5-89a7-4592-bd6f-99e06886eb46,2021,5000135,
424e3892-8ed4-45d1-9968-b05fbb3ec782,2021,5000135,
c1e12e72-9956-44ea-9b82-4eddb01a95a5,2021,5000135,
7d85cbca-91e5-4b3c-a77f-7b45101860d0,2021,5000135,
613a44fc-17b2-4b64-88f8-454916edc98f,2021,5000135,
c4fc7b19-6b0a-4fd2-a61b-3f728ff3159f,2021,5000135,
b01518de-56bc-45b6-8777-a924a0e49d25,2021,43664,
857805cb-28f0-42fa-b984-8fb9740bbe6c,2021,94762,
e4d4ee00-c511-4a51-ac7f-739a6efa16ec,2021,94762,
23635f46-46ae-4a90-8965-e281dfb42098,2021,94762,
1460e13f-c9e0-4cec-81d3-87562076d8e3,2021,94762,
019015f8-8a8a-4fd7-ae16-613075107cd0,2021,94762,
d7f90a58-e6be-45b1-9b8d-e20b314860cc,2021,94762,
02cface7-46a9-450c-9fd4-3e1d960fd0d2,2021,94762,
c786bf77-84ac-4bd0-909f-fd18a7644447,2021,94762,
33f6356d-5024-46c7-bb71-5c9db8ca1602,2021,94762,
d58bfd49-777c-44cb-bb55-d3f620ae580b,2021,43664,
3ea58b80-35a1-4862-99fd-236d58015e76,2021,43664,
efc94e7c-b09d-4c93-a825-b13abb09c3a9,2021,43664,
6b2f3fc1-b296-4721-98e6-af3b3b218d1b,2021,43664,
4be544f9-373f-40f1-93a1-0301a17c1133,2021,43664,
60754476-ba7f-4e17-9bcd-0ceab783a6e7,2021,43664,
93f200d8-44ef-46c3-9ec5-1940a362c03f,2021,43664,
cbd021e1-3f1f-4c86-8a1d-6862009c1dbd,2021,43664,
49a3df7a-9f0d-4095-9ca6-b7155f5b6165,2021,11730,
c15790bd-4633-4f8b-9fcd-ae42a636da1a,2021,2209,
4a908187-98ed-46bb-9646-f4bfbfbd1eaf,2021,2209,
7fd762c0-743b-4a40-9cff-a263b75581e7,2021,2209,
47e1e4cd-969b-4c87-aa47-0922f01c7d4a,2021,2209,
5861a9e5-50f8-4428-aec0-c49be01aacbe,2021,2209,
9bda03b7-2599-4a0e-87ee-8aed6790fe46,2021,2209,
5d8f1c63-85a4-41c3-b81e-7a6e8d93fc60,2021,2209,
bb92bd44-417c-4b1b-867c-8b421da73b30,2021,2209,
010e7d9b-c3b4-4ce5-9a2d-f58ac97d8a4f,2021,2209,
11f782c6-1527-408a-a3a9-adaf9aa4946b,2021,2209,
d6bae531-2732-4ce6-bf76-4ee61c0a1c3f,2021,2209,
d285562d-1bc1-4c7d-a7ab-d65428599c5a,2021,2209,
eb362525-5b4d-42d5-9770-d5785e22967c,2021,2209,
d9dddcd2-a4f4-475b-82c4-d6fb8c8b1ba1,2021,21464,
8703e4fb-659f-4120-a285-ae09bdd824a2,2021,21464,
b7b92865-f108-40eb-9a18-d500f65f0c6d,2021,21464,
80c2f66c-f479-4f5a-906d-acb4f4a463b6,2021,21464,
ec150355-bf25-4019-9ffb-e2aae7873809,2021,21464,
31858935-e1f2-4769-b6cd-5fd2d6cc9cdc,2021,21464,
c1975457-542d-4862-9113-12fc82f96dd0,2021,21464,
26de5754-bf1d-4fb0-9e8b-f9d602ee0c26,2021,21464,
3c9e8c2b-51ba-4d83-8dca-3199e7756986,2021,21464,
b743280f-6a2b-4c93-b839-8a0ac24f2bb3,2021,94762,
6f67720f-a346-4eca-b52f-49ddfe579544,2021,94762,
38ccf35a-1fbb-44e4-b4c0-2ca5fbec13a7,2021,48675,
b7309d5f-4af5-4743-8c47-451aa0fb980d,2021,1042278,
89be40ae-5d2f-4beb-a856-4947065cf165,2021,1042278,
af776413-c763-4a3e-a238-50f06d5278df,2021,1042278,
e4eeead1-eaf2-449f-834f-6c3383995e6d,2021,1042278,
138075c6-35af-48c0-b95f-586aa1742267,2021,1042278,
944662e1-ca59-4ea8-94e9-47d1d3859551,2021,114616,
2df7de35-396d-4c50-b36a-046aa23a95a5,2021,114616,
99c7639d-b120-43dc-87f3-b7f7b5a595e6,2021,114616,
75f8e86f-326f-4ee9-b48b-08386df83b6f,2021,114616,
594c3e04-c1d8-4215-9f00-06ac79210762,2021,67601,
6146d50e-f251-4765-a401-144463d7ab17,2021,103062,
e468f3e1-e72c-4fd9-a432-d90fcfc014ed,2021,47051,
e96ddec1-e8cb-4aed-a2a6-cb79d2a8b7e6,2021,47051,
7c48915a-2315-423e-856b-67e64be7c4b0,2021,47051,
8349b3e6-84ef-4af1-a8a8-9257c8633531,2021,90030,
5eab72a2-cd17-41d2-b22a-b2249fc73879,2021,22061,
fb2f8ac0-fc5e-43f5-8ca8-ee35a32a91dc,2021,83388,
cb24d045-2c29-45ab-aca8-a495af9d7550,2021,17886,
f14ccdbd-6433-4287-babd-09da04599bb3,2021,17886,
7f6ee0c2-299d-4e56-9fa9-30af465f1000,2021,17886,
eb19150e-69e9-44e2-9cf8-025c03905580,2021,17886,
a6720db1-0a4c-48b4-8149-1851fb832354,2021,88084,
f58d7390-1243-4e2d-a6dd-ded685792100,2021,88084,
8e9ed8fb-aa76-4cf6-ad92-c6366e4d491a,2021,22061,
5d18eecb-d5cc-471e-a8d7-d0ba860a99fc,2021,17886,
0e5dd9f6-2d03-47fa-b990-f7c89fb16912,2021,107920,
cf4364fa-4b73-4cb5-b7af-827e41565b8d,2021,22061,
d18aa888-6ed1-4a05-9872-31e5fb187b6b,2021,9425,
49a057d8-735c-46c0-92e1-22c25aa92919,2021,48993,
577ffff0-20a1-4f62-a192-d5ba254a706b,2021,9425,
21b8cb08-7fba-4e1f-908e-9a7c64abe932,2021,9425,
3ed80b3e-d47d-4cf1-888b-4292f0c45414,2021,9425,
40ab5333-b497-484f-91e1-243b9a54fd88,2021,9425,
828e3be5-cdf2-43ac-9d53-5da51d5c96bd,2021,9425,
49a3ce96-fbcc-4d6d-a9c7-7f8d8558b4b3,2021,55777,
414d8f04-bcf7-45cd-bec1-8ae6a1cdaaa2,2021,12313,
3bb30cae-22e8-4316-94ad-b2c85d4b3046,2021,49054,
25f66960-f76c-4c8c-9600-32965dd4e6db,2021,49054,
b82f1876-e62f-475a-bf23-ca2dbd00ed51,2021,49054,
92ececaa-7689-4459-bbae-5e35c3faf881,2021,49054,
597b5930-7471-4ca5-ba62-60d6222911b2,2021,49054,
58307a17-5eea-453a-bbe5-6d9051e0ebe4,2021,49054,
b9aa0cda-8e6e-40d3-9781-a093c19c157d,2021,49054,
43d0d2af-48dd-456d-b4b3-71f87730bb75,2021,49054,
bf9ab091-a7a7-4099-88dd-d3e380b008c1,2021,1306689,
26f02236-6957-4886-9c24-989b73c44e8b,2021,968,
7202e9b0-97df-43a1-935c-4c895b6237b8,2021,968,
9fe80bf1-b058-4916-972f-3ab5158b2baa,2021,968,
b1e320ac-127f-44e5-a188-f8639f2cd4d4,2021,90030,
d0fafb6a-e7c9-4c43-9cb7-a93cb9656478,2021,94762,
e885934f-275e-4f77-a37c-2f1a8de8bf3b,2021,317,
fdc596c3-a809-47f9-81af-deb82c8521eb,2021,317,
7a460c63-3b1a-42e6-9aba-5e174fed9a5e,2021,317,
f48d5479-1140-4422-b0b6-08befd54cb8b,2021,317,
55d26f5f-92f4-462d-a896-22fff12a8624,2021,317,
760c8c95-107f-43e9-8358-28adcc88b029,2021,317,
ecdf032b-0662-4ef9-b7be-7f13993cebb2,2021,317,
70536b55-fc92-4dc6-8a1e-06e0761ee322,2021,317,
d2623c06-c018-48bd-b928-3816b1f34326,2021,317,
cfbf9144-a200-4bf6-a4fa-67738b4aad78,2021,317,
3dde46a2-da5a-4204-b581-e71dae363e1e,2021,317,
59ca6996-9205-4faf-a399-4fa65160143b,2021,317,
55fa540a-a9a5-420d-8e9b-b7478ea38e32,2021,317,
0d42b1c1-db46-456f-8c6b-c572ffdf5227,2021,317,
8d132426-d3f2-4d7d-aee5-6c72b243e646,2021,1102628,
67e3896f-0ddb-4e45-a374-047bdbfdf045,2021,94762,
88a488fc-89b7-4caf-b330-97cb61b94437,2021,94762,
4f458b30-5bee-407e-b785-26861150714b,2021,94762,
984dfbe3-d1db-457a-b01c-8f7c97b2ebbb,2021,94762,
a06927e4-6010-4b87-983a-1363a196453f,2021,113687,
1e6d3fe1-c47c-4c67-8b2f-df50766f1cb5,2021,968,
dba08a1c-3be3-4ed8-85b6-34beecb615d7,2021,968,
6b503c2d-398f-461c-b31f-1e51afc3ea16,2021,18683,
8d63fd14-3a96-4c40-9c23-ebbd339a198c,2021,18683,
3eb97020-a920-437a-be7b-7fbe199db388,2021,18683,
06a9d617-03a7-4447-bd77-7dc4a413e8bd,2021,40343,
35bf9a8a-4087-4dcb-a943-babac5ac662d,2021,40343,
086a42b2-8826-41fd-8440-a3abc4655b29,2021,50082,
fe9dc8cc-9d62-46e4-8c86-c2053a17cbfb,2021,50082,
9b1b94a8-c160-47a5-8812-98b8d01f7e51,2021,94762,
a60183c7-d965-4311-af36-1f24710922a0,2021,20009,
39f51c16-076b-415e-826d-6c63fd309954,2021,5000951,
1ba70cee-6700-418d-8556-eacda06f18a5,2021,1118057,
a1c5ca76-98c1-4434-b55b-cae8f1c1ed60,2021,108660,
74066dd9-af8c-4cb8-9d47-a384d883bd4f,2021,108660,
ffcc0f35-2de4-4720-b5df-26118c791f73,2021,108660,
3f8aee4e-e2cf-4d98-a05d-399a27626c9b,2021,108660,
8513f5a0-eb1f-41ab-958e-6fb60ebaf5f5,2021,108660,
8251f4f6-5334-441d-949d-a411d97497bc,2021,108660,
5d51d00e-f1e2-4907-abe3-9fa9dd071bb1,2021,108660,
ec961f46-170a-4c86-af2f-604d69a1ca9c,2021,108660,
1b3dc682-15a7-463c-ba9f-b3ac2e9488d7,2021,108660,
f5536825-0c9a-47ea-ba25-460a7a90b9c6,2021,108660,
7926d6f6-936a-4ff4-b6a9-cde5bdd50085,2021,108660,
732f1f51-4e2f-4054-bbe9-3ddc9b76d739,2021,108660,
777082dc-b8e2-4970-893e-4f7940a19a5c,2021,108660,
208da999-c662-40b4-bd24-581d50ffbd68,2021,108660,
efa83ca1-f2ce-4663-aa89-3174f1c49161,2021,54934,
d5a8823b-23c0-4fba-a489-09b059736b25,2021,54934,
fbabb234-d83e-4183-aab6-b6f9afe13357,2021,54934,
0c04efc6-8f37-4e2e-bf39-63a0b85ffdc3,2021,108660,
cae6b71d-3328-4c02-a252-7e3e7ed4618a,2021,108660,
b32a9fba-cb71-415c-9928-47af0b24a7ad,2021,108660,
5681d930-55d8-4b53-8a36-499c5b650534,2021,108660,
4544251c-c764-4d59-ac43-6dc4f45677fe,2021,108660,
a558e1e9-76b6-475c-bf4d-2ee0afec6df5,2021,108660,
6ddd21f3-5d29-44a0-b38e-0c309ad927d5,2021,108660,
1aa40b0a-75a4-4bd9-bccf-a68267774020,2021,108660,
f53dd71d-8a00-4364-90dc-7a01f93400bb,2021,108660,
579c28f7-e3bb-433e-a1d4-ea52822d1fcc,2021,108660,
4ee1723e-3cf4-401b-a433-cd076e871342,2021,108660,
50e4bae9-f188-4a8d-9d05-190c39e4ada9,2021,108660,
82578371-5d54-4d01-9366-3857f878e65a,2021,108660,
601fba72-a4ab-40b1-8562-895b99e16371,2021,108660,
8852890f-90af-49ea-90ac-d74657cba694,2021,108660,
11b20eee-30f3-419f-9aec-61beeabab352,2021,108660,
d79515e6-914a-49a3-b890-3106c366615e,2021,108660,
1f0ec2fb-d083-4140-8051-a6d8d3f9f07d,2021,108660,
18479979-d66c-4435-ac63-a587be3909f5,2021,108660,
7b13c538-a8ea-4a0d-9af3-d20ed43002f4,2021,108660,
bdfbef0d-e1d5-462c-a0a7-dbedb4a8f596,2021,108660,
2d8cd55a-2966-4a93-9b31-124453794c2b,2021,108660,
b84804e9-1203-46f4-a68a-b9ca3d4d37d7,2021,108660,
8c3a8a2d-2681-4180-8826-198a6adf1e00,2021,108660,
4f712cf2-f6e9-4c81-aa34-036fc10b949c,2021,108660,
debc9c79-ca6d-4187-98c2-72a190aa558f,2021,108660,
55419f65-1401-46db-82db-af1f25796c02,2021,108660,
73ea3408-11f9-4616-af2a-b9aae23c49b9,2021,108660,
d030b7dd-6571-4d15-b2df-3c7ecd1e8984,2021,108660,
c8f672ed-64dc-4109-a738-f5efd38d3248,2021,108660,
91181750-36d2-4532-8537-e0b97aa6325b,2021,108660,
555d4f3e-bbd4-496c-877c-150007b060f2,2021,108660,
758616a1-9252-4367-a04f-90321633d716,2021,108660,
766c619d-cc5f-4171-b3f4-fe0f747eb3a2,2021,108660,
0fb70eef-5175-4c8f-b83b-4634dd58d0ef,2021,108660,
316843dd-1659-45db-a2ec-4b8dac93ec2e,2021,108660,
600d7ce3-150e-4163-8718-7ad87e623cbc,2021,108660,
bdad6abd-7c59-4daa-af94-18339c831ce3,2021,108660,
a81ee514-2eb0-4b60-8050-f4e5254dff5c,2021,108660,
ab6e12ea-0c14-45b8-b997-07b1e37b06ce,2021,108660,
9e7b7307-379d-49be-8c82-6882dfb9b2d8,2021,108660,
60eae839-4034-49b2-80d2-f7027f004985,2021,108660,
b1aaac96-0ab0-4ba2-b1b5-11ee819bb70f,2021,108660,
ca3cd39f-693e-4812-a4ab-53c3313e08a7,2021,108660,
885be885-62e8-46ca-9b18-962282ac322c,2021,108660,
dda15302-fc7a-4cc6-b32c-04a1c7b6f7c2,2021,108660,
9c4a230d-702d-4319-b072-f18687550632,2021,108660,
ebb7a4c1-705e-4f36-b681-3c188c3469ec,2021,108660,
94c574d5-313f-4869-aafc-2fc4257d0ef3,2021,108660,
8a764e75-cb98-4f9e-8a3d-dc248b02f8b7,2021,108660,
1663b79b-36d8-41c2-964e-2e20a83d87ea,2021,108660,
fa680108-d564-45b9-8489-dab87bd88a61,2021,108660,
39e8dc66-f104-4a7c-a150-dc6d03c221de,2021,108660,
7f3c7957-70c1-4302-b585-9e746940cb64,2021,108660,
d74183d9-8062-4bf5-bfe6-c7c5208800bb,2021,108660,
c89cfe52-662b-40d5-a31d-852b0f458622,2021,1117717,
df2a0516-126b-446a-87f0-c172b8098686,2021,1117717,
12b28aea-9023-44ff-968a-237557ac2890,2021,1117717,
4b03c1fa-3858-4ffd-a1dc-461d81251193,2021,1117717,
acbf2c38-0b84-456d-bf41-2ca52158f6e0,2021,1117717,
010e6319-1f3d-4f14-8458-bd5077dd3e05,2021,94762,
13667dc1-6103-4920-9025-2209e3bcf9b1,2021,9425,
8511ecaf-c3de-43aa-8470-667c84e3516a,2021,91262,
4f7fd933-dd0e-4251-b7f2-e9c3d024c6b6,2021,91262,
6953d053-0009-4ab1-92d8-6584487d719c,2021,48675,
46717a66-b3d1-4266-9ef9-8f27313520be,2021,48675,
067ef8e4-961e-4808-8e01-1497f03eec85,2021,968,
6400fa73-9011-4532-ac5d-f22a8cef87b8,2021,968,
cb34031e-9dde-48b9-aaec-f9c51af50efa,2021,98764,
2135ad03-dd02-4549-a902-937b44406f2b,2021,98764,
e3299bc6-3d6e-47d0-bfac-0ad0084a24c1,2021,98764,
4d1a7176-dbb0-405a-a85e-5f6cadd7a523,2021,98764,
dfe01e70-196d-46c9-a7fc-9d26246fe161,2021,98764,
aaace72a-443d-4ff9-bb2c-ea842df1861b,2021,98764,
54ef7e66-d18b-49e1-87f1-0bc217f0f5a4,2021,98764,
b97288ef-09dc-4b3b-b415-32c34bd741b2,2021,98764,
070075aa-8db4-451e-8cdf-e3fac2250d49,2021,98764,
e41217c5-72e0-4266-b30a-44b9146a089b,2021,62484,
57ece5af-009f-4da4-a1c0-3c3dba073d76,2021,62484,
fcc4fcd3-b7ab-42e1-83b5-457382c3f07a,2021,1118057,
f11dc67e-8f72-4c50-924b-0e3291ac512a,2021,48205,
d10dd8cc-7420-4d95-a52f-f9e34c09c0bb,2021,48205,
