id,NU_ANO,CO_CURSO,QE_I04
9846f040-9d36-4a36-aee0-0ab516ec7bb8,2021,108660,A
555a7053-f140-450b-acef-1e1698b298d0,2021,48205,A
9b5c44ea-7eda-40b9-a771-169bfc97dcb7,2021,20030,A
537d4968-d61e-4f1e-9049-99ab6c1b402c,2021,48205,A
d6444dd0-d131-4818-8118-c69acc755413,2021,88084,A
504912b9-af50-43cb-930d-c8c72ee9b465,2021,9425,A
a4cff807-9f76-4116-b398-a2fa1ba3b537,2021,1300284,A
76cdf3d1-0bba-4db0-9c97-717f313e5605,2021,108660,A
6053deed-bf5a-49fe-a45b-d3d5ceca7732,2021,43664,A
914560b3-bc63-43e1-9f69-7b7773b4477a,2021,1190145,A
2d3dd762-0f4e-4c31-88e0-8b9d32562ce5,2021,43664,A
6f5de385-b92a-4d42-b05e-7ab53c7b4ebb,2021,1306689,A
6741647f-f18f-4f48-9f4b-1b2c140ae9e2,2021,1322390,A
c7b203c0-2a3a-461c-a3ea-1518a078d4cc,2021,101942,A
f4ce6e88-97f2-40d7-a7c6-832f2af3a749,2021,18584,A
dab2e6cd-43db-4c70-b7d3-4266c3a75137,2021,1300284,A
926dced2-cbff-48c5-9b85-55fbbc23201b,2021,86326,A
f74a45a6-ffcd-4c2d-861e-251eccd18869,2021,1403879,A
a44d6e2e-af83-4efe-a153-f1ca8a7d5a66,2021,1102628,A
6133731b-0f42-46f0-800b-45ab05311b4e,2021,98305,A
4ff553eb-4975-466a-989b-3f97d85a1032,2021,58808,A
955d7533-ff33-486d-84f5-706f15011bbb,2021,108660,A
85ebb717-7b3b-4775-8eb3-e01794f666ae,2021,18584,A
59818859-0f2e-4586-afc2-a2580fcfbfc3,2021,9414,A
417c8315-a690-4db8-8da4-8d3dce6674b9,2021,1267543,A
b2c0bb22-5a2c-45fa-90b8-b9cdf7a0df0c,2021,9414,A
f6dc3d03-9532-4aba-85fc-d51eaf512bd9,2021,11730,A
04907e0b-25d2-49c4-ab2d-20c72cefdc0d,2021,1376131,A
5038b7d8-372e-43ce-94ae-7c276bcf8ea1,2021,107920,A
dfd19250-4c3b-4ace-bf1b-7957b85fe4b5,2021,1181115,A
9aadbf2d-d2f6-4637-87fd-83170450b05c,2021,88084,A
95d2d431-774a-4c80-898d-e76aeb8676b1,2021,1314243,A
7054fbbe-01df-463d-b617-0caeaa786690,2021,9425,A
c92b2828-c2ce-4aa2-90e6-1d5a0c1cd35e,2021,118994,A
fd7331a8-9e11-4cfa-bdad-a836adb8d45e,2021,98957,A
73706d3a-dc85-44f3-b6c4-18fe88378472,2021,108660,A
4537f1ea-64bc-4ba7-936f-fe3d0d2d72a8,2021,67601,A
4edf5415-d09e-40e7-b4a2-e244044d47f4,2021,113455,A
6684daca-e402-41f0-940d-1aad786f76bf,2021,97443,A
96eb19f6-d6ba-4d6c-b236-ae229f18c671,2021,41238,A
d77e7fef-f10b-4068-ac6b-aff3ae8de85c,2021,1269545,A
6299b516-9e7a-4617-b3e5-68c8aca9f3a1,2021,108660,A
da709480-d6ac-4c0d-bc50-184447860a75,2021,116770,A
d25bd5c7-c7b5-4825-84be-6ba4956786b8,2021,41238,A
1a86c5a0-1e97-4365-8329-67893d18dd1f,2021,108660,A
b01601e4-d2ba-46f2-9723-cc207641805a,2021,1376131,A
a096eb82-4ccb-4de1-b9f3-30d57275cd27,2021,1270596,A
7c52b8ff-fdae-405b-abb5-6d3c8cd57925,2021,107360,A
351ab931-0c6a-475e-b425-9099a680391b,2021,95017,A
509c53b2-5cf5-4535-8b31-fedc5cbaad2b,2021,1181327,A
17d7a2a3-0872-43e3-b96b-b2fd92757fb4,2021,101942,A
fcab0d20-e387-4b4e-b706-7a57a56fb18c,2021,1190071,A
4b0692ad-223f-46b8-be9c-c8c5a05c8ae6,2021,1190071,A
07e90f21-7d75-4935-8199-b2d9e0b4e1aa,2021,1322665,A
cb8e3a13-6afa-4c21-a484-bcc6d3f2d9bc,2021,1351760,A
af0a9687-4270-4ed7-8a6c-8e1310593c58,2021,1047907,A
d1952d36-c4dc-4e48-bb18-9c87150bd6f1,2021,43664,A
4c9db55b-650d-48b9-ab78-6a53bda8d072,2021,107360,A
0b9626eb-601c-4b5f-843b-9044ed921f0a,2021,1300284,A
0000a17a-e2d2-4d40-9cb5-d1baf1844846,2021,90030,A
7a3c480f-abf1-4d81-89ed-e2f988412c95,2021,20030,A
66e1fa3c-1a98-4a4c-acc7-3e7ab45bf28a,2021,73519,A
067ad964-f436-4957-8f6a-0817c4d8b728,2021,1283028,A
794a5e3d-7845-4155-a364-c37f0e487c64,2021,98665,A
569309e8-a07a-429e-ad95-3930b4d62ba5,2021,1272079,A
825dac7d-23b6-4cbc-9934-e393faa2fb53,2021,1376131,A
318294a9-1516-4b8c-b4d6-709e05813b2f,2021,1190071,A
f29be860-bfcf-4804-9276-ea74eadf29ce,2021,58808,A
4fbfedcc-ef00-4735-a63d-ca4a3a013e0d,2021,18584,A
d0911b9f-d1b6-4548-9b19-ed8eeba0101c,2021,513,A
45c9ba15-5a29-4081-9eec-dec1b2a155fb,2021,99820,A
aada8855-e219-4e02-9e50-27246bf130cb,2021,18559,A
599e4cce-43a9-4500-8a18-3da5bc7296fd,2021,107360,A
26fd5778-f9b9-4c7a-8aa9-d15bfd6a6ee6,2021,98305,A
0539cb8f-7d37-4821-b55f-b3a18477c140,2021,1190071,A
0f97fd50-a7d6-4440-b018-8b2c485a9959,2021,107422,A
19cab03a-578f-4e86-9bb4-746aa41629b5,2021,108660,A
8c894c5b-8f4a-4618-bc9a-2dcaaa1b88bd,2021,2209,A
847c634f-0d47-4f0e-bb7c-227abc37c2ec,2021,9425,A
f9b45ba3-f8df-4d2e-89b2-def5aaeb74a9,2021,5000143,A
742a149e-bc7f-4343-b622-9f08355d0c35,2021,107920,A
5e425bf9-0207-4e17-99dd-6ccf0259a444,2021,102590,A
dd69b36e-16b1-4a73-b097-5849c576282e,2021,1288839,A
427fd3db-bc68-4158-9474-8ac0e2c1b748,2021,1300429,A
7e77284b-0b23-4b60-9e61-090e506039be,2021,1108692,A
87ff8fd9-2c76-4f32-a06d-d96a274360a6,2021,1181115,A
6c07de99-626c-4eb6-a2a9-fe99a6568e6e,2021,1187671,A
ac54bb5e-8e3b-4460-a2ff-3bfe60da22fd,2021,106996,A
ed6e30e3-31e5-4d15-a252-b28f090aa1d7,2021,108660,A
8b8d9276-bee6-4c95-b271-6637504e06b4,2021,1258063,A
69810604-f99d-4bfc-b366-70a8514c1453,2021,19042,A
f422e19b-6c98-46a1-a9ef-afbe516e8d74,2021,317,A
59e81148-6daf-4b0c-ace3-e2481aa4bac8,2021,94762,A
79ca3fdf-6c6e-436e-9c61-52bd14488a61,2021,55777,A
10937789-4db3-4049-b6d8-1343f8c88aac,2021,1322665,A
80cb9ccc-1ca0-4eab-8a8b-5db77e63f616,2021,1204325,A
5769abc2-6cdb-4417-9899-2adc27b794c3,2021,317,A
20127a69-1b64-439d-97a5-a02f92d2e91b,2021,101942,A
d62335d1-5552-46a9-be4f-d66609b0713d,2021,95175,A
2ed66dfd-43c4-452c-aff5-ac6c9a34b7b4,2021,106996,A
1a638d94-1eb1-450c-8ead-18120c1867a2,2021,18559,A
5bf54c7a-472f-4f5c-a518-4299d37f46e1,2021,1322665,A
9574fc23-ec3a-4771-a75a-6b089f82e619,2021,317,A
edf76e75-016a-40c9-9de3-69c4c36da158,2021,86326,A
a34d8055-6260-4733-96e9-0631f1692811,2021,13216,A
119b30e4-c5ed-4caa-8063-f0572f9120b9,2021,1181327,A
973f1e70-1526-4234-9448-cf3def7d9046,2021,1136142,A
a246a6a4-ea7e-4f76-a650-20c9fd23a744,2021,1288839,A
c2fa0591-e01f-4d0f-bd2f-637285e96d0d,2021,1118057,A
e434037c-4ef9-4331-bcfb-5feef137cf19,2021,13980,A
68129cd4-4a81-44c5-ac19-8171be1a7745,2021,47505,A
7defd8be-c168-42e6-9348-fbae69ab62ff,2021,11452,A
52c1fcde-86b0-4197-bbef-7e843f5d337e,2021,101942,A
c1bbc63e-f3a0-498b-9f41-ea8e20b176f3,2021,106167,A
115cf052-63c4-4ed6-9caf-bbfa5d7ced93,2021,1314243,A
741ed7a9-daac-47c7-a10f-dabc11065bc7,2021,1101244,A
c08ce89f-31e6-402f-b235-51d448e43b4f,2021,1330347,A
0c8d5c27-498b-4776-a93a-08c2625cedea,2021,47051,A
884f5eaf-860a-4725-8762-5f02a9607a0f,2021,97778,A
7ba4fc5b-fc53-4cb0-ae18-2c30fdf842b3,2021,18903,A
81b2f7d6-2d5a-472d-b9e7-7d7a4c033e48,2021,11554,A
fc4458f6-9dd6-4d07-a392-b17387d3447f,2021,1376181,A
2dec812b-5cf3-48ef-b544-4b3b3e67a299,2021,55777,A
f3cc6245-37ff-4439-a2a6-49b7a3150bbd,2021,114616,A
ee8592a3-c322-489c-a0cc-44ad6319b210,2021,1181327,A
aba01904-4ba7-406f-89af-69d9e647236e,2021,20239,A
f7e340b0-ba6b-4024-bf5d-f17037d731be,2021,107360,A
25a48dd8-c4fb-4738-a920-97c17fd5881b,2021,104360,A
72ce5911-55d9-4e41-85bb-d6bf99e1c48f,2021,9414,A
a9daa5e7-5712-4cd5-b342-e9da4bd0d8ae,2021,101830,A
2abc35f6-cbf7-4e3f-81b6-e267a2f4b759,2021,47051,A
15b76b5c-91c2-4bb9-9796-78fed6e44543,2021,1102628,A
2c3a0d45-597b-46b7-8712-eb018843229b,2021,95017,A
6e131f2d-985f-42f6-999f-b116809bfff5,2021,13216,A
09d0a295-053c-4de2-ae9e-37d78f12e4d6,2021,112086,A
f208b4de-1734-4ce3-b25d-cc79eba88ec5,2021,101942,A
be8dc555-93d1-4359-ace3-84360d91a388,2021,1269545,A
71f40997-529a-44f4-b4b5-d458654b05fa,2021,56172,A
83d570b0-05fe-436a-b945-29c57c648501,2021,108660,A
d6dc6bde-3782-4fef-b403-0b2bb58efec9,2021,59122,A
91bf19f3-ac5c-45d4-bef0-e977571fb4fe,2021,1314243,A
4caed47d-12e3-4fdf-8951-109436693bcd,2021,2209,A
6cfd7e5d-8f19-4668-bf07-896798501cf3,2021,95017,A
4aa11130-57f4-4afd-9325-63ca6d6453d5,2021,98595,A
bf1b120a-aa0c-4b03-a829-e68e724d3a28,2021,95175,A
05c20216-7072-4470-bfbd-f84f27763fa4,2021,112086,A
8094e6ba-76e5-42ab-b017-b40cb3851da3,2021,1267543,A
938c8a88-c935-419a-848f-601e52ad943a,2021,9425,A
090d233f-3e9c-4907-88f1-aba92da49334,2021,317,A
fd7d1649-6dea-4db5-a7f6-76e82f841cd5,2021,1187671,A
5278ca3f-41a7-4400-958b-8d66cab025f2,2021,13401,A
22bd794a-c319-43ee-a6a7-3830009a839a,2021,106167,A
8a259f72-c6d0-4f6a-8b2e-9f2e1517b8d2,2021,108660,A
b076183d-3437-4fc9-8e44-84f71dcac575,2021,90030,A
3238a48a-10c7-4154-9deb-aebdcaad434a,2021,56172,A
843ca2a0-10ee-4b53-b228-54109d99b4f1,2021,513,A
b12b9be4-b255-44c0-87b4-7ea88756514d,2021,108660,A
a7d2dfa0-4c5c-4a3b-a13b-d6f6c9892b0e,2021,90030,A
7190bebb-ab8a-49e5-a030-56fe0d83ac0d,2021,18558,A
874f2ad1-4a31-4038-872c-6a06cd2e5ccb,2021,1270596,A
58f1d879-ef12-41a3-9341-b88442c4ca78,2021,103062,A
a6b78760-e0ff-4191-8cb8-2c61683e863e,2021,9425,A
94f8e10c-76b5-47b4-8bc8-aa73fa31fc68,2021,1118057,A
3e8c2ab5-b995-424b-91f7-e83509b1cf76,2021,1351760,A
1c17a62a-95d1-44ce-a33f-b6971e651bbb,2021,1314243,A
2a6e7998-d022-425c-83cd-983d7f5d9ca0,2021,101942,A
c7322920-b003-4414-888e-75c0901d5fd9,2021,103062,A
79f99efe-2d05-4853-b61c-aad41f33c6a3,2021,55777,A
0d8dd832-a89d-4f20-be21-b862f97a5cd4,2021,13980,A
f71d8cf4-e5be-4751-a21a-5b2b101a9e95,2021,62484,A
18a208f6-db06-45bc-99d0-89259503cad7,2021,47051,A
c74963de-6350-4c8c-b661-94af27efa0ff,2021,18584,A
ea9724f6-384f-4ddf-8d8e-8087ff229e86,2021,43664,A
ba7edd36-199f-4bd9-9074-bf27d63ad6cc,2021,116770,A
a369db79-0337-47a0-842b-d214f30ea596,2021,116770,A
2b4a6084-d1db-4d5e-a2e0-1076bf1322f1,2021,1181327,A
8daf3bb5-2bb3-4650-b86c-d624fa6fcab9,2021,18558,A
1d4a0ef8-cb61-4e7a-9e7e-349c9e2caa23,2021,41238,A
b0a1d256-22ec-40a0-96b9-cb4887696ba1,2021,317,A
7b17e0b0-26ab-4adb-a455-0967c1b771b7,2021,87396,A
710cd7ae-3d72-45cc-96bf-6a72518cd34c,2021,47069,A
a90033ba-7a8d-4a3a-a4c3-c510f9e1edb4,2021,5000135,A
c38523c8-e714-43b9-85e9-2382cdd67069,2021,1314243,A
5731b4b0-747c-4df6-aec3-724b555cb6ab,2021,18671,A
92e3e171-f55b-4d23-9166-647a2188c42c,2021,18683,A
586d89b4-939d-427a-a92b-cde80b065a00,2021,68930,A
b1ef41a3-21f1-42d3-84c4-2a19263d9a5d,2021,99820,A
fdb1022f-e89e-4b97-862d-12020f704e60,2021,1187671,A
ac0156ec-37cf-47e8-be80-10673b58d529,2021,20933,A
c43291a9-d390-4d57-bcfc-fa5bb68fdf59,2021,47069,A
531e973a-fc22-4c76-8076-7bdd47ccde47,2021,1269545,A
7999701e-45a3-44ca-b8df-c735b96dc248,2021,5000135,A
abfe4ac5-75f8-47ad-ae52-b26d9671683f,2021,67601,A
2905744a-6c08-48a5-bf23-ebfeafe2d5a4,2021,1272079,A
2331ce93-310f-43c1-a7e4-746c6d650ac8,2021,1299927,A
ae85d64e-7a17-4a91-8514-7a55d62dfaef,2021,62484,A
99faba82-178b-4304-890c-9d63af3cabb6,2021,86326,A
b8b2dfe7-2422-4cf4-a656-ccf42b4e9946,2021,1101244,A
2e455241-4351-4ea9-afd7-0251e766e173,2021,1070485,A
f6f77ff2-9ad0-42f5-b52b-523a521ee9ac,2021,5000135,A
6d59bd97-4445-4656-aebd-a66aab5e84f4,2021,116770,A
c0eac369-15e3-499f-aeb2-b65fb2917bc1,2021,1190071,A
184e245b-17a0-43f1-8c0e-f29684ca4dde,2021,51020,A
e7cf6437-19a5-49cd-a92b-f9c2bff5924b,2021,1385488,A
356c656c-e4a3-439b-93f6-ba820dee4e4a,2021,1300429,A
ac1e8ea7-457b-4706-b897-12f8fff3de6c,2021,81210,A
ca012050-99a7-4cc9-a4ff-d06bbe44d04a,2021,106167,A
c239453b-8763-4cca-80db-b8215f243ab1,2021,9440,A
fcdf621f-5835-4418-a3b3-d3fdfd208cec,2021,62484,A
efb4fdee-6cf1-4b5f-bdad-783c90e9174f,2021,73140,A
e0034f1c-dc28-409f-9ffa-18bb0bef3095,2021,513,A
62c4270b-ccfb-44c7-9514-e9cbe5ac1fb4,2021,1314243,A
abd09a6b-be2e-46f2-9600-17e3eda24739,2021,1102628,A
6e32f96c-3b30-46e6-baaf-44f56aa60855,2021,68930,A
4aaa1380-4862-49fe-842d-791c482df740,2021,97778,A
46448b2a-cb87-416b-843c-7db834e8cc72,2021,1187671,A
64fe322b-6e15-4d86-9e0f-5f605b83414f,2021,1270596,A
b667973d-3490-4b8c-a622-19cae0ac0dfb,2021,1118057,A
3870b616-ba99-4b31-8ec9-40e7f915ebfc,2021,102590,A
c167ba85-a5af-4ff7-8a12-308267bebcd2,2021,53331,A
f3c318e5-775e-40b7-b4e9-8e0ca98b977d,2021,1330347,A
b8faf35f-8f22-4b8d-aa70-1a02bb38062d,2021,99820,A
8e757f6e-3dc6-4aed-9b30-b9befb6b63a7,2021,62484,A
43c6deb5-1f98-45ee-bd89-dcb739d2892e,2021,13277,A
6c2d4d0a-81ff-49f5-89f0-48a18557fc15,2021,1272079,A
8349127c-cd28-456c-bee1-0b3b7ebd8e71,2021,1203177,A
c5c318e7-7b80-48ec-bbe9-8d44e7eb6575,2021,13595,A
e0b1d93a-fb76-43cf-83cf-582074d5dbeb,2021,114616,A
d9e8025b-11ae-4bfe-af35-19018e4318f8,2021,12313,A
306f5dbb-59cb-4f0b-8f4f-d033e8c941fa,2021,102590,A
2a6efc6b-3a38-4da4-b3c6-ea052928e3f2,2021,18559,A
f60ffe20-0833-4b15-a58a-96c693f7b0e9,2021,1113582,A
08c4d209-fd36-4e31-ba19-067d45be99d7,2021,1113582,A
782aee82-652d-4dbe-b819-7893975290e2,2021,1113582,A
54f10864-24cd-42f8-b470-2a5fd93a1461,2021,513,A
f6836f6b-3f03-48dc-94ec-cff5acc451ed,2021,1113582,A
f37b343e-6587-4db4-b843-ced7c0bf37c1,2021,1113582,A
0c177a06-1b9f-40a8-b989-093571178bea,2021,99820,A
8d31a35e-c00f-47a4-8c15-2e68912f444f,2021,86318,A
cd60ba45-18b5-496e-99a0-0684ca286626,2021,5000143,A
c6e9a0b6-1e13-44a4-a0d4-1987b100e6a9,2021,5000143,A
73e41856-cfe2-40ca-805f-2531217eae6d,2021,5000143,A
ebd62f56-4865-4b60-ac4c-ebfd8889f476,2021,98305,A
f8ad3725-b20e-46cb-b40a-036d3ff83f07,2021,73898,A
418092ff-d78f-4d52-ac2a-aaad777fd524,2021,1351760,A
4302411b-7eaf-4e46-bf6d-5f4bfcbd7a68,2021,107360,A
e72065ce-512c-4540-8659-016e9ea5c263,2021,13446,A
780a33da-7d4e-4c11-9390-8ca06ecc6bdf,2021,9440,A
a8c7db07-3e2b-46b8-8147-63123eaed6f3,2021,1180773,A
2b09d370-8967-48d5-a710-dc7318d561cd,2021,1180773,A
b1f83a6c-bedd-425f-af57-f65f8bc451af,2021,1180773,A
a6a038b4-4547-4642-81b3-c17128686c24,2021,1180773,A
6d316c9f-ba51-4d1e-b183-f983f0544de1,2021,1032473,A
ba95b881-3133-411d-8801-dc4326bdee47,2021,13401,A
2a74d1ff-3677-44ce-9655-d92393a49cce,2021,113455,A
79f2dc01-2b74-4e75-a74e-473e0bec0108,2021,113455,A
d052d8ac-1d86-4124-9954-5cff0037efb9,2021,113455,A
499e210d-03aa-411e-95ad-6fceb3437e4c,2021,1110857,A
0de8dec2-9fd6-4145-876b-5e785f6fcef1,2021,94762,A
c4251819-39ec-4cf5-88d3-5c706253274c,2021,1181327,A
8232c09c-7a8b-4b29-a419-32f6aa770198,2021,20009,A
24e42bf8-cdc4-4a93-8b77-c20a250aa770,2021,1132918,A
f41b7d0b-2f37-4899-bb4f-40ffe579228d,2021,18250,A
42c80ac6-5e08-42fd-a0bc-2c437071b553,2021,1042278,A
54442fc5-745d-4e55-95d5-b6ae5a6667b5,2021,1042278,A
af23f7bb-4cba-4f26-8b8c-bb818d87a293,2021,1042278,A
6ed6f694-11d1-46af-85a2-0ccb33fe7b52,2021,1314243,A
49615745-8b31-4fe4-86d4-189a4622c958,2021,98595,A
a91c4cdc-8087-452d-920c-9b27667d6835,2021,95175,A
53583c77-37e4-4204-85b5-35bac1f21997,2021,101942,A
20c225d7-803a-48ba-afc8-0cd4ad543df0,2021,1270680,A
3611818c-3991-4812-843e-157116a31b56,2021,1270680,A
1abdfac2-72d7-4765-a173-ae5afbed2eea,2021,1101244,A
8cf3ac99-4b94-49b2-95b2-237c75837ce0,2021,12025,A
09643c4a-f9ec-4b6e-be5d-88439b32480b,2021,12025,A
830cb8d6-269a-4e8f-b8ec-23cc494a56db,2021,60886,A
0b471800-74af-4767-ac94-be3a8db36eb0,2021,60886,A
2cc4e9db-a52b-4b2d-b741-cd193a72a405,2021,60886,A
40ffbae7-aff6-4353-9e4d-96c4a07bd6b7,2021,116770,A
264c7042-dcae-4cc2-b10a-b15b47aa2d76,2021,1270680,A
33c1f0e3-4068-40e1-ac1c-9f7d5b873aef,2021,1270680,A
ea2e892d-7192-4c24-935f-9645c877c481,2021,1270680,A
233d04ef-16a5-4842-9a4b-bc4f37b4dffe,2021,1422296,A
47278302-c391-477f-a7b2-a5a1b69305ba,2021,106167,A
8c84e3fe-1415-4ec5-89c9-5d14d1d00a6b,2021,107920,A
4aafaa3a-cf48-4359-9c27-e42c759c82a9,2021,90030,A
820c77d4-eb1a-4226-b768-071171f2c951,2021,108660,A
a5484a78-f989-4ad6-be04-873aebe906a0,2021,108660,A
19a068e9-f4cb-482f-b9f0-93683baf50a6,2021,108660,A
a4c55cfe-bedb-459c-8f2d-29e82942513d,2021,20756,B
83127f07-404b-4fcf-8239-05776e09b404,2021,94762,B
c30b7adb-b0e0-4247-a8e2-fdcadea8be3e,2021,47069,B
bfce6997-5182-4031-9702-e0999624e6a6,2021,1181115,B
9ca88701-9231-4a85-b7ea-995a75058f52,2021,58808,B
81084354-ae36-4fa4-a21b-dcb2044d2db5,2021,101942,B
7409c22c-5986-4d48-a954-a438a9142df7,2021,43664,B
1a86ab84-14c7-4a62-bcb2-386fb6b0e066,2021,968,B
f2681aba-14cd-4b9c-98ae-718211de21c7,2021,101942,B
f9b2d535-5dc6-43ab-b4d2-d7e42fbbfc66,2021,1351760,B
fb969bdd-e829-4cf4-999e-05c69b0036f9,2021,101942,B
30c6d554-415b-40f2-9e6b-42b9e0aa7353,2021,1265453,B
78edc79e-32d0-4f4d-a350-d65df8fa890f,2021,19047,B
f7c8eb7c-3484-48f9-b745-800d6d567f46,2021,113455,B
4e31ed71-66f4-4247-8f3f-fc3e09475811,2021,108660,B
6cd75fba-9c5a-4d16-a5d1-13e4a0ab3e18,2021,1136142,B
cd7523f7-3560-4bf3-85a4-3f246199f961,2021,9414,B
10ce238c-5571-4a24-9ae8-dda2bd083474,2021,108660,B
901b7593-636d-4a63-a2a9-6edcdc7747af,2021,1322390,B
62fbbb2f-6010-46a9-ab14-98bf27e15e08,2021,48205,B
4fa4e133-6538-484a-909d-9766066ca221,2021,19047,B
07aa2166-1513-4e40-9391-f3dbe8cb00a0,2021,1181115,B
a38183fb-656b-4014-84ed-6e1156ddf17d,2021,118994,B
b9b291ca-a12f-4dea-910c-4a0675f75d85,2021,91181,B
adfc739d-33c4-424d-93d3-9015bc25f427,2021,43664,B
6bc0e9b2-38a5-424f-b30c-20f36ec3e898,2021,37862,B
f33ec31b-6a6a-4f21-a0a9-721e22fc802a,2021,108660,B
5c8e306e-fd09-4a9e-a0a4-5349ac2993cb,2021,1203177,B
74710503-a4f7-431b-bb6c-d2e978a6d5d5,2021,43664,B
4e2ffa84-f011-4d42-8beb-5dcfcc7c8fe4,2021,13401,B
89e401ff-d81a-4728-939c-5cee575aedc8,2021,108660,B
96db19ad-56f3-4ffc-b964-771d9dc5a3d2,2021,106167,B
08376025-a73e-49d4-8949-7a04e9d3c62c,2021,18584,B
40b16b16-008d-46e0-8994-c660e5078b7e,2021,13595,B
b0e71445-a110-4954-a1d6-10d890c166c9,2021,113455,B
0c207ece-490f-4caa-9118-a5290634f98d,2021,106996,B
dc133cac-b028-4ca9-9f3b-383a4b24292f,2021,98764,B
8bbc4ea3-1bac-4a46-827c-1e3a31cfc3a9,2021,1148708,B
88580e38-40dc-4575-809e-33b7be2d11b0,2021,106996,B
f14295f4-0b43-4eae-84bd-c27320769148,2021,107422,B
a2f25504-4a16-4e14-9e9b-e626886090d9,2021,20756,B
47f46605-f71e-4fa1-99d8-37bc438a03b1,2021,106996,B
7f30c8e1-6f54-4733-a4dc-451b52755c6a,2021,58808,B
7035962e-d9f0-45c5-8aef-499c3ccdfc15,2021,43664,B
aa71cc9d-16ea-4391-8df5-7ef71d87f945,2021,18584,B
34805334-be35-49c3-8173-eb29113d8420,2021,5000143,B
2d02567b-b34f-4aef-88b4-24290a2b100a,2021,95175,B
df72892d-72c9-47f8-acec-c35e76e0a7ae,2021,97778,B
2959c2fd-90d3-4f63-ac09-b2c94c9412d8,2021,64664,B
7254f1b9-8516-4ddd-99ad-f072771e922a,2021,107920,B
f30ab2e0-2517-47c1-9aca-cb3a8d5eb8e9,2021,19047,B
a9418a5c-95d8-4214-889b-8784bd3bdc1a,2021,1299927,B
e5ae1230-c069-47b8-a33b-25ba2b0eb337,2021,106996,B
28b6029b-3d14-4bc1-b4b6-6ab6893195bc,2021,1117717,B
987f52d6-d087-40c3-8237-32bb52f416ff,2021,106996,B
bd6013b8-ee48-4d1b-9b74-31d5695abeb8,2021,18584,B
2b197587-da0a-453a-af6f-d7df4aa28801,2021,1070485,B
d8366599-6ad5-4cd5-9a9d-c677ea2d99fa,2021,19047,B
6e72d183-5792-47eb-a594-0fdc505ea1f9,2021,37862,B
d5a0875b-1967-4f2c-a4d1-a95b07190ad1,2021,1265453,B
1eafaf83-b8a3-4563-bd34-71a0fd3136d3,2021,95175,B
b3cf5d32-d561-46a7-bfa1-acead276981c,2021,118994,B
6f198b77-8396-4fea-8b5e-dabbda64709d,2021,113687,B
a00f8a7f-59e9-40ba-b181-c33525eec7fd,2021,108660,B
f7771221-8eeb-4296-93b5-615de3295f67,2021,106996,B
3d982cf8-efe2-472d-926b-1d1df93fd729,2021,1181115,B
7f1e171a-b573-45f6-b812-bd8127eaddf4,2021,18903,B
87032475-b17f-41a4-ab18-a52b0c4aec36,2021,94762,B
ec0ee9a0-6ccd-4d2a-94ec-a5a0eadeb590,2021,107920,B
02f826b3-9d38-4ecd-93c7-8d44b9670521,2021,50981,B
f7406334-38c5-496c-a495-9901cb5f24ef,2021,106167,B
d1947faf-ad23-47f6-943f-d7b426e14c47,2021,317,B
9d85f185-ad63-4268-aa6b-b3d1b6c0dd47,2021,108660,B
20ad9be1-2608-47ff-829b-15a573ea1888,2021,107920,B
98192843-13f2-44ae-b189-79e23e022f7f,2021,1351760,B
3daceaf3-3eb2-43e9-9998-696d87645a6b,2021,94762,B
f794f419-2b7b-4e12-b2af-15183fcd94d4,2021,13595,B
c441519b-1908-4aaf-bbe1-260f8d9aff06,2021,58808,B
89b324e8-4b1d-4044-bfe1-11eaf10f12b6,2021,18558,B
20081c43-247e-4904-8810-d6223841ad81,2021,101942,B
8a34e558-b185-44a3-ae4e-fc79cf5f4293,2021,1314243,B
9536d8d5-00fd-483a-bc94-924cf0645710,2021,1351760,B
64886179-4564-453a-a6e0-bee5f89c06e2,2021,113455,B
8b91bcfc-db53-4ab5-84ee-8987646d3543,2021,1190145,B
3daf7dfd-a454-43b5-b6a7-46e4f8ed7a0a,2021,53333,B
6e93aa8a-2b1b-4de5-81b7-8d7141d4aa91,2021,107422,B
33cac2eb-3eb6-48aa-a9d2-ba2061df58ca,2021,58808,B
f185de2c-f472-485d-992b-d341ec5a0ec9,2021,1288839,B
2698ca75-9a12-436c-b828-2c9d03b12391,2021,13277,B
a38c6012-33e4-4757-99b6-dac0d87ec0eb,2021,64664,B
c8be1a70-c521-41a2-ade3-8cdbdc6289da,2021,1299927,B
bb5b042c-ecae-44f8-b7e2-3fdb2db0b1eb,2021,1117717,B
7321d37a-c64f-46fd-ba92-2b25438429e3,2021,20030,B
a1e9227d-b8f1-4b7d-b037-c382f0ad85ae,2021,1190071,B
0c4bd39e-d27c-4caa-ab6b-302c46d0c22f,2021,1318224,B
1f34f95a-26cd-4b15-a107-07ac6237d511,2021,94762,B
9c6cf0e4-eac2-4919-b105-a755d1445db2,2021,1267543,B
cf3d3aa5-675a-4e27-93b4-481e434d09e8,2021,47051,B
b9cca2fa-818a-4f52-bebb-a349dadc702b,2021,43664,B
310e520e-f841-4291-a51e-16f95f38e18d,2021,1385488,B
012a56dd-7990-4b1c-8b34-95967661f22a,2021,64664,B
0fe0d7c1-adcc-4df6-9f1a-d4458765ef08,2021,21464,B
99ec6487-35af-47b6-ae7e-6eab1280259c,2021,1265453,B
f155ca3a-abc8-4ddb-9be2-5aa522c710cc,2021,106996,B
d277539b-bed9-46d2-aa8c-8c5eb93b04e0,2021,1101244,B
62cc41ff-4bcd-48d6-95b7-a97304cddc1d,2021,9414,B
24a44a5c-c0ff-4bc0-a193-7a57084e4b9d,2021,18903,B
ad3f625a-a35e-435b-9456-7e3357c63aac,2021,1385488,B
57bfd7d4-ecc2-4487-bf13-91bfaebc75a6,2021,112086,B
8a55c5d1-d777-4138-936f-c3c401fa8057,2021,95017,B
6c7d191e-7358-4315-a375-4310b1e0442d,2021,5000135,B
6e856523-9750-4268-b1ce-1abf6c5900c7,2021,1322118,B
82b31c4e-b5ee-48e7-af8c-8803cd774ccf,2021,1265453,B
baa0ebbe-7206-419e-a6be-96375dfe6b3a,2021,112086,B
7bec8c89-2f76-4b03-b2ad-238827313adb,2021,1190071,B
a921aacc-d508-4b8d-a352-7b6a48be7c74,2021,1190071,B
18b20f1f-dc62-4ee7-8096-7549895ff8d0,2021,5000135,B
ce0f3200-2b47-45e2-9e4a-9df294126b50,2021,1204325,B
8be0fd82-8073-4b6e-ab68-84917747727b,2021,1376131,B
c7951b3b-57bb-41ba-97ab-ea8894867233,2021,1265453,B
06dce5cb-f6a7-4def-ae17-a80fbb29c606,2021,37862,B
ff56500a-a036-4859-8189-2d0f7443a3fc,2021,5000135,B
fd42061c-101a-4abc-b349-642ae874dd79,2021,106167,B
fad4004c-7444-4506-aee0-5a28e7cace1a,2021,1102628,B
8fc9c4da-9747-4f1c-ba47-440e2de222e9,2021,1314243,B
db1ad8eb-749e-4268-b2c2-9e8dde1cb5e4,2021,9414,B
0201ab88-2984-4314-aa92-b356d55d0441,2021,117532,B
bb6c755a-f0e4-480c-a422-43d704e49a7e,2021,48675,B
52938763-e967-46a1-bf1e-c5bd62d9a39b,2021,1306689,B
670bb2d0-6313-4c2b-b080-e3b280c3f20c,2021,9414,B
9ddd8e23-8698-4cd2-bcca-703fb88e137e,2021,117022,B
ce09114b-9de9-408e-b488-d655d197112b,2021,1190071,B
415d17ff-e134-42f3-a2ed-9296c11bd413,2021,1181115,B
4460710a-e91e-45d2-ab2d-47aa0f29e712,2021,5000135,B
48766220-b25c-4c53-9acc-fa8cc0747cc4,2021,317,B
5ea6d5fb-29eb-4819-89e1-0c87919bbaea,2021,1190071,B
c03bd702-0b64-4f9a-a8e2-790dad2060e0,2021,1148708,B
5fcccb7d-7b49-42bd-918e-d28006a28c73,2021,1322390,B
9f86aba1-28cd-424f-a508-3dcb759405a7,2021,1318224,B
700d96aa-857f-4c09-b82f-0abf2932c1c4,2021,83388,B
6e4d5d60-ddaa-4ca5-9af7-1ac47e7618e2,2021,1108692,B
d1759742-8288-4417-9e1a-ab51a402f3f2,2021,1376131,B
5365d45b-ef1c-4a14-a64c-e1c138d0577a,2021,88084,B
14a51d7f-389c-4372-b567-f81a7b86d5ef,2021,1136142,B
6b52cbbf-2976-4f99-8142-f0f3cde7385a,2021,49071,B
7d51f815-ce4c-4b1b-a08d-dbf19e9f7b21,2021,107360,B
7f126a68-f328-4b89-be7f-b70d7e6008ac,2021,5000135,B
d51b5f78-ed74-4b54-93d6-45bc0f67fd29,2021,106167,B
63e40a04-170d-473d-af48-dc9f14f79e44,2021,108660,B
26bfe8c4-1b0e-435e-9ac9-0442519fd5a4,2021,101942,B
6441b6e3-9495-4722-8289-c2a37d5ff7bb,2021,1351760,B
27d03cc1-b27b-4cd7-a1dd-dc5e55deacc3,2021,43664,B
3e30f419-2863-44fb-ae40-999af9e734a5,2021,11452,B
e0fc6305-b95c-4338-82e2-782e09e62d2b,2021,1314243,B
9319ab50-78a8-41ba-a1d5-734dfc916d62,2021,22047,B
2bbdce11-3d07-45a0-87b3-8d68381bdf7d,2021,57612,B
7650a3e5-6a83-49c4-9b23-e74443330c43,2021,22047,B
a9f15f27-f0eb-4378-9c39-08bc737dcf76,2021,5000135,B
98975268-94fa-47f1-9060-bfc9476808b9,2021,47069,B
065f3618-dfce-4e9d-ae2b-635483de1d7d,2021,13446,B
7eb93227-7a6b-423b-be90-d01fe46a500c,2021,48205,B
dc89c1c7-1418-43e0-994f-50de9d13b4d1,2021,48205,B
bd864806-1f5f-4a3f-bd0e-c6886f0fc8fe,2021,1181115,B
9d70ce26-57e5-4cb9-8f51-5a0e863bb5a9,2021,108660,B
a93b14de-ce5f-4947-922a-81ed007144ac,2021,98665,B
a0016007-558e-4b98-89ed-e8898263a1c0,2021,101830,B
28176ca7-94a2-4a84-8149-caaef42f3cba,2021,107422,B
7eedf8a6-a427-4c76-9fdd-88481b3c3102,2021,106996,B
edae2703-b54a-4085-8cde-54cae0eb2502,2021,54934,B
d1324ce6-0dc5-4f0e-a936-b7a6a66e3d43,2021,95017,B
8245652e-2e5d-4e13-9ad2-f3b45cd9a755,2021,43664,B
6e347314-af68-49b5-bee0-28f77f2bd50a,2021,1265453,B
08de14d7-9f68-4e20-9898-615813512e45,2021,37862,B
b319ea5b-8c85-4f82-9be2-ac42364282ed,2021,18584,B
5adbf56f-b271-4a13-9c9d-1f16e7c6e95f,2021,118420,B
1667f1af-4f11-4f12-9c3c-ab610c5675f0,2021,53333,B
08cf3508-e8ed-4998-9c98-6ac4d99c8754,2021,1318224,B
6e309229-c832-451e-825b-85b662041206,2021,108660,B
deb8e248-a242-40ad-ab3e-ade10fbb4a2f,2021,88084,B
a6b8d696-2fb2-434d-979d-ae884ee43414,2021,19042,B
cf19e0d2-cc40-4c77-b3fe-0d0324a15d11,2021,86326,B
67f4c753-2e60-4728-bad9-79662544d1d3,2021,113455,B
49aa61e5-a0e7-4ff1-ae93-e629983e4617,2021,58808,B
e5245eac-09f2-43e5-a80a-005bb94c6520,2021,1181115,B
ca3c1994-d75a-422b-a1e8-92dca82e7ec3,2021,101942,B
a823ed3c-1186-4f14-894a-9376dc0869ac,2021,108660,B
c7c26176-47b4-4034-97fd-ca1db4f4bb86,2021,108660,B
20fcd645-95eb-4517-90b1-f3c0d04a0993,2021,1070485,B
0ec35b2a-862b-4afd-a2d2-ef709464908e,2021,22047,B
1261cb90-2b39-4783-b000-e276f00ed4d8,2021,1190071,B
c3b99007-d19d-472b-8304-5b5129a9c70e,2021,37862,B
ca4345d6-9da5-4fa7-a250-7840656ae032,2021,101942,B
c6758b01-186c-4490-aee7-b6b6ce7ba050,2021,1118057,B
fe218b9b-04eb-4075-a3f6-74869dc465ff,2021,95017,B
657f0322-7896-4b09-81f4-fe927f5e2758,2021,5000135,B
e3f0b1a5-96c3-4556-aaad-90dcc11dc5f2,2021,1403879,B
f618b8ed-6f4c-4d94-b0ff-3a5885ac469b,2021,94762,B
4a6a9bdb-8cac-426d-acc2-4a072b0d52d6,2021,1108692,B
f77ab7e9-29ef-42b0-8067-3a2625518c22,2021,317,B
f700b1dc-f224-4667-805b-0e81dd018ac6,2021,13277,B
371015fc-10de-4a28-b60e-0dde6aaa0b89,2021,95175,B
6fcefe82-ad23-459e-9b7e-b1211127a4f9,2021,101942,B
d2486bbc-b632-4f63-8fbb-b0745b8256f6,2021,13446,B
afe856b9-2ea0-4616-830e-d6ed995420ed,2021,47505,B
5921f6c4-6536-42cd-9839-462bcabadd84,2021,1376131,B
9a5cb082-d0f1-4be1-a48c-2d9d47cb1ada,2021,116770,B
e0a00b10-1ab9-4eac-b525-874f5d85aaa8,2021,1181115,B
3155cce5-4068-43af-9470-b23c33b94927,2021,1318224,B
5a829baf-a7bc-4d3f-8376-b9984df9358b,2021,88084,B
f6c1794b-7089-40a4-b5aa-f6af59115783,2021,1376181,B
416b75a0-966b-4f3d-896e-ae24c4fa448f,2021,20933,B
1361c574-8073-40bc-ac3f-366a7f4b3f36,2021,112086,B
f105a959-bc69-416d-896b-ee42b11aeb14,2021,101942,B
dd9fdcff-89c9-42a1-8125-ed33885facf9,2021,88068,B
e23049ba-747b-4c05-9c56-1ffd2823c7f7,2021,87396,B
2806b3e4-766d-4344-b926-517baa43ab32,2021,106167,B
0b467e80-6668-486f-b49d-a47239f66532,2021,81210,B
44f34d39-e566-48b9-a7aa-b2f2aab4f216,2021,101942,B
9bd008bb-500f-4903-a68e-c6ecdf77ac8a,2021,91262,B
d2b83411-c466-4d56-82d7-c7324d1569d2,2021,73140,B
fcf5639b-d316-4cd9-87e6-19714918d5f6,2021,106996,B
d0cda45c-e16c-4495-8dc5-b8d2bc6ee97f,2021,106167,B
21e722f2-963f-4c11-a764-1d2c5ab9778b,2021,2209,B
4d6e318b-a2ad-4824-b3a3-da0b676affd1,2021,18584,B
f95f0e22-2d85-48f1-96b0-99738caadf9c,2021,1288839,B
d7c39450-6948-45b4-a305-f9b58c72966b,2021,95017,B
41a15c0f-0c20-4cbe-8e9b-be1fb2e6cd46,2021,10515,B
1898ea84-0790-4e96-a5a7-b1e35f971a8e,2021,108660,B
1a01dad4-7fc9-4453-aa31-b9fd5c08cbeb,2021,104360,B
f15a80ac-059c-4b86-a6cf-2cf7b0394d61,2021,13595,B
474d1eb6-fdf7-41f3-ab33-08874c729b94,2021,97778,B
7f8430b0-c83a-4c05-8dbc-a7b4bcb7777f,2021,1203177,B
069c40b3-026d-47f6-b089-7c285b5ce782,2021,2209,B
8418b03f-2936-428c-b46d-d10f1fa89d71,2021,113455,B
e66983bf-ecb5-4905-94a2-45cb7523a3f4,2021,9425,B
e943c041-a7a5-4922-8572-4e62c70a7c64,2021,97778,B
194d9966-fa02-4327-a5eb-b8a8319b9f5a,2021,43664,B
6976e1fb-1e7c-45ab-8695-4c5c94b5d894,2021,18559,B
5d291222-c39c-4ee3-9fe0-175c7f4c942e,2021,1376131,B
345e3426-d7fd-4145-ae5c-4eef37b2c285,2021,67092,B
35a25c42-e3d5-4e11-a311-bfa969c3a76f,2021,1306689,B
1fbed6d0-e139-4ec5-994c-7d5f5876a39e,2021,58808,B
03cd8f77-c3dc-4712-a613-f9ecab070d7e,2021,1136142,B
851da41e-97e1-4a3a-b0b5-dfe973280e8d,2021,13446,B
c955679a-d682-46bb-9a52-1db1c6fca37e,2021,5000135,B
9c094511-456d-4a30-90a4-ab6694a437b7,2021,103062,B
a8e8b635-7c62-4551-adca-be7f30e54a05,2021,5000143,B
fa8561f9-efa1-407d-b712-8df1a2cb1fa1,2021,113455,B
6bbae823-3560-4672-8d6c-d429bac21991,2021,101942,B
a675e163-eda1-4411-acdf-b9a44a694b5a,2021,48675,B
5f844ce8-e129-4b26-b9f3-a328d6e4375a,2021,1322665,B
80e6785e-5a73-4ba0-94f5-237234f1906a,2021,2209,B
b25c345a-9f5c-4e49-890c-1595544f7800,2021,88084,B
26817749-e63e-4d8e-a53d-6250bd82e079,2021,1187671,B
5a7d818f-3006-4373-add9-46662ffbb9f5,2021,1102628,B
b49ec23b-9257-46e9-a313-632023729c85,2021,1181115,B
11bcdee3-3d3e-41b0-828c-5bf35742cf31,2021,1267543,B
dea38af4-b5de-444c-9138-51c53d2f3c08,2021,50981,B
c6a2fbb4-654b-4562-9cec-2ea60d2180ef,2021,1376131,B
cc02ac27-7d9c-4924-8ed2-bec75a655c4e,2021,98764,B
c191efd9-f224-495b-a20c-41bf729c5ff4,2021,43664,B
f3357d4e-4ae1-4cdb-a9e1-b6a33e8b6a43,2021,116770,B
b6647e82-4b49-440a-a6bc-0a1fcb21a856,2021,91181,B
221a4400-92ea-4214-b1d1-59e501a9c234,2021,101942,B
b0613eec-81b0-4594-b99b-044d844b5c11,2021,1265453,B
09cc3d7c-cbb8-43ba-8919-69283624cbea,2021,1148708,B
869a9a86-5958-4b25-9a7c-9faa569efc24,2021,64664,B
a89edd33-1a59-4f37-95a4-11125d498bf7,2021,98764,B
9c00cd80-2d98-4688-a3fe-741e6ae276c1,2021,5000135,B
e3e97f17-bcca-4a20-9877-971eb35ac901,2021,1190071,B
4b40c82e-3fb3-45c1-a70f-8fc78ea489bf,2021,5000135,B
62846d15-126f-47fb-a84b-39b292c0216a,2021,1376131,B
66944846-6b2f-417b-8401-079c3d9a8607,2021,108660,B
28232429-670a-413d-8d8c-f05642068755,2021,108660,B
9b1b1598-7a77-4fb6-997c-41528ba1d04e,2021,18903,B
52acb536-d52f-4d4e-a2a3-45f1f33ef6bb,2021,5000143,B
9db998b6-59e9-401b-9421-23e3514eb3c6,2021,43664,B
72456b3d-7e42-4f2f-8010-b5e1408dc2cd,2021,107360,B
0f2b3213-1bc3-4ff6-a10e-098d5af63aa4,2021,1047907,B
e05ee246-fe97-4072-aed7-efc995a28f18,2021,18584,B
4a44870b-e1c7-407f-8169-98bded3e78b4,2021,18559,B
1b1f04ab-cead-4841-8a60-83f7f0278a5c,2021,1032473,B
b7633864-7536-427f-a787-380c31b7299a,2021,513,B
a86fcd5d-4064-4b58-8b88-0c728d537a0c,2021,108660,B
168cc9c1-cdf8-44df-a1b7-56ad52186898,2021,107360,B
fd382fe1-340b-47db-97c3-065a492aa416,2021,13446,B
5abe542e-0e8b-4b3d-a133-16afa45a6723,2021,1283028,B
b3e5c10c-6faf-458b-937e-75c5faae8544,2021,19047,B
b8f4337b-58ec-4467-a2fc-0febd5ec756f,2021,108660,B
bb0c234e-77d7-4b62-82ac-cf78491e61d9,2021,13446,B
ba088889-1448-41b2-b988-aa46e3933464,2021,117532,B
56f53851-3333-427c-af29-90cfc02455d5,2021,106996,B
3803c693-b56e-4848-81be-ed2ca9c9a4db,2021,1101244,B
ad535d66-bc0b-460f-8d84-661d83ac7da5,2021,1118057,B
362e9565-578e-4de1-9b45-3a8030741a52,2021,9414,B
fa9728a0-3e39-4390-b682-9f02ddda85a8,2021,2209,B
bb7260f5-1e9f-4187-b39f-1472718d9ec7,2021,1385942,B
2bcd8b3e-9617-493f-8b29-107c93c56015,2021,1190145,B
f1130757-2529-4759-b9a0-85386e523e10,2021,1351760,B
bf35020a-8a91-41b7-91e2-2b4ca48fe4cb,2021,1148708,B
c1689e23-7ee5-48fc-9442-7bf8a68725bd,2021,1136142,B
982790c3-5947-4476-8434-90ea26c1f166,2021,101830,B
bde1c204-59fd-485b-b727-c755d4d65e1b,2021,47478,B
81429fcc-cf47-49ec-8f1a-07c2039eb3c7,2021,13277,B
fba8b480-50b6-4bc0-b2f5-edc740feeca3,2021,37862,B
5e31c68c-b1aa-439b-829a-96580b1a7d61,2021,41238,B
aafe2061-d1a4-470e-bdcd-6966fe38b9bb,2021,101830,B
62e7c2ad-af1a-4365-8d67-9c47fdf0cfa1,2021,94762,B
63385870-6fd3-40d8-9566-f0f1c0d6a3d1,2021,17898,B
bf4e207f-0cd1-4136-858b-646c54a8c884,2021,1270596,B
ca919704-1abd-4af8-b0ae-0ab6adf98e8b,2021,106167,B
6099562a-ab2d-44cb-b1ef-57c460eb605d,2021,1322390,B
1d227fa6-7b48-40fd-ac20-1afea85670e9,2021,1288839,B
2a82cdb0-107e-4f30-8a1a-bf04713efa0e,2021,94762,B
275c5b6f-5b96-4947-9dfe-723029dbeb95,2021,118468,B
028f6d0a-9176-47b4-85cb-93243d4f90f9,2021,118420,B
e9e69014-2beb-4816-9e0a-49f04939dd22,2021,113455,B
8a90aebd-906e-4234-9a43-4ba3bac9073f,2021,95175,B
5da24b91-008d-4993-ac82-59a0fc7718c5,2021,108660,B
0129cc0a-b551-4d0f-b3ca-b98deefa174b,2021,1314243,B
d68c316c-5530-45e6-a275-b4f12995e1b6,2021,106996,B
edf84564-7547-44eb-9d9d-c353ea40aec6,2021,11452,B
c71bfdc8-7cbc-4f54-a21b-1b691ef74df6,2021,1190145,B
397e762d-dc79-40aa-8450-b88cb798ff02,2021,1187671,B
6c5407a2-cb46-4e1c-a1ac-c78adddbafd3,2021,107422,B
618e6436-b4c4-4d07-9913-38734fbf8caf,2021,94762,B
c8151179-072a-4a65-b30f-46469e100267,2021,1299927,B
2a12b4b5-f38c-4c75-9c50-2504153b8195,2021,1203177,B
9b9e446b-ff12-4346-ac6b-67c64c4cf144,2021,101942,B
b8186904-fa81-47ce-9a15-fce2f5ba54eb,2021,1161716,B
ea778cab-f876-495a-ae6b-81e705874153,2021,1270596,B
1a31da4b-5eff-409f-8f2e-9f0a5f06f6b7,2021,1181115,B
42aca672-a18f-4745-9b79-c7d8813cb85f,2021,94762,B
08541c5c-0555-49f6-802e-7eafd0d01883,2021,99820,B
700c0c67-c2a6-4236-9791-6d23e0d82daf,2021,1314243,B
18c8bb82-4548-43f8-b7c6-dea9680e5107,2021,112086,B
b9d4da3a-e92d-4acb-ac35-f46035d28ae6,2021,1270596,B
247f7d7d-a1b8-44c3-bab5-87e69492072a,2021,107422,B
a94b56cd-e431-45ba-9094-84935b9e4869,2021,9414,B
81bf8cb9-d8f5-44c3-945c-7c4686f045c5,2021,18671,B
99455849-e45b-41ea-988d-384c9b26abc0,2021,1181115,B
011957ed-8605-46ba-a510-554b10756d10,2021,47051,B
e5fb1a7e-fcda-4009-9867-d01ad28700cf,2021,13401,B
fe9d3bd7-86c4-46b5-a74a-f6a8805bb310,2021,11730,B
12aad167-549b-46e6-bc0a-12c4b6d90b5b,2021,43664,B
bcd67316-2e19-4aa3-b109-933f1484b9a2,2021,1161716,B
a728c473-a5ff-4b33-b999-e7eb74d5fa8a,2021,18558,B
df2b8183-4926-486f-a7f8-dabf5afdd0a3,2021,73140,B
553e48ed-fd41-43bc-a921-5a498adb8b2a,2021,1265453,B
f260fd5e-ef81-4a7b-b0a2-fca34f4aa660,2021,118994,B
955e1a81-bc59-4617-bce0-b433b1af8ef6,2021,53333,B
a1865c6f-1a1c-4b50-aa67-7e5cb13d9a31,2021,1203177,B
3ea56d4b-b8ff-436a-b575-99d5b8410f4b,2021,1166783,B
02e35aab-c514-4f96-b9fc-d305a3aa567c,2021,5000135,B
9c610757-01fe-4717-bb09-b5d8f42f6628,2021,114616,B
13175037-8317-49f9-b34f-16418f5caa2d,2021,103062,B
a0ce4530-8413-4f2f-a067-f73161913680,2021,91181,B
e5dc5fb8-5105-4a93-aead-d40bc518e83c,2021,19047,B
82eb8e6e-1dc7-4fa8-824a-e84f11386533,2021,1118057,B
a8e53775-c392-4650-935f-7a17b524fed9,2021,97778,B
edf940d6-91e9-4a76-ace5-d5f8b2e8fce9,2021,106167,B
e5be91fd-6f6e-44cb-b1c9-f5158efcdd28,2021,106167,B
3cbb026e-be45-4cdf-9439-8a1405459f07,2021,1190071,B
2ac17951-d003-4c84-95b6-4db84d5d7191,2021,107360,B
f6eeeebe-94e6-4e00-9ee5-92a455805a63,2021,101830,B
e58709e6-4635-48b2-8b4c-b2c7810ef2e5,2021,1376131,B
bb70462a-8a24-4571-b2d3-d877ac686805,2021,108660,B
88fc0857-b434-4770-a83f-52ac7195532a,2021,1047907,B
4b327850-e207-47e6-833e-1c309ae2f98f,2021,1047907,B
cdd581d7-6985-4bbf-a5b7-dc53bb7fac6f,2021,55402,B
ccf5b46d-bfd1-45d3-8916-6b92e92020d2,2021,57606,B
915a6581-8fc6-4e09-966e-52cb97b97276,2021,5000143,B
801ea69c-1209-424e-af2b-33f91221f739,2021,21464,B
2ed76ceb-5438-4e8b-aea4-7d9b9e4913c5,2021,18558,B
1852a05c-0248-4c98-9ba3-be42ab3e43c8,2021,95175,B
aff2fbdc-f2c5-45a7-8c56-3487a342e931,2021,68930,B
4dce5ff0-73d3-493c-bc99-307d5a41c811,2021,513,B
a6d2a930-d255-4d96-96d6-aeeaec3fc959,2021,108660,B
ce0bf765-c422-44e4-9b86-0296eb44e0a7,2021,95017,B
73464f82-3a36-4b39-ba25-ded921779fb3,2021,37862,B
431cc628-c978-456c-88f8-7502af8103fd,2021,106996,B
6c9f17db-fa08-42d7-af05-fe8de203b0ac,2021,13446,B
7d82cbb4-497e-460c-a32f-9fe02c1e61c8,2021,107360,B
f5c37e25-0f05-41bd-aa37-098c80d88bf3,2021,108660,B
badb40aa-3139-4071-a12d-aa3fb342a4e8,2021,19042,B
50d078d5-a8ff-4548-ab2b-8c45a823bbbf,2021,1269545,B
34da38bf-e562-4b12-9ebe-0017adbbd462,2021,37862,B
1efe3dce-068d-4f48-b062-346f2a10ccc4,2021,317,B
6659c658-8aba-4a51-95da-bc41cf03f671,2021,113687,B
75508b42-9a4e-45d2-ac93-71f90ea96737,2021,57606,B
f40084d4-e8c7-47b9-89f1-5c0507cc2ee8,2021,1148708,B
3bfd8be6-db23-471c-ac79-2ccd0feeef60,2021,101830,B
7b2a7b69-fe5e-4dad-8648-b79dfcdc7720,2021,1204325,B
a30690df-1477-47c1-9e4c-378e02973f0d,2021,97778,B
b2313c2a-5d44-47fd-8561-89ae96270f00,2021,114616,B
be4212fa-d205-4ac6-aef5-f4d92e28519d,2021,10515,B
887464aa-623d-406e-b039-dd552166249d,2021,1385488,B
15602db7-ef8c-4a2e-b1d8-335272bf516e,2021,18559,B
a7b40b38-1ee5-4abf-ac09-b1d47fd25d07,2021,1288839,B
29df51f0-b8d5-43c6-bce0-da670337c73b,2021,317,B
a5ec3ea4-1e5f-4765-9978-f99d7f370dc1,2021,113687,B
25326a2c-a2a8-4915-b036-b34a945cdb0c,2021,1203177,B
89ea395c-9bf4-4d81-8d65-d875294edbc3,2021,1190071,B
9ff1164c-bb7d-4777-94b3-9951503cc6a9,2021,1190071,B
5ee556ab-333c-44d1-ad3d-518953177e86,2021,1136142,B
d1496572-6363-4b53-b0ea-a6127f9b121b,2021,1283028,B
79b83592-17b9-4400-b208-22671b44449d,2021,101942,B
e7c1024d-b549-4cca-b3cd-275d115efccd,2021,98957,B
580ca805-09a6-440d-852b-db10db863e91,2021,1288839,B
e712c3f9-05d1-4bae-8c89-5c061eeb34d4,2021,1314243,B
e971ad86-07a0-436e-985b-8ea1ce292f64,2021,95175,B
54720919-2c8f-4c4a-9f13-2baff7a5d95f,2021,317,B
5ffcb74c-eed4-4c1d-b917-a9f92dddf02f,2021,1181115,B
8aa74fed-25e3-4d11-bb9b-a7594a0e02c6,2021,101942,B
8de6581e-acca-4679-9f05-adb8c39235cb,2021,13446,B
dcaf028d-1bf6-44b1-9980-492ca795d7eb,2021,49054,B
71e26c8b-57e3-471a-bb99-07a16652a78b,2021,53333,B
e4979a1d-d0f8-4466-8691-291a87eee22f,2021,11452,B
1a931c7e-b168-410c-903b-dc007bb3ed20,2021,1136142,B
981d78cb-abaa-4b87-8b43-208064b264bc,2021,101830,B
cec58d4d-bee8-4b34-938a-5b223d037da4,2021,49054,B
c2c979a1-49d3-42ad-ae5f-2f6fc2480ad8,2021,5000135,B
3ca36884-0689-4d42-88ec-ddd78d62a404,2021,104360,B
ab6f29f8-2dfa-4976-a1b3-b23d98a3277e,2021,107360,B
837a282d-a51a-4c29-bdc5-ee98b6a449d6,2021,1136142,B
18aec107-2f22-4f09-9dc1-7c0977163379,2021,2209,B
4304ba3b-f018-4bc8-a689-65c5da51d3aa,2021,13446,B
54d44c6f-46c7-4ca4-b3a5-555cfd4a6186,2021,18903,B
e4c846d1-b094-443d-975b-ccf53b1c8e84,2021,113687,B
d9451fee-3167-406f-8dcf-c5f60e670342,2021,513,B
3bc807f7-2977-462e-8c66-7e95b4e66fef,2021,1351760,B
797e3b2a-41f4-45f2-895f-38ec1b0b459d,2021,55777,B
41458c5f-171d-4b2c-aaa3-6190b177b8fc,2021,1379275,B
e0c5d73e-a9d9-4c61-bf05-b94538f4e808,2021,1181115,B
a935d79a-2e0f-4de2-9db0-e82c5de6de6b,2021,114616,B
c18b185c-b119-4836-a6e9-255d8d366f17,2021,94762,B
1a1f4ace-b68b-4153-94be-53de277a6271,2021,101830,B
0f971979-4a59-4096-a0ac-1a5b819a3ebb,2021,1314243,B
68f0b26c-0a6c-4e2b-8cbe-f83da78a672e,2021,116770,B
1824b693-fd93-4507-9461-4234b4a53829,2021,1351760,B
84f1caad-968e-488d-a884-2132964cb3e8,2021,95017,B
950248fa-42fe-4224-bae0-558ad0293f9c,2021,117532,B
ab6f4c1d-1254-4035-9609-f2649409fe76,2021,1181327,B
d2c925e7-84d6-4044-b970-0003def1f581,2021,101830,B
638bdba8-ee6a-4c51-a659-af1e20c0e854,2021,1376181,B
df87956c-e154-4125-abc0-5530c928f0a7,2021,5000135,B
6f776b4e-9f40-4014-a5e7-c59a2ff5691f,2021,95017,B
6348b279-800b-45f8-b9be-d8b75a4a76b3,2021,18903,B
ac01d84e-9e86-4ef6-a428-13e921c57e0e,2021,87396,B
cb9c9598-2cdb-4432-9d93-4b84b6f9605b,2021,116770,B
45cc6690-7710-4017-8807-8ff3a1e67d92,2021,101942,B
f607d5c4-9a8a-4b54-997c-b3ba2219dae0,2021,107422,B
fe89c40f-d7c9-44f2-89a9-468aea31eece,2021,97778,B
416d34d1-217c-4623-ac1a-c133712a4991,2021,318882,B
303a247a-5a04-48c7-888f-4ce49394bb0c,2021,97443,B
d94e1e17-8514-4c78-b7eb-7837efb34245,2021,106996,B
3712af2f-c4b8-4f12-9366-5ada68883ee4,2021,1190071,B
7f018f10-0fd0-4a43-a3c0-96262b7d875d,2021,116770,B
5c1c31a1-25f9-4873-a091-cbc1399f874c,2021,103062,B
ae9cb8b1-02eb-41bc-85ba-222c87f7eef8,2021,20239,B
607df558-4d72-405f-9fc1-e942cf556da0,2021,95017,B
9574dc94-06a1-48bd-8bb5-f5403c388d0d,2021,1148708,B
cad3e382-e0a9-484e-bddb-f6df0dd3e513,2021,107422,B
fc89c445-ca3d-4655-bc32-f90fdd3dd3c4,2021,1204325,B
9b75ded9-7129-42bc-95fa-b3d549fe2675,2021,99820,B
809e5e1e-5718-4f26-9ff0-776c2f69fd97,2021,106167,B
2eeb2d55-0141-4dfd-9f50-01147fd1615e,2021,1272079,B
f4d6824d-a552-49b0-901b-3621d472b2dd,2021,90030,B
4c519a91-4ba4-4758-82df-82227bd04437,2021,1288839,B
220132b0-6851-46d7-ac2a-7bf996168956,2021,107360,B
9ee72bd8-f136-447e-8b4f-1bc8fa52b1b1,2021,1376181,B
c834ccf5-788b-499c-94a9-7006a27a2fe6,2021,118994,B
6659a5e7-abee-4f42-afb5-e6e804ea1ef0,2021,1118057,B
f1c78e5b-044f-4ffc-bf7b-794837482ec0,2021,1181327,B
f163356a-885d-4dc7-89f8-df6261403e1b,2021,1314243,B
a9ba1ea9-0c52-4d76-9624-1410e87a9ebf,2021,1270596,B
831c184c-db88-4b38-84c0-7d4088f191ea,2021,13401,B
6ceed0f6-a593-4552-8013-27bd90c9b19c,2021,90030,B
c7257db9-d03a-49c2-8da9-3e1d0c131db3,2021,98957,B
1f37ef8e-83e1-48dc-aadc-8b7035264921,2021,48205,B
1fa045b0-7b4b-44fa-93c9-a35668e54958,2021,2209,B
000c68f1-d871-4ecb-9e55-cb7c4c6e5e66,2021,19047,B
bc1ae984-0a00-48fb-8cf0-99ceb318a877,2021,1136142,B
b80f2bbf-d4a1-4e76-ae66-07cfdd66662b,2021,1351760,B
b7bdb9f8-4458-47a2-a38f-d08fadbfdf82,2021,94762,B
f52902c3-6a45-45ae-a201-16947652cc9b,2021,5000135,B
917bc4f4-35c9-4887-a215-d186c7afe89c,2021,68930,B
f83fddfe-9d8b-4989-b4f0-fb7c6d9e4eef,2021,19042,B
91355b45-abc2-499a-8188-387c6687c493,2021,1533190,B
0faccb58-8b25-41ce-bc65-3ac66975a4fd,2021,317,B
d674ffb2-f1d2-44eb-a83f-53340f3d8a9d,2021,112086,B
1cdf0dad-6a57-4613-a5e7-7beef95f7b33,2021,107360,B
2f56a23b-3b3d-49b6-95b9-ddcef9895769,2021,9425,B
88e7ceba-9c3f-4715-b2b3-3bc14d1d78a2,2021,317,B
5d18ff35-7dc6-4dd7-93c3-77d90e57191e,2021,73140,B
6ce8c424-0652-45d2-8cc3-8d00e3aa0732,2021,98305,B
f080e48b-2b2b-4115-9d52-7984a7700335,2021,13401,B
790f16a6-eea2-4c16-9c3e-753a0245d5cb,2021,1047907,B
fa93d35e-3478-4d9e-9f5a-907c51e61128,2021,95017,B
960a2dd9-424a-4596-a0ef-93a1d9ce2254,2021,13446,B
e0520057-2609-441d-bf76-a2cfb4284106,2021,1181327,B
a0fa025f-8887-410b-a0fb-fa7b1c99e385,2021,317,B
2d40e218-da51-4c20-9fcd-8ccfbf990f83,2021,18584,B
e60e2123-3edb-4b05-95d9-1390b019428d,2021,13401,B
c742ec63-15a6-45f3-ab65-ee31ff4d5b72,2021,95175,B
0c496357-4e78-4a5b-acde-5260b4f57f3a,2021,67601,B
596ff346-31c6-4b0c-a5b8-15d710a7314c,2021,5000135,B
e8922eb2-7d35-4b27-b1df-be91d8b26618,2021,18584,B
4182fcb7-4dfc-42fe-ad93-fe6510bf6e62,2021,99820,B
9e6e02dd-f2e4-490b-a865-0ce24356f654,2021,55777,B
da5aa06d-3cb0-4096-81c5-144f2314731e,2021,18683,B
99c57de2-6416-4261-ab30-ca8180b04263,2021,18584,B
2c6376dc-68be-4fa4-b23c-341110cd0566,2021,108660,B
f71a9d4b-f46a-4183-925b-99ce9f927a6d,2021,55402,B
ba8b10a5-c12c-4a2c-8d88-add60b8dd89f,2021,5000143,B
b3c9b4e9-8e78-4b5e-982a-d63319e9b972,2021,1190071,B
cebe7cfb-c658-4d67-8bb5-2156e2fccf3b,2021,103062,B
fcfdde3e-192b-4cfe-9d72-963e406f7e1d,2021,103062,B
de0b4dba-48fd-422d-b52d-873c88d0872f,2021,54934,B
13dc4786-f9dd-4f4d-b42b-99c0b0db81b8,2021,18559,B
2481d8fe-1a51-4e3b-a352-a15ee15da59a,2021,1204325,B
3314367b-9bb8-4992-8c2f-e03e43c33198,2021,47505,B
63ba0f60-f716-4a31-98fd-bd5ecca92e98,2021,13401,B
251ad1c2-e049-48de-aaad-e7ea64aac86b,2021,1376181,B
298d673e-9d81-4e4f-b7e9-8acc9f00baf4,2021,22047,B
f7b0d7be-b652-44b5-bc20-24c68c2ec9e2,2021,1139692,B
8b257e65-ad25-4f9f-b153-0fd21a7e5cc3,2021,1118057,B
df9600ee-9522-4717-a942-93d2510eabd2,2021,1070485,B
5765f93c-a5a2-4feb-ab56-6b1e06f4381b,2021,18584,B
5f6fea25-c125-4f62-a424-b1c28ea38b59,2021,112086,B
142ac3ae-15a3-4934-94a3-cbe42891b47c,2021,1314243,B
ba65ac1f-89d5-48c1-9f0d-5a7f58d79584,2021,1300429,B
5089bc73-5fdd-4bdb-9a71-deefe04f5fa8,2021,1427745,B
c1dc557f-15c7-4f13-8f02-4b5fd195dfa9,2021,107422,B
21d2b863-c7ec-4d15-bb60-a7329d1356f7,2021,50981,B
57274e8b-8dda-44ea-81e7-0775285f0369,2021,13277,B
040c73db-8d71-4d5e-aa58-e7ffa9e7ae94,2021,1101244,B
060c96bb-4772-4df8-a63b-c37d703e53d7,2021,1376181,B
67e3c37f-06a4-438e-b568-f4f672e1a3be,2021,1272079,B
ec6527a5-74f7-48c0-abb8-50bd320d1187,2021,1103723,B
d08d27dd-f9cf-4f99-ba2d-16c595dcd780,2021,9440,B
838a05ee-4ca0-46a2-b148-606f13b1ed86,2021,1376131,B
c1d7fefc-b4ad-442a-a2fe-c1e60e4240dc,2021,88084,B
5db9f375-1883-442d-871a-4424fe7026f9,2021,118994,B
7005e4c1-df00-4dea-bde9-3eb449c6d186,2021,1108692,B
1a82ce70-e67b-4c47-b242-a5a3c7a16646,2021,1270596,B
724a160e-94b7-45dd-9ec0-bc1d5ef221a0,2021,104360,B
f79e6331-9202-4954-838e-8adf64288eb6,2021,21464,B
9772a7a3-98da-4849-89ad-bfc49624ad1e,2021,90030,B
fae18140-da9a-48f8-b23c-946576ab542e,2021,1181327,B
b01b9c50-937c-440b-b556-bdb02f35e5c6,2021,106167,B
6028852a-66d4-4393-bf4d-114de1c0f04b,2021,13216,B
ea8c0cb3-7d66-498a-a416-fe3695f50129,2021,1269545,B
d6df4e6b-9d65-4165-a54b-4671f00a070b,2021,106996,B
cd0a57bf-eacd-4390-b314-0c17bc99acc0,2021,116770,B
43bf7d4e-0a6d-4122-b1d6-3a33f20fa367,2021,116770,B
b4ecaa5d-77c9-4dbc-993b-1957c3efde8f,2021,1190071,B
678298a1-aac4-4a87-8f6f-0d6281550ea9,2021,1314243,B
d1be9b4c-8816-42cc-b3e0-304c4f5db845,2021,1351760,B
5de45117-4740-4dc0-8a94-5b7e9fc74e7b,2021,19047,B
28c5ce20-45b3-4298-b852-71a495955b5b,2021,13277,B
f59c9c23-7533-4fa4-a159-bba9164ed1fb,2021,20239,B
8fad1907-0e5c-44ff-86a4-a45e12bc65ec,2021,19042,B
f9fb2a36-9ef8-4b08-9882-48c97834eb74,2021,1102628,B
8fade0c2-795a-4162-a7b5-5dfd15d24423,2021,64664,B
bc91f9e4-9ed1-47cb-814a-3a5cf65841f3,2021,9440,B
9b3d0e81-d5b2-49a4-9376-59ea7052b777,2021,1288839,B
2e854dd6-f99a-4e35-a0fa-a745e321e944,2021,1376181,B
09e594f4-fd05-4225-830a-2bcd5f5ac527,2021,106167,B
234ba227-a884-458b-9015-826d8ef79a89,2021,317,B
2f208982-f5f9-4d26-8b45-db6b7455a05c,2021,18683,B
1d31736f-89b6-4a40-884c-971163201944,2021,18683,B
8e4fbf07-4c1f-433e-8046-0d7e6b564cbd,2021,18584,B
0988c132-e599-4e47-a385-721e423d1f80,2021,1322665,B
832c1c5a-f77b-4e00-a34e-b3c2d9a9724b,2021,118420,B
b090e829-a313-4b54-ba85-c2955208a9c5,2021,5000135,B
a1859fed-7c40-484f-8fbd-b6ba62eaa4c3,2021,20239,B
e86426fd-b4ef-4e52-ba12-59f32d2f3ad1,2021,1181115,B
3e4505ca-a684-4615-8bbe-2998fbb5f4c0,2021,1101244,B
3a87f271-2923-41ed-b757-df7d62ed1a45,2021,101942,B
ce7320bc-2b1f-497b-ad07-bfe93faae9ee,2021,50082,B
369b0f3c-45d3-4982-a6f9-cd2b6569d4d3,2021,118420,B
3f269ef9-5335-4dce-a1b4-37687c0808d1,2021,95017,B
ffd9ae6d-1e97-4a86-9dda-17585f2c5702,2021,48675,B
08e42e5a-a571-484c-ad12-396d57cbf276,2021,9414,B
a6c15457-3f6d-4222-b88f-cdb20692dd1e,2021,55777,B
95f17eed-df5d-4d9e-b2f7-0c9c4aaf3331,2021,1322665,B
40fb0809-886d-464c-b1bf-404d058d2a78,2021,116770,B
4551e095-08aa-4ad3-a7b3-0be3faab5072,2021,101942,B
14c439e0-5206-44fb-adbc-c304f1821b8a,2021,1102628,B
9a875f0c-01f1-469e-91d5-9294576b5778,2021,1272079,B
66173608-fa71-4776-bba6-7a449c3eea16,2021,95175,B
202a4d34-a701-4295-8fcf-08fb25ebcece,2021,13216,B
8f3546a7-3653-4cb3-af2c-acaaa58a8c6d,2021,102590,B
cb2c420d-6ddb-4c24-bac9-7924d7fd242c,2021,97443,B
0f27221c-74e9-4eca-950b-28852024798d,2021,68930,B
a2d5f573-c8b9-4ea9-be08-74202b4d3b2c,2021,108660,B
318b4ecb-69b3-4617-be22-6a461d519e1f,2021,19042,B
c608bef7-80f6-4964-b2c9-6dc37442b6a6,2021,97778,B
dd31cbd4-39cf-4c05-b88a-7dff304df096,2021,48205,B
52d57227-4c60-4548-ab32-c4edd7e359b6,2021,12313,B
0095c2d0-4a59-43cf-9f9f-72d0fc37c007,2021,99406,B
51ffe614-7ab2-4a1d-9492-02de715204cd,2021,1118057,B
3d461e25-78a0-4cea-b050-57692142adc4,2021,73140,B
c9e2a597-dc79-4823-aa59-601db699a4fd,2021,118468,B
3f82199b-9bcd-460e-9d3d-8f1c775ce6d5,2021,1427745,B
8253d0c6-e113-43cf-bc5b-294bfbf837aa,2021,95017,B
4f758b4c-4949-4dee-abf6-716e295ce249,2021,47069,B
77bb0d1e-bcdc-4d32-a8fe-e8eb9df6ebd9,2021,118468,B
753aa8ab-fa82-4fb1-ad05-bb565930f96e,2021,90030,B
82102da6-76ef-40ad-a8a1-c1725a77e5f1,2021,1117717,B
06789f74-3858-4e2b-83c4-8b30f68a5d3a,2021,117532,B
2b311d2a-192a-4162-8101-ce4f77ceb224,2021,1272079,B
eb7c41e2-e527-4da5-a3dc-5f60833c3bb1,2021,108660,B
a7c2c9eb-0b57-4392-bb4d-0fd2083cd706,2021,1101244,B
501270ed-48a8-4ad6-8b02-6a330c42f61e,2021,18671,B
8753c885-b47e-4b7b-8f42-2a0ddeb3b2bd,2021,37862,B
4d3afe9e-37b5-4dcf-84ad-902af5ba186f,2021,43664,B
1e6964af-709b-45a1-a203-48c381fdc6bc,2021,73140,B
68c1f904-141a-45db-aa13-7d7a8a48d247,2021,5000143,B
2b4ce9c0-4c39-4adc-ab81-860c24637461,2021,1136142,B
3a32af83-f533-4294-bf67-3c46582a6868,2021,5000135,B
753267a6-aadd-4264-ba99-451e99a284ce,2021,57606,B
6e27b4b8-fac6-4e12-85b0-3bcbfd7c9b11,2021,5000143,B
b295d938-22fc-46a1-8ef2-881ea97b08ae,2021,47069,B
24afcc58-9cbb-48f4-a144-0cad17d6312a,2021,1139692,B
e62f0510-74b7-4536-8217-3ee28a73879c,2021,1330347,B
9fc0dbf1-4126-46b8-8210-8ad928875318,2021,73140,B
c03766f0-95bb-47a0-ac54-a9bcc87a391a,2021,13595,B
c495626c-7096-45ba-ab45-cd894ad55a69,2021,1136142,B
a58a14ec-af0e-4e2c-9a4b-d8eb231fa08a,2021,101942,B
5712a209-0576-4ad9-9998-559557f15e9d,2021,1139692,B
64196abb-5352-4338-b974-934e01185084,2021,1330347,B
9426abde-6817-492f-8545-d96bad25c734,2021,118420,B
6520c663-2d6a-4804-9316-410c81c21070,2021,13446,B
69d9ae67-b23f-4bf2-87a7-ae12c5da7cdc,2021,53333,B
32bd0128-8cc7-4d5f-aa4d-c4db97f659f7,2021,1136142,B
7369b879-1f04-48f5-8a95-7d80a95c0c21,2021,90030,B
b585574c-e321-4302-b39f-8fa283ba024d,2021,1136142,B
73c7e058-fb86-4a9f-854d-873c773546b9,2021,19042,B
ad79d9a0-87f7-4640-824f-8633112a0232,2021,118420,B
0915ed62-81b9-46b8-857c-b0130ca0d184,2021,98595,B
e58cbc34-8a52-499b-bf8a-a14254b3ed04,2021,513,B
ff7e196d-a89c-48ea-bcc3-05aaab74846f,2021,101942,B
5e6d3a36-5b74-4d7b-b002-d7286a10ddd9,2021,20239,B
16a960be-9fdd-4617-b067-61bd0708a189,2021,2209,B
fc077439-7850-435a-bd51-349c821f1203,2021,1314243,B
ba233691-6ab2-4b1e-9102-76da5b93792b,2021,97443,B
dc2b51d6-7e8a-459a-90a9-848c30275f37,2021,1190071,B
cd6173df-3f33-4f2a-abb6-a1fc619fcc36,2021,18584,B
0189e708-93fa-411d-94d1-0260278c6162,2021,102590,B
a02106e2-3b22-492a-b566-13e88e7b980a,2021,104360,B
c8e5ac82-6900-411a-94ca-9bdcb367efae,2021,114616,B
a79a6a86-3345-4d50-89d9-eb4dbcd305b9,2021,106167,B
147f2f1d-3dd6-4f40-bc2d-d8f4ee732d95,2021,11452,B
bf2c861f-49ef-43dc-b07f-043e8007ae93,2021,101942,B
29190556-ae92-4450-bcb0-a92dae1b7ed4,2021,5000143,B
e52ee830-b818-45a6-ba37-6d56e15d84ae,2021,116770,B
de6885e7-82e3-4f33-b224-f203a8d58c64,2021,13595,B
e935d930-89ca-4440-996d-60d10b2841e6,2021,5000143,B
e588c82e-7edf-4870-a6cd-0284a41aebed,2021,1136142,B
b4768dbe-7ff2-4892-ac38-128a591e1e01,2021,117532,B
f4eacfa5-ff65-467f-970d-cbf7d24cddea,2021,1272079,B
4640544e-c93d-4d1d-9d81-3041fdbc010b,2021,1330347,B
57e100c5-78f2-4279-88ab-e13fc211de98,2021,64664,B
f8659753-c19b-4b6f-8420-224b58f0fd25,2021,1118057,B
ce764efb-5216-42a3-af0d-7582e254ff1f,2021,118468,B
7a805b52-4269-4b3c-91de-d05ac06ccbe4,2021,101830,B
157f6f10-2caf-405f-99e8-cc98412d0fed,2021,67601,B
78b983cb-65fe-4cbd-8586-0c215d1e6f03,2021,118468,B
01bfa84f-4649-4fc6-9b87-475b8405fc02,2021,95017,B
1271cd7f-ee09-4389-be99-6dac7cf44ecb,2021,5000135,B
33eb2274-8573-4726-a338-cbc60dd1a934,2021,1118057,B
b062dea3-1fc8-42ce-85a7-8ac81284ec93,2021,95175,B
a169b9f2-29af-49b1-af08-bb38bf2252a8,2021,99406,B
52416281-5083-4fb2-8d5c-9ab0a52c400a,2021,13980,B
eb816608-f216-422a-91ec-7491c01b8602,2021,1136142,B
e6b7a70f-49bc-4366-b47d-807ce26c38b0,2021,118420,B
51fb9a6d-099d-43b7-8535-8bb4f7d723c4,2021,107422,B
8aeb983e-e838-487b-a994-f30f6085eb07,2021,108660,B
06e965d6-db28-4ddc-a35c-d76d81a7e621,2021,112086,B
ceac19d9-83d7-4c82-a6ba-0916bf0f5c2f,2021,11554,B
823d7ad0-3f5c-4c3b-ad8f-4848fa8c4334,2021,1181327,B
1724cb3e-2906-401e-97ce-ba53b90e8725,2021,117022,B
b4abfe71-153c-42bc-a6ea-42cc94917680,2021,87396,B
ad629ba0-d5f8-4c81-9843-ec0a7415b605,2021,106167,B
08f5d746-27bc-417f-a02f-fcf2c15549c9,2021,5000143,B
56574b70-d14e-45e3-9bc2-71faebbf4cac,2021,317,B
b16cc23e-e9af-40f4-b218-965967a91892,2021,5000143,B
02d01518-9779-4117-aeb4-de0bdf5d37fb,2021,1190071,B
4b139f02-13ac-4183-bbb8-aa561d6cfd1d,2021,117532,B
bb4283a9-1965-43f1-b9d5-1aff4247d95e,2021,103062,B
f50d6c09-3bd9-4368-9280-3c66a60d3765,2021,5000135,B
ba3e3595-793f-482e-b938-5134ecdb5d76,2021,5000135,B
aa13a60f-13df-4a8c-905e-a52038ac1844,2021,2209,B
857b18a4-f4eb-4f94-8fc7-baf8120e5c21,2021,1351760,B
8d4b02e8-c19f-452b-8a45-af8643f2493d,2021,107422,B
1ed50cb7-b6a5-410c-805f-146689414d1a,2021,95017,B
06d89bfa-6b76-42ae-9bb9-9b0aa1af7aa0,2021,1314243,B
5941c376-54f7-488c-9448-f17dee573690,2021,68930,B
fa20fe54-e4dd-4813-903d-461d2ef4b27e,2021,53342,B
520805ef-957a-406d-bbd5-33f076a61d9e,2021,118420,B
70404e98-8629-4e12-99c5-268b6db7936d,2021,13446,B
d0835a4a-7fc7-4dd2-922a-e0185108da2b,2021,95017,B
8e2a5907-72fb-4134-a013-5ecf266a04b5,2021,5000135,B
dbeed9ff-d6fe-4094-8794-c263b2e5b460,2021,47069,B
d0047852-80ad-498b-b6f7-41bb2c627d4b,2021,13446,B
6673ca50-8f2f-4227-a9e3-dd1a0e406ff5,2021,106167,B
8faa373a-12c8-49f5-b009-b0c225bbca73,2021,13446,B
d63ac4af-3640-48a2-a4ce-e7d4c7da7948,2021,116770,B
9c483f91-83d1-4b9f-ab54-f61fd0507eef,2021,18584,B
adfef53f-4f00-4ef0-9ca0-7e46ca5b4ab9,2021,55777,B
6c10238b-1fcd-42bb-9877-4391587b349a,2021,91181,B
8a95183b-006c-4c80-93eb-52b9b59d2b24,2021,1288839,B
91ac6dd7-b461-483f-81ee-97248bba8c5f,2021,18558,B
2156631e-2f8e-40a0-8fde-c6c32966816c,2021,113455,B
20b985bf-c6a9-43cc-989d-1c66892e76b1,2021,1272079,B
830323d7-db80-4821-b640-884135ac06c7,2021,317,B
2b98acbd-c62c-449b-9bb5-ff2a271bbd8e,2021,118420,B
1890880f-43e3-4295-88fd-b833548e2c06,2021,9425,B
3ce64639-3a5d-4e99-975b-5036200fc9a8,2021,106167,B
3b5db9b4-3b1f-495e-91c6-09d58847dcff,2021,1181327,B
f877fd8a-a5d2-4947-a409-8dce59d86147,2021,1181327,B
764c022d-7922-4c6a-aa42-aad0e0ff8401,2021,1118057,B
2439f7dd-d0da-4cb1-a5ae-d8ea8c1504e9,2021,13980,B
70798f51-14eb-4407-abb3-e7e90cfc8d45,2021,98013,B
5a26470c-dc3b-4e77-a127-1043432680bd,2021,13595,B
ff66fa22-575d-4e92-a621-a94aba5f55fc,2021,55777,B
912440d3-81e5-464b-89c3-03410b129213,2021,95175,B
e45a1121-e637-4fb3-b2aa-5158e0ca6c61,2021,116770,B
a8f0b5d7-37ab-4503-a06e-a11c8f091195,2021,513,B
8dc1e829-4914-46c1-b867-e42ced360045,2021,11554,B
9b3f1a36-1612-418a-87a6-7c081732ae33,2021,1136142,B
c74a3ffb-5a0f-49f6-8f3e-b295af154945,2021,19047,B
e43045e8-b2c7-460c-9506-09a438c951f2,2021,95017,B
31236402-11ee-4578-b944-bdbf860a4e76,2021,1385488,B
b117a43d-c319-4ccf-812e-21eaf073be5f,2021,118420,B
c5679052-0327-4fd0-a80c-e543c2f30c10,2021,53342,B
eb067223-2caf-49c3-94f4-9be176c2e91a,2021,18671,B
9495f978-0188-4516-8c6d-b4bfa54f0a4c,2021,101942,B
b22e613a-d52a-4a2c-bb6f-6cffe2c8c25d,2021,1283028,B
0ec9d83a-9b1a-46cd-b6be-b1cd4e4f3f7b,2021,97443,B
e995ae8c-76bf-4b21-87aa-ca2380f882a5,2021,11452,B
701726ac-161e-4d36-a190-76e85f93c806,2021,1132918,B
a5d3c19f-d24d-40d6-90bd-ab9e45f5747c,2021,13446,B
3d7e2ff3-c2e1-4952-8701-3c7ea39de8af,2021,20933,B
f863a0d0-97fa-4ba1-a3c2-72ad64f6593c,2021,1118057,B
e5e54d5e-0830-46c7-8007-77fa91ade46c,2021,97443,B
a3faf2a0-348d-4ea4-ac5b-d84d0299072b,2021,13401,B
a30232ce-6175-41f2-a3e8-87a503687350,2021,116770,B
ee9588c9-60a9-443c-af17-f555c756b47a,2021,86326,B
c28c3134-b85a-4260-a37d-3ea7eb3d2bdf,2021,95017,B
d07d92ea-c31f-44d1-8995-ed726002c583,2021,99406,B
aef959cd-9c06-4ea4-b14b-273ec6c81069,2021,1101244,B
cc3e0263-179c-438d-8da2-ccd809ade9e8,2021,1288839,B
2b4ff236-153a-4eca-a4c7-a3a052e7a801,2021,5000135,B
2127570f-5eea-4066-985a-5381dfc4828b,2021,86326,B
7d2aad7f-11f6-4e58-b1d6-022ded59fbee,2021,1132918,B
768f45f2-7ba4-4400-a116-861c77397aca,2021,94762,B
993f1837-ceab-4c3a-803f-72498d241c9a,2021,9414,B
64973110-bcf3-472f-8f0c-1ee7b91b327e,2021,1270596,B
bca6b593-c5fa-4ad5-8ab7-54cf393cf525,2021,106167,B
36f2feac-d288-4ad4-9914-747ac12f905b,2021,53333,B
0df7bd04-4d70-4ca5-bc0c-62a3f80096e5,2021,95017,B
eca8d85b-ac9a-40ec-be84-35139605f1f1,2021,95175,B
e1dd1cbe-bcc6-423d-a18c-4b9d52473948,2021,113813,B
75b89db6-09e8-4251-8724-c55374818b84,2021,13595,B
2a19ad13-dfc0-4772-b5eb-5b5147dfbdaf,2021,2209,B
a431b274-357c-4e04-bfe9-3d3ee70d6174,2021,53342,B
fc513764-ea69-4934-9748-596de6b1f5df,2021,1300429,B
3919aef9-49de-4b42-bec3-1b1a1f416255,2021,20239,B
e7c28761-4660-4a0d-bb0e-4cfa65ffa30b,2021,1190071,B
355bde53-bd46-4d17-a59e-7c83107d667c,2021,13446,B
1269b3b5-47e5-4a38-ac9f-bf65f9b1acf7,2021,1136142,B
76315587-b4c2-409b-944a-bd61d81efbf7,2021,1136142,B
a5545186-e557-489c-ab80-d642bbe323ad,2021,13595,B
4cb5f8b1-9e6f-4968-89bc-865645edf699,2021,13446,B
c72579c1-7232-4794-8c11-207b97464ad6,2021,13446,B
f4b09942-0bf1-48d6-a754-5b0ef2acccd5,2021,101942,B
3ae9dbf6-aa87-40fa-8c82-5f37a9fb4ec4,2021,18683,B
315215ca-01ed-4b77-9005-6a35f93cbba1,2021,1181327,B
069a6071-f33d-46b8-bd1c-160a5168b583,2021,101942,B
015608fe-0ea0-4d8e-bd57-8f2268916334,2021,1299927,B
bbc7348f-539d-428e-bdbc-0c2b7b112f02,2021,5000143,B
f7de8788-cff3-4945-854e-63227ed45925,2021,18584,B
057b46e0-1d3e-4d13-8561-6ee7e312f2e1,2021,18584,B
188c9ce9-46c0-4534-afa9-d17ade372b88,2021,102590,B
58e7a8a6-ce45-414e-a3b9-8cc3af85dc89,2021,102590,B
5009be5c-8106-4f28-a8f9-a3a495e934fc,2021,1113582,B
76b4b81b-4636-4871-91cd-e8abbdf50dbd,2021,1113582,B
78993ca1-7a6f-4fea-8fa0-551b269aad97,2021,1113582,B
d59d5d64-0666-4b69-ae79-eb0f9643de75,2021,1113582,B
b0665b54-e2ee-4b47-a350-1cde0a8fd7c1,2021,1113582,B
72d5fd7b-aee6-4295-8670-ad369b44db13,2021,1113582,B
9c335a26-a569-4875-b992-7e0000dc2150,2021,1113582,B
9def5585-934c-4a8d-9348-b4a3c543f7fb,2021,73140,B
a0d23d94-5efb-4382-8266-83658d9038f5,2021,1113582,B
8063c697-e185-4057-984a-15bd798416ac,2021,1113582,B
d5deee2a-9d86-48a4-89e5-45edcda19174,2021,1113582,B
43e6ba9f-b70d-4358-acfd-ea56ce06e9b3,2021,513,B
5bddb2e3-bd4e-4df2-9fa2-c0ab5ab2a74d,2021,1113582,B
ab316c50-8015-43e3-adad-a71acc37c4ed,2021,1113582,B
092c64dd-96f8-42fd-b241-73dc9b98355f,2021,101942,B
771758f9-06fa-4e3a-951e-7f0ca3a87f26,2021,101942,B
9942cbb9-709f-447e-a4c2-b9d28cb2a074,2021,101942,B
fe4f0a01-3125-4f41-affe-defada029e1e,2021,86318,B
9b7c1fbd-1075-4dbb-acae-7cc6503096ae,2021,86318,B
63d71c8c-b25f-4214-8830-4c6bd1944131,2021,86318,B
0b6d8a4c-569f-4962-a91f-d2bb187c8434,2021,47069,B
3da6cddb-1b52-424b-b420-a2514f10297d,2021,86318,B
34dd17b4-73eb-4caf-86c5-f73b286beb69,2021,86318,B
c764d86e-182d-48da-809e-9a2f592b6282,2021,86318,B
0ff35a6a-9087-4bbc-be3c-0f09c5d6336f,2021,86318,B
edded56b-f136-4b52-b8f3-7de2a4fb4288,2021,86318,B
d1b5c564-a1e8-4715-9247-cf755bc57b13,2021,86318,B
e4df3825-56a0-43d8-89f1-af2c87cee4b7,2021,86318,B
3006d7fb-0d5c-4848-be3e-3762f6d7e161,2021,86318,B
f474d9b1-82b3-4c44-8f14-acaae5a68700,2021,86318,B
67ad4c65-7a14-48e3-bf3d-a2e04ce46e68,2021,86318,B
590a8ffe-fac5-491e-8172-80b2362ac620,2021,86318,B
0b14c940-8ea4-4da0-908a-5bed074adcd2,2021,86318,B
1f08b103-bd0b-417a-9fc3-378243722e20,2021,11554,B
a47ea78a-c409-44c4-8d5b-323e6815a336,2021,98305,B
d46050d6-8d9c-493a-9c1f-0844ecba9f5f,2021,86326,B
e0067434-c91d-4c31-9261-f254940d792c,2021,13401,B
dc0985e5-be91-4647-b8cc-3f50312be07d,2021,67601,B
f8ccedf4-3220-4e97-aaa8-d3026aa6cb5d,2021,67601,B
46d4076b-94f6-469c-ac7d-745d4526dd6e,2021,73898,B
b0f46e32-16d1-4899-bbb6-3c9748883cf7,2021,73898,B
f950f423-7c08-4309-97eb-18867aee0aa8,2021,50082,B
e1c46050-8284-43c0-84c5-908f624bee99,2021,21464,B
7671ec80-c14e-4a71-88b4-9cef404d3606,2021,21464,B
2727eae6-8b88-4d8b-a9bf-7b58e7d62516,2021,1190071,B
dcce60b3-461c-4c8f-9f18-89b7890c0a8a,2021,13595,B
9348cbd6-9351-481d-ae07-7f7eead1ef05,2021,13595,B
bf6eca15-c5de-4321-8664-4f757ada16b3,2021,107360,B
3a1e67c8-743a-4aaa-b5cb-47e60bd3b0ca,2021,107360,B
830dfbc3-22f6-47fc-8bd1-5a5dcac9cf5f,2021,1265453,B
d52c5c2e-c2f9-487c-be44-7dc53bd384a5,2021,1265453,B
965ff671-7eb3-4b4f-b851-287b759054b7,2021,41238,B
4f7dce14-c245-4c1a-99a5-b7da4190ae98,2021,13446,B
e2266f6b-c552-4d50-ac82-f3166a2615d1,2021,13446,B
e219688e-1336-45d1-ad38-274177e75ef5,2021,1180773,B
644aa4f7-1085-40cc-beef-7e6ae3165234,2021,9440,B
a03f02d4-fd51-48c7-b512-352146608ad7,2021,1180773,B
bff64d32-cfc7-4444-9853-8ad2a6247eea,2021,1180773,B
f012b19c-3d0d-498b-a5ff-75916efe3d88,2021,1180773,B
46cd2748-55ea-4be4-b52c-a94fb535645e,2021,1180773,B
f2b8467d-0b80-4ecd-bc0a-20264f8e4d96,2021,83388,B
7ac88a68-d3ef-435a-b909-3030f751e20d,2021,1180773,B
85488347-2a13-4e5b-9155-7d2170698a53,2021,1180773,B
7b12bbe8-619d-4f42-a169-28340bea6c26,2021,1180773,B
ebe5849a-875a-45b9-b67e-965d8de79926,2021,1180773,B
c5830af9-688c-4e0b-a1f0-301be7c7a7ac,2021,1180773,B
d92aa8e5-615a-49b7-9f42-ea9eb29e5b1c,2021,1180773,B
496b3c0d-71ca-4539-ac5d-4ddeca4b3be7,2021,1180773,B
47ada8fa-9361-42cf-992a-9665c851c36d,2021,1136142,B
0723eaa3-bf35-4688-a857-6bfac0b51f67,2021,1110857,B
1951dbb2-49ba-4ffd-a5ad-948b69ca5fad,2021,1102628,B
cad0b5ed-7407-4814-90c6-b06150a587dc,2021,1288839,B
b9fe795e-fa09-4e61-b5f7-54da01309323,2021,37862,B
e6869a4c-c8eb-4226-a087-8be408aeac3f,2021,113455,B
ffaa8b31-3cf0-460d-9c4b-4363e20d420f,2021,1110857,B
9a9e37e5-af10-4e48-8815-53bf68c0e557,2021,1110857,B
6c26d897-2ff4-4a77-acb0-331a09317949,2021,1110857,B
a6477a52-f0bc-4484-96b1-9b16c74481d2,2021,1110857,B
1e2fad9b-66ee-49bd-b6fa-d30ba381e3b3,2021,1306689,B
ccfd0943-7f75-4a9c-bfb8-4a70dd9fe5e6,2021,1299927,B
2c66661b-ba7f-4f97-b898-6ab989574eed,2021,1270680,B
1943ac60-f749-4c6b-942e-05394e2d253b,2021,107422,B
81d6e970-7278-40ba-bad8-ddece94bbe6f,2021,107422,B
3cb4a0d3-28a9-479c-87e3-5a0de6239f49,2021,88068,B
578d11e1-5428-4f19-bb0a-2cb43cfdfb9e,2021,1118057,B
5fbdfecc-f422-4709-a4c2-f9967809efe5,2021,113687,B
f8877f97-d54c-423a-917f-877b89b9d549,2021,56172,B
2b1b5fc2-91fc-4ff0-9854-baeffaacb9cf,2021,1108692,B
d616bc0a-8230-4fcf-adcf-774f2137df16,2021,1427745,B
aa8dfc04-9004-4f54-af20-a159628de33e,2021,48205,B
3839ad76-be6d-41dd-bb50-28b4401a4155,2021,106996,B
81e0522a-92d3-42dd-a23d-94a88d2e701c,2021,117532,B
a1994cac-ac9a-46fc-a19a-7287433083f6,2021,99820,B
43b826ff-1587-4e4f-a685-2b440120ebbd,2021,95175,B
ae404bf5-1ca4-4f6d-b83e-efb46bf8f732,2021,95175,B
7f72847b-2455-4871-8a4f-815fe34e65e4,2021,99820,B
c36a1ead-c81a-4b06-9156-74c3ba0d9599,2021,1203177,B
e4e20c3c-262b-4298-ac9b-ca1307498c46,2021,1270680,B
65afbc85-8825-497e-bd4d-99980e3d0a6c,2021,1270680,B
84d8a1a2-8852-46c6-a479-5b0c42e3dec2,2021,12025,B
8aca7e7f-93bb-41fc-b810-7fbcb51a44de,2021,12025,B
7a6dfaf8-ddc6-48e3-a773-c10e57a21486,2021,1190071,B
f90b7712-dc7c-4469-b7e8-01678f829602,2021,1101244,B
20899027-aa57-496c-9e29-21c4de003699,2021,1270596,B
bcbb6ebe-58c8-4206-b8c2-b82fd4f2cc53,2021,1270680,B
e753a6a3-6fa3-4317-a7b7-78f690c0abe7,2021,64664,B
ced39f29-544f-465b-974b-cf8c9ec68a93,2021,1270680,B
4dc6b0df-85fb-4475-aac2-ee753e03da95,2021,1270680,B
e9dc75d9-b3e3-420d-8ef0-d1e03e6f5291,2021,1376131,B
9dd5a91b-039f-41bb-ad1b-19ff9311d3a7,2021,64664,B
c3278b3d-d09e-47f9-960a-6dce8788923f,2021,60886,B
3bf4d28d-c261-40ab-89dc-f23f124635c2,2021,60886,B
2e4d9d1b-8e2e-4638-bccc-d72b313e68d3,2021,60886,B
be6db981-d45f-48d2-924d-ff8691abd7e5,2021,60886,B
7c70251b-516f-4158-a261-4c6a2b30cb44,2021,60886,B
b9ef96d8-50e2-47b4-aa3d-4e6cfe54dde1,2021,60886,B
28c25569-5e9b-4582-8354-812089f902fb,2021,60886,B
11409a6d-68e1-435a-9f39-3bc0cc8d088a,2021,116770,B
257d1e9e-f3b0-4afe-83f1-950ea3f301e8,2021,60886,B
6695122b-2cee-480a-a547-f0f8cd18f47b,2021,1270680,B
8913c02f-0748-4687-81fa-6d367fae079a,2021,1270680,B
ff6616d5-d8df-464b-a538-8145c07abca0,2021,1166783,B
df272d8c-3bdd-4d9a-96f2-22a19577c385,2021,10515,B
88f0a33a-fa8e-4707-a274-a3e3cd2c0838,2021,1181115,B
94ba7809-7bed-4fb2-9c67-ccde4e232cb4,2021,46377,B
d2f16439-ff58-464d-b0de-1f092e42c044,2021,12313,B
c36893d3-2115-4bbb-ab37-6839e7865e9d,2021,5000951,B
62d264ab-02c4-4f8d-bf22-ffcba5d909ea,2021,5000951,B
65543521-00fe-4979-b63c-0238ce5220f0,2021,1181115,B
6558f1cf-2b98-4cdb-bebb-ee61f43dfbfc,2021,1181115,B
e85a15e4-f2fa-496f-89c9-f727cd3c274a,2021,1181115,B
770142df-357c-4881-a16f-6871b6046134,2021,106996,B
1d601e7f-6d1e-4d35-bfe2-01b9d6dbb2e7,2021,107920,B
97f19428-e0ee-478a-acb4-25d275f981f4,2021,1300284,B
4172979d-2dd4-4c3a-b7a1-5590d0a142e1,2021,1118057,B
c192aa4b-e1d2-494b-aca1-b414819a6ef3,2021,5000135,B
58bf184d-464d-4aff-af03-a1157dcf1509,2021,43664,B
4a6f3afe-6211-4418-8dd3-d91f4cb3934b,2021,43664,B
4d84502b-8282-4f09-b58b-60d1dcb2defc,2021,2209,B
8c5c1441-48d7-4c05-b2d3-e8a15076d1f9,2021,48675,B
6fc6db40-1997-4797-8042-ea1020206c8d,2021,48675,B
2507a8d0-34bd-4201-944f-72e5b16a34c1,2021,103062,B
7fc6c83e-9f70-4afc-82f7-bcd1bc623edc,2021,47051,B
279992a5-733c-4383-b9f1-1d803a4cdb72,2021,22061,B
ab0dad14-2879-41b4-8218-a61efe587b2d,2021,1161716,B
205fbf96-ed4b-4c83-a863-21eda38ee25a,2021,49054,B
532151c4-3cb9-43f5-8b64-1316f03b0214,2021,18683,B
e6346b87-77ac-4ba4-809a-43644c1b2db2,2021,20009,B
8fbfba02-fae2-43b4-a2ff-06c1f8724979,2021,1204325,B
3df72957-9202-45a0-ac42-504118546017,2021,13595,B
6441735b-f287-4139-8705-ef9925c352d2,2021,108660,B
61eecb39-c03e-4d49-a338-818ceb5e7961,2021,108660,B
732b2bb2-d673-4fd3-95d5-e791343bb9b6,2021,108660,B
9b929a93-1fa6-4084-92f5-2bbbccd5dae5,2021,108660,B
b2e146dd-e25c-4274-9dcb-8f8c2f71cd5b,2021,108660,B
0d7b3554-33c5-4f30-b0f4-64b05b52b42f,2021,108660,B
3dbe62e8-1eec-407d-93cb-c49a38419b0d,2021,62484,B
2efd056d-2cf5-49b8-8ebd-efb1f9ab5734,2021,62484,B
17320577-145f-4597-b070-e1dd0b69fb6a,2021,1322390,C
c9b4ce57-77a3-4ac1-8a03-8252b41afffa,2021,1101244,C
24df1ffa-0919-456b-92b5-ca6fb809b282,2021,1258063,C
2dd506ed-5557-40d4-84f7-3db41daae061,2021,113687,C
a3143a68-94bf-45cd-b61a-39b1bcd1872f,2021,94762,C
7d71d786-8271-439f-a286-c7215f753a7f,2021,88084,C
a3b70bbc-14ee-40ed-b640-06b3f68ffebd,2021,18683,C
6b2f3f03-4246-4ea7-9415-67c2600837e6,2021,41238,C
497e08f2-c8c1-4823-9565-f558c117436e,2021,88084,C
1e0c27e5-f9aa-46f8-a421-d018c6342bb2,2021,106996,C
f8801f00-9913-4697-a2d5-476b758f0cea,2021,114616,C
e9edf7c2-da5d-4871-86ae-6bba2835ae51,2021,41238,C
25939631-86f4-4201-bf87-da8f580bb21c,2021,1265453,C
76f14dfd-1b6c-4ef5-8724-b508bca37b44,2021,48205,C
e2d1c861-b2cd-4bf4-973b-efa6cff4c7ba,2021,1190071,C
9d4be1c9-cfd0-4c9e-a5da-a4678163a90b,2021,2209,C
05506066-7fdc-424f-a2cd-53857e54b35d,2021,118994,C
c5caf66f-822c-49df-8f42-60b11be20f21,2021,118994,C
b4711754-c49a-41db-8b5a-18c139662f23,2021,101942,C
def865e2-adfe-48ff-93db-c56831acefaf,2021,49071,C
0850ba66-218c-4ee9-b068-b76d86dd0374,2021,1070485,C
2ffce219-e57f-4499-9c88-8bb615aa2b7f,2021,47505,C
886e6202-e124-4456-9c8b-20df3dd0d408,2021,1300284,C
cdb1100a-08ae-4bb6-b5b9-3d5140bfcfe6,2021,1322390,C
e6130874-ed46-4cbb-9435-eb94f66aa025,2021,1181115,C
4da8800b-0019-4ef9-9b04-5400e820bfab,2021,19047,C
dc8f4032-9758-4ebd-b146-bee65b702f90,2021,108660,C
860279be-6ce2-4d99-80fe-2f85e0fa3ef2,2021,1117717,C
284214d5-a85e-46a3-a5f3-2d04fad0ca1c,2021,1132918,C
dcf599d8-ebf2-4a78-9561-af1e5beca841,2021,108660,C
66cb0ec0-97fd-4fb3-b93a-4c20371e47d7,2021,48205,C
d81abb20-6a53-4d75-9c5a-47b157ffb9b4,2021,113813,C
bae9cd41-a7fa-417e-9f32-8e7be3f5df3d,2021,1267543,C
0e9d3288-37b1-4568-bd7b-0308b8bcf52a,2021,13595,C
e882b15c-3107-44b5-b752-2d24a2f52624,2021,48205,C
842d8ccd-0d89-423d-b557-7164c92dd355,2021,317,C
9f238388-7793-4c9f-979d-2b62c8831209,2021,108660,C
106e9531-b390-4e34-a41f-b27df23c3763,2021,101942,C
281d1cb7-bcb0-4a15-81eb-434b7150fca3,2021,43664,C
7fb06673-fa79-471f-beed-3f0332006e9a,2021,37862,C
e0b26387-4c80-47e0-8908-507829e42497,2021,1190071,C
edfedefd-4b56-4333-a02b-fb56c1854ef9,2021,106996,C
9eed21a4-1480-481d-9bf0-35bea08ca08b,2021,13595,C
a1264611-7b28-4508-9847-4b9ddcbc4fc5,2021,50981,C
a8a2e329-39ba-4d21-a62c-7742b10adef5,2021,1103723,C
4d90653e-edd2-4f68-b273-2fa75ec3ea27,2021,88084,C
f2e7d5e3-1ab5-478a-bdb6-faaca15b386a,2021,95175,C
816eed0b-21c2-4dae-96d3-31ee63bbe0e9,2021,2209,C
bddd9e39-ae5d-4652-8e74-9ac1c57392fe,2021,13401,C
7b9ca3ba-ce35-4ada-bf6b-07ef3f854952,2021,113455,C
63539375-f9c8-4ff4-be44-53be83824328,2021,114616,C
9f86aa8a-f351-48aa-b793-17eb452d7e29,2021,58808,C
e734e5db-a58f-43de-b757-1134108e3198,2021,118994,C
e1601268-f70b-45ab-a7eb-165852149066,2021,1190071,C
44993f2b-5cb6-4154-9c29-46899a814287,2021,40343,C
6e17000f-91db-49a1-98fb-95b206b74cfd,2021,13595,C
6a2410dc-7eaf-4565-aede-349d88d291aa,2021,48205,C
54c3613d-2505-40db-86d0-400513b150eb,2021,9414,C
c9096461-e3e9-487d-94d3-e80ebe3a36e1,2021,108660,C
d612b048-fb75-45b9-a43f-c2c2a6275480,2021,1187671,C
1ecdcabb-a797-487e-b384-827db5458f92,2021,1190071,C
6e644487-b21e-4017-a0a8-6ec522fdfc6c,2021,1322665,C
d774669c-dbca-4703-8c52-f2f8fb50129b,2021,48205,C
1c678cc8-3eda-48e3-ac10-218da2418704,2021,90030,C
590f38ef-8ef4-4d77-9316-056fbe12b056,2021,106996,C
3efd82e8-c05c-45fa-a21e-a115c6ec5bd0,2021,1181115,C
6a9a76c1-8a6b-4b6e-b261-4b977ce4ece3,2021,1322390,C
a68f0288-9ed6-4782-a3c2-f8ba8829deb1,2021,95175,C
fec645fc-fd3c-4522-bcc2-5cff67138888,2021,74737,C
c1516048-da2d-4aa8-903f-e77ac4226609,2021,1300284,C
efd929ec-f0da-435f-9feb-5637759c4b18,2021,108660,C
0d4728cf-4d8e-42ec-b7ee-d68ba66ec781,2021,48205,C
7856c6c9-c1d7-42dc-9e30-0e7a96fc6f7a,2021,104360,C
afb0e9c4-a2c6-44dc-b0d4-b8f4623067b1,2021,19042,C
2d6b7b7c-a4f9-4250-b148-f4feec449a0c,2021,1181327,C
f9eb421a-5963-4a27-ad8c-20669786b6bd,2021,94762,C
0201fdaf-a459-4297-bedf-b451ad67155c,2021,22047,C
04ae8900-9e99-4b81-83dc-f467cc1b4ba1,2021,101942,C
eab0a535-a4ba-4adf-b236-9941bd16a027,2021,73140,C
6e8d6a7f-733a-4b17-acb6-0f9b2b08651d,2021,107422,C
bc25d171-9c93-4c3c-a765-3945bfce0271,2021,106996,C
dc44ca5c-5d7d-457a-a131-3d746f15381c,2021,1322390,C
761a220b-951d-4b0b-9a8a-d734c29c4e83,2021,1322390,C
6b93c43c-83b9-422e-96f7-b885dc4a3722,2021,317,C
15cafa52-2c7d-4589-9bcc-0a6c84bc54e9,2021,58808,C
7870e765-3846-4b94-b3d0-130a4b7e555b,2021,95175,C
8eb527f2-37e2-4d43-a6df-eae792b7ca02,2021,67601,C
17e5bc6f-3bcb-42ea-b419-088931a22fc6,2021,118994,C
0f51973f-c6aa-4828-aba6-f8f82b1acc10,2021,5000135,C
8e92a515-d5f3-454b-b792-0f9f4e25c2fe,2021,101942,C
47651c56-28da-4553-bd96-a021c7bb4204,2021,101942,C
59747954-d886-4e16-a796-3892039f36b9,2021,1376181,C
d684c7ce-6db7-47d6-bcc1-22c999771631,2021,106996,C
3411e426-a1e0-4de4-b209-163a71a1997f,2021,11730,C
cd68357f-586f-4c19-8a39-1a48544648f2,2021,68930,C
69ea223a-b0e2-460e-98fe-a0d431e67814,2021,41238,C
1b38572b-160e-449d-a089-46da06c0ec0e,2021,58808,C
8dde8c48-a207-4498-927b-9ab9ac08bf45,2021,1322390,C
b9c65f92-971c-4391-9885-db653f7dca63,2021,107920,C
39c5295c-31da-49b8-8587-3bdcc0bbbc2e,2021,48205,C
4e72fe7c-3a54-4113-9376-c65652ddc6dc,2021,94762,C
9f132f5c-ff9a-4eb4-9a68-9fe61c159791,2021,9425,C
a7dc22fc-7965-4ce1-8529-76bfcc8b9934,2021,13446,C
ade8627b-cfbe-4948-ad49-2586ed732a85,2021,108660,C
ac55a5a7-8f2a-45c2-9df4-2c628d5eb3e9,2021,37862,C
d990272e-5077-4636-9807-68d36870d508,2021,88084,C
038c57e9-0fe9-4138-addd-1aa7636d8a98,2021,20030,C
a8704325-1e5a-4ac2-ab5d-f2fb9d35740d,2021,5000143,C
33bd2bb3-bc78-426b-917a-e2a2e3cf6f8c,2021,13446,C
a6b958f5-2973-4685-aca3-aaa1a6a88496,2021,106996,C
a205eade-08a6-4a2d-8d90-90a3892a5348,2021,1269545,C
f8c3afbb-fd41-4e4a-8763-6d54a027f4cb,2021,83388,C
0555a01e-171a-46bd-92e4-302c97461852,2021,107422,C
7e0f3db5-c224-40fa-aa72-56b02e492cd4,2021,107920,C
5000a6d8-0312-4a84-b5de-90931a690f75,2021,968,C
282c2d1e-3444-4400-9f2f-9b9fbc7bf986,2021,18584,C
f49cbd1a-4e6f-417d-9d9e-8ba07441eb9d,2021,95175,C
60bf56f0-fd1a-4712-9818-733849cd1c15,2021,59122,C
42a93267-598b-4690-9df9-6748c6a4ccd1,2021,103062,C
5ed1e146-f8b7-4855-a5b7-34c5d6c8cb10,2021,108660,C
e25e847e-7f27-4050-b830-4611b692a542,2021,13401,C
643ace64-e38d-473a-9883-c0b4090bbfbf,2021,513,C
94ad9858-126b-4e21-8043-4c9d5c7ff87a,2021,113455,C
ff36360c-9169-4435-ad3c-9c24a60cb9bd,2021,106996,C
d37614b7-c3c4-4612-bffe-e01544f9e9eb,2021,1322390,C
59c19eb5-0a24-4318-8765-0cfa2f25706f,2021,106996,C
359ff6c8-c409-4f4d-825f-31a51df07b81,2021,106996,C
dd63550d-e998-4620-8237-b98870cb108d,2021,50981,C
62b2e7cd-14a3-4718-a9da-106edbae9ef5,2021,1190071,C
40cbb836-8310-46a9-a5a6-a225c67752e6,2021,1376181,C
cc2ed611-ad46-49b0-a146-e6220429320c,2021,1376131,C
604e9ae2-e63d-4ee2-9094-351c6b18a7dc,2021,40343,C
86426930-0d56-41f6-a065-364739ca0a86,2021,1351760,C
4366b1ff-8773-4d26-b4fd-14c0b5399337,2021,1136142,C
3faa08c9-faaa-4ea8-acfd-7406866043a5,2021,1190071,C
d8c3bbab-a8c1-4356-b40d-744315a3e152,2021,107360,C
02ed2610-1962-47a2-98b2-5b34755583f7,2021,1190071,C
0a33f133-edc3-4c19-be63-3cce9df5cf1e,2021,21464,C
99d46d4c-e841-4987-a6f8-85b5d73c84e6,2021,106167,C
1fd9a8e1-3b24-4abf-b8a1-15c0704836c4,2021,91181,C
197e7bef-23a9-4943-9004-961ac42713f0,2021,317,C
c0fa17a3-7308-452c-ab14-e364d6c96931,2021,19042,C
f53d00ad-dc66-4662-a5ff-b7f2f333c62b,2021,101942,C
a4c4a19b-ec3b-4ccb-a7ca-d7116ec024ba,2021,1103723,C
48b86638-617b-4d24-887c-3346758d9e01,2021,19047,C
56b8ac93-fad6-4fb2-b9b9-55b936e1cf51,2021,107422,C
255344bc-a18e-41a1-9061-93dfe07da2de,2021,1265453,C
5b349c05-6302-4a16-a2ab-822b35f6b29d,2021,83388,C
d082aba0-2a81-4642-94bf-414fd633a81b,2021,20030,C
3b982655-2e7a-4b01-969b-46adf08fbf19,2021,106996,C
2e96aaa7-9ee2-43b3-a0a2-bd094c5b858e,2021,9440,C
f2dbe410-715c-4cc2-a597-a5615556068a,2021,118994,C
839c6c4c-dbd4-411b-8763-46342c05020e,2021,106167,C
256907a0-768c-471e-af7b-a94afbdfb341,2021,1161716,C
a9102f20-f632-4d66-90e8-c3be34364f17,2021,53333,C
b3baa047-dac9-4fe4-8e94-70063eba86ce,2021,117022,C
5eec15ef-eefe-42a6-908b-87241b5d687d,2021,101942,C
2d7848f9-4c02-4972-9f7f-fb4ce1f3f957,2021,1047907,C
5c2dd017-5719-45f4-94f5-736a7d25cc6f,2021,88084,C
2f219a1e-6b28-4fbd-bb7e-62d4214fb194,2021,1265453,C
7bfdeb00-8b63-48d4-9b2c-2a3ce64bc2f3,2021,37862,C
b14e6532-95b6-4f70-b533-1203ac219d41,2021,1322390,C
3fef699b-25a6-4862-9bfb-fe2a03102f5b,2021,1190071,C
f75fe7de-4143-4152-a32b-21dcc2dd208e,2021,50082,C
af9428e8-7808-425c-b809-f155e7bec402,2021,97443,C
b7e064fb-052f-4dc6-8222-28cd0018b063,2021,1270596,C
15b059e9-c617-4fa9-bc7e-62bb6d204662,2021,1148708,C
680553da-c51e-45fa-880e-c27146ec1c47,2021,98595,C
40debe75-992f-49b3-a109-ad63d07222f8,2021,117022,C
bf31fd5b-f164-4786-9b93-3265b7adf3cf,2021,37862,C
7c8da7d5-5915-4625-a4c4-8cd3dd87ddd5,2021,106996,C
8ec9017a-4423-47bb-8748-1fb1ce8400ec,2021,1270596,C
876f5ff5-4ecf-4d84-99b7-ce0673e6d096,2021,106996,C
1b4082a3-b943-4f80-8bd6-272f34c7745f,2021,1032473,C
e285eb99-85e3-4f81-8709-5d1c5fc9a321,2021,55777,C
dff0240c-a539-4b7f-bc6d-bf23513f5746,2021,1166783,C
ff680826-0440-4cd2-9c82-58a2adfb9040,2021,46377,C
2fc8253c-4dac-41e2-a1ee-94b1409cd3bd,2021,9414,C
a9fcf7d4-c9ea-4cf9-bd5c-8e081c74ef6b,2021,1047907,C
cb3cb0dc-d6af-48e2-b85a-8ed69b6e8b58,2021,18558,C
f84c222d-f131-41ae-be00-446dce8f82d5,2021,318882,C
a809a0e2-0bea-405b-a597-7b7e45ecdaff,2021,1136142,C
39a53de7-9c02-4b8f-8299-1fd9df2cba84,2021,106996,C
735df10e-e274-45b3-bd2c-902167d6b5ca,2021,55402,C
aadfc7c8-a5e6-4b0c-9f82-dab73b5f480e,2021,5000143,C
23adfa4a-93dd-4944-8af6-657cadc59dcc,2021,106167,C
a37516ae-972d-478d-a86e-ffff3fef0342,2021,2209,C
12266b98-2b71-4c8b-bd2d-1f3290f55684,2021,13446,C
5fb9c084-83e3-41bf-8a2f-241b295ea9c4,2021,94762,C
ce5131eb-7788-4da4-b866-b08b68a359eb,2021,1376181,C
37802281-14f2-4ae9-b50f-09c3f562cdf3,2021,5000135,C
f8a17d73-4ae5-4217-8df4-2e982f2d83bb,2021,106167,C
c529bda0-52e9-4cce-ae98-ca48072b0468,2021,9425,C
71dfad8d-6cab-4f5b-9c31-7ff6fd1a81e9,2021,1283028,C
89fa4a5a-70ee-49cb-ad60-59a986250fba,2021,1101244,C
fa74e50c-ecea-4293-a36b-15e8d1d8ae66,2021,73140,C
defbca18-2823-4133-9334-e9d6e1da4553,2021,59122,C
3d2e8339-56d8-46c9-94fc-833737f19ce7,2021,1427745,C
08eb018a-6fb1-49a6-a6d5-02d363f8be1f,2021,106167,C
4adf503a-8e36-4730-8ab8-453504ab5a29,2021,98764,C
201722d6-c35f-46b6-97b7-e8b3e327aeb3,2021,1288839,C
a15ec3fb-95f7-4b5c-a280-1e9e1187152d,2021,118468,C
1853513f-39fd-4b88-b529-bb15638dd20a,2021,98595,C
dc2a5c07-179f-43c0-b16e-e20129e933fc,2021,1181115,C
27720618-612c-49a3-8400-85c79645402c,2021,1403879,C
6073a890-64ff-4600-a8af-66112b5d9035,2021,1148708,C
fdc6add5-f203-4225-9792-6fef3e0ac7d1,2021,1322390,C
cb616a5b-79da-4c32-8599-fff50303011c,2021,43664,C
b706a422-204c-4349-bfb2-aa5a671ea7d6,2021,317,C
f3480677-e240-4311-ae1f-5af36312d660,2021,13401,C
6112c847-59eb-4929-a322-45e054e66532,2021,59122,C
e20304f5-0073-40e0-9a19-05898f41c170,2021,106996,C
e59a3d40-76bc-4fcd-bd39-52822d3c53b6,2021,106167,C
3538d483-c75b-43b1-a6b6-2463efcc618c,2021,46377,C
a05b2ded-df53-4d16-ad4a-88df3e6ec3d4,2021,57606,C
5c813905-adcb-4280-9874-bf4664997fd5,2021,1047907,C
aa689417-e4f8-41a7-b4d0-ed195141973d,2021,18584,C
1acd3eee-3050-492f-9c83-3c4f808b7423,2021,57606,C
dc958251-af37-415f-b0e6-9679ae56eb0b,2021,94762,C
859b0c97-fc0b-4e2b-8e03-e1af3ed73c8f,2021,1070485,C
8c06a20a-45be-41a5-9a98-253e8e9e358b,2021,1204325,C
becb9542-cc3c-4a3d-bda2-1b54b7d2fdbc,2021,1322118,C
cf9a76e4-22de-4630-a50f-ecf63c51fa90,2021,22047,C
f346fd2b-637b-4a37-9720-c1de507ac2ad,2021,9425,C
6c08352c-c4fa-4737-9372-6f89fcdf07bd,2021,1269545,C
4b85785f-e0cb-47e6-ab4a-5bef8bb9f054,2021,1101244,C
d4eca973-61c6-4272-8430-fb6792d94368,2021,41238,C
434f829e-79f6-4e51-a37e-e219997c56d5,2021,50981,C
d4f15056-4da0-45cb-9d3d-63cb591a4db9,2021,18558,C
bc69caee-0a60-4a51-a2c0-e7ede33223fc,2021,1265453,C
f7739425-4766-4038-a908-afc73f71816a,2021,9440,C
eef273a9-61e5-428e-baac-d0a698fa95ac,2021,19047,C
24e098fb-0595-4e92-a558-0798fdb4fa98,2021,49054,C
d136eb5b-15d0-4a85-96cd-f3fdb9de7448,2021,53331,C
399fcd49-740c-473f-a1f6-d6fa3f7b5d4a,2021,18671,C
2c76b7f4-988c-496d-9c7c-ce8edf94e40b,2021,1181115,C
dfcce655-aaff-4367-828c-9fbe0fa45e5a,2021,104360,C
6873238a-a8c4-4eda-82f9-2bf0e81e1230,2021,1102628,C
b2f3de1f-40fd-47f8-9b22-af8e7661553c,2021,106996,C
70d87ef5-0068-4981-b976-737622ff13e5,2021,1187671,C
867d5f74-37f6-4aac-bcb9-7a9cfbc29ea2,2021,1427745,C
dda09ab1-655d-451c-b7c3-03d90c611a73,2021,106167,C
f17e00d3-1f8f-4274-b8b1-e43cca52202d,2021,1300284,C
fa39f748-5192-4704-a02d-eaf6b7a9ee48,2021,1288839,C
10906061-68de-49ad-8b80-9a0ac838e5bd,2021,1318224,C
3d2039fb-ea9e-4d52-b14a-371755398290,2021,19047,C
22fe7ba9-5b0a-4f10-8250-ecb1eade6023,2021,1427745,C
47f29ce7-0234-41df-8775-7b1855a78fd5,2021,95017,C
713f87e7-2745-4344-8ec8-9daaa11d6ad3,2021,48205,C
974d572c-1f1e-46c8-a57f-663f326e3bd3,2021,18584,C
e62c9e8f-2c76-4b2f-b40d-32264ebfc0a7,2021,18584,C
71bea160-1399-451e-9ef5-5bc0b82454c5,2021,95017,C
0855dda5-4e92-454f-be0d-977725f3c07f,2021,1306689,C
7fee3075-8795-48d7-bb0d-9bbc40a155b1,2021,106996,C
1026dafe-7af3-41a4-b5e6-cf004b81cc11,2021,94762,C
715572b5-2b2c-4ae9-b874-511d6b932706,2021,13277,C
2a81852a-36f9-4833-9205-446e1b5da61f,2021,13980,C
f66d8667-7ad6-4bc7-92cb-7701196a29b1,2021,1118057,C
e8b8d166-583e-4b20-a08f-147bbfb53e75,2021,112086,C
e52bea81-24ab-4244-8b22-3be7d32e74a6,2021,11452,C
b844f11e-ce6f-4196-b4e3-78ea66e51bfb,2021,1181115,C
cc30d04b-a247-4595-a393-422dc86ee891,2021,1181115,C
1458f6d5-dab0-4982-87df-adb7d9a964a8,2021,18903,C
4b36993f-c833-4c80-a925-4470e12c2c36,2021,98013,C
6f97a7ae-6b8b-47da-9fa6-63470d221916,2021,114616,C
b347bee5-34cc-465c-9d24-b070ea9b86fc,2021,2209,C
be2e7995-973b-44af-a6e4-078d783e92d0,2021,95017,C
023998b1-d465-4d72-8341-f90cbe0fc33c,2021,101942,C
914281a8-37c9-4332-bdb9-40cf58608bd6,2021,106167,C
1fe6c867-a8ea-480d-b4e6-6f61bc0bb390,2021,98665,C
6a68d119-8884-422e-8fe3-4af723aed3cf,2021,91181,C
62d1f694-b49a-41cf-963c-ed11ec55cbc7,2021,1427745,C
adad8a7c-642b-4537-9932-9361b49cb55f,2021,5000143,C
a326feb0-dd28-4ab6-83b0-773327c0b336,2021,20030,C
9b667d35-2b03-46bb-a5cc-3e8e3a4a0dc8,2021,1267543,C
5a78f25c-605a-40ef-afd8-c6f84507c93b,2021,118420,C
64530a24-1fc2-45f9-930e-16087cd4d338,2021,1314243,C
b0b12dd5-fed0-4c44-bda4-40f6add31002,2021,49071,C
0d83a649-2e57-4eec-8207-aa6eb032eb20,2021,11452,C
67bff061-78fa-4ef5-86b4-7bfa4b0b5537,2021,2209,C
6215410a-f8b7-4ff5-b680-ee42704ff212,2021,112086,C
2371f856-d987-482b-a26b-311464742bd3,2021,1190071,C
5a2dbcb6-e5f0-42ab-bfca-8c8d6936e787,2021,64664,C
1472e1c6-96c8-4668-8c64-65e007e736be,2021,18584,C
ba6f72ab-2828-4c49-b093-27f612c52da7,2021,5000143,C
80d0a856-6ae0-42d5-b727-51343feba987,2021,95175,C
67a61092-c9b5-4a37-9102-baea71d666c4,2021,98595,C
e06b3023-716e-401b-b1dc-e9f68862c4d3,2021,101942,C
abced022-a9a1-4be1-bf0a-5d75fd6c39fd,2021,113455,C
e3e9ec16-a094-4a2b-9584-5a2805a2c9f7,2021,1181327,C
2bbd23fb-da84-4db5-baac-afc65a27d396,2021,107422,C
7df9542c-889b-4f4a-b978-c95da963f353,2021,59122,C
d0449fa0-5d13-405b-9ac9-d14e68418b8d,2021,20933,C
63daa747-15cf-46f7-b4f9-e0c99aca6cdf,2021,18559,C
6cdd272f-d2ad-4ab4-9c81-91f97f5cfc3a,2021,13446,C
3c1ef5b5-9f23-45ce-bd9f-b1d678904bfa,2021,53333,C
700e3bbf-77ed-4aa2-93aa-fb5449f6051f,2021,56172,C
a5044aa6-0f82-4159-b8c4-b9894b039df2,2021,97443,C
245e988a-8b8d-4d5a-beed-12034629f2f7,2021,64664,C
595d43e7-bbeb-406c-9895-d79427ca89cb,2021,108660,C
5fb928fb-36db-46bc-8ee8-0ccfa8025e8a,2021,73140,C
5d512d78-f666-4056-9c2a-3e0dadc06fa1,2021,48205,C
bfe1caa3-c3b9-4d59-a510-4818897cfa6f,2021,1181115,C
fd0085bf-eba2-4576-bdf5-ec20c0abfceb,2021,118468,C
bde67aff-2504-4f92-afed-51a1be900e2f,2021,102590,C
9e7b4ef7-164e-47b9-8d35-60ffcd6758db,2021,86326,C
8ce1775a-4c29-48cd-8d87-e8ae1058925e,2021,118994,C
78ea0d88-e4ce-4bde-992b-5d39e6f7d4f5,2021,101830,C
67cd541b-d087-408c-a1f7-76e6eaa3b959,2021,74737,C
e1f39355-405f-41df-a168-e057a51d49a3,2021,91181,C
563cd74d-8af5-4db9-8956-a0562999eb57,2021,47051,C
93e34047-2ed0-4314-a359-7f6fcf81c72c,2021,106167,C
ee7d0f4d-6ce2-42ab-8329-59dfbed411b9,2021,55402,C
0772423a-42e4-4ef4-a06a-16b96aa4dce0,2021,101942,C
a67f0889-1f83-4b1e-b41a-57973a1e3d30,2021,5000143,C
f5e5bb26-1964-41af-b4ae-2fc168b40809,2021,1181115,C
db60ebc2-5354-4061-9a39-00781f4de8c3,2021,102590,C
5d6fb5d1-a19e-4fcf-9755-56fe50bee65f,2021,106167,C
2cbc2f94-2990-4771-a689-12888a8cc92c,2021,13980,C
1f88ee80-b334-4e92-8ffd-e1939de0fd17,2021,1385488,C
10029a3a-fbbc-460d-92eb-eee6ed0ffe12,2021,513,C
92ec3e33-4b6d-4cae-8cfa-1bf7a825ef20,2021,95175,C
08cc4b6d-996d-401d-9d2c-8c8569e3d153,2021,2209,C
5ca97299-1a41-4006-8615-29ae5a214d85,2021,107360,C
95476c92-27e0-4b0b-ad4f-4f21c4392187,2021,1283028,C
e772a743-4910-4b60-871d-af863903a44a,2021,67092,C
c07438cf-54c6-49c3-9d71-7e1853525736,2021,1190071,C
48c7c17d-5cb0-4929-801d-1ec358afabec,2021,18558,C
e756e520-27bc-4f96-a1b6-428875dcb728,2021,116770,C
cd8349e9-a58c-426a-a740-5edd9d469dee,2021,64664,C
1f6727e4-c92b-4340-8f54-370747fd0df1,2021,1190071,C
ad81441a-fcdb-4f4b-b438-9c0d50ab8da3,2021,13446,C
67fd7e02-7659-4af5-8be2-d7dab61a2609,2021,18559,C
eea3f4cb-8f70-4ef4-86de-d1eb4d15dbb7,2021,1288839,C
50ae4fff-7bf3-45b1-9084-71503c9425f3,2021,56172,C
7ea21610-f457-4c77-8273-be08783cebda,2021,98595,C
0984c563-3862-419e-8ead-d2f43d3a2c5a,2021,1103723,C
3bccd71b-8b52-49a9-8229-07f83953a664,2021,20239,C
ae1a7e98-7d7a-4341-91b8-55b77552e833,2021,101942,C
1432f1ec-c9dc-4b24-870f-c53333aa20c2,2021,102590,C
0e184490-3559-4154-9d60-f60d824fda15,2021,5000143,C
6b7fe2e1-9038-4e3c-aa44-0f7843f99533,2021,43664,C
43e1414b-d3b6-4dcb-a952-927f42aea751,2021,83388,C
5f162d80-0dfb-49b0-970a-0caf6f2878e8,2021,1136142,C
a201db10-d153-45c8-b9ef-c426f386ac31,2021,20030,C
72edaa24-253e-4a29-9f11-aa5f1629f727,2021,18683,C
001fc971-a17a-4bcb-bfb5-6422085f1f98,2021,113687,C
80f824f5-743a-4dd6-a1c2-1da80feabd8a,2021,88084,C
eb269615-6773-45f8-af4c-158585d449ba,2021,13446,C
4aa6775c-52e2-4fb8-8305-ece5c7d08e5a,2021,95017,C
8e4c224f-0824-4d58-9c5b-81afb6fe624f,2021,113687,C
5e01d370-925e-4f67-b99c-7bb32c62c4fd,2021,97778,C
d79b673c-0743-4923-acb3-8ac4dbde0bf1,2021,20933,C
b732b144-0b70-4cde-aa39-352b9e5efe23,2021,9414,C
d00d6572-7028-41a7-aacc-36c3a7d09430,2021,18584,C
d09f7c7f-25b1-4d28-aee9-7081e29449b7,2021,317,C
93b21a8c-cb76-48be-9c57-332aa6ef7dec,2021,1351760,C
7765e7c7-5e0b-4e1a-8424-d285a2725efc,2021,1032473,C
6aaef589-5253-4cc7-8699-60512d6e0989,2021,101942,C
5cd29ef2-83f2-423d-b54a-31d324286d8d,2021,13595,C
45f3634a-4ceb-4e16-8712-9015a00dfecf,2021,11452,C
d012859b-4e40-4a21-a02a-ee933668ae69,2021,13446,C
72b6fced-41df-47cd-b38b-ff973b11fb7e,2021,1427745,C
46317117-14dd-4cb4-8d30-788cf2c8913d,2021,317,C
f0aee971-eb7d-4722-a4e8-a002ef5dbec0,2021,112086,C
5a292592-ea01-4002-85f2-bac028f88fe0,2021,43664,C
a34adc20-4d49-4513-b80e-8beb62c19f24,2021,1376181,C
78f8b1f9-19d0-4eb1-a3fb-4aa16214a4af,2021,98595,C
9297ea0e-4d63-4953-9d20-61572a2e66e5,2021,1300429,C
27962ad2-8164-47c0-920d-9f8021e701f6,2021,54934,C
ce04ecd1-48e6-4a4e-834a-14c610883e55,2021,47051,C
a063f2c5-19cd-4331-9cab-612b5711f36c,2021,20933,C
3de2785b-ee27-41b7-9240-69ce0a41684e,2021,55402,C
a1bb9d52-7f5d-47c8-99da-9d36ab709266,2021,53333,C
97c11634-c15e-4475-a41f-75b587a4c79b,2021,1265453,C
325fc741-c53b-4cd2-ac1f-7c9cfd3b9e1c,2021,1102628,C
d64368ac-d764-4995-8e3e-fcc49b0a47f6,2021,47505,C
1277b46c-f0fb-403e-b949-77776015d943,2021,118420,C
16fd2f2d-d741-43e9-82d6-def8d364b5fa,2021,95175,C
a732b023-38ae-47b5-a662-3fc9092c6609,2021,13401,C
6998eaa1-8797-49ef-a78d-45e0c1f75b1c,2021,1204325,C
c3c2d340-8635-4497-a075-32af42d80e58,2021,11730,C
795b9214-00f5-4acf-aa38-d0842407ce41,2021,1314243,C
27692a89-82cf-4ee8-ae41-9b8b927bd838,2021,37862,C
6f54e933-7e0c-4d5b-97fb-fc8c2adfe060,2021,11452,C
8f43876f-f496-483e-8879-80b718b58941,2021,94762,C
abff09ee-5e29-4160-b748-bebe2d892bce,2021,97778,C
a61b08b4-2a92-4a88-b636-380ffdc0d99e,2021,5000143,C
9dd79653-0b72-4703-b061-3a90ce6e75f3,2021,318882,C
c427da8a-5044-4e25-956e-07fcdf5487e9,2021,13595,C
1c2d4430-ef42-478b-9b92-01eac3795680,2021,103062,C
e88b7cc7-e53b-45e6-85df-54192bc90e74,2021,13401,C
a406895e-e01b-4b5b-a3a2-56780c99a859,2021,117532,C
48989739-81d1-4363-9082-cf8df2bbe4cc,2021,1204325,C
358c0b79-84fb-4c05-bc2f-50f90186e3a2,2021,9414,C
169d3bd6-5019-4893-a04c-4609ce3e92bc,2021,1376181,C
4708ad34-7f69-467c-afa7-32f2795ef371,2021,101942,C
3da6f3a2-3b91-481b-94dd-ac8cf0e65a2d,2021,20030,C
0a0829f3-870c-42ee-98a7-8cef14ed94f2,2021,41238,C
d205183c-4067-4b59-9fca-3ad521e15083,2021,1330347,C
9f30eeb6-c1ac-43d6-a894-c15ea16e9c57,2021,88068,C
20501529-a5e4-4336-9fb5-1a5ab4fb42b9,2021,1376131,C
8dd3ec07-e665-47e6-a714-2dad93cd1701,2021,20933,C
08b70138-a6b9-4b13-97c0-95f329dbfcda,2021,5000143,C
abd2320d-2083-4f47-87ae-3e95c2ee2c34,2021,37862,C
843a9733-3e4a-4cf6-a06e-7182b4d5b48d,2021,118468,C
7b1c30fd-6d1a-4518-b90c-458367dfe0e7,2021,54934,C
908615eb-1230-4ca7-b316-cce403863a46,2021,13446,C
1afca7dc-17a0-4f7f-b321-1d86ae30eff0,2021,13446,C
9525cc23-4aab-442e-b541-6ea0c3769c00,2021,1300429,C
8a290f54-3d52-4315-bbfd-500c0e89f657,2021,64664,C
223fa9b0-b707-49e5-870a-d954e0fbd943,2021,1187671,C
2647430d-1efe-4a05-9c71-ea848dc9d17c,2021,64664,C
12852b0b-4b87-4951-925e-e6fa4a50dd5d,2021,1166783,C
526f30a0-b436-4a8e-a71e-4f418d64778b,2021,20756,C
0eb561ba-e3e1-47ef-a4ac-f93bbd849891,2021,108660,C
ddd954c7-ddd8-459f-9c81-0471711d8541,2021,13595,C
db7aa763-27fd-485a-ba24-95ce406e1a39,2021,5000135,C
797124e3-1de1-4e32-8b83-38662d848d9c,2021,64664,C
48934ef6-8f60-4393-b55d-890743426712,2021,1118057,C
50311865-ffea-45a0-93c5-733811260b78,2021,13446,C
367b7434-ffb1-427e-b9fe-eb53efc5c5c2,2021,106167,C
0f45bb98-4244-41b1-80f2-e96341aa4727,2021,103062,C
29046136-85de-4d3c-b9a6-83727d896942,2021,49071,C
84a5b3cc-772b-45b9-8af3-0e01234562d8,2021,103062,C
29f95190-472c-4fd1-ac87-1974b2764331,2021,1161716,C
3ea66359-4ec3-4df4-a2bf-a9bb8342844b,2021,1102628,C
dbd72e07-05c9-4a22-9f58-d5d953e24bcb,2021,317,C
0f0f3787-c5f4-4511-9989-c8d95f1e828f,2021,13446,C
8524b737-f2eb-48a9-af6c-76b3ac84abbc,2021,1070485,C
8dd54f1d-bd49-4ef0-964a-533905168dd9,2021,81210,C
f64a3a32-a029-4dfa-9349-7ac4b9673abd,2021,87396,C
2b7dde9d-537c-43b6-a938-aad9abea594d,2021,101942,C
d61b083f-6d57-410b-9d30-9a188b31c955,2021,118468,C
76473680-aefd-4f6c-b1de-9fdeba656505,2021,13446,C
86930d2f-97e9-45ee-83e1-05b7696b6a90,2021,13595,C
bb03e193-942c-4ef4-86b9-c3d815b5b4fb,2021,114616,C
f682732b-81e1-4ce2-9a6a-23fcc31fa790,2021,5000135,C
316f426b-202a-40fc-9a3d-3c6ac1331db0,2021,1047907,C
c2f4e5df-200f-4543-971b-7240f2e984a1,2021,1117717,C
ce270c13-840c-4979-81d4-48c405a43056,2021,1314243,C
1173a50a-378c-49f1-a677-d9884478a834,2021,13595,C
2ae28370-fbfa-4b02-bb01-69d9c4faa697,2021,317,C
9e91ea2c-d8a9-40cc-a71a-05463f879509,2021,1181115,C
3f22b7c1-350f-43fb-9b1c-593ef57a86fa,2021,1102628,C
e22c4a49-11b5-4cc0-89c1-2be6bc3f8df6,2021,104360,C
94288081-aa07-4deb-8025-388c390cc3c6,2021,1288839,C
699338cb-86f5-477f-8cd5-ef28c868f3d5,2021,113455,C
e528ab21-dc55-4d10-9929-47cc80a8a768,2021,1322665,C
a07cc02e-4beb-44d8-826d-e15712806496,2021,18584,C
84191a2f-ef44-4584-aeb0-c8b031235091,2021,13277,C
1d17f28e-d613-4e3a-a46f-e8387b52fc47,2021,74737,C
a4259bed-1789-4e79-8aca-1d89da5f628f,2021,41238,C
2724f306-4e45-4dce-bebf-5738382f311b,2021,13277,C
1aa2843d-8c91-49d7-9752-094d71506d20,2021,64664,C
1d82e49f-86d7-481e-9026-6833e24fa917,2021,114616,C
55b37c88-7410-4f6a-9c13-f9b921f0853a,2021,48675,C
dcda048f-eec0-4021-9476-8165d346c149,2021,20030,C
74b2fe06-8b44-4d6b-a0eb-faf138b0133f,2021,21464,C
4209755a-3c40-4aca-871f-be4ef0cdddc7,2021,1351760,C
6279af61-a0d7-49f4-8bed-a97aab7b778e,2021,1204325,C
6f77f0dd-e1c6-44dc-a317-4f8a90ac5522,2021,94762,C
1f475378-b7d7-45a0-b235-c7e730b247ac,2021,1204325,C
0413f958-14f7-4662-b561-55e39b50a43d,2021,1118057,C
70d04ec1-3c6d-4d36-9189-a3aedfc80ac8,2021,47069,C
c24a6820-578a-4ad0-bcd9-a549c6cd6128,2021,118420,C
db2d5242-06e3-4a77-af1d-5971be80b38b,2021,73140,C
3ff111ab-cc7d-48af-9e0e-ede17244ead7,2021,102590,C
e6e24a4f-4bd3-4c24-a3ba-4d26dd59c3d7,2021,5000143,C
1f9a0b9d-d804-46f0-92e8-9bc29e3fb40f,2021,94762,C
f86e8f2a-1fb5-4f70-8d5d-37e82a26fff2,2021,1181327,C
c5b2c5e5-2ab6-40f3-a3dc-6e943b9598df,2021,94762,C
5dbef581-119c-4578-b956-8ea553150943,2021,21464,C
208a34e3-ed0c-4a98-be82-153cb62f36e2,2021,20030,C
b59c2e54-db21-41dd-870f-5d1ebb04fe82,2021,13595,C
c15688af-5570-4d29-9e37-52d31bb90322,2021,1136142,C
9b4f96a9-a0e1-470d-8e2b-4a2b471633c3,2021,5000135,C
f597fea7-6d22-4726-814e-ab3391a85656,2021,1101244,C
be28829d-9ff3-4152-9a5a-84220fb20598,2021,53333,C
d8e1c880-4afd-4225-ac4f-6891b1c25eee,2021,11730,C
29f260e9-fb30-40ed-a356-86aeed6925f5,2021,106996,C
2c38179f-a795-464e-b26a-93746a13ca06,2021,103062,C
8d81cd98-c8b6-4f9e-a9a4-ad6e935ccf36,2021,97778,C
18415ed5-179c-4063-9571-d2e1eab154d8,2021,107360,C
0764191c-4e24-4bae-824b-29eb16b9fb70,2021,1136142,C
94225a70-5911-4376-b898-29a8d6b61823,2021,1132918,C
c118ce0d-4255-4774-8615-b8fdbd4f7582,2021,1204325,C
552fd980-ab51-4d2b-a860-eb79fd4d0240,2021,97778,C
a9d8696a-6cb0-4642-b014-6385e0750da1,2021,53331,C
eba05476-0f9f-4f30-a7da-3c8df4a57875,2021,106996,C
a7419ac9-e723-4f82-8787-e339f2e0fae0,2021,968,C
355302d0-7259-4e44-be8b-71a0e837f342,2021,97778,C
71a36a33-2f3c-4367-a6d3-a2e36d7b6945,2021,1103723,C
1be90a70-6804-4500-87fd-9a00d57b9b3a,2021,1299927,C
f44404b3-163e-48d2-a0ca-0e23cbcfbdf4,2021,59122,C
4dfe679b-9955-4b23-937a-02840f72a400,2021,13401,C
c8692b6a-7780-43af-a368-f7b85d1ca9ca,2021,95017,C
fdab535e-cf0f-4708-b940-60311308584e,2021,1101244,C
4e8a6673-25ff-473f-8796-68476c9003be,2021,11452,C
5c928deb-3320-4c20-9e7d-853428ae09c2,2021,97778,C
f8822323-933d-412c-921a-91dbe9f88fb2,2021,1181327,C
e2072d0e-d976-42c4-99ff-e95263b61346,2021,19042,C
bdbf896a-8f7e-44cb-b1df-2511497dcafb,2021,5000135,C
fc94ecae-417d-4968-ada8-7b88fc25c337,2021,103062,C
435d2406-41fe-4efd-b1d6-83c9690a166e,2021,56172,C
1bf37933-aa37-4b6e-b7cb-4c2da8628c48,2021,116770,C
6656c8a1-20f9-4c70-8f9f-8ad404c8c2ab,2021,18584,C
80cf3275-e448-4c75-b0e2-69e687efbeb3,2021,116770,C
5f1b4b61-5601-4546-968b-7be26680a707,2021,18584,C
12809070-b62c-4fa1-a33c-a315c3186803,2021,94762,C
29a2110f-8ad8-488a-972d-8ae45ce629a8,2021,13277,C
8ceac53b-44f2-4311-99e0-59411fc624ee,2021,13401,C
0fe206c1-91bd-4473-b7ac-c4788c20a767,2021,1148708,C
d9247022-7a9b-42cf-89f0-d4c610cc86ac,2021,98595,C
d3cbcaf1-24af-40da-ade6-b012c7847eae,2021,101942,C
e7a264ab-6832-4a58-81de-79867ed5f672,2021,58808,C
b3ac0839-b323-4d9d-b2ec-7d312341caf0,2021,13446,C
8abadd25-3a81-4bbc-bd4b-4c8eec08535b,2021,11452,C
08a8cba1-dbf0-4e0c-a843-e00df98b4887,2021,13216,C
d2686b4f-c21b-4622-9c80-33b2aea2fdbb,2021,17898,C
494f2c1c-401e-4416-bd27-f3cedeae3735,2021,19047,C
a9d0c7ee-cfdf-4483-ae71-f67b317af67b,2021,95175,C
48b594c2-a51a-4dde-a15c-bd0d0eb58af3,2021,13595,C
3f88383c-ff23-43e3-b92b-58fa978727e6,2021,1117717,C
14e9ab3f-4397-4f92-ab53-3ca7c8596013,2021,18559,C
a977d576-5ae9-497e-a920-1aef10a8ab89,2021,1136142,C
f9cc9097-5706-4d8c-b710-1c6dfdfafa48,2021,118468,C
98a1a0b3-58af-4e65-9343-0ccc61f35419,2021,118420,C
7fa031f7-d589-4115-9db6-3bedba3e5e22,2021,9414,C
0c5d65a2-8678-40c3-a44b-016faef8af92,2021,55777,C
61772373-49a8-4322-b9f7-7ca10c443337,2021,98595,C
8f348fc3-fdff-42a0-8bff-974ba09736d3,2021,11452,C
a9d25131-04d5-4653-b64b-4cca744229e6,2021,53342,C
7ccf0f62-038f-4614-8794-a8892e9954b9,2021,113687,C
c6a96f43-8aa2-4f9f-9ed6-990d0482be67,2021,18559,C
5a8f6fbc-3096-422a-9d80-98e2d40ff338,2021,1265453,C
59f6ff32-b271-478b-8c80-8c44228a16f5,2021,9425,C
2fc5baea-52c5-4529-8393-a901203e2361,2021,57612,C
8ae77f03-00b6-4866-8e18-1ac2b58561ec,2021,1181327,C
6edebac4-11c2-4844-aa64-09e7fc6b68c3,2021,5000143,C
f2d19750-b84b-437e-8530-8b7f0b90ff07,2021,118420,C
1c8afc5e-d369-4610-97bd-135714583ce9,2021,108660,C
7bf23a45-493d-4f36-ad1f-d8803d916c78,2021,19042,C
22e0b0f2-69fd-4fff-b993-868cf9b8d7ac,2021,318882,C
7553ce64-8d00-451e-b04d-40241e8e5509,2021,94762,C
fc16b662-0193-4391-bfd1-9850b2cfa3bf,2021,1108692,C
963fa4ce-bcaf-4133-985b-f010a1050a5b,2021,5000143,C
f2938590-8485-4df8-80d5-19b2029016fe,2021,1101244,C
334a3543-8e8a-4bc0-9e88-1dacb512132e,2021,59122,C
a5c7bae8-99ee-4eda-9bfa-ec7e9a242c96,2021,1181115,C
62660428-eeb0-4488-9348-b34e43685d55,2021,1181115,C
2f730dae-c62b-4463-a5cf-4892aea876a3,2021,2209,C
9d278f6d-e45f-4b72-9993-685cbc3c5dc0,2021,513,C
43dc969e-1208-4cd3-b578-ccbf51dcf698,2021,73140,C
f03e4cc8-1e74-4342-9b72-28de69920751,2021,1101244,C
88484340-3989-498f-b308-1fb8228b6ee8,2021,106996,C
c044f827-471c-4ac5-9ba6-dbba5f5fafc7,2021,1190071,C
e1bcccd4-f956-44d8-9aef-4a10d8be88e8,2021,73140,C
91a7b443-5bbb-481b-8fbe-8ead9a14aac1,2021,13446,C
784673a5-1486-48ef-b786-346858efa803,2021,56172,C
2aaeeaa0-7cba-4cac-84aa-4bcb8425767c,2021,1136142,C
abf7d1cf-98c4-4da7-8c6e-a59cbdb51d55,2021,5000135,C
ddcfa16d-f79a-4a79-ab42-8f66e71cd2b9,2021,11452,C
62ca163b-6e41-47fa-ae7c-ba3f469eeaab,2021,118420,C
ee3eedbc-58d4-479c-b07e-c98c8ab040da,2021,62484,C
2048e6d5-822a-4701-92c1-3f51168a71d8,2021,513,C
1050d4e2-162e-4b35-912e-94fc185b0827,2021,5000135,C
156e1674-304e-4923-bbdc-3cf61b93260f,2021,1270596,C
6c39a330-874f-4982-86e2-f9ed8fbafb95,2021,5000135,C
ddd54db9-70ea-44e6-8f6c-b4ec42ecd505,2021,513,C
cbcc72af-0539-4f8b-99a3-e10382eca92a,2021,1032473,C
cc8ea961-b805-4788-b210-cb193505f18c,2021,1139692,C
693adebc-3ecc-4c5d-9b20-29972369094d,2021,13401,C
e5087653-c119-4e84-b89f-947f6c08726c,2021,13446,C
35ff3af0-255a-4d66-bca9-ce1a24eff69d,2021,1272079,C
629628f9-5c98-4640-aafa-495350b94455,2021,13595,C
16e4a03e-2b0e-487d-93f6-89bea433ce8b,2021,1376181,C
660a0ace-c5a8-4cee-b5cf-cd918646e4f6,2021,13595,C
7d939abd-1190-4979-aaaa-abc9395d0781,2021,1108692,C
2b84a7a3-54eb-457d-8cb1-64f302cc8abd,2021,317,C
f17b1f3b-1116-4349-83dc-3a82d747ad7f,2021,94762,C
5d75e2c7-df14-474e-9d93-270edb29704b,2021,98595,C
9ca8ab6e-0b9e-476a-9447-1189e2e5ee11,2021,97443,C
fcebd21e-99e2-4dd8-bb1c-f3b145c0aad7,2021,12313,C
887506ac-693e-450f-8511-e331f309d300,2021,13401,C
36a51649-d61c-4dbf-b078-575a2401de5d,2021,54934,C
2dcf55ea-e2fd-4e2f-9d09-9c92ec621567,2021,97443,C
0f96b658-59a7-4fb0-8655-c8557fc51fc4,2021,5000135,C
8eaad9a4-41bc-4a15-b1b6-d917ae489226,2021,1148708,C
3d5c9a74-a862-4b3b-9ffc-caad96d54663,2021,1314243,C
dea680f6-3a4f-4763-80e4-1d390f3a3156,2021,10515,C
2f6d0372-de9c-463d-bfb0-f49db759082f,2021,13595,C
74f146f4-990b-44b3-b2bb-7375b480f2bb,2021,1102628,C
398f3fac-ae75-44f3-b7de-14d7c9958122,2021,47505,C
f6114f4b-f2b2-49c1-b08a-6c18963aa291,2021,1270596,C
fb2a4f8e-199b-45d7-a8a1-488710411e0f,2021,1101244,C
1c3832a1-70e6-4259-a5a2-769018d994db,2021,97778,C
7d3f71ae-3c0a-4bbc-8ec8-1c22e6b5b073,2021,19047,C
7970b499-2e84-498d-b3e7-81a5f77c96f6,2021,1102628,C
46ffb46f-71e9-4996-884f-3b66ea7a7f57,2021,11452,C
63204c05-b6d2-4062-9648-2b41a0a8b3f6,2021,99820,C
1c621cbc-523a-4a20-acb5-9e4c35c9365a,2021,118468,C
33cb8fab-4049-4194-bf4c-898ee45c61d6,2021,107360,C
69c8ab78-e4b0-40af-b4b0-1c08a516c678,2021,1118057,C
d7079465-f2de-4824-9317-c12d3c8650d7,2021,1139692,C
0f3c264c-1029-460c-81fc-1818f510e02e,2021,1314243,C
15388c14-b281-4a57-9e79-900e0e422b51,2021,5000135,C
2a8d6d82-6cf9-41ce-ab50-ff97909aca44,2021,1190071,C
05580c14-b32d-4f13-bbc8-b6f60e76445d,2021,5000143,C
c9729ded-0b44-40e5-87a5-fa859d2dde19,2021,94762,C
692b5857-dc32-4804-a2ab-6449ec46635d,2021,13595,C
6288831a-91eb-4fdf-b265-ccf3e08d9235,2021,95017,C
fa8a4cc7-6ad1-4e38-9226-65ad251ff07f,2021,103062,C
0648a03b-9de2-4b97-bdb8-921483635c77,2021,67601,C
23d6de2e-3445-479b-941a-ef00b95d90aa,2021,13277,C
c1d86af4-c3d0-4d12-ab03-534d6ffff4d5,2021,317,C
69db1d52-46ac-4648-b9f1-5fb7f81956ce,2021,97443,C
d33aa78e-1ef9-48fc-bacd-2a28be13ead7,2021,2209,C
6986b972-84c8-4b15-b691-1ae65016b35a,2021,13216,C
6f40cc4f-4c15-4d7e-93a4-074547a10c37,2021,18903,C
7de372dd-614f-4190-8819-853bfddc17a2,2021,13595,C
df6bc071-3148-4010-972d-f8d22e12b2c1,2021,11452,C
e7bc8d6c-0562-463d-b737-26d6508ec404,2021,94762,C
14066e30-e04a-4d26-ae4a-81be9bde290b,2021,1136142,C
9ebcb1b2-ac99-43c0-bed6-8d909603db3a,2021,13446,C
d98ff13e-0e18-402f-9642-0f3608a781ba,2021,13595,C
6c1ce124-1863-4331-86f3-0bffb1dc7101,2021,18584,C
3355e9a7-a0b7-4312-8e4d-e3c384c6d683,2021,18584,C
3e2d25b0-fc23-4418-8655-7cfd48b69459,2021,18584,C
693cc3f6-4e3a-4ef0-9f3f-31bbbf800c6a,2021,1113582,C
d09d67ae-d80c-4989-8ae5-64ada49a05b3,2021,1113582,C
acc91537-70bb-4c09-821c-5b0576d1f3a7,2021,1113582,C
a63f9b89-d87f-4fae-b24d-628a312d7113,2021,1113582,C
b79e79d6-8b28-4d86-8845-eee5fc6ad8e0,2021,18558,C
1d697c14-938a-4d72-8d48-b6fe79d7cc0d,2021,1113582,C
e017bc1f-0e70-4ad2-ad5f-0d621f29c6aa,2021,1113582,C
2dc19898-ff63-4ffc-baf5-c0c56d7c7320,2021,1113582,C
4316aa00-f263-4d90-9a09-bf6c17c842fa,2021,1113582,C
419bd2af-9f32-4e43-8bb5-b6cdd0e597ab,2021,1113582,C
9770835f-5985-49f7-b170-d65554944aae,2021,19042,C
ee6c1544-b5e6-450d-bcef-14d73d79af52,2021,99820,C
c49e4033-23a2-486d-b5db-61074515e180,2021,101942,C
753c822c-4ba4-464a-89be-44563a3f8386,2021,86318,C
484e1922-673b-446e-86d1-053d13b3f369,2021,86318,C
afb02d17-7734-4c5f-9053-6b10966524d1,2021,86318,C
db390c7a-1834-4574-acf5-ce82c62f7f81,2021,86318,C
1aa8c49f-7924-455c-a0b7-16b3cd3fabe0,2021,86318,C
a1a6f24b-0a21-4b44-8c5c-723a422102bd,2021,86318,C
49d423d0-94b3-4ec6-935e-16d22d6a3430,2021,5000143,C
1456e03e-82fd-4dad-ad27-7ada07a55784,2021,1103723,C
a51809c5-1655-4f71-b786-61e197b116a6,2021,86318,C
d40ec9fe-aa31-4820-a77c-d795fd0c62a7,2021,86318,C
50942e81-1000-4741-a017-6aa778a7ee0e,2021,86318,C
cd4f9845-eeca-4f50-a58b-e5be65c33c97,2021,1103723,C
e4066b78-a09f-4901-84fc-650d1a3db1a4,2021,1103723,C
89cb2617-8a13-42c2-845b-686c7f6389b7,2021,73898,C
4327df3b-0617-4849-bd31-ee2c1a147c26,2021,73898,C
61019d15-fc28-4099-a53d-4466542eca94,2021,73898,C
8413e4cc-155b-4497-b7a8-4605edab9797,2021,73898,C
eb250754-777d-4795-85b7-46ed1378c824,2021,1351760,C
71068519-83ab-4717-b26a-98f5afd9b8ef,2021,318882,C
74eed130-1082-4373-b931-5e99e7ffe7b5,2021,107360,C
af73f385-15a5-498c-947c-ec7ee1680069,2021,107360,C
656b671e-68e0-4469-9dc8-c0e4deaa927f,2021,1148708,C
b7f777a4-3604-4b19-a608-96b899b88cb7,2021,13401,C
5ca45433-e2f0-4ddc-8056-fa7ad495f197,2021,9440,C
2ae9a251-198f-4f87-9e15-8d0439913ece,2021,1180773,C
4092ec1c-18b6-4b57-88ef-a21d48f37155,2021,1180773,C
b210bdce-0185-4832-82f7-f7ba7852ad33,2021,1376181,C
1696a120-5e72-486c-b538-d84f75845c3c,2021,1180773,C
665a4018-f253-42e6-aac7-ee0b9018d4fd,2021,1180773,C
85161779-530d-47a6-8034-32d8b6364729,2021,73898,C
e5aff43b-9cbf-450a-9fcb-e5e6f87f897a,2021,1136142,C
d4575f82-28c7-4849-a694-5455f29a5dee,2021,73898,C
5a0ff892-2402-4cb3-89cb-447ecdebac11,2021,1110857,C
d8140e13-a2d6-413a-92a8-6c663581a377,2021,1110857,C
7f267c92-1175-4224-9f06-d4f7fba0d736,2021,1288839,C
c9cea054-ec71-447a-913d-ef966cbb9682,2021,113455,C
f50c93f0-fed5-4fe3-8176-836346baf3a5,2021,1110857,C
c021082e-4c17-4cfa-9273-b75427f33428,2021,1110857,C
08031fad-50f4-4b38-aa91-5a4010893421,2021,1110857,C
5b59bf40-fa30-4b29-9d4f-5c9c4c93b18a,2021,1181327,C
0acd86cf-27ca-4c4d-a12e-ace936cb5f67,2021,1270680,C
22a4d293-2317-4cc5-aab1-99243f88a742,2021,94762,C
678c22f8-71e2-4b2d-8233-37e913d49aaf,2021,1270680,C
c3bc5cc3-519a-4ddf-ba8c-c3891111a1cf,2021,1270680,C
a40c10b7-31d0-4623-b742-3564c14e2c6f,2021,20933,C
7a414b6c-83e8-42ee-8285-15213cb9c18a,2021,1047907,C
59a542c7-1661-4b42-89e0-40b65a988904,2021,1047907,C
3db32f68-79ff-4d8e-a4fe-1e351e21e210,2021,12025,C
a3623710-fe5c-497a-957b-324c0a45fb9e,2021,18250,C
d2cc3d9b-7384-4c0d-b28b-337bfe8a7bd9,2021,18250,C
a34e1bf0-ffca-417b-8e78-31bc157b71d7,2021,74737,C
513bb3d5-12ab-473a-8597-409f6967a6e8,2021,22047,C
044441ed-bdcb-4b80-bd13-66da255823e8,2021,20030,C
99520fe4-e6c4-4c90-a726-40b118158b57,2021,56172,C
d8124cfc-938e-4f94-956e-ce429c00379b,2021,56172,C
4f362b71-289f-44b4-a5cb-3c6f682877c5,2021,1427745,C
5bb88eea-fff3-4373-ac7b-9644c1177a5f,2021,9414,C
1ff0d032-024a-4ce0-8ba6-68a456d1fddd,2021,47505,C
622a3a49-46b0-48f2-90d0-d75d1dfeb669,2021,97443,C
1544eee9-5816-450a-a591-e0ae9c7140c7,2021,117532,C
11571751-7c60-41a0-a2b2-d62e74726064,2021,58808,C
e5303e6a-7332-403e-9623-0380011ef3ab,2021,95175,C
43e0b4cd-645c-443f-a2ad-474186b1f597,2021,99820,C
1adf15c1-27d6-4fae-af39-0fcff875c182,2021,99820,C
997b5d44-655e-4943-b671-2c799ac13065,2021,58808,C
c7231137-5ed0-4306-a6a7-5b50409bb7a8,2021,98595,C
cfaf0def-3ca7-43d5-b576-6b9b52e72351,2021,5000135,C
aca6d7be-84e4-4655-a3b0-095374c4cc6c,2021,1322390,C
325029f4-dca0-4d11-8e3b-887bb688e5cd,2021,1322390,C
fa1e1d0d-9e37-46a0-b6e4-79f55a997334,2021,20756,C
f89f9dc5-6f98-4afe-9bd3-a30e4fa67497,2021,12025,C
21f935e6-5de7-400f-a7ef-606cc9cd73ec,2021,12025,C
9433b34f-60c4-44de-967f-a61a4355e078,2021,20239,C
0efcf5a8-abe5-49c9-ae54-5cf6bd828ea5,2021,20239,C
73583545-f3a9-4eea-8552-713c3fd80e2e,2021,1101244,C
2dd8c36d-de8d-4ca7-8d06-37043cd1e6f8,2021,1101244,C
7bc5599a-d4db-49b1-b054-903c3126e0e5,2021,1270596,C
a969edb7-22c0-488f-8a07-bd4873596663,2021,12025,C
4e3e2f8b-d9c4-43ce-9046-6d55ad263524,2021,49071,C
c31ef109-f570-4a28-9557-f020c4588226,2021,64664,C
ffe093c0-0164-4afe-87cd-c5fcd8bb5402,2021,60886,C
be60fe64-dc52-43f0-ba81-9b6c69cd0ad5,2021,60886,C
f5081a55-53f3-4688-b5a0-a5999832ee00,2021,60886,C
1f066e58-d645-4021-b156-8c730c628d02,2021,60886,C
bcf59d00-10e6-4293-9ad0-aeb9b2dadacc,2021,60886,C
fc14a378-0d7a-4f0e-babe-324c2513f641,2021,60886,C
9b200989-243b-4e56-ad15-a0a096abfb9c,2021,60886,C
090a4308-ec91-4703-9945-b3ecd4e37280,2021,60886,C
1c4f31c1-0f35-4c4f-95e9-28f6b1bb6fce,2021,116770,C
c23b6805-9011-43e6-a101-7688759b6029,2021,116770,C
85244082-3f22-4879-918c-db0f5a640f4b,2021,1270680,C
d757cba1-4ecf-4669-8173-8c91ca9bdbf0,2021,1139692,C
d03ced76-2e28-4b6f-ba9c-34171c0f32a4,2021,1139692,C
c566edd3-362f-4a87-af83-0dbb62c0a3be,2021,106167,C
49eb1d5c-a496-4426-a54b-b57fd90c48f2,2021,13980,C
89217847-318e-429c-9e76-806413619d35,2021,1330347,C
37670d45-1423-4397-be7f-b5b6c1f3d3f5,2021,5000951,C
dc4b3071-1dac-4e54-8fdf-ec4518b8e2cd,2021,5000951,C
0693e3f1-72db-4a04-a2f5-fb0c84050bf5,2021,5000951,C
c0a0cf8c-a11a-41d4-b002-19db35151cfe,2021,20009,C
96c43145-5e82-4dcc-8587-bc54305e3866,2021,107920,C
1b559bbe-5a82-401d-817d-b8ae74f0c9aa,2021,43664,C
302aacf6-e3c9-42fc-ae9d-9db213470ca4,2021,2209,C
e4a3f56c-9508-41a9-80e8-f3d94f387516,2021,48675,C
dc4d58b1-a66d-4b90-a94d-9e29016f892f,2021,103062,C
2c8efe47-0d3b-4592-8f1d-8bee20498d79,2021,9425,C
0f1b4a0b-43c4-4951-8618-05f754e883af,2021,49054,C
58747220-fa04-4f89-bd20-cdbe2b0c6bf0,2021,1118057,C
1a51110d-f84a-4b8b-a640-e5c28a4295ee,2021,13595,C
a705d65a-793a-48dc-93cc-7c88143afbb9,2021,968,C
18df6025-cac2-4389-9e5a-96e0492f6e34,2021,18683,C
d6c635e5-1536-4b01-8dd5-344cee8aba71,2021,40343,C
269503af-3e27-464b-88de-33987d5e8de6,2021,98595,C
1214af7c-a7b8-441c-a587-6dc55bf206a9,2021,108660,C
4e2ca2a4-2441-4b3d-8925-7bbdfa2a0846,2021,108660,C
826e3f68-5668-4f09-9955-77a5fd554cb5,2021,88068,D
38c3b6cc-5070-454c-afcd-0a8c3dd64f81,2021,94762,D
6b1153eb-1137-4bdd-962c-78962c81921f,2021,1161716,D
5f9dcddc-43e8-4bdc-99c4-8129117a6df6,2021,101942,D
f8aac8b9-9d28-44b9-b275-bc454f51a01b,2021,1376181,D
6373a4d0-f4a6-4685-9a08-e1d89ecf1c33,2021,106996,D
ed677248-b5ad-4586-9d8b-f2366d9eabf1,2021,94762,D
114254b3-de97-4340-a5bf-13652d082991,2021,1306689,D
e979c9e5-afab-4a5b-b182-eae789ec87dd,2021,106996,D
e79865ed-5c4c-4017-9555-e91563ff05ce,2021,13401,D
e0ce4d29-f53c-4b66-9ce2-baa9ef916d55,2021,1181115,D
504ef4ef-511d-4b7b-8c77-bda71b37f6dc,2021,43664,D
bee28611-e64c-42da-a4ea-6ecf4211b8bb,2021,114616,D
5cd8e7b5-18b2-4e39-98e1-9f63fcd15870,2021,106996,D
a23659d2-3d25-426f-b1d5-f66306b8915c,2021,43664,D
5dce9f19-779b-434c-b655-818d10abeb68,2021,13980,D
4ca3e60f-0ae0-49d3-ace0-c87fcdb2e612,2021,106996,D
336e4ca9-66e5-4216-baf4-8817a229ee06,2021,94762,D
5f8e0ed7-fe60-40cd-b018-9fca8aaf7026,2021,1187671,D
09c10011-ff00-47f9-8166-e6ccbf965e53,2021,58808,D
738f94e8-3c77-4b10-8553-90128172adc3,2021,1181115,D
cc39cafd-b8e1-44ed-b554-4cbd70c127fa,2021,1136142,D
8ff25590-9a01-40d3-9b5b-87c0c060d1dd,2021,37862,D
b0be9a05-a3ab-4141-a724-e90c406a69dc,2021,1322390,D
17ff98b4-2178-45bc-b66e-cd0b88590a1c,2021,74737,D
f53a8787-3f0d-4136-b6cb-a189248857da,2021,1427745,D
89f45652-2119-44d2-b4db-e9c09018e274,2021,48205,D
04264dd8-32c1-4a93-b3a9-56c1cac43128,2021,48205,D
7601dfea-1f5c-41b0-9a72-18311f476d54,2021,98764,D
c9844449-a846-4ece-b8b8-d44c3198277e,2021,2209,D
84cfc826-cfb9-4bfc-bdee-2632c00f053d,2021,48205,D
3b4ae37c-b7fc-4917-b1e7-ac46bf5de164,2021,37862,D
1099182a-2612-442d-9550-407180bb9795,2021,107920,D
090637f8-9340-4651-8995-b607dc596749,2021,98764,D
a2a3bd0d-c54c-477a-b2db-043c254c5ebc,2021,47069,D
4b3b1801-af82-49eb-a9f4-09a3942f5463,2021,98665,D
ab9b9620-32ba-4db4-b436-b5154038ff07,2021,1108692,D
2abdb288-0e12-4754-a43e-b2e3c15c8083,2021,116770,D
acc29808-eef4-4098-868e-7dd6c1634dce,2021,97443,D
99fc300f-0777-4d11-bd02-e4e046bf79ba,2021,43664,D
8ded7718-a28c-4f41-a71a-1ac5b16c6089,2021,95175,D
292fd37b-f4aa-4e41-af96-7bc022c5bf11,2021,106996,D
2d7506b8-48aa-4e8e-a4af-9a3bd9d6305c,2021,37862,D
aba5682a-ebaa-451d-a257-e7e46667760e,2021,47505,D
f62780a8-4cce-45b7-a467-7845f6b7053e,2021,1322390,D
8c5ed558-58ec-4a7c-a636-0e2d8c2e4c86,2021,1258063,D
c448cde8-5912-4c32-ab7b-df04078a76bf,2021,1101244,D
4cebf961-b771-46c0-8312-d68bcc2ed871,2021,1330347,D
c2e0c02b-5a18-4fc5-bbdb-ea959587dd30,2021,1330347,D
0c60160f-eb59-46d0-a77c-c878863f788f,2021,43664,D
d06ad2ce-8116-4c0c-8954-350ab1fbb3dc,2021,48205,D
981f66ba-bef1-4dff-b94f-7aec64b39eda,2021,106996,D
78aa19d6-69a3-4e79-bb7c-68a4d22dd890,2021,1351760,D
869ba624-0b78-4235-8c5d-2a86767a4c36,2021,83388,D
713fc6e6-e52c-4bdb-a884-7f3b8e1ff0ac,2021,114616,D
8d33a634-5393-4372-aad6-4a2cdaf7aec6,2021,1117717,D
eccd8a69-bd3d-4a9f-9307-b7abaa017cdb,2021,18903,D
94c1d180-abc3-4386-835a-783eb2b5ab9e,2021,106996,D
958d2592-04b3-417e-8e35-d5f659cbd9d2,2021,37862,D
1e977bbb-fd7f-4093-a078-c95b4e42bea2,2021,98957,D
52f1fda9-3cd9-4f6e-aed4-4c598ccb0872,2021,37862,D
f9a85730-79f8-437d-b9fa-a568345eac90,2021,968,D
cc7dbc27-133b-4907-915a-4ee57fcf06b8,2021,106996,D
12764a82-0451-4f48-a315-1ab33c040142,2021,62484,D
2be5c8ec-8752-4a2d-b71c-26d5445b180c,2021,48205,D
456d89c2-ee45-41fb-b965-9765eabedcfa,2021,968,D
5630a010-51b7-4514-958f-ae1c9a8f3014,2021,1351760,D
bee8971f-b273-4396-8dfc-9cb94ba996c4,2021,1427745,D
c0a429c6-637f-4a41-81b5-7988232e1ef8,2021,106996,D
975094c9-8f7c-4a6c-bfe5-c2e339975174,2021,108660,D
24d33f8b-3942-4fe6-8a46-5082651a855a,2021,1270596,D
1877a0ff-acbb-453b-b38a-b93f1ea2cbf6,2021,108660,D
4fee8726-a61d-48de-a091-cf628e727332,2021,98957,D
7080c7de-849c-49b0-9149-426ebcf4d5d5,2021,1258063,D
df8d56a2-bfdd-47e2-91d0-c6b30f3b0cb6,2021,88084,D
324db288-66e4-419c-95a9-14288af7fe8b,2021,37862,D
4f8867a3-b343-49aa-8735-8d68456cb44a,2021,48205,D
3742e93b-3333-470f-b027-42dfc19736af,2021,58808,D
1a043c17-8969-4f18-81fa-bd0245a44110,2021,107920,D
3bad34c2-f53c-4acb-9a87-0047f5cb99d1,2021,18671,D
e9260080-cba8-4167-9681-2beb273db245,2021,1403879,D
906712ad-ab9e-4598-a7b0-750480d14415,2021,40343,D
a8dc25bc-1745-4617-b813-7b7df5e21ad7,2021,37862,D
56d5449a-9513-464e-930b-948893dcf007,2021,48205,D
6cdca2f8-4e28-4439-a6a3-c81d82d285d9,2021,18267,D
62cec654-afb9-49b3-a01d-89393944d155,2021,107920,D
5ef35ffd-d657-4f97-8981-8f4cf7ddfeaf,2021,56172,D
e22926a7-9f1d-4774-9781-905219b585ab,2021,94762,D
5f47a8e5-0be6-4ad9-bdb5-22ac25cf981f,2021,106996,D
540eeae5-f1f3-4cee-868e-514f9f16b4ec,2021,37862,D
b3804d9e-f762-4a7a-8e96-f90407ae1171,2021,107422,D
77096694-20a0-4e48-8435-222372a4bf43,2021,11452,D
163c5fde-34e0-41cf-beda-99925305fbef,2021,1376181,D
a472bcb4-b046-44b9-a7d9-5e41ce5802c3,2021,1322390,D
0bfe3a2e-b4c5-42bd-a455-72cdd86f31e7,2021,13980,D
a00b7ac9-e7f4-464f-b99a-b208b147bdf6,2021,83388,D
417825ae-1801-4818-ad3b-bea34221aac8,2021,1203177,D
f163e463-c7ff-474b-964a-5da2a8c034a0,2021,1070485,D
d193ab45-a998-48c7-80a5-42efce86ae0d,2021,48675,D
8468d6de-3b1e-4e46-836e-aed9bcbbb2e3,2021,106996,D
76714772-8875-4a25-b4c4-83f1d0769ce2,2021,94762,D
5b33f1b3-d62e-439e-8087-4b8d366ae8dc,2021,1351760,D
6a3f162d-db6b-4356-9222-b97ca5e82c13,2021,1187671,D
ce00c53a-3925-4147-86de-676570390a85,2021,48205,D
29449d7d-48a8-4adf-a7ed-b28f599b4afb,2021,118994,D
378d6b8f-e4d7-4fda-b5b4-45abe4a50ba7,2021,74737,D
122c2ca0-afc5-4b75-9038-96878777a838,2021,19047,D
1360e3f7-7b04-4d39-bff2-de01a8b9c68b,2021,1322390,D
31107f22-053b-4872-bb1b-fa670c462b36,2021,20030,D
336b56db-73ff-4ede-817a-d3c4a8b06efc,2021,43664,D
510cbd3c-5136-48a7-a457-12eb52b1ec68,2021,67092,D
ce6bb5ec-e039-46fd-8ccf-9fb0ab03ce2d,2021,43664,D
89e1495d-9e52-418d-a232-fd73e1c2cd24,2021,58808,D
ac6cd503-037d-4493-aa0a-6dfb3f72c946,2021,48205,D
58e3ba1b-ee70-47d2-ba66-13d87ad30b7c,2021,1322665,D
ca35c3d3-e808-48eb-a733-9d6d46f93a67,2021,11452,D
590ca63e-83e3-43a0-b0df-68327f3620cd,2021,98665,D
53e971db-25f4-4360-b9f1-072906f5da24,2021,13446,D
376cf805-fd59-4997-a1e0-c52cbcbbaaa5,2021,1330347,D
c1e12a9e-24ed-441b-a60b-5519e76f3b47,2021,1269545,D
554ea536-9024-47ec-a78f-6448f09c9b1d,2021,48675,D
d18e394d-5d06-472d-95a2-168cf1d22070,2021,101942,D
d4ecd587-e3ae-405b-af5f-8773ee594c0e,2021,43664,D
74fe1ca7-632b-4a01-afdf-a0d84b734d8b,2021,94762,D
f3aa227c-874b-4ed7-b54f-f480b2ce06d4,2021,20933,D
e11f560c-ee4c-4778-8cd8-9ae23cefbf4d,2021,1314243,D
16184930-05f3-4aad-beeb-b279b525dda8,2021,1299927,D
a3a34e6d-ce41-4ae9-a416-f5d63bcb094e,2021,20030,D
023236fa-e69a-47d1-891c-778896bc8944,2021,106996,D
176cbf9d-52a5-44c3-bc44-668a2876af78,2021,91181,D
23b8b9b6-894a-4d65-8ab7-e3f9862314b6,2021,968,D
93e141fa-19b7-4990-9134-a78c4f5457ef,2021,18584,D
466d99a3-ede5-4a13-9813-4a9abad50118,2021,18584,D
7de9d593-a68d-4725-91bf-5b7537d34ee4,2021,1315444,D
2657f985-dc12-4a01-9579-199f42ef5e0d,2021,48205,D
c1952688-6d15-465e-b7a0-83203a8ab0db,2021,43664,D
c509b09b-bb99-41b2-975f-c4837212b7e6,2021,48205,D
4fa5859a-c36f-4f5c-af2e-d7e60c62c26a,2021,1181115,D
b52a5c11-bf24-4c5e-98f1-31a919f1b014,2021,104360,D
bdef87ca-9fc5-44c8-8493-cfdd054ee145,2021,19047,D
042b408f-802f-45de-ad93-082f069d555f,2021,47069,D
2a8c7fff-93e3-47d2-8445-95a64e19bdc5,2021,37862,D
6fab5e54-66de-4c78-aad9-ab7bacc6aa41,2021,1306689,D
8bdc4f41-dbd8-4057-9982-b6340849c08b,2021,106996,D
5f5710fe-60a9-49f5-bc1b-0365a3affece,2021,1203177,D
3e01754e-dfbc-4818-afdf-4996d806f28c,2021,108660,D
d693514f-040c-4393-8e8f-9cd78baa7015,2021,20030,D
f39f601f-1e20-49a0-8787-4a7c653949a0,2021,1102628,D
5c27b316-b96f-4fc6-bc6d-b9533808d36c,2021,55402,D
6e8e4213-80aa-4fea-8ded-8d88f8d00a8b,2021,94762,D
df88fa30-2961-4986-921f-4f390d6609b7,2021,48205,D
2d1eea98-8954-4191-a4f2-db6ea6caf410,2021,1314243,D
2bdf6967-8f82-4666-a99e-b07a4842dc6d,2021,57606,D
b138090f-2805-471d-8ab1-4263f88d9611,2021,1047907,D
8c0f67ae-f265-4a94-9702-c96733858d19,2021,2209,D
3474dd51-533f-4896-bad9-ac0410d83e5a,2021,1376181,D
5e82fb78-c3d9-44fe-a79d-9b3a3f012f1c,2021,104360,D
a8bf82c1-49c9-4227-8667-49d15a0f7a33,2021,112086,D
1db53a0a-4cfd-4839-886f-f9d9e3e985bd,2021,318882,D
28e79e01-c2e7-475a-bebd-5e63a06fb30b,2021,1322390,D
db7bea4a-605d-461b-88e0-894e9a03da98,2021,1190071,D
a4a88422-49fa-4d58-9029-50a397aaf1fa,2021,22047,D
da49fdc1-59fe-43c4-a0ff-3bc669f5aa4d,2021,1300429,D
da583b35-e621-45fe-ba76-37b744a64f5d,2021,55777,D
f42c6a6b-ac67-4538-9c40-3e092aafe99a,2021,106996,D
a08c81ea-fe85-4bcc-9e4a-f028e35d865c,2021,107920,D
dd58b44f-1dc8-4e99-869c-76c9344b5e2d,2021,107920,D
e6c551b9-5a79-487b-b86a-1e63491faa1c,2021,20933,D
69f77d3e-e881-4481-908d-1a61946f6fd4,2021,19047,D
f6a49a1b-e024-47b1-97f9-88b2161322f2,2021,88084,D
e86b4b99-5acf-45bf-8614-effbca89d332,2021,55777,D
c4b47b08-bc3e-4ada-908c-376705bf5603,2021,19047,D
9791e1b3-4f49-448c-ac3a-b633e75ac6ba,2021,94762,D
f3518ab8-65d7-426f-864e-296061a159e7,2021,88068,D
c57e3bed-f802-430a-b912-69550c3b4b7e,2021,20030,D
023018cb-7cc7-4b00-a338-07c86eed3299,2021,106996,D
2ca79fe8-2da0-4ee2-bed0-32593b4fa67a,2021,106996,D
88f57c72-847a-4a34-96fe-d67dd9beec73,2021,13446,D
9df565cf-2d98-4fbb-a20d-d52f705577a1,2021,58808,D
ec9387c5-9aab-4be9-b65b-9dacacd21cab,2021,11730,D
642891e8-34eb-4ad4-a434-a1f4723f75ac,2021,20030,D
d7633c84-f5ef-49bb-a5a9-324ccf169725,2021,98595,D
75bd43f4-a741-484b-9fa2-59d5d7126265,2021,1322390,D
820fea36-3028-42f9-9d62-b5d5038868a5,2021,83388,D
6a0691b8-b999-4fe2-be21-ea1043a83207,2021,9425,D
c99e0deb-dad6-42f9-91bf-77e41f16dd25,2021,49054,D
f46cb70a-57d1-4e9d-9bbd-17a932b7198e,2021,1101244,D
3092bbec-9f23-45aa-8bb3-5350d404b338,2021,18903,D
0c69555c-9c87-4876-85b3-06b591f2f896,2021,83388,D
9eb1ef53-e153-4681-8ec3-9d175dbd7497,2021,88084,D
935f9d96-5bc9-40e1-bf06-45822b25c614,2021,113455,D
fb6b11ca-eabd-4d30-b932-440fb7976a60,2021,1190071,D
e5262cfc-54a3-46de-99dc-dccd0ebdde94,2021,108660,D
651c6bce-2b84-4842-83ce-c1044682f4d6,2021,88084,D
6714a9e4-5b9c-4688-93ce-81b804391e80,2021,37862,D
fc37e5eb-d370-4d4e-9977-8092a72167c9,2021,48205,D
21b58ffb-6ba0-454e-80da-0b48ce91aad5,2021,968,D
59db2fb6-e5c7-43be-afd7-56b961d4bd94,2021,1306689,D
8f563eed-2f55-4a4c-ba43-69b0dba765ec,2021,118994,D
0fc14946-9c48-4f26-9e04-81e387f69cf9,2021,98957,D
6a77d48b-f5a6-419a-a456-a26d08104dbf,2021,118994,D
a998d850-7248-4e12-a718-e2cf98dd2e3e,2021,94762,D
8e6b62d5-90ce-4c56-bcb7-3442962f2aba,2021,108660,D
b3cee635-1ed0-483e-8db5-c5129adc8dd3,2021,13277,D
310050ec-c2bc-4c13-b0d3-991dcae9445e,2021,98957,D
4def5e01-5f92-4fa7-a96a-bb0e99a88730,2021,13595,D
97164f73-0527-4636-9dd4-920223a013c4,2021,20030,D
25250f43-ce58-4f7e-88c9-9e2971142706,2021,11452,D
75ae664e-3295-438c-b91c-9f0fcba15258,2021,1306689,D
a45a418c-11b9-46d0-883b-d85f90165ac4,2021,56172,D
77b4e66a-3e1b-42b1-9ca9-09b1e02ce9cd,2021,1117717,D
768643af-f8b1-4148-b13e-f73a8c861126,2021,118420,D
78c3a169-d212-40d2-9420-5e5b68e594bd,2021,1288839,D
3f2d6cdb-2fcc-403c-8722-79964d006cb2,2021,48205,D
00275fb9-6ba4-4340-8d09-88ec7c82322f,2021,18671,D
5a2d8557-f1ca-4d84-97fb-2a569773520e,2021,1300284,D
bab8705c-c622-4f5a-8a6e-7b2ec38bcd06,2021,49054,D
ef3d4c4e-80a4-431c-a8fe-9227cbe535f7,2021,1322390,D
a016a245-e87a-41a5-9ed9-5f42a25042ec,2021,1190071,D
780ddb66-af79-4eee-9daf-ce74d3c02934,2021,90030,D
2fea9bd0-49fb-4ca7-8729-d8d04c0746ba,2021,1283028,D
cdc1bd90-38a8-4845-abe7-57bb7d06e37f,2021,1322390,D
19d51364-4fe6-4b48-8263-e10c5b0ce818,2021,58808,D
7481d9a6-efc4-4570-b267-009f54cd336e,2021,1403879,D
cb984249-6bbd-456e-b87e-07f1aa7e74a1,2021,1288839,D
f1bb6e7a-5b64-45f7-af5a-8ee9dd1c9dc9,2021,74737,D
e89072fb-a4e2-4726-a85e-593dc0db269d,2021,1187671,D
e1ae7abe-2a4f-4b36-869d-9eba07f67176,2021,95017,D
de1a03e3-243c-44db-989a-b0d3e75d471c,2021,1427745,D
1d69cff2-7dc8-4aef-8f5f-3d0b5dd91d49,2021,106996,D
dd1ffbad-05cd-47f0-9e34-f28c401a82a7,2021,1181115,D
3952433e-6699-4a4c-9fb5-6a91550ddce6,2021,1385942,D
b9cf94a3-8931-473f-aef2-37c5e78838c8,2021,317,D
01088406-99e2-438d-af2d-b8df301512b8,2021,1376181,D
497efd4b-9afd-4076-ba46-d5c09bb5f0b1,2021,98595,D
1ddca946-3933-4606-983c-8a76721b80e9,2021,1288839,D
5ad15345-8ec8-4865-9fb9-bf2d18a2f8da,2021,88084,D
1f30d1fd-428c-4f3b-966e-d8d545bd41a9,2021,1306689,D
edee6835-27c9-46b1-bc21-30a0723f9ace,2021,5000143,D
dd341920-6067-4fb0-98ea-ee59c474e6f7,2021,106996,D
5032b102-b857-47ed-84a6-951e7b0ce340,2021,968,D
938f8adb-1cd2-4912-a94d-a33d50c85b0e,2021,37862,D
00d356e4-8c27-4574-9f1c-a655972cd916,2021,48205,D
d0119988-fba2-43ae-ac8c-ae76bf1c2bae,2021,20239,D
70018280-b549-445d-8540-0a2e5fb5b0b6,2021,1181115,D
0bd4ec26-366e-49a7-9d19-bae832c29d48,2021,103062,D
c37fc2b4-7e9d-4cfb-b27e-b6c5730ae1ca,2021,22061,D
47741466-cb73-4898-ba51-d68c4fa4ef9e,2021,91262,D
169b84fe-074a-4a28-83b3-0b0c8ea50f6a,2021,112086,D
a5f36b7f-20b4-4bbb-9546-b3021d92f3bc,2021,5000143,D
1fa06ef3-d205-4625-ad6e-d1e70e76396a,2021,43664,D
4d3f0c55-3e01-4826-95fe-d37a9ec0cdf9,2021,13446,D
96906cb7-d671-4254-a634-65e0e6dc9e01,2021,106996,D
7a88df8a-d882-4e14-b0d9-2b9eda71b2fb,2021,9425,D
4da75aa8-c882-46cb-8402-507f5da48a13,2021,62484,D
ec5cde42-8ec8-403f-be26-5f271a46c8c7,2021,37862,D
d1c98e18-3186-4ea2-81a8-37fa155f082b,2021,1376181,D
e0687b39-5ef6-422f-9470-2b7c90487253,2021,11730,D
b3b70d29-7058-4def-99fc-2eb83f8e3724,2021,41238,D
09f3d72a-bda9-4e9a-bf7c-574a030b7e31,2021,1376181,D
792dcc7d-bf78-4132-9702-518ccc579c0f,2021,106996,D
378fc1c6-8574-4a94-8fb3-816d55b798ae,2021,1181115,D
5ebccd86-c2ae-4440-bcab-2da3ee390847,2021,94762,D
f3e76891-a6a7-4cda-b50d-cb9afbdd3fbc,2021,18683,D
cd0da7b7-7dd1-40f9-a6c3-bdb33d508eb0,2021,106996,D
b1e13022-2a34-4741-89b0-c06d8f7c2839,2021,106996,D
5b4483f1-6587-4e0f-9e17-8d7fc11e3ded,2021,1322390,D
81e2627c-16ed-40be-8500-c04b36a36eac,2021,1101244,D
9e24ac83-b85c-4c18-9b6b-c52bd76f2cc5,2021,1190145,D
415fb32d-43bb-4a7a-a0a5-7c4a5b50d039,2021,1101244,D
3f406834-0996-4e82-9661-071625fa9a31,2021,1270596,D
98f7134c-81d7-44d7-8b12-4b7f7d07444e,2021,94762,D
fc27adcb-c32d-4f75-8738-6a5b1d917fda,2021,1103723,D
2e525fd3-f0f1-482a-b049-c8aa756e243b,2021,47051,D
85c1f809-fde7-4211-a4ee-6ca840a48199,2021,968,D
2ff4628d-f24e-40e5-b230-7b39f75933e9,2021,98957,D
da71c0cf-b0f4-4a65-9cd9-5ec965858f32,2021,5000143,D
7859e8b2-7f01-4281-971e-6b8bff4a3117,2021,37862,D
eb69899b-ca78-48e7-81cf-6e803ed40e7a,2021,1299927,D
943be23f-87e5-4984-a198-997ab9e75ab2,2021,1190071,D
6489d041-b2b7-4524-9391-a33b46f81e98,2021,48205,D
74190f77-9e0b-40b3-95b3-08cd66615e78,2021,20756,D
da3bd8c9-38c5-4818-8494-b4df774e2350,2021,116770,D
5cfbe518-a77c-42c3-8a95-0fba5b3a6c65,2021,37862,D
6624a31d-8f85-4b36-9d5c-31fa8cbca8a4,2021,88068,D
83f30b70-5576-4ae0-93ea-324412535dee,2021,20030,D
45a1c1e5-0c06-425a-859c-f23fa55899bb,2021,50981,D
503ff446-8f3a-41e4-97d7-4d022f932c19,2021,19042,D
655574ca-430e-470a-b3c2-786c55723d20,2021,98305,D
ca6e64f9-b949-47b4-8fb6-b9eab7ef62fb,2021,95175,D
9aa7d0b8-4b8f-440c-8bd5-dfb0bfb6fa84,2021,1190071,D
29421832-fdca-4c77-beb0-535dc1145b23,2021,2209,D
3341cfa4-f5c8-4849-8dac-17da4988d2c5,2021,47051,D
40d38915-90ae-4be1-b73e-69003fa3a351,2021,47069,D
e4a1d9f6-0325-4288-be41-cfabafaf4314,2021,90030,D
8dd46782-04c8-4a92-b098-30ab467dd55e,2021,95175,D
39dd6650-df1e-4748-980f-8b623a42a88c,2021,1148708,D
86d702c5-26e0-4344-bf7a-ad4a84eb0d5c,2021,106167,D
536eb88a-37c4-40e2-b214-99eb80bc7bed,2021,1385942,D
074d97e9-eb5b-48d0-abf6-36e0287a4ec2,2021,317,D
3ea62401-957b-419f-8e9c-a99dc112c134,2021,11730,D
16accc7d-a7eb-4a25-a7cf-4539d6ec5dcb,2021,37862,D
0d930da8-78ea-4321-bab6-4d02b01eb4e3,2021,1047907,D
48e84a75-4e42-49a3-be7b-f8abcc90872b,2021,1288839,D
96aaf030-8997-45b3-b43d-cc9906ff8735,2021,1070485,D
b4099b09-59ac-4a8f-bb24-45b93a837e33,2021,1270596,D
00799437-8ea3-4cfa-9096-26ce5aa3cb9e,2021,57606,D
4c50e7d9-7007-4b2c-9a98-7252182a2f16,2021,118994,D
56ccbfee-fd61-4cbd-ade9-6d9f60aafae2,2021,59122,D
8fa69be1-2102-4c02-a81c-d17cf5bd0c37,2021,20030,D
4b79b4d3-cb6b-4499-9044-326af9a02bca,2021,67601,D
b787cd6f-4fb0-40be-9f1a-635d63027d38,2021,73140,D
a9cf76ec-4a56-4a10-aa70-d5843f36e80e,2021,1427745,D
704634ed-6774-4d4f-a197-f24eb46b894e,2021,5000143,D
fb9f58b4-72c9-43b0-9a35-e73539d7de7e,2021,98305,D
4c854e42-eb0d-45e9-9a2a-d60a49066c79,2021,49054,D
97577db8-2858-45a4-aff4-d45575917da4,2021,1283028,D
cf5041a8-2138-41f5-b715-b23cf0c3da53,2021,48205,D
3ef60406-3d88-4d6a-ba31-92c97d1fea17,2021,97443,D
82c87c95-edde-41c5-a488-0577da523f0b,2021,113813,D
92842147-cd62-4b73-9892-70e8bcb8742b,2021,1318224,D
73179563-2b6c-4af6-b2ab-7acff1317147,2021,1314243,D
e21e2671-838d-411a-8729-e6063d77b022,2021,106996,D
666f661a-2bce-432f-9f04-b07d53707300,2021,1161716,D
fd5c6d7a-2069-4912-b2c0-b0068fb4e205,2021,1306689,D
b3f8a6e2-e671-4be5-9213-452135d2a1a0,2021,37862,D
10ac899c-b05a-49b7-b2ba-e3c12c9a22a0,2021,37862,D
d536ecca-fefa-45fb-98d3-ef18f3b5fb4c,2021,43664,D
87ddfe4f-28ce-45f3-a35b-7853ff871412,2021,1187671,D
112713b0-0378-4ba4-b68e-e1b71586ff4e,2021,88084,D
dfa3d3fa-afc0-4fa8-a284-afcf44966cdc,2021,1322390,D
d755bad9-a81a-4d38-bd2f-d11f94a00483,2021,107422,D
1617a18f-e0cb-486a-9cd6-b7f7bfa5b3fd,2021,20030,D
48fa5afc-ba2b-4733-b324-856a714b2193,2021,117532,D
76d2deca-a7ef-4e84-92b7-875e340e4fee,2021,1322390,D
dcdc586e-4c7c-40bf-9bc5-b92cbbc9797b,2021,37862,D
3fc5ccf5-8f7f-4e8f-8d60-516e2e188c82,2021,94762,D
58b5d73c-be7b-477b-99f1-0db55c3bf8d7,2021,20030,D
0493aad5-7f56-4042-9866-b8800a4608d2,2021,68930,D
3fbf7e1b-eb3a-4c60-8264-d8eb306e42c6,2021,64664,D
f9863ebf-6cbc-4843-8866-f7530af63dc4,2021,88068,D
401b88e2-5271-48d3-85ca-bc072905563a,2021,1270596,D
6fb2313a-26a1-4f98-b5c6-b25b960ea44a,2021,1306689,D
a17b768b-fe85-45e1-973c-592fcc23641f,2021,1265453,D
87081a15-6ad4-4225-b405-0e7cb2dc4bff,2021,1322390,D
9d1cdaec-2537-4939-bd7b-4aa7054abcb4,2021,1270596,D
352b0852-3cb8-46af-815e-dae8e1e55194,2021,11452,D
1a64149a-1631-4c68-b9f8-3c92fae3a4c3,2021,968,D
746c3737-8658-4bb1-b8df-8482c1c15ef5,2021,13446,D
cf07bd28-7ace-4513-a289-32d2137d131f,2021,106996,D
1b9c4970-9e4a-46f8-b618-d719c6a82071,2021,48205,D
de7f71e0-03a3-42de-812f-e07627f43348,2021,1322390,D
e87927d4-2d28-4c3f-9682-b1ef59937413,2021,98764,D
ea9d00c9-8b41-4829-b77e-555272bf629b,2021,18683,D
432be726-03b7-407f-906b-81a2927cac02,2021,59122,D
48de56e6-e612-4f5f-8abb-574739f19407,2021,106167,D
e8ee26db-bf74-4c47-8708-6ebab87996de,2021,5000143,D
241ea6fa-faf7-40ff-9f31-3f37849dea3e,2021,1132918,D
21ef1265-9a70-43c5-88cc-668f02a64549,2021,74737,D
90a60cc7-751f-42fe-83b8-5e0fea5c0a6a,2021,1322390,D
f2b3d445-3a5a-4cc2-a560-0df74eb11210,2021,10515,D
9841d3c1-56cc-4c32-8bfe-982f9632c9c6,2021,1267543,D
56e74e26-003c-4dc5-92b2-ced81894e999,2021,19047,D
cb1ee140-1142-4f9a-8c29-0b022143f2dd,2021,1376181,D
34ddbbfb-f13f-419b-a112-674e5df4e348,2021,48205,D
da628244-34fa-4144-ac49-51524493f4d1,2021,9414,D
740096e8-ffc9-4ce9-93f6-681849fa2c3a,2021,98595,D
7c6321ec-a1ba-42ca-9a5a-c844c4c11374,2021,58808,D
0377ef78-7f27-4e6f-8ac9-2d9ef5a8813a,2021,95175,D
aec47854-e909-4c78-afbd-917e7383888c,2021,1322390,D
28ce837d-3c15-4341-97fb-58e245c1849d,2021,1101244,D
05fc8d2e-40dd-4b98-a736-b5bf99167edf,2021,11452,D
155087bf-cec9-4cea-bff0-1bbe7aeb4e55,2021,1306689,D
629d50e8-bdb6-47a4-bfd2-6b6136d8d29f,2021,94762,D
3bd5ee95-cb01-45a1-8f68-5c08a1af7302,2021,98595,D
ec527d2c-9f50-4229-91a9-bd10c2edf206,2021,43664,D
75eef141-a7f1-4473-8167-45d25ee6abc0,2021,1190071,D
6c6a1d15-414f-438a-9b70-5ca5bd7eb635,2021,13277,D
126b1e65-d4b7-4ad3-a211-d1c52e53756a,2021,98665,D
84858210-ed04-4f6f-a0e0-61f7cad9bc71,2021,21464,D
3125fcb7-b239-4bd3-b43b-9554900a846c,2021,968,D
206919ad-c272-4017-a381-14fc45688f67,2021,118994,D
148cb3fa-7b14-40ca-8001-6410e1c8e58d,2021,1306689,D
8826c2fa-7c23-4c41-a5b1-9c8771478b13,2021,5000135,D
b47ea848-af7b-4ba2-ba48-27bd916e34a8,2021,43664,D
c3223185-227d-4000-93f2-284f9b55d285,2021,37862,D
9f69779e-2714-471c-b0ae-ad322b84cef6,2021,98665,D
cc22c1dd-fb8e-432c-8300-6aca913ff706,2021,41238,D
031da061-d5a7-4443-87b1-42c9c89a62ec,2021,37862,D
d6ffdfb9-cb6f-4de7-9a3e-e79b13e49602,2021,94762,D
e6365886-9695-499e-8913-390e6e2e40a8,2021,95175,D
a20ff27b-f486-4990-86e4-957ec5f560df,2021,1322390,D
96e46b10-7a82-4d66-bb93-e5f03a3ee0c0,2021,18559,D
10795aaf-a3e9-4e90-950d-d83e34e5cbce,2021,98957,D
f4e35883-5753-41d8-ab0b-52382595ab89,2021,116770,D
77f5ab0f-e066-4d0f-a0a8-017758af0b03,2021,2209,D
8e94c220-80af-445f-8e29-9663255fa9d5,2021,18584,D
88b934a2-6865-4844-9a7f-3782f7249909,2021,64664,D
e2c9c64a-d829-4040-9803-a762301daa10,2021,49054,D
0222bd46-e5b3-4fe2-ae57-97f748ff09c1,2021,1269545,D
a2046d8e-cf90-405e-a21b-74e49f1a5766,2021,98665,D
44f2c0c1-47aa-435a-baf7-679f214e83b2,2021,1306689,D
5744f999-cf0d-4fd6-9184-e09621e11910,2021,1190071,D
bc9fe373-9455-41c2-a53c-62103286cb64,2021,67601,D
23fb3b74-36f7-4406-a7d4-a3b253e5f0e0,2021,1136142,D
4f75899a-c824-4030-9916-fbc28884003e,2021,58808,D
2e85c80b-b938-43ee-9a0b-b53deded4069,2021,18584,D
54c667bf-98ad-4c7d-a2ea-4c548f21a655,2021,37862,D
62fafd6d-f5ac-4848-990c-8d8c293b7f3a,2021,94762,D
456d7291-247d-43cd-8136-26d284d8205d,2021,13277,D
9c809fbf-c5c6-4825-ba01-310f127bcf38,2021,48205,D
745f5f1a-8d7c-42d9-86f1-6dc2db3d4454,2021,2209,D
296b3060-0a43-47f6-9a37-12e0617a6a00,2021,47051,D
99cd300b-ebbc-4891-a707-ceeed2d4c41a,2021,1267543,D
25cafa57-116e-4f91-8a01-bed836be7ec4,2021,48205,D
3e603ce2-a09e-46f9-9314-2f6ff6500f9c,2021,55402,D
3d5f7aaf-608e-4945-94e7-4121ea7512c7,2021,106996,D
1e8d8f58-b231-4a21-b7cf-190398ede24d,2021,1283028,D
73b7ec1c-8e3c-420d-9a93-397a14acf683,2021,1322390,D
dfaf598e-f2aa-44f9-8179-78582788521c,2021,98764,D
d3059717-2ac1-44c9-854d-0dc890665d7b,2021,88084,D
8881f934-c33b-402e-a26a-a300160593a9,2021,90030,D
1f7fa96b-8c10-4e8c-b166-beede00aa8bc,2021,56172,D
c62191c3-8704-41bf-82f3-0d2ffff0f817,2021,114616,D
ae305092-4e92-4a84-beba-1e6d425fb1c7,2021,114616,D
28778838-5fec-4d43-9c96-b520490e7b01,2021,1330347,D
7386188b-a6f1-4d59-96a6-65e756d64bc8,2021,106996,D
963686fe-1aa4-49b2-9dd7-2131ae0b350e,2021,1322665,D
da18f9f4-4e60-418b-8b2f-51d7a330ee90,2021,5000135,D
cba9a0dc-6bc7-47f4-b166-afc1da646d6d,2021,18683,D
07989a2e-bb07-47e5-9bf8-4dfb6e45521e,2021,104360,D
ccd167d5-9228-475a-ba2d-b7df98e63060,2021,20030,D
09c18ea9-5230-4f4c-96cc-60fda4eaa606,2021,55777,D
d6b6186b-cc6d-483a-a9a3-a2a20449487f,2021,58808,D
0afbbf34-716f-440f-9ee3-92ba5117be0e,2021,1190071,D
0a95c8e2-9380-44d5-9420-0ec56107034e,2021,108660,D
6af7bd79-2070-4433-b175-90ab2651513c,2021,43664,D
8542a3a1-24cf-4675-b4e2-0508209a5e1e,2021,13446,D
5613608f-9dac-412e-971f-821e95c6ba42,2021,20030,D
59ea7cd0-b129-43bd-98ca-3a6612dbf6fe,2021,101942,D
0b39fecc-a266-4a75-a41b-880cfc61c8bd,2021,9425,D
bd275a30-cc32-46b3-9c5e-b06473d5d037,2021,98957,D
7618ea48-63d8-45c3-9a59-d63ed3d83ba5,2021,107360,D
78220602-88be-4281-a3f8-423e1d726ce8,2021,88068,D
1ce32aa4-ab7e-42a1-9b8d-c8771a847490,2021,1181115,D
ead7094a-49b4-41b8-8fc4-6e5a6eff75ff,2021,1258063,D
09e694bd-6e41-4d2a-98cf-d87d04079c2a,2021,50082,D
9448edaf-0310-4ae0-a737-98a425c820e1,2021,98595,D
3a95b0b8-5e8d-4225-b73c-5e957001a310,2021,58808,D
3914197b-c72d-4894-81ab-17cb20914d42,2021,107920,D
15eb008d-3136-4cd0-9912-339db45433d0,2021,94762,D
e73f5f18-c230-49d1-8f28-c03e1cb5341c,2021,108660,D
64b54aac-68d3-453c-b9c3-1a0f5f902912,2021,13595,D
4858acbd-cb02-4254-82ec-964742416748,2021,118420,D
1281e2c3-d45d-433f-9130-e809f529909d,2021,101830,D
f6c35150-24c2-4497-9240-115d1d427a36,2021,22047,D
c544a46d-dd61-486a-8cfd-194e69ca3088,2021,94762,D
7912debf-4045-4167-a2e4-245451bd6ed6,2021,1132918,D
c1eb5ac6-4c9c-49e4-85fb-752004e25b65,2021,1047907,D
7ada3c77-3f6e-43dd-a7fa-191dc33e582c,2021,106996,D
235fc838-bc88-4f94-a020-f2c745aa3571,2021,62484,D
078fcea4-b1b1-4860-87d3-a8800512cae2,2021,104360,D
e022ef13-682a-40ce-a573-355ca7ef5592,2021,1351760,D
feaf4340-5110-4cf0-8aeb-db671883251a,2021,19047,D
6dc0a096-6533-4c32-bc09-c908e22c7d15,2021,18267,D
558a7875-52dc-4917-9131-a0e821630f95,2021,1318224,D
eb80ea73-3dea-457e-b792-6de021a7c008,2021,108660,D
3cc249b2-a0ed-4828-8b30-3a3245f5f986,2021,97778,D
7117e4d1-5fc3-4737-9b60-c0c59bbb4c24,2021,11730,D
38882904-3611-4bfa-8e9a-9fee8adcac33,2021,1288839,D
9f9b3dbd-e031-4eba-a32c-d0cd6e076cdf,2021,1190071,D
23e1195a-ee7d-4a10-b539-9954a4faf4a0,2021,94762,D
effed58c-c2d2-4e9e-be19-d81ac46cdbe2,2021,88084,D
b52dcc06-3572-4a65-8dea-cbbee0b9a812,2021,1102628,D
35f9fd27-dcb1-45d9-a319-b7aed3f91349,2021,101830,D
c19f133d-cccd-49e1-aa67-85c4951b4117,2021,21464,D
850f83cb-0011-4fa8-a18e-fc7603e30338,2021,13446,D
f985b6e6-b10b-4323-9714-eae890bc3071,2021,9414,D
01a01f29-27a6-45e8-8e0f-57d5328dd09d,2021,9414,D
e72f1ecb-5df3-46f6-adc6-9df0b80bc6ee,2021,1322390,D
aed62d51-ab61-4ea4-a342-d1e935d2ac18,2021,317,D
b753e4bc-a47e-4a92-bbdc-3d8d9b7f8a14,2021,1314243,D
6ef3a258-1a33-43fb-bec0-49ed04238723,2021,1181115,D
e0f23820-2790-43a7-ac0c-cbbdfd74b6b3,2021,104360,D
3765c97e-5074-43ed-b16f-8ce24f5ceae8,2021,49054,D
65e92f76-013e-49d2-8259-2f503f15f405,2021,95017,D
5a449faf-bcf4-49e6-a980-f51d47b37bcf,2021,55777,D
b3213281-233b-4dd3-ab8f-0b400bff77e6,2021,114616,D
04c2ffa4-c739-4a96-ade0-8f7c08be60c2,2021,103062,D
820d4969-411a-4a66-95d7-7ac04aafa99e,2021,1306689,D
97e484ca-6caa-4bf5-a097-6f9acb1da30c,2021,41238,D
c21da36c-a08d-4789-abd9-7cc3b4ce8b16,2021,67092,D
55fc502d-2382-4220-9753-32aa17901d2d,2021,64664,D
b6a009d6-7d25-48e9-a5a2-4e24806d967a,2021,18559,D
41ca975a-1d41-45b5-8797-940668846aa0,2021,43664,D
dffd7aac-d16b-4d73-8f9d-08c8d6cc16e7,2021,13595,D
56c151d3-6076-4b33-a93d-3725ec83dc50,2021,1136142,D
55ca6aed-53ff-422a-a525-b89ccceb1f52,2021,1102628,D
83efd9da-cef1-491c-8b01-ecc84fd5ae19,2021,1047907,D
d7edd6c4-1194-4af4-91c3-be65602c2cb7,2021,5000143,D
69800945-4cdb-413f-87ae-c35da3a21485,2021,13446,D
e4cae19c-15a7-4510-aced-cceda0b151ab,2021,95017,D
4b529bb1-c598-46ea-9d0b-a466fbc6b4e3,2021,95175,D
0f1082eb-80f8-438f-9cf9-8498f05aae3a,2021,1166783,D
2bdba43c-fc9f-4b9d-a2ad-f1c867548995,2021,55777,D
305bab66-55e5-44df-8579-1b7ccb29d089,2021,1322665,D
27a6d132-d7aa-4f86-949e-dd5b70e6027e,2021,1288839,D
0e15fb7f-6352-4fed-b25a-0b006c7557d8,2021,1376181,D
cc58f706-ebd5-4ec9-8420-2fa31e55bd3c,2021,1322665,D
502d3e9d-19c9-4362-8701-3093800ea180,2021,1322390,D
e27fe076-5d0a-41ad-98c0-c15c739578dd,2021,5000143,D
0fda0259-9ffe-4f6a-9c67-e6469e672436,2021,83388,D
39eae366-d1c0-46fc-b7fc-21eb31046477,2021,37862,D
1692fc69-ae63-4264-bec8-60f3ae01cb3b,2021,94762,D
1c07b3e9-786a-4017-955a-ae030b30f390,2021,1306689,D
89225b41-957f-479e-a475-578201dd1a0d,2021,56172,D
40d3b01f-99f7-45c4-a7ee-bc8b4460bf27,2021,11452,D
97f9da19-bcea-43ac-a8ab-e014220b8bd8,2021,90030,D
c9b50496-0527-4295-9eed-21f1a97620b6,2021,1181115,D
b7bfd06a-a2ad-4a24-bb0a-aa6e1b9ecfbb,2021,18683,D
16779a82-b9ea-42f1-8ea5-c5956213e1f8,2021,1269545,D
6764288a-6290-45ab-b76b-f27c1ee4bd1c,2021,1314243,D
7c9edc6b-75c4-4592-ac8c-c5f7c46c955c,2021,106996,D
9fa1c721-6b55-4d87-ab89-c445632b1d5c,2021,13980,D
1577d396-bc93-48a3-9757-24f81e4225ce,2021,55402,D
cc6d0774-c47a-438e-b016-59bd3f530876,2021,101942,D
6fd7e9c7-e5e7-44ea-badc-b60ddf5d86c0,2021,1385488,D
e6b4563b-36f1-4510-992f-9572a1436205,2021,13595,D
f6dcd14a-bb01-4fa2-bd85-6dc585cc0651,2021,1403879,D
f64c7209-04cc-4fea-82ed-3b4a4abf4fa7,2021,101830,D
7f838084-f9f0-4017-9f08-1441ec784b37,2021,106167,D
6781cd96-3e6f-45ab-9dae-5f30c1698b58,2021,103062,D
93f7cdc5-898e-483e-a8f4-6d1be8c7c08a,2021,107360,D
abda20f8-d54b-4f6b-8f99-b5ac47645e3d,2021,22047,D
3172781c-0fe2-4e83-b01e-69800327cc7e,2021,59122,D
d6a79667-33a7-4e64-8214-417c65bb7098,2021,106996,D
3cfea054-0736-4fb0-ad71-dd0b46ff134f,2021,9425,D
f06bc37a-42e7-4ac8-b3f8-fdd22b2491ad,2021,18584,D
62077c04-62dd-44f0-be99-0a6770bca6d4,2021,18584,D
89e93f56-cdcc-42e8-9bb1-f4667bc47d22,2021,97778,D
6de23599-af34-436d-ac86-8dcc667c2925,2021,97778,D
de367fd3-eef0-4881-ab0d-d05a66f7b01b,2021,74737,D
f0b37c6c-a0aa-4aa8-a740-a82d211eebd4,2021,48205,D
d86ec245-fb3f-4e64-a580-0a0c000b194c,2021,114616,D
5df16e24-7d3f-480b-9556-c8aea47e8cec,2021,46377,D
ee1d27d0-f835-4acc-8b7f-8b76f8aff58e,2021,13401,D
59e6b22a-113c-4373-9c98-0772ffaf590e,2021,118994,D
9ac5e30c-32eb-40f2-800d-bfbb27ed5ed4,2021,1322665,D
e51fe482-31ef-4572-8375-6e8f5f4b67ab,2021,1318224,D
dce890d1-a6f2-4c56-aed2-3835bebed9de,2021,118994,D
249ff739-c9d3-41ed-a934-f4ab89320d99,2021,9414,D
b29529b8-7bb4-477a-a750-5a6bad560b19,2021,10515,D
536a05b3-653c-4ab7-a518-91a0d2d2ec82,2021,1385942,D
407d5262-3f94-4491-8f41-1fd4c8645ad2,2021,1136142,D
8f8e17d9-8be0-457e-9a38-e9939038e2c1,2021,1102628,D
704e7e98-43cd-40b6-9baa-cc564c0ac43a,2021,95175,D
b98979e9-cd8b-416f-bc25-2c2278961f21,2021,1322390,D
f56f3aa8-54cf-4128-99a3-e2305150e0a2,2021,106167,D
4c0a6a03-3965-43cf-ac49-810c2a4dc4ba,2021,1148708,D
fd1bd1c7-fdbf-4471-8eb6-f12fd39730b8,2021,94762,D
6a56e1c1-a22c-40b0-add7-287e4971c4b3,2021,47505,D
0a9d1f38-8711-4c2e-b852-4366783fc049,2021,968,D
cb845af7-18fd-4a1b-b635-bb51ecafcab8,2021,40343,D
c2e9c79b-3dfc-4ef9-a6b6-da64c43e62a4,2021,1376181,D
325fe192-4e2a-4956-8915-c3a3d0d260ea,2021,1322390,D
084dd04f-9719-4e85-9b56-e348a6ab4a53,2021,18683,D
762a2316-c8e7-49c4-9708-1abfacc2c300,2021,18903,D
d4a189e5-a1d8-4a74-9107-97c3a9b831f7,2021,1136142,D
4d684d7a-1016-4044-a953-bd18f0f37eec,2021,98595,D
b58b50d0-7b0d-421c-b9a6-9506f802fd27,2021,59122,D
774ba5c0-6378-43a0-9744-54856abce2b1,2021,106996,D
98678f46-34dc-4fb8-b14c-362a84527542,2021,116770,D
a45c70b1-26ed-4876-a509-674f25f102ea,2021,317,D
d3f0b84d-dcd9-414e-b947-b8aa76008de3,2021,104360,D
1eed46c7-01c0-410e-bb8f-65a02f48de27,2021,98595,D
a1464616-d07e-4405-80d6-7d6f62f88209,2021,1139692,D
1c9b4027-43aa-4572-aef1-a7ec17134120,2021,2209,D
97c7e208-62fd-4768-a5a2-7bc13fad1e20,2021,968,D
4d106e05-2713-4120-9d83-98430b8ec971,2021,37862,D
0efd82da-0416-44c2-a029-2279ae7e57fe,2021,94762,D
0e6411a5-7ef7-4b44-9aac-ba9b0dde3f3e,2021,1306689,D
ffe2d061-4571-48c9-b9d0-17ecd126d30d,2021,48205,D
fc90efc8-8111-433e-8988-60438d98cc75,2021,1181115,D
2bca9517-5479-487f-bd6f-04463c13ca52,2021,1283028,D
a2244d1d-94fe-4041-964b-2768fe416164,2021,20030,D
55bb1d22-f035-4ad3-a798-52931568bd12,2021,5000143,D
c5bb8591-bc7d-40ed-aaa1-56f048f2234e,2021,1103723,D
a76c68d2-a21e-4bba-aa27-2630292e6848,2021,13401,D
3bc8b82b-19ed-48e1-a187-bcab54b75026,2021,1288839,D
c3e846f8-201a-41b7-a1b5-519392f40c0e,2021,1181115,D
0aaf9a78-f73c-4a17-908c-3d25c36e831d,2021,513,D
a52cc91c-cd16-487d-a7a3-cb240f3814b9,2021,94762,D
82274a3a-e85f-402e-8399-fdeae8dbccb9,2021,108660,D
653c752b-71bb-460a-963b-beaed398c357,2021,1190071,D
8540181b-0a1f-4ab7-b7e9-9921c39a64bd,2021,1101244,D
fd5aa159-ba39-468b-b0f6-898a510b7625,2021,116770,D
b09c504f-c0ef-424a-9a8b-e4df137c3caf,2021,1385942,D
0619b0d2-dbe5-4aac-a549-9eae4e1e5d62,2021,9425,D
d6c23ca1-4732-470c-bfa7-f0c18a5c065a,2021,43664,D
5b81d9c8-383f-4d2d-bd0e-c4c3ab2ff94d,2021,22047,D
4307857b-8c57-4ebd-aebd-887ce8e4af12,2021,1322390,D
bda7126e-2ed7-4511-a82e-ef337cee5a43,2021,1181115,D
8a5dd634-3461-4528-bad7-264ab4cccc8b,2021,1306689,D
06b16f67-f576-4a3d-858f-c95210a9dd33,2021,968,D
c09ded47-0f8f-468d-afd5-ed88013b573a,2021,1269545,D
4965e5a2-0ebb-4178-989b-d49a0811d6a9,2021,1136142,D
935c4d21-0fc0-4f4c-8152-0af8b1a2c93b,2021,95017,D
cc5500f9-66e4-40c5-8b3b-0e6b24599bc4,2021,117022,D
e987f9c7-9ba6-4b9c-9747-03820d0c7cd5,2021,18683,D
8fa795a9-0a9d-4ea4-8c6c-b348af03fdb1,2021,1351760,D
527c515f-3117-4798-9957-5e28270c3c09,2021,13595,D
e248ca48-7fd6-4c9a-960a-7fa96fec72ef,2021,49054,D
17d59e49-187b-4e89-b702-c853978c4ba0,2021,107360,D
b1922403-d453-42b0-a596-d2e291b92317,2021,1270596,D
9302f237-fc9b-41c4-af3b-a6000dde23a5,2021,9425,D
b476d67b-25f1-4363-9d8e-2b46b7f9c0e8,2021,88084,D
29661a05-4a1a-4b49-9f8a-d450ea8c40bd,2021,20030,D
b73e23c7-e57c-4247-998a-4795d731d222,2021,98595,D
89f5045a-ab52-4ac2-b611-8c0380b1e2b8,2021,17898,D
5afb335f-55bb-4273-bafe-2ff83905200e,2021,49054,D
db3507a9-0967-4c7d-8803-e136f64afc1d,2021,19042,D
27fc3211-266b-4dca-b15a-e76da72f651b,2021,106996,D
2bc627fd-991c-4d57-9fd9-16d00d1cf4a5,2021,19047,D
8616204d-ba00-4ff2-a4d5-24e13f778b2f,2021,57606,D
227dfdc3-8234-49c3-a964-2867c59277ed,2021,13401,D
73424a4c-c3f1-4478-9e36-21d3ffd72667,2021,107920,D
806380d3-d5b0-4456-bc04-b0e6e9bcc68c,2021,1136142,D
f9f69322-178c-4fdf-ac47-3ab344d1032c,2021,94762,D
24c2a7bd-a1a4-4835-a849-11b8b39da572,2021,1427745,D
0c738b31-571d-4099-91f4-eba0d9afc910,2021,1318224,D
df267a6f-ffd9-45c3-9567-9baf7381fac5,2021,67601,D
0f340008-595c-4516-afec-f6872436e9a9,2021,108660,D
23461c4f-c619-4bdb-8ada-4155d595f23a,2021,1070485,D
32141816-fb61-4b3d-af2d-527e97c9bad1,2021,1190071,D
c23dc1a8-a23c-40ba-b0f4-95ac84436fac,2021,116770,D
fb83e0fe-aa8b-41a9-abce-f3634da7c622,2021,98665,D
5b96fe8a-3421-40b8-aa85-5b49519c2529,2021,1306689,D
65e5ed0d-81fe-4497-bf75-d1a79d492ea1,2021,9425,D
d7367efe-0cb9-447e-bf9c-fbbb4081a77c,2021,513,D
63824533-2db6-4906-9817-4b3fbaf17344,2021,21464,D
d2169908-6d1a-4646-9abd-043678c82e15,2021,1385488,D
a2c3feb2-ce0e-4faf-8f65-facca7518e30,2021,1299927,D
de8534a7-dab2-47f7-b754-d9a3400a3e87,2021,1272079,D
b75f77ec-fe0f-4154-b9ed-c6ceca7bf4c0,2021,18671,D
3fa531a3-7f78-4529-96a8-669d21605185,2021,317,D
8a7ab377-1f08-495c-aa74-510e48483c77,2021,83388,D
fad13a35-321a-4afa-ba06-00ac974c861e,2021,113455,D
de03f555-c450-49f6-850c-b5c825bc934d,2021,74737,D
8f654983-156f-47ba-a9f5-2a5fd74b35e8,2021,62484,D
9c96fdb8-2c31-4512-a74b-1d5e6805359b,2021,1101244,D
a4d8dc56-d317-4524-a925-1fbc3e4cf070,2021,11452,D
6a532542-e07f-4c2e-88ea-1fd0eefe967a,2021,107360,D
d0da31d9-1a01-4cba-ae5d-fc6e7e380f9a,2021,94762,D
8bf7f47c-b910-4d5a-b22c-460809f9ef08,2021,53333,D
44acf590-8e9a-43dc-8ca6-4df8a2960f79,2021,1376131,D
c124695f-170d-40d0-89e1-f9b6b5c667f5,2021,18558,D
bd742d53-59cc-426c-96b4-f870a42520be,2021,1187671,D
aadc191e-63ce-4817-808c-e5c9dde3452e,2021,5000135,D
77edf1e9-6118-4b91-8cc0-253c9cd09181,2021,22061,D
f91df053-ca4d-4d35-8d9b-5e922f4f5a90,2021,5000143,D
ea828234-05b2-401e-879d-8a27cc49e9f9,2021,5000143,D
3127958b-0c22-476c-bbe2-05259c89de67,2021,107360,D
1b173c84-427c-4d8b-befe-0b92675a20cb,2021,19047,D
72e1b919-f148-4bae-b526-29937b5c3b8e,2021,88084,D
52870d70-77be-481e-b59d-e217a877c67c,2021,118420,D
8fcd27f1-2e62-4072-96e9-367ef72866b9,2021,94762,D
61a25c65-c385-4b6c-922a-341376f652ee,2021,1314243,D
05599e91-00a6-4090-a9a2-d84d4f3ab1a9,2021,116770,D
5f4ae1e9-ec47-4e51-9e8d-2b6c7db405ec,2021,1306689,D
574eb8e5-42f7-4766-a5ac-e7b630aebf6d,2021,18584,D
cf056929-c247-4cb4-adad-ec86bf5010df,2021,18903,D
68d1e222-72c1-4bc7-8f3f-3fa5799f5a41,2021,1288839,D
23b57b35-d8e5-46c9-ae76-ad7a0fa32d5d,2021,107422,D
10f248e7-e293-45e4-895c-db57ded72c39,2021,1427745,D
240a4cd3-9c09-4df2-a779-d7416455a203,2021,83388,D
3878e2b0-e36e-461a-82dd-26bf49c7ccd0,2021,98595,D
dd1ee518-f07b-494d-bc63-91cda7b6bf76,2021,21464,D
5ab16601-2103-4562-ac47-2610d0adb1c8,2021,9440,D
a93454bd-9f10-4ab4-a295-7f7534afd4dc,2021,1306689,D
828449ca-1de4-4ce0-996d-e13667614b0b,2021,1204325,D
7b4a7a5c-4bcc-4f5c-8d1f-fa6875ec9bbd,2021,18683,D
bc8224ab-3b9e-4c71-8be4-2cea7cbc9ee2,2021,49054,D
fdbfd05d-d9f7-44c8-a1a8-9a211e841b96,2021,62484,D
448e5351-60fd-41c2-8788-27a30eb5c4b3,2021,1315444,D
0828199b-f790-4290-b593-75e42589c5b9,2021,1376131,D
606a94f5-fcc8-4659-b3a6-2720baf2a723,2021,968,D
371f222b-6419-42b4-9d12-dd6694c93581,2021,1376181,D
ce518cd6-d256-477a-94de-719c202dce10,2021,317,D
7a83b66c-19e7-4cf1-b5b0-d434b4cc31cc,2021,98957,D
b3cffc5c-d6c6-46b5-8d63-5b4e6d630d6d,2021,41238,D
fa3023c5-4a14-42c2-9b37-cdb8f3fa9b9b,2021,13277,D
5eafdfc6-0fcf-4146-b701-7c629de5f914,2021,10515,D
53ab52b3-410a-4b45-94f0-7e1a244dc52a,2021,1181115,D
a179608a-32fe-4c29-aeb2-00df2db1bf7c,2021,112086,D
51e7dd1c-83f8-4bff-b4a0-331050b7a5ac,2021,1108692,D
1fd0199f-9694-4777-a82c-79b96b6df448,2021,54934,D
10662f0b-a844-4d1c-9ce1-b209af4e42b1,2021,968,D
4e96a377-2154-4471-807a-6fd35a1dc71a,2021,1288839,D
c2eb5be6-0cd2-4ff7-b08f-c27b002e2d6d,2021,1204325,D
c35546f9-fb06-44cc-a5ff-21ded05545ad,2021,58808,D
0b116d02-0cc1-44a9-8bfb-fd7146157dfc,2021,1166783,D
474418bc-3d9e-4397-9579-bb3a8baaad76,2021,1118057,D
581d6a20-1bf8-4984-909c-57359b7c7f61,2021,1267543,D
f4abd648-fa6e-4a41-96df-8098716574df,2021,1376181,D
97cb5562-b1ac-4158-a25c-98bbad0aa038,2021,49071,D
4558462d-a196-43cc-aaa7-f53261b8e9b3,2021,113687,D
d1385b0b-45e4-48c3-831e-f46b98bb0312,2021,18558,D
38212310-3a53-4d33-9a66-7584720b0adb,2021,88084,D
c0146b3b-da9d-49bd-9261-85aa0b6a99fb,2021,1136142,D
b0fd584f-830d-4255-9f07-0ff2e2ab7d51,2021,90030,D
eeb0dceb-4008-49f4-b2a1-cc74cca25192,2021,1306689,D
1b07e3de-5fc6-4c29-b2ad-148c73c4280a,2021,51020,D
ebb37131-4e63-4e23-ab30-ee2204b33486,2021,114616,D
054b2819-56eb-486d-8869-45a5985e09ce,2021,98305,D
7fd1ba65-b8f6-4d07-bcb7-683fb3207ef2,2021,13595,D
0cc68cd3-a6f9-44dd-ba4f-302027ad9227,2021,1132918,D
97c94dd3-3497-4c81-a982-acbf261364ae,2021,1204325,D
9a4f04f9-2ad9-497a-85df-7e0a6d95c789,2021,94762,D
88c41800-3027-434e-ba3f-73986077fe9f,2021,968,D
fccc687e-9e6d-454f-a40f-c36bd0118c56,2021,19042,D
2d187eff-e550-4c8d-ad78-bee148a4017b,2021,98305,D
ca29ff2b-0605-4e65-8f6e-6916c03c3561,2021,47051,D
ec1c6dee-3b2c-4e19-a513-7aa20ae22ad5,2021,1181327,D
9a02a1a3-3ac2-454e-b525-2e4671da2317,2021,20030,D
d98594ad-597d-4817-ad7c-13168725a73d,2021,114616,D
3052a5ea-315e-4570-b7ed-3be04b844807,2021,94762,D
d1cfa595-0cbc-417a-940c-a4af68a8f55a,2021,1322665,D
4e96e23a-7c76-4c82-805c-7b8cc5c606a2,2021,18584,D
4d67c0d1-01dc-425d-bf12-0f965ae7973a,2021,18559,D
df5575de-e8f9-457f-ba8c-7e29bca70ef1,2021,104360,D
f0df7188-2edd-4c85-bc0c-de6678b10bac,2021,19047,D
1391aeab-5886-43b4-87de-a5670110995e,2021,51020,D
53b56728-542a-4511-8082-f8353792c84a,2021,107360,D
ff15365b-f686-4c67-bb6c-4f05e87e83ac,2021,13446,D
386c40ba-f593-44ac-886c-627d88db23a8,2021,106996,D
ad25dbc8-11b6-434d-b94e-4b03c923d053,2021,47505,D
920a0806-4709-4cdb-9bbc-171a19bd84ed,2021,513,D
8ca68e0c-4bc6-4a9a-a303-1e011f0fb946,2021,107422,D
1f53e55b-0bb2-4644-9870-f28719bad08e,2021,1314243,D
c11df6dc-60b6-4613-8c8f-f789f95727bc,2021,20239,D
993a9790-dfcf-4481-95ed-9a66c03cefa5,2021,108660,D
ee7bceba-6027-4e51-99d3-7131367c1dd3,2021,5000143,D
0535e163-62c9-4bf1-947c-e7845387be30,2021,116770,D
0186c817-04f9-4a43-8549-32d3091513e3,2021,46377,D
4f759781-f4f9-43ee-880c-5528d64aef93,2021,1403879,D
60e0cec4-de54-4765-a48e-d3e0793e8ef7,2021,968,D
212854f8-33fa-4f2e-98e3-fdf52e094a31,2021,18683,D
1bfc61dc-cc98-4a81-a476-4cb10b073db3,2021,18584,D
04de010e-ace4-459a-a072-4638d72bf97d,2021,18584,D
c577edf0-aa49-4004-85ec-adb294f4bceb,2021,88084,D
e897f9f4-6072-4aec-845b-b932463adb5d,2021,106996,D
16ba6e0d-6079-4488-b4ac-82e4d838e7d8,2021,106167,D
c14ea63d-2ccb-49ed-8ebb-3d4f93b91572,2021,103062,D
65e5b1b1-3106-4cd4-9da3-061ab111f535,2021,1118057,D
5c83f79a-9909-4ce2-a879-d2317893b773,2021,62484,D
e6dd306a-05d3-4793-b20b-824c596f6cdd,2021,1136142,D
7d185ba2-65b3-4d85-b9b5-e974d70419e1,2021,53333,D
413d4710-28d5-4b22-ba74-3b30617a0354,2021,1300429,D
a41a8eb0-c435-4d84-99bb-3ba89d32357e,2021,98764,D
498de0fb-a9b3-42ce-b62e-ea08995080e3,2021,13980,D
fd5c3278-a9d6-4442-8a66-10852a4618a8,2021,97443,D
f70d45be-c35b-4528-a1c4-8d072f108b4e,2021,95175,D
cb8d4949-a959-4c4c-a660-e6d2e98a2299,2021,1108692,D
42bf30a9-1ee4-4a88-8de4-baf29413305c,2021,1181115,D
c3a36ff6-b6e9-4852-a4e0-9d6febc35c68,2021,54934,D
78b3041b-71ad-488c-95de-3cbc1e2e1db9,2021,5000135,D
da706228-b891-427a-944e-cd910984137a,2021,317,D
b853987d-5512-4d8f-a641-68fa859218e9,2021,18584,D
57fa32bc-f71c-4f1b-8ab0-784498e77300,2021,1267543,D
2610dda4-270c-4498-a2d1-b2ac9580d2e5,2021,1187671,D
caf61b77-6d69-40ec-a8af-b96799b0ded3,2021,1187671,D
3a77d652-0ba2-42a6-91ca-49a1213f356f,2021,11730,D
efde94b8-8142-45ac-9f93-7ef043ebae8b,2021,1136142,D
89fa5f2a-60ae-452b-8423-f56cf7da2f57,2021,118420,D
0a1e8dc4-369b-4cac-b7b9-0ef053c562e7,2021,47478,D
7ec5ca0d-179e-46b2-badb-c4bdafcef7d9,2021,98595,D
f725a7fd-b7e0-4fe8-8705-683444e32a6c,2021,1101244,D
f6a0819a-3fc0-4b1b-9d35-1b3a7fdec61e,2021,5000135,D
5b110a7b-d7a6-4291-828a-cfb81ebbb408,2021,1288002,D
a57df368-9336-4e7a-b1d8-89521ca1786f,2021,98595,D
1e02878b-91fe-4662-89ca-e1722bed5b3a,2021,1181115,D
6f8e2b41-9d47-4537-ab30-da93fcb8b23e,2021,1318224,D
66e5ac86-8799-40df-905a-be3d87c7bd8a,2021,48675,D
a97a649d-044f-408d-8a73-d2972b13e0dc,2021,86326,D
757f817b-4ccc-4e05-ae02-a4b6e1f68f9b,2021,41238,D
b3ddc079-3775-4080-935b-b71146184a6a,2021,13277,D
6df51e8d-b4a2-4135-8de2-41dd42f52c80,2021,20030,D
322ae34a-5781-440c-9da5-83d0aaf2cc1b,2021,117022,D
e63438bd-2834-4454-98fe-8b3a6fdde334,2021,9440,D
5cf869a8-d78c-4e83-bdf8-fdeef14a9843,2021,1032473,D
23867032-15a2-4aca-b36e-c3405fe4b606,2021,1283028,D
5260d66d-78c1-4ecf-8bd9-48f7e23f6f8f,2021,56172,D
cec57495-9654-486e-aa6e-dba3a6755109,2021,117022,D
04d1e252-888c-49e7-9cea-013f2abaf1d3,2021,19047,D
de222302-58cf-4e9d-9497-07778ad3611d,2021,106996,D
6072a797-5d0e-4abc-a2f3-e3e0c05f06d9,2021,20756,D
f0040485-54e6-4bb3-9881-1fb187b49c5f,2021,1190071,D
78701950-9680-41aa-895e-7ab7e1f0dac4,2021,22047,D
959e9679-19a3-4b7a-89c4-3f068a9dec5e,2021,1376181,D
1da41209-f9ae-43ea-b0e0-85fd08bc27af,2021,20030,D
ea710df9-5849-417d-8a58-61a422e7fd82,2021,99820,D
ba7774c8-6b2e-4bdc-a07a-c73ec02957f0,2021,1108692,D
13a8825b-d281-44bd-98b8-2ff95d5dd457,2021,73519,D
c2f2b1d6-d92a-4a64-a2f6-3227ba9228e0,2021,108660,D
15ebd8e5-736b-4669-b231-6bf041404d36,2021,13216,D
91290153-bc64-4d2a-ab0d-9fb1e2a7237c,2021,19047,D
bad4c497-38a0-49ef-8528-f844f3624135,2021,113455,D
7af987e2-7b5c-423a-bea6-b298696f5232,2021,107360,D
077c4b1c-0784-4b52-80e9-11df43a06ac6,2021,101830,D
a3001e0c-8902-4576-a0bf-31308f087065,2021,20030,D
bcb7bdd6-3149-4daa-ad6d-df51cfd1b41f,2021,47505,D
e00c88f7-bb74-4a25-8ea7-0e24d2dd08f4,2021,1190071,D
d38c82eb-344d-439b-983e-96ea7e4b4f81,2021,46377,D
21b0e48c-1e52-43af-9440-dab8cc08b3cc,2021,5000135,D
c9737dac-00a2-41cd-9321-b83fdc056ef6,2021,968,D
e0dd7d2d-b50a-4cc9-9eef-e6a79a3c9017,2021,108660,D
03ee7fba-901a-427f-9905-9c14c8bcf722,2021,1190071,D
56ae5e90-d6e5-4907-8308-b305b1f8759e,2021,106167,D
520f54ff-cdd9-49ae-ad45-4ee50a49a4fd,2021,57606,D
fc5001b8-709b-462f-8379-d7c2e61ba0be,2021,1351760,D
bcd0e825-70b8-479e-b552-28ae24f344c1,2021,13595,D
771cb52f-066c-4a44-a632-82fd833bf48f,2021,98595,D
4261eaca-a706-4fa6-951e-011e74624a6f,2021,13595,D
d7a94b99-96eb-44aa-b3b2-6c98d84e2fb4,2021,13446,D
15f59c7c-ac5f-4739-beae-3947c2b163fb,2021,1267543,D
886af8e4-1f56-4398-9ae2-609491da062d,2021,118420,D
6e9bc9fe-8d36-4850-9217-0db13f7a5b86,2021,1322665,D
14b1212b-c660-4794-a7a2-c7d32b183568,2021,18683,D
ebc34dd2-2ee5-4939-8c10-cf82c0b0cc48,2021,98595,D
ba4a3d5a-6790-47ba-9a6e-261c9ae05e4d,2021,64664,D
61ed982e-2caa-4c2c-8c88-135a86bc6398,2021,47051,D
34eb8321-a5dd-423f-b2f6-d5a1dd5b9898,2021,13595,D
cf583d91-d891-4900-a318-2e8339daf3dd,2021,1132918,D
2d07431f-d151-41e6-a3c1-10eca4c47854,2021,117022,D
331b9865-fa66-4d69-bdd2-150ab1afcb8e,2021,1272079,D
e1906d2d-5719-4d2a-8f25-e182af5e8896,2021,50981,D
63b802eb-79da-4f94-9f53-d50da775376c,2021,317,D
b9d75c71-e499-4f79-bf3b-0e20d198c68b,2021,1269545,D
d238822a-5042-40b5-bdb0-de5f985c123f,2021,47069,D
90e81946-5a1b-467d-afbe-1a96599f3417,2021,98595,D
f536deca-d431-45d5-9359-21c4c797ca8b,2021,1190145,D
41f40ff9-6550-4814-9298-c7c985b63851,2021,99820,D
24d3f771-cef0-40e9-b05f-1123e42af67a,2021,1267543,D
ab571d18-c95b-490f-8412-2d6168f0d0f1,2021,47051,D
74840446-55c0-45df-af18-181d84362388,2021,1136142,D
f40ff408-3528-4c8e-88d5-004821e5aa0a,2021,98595,D
5dd40f81-cb27-4665-b821-8973d8d666e3,2021,47069,D
5eb1ee15-115f-40c3-bfa8-f39117f6fc02,2021,107360,D
168e2261-5485-411c-9c19-7d723b0b8cdf,2021,1288839,D
594ee8cb-ce35-49ae-ac95-8f84380b7fc6,2021,13401,D
3f924127-7f1b-4df0-86e0-0a195afa82a8,2021,53331,D
29f8a01b-c772-4c92-bfb4-4c90f46ba04f,2021,91181,D
3a70ad78-4912-4372-a246-951902634d78,2021,47478,D
4f59980d-bbc9-4ad4-a26e-7d33cd3cf293,2021,107360,D
aee7f8b2-917b-4106-8ecd-dc510959d6a0,2021,49054,D
d7614f92-d9a9-488a-8287-6e9c9be2023b,2021,98595,D
f075094b-9237-4f65-aa0d-e35016e66b81,2021,91181,D
1c7bf734-5555-4749-abeb-e49858117ddd,2021,1139692,D
03efabcc-879b-44c5-83d6-6ebdfc3eb548,2021,11452,D
44f45dd5-1eaa-43db-931d-8c6524ed6241,2021,1267543,D
eaa34c37-c833-403e-a663-548d22d230ad,2021,98665,D
fcc0a4e8-036c-4f83-87b0-bb28c2c0b8f9,2021,1299927,D
cd88389e-5b79-456a-8424-545e1183f394,2021,1314243,D
be9911ce-d756-4769-ba86-bc8fc6485342,2021,20239,D
26f74b50-a7fa-48e6-9b01-0b224d480131,2021,113813,D
03b0d026-17af-4d7e-80e9-f893e6903c4a,2021,98764,D
f8cae6fe-72be-448a-8f85-541e64eb7293,2021,317,D
5d77e544-e7d1-45f0-9a82-96b82dc1f466,2021,968,D
8274e3da-dceb-454d-822f-762afa34d924,2021,40343,D
16670235-a6b5-4cdb-9d05-58472a0a1b25,2021,13595,D
5e7994ed-1c83-4165-afce-2caa7f9d8703,2021,118420,D
bf204f1c-9f4c-4e83-b530-a7feac9d61e5,2021,94762,D
7a35c515-ab9b-4976-bb09-cb40248b0428,2021,317,D
c2a04263-b953-4e11-ab28-81ee3b5835f1,2021,97778,D
30b08768-4b81-4414-8f95-31aa41d73682,2021,64664,D
bdf8fdd7-c8df-4750-8749-f5e92a2044e9,2021,94762,D
60f63422-2c2a-49d2-970a-f7548b8bd954,2021,62484,D
bd064fbc-334d-4a85-b4e7-018271784ee5,2021,1103723,D
5fe89bf4-4486-47f8-b51e-d396e20542f9,2021,107360,D
68b2e097-1b5b-40bf-b595-22c172efeed7,2021,1315444,D
b19f7e6f-764d-49d5-8403-1eca70716ce6,2021,117532,D
064dcf24-6af8-43eb-8ba8-ed56e42837e1,2021,1272079,D
0f9fa90c-85a6-4f5f-a041-01ea03a478de,2021,13980,D
a1cbd76a-201b-4d5b-9c25-320791e5e626,2021,18584,D
8655cd22-8f48-4340-838d-29164ce53a66,2021,67092,D
bd316043-7a17-4033-bfa3-0fe9fa2d3fa2,2021,13401,D
2cee9d3b-311e-49d3-bb1f-9ff7e32c4bd1,2021,1047907,D
07ae5343-266b-4c48-899c-5d9cf673c630,2021,98595,D
aa85b175-40d6-4d50-8161-a7777834fc58,2021,106996,D
a3669267-64d2-4e04-b201-24ac03af0fa3,2021,1166783,D
917f5021-3eb4-4a86-932a-6504ce20006f,2021,90030,D
90f14f5e-8269-4099-86a3-64105a17167b,2021,102590,D
8696b5e4-f27a-4512-97dd-ba964df5bada,2021,13595,D
ed5de76e-03e1-4cbe-aa09-d66e6105291a,2021,1148708,D
704ba387-91ca-4bd6-8769-07880b2a4ebd,2021,95017,D
0097d8e8-b0d9-4e60-b606-0ac04a388b5e,2021,1108692,D
deadc0fb-7f75-4b14-adb6-203a1cbb3abc,2021,95017,D
93b6fee5-b658-4c74-a36d-2bf68a3f7ec6,2021,19047,D
0a726c8f-bdc6-4869-b4d1-50ad5a54da3a,2021,13401,D
f1240f46-77c1-4d49-9fbd-945627272852,2021,107360,D
333ac402-8846-457c-9540-90982ac31b4d,2021,13401,D
6c086864-023a-4f68-b426-99934c311787,2021,1306689,D
9d5f9bb9-81de-4b9b-802a-9157b9141244,2021,19047,D
35119e66-a755-4957-a2c1-c2f473836eac,2021,13216,D
132c3ba4-9145-48a3-a2f4-3a28e84dba23,2021,1103723,D
e4f02a17-a8db-482d-a3f6-dd2cba992e70,2021,11730,D
468ae2b7-346d-4b1f-8c9a-d58c6d4580aa,2021,1136142,D
6b6a04c2-eb0c-4350-9a72-73a521c66d5f,2021,1136142,D
a2226345-9cbe-4ecc-9721-bacea1fa8c7b,2021,1102628,D
2aaa3bbf-414e-40c4-ac48-d6801c90efa6,2021,1204325,D
1b43b5d7-99ee-4e15-bfec-0be16bb99f5e,2021,62484,D
04137684-39be-40e7-87f0-e9f56f76c3bb,2021,1267543,D
66765494-0bc8-4b03-bfa7-a5950a56c531,2021,1351760,D
24e12455-e718-42b9-b764-4499a233e297,2021,1148708,D
8a9f2c01-ce4a-4ec3-80b0-71b91121a6ad,2021,11554,D
8ad0819f-89ce-4cc1-b2f2-c18e6e171e4e,2021,1376181,D
4becf460-ef18-43f2-b81d-fb0d7c1f0edc,2021,1190071,D
fadfd5f7-06a4-4701-983b-6bfeecf8891c,2021,12313,D
fa83ed0d-be2c-4b4d-ba61-d5f20f72a4cd,2021,2209,D
a9954383-a768-4350-886f-44667e961ec4,2021,20933,D
9b735e6b-893f-41a8-a822-9bc6f4767d33,2021,112086,D
3b98950d-a97c-4998-9062-5f33db4e0221,2021,13401,D
f835069b-09f3-4531-bf7d-d0dbf644bba9,2021,107422,D
6069766f-2e07-4515-878c-a701b678c401,2021,1101244,D
03963654-1505-42fd-819c-8a6ef60c409a,2021,101942,D
91c31bae-53b8-432b-b9aa-e269530ee39e,2021,13277,D
86d7f2a2-d914-4552-a109-c3c62e246be2,2021,13980,D
4f03b57e-01d8-4fc5-8693-35d7414a5fbb,2021,40343,D
f5b49129-305c-4cbf-9472-231109cb2f1d,2021,18584,D
35a2ca6b-5a3b-4651-8223-bb2e0eb0fc87,2021,86326,D
49793551-354f-48c3-b79f-ee5455b78d5b,2021,67092,D
a9a17c06-f126-4b9b-b68f-a364a6a86f67,2021,13595,D
f25c2ef0-fec0-4106-b940-4eb1ef0c7849,2021,98595,D
aeebbf62-e2ba-4e7c-81a9-656702b81b05,2021,1101244,D
98fba8e6-36e2-4559-9d32-63f178c89f53,2021,11452,D
b98a74ea-de6a-4dde-9841-715f4e95ef67,2021,11452,D
a82835a5-9879-4448-ae0b-91407639de77,2021,5000143,D
44ed8f52-f59b-4537-9131-db9e65ef2a52,2021,18671,D
3675cbb6-9c0c-4d6b-9649-063c0d278127,2021,83388,D
4f38d21d-f2ef-47ee-b4da-7fb7dc8f8299,2021,5000135,D
b24d404b-6055-4855-9df7-5c45e750b963,2021,2209,D
add7afc8-a790-4aa4-be01-968a1cfb91ba,2021,101942,D
5f8b93dd-97c8-4233-ae82-945770f1be33,2021,13446,D
5286cdab-aa69-4b7f-b08c-d45f181e948a,2021,1148708,D
9c5b7f97-675d-4fa2-8865-927a0128ca0e,2021,1379275,D
fd8960e1-cf1d-4b90-90ee-b4b5621885c1,2021,53331,D
6993970b-0e9e-4541-b786-4f7bff062273,2021,1136142,D
32c5efd7-762e-4b11-915b-b31ff74e7970,2021,1136142,D
b6390572-5748-4228-b368-fed0b666853c,2021,37862,D
ffda28d8-98e0-4371-8b43-6ccac2274662,2021,94762,D
bf949209-1288-4c51-b066-4bdec8f2a204,2021,1322390,D
e67afb9d-36ce-4ab4-886f-cae1ab04ebec,2021,46377,D
6efc3913-33ab-4570-8790-9cd94a850d47,2021,50981,D
8853db65-052c-423f-a7e3-2853bc6e801a,2021,11730,D
eac2d796-2b45-45ee-a387-8bbcfc752621,2021,19047,D
d9625949-77bb-4755-a0bc-243ac9c97a1d,2021,5000135,D
6bc19afe-17f3-46fc-b6b7-30af89969398,2021,5000135,D
93767a10-3473-4199-91ca-9887d486ebdc,2021,64664,D
e00475ea-7d03-4501-8850-59dc2370ae4c,2021,1166783,D
03c8b6cd-7ed7-4e22-b184-74b2cb5c5e65,2021,513,D
bab055bd-14cc-4398-acdc-d5c7982a0b09,2021,11554,D
54ef65bd-caed-4c4d-baad-f4c7f4476141,2021,1314243,D
763e3464-3273-4fa8-9faa-95ab276a6014,2021,95175,D
26392801-74af-42ec-9c68-4e159827ab94,2021,99820,D
80831e3a-89c9-48ea-bd24-6fe2f10a3740,2021,113455,D
819391aa-5e40-4769-b639-e58d3d9c06fa,2021,1258063,D
e4d3ecda-bba6-4ce5-b2b2-d29256ffaa15,2021,94762,D
089bb549-3e2a-4419-b60f-3860ef42bbac,2021,317,D
02af9809-4385-4ee2-92ff-e6a0ee0ee1ee,2021,1288002,D
a8a5e542-5edc-442f-a651-6e4ac27ef77a,2021,968,D
455e3227-834e-4029-a030-d2bf1a3d7282,2021,5000143,D
dd8d0de0-c6bd-46ac-9411-e2eb6f2844ac,2021,107360,D
be9581e9-8b7e-47ff-a8c3-2e80238ff92f,2021,1306689,D
2482ac6e-c895-458b-aed6-8fc107eb3ab0,2021,1315444,D
6976dc9e-ff06-48e7-ae73-97ff8f7412e5,2021,58808,D
bc8be7c0-1152-41ce-981a-152fce046005,2021,94762,D
24658ccc-8576-4cc5-9f60-843a667906a9,2021,50082,D
3c1e5673-1801-478b-8f53-d5fdb2682c66,2021,18903,D
ba9b8de1-5e4e-4643-8b34-fad199b4b041,2021,2209,D
c635049a-252f-4596-a805-92ccf63102a1,2021,1265453,D
a99d389e-c04f-47e5-9609-8362cddb37c6,2021,1118057,D
8906fa71-457d-45d7-84f2-58d09bc53904,2021,1102628,D
dfec0e44-6e25-42b7-bdb5-418134df45fc,2021,1269545,D
f110cf47-ecbe-4cb3-b482-f24d0cc8b04c,2021,13446,D
511df4dc-3c7a-4090-b07f-68ebd4ca5dd6,2021,98595,D
a3b83f0d-d0f1-4920-84a3-f32161606faf,2021,20239,D
ee44b889-5349-4575-bc84-4bca59eb6754,2021,88084,D
10919556-f2a9-459e-a478-9a536aa3766b,2021,94762,D
7ce58280-164e-4e47-b8ad-1ecf6233214b,2021,1283028,D
ce6e94ab-426b-4f6b-9440-6121349a7501,2021,49071,D
ea8858f6-0e38-4153-a13f-61d00d48127a,2021,18671,D
ee2bd2c5-9243-4d11-b0e8-17544b194e21,2021,103062,D
aa6a26e6-de0f-4d96-88b3-033a49393cc8,2021,62484,D
47daf282-b7b4-44f7-abc1-8766895f0f2e,2021,1269545,D
a3885927-9dc7-47c3-b71a-4475f9a839e7,2021,13446,D
48192490-47f5-4c6e-aa4e-64c769b7d728,2021,49054,D
df65f67d-db6d-4c47-8718-190c5c8b042d,2021,1314243,D
d417ffc1-177a-40cc-9699-c3e4642c1b18,2021,114616,D
b2eccad6-dbc6-44b4-965c-f7ff0a92d793,2021,1272079,D
e059f750-f577-4865-b7de-0fbb92f57ec4,2021,102590,D
d51ca794-04d7-490b-b6cc-59e13b84de35,2021,107360,D
601e9c46-7b8c-4c5f-bbde-f42ee6cd40f3,2021,9440,D
accd4628-d58e-4ad1-aec1-316a0240baca,2021,1136142,D
cc359ac3-71d1-46d9-9f29-fd8153c81698,2021,95017,D
1c121f45-50b0-4571-b705-2e90b60aff94,2021,40343,D
42099494-2a60-4683-9f58-f4b96e254e26,2021,108660,D
86b0f5aa-1f0b-43a6-857b-846704fcf039,2021,101942,D
9a859791-4376-4fa2-acaa-c30d8354efd4,2021,47069,D
9fe0937b-7256-4bc9-b539-caca883322b4,2021,41238,D
f19ec96c-447c-4987-b37d-30f8ab8a5964,2021,48205,D
6be37419-9542-4f47-9877-aafa3f7e8955,2021,43664,D
8009e48e-4e14-499e-a62c-4b04ebbdd59e,2021,86326,D
201eb3a6-ce40-42b8-8f43-2df5a51d9c4f,2021,118468,D
56e93dfa-5da5-4cb2-b254-e92a14f3dd66,2021,107360,D
881acc3f-d15c-4a16-97dd-108ac43d0a57,2021,88084,D
b789c0e7-78b1-48aa-9d48-3bd7841a2a64,2021,95175,D
cb61a97b-90ef-4e3a-9cb3-f7539e9eb7cf,2021,11452,D
cf887683-c14d-4218-991d-e17393a83f96,2021,1385942,D
7caa7a05-52d2-47f8-9dc1-e1bffff7b081,2021,317,D
1872dcd7-cd0a-433f-93ee-8df6fe6560dd,2021,1288002,D
62ecee32-5f57-4d69-aefc-e99f27d61725,2021,1190071,D
1b11ef6d-c953-47a1-a1bf-2abf4353f1d8,2021,1427745,D
a09dd03a-ec60-4720-9456-7cee2cba230b,2021,55402,D
db20033e-8adc-4253-8511-185a4505d8a2,2021,67092,D
aab09274-cd5f-4e9b-bea4-874cff65cfc0,2021,41238,D
cdcc06ab-6440-4c65-acb8-0c87e5e04fa2,2021,1330347,D
27d7e450-4215-47a5-9977-d64cb9cfb3e1,2021,1376181,D
ff073e55-a6c8-47cb-890c-53e64ac7bd0e,2021,1166783,D
25c4daa4-52e1-468e-9c60-b8cc63b56afc,2021,1118057,D
37d64313-f034-4b66-b7d2-cf552385d52e,2021,98305,D
739a65ce-bcff-4e25-bdde-032cb51a1023,2021,67601,D
9c2991dc-a3cb-4b37-b972-813a5973710d,2021,1047907,D
2a09a5b1-dbef-4f10-a022-784e58c3ae84,2021,87396,D
afdc3efe-2a0a-4344-ad34-aa2fe3876fad,2021,1270596,D
260e6d4e-bb25-4a34-988a-118c31236d86,2021,106167,D
f0bde383-eb50-4cd7-a0d6-53ea3c2a4fca,2021,18671,D
20688d6c-8757-478e-9d57-866fd7dcdeca,2021,103062,D
3c834cc1-bc9a-4d3e-8d4d-64cdcf6d163f,2021,317,D
f26e182b-5b33-4d37-8860-fecc828a9d93,2021,9440,D
46ee815d-7e9c-4cdd-9304-a18639a1e026,2021,101830,D
b80aed54-340d-4d94-8b56-faf015ef3999,2021,99820,D
de04022f-f953-42a7-a727-1db6ae1ce5da,2021,94762,D
4cfbc7d5-6c38-4286-b7b4-305d069f27de,2021,94762,D
86afc714-f35c-4321-8a56-354bdcf424f7,2021,40343,D
adc57d98-613e-4ff9-90be-60a3a1a4476b,2021,18559,D
b61ba184-6cea-47c1-8a50-07f5ed702d00,2021,13595,D
54f52e23-bd65-4b62-a963-ac372e3ae6c5,2021,107360,D
fe2b56f7-9638-4666-94bf-6a50477684b6,2021,13446,D
6cd35302-1ae6-4c95-b3e9-85cb9bec2b99,2021,40343,D
c2dbbb97-bded-416b-b7dc-77e492f59eef,2021,47069,D
5932ce2b-34f2-449f-a018-7171b11210ed,2021,118420,D
3422e40c-a464-453c-a8cf-6f5b7ad1fd0d,2021,17898,D
f5d9ce2e-20c1-4768-9719-7ad9d1aa6b0b,2021,95017,D
1ddf40e6-457a-40c3-8453-b0d294e2ca41,2021,108660,D
e10ccf17-073f-489c-b945-aa755304b417,2021,1190071,D
d319fa9a-c4ce-4856-bbd6-1ade792ecb93,2021,118420,D
26c3bc7d-6642-436d-95f2-89c3f219ca29,2021,101830,D
36595b33-686a-44cd-8438-0ab7cd23e515,2021,98013,D
3203a470-2e89-461c-8be9-027e8afc3137,2021,18584,D
ec833427-a43d-4aa6-9ad0-bd60df05612c,2021,47051,D
b856bad4-9e24-4bad-b7ba-ff5cae904fe3,2021,106167,D
d4647e16-edc7-418c-ab94-7ba86d1ef5fd,2021,50082,D
87b0138c-f071-48f9-b3e7-abceb6ca9067,2021,117022,D
77000a80-c3f5-48c7-9aa3-0df7530ac463,2021,53331,D
639273c8-c420-4356-8837-a1b59f2f2d3e,2021,1376181,D
0246bb83-d7f1-4cec-b963-954808f76627,2021,10515,D
756e2f89-ceb5-48c4-925c-fcfeb5d5aef8,2021,18559,D
83f519f2-c548-46dd-a244-acb552f91106,2021,47069,D
6601f2dd-115d-4d6e-adfc-8d203da86454,2021,37862,D
704e1596-19c7-4718-923b-6cfe6869ac24,2021,1314243,D
43df8999-1e91-4bdb-aef7-5d4a88a75e26,2021,1204325,D
eb271733-5633-490d-89a3-88c234f6994e,2021,1190071,D
66dac331-e0e7-4126-8e26-573b9518971d,2021,118420,D
8954b43d-d79b-4908-bb01-20d1f7ae71bf,2021,106996,D
39217a99-50d3-4bf6-911c-d0f9760ea500,2021,55402,D
242484a4-6c6f-4f64-b71a-280ffcc44c04,2021,98305,D
4ca41fa4-d844-41c6-a499-5b32ca8013c1,2021,13595,D
75cd79c4-8ab6-4093-a278-3dca3cb37f91,2021,13446,D
77a5b1e8-64c7-4031-b466-07659317dd45,2021,94762,D
9e4284ad-2722-4bf8-99ae-4283f24727f3,2021,98595,D
5ee1d05b-daf7-426d-832e-f740bf3c8304,2021,9414,D
a293f4ca-78b5-4da0-9e2e-e31fd99a37cc,2021,97443,D
179b8605-58c9-462a-a6a6-91babbdce265,2021,1190071,D
cd211033-61d6-4f38-955b-b13c31d7f339,2021,11452,D
e4eaafdd-e634-4f94-ba10-1f7a386fda45,2021,54934,D
16cbe717-b8d6-4806-909a-60b5551c46f4,2021,11554,D
cb5dcece-2b0f-4e8d-a91f-e7569243bbe4,2021,95017,D
f214b4f3-c5eb-4fde-b2e7-0ae958d94f4d,2021,1190071,D
ec643d47-9848-4825-9d8a-9e2119a44029,2021,1270596,D
56c84479-6b2b-41b9-a13c-59a64f2e0033,2021,1181115,D
58169b3d-5968-4b26-bd50-bba3208f1dd9,2021,5000143,D
23cecaec-424a-4bd9-be23-b9e29bde5152,2021,1136142,D
55b47f50-a63c-4e8c-8ba1-63fa6da56d3f,2021,107360,D
88f0b048-5e0d-4a73-9f53-cd0e6f201e2e,2021,1376181,D
6c159634-7fcb-4e4a-aafd-dee5e5a7e842,2021,62484,D
fadfec58-5ddd-4333-ab8f-f87582bdbc22,2021,55777,D
4257d7c1-babc-4148-9024-c3836fb6e29e,2021,54934,D
545fe88e-e10a-4f13-b587-20da7673e20c,2021,94762,D
fb6b9b6d-5223-45da-b191-5dfbf734b7d7,2021,1136142,D
142b613a-d447-4f80-b3bb-f26860674cc1,2021,97778,D
dd26bd66-87e6-4c96-8121-2cd388156121,2021,90030,D
63ed20d9-e970-48c7-b427-cddd130e7189,2021,118420,D
d00e04ba-c08f-4ec0-810e-05dba529404b,2021,87396,D
3767532c-f807-4553-bec9-8b92d5b2c90d,2021,20030,D
0d44f6b4-dd62-42f6-9cf0-7e70a9ccda85,2021,1101244,D
ca5f32a8-96ed-41e4-bca9-eced964d27c6,2021,20239,D
eacd6be4-1861-4274-b80e-13c70d5c4542,2021,2209,D
6d40e9a8-85c1-4a91-b7e1-6ea8289689c1,2021,317,D
5222b03b-3a83-4cc7-82a1-713607e36419,2021,18559,D
43308b03-73a1-4625-96e3-dba1e95ab9a2,2021,43664,D
95d08923-6ddb-4978-862f-c645e14674b1,2021,48205,D
8f815365-b5a9-4e7a-8315-2c6ad7c6cd8f,2021,1258063,D
0642e089-0e39-4004-88e4-7cc99651fb31,2021,51020,D
7970031a-35b3-428f-9045-7de9c7241a83,2021,1139692,D
333d73ef-c809-40c3-bb08-b9190138ee7c,2021,13595,D
f005537e-f871-4086-bf9d-db6b011c8fd0,2021,41238,D
fb13620e-862a-487f-aa60-b303f5c3f79c,2021,1102628,D
5fdaf20d-44e6-4501-b45a-d3bc37b57d85,2021,1427745,D
185b7306-b74a-4698-8e1d-f377e4b3a2f5,2021,106167,D
d70262a7-2e83-417f-95a8-41b07a905b32,2021,1385942,D
667def32-ef1b-444b-ad5b-d826d044c093,2021,13216,D
0e782f61-c057-4514-9011-56fe62a017a6,2021,118420,D
4bcb1a6c-ab26-4259-8dfc-62cee7cd3fb9,2021,1427745,D
d679e60b-5f4c-4b12-9bcc-1623f9e40119,2021,1427745,D
3b236d07-ab7e-409b-876d-1cdf725a0955,2021,117532,D
f51de6a5-b8eb-4ad0-96f1-2ed9d16e6218,2021,13980,D
897f8386-7b47-497a-adb7-bbee2c48e206,2021,118420,D
c92f543e-5435-4743-95c3-870c7d44d45b,2021,20030,D
d565bd13-61a5-41cf-a199-d313a31f6a64,2021,11452,D
0cd4d104-9f7f-4cd0-ad82-3bf15600b1df,2021,1351760,D
2eea39c3-b76a-4742-8f83-80f1d0cea369,2021,118420,D
e417ff98-fffb-481f-954d-698c411f1bf2,2021,5000135,D
92def137-478d-44df-916e-11b07cd53b16,2021,2209,D
cf1eacc0-9893-4f08-8342-2b48bad3371a,2021,317,D
90021549-316b-44d5-a385-9f0670f5174d,2021,55402,D
8905a98e-62b6-4ade-98c6-f259af958eb3,2021,43664,D
2e089106-5592-4818-a682-b003cc3ad5dc,2021,5000143,D
e41f0632-96d3-4532-933d-2d70746ee5fd,2021,1136142,D
817dfa2f-0b18-400d-8296-0c06d852c920,2021,97443,D
f6de8af4-a794-4949-ad45-d4afb4e3c1b6,2021,99820,D
4c5f4126-8659-4e0f-9b21-456f8290182c,2021,1376181,D
4b8a0c59-511d-495d-81d8-6224d1cd826c,2021,5000135,D
f77ab0c0-4cf0-4b91-9196-8411dbda39e4,2021,1102628,D
f57920ab-41e7-4e1e-9c26-6759776b4145,2021,55402,D
ddd8e9aa-99af-4c31-8f13-bffd0e36bff2,2021,13401,D
0968a593-c4d9-4fa8-b077-a878ee22a08e,2021,49054,D
334b5ad4-3c6a-4484-9a76-2b520692a5bb,2021,1315444,D
00251548-8393-41f7-b8c3-d2c84903668c,2021,513,D
dbe54f62-36e9-4783-9cf4-f8fecc43fafc,2021,13216,D
e9f1917a-f9d8-4345-9772-e067d78e0e32,2021,13446,D
4bf5c344-5176-469a-bd94-fb2000ecd6cc,2021,59122,D
7c495974-0d83-433b-96ec-d973bb321076,2021,64664,D
b1db65ee-f11a-45f7-9f9d-bbeff0754228,2021,118420,D
09741e73-8284-4bd1-87cf-31a3d8a8d81f,2021,22047,D
dda06945-63a8-454d-a951-4afa9196759a,2021,67601,D
0372f8d7-70f3-461f-ac44-dd472654543b,2021,11554,D
c1c2a6d4-5a87-49c7-a6ef-63eda2a27912,2021,19042,D
d63fd999-bd1f-4a97-ae86-5b6e5f212217,2021,1267543,D
cd5c87c6-c6b5-43e0-aab2-8ee2527ffbbb,2021,67601,D
d7ee7564-88a0-4dfc-afa4-6b322d965ea3,2021,107360,D
d16b275e-6ff7-4f15-84bc-a9b3713ccbcf,2021,13446,D
9c4d7b03-fbe3-4c83-a91d-fa0ccffb02ee,2021,1136142,D
254e8ee7-4916-4b56-a3fd-71603f471138,2021,11452,D
0149b7c5-0761-42a8-8733-ea4df9315acc,2021,49054,D
61b59895-1d42-42b8-b243-85de25e6bef2,2021,1265453,D
246853b1-2d24-4f4e-b7ce-daeee29d4522,2021,19047,D
f7168dac-cb74-47a2-a36a-2d7c7bcf3f06,2021,1283028,D
9379e535-7092-4803-8474-263a544fd749,2021,1376181,D
c4d4d6cf-fdcc-486c-bdf1-5ccc99925f7a,2021,2209,D
bd07c300-0685-469e-838e-fbc81a0cd7f8,2021,99820,D
034104e7-a0e2-4ec8-a037-5b6d205fd8ba,2021,53342,D
54d78189-3c71-41ac-a1b1-d23f6131ce76,2021,116770,D
385be2e8-a28a-4035-aa0f-a73659afc2ec,2021,1330347,D
abb21740-88c3-4364-980b-c6b9f0a992ed,2021,317,D
b9c2e320-8590-4a02-bf3e-d9079a7d4ce6,2021,5000143,D
990a5051-1936-4ef1-b651-619ac7bbfa9e,2021,1272079,D
c1d4c84e-e250-409b-a748-2390cdf1dc68,2021,20239,D
504e9da8-855f-4df0-b06e-0b91912343d8,2021,1117717,D
913e7fb2-bf4e-4a09-811c-948d17590b17,2021,1379275,D
ba46c989-6415-438b-9606-58b7383ee630,2021,1187671,D
bb4b45d5-2763-49c3-bef8-afeb0a9173b9,2021,1351760,D
ccc990fa-8ddc-47dc-903d-37d1c2aabf11,2021,1136142,D
ad73645d-c807-420c-9873-d7a8f4f1ac4f,2021,1136142,D
28b90bfb-0986-4c55-9445-66eefd02739a,2021,1288839,D
47a2ddcf-0c27-42a8-b8c9-4731bdb44064,2021,1204325,D
e0dc2e5e-bd95-4849-b885-73856762ec49,2021,106996,D
543055f2-6c65-4771-aa56-134da93e72e2,2021,1533190,D
c311aa5f-9e7d-4e00-96dc-3c755be2a83d,2021,103062,D
6c43b359-d945-44d7-ae8b-2bd0414a5289,2021,18903,D
46521cd5-405b-443c-a42b-3aaeb05bfdbe,2021,1102628,D
dd7ec6b1-96b9-48d6-9995-22d508209051,2021,13401,D
027b28d2-5f95-4aae-a981-c103be40d3f7,2021,13277,D
ec24555c-d4b8-4436-8e57-3263a203fd81,2021,62484,D
5b807c23-76ab-47d0-9d74-26c1c8321dc5,2021,20030,D
ce28c29a-eb27-4fec-b317-89c7922bc388,2021,1190071,D
de3631e6-8726-4b05-b2d9-2549e126fbdb,2021,1318224,D
8e4e9e72-b58d-4ce6-b005-356c884835ee,2021,103062,D
b3883304-d8c4-4a02-a9ec-6454313376e9,2021,1288002,D
ba3feb03-1ab5-401f-8bbe-14a101dabeda,2021,41238,D
4a331514-7f3a-4275-bf47-307a14432f15,2021,49054,D
4a5b3487-40b8-428a-b7f6-d80a1e59639c,2021,1102628,D
8265f617-2f00-4d43-8812-f43aeba53bcf,2021,1132918,D
75ec1779-c429-47ad-9db4-7fc194eaae84,2021,64664,D
004f68f6-c36e-4621-a700-ed4dc0e8ce08,2021,117022,D
64ce42ff-13a1-41f2-b1c4-544d333bdcaf,2021,37862,D
105ca943-6f36-4c57-9348-2c3ba163a37c,2021,101830,D
f1bad191-41af-4f5f-b520-52b7af9a1971,2021,1283028,D
65fe3647-1977-4191-8a28-81cd4c39d002,2021,117532,D
f9c3a013-cc4a-4ba4-be25-6275a685fe65,2021,317,D
e88e982b-d140-4fa2-8891-34abe14be871,2021,62484,D
829660a0-7af3-49bd-a62c-391ec76e8f04,2021,9440,D
03617d44-c959-4df3-9092-fac8e6754b6c,2021,1314243,D
ec7763dd-49b2-4bbc-b86c-b35ce0b6e775,2021,1314243,D
5c2f7bc0-7bb5-41ff-924d-d830d2726a3e,2021,67601,D
fd60b8f2-a0a0-47ce-8cbe-c9199529fb62,2021,1132918,D
4c4ae265-fb2b-4997-8e31-5d1e3dd30fc8,2021,1101244,D
2e140b59-3634-4e6d-a754-f3373e3cdeac,2021,116770,D
629a33d4-e6fa-40ba-9423-badbd1bc35b5,2021,20933,D
222bc831-0ec9-4667-9616-0db5540668ee,2021,513,D
d6446440-d035-48bd-8dbb-98768e764059,2021,94762,D
eaaeb63f-44b2-4253-a504-900cd2147823,2021,1132918,D
3ecdfed9-0828-44f8-b039-f3dd8ca02d3b,2021,116770,D
cbf473f5-9306-4850-82fd-2a16f97f9cdd,2021,18671,D
75bcf801-c151-4737-b368-a505deeaef01,2021,1148708,D
5655e027-caaf-4ade-858f-f4922550b4cc,2021,53342,D
59b6d61d-ee88-4e95-b514-3f95028d1323,2021,13980,D
a2097f9f-be26-48e8-aa22-287eebe20d1e,2021,1330347,D
8337477e-25ab-4c30-a50d-fd8ba455d231,2021,103062,D
3148694e-6f52-49f4-be9b-35554fd3c752,2021,18559,D
1d7133ec-6ff4-4157-a781-ad67a2457aa8,2021,13595,D
9fa7e9b6-0f66-4806-9e7a-211e6b38c250,2021,13446,D
fe3f813c-b7b7-4e0b-90d0-ba7bb35d71a2,2021,18267,D
0fb46032-9c94-4143-9f49-b3bc533e1a0f,2021,20030,D
b7b0d4b7-eaad-49fc-95fd-a984d3ad77ba,2021,1306689,D
11fbdf5d-b1af-481b-a872-1c57f8b4dd1e,2021,317,D
f687bcbb-03ec-4d78-899b-8b841a3d1e17,2021,13595,D
c6b93a93-56da-4684-8b5a-97be92be90d0,2021,1136142,D
2a5eb9f6-a0e2-4091-9d43-55d9ecd7621e,2021,513,D
38df3809-3587-44d6-8681-77001d553734,2021,98595,D
ff17569e-424b-4a0b-85f3-544e9038fc33,2021,117022,D
2166b659-f278-4a4b-aa47-e9013193900a,2021,11452,D
72247b81-3e02-4478-8d1f-a4302d98b850,2021,48675,D
8fd747b7-cede-461c-ae81-df77b214280d,2021,317,D
7cc12937-bfd5-44d3-bfd1-d1100fbf14f6,2021,108660,D
904340d6-49a1-404d-a98d-c1662546838c,2021,98305,D
3e0cc16f-61fb-49a4-a0c7-dae5002e9934,2021,37862,D
984228dc-f7b4-414a-8f8f-b00a083ad884,2021,1070485,D
2192fd1c-9c43-43bb-980e-8f9be221a73f,2021,116770,D
20d5439c-f411-4488-8c70-bc224baf6b65,2021,18559,D
2fe078f9-11a7-4e33-8bcc-1be8d6f3d4ef,2021,47051,D
b60f5b2a-516f-4f63-bb77-75fe2cd18bc9,2021,83388,D
3bf8c755-cadd-4b37-ad89-aff369564b84,2021,11452,D
64af917d-f820-4344-b163-eb5ee5cd00d3,2021,5000143,D
593211b8-5f24-4d32-9a47-18a5ad3fa415,2021,13401,D
192ec94e-13a4-440e-90e9-5215919b591f,2021,13277,D
c902b7a3-9178-42cf-a54a-a7ae894bc810,2021,64664,D
56091e4a-e39c-4e14-bd2e-3412c3aad91d,2021,317,D
a938595c-c46f-45c6-99b0-bee4e631c69e,2021,59122,D
0b709e5b-1362-4391-bb8d-7466a1e77c20,2021,1300429,D
4dfb399e-b907-4656-ac72-d97562cb518e,2021,13401,D
f5355672-34ec-413a-8e40-d8d3e62a1331,2021,18671,D
70bbe2cc-832b-43db-a818-c04a7b8193e4,2021,13401,D
1b8d1582-205a-4c4b-8c74-97e3a29d3bce,2021,12313,D
48a1334e-a449-4594-ad71-d60d432b90e3,2021,1283028,D
3358da0a-44b6-4623-af69-4b4ea1f79ddd,2021,97443,D
f9f6a5d2-f11d-410f-9945-29eaf3231d75,2021,13595,D
2681095c-25a2-4086-98e9-43b56f4d7fa3,2021,47069,D
9cdaa223-a2c2-468e-9bdb-40370c3da818,2021,88068,D
4bdaa866-3e0c-402c-953b-5153271439ed,2021,1283028,D
117d7466-dcb6-4ab8-8145-65aa750ff4dd,2021,59122,D
c86833aa-d065-423e-89a4-6690f08dba9b,2021,2209,D
19419d70-d0ba-4342-9c4a-5cb3b88bae52,2021,1136142,D
ca036364-deef-4b7c-a8a4-9642572c571c,2021,12313,D
c9b7f1d8-faf6-4c68-8b28-16b89f25a4fa,2021,99406,D
e7792615-7836-40cb-8178-25aaaeff425f,2021,5000143,D
a77494d0-d056-42ff-baa5-0c1b2d04c0bb,2021,1267543,D
f9f0ec9b-b2cc-4b05-92ac-7abdc5f04ed2,2021,118468,D
cfde7473-05d7-4e57-b33d-b855494801d0,2021,107360,D
a2062fea-ac5c-4da0-b0cf-780843ce36a6,2021,113455,D
1c2f98d3-a126-4d27-bb72-3e8da0cecb52,2021,5000135,D
d83aea26-c329-4333-ad30-baf524f96e00,2021,95017,D
db41002e-b792-4815-9617-80a8a9643b4a,2021,2209,D
1cae3260-7f8d-4883-b5f9-74930f0027c0,2021,13980,D
87b569fc-e6da-4c7f-b97e-7e17b2d3c98d,2021,13277,D
5c410438-c263-4672-90a9-0fffb5418219,2021,1101244,D
f627588a-8dfe-4fd3-8801-30249334f024,2021,5000135,D
fe1ca67a-7722-4e63-bf9a-31db2bf76ea1,2021,107360,D
33e0009d-7cb1-4455-a22d-60f3b8bde963,2021,13446,D
fd3b397e-bc55-4624-8023-491e0de3fe86,2021,118420,D
6d41857a-3e4b-45db-baa6-d702b53e84ef,2021,11452,D
856a9220-92c6-4827-b607-fd864fa504d4,2021,2209,D
9416d963-e5c1-410c-92d1-c8f506501f3b,2021,1136142,D
e74729f1-f171-4627-8b45-17cfffcb505e,2021,20030,D
e35ae977-76fd-411f-bd7d-49f679d0df95,2021,1161716,D
c1d983c8-21f5-435a-814e-5799b73c2270,2021,968,D
530a8763-f18f-4731-86fc-f2a37ec3bb3f,2021,55402,D
4c62909e-0541-4a57-8dcd-7b9174106430,2021,5000143,D
8165f5e5-4af8-491d-8356-22eeda6ee3be,2021,13595,D
5dd5a697-ca08-4fa1-8f1c-59fd4547be84,2021,107360,D
f3bc7773-1f60-4234-9aab-8a9183066c89,2021,13401,D
296053ab-2678-40f1-b05b-92cd2c132eda,2021,118468,D
f36d4698-bbca-4009-a56d-dfdfc1476475,2021,1102628,D
3e747cbe-b1f8-49e7-88e1-6e60f651751c,2021,1108692,D
9ede53dc-9540-45e0-a0b7-25bd4109e28f,2021,116770,D
b50e58dc-6f47-45e5-8f4a-e13b055ec67b,2021,13980,D
07e360b6-b00c-457c-8729-77a1152a071a,2021,13595,D
a902fa01-f5f3-4c50-a049-e3c24ce6d7a8,2021,40343,D
202d39f1-99c1-4730-af86-42bcfec886ff,2021,1102628,D
92b98b64-e391-4b00-a555-0d88a7b78a95,2021,2209,D
e93885d9-fc23-423a-a5c1-84b25918fb37,2021,103062,D
2f492859-5e55-445b-a444-c0b0b384805d,2021,18559,D
c975eb94-4b9d-4725-b71c-2e68584d8972,2021,13216,D
0113968d-728a-4c58-a178-2ffb4f12d7fb,2021,98595,D
9407db31-c822-4e98-8e0b-d751773290c6,2021,20030,D
774c4947-1c92-4624-bde6-8ca851d81338,2021,968,D
24bc1611-dfdf-4b65-b9c5-2c7800af73de,2021,98595,D
59857fc4-d6c2-42d8-90c6-14f3431e35b2,2021,317,D
8a6f8f1b-6ebe-4a2f-a041-48f29427e61d,2021,1103723,D
5a587a36-afee-413e-83f0-6e4971859d7d,2021,86326,D
9e818ac2-2a42-4303-8a0a-a6a2a631b079,2021,118420,D
5500ed6c-258a-45f3-bee6-8cb0b5d69656,2021,513,D
ccc3650b-41b5-48ed-af81-1d1ff0710d7c,2021,101942,D
2f45eac3-8010-479a-8da4-ae0b08aaddee,2021,95017,D
ba7a8208-c3f2-40e6-a5eb-29bb3fbf588b,2021,107360,D
6dc19a60-4b79-4b5b-aabd-a1eb637ccb25,2021,11730,D
8afa32bc-bf75-442f-b714-fe091d7e15ed,2021,49054,D
8acadab0-1bbf-41bf-9d38-3a2789f8e53e,2021,1047907,D
f55b6c68-d740-4297-980b-624f64a03e83,2021,56172,D
d45aaef1-153e-40b7-a0fb-b45533c1d5c9,2021,114616,D
2b8bb7d4-f870-435e-9d0b-b42c8b87f7a2,2021,18559,D
ea98e608-a418-4214-a3de-7f4fd07e4faf,2021,1132918,D
160ecc97-d37d-4c55-80c3-4d69b18ee471,2021,1270596,D
6bca2555-be0e-4ae8-83b2-b0a4cb2e5b16,2021,54934,D
f487ce05-99bd-4e0e-b68c-894232a711c5,2021,1306689,D
027289c1-d4f2-4d6d-8469-14e4bc09bce3,2021,94762,D
cb33842d-055b-4428-8286-8c9e246b5561,2021,118468,D
0f003c41-05b2-4ab2-8f8e-b181b2615f45,2021,64664,D
ce4b194c-08cd-47ef-8236-7e2221ee5fea,2021,1379275,D
d586ce92-5b40-43e7-8481-f148b0d7c6dd,2021,5000135,D
288c8469-742c-414b-94e9-2bb3b06e4d70,2021,94762,D
fcb59589-0d65-4c00-ab6b-86f089d866e5,2021,18683,D
c0be9958-e19e-4557-89f1-9c4cb75d0f6d,2021,98305,D
ee8557cf-3a8f-44fd-9dd6-584fdde61801,2021,20030,D
bfb4da32-593e-4215-ae6c-f78f29d68f23,2021,1270596,D
417e46e5-8353-4787-bba3-f0ca06bea4b6,2021,5000135,D
2dba7423-c65c-4957-a2d2-7e4ace73ba8a,2021,49054,D
fed65ecc-03fa-4104-b48e-41638906295e,2021,317,D
f3bbb158-bf16-42ba-9c64-2c9407ab326a,2021,5000135,D
c8ae5379-9a95-4117-927a-bd3497b25603,2021,13595,D
161bbea3-2a97-4c61-8e35-3094fbdb3f2d,2021,1330347,D
a04153d0-87b4-42c2-af9e-5502f68f6682,2021,13446,D
58a7562c-c18a-4ea1-9f4a-5a7f6074f038,2021,18903,D
4b445c40-1608-4a25-9d43-a1d2bcef2899,2021,513,D
957de99d-afd5-4c29-abdf-c7e3dd92a01d,2021,98595,D
4bdc3c6e-ae81-412b-aed0-4644a681a5ab,2021,94762,D
78bbac6d-a8a9-4158-8663-17c73e32f18f,2021,13277,D
235fb59e-5ca4-4e7b-8b9c-b65f1c4f9831,2021,1270596,D
7523338a-1bd4-4c06-83ec-722745db7247,2021,11452,D
c70032ed-8af3-4354-8f8e-ea7228a1df88,2021,13401,D
6f474c29-c5b3-4e1f-b972-3021006e8cc3,2021,101942,D
07f76621-7293-4b49-be06-e5409493ed7c,2021,13216,D
b1a21632-1221-4765-b7fc-a4a1dae38c04,2021,1267543,D
b801254e-779b-437a-bef9-3bda4e91c687,2021,1136142,D
16eb33dc-7371-414f-8b64-690590792570,2021,1283028,D
ed180812-1df1-4e56-aa13-f279983cfba1,2021,20239,D
238d7add-79d1-40af-a570-e49772049610,2021,2209,D
ab70c176-c194-4582-b4ff-2246e60981ce,2021,1117717,D
70580a53-ff71-432f-8f15-a9d3f464f407,2021,13216,D
e21f94ab-fa02-4a28-b531-387b91a06645,2021,107360,D
f7d4791b-4f28-4622-82f4-700a39c87310,2021,1101244,D
3896cf92-d8f5-4a8b-9b96-a21969e34d49,2021,13216,D
11d40511-2b92-4ccf-849f-58353d254596,2021,118420,D
a2723dd0-06cf-419d-839e-d506e566847b,2021,95175,D
a5f46b06-4768-4adb-b181-e8677d5bfff7,2021,118420,D
92d5eb48-355e-4000-9358-8f3108c5bd67,2021,11452,D
9554289c-dd3e-4f64-949f-751303d9fe2b,2021,118468,D
ab2af3b4-e4ed-46e1-ad60-1060fbd4630c,2021,64664,D
135b2999-3375-4ef1-b2b8-f0cebaab0f7c,2021,11452,D
d735389d-28e5-4578-bd5d-9251ef971907,2021,11452,D
575f5a71-929d-4361-9161-9cbb0a2eb0c2,2021,1181115,D
3dbd5b83-58ab-4220-bbb2-37cf1275d926,2021,48675,D
dab4c19f-f8c4-4da6-bc51-b6436eaf7038,2021,98595,D
82fb2075-1b0c-4efa-8ce1-831efdd773dd,2021,98305,D
bb967196-ce7d-4960-b3b7-d0168b052888,2021,94762,D
1850f840-3c10-4c4a-806f-3f234f0be51a,2021,47505,D
cd862c97-38e5-468a-8f45-a4d9432fa768,2021,101942,D
fde2b0b7-c50d-432b-be37-f9d672efdb4d,2021,18559,D
8340e74c-7367-4f38-8bd1-3e7950296a79,2021,1136142,D
f1c692be-ccc9-4b6b-80bc-69880df21dcf,2021,1102628,D
82edbae3-4759-40cf-97f5-8af6420397eb,2021,2209,D
335ea97d-665b-4383-b834-2aeabc02ec3d,2021,317,D
fa07c70a-de64-48ac-8a06-fbd7b5538353,2021,18903,D
87f106c4-4f83-49d1-9782-515ab3638caf,2021,20030,D
035a8c55-2c8c-41dc-a94d-8296f8fabdbf,2021,13401,D
e2b70f5a-e9fb-4590-8419-9cfab64c68d4,2021,113813,D
60db4dd9-2cbf-44f8-b76d-a31b03d20c25,2021,317,D
99c6b357-c746-470f-b023-744c75977ece,2021,98305,D
52419454-7aa7-4f27-ad0a-d591e9930ed5,2021,9440,D
582ad434-2d5c-4151-b2cc-0b6dff0275e2,2021,20933,D
ffc8122c-cbee-4162-a2ae-f2a6938f1dce,2021,18559,D
22edcf39-2eec-4c37-9578-751de5663a7a,2021,5000143,D
c16aa68f-6792-4a9e-be96-ba553a9c53fe,2021,118420,D
3667c083-f448-460b-9e3f-d603d510b46f,2021,118420,D
c39dd56a-4d6c-4627-981a-d0fe750c5b57,2021,1047907,D
0407852b-8b2c-4adc-a798-c21fcdabfc7d,2021,9414,D
1ad42a30-607b-4fff-92ab-25c9a01bfa67,2021,1330347,D
7de06562-ca88-4e38-a416-1fd88851a2da,2021,11452,D
b5de5c6e-3536-453b-a7dd-aaf1585a091f,2021,12313,D
71dd8aaf-c558-4ea7-a722-29d539a03af7,2021,49054,D
7a52cd3f-f33e-43e8-96aa-f99599610d31,2021,98595,D
28478906-f9c6-41df-9f9c-874041aa392b,2021,68930,D
98daf280-3be7-4d08-995b-585d577ce02e,2021,98595,D
3437f191-1d0d-4755-8b0a-7ce7ee2e7251,2021,54934,D
73a5bc25-35bb-4d3e-ace3-71de215b5dba,2021,1385942,D
76982b11-5551-487d-8deb-ca2278a5faa0,2021,98305,D
60771c86-dd73-4f44-b369-01fd78523235,2021,1148708,D
a73ccbf4-a19b-4ec6-b265-d9f0eb5957cf,2021,118420,D
8e1e6573-7f34-434d-a56c-8e8c5088993b,2021,99820,D
7e47f8c7-f3a1-417d-8081-e7043ee82c4e,2021,1330347,D
c2a670da-263d-40cc-a632-cea098fba816,2021,13401,D
0760d684-98c4-4703-bf05-95bf381f0bed,2021,1136142,D
55a4fe39-a5b0-4e27-bd14-2a1df5cb85fb,2021,1132918,D
d6c0610b-8ae1-4331-9dc3-333d291950ec,2021,1288002,D
dc0595f5-874d-452e-8a74-9edbf407e54c,2021,106996,D
c1bc15ce-e824-409e-8977-8b490c943c3f,2021,118420,D
21617c56-acf7-4bcb-9715-2d4182365857,2021,57612,D
4b7d9aba-2d35-4c7c-99f6-a4823522870c,2021,22047,D
48d57d85-aaca-4b52-b8a4-5e4c1f59c10a,2021,95175,D
3df1f092-cffb-4156-a81d-c4190538d59e,2021,64664,D
d374ff57-adde-494a-89ec-70cf33ef68f9,2021,317,D
9b0ba9ad-154a-43ea-853f-ca7eb90179c1,2021,1136142,D
9f3704d0-3546-4f2c-a3dd-0c2c7eb54a01,2021,53342,D
1f1941ff-543e-49b0-bd01-26fb8dc9c52a,2021,95175,D
67c49280-960f-46e0-8cf2-79026f539983,2021,2209,D
68061657-9375-41d1-b59b-853089e17114,2021,317,D
5ebfd562-0f8a-4675-b095-efaf4909653f,2021,1269545,D
c047c5cc-7edc-4f74-a457-3a1b0ef389f7,2021,98305,D
02098323-ade5-4cc4-ae6b-d536d4cdae85,2021,118420,D
3326c3dc-9a6d-421f-9b70-437fb9e10791,2021,22047,D
2510cdd1-b19a-4ec3-abe4-19c521ab1037,2021,97443,D
1212b4dc-95d0-4627-a607-fd2ace8f8733,2021,317,D
5a09917a-a659-43fb-8b6d-088d0f6f3823,2021,18558,D
12735ca9-ad88-4d48-9e74-f31f516a776c,2021,513,D
7d5c744f-39ac-4979-85de-64b527e995c3,2021,1102628,D
440fc19d-e994-4131-92d0-c7400b685464,2021,5000135,D
88140ff8-1296-453a-b9dd-b28367ec2863,2021,97443,D
02f0107a-ea8b-4c2f-b1f2-35fad35f2a99,2021,13277,D
0cb03159-c2e9-48c9-a96c-7c3b2fe0358c,2021,13595,D
36ecde55-cab0-495d-9404-e9fa6e488b47,2021,73140,D
8f33a18c-c342-4f02-9f28-fc44cecbf7dc,2021,1136142,D
71efb9ea-d8d4-450e-95a9-e16c2e6c01a5,2021,1136142,D
1448bf69-4603-456c-9658-b83a52cb9a90,2021,1101244,D
7f783d91-611e-401a-8586-28255dec9255,2021,13446,D
1ca550cd-14b3-4e1b-96a8-b37de117b2bc,2021,94762,D
811ef732-c3bb-4e8b-8407-df27357f8ece,2021,62484,D
42b7df11-e7b2-43f3-8da3-a9d07eb55019,2021,13446,D
d35f4088-9978-48bb-9885-f73fa62e82d1,2021,13980,D
62136d96-e9b7-4220-95e0-eb5d50a1fe29,2021,513,D
56ba2cc2-9ca3-4a77-9878-7ce01ddcd8bd,2021,99820,D
2d910779-2cb2-4c2c-8e63-09e888347b38,2021,11452,D
c960e349-8682-4797-8236-b0fec09e23f3,2021,118420,D
50d5ab42-11e9-4698-b91f-169e0583c134,2021,95017,D
c21ac24d-6dd7-4b09-ad92-03d6212fe3f5,2021,13595,D
65d91bbc-eda3-4ba8-8985-dd772083ee0d,2021,94762,D
9c4bdfd7-e5dc-4d1a-90e5-47dc40a97ea0,2021,1330347,D
fb05b330-5ff9-4c56-a30b-af816d6eab29,2021,513,D
ec9a1445-2b6c-44d9-8c4c-761281ebc157,2021,13401,D
fef9dfa6-394f-4857-9f48-4d01fcf5c0ec,2021,22047,D
d3c9b6f6-d61c-4cdf-a66c-ef6c3e9ce9ef,2021,101942,D
47abf37a-a54d-4948-907d-41a82382a013,2021,118420,D
1672bb90-46d0-42bc-9926-853cf3802000,2021,98595,D
a10118eb-e147-425b-ad88-51ccc0e23973,2021,1101244,D
3f57f0d5-057a-47ed-88d5-1f1745013631,2021,101942,D
36b2455f-1202-4e79-9cf7-303adfaa12ab,2021,9440,D
de390f18-3547-44ad-b2be-9eafb65b543f,2021,1376181,D
2426a2a5-8698-4d8a-8bac-49bfe46dbdc7,2021,1322390,D
a0968168-66eb-46d8-a123-bb2721bcebf7,2021,64664,D
ce3cb826-0ec2-4103-b617-747ab5b16a2c,2021,5000135,D
e4e380c7-cc66-414a-ba1d-076224751501,2021,513,D
09e90699-1e50-478c-95f1-2d400d500a1d,2021,64664,D
32be215f-a8df-405f-a709-e03af4301276,2021,12313,D
b46dc617-7f0b-4a86-9083-6a23701f68d0,2021,2209,D
e83a222a-8844-4d11-9b85-a02c8bd72527,2021,5000143,D
9719ca1d-81d1-49c5-93d6-cc444bbbc87f,2021,1136142,D
dea44078-3d3e-4230-b845-3beb61aadc13,2021,56172,D
21b8286e-fcf7-4be7-8563-a5d308c36423,2021,97778,D
7341be27-40f0-4e63-b699-ce36bf455d2f,2021,94762,D
97a8b28f-32ef-42e8-8e30-035878eaa7e5,2021,106167,D
0fc0ccf3-50e5-4f1d-8837-14309d19ff56,2021,13595,D
aa2e98b5-b63e-42e1-b2d9-d3aa5be0cdb6,2021,59122,D
ad897f5f-12d1-4a6a-ba1e-32fe8c3fc12c,2021,13446,D
dc0f45d5-5113-403a-a373-78ee67116b21,2021,101830,D
1d16097e-d40d-4033-a2f2-84b29cb77923,2021,1376181,D
1cd6d9ed-1728-40da-b567-5034d1872bd6,2021,13446,D
cf172934-6171-496d-bc3d-c8dfe4948136,2021,1322390,D
5d58249b-8419-4dd1-b3d5-4627bd508e88,2021,99406,D
b997ce31-7b1f-46c0-9cbc-1f47b075e8ae,2021,13446,D
f9d930ee-1c9c-483e-8d9a-8e0bda8bad25,2021,1136142,D
fde0e8ed-102f-441b-b900-17032b9f7753,2021,74737,D
ce20b2f9-43f0-47cf-9fec-f000a89359cb,2021,1108692,D
c8981855-1782-4c89-913c-6b84a9500814,2021,64664,D
948b5829-ed98-4d1c-8d3e-664f582823ae,2021,1136142,D
42517bd8-1717-4ef3-97ae-866a8edaa25a,2021,21464,D
14ce5349-09df-4bf6-b1c2-23560a3af4b4,2021,1306689,D
6144ae19-9998-452c-9ddc-8eb610ea8200,2021,13595,D
ee18d7e6-2b0b-47ad-b43d-6bccd3fc8f8d,2021,1136142,D
0f888755-8b65-415f-a0c2-e131b2f5b95c,2021,13980,D
e038b804-2df2-493a-b4a5-d1f0133aeb6d,2021,118420,D
1cc6216b-c44b-4493-b8d0-e4191a4419b8,2021,56172,D
420cc324-3336-4b9f-bd15-ceb37640ae26,2021,19042,D
51c8e0f4-4e72-4634-b444-f6b588e2e372,2021,1132918,D
bca2447f-c7c3-4897-aed0-1c05c0aee871,2021,1269545,D
99435b09-f5a9-4db9-a99c-62e3b70857a2,2021,13401,D
37ca241d-ed22-490d-a0f2-0ae1fa8d7196,2021,1102628,D
bddc98a8-45f7-46a0-a318-7731b8cf647f,2021,103062,D
6a03498b-7dbf-4b1f-b430-6cb821780044,2021,83388,D
39958e31-ed0d-4057-aa29-82aa87b6199b,2021,968,D
7440ee36-6547-4ff3-97c6-43ae965be716,2021,13401,D
077dd625-f859-4b24-8e2b-ee2025fa0306,2021,13446,D
a299f929-a497-4fd5-a381-ef12e7e237ba,2021,62484,D
9b56edc1-af5f-497a-b106-4a4c0559c721,2021,47505,D
8e0eecec-b156-465a-ac79-9dd164cff9c6,2021,1136142,D
415a6bf2-cdae-45dd-ba2f-8cc409f6ec66,2021,95017,D
c6c4f5fe-d9de-4ad5-bf80-a9bf1f412ce5,2021,113813,D
2d473cb0-0f81-4dab-a4ee-dc91d47b1a88,2021,41238,D
740e2ed2-0c9a-4a69-bf68-554f9272e6ec,2021,64664,D
32199671-d1d5-42e6-8cd6-5d44650322b2,2021,1118057,D
82346627-8708-4344-a74b-ba2f2fee42dd,2021,1102628,D
879ac8d1-0b31-4869-a0c6-da0e87232126,2021,1288839,D
da9546e7-d2b4-448d-99a9-e2ca50aa4390,2021,97443,D
929d7a66-b5b8-4f2b-bbd1-c8705eaecd85,2021,13401,D
ea6ef61d-3f5d-4ad4-9157-bdc2a6bdea9c,2021,12313,D
9607ff25-3fa6-459a-8638-2b00a5007380,2021,13446,D
d752e9d4-76f8-4b99-9782-3334ef2f8cfd,2021,18671,D
133fbf1d-a167-4cf7-938e-7859ab614b31,2021,90030,D
0cb2aa09-8d1b-4e59-8968-0d31e0f70308,2021,118420,D
5299e4e8-acfa-417f-a381-1e0cb5c70e5c,2021,117532,D
fcaf4329-97b1-4044-8804-fa6ceba13f8d,2021,1427745,D
9d8cf76f-84c2-4e9d-8395-50fb8bb33f2b,2021,11554,D
5101de1b-d0f6-4015-8edc-a2d1dcb571e4,2021,1283028,D
c06a8860-78a7-431f-b248-7f7c43a76327,2021,1379275,D
d7f7b9e4-011e-41fd-9ceb-44c98eb0dc20,2021,13277,D
0fea7de6-2026-4867-a878-2da384b492e5,2021,5000135,D
71adceb1-40de-4c71-be08-24f173ac7f4a,2021,101942,D
bc32344d-f590-4feb-b0cf-5dd45a01833d,2021,48675,D
cd4f9fd3-f0f2-4a29-9a5e-c2f50e68d275,2021,116770,D
0fcac185-d6f2-4fe1-a625-cda208c206f1,2021,1136142,D
45d6d338-cb48-4429-a29e-1f9add568d2b,2021,1102628,D
5e5dde54-d8d5-4587-8daa-26b1fe0fdaab,2021,95175,D
1c756a6b-fe43-4490-89cf-703041466464,2021,1102628,D
ca370098-b418-445d-b6a1-080b8045481a,2021,13216,D
7811244d-b91d-49c7-b539-0fcdc023c861,2021,1136142,D
0d3334b6-eb68-45d8-9b24-4b562eab7371,2021,1385488,D
f666a044-eebc-4816-805b-fc1bf87e65f3,2021,20239,D
e5de5b95-51f9-4ad5-ace4-a9924858259a,2021,11452,D
fc0d32dd-dde0-478a-8e79-accde22406c8,2021,1102628,D
28482dad-122c-49a5-a519-b2e6ce3a757f,2021,11730,D
d0efb307-0405-47b4-b5c6-30ded2aaee02,2021,22047,D
61209365-ab54-4ae7-9133-16b60bea07d6,2021,2209,D
cf292d7f-2978-445c-a17c-1ed615fc7ee8,2021,41238,D
0ae4ba49-209d-47a1-82ae-e142e3bbd834,2021,103062,D
5a9592d1-7a0f-4df9-9128-e42b340c8456,2021,55777,D
77b1ad22-5be4-4621-924d-8179149d83b6,2021,13216,D
4a63acaa-eb65-4ee8-b558-949e943517c0,2021,53333,D
3c67d759-1728-4040-8378-675e83ae445a,2021,12313,D
bb6c00e8-3654-42b9-9137-78770f471a2a,2021,13595,D
65545b6d-4c28-40e2-9a88-70fe83da1c73,2021,53342,D
94b6a45e-23e1-4825-9e60-d2ddf6f20b9b,2021,13277,D
a1024011-adc3-4acf-87e9-119316f6461f,2021,2209,D
d1681573-afbe-4dac-ac6a-a9cb37ee0038,2021,1136142,D
59576198-4052-4877-9955-7ac4b53b9790,2021,11452,D
cc296f02-5b73-4c38-a88c-fd3b57f0607c,2021,47069,D
b657f669-4437-4c92-bbba-f5e1f739c31e,2021,118420,D
f932c20d-542f-4387-9721-3d4e50c575a8,2021,95175,D
5d046fa6-1da4-445e-8aab-3b26bc652f2c,2021,117532,D
d968eba8-a81f-4346-be7a-f0bdc1658074,2021,55777,D
dbf39a0e-dfab-4591-b296-19fcaa0ede33,2021,5000135,D
a3964dfd-32d2-4783-8814-f3114db72f1e,2021,99406,D
740bdf28-eb9d-414a-82bc-bf16b7c2c2fa,2021,1102628,D
d05b6166-d585-4945-83af-02a51c115462,2021,1427745,D
1b3bcc58-3a82-4b13-9c58-7acabdbc37fd,2021,11452,D
ff961812-e906-4521-bda5-dc2b7e7a6ddd,2021,13401,D
7a247a54-86fb-4483-b78c-ce339757ee14,2021,1102628,D
63eb04cd-13fe-409f-ba67-a3badda7cfcf,2021,64664,D
6aaec2dd-8746-4e7f-8be4-36ba10d967d8,2021,21464,D
0270d4b2-7ef7-43cb-b8dc-dfb34bcbca55,2021,12313,D
5301558a-7c6f-4173-a403-839fe5fc6801,2021,103062,D
4862e677-47d1-4c3e-ac29-aabbde0f9401,2021,13595,D
3f5410a7-4056-480a-904c-4d615db01d46,2021,68930,D
86e0d3d4-ec59-477f-a8da-5a725b2d2a31,2021,1330347,D
72c2dec7-4820-4484-b607-7215fdcec0b0,2021,317,D
cc927841-a23e-4502-ad5c-16eb63350366,2021,1330347,D
ba6ef4f2-df36-4ab4-a2cc-6a065fa51b97,2021,118420,D
56ca85c7-f532-423e-8106-0e6f1dbfbcda,2021,11452,D
226f3aa7-c657-4f6c-b6b8-167ac1a6c544,2021,99406,D
04122be9-cf18-43b4-934a-0d4c95718596,2021,513,D
f89160f0-516f-4249-ab0c-6a5a9c69dedb,2021,13216,D
7d749ed3-f845-4e6f-9dea-42914dad6d80,2021,1108692,D
3644d629-05f5-49d5-b1e3-c1641aa6235b,2021,12313,D
a7509dc8-98a3-4b61-b62f-b8b1e7802c62,2021,13595,D
5031013d-7d56-4716-95c3-94bff7375e46,2021,117532,D
ae330edc-4df3-44d6-bd40-035ba45b8b82,2021,95017,D
104a8aa8-7ae6-455f-a37c-18b9c161f886,2021,99820,D
343d6729-a925-4b05-a892-d6820af6e6a3,2021,317,D
a77959ed-566f-43be-8e8a-45552437785d,2021,1132918,D
1adff103-e3b8-4866-aaba-64b3dc092504,2021,1272079,D
d2e4fe1e-0115-4ec2-b2d3-1fb758508c99,2021,1136142,D
d37988e8-444c-4a02-8cf3-994c1127f66d,2021,97443,D
39109f55-74dd-4e5d-b5f5-61e5a9c12c4a,2021,11452,D
df88b1e9-3bd8-4e22-a65f-f2405fb561ed,2021,13277,D
cdf09f49-44c0-4b27-93a0-8e31e6c8a104,2021,62484,D
e5df0d66-3c08-4367-b3bf-915b0e19c14f,2021,2209,D
151a9a37-8f1e-4496-a1f7-f59013c28e06,2021,13446,D
f5518999-78a4-46ec-8d5a-4087b0c34a97,2021,97778,D
6769f86e-9539-434a-9bb7-44ddc96f800c,2021,103062,D
a417fc46-125b-47b8-9798-c0209c471dd2,2021,317,D
9cd34b66-dee5-4c30-ae92-aceecbb5b2b3,2021,13595,D
004c90f3-1515-4c40-b75b-f3f7dfb027fc,2021,64664,D
c62263af-4210-479d-b4af-dabf6e036916,2021,106167,D
7824a7b9-b0ed-42d2-a43d-862f9108f903,2021,1136142,D
63fcde8b-280b-4b7c-83db-8aeb9b3810cf,2021,1288002,D
3b88e1de-8390-4d5a-a0a6-61469d38ce08,2021,11452,D
bf98d3be-4731-47e7-bfb7-8608bcca0be1,2021,13595,D
45a5fbe4-70f3-498a-832b-779500b07585,2021,13446,D
800b291e-d5a2-4ab0-a0d7-72f37b77112c,2021,317,D
11a03c17-fc9a-4d5b-86a9-a63f33b8120a,2021,317,D
192a340e-b76d-4d09-b646-f23f5c67773e,2021,87396,D
0a2b7b5e-f8fb-4cd7-82f7-d1f1a4c69ff6,2021,2209,D
9d1b6582-00ea-4ce4-9836-e833ec32020f,2021,114616,D
10d93fcd-93cc-4907-90fc-fb72e1e0e375,2021,1101244,D
e081f682-8b7d-4f9c-8667-be92ed690434,2021,21464,D
e9dba568-d6ec-44b5-815a-f907120f3193,2021,13595,D
395dc51f-1b53-4125-be02-8f728a216c7a,2021,1136142,D
ad253c62-0f0e-4797-9563-70e7e564f8c8,2021,13277,D
a6ae66a8-3e58-4206-b08d-f5737b74ee76,2021,49071,D
cb2a7c29-1d08-4ba8-a66b-2243c21e6761,2021,20239,D
dc407515-85cf-4f9e-9742-05acaf547f6f,2021,5000135,D
cb7d6940-ae44-46fc-b6c9-441b634a8c0f,2021,20239,D
37ea2dcf-527f-405f-9814-941fa874542a,2021,11452,D
17ae3533-ccde-4758-8adf-e034e75b5c70,2021,113813,D
4f5f68f6-d5cf-4372-8598-08b99a991073,2021,1422296,D
06e2a80b-4fdb-4af9-9298-5b53b2972576,2021,13595,D
dff6328d-8713-4f0d-bd3d-0848479f443a,2021,13446,D
822735b9-ba60-410a-96ca-995f644eda33,2021,13446,D
5c2c9f47-2a08-4b1a-9f3e-b6237efa7887,2021,41238,D
06271d11-aea6-4bee-90fe-5b3b43fb3331,2021,13277,D
c85a7f77-ba0b-4ca5-8042-bf18066c4883,2021,513,D
ff6280ca-3df3-46fd-9a83-c0c7a7251537,2021,1136142,D
9252f924-3992-4b91-98ae-2f8ef3260ffb,2021,13216,D
6809f349-2196-4aaf-9ebc-58ee0d5bec8e,2021,116770,D
27bc9a72-e385-4684-a4f7-b87be5ffe30f,2021,62484,D
4b08da30-50e1-41e0-9054-d39ef9432143,2021,12313,D
4bd9faaa-49e7-4252-af69-9e32eadb3d01,2021,13595,D
b8e1c475-b63b-4a2d-baaf-923b49054695,2021,13277,D
772e36c5-fef7-4fea-b6fe-3fab3d9ab1d4,2021,13216,D
967b7c1d-08cd-40fe-9fd5-5962a50b7067,2021,1136142,D
85e92f87-a465-4f75-b1df-c066ed9ed094,2021,12313,D
b701d3c1-6a0b-4f96-a6ba-ce9b02e8a8c3,2021,1132918,D
2ae4c314-7240-4cc3-b69b-5f6d1ebe91e1,2021,1136142,D
a88333c7-f9d9-4879-90de-e3284f6b8f29,2021,2209,D
5e38e316-b08f-40cc-82c5-965c5f0975b0,2021,62484,D
00a01668-990e-464f-bf24-f6f7df12f406,2021,13216,D
cb31dc08-b4a7-4fcc-ab28-55aa0d37ac69,2021,13446,D
37fd8fa4-8a60-41ac-83bd-40f15c57e86b,2021,1299927,D
9e3e21f3-67f4-4c5c-a943-e870df707d0e,2021,13277,D
5fe58244-e89b-454e-b7a8-26bf33b6a26c,2021,317,D
2fd560ac-aa62-4e4d-ad39-33c213c6ae39,2021,513,D
3a96fa32-d4bc-4ca5-928c-39846ae7dbb7,2021,11452,D
74ef6f73-a864-4e0e-9dd7-d22dfb62d84d,2021,13277,D
780ea2a0-0021-48cf-9eaf-e4ad95f42275,2021,13595,D
f92a2574-a5e3-4bc7-86e2-b11bda68bd16,2021,62484,D
b45dbb1c-a04c-447b-a24d-0b80d1a766b7,2021,13595,D
f01df380-6530-478e-a5e1-d04d368562c9,2021,18584,D
a2d43f06-12ed-4105-8dfe-06e6cb6b2c9f,2021,102590,D
8a6a7d89-3cb8-458f-a9c8-f135613dee32,2021,102590,D
cb2efc5c-0b8a-40eb-9509-43b94af66ba1,2021,102590,D
a345a8d5-1323-4256-a25f-581f3b81becb,2021,102590,D
70ab990e-a4e3-4891-8341-10dd7ae802ea,2021,18558,D
d528fbeb-639d-4678-bf44-adff27f5a278,2021,1113582,D
3018f70b-0a30-4241-b871-f0c7a3a28987,2021,1113582,D
ff8b1096-d1ef-48c9-a7a4-0b1639b1023f,2021,1113582,D
b443bd45-31b7-4b24-98c0-8ad04a9437b2,2021,1113582,D
7204cfa0-0712-4fb2-acba-126985fd7359,2021,1113582,D
06b06372-3bf2-41b8-9bb5-b70382b65564,2021,18559,D
cf597358-4dda-48fc-abf8-e7725b641dee,2021,18559,D
a226d825-36bd-4a38-b885-655411f521d8,2021,18559,D
8de6a52d-cd01-4426-9154-dd3191a36bbb,2021,1113582,D
72ce0f8b-f871-4cc8-99ff-4ca5049f3b6c,2021,1113582,D
e93dd13d-716a-4672-8ae8-84f32185abdc,2021,1113582,D
13327261-d7c5-402d-a344-0dade80fad23,2021,18559,D
0099e572-ac88-45d7-b089-ed8d1666fff4,2021,18559,D
7b528f00-96b4-48ac-ac7e-794e0971a652,2021,1113582,D
191ec600-c582-4ae9-8802-e329db8860dc,2021,1113582,D
236e561d-dbc2-425f-909c-3fc1f23d103c,2021,1113582,D
4f4a3c83-917c-4d2d-bc75-2e09ac50f250,2021,20933,D
8bc40c9e-7790-475a-a867-9746ae81fa77,2021,513,D
7adbc4a9-32fb-4fa0-8850-dd0656840d2c,2021,513,D
734c8579-b64d-4c8c-a5e6-cd61d8121efe,2021,513,D
38d6c8c1-31ec-4f03-8787-84c66ec89235,2021,513,D
951a99b4-8113-4019-b7d0-75873df589cf,2021,513,D
36f2eca9-b846-4d84-a99a-2f6e8e91a625,2021,513,D
a802d965-168f-4c40-b805-265dde677741,2021,1113582,D
54777d82-8756-4166-9e94-a64ec83c0477,2021,1113582,D
9af145d3-0645-4a40-ad78-aa802b42a78f,2021,1113582,D
e5a1245e-2cef-48ad-b905-b1656061a433,2021,1113582,D
41cc5e99-b61e-4653-a733-f293d3bea3e9,2021,1113582,D
28617848-5210-4f07-8241-8be2e029c29e,2021,1113582,D
37d309c7-72d5-4345-a3cb-4eecd6848aa0,2021,1113582,D
36538d95-975f-4d87-ba6b-dd4938317511,2021,1113582,D
3942059c-b697-4894-9d1e-89d894eafb17,2021,1113582,D
1bf81bfc-6722-4132-910c-dcee27faf3de,2021,1113582,D
0e79ced0-b724-4220-b4fa-4b26a8d76b92,2021,1113582,D
c81625ba-370f-48ca-bfab-6ada5eaa48cb,2021,1113582,D
bb46d6da-3c1b-4e16-8627-16513ae1df48,2021,99820,D
e7ed4d24-a869-4876-99d6-abc17b9cc2d3,2021,1113582,D
f085c067-7da2-473a-881c-3043d0f82a84,2021,86318,D
48aa5e98-5182-412e-8e3e-360f447ad5ab,2021,86318,D
619342d3-4d51-4824-ae12-ba21cd687473,2021,86318,D
3a8769cb-3bde-4dd5-9fba-64bdac62e2fb,2021,86318,D
b27a04f1-2371-499e-81f7-cd8972677670,2021,86318,D
53fce644-45c5-4b8b-a2ab-6f031307a51e,2021,86318,D
a63320ab-410f-4042-9706-7a1c3d237adb,2021,5000143,D
53777a5f-383e-41b5-b3bc-27a87405bcf6,2021,5000143,D
0b82ffce-2b71-4dbd-956e-b4eaff544d74,2021,5000143,D
11445aed-b1ad-4423-8559-90e3893bce34,2021,5000143,D
e2e699f2-383f-4dbf-aeb8-a88eae5987cc,2021,1113582,D
f73bb5c8-7d26-4684-a303-04be02ae2305,2021,47069,D
57323909-4df0-46bc-9952-946e3695b085,2021,86318,D
41dfca44-942c-4ac9-acd3-1b8d60a49955,2021,86318,D
f93fca8c-6f2f-4172-9678-bf89abef8c94,2021,86318,D
9c89c224-33f0-4492-9786-8a800ae9f93c,2021,86318,D
e4350023-8ca0-4c34-9564-fce1b32d9f67,2021,86318,D
39f2f781-2b11-48af-ab8a-f2234b5697e1,2021,11554,D
ccea07d0-9c09-4ae4-a1bb-fa10fbb8fc61,2021,1103723,D
a75bf31c-0235-4470-80fc-18ee2c458e83,2021,1103723,D
cb2fb3c8-0e1d-4c70-8f48-6594a60cfd6f,2021,1103723,D
e1e23f8b-80e7-43e5-8fa3-e6dd47eeb9b3,2021,1103723,D
aa91aa84-4e4c-4ebf-affa-eb9f89bf6eb6,2021,1103723,D
f1d23ab9-e34a-4a8c-9f40-d79f7c8fef87,2021,1103723,D
f5122103-2572-4790-a72a-8aee3b806677,2021,67092,D
930e678a-bcd9-4831-be63-a42853a510ee,2021,1103723,D
79be0b92-71e4-499d-bc68-6180f62be0ed,2021,13401,D
107e6de1-ebbf-4bd7-8a6f-eba4d3525b9b,2021,67092,D
b6506369-2bb1-4da3-b61f-e80a33a43a2e,2021,67601,D
a4f44744-6e9d-4d34-9de7-d26ad59d695b,2021,73898,D
7079dfdb-c756-4e71-a1da-6c5d67677d7a,2021,73898,D
1d8d5a0d-cf1d-4cd2-ac23-b16817ff7892,2021,73898,D
cc3e820d-b385-4925-bd72-0cc44e88ea94,2021,50082,D
3b27b29d-ace4-4614-b391-ed9ad411905d,2021,1351760,D
2a5a0f8c-c42f-4c98-815b-20db41d15925,2021,1351760,D
624a7b17-6f93-430d-ad45-b16b401a1561,2021,47051,D
ee4fa96a-41c5-48a9-ab31-a043587676f9,2021,1385488,D
84d9791b-5d3b-4e87-b22a-874efbe14e7f,2021,13595,D
71cd6486-32d9-4d01-8b1c-d45910534269,2021,13595,D
5a267694-a69a-46c8-be64-a49919aedff8,2021,37862,D
5ee16682-fee3-4508-ad92-c85d54aca89a,2021,1265453,D
09b6dd20-86b9-47e2-99ca-33fc9f332b8e,2021,11730,D
844cd67a-3e83-42fe-a1b3-6b63e6944f4b,2021,41238,D
c54cb429-96f4-4777-8c9c-84fb3ef7a421,2021,41238,D
dd566178-0346-4ced-a2cc-0343394ba611,2021,41238,D
65fe6466-09e8-49fb-8eb6-f3ed1516dae8,2021,13446,D
64f1c90e-7b39-4da0-9435-ddc74e42c164,2021,13446,D
31e3c394-9b8e-4bf4-8159-b6ba2f000c93,2021,1148708,D
0f636535-d8cf-4f5f-9ff9-6b5124dacd24,2021,1148708,D
113c8bda-d2ce-42b2-8bb0-b6df2a637da1,2021,1180773,D
8e7d745e-b92d-47de-b62a-624df3be7c7e,2021,1180773,D
8e9d2d85-2ff4-4dfd-809e-a106ac93f10c,2021,1180773,D
dc955cfd-bcf6-4c80-9476-551a09f2ec1b,2021,106996,D
0be8e9ce-027b-4880-b376-8220724a6ef5,2021,19047,D
fff6783b-4caa-46a2-8257-a8e1bcef6f2f,2021,88084,D
0be082b9-8372-4ad4-8ea6-cf4b3b617261,2021,1180773,D
9dc96454-53d5-44c5-a800-f471cac2790e,2021,1180773,D
e51c1373-e1ea-4891-9f83-b5e7e856b7ce,2021,1180773,D
48158cc3-4c59-49eb-990a-b3f8a878ced2,2021,1180773,D
4f662032-d59b-42dd-9825-e2d5058db8aa,2021,1180773,D
2fdf0d4e-048e-4135-afa1-a86b8f69c6af,2021,1180773,D
19e959d1-e233-4ce1-ad6d-cee13e34d5c1,2021,73898,D
ecfe1f03-cb55-4921-a6a9-cbf9b28044cc,2021,1136142,D
233a08a9-57bf-4426-a494-652b38a266ec,2021,1136142,D
112265f3-bfd0-4d1f-a2ba-5febf8ef8e9c,2021,1136142,D
23b97131-19b1-4029-8fd9-22f84343ab8a,2021,1136142,D
28a9c8ed-8acc-44d9-9abf-846384f5d4ff,2021,1136142,D
53257bc0-e43e-4f78-a5e4-158fe62c61bd,2021,1136142,D
bbf23311-4a43-4c06-8c35-dc494cd0d4fb,2021,73898,D
e3be9409-dfa1-4614-81d8-e6c72e986fc9,2021,73898,D
6bfc3076-9f97-4c3f-87cc-ae7827f18c99,2021,73898,D
3c415b42-5932-4e62-bb01-f7087600aa65,2021,73898,D
1988f2c3-fea6-4edc-97f6-a04a1c74cf12,2021,73898,D
8d45524c-7c24-407a-97bb-9a019c00ce8b,2021,1110857,D
053210ba-b895-4727-ab45-4c4a87b23ed5,2021,90030,D
b6220d33-67d0-4026-9610-32d3321b9890,2021,1102628,D
59eccc9b-9d66-49a5-83d8-5e9ac7a539f6,2021,118420,D
5c947e39-c95d-42e8-b975-14f85bda65a9,2021,1102628,D
78d7934f-c7ce-49ef-8b72-1e9fc8376c6e,2021,1102628,D
8f6d7b87-a919-4e75-93ed-4a1af0b676f6,2021,118420,D
de2c3427-aa59-4126-bb73-02bc605e44fc,2021,118420,D
bdd0d218-587b-468f-bb58-cb76d97186f5,2021,18267,D
8f7716ad-d5e9-4a13-8df5-cc937b8e3618,2021,113455,D
5e5abcc9-e425-4133-a655-fba53a4fbf75,2021,118994,D
ae303be1-1ded-48a0-989b-29ed56514cba,2021,118994,D
8fb90dd5-2f39-4e6f-be75-e98aa3cf29c1,2021,1110857,D
aa1c8df2-ed40-47d3-a308-5b3943514372,2021,1110857,D
1b188929-4166-43ea-af8e-b9fd4fe8e74f,2021,1110857,D
aacbd813-a3a8-4385-aed9-f959be6832dc,2021,1110857,D
ffb1cb41-ce65-4871-91d9-0414c31a0416,2021,1110857,D
40e4953a-0e72-43f6-ad30-0e35377edde1,2021,1270680,D
9ff47aa9-b5c7-441d-8b86-980986f0af64,2021,94762,D
9ef6def1-1302-4853-8da3-50f21f664d16,2021,53342,D
c425a009-5599-4e8c-865b-b38a5ce896cc,2021,101830,D
55f140cf-8b19-4e71-9208-a7bdbc65a5ca,2021,1270680,D
8e8b5665-a2e7-4e79-b52b-67802305615b,2021,1270680,D
67c507d0-ec40-4e7c-9eeb-c99118e437f7,2021,1270680,D
4029b2d4-d088-45a0-96f1-fb1d89a10610,2021,20009,D
4e51ead2-3e9e-4695-bf73-5a7816477122,2021,20009,D
0c610d8a-985d-42a2-a37a-73e2627e03dc,2021,20009,D
fddfd1fd-2f6f-4727-9f30-ae49b5da11ed,2021,20009,D
fe1e6254-d0dc-4769-afc8-1608ad4d25ad,2021,1306689,D
7f08963a-8531-48b7-9c9c-71eba05b72e9,2021,1306689,D
14d5e1be-76e2-4142-9bdb-81d0859c8cfc,2021,1132918,D
14697b2d-f7e7-4791-9615-f5b7f19899c4,2021,12025,D
d24015d9-c1ba-47f4-9495-0a311d5dfba0,2021,1047907,D
b823e69a-7b21-4ae5-8fa4-74f2b9038285,2021,48675,D
49a65528-82e6-4168-a6db-1d34b6b3b0d3,2021,1270680,D
ef204a5e-5713-43d0-a8ef-374ba6520d71,2021,12025,D
3aec31ab-6a9e-4f34-acb8-62b05e612bbd,2021,12025,D
13dc1a5e-9f63-4635-8522-cb92372be946,2021,1376181,D
9afe793d-8742-42a3-9e7c-92903deef9e9,2021,1204325,D
5c156158-6fc9-411f-9138-28688eb075c1,2021,18250,D
654f205d-640d-485b-921d-eb82a2448ea8,2021,18250,D
a3081018-b247-43d0-9f01-48ae3b220047,2021,87396,D
8bee8d20-7458-418c-a166-10baa1c7278a,2021,87396,D
c89eabe0-1d00-4035-8a71-552fac087d20,2021,1376181,D
9be01f87-bb41-41ee-a35d-338f1f7f4fcb,2021,1042278,D
c63bf7d5-24d5-408b-ae23-11cfc4e9942c,2021,1042278,D
34fa19dd-a3e5-44e3-b460-559ba0395035,2021,1042278,D
c01a536b-e4dc-4c7a-aee0-d80ba1ea2f8c,2021,1042278,D
614eda4f-41cd-45e9-8ca4-fa46ffca4f69,2021,37862,D
58ba3b0e-c6c8-4720-890b-f112fd3be56f,2021,37862,D
32908c62-1bb2-4c00-8baf-fa6b0ef88663,2021,97778,D
d58bc7e5-c77e-48fc-8a5b-d37c4645a971,2021,98595,D
bf715d7d-0d58-4b02-ab11-f4cc87fbfcf2,2021,51020,D
f3657892-94bc-4a67-a93c-6940c20cc8a5,2021,59122,D
1c84c4f4-a6c1-474c-b619-594f6e89a0f2,2021,56172,D
ad8f5458-4ddf-44a2-851e-89a896ab711e,2021,1427745,D
4ddb689b-819b-4617-b620-8f6dd49469f7,2021,1427745,D
de06db3a-fa5c-4732-ad72-7d901e59cef7,2021,48205,D
d700e326-0f76-4975-8f0b-92c29661fe4c,2021,48205,D
e49ec468-65d2-488c-abcb-82e2b74a4dd8,2021,1314243,D
85f51b51-aa8e-47c9-8f5b-90730ecf9d79,2021,1103723,D
ebed8654-744c-4f4d-a096-1c7db587b978,2021,106996,D
6d9be988-f6fa-4f76-a3f9-5bd1a80ac42b,2021,98595,D
25e69be2-a62a-424d-b860-d5d5c27408cd,2021,98595,D
a7964c0a-699a-4a74-bbcf-749228df4a68,2021,117532,D
806ae35c-feb8-4963-91c1-1ff00f384f97,2021,117532,D
c0f513a1-75f4-482e-8fff-c5939da866d1,2021,117532,D
157d07f9-1d05-41ac-a4e7-f8efc0b0067b,2021,55777,D
1e8fe223-276e-4122-ae32-8198ae0fc50f,2021,1300429,D
6d2c59d0-7ba8-4a44-bd11-9858e5d0d356,2021,1108692,D
7c31e4c8-4f01-45bb-bc47-6ce37aafc3de,2021,106996,D
d1735024-2eb7-4b18-bfca-b82ed863186b,2021,95175,D
81442821-cd4e-41d3-b88f-ea392d8aca79,2021,95175,D
43f91388-2462-4de1-a707-7238d767e012,2021,95175,D
0b22833f-fb3e-42ba-8001-44c26f46027d,2021,95175,D
c41911e7-df49-4769-880f-abeb9ae42300,2021,99820,D
2912a61b-19ba-4e96-be8e-a80e27f6eca4,2021,20009,D
0e3bf381-18dd-4b69-9c34-07c4899d9cdc,2021,20009,D
38092c27-b43e-455d-a148-17aabd288cb3,2021,20009,D
fd7397a0-cafb-475e-814e-8ece08991385,2021,99820,D
896a22da-fae4-4419-aae1-442064874b8e,2021,58808,D
ba238126-0602-4e85-85be-ff2e066f5049,2021,1203177,D
6aaf5ab4-4e36-424f-aca7-8bebb9db6155,2021,67092,D
827d1b94-5400-4f80-b29b-1f9c31885bc7,2021,67092,D
02674482-ff8b-4a8a-ab39-e2e8616957d0,2021,98595,D
c999c36a-f162-4ee6-aa0e-060331963eb6,2021,98595,D
a79d9359-38b2-42b1-b769-ac2edbc96834,2021,98595,D
7ddd002d-a206-483a-9292-d898a009d4d0,2021,98595,D
01e0d0b7-4c3d-46ca-8450-bad91c08d782,2021,98595,D
c673c5f9-506a-4864-82bc-3b1aa338460c,2021,98595,D
92610863-c86d-433e-8b69-b1ab75f92950,2021,106996,D
95182506-eb29-4809-8703-3b0cedbf896c,2021,5000135,D
5a9bf9ec-1d08-4b1b-91c2-424f0200668f,2021,1322390,D
a0e5f253-bb63-4fec-ad2f-18833ae6c118,2021,1322390,D
5b1da2c4-be65-4b4c-a318-b4dd636cb09a,2021,20756,D
8d677577-97ac-49a7-8d11-c5a940167c6f,2021,12025,D
bd2613fb-6f7b-4605-b4bb-a02a4cc3a4b4,2021,12025,D
170fbbe8-cc7e-4efd-8668-469e07712255,2021,12025,D
9c1ca20f-d539-4325-8333-63d8274e90ac,2021,12025,D
1321cd31-1de5-4c92-bcaf-2e29d619b6ea,2021,12025,D
372c3616-169a-455e-96b8-151cfac29404,2021,12025,D
3697a1fe-c58c-46c3-99ba-6445e9b62e53,2021,12025,D
10745033-af98-4742-b287-e9e7e0c2ec43,2021,12025,D
7135fdfd-1282-4b5a-9b10-69cf141cda48,2021,12025,D
639e0dd9-fe4b-4bda-a992-ac10abf23bc6,2021,20239,D
a872f697-0138-4acb-afeb-fe7b40ce0231,2021,20239,D
c6fc43c2-5cf3-43d7-823f-90263af950c7,2021,1190071,D
513d32eb-5bdb-4826-a84b-a1ec00c4bb17,2021,1101244,D
3ed9cfa1-8bd1-4a7f-8d3e-6bd75a9d640a,2021,1101244,D
793167f8-7eda-4318-b712-e3dab77e7611,2021,12025,D
f14f8889-3bfb-4e24-9fea-f8117ffcbd01,2021,12025,D
372bbda6-6249-4525-a1be-9ac349d9cbfa,2021,12025,D
d2163105-b9a0-42af-84c6-8e5fb9888673,2021,12025,D
4b7587ee-d084-42cb-b9f6-7e93d7516394,2021,12025,D
13ee78dc-cc5d-421b-b7a9-fa394582741a,2021,49071,D
5438327f-182f-4eef-8181-a4666e64f9ae,2021,49071,D
711ba16d-7a9d-4233-9176-9e61e123e149,2021,64664,D
78647e3e-d486-4954-94d3-41101d279816,2021,1270680,D
41349254-354a-4ea1-a59c-bb64a6340f35,2021,12025,D
786243b5-c4d1-4cf6-a8b6-ff99c2206f68,2021,64664,D
f73d173b-7e3d-4b5b-a343-67ce5bdb0aea,2021,64664,D
7e98e85a-2f0e-4613-92b4-2c0efe96aff1,2021,60886,D
f58ab1b3-ca76-4699-a8a7-3f17b2231a22,2021,60886,D
c947171d-809f-486b-951b-4e5a63c3ccc2,2021,60886,D
badf722c-7fd8-4af7-a109-cec94613e9eb,2021,60886,D
2f254dc3-ac97-49c4-8e50-9d4af082d059,2021,60886,D
8c2d4240-23dc-4d0f-a69d-924d9a74b3a8,2021,60886,D
6c81c6da-0be4-4017-b210-6cd57692cb42,2021,60886,D
d276efe6-6883-4ef0-83d6-cf45a7c77945,2021,60886,D
a6bd6db0-890a-4201-b6e3-dac45cc919dc,2021,60886,D
08738a0e-5cf9-4289-965a-20a5bd515d42,2021,116770,D
706c2d85-cdf5-4486-a9d9-68e9baec5a64,2021,116770,D
6e416d63-449c-4687-a289-c8c124c1f67d,2021,116770,D
dc6f9525-0269-4bd8-8b2a-1b973536b4bc,2021,116770,D
34398f76-811d-4cdd-8103-175d39249f6b,2021,116770,D
3538236a-daaa-4ac0-a50d-ec8cfda2a67f,2021,116770,D
49845bbf-863a-47b0-9340-a121c5d3b51f,2021,1270680,D
0231506d-c821-403b-ae1f-bf31a5711885,2021,1139692,D
003d1b28-96cc-46fb-ae25-4b9cc48e59e3,2021,1139692,D
daa7837b-8bd0-4cef-beaf-206307a77b05,2021,1422296,D
7091d902-a0f7-48c4-968a-dd6f2f36b539,2021,1422296,D
ba7d95dd-e8eb-4481-8437-964564cba8ae,2021,106167,D
ffc5dd62-0a1d-48c2-8601-d8e405a86086,2021,10515,D
a67d2eed-7ba9-4128-98a9-f1b9dfcc4e3d,2021,10515,D
d1c7f1d5-5888-4826-b7bd-e4f0d59cbde7,2021,1330347,D
e74c905c-6bc9-4a3f-982f-1f88038a063f,2021,12313,D
467d6acf-bc10-43e6-9e75-9f8218d1d52c,2021,12313,D
859867f2-48b4-4820-9800-190824085298,2021,12313,D
e876d57f-8e2a-40f4-9d15-4fbebd800707,2021,5000951,D
10115d3f-ef50-413f-8a11-8995c9792d2b,2021,5000951,D
4514cb34-7347-4f98-9fa0-e42abdd87c10,2021,5000951,D
31941395-7966-4804-822b-a83b16a3fe4c,2021,5000951,D
eeab853c-2233-4d0e-8d1b-34713b60d76f,2021,5000951,D
fcd78d22-cd4b-4c06-bf78-dd3106dfa582,2021,1181115,D
fece5cc8-397c-48e9-aa87-870957cb84c6,2021,1181115,D
794cc9ca-ed3b-45d5-8b51-32ea58e46c0d,2021,113813,D
9c7223f1-5f41-4c4f-b9da-29f238886e6d,2021,82364,D
5341a2c4-f0fd-4be2-a7c8-654ace99d2e9,2021,1533190,D
e5ef1c76-37e0-4c21-a66a-aa6f0e14e35f,2021,1318224,D
8159c4a0-f2af-4e25-a5e8-61f47488f8d0,2021,1318224,D
35ce87a3-4d98-47ae-b31e-34627cf4fd15,2021,1047907,D
ab82c297-9838-47b1-9314-6f252ec59151,2021,43664,D
ae64aa40-96d1-45c1-bcf7-3f498023ea6a,2021,5000135,D
c4f28dc9-d715-4fc8-8132-077864f4ee77,2021,5000135,D
1a3251b7-836b-422f-b355-df8a6b8699fd,2021,5000135,D
f3d13e0f-e507-4d2f-a879-4737c948969b,2021,513,D
9be17483-94e2-4564-b748-892592405b27,2021,43664,D
88641b5b-5dc3-47dc-bcc9-25573b1bc893,2021,43664,D
4e8f3a7c-d6d0-4774-af3f-153da81ef5c4,2021,2209,D
87ee27bb-1000-471e-958f-83f74d086ffd,2021,2209,D
edf9de5e-4903-4fae-8649-e3a3296b571c,2021,2209,D
510befa2-f375-4a70-a7df-1427e9aea618,2021,2209,D
fa6cec4b-3222-43ef-a54e-13db62c18b39,2021,2209,D
7f866994-c222-4643-bfd8-c03788015251,2021,2209,D
4ed029e3-4593-47de-861e-5fceaa667b28,2021,2209,D
50248569-2640-41c6-b604-d26bfc6dfbe2,2021,1047907,D
61b7ddee-dfde-40b6-9bd0-7a5ea1fb50fb,2021,1042278,D
b4b47fa7-0bea-4e24-84aa-3ab1b9b4bc8f,2021,1042278,D
eecc9ad8-00f0-4d4e-8bf9-8b896fe932f7,2021,114616,D
9b718512-1995-4264-abab-d712d02c9e48,2021,67601,D
2386a493-4363-4188-9abc-a948dc167eb5,2021,103062,D
31ddde17-fa21-49b4-933e-d4ea70ff164c,2021,103062,D
b20dfe83-460f-49ed-8c06-d264b0ecfe99,2021,1385488,D
36ef40e2-cf85-4b9d-ba3d-4dc67b6e65cc,2021,18267,D
8ec7b303-ebc4-4084-9f19-6f9e612833f5,2021,1161716,D
fa00dd6e-6495-4d66-8f3a-b272726e0497,2021,88084,D
acaa9b9c-4cbb-48f1-aa9e-3b9b09c41436,2021,19047,D
79f1d6f4-3180-4471-88dc-c9d9c7f974a7,2021,9425,D
a96ca7a3-bb58-4919-8360-c15301f3f02d,2021,12313,D
f1ac0178-e4d6-41c0-850d-ee6a3d1e8085,2021,1306689,D
55a43ec6-acb0-4024-bb09-4fd378fc742a,2021,1306689,D
4d872dc9-30e4-4d27-90b6-ec486cc0f29e,2021,317,D
8c728868-6221-484e-8524-d60e71bbbad0,2021,317,D
6ba087c0-181d-4ba9-9d44-471fcbd91248,2021,317,D
92d0e78f-f702-48d3-a787-928fca359da5,2021,1102628,D
5cfa2b87-85b4-45c1-bc41-872247ac99a9,2021,968,D
77f001cf-7499-4c5a-860a-bae542dbe6e3,2021,18683,D
97ff8d0a-afdc-4689-976f-01733b925a54,2021,18683,D
2244340f-0510-4fdf-abaf-0f2c28931daf,2021,18683,D
7e90eb0f-ab40-4d76-916b-a7cff80bb650,2021,18683,D
f5a05b81-ec14-482b-a8ad-233e6739d2b0,2021,40343,D
4b9a0fad-9042-43f6-a060-c795566e7b59,2021,1118057,D
3ab97892-46d4-4689-be2d-97af3a008a6f,2021,50082,D
f4e99552-d4ad-4cdd-ba5a-c9a4985c8783,2021,50082,D
ea1e4e62-def1-487a-ab5e-601ba45ff63e,2021,5000951,D
72180d71-3b3d-436e-9318-f60d14af8291,2021,5000951,D
23dd7146-73ee-4a04-9a92-b23f434235ba,2021,20009,D
b9dd44be-254e-4ff2-b6ab-0bbb08cab81c,2021,117532,D
b6d42606-69f8-4d05-928d-b7bcd85447eb,2021,108660,D
1aa9e647-538d-4d3a-b398-1f8f4618610e,2021,108660,D
749f5821-bdb4-4bfb-9c10-7f441949cfd4,2021,108660,D
dbf0863b-572d-4f9e-a942-cef9c8702ecb,2021,108660,D
7c095521-de62-44af-aafa-7c6dae6670e6,2021,1117717,D
886d3b6f-4b62-482e-a497-85f4d8ecf630,2021,9425,D
fa82fa40-8cfc-4eb2-a43e-fe953d594d1f,2021,91262,D
4007015a-24aa-4647-8126-ad6514b08a84,2021,62484,D
90894a21-2b18-4622-a899-475199e366b1,2021,117532,D
18b73b1c-f341-4a90-8b86-cd5c6196751b,2021,1187671,E
798a3033-d273-4fc4-a5db-3721f43b37d9,2021,13595,E
086e3708-ff20-4995-be48-8156a212cd33,2021,1306689,E
9022122c-bcce-4ee2-bbda-059b9050d9e3,2021,113687,E
8fa24557-afed-426e-9859-e5244cb1dfbb,2021,98665,E
22e61562-2914-46d7-9959-23d3bd17c505,2021,13446,E
14f40371-586a-4a3e-905a-c0d4f75f7911,2021,1322665,E
20de309f-ce58-4d86-90dc-b58b4e6b7580,2021,1322390,E
1907137f-a072-49e3-9955-e852620c9f4b,2021,58808,E
f2b1d87b-3f55-4d12-a9ad-c5765820f44d,2021,1351760,E
60d91c3a-0fa3-4926-9da3-7d98136cc223,2021,19047,E
87b35c84-907f-43fb-8074-f5b1f9c02f00,2021,98764,E
bbe403fd-eace-4b24-817d-b54db1dea752,2021,18558,E
aa00826e-4852-479f-85b1-8e756cbf48e4,2021,1102628,E
bcce4846-47cd-46f9-ad23-b09283c115ba,2021,74737,E
3db332c3-bf28-4641-8163-4b3a5157d0a6,2021,19047,E
6cb0e58c-0f53-488c-97a3-000a79aabf8d,2021,37862,E
325537e6-377b-4ccc-882d-d779ee1dad8b,2021,13595,E
6a1473e1-61bd-4192-857e-f1b270fa161e,2021,19047,E
5ca5910e-b196-4288-87ed-8c02bae9ea18,2021,106996,E
bd589182-8672-4434-8e5d-9903a4cb63a6,2021,18267,E
3ced9dc0-c30b-4907-84c7-034cb723d94b,2021,112086,E
02a7c30f-7d30-4d0c-9db1-0c5f61768381,2021,13595,E
29f45e2e-687f-45bf-8264-725b97bac280,2021,11730,E
4a5d0d69-b381-430e-9012-f67b33e27fe1,2021,88084,E
e6b1c064-853b-4045-8dd9-28e853657e30,2021,1203177,E
081c7379-8ea4-404b-aea2-994c5149ed6f,2021,98665,E
2bbb3976-3edf-4903-9652-c2024f36fd05,2021,317,E
123a25ac-c5cf-4e0d-a9fa-692a17e40a62,2021,1322390,E
d9308f60-6dfd-4f48-8b22-708a18e807e1,2021,37862,E
b4d90d04-0c4a-4265-b367-cd48175c6783,2021,13446,E
ef9e7fa7-44f7-4267-a489-3e311e92613c,2021,57612,E
063c4733-2359-4260-b123-f57b82202f64,2021,88084,E
0d50c09c-46e5-4940-a4e3-22e04939de55,2021,1136142,E
082dd361-ca4f-422d-8dda-1a9000af1d89,2021,106996,E
f975fd3d-4a1b-4425-9eb5-421ac3fd0764,2021,18584,E
ff6ea124-86b6-4f7d-b10e-56adb6c11613,2021,88084,E
fb4cfd0c-fd64-4ce6-9183-467dde51e3ac,2021,1265453,E
bddf7a2a-c2f5-4b2e-a650-445eb51ed17f,2021,2209,E
b6d197a0-409b-4fce-bf8c-cd5f602b7b97,2021,968,E
adfb353c-3420-46fd-b350-0cb127bf972a,2021,1204325,E
0778de84-1ab0-48a5-85bb-e63e45c3c943,2021,13980,E
8172604f-121c-4e78-83d8-0b87abad51a5,2021,18558,E
2aaf7686-1be6-4cbe-8a0d-6e3472d3da4b,2021,1306689,E
44b95a99-16d6-4527-b226-e88f9f4d46b0,2021,968,E
7b7b660f-be5b-4709-947d-0a1a7b348bc9,2021,968,E
3937238f-f2b3-47a1-976b-f7eafabeaaf6,2021,94762,E
20f02b66-433a-406a-a7dc-599dc01d9724,2021,48205,E
3db28369-e766-40ff-8f06-bfc4275ac904,2021,37862,E
bada88fd-b625-4262-89dc-5c15cd202e9e,2021,91181,E
127f5068-27a5-44ce-b5c1-626dc6551916,2021,46377,E
2b38be29-3188-4180-911b-54c619c69f16,2021,1136142,E
2b721b96-0b6f-48fe-be13-ae63d027ea8d,2021,1148708,E
27a909f8-6154-46d5-8a54-8db8d19ccc35,2021,48205,E
f0867a72-2629-4a93-8afd-d0aed37b3e70,2021,9425,E
0f32e4d2-7297-4838-bc9f-f825e1e3bd97,2021,48205,E
55398054-23cb-41fe-9c84-54b581385805,2021,43664,E
b5da534a-f917-4a6a-b2a7-aae876f308d1,2021,968,E
15643902-c569-4055-85b0-11ab40207830,2021,19047,E
43120ebd-53b5-435f-9ff9-23aa79658b4f,2021,1322390,E
ba353878-c1d2-48e1-aedc-9c49fd474777,2021,49071,E
8d25a194-7e34-4100-b6fc-02f52a23c2c4,2021,64664,E
b66e3c06-f795-4ef8-99c2-52e5eb85c11d,2021,1102628,E
7983e3ab-a2b8-4581-b04d-2d959e28620f,2021,37862,E
2890ca45-17e0-4bb2-bad7-bb999b575f52,2021,43664,E
01defbbb-ab39-4cf8-b396-50523c638e0e,2021,104360,E
64cf1334-9126-4432-a354-52fbefc9a340,2021,19047,E
37918a18-c224-4e0c-8e48-a2561cf50655,2021,1322390,E
228891cf-a793-454c-8c68-cbb78dc7f129,2021,49071,E
8c8c972e-6303-4f79-afb3-c0df67ed5de5,2021,48205,E
2aeb0ebe-9d2b-4780-9e47-5b44c0ca5641,2021,48205,E
af564dd3-2268-4b20-8676-9232685596e5,2021,1288839,E
fdf9ecbf-9215-4568-b576-3054bbc58a93,2021,1376181,E
0f989637-7e44-450c-a40b-96eef12ce1ba,2021,9425,E
2fa340b4-436d-4c2a-baf7-f87d21de82f5,2021,13401,E
a6c737f9-2e9a-4d81-a450-6786e40fd0ef,2021,11452,E
554b12cd-ec51-4e3a-aaf8-52f69fc9aabb,2021,1306689,E
f7d6ab5a-5a57-472c-9efb-1fe5e476e40f,2021,117532,E
ab58a34f-76c7-47b4-b268-bb8d59ec5a98,2021,107360,E
681602dc-b72c-4894-a404-ddb47726dd29,2021,11730,E
ea64e88d-df68-4f8a-b17e-921aad429764,2021,11452,E
d56340e9-7cf0-4b00-b52b-5dacc7430dd9,2021,968,E
a7772d6d-2558-4d51-a068-a88c2d39e12c,2021,49054,E
fc576567-a6de-4149-ac5a-68b67b3e8d7a,2021,98305,E
3ebfa831-c1f9-4aa4-9a5d-08ec7561a45b,2021,317,E
bea0af92-9257-42e3-bac2-03e3fb90d2f5,2021,101942,E
75d952a5-8ec0-449e-adbd-d65f077b64a1,2021,1070485,E
a6c77b0f-04cc-4f23-8730-231fdf98c118,2021,2209,E
3d625d95-86f6-47fb-b276-81f1d09c0b93,2021,19047,E
744bf7d7-3564-4e73-bfe0-5c7098148aa2,2021,98764,E
091ddf91-6797-4592-9f28-d6d76669b405,2021,317,E
53729596-27a7-46e5-adf0-768f20fd1536,2021,968,E
f7800671-678b-4039-90d6-93717b5704be,2021,1427745,E
7886f336-85a9-466d-a795-2e32278bfc21,2021,106996,E
56e08417-a6ba-4db9-b0ed-b8de9f551991,2021,1322390,E
5a34f52e-002f-414c-95fe-0f95fa6421b9,2021,98764,E
e9b1dedd-a327-406b-ac23-d7b481cb066c,2021,83388,E
454877ba-c3cf-4fdc-bfb8-182c4c904004,2021,43664,E
71ca28a2-a421-4594-a374-68a373e5437a,2021,88084,E
6d9fca36-39cd-4a8b-8c19-8eec29bdc800,2021,101942,E
509aa098-1992-409d-88e6-ca11bf642f56,2021,13595,E
428d87e0-9af7-4dcb-8095-32e6690340a7,2021,20030,E
d456fc70-1c2b-4b02-88ff-f1049371d457,2021,43664,E
d4143ece-0ddb-41e8-8036-4cc3d173f00f,2021,1270596,E
df5fc4fd-74ba-4aca-ac9b-cb37ee290dd6,2021,107920,E
a65ef365-3d1b-4636-9546-d1cd98d2f2e6,2021,101942,E
b9ed013a-b998-493a-96db-0584de36d36f,2021,5000143,E
32ca295a-a69b-4bb7-9b65-6cdd1cc5a6a1,2021,37862,E
42ae180f-18d0-4712-8565-c5b7bcf17937,2021,48205,E
65ddd181-7e4b-4a07-9707-58ff46b9fe45,2021,106996,E
b70e7415-dd40-439f-9e49-c1699d1ad44c,2021,19047,E
c45ac7db-bb3d-4c43-a288-bd5e47add7db,2021,1070485,E
392109b0-017c-4057-8730-31e48158373c,2021,13595,E
c35f9897-0ac9-4f77-8771-9174186bf9b2,2021,48205,E
7007e67b-3a32-452d-8b39-9c6bc78cb082,2021,98305,E
054ac078-0f47-4fa6-b8b3-09c1366a4f4c,2021,37862,E
effc0bfa-877e-44d5-9a2a-5a9e872d3dbc,2021,20030,E
9d155d58-4f3b-4b02-9f83-ae5112c0ab8f,2021,106996,E
e3e5f0c8-49b0-4381-899c-b624c81517fe,2021,1322390,E
e25de56f-5403-445f-994e-9c206a5ba170,2021,13595,E
82a2252b-4262-4cbc-a31e-59adeb57593e,2021,94762,E
aa32fb1a-c2da-4a94-a3a9-a1b016d3d7ee,2021,5000135,E
5d3a21ce-c0b0-43f7-9722-0c1d61f640d9,2021,5000143,E
dc1bac45-fd29-4d86-a68b-2ca6ff48866b,2021,47069,E
a8ff40be-1971-444b-99e2-6c473f211c35,2021,1101244,E
81add0a9-486d-4c04-89d5-ee46f00ded5c,2021,20030,E
34670cf9-e32a-44d0-a972-bfa6dd9e1a7e,2021,968,E
f526a4d5-1851-47ad-b2a4-816c02bb7055,2021,968,E
9e542084-5c5a-4d6a-9778-80767ed642cd,2021,968,E
92885f34-b2b5-4a49-8aff-b835861d1a70,2021,20933,E
f1cd2059-c429-46c1-8de6-69778c3617b9,2021,43664,E
02c50739-bf59-4182-a63c-7e17a0f125af,2021,13401,E
934d46d9-2593-4976-a874-68f2de5895dc,2021,9425,E
94459636-d245-4e60-9420-8df0d51dc619,2021,318882,E
11af3d9a-b65c-4d5c-b79f-f1540300eb8e,2021,106996,E
44f104be-5979-456a-8020-e2b42ed4e7d8,2021,48675,E
c5df6c70-8ced-4cc0-ae8d-737f07e4ec01,2021,9414,E
63479bc4-6802-4497-8dc4-ed35590c82d7,2021,113455,E
87c4c419-6876-4305-a66c-081ce42ec7f9,2021,20030,E
1a90a4dd-0cc0-4546-8af9-1ccebba8e826,2021,95175,E
44a220f0-5744-4582-940e-3a52b41d9416,2021,19042,E
0596c736-1952-4ad5-8763-13f0eb30c040,2021,20933,E
a826e094-4273-4036-856f-687b841c5a92,2021,5000135,E
5ef29d63-3980-45cd-b6a9-8118701db599,2021,318882,E
bbe86d3d-c4f3-478f-bdca-b2c1f6df7291,2021,37862,E
2eb57406-332a-40cd-af99-02e404044beb,2021,98764,E
feb190fe-07da-46db-b0c4-ddba0aebf4e4,2021,57606,E
671386ee-afe7-4fab-a9ae-d47c77049f34,2021,107360,E
45923713-0c5a-4785-bff4-a5fc922319e5,2021,11452,E
93772ec2-7cbf-42f6-8409-ab0e296536df,2021,1385488,E
0dbe1958-bcd3-452b-9e70-dd6d8f47b050,2021,1288839,E
c9dae4c8-1e04-45e9-b14e-72f35ad99ad7,2021,1322390,E
dcc00640-a82f-410d-8b79-d257e6855d42,2021,1376181,E
b6c7f752-c1f0-4695-bcb1-bde3a3ad6a83,2021,1376181,E
0717fff2-b25a-4252-89fb-e545eab840b7,2021,98764,E
f5ea649a-dc93-4f40-821f-ffb97d21d19a,2021,103062,E
f1c33f1f-502a-42da-b1aa-b10b8b6e040f,2021,19047,E
830eef52-52ef-43f3-b1d6-8ee0094ed2a1,2021,74737,E
fc53a973-4acc-4e2f-b610-7bf8347be041,2021,98957,E
609d9a8f-3323-4196-b285-2f3c7689a430,2021,118994,E
93efa943-8709-4753-9d7e-3549c1e98877,2021,48205,E
950dda02-057c-478a-bc37-f9db66f383cc,2021,1322390,E
f4870037-b9b9-48b7-a00a-d32dbdd7a737,2021,968,E
38cf4465-1d46-462c-b8bd-b2fad5411250,2021,94762,E
4f6da54c-2a26-4b3a-8a9c-2b5952f3c0b9,2021,1148708,E
08b3d065-a1f0-4b47-9868-73f7d011fcc5,2021,53333,E
21f5061c-ebec-4272-b84c-e3c38d885e16,2021,1330347,E
0c03ef66-34be-4a21-aba3-6a5c62875d66,2021,1070485,E
55e7a3fe-d7ca-4a6c-a07e-9202cde1727e,2021,1315444,E
962e008a-87e1-43fd-9c75-a2daf6821505,2021,968,E
d39b5aa1-ec9d-4906-b302-cc65fd886328,2021,1136142,E
54b7c6c4-326e-4310-b608-c33334c36da7,2021,74737,E
2e9b8f48-c945-4f3a-b197-b5ad3307d9d1,2021,106996,E
f3d64dcd-b876-453b-a68b-ccf5dd56155b,2021,1139692,E
70f73187-aea6-4719-a805-008ae9ceaa07,2021,55777,E
ed9e51f5-5b0a-4c1a-8b7b-c2a7600fca52,2021,20030,E
30052556-13f6-4f94-a5e2-42eb4e45b618,2021,86326,E
878512f2-52dc-4543-9c60-38c3d4e90dbd,2021,41238,E
17b38fd9-9101-4bf6-8bbb-aaa6b3384e9f,2021,5000143,E
3979a4a2-e18f-4bac-9bd1-6623f169ab2f,2021,1132918,E
5d3f7556-17f4-4b7b-8f67-fd03403194c4,2021,101942,E
56a768ed-2b55-417a-b8e1-b67b53600621,2021,98665,E
5097dbcf-b891-4ae3-b5b1-dd5c45bd144b,2021,83388,E
53687a95-8b2a-4676-b0a9-d92e9fdc9edd,2021,20030,E
56bbc7ec-de0b-4fb6-bdb0-8bc3410d9fba,2021,107920,E
52c82126-cb16-4c2b-b77d-84afb7b5b28b,2021,1376181,E
6644f29f-5ff7-4ef0-a494-60aa28642cc4,2021,55777,E
3bb32944-7b65-48e4-9fc3-0ec84dc88224,2021,87396,E
147ad6dc-e52b-41a0-aea3-1a6fa8b8f9c2,2021,41238,E
8b4bc50a-f2ad-4dd1-9691-f17a0b4c4f0b,2021,11452,E
eb92fec6-ae74-4c6f-ab37-dd3ac4a17d5d,2021,95017,E
3e06ce00-ca4a-4dab-bfaf-8311374efed9,2021,107920,E
4284d511-dc48-42e6-b470-81f34efc0336,2021,18558,E
8a9c0bb4-d4a9-4875-aa3d-e394277b4895,2021,55402,E
d16fb99a-9737-4270-9af8-fc0ca50e57e2,2021,41238,E
5fc62462-596f-49c1-9e74-a6197904c040,2021,19047,E
c615e04f-a6e2-4051-98f3-7fcf974cbb40,2021,1427745,E
4a8ece3d-222c-4453-b5fa-7446eef836b6,2021,2209,E
9ca4bc3b-87a6-4cf7-8a22-a0529f7556e8,2021,968,E
1f2d7586-b024-4885-982e-3bb68789a594,2021,20030,E
4fc4be73-ee01-430c-b36c-a1f78ce15b63,2021,64664,E
3814124b-0529-411f-bdd2-cfcc7705138c,2021,49054,E
bb3ceed0-ef87-4d6b-ac26-a7c897011241,2021,94762,E
170f7d1e-7784-445c-acb2-4ff15267c19a,2021,95017,E
4af5b8d8-9cba-49b7-a56f-a8040741f4b8,2021,1181115,E
4bdee690-6a5a-48e1-949f-eced8c112ce4,2021,13401,E
35443d5f-2649-478a-8361-70fa0a9bb0ed,2021,1376181,E
b4252a47-5ac0-4461-a155-2563c1995ee2,2021,48205,E
26a9a6b7-ac61-4311-b5a9-3ab5009270e7,2021,968,E
f32f1e59-af46-4e95-94aa-eff6a77413a5,2021,98305,E
67f65bf1-2bcf-47d0-9898-7b0bb15de1c2,2021,1190071,E
108b32f9-cf20-4001-84e0-8c4af51b4bff,2021,1283028,E
937f696a-d486-42be-b6e6-9ec296abd708,2021,49054,E
c790e183-836f-4333-8873-9e1524c3434d,2021,94762,E
19c851b4-0d9d-49b6-842a-fe7a6a36d0de,2021,1187671,E
6be45cae-525a-4bf4-8654-11bfab560d9c,2021,43664,E
2d54b786-d5ea-4d82-bf59-bb28e7f5900e,2021,11730,E
318f6302-1930-4091-805b-ed04937aefcc,2021,1330347,E
b140fb7e-aa5c-46e2-93fb-31d7ffaf1052,2021,1318224,E
1d2eb617-11f5-4d03-9c3f-804d79abf72b,2021,106996,E
58fc65aa-cf16-4d73-a2af-ae7ce0dfe369,2021,968,E
cb0ab09f-4cfc-422a-a9da-f4fb09a8e1c1,2021,1102628,E
8b5b6726-ecfe-4447-b63b-27b9c9fcf8cd,2021,94762,E
8349df44-b321-4700-b9e2-738ec73384a6,2021,968,E
95146946-e6be-4d25-85bd-47d0d5f7a098,2021,1136142,E
22167a07-5d7a-4244-98a8-60f59449c026,2021,11452,E
397a532a-d3c3-414b-80c1-718122359b8f,2021,968,E
d4a3d802-7bcd-47a3-8251-e6f828f33c8d,2021,513,E
2f924d4f-e184-4e18-9e8c-2c196e5f5c45,2021,97778,E
77994ae4-f15e-4b57-a46e-12453b5729e6,2021,37862,E
c6f83383-a988-4cad-a9de-0bac1da225a3,2021,74737,E
b3e273c7-b4a8-4b3b-892d-3f905731f41e,2021,19042,E
de62d71b-0845-4ca5-b5b0-5c54da40cf3e,2021,1270596,E
b33879e7-e15f-458b-b18d-b9c96f7ff5d2,2021,1376181,E
206461a6-feb8-4c2f-92f6-ae29b6396931,2021,968,E
f323ca06-f7c4-43f2-b0df-9df70786f557,2021,20933,E
fefb6680-3c4a-4140-a24f-ff384ca225d6,2021,1136142,E
20c6877e-6060-4c71-8ab7-072a70bbb475,2021,13277,E
c84a6c12-c744-4718-96ed-321c7037f12f,2021,107920,E
d247239f-07d6-476c-8aa1-206a8e16b4d7,2021,1187671,E
25a9cb44-c4dd-4b05-b811-a31153b39b97,2021,101830,E
b4fabf6e-7473-4944-a5fb-0b67a65c3b02,2021,20030,E
a1f53a29-0229-4d4f-a26d-dafd2b2a5c94,2021,108660,E
aa7f7039-312b-41bb-9e8e-57db4f202a4d,2021,1385942,E
14fc47ed-eddc-4089-8be3-c9a72aeb5921,2021,106996,E
4ecee465-7c00-4d50-b1d0-6c640c0e70ee,2021,18683,E
417c2119-8dcf-492d-9b89-d801bef701d1,2021,968,E
bd697ab9-f264-4be4-a516-87b27fa8b1bc,2021,104360,E
5062e352-236e-4401-8c82-b15a44e5d8fe,2021,98595,E
cb6eac22-a19a-4e35-b214-044cb824a2fc,2021,1181115,E
b66600b4-7e28-42ba-a837-99ea3bd51e40,2021,18683,E
632396ff-a7f3-4d3a-a26d-54741131a92d,2021,1103723,E
ef28b8c9-0798-440b-9d67-ea828ef4e2e7,2021,20030,E
715324cb-b309-49d6-a536-7d48003ac0d1,2021,1283028,E
50f760ec-e62d-4c2c-b4f2-70ed9d27d123,2021,101942,E
74d9b4dd-b864-4db6-89c0-be5573913cb5,2021,81210,E
668cbabc-578e-4d47-93a0-8b732bc113d6,2021,99406,E
2910c7ab-1104-4390-b2fd-64f008da01ac,2021,94762,E
25467a3f-035a-451e-8f3d-a9205395b97c,2021,1190071,E
974bbae9-ca0a-493f-8179-598104b02443,2021,1270596,E
251b1f07-eed9-4909-b1c6-275fa9311910,2021,103062,E
5a87b1c2-52f3-4a00-8bb1-762d6fecbb1b,2021,108660,E
14c20566-6ff9-4350-8dc6-67e07746e14d,2021,513,E
00d699ca-a0cb-484b-bfa9-fd39ee8715e4,2021,1306689,E
c4c9972d-f2cf-4791-ae37-a3303ab66cfb,2021,48205,E
7cbefb34-bdd6-4a39-b33b-40633ce2dbd1,2021,968,E
d63d7cec-e7cd-43e4-a755-19b66754bfde,2021,13216,E
3b12112a-f93f-4f83-b193-322b6da00f87,2021,98305,E
ebfb77f0-3c75-4da3-b7ec-2c87c12c4970,2021,47051,E
0a6b0c67-e2ea-4682-8760-4e484887a1a5,2021,20933,E
c9838e12-f240-42eb-a1e0-5fb28d4c9c1e,2021,106167,E
ceee1b58-6a1b-4d82-ae45-8abbf51e6315,2021,67601,E
f6953fc7-7fe1-4390-8ffb-b9f0d8f8bd31,2021,18558,E
6f69f26f-5236-4f04-9cfd-501330de50ab,2021,22047,E
2e5159fe-fefc-4773-ac1a-f623e7a56b73,2021,13216,E
3f9008a1-0dde-4563-bdb0-62591f8dd418,2021,18683,E
e8c0a976-ecb5-40d9-a171-526e71c14c5a,2021,317,E
33b47585-6d2e-4a22-b49e-c48e1c8ffc81,2021,1267543,E
271c78ed-a76a-4569-ae97-8c815da11c2b,2021,22047,E
3321b48f-d19b-41ef-80ed-7ff5ceb05ecb,2021,20756,E
3ee089d3-41a5-403a-8f81-73a0a5b6b9df,2021,106996,E
45392d14-37e9-4796-8638-9736b2797150,2021,317,E
b379d01b-b3a2-4d58-a3e6-d5abc5b31cfc,2021,1269545,E
afa36af5-fa80-420e-aae4-3b51a71a7b47,2021,18683,E
a55b32af-9294-47f7-9104-e9dbeed6a7db,2021,1047907,E
692824f3-7338-41ad-b8e2-9a08989beb6a,2021,1204325,E
2f793619-bbd0-4ac3-a600-94cde1e61bb5,2021,12313,E
9e166f1c-a67e-4fc4-b27d-8d8a54d5cee7,2021,5000135,E
5695c1cf-df68-42a7-affa-a35ea5abfc52,2021,67601,E
86c9fc00-1e70-49a7-b69d-9650dd560364,2021,19047,E
6592876f-f7d3-4198-9f30-8055517f020d,2021,1136142,E
6d0be4a3-6e76-484f-aef6-e4295a3c906b,2021,5000143,E
37d82703-13ec-410c-a51b-124bdd447b5a,2021,1187671,E
1ae7a690-fb4d-4d18-9edf-b3ede66bdade,2021,20239,E
114392cf-7a4a-4199-8dad-ffa52cb0df1d,2021,11452,E
5625d911-91a8-4a35-ab0d-e59e71d6b61b,2021,50082,E
7ef18243-8315-4a52-9fc6-358c14a12482,2021,1101244,E
17171154-0546-4214-8fb5-b0004584a6ee,2021,40343,E
064224d8-8673-4347-865b-72f999c5b627,2021,20030,E
78b292a0-8cec-400d-9f9f-20d6f9b198fc,2021,1385942,E
1fc2c30a-dbc2-4d7d-a3c1-5912241e6972,2021,20030,E
f04b0920-e0a9-46f8-b4ee-557f7d3b0531,2021,88084,E
c50274f2-f92c-4f56-a1f8-125fdd0556bc,2021,1351760,E
ad425c5d-c96f-4e77-bdc0-330793cff69d,2021,68930,E
9f912a93-7743-4f5e-81f4-ed88ca7abbe6,2021,968,E
f4f0241c-785f-40fb-a6bb-33550311b845,2021,10515,E
4e5b5ca8-b2e3-4d17-a9a4-281f069f060e,2021,317,E
aa931fb9-156f-448c-bdf9-6ad83c05a687,2021,968,E
594e2ee4-ef2b-4734-b992-94042129b2f1,2021,13277,E
cbe67c3d-531a-4339-9f0d-01dea319c0ee,2021,13277,E
c1ab3fa9-8918-4d37-b2b8-9fd1d4a111ff,2021,1265453,E
5b7f52e6-fb9a-43cc-ac99-278a5f7a4f20,2021,48205,E
4507f829-a428-4c46-ae51-bc78b3ae0433,2021,106996,E
1175d288-adda-452d-8991-f2be719be49e,2021,2209,E
430b46c5-b213-47cc-a0c2-2080c3189457,2021,95175,E
38d185bb-5af7-4174-8b9c-e05fce6a2150,2021,101942,E
c1fcd561-6283-4877-99cd-46bf056e1ceb,2021,13401,E
2cd1cafd-95e1-4120-a172-ea5a4a27e61e,2021,118420,E
31b9ee81-9a07-46e9-85a0-68913d8bf420,2021,1330347,E
a0587bd7-dda8-43bb-b59f-860ddb2bcc79,2021,11730,E
60cf191a-85c7-466b-aa24-f96e394893bb,2021,108660,E
53c33b8f-d5f3-4034-9384-4d1f1d910f61,2021,11730,E
db5a4524-946f-4df6-adb9-ba3284e25764,2021,114616,E
1b43eef4-8fac-4177-a2ba-722ef06a5475,2021,68930,E
4dfcb08f-543d-4695-b769-eec83a8c9a01,2021,1322390,E
1f5c103e-4cd1-48c7-beed-c13b2266dd0f,2021,43664,E
a2f87dc0-11ce-4029-b1c3-69806df1245e,2021,11730,E
87ce2b46-b535-4828-aade-8a838b5a3fa1,2021,968,E
4eb5e256-c1fd-43bb-af33-2ef14bcb01fc,2021,968,E
31aeb2de-85b2-4a30-b666-b638105d3245,2021,55402,E
5863fd93-a3e0-4a9c-ae53-a4254bf4e127,2021,20030,E
2576407e-2ef2-432d-84d9-6167f633ad99,2021,48205,E
bf7880a2-26ac-4506-9d22-241fb5cf3605,2021,1385942,E
bf3a9b8e-7df4-49c3-9d5d-bacc440940d8,2021,113687,E
82087530-26e2-42c4-9b6b-48cfca0686ea,2021,47505,E
9535bb42-4ad3-4f7a-9cf3-de32833c016e,2021,18559,E
16e9fe38-892c-4bf6-ad80-56b8b8b45f6d,2021,1136142,E
67715642-bb21-4566-b8f4-c362b23ba401,2021,55777,E
ac869ea4-c8b6-40e4-aa48-4b9694aae2e6,2021,1136142,E
1eede04b-1906-4735-8ada-6f3b073dc4b4,2021,83388,E
91693b38-be91-433b-b6bb-e3fc63c89d9e,2021,62484,E
1fed8d8d-e271-4e9b-9d0c-4fad879da6f1,2021,1148708,E
c7afc95b-c520-4999-a55e-41bd27bc005b,2021,37862,E
133a6d6e-e9c8-49a6-809a-ac8ffe498132,2021,1315444,E
86aac990-5d40-4c01-a766-775e75a6474d,2021,49071,E
7ae7b3a7-9f82-4c33-8c58-667c9688cdf5,2021,1306689,E
3f2c9dc5-9eac-4752-a910-b3b4200f7361,2021,968,E
b9cf8702-6297-474b-8fa9-d21f0a466209,2021,513,E
c60a25b7-85be-4dd9-b622-2bf5793ea544,2021,13277,E
894d685c-443a-4a98-a25f-b646a040dd2d,2021,47069,E
b9b785a9-3672-4e4f-9d1d-10f0fe5e0d79,2021,1070485,E
389ee062-e35c-4f87-b366-becef7f6e9f5,2021,1132918,E
ecbd4a68-1a2e-4a86-8a65-ea7b8d18cb25,2021,2209,E
af26617a-d6dd-4750-8a5b-3e23260c8aea,2021,1267543,E
ee9e4662-c859-498c-98da-e517caba64da,2021,37862,E
94e3f3b5-07b6-43ca-9822-215cc2feced2,2021,1314243,E
f0f171c9-5ffa-4ec6-aa09-969063c4b315,2021,5000143,E
390210bb-c3f8-4e84-a67a-3a6d1e3675cb,2021,13595,E
1bf7b871-3694-456f-a2ea-f90b4f67ac6c,2021,95175,E
d0f59905-22bb-4d47-9a57-15d3f18d409b,2021,5000135,E
936a0a14-9c66-443c-ab9e-2402b3626d32,2021,11554,E
fc90ca83-841d-47f5-819d-212b6880148c,2021,18559,E
553f56f2-6e88-459d-ad85-33651025d2cf,2021,1267543,E
03e79708-5149-4a1f-ad31-16ef7ac90ed7,2021,11554,E
f895fcdb-85ef-42eb-9f87-efb3fa71500d,2021,98595,E
67c9e2f2-c54c-40d7-8bb0-27eda38cdc8a,2021,108660,E
34564c82-7e5e-4f98-a0f1-ceb0311e4b82,2021,13277,E
b30f221f-a2d8-4776-88a5-6388ee69fc85,2021,94762,E
972584cb-f26d-44d3-8f37-1c49adeb91ff,2021,88084,E
ee99adcb-fde5-4a87-80ee-d9ad08df7d0f,2021,49054,E
7e04173a-1ec8-4ed1-8975-1cbaf6dbe32e,2021,116770,E
d798e9f2-77da-4ce2-8eba-c7e78db27b58,2021,57612,E
b920334f-96f3-4ce7-b27c-8734f85dcf53,2021,117022,E
820fbc18-79dd-4699-a09f-1ea322a75cf9,2021,113813,E
d17bb2ca-213d-4744-9fd8-44f17f23c309,2021,13446,E
1350dce5-37d2-4bac-b594-c2370caa1383,2021,90030,E
91f14e14-d44c-4aa0-bc66-8661cbf0d381,2021,13277,E
ba126e1a-9135-4ac8-b55e-84452c893128,2021,11452,E
c64fd601-a0ab-4811-a522-f6747d68748d,2021,11730,E
64aafab7-b215-49aa-be4a-d5904d2454f4,2021,94762,E
ab6ee25a-ecf2-4bbc-923e-0d60b61ab035,2021,20030,E
fa11d593-f9ed-4866-81d5-ef1bbc75d130,2021,2209,E
e1b41357-34b7-450d-9bcf-3b7a8e9dfb45,2021,18683,E
3c3fd8ac-4644-47de-b261-fd8d5aa841ca,2021,5000143,E
d72d63a0-d38f-4f50-a6b6-fb8347b205a5,2021,19047,E
8b5b68ac-7e5e-467c-be6b-6448caab8b20,2021,13277,E
d120646d-9a3b-48b6-b5fd-a7123d5109cc,2021,1267543,E
8c269c19-9ad9-4e91-ab8a-3bb6f6212d12,2021,74737,E
59da6d03-7047-431d-b1c0-e0f5c14f40aa,2021,13980,E
ca6639a6-d964-4b13-9e22-64b2441bbc19,2021,37862,E
69a2809f-f574-4abf-9441-53a8666d46a3,2021,1267543,E
28ce445b-a3cc-48f4-8ef2-2b7678c8c600,2021,1102628,E
f2f6fa8f-d2de-48fe-813e-02c77d22303c,2021,98013,E
1b6b9583-7e5a-424f-96ee-c6ef0df2f604,2021,1265453,E
8fefd9a7-f39c-4e32-8974-425fff3e5424,2021,1136142,E
c315cb42-ef12-435b-a172-a248edcbd71d,2021,118420,E
47696b6c-7143-453f-ab2a-0da5f6d3bd75,2021,1070485,E
4127cd96-5bf7-4194-a644-34e39bccf2b4,2021,1136142,E
8164ce16-01c0-44f0-8e2e-c7aac5cf4605,2021,1204325,E
f5bdd420-c97e-434a-ad35-a757f1fa575c,2021,91181,E
a6b738b1-5b20-413d-bf14-36e7fe4c4b7a,2021,1306689,E
9957e929-590b-4332-961e-2f4b18edd76f,2021,13446,E
13c84c55-8a13-48c3-9ee4-4b12bfb4c897,2021,1318224,E
185d1b2b-3224-4339-a5b4-edc957fb0410,2021,106996,E
36d829de-6cf8-4950-b0a3-e4ac40bb9c33,2021,1330347,E
d507df1e-b38b-4a3b-b205-341acb60be9c,2021,18584,E
10954dd3-c86b-4bbd-b9cf-f8650a1dbdb6,2021,90030,E
4c072715-e22d-4443-8e03-e604e1cfbcaf,2021,1300284,E
e3a6b398-09eb-4d86-bc85-bfd09e655d3a,2021,118468,E
1cddd00f-6c30-4097-bc3a-6bf177143fb2,2021,19047,E
8aa9956d-059b-408b-b323-58c124c0f732,2021,13401,E
c8f32cc1-5713-4a28-af3b-f178ae228b31,2021,94762,E
be7416c7-fac2-4eca-808f-e8f12ba6ee5d,2021,19047,E
445e803e-bfa8-4dbe-b70c-f0e51a2d4fd6,2021,37862,E
525eea49-9cb8-4c7e-a495-5da4770067c3,2021,22047,E
6251e9a3-bd1e-4736-93c8-b383b0861d71,2021,1190071,E
0a7f6cfd-3d3a-425c-9f38-944e3782070e,2021,50082,E
96732ae3-3e6e-45d7-b77a-c6f0f16c1138,2021,20239,E
324938c1-c593-49cf-919f-44564e78d86e,2021,64664,E
baf3722f-8901-4b98-a274-3a234a586130,2021,13446,E
2b0c5df1-9655-4e4b-882d-353e5f4a4cd4,2021,2209,E
fbcfd501-497a-4221-9900-cff9bbc8df98,2021,49054,E
938e1e6a-973d-4b3f-8177-8b07e9cdd25a,2021,1385488,E
2cf390ba-ed94-433d-a8b4-44f46330ea09,2021,13277,E
507a5aa4-f03a-445a-94ce-361b86194b98,2021,1136142,E
bc3ab829-0254-4971-b49a-2156f5d152a7,2021,968,E
5407f333-0a38-4e2c-8570-3ce7cb6471b0,2021,9414,E
2dea25cd-a99c-4ec6-8c82-b36c0ed39090,2021,116770,E
1913e1b8-b6de-4d59-9343-96558172cabf,2021,68930,E
eabb92d0-075f-44bf-9154-e5356584af8a,2021,1190071,E
37d0e1c4-7fde-4489-9272-d79a7959382d,2021,107920,E
61f4e06b-cea0-4c8c-883a-df8b3c458a7c,2021,2209,E
3370d86b-cc67-4e1b-bd99-8fb03950dac6,2021,1136142,E
01ea5826-1d57-4160-b1c4-86a82ede3c9c,2021,117022,E
896a827f-dfc6-47a1-823f-1f568058a1a0,2021,1330347,E
c005a043-e08b-4d94-8327-87635d7433b5,2021,968,E
2b90ea22-ca2d-4bf2-9a42-512aded8c34e,2021,118468,E
65d31af3-ad34-4043-b275-30076b353e4f,2021,9414,E
05c788bf-83c6-4573-91ab-04e023e345fd,2021,64664,E
3734e4ce-fe90-45d7-a4dd-ffd1998e7b31,2021,62484,E
8d35838e-61a6-4425-9d70-e367dd700dea,2021,513,E
fc6b3c7d-6ca9-41b5-b511-bb8def2a29d6,2021,1136142,E
0a24709b-5b3c-4066-8012-d47de8c82baf,2021,64664,E
d8523f36-c7dc-493f-afb9-00030120f07f,2021,113813,E
fd4c8e2d-0597-4dd3-9dc5-874c376cd8ad,2021,5000135,E
abdecfce-2aa6-4558-8c93-c5ba560a757d,2021,117022,E
0146afae-b878-417d-a082-89022f165388,2021,47069,E
81ac5b7e-32d0-462e-b0a5-4dd7628e31cc,2021,49054,E
f3ce99d8-4fb6-4d61-a1c4-953364cc1d69,2021,1267543,E
c986e545-602f-4b23-be9a-04d2dc429a93,2021,107360,E
3ad0fee7-a1d2-4af7-bd15-5b976022ee0a,2021,20239,E
331332fc-3d51-42e3-a557-7b2e36241ba1,2021,18671,E
2ecfccd8-69ee-4674-a29c-cf481ac7ea9c,2021,1288002,E
da1fa17b-dc56-417d-b14d-c066efe3c98b,2021,47505,E
979e2d78-e586-4ce5-aec2-f863f16ba1c7,2021,118420,E
612fa690-67dc-41da-8c54-449bdc6779c3,2021,98013,E
0d3261f9-8174-43ea-b720-d34ebe7093e7,2021,1322665,E
352f5e30-ad3a-42f4-b4f7-4d08eaeb941e,2021,1288002,E
57047206-aeda-4087-b16d-bd71536fad7a,2021,107360,E
7f0720ea-0296-422e-a89d-a0c7e6668218,2021,18683,E
8abc7e09-eeea-4791-a660-d4c072f55600,2021,13595,E
b27e685b-6e4a-4be7-bce3-b59e673d3bdb,2021,13401,E
30117569-9f4f-4d9d-99e1-ec501159886d,2021,67601,E
e649fb8a-4d6e-4d2e-b717-2066df68d84e,2021,1118057,E
37ffc673-c534-40ab-8177-79c384e26f3b,2021,513,E
48fe7e82-c4be-4799-b53e-64fc6e9b0712,2021,13446,E
e7514ad2-2c73-4a9e-a95e-40fb1e1f2564,2021,2209,E
10882454-9ce4-454d-b50b-6c50f2a35db0,2021,108660,E
22cc33b2-334a-4264-b4b5-6992ec0d788e,2021,1376181,E
d3bc058f-0c99-4376-9262-b2b006fbe85b,2021,95175,E
78b2310c-b3ad-4115-906b-a8cfc62e8a8b,2021,62484,E
796ae899-59c4-4607-933a-6fbb6558bff4,2021,47069,E
39075a57-3e5e-4387-9328-e742155f3135,2021,13401,E
126cc5c9-6e84-428a-8e99-4c22ca02cb78,2021,13401,E
7dfea20e-3ec1-429a-86bc-df426a16e2ca,2021,1322390,E
5e887d1c-ca78-4945-9369-7614044eabf8,2021,47051,E
7c02e931-c9a3-4f17-93bd-bae9e910d825,2021,1190071,E
68f2af99-8d9d-42fc-9e96-29b6f5396d09,2021,13595,E
1170d465-0359-43cc-b1f5-966b87bf1f27,2021,83388,E
647570ea-dcbe-4a47-b000-e9254499bad4,2021,1136142,E
411e94dd-b8c6-437c-958b-496ee3dc521c,2021,13401,E
3e524a71-1dc2-4d78-854b-9700e17cc9bb,2021,94762,E
13ee5c48-cb35-4201-944d-26adc14403bc,2021,118420,E
e2314cc9-61e0-4930-a2c0-10689ef491cc,2021,13277,E
93501db3-bdc3-466a-89f0-8ea26a37fbe4,2021,56172,E
704315d9-5513-4d23-bb2c-8b5a8568681c,2021,47505,E
259835cc-89f8-4b60-8180-88066db772cf,2021,56172,E
43f020de-0bf1-481f-993b-a47292d1e510,2021,1267543,E
605593bc-a23e-4235-be33-bfa4536a20d9,2021,1267543,E
344c9ffa-d639-49bd-abff-949fc51e7148,2021,107360,E
ada69eae-b760-44d7-b26f-c8d7a5f1a86c,2021,11452,E
6dea05b9-111c-40e4-b2ee-023a71efa995,2021,41238,E
22b18de9-79b4-46fe-9985-68fa88ae6294,2021,19047,E
7647eb64-2fb1-456c-b160-12a2e399521b,2021,1136142,E
88f420ec-345c-41bd-86de-0fab3ba9b6bb,2021,64664,E
47cc8ec2-8491-4031-9042-c2d08c0d410e,2021,53342,E
fba58ac2-a874-4487-874a-29d896ee9606,2021,98595,E
582897ba-6a4e-4982-bd00-a85c1d6b4903,2021,118420,E
41b999e9-e241-439f-a19e-2b7925dc5ec6,2021,1314243,E
b25353c7-4abc-4463-a191-02c20b7f95e9,2021,11452,E
c0fee94d-dbb9-4593-9ad9-ee356a300883,2021,317,E
5b5f50d3-b583-41af-ad10-9c77d731897a,2021,118420,E
b338ff08-b9d5-4d9a-8bf2-3df6634b4a9c,2021,5000135,E
74d49cdf-a054-40b9-b56c-d221387ccee5,2021,968,E
a469a83b-1096-448e-8dd3-c1c02fda16c6,2021,13446,E
1c715877-301b-4ccf-9cce-16f092a4f8d2,2021,18683,E
6f127caa-5fa5-4890-adfb-b5c27ced8220,2021,13446,E
382f2fd0-53ed-46fb-b9cc-14ab84c179de,2021,95175,E
45c3f8f4-1ff5-4f88-8a73-2f7c52d256d9,2021,1102628,E
297798b2-f44c-4103-b050-3a001488108b,2021,18559,E
a193c573-7651-40f5-9b86-0505450f8410,2021,1203177,E
59cf8e78-4710-40b5-8ea1-dfbf68e41378,2021,112086,E
ce392420-9d94-46bf-a63c-5b41a1c8d4eb,2021,13595,E
7a02f077-3a1d-4370-91a2-d96a3dcee134,2021,1136142,E
84bc3d29-e0c5-4cba-880f-03b02016c5db,2021,98305,E
d02b8c7c-683b-42cb-8093-f228a712dbf3,2021,118468,E
424e5e92-eb83-4f39-8184-00595c846ab8,2021,11730,E
76577a34-d529-4348-86bb-d133659135e5,2021,20030,E
41a00985-427b-4202-ad36-1cb04d5d3c16,2021,117022,E
62808e43-b5d7-4ec8-913f-f31a92971a8c,2021,1265453,E
8e86476d-27f9-484d-ba78-51aa013a7b26,2021,118994,E
369e0c9c-faa7-416a-84fb-d719417f88e3,2021,13277,E
94e58d6f-9d28-485c-8d6c-4e6fac926e30,2021,46377,E
a0e59a84-87cc-4768-b48b-eb71cf7cfaa1,2021,1376181,E
ccf0183a-22d0-4697-a34c-9e0568c6cf3e,2021,88068,E
202b2117-e61c-44da-8c63-eb7af7efc6d7,2021,117022,E
fa1994ce-3f60-472e-ac7e-a3c4de1c5786,2021,1322390,E
4b1b1ebc-411b-490d-8dad-220d7698b5b8,2021,1190071,E
545663a6-1203-495d-9072-7bba80c54c28,2021,1330347,E
9a5beb48-f52c-4665-897b-ffd3279d2281,2021,13401,E
6e64bab8-e480-466b-9f68-46500dac1972,2021,1267543,E
349115b6-4ea2-4ee1-9c2c-d44511ccee27,2021,1318224,E
883f89c6-a8e8-450e-8909-4955ff917121,2021,90030,E
3e16b4c2-f11f-455c-9468-ea9817171616,2021,118420,E
c3b855d6-a7f7-4d67-a0b2-99ee28f8d36e,2021,62484,E
8a81b217-0518-4f28-bbdb-1d6364bf930c,2021,5000135,E
a4ebeaf5-2cc6-49b2-b445-5ef8b5a1395f,2021,317,E
351a1cf6-7af3-4937-ab6f-c7cb6ad79259,2021,13446,E
37b77023-85e6-4c71-8026-d9ff0e2eab59,2021,98595,E
c77420aa-278d-4998-8095-f99235a940ae,2021,64664,E
7b0e0693-d720-4b31-8d67-f25ecf3f28c1,2021,1166783,E
600c0cbf-e26b-4358-a2a6-81d5cf5b039d,2021,53342,E
fc4e5f87-9781-4543-8606-de98153eb88a,2021,94762,E
4bbfba83-412e-454f-b238-74e1fc1133c6,2021,13401,E
803d12c5-0b88-4ca2-965e-31a14ec6374a,2021,113813,E
79f65ecf-866e-4e92-a832-68651746e30c,2021,1267543,E
e6394181-210e-4234-9be7-125fa2566040,2021,1181115,E
00bcb36a-51ec-435d-b875-575f0b1dc6c3,2021,97778,E
5d0cecb6-fd3d-4609-9553-a00af29373c6,2021,13277,E
424da3a9-1fe5-4d1c-b48f-2cd6119c1904,2021,2209,E
4e422f40-1098-40d9-8bd3-a908267657c5,2021,18584,E
6eb8ee57-85a8-4aec-8dda-8538c99a43ca,2021,19047,E
6256926f-70de-4af7-a6e6-42fc11b6f7d7,2021,90030,E
ee5fc406-2b4e-44a6-b839-481c280f2f7e,2021,513,E
21e01f8a-a134-4fac-975e-3f42822a3ad0,2021,47051,E
0fb9be3e-671e-4426-921e-b8b13e9cfe30,2021,968,E
62ce409c-3bad-4342-8324-b631cd55ce23,2021,64664,E
1b35181f-456b-46d9-99c9-835c6cd80407,2021,1102628,E
b661e59b-e8fd-4a6f-8ca6-b457eda552d4,2021,1136142,E
91b5b7e8-c95c-4183-a5e7-5c0f021e15f6,2021,1385488,E
de407588-673a-47ba-856e-5cefc0eab31a,2021,50981,E
d2e612d7-2f23-4815-ae28-5c5a2dfef6d9,2021,1288002,E
742c01cd-0231-48e1-bfa1-bfa253238257,2021,1132918,E
5fabfe37-9760-4175-b1b4-7f5d6786c824,2021,98595,E
cac3be18-b326-4c68-b01b-3e5528ff323a,2021,13277,E
236e6b8e-8cef-4764-9683-7a9c27be80c8,2021,968,E
610e3600-e0a7-463d-afed-c29a31cd7c2f,2021,62484,E
e2e0c9ea-fe3c-4bc4-8e63-143b6b6c8c27,2021,18559,E
8ea78c38-2d94-48f9-9a87-da4f58a67aec,2021,50082,E
4b51ad82-a5ed-4ffc-a263-326da2b5d754,2021,13401,E
deea5769-1c74-4289-bf03-7b3edab7fd9a,2021,13401,E
1b96a0f1-6102-49d1-a508-88528a61cd77,2021,64664,E
fd7f8f4c-1bc2-4931-b2e1-dc7e93006155,2021,2209,E
31e151ea-7f50-4ed0-b5ba-f5a8fa1fa09a,2021,2209,E
ed64f936-1f87-453b-b3d5-7c057963a6c3,2021,88084,E
0657a41c-d9d6-4bbc-a8e2-bcb5b4fb946b,2021,22047,E
62b5515e-8a18-4599-ac12-69d8133f37bc,2021,1330347,E
eab94acf-c98a-4111-b842-0bc9da25b283,2021,13401,E
4ff23cb2-24c5-41ff-9a61-aa7a214dd7e8,2021,1136142,E
e467d18d-ad96-4658-a815-a542f4a5dcc4,2021,103062,E
ce638493-a025-4f3f-8798-a93b0f1ea90b,2021,13216,E
4046d2ba-b354-4a70-8da9-a0cf1b44e3d1,2021,968,E
a77a5a6d-0792-4e68-8bfb-245a266d499b,2021,11452,E
39fbe9be-d5d3-422d-9d70-9a6321592ef3,2021,19047,E
1eca63fb-a27b-4ab6-9db3-bf7c56ed96d6,2021,97778,E
c260112f-29ca-4047-86d2-64693de20dc7,2021,118420,E
8ac3cadd-8dc5-4334-b2d5-99ee133ab032,2021,13277,E
11005a9b-2920-4b40-8d99-1c03620185d2,2021,1318224,E
815f7b16-e744-4c6c-89d3-014bb4a98175,2021,968,E
a186a547-48a9-4697-896c-3354546c8e60,2021,1267543,E
a2b9ab62-cb50-4748-b6a2-21012fed401d,2021,1267543,E
1eb1be24-d5e3-4e73-83db-b88a11cd1592,2021,13595,E
b9ecb8cf-a60e-4b1e-bf74-945273f3398a,2021,1136142,E
50a8aa39-4be1-4fc3-9469-f8337ee9cec0,2021,968,E
3b987483-a9f8-45ec-b270-021762d6b8a8,2021,13595,E
85c41e17-46e5-4fe9-9479-41a4505557ea,2021,9414,E
afb08e74-7e63-43fe-a4d6-3d58ac60cf1a,2021,1139692,E
ddc1d33f-d9fb-43d8-a695-be6dc7384199,2021,1190071,E
f578cede-37e1-4953-9bed-b89e5a15331b,2021,968,E
dd42d981-4695-4bf0-96f9-4a05b1934eb8,2021,13595,E
ac6cefee-8075-4e0a-a304-a245cb0d5721,2021,9440,E
d02272c2-95f7-4368-b32e-14122339eff0,2021,13277,E
ad7d584c-295f-40be-9853-348ccd35505c,2021,20030,E
548a2bd1-e9d3-40ad-a43e-63839966d287,2021,317,E
c5e12594-2039-4338-88cf-fdd6be8d9a8e,2021,20030,E
e4285abe-5ffc-4b6b-b89c-0a30b8407ab5,2021,1101244,E
1e05d963-45b0-4368-a765-51cf7e4bb73b,2021,2209,E
b0f0d114-8b9f-4a14-a2a1-bdf4c92ecc0c,2021,118420,E
65bf8d16-d2f1-4e78-8130-7280b3bd5ed5,2021,20933,E
b4161c26-730b-45a9-8709-e849e6e4a928,2021,74737,E
e8db44a8-d770-4ea8-9953-18659d7e09e5,2021,62484,E
5cdc2f2b-e9f3-477c-8e31-9cc79233d58a,2021,2209,E
a10a9984-b4a5-45cb-b10a-2e292db18ac0,2021,18559,E
3600d90b-1ba9-479e-871a-e7cd1268417a,2021,5000143,E
c7cb3361-8b57-4df7-913c-72f7aac348d5,2021,107360,E
88f5a3f3-9124-4eb6-afcb-231d58634a34,2021,1379275,E
6728359d-74e3-45b0-94e1-fac20bd32986,2021,13277,E
9523de8a-9faf-4d20-9225-7cb66ab42178,2021,13980,E
246b3ade-aaf5-459a-a64e-e78538bc6ce5,2021,13595,E
a06dde19-6d00-4646-999b-37204c18492d,2021,13401,E
c95f4167-bbb0-457d-bc02-66882c97a56b,2021,1132918,E
8e4a5126-7a82-47b9-b3c3-d81a986de410,2021,49054,E
7920d689-d1d3-41bb-951f-f80308f5cbc6,2021,1403879,E
41f267ce-33af-4d7e-bd58-dedd1c1b1620,2021,18683,E
9aacfc97-2678-43ab-8b73-a74b004c5ea6,2021,1288002,E
232f100d-9da5-4249-a22e-44d48148f7ea,2021,513,E
e92865fa-2147-4a92-b462-c3533ae97577,2021,95175,E
ac05556a-d045-402c-8d6f-a3b2f0df3283,2021,113813,E
057e10ad-00ca-4b64-bb67-0caa7077c345,2021,113813,E
0c4e86f6-ed49-4790-b376-3082a4131a16,2021,317,E
6e2ff88d-3862-42fe-9beb-6a5dde38fc8e,2021,317,E
e126ade3-d88d-4e18-8822-032f2a0ac1b5,2021,5000143,E
b0f7c055-622e-4ed6-863c-4b7d7f17e1dc,2021,11452,E
4c3db3e6-f9ba-40c6-9c25-e0ed1f721cb4,2021,13401,E
8703c1f8-30de-45f8-a0b9-629c27c70778,2021,107360,E
859e5ed5-6de3-4932-a88d-f6a3415c4052,2021,13446,E
3cf0ccab-c7fb-4f52-a247-f71ea8cdcd6e,2021,113687,E
f3e0166e-cddb-442a-9486-874503a1263b,2021,40343,E
dd43b17b-85b2-45c6-a394-77d99c6c5317,2021,1108692,E
040a658b-744c-4647-8ba6-e20ea0f9ff77,2021,21464,E
2cb53e2e-a35d-4044-9455-f0fe6e0f2f35,2021,13595,E
0bae42ff-2ca0-425a-b2e9-a68f59c3c4c7,2021,1102628,E
aa70abaf-ef23-449b-9251-48474d70c81f,2021,1376181,E
29281585-d001-4bc0-a2a3-01f00b8a1e09,2021,20030,E
5e3336ae-404e-491f-b088-7968e9bca897,2021,1300429,E
9ad52de6-dd5b-4a8c-b589-12285e0d39bc,2021,1330347,E
a5283557-b33a-4dbc-b067-6a4dbbd6b2bb,2021,1288002,E
b1045bd7-c551-4bac-ae34-3780705cbfd1,2021,317,E
424602f6-1ab3-4aeb-9b0b-50129ddd04a1,2021,41238,E
9a6694e1-c9f8-4a96-b3de-89011fc3e951,2021,13446,E
260dab37-4b33-405a-ba41-796b50a80628,2021,11452,E
7efda35d-5d92-4237-b022-e3771d253768,2021,513,E
7fa2468c-0647-4da0-bee4-e063988fe936,2021,118420,E
37deeba6-f271-422a-bc42-298b8977031e,2021,101942,E
82d5ea41-3c82-4ecb-aaef-9d457e261066,2021,317,E
b1aa7aa4-1408-4cab-870d-21a05ecea643,2021,13446,E
a10f6868-2707-457c-bd26-84d011a24c7c,2021,106996,E
3efe9b48-640f-4489-a8de-45329d908d14,2021,103062,E
c4912a81-2406-4beb-a06e-57945adf4153,2021,11554,E
13e83eb1-9c17-4649-b32a-9d8a8890ab8c,2021,13401,E
691deb6b-54cf-4523-a133-44b8bf29bc04,2021,117022,E
4406d621-5ae6-4c79-aa80-fd169f07ecd8,2021,12313,E
d66449f4-2ec2-4ff6-be8c-855dc81dd83f,2021,13401,E
e6bf1b3f-3896-4598-923c-c83bec172863,2021,9440,E
54c6aba6-c1cc-4a5c-b674-f1f353b39e74,2021,118994,E
07d396c6-7876-49ba-9eb1-af159c5459ff,2021,11554,E
33837009-5599-40f2-aaff-d01c05a6099d,2021,1102628,E
8a6f31c3-1281-4da6-9cf0-586780a56b78,2021,1101244,E
68c1cc43-b526-4618-b548-9036d0e1e3f0,2021,13401,E
afbc90a5-7c7e-4230-91f9-d360152355a3,2021,40343,E
7c571fec-1fc7-4cfd-be1a-a3b518acf33b,2021,13216,E
2d40b401-a9c4-49c8-811d-fcca2f21099f,2021,47069,E
8b8de336-5b6e-455e-ab3c-31a7f777792e,2021,107360,E
92e6815c-df14-4b9c-a6d7-d327c9d779b0,2021,62484,E
82d053d1-58ec-4997-a30f-50873d0b3ed4,2021,1322390,E
90961b40-3ce8-4935-a490-9430355cff9f,2021,103062,E
f66c2e92-712a-482e-b759-db143e3fb1a5,2021,98595,E
29013169-7a34-4dbf-a0f3-09752f4fe6b5,2021,1136142,E
d54a8fe2-04c8-4c1f-8ca5-12ada8c1a790,2021,1132918,E
967e9091-0fb1-4708-ad33-7fa654385aed,2021,1118057,E
16577e48-21ee-4cde-bc3d-4666401712d3,2021,18903,E
7a90806e-fa46-4745-bd09-78260903eb04,2021,317,E
8b631fca-5904-4b92-8d3a-80e2ea5bef91,2021,968,E
b1645020-6aff-45b5-add5-7156a54a6dd1,2021,81210,E
ab96291f-2144-4050-843d-7a128c2dd151,2021,118420,E
0c4192ef-0a65-4809-a02a-8ebcb2107451,2021,99406,E
d6b7bb02-82d0-46e9-ba62-6dd5478578d6,2021,11452,E
2f826e54-b5d9-4374-bda4-6443905cd2a8,2021,1330347,E
5796f711-0d62-4145-a273-95ca0d642bb9,2021,64664,E
fad376e3-ff85-43f6-9175-2161aa87189c,2021,13595,E
94d9e489-e943-41d6-ba6d-88f9732e65b1,2021,5000135,E
2222d021-24ee-4fff-9904-54e8d5f4d375,2021,13595,E
7a12d720-b57f-44f3-b38e-e6e80bac162a,2021,1314243,E
c24d7630-2444-4751-a841-b6a1fa283c10,2021,5000135,E
3e999859-e1c3-4756-9531-40eb108c3c2b,2021,2209,E
9a163ebb-5aed-4525-a9e9-fe3af3ce811f,2021,94762,E
55262087-c293-4aa4-8aca-3a83d9a319da,2021,1136142,E
2d7925da-f2d8-466c-97ca-7205f45c6921,2021,98595,E
1de8ed9a-bcef-491b-a3e6-68585ec64bae,2021,1136142,E
c8387c0f-c545-45f2-95bf-0447ccd55580,2021,59122,E
dbeb557a-f4fd-48de-b09b-b27a39e321c1,2021,513,E
a5586b17-e467-406a-941f-2f81e194d98d,2021,13595,E
6b907f35-b51a-4f14-a610-9607dde05268,2021,99820,E
0e57c128-1434-4f6e-b879-d9961dbafe1c,2021,101942,E
9ff6b471-084b-468c-9b17-be469b43718f,2021,1288002,E
11ddf009-c4e5-4215-abd6-95d120cacd38,2021,13595,E
419820ad-f95d-4e76-ba84-b49050396e1a,2021,37862,E
404bb464-b704-4b2a-8712-a85242721228,2021,513,E
d1d57b72-c0e5-4047-a15e-062fc1241725,2021,21464,E
ab3ddd24-63d1-40b7-be3d-94503d1e8726,2021,13446,E
9143cd5c-fafa-4648-81b7-74bf7ee9ad66,2021,1136142,E
f371cdd4-5b0e-4305-b20a-c5dd00fb9a79,2021,11554,E
bc00793e-90ac-4fb6-9d71-5cc40b063fd8,2021,116770,E
33bd402a-aef4-4180-9148-49df8cd953b8,2021,21464,E
6b81cfa1-8f53-4808-a182-972fa2a6c03c,2021,1288002,E
d0df4411-5f4a-49bc-9783-aa709cd97090,2021,11452,E
03434460-90bb-4b78-88ee-11177e95df85,2021,1102628,E
81db8461-0d1c-4de5-9992-25ae8c960159,2021,18903,E
0d8fbb37-d098-48a0-af93-fe4e4027e6d1,2021,1132918,E
95beec8f-a0b4-4d53-a0df-2b3c7b95df64,2021,62484,E
e688a0ae-5567-413c-8063-ff17c61b1e7e,2021,13401,E
5d377c2a-963f-45d0-a7df-0183a388f92d,2021,1136142,E
0d487fa7-b589-4df4-bd3b-8cff053d5265,2021,1136142,E
402bd713-1edf-493f-9240-a93bf08a8ef1,2021,11730,E
84400d6b-71d7-45ee-9c57-14cea7529159,2021,95017,E
c1cc49cd-b392-4da7-bbff-7440245039b4,2021,11452,E
6bf22a56-e36d-468c-950e-f6aeb8d5474d,2021,118420,E
c528b1a8-e68e-4d13-ad96-5fc2cf69a58d,2021,13595,E
7d6bbc07-37c6-4e62-9862-2ab06dc5a647,2021,95017,E
3a6d9c66-d951-4692-aab7-8626280d83fc,2021,91262,E
1bcbcb58-3fa4-4d9f-b174-28ac11a26f0e,2021,1376131,E
c204b138-64ec-4465-b406-3b73d7157ea3,2021,20239,E
bb52c07e-925b-4c00-aa96-692bcd17a8f2,2021,13446,E
fd46776c-3ae0-488f-ac47-49c858f51a08,2021,94762,E
fbd7c270-031f-48a0-8251-4e3f9dd6c5cd,2021,1269545,E
b07aa958-dd4d-424a-b281-26737a788e6e,2021,13595,E
0701e2b7-609c-4568-89fe-d28bcb1e3238,2021,13446,E
2dafc92c-09fd-4d62-92e5-4d5e47b92f94,2021,1136142,E
77a50dcc-a4a5-46ec-98ff-56f653ec162d,2021,1136142,E
550cc0e8-2e8a-4fe6-8c2b-1244c3adf650,2021,106996,E
49907ff7-347e-46a6-8808-4dce9d4890f7,2021,13446,E
2059bebd-3444-45ac-9b0a-9105fcfa3489,2021,1136142,E
fc53b517-9380-4fbb-b03f-a6ca0ce5610b,2021,98595,E
2b7341ca-2cad-43ff-a0fa-8df0b3035059,2021,13980,E
04fec94a-1d15-4380-b73e-a8a130387974,2021,13980,E
258f1e44-d863-4818-a2cf-27d2ddd247ea,2021,317,E
a8295624-dc91-4896-9d24-c487f821af23,2021,1330347,E
5bb2e029-f118-49cb-8ddc-eae9a3d23bdb,2021,968,E
56c8ecd2-eb89-4fb1-a58c-ea52b49e6462,2021,317,E
fe0273c7-6a53-4b34-9b9c-668d8a935566,2021,11730,E
5f90450f-27f2-4d6e-a85e-7b985cae7551,2021,1136142,E
6c2babbf-7183-4425-aa8f-0262b8041362,2021,2209,E
d432981c-7520-4ec5-83b5-6273cb86f178,2021,13595,E
c51c3345-ace4-468b-83c7-975c4233622e,2021,13446,E
40b5b8de-6706-48d5-8944-5244b8783327,2021,12313,E
efa144f5-fbdf-4a50-920d-c84ce55cfc42,2021,13446,E
979ad3d3-9c0f-4df4-a98b-a20608ae41d4,2021,11554,E
420648fd-09da-449d-ac3a-b7adec32aaf1,2021,19047,E
4c179b54-497b-4920-ad5a-088df4243547,2021,1330347,E
234a62b1-ea81-463b-8153-c96e9b5bd2ab,2021,13595,E
42374fe0-fdf4-4b4d-a5e3-42d70299c53a,2021,13595,E
f38f34e0-ba61-49ae-a384-9d191e9f29ac,2021,13401,E
5e6246d9-2f74-426c-a96a-d8a7a7fe4046,2021,1136142,E
39592193-c086-44b1-aabf-fffd40b37018,2021,513,E
40199a02-7c38-4940-9e2d-98084d82e8ce,2021,13595,E
d8edbf9a-81a5-4b1b-975e-6a704500691f,2021,19042,E
56c8b5bd-fe05-4a3d-8400-ac7d15fd7d10,2021,5000135,E
64864fd0-a84a-4a1e-a86e-d6cc1901213c,2021,99406,E
f69d9e31-6d20-48b8-b32b-a87b4b936a31,2021,968,E
a1ea8c67-14c0-4a3f-a20d-02329e3f6dff,2021,59122,E
d8f94a2c-6d38-4be2-a52b-68040f6b898a,2021,9440,E
8308bc74-5e41-4cd6-a7f0-e82e299a1acd,2021,20239,E
a04d1798-eced-4343-a17d-a59612a3bd16,2021,99406,E
fc4ab3c1-8662-43ce-bfa0-bb5e0d032511,2021,13595,E
0c6be872-aaec-4c7d-9ff8-e71fda97764e,2021,19047,E
2eb027b4-daae-4629-af96-21ec728a99ef,2021,118420,E
feb59482-9b3b-4bda-b063-4f7f65db11a8,2021,13446,E
e4ec0128-f9db-49cc-8892-0572fd34a4f4,2021,62484,E
3e2ab836-a0db-4c75-a213-ada977ce3150,2021,1101244,E
e053d1cd-36e2-46a7-9b05-59c3f4167e6b,2021,13595,E
afa76ca6-18a0-44f9-9281-75f7cba7b3a2,2021,1132918,E
40c341dd-b022-4fba-8837-5b1d8005b295,2021,13595,E
8f610cad-f217-488c-a026-871281e9ae5e,2021,1288002,E
8d6dcef2-6555-489b-aaf8-41f151e64cb7,2021,11452,E
d339ca62-ec29-4c25-9247-2d0ae810595d,2021,13595,E
f01c6424-5f4c-4d61-b4e8-4bca8a93a5d3,2021,118468,E
55cc0c62-abf4-4519-9d17-c5b9b04097db,2021,90030,E
a0972ef3-ee21-4142-bd68-c8f50749c2fc,2021,98595,E
87e87958-0cfc-4ef3-b11b-fa61724cec61,2021,11730,E
8322d6ab-8257-466a-805f-31b1634233e3,2021,13277,E
f79d9b23-9b92-47dd-9231-2b8cde4e872e,2021,19047,E
7ec467ec-d08b-4e97-84d8-459646d2a4cc,2021,1132918,E
4843e2f4-3773-4f17-9f78-68cdf694d56b,2021,99406,E
632ac414-18f7-4158-8694-2759b3e81c3c,2021,13595,E
68e91c92-7003-4f02-8464-7af2456dc726,2021,13446,E
b78a2883-0964-4ff9-a328-66408cc76926,2021,1330347,E
f12db286-1d8a-4bdb-a93d-b6faf0c2eb6b,2021,1288002,E
59b41c42-93aa-4181-bec3-a3da3249dd7b,2021,1102628,E
703ce50b-35c0-4d86-b906-bc56c71a2033,2021,13595,E
4455be29-6295-48c7-afcc-70dbcca97f37,2021,968,E
8771d85a-c9de-4084-8e7d-176400ec0b2e,2021,13595,E
523d4c54-c0ae-44d2-a83b-37f47f96de40,2021,55777,E
b15def16-fa56-4aa5-a8b4-69862a7b79ad,2021,41238,E
262a4f98-2784-4832-807b-29cf8e07d845,2021,13980,E
1d6a9e05-daa7-432e-84cd-a8cb48051a12,2021,13216,E
23ecfc06-3923-426a-87ca-9d62f2b7cdf9,2021,13216,E
07e43714-0477-49cb-97db-9c7182f41daa,2021,13277,E
facc4fd1-21d0-4ed3-8e76-9e2dc0d3f473,2021,62484,E
d92845c7-9db5-4436-b9b1-0b2a8127f8f8,2021,13595,E
34b69103-c1ce-466c-a35b-f42f45a3c891,2021,1288002,E
86f166c4-a10d-4126-b601-f0f55a9bf5ba,2021,13216,E
cefb1855-5587-450e-b0ff-fa655d99edbd,2021,13595,E
8deda32f-c292-4f8b-9f1b-dcfcb19dbb9b,2021,49054,E
31e11083-0b09-442c-b8fa-7fe252d58541,2021,13277,E
4bab4adb-3815-41a3-8023-f14fe98a8628,2021,13595,E
0f6ff76c-e2c0-447d-a1aa-c92641887e19,2021,13595,E
d3e4adfe-b49b-4ef5-ab58-30a292ebe63f,2021,18683,E
0e57cb01-83f3-4a09-b505-4ec54fdbb4ca,2021,12313,E
09b5308f-df76-4c2d-9178-2a2c83ae7a9f,2021,41238,E
63816427-6a4e-4202-b2d6-6daaffab97cb,2021,317,E
9356bb01-65fc-4c3a-9e77-de56573ed5c3,2021,62484,E
c806ae03-a829-4d72-8a1a-8f81c77fb20d,2021,13980,E
2ee89a6c-cb9c-4000-868d-25c2b89308ec,2021,1265453,E
b0eb0e09-c46c-4955-96c7-a4ea6e856582,2021,13595,E
3fc356c6-f25d-4482-81fa-40eac7825857,2021,13277,E
c35705ff-ed76-4b90-8100-77900ef24e47,2021,13595,E
2af61784-038b-41c8-b721-931dac7bd215,2021,1102628,E
ac0de5a3-5239-41a9-aec4-6523c73294d9,2021,13277,E
64b0823e-e510-42e8-a4da-4183f370484d,2021,53331,E
9af65fb6-28f8-43ba-842b-f9bd90dccac4,2021,13595,E
1ec9db78-2a48-47b7-9ad8-01d30ba67909,2021,101942,E
653795c2-f78d-4486-93d5-021bfbd5c8b1,2021,13216,E
fed1c69b-05a1-4bb5-8fb1-0e47bc96990b,2021,13277,E
7a526f22-2f18-4876-8a4d-79447c431880,2021,13277,E
c82128fe-f67a-4381-9a5e-f94f79d0a5cc,2021,102590,E
a810a0e3-ad22-473d-a412-51930f13f1b1,2021,1113582,E
6dcd73fb-c79c-4ad3-9bae-9c9af4a66e6a,2021,1113582,E
cb389980-2bc1-4a00-aac9-7350eb245ca1,2021,1113582,E
3c6f806a-7368-41fb-8316-acfcc5c63f8b,2021,20933,E
6e9b6452-0c9a-4fac-9cec-9d396c23de15,2021,513,E
26cd8986-4976-48d5-bbfc-aa6b55e0a891,2021,513,E
e51dc9c7-ba32-41b9-bcf0-a5f22cf1dd14,2021,1113582,E
56ac2118-9a12-4c71-9315-c3eb3627666d,2021,513,E
12e78031-a28c-4dc7-a9cb-e1b608e9a959,2021,1113582,E
e0145ef7-0803-43d6-be74-2bef69fcc4d8,2021,1113582,E
699d359a-5777-44d8-b44e-ae32a3fe7135,2021,55402,E
f69994fc-e46b-4fe5-95cf-8c32a5b3aef3,2021,86318,E
675da63f-b921-426c-a723-e1039d621e00,2021,86318,E
6f56bc17-6de3-4540-b7d1-5e5b342fbcbb,2021,86318,E
147cf014-ccea-4dce-b72b-f88561b650ed,2021,86318,E
aa2c72e1-9628-441e-a19f-1d47704d0254,2021,5000143,E
5416658e-f2cf-4b19-bbc2-d9d03e7c4bc5,2021,86318,E
46e373f8-d08d-4f3f-916a-c67f1dca6e8b,2021,98305,E
01d73df4-155d-43da-aa4c-6c5d4ed3cf4f,2021,98305,E
63847b95-074e-4133-b867-12f9fdadf4fd,2021,67092,E
545b50f5-f67c-44cc-beb9-1b971549b9ea,2021,73898,E
fabc0ecb-2a50-45a0-8fc1-432ca892f872,2021,1351760,E
3ced7f6e-fab1-49d3-a698-56fb77620648,2021,13595,E
f064fc6f-0457-47cd-957d-8b7f8789c0bb,2021,13595,E
673fcddd-aba6-4ff4-9797-271860e60856,2021,13595,E
97771ca9-684c-4ee0-b55e-c9f074aafc4f,2021,11730,E
f3ff7190-5919-4a09-86d2-8a816a748bd3,2021,41238,E
efd22b63-7341-4e39-92ed-488bc4e298d6,2021,13446,E
3e55c6a6-7eb7-400c-abea-f952f2f77f38,2021,1180773,E
02de21d3-30c9-4212-aab1-2c1d1e778971,2021,1180773,E
adb103e1-3a8b-463a-bbaa-413443db5d01,2021,1180773,E
5ec83f05-5306-440e-80a6-8ab0a2fed898,2021,19047,E
1157684b-4683-43aa-b439-8ab16daf8e4f,2021,19047,E
276e6dde-5038-4283-9978-75795af001e7,2021,83388,E
3989da33-023c-4c3e-a7dc-2c3ee272f3d9,2021,88084,E
a9912d2f-6ee9-44cd-97bb-0b75ed144d48,2021,1180773,E
1abbf811-4503-4e07-80c1-7257e1f612b1,2021,49054,E
f54d56bf-1cfa-474e-a84a-ace11f79f1d7,2021,49054,E
c90289da-3c15-4ed3-8ef4-22154a122f28,2021,1136142,E
7b25bab7-a3a8-4cbb-b117-ab8f53707890,2021,1136142,E
1be9b0e1-6b11-43c3-8fe5-204c9594fb1c,2021,1136142,E
762edaca-ba7e-4b23-b4c0-f7de6eece5df,2021,1136142,E
ff9d5bf7-0ec9-4153-a916-a33294bee7bb,2021,1136142,E
12681a31-e8e0-4c0b-8447-660578b0ae92,2021,1136142,E
76d35fc9-e064-4599-a97e-9d019e6d2b6c,2021,73898,E
3298ef45-6fcb-4384-9d6e-f65898843e95,2021,37862,E
fa1a904b-8260-4334-b973-d1b171cc9cf8,2021,118420,E
79b30aff-b91b-4edb-90f1-bcecb91b3c1a,2021,118420,E
67343097-440e-4b7e-9603-1be3b3fb98de,2021,13401,E
c589af10-1cfd-4112-a116-586d94c5fd5f,2021,94762,E
7b6589d4-b1b4-41ea-9efb-f811a4d42202,2021,107360,E
b24f1482-a7b2-47f0-be76-4796e08d2e87,2021,1070485,E
b36e917b-9f20-48ea-a8cc-612fc83b914f,2021,11554,E
a5a6735a-d96e-4d1a-bcb5-9b83d4599e91,2021,1070485,E
ef729231-9a2d-4837-b136-480e7fcaa5a1,2021,20009,E
cd3eeb9a-9a13-4862-9729-4f0d37cfb9d7,2021,20009,E
f3c94822-b62b-4015-8d7e-7aa969f00827,2021,20009,E
11e8635a-1270-403c-9769-4a6663736edf,2021,20009,E
3ab52122-61cc-4494-ad22-a8d627359355,2021,20009,E
8719b4ed-79b0-4ac9-a8a0-01ad5d3c2350,2021,1306689,E
df330c5e-6407-4a3a-8896-1702812bb7ec,2021,12025,E
50130b09-312d-4047-9544-1d21e8bec1eb,2021,13277,E
2ecfeacc-b4ac-4114-947c-00bb6a9090a7,2021,13277,E
834df792-439c-4296-a039-4e76a4f662ee,2021,13277,E
943cac6b-b9ee-4674-927b-36492e2b7c2b,2021,18250,E
5f7ace22-671a-4979-898f-f5b44bea5330,2021,18250,E
530eecdd-b5af-4bc4-ac60-cb6aecc72188,2021,18250,E
5fa7ee98-1b30-4fc1-a1b2-e68a8cbcc71e,2021,18250,E
d3bdbdbe-bb30-4c0e-b9b5-9d7903584114,2021,18250,E
e62fbba1-7aa9-4ea1-85b0-cc2dad0bad90,2021,18250,E
00e6ea68-9bad-45df-8cc2-09556d76eb2b,2021,18250,E
b5563d25-11dc-423d-bb1e-40b53135da19,2021,74737,E
4b450d25-8bc6-492a-9d94-e5c090b685da,2021,1042278,E
3b826bbe-a542-483b-ab06-e06762592c79,2021,20030,E
5aef1885-68bc-4a66-997b-67b237bc8c36,2021,20030,E
c710102c-b3aa-475c-a988-6cdde4a54ad0,2021,1108692,E
07883779-d172-4408-b8cc-f267b8fc5ed6,2021,48205,E
a91d5ca9-6682-49fc-aacb-a39ad6f13275,2021,48205,E
8cd92172-e9f7-4b35-a7b4-9b0a146cb636,2021,106996,E
aa0993fa-e3c0-482a-93ac-158986f53337,2021,117532,E
4ef91ff0-48ab-4ac9-91b0-91d90564cb98,2021,117532,E
b63507a2-28d3-40e1-bbaa-c5f3e6909324,2021,117532,E
5e172e75-65bc-4340-b867-4d5def17b2fc,2021,114616,E
7129fbc5-530a-4e96-8597-07614a75869d,2021,98665,E
7ada5853-1648-4195-9258-bd671ed6de46,2021,117022,E
eb3a9e30-c403-4aa9-821f-2841316bc059,2021,1272079,E
da603a52-144d-42f2-af39-ae17713a5b8c,2021,1272079,E
22c047da-796c-420d-82f4-aa299e4baaa6,2021,58808,E
53383acf-3333-4706-ba43-dbd46e3265bd,2021,58808,E
8c4c830b-eb70-4322-8a40-9beb5c37d4c3,2021,20009,E
dfaf255f-c3c1-49ae-8fdb-6bfdb377bf22,2021,20009,E
9b11da1e-5fa6-4575-a1c2-8239b143dbf6,2021,20009,E
19b781d1-45b7-4d58-92fa-8411ff5a6235,2021,73898,E
a4e914df-9eab-4e79-9fce-84942bce96db,2021,98595,E
48ccc29d-3f12-4710-9470-43478403d2cc,2021,20756,E
a2644dcf-b790-4d0f-be0f-322e4890563f,2021,12025,E
af4e8774-10a1-4331-8dc0-70cb05706e57,2021,12025,E
ded0ccde-06ed-4699-a821-14e1ae1632ca,2021,20239,E
80ad42c7-9bd6-49a0-af96-4db87e460e3f,2021,1101244,E
d77b525c-91c7-43ef-ae8e-0221512fe998,2021,1270596,E
962f4b9a-c191-4ab0-a833-95893434e3f7,2021,12025,E
7b9ca4ff-1eb4-4f78-9beb-6187d133c790,2021,12025,E
6cbdaadf-3264-4d8b-9651-8ccb37583355,2021,12025,E
2fea2983-0313-44e9-bfb3-b6567d075773,2021,64664,E
f1fef8f2-cdf8-499b-a118-05930115f7f5,2021,64664,E
e8a732cb-b4e4-44b9-8c5d-8950f89360b6,2021,64664,E
8cf8ed4e-335d-448d-8889-8fae902c1564,2021,60886,E
0aa1387f-2c8f-48e0-85d8-a4b7f29f2e93,2021,60886,E
c6267509-5051-42ae-9e44-9a8fe8cc4230,2021,60886,E
e9fab424-d9be-45da-a126-bbd733b0eac4,2021,60886,E
8525223c-efd6-423e-a676-e2563d89abf8,2021,60886,E
9ea23029-62a9-401a-8fd0-2cfdfae8c8e4,2021,60886,E
386ee704-d791-46f8-b7c4-752c942e44c3,2021,1139692,E
2547fd86-d736-40cd-a553-25f5fb1f9d6c,2021,1422296,E
f1483825-35f6-4b50-ba60-48aefbda3449,2021,10515,E
b75015ee-e5b2-45f5-8352-e448b66a9432,2021,13980,E
00fe0ed7-16a6-49d8-9417-db12cc4bc6f5,2021,1330347,E
767d17f9-1301-417e-a2f0-76b0e71217b2,2021,46377,E
4ef258a5-de5a-48c6-834b-977ce6db531c,2021,18671,E
03085a58-38fe-41e0-8ca4-52b053a2345b,2021,5000951,E
d801d721-b70a-4875-96cb-7ef0f2c33787,2021,5000951,E
a4a14df0-bc4b-4f15-840d-1ad94ba73e6e,2021,82364,E
46b76177-1cf8-4d80-8db0-9e8680810b88,2021,1270680,E
96311417-2402-4c8c-a7ef-90311ad2ac19,2021,1376181,E
80d0b28b-37b0-4689-8ff4-c004c93d7271,2021,1306689,E
fc7a62bc-9171-467b-bcfa-5f96a3027149,2021,1318224,E
0615b4d4-f230-4c58-95ba-8ededb00cc00,2021,43664,E
9a2b8c8c-b16a-41cb-9033-f97e10a466a7,2021,2209,E
353aee02-f41a-4b79-91a9-218e04d24223,2021,2209,E
94c95565-4db8-4cc0-9322-992f1fa91469,2021,2209,E
12a95a2b-b75b-4cb9-84bb-85b6c37a587e,2021,2209,E
2f980d37-2244-4615-93d8-892e0106aaf9,2021,1042278,E
7cf55709-44ce-42a6-a108-bbdb02910fd1,2021,1042278,E
6a2af1a4-136e-4deb-b11c-0c169b6b649c,2021,1385488,E
a2e509b8-e9a6-4827-ba7c-e20c6a6cfb18,2021,1161716,E
bf867fc2-dd54-4422-922b-4a85e104355c,2021,1385942,E
64f991e6-baac-4f2a-bdde-fbbeb355dcdd,2021,49054,E
f3759a6d-d971-4942-a7bb-cd40b86b8d7e,2021,1306689,E
d71f5761-5951-47b2-b079-e899637e37a8,2021,1306689,E
9e76b2bb-943c-4d96-a943-d136e42824ef,2021,968,E
e51fd5da-72d7-4053-a450-f06a134edcc3,2021,1103723,E
19603675-2d57-4a67-b232-bf9dc0185ec1,2021,18250,E
6e9c2a0f-4d88-4e94-93b0-250d4cfa87ad,2021,968,E
3a776884-e00a-46d2-9de7-edd8266431ea,2021,40343,E
8ff3db99-7b0a-4870-ab97-0638145e0bca,2021,98595,E
9a8aafff-9986-4e6a-91cc-894e566a1c4c,2021,9425,E
bf980e3e-1f7f-4532-ba81-a5b1a7b30eb3,2021,114616,F
8c0cfb38-a576-416c-8b08-6cdf2e9413ea,2021,13446,F
c85511ae-faeb-4a34-88d6-3009262af668,2021,106996,F
f644b104-56ed-4960-8847-da572be07a4f,2021,1314243,F
9f2aa1cb-02de-4257-adbe-37b23cc680cf,2021,13595,F
d2bdbf35-f978-4b49-aa16-be1acba537f5,2021,1385942,F
fa5f8a24-5fca-4fe8-a256-bd8971013a56,2021,106996,F
61259fd1-8ca9-4c50-9207-7dd782b775e7,2021,13595,F
4dbb8c63-e06d-4500-a6cc-35850f2fe5e2,2021,1265453,F
8df6eba4-a675-4f4c-935c-a64473816a13,2021,1322390,F
1757ef73-0a23-45d3-9aa5-a4bf721ccf20,2021,1322390,F
55e2d93e-a73a-4085-8b15-a4f407455a42,2021,18671,F
1f338417-891e-47ad-b70b-701e5f91b618,2021,99406,F
d926c4e4-63d8-4b00-b34f-5fc0d013862c,2021,98764,F
f1f4270b-4547-4848-a667-03d30ebf0ea6,2021,13595,F
e889ed57-627e-4e67-9180-e46206fb1319,2021,106996,F
29b929e9-d3b6-49e6-a57a-922c174221c7,2021,1322390,F
461fc207-c501-4bdb-b463-e8c3f166b5f2,2021,98665,F
64de45b2-8168-4977-9642-3ce4154162d3,2021,20030,F
48409233-efec-4e35-9b17-6f32d7691f12,2021,1385942,F
82f1118d-744d-47a3-a6c7-095447ad13e4,2021,106996,F
fe83b509-78f6-4ee2-a374-6a867e8369db,2021,81210,F
852957e9-4dfd-4ae7-880c-d3f408ba94ec,2021,1258063,F
8b613f49-c141-4224-8a6d-199ada1e428d,2021,13595,F
2f6601d9-fddd-400f-bc64-4440067cf54b,2021,13277,F
2ba6a92f-6426-487e-bf96-fb6b6aa00e84,2021,19047,F
3d369bb4-e7f8-4b8b-a5a9-9d0860325758,2021,88084,F
d03c959a-a550-4363-a578-879ac13f9130,2021,13446,F
8d30435b-de33-4863-920e-7d43ee64085c,2021,1306689,F
be7880da-d3a7-4d6c-8b9a-cdc5bb4a7a9a,2021,11730,F
ddd28423-c95d-44cc-9875-4d9cdcf991e0,2021,108660,F
0c44d876-427e-4fea-b2b1-614e5f769b09,2021,55777,F
f326e35d-22df-40fc-833a-0dc703170c27,2021,968,F
c58773ea-17d1-4ebf-b4a3-ce4bac7afedb,2021,1385488,F
c2aff1a4-98c5-48d7-a319-f4863d5fd98a,2021,968,F
6b585a20-7ccb-494a-a1e0-7e31922c8cc3,2021,87396,F
d16131fc-9f22-489c-b020-6c9f0e8e0590,2021,22047,F
8fb942b1-e359-46e8-8407-0d598dc0a8e1,2021,37862,F
56a00fb3-9429-4ef4-bce0-22535b00fc45,2021,968,F
307a6dae-ef1b-4afd-ad34-805a300d4dc2,2021,113687,F
9310c508-84c0-4dd6-b384-e7c03ca99de6,2021,43664,F
ea058e7c-7db3-4210-bc10-745c8ead0047,2021,1136142,F
3fcdc362-18cb-4271-af0e-c933c876bd6f,2021,94762,F
0cb31f96-e80f-4de1-8ab8-5bd4ee4567be,2021,1322665,F
b99af81a-8e8f-4eb8-8833-62911b4be79d,2021,1070485,F
6a0de185-d9d1-4217-b697-79773ab20eae,2021,74737,F
14dc14f7-b99d-4638-a25b-6c140ac3227b,2021,48205,F
d5cc7188-718a-46b4-8ed2-50e59bbfdc13,2021,968,F
5c9e6f3c-e3b4-4ca5-8866-a930486165da,2021,513,F
9d58c190-b05b-4f1b-b1ef-1ac71f2ca958,2021,106996,F
dff7827e-a7c1-4e5d-b005-392883fca7ac,2021,106996,F
2fc78fa3-a8b1-4599-871f-a1cbc722dd64,2021,116770,F
0ef377eb-5ff8-4cd7-b820-6a7657405fe2,2021,37862,F
9001d1eb-42f5-40b9-a4a9-0442b0e1832f,2021,5000143,F
f9a416bf-2664-4d92-817f-75d7329faf77,2021,1101244,F
9b522bd6-657a-42e2-9861-56e3d70d6cc8,2021,1267543,F
26896c0f-1b38-4000-9650-94559c2e325d,2021,11730,F
3299b821-7259-4051-92c5-d467e9e52936,2021,1300284,F
a15765e3-9567-4594-ab22-c4a171d840ad,2021,48205,F
2af84180-9006-4ca9-82dd-e37e9437c2c5,2021,116770,F
0c2be268-3091-452b-9dfa-d4505d09dd24,2021,2209,F
58d6654d-7114-4207-a7e6-9a2b863f5296,2021,83388,F
3f88d3c8-9708-46f0-9704-50851a4eabc2,2021,94762,F
786c1d7c-269f-4680-abf8-3f3935d6574a,2021,83388,F
d3358f9d-44db-477d-98a9-e7b0478a8f1f,2021,1322390,F
4ff1de3a-edb5-40f2-bbaa-ca6f538bec14,2021,968,F
f9434925-a725-4943-9e45-c4439114295e,2021,19047,F
77d4f64c-5b9c-4d98-9ccf-6b1461f66376,2021,2209,F
5150e79a-53d8-46d1-a9fc-4314ae59a7c6,2021,968,F
14ead3b9-2f58-4922-b6d2-fb2bf6b9469e,2021,11730,F
40fe66e9-8184-461b-ac98-afed4eb47705,2021,62484,F
9c337e4e-6e67-4b37-804f-696edc4715fb,2021,106996,F
735935a4-2cfc-4af5-aa62-7d45fec5eb20,2021,97443,F
c0dea201-d906-477c-8962-8d7397afb45d,2021,318882,F
1cf23adb-d87f-493c-9ea1-0a088771656c,2021,48205,F
e765c74b-c1ac-423b-9e46-e5420aad8898,2021,11452,F
b4735b49-4f98-453f-adb0-4f34a39b1b6e,2021,1385488,F
cee04f52-9061-431f-830c-9a8f10b83849,2021,41238,F
5d7f4fe6-4522-4e2b-b664-ea7676cc62e7,2021,20239,F
db75fa70-c081-4a47-abdd-a7e548329ad7,2021,106996,F
8802d742-908d-43dd-9d0c-a546482d48c0,2021,20030,F
4c2f11aa-e7eb-4f0a-a96a-4706f8d59b03,2021,1306689,F
e2ab3b21-cf8b-44bc-99c6-a47ac68e9f0d,2021,1101244,F
238a4707-c7e5-4fe6-b980-e7bc6fd147e2,2021,73519,F
dee9410a-98a3-4f61-a2a7-685d54a542e2,2021,1190071,F
f42a303d-b5cd-4048-898a-9b5ef7ef9567,2021,1166783,F
d1316536-361f-4bbc-a0cf-dd1b8d7d55c5,2021,968,F
dcfd5ea3-0a33-4778-b1e6-f5916cafbcfb,2021,87396,F
c8823ddf-9122-454e-8715-ec3d131d6d6d,2021,19042,F
1b908e61-213c-44cc-bfe4-f9356f9d46d5,2021,13446,F
0f4d9013-8f53-43c2-86ac-d10731c40203,2021,47478,F
9f82878e-cd00-495b-b131-a9d8a6beaf09,2021,317,F
d8b959ea-5707-4f78-8c3e-5576d09871b3,2021,2209,F
1ddd2678-149d-4dd3-aaef-174b0beccd9a,2021,90030,F
4617f5a5-0ae6-404a-bf7b-0d4d18a63415,2021,513,F
3f8060e2-b22b-4bdf-b0f6-6c94815412e1,2021,19047,F
dfbf9717-d85f-4b1a-bb4a-4cc2b7b69f42,2021,103062,F
618ce067-340c-4840-84ee-92fe7a10064d,2021,11554,F
7e869eaf-2101-4daf-8acd-a19c5472dd6f,2021,1047907,F
c9bf347c-3f7b-4084-899e-4a39062a9e89,2021,13595,F
fae15c77-ad28-419f-8a93-d7947a371e92,2021,19047,F
8ebb7c1e-ee44-436b-9d94-75648f36a59d,2021,968,F
34b7be3d-0544-45e7-a0bc-cfc4b0c35c83,2021,20030,F
f40b7395-dab8-44ec-9bca-e81924539e92,2021,968,F
b80ced77-ad91-432c-a671-cdc583c9ff8a,2021,2209,F
356aab77-e9c3-4ef8-8037-c0d7c8572a2c,2021,1385942,F
96da8d21-a731-4743-a8d0-24bb44af8c7d,2021,98013,F
2f80b91d-7b35-4349-8d18-59853e510e79,2021,18683,F
6d4b3595-ea1e-4c20-96a0-a41a827e3d81,2021,13980,F
b06f3a03-2cd8-4633-b402-35e09d0b9894,2021,114616,F
0d071eef-9296-49fb-a8ea-c57628633361,2021,1190071,F
ca78aff1-db22-409c-920d-5b08e5600393,2021,21464,F
b883b8cf-5334-432f-91d7-f3fee8dfb48f,2021,88084,F
25e26424-353a-4aad-b381-dabb50b5a93b,2021,114616,F
ad417c83-4873-4d03-87be-4b87874b17ee,2021,55777,F
f8690f08-bc4f-404b-9cfc-da5b0f998b3f,2021,1161716,F
c825762a-9b3a-40cc-9b63-47a83e417c95,2021,1306689,F
a3168c87-5aeb-4ac3-90ff-6b14b494a71b,2021,317,F
068a5815-d024-43f8-9104-417f7e9ac544,2021,101942,F
b1514c8b-9415-441c-b6f6-851a5c1a7f95,2021,11730,F
fce62ebe-7420-4dfb-8adf-181d0ba13b2b,2021,20030,F
0fb69924-b5bf-4840-91cc-f4bc94c828de,2021,1136142,F
0a4d049a-d566-4c25-b4c4-b5ebc96dd437,2021,1318224,F
b927b69c-9354-4bd7-950b-1d89e9996334,2021,1267543,F
7fec2c99-46db-453c-bd5a-b0f01ce5bcf0,2021,40343,F
fa3231fc-0085-4e21-b04b-165b3303ec39,2021,1422296,F
fea441ab-3fdc-4e03-a9c0-b46358e44978,2021,2209,F
248d5a93-196e-4c39-949c-5be72551ec3d,2021,18559,F
b558ee7a-3667-4eb7-a8d0-99a0d309f526,2021,51020,F
77f218ce-e2b2-40d5-8348-f0ca753ad855,2021,5000135,F
3c359b3c-ff1a-4d86-8847-ef4087cee2f5,2021,13277,F
71d4f536-810a-46f2-bfbf-d69c9b1818f8,2021,97778,F
4b0dfbbf-114c-4bf6-8e9f-47ceaa2715a8,2021,19047,F
fd1984b7-8b45-4fdc-a3df-a4b6b14f9daa,2021,1322665,F
f9f9a2f8-0a6f-4c6b-8088-8f606aafdb4e,2021,1330347,F
358c7b73-a183-492c-af02-eeca468d5e06,2021,55777,F
b468f1ca-8169-46a9-a396-081ea5fb2a90,2021,18683,F
b1fb5d6b-9c07-412e-9413-3138f4437139,2021,67601,F
6a5ac2fa-2fea-42d1-b2e3-db1e0d35ad87,2021,1385942,F
aeeb9675-6d49-48ea-9c60-73abf883239a,2021,88084,F
2563e9e2-0034-41e2-8c8e-f02041513075,2021,88084,F
6731222b-2108-42f6-8456-440c72179301,2021,1136142,F
4f51b6ef-a7cf-448a-ac0f-57b91d2a2ba1,2021,1136142,F
01279caa-be35-40ad-b9b6-c5ca36c3b1b0,2021,13595,F
cfb827d0-fc93-4b35-a1cc-b10f911ebd59,2021,1376181,F
ad11336e-ddf4-430b-ab2c-8b14fb84cc7d,2021,19047,F
88db9091-377a-471f-a786-8460f0012790,2021,13446,F
041bc465-8c57-4f8f-a884-52b311cacc46,2021,1136142,F
9451dc53-45ec-477d-bd4c-d5caa005ec46,2021,513,F
a5a4bd71-8b26-4871-a464-d40d0981a26b,2021,62484,F
718ad2aa-695d-4e0d-b487-725559f1c64b,2021,21464,F
b19280bb-2334-4fb2-960d-8e26187bb240,2021,1270596,F
f3eab805-e8fd-41e2-b3d6-ec16fb1ffacd,2021,317,F
039ebf72-ea84-403e-8473-ff654dcf703f,2021,1139692,F
08d9a699-b808-46b8-af15-9373dad49637,2021,83388,F
917e94de-37a3-4d5c-8db4-85f741004213,2021,10515,F
1c93abc6-7533-4519-aee5-4ee56dcc01ac,2021,99406,F
607367bb-8e00-465a-9bd3-97a6a1ba9e3d,2021,18903,F
800d2336-c939-4472-ad0f-38bd24f69011,2021,83388,F
4b45abdf-c1f6-4ecb-93e0-59a19f657bc3,2021,49054,F
3fc1ea61-b9ec-43da-a9f4-ab867892c435,2021,1139692,F
b38b85d8-b04e-432b-b8e1-41fabfade512,2021,62484,F
92178e11-1f2b-41cc-84d0-80700168230c,2021,112086,F
b0de3938-f5dc-46b7-808f-107c3c17ef92,2021,11452,F
eb0cb714-3da0-4ff2-800d-a109f61a5fe3,2021,11730,F
f4706c36-ee95-46bf-815e-a71391900a85,2021,64664,F
43ae4ff6-f848-430d-91db-74e53ee804be,2021,11452,F
b6695593-5b38-4a30-8848-e433a252ed84,2021,1102628,F
7f2a9f17-d412-46a6-ae53-5f3fcef760ab,2021,99820,F
1500253f-031c-4048-8c1b-57a9e007ab97,2021,1300429,F
db01667d-b59f-4d49-a16d-4a2952d36a0d,2021,1330347,F
2c697e78-d789-4a04-8534-2ca0a92f858a,2021,11452,F
0309def0-de7f-40ae-8332-20233e2e1000,2021,1101244,F
d3b45b80-a5da-42ea-ae13-58d55ba2eafb,2021,20030,F
c63983d2-9c1b-41de-b8fa-f550e701cbd8,2021,1288002,F
49fd9cfc-5e6e-4e63-844c-407c938e4555,2021,13595,F
745975f7-3a9c-4d1b-a98a-be37a3eca2ab,2021,87396,F
3eb55697-9090-4ff0-8155-80fea083300a,2021,1136142,F
e43f93dc-e820-4385-8534-20fc96bb72c1,2021,11452,F
dca8931f-a2c8-4b68-aa28-fda689c886d5,2021,19047,F
61d7013b-8119-4715-81c7-448eadfc5c36,2021,1376181,F
5941175d-c7f4-42ef-b4e0-748f97d8033e,2021,74737,F
8d71deed-64c2-4238-b239-686104a33a64,2021,97443,F
6424e546-0b97-4c1a-95e5-201fe1b0d9c0,2021,13595,F
56a0bd03-f665-43de-b700-1ff53c0d2ec4,2021,94762,F
e7d631e8-7e7c-4f7a-8593-1e85412a0393,2021,1267543,F
6546f4f6-ec69-4084-b0f6-e8837fbe58ff,2021,11554,F
1babdad3-21ff-4b4f-847d-16e0684399f0,2021,11730,F
71e83757-be85-4323-9283-1d5016d610e1,2021,11452,F
d145853a-90d7-425e-b16e-c752deeb0acb,2021,49054,F
544a21e6-02af-41d0-9535-edc5cd865e8c,2021,59122,F
ece5a44a-0741-40f7-8991-8b638606591e,2021,2209,F
4819aae5-b5b8-4915-96d1-7aed7761be62,2021,55777,F
da8bc3af-0c18-4b5f-bbed-649ba165b68d,2021,317,F
4856305a-905d-4c5c-bcfd-43fbc33eeab8,2021,968,F
b3a4a8b7-5516-4da8-9775-99edd30c3bd5,2021,13595,F
8851ff8c-e530-4780-a1a0-277caac7ca86,2021,102590,F
ea396042-7d4f-46e7-a228-de3a698b29bd,2021,13980,F
fee6e1db-d526-427e-8c56-303e1096c8b0,2021,12313,F
dba12e4a-2592-476e-9edc-50c4aa3b8ec4,2021,97778,F
8906798d-c340-49cc-8d9c-8b722ed94022,2021,11730,F
b6315555-1b31-4396-b035-46121ad424c4,2021,13277,F
f5195b57-17c3-4f98-8fcf-3513a6b57fb0,2021,1102628,F
6bee709b-bde8-4e00-ba59-1b1cbbb7c429,2021,62484,F
5bff5613-2585-4500-b9eb-ca7d9da06778,2021,13446,F
d7a2180d-6d23-403c-94c3-0191b66f7e92,2021,20030,F
34d91c56-bf77-4f86-a765-908238e575c5,2021,91262,F
74b45bd7-d2e4-42bb-ba7a-7873c83c72c7,2021,13595,F
c60be619-669f-4e05-9d26-b0adff94d58c,2021,513,F
d374e8d3-7e6b-458a-9782-b036a0d4d22e,2021,9414,F
0b028d93-9bc5-47c0-ad2a-9477a30582cc,2021,1288839,F
300cfce5-ac10-4549-9703-71eb7b45bd55,2021,1101244,F
b3265571-0444-4de4-b94c-fbf2791a251b,2021,968,F
17907666-2011-4f24-888e-fbc570cbffef,2021,41238,F
f290854e-f201-4f12-9aed-68cd240205e4,2021,1385942,F
9df8a811-0b76-4ad1-96cb-f2ee00b9c430,2021,20030,F
7bdcb72a-7393-4ee3-94d3-ac79357a58b5,2021,57612,F
32b97086-6fa8-4849-8345-2a2ef5335d9f,2021,1270596,F
7115d4f3-e233-45c7-a000-a44c95be5e4f,2021,968,F
d003c086-707f-4228-a205-df247c296b36,2021,50082,F
895a7f26-ce0c-4a4c-a4c3-4926c1c3809d,2021,1102628,F
fe246e79-1b74-4bae-a7d5-cb94e0947444,2021,98595,F
8c21b05f-f21f-493f-b437-3c11a348df66,2021,118420,F
0e301a44-14a9-493c-9541-a863c97c28a1,2021,968,F
e15d99b4-0429-4991-bcf9-850a719eda84,2021,11730,F
b3be3233-bf00-4f5e-9148-2efa698c9b78,2021,1102628,F
049e820a-6b90-4b17-8b63-7f053adec7c4,2021,1102628,F
a3eb2e11-d247-4128-bd9d-4ec5fde8ff15,2021,11730,F
d96a328d-ff9d-4b45-a515-4dde7d04f735,2021,11452,F
d9f3d7a0-2bec-4e39-aa2f-a55901f0e96f,2021,117532,F
2f8c6547-0a9a-4596-a251-ee519fa8616d,2021,98665,F
733f7bb7-d940-4071-83d3-51f5bbab85d1,2021,41238,F
1863de72-58cf-437b-8f06-c57e2365ab03,2021,11452,F
9b73097a-26fe-4811-9441-b102e11cc8e1,2021,41238,F
f9d90d09-e9f9-44f5-8573-681178f4f8ae,2021,113455,F
a269bb27-42c6-4d7b-8f14-829a40850857,2021,19047,F
b2401278-0461-492c-98d8-65a7dd6c5f9c,2021,1330347,F
26e00f51-2ea5-4f79-8cb1-6e82875f53dd,2021,1288002,F
a5b6df38-c9b1-4a40-a556-f56e8f8df9e4,2021,117532,F
fe4837f4-8825-4a52-86bd-f5720cb86c13,2021,118420,F
3f6d72b2-c551-4736-ae8d-c175f570c74d,2021,98305,F
59d6c44a-8fe6-4fa5-987d-a0cf82c84166,2021,99406,F
daa4d65d-ce88-4f5f-bc05-35e89ca6b55d,2021,13595,F
33a7bf65-a64e-4191-b387-75dd9fdc2038,2021,13980,F
ffb4a46a-724a-4c30-a99e-24e5a6b96161,2021,1288002,F
06141991-22a6-453c-958d-165386256c15,2021,13595,F
d18f0511-5fea-4909-938c-1813cf941572,2021,13980,F
a17948e4-e805-453d-b31d-8e967f12826c,2021,62484,F
6810a394-6c74-4970-9603-a61a3899b2b0,2021,98305,F
214612df-a284-4dad-b469-3a22a976bd6f,2021,11452,F
f1895912-87df-44ad-8b81-6892d185749c,2021,13595,F
592dd8a2-a928-4aea-bbea-dd1ab6dc94d8,2021,62484,F
b4e80320-9407-4f4f-82f0-221bcbe79c9f,2021,56172,F
5aacd54d-0999-4e6f-a425-9a6d1f0794ff,2021,1288002,F
b9064953-c904-4802-91fd-c4ed42d74cd6,2021,1318224,F
423ac60b-99bb-4cdc-8ed7-95e3ed459728,2021,101942,F
607a7102-c2d6-44fe-b76c-da4de292c1d6,2021,11554,F
185cab62-8163-41c3-b4c4-041cee7da757,2021,11730,F
2277020c-37f4-4c03-ab9f-c0cbe449b725,2021,13595,F
2e522331-8fa8-4637-bcf8-fe7cbe18fd2b,2021,117022,F
8e162ead-b766-4891-b68f-ac3fe2c38f82,2021,118420,F
4af42329-567e-4586-aa37-4bac9c3be5da,2021,1102628,F
302aaea3-7572-496d-bf05-d4f1b656a091,2021,13401,F
3c432dd8-9969-4c1e-a617-9c4dfa64140d,2021,1101244,F
66d84351-56a6-4f25-8ef2-5019f076f456,2021,1288002,F
4f200a57-bfc8-4c2e-9e0e-89729c5479fe,2021,13446,F
375952ba-5abc-45dd-a5f8-f76f12e659c7,2021,62484,F
423e5e22-e665-481d-a591-9597442a6a2f,2021,12313,F
3984ca81-ddf8-4098-80c7-1eb9ec078145,2021,13595,F
fb09090c-4aa2-4972-9038-9e05882d24a5,2021,50082,F
802efb13-9b73-495c-95c4-4ec697f2bb72,2021,118420,F
12554be4-798a-4e68-a5b6-c0eb7bb64b5c,2021,118420,F
d50fbbcf-636f-4c40-865c-0e8cc5183d73,2021,13277,F
a5c32abb-d551-43fb-8521-9b1de30a3b2d,2021,1101244,F
bc74be4b-40cc-4e93-8cbc-218195c433cf,2021,64664,F
bc4eef8a-8009-446e-9f7d-ceaa82915ca5,2021,62484,F
e506249a-724f-4a64-85df-aa7689b005aa,2021,99820,F
a51738f9-be37-441b-b2af-330036a503e6,2021,13595,F
5c90f23e-8c86-4e53-a2af-584d3e9edd3d,2021,13277,F
2c0a1915-5728-483c-a1e4-fef3d18b1112,2021,1306689,F
903169d5-637a-4bf2-98a4-754eccbfec2c,2021,13980,F
022fd175-97f0-42bc-bebe-9b733615c6a4,2021,1267543,F
e5073145-30bd-4a69-8906-71b74e011b19,2021,12313,F
6daf5a29-12ad-4c1f-a344-41d1870ce4a5,2021,117022,F
257e26ca-de46-4e14-b3d0-e95ae3b75912,2021,20239,F
9d2dd58d-70b9-4e8d-8ba0-58d3d4cc2a1e,2021,13595,F
93c506f0-fb71-4df5-8e61-7cd3e18b7a8a,2021,98595,F
d1928629-d0a9-402a-ab46-4a61a386f17a,2021,18683,F
8f3abd37-0c54-41df-afb5-8492f97de85d,2021,968,F
a5e226b8-6e8e-4eca-a9df-cc0c5154d9ab,2021,13216,F
247dc946-4827-4415-9117-2af38cd95073,2021,2209,F
1844b7e8-62e0-4dae-a714-e5af74919c5c,2021,1102628,F
94165cb4-2f38-4610-a324-aa942d0dedad,2021,11554,F
db32ef9a-088f-4c74-a7d2-ec9be9cd8f70,2021,13401,F
f8e60b60-8c27-426d-8232-b673ddd32314,2021,11452,F
ef49af6f-aaf1-4752-96df-48608c88094d,2021,62484,F
d7601264-ae1a-43af-9121-775971bd84fb,2021,13595,F
cea4412f-e8d0-4446-aa7d-272a0b5b6745,2021,12313,F
2a7fcc08-3fe8-4fc5-ba72-4554bad4446a,2021,13595,F
a9598e16-7500-44e8-bddb-a4dc3141c290,2021,11554,F
9bb2ee81-35c5-4d22-99de-5f2010c0b44c,2021,5000143,F
e988e045-e2e3-41e8-92ab-7f3c2a93c6bf,2021,11554,F
07ef3c81-647e-437b-94f9-77f79432a399,2021,317,F
65f57730-4f9d-4606-a2c4-05c800c44ea2,2021,13595,F
f13504bf-f71c-453c-990e-4a2d169e4b56,2021,11452,F
aca38194-8f3b-47ba-b949-c5a934c196f7,2021,1422296,F
3d511f85-c0d6-476b-ade3-f8b54d14d48f,2021,1136142,F
0e8cea3c-b167-493a-b346-3df7f742e88d,2021,5000135,F
cf769feb-4c07-42d0-9423-bb1ace89cfd4,2021,13277,F
bb50bfb2-ff95-4404-a2ad-c26ff4fe0d66,2021,11730,F
c00be55f-3dd6-4b01-864c-e98b867bfb73,2021,1136142,F
72c4fa81-55bb-485b-aa38-5ade174bef90,2021,62484,F
e3dc6ef6-cc59-4aa9-bca9-dddf3c4528f9,2021,91262,F
988eaf69-39e8-4c5b-b42a-7063742e4054,2021,13595,F
04d7bf12-a91b-42c6-9c84-6f5314324f39,2021,13446,F
66b61f58-52b2-41c2-9eec-f865f6ad46b1,2021,13595,F
a664a16e-b758-4995-bfbc-ea9ae887f8d7,2021,13595,F
8a56802f-8f19-44e8-a6a4-17a0b26e76a8,2021,13401,F
1ef9f57a-faaf-440d-8431-2e2aee1faf2a,2021,1136142,F
33a9ef11-a61b-4e0d-a547-c66be991e16d,2021,13595,F
c37ccbce-8a64-457a-bded-1ea2b172ccbd,2021,13980,F
5a89ae2b-29e6-451e-be43-a9163159aa5a,2021,13980,F
070f74ad-2c95-4bee-b1d6-31149dc7c5dc,2021,13595,F
c10a8065-af24-4ba9-822c-58496bd0cf53,2021,11452,F
2d468c60-d743-4882-8f53-8e562797f5a0,2021,513,F
a570f04d-e283-4988-9f34-507e6170efcb,2021,20030,F
8386d742-a078-43f0-98a1-730963316f7a,2021,13446,F
56fa62e6-ca49-49eb-9f77-4c721b651ba1,2021,13277,F
63f5747e-65c6-4f7b-86b7-876275ea67ad,2021,13446,F
cd493a37-8c20-4f6f-8570-6e14c17b6278,2021,12313,F
16815619-6a52-47d1-b91a-b7acbe6df1a7,2021,13446,F
7ee2be20-dc34-41d5-b9f6-eb8f5ae1bff4,2021,13277,F
fac1637c-7c31-48f6-bcd3-28bc4f5d24de,2021,99820,F
a6d08e8e-9528-4e7d-b349-e29cb1f8e5d4,2021,112086,F
54c18d6b-eaee-47e5-bd72-514b2d029a26,2021,86318,F
acfbd267-2a14-4a3b-81a4-c62895cccd8c,2021,47069,F
6536eb4c-ca6f-44ee-a343-41c604d98bc0,2021,11554,F
8bc70afc-1cb0-46f4-8f30-27722df62893,2021,98305,F
1c763036-aff5-4a95-9e75-4aa6ad98418e,2021,1288002,F
8eaaa7f1-6037-4d4d-9eb2-8a851155e489,2021,73898,F
08c7c1dd-675d-4dbb-9226-b5cc9bb3149b,2021,73898,F
7f54d9bf-9667-43e8-b25c-3f8695e44a59,2021,21464,F
3dd5ff51-e154-4060-a3db-ae5c65ab0000,2021,21464,F
fc135f9b-ea9f-4d40-8977-bc86af0ac860,2021,1190071,F
0e8ff268-44d7-4a10-a5e3-2fd0e33813a5,2021,13595,F
e03bc85f-3b44-4a9e-a089-dc45ead66c15,2021,13595,F
df00f80f-8bb9-4042-8f91-ebdad2030140,2021,13595,F
8af82b8a-26ea-465f-bef8-ffc9aae08bea,2021,18559,F
8c96c36d-47a7-4299-a551-3ef0a4e19818,2021,13446,F
dd2cc3ae-4c5f-43e6-9ef6-29a5860f3b6a,2021,13446,F
1bc621fe-384d-46cc-bf87-6fde5122d4f4,2021,1136142,F
1f392897-c3d3-4962-8b07-ea62c0a462a2,2021,1136142,F
3701db2c-c364-4260-8551-2c73dbb4d683,2021,37862,F
df0ccf23-77f8-4839-a167-d2c43ee954c2,2021,1102628,F
7f2f7073-2413-41a9-ba36-4048f08a4453,2021,53342,F
ceefa168-dc69-4d85-9a0d-717372a12961,2021,12025,F
b4654166-83d6-4090-9603-80db3d68e37f,2021,18250,F
4f879a91-b84a-409e-a642-9022458aeec8,2021,18250,F
36c9cd53-21c8-4777-9a4b-dda05add05ca,2021,1204325,F
54f37866-de5a-4956-aeea-26a7209734b0,2021,18250,F
c136c0fc-e95f-47d5-b43d-dacb65bac1cf,2021,18250,F
a1ba9ea4-36dd-432a-a0e0-46b3e8ccae17,2021,18250,F
e8a1cc7f-510f-4529-9f93-a218e65d7030,2021,87396,F
9da44e66-78d9-49ab-9a99-c609c519cc84,2021,20030,F
2327c621-e722-4e17-b01e-ccaff4dbb912,2021,1427745,F
130f0cdc-2c8f-4e33-95c0-487b25a629dc,2021,48205,F
7257d3fb-f1c9-4feb-8c25-fb6c54ca22ce,2021,117532,F
f2baf3f4-7d8d-4db9-b82c-a05a814e8f8c,2021,117532,F
7cd16902-f363-4482-aca8-6c1e124c9db6,2021,13401,F
84daeb5d-fdc5-49cd-84ea-62d61e734b80,2021,117022,F
2ee9514c-c24e-432d-9a50-74ee4f97a21e,2021,95175,F
9d5cc245-4366-4ae2-9a72-c54ca6c393f6,2021,95175,F
587473a8-efa4-4364-a848-9f01d69594dd,2021,20009,F
2d779a89-529f-4043-af6c-4ac38cf38d0e,2021,98595,F
bb16c102-4893-4be3-a2db-baf2c048eccd,2021,12025,F
c3b32f80-cbc6-4f65-97ca-501c63b1b85f,2021,98595,F
abf77629-c81a-41bb-aa3c-5d7690601886,2021,20239,F
c5f5c1bc-9cf8-4781-bd64-31967f0573f3,2021,1101244,F
c1d82475-9f7b-4ad4-bc4a-22b316dc3ab1,2021,1270596,F
1e972e1e-14ea-427f-9cb4-cc4d631bfd0a,2021,12025,F
42d830da-1d49-4bef-bfef-946121c0f2dd,2021,60886,F
db038957-2d30-4a30-b77f-f0d764528593,2021,1330347,F
e169a4d0-d350-4389-a61a-101bef620ce0,2021,12313,F
addf1a80-386e-4d9c-889d-25c6047c20b7,2021,1181115,F
b81420d4-0d49-4918-a02b-e922a8894499,2021,54934,F
d1c5a524-95ae-49da-8531-ce4c2c332481,2021,2209,F
61dce3fb-b8d7-4c42-a6ac-f9eb4b49a078,2021,94762,F
1a78eb69-f1d1-4dbf-99d9-10e9f1c67296,2021,55777,F
e01b17b2-05f9-45a9-8ed7-0ef68c93d2d2,2021,98764,
8d4c5b48-0e0e-47be-8852-14873f51edd8,2021,98957,
94b4e565-71fc-4940-84cf-7a38b38ed6f3,2021,98957,
4965147c-a0c4-43fa-8722-f6e22cff66e4,2021,49054,
ec30ab37-187c-4b3b-bc52-783623b69b4f,2021,1283028,
59cb3c6e-acd4-481e-883c-ae5f5c68e744,2021,5000135,
34254316-0ebf-4626-a1d0-42efefcaf331,2021,1102628,
b0f88b24-84bc-4f24-b6a0-46a17a10e622,2021,9414,
014a3edd-1306-4e23-89d8-70993dcbad3d,2021,108660,
35ee992b-23bc-4bcd-bd7a-9b9b28e1ea0c,2021,1190071,
a82e0d16-0807-4b22-81c0-e7588f00739e,2021,1190071,
5dcadd1e-ded5-49a2-a7e9-a1e150e25282,2021,5000135,
9981e184-c7f2-4e97-adbf-76404bb96d22,2021,113455,
52a07707-0177-46a8-9cc2-b979700b2b64,2021,67601,
e7b605a7-902d-4021-b875-fc489dd0f07b,2021,18584,
d7002514-4f4c-42ca-987a-ea2e15dea1f4,2021,18584,
c2c5bcb2-3e62-45eb-9074-700d7f9d80bf,2021,18584,
4d99612b-af18-4fc9-9c1b-e4b597d075b9,2021,18584,
03975a59-a513-4724-9f46-a05279a93345,2021,18584,
b6463a7d-5f85-4089-b337-2096e2fb8fe2,2021,18584,
ba1bf689-30db-418f-8050-95cc8b6800f2,2021,18584,
5253ced4-aa3b-45b9-b9a4-5b7e8bfe64dd,2021,18584,
a6140a85-9e84-481c-b30a-51d66ac3e9e4,2021,18584,
c8b9ce64-efa1-4934-81b4-5bd50962e79a,2021,18584,
3fc88500-7be5-4afa-aaa2-694e870312d7,2021,18584,
25c5b141-fb8a-4c73-af64-810549319d13,2021,18584,
9995a12a-39e8-44bd-b69d-0a2d45b482f3,2021,18584,
923a91c8-538a-499f-a2f9-325b3bf3ad16,2021,18584,
7f7888c6-6492-47e9-b7ca-ad6421163e0c,2021,18584,
427e47ee-e537-4545-aaa6-dfd3e02df74c,2021,18584,
a548e22e-9ee4-4939-b296-3abfe747c42e,2021,18584,
ab11d816-f919-48ff-9a6d-7eebbfb3d586,2021,102590,
7e10112d-9290-4e5b-a261-07e9413b2151,2021,18558,
934f15f3-ed86-4b9e-afb5-ca23cab68c83,2021,102590,
304b2a87-f71d-46b9-a8a9-3ecd9c6b9163,2021,102590,
3c0264e4-cdf4-4a4f-b792-4ed7c74f7b7f,2021,102590,
9c239b98-2e6d-4ddf-99b8-fd5b65f6230d,2021,102590,
f1a8b6b1-e07e-4045-9785-40084728761f,2021,102590,
e0cfdddb-25e2-4d03-afd6-6b0c550de6f2,2021,102590,
d093fea3-9119-4c51-8d71-108c41542ea5,2021,102590,
6c094f5f-ec7c-4d13-bf5d-a8822c6873eb,2021,102590,
e552247e-3f8c-46c2-a1fc-a874511dcdce,2021,102590,
03a6422b-a648-4f05-8b51-cebc7e517618,2021,102590,
94366fd6-ec74-439b-8fbd-919bfbd4179f,2021,102590,
e78db292-768b-4cc6-a339-fb8cbecea07e,2021,102590,
579abd61-7301-4f0c-9030-0f5cbc853b13,2021,102590,
0f1e2018-ddc0-4090-920d-d22d29a5d2ef,2021,102590,
7e14920c-921b-4090-8e9f-628547579e14,2021,102590,
d2900153-a77a-4190-87cc-03d12aacfc61,2021,1113582,
a604014d-3abb-461e-a687-1d96ba2c4054,2021,1113582,
2085318b-40c0-4e9e-9f30-1276cca4fe51,2021,1113582,
cdad6927-a474-462a-8ee6-efec907ac724,2021,102590,
cf3d9bd5-60b6-49d0-87f6-7d51644680cf,2021,18558,
d18c749f-1aee-434b-9da1-f4cbd4c442fe,2021,1113582,
195d22b8-4fbc-44e1-bec3-a3709dfa252c,2021,1113582,
ee51ce87-2516-49c3-b266-bf10908c0b8b,2021,1113582,
42c72921-1997-487b-8b4a-df6cef83f0dc,2021,1113582,
c086cb5e-eafe-42b6-aa23-06129e90302c,2021,1113582,
b9b79f1a-9245-4a43-9eee-e595157cf34d,2021,104360,
b7d272b8-5c47-4a1c-8a4d-2b66fca9646f,2021,104360,
8f8fb12b-258e-4bb8-b085-87033f26d257,2021,104360,
6511fc09-99a5-458e-8526-49830b9319d5,2021,104360,
ebca05bc-40d3-406e-b737-028f678ce956,2021,73140,
206e6349-95e5-41a0-b3a5-85d73130ddb1,2021,73140,
6c7fe0d1-794f-4970-aedf-23ed2f7e8044,2021,73140,
863c7fdc-44fb-4445-b0e0-b0df22705882,2021,73140,
1d96b157-2a9d-401d-89f4-d5a3a3f40c4a,2021,73140,
b3c4c360-4ac1-4d22-9b6f-ba193b7e6135,2021,73140,
271ff92a-bcb6-4975-8597-38cffd68719b,2021,73140,
bbdc7700-67a1-4bf4-bc67-59bc857cb893,2021,1113582,
d1288b9f-9505-4cd6-807c-36e70afaa2c8,2021,1113582,
c5c16a5b-8fe2-4320-bd9e-a5b48267d33d,2021,1113582,
5faaf4c3-4a64-406d-89ed-776c1e9175ab,2021,20933,
1b4dfcf4-b848-4e75-985e-7407871b1523,2021,20933,
7ae29754-921b-4e08-8dde-a50dee4a6d08,2021,20933,
70cb7ec8-03b2-468e-ba8f-90374788082d,2021,104360,
9d692b8b-224f-4167-b5fc-631ff5078cc6,2021,99820,
f0d9a9ec-c333-4c35-bd03-e8f06ad021df,2021,97778,
4e9af813-486f-4089-8e5c-4edb4d19ddbc,2021,55402,
bb104295-d710-4c9b-9692-a5806187f122,2021,55402,
1837f851-62ff-4451-aeee-6ed000fd46c7,2021,101942,
26ab31e8-0c2a-4105-8d4e-ab2c7c8768fd,2021,101942,
871a7e1e-e6f4-4a19-90a0-d102b60a5287,2021,101942,
66a289b8-bb31-4abd-8bf8-623fa2c59a54,2021,101942,
72f937ce-7cb4-4792-bcc2-9e85568360d2,2021,101942,
05463940-8821-4c43-8fcb-9f25a531c257,2021,101942,
5db6de8a-7fc5-4400-ae06-a59af24b7cc9,2021,112086,
b6163069-c79f-41ad-9283-649c02d0183f,2021,13216,
be17cf44-a534-412b-8ae7-bba2150afca3,2021,13216,
6af81701-8943-4047-963b-0d2a854392a8,2021,1267543,
68bbc73c-95f8-4c37-978c-5f097abbe559,2021,1267543,
94e00346-cd96-49e2-b239-6173494ec5c4,2021,1267543,
4b3458b5-15fb-4aef-a1ed-64085c50c98f,2021,73140,
615bcd19-9f77-4b37-a893-f4915a106de7,2021,73140,
0cadf8cd-bf42-463b-988f-59cdc008c119,2021,73140,
92021026-71a7-40dc-b263-b1781cf71a60,2021,47069,
a1bf1d35-4c7a-461d-abdd-2658ee639fdc,2021,47069,
9bdb3e78-a70d-4b31-aa7d-31047f264adb,2021,47069,
a5f7c943-c13b-4d56-8492-ce48634c4a29,2021,47069,
9dae2cee-ddf0-4dbd-9434-0f9392c068ef,2021,86318,
13068442-e476-43f7-b32d-eb3421bb5dcd,2021,86318,
1ead1d0d-aeaa-4658-b5d6-1c0d6ef88b79,2021,86318,
4fe22061-db56-4bea-9c1c-d5ec87a5574e,2021,11554,
bd8dce2d-bb23-4ef7-a2f2-7f7443142951,2021,1187671,
c188e421-8a6f-4a80-bbbc-8953cb9a9933,2021,98305,
f69625b6-0184-4b19-858d-500462400d0d,2021,1187671,
c5dd0cb6-3733-43e1-9670-53f68732f773,2021,86326,
6b49fbbb-89d3-42b7-8714-59baa56acde3,2021,1187671,
58cb3b52-bc5f-4536-bd6d-a339ff51137e,2021,1187671,
d0ba92c5-63af-4de5-972d-faadc33bc975,2021,1103723,
06a1e4d0-ce6f-42ae-b813-38255256539b,2021,86326,
603df27b-aff4-4c1a-af53-7fb46a5aa754,2021,1187671,
7382ea21-7f84-4a84-a1f8-844216c972f1,2021,1187671,
6b3b2916-887c-4c01-a0ad-f4635b22d887,2021,86326,
f287d00f-9795-412b-99c0-afdd90338215,2021,86326,
bbcfd9bf-56dd-47f8-8648-fc05d0399ef5,2021,1187671,
6d7165bd-a67d-4b26-9680-d51f6c441d28,2021,86326,
fe0fe226-f658-4a15-91f1-6944746d5304,2021,86326,
20619b52-abc3-4fae-b9d7-7569423b19cb,2021,86326,
4aeca357-a8dd-4c1e-8872-8ff0192df6ef,2021,1187671,
e038f428-4d02-44dc-b0aa-c9d7bb9c25f9,2021,86326,
06cfcd80-0db7-428b-872c-f960be33b008,2021,86326,
45f24d86-c8e3-4a40-b948-a13a93e04da1,2021,86326,
dd161fcf-fae3-4683-9bbf-8e18f3a58ed3,2021,13401,
fef4d28b-fe50-4276-a839-aca37fb69b06,2021,67601,
3b17fb63-2604-41c5-bb2c-562a7f072866,2021,67601,
2e1a422f-b076-4aaa-9308-ca3cfeba56c0,2021,67601,
9d624131-f6ed-41f6-b730-8cdc5d85e487,2021,67601,
1c219787-47e9-41f2-9a73-d9eea9dec5d1,2021,67601,
3b8bd6e2-8822-4c6a-8810-4f086c3c687f,2021,50082,
2e33a2ef-145c-46db-a264-0b7c84e86930,2021,50082,
a401b4c8-e0d9-4307-80bd-c377cb580274,2021,21464,
fa8bcf53-acb6-4ef9-9ef1-2a65f7693e4d,2021,21464,
a82153b2-5d6f-47bf-8622-8368e56e601d,2021,21464,
6cb35061-3d9f-483a-aefb-5f4cd8c1ad17,2021,21464,
4aa000b2-7668-4ba1-81ac-dfe70823459b,2021,21464,
a8a60834-d452-4c4b-abd8-0a41864854ad,2021,21464,
7530b09a-5312-47e4-829b-1d54ce6acbb3,2021,21464,
6d5ebc32-8a22-4334-8737-29027aa2406f,2021,21464,
d948be48-b97a-4b56-870b-c2759253eff0,2021,21464,
aa2af902-10ae-4960-9c51-5ce8e050f8a2,2021,21464,
190e4613-f4dd-4007-9ce7-4146ff423a57,2021,21464,
944f9c46-18ad-483c-b39d-911de83e0994,2021,21464,
eb1f7b4a-2056-4381-9a98-76dcec3cb871,2021,21464,
f5d0eb20-3bec-4f19-a5c1-f0bf381b292a,2021,21464,
a0121eef-4715-4a4c-96d8-13122491a852,2021,21464,
2173395d-65e6-4e6b-b373-ab1d2ce9ac73,2021,21464,
a67ba124-ee1e-4f5a-83bb-279fa61fe89f,2021,318882,
57381cd8-704b-4285-9065-0b950e0ef03c,2021,318882,
116225d8-ba10-4995-bb2e-c2c45a548ff5,2021,318882,
f8a31a6d-434e-4de5-857f-3469fff61b80,2021,318882,
82a0399a-7746-4ea4-b710-caaa82c570ae,2021,318882,
6e0cc03c-85ef-423c-816b-306054fb33e9,2021,318882,
5bbde3c6-af43-4b65-8166-710ab825d025,2021,43664,
97d2573b-3398-482d-a4b4-fc740fc80cc8,2021,43664,
68f03366-8425-4fba-a222-d6a459713381,2021,47051,
8d0a81a2-139a-457d-b0ee-5ddc5702ab57,2021,1190071,
fbb414ba-faa5-44f8-a88d-c06e82d8f85d,2021,1190071,
9aadb636-f019-46a3-9937-b0c2eff7a886,2021,1190071,
13852ee4-d3e1-4577-8b28-10a8f9130f92,2021,1190071,
5e9cbde4-5284-403d-88d5-e265bbee8679,2021,13595,
627d2e1f-2e2e-45bb-b2d9-3951297caf7d,2021,13595,
e1bd6de8-a7c1-497c-ad7a-e75db58cc779,2021,13595,
b451485e-2669-4663-8e2b-52aec55ae64b,2021,13595,
82386734-0c32-47c6-a0e5-d0f2e24c1b28,2021,13595,
0a7e30b0-523c-4c6c-88e7-32760f05519b,2021,1267543,
d2b28966-9e48-4ede-bf45-21e7657c0863,2021,1267543,
6ff1ee5c-82c1-4f00-9c37-419d3c40bd58,2021,37862,
4c073008-59b4-46a1-b935-d68847f4f814,2021,37862,
97af3b31-d50c-45f1-91e8-969bc32b3c98,2021,37862,
20413f4f-8abe-4111-84e0-d17f29b48b53,2021,118468,
57fc54b4-0e4b-4e5a-9b91-b1e74994da92,2021,118468,
abbf7d79-3bdb-4866-9c3b-60a29ba3fecb,2021,1265453,
4b6900f4-82dd-4291-91ef-57c73df24e62,2021,1265453,
53cd359c-5a5d-421f-b35f-9a9feb7bd4f8,2021,1265453,
4772d62d-758e-474a-a688-58ccc28649d1,2021,1265453,
58e698f2-f11a-49e9-b260-419225b2dfe2,2021,1265453,
7a8955e6-0955-44b7-83da-a7a4e9a32da5,2021,1265453,
abfdb8a5-ceb3-4eba-a1a6-3ebb31103fd7,2021,1265453,
b48158fc-41c9-4a87-a677-d70dc340e62d,2021,11730,
42461ffa-4183-49c0-846b-bc68fcefb7cb,2021,11730,
1406dfb9-63c0-488f-b563-69d4394e567f,2021,11730,
5ec836f4-da52-45dc-b725-58b87958415f,2021,11730,
c1ffcf81-cccb-4b69-a31d-0244b124883f,2021,11730,
29934e4d-d7b0-4fb9-a950-00fefca334e7,2021,11730,
07f6b066-0c33-4c39-bd20-18d176ff74f9,2021,11730,
36f9641e-8c98-4aa8-bf11-886a45454fe2,2021,11730,
52d8961a-c87d-47ab-8d56-acf41cde74ed,2021,11730,
bcf1ea4a-28e7-4c0b-9a38-7a71f018d3be,2021,11730,
21a4833c-e427-40ce-8999-70c947b1e68d,2021,11730,
8d3c304b-6b07-4002-8e6e-a0d9526f8664,2021,11730,
0eccbc9d-cdb4-4864-869b-232c4346eb3a,2021,11730,
280e3d0d-32f6-4970-bef5-3e617b590116,2021,11730,
0d42964c-eb4f-42bb-9182-50ca59e2e926,2021,11730,
68ce4a5f-a837-497f-b6a8-ef578ef6be60,2021,11730,
028555a1-2026-4db6-98f1-8badb8a2d87d,2021,11730,
a4553579-01bf-4d13-b195-3ccd5f927e67,2021,11730,
61905b69-8ec5-4685-a07d-b7aa745c6f2d,2021,11730,
b01bdff3-691f-4c3d-ab63-2c251a4fbb6c,2021,107360,
a0fb10bd-7f46-4918-9752-78bd79ad9395,2021,1148708,
56bb3673-1bf8-4ee8-b7c2-e82dd9c5a7d4,2021,1148708,
d4d0880a-de3d-4e0c-8913-131329ef8f96,2021,1148708,
36c75022-2c6e-49a7-af22-f72da678be57,2021,1148708,
e0f1db75-01ef-41b8-a58e-c194bb98f7c6,2021,1180773,
7c7c34b3-7149-4583-a596-fcd5fc8839db,2021,9440,
d3881eff-5159-4125-aa3e-03e4a137d420,2021,9440,
de38626b-3204-46d0-a1bf-4c2b91f6e68b,2021,9440,
a4dc44e9-f344-4fcb-9f7c-7a5c7f940b3b,2021,9440,
922801a6-dc16-4106-aede-25e07ab5b076,2021,22035,
d7d3ccb0-0d4b-4aa2-876a-5843112bce3c,2021,1180773,
9379b8b5-b081-49c6-8b68-368ec4f26004,2021,1180773,
4bf3bf5c-d7f3-4368-9209-70f02cd52015,2021,1180773,
46f9a1cc-5cec-4fb7-95f3-48ba4a14b479,2021,106996,
0e255858-102d-4356-9ace-0929d67eec7d,2021,106996,
8de416ac-9e64-4389-af68-48aebab3fade,2021,106996,
cc846ed9-cb64-4290-bcf8-23075d6827fe,2021,101830,
9587868a-71a3-4e47-95d5-5c0ec4be7207,2021,83388,
f91eed89-66df-4118-91f8-7b0163dab28f,2021,88084,
ac1c11b5-8311-4b20-8927-135b0d253cbf,2021,88084,
37625ba8-b468-4598-a147-7b176436393a,2021,1258654,
4a59a2d6-e7c8-415a-a260-8bfb10c85d40,2021,1258654,
faa5c6cc-29b1-44f1-be7d-52bcdecaadeb,2021,1180773,
746f7be3-9faf-4363-a692-f33ba68924cd,2021,1180773,
06243f82-000f-4652-9e1a-14f77ce9ee4f,2021,1180773,
e4ee7bed-cc7f-49c6-8602-97c1975e01a2,2021,1180773,
e9a543a6-cac3-423d-90eb-2e926096740c,2021,1180773,
36be8f21-df50-4def-b106-c0071a244fe7,2021,49054,
e02ebf3b-9c70-42bf-942b-bc6bde818e9c,2021,49054,
6973d5f4-bfb8-4ece-9821-aff7df9fc6e0,2021,1180773,
5c271350-82d2-48b0-96b6-7363279ff892,2021,37862,
b2a5a0b2-de42-4882-b7cc-1a9940f3a08d,2021,1180773,
c042e6b5-87a6-46a2-af79-38ef3c1e38a6,2021,1180773,
96dbedb9-7173-40fa-aef0-0d3997f8b566,2021,37862,
45a85b19-78e7-4747-8400-eb4190f8798f,2021,1180773,
a7baae4a-b60a-4626-a106-c064706e1ae0,2021,1180773,
1cb3aceb-3bbd-43f6-94a2-d65ecf170edc,2021,1136142,
61a0ae8f-92ad-48e4-a3cb-f659a4bfbd03,2021,1136142,
2964b95c-8b3c-4555-83e7-1ca42ac1f17c,2021,1136142,
9a5848f1-3b0d-423b-8e27-9505b7aad65e,2021,1136142,
cc8f998f-3fa6-40b4-bea2-7fe85e083f59,2021,1136142,
24a98b43-23e3-413a-9f3b-d6276d9b2ef1,2021,1136142,
5ea65b57-0d64-459c-8ae2-75575ce5e7dd,2021,1136142,
27af470b-1fa9-42e5-96fd-cc0398429654,2021,1136142,
cdb1a4bd-929c-463b-9aff-d1248ebdddfd,2021,1136142,
147d717c-4a4d-4b1c-b48c-8aa37e29edd6,2021,1267543,
c7f29faa-1c03-4337-b7a3-8aff40a667a4,2021,1102628,
c14ec08b-988d-4c2f-9f26-a79dfacbf5e6,2021,90030,
2ec9bc19-fc55-4e9c-82da-f98f86acb349,2021,90030,
7ed2f76e-6f1f-4b51-bb9b-8cf627e1c9c2,2021,90030,
07629613-a1c3-4fbb-b66b-afe4388799c4,2021,1102628,
3b97128c-788b-45e9-8d0e-ef4e5da9bdc7,2021,118420,
cde0b572-cbc6-44a9-8efb-1ca7fb9e2dd1,2021,1102628,
bdc51390-abeb-428b-88e0-7b2788d0ef32,2021,118420,
0085512b-4e77-4f95-9662-f75058ebb993,2021,1102628,
f9a6322f-f14a-4f86-bad4-bd38eb5c40de,2021,1102628,
4c640f3b-350c-4e6f-8d98-39519ad11f86,2021,1102628,
9f51b3e7-a15e-4359-9f48-892fdfc6139f,2021,118420,
1fe73ad5-9bf2-4131-88b8-545770fc64ec,2021,118420,
163e46e7-a8f1-4592-97de-de995669ec43,2021,118420,
9032bad3-7713-4829-957b-604ea8889a79,2021,1288839,
97c96562-e6fa-4194-a1e1-ce070a2c3531,2021,1288839,
960525d2-ff28-42f2-875f-458b152294cb,2021,1032473,
ac767680-e106-40e3-8e1c-ad2a125415aa,2021,37862,
1636f0de-12ff-4b11-bf36-028f22ba570f,2021,37862,
c0b9c5a5-8350-49a7-b587-c289c33bcd1a,2021,118420,
06a540dc-bf3e-4870-a836-58a9e99f27bd,2021,37862,
d9cedd91-29cc-4f8a-b2bd-9e531763672e,2021,37862,
88723d18-0101-48ec-8997-14550ab6f59c,2021,37862,
939c9ced-2ddc-4cb7-92c8-641f9cd52902,2021,118420,
06c9e624-9ac1-44d6-ae33-2f92387b8468,2021,37862,
c75384e5-d41e-4d34-ad58-a30aabb16858,2021,37862,
a0c4f5fc-6684-42fc-bdef-db2f679506e9,2021,37862,
58011635-66b2-4012-b7ed-7c7761046ec6,2021,113455,
68d8a68b-4686-4517-b0b1-9ba69dc9a2ca,2021,113455,
9ba8b6fd-a4f6-481b-b705-72b322473580,2021,113455,
5d6f41d9-0ed0-40b9-80c7-39ab254d8506,2021,113455,
084304a5-7e90-40ce-94c5-8fb2d061d643,2021,113455,
dafad911-30a1-4f24-aab5-0d99735e0465,2021,113455,
6fd23914-495f-4098-8409-c9b4a5d3c43e,2021,113455,
111e76da-2c10-4c6e-8dbf-b91572263ba4,2021,113455,
d1034441-07c1-449a-9724-926b5bcf63e2,2021,113455,
fd376624-edee-49aa-878d-e954094df857,2021,113455,
73726b5c-8e58-429b-9e8c-c7c5e09097d7,2021,113455,
6d44cbd9-790d-4bb8-baa6-4bef8fde9d72,2021,113455,
18b5fa19-72fe-4bff-82ca-714a79d20e50,2021,113455,
354cd12e-548f-4d1a-a01a-c51c0a3b4a3d,2021,113455,
34e38bad-77a7-4679-86bd-ab300f32b6e2,2021,113455,
578cf797-dbbd-460d-a630-1d518b82f2be,2021,113455,
bce3e141-63bd-4c20-9842-5cbba3ded183,2021,113455,
d756869e-82e2-4a72-b5fb-d4f2b9b56454,2021,113455,
bfe9bbe9-b443-473d-9f36-bb63a4646967,2021,113455,
2a5f71e7-a1d3-493d-9612-e9700165d4bb,2021,113455,
26db1b7f-2770-4ac7-9e20-c934f257e0f5,2021,113455,
d347c0a1-1e2f-4548-b45c-a106082475f2,2021,113455,
0f54b661-c063-404a-86b5-68e7980f6746,2021,1110857,
68b81e24-75cf-4573-b8da-44187d038514,2021,1110857,
7ae66c28-a483-480f-8cc0-3772629b273f,2021,1110857,
ca03b1d2-1c8f-45a6-8ad3-d14fa3563c68,2021,1181327,
ec5e0047-7d1c-4e5c-9266-7531c4dc34fb,2021,94762,
70c5b44a-b2fc-4def-9c21-10859f73c994,2021,94762,
acfcb854-950b-4f91-8573-c2c2669de307,2021,94762,
436b7804-2963-4fbe-86a4-86ef20d1b80c,2021,94762,
baa8a4c8-5657-4289-8510-f03cd4f32284,2021,94762,
8e5b2c3c-1a8f-4115-9bfe-97a1e0959811,2021,94762,
7a37fcf2-17ad-4fa5-9967-afeaeb8234a9,2021,94762,
9fcca8f4-1be5-4a2b-8286-4b9262deb0c8,2021,94762,
f5b39cc5-bdd6-4841-9e86-18dc0f2a81e7,2021,94762,
26a17fd7-3fc0-40d7-833d-0143496617d6,2021,94762,
72b93c8b-1a13-48da-9d71-816560ddd24f,2021,94762,
349f2a92-63c5-449b-9397-03861a59cd1f,2021,94762,
0bd77966-99c0-4cf5-887b-568c731995d1,2021,94762,
de718f43-2777-40e7-8c93-4d26ed8ac246,2021,94762,
49d75063-94f0-4c92-98f6-c20ec1d1da56,2021,94762,
fdea119f-e714-4641-9502-9853bb06f9b7,2021,94762,
914ba9f8-d695-42a9-a2f5-b0d0ad86fa06,2021,94762,
0fc6c84c-d456-4c03-a0d0-bc3f4366a0bb,2021,94762,
d6829ed9-191c-4916-b1d0-e8656c7ba2eb,2021,94762,
94b8f134-a7e3-4ba0-a776-370a13a8a048,2021,94762,
32bac148-0c86-4272-b8f0-2a0a29ad1d3c,2021,94762,
f22d82b4-21ac-4b00-84bf-dfbf690404c1,2021,94762,
a32b37e6-f537-46ae-9d2e-da8a85fcc71e,2021,94762,
5c137852-9026-4ca5-b8c9-925df278008f,2021,94762,
95cb99cd-ce54-4faa-bd84-4e80f72d2b3d,2021,94762,
89dbaac7-feaf-4250-8798-baa2ab1c7c66,2021,94762,
641ce7e1-b901-4b29-a976-212e99440c90,2021,94762,
8756081a-450b-4800-a901-201c5880e029,2021,94762,
fcf9ef91-a650-4d8d-a4b7-105d9595e8c9,2021,94762,
8dc6e899-4514-43d4-9995-7ce75cb89cb0,2021,94762,
a08d5111-049a-405e-8b23-acf9dfe51a42,2021,94762,
de65028f-24e8-4d6f-b78a-03a045a064fc,2021,94762,
a1a8deb1-640a-4f5a-ae2d-7c5642dd3ea0,2021,94762,
7dcb0d57-5266-4e36-ba80-7ef1d5f2a87b,2021,94762,
18f87ce3-0981-4b99-87d8-df7133fe9d1f,2021,94762,
18f66b56-e5bf-4dd9-874f-e34aba3c1049,2021,94762,
e9be88f9-6230-464c-b1f4-8ec625579574,2021,94762,
7990e8e6-5e42-4f31-90c0-95b4c206691a,2021,94762,
469b1fbd-88ba-4976-9ba5-5d33e4077af3,2021,94762,
70c95fca-f1d6-45ec-938c-b089fe62c5c9,2021,94762,
7e0e4595-60e0-4318-90bb-1fe460779742,2021,94762,
c69f06a5-ee90-4a54-b019-9dfca9a54bdc,2021,94762,
8d79402b-9934-4f5c-a6be-faf0eadbd108,2021,94762,
34febc57-9e39-4697-9f7c-759205269981,2021,94762,
f854d6ba-b830-4e79-bb4a-c7f79fb066ea,2021,94762,
b3b422dd-4123-4cbe-8e21-3b988b8f96ca,2021,94762,
21a4bf5b-98f0-4032-bbc9-c1b72d6b8be6,2021,94762,
ecf678cd-dc94-4f31-b327-decd5c3617db,2021,94762,
c49ad6a7-3f49-455f-a51c-286a89a2ec66,2021,94762,
ba881cbb-9c81-436a-81ba-eab47bb3cc75,2021,94762,
84072456-ae90-4b36-b834-bc920ee3c694,2021,94762,
c2f1ec92-14e1-4ca0-a1d0-ac5ccb6fa189,2021,94762,
00055188-275a-4906-a287-a2c7d3bfd7b2,2021,94762,
3e2e9022-7221-4e80-ba29-d0d75dab5365,2021,94762,
12f3dae3-b6c8-40a6-86bf-1a39840022d6,2021,94762,
2e4423b1-4b4b-48d1-be16-a98c837d14fa,2021,94762,
2bb77041-461d-4eb0-b69e-eb434cd8f604,2021,94762,
6a76510f-a6ce-41bc-9c77-f62e8478e84d,2021,94762,
d3581443-b096-4f12-a287-3b0599a71e6d,2021,94762,
602df0b9-4c26-4939-be06-36ec127fb829,2021,94762,
73794d7a-332b-4ee9-b0fb-c5a3f17fa679,2021,94762,
c9485ee5-0145-489b-b4d5-7ccc09f82402,2021,94762,
dce35eb1-5283-48f9-a0fc-13e98396a816,2021,94762,
ef4a5383-7445-4e0b-af9b-a8d7e411b0d3,2021,94762,
dc2819fe-bfcb-497f-a3f2-ef0300fbe079,2021,20009,
231e6ed0-0bb1-4aaf-b065-e4caf6649f25,2021,20009,
92a1551a-b081-4da3-9f2e-4cb4d7ebdcb0,2021,20009,
159185c9-76ab-4f75-ace0-83ef3ce43bef,2021,20009,
69db9c89-8e17-49c5-9473-98e4863b9b31,2021,20009,
b8083bb7-8679-429c-adb8-032c8b9b88cb,2021,1306689,
bb0c6cb7-90b0-4068-9960-15e5e8d5d8f9,2021,1306689,
6e958c95-7f1d-4b5f-bd5b-bd932f7e2db4,2021,1306689,
6ce4e386-f18f-4963-8358-c1015254d9a6,2021,12025,
d55561fd-961b-4629-9dcb-f7c177c02342,2021,48675,
b8c4929c-7497-466e-973e-417f2163d71c,2021,48675,
d8a3135c-7813-49d8-87eb-5facee113b85,2021,48675,
0f2c9ed9-adad-46e1-a13e-434820d378ae,2021,98013,
80debff3-a0c2-4f02-8a35-6474ba2f939b,2021,13277,
45202ff9-8752-4ca0-b281-b74794e7e09d,2021,13277,
7bba8eb4-c73b-434a-b141-b01278059c01,2021,13277,
93b33aff-b287-4b06-bcfc-857ed8e126d7,2021,13277,
9c681ce5-b017-4ea1-9189-82b6749333c8,2021,13277,
85e0501b-115a-4061-9262-de66c16a5787,2021,13277,
5fe72026-fc71-41fd-a173-1162e45acc4f,2021,13277,
a1b4d1e1-2879-49fa-b847-b92ee68926b8,2021,1204325,
7868e621-6a83-414e-a048-f53fcb8b7ab0,2021,1204325,
b8fbe82d-0a77-4220-b0da-cde6132921b8,2021,1204325,
4ed67859-4827-476a-8250-0f4df5de6b04,2021,1204325,
94994003-181e-4d0f-97b6-7c95b6858a49,2021,94455,
1f18ee27-5ca3-4280-96a8-9cb63f22c3fc,2021,74737,
6fda3b92-7338-42c6-a40f-c108d5184eff,2021,94455,
b20013ab-4bd9-440a-9a3f-d8d2559e75f5,2021,88068,
cbed0462-91e4-4e82-af5f-2e945e03d283,2021,74737,
fede9a7e-4c1d-4671-b39c-d07974e2a3df,2021,74737,
c92402f0-400d-474a-b68f-c4b5c1d1698d,2021,62484,
7f69d7bd-476a-47e3-b329-07f661132ad0,2021,62484,
1abccf35-e65c-403f-ab26-9e24e054cac6,2021,62484,
23fd5f0a-426e-4e24-a041-8fa5d42f7980,2021,87396,
d04ab4d4-3a75-43f3-8a2d-fa0b6f56e838,2021,1376181,
3512c856-3b43-429d-9d16-fc911b0452ca,2021,37862,
3665c11d-9fab-4880-b3df-6abfbaf08639,2021,37862,
f33e8917-fe09-4952-8965-3c3135b0952b,2021,37862,
7ef16779-9a1c-42ed-b2e1-28a30094c479,2021,37862,
7d32adf9-ebcf-446a-8c78-1c03974a0386,2021,37862,
77eba205-36a2-42f8-8fa7-553ba7a1201c,2021,37862,
57ff3951-5ef5-4e0e-adf5-7d1c3141ec72,2021,37862,
777689d9-447b-4cae-b42a-23d883d636f3,2021,37862,
cebe13b4-f034-4bb0-b69c-78c226625686,2021,37862,
83a759d9-4c7d-4be7-9715-c3a0f0e37bd2,2021,37862,
43a356f0-0d8c-4425-accb-43e50a525197,2021,37862,
4cbe4a7c-3d97-47fd-b0da-d4ac9c131545,2021,1042278,
671a5a36-6e57-431b-a69f-9829adf7429d,2021,1042278,
7866a6f9-818a-44c8-980d-fe6ec805776c,2021,1042278,
41301f03-618e-46f9-a0e8-a9be79f0e5f6,2021,37862,
c5212729-e6ab-4303-b71b-24a8a412c464,2021,37862,
e3f28d54-e9bc-4c24-ab6a-7cb370ff0790,2021,37862,
cbcc0c4e-d8f6-4caa-a909-74e81244e7a7,2021,37862,
48cb47e0-7ab9-4a95-845b-aac71639e828,2021,37862,
f70fa8c8-701f-4916-a41a-d27f51491b0b,2021,37862,
46e95af0-6b59-4e11-afb2-fb938c5f3a7e,2021,37862,
81019ff4-2b71-4c04-8ef2-832709732caa,2021,37862,
fb8778a9-33f3-4e22-bf0b-9e581d114a2c,2021,37862,
a21d6066-c0a3-4cf4-a740-405c357f1a2b,2021,22047,
6f7ef87d-5d5d-4330-95d6-bdc869bcde67,2021,22047,
d41f5e60-9660-42a7-8712-d28cfeb855f8,2021,22047,
a740abd0-902c-4d08-bfe4-dccc74ffbf8f,2021,22047,
38a38dd6-06f6-463a-abe0-e5d6945be8a3,2021,22047,
0c9e4bc9-1ab3-4d73-a677-cfc263ff634c,2021,22047,
de9d8de7-ceb2-4e39-887a-d8e6c403560f,2021,22047,
f9b05cef-d514-4bef-8295-ed72e202e050,2021,22047,
47b8f048-f1de-4013-bacf-1e39d192afc9,2021,1315444,
8c824f98-7fce-4cd7-ac0f-e0df03f39147,2021,1315444,
9cc8de68-69ce-4c7f-9b4d-a1fbcc90b28b,2021,1187671,
70477aaf-00c6-47b5-b3e2-8e613f5235d5,2021,1376181,
1c5ab394-145d-4cc6-8abc-378d960631a8,2021,113687,
b5db4dbf-2107-42f2-8822-f4435295c469,2021,113687,
00ba3a0d-a2dd-4d2f-ad9c-27638e283427,2021,113687,
6f903c0a-5f73-4030-baf4-176c20e12253,2021,113687,
d39a9004-5435-454f-81ef-b99e95e9758a,2021,113687,
acea0c5f-c515-441f-9478-21986a908464,2021,113687,
e3109e08-bc1e-4e58-ac94-ef161efca560,2021,20030,
2936a1b0-dc3a-48dd-b31e-0a8e5db2be60,2021,20030,
70c94b06-41f0-4a26-a733-629e649d33a3,2021,20030,
3f0e4f37-c959-4d22-8ca3-18824ab52958,2021,20030,
66e77ea0-6acd-4d88-b41a-f6252deb3b13,2021,20030,
acc36be3-bd45-4034-ad15-a87969a64c6d,2021,20030,
1d81bc25-7b28-470f-af6e-dd4a34ac462a,2021,56172,
39c50547-3326-4106-a04d-15c79d0c4fab,2021,56172,
141a0e9e-68ff-4e9c-8bcf-d20560b2d411,2021,56172,
5abb9e1a-dad9-4883-83c8-ec8c20d4391b,2021,56172,
7019f28c-c436-4cd6-a3ab-47ae1ab7cbe6,2021,1427745,
480a4b0b-13d7-4ea4-98c1-1136f6d28ee3,2021,48205,
dd01c194-e56f-4fc1-942b-9a7173f44507,2021,48205,
9b981ea9-b540-4f8e-a8bc-82e521fbdeaf,2021,48205,
3f6e3da8-4c67-4a1c-89a3-767630a2f90e,2021,48205,
04471741-00ce-46c3-a340-8544ba742ea6,2021,1047907,
e127a703-46a9-4ed5-9b7f-08ef8ae3f4e2,2021,50981,
32fdbc77-b6c7-4cfa-bbd6-03b47345b17d,2021,50981,
5c0456ce-15c4-4a7d-9889-ba8f56452076,2021,50981,
49c598e8-6b16-4c4c-8c49-06437b04fcc1,2021,9414,
2bd6ff01-788f-48da-bf62-eff7fd13cc11,2021,9414,
bc6f7db2-9955-4010-98d5-d84362d331ec,2021,9414,
6d7b8734-58a8-49c6-b509-f3cb40f87e82,2021,9414,
ac5ff4b8-0f2f-4c0e-aebf-414083e5e630,2021,9414,
36ccba27-4fc6-4e7a-83c9-ec8be17e4a5a,2021,9414,
94c92108-2ed2-41b4-bab7-90378b9fc280,2021,9414,
01fde8a1-ca77-495d-9043-9a6f56b195fd,2021,47505,
8b4d6dc3-e1af-4105-b8c4-1a426a223813,2021,47505,
1f090b9a-ed1d-48c0-b44c-c0237ce2a9be,2021,47505,
d213203d-1f08-436b-8b14-2561009c53cf,2021,47505,
3404a325-5a08-4da2-8b6e-5e9c5789bdb6,2021,47505,
bb141382-b50e-40c7-ab4e-0800b6723039,2021,47505,
d3e7b1db-5240-4c2e-96fe-8d775698c797,2021,47505,
2cbd51ff-6f5b-454a-a839-2c848649b001,2021,47505,
234f82bc-1b26-475a-8ba8-dba334cbb87d,2021,47505,
ce7ca1c8-e82f-49c6-8172-ff037fb04018,2021,47505,
6bc63c3a-c306-4c7b-9ba6-9c3ef520ef8b,2021,106996,
df973dce-225c-45c3-9a71-13dd7ad6fb12,2021,106996,
5566057d-fd1a-4388-adeb-393fcda6228a,2021,98595,
771127ee-dc12-41d9-8b28-9cd5024ad87e,2021,97443,
48e707ee-063a-4c6c-95e8-f0546058aa21,2021,98595,
5075b672-02e5-4efe-b013-d9859049fa95,2021,114616,
cf0f4086-f2e8-4d2c-a56e-ae198a5f159b,2021,114616,
d5d75d8e-2ec3-4863-aec7-8989059d7a9e,2021,114616,
c5235c01-2bdf-4db4-a11e-a3cd0a5459d1,2021,114616,
19bb6066-9288-4bf9-b71c-e0331d3fa9ad,2021,114616,
5042cf27-8d57-4faa-b0d4-c4fae2dae9b1,2021,114616,
d06862e0-9fae-431e-a652-2ee7be101265,2021,114616,
736d1a08-e1bb-440a-9487-019494aec11b,2021,114616,
56544924-7593-4a1e-8a4c-c69f1f84100b,2021,114616,
baa7a1c3-9151-478f-a169-8b5cb23e1f51,2021,114616,
edfce055-4666-40f6-93c2-bc9c27180a57,2021,114616,
8910650c-1416-4ccf-8e75-9ce6227f853e,2021,114616,
2790b8a2-1c64-47e9-b40e-b457b3c7507f,2021,114616,
f6dd5cee-30ee-48a3-906c-01564a863edb,2021,114616,
b4b78e65-7a5e-4e1d-8e54-abc64aa51c00,2021,114616,
16a0632c-1686-410a-911f-4a6406febcbf,2021,114616,
c25b0821-947b-4d19-8fc4-b50a5874524a,2021,114616,
fce5bc92-058c-4721-a7ce-b8912b926129,2021,114616,
88f2cebd-b2eb-482e-971d-2c4a4067035f,2021,114616,
63322689-6e35-40a6-94a0-a9d00ecc5df2,2021,106996,
d80a07ca-41ec-4ea4-b62b-8c10a22652a6,2021,94455,
6c13da2a-2c89-4892-ac54-0c31c19ac20d,2021,95175,
cc8a7883-6bcf-48cc-8ec3-f0a5177a2ded,2021,95175,
92766a09-80e7-490c-911a-c4b272601810,2021,95175,
ed9a2e1b-9d1e-4770-bed5-c6d7aeb979e9,2021,95175,
8966000c-ba21-4819-b367-580356513696,2021,95175,
eb9f7524-2565-4782-8fb3-1b858b1c169b,2021,95175,
de573ed7-79de-4c7f-ad5c-53dd8fcb3a7f,2021,95175,
e331418d-4bf8-4339-b310-22e9c0f37603,2021,95175,
57ee7b10-ce0e-488d-a276-96bcf59b8fd2,2021,95175,
5f8515c6-b50f-4395-b348-e1a364c772f6,2021,95175,
711a61a7-90c8-41bc-8871-ecd31aca8d23,2021,95175,
9a4d9298-ecc3-49b4-bd60-a90e514b42e2,2021,95175,
f8df1038-5ec7-4356-b46d-0540f2fb22cd,2021,95175,
0946b198-8aa2-4ac8-928f-9abd0aa305c2,2021,95175,
1290a27c-3eb9-462c-a174-764d34470581,2021,95175,
c2f2004e-44c0-4487-bcae-99901be17034,2021,95175,
4a4a85b4-2dbc-4931-8a84-9bb2cc945421,2021,95175,
097f22ae-5d85-41be-8f04-b10bcbd1944f,2021,95175,
740721fa-9821-4974-b136-19cb60e9380c,2021,95175,
2493e38a-91da-4f8e-a232-a0d148409a2d,2021,95175,
571b6e0a-0172-4c73-9fb1-065272e8313e,2021,95175,
f0302093-9d00-4c45-99df-7e2402216edf,2021,20009,
4b797e89-5684-40f0-9ba4-39d202fbb543,2021,20009,
f0022484-5a81-4e5c-8608-f284bc18ec1c,2021,20009,
0a1b7137-e86c-4e14-ac4b-83867f030c44,2021,67092,
61786590-685a-4a65-b09f-5819a38c4cf1,2021,1283779,
eeb61b12-d855-42fc-9609-74e61268bdb4,2021,98595,
26c76824-9846-4534-a405-ad6a88fef3a3,2021,98595,
df9f7be6-1ca6-4fdb-9aac-1dd7f4c2fb7e,2021,98595,
8b39a0b9-fe94-4308-8bdf-3c671e6315ac,2021,98595,
c8cd3be2-e157-41d1-9779-17a96c0e5621,2021,98595,
e3718172-fd35-4775-96ea-734b27ccd8e9,2021,98595,
79a76eca-7de5-48c2-94a3-a1734b0645f2,2021,98595,
3cc35263-f915-4075-a3e2-a2d3b9abe4a7,2021,118994,
89243a81-ed32-411d-abe3-c7adc88ed021,2021,118994,
ea17295a-ae13-427e-a6b3-bfbe49348b47,2021,1376181,
90b2b93f-e5f8-4cc7-9f6b-11904920f947,2021,68930,
2b80f32c-0c79-4890-89d4-6215064dea4f,2021,98595,
f6238fd7-1a03-4b1a-a618-e590c6002617,2021,5000135,
321eb63f-245b-4d88-969f-663cc5a3e8e7,2021,5000135,
74f75da1-abb7-483f-89bc-6bd97795a094,2021,5000135,
c407c6cf-aefa-49a0-a84b-18cd49e291e5,2021,5000135,
3cbab480-9ed9-4820-88fb-9d3818894020,2021,5000135,
406d013e-9b68-468a-8bb4-f526c6035cad,2021,5000135,
75f4f08b-0dfa-44de-b73d-d0f52f4f8d05,2021,68930,
e8f4bfdc-5036-48b4-a7d2-489047688c00,2021,1322390,
37f9403d-5187-46cb-99a8-072a198d9185,2021,1322390,
a5fc4761-b212-4d3a-99c4-1879b289472d,2021,1322390,
f42502f9-61cd-401d-b7dc-3900e08b000c,2021,1322390,
8f7a3b3e-e04c-43fa-8de0-3a44edb68cad,2021,1322390,
3c98a585-a9f7-43d5-a779-b6bad4098f62,2021,1258063,
3bba9a1c-84eb-4d2e-a2a6-530b54c08fd2,2021,1258063,
ea99d868-8b54-4635-914a-bf6d5881b083,2021,1258063,
c4c66ffd-cff6-4af2-bfe6-1cc18656a3c1,2021,1258063,
8c37febc-314d-4d41-8fb6-77c4ca8af2e3,2021,47505,
0bd0a382-1b1a-4de5-9315-9a488791eaf6,2021,47505,
ab325243-fe3f-408c-880b-1d1283a11eca,2021,47505,
bf9ec079-8c62-4514-909c-c5d5030b9ac5,2021,47505,
fdf5647a-eb8e-4711-85a4-88669c1df025,2021,47505,
411cbe39-d9ad-414e-ae8b-bec5e15467f5,2021,47505,
53af51de-6414-49f7-8dec-c6ae08138701,2021,47505,
9f010be3-09d8-47b0-8271-d076cc03f356,2021,47505,
d1d2ab49-2f8d-41d3-8f26-7720ff68effd,2021,47505,
802b1be7-b168-43be-8c1c-ea62556ccd76,2021,47505,
88454ab0-1e70-4d56-b486-129cc2195f5e,2021,47505,
850dbcff-ccbc-44d3-81fa-2d266c3d5fdd,2021,47505,
d33b159a-5c62-4055-bc18-35e4f883e31b,2021,47505,
ff80dc8d-0789-48c5-9f5e-c90247ddc4d6,2021,47505,
8e982434-f6c7-4151-b737-8a090287ab80,2021,12025,
0d06e5a0-7b58-4607-889c-b8607b8e24c3,2021,1101244,
407e6b1c-7f71-4938-af3d-6a2223dfb307,2021,1101244,
f8a95dee-9e76-436c-a2c5-29639f510b0c,2021,12025,
b174fd01-70ee-457c-8489-7df0ff41f953,2021,12025,
3d1c4a73-a465-453a-bff2-b1b954507dbf,2021,12025,
a22dcc22-eb96-4f60-9ac3-e9047aeff6e4,2021,20239,
124600a2-2baa-41f3-aac0-31c4283e5a95,2021,20239,
f7660e90-2ad9-4515-ac73-855ffe35ce36,2021,20239,
0ada1e22-8e2c-4558-a6eb-52ab4917e15e,2021,20239,
d3f6aa81-9954-4f6a-a2f1-87267f4935a5,2021,20239,
450801e2-4d1c-491f-a328-1cd858e3fe6d,2021,20239,
071cec3c-b5e4-47e4-8b3b-871acf5c9526,2021,20239,
73bea979-d232-4e0a-893c-794c51ae54b0,2021,20239,
4867bc8c-af73-4621-a687-528de8110d49,2021,20239,
e005285a-999d-4786-8dba-52f2b84cf771,2021,20239,
f5e80231-5fd6-4b36-9258-35f82e7c9655,2021,20239,
647762f0-fa2a-4378-8f2c-8855a1cbf2c3,2021,20239,
6fb5bde7-c5b7-4729-9c0f-05e224e14ed4,2021,20239,
e9b281f3-2e43-4062-b224-3fa4f1b3ca49,2021,20239,
80308e4d-80ab-4541-b20f-af998e82cbf0,2021,1190071,
7346c4a1-6220-4a54-8bd6-1703fca04910,2021,1190071,
bdbbbb10-6c0a-4b3e-a048-b6e4fa83ddec,2021,1190071,
5cd140a9-dc12-4597-9079-9f427039db3d,2021,1190071,
5fcd7c84-1054-468d-a0d5-fa12be570c7b,2021,1190071,
4532756e-50a0-4d0f-a32c-f60d185fbb7a,2021,1190071,
a77301b1-0780-42bc-8378-9921624e33ae,2021,1190071,
e3cd76a2-24b8-46f7-8914-3ea0c707df43,2021,1190071,
e8ea8806-434c-42e3-8ba0-b7c0247e114c,2021,1190071,
e923ec5d-9d44-4bdf-8e91-3c56952b7dbf,2021,1190071,
ff1a2d30-ad81-476e-9b01-b99ce6e0ea5d,2021,1190071,
f7b923b3-41a2-4e8e-9041-490bd599c78b,2021,1190071,
efbbd3e5-7151-403c-b31e-8d392ba30d54,2021,1190071,
0841b179-fc2f-4f2e-bb56-02722793aaba,2021,1101244,
d4252590-fd53-4c7a-8d62-3c787214602b,2021,1101244,
df052fc5-ffde-47c3-a1b9-ed44d1ed463b,2021,1101244,
7135dab0-e0f9-412e-8b6e-ddce1736ce73,2021,1101244,
7247c3b7-ce07-4128-8932-d40a5e678b5b,2021,1270596,
8ee2371d-409f-457f-a2af-9b7874358155,2021,1270596,
29970078-6575-408e-b5db-ba82bebb6a83,2021,12025,
790c2502-f9f4-4e9f-ba19-9942c1d63359,2021,49071,
89dec2e5-4e79-459e-ae49-0398a8ba4f5c,2021,49071,
0e21ea73-83b7-4a21-af3c-0bd1af64a5bc,2021,49071,
ed3fa961-e4d5-4714-8a6a-209594607f80,2021,49071,
ac0e6acd-63cb-46ac-8501-066766aa9914,2021,64664,
a1b468c6-d6ad-4252-b85c-b31cd8da0ba3,2021,1270680,
590b7a08-462c-439a-bf3a-72b89d226263,2021,64664,
890ba9c2-862a-4c55-a378-7db39bafc3bc,2021,60886,
e04e467b-9011-473d-9c5a-2f6780764fd1,2021,60886,
aa1d90a1-3810-48f0-b8df-6d13708d3fd4,2021,60886,
a682ded3-5cba-4a7f-b77f-a51e28edd659,2021,60886,
dac7ef73-e057-4686-8912-c947a771a6a2,2021,60886,
ac1c0404-651c-4d15-b365-4458b562bd73,2021,60886,
1f93a037-1049-473d-ba31-135b45ae0d2b,2021,60886,
1c100cbe-c626-482b-9b7b-67312a103cd4,2021,60886,
8d50e438-d479-4752-9764-6ed2de694ab8,2021,60886,
cf3d535e-59bc-4fc8-83ae-48aa731c4e5b,2021,60886,
b55bb352-f131-475a-a754-5be365ff9ee1,2021,116770,
c40cdb40-7d77-4499-b4ac-023772e03cff,2021,116770,
620033e3-3d30-4cf1-801e-a425d1b95b8b,2021,116770,
cce023e4-7512-42e1-9bf6-420b5a07937d,2021,116770,
4b2d0efa-27d2-4eb4-b47e-36678ae06ec6,2021,60886,
bc26ddbb-b1b1-4681-8ee7-977177c266ae,2021,1139692,
aefb1931-d485-4fa6-96ee-4f4306c2f2b9,2021,37862,
01cd923d-431b-40f7-9387-68ac7bb9d14b,2021,37862,
0d5d78ce-0ad2-43c9-8329-03fd00c8eed8,2021,9414,
73d74016-892f-4b0b-8033-1605db5edb62,2021,37862,
0acb477b-a09d-4d90-ba5c-a9ed00cd8655,2021,9414,
36ff949b-ca41-42ff-bc3a-bb4c16179a60,2021,37862,
98f448ea-dc6f-4bde-b53b-28c02d206db9,2021,37862,
11d2119f-d0e1-4e92-aa14-e726d80ff49d,2021,37862,
7847a5a9-68f8-4537-ac6c-e86faa410e32,2021,12025,
67472778-7224-4b2f-9f50-61b2107fc737,2021,1473699,
4045f945-a06b-4386-88ce-49a60ffed9e6,2021,106167,
fcd7a4e3-b1eb-4cbd-a3aa-755d59029834,2021,1166783,
adedbfc2-68fc-462c-a610-ad882a631d3b,2021,1166783,
dc1782e2-b56a-4c49-a7cd-fbf841be11f0,2021,1166783,
0cf7cd1d-b86e-4f8f-b9c6-3429f50d4486,2021,1166783,
1abdd9c2-13ed-4e31-b30f-6e0b5846b030,2021,1166783,
9036ed04-2ea1-4f58-8551-c0b409322660,2021,1166783,
88443946-9181-4702-9d0d-490269f8fe04,2021,1166783,
857b735e-b005-46d5-aa4a-6134880917a1,2021,1166783,
1b04306b-949e-4973-8857-744aeea6b619,2021,1166783,
c6cfde8e-b01e-4aeb-82a3-c0d78ed1008e,2021,10515,
1cc2ce94-cc7e-40e7-a357-375e6343488b,2021,1330347,
ddfbfaa3-37e7-4471-9c7c-aa37cbb829a4,2021,1330347,
46dfd8f3-a32c-41c6-8391-8b5c2a1bfab8,2021,1330347,
436a9deb-ca7a-46ba-b726-b67b0bef4e66,2021,1330347,
c0939fdd-79b4-481f-ac7c-00945eb53cc5,2021,11452,
eedd4e32-28a9-4066-9553-e7f104828fca,2021,12313,
14fcef81-4ed7-4a94-b9ba-d19b81924c1a,2021,12313,
d2da6c96-00f1-41d0-bff0-5abf73aaaf54,2021,11452,
018b09c6-8083-422a-a884-ca6d31dd4a9b,2021,5000951,
6ce670e7-3e43-4c63-8e8e-51b30befdda6,2021,1181115,
395e4b23-d585-4b1c-9b19-bd863afa308d,2021,113813,
5b137ab2-572e-4df9-842c-0b56ba0b8cec,2021,113813,
eefba7ee-d100-4c5c-8931-12d2608f9a5c,2021,113813,
3095b274-d3bd-4904-9c2e-8a49281f7c8e,2021,113813,
ef89b767-650d-41bc-96d8-d163efb9a7c2,2021,113813,
b477d184-a12b-446a-beb4-eced19d9f921,2021,113813,
9f618a2e-c2e5-451a-a601-1651ac040b3c,2021,99406,
bedcf631-df93-48ba-bb57-858210d4b247,2021,99406,
e7b8adb9-4f2d-4594-8c16-707ccb6a5452,2021,99406,
39f30524-b5ac-4900-85cf-0bcec843b05e,2021,99406,
bcd91d85-6fd5-484f-90ef-d5e5aef5a61c,2021,99406,
cc1acd45-664a-4883-93b0-83c19cc13584,2021,99406,
9fc85f49-d26b-4f01-955b-bebbd378e1e0,2021,99406,
98a9ed21-97d1-417b-bfba-4f3f97c13ec1,2021,99406,
3046c4b6-28c2-420e-b624-6b03376208a8,2021,99406,
a3e5f160-cc61-47b1-9444-0dc42daec457,2021,99406,
12ba4f77-be5a-4bd7-ae8e-a4ebbaa259ac,2021,99406,
27bda862-c0f3-4da6-ad47-ce35c2b35d69,2021,107920,
ad5cb356-a722-49d9-a0b8-d330055c74c9,2021,107920,
9aad7e21-cd0d-455d-87b8-8acdc66b914e,2021,107920,
bff1e929-88e2-45eb-942d-892a28b7223b,2021,107920,
49e8ae27-7bd5-493e-9a02-3f4e12526177,2021,107920,
68f7d5b2-a176-4698-88cf-fb81bd8bb154,2021,107920,
5a31bae4-5730-48fc-954c-20d53e95488e,2021,107920,
7d44474f-1b7e-48c5-9577-575fdd4883c0,2021,98764,
b852f10e-de54-4039-b1a1-337a6449ee15,2021,98764,
3d256e4e-c183-4f33-8577-f9d517399ea3,2021,98764,
e74aa0d0-374d-45f1-bb38-b5d67b9757e2,2021,98764,
944205f0-4924-43e2-b842-0ccd00c5a32d,2021,98764,
1e710b8d-1f74-44ca-a7a0-3959f626016e,2021,1118057,
a15a82cf-ccdb-4fe4-97e8-15e1d7f4e2ab,2021,1306689,
da62bb30-c0be-4806-88ea-d04c554cb8df,2021,100654,
d0c6ec4c-3c31-4ad8-ad70-01b41ff30a5f,2021,100654,
03be0751-e1fc-46e7-944e-bdd5981527f9,2021,100654,
b758995a-7d88-425a-865b-ceaf80b00b9b,2021,100654,
fe934ce3-ab11-43e9-b7d8-d13621462b9c,2021,1306689,
1f02ce57-4073-44f7-9a34-ae063ad6df38,2021,5000135,
6f1d1e40-53b2-41af-884d-9744345f63ae,2021,5000135,
7f4c8791-b1d7-46ee-be46-7cfb20834b4e,2021,5000135,
1c111948-79b5-4785-b877-3c65ea34b6f9,2021,5000135,
dcb77462-0b0e-4d43-b3e8-0b3075894e39,2021,5000135,
0e38684b-3385-4d4b-bfdc-b530e3fcb709,2021,5000135,
0981a5ca-35de-4310-bcf6-569f6e5f1eb6,2021,5000135,
e5911457-b2d8-42fd-9ee0-53906914d7fa,2021,5000135,
cd095a39-4898-4870-b2ef-7905e0df9e34,2021,5000135,
8ff91443-9802-425e-a4a2-8d67bbc57c96,2021,5000135,
8f385117-b3fc-491a-8a94-cc0ccf6def28,2021,5000135,
79916b8f-6842-47d5-b88d-36287caef304,2021,5000135,
144ac0c9-bd13-4fbc-ab98-12fe6cb84df2,2021,5000135,
a545b7e6-86ea-45ec-b632-3d22ee9cbb11,2021,43664,
8930998a-3c4e-4cdb-9d90-d1e01cbf7ad2,2021,94762,
5df468d2-c983-4696-a6da-cb800c797749,2021,94762,
745baee0-c6b5-4f5d-900b-397f08eb6799,2021,94762,
7005cc68-f801-4080-84c5-c0e6b45a4ab0,2021,94762,
23086b9d-18dc-4ea0-b849-c880cf8372d2,2021,94762,
f8befd08-9c42-432a-9365-35312dbb6b86,2021,94762,
e28ee6b9-91aa-480c-84cc-ecb774c71670,2021,94762,
4852b45f-cb0b-46b9-8abc-5daf74a8b78f,2021,94762,
f4319ff0-0a22-4cf1-a8d4-65e4896f878a,2021,94762,
7af7e744-b9a9-4cd3-b320-86ff8a2d15ad,2021,43664,
9f473045-b480-4f0c-9afd-e38e6d85205d,2021,43664,
33f7c2a9-f69b-49e4-924e-8b4173bc8c38,2021,43664,
87319992-e7b0-47ac-b608-b33b8cc5840b,2021,43664,
a6950a95-9d84-44f6-a823-510856216b7a,2021,43664,
b878d12f-bfc8-4e3f-b39c-a7ca90572ed0,2021,43664,
376c5d44-34d1-4e9a-9efc-b8df4d6ded75,2021,43664,
ed7976d3-ae96-4b60-95be-5d6f7bc71021,2021,43664,
df2e04df-d133-498f-8f38-fba5328fabb4,2021,11730,
cf478101-1acf-4948-89a5-f7ac517f4232,2021,2209,
51225a68-69db-4f6b-82f9-5751d8e2d0af,2021,2209,
fd31b5f8-a2ec-47f1-b8d5-3187ce6f98d8,2021,2209,
b9275677-ff0f-4550-8520-28e973e12f03,2021,2209,
5bc115d7-f51c-4a00-b854-8a18c26a604d,2021,2209,
faa4a02d-65bf-4a25-bf36-ef5d9979514b,2021,2209,
7339c17b-00a0-4c32-b004-ed116e03f892,2021,2209,
5e96866e-7e1b-4849-803e-20bf541882d4,2021,2209,
477933e1-6701-45db-99be-282c88e6d6ca,2021,2209,
868417c0-0379-458a-b1a3-21368041f4ed,2021,2209,
e1a584d8-0ca6-4902-906b-bb17e6dee938,2021,2209,
15aeb256-9cb8-45c0-bc35-a10418175587,2021,2209,
233c3c6f-9ce8-4d32-9ac3-da0f3c9e5161,2021,2209,
37ab2597-56bf-4f00-8639-33bae6df6754,2021,21464,
42b97b8d-38f3-4496-b108-0674e1aad377,2021,21464,
3a22c433-0fef-44b8-af64-a4fbdaa1f3d2,2021,21464,
020b63f6-de08-4257-9f8e-dfbdb4bc168f,2021,21464,
f1948bec-153b-4c06-af92-25cf063bc8dd,2021,21464,
dc519f84-9c88-47ef-b09a-5e75664c7c55,2021,21464,
73d023e3-7781-44d1-a34f-e74d8999f305,2021,21464,
d72d425e-fa8c-4586-9dcf-6a551cb211e0,2021,21464,
c0510181-7ec6-4cc4-a825-1242cfc0203b,2021,21464,
10c6cd72-9e4b-4670-8e89-2f3227b44c2f,2021,94762,
f6b4a911-8e04-41be-a2cc-9a2fbe736d11,2021,94762,
f8a71232-473f-4f2c-bc05-913c147a6be4,2021,48675,
8f9f0b05-e8f0-4e00-9b56-9e9be7d8b2cc,2021,1042278,
c99e205e-bb54-47c7-929f-801056368b50,2021,1042278,
559c8712-a478-4c70-a9f8-9f6db38495fe,2021,1042278,
649b5866-71d2-4c2e-84b9-dd8d750d5634,2021,1042278,
29471a80-8fde-40ca-8a75-4f7d2c17d367,2021,1042278,
a95888d7-68dd-4ac3-ab74-af4f2c708626,2021,114616,
ba2b6f07-a97d-40a4-a200-27014890b18b,2021,114616,
8859cf46-163a-4b5f-85bf-d1ce40fd0854,2021,114616,
c112472b-bbdb-494f-a5cf-2b0805863466,2021,114616,
71521199-1cf1-43d0-a391-edbf19ecc07c,2021,67601,
4b2ac0aa-27ad-428b-ba0b-9b98ba6a3995,2021,103062,
976533ec-a9bf-4d53-b8dc-4d165ee24ee2,2021,47051,
dfe2c913-8b80-4b91-867e-2994b508388f,2021,47051,
e4f5454b-3602-4063-b3f0-fe6e7c7130c2,2021,47051,
6a12c79e-8b7e-4b7c-9184-c08d86845a71,2021,90030,
87b0248c-a12d-4ea4-a8cc-bb76c93e0d6d,2021,22061,
ddfc4f37-637b-42af-b62d-1a5c53170e8c,2021,83388,
45333ac6-6f95-492e-867d-3d4543a75b40,2021,17886,
74c43625-c952-475a-98e3-639f29a321ee,2021,17886,
4449d5e2-feed-48a4-a4de-9e23e77ebbb5,2021,17886,
b610a9f3-c58b-4534-b038-30d3d2fff9bd,2021,17886,
e9e38ada-faec-46f3-8c49-e6d008bcbab9,2021,88084,
55dcacc2-3d52-4b89-8a9a-cdb2f30ad886,2021,88084,
2ded9451-efa1-4081-bab1-dc09994a817c,2021,22061,
97573dd8-f8f1-4d31-a081-b88c6011b53a,2021,17886,
0ee4411d-9a5c-4f12-a48c-c9c75c197760,2021,107920,
5fa38cb8-ca68-45d2-b16a-a9c24f174c30,2021,22061,
3fc44c7e-2eda-4f3b-9478-228491909bdb,2021,9425,
b42ba831-07e1-44a5-8d78-31c3fa2bce6c,2021,48993,
d56d7fdf-fe66-40e7-9ead-67e64d7b757c,2021,9425,
58618ba5-c2d5-4276-b839-c05e50310771,2021,9425,
50520832-a8a0-48e0-82bf-f83c778f3949,2021,9425,
badfe851-f83e-4483-8a6d-adf52d16f6a8,2021,9425,
1ef5599c-ca22-4b6f-9ecc-ade58249b06e,2021,9425,
2095756c-60a8-444f-83f9-02608a803ffe,2021,55777,
41e2186d-665e-464d-9154-18070659d8b7,2021,12313,
1034b25c-44df-4005-b0d8-8893c401088f,2021,49054,
aac0b92e-7295-4290-8eff-2bb706920d0f,2021,49054,
fa1fd8ba-fe64-4f87-9d70-301616c37001,2021,49054,
7cbccad4-060c-4d8e-8061-5962f75b0319,2021,49054,
9321ce85-005c-4445-96bf-8dce2ad5f974,2021,49054,
fbc22eb4-f6a0-4533-b975-f87d08fd1d68,2021,49054,
a892845a-8c46-4176-898d-0cdaa47dd296,2021,49054,
71b53a5a-c5ed-4fba-be15-3e3275bb4c3a,2021,49054,
85a7a819-0e84-4de1-a35f-f3d031c90a83,2021,1306689,
19e93d57-2c89-42fa-88fd-22f1af604084,2021,968,
11be8ba8-7a95-473f-83b3-3ceb214dc23b,2021,968,
fa5a5a01-59a8-4155-afea-02f3808c4f59,2021,968,
77a9f499-e874-4bb8-abdf-9b96a84b23a7,2021,90030,
ef5f17a1-2058-4671-9d6b-ce83b0dc6c35,2021,94762,
a0ecafe7-6409-4cba-88a3-999f80acc06f,2021,317,
d6459321-bb79-4091-80aa-a23c1234692e,2021,317,
2cadc15f-c204-49de-b01e-43007e85b6f0,2021,317,
aadd7304-1720-4aff-b0a7-1df32b3ee709,2021,317,
ebde28d2-d0bc-44c0-84ba-cbade3a3fa3c,2021,317,
0ed0b675-a861-4304-9b15-a62a57986be2,2021,317,
864ba446-5ca9-4f8f-becf-ca6095c32792,2021,317,
6c814c2a-bda4-43f1-9ef7-c14d6848eea3,2021,317,
989c23ff-f2e3-4a72-8efd-7a4b7a6fefc3,2021,317,
e0e840f4-9a2c-4d84-b39c-f7cac982db5f,2021,317,
4f43923f-6ee1-4c4f-9fc8-b35d291217ba,2021,317,
5f958819-7dfa-4cab-8f12-e151846a6734,2021,317,
95b7a25e-4f2b-42e1-9a8d-bef132ea5893,2021,317,
190c6942-ae02-4c26-b597-5dd3b17bb36e,2021,317,
579f45cd-6d32-4bb3-a5e1-3b71d3aa6602,2021,1102628,
44c7af96-3b23-4a05-9877-5b21b8558e8d,2021,94762,
d3bfa2d4-291f-43cc-a660-62fd4aa6ac6e,2021,94762,
7f773cb7-88f3-4fa8-87f8-47e82122ed7f,2021,94762,
37144072-f80f-4a25-a635-bedfa8828c51,2021,94762,
9e904679-9c19-48f0-99ee-738607e0c2b0,2021,113687,
e7851a53-dd25-4ae4-98ea-9e405800c74e,2021,968,
58d90572-c579-4c47-9925-2036676cef67,2021,968,
be74b70a-82b9-456d-804f-10cbd44842e0,2021,18683,
83e426dc-2dbe-4df0-96aa-0573dd6fff9a,2021,18683,
1d6d21da-1069-4cdb-823d-36138b0903d1,2021,18683,
26e023bf-e61b-48b4-bb9c-cf9a659d6460,2021,40343,
7d47b68d-a6b1-4a9a-a5d7-80e2deba2b15,2021,40343,
891ccc94-ca9b-4eab-98fd-3839f42d6376,2021,50082,
e8cc094d-6f7a-42fe-8b75-165ef3a87649,2021,50082,
b9640f18-d319-4561-be8c-592532b3682c,2021,94762,
79be1ec6-98ab-4dff-aa2f-7ce93d889933,2021,20009,
72a2170a-7313-4367-827c-3612d1adcc92,2021,5000951,
d56ac963-ee10-4823-8b55-e52f1fbab337,2021,1118057,
ea5ef030-f931-4bbb-b695-a7dcea3b8a70,2021,108660,
289c78d2-a7c5-4cb2-8506-d2129e177f8d,2021,108660,
328e8bd7-19aa-4fcc-9557-476ce653f135,2021,108660,
012696b4-4202-421c-bf8f-a241555c0cc5,2021,108660,
4e389d3d-9e70-43fb-a156-f43735bc9d94,2021,108660,
f81fef16-9698-4241-9e75-fb8d1b53a889,2021,108660,
775a30ed-bc27-4476-aecc-ce35373e1c88,2021,108660,
6554782b-1190-4477-83b2-ebcd6fe01468,2021,108660,
f7e64931-afa3-49a7-a1d3-a9eb5c8af9ef,2021,108660,
f47cac91-e697-4fe0-a1f0-18782da35ce4,2021,108660,
7b222978-2e0c-489f-9e3d-bdbce9bc9a81,2021,108660,
02bee787-d2d7-4f78-b971-40d2f1b475d4,2021,108660,
44fd3c2e-5386-40ee-86b7-c74a7ef663c1,2021,108660,
17322d22-a006-40c5-9985-8e232a327847,2021,108660,
41abccd7-fc18-4f8a-a845-86222e3c6002,2021,54934,
7cbed6e5-d1b4-4297-8d4f-dd47638a42f7,2021,54934,
93b540a1-c9ae-41cd-9736-c777889b582f,2021,54934,
36a7a814-5ca1-46fb-af31-d0cec84a4e5c,2021,108660,
212f1bbe-345b-4692-bb1c-7d36171009eb,2021,108660,
1c749089-0146-4d50-abff-194d076e003c,2021,108660,
b44450cc-9171-4cde-8467-e45630d15df9,2021,108660,
e1b40e9b-8b8f-4528-8614-0b95cb7ae0d5,2021,108660,
c08ad1ff-c172-41fc-8e21-38cec57f778b,2021,108660,
16a2afbf-7d0c-4fc4-b4f9-3a3c40d2cb99,2021,108660,
5efd54c2-443c-4d36-b84b-1f4d918fc034,2021,108660,
af79800d-8960-42d8-b0c8-a7b0b223374f,2021,108660,
64adeb2a-3bbc-4d77-a170-42d93fc97c90,2021,108660,
6ac822be-9437-42d0-8429-6f99fca69754,2021,108660,
d2d20f54-0f22-41d8-b71c-b1feb9b92323,2021,108660,
72b1f797-d0e8-4886-8b27-5f8005d0a02e,2021,108660,
bc6f720e-4680-472b-bc77-2d4642697122,2021,108660,
0f106f14-4c89-4455-ac11-f14dfca1b36d,2021,108660,
7269731f-30a6-474a-be49-884cb8ecd592,2021,108660,
ee40fdb3-d4c8-48ae-9cd5-3d0fff5e7f12,2021,108660,
d6096a50-e446-4244-9f94-80ab35245656,2021,108660,
5a4d8b4d-cdbe-468f-8c74-8f67d647bd68,2021,108660,
52e27a54-0823-4de8-9f84-c0cc932d2054,2021,108660,
35d6dc77-5aea-47d2-8e5f-3475fedd3544,2021,108660,
221f64b6-9666-447d-9c54-fffd61e46384,2021,108660,
bf368f0e-eb04-471f-8684-edc4c6f1630d,2021,108660,
badf649f-c4ac-4d3a-936a-9fd28da73214,2021,108660,
a300056a-6c91-41e7-bfde-21324f711e11,2021,108660,
26b94b88-7d0e-4245-89a3-0851abf6f201,2021,108660,
84d5729a-5846-4049-b7b7-0258ee87ba76,2021,108660,
5b737938-22be-4455-9584-b29acfb173d4,2021,108660,
e7047e3c-bab3-4ac7-9d4f-88b5fce0eb97,2021,108660,
c9d3f248-b428-438d-8453-5871d714a1b6,2021,108660,
3fc68e95-4dcc-49eb-8011-4b24767811a1,2021,108660,
5b8e154a-f602-4c03-9d98-383ce620cea9,2021,108660,
40989d28-7bcc-4915-80b3-1fb4019ab287,2021,108660,
f4b3b660-85da-48d2-aa2b-d5bf861d6758,2021,108660,
881ddcd6-72a4-4252-a9c0-737d52d391b5,2021,108660,
8308bd18-c3bf-42f0-893a-712a8d5dd4c1,2021,108660,
093dff2c-08b6-4824-9478-57d6b8383ec0,2021,108660,
439a95b0-b5f3-46e2-afb6-e9862e295566,2021,108660,
da65c429-2e2e-4c0f-b9cb-d15adbf00f3c,2021,108660,
75682707-5845-40a6-b935-376d666f1999,2021,108660,
73c04ea4-dcd6-4600-9659-08ab5322269b,2021,108660,
fcb5769a-a14c-4450-8e12-01d4daabe561,2021,108660,
abc88518-c4f5-405e-a9c7-0dd2bc843ca9,2021,108660,
8d57b8e8-b9ad-40c6-8e7c-fcb7990b22a1,2021,108660,
0292b85b-da4a-4d19-badd-0471a9bb3845,2021,108660,
f1862775-d030-4418-9f3e-ea19cee05f6c,2021,108660,
00e720ed-3ab9-4654-b622-f1b5c3eeb6ec,2021,108660,
f9bb7a80-672b-4151-bad0-762367a2dcd5,2021,108660,
b4927305-f5df-4ca2-8e82-704d857e4b56,2021,108660,
a9d12c89-96ee-428b-a196-3eeedba54c9f,2021,108660,
06880ba6-bd24-4613-bf7c-1f0659eb79e0,2021,108660,
08f60bc4-7d51-444d-94ba-10d0f3fc0e64,2021,108660,
0a2705c1-4345-4609-b292-1461a0167eaa,2021,108660,
bf7e1fb9-1249-4413-a873-3af538f090f1,2021,108660,
b6a1265d-3797-4392-beab-299fb2afa513,2021,108660,
7faf8afd-380c-4396-ad54-edd65b4821bd,2021,1117717,
e999e7d4-2d4e-4045-85a1-a0433b1337ca,2021,1117717,
c0f77c1d-999f-4b12-a2d0-fec59627aace,2021,1117717,
be69e559-4975-46d1-80df-f4ec6e41fe15,2021,1117717,
745c7a08-4e6c-49f5-a5ec-4ea376dc06c6,2021,1117717,
a890107d-798d-4299-9519-1d56e3f77165,2021,94762,
8259ab50-ccba-4689-8e0d-021de8b46ed6,2021,9425,
1cc9a5a2-bdfe-4dc7-ae39-5ffa90f060c4,2021,91262,
63b9dcca-3c4e-45fc-be5b-5c1d0ba31f23,2021,91262,
f3b029ab-eeda-48aa-9fc2-42f537ed907e,2021,48675,
93d3f834-2021-479e-9d55-7966caa54503,2021,48675,
dafe348f-e4a4-4b72-9e42-cc407c397d6f,2021,968,
8ae96f8c-b71b-47b9-93ae-7fb84d02d80c,2021,968,
f309576a-dbbf-4aae-a139-8220e8937b46,2021,98764,
ebae8483-9621-49dd-8a37-1a6f6b28ed12,2021,98764,
c9af46c4-e84a-4d47-884e-2323ebbb69a8,2021,98764,
2df98f26-94f3-4ea4-b568-3fb781a131ad,2021,98764,
044815ae-5042-4bee-8ef1-b52d399b1d95,2021,98764,
698eaf00-1aee-4999-a9ff-1c184733add4,2021,98764,
0a8ec613-75be-4bb1-8c86-8f2d7f8e42c5,2021,98764,
5b97e805-5859-4c0f-a196-41961e8caded,2021,98764,
9ab21dd8-01a9-4540-a1cc-386e0e99de34,2021,98764,
777f4125-e960-43a7-82f5-3df1feb7a059,2021,62484,
91767aba-9de7-449f-b207-1bf4a62903b3,2021,62484,
5491e33a-61fb-4e10-bddf-15f4e1c97863,2021,1118057,
660c281b-8827-45e5-bd7e-18cae02666ac,2021,48205,
38baba49-0144-445d-86b3-670146c89255,2021,48205,
