id,NU_ANO,CO_CURSO,QE_I08
2ed121d3-af58-4749-8892-bf7ccc0aa048,2021,88068,A
01264be8-97b8-42bb-8ae5-351b606b4dee,2021,94762,A
aad50f69-0bd1-4a00-9b34-98c091bb43eb,2021,47069,A
34823cbe-e4e2-4af7-8588-a4c9949cd531,2021,1306689,A
e7fecce5-7158-4a2d-a74b-bb2ca61e07e1,2021,101942,A
d1e6ff92-3614-4adf-84f4-1d5a19218fbb,2021,43664,A
9fc99b5c-dfc3-46dc-aa19-f5506e712303,2021,43664,A
97af13d5-0db3-402f-bbcd-fc370dec1a16,2021,106996,A
0a3066bb-3f76-46ff-8cca-9d1b729fe692,2021,98665,A
9fb6cf72-093b-45b9-8f75-c97dc27a8616,2021,48205,A
d647567d-8d9b-4bd2-900b-3b6ee93de7b6,2021,113455,A
bfbf9024-2800-4ac3-b57c-da9c76b228f3,2021,94762,A
7862a2ef-7a24-4a83-a66c-bdae9e00d4f6,2021,108660,A
806cb1c1-d7f2-4ad4-a9be-5edd94eff132,2021,1187671,A
4d4688dc-77a0-4006-bf5d-95fa89be2a4a,2021,48205,A
e5c93902-b271-48b6-9fdd-80fd9028c11a,2021,1265453,A
1fa21d19-8df5-4616-a756-eec79e2020d9,2021,1181115,A
6b3840fd-44a4-49bd-96a5-c7ebfa2e6b34,2021,48205,A
3f6615e4-4678-47a4-a9f5-db633300a06d,2021,1322390,A
d43567c9-2b05-4178-b0ce-8a23793a741a,2021,1427745,A
6f34f1e5-e23e-4ded-bbb0-1745604727e9,2021,88084,A
ff7b3993-0df3-4b24-860f-3ed768c55c8f,2021,101942,A
633c3560-5395-4806-9d7e-2c9d630623d9,2021,98764,A
505f20b9-17d5-4130-8796-7715bf90e1d5,2021,1351760,A
6267d0bf-58ad-43fa-afc0-4924112d7352,2021,116770,A
5bc28388-7d1c-41ec-a030-5f7787c0e28a,2021,1070485,A
905c08fa-d053-4b89-8d4e-f054afd54950,2021,47505,A
85d450aa-9bf0-4eb2-9fdc-cb30d12abf4e,2021,43664,A
c439cad8-0fa9-479e-9253-f98d8d1543c3,2021,1203177,A
43c8edc1-26f1-4b2f-a1f5-f3dd1951b55f,2021,98764,A
1c97dc81-9d99-4c8c-a109-884b05edf417,2021,43664,A
6056596d-dbd0-4f76-a707-b67ee4481689,2021,108660,A
9cca8434-6aee-4260-9f1e-57e2a503a83d,2021,18584,A
b0b29c52-dc5a-46e4-873c-16fefe7cd9db,2021,1190145,A
5da1db48-e030-4020-9603-2d611076527b,2021,74737,A
836d0f9f-c6c2-4bdf-bc55-c9acc8186fc8,2021,43664,A
5f63a931-ee3c-4d7f-88f7-c46b4d3e3092,2021,108660,A
837a9aa4-465a-4ae5-9795-ccf91c82c9a4,2021,1117717,A
81d62119-f77f-4da1-84f2-158bc42617b4,2021,108660,A
01b6ef6d-e6ed-4a93-b759-6b636330aad5,2021,37862,A
99033118-c72b-4113-b034-d907d2eaa77f,2021,106996,A
45f09ca0-d0d5-4c41-aaa5-7932e7deef38,2021,1351760,A
6dbae301-e5f9-48a9-9a33-419fc9c7f763,2021,1427745,A
685d849a-13da-401b-bb5e-fe896261321d,2021,101942,A
70fd9a57-8fc7-4305-a63b-a8c0263680e0,2021,107422,A
7dbb9d58-e0cc-4a39-a96d-8d5db7ce2ba8,2021,1203177,A
c0a378ad-44cd-4be1-8eb5-47a57b844844,2021,1258063,A
3b267f4b-8ecc-48e1-89cb-67f7276cd1c2,2021,20756,A
692f80c7-f4b7-4124-b317-590c6c2222c0,2021,1300284,A
08e14f15-7cdb-43fd-8edf-42b967824523,2021,58808,A
854ed20a-6ea7-4da3-bbc3-0b980e531a15,2021,43664,A
8f9ec117-ef1f-4866-a800-be9d5e5ed165,2021,43664,A
98f8d6bb-d75a-4560-8159-c86e177cb99b,2021,107920,A
9c1cc3c4-c044-42b3-a4d5-c72b173778b6,2021,48205,A
2c29c2d0-6964-4e8a-acde-0b719afae89f,2021,18267,A
5312876a-61d3-44e4-a921-f7487c635bd6,2021,97778,A
a1e6f135-f820-4d96-834f-30061ecfd679,2021,107920,A
0301a1d5-afdd-4575-bbb3-317f01745a50,2021,107920,A
f11c4036-a8a6-40d0-9659-cb023b12515b,2021,56172,A
e98b1790-9957-4159-bd8e-d3c5634f308a,2021,19047,A
7d665781-f9de-4805-bdb9-37808a32194c,2021,1299927,A
d048852f-e4f3-4c7b-926e-12e410ce0814,2021,1376181,A
f7f1c822-0b25-47e2-9356-e39e913c2f7c,2021,106996,A
72569bce-c414-4d43-bfcd-0120bbaa9498,2021,1102628,A
f2c19221-964e-477e-bc6c-6b2bd417d6d1,2021,1070485,A
88b00124-f8ff-474e-b5a2-7df70fb436d9,2021,48675,A
fe752b2f-96ed-4b6e-9a0a-dcae7e267ce2,2021,1351760,A
17d0fbf1-dabc-4c1c-9301-bcff16deda73,2021,1103723,A
5a254628-9f2f-48b0-9b55-5a8efea8c7f7,2021,95175,A
f33b4c9f-5e49-4f61-b7f7-e8f1822bb076,2021,118994,A
5a3ec01c-5c69-4472-b8e2-7abf78882f29,2021,43664,A
2f9f8938-4ff9-42fa-a86e-05f97a6ebd5c,2021,113455,A
a74ecaab-f406-4667-a7d2-589aaedde12b,2021,37862,A
6310a275-68d0-401f-83b5-e6d57bca2723,2021,48205,A
c099d626-f93d-4086-9560-3a7a6e44b2e1,2021,106996,A
f91c6d3a-e088-44ab-ad4e-f9e5500c65a3,2021,1181115,A
4180e526-80cb-46ff-90a7-9a62257c3417,2021,40343,A
7bd2bf94-0de4-4292-85b7-722540fd742f,2021,9425,A
def4030c-0fbf-40ec-9967-7a2f374550d7,2021,43664,A
72c919f5-c97a-49da-9ca2-a43edcc6a852,2021,1314243,A
0f9facde-a4a4-4b2c-ae02-aa346ff5c781,2021,1299927,A
de0e8069-7177-47fb-8195-dfbc0df1c639,2021,9414,A
0ab597d1-fb50-4ac9-8f48-b543d1c79942,2021,18584,A
740f67dd-43cb-4d02-a6b5-d84101e9807b,2021,1190071,A
fa4538b2-ff91-4014-a116-0568db7e0d2e,2021,37862,A
ecf8f496-0aa4-4cb8-9011-83bf64edbef5,2021,1376131,A
e594dd76-67c8-4d8b-9155-24d822c27bc2,2021,1203177,A
38963f5a-2137-4724-b5b0-cdcd2cdad95c,2021,108660,A
48a9c7df-35ff-4774-8283-86699e1ada91,2021,107920,A
64249f18-a6bd-4b0a-a969-79e0223ddcb1,2021,1314243,A
b022b3b6-8206-4eb2-8ce9-ddc62943496c,2021,57606,A
214c9990-ca3b-43b7-abb4-291281bd1e70,2021,1351760,A
0a1b7e5d-b4a0-4e13-b37d-0cf9fdb940e7,2021,88084,A
6499fec4-fb9c-492f-85dc-3fb0d16851a4,2021,94762,A
98db41df-65e4-47ae-9ed8-4d2d04310c21,2021,1314243,A
7afbd002-b14a-45fb-9513-80f985b38738,2021,1376181,A
a98d5b33-5968-4a56-b445-f3cd8c6ba5eb,2021,74737,A
d792d133-0e38-4980-92dd-b4f5451fdaae,2021,9425,A
3844eaef-5cc7-44f2-9297-8d550649371e,2021,18558,A
a2dd854c-0061-4739-a26c-f70f6a854b8f,2021,104360,A
0c608309-aa3b-4d36-8ddc-7ecb2f9a38d1,2021,1314243,A
47ab4231-7f3f-4b3c-8d78-cb605b0cff2e,2021,1351760,A
09a84678-08b6-4c80-b5f6-f8f56aea6353,2021,117532,A
c1c78089-e8a8-453f-b6d1-b28272ce95e9,2021,108660,A
b4d49fbd-5d0b-41f9-b5be-6cfffda9a010,2021,48205,A
053fe910-bb3d-4202-9376-aab6bfbf8b14,2021,1190145,A
95207557-2c34-457a-ad8f-4d88a39a1d48,2021,9425,A
f26d4289-3999-4832-b2fd-794ed2e94dbe,2021,94762,A
4fb3d1fc-f66f-4a89-afd9-dec484092d72,2021,20933,A
1a50ab01-1a4f-4c9e-a054-3b34933e8bce,2021,98305,A
3ff4bd74-08f5-4954-ba73-2f02a33de50c,2021,13277,A
daa12f5b-ccdd-40a6-801a-aada5709af9f,2021,108660,A
cfc98da4-8b2c-4780-aabc-bd87b4bbb320,2021,1117717,A
396fa0d6-ae08-491f-acb9-9c742957b7e4,2021,73140,A
40502844-60f4-40d3-8a49-e98e9cadb687,2021,106996,A
02f9a714-ac9b-4380-b86f-b1ff45463190,2021,98595,A
4ef69f16-bdc8-4a5e-878c-64e58ba08e9c,2021,1322390,A
782854cf-3a46-4a8f-9a26-142cdd3773db,2021,67601,A
0ba5139b-e5a9-4c0d-8e19-bb7746bc633a,2021,113455,A
6a1da48f-5d3a-46a9-beaa-15bdbac2f19a,2021,113455,A
164e6f7c-c835-48ef-ac30-438fb666b6d2,2021,95175,A
c0ebad41-4d66-41d0-b9d3-51e94054655f,2021,317,A
1c43a0f0-e873-4717-990f-62a29a7ac3b2,2021,5000135,A
09d3db65-82a5-4238-87de-c1c6c9a5d133,2021,106996,A
89407eb4-a140-48eb-9e5d-52668f737422,2021,11452,A
6ff47641-1b2a-492a-9d18-107c562afc60,2021,11730,A
0ff02838-c232-4205-a22a-e61a12fc1068,2021,118420,A
6bc4f690-cb7b-4b40-a3ec-153fa0b613e6,2021,1288839,A
4b991e5c-f7e1-4a4c-ba51-7e9f5177c5e6,2021,58808,A
4e8ba409-e0a9-497c-9ad9-b7eebef013fb,2021,107920,A
9f8f6827-b070-46a6-9d83-a21fd79b89ed,2021,58808,A
fe456d35-dc6d-4947-b5d1-18ba008152f3,2021,108660,A
0db5fbfe-9894-4379-b89e-9aad67bcafb5,2021,13446,A
d9a1557b-a216-456c-81d0-fa31ca8cba44,2021,18903,A
b85cbe70-284b-4749-8663-d6729de867b1,2021,1427745,A
71de89b0-709c-4c3f-b417-2b1dd934f933,2021,1385488,A
5a62cb53-404e-4d5a-8753-456bc9adf9dd,2021,108660,A
1e0e08d2-e98d-40cb-8c0e-e115595a6205,2021,1376181,A
3e539781-bb99-4a5f-81eb-9e8180644672,2021,98595,A
f56ceff6-1163-4b7b-bd61-ba57ebc5b11d,2021,107920,A
32343f94-51b8-46b3-be9e-1c52181c579d,2021,112086,A
fbb0220d-88a0-4bbf-81b8-09758aa3b7c8,2021,1288839,A
aa9d34a0-b365-4aa5-9be1-873c1fec747e,2021,95017,A
c3132ab5-9d70-4442-b207-c7a480a80e1c,2021,5000135,A
ad1b257f-2bad-460c-a009-661113cc39db,2021,5000143,A
61f0e57f-5e21-4420-a194-04fc232cf2ba,2021,116770,A
1985f277-594d-4399-b383-31d2738db94b,2021,5000143,A
9a7a1f6b-1b5d-4a6b-84db-14d6c893194a,2021,1265453,A
655c3f70-221f-4fc0-a6a3-ecfb7c30e535,2021,48205,A
eb0fbd74-d23f-4964-987c-de1e1b22d21d,2021,112086,A
278017a7-e4a7-4155-a40f-6ea77434cc9c,2021,112086,A
6cf183d0-e3c9-4011-9afc-72c0f23bb1ca,2021,106996,A
af20e0ef-77ae-4801-ade6-aecc3179c500,2021,9425,A
e8570a29-4f5a-48ca-888a-c04d8c549784,2021,37862,A
c3f7216a-1451-4a22-b2ce-2a896267acf0,2021,1269545,A
8f350d77-69ae-43c0-97b0-d9c37e201f5a,2021,1181115,A
464190f4-f025-4fa9-a6dc-c5734fe8ecbf,2021,1204325,A
20b03951-af5b-47d4-98b7-499a5259eadb,2021,107422,A
84a2b20a-483d-443e-9866-88a4409363d9,2021,18683,A
cbe26fa3-333c-4c47-af2b-a198db9b0419,2021,1376131,A
c522aa2c-5ebb-454c-a637-63ba67a79365,2021,98305,A
5a6d4bb0-0c01-4657-9ecb-87dfe02c784d,2021,37862,A
45ec30c9-05ed-4e27-9ac3-e4083ade2409,2021,1190145,A
20482577-6cb2-4eec-97bd-834171b9409f,2021,18584,A
b4936389-8c85-464e-aa7e-585e94c17463,2021,13595,A
caaecacf-c480-4f24-853d-8422f6d7712e,2021,9414,A
35d78d6b-0eae-4ab8-ab71-79eae263dfdb,2021,95175,A
fc558b88-f9c0-4136-a23f-0d2561809642,2021,48675,A
2cc8a362-c889-4b94-a410-e4a197ecaf0b,2021,117022,A
53e0e3cd-8c9a-4fc3-b0fc-346d31ff6fce,2021,1190071,A
f2607000-751b-4374-ba23-0049c5a35358,2021,108660,A
93b2bc5c-6b3b-4577-95cd-59505195cb0b,2021,1299927,A
53652dd9-105e-436c-9888-34ac09585b0e,2021,1376131,A
9bb7c45b-11bb-4651-a60f-4a1b2ffb2a5c,2021,1136142,A
b9225ff5-fbae-431c-8aa5-e48536a67bd1,2021,107360,A
cb682d4a-8086-465a-8025-3990b6821940,2021,107360,A
928a29af-b0bc-4b04-8d41-44c6952c3721,2021,37862,A
cd5f0305-0d74-4c9f-91ac-e23fd646e0a8,2021,113455,A
54f8c4e8-20a9-46a2-bded-7536b64a9866,2021,95017,A
075be66f-5803-4766-874b-e721c3ca1902,2021,43664,A
653652c8-ad49-4e33-9b28-06716607d23e,2021,1181327,A
33ee5324-6bfa-4eff-b6c0-db1c253bb1d8,2021,106996,A
38d2cd03-ea69-4f6e-b285-e92fdbc601fe,2021,1314243,A
c0d99147-cf0e-4486-b7d4-6d3bfb23c2b5,2021,106996,A
36e61138-1452-464d-b3cc-13746fdd4c63,2021,106996,A
e850d181-caeb-4691-a597-81509c849d57,2021,22047,A
45e0c459-05b8-4543-9466-4397b1563172,2021,95175,A
1e078668-2c00-4650-8bfd-d888be38da10,2021,50981,A
912b158d-a97e-457d-8daf-1d63b8ea2c19,2021,1190071,A
79c91b0d-11e6-41fa-9e96-58b5773b6205,2021,1148708,A
e19067cf-8f2d-438d-9531-f92ce4e2720f,2021,108660,A
ff92acbf-ce22-4a03-b0b0-b1f77590e27d,2021,1351760,A
4a30fce1-4021-4c2f-aae6-509f191e4d1b,2021,1288839,A
e46fa453-42d3-4d11-a1ef-8ffd579b9e4b,2021,1376181,A
abaa6c50-5ee2-4115-ba62-0e4e14488ad4,2021,95017,A
fab27642-2f39-45ba-8a40-b639c1479c2d,2021,43664,A
366c5249-a3ca-49dc-9f80-b4da07d209e5,2021,1265453,A
af786e44-e278-4661-af11-87ea3ff2442d,2021,11452,A
bafd6b03-c11d-4e38-8826-d6e7f7467d6b,2021,107360,A
f960875c-b4cf-4389-bb37-7bd97b500cb7,2021,49054,A
5fa2aa27-a668-4244-b6d9-331e1912420d,2021,97443,A
d9502d94-edf2-45db-90c6-8e8de87d5cbc,2021,1318224,A
c405f278-21d7-4e51-a328-e26c34057f18,2021,1161716,A
74e7ac15-15d0-4302-8cfb-e1086455bb1a,2021,53333,A
570fdfd4-d676-4f6d-a204-652492f98be7,2021,108660,A
0598f7ff-d914-41b8-bb03-0168e32dc102,2021,1322390,A
bdbe3923-afee-49dc-a3eb-67c2f24aaccb,2021,19042,A
70dfbc83-ed74-4486-8e57-bec7d39951eb,2021,20030,A
71d4989b-1be0-4144-b7c6-7debc92d6579,2021,98957,A
d667e767-031c-4b36-a955-41a4479565ee,2021,86326,A
cc5e1e13-38ec-4228-b0e2-0d54998db900,2021,37862,A
c217b7b3-bd38-4cac-aa39-b302f58c344a,2021,113455,A
4217d490-807b-4b2b-9a4a-cd9162ca8066,2021,94762,A
c0180fb8-a79f-4acf-a356-1f8e7449e8e9,2021,1047907,A
d7ea626b-2bad-476e-92dd-b7a0aa50613e,2021,317,A
1cc4b1f4-0907-4b58-a380-062336f50cfc,2021,19042,A
b3f52873-bba8-4122-8851-87d1400b047c,2021,101942,A
3f217d34-ca9c-4b50-ae61-bdc08e63d68c,2021,1270596,A
32bd4054-81ae-4360-b09c-408ae25599e4,2021,108660,A
a91f0893-084e-4449-9fc7-f5c696a76a10,2021,108660,A
92cda0bc-439f-4a23-95e8-f2e38318f903,2021,107422,A
84befac3-de4e-4595-9c10-a46d3befd95b,2021,1322390,A
a1230b86-85b9-4ad7-b826-6e9029c289f2,2021,106167,A
63e723b6-fc48-44fa-87a8-d08b2bf10932,2021,1118057,A
754ff26f-b274-46dc-82bb-63624f864361,2021,95017,A
dd4e9f98-75de-4cf6-a217-8e955d0bb099,2021,1300284,A
f143f304-3b5d-4912-9770-8d2a25204523,2021,11452,A
d7debd8c-9b3e-4020-9a91-1a8d35f14176,2021,1190071,A
bc44aec8-4442-481f-9197-7c05ce0b98c1,2021,116770,A
ce3cf651-55db-4bd4-90c4-016c36a6b511,2021,73519,A
e10b8e4f-bdff-40a0-8252-0f9183d51d33,2021,1283028,A
becd5433-2297-444f-8f6c-eb5aeaf7f31e,2021,37862,A
842353e7-0684-4876-b13f-531a969ceb9f,2021,1272079,A
491e43f2-9f50-405e-8005-109e06301265,2021,101942,A
95380b95-1fdc-4425-a83c-0a5d8f5b231d,2021,98665,A
3e0fee15-a802-49e7-bf66-d42009bb471e,2021,41238,A
f452adb7-e631-43e5-a3c5-bd6a9ae51251,2021,1322390,A
5fe86171-b0d8-4c05-b689-e501e1fba8d5,2021,1376131,A
357980e5-7442-464f-9bd6-01cc698155c4,2021,1318224,A
ab5c050a-a561-4d9b-91a6-17a2f029acb6,2021,1376181,A
3e44dcee-915c-4053-9bbc-0283bf47a467,2021,20933,A
29266800-e45a-46a0-82d2-6706105b6a93,2021,101942,A
d4ae6e7d-a969-48f1-a321-df22e4798bfe,2021,88068,A
8be4ba2c-787c-4a62-97c1-b47966cb2524,2021,106167,A
46ce2d50-6e55-4cff-8d8e-eafca8fd80e8,2021,50082,A
4dac1005-9cd8-4f50-9a15-bd621bc84023,2021,18584,A
2b813fa6-a67c-43c9-b1d2-bf8e4c34c0a6,2021,513,A
5801442a-a0d5-4ed5-a3d1-a86e673dbbc8,2021,67601,A
e1ceb0d2-9666-4c79-b769-51323978af11,2021,73140,A
443bb386-780a-4951-8952-6bac39568ac6,2021,41238,A
02517866-1cec-42f9-8b3e-d2a3a24da8ec,2021,1148708,A
b6624aee-14bc-4deb-a667-118b6837eead,2021,98595,A
38000ac0-bc93-4ac3-8318-122857c69977,2021,117022,A
80e5d4e2-d82b-4790-9d4e-255dc4f0d6b1,2021,108660,A
2b90e4c9-8cfe-458c-a889-5e255b8c6334,2021,13595,A
fd2b3d4f-cb13-4346-b6f4-e21fc691577f,2021,107360,A
9c539ed3-0a06-490b-b360-e4eda6c7ac05,2021,106996,A
2e54b78e-6aa6-4cc5-bbd3-5893a25dd48e,2021,1322665,A
66849c1d-efff-4814-a1fc-3c3fb721ea1a,2021,18683,A
17fe0dfa-490b-4a99-af10-f5940576feb7,2021,106996,A
784bc5ff-5923-462b-a7b3-e4b470b4f2d0,2021,98305,A
851c3801-5068-428b-84bc-9f9e5649b0d6,2021,1376181,A
622387aa-b2f2-4b02-8074-5d9d2bcfff3a,2021,2209,A
3e80242b-019c-417f-b724-b61a94b18e68,2021,97778,A
f39d7de5-6250-4af5-9b65-d5b24b55aefe,2021,1283028,A
3e8d777d-3ecf-415e-a8f2-0b40c7ae4956,2021,58808,A
83fb62f7-5779-4c9e-aabe-99fe320e6ce2,2021,108660,A
f91977fd-ecf0-4e7c-8a59-9e6c27997f55,2021,101830,A
c68bca8a-837e-49fc-8a99-0691a44e034d,2021,22047,A
9911f63f-9173-4907-9823-c28be796cbc3,2021,116770,A
016ebf10-c388-4e35-87a1-325576ddfae4,2021,2209,A
f1de511b-b80d-477c-ac4e-e95a61dd7b4d,2021,55402,A
21685a3e-d384-4f35-8412-d0b4e4721310,2021,5000143,A
6acd417f-33a0-4608-9530-54a8d9f8c246,2021,67092,A
3fce0428-10a7-4805-9973-6f2c3ffc7325,2021,106996,A
4e322bb4-224d-4f54-892f-ab651301e927,2021,106167,A
274e4554-1126-4bdf-b199-381d0abd1cef,2021,107920,A
0beac969-e0db-4475-9fe4-0f80ce008b89,2021,102590,A
e4d33c11-89bb-47b5-8e24-b499f473ed24,2021,13446,A
d52c3726-03d0-4048-bb4a-59fe320e5e7d,2021,101830,A
316575be-6b1f-4ce1-bdb6-902ca078b229,2021,1300429,A
cb2b79ed-7adf-4dbf-a692-4c5e7b86b72a,2021,21464,A
b4de22de-e73b-4a26-8f34-21aab94a5023,2021,113455,A
98563c31-8b3d-4c9a-81a2-7ec2294b6f58,2021,1376181,A
837af0cb-f7de-435e-8a6f-1326c7961dd8,2021,968,A
bcfa04d8-6d60-4aa3-b022-d6b406be1c31,2021,48675,A
78273bab-464c-470b-88a7-9c9b4c30fe35,2021,1314243,A
d877996e-03bc-4289-a7f0-db6f51f3a82f,2021,106996,A
85666ae8-727e-441e-b8cc-a99b16da5873,2021,106167,A
75599575-2fc1-4c4f-b30c-5a84c19a3bb4,2021,9425,A
30b0a7d1-fa97-4641-8670-6a15946050a2,2021,1306689,A
ad96b5fa-cbfd-48e7-a934-2554e9451cbc,2021,108660,A
1b16cfa8-ba48-4fb7-b746-e2869d296b81,2021,18559,A
2bf93fc1-6d8a-4721-9569-67f5df85c296,2021,43664,A
bf946546-f6c9-40c9-8fdd-92ef587bead0,2021,37862,A
667ca01f-d151-433c-ad7d-fd6bd51009b2,2021,74737,A
a7d53616-174a-422d-b94f-1aafb35a27e9,2021,95017,A
bfab50d3-8620-4a57-9340-a16fa7ea8817,2021,95175,A
aacd30b5-ac2e-4dcd-8388-7e2d1c69b8e7,2021,1376131,A
ad235919-2e88-41cc-989c-c2af3726ba27,2021,43664,A
92b26341-7b81-4b92-ae40-779171754f4d,2021,1270596,A
c66a2f9e-262e-406b-944d-296a577c7b00,2021,116770,A
fab51b47-0290-4564-ae4f-5cc857856bc3,2021,118468,A
823447aa-f6da-4a2a-a768-a04153b11433,2021,1322665,A
a5f87a43-732f-470c-8eec-6fe498878322,2021,19042,A
17e1474c-1f90-49ec-a2cf-dbdf53dceb5e,2021,101942,A
361d4c3e-5b5b-4aa3-bb6c-b4d12becc288,2021,1322390,A
80a1ad77-ff67-44d5-be56-cfe17cd1ffb6,2021,1314243,A
a9f075f9-b457-4688-8344-e8edc08abc5f,2021,1376131,A
6d6dcaf6-6960-449e-9125-e78cd30fb432,2021,108660,A
defd8348-6fde-42e8-a5e1-2b7a560f9db9,2021,108660,A
17c7ac37-04e9-4dc6-9d9e-f3f8097a5c9a,2021,107360,A
7991ac84-1086-4f2a-be8d-1b03f7abd22d,2021,18903,A
cf1df941-b728-443d-a62d-34a7425f455b,2021,18584,A
8f09ab06-2775-4a35-a254-61a34374a9c4,2021,97778,A
b7814d83-37c8-4a48-aaa0-bd5b8ebf83f0,2021,97778,A
d858caec-068f-40fc-b37d-93690005f51b,2021,107360,A
51fa0d85-ca93-4730-b3b7-b42210c59332,2021,74737,A
85e3fe83-6e75-4f3f-a493-3ecbdfd21a4f,2021,106167,A
5d36e90b-1fe6-4b0a-bd2e-915fcdb859c0,2021,1322665,A
038cc6b9-4b31-4fa2-8f07-d6fcf4dc33df,2021,104360,A
5a5ab50a-58fd-4ac8-bbce-de24f85dea3f,2021,317,A
4393fd65-8321-4a41-8d53-e9574374c5ae,2021,95175,A
6db20e27-2f26-4953-9e4f-99b75a3035f5,2021,101942,A
a7d9f90f-b860-4883-a854-68fd1f97ed00,2021,117532,A
922785a0-9970-42fd-9da9-95b572e14dd9,2021,1047907,A
7d2d309e-9100-4298-9fb8-7c98d784a46d,2021,47505,A
687a40bf-22bd-4a92-8553-383939bf1610,2021,40343,A
3fc41feb-ad83-44dc-bc1c-a192bcc63657,2021,1190145,A
0c53f0af-921b-4145-b1a4-738b84cd6f08,2021,1351760,A
e98efe9c-35ce-4a01-9656-e202a11c4495,2021,13277,A
b543c414-993d-49d2-8e50-715eabf5de1f,2021,1070485,A
bcad2eb0-2140-408f-8b99-3942b516e660,2021,1204325,A
9f372022-9524-49ec-b383-cb90749d80c9,2021,1322118,A
e1af41a1-818d-4a8f-b567-caa4a01d3565,2021,41238,A
02428f06-c092-49c1-a36b-625824537e4c,2021,101830,A
2c9e858b-69b7-476f-81c9-b910c9a38234,2021,73519,A
a3f70905-5bac-44eb-a97f-3b54d692ba09,2021,1270596,A
dea0b74c-78f5-4dc1-a6da-acb64d7d90a7,2021,106167,A
d80cee8a-4970-4d96-b5cc-07e5499227f3,2021,1265453,A
9792d7eb-de10-40c6-bd0b-349fbd870294,2021,94762,A
c479f431-caa0-4d84-8410-aeec482e6fab,2021,43664,A
fc5775a4-a3c5-4a1c-a21b-d9b043eacc78,2021,95175,A
7d9290eb-d7ba-4edd-9c75-0d9c3bd646f7,2021,1314243,A
0d1921a2-0622-44b1-abc0-7091d6af0f98,2021,1181115,A
2c9c001a-f481-404f-82d9-1256afca076e,2021,104360,A
13ade225-3ee8-4e7c-8cd0-6e21aca2609e,2021,1190145,A
b20e8a74-2d17-404c-8952-8732dd836993,2021,1187671,A
4e58ef71-b173-41ac-bc57-0d56cb971af6,2021,20030,A
087af943-1ffe-4df3-86bb-044175f228f8,2021,106996,A
60b20b07-746b-4671-a505-c67293e9547e,2021,17898,A
7ef7c6ec-930a-42d4-9b6b-7c485fbea574,2021,94762,A
06bff073-785b-4881-a088-0b12049775d9,2021,1299927,A
485dc377-ac5e-4fef-8014-68562823c976,2021,1288839,A
4d23d929-d8a7-45fe-a45c-49dd60a223ca,2021,101942,A
4025cfb8-621b-4233-be0f-2b3a39314a5e,2021,1318224,A
1f120f25-3a26-44e8-b1c4-ba38fd6812fc,2021,1161716,A
fe2f48d9-fd73-42c1-bd40-3d713f22f57e,2021,107920,A
f3630558-8669-48dc-b5c7-a4f5926b86fc,2021,94762,A
32cb5877-9ebb-4d20-a11e-6adede2efe07,2021,1427745,A
63f75308-5cf3-44b7-b3ca-6baadbb732a3,2021,106996,A
ccfec115-d548-4e70-81b7-9b40f508512f,2021,1269545,A
15d76258-ef9a-4229-a12b-65a3a0e71d6b,2021,1070485,A
0a038265-14ab-4e81-b8b1-89f144bcc91c,2021,94762,A
6bbcb098-6d8e-4d25-a65a-ff826631496a,2021,1314243,A
4950c971-7545-49da-8913-d249340865fb,2021,9425,A
80214267-cd50-4bd6-adcc-bbbc5be4ebd6,2021,112086,A
49167794-9589-4395-a30f-9a66a9ca1608,2021,21464,A
a38a4be4-7900-472f-a1f9-1c966c12167e,2021,1270596,A
010c7aac-ff0e-4d48-ba02-3afaefc7869c,2021,107422,A
dcea6535-2f1e-405b-a2ad-1c68e4ef2cbd,2021,11452,A
587589fd-d0d3-4d7b-a303-ee16247d26cf,2021,1181115,A
b729c07b-2971-4b78-a48a-b75964d16763,2021,47051,A
e5f3d658-c25b-41dc-b43d-45ab3023722e,2021,107360,A
db8cc1c6-26d6-441f-a49a-42513c10b909,2021,53333,A
61da0b05-bb89-48af-be9d-f590a6bc0c70,2021,1187671,A
eed5bb2f-6626-455e-bd37-60a5ee263669,2021,1136142,A
114eb0ed-80df-4e9c-bcb1-b3d5df999a33,2021,1161716,A
60a37efd-7721-4e93-8094-175efd9e10a6,2021,73140,A
28bad7c6-79bf-47c1-8dca-f00a829c7d63,2021,112086,A
e2b3a024-bd1e-4179-bb85-74aca1592c31,2021,5000143,A
da0972e3-e954-4555-b925-5918fe5cca8d,2021,107360,A
7973ddcf-91c0-4c3a-93e9-7f75ca10f988,2021,94762,A
bba6d34b-39f9-4579-b33c-f9ecc1af1eaf,2021,1203177,A
873214f4-1248-4670-9d8d-73990182ac6e,2021,11452,A
2bd0ea4b-dbfe-4235-801c-c4d0a3f87ae0,2021,1181115,A
8deb83d0-a887-456f-ad3b-6b6999ddac03,2021,18584,A
3aeed871-6cd5-4f43-b1ac-80298a726dab,2021,1288839,A
0e71dd90-d8de-40ad-b318-985ce4bf6467,2021,107422,A
6224d841-f74d-46bf-949d-3ea0a15f6d7c,2021,1427745,A
3ba59511-eaa0-447a-a1a6-2796f086b0c0,2021,5000135,A
c18e7b7c-ffa8-442e-ad8a-e18b7f54586b,2021,1306689,A
11b2ada1-6818-4d80-988e-d78099d11a4e,2021,1204325,A
4692a58f-accb-4dc6-b535-5c0dd7dac5f5,2021,91181,A
0fe91b65-a693-4732-ae26-17c151f68d5f,2021,1376131,A
0d0a374b-7d06-4231-b323-64902f4932c6,2021,106167,A
c9316078-e659-4bfc-a5f5-8a11bd3f7b1b,2021,98957,A
739abbf6-367e-41cf-9893-80ceabda81f5,2021,106167,A
b51cf6db-914b-4a2d-96f4-092ce0aab99d,2021,95175,A
9eb8b14c-1a33-4b69-9f84-5a74d28f5d1a,2021,54934,A
81f33c86-1a75-4f0e-ab22-5027ed03006c,2021,101830,A
38f35060-b881-46eb-8e83-4863a3fc5b70,2021,13980,A
a5cc29b8-7dc7-4f8c-9456-bedad68b383e,2021,108660,A
015da142-bc3b-4049-9160-b6f5cd444fa0,2021,1047907,A
b1ff482f-45c4-4413-9325-01ac07f7626f,2021,47505,A
aa50f972-99a1-44a0-a0d6-25be05a542de,2021,11452,A
68c97ac3-51a3-4ad0-b85c-6e419b687ef2,2021,1267543,A
db993387-9650-43ad-95e5-8b5d90e8e7c3,2021,1314243,A
655d8bee-0456-4360-a377-a543baea44dc,2021,101942,A
b0689bcb-d5de-46a0-b5c7-7ad79cd68862,2021,108660,A
9dfc7fdb-a988-4114-b2ea-867e842847f5,2021,19042,A
fa2b6875-0028-4cb5-b6b0-f5c08fb8621b,2021,1314243,A
ea6f3224-ecdc-4575-9def-f62ec01786fb,2021,47051,A
8e8d742f-51f0-4b19-924a-d12c50f85b47,2021,68930,A
f46599eb-cd3b-4dc0-94bf-20d3bf0843ea,2021,108660,A
ba1927e5-c277-4e31-ac88-74f04e88701b,2021,37862,A
093cf568-a5a4-49f7-a5c9-f143b5a1b3c7,2021,48205,A
c28a1a77-1cf3-4977-9f56-c0df916e7019,2021,13446,A
8d117b98-e530-4655-82f4-0d7f1384afe3,2021,18903,A
f995675a-bf3a-4b31-b4e4-90df96fc741d,2021,1269545,A
2989a61d-3b1c-44a6-99e4-09087a1d83d4,2021,11554,A
5cfb7b47-54e4-4380-b0a6-b9cc80cc614c,2021,1376181,A
b404dc86-ecfe-4aed-a1e9-74515dfd08d7,2021,113687,A
5558b329-e765-4dcb-97cb-c47cb784bf8d,2021,113455,A
74584af2-9c35-41b7-b204-2e87b585fad3,2021,101830,A
c0bbf9cb-d6f9-4a6b-8357-51edb39a0e7e,2021,107422,A
b49922e3-5101-4719-b9f7-06c7daf4359d,2021,1314243,A
afda3d16-8fac-4dd4-8d61-8cbc1b953680,2021,97778,A
acf34eb1-c508-4ecf-a8ae-029b6b0b1d48,2021,114616,A
62f5a562-da2b-4c31-bb07-26da9658dcb1,2021,116770,A
e5817457-65cf-4ae0-a41d-ef7e0ee6c2a3,2021,18559,A
e4d7c22c-db32-483a-8781-c408ebacfcdb,2021,1190071,A
6f6331a1-3c27-41a3-9b5a-75544145f19f,2021,106167,A
9756cc73-b7af-4e9d-bdf6-e0ea9be0c3ca,2021,1190071,A
844e9fca-826e-4c3d-af76-da031980f69a,2021,97443,A
5b1ac5e5-0ef3-4e4c-92cd-d850a56af9c5,2021,1181115,A
2651b2a2-b00f-4539-8ac2-0abf4a5ef9a4,2021,18584,A
c8d54bd6-9ad8-47e4-b58e-94c92de563ac,2021,73140,A
a19833b5-0166-4e98-98ca-3065074b02ae,2021,118420,A
24795a0d-dcec-447a-9c48-d82671e78832,2021,37862,A
1bcf4f6a-84b5-4168-8551-e49cd1404321,2021,1181115,A
c545badd-06b0-437d-a3e3-ae6ca7801477,2021,5000135,A
4b9df5a6-183c-4171-aa3c-4b21f59f25c6,2021,102590,A
a6b9e501-cc42-41a4-a900-defa3bfafb16,2021,1314243,A
da4f4e89-d059-46a4-9889-127f374dadf9,2021,117022,A
0285053f-fca2-4719-8a8c-6630d1c478e4,2021,95175,A
9871b7ed-f258-458a-9af8-721de7c02846,2021,317,A
88dc12df-196f-4692-8b51-70b65b5d620b,2021,101830,A
e1d90122-46bc-4027-8269-97562d302f06,2021,95175,A
e2bd8a4c-4bd8-4415-b497-9fa3b4e756f8,2021,13446,A
f0a7b09e-bcd1-4e4d-989b-226f0d69c585,2021,113455,A
934c6536-c4e3-4334-9620-d541f4c27dc0,2021,107360,A
51bd0350-d8df-41ff-81c0-b2ea8d255936,2021,108660,A
d2f011e1-0759-4654-bbf6-f125f3e32e3a,2021,5000135,A
744ecffa-304f-403d-8c08-490d754f5ae1,2021,104360,A
0f2afad6-c422-4f3f-96ef-b1d455598b53,2021,101830,A
e5b22771-bce1-45d7-843e-6f04ecb51b8a,2021,98595,A
b84aab72-216e-4b9e-8373-7beb57777a6f,2021,106167,A
086658df-5df5-448a-b360-f30a67d81e6c,2021,13446,A
cf43a374-63e9-40c2-ba6f-bec69998024b,2021,118420,A
824377ad-09c9-4004-b8b9-211449fe068f,2021,98595,A
166d1f49-ccbf-4106-86f7-5b82f0dd6b17,2021,107360,A
972af9c8-6e34-4ed3-aaf0-387796fcd5cb,2021,13446,A
db05ca5a-1fb1-476e-8ef7-1e734b7ec693,2021,1283028,A
13d93ff5-2986-4533-a05a-65c34e333dcf,2021,95017,A
f42df3d7-c3e6-4650-98ac-610d68e373e3,2021,1379275,A
a8b122e3-1c3b-428c-9e74-d05afb68a7be,2021,101830,A
a56bb2a3-0b14-4086-a21f-ea940ba7a654,2021,116770,A
afc10e35-e992-4e67-a44d-833b51eda69c,2021,1351760,A
2bf5b7f8-fb09-4703-a612-efa6339905e7,2021,91181,A
1e20da97-f29a-4d56-b959-7a832c7e4220,2021,98595,A
c544f7ad-8b03-4ac7-8f34-16258cc797ee,2021,117532,A
006957df-c589-40d5-8042-a6a1931e28fb,2021,101830,A
a52f326a-68e3-4b7f-8e53-0d707080d5e6,2021,1204325,A
c7fc310b-8d64-4199-9844-3269ca96bef4,2021,97778,A
120e2407-1670-4d89-817d-70b82cab43c8,2021,1269545,A
f635cab2-5293-437a-b49a-8c76c6aa6736,2021,116770,A
f1dbf889-2719-4803-aa8a-48ae01585c10,2021,101942,A
6aa203e5-af4c-4e47-bd1b-2fcd9b73c785,2021,13446,A
c2d2fc20-7a47-46f1-9eea-8083dcb84470,2021,107422,A
b404b931-fe85-48df-88e1-69111a05ba58,2021,108660,A
a3c95655-43ce-45b0-90df-fc4bc315a6f7,2021,67092,A
b70d3949-8a09-4afb-af7d-a968a4efc64a,2021,97443,A
374ca03c-f1b0-4463-b565-133dc0aa936a,2021,1148708,A
0806c69d-4011-4185-8fdb-486dbb7bcc6f,2021,106996,A
b0374596-c260-4e07-933e-47371999bc8b,2021,1148708,A
52e887bb-9a13-4c85-887b-096fdda35a4e,2021,1136142,A
de7894f8-fceb-4c8e-83c5-66542224435a,2021,107422,A
5b7211a9-67fd-4393-b533-88083b88cdc5,2021,1204325,A
cb0627ac-8ff9-4e3d-91c3-6a4b2976f6c5,2021,1204325,A
ef5e7c34-0dfb-4d9a-9337-b9ef117dcd87,2021,106167,A
6f6116c5-3bd4-4447-89d5-cebbdbde4e3f,2021,1351760,A
a5ca36e1-fec1-4ed7-b1db-f340ea0ecba3,2021,112086,A
de618d19-c5b6-4cd7-abfe-053f34eb9912,2021,90030,A
2e058441-40e7-45d8-8013-11eee64c6aab,2021,1118057,A
17b08c54-8265-4f86-9151-440d6d0a3099,2021,18584,A
6a3df738-62d3-4d68-bf25-52b312037b04,2021,1314243,A
94e056b8-8476-404b-9479-9f2f896d9e66,2021,11452,A
13c667db-2326-4da3-a8fc-94f3bdcab9d0,2021,98957,A
8c3f2fba-2383-4119-b8cd-332fb8e6258e,2021,101942,A
0c5ea9af-c60f-408b-8e7f-223cc385a29d,2021,1351760,A
ef9de3e3-3449-46cf-adc8-a76586a55fa4,2021,13446,A
8c1cb577-f702-467b-a760-dcec349ddeac,2021,112086,A
656dc2a8-06da-4b47-8b6f-ef7a687783a8,2021,43664,A
14b25d0d-84ae-4123-adc4-2487defda15f,2021,98595,A
00b0351b-3bcc-4af5-a381-3c14e1c97670,2021,2209,A
d172f680-49c7-4292-8c27-211bcd10a6ac,2021,317,A
e281f883-eff0-4ad2-bde2-e0cee40e279f,2021,112086,A
7832b939-1d30-4128-a7cf-e1437c89588d,2021,11730,A
eb889129-00d3-4000-abb1-ca25e8997705,2021,9414,A
769fcac1-08a4-4d41-9481-a55fa6a0872c,2021,5000135,A
44d293f8-7557-43c2-b969-f0b2846d6e52,2021,116770,A
4a0cc6f9-bb04-4e5b-9bb1-29be10236280,2021,73140,A
b837057d-e489-4a7b-948d-84fb58d08524,2021,1047907,A
833a5b57-d4a7-41f9-bd15-923c775e98a8,2021,95175,A
349a04fd-af6a-4038-9b1b-ee3776bab631,2021,113455,A
4c5f29af-66c9-4660-a4c5-5acf56bb7e12,2021,47505,A
c3d095a0-4825-4e24-8c70-5938606e69af,2021,112086,A
4db675f0-08f9-4abf-a4a5-19f84d20c440,2021,5000135,A
731a4671-0adb-49d2-9f79-5700e892bdfe,2021,1306689,A
5b94fa5c-ada7-4ed6-8771-4af07dd3d4b3,2021,1204325,A
73109046-a747-4775-8a7d-dec6a43ff795,2021,1315444,A
7b7d23f7-50a9-4602-a3dc-6ee6af6641ac,2021,317,A
9d4732b8-13d6-48c2-ab2c-eb188fb9a358,2021,5000143,A
96ed2a16-e345-4235-ad67-e96b9b5d27aa,2021,1187671,A
d1c62a84-d42a-449e-800c-2914c41d5d13,2021,1265453,A
f22fe05a-e5a1-4825-8216-a275cc0868b8,2021,103062,A
dc1470d4-c3da-4e11-bd62-37116badf38f,2021,97778,A
7337fbf3-88d5-4b4b-942a-4c97c0dc7153,2021,1283028,A
34c164f2-8c27-4e50-bd2c-c806846aef36,2021,47505,A
93f0f060-991b-4556-a489-a08ab1e9f4fb,2021,18671,A
308dbce1-a274-4eed-898e-6cbdb6756069,2021,49054,A
0b357560-e8f5-4a3b-96bf-0887dba788b1,2021,13401,A
bf074aad-6959-4244-afa0-2d67d4bf8ff4,2021,114616,A
57ab3990-ab9e-426e-b24f-926c7edaedd9,2021,1270596,A
74a611ac-f8cc-4fe5-9699-7781579fcef1,2021,102590,A
8b057653-4c63-453a-be3c-55459d624e3a,2021,9414,A
591c81e4-a272-44e9-be23-940de51ff1a0,2021,108660,A
1a6a5503-9821-45e5-9405-ae96a09657ca,2021,1314243,A
23b41bca-691b-4543-aba3-3ea6efe9376d,2021,1300429,A
39c83e14-8d5c-49d6-94be-7b38479ae793,2021,95175,A
4262c5a8-0fe3-4134-b7ab-d363e4ffd742,2021,1427745,A
20f62b9f-371f-4a4f-8e21-e834b25d5760,2021,55402,A
0d8f6e8e-690b-4bc6-9a27-5516c906da24,2021,107422,A
f5d365b3-af48-483f-8745-cdd7d546f569,2021,56172,A
05160cc5-7275-411a-a751-6232a7fe714c,2021,1101244,A
8425e347-108f-49fb-92d0-25ab1c78116f,2021,20933,A
ff9d5ded-7907-4019-b72d-c5fdc7fa1318,2021,513,A
aec14393-b253-4305-b6e0-36cd98eba8db,2021,1376181,A
b3de9c7e-df3f-4a97-a435-431f5918b255,2021,18671,A
016f4913-5c26-4a0b-ba53-bd589a87f95b,2021,103062,A
ec7934a8-a8d0-4fe8-8681-30793f9dc19b,2021,1376131,A
c3595d77-e222-44ce-96a7-40004c4cf7f7,2021,18559,A
6cac0948-c856-48ba-8a3e-6aedb6526fc7,2021,17898,A
89bc71ea-b5de-41bd-a6f8-22f35e02f00c,2021,95017,A
ce77d8d3-e977-4449-a240-c01836a3238f,2021,108660,A
4bf38831-3839-44e5-aac6-8e117f8188ba,2021,18558,A
490ed64a-9446-4bd8-9d0f-a627e09a63a3,2021,13595,A
ac165eee-062a-438c-bb5d-d496ddd2a1f3,2021,101830,A
87baeaea-4902-4110-ba75-a1370493da49,2021,47051,A
ee4ca139-5a2b-4313-b752-4f46a6b790f3,2021,13401,A
92e541cc-b5cd-46f8-9d09-7d2a05474356,2021,106167,A
bcb0e424-c696-4bbf-9244-6bd4b9174a98,2021,106167,A
c25cf706-6089-4166-a6e6-1c186c55cfbf,2021,1269545,A
487964ae-bb03-44bd-9386-54e245f52fa0,2021,56172,A
335f35db-0391-46c5-8789-d844675eaedb,2021,103062,A
6b972f3f-78c5-4454-a0ff-73746ffbb192,2021,55402,A
73a32a34-b0b7-4473-9f6a-df4cf301bc36,2021,107360,A
ac2ccda6-0f5e-408a-b4bf-78784a16812f,2021,1314243,A
39ba4283-39a1-4bd6-8f02-d1cbf4bac204,2021,107360,A
72fbcd44-76c4-49b1-8389-cf5e851bbe95,2021,13277,A
3fb18389-d05f-4ef5-8371-e78821a3e3a5,2021,118420,A
41b55f30-c311-475d-94ba-d1c54b8a566c,2021,11452,A
6f7b0a91-399b-4c9f-b587-03db707bd070,2021,317,A
393926e0-17af-49c4-b0c2-378e2aefe6b1,2021,9440,A
1a9f4db9-343b-4a7a-bb47-0977f0d910d7,2021,106167,A
c15ef950-ce9f-4952-91f4-ddd37e95f3d2,2021,95175,A
0514f19f-a153-4426-a1c4-2648d01ecffe,2021,1427745,A
de337863-bf60-469a-a1a3-1f0718a27ab8,2021,55777,A
6caa556f-ba54-4b7c-abb8-625af57402b4,2021,1351760,A
d406c815-2123-4aad-926b-73573272f162,2021,118468,A
6fb9b7d3-7208-4b7d-94ae-3a6ddd555f62,2021,20239,A
1f43ce98-8093-4ae1-a660-8dcd790d86d7,2021,118994,A
59480611-e6c1-4afb-9b30-a0073cfaa54b,2021,55402,A
619cbfb2-e757-4d33-b19c-2b84709037b5,2021,117022,A
466ce964-4f5a-42c4-8af1-190d99d2065e,2021,95017,A
e6f44738-e1bf-4a82-a3f6-2cf69b01bc7e,2021,18584,A
b3ece8b3-42e0-4c52-b326-c10fc7d59791,2021,18584,A
c9eac588-3c51-4122-a741-a6ce4a6487aa,2021,1376181,A
aa71d8f4-90b7-4900-907d-58ca66766f98,2021,1315444,A
60e1557d-386b-44c7-b0fd-99565493ed30,2021,513,A
b87bc964-f9e0-419e-b883-a7c435e4f29d,2021,1376181,A
18c3489b-4e93-43bf-ba12-a226c849be29,2021,21464,A
40bac8f2-e40f-47db-a62c-f99ab9f86d03,2021,97443,A
b6a2b3cb-865b-4016-ba8b-17b1879c14ce,2021,94762,A
9879d04e-89f0-46a5-a67e-e8af2534383e,2021,1136142,A
3133767b-5ae2-4d55-ad7e-0ad90ebf4f4a,2021,68930,A
1fa00bb2-5de2-49ae-a727-e401cfbe9ebf,2021,1283028,A
8aa41453-2a2a-404c-87a1-e1a2204d5b83,2021,1330347,A
4a77f702-8bb1-4fbe-915c-4ab144b52b65,2021,48205,A
ace50fc2-c63a-4a98-8b7a-e2f54554d77a,2021,102590,A
4f693c8e-c53a-4f96-97c4-b40e882c70b4,2021,49054,A
5a57ac2e-9563-42eb-9b9b-5be0b316f195,2021,1379275,A
0f2245d6-2697-4b63-858b-6e81d2e57f19,2021,118468,A
e30a0538-f29f-4da8-98bf-5f2b98e3052e,2021,1288839,A
e2379926-d08d-4cea-b117-9db4987ff4ea,2021,1181327,A
8b5b4178-50b1-4b02-a784-7d90858cd150,2021,95017,A
fe99b75b-a419-4acb-81be-837cbeb65556,2021,1136142,A
6202323c-9088-4495-921c-3c5efbb27081,2021,13401,A
cec3708d-9dcc-494c-bcfc-6ef0d4e46f31,2021,20030,A
11e8bb84-38f7-41db-a2e4-dcdfcd1ba47b,2021,1318224,A
9382e7c0-de9f-4dd0-81b0-dc1aa93597d8,2021,41238,A
fc55ee53-2da6-42bb-a852-9f9464d4acf5,2021,41238,A
70d8eea4-c4f3-4341-8e8a-724afaf1988a,2021,49054,A
4b377637-8118-47a8-8998-aa8e5d2d836b,2021,87396,A
b1787d9a-a676-444c-b92f-99529d45de88,2021,47069,A
6aeea7f2-82d4-446b-add7-53851e32430c,2021,97778,A
59c5cd8d-753e-430d-b9fe-873eb0de1a42,2021,102590,A
0def05bb-34e8-4278-bc8d-c00ddda41a6a,2021,5000135,A
833df72d-49d8-488b-9e8f-b86bb09d9d2b,2021,18671,A
e1411cd8-8a54-40dd-9a63-b70917a15aba,2021,1314243,A
1e18c5b0-2754-4388-85eb-19eb210157f0,2021,1204325,A
1a0e7fdb-5349-405d-a688-d8128771ec53,2021,1330347,A
ace33e1c-0255-4905-978e-09a345718b44,2021,18671,A
76347000-887d-490b-ab8b-12b28e19f77a,2021,5000135,A
7daecf8d-af36-4c67-ae13-2943f34ebe49,2021,13446,A
3b1134eb-7227-4a99-ab18-7cab54484805,2021,101942,A
7f8bf62b-5515-4846-ba4f-845e2914abd7,2021,117022,A
4dce93f1-bb36-4294-8c8d-b87a9c3e390e,2021,11452,A
0cd0212c-40bd-4321-b8c4-ab6e17c2b887,2021,1318224,A
d3b6fb69-ca49-49aa-8f43-60b0281ad5b6,2021,48675,A
df007889-0495-41d3-9173-d65f4a50fb98,2021,116770,A
ea5c818d-4777-4ade-b77b-189da4e86081,2021,95017,A
e07baf76-8479-4691-a01e-129b1a786f8b,2021,11452,A
2343d0a8-8b8e-4210-80bd-aac9de44601a,2021,97778,A
0b360dcd-efc3-473b-8f41-a20a2d319149,2021,13401,A
a5df14c1-fcab-4af1-9695-d5ed94e00e55,2021,1300429,A
fa9d9b0a-26e5-4e53-8db3-80753985d4c8,2021,68930,A
746e3fcd-9113-47a5-9abf-9a08f6756dc0,2021,1187671,A
1ae39141-bd8c-4d6b-8e33-1bed4e97e661,2021,19042,A
c40ce27b-704f-4820-9e70-e8afc7a54d76,2021,97443,A
f2de2954-2578-4b35-a605-3af17a9e609d,2021,101942,A
f7466440-3df4-4159-8ac1-c4f86eaebabd,2021,88068,A
478c6164-d464-4854-9dfd-8966579110b1,2021,2209,A
d57cf5bd-d21d-4431-aac4-fe5a544bcfd8,2021,20239,A
92d564f9-6bba-48fc-ad59-3be2eabff481,2021,20933,A
e3d57926-2e15-4b58-a6dd-a13985c0f645,2021,1314243,A
2823d541-5a4e-4b40-8a7a-0653d3867cbe,2021,116770,A
9da87731-c4c6-4406-a184-cd337e18d096,2021,102590,A
fb095bc8-c8c3-4f4a-a8cb-f4b77aa86f45,2021,104360,A
4d1f8de1-dfe4-473c-87b0-804535b55509,2021,18584,A
94a546a1-c7df-48e5-b09a-a7f0b745923f,2021,101942,A
bd695d4f-9af0-42a3-a124-002848939c65,2021,13401,A
e55d3ce0-6349-4b25-932c-c7506c16ab00,2021,1269545,A
5053d9c9-5814-4828-a4fb-a97d5251cc4d,2021,67601,A
b2521d1f-ad1a-4042-8eb3-b7feb50845d5,2021,103062,A
58e00c49-2dc5-4001-9250-43de128a0026,2021,1272079,A
0d4ee230-77a2-4ff5-bbf3-08d1e391da2a,2021,58808,A
b446c46d-35bc-4b96-bbe6-58facfd1d6c7,2021,95175,A
8a17c21a-49d5-42a5-8c10-309bb9d61349,2021,107360,A
2a00c3a4-abd7-4ed5-9caf-ecaa5f5885b5,2021,1047907,A
5ed30168-ff2c-4c52-bcea-dbe6f9416e1b,2021,56172,A
ecb03a0f-d89c-4888-8a1f-ee3f8c86c11e,2021,13595,A
f3b3f485-ea99-46aa-b181-215839cc9bfc,2021,98305,A
8f497c86-28b5-410b-8df7-5812e8a0ef23,2021,20030,A
2f4548ee-9966-4d66-9ae4-57fb73a6c955,2021,5000135,A
688a4822-36e3-40cc-8ddd-04504150fd79,2021,112086,A
2dd7731a-023c-4e57-bd87-b9bb364c3c7b,2021,5000135,A
477a826d-8b43-48ac-8f56-15ebb130ba51,2021,116770,A
4f2149f1-1789-48e1-a51c-ddd9efb19a7c,2021,13277,A
7a000fc3-a6c7-43e9-9ea5-c173e177c915,2021,1190071,A
b22c1d77-3a6d-48e6-b0c9-25869c01381c,2021,1283028,A
0368ba65-0622-45f2-9fce-e047bedd0c79,2021,20239,A
cdd99397-1de3-403e-8a2e-33c5091a7800,2021,11452,A
430bf9f9-c9d6-430c-98c3-71367e5609a6,2021,317,A
5c495ee0-ced6-443a-9c7a-e72e704b3d75,2021,113687,A
e6d0e962-d49d-4810-8b50-df9a5d4c5395,2021,95175,A
6dc04054-1a91-467c-b3fc-13b5878777ef,2021,5000135,A
71e20bbe-2523-4f84-b5be-05470cb55e68,2021,47505,A
249f9ef4-c757-4dec-ab4e-6c675a73bc77,2021,101942,A
1cc7355e-f797-407b-aeac-ea2bf41e748f,2021,108660,A
7a848875-a56d-45ce-a853-b49e314ed7c1,2021,19042,A
14c658d0-70b5-49f7-96b5-04d671e6c7ad,2021,81210,A
1ad5ea94-eff0-461a-a9f4-c43b93129090,2021,106167,A
d1e91742-36d4-430b-bbc0-164242a4a988,2021,1047907,A
42a88fd7-5eb1-4dc0-9544-02b1299d18bf,2021,513,A
57641bb7-b861-4ed2-a261-64f11eeede25,2021,1148708,A
ddcbe1ea-85d2-4e72-9793-1f43bdec779f,2021,47069,A
b14bf6fb-9d0e-41fa-960f-226cd70686f1,2021,13446,A
1d8027fa-3f1d-48d3-9f3e-b9f5e81b90dd,2021,106996,A
26780036-5485-4dc0-8fe4-9f2e59b7eeb1,2021,106167,A
121d08ec-ad71-45c6-845e-1ee422615ebd,2021,22047,A
15632d86-49ea-41dd-ba51-0aa1ecfa1f3d,2021,513,A
8c14674e-de86-4adf-8c3a-effc5f720288,2021,1136142,A
41e477b3-e0ab-4635-9de5-7bc5f5657475,2021,56172,A
56ff22a9-e397-469c-a1a2-bb0bc07ea6c3,2021,95175,A
0d175cdf-6a34-4860-b61f-2f1904c93bc4,2021,18558,A
38d16e0e-eb22-4fff-bbb0-32c8c9cb44e3,2021,1102628,A
2a31b1b2-69d1-42c3-a9b8-649f9376b1e0,2021,1314243,A
5423005d-1dcc-4845-93f5-569ad6e401ba,2021,1272079,A
dab9f6bf-0f5e-401b-84f5-38c7d2eed87b,2021,99820,A
6fb485af-20f3-483c-93b4-daed33aa65a1,2021,9425,A
337d147d-562a-467d-a3d4-bb361154b7ad,2021,513,A
75c977bc-4920-4b0e-b9a3-e834c28f158a,2021,13595,A
9ef7c051-bbdc-4334-a333-0daa4f87f941,2021,101942,A
02dcf7c3-ceee-4706-9f9a-74cecaa6121a,2021,11554,A
02b2e1d7-aef9-4c59-83ad-375a54670940,2021,118420,A
e1ff049a-da78-4a0c-a2f1-1391107feffc,2021,98013,A
c2b9ecba-ff86-412c-94cb-70b07b323ab4,2021,62484,A
bc6bd516-e753-4af3-a7dd-7b398cff0a15,2021,95175,A
46122bce-c528-4432-af69-9e078b856af4,2021,116770,A
5a60d56b-12d2-4c81-b4a8-534f3f872acf,2021,50082,A
053bff6f-8b86-47c6-bb62-e5db040954b9,2021,106167,A
431c8f69-6454-4b43-973e-a093b46b46f3,2021,101830,A
83f3ca93-bf04-4c5d-b5e4-d4e3d3b5cf41,2021,1306689,A
da73bcfb-0466-4b0a-a1c1-3572e6d5778b,2021,1187671,A
dba90f78-ef1e-4caf-93c9-078973e5682d,2021,95017,A
813139e4-99d6-4cbc-85f2-136eb2689657,2021,1132918,A
3e84bce7-8896-4180-944f-c43fa2102b6e,2021,106996,A
288984c8-249c-4b47-96dd-a05af823c085,2021,1118057,A
9af03a2d-3e9a-4b5c-9da8-1b5ac4c5f9d4,2021,101942,A
aac07979-7272-401f-aabb-59f09245c5eb,2021,1283028,A
4e1a58ff-0492-4bd3-9700-b699d0b51c4d,2021,18671,A
1288ee0f-fa06-43e2-b4be-d002901f056e,2021,20933,A
537e9fdc-45b5-4b8d-8f09-be298c5af44b,2021,1118057,A
416bd5d2-be0b-44de-98cd-29e897022d81,2021,1379275,A
99a8b088-69a7-467c-a2ba-edfa05efc469,2021,95175,A
8871bb7d-d318-44a9-bb90-9592ed2480d7,2021,97778,A
2652de72-bad9-4855-b980-0dcce08c009f,2021,86326,A
8e17c0c3-80ed-4cf5-a792-c76e261840fc,2021,22047,A
29830de1-ea1b-4351-bb7a-7b606bc11d3f,2021,5000135,A
d6ae48e8-ccb7-4042-b62a-247ba132e7c8,2021,107360,A
263e9c47-ad5b-42f0-9002-4e4e8d83d6e6,2021,12313,A
35e50ac2-84dd-4cb8-a950-f7df1ada0d8b,2021,1101244,A
1bff3d3b-4117-499e-8430-586d2d034c56,2021,62484,A
37ffd351-581a-47ee-a8ee-d729843d3f8c,2021,99820,A
3645804c-959f-4a4b-a133-692694248901,2021,94762,A
2d9f8d99-47bd-472f-b78c-c6b003eee2f5,2021,106167,A
ae66f560-f8cf-401e-afe4-f65a36c5ebf4,2021,94762,A
18110f76-c3bb-4402-b059-1cc264cbbf18,2021,13277,A
dd6df965-063f-4292-bdec-900136569fc0,2021,1203177,A
49324338-35de-42e8-aa04-6a4fb1a70608,2021,1190071,A
8e9d38f5-c4d5-40b0-be69-38e7a514253e,2021,1136142,A
15d0e8b6-7a6c-47fc-8134-8ab447ea43b6,2021,1136142,A
46ce99c3-eccb-4c68-9cca-3562c36f4b1e,2021,13980,A
7a0caced-dae3-4082-adcf-dae18488e13b,2021,18584,A
62062246-8076-485c-bc13-cb2ba6f47093,2021,18584,A
64cf89b6-3f08-4520-9bee-5d35fa1cc4c0,2021,18584,A
20c24811-b8af-4520-87d2-c31a0761b442,2021,102590,A
ecd6bd3c-4000-4342-86d8-1997530dc92f,2021,102590,A
0b80aab3-8b59-4663-96ae-6f853844fb5c,2021,102590,A
b15e90ae-b3a5-4971-afd0-19a96672cde5,2021,102590,A
e7522939-dbcb-4193-af0d-81532ac707c0,2021,1113582,A
b7665769-670a-4020-be79-5682137f7759,2021,1113582,A
3a9ef8f1-0eac-40bc-ad93-c6a8ccc83381,2021,1113582,A
110097ac-d7a3-4a6a-90d8-0c56dcf54c88,2021,1113582,A
eaedec40-ea77-4dcb-89a6-6176c35f125b,2021,1113582,A
c284c16f-466d-469a-98e9-980a3d503344,2021,1113582,A
4bee9a41-3de1-4f9c-a548-f97def8c467e,2021,1113582,A
8730164d-60cc-4fc3-ac95-a50fef70c289,2021,1113582,A
3e32a955-0f7e-4e9a-98dd-d3481b812092,2021,18559,A
72536070-a483-48d9-85ad-bf0d716f86db,2021,18559,A
1bbc442d-50ee-46b0-9c61-bb25cf0c7424,2021,1113582,A
936a4435-1965-4aa8-96a7-efcbaee68e56,2021,1113582,A
23e91aa9-33cc-4f54-9a35-156c1e42acb0,2021,1113582,A
fe88623e-5233-4335-8a68-da8abd71165d,2021,513,A
19006193-fd0a-4fb4-bde1-fa3f690d58f9,2021,513,A
1d789690-52d9-4d5d-b6a7-e90225b07908,2021,1113582,A
7c3b172d-6a20-42aa-bf59-4fd7be6bcb1c,2021,1113582,A
2341ac8e-8e65-449c-9aed-69176b117f1f,2021,1113582,A
e3a815ab-a010-4252-8043-5648108daad2,2021,1113582,A
db8e6683-1b4b-443a-915f-89c875f13779,2021,1113582,A
7f5fea9d-40fa-4bc9-9729-6d9599ee15bb,2021,1113582,A
18fc2839-1011-499b-bafa-df23c249c655,2021,99820,A
978c0fda-e9c4-4e9a-9637-082ac1124f01,2021,99820,A
b6868933-bd8f-4077-af27-3f5c8e24efd8,2021,1113582,A
6f51d48a-7fd8-440a-aaef-905e4587e832,2021,101942,A
06f28289-feb0-4ea2-a1b9-d7aecae54b97,2021,101942,A
1c080461-94cf-4ad4-92d2-f6be741935ac,2021,112086,A
ee7f6fd0-8810-4196-8051-f74e2c8366cf,2021,86318,A
98148b00-d892-481d-ae8f-faa8869c60f5,2021,86318,A
fa74ebf9-d392-4f8f-af64-31789eaa22fd,2021,86318,A
de9b63d8-dc25-45ee-b5d8-0c0d17ee111f,2021,86318,A
2440f1ce-88d8-4949-aa29-92420b2e2e02,2021,5000143,A
6591021f-65a6-4998-8e0c-98eb792e05d4,2021,1113582,A
18956f55-07b6-4a31-b112-50c37b5632ec,2021,86318,A
504b95ce-bc00-4272-aefd-e28b3ce1ffeb,2021,86318,A
bbf856cb-11cb-4e3d-a1ff-9949a3e70ba2,2021,86318,A
a0f8b394-8329-4861-9ba1-87c403a6fd5b,2021,86318,A
03d83955-3aeb-470a-9420-397e3e2873a9,2021,86318,A
790aa630-72b8-4444-ad15-9f9591c74490,2021,86318,A
c966927d-739e-4539-bd50-ee948fae2223,2021,11554,A
40b941bb-0463-4c07-afb7-33ee9df1edcc,2021,98305,A
60ec377e-35c2-490a-bc93-bd038ef21954,2021,13401,A
1e791b5b-5b85-4574-bdc8-24019f337516,2021,73898,A
43987f40-d333-4ce4-a47e-fd98b22bf530,2021,67601,A
160c3f51-14f6-4ae2-b069-a315d026a4e1,2021,1351760,A
506417bc-4ab9-4b96-9b54-65955e09ed5f,2021,1351760,A
4f6651fe-b827-4c1d-9c23-83be304a4550,2021,1351760,A
59b7ed2a-9e25-4050-95e9-dc8b5cb60645,2021,47051,A
e47bbff2-9fad-464d-aea4-1023abc8e44f,2021,37862,A
d688dd3b-1a75-4188-a21e-199e7349a674,2021,1265453,A
00bbeed3-37fd-418b-b62a-70a8cb2767b5,2021,1265453,A
8bea7b46-007a-4628-ba06-b34cffdd1b27,2021,1265453,A
89fe577b-75db-4b0e-ad77-16c6fb2d1c09,2021,41238,A
37f3268e-7fff-4b7d-bb43-afaab2e9976e,2021,13446,A
dfe4efc9-95c3-438c-8131-b6addf56db24,2021,1148708,A
94da1e6b-a390-4880-b935-e159ddcfbbe7,2021,1148708,A
5b5bff28-baea-45dc-8740-c00f75eec88f,2021,1180773,A
4bd5f2c3-4708-4d32-b764-172b7c10715a,2021,1180773,A
7d7fa8a2-369c-490e-95e8-7615ddc01f96,2021,9440,A
db39b6d9-d0dd-4e49-868d-343ab1a4ed60,2021,1180773,A
49fdf201-ec77-4872-9bc9-253ee0036578,2021,1180773,A
a06738d2-e076-4389-911f-80143f74fe52,2021,1180773,A
5891e323-74d1-40ec-a5c9-a10de36e4753,2021,1180773,A
a535c104-cf4b-4799-8506-311a365e0b24,2021,1180773,A
f5d878fe-6d71-4121-9d8a-adf5a0f4e3ce,2021,1180773,A
57062725-423e-4751-8ac3-70778f7a76e8,2021,1180773,A
10b6150a-39c6-45da-9b95-dd4fc9094c1d,2021,19047,A
6cf0c590-7a65-4188-af01-f599e3127661,2021,1376181,A
c28670b1-2838-4f21-86d0-5d624701ed48,2021,1180773,A
84342cb1-fa99-4542-8f96-b1cd8b323e6d,2021,1180773,A
17fb6fc3-9293-4a92-a9c7-b956f7e3b1b9,2021,1180773,A
064a0471-39c7-4139-8c90-ecc72c3e93b5,2021,1180773,A
af15888e-beba-4145-9214-53b29a427ae7,2021,1180773,A
0bba2c07-48af-4753-ae56-be866f0e4ca2,2021,1180773,A
8ce4ecb9-f663-416f-ad0a-6e41c451999b,2021,1180773,A
9d70c5d4-e6b0-47dc-978f-68e42d507ef9,2021,1180773,A
5107379d-6e10-4028-9821-4607e2140a44,2021,1180773,A
0cfdcc11-9086-43d7-b5e7-ac51843dcb92,2021,73898,A
7f41416b-7abc-4b23-a426-c8187b012bea,2021,73898,A
242b0e08-77a0-4d27-a134-c104ff044a6b,2021,73898,A
f269cc54-f7c3-4a7c-bd82-8289d279f88c,2021,73898,A
0b5a553d-b29c-4ffc-b56f-c8c8befcecbd,2021,1288839,A
1a6ecc9a-5d72-4776-a3ee-6540eebb1301,2021,37862,A
c41cd6cb-8041-481d-a36e-d64b9dac9243,2021,13401,A
cbaf07b8-acc6-4c69-821a-be4872a2aaea,2021,113455,A
85cd78e9-3134-40a5-a4c1-7c42d0019bf2,2021,1110857,A
f5e996a6-3736-42bc-970c-0e264429694f,2021,1110857,A
1f78ab02-63a7-49ea-a965-e409e61ef6ca,2021,1110857,A
ea2ce8fc-50ea-4e86-af4b-c124d395ac6a,2021,1110857,A
26e1bf74-0c49-413a-a1e8-918b169cdad3,2021,1110857,A
32170526-6a2f-4912-be66-4ebdbd82e585,2021,1270680,A
e5e26ed4-ede7-4441-894c-a7b7586e3fb8,2021,94762,A
50240a55-f87b-40d7-bbad-c75083aad57f,2021,53342,A
20e5d61a-a09f-4fca-a2a2-a6e99185c0a6,2021,1270680,A
aaedf605-117a-4b74-9877-218a3f68785d,2021,1270680,A
d5b570f9-0513-47ac-9b20-a2899886bcb7,2021,1270680,A
968b7ef2-26d5-4f8a-9a04-19afd781e11f,2021,20009,A
a8cce4fa-f5d1-4886-8e11-310c730a87fa,2021,1270680,A
6290a5e7-7ea0-4b16-8a8a-a441cfc37b3a,2021,1270680,A
75786440-fde7-4736-8a73-384110c1c73f,2021,12025,A
906ee99c-ad06-42c5-b22e-0396df7f3fbf,2021,107422,A
2903c5e3-506d-42de-84a0-79787c101f2c,2021,1204325,A
39a3881c-99df-42bb-8ad5-47f7cad50ddd,2021,1204325,A
c27cda5f-f7ce-4615-bd27-b1a46c5f2fc8,2021,18250,A
ae9132db-280a-40d7-b32c-0d14f506dcfb,2021,18250,A
eb039e1f-cefe-47d5-bf2f-579973a18723,2021,1042278,A
2c336cca-e41f-427b-b973-53e4d7662e73,2021,1042278,A
9d56ce84-838e-4ec3-905f-286f4877b1fb,2021,22047,A
907d6701-035c-46d9-84ef-af662bd2679b,2021,48205,A
7364bcfb-3895-43d8-8975-a48a46379658,2021,117532,A
fd1ccba3-c63f-433e-89de-b960c68fe38a,2021,117532,A
0fe6ccf3-c819-44ff-9e30-c23872129592,2021,106996,A
a6b6436d-c4c0-4eb3-b526-339162abd4c8,2021,58808,A
2503e749-6fcd-4856-a064-5ac51a4dd53c,2021,58808,A
05c90f79-faca-4545-aac0-e02ec8abd90c,2021,95175,A
283db9f1-461a-4e3b-8242-4cc113d55c52,2021,99820,A
35a44408-d92b-4aca-8e9b-3f0ff0de7d80,2021,99820,A
8b1b30bb-2ea5-40f4-8f1c-0e576f144f84,2021,20009,A
645ce5bc-beb7-4147-b073-562a91b38b7d,2021,20009,A
52fe56ce-aead-4dd2-9e0c-63428476c55a,2021,101942,A
0751f374-385c-4104-8b59-7fc1541283c3,2021,106996,A
f3a10720-c0b8-46fc-9551-306ecbf78367,2021,1270680,A
49c253a1-35be-40bf-8989-cea87815c7c3,2021,1270680,A
50a2de3b-5dc3-406e-a629-08ba003c7cc0,2021,1270680,A
f5953e81-4f21-4df4-bf32-a3839f7c27b2,2021,20756,A
964de5cc-2392-4f4c-a213-2f11b851c2f2,2021,20756,A
a5490e49-a7b8-4999-abae-c0da4b3463ca,2021,12025,A
485eeb36-4de8-41d3-83c7-a7d3a452e2ef,2021,98595,A
80282b6d-4ba1-4be3-92a0-bcfc92713248,2021,12025,A
c160dc0e-dd1c-462f-ab63-49c3d3f2ea2c,2021,12025,A
d81d9d06-6d20-434c-9c07-ba33d937a68f,2021,20239,A
acc69c5b-e1ce-432f-865c-626721da712f,2021,20239,A
f2c84947-32b6-4d5b-99a5-3273ce977d93,2021,20239,A
417bcee8-e2a8-4b25-a6fd-2a7a8a7a719b,2021,20239,A
c15de8ac-e883-40e5-8d19-632cc9dfbb13,2021,20239,A
df284c5d-000a-4d7e-bced-18ab3c439677,2021,1101244,A
4b324b4e-df5a-410d-ba21-ca232f5b71b8,2021,12025,A
6530e957-b32b-4fb2-8e46-9a0f2f7eaa11,2021,1270680,A
c384d56f-09a7-4b3c-9df5-e842339e71e4,2021,1270680,A
07a2dd52-0628-4da5-9cf3-3de4deb15f1f,2021,60886,A
876ba350-3e84-4f5e-a5c3-a0efb8256202,2021,60886,A
1be43939-73b1-41b0-b84c-570551949436,2021,116770,A
0cb1dd36-fc97-4c70-8ec0-24b9d60524cb,2021,116770,A
eb6b54fa-ef8d-4bca-b5e8-d7bf9df7a16d,2021,1270680,A
39e25b72-35f8-4041-a65d-fb80d5c8edf8,2021,1270680,A
d342fc43-1843-4c09-807b-403d5dcbc51e,2021,1270680,A
cb9fb5e9-b5c1-4b5c-8750-f3f7cf7e3431,2021,1270680,A
de4bbe80-9c17-410f-8ab1-37f42160a9ee,2021,1181115,A
5e904aec-81a0-4975-8792-ae4b89e93adb,2021,5000951,A
5f42833d-e782-4bec-9de0-27661062b1f8,2021,5000951,A
bbd765e0-7210-4346-b3d5-99d86dd8d270,2021,5000951,A
79b99469-2065-4386-bbb5-6023c8dcfd41,2021,1181115,A
eadc3a37-2476-4b44-9683-e83c7dcea7c1,2021,1181115,A
6576f49f-e89a-4831-a13d-07561fa2d0bb,2021,113813,A
2a763d0d-9b60-4251-a6e6-d3e7e319eb30,2021,107920,A
11eb255d-8604-4e29-a4dd-83122db32fea,2021,107920,A
ac199d7d-dcb6-4df0-aa05-0d490193b4dc,2021,1300284,A
1456a4cd-f8ee-4ff2-8936-e737deef1a73,2021,1376181,A
02777837-24db-486b-ac02-8112f26a94c5,2021,2209,A
2053fb69-4091-449e-8553-8f3e1bdcd104,2021,94762,A
d25cebfd-71a7-46a0-8a6f-4c75f7db07cc,2021,1042278,A
bd32f5df-d5c6-47c1-9c8d-0248d0c3ed84,2021,1042278,A
3609e5a0-ce1d-4d3e-b19f-f864f3397ae2,2021,18267,A
d3cae64f-3f49-40dc-ae33-2783a3ebf135,2021,1161716,A
ebd25b4b-ec1f-4442-9dec-626239f35c69,2021,9425,A
a495449e-b16b-4c86-befb-0ee416ce880c,2021,90030,A
1cfdde48-e408-468a-a7d9-5cf8fc015967,2021,317,A
20e5f182-8ba0-4397-a3e0-6b65c053dcb3,2021,18683,A
4af404d0-c7d3-40ae-ab0e-f14b8d175a48,2021,50082,A
d80fc363-0066-4bcc-a8c8-c782bb1cfaac,2021,20009,A
7936e54d-789c-44ce-9b69-800d35fb7eb5,2021,117532,A
310bd78b-c66d-48d2-a614-06807060c894,2021,108660,A
0f06b77c-b88a-4f26-b3f0-55c5165f18fd,2021,108660,A
c1cde08b-65ca-4cf3-97ae-f3fc47a4b07b,2021,108660,A
cd4f7941-54ce-481a-bf28-eb4304d0b620,2021,108660,A
308205a4-ff36-47ed-98a6-4358b4dbc7d5,2021,108660,A
1b674e35-d4f6-44d6-b7c2-7ae26e108fd8,2021,9425,A
562fa97c-de4f-4202-a0bb-9094bcbc9d2e,2021,114616,B
385daa26-1dd0-480c-8490-a79e3fe590e7,2021,108660,B
f8c177f7-6ae5-407f-80cd-d098d88bc412,2021,1322390,B
fc811136-582c-440b-8c96-7d73a1437cca,2021,101942,B
55f8d259-25ce-49ce-b649-785e13a984b3,2021,20756,B
dd80450c-8f99-4485-88e3-00c1f0bd888b,2021,1376181,B
4866da05-b5d5-4c07-a139-e414cfda0c19,2021,106996,B
4f8fc709-2679-4b73-a74c-ccd6991f25cd,2021,106996,B
27ae38bf-e293-4222-89f8-fb0c6286b3c9,2021,1181115,B
7700800a-f7a4-4eba-8311-850f23e1e4f4,2021,113687,B
b9f53bba-fb88-4d8a-adc8-cf0011f053dd,2021,1314243,B
831c30a2-a648-4c2f-8bf6-c98d24263321,2021,94762,B
63279d17-ecaf-4724-aaad-91f90e1912bd,2021,101942,B
ee0a8eb6-1914-4db1-b962-ad8b93808657,2021,88084,B
609e04d8-a123-4dc1-baf2-c20abaafec78,2021,18683,B
7b32b2b5-a480-4dba-bd3d-35294bd19a50,2021,101942,B
749e012e-799e-4bb9-81f6-bf68bc4ecf0c,2021,1265453,B
144ef81c-34c5-411f-a71d-447cd2d68eee,2021,88084,B
899b6067-ebc6-4e67-a972-b0211c264626,2021,19047,B
3b808d7d-6a42-4585-8545-6463c6dd1892,2021,108660,B
436664b7-665d-486f-99bc-253a37cbb5d3,2021,114616,B
0994fc8a-f6b7-4ab7-a0cb-d19fd9f09f98,2021,41238,B
2c9b9440-a580-4dd1-a5e3-97b4429b784a,2021,1322390,B
11aceb20-7deb-4bda-ac2b-0b10df5503b5,2021,19047,B
e0fc16bd-43af-46cd-8d3b-9e3b550a4801,2021,20030,B
608f08f4-93a0-415f-a03a-b7535691ea0f,2021,58808,B
292bed74-d75d-44a7-8757-ef7e8348afa3,2021,1181115,B
8ff18388-cee2-419f-a944-14336ef06d8d,2021,118994,B
8773b978-ea80-46c8-9754-cdbe4ac46eec,2021,1136142,B
a861eb66-7f66-4713-b490-cb69e2685006,2021,1190071,B
077ef307-f1dc-499f-b941-c38d418a4d73,2021,18671,B
84746ef9-9f68-414c-8bd6-0bbfbfa486ac,2021,2209,B
7bd4bcd4-d281-49d5-8391-16cca3391442,2021,43664,B
a9a05365-7d0a-4fc1-b4c2-0b55ec27e3ba,2021,118994,B
83323e02-9320-447a-9b64-5be564f9f15c,2021,118994,B
8289dd34-78b2-41b6-84ab-68331f2de685,2021,58808,B
9fb03489-20a0-4740-91e5-8a8e5547a2f3,2021,48205,B
939fbc8a-d0b2-4fef-a403-388eea8de4a2,2021,37862,B
410faa2d-4958-4031-a31e-372b33122c23,2021,1108692,B
1815950f-8a03-4ee1-83b3-cdd8b45f1c0d,2021,1300284,B
88fec299-c765-4ce9-8e27-4dab6f535e6b,2021,47505,B
71b7bb83-d4cb-4684-96a8-33c11a5e0035,2021,97443,B
a733f233-58df-45e3-b0c5-e6d532903429,2021,108660,B
e8e3054e-1951-45e2-85ac-1ca27b0f03f0,2021,95175,B
776de1b8-57d3-4335-976d-ebc77daded82,2021,1300284,B
475fe7b0-a0d6-4fed-9e28-0815fce1dc9e,2021,37862,B
adc4cad6-7512-450e-8153-02add76c2ed3,2021,1322390,B
c82a5272-fe17-4902-94dd-68e8987cba8a,2021,106167,B
4f926f8f-bf69-433e-b1b6-3847b2b764a7,2021,18558,B
ccda5ce2-1cc2-43c5-b038-c6bd9a6de762,2021,48205,B
20975a03-ed35-4875-aec5-b63c285dc070,2021,1181115,B
0cf6fba1-171f-4e06-b7c7-91ef5551c9cd,2021,1351760,B
63dc2d53-4f88-4766-8302-19b0948ddb4e,2021,98764,B
d283fae3-73b5-4083-a9c3-85c9d9a379dc,2021,114616,B
cbbedf44-c5bf-4ea3-9c78-e32030a47123,2021,1117717,B
900614b8-fb41-400d-9a76-812b1b5dfc2e,2021,18903,B
355b9ef3-e008-4d28-a8f9-74145e13c6a9,2021,1132918,B
939d7d75-1cd6-42e8-9e7e-39f2cf3c43a2,2021,37862,B
c1bea35c-56a1-42df-b0db-fcfe611b14d9,2021,1322390,B
a0ee7c32-d761-48eb-b098-5b7fcf990e5f,2021,98957,B
a054a8bf-de1b-4f98-b9a7-b94656dda8a6,2021,106996,B
0402dbb8-5bc0-497b-b1da-38f1b061eb81,2021,48205,B
22d825c6-aeb0-4d91-8ef5-22b455a10f2c,2021,113813,B
ab628758-9096-433f-858b-9d7385460125,2021,106996,B
57b715fd-67d0-4881-85be-2fa45ce5c801,2021,18584,B
7f9ac8dd-027f-4f92-9b76-97460ebfe753,2021,48205,B
69bdea63-2b0e-44b2-a5d7-37d521253f5f,2021,1270596,B
d10137d8-e7de-4cde-a2f5-6a287541e8d9,2021,106996,B
398e3100-56d0-4ee0-8f4d-a3bdbbfc1352,2021,98957,B
e2f7e6d3-23c2-48c7-ba0d-9d4ada254a22,2021,106996,B
1e3063c5-9c32-4dce-b04e-d8f16b8e708a,2021,108660,B
71eb4ad4-a490-4dc0-be59-77cf5fae52ec,2021,101942,B
36abc36c-f970-4cbb-b287-1106f522e782,2021,37862,B
69fff7f4-5807-4245-9341-7da7e1ca995f,2021,48205,B
ce99552d-e54f-4bd8-8a94-59dfeb3a6a36,2021,18671,B
5b02b5a1-8dab-43b1-89f6-21d309b0b70d,2021,1403879,B
4b363040-0cbd-4698-8238-22479879606a,2021,40343,B
ebe45ce7-0b9f-4cb9-8926-38f756813738,2021,18584,B
1c579147-b66d-4c88-9155-01c93bb605a7,2021,1403879,B
909a1b86-a4a7-43fe-8856-c245108f127b,2021,95175,B
aba08c9f-d5f6-413c-8198-9cac4a375455,2021,106996,B
132ed6f9-6011-49e9-9045-92e3d67c2af1,2021,37862,B
5cb2c15a-d407-48b2-b674-10a295ac72fb,2021,107422,B
118cf4c0-f086-4eb5-91b9-490d2e8eb7ec,2021,106996,B
d682e36a-a72b-42e5-b464-7f42d6ce743c,2021,1322390,B
b7aac523-71ac-4747-949a-931b662cf428,2021,13980,B
337f104c-e493-497d-a055-ecfc2554f88f,2021,106996,B
e7ba147e-3a0e-4d03-80e6-df3498252609,2021,1203177,B
8918a610-beb7-44f5-aae0-9ae3533a5a5b,2021,106996,B
137e7d00-7bde-4ea3-ba83-bf38d48e955e,2021,1117717,B
c74de599-5bc0-4ce7-9db3-662fbbd0b494,2021,106996,B
3c3bd139-be3f-4962-8058-495179daacdc,2021,18584,B
fb2bad6d-07d9-4e18-9e83-c92cd80c5991,2021,98305,B
6e26da92-21ee-4c51-b382-0d2e995735e5,2021,1070485,B
1156b211-7ff1-4028-b306-c5ca82e4a870,2021,50981,B
7ae83c76-cc52-45c3-b3fb-0f0fa6c61c5d,2021,58808,B
5c9a864e-d92f-42ff-9f79-46f0912bf7e7,2021,118994,B
0270418e-302b-4611-9687-d9051bad60f6,2021,1204325,B
420dcfea-17ec-4758-af7e-0bccd6287cbf,2021,74737,B
a6653e23-0cf5-42fc-a19a-4870cf7a5b5f,2021,37862,B
1b078e85-a501-437a-b6da-daa785f212c1,2021,1265453,B
8007acb4-a5a7-4178-b5fc-cf3322f1b253,2021,95175,B
a2dfc173-9a07-48de-84b8-3117ca0f3e2d,2021,13980,B
6d6be89c-1f8f-4cf6-9dda-858c1dc8d013,2021,1322390,B
1216f450-07dc-496b-82e2-8e983a19fe76,2021,113687,B
3894e3b1-854d-45b4-8075-0706c188a961,2021,108660,B
447b1945-7593-40c6-9e28-65e3ec49097e,2021,20030,B
0d5a5e74-8a29-437b-8a5e-3ba426e0e62d,2021,67092,B
5a19dedd-7b96-438a-b4d0-6df0ea61b2e3,2021,114616,B
8b6abdc1-3887-4557-8420-c20632289f8a,2021,58808,B
97c97ae7-1c21-40c8-b49b-2e55ff3d7ec1,2021,58808,B
2450a99b-3dd3-4c5e-891c-25a89150b727,2021,108660,B
06330333-ccd5-41b8-bbeb-4b7a64369eb3,2021,46377,B
569f45ac-bd00-4575-aa2b-bd6ad44da97d,2021,11452,B
6450e95f-a5df-4f16-870c-69d1ffc62f10,2021,18584,B
2f9fd828-569f-49cd-bfa3-38fcd352c974,2021,1148708,B
cc96096c-5215-4521-85a0-b5cfe2ce1749,2021,1190071,B
3a86127e-8f7a-4ead-a150-faa1c00835fb,2021,1269545,B
c22fcca3-f2cb-4964-bbae-c76d7b140e76,2021,18903,B
6455c2b2-808c-4b4d-b8df-00a1f6cb85c4,2021,48675,B
6029daf6-d636-46c1-a5a5-5828b62efdf4,2021,101942,B
7d0d232c-9353-4382-a223-5845526ac58e,2021,20933,B
12b4596b-1bda-40c6-a11c-7fefebc635a6,2021,48205,B
23a178ce-3d1d-4f19-84f9-1298292a0dfe,2021,43664,B
6b76ac45-e023-4fa3-bdc9-0175ac03d5e3,2021,9414,B
b3a193d8-1900-478b-94a1-fddd3fe0d827,2021,94762,B
54cbee26-d74d-4d7b-9f1c-90627699eb92,2021,1322390,B
08d6dbfa-6fdf-45ee-88d9-9ee4aaeba9d7,2021,49071,B
0e5d9886-f2c0-4fa0-acb1-e329a1226d09,2021,18584,B
c5d918ee-a99c-48d9-b7fc-aed6cddab0c7,2021,50981,B
1dc445ce-c21b-410d-ad54-023aa79abfb9,2021,107920,B
d521fd69-3ead-4ecb-9eca-464c2fdb9d66,2021,104360,B
2fb4a703-cf8c-430f-bc4c-1abbc4fa3357,2021,43664,B
1486fa2f-92b2-4c26-bb56-b9fa34ddac2a,2021,48205,B
b0a2cb27-2a0b-4b2b-a249-11c911bc6bbd,2021,49071,B
85733ec3-6057-4df3-898a-b56f61621205,2021,1181115,B
dd695d33-b0e4-43d1-9b83-cffbf33b7003,2021,1322390,B
999f4e85-bc31-4383-9163-6e46b9a56daa,2021,55402,B
0be8c4de-f2ed-4772-9a36-43c36c325bec,2021,94762,B
afdfb06a-e8d5-4bd2-8bd7-aae68be382e9,2021,48205,B
a965624e-2a00-4a2b-9ac4-1409fef38ac4,2021,1376181,B
68cb1f69-c3b9-4139-851d-2c7dbfd2bd0b,2021,58808,B
63d201cb-315c-45d7-8c84-48d5514ff333,2021,11452,B
69ffc75c-1400-4fc8-b5a8-e15d449c13a3,2021,112086,B
e6a4c0d4-cdf5-4615-9ae9-0a7871b28414,2021,1300284,B
4f349ca9-69af-4908-b88c-d56d86ce6756,2021,1322390,B
85f3e1d1-fd48-4128-a938-e58eb58d3ca4,2021,53333,B
194f0cf2-b437-4312-aeae-48b55a54cf37,2021,11730,B
75892daf-419b-472b-ba5e-435cb3e4fa62,2021,22047,B
0501d320-370d-47a7-a4eb-35f7a8464824,2021,104360,B
c4b81b72-2ae2-4ad1-a152-3c06073e03e1,2021,19042,B
1ed5bec3-01c0-403c-9296-7013157de469,2021,118994,B
1b8f11fd-dec9-4422-9586-ddd67ad9faa3,2021,1181327,B
41a96b68-b3b2-4dc2-91da-900ec01709ed,2021,107422,B
c7b41d21-70a1-4cd7-b789-7c09ea809c4d,2021,22047,B
4911d334-a274-4208-a606-e366dbbb6f2b,2021,1300429,B
d422b111-9560-44d1-bdbb-ba8f6f7e9abe,2021,106996,B
3cf15eb7-f3c3-462b-b7cd-764e551f2464,2021,107920,B
d1fff3a7-14dc-44a6-9ed4-982f2274d36a,2021,49054,B
6cc0869d-55fa-4f57-8cea-0cd8ceff2f07,2021,98957,B
865ffac5-9baf-4ca0-b0a2-96ae71c9ddd7,2021,1288839,B
5e5cb3af-b98d-4283-a277-1e86faa3b2aa,2021,64664,B
ac25cf38-6deb-4964-9c68-0faf931eaf4f,2021,88084,B
0bb7f2b6-23d1-4671-8d48-6c32deed13c7,2021,101942,B
325188d5-002b-4104-a621-0b9594687037,2021,19047,B
e173031b-15ab-435d-8e56-bdc3882abb36,2021,94762,B
5e11cd3b-abe1-4ae0-956a-ddc8c4971bb8,2021,106996,B
df9e2d0e-54f2-43a4-b150-32f8b038486a,2021,106996,B
ae7b8cf1-5e1e-4ce4-8f62-2ff7a2738c21,2021,11730,B
f298fac2-b671-4871-a1da-a4d8eabe727c,2021,13446,B
c5f2270b-860a-4845-8972-fdaea88f83c5,2021,107422,B
a135f06c-c244-4363-a3ac-26cbe5f72c51,2021,20030,B
a2349bd0-f5d0-4aa1-87e2-0e464733d355,2021,20030,B
286cb7eb-00cb-4a9f-a7b6-6d00c2ab4c4a,2021,1322390,B
0ef89d4c-96dc-46cb-9e56-ba42a8bc212e,2021,2209,B
3b510803-ce7d-435f-87b1-2bf10d4e2404,2021,9425,B
4daea9c6-7069-49e9-b1ad-104a95bc0f44,2021,1101244,B
24a5dcb3-cfc1-4f55-aa3f-1a89e4f7eee0,2021,1267543,B
fa44b1e2-99da-4fd9-938e-9482b2fedf56,2021,88084,B
1a1c9341-a11c-48d4-85e0-04ac6b362a23,2021,98764,B
d6047716-14ee-4f61-97d9-618c43a56d96,2021,108660,B
4e3b2e3d-0425-40c5-905b-eedbb5984db6,2021,88084,B
2978d6e5-cc0a-474d-95cc-1cf68bfd78da,2021,118994,B
2e6ba690-e405-46ee-88a0-b48353a4ae13,2021,97443,B
b9953ca2-cc12-447b-9a32-4f7a43a2cda6,2021,1306689,B
9537a182-aba0-4f6a-b65e-1b55bb6a4d8a,2021,1427745,B
e1d84cac-08c8-461c-a591-c593c5e5a261,2021,101942,B
5ed7e4d0-ea81-4704-adf7-7cf13610f922,2021,108660,B
68acd66b-1623-40ba-ab2e-20b767c19126,2021,101942,B
d3c626a2-7b2e-4419-a70c-35e2c939e277,2021,1376181,B
06bb3252-e432-4d8e-a8fd-41726f1ea2fa,2021,1117717,B
34a20647-9f02-472c-a7c0-a381789477cd,2021,18671,B
bd9c039a-d9d2-49b2-8251-740490b9db3e,2021,1322390,B
4459ccf1-0206-4f75-91ea-551ef2055ea1,2021,1322390,B
c4b7497c-d528-4e1b-9f7e-cca1c75d1317,2021,43664,B
afff4bd4-b14f-4e27-a053-2c7513690338,2021,1190071,B
f8d75749-343a-45b7-b892-3fd57652e04e,2021,90030,B
ac1dfac7-37ea-419d-bee5-628e681acf54,2021,1265453,B
b79f95ee-79bb-4d31-b83b-ff078bbecab3,2021,48205,B
0b6cbc3b-1388-4532-87d6-265e98a7cd49,2021,88084,B
89f090a0-9ce3-452f-8a88-80e829ba9619,2021,1403879,B
43080339-1e54-4dde-8b09-852390a02f79,2021,94762,B
b08c69c6-b5c6-4056-888b-0203839af4ac,2021,101942,B
a5c4ad41-824c-4d5e-91a7-e178ac87e000,2021,9425,B
79708321-239d-40ae-bc44-81effdccb142,2021,106996,B
a9679741-67a9-4497-a90e-9a2084d8482e,2021,1181115,B
b5c3c3ec-6262-4e68-aab2-1b4b54a69d77,2021,43664,B
6df82c92-0d42-4031-9985-6749943b018a,2021,37862,B
fd56a6f8-c458-4c73-966c-9a20643f308d,2021,88084,B
199873a1-4595-4d57-8a2f-0c9e28ad328d,2021,88084,B
2d594b44-b333-4f04-8e77-84f1a0ebee5a,2021,1322118,B
263d1883-44b1-4f62-af0a-7502699ebb6c,2021,968,B
d5d5a6c8-9504-4922-970b-d3d68fb5a58d,2021,41238,B
b2e2f804-9ea8-46f1-b3c9-ddb0b0452d3b,2021,20239,B
66297ce4-ef22-4fcb-85a3-af6204a9bf9c,2021,1181115,B
d6658f71-b9d5-4185-850b-0c473d33861c,2021,22061,B
dff3b306-764e-47b3-81d1-ef0e0a9ba861,2021,5000143,B
ff8115d4-cd2b-4010-af51-57a7daf72491,2021,43664,B
29e40b44-4e84-4ae0-a619-7b5823afd9d5,2021,108660,B
8be56843-5b30-4fd1-86a9-e3b3ea843a3e,2021,1190071,B
ba7b2cfc-9230-443f-99a2-fda8d265cfea,2021,19047,B
41592a3e-9ad1-4072-a825-987c4c733fc8,2021,11730,B
3eb3e7f0-752c-4599-b74d-e6db657875d3,2021,41238,B
2ea0b8aa-71a3-4553-a089-a685798256e9,2021,1070485,B
05611f6f-86b6-44bd-8c29-a68f73ab8ee4,2021,1190071,B
debb1ea4-13c1-464e-a22e-9b691e8b3c4d,2021,1376131,B
86402a74-b9f0-4be2-9bec-c3292af9b107,2021,94762,B
eb306359-0ccd-4a0e-becf-063994039486,2021,1265453,B
0c9c3df0-fac6-4213-94a7-d915b8d110be,2021,87396,B
a040de9b-3512-491a-b170-4682980cf826,2021,106996,B
7108ca71-553a-4035-a7b1-e6249cc69617,2021,5000135,B
a87b7b66-5fd0-4462-ae3a-7e3c7b3c7df7,2021,106996,B
39d7887d-d071-4271-88f0-d40ac6b4cd22,2021,1322390,B
e987a18f-f604-42da-b606-10bb16744674,2021,106167,B
21053a6e-bf88-41f5-a5e7-2a69574be08b,2021,107920,B
c5f8c254-6c59-4c80-a20d-d28b6afa3169,2021,968,B
2a7f3ac0-1c83-4b58-b090-a3d740c88835,2021,1102628,B
79d6467c-7e85-45f0-92e5-abc07f8d7f98,2021,94762,B
3b0f42fd-a419-489f-8bf0-2be417427746,2021,22047,B
1721b14a-55f3-4781-a872-42d06b3398c4,2021,1314243,B
9f74f76a-eba6-4c80-955a-fdbc89f3cf01,2021,117532,B
0897dcb7-2d58-4621-9376-edaa22e615ad,2021,1270596,B
d956404f-573a-4fdf-b48f-7024a61d63da,2021,1103723,B
4be6643b-fa18-4f31-9640-6ce0563db5fc,2021,1306689,B
b9429335-29b5-45bd-bf0c-4fb7c83dfa9a,2021,59122,B
e345e2ca-75dc-483b-822c-2eb31fcff0d4,2021,5000135,B
57a81429-45d6-4fd9-8883-50b0f12ed85d,2021,1190071,B
b9323334-09ba-465c-a2eb-2e3d1c789b03,2021,1181115,B
eca7c3cb-4243-4c80-90ef-ad6c4f337b6a,2021,5000143,B
cc48568c-4e94-44e3-8763-55fa229fe173,2021,968,B
7b1e963e-b0f0-4b29-84ff-8d023a12ead6,2021,1101244,B
5c36ad8c-71e8-4210-a266-78fd743dbcfc,2021,98957,B
efbc89c8-4adb-408a-b736-29f0281b10f4,2021,5000143,B
22c64397-d320-4ae5-8f0d-adb8e5b8b0ff,2021,1322390,B
a3243ee3-b9cf-46e9-8d65-bbedc7b04c67,2021,1270596,B
e9fda1b2-67f8-474b-9814-f5aaa8b73bb8,2021,1318224,B
4c93d638-5b37-4fdc-9053-cd35b0d69a1b,2021,1108692,B
8356e252-0f94-4a0a-9ae3-16124f62da6d,2021,13401,B
72c38758-a9ab-48ca-89d3-cb246f18d861,2021,49071,B
7f31746d-157c-4333-b96f-c592d5388902,2021,116770,B
4965f206-c9f5-49db-9bd5-416047c8105a,2021,513,B
b21c36f5-3022-4b94-bc41-6fa2a4005f1e,2021,88068,B
24e38955-deef-4874-83ec-a2a404f446ab,2021,9425,B
9e175299-8c6f-4f0d-989a-664488859e66,2021,108660,B
dd345720-a111-4602-bda0-e31a7ea1c359,2021,19042,B
a9922e0b-55c5-44b0-88f0-f015cc42e482,2021,101942,B
5e925415-3bb2-4a2e-a777-51889fb0482a,2021,1351760,B
1621a2a8-1380-491f-8190-bb9393044678,2021,318882,B
c9218a54-ca0c-4cd2-a2c0-4485c83b63e4,2021,48675,B
44be9f35-52fd-45c5-bfe1-425b64fd8bd5,2021,95175,B
3a0c7ece-8a00-4dda-9b8c-3d2f3cb5dda6,2021,11452,B
f3b31fc1-5a3f-4d3e-ae75-7a7b6090a0ec,2021,47069,B
663ed7d8-b492-4b9b-a7eb-826bcc5f71e0,2021,113455,B
7faa221a-c717-47d3-a3e8-d4588ac3eeb2,2021,22047,B
cc3b44c6-f2e3-48cc-a700-a0b1d60c198e,2021,57612,B
ee09bff3-d8cb-47e7-a534-985e113d951a,2021,101942,B
af3cae4d-36a2-45ed-b823-56bc05d7f318,2021,90030,B
6db3f816-237e-4471-90c7-e78957a14be9,2021,1322665,B
ad03b333-151d-47fb-9660-3c28b76231fc,2021,317,B
c94ee7e6-1ed5-47f8-922c-f34362527fbc,2021,37862,B
a2f3ae6b-2b72-47ce-9297-dd3d8f10c97b,2021,48205,B
85e095c9-90a9-4476-a11b-c3b43c7a0b63,2021,48205,B
6de87b3e-f0b0-4da8-8eff-6fb64f66c1b9,2021,5000135,B
286e1f2a-5274-4fd5-b3fd-6a2c61b7b9c6,2021,1181115,B
56593ea6-22f2-4cbd-81b5-57ab15ddf735,2021,94762,B
dde6c8e1-e0cd-454c-b978-0ed98b839f8a,2021,1070485,B
6a5a86b6-8a11-4544-b2e8-2032e8d499fd,2021,107422,B
05ab02cd-7365-4e93-a461-9dba64a59089,2021,106996,B
2cb2da29-65c5-4999-8886-7800e4c18f5a,2021,1376131,B
9f76a648-f54a-4c7e-b4ea-fad50f693bb3,2021,40343,B
5b2763d7-d696-4f79-ad7e-9c464631edd9,2021,54934,B
84f93441-3285-4431-a9d4-1cc28055981a,2021,1351760,B
b7ab1d6c-c3d7-4e22-9f0b-6e6ad739ff54,2021,37862,B
8bcac607-c4f5-4855-b889-2afcd3659af0,2021,59122,B
021de4f9-acf0-4432-8d58-036922473d56,2021,98764,B
0f9b549c-765a-48cc-a20f-b17754fc92b6,2021,57606,B
24ee28d2-5dbd-4fdd-8726-011cac60ed18,2021,67601,B
effd76a4-cff9-4cf7-aa45-b8aac6113502,2021,37862,B
81b5094a-606c-4521-8c01-68a8fe25ce6a,2021,1427745,B
140cc17f-e1b3-49a7-8649-7bcc86eb72c5,2021,5000143,B
7a1e0329-9824-4535-ab7a-6533f8b10ba0,2021,1190071,B
c26f1470-c05e-41bc-b3df-4505ec1ec7d6,2021,1314243,B
d025e206-8082-45f6-94de-d5c76b59b6f2,2021,1288839,B
ff499f0f-64e6-4bf5-bcd4-2f71fbecd008,2021,1318224,B
f6a33515-4671-4cc1-9938-0d9929f300e1,2021,43664,B
e291ddd2-2355-490e-aaa9-8b74b4c5b4bd,2021,88084,B
02cf2d5c-76a7-4be0-9f6d-345198e9fe53,2021,88084,B
1971afb4-9387-4953-b9a2-a7ba85204eca,2021,1376181,B
bab92b77-56b9-45eb-b43e-5567a1d71743,2021,1376181,B
4ae800d3-0f5f-4f25-b625-997f4cb49830,2021,107422,B
860dd3b2-00dd-4b7e-aec0-73d88d3e27cc,2021,74737,B
441a44cb-787d-4da7-a9da-168e5a7ee5ea,2021,117532,B
f3e30aae-f91c-4c88-a239-e7102a8d6ea2,2021,1322390,B
61b36865-37fa-415f-bbac-b935f197c8dd,2021,20030,B
08ae65ef-6e5e-4c74-a2bc-242be59ed70e,2021,48205,B
c6bd5cbd-86c3-49fd-ac9d-20c3be1cd773,2021,58808,B
a37fd169-b6de-4eed-a1e6-abc4a007e0da,2021,1181115,B
7c6e3909-cee8-4595-8125-ab5a1a6d29ca,2021,968,B
a99f7578-d4fc-4d71-ae13-889552be8c71,2021,1103723,B
b1eb0b31-5820-42d1-bfe5-dc2463fffce0,2021,19047,B
431ed13c-94b3-4312-b6fc-63336e641f05,2021,1265453,B
ada8afb0-fb11-46ff-bf12-07d2320cf57b,2021,1270596,B
bad65ba9-01a0-4411-accb-d1fbd2ec1315,2021,11452,B
969382df-5333-466d-82e4-6293ec334b1d,2021,1265453,B
1917a4d7-eecc-4fd3-aa11-56da1eedebad,2021,106996,B
3143016a-bf2e-4e01-b1dd-d6799e943f98,2021,83388,B
23eed497-81c0-4e10-a0be-af8adb59fe8f,2021,1070485,B
be6783a4-b5a9-4c63-b97c-a63af5e80287,2021,22047,B
cb5e2e0e-5e1c-4744-a977-19aad938c813,2021,1322390,B
6c8bd5af-05c3-4844-929b-1fc3e2634a13,2021,1190071,B
98dd9897-3de2-4119-8bbf-00a953f6bf93,2021,98764,B
dd8fc0b2-2284-41ae-a019-8115bcc2884d,2021,37862,B
171f36a3-9208-4f28-b6db-bcbe7818a139,2021,59122,B
9b2b75f7-55d0-4d7c-95f5-9b4454250c74,2021,106996,B
53ac919f-4e2e-4ae5-9b93-b1d6d1f70b91,2021,74737,B
0f8bec3e-7ff7-4b76-af25-841068d4b0e0,2021,106996,B
8d4c3048-87de-42bb-9c97-7e6b4bede810,2021,1322390,B
f6ece4f5-b272-43fa-ba08-737e7ad1cc91,2021,19047,B
3191751e-c6ef-459c-a959-48ff78c4ca88,2021,118994,B
e9bde517-6025-4173-8de9-8e4dd3d7036c,2021,48205,B
66e62630-a8f7-4c0a-85de-a63e626e9fed,2021,9414,B
35110a7e-5de7-417a-a15b-e77c9a419507,2021,95175,B
0acb7a25-d90d-4682-a708-45081a8aee3d,2021,5000135,B
7188f457-990d-43fb-a385-23c214bc5bb5,2021,1306689,B
a2560c40-ee1f-440d-842f-fd45fe30b3fd,2021,98595,B
cdd65c5c-fefc-400b-a4c7-2e7429cdb55a,2021,5000143,B
e7eb47c0-333f-4002-b16c-4735ef15289a,2021,43664,B
e0a12693-80c1-49fa-bdfd-dbdce6578cc4,2021,1403879,B
f6a72b0b-46fb-4a70-82ca-653977e03287,2021,13277,B
5da761e2-75e7-44ab-a254-2a09eb4f5f14,2021,21464,B
ee4eab4a-ca45-4f06-808c-affea9041951,2021,117022,B
f3b9ccbc-2e76-4736-8e8b-d9ce5869a298,2021,118994,B
9baf0af1-1855-4e3d-bfb7-0d7ada6efd47,2021,94762,B
c85c9ec1-0b39-4b4a-a742-ab3c631403a0,2021,43664,B
79e38017-4bce-4f0e-8d59-3a3ae9f7ad26,2021,98665,B
19857065-bd7e-4ade-8f58-e0b2a2b2c622,2021,37862,B
3d2403d4-5888-4975-8a9f-faa7bb8a733f,2021,13277,B
6c020c13-64c7-4c89-8330-2442e61eccea,2021,37862,B
01215fb4-2054-46a8-b3bd-785f1d9a1ec2,2021,94762,B
441b8b14-dff4-42d2-9828-4bdba7082e17,2021,95175,B
25c4ac5c-9ef3-4212-85fc-f57fc3fc4fe4,2021,116770,B
23f87ba9-e39e-485d-8af0-e81e52aa5496,2021,88084,B
0fb623bc-1e72-4998-adea-dfdceaf8fb22,2021,88084,B
35a73348-7695-4c69-b3a1-d69b5d1cea30,2021,1190071,B
a701d5d7-8982-4b7c-8e97-b5a30721a3d1,2021,1265453,B
bc4edb07-2b03-473f-8b06-f07fafef8995,2021,37862,B
bf659805-213e-43bd-9595-7a2b63dfd705,2021,112086,B
04cdab27-acf3-4f68-a30e-cecc113dcd37,2021,87396,B
11eace62-6f06-489f-aab4-07f6b0e665a5,2021,20030,B
6e2cb910-19b8-48f0-b491-8bf214ba7a53,2021,58808,B
81d136b0-f637-40c7-9acd-5a54bf72a2df,2021,49054,B
cba79994-ea02-4269-b7be-40ea1c8c340e,2021,81210,B
1c024590-7827-4ceb-9fbe-a3d4cd779ae8,2021,99820,B
8a2b4ee2-e733-489d-9fe0-95705a05b4f5,2021,1190071,B
f7b43e37-18a6-4f29-be1a-2aaea142b52c,2021,1270596,B
342afb75-67c2-49c5-88cc-acbef23b594d,2021,101942,B
73254fbf-a0af-41e2-ba4f-fb0ba206670b,2021,58808,B
5f5ecb12-4c03-43f1-b81e-afca7d2b8cab,2021,94762,B
3a40387a-fd7d-4052-bacd-bd60eb4c5cef,2021,48205,B
fd3c1c5e-7ddd-444e-81d6-c913a49ae17c,2021,48205,B
b568962a-821a-4356-bb63-295bcf400721,2021,106996,B
c12eda7b-7cb7-4e99-bbbb-c0a967307be7,2021,106167,B
b4278686-b4dd-40c0-9da7-e521a3f6e13b,2021,1283028,B
bc04d867-663a-4425-b228-7d71ff782dd1,2021,64664,B
141349b8-84f6-43ce-be4a-cc912bb24089,2021,1288839,B
132beb79-56e6-4762-9a4d-bc7f21348b36,2021,114616,B
1cc181da-b276-48df-b2d5-ddbeb80355dc,2021,1330347,B
cc9c12fe-1c77-4084-8ef7-44c239a1726e,2021,104360,B
2d8756d3-2da6-431e-89e2-e29506930137,2021,37862,B
a6f2bd3d-a06b-4308-8e6e-774f532ed3b7,2021,5000135,B
b5108ca9-a2a1-410b-8e08-183ddc49bc1d,2021,1270596,B
cd6617ba-222e-4921-a4c6-d5b9fbe72db8,2021,1181115,B
8e4b864f-6cf4-477a-9fd4-fb585cb55fc4,2021,97778,B
2ce42834-1955-4c3c-ba4d-1288dcd8ce74,2021,1032473,B
3b6bda6c-b727-4897-a063-1c89e9cae434,2021,20030,B
2a702ca1-7907-4bac-a3c1-3b685d164e43,2021,1190071,B
eb4a88a7-14d2-44e9-a1fe-65ac8e6b7687,2021,43664,B
b73c0da1-33f3-41ff-b32a-bb3c13b94cb9,2021,48205,B
c9f76be4-d0fa-4253-9c93-00ecd3c4e249,2021,101942,B
4ee57363-4490-4ff1-982b-1e1898dc2ce2,2021,9425,B
feb0c6a3-5667-4d11-ab37-b5163dd7213a,2021,98957,B
74cd807c-3874-4adf-8bdb-e3b5a8113272,2021,1258063,B
dbb104b5-db4e-4f68-a259-c527f72b6beb,2021,50082,B
745cd104-01e8-455c-b913-04885bcaf785,2021,107422,B
9797abc7-c46a-441c-9138-5c46d48b38c2,2021,98595,B
bf5d6c52-b194-48f7-a4cc-451de02d2b4a,2021,9414,B
631e6996-3844-4624-b504-810fa3135338,2021,1047907,B
66a5c659-6b1d-41f9-836a-6c4fc19b1faf,2021,107920,B
00c1d8c3-69e9-4af5-9e49-caaf6502e801,2021,18558,B
8f4bbd13-3778-471f-b483-587f77e51f9a,2021,1376131,B
71e9d009-26b7-443f-a624-f63b248f2c31,2021,94762,B
777b58aa-0826-4579-8134-445a8484fc94,2021,1132918,B
4db74a48-7a1a-403e-8207-f5c04a92a990,2021,1322390,B
788375ff-0210-491a-b0ff-dd8dcc6fa1a3,2021,2209,B
43836ae9-928a-4909-93dd-8f429dff735a,2021,9425,B
5029efab-f6cc-475e-8b20-85b3f2004b5d,2021,104360,B
84ea76d6-6ac3-4cd6-8818-9a64673d2537,2021,1351760,B
10c7086a-ac6c-4fa1-8691-2ed0b85a7fb6,2021,58808,B
e074addd-096d-4b66-990c-41b35dbcf7a9,2021,108660,B
3d605fd1-fb14-48ff-a3d8-29707134d8bd,2021,1288839,B
998cf519-38de-4b49-808c-cda82e077433,2021,13446,B
9a069969-1d9f-4535-8652-4866228515a0,2021,1108692,B
6367dc08-836a-4a3e-a250-d347d998840d,2021,1181115,B
bd05254d-b3d1-498d-9dad-b250012684b9,2021,43664,B
d80a0352-3e94-4574-8d22-8671e20ba727,2021,103062,B
5b5c509f-95d6-41a7-97b8-a382b4681a93,2021,9414,B
c037f403-441c-4cec-8482-3a8aaff21d04,2021,1330347,B
8ea065dd-a9f5-4a92-925e-095ddf9aa320,2021,1318224,B
79a28762-c571-4dc5-947b-caef840626fc,2021,1187671,B
9d3a57d3-3621-4bcd-b8db-e5c1b8627062,2021,106996,B
d5a66000-4c20-4857-b807-55b5d8c7928a,2021,5000135,B
abdaac1b-8bba-46b0-aa1c-aeb0dd0b8697,2021,1181115,B
01c017f9-a313-49d3-bcc9-2965ef97bed3,2021,49054,B
40a634ce-23cf-4cd1-ab5e-7b97cc20998f,2021,55777,B
c750c8b8-0256-4539-8d26-26972d20d6b8,2021,1322665,B
52793470-4aff-4a82-add6-fee808f32d59,2021,103062,B
0811a632-3e72-4bda-9f3b-93966201ef0b,2021,1258063,B
888c8652-c5d4-41fd-b636-59dc1f307473,2021,1101244,B
65d0c588-a828-4475-9403-e7e50329d0eb,2021,97778,B
de15ec10-8284-4f95-a06b-1322d9dc2238,2021,73140,B
265006e6-d2ad-4f0a-89a3-ad6922b60192,2021,97443,B
9a1ba13a-09bc-4e7c-88af-54fc3e4d8b4b,2021,1181115,B
094ffd63-e92b-4488-8628-4c2cb960c20a,2021,19042,B
5d8eb4f4-2a68-4584-923a-6928c6a902e4,2021,1427745,B
d3107af7-b9f8-42cc-b3e6-d2388d3a2dbd,2021,1166783,B
462de4b1-2865-49ae-b5e7-4755125dae27,2021,1288839,B
90d01471-c6f9-4845-a37a-a7faa2f5ae12,2021,55777,B
73db4a64-bfc5-4cc0-996a-c595ca1e142b,2021,91181,B
41150abc-19c1-40cc-9cb2-ab2b6ce460b8,2021,1288839,B
312251d3-dbe1-4f3a-9f52-a673ed173fa9,2021,1376181,B
bd01a512-2926-4148-8a4f-046b918e1ce7,2021,98595,B
78b653fb-93b7-455d-8d7e-8ce44d974ac1,2021,5000143,B
b5e7b824-3b91-47cb-8a0d-8ce48a79bcff,2021,1306689,B
132769fe-0c95-44e6-a95f-516525ed2c16,2021,48205,B
ee86facb-ba76-41a9-877c-a3d74935c907,2021,11452,B
10b2688e-630c-4432-8d11-197b107fb2e5,2021,317,B
39865a10-9537-4e61-9159-c930bfc2af22,2021,1265453,B
97a4bdb6-e75d-4942-a705-289360dca259,2021,1181115,B
0c046aa4-d6a7-4917-8d4c-c547fc5e05ac,2021,5000135,B
ef627d95-4491-480a-85e1-e1ddaaa463cb,2021,94762,B
2cac49d3-0c6e-4953-969a-10c5ae05795f,2021,1269545,B
12ac3fee-0cc4-400c-ac8f-0f4a0b772c83,2021,41238,B
74bffeaf-e5a6-4863-89a7-8e6d7acb6557,2021,106996,B
c90b87b3-7bfb-4ae2-8911-fd6b1cc63b34,2021,5000135,B
1b8e3466-3ca9-45e3-9cad-a495eb745b9b,2021,13980,B
de370d08-86d6-4622-8f61-2b6dae79d3ff,2021,101942,B
d15eac03-c549-4707-96aa-aafe3e7d7b7b,2021,22047,B
fd49e1bb-89b6-49f4-9a7b-68ee4719c83a,2021,106996,B
d9eb0622-b9a7-45f8-b219-6eca5740f1ba,2021,43664,B
71bf4505-602e-4218-a3c6-8a3f4953932a,2021,46377,B
a9202ea1-cb81-4232-95a9-cbaa7cabdfc6,2021,968,B
72f6ac74-a1c8-4b7d-9557-7a2fc1dfec36,2021,118994,B
7fc91a8e-a9a7-4f47-bfd1-d5191d785a15,2021,98595,B
f596d452-b161-4efb-b6b6-125a0902c8c9,2021,1318224,B
fb463af5-f169-452f-b5d9-1e72c53fb1a5,2021,513,B
06fbc2d8-bb0d-4c77-b293-9ae78b67cfa3,2021,108660,B
b2b7571a-3fb5-4f8d-bc79-4590d870cbd8,2021,118994,B
7398039b-bded-4421-b4a9-e30925e6af67,2021,1204325,B
8497d879-9d4d-41e9-8548-a371bf36f20e,2021,1283028,B
4133a52b-3914-4647-8da1-81d38fe53832,2021,20030,B
7bbad99b-58e3-49cb-8303-bdeb508383bf,2021,9414,B
14dbee99-04f9-420a-883d-e87e1012b91f,2021,1102628,B
7c56e538-dc30-438e-af03-f5d2bc214767,2021,1283028,B
3736b17c-5d23-445f-b68d-cb8def4655cb,2021,106167,B
b6df9838-dda5-4444-a093-e548de8fb580,2021,108660,B
2f3f4f7e-5575-4957-a24c-337f45689857,2021,106996,B
9407feb7-9e49-4a1f-b906-c7bf90d523e3,2021,1376181,B
898688b8-e271-4a0a-b22e-f358da183e83,2021,1322390,B
05e8f2b9-b3a4-4f7b-b93c-83668f70c814,2021,1148708,B
454de43d-54fb-4e1a-b9ae-2c0ee79ae5e9,2021,106996,B
f4c5581b-0681-4dcd-a120-30d0a8a8afa5,2021,1190071,B
675bf17f-25c5-477b-8e52-922d1369812c,2021,1270596,B
273fa592-5f6e-4588-ae65-1bff3ad05906,2021,116770,B
86261954-ceae-444f-8d84-0d676dee9e1b,2021,104360,B
4c0a3fef-f631-4901-bba6-3667501472fa,2021,37862,B
8e7bfb8c-75f6-47b1-9e6d-e6048dda9664,2021,98595,B
b1d726fd-1d26-4811-b8c4-d5ac43452b87,2021,2209,B
ce38145b-fead-4326-918f-50630814c345,2021,1306689,B
ea66f7ca-1360-4085-a1b3-30f462b1c930,2021,22047,B
9b0d3b11-fd41-417e-8e8c-8148922c2066,2021,1101244,B
3a762679-afe3-4574-82fc-9fcc788cca4c,2021,1181115,B
5494baf3-928a-426c-8807-dfa3181d03a8,2021,20030,B
be7118cf-3253-4717-b9ac-f2937a4f8218,2021,17898,B
4edbb1c1-245a-40e6-ad9d-489c2ab8149a,2021,1190071,B
a853e92d-62f0-4489-b478-1876caf917d0,2021,1288839,B
36a23463-15bb-4be6-b560-ae6e12c706c5,2021,1306689,B
5d11d1b4-f0f1-4dec-8f88-0d16d2ea6f25,2021,1322390,B
50013835-c92c-4546-894a-0ce944e276c5,2021,1181115,B
64738bd3-5f80-414c-9143-60fa5567e28a,2021,513,B
0e50fe3b-1e56-480c-8132-6e8d33c8b0dd,2021,94762,B
c963d92b-b1f0-44fd-a95b-575d3a222833,2021,50981,B
b36e237d-58fc-4881-9300-42ebcd3bbb9d,2021,108660,B
57923fae-0ba5-4664-980b-85e42a86fcf6,2021,47051,B
2c2f27af-b7b8-4252-9270-e7668ff81b0a,2021,1288839,B
eaeb2b6d-2c7e-4c56-ae15-9ece1b0792cd,2021,20933,B
413a498d-0ad2-4f47-9dcb-6deb8266d702,2021,106167,B
cb97085c-867c-420e-b218-fdc88d443886,2021,9425,B
b327883c-97c7-4ee6-8e8f-08a831afaca0,2021,19047,B
bae864d5-ace3-4200-b820-f128f7a1d3ac,2021,113455,B
dba3b252-7776-49f6-84f5-68173c2865ce,2021,53331,B
ed40e551-ac2e-4b70-829a-cc9835616cf7,2021,1181115,B
066ea60d-4d2b-4600-8ce3-77ef02635146,2021,1269545,B
777fb00a-5201-49c3-8d19-02a75f0fb903,2021,95017,B
189cde67-a757-4f81-a57d-a6aaad801231,2021,11452,B
b12fbc1c-ca33-42fc-9428-597349a2796d,2021,18683,B
620119a5-92e9-4a64-9e83-f60c8cc9ce0b,2021,18558,B
93ce72c6-ac0e-4c07-9254-78e5001a8bca,2021,1351760,B
94938024-04ce-40f3-ace1-eb425e72da46,2021,49054,B
3b9eac6e-48f9-461f-9607-f75f9cd935a8,2021,9425,B
b809e646-7b9d-4e7f-8b6e-3f029ccf7560,2021,88084,B
3a6c98ad-37de-4313-9b5c-687bd8fbe3bf,2021,107422,B
9383a268-0e71-4ac9-bc5f-cc30303e4b41,2021,1267543,B
cfb1d7cc-0f60-4baf-a226-6296837c77ff,2021,106996,B
7e424035-9b0f-47fe-90bd-c9baaa5ccd11,2021,1203177,B
6e86867c-2a2f-4c65-9ab7-c6b5e2671f9d,2021,19047,B
1bc53092-7ba7-446c-a68e-6e6d222fb330,2021,57606,B
24278a30-f65d-461b-af8b-6bac0c82bca6,2021,19047,B
0ab4591a-6fa4-40f1-9186-a7e831cf0718,2021,108660,B
08cb769e-c2d2-4902-b701-d8c51179431c,2021,1190071,B
4d087fad-30c4-4324-a87a-eea8bd02a30e,2021,1270596,B
7af90d1d-7c44-4109-8f29-cabf2988bbba,2021,99820,B
148ccfd9-3f27-4217-86d2-84142fc01a59,2021,98665,B
0399a0be-a89b-4642-832e-bb42a7a40d9f,2021,1306689,B
5204eb1c-e6a8-4743-b7bb-cb8310518dac,2021,1204325,B
28851771-e9f3-4fd4-bc26-6276bcb0f537,2021,12313,B
d7df77e6-940d-4960-b244-aee66cb7344a,2021,513,B
35722f11-77aa-491e-b396-d294c489c402,2021,48205,B
dec50509-345f-4a31-9f3c-9b110553e03d,2021,18671,B
1a42d70b-2487-458f-9aec-2f97fcca85fc,2021,18584,B
4b9a7269-7a16-4add-af5e-6f7e7e2c1b74,2021,13216,B
cb11ea5d-eb21-47cd-9851-411bf0dddab4,2021,5000143,B
a2a32a23-e70a-4ad0-8e75-6543bca271ae,2021,113455,B
e082952a-8c98-4169-adc8-45fc62827f97,2021,95017,B
8c4f9173-701a-4f35-bbdc-e877659b250c,2021,1306689,B
0a361e69-e21b-4688-8363-7a80d68b2449,2021,74737,B
6cfaff88-5fb2-46f6-9e2a-aef739b5d55d,2021,20239,B
69fae6a4-092e-4397-97e7-c98d87fcc749,2021,1101244,B
9d5dd59a-4e9d-4ead-b81f-45e44a26cdbc,2021,18671,B
5d19d7a9-97a8-4c0c-b620-a3d112ba700b,2021,11452,B
cd151a73-f253-42a6-a844-a8e3299b1128,2021,18558,B
f99c55d0-069f-47dc-9b47-7b584b495e56,2021,13980,B
920941b8-0c9b-4138-a0f4-798716f73412,2021,43664,B
27533a26-eb12-4e33-b579-f0e6aa165390,2021,22061,B
c949850c-8c5c-4af5-bb35-2ef902aa0b61,2021,18558,B
f1d0625d-2723-4d12-9f47-3845e84ed4fd,2021,5000143,B
30e5f342-2d84-4c73-8007-f3e59045e237,2021,1265453,B
ea7c9230-c3ba-4c63-b1ed-4d7eed950bca,2021,88084,B
7b65d9e7-329d-4468-8e82-6edfeaf8799b,2021,118420,B
75843855-b1e1-4cc5-9408-c5b25285c58a,2021,20030,B
5c29501c-9d4f-4870-952d-eb22e82c77cd,2021,116770,B
a345c0b6-994b-4d64-a7eb-b4077badbf55,2021,18903,B
82121c65-f08c-4190-96e3-50f4d011d3db,2021,18903,B
2e74609c-ea29-4206-85b4-ed64d17a8dff,2021,1288839,B
ea884a6b-a0a3-4b79-b40e-8c61cda165da,2021,1118057,B
48dcc3b2-5834-486f-8687-501e7499469e,2021,114616,B
ade57dc7-83d1-40b6-b77f-3888b5897760,2021,103062,B
c2dab1d9-aecf-4e1b-b094-aeab6e07f97c,2021,98013,B
8f86cd69-2b6b-4a64-a3f7-54303f7dda94,2021,98595,B
c2b4c53a-21fe-4fc7-808f-afa5d730c9b8,2021,9440,B
80bc6ca2-f0af-43eb-a531-fb10c62ae1f6,2021,19047,B
79f21c00-af7f-43bc-a0da-13b91699b95c,2021,19047,B
0aa72222-668a-4c62-909b-f1964a38ed81,2021,49054,B
2bfce631-5e1f-4e7f-9874-d44ebe92662a,2021,1315444,B
aad68692-cffc-4aea-9fff-09a0d64a4437,2021,101942,B
2bb16513-dfd1-4632-9f87-419fec65d5a6,2021,1118057,B
b0d259dc-2663-4acf-9646-3fd046cb5a8a,2021,1376181,B
3f74b4aa-7225-4185-9c62-941920b80181,2021,106996,B
b50aa36e-85ba-4fb9-8743-4bdaa7249e82,2021,98665,B
74fa89e7-924c-413d-9e53-38e6ccdf9b5f,2021,1181115,B
050f2108-e603-410e-aab1-361e2db34913,2021,1190071,B
f25b9333-4c83-4cde-82bd-5c8bf41b9e28,2021,2209,B
a5c78b41-40e0-4adf-bc78-c3a8f3924000,2021,91181,B
985196ae-cda2-4156-975f-ab22e478c141,2021,107360,B
58fb9c72-5e78-4505-9375-5a376236e0e0,2021,1288839,B
72b965fe-bc4f-4e3a-8e26-58c843095cfe,2021,1204325,B
d39f529d-6977-45a5-b8f1-1b611d872f43,2021,1427745,B
5bef7145-6a49-439a-9a1a-01a4bfc46065,2021,58808,B
488965d2-3631-45db-af5f-f95a92aeda8b,2021,1118057,B
3d94b323-7d66-487d-9685-5a1c440b7252,2021,5000143,B
f9d7fc84-f82c-4f0f-b256-5bdc7572e2e6,2021,20030,B
41cbf1ed-8e36-4f8b-b45d-7fa4f79b233e,2021,1376181,B
0387a4b7-4840-41d2-893d-f6e2abd0e7ab,2021,49071,B
9628cf83-c7f9-4755-a749-b136bbdaf48f,2021,113687,B
8cfc95fe-5543-4e7b-90f4-4841d17d3195,2021,88084,B
7b3c8bec-90e5-46f1-9d29-602667a49d7a,2021,1306689,B
7136ceda-c5fb-45e2-a713-511531c2172f,2021,11452,B
9fc55b9e-e28c-452a-98ff-6ca2c704a7b9,2021,2209,B
83dce359-4cce-48c9-87c5-806328e7f722,2021,112086,B
78263a3a-9ff7-482b-a014-3e3e013304a8,2021,43664,B
f0f9511a-da20-4db6-8854-f4bddccafabc,2021,47051,B
880b29a5-6ec6-48c5-a8cf-77e9e1216478,2021,114616,B
2a80274d-54f4-4ac3-9513-7c131a9d1b27,2021,1101244,B
a2ac420e-15e3-4278-a388-93d5548c52c5,2021,1330347,B
3b0fa090-bcad-4dfb-a729-16ed95a293af,2021,18558,B
fe7570fb-cf5b-4798-9f5b-964c32f74f2c,2021,94762,B
3d823666-ee52-4d87-9513-0a96951f91a1,2021,95175,B
0bbf549d-3ce9-4667-aca2-5d51005043ae,2021,1322665,B
439efd20-b06f-4054-a675-e53b87c81770,2021,1190071,B
364a0c17-6fd1-446d-9ae8-0a321599db8b,2021,64664,B
0f957a2f-9083-4f82-aa6f-7c402af3da28,2021,95017,B
f8dfcdb0-d1c3-4b23-80fe-acf99cb79cce,2021,104360,B
52dfdc63-b4cd-49a5-a423-84288283c479,2021,97778,B
43cf7f90-5853-4106-9d64-854c7ad000e6,2021,55402,B
5171ae02-e1c6-4696-8252-ee5b60983dbb,2021,107360,B
080bc995-d3d1-474c-a746-9576f231de55,2021,107360,B
90999b98-c213-4258-bec9-72cd4e5b8333,2021,47505,B
4c27c389-b2a2-464a-9cb4-903475b275c6,2021,18559,B
fd51f4af-44d0-4382-b768-d3b1eda6e9c3,2021,1136142,B
349719c5-d905-4f28-a334-c5ddccae1e73,2021,95175,B
d519c930-1d3e-4dbb-b2d7-730e14cc1e15,2021,317,B
da61ff65-896a-4a64-a18b-6685a52801f9,2021,101942,B
cebbd415-1ea3-45da-ab53-cc273914b753,2021,107422,B
b709907a-1208-4315-a87a-0527bedd92ea,2021,20933,B
8a3b7139-c019-4d9f-bdf5-b702beaf76d1,2021,1204325,B
d5bf6e3a-0c6e-4475-9c51-61f2397ba045,2021,20239,B
b6b970ad-9356-4e8c-88b8-df60170d3260,2021,13446,B
c9e0a171-06ea-481c-8ea8-235caf069ca1,2021,83388,B
f126f8a6-096c-420b-a709-7a0bec677640,2021,53333,B
d582dcbd-4c64-4a9b-8a0c-be280e26769e,2021,56172,B
2e98ba11-22d6-4679-a579-e472e141a3b1,2021,10515,B
24961b9e-75f7-41f6-ad2c-2216165a61bd,2021,1403879,B
ecb70523-290c-4add-8e70-59a62c4a40eb,2021,18683,B
fb451420-ee3e-46e6-acee-e3223f969e31,2021,62484,B
6ce00c42-7220-4e96-8562-4161ba3822ab,2021,1148708,B
c4b00c00-3e3a-441a-9e06-114d1770803c,2021,1288839,B
9e4792ad-0693-4416-92f1-537fe537ec5f,2021,37862,B
8382becb-b34d-43b0-ba4f-32c0df3108cb,2021,968,B
d7884e88-47dc-446b-b216-20ce2c09ce86,2021,1136142,B
9c8594ca-761b-4d98-9782-9779a22a7b71,2021,53333,B
af94bf0d-4d90-4965-8b7c-2b124ad9b4b1,2021,13277,B
3377dfd1-86a4-4949-9432-f922ca7369ba,2021,97443,B
d3ea4b10-fdbd-4cab-b2bc-2f7c6beb6fb0,2021,1300429,B
0882a9d4-8946-44cf-abed-5c38ee3e5865,2021,1203177,B
12c15451-8387-4348-be08-31cbc32c488b,2021,5000135,B
030a6ce1-b75e-453e-ab19-968d2ed5885a,2021,108660,B
88e148ce-daf1-4974-8957-c83101941af1,2021,1267543,B
67b00e82-31db-43ea-a349-827e62d3efba,2021,1187671,B
b6b8668c-a75e-4fb6-85ad-a961c9be6d42,2021,11730,B
fc4bf5f4-1b4f-4980-bebb-26b2b74fa6ba,2021,1136142,B
49748d34-5477-49d3-a25f-bd4de4b3f578,2021,48205,B
bed285ce-2e70-4bf0-bd7f-54f881f68acb,2021,1314243,B
aa64f836-cbeb-4379-8830-eeb265edc57d,2021,1101244,B
0fd82aba-8205-4fb4-aa40-3b4bfea9cb40,2021,88084,B
68b2346e-546e-47cd-b895-d46211ff943f,2021,1181115,B
dc718bfc-7da4-42e0-9c47-0033385cad32,2021,48675,B
51a91d27-4a30-4785-bb63-46b835da3019,2021,86326,B
b0445f67-1c86-43ef-9eb3-c1dc55724bd9,2021,41238,B
1b4fe18c-e941-4e66-9e40-396192bb0172,2021,1288839,B
2d2e3cb9-9598-4f10-bfc8-8bd46bf581e8,2021,114616,B
8adcc3be-d3a8-4ae0-ba65-3c27e2ed2d0f,2021,9440,B
2605a385-49a9-4f06-b0a0-7f1698ee83cc,2021,1032473,B
76c8f2f5-4126-4829-99d3-372a3e966ec1,2021,118994,B
a53518a0-0d21-48cb-8241-37c011e0a080,2021,1283028,B
419a6d55-222e-4615-9cdf-aa5213e91087,2021,117022,B
58f62632-c705-4fb5-9393-f893e3425f3c,2021,1181115,B
d52f9c5b-4735-4179-873c-83d9c78ddc10,2021,11554,B
1f0e6dd1-2666-4414-953c-1c9199500822,2021,47051,B
f69b5358-4bd6-47af-a504-6728316b8c21,2021,49054,B
f916224f-ce8c-445f-a61f-012ac59ba236,2021,53333,B
8ccc6d29-d3b6-4043-9349-0f951d9c6a9d,2021,106996,B
e05d3443-270d-4c48-b7a4-b922d3a6282d,2021,20756,B
d62d42f0-b434-4999-ba6e-4b291bd08561,2021,107360,B
8b85f503-ac27-4c7b-9703-36d6b93a8fdd,2021,22047,B
2b81eb2d-c00f-426c-a771-d6a4d79798cd,2021,1108692,B
26c291aa-b8a9-4f8a-b82f-48a1c2c08195,2021,11452,B
7055f832-e94d-4bf5-933c-26e880ca65bd,2021,73519,B
34c28161-20e6-411c-98cc-cff9a775e15b,2021,101830,B
2ea2e625-7cfe-44d3-a9e2-91a29da9db87,2021,101830,B
cb610e81-b225-42d0-bc44-c5cc6cedc892,2021,47505,B
24914b2d-c171-42d1-b776-d6b4bd9e17c9,2021,98595,B
240cd158-5a56-4dfa-ae54-7a61c4229496,2021,46377,B
ae05d340-3cc6-4847-9b7b-e480d30f6154,2021,5000135,B
9b631f94-6a89-4794-8fd7-db3f494837f4,2021,94762,B
70fb0aa2-664f-4bdb-b478-5ab5a3dec650,2021,88084,B
4ba2bc5c-6f47-4f9a-a535-a20ec939895b,2021,102590,B
4af8d757-5c21-4bea-b90f-de1d398fd2ef,2021,57606,B
226308ff-a843-45ef-a2c4-7a32d5ff3f6b,2021,1351760,B
dc2d07f1-8f1c-4972-90ea-647bce4408af,2021,107360,B
73168672-0f81-4036-b21b-39ba5ebd31b4,2021,1322665,B
106aa5af-4805-412e-81b5-ecf98141fc96,2021,2209,B
85e865bd-093d-4d87-92e0-629779923054,2021,95175,B
dfd3691d-84cb-458b-acf5-14502c71c167,2021,64664,B
11f2fe5b-7430-47ae-b5c2-085a2e2d77c8,2021,113687,B
96ff97cf-264a-4e74-ac2a-1f815aca6e78,2021,113813,B
d24941ae-a5ff-4d97-9acb-0fa911ed84b6,2021,1318224,B
f38a0280-68a8-40e5-940a-238c89ff0511,2021,2209,B
1c61b228-9798-421b-97e9-b24efeaa7120,2021,47051,B
c3518e56-9687-49e5-90fb-2fdceae4eadb,2021,1351760,B
f7547bb1-0bc9-45eb-b950-48c2570b8266,2021,13595,B
a6d6bfa1-1bcc-49e8-b66e-09ce13bbb84b,2021,1132918,B
1967f159-fc77-4132-8c27-6cd1a74bcdb6,2021,1272079,B
ce6d2e9c-63d9-489a-aaac-21da1b935126,2021,1269545,B
5112cc16-5c3d-49c1-8abe-0ba2ce8e4ccd,2021,55777,B
fa562212-8a39-48db-9fa9-f3ab88f40e5d,2021,1267543,B
dac5f59d-0cc0-4d38-84fe-a917e97e058d,2021,114616,B
1ec02695-90f9-4c7f-9c20-9b94dda03fa5,2021,1190071,B
1eb12458-75ca-4bfe-b989-276b0eeb7b63,2021,107360,B
927c5da6-7dda-4b60-b5d4-f9bbe325f67d,2021,13401,B
b9dcbfbe-3d6a-412c-b481-2dc5cad6a392,2021,53331,B
0f39e6de-76c2-420d-8830-4df84c38d62f,2021,94762,B
2e2767ab-c29d-4464-8403-6efe5ee7a6fe,2021,1314243,B
65e398ee-f6f3-4ec0-b664-ae4678b612e5,2021,95017,B
970cdefd-4ec9-46d0-8961-7db2e688f736,2021,11452,B
8a07e253-6d95-4510-acf8-1c8b53ea6e70,2021,101942,B
a46e4c81-07b6-4bb4-8d04-104864eaefe4,2021,98665,B
355a0001-c84d-4785-8457-d80f805294a3,2021,13446,B
27ad3996-c766-43ad-a837-c25d0c22e2ea,2021,1299927,B
f6ee3d62-ecf3-4d18-a136-013894c704eb,2021,98013,B
e8a6a82b-605b-406e-9e8b-397cfce8bd02,2021,968,B
03ad6246-c6f8-498d-be81-d00b093a9da9,2021,18559,B
c5d3531c-3d8f-411e-bc6c-95e12fb51a8a,2021,1136142,B
e902ec13-c216-4e13-9930-5c7569dea7b2,2021,56172,B
e20e57dd-bfe5-414e-96cb-3a3e834ecbfd,2021,94762,B
5defdc6a-b14f-4cce-8384-cecd26d286b7,2021,1376181,B
9e85ad48-1136-4093-83a8-38325912ba2d,2021,5000135,B
f1fcec69-85a4-45dc-9f47-0475b56b4761,2021,317,B
8c7e7cb5-9580-4b62-ba40-c396e531d082,2021,87396,B
c3ba0914-04b2-44fe-bc31-d600b9259f9c,2021,56172,B
ecc2f45b-a22e-4ba6-9b1f-f8b1c6ea25a0,2021,20239,B
d99b656e-7f7d-4416-86ef-c2d458892d7b,2021,1306689,B
55951967-e5e8-4112-8dee-0cca62a6e8e5,2021,62484,B
635ce633-c14e-47a7-a0ff-5db11e8472f2,2021,107360,B
c3cce725-0994-4d54-b162-85cd4b1296d3,2021,101942,B
0b9c0e63-1e31-4fc1-8ea6-b7293752bd0c,2021,18584,B
d290ea98-032a-4721-89d0-8b2ec20681b7,2021,97778,B
752eae4e-76ca-46f2-bce0-02c13810106c,2021,43664,B
f6e94b5a-c9f5-49b8-b0c2-ff0b63910ca8,2021,1136142,B
f9c31645-9a06-4087-8575-d180271ca774,2021,20030,B
5490c6c5-ebcc-45d7-9f6b-a587ad696747,2021,98595,B
eeca0fe3-cef0-4750-8348-235ca021561a,2021,102590,B
e924af70-6168-4c64-af3b-d43b95a6b510,2021,1190071,B
0a4cf04a-15ee-4bec-a16e-e6acb4f0c735,2021,95017,B
30bf7935-9b92-471b-8286-c48948d93466,2021,13401,B
ecd6c2b4-bd33-4154-b834-2a3ce7c41287,2021,107360,B
00bfdb2a-6092-469d-81c8-8a642fe2d6ad,2021,13401,B
ba97410c-cd91-4329-b4e2-4cb1e76002c0,2021,95017,B
408f27ec-f52b-4481-b62b-f0b2af73227b,2021,1103723,B
277dd0dd-8720-4024-921d-491c958a0958,2021,99820,B
5799d957-4192-4ac0-9995-1e1b1270e800,2021,1300284,B
fb4020b0-8a6a-45ef-ad67-79b40de22ce3,2021,1267543,B
ba080811-b8c8-4db2-8d32-7e05373eabca,2021,1148708,B
54c82d95-e455-4e40-bb8e-67b174747190,2021,11554,B
029c7eb2-eb6d-4294-95b4-0edccbae0939,2021,95017,B
0c5714a3-02d3-448e-b632-a32a6882eca0,2021,1376181,B
484d4688-87b3-4c43-9bc3-1d277066781b,2021,1190071,B
6736219b-b12d-4aca-bfbf-36888548d6c4,2021,94762,B
16abcd6e-310c-4262-8504-82e4f9463012,2021,97778,B
e2e520b8-cb9f-48a6-8511-dc4bdf1df104,2021,1288839,B
6d0ebf88-5797-421a-9e1c-5ce0deac9e2e,2021,107360,B
75a5c6ac-614d-48ba-bf8c-7457167016a0,2021,20933,B
916ddc2e-d973-48eb-90f3-e697dc3d92e9,2021,107422,B
8d1c41cf-eb38-4a3a-9e1a-8ade423cd7bf,2021,9414,B
88cb2137-d820-43a9-a44f-5016887d5bfd,2021,101942,B
14c1ec7c-aa54-41a2-a8e7-11cf6645dcc7,2021,118994,B
861d53e7-d2a3-4001-976c-e9f919e677b0,2021,317,B
0ed7eb00-e703-41d0-9986-19e68a5c4809,2021,40343,B
3fba8635-dbfd-4308-b1fe-d799e469b245,2021,50082,B
2c70181c-8a03-4e90-bbd8-ee3c0abd09c8,2021,86326,B
68d8190f-cdf7-4063-9a73-628e5d96ad9f,2021,1351760,B
f6c6fc3c-641c-4f5b-a5e8-779e76596637,2021,13595,B
b026c59d-c2b6-4e69-a659-7813f84cda54,2021,1181327,B
47456753-3b62-4a4d-be08-e2c5d493e939,2021,64664,B
b0bd1a3b-9a75-412f-ad81-b7a030680746,2021,11452,B
86f047bf-fdc6-49d5-85f8-ae2d7332e53a,2021,5000143,B
7cbc1f6e-4806-4029-8a99-a5abedd7a29d,2021,48205,B
b1428584-d0d4-4d49-9baf-7ec0e9307287,2021,18671,B
b25c802d-ad41-40fe-95bb-cdd30d800e32,2021,49054,B
99569129-0924-4fe1-a2b1-47a6d036ba84,2021,13277,B
91115f77-240a-4623-9ee8-6cde2266ce23,2021,5000135,B
f71814c4-0845-4a37-a265-b5be2c358fb5,2021,11452,B
37538120-a99e-44f0-bdf2-28007943d652,2021,88084,B
db558f68-7981-491b-bbd8-6c8fe3676076,2021,13446,B
78540a79-84dc-43bd-8b71-c60b8d04f29f,2021,1148708,B
43ca5e66-0d51-478c-aa80-a913d5eb173e,2021,94762,B
3a963ea2-76cd-4806-abf2-11f4d1471c61,2021,1427745,B
da7a511d-4ad5-4cba-a4cb-09cbea3feb99,2021,1314243,B
050ef771-5d23-4feb-a376-98010f866925,2021,68930,B
6b2ab96e-cea6-405b-9979-de3555afdfe4,2021,1379275,B
659c4c44-356b-452b-8ab4-dedae479429c,2021,53331,B
aa4191d3-9e77-4050-b764-09326041ad09,2021,1300429,B
2929488b-6f31-41f7-ad4f-9e3f5131b458,2021,1322390,B
959c1f1a-2111-47f4-b939-d8d9c274edfe,2021,46377,B
d9ae6587-3ef4-400a-8b55-a457eba6667b,2021,54934,B
8f6eb9ac-47de-46cf-b0be-dddb8be16f99,2021,50981,B
4833a4a3-b5fd-4781-9aa5-9ca868864029,2021,19047,B
e5f84112-1ec1-42c4-b872-05f44fdded44,2021,20933,B
891d4be0-ad78-40c6-8b57-fb7e885d0120,2021,5000135,B
50417963-f111-4a7d-b2fb-2e8042d9f8a5,2021,1166783,B
99d7b1d0-b7fc-4ef7-b006-0864d7f84839,2021,9425,B
528124f2-69a4-439f-9b91-8e9959b21ac3,2021,317,B
8bebcd13-a97a-49d1-b8dd-bc97b680b7e4,2021,513,B
0f97a740-8e58-4091-94a7-d09ffbd80ed0,2021,11554,B
5c25341b-a0be-4f57-a1a9-28d5a1893ee9,2021,13401,B
03f155f6-ab21-4a12-bb6c-01cdd67cdc78,2021,99820,B
e962f8d2-1136-456d-98b8-8f0ca7f81f5d,2021,95017,B
bac75efe-fc64-4ea9-80a0-dfe4af86b4e1,2021,1265453,B
b77ab6a1-7fda-4b50-81d4-79ffb6dfd106,2021,1181327,B
5b577f38-0b1e-4551-82ff-564ffa242d99,2021,95017,B
99a52fc2-e2b2-4573-b5fe-6be1cd12d46c,2021,98595,B
bb905370-508b-4f40-960d-5727d1d96110,2021,95175,B
abe2dc6e-b12a-4333-a673-f7dec02c2064,2021,1258063,B
3e85a010-fc69-4f6d-986d-3603269bc49c,2021,317,B
2d2df3fb-a482-4cc5-8587-4ec258af1571,2021,18584,B
cb980cc7-5fd7-4bb3-a82c-71ba5566750f,2021,118420,B
d4816d0e-7226-4ec2-bae9-d9668757f07f,2021,1376181,B
530b5367-ff05-40ec-92e9-8a7a9adbdcf3,2021,107920,B
3c6f33da-db66-4b98-a168-5b576b38b2ba,2021,18584,B
2985e095-fb8c-44f2-b824-9b0b79dae47b,2021,99820,B
9bdcbab1-53cd-4a42-84dd-dfed8d9fcbfd,2021,5000143,B
6a24189a-7c09-4bcb-b594-ecc0af2e22cd,2021,107360,B
f8ab1c8d-dc56-4bfa-b04e-2f80f5d55b55,2021,9414,B
c785362f-7242-4705-b2c7-526e37480f49,2021,55777,B
b85d8867-9156-4c01-9cac-fa1fcf7e9175,2021,9425,B
c1d44757-ec46-4f94-b562-68094c78703a,2021,18683,B
b70b96cd-71e4-49f2-8fd8-a672895b678b,2021,18584,B
e09249ae-eec2-45fb-ad93-835daf222486,2021,50082,B
2814ca4d-7508-463d-adf4-1f96e2d32edd,2021,1314243,B
8414058b-e2f3-4e6d-afd5-5b5d1c6bb1c7,2021,108660,B
4e0c3537-86b1-464f-a934-7e6c7246c63e,2021,55402,B
d7b319bc-e8e2-4890-b564-6f619d361e8d,2021,37862,B
1601e44a-dc6d-46e6-9d39-ba4585bffa9b,2021,1190071,B
ef8c37c2-292a-4afa-b07f-9d3376837195,2021,11452,B
bb2c11e4-3a07-49cd-9b02-64228efec203,2021,113813,B
82dea210-a4b7-436b-8177-a54417243832,2021,94762,B
a239c8c5-485e-496c-8ad4-33819a960960,2021,103062,B
c3ae6271-2114-4122-a288-bc94fb98f651,2021,98595,B
b485c57d-ea7f-41b9-ac1b-9b9c513dfacc,2021,117022,B
8bb68f3e-ea6b-4ded-b0ed-582b28b3fc18,2021,54934,B
21a1d796-e0d6-4031-8e75-fc9b8912e04a,2021,18559,B
46386136-8e7f-4417-836d-bf6c0b63a005,2021,318882,B
0fd29c93-6257-41cc-a585-7725bde622cb,2021,1204325,B
a4401f54-069a-42dc-bc0b-fcb5402db482,2021,106167,B
0b6771b7-0c14-4dd6-a28b-59e7f52783b4,2021,49054,B
f2fd7e0f-6af8-4115-b3d0-216c5a281552,2021,62484,B
00f551ce-1460-4645-a346-ec42d32237d3,2021,13401,B
88089c3c-4221-4df5-a1db-a93de30e6fc9,2021,1314243,B
14aed602-b23e-4e32-9335-b599fcd13f96,2021,1272079,B
914fd9d7-d471-4179-92b9-0a0ab4fc1646,2021,107360,B
82aabf36-0fd0-47f5-a98a-653a7cb14e73,2021,107360,B
e49f1f20-c141-4a32-b08c-1282be21b9e0,2021,9440,B
098acccc-14fa-4453-8d57-9fd52abc91ed,2021,1204325,B
5f36bd84-357a-4a84-baec-be5240b5bd3a,2021,20239,B
c6af7f01-bb22-48ca-a8da-137185210e68,2021,18671,B
f08d0e5f-055f-4241-bf55-739f38e95d06,2021,108660,B
e870e972-ffef-4d52-9258-1571e6d7cfa7,2021,90030,B
0c2df8a3-9710-46f1-a53a-df4db5716164,2021,43664,B
43d22b07-19d6-4a8f-87b8-bb031fb85721,2021,18584,B
eae40f51-ec8c-4c30-96b8-9ee18baab934,2021,101942,B
28234407-e2a7-4e2f-a470-e36a13907c71,2021,112086,B
d16215f1-4e8b-4b89-9c39-09f1ec0c143b,2021,107360,B
97dc75d0-adc6-4b2c-8461-74cbf4fb51be,2021,88084,B
2511da23-1846-4dbc-b1e3-381566aeb7aa,2021,118420,B
ceb72158-d6d2-4a09-a46b-a305b447eab7,2021,20030,B
01f4e011-0af6-426e-9d4e-d6875fc6c9d0,2021,317,B
2bcc26f2-076f-4f6b-8efb-b4308e839017,2021,41238,B
b3e7eb92-f615-4fc1-aab2-943d8db40f0a,2021,13401,B
f9884c88-646c-41a2-838c-dd48e974f35d,2021,1376131,B
c9d368e7-7b7c-4552-aea8-2666f722508a,2021,1330347,B
81844a96-b85d-4adb-8a63-602382243e8c,2021,50981,B
d7986da1-e706-4225-b6fa-ee397ba07a65,2021,1118057,B
7ae7ecd8-1e44-4be0-92a6-ad4ac9bec4fc,2021,1166783,B
a9193011-a831-4dd5-bbea-cbb30d186cae,2021,1118057,B
e8af3b2c-f055-4e66-9fd4-457dd47d3f4c,2021,67601,B
285c7318-ba1a-4961-9712-4727275e4ca6,2021,1047907,B
5b51e7ce-adef-4904-a91c-d5b0d5c544cc,2021,87396,B
9e60fa30-b1a0-4174-b87b-d56536419776,2021,1272079,B
d610e278-fa77-4f82-ace1-37ab3056fbe0,2021,1270596,B
22bddebb-6019-47d9-9111-f2c0000dbd50,2021,99406,B
b25840b2-a1bf-4f83-a635-1634a07a3e42,2021,2209,B
01d32f0e-0c39-4775-83f1-a0c2e532c8e2,2021,108660,B
4888e7ee-7e77-42c3-b374-199346a23524,2021,1103723,B
27cefabd-4ec7-472a-a34d-82496d13c715,2021,101830,B
18d305e2-1991-4d4a-9f7b-3850c4e4697f,2021,94762,B
8ea04459-7042-4c0a-a381-295b5667a324,2021,40343,B
1496494d-768b-41ba-b721-7847604750bd,2021,1187671,B
20d350a1-87ea-4b0e-b084-a3ed3c71bf27,2021,13595,B
a04d69bd-11dc-4082-8eef-4ed3436fc108,2021,107360,B
514409df-b9de-4591-8053-c2a858403b25,2021,118994,B
be0eee9d-e147-41ca-ae9f-fd104ec7cb9f,2021,1376181,B
b746f730-4ec5-4438-9ff9-98209a1c6c83,2021,95175,B
582527cd-132a-47cb-a4bc-5d80e02fabb4,2021,62484,B
ec28c9ce-5d81-460c-bdeb-fbae0f6c0a15,2021,47069,B
2c7bb473-a0e9-4008-a871-d79acf0894ed,2021,90030,B
7b48bf42-d4b3-4da3-8f94-5a85982ef9ac,2021,1108692,B
662e8b4b-2370-46e4-b0e0-b6c7d495d294,2021,108660,B
79929551-646e-4eec-b8ab-44dd5f19de64,2021,1118057,B
1844649b-3395-4752-af4d-803105538aa0,2021,104360,B
e669163a-d39b-4ec0-87c1-7046792e52d0,2021,21464,B
dd86d872-7456-45bf-844b-aaacbe92bf14,2021,83388,B
1e0fa012-4ffb-407c-92f6-40b7ae3a7b6a,2021,1270596,B
7365f871-d246-45ee-8a86-7a51ce0eb8cb,2021,117022,B
a8a63e2b-21d6-48a2-8010-6ca308becd18,2021,9425,B
fe670fc3-6712-4340-a371-aa2db7c28b12,2021,90030,B
06a595a7-0903-4df8-9799-ede39e086baa,2021,53331,B
30779386-9c6d-414c-8332-ae9850c9f33a,2021,1118057,B
08cf11f1-868a-48f8-be1c-6e075e80c61d,2021,47069,B
96b93b4a-fd87-450b-a7dc-4d9b780f2793,2021,1314243,B
1d712b2e-ed72-487e-b3f8-579cb515a5bc,2021,1204325,B
e0c03049-a7a2-42b2-9b4d-60ccd1a19161,2021,47505,B
d4661641-9780-41ec-8941-c85e6b7fe13a,2021,49071,B
9245e4af-6fb7-4f58-98a8-655365fd1365,2021,1161716,B
f2492e3b-e271-47fa-bebc-95f134bb3208,2021,62484,B
5d51e39f-afc0-452b-bb83-f7d7ff744721,2021,98305,B
38ca1cd1-8d10-4282-b1d4-d356552f2a32,2021,13595,B
0f6c65df-db2a-49f6-ae81-a345d6d3556d,2021,94762,B
3717cf67-ab6b-4dc9-95e0-a28bb55e1336,2021,98595,B
e7b66b17-8688-4014-8742-37d3963fcaed,2021,9414,B
62b5e20b-c3aa-454c-aef6-91f9a7a7c120,2021,97443,B
aff1dd04-a7c5-4f2a-8671-0595431292d8,2021,116770,B
5b1fecf5-de67-4d2a-9442-41eccd9a87de,2021,11452,B
3170d614-b78c-41e5-b111-dcfa56bf03c7,2021,112086,B
a960a849-6eba-4e5f-bb35-37e0391e2714,2021,11554,B
62193fcd-f0a1-46d2-b7f4-3f899fbcdc5d,2021,95017,B
3270f05a-7400-442e-9196-6eefd1f968d0,2021,116770,B
f4006f1a-3a2d-4380-9c04-ebf9740db285,2021,1190071,B
1a0094bd-ae1c-4f2b-87dc-80f43a135565,2021,1136142,B
a39cca94-5c18-48f3-8849-d0e6b444a8ab,2021,1376181,B
c08471c9-e774-4387-8cd5-3f4e3d21cfb5,2021,1314243,B
f0c0e539-9eeb-4d3d-b5aa-d1b00211022d,2021,54934,B
2753df1b-5e1d-443d-9fe1-3662fbd86fab,2021,101942,B
d2597bbf-2c61-4440-a88e-dfb3a5241441,2021,94762,B
e9a74163-90d9-47ac-8401-5d96457abcfb,2021,1351760,B
3fd13cfa-d764-421e-9992-3ce846828217,2021,11730,B
48789b05-ba12-4e3d-9c00-b72bb5b908c3,2021,20239,B
07b74bd3-1c09-4992-8809-c41c5f3406c1,2021,19042,B
6a0864cf-b4fd-4657-9fd4-cbfe8f4acfe3,2021,97778,B
84911285-0f24-4b22-96e5-4da30b85bbb7,2021,87396,B
63cc2e02-6168-4e31-92c3-9a0d4c149468,2021,20239,B
f687cbeb-950d-4043-9136-f187063f5999,2021,64664,B
8ae9c069-5b32-439d-a018-4a87b563cb13,2021,2209,B
2bb7482c-d567-4256-aa8e-285e388f3290,2021,317,B
7071a547-c89a-477c-8cc6-e916766a0e48,2021,87396,B
fa6786a1-07ad-41db-a306-df6be9208c67,2021,101942,B
77a0cd13-ddad-4727-b6ec-fa779dfa3141,2021,43664,B
bd1de0c4-5aeb-42d4-b87c-2949ba538a6b,2021,13446,B
84aa16b3-4dfe-4437-a088-8da578baa989,2021,5000135,B
e803f307-e639-4e87-9e9d-d634d9f132f2,2021,1330347,B
92dc0434-4caa-465d-8213-260c551cb0b0,2021,18683,B
06667e48-00fb-48ca-8769-e94cd4218110,2021,18683,B
59705552-42d3-41ab-8a22-8f2aad403eaa,2021,1427745,B
ac5631f0-2b47-4c96-bf53-a0bb9617e83c,2021,1047907,B
16eff546-6b9c-47e2-8fe7-56e9ebee32ab,2021,106167,B
4cfa5cdb-f160-46a6-963e-6e6a307f00ef,2021,18559,B
2a5d7783-fbf7-40b7-aab1-07180dadd48e,2021,118420,B
fd956057-5d20-4d39-9e25-7e0f4ecfe0f4,2021,1427745,B
d793e940-d12b-4f2b-abab-6a73d0166a15,2021,1314243,B
357efb70-19d9-4b95-832e-dbb7b65d64c5,2021,1322665,B
71e4b6d0-2af4-4281-b901-127541eabfca,2021,1203177,B
3c5e899d-679d-4b26-809c-3f47e6fca21b,2021,1136142,B
5db42b0a-aa06-4cf3-b3fc-68ebc7b29ef9,2021,62484,B
657876d6-2a04-481b-bdb8-6deb8ecdf2d8,2021,98305,B
357d264d-10e4-4609-8e9f-ad65c50095c3,2021,117022,B
f509439b-9ce4-44ce-9758-ca880ee311e6,2021,5000135,B
3e3049d5-a626-45b8-a4ea-d62f52f87be6,2021,317,B
f5196031-1fbe-4d5f-8a79-95f4a28e0cc0,2021,104360,B
241046da-9c6e-4a9f-8ea0-b73a05b8aa5d,2021,50082,B
76b79383-3450-4d63-923f-a6ecd15dfe7d,2021,88068,B
04642c48-0686-43f1-ab6b-3fa139bd551a,2021,1322665,B
418162ce-c926-4253-8622-050a6e9fe44c,2021,43664,B
94037f8c-fcc3-42d2-baba-0ee1fc8c5a01,2021,48675,B
e55e2e8e-70a9-40d8-b286-79091489540a,2021,74737,B
40c7612c-e59b-40b9-a088-d135594e8f4b,2021,9414,B
b311cec3-1496-49a0-8ff6-12d8e27af063,2021,99820,B
77500a64-2c29-4db8-be6b-783156132f36,2021,116770,B
b5f7612b-aa31-463a-a03d-f34d838feab4,2021,101942,B
af39db9d-34a4-48a9-be3c-cc938f373420,2021,1267543,B
aef6012e-3297-4da2-a51d-872242213048,2021,5000135,B
1a302110-b59c-4063-a515-b31df840bb5b,2021,62484,B
564088fa-538d-43e5-a775-c35133a713df,2021,5000135,B
48d67816-3120-44ca-83b3-ff03dac443fa,2021,13216,B
b98fa841-4b20-4c8f-86c4-8a0aa30c6a8e,2021,13216,B
8cf6d50c-fa2f-4829-943e-1635f554ff20,2021,13446,B
16e37507-60aa-4165-a4d0-d7b0c94bc35d,2021,48675,B
5afdc8fc-cf7e-41da-98e1-a27e7e0c114b,2021,64664,B
3c7c60b7-8805-4472-8396-729fad0d223e,2021,102590,B
251f1f87-2784-4e43-8feb-942499e75653,2021,67601,B
745c658e-9a9e-41e3-875e-0370459d04ae,2021,1351760,B
a9e763c5-2b3a-4059-a3c4-aee03a16b943,2021,1204325,B
e5241be4-53ce-4c9d-96b2-7888579666e6,2021,67601,B
e234cef1-3331-4cc6-ad09-2551bf1f5876,2021,1118057,B
3973747d-0c66-4be1-90db-a9f0f043dda6,2021,1181115,B
0726a63a-8031-4d39-b002-0cf100fdc30c,2021,11452,B
93452b4c-7431-4894-a9cf-1d0bc6c45ff9,2021,49054,B
14a21c5c-6477-4910-afc1-348ab093a8c7,2021,1376181,B
c8933166-881b-4d02-9584-9e540636ae64,2021,2209,B
70149da3-ec89-4bda-9880-e04556fc9d8e,2021,99820,B
0ce5a29f-9e12-464d-bcea-447dca336f21,2021,18584,B
3960c9fc-4c0b-4de4-9a86-023c2ad22d3f,2021,5000143,B
f61b884f-f559-46c6-9dee-903d4db6a315,2021,20239,B
a4616913-3aff-4e5e-b2f6-f289a7a4d73a,2021,90030,B
790a2ee1-819a-4a6e-ae35-574f9c6630fb,2021,73140,B
b9f1d3d0-fed7-4db8-b14f-2f8a74d02475,2021,968,B
69439e89-104b-431b-a7eb-c84f944a8388,2021,73140,B
4a647f6d-8bb4-453c-9d64-39dd2f82c753,2021,1351760,B
718e2330-4fad-4107-9a5a-5a584ff41d9d,2021,1136142,B
bb7d39ee-1990-49c3-a412-ca839437e572,2021,94762,B
c241e3a5-832d-46a1-9533-28dc319857e0,2021,1181327,B
d97119e2-3695-481d-ab72-3b5027731356,2021,103062,B
2f44d20c-2a63-45c4-a129-b1808c70f784,2021,18558,B
848b164c-0db6-4e95-b231-a3f1d42e4a04,2021,118468,B
97567476-5ae7-45e1-838f-ef257b075a0e,2021,1190071,B
40f52a68-a682-49ae-a2df-9d0dcb0e8f7e,2021,103062,B
5d6f8db5-ee62-4a17-9e97-cbe1b1e11e1c,2021,1385488,B
22f38e21-a21f-420d-902d-d2ff334ae1a9,2021,1136142,B
7df851de-d740-4914-93f1-1fbc72077c60,2021,90030,B
d7d02bb7-6d15-47f7-9d3a-6a284490225b,2021,1102628,B
53c138e4-6bff-4178-834b-59408efc6a31,2021,1117717,B
0859d7d1-529c-4c39-b525-ba741c70d000,2021,5000135,B
42b2f90a-3cb8-4444-a405-be4f1fe40ff9,2021,1101244,B
0c19e25f-e5d6-499c-85ad-e7d018d18648,2021,101830,B
115d1303-bd83-410f-996e-bce673d1c89b,2021,1283028,B
2d48dcb4-9a5b-41f8-9fb2-3b63e09e62cc,2021,117532,B
e28af4d9-8494-40c0-a7df-e1164e3e5053,2021,108660,B
a6cba6c0-04b8-4dd9-b4df-6e2db5c8e2cf,2021,13401,B
4ea6515a-3b8a-4e3e-ade1-01407d0a9060,2021,1314243,B
f13807c6-1d44-4f88-8386-4613e424dfbe,2021,1314243,B
617760ec-54af-4884-bf26-6195590c21f1,2021,1101244,B
205bc4b1-e73c-4145-8556-3c962d3532d1,2021,2209,B
78277f13-51b6-455e-9250-e8764242ff4f,2021,513,B
15f75e65-1506-424e-a91d-4d5e585c5829,2021,37862,B
9776d2fb-ac54-40d4-8173-7de5684a84de,2021,94762,B
f9d4b40b-74ab-44b5-84d4-3e05f8791a72,2021,116770,B
2180ebc4-ebf5-4e72-91ee-f62ab470d85c,2021,43664,B
1ec760e8-7510-4eaf-9a27-c93c79e11d06,2021,73140,B
8ca443cc-6f43-4261-b0ce-40bfce80c5f0,2021,13401,B
4920907d-0192-47e5-8637-ac67afd0aac2,2021,13980,B
6ce762c2-a77b-4538-8590-ff8e03199e26,2021,103062,B
e9cd46b2-a9ef-409b-b04f-566719df836d,2021,57606,B
fdda9c8c-6aa6-44ed-8862-8ad9cae716ad,2021,97778,B
6bdd8bad-18e6-41e0-8adc-e3f3f767d872,2021,47069,B
619ec5ab-38c0-46f6-8573-865cc2e8562b,2021,73140,B
2479376f-dae4-4f81-97aa-e17321a88db7,2021,13595,B
59648bd5-f249-43f8-b3e4-e8a3e9665e2f,2021,1136142,B
5d2ca6f5-222f-44a4-8a15-cce8beeedb64,2021,97778,B
0f3fdb47-d61b-49ec-bc63-3789ba6265d3,2021,968,B
02d222e3-ec82-4ba9-ac70-951fd9c86270,2021,97778,B
f463bc38-4649-49bb-b7cc-a2be1902c3e3,2021,98305,B
199f8595-f678-435e-95ac-b4a5cddefd41,2021,1103723,B
5a6a3016-a1eb-44af-ae29-3141f2404278,2021,1070485,B
a90cfbb4-3bbc-4d03-ba34-8c51fa48ef25,2021,18559,B
1a09c0f2-f5a9-4b86-8a1c-62e3e384d76d,2021,118420,B
94821a65-5eee-4be2-bd56-9ee717f32101,2021,13401,B
bd3794e1-27f6-4b8e-9f97-18771f68a532,2021,1101244,B
9ddff3fe-ccec-4706-9eec-1849dc54fea1,2021,968,B
c44cd75c-6363-4eb8-b18b-0d86a1dc1f11,2021,1136142,B
b050c04a-11ff-4491-ae68-28c1414eefaf,2021,9414,B
0252d47b-1356-4c00-a811-a57584e66c62,2021,19042,B
2d9fbc0c-1bd9-4e43-8406-1f0626619004,2021,99820,B
a3929332-15d9-488e-869a-34a21a70e583,2021,9440,B
7ffa4d45-7c0a-4aca-933f-39c0a063ad2a,2021,5000135,B
d62156b3-d115-4334-bcf9-01131e14c088,2021,513,B
67a348d6-8dab-468f-bf90-60c36af01d16,2021,1283028,B
883f46be-7485-448f-bd79-ec8fae73da9a,2021,56172,B
f1348084-fa30-49cc-9cc2-626cf31ae17a,2021,317,B
f8842073-a174-4be7-93fb-937e077aa9b3,2021,20030,B
094e4cb9-a742-43fd-b1ee-6ea3cb899a5a,2021,1101244,B
c724de2e-4918-4f10-9ec2-8e7475cad541,2021,99406,B
a0b43159-2f30-4343-b404-0f5c48fe0b7c,2021,2209,B
a887e803-3f9b-434c-b06d-2d7d8f7e8abc,2021,107360,B
afa34326-c275-4860-a2a8-7598c7fa3a87,2021,118420,B
1014ba7e-60f6-4ab5-b7e3-5c889860f1dc,2021,113455,B
b58be974-0002-4b23-bc29-4ddeec9fd5a8,2021,1101244,B
e4b534f2-4b52-4173-882a-44e3074bfe9e,2021,1190071,B
a24d6adb-f390-4e63-a130-4b6f87f1b0aa,2021,95017,B
e6899a43-991f-494c-9280-4741e15d5399,2021,18584,B
3360858b-0b80-430f-b7a0-430a07f35b94,2021,13277,B
8e5fada8-9939-4862-94e3-4145ee611e9f,2021,5000135,B
d6565565-654f-4a49-971d-daa1cd900c8e,2021,47069,B
b3ebd396-0531-4aa8-8427-91d3e34281ba,2021,18584,B
3f8d5fff-8bd0-4290-b5b6-4918c0384dba,2021,94762,B
bad9b118-f9b5-4157-9c6f-8a18532a633b,2021,55402,B
22c1c88c-373f-4d10-be75-4aa15a4dbddb,2021,107360,B
aa4a55b2-0872-43a2-baf1-dade5ac3e0b4,2021,1379275,B
1a154893-c171-40c0-b89c-5bd2a0aad93c,2021,116770,B
07f4d910-8460-4c31-984e-3ef38c9a4144,2021,1136142,B
1c39c61f-817b-4827-8255-a6bd771d4a2a,2021,98595,B
775f1db2-2ba0-4dcb-bfc4-81be71ae6c9b,2021,118468,B
d893909e-cc1c-4e67-afe0-671114dc8873,2021,101830,B
79ff5146-cf13-484b-bb0b-9739311c0064,2021,98595,B
a6656d65-adb1-4a7e-9dcd-84b736dab346,2021,1103723,B
0b6a700c-6da2-494c-bd64-7518ecfab07c,2021,67601,B
0d0842d5-e522-4525-96a7-3f52c77b1f0a,2021,118468,B
e1a76480-774c-49f7-b097-f50f672a26ce,2021,118420,B
6eae271d-28f1-40f4-97e0-2660e3fefb91,2021,101942,B
ae23e48e-1efa-4ebc-8172-f5d02b7a8f36,2021,95017,B
50ad0704-6c44-4265-b594-9ea08fbe661d,2021,86326,B
efcf155c-ef82-489a-88fb-408958d64c5a,2021,114616,B
c9b70960-6f2f-4f6e-ac04-ee8a3c9dc7ba,2021,113813,B
22223a98-de07-4bea-8619-ebcb7a5e9f3b,2021,1132918,B
eedd092a-2c1c-4c98-8031-a181302a3b17,2021,95175,B
1ff64e00-313e-4ba7-8010-de06fd967875,2021,17898,B
45fcc53b-7e40-4757-8868-b1d38e596e76,2021,1101244,B
4ea33701-40b8-4633-8ec6-8ba9daf96cab,2021,11452,B
9e7a2bfa-bc97-42f1-98bd-0ba338dfb6ce,2021,99406,B
4691641b-3c59-4c74-a035-92522fd5db94,2021,95175,B
4a980216-ab80-4eeb-8166-a0d3e37f7e62,2021,13980,B
1819dec2-97ac-4045-baa1-fc7b2795287b,2021,1117717,B
df3733cb-70e4-4227-a482-81555a5c0661,2021,5000135,B
c8366ad7-af5a-446a-a0ca-b6a5faf7a619,2021,94762,B
60ee5f1a-31b3-4ace-a3bd-11c7f2c0b9fd,2021,18683,B
caba32cf-723d-4f6f-b3fe-b82e09364b1b,2021,1136142,B
a743a150-fd81-42af-bd7a-d01f764f4bf6,2021,107422,B
5991ea8b-ede0-4d3e-b3d1-977201734ab5,2021,1270596,B
847d8704-240a-4f0b-853a-90f0fc411d96,2021,40343,B
e5b636ae-cc9f-4562-a8d3-003df57149c3,2021,11554,B
d52e1873-438a-4302-856c-850f9e8ef443,2021,13595,B
6af1ceeb-88c3-4c2e-ad42-a1b8e38a176d,2021,1181327,B
aaf6513b-eb47-4570-81ad-9412fc584083,2021,1070485,B
6da5f4ca-2742-4f14-a187-81d8b4a8e435,2021,1330347,B
c214a70c-c3e8-4441-bc88-75abd2b28601,2021,513,B
79f280db-9738-4d66-97d6-f76926e66c57,2021,317,B
df426fc2-db51-4ab9-bc5c-77704a03d225,2021,117022,B
f2f6fe19-1fe6-4fd0-b074-02d5bf322c76,2021,98595,B
2790c7af-572b-456e-bf7c-c43ff573688d,2021,11452,B
887a2650-181a-4967-a771-bac2a6a32aeb,2021,94762,B
afdaffc3-2dcc-4740-aa7a-bbb6792b8b85,2021,101942,B
47c8e77b-08a1-48b8-a0f5-9c8ce545c737,2021,1270596,B
97f4346f-eede-4dbe-8963-e5eed4ec5043,2021,11452,B
8208e3a6-1e0a-405e-b4a8-69fe08303efa,2021,101942,B
3b689738-471a-4e4e-bcfc-f2aa7d1b2207,2021,103062,B
af5f6d8a-186e-4cfb-b2f3-c569c1acb301,2021,13401,B
d92bb93b-9cb0-4291-9303-80a658a5ae51,2021,117022,B
9f21673f-df3a-49a6-b518-9de54bf17bc0,2021,13216,B
d57eb1d0-af96-4636-aed8-a35fbd5962b7,2021,13401,B
80d123c2-c92e-4d9c-b7e2-c7ca3420c914,2021,107360,B
dce64a0e-25ef-407c-88d5-bf543266520c,2021,1190071,B
19f13f0a-ef15-4704-b648-0fa776a48773,2021,18559,B
283af09a-52cb-41f3-a698-4b543474f9ff,2021,1265453,B
56cf66ac-1b32-41b7-b443-679df506b809,2021,117532,B
2944b6ef-0005-4ba5-b16e-80941d4095ad,2021,40343,B
264665ae-b2bd-4a20-bfe9-fa0ba53a4822,2021,13216,B
32e246bc-aa51-407f-b1d8-05a713fa18d9,2021,118420,B
faac3227-536b-4f11-83e7-4feaa41942a4,2021,11452,B
72f62b64-ba11-4f82-8d74-d2759181214b,2021,11452,B
1549feec-045c-4554-aece-749cb3a09f84,2021,57612,B
23a666ff-258a-4742-b367-0422092c8fed,2021,1181327,B
6a9da5ab-7304-4642-b25f-06ecdf4b6b5b,2021,98595,B
f10749ec-31f1-4adb-b86f-cfa07bb75822,2021,98305,B
6c176bc4-fe5e-4d3a-b3a1-4037f6081ec1,2021,94762,B
6c74a635-27f4-4df7-b1f5-a97f7c499435,2021,2209,B
307fb689-aa88-458b-9bf9-67a120778d50,2021,18559,B
3a621748-0a68-4635-b341-8f8189cbacc5,2021,1351760,B
0311ae37-32d9-47f0-ac7c-06c07e098764,2021,107422,B
a450ae85-94b1-4206-9684-6df3883b1408,2021,95017,B
f112bfc8-83c0-4b8b-b17d-a52c5097fe33,2021,98595,B
60423327-e191-459f-a9e9-0e208a3da116,2021,318882,B
3dba1c79-92c1-49ad-b89f-167434fd5ec5,2021,1314243,B
b3c2b267-2732-440b-8b98-1323f2e0790b,2021,68930,B
9cac380c-77a5-4d75-b8b0-6df6dadb4d49,2021,5000143,B
6c535c20-24f6-4016-8fb8-4cb89346bccb,2021,98305,B
2f143a75-eb6d-4f6e-8fb3-5759ffe54f37,2021,53342,B
6504876a-2291-4f10-b778-e337c3ef44f0,2021,1101244,B
db122432-3744-442f-8acf-011e6b237075,2021,18559,B
c7b0edec-c2a6-4512-9ad7-19efa7d40f8e,2021,118420,B
bd08e737-12ca-499c-a370-73bf30d89753,2021,1181115,B
8f6ccc48-059d-4497-b9d5-322bd1de4ac6,2021,1181115,B
d26c61f3-0a48-4732-a25f-4c7feeed3808,2021,1118057,B
2b14e366-a0f6-4177-b4e6-87a687aa6d1d,2021,98595,B
585ef6a5-12b2-4f2d-93d4-12531777418d,2021,73140,B
90b084d3-9648-48b7-a912-143678bc0487,2021,98595,B
d0d16037-0a2d-4f4b-90fe-347b3b7fcf42,2021,62484,B
81a67348-88ab-43c0-84f3-de54f452ebf0,2021,5000135,B
a3af7fa2-4e90-4667-ab8f-d41b0df448a2,2021,1330347,B
8838f88f-42b0-4508-b452-06b07b2f17d9,2021,81210,B
365bece8-8242-460d-8583-a2d319637892,2021,73140,B
333bc67a-eb08-4869-9bab-b4f08008334c,2021,118420,B
2d29a35f-7018-4911-acee-2c349a1f0dec,2021,57612,B
955d2d71-ca7d-4d62-9b2d-92dccaa80873,2021,116770,B
7ee0cfad-cbac-4cd4-8d83-d6b457a17059,2021,95175,B
f259c65a-36bf-4ee6-b995-f729be6140eb,2021,5000135,B
791f6362-2c6e-4256-983a-65846492b09a,2021,11452,B
24e63ce2-4331-4bb3-9b1a-ca2354686732,2021,2209,B
403cd0b9-ea92-475b-b978-4b11746ac348,2021,317,B
84b30f0a-cec2-4022-a038-9a664adfd8f1,2021,11452,B
381e4970-5c52-45e7-bd8e-8764e8e601b4,2021,513,B
e17df806-b95c-454d-a379-38057d207043,2021,1314243,B
dd99ddcc-d7e6-476f-9ae6-d8e7e2db5777,2021,91181,B
aac404ca-8003-4a4c-a028-a16a906ed59c,2021,5000135,B
0c421438-d091-4be5-9e36-0553f919ca40,2021,73140,B
e5f15672-0c21-4c7a-ace1-134459ada770,2021,1270596,B
f79b7e75-8eac-489e-9a6d-15a3b8b90cb3,2021,1318224,B
a9140edd-d3c0-49f7-9816-2a64faa3ef28,2021,513,B
ac0fb14f-5af2-4ec7-a242-3e253378fcd2,2021,101942,B
006abb0d-a9e9-43c1-acd7-64aee5083f59,2021,118420,B
a2b35924-9671-424c-8bf9-c868f3be1543,2021,1139692,B
209692c4-5768-41db-9001-34098a635ac1,2021,99820,B
3eaba6c6-ff5c-4798-8b3b-707c81f5ca2b,2021,513,B
f3f04ae2-7b23-407e-91dd-652d99c26fea,2021,13401,B
51a68232-cb9e-4b18-bdc6-2c258f8d6401,2021,1330347,B
693c9d5c-cb3d-4c8e-890f-a61eaf29c571,2021,513,B
98724380-9e0b-49d8-b0e1-16086021b885,2021,13401,B
8b338ecf-fed9-4d8d-9ebe-3d7df121a43c,2021,1181327,B
9644d547-7a09-4049-a64e-6662e51a37b8,2021,22047,B
a9308685-9e19-46fb-9d63-2b95be014609,2021,1181327,B
86a692fe-0a2a-4b4e-9f88-949f60262b40,2021,101942,B
9941b676-6639-4fb1-86e4-1f7e7fad1c70,2021,1118057,B
ffa17d29-f5bb-4505-b435-2299cf472744,2021,1376181,B
7a903a8c-6332-474f-930c-217912d32e82,2021,513,B
0b75f7ee-0ec0-4e43-899c-4694a92fa84a,2021,13595,B
4cc7de02-68a7-46ca-8788-e55f4cb5f357,2021,68930,B
50de3897-224f-4df9-ad4f-f6097ca79ab5,2021,5000143,B
5a2a0fe8-0c54-47e7-b960-a630377971b8,2021,1136142,B
d17251ee-7168-46b3-a485-1b6f72859aae,2021,56172,B
9080ae85-31a8-4692-a70f-a5955e1c840a,2021,513,B
19d49189-d2a7-4b3c-bbbb-e3212f3fe738,2021,97778,B
fe6e8597-0cea-4522-b1f0-294c5b3428a8,2021,118420,B
0fda5d17-d668-4095-b2e1-d548f01e8c25,2021,1322390,B
c91d6145-5292-4604-9789-917f3cbb94e5,2021,74737,B
8de5d634-2a9c-48df-a3df-3ba3021838fc,2021,94762,B
603abadc-60fd-46da-8522-e2f99773b4d8,2021,1269545,B
2eab845f-a5f9-4209-835e-1712fd4ff60e,2021,97443,B
b5040fe6-e82f-469c-bc8f-68dbc9fec5ce,2021,19047,B
a29e1157-6b5f-48b3-b6f4-f079a0d504b0,2021,19042,B
fb398216-3fe1-45c3-91a6-65b7525c8485,2021,1385488,B
591f8900-9e61-4abe-b56d-986102887498,2021,1269545,B
2c577fe1-6fde-4255-be02-d55eaf215713,2021,13401,B
54183339-46c2-41ce-a074-482450807f59,2021,1136142,B
da63acf1-fe41-48b8-ad50-739c0ab9651c,2021,53342,B
c515095c-a223-4594-8002-f8d6a2192a2f,2021,98595,B
6a36ac4c-1c58-4e40-a9f0-e359e1dc2132,2021,13401,B
06463089-deb5-40d3-9f5d-a9e03b76e3a9,2021,18671,B
03899e7f-b70d-44c2-9aac-f3583a98a92f,2021,13595,B
00e1f0ff-a87c-4b7c-9fa3-4580d412a151,2021,41238,B
78d43f16-7b05-44b4-81a8-f279ca7cc2b5,2021,1330347,B
29f83194-f2e4-4281-a86c-69d7a7890252,2021,97443,B
cee52232-f900-443b-9527-5ab3658ce046,2021,13401,B
038490ac-59fa-41d0-b43c-94c64057c6a2,2021,12313,B
4870b3ca-f169-4ad7-940e-337759694796,2021,97443,B
b48e651b-d76c-4cb1-b0f3-4f41eae7fa69,2021,11452,B
8cc650cc-db76-4479-869e-8aadad4e2c71,2021,1132918,B
b5ceda64-0eb1-4057-a2b2-221229cf12a8,2021,1427745,B
5455221f-4b92-465e-8725-09c3370a22f1,2021,11554,B
499ae9aa-d0af-41ef-a860-e79230b6242a,2021,5000135,B
4c9b38cc-1acc-44cf-b651-fd5bd2d7e73d,2021,48675,B
78c65d21-c5e5-4986-9517-d41940a08a88,2021,97443,B
b8221775-5aab-4c71-9c9e-6c342bb6272c,2021,13401,B
4f0e96c3-4243-4fec-a311-ba8f133cc213,2021,13446,B
d2de7967-5e1f-4f0a-819b-5bfc6018232a,2021,19047,B
82cddc4b-9faa-4914-b181-c40beaf530f6,2021,13216,B
0d79cee6-8552-4eca-8f9f-96380f7e860b,2021,1385488,B
b21aed8f-a834-40f3-9720-2df736f79316,2021,20239,B
8be6ad56-27f0-45a7-a396-f715f486a971,2021,11452,B
9251ed99-26f1-440b-9ed2-7a2fe9582e0b,2021,102590,B
d21ca231-19d3-4645-b828-1b851f15e362,2021,95017,B
3c9fb08b-b168-4db4-a951-d56f6f85f311,2021,41238,B
8b94c093-aee0-4567-8ecd-b473ab1c4e31,2021,98595,B
7084ed5a-6bf6-4205-b0c7-e302b3ff1095,2021,53331,B
539d45e8-a2f9-4048-84ff-20ffb8052e6b,2021,1101244,B
20ba6597-0acd-419f-80fe-a1b409e091c9,2021,12313,B
66b81b2e-4782-4972-bb0f-f17555697ddf,2021,118468,B
524485cb-2146-49e7-b97a-31b1db7c8c60,2021,1330347,B
5ed1fd98-6659-4e9c-b930-2b3ad9c7a9d4,2021,1288839,B
75355187-aec1-4924-ae82-8b5c2a4dd5ef,2021,55777,B
447a2c4e-c107-4596-b687-7a8fe6f69afa,2021,99820,B
9e778911-eed7-4442-96b6-50e3f22329db,2021,1118057,B
45ebbc5e-fdd1-4ce4-be99-06192c7facae,2021,1427745,B
e6669ced-5a12-4c58-9c0d-303cfe87bb07,2021,103062,B
e5b3d72d-3876-41a5-8bbf-5cffd5c52220,2021,68930,B
27241308-1598-4cf7-8bed-1d284acef48c,2021,99406,B
826d20d2-3ea1-4449-83d2-700923e9a625,2021,5000135,B
a8f3ba54-4e21-4a75-a889-96784035eaa2,2021,86326,B
dfb3ec80-a71c-4cbe-b700-fca06beadfa5,2021,1288002,B
bd0a8bf6-f85f-4316-a530-d09185591df9,2021,118468,B
59af38af-a29d-46c2-96ed-fa122382fda7,2021,98595,B
57d0cb23-babc-467d-8c01-c82045eb7471,2021,9414,B
aa2226b0-313a-4e5b-a21f-1b31f3a33a3f,2021,1270596,B
9271fd1f-7d87-4bf9-a941-4969f48aa806,2021,95017,B
26a98bab-8b23-4edd-8c3a-e0a60217aa8d,2021,13595,B
a5848861-319c-4f38-bc25-8563e59d58ad,2021,19047,B
660562cb-26fe-4cab-b3e1-f74482fda7e4,2021,13277,B
14410c8b-1cee-4190-96d4-303a53ace301,2021,99406,B
6a1f2792-2dc9-428b-aa99-c2225999e7fb,2021,1272079,B
c2441971-15a1-4508-8eb5-9d2d570fd653,2021,5000135,B
428ddedb-f5ee-451c-9cdf-1b9271d3b19a,2021,13277,B
95ffa56b-09e3-48d5-b331-872b68eaba45,2021,87396,B
6d7f806a-5462-4262-9d42-6c82f40e2243,2021,41238,B
63978d0c-5bc9-4789-87ec-ffde23edf037,2021,11452,B
436477a1-65e4-4d2d-819f-1670787fdcd5,2021,13446,B
b556cfa5-0fdd-4dbd-9a59-2b725006f1a9,2021,1422296,B
ecb02359-99d6-4398-b65f-4a73afbe0c1f,2021,13446,B
9e4f6e2d-7530-4f39-846f-9cc2e561d85d,2021,13277,B
66469f66-d488-40a7-9813-d4efdf8594d8,2021,114616,B
3ab879a4-15bf-4536-9ff8-9aa6d9da06c6,2021,13216,B
43b3596f-9e68-4e48-ac0c-eb84edec7721,2021,13446,B
018373a1-c30b-4e81-88af-5e47746203f4,2021,41238,B
9f668706-01bf-4c47-ae33-3f4c7dbf91ab,2021,11452,B
3630516b-5e41-4308-8dc5-f58c6bfbfee5,2021,13980,B
d7910e68-336e-4a89-ad76-f5f34ca09bf2,2021,1265453,B
4f538cf4-9aeb-450c-809f-d8ea7cc75dc8,2021,101942,B
9c249304-445c-4ae4-8711-63a0de51c97e,2021,101942,B
03b5397d-19ca-453d-996b-ceb09f7b3e24,2021,13216,B
5a0ca746-ac04-4d80-93ff-92203bb61993,2021,1299927,B
e80ac08d-3db1-4e0e-b7a9-73508d09a975,2021,1299927,B
2885716a-1dff-4715-884d-515de1a7e741,2021,13446,B
269de4aa-04f6-4990-9dc6-b361dd786b53,2021,13446,B
f01bf6d9-c061-4b58-bf0f-61edcdf30120,2021,13595,B
efac42d9-da39-46e9-ad17-6a88999a09d8,2021,102590,B
65c7fc46-0fa4-4766-85f4-be04db911c4b,2021,102590,B
a92f6b1c-f07c-4fdb-89bc-b3388215a896,2021,102590,B
9823aa83-a566-4f85-8157-b5236c7e636f,2021,18558,B
528af064-a6d5-46e9-8e3d-cf10600d9445,2021,1113582,B
8dae0b4d-47fa-4853-9d57-75e7b4555480,2021,1113582,B
5f13669f-189b-4b9f-8949-37b5fa182fc2,2021,1113582,B
2a731f35-3084-4f67-95f6-655c05f740ff,2021,1113582,B
fa9ae580-d62d-4f18-8121-581c4a413cb1,2021,1113582,B
f1b0ca53-e492-452f-89cc-9299f363fec1,2021,1113582,B
3e32638b-df4e-4a1a-9156-dce1fd1855a1,2021,1113582,B
158624c1-492c-4c38-9304-e42e93f2f55b,2021,1113582,B
55dfcbda-f47b-456f-8941-89ab9c0e4ab4,2021,1113582,B
55bc0e10-80b3-4764-9b38-39354e582b48,2021,73140,B
1493bd46-153f-4942-831d-ebfaf241e31b,2021,18559,B
2504b560-f3e8-43bc-a77c-b95d7d944867,2021,1113582,B
880406fb-9ba4-4065-b5ac-6a03b040257a,2021,1113582,B
26ef3116-61ca-4c87-a609-451f0f18918e,2021,1113582,B
d18bf654-f6fc-4b25-9ca5-adaff3e2014f,2021,20933,B
b6d51d28-ca79-45eb-ab25-5fba33ba6e3b,2021,20933,B
6e6b0536-2280-4e71-8ffa-4edb28edcd90,2021,513,B
778d47d6-c89b-47ae-a2f8-c4cc8f317f6f,2021,1113582,B
3e3acc57-a2a3-4be3-94ce-9300c8dbd48a,2021,1113582,B
0cd14683-7172-4878-bc45-5982153a0446,2021,1113582,B
22e3440b-c145-4c8f-a4f9-f8bc1106d756,2021,1113582,B
3b2fb322-a414-42bd-a974-b639df57390a,2021,1113582,B
ac3b86c0-1444-480a-acab-df4ef054feeb,2021,1113582,B
d66e7b47-e893-44e7-a65d-43985c42c061,2021,1113582,B
c23e4628-0dd5-47ab-8d73-6540847d727c,2021,1113582,B
59f595dc-360f-4563-a508-c1b2eb5de6ff,2021,1113582,B
c9d7ebf4-81c3-4b44-8fab-e986000ae814,2021,1113582,B
f4c1baed-ce76-4e35-aef8-e665cebe2566,2021,1113582,B
18fd367a-b48b-4c6e-a66a-e2c1458dc2e7,2021,1113582,B
c7564971-8343-49e6-8b30-81b1692d0811,2021,1113582,B
5a3aacf9-a0ed-4b2a-9d57-cb375a272087,2021,55402,B
7e6e8df9-c351-47f1-931f-de54d5b13f80,2021,86318,B
d216aec4-d817-4465-86eb-95a0f12a20f4,2021,86318,B
98a7b4e9-98d2-4943-ab9f-bcc2dd559aba,2021,86318,B
0e54937a-fa89-4f98-b4c6-351f37fd13fe,2021,86318,B
cee1a9b9-8e38-4f0a-bc84-f310e48037d6,2021,86318,B
7a6d44f7-1e31-4ca3-82c5-095021e47f52,2021,86318,B
4bd741dc-3d63-49f1-b7fe-f84a6d300425,2021,86318,B
ab60811b-98ea-4ffd-9cd2-3c011c7cae42,2021,86318,B
4f1ee61e-8c6c-47b9-8c27-6e1951141b94,2021,86318,B
abce123a-76a0-4031-9074-a0725166581f,2021,5000143,B
cc679d24-5036-4690-8e16-dc78d021c852,2021,5000143,B
9b0cda84-866d-4b37-b263-0c84ffce8509,2021,47069,B
f78a121b-3055-4de8-b90e-5c440692e13b,2021,47069,B
7c49f8fe-108b-4434-98c7-5e0315e6f5af,2021,47069,B
3ca71a21-7adb-4f1c-b2de-742c8a1c434d,2021,86318,B
66202aa9-e9f8-4fed-ae04-9e584727d60a,2021,86318,B
c3ee5256-1de3-4cc5-b199-c27340736594,2021,86318,B
0a3c9652-1724-4d36-9673-56d8eb085ba8,2021,86318,B
7742e2f6-eb65-418e-936b-f76905d5591e,2021,86318,B
2c26bb75-94cd-4d04-8e0c-63e2b61f5fe8,2021,86318,B
06edc354-003b-491c-b383-e69b63c72d2f,2021,86318,B
f19ffd7b-8c6a-44cf-b144-1088fec73d5d,2021,86318,B
05336787-ec45-4a64-a660-c771fe303977,2021,86318,B
de2c9715-8e16-495f-8661-9f3604a68d18,2021,86318,B
fbae326d-33e1-4258-9d96-cb1d46bb37b5,2021,86318,B
3fc6da3c-150d-4add-b76e-481aabd18a60,2021,86318,B
643b5bdc-5d20-4130-a5a8-83abba868b33,2021,98305,B
ca047940-8b76-45e2-8411-50577cb4fad2,2021,1103723,B
3de1967f-99b2-4273-8b8a-c1bef2213f24,2021,1103723,B
fd202088-0463-4318-959a-b456f8ebe800,2021,1103723,B
5ef43f0d-a3cc-473f-909a-d08963e93e05,2021,1103723,B
1e6150dc-87b1-4cf7-9462-5bbdf019333c,2021,67092,B
b43692c0-0e55-4d3a-879a-41fca9acdde3,2021,1103723,B
83e7a993-5654-49ba-b52c-e9952b280317,2021,67601,B
49c9bc24-2658-4918-93b5-0e04691ac031,2021,73898,B
a3058379-c37e-48f3-ab2f-675ef3efc24b,2021,73898,B
e50ded8c-2f8e-4386-8ecc-55b40039f27a,2021,73898,B
200246bd-d463-427c-b9c2-f703cc82f099,2021,73898,B
8363ee7b-df17-43cb-8cdc-af390a149dc0,2021,73898,B
04bd9c11-d293-4916-a1ab-a87552ddba83,2021,73898,B
2b76202d-bf91-4258-8f61-39c9ef2cdcf5,2021,50082,B
206225e0-db4d-4dc3-82c8-945398b16947,2021,21464,B
e5ff13f8-968f-4722-8077-00a19edfc149,2021,1351760,B
cd209aa6-65aa-4ef4-af4e-4ec63c819d5b,2021,1190071,B
dd51910b-ee84-48c0-9cb3-14f2320ea04d,2021,13595,B
6e0b5927-beaa-4fc7-9b87-94bf04abd293,2021,13595,B
a9e8f8c8-a08f-4b8e-a751-089cc4ee1f6b,2021,107360,B
fd9612fb-6fb4-42ac-8caa-f3a48ca0127e,2021,107360,B
3d7c99b8-a351-45a8-8dc9-03ed34362748,2021,107360,B
6fc7fe9b-67a6-4ea2-b841-e918df0003af,2021,107360,B
c33e5a63-15b7-42a0-b048-60ee59e5a2e8,2021,41238,B
fd2a1930-0c32-42ec-8cbd-e8d7590b37d9,2021,1180773,B
be09ac7d-8cb0-47f6-b9d7-7f73b733d9a5,2021,13401,B
36fc9cc6-5029-4709-9d9f-45f0cbb183e7,2021,9440,B
806edba1-38b3-450f-a7b6-61ca66ddf19e,2021,9440,B
5b251102-5663-4f7b-9a30-fd9fa5f1accc,2021,1180773,B
b4ba086f-e25e-4925-8ddf-ae52a30f68f0,2021,1180773,B
8efea16d-73ad-4349-ac17-a7e0c6c8264a,2021,106996,B
63b76a11-4834-4e72-abdf-331e648b7179,2021,1180773,B
cd8249be-9f76-42eb-9ed5-698943bff559,2021,19047,B
040e4a30-2404-40de-a51a-71ddb1149a80,2021,88084,B
81aedb18-d4ab-49d7-88dd-708294e5f2a3,2021,1180773,B
946d1e6d-7302-48c1-bfba-1bcb55631293,2021,1180773,B
2992b629-100c-43fe-904c-35cac57f0b51,2021,1180773,B
759b43d6-3af9-4aa4-acbc-23338dd4fa01,2021,1180773,B
0ddb9393-a3bd-40fb-a4c2-b6645d7abfef,2021,1180773,B
80a3ad08-9fdf-472d-933f-ac4837a4a02b,2021,1180773,B
f863db10-8211-41c9-94ea-f7d117679896,2021,1180773,B
0015b9e6-204e-49f4-8fb1-1bac56778200,2021,1180773,B
8fd07b48-a4a6-4910-958c-ed27744dc0e2,2021,73898,B
d268d4b8-c5d4-4b5b-9f13-40ba69ee73aa,2021,1136142,B
a6bfa8bc-9a71-41a5-8f47-2fd08b27ddd6,2021,1136142,B
70a489a7-a093-4ca5-b2d3-7b324bffd254,2021,1136142,B
c7d872be-f896-4037-be0c-524f1d120bfa,2021,73898,B
9fd45f7f-bb58-4f30-a816-f21dfeacbe1f,2021,73898,B
d52772d5-b3c2-4b13-8282-125010d82e1a,2021,1110857,B
82976514-7df3-4247-8540-d509c01af527,2021,1110857,B
340f2dd4-7a24-480e-bf97-ab9e43767aec,2021,1102628,B
6a3322bb-0c5e-40f9-9a8d-a08b4e9971f7,2021,1032473,B
e0f4cf68-904b-4425-bada-ca6efc12eec9,2021,1288839,B
9fd7bcf6-b37b-4531-a40a-4ec1900f21c9,2021,113455,B
beeda63a-43d3-4901-b214-6ddefaae976f,2021,113455,B
36945b02-02a6-4e9c-bc99-92fa40a42b37,2021,113455,B
fb2802e3-8543-4306-ab64-ccf458b1d316,2021,118994,B
2e0da179-c853-40e3-80f1-c31caf8e6fa6,2021,118994,B
b2e88d09-2020-4711-b9c4-5911691dd67c,2021,1110857,B
f9bde646-9385-44d0-a670-7631e5fd84f8,2021,1110857,B
a9003e3e-95fc-49ba-b625-6de4fcab4bca,2021,1110857,B
e3ee6ec7-7658-40cb-adfd-8298766fb780,2021,94762,B
3cb10b57-74c2-4824-aceb-6690598df161,2021,94762,B
62014a8c-0e12-4e57-8a13-98cd477b12a9,2021,94762,B
4b4d3d76-918f-4e8b-93e2-6fe7bf730ac7,2021,107360,B
a4d19bca-baf7-400b-9776-644c01e7d284,2021,101830,B
873a9762-e2bf-4b5c-8ddc-32ba6b0931bf,2021,1270680,B
bd5b382b-7c51-40a6-9c75-edd61aab8dec,2021,1270680,B
e7761259-387c-44af-bdf7-4327bd3475cd,2021,20933,B
53aa91e6-6738-4e19-b476-42ee3952f032,2021,1070485,B
64b9fae3-e392-41fb-bd90-772b0fddda98,2021,20009,B
cc8c3356-cc5e-4f95-a9aa-42a66ce7c895,2021,20009,B
e8f4a25d-c10f-4c71-8331-bad67c04fd80,2021,20009,B
579116dc-1558-4f55-a3be-338bb1e53828,2021,20009,B
b9cc7f19-8518-4f3c-bbf1-bc628e6a8a94,2021,1306689,B
ba5a6e0f-1c16-4d57-adb0-0ccdf64e90e9,2021,1306689,B
74f64e15-008b-4e94-9e1d-619b5944544b,2021,1306689,B
890d8087-007e-447a-8b67-0e12a53d9776,2021,1132918,B
69e8254d-65cc-47f4-ad2d-13fdd77d77db,2021,1047907,B
af006dbd-9c1b-49d3-97c5-79d6ccfa644a,2021,1047907,B
59010c3a-ae99-4823-a3a4-47371db841a8,2021,12025,B
dbe5dd0c-6017-474b-9893-c3608f9f5c13,2021,107422,B
ed8fb508-754d-4132-acc9-a6cc7faaee7e,2021,1376181,B
4352d303-9c98-4570-aaf2-2e05a445ae5f,2021,13277,B
d9e52fd8-60c6-449e-9d5e-f887196d98c5,2021,18250,B
909ff535-2d1c-4805-8ead-c5f876b03ed9,2021,18250,B
bf3532c4-0295-425c-a468-2285bcbd13c6,2021,74737,B
276a264f-278c-440c-aaa7-bd14697d249c,2021,88068,B
5c50c144-6d85-4b70-aa97-cfa75ff5c537,2021,18250,B
ee6debad-162e-4a75-aae8-4648bdb59d6d,2021,87396,B
c16a2f9f-496e-456e-8350-87e15452bf7a,2021,1118057,B
14a038f7-03c1-4bba-9755-94ab0a95742d,2021,1376181,B
d8aac977-e086-4372-a7d0-d26e5921093c,2021,1042278,B
8aeb07bc-6f4e-4b1d-9eba-a49685300892,2021,1042278,B
52a9b054-98be-4f3c-9edf-20ddfd9f3cb0,2021,1042278,B
5f338c8d-a894-461e-b203-589ea8381e9a,2021,1042278,B
ad1c26a3-31bd-4e07-b28f-2aa6babfd99e,2021,37862,B
58a9935d-2b09-454e-8907-6290bf736e00,2021,97778,B
e7308b32-178b-4edd-89bd-c500680451cf,2021,98595,B
331900c2-8d9f-4c85-b6ab-9fa6fe6fb341,2021,113687,B
dbe7ec07-9102-43d5-83e3-9097cb8db6c4,2021,20030,B
66807cea-d209-4207-9615-c7bdf09c9149,2021,20030,B
afc4b577-913d-461e-bc02-e7e3a8c794ef,2021,1108692,B
9a59cdf1-6056-4efd-82ff-62be0ca084a6,2021,1427745,B
2d3877c4-ad7c-4523-ac8f-42a4a0340a1c,2021,1427745,B
efc1d918-e2c3-4068-88e8-ed09fbf8a918,2021,1427745,B
e8f7bf5b-fa05-4394-a75d-f222b5acffc7,2021,48205,B
f64bfdd9-6160-4c46-8a4a-e113f82c095b,2021,48205,B
eb2ff158-62eb-4f9e-8088-3fe79a75231c,2021,1314243,B
9a7d4502-1606-433e-926b-d860c74980d5,2021,1314243,B
2eed1cea-c8a6-474e-85f9-a268ea1a27d1,2021,9414,B
bce27834-9d6a-4252-aec2-4b3de28b5175,2021,9414,B
5131582e-7aba-4868-9327-f7c466026129,2021,106996,B
a20222ba-14c2-45cf-87d8-2604d580b660,2021,47505,B
615056e4-1749-4cbd-9775-67ddc2dfe83e,2021,117532,B
64c19d4c-f57b-4bb2-9a45-3d730d1a47ab,2021,98595,B
b9bc6379-bf7d-482a-a737-e53d1b603da0,2021,117532,B
ed7cc222-cbdc-4cef-b045-387f44cb3119,2021,117532,B
72a00b4b-d0ac-43d0-b301-623086b5caba,2021,117532,B
9565257c-4771-43ad-8d4f-2bbffb88e790,2021,1108692,B
a7ee2249-dc1f-4d30-8631-6bdac631e805,2021,1272079,B
5896acd2-b073-43fd-90b5-f96f00bb70fa,2021,58808,B
a9442ec7-f38d-4f59-9fdc-7b00a4ee6c87,2021,95175,B
5ad9e7ca-6645-41d5-98f7-3e92ff09910f,2021,95175,B
4e6acf7a-106b-4718-9473-0948572c004b,2021,95175,B
492598df-7b5c-4fa9-9025-3dbde50eb882,2021,95175,B
8f0c362e-3860-44e3-af40-b9684ee85b2d,2021,95175,B
a8e25a3f-ea53-4418-a817-896bcdfc7389,2021,99820,B
d29e77b0-be8b-424e-b0e6-f11ba1860649,2021,20009,B
b2663c22-5615-45af-ba12-78f31ca0879a,2021,20009,B
17fca431-ed13-45ce-a49b-998824ac6776,2021,20009,B
1c7cc4b5-475f-4e12-bdac-778a20281681,2021,99820,B
47b8241b-ab46-4793-bafc-679a65608342,2021,58808,B
9e61f406-e282-4b09-85c4-129054d92247,2021,1203177,B
fc5e27ee-c2ba-468a-b885-2bd142bebb9e,2021,1203177,B
3926bab6-821b-4628-a83e-05ac8f7b352f,2021,67092,B
cb7519d5-d7a1-4241-a086-d5016eb6f5ef,2021,98595,B
1fca124e-d86b-47e1-b354-1a1b595c7f24,2021,98595,B
12d71c51-7d7b-4142-8605-c821c4c3cc45,2021,98595,B
41501a49-38bd-455b-8206-5bebeceda765,2021,5000135,B
ce52d59d-c82b-49a5-8d0b-87d2f286b894,2021,1322390,B
687d25d7-9894-4ae8-b227-4bcc4a99e9cf,2021,12025,B
43d4d8cd-54d7-4d81-b32a-f798eafda889,2021,12025,B
d7d40e05-687f-44b3-9c13-d5c33bcf53a0,2021,12025,B
f6feec6c-3d59-4ee2-8e61-66752501ce71,2021,12025,B
330ea0bc-a134-4721-ab61-d091dfadb7a2,2021,12025,B
5c3ae0c2-7677-4503-95d9-690cff47d755,2021,12025,B
f73807d7-5efb-487e-a1b8-547c693c3504,2021,12025,B
fcacd144-ad35-4528-8bc9-0e1aca5d6166,2021,12025,B
77aaccec-05d6-4e90-9f75-c3b215d5a89b,2021,12025,B
951225a9-2a7e-43e1-a7e0-fd6cb8f65a80,2021,1190071,B
b7fef8ea-d282-491e-97e7-bce7044c9c92,2021,1101244,B
c0c0b91b-8c65-4001-8e4b-4305277e9893,2021,1101244,B
eecf7246-d1d6-4bd4-88a1-0bf36b66543b,2021,1270596,B
c657f95c-e33d-4297-9afc-69b70c94db32,2021,1270596,B
31e334d0-a45a-4531-9ec3-8147e27da706,2021,12025,B
5772bf60-d9fe-4d35-adbe-55f7883a9923,2021,12025,B
a4a171dd-7baa-499c-a47f-df1e80aa5885,2021,12025,B
4bcd28e7-f6c5-4f87-b5fe-b0d6395cd046,2021,49071,B
1eba19bd-8fa3-467e-aaa6-9943f5ae9f76,2021,1270680,B
b3b1615d-996a-491b-b4eb-1e2c16fadcb5,2021,12025,B
11b1e523-f75d-42f8-ac10-7c19ba7b625d,2021,64664,B
b2075662-5be6-415f-9e69-535edfe1ae76,2021,60886,B
ee423ad4-3f89-4d7f-b810-deb515759f03,2021,60886,B
b69f7837-9d1b-49ed-acdb-14ab124d5e2b,2021,60886,B
b0495b21-2af0-4bd6-8b02-079bdd6794f8,2021,60886,B
64a62df2-4ccf-412e-9b6d-fed254f1a497,2021,60886,B
eaf55b25-3746-48b6-9ba4-5abe6f791b27,2021,60886,B
9746bf97-8013-4f5c-81ea-e2b93c2a6c1b,2021,60886,B
ba093727-bd4a-4b06-acf5-44da5b4cec68,2021,60886,B
75fb9893-7a49-4181-a2da-9538e13c0e4c,2021,60886,B
2ee0b1d8-a983-4c3b-adbe-592e8798b7ab,2021,60886,B
0dc8cf47-f732-437f-b5ea-d453f89a95c6,2021,60886,B
8797a3cc-27bf-4402-89b3-724953c694e9,2021,116770,B
ddd98ab0-19c9-4cf7-bad4-3b058cd6078f,2021,116770,B
123c17f3-b59e-46fd-9e1c-bb8e046a06d2,2021,116770,B
a9897d09-e849-444c-bf8f-7ebdd99e9d47,2021,116770,B
9e4ed2c5-bf3e-4dd6-a2ab-5a95959e1feb,2021,60886,B
b77514c6-3792-4aaf-85b2-469a0ef80c6f,2021,1270680,B
d5b0120b-12f6-4568-aa8a-99495dcb22f2,2021,1270680,B
190069e7-398f-4d7e-bbcb-f71a09b51e03,2021,1270680,B
4088bffe-feaa-4d32-a0f2-f6a93e3ec8dd,2021,1422296,B
a65de16f-d536-49aa-bf43-3e14dfce3934,2021,106167,B
a1fc72c8-0d98-4760-9fd1-c4c763999d2d,2021,46377,B
2a36ad90-2fd9-4519-89db-793c950c44ed,2021,18671,B
92e3d24f-c997-476c-9421-200562f6b241,2021,12313,B
43f9ec43-e44b-487b-9d10-79ced072b56e,2021,5000951,B
b416f760-7096-4c1b-b31e-7be8e57cf39b,2021,5000951,B
c4c9f82e-5706-4c0e-934a-ae9313bf43dd,2021,5000951,B
87d76893-044d-4363-9931-474af3584ad2,2021,1181115,B
5ade77b4-0476-442f-b4a6-9f6ccebde26c,2021,5000951,B
d8118b23-66ff-4a9c-b292-c31fa82f63d8,2021,1118057,B
2cd23167-0dc4-4a4e-a0ab-4b90a4c337b3,2021,43664,B
cc51419e-8e20-4b05-b2de-c6d137a9a08b,2021,5000135,B
dbf33e94-fad5-47f4-9ecd-e60355e4a9da,2021,5000135,B
222b77b9-c575-4d0d-96c6-892883c892fb,2021,43664,B
89256549-0cc8-44b8-8bd1-fc30c5c1152e,2021,43664,B
c4890c75-9054-4fbd-bfa7-137ab0d833fd,2021,43664,B
8bbf829e-e1ce-4ad9-b7c9-3d6e4c6298ff,2021,2209,B
f517240d-f27d-4705-8e73-26fe4d654101,2021,2209,B
b7832a36-be91-4e97-b34b-2d7015a5dac5,2021,2209,B
612941a2-c6c4-4141-83b5-d013975133c7,2021,48675,B
ee702862-c415-4465-9b07-7eb0ed3211ec,2021,48675,B
4876e4d0-091e-48a7-a0f3-0b531138ebe0,2021,48675,B
e6c0da6c-4cb2-4497-a069-f9cbb45492da,2021,1042278,B
14776898-3056-4c7f-81fd-95762f644a23,2021,103062,B
b271289f-2f08-4475-b3e0-d7298b6c9dd3,2021,9425,B
4080d6f4-11fe-484f-a147-92da3cdee766,2021,1306689,B
028ae04d-3926-49ec-a531-7685690a8d0c,2021,13595,B
d6cc70f0-3cbb-4ce1-9f8c-2009c85e6769,2021,18683,B
c9fe09c9-3f1a-4074-addb-35eeabb5ad9a,2021,1118057,B
58948667-948c-4c94-a3c4-519646a3f45a,2021,50082,B
a14cb9e4-70bb-41aa-add5-a8b10f10ca6f,2021,20009,B
0ff0f746-c642-47a3-99a3-7c688f815c74,2021,1204325,B
fc87f3e5-3c4c-4f32-b43d-0d7a4a7e7d28,2021,98595,B
c30721b9-111e-4e60-bb1f-c7738f250e71,2021,98595,B
01569fe3-2b5f-4528-91d9-dab39b76fd1b,2021,108660,B
775cd06a-aec4-4e04-bae3-c86279618176,2021,108660,B
d5d55c2f-919d-4a9b-989a-891181c96dfa,2021,108660,B
e3cc436d-9861-47f1-a90c-b3be5e2e80ad,2021,108660,B
2f80b0a7-9962-48c2-be67-fe328a8d2478,2021,108660,B
b614f392-df73-42c6-be72-c5e7e1c7f976,2021,108660,B
16b0c6a2-6df2-4e7a-a975-c8f591553de5,2021,62484,B
4c8903a1-e1ee-4ee5-a8cd-c538b3cfcd1e,2021,117532,B
35d8544e-1b5b-4384-b0ac-7ead08d10f1e,2021,1161716,C
edb83795-950b-4a02-ace2-ae1cc79caea1,2021,113687,C
02e673e6-1fd1-421e-bbb9-a9666db03b61,2021,106996,C
3fe04f63-4351-447a-a82d-af3be2d63398,2021,13401,C
112318f7-08a8-49c5-b968-cc958ab3196e,2021,13595,C
a2c4416d-1873-4f1b-8760-4a47b624da31,2021,114616,C
ba070b9c-f878-450f-ba31-07ca302c3bde,2021,41238,C
76c658e9-6890-440b-9646-fe7ce70cbe46,2021,9414,C
1d0c5b4b-f971-4654-a6da-6082ab0add4b,2021,1322390,C
5f43018a-d3f5-4a4f-973a-a25c82131f5f,2021,37862,C
392f9b38-63b7-43a7-a649-3dc255306ab6,2021,74737,C
f979e4be-3c9a-4862-97ba-5b02a94aaa3f,2021,48205,C
2a4b2e09-3d8d-44a4-aaad-9f84feb55ef1,2021,48205,C
7342347f-c220-43e9-81e7-ce47ec2cedb7,2021,1322665,C
4f638180-774b-4caa-ab35-1ccaae4d691a,2021,49071,C
7ad1f539-24c6-4032-89f1-8aa5072544c2,2021,107920,C
e7dca7a1-f8a0-4b78-82b0-33c2b37aaf77,2021,1322390,C
93e1e24f-f6cb-4bec-9473-243008189441,2021,1258063,C
cddb6d38-f8d6-4e2c-962a-d0443df59027,2021,1330347,C
5b5d98f5-3364-49d7-8455-132b5023816f,2021,43664,C
bfa0b0e7-e5ec-4ded-b6b3-60f865fbdc25,2021,13595,C
2afacc4a-bbbb-41d7-b2f1-08eb85245a4e,2021,83388,C
d1b25c9b-5f15-4350-b8d0-66738fc11614,2021,19047,C
5863ade1-8b8a-4d04-bd87-7b3bab12ce3c,2021,113455,C
066b2614-0efe-4fcb-8263-4b40d8cce59e,2021,106996,C
4a556bcb-7667-4baf-b3ca-5380d4338c52,2021,37862,C
313db529-b1ca-43ba-8acc-cd6fce337936,2021,106996,C
c43fae5f-fb4e-4f9a-af4b-7a19c339287a,2021,968,C
6c42194f-47a0-4446-b151-9e90c04e9c56,2021,18267,C
c4c24104-f08e-4ebc-95a3-143c8065bf29,2021,98764,C
07bd5aed-d55a-4c7c-b903-635ae7c8c1a3,2021,112086,C
20ac8aa5-b525-4194-9b64-88e3523fe320,2021,62484,C
32b430f4-c817-4732-82fc-4d41d13c0b10,2021,108660,C
deee514f-bbe5-4bf4-8315-1cac953d63e5,2021,13595,C
a66fe9f0-8305-4b72-99b1-9f1b860eed59,2021,98665,C
b5991c5f-37cf-42db-992a-bda42476e496,2021,98665,C
a4599d47-7d99-4ae3-ba8f-6880ef2fd796,2021,86326,C
d848e11a-0f14-4187-bec5-ebe68f56a70f,2021,5000143,C
9dd171ca-86d5-428f-96bc-9efdaf6f84e6,2021,1190071,C
550a2564-3366-419e-a801-fa8202bea62d,2021,1136142,C
9346bad0-b7ff-42cd-b681-c13368eaf99b,2021,88084,C
368091df-e6c9-4116-8693-b701ec33715b,2021,94762,C
6a3541b2-6533-4edc-93d9-978838db10cb,2021,1265453,C
e1ed7571-7c8b-4fea-9e47-e3735f69d5e9,2021,48205,C
e73bb06e-5693-49ac-8ded-19e2dcd34be3,2021,118994,C
df833f2d-206d-44d0-8c92-c80293aff10e,2021,98665,C
8d284366-0b87-46c9-b2e1-89afcfb3c685,2021,9414,C
c58e3e43-a817-4e67-9776-a657fe9457fc,2021,13595,C
79f25119-90eb-4962-abee-183b6a4e71c0,2021,94762,C
98db4c6a-4c0c-4ad1-a128-ad7c6e6ff534,2021,48205,C
dc963226-f399-49ce-b25d-472fb8d5c4f5,2021,968,C
f4857c7b-0c01-4c36-8e83-df68282d50e1,2021,20030,C
5d1718e4-be84-4003-863d-f630fd13f411,2021,106996,C
7dcb9615-8c81-4f8c-98e0-49ce4ab2461e,2021,91181,C
8fcad066-3539-4a01-bf04-6e377e2b38cf,2021,48205,C
5249e914-2be8-463e-8c73-0e97a1d7839c,2021,107920,C
caf20299-405a-4f70-8c40-412e3d05a3a7,2021,43664,C
6f9b5b1f-c3ea-4faa-8ad1-0e879204549e,2021,19047,C
e0199349-7f89-4f0e-ad63-14fa1c80d756,2021,37862,C
4641d4a4-2e77-4139-8818-fac9aa616fd1,2021,106996,C
c346f584-64ef-4285-b8ab-99736a1aa9f0,2021,1181115,C
57a77841-9ff9-451e-8e06-22529bbac619,2021,20030,C
d4aeac59-8eb6-46a5-a332-bd2f24fc470f,2021,108660,C
4ebbd280-d496-4efe-b66a-4f61ef32ab27,2021,1047907,C
fd5ed0fa-17f0-4fca-b0d9-07db6054cb2c,2021,95175,C
c9dc0582-4744-4707-b861-4a5fdb317dfc,2021,13401,C
952a63fa-82c8-4f52-ab64-314d641d967b,2021,19047,C
6d250080-ccbb-4269-af34-bd4b29179f41,2021,318882,C
fdd972e7-354a-4417-ad30-030cea510419,2021,1306689,C
fade133b-cddd-4556-abd5-f0cccb73aba6,2021,113455,C
9b7194f5-fc23-4776-acf7-02da28575313,2021,107360,C
c10ae6d8-6e45-4701-97e7-c93385d46e30,2021,58808,C
9aa180dd-e379-41e6-a1ef-038ee3120203,2021,107920,C
22b7e058-c68a-4a98-a340-085871c71802,2021,55777,C
7df6e45f-9255-408d-ac92-8aaf7405086e,2021,101942,C
261eeece-a077-421c-a74a-e778e910bb15,2021,58808,C
7f19a32f-c6a4-4893-ad2b-e191a6a5508f,2021,1070485,C
ffb3b344-e59f-4c50-9017-57a419a9d716,2021,1322390,C
898f1484-edfb-4ca5-b6de-3784c79d6983,2021,1190071,C
e80b5670-3747-4b2e-8214-edcbaf558a15,2021,83388,C
59d38fa2-cbd8-4acf-8271-93aff79695fa,2021,108660,C
f3d254e2-1af5-4b79-8892-796185e90b32,2021,94762,C
000f2e56-6b42-47e7-93e7-0ce5bbeaa936,2021,58808,C
ee314419-5d03-4df7-9a5b-0e199e713dfd,2021,47051,C
aa5ee330-7471-4774-b6d3-39d6e975076a,2021,48205,C
6ef01629-d21e-46f5-9c25-ba089725bcdc,2021,968,C
8df3ec00-0030-48da-aeff-ae922c813109,2021,43664,C
1f30cb29-13fb-4e9b-9594-0b32b28f9058,2021,118994,C
577b5148-ef2b-40f6-aa93-4fcbee93e518,2021,41238,C
1390ec3d-c47f-4a2c-8239-ced7887e33b7,2021,13277,C
bfbe3494-6c80-4807-9bf2-59bf5fc4953f,2021,64664,C
d003c60f-d252-432c-a2e4-cd8babf01792,2021,56172,C
37e891fe-f30c-4075-917b-a6efb0c03aa6,2021,106996,C
7cdb2418-1329-4818-91c3-84e2d4ae7d3b,2021,49054,C
33f2e7cd-2fd8-438e-9f7c-c74a55f33243,2021,968,C
7ac3de1a-3e13-46a9-9d14-4b9b0eeea266,2021,106996,C
a6712ca7-7dff-4362-8cdc-321f4c11e06a,2021,1322390,C
cf4973e4-ac80-43d1-8463-58d99d4381ce,2021,1101244,C
b220417c-12b9-4efa-b458-8a0ca3574983,2021,74737,C
60adcd4d-14e2-41e7-9a88-19ed0a21d41c,2021,9414,C
7f5f9368-4d58-4def-bce9-8d718a6f7efb,2021,1187671,C
5bf4392b-3d2a-4ece-a57d-295a2fb42dc7,2021,1385488,C
4cc0a710-736a-4e29-94a9-cbab9a834368,2021,1385942,C
0f06ad8b-3210-49e3-aa11-19ba066c92c7,2021,101942,C
7e4630f1-9cd2-4b6e-a07c-78f9016180f3,2021,37862,C
74a31cc6-c95a-41e0-86a3-a6edd128e61a,2021,91262,C
ab3e446a-6e72-417b-baf8-c30cad9669c2,2021,13446,C
2ec42ceb-7d5b-47f7-9d89-4d9596f466fe,2021,106996,C
a05c4df4-0cb0-4628-8285-b1b31884d6d8,2021,62484,C
8e882b67-e19c-41e0-ab7b-f5f9db5ad5d7,2021,1376181,C
2e11bfc6-9efa-4623-a72e-d2a99f1ea67a,2021,5000135,C
8db66bed-cf92-445b-be46-001d6ece66c7,2021,48205,C
aff1d605-5ed3-41f0-84f7-6731d09fd78d,2021,1322390,C
bbbed124-2bf3-43d4-989e-cde01898ff84,2021,9414,C
83d7167e-1b38-45f0-9a05-e34b1930da18,2021,103062,C
260e0fd8-0067-4604-adbd-24656d2a4466,2021,1148708,C
dd92e5db-dade-4d06-b349-3e073ed25587,2021,37862,C
98b148f6-b55e-4d24-b69e-5a74a12dbe05,2021,20030,C
6043b6fa-c15f-4923-86f0-edb1da1b28ef,2021,83388,C
668b9a44-1f76-4f63-9eeb-55dc4f7f32c9,2021,968,C
ad94fd81-87ce-43f4-bfbd-f0a2968543c7,2021,88084,C
deb7a165-5f77-42b1-9696-c3f303825b9d,2021,43664,C
06d19cc4-59c2-4ef0-ad1a-3845e7940062,2021,50981,C
9444d032-e2ab-482a-b305-bd6adc240a1d,2021,5000135,C
b3dfc793-95e6-4ce1-8770-bd5d86428a71,2021,98305,C
8500ba00-1e6d-45cf-8ae8-2cab2d06a7e9,2021,106996,C
de5f0981-d1b2-48b0-a357-f4be021dd736,2021,9414,C
9c72f182-d289-4aaf-8e66-6aea9faef649,2021,2209,C
43a8d097-bf79-42a9-b257-fb5ea459d30a,2021,47051,C
ebbebef2-201a-407a-912a-64e0629bb6a2,2021,1136142,C
2bb740bf-a291-40cc-ae4e-66c0fbb62073,2021,1385942,C
7f973269-2d22-4535-9653-09e2a1c224d3,2021,19042,C
518ed141-5d38-49f8-ae37-a0858c71ee05,2021,98665,C
e4e46c1b-c8a4-4365-a9b2-a11c242a4bc0,2021,101830,C
2561cf6e-bcee-4e4d-8447-2982a7681434,2021,318882,C
797c8fcd-7b95-4b09-885a-208ceff49c39,2021,118994,C
2a6b3675-52e9-4a25-a57e-9e3ff852c0c2,2021,107360,C
eaf5e8bc-7a19-4d59-a9e5-17bb67b9afd4,2021,18584,C
9f5e4bc4-d4d1-4ab2-8e22-28d95e0c05c9,2021,1136142,C
d4ed8f05-3e00-4936-bb08-1b031b59cf8a,2021,1385488,C
643fe07a-9761-442f-81b5-8f7632307334,2021,1283028,C
4b87ac81-21dd-4230-a410-cbe6212d9b25,2021,48205,C
fcbf2ca5-d160-45f6-824d-d024347bf488,2021,118420,C
01348f2d-8f16-4fdd-b806-0405072dd7a2,2021,106996,C
3947da26-7eab-4a5c-b16d-dfdd80938944,2021,106167,C
7e265a64-f2fc-4787-915a-9300ecfd07d0,2021,98764,C
fc4e9cf2-f5ec-4661-8e67-1659f623c279,2021,64664,C
8c55afb1-a94f-4c37-a761-015e7c2ad275,2021,1306689,C
4da38ee5-fbd8-42ee-aac2-11b39f840074,2021,53333,C
bd24fece-c06b-499c-abb5-59ee60417efb,2021,1070485,C
77891010-f890-4923-a4de-520273cf1596,2021,74737,C
cee315c9-18f9-44fc-992f-d77c224241e1,2021,1132918,C
e42ed2a4-f45f-451b-ab62-0b6a5a36ad48,2021,1139692,C
023f0221-e491-41ef-8737-a837401bfeca,2021,41238,C
d337ddb6-2c3b-4393-b9d5-e1db5d49baf8,2021,90030,C
472c7239-5348-4994-856f-2b3e86e02c5d,2021,98595,C
18c16e54-c590-4b21-af9b-7a53686fbf36,2021,1322390,C
1c3bb7c4-cd5a-4b73-9126-1d4476a79fe3,2021,1101244,C
dcb53fb0-b411-4e12-ba99-d13380bb8773,2021,94762,C
cddc26d4-5c58-46ee-8fed-618e4a4dc258,2021,53333,C
faacb0d1-4b73-4422-8923-fb7a6a466598,2021,1132918,C
b0d9d91c-a4cb-4fbb-960d-7456f20b1111,2021,101942,C
356cb12d-52c9-4cb7-a7b7-ae165b8ceac4,2021,5000135,C
d04b8c81-93de-4106-b3c8-22238f4a9bac,2021,95175,C
af76873a-62e6-4109-888c-bdefd85f112e,2021,101942,C
16646d36-67f2-49e7-8029-8c5958d6c4cb,2021,13446,C
cde815e9-0b23-40ad-920d-e65ae505b8b5,2021,1181115,C
87545947-a3d7-48c2-8893-cf11d4e1c9e7,2021,18559,C
79b87578-293e-42c4-80da-189d5ead9853,2021,98957,C
97a68a4e-eb15-44f6-99d9-b38a0d5db1a3,2021,1322390,C
9060b33c-c90a-476c-ab43-815f14083a68,2021,1190071,C
d120f693-2155-4724-8d64-f4790e03a3ab,2021,107920,C
5c9f4283-10b0-4e57-936c-0a43cb3e9409,2021,1269545,C
4532222f-3d51-4c4d-aec1-6228a276ff04,2021,98665,C
2fa32024-ea0f-487b-915d-5781c09987b8,2021,1376181,C
2a8c4241-f398-4572-a73a-4bb4cd898291,2021,41238,C
cfe91f81-0124-4d68-bdf1-10f20a377513,2021,18584,C
9b5883c2-d700-45c9-90bb-0eaff340c519,2021,37862,C
1580335c-f6fc-4e2e-8efe-36a64dd56703,2021,95017,C
dbeffba2-b122-4054-ae75-fcd54e0dbf60,2021,13277,C
4fcb6bc3-ddea-4dfa-a202-a405b6eadf74,2021,2209,C
b9572fa3-52fa-44e0-9745-728573bd311b,2021,47051,C
add1fb3f-b151-4453-9673-accb268a8591,2021,18558,C
4bd49977-95db-42d7-a167-38c04622d322,2021,2209,C
9669c409-2d3f-4124-9dae-77d77c1b4bd8,2021,1322390,C
abd679eb-b2ea-4c3c-9fec-1218f3085de6,2021,18584,C
528d2b26-fdf8-4a88-8969-fd6bcf37c76c,2021,88084,C
37950efd-6556-4e99-bcb7-05cd8e533576,2021,95017,C
ae5521b7-dc6a-47df-ab78-fa5b22062bf2,2021,56172,C
37ad7536-848f-479a-8291-c7268666da9a,2021,114616,C
c7b0a3f2-0534-4bd2-9d28-12f77d018c0d,2021,104360,C
0e3d4b3a-8e22-4946-ad41-5dfc98781462,2021,108660,C
867ed6e8-1623-4c69-a575-69e3cdb41d95,2021,20030,C
674c80c5-8f3f-433e-baf1-2e9141c81e74,2021,1203177,C
159b65ea-425d-4222-8f9f-b71324e4239c,2021,98305,C
dbc3055f-51f7-4e23-b828-393fc4976d99,2021,107360,C
da00f692-610b-4347-89a6-6ee7b6dd241a,2021,113455,C
b3658b99-36b9-418e-8613-9adb66cbb5ab,2021,88068,C
b98b5b19-1e32-4f27-bc60-200225396702,2021,1181115,C
3d7e9dd1-daa8-4da8-b7ef-c83506e499b7,2021,9425,C
ebef5b08-6c57-45cd-a42e-66b7f9b35a2f,2021,43664,C
494007d6-ec22-4ec5-bb39-1dab9669a66d,2021,108660,C
7be0f1bb-1e81-4466-966d-89fd6ebb8211,2021,318882,C
edb6f69c-10f6-46c6-8cae-fcc0cac90c79,2021,1136142,C
3f612768-1bfa-4c8a-b19b-9e728af80e9f,2021,1047907,C
49b59c89-9b9d-49fc-a2cd-b4e527b72fd5,2021,968,C
7ffad0cb-c57f-44e8-81ff-b5ddbe5298aa,2021,62484,C
b4031341-7a3c-4a97-aa4e-f96579d5e0f3,2021,5000143,C
6ac41eca-0e10-400a-851f-eeeff547eb20,2021,97778,C
a2313020-f5f8-42e5-8add-092e174ae799,2021,1136142,C
dbb2452d-c48f-4afd-b9ea-2c5229f2d25a,2021,1190071,C
dd84a327-df17-470b-b4a7-347caad1f810,2021,1288839,C
0c8680cc-b681-42a0-bf31-0d5dcabbe3cd,2021,5000135,C
6bb899f7-6fe7-4a44-8813-97fc295e3cbc,2021,13446,C
eb02ccf3-f735-4573-b668-818c2df473fd,2021,95017,C
3075e839-6e62-44dd-b2c1-7bd95bd1a614,2021,88084,C
36ae26cc-d13e-4d03-bfea-c223f6dd550b,2021,1136142,C
9879e0d9-17be-428a-b7f5-9b5d8154b9c6,2021,1283028,C
113545e6-37b3-4b1f-8a41-99b2899e83f7,2021,67092,C
7a478e82-800f-4126-8077-3948a9947e3a,2021,64664,C
935430e6-97b9-450e-b17e-a01fa5c829f7,2021,1267543,C
d84aa22c-fbf0-429f-9004-9937ca7298c6,2021,59122,C
3b344761-4f0c-4405-96f7-5519aa486109,2021,98764,C
f0f5346c-f78c-4cd7-8a79-8c1dfe110bcf,2021,98764,C
29f31cff-c263-4a13-9c5e-c3b6b777fbf7,2021,1322665,C
f4b3eb64-443a-4d56-aa84-6f6e9fbf0f76,2021,1376181,C
3a498b4f-0f53-40c0-bb64-b785ac5fce5e,2021,968,C
b256d4fd-3dbe-4270-95f5-168071e1e5bd,2021,318882,C
881db7b6-85a1-4b19-af64-a7c6d0372683,2021,83388,C
ebfee7bc-3bed-462c-b6e6-a7707a3d9d0a,2021,37862,C
dd50c638-9eab-4253-943d-5815cc596303,2021,94762,C
4d96882f-4e55-44d3-9518-b01cc7fc0586,2021,56172,C
63d7ca7a-cd88-4c78-aeb4-8fda87ae43db,2021,1148708,C
2f0cd3d1-632d-4add-8ba7-c8cf3b77ecb4,2021,90030,C
1901a5d9-aabf-4d82-ac9d-bdf26459e4cc,2021,64664,C
f03c51b7-a12d-4df0-9e4c-50b937c559c5,2021,98764,C
c43cc7ec-866a-4718-83ea-44825b4e5343,2021,1190071,C
aaba1bdd-7638-4c0b-a2c2-111c7cdf1a17,2021,55402,C
eda02451-e9c5-4209-bfda-e6fc34304107,2021,108660,C
f18f8350-fbdf-4d33-ac77-9578cd66660b,2021,1385488,C
ee024da5-4e7b-43c6-908f-287603ac6e63,2021,106167,C
f5c3aa23-1925-4ca8-bf95-a3d10b834738,2021,103062,C
714fbc20-cd52-4a8a-aa61-345437896f1a,2021,317,C
6ad7be8f-2d71-48bf-9ee0-22fa889adc39,2021,59122,C
37ef5957-c472-40cb-b1da-e554e75be25e,2021,106996,C
95d119ea-137a-4efa-a846-b09d3f401630,2021,20239,C
a8fb142c-ea84-4f08-9c9b-6d593b7c3a18,2021,1047907,C
ce081e78-103e-438f-a19a-c8f4252dd301,2021,59122,C
2f9f054f-7f5e-4c56-9bb6-8d6ed47e9f34,2021,48205,C
849148b8-cb57-40fd-af72-619af551aab2,2021,55777,C
0e980906-eb3e-43e5-a13c-75db80faca34,2021,114616,C
c7c530cb-7f35-40f8-8204-83f26941e576,2021,18584,C
55fc6458-f79c-40cb-a002-91f894962e02,2021,18559,C
d1576a7b-d9ea-473d-b6b0-25a60fdbaee2,2021,13401,C
96f6e41f-eee0-4f61-95bc-4c15b2f6646f,2021,46377,C
1093093e-e221-4d58-a37a-6cbda12ab1a0,2021,18683,C
3acb0d8d-5096-4a27-b360-cddb71f02979,2021,20030,C
fe6b3002-fa49-4a45-869c-05679b09814e,2021,19047,C
a8554fc0-7c34-4b91-8125-5724c8de1205,2021,1322390,C
2a5010cd-8599-4024-8d81-3bbb00a5160a,2021,13446,C
059e82d4-7411-4c62-8a86-51d6b5353ffa,2021,95175,C
bedc893d-a456-4a2b-a712-f7bd07a745bf,2021,1101244,C
52ccf1a6-0968-4fea-82c8-b7fba4dc2b61,2021,1118057,C
3d9305b4-c59c-4912-82a7-76d46a436498,2021,18584,C
65962087-0c17-4222-9a71-c4b062a0b9ea,2021,9414,C
583c209d-9610-4a26-bd73-fd7bdb42f9b4,2021,2209,C
784d1e8c-d269-404b-ad6c-1a304e47bf24,2021,18903,C
0ed9915a-e106-47bf-826b-6ae6e1c39993,2021,1136142,C
c68951f3-bb86-477c-b94a-6561bc062922,2021,94762,C
482aedef-b331-405f-b6f9-7d7ee7da639a,2021,101830,C
f69b903a-9344-4065-a4fe-00ab5f0941b0,2021,47478,C
2cd30d36-33be-482b-b60c-780a487510b3,2021,59122,C
e9f56c7a-876c-4301-a810-303498ca08a9,2021,18559,C
78d8c761-fd01-420b-8ca5-1545ac8c6c8b,2021,1322665,C
ba85248f-9c30-41fc-8a65-f105b6199879,2021,968,C
0fc246db-1671-4cda-bc4b-0c12746900bc,2021,94762,C
1f744260-5aae-4746-bd0f-78a6c83e39d8,2021,94762,C
b63d4353-4549-4020-95b7-b8ad0bd160c3,2021,9425,C
0f329acc-3325-4bcc-8714-4d5d0ab0b163,2021,1269545,C
0cddb837-e7a3-4a66-b0bc-c142db05f762,2021,1283028,C
0e085876-bd06-4865-94d8-6867f98af407,2021,5000143,C
541fc394-2066-41ce-b1c6-4784487ebc10,2021,13401,C
b3a6d682-7546-46ca-8387-cf612c9472ef,2021,41238,C
aef76108-5273-4d07-84c2-9ec4d4a86515,2021,48205,C
69f77fad-9e67-4b8f-89ee-76b24980b889,2021,18558,C
e3809a6d-fcdb-470e-a431-c2ad5544edd4,2021,13216,C
a4f44f7f-f6d5-40e0-bc97-d19554ecab6d,2021,1101244,C
ea0bbea7-ad60-4e61-b34a-392b03c4408c,2021,118468,C
ea25dbd9-4904-4636-a9ac-21c16e30b23a,2021,49054,C
087188f6-035a-4e52-95ce-41adbb8240e4,2021,22047,C
d3e2279c-62ba-4f56-812b-26a3b186cc1c,2021,1322390,C
b3a8dcbc-eecc-4924-8669-cf24f7664046,2021,108660,C
94ceb93f-f5e6-4987-a99f-dc9ed937a460,2021,1136142,C
768bbba0-122d-40bd-9fa7-6b3f1b6eb8aa,2021,106996,C
b25c41dc-0779-4d9d-af80-f510f5f1a0a8,2021,117022,C
0cdcc8f6-92db-4f89-8b73-7cf5822e3519,2021,13446,C
3b2b8970-0e12-4cf0-b746-ce3359f4a41c,2021,107360,C
dee597d5-d942-488a-b57e-f1a138f3c787,2021,1270596,C
079c9edb-bb52-4952-88b3-1f3513550dff,2021,98595,C
be181883-9ce6-43db-b407-22adbd3fb2d0,2021,18683,C
ae7e6342-e319-4445-b382-20da44fb4f54,2021,19042,C
72e1948b-35ac-4604-9f8a-389113eef6a5,2021,13401,C
0646e35b-3041-4727-a5b6-3fb595465f0b,2021,90030,C
0624f024-29ba-416c-a877-9c38a00d88ab,2021,1427745,C
edd0e0b7-6bfe-4b2e-ad9f-1a09c9a6e360,2021,67601,C
f674cd8b-8337-441a-af8c-f23e00625602,2021,116770,C
44701f9e-122d-4166-a13f-57fed9ae69f8,2021,67601,C
06e6f181-90c3-4be0-bea6-fe2e7fdf7eb0,2021,95017,C
f47f41e3-c369-4f60-9852-93680308f90f,2021,1272079,C
1a7a2151-b5e0-4992-81ec-fa1968aafdaa,2021,18584,C
b9a2a49f-ce0d-47d1-89c9-5f34d9b98aaf,2021,1187671,C
0bae8c84-c1a8-449a-b85d-108a3a341830,2021,1181327,C
899960b5-b7a3-4e1d-98cd-fd8072d0e055,2021,62484,C
166b3b51-171e-4794-acc6-31562be8efe6,2021,9414,C
5afa300f-8499-4ea5-a41c-c5fbb0e955a0,2021,94762,C
d4589cf3-8361-4c1b-a33d-9524637a1411,2021,50082,C
b3ebd1eb-ab53-4a93-800d-679a59a27ab5,2021,13277,C
54f64ba1-2322-4e69-9f3c-7371bbe60006,2021,1385942,C
161444e4-568f-4c49-8847-c840bc6b2199,2021,19047,C
9eb3d56e-2a07-4d3b-89ce-e47c62cdb544,2021,1314243,C
b6dfdca2-2f99-4cb3-8408-476c1326da13,2021,1306689,C
b58223a5-be79-478c-b9bc-bcc7a6af72f1,2021,2209,C
8dfd572b-fb36-4f3b-8925-a6e67b3ad5a7,2021,95017,C
1a6cc905-b616-4706-bf5d-04e51af40703,2021,62484,C
ba8cb3d4-1a3b-4795-8d8d-3e7a5b289bed,2021,48205,C
0b4641b5-4c34-498d-8fea-96c429a44e9e,2021,1108692,C
670a6ab2-25c8-44c9-bae9-f2ab828d2f92,2021,1376131,C
1b6c1110-8cb5-4345-b05c-d26b7c64f515,2021,1136142,C
59a9e701-4f9a-4130-8250-c9aa042942d3,2021,114616,C
cb5cabc0-64d8-4c34-a559-e16c811f720f,2021,1204325,C
2b40bf78-405c-4caf-aead-49c4ada81bea,2021,1047907,C
4f2ba2a3-ca27-4aa7-b643-16f55cd02907,2021,2209,C
3e5c7a5b-f229-475f-99a6-510a39a26a33,2021,94762,C
52170f3a-b888-4d96-8bad-39b8347ce1c5,2021,55402,C
0bc91515-7d3e-4939-ae62-3cb1e8fe5b59,2021,57606,C
5251e251-7f6e-43df-9ba0-8eaa42943275,2021,5000143,C
72960b27-0dde-44d2-8f77-7701c868f52a,2021,21464,C
fa145cf1-d9bc-4448-be6b-811956746655,2021,20030,C
ca7a56c9-6790-4deb-b5d1-7968aeb0be9a,2021,513,C
d2885860-e27a-44a3-985e-d38502fcb728,2021,18584,C
892a9b5a-7eec-4b13-8f80-a2320a2dad13,2021,18559,C
d852793f-341c-4d56-88f9-f995799d57c5,2021,19047,C
098e8d9b-08d0-42e3-bc0f-86eef62db58c,2021,20030,C
156f7778-0854-4ecc-9a8d-98e0d8cf8f0f,2021,18584,C
f20434fe-6995-4a2b-b071-8f859b70b961,2021,5000143,C
b204c180-9050-465d-977c-76d2e9b3e2ae,2021,113687,C
fbecb023-46b5-4138-ad24-cb8725bc0a67,2021,55777,C
deb457f2-2fa3-4239-badd-ddf1db658b1f,2021,1148708,C
02a74a4a-8a11-449a-a151-debf13c543cd,2021,59122,C
7a6aaade-e706-438f-9966-4b6b532f0a0b,2021,114616,C
5d43822f-9f7b-41ae-96d1-b7f3bdeef346,2021,108660,C
6ae47045-f976-4420-8f8d-7848f75edc0f,2021,5000143,C
6208c3e2-518c-4f29-aea3-27469bc858b4,2021,18584,C
2f800b8f-9b33-49bd-8971-c5e45fb9f336,2021,18584,C
9e404270-a1ec-4e98-8310-478805753021,2021,88084,C
27a140e3-44b7-43ce-8bab-5e219220284b,2021,1118057,C
a4767900-1429-491a-b67e-a93b5c6231c3,2021,513,C
ab048171-3af8-4e92-80b7-c5a2e08e56d4,2021,47069,C
6bd742a5-3389-4a38-8ed4-9413e921a261,2021,1070485,C
3872d4ab-a2a0-4c3a-95d2-6fc3cb252fe3,2021,1132918,C
72a23adf-c859-4922-88d6-2fb1574e0968,2021,54934,C
967f4ea0-407e-499c-8637-85d020d1756e,2021,2209,C
ae611c99-bc65-46f1-bc00-8ccd92323208,2021,1190071,C
4eac9582-a4c2-4e04-84ea-5360755e4e8f,2021,1136142,C
d078682b-745e-4761-9e98-70f6b29302b8,2021,1283028,C
d5568eda-f4cf-4faf-a182-8efa2ebb827d,2021,98595,C
5f749cd1-622b-466f-b15b-4255e5c742ba,2021,101942,C
1c3d776c-748e-4f7c-be25-1052d9903e47,2021,118468,C
1042a40c-34b6-4bbb-a3bf-8a2385798093,2021,20030,C
70d8e6c7-62a2-45bd-af40-b852ee421b1e,2021,74737,C
c3ba3462-3cba-4731-8b5e-9f83852f6cf7,2021,56172,C
d8691f68-a525-4e97-9d42-8971fdbf7f0c,2021,106167,C
7732dddb-46ea-4022-898d-f9a2ba233ea3,2021,18559,C
fe4b98fe-da76-4449-b1f1-5dfa3f7da39f,2021,1190071,C
5e0055c2-11b4-4b1b-9473-33a94148354a,2021,108660,C
478bd2db-90b1-4478-aad3-ef5c04e3de01,2021,104360,C
2b065d5e-7ce5-45f5-8135-189667ec0dad,2021,55402,C
bc2f5bd6-14ca-45af-998b-87f17add5d7e,2021,5000143,C
85741618-3de1-43bf-8c8c-6d37104d71d1,2021,1136142,C
9eba2059-f6c4-4f9f-89f5-0723a93e0391,2021,1190071,C
fa484f05-3e40-4074-b641-0fdc9e966101,2021,1181115,C
be6d8a7e-ad7a-420e-80fc-d233d8e6c327,2021,108660,C
3e8de6e4-aa5b-41ef-b806-62cbb3853d2a,2021,49054,C
4a55f323-e199-465c-aca8-f5741a075408,2021,9414,C
7b1c945f-93a4-4d72-9344-b7e55d9838ab,2021,1190071,C
ec570891-b3fe-4e94-967d-f6250fbebe70,2021,1136142,C
20c58f1c-e7a5-4f8b-af19-28dad34064c4,2021,13595,C
885a0b17-be04-4abb-907d-7b696979be83,2021,1385488,C
1bf419bf-4469-429a-8629-6bed427acff5,2021,18683,C
06445e6e-7f7c-49de-9ed5-e5fd9481fc0c,2021,513,C
716deedf-4285-4f86-96fa-8e7f779f9ee3,2021,117022,C
008cf073-2971-4d7e-a52e-07f0fce44903,2021,90030,C
e6bde530-8dcf-47ca-95e4-6f3238dfac2c,2021,117022,C
a36a90ba-2bf6-44fc-8c40-9072499e4a7e,2021,50981,C
afbf59bf-c034-48b1-a0d5-f4b3e76ebb6d,2021,317,C
23bd14c8-943f-4273-b934-cd6edde39cc6,2021,1102628,C
f92f2abc-96f7-4ef3-8cd6-3d19fe1d2903,2021,98595,C
93109cc2-7300-4741-91d2-4aa2c1f5503d,2021,1190145,C
af43f6eb-3ecc-4385-a070-9a0ff6bd8c27,2021,47051,C
9ba024ca-3959-4c61-8946-4f77483124ab,2021,1136142,C
438f64dc-f5e3-47ac-8b19-4ea71042e404,2021,98595,C
72fc4e2e-229b-4ede-b297-3ee785826e4b,2021,18558,C
bf97d5ac-67cb-45af-935e-c33d10e3b06a,2021,112086,C
942e87c7-5fde-4506-933d-3b7cb1582ac8,2021,49054,C
93bbb2b7-1d4e-45f8-b7f0-70f0222af86c,2021,1267543,C
4d00c7a8-be00-427a-972e-738f1c7b6632,2021,1190071,C
3ae06b9f-5242-4fc0-885f-a2f726567664,2021,1314243,C
f598486e-96f1-45fe-bfa9-7645ad11af4c,2021,98764,C
ed4e27c8-9b68-48b4-b1fa-0ab475c27aaa,2021,1070485,C
ae4ed8f0-8225-401a-807c-9c31a7ee6732,2021,118420,C
1aa49f48-d493-4987-bbb1-ce5e507b1fd7,2021,1181327,C
28b5feaa-8d30-4048-860a-7daadbd7bce3,2021,1103723,C
51c5a53f-d4b5-4f6e-b957-c5754fd577fb,2021,117532,C
42125ac0-e050-4098-8d4f-8ca17db42d0e,2021,318882,C
d778be6f-ffd9-4c43-8da2-429e196ced10,2021,83388,C
a8b5e93e-3a1d-43e9-a58b-cbd1427cfdb1,2021,116770,C
7490dfc1-3aef-4e51-8bb5-822f6bc220c4,2021,103062,C
c5c437cd-ee7d-4bce-8271-9e27117adbca,2021,19047,C
008293ed-1942-4e38-9a63-67a1cdc955b0,2021,20239,C
83c2a8a3-f9ac-4fcf-abe3-5b00ec124c47,2021,1330347,C
5e7db584-1d56-4a1a-8257-c6f5c63863ad,2021,19047,C
25c70ff4-306a-4448-82f8-35004cbf546c,2021,113687,C
eb2ea565-b79a-49bd-889d-bd1688b61a16,2021,18584,C
65d72ee3-e4e9-451b-98db-b98c036d472b,2021,88084,C
00b57754-7d8f-4afb-9802-bf4a971ddfd3,2021,1102628,C
d61d63db-5f3c-4828-9c4f-d83f49f57312,2021,55777,C
1725ca3b-fa33-4f8d-904d-0910defdd1e7,2021,18683,C
3b63cc48-3181-4e35-bf50-475c6a667ef6,2021,20933,C
4562052e-3c9e-4fa8-8c7f-2910cf222462,2021,13401,C
b618d15f-1f93-4f68-8bec-7fbfa2b01e5a,2021,13277,C
a4491d71-67ff-4fc1-a01d-47a6c9043240,2021,1101244,C
a1dddcec-93a2-43aa-9bf7-dc8800aef3bf,2021,13446,C
e61382e9-d74d-4b58-a07b-bdf663dce8bd,2021,1136142,C
51b92d34-47f5-4c74-89d1-e377cbd92093,2021,968,C
09707d43-77e7-46ec-8a39-a7dd4b74e29b,2021,19042,C
59c2b3f6-fcc4-43dc-a364-074e5a340d15,2021,1376181,C
1a5ff230-c0f5-4093-b62f-c138add177ca,2021,107360,C
7a419aa9-047a-4330-88e5-16d84b9d19d6,2021,53333,C
2427735e-2ef2-4e92-8ebc-8500d2527e74,2021,68930,C
432f4920-82f9-4795-9996-7bd7141ebbd4,2021,95175,C
8037e41a-dfb1-4de6-97b5-255af039d082,2021,1288002,C
b6837a20-259e-4c0e-b01b-a80fab527da1,2021,67601,C
b6a55f0b-38fb-4eb5-8a7b-f8ad68076fa7,2021,1136142,C
947ad328-a0d2-4639-b942-56d2853b39b9,2021,94762,C
f545f4dd-7d6d-43ae-9bf0-46608cb8c4e8,2021,18903,C
901b967e-9b2d-490b-875a-452b2d2c4f9f,2021,1118057,C
6b9f8348-dbcd-4d3e-b372-541adf10c954,2021,1269545,C
0c57b929-9f25-48d7-9088-320c9b3a12f0,2021,20239,C
b9553c97-7e87-4110-a01d-8551b2bd91d6,2021,5000143,C
ec61c044-d62b-4b80-ac58-4b330e23bdb3,2021,21464,C
1e6568a1-6ae5-4593-9f0d-605f8bb63390,2021,13595,C
18a57daf-ec6e-414c-bee7-b736b828ca13,2021,1269545,C
0b32f197-03e6-4d57-bab6-5e13b6a6ca8d,2021,22047,C
5390c8f0-de75-49bc-8b7a-a914860573ed,2021,1136142,C
8f8a5c8f-f966-4d96-b21e-739a3d117b89,2021,40343,C
7857a136-af49-40bc-b437-1b614a86eb26,2021,1070485,C
13924c62-6e23-43b6-bcf0-6779366b3bd5,2021,48205,C
100c4394-cc10-47fa-88d9-276298149933,2021,1322665,C
ace7d5c0-3911-4b55-b58b-035d1a09f5d4,2021,11452,C
58e8950f-23c3-445c-8db2-a9728bbd59a6,2021,1190071,C
f1d730c1-1cdd-439a-88ca-0d55e90a0c86,2021,41238,C
147a1cec-ce85-4f3b-9507-8de8a782e6b5,2021,88068,C
19fb4bcc-093a-4443-88a4-5a27e61cb894,2021,10515,C
fbc444b0-cb3a-4c61-abb7-ad1b76f0f0be,2021,1376181,C
b3111b72-2458-4c95-a20b-92c62b9284e7,2021,5000143,C
2f53d56d-2bce-4ca2-8073-6a9a4d338067,2021,37862,C
4fa28523-f63e-4cb4-91ae-1b10f3853ed7,2021,13446,C
70ddcb28-1ac0-4f11-a8f4-a7d95c56ff8c,2021,13446,C
df536820-199a-4df0-a704-1ec581a91e44,2021,13446,C
ffafe5cf-8b68-478f-9e19-1e9a8b466da6,2021,9440,C
d469846a-e53a-46d5-974f-a85bfd8cbf6f,2021,1300429,C
cc64e367-07f0-41c2-ad36-9807432dd785,2021,99820,C
65d0d0a1-2d04-4cb5-81df-7d167c2bdc05,2021,88084,C
6bdae6af-6a97-4a9e-a649-4798587713c4,2021,40343,C
405f1ced-5115-44e3-93a5-f072ef8c90a7,2021,108660,C
c9e9fb6d-a1e3-420a-b15b-646708198375,2021,47069,C
4f9ac8f3-4352-4e4f-ad27-c132aefe7c9c,2021,1190071,C
e57f5ec2-102e-4754-9218-50c81ec3d7fc,2021,64664,C
6efe012e-338e-4c9c-b0ad-4d9754d63b01,2021,13401,C
5b5808e9-f1ee-40ad-84da-4cdb26103fab,2021,1322390,C
f821a890-1c91-4120-851f-b030bcd60540,2021,13595,C
0ec9e046-55c0-450b-92ef-bfe1022ef1b6,2021,94762,C
b4addd5f-bf5b-473a-93bd-ceea7eb240ea,2021,50082,C
abf04a94-72b4-4975-9cc3-7d3b4431461a,2021,1376181,C
cef84e27-6be2-4d00-bbff-19fb90af26ce,2021,18559,C
912cf8c3-1f1b-4b02-a2d8-a0225a83c3ba,2021,1190071,C
9a24bbc6-942e-4b56-8a08-7bbb314cfc0a,2021,56172,C
8741cbf0-ca12-479e-ad8a-8d50c62028d0,2021,106996,C
8e6f50a6-bd90-40c9-883b-6aa42e2336ac,2021,1102628,C
d201dad6-1388-42bb-9bf7-88e2c4849013,2021,1267543,C
4a8787b9-bf1c-4ce2-87c8-cbc92d365bf2,2021,1351760,C
ac33a80e-4816-4f60-92e0-6628543ca4e6,2021,13446,C
63590b20-23a6-4414-b8b1-8ecfd74e05eb,2021,11452,C
0abcb4b6-0496-4876-adab-86485f0a6c8e,2021,54934,C
26f9b887-51d7-4191-a69e-11d6a585be63,2021,317,C
963a2f2d-75c5-4818-a78f-8755d1274c0d,2021,41238,C
09be0f07-442f-4cde-8dd0-aa0b55ae8c1f,2021,1070485,C
2e73dbc3-d55a-4665-95ee-689228b6c7e0,2021,1190071,C
5fa1ce7c-341b-44cb-9bae-2e51844d9818,2021,19047,C
d39e7af6-d08e-4127-8a74-2ff847d78121,2021,81210,C
54b4defb-d7ad-47b1-b77e-ad97a408cd8e,2021,64664,C
4f5bf063-df46-4905-8160-b347ccd03d8e,2021,1102628,C
33f3c40e-93cf-4a36-a8d8-e8cb7cc82e51,2021,90030,C
03f2e463-20b0-4c88-a610-27415da0c844,2021,118420,C
60e657e2-8bd5-4cbf-93b9-a90f81c1425e,2021,1314243,C
64613780-2bfd-48b9-a69c-b0e09907b4ff,2021,118468,C
136100c9-fba5-4020-939c-ce5947b16b2e,2021,1288839,C
79737ae5-32a6-4d0d-ae38-ddd7fb577fcf,2021,1376181,C
6d9a5462-c99a-437f-b123-b6d671a86fa7,2021,1300429,C
3420036c-7df5-4c41-9dcf-03c1af2e8c18,2021,11452,C
ec0d5c47-8fd3-46db-a8ad-98b4193b39d8,2021,51020,C
84c85c59-c427-454a-bf06-8bf825fb5466,2021,114616,C
57546890-bd70-41df-b754-a9d09462e849,2021,1139692,C
40e9ee51-e421-4b5d-9f7f-f510ab60abee,2021,1385942,C
111e782e-2da0-4ccc-8a6a-fb321445b901,2021,1117717,C
12f58cb5-4320-4864-8c48-8949d5049341,2021,1181115,C
5688fc39-343b-4da7-9fe8-5e72712aa7e1,2021,317,C
834a467d-b890-4fce-9047-322de51307c5,2021,1265453,C
4985b46a-f3e7-4822-b8f1-2463c7a4ff6c,2021,2209,C
5197424d-a89c-401c-8134-22f2717357bc,2021,1288839,C
46fc8183-4075-410f-87dd-b8701022356d,2021,55777,C
ddf52062-50d9-4f35-b8f0-93d404db9bae,2021,1322665,C
7d30544f-9451-43ab-9ee1-b1d7cae28442,2021,55402,C
708b1871-5bb6-4e02-8475-bc127dfc8e11,2021,90030,C
bb74e0b1-13d2-46c7-a195-db132d9c80bc,2021,114616,C
38b66e81-531e-440d-9ce2-b612fecd9105,2021,20030,C
3b38fc56-2a7a-48be-9cb3-752dfac224ab,2021,59122,C
6b067e13-8182-488b-ac7a-2c686e1e2196,2021,98595,C
7488c074-ec82-41c6-9aa4-58381a44047a,2021,1166783,C
7ee1a14f-a8f4-4839-834c-e8c97c40e32f,2021,22047,C
44bdee95-6975-49fc-afea-a610274b4c10,2021,94762,C
1b72939e-b6ec-4b02-b5a9-905f1865bb42,2021,13401,C
b27f5c67-b9af-4479-9737-3a636fc2de71,2021,113813,C
0944210a-e6f5-4071-b774-1718dc4cdc66,2021,1267543,C
71dbef20-987b-4fbd-8699-6d6b9a9aa899,2021,43664,C
9414b4ae-f39f-4b1f-8b83-199495bbf5be,2021,1204325,C
97b3da20-3cea-4eaf-aca6-e2b9834f6880,2021,108660,C
542f8049-d631-479c-81a3-8c1e2527a976,2021,97778,C
0a6945df-e13a-4eb9-bfec-4d9f6bc763d3,2021,19047,C
45d9ce46-30e3-4334-84d9-508babc3d41d,2021,13277,C
5696e2fa-9a90-455e-8c57-8fab3f3d9a4b,2021,2209,C
68000a51-99cb-4474-b0b5-b20f1cc5ff1d,2021,97778,C
e8770cd1-9876-4172-9ed1-fb1fa374b1e6,2021,1267543,C
7c007534-3e02-4067-81e3-c72ea7a69d58,2021,99406,C
611e25a8-c91b-4ab5-b9cb-652c693120b1,2021,1118057,C
0ac84b25-588e-44bf-9a50-83dbbd5e66aa,2021,1117717,C
4edd862a-7b0b-48c8-93e0-3f5f74a2b8b0,2021,1187671,C
bcad84e8-8dd1-45f6-8bb4-ce029e1b5408,2021,1136142,C
52b4d264-2ad4-45de-a40d-9e9be4dd4dce,2021,94762,C
f28b55ca-d63e-4ca4-a037-6e2c7fab7272,2021,18903,C
e410139b-20f9-440b-9f70-3ab64228e97f,2021,13277,C
836c5270-d385-4036-b865-ffa6db70d77d,2021,20030,C
b29750a6-f441-422c-a20a-b7f3023135df,2021,13595,C
0397741e-50e4-44db-8e70-6ef382273855,2021,1132918,C
2d7e5171-bc9a-42b7-aecc-15a9a38748db,2021,50981,C
7b3abc46-44e6-46ec-9bdd-7cf415d0f50d,2021,53333,C
de628f76-b364-468d-a602-e533aca04139,2021,117022,C
94526fec-433b-40eb-9a2c-af342167f9d4,2021,37862,C
1ccfae11-9618-4440-b01d-1ed818344224,2021,106996,C
92066b1e-4afd-4ca3-b3ab-d14cc2384d09,2021,55777,C
afb702f8-7757-41d8-8835-da2c8979dbf1,2021,62484,C
1ef3e288-3bd6-4a56-8e11-d079c0c2ddff,2021,18559,C
29c7ae5d-41de-4624-8a61-e0d00a53dcc8,2021,50082,C
66cdc5e6-09fd-4342-85ac-50854ac8e126,2021,9440,C
38eb6e41-8dd6-4a8b-8296-1f4f77bea8ae,2021,107360,C
239258c7-baba-4e7d-9bbf-dc0d36c16c88,2021,64664,C
c720be05-07c6-4a13-b6da-4f6d7db4d4c4,2021,116770,C
03362085-8f31-4862-b57e-d29a4c8b5a1d,2021,20933,C
81ddd38b-1d19-4e64-8005-490233a49dd8,2021,1132918,C
ffdbf4fd-f30c-48f5-a3f6-81311075e1b3,2021,5000143,C
ff77cce8-5ca8-4b46-9659-82556955543a,2021,1148708,C
5223fa00-f6cd-44ac-88ac-68ac81607187,2021,1136142,C
999d35c9-407e-422a-9b13-bc9d00985229,2021,1136142,C
df6b2834-3347-4bf8-8cb9-92e4c95c76e4,2021,18559,C
f889f59a-a645-4302-b71f-0a530b204cb6,2021,13216,C
fa806ed1-8c61-42c0-ac14-e3f9829fc5bd,2021,1139692,C
4df1a923-9c2e-483d-afe2-89978789f546,2021,1330347,C
4ca32cf6-8d14-4163-85cb-792a47e36557,2021,11452,C
4df90e54-9e2b-4148-abad-5dc045cded24,2021,1306689,C
4faae7fe-273b-4346-9f0b-c02fd9e5d8cd,2021,1136142,C
3723e52f-2bb4-4b7c-9057-d1c23ee603a3,2021,53331,C
4d4d470d-cb32-4af5-9b1c-31f3c79cdf84,2021,513,C
9f18d8f1-112d-487b-8342-4782532b8d8d,2021,1299927,C
ac713f53-1408-4fcc-8722-ccffa57991fa,2021,47051,C
1c99c7ec-0346-4f54-9764-3832092f3153,2021,13595,C
9473b76a-06ba-4b9e-ad5c-8603feada122,2021,53333,C
efeaba94-e0de-49ce-8cfd-5b9096475aa2,2021,59122,C
703d03a2-5d8b-4d9f-a936-12bb1eef38cf,2021,13401,C
1fd068ee-afac-492b-8274-b42d0700b963,2021,18671,C
63210666-c654-4ead-a658-f02b3b6863fd,2021,13401,C
2a96e7a1-7809-4194-8cdf-b7468483bcc0,2021,118420,C
83830a91-bf8f-4878-85ee-423e7c7e2824,2021,1181327,C
872afbae-f920-4897-b140-ebef39458dc1,2021,98595,C
c56437c4-cda5-4f4c-bbd7-5d6da51aaf34,2021,1190071,C
2b424410-76e1-4ab9-b5f2-429a2eee5902,2021,12313,C
c0ca10ee-0225-4554-9ba8-6c5c57af7735,2021,103062,C
4583b0ec-8dca-44b0-9ad5-cc500f318bf1,2021,1136142,C
1161dfef-5232-4613-94ac-12d128bc71e1,2021,9414,C
74239f8e-5358-4392-97bf-102d5a614cd3,2021,12313,C
51443155-d971-464a-a362-2e0929c57af7,2021,2209,C
546f062d-6eea-4131-9846-6dc3b7d9b96d,2021,5000143,C
6b823f9d-19d0-4eb9-b437-313eb9e5228c,2021,5000135,C
7ade9920-964d-43a3-a32b-df2917b72b87,2021,2209,C
cfc85a75-b6ef-479e-911c-806a0e11e935,2021,13980,C
12b46019-182a-4ca9-a21d-88d12af19a70,2021,20933,C
0c773362-3e66-4336-83ea-8af29e6e5dc8,2021,41238,C
a1b913d4-5a10-4864-a8c5-392941b8a3f8,2021,114616,C
bedf5dc4-0d4b-4dbc-87c6-db10a4a6b1aa,2021,106167,C
e3ac9c81-6932-432c-a01b-609ca7543bcd,2021,11452,C
1022d69b-5922-49e5-b3f7-65c7e3b27744,2021,11452,C
d340c0cf-015e-4b26-8398-30f2293433a6,2021,2209,C
247860c2-6735-470e-aa16-0381b464c1dd,2021,116770,C
cf10f7f9-8698-4433-9169-a8ffae306518,2021,1161716,C
ca090a1a-9b47-4e64-8563-e4ae8705bba8,2021,13595,C
6def8c9b-83c4-496d-aef2-dc0fd97c8438,2021,1108692,C
f23930be-507e-446d-9eb5-27c9a0c63020,2021,13980,C
5f03ecda-03a7-44d3-9f61-5cbb5805df16,2021,13980,C
ddd8a037-332d-4990-90a3-243c0632fc2b,2021,5000135,C
3ac3084b-d846-489b-826b-01bebaed0e9f,2021,1148708,C
ac75369d-19a2-4e1b-bda3-b1a0c773bfb8,2021,1272079,C
1d352610-5b09-473f-b51b-0d3e16cc484f,2021,18559,C
46483e7e-ab7a-4b84-897a-ea153b79b8a0,2021,101942,C
0678c6eb-8f6e-4f5e-ba42-dfddc0851697,2021,98595,C
50ebdf04-b0f9-4835-9005-feb587aa0e9c,2021,64664,C
44a8c191-9603-438c-bb35-e4a436fc12bb,2021,1118057,C
fcce2509-28eb-4731-a2cf-547b9aee237d,2021,62484,C
f4e0bf3d-76ec-4493-be62-513832b94ee3,2021,86326,C
3d44b2a5-359b-4bb1-a47b-62912f1000b5,2021,49054,C
02788c37-0342-48b4-a037-e94f34cc6864,2021,317,C
0dfc3b0a-2761-41b5-80e9-08785f40fe80,2021,18559,C
9c61d913-abe8-47f3-8994-41c23b431ed8,2021,1270596,C
c8797ab2-b118-485a-9858-92d650180900,2021,54934,C
2144ac57-9cff-4a9a-965d-ecfee0ee7ada,2021,118468,C
89facb8c-270d-41d9-ba5e-14ce0b5f8a1a,2021,118420,C
c58d5343-5dd4-4e00-87b0-cf56a7bb6297,2021,1379275,C
0b723d35-f133-467e-af39-7ed932bcc6bd,2021,117532,C
c40910b1-b0a4-47b0-a4c8-8230c3f9bc37,2021,108660,C
729dc438-4840-4122-ba0c-5edafbce12d3,2021,1108692,C
591b2e7b-d1b4-44d3-9a1b-2dec5319593e,2021,5000135,C
6740a495-398a-4f3e-a282-e9062b0d231b,2021,9414,C
f55660fe-4bec-4a50-9754-0b0b270ff8f3,2021,1300429,C
209026bb-e94e-4324-93c3-347808a513df,2021,1330347,C
34eba9a6-1296-4e80-abb7-2ebd7c7e31e7,2021,13446,C
c5917748-aa16-4551-bc21-a9d44771c4ab,2021,18903,C
b33fb8b4-adc8-45c1-89d5-ab471e286ffe,2021,118420,C
2f2c00e4-f067-4296-80af-69886fbd1c40,2021,106167,C
becfd5ea-734d-400c-954e-02c333f328dc,2021,1330347,C
ccc542ac-bb77-48d9-b710-6b3e6be237e5,2021,317,C
294e573c-5712-4afa-9b58-2597ffd7a93c,2021,106996,C
e0d1b526-9f7d-42c6-9189-4587556121b1,2021,13216,C
30ff14fc-2ba2-4951-a65e-dbfd26d5f7f6,2021,9440,C
c549208e-7c41-4156-898d-b42e8a449818,2021,11554,C
d05f2b03-5a30-4f54-a05b-ebc15132e56c,2021,9425,C
3383ae21-88a5-4a2a-af6e-3dfd607e0b10,2021,51020,C
4f0c0e76-8c58-4048-bf2b-623b7a74dea7,2021,103062,C
c3f73454-b4bc-4061-b009-22bfbf2675c3,2021,107360,C
63fa6467-de74-4018-85a2-b06938366f2a,2021,64664,C
3ffdc7ec-6698-40a5-b99e-db9651a7fd56,2021,48675,C
d36408d3-fd87-4379-b644-c078152caa4d,2021,5000143,C
70ae916e-09d0-4093-aa6b-e2aead578d76,2021,317,C
9329a845-9c0a-489a-b43f-7261b3b69866,2021,20030,C
ab3cac50-0706-42c4-b169-57ee041992f8,2021,13401,C
13f0e167-7019-4c3e-9e97-3e02f3fe672d,2021,9440,C
7dc35968-f96e-438e-becf-e34bedffa311,2021,20933,C
aa4d45b0-2d90-4585-a1cc-de75bc7250b9,2021,13980,C
626518f2-77f3-4173-8d4b-61dad2f9cb82,2021,118420,C
1d619651-48ba-4c17-ace3-e55c6ef6fd55,2021,9414,C
367641bb-445e-4f6b-832e-abe1b40c6f30,2021,1330347,C
d4bc26f9-6b2d-4e7d-b602-557e66e9051a,2021,13446,C
22e02d10-f7e4-451b-a4bf-aecfacddd07a,2021,49054,C
36756a30-a8e9-4a02-8807-0f6e5cc2da8d,2021,95017,C
8e7a316a-2801-4725-987b-66a7785dc75a,2021,54934,C
f1102647-77a3-464d-8ee8-898fbe355abb,2021,9440,C
ed685462-2e40-4734-b122-67f95024f90d,2021,1136142,C
2cd48cc5-f44a-4fdd-85fb-5da95274e0bc,2021,13446,C
6d737baf-f8eb-4102-8466-4afad00bcd77,2021,99406,C
102420f0-4155-4ff9-a890-63915985cf66,2021,64664,C
7f31b1ee-6e42-4eec-b3e3-c6d4440b0347,2021,73140,C
b1ceb5ad-ac5c-408f-a578-751f466d64a0,2021,13446,C
9e2ed6eb-f4bb-4c28-bae5-3640adb69e46,2021,1136142,C
0715acd4-041e-4297-958a-33e2e60db016,2021,5000135,C
91118c0d-4791-45a5-9dd2-7273c54b29c4,2021,513,C
236caa80-6a39-409d-bd3a-bbc9961ca8d7,2021,1269545,C
be319763-a821-43ab-8925-f077a8b2d96a,2021,22047,C
76d073bd-5926-4358-8cba-a97beff4aff5,2021,1288839,C
28b6aa6e-6b02-4ae6-940f-fad71e98b0b5,2021,1288002,C
93f4aeac-97f0-404d-92b9-7e368046028c,2021,18558,C
5ef410d4-6ec5-43f2-8490-88cbf7319445,2021,1136142,C
a044d624-ded4-4265-ac85-6032cde0e7bd,2021,1136142,C
5778df08-2af2-4d6a-89ec-1a94edae1367,2021,5000135,C
5722a4e5-2a9e-417d-b964-2caddd46a43b,2021,1288002,C
fd0ae675-32db-48aa-b036-eacd9fac5e03,2021,11452,C
a393fbcf-3dd2-48eb-abf0-cfcc9cf18e9d,2021,1136142,C
daaad1cf-3c84-4bb5-9197-4122f9122a14,2021,1272079,C
e53d530f-4114-4b2a-af2c-b501da8877ca,2021,98595,C
35384184-e496-43c7-823d-c31c8082687f,2021,9440,C
42e5b7b3-7b80-44b6-b3ad-d1364af17084,2021,1322390,C
9bfb4141-18ff-407b-8072-0beea2a7fda7,2021,2209,C
2d347f5e-d7ed-48bc-956f-9b199583b234,2021,11452,C
c8d18e13-901c-4cc8-a692-d29b654d7c7c,2021,97778,C
8a4576a0-420b-473c-8a90-8d179cf03086,2021,94762,C
8c15f3b3-6c1f-4eb8-8e3c-a47becdb546f,2021,13595,C
6d02f618-798e-4b60-b3f4-1a0ee309009f,2021,94762,C
e62cb38a-393a-4f49-bf49-c0f75dfa1eb1,2021,1132918,C
b62ea0d9-8d40-49a8-b07a-dd74f3283c93,2021,98595,C
070e8bee-4920-47e8-afac-c9b048f65e29,2021,55777,C
f0023f60-4acc-44c0-b58c-d73e8c924056,2021,1136142,C
221275bd-8491-4b61-ab4e-3ad2a15e5913,2021,11554,C
9b45113f-eea4-4e23-b635-3c79e492ba3a,2021,95017,C
083789ee-1a77-45c7-9c1f-bf7be0b12d68,2021,13277,C
ca037b08-a5bd-4092-a58c-c3df16d86996,2021,12313,C
c4bcc7e7-f8db-4ac0-8ecb-172f71d0916c,2021,13401,C
4f872a04-1d58-412f-bd9f-4e7b12d88921,2021,1376181,C
fb6fde26-7dfd-45ca-bd3c-dc6dbfda73d9,2021,13446,C
3c36cf42-8916-4620-a006-2d3d4e413506,2021,1136142,C
3474b7e3-c0ec-40b8-bf5c-c6b39fbaef14,2021,5000135,C
1b0db02a-e4e5-4c4b-ae1f-b2782b015ea3,2021,62484,C
8ac5b702-b5c2-4cdf-9177-71760abef241,2021,13446,C
b2f4022f-dd42-40a5-af53-52a280a7af89,2021,47505,C
dec5775a-4bb9-44a3-9ed2-eb785f1288cd,2021,1136142,C
7cd7e8e5-ed9c-4ca8-9e64-e58b7baef59e,2021,13446,C
ec1fbc54-a5e3-4fd5-9f08-3af4f2f14817,2021,90030,C
2af26d43-2c89-4dfc-b025-0224b56b57d5,2021,2209,C
8f5622ef-5dfe-4d4d-a7d3-ef3796601fca,2021,1283028,C
93b1663e-8cd0-4781-bc6a-82745c85cf20,2021,1270596,C
4e1d9c2b-3829-49f7-b7a7-fe55afc00c91,2021,101942,C
ebf7d641-35d2-44f1-8ef5-627a28086228,2021,1101244,C
36b98832-e034-42a8-a6bb-d7c311bac38d,2021,1102628,C
cfe18b4f-a5e3-4b15-9406-b63718504f69,2021,1102628,C
1c099c29-7415-486e-b68d-06e837c4d079,2021,13595,C
25ea8d8f-d946-4729-8505-a0462f557026,2021,2209,C
651d35fe-0183-4880-8488-507a1c1be929,2021,55777,C
6846bd4f-4fc8-4bde-8270-931e6c4da146,2021,11452,C
c1e7b5a8-14f8-4e51-9377-3de6cf6460b2,2021,18683,C
365f333c-e27f-498a-8a1a-7cb1e135c0be,2021,99406,C
4d165bc8-f933-451c-91dc-e2af1c41ad3f,2021,99820,C
c38c1a6f-7d64-4e71-86c2-26d8737e3150,2021,53342,C
f3190592-fcf0-4b1f-bb21-6f44a5bd0ee1,2021,13277,C
eb2bbede-1548-48b9-a97c-2f2f260d5885,2021,1136142,C
29289345-2ae1-4cce-86b6-4ab6765f08fb,2021,47069,C
6cbf2c5b-558e-47ed-b014-767a698f682f,2021,118420,C
56416127-28b5-4736-9f75-58f33aa857bd,2021,95175,C
1be1cecd-3885-4428-8260-05f10665e56f,2021,117532,C
9ae430d5-34cb-48dc-97c0-a5b00426a1f7,2021,5000135,C
d85605e5-d10d-4945-a8dc-1fed018f98ad,2021,99406,C
504bb6fa-b581-45e6-80a8-3c10809955f7,2021,21464,C
842902bf-ea23-47f0-a8a7-1628750d1a05,2021,13446,C
4af3b56c-cac6-49d9-9f2b-eccd98e0a0ba,2021,317,C
f5551e84-c37e-46bd-9bc9-989b2cc72400,2021,1330347,C
d5543af3-4adc-4e3c-a3f1-f822dfb4caa9,2021,513,C
e4ea12f2-c9c4-47ad-b0a3-ae1042231b01,2021,117532,C
2ce20d83-bbc3-423c-a002-d947a556f09e,2021,5000135,C
96ab0c16-4ddb-4790-abb7-9613b26a096c,2021,1272079,C
706d0ebc-6bff-4ffd-909e-6f560648a362,2021,11554,C
44012846-c3b7-4722-801a-5c88c67a9f75,2021,97443,C
4f1a392b-22f8-4958-8a2b-b4cc9bb3f09b,2021,1190071,C
8adafc42-5ee4-4d20-a5ec-bdd6f713781f,2021,53333,C
33ca4c56-1646-46d7-8120-262c8800af3e,2021,95017,C
9ab7c414-ffc2-4776-b237-c1ef8ac58108,2021,113813,C
bcc80f71-7481-4e67-bf50-eef3ea9da176,2021,103062,C
822f2de3-7daa-4901-b1e5-60ff7d3fdf71,2021,67601,C
66602b4d-4bdc-4efa-80b2-1a570f902875,2021,13446,C
426e72a0-97a2-43b6-abc9-66ddf2814087,2021,317,C
20bbfa52-471c-4ca0-b03b-9da732be357c,2021,317,C
3c6d2c25-3693-45e2-9502-fe312d3ad887,2021,13595,C
e9f7d4ab-c9bc-40ec-a678-3dfbebc996bf,2021,1300429,C
067dc407-d4fc-40cd-b144-1ce0216eaa1a,2021,11452,C
f9816abf-5d8c-46cc-bed6-437924d9a76b,2021,13595,C
6f6cced0-1e41-43eb-ac74-8976bc3b1a26,2021,97443,C
373374aa-65cb-46ef-8a61-3516b4bfa98d,2021,20239,C
13625ab8-ca6e-4f61-aa6b-501417489889,2021,317,C
682d906a-36d9-4cb0-a1dd-a62c35c70637,2021,2209,C
878cc305-1908-400c-8bf6-f148a6c3f693,2021,114616,C
8c800cca-6159-4d6d-8d3d-0529866f323a,2021,13595,C
28ba2388-70e7-42a1-a3bd-6fa0105326b2,2021,1101244,C
e279ddfa-99c5-4c06-97dc-b2e61a2f3255,2021,91262,C
91fdb019-46e7-482f-a85d-ecced88a82d5,2021,13595,C
7ac701f4-35c1-4d4e-a2e2-9ba2133bc171,2021,1136142,C
5d703929-b1cc-447b-8332-2a504cb78118,2021,113813,C
a36b8e55-3029-46c0-bc12-b8e4dbeb94d8,2021,13595,C
8af9143b-c642-455a-8395-3d5d3f26c850,2021,13446,C
eed1d161-66b8-4ae2-9cd9-9df9375b2cc9,2021,116770,C
6343ec83-dcb1-440f-8b2a-6181b55b5a49,2021,12313,C
f04ce84b-d2b6-4a08-b769-f17b93f98b98,2021,13595,C
49ae8dc1-6495-4e52-9b61-80bf71d9f886,2021,12313,C
0d6ea213-6a2d-4df8-8788-03781471d251,2021,1181327,C
258fae06-e7f2-4dbe-b575-e4a53287a9b9,2021,13595,C
25723c03-b8ee-42d5-b47d-b86e9af396bb,2021,13446,C
db1378cf-264b-4724-947c-4e30ad3d2ced,2021,2209,C
6a080768-7609-454b-a4be-9f7c00862d02,2021,12313,C
fcde024e-866a-4c53-8982-afee59dcf86f,2021,13595,C
b0f770ec-c53f-4c0f-885d-bb153c6c3a50,2021,13277,C
4d553a33-d6fd-4d2e-89c9-94f61c76636f,2021,62484,C
ef9b7907-0d5c-4cc4-bc2f-72f3108f579e,2021,18584,C
bd0becea-3862-43cd-90ca-92a06e9e80f2,2021,18584,C
2358c14f-da5e-46d4-9894-59bc12a2af58,2021,102590,C
8815c64d-73a1-476d-8b02-da32a18a162d,2021,1113582,C
53889eea-b916-448a-8e99-1381e7707cd6,2021,1113582,C
146788b4-bdca-44e4-b2df-4daf7ea41ad0,2021,1113582,C
873d113f-24e8-44f1-9dc2-bbcb9d44861c,2021,1113582,C
11304b16-b53f-4578-97a9-263da0dff0c9,2021,18559,C
e191af57-7122-4003-8af0-b77c22f70771,2021,1113582,C
68826774-5e53-48ef-a0ef-670041c20215,2021,513,C
f44e16ad-ffd0-4f6e-9d4f-8cf888d36c26,2021,513,C
f72fdf6b-e7b8-47f0-881b-aade978ec02c,2021,1113582,C
5c069ee1-401a-4dbf-b7e5-ef5c7999078d,2021,101942,C
fb890ee3-9d1e-46ef-99cf-061702cc203c,2021,86318,C
6aee3e2b-eb5a-47f0-a126-61b1d6f70de6,2021,5000143,C
7bba8101-3326-4897-9f45-ecc87e09fb26,2021,86318,C
ef10ec66-90ef-4d8b-8d23-5f82b2a4901e,2021,1103723,C
ec67b89a-de57-4d58-8628-674e7a99d71b,2021,86326,C
82f0f7d6-680c-48dc-b552-5ad7613ba246,2021,1103723,C
6afb918b-9445-4f97-bc5e-ca8450440bca,2021,1103723,C
0c61bfe1-3485-4d50-b4cb-0e36bd10d078,2021,67092,C
de9aec0e-e71d-4fe0-91d3-4f6c7d891b0b,2021,13401,C
1dcd1b1e-81ee-4093-9eb5-049cd3955b40,2021,67092,C
9d98d988-13cb-40b1-98db-764bd0c01fa6,2021,73898,C
26aa488d-9c0b-4489-8fce-b9f4f13c9b04,2021,73898,C
b9b06ca8-daee-40ff-afe4-121ed5bc024b,2021,73898,C
0bdda0e4-898f-4084-a44d-86c1fae48671,2021,21464,C
8086a6a6-c6e7-4685-89da-050e5469c559,2021,1351760,C
31ce17bd-5c0b-44c7-863b-190814ca0297,2021,13446,C
36e3f14b-271b-4a03-893a-c33d1624feab,2021,13446,C
3cfa86f6-edb1-4643-9364-725a63c24e18,2021,1148708,C
b9e0de3f-e9b7-4b31-8618-8bbf2c53e33c,2021,1180773,C
d048304e-d8a9-4a8b-b3ff-f2d96c910200,2021,83388,C
80c91c56-9698-4530-9dd5-bad8d79848b0,2021,1180773,C
51b9cf96-ddf5-4212-849f-7cf5a89b143c,2021,1136142,C
85a60148-101c-48b4-be5f-c2da3a9ba920,2021,1136142,C
4c34d466-56d6-428d-99c7-c7e76e0a3f51,2021,1136142,C
3c2bf914-d27b-4fc2-b0bc-7996d019e06f,2021,1110857,C
0e936afd-feb3-43b3-ab33-9984923642ff,2021,1110857,C
66b92b7a-ff96-4b49-86ca-255f1996c380,2021,1102628,C
4d3bc047-b80a-4491-a117-f3571f690c1e,2021,90030,C
7ffe341b-6ac2-44ab-9eeb-71b820ab7778,2021,1102628,C
18f05d53-7dba-48d2-838c-cba0566fd114,2021,18267,C
3249cb61-b509-4c7f-9b71-9fd7ee0c21b8,2021,113455,C
874ebb76-c8f7-4763-92a6-bd51bfa2a630,2021,113455,C
4fff3484-4d1a-4386-bf3d-f57a7c54f325,2021,13401,C
6635fa03-e6f1-47ca-a03c-afdcca70658f,2021,1110857,C
45faa740-d19d-44e3-8936-1f54ae4fbc99,2021,1110857,C
9fd6d063-3ba9-4604-8683-67e6319ba762,2021,1270680,C
1bd7e738-6cb5-4ef3-ada6-0f377b87afe1,2021,1181327,C
a1beed45-7eff-449e-860c-c6e30035bdd6,2021,20009,C
72eafb1e-9522-40d4-a155-c47279c2d730,2021,1299927,C
c2b3228f-a87f-4f6a-8f0c-62b19d6316fb,2021,12025,C
18f782ee-815d-4bd2-8d3e-c3e627a2c453,2021,48675,C
6ffd9748-6200-4230-acc6-997cb0fa3652,2021,12025,C
846d4269-47f1-45f0-96a2-210cafa7b00f,2021,18250,C
3eb8e82e-56ef-4ae2-aa69-6dc34b4ecb52,2021,1042278,C
49efb19f-61ca-4602-87fb-093b799999b2,2021,56172,C
a5106bd6-67b6-4f51-9cb6-68861eb359c5,2021,56172,C
76024729-abed-4dfa-b0cc-e1e6c4b4b6a6,2021,1427745,C
b25e701a-d2c1-4ec2-8763-fd96f493f0dc,2021,97443,C
ddb0553f-829b-4fd7-a248-296995169133,2021,98595,C
cd791505-ee7b-4c23-941c-1bea2f3d82f7,2021,117532,C
fe6d83c7-2a3c-4f86-bb4c-d7c6facb7259,2021,117532,C
b0894fdf-495e-4339-a56f-20af1fd1bab8,2021,13401,C
686a5bdc-1fd7-48e8-b8b4-5a4d4ed3dfbb,2021,117022,C
830c29a6-88ce-4350-ad81-da4e77bf1a6a,2021,1272079,C
248dbf9d-b73e-47b2-acf7-433c426957bc,2021,95175,C
b6545d7a-d42a-40de-83fd-2cc0046ae92f,2021,99820,C
0491c0fa-6cae-46a4-9623-d21b519824a1,2021,67092,C
add95321-a286-4805-8d08-c778f6686d9c,2021,98595,C
999c0c42-167b-4a28-ae1d-5eea7e1f482f,2021,98595,C
84758a60-61a0-4c6a-97a1-057331f50e7f,2021,1322390,C
d42f0293-39e8-4c37-a5c6-afe2b1bf2004,2021,1270680,C
eaf354c9-30ca-414b-91ed-57b0bec394b4,2021,12025,C
3dc2412a-f818-4b10-953e-cbedfd66eea0,2021,1190071,C
611ecb2f-9301-459d-b4dd-8467a856d232,2021,1101244,C
25dee3f6-b84d-4a13-83e2-3be15d9f90a1,2021,1101244,C
e9a7d480-9136-4e1b-a60b-eb75123642af,2021,1270596,C
3dfe0156-f32e-4252-97b9-91a804fdabac,2021,49071,C
764ce548-6574-4039-9570-f79bbe2df933,2021,49071,C
85e3d45b-8a0e-48c6-a774-5370459b56f0,2021,64664,C
56b6d96f-f609-415c-a4c6-c69bce794396,2021,1270680,C
a9044671-316b-4533-8493-87ab6688f105,2021,60886,C
d7725a23-ee87-4772-be85-14eda5d9761e,2021,60886,C
535c5ced-f626-410c-8b20-1cf620d823df,2021,60886,C
a75d8b70-7a48-4407-89b7-01aeae2e6c9c,2021,60886,C
c2666e2e-fd8a-4ca9-95c7-714dd8362a63,2021,60886,C
acc96a27-9c65-4122-a223-7bde1db463ab,2021,60886,C
f48e0f29-c117-4516-a2ec-15312084674f,2021,60886,C
9d8bd362-1dca-480d-b49b-529c82a3ae6e,2021,60886,C
9addb7bc-026f-490c-bec1-a57535e0f02c,2021,116770,C
0df4a049-4f06-49b0-8a64-382ebf4c3252,2021,116770,C
88093c59-84c4-4c0f-91cc-fb7b0e609d47,2021,1422296,C
22f8cd82-b061-4f10-9827-94dbae69d75c,2021,1166783,C
69e2907a-1215-44ab-9675-c694e2cdd76c,2021,13980,C
f612a313-cca5-48b0-ad78-b631a9d7c09b,2021,1330347,C
7df37b53-bed9-4ef9-b0e3-c66fac728471,2021,1330347,C
dca8c147-771c-4fbc-affb-fb5aab189c5c,2021,12313,C
96965ade-1d9b-4211-ae89-9b5135a13d4b,2021,5000951,C
f5e7dd92-9a14-47b3-8e9c-8812e025a1d8,2021,5000951,C
8bed93a2-5e56-42bd-984b-d12d9ea4175a,2021,1181115,C
d0ade082-3f5b-43a5-9546-52630143916e,2021,82364,C
9f5972d7-e069-4a70-adb0-7ae007114b3b,2021,1533190,C
9771fea5-439c-4b84-a068-d4b49a7d75d9,2021,1318224,C
652f694d-6615-4d6a-99b7-2b517123daba,2021,5000135,C
5ab55d25-3317-4dd7-8643-98278c817548,2021,5000135,C
7dbf4581-5e91-4dcb-9aa7-7a1ee90ee339,2021,513,C
82641637-c20e-4282-a205-9bf080eace02,2021,43664,C
22de0dcb-b6df-41f0-96e3-aacbf3b1e4a4,2021,43664,C
6f702ff1-2d76-40f9-aff8-4c1547275e3a,2021,2209,C
9c1df241-c540-43b2-93a2-1722079a0015,2021,103062,C
29de73e2-3ab2-41b5-b71f-2b58bde50363,2021,1385488,C
15789a1f-308f-4d99-b481-d18163603e05,2021,1385488,C
1dd5f13f-fa76-4e9e-b529-b5f70f987452,2021,47051,C
5ba17267-3ef1-4e16-9fdc-ae9c69591738,2021,22061,C
9b137c41-7594-47dd-b3dc-b9cea3a0a336,2021,1161716,C
e4c53070-44e8-46a8-95e4-54eda72df0a0,2021,968,C
725532de-3501-4e37-a543-48042bfd3e47,2021,40343,C
8d2a17df-04e8-492a-8005-7b4335cdbd94,2021,40343,C
edcbbffc-636a-4b7b-914c-403bc2352d76,2021,108660,C
c10b01bd-6c84-4e77-8067-f4ebb0269328,2021,108660,C
d8a652cd-f7db-418c-a345-618fad55b734,2021,91262,C
57727873-5103-4f65-a3e8-c0819343b3cb,2021,62484,C
576d85e5-54df-4c87-9e39-3fb47839cf92,2021,1187671,D
83c5e3fa-b05f-433c-9b40-f26a774eec78,2021,94762,D
b41be0b1-aa89-4927-93a5-014202a65e48,2021,94762,D
0bc9f3ce-fcc4-48a1-b124-23de5b82591d,2021,1101244,D
9a40455e-87e1-44be-b465-7b3a869658b8,2021,1181115,D
1540ce2b-9e3b-4bf4-937d-d0d7882ecd38,2021,58808,D
93adf1df-e699-4bcb-b08d-3f6e720adc56,2021,968,D
a550fe03-96e2-4a84-acd1-75c8b2f3a558,2021,1351760,D
98b6b9b6-b0af-4685-87a6-539b458cd964,2021,106996,D
81978601-3aee-4d65-9751-f95838c1e775,2021,1322390,D
492d815b-919b-4a56-b3a7-60a90b75e915,2021,48205,D
a4f91463-3f42-4eae-84e7-592cd4f124a3,2021,99406,D
46304371-655f-49d4-86b7-858126afaaef,2021,2209,D
49fdd318-8152-40f1-943b-40937db2362b,2021,9425,D
11a22711-6b13-4fcc-bc67-3a103c77f0d8,2021,98665,D
45e18eb1-8697-47e5-bdc9-178a395272e5,2021,43664,D
9b4236b5-3758-4c4a-855e-def9315d3f55,2021,19047,D
62a2e2bf-d580-4296-b3d2-0eb2e732f997,2021,1148708,D
8d97c4f8-b8aa-42dc-89f3-f50cc2b923e8,2021,48205,D
2928d30e-6168-456a-ba1a-2c03123f4a91,2021,106996,D
f64de501-7cb7-4852-aa00-deb67c2dbf88,2021,88084,D
e3b9b51c-a70e-4acc-ab88-64b55f4ad390,2021,108660,D
5eb315f8-595e-4957-8d1d-02c6ad6b7ac1,2021,37862,D
68ab6971-69ce-4fab-a67b-f52d1ecf0678,2021,1322390,D
2dc592b5-48f5-4497-a9a9-35aed2b804e6,2021,64664,D
4dca82da-ab99-45df-8480-43b48f1b0928,2021,57612,D
3535a710-91ab-4725-a63e-998d6aeddc4b,2021,94762,D
c632e580-b858-4e8e-98b6-1252a8c03961,2021,18584,D
18370595-642e-4d42-a557-f8be962fcedd,2021,83388,D
c978efa7-c58e-41cc-ab69-f96e6a5a2ea5,2021,13595,D
f3881aee-f2c7-41ce-a3ae-3648d9a4f787,2021,2209,D
49380752-a900-437e-b656-592ef0a50454,2021,94762,D
3ea63376-96f3-4f23-a9d7-0a79f1eddc6e,2021,1385942,D
ddf1394c-11a4-46a4-88b4-986339a0e69c,2021,13446,D
dfa48517-565b-477a-a909-3df04c15ed36,2021,1258063,D
38ca3174-0241-4426-9d47-b34d3813a356,2021,968,D
4e361cfb-9591-4396-9441-4d299e2755d1,2021,1315444,D
c32b6808-99f6-4f9e-a145-553d675d1568,2021,1322665,D
712bd26c-658f-4815-af22-12eb149ad347,2021,1181115,D
086d6c18-85fe-4cb9-9974-1e56ae068450,2021,317,D
c31a6ba4-eb56-4e71-b7b2-981fb7fd98c3,2021,47069,D
aa94e768-584a-4f3e-8d9a-1153c1b0478d,2021,19047,D
8b87b0a9-c87e-4882-a422-f091c65d8327,2021,106996,D
a0883a98-c7c7-44a6-8edc-9073736c1921,2021,48205,D
eba63b82-7d6e-4090-bf1f-6e371f4150da,2021,2209,D
de780081-47c6-4086-93c9-872033d8d22b,2021,101942,D
e765df6c-9dd4-494d-8718-9f79e7db4080,2021,13277,D
7537fd98-b93e-4714-8eb9-71f4c061418a,2021,1190071,D
7b790213-dfde-4511-a390-48d070650293,2021,19047,D
78c13cdf-f62d-4508-999d-3785801edfa6,2021,1306689,D
47f7d2d3-4d31-407a-85e5-11ad110ce2c4,2021,1299927,D
6776a68b-dc19-422a-bf87-230294762a7c,2021,88068,D
99b6a819-1eb2-4494-a923-14bee82ea078,2021,317,D
d2e54496-4d63-4189-8c48-a049acf6a406,2021,11730,D
b8b93e58-809d-4e3e-80a2-23f21f83d5bc,2021,49054,D
9b7c7a84-2ce2-475a-984e-3c3cdc11808e,2021,1318224,D
0262e360-f448-4da0-af03-7182c42b9e3d,2021,18903,D
1bc6e522-cd58-4631-951d-b264a1236b6a,2021,67601,D
ee89a566-7118-4064-997d-0a0525a32e01,2021,968,D
f255743f-4d4f-478b-be4e-b5d152de0fbc,2021,1385488,D
add01115-dbc7-407a-bb6a-b9829c4c0acc,2021,118994,D
a97c0c99-323c-4096-88fa-f2e863f850ec,2021,94762,D
e7bb3367-1514-4613-9fde-3a782e5f7cec,2021,1306689,D
42677855-a562-40bc-af81-a67fbb1404cb,2021,98764,D
7d10f93e-6d10-4380-937f-589818bf1e74,2021,83388,D
9097b4a1-d38e-4683-b918-2199314e2d79,2021,48205,D
1905d6bd-a5b1-4798-8db2-51d7b9b34a35,2021,1300284,D
64395fd5-1ffb-47b3-8d6a-64a724898020,2021,21464,D
3fef669d-7d83-43ab-9f3e-f8ef2363b104,2021,317,D
ad4e29dc-426e-4fd1-b354-24da3002986e,2021,106996,D
1aa2da11-e27e-440f-92a8-ce38fe24617d,2021,13446,D
331fb8b6-1ba7-4cb9-b268-49237e3a66ec,2021,37862,D
02345b6a-bfa4-4d3f-a6a7-f98643108dfc,2021,1376181,D
e276e46f-c65e-4145-85d1-cf829425a9b7,2021,106996,D
e2779ae6-dd0d-44c8-8461-3d342d890c5f,2021,83388,D
b84cf781-99c4-46c0-9cc3-2f3a26ed6c30,2021,1101244,D
3e6221f2-39e2-4176-b73c-1167318e95b1,2021,94762,D
1f901beb-2729-4c3c-bbd2-a9077ef2c8ff,2021,47051,D
80c75fcc-8723-4f42-ac89-a57e6f548b9e,2021,5000135,D
1d09c6ad-0eaf-4bee-9f08-be7de497212f,2021,1190071,D
0b821f7d-44f9-457b-8af9-2a45e702e9cb,2021,48205,D
da33a6f4-ba76-4129-8ca5-7073ab371acb,2021,20756,D
2876596d-648a-4314-af9f-8276cb08d9a5,2021,13401,D
880b0560-bc24-43d9-a453-9c46f7a9b362,2021,106167,D
4417ec94-59cd-4cab-bb0a-b0eed79cb731,2021,20030,D
df62bc79-ecfc-4b73-a98b-25d26afc10cb,2021,1190071,D
d37ebc34-f8ac-40c1-85ad-8f69df7c4a86,2021,106167,D
d463f41f-920d-4946-9da5-718f0e7ded57,2021,13446,D
d68157e6-16ed-43d9-83cd-0888a18f5ba8,2021,1047907,D
0e64d6e1-d16f-409d-8b98-d6d5b9e287db,2021,1322665,D
eb1105aa-765c-42be-bc37-7695b890b7f3,2021,1270596,D
f48faa02-ea7b-4880-956b-649556051562,2021,57606,D
1a400990-3d26-4977-a5bc-284a5631b208,2021,20030,D
14f6fe12-180d-47ba-bb2f-f351f50b9fb3,2021,98305,D
71998f44-ac7c-4ac3-808b-d351dd1b1a5e,2021,113813,D
d471eba6-01c9-46e9-9980-67552ed5c071,2021,1306689,D
86e957c7-15ac-4b91-ac8b-303a76a6cf06,2021,21464,D
4700f769-1e1c-4fe1-be1b-ec05184af7ec,2021,1187671,D
4703158f-376b-47d4-95d9-7a012b721b2e,2021,1070485,D
09f60ca4-11d0-4800-8358-2a445623f489,2021,74737,D
e3bd61f6-e412-4c77-8c6b-36da65b0ca6c,2021,91181,D
38f72029-fd59-4ed3-89a0-fbf7fb784679,2021,1322390,D
bae844df-6266-46ca-8ff3-2f079078ae97,2021,101942,D
f2a6ef4c-2469-45e1-826d-dc16d659d3a0,2021,94762,D
32797d54-acf4-47eb-9ccd-505f0d503344,2021,1330347,D
d794eb86-e791-4b17-9db4-f2b99cb1c69e,2021,968,D
be352a5c-5e88-473a-b957-05e99733ba43,2021,513,D
881f4ac8-654d-4075-b6d8-e38dc04b9551,2021,48205,D
e9a0fcd4-bec3-47d2-a5d6-eaa6f33149f9,2021,107360,D
c9b8c831-2aa3-4a11-bb41-38a8129b4793,2021,101942,D
0fff9745-0da4-45bb-8444-50ee7912d1ff,2021,55777,D
c809c705-9bdc-431e-a6d7-5bba457b46d2,2021,1376181,D
977b8129-70ae-4129-b494-2ebcd4485314,2021,58808,D
0db1219f-84e4-4664-a967-b9808d19d302,2021,106167,D
31f9aad3-acd8-4d28-875c-88bda74a0fd4,2021,1161716,D
65d97499-50a2-4b11-8b6a-9fd02e177c95,2021,20030,D
6b9ab46f-00ee-492f-9aa8-cf7cf47840af,2021,1306689,D
5726da9a-e09f-415f-a5bc-ff2b0dbd5665,2021,1108692,D
5c83d97f-19ff-48cd-9b2f-559beb811f0f,2021,47505,D
de3315a3-b836-460a-85af-ef774a176991,2021,116770,D
d48a4242-1ad3-47ea-b5c0-b1dba97d41bd,2021,2209,D
d11cd9d5-493f-42ba-a6ad-10143f7f630b,2021,18584,D
e85d2827-7d3a-4a9d-91a2-4bfab6b5e14e,2021,55777,D
7d26a0fe-87dd-4fe7-9c7c-91c35a917b16,2021,87396,D
58c60280-cb82-4523-9c7f-588785b16f38,2021,91262,D
61e27979-f51b-4345-8615-93d6afb27cc1,2021,18559,D
269dfa7b-13e9-4b7e-b71b-74a616176e74,2021,107920,D
703191bc-b31c-4afb-8f69-d0bc7b550ddd,2021,2209,D
d5bd5fce-f5eb-4594-aeb6-e619c3a943fd,2021,55402,D
bb692302-8c4d-43ba-8abd-2552e2858e64,2021,90030,D
f9977467-a2b8-4da6-babb-5802df400672,2021,95017,D
4d03562d-f73f-4f8f-b754-c9b229d7d34b,2021,106996,D
a8740934-b45a-466d-b0dd-10b1e02a8e39,2021,55777,D
df590dde-46c7-4b60-9661-77e37e3ec865,2021,55777,D
70933c31-c89e-470f-9a58-a229d43cc2c4,2021,58808,D
27eef59f-27cf-4cf3-9874-e12d19fcb54e,2021,1166783,D
7733a196-7c10-4b21-8d9e-ea4e81771adf,2021,18559,D
5f8361cf-3cdf-4b20-b9b4-71b4840e1eea,2021,118420,D
9d96cd03-0722-470b-827f-141e7547882d,2021,94762,D
b311255b-6a10-4a21-80a5-d6f73a82f904,2021,19047,D
c8b84741-2438-4523-93f9-1a642c4c6ca0,2021,1318224,D
59d062e2-b777-4d64-95d7-1ac3ce2148bc,2021,1102628,D
e07ecb41-072c-48e2-9364-68bca9ca6636,2021,5000143,D
28596d5c-b9ba-43a3-8b49-fde4dade4280,2021,101942,D
762676cf-fe47-4776-aaf3-66abfce6dbaf,2021,968,D
3d38ab90-6685-4718-8da5-1fd2aca3c09d,2021,104360,D
bb1801ac-3f6e-402a-a964-c793d4746c78,2021,62484,D
7295a73e-24f8-42d6-8bb6-171396d77d7d,2021,2209,D
f36f816c-1ce6-4591-a45d-49175d06d34a,2021,114616,D
d9b22511-c29a-4ea3-b65a-03cbc21c9ffc,2021,41238,D
7012dccd-1fa0-4b68-b8dd-515e6b4c6bdb,2021,11452,D
7711566f-a7d8-4f15-ad16-9c9bd248ce2e,2021,1187671,D
3df7e128-e214-4f5b-a59d-90d16a10a76c,2021,1136142,D
776052fb-c120-45e9-b535-f5bbc02faba8,2021,1102628,D
9e441d2e-1677-4c23-a613-78c09b55c2d8,2021,13446,D
34cf1f22-a620-4f3d-b7c9-b6047395d091,2021,1403879,D
dbae5cc9-0997-41d3-98f0-25ba4ec26894,2021,1136142,D
8a5c2c33-07bc-4a45-8a0a-995f4b6f6708,2021,107920,D
127042fb-021f-4bfc-b434-95def50566a6,2021,18683,D
8b1795fd-3842-4d61-82b4-6206963cf949,2021,101830,D
3143fab6-83ac-443f-ba9d-9dccc0a375da,2021,43664,D
9ec82b78-184b-4bc3-abf6-79ce21ab710b,2021,1403879,D
76a80340-93c8-4b90-8485-ddf4922d6144,2021,13401,D
f144139d-7078-41e3-be73-847918f846ab,2021,5000143,D
b6f07101-670e-4136-b6cb-a9b4d791689a,2021,106996,D
28f402ff-a985-45e0-8167-d6058ecf56b8,2021,1032473,D
51df0b4e-91fb-475b-9cd3-e44cc5762aa3,2021,106996,D
b01f0372-bfca-4613-876c-6db43276a801,2021,1103723,D
206ad91a-8e3e-452d-a444-e803677ac97b,2021,107360,D
4b2f2cf2-ca9b-47fc-b490-0ce5e4224cda,2021,13446,D
fd624753-c9dd-4154-ac46-4e4974df94de,2021,10515,D
c2fa965b-a731-424c-9051-3709a76fe9e6,2021,57606,D
6fd2b772-3803-48c5-955b-e4b01e95b423,2021,1136142,D
7a395dec-7afc-4bb9-821d-5d6018aad387,2021,94762,D
67428943-335a-4345-b43c-1126f73e973d,2021,99406,D
91ea20c6-b6a4-4dec-bec0-6b1fe9478577,2021,968,D
de23b583-4a62-4640-8bd6-d564917248ff,2021,106996,D
fde50ce8-ff2d-4005-98a5-477b9d12975a,2021,1306689,D
b99d9fd9-26e5-4172-a46a-0fffee7a7bc3,2021,18683,D
d36bb7ac-cf66-4211-9690-c9fd63d2a9a8,2021,1136142,D
2a184f87-3c4d-40e7-b610-3419f4b99a47,2021,1139692,D
5a9fa304-1519-44f2-b065-d0f7de7b9ec1,2021,108660,D
19c40cbd-83cb-4f45-a384-5174dc20c974,2021,1103723,D
9644bfb1-44a2-4c5b-8155-3c6a55c8859f,2021,968,D
241dba7c-00eb-4ea8-8741-7fb5faa484e6,2021,1385942,D
9439d008-c709-4020-bcd0-c8a40b5f88b9,2021,9440,D
74af5b3c-dbec-4a61-a587-48b0c5eada53,2021,18671,D
dcbc6c9e-46e8-4fd4-b425-4a7b38fa4bac,2021,13595,D
142ca025-ecb9-410d-8288-7f313ad0fcf6,2021,1102628,D
78c41894-a54f-42f6-b8c8-d8b3ab46057b,2021,1187671,D
6853e08e-8105-4218-894d-e49c69333b3e,2021,22047,D
92ca0b65-b803-4ace-8f99-1e8fa1897ba1,2021,1427745,D
3a55c04d-9d0c-4f14-bd8d-f5c8975bd3c8,2021,1300284,D
a79be523-5a09-4194-b63c-737a5e9cfea1,2021,1318224,D
7ba0d015-a2da-4635-b838-e3a869d3f9f3,2021,1181115,D
cb31d3d3-d9f3-4fac-a017-7241f8979275,2021,5000135,D
f5febcac-595a-4834-ba68-26b6222cbcfc,2021,1136142,D
bebfafc3-b516-44a8-bab3-e1744af28881,2021,1299927,D
b37405f9-5b7a-4ea7-88d5-77953f47244b,2021,19047,D
44c6e4cb-9433-41b2-b453-ce0e33b78bcf,2021,106996,D
04af5137-f061-429f-9219-defd76fad1de,2021,11730,D
d0e70730-0d6c-44d4-8dfe-cae4237832f0,2021,1047907,D
08c14f58-2248-4246-9be2-4ea039c8c432,2021,5000135,D
9bfbf33d-051c-479a-b66d-2fb225170024,2021,118994,D
2f393d46-46de-40e2-9d2b-0579e200b57c,2021,53333,D
67978682-15ad-4d02-97f1-05140677c1fe,2021,1166783,D
c4de370b-e866-453b-bbb2-dc92c1f9955a,2021,1181115,D
37c010d3-ab05-4496-bdc8-25ab7ba9c414,2021,114616,D
1ee13a41-7476-489a-a852-5727db8f8977,2021,1265453,D
a07262bd-1d4e-4532-b563-afe612ed3afc,2021,13277,D
e9a0bff2-e3c2-45d3-a7b3-2d593bc6df67,2021,968,D
1b0c2f44-44ee-478c-ac78-b6cf3ef99df1,2021,101942,D
9505b396-f333-46be-b3c0-e956a812d695,2021,1166783,D
8c55a4de-7485-47fc-bd2e-8e88efb1fb2a,2021,90030,D
5656d7b6-8b79-4fec-99cd-e052f8c401c3,2021,118420,D
3bb14567-2f4c-4d21-b187-10b38f6847e5,2021,51020,D
f6857eb0-d4ff-4ac5-9bc5-2973af9a4c2b,2021,98305,D
3ecce435-7946-48b2-b8d8-99ba30fe21e5,2021,13595,D
3bf35335-ccf2-4187-91cd-5bd4654829c0,2021,11730,D
fa2dd47f-fc3b-4934-9954-967d8b022b2d,2021,114616,D
f9197c3b-7115-4d1e-aee5-05d649c93ed3,2021,68930,D
f182ff2d-9f41-453b-8c41-6c0545c785d0,2021,106167,D
8d7831be-1ca1-4ebe-8c92-adb4d77e2176,2021,98305,D
3d21e0e1-d6f1-4305-baeb-7ef51c3206e0,2021,11730,D
aad278e9-6714-4b00-aecd-90e3246e9cb2,2021,106996,D
fee78a86-4343-421c-968b-5289587dde42,2021,108660,D
6498c200-c0b5-4ba8-a9e8-7ef2abd3150e,2021,13980,D
4fcdcfef-8a07-4bae-94b4-8d328ccb63ad,2021,57606,D
f927aa37-4723-4d97-9c6d-1f48c984e0ba,2021,1136142,D
9ce96d34-79c5-48e9-98fd-597a26a9f2fb,2021,1181327,D
5151921c-a0b3-4672-b982-cc963ad20a5d,2021,18559,D
3435b75f-cc39-47d9-be50-ef5a877d3b06,2021,46377,D
c71d3181-ce55-4286-b68c-8f2d17b994a2,2021,1385488,D
bcf712ac-6c35-4819-a755-60a21e8d888d,2021,103062,D
0b1b02ba-f1c4-4a42-b411-c4227de78791,2021,317,D
1a4cbb7d-9069-49a7-a930-acc3f6696152,2021,95175,D
fcb3c84e-719f-4158-9933-8bfd5834e606,2021,1108692,D
efcaf8a1-1d17-4b52-a503-cd99dc3e8619,2021,64664,D
963c263e-e5da-412d-8350-31946d589589,2021,317,D
0ec5d042-ff5f-409c-82e3-590895d7ba95,2021,1187671,D
b682c586-438c-4082-b25d-da3157471a37,2021,47478,D
45083443-c09b-4374-8b77-de23cf959b2e,2021,5000143,D
a81ee942-3eb5-4b7d-8fc8-a449b978836c,2021,98595,D
2157eceb-5d3a-4833-9968-1b425805565f,2021,1318224,D
9f5c118b-755f-4d60-8a3b-4ece367598b4,2021,13277,D
b7aba4d2-bb41-4f15-b2ad-aa8458ea5783,2021,1267543,D
39ef5939-176b-4e57-8908-a64d532b16a2,2021,20030,D
01478a15-a70c-4ee3-971e-b819fdedbd82,2021,101942,D
5f5a3082-3d2e-486b-8bbb-8269e2b22c7f,2021,11554,D
91c45c3a-2baa-4b9d-a47b-b8c4c2d952f1,2021,19047,D
2fa04401-0d82-449a-a06e-c590bd0f3262,2021,106167,D
7d7f72cb-d650-4a20-bbb7-25ac01f14e43,2021,1306689,D
8a4d4378-3ef0-4f04-bde8-ca00df1094e6,2021,101942,D
7c23fef2-3a57-4429-aaaa-d126bdd14cb2,2021,13980,D
0c8e7768-f6f7-421f-827a-7ac799b365c7,2021,47051,D
6d8dd60d-fce3-41dc-8d57-81fb9b966c73,2021,13446,D
1f7b0a11-8cdf-4872-836c-ca71fac90185,2021,67092,D
f3708f85-0682-4128-adeb-fe65c188ce9f,2021,94762,D
c0c2f7b6-6ab8-4cf8-a7c2-f730368c066b,2021,1181115,D
939920fb-d04a-43a6-9c5d-6dd4921e7479,2021,18683,D
c2262125-3407-4080-ba89-f4481631ee6c,2021,99820,D
613019f0-bfdd-4489-a429-74ca87506e16,2021,13216,D
32817513-5b68-4a81-b78b-202c7c96a8a7,2021,5000143,D
32027ab9-0ce2-4a1c-b8ef-f6de153986b6,2021,19047,D
504c2b10-cd8d-4e45-bca6-f44f9d7fb3a8,2021,47069,D
6eb0a31d-ed35-47d4-8f65-a45fc5a3b54f,2021,74737,D
d51373bf-0709-4151-96e8-a6d8e7a35001,2021,116770,D
414a8496-186a-4971-beab-52e7ba377415,2021,18559,D
ab58fa90-ed84-4c6c-a10d-33bcae55008f,2021,64664,D
c6b03486-0087-49f3-ae53-75bbc16201dc,2021,1102628,D
af003728-e6a4-4061-8ee1-569250876e27,2021,1288839,D
23713d86-11aa-41a2-8d86-9ec02dc57b92,2021,5000135,D
09bfadd0-9fd2-4013-bf85-96c8c45d5677,2021,95017,D
07e0033b-6a3d-472f-a1aa-37b5d9c4839b,2021,94762,D
f8740c1e-3bd8-449b-887f-763526ddf9c7,2021,1103723,D
f3dea7fe-c0b8-4026-a3d2-b9a96a8453de,2021,1272079,D
8f656241-99ee-4a84-8b7a-7c404620e7af,2021,13980,D
b46e2cff-aab1-4874-bec3-1f823b16652e,2021,102590,D
2eaafc18-154d-4a40-b68a-561c8ad38e54,2021,5000143,D
d6c393cf-824e-4c12-a22c-e36935b4f749,2021,13401,D
6ae3cb04-412c-42cc-a829-fc89d8c128c7,2021,1047907,D
a1efd09a-1349-4ae9-9a17-000c81907657,2021,18683,D
90fdb9b0-462d-4a4d-a549-fbecf3185deb,2021,1108692,D
1c549c24-a543-4ab2-a49e-e3e846e7a75e,2021,1306689,D
5e15b50e-2f5e-4f28-bdbf-324da77e3070,2021,13216,D
d41c2219-c58e-43fb-ac33-434d284f1ef7,2021,11730,D
91cfdd96-2f18-4bc4-a79f-37023d6ba8cb,2021,1136142,D
00f5ba2f-5dfe-423a-9b44-df48209e070f,2021,62484,D
1af4edce-d83d-4914-8ed5-5917484e9471,2021,13446,D
165c8b23-aeaa-4bf3-b521-021c5c579435,2021,12313,D
8504f68c-062c-49c2-89ae-47d6b963492f,2021,67601,D
c6e1c304-82ee-439f-9496-d444e422888b,2021,113687,D
0f3d7175-35e9-4d57-93f9-fb4178063d42,2021,18584,D
d5d3e13a-2a3e-4e66-91c9-6a1801a42a13,2021,1190071,D
cb757b12-d57f-4507-8817-24c408bcddf8,2021,67092,D
74079a4d-f632-41f4-8cd4-bbd34c28b610,2021,59122,D
20285df5-74ea-4b34-88b0-816ba57a0892,2021,1270596,D
04eda50c-938f-4b1b-b428-cf656d20fb7d,2021,13401,D
ccc911cc-3a36-481d-9c4a-8807f7d7c6b4,2021,1032473,D
da268596-bd21-415f-846f-1c42204d2405,2021,2209,D
c31a3b73-eda4-4aef-acb3-0c35081bf4ea,2021,19047,D
81c5c8e9-ab1c-4880-b466-4c9f926ce718,2021,1385488,D
584a314f-a654-47fb-83b6-58eadd7242a1,2021,13595,D
68cac767-f30e-43b9-bed5-0572751cff95,2021,101942,D
6c4b0716-dfdc-4526-9fc8-a427aded9832,2021,5000135,D
96215c97-e860-4ec5-9804-d2d1e4b4c922,2021,1136142,D
313daafb-efbf-4d95-a5d1-babbb60f77cb,2021,94762,D
55c0ebd1-6bf6-4d08-8baf-e0cfe277cc6f,2021,47051,D
b843617f-9b03-4cbb-9e64-eb0ed9ee8631,2021,98305,D
1494224b-a49c-4be9-b00a-7e81af84eaff,2021,1102628,D
bb91264d-aa0d-43a7-bcd8-9a5b412bfbc9,2021,1190071,D
9e0ca27b-e7ae-4574-9621-e32457afcdbe,2021,94762,D
db1ec908-a899-4762-959b-8050409b5b1d,2021,117022,D
d7d5e84c-2749-44a9-bd76-ce9920c44a61,2021,1330347,D
810fb76f-dc88-4575-99dd-259afe41f2d1,2021,968,D
e082c73b-7584-4595-9669-78682fad9605,2021,118468,D
f7257564-510c-4462-bf8a-9fdd73b44bfb,2021,19047,D
4cd1a410-3a7c-4c79-ba34-b03c26c0c5cf,2021,13401,D
e9ea719c-b64d-4efa-bdbb-8bdeb2c5a339,2021,2209,D
429746c0-0d2b-44b0-b260-26d85b2aa6fd,2021,5000135,D
f68fe058-c614-4fbb-9d46-eaf68ba5bb39,2021,513,D
b68225ed-4321-493e-98ae-16454a88d152,2021,13401,D
a5f0abef-8038-4750-9b91-fe4944b4e78e,2021,88084,D
1a9c8d01-23a0-4bb0-a00c-bd8f9147bc55,2021,47069,D
da6ddde6-74cc-46d3-83c4-60009a8b6318,2021,13446,D
4a67a27c-c3a8-4067-b715-da7f6f7e5f5a,2021,117532,D
d02d7930-7ff1-407e-8232-e0c300f2174e,2021,1139692,D
ba894562-fab8-43d6-be2f-e3f9f9954f67,2021,101942,D
ea62b4a2-7e3a-4142-a62e-9f57d01ade1b,2021,41238,D
6005818b-e4f2-43d7-a90a-0c9f655bd0c4,2021,1139692,D
5fe674ef-52aa-41e4-8207-6e56f9be4bd3,2021,86326,D
c40c7de3-f58c-48ed-9355-6457be0a7057,2021,1330347,D
7374d771-d902-4b1f-a18c-8c619dabf5b9,2021,106167,D
01acfe25-fc57-4d5c-8ad3-18a550f34f3e,2021,513,D
e717705f-ca06-4c86-bfb4-b7d19f3123c6,2021,13446,D
8eb6480d-d2f1-4428-ac15-d390829310e8,2021,64664,D
8dbc2145-42a6-4e85-a829-b0fd533250ed,2021,1166783,D
0fd44429-3951-468a-a42e-dbee3d5d6cea,2021,118420,D
bcb5cf5b-4c5b-4328-9ee4-e374834a5b06,2021,20756,D
9085ca84-b6ff-46c7-8b19-0998f05c0494,2021,1270596,D
e8c31b59-3dfe-4b22-9f76-cca3b1df9ffe,2021,13401,D
c25d3d6f-a064-4d09-b747-26d212be8639,2021,98013,D
96e6c27c-1818-42f5-9040-56b1bd76eed2,2021,13446,D
d7e76b1c-cb12-41e6-a2ea-477084c5aba8,2021,1181327,D
b8934a98-2cbc-4e68-a497-7b8d52b02ee8,2021,13216,D
373053e7-3b7b-47ae-b0d8-af14ace22063,2021,37862,D
a80fcf56-b454-4e51-aa8c-403cc65d39e4,2021,118420,D
0df66019-504a-4807-a3e2-bc7878c7053b,2021,1267543,D
6df59827-fa9c-4bbd-954e-53bdce964525,2021,1190071,D
66e0c443-ada0-4ccf-ab2b-4645fc65f6f1,2021,1181115,D
5f3d553b-b8e6-4601-b5df-d42be70894c4,2021,5000143,D
9e9d5255-114b-4f51-b604-4ea0f7fe3ed2,2021,53342,D
834459c2-edb2-4bfd-ad7e-8b39dc9e7886,2021,98595,D
6bf7fb3e-61a6-421c-877e-5ae2e983bbb7,2021,20030,D
8c641fc2-ad5b-49ea-90ae-0149301c7fc4,2021,103062,D
a4254a2a-2978-41db-9ac7-873ad2da3b72,2021,18559,D
3b3c95f7-f91c-489e-bcb4-0ddbe17fa8b7,2021,99820,D
d06fb271-5141-4f60-b661-9d26819d1998,2021,1258063,D
0cd203e5-e6d1-4db1-b283-93b111b4a8aa,2021,5000135,D
f0fa8fd0-2822-4cf2-8cd7-f82b132666f9,2021,317,D
4275852f-9126-4ee0-9f45-8a7bd8e17633,2021,18584,D
9d7f8fe4-fed0-4870-a65c-cf421efa93bb,2021,41238,D
85667313-21f8-4c29-b23a-3512528394a1,2021,117532,D
f8aab86f-2f58-443c-8abd-0b9e0599e55c,2021,112086,D
341550eb-12ff-4cd6-bea3-6b7e3c69be8f,2021,13595,D
b042b6f1-da39-4813-b6e7-7f1ac7ce6b6d,2021,118420,D
dd20359f-e1b5-4a1b-acc1-27db8eb5c728,2021,118420,D
bc24754b-1524-466a-8503-71d6cea3e095,2021,118420,D
c6db0d95-ddd1-4242-a7de-dcca616c4bae,2021,5000135,D
b82b1b3a-eda3-4295-bfde-268edd54d7b0,2021,1181115,D
de3452b0-dfe8-445b-be49-85a2e754bd4d,2021,113455,D
8b880d2e-6367-4d36-9f40-7f66585f1d1f,2021,1376181,D
8ba3b6ed-ba3b-45bf-a75a-efcc95ba460c,2021,1322390,D
65f81cce-15a5-4b05-857d-ea8787b66ee0,2021,1190071,D
e6205b5a-eb75-49aa-9b44-4dedbe81ab79,2021,5000143,D
f4b5dc7c-8b15-41cd-a053-9c753e96e493,2021,1136142,D
d2d4e298-8114-4517-a6fa-3ffc51159381,2021,13277,D
0124de41-c5b4-4edf-ac59-6663c77320e5,2021,1136142,D
f876d76f-16bb-4829-8202-569c18819d96,2021,1102628,D
e22061b1-5ef1-48b4-862f-fd4ae98595c8,2021,1318224,D
3f8de04e-46ca-4539-a69d-a979fb370e55,2021,13277,D
61719db4-f590-47f8-b38a-a8cf3fa6d98b,2021,13446,D
59ef8600-910c-45ba-a2f4-346cf2aa0ce9,2021,118420,D
9a49fc07-62ce-4045-9061-f7814a5977a7,2021,11554,D
68909836-3305-42cb-b5cd-0e67c977539d,2021,107360,D
bb9ec963-4fe6-427b-8df5-86155fc8266d,2021,1265453,D
a18c9e57-5a04-4b9d-99fc-d6118da9f4e8,2021,94762,D
2341f353-0bcb-470a-9721-c55f3e1d0967,2021,47069,D
a3adfe2d-69a6-43b6-a1a9-25beb2bccaba,2021,53342,D
319f5618-639e-4778-bc9a-d4048a5a156a,2021,19042,D
6e665c52-548c-4702-a792-1b13b8495fcc,2021,116770,D
8023c52b-9786-49e5-91d4-32111b4c89ea,2021,1204325,D
b91e4985-0e8c-4d61-bd9f-2a0b77afb9ad,2021,106996,D
94e17d38-a1d3-4d32-9c70-e1f4d03c860e,2021,1102628,D
933780de-0235-407b-9068-d4680ad887c4,2021,62484,D
4ac448bc-4c1e-4430-a27a-d262d6beaf71,2021,117532,D
dd04b0f1-5b70-43c8-853d-13186aea3146,2021,98595,D
cc56309f-f5f4-42b6-b294-a9bef1ffa310,2021,11730,D
0f44ed18-2593-465a-bfa7-3fd5860480d3,2021,317,D
5aea1ce0-7858-4bc3-b973-fccd345b076b,2021,968,D
18ed70ff-3ce1-4b00-9d71-9b73aa4f7bea,2021,103062,D
f93971c1-adf7-4016-aabb-1c5c0797d534,2021,1132918,D
c7d922c9-9955-4254-93a8-85f754783161,2021,2209,D
a59c2656-39fe-49e0-b0cd-f89f8767d71f,2021,1330347,D
41830851-fb14-4db2-b0b8-a28bdf61278a,2021,18671,D
1579777c-6587-4a79-97fc-d91a6decfa43,2021,5000143,D
03accf29-7ff0-4ae2-8fb7-b35f9288b26c,2021,317,D
e83be4c1-95f2-470f-a117-7871b9fb19fd,2021,13277,D
0fcca15a-1938-49bd-a346-adbffc12e3f2,2021,98595,D
21edda18-6b6c-469d-b1b5-d7809fc2a8da,2021,108660,D
eb19b56f-ff8b-4754-925d-f1f2daff7fe3,2021,1139692,D
a2754b77-58ab-48d7-b679-acc09f201bef,2021,1330347,D
c836bf43-2a6c-454c-9363-8cbde65c29eb,2021,83388,D
901b2577-2c3c-4ec3-962c-76189155f5ea,2021,11452,D
e0fb4b6c-f571-44a0-8b91-60ce3dd10e27,2021,5000143,D
353b7a33-fd4d-407f-80d5-e9abe66652c5,2021,1136142,D
66b348a4-1160-4ed3-abb4-da1e6b1c3192,2021,90030,D
50bf429c-c7e7-4030-8922-811f9499f8d7,2021,1139692,D
c5c82711-b149-45c1-953c-6d3bf94e515b,2021,1283028,D
5cf47f81-d7fb-4324-9c5a-4cd21ae0d645,2021,47069,D
4036b3e8-cf25-45b6-9741-95c1023cb6dc,2021,59122,D
fcf96514-6ab3-4486-8e49-4360ff56e5bd,2021,1267543,D
acb8bcbd-3f70-40c2-bddc-312bffecb255,2021,118468,D
9ae09b42-903b-4f65-b034-41b66ccd60a5,2021,1288839,D
3cf04382-da6e-4172-980b-88791065e1f0,2021,107360,D
cd1f498f-1042-4d73-bc68-6353b9afefd1,2021,13446,D
eee6f5b0-04b4-43f9-ba7d-ebfadc6c50f0,2021,118420,D
d9742df1-8aca-42e9-a843-bc573b9ac335,2021,116770,D
70394544-26cb-4389-a0bd-beb5f5b062bb,2021,13277,D
360aa3e1-e847-447b-adaf-27d427c2e0c1,2021,20030,D
c179da1d-b832-4cae-a773-e4b81de6a6e5,2021,107360,D
ef055bc4-064b-4e26-9c8d-8400888e79a0,2021,13401,D
d1707370-4042-4e38-a4fa-c1dce03a5016,2021,13595,D
7ac17edc-7d08-4aa3-a6f2-c7b53b449dc0,2021,1102628,D
ce8e4c1f-fa7a-4e59-ab94-339da0bdb012,2021,13595,D
9b77f436-2892-428d-8f7e-24639c343141,2021,1330347,D
1732c39c-7c22-46bc-99cd-4dbe707f5341,2021,1102628,D
60ff173a-22e7-49bb-a4c6-d62b63bcf621,2021,50082,D
e3233eff-b6e2-4cb2-957a-6867144bcd36,2021,98595,D
4aee8b88-24c4-4da7-9018-8fa8a7d61b56,2021,968,D
4b186a43-ef59-40f9-ac64-9f97728b1090,2021,1299927,D
4e664b53-fea4-4989-a392-a58cf4f52afc,2021,317,D
e8bece38-861a-4046-9333-30d5d0a4ef14,2021,13446,D
78980684-f619-4480-8fcf-e753713dee49,2021,513,D
ef1f3a60-eba8-4de5-804c-914b928fe0c7,2021,95017,D
351cedc2-2043-4330-b7a6-a08585c2895f,2021,5000135,D
4e7c1f0b-6766-460e-8ea7-4a2b7136c3aa,2021,1118057,D
86ad8714-c068-4d9b-95e1-813ea9ad4ce4,2021,19047,D
40de82ff-da8b-4ab8-9872-22866e926267,2021,94762,D
9ee35a2b-bcad-48f7-a78d-17c9159dc4e6,2021,1136142,D
ad572360-42bd-47dc-805e-6da9c0f8bbf2,2021,107360,D
fa0a10d1-488c-4058-8dde-a3226634d969,2021,317,D
1dc8ca80-5462-4d4a-92b1-6a5dd497e9e7,2021,1376181,D
2bd27970-18b5-4f4c-a45d-e3285b26e284,2021,41238,D
65247693-e20c-4e17-8f22-e090534ebc60,2021,98595,D
a12c378b-01b2-4dd4-837d-e1d83a35f1e8,2021,55777,D
2c4b1bd9-2e3a-45d8-b0b9-cce39f3a2ec0,2021,513,D
b68f2be4-1529-4fb1-8e69-3b0580c4392d,2021,13446,D
b20b3497-26b6-4b49-8543-9bcef9254255,2021,1136142,D
4332a56e-85ef-495b-8519-785849641347,2021,1117717,D
694e3136-8db6-4eac-ae17-6869e0ae94ab,2021,5000143,D
5b901390-7ff7-4158-b58a-88b248395850,2021,13216,D
b7398b12-6d51-4426-9cfc-e072349f5ebf,2021,118420,D
f3d0d6fe-6794-4399-bf43-88187d1ef16d,2021,117532,D
7b889f5e-47c9-4089-80c8-e3eb76b4de7e,2021,5000135,D
c568e8e5-5957-4a21-9f57-8c90b54f9aa7,2021,98305,D
b1c0e37b-b680-48d5-810a-b940ad52d5fc,2021,2209,D
5a0ff7f7-48bb-47ec-bbb1-0bbaa043f296,2021,103062,D
3101de5a-342e-46ae-b592-8a805cdcf7e2,2021,13595,D
2071d798-f8f8-4f3d-b968-cad3f7e5ef54,2021,113813,D
090680de-8a59-460d-9861-0825bceaec99,2021,5000143,D
ca04d12d-a537-459a-a443-be3b9221f9e9,2021,118420,D
1a0de321-85c6-45bb-8830-822114f5ab94,2021,12313,D
dd2979e0-647d-4923-b611-fa09d7d6ee91,2021,2209,D
c31760c5-c5d6-444b-a39a-31c2b8360241,2021,18903,D
2c731a27-8d49-446c-ab68-fb9e6d9de405,2021,317,D
34f2c16e-5d0f-46cf-85a5-1d3bffca9a18,2021,1385942,D
b4c741aa-92d3-4e23-9b9a-7a74a545bbd0,2021,118420,D
14e4ad0c-1c21-4207-80c7-a43066d66c66,2021,1132918,D
83e1a305-fa58-470a-a4bc-7043656aa4d7,2021,1190071,D
4005014e-418a-41f4-846e-4436bd973595,2021,118420,D
4a1ab2d1-6093-46e5-8b89-22a8d9f07ab2,2021,11452,D
8bb80ea8-184d-4e14-9d06-0c6616a89d06,2021,118420,D
febbc8cd-5e75-4373-b3f1-96be8d361b49,2021,62484,D
893dce9e-df86-4dc8-9172-9f14b0e070fa,2021,118420,D
f44eb933-1246-4234-be2f-193bb4abe307,2021,55777,D
df3153a3-5f9e-4f83-902f-cf407eafd8ef,2021,317,D
0347ed70-235b-481c-b79e-eaf83af23846,2021,13595,D
992c220d-8b2f-40b3-8743-5d4297392c56,2021,5000135,D
604ec8e4-69c3-491f-91c5-519ff076c235,2021,2209,D
f992bc5d-b853-42b3-8d3b-ef9cbc865774,2021,56172,D
788c7552-cd6e-44a8-a2f4-35878fff32a5,2021,5000135,D
76401df4-3be2-4867-b62a-47a4f747a564,2021,13595,D
8339246e-d540-40b8-9781-2b1b5dfbd75c,2021,13446,D
215a619b-fe39-4b2f-9d28-116dd7a7ef6c,2021,101942,D
8b776b14-e119-4ed3-9846-7334cd56d1ca,2021,11554,D
bca676bd-62a1-401d-9460-d6dd30e616ba,2021,94762,D
09aef0e8-5ac8-4c79-ad39-ee23454aac4e,2021,13446,D
150fb2de-794e-4696-a714-9206fb846a98,2021,13980,D
aa23d607-a428-479f-9c81-6aa5f2d8212e,2021,37862,D
ee6e2c6f-7f6b-4fca-9875-338b00b07bea,2021,118420,D
74e96654-1955-4bef-aa31-ab116580bca0,2021,106167,D
9efe8600-1010-4ea2-98df-1eb2f81e1173,2021,94762,D
13c2aa81-93b8-400d-ba62-70843b9113d4,2021,13446,D
37ad8461-75bf-432e-ae84-6e34517c923f,2021,1102628,D
cafeb7ce-1f5a-4567-b147-6c79bdc209cb,2021,13401,D
635d1b8b-6f1c-4cb2-8427-890015715fff,2021,1376181,D
16006da4-b4ff-49b1-921e-5fd8ff0fa281,2021,13980,D
6906be25-5230-428c-becc-3862daf5e1fe,2021,1108692,D
df4d4736-835d-4e10-8856-77b991dd21bf,2021,64664,D
1401ddc7-44a3-4d8f-a9e7-78f341faf6b9,2021,12313,D
12f1e219-f092-47b6-b37f-e02c3ebd6e65,2021,18903,D
e401a65c-8280-4a60-9295-6eef0ecdbc1d,2021,13401,D
ecdb80bd-e7c1-45cf-a0f8-91fe6fff561a,2021,118420,D
2fc9b8d7-61aa-4d93-9860-98637886a8bc,2021,1101244,D
4c968c75-c806-4c1b-aeb8-cbbad19f3d76,2021,59122,D
74c6943c-a11e-479f-9732-9ab456935b72,2021,95017,D
f6a74661-1d7f-494c-9659-70fbdc0efb87,2021,1376131,D
950d12a1-9753-435f-bf29-3a0f8e084ca1,2021,1136142,D
033f7d0f-1609-4bba-89e3-cd50bba3c2cc,2021,20239,D
9b4d73a8-11e3-476e-91f0-431bd0c1061f,2021,13446,D
c5301e06-f40c-455f-9c99-4ff6e84ebef5,2021,13446,D
e5f43fca-f99c-4c87-acdf-d25b5bac3a28,2021,56172,D
0089ff6e-2271-4875-a0b0-2f8d90434007,2021,1136142,D
e6403159-44ca-4342-a38d-915b72373467,2021,1270596,D
62e5e1ee-0b70-4b1c-a18d-b559a121ab86,2021,103062,D
d5641a51-c37e-479d-a8cf-22a346631531,2021,62484,D
e4c96c1b-6693-4155-af49-bb28478ed0d2,2021,95017,D
b596ccaf-8a6c-44c3-a085-210730a1d148,2021,99820,D
f98760ec-8350-4daa-9e89-9f46787141d1,2021,1288839,D
68a40ad8-2821-4529-bf1f-444f8e5e6f39,2021,1136142,D
7d872d20-55f8-434c-9837-e34b9213a0d1,2021,47505,D
da191c34-9436-4717-99d6-ea34823f4119,2021,12313,D
7ac503ed-0557-4bab-8625-24855e2c0de6,2021,1306689,D
015ab386-3e0c-4694-b62c-a9fb700a9ac2,2021,116770,D
a257155b-7892-44b9-82cb-502280eb0329,2021,1136142,D
9f5125b1-8d81-475a-9b5d-f0dbbe162851,2021,1102628,D
f74a8bfb-88a0-42eb-831f-a04645e0cb92,2021,1136142,D
6023de64-3f03-40c5-b071-0aba8c39fd97,2021,116770,D
50e9e80c-2c54-4af2-a602-5edd6ecacaab,2021,13595,D
202de74c-b142-4685-90b7-c832cedc3e8b,2021,1136142,D
2856511e-ce4d-4a4e-a13b-b39a3ce4f950,2021,99406,D
fe5cc08f-a350-4589-b34b-2edd60a2c56f,2021,2209,D
0f9f4a78-2c6d-452b-b902-3620fe4f6232,2021,20239,D
2098d4a8-0c04-4ea3-8b99-aa9d90aad8b4,2021,1102628,D
203455fe-f1a2-44b8-9b45-a9ff09dcf215,2021,11452,D
1165eecc-95cd-4e4a-9037-d961f8be6479,2021,1102628,D
68ca9953-452b-4d79-9a07-88adff32b661,2021,19047,D
76b2aab4-9dd8-4538-a987-7edb157209c9,2021,1139692,D
844277c1-5f3e-4903-a655-bb3f88023894,2021,1314243,D
73d25e47-d40e-48c7-82d2-efedd3fbfe5e,2021,118420,D
bc4d5cdf-3ac6-4391-9d96-e89a154449f2,2021,1132918,D
91cb2b5b-5d42-415c-8725-9a0d70070ce7,2021,1108692,D
1a7edb26-e100-4c81-acc9-94d74b712168,2021,12313,D
324f942e-4458-41fa-9d85-429a834778a0,2021,11452,D
528870ca-064a-4608-8578-7069608377b3,2021,317,D
cd14d42a-37a6-42ca-abad-592c4384ff90,2021,1136142,D
ea658982-944b-4858-a507-b60c43df39f0,2021,13277,D
f4fc2b1a-9622-4243-8d4b-aeae29cea4c5,2021,5000143,D
424db9a0-b81b-4627-9e6a-7a838f74ba92,2021,62484,D
941e88ad-a24b-467e-90c4-2e38a11cf946,2021,13277,D
fed0b580-a69f-4e88-b0d8-6d8778a24b33,2021,1132918,D
a352e63f-c6b9-43e8-a21b-3e7fba6246ee,2021,11554,D
055fc11c-6b95-410a-adfa-3368c176760b,2021,2209,D
a5c37751-4e98-4767-b5bd-b278a9abbbc2,2021,97778,D
edf70346-7a3a-41c4-b221-30c1531aaf50,2021,64664,D
19062732-9485-468b-a513-353f9a7cf569,2021,106167,D
1e7a1980-41fb-4702-a23d-33c3380ff9bf,2021,13595,D
1388e886-326c-417d-a12a-c6b3555b7351,2021,317,D
fea34a9b-5ef5-48d5-a9ad-c9be4169e7d9,2021,968,D
79e33a67-4eb9-4092-a4b8-03366b74a712,2021,13980,D
b6c28a95-0274-4dcc-9b0b-e66c1cb77973,2021,20239,D
918ed4b4-b8c3-49df-8f43-a25ea559d229,2021,20239,D
1d02dddc-3191-4437-af63-f082f51ffc70,2021,2209,D
5849e88a-44e2-40ca-8c06-66882d4e8d25,2021,49054,D
8857e9dc-69ea-4494-8c5c-aec0e9929b6f,2021,18903,D
ecf8f384-7e05-432f-883a-4d8a4470604c,2021,13595,D
f80bc5ab-7ba0-4fd5-a98f-b49a4ef8a2eb,2021,13595,D
473b78d6-dbb7-4fd5-8c9f-f5bda1bef076,2021,13980,D
892cef26-f149-409f-a3a8-fbb2d38ed03e,2021,62484,D
0f4e53f8-009c-4873-9143-a5d8e7419254,2021,1136142,D
16672b70-8851-4f91-a47e-7683435492eb,2021,18683,D
f0699bea-4f4b-4f99-a6c7-42d81c68a600,2021,94762,D
2a88d58a-74e5-47ef-ab01-4988696bbba5,2021,1136142,D
e15741d9-e70b-4bbd-8b4a-55d1bd82cad9,2021,317,D
bccc6801-1306-498e-b85d-6c149e699698,2021,13277,D
3df6c316-7105-426e-889b-8cd69f56dde8,2021,13277,D
f7e426e4-b611-47e5-be8a-a0d47d5193ce,2021,18584,D
0c4f75ed-f7b6-49d3-8bd5-3319a9ccfb19,2021,1113582,D
5f59f510-02b9-40de-ab98-426073b88670,2021,1113582,D
0968b0f8-d0ef-401c-85cb-359c0e2e48ef,2021,513,D
d5f0991f-b8df-4b4e-9f6a-ca78eb431472,2021,1113582,D
cdd2f849-b26e-4fab-98b2-7dee1045c3c7,2021,513,D
b77f5c52-a1e0-40b8-84c3-5eb6736f21e4,2021,1113582,D
7dfc0754-a72a-4437-a40a-e80bd3035e7d,2021,99820,D
2a6a0972-65c5-4986-9f48-d74a0d56288b,2021,99820,D
3d72c9ee-d05a-421c-8093-eba6f52afc74,2021,101942,D
41920432-ca63-4d6d-8ab8-b928ab558f83,2021,86318,D
421938ae-7223-40c7-ac3a-90afdc8bcec3,2021,86318,D
caf14610-a341-4da3-b99b-a2315e304d1c,2021,86318,D
7329d08e-1ac8-4af5-9fc2-181817002028,2021,86318,D
594d1382-6dea-4bfa-b180-50dd08292114,2021,5000143,D
2da36f52-5d25-4d11-9100-2568c838fedc,2021,5000143,D
f63d01fb-4980-43ee-8178-4f2a813bc830,2021,86318,D
10256cde-4cc3-4de8-9fc7-adb6a14a6ee6,2021,11554,D
fc8f1dbc-fa4b-4359-8b37-cfd3f3241a93,2021,98305,D
28487434-f829-48c6-8200-ac30dc7f07b2,2021,1103723,D
00d8d2df-eecc-49f0-b059-493b95ef5810,2021,67601,D
6e5b884d-e4dc-4508-8dbf-84e84ba9fe37,2021,73898,D
536d895f-2d7c-4baa-a85b-54ddfba1649e,2021,318882,D
3cbd1d1b-e61b-4051-85e5-1b909cf03c3e,2021,1385488,D
4688794c-1b30-4a7f-8638-fb09007f9b44,2021,13595,D
44c92092-9a5c-4009-a8a7-507a560aea9a,2021,13595,D
fe3a0f4c-f015-451e-94ee-a0849b937080,2021,41238,D
c5426a3a-3bce-470d-a5de-07fb657e7876,2021,41238,D
eae3f7dd-7f57-4775-bd52-f06790994280,2021,41238,D
f4608a6c-73e6-4d91-b821-51cd48d5e47b,2021,13446,D
9a6e83d9-e29a-4312-99b7-80b6c28627d4,2021,83388,D
f14de395-59a3-4ec9-a17d-61720746165b,2021,1136142,D
b145dc94-7484-424e-a68f-1257369255f0,2021,37862,D
19b8d95b-abd9-45df-ba44-a72bf4ce36bb,2021,73898,D
fb9d019a-0ce1-4504-90f1-2421fd305038,2021,118420,D
2b1a39a4-71fb-48a1-9baa-f786dd7aa1d2,2021,118420,D
8b4bd6d7-5fbe-4010-80d3-1f5927c42166,2021,1110857,D
8929d5e3-a2a6-4fab-8b74-5526fa636835,2021,1110857,D
53bff2b8-fe08-49b3-bbdf-9664e078d342,2021,11554,D
1836b5af-125e-410d-a33e-b6e53667e29b,2021,1306689,D
9ced7a6b-dace-4080-b125-54e8bae4f7e9,2021,1047907,D
9fe8983b-2b87-4688-89bf-c28571a95eaf,2021,12025,D
e62421d9-d45f-4eaa-a5f9-f8fc1efc610e,2021,18250,D
9796c03b-223c-4b79-8725-43ad9982f7d9,2021,87396,D
395a1166-f654-4d74-8f8b-7b0420e5f7d8,2021,51020,D
9d132350-f179-42fc-854b-a2ada1ffdc9c,2021,20030,D
79c12b51-2646-41c4-b432-e8f1bffb7d26,2021,1427745,D
a04bfb5f-57b8-435e-a691-d742e0bda1b4,2021,98595,D
16de0d87-140e-4a4e-83af-0060d9595ac6,2021,98665,D
03fba198-ef45-4798-98ec-58c308554413,2021,1300429,D
c169cb88-2500-46a8-9147-5b06cb09573b,2021,99820,D
418ed192-624e-4457-9ab6-63322d9c635a,2021,58808,D
ac3502dc-5bd9-4997-8832-d6c13d860a29,2021,20009,D
08a28647-d6cf-4148-9ca9-44946b8ef6e0,2021,5000135,D
fec7e44e-ad22-4b03-aef6-55b20e91065a,2021,1322390,D
4d34eb8c-2f98-4354-a454-7b48f8b34eb9,2021,20756,D
7890e6d0-6764-4448-953f-e79975919657,2021,12025,D
7559c256-5b52-4aac-9948-378ad1e27d07,2021,12025,D
27c8e003-57c0-48e2-9dab-ff67e77485d4,2021,12025,D
e9425c53-d023-4a96-aebf-00d292f44d20,2021,12025,D
b840f67e-049d-4c84-a87f-ecde9b967f80,2021,12025,D
d0bce766-df33-4c6a-bd22-32dd7f3e8192,2021,12025,D
17439940-de43-4114-bb42-a48bc6da78ce,2021,12025,D
fa26ffde-4338-420d-995f-164671f651b1,2021,1376131,D
17f6e98e-ef21-4191-aafa-c9809a0c046f,2021,64664,D
bccf1c23-b86f-4de8-a573-4a17caa6fbf7,2021,64664,D
e4f80503-42f8-40c1-8417-d618796fc780,2021,60886,D
efd22607-2554-48fc-9030-dbc9bcd85f4a,2021,60886,D
2fb2966b-4209-48a5-9dfd-a8900720c7dc,2021,60886,D
87fca4fc-4a7d-4945-9bc7-d031f64a678a,2021,60886,D
b7d62801-3e60-4fb2-9a0c-85bdc6693196,2021,60886,D
27fa76f6-d170-4eda-a2d5-4ddb2ddf005d,2021,60886,D
44758852-3c2a-42a6-aeaf-2a5e28ba37eb,2021,60886,D
32e8d684-4485-4918-8c61-7f835ae57248,2021,60886,D
1a4e6f86-efd7-4a8a-b29a-7a41b0d22848,2021,1139692,D
464a80f6-1e66-4700-846f-fbd811b03b0a,2021,10515,D
bc31adbf-537e-4df0-8729-cdfd2f5b6e1b,2021,5000951,D
ea0f0e3e-037d-4da7-b71b-41daf7820b55,2021,5000951,D
f5f4cb02-12f1-4b52-98f2-506e08109e38,2021,1181115,D
25c1c62d-7433-42d0-9841-1f39a9f4fab5,2021,1181115,D
f8d893a9-e79b-4625-97bf-a0153d1d2da0,2021,82364,D
d622ab15-42b0-4ddc-a97d-70b6f5f49945,2021,20009,D
65803dfe-ab13-4a19-934c-99d1a1d7e4b8,2021,107920,D
8f77c074-8a0c-453a-805c-f214466832d5,2021,1270680,D
d8da4b35-c6fd-4192-9ad2-3e9d56fcd62a,2021,1318224,D
c2d3de19-30f8-45f0-84aa-5b20fb04f583,2021,1318224,D
4df90dcb-793f-43ec-a074-d3452c6c8321,2021,43664,D
78ad482e-67d1-413f-b1ff-9e389b328f9b,2021,2209,D
99f7feb9-db5c-439b-a51e-7691e6488fc9,2021,2209,D
1386452b-3287-4c16-b1c8-e0b487125e43,2021,2209,D
a63f2d9d-6449-43b2-ac4e-f9fa32fb6c04,2021,114616,D
343f4013-358c-41d7-8dfd-4c172bd390d9,2021,67601,D
ec188399-c67f-405b-9de0-b85ed4388b24,2021,103062,D
f588272c-228b-4079-a9fb-bc45bbf250d9,2021,103062,D
74669f5e-ce81-476e-b332-ac0bc115b80e,2021,19047,D
c2049892-ce6e-4815-a9cb-0218d1e051aa,2021,49054,D
c139851f-b3c6-42e9-9f9a-701cfd33dc51,2021,49054,D
5da9c6ea-83b8-40d8-b099-ee5bc8ee1b3e,2021,1306689,D
ceff908d-4743-427e-9cdf-ca050c20a905,2021,1306689,D
bf91c6ea-ef4e-4b3c-b88f-0e0d0a0ea7a5,2021,1103723,D
e3e16732-110c-44a9-97a8-388b18269279,2021,317,D
62ae576f-3f30-4279-8a5c-c038d3e11323,2021,317,D
c70e37be-38f1-4210-8fce-4ef0c4e7d154,2021,968,D
c6f9ace6-a91d-44b7-ba16-ab5cd6751829,2021,18683,D
64192944-75b4-4b6f-a1af-4a07a1c4f7d5,2021,18683,D
060d3210-9ece-49b6-91c7-8d695df237b4,2021,18683,D
1993e9ab-8691-4a89-bcc5-476014aab30d,2021,5000951,D
6bf29d5d-34fc-4314-b3c6-c9e057ed4d3e,2021,40343,D
4afa9f96-07a3-4846-92f2-556b49dce35a,2021,1117717,D
372c5a1e-93ce-4c04-865b-d461dcafd2de,2021,9425,D
e6790859-99e0-4380-9eae-98346e671683,2021,13595,E
1d6024bd-056a-481c-b0bd-81f53d61006c,2021,1258063,E
474d0ada-c139-4f1f-bf36-415524921680,2021,43664,E
e54685ae-efd7-4ebc-9c0d-d0105b75ce04,2021,106996,E
5fea2f78-4ddc-407a-b7b2-fcbfc6788718,2021,1136142,E
12ce9ab8-2e69-4c6f-b89c-fc3f90f5979b,2021,91181,E
44a652d9-6abc-4e11-bd8d-61a90a15952c,2021,37862,E
e8b07507-938a-49e7-b312-09c83a34d8f1,2021,108660,E
e5112210-6cfe-4e20-ac00-7e1c42c8f656,2021,106996,E
19bd4bcf-131c-48a4-9ab7-839a25cc8597,2021,1330347,E
237fcf24-bf80-448c-9e84-e468d2c681d2,2021,1102628,E
1e9a5482-589c-44d4-b2ce-0ee913cdba47,2021,106996,E
b3b16402-86a7-4d9d-a4c8-532e792e446c,2021,19047,E
0ecfa74d-c373-4dad-8199-f9013443b0f8,2021,968,E
d9e916db-a462-4f90-9626-6caff1a5a066,2021,1267543,E
f76e2882-5781-46b8-95b7-d8f48a323340,2021,13595,E
e4c8873c-d7f5-42c8-bee4-38f6ba4d2e60,2021,11730,E
85692e7e-1ce4-4b9d-95c9-2734f319bf0e,2021,317,E
ead211fc-c500-4967-8a0a-aa83a81e3a8c,2021,88084,E
0787aae5-b78b-4deb-a457-ebedc5dc98a9,2021,1322390,E
370121bd-4d3a-4f8c-b667-58c3f3abf6b9,2021,58808,E
19f1d0db-f6ff-443c-9c08-4215100a5cf8,2021,37862,E
88fcd586-5792-4e37-b1ca-2bbe8f4d70e9,2021,37862,E
aa06240d-a759-4deb-9075-05b4b8d775eb,2021,13446,E
3025c522-dc11-4180-8feb-ea9b3646b59f,2021,11452,E
3555e93e-7358-45ca-b41a-1274e16d576e,2021,88084,E
c21176a8-02b6-4be6-bb3a-ad60e306d7fc,2021,1187671,E
4c4255ce-cd43-41de-92cc-0485b3138265,2021,48205,E
69351199-c045-42e9-a7d0-8cfe198e57f4,2021,2209,E
d22c53df-a271-45a7-bd18-10342cad69e4,2021,968,E
cad8ae69-6ae9-4250-9af1-6c5880d30ea1,2021,968,E
3be4a7ac-6067-4e59-9040-0356facce195,2021,1322665,E
78314045-7573-42d6-b37e-229199600cf1,2021,1136142,E
55a3cb21-0bf6-4160-8b9f-eb0f6a7d241f,2021,106996,E
410004e9-6fea-4c69-9591-67918ced6cd4,2021,48205,E
4a381998-6716-4275-b29e-06bd82ec28a1,2021,1267543,E
b4c1387a-39d4-46a4-a930-81df704cae1c,2021,64664,E
dcee2560-821c-4a49-af1c-1785d1a63d91,2021,108660,E
fd1517eb-1097-4364-b55d-b5b9c4ab6953,2021,1187671,E
4cf1ff17-5969-475a-b1aa-0aea3b192b63,2021,1102628,E
37ec3aa5-e83f-4abf-baae-86deafcd5fbc,2021,106167,E
92e44d88-2e3e-4ea7-8e20-7d8880ecf285,2021,104360,E
af8a529d-f692-4ff9-aa47-78165e923277,2021,1306689,E
4adca9fd-79c3-4693-95b6-7cc5c2696845,2021,1322390,E
1faae127-bf51-4627-8f1f-3f3e4f26f3ec,2021,1102628,E
f0c93937-576f-4a84-9f04-66fd6c53e005,2021,48205,E
7f49f026-45c1-4569-bc4f-a5f0f9b88a14,2021,1288839,E
8a1e8815-4b2b-4efb-8bd9-3dfcaf263ff3,2021,13595,E
42956a40-593b-4327-a268-237fc1c21b56,2021,13595,E
dceff154-9cf8-4c59-a828-dd4b5ce52ddb,2021,88084,E
0cd261a5-465a-42d0-ae6d-64dd369d15e3,2021,11452,E
1e2ba0fb-2b61-47ac-bf31-6808244d8b93,2021,20030,E
2275b1eb-e355-4c03-a779-271c892fbbb6,2021,317,E
36cd5e23-df51-442a-9b7e-b40c3491bf23,2021,83388,E
ee760833-ab14-456a-8c41-12c158fa85aa,2021,19047,E
7fd9db22-fd80-47b7-8bed-7c0360fa46bd,2021,1190071,E
3b7536c1-91d1-4466-b741-4cf0ea82b660,2021,37862,E
5b65a441-d67f-4646-a679-cfc48c599664,2021,98957,E
431f1f9b-f301-4ce7-bf03-baacfdd25778,2021,98957,E
e3063a5b-9fea-4621-85e0-74fa47501ce9,2021,13595,E
b822bf0d-2f0c-4c9a-bfd3-139d45e16715,2021,20030,E
cf8ed65a-04aa-41b8-8ad8-d69b71e670cb,2021,1322390,E
493d553f-8666-48ab-bf2f-d2e55c78f5ab,2021,1269545,E
2c5ab6de-f50e-4440-8d22-2de1426e0b79,2021,68930,E
3258eaba-f96c-4ba1-9f97-d80e7edf2fe5,2021,41238,E
95472d18-9e22-450b-a2cf-b300f2041ea1,2021,1283028,E
5b74f4d3-b6ca-459f-84d8-7b187530e17e,2021,1288839,E
e82fa354-90b7-43d2-bca1-209dc97c86b5,2021,95017,E
1f7643f8-fae0-4876-8558-2e2dd2f7c83c,2021,20030,E
55a48597-90b6-4427-b62e-66b61a082df6,2021,1270596,E
1943a34d-0a37-4525-b8c2-b64fed115601,2021,1306689,E
ca5a0478-688b-4789-87d8-10957458cee5,2021,5000143,E
a844c9a6-da7a-4ce8-9582-04b6c64fcaf0,2021,48205,E
323d79f4-9e42-4cd2-abb7-399ecb8189fa,2021,37862,E
cd4e2251-dda5-4044-8865-cbb2a96559e3,2021,20030,E
89caf402-1759-4c9b-a8e1-47487326caaf,2021,1101244,E
ae82455b-096d-47da-a953-17fbc4273504,2021,47069,E
fb10aeda-d6dc-4563-95d4-5e14f305dd5e,2021,20933,E
0f3f7139-e955-46fa-8832-ebfd9cd78b86,2021,1322390,E
e76669f2-a0d4-46a6-8d7a-4738edc37d4b,2021,1190071,E
250bf2e8-c9e6-4612-b6b3-f48bb7f57bb6,2021,43664,E
2fcfa0c9-64c8-412b-8c01-58b71d88a691,2021,95175,E
ac71ab06-eab9-46c6-bf28-5914e2da411a,2021,47069,E
9fdefba3-1400-4643-acd9-e3f3eeaedefb,2021,20933,E
1e9e07de-b50d-4c24-ad90-ec26f1b26a27,2021,73140,E
88cbcb7a-a24e-4c70-aa5f-485d06057a1a,2021,1190071,E
5cced8bc-47d4-4689-8faa-716f531ecd68,2021,37862,E
a190a8e4-2d08-4d46-ae52-dccec6da692b,2021,37862,E
3185902a-c563-44ce-adeb-c88d341e436d,2021,19047,E
743c2518-6367-4263-a7f8-59359546b660,2021,68930,E
c8cb32a9-84ef-4942-942c-13952d869282,2021,43664,E
a36ad3db-985d-40eb-94d1-7730132b9cee,2021,1148708,E
553db675-a903-4225-b5ee-63c4b0e5438d,2021,13446,E
915539a4-fba4-4fb6-8f4e-16970e39a6c8,2021,1315444,E
502ffc5b-4070-4569-820b-f9c82f66bb8a,2021,968,E
32d3551b-5ba0-4359-a8e9-0764910d2ddf,2021,18683,E
a17005cc-29df-4d1c-9e72-e6ab7e781e50,2021,1136142,E
65fa6a93-e7fc-46cc-8d65-5fad8b74dbda,2021,106996,E
c7c6a8c2-26da-4292-b2b7-6fe75a68de64,2021,5000143,E
941443bf-e6ba-4c58-bc12-682217a0c0fe,2021,20030,E
f259202a-0485-403e-91a3-9f3e1a31976f,2021,86326,E
3ab0bedb-8160-4f30-8ab2-ca8ae4b1f129,2021,1267543,E
400b0af6-30da-47a1-a82b-3e730db50247,2021,9440,E
bbe719cf-82eb-4c28-9a05-54d857beaeaf,2021,106996,E
3b0436a9-b109-4da4-a687-e8ed72317f96,2021,968,E
bf42fa2d-a89a-4b88-b659-9907df89931e,2021,317,E
b9cef737-d240-46ee-bd15-640c1eb25d76,2021,1047907,E
1cede0fb-9187-49e5-95fc-6c2b1f895d84,2021,1376131,E
1a55bdfe-dae3-4a72-85b4-dc83751879b1,2021,98665,E
18ed6d80-1f52-4ba1-b6c5-7c6eddc0480c,2021,5000143,E
3392fb85-ce22-4d6e-9bf6-08f9bad165d2,2021,83388,E
869b6d02-47a0-47ce-b380-e32f3c67b1c4,2021,1101244,E
ea7d6fe5-8233-424f-9813-1c6909c52d05,2021,1306689,E
1dc2d6e7-5f9b-4c79-b030-405eb0565923,2021,97443,E
75c16cd3-6261-4c28-9e63-9872e7989910,2021,11452,E
6198bddf-5028-4128-8db2-b90645521d2a,2021,55402,E
7fada907-54ce-42e1-93ac-fce7b17834cf,2021,1267543,E
a566b3bf-44f4-41d2-8045-5932e5d35c6b,2021,968,E
8b69a953-81be-46f6-912e-ab8e8568e638,2021,106996,E
4e6429da-e39c-4b02-a2ae-7c1270deccdb,2021,20030,E
a7053fdd-a0fe-4c88-9497-ec10b75c9cac,2021,98764,E
1d0aeb8f-ee06-41d6-8925-288f3318a67a,2021,1267543,E
06b9c8d9-29fe-45af-881c-509656b0e504,2021,11730,E
a841f471-b083-4dca-9c2e-bd181c1ef669,2021,49054,E
9147e1f1-4baa-45a3-8f4d-bb1f96064a21,2021,10515,E
58a86887-0838-4eef-823b-86feda5f15bf,2021,13401,E
effd0013-a8e2-44e4-bdc2-14a2d2ede542,2021,13446,E
669bb38e-cce0-4ed7-b0e7-9f52abefe0cf,2021,48205,E
48803ca1-b1f9-495b-a21b-66f80d6049fb,2021,46377,E
2a436e1b-af30-4054-a6e7-b4eacb2010d6,2021,1190071,E
5d373752-0206-4e3c-8d02-0864d5e1e177,2021,1190071,E
e459c875-abde-41e2-a8fb-8e73f4810558,2021,94762,E
28f96f7f-f23d-45ac-b2b9-d017aefe2f9e,2021,106996,E
c43a99f0-1e06-4ce1-ab0c-f1ef2566add5,2021,49054,E
86c24c9f-798e-41bf-a525-d510b12d2db7,2021,83388,E
9d8afb51-3989-4515-b827-25cdcdc07a42,2021,94762,E
c45e3c6b-40d4-492c-9f80-2518e3a00ee7,2021,83388,E
2afbacab-a2d6-4c52-b19a-975ccbb7135f,2021,1306689,E
69749d45-f5c4-44ca-b076-21c857104876,2021,1187671,E
23aa8624-f00a-4e78-96aa-7d6dac19b9af,2021,18267,E
6e42abb4-3e4a-440f-9f9b-6a641d36343f,2021,94762,E
193fbd48-57e5-4a5b-b1ac-f852484964a3,2021,88084,E
88acccff-52f5-4f83-b5ff-38450b7b18cd,2021,94762,E
ec2f2e6b-9d9b-42e4-974f-1087b594a47b,2021,9414,E
368603d6-2351-482c-a5f3-1b17d031c9e3,2021,1322390,E
99960348-81b7-45fb-996d-f58bf9bd3488,2021,2209,E
a6c367da-fdc9-47c8-acd6-ab74c52e51ca,2021,317,E
ff0ad8ff-10c8-439c-9b96-de92de51c692,2021,94762,E
63cca840-9dc4-4622-b86e-45102545a9d0,2021,513,E
60b92ae3-7b04-4f91-8f74-bd71795bb43d,2021,106996,E
ad706c5e-26c7-4b1e-aa75-2d323cd848c4,2021,1047907,E
a3489c55-e8e1-44cb-990b-5fe8a822a068,2021,5000143,E
fdfb60c9-9f57-4cd9-965e-d87954b1f021,2021,50981,E
bed1b398-62ac-4e13-8c0a-73c7ce400f24,2021,1181115,E
a8aa38fc-3369-4e11-bef5-27cf60852c46,2021,11452,E
3024d1e1-18f5-406f-9491-ad3e2aa41477,2021,1148708,E
9f1cb522-bb59-418f-a640-02d5b6b26d69,2021,1187671,E
78a1f85d-8aff-4d4d-b5af-304fdd728aa6,2021,101830,E
2bc580e1-ec52-4a12-9a9f-36d9b5d62695,2021,9425,E
62abe854-e70b-45af-a0b6-bcc0ffdf89bf,2021,18683,E
eb4366c2-1425-4d11-a372-0003b2ce4a5d,2021,18584,E
a660c59d-9c9d-4f64-8f9b-d05c010b78ed,2021,1322665,E
75a89bc9-0ad3-4a80-9d5e-69b1aa0b7d36,2021,1181115,E
8f94bdab-0834-4ab4-9df9-5ca3e1170c4a,2021,101942,E
27af99c1-c0a0-4ca7-9128-8b6e94e3b465,2021,1148708,E
e2519f9a-99c0-40dd-8a80-bd6325ba2956,2021,94762,E
001b8cd2-b6f3-409f-8af3-a5ab6026b347,2021,57606,E
515ce410-b5ee-4fd2-a566-863b9cea90c4,2021,317,E
d57afe30-cfcf-4fd5-823b-5a887639a6f9,2021,37862,E
3eb3d611-30f4-440f-961b-ccf87a633828,2021,513,E
dc2e18c8-9d59-40d5-ba9b-39f74b4735c5,2021,1101244,E
dd637e4a-6f2e-458d-9cbe-eec7d3f10663,2021,1166783,E
13894adb-283d-484b-9b45-b51b6a049e57,2021,317,E
60e92189-6fda-4b2c-a713-b3267e4ff57b,2021,98305,E
ffee26d6-4455-433c-8c0d-efc4aede07b9,2021,1190071,E
bdc1cea6-e035-4524-a6c4-c5c4230339ec,2021,116770,E
dea4ed75-ccbb-40e0-b0d2-e2459302c62e,2021,118420,E
f7ba187f-34ad-4ebe-a8b5-42a5ef3549e3,2021,968,E
6ff6387d-0f1c-4e36-b760-979890e1622f,2021,22047,E
b1b5f49b-b1a7-4293-840e-4374d047e146,2021,49054,E
241509d6-22cb-4d38-b55d-7b0f3a071735,2021,20756,E
533cc9ed-1918-48db-8274-744d087516eb,2021,106167,E
caa18906-e8d9-4343-8087-792eadd62174,2021,2209,E
45a0bf5e-8952-4b60-994a-f5384cb5997e,2021,86326,E
dcbb288b-69b6-40bc-b8be-df233e31bda4,2021,18683,E
e128fcad-4dfb-4e82-965d-7388a62aa00f,2021,1047907,E
75087e4e-2c8b-4374-9585-d496f97e2280,2021,513,E
2cc95aad-023c-45fa-98e9-18af94171ed7,2021,1385488,E
0bf9f035-2225-4be1-b7fd-e8292a7c7b69,2021,317,E
98767181-4810-4e3d-ac2e-1cfeb9af4654,2021,103062,E
eb9f9b23-2b05-4cbe-b37d-5db900f8eb81,2021,13401,E
569490f7-a64f-4d10-8d2f-512c41074fc7,2021,94762,E
b1d2a6e8-1ab8-44b0-acc2-d2eca1f5dcda,2021,1101244,E
42c44827-026c-4b9e-a550-4de78ee7a3a0,2021,1376131,E
1304039f-54a6-48d4-b62d-35d9f8274feb,2021,20030,E
a2f99778-37a3-4376-911f-8ec966e5d4d2,2021,1118057,E
42da49fa-f7d1-4182-860b-de1df1c07949,2021,1351760,E
e9b1d32f-22b3-4b45-a6c1-dc880cb96ef8,2021,21464,E
dadb88c5-4757-42b9-a7cd-6d8ba2ca3f60,2021,68930,E
4c9684ea-5034-4689-80d4-132be1223817,2021,18683,E
62887c1c-e3c5-47e4-a5aa-a461ff6dbce5,2021,968,E
a27e841f-5f2a-4211-b835-732a93d1b2dc,2021,317,E
6a873c5f-7a71-4668-8a4b-dbd83263b877,2021,968,E
3e8c6200-d260-463d-9006-195161dc4aa0,2021,97778,E
a6c022c5-72f9-49d8-84f4-f9e302fbaa02,2021,13277,E
8c216979-75a1-47e8-a574-8fc7dad345ce,2021,317,E
6b115cb5-26e5-4c19-9508-ca79c0abd6d6,2021,41238,E
a1765ff3-c392-400d-9f3e-70eea82169b9,2021,106167,E
aed8936e-1fe1-4ddd-a4ae-26ab9fb81521,2021,10515,E
372fc0c2-c02b-4659-aca5-bb336c42b022,2021,112086,E
ca427570-c5a2-49c0-a577-28d2d9865e09,2021,118420,E
7af0341b-a4b3-419f-b40c-692d06880eec,2021,1330347,E
a7c91dd5-4f92-4ed9-a8c2-cec973328e45,2021,1267543,E
2568fefa-3d3d-41eb-90ef-793f2bc376b5,2021,18558,E
35c3d4c6-16f3-405e-bf6f-f615dbcd6993,2021,49071,E
15fa744d-74a6-4ec4-ada8-0eddcdc0601c,2021,1132918,E
564c4100-60bd-485f-bd2a-7b218a5645eb,2021,1322390,E
37756025-1acf-4a52-ae2f-0403707d9912,2021,968,E
c5c864d9-fd9b-43b8-9167-001ded4f21d5,2021,1181327,E
cd556e5c-cc94-447e-8158-f4e969f0ab8e,2021,1385942,E
ddb9c226-bb53-48da-a23b-d601de18fc1d,2021,98013,E
5f9ccb0d-6770-475a-9f6f-75f76fccd41b,2021,968,E
9b57ca5f-5299-4bd6-880c-0b6971803b67,2021,968,E
f5f76eab-cc56-40c7-aac7-012227cd6f16,2021,51020,E
0dd98d3b-db14-4d35-901f-786297d8b7e8,2021,1385942,E
18cbd388-661c-490d-9ad1-876875b1131e,2021,13446,E
21afdcb9-17a1-4836-be8f-1078d2f139dc,2021,47505,E
61918f63-db4d-4ff5-8933-36b43cab44fa,2021,513,E
a2132d9a-2d06-4f06-883f-36c49fda8de8,2021,19042,E
7d452857-7e77-4d1d-bd54-245a66fe48e7,2021,37862,E
749fc2df-1a70-4352-b615-3f2eef333e60,2021,98595,E
0b8fc484-a0b0-431a-8f56-945bbf520902,2021,114616,E
d8014da4-5a42-4a05-baf6-4018878dd15e,2021,968,E
b3dc16ea-e179-4d44-a726-2aaa6abf1bd5,2021,49071,E
c6d772f1-5a85-4436-b010-13babbd04d1f,2021,62484,E
8a1343c9-476b-4d2e-99d3-04dad9b3714a,2021,113687,E
15b1ce1b-3d1c-44af-ad4d-b764109ee6d0,2021,13980,E
a8ac0677-e6a4-48cf-b0ab-9fbc65ec1eef,2021,1267543,E
33880d92-c5db-4aa5-8411-7f239f109bb8,2021,21464,E
a81e606b-c7c0-4339-afcd-2d8ab4ec84be,2021,20239,E
3d154020-5e69-4a08-806e-37ca8bffb8e2,2021,13595,E
de97ec0c-7575-4925-b44f-06932fad53a7,2021,98957,E
36900a30-2354-452f-b72d-c5415f85cfa5,2021,86326,E
cf967424-8f03-4e0c-8f7c-6719277349a7,2021,91181,E
165ff1ae-f33f-4a16-9e91-32c56b8939e5,2021,55777,E
63d3fd73-b44d-4839-9b39-9541989a9469,2021,101942,E
896327f8-76c5-4c3c-b071-f0bae7b1ae0b,2021,1376181,E
833bd1b1-f230-4863-82d4-10502a4b4c65,2021,99820,E
0292b984-f897-4aa3-9652-8c0fa67a08e3,2021,1161716,E
fdc77f5f-d60d-47e9-bf1b-c7cfcaff2d2e,2021,13216,E
77e8a028-56b8-442a-a43c-183bdb004ea5,2021,20030,E
468a25c4-0616-4548-9681-5a7d8407f8a7,2021,968,E
4ca92299-c31d-47e8-b2d9-f5d442159a09,2021,13277,E
ac3794a1-73ce-4f5e-a31c-710f34a7d078,2021,49054,E
84ba8192-a5ce-4357-bb9e-fc9b112b0689,2021,20030,E
c44b6e42-2511-4216-979b-265aebbfb931,2021,57612,E
45c6c31a-5966-4bf2-89a2-84ce84824dc1,2021,513,E
2e0c0356-5def-40cc-8d95-84dc4a7791be,2021,13277,E
1e8c7bb1-2f61-4597-942c-d4859db77269,2021,1267543,E
6bc91838-56ca-4d0a-8155-8da28b380cee,2021,47069,E
9130a0a5-f164-4bbc-81ab-436516059b79,2021,20030,E
70b5e815-8eba-4c37-bb67-879fed63d244,2021,2209,E
80f418b0-7181-4316-aa8d-d1492a130800,2021,2209,E
3f9f42ef-0e82-4a46-a107-0af309330086,2021,1267543,E
22d35d75-91fb-47d8-98bc-cdd93f7a6447,2021,1288839,E
83aab299-3eae-49bb-9878-463a55e0b315,2021,91181,E
d3d3237c-b6cb-4d9f-9daa-5998efa0a616,2021,47478,E
e514abef-53eb-4224-9663-051415dfe64b,2021,107360,E
62144a56-8f85-430d-b4f3-575ce91a688e,2021,37862,E
60e1dfef-ccf8-4237-a415-33aea0ad1315,2021,98595,E
a739370d-135b-481e-b264-80662a6be278,2021,1139692,E
7c3dbdea-a432-4216-b183-d49809b36d68,2021,51020,E
a8115d1b-7444-4635-b4db-a821786d4ee6,2021,1267543,E
7dd17ffa-b484-4ea6-95a8-30ed87150da2,2021,20239,E
17068ebc-2571-4689-a694-c7175cce43b2,2021,113813,E
08b34e22-24c2-4cbd-b320-18b551c4f6ae,2021,317,E
86f6d1a5-edcf-4d99-8a4a-b790d60d75b4,2021,13595,E
9c473817-c274-4786-99f0-672c7ec22283,2021,1265453,E
cca7e020-c01a-4149-bbad-45b43a2c3706,2021,118420,E
2a791ac4-5897-408d-a702-74c6ab0834e5,2021,1136142,E
c0138057-b5db-4b9a-a273-85c1ef51399d,2021,18903,E
e38e72f9-87ea-4bd6-af8a-9488fb937c0b,2021,13277,E
09de5623-3228-4f50-a1bd-353be192199c,2021,91181,E
ea0edd3e-2d5a-429c-abbe-8ec52f9d9e11,2021,1315444,E
c780df45-84bf-4f95-b1ac-acdca30225fa,2021,19047,E
785dbb0c-cb7b-409a-8060-c25efcec1f5f,2021,106996,E
75701a58-ae78-402b-83f9-7c426a4bb675,2021,106996,E
ef3b3c69-0a23-4675-a4d0-9d57434494ca,2021,90030,E
c01c2de6-6ee7-4f97-8ab1-2aac77f145c5,2021,13595,E
4db742ea-c19a-41da-89e7-5cfbb07977ae,2021,95017,E
4a742095-f14f-42ee-909e-7533a198b29e,2021,1322665,E
7d680f97-a786-4810-8ebb-0a5ddb962bfa,2021,90030,E
34a3e2aa-b231-4eb3-b58a-a24abdad9a69,2021,118468,E
977ec937-15f9-4ab0-af06-5ac7a69d8b20,2021,19047,E
e9b6aa66-5214-4a37-82b1-d8f675486f59,2021,13401,E
f89143d8-bd72-4b54-8258-fa47102be91d,2021,2209,E
04f689a9-659f-4956-8375-768e431cbda9,2021,1101244,E
26a06df1-ffad-40bb-adc6-97b4bdcb8601,2021,37862,E
b2386138-d501-43b9-9583-69c438310823,2021,98595,E
f2d7ee40-5c0d-462c-8645-9720ea392756,2021,90030,E
c90e9e0a-4dc9-426b-a9e8-fc627f880b02,2021,2209,E
25a971ea-2d1d-4b50-bfba-77e967513521,2021,2209,E
9c84791f-6a1f-46b2-b88b-828b488d4629,2021,1136142,E
c51a1b24-ae09-41f0-99ae-bf8f0e8bfc22,2021,317,E
6bed8681-e0b7-4244-9831-aa748c04ad59,2021,1136142,E
134bd4dc-edd7-4a16-9d4b-a8f25ff81108,2021,37862,E
598efe33-82ae-4ae4-961a-30f29b84fd3c,2021,1533190,E
e1e77a41-c8d4-414f-b9b7-da54aea766a5,2021,1136142,E
e02ba830-505c-40c3-a386-c6f2d601280d,2021,64664,E
ca316683-b210-41a6-b2cf-278d96ee9ccc,2021,55402,E
d9885e16-6df5-4198-abd6-f57e2df47c31,2021,1314243,E
1091daea-85b7-4d96-95a9-d81f9ab5b238,2021,13446,E
336f7e60-2bf1-47c0-a845-050b13b2d09d,2021,13401,E
03cb5f6c-686b-40a3-80ca-f0c439eea484,2021,95175,E
31ba06e4-65b3-4881-8c48-673803a4f813,2021,317,E
2568135b-c830-43fd-8c1b-7186f44c6007,2021,58808,E
fd492ac4-793f-4909-bd32-8c8acbe17b0a,2021,62484,E
867e570a-5844-4f80-bb56-527db073ab5c,2021,513,E
15c80b70-a544-4f8a-8043-479ff4746e57,2021,13446,E
ad7d8cdb-706d-46c7-9008-1b8e3b143571,2021,1136142,E
ad7461c7-5af3-49d9-b3eb-a9bd31a0d511,2021,64664,E
65dae19a-c08e-4582-ad26-ca5a5d7fb4c3,2021,1102628,E
09e083a6-1bb5-4e02-a2c1-e47b2e38d1a4,2021,49071,E
1f9f4770-1409-4aa7-90fc-01ca52c8d544,2021,103062,E
7568e809-3bba-4673-8e48-22d0aa808a9e,2021,1376181,E
02c4e106-3b3f-4c44-bef3-c73a7dc3a40b,2021,1267543,E
8038673a-528b-49dc-864f-b23f51d38096,2021,95017,E
853240e3-23ea-43b7-b8ec-c577a4d4b4a8,2021,1118057,E
58525678-fc10-4103-98d5-53a0bd6e9271,2021,317,E
56808d7a-00b9-4f53-877c-5180d37d8e09,2021,1376181,E
2dfe1174-8f51-4943-9f36-d8ca76a1c866,2021,47505,E
4a3acf4f-542a-49c5-94be-3d7f57aeaff9,2021,118468,E
0a5d928b-4d20-42a8-a6b9-ed85e334f16c,2021,1385942,E
d01e5c66-6237-4da2-9f39-e11ab3011f7f,2021,1288002,E
e0629070-b420-4ef7-a3e7-cf660363567d,2021,107360,E
03ec092e-dc91-4d53-9038-1e71ebfdb4a5,2021,1427745,E
a883929a-ebea-4707-8185-a0cd4425e6de,2021,67092,E
4498d6db-2e86-4605-a6b9-3bf5f168d2b3,2021,83388,E
ac7b6412-222d-4747-a0da-107c58ac9f1a,2021,13277,E
74285f81-7328-41de-99fb-f9a8c45f2b75,2021,98305,E
32348b7d-15c4-4b59-9679-c74d438aafee,2021,54934,E
68702e26-96d1-4800-a4de-e5a566141220,2021,317,E
c5b8d9b4-7887-4b7a-9f5a-167766e8c144,2021,64664,E
6f2fb17c-1e46-4050-b412-83589baed9ff,2021,94762,E
a2fba147-5ba9-4eeb-a1ed-b5ea4e0ffbe6,2021,18903,E
2d985075-2c1a-42d0-8daa-524d48a1263e,2021,118420,E
915f965e-b196-4b36-a76b-cc94c6986eb9,2021,18584,E
11a723ce-68cb-4d33-b828-f645c3ae5284,2021,47051,E
358fc642-768a-4799-b551-6b8dc2460fd4,2021,1136142,E
aa69b2f8-c0f2-41dd-97e9-4670a1d72856,2021,106167,E
22492060-0faa-4079-82bc-fefb27a80725,2021,118420,E
9e58bf15-5ae4-47b7-83f3-5cc664090168,2021,13277,E
fb0a37ca-528a-4917-b6ac-e76b7e525a0f,2021,10515,E
8b670784-bd85-49e0-9947-bffc1312f437,2021,106996,E
57f1f8f6-362c-4317-a42a-2a43db155444,2021,1139692,E
688d3201-a142-4aee-83dc-5249e8125e35,2021,1270596,E
c9e8b3bf-f6a0-45ec-b70a-d14fb44a88cd,2021,1136142,E
574a2598-e9a4-4ec0-94b8-8f2ba3beed8b,2021,19047,E
0c49fbea-c9ea-4d19-9256-dbde8bdc1bea,2021,1136142,E
37c41833-646f-4ceb-96ab-b1bcb28e1ca2,2021,48205,E
9b7b037c-28eb-441d-9064-30b389fe777d,2021,13595,E
79482210-db9d-4e77-8ed4-07cd1d13cd55,2021,13595,E
e9696f70-ee07-4422-a871-19cfcdb9a529,2021,13446,E
b6377c69-47f8-4d6a-a8ad-1136589831b9,2021,1102628,E
2473e9a5-e423-4fc6-8ccc-f17b7b574c25,2021,1102628,E
68a4a62d-a977-412d-8eaf-befa41f2475d,2021,13216,E
4e7a14f0-a2f1-4a1e-90d1-aeadd480e908,2021,20030,E
6f67e880-066d-4815-a315-cf8d9be8308d,2021,1101244,E
438bb39d-78cc-47c4-8dc1-2b6e8d5a0680,2021,11452,E
994e2042-155c-427f-b599-6b2b5dc649ef,2021,20030,E
7fbcac29-a725-40dd-95f6-d547ed259522,2021,20030,E
f41be5f2-bc34-4dc3-ae4c-6849cec7108f,2021,13595,E
21498af8-cb4b-44a6-943a-8a90452292be,2021,13277,E
94b21834-9ec0-4cd3-9852-0ab79b65da45,2021,1101244,E
505281ce-73cb-4b2c-9b86-5d3bfc0d719f,2021,46377,E
ff89d78b-b77c-4d99-b9b7-5e1962843bd7,2021,87396,E
2036255c-c19e-41e2-948b-26d85a1c727c,2021,101942,E
3f155276-ed03-40df-b153-9a6e17541231,2021,118420,E
7ac8e3e4-26fb-4f4b-b0fc-d31943854d05,2021,1330347,E
b6b51b2f-ba8f-4001-bead-3abc12e3fab6,2021,13401,E
c4b9f5e2-0cff-4a12-afb9-e81cfee3440d,2021,47051,E
e0c4c42f-4240-4022-8f29-c03383645f21,2021,1102628,E
8646ce38-def7-4086-8917-a58a84a48924,2021,13401,E
103181ac-a75c-4a31-a622-f086aa46e63d,2021,41238,E
7be92581-8148-480d-aa56-3dc4f2ae7d62,2021,49054,E
8ec3b6e1-824d-41e6-b0a9-d3654a0dfa77,2021,95175,E
93a38604-bc27-4341-a742-a15fb80c04f1,2021,64664,E
e64b6621-11a1-4285-ab97-16d4ff200297,2021,317,E
c4783517-20a0-4898-bc62-6ccdb757e852,2021,53342,E
e7046c47-fdec-47fd-a786-6ce3402353f5,2021,19042,E
a75fb347-de28-42ea-8d6a-7436bce01858,2021,13446,E
ae0fb2a5-65b7-4647-bc32-9c3bdb5d160e,2021,13595,E
4e78ea9b-ffa0-44c4-8483-d670a468003d,2021,116770,E
9aa74ef6-6e01-4b8c-adef-05638951baaf,2021,19047,E
689e20a5-8b7f-4831-be33-e9b7a0f80956,2021,118420,E
4fbd6cf0-0cbf-4841-8f91-eb160ca8fc0b,2021,1272079,E
2b2c77c5-3ce8-4c52-8295-402854481d52,2021,513,E
9d733988-991e-41a8-9a68-00d9b08dc804,2021,47051,E
95d86ec9-cfc6-499b-be52-e3d20eac5d3c,2021,116770,E
d08f5fc7-c956-4a1f-9297-b9d3e1a3eb84,2021,5000143,E
0ef1f03f-4636-444e-bafd-0a5470e1637d,2021,1102628,E
783f4ec5-9328-4fd6-b96f-af00800fda60,2021,47069,E
0bbf78bf-a886-4b8b-bcbb-3e827e7a31f7,2021,21464,E
d5d50f66-2bc7-4da6-8897-2d4ce13432be,2021,317,E
e20aef0f-aa13-4976-bf3a-241b48ff8ad6,2021,1132918,E
a971642f-36d1-4c31-801a-a198ab440efb,2021,1272079,E
f03888c5-531d-4211-bb79-624c6a439ebf,2021,968,E
3d024ce6-8bd3-475a-b781-beb89914fd3a,2021,62484,E
0065e252-6274-40a0-b338-93e0c6724058,2021,13401,E
578115b7-5dad-423a-8566-a7d2208344c4,2021,13595,E
18f5ac98-656e-4c9c-8a21-05e2f54f4286,2021,1136142,E
f45c6eb6-9747-49f4-a368-252737d3ce35,2021,1101244,E
a1ec3838-74d8-46ea-a0a8-871db03f4b38,2021,88084,E
358fd3e9-7ae1-4780-bb53-b4e71b658fae,2021,1132918,E
d6cb6eca-3889-442c-a67b-b24d2b582f64,2021,12313,E
04a5379f-0df7-4967-9bb7-71751dac37b0,2021,97778,E
6bc5be9f-a504-4477-88b8-c58e7d23bba0,2021,53342,E
ce3548bb-9995-44be-b76d-cb0780595238,2021,20030,E
13f5f5f5-2781-49a6-83c4-9462e26deaa9,2021,968,E
45443b69-eaad-4efa-8e09-8008ee937d35,2021,13595,E
9d9518f9-bc19-4b9e-8696-74e0698d8419,2021,1102628,E
23ce93e0-92f4-42b7-9d3c-28360b0b69e6,2021,118420,E
1b22f112-9fe3-420d-92e6-71c089536278,2021,317,E
54e87518-eb9c-4767-8078-ad4f0f33962c,2021,1267543,E
fcc1d3b7-fade-4519-8194-dd88b5a2511b,2021,37862,E
8232a79a-ae67-4f6b-9aa2-51bcc626904a,2021,59122,E
0d0a3ab5-3ae2-4ef8-a873-2bc4a5b3866c,2021,13446,E
5ad9fe2b-905a-452c-aa02-4bce8280e356,2021,13277,E
d5bb7c14-86f0-4703-bb84-04f6c6d4635c,2021,317,E
e1125daf-f23d-487c-8376-c2b59cec7d00,2021,91262,E
d5b86015-6dea-4490-8439-61fe80ecad2f,2021,13595,E
641a8ad4-56d9-43e8-998a-d41b06f39f2d,2021,13595,E
360adfcf-23b8-474e-b6ca-ea345b04c411,2021,20030,E
e75aed80-81bd-42da-ba6c-946321c9995c,2021,13595,E
6d79b1e8-2722-4e7d-bade-17b3681c8607,2021,968,E
6a9f24c6-1ebc-461b-bf7b-5e826122f945,2021,74737,E
47e1ad43-cac8-4ff4-a8a8-a2ef5f83ff45,2021,62484,E
c8ee27d8-0763-4fad-b427-800aefe14def,2021,1101244,E
a03975e4-b5bc-49e9-9a5c-0dfd3650e44b,2021,1385942,E
aae3ca6e-34b1-4fd7-b12f-54aa8458d389,2021,5000143,E
1af1ffce-8c34-4274-9aad-b2739cdde58c,2021,2209,E
4ef752f4-af82-4543-9390-971e4830dbbc,2021,18559,E
a4795e89-09e5-476f-87a7-40c8ac4d632a,2021,1136142,E
3a1caa48-9b76-4249-94ce-82ba531bce96,2021,5000143,E
4e81f6c1-cb59-4c81-8b48-25f40e830e6d,2021,57612,E
f79e65d9-ab47-4ec3-aca7-1336ed4ff586,2021,968,E
01c79e13-4d96-4ed9-8dd4-3c9e2d66b1ac,2021,5000143,E
d37ea1e3-eb17-40c3-a6d5-25240f852f8b,2021,13595,E
41923720-c522-402b-9051-40e69255ad28,2021,117532,E
0bc37c9c-3860-47eb-a0fa-94b856f55a8e,2021,40343,E
26bf059f-854e-4fca-a427-5dcdac15e9b8,2021,2209,E
fb364989-78e5-4c24-95a6-41da67e32466,2021,13216,E
ec6ddbfc-fca5-472a-a18b-3c14425e9439,2021,1102628,E
da64530f-603b-4733-b211-167006f2e3bd,2021,20030,E
b362c46a-17a2-4aba-ae5e-f0c4082db9e1,2021,49054,E
f3243a70-93fd-4e43-91a9-756347259b8c,2021,1403879,E
483cd48c-7a84-409a-8445-5ebee9636462,2021,11452,E
f5838dc4-2f2b-4ac1-8f1d-802d8f08142b,2021,513,E
22d4607a-0094-4459-b27d-05478e63a88c,2021,113813,E
a7423f13-bdfa-44d7-873d-531cdccc9019,2021,13216,E
e2b7f0a2-c2a4-4c59-a594-4d4172d981bb,2021,1102628,E
1ea2302c-781f-4df4-bc17-22bcd8469702,2021,5000143,E
04c15bd6-0314-49c3-b2fa-b5e83b4cc88c,2021,1306689,E
a969dc35-a7ea-42e9-8803-a16268da3cb3,2021,13401,E
0b6c64eb-a263-453d-bf20-4c9ca6a2da02,2021,11452,E
750c36e8-e3d5-46e0-8939-7fdde653d8b2,2021,18559,E
ebe85e4a-8c61-4817-9af2-8098888c795a,2021,49054,E
1914c432-a312-4fd9-b737-30e287ca4b79,2021,118468,E
2262dcb7-2fca-4d7f-95dc-83adf516f12f,2021,13595,E
ab98d71e-75f2-4e99-869e-0f4abf691d0f,2021,41238,E
04bde2e0-6789-4813-aaad-1b3289cce025,2021,1102628,E
4fc54931-1883-42b8-ad6a-e86c1b3aa2b3,2021,118420,E
4ccdcc08-899f-4e4c-9574-55f248db3799,2021,113455,E
e58c0981-ff0c-41db-9963-639b9b132c38,2021,1288002,E
f36a3449-542d-4233-ade9-373d630dba70,2021,19047,E
f488e1bc-bd5f-47f9-ae63-90503393b2ff,2021,87396,E
8ab3ea67-4249-4364-ba10-442f2e4cf0d7,2021,2209,E
4415d7d5-b029-4293-9ce1-d501d2175674,2021,12313,E
3f246c98-7e9b-406a-8736-80e0aa221523,2021,1101244,E
afd90516-c5b2-4f51-9448-accca3739c64,2021,13401,E
a8d29a92-fcd7-47e7-9f63-33b9b025b7cd,2021,1385488,E
08f6e6f2-0975-4c79-8c9d-736b7f7cbd53,2021,118468,E
2100652a-43da-45ad-9343-9e6b8e1cba54,2021,11452,E
caa8cf97-11da-4017-8105-931bfc834a68,2021,62484,E
ad4a2937-8bf1-4f0b-9b35-17c3ffe506ef,2021,1136142,E
a1885715-f4af-471c-85de-c65fc0ccb9f5,2021,1102628,E
732350c7-7165-4753-b5e7-754677471287,2021,1322390,E
bcf48693-1efc-4b12-a460-22978a61e4aa,2021,18903,E
68cfea92-fc42-4763-bafb-2f7a0ee9520e,2021,1136142,E
9f92aa47-0d63-49eb-a800-c7fedfc83b06,2021,94762,E
5af813df-4ce8-438a-af5e-8eb23ad38300,2021,1132918,E
6b50687b-7633-4b4f-bd38-2d19877c4921,2021,1300429,E
a7416927-69f1-4f98-8905-32ad905d5cf4,2021,1108692,E
a22eee13-3966-4ce8-8f2a-468516fc027b,2021,59122,E
d0e3a429-4326-4070-a2f4-f2d2958314a3,2021,11452,E
3f12e8fb-9206-4c72-8f3d-4c99e3a0a914,2021,68930,E
d3a18ea8-ac85-464c-8507-7f8cac74504f,2021,98305,E
e39f9859-870c-460e-99a2-6dc15f6e12b3,2021,1288002,E
2b4af833-a67c-40d0-91a7-8640dd16ea26,2021,99820,E
b50a188f-cd6e-441c-a0fe-df1ad923eb7f,2021,1101244,E
acd68842-1edc-4409-9ae7-a9d100e8e961,2021,13401,E
fed287e2-0ba7-420d-8bad-5f595e8e1ebe,2021,1288002,E
358a10ea-f60f-4a61-8e3b-ce4aff216a76,2021,106996,E
1f86c854-aa54-4a00-83b4-dfd781e13987,2021,18584,E
63e894fd-769d-4ee6-ac0f-651ecac7c2dc,2021,317,E
4bc73b2f-53f7-4a94-83b0-514213d0738d,2021,13595,E
67df44d0-b1c3-476e-804e-a70935688af4,2021,53342,E
27792d01-a80c-4a54-9a46-78cdbf9de6a9,2021,13595,E
4782fd41-f7d3-4255-9901-70e676376503,2021,97443,E
b3e62816-a196-4441-88aa-881925898f43,2021,13277,E
b192e7bd-c4ee-481b-89bf-4158969ffdec,2021,1136142,E
3dc2f5ce-00ee-4d45-b2f3-1474b0badda3,2021,513,E
26617710-97dc-472f-98a7-6a79fad24f4e,2021,113455,E
6a1527bd-d9fc-43cc-908f-61580141e580,2021,317,E
800d60d1-d5c7-4cd6-b963-5c8dba46a105,2021,62484,E
cafd8f96-c94c-4b6c-85f3-6f6fddd066d8,2021,1102628,E
6680796b-dfe6-4594-beb5-bd81d4bca377,2021,117022,E
cbeee19b-2d70-4711-b19c-0a1d0d672def,2021,13446,E
22d5e6d3-86a7-4ae0-9393-c77bc22c5e51,2021,118420,E
2615d816-dc06-4f53-80c7-f02bcf9bb644,2021,1101244,E
4aa3eb24-212e-469c-9f42-1ef6a801ccba,2021,116770,E
11ce1d22-c9e8-4b96-b57c-19ed91a0bad5,2021,21464,E
cf71a7bb-41cf-4c66-a102-2864235d3d0e,2021,5000135,E
a9d4e1d6-5209-4c03-b24a-09c706eecd3b,2021,1288002,E
69d285ae-8d5a-41ed-b51e-16ac6b6ba17c,2021,12313,E
00055c06-45ca-4a3b-89e2-3687393c0eda,2021,1102628,E
dab478f9-3c49-4141-9fca-e1a963d7e3bd,2021,13595,E
6321ad68-5a61-431d-9389-2ca38a7a793f,2021,317,E
a8763fcb-da91-4eff-aec5-a4dfffc21f65,2021,11730,E
efe4fd89-efdb-4980-9d6a-4a26bd08de97,2021,1136142,E
50d97d17-e818-47bd-a36d-eb1dbb737f22,2021,13595,E
5a604c8b-aee5-4d86-b4ad-40cd3bef9221,2021,13595,E
1f532c2c-81cb-4001-805e-a1ab26066a6d,2021,13446,E
439909cb-6b25-4f41-8479-f9e4af7e84a9,2021,13446,E
240c20f3-847e-4c6e-9d08-3794c9167cc8,2021,99406,E
e69f53ad-bd07-4d06-bdf9-5187b63b8748,2021,1108692,E
413f0e83-3f36-4582-a745-a227cc0c41fc,2021,54934,E
e8ac1d07-77d5-4f86-9637-32abac16be19,2021,21464,E
cdc737e0-312c-4e61-ba00-9c42de5d2434,2021,13595,E
961d6908-cecd-4ca0-a774-24cced046996,2021,1136142,E
6e8c5f45-c0f0-4899-835c-78c3bcb5ab1f,2021,118420,E
ce97b230-f127-4c0d-9fb5-1ab083269a20,2021,118420,E
d3d95d00-fa82-40fa-a897-dd171a724c83,2021,13446,E
215a3f7d-1f1c-49c6-ac74-ed0fdee8c849,2021,1102628,E
536f621c-3437-473b-9ca6-2c974120b00d,2021,83388,E
b15a8d25-fd12-4c56-a2a9-48c4b5b152a1,2021,1148708,E
1063463f-8c74-4a13-b052-f49a54645e50,2021,1314243,E
66f5c8dd-0885-4006-9938-8e7022cdfc33,2021,13980,E
71f076a9-5de9-42e0-8168-2000d4613bab,2021,10515,E
67337f94-32bc-40a6-9ba1-dedebfa6ca31,2021,113813,E
d2dc4272-6b34-4708-bce3-879f28042e4d,2021,1118057,E
90eaf7df-b93e-4032-a5a3-bdf764a2177b,2021,1102628,E
d9e4be4e-189c-4fc8-83a4-3db6a9afe4f7,2021,317,E
30388e57-bb48-42bc-b540-5b387da31fc4,2021,118420,E
1f7e51ae-ec4b-4142-a247-686035f1775b,2021,117532,E
47de2064-b643-41b0-851b-dcc05cf56cb3,2021,13595,E
4ed5514c-7e9d-477f-aa77-fdf4bbe70235,2021,13277,E
c8ffc306-55cb-4888-b65e-910e100d6cad,2021,13980,E
4ca68db9-bf46-4944-b186-2fce747a3987,2021,11554,E
44f69706-fff9-477a-8721-4bce27597301,2021,12313,E
ef739fb0-f0f9-45b1-ae4d-abc193ce235a,2021,1330347,E
bee0e45d-fd97-4209-97ee-b8d1c2dbdecf,2021,20239,E
71db532d-ab7d-444d-a10f-61540eb374e5,2021,13401,E
5f50b4bc-d6f4-428a-bed1-e508e75e5083,2021,513,E
6bcf3806-9a69-4aae-8abe-8e1b3c2275bc,2021,13216,E
613fdbbc-82ff-4095-af2e-43793d05d2f1,2021,53333,E
d0f6af5d-0e06-4c5b-b162-92c333a439e0,2021,19042,E
81d45a4c-6901-47b8-917d-f72437d7fe75,2021,968,E
fd793f8f-6569-4019-b82a-c8052868e6ec,2021,13595,E
01d0b6a0-6612-47b3-b9ad-23c5c8427ba8,2021,2209,E
2f076879-4de2-4ad4-983e-f71c056d6fe2,2021,1102628,E
a239f7a6-0858-416f-98ae-6046dad7d90f,2021,9440,E
224fba6c-09aa-4974-9d28-4df2c523f70d,2021,13401,E
8116df9e-560a-4653-9ee1-11c6534c9511,2021,64664,E
a57a5a29-29cd-4754-8c22-fe17e645102a,2021,118420,E
bebd2d1b-6794-443a-aab1-41686b4a10f5,2021,1330347,E
aa20988c-ebbf-4fb1-8af0-c4bceee4d74f,2021,13595,E
423b2bd3-0b98-4b9c-b4fc-27171f4020da,2021,11452,E
8ae51462-35e6-4024-93ed-4370656245f4,2021,11452,E
966bee96-6f38-4609-88c9-18bf4740efab,2021,13595,E
fcc9d98a-3ffc-43f9-bcbf-71c6cd26354d,2021,12313,E
2fbbd036-615c-4a6f-a5ba-2f6e8265ead2,2021,1132918,E
e4d6ce74-a03b-4fd3-b5cd-c4f6e1838e00,2021,1132918,E
fac6e64a-7e09-45d1-9ae6-4840a251de59,2021,5000143,E
50acb3a9-1fc5-48ac-87af-d628e6a911fb,2021,13595,E
66970a1a-ce6c-42e4-bb0d-39084248ce93,2021,11452,E
0f70987c-eb1a-46e2-97cb-252f61cca240,2021,62484,E
1e5a25ab-a0d6-4930-8d25-fbd5c353a7b3,2021,317,E
578f15fe-37c5-4a1f-93ab-5d7025f0f8f9,2021,1330347,E
00cbe200-4e5c-4e9a-adb2-6e9382be5996,2021,11452,E
c7c6d905-d92b-4d62-870c-e09512fb3e3f,2021,103062,E
d5338e2b-6e69-4654-9759-039abcccda91,2021,1136142,E
f83f4529-1b7c-460f-909b-204d91a1ebfe,2021,1288002,E
7db8b7be-1590-4ac2-8283-1424c8d316f0,2021,13446,E
6bddf6b3-a91b-46c6-be61-f9e195299adb,2021,1136142,E
00d3444a-ae2d-4a83-ac52-188e985e863e,2021,21464,E
fd48b478-9248-4d3a-907b-6098cfe4a353,2021,13277,E
3cd045f3-1708-44f3-aae4-496f5ff14ccc,2021,49071,E
1bcb4ccd-ffe4-47cb-9750-037329611248,2021,5000135,E
640a463c-ff31-46c4-9012-eaaafe02c450,2021,13216,E
8d4e5b9c-b39a-4b6e-a5f8-b1904b2ab22b,2021,13595,E
4956ad51-af32-4a71-abad-5303b0883e58,2021,13595,E
e0b2d1ba-f5f1-408d-842d-eaaab7a02892,2021,13446,E
b33147ec-5af0-495d-86ef-fbb9232e1ff0,2021,41238,E
9461ffdf-80ae-4d41-8d91-7508e77ddefe,2021,13401,E
bf486efe-dade-40df-b403-1dda449dc3ce,2021,1136142,E
599ee98f-36b2-4ccf-a264-645898f12175,2021,317,E
619d9b01-7eb9-4cd4-8447-9d2a690e28af,2021,13277,E
f9863b23-6b45-4f78-a974-78139fe8e8d2,2021,11452,E
49dc63a2-bce5-46bd-9c30-55e3d33a4588,2021,13277,E
f4ca8ca2-15a2-421d-a2b8-7dca7ac1e58f,2021,13446,E
7e65cd05-7fd5-4774-b80f-d83639e14d30,2021,1136142,E
652502f7-69c2-4def-904c-ea8a9f6fc19a,2021,1102628,E
80ec3d92-5060-4eb2-a6f3-67b968b03edb,2021,53331,E
a4dfd0b4-473d-4967-9fa0-97064c413508,2021,11452,E
93240bdc-8810-472c-b0bc-9735ca9d9375,2021,101942,E
c2a2d6a0-8f6b-4106-a023-a86276d8835d,2021,13595,E
c67ec3a2-9fb7-4cf2-86c5-b859e05fbc40,2021,13277,E
3c577331-896d-4ce2-a59c-4d3c6fb679df,2021,18559,E
6bfb0016-23c4-4d0b-8ac0-5f214da4e3e1,2021,18558,E
38c81b46-5dcc-4801-a281-f67ab2b0c69a,2021,18559,E
e2bdc180-9899-4a84-9ce1-996cca89306a,2021,1113582,E
826e5321-0995-487a-ad2a-826d27f9fcc9,2021,513,E
d93fdecd-f16f-43bd-a89c-f9e64ee5a034,2021,513,E
e7f0ddd5-a86c-406d-b7bd-0b34aa13f4b5,2021,1113582,E
99381a97-7195-494d-9a18-7fefe6ad3a9c,2021,19042,E
10637693-c4a1-462f-9e48-5818ade3bf57,2021,86318,E
947b8122-60cc-4add-aac7-1cc8384be747,2021,86318,E
ecd268b0-5aab-4bd5-aa5a-ecc9f5033c93,2021,86318,E
00437a16-a2fd-4306-93a3-58319dcc70e9,2021,5000143,E
6cb1da7f-deb7-4487-9b4e-48e313390374,2021,1103723,E
41167b6c-dc98-4ae9-a269-55b5af21fb22,2021,11554,E
97d51acb-4831-426e-8ca7-350da2d62555,2021,98305,E
40577c65-f36a-4a5f-a72d-49fddb51f12f,2021,73898,E
c6d45189-a07f-4462-bb63-3a7153787369,2021,50082,E
f6223fb5-4604-4f7a-ad45-b131da8e7aae,2021,21464,E
24c1b3fa-4aa4-4e4f-8afc-31e144491832,2021,1190071,E
18ea12da-a5ce-44de-9237-6c9d7fa93241,2021,13595,E
4c8de28f-e0e4-4953-8ddc-247592669c13,2021,13595,E
3826c6f5-1a32-4600-b85b-8fc005a0b457,2021,18559,E
635effb2-8e2b-4604-b7d1-ec99055a1865,2021,107360,E
8277a20d-da29-4cb9-9aa4-7d1bc7fabf23,2021,11730,E
778f24f2-57fb-4187-9c22-6cd0243c921e,2021,13446,E
e1394c5f-b44f-41ab-aaab-d2399ccbde53,2021,13446,E
6fe2ef4d-3ec6-410f-83e7-47321dcfd8f1,2021,13446,E
83b2626c-797d-4192-a2dc-55c690e28f9f,2021,19047,E
01d8a3e0-920b-47d1-a53f-6edfc62bfd49,2021,88084,E
1866bf8e-e010-4e79-a82a-d8d334c0d2be,2021,1180773,E
9320882d-ccd5-414b-a65a-12d322a787eb,2021,1136142,E
f17a3ba7-5e4e-49e7-8256-81e235487299,2021,1136142,E
809974ee-588b-4a9a-95f9-1794013950b7,2021,1136142,E
54cf372b-0e1a-4a21-b49b-bf1c1585aad3,2021,1136142,E
306d9108-c958-4cd5-8332-2cf8bacab41c,2021,1136142,E
64b14765-398d-4135-9cd7-740940d28751,2021,37862,E
4586b2e3-2994-4be1-a15d-13f5a42ecc21,2021,118420,E
e2aeb7fb-cb18-44d7-8332-4f8b9b3f6ab1,2021,118420,E
55543297-6f51-4e56-ad14-d300bad47033,2021,1110857,E
aeb7b310-dc16-40a1-973a-54c0b883ce10,2021,1181327,E
6ee04ecb-0b7e-45cd-8bc7-1736b42e598f,2021,53342,E
9b8f1078-a3e6-446a-ab24-02641b83313d,2021,1070485,E
47e31268-bbdb-43ca-bfa3-316bed662478,2021,20009,E
477e1ef0-49fb-47e8-b81b-1f9cfffd44d6,2021,20009,E
010d154e-7f06-4a6f-8b0f-ba8121193ef8,2021,20009,E
1b749b7f-129d-475e-bb82-3dc00c1bc999,2021,20009,E
cfe99b24-a7ea-4a09-8cdc-db21f1bc9012,2021,13277,E
f4233de1-98e7-4c0a-94cc-b81debba748d,2021,13277,E
53706b0b-20f8-48c9-a9e8-f2a498f7ca7d,2021,18250,E
fe99cd2a-6f8d-4da9-9adc-e726833353e6,2021,18250,E
89b01706-1d63-4181-b139-f633c9ac33f1,2021,18250,E
5205bc33-5caa-4283-92e7-b4eccb50ad50,2021,87396,E
d2b8a2ee-9cca-4b98-a1b0-ef72562f5f92,2021,1042278,E
b620fe35-a171-4139-b23a-df00a5a5d25e,2021,37862,E
17a30916-8a3c-4d9f-8837-94ff57a018e9,2021,59122,E
c474c0d2-a376-49c1-b3a7-75a8c772bfbf,2021,56172,E
b3ed43d0-d609-4c1b-96c3-1a3a9e7d4423,2021,48205,E
d14bc856-c75c-4637-9983-421931606c71,2021,48205,E
e1ee48e3-521d-4e39-9685-42ff27acacc0,2021,1103723,E
fe57f10e-a9d3-431e-a5bc-7519adebaa96,2021,106996,E
a27eecc8-7521-48a3-b6c5-f0f283b4c65f,2021,106996,E
c1f04595-e859-4f92-8dc5-886906f8e5dd,2021,117532,E
e6cf4a97-0471-4ae2-9d40-fff9968f36ab,2021,117532,E
b2a15a44-8fed-449f-ad82-b54152bc7a78,2021,55777,E
bddda824-f711-4f8a-b609-293cacfde5a8,2021,114616,E
65730851-319b-4b50-8f65-5b5dc08b65ec,2021,95175,E
15c7e996-ab96-4fc6-a8c8-38e286b505ba,2021,95175,E
d8e6ed3c-f49a-488e-a053-cfdb024e9a19,2021,95175,E
411c272d-168e-49d8-be2b-675f9a71a75f,2021,73898,E
efc0d8ca-ffae-4625-9d06-93d0cd16f218,2021,98595,E
71fe1fe1-0090-4ebd-b8aa-93077bad8795,2021,98595,E
3f6fa088-9654-4841-8f6f-3cfaf1323d77,2021,98595,E
c8bbfd85-387e-4e61-9665-cc26a8ab4b8a,2021,98595,E
b135adb6-c78e-463e-8e81-e0f8b35ee077,2021,1322390,E
4732ed3f-aa9e-45fd-8d04-11cb295792d6,2021,12025,E
221c7dab-c25e-4f3b-a8c3-5674864885c5,2021,20239,E
055308bc-f72b-4f26-8436-c70c40cb6e8f,2021,1270596,E
acf30795-6478-4725-b6ad-daef87eb377e,2021,64664,E
e71f3ece-cc5d-4d75-b67a-6c876f0d9746,2021,64664,E
d7b81133-77e5-41a6-b449-383f0835c6b1,2021,64664,E
dec76a6b-5a25-4399-8668-b2e5dbdfaaa1,2021,60886,E
b8401d20-fc55-45ff-8a5b-5b26acb99d16,2021,60886,E
dbd69715-ca77-4016-a049-76ec02027bf3,2021,60886,E
f2680353-92f3-494a-b96d-6f32278fe00c,2021,60886,E
148f7c72-f634-4634-b19a-d23eb1d78bdf,2021,60886,E
27920b0a-fc1d-4680-99a9-ca3ea89ccbed,2021,116770,E
7b0f1a1f-5425-4816-b328-823989980c7b,2021,116770,E
a62042b7-c38d-41e7-b47b-75a439134001,2021,1139692,E
0379ea9e-8d16-4454-aca3-70fc80a566a9,2021,1139692,E
9ee72bca-6ea2-419a-8722-b4206c86bf47,2021,1422296,E
62be1d8f-a175-4caa-9bf5-dbc827719a35,2021,1422296,E
5cb21ba9-f694-4d3a-b397-0118862ee29e,2021,106167,E
963a4767-1e7a-421a-bef0-a59383bd13db,2021,13980,E
0508f8c8-4fff-4a67-a166-797ce5c33c3c,2021,10515,E
ec111a52-6cf5-4451-b0a0-69c15ad1899d,2021,1330347,E
578e492e-4b56-42ce-ab29-30817d89e376,2021,1330347,E
ab8676be-baa5-4d9f-8b2b-0ca8991ffc37,2021,12313,E
ec480a03-154a-41e4-8602-f448bef6ee76,2021,12313,E
550938cd-babe-4c17-861e-78af9889e552,2021,5000951,E
a2c9ec21-3cf8-4dc6-8932-1c9dc44b9870,2021,106996,E
3cfa29f7-bb5e-4484-9aa9-9494465ddc5c,2021,1306689,E
c41c65f0-701f-4001-8a1f-da2f87e42662,2021,2209,E
9504a30d-4a6f-4fa8-bb0d-f334ba75e68d,2021,2209,E
e82a49a9-9578-49ea-a334-20752a4921c4,2021,2209,E
3f1f12b1-3ccd-413b-a73c-56fa963e897c,2021,1047907,E
434c7db6-ff24-4b70-851f-da00a205d3c7,2021,1161716,E
128a41d5-55da-4eeb-b929-f6a8e30daade,2021,1385942,E
e0598821-292f-4dc7-860b-d427571457c2,2021,12313,E
b12f2fd0-91c7-49e4-8556-ac8da650f2d4,2021,1118057,E
00da2071-7a9e-4096-b97f-8f58722e46e1,2021,1102628,E
8663971b-fe7c-4b51-8121-581ef11cea7d,2021,18250,E
0523f1aa-6897-4c3a-9437-e53e654fa80b,2021,55777,E
023021ee-5aa2-43fd-a098-a206e2e74f4b,2021,5000951,E
cea4591c-0af7-4f2f-8e52-b6fac9cc962f,2021,13595,E
01651eb3-977f-4053-84e3-7af652810c5b,2021,108660,E
3a943edc-c51c-45db-9121-de6b3cdfef46,2021,108660,E
97b73b69-d6fe-4211-8987-718c2f75a703,2021,62484,E
7f0ff823-d07c-4bbd-87cd-e12d1ac036d7,2021,1306689,F
9174d0ff-7b53-4d86-8724-92f99a5de87d,2021,13980,F
1518e126-dae5-47fc-90d8-d76a429d5e0e,2021,1385942,F
78bef4f8-a6d7-40c9-8a8a-1749a82b9f13,2021,106996,F
9892df5c-aecd-4cbe-a9cd-d73623ebff46,2021,13446,F
ebff9bc5-46ea-4dff-a846-5884f9351c05,2021,1265453,F
92d3f77f-3bbd-42c7-a87b-3d5209ce8b94,2021,98764,F
807a72ee-274d-4451-b77b-a044df9daffa,2021,1322390,F
5eca362c-4141-4a6e-8882-01b0f128c1ca,2021,47069,F
32d1e360-ad56-4ee1-88d6-522d33a8a201,2021,13401,F
0b7ae7ba-7ebd-41bb-9697-501536f16440,2021,1101244,F
0de22919-4fce-4a51-9bc0-71908b3d51f9,2021,19047,F
b4a324df-63c9-4f62-96dc-5b08d91f163c,2021,1306689,F
9302daf8-56b8-44aa-a1ad-5b6057b41603,2021,13595,F
7b5375bc-9474-43ec-8310-cf0add450ea1,2021,317,F
161dec7d-fa62-4881-b431-b24ecc9bb980,2021,19047,F
7cf986a9-e330-499f-8c30-7b9675e4c3dd,2021,88084,F
61f22550-cd67-4688-97a5-9a089f4151cf,2021,18558,F
e1acfc30-1b41-49f6-b7df-07f1a23c3798,2021,20030,F
a6fc0e59-a291-41c8-a01b-24ed7e4ff33b,2021,19047,F
bacb851b-2391-4aaf-ab83-2e41ca252290,2021,1306689,F
a771d02c-5a5b-4b28-a6d9-5f80b7a7addf,2021,13401,F
a87528ee-d726-41ac-91d5-08e84cd5b51f,2021,968,F
0098e17f-a7c0-4681-867a-fb159ee27ed7,2021,43664,F
92ecc86a-7a4a-45dd-b16e-5b871988d3b6,2021,91181,F
228b814f-0f3b-46b3-b77c-dafbef24160f,2021,1330347,F
f891af94-e587-4be5-8e43-1d32026672e0,2021,81210,F
dd1dacd7-aef0-458d-b0d7-120000862114,2021,19047,F
e3bad44b-69f8-4d09-a18f-0403910b99b6,2021,11730,F
7101f419-68e5-4730-bb8e-bcd1217a2613,2021,48205,F
ccfbd63d-8d1b-41e7-9bc6-18f625f6c107,2021,90030,F
30b99269-7020-46a3-a6b5-5d210476943f,2021,55777,F
207a420a-02b5-45b1-847a-a988323db49c,2021,968,F
c0326bde-588f-4765-860a-155bb43a80b7,2021,13446,F
d3920cc4-7b84-409b-9a44-82bc3bbaacaf,2021,55777,F
21d92809-21d8-42f5-a812-4f023ca12627,2021,13595,F
e46f9b3d-4cc0-4d5b-90a2-0d2dd37883c6,2021,20030,F
2fdb6b2b-f43a-436d-a4ef-e8c221b2e51e,2021,106996,F
750fbb37-6955-4f25-8d50-1fc91198da85,2021,103062,F
01198f3e-b60d-49aa-9d3e-7106fdfa4565,2021,13595,F
1f5ec600-2f4b-4984-9492-c0be5fadaa10,2021,106996,F
ab5230a4-511e-4901-bae2-a6075dfe23af,2021,37862,F
71b189de-bd82-44ec-9f51-cb72c76abe06,2021,317,F
e9376cef-9146-4f7d-8ad5-0ced00d961d8,2021,968,F
53d92d74-27ce-4f68-8609-e8aa279cbd57,2021,968,F
28ebc94a-9fe6-4f86-ba24-39c122d81014,2021,113687,F
26d27e33-fd48-4803-8f97-cbfb4164681d,2021,5000135,F
430e3dc3-3620-4050-9605-f034bcfdf8dc,2021,1190071,F
6f7bd1ac-17ec-4653-be28-c602fb1363c2,2021,11730,F
5b1fb38d-7e29-484b-9572-767b6bd374a7,2021,1322390,F
35097fe0-d469-40f9-9fd5-2fa0e780399d,2021,103062,F
63fd2ed9-0070-4ff1-9f08-d30e4acf06a7,2021,48205,F
13089563-2739-428c-8d22-48502d72ce70,2021,118994,F
0bae4a3c-c008-46bd-b086-df9b859e5239,2021,968,F
06537e77-3d2c-4690-a376-d1c43cb029d1,2021,88068,F
344d71ef-08e3-4932-92ce-3b11eca4109d,2021,20030,F
ecd22f21-7672-4f1d-8a8f-9cb12fef3389,2021,10515,F
ea24745a-5bda-4152-a8b0-dd8960e558ed,2021,98665,F
0590accf-25be-4085-93e9-a92ef50a17da,2021,1136142,F
f70e6879-5369-4dc0-98f6-4bf83ab544cc,2021,19047,F
0d9042b5-8f9b-42d5-bdaa-62e5976e1f77,2021,1427745,F
f749d816-7a82-41fe-8a10-8f35af194228,2021,94762,F
b3d6fa0b-634a-4081-a6c0-10b90f22003c,2021,1300284,F
4f9be4d1-8c5e-47ad-abe8-47214df69f62,2021,968,F
a1900da2-c8c6-4b1a-b1e7-7af8969319c2,2021,13595,F
281c21e1-9208-488e-808f-29b940df2b6d,2021,2209,F
79cb27ca-9b06-471c-886d-6e188157ae17,2021,11730,F
58a598f6-8c14-4ec0-b12d-506d2fbf37dd,2021,19047,F
f52a851a-a1f6-4458-9d15-36123cc45763,2021,11730,F
41f9c92f-6fde-4a43-920a-0ce88b01aaae,2021,11730,F
00f6c383-7dbf-4f01-86ee-a8524dab7578,2021,1102628,F
719dce59-4a91-444c-9725-57bd32270dd2,2021,968,F
5a403858-3eef-4a63-a18e-4dc813b27d96,2021,968,F
737c8ad9-871b-46ba-9f7c-2ae7ece98e8e,2021,1102628,F
f50006de-93b2-4de1-a83e-1e8b2947c11a,2021,1322390,F
a5056076-7313-48cd-af4f-9377cf3aec7f,2021,20933,F
6b5809a0-39ab-4d36-9d79-8f10cf1754ea,2021,1385488,F
e45ae530-9f11-4302-ad31-48067328ed7f,2021,20030,F
e1d7cb99-e201-408e-b98c-672515a59bc0,2021,13595,F
63c84fdc-3a77-4d7f-a4b1-d6ca1ea0caf3,2021,1385942,F
536cba03-aa49-4bf3-844c-0437f66a2586,2021,1385942,F
4b15eb42-b12a-48a2-811a-aedb90b08318,2021,81210,F
e47aaba5-3983-4590-b4b5-ddee3a219534,2021,1385942,F
f40911ff-7f5d-434d-8e80-165a2927430c,2021,98595,F
084a830c-1c21-4967-9522-e693b2bf0057,2021,48205,F
ec23c909-5d7c-4b74-a3bf-5b3568054470,2021,103062,F
56814ca9-f78f-46cf-a1c6-257eda745bd9,2021,968,F
8db22660-dfd7-41f1-8e57-9613e25c3521,2021,87396,F
9786e881-62a8-4067-8389-914bf99e8100,2021,1306689,F
2783b094-3aff-4185-b739-99f4c86f5da1,2021,67601,F
3c9457d1-30bc-44a1-92a9-d62391ecde77,2021,19042,F
f4a87e69-4599-4c0f-bde7-c777ea4aa448,2021,47478,F
62beb986-e9c9-49e5-a9d6-1eb62d600e3e,2021,13216,F
04a40d39-1f9b-4d2a-bb52-3ea93adf6ead,2021,317,F
1b972ca7-bf17-4fdf-b1e5-a2e738d06ef5,2021,317,F
6477a58b-dfcc-4634-bb04-3c278ba7789b,2021,1136142,F
0a03ca1a-fc70-47e7-b63e-d38e4df56048,2021,317,F
04ee8092-bd12-43ed-89a9-f12ba6df67d6,2021,19047,F
59377b67-7dfc-4702-83e0-b906059dd3e9,2021,83388,F
8c412c69-71ef-4a21-9e07-27963951d903,2021,11554,F
e73dd6dd-f237-461b-846b-948e3f25ebc8,2021,13595,F
fa80e735-1425-4184-a31e-2f123b43daf8,2021,88084,F
b4f0855e-989c-4b95-9104-490d4c353589,2021,83388,F
6109414c-41f2-433f-8b5e-594a6253e053,2021,10515,F
3cea9261-d8a2-43d3-a5ee-088c014419f5,2021,968,F
2de6936f-ed67-466b-973c-8b3982a972ed,2021,13277,F
ff44044b-ce65-4507-a559-72bac095ebf5,2021,968,F
c008984f-fcce-4620-b99f-a7c50eae8b32,2021,13401,F
fd5745e9-05e6-4088-b269-f4f767dd3ed3,2021,968,F
5600fcc4-8799-48df-8445-74cfc33ccc1e,2021,11730,F
a69c1383-ef2c-47d0-80f4-7d9613b3a6de,2021,55777,F
1da0cf0a-e872-4e53-a52f-dcfca9b83ffa,2021,1315444,F
d171d500-4606-4c11-bd00-c9fd4f6bc3bc,2021,106996,F
ad5fa2d6-8f2b-4f1f-901b-b380870708ae,2021,1306689,F
857390fe-8095-42de-9e4c-691cc2121ef8,2021,98764,F
dd9eea79-9327-4db4-af57-f8ac3f2b7a02,2021,1181327,F
e8c3a4dc-678e-487d-89c5-26f75c0c0d67,2021,1288002,F
454f673c-9761-4137-9729-afbcffea488f,2021,5000135,F
b246829d-bf18-453b-8061-e06111f0c5a6,2021,13595,F
6c3d359b-099e-4185-aa9b-0098115890d9,2021,116770,F
c4ee0959-fb8a-4a1d-8366-72556f106fce,2021,317,F
8f71b974-ff79-4f66-9275-a46d0e9943bc,2021,11730,F
f28e2a0e-e3fd-4892-a435-ea8f8e8e4175,2021,1267543,F
3aa492c9-a739-4f48-ba5a-f040b2478c3f,2021,18903,F
dd3f8ee9-f86d-4108-b64e-3e4e5aa53260,2021,1136142,F
40ef9977-4ad8-4a90-ad45-f89cc6814dc9,2021,11452,F
b7d95e55-4b64-47d1-b85a-5b7ef801afd8,2021,11730,F
166cbd8a-18d0-4487-aa22-3e86b2d4faf3,2021,40343,F
169ff268-1303-446b-bc0f-e1100f8b7ac3,2021,13277,F
3035155b-d6b2-44b8-8fd5-dcc7523c24f4,2021,1422296,F
179a6562-c051-444a-9ddc-d9fdc44fedb4,2021,13980,F
f8b052df-0b93-4587-8634-eec628e5b6cd,2021,40343,F
fa92a7ea-ff5f-41a1-9762-3ef7f2290c1f,2021,64664,F
6f1b773c-d780-479b-bc18-d9af731a684d,2021,97778,F
da42528c-e8f9-4434-b3df-4627af386325,2021,1166783,F
6f2d4c18-8171-40ea-9b91-3ee06108e107,2021,1330347,F
4c33c572-dcdf-4045-9d41-2efa3885a5ad,2021,1272079,F
b87b01b2-dc06-46f8-9ba7-7cf0bf6cd37b,2021,1376181,F
854bdeb6-a707-49af-a4d5-257a12e977d6,2021,19047,F
9c426494-c92c-4f5e-8704-9c506d204657,2021,22047,F
0a96dfda-fbee-420b-9944-04a8261d4c63,2021,13980,F
475e32d5-e7dd-43cb-b934-09806552c260,2021,1385942,F
c4c13b93-c093-4b6c-822d-f749e07989e0,2021,88084,F
5bdbefa6-2525-49b1-b2f7-41d63acd06cc,2021,20239,F
1af20def-3d86-4b13-bef6-fa78463ce018,2021,83388,F
f4979ee1-0ea0-4669-9e3b-70e4138138e6,2021,1136142,F
1ae975de-55ca-4955-ba8f-9a778d6593e4,2021,2209,F
a868baa4-b114-43b2-b608-dd5b56b94b48,2021,1267543,F
eefd893e-d3f7-419a-b109-2773fb4d81c3,2021,968,F
ca3bd8f8-0851-4026-9d0f-04dfe90ac4c0,2021,64664,F
62615986-1602-4c07-9fc4-d02a680817ba,2021,11730,F
d8b8a851-7be2-4c16-a9c4-56af633de55c,2021,1136142,F
d67547b0-c0c9-47bb-af18-c94567a5a737,2021,13446,F
2696784c-ef0b-4f15-9750-d05c746d061b,2021,62484,F
52ef0973-d7c3-434a-b1c0-99a7aa9b163e,2021,94762,F
147c86a7-b3fb-4825-9d11-b2433e4b5d5c,2021,103062,F
b3fa1698-e5f5-4777-a2dc-be7f083a6fdf,2021,47069,F
d03f9d3f-dfce-416d-919f-d526a710c692,2021,98013,F
f9bba083-0b18-4c4b-8422-738b2338c39f,2021,1288002,F
3b67c4b5-bdf5-4e43-a112-3176c042921b,2021,18683,F
27e67c5f-d42e-431c-9a77-07ca24bbd37a,2021,13595,F
03072d1c-d87c-46a4-b755-d0c86c1dae31,2021,67601,F
1f9ae7cf-3294-4c8c-8b0e-b19444cdfc94,2021,118468,F
4dc226f8-939a-4495-8cd3-a5d10871b689,2021,5000135,F
dec4cacc-7d90-4386-9cd4-af783008b63b,2021,1190071,F
5d843513-2cc3-4665-a6c3-729c6b48b8d9,2021,103062,F
b6a6daad-0381-4ced-a730-28fef5224943,2021,83388,F
12d383de-05e0-4dfd-b9f7-97a3383df181,2021,103062,F
8c271abe-bf87-4d89-ac05-7488edf6226c,2021,13446,F
bc5a2cca-f4b8-482a-9dbe-e5bc84d52164,2021,62484,F
bb73e828-0fcb-4ab5-9e28-da496641c119,2021,55777,F
9447155f-2a4a-4f56-a0f0-3d253fec84dc,2021,11452,F
d2b29953-7b20-45c3-a725-4f2893af372f,2021,64664,F
a13f0c6f-06d5-494c-a71e-ad0c9d133759,2021,11452,F
2da0f7bd-63c9-4fd8-a89d-f04cccff4d26,2021,1102628,F
87580125-d902-4110-b787-26b3b3a34c80,2021,1101244,F
5db10bd5-772e-44a1-aea5-ee70d076242e,2021,118420,F
8dbad7ee-f23e-4e65-8455-504d8b887bd6,2021,968,F
0d8379fb-7a84-4100-a196-ea81b91f1550,2021,13446,F
ecda552e-f1ba-4b5e-807e-37dd4920432b,2021,18683,F
418d57c0-bb9c-471c-afd2-03379301f757,2021,13980,F
918cca56-849e-4946-9405-1036b95f4c9d,2021,13980,F
5c1ca6b5-a0fa-4a0e-ba92-d3560f2e6a1a,2021,13595,F
95de07de-d3ef-40ad-a6c3-88fdf3ab4dd6,2021,11730,F
833d7a14-a1fc-4b13-8dae-967eba2d1045,2021,1288002,F
7e098e6b-68f1-433f-867a-7dceb76f1c1f,2021,1102628,F
210dd548-6456-4ed2-87da-782453ceae35,2021,97443,F
8beeb4bf-28a1-4bda-83e8-68b8d8af6f37,2021,11452,F
c24f10c6-4a2f-4a1c-8214-0f6a97d7f8f2,2021,19047,F
6a623fff-61c6-481c-a869-75b5b1b65270,2021,118420,F
705f63d1-727f-49ed-b192-caa228e6075b,2021,64664,F
118d46c8-3f6c-4de8-8241-a63aca8f7333,2021,74737,F
045d133a-13f5-48bf-96a7-74cbd8d81362,2021,1267543,F
0db999a9-f416-49d8-9edf-ca430d9b2f02,2021,97443,F
d9683c8a-2207-49c4-8cd9-d04d9558b6c1,2021,317,F
78cd89d5-94fc-4c50-ab58-6e6f8475b4a0,2021,11554,F
1bb70ba9-2de6-4892-8d91-e5d8db6ae07d,2021,12313,F
d341e3a8-29ba-4841-affd-5f5ff37ae362,2021,11452,F
491b64c2-f33e-4d5f-83ae-c63d745d74aa,2021,64664,F
c869dc67-e984-4eed-9e8f-cc8ddb704204,2021,1427745,F
eda3a27d-416f-40bd-9fac-9774e09bb6eb,2021,1533190,F
2f716a7a-0742-4ef4-b471-86bbd5eb8d22,2021,59122,F
460f7893-515c-4d64-850b-c5170790c6f7,2021,2209,F
606590c2-5e02-4cdc-b2f6-f9807dedede5,2021,1288002,F
83c2b472-1100-4b74-9f00-0260991e41ad,2021,64664,F
99a60cab-937e-49e0-ae8f-49cfe9fab58f,2021,13277,F
5b717b9f-41c2-46bd-8e27-34b6c5407193,2021,317,F
20140bed-9539-4527-94bc-19deec4339d1,2021,67601,F
c2f7de21-31ce-4144-84dc-320620052138,2021,22047,F
28a6aace-edf2-4be9-a17e-df1360f20d49,2021,13980,F
b39152d1-bd16-4b7a-971f-c1cf17465d6c,2021,11730,F
1e0d8034-462f-484f-b8ed-2f87efa9d5b9,2021,13277,F
a75f0326-05de-4ed2-ab11-7dea6fcca6bb,2021,103062,F
e29bfc7a-6696-4b04-86c0-76751afeb03e,2021,13595,F
42223a8b-aec5-442d-a649-d0da8979e179,2021,18267,F
e6b5dd70-fc93-4908-9dd8-6913819313f0,2021,19047,F
62c2bbbc-8a86-4101-8eeb-183ee76ee53e,2021,106996,F
3db3a1ea-fd56-4b57-bcc8-d91388730263,2021,968,F
ac11a316-2513-4f22-a0f2-ccd0eb50cc63,2021,62484,F
eb60e61c-5b71-4887-b9e5-fa77a16179e2,2021,1267543,F
9bd04272-3f1d-419a-8164-b01853d1b91b,2021,1136142,F
1668e1fd-2952-485b-8471-58428c0695c5,2021,18683,F
0e7811ff-ddc1-4d7b-8197-fe3b94e4d7ff,2021,20030,F
82fc4a32-f219-4503-ac75-c0882c92b1b1,2021,64664,F
f29b427e-80c2-473d-8763-df02bbec655c,2021,968,F
ece1b677-f8e9-48fc-8e3d-96ab0e3f01f5,2021,13595,F
e03101c1-8ca1-4658-96c2-885710c98f18,2021,13277,F
da05f217-eda7-4356-aed3-c75b705bea11,2021,97443,F
9da3da6c-c93a-4d6c-8376-1fc0dcfe1d54,2021,20030,F
40e0da5e-cf32-420e-b4ed-fd8e1bcc9f37,2021,5000143,F
51ddcaa0-fc9c-43fb-8db2-ed43edac544f,2021,968,F
deef8f37-50db-4bed-9bd4-2df8931f4714,2021,1270596,F
def98079-0cae-41ed-874f-e18c9c2048bd,2021,118468,F
73f14ea0-d8f4-4a1f-a3a1-2c1c89d8b395,2021,13277,F
710d1770-5ce2-4e5d-b30b-c4661875959d,2021,13401,F
a1f56133-9a7f-4129-ab9b-55f64113bf1a,2021,1132918,F
0aea6ffa-5ca1-4da2-8bc2-020e79544234,2021,18683,F
3eedc0ff-43c1-4ddf-966c-4c34ff2e147c,2021,1288002,F
9230cdee-c487-4414-aefe-900adbb797d6,2021,968,F
836c67f3-3ea4-433a-82c3-e507f38e3555,2021,11730,F
97010c90-9372-46f9-977d-14b7a92f083c,2021,11730,F
f0206549-e152-4014-aecf-56aa88b01abd,2021,1102628,F
79454862-73dc-4c12-8c6c-5a51baca400f,2021,317,F
ba985fbd-0fef-423e-b67b-5e91a61c2811,2021,11730,F
66508de4-0d0f-44cf-91fd-942ac8539fa1,2021,64664,F
a5e8532a-29e2-44bc-919d-f98fbbeee31a,2021,13446,F
56a0239d-8c97-4be6-8f63-b0cdaa8540e9,2021,113687,F
cc3287be-1199-4825-ad57-73201c43e7fc,2021,98665,F
1305601e-c57d-45bd-824c-79b298a3824d,2021,41238,F
42e9610e-8bc2-4aed-8110-bc5e1571a8bf,2021,11452,F
77536c20-66c1-452b-92c0-1402c66ed511,2021,21464,F
371e3ce4-3f1e-49d5-ba29-b6301d2854f2,2021,20030,F
721351cf-c97f-4072-b3f5-a8fc8262f91f,2021,13446,F
8d4c35bb-879d-48f2-924b-9c826f3272fc,2021,13401,F
b2b83242-a470-4895-a33c-f1515774a49f,2021,11554,F
151ffa3c-2451-43f0-9a69-f64383852ed1,2021,1267543,F
cc655d3e-2139-46f5-b141-8e4d719a87c7,2021,5000143,F
f638076e-e1ac-4353-900d-9fbb894201a3,2021,118994,F
5f111a06-bb5b-47cc-98a8-f6ca1061ab3d,2021,53342,F
299faa19-c4dd-40fc-854f-c981801f32e6,2021,1102628,F
00b2d3c7-b3a1-4d16-92bc-f9489afa73dc,2021,1101244,F
33094737-1db9-48fc-83b3-1004f70b5107,2021,47069,F
c737875e-00b4-46c6-a2fc-cc27178d74ba,2021,1181115,F
d85ef79b-9276-4e60-8485-0f550095efb4,2021,118420,F
7c8b2ac8-ea3a-4f67-b708-c66b57bfa0f8,2021,118420,F
72a0b9cf-ba2d-48b3-a266-7f8c698a8fe5,2021,317,F
59f4d54f-592b-4630-80c8-68444a4f8f54,2021,968,F
bc65c7f5-cef7-4ae3-9910-e3b3ddee08ec,2021,62484,F
8f525fac-d518-4de8-a5a9-ee1c750e62db,2021,98305,F
4d76e356-cd91-49ea-9ef6-2cd983371087,2021,1330347,F
cb192c62-ef71-4155-bfa1-b60e71dbffc8,2021,64664,F
822b9a02-a385-433b-be05-f3d4edc8bd2c,2021,98305,F
0e32bbf5-985a-4041-b6ad-4da8b0535cbf,2021,97443,F
fa9d203d-eebb-4bc9-93c1-fe5cfad76579,2021,62484,F
7705e7a2-a7eb-4cf2-a686-0ed7d771e2a0,2021,94762,F
859c1d6a-dc89-4bb1-9f8a-efa3d644f93d,2021,98595,F
f06be9ed-7226-4cc2-b915-cbae1a92a822,2021,1136142,F
4ac6e6f3-2040-4204-8631-eb7113af3f20,2021,59122,F
dca711fc-4036-4917-9120-6505e895c15d,2021,1101244,F
d74b049d-5511-4341-acd7-5108f44f1afc,2021,11730,F
1677d43c-4fd7-4259-98f7-847c52f1363e,2021,13595,F
c391a719-927e-4289-a5fe-a460c9a10050,2021,13595,F
d494cbef-c35b-4686-af6a-164ccac9306c,2021,95017,F
eb429a02-c07b-474b-be8a-85cc0a0a4c2c,2021,21464,F
f34cc55d-e82b-4820-ae86-a1399fa4fcac,2021,1101244,F
4cc30fdf-dcc5-423a-ae74-7a4c08908152,2021,1288002,F
57870f57-2e8f-4dcf-b985-743e6e0ff943,2021,13595,F
d1690ad0-dab8-4afb-a7ca-389c2fb1a2a0,2021,64664,F
c3047f53-e638-4857-a8a2-acc537a65aa4,2021,13446,F
602763e0-4a4b-47c0-ba15-1bac7408905d,2021,1136142,F
94293cab-de63-49f0-af3c-a05de91bc82c,2021,97443,F
e3ac400f-3fc3-4a73-bdfc-6ffe23a782b3,2021,118420,F
718cd93c-c7d2-4d90-81de-646957afe301,2021,11452,F
7c8e0fce-a7b3-4a94-bbdc-da22722ff3ee,2021,91262,F
c089e51f-a137-4388-a517-3d455b5f34b7,2021,64664,F
d96d2843-99da-4892-a193-320c7c2de940,2021,13595,F
ac687042-a66d-41b3-b05e-72e4fcf7dddb,2021,13980,F
23cbc647-28d0-4004-bb49-35e264c39085,2021,1136142,F
84dff725-b492-430d-92a9-878bccb9d7d9,2021,64664,F
b0012ab1-5129-4235-b6a9-e6b7c20ec197,2021,968,F
fb1994d0-f499-4e74-aaef-d3aacfb74ee6,2021,13980,F
3a7d591a-8478-40d4-8883-4b975c21e40e,2021,64664,F
8a3b3364-51ea-47d7-94bd-d60cb3083751,2021,317,F
4de84be2-f352-47a1-875a-46654f4f6e5c,2021,13446,F
7cb53479-8cd1-469c-8c1b-f031570f7af9,2021,11730,F
5017a2d5-d306-42d5-82b8-8f34e4174f7f,2021,1102628,F
39ec317a-5dec-4412-ae28-1218e366f9ee,2021,13595,F
3b3b43c9-c598-4988-bf21-80fc10da378b,2021,13277,F
85f59c06-a0ba-48f7-b7c6-b5a217f82729,2021,13446,F
9590c036-55c9-4376-ac36-d312df113997,2021,1267543,F
1dd2b2f3-c984-4e5e-bf5a-f64527487237,2021,1102628,F
a2dad07f-6cb3-4cce-b0a2-55659a6e380f,2021,19047,F
298141ba-2eec-4165-850c-fa79f6662889,2021,117022,F
2bc854e5-542a-46cd-a6dc-6d8dacc15dd2,2021,11730,F
4dc23e59-7e8f-4daf-a1e2-47ae6482bf5e,2021,13595,F
02d5926f-7f11-4ef9-b668-baed7108f42a,2021,13595,F
e1d5ce9f-4c08-4866-b491-a0c829f687f4,2021,13216,F
32f71cb7-edcf-45b5-b98d-4751909bc4fa,2021,968,F
8c7127fa-73d2-4b68-96b8-d69800aa7ef5,2021,59122,F
0a9b8858-fd10-468b-9d22-ef19c3ffd492,2021,11452,F
125b4de9-5372-47bb-b65b-0cdd671a2b34,2021,99406,F
3454f7c4-e40c-4203-895d-680a54ce5ecb,2021,11554,F
ee2c0670-608d-4e98-a1cd-d9e033863eb8,2021,13401,F
c902c6cb-4def-41a5-9b82-e5245cd2d6cc,2021,13595,F
a4588c6e-91c5-4989-9433-7d7dc5962f80,2021,62484,F
73468f5f-368f-4fe1-8824-4b4236407e15,2021,13216,F
66bcbedc-2ed3-4842-8ae3-896fce604d8e,2021,13595,F
29c7e613-5dd6-489b-a614-662bd2aaf706,2021,13595,F
7f748cef-1e2a-42c7-a391-a5c6ad330617,2021,13595,F
6ecee872-aae8-45f2-b6b0-b6392c8f6502,2021,95017,F
5d2ee09d-a401-45b5-a099-a6de7a051527,2021,90030,F
178e7a58-02d2-45d4-b938-4a22139aac00,2021,11730,F
f1dc91a6-2217-46d9-a7cf-ef66e1c926c0,2021,95175,F
f7f6439a-7380-40e2-a140-73775986ed19,2021,2209,F
f8b810b4-08a4-4732-b577-630a2e96ae35,2021,13595,F
d00e4d38-c386-4dc9-90ee-4f47567ddacb,2021,13446,F
be0c373e-4765-429f-8d0a-1cec00bd897c,2021,13595,F
1e60b78f-a548-4c0c-803a-37cff7c7a1e0,2021,1422296,F
f085c710-4099-429b-8f5f-239d9c853aad,2021,1136142,F
6eec59a7-f679-4119-be11-556b53ae670b,2021,53342,F
0403225e-4262-4af3-aba4-445da3d5fff6,2021,1288002,F
ca6fa5a1-06d1-46de-971f-b0e4c9fca623,2021,1102628,F
7671abec-d955-44f1-a81c-1d1f706ebb65,2021,11730,F
e61cef0d-1ec0-406e-b76e-da3508053012,2021,13595,F
54d67fed-a7c2-4494-a718-7df4977fb5f1,2021,55777,F
9ff25e8f-63bf-4867-a596-29f88fb3e964,2021,13216,F
4d23ff3c-b4c3-4c1e-81f7-cdd3636b5130,2021,13216,F
87dd652b-1549-42ff-80f3-4009a3bca424,2021,13277,F
8a1e8ab6-104b-4794-aedf-f0577826eb9c,2021,13595,F
c2ef54ff-f98e-4920-8f3a-2dbf21150cbe,2021,62484,F
395f807a-fbe0-42c3-9582-def6c83bf2e6,2021,1136142,F
3c4d86e7-a573-4a54-8e44-5b665d880bcc,2021,13216,F
d298b2c2-222b-4bfd-ad04-1a9d767f0c54,2021,13595,F
94006c72-cc08-4eea-8450-63bfb67e02e5,2021,13277,F
4228fd94-55cd-45b3-822c-dd802a99384e,2021,513,F
24024c45-b0dc-447f-bbfd-4b1eea2afe41,2021,13595,F
27de67a1-455a-4233-b2f7-a2441a86fb93,2021,13595,F
7830868c-599b-48f2-9ead-7fa06dc0d30d,2021,13595,F
4fc2d7f1-24d2-4444-976a-da611bb7a3f8,2021,18683,F
3b502f64-be4d-4c2e-b3a0-1fd0f78ce70f,2021,13595,F
cf2bcc31-8279-4cf6-8ed5-55e9e54196f6,2021,12313,F
58654deb-f974-4596-b1a0-1604366e831b,2021,62484,F
a2920ded-5e3c-4ebf-bc36-27acf6a1c72a,2021,13216,F
4a7bfa66-b2ca-47b3-8432-39eec8b3b37b,2021,13595,F
b9a5344e-9aa5-499b-9b7b-f44e6b397702,2021,513,F
cd3d12e5-f3fe-4168-b2c1-e2a5f54cc49f,2021,1132918,F
c272574a-82a3-40ac-9690-5afaf90b87f4,2021,62484,F
c3c026fa-451b-4181-985d-a68f3ee8a40f,2021,5000143,F
f8200f00-c54b-4b9f-93df-74ce1c90fe87,2021,13277,F
fd0ba49f-921a-491e-be0d-21f08842e24f,2021,513,F
38d76ace-180f-406a-8f34-419371457e8b,2021,13446,F
7e879bb3-291a-48c3-855e-ca280f31bd9e,2021,13595,F
3a70ceeb-b6e2-475f-a093-462d7dfad1dd,2021,13595,F
9f3bc3ef-c411-42df-9799-946cadfdb048,2021,1113582,F
9d17fc79-1da3-4442-8f94-36d1c61f2633,2021,513,F
85e283f6-576f-4c53-a7eb-a02531fbcdf8,2021,513,F
ee050fa0-189e-4255-9471-9a0587d9c6e7,2021,5000143,F
db223f8a-5507-4807-946c-44d66f7a7bef,2021,5000143,F
95fc0ab8-52d7-455f-9130-f02d10addeb0,2021,86318,F
90fd968e-e156-4396-b0a2-0117adc79fff,2021,98305,F
2a1e3633-e342-44e7-a4a0-ec359ff9ffb8,2021,73898,F
84bef227-d1f6-46ae-a12e-2dc5d21138fb,2021,21464,F
eee9757c-0563-4166-94b2-b5f30898e1a8,2021,13595,F
ff0afe8d-9bac-4fc4-be95-c7140c767625,2021,13595,F
f2e9cee4-aba1-4d4e-aee9-3d22eeae8a13,2021,11730,F
45a6583f-182e-4003-bb70-f13add3f9b0f,2021,13446,F
2dfb1923-5979-42b4-8e58-0f8ff2136296,2021,49054,F
8d96bdc7-e17c-46c0-998d-d977a1c02aba,2021,49054,F
e5743c02-d2fe-403b-ab5f-51a7bcbe0048,2021,1136142,F
189e219b-b4db-47a8-85e1-c08af6f08f2b,2021,1136142,F
f123e27d-93e2-4d00-9665-ed40a4ca59d8,2021,1136142,F
726ffe9a-76d5-4599-8c66-ab68f6ff13c7,2021,1136142,F
9832800b-d885-4c71-9df0-11e0ca899ed2,2021,73898,F
48dacb27-60eb-49dd-aa82-0a9c567d1115,2021,1102628,F
6b444cf4-a02d-46f4-9665-bc15e34709b8,2021,118420,F
6c7a54b0-a68a-4508-acd5-31a604652f31,2021,1132918,F
97156bd4-4431-4e0c-b085-f81edf591b15,2021,12025,F
b7db1d84-4cf7-4b58-8f08-cd4a63250666,2021,18250,F
379a2dbb-7a84-430c-b75f-cce38d879e9a,2021,18250,F
8ea4e596-7b37-485d-a36c-fce62a19e343,2021,18250,F
ce4a4b13-7e9c-4ab4-86a1-4675a4efd1ab,2021,18250,F
4e59d27e-6120-4644-af6d-1756cdd49081,2021,18250,F
eede0de6-9571-48af-98be-5ac1a1270ca3,2021,18250,F
f98c7e7c-f1e2-4032-bb1b-5f10a6438405,2021,74737,F
7cb68ad9-218a-4921-bd73-b865d973c960,2021,20030,F
3a99ab0a-c9a3-4703-9d37-d6e9d8c4d9cb,2021,56172,F
89c72f3f-5227-4fac-ac13-ea7961131ffe,2021,1108692,F
118422ad-d20d-45d1-a3b1-2cdf8cc43957,2021,48205,F
882aae43-db5b-4322-b556-3afc36c6b041,2021,117022,F
819d7a78-c53c-49d6-b5f6-fede5d9c2cc1,2021,20009,F
4cd29380-e2ac-4bd6-b53e-59158c382bb2,2021,1101244,F
8c9c9536-1235-4c9a-bb2c-e837072731b6,2021,1101244,F
cec4846a-c572-4000-9f67-67eb613d5fdb,2021,12025,F
e954fb37-a6b2-4076-82ec-55fa638912f9,2021,64664,F
ad1bba84-d604-4cf9-a86d-af441d07aca2,2021,12025,F
01552375-f6a7-41fb-b82e-fde00590b7bd,2021,64664,F
52b39ae0-9d46-45ba-957c-ca65c7e05e51,2021,1139692,F
a2e775e4-2946-4a65-9dea-ad9017c9e03e,2021,1139692,F
40e17619-90d7-4ecc-9666-8e0e5d9eea18,2021,10515,F
d75a86c7-7121-4605-9548-f812ae575e0a,2021,106167,F
9c467e8a-7d1e-4adb-ac06-494a674c882c,2021,10515,F
da6e7e8b-9eb8-4bbc-b467-19293c4b11d1,2021,46377,F
a34d19d3-798b-40c9-8fc5-7da416ec822e,2021,54934,F
3e517b58-b63d-460a-b691-e132bf2dff3a,2021,1047907,F
d21c88bd-bb0a-4054-bc85-0f872e06ff98,2021,2209,F
d279c4b3-1cd8-4ceb-8184-7020d444c2a8,2021,2209,F
79c9454e-5fd6-4740-ba38-1ec5c87af818,2021,2209,F
51864994-9062-4f72-904c-2a56c6e020dc,2021,1042278,F
77de6846-0d59-49b3-96dd-6284479ce183,2021,88084,F
ad14c3db-3e25-402c-b568-762233bc1166,2021,49054,F
60126ca6-28ae-48a2-b569-17dd54c9408c,2021,1306689,F
65361b5c-1656-4f2a-84bc-f45965687ea5,2021,968,F
325fa876-c2a9-48e5-80bd-d46937e07e53,2021,18683,F
b9ab8a6c-8aed-44f2-b1d4-dda5b8db2b12,2021,13446,G
a0332278-9aec-4802-ad25-c191bfe3ae1b,2021,13595,G
6e6ed29a-45df-44b7-83c9-514bad7cb313,2021,13595,G
bf307f51-9ea4-47aa-a918-1f5df7243388,2021,968,G
3703b9e9-d0e4-4d9a-b60b-4d7d990837af,2021,968,G
cea261de-3678-4cfc-a1e4-f603f413e9b8,2021,20030,G
43b58ee8-57dd-417f-91c2-c2a1d53e0be6,2021,64664,G
20ad5f6e-c471-47f8-ae9c-3c050765474f,2021,13595,G
9973ee3b-3967-499a-85d7-2de8a340f0dd,2021,106167,G
b0fb6cc4-5a9c-4f55-a6d9-8a6b9214b7f0,2021,13277,G
50ff4906-53bc-46e2-8366-60dc1154483a,2021,40343,G
11e4430a-eacd-4ed0-8f3d-c007a3405260,2021,20030,G
a4644977-979d-4256-bcb0-d7886d71b330,2021,106996,G
d3e98988-b88d-4cb6-956e-3152bcb8d3cc,2021,18683,G
bc50b130-cc73-4991-9e6f-1d6932540a92,2021,19047,G
df8ffd54-1f5a-41d0-a191-0419422e234c,2021,1318224,G
79794680-5b05-4a60-8f1e-ab5de9b29e9b,2021,13595,G
eb4a3184-28c4-4e6a-b6fc-48b19fb65710,2021,1288002,G
198ca86e-197e-49a7-a42e-7609db97067d,2021,9440,G
504e37ab-9d74-4c4f-83e0-f4f1ae0a9b03,2021,49054,G
8cf28ceb-93ee-4ad4-9bb8-c83faa09db90,2021,1272079,G
fa2e0376-1c46-4570-a237-e3069e576bdf,2021,11730,G
e086b38a-24f1-4ae1-9b96-eafbb0ef00f4,2021,1288002,G
62540b69-a8a3-49ec-98de-ac536923ad33,2021,13446,G
ee83d83b-4bd5-44ce-be81-8db7ef6ca56d,2021,513,G
b0221e93-43fc-41de-9941-f2b0b21bf70a,2021,118420,G
30b5835d-2805-4614-89bb-359da3c6e2d6,2021,1288002,G
d2f8f97d-f743-40fb-b24c-b00b884c2210,2021,99406,G
fe6be8e3-7840-47ce-9347-4f561a28fc8a,2021,13595,G
48106366-e814-433d-8856-a39c2b098390,2021,13980,G
9c621726-759a-4ecb-b04f-97a4635138d8,2021,13595,G
f39848b1-bf22-4417-9b70-96c3f0e14581,2021,1032473,G
f1d2385f-7789-4bc4-a043-a46e9d561372,2021,62484,G
0ebaadf1-7fc2-4bf5-bcdf-1e0b2b1a62e0,2021,968,G
e66df5cf-2f08-4147-bbda-3380b6694728,2021,103062,G
dcf1f820-3f51-41a6-b45d-6bda140da25b,2021,13595,G
07ed0847-e807-44ad-af80-eee5d85e2c60,2021,13595,G
61cecb11-c067-4ebf-890a-27669b1ba23f,2021,62484,G
22ae84e1-76a1-4633-b705-972fbb80d4b7,2021,13446,G
77ab9df5-20c1-4d23-bdac-c29c17c13bcd,2021,1288002,G
2317c809-e6cf-419d-b6d0-fbb997608066,2021,20030,G
d6d2360c-3e0d-492a-8468-00e4605f75e5,2021,13277,G
8ac7d45b-e58d-4214-bc6c-d90e26708db7,2021,12313,G
00a17401-a7e0-421a-a7c3-dcaa810c37fd,2021,13216,G
5cced680-c159-4bc7-8f73-9e73c5dbb3d1,2021,13277,G
60be97a2-28e6-41a4-8029-a1260c9f0b5c,2021,1288002,G
e9c7f52d-24c2-4a53-b2a5-401dbd876b68,2021,13595,G
7e884ba4-ff0f-4213-bcab-453aec60d993,2021,13595,G
1c943478-b5d6-401d-a0ff-da2a38350453,2021,1102628,G
cbdaa124-fcb1-466d-ab0d-d3e564555336,2021,18250,G
f119bd4f-8b1d-4c4a-b0c2-2129665934b4,2021,12025,G
2a6b9407-7bb3-451d-b445-dafb8f91c191,2021,1101244,G
b4530b51-8559-4326-944d-c3f90f297257,2021,12313,G
743e7e29-d70d-472a-9a4c-2a6e04f093ca,2021,968,G
6abecba7-4c99-469b-929e-f34238f85425,2021,98764,
7cd38659-f4e9-4e5b-8ef6-7b4789a50d9c,2021,98957,
9f4a1436-e43a-48c5-bc25-76b0f4dd4339,2021,98957,
3d250279-2d49-48a7-bee3-96499ed41c56,2021,49054,
cf0a477d-900c-4dd9-ac44-770169f1cc87,2021,1283028,
399d217d-d79a-4bef-b314-182058e6237e,2021,5000135,
c07c05a7-1ae3-4860-82f0-581419923e53,2021,1102628,
57f45945-38d3-4b2d-ae81-ec7ffbb9c571,2021,9414,
7a60cf05-eb79-4e6a-a8c8-195708ba9662,2021,108660,
009ce20d-ce03-4957-a028-5c1148964c1e,2021,1190071,
b487f3c0-49b4-4611-9633-be8613b82399,2021,1190071,
254a0f74-40e3-47c9-9035-45b864452d75,2021,5000135,
7f245a3c-520c-4cdc-8141-49fb357a3319,2021,113455,
0073ff9b-708c-4644-a0ea-e1cc19f25f31,2021,67601,
1a2891d9-8c8e-46c1-ab93-8a6c3c24928c,2021,18584,
3fbf1b74-2f02-43e9-9644-29615624476c,2021,18584,
87ac344c-a2bd-43d5-8da7-57de9187df76,2021,18584,
da0245c0-40a6-4479-a225-337159f751e3,2021,18584,
ea4c4f76-04b3-465d-967c-c6d9c9a33b60,2021,18584,
243ccbac-7cae-4d31-ac2f-b9b97db3c9c8,2021,18584,
30e8a622-2652-414a-b9ac-196fd496f966,2021,18584,
b69b1fae-9bbc-4983-a834-a0dfa2e40d81,2021,18584,
fa77194c-3823-4681-b90e-fb038c61c837,2021,18584,
055d5d1b-b8f9-4037-b5d5-73b633afe5c4,2021,18584,
e70b4496-f10d-41c5-bbc6-ed348b2a59cb,2021,18584,
b99c3c0e-3c1f-4cbf-a02c-fc72a9f719f6,2021,18584,
78f97898-a8cc-4cfa-a30d-b1abd21e20c6,2021,18584,
85bc5b4d-e82b-459e-a81f-ec265c250f81,2021,18584,
0a7b63d1-e07d-47c8-b44a-1133342f02e3,2021,18584,
f8b4302b-56dc-495f-aabb-612c25764fb6,2021,18584,
427ad293-aac5-4fc8-8365-7a0b26d125d2,2021,18584,
fd57d1a5-8594-4788-8c1f-b2dbd7eb04a6,2021,102590,
fd5347ac-8300-4b23-aa86-2f535e7aa98e,2021,18558,
818cde7c-a793-4dd5-a743-9e5c5c709991,2021,102590,
8c57bc51-b90b-4957-b234-7b8c0b6c0e4d,2021,102590,
898ba2a1-a0b6-45ce-b2c3-9bc4faf28422,2021,102590,
3d973a3f-fc94-4b90-881b-52c89112b773,2021,102590,
5b95d48a-12eb-48ec-8a62-325621b977e2,2021,102590,
09b59160-c89c-4dec-a02a-3f41a4b2d5b1,2021,102590,
ecedf564-f1b3-4da0-a2ac-a65a86ff7495,2021,102590,
095be58f-ab76-44e5-a597-d9a06f68ed72,2021,102590,
e6f1e173-a87c-4235-9f9e-77d1e6855a17,2021,102590,
75d55267-659b-4e9a-84fc-559424dd86fb,2021,102590,
eb4fc2d6-b162-48c0-831d-1f0d60f98cfa,2021,102590,
6db297c4-9a92-4896-8131-a12ac4f5dcf6,2021,102590,
829d940d-39a9-4816-b589-c2df3d8b52e8,2021,102590,
45c49b6b-b36b-4871-8d9c-06b71e291c3d,2021,102590,
a4c9ee6b-69f8-44cd-a675-8ef1f99e9d73,2021,102590,
e1db42ab-76c6-4f2f-b2ab-e2dc5058fa80,2021,1113582,
8fb92abb-0fe0-478a-af5b-0c993872c880,2021,1113582,
8044dc19-4b0c-4508-b154-6684d1304c88,2021,1113582,
7cdb791b-e46f-477b-ae89-7cfd0bbc13d3,2021,102590,
88aa4d55-64e0-4adb-b065-35889614d007,2021,18558,
4cdbb20f-cb32-4b66-b159-118672b26aa3,2021,1113582,
2a7acd7f-7715-4b38-bf7c-9b6e6fd92271,2021,1113582,
35177ae2-3a9b-4cfd-9917-8d3ab1b49113,2021,1113582,
4adcf894-6769-4db3-ad60-86d937a69f4f,2021,1113582,
a6af3064-1ce9-4c6a-ad2f-dfaec0d86ac1,2021,1113582,
f05bb320-cdd1-43d8-a47f-65ee5f6c6243,2021,104360,
06dd4705-cc7c-4e26-adb0-6961a8bde1ef,2021,104360,
375aa661-69d3-46ea-8b46-c12f096a01d1,2021,104360,
ff46b74f-e730-41dd-b9e0-3bd0c2344664,2021,104360,
c0c9bbc4-655c-48c9-8d9a-10e6d91dc005,2021,73140,
6012a7cc-326d-44b6-80eb-ae7b85241cfc,2021,73140,
d9457303-b373-44cd-90a8-e49346aaf4b8,2021,73140,
babecaec-7374-45a6-9b01-eba949a78e1c,2021,73140,
5b178553-6e8f-480a-bf19-371fef08041f,2021,73140,
8fbb01bd-f70d-4508-b66d-2bf628e90833,2021,73140,
48356bc7-cf1e-44fb-a702-71cb051687c0,2021,73140,
bf0ad318-0cb8-4857-a78b-3bd406e98147,2021,1113582,
250aac69-a8ad-449c-97e2-859207f4219a,2021,1113582,
734e5f15-da13-4b51-be17-99d0945e2853,2021,1113582,
beae8e9a-2c55-48d1-9dc3-f47de71055cf,2021,20933,
ca32486b-7516-4251-a606-6eb869b121cf,2021,20933,
44cdb6c2-da7c-4976-9613-b2d5d2150826,2021,20933,
72b3a72a-6b51-4afc-a9f5-9b78ffde67bc,2021,104360,
ebb5f35c-e3e4-461b-8c3c-1768fbcb9e45,2021,99820,
0fc209e0-1c14-4114-9cb1-7610c1db90f1,2021,97778,
1fa2475e-19fa-4026-b9de-b4518b36787e,2021,55402,
37711986-5aef-45c5-bfba-2fb22843e831,2021,55402,
8d682d9c-8673-43dc-ae7a-63c0bb03fe7d,2021,101942,
2b06bbe0-d70f-4d82-b0f3-632e0fe4095a,2021,101942,
9e104ac0-be03-48e9-a4c9-5744cc2d40e7,2021,101942,
ae03a410-6bc8-4c39-b0b6-3646d33d274d,2021,101942,
84cc0cca-56a9-4eb5-b49e-15c87946b326,2021,101942,
25a3dbbc-b16c-4aec-bb17-b6d277c66a1a,2021,101942,
c046b8aa-b8c4-4459-88b1-e9d446e9452f,2021,112086,
404e2258-f89a-4bf0-b21d-dc5bb7b5d813,2021,13216,
0c4db26a-d42f-4f06-b276-43a8c2fc94c3,2021,13216,
441fe815-2661-4a67-8b83-cb287f8e984f,2021,1267543,
fb54f424-3f61-4088-b587-cc1085ac4214,2021,1267543,
96edf2fe-4abc-4735-bf25-7c1cdf585955,2021,1267543,
246c225a-661c-423f-b8de-d0124fa18cca,2021,73140,
4c044c92-722a-4564-82ed-022434600593,2021,73140,
cfe7451f-ebc0-4996-b3eb-a1d385f50b89,2021,73140,
b7a5d971-1d7a-4592-8472-3b6a76896d6a,2021,47069,
fb9256c7-6a44-41fb-b815-94e3a34b7ea4,2021,47069,
a7be3b33-5379-4029-b3e2-c111ec13cdc7,2021,47069,
66dcf4dc-d663-4b80-886a-7143602b5033,2021,47069,
4bec785a-5467-4bcf-8ea1-9c35b5e0a73d,2021,86318,
cb83fe5c-5b4c-4b70-9a24-0a7a92e07fd8,2021,86318,
0358d28a-089d-4698-b2a8-4fab5bdf0eae,2021,86318,
3341e372-117b-42a8-ba1c-e920d44d964b,2021,11554,
338d2360-24f3-49d6-8365-ff26dc403212,2021,1187671,
da2f87e8-aab7-49bb-8762-0bfd904ed6cd,2021,98305,
b387f7f1-87eb-4d5b-886d-3b4a4d5b25d6,2021,1187671,
849e6956-5f6f-453a-ad6f-80fb8cf86fa5,2021,86326,
ce49cc94-fdd3-4b0d-b403-561c308d8292,2021,1187671,
600ac991-42ac-4125-8dd3-e3d5b647d45e,2021,1187671,
95235c13-9bc3-4325-b684-40d6bc5fb3fa,2021,1103723,
27e52725-b588-440b-8993-96ecc2d8a115,2021,86326,
44dcd0b7-4928-4ff5-a2fb-8606652a4274,2021,1187671,
3e92d33f-bcb3-42ae-9b1f-6fd0d9fc6b90,2021,1187671,
4419752c-b2cc-40a1-a550-48bc397abcf6,2021,86326,
716d3a34-000f-43b1-9632-46f96a63978a,2021,86326,
bf6de476-eb4d-4552-94f9-c33c1cad2da8,2021,1187671,
f9a75771-17cc-45f6-8466-fe43bf15c87a,2021,86326,
012ed1f5-caed-4430-a534-df60ee166fcf,2021,86326,
cf480371-b803-4fa4-bbd0-2e2bc9bbf383,2021,86326,
ba5aeba6-fd32-45f2-ba9e-53d83cc9db5b,2021,1187671,
9d8216d6-92ef-4b98-92a2-e1a8bcf7430e,2021,86326,
1ced58b0-d74f-4374-a48a-2b48cb325fc1,2021,86326,
2d46954e-dde0-4846-a353-4ad86d52de92,2021,86326,
ba2a9a65-9d2e-455b-b074-ab20b560e7e2,2021,13401,
be9d5ebf-81ee-42b1-9b98-a967b34306e7,2021,67601,
48705970-1dbf-4a2a-9722-6aa98162ecdf,2021,67601,
c6733043-755b-42f7-9487-039ba7cecabb,2021,67601,
c8b31c55-de4b-4f2c-8541-5d1e353f1787,2021,67601,
6a074794-51d1-46cb-92ae-11526cbdf976,2021,67601,
315992c7-542f-4bf4-ad32-da5b1abb94fb,2021,50082,
3b8910d9-8652-4754-8d12-2ce56f4860da,2021,50082,
a559d617-68ad-4ce1-9269-23e7dfbd37d9,2021,21464,
c75e7ea1-b7ab-42b1-a9fb-0c1a7f887b55,2021,21464,
23326a72-fc50-47cc-bf75-bf81d6664ee7,2021,21464,
d2060c2f-6f5b-4994-9db3-465145967fe6,2021,21464,
8604705a-cd59-4e2a-8d7e-6623d4415bb2,2021,21464,
888e0271-7daa-4680-b23f-73b7941a7470,2021,21464,
a1f9d953-158d-4fc2-9522-70da4e3116c4,2021,21464,
50b67882-37d9-4c37-9342-705fb0a9b636,2021,21464,
1099787d-1250-441f-84c9-1c684c71f300,2021,21464,
27842f9c-8c46-4543-ae27-d3cb43c3db7e,2021,21464,
537b15f9-ae9a-49dd-a237-4832d225bb12,2021,21464,
a22218fa-7bb4-4c96-8358-81b9a65d9ab4,2021,21464,
c686bceb-9ac6-4d46-b577-4177a661073b,2021,21464,
da012cb6-a47c-42aa-b802-539ccb625855,2021,21464,
f96f8204-4628-4d18-ad5c-828739772f1a,2021,21464,
0ddc00a1-5da5-4905-8f88-bb5ffa866ff5,2021,21464,
e1e8b14d-d4d7-4342-b0ec-343565d0ce97,2021,318882,
43a38de6-546d-4fd3-9437-3cd083cf18ab,2021,318882,
7ad84ef6-ba76-4d8e-9bd5-b5b8885149b2,2021,318882,
8e61930f-c718-479d-8059-0543ff7f2fc3,2021,318882,
1baaf635-1d18-47cc-b038-af1b22b51553,2021,318882,
6663bdcf-4441-4a3d-b42f-db30313328c0,2021,318882,
8940c330-674c-4853-9b96-9b8f9ba6af5d,2021,43664,
738b7260-d77f-4049-a495-6ea6ac592fe8,2021,43664,
4d556dfa-7269-4e52-9cdc-283d29e335b5,2021,47051,
e52eb28b-aa38-4682-bc8c-a05764cbd406,2021,1190071,
b539d3fc-fe90-40d5-81a4-7d7346582428,2021,1190071,
321f48e4-f4d9-4169-991b-1f5ad45ab290,2021,1190071,
057d165c-3ec0-433a-96e6-b1af1884ca9b,2021,1190071,
4cadc742-7991-434d-80af-9253b82f7314,2021,13595,
d0a8e1fd-2c04-46c7-a129-9677f862b932,2021,13595,
245faa3b-d3a7-4b1d-8a9a-4c66df76ec27,2021,13595,
fd98a5c5-b269-419d-87ee-a6e75be07108,2021,13595,
a76fff03-1e70-4ee2-b450-80580badcb1c,2021,13595,
b8be6f4b-ef78-4282-8a7c-cd34d4346fb9,2021,1267543,
401cc6a7-ddc8-4f8d-b26a-90332e5effb9,2021,1267543,
75d4bd05-8ea7-4669-8931-d4a196ae7b16,2021,37862,
8a11d376-4b68-4344-a746-5e6369e23c70,2021,37862,
5abf60b2-6361-45e3-b852-b9a26b8cf080,2021,37862,
e5b17114-310a-4e1b-8f19-857ad4ba325f,2021,118468,
098690d3-579c-4d1f-84e9-6b7b59416de6,2021,118468,
3aa249c2-5541-4a5f-95f5-5afbfa4a8a66,2021,1265453,
a0517a41-1417-413b-92ef-674f72d595b8,2021,1265453,
a607afe8-92c1-41cd-b7ce-9c3fd59f7c1a,2021,1265453,
3dd75bc6-903f-480d-8264-9c2505360f4d,2021,1265453,
929c2abe-4ae9-4972-8827-23b28ae17c37,2021,1265453,
bcf03e13-35e8-46e6-8d16-8ea269e53ba5,2021,1265453,
43ea6fd4-e6be-48c0-bd20-01ef468364b7,2021,1265453,
0395b9b2-f8f7-48b0-9610-589c6e1f3996,2021,11730,
64686ccc-c8a8-498c-a773-53d076b2fc02,2021,11730,
ff036f99-8dfb-4c04-95c7-6731e8dcf997,2021,11730,
eb7756c7-1e36-43c2-a4e4-cff43d7396cd,2021,11730,
d46ed4f4-8ed3-46e3-a1e9-8a62bf1bd6ae,2021,11730,
b091b4c1-8d2f-49bb-8c31-dcf7149ab845,2021,11730,
9e9882d1-3bfc-4859-9468-de4a08b21c29,2021,11730,
5c0d1679-9c15-48f0-9db8-538009a8926c,2021,11730,
0d191f11-a6f6-4034-b38b-e395ee9664d7,2021,11730,
5cf15fcb-3bfe-4cec-b77b-20a77473ab1f,2021,11730,
204abaf8-e927-4980-9bb5-37ea579ead08,2021,11730,
707bc72a-d4be-4b23-a4a7-0678163c2fb8,2021,11730,
f263cfe3-24c2-4447-bc5c-e0f3f41d7145,2021,11730,
49e79360-541d-4c48-877c-81a84ed52c6f,2021,11730,
e864ee8f-6a0f-4213-90d2-c121ae51094d,2021,11730,
c60f5fee-3a64-4c78-b666-fc881570c1b2,2021,11730,
9fe1282f-af9b-4fc7-ade3-5745e97d14bc,2021,11730,
a0e1838d-835c-4f00-b64e-3498ae3384c2,2021,11730,
dfdf7da5-56e4-42d5-8ea2-38ef901980f2,2021,11730,
340bdd85-1795-4e22-a079-90fa3ffb0934,2021,107360,
23492155-7db9-403b-8035-50f2a888eae1,2021,1148708,
57c28fc5-d1e7-47ac-98d4-4436b51db48b,2021,1148708,
4388de37-b28d-403b-8eea-f58c81d9126c,2021,1148708,
b6545bc9-cffd-4efa-872a-fcb6eb189808,2021,1148708,
b0a21035-468b-4b3d-96ce-fe10450cea14,2021,1180773,
e17519f9-5cc1-4313-8415-bb2d32a13900,2021,9440,
6f6b6e9a-971a-4f92-9e88-8132757a633c,2021,9440,
49bcf6ad-9113-47a5-a0c3-5d7b6a16cbfc,2021,9440,
baf1f076-a178-410e-8fbb-1b6e668f40d2,2021,9440,
738cf71a-345e-4ab4-9056-52b049dba91f,2021,22035,
ce9c98fe-c1b4-437d-a595-e3f37ad7b55d,2021,1180773,
8aed30c9-3e4d-40ca-b681-1eca53e0959b,2021,1180773,
de1ff2b1-3828-43a4-8e3d-0b889329aaa6,2021,1180773,
b0665c7c-c947-474e-a28d-2b04c52fc611,2021,106996,
9a49c36a-2b60-49a9-9f4d-210052f4996c,2021,106996,
c275fa9f-d034-4286-9ed3-77bda7824596,2021,106996,
b778605b-59b3-4295-a5ed-ce2bafe6064c,2021,101830,
c6b04442-4830-4f18-8c89-4d73824b8257,2021,83388,
1698e545-41e4-4040-80d1-e878cd5ab70f,2021,88084,
0a046f96-58fa-44c4-8036-6e26298568a0,2021,88084,
7b5bf5b2-fdb6-46ad-8bd0-dfdd97c7929b,2021,1258654,
006edb58-dde7-4323-9356-a771387d7ea9,2021,1258654,
47ca45aa-3174-4cd7-bef8-018b6a614f24,2021,1180773,
9f00214f-a377-4826-8f03-9050bbafdaa4,2021,1180773,
e6eefdb4-4f3d-470b-84d1-4b1a90c756a0,2021,1180773,
ef986103-dfb3-4156-88b3-d49c5d8e9e84,2021,1180773,
237cd57a-7cbf-46de-9939-2acab53b5568,2021,1180773,
f6c3e61f-59bb-48aa-b6c4-433a08bec7e8,2021,49054,
2fa69dad-5b3d-43bc-b810-05f8fa293fcc,2021,49054,
bdd67c18-7ded-4658-a4e4-f3d4be139b23,2021,1180773,
e75b6bb0-b887-434b-ae74-7c1649a16fc3,2021,37862,
83dbb4b9-97ae-4386-a4eb-8a5180d61707,2021,1180773,
bb33234d-8ddd-439e-958c-0081fda58d45,2021,1180773,
329c0f96-704e-4c68-ab9a-3b6c2e61c6ba,2021,37862,
fd82b028-c595-47c3-9bd6-b84a30633eee,2021,1180773,
231dd0ce-8101-4f7c-bf8b-02242abd3e78,2021,1180773,
f63971b4-0a60-465b-ae24-5fb10325b37f,2021,1136142,
564aacf3-75a6-4d7b-af3e-d9bb51143e97,2021,1136142,
5c172760-0bda-415c-92a3-9fd1b3f7f396,2021,1136142,
78ac90b2-8a27-40b9-ac58-5bff5cb12729,2021,1136142,
a8f34d8e-b2a2-4495-be3c-1ce47947d260,2021,1136142,
443a33fe-e97f-4ba2-9ad9-b67fd2a73b18,2021,1136142,
ff2b07d3-4108-4e9e-9c61-06ad380b244b,2021,1136142,
27cadf76-e93c-42d3-b40d-5a3221a9f95a,2021,1136142,
eefb4589-6b41-4e02-8f92-534ca16aa585,2021,1136142,
1ede02ce-feb8-4da0-9943-23e4dc1c0250,2021,1267543,
85a7704b-d6fc-4979-aa94-91f460c4a067,2021,1102628,
f9dbf2b3-a1c9-4367-9e82-a00c87558757,2021,90030,
89619a81-354c-4da1-8da6-14777733038a,2021,90030,
d23cf7b0-39a8-45ce-8a21-f83f4ce0877c,2021,90030,
1ac74a22-edaf-49d5-b7dd-e1fd129673f9,2021,1102628,
ead0a31a-77fc-4b9f-80d9-bc25409b5f06,2021,118420,
bcdf2749-7156-486d-b0db-62880e0653f6,2021,1102628,
e0833106-403b-4263-af1b-f029aebf09e4,2021,118420,
78eb2753-e2ad-4697-9224-475c4a460c0e,2021,1102628,
83b8ec60-a8c5-4cdf-bb4a-39c789ebb279,2021,1102628,
d924800a-669b-4177-ae3a-b9237e7c60b0,2021,1102628,
52bbe42c-ba67-425e-9082-2a0486489d13,2021,118420,
6b6f9533-cb68-4da9-b8a1-90fe4c43d040,2021,118420,
9a99dbf7-4571-4aca-bda8-ffa8c1eea570,2021,118420,
b355e22e-8b25-43fe-b416-b634a4faec3b,2021,1288839,
d62432a3-7813-4f58-b71c-3ae14ea10138,2021,1288839,
18dc60f3-6a2e-4175-8363-9f97d5486d50,2021,1032473,
d6d113b9-5521-4c75-8014-1a6eec4af59a,2021,37862,
a75d50cd-a983-46dd-b061-3574845e7eea,2021,37862,
961d5e0b-1cc9-4448-8033-4604b638c8c8,2021,118420,
7814fc8e-8b3b-4646-8177-e64ab3de719a,2021,37862,
8e1e7899-bd50-450d-a819-f23067427fc1,2021,37862,
8632ae53-0cf4-4059-a5ac-4abc7d7204d9,2021,37862,
f07290c8-0aa5-4050-af98-f6375a2a3948,2021,118420,
443275e5-52ce-4681-9682-f6f976e1409c,2021,37862,
48d98965-5f11-4539-bd76-2c91fc56d4f7,2021,37862,
0149fcc2-acfd-42e9-973f-3457c6f0138a,2021,37862,
a8bd6f9f-230f-4292-a826-3ef33d02c49d,2021,113455,
8568e170-cd91-46f8-a409-750d06444066,2021,113455,
0f8cfb7f-ae2f-489e-853b-2b4e2aa0d56e,2021,113455,
a1590a8a-bae5-4edd-b120-dfc361fc650a,2021,113455,
0c9755d6-5297-46ad-98db-74707d022124,2021,113455,
cee572b9-6355-43a5-af7b-2311541232b3,2021,113455,
813a9e96-6cfd-4ec9-b9f9-884ad16442b9,2021,113455,
9e2567f4-5c9d-4979-943e-67ada7e3196d,2021,113455,
b0f6566e-7515-40db-a541-22cac75af8e2,2021,113455,
5cd25026-f39a-4ddb-85b4-6b9d6b9b0103,2021,113455,
9e98056f-78e1-4b74-b0e6-1ab7f4e7b5bd,2021,113455,
fcc646f3-303b-4297-bd0c-f34164776ff8,2021,113455,
7d7cd948-4a7c-4227-989a-e0c203ed0760,2021,113455,
f6153022-a7e7-40de-ba90-7bbaf0b2b9d3,2021,113455,
626a0817-002c-4b46-ac85-99386d7983f7,2021,113455,
e9567434-c686-414f-88e7-bdad06398f4e,2021,113455,
46c5998d-8777-41a8-93a0-e910c98a740c,2021,113455,
870d1f02-3ac6-4b32-9ee8-52ae61cf54a6,2021,113455,
70b54c54-b6a7-4a4a-b2d2-a0c4a98a86cb,2021,113455,
7e3bdbca-5ebd-45b1-939b-4f299f6a973e,2021,113455,
c3f773e2-5f28-4a43-8e76-6751837ab496,2021,113455,
c96d8754-7a72-4607-a748-7647c8506836,2021,113455,
db82bfd4-8076-40a0-a914-26f2d880b196,2021,1110857,
b7e9c7f1-2ee8-41c0-b0a8-1d82330666ff,2021,1110857,
68b23331-3b0d-4ee4-8a82-ddd7ff44e990,2021,1110857,
cc4da669-7782-4970-9450-9f7b3539efe7,2021,1181327,
14c1895f-2a49-4f14-835d-097346b03e3a,2021,94762,
10c36a2a-c387-4a5e-8997-6c2cf3ac4263,2021,94762,
1ddfa3ee-0530-453f-b498-f2f99244afba,2021,94762,
3c0401ed-cee1-433f-be3c-139ee1daf679,2021,94762,
917e6094-eabf-4e1b-8beb-be28ba76f481,2021,94762,
65e4ef7c-fa3f-4d1a-b69e-3267896e12e2,2021,94762,
013d4258-e927-4d0a-bbbf-7be7d52f5ee6,2021,94762,
e16d11af-87a5-4f59-9b0d-b66751226a08,2021,94762,
fb401f5f-e1ec-407b-9f42-5e6bc3bbb881,2021,94762,
8dab4b12-fbb8-4ef3-8667-02e25945db82,2021,94762,
720c4d42-5fae-4271-8e14-3d2e89a0d21c,2021,94762,
9b73d159-1a20-4cae-9185-89550ec7cc4d,2021,94762,
0e8b257d-98ab-47f3-b9af-05fd1bea1ab4,2021,94762,
bafd29e7-6bde-4d46-82fc-331f0ce03746,2021,94762,
f97053b7-9583-43e4-9471-3f794b9f97a2,2021,94762,
d2c9d482-d8b4-4aab-bd60-e8cebf512112,2021,94762,
9290ad88-5a4e-4d88-acf6-97237849b4fe,2021,94762,
3d9d277b-2dfe-48d5-9fa5-62acdd184b34,2021,94762,
72d5876d-2ff1-4808-b344-3e627ad590b1,2021,94762,
8b8b9d91-afd7-4be0-8304-130fa0857f14,2021,94762,
469dfc47-9cc0-4590-afef-be92b1865e0c,2021,94762,
4b6b4e90-9e3d-46b8-9b31-c1beb2577589,2021,94762,
73905c48-5da2-477e-8119-bef3c17619b7,2021,94762,
037f1f9d-3088-457b-a745-004e8360d233,2021,94762,
45016745-3670-43c9-a194-047b508f5a7c,2021,94762,
54db12db-e9c1-4a0a-b74e-fc0249ea2d62,2021,94762,
3538784a-f078-4ed2-afe2-1a5513d034ba,2021,94762,
3d7cbfb7-2172-4391-abf6-089e470461c9,2021,94762,
6e378f6c-6f3c-4363-9bd4-2d8920753114,2021,94762,
c52ae991-905f-40c2-8943-26f66e321624,2021,94762,
a48250d1-d831-42e0-a317-d9206715cc34,2021,94762,
97d2b8ea-88cb-4ffc-b1e3-cc17de4eaa35,2021,94762,
2072812a-5f06-4cbe-b8ee-1f69680ebb57,2021,94762,
b812a22f-1389-40fb-baa3-7e8c29fd0b4c,2021,94762,
4632dec1-52a7-47d0-9804-e6d6ca939e2b,2021,94762,
fa91d150-2d38-4755-a120-f594c26e6286,2021,94762,
869afe45-b77e-4462-80df-cc1c890c8da7,2021,94762,
fe2b697d-f3aa-45a2-9326-c64f2f3f3936,2021,94762,
bbf8f2ef-3c40-49bc-afcd-7e6d29ef8393,2021,94762,
f39b4294-cdef-4324-8f21-329e4c35930c,2021,94762,
9e75a5f0-18eb-4baf-981e-362b3385a767,2021,94762,
a9f59950-c698-4508-bcfa-e6ccf4a01569,2021,94762,
45b07238-c35e-4fd5-a0ba-c600e3ff7f53,2021,94762,
11a1c3e1-03f2-4252-a517-e41637e88cb2,2021,94762,
dfa370c8-a309-4c1c-809c-1b9d11ccd98d,2021,94762,
2e3bc915-4de8-4281-948c-543c5f44849b,2021,94762,
1a6df057-1807-4ccb-8b42-51fb186a321a,2021,94762,
00373733-2784-48c9-8d57-284050ea3227,2021,94762,
f8c3f965-be33-47f8-a94e-a7f0611ddec9,2021,94762,
4a1eecad-6af6-468a-a44b-2358974fbbbd,2021,94762,
a6666dd7-fbd6-4266-aa74-ef9db2388a7c,2021,94762,
fffbf9d7-02ac-4886-8d6c-1050db0f2a18,2021,94762,
951f6181-f0c6-4f90-94f1-2792e7f1d968,2021,94762,
3d87ef79-89ae-4f7d-ad44-e03160bd911a,2021,94762,
a41cc294-8ee5-4c6e-8d2e-cd7606fa5de1,2021,94762,
0f7fdd4b-1149-435c-b7fe-f39cb0497af0,2021,94762,
89e72698-5e2e-4054-9f81-ba35fc1d73ca,2021,94762,
484ff7ee-249d-4bfe-b086-f608c4436317,2021,94762,
15f9172e-a994-4fbd-9d64-dd5abac2f844,2021,94762,
0aeeca0e-e54c-4598-86bc-0966d49d4ba4,2021,94762,
9b106859-be25-4c7f-a223-494f023314bd,2021,94762,
d6abbc7e-3d0d-4854-b99e-206f456a4405,2021,94762,
eaa8b65b-5beb-438e-adc8-f758e606b6ea,2021,94762,
47b1ef95-121d-4a84-a0cb-a7882d42da4a,2021,94762,
adb9b3a5-f1b7-4e2a-b631-f1a7404ead55,2021,20009,
e0a87181-c73a-4b7f-8d72-5658f386f94a,2021,20009,
cd02f69e-226a-4ccc-8004-e43e7a829da9,2021,20009,
0af48630-aa14-4522-848e-2b159dc69a33,2021,20009,
ece51916-b25b-4746-a0e2-4780e6e1a789,2021,20009,
20b040a0-25ce-4de7-96fa-b1a3631b6479,2021,1306689,
9b74e62b-7721-452e-a14d-dcce93da87c3,2021,1306689,
a48950f4-c0f9-4df5-9bb5-fb19862a6c82,2021,1306689,
a44e0345-dad1-4cff-9556-bb0ab580f9a1,2021,12025,
b931d33d-f5d2-4518-a501-4aafb2f30707,2021,48675,
094c7075-d30c-4c8d-9e93-1031192d69de,2021,48675,
7e20c60d-72bf-416e-989a-f53c6862921b,2021,48675,
e7f8c33d-3ad5-4bcc-8f33-e4eb1880c844,2021,98013,
a8288528-50bb-4035-aca9-964c5b45903d,2021,13277,
1cea2f3b-4043-4089-8b70-09f1a0813dd2,2021,13277,
cc2efc6b-b628-49ef-811d-c5f10a0ef9e0,2021,13277,
75dba943-77a3-41a3-9e30-84588ae19ef3,2021,13277,
869c6dd4-65bc-4f23-98ba-2db2591509b7,2021,13277,
a5495d42-cba2-4812-aa94-a62365792005,2021,13277,
b781fc13-ddcd-4088-ab6e-99e8315acac1,2021,13277,
27e8b97b-43ae-4063-877b-ff98241a9fe7,2021,1204325,
9d35c69a-476b-40b3-8ae3-4fb6dd662cd8,2021,1204325,
0e1fb3e2-daa4-4310-ba7d-09bb3cec0e47,2021,1204325,
3bb776ae-481d-484d-b620-04c3c07adec8,2021,1204325,
42b79572-75ac-447d-8ae4-7881e541bea6,2021,94455,
307f5a45-7b0e-4794-b80e-9d8c71725f96,2021,74737,
a77930d2-c90f-47bf-a5d8-19577ad2ede4,2021,94455,
91730873-2157-427a-b2c7-e93c4d71675c,2021,88068,
4a621c97-06c9-4f7f-950a-dc90883fcfdb,2021,74737,
5b4a9f73-951a-483d-9b7e-dbecfb1c7a99,2021,74737,
35e327da-ac80-4b7a-89a4-13f5e0306017,2021,62484,
e86d9df7-b633-4484-b308-9fe7528b62d5,2021,62484,
e6c3c2a5-a22f-4631-976e-d11590d41c88,2021,62484,
dc93f2cf-775c-4c60-aa61-9aa7a166e611,2021,87396,
d2ea72fc-5323-4812-930e-64141439a21b,2021,1376181,
f8dbfddc-84a6-40bf-9d01-429212ee6cc0,2021,37862,
58b963d1-5dea-4bdd-a9eb-73c218e39988,2021,37862,
8d828e87-6757-4a17-915d-f053c2fdcd4d,2021,37862,
df627b4e-a0d4-4d26-9e82-e5b4087cd780,2021,37862,
6766355f-8722-44e5-8e2f-92a45b260085,2021,37862,
d7dcc1a6-1981-407b-b07e-e916dc38b682,2021,37862,
b6c40e4e-4aac-4736-b5fa-408ddcb7f74b,2021,37862,
104e6d17-5eab-4895-94f6-32cc6eacb3aa,2021,37862,
35b0f6e5-0f28-4e29-a6be-6e85613cc716,2021,37862,
acde2712-24f4-44c6-8fc9-529a2ab385ee,2021,37862,
a16fb950-8f9f-42ce-b825-0a954c636d85,2021,37862,
fe032e78-2402-437b-b1aa-2d31a8176855,2021,1042278,
c4b11d5b-7845-442c-9950-59db58e67fcc,2021,1042278,
33e70418-130f-40b4-b35c-84810c92d9da,2021,1042278,
aefef90e-de10-4f42-abbb-7ee990288817,2021,37862,
949d507b-9897-4d9a-9a6d-30730ad51c8f,2021,37862,
628c0588-c04c-4fcd-a9eb-6ea550f0feed,2021,37862,
aa518558-269d-4a88-aaf9-d24448e02d33,2021,37862,
3f13a4b5-4a55-421c-8471-d674bacb3408,2021,37862,
5d87ccf8-c450-41be-aefa-df82606f9148,2021,37862,
0d48fac7-3f26-4962-a1d4-033d11c2c1f8,2021,37862,
42bf2750-d56a-4f8f-b33e-fa7034779263,2021,37862,
378d45c7-5451-431f-9512-079ebb6259d7,2021,37862,
c5ace4fc-bd73-4eeb-9753-630ae7a93ca9,2021,22047,
02e77ff6-949c-4696-ac83-01491c962669,2021,22047,
a6ef1700-4f71-4a37-a284-11f5d0f39347,2021,22047,
195df8f7-f72f-4013-9e4f-923600c07548,2021,22047,
4e17e16a-2779-40fb-a9f8-ac1d25d24695,2021,22047,
74d38e9f-c551-41b2-a11b-a9010e775a6b,2021,22047,
39769c2d-988c-4776-bde6-a589cd82bb10,2021,22047,
dc7196b0-e46c-4fd7-b624-abd9b80a1636,2021,22047,
e3ee40f3-b4f8-44d5-be7e-792bcd472d67,2021,1315444,
cf320bbb-dc8c-485c-acbb-dd4336a45822,2021,1315444,
2094ab93-1e19-47fb-984b-f912137c83c8,2021,1187671,
8f100300-d539-4ad3-aa4b-77c378e6a4c0,2021,1376181,
9d3cebf4-feb9-40fd-8680-4c807f1e3c60,2021,113687,
b933ad2f-eb6e-47b5-93d8-23d58bd96f1c,2021,113687,
ea8e7d84-5f5d-4fe7-80cd-bd49ee2af84b,2021,113687,
dc5e2114-ba0d-4f90-a07e-81c60d7ca08a,2021,113687,
2e263e4b-6e32-4f85-b765-84e18e0eb63e,2021,113687,
a9dc5b12-3a34-4940-a4d2-8a9eb1ce380f,2021,113687,
9350f9ad-4394-4b6d-88fc-5f19ecf7dc09,2021,20030,
9415818a-8deb-4242-bde7-e994b486a357,2021,20030,
f1f29dc8-d305-4163-bd8e-976765646af6,2021,20030,
9d4115ee-ee8e-47d1-a1ce-bb635c880c98,2021,20030,
b526dba4-0cfe-4b66-a880-9e77ac25f365,2021,20030,
310e5cfd-9f70-4706-a617-d14cabe519c8,2021,20030,
b75fc7ca-0c0d-42bc-981b-ce661cc8cb27,2021,56172,
7f8de2db-9469-45a4-a97d-472f28958a4b,2021,56172,
1be213fd-ba71-46b1-aff8-f969000aa7dd,2021,56172,
d963068c-fc04-4bd0-8fb2-236622dde400,2021,56172,
74d7ec3b-b67e-4cd6-bd35-9f72b6557ce5,2021,1427745,
35566770-4a5d-4efb-978b-eaf0a8a8a003,2021,48205,
ef245b5e-f5c9-4b9c-8ecf-195587a6273b,2021,48205,
888d408e-c638-40f0-a14c-ce15b3518389,2021,48205,
fcb3908e-592e-4de7-a879-1a392f18a5ff,2021,48205,
cf0516b7-8eff-4c9b-913d-b7c6b3569e79,2021,1047907,
63258eb2-4a8c-4dc2-9a32-9629a05e8514,2021,50981,
c1d155d5-8f67-4306-8965-0298be4229b8,2021,50981,
f3ce82f5-6460-451a-83f4-7b3be5a66361,2021,50981,
87381569-f689-4c6c-bc5b-e42ae2a7da8b,2021,9414,
30dfc79e-c78f-4b13-a784-542a7811a7ba,2021,9414,
3f251711-249a-4c85-9dd3-b93e582d6cb1,2021,9414,
cdfbb28a-55da-4bd7-a105-62d5aa8099de,2021,9414,
400f5a26-c9eb-49ed-ac30-938134b55bb5,2021,9414,
f0910f1a-e16e-41d3-b675-ad7e759aac94,2021,9414,
eb6d94ce-21e4-48b3-a510-fdd867be1345,2021,47505,
272751c4-940a-4409-83dd-65847a51e588,2021,47505,
33f89d11-2467-4b51-86a6-0320f4961ef3,2021,47505,
719b64ea-62f5-4ebd-aa1a-a0cc428ffb95,2021,47505,
efdbc370-80ff-4ad2-a96e-c412ef8205e1,2021,47505,
05418960-5232-42ff-9b27-919452c4ec21,2021,47505,
96aea9fd-f9b8-44b7-bc6b-ee141b747ba7,2021,47505,
266b2710-1c63-46e6-831d-c53f592ee568,2021,47505,
2cf4f616-d9e6-4f07-a515-0b9a6f1372a3,2021,47505,
eb36bb82-c015-49af-a872-a4d97e5c08ac,2021,47505,
ddf70d9b-aaf2-4fc4-89ee-f24367221615,2021,106996,
d2fef815-f5a5-474f-9dfa-42b9d02efbe5,2021,106996,
29eef683-1ae4-4419-8a8c-3e70945306bd,2021,98595,
0dca7d91-be18-4c73-8c9c-9581ad4f5ca2,2021,97443,
bdd6a06b-2ec1-4939-849a-f7841b057f71,2021,98595,
48db0443-7b56-4620-8abb-bfb89c176c37,2021,114616,
8ffbe03a-4683-4946-99a8-796443b042cc,2021,114616,
ff7d955a-0abc-4752-a8d1-b6690b995b2e,2021,114616,
240cf0bd-650e-40d7-bd0d-4ebe901da6a4,2021,114616,
1a407e32-6c08-4d64-b53d-785518cd84b9,2021,114616,
75d51e31-bdd7-47a2-8b8e-a3e1f8c4954b,2021,114616,
02e90f7d-b35c-4449-9308-7d9657d5b39e,2021,114616,
cc40dc19-7b8a-4d93-9bea-54b94f8109bf,2021,114616,
d4901773-7685-4cf6-bd93-c4693fc6d060,2021,114616,
bac46d8c-ccee-42dc-9074-9eff43ab24c2,2021,114616,
3fcb65f4-4a32-4a7c-a693-cc06f915292f,2021,114616,
68d90478-b275-4026-958e-0840e2f89c54,2021,114616,
6bd8b581-c382-4b0c-9bd7-431dc2667b9a,2021,114616,
4ccd881d-c096-427f-ad70-b77615994475,2021,114616,
6c8457f0-a9f9-46fa-a827-00a3957fd199,2021,114616,
ba889a85-db16-460f-9044-e387231d4a3e,2021,114616,
1b2d2850-41a0-41e5-a47c-9f7eeb1cdc5a,2021,114616,
6c542c6e-0240-4533-bedd-d4eb069dd2eb,2021,114616,
697624c9-2d55-4868-ae53-92fd40b7ad4d,2021,114616,
64e14206-d46a-4fea-a30a-3f6bb5dbf569,2021,106996,
83820a69-765f-4d9d-8c30-5e90311cee12,2021,94455,
f42c453d-c5a5-4f5b-aec2-84cee5c6b467,2021,95175,
90b7d673-7f84-4c85-ae03-79f96da1fd65,2021,95175,
1251ef26-4fe0-4803-86f7-a9a37cc026a9,2021,95175,
c0009c66-5b3f-4e41-9163-4d2eb2c4b211,2021,95175,
c2f4f1eb-8a14-4218-a3a2-86a958a73f47,2021,95175,
14abdbe2-e1aa-4a33-9808-65539d893140,2021,95175,
3fb4bce8-11be-4941-9233-308e7a292bad,2021,95175,
a5bb02c3-dc61-4191-ac0e-127c76c77203,2021,95175,
c767eca2-6183-44dc-8a17-087a809426b1,2021,95175,
42c451ec-c06c-410c-8657-3077aba38ed1,2021,95175,
a3a6a117-1067-4714-8a9b-40b64327560b,2021,95175,
a5d968bf-7b71-445c-973f-a763c3ceb1cf,2021,95175,
da97cde8-9544-423e-8288-42f7752216e9,2021,95175,
77703153-55ed-4959-96f2-4573140009de,2021,95175,
1f70253f-a383-47b4-9b3e-ae68df351130,2021,95175,
723f8000-0367-4060-8b87-250434df7e35,2021,95175,
9150aae5-76fd-4a22-aacd-89b9a7195f2b,2021,95175,
b5aacdeb-e9e3-4412-8446-ee1e9aa771d9,2021,95175,
b3f628fb-48a2-4937-a316-3e3a77387594,2021,95175,
b98dac52-19d5-494d-a66f-e194e0ffa95a,2021,95175,
e5329199-188b-46e0-9878-bebd2aa564f4,2021,95175,
17cc4fbd-abfe-4630-9491-09ad16f9af79,2021,20009,
38a70395-0322-4071-8868-41a5967a52fc,2021,20009,
cc29c30a-91d7-4954-9b08-99c47070e0b5,2021,20009,
b1c4a796-88cf-4656-8e7a-063b7de32cd7,2021,67092,
e0966530-5ddf-42c5-a2bd-97f5a38b4fec,2021,1283779,
5d5e1e01-513e-4378-810c-0b6bd920be2e,2021,98595,
03dd1ad8-7e94-4f51-9c8d-20370186ac9b,2021,98595,
ca9adc06-ab51-4513-a06c-4aa9a5b4b85a,2021,98595,
edab0ba6-6caa-4b55-8d5c-8ee9fb5a9e6d,2021,98595,
359527cf-3b06-4a31-b814-4ab5b78cf948,2021,98595,
21182fed-cfe7-4879-b149-260aade98a96,2021,98595,
72a3d95f-deb1-4821-9e10-27fd057b0938,2021,98595,
bf7d0a7c-2ef3-49cc-b71d-a8697e44cce2,2021,118994,
6f9bfd05-34e9-4fa7-8e60-eedd162b8236,2021,118994,
012e33c8-d6c4-4c98-aa2b-2122ea675ae0,2021,1376181,
4f3bdf39-ce4b-4e64-9f38-602095e467f1,2021,68930,
691b76ac-5593-41d6-ba6c-e82cd5554154,2021,98595,
5c0a221e-7463-4464-8f0c-172c7fe0d253,2021,5000135,
d1429061-13d5-46e5-9543-245b08e6d3f4,2021,5000135,
b08164f7-4bc0-48a4-b678-f21a29f34b4f,2021,5000135,
cdbe8958-e5e4-4b61-a34e-ae4ffc459b18,2021,5000135,
49769d30-7a07-41c5-b2d4-6cd8f89c9261,2021,5000135,
28b1a09d-0997-4b8d-894c-8855110e4ca9,2021,5000135,
5aa28406-d05b-43bb-bae6-80e02c488552,2021,68930,
2b1c46a3-a081-466a-bb13-398039a5765d,2021,1322390,
73134d99-d9e2-4159-8ba6-001d7257a506,2021,1322390,
6d935df5-e28d-4b01-bdce-a44e23705567,2021,1322390,
d0c5cf59-6f3b-4856-984f-fabfbcacd034,2021,1322390,
0909619c-5b7d-4e57-a063-0b6471e7ff01,2021,1322390,
e735b484-8759-4556-bb6e-7c7d29202909,2021,1258063,
fd130662-104e-4b39-802e-8627c75d9e78,2021,1258063,
b7150592-ac37-4506-a520-772237ce4a7b,2021,1258063,
08b4061a-68f4-43dc-b654-85e1c3623cb5,2021,1258063,
4e257da9-2606-40c6-997f-5f2c16462a4f,2021,47505,
b0e6072c-d226-4c26-b244-0df1ae49b8b0,2021,47505,
81dc9d10-5925-4099-a809-886331b89149,2021,47505,
562c6fd7-c940-4122-8d1e-64075e27cd26,2021,47505,
3385713e-ac74-4847-859c-ae6c9e2b6d7e,2021,47505,
b347f14f-f2d0-4cba-8125-fbc1b7b34e34,2021,47505,
88b6e34f-c0e8-4536-b7fa-2f23373ec6ad,2021,47505,
18bb5f21-3dd8-4e57-97b4-44f4fe271dc4,2021,47505,
121cfa8c-fa06-434e-b4b8-78791762db0f,2021,47505,
63de15cb-d5cd-4484-8b19-7428ef93d647,2021,47505,
fb646232-6a8e-4ff4-8fb1-4feb63f24f54,2021,47505,
1df3533a-996b-422d-a48c-3eeba7f697c1,2021,47505,
4f5e29d0-b84a-40c7-8062-50c51bf45cbe,2021,47505,
748ab15e-b507-4129-8fd8-ed5fdc006fca,2021,47505,
cf485c7e-4455-444a-aba7-71c467f8f62a,2021,12025,
455882dd-1e32-47f1-bc2d-69680d47a247,2021,1101244,
77e4d612-9c79-4019-9805-59b7cad4421a,2021,1101244,
2e7ae7b1-3706-461c-8203-74317dccbfdf,2021,12025,
571cb3df-0a70-4407-8abd-4e95638aa3b6,2021,12025,
b70e448a-daac-4606-bd11-2aaada0699f9,2021,12025,
7bec9239-107a-478e-8afd-03b3912320f2,2021,20239,
33229894-be9c-4b0b-9883-d9a7ec413f01,2021,20239,
e2c7c73d-12d3-4511-837c-e9bba6a4ffd2,2021,20239,
18f6b113-426f-4348-859d-ef43c2b995ca,2021,20239,
69dc187d-47e8-470d-a291-6a60a54f17ef,2021,20239,
f86084b9-5c94-422b-a3f4-a7455855d8e4,2021,20239,
8a07ef08-477a-4d3f-9df3-7fa739e947ed,2021,20239,
27b498c6-8b04-42f1-b877-9b89922c17ea,2021,20239,
64bf644c-53c4-4599-a673-4ee7a8a83cfe,2021,20239,
eef3df47-50a2-46ef-97ae-6a8e44ad9367,2021,20239,
039897d8-2eb2-484c-9d64-3871b2aec843,2021,20239,
67b73098-6ea7-400b-8c83-4a104d6d1c8f,2021,20239,
37693b03-a26a-44cf-8bd8-16cb0393169c,2021,20239,
526424f0-bbca-485b-99a1-db3fcc040cbf,2021,20239,
69418268-3f01-4845-bd08-037a6edb9acc,2021,1190071,
0996736c-34bd-4cf6-89db-1bb3a4214772,2021,1190071,
773e54ab-32a8-4e39-bb56-c65a40c63677,2021,1190071,
445b4b92-45f8-4045-9b4c-6539ec0bbf43,2021,1190071,
35fef6bc-ad4c-4010-b11f-cec71a717a5f,2021,1190071,
6cd2a725-de4f-4b9e-b296-62ca7a094038,2021,1190071,
7dfa8ef4-237f-4b78-afaf-b94d4b53611c,2021,1190071,
95a11331-d1d3-44b6-873c-3b52ba3bc005,2021,1190071,
9436aca8-f26f-4346-b6db-33f3d286d46f,2021,1190071,
89f0c842-884b-4343-a54a-6b2ef5ce5b77,2021,1190071,
a05fe44f-9163-43fb-a848-afae3ac17bc5,2021,1190071,
beb52649-9a0c-4547-bca8-22592111b162,2021,1190071,
7b472054-7d50-4a32-87be-b2800f324d57,2021,1190071,
130405bc-6e6c-4fa1-b1b6-89bb7e1e34dd,2021,1101244,
d6075e5c-0630-42b5-aba1-f958e9d1e0c7,2021,1101244,
9cd37f11-172a-4c72-b953-632fff9d498b,2021,1101244,
60d27844-679c-4342-9bc7-42520ac07a9c,2021,1101244,
038e3094-8efb-486b-a48b-58a40f3df74d,2021,1270596,
6173ae61-c676-43e5-bc03-29220235b2c9,2021,1270596,
84b45bbb-3bc8-4b06-a830-7baf117bbe09,2021,12025,
37f0e6ea-0ee6-4eaf-b9bc-366169cf7bad,2021,49071,
1c01f551-7789-43bc-abb8-37a32ae5d439,2021,49071,
49e3be5a-eccd-4deb-992d-e6c1e0275512,2021,49071,
14f485c7-243b-45a0-b693-d48c791a4907,2021,49071,
4accdd2e-9aae-4d0d-93b4-d7fc1aa98668,2021,64664,
a2b358e7-f660-4345-8bdf-b0374b0c40e5,2021,1270680,
0fc5e04d-fb8a-4204-91f0-005904e8efc5,2021,64664,
5ed30f4e-341b-4ba3-9ef7-583ac83cf6f4,2021,60886,
69edc8f2-9840-4a63-a5dc-c79a882f0950,2021,60886,
3c027c8b-b75c-467a-a94c-e3046a9f581a,2021,60886,
17dc939a-0b31-4ae4-a093-fb04fdf12ee1,2021,60886,
6304d50a-c3a1-44d1-929d-80ec8789c2ef,2021,60886,
a16ce114-2a0c-4f5a-b790-a675391ee3a1,2021,60886,
dc841573-44b7-4a56-9128-0c0a2dcef974,2021,60886,
1354f11c-29fe-40a1-a86c-b0814d99f3c8,2021,60886,
b20329c6-025c-49f5-845d-bc044e9d5263,2021,60886,
ee7cb107-bcbf-420c-8025-75f60919870c,2021,60886,
3e958c35-65c5-4e95-8034-001e7c618e08,2021,116770,
764dfcad-56e6-4b07-9dbe-dda30ae408de,2021,116770,
89a3a94e-e62d-4ae3-a408-0392e12080ff,2021,116770,
3da0fdad-51b1-4b78-a172-8ff3d8c72037,2021,116770,
7fe341a9-cb03-4126-a37e-cbc679c291ad,2021,60886,
e0385081-b6b4-4989-bbbc-a65353729920,2021,1139692,
622c0ae0-c3d4-4f0a-af83-46b779084259,2021,37862,
48585fce-1bbc-4943-8f23-66155100e82f,2021,37862,
14add056-9d1b-4980-bab3-f4611716889d,2021,9414,
d5ac81ec-11ee-462e-8751-96b22e4be0a2,2021,37862,
9ea3a612-1f1d-44c2-b295-525a75f60505,2021,9414,
420d4789-e13a-4f4c-a17b-03372dcbfdfa,2021,37862,
f741ab86-b45e-4922-8858-4329deb224c3,2021,37862,
8b014c25-0938-474e-8bcb-e2d7313c18fe,2021,37862,
18cbab18-d2ba-4986-8358-d83990b234b7,2021,12025,
908e93b5-c173-4d05-924e-4a879f21c33f,2021,1473699,
b18182fe-2965-48f5-b0c2-8c0d9d5e9b49,2021,106167,
fe648e32-5931-421c-b5ca-c605f8b72e65,2021,1166783,
1ac6feb3-b04e-4940-9fb5-4df5c1ac9454,2021,1166783,
340620a7-1c28-4046-82e2-31b555b58f42,2021,1166783,
541bc7cd-4fe1-4d8c-a3d5-a0b4938da4d0,2021,1166783,
7507ddbe-6289-40c6-a6f9-2fbe6d8426c7,2021,1166783,
b0e56202-652f-4e26-b2c6-59fb5a4a0e28,2021,1166783,
1b189a33-5978-4b0e-8715-f26fd0e8a78f,2021,1166783,
f7fa2e30-da58-49c5-b5bc-3c6521d7e9ff,2021,1166783,
c1fbe67e-fafd-4051-b29c-1ed1ef253016,2021,1166783,
654c451c-fd92-4514-9232-faba7e80d068,2021,10515,
cb768952-98e6-4456-a44c-d84a58ceaa79,2021,1330347,
46872175-34e2-4b4a-a88f-c989fd4655d4,2021,1330347,
a440f49e-c7da-482c-9b7b-930aab8204aa,2021,1330347,
bceaf7e3-0774-4c67-911b-f0fb7fbf6623,2021,1330347,
84326fb9-968c-4776-a415-e115158329ee,2021,11452,
0933593e-98b4-4a42-8960-b7930da6db56,2021,12313,
29be339a-28bb-4cfa-81ce-d77dd16471c8,2021,12313,
62cc891f-3e8a-40e4-a606-3365f165bb38,2021,11452,
cc0c525c-9365-4272-b1b5-38060da36b7a,2021,5000951,
88e367a6-9a44-4db2-be37-9924a3b1d303,2021,1181115,
a36ef30d-7d33-4914-be1e-399bd736cc3b,2021,113813,
61da6f77-b64f-4fc1-b938-2638296b8f4b,2021,113813,
09ad68bb-d1ac-424e-97c2-bd37ce096adc,2021,113813,
2a709ad6-e5a6-4e49-9232-32ad31055f76,2021,113813,
bbd984f2-bf25-44d2-9ae8-a33db2e5010f,2021,113813,
cc936d77-ff33-4508-bbed-25e39ce8a21c,2021,113813,
758b9666-1078-4066-965c-19e909c14a34,2021,99406,
ea0c500f-9e08-4e20-89ec-2afc4b8d2bf7,2021,99406,
94e40f57-442b-42bc-a890-1e48c94d917f,2021,99406,
bb59f598-009d-4d94-828d-cd390e87fa48,2021,99406,
41316dbf-fa35-4530-a44d-f5d07330c80b,2021,99406,
d28b2cb2-0073-4d22-bfaa-828c011d2b8a,2021,99406,
f317597c-d743-44ca-b4c3-fc4a3efd95a9,2021,99406,
27f1eb93-452d-4d85-b716-87ad9ff70948,2021,99406,
afceacac-a55b-41be-8ace-a3ea2e7f10a3,2021,99406,
698a3ca2-e4af-4a4d-a911-6cb755a7559d,2021,99406,
f77ae304-95fb-473a-a032-7965f8e82ab9,2021,99406,
a9c77cac-e33f-434b-9e87-6787380dabfa,2021,107920,
9127abc9-c407-4cd4-ae93-1810ccee72a4,2021,107920,
7f37e2a2-32e9-4ce1-8d8e-96c290271398,2021,107920,
11977ccf-a1e9-47e1-8c0b-ad2860c0f664,2021,107920,
f5653a68-987f-4c97-ab25-51fb28610c09,2021,107920,
f64c55b1-007d-41db-bfbe-35717aa30cec,2021,107920,
cbd02687-eb55-45c4-a3fd-e2d941ec0f3c,2021,107920,
47030c76-512a-4153-a07a-a087606d8368,2021,98764,
a76bc657-6d82-42d7-9d5f-a4d8dc1a5568,2021,98764,
63ae892f-7610-4e88-b8f4-2f1ffa5f2e10,2021,98764,
159dd422-175a-45c0-b8b7-5ba6a0b1cc14,2021,98764,
0bd61cfb-d9bf-4643-b746-2176044dfdaf,2021,98764,
eb1473ef-933f-4c83-8b9d-48b5f2f0b5ea,2021,1118057,
315f5566-44de-4b64-ac1e-df47dd163271,2021,1306689,
69584f42-d2ac-4802-b4b5-449011314179,2021,100654,
f9928db0-bcb7-4c83-8716-cd58b5ba3ae3,2021,100654,
3c3a967b-9961-4f0b-b4ee-91b5a145928a,2021,100654,
34fdb2f9-a6c6-4c29-b54c-c75425bff882,2021,100654,
533680ab-47fb-49f5-b5de-f8aa23f794e5,2021,1306689,
94a56ea9-52df-48fd-9fa8-ae40cc33416c,2021,5000135,
e770d6ff-23e3-4d42-9b61-00eaf7c4e87b,2021,5000135,
eb5cdf41-1f60-4633-a724-82a0dfd1cec2,2021,5000135,
2b65f18b-d525-4757-b465-110b5e55cf21,2021,5000135,
c4c66fcf-62b8-4aa8-9776-2718f94f1736,2021,5000135,
6eb56113-c764-4851-aaa7-d0c74033dc27,2021,5000135,
dac4d569-2726-4475-bbcc-ca2505a8e4b7,2021,5000135,
5e170096-531d-47aa-8b90-38626a13b29a,2021,5000135,
16ebaf1f-2a1c-45fd-80b7-55a82edb31d5,2021,5000135,
e9c72701-baaa-4161-b7c6-234fffb43e0e,2021,5000135,
94132e0e-fff9-497d-a056-0b568cbd72a6,2021,5000135,
6f88124f-9780-4a89-b6a0-3547b5a9deeb,2021,5000135,
66974b4c-b1ce-4460-9879-ba6b3dbb89a7,2021,5000135,
a417daff-2f54-49f9-bb0a-4d45ad240abf,2021,43664,
77f3b467-8b09-4213-bf22-44b391d4478e,2021,94762,
96cb8373-ebee-4aba-b204-660c72e63eb2,2021,94762,
6dbd6a49-7684-4ca1-803a-a1aa804de481,2021,94762,
2735f823-42c4-4e6e-a8e8-0ee133cf1384,2021,94762,
8f7607cd-7ad0-4f6f-9c9f-273234066d23,2021,94762,
bf50be9d-0b23-4be2-ab5b-6ff79950dbe1,2021,94762,
8f8b2094-b942-4a5f-8fca-27883f3a32a2,2021,94762,
601239fb-7aae-4273-a12e-b213011b181c,2021,94762,
d2e3f5f8-1eb3-4a99-b554-b78abf3634d7,2021,94762,
ac450d90-c6c6-43a6-b060-a7496c93ca62,2021,43664,
c4ebba20-38b7-41fa-a969-c8a0e867a333,2021,43664,
d584bf31-a652-42f6-a03d-131066543b16,2021,43664,
49e5a571-259f-4213-9476-9956977c387f,2021,43664,
0f3a6227-8fa5-4268-ba5e-d996d6bf1ccd,2021,43664,
40284941-9677-45a9-a11a-815409de0391,2021,43664,
4c7b2404-071b-46b8-adab-202bb79ae298,2021,43664,
7a9f0fcb-d195-49b4-8b06-89ad24dbe413,2021,43664,
85ed9768-3bc8-40e6-a124-2919ff886102,2021,11730,
571e6cd9-81e8-496c-9a4f-8ccf0f766cb9,2021,2209,
e809484a-7715-40cd-b1a1-04b7ad08dad4,2021,2209,
e8bc02d4-9ea3-4727-bc9c-bb1557545ffb,2021,2209,
50f42422-13f1-4134-9dc8-3144caae6ed7,2021,2209,
748c0446-ca15-4018-b015-a80b82fe671b,2021,2209,
13ed5a5b-e8ee-47d0-85ed-6b9bb1aaf2cd,2021,2209,
cd5dcbf9-282a-43a8-a92c-6979318d7e9e,2021,2209,
5ba5d88d-3c32-4b6a-b780-42e372dcc730,2021,2209,
dbfe73ed-94ca-4e9f-acbe-b8d9e44be834,2021,2209,
43fdbf27-b115-44a4-99d5-cc1e269c76b5,2021,2209,
a6805134-4c47-4032-a9eb-cd79c4472a42,2021,2209,
945ef063-d0bc-420a-b034-87b07fe4b917,2021,2209,
9c9fe255-c8cd-412d-95a9-b7f82faa1504,2021,2209,
ce397fb4-b8e2-4866-b0ea-72fea3d5e5cd,2021,21464,
4956964b-dadd-49c8-85cf-f3b935b26afe,2021,21464,
f9086e34-e67f-4af4-a5db-e9ba3cb90efb,2021,21464,
515d0531-1e76-4d1a-8b54-4fb67c7dec5a,2021,21464,
a67625ac-5eaf-4687-8557-c602a995579c,2021,21464,
fdcdd6ac-9460-4172-9075-bbc8bad153da,2021,21464,
b918fcfe-e86e-40dc-b368-d88fd9ca1ebf,2021,21464,
09317f6a-5c1f-4fb2-b057-c1138db73801,2021,21464,
75706d9c-86a6-4a9a-906d-68b9253d1887,2021,21464,
13ccbdd3-06b6-42e2-9298-baf107ece046,2021,94762,
6b414f84-3c93-446b-939b-b8da7aded7ab,2021,94762,
24604629-6cd0-4113-beaf-fa87a3ed719a,2021,48675,
36a94939-a3bc-476a-a58b-a2ec5b3a543e,2021,1042278,
b6f922ab-f6e5-420c-a9ea-ff69f4552e38,2021,1042278,
599628ac-a46e-45f6-8a45-f5844ca0ab6f,2021,1042278,
8901ab85-f1f0-40ea-86ed-a0f66d027c3b,2021,1042278,
26928160-aae6-43e4-9ec6-115985fccb72,2021,1042278,
377fd328-cd79-4f5c-88ce-c6dfe701e858,2021,114616,
03d4b770-54d6-436a-b8d3-ef0c440315b4,2021,114616,
0e21ee8a-bc87-4a72-a9ba-d1368da4cff4,2021,114616,
97df5d9a-76e4-43c4-b50c-b264b1705d52,2021,114616,
c908d131-e149-4299-bba9-ca3dbd85be5a,2021,67601,
01dc3eb6-3878-4a8c-8f5c-72ccfee4f3ef,2021,103062,
cf4d5067-74bc-4180-9aad-57b9a32f72bf,2021,47051,
3b9365a5-e381-47aa-8093-d6cd98f828fb,2021,47051,
ca429e66-8c17-4441-85ae-27bddc74e1ca,2021,47051,
acf2c3b5-0eed-4e3f-ab31-ccbab0290d22,2021,90030,
13ed80ca-65da-40eb-901d-f50e679fb1cb,2021,22061,
805a83a8-2c53-41a7-8574-5c0b1e5b423e,2021,83388,
9fda6499-2257-427c-8fb3-c0a508a0468a,2021,17886,
0796e120-3537-4963-b03f-a54decc5cd39,2021,17886,
5fdb80fa-862f-42e8-80f6-dbcd32be4b73,2021,17886,
a11f3325-0875-4958-a3d0-8e3fb2be41f6,2021,17886,
21b87e69-fe78-404f-9ce9-bcf00e51c1d1,2021,88084,
fdbfa44e-7a00-4603-b357-7fdcb376b496,2021,88084,
5d45631e-09c2-4b3f-81c4-91779137b74e,2021,22061,
ab12e78f-2a8b-4630-b688-49f82ee07a0e,2021,17886,
08b712a9-8b46-41e9-bdd6-379a5abcaaef,2021,107920,
c026bc73-eedc-4e3e-9ea8-2a1d98785d19,2021,22061,
0b89e1d2-ea59-422c-8cca-323fbcf37661,2021,9425,
c2d8cd6c-3f14-463b-abcb-452ce607d76e,2021,48993,
8ac0d7f2-eb93-4e0e-88a9-eac91e7c7abe,2021,9425,
949d41cd-527c-4b57-9af4-4d8141681583,2021,9425,
6dfdd3a9-7223-48ca-bfc4-5963393b9d37,2021,9425,
0a85c7aa-7329-412e-8fdb-fdaaf4599dde,2021,9425,
bb937803-6c66-4b07-a9e4-84a80557dcf2,2021,9425,
6682d22b-9c1c-418f-8545-d0f28c0d1ee2,2021,55777,
bfb3bab0-aa18-4307-ba97-afe07a3f7d0a,2021,12313,
bb77198c-fb5a-49e3-b411-a5e413de4bd3,2021,49054,
62c8ca00-b836-44ec-b97c-84da83ba1670,2021,49054,
cac6f01f-1af5-435f-844a-d4af249c7f5d,2021,49054,
44063d50-61b8-4c8d-bbee-aeec4549cb75,2021,49054,
8638ac6b-da37-40d1-ac72-616da715d131,2021,49054,
c6e27a82-1d79-4e56-8c5d-e14b2166590a,2021,49054,
0b6c176f-c92d-4b54-8666-b1a34ccda39e,2021,49054,
02ae1d78-567e-4a8c-8651-d3d098a0dfa3,2021,49054,
1b7fd281-2bd6-42bb-8e58-b36a97629952,2021,1306689,
fa0a1c5d-3604-419f-a444-d77d501b46e3,2021,968,
ed7e8abb-2d11-4bf8-92bd-57c215b60dbf,2021,968,
8201e226-9232-407d-9e28-865ac19faa39,2021,968,
3af99960-91b9-4955-83cd-5fe536d311c7,2021,90030,
774f0629-3a46-4f74-94ab-99b4f77177d0,2021,94762,
ade6009c-45fb-42f1-bf29-fefe79bf678c,2021,317,
cd76afd9-24fe-42f9-833b-c036efdfb058,2021,317,
ab5b849c-c2b2-4b27-bc32-a383b89c8e57,2021,317,
e7d1e397-b304-4e2a-b198-d32126db371d,2021,317,
367baa9a-f7c9-45e7-b6af-b1942f77efa7,2021,317,
569ed8e0-42fc-45d1-85cb-f0f553d6dad5,2021,317,
1b487132-ba99-4705-8e54-07b6ba2bd4c0,2021,317,
f80de41e-c946-414f-ac3e-b44a99638b14,2021,317,
23edda1a-cb2d-4f84-a814-9dfa2c51a36b,2021,317,
e73f6807-7092-4e75-ba55-b8d00d6b4424,2021,317,
668cb94d-b82e-4ab3-ab8f-f5ecfe02b09c,2021,317,
f8187e27-dff4-43f0-8618-53a8ae126ec8,2021,317,
98e2b355-f322-4ddf-98aa-faa24e0d8139,2021,317,
f7baa9b8-30a7-49ef-86a4-346016859c26,2021,317,
4687ed3e-2c68-4d0d-beb7-5620f490052d,2021,1102628,
5fc0bff3-5022-4863-ac8c-b675c627948e,2021,94762,
f46e9589-b920-40ba-b49f-db356fb8b94d,2021,94762,
cc83b3ee-f757-4a4d-b2fb-211ea64dbd1d,2021,94762,
a392b193-f88f-4b2b-af01-0d19e4439363,2021,94762,
43776984-3e76-4635-a89a-89769ce3659a,2021,113687,
7b8142e9-cf20-4604-8da6-e1363a5a9923,2021,968,
426cfc6e-17fb-4bac-8f15-331a707418c6,2021,968,
19487890-b391-45cf-ab12-b8d73a9eee2f,2021,18683,
9b995fbb-41a4-4921-b671-11c28dcadf7e,2021,18683,
b243a768-b11f-4e47-a79b-d81fd53e23bd,2021,18683,
e8c3e80b-cd4f-4b64-a730-accc02f71b6b,2021,40343,
9314611c-60f9-43b5-ae4e-03678688d271,2021,40343,
83899e9c-cce1-4354-b1a5-8b6afd7460ae,2021,50082,
b197aea4-4f52-4820-abc1-d0ade156a3c2,2021,50082,
11b70c18-99ea-4954-ae13-d27a91959ae3,2021,94762,
3303bfa1-0a3c-4c2c-9488-15c848d3aebd,2021,20009,
fd94f279-4649-4741-9eef-2f7bc549685e,2021,5000951,
31f52414-fadf-4d68-a96f-8f30deaea4bb,2021,1118057,
977ab735-55bd-4af0-ba72-68ca5cdc8953,2021,108660,
e90a9deb-716a-47da-b0bc-7109c19e9ad6,2021,108660,
78317e4e-b820-439a-a4d9-aecd31a4af0c,2021,108660,
23cb6404-7761-473f-968c-d637e5685876,2021,108660,
b991a24b-9722-4651-b366-eaa0d1722d82,2021,108660,
5f652762-1a89-493b-9569-6623e91d3c37,2021,108660,
deb4d8f1-5ade-4a96-b4a3-f8a73101ffaa,2021,108660,
c8ac4ad4-07b4-402a-a186-700e6579892e,2021,108660,
d5937d3c-03b1-4ddb-ae61-73cba3ef8bb3,2021,108660,
32a91dd8-c310-444f-87d0-b22d52c5318a,2021,108660,
410eb676-7112-4f9f-82f2-8bcd638444bc,2021,108660,
7521be1b-98cf-4558-a73a-cfde01ef3f75,2021,108660,
91ab464e-42c9-4a17-a3d3-af7d91dbf50d,2021,108660,
daa98e01-39ab-4d3c-8dea-d0a5c8a944c5,2021,108660,
713add1f-f562-43e4-829a-c8bcf8a74d7f,2021,54934,
921c112f-83d4-488e-8a39-f4b900480fa5,2021,54934,
4f2f4601-2b61-4778-9c11-85e13c069806,2021,54934,
5df17c33-88ae-4f51-be34-5f81a4da0192,2021,108660,
f4eb01bb-d93d-4138-bb59-40e7c8730cb4,2021,108660,
e73340fa-09a6-481a-b943-e39dcb6ddfb6,2021,108660,
4dd8b3b6-d0b3-4179-b9cf-97e5df018fe8,2021,108660,
8d3537f4-2959-4310-a713-a23bf18bae24,2021,108660,
e6d357b7-3c73-40a8-89b1-d14c7028762f,2021,108660,
e01f965b-ce68-49da-b09c-43625fa73810,2021,108660,
33dcb06e-77d8-45e8-a63a-98a5d155cb28,2021,108660,
ad2a424b-49d4-424c-97ed-e4138073fd77,2021,108660,
a9389c84-fed3-4e74-a489-e2b4c79f589f,2021,108660,
84bb958a-ac1c-42d2-853c-e91ed2e40111,2021,108660,
78405b16-99a5-40cf-9687-804f2475972a,2021,108660,
3d8e23b1-017a-45f7-94ec-324ca54b8892,2021,108660,
4555552c-6567-49fd-a7c8-e6243ad8d85d,2021,108660,
8fe3c7a1-d542-4a4c-97ed-e44d85971da5,2021,108660,
0c96fbca-88ee-4596-b76f-f843e90c78b0,2021,108660,
a68d0116-06d3-40a2-84ea-91476e1c6b3c,2021,108660,
379d5abb-a3a3-420c-bd67-dba0406fe51d,2021,108660,
7b3cbccd-567f-4bfc-8bda-81fe2e73db9d,2021,108660,
2265db89-ee52-4908-87d8-7336bd42a1d7,2021,108660,
c2996eb9-149e-44e2-9b2e-f41a1575325a,2021,108660,
8f67e5c9-9f9a-4509-8882-fe1183d599b5,2021,108660,
c49e83da-a664-4388-aff2-2196a95d40a6,2021,108660,
2c4ef7a4-1d63-478a-ac13-31182913fb41,2021,108660,
50871425-d893-4d91-bde8-08f4c8253c01,2021,108660,
f3c5cf2a-7da1-46eb-9559-78a3e920c929,2021,108660,
03df1a22-2d82-4a8f-a804-d4990a7ee7ab,2021,108660,
b92c5a67-6069-4c43-9d6b-01a723aee81d,2021,108660,
62a83dad-8842-441c-a63f-7fbc46ee7117,2021,108660,
2dfafe7b-e9c1-48c3-962b-8f2a3dbe3f5e,2021,108660,
1d1f87b8-7c6b-42a2-8e18-6178d0f339fa,2021,108660,
b2d3acb7-28ca-4f54-bcd5-3f44b5ce0ee2,2021,108660,
3d39f7fc-a7c8-4196-91f6-c7713d360e61,2021,108660,
5308a919-72ea-4084-8b51-ec450c2faa02,2021,108660,
7d04cdf8-5cbe-43cc-a6d7-dd261b9740b1,2021,108660,
6d6965e7-7788-4e48-ab0d-71420ad559f7,2021,108660,
9dfc199d-b72b-46c6-b6af-ef5bc1d85011,2021,108660,
a8b9f7e5-8380-49fd-8bf9-fe4c4bb596e3,2021,108660,
59eebb62-3dba-4e42-833b-925afe733a02,2021,108660,
e9dcacac-5bf2-4df8-a74f-6fd83e261fb2,2021,108660,
ca359e68-cd01-4a85-97a6-e7c806d2c414,2021,108660,
c036d897-7dc6-44b3-8e87-fc99295fe11d,2021,108660,
eb67e9b9-0dbd-4764-95da-ae2d87a6daab,2021,108660,
1ecd7f43-23b2-4699-a502-e37f45a90819,2021,108660,
08d0bfc7-65c7-4035-8a76-b4de63a12640,2021,108660,
6b5c9dda-f1d2-471e-9adc-ee781beda9e8,2021,108660,
19b34c1d-8731-45f5-83ce-7d85d41d0574,2021,108660,
a1be665e-150f-4893-a1fe-7ba8a8185638,2021,108660,
3ea63089-5dd5-499d-a449-bc10a2f0eed5,2021,108660,
3af2d86b-dfb9-40f9-87eb-b458cc3abcbe,2021,108660,
c213359c-87fe-4705-af97-50abc7c4b376,2021,108660,
e5a8acf6-4a36-4977-b423-e3387805528d,2021,108660,
ffbb370b-52ca-466b-84bc-aaaa0c92a630,2021,108660,
b23cd8be-acfc-4fbf-b3b8-4aae29bb64e7,2021,108660,
0bd27a9c-8c22-49ca-83db-ec949ed8a19c,2021,108660,
84746736-73aa-4da7-8532-8a28459a5909,2021,1117717,
ff98e86f-bb98-4c83-94b8-e1e497264cfa,2021,1117717,
b0735aac-752b-469b-af27-c7e743c70648,2021,1117717,
5da958ed-17fe-4369-bb8a-caacb7980204,2021,1117717,
e943cf4d-9613-4965-a16f-44675c793065,2021,1117717,
30705f2f-2b2f-4587-a321-934838e8d76b,2021,94762,
7d7f40a8-9828-4950-a23c-59206ab44911,2021,9425,
0a47997c-71ee-460a-a78f-266b6397d3e9,2021,91262,
4383706a-1553-4321-9703-dfb1449781aa,2021,91262,
e63e6c71-df93-4404-a30c-256e72cb5d01,2021,48675,
1c82aaad-84d7-4df1-b00f-fe524ec5f048,2021,48675,
21b18fdc-9cb5-4883-a3e7-aa813756b8fa,2021,968,
a09af263-8f3d-444d-98ae-438dbaa83c94,2021,968,
45e6f321-7261-440b-95b4-995194fcb076,2021,98764,
8ad0e27e-cc05-480c-8d07-0d50767d70d8,2021,98764,
3bc77acf-42be-47c8-ac05-4c72bb8a9f56,2021,98764,
124eb361-149b-4c71-8125-0e89778dedcb,2021,98764,
8c63f93e-fa5f-43f6-a302-21c396c7bfe6,2021,98764,
2dc384ec-f21c-4666-9284-1cc484c6c433,2021,98764,
beff79e0-1c9d-4c44-8c2e-fc40eb11a4ad,2021,98764,
aa5ef776-43e6-443c-8f3d-29c09f328d44,2021,98764,
3a91bdd3-03c8-44f1-a567-8afabaf4a59b,2021,98764,
b1d8d1b6-6e27-4cbf-b02e-356099717493,2021,62484,
a8368641-d1b4-4508-b1a3-f247049138d6,2021,62484,
faae3e5e-251b-48bd-8215-1884c76aa31d,2021,1118057,
f78071e9-173a-42e5-9394-e28f1e09b028,2021,48205,
db423a02-55a2-4e27-957a-ef7e41d7b52e,2021,48205,
