id,NU_ANO,CO_CURSO,QE_I09
ddd86012-18fd-4747-8a06-2cc051808302,2021,113455,A
7dbc206e-9710-4ff4-916b-6f1523ce4b84,2021,118994,A
9e00b5c2-5c6f-4fce-a057-089109259930,2021,48205,A
c40731c3-77b4-46eb-92bd-e3da75566e7f,2021,101942,A
c8d715ec-3859-4971-8ee3-b710144865c9,2021,47505,A
14756965-a918-4b35-afb9-1f192d9e7b73,2021,107422,A
e147ccf7-383a-4e4a-941b-b164d23267a5,2021,107920,A
1061864f-fc6c-4b84-88f8-f183d703c5e0,2021,1102628,A
68c11e27-9897-4111-90f7-783c33487e81,2021,48205,A
b4d1dd1c-6502-443c-9009-6388cbd86e50,2021,107920,A
02e717b0-a9dc-4925-bf76-bcf947c88bc0,2021,1203177,A
709560d2-7e42-4dbf-88da-15137bd57569,2021,1314243,A
d8ebeafe-f725-4edd-b618-78041a71da95,2021,1314243,A
0d3c24a4-6fd4-4fce-ae92-de64dadb0a1f,2021,19047,A
43dc938e-6e2f-4adb-bc8c-c5fb1fd56aae,2021,1190145,A
a1c35743-21c9-49df-b919-2f664cd903bf,2021,107360,A
e5ca12ad-1717-44e5-bb4d-a37112221fff,2021,1288839,A
8acfdcd6-d05d-473c-b18f-5eafe84c4029,2021,108660,A
c4578828-b3b4-44d2-a557-3c9afdbe9cca,2021,73140,A
f1341cf9-507e-42bf-abc1-73f630a756b8,2021,101942,A
d00ce4b2-834c-4268-ba8d-a92c8d926bdd,2021,118420,A
cd85b28c-daf3-47dc-bf69-5b0bb3e59ab5,2021,108660,A
7bd112d2-dd29-4b83-820b-6756179e03be,2021,106996,A
e4730ff0-5cff-4874-946d-af71050c8492,2021,108660,A
49c020de-8f62-4a62-a4d1-97c2e98d3884,2021,5000135,A
c66cabbc-44a5-4b8a-8d67-0eda7b75cbf7,2021,20030,A
eaa3bfa5-1a9b-44c6-bf8c-0b8fc373d121,2021,88084,A
0fb7e085-617a-4bf4-b1e2-253679ecc924,2021,37862,A
6b2ad5ea-ef73-47d7-9bb7-ec361cb65100,2021,95017,A
8be2d719-3ccb-4bc1-bf19-9b597bf520c7,2021,1181327,A
768b7709-4aef-48f5-a6bf-37270c2ed52f,2021,106996,A
c651f157-8e1c-4e76-a6cc-9820ccc2545d,2021,47069,A
61a9f53c-c89b-4d65-87be-fd31f3165d01,2021,106996,A
418a2729-c0e0-4917-8296-03a004b99ceb,2021,106996,A
05db8f2d-2100-4899-a148-9eb5122a4e08,2021,22047,A
7c04cabf-c4b2-43e1-8369-2776b0ca2247,2021,1181115,A
73ddb9de-1535-47c4-ae72-a57c3415360c,2021,1265453,A
16900bf9-ac21-4fca-9cd2-6a144f825aab,2021,107360,A
1d17f73d-32c7-4a4e-8e4f-86d99b7ad193,2021,1322390,A
77436086-723c-479e-871e-91d70604c062,2021,1270596,A
d689f113-cecc-41f3-b781-fe15ae01b495,2021,108660,A
8be6a6f9-235c-4f4b-a5f7-b9d61294926f,2021,106167,A
9680d9b8-8131-4152-b49c-4988b044cc4f,2021,95017,A
c69da57f-a57c-4aaa-b87a-d79432b232c6,2021,101942,A
3cbdb0b4-b009-43c5-88b9-0a702c02a7aa,2021,106167,A
05d9bf8b-bef0-460d-999c-8552b6a460d8,2021,50082,A
fe3df061-c42f-4cdd-9f79-44ebf9dfe725,2021,1190071,A
c77a8318-5996-498a-9d10-5b1311fa7029,2021,73140,A
3e41d541-bb29-41ba-b590-affe5676adf9,2021,37862,A
a882c867-14bc-46ec-af9f-a66bfd198989,2021,64664,A
45ea3edc-2434-45cd-b6aa-3184e25c5ad1,2021,107360,A
fd931c96-217b-4e5c-a185-adccdbaf13c9,2021,104360,A
8b315033-6191-4aa9-a8b9-c74ab16958dc,2021,107920,A
fdf620f5-d8ae-4c52-a29b-5b029c4c91ef,2021,97778,A
c6968ac3-92c3-4a90-8fd9-3e49d14569b3,2021,1288839,A
49543cf1-a5c4-4563-a279-4ebe681ccecf,2021,1300429,A
d480097e-22df-4bf7-854b-2275fa57afa9,2021,1376181,A
5e1f9320-3ecf-40dc-bf05-fda61fe4f70e,2021,55777,A
e0d7f72e-2f69-4c20-80b1-63183d3bbae4,2021,74737,A
43853cbd-9ef3-4dd9-bd49-28e55a87aa46,2021,1270596,A
c3b5e0bd-1f05-403d-aea2-2129477348bd,2021,1376131,A
d46e9c58-fa53-4c0a-b305-19419edd5136,2021,107360,A
8005b603-5f2d-4663-a463-014ba11a2c52,2021,106167,A
8bb1bf40-754d-4eb5-8105-7c30dd7c229b,2021,1376181,A
c2bb628d-b02f-4fc8-b74c-64d6fadbc3a0,2021,22047,A
2c3cc4ec-8c9f-44a7-b2dd-8a1c13f6240e,2021,104360,A
979e004a-e0ba-499c-886f-b049e76b5673,2021,101942,A
88a63d89-513a-40e9-a42d-230ccb1f9c29,2021,1269545,A
683f2934-23f3-4868-8e0b-3a91fec9ee27,2021,99820,A
bf10ebf4-b90e-4606-bb75-9ee980fa54e3,2021,112086,A
6a71dcba-cb1c-465d-9705-d2d318671d16,2021,21464,A
3b323831-3833-4780-b413-bdce0ba5401a,2021,1270596,A
02f02d91-db2c-4110-a120-ef1d63516019,2021,18671,A
088a34e1-62eb-43bf-8741-4cfa7fdd4a36,2021,73140,A
45d62d94-6d0b-4623-a842-cec3aac82c8b,2021,5000143,A
6465dbd3-621d-4c95-aa2f-7da1b67924b4,2021,1203177,A
62fa2dfa-dec0-4859-9ff4-ab5cf171467b,2021,1288839,A
b35de4e2-f878-4c9f-8cb8-504b0638025a,2021,107422,A
61491706-5ead-4230-9ef9-13dbbe0d8c68,2021,103062,A
aedd127d-c10e-4a39-865b-a8a5de00e910,2021,106167,A
4e1605a1-10cd-4b54-b5a6-675c1236a7d6,2021,95175,A
234e3c3c-0368-4301-b4dc-1278eb6ae046,2021,20030,A
4cb014c5-8229-4038-a6dd-231814076c13,2021,11452,A
18f579f6-95a5-487f-a982-e48123454cc6,2021,1204325,A
05661e6a-8b7b-4db8-8a7a-d50954155e98,2021,95175,A
5b1e7710-d4c3-408a-a8e1-9fa78e2a0248,2021,107360,A
c8b6e1e0-1620-44c4-8343-9e2e4b1f0548,2021,1269545,A
91c6ffbe-92b1-47b4-ae56-3ac6a51046ab,2021,95175,A
e153b9b7-2dbd-474e-8af0-1a5845268fbb,2021,95175,A
f3a02991-4e98-4b48-9be4-41d7e21af816,2021,22047,A
b412bfed-62b6-480d-b599-9363444825ff,2021,1318224,A
fce341f9-b663-4ec9-bf9a-92d13c894d3d,2021,1351760,A
4e7496f7-2164-4536-a05e-20851527b541,2021,107360,A
9f2aa9c3-c353-4af0-92ca-c8756a325ca4,2021,1379275,A
dc042c02-dc66-4011-9e8b-d98e798c2032,2021,18558,A
019b82bb-165a-4a02-bacd-b036042ce43d,2021,101830,A
1b322ee4-1a80-4f67-8931-661a031b8136,2021,98013,A
16657b21-4753-4f0c-a9b2-41e59866f0b7,2021,117532,A
e68d5277-de05-4996-b096-de0673fb867d,2021,118420,A
7d6dcfa6-61b3-4790-8dd4-f682a4573a30,2021,101942,A
74fab843-f31f-4688-9b8f-88735fe44b02,2021,95017,A
5ac70256-bb47-4ae4-8d67-744dcb7dd05f,2021,107360,A
c428bb3b-50f7-49a8-9343-7b524b536514,2021,1314243,A
c9448a8a-6a13-4083-96e5-298d37bfdfc8,2021,2209,A
e96d1b29-497b-41a9-b669-3ec035a0c945,2021,112086,A
6ae67022-be2e-4b77-a8a8-19a199865051,2021,20933,A
287ad451-450c-4b23-b532-aa23f87c0c26,2021,1315444,A
1453f8b6-9c98-4dca-b02a-d110da8a5084,2021,114616,A
45620cad-ed7b-47ce-a447-e85596a626d2,2021,1314243,A
360c6c17-43f0-441a-83bb-e20ec8fcdaa4,2021,107422,A
636010b2-77c2-4869-bc32-fad1c4fc0595,2021,87396,A
a1229b0c-a4bd-4318-aea4-47223fb9ff29,2021,18671,A
80996c6a-0f3b-4ea1-b7d2-5e8d9ad988ec,2021,17898,A
8cc7ac64-b4b5-477f-9e7b-cd5cea3c1b6c,2021,95017,A
e057f699-c057-4f31-9050-a0416af6c8c0,2021,13595,A
c30b3b29-90e2-48d5-8dca-9523a66cd7d1,2021,106167,A
e5c22834-0556-49f0-83e1-1c9054b47191,2021,56172,A
c6147681-02fa-4313-b9a3-1e337b5b22d0,2021,112086,A
d1b49a0d-e745-463a-b975-5e98f8726f8f,2021,1190071,A
aabb3ef2-f50c-43cd-95f4-6bbce5c827e0,2021,101942,A
479257de-d82a-4280-886a-d016d1404e41,2021,118420,A
88f9fc2a-d05d-43f4-bcdb-4539b3e46df4,2021,87396,A
b68f9f7c-5833-431d-a49f-604161a0eb2a,2021,43664,A
84c959a1-e894-45f3-af5c-93e46da6fc7c,2021,62484,A
4513f1f2-d733-416f-b71f-0bb9bc3f78d3,2021,1351760,A
b1f5c5bd-0178-435a-b253-bf7de811cc2e,2021,20239,A
2dbd40a1-eede-4088-b87b-01fbef0c7136,2021,117022,A
86b39b5a-db8b-4491-9c23-8a8db463b170,2021,73140,A
18fed2ad-1dd5-4964-937f-33be83bcd8c6,2021,118468,A
209607a8-5636-4185-a8e6-23dded4f33bf,2021,101942,A
fb66496b-f530-48fa-90b3-e2b4a1a41cac,2021,116770,A
51db6212-7ef2-4411-b519-9a33e1947f86,2021,13401,A
ec1c1d6f-2f89-4346-804a-ba5864a60421,2021,1300429,A
9df1f081-eda3-483b-8360-273451f42345,2021,20239,A
bbfdbf27-cc5f-425a-af4e-2a0915d7f37b,2021,102590,A
7406895e-929e-4189-8f70-097a066242b2,2021,104360,A
e7509649-a513-42d7-9847-ea466f77f0dc,2021,13277,A
a918fbfa-1ef2-4b56-a8ae-5de3af29895c,2021,101942,A
0c650f99-6738-415d-9dd1-07b86669a6cb,2021,118468,A
0f83e7cb-479b-4f8f-a09b-46686bca615c,2021,107360,A
b17a8dfe-af52-4bd8-a9b1-2c2ea98b5e7f,2021,112086,A
49d59b97-619b-42d3-881b-351748ccbaad,2021,94762,A
d8c74932-d9f4-41cf-9516-6decea076f34,2021,317,A
bd916d39-f854-4212-8b34-cca25dc6a659,2021,18559,A
875eb546-eb44-4754-8663-55eb90ba2b4a,2021,19042,A
4edea034-08d5-456d-9bb4-34719a6591e2,2021,106996,A
5fa6c9fd-1585-4b76-bbc3-d2f67351d022,2021,99820,A
e87f5b6a-a8c7-4130-9500-6058405bccd2,2021,11452,A
394aea4a-ef27-4fa6-9c73-971fafaf5913,2021,13401,A
3115debe-6f30-4022-888c-0f3e07eb3150,2021,101942,A
40a845c3-ebf3-4c6a-88f6-fdac97c15c55,2021,13595,A
cc5da8b5-bbcb-4c57-be1b-b7db69498e3e,2021,95175,A
baa84614-88fb-40b9-aacb-0689a4974bd7,2021,97778,A
fdfd74d6-0197-448c-8f81-4d8f79f23018,2021,106167,A
ea6d364f-0bb0-42e0-b6c8-713f715703df,2021,1385488,A
e840b4ea-82b5-4064-b25e-e3892e1a5e62,2021,1118057,A
f3d3ad65-94bc-4968-bd6a-60568e3f245d,2021,95175,A
a9499423-d975-4d33-96b4-9b7dd076aeff,2021,62484,A
c530a12b-87df-48a6-a240-ecab2f1aa97f,2021,1136142,A
bbcc27e9-1641-4431-bd42-f8a5ecf6fc01,2021,18584,A
b6988332-5624-4d55-a0de-5ce3d5069430,2021,102590,A
55403051-02f9-4a4d-8fd0-acb83aad4d59,2021,1113582,A
5efe9254-9406-489c-aeb9-d8c4606999b2,2021,513,A
111df1b9-79e7-4a1e-94b0-895326455152,2021,1113582,A
24a4503f-e4d4-4632-b27d-a8c436f43a38,2021,1113582,A
d47fd073-e89d-4b3d-89f1-79933ea46bf7,2021,1113582,A
5b1ca420-a0ed-4ab7-b6a6-af766e7f9ad8,2021,1113582,A
2439fbaf-a68c-4d60-964f-4e54e19524be,2021,86318,A
002aad81-ed08-48fe-9220-6b5e1215ca82,2021,86318,A
ef613aa1-f985-4a5d-ab6a-d1d4822b364d,2021,98305,A
7913c8e3-dd36-4416-b91f-a1cd5e14543b,2021,13401,A
9d5d252b-adf9-4868-b2ae-25050afd7362,2021,73898,A
326ad535-c320-45b7-94c1-a683f160a912,2021,1351760,A
b6451a51-3032-413c-b643-6355d6f1b210,2021,107360,A
09298aa2-3329-4f62-a69d-9f28d332d45c,2021,1265453,A
902890c3-a052-49b2-bf44-202326135e93,2021,1180773,A
b6929439-d5ad-4f89-adcc-8b056b807b78,2021,1180773,A
624754b3-414f-4507-aa4f-ef5be31d3026,2021,1180773,A
78ac7cd3-6426-490d-b325-f9b4184aaf3e,2021,1180773,A
5079845a-5358-44fd-960d-26dcbc2c92d3,2021,1180773,A
9a27ce85-2dee-4da8-adb1-403acaa7a0e5,2021,1180773,A
53de1d22-deb6-4153-a13f-1313527bcd67,2021,1180773,A
d7688980-8a55-425d-89c0-6b275b319733,2021,1180773,A
62998854-759a-4cf9-a31f-9abfc5297fc8,2021,1180773,A
6d361911-82b9-418f-b5dd-70f54b08f6d9,2021,1180773,A
712aa962-aee7-4b8d-a562-885624160194,2021,73898,A
9720e5ec-1d5e-471f-997a-da883f2fe5e6,2021,1288839,A
42e9bfc1-4aa4-408f-ac7e-46c979a4f167,2021,1270680,A
47a5a7ed-7292-4172-af10-4cb4ac0d1084,2021,12025,A
bc395f43-ac67-42b9-a2c0-6920c6456753,2021,18250,A
9ceb35c3-7f49-4d4f-8a65-d64087ffd1e9,2021,18250,A
051acfe8-1439-4938-9302-751c0a1c94aa,2021,1427745,A
7475da6e-456c-4f81-a5b5-3ca742f423bd,2021,117532,A
3981c445-813c-4859-84c7-595f4a006969,2021,98665,A
e437399b-5728-49f2-b17b-b218cdfcf37e,2021,58808,A
62f68617-363f-4182-9594-4c76ad84ff89,2021,95175,A
b11842ed-bf3a-4b2d-b7f2-58054b96fb5b,2021,1101244,A
3dfa6d47-a86d-4171-8acc-c73e9884cb82,2021,60886,A
df9815d3-4616-4723-b686-15e3a9f98e6b,2021,1270680,A
8f430ffa-94b9-4f84-8a60-f1d75d6b7279,2021,1181115,A
a1721592-2945-4cd0-baaa-6d1511459665,2021,1042278,A
4e4dba8d-6cf3-454a-92fd-56d6c6befa4c,2021,90030,A
d98a6923-f9e0-4a15-9d12-bbc00d5cab46,2021,13595,A
a7be4354-a1d9-4df0-b811-e880c6bc5910,2021,108660,A
daafb07b-3c59-49be-8d46-f1b044c2c679,2021,108660,A
6d0ce793-3913-4bec-b8c9-e56154a00a47,2021,114616,B
b02add72-868f-4700-843e-497c55557542,2021,88068,B
af897fa4-ae9b-4ee8-8e10-12b9df28d9fd,2021,1322390,B
d24e0bcc-425d-4ee3-9a5c-ddcaa24b0182,2021,1306689,B
1f5ab01d-b4c3-46eb-9297-9a34d18e31be,2021,1306689,B
cdd8b89f-1497-4ba7-b53a-2583603b5167,2021,13401,B
4990a2d4-4f32-47cf-91bd-beb4410824ed,2021,1314243,B
b1ba46af-3e7f-427a-bba9-7c3e2f2826db,2021,43664,B
48e53138-83a9-491e-bf46-0b63caecdf9a,2021,101942,B
adfc95d3-d694-4eb3-8b7c-4c0de8d15441,2021,43664,B
d525800e-efd1-4e65-9cfb-93a590c3c0f2,2021,41238,B
f74cab82-59ff-44f0-a84b-fcd12ac1e510,2021,48205,B
01a73ab4-b8cf-4ed8-a353-2f887efd5778,2021,94762,B
6b8ffd1b-b618-4aec-b2de-90f467b55651,2021,9414,B
e1862bab-1ac5-4046-9ee5-f85aee7375f6,2021,1322390,B
3eab1e45-fdc1-4050-b75b-c06e762fba13,2021,1187671,B
8d0a752d-49b1-4b11-be5d-3256e2a484b3,2021,1265453,B
e4bf46ae-56b1-40f7-81ac-9cd4c0514d21,2021,1181115,B
aede6587-9bd0-4144-a41e-a11b86c4b805,2021,1136142,B
b7d74252-6c1b-4c0d-91aa-ef8dc88b8ad5,2021,1322390,B
ccf47003-b208-4da0-9ad1-774936220089,2021,18671,B
0765ef4c-05a6-47a0-84b8-de359ed7bce1,2021,118994,B
782fdd0e-be48-49ef-b65a-b60a938f6f20,2021,98764,B
91ed0002-b0c7-4f03-8c37-8445ce9addab,2021,48205,B
7e41420e-4130-43b8-a164-02028cb85fc7,2021,49071,B
e5b73a23-ec25-4a7f-90c8-f815a1e64ca2,2021,98764,B
175b3700-d0a6-4a8a-8971-82f875e68597,2021,1108692,B
bbcd0b06-4f51-4fdb-af8e-5917079c5b6e,2021,97443,B
e0aedf12-5ae6-4e3d-b01b-5273020ff848,2021,43664,B
6d8e0386-174e-4195-bd63-137e5e77d63d,2021,43664,B
4361286f-fc8e-40b5-bc77-05a130e4e0ed,2021,98764,B
bf328998-e660-444f-835a-ecf7c4f9910a,2021,18584,B
9b2081b3-7012-4f92-838f-cca37f061101,2021,1190145,B
8610d82a-7b12-4396-8968-8062cad9a489,2021,19047,B
865fa7e9-5132-4c06-bc50-d6f926c9a73f,2021,43664,B
7280c92f-079b-482a-8388-23708e1fab2d,2021,1117717,B
8f36a254-2eda-4305-91da-94744deffc77,2021,108660,B
72f16956-26dc-4fd4-8f0b-c5a24d427f45,2021,37862,B
579713d1-cd3c-4fa7-89f5-0139fa40ec83,2021,98957,B
3e9ed8d0-312f-4c45-b882-046effb9a4a2,2021,37862,B
be655088-5ad5-41b7-b5a3-ec9058d77bbf,2021,112086,B
8554620e-616e-4906-9500-c7fcfa3b106e,2021,106996,B
041372e3-f5f0-4f10-bab9-35704a6d0716,2021,968,B
9d4c3b7c-a97b-4c42-b698-240c9674d477,2021,1351760,B
1e1404b3-6f72-4fdb-bdf6-abf84652715d,2021,1427745,B
ee6f10fa-6f8a-4204-9341-f22d7593dd84,2021,106996,B
8a86e8a9-3860-441d-8fc2-e6602d89b639,2021,101942,B
fbeb31a3-e444-465a-9c38-cfe2119328a0,2021,11730,B
c283a994-24fe-4b7d-93eb-9a0e2ce76c24,2021,48205,B
6b9a1eb1-454b-4935-8e4e-4a289ca59c73,2021,106996,B
28b7b990-5462-4696-b956-2688a73f428b,2021,1203177,B
51064e48-05a2-49df-aeb3-abc34c4a85e7,2021,1258063,B
6c5f851e-58d7-4489-a6f1-9120cff600aa,2021,106996,B
ad4a28bd-b9a2-4cc7-b812-c833c954940b,2021,98665,B
61e12cf5-277d-4db7-b60b-fc4a320c77fd,2021,43664,B
5a015bfe-003e-4ae5-88ba-de6e756f85e2,2021,43664,B
af9f413b-aeef-41c6-88dd-a3ad4cab83c5,2021,98665,B
cfde90f2-d25f-46e7-9da4-d45e5c05e588,2021,37862,B
46a335b5-238f-4d40-a87b-be0512bfe624,2021,95175,B
706fe93e-8b54-4489-bde5-71cfdda51cea,2021,97778,B
121aae7e-4efd-459c-a04e-17fde4d805d9,2021,107920,B
98b18822-6d7b-4956-8784-0ad464acbdf2,2021,106996,B
c169c67f-d7dc-4561-abff-95f2478e4f28,2021,1322390,B
3b5cb2b0-fdf9-4be3-9710-6cc566320492,2021,1117717,B
d0774d2b-ada4-4548-9ddd-05bdb174ed23,2021,18584,B
0ecce343-73af-46ed-8276-d44827949232,2021,1070485,B
cccef501-6600-48b3-ad47-bb8892651c3b,2021,48205,B
420bc0f1-3b3a-4173-a742-16174bf81484,2021,1204325,B
6624c0b4-e0b5-4413-bd0d-40bddc04a298,2021,1103723,B
a0fa092a-0415-44df-90df-ab987e629236,2021,1265453,B
382641c1-97fb-4c08-8060-138a9e0eec05,2021,95175,B
22e1784a-1ac7-4f12-8676-78ee8cbee77b,2021,13980,B
abd6f5a0-a0c0-4959-b954-eef1d6b37f9c,2021,18558,B
6566b222-404e-44e1-b52e-017e05b0dff8,2021,2209,B
925bccd1-2cfb-47b6-bd3d-25154821c4dd,2021,1322390,B
a84d49f1-3603-4785-96de-6eb4cd3c2655,2021,67092,B
34843d5f-2a26-478b-a490-90fe1ba8194d,2021,43664,B
dbad3ccc-45c3-41f9-a5b6-ba56b7e32379,2021,37862,B
64d6faab-e027-41cf-9d60-cc5aabf5e6ae,2021,11452,B
8fa580f3-773a-4fcf-9b42-fde9993c14f6,2021,1136142,B
4aa3384b-2cee-4b1a-b982-137553e8f7d6,2021,1181115,B
33d9cccb-5694-4c53-9272-1555378f7fc1,2021,9425,B
9058c345-b5d9-4f9c-b8bd-265fb30209fd,2021,1314243,B
e6303e30-bdda-4e86-b52d-21d8ec698b1e,2021,43664,B
ee20d2a5-82c7-4bf7-a32a-f9fa8ce336db,2021,1322390,B
b031f0f4-fbf6-4da8-aeeb-0f23efd274b4,2021,18584,B
2aac875d-8fa8-4394-a87c-f2fa7c526c5b,2021,18584,B
29488867-b8de-4b0a-b927-99a961886c88,2021,1190071,B
df337434-f33f-4916-8714-cdee0b3ae07d,2021,1102628,B
808cb3f3-d93a-4e26-97c4-6fd096e697ca,2021,317,B
f5020faa-e5df-403c-8eee-f9e75ab1a5a4,2021,19047,B
154d1368-d5cc-4c87-a1e6-640bef42b652,2021,106996,B
fda2bef4-e31d-4499-a61f-e7bc67a6ce9f,2021,1322390,B
5899da04-4eb5-470e-8bb6-02d216a7bd7f,2021,49071,B
b7575692-f436-4bd9-8d28-1c9a496831c5,2021,94762,B
3a796d61-eacd-4ff1-8cc3-51314244297a,2021,88084,B
453d12ef-c818-4017-9437-8c5d244f11c8,2021,1288839,B
fc46401a-bf5b-4660-b98c-6266511202ec,2021,1314243,B
049003fc-e173-4645-92b2-8e4c7c94ed3a,2021,13595,B
502446c4-f70d-4eea-ae49-fc9ca7bcb911,2021,13595,B
b07a8f45-2ce0-410b-962a-988a2cb46adf,2021,9425,B
3cd71370-2d71-49b0-a83b-a807d7400285,2021,18558,B
501bf494-a8da-4b3f-9af3-beefd71e82bc,2021,112086,B
ea4e53dc-2785-4b38-9125-cefa5874834b,2021,88084,B
5c68a318-0006-4cd1-be80-c575babfa03f,2021,1306689,B
0d613792-c987-4004-9bbe-2d9e18ecf4c2,2021,53333,B
50b9670c-4370-4df7-862e-3fe99fcbd98f,2021,104360,B
314e21a9-3b44-4b7c-bd4e-fe407bc220ef,2021,94762,B
419fb4ca-bc9d-4dac-8420-5f38bfeb8891,2021,22047,B
6ce9c4e6-b91b-455b-b1d6-73c9deb693ba,2021,107920,B
c90025dc-0126-497b-882d-e02e51ce5a7a,2021,98305,B
e674f899-b6a9-4e7a-9886-4fef82cffc90,2021,1306689,B
f9ef1975-e414-4943-9f3a-f26efab93503,2021,101942,B
7c3bb4a7-ec6b-431b-8d98-e40e7533fc1f,2021,20030,B
496e3d05-5be3-4458-a0fc-c38c29482155,2021,1117717,B
f3b4a6e2-eaf7-44ec-a8a7-c85e8cb26551,2021,101942,B
2ce2fae1-d157-4d59-b45b-d483da1b75c1,2021,11730,B
72c8f8ad-0fec-4ca9-ba6d-c0cafba8bec6,2021,1070485,B
a8fc9f81-4664-49bb-be4c-a9603eed4d0d,2021,106996,B
af2e5dd1-352d-4bf7-9033-5007b35e823a,2021,1322390,B
3be76962-89ad-4257-acab-6f525c3d3589,2021,67601,B
1c0e0e91-6419-4688-8d16-c0dfabb9ebd8,2021,88084,B
b2e33574-fffe-4076-98bf-0f8249ad5ee8,2021,95175,B
adbcf507-8290-42e5-ab1c-7f79009f5cd2,2021,98764,B
acc783db-2667-4ccb-9da9-2e1e1c2ec661,2021,968,B
42242573-005d-4c49-b38e-e78a4a7335b9,2021,1427745,B
9d452149-5727-48a3-b0b3-7735ea1fb119,2021,101942,B
9112991c-0fd6-4656-8032-9e6a4e56ab98,2021,13277,B
453ad17c-8a6c-43d9-bc72-b71807d65e7f,2021,106996,B
5686c8c8-adc1-4795-bd3d-af3e1a5dd44a,2021,1322390,B
45f840d3-27ac-423a-a097-bf1ab75d65af,2021,1269545,B
667f89a1-c2ca-47ea-b217-638f1f8b0cde,2021,1376181,B
51aaabb4-a920-4a00-9ad1-d70ee2bddb0a,2021,11730,B
a1b30c02-dee4-431a-9a20-b346d0985c2f,2021,18671,B
6b08fecc-8f6d-4bba-9c88-249bbadd1925,2021,43664,B
b12616d5-a331-4eac-b66f-ca8d7fb19da8,2021,1322390,B
b88ad15e-3eef-4ef6-997a-b06498317ac4,2021,58808,B
046a9024-d558-4171-a8d6-221d08671c43,2021,88084,B
51379195-0bd0-4d5d-83ba-fedc3a0142fb,2021,1288839,B
ce73db0a-9999-4586-9962-7f8b3a957dd7,2021,101942,B
f53f2e80-2e91-4104-99b4-e49bacf4378a,2021,1427745,B
8780b81e-75e4-4246-911a-ab53a5e5720a,2021,317,B
53c18c25-4022-4f70-80eb-a3c7385f20de,2021,1270596,B
d84c07b6-db40-4d91-bd72-889eec31c5ae,2021,107920,B
c319da5d-e47f-4d42-833b-9cbdc1c69b7a,2021,5000135,B
e5e59e09-b3da-43ca-8567-5ffb45c74da5,2021,88084,B
8f81fe51-09f0-4798-8cf8-12a30b74d88e,2021,101942,B
e0eba49e-00be-45b9-8be6-edef0191e6d1,2021,5000143,B
b6e60bba-11c1-45aa-aa25-3c0ce9ebe9db,2021,88084,B
b811ca1f-9dee-4ca2-87ba-0cf4757c2b77,2021,5000143,B
87809fa1-490e-4e2a-83f2-9a14424584b6,2021,41238,B
3471f66b-9811-477d-aa43-b78b3484bc32,2021,37862,B
5143a142-ee20-499b-9d9c-adf3a9a86124,2021,112086,B
93dec587-db2e-496d-9a0b-d1577783b4bc,2021,112086,B
3e5ee3b5-dfd5-4a8c-bcac-49b34fc26ed6,2021,106996,B
4cd683db-023d-4c1d-8623-83d9e61fcf7a,2021,9425,B
eb185cc1-4640-4eb4-b6ea-8317b96beeef,2021,1376181,B
edcea520-71bc-4aa5-b9bb-c6537a3e70ac,2021,94762,B
dcaf780d-7aeb-4e64-b6bd-cc2d635d7222,2021,107422,B
ac9d5742-e769-4d55-8427-a0bd16b051af,2021,48205,B
6051b8d6-c40a-477c-85b1-6ed6768a0008,2021,98305,B
5976d0c5-d6db-4562-9cb2-7f431caba827,2021,37862,B
f367b980-2fe6-40f1-be6a-1a28bbbfdd9b,2021,106996,B
89548da2-0315-4d13-bd42-5d129deedb12,2021,1190145,B
bab79aeb-342d-4818-a91c-499936a54884,2021,20030,B
9fabef22-3281-4560-8883-e6a2cd750514,2021,117532,B
6a0d665f-ce69-4b2f-8e0d-16a1845108e7,2021,95175,B
a9cef63e-82a7-4db6-902a-33618cd3b5cc,2021,37862,B
baf08286-d316-4268-ba4e-7ce862392022,2021,9414,B
e1d412dc-bb37-4823-9600-1a972b62fdec,2021,1181115,B
8f4a851e-b591-4fc2-96bc-d27e8b28afbf,2021,103062,B
5e2cef5d-1fa1-4c7a-87f0-09ed3265c84b,2021,1190071,B
9aee803c-d447-4cba-b661-6344d2a929a6,2021,37862,B
6a66cd58-ef2f-4189-b21a-4044ecfd1e39,2021,1299927,B
e3e176f9-0594-4dd4-8c3e-dafaa99c4348,2021,1322390,B
bbcf9c71-a64c-47d3-8b74-67baa140adc8,2021,968,B
9f305174-a535-4320-b057-7ac21846593e,2021,1136142,B
3512b7f2-df6d-4d8f-98e2-e1168645af1d,2021,116770,B
8ab23f65-84d5-4396-862f-c825830b55ed,2021,107360,B
4664f1a8-f326-4874-abcf-8368b2e06e3a,2021,13401,B
c7ffe66a-10bf-4bf9-b481-15569c85eba9,2021,101942,B
2e4b4dec-0111-4c9a-afb6-fe91e4cb2df8,2021,98305,B
d706b5fe-4b1f-44c8-ab47-e97acb4d680e,2021,43664,B
96df095a-82f1-47bf-a404-334ddc8f217b,2021,1314243,B
79f03e8e-2f29-4b9d-ac44-3d59f5b66ec0,2021,22047,B
3fb03827-8c0d-45de-92de-ced01e6b90e9,2021,20030,B
ed3b8db7-1cbb-44c1-b3e5-ef52373e83cd,2021,95175,B
0f154ede-c104-41b6-b9ef-2e2ed93a7cc0,2021,1190071,B
aedf05f0-a6a6-4578-bb8a-12cd5f543889,2021,1322665,B
85758903-31af-4730-b92c-8033efe60e62,2021,1322665,B
21810702-b968-4b05-b26f-8ea572e3aed3,2021,57606,B
53207d5d-9a25-4192-9e58-b9f9315fc081,2021,118994,B
2cbd12c1-358b-4638-bb82-06d0cde4d196,2021,95017,B
5019a985-7842-45cb-9041-c2890a8c18b3,2021,43664,B
8d35f078-5a37-4fda-bd4a-7e3855079205,2021,11452,B
3772bddd-f3f1-40e5-81c1-bbcd53b081bc,2021,73140,B
6d2a3857-e2dd-45b8-8684-55e06c7ed5ae,2021,1427745,B
8e49bb7e-2e8b-477e-b70b-c46c91ca6a42,2021,5000143,B
a5bcde5a-4809-4de0-bc3a-8d5291c74761,2021,97443,B
adae36a4-8a38-44f0-979c-4d1f777c4184,2021,106996,B
402adb83-84e0-439c-9578-3b698d13a49d,2021,1306689,B
c0026cdc-d90b-4bb5-87b5-9331bd2e42f5,2021,108660,B
4a2655ec-c20e-4ceb-bbf1-7ef8904501d3,2021,88084,B
1b149508-f80c-40e0-a431-8f00bb052901,2021,1070485,B
32ab0d56-ca55-4c3b-a7c0-7b439396d84c,2021,48205,B
a07eb3f9-9a26-4086-ab14-24c6333ffdd4,2021,117532,B
aa7cba79-1fa9-45d2-92ab-66b60ffa475e,2021,86326,B
feb111eb-c653-4571-88ab-3984d29aaffa,2021,113455,B
41310224-ed14-4646-9a3b-e5c7de9c8d36,2021,48205,B
5c9ddb61-62ae-42f7-8cf4-7061bf2bf6c8,2021,1306689,B
ec945a88-3631-47c1-aeed-84f24efd7ccb,2021,1265453,B
16737f3b-01da-4ae2-8c0f-2a3dd75bf552,2021,108660,B
e65520c2-8ab6-49e3-9633-c48e0259200e,2021,107422,B
c60f12f2-d94f-4596-a3b8-ad17b3156052,2021,1322390,B
bbabf0c8-cdb7-49b0-8410-11f9e411dc7d,2021,1270596,B
1dbc1fb3-3f2a-4f36-93f1-a557404e654a,2021,1070485,B
8ed12f80-c380-4861-a38e-8a962a5f844f,2021,1315444,B
9b2055a1-20e1-44d8-aed2-fbb173508f72,2021,1322390,B
83c326c5-a65f-4dd0-a906-9d10ca549085,2021,968,B
5f8d1928-6337-405a-9134-9ae0021e73b7,2021,106996,B
b0e355e3-18fd-45ae-a91f-6749f14bfefa,2021,1118057,B
a66bfc94-ba75-46c9-8f35-0e87169316a3,2021,74737,B
1fc5fab6-376a-49c1-a96b-f15dca6e89ce,2021,20030,B
c568d81c-ecee-4ea3-bf7d-ffbde799a975,2021,106996,B
6dc5dfae-8aca-46d6-b1dc-3664c835aa2c,2021,1300284,B
311281d1-f7cb-4e61-a516-b8cfb16edcaa,2021,48205,B
c4cda37f-b2ec-4e42-8805-7c9a86412d43,2021,1190071,B
dfe6eace-5339-4380-8444-3fec0ae6011f,2021,101942,B
d521bbc0-6b43-48fd-8492-de779cd9e248,2021,37862,B
09b8e8ea-813d-429b-a218-9a684bb10112,2021,41238,B
95cdd8cb-685c-412d-8dd3-d9380385b67d,2021,1047907,B
deb6342f-f533-4e07-abc7-1feee10c495f,2021,1376181,B
22b35a55-d92e-48cf-8ef5-3e31fdaf320e,2021,98665,B
990969e4-9cd3-4907-90b4-f141ed6c033b,2021,87396,B
bea1d2d3-3bd4-4ddc-ae06-3eb616249e16,2021,1190071,B
20934eb6-7c6b-4818-af66-04cd743c731c,2021,1101244,B
41f30aa9-b6ec-4912-8bc0-3f7464790197,2021,107920,B
06d56110-963d-4261-b925-c4b65febf8d4,2021,18584,B
9a5ff54b-8de2-4967-bfce-196249f1986c,2021,98665,B
bbdfe317-cfc9-4ea2-bc44-8c696652549a,2021,55402,B
dec28cb3-1aa0-4c64-8823-fe95d9c39771,2021,968,B
70c58462-71ea-4a97-8b06-6a653ecec744,2021,98595,B
6f60ca9c-12ce-4f54-894f-891cac9efca9,2021,98764,B
9a5a9c4c-3229-4b52-837f-da4bb847b6b8,2021,114616,B
c7e8b970-0db6-40b1-9441-a9650f1793f1,2021,1330347,B
eaaad0da-1fbb-4067-b234-3847c2087b21,2021,1322665,B
e532f42f-6ac3-4072-b7ca-f21a02b97a5c,2021,1270596,B
cf66d604-6676-4137-aadc-9102545c123d,2021,18683,B
23aab961-04fb-492d-a3fe-e3e09d56fd5c,2021,20030,B
9dc40fd4-f9c9-4da8-9762-ebbb6e3b6d85,2021,98305,B
850b7e20-4d3e-41bd-90a5-49f02480bbe6,2021,13401,B
c5e517e2-8798-41d1-8e5d-b713f1094965,2021,48205,B
49b31693-d326-4c9b-b510-f05615278a07,2021,1203177,B
ee3443f5-38d9-410f-bb36-3a771f22e889,2021,101942,B
4a5a2fd0-4594-43ca-9071-54b04d66f86b,2021,968,B
fe53d63d-9329-4f43-a910-1c39cd8d7778,2021,98957,B
cdc93b67-d2ac-4511-b295-75682df55689,2021,98305,B
493b659a-8c7a-4605-b031-677d5e49b5ae,2021,107360,B
4e4b5ce3-0769-4da3-81b3-030f781f21b3,2021,97778,B
ac041965-19eb-4548-83b5-5dcc740811bd,2021,1283028,B
85db5996-4ba4-42fb-8584-fd4500339266,2021,1047907,B
f7321d4f-abf8-4eeb-b809-7664da8f14be,2021,18558,B
334ea01c-5b9d-4569-840e-a1f747e5c3ba,2021,18559,B
c9407ad2-088b-44c3-b656-fe025ea5bd22,2021,22047,B
adc5ce2e-5cd4-47d1-a1f6-d25462019d66,2021,55402,B
7dccb635-49fa-4757-8e11-b46c3b9a531f,2021,67092,B
4e8183b4-781e-413a-b759-d5a8d52cdf9a,2021,1322390,B
54e27363-68ba-4cca-b4b7-4ac5072bd6c9,2021,106167,B
b58bc37c-6c1e-46fd-81f1-73dc1377f8e0,2021,968,B
e3474aab-6850-49a6-853d-5b0a65132cc1,2021,18267,B
27122b39-ffaa-498f-a4d7-b8cc60e29fe0,2021,102590,B
49491a1f-b98e-4b32-821c-0ca77840af10,2021,94762,B
82eb0691-d320-4f1d-922e-9627672f9391,2021,88084,B
4c12626b-8ab9-4d47-95dc-d2c29ef80c36,2021,113455,B
13a09eae-82d8-475c-9104-9ffdafeb6641,2021,9414,B
6adcb438-a16e-46b5-a7f7-f93aed839ca4,2021,1318224,B
96482b4d-2f74-48e9-8cc6-43f4e7441aec,2021,106167,B
efb1e4eb-dada-4bf1-9210-0c586b441979,2021,104360,B
6b0335c9-94cc-4940-aa9b-4b9ec178e7bf,2021,1322665,B
1cc59caa-1c99-4ebf-96b6-aa02e0d4f0f8,2021,88084,B
7ed7be8d-67dc-4e59-a5dd-4ca06b67de50,2021,103062,B
f2aaded5-51e1-4fc6-a2e4-96d198355427,2021,67092,B
d9e22cbd-76cf-4e9a-8b14-b72f23c61979,2021,11452,B
fb284e70-211f-42ad-a6d8-eb31a6f3ed71,2021,18559,B
68b826d1-f415-4260-a399-8c4965a0870c,2021,1181115,B
43baf6ed-5cc1-4a13-9b03-ca4744c39295,2021,19042,B
cb160af9-d568-494f-85f9-cd5dc9f452e6,2021,1427745,B
cd05113b-0c9e-4762-b1a7-0ffb97ff1a73,2021,1166783,B
80d71f8c-d41c-4285-8487-96d72e7e9813,2021,98764,B
0b016f94-db4d-412a-be8f-8d701e176663,2021,118468,B
14d8983e-a9ba-4f47-99e2-5d499dc9ff8d,2021,968,B
e2247a5b-4019-44d1-9206-8683fb950d37,2021,20933,B
9e2f24f6-830a-4db8-860b-334d31905273,2021,5000143,B
a66ae7f6-5ee0-41d6-a7ab-412d9a12dbf8,2021,318882,B
822a823e-682c-4ab6-807c-818d8f16bc92,2021,83388,B
842a66c9-75f3-45b4-b818-5cf7a54acd44,2021,37862,B
1a3f900c-6f25-416b-a34b-ff423f9b9bad,2021,1403879,B
134ac2a4-1203-4592-a296-1aa396d36a6c,2021,101942,B
cffd04bc-e03a-4e6b-8751-40f1eeb8b194,2021,1265453,B
877dc9da-91f4-4c9b-9aaa-e19f469fe495,2021,1136142,B
c86df40d-c058-482d-a3ba-57532bcf1254,2021,1322390,B
ac8e45b0-8ae7-4898-9bdb-05c4f0109c54,2021,101830,B
263605d8-41b5-4814-9227-0923d3952002,2021,20030,B
51079a21-0a45-44b8-8e36-c41f2aead58c,2021,13980,B
14fcaaf5-9c71-4833-a8c1-49209bf2c65a,2021,55402,B
1a0f0427-6a12-42af-8e70-ffc987778150,2021,108660,B
af1effe8-5da5-41fd-9566-e70fe4c958c2,2021,101830,B
21992935-b5f5-41a4-9e2b-3dd6a029d9ec,2021,1385942,B
df5d6022-27eb-494f-af27-092aea2e94f3,2021,106996,B
27060121-5fab-4a77-85af-c8e2e4167324,2021,106996,B
476962d7-cdd0-4195-b079-fb9200b0f3b2,2021,18584,B
805a9bea-0396-4312-9d9b-e062dc482759,2021,107360,B
36736e26-d60b-4862-ae10-e53f185ef037,2021,106996,B
5be7f3fe-8722-4fee-8b9d-8068644a8adf,2021,968,B
8e72ab93-29c0-4ae3-af06-5b764eb35515,2021,18559,B
96ce54ed-eaff-49ba-aac8-f41fb81bae76,2021,1032473,B
a78932d6-4f84-4b2b-be8c-a22d4bcda0b1,2021,106996,B
2cc9cc9e-bc60-47d0-9374-edb27e0df7e1,2021,513,B
b9e2990c-4ac3-4758-b3f0-1241c4877e93,2021,19047,B
210d0c12-0714-4082-81cc-4cad9ffe82a9,2021,95175,B
fdb45de3-2d6c-4e3a-8870-3df147410cf3,2021,101942,B
9f2826fb-aa4b-4ef8-a594-efe2f2534c3e,2021,13446,B
70d436be-37d9-496b-8985-d4fdc0af22e5,2021,1047907,B
7d8c3d1b-e70e-4161-9232-684af609e38e,2021,47505,B
988defe0-5194-4175-8957-9816df16d4e1,2021,968,B
9ceb9d42-8b76-44bf-9e95-0150f4e19d1d,2021,1306689,B
aa7ff2b8-b7a4-4850-bc26-32e0ffd5e129,2021,2209,B
d9aec021-a06c-48a4-9f29-b0a8c39d49d9,2021,57606,B
57d8c914-e20b-4571-a27a-a4315289e648,2021,98595,B
6d283dbc-9c77-45db-9fac-887fc0c00f82,2021,106996,B
c6418482-dcba-4368-8a23-0b3a0a1b1efe,2021,317,B
cba898ca-5f8f-47ab-83ea-47f6a8d96d90,2021,104360,B
5f558e03-5e86-4b02-9471-42f986a9178b,2021,1070485,B
0caa8369-ee27-4c79-b4c5-04f51e8d572c,2021,1204325,B
04812daa-a9a3-4c19-8c0b-2c262884b314,2021,1322118,B
aadf1395-bfa6-4e76-8bcf-060534abe24c,2021,94762,B
8603b337-688f-4a37-b075-b9e48e3d30b6,2021,1101244,B
c2ff4bc3-6f3b-4358-a906-3b846944bda3,2021,1181115,B
ac65793f-d5fc-484a-a1e7-d1a6cc2e0811,2021,73519,B
823f3ace-8d46-49c7-b99c-c31e8225f6e9,2021,20030,B
0a968038-680c-4b5c-8770-4f92a75764b4,2021,41238,B
cf0da244-ba5c-4a8e-8070-b6438cd5f2f0,2021,1306689,B
1f564005-7640-4402-aa69-6534ec87f335,2021,1181115,B
36d34b32-c475-498a-a9ac-6ddf61100192,2021,513,B
1e932663-a267-4d9e-9422-345f18491bd0,2021,94762,B
2b5b9b68-c082-4803-a843-82f1352efd40,2021,20933,B
46df0289-2861-4b64-8541-60ee1b95944e,2021,53331,B
6b8c32e3-dab2-4637-8fc0-3901cfbedb66,2021,95175,B
47df7868-4362-46e2-b23b-0d24ce0e45d6,2021,1306689,B
b40c378e-8b61-4e9a-82f2-b41367a84f30,2021,1269545,B
bed1f2be-a7b5-4f14-8a01-9811599c60d1,2021,95017,B
3a62bebc-24e2-4ccd-a2aa-966ad6bdef8b,2021,1314243,B
ceb4753c-63f5-4a21-97e7-930bcb2ecf3f,2021,18683,B
62cc3725-b073-4b60-9606-4319637eac9c,2021,18558,B
d01c2bf2-ac7c-45d3-a803-d16df1edb0af,2021,19042,B
990939b1-3f3c-40f3-b882-14764aba15e6,2021,107360,B
f5a6bb70-5f65-414b-85ee-6317dbd1ecba,2021,22047,B
d7e2e81f-73b1-45d0-86ee-4b298f535935,2021,1190145,B
b8f46b08-3313-48ef-a8e0-702aea8907b8,2021,88084,B
b0a4c1c5-47a2-48eb-950f-40f1e59eaa87,2021,20030,B
523404d3-ca24-434e-9d3d-df275bc51a40,2021,317,B
13863090-bc2a-4ff0-a31d-5f444a4a22f7,2021,94762,B
eb9bcc6f-2a16-48c1-92c9-6726b239e263,2021,1299927,B
b7662fdc-21ae-4301-95bc-6379ec2989dc,2021,1427745,B
c43ffb5a-a615-4bd3-82a9-4ebce6b29105,2021,1300284,B
2e9b692b-089d-4c5e-b88f-7e887da785ca,2021,19047,B
1bc95712-2a0f-4408-9289-ca69d82bd174,2021,1288839,B
8bac0d89-ef1d-4403-a22a-25e65a95fe49,2021,1318224,B
54a10984-2bc7-4789-9b90-6b36320986f5,2021,107920,B
c083021b-a382-47dc-84ce-bbb91658b295,2021,94762,B
48f1532a-9f6c-4acf-b5ad-69ff4828d3f1,2021,317,B
642a5fe8-f4c5-4acd-9f47-7f4c9835d7ca,2021,1190071,B
0bf97b9f-575b-4fcc-a44b-01ba8cdf3806,2021,1270596,B
196acca7-472c-4f06-9504-572b96c82c63,2021,18671,B
3bd26aa9-3000-4606-a2dd-fe3f1a291bed,2021,107422,B
009c5648-30b6-44ea-acf9-726f54a908be,2021,62484,B
f5b4e82c-3227-4a97-9dbf-0e5cde347d18,2021,11452,B
e8de9e7c-94cc-4cc0-9cf1-773d05129d38,2021,50082,B
2b1cd12b-6568-4833-a6f6-f66586eee1cc,2021,1187671,B
65f28581-bce4-44df-bb29-1989ff819e8f,2021,18558,B
dba0d1f7-9e33-465a-b95c-f2315b2a018b,2021,112086,B
fae313ca-2f4d-4bf1-a5cf-ac60a993faf3,2021,5000143,B
e7d8b220-f251-4d78-9b3d-57d48e31e006,2021,94762,B
359e0d6e-e859-475b-8196-a568eaa431a3,2021,20030,B
e73cb5cf-0e30-4876-9b3f-f0664edbccb8,2021,1306689,B
3772a41d-b454-47cb-8e59-f8d0ccbf181f,2021,18903,B
d71db991-6869-4663-834e-c80c5a4c035e,2021,5000135,B
d6d69a1c-bb26-4188-a628-184861f66da4,2021,1118057,B
b6e493ab-534a-412f-91e7-27c274494ad4,2021,98595,B
a02c2606-3fee-4678-8a80-a8c3bfb5c621,2021,19047,B
046aec84-8b40-4c3a-a66e-3accfb1cc993,2021,114616,B
daf607be-4f6e-4cfb-8944-d580d1fe7bea,2021,968,B
05efb130-fa4a-41ab-8fd5-09b6bb53ea06,2021,49054,B
f6e7f391-809c-4ba1-b0ba-aca2b309e82b,2021,1376131,B
6a5c2cc5-5711-454f-97ec-af7ae77a1de3,2021,317,B
f912a424-51b7-4e1f-b043-0d91ed73876f,2021,968,B
1138aaed-979f-4fc1-a0ee-149e3a691c5c,2021,968,B
5573e796-4dde-40b3-bb91-687d279b0d3b,2021,1265453,B
331c1c03-4901-4cb5-bb98-e4a3322d5efa,2021,48205,B
5a91e697-68ae-4dff-9362-f1e167532342,2021,98665,B
c071eefe-7550-43e3-b5c8-c1f3d73746ce,2021,1181115,B
19108319-af34-4a94-ae1d-ff9b391d0d1b,2021,101942,B
2a9cfe6c-f89b-4e84-b532-b80efae64370,2021,101830,B
018e3c0e-016b-4edb-87c7-e97d2e52ea94,2021,1204325,B
a80abec8-b5bc-4969-929b-02a4a1b7cb52,2021,13980,B
e9b9c341-c8fe-41c3-9e2f-8a6a1a8d91a2,2021,1314243,B
f83fb87f-cecf-42ac-8a90-7d1a2e649921,2021,11730,B
d5f83648-90fe-480f-b3e8-cf2fe20be1e4,2021,68930,B
790f3939-4475-427a-be46-05162b36cfc2,2021,968,B
82b30adc-ebea-4ced-9260-afda5a31203a,2021,55402,B
c400500f-422f-41e7-9861-ba8370bce239,2021,112086,B
add14343-ca90-4992-b169-46d2fd430dba,2021,19042,B
d721a5ee-79fb-4971-9c69-45b95435b72d,2021,114616,B
41f675f2-11ca-4460-9a4d-62392fe0333a,2021,18558,B
0cbf0255-ad6b-452a-8a27-5c366600bcff,2021,11730,B
42fbbd3a-4c2d-4c9f-aa99-b8623ed4f2ed,2021,513,B
b573b4d6-e13c-4cf3-af98-7f12b801ae9c,2021,108660,B
a8a74ec6-f6c1-4c2b-9123-5b9cc4d92ce3,2021,18584,B
f4cf83c7-0500-4f25-8feb-fcbe6e68c91b,2021,55402,B
2e272c8f-c4fc-4795-b5cb-945bde7c37c7,2021,37862,B
307d9c6b-80f0-4589-b065-61b1bc7ae372,2021,48205,B
c4ea5aa4-3ea4-43f5-af52-0ce7da5a7c3a,2021,18683,B
3f6b68e1-8adc-45b8-a5bc-2cebec91327e,2021,13446,B
3a428973-3bce-41fc-a853-7ac561ac8b69,2021,18559,B
7776a985-ae43-48bf-809a-cd05f0602a05,2021,317,B
a440f05e-61fb-4e89-93b1-b003ec668f72,2021,101942,B
f760e471-84a3-4aba-9741-b609f1a6971b,2021,113455,B
ce6d8aa8-cf7b-493b-84dd-eacab4dd964c,2021,20933,B
4c12474a-1ae7-4e31-a631-639f0d5e305a,2021,20239,B
9f6a6c6f-b2c3-4f79-8659-175c6b9fcd24,2021,97778,B
0041bc6f-176a-4f49-ab5c-f9c046f5f8de,2021,53333,B
bd0f45e1-3cc4-4d95-bd16-ba0a85fc964a,2021,116770,B
9f4d3e79-106f-4b30-bebf-3f9030bacbcf,2021,1403879,B
f97ee7ea-351f-4a4b-be75-358e968a54bf,2021,18584,B
5f65fcce-0310-4cdb-a298-b7199b463b3e,2021,1148708,B
759e1b40-dab5-4ae3-ae06-fd18d70c95fc,2021,88084,B
4e2ccd44-4e71-4515-bec4-f05308a0c90c,2021,37862,B
0c36509e-f140-44ce-99e3-da7d4a2a5396,2021,106167,B
d1fa6f8d-1c28-415e-a03f-8249114c87a6,2021,513,B
cc68975f-0ecb-4c5f-8f29-1ea28033e308,2021,1190071,B
30208253-a0e6-4b10-8583-25c586a5fc96,2021,1181115,B
3fd38d93-2a00-4f5c-97f5-ce31a3cedac6,2021,54934,B
7162ff1a-37e7-4073-886a-432d504818e3,2021,2209,B
3e6a62be-58fc-4bf8-9f47-2548618b70d7,2021,18584,B
72728eb3-9c5b-4401-a0b8-f2edd37b3185,2021,1267543,B
e6aeceb0-b097-47ff-9d99-ff38443dee8b,2021,1187671,B
56894cb6-f588-4775-8447-0a9392a217c9,2021,1187671,B
5990d5a1-bc31-4962-943c-8d4e537aa2dc,2021,20239,B
1fe14997-7764-4d04-bee4-d2b08757eec7,2021,1181115,B
3a884f56-9eef-47f3-9b7d-393654a65944,2021,1181115,B
b3325114-9bdf-4fe3-8d5c-f2cb5133830a,2021,102590,B
86830909-0cfe-4308-abbb-b4589ca71520,2021,41238,B
bf7876a4-77d2-4853-879d-7dc0c91ccdfd,2021,20030,B
a0990287-0df6-42e4-8f53-f1c1112ae954,2021,117022,B
acd0e058-7be0-45ff-b909-1214416dd565,2021,95175,B
99f55b17-6fc5-432b-b330-1fddd1204741,2021,114616,B
7a6c85cd-f5a7-4338-bf7c-0eebb2a15be9,2021,101830,B
cfcf2cec-4eca-49ee-bc5d-1e95d6fab353,2021,106996,B
6052ed32-c60c-414b-bc61-6a90504b34d9,2021,18559,B
97015d95-61bf-4e17-8b81-3698c496a256,2021,20030,B
14c7e2cb-52fb-4b19-ae4a-625e65aa9c1d,2021,55402,B
e55088cd-7f25-4fa0-99b9-7056b4ccd8f1,2021,11554,B
08ae6d62-f332-4fab-abe6-d82e9d75bbd1,2021,101830,B
c3a3c0d5-9a06-4d30-a1b4-605df4db6dbc,2021,20030,B
42997cd1-6a62-4104-9ea3-ee0f1618bcbe,2021,47505,B
44eb4b52-99e2-4012-8499-120e92ac94f9,2021,5000135,B
bebcc848-63c6-49a7-a332-eed344eeb5d1,2021,88084,B
6ddc100f-c37b-487a-93b8-57451e5231ff,2021,1306689,B
a965fc99-c1c3-42e1-8e96-c3a5b93efe00,2021,106167,B
fdc6098b-daf0-4f24-bb21-e7a8ba87e3c2,2021,317,B
75bf6460-18f8-44c7-a734-b927a73b7259,2021,13446,B
b0fa563e-bbb2-4844-a249-7e7c3e7e930c,2021,20030,B
c3b119d5-b24c-4258-906d-c288d5c80a6d,2021,1322665,B
4b4d1336-5b12-4752-8ca1-8d164e525d19,2021,98595,B
c41ab3be-85dc-480d-87f5-237426298d4a,2021,117022,B
41af1e77-095d-45b3-902e-52707f381746,2021,11452,B
9526aef3-4444-4f2a-9df4-f7ca9f7e799c,2021,50981,B
9271a038-fb4d-4a2f-8916-df2badbe9d52,2021,11730,B
4fbbe120-6693-4602-9da5-33fa561335d3,2021,55777,B
4d672d67-f7b2-4643-864a-846ad93cd240,2021,1267543,B
3b6b32e5-bce9-4442-988e-5db4cfec3262,2021,47069,B
d2dbcf00-e517-4a5f-a955-ac30fc8a54c2,2021,107360,B
158f9976-4b71-4b95-af58-6a1aa1cb2172,2021,74737,B
d38b5491-8391-48e9-a1a3-6696f63afbf0,2021,116770,B
dbaa77bb-8c2d-494c-a100-0135753133cf,2021,1351760,B
4f9bf24f-7f0e-4443-b335-db17fcd9739a,2021,37862,B
884aef4a-847e-4d62-974e-d43329b4a0d1,2021,1267543,B
76c6ad81-9f3d-4549-ae88-9704da25174c,2021,91181,B
4b7cee56-33a2-4cf8-b47c-6365497fd8e7,2021,1139692,B
4e182a80-2e62-4396-be8e-2d8cb1d835b2,2021,1190071,B
0a64e066-5efe-4eb4-9776-17b43e7f109e,2021,11452,B
2201bc8f-16f9-4943-b5de-f5562c82c661,2021,101942,B
b193d0c8-0fc6-4fb3-a9cc-4e3c7b83386f,2021,18559,B
aadba851-9196-4665-a903-490c5ed5f302,2021,1070485,B
986c2d7d-8cfb-4fd7-abc2-0e9a572f8743,2021,1204325,B
b2dac47e-8c55-42f8-8155-62c9ae0a4de9,2021,1269545,B
e5682210-42a6-47a1-8190-0cd8300abc5d,2021,56172,B
9e90b0b5-0b88-40ce-a19f-17e0525269f5,2021,116770,B
4742350e-c994-4995-b2d3-e10d5d44c727,2021,1306689,B
39e1fe40-72f6-4701-bc6c-a623395a06d2,2021,13446,B
1c8b0321-a71b-4d8b-b1e0-569868f4692b,2021,1315444,B
39cc5312-43b1-40f3-9609-871cd5093721,2021,101942,B
bbcbd4a5-68c2-487c-9b77-05cc8960c05d,2021,67092,B
5e1b487f-c3e4-4bbe-93f2-fddf522a933a,2021,43664,B
fea18590-e0a5-4453-9e5a-02cadbec3b41,2021,102590,B
62a82244-3be2-44f8-9489-47667c821a0f,2021,106996,B
ef388dec-e00f-4efe-bfec-3d42fcfd8768,2021,13401,B
767deca9-acb7-482b-828c-c61f9a564348,2021,95017,B
0effa9b2-6326-445c-bf01-02231a804367,2021,19047,B
180e7945-a8ef-462a-b5dc-e8b1cc7cdede,2021,18584,B
d7b6006a-15b0-42f2-b9d3-52fc298e4c0f,2021,107422,B
03ab2770-c7f5-4ca5-a2a0-173d42d2974c,2021,55777,B
1cb3bf94-5064-4d02-873d-dc66d2f6aee6,2021,1300284,B
5c466725-5296-4116-85bc-7e179cbb357c,2021,1267543,B
dd971ab4-acb0-4624-b187-05e2fd003a34,2021,1351760,B
331f11bd-a094-4c03-aaf9-a639e6542f2a,2021,95017,B
73dbec97-03ae-4827-89d7-2eb2ac8c9ac9,2021,94762,B
f27108d3-ec83-4036-8111-ba8fa5423bbf,2021,67601,B
11297bae-4ada-4685-b54c-069b239d99a8,2021,88084,B
2438cfc2-729d-4590-aec8-5de510ce0a84,2021,11452,B
ed4865e8-bd48-4622-89f1-0842428d76d3,2021,18671,B
adc20b72-2465-4734-a277-d025e87fb5ca,2021,19047,B
63713e01-8b98-4e66-9933-ab88d4ebc822,2021,101942,B
f41e0777-3987-4b73-9c7b-5593f7606417,2021,101942,B
2f20d136-ede6-4471-aac2-331170220851,2021,1427745,B
d3e2e512-6874-4580-93a2-ba78206d9ef9,2021,1314243,B
1cfa65d4-63b9-4945-a3b8-f63f790edebd,2021,112086,B
5bbb30e1-4330-4cdb-a726-aa31b3f8dd88,2021,43664,B
386230e5-4d7b-4c5b-94f4-b77a5da3dae6,2021,94762,B
9aff1e65-c665-4b24-88bb-e23023c3c273,2021,11730,B
159a63ce-2a6f-4760-aa04-63ba2913d7c9,2021,5000135,B
456e020a-dbf6-47f0-9f74-d4578aebfd30,2021,317,B
d9df3a5d-d6c8-4b03-aea5-76bd7768b5fb,2021,11554,B
46daaca6-cbb7-49f4-aaec-456563bb37a9,2021,1047907,B
8788ceff-4265-44f0-9311-b5fb50a1d3d5,2021,1314243,B
e9f6efe3-5030-4ee3-9d2d-e0859e66ccf2,2021,95175,B
a0882eeb-38ca-4e5c-acae-c27c2ab63a39,2021,99820,B
d32c5bd7-8464-4629-b03a-7377759da64d,2021,95017,B
6ed6834d-86e6-4b9d-9ed5-4c9511f0e5a0,2021,68930,B
db1ad8b3-187a-4094-89a1-39bf261f40cd,2021,1258063,B
e936be80-ce39-44e9-99b8-d70c97a14ba5,2021,112086,B
875d4517-e86b-4cca-a3e9-381b289359ef,2021,1267543,B
e64c4e99-c975-4e27-8ad5-07056e5dec7e,2021,968,B
e5841cab-0896-46bd-a5fa-5c1c97bd4888,2021,99820,B
867cc427-e8db-4883-b49e-238996d01c6b,2021,107360,B
852f499c-6110-4ef6-be78-05d261287849,2021,55777,B
5151ec56-f52b-4cd0-b0cc-78200ff17a48,2021,9425,B
00f85ae9-5b58-4fc3-86b7-d7b5c70ce15d,2021,317,B
130c370c-5ed7-41c7-924f-2bc522e10ba2,2021,13446,B
a21e7f05-69df-4213-9fad-65555d46e8e6,2021,18903,B
1b7cd7b2-0065-470f-81c5-f103402abab0,2021,1187671,B
40c234f6-1202-4c84-9350-404d5bcdfda3,2021,37862,B
02009f32-48a3-40ed-b4ae-6de098aafc80,2021,1118057,B
4dac83f3-8fc8-42f5-8279-e43972c6ffb5,2021,11452,B
01d3f1af-8c3d-41a2-b081-a3e61f918482,2021,88084,B
c5a0e491-6742-40d3-a1a2-1f3a82466f04,2021,18559,B
bfeda826-bb9e-412c-86df-f9a152c5013b,2021,97778,B
a0ab88ff-6b95-4f76-bb8e-bc20e0732b14,2021,318882,B
c0819a3d-929d-4809-abb0-f3f493d16744,2021,1204325,B
8dfdd660-fe08-4443-be01-95d3d14738d9,2021,1269545,B
6135f642-e335-4606-9610-515d984d27fe,2021,1270596,B
5af5d52f-1bba-41ab-86ac-67a291ce2c6f,2021,1267543,B
19086980-74f8-4458-9efa-b0a33e5473c3,2021,1204325,B
494dbd1b-f2c6-4ee5-a324-f2e1e8966d1e,2021,9414,B
5f7c87e0-c46d-4455-b966-78263704cbee,2021,20239,B
10427297-147c-4939-a43c-e578f47b2d19,2021,18671,B
a0c108c9-34b7-474e-b01b-851164f9f23c,2021,40343,B
5a2d9840-173b-4ba5-80a2-63b4f580edf2,2021,1139692,B
07dc39b6-bc53-435a-9b45-c0e210c59c12,2021,88084,B
b834c1eb-a497-4144-a0bc-ac96de4faa4c,2021,1322665,B
43a3ff6d-2a05-44f8-bf9c-28e11ab218ff,2021,1385942,B
ba55ebab-c22c-47d3-9152-c610264829b9,2021,107360,B
21cb6e41-62c1-47bc-b849-659dcf1c6b21,2021,67601,B
55d1661a-4229-4955-b6f1-a41118df4f95,2021,1376181,B
a596bb4a-e1e8-45c4-ae75-2c67d6a9ca54,2021,20933,B
54e3a7d3-6089-4367-a52b-b6d6355ec9de,2021,513,B
db6b7042-c18f-48ed-b73e-e930cbe62a75,2021,37862,B
f4a1203c-9087-40cb-8d59-38678fd10659,2021,106167,B
9bb1c1be-992e-4c35-811c-f08974f8d30e,2021,18559,B
ee69cc9c-cf18-47f8-ab8d-1c10da473f26,2021,107360,B
0d4e35de-a6e0-427d-98a0-1adab5878bb7,2021,1270596,B
cacf534b-96a5-4adb-b355-08d1dc6649c7,2021,18558,B
bac6b773-777d-4cb6-834e-6a729582d5be,2021,18903,B
b3d00298-07d8-4dda-af76-15053819544f,2021,13401,B
d8536846-d81f-4c62-95fb-ffa214c0887a,2021,106167,B
fb333a3c-2c2c-4340-a838-04fec5d1c6b3,2021,1190071,B
f975fd95-af0a-4098-aba7-b5f5e17dc99b,2021,1267543,B
c7a72864-dfc4-4da5-88c9-93531a0badda,2021,11452,B
50f8c13b-5d09-4d79-a6ea-c8f76a0c5272,2021,11452,B
b1baf708-bb0e-409d-9e8e-0d205a33f3e5,2021,11554,B
0c4ee747-9bac-4570-ab7e-700e5649cfe5,2021,1070485,B
910a7d57-d49d-4bc3-8f5c-f9e3239fb884,2021,95017,B
4c04b104-2775-486f-af47-b36b2f7c18ba,2021,1314243,B
6bc549ff-dc63-43b9-9d6d-334ef3777537,2021,1190071,B
a8ef1902-f62c-44c1-886a-b71a82967872,2021,1376181,B
5c945db7-5d8e-4adc-b6a9-ffbd833c0261,2021,55777,B
8fd2a4cb-c502-4f19-96b6-2749b0f94d8b,2021,11730,B
3d3b8623-cf6e-43b8-838c-b43b5e50a749,2021,53342,B
19c570e4-b502-4100-ad4f-4f0760574321,2021,20239,B
cd5772b9-b05a-424b-9eb5-2722dd4ec574,2021,1102628,B
96538343-c225-4b54-a97c-8655032fb8b4,2021,20030,B
1ddc3cd5-6bee-47ef-a260-729af63222f4,2021,20239,B
cfaf23d0-4575-490a-add6-6acd53e13c83,2021,1376181,B
5f8f6e37-2774-4f1f-943e-92e64ecf559a,2021,1258063,B
52761497-0d3d-4374-a576-bf4418986482,2021,1330347,B
a2420ac0-3d3c-4a10-84e1-8d687567a531,2021,106167,B
f519f4a6-0c80-4a8a-84aa-ebd05fabc3e1,2021,18683,B
a4b6a84a-b6c8-46c2-b5df-cb5adf1b5a8f,2021,95175,B
e7d4253c-5c0e-4ae7-892a-1ccecf3279b5,2021,106167,B
8f20677a-2f07-4b01-b597-844cc0ba3521,2021,1385942,B
0a721d78-2344-4cd6-9730-bc3cfdf35359,2021,1117717,B
d71e34d0-3f2a-4337-9cc0-4f3eefbf7d24,2021,117532,B
951ea029-1838-4274-a8c5-4a0d0f6f6e1d,2021,112086,B
ec54b0ef-0fdb-4cb7-9435-a5adce80f3c1,2021,1136142,B
4b079155-8bc0-462b-a027-83be363ddd7a,2021,118420,B
108a90ec-9976-4972-bd27-16e61a76bcaa,2021,1265453,B
7bd5194f-8115-46d8-869b-ec072ef5454c,2021,317,B
b1b9c8ed-b279-4583-b5d9-01113502444a,2021,87396,B
d4dab501-cecd-4fee-b1a5-bef2ca77df2a,2021,88068,B
1cfb4792-2928-4fbd-aefa-8b4532a1d26a,2021,101942,B
03b91dd3-bba0-4cf7-a817-aae1bfddde77,2021,1267543,B
8b29aac3-0f31-42af-87ed-0902551519ea,2021,11452,B
54fd7f92-1378-4c0b-b6b3-ada5cbe4f4ed,2021,62484,B
d9f22d21-6f78-4bc6-bca6-932a14358f51,2021,513,B
4daf7767-3711-4464-b233-a8de58bc896b,2021,64664,B
b03a4307-f373-4443-9c84-9ef7d15626c5,2021,67601,B
1869bdb8-6dfa-445d-80d7-4723fffc3be1,2021,43664,B
8cd331cc-82d6-4d5f-9f8a-827fcbb6fc9c,2021,1136142,B
09be93af-cd34-4a1e-8317-eb5eca4d1bb7,2021,68930,B
efbdf6d9-eb46-40a5-b835-1e9f32dfacee,2021,13277,B
28c89eb1-ca85-45bf-b36f-3f4bcc890228,2021,2209,B
96af1147-94c1-4a0f-afa0-93e8d581e825,2021,1267543,B
00a73e14-2cf3-4d29-95e8-f6f59cd9f6bc,2021,20239,B
3dcdf461-1a43-4b23-a0e7-0ded1ee434b3,2021,90030,B
103bdc00-7d9b-429c-86e3-d0aefa8650d8,2021,513,B
67633724-8174-4c41-98c2-949fa3e08d67,2021,73140,B
0d8cd012-0d9c-408b-a601-9e251bf6b033,2021,11452,B
c68d2682-eef3-4f68-a8bf-43a4bf529ebd,2021,102590,B
9a86341a-b996-426f-bd2b-34b15c35df0e,2021,49054,B
5d4b54e9-c1ff-4422-af89-34e3c6a380ba,2021,968,B
f54ed7eb-eca5-46d1-87f8-b30a155f87f0,2021,1187671,B
f1db5fcb-2634-46c1-b957-4a41414bbb73,2021,94762,B
e5e8baed-42fc-4c5c-80a0-03c8142e9e09,2021,1102628,B
743663bc-c121-4775-ae3b-9cc50bf380a3,2021,1288839,B
b8559095-5c75-4e14-aa62-dd5b1f0c31f1,2021,95017,B
8697c20d-0e03-426a-8b77-e29b0b79cbe7,2021,49054,B
edd60969-7d96-48cc-90dc-af0337e9e709,2021,5000135,B
90827325-80d8-4cfa-bf77-0c5a6da582d7,2021,98595,B
999e934a-9c9d-43c9-8585-b487576a6f70,2021,117532,B
9feea57b-07db-40ce-b314-e2d095f2fe08,2021,968,B
39d7cc1e-9360-4e50-b700-ca2f778e641a,2021,97778,B
f74e9d85-b625-4466-8dda-10832c08ed56,2021,107360,B
c6987ac4-2833-47cc-a86f-80acfa44379c,2021,64664,B
0a7468e4-49dd-4690-8e56-203a63b38ac5,2021,18671,B
eebbb3be-1cf4-45b6-8e59-b79cf12a884c,2021,2209,B
9a91b501-d1f8-47ca-9630-404358135d47,2021,88084,B
b19298fd-34f7-40e8-98cf-98d53631becc,2021,22047,B
f13ecf73-0c11-4e0f-890d-30989a79bddf,2021,18671,B
9294f67e-1317-4189-afc7-2fb3f81d3a54,2021,97778,B
e49cfa1d-eb55-45a3-ac50-fbb26276c78d,2021,13401,B
acd0f58d-365e-4bf3-bf27-7a05624ece91,2021,1314243,B
61ae9e85-f4a0-4a34-a275-fe17c44dd57c,2021,1204325,B
16433c3b-0862-4b6a-b3b3-358abebf1786,2021,13980,B
1bd98d79-4172-45bf-85c3-e5f212ea1b27,2021,5000135,B
3522dc65-5467-4fd7-bbc4-18fb8cb760cc,2021,13216,B
993840e2-2bd3-4d66-84f5-e16a57a53f6b,2021,20030,B
c8788873-2da0-4092-b6ae-ea24e4997198,2021,13595,B
01f5f784-5e2b-4ba7-a1d7-4ef14ef7f607,2021,1136142,B
b08e527d-ee55-4989-a5a9-e39de5dae730,2021,117022,B
b42617f3-bde6-4bf9-8834-281efbdb975d,2021,1318224,B
29f11d93-deb9-4f46-9cbe-9a0582433c40,2021,968,B
1f87663f-9b40-4e50-b48e-e9caceef65d4,2021,98305,B
9c3f8c16-d743-4665-81d2-d1c5fee04f21,2021,1267543,B
22009dca-3b59-4344-a940-66d9b95c2b66,2021,18559,B
eacd3a90-acc0-40bc-b0f1-3693979425ee,2021,95017,B
bf6e9e56-739c-4004-8938-40163aa06bbf,2021,68930,B
b3ee4d41-8503-4077-8f66-3994da7272c4,2021,20030,B
6452ce01-49fc-4413-8b99-2d74e5d01d7f,2021,5000135,B
26b60fb5-8868-4bc7-a382-c7cae13c3d06,2021,101942,B
07b56fd6-ec0a-424d-8a3a-e8badb6924e9,2021,1283028,B
f90a69f4-685d-492e-8c1c-51302e44f9a0,2021,317,B
7f0c97b6-fcac-4ca6-bd70-f5291c4c803a,2021,20030,B
3045d569-845b-49a7-a6ae-3e28f051a321,2021,12313,B
013130dc-421a-4d96-aa36-b54bf04b9bd5,2021,20933,B
f22ef1c1-60ac-4cd3-a965-d266d073951a,2021,1288839,B
4b695a53-c12a-4115-ab9f-efb3b95e1c3f,2021,1314243,B
e38c5ea1-dfa1-4dce-8fa3-cfff5de71f0c,2021,116770,B
b36bb1c8-59a4-40b5-ace5-11299f353801,2021,2209,B
406a8111-ea18-4c2b-8ede-d2f983369957,2021,41238,B
a16fc961-7940-479b-8e48-acf5ce16fc8d,2021,106167,B
beb1e0ea-a60c-40e7-b70d-c343571e4253,2021,1385942,B
e903b957-c13e-46e8-80bd-f228eac15394,2021,1379275,B
a09a61a4-77ba-4120-bf54-96360d91ce9d,2021,1269545,B
60658565-a68a-4377-adc0-93ad15b9b76d,2021,67601,B
e8ead545-68ce-4231-bbea-d3665650676d,2021,50082,B
9d3058a5-a866-40dc-a8e5-fbbb101162da,2021,1403879,B
d1c7de0b-fc89-4650-80f9-4178c248c601,2021,118420,B
5e261cc2-743c-4a51-bb4e-12a2e321f513,2021,968,B
93bd5260-b4ae-4105-ab42-fd7161356662,2021,101942,B
322260eb-ef58-4479-979e-443924d78d60,2021,317,B
a4f04b71-c62c-458d-873e-0d3ea7f05acd,2021,1101244,B
3cb76364-68f6-4373-9d9b-a3f845d2855f,2021,13595,B
fafdd90a-d022-4f73-8fea-017b209ea07f,2021,98305,B
416957c8-2bd4-4947-b25a-e63dad1af0d8,2021,117532,B
a109422a-50bc-4dcb-9086-adfc6bbfce19,2021,5000135,B
66d74e8b-2c5b-49af-a6ed-1bd9c7a1659b,2021,49054,B
a7bc1f5f-d716-4012-9701-9289479c5074,2021,11554,B
706484ef-3f1f-4b76-b899-872b597c18f5,2021,1070485,B
ab9f7cf5-1038-4dd8-a6d5-f0e09f5de88a,2021,1376181,B
800dc325-c624-4555-b19c-414bb38dcd09,2021,116770,B
c8dc52dc-7743-4fed-87c2-87374f7f57bf,2021,11452,B
586da034-12f9-4b1d-9f6e-4227bded6839,2021,13277,B
4af8a75e-5e3a-48e7-b4e1-98e1494f04eb,2021,1190071,B
f65c60bd-9ba4-4f11-99fb-2843312eb0b8,2021,11452,B
e3c59e20-f586-4a0b-b75d-684e233e45f8,2021,101942,B
7b4d9640-40b5-4a7e-8784-16cdd184cce4,2021,11554,B
52c7ffb4-f63c-4ab2-8064-b6eba9fbca40,2021,1283028,B
0a622dfa-cc52-40e9-bf62-dcd21ae4c27a,2021,20239,B
eda158ea-5986-4afb-a9be-38b7db743b47,2021,11452,B
8cbb365b-cb4d-4370-ae9e-97bbc4fc3e80,2021,1117717,B
8e67acff-be82-4d59-adab-3d0ba58ef9e1,2021,117022,B
8df20009-c938-49ff-808d-a5e91299c021,2021,12313,B
3de9d905-c0d3-40f2-8464-c30a0d14e875,2021,118994,B
8ede936d-6bea-42dd-9233-1276bb9be0d1,2021,103062,B
a3adcb86-2230-4deb-b7fd-d3e96434479c,2021,117532,B
7eae8336-193e-491b-a909-c1eb1af5ef18,2021,11452,B
36921c99-4f8c-4d69-9a12-9a025395b28f,2021,98305,B
01dcc76a-f0e3-4411-a933-27d5dcdc5aa7,2021,94762,B
4c5a8b4a-dae9-45be-8972-16711969b126,2021,317,B
ae4bac7b-4488-4cda-a674-ddab5cd2c621,2021,13401,B
c3162c04-9336-4de9-b19e-a6835872dddd,2021,20933,B
ae472521-0268-4bcf-b6a1-0ec6c0db6b4f,2021,513,B
cf0b4f8d-dee9-4808-88e3-bad97fde4174,2021,1330347,B
c8ba0ec4-b504-4433-8867-35f890dcda64,2021,47069,B
56d8305f-7b47-4320-9d32-b46cb2dfd5cf,2021,968,B
dd5e12c0-b94f-4312-8473-65838ef70182,2021,98305,B
afe92236-60a9-4e69-ae64-a0edee3e3ec8,2021,118420,B
3f65a19b-0d2e-4f9d-8c54-4f3fab7a42ba,2021,95175,B
4c6e539b-2f7e-45f1-b155-1470b550dff8,2021,513,B
50b2a60b-2bf5-494a-9268-7422bbe8a208,2021,13446,B
3431974d-316e-4861-9ea3-d20590b68b95,2021,53342,B
4a718ff0-4786-46e8-873c-c1b88329fc59,2021,95175,B
d7dd49ae-4d1b-492b-83b5-2f50bb8512e4,2021,513,B
e745e40a-73ef-48ab-a0de-b6ac71c048cb,2021,1269545,B
9ec1cf0a-79d4-4251-b8f6-dfc3729a826a,2021,513,B
24c5ce08-abdc-4655-9cf5-0bd13979ddff,2021,91181,B
d05af28b-e9b9-435c-ad1f-ff88456955cc,2021,94762,B
f87deb08-327c-47cd-baa6-a50661eca79f,2021,1270596,B
c3025dc7-5b63-4c05-9c55-0416365d4c50,2021,513,B
585930a0-1f95-4393-9eec-d21dae69a514,2021,101942,B
4b036aa7-f10a-4b7e-9ae4-07a40087fb47,2021,118420,B
972a9c7a-b7d4-4082-98e4-51d302dcc626,2021,13595,B
b7d41f0f-5a3d-46fc-9c58-f6072d16fc45,2021,22047,B
22fc491b-4ce5-4a72-a64d-605754b3d0d5,2021,1101244,B
a2e59655-f424-435d-be70-5ac54f471a80,2021,1376181,B
2f4a4708-875c-40b2-80c2-768cae8db8cf,2021,1322390,B
d04b11f4-dd10-4fd3-aeba-c73f648cc630,2021,513,B
ad731f24-a2fe-4f57-976f-bbc315d58b45,2021,5000143,B
a3984f2b-eddf-4c98-b711-0eff917c5bd0,2021,116770,B
5e778930-3bff-4e72-a13c-d5ef3add9275,2021,513,B
9645b2cf-ffdc-49e1-8c1e-79568cde758a,2021,1376131,B
78c7a880-b992-4dcd-b29a-d7ef5f36c984,2021,20239,B
1e32dcb8-9991-4085-8b07-1b6cdc5727d4,2021,94762,B
de64481f-23cf-4185-9f43-762a38ad1d81,2021,13595,B
294d0a60-b8e8-4339-998c-2dd3dff11aef,2021,13446,B
1d32776f-1bf9-472d-ad86-ef184151c32d,2021,95017,B
25f9b0aa-3323-4521-9ef0-08000418eb61,2021,106996,B
19b231f0-0838-4ba7-b3c8-86733158c02a,2021,1136142,B
19ff7dd8-41ad-4079-9122-f7720e388fc4,2021,13401,B
acf29500-0b94-46fa-aa53-d80162131879,2021,1330347,B
26909222-01c8-4035-80a4-2216240b6d23,2021,101942,B
31775619-00a5-4739-8931-f93e63eafc05,2021,117532,B
7eb98a91-6ecc-4739-b059-a46385befaa0,2021,2209,B
8e30689d-cb9e-4034-9c36-b32815f4ec97,2021,1118057,B
e243dd64-4a9f-40a1-be8d-120af63d8d46,2021,1306689,B
86a79c89-301a-464c-b26d-d483d541eefd,2021,1330347,B
1cd57a5c-e0ed-4fd3-ad22-e09a8d8d82a5,2021,117022,B
81eb5357-8a20-4abb-901a-0a80e51609fe,2021,11452,B
c0f7d0fc-93a0-49be-bfdd-097ee3a01678,2021,86326,B
e3c00df3-1895-486b-a08e-5d1d47306c5d,2021,11730,B
ea8bf767-e07e-4c07-a761-6ce0187ba13d,2021,513,B
48864e38-b9fc-4f29-b9fd-d1d11dc714ef,2021,2209,B
c7a1df1e-ee86-49f0-9b4f-c56eaf837e6c,2021,968,B
56e145d7-c5dc-4815-abdb-9fb7c1a2779b,2021,13595,B
2852bc8c-1387-4f99-a015-d3156e9867f9,2021,13216,B
571bdf1a-e54e-4062-b8b4-cd75f945fa4f,2021,2209,B
5b18807b-57d6-4b7d-9eca-7052f777bb04,2021,9440,B
856d7d73-1a84-40b3-92f5-a566235613f3,2021,20239,B
3641e168-52fa-4186-8ef5-af6ebe0f147f,2021,19047,B
78ffb9b3-24ed-432a-a123-09ae9dc46f10,2021,12313,B
e8c3f87a-a1c1-49e6-b6c4-2022a88d5762,2021,1330347,B
9c989c9f-e409-4412-9564-9030ce089457,2021,1101244,B
be486f01-eb45-444e-912d-70cd432b589f,2021,11452,B
b478a0e8-9510-4215-b0b5-1dd3f21df33b,2021,1108692,B
3e3ec844-6ab2-471a-9bad-e630c3cd2ee4,2021,98595,B
c1d77a30-a04f-42ad-9547-3b1b0572a0d3,2021,106167,B
28f02a44-1f4a-43a4-ab78-478e92aa8a1f,2021,95017,B
003f209e-a54e-4ef9-96a2-1c1a573b7a77,2021,11452,B
dcc53ad7-c415-4be8-bc31-94a2d74d7e0b,2021,19047,B
000f9814-3bd4-4e99-8a6e-3cee4891061d,2021,99406,B
1b0c4f47-779b-43df-ba35-3ecf1fa449af,2021,317,B
de09ec87-8cf1-4223-8b3d-e50e03cbebf4,2021,97778,B
b2e44e53-c5b7-46fa-93e0-2053b2269cff,2021,317,B
ec134ee3-5f98-43cc-a5e3-71e89d8ec9be,2021,62484,B
db8cdd3b-6cb5-4565-853c-9c99da641045,2021,91262,B
d6ff2299-d39b-49df-a177-9a09ba094429,2021,41238,B
2a42c40b-3ffe-4b21-8042-110d8b3d6352,2021,13595,B
3911507f-552c-4d9c-b879-31f8ada58c81,2021,49071,B
2cdc1ebe-f215-4438-9a1e-5ccd1bce74a6,2021,13980,B
b6b938b6-b8fc-4e51-8456-61b4d6ad115f,2021,1190071,B
959e1532-e278-4f9f-8747-2fc61193e9e7,2021,13446,B
1bb91a92-d53f-41e2-a303-2cdb046cc32b,2021,1136142,B
9978e427-9e7b-4c9f-9ac1-7d252ebb949a,2021,13595,B
af78e9f6-9fc3-4185-97b5-8f948e541e71,2021,41238,B
0b75af07-0f79-4831-a665-b027ee7f64a2,2021,11452,B
305141b5-9dee-407a-aefd-971f818bd730,2021,13980,B
f177a5f2-2ca1-4649-a3d4-f58d01260e10,2021,513,B
e09a9708-9c08-4989-aab5-bc4ab1ca89f3,2021,20030,B
91603643-532f-43d6-93d7-e88da9cdcc4c,2021,1299927,B
d4fbe628-e720-4b09-90da-9cd7b53d1fce,2021,13446,B
6d7bcbee-5b10-4fdf-923e-c0529d380bd4,2021,13277,B
e5314cf5-82d7-4bb4-b11d-707093ec45c1,2021,513,B
f14014c2-5e21-4b03-9e05-29de3807d5d8,2021,62484,B
505a1949-b7e3-4864-8822-391d5e9141c4,2021,18584,B
4b670523-9ca5-4b26-a2b7-b23f8f9c2d7b,2021,18584,B
fbf94a94-cc55-4488-86e6-62d5a375cb1f,2021,102590,B
b99ca3f0-8761-46e1-9fcb-514020def126,2021,102590,B
729ed060-55b4-49ab-ae21-dbff0722e916,2021,102590,B
d7fc0a13-5eef-4c67-8334-ca04c7c03c5d,2021,102590,B
88385b63-59c2-4b6c-b7e3-b80bf0a25cca,2021,1113582,B
feef0525-d29f-4810-8051-1b182bbc6ded,2021,1113582,B
360a386d-37ab-4953-a07d-a21c87dbfd90,2021,1113582,B
8facba8b-3dd5-4557-bfcc-c0807d6f7934,2021,1113582,B
811c1bf6-25f4-4f3c-9e8e-d44fc3de4217,2021,1113582,B
bfa9f708-641e-4b29-b7b2-019c29678e98,2021,18559,B
8b10903d-66d6-4170-a1b0-c4f3aea9615c,2021,1113582,B
98ff1fc9-d20b-4cae-93eb-4589cd185769,2021,1113582,B
a9848738-c069-4a58-9f3a-23b45f1321ee,2021,1113582,B
62d3d416-20d4-46e4-9dcb-1c4fb234e2ea,2021,1113582,B
6f466c24-75a6-4553-b430-001b765d2b9c,2021,1113582,B
397f8f11-6dd7-4b6c-b628-31f304b0c5f6,2021,1113582,B
ed8f3117-32ec-4891-85d3-56d6b44df3ad,2021,1113582,B
1cd98bef-9ab1-4a2c-8910-9d61d6e5c5f9,2021,1113582,B
87ff1b56-f885-479b-af25-cad547e24b22,2021,1113582,B
f603bcd0-7b62-47a7-97fc-c5e3b5f5a7c4,2021,99820,B
6cfc1385-cc0d-4fc0-b79a-6ba3828fd3ba,2021,101942,B
e4a0f397-d24c-48d3-a1d7-cea0bcf13787,2021,86318,B
d82a5d4e-363a-498f-b703-d8899f860737,2021,86318,B
63a758b3-592e-4416-a196-3b7c474d4610,2021,86318,B
673c640a-4ad8-4e9d-8c4f-2ea44f5cfbf9,2021,86318,B
5bfc8698-e647-43b9-83da-aa2320157d14,2021,86318,B
d86b0202-71b9-4735-af52-f9395bc04a7d,2021,86318,B
7b8d5b6b-5f93-4b27-aaaf-248647b49b6f,2021,5000143,B
49d4661b-4fbc-4874-b2a1-c6f26131ab7b,2021,1113582,B
21349f1b-8169-4918-9b65-d070a316efe5,2021,47069,B
d2efc9fb-aaec-45c7-847e-0eacd56a5f19,2021,86318,B
aef1ecc6-5e23-46a1-b3f9-f12c192410f8,2021,86318,B
afb9afd7-fbfa-4a7a-a064-d5683cfe673a,2021,86318,B
cb011d00-9968-4845-8c0f-6a2fa04398f9,2021,11554,B
dd3354f1-ad2e-4888-97e3-a26ae6834266,2021,86318,B
330dff38-3d34-453a-8534-8b6052625665,2021,11554,B
8c0f04b9-cfca-4318-bb77-56396c722c62,2021,11554,B
ba093ff8-459f-4c33-8d99-86caf978fb2a,2021,98305,B
88069c97-7b5c-425e-a0e2-7025d9be7ff6,2021,98305,B
2e77ebc1-caa4-4614-b45c-9a92ac2c9f32,2021,98305,B
bdbfd94b-92dc-44c2-af26-d980a3d358d2,2021,86326,B
10e8f275-3690-41cd-bcd7-49d9587ea842,2021,67092,B
7384993f-6daf-40ba-a358-11e49638ab64,2021,13401,B
819ea5ff-cfe2-462f-8d1f-5b1045fea3e8,2021,67092,B
340961b8-99ae-425a-bc5c-56dcf7e05b67,2021,73898,B
da6025fe-9c6f-4957-b979-04386097cee0,2021,73898,B
1876c9da-b18e-4a24-aac6-8a3c9ebd6acd,2021,47051,B
c4ec45fe-6328-4385-9276-50edb90a6907,2021,13595,B
8d721356-5d74-4c47-ab38-e2709775ecf8,2021,18559,B
0a2d79d4-1f8c-4a78-b35d-6adff6b2d66d,2021,107360,B
3910d674-178d-4f22-805c-3648cd3ed2fc,2021,1265453,B
4237b6b2-c099-4c43-945e-066bffde0d57,2021,41238,B
9c3aee04-46c2-43c7-b4b6-924dbb422934,2021,41238,B
5c064927-a21c-4c49-af86-43ef7729821e,2021,1180773,B
e279461e-e022-4330-976d-58d44b7fe700,2021,13401,B
7f34b06f-bfa9-48ee-b0cb-937d1ff6ba86,2021,9440,B
83f7de8f-27bd-4dc7-8ffd-59dc433deb68,2021,1180773,B
e391e33d-97f6-4b3a-befe-e60a4a3b8b53,2021,1180773,B
d7f61cca-da35-4038-94ad-5eaa74dec13f,2021,1180773,B
cf8dc858-bd8e-4a63-877e-b5b554ff5a5f,2021,19047,B
b78b3d85-46fc-4b46-9dd6-56a1195666f7,2021,88084,B
602af9cf-c7ed-4a71-afae-9cae5f2b3910,2021,1180773,B
9c5cdc1f-e45e-4cdf-9e70-942113fe0ef0,2021,1180773,B
e3b7c663-24ce-412f-a016-ab52f77a5a23,2021,1180773,B
14e90238-ab2c-45c7-b7a7-11e1a8ed067a,2021,1180773,B
18b8ce5d-d35c-4654-b3e8-b49633391166,2021,1180773,B
05b1e61a-a2b1-4652-ad01-82cd062eae94,2021,1180773,B
e4c217a1-41f5-404e-b68f-9843aa5cf73f,2021,73898,B
eaa6ec5d-7e9e-4dd1-8d85-b56289d5b385,2021,73898,B
ca8036a1-172e-407c-957c-5e840e9ecca8,2021,1110857,B
6fa623a6-f217-4a1e-b0ef-f39c1ad64f77,2021,1110857,B
2f611129-5989-4382-9eca-d92fe34f7537,2021,1110857,B
341a165d-1261-43d8-97b4-701c2bf2e733,2021,1270680,B
88be80db-4ed2-4a37-84ce-eefa533d482d,2021,94762,B
85772ec5-f093-498a-8fa6-84e253032dc3,2021,53342,B
715c8079-6788-4f3e-958c-7ccb9abd9c33,2021,101830,B
95d38db3-24d4-4547-a65d-b1cdf318b2fd,2021,1270680,B
13951177-55db-476e-8e3e-9dd2f664e901,2021,1270680,B
fa95108f-5823-4256-8fa8-e33a66b61d5f,2021,1270680,B
39a9ab01-e3fe-489f-a16c-ae3ebd0bd893,2021,1270680,B
3186dff3-3663-4572-b37b-b03e7a0d3ce4,2021,20933,B
6c4d9d69-4a65-4997-a29c-e74b4b937fef,2021,20009,B
027260fe-b42d-4e7a-a64d-4ee40fe0ae35,2021,20009,B
04ee25cd-7170-4a0d-97b9-ce3e6772a92e,2021,20009,B
64169d28-e604-4df3-9c71-2c0e8d03a1c2,2021,20009,B
5e679dd5-ebb7-4556-8b50-5f0cc0958c8d,2021,20009,B
5c331454-0e58-4d2f-824c-5b40b7bf2af1,2021,20009,B
697245a2-66da-451d-8501-f14c70bf5f2b,2021,1306689,B
01da7ab7-8150-4c5d-ba59-f01623a3728a,2021,1132918,B
235d8d9f-69f9-404a-b577-2832213ec1ef,2021,12025,B
31b1379c-d716-4932-9f8c-d1932971f856,2021,1270680,B
723fcd84-38c7-42d1-9b91-2164e0d7ccff,2021,12025,B
eb962b74-5319-4556-b9d7-b6e957358cd7,2021,12025,B
64667581-f843-47ff-80c6-7b2afb61c1a4,2021,107422,B
80db2a3e-6b16-4d5d-98eb-20fa36eaedf4,2021,13277,B
d623dcbb-a301-432e-b9db-1051b64e3d8b,2021,18250,B
6e66ec5f-0113-4dee-8e91-c9f469bf6271,2021,18250,B
fb316768-31a6-40c6-907e-66a1214fe7cf,2021,18250,B
8adb7b78-9b2a-42db-bb89-34d744eb15f9,2021,18250,B
fa9dc82b-1a18-4a0a-a32f-653a326de5c3,2021,18250,B
a9fdf0d2-d842-46cf-a2ef-08638565c1bc,2021,18250,B
7356d717-db62-4f30-85f4-41950c2c0bd1,2021,18250,B
bf6d54f7-137a-4547-81b2-ec423d70cb42,2021,18250,B
43b4c333-cc43-4679-9b3a-e6e4f5493797,2021,87396,B
1a8ed924-d75e-4bcd-a3b3-8faefd671e0d,2021,1376181,B
e5d72c25-8b48-4d26-8c09-5b3af63e754e,2021,1042278,B
9ab2b9f3-5c19-452c-a4d4-9e99449895f8,2021,1042278,B
978b43f2-f733-4793-803a-db2efbafd3e3,2021,20030,B
75b74f73-3c57-4923-8021-266780828871,2021,20030,B
eb1f8a5c-7070-4d27-b65c-d9fad577a8f5,2021,1108692,B
aea7d532-2d10-4f77-b74c-c85bab554243,2021,1427745,B
a9b5ff50-cade-4ad9-a173-1d2e88e25202,2021,47505,B
ff96fa34-7823-4109-9457-c17839258dca,2021,117532,B
0430608a-3381-4315-b2a9-e2c0286847fd,2021,117532,B
d3486095-4fb7-4464-8f7b-773c8fe16a90,2021,117532,B
52e4605e-b2e6-4263-a69a-27295c3ffb11,2021,117532,B
ece273eb-4041-41d5-8049-0778b32a20f8,2021,117532,B
a783464e-0938-45db-b45d-3d406fbe2979,2021,1272079,B
73fac36d-8bf3-43bd-89ad-4f0a000f7301,2021,58808,B
badfd164-e222-4b8b-b9b2-bbc0977fdbc0,2021,95175,B
63a9e87a-9e68-4639-a319-7acd1ed21997,2021,99820,B
bdf2d9ae-94dc-404b-ba7d-8b62c5ff83b5,2021,99820,B
5063f923-670f-4c19-a781-522344ec1705,2021,20009,B
0a9dc870-90f4-437b-8ed5-784f23677a5c,2021,20009,B
4a52bf3f-b94f-4bc6-8af1-7f85656e88e2,2021,99820,B
e8d71e59-d434-4205-b0ff-e9880fd985c2,2021,73898,B
f551b931-9f61-403b-89a5-fcc07b18b2ad,2021,67092,B
d7b1f5a6-2ea4-4cfb-acab-d7d54c43326f,2021,67092,B
f7884d72-aa25-4b29-ab74-c86802719718,2021,98595,B
68b495b1-5d11-4164-a335-0a2242a545cd,2021,106996,B
df69fac7-6ecb-4618-b0c0-af56a33cf945,2021,1270680,B
1824360b-410a-45c3-885b-772fb1f75c46,2021,1322390,B
3c2b64cf-d67b-4302-9bbf-be1625939dbd,2021,20756,B
00b7899e-6672-4009-98e0-471ac726b282,2021,12025,B
ec497a47-7b53-443b-ab28-1152e39fa217,2021,12025,B
0d4cda84-b709-4858-bd6b-2c22c4773454,2021,12025,B
526970b5-594d-4dc7-ae84-91078ca72285,2021,12025,B
7cc74c53-02bb-4a79-b74b-86725513015c,2021,12025,B
34123b67-479e-4552-b0c4-8e2473f886c8,2021,12025,B
be8ff87b-a594-4f49-a36b-d88543935b5a,2021,20239,B
ba9c94dd-8aa7-4afa-b57e-48b5e91e1746,2021,1270596,B
c1e5f418-8f6c-4ae1-bffd-d4c7cf0ce2d6,2021,1270596,B
5a0d4ae4-ccd0-4519-83b2-29d12aa21592,2021,12025,B
6d603ec6-e047-4f00-a250-6007df54a677,2021,12025,B
70a9f1eb-6fa7-476f-b7b9-e77d6b5242cb,2021,12025,B
b955a81a-bb0c-425c-a432-b34354bb6d02,2021,12025,B
aeb92e8e-7801-40f2-b282-643213b085ce,2021,12025,B
f1477cc7-d516-4b4f-9ffa-5eea81a63a1f,2021,49071,B
7d2da74c-b3c7-4a5c-9979-be033ac0e4e0,2021,49071,B
8765469d-d790-449a-a31d-2c8ed937b2f2,2021,1270680,B
7a06a9b4-61e5-4da9-a709-ad6d09e6f24c,2021,1270680,B
8ab8e0ff-edd4-4533-b7db-06c042aeac09,2021,12025,B
81ced299-a62d-49ae-a82b-9772caf08013,2021,60886,B
6e11c05d-8109-4b0d-b58a-96530246379a,2021,60886,B
6b63730f-7c81-4556-8d06-e23d1ef19fc4,2021,60886,B
065e9feb-f936-4614-b247-ab8138e9d9bb,2021,116770,B
88574a49-fe0b-4480-b163-8f3f940a808d,2021,116770,B
538cb61d-f879-45b9-bbec-171c71aa3543,2021,1270680,B
756fc3bc-ba55-4631-81ba-56b3a3cd3e86,2021,1422296,B
c8930b96-87cc-4143-a011-d9e69818b3df,2021,5000951,B
a1f6530c-d93f-471d-a3ca-adcaa8fec90c,2021,5000951,B
16b5d2c7-7c95-4d3c-ab22-cee4adb5b2ed,2021,5000951,B
3b990647-510a-4221-8ab0-f4da2258cbf7,2021,107920,B
974a98f4-325c-4cea-92e5-572c993ef049,2021,107920,B
bea4b002-81fc-406f-85b9-fc76e43b19e8,2021,1270680,B
95f14659-ffde-4027-8e62-952219546a55,2021,1300284,B
4dd3c88b-ee6d-4888-8d87-85df98c4fbc4,2021,43664,B
bbf61db1-1177-4f67-a96a-662b02d5b389,2021,43664,B
4e8a4328-b670-4e19-9df1-ff33445004d5,2021,2209,B
9d4620f4-9fe0-44c8-be55-1ce8c7e1e6bb,2021,2209,B
a3748eac-3d2b-48fd-83a6-33171fd43014,2021,94762,B
210a7569-d2ce-456a-afcb-40b99778db90,2021,1385488,B
21120e2c-4bd3-4ea0-bae0-aeefa17214f0,2021,1385488,B
893c2697-e1fc-48f0-91fc-1709b9e1e223,2021,1385942,B
97430577-18eb-4441-8c47-a3963ce4fb84,2021,317,B
45100c5c-2504-4be6-a01f-164ff0998a3b,2021,18250,B
b251fb62-d626-4291-8cb1-7d80ff6998c2,2021,50082,B
55d6d7c5-51a4-476b-a5a0-cb0d888d47ba,2021,50082,B
a9b5ce2c-0624-462f-8a76-8b5f42987663,2021,108660,B
81dc48a4-7f95-433f-b366-306dd222fce4,2021,9425,B
113aa898-3d84-4bdf-8224-3684c6682df7,2021,13595,C
5ec79ee5-7d24-4792-a36e-cdc0f174c905,2021,101942,C
ca44bde9-29e0-4441-8140-182a9c3ba589,2021,1376181,C
54894be3-a12d-4a0a-be87-330784779392,2021,47069,C
6b6fca37-9310-4ba1-8e83-cb8e1695480d,2021,113687,C
24ce9a43-dfb0-4199-ba03-03ebc16a118e,2021,106996,C
28141870-c95e-49e7-aa50-0674ac49328c,2021,113687,C
ce263f6b-9d62-4649-bef5-91035fbc9f46,2021,13595,C
f3400f9d-d258-4cb4-9e81-b5914ed33b12,2021,968,C
a3d1a728-1473-462f-bddc-88150161e98f,2021,88084,C
b473b52a-83ce-465b-84f7-36870075f095,2021,43664,C
48fba8df-be68-4029-9d55-816227d5f983,2021,1351760,C
86a8e174-0cfc-42b6-b27f-106a60b4a48a,2021,106996,C
8b098600-b722-41be-9c8c-29b30c66cd1f,2021,98665,C
f45a3b0e-3ef3-48e5-864c-1bb5833291c2,2021,106996,C
f0836bda-a837-482d-9347-429353703fe3,2021,114616,C
ebbf4079-4777-4e72-93bb-1285247f17bd,2021,19047,C
fe468207-20e4-4c3a-9756-5681e97f6e87,2021,1181115,C
64e6dba3-19c9-498c-b3f7-ade1267b2c5d,2021,1322390,C
0cbda341-6258-47e0-bed3-034cb14a0509,2021,2209,C
32ec8fd2-60c3-4d70-b28a-1a1f4620b5b3,2021,43664,C
dac7976d-b6a2-4861-9225-f50e85a1879c,2021,118994,C
c353daa5-10e2-43e0-80dd-6459b9aaf8fb,2021,48205,C
8f41965c-5050-4cc8-aff1-9ae6e470b513,2021,88084,C
938d5445-b11b-4e1b-8720-fbf48b318126,2021,1322665,C
ff1020fc-8191-4fa6-8c32-899b11625911,2021,58808,C
01636901-8a46-4f7f-9e10-a5618c314b90,2021,37862,C
2c9a7dc3-80eb-4605-82c4-55b6ac291dce,2021,1351760,C
a442d2f1-c2db-460f-8041-771f466675ab,2021,116770,C
1a61536d-1f1b-4f41-9c50-1f19a5bed015,2021,95175,C
a50e6a10-4211-4111-9db3-18da77d1a50f,2021,106996,C
04a0264d-9b98-4cef-9a7d-50d27ae9dc80,2021,47505,C
02b36935-7270-4428-827f-e7849ef73bfe,2021,19047,C
2ab66c78-0d0b-4de3-aa44-62f5c677c3c8,2021,43664,C
4c37b4b3-a155-47cc-9b08-63438c3b85e8,2021,1181115,C
6077baf5-f714-4e18-8a29-1226ab375fc1,2021,83388,C
38845524-bd21-4d4d-a1c5-12d7d78a40ee,2021,74737,C
06f13628-d8da-4cf9-a57c-da7c4445efb6,2021,98764,C
b4968ca9-f77b-43f1-ab33-a33b71e62e52,2021,108660,C
da2fc633-59ef-4faa-ba54-c9baaaa9fc6d,2021,106996,C
dad80385-dfa4-4441-b955-b388b734fead,2021,1306689,C
1730760c-4687-4ace-9006-65d68ff8c8a6,2021,37862,C
e4e25ef2-76f1-4c74-a961-5542bf7a5926,2021,19047,C
ab7d46d0-2863-411e-940a-47a5aa853f57,2021,106996,C
582b3096-03eb-4ff2-a71a-510aa5fa52f3,2021,968,C
c0f2d587-3df2-493c-8c3a-4533a3f55510,2021,98764,C
63a33c38-a25f-4f15-bc43-09d236c6418f,2021,1148708,C
eed01db7-e349-4ca3-8078-a7ff5c8bc140,2021,1270596,C
79720c0f-ee62-4493-9696-5b8e8f25ab42,2021,13595,C
cde8f224-a769-457a-8cd6-4410f7698421,2021,1300284,C
2f26fea5-4dfa-420c-b4a2-db5e5c841004,2021,58808,C
9f37ab69-17d7-41f5-a273-d1cb185059c7,2021,1322390,C
37d304b6-b738-4d87-ad8a-bdc975405376,2021,101942,C
4cf0a116-9b15-49ca-8181-a020b9150022,2021,37862,C
3a9ebdb7-5717-4302-8fdf-d6267a9bf37d,2021,48205,C
c586dfed-f8c8-4576-a89f-b8e589866e71,2021,37862,C
72c78bfc-e088-48dd-a350-4be31eb59839,2021,18671,C
98d6ae4c-781a-4c9c-a1c5-35b3906f3aa4,2021,1322390,C
afb0bce5-e03b-4711-9f5c-59431f4ea262,2021,40343,C
6a9a6d45-1246-46d7-bc7d-caf066bdf362,2021,48205,C
3c3b387b-9829-439b-8af7-747a5bed3cc5,2021,18267,C
ff46df9d-4ae4-4bcd-b960-a49712eb12a6,2021,107920,C
1a12ce43-b6ba-4a4f-8dd9-409d6d1427d1,2021,19047,C
7050d895-a03f-4b47-a4d8-538ee263d9cd,2021,107422,C
228e8b83-f7cc-4368-abf7-63c2c476ce52,2021,106996,C
dc0204a0-5d33-4968-ba30-b3245227c82c,2021,88084,C
ccbf43df-9bdb-4650-a4b9-90026a5b7ff7,2021,1136142,C
9d689f77-e96c-436b-83f0-97bfcdb11717,2021,1299927,C
ea828aa0-6bcd-436d-9463-9e82d84e919e,2021,1376181,C
8d5852b7-fd79-4af3-899f-2a19a022f49e,2021,83388,C
e10a172c-bc11-44d2-b9c1-31c271769db0,2021,88084,C
da86154d-81ca-47a6-bbef-bd4898a6eb44,2021,1070485,C
c8a62e1a-fce2-43c6-b708-3bbd3a782af2,2021,106996,C
fd827eb4-861e-4d23-9485-7f48bae7fdfb,2021,106996,C
7d22bb6f-f511-4fb3-90ce-67f5566a353b,2021,50981,C
7f1b960a-bcce-4c54-9ae3-af580ac4d197,2021,74737,C
1343f1eb-a009-490b-b762-b110c22df438,2021,95175,C
d9bf4821-45d5-4080-8d59-7527b6c0440b,2021,20030,C
8c772e9d-53d8-4d08-afd6-ac039cf60ec6,2021,968,C
60afc61d-5b09-4b53-b9f9-3c698f55c03b,2021,113687,C
1eb8c7fc-b74f-4120-beaf-74c3ed77ff8e,2021,20030,C
e8ec0c38-f7ef-4b90-bf7a-0d569b3d1fe8,2021,43664,C
aae0431c-4c05-4748-a5c9-216a576dad86,2021,113455,C
6ace0ad9-fce5-4d31-a1fd-0fed76c9dd5a,2021,48205,C
215fece1-fc6b-4b05-9f5a-4424e8921b8a,2021,58808,C
756a48bc-b119-4cde-8f5c-6a1f0159c9b1,2021,1385942,C
4010c4e0-2896-4970-836d-0bcdfbee5079,2021,106996,C
30ec7bf4-258d-41cb-8df5-62cb7e279ac8,2021,1269545,C
820c218f-5836-4f00-976d-18e709358b01,2021,81210,C
c7de8942-e837-452a-a25e-aa9c3b730cf2,2021,40343,C
ef208d53-036c-46ea-8bad-97d43cf8671e,2021,101942,C
eea25b1c-c78a-4a1d-bed7-6a9db518780a,2021,43664,C
a62e367f-5da8-4d94-9b9e-0a2c6492d8f8,2021,20933,C
6419b673-23ab-4ac2-bc11-abccd50414b7,2021,48205,C
32446424-c023-4cd7-b000-c41c6047b476,2021,1299927,C
f9f9bdb1-c836-4b01-943b-6d8951ca12c6,2021,20030,C
d7a4d482-b318-4f7a-9633-f1ad3cbad19f,2021,106996,C
d0c22a13-99e0-4203-b53e-856154a7e51e,2021,1258063,C
3797d552-b6f6-4f3c-aa03-37f8a5daa0e0,2021,91181,C
0d9d514c-1894-401c-b83e-e4e5301925b1,2021,94762,C
53033ac7-9881-4985-90ee-066a7f443e19,2021,49071,C
76e7ee2e-b0e2-41fe-96ec-43a29616e990,2021,968,C
d3e319a7-0ff4-429d-834c-0fd6e4370193,2021,1315444,C
69085338-6819-4742-bc43-f3978c267cde,2021,48205,C
4d2e4f5e-940a-4f6e-a797-9ea7ae9664b6,2021,107920,C
2d0e8bbd-a8d9-48c3-ae96-2d640702b0f2,2021,43664,C
88dbb083-f42e-4125-836a-c1cfcf0665c5,2021,50981,C
6ebbcb0b-ea79-4b92-bc2e-6811bb7d85f5,2021,104360,C
653f2340-f76e-4f84-af61-99869d92c53e,2021,19047,C
9eef9a93-7254-41b4-94e1-e78064227a42,2021,48205,C
d2f8d6f7-811e-469e-94fd-96aa30cf8d5d,2021,106996,C
7cbf4b64-fc73-4d0a-a3e1-b5c414b487e7,2021,1181115,C
10e2f040-2109-4cd0-88d4-ec10c1e9f861,2021,20030,C
e30878a9-d081-41d5-93fc-1111199b7261,2021,1322390,C
a9f5231f-f143-42d4-bc3b-2d60f7a06760,2021,55402,C
a5fa7d4f-7d61-4868-aebf-790f385adcd2,2021,48205,C
c5f11b8a-7886-4592-8d48-696ff1562ab5,2021,48205,C
864c0cab-259b-4cb7-8bce-c446f968e60a,2021,57606,C
f9f692f7-a0e9-4c15-9041-9cae39a44ccc,2021,1351760,C
01ed5220-5ddb-4653-8962-7c8cbef53aa7,2021,1047907,C
9a5e0335-b6f6-43a6-8236-d379d42d5691,2021,104360,C
9c982a76-2b00-4bbf-8905-1ebe48ab3769,2021,1351760,C
679f1b01-62f8-4a27-929d-91e5ef7f9e7e,2021,318882,C
5ac1581b-f040-4cef-a9c3-955b8f5eefef,2021,117532,C
da9a0b24-10b5-4d8b-90c1-05a848753c44,2021,1300284,C
92a0c26d-034f-41f3-9426-215b90c278cb,2021,108660,C
51a6c19c-318f-4146-8bb9-5d97c8f22cb3,2021,48205,C
fa94a25f-7d57-4111-ae5b-dcdfe4a0b5f6,2021,118994,C
70b126a4-eaa6-472d-b357-f5f5acf1a4bc,2021,58808,C
bd9f7513-4413-486c-8604-344266da7fef,2021,107920,C
f1da5518-0d96-44fa-87cb-4004a43e9115,2021,968,C
6d983515-4a8f-43d0-b962-c7c2baa8b070,2021,49054,C
5dded20c-79ac-4017-8372-ca646710fb21,2021,20933,C
7e56d0a4-b4da-4f90-bc9a-f3777b094473,2021,98957,C
0c71eaf6-e8ad-4488-b5c8-c090bd740abe,2021,13446,C
df2de409-b011-4c6c-9e5a-65017583e512,2021,19047,C
af79eb1a-dfea-4715-babe-e3650bd22c38,2021,13277,C
99148386-1b16-46f9-ad9e-a49250580de9,2021,88084,C
0a28ccdb-8f0f-4051-ad9b-299543c88f70,2021,19047,C
d0a6db13-1d35-4399-82b9-983d3c2bd38a,2021,94762,C
ffc3f5b5-05d8-4d9b-bbc2-5d39102521bf,2021,88068,C
14c69b29-eb43-4cab-a1d6-01c4ee727405,2021,58808,C
91ec93d1-a9bf-40e2-8669-e060c19cf2a0,2021,107422,C
6023c966-473b-458a-8690-23866e84b407,2021,20030,C
96f7514c-71b9-47fe-b260-671f937f3a73,2021,1322390,C
aaf5bb0f-562e-4ef5-97d0-853273231c92,2021,108660,C
1ce98c56-1122-4a5b-b00e-54fd72a29b2f,2021,1267543,C
2e8fe8b0-ecc7-44aa-9f99-c3d84f409f66,2021,18903,C
91533f6a-6551-4645-9b95-8c14344a5bd6,2021,317,C
4fe632c6-d2d7-47d9-b520-c182f1c141ac,2021,108660,C
a77ad3d7-77c4-4f7e-9ae6-01deea1408bb,2021,88084,C
6bbf5cc5-5edf-45d2-941c-782d0f30ef68,2021,48205,C
0e1cfc54-b37f-4495-b192-1e5cc4c1a4a1,2021,5000135,C
022f70b3-14d6-4b8e-94fd-a0b140075805,2021,64664,C
eb089662-f646-4f8c-a157-c0e3b45c38b9,2021,11452,C
4959b1ce-9211-4e4c-a619-746213d564c5,2021,56172,C
91ab864c-1b1c-488b-a710-2dd20bdf53f4,2021,106996,C
fdc7bdfc-9cd9-41c9-bb49-42b2b2afdfac,2021,98764,C
b07513ba-b336-4298-893c-2b95566093d2,2021,1288839,C
915e1bcc-6c11-45a3-bcbe-8312fb0579e8,2021,58808,C
37c308f0-c30b-40ce-a8a3-47d6a4163a60,2021,1322390,C
07928aa1-a3b2-4929-bc85-794641d453f8,2021,968,C
faf6e960-2ee7-4e73-bfaf-b25f32d78d96,2021,107920,C
d97c2407-1a28-4a74-8122-8e6c717e5884,2021,48205,C
8cde04f6-1a20-4ceb-8ccf-d2339a84f492,2021,106996,C
db66d50a-3dc3-40fc-936f-00a56fbf31c4,2021,1101244,C
9a3391b9-5b0e-47a6-b965-1cd3bea11165,2021,1403879,C
3cf09912-55cb-4fe9-a515-b0d66f8d7be2,2021,74737,C
6ab3fa4d-0eb6-4b3a-99a7-cfb46e7ed0e3,2021,9425,C
86ae3895-e6c2-4cda-8b02-538cd0d87fd6,2021,1385488,C
3f28eb9e-91f0-4724-85ff-e1c21c6eae58,2021,13595,C
f1e2d7b0-f968-40cb-af92-b3199b08d0a0,2021,13446,C
50030f5a-db28-4697-891d-5104d31fb3ab,2021,20030,C
867df202-5488-4042-8b84-4b53792f4c9d,2021,1181115,C
dad9eeab-c9e5-49f9-b847-6f668889224d,2021,1385488,C
afd89d58-c14f-4d26-ab7f-ddd91dd0dcc1,2021,108660,C
6006e712-7e0f-4f19-8cb9-997979d8788f,2021,1376181,C
bbcc0bb2-ec23-47c1-90e5-56dc9afce2e3,2021,98595,C
75c32bee-f11f-4dff-8d9d-4c1342710a11,2021,37862,C
88d76cb9-5798-4577-9339-bbe1f2d15dab,2021,1288839,C
21471bfd-17e5-4e79-9a38-e996789c4fb0,2021,1306689,C
8ff30369-ed2a-4a99-88de-17b8c497d43e,2021,20030,C
9599ab3b-b4c1-4078-b594-f047b3314706,2021,106996,C
8280d20f-6abb-4966-9b52-9c31683967e9,2021,116770,C
bc627b9f-162c-4a54-8ddd-7c0feccde148,2021,968,C
2e182975-7767-4b31-8d93-4921ad08d51a,2021,37862,C
d6fe6857-b6f2-4a89-9e14-a3726520e3f2,2021,20239,C
6bc3840d-d80c-4267-897c-0d61c42251a6,2021,22061,C
f84e5a2c-f9d7-4b52-89bf-dc993d14d9f9,2021,968,C
05bc66c0-81e7-4b65-bab8-f12925c8b427,2021,1269545,C
f498ae82-1de0-4d6e-a38c-abb4f22a3a8d,2021,5000135,C
87b3c29a-148c-4a71-94f3-95ac04cf7f27,2021,1204325,C
83924605-df49-4663-b166-4b693a9b11a4,2021,18683,C
729b035c-4df2-4f1d-8427-200cd8502d37,2021,1376131,C
bcf22f57-e145-46aa-a92e-15e7f21308a3,2021,87396,C
bacf567c-fb67-4803-91e8-3a2c034017a2,2021,1322390,C
5efd6949-deec-4a20-874a-678b542cbbec,2021,37862,C
2d3759b2-e7b2-40a6-8491-a415178a9caa,2021,1322390,C
d449cf7b-29de-47de-8dbb-1353e389bc7d,2021,968,C
58a16460-e318-4be0-adb2-ae4b49e31d5b,2021,18584,C
602b582d-75cc-4297-8206-105ea389d763,2021,22047,C
24a4b87f-305f-4976-9b95-2ecb3c72a307,2021,1314243,C
cc834bd6-712b-4ca1-ad5e-ad7e2afec7a5,2021,1270596,C
dd89ee60-5a74-4362-9170-cd07ce0af3d6,2021,1103723,C
08f28c91-025c-4d7a-8fc5-ded6517aec96,2021,117022,C
31283836-9599-4355-94c7-cb02a30a8ec2,2021,1190071,C
e0e0c40f-007f-4a74-8c06-1595316cd162,2021,98957,C
3a04df6c-dff5-46d3-99af-837bed2c347a,2021,513,C
0fb7651a-9697-4e0b-b807-a8d6cad8c474,2021,107360,C
f81487ea-087a-45fd-9075-71a961537dc2,2021,5000135,C
b340ab2b-6fc7-4b05-8dab-3d279aeae47b,2021,9425,C
9867adb2-d1e4-4458-a993-7e411764c4c6,2021,19042,C
a7d16a5e-38a3-422d-a920-f44c78de8b82,2021,1351760,C
0f07302e-5913-42e1-92e8-db34a20dd935,2021,318882,C
37760afb-bf9b-443b-8716-6dd5d5e7a7f3,2021,47051,C
f729e2d0-8b99-4581-98e1-14b43f71ee7e,2021,57612,C
a27d0556-b65b-43d4-9def-fec13dcb4cc9,2021,101942,C
9f08142c-6020-4838-93b9-c53c7b0dd252,2021,90030,C
0af4c480-1fd3-4c2b-9a52-a2edfa5d3eed,2021,1190071,C
49a735ed-544b-4ad0-90a3-b1fa649fdd2d,2021,1385942,C
51dea2df-3468-4124-9483-91eed81c73e9,2021,19042,C
114e5301-2db2-45d3-ac40-413761ed9dbf,2021,37862,C
e9e0576d-a814-4638-ad23-07a79aab877b,2021,20933,C
e4ec478a-7b8a-42d9-8425-83e5f7dec6e6,2021,48205,C
89857232-6220-47a4-9be7-db0c9da516f0,2021,48205,C
71cec426-c7d9-4d62-b9fd-7dd4a4ec76e8,2021,5000135,C
24f8af21-95ef-406d-aeda-17e883c960bd,2021,98665,C
93aabc83-4191-497c-a70f-c9562b932ca0,2021,94762,C
9ca37326-feb7-4f50-8ac9-904e7d52d1dc,2021,1070485,C
7483755f-12ca-4dc9-9bfa-dd0015861372,2021,107422,C
c79c51d5-72da-4b4e-a2e3-6052c8b97551,2021,106996,C
67f333ca-ae17-4910-b0e3-0dd6c10b047a,2021,40343,C
e27241c5-1db4-4c46-af04-247c80b36f77,2021,1351760,C
efdb9ed5-fe91-4924-9750-8933f25495cb,2021,20030,C
288ff3f5-858b-4cc2-9aa5-c40eb1a7ca41,2021,57606,C
9b126836-64f2-4f4c-80cb-f8e7f4d58287,2021,37862,C
80790eff-6ec2-43ae-bd52-57a09028a412,2021,1190071,C
656ea82a-2c67-4626-ba94-32661430650a,2021,98305,C
be8b15f1-b4d3-42ab-96dd-a11137e8d3f0,2021,49054,C
06df4124-25c8-4a5b-bd07-ae79f8a773e8,2021,53333,C
21ed106d-f38e-4357-a8e7-be212f0dbbf5,2021,1322390,C
caee9f56-061d-4ccf-bd98-8ca5abe9715a,2021,43664,C
6eee9b40-62f2-4d0c-b5c0-c046b2f28934,2021,88084,C
3584f832-7748-4c2c-b0b4-a0d1696cb58f,2021,74737,C
205dbc24-168f-4ce2-aa5e-3fc491d43bf1,2021,1376181,C
1bd72e22-41f5-4994-9b03-0a5cf1a2ffba,2021,19042,C
a34dfa74-22eb-45ad-b4a2-c8c301807bad,2021,19047,C
f95f2b95-c238-4ce5-bd28-4faa9e06eca1,2021,74737,C
1f9a2792-1a15-44fe-98ef-7cee27c27797,2021,20030,C
e861df75-7bd1-4bf7-891f-1450f732ad92,2021,98957,C
9621e63a-9db5-4235-9c04-39d64281e732,2021,118994,C
0bfdf6f9-b6d2-4c28-ae25-fe34d274fc6f,2021,58808,C
5a347d01-4749-4ad2-8892-56b64a064657,2021,19042,C
a33b1690-1929-4ec4-b2a2-4b05617d8c65,2021,968,C
92aef5e0-392c-40d1-95cd-16a82e884cc8,2021,101942,C
9d0f9cca-f12b-47dd-8b83-8be38116035f,2021,19047,C
d14593ee-d57c-4fdf-932a-8ebb59935a81,2021,106996,C
82225776-730c-498d-9b2e-9bc282656b54,2021,83388,C
ffade25d-e098-4543-be5d-263da9dc20c6,2021,1070485,C
18ce165a-55f2-4234-843b-b0a106b388ec,2021,48205,C
e8d5616e-e620-4b53-9719-e1c0dc66413c,2021,98764,C
c45806ec-adb2-4f70-bcfa-6272a23ff003,2021,18683,C
51d72137-7568-4ed9-9d79-cf61dbb80608,2021,37862,C
8dd8cc24-9f4f-4536-99c2-3958ca508bce,2021,106996,C
959d3dac-debc-4aec-872b-32209145eb8c,2021,1132918,C
307737be-6665-4be9-bd13-0c13175af1c2,2021,55777,C
f496463d-fdd1-4387-a6c5-4961673a18f1,2021,86326,C
19191407-121d-41b9-8ed4-e61e87c97b3f,2021,41238,C
da0e2377-887c-4861-b95c-6055f409f064,2021,19047,C
75cf809f-42fe-48bf-8758-10d03fc42f40,2021,9414,C
1b224ce3-190f-4608-8a85-eb5bb12335ed,2021,95175,C
2770bee7-c7c6-4f5a-895b-899a84992043,2021,11452,C
d6323781-1d90-45c7-a725-5b767e033eaa,2021,94762,C
24df0800-b939-454d-b708-1e87a4109187,2021,43664,C
a043bbd5-c73a-474f-89e2-e30acdac131c,2021,53333,C
115e732d-32df-46c2-beb5-81ab4f40bf41,2021,13277,C
973cf0e6-5b88-4bae-b1fd-1f5ba2b4cc98,2021,20030,C
f8c940b2-4855-45e5-a723-ff4b62affff2,2021,98665,C
f0d87172-be4b-469f-8344-61745eb59c9f,2021,73519,C
626e6ca8-b0e9-4893-9016-2842a02bf2f5,2021,968,C
41d881d6-cb01-466a-938d-7fe8f7f6cabd,2021,118994,C
a1fc61cf-05f7-4bfd-8650-6793483b8b26,2021,94762,C
1d04a378-707b-4ba8-95ee-565d462db6ad,2021,43664,C
354edaa3-0e8f-4d2b-938c-2024a539bbbf,2021,98665,C
eef69ef0-1a51-42e3-b05e-9ae33dc5decf,2021,13277,C
929ba93a-edca-4d01-9542-d50de232cf30,2021,1272079,C
efe14945-0430-4b00-a33d-d9891768c757,2021,101942,C
09d04ceb-95d1-4ab0-a562-548b46a6cfbf,2021,98665,C
567b9b23-fb14-46c6-b00b-991291ea8219,2021,94762,C
0c1b558b-b13b-40bb-8c0d-bed19094055b,2021,1322390,C
e3d4b6e8-22cd-4831-bd58-8a120299c0d5,2021,1318224,C
dae115fc-21b6-4e69-a2df-a729b96f08c9,2021,88084,C
ccdedd01-908d-4ad9-ba46-e1658135e009,2021,18559,C
3ba2a205-4403-4793-8834-f9863a8ab624,2021,2209,C
f06cb37c-535b-404a-ab6f-a7546cb3bfea,2021,49054,C
fc1b5653-ab9c-4fbb-be07-5174fe162e9d,2021,513,C
7ced2a80-d3d8-4e2e-9f70-a673a9b76798,2021,1306689,C
295eada9-ffdb-495e-905b-7a8a78070d2e,2021,41238,C
2871920a-0977-4d5c-bff8-4340735ca3ff,2021,58808,C
fb134128-2250-4860-98be-ca3fbece3be5,2021,11452,C
79b1de5a-f621-44ca-ae37-7b5ef87ff1f0,2021,91262,C
3f8b42ad-5616-4840-8157-ef230926b4ab,2021,13277,C
22f13cf8-39eb-40a5-b41e-21180d06f4f2,2021,107920,C
ecb30b7d-f224-4891-b9da-d5c78ef2846a,2021,2209,C
840af4d4-1a12-4332-8d53-eda360edd03d,2021,18558,C
da19ea9b-14ea-4890-9d37-cf53e70c7153,2021,41238,C
dd8bf0fe-128b-43a8-abef-7f642d547d1b,2021,1148708,C
ead22ecb-861e-45b5-b11d-b3f8ac39a41a,2021,1427745,C
6e09eb04-f1e0-4eef-b5f8-f4b46df3d5b1,2021,48205,C
da453422-d3bf-415c-8f8c-91c6022af8ff,2021,2209,C
51178aa1-5d87-4631-a768-e64f750af7a3,2021,55402,C
1fbd2b83-dbac-4848-81fc-f23d752a2d3b,2021,88084,C
847d9b86-9ed1-4d00-8f2b-e08f63268aff,2021,49054,C
effd4372-ae73-467b-9671-ac1232fe0992,2021,90030,C
60f6567e-5127-4867-a665-3258863fd5f0,2021,94762,C
98229434-331f-4a2e-a777-0a4844f9af2a,2021,104360,C
e52ef13a-d282-4c65-b91d-46c21d5a7385,2021,13595,C
4c1a2ba1-1e31-4da8-807b-30c806666155,2021,106996,C
e96480e2-9b98-488b-891e-b3a91cdd6919,2021,1181115,C
be13b765-986e-4252-96b8-f7dac5d819c9,2021,104360,C
3512b23d-ccd1-46fe-80cc-97a448e5c38b,2021,1032473,C
3351683a-e939-4f79-953e-eb72f7969953,2021,43664,C
6da7171c-910e-4d81-99ed-990daa9b2d4f,2021,1376181,C
28021621-774a-40d0-b286-77845040e93d,2021,48205,C
130868cf-dfd1-4e54-a59c-e018b38c19bc,2021,2209,C
a2b993e2-3a53-4118-b34b-b58f7cd0ce56,2021,50082,C
b42ca116-4918-4b9c-9039-6cf2ec05ea95,2021,9414,C
cfef493c-b222-477e-a0b7-6cd57244d86a,2021,107920,C
73d67e29-1df4-4a49-8451-5c8b9118d72b,2021,43664,C
0b917df1-ccfb-4b84-9ceb-f792d9e4bc0e,2021,318882,C
0ed77325-026b-431e-b033-ed3b985be546,2021,101830,C
44672921-4dde-4081-847e-c9186cee419d,2021,116770,C
877a2b3a-3a5f-4985-a1ba-4b7abce450d2,2021,2209,C
623c60aa-d85b-4897-90a9-8040d0e2e591,2021,2209,C
790738cf-6ab4-4b8a-8bdc-2c48e80f0a84,2021,83388,C
975b5792-64b2-49d3-b44a-2d11fded8b1c,2021,106996,C
86db673d-86e8-4eca-ae2c-7dc22b5e0d2a,2021,1306689,C
b95a55aa-6925-4858-b07f-ddc1a5ccf12a,2021,2209,C
b3aaa78f-645e-4e7a-86ef-ceb0c5cb0d53,2021,1187671,C
d8e0e28c-cef2-4aa2-9eee-d243d8a9c6fb,2021,11730,C
7f802e46-1d13-4a66-bcc7-f19534cd2632,2021,19047,C
c916cca1-75a5-4b96-a28f-29ded39bdc26,2021,101830,C
3a70e450-2f8c-476c-a679-d6085fb488fd,2021,1181115,C
78e6c7f1-edf8-49a0-9d2e-6ed1f5dfc19c,2021,43664,C
c0040cc3-9d68-4897-ac2b-0efbdc13bc2b,2021,21464,C
9ec2fad0-ea4d-462d-bcc6-d2bdcfc63842,2021,9414,C
5cf53bad-4cae-41a1-ba97-5afa4af354b2,2021,1330347,C
04e9d4fa-2a59-4035-b853-f8aa4a51890e,2021,1187671,C
225efbf7-e4f6-43c6-a390-24e702a5860e,2021,48675,C
26f14510-8cf9-483b-b839-0fd1e4d04fa9,2021,106996,C
b61b760c-bc33-4149-b81f-9be21d52ad52,2021,106996,C
3aaeec5c-0d0b-4133-898d-2b8e2dc2bf99,2021,1306689,C
cb201fd1-ae5e-4c7f-bb0a-979904e691c4,2021,968,C
a94c6911-03bf-451f-9363-4a4a6ded7489,2021,968,C
89737669-81fa-4692-bcd0-a47774dce587,2021,513,C
a76f8f7a-4738-40e2-9c50-3a100104898a,2021,43664,C
a29d0594-e4c2-40c4-b522-831e825643ea,2021,37862,C
bc01b8d0-4c1c-4f93-87bc-1e916d2c4417,2021,97443,C
26a8ae42-6558-4c01-abba-5654cdd46516,2021,95017,C
35d83ccf-595b-4b14-aba4-7665ec13a00d,2021,1376131,C
1931b31a-7d49-48a7-8c19-eefe9c14bc46,2021,43664,C
dfd135d0-6562-48a4-9341-92dfc6c7d5b4,2021,91181,C
a040550c-e0a2-400e-9de3-70be7797c966,2021,1288839,C
c3ae2258-174a-4d25-94a3-94d7da983322,2021,1376181,C
ee75be35-4319-40bc-b663-b4e6ac195bcc,2021,48205,C
2a70b5a8-1c91-4b21-9f83-be9447a8f053,2021,11452,C
f78fa311-9dcf-499d-afaa-047cbd1d5156,2021,11452,C
33e893d4-8dee-497b-97d9-2f6d14fd2fb2,2021,317,C
96969fb3-08a5-4898-b155-fe931eba6b45,2021,1148708,C
5c598437-1d9e-400e-8797-2bbda68909e9,2021,107920,C
2f3a8807-687c-4b32-a67b-65bbf50cd174,2021,18683,C
b8d9fc17-b91d-4413-a1c8-b3e704db085a,2021,1269545,C
00758238-dce4-43a8-af52-5d18a085069e,2021,1187671,C
8752442a-710b-41c8-a98a-e9e14fd45654,2021,1385488,C
73f05969-64aa-45b7-bd34-875fd1970c06,2021,1314243,C
670a196e-727b-495d-9a7a-81d047d59b9b,2021,5000135,C
9a65fa91-d883-47a5-9160-a72f0e1dee02,2021,108660,C
5285b166-1e0b-454b-94b3-f389d036e2dd,2021,1385488,C
bda98b9b-6284-4d84-859c-d66d37aebff7,2021,1403879,C
fca65451-5b48-4c61-a823-e1c3ed43b6aa,2021,13401,C
d19ec9a1-4955-4551-9940-39975ce5f917,2021,18903,C
5a25d88b-0d47-4f7b-9bf1-046c3a3dfe17,2021,22047,C
19f961ff-7e8e-4333-8782-c0eb826691de,2021,20239,C
a7bdf7e4-29f8-40a7-b7dd-be350ff3ea85,2021,9425,C
fe397302-178d-4a27-86a0-db51ce9583c3,2021,97778,C
d13673ed-fea5-438d-8d7b-4378e87b3797,2021,97778,C
53da6cb3-f183-4e51-adc6-ed7b35ad6365,2021,43664,C
f9b04334-ce14-44d5-9f19-894b743d7620,2021,48205,C
13a42408-77c0-43e2-82e9-6286c4a00fdc,2021,46377,C
c8e5efa7-3676-463b-a3dc-bdee07ec4b3f,2021,1322665,C
6e62db64-f006-4f73-8591-4a2a794c24ed,2021,104360,C
f71c33cf-c060-4746-9dcd-b83adb86b740,2021,13401,C
807b557e-f4fe-4124-bfc9-df1faee8b3d1,2021,118994,C
358ceff1-2603-4415-bc4f-b63f4c03732e,2021,98595,C
8c900375-91e3-4db6-8e27-057215b646d3,2021,13446,C
424f45a5-c178-4c88-b735-3e3021740f34,2021,1204325,C
6ba2232c-ea51-491e-b4d8-bb75ba48d608,2021,20030,C
820d0acd-1a0e-4e16-88ae-b67365fcf4f4,2021,1102628,C
b105618f-d8bf-48f9-abe6-6cb0f2cfb74c,2021,1148708,C
48336d91-002b-434c-b155-1f55a5082791,2021,106996,C
16665a4a-9ad7-4a53-a084-0eac8e2d4cbf,2021,94762,C
6358be09-d40f-46bc-beaa-e96e1060e760,2021,1322390,C
be392fce-a7c3-4837-91fc-cdb480885894,2021,1385942,C
9f6d9e7b-c2f2-444f-b28b-dda7f86ea9a5,2021,1190145,C
0498614f-e251-4bba-a3a7-d82d03bd0082,2021,1351760,C
a2043e73-41d1-4dfc-a409-ffb3501cc574,2021,1148708,C
cfa9daa5-a2fd-4bbf-9ad0-563837e28469,2021,59122,C
e419afe5-5600-463e-8283-83d274d2b9ed,2021,1190071,C
e2f71023-b1bd-4170-9056-664cfbe0d3fd,2021,2209,C
7a973875-44cb-4bf8-b1c4-f0401bae6c29,2021,41238,C
629ed823-dbca-43fe-aa6d-17cfeda13206,2021,17898,C
99733cd9-de3c-4cd0-9bf8-70f486cd23ff,2021,1270596,C
c9083d65-784b-463b-9188-ec70c5478898,2021,106167,C
a3842010-b0e0-4164-b6dc-f2b731809932,2021,13401,C
af0f0c06-21eb-434e-ba99-b569c7ff7cf6,2021,1288839,C
2dd0632a-c895-415f-b244-96cd0629d0de,2021,1166783,C
d7e1d95d-c7a1-45a2-87a8-3986137f1357,2021,968,C
97e39345-5778-4d71-80b9-803d6c47f2c7,2021,18558,C
9b60bff2-e4a4-46a1-90f6-54751c4e3a1c,2021,13216,C
f4f20b51-94b8-45a8-9c9b-11a5123a8aa7,2021,98305,C
c31b09e7-7ba5-4c1a-a2c6-658f2ed5c9f0,2021,1265453,C
8e2687cc-943a-46cf-af11-c7c90bea6d26,2021,87396,C
eb2076d7-0c57-4d91-8204-b92af14bb74e,2021,106167,C
6178a8ee-a192-4b07-b20b-f22875dfdd9f,2021,19047,C
1befe54b-d901-4805-9619-908b9bfdf202,2021,968,C
b3190589-99f8-4e8c-a934-e8e1e6fbf0c9,2021,67601,C
5acc767f-aaaa-47e0-9200-b8de6f9ebc52,2021,1136142,C
7268f8ce-7868-4a24-b098-589d850e8d68,2021,106996,C
5b426ad7-d733-4b3a-8ab5-5774d30b987e,2021,1181115,C
1b53c5c7-abb2-4bce-9b39-26ad3a6aaadc,2021,1351760,C
5ec11613-1192-4de8-874c-9552e91c8d3d,2021,47478,C
1ab4d98f-1f97-4a50-b88e-93b0b6c725cd,2021,1270596,C
ca5899b9-6558-4622-9b7f-aeafe721fd43,2021,106996,C
f5eaff22-0319-4c8d-be4b-ecf278adc9c7,2021,18683,C
ee96fab1-9110-49a7-b90d-2bffad5f708f,2021,1187671,C
43e6941d-494c-44c5-b908-135885ee21fd,2021,1203177,C
63c383f8-7c44-4f14-882b-f41ceb2e6801,2021,90030,C
0cfe23ad-fb06-42eb-bcda-3b8e530624f3,2021,1427745,C
5dfd7fbe-d110-4636-9021-034ac8325d4b,2021,116770,C
8ae051d1-7ed6-43e7-8a0a-bd4968ccd2f1,2021,1306689,C
9d46aeaf-f0fb-4167-9a84-578fe1d802bb,2021,1314243,C
d1d314a7-635b-47be-acdd-030d9ffd71e8,2021,5000135,C
237671a7-e6e0-4afd-bb85-f57c4412d084,2021,513,C
b9f00e8b-f48e-427d-a0c1-27b98239cf3b,2021,1385488,C
d7c777e0-fc58-45a3-a4ec-45ffa6660e03,2021,18584,C
f81a1dfb-b89d-4a2c-8a46-3c4cbf1d750c,2021,113455,C
5967d46d-90ea-4d16-81e1-73625b97fe54,2021,1306689,C
f5185ecd-bca0-4187-9d86-13d1187f3c2b,2021,74737,C
d36f31ea-0847-4583-96c8-58819df7b7a7,2021,106996,C
c9abb496-4cb3-4299-95e6-f76c40d1c99d,2021,11452,C
21ac6f56-2678-407c-87a8-10c92c426972,2021,1181115,C
258e696f-c359-4749-a934-0adcbeefaf50,2021,103062,C
ed2bb5ed-34f0-47aa-8320-cf623c0f7d83,2021,13401,C
2c5315ab-ba79-4633-87d1-4d6f3fd59504,2021,53333,C
e2afabe7-c1a0-44b7-9104-808f78eeb9d5,2021,11554,C
f8972980-997c-4807-bc0b-c81f9fa15973,2021,11730,C
8d14dc8d-7d91-45d3-8494-287144fe8994,2021,1047907,C
1bdd9ec9-b3b6-4c48-aca5-de37282bb2c4,2021,13980,C
8d95e2a8-2182-4097-801f-778b60ef864d,2021,22061,C
50a2d10a-0bee-412a-84c4-6eeb3f37150d,2021,1161716,C
52a1b8ea-17a2-4f36-882d-0772322dda6d,2021,1385942,C
a7655962-a9fa-4982-8bbf-bbdb448fdf17,2021,88084,C
e9764305-c5af-49d0-8939-c33ec5438feb,2021,118994,C
1e376041-1ead-4146-a0f6-5840bae5ca8f,2021,11452,C
6806344c-bca5-41ea-81e1-31bb14c204b6,2021,88084,C
9cc52a08-ef31-4d61-acc2-9e910a78d3d9,2021,1427745,C
303d6dab-56e7-4d84-8157-6e1ce35b8ec2,2021,1204325,C
11085e78-6646-4506-996a-77a31f7d0a2f,2021,18683,C
cc26886c-ba53-48ad-b08c-73739d0cfefd,2021,101942,C
ff289be7-34b3-4210-9489-267a3ecd2890,2021,968,C
ae9b2ff3-83d0-47ce-a7df-b8c836edb745,2021,97778,C
49e4858e-3fc3-48ec-8556-ec06482039c9,2021,106167,C
d3f94fb2-832e-4c4a-a745-fe2393228e14,2021,98957,C
1c85a7f3-1308-4d42-ba38-da7444abb4a1,2021,13277,C
1cbd24da-b6af-4bb9-8d25-56c78268ed69,2021,106996,C
94001c69-90ca-4422-86c8-31e626739622,2021,1108692,C
9f8d8612-ab2d-4ab9-80fa-4886eda243fe,2021,968,C
d5693d01-a5dc-4700-ba8f-d7344b71b790,2021,1288839,C
f429cb2e-2b17-470f-868c-84a7374d5478,2021,20030,C
4d8b84d8-89cc-4314-8fbe-aed9c132d6f7,2021,1427745,C
5511feaf-72c2-4241-aac6-f7fae589cfed,2021,58808,C
0aabb6f1-c8a3-4c4c-aeda-f5d763b45be1,2021,108660,C
e1324d5c-4203-4f8d-8b83-39b874fed674,2021,88084,C
1e487a07-a87c-49bd-b559-a56b13d1a1cf,2021,1267543,C
c6032add-5c12-42f1-afe6-679b6f4e12ac,2021,1306689,C
1c26ad11-ba0a-4297-8cdb-f41e7777df67,2021,108660,C
55beb514-6c4f-4198-8995-fc8cbed38e13,2021,98305,C
aa22571e-78e0-407b-8b36-02ce5d6d3dc7,2021,57606,C
18e3b8b5-d03c-4d27-9c95-9960771d3686,2021,5000143,C
5e0ba1e2-58fd-495e-b9c1-14dc46ff31ee,2021,43664,C
3f730ccf-753e-4e34-89d6-d36d2fe246c5,2021,1181327,C
3f725a77-98d0-4cc2-ae49-fb3a9812fd61,2021,1101244,C
06da52ea-8251-47bd-9c3b-f3673837a6a8,2021,1385942,C
bda20177-cdf1-4ef8-a969-a9ea926a735d,2021,47051,C
02429d92-e4da-4d70-90c3-fb7c6959f08d,2021,94762,C
35ef288b-bed9-4eb5-bf36-4017035475f5,2021,98013,C
e66d35bb-779f-4a8a-bd8c-40274e3a0308,2021,1322665,C
5cf8b515-65c9-4c71-a6cd-afaac154f500,2021,968,C
9403958c-dbc6-4e64-a85d-8e3fc98d1176,2021,95017,C
7614ad62-8bfe-4d83-8e44-96d3b1914a43,2021,104360,C
323b5515-798f-4a0a-8676-a941fc099262,2021,20030,C
ced0eb80-9307-4e68-9675-50b908114374,2021,106996,C
45e9f61e-4bb2-4661-8e0e-0dcfad882844,2021,106996,C
fb43dac7-db64-49d9-b6be-faf0106ebf41,2021,18903,C
4a85d8b3-a4af-450a-bc50-f3fc8cf100ce,2021,47505,C
c957dd77-188e-4300-bee4-aafd0461a2b9,2021,47505,C
9045559d-4a09-4430-9927-50f9afffec9b,2021,513,C
bf2d1f0e-c7c6-4e16-92c5-fa2b895c3e3f,2021,98595,C
3e4839cd-1a9b-4b2e-b411-b62a33ba5a33,2021,13980,C
4cc3b407-9d0e-488c-9715-07aa69e0521c,2021,1136142,C
c0dae8ee-c9f4-4304-bd55-d40b04ff1aee,2021,107422,C
f84e3a7e-f6ca-47da-ac2d-55b37eed9430,2021,107422,C
6809eb06-6482-4722-b656-05a5999a8f3c,2021,59122,C
38cd1bd2-db61-4c02-ba5a-a9c46a651d0f,2021,1314243,C
359c2aa9-a767-4314-9f0a-0db4d684ad54,2021,18559,C
0f9cc81f-d433-4d36-a868-c65c6ada3f14,2021,13446,C
0f7687a4-f65c-4273-866b-0ae8d49a91c5,2021,114616,C
cb4977f1-bacb-4305-a3d4-ce935eebf069,2021,968,C
607f7dfb-c5f1-4d85-b1dc-c4ff29db0f6d,2021,18584,C
d55f4c4e-721a-4ad4-b852-816befc3e555,2021,18559,C
887ec939-38d2-46c9-a604-0d15d2c46491,2021,1315444,C
56cbe9a8-12ba-4d23-976c-7f58075bd5dc,2021,1190071,C
6d98ee94-071d-45e1-a482-4f2e563b1082,2021,62484,C
e19c40ac-e90e-4424-8ead-95dca4d4928f,2021,1203177,C
ac080400-0ac1-41be-ba08-3a4ef461f65d,2021,1070485,C
c9227e7c-e45e-4f43-af01-733020827289,2021,97443,C
e837e4ad-fbaa-4d5e-89be-d8f7f8c7fa75,2021,5000135,C
1239189e-d73d-4b64-8440-b22f7a85af0d,2021,108660,C
1673aa7e-0a1b-4de7-b8f6-dfbf79771929,2021,1267543,C
7023bb4b-5bd6-4f67-b640-5d7346f799a1,2021,73140,C
4d6147bd-c0c2-4a4f-b124-5b2e28bb96c9,2021,21464,C
b5f484bb-28ac-49cd-8550-1e0fb82baea6,2021,37862,C
a7c55ae5-e191-4c15-b51c-8b7886b5ccd0,2021,47478,C
5d5292fd-f20d-40d1-9200-d5a66515b83f,2021,48205,C
37de2844-cc1f-431d-867e-747e22812432,2021,1101244,C
d1217a85-51ba-44e6-beb0-912387110153,2021,5000135,C
6e8b7316-6701-46fe-9786-e7ad1b6be1f7,2021,88084,C
713b8aae-8b40-46a8-bbd4-30d05d30db23,2021,1318224,C
514565e7-ace5-4f73-ac44-9ebc051f9e93,2021,118994,C
09dc8a7e-2f86-4d95-ad5d-df51321fb77c,2021,74737,C
ea57b4de-270c-4145-90c5-6f3af69f3f05,2021,1181115,C
6980eb13-8f51-4956-95fe-c4e359f67883,2021,5000135,C
779f1e31-dbc8-43d9-8115-9dade0dc8f65,2021,19047,C
0aeac904-47ba-47e5-824b-40d983db8f4e,2021,11554,C
3ebd1f72-7c62-4551-a24b-9529092d534a,2021,20756,C
1d74a67e-3f3c-4900-bd5c-ab777c678720,2021,1376181,C
dac361e0-74b8-41db-9fee-c159f902722b,2021,104360,C
8ab00440-f84b-4aa8-93e7-a2282db0f241,2021,107360,C
207594fa-cb98-4863-a131-2e5dffa39cb1,2021,101830,C
2963c8dd-70c8-425e-bd0d-c6bbc64ff518,2021,968,C
597e9d59-539c-406c-96ac-bf778ecf745c,2021,13277,C
89cc93aa-a996-45b6-a8ab-04e15bbaa7ce,2021,1190071,C
790050d2-26f0-4c03-b4bc-1c95869e19ed,2021,106167,C
a4784541-748d-4694-9bbc-bd19b0bd6461,2021,94762,C
81033859-648a-42f0-b68f-ac3bb29298e4,2021,104360,C
f6bddff1-47b8-4e34-a1ae-55e3b091c911,2021,1351760,C
982d0991-59d4-4475-9c23-4950525d9887,2021,107360,C
3197c13a-f457-48dd-90fb-1728bf9a61f3,2021,101830,C
6b40f5b2-02bc-4cb0-8bbb-61a28a14f624,2021,98595,C
6c5aa72d-3954-4500-bb1a-a3efa629d579,2021,13595,C
6f72e5e3-cc5f-4a12-98b6-7e3741edd990,2021,1385488,C
ec42e1df-bcc2-47bd-a52f-b973890c9477,2021,18683,C
4eec41d5-e198-4e4e-b28b-940304fd635e,2021,1136142,C
6ba8e1a8-a73c-429b-bf35-7070be10c77d,2021,57612,C
b1401689-4c87-46cb-9272-9c20023e2f84,2021,95175,C
7f05363b-916e-46ea-b3ec-caf97655f7d5,2021,47051,C
aa96494a-eb7a-4732-b666-544c8607ee4e,2021,13595,C
315a05f8-c92f-40ca-be78-500715df1dc3,2021,13446,C
cea3979f-f770-4fbf-9c6c-7d4abed41fba,2021,1132918,C
800c4527-5ea0-4190-a47d-3a8619df53c0,2021,1283028,C
e3600170-d88f-4636-92ef-179b329ef45e,2021,1267543,C
18a5413c-3804-43ba-86c7-e6e65053f73a,2021,47069,C
1cac714e-8d09-4b15-9a65-7435ca4e4a37,2021,95017,C
6725bcf4-f440-4151-938d-3266cf2ebb73,2021,20030,C
5253b226-0745-463c-9696-6e7cf4261fc2,2021,18683,C
0b94e04d-ff75-480a-b048-1ed8aa03aeac,2021,99820,C
38e5b030-f632-4379-9b49-342ac57c5b5d,2021,5000143,C
5b2485c7-9d93-4e3d-b6f2-b3282eb65492,2021,47051,C
76e659ee-1d93-4299-a4a9-2902d348812f,2021,13277,C
8b540273-1671-4890-862e-6e86b5a1a704,2021,1422296,C
af3b8714-e5b2-4521-9d7c-27e6a48c4b0f,2021,2209,C
98f31e7c-a190-4930-af3d-2edd5045fbd3,2021,13401,C
4abac12c-b2aa-44bc-a570-f1d1cd7d47d7,2021,53331,C
3d32f242-0bdd-4256-bafa-34ca4efe6d3f,2021,1314243,C
c92dbb37-0f29-420d-af72-80a3ab6e4f6e,2021,13980,C
27191eec-54eb-4498-9374-216ad2213668,2021,18559,C
1822fd39-096a-49d8-b02c-3b5f6ac6e98f,2021,20239,C
dfb10a76-9e8e-4deb-9df4-ba378bc4455b,2021,1136142,C
84afa358-b5e8-417e-87b8-4a949363c67e,2021,56172,C
4da9ffd6-9193-42a2-864c-cb459b3ae151,2021,101830,C
7fff4cf4-9126-42c6-913a-4fab8e28028d,2021,97778,C
bfa230ab-bc0e-4bd1-bcfb-b93a008270f1,2021,1103723,C
bd080f63-8be6-4e3b-a0f7-76968732e9a6,2021,13277,C
c7a54dfe-dde3-47c2-9e76-1f8047024b75,2021,20239,C
2383b400-d220-4931-bf1f-77ece597778a,2021,62484,C
d777582b-0e82-4b64-bf31-91a9608dca63,2021,97778,C
b27faffa-e40f-4cae-b26f-59dc7ebb4585,2021,107360,C
bb8cd423-f368-4907-bd57-2490b79f4c1b,2021,18584,C
9bf11804-abea-4bd1-8a3f-32de5f041430,2021,318882,C
62ae1d85-4428-412e-ba3a-606d5dea1603,2021,106996,C
87a2df22-74c2-4cbc-8627-a173db080fad,2021,97443,C
108262b5-5f47-473a-aadc-5176ecf2c848,2021,107360,C
aa8d0ff9-f25c-4701-aa97-5264e3749c20,2021,1330347,C
da4c29bc-74f2-46ed-8d7d-ae7884767e95,2021,1103723,C
8d8cfa9c-c114-419f-990c-7a2548dcd7cb,2021,11730,C
ceea8e99-1c12-47ac-ab4c-ca1fe5cd736b,2021,1148708,C
51bdccfd-ca0a-4a64-8330-04b079ab51d2,2021,88084,C
0213c43d-c167-41b4-a201-570eaf80901a,2021,1136142,C
7a4fd3e7-3200-4f19-8c5d-e404c64377d5,2021,1204325,C
fc4eaa1d-63c4-4f61-8d41-99493d18dca3,2021,106167,C
1d280239-079d-41e6-83ea-f8d07445beda,2021,18683,C
89e11d73-9a9a-40ab-a0f1-bb561556297b,2021,118468,C
2b907973-9041-4928-a152-ee9a036beafc,2021,13446,C
d9176cee-36ff-40bb-a9e0-7e88c193575e,2021,1148708,C
36fa2876-0615-466f-a1de-0c1691300b83,2021,13401,C
ac2411bb-aae8-4d9d-a076-302b946c1a4f,2021,11554,C
52e0d579-885c-4e26-a416-8ef37e914d9d,2021,1376181,C
6e320e4f-5bb9-4309-9eef-85dd6dc8814b,2021,2209,C
f7f3a14a-f5a2-43a5-8c3f-b7ad0118487b,2021,90030,C
6c5aa5e0-2885-4a22-b213-498d875217ac,2021,13401,C
33e4fc77-0703-4325-bdce-57c5eebd6b27,2021,101942,C
2dd098de-4cc7-4448-9956-9e2865a49e4c,2021,19047,C
9038312c-aebf-4816-9459-024105729605,2021,1385942,C
2379c51d-c627-4c5b-ba6e-c2f15d62ae2b,2021,317,C
fd0be606-e7d6-4719-94a5-9fe5ab1bcf87,2021,40343,C
50e863fd-0273-4c4a-b3db-50829bfd5d89,2021,50082,C
78c69350-fd25-4165-b854-9519d2dd6d2e,2021,1351760,C
648a90ca-5ba2-4b98-94ba-9085a818becb,2021,64664,C
babd3286-3605-4475-b8aa-a68004cf3f1f,2021,13446,C
2763cf41-d3d9-4368-9c9a-fc89cc9cedcb,2021,1032473,C
008e724e-02ce-4b94-93a6-bf64a0245921,2021,48205,C
1cc34b32-78aa-4679-af85-944d1199cbbf,2021,49054,C
bb45ea6c-8656-46c3-819e-c50071a77699,2021,13277,C
79a22d9c-6348-438c-8121-ae2ce15b0db8,2021,11452,C
b4febad1-6bab-4f7a-989f-c0f6be9d4f1c,2021,1351760,C
3dbffc85-252d-4183-9111-f1eafe37e722,2021,13446,C
788c7118-31e2-49b9-a788-d701d52e2388,2021,1148708,C
2234827b-b82d-47db-a174-46bc8a449497,2021,94762,C
2ec4f180-0018-4610-ba24-54ca41b3f393,2021,1379275,C
1862fd60-0054-49b0-a4a8-900fad0c5d65,2021,968,C
d3515ac8-9c9a-4188-8ff5-5d43c379d789,2021,1322390,C
d8e48150-5b40-432a-a458-07d8a3bb4e91,2021,317,C
15be58e4-e445-4081-ad0a-43967e29e102,2021,1136142,C
7312a1e7-c985-472b-8903-02a81b055250,2021,1166783,C
c00ba084-0b8e-4740-92ad-eb407ce6f008,2021,9425,C
0c178ae3-e39d-4abf-bdeb-b5fb72ad9748,2021,55402,C
15e467e5-6d07-438a-abdf-6a82b7482c69,2021,73140,C
2c294f9b-1ecd-4331-85fe-bf1c3d0e71de,2021,513,C
120f0fed-a21b-463e-a450-6b3db02a4be1,2021,53333,C
0d3b1237-d365-40ce-97d0-694b36901dec,2021,18584,C
b09b8b34-dd5b-4a2f-b4c1-926f7092132a,2021,118420,C
e90be4de-acc0-49b8-95ec-ce83938179d3,2021,94762,C
3e5e9c48-0408-4a65-a962-260d2dc6e387,2021,107920,C
710056f4-f089-4cf4-a857-f2d037c27c3d,2021,2209,C
8dc58d1f-0a5e-4111-855b-c6a92cc83b22,2021,67601,C
6193cb1e-cec9-431d-b2e8-c79c88f53bf6,2021,1136142,C
482dc17a-2f1e-43d9-9760-9f85ed1caee2,2021,968,C
631a8de5-226d-4a76-a39d-07d27502bcbd,2021,5000143,C
a799076f-cb58-4a19-afe2-16cee0dae6a5,2021,19047,C
3e5c95eb-5208-472e-95c1-e191e032c6eb,2021,1204325,C
bc595ddc-037b-4256-b962-1cf8c73c61ea,2021,9414,C
0fc12106-0fe7-42cf-a3b9-7cafca6885d1,2021,18683,C
e1ef3d61-c49f-4c7a-ad75-877aa68a504d,2021,50082,C
a315916f-3f57-4df5-810f-0e1cd6ab312e,2021,1314243,C
fc16dd10-99db-4416-a07b-5d53e5b62d10,2021,2209,C
61ff9bbe-535e-412f-876e-6484648834c8,2021,55402,C
d200812c-ce88-4882-b092-47e3db32c7f0,2021,1265453,C
388cd673-e8f2-4fe7-96e4-d45454474109,2021,1190071,C
ed92f10a-3f44-487b-84c1-b5a51e0d01dc,2021,103062,C
d1518c97-7a49-49aa-abc8-f91e6c962d34,2021,1269545,C
b4f4b51c-cd84-44c3-a9d2-5b8b6a615074,2021,117022,C
4376851e-1ceb-45b3-8db8-bb398ee51d03,2021,20239,C
c876ab73-2892-47cc-9694-f2c7d147380a,2021,54934,C
8749accf-d889-4c16-9bad-d3710a926d1e,2021,47069,C
6dc548d5-c702-49c3-be1e-36e3cdde5db6,2021,47505,C
85ce5de3-2152-4c6a-8bdd-70ff90aa3c49,2021,49071,C
2037f0ad-c506-44ad-895d-955a42d1f360,2021,18671,C
be24b969-c0cb-410d-90ca-c62cea830301,2021,49054,C
ebac38bd-ffcd-4f5f-b0b4-3e9f24fc8c8c,2021,13401,C
5d7a1473-71cb-497a-8f75-b887dee24a0f,2021,1376181,C
dd3d05e5-dd3b-4989-954c-31d0b47c31d8,2021,102590,C
2781cd87-e02f-4363-95f2-361f95c4d349,2021,107360,C
4fc83a30-5e17-4146-b259-a1fe90ebb14b,2021,107360,C
f6be1a98-b196-43a3-8618-f9018560d74e,2021,9440,C
515de41f-15c4-4c96-afa8-a4693b5dc04f,2021,317,C
60b2054b-4bc8-4c2b-9767-3f76729c5bc5,2021,90030,C
95d40387-3093-4c55-a60d-8f66994998c3,2021,47505,C
a3b9dd39-2213-4c27-b81c-19951aff84af,2021,98013,C
4253f181-5c8f-4d3d-8090-105d84003f4d,2021,11452,C
5cff424b-3432-40d0-bd08-60a63c472d46,2021,1288002,C
e4aa0b6a-96aa-48f4-85db-cf6008e7f024,2021,41238,C
68ab1ea0-4b60-4f22-babd-22f7deee76ca,2021,1427745,C
8e1d6a98-5d29-428e-9364-9fdc509a254b,2021,1427745,C
3cef48d3-7855-4681-9359-710c4553746e,2021,55402,C
0086bb90-7ebd-4cb1-bb5c-f8c08f9b1dfd,2021,13401,C
76cd238c-aa23-4bf9-8778-950aec3ca7ae,2021,10515,C
e1d41739-40f8-4530-9756-7c5a2ebc3cbd,2021,1330347,C
2c5f41f0-5070-477f-844e-7f7412ac8079,2021,1118057,C
cdf9e7d1-075a-4bad-91f3-bbb6e36c1f88,2021,67601,C
9919e323-b205-44a1-a843-dfc72de82404,2021,2209,C
8257ac31-586f-44ea-ab86-8cb21abf25eb,2021,13446,C
71b63a49-705b-4f9a-bd01-1c79ceddd144,2021,13446,C
dbfe845c-df32-4e50-ad8a-ee5cea2e377d,2021,9440,C
5325ae22-49e8-4b55-9a5d-419ffde34550,2021,99820,C
b0bceb1a-ede0-4331-8158-7fb1a6fa9390,2021,513,C
c5f868dd-c0c3-41c5-ab30-b6ad21689f71,2021,13595,C
4339e319-2230-42a2-98d3-9881c7b29d0c,2021,88084,C
9cfc843c-975b-46e4-b864-eee04e27c5ff,2021,95175,C
ccf9226d-ada0-4ab0-b5aa-cc0a5e60ed7d,2021,40343,C
63cde511-ae5f-4494-b9e5-22a0a69f96dd,2021,47069,C
938c9c69-c2ea-4aa4-a0d5-473064c5e8b0,2021,90030,C
5705de25-325a-4650-9648-54023704a17e,2021,20756,C
ef996eae-6893-4c72-a4bf-62abd633a7f2,2021,47069,C
226660fc-14eb-4820-a551-c0444daf8c36,2021,101830,C
ff00622b-1d22-40f8-bbe4-388d4f420395,2021,13401,C
6c900746-b5e9-4c35-ab6e-bc97b73aae9b,2021,1118057,C
81655f8d-d90f-47d5-a9ff-1daaaa68f3eb,2021,104360,C
66816802-c4f5-4181-b320-fdc4b356967a,2021,21464,C
33c1ac15-747e-478f-95ed-d6e7581721c0,2021,1270596,C
c4c34fd0-9aca-4ed4-94ea-0af461eae755,2021,117022,C
90b2d73b-a427-4097-ada6-edee45e085cb,2021,90030,C
877d0190-8082-462b-a6d7-25476c0ca3f1,2021,103062,C
aca4442e-f5d1-4fab-8237-a797b63f051b,2021,118420,C
af86dd82-0b49-41f6-8b42-f364293df375,2021,56172,C
788d707f-7d7f-42fc-a571-58778a762711,2021,49071,C
8f9241b7-1152-4baa-a7ee-a3637de2dd92,2021,103062,C
17c43a32-d4be-44c8-afdb-44129fde85a7,2021,1161716,C
9c898a6d-2c37-406a-bd30-25eeb53b5996,2021,62484,C
6bff2b1f-9bfb-444b-a9fd-e42881603e01,2021,1267543,C
eecd54b8-a59c-4492-89d6-a90f4cceb97a,2021,13595,C
b08b0818-e40d-457f-aff5-ceb74ffa52f8,2021,107360,C
24cc007e-84c8-4e29-939e-ecbb99eec133,2021,9414,C
24c15c58-484a-4d80-88b8-cd19520f7d23,2021,54934,C
58a677a7-4bef-43c6-95e2-67601e7d4205,2021,107360,C
88f5abea-b598-4a0d-b106-c01c7dea1bc2,2021,64664,C
c12e8cd3-edfb-4eff-86a3-247deecd3ade,2021,54934,C
f89aa390-dec4-41aa-a819-59dd77826446,2021,94762,C
97de54dd-101f-4ce9-8afb-ccd24a6d908a,2021,64664,C
a2c2e851-0127-4c97-9aba-bca6cdbd1018,2021,11452,C
0f21e052-6650-4d63-bbd4-bb2c2751447a,2021,11452,C
692bd9ce-464f-49b3-b9ee-256380764118,2021,87396,C
e80063ff-2f47-4bbd-96f8-984265804bb5,2021,1288839,C
f67dd4c9-080a-48be-9682-62f84b480210,2021,1300429,C
6104dbf2-377e-49ff-b8b8-8ff214503d46,2021,51020,C
a5843a49-ba21-4657-bfb2-69a39fdb0b84,2021,18683,C
4a134e5b-3e71-4e5a-92f9-85f8ed5517d7,2021,18584,C
c268a079-4733-4216-b2c9-0d89903d9bc2,2021,1047907,C
e560f80a-850a-4432-b848-7dce3ebcc075,2021,18559,C
ae920532-6ba7-48a3-a7da-b85e7be9a8df,2021,1427745,C
2d9492bf-5d4d-450d-baf6-a8b131312780,2021,20030,C
7651d687-b0a2-4669-9290-a8542cd04819,2021,98305,C
a22b88a6-1154-4315-b5e2-72f301588e57,2021,118468,C
8684593f-275b-4a08-a199-80ff39d4eca5,2021,20030,C
ec95b2cf-3ad1-4294-8c0b-940398ede7f3,2021,20030,C
7ad10027-4f92-4ed0-8d7d-0a0f3d7dff14,2021,13595,C
82d0ea3e-b0e4-4892-9949-9521a480afa0,2021,118994,C
1b5bde70-7cb5-4f05-9e27-63680c6c5058,2021,1181115,C
eb2931bd-c806-48c3-820e-87d825ba96cd,2021,2209,C
bff7f2de-2cdb-40da-ae47-da49f8d8bb9a,2021,55402,C
624a9f97-936d-4009-8430-12e50bb85f8e,2021,104360,C
c7a60196-2d01-4f06-8cc5-c449810d7d48,2021,1376181,C
997dbf08-e636-4543-920b-09eb40cef814,2021,1322665,C
bfb8dbc6-d240-4e2c-832b-480e3e0ba312,2021,1322390,C
3c91bb25-0afc-4ece-808b-a11b9fa30d81,2021,43664,C
44a3fa6e-0544-4f7c-a5ac-717734737e03,2021,74737,C
0948b4df-0666-4a9f-a62d-76d83cdc053b,2021,9414,C
12b8d143-049f-4c49-8cfe-096ec194b04b,2021,97443,C
0596d9f4-a912-47cf-a65f-47058b23244a,2021,99820,C
42a301b6-9acd-4387-95b2-d1007856face,2021,116770,C
f2e68e95-0ca4-4e59-b154-c77d507a46ab,2021,47051,C
b5bb0308-35fc-402c-bc64-22967a3f1cf3,2021,1376181,C
234ca4d8-83ad-4ef8-93b9-2555d41705ca,2021,1318224,C
f22c9177-f7a2-4965-9861-c12fe7bcee16,2021,19047,C
a488763f-6bfb-41bd-9d2d-4c39a0aeaf72,2021,118420,C
9630e412-371b-4232-925c-98dd099a5678,2021,13277,C
ec351947-3993-4283-ad98-f45ff5fa411a,2021,1315444,C
3112b3b0-aca2-4367-a437-9e73f58dc0fd,2021,95175,C
108d5741-7124-47c8-ae05-4593e2457994,2021,13446,C
c6980f9d-3293-4113-8912-72f17e25404e,2021,102590,C
a3e4f495-eb5b-4415-9f6c-cc16298fc448,2021,74737,C
706a73bd-7408-4178-891f-10067313e98c,2021,22047,C
fcf6c690-7290-4e8e-b6a0-f4cd3bdb725f,2021,1351760,C
19023ae9-c1d5-4831-8430-7b45f412c630,2021,1204325,C
cadbf149-dfa7-4ffe-839c-9100a9fad56b,2021,97443,C
584e32a3-0945-4fd5-bc33-22e3396a4010,2021,113813,C
5044d9ef-161d-49d0-b465-766046a6f2c3,2021,1267543,C
a760871d-14c9-4ffb-89ff-7fe49f6af52d,2021,97443,C
e3e52484-51a9-4704-ba5f-31e3b9c5e3b3,2021,108660,C
c0751bd8-326f-4b66-91f3-96d4ed5b8f84,2021,97778,C
3d89b8a2-c716-4bf9-9fc7-60c84056bceb,2021,13595,C
d95533ab-fc5b-40f4-a5eb-9b3a67fc0685,2021,94762,C
fcfaa1e3-bbfd-4c78-bc52-773576683292,2021,2209,C
33884fcc-bd78-49ec-880d-b43dcf84e5ee,2021,53342,C
2f4248af-3503-4600-a668-e4784eeb5515,2021,19042,C
eceefb82-40fc-46c4-94c9-fcb0248c1567,2021,116770,C
bbc0f365-df70-48b8-b26d-4147e0a24849,2021,1330347,C
ef392971-75e5-4da6-bd3c-c09ebd9fb210,2021,18584,C
8f0eeb28-ccf0-4769-8b5e-d34ed47e4d90,2021,5000143,C
b3435812-570f-4661-acba-2bee4280d736,2021,99406,C
d4dac4b7-a655-4408-b587-3a0f07ffcb83,2021,1117717,C
a5222577-2651-4e0d-b1db-5cad702d998f,2021,1379275,C
be6bc407-7db1-410f-8491-256b6cbd1180,2021,103062,C
a1457145-9070-48d9-ac74-69f9d236d69b,2021,18903,C
b288145d-6d8c-4292-b6e9-96848ee42cd7,2021,1136142,C
74534ed2-acd6-4507-ab19-caa405efbd2f,2021,13401,C
c12a7330-ab65-4580-a71b-7eb834c943cc,2021,13277,C
a5086728-27b3-48bb-aa14-4fe91ec08efb,2021,1190071,C
c616f8b0-30b5-4e55-80da-35a58e4f756e,2021,1288002,C
1b2b8daf-1d08-4d33-bef5-28d13c5f4c52,2021,41238,C
77c2bce7-3833-4957-9e9d-4f6ef223a85e,2021,1136142,C
61318fb6-7e0d-4070-8546-9814c85e9e00,2021,90030,C
909adec5-7482-4ff1-be53-7cad648eb3c1,2021,1288002,C
200c0e9b-5498-47cf-b76d-ee53edc82238,2021,1132918,C
d373ab6d-8ab6-4f1c-9fea-50f572a201b0,2021,87396,C
8eddc5e3-b27c-44da-8734-5b515a851246,2021,117532,C
0ea0a635-7445-47e2-b608-61d94bc31a39,2021,11730,C
1c38c55e-e591-4eb2-b359-ab85d8e52352,2021,37862,C
3ee80a3a-889b-49d3-8077-61fd4326394b,2021,108660,C
97d9b583-305f-4ce0-9bec-ec3c0cca4622,2021,13595,C
2f0bf3da-02b1-45d3-b972-2f869347bbd3,2021,102590,C
ab95dd61-1f17-4061-be7b-e79904157b1f,2021,116770,C
16a0fdd5-ec91-45d0-bf47-5174480cd06a,2021,2209,C
624df9c9-bc95-4f8b-a3fd-697c5c28e90f,2021,513,C
eb61ba4d-b151-47f5-ba17-8533c0b6e79f,2021,37862,C
949f65fb-38c8-4fcb-9b8d-d7636db56e86,2021,13980,C
0e89288b-df0a-4202-91f6-cc649b2cae9d,2021,1330347,C
3ceab281-d312-49b2-8407-62b1df5dddc6,2021,1136142,C
e4bcd7d3-a861-460e-bd64-43e7706d40e3,2021,1330347,C
c396509c-b290-4770-be65-320004c0da70,2021,103062,C
9775ac00-976c-408f-8aa8-5ff08717f7e1,2021,13595,C
0f97cf29-b996-41b7-a4ba-b7ed1cc9725f,2021,97778,C
644314f9-60eb-4f06-941d-7cad9d5a9618,2021,513,C
8d721af8-3304-46ce-8a25-497578971e55,2021,13277,C
c1ecf1be-2683-45fa-8499-046264f08dbc,2021,11452,C
8df831f4-3e37-4ced-acb8-de31c90bad53,2021,1103723,C
ef15a765-c6e4-4576-a1a7-453cd711a906,2021,37862,C
4963e317-aeb8-4474-bd67-96e14984b32b,2021,1299927,C
647632fb-7a08-4d1c-a94e-d38ada57e921,2021,13401,C
010a6cdb-b6a7-4d38-a5b1-b5147536873d,2021,47051,C
75b051d9-d90c-485d-875e-89440a9aa84d,2021,11452,C
cc596ab8-2bed-470b-842f-90f3d1dac655,2021,11452,C
7b937c59-6488-4090-bed7-4cdaca7856e6,2021,97778,C
8c7047ba-bcbd-4c07-a361-5d8f87b097aa,2021,5000143,C
ad3e1780-06e2-446f-a8de-ebd78c5d8cee,2021,20030,C
d4c78241-6bfe-4f8c-b6f0-c1885dc4768e,2021,9414,C
8656a67c-1199-4eb9-b8e8-8084b517fa24,2021,118420,C
ebf71c30-b469-43ca-ad8d-f530c685703d,2021,19042,C
c62e16f8-4ddc-4304-b094-ee8b47577c3a,2021,88068,C
67157543-4ef7-445d-aa83-15a450ce5c7e,2021,56172,C
43e45d50-e16c-4489-b702-615390b96a70,2021,1267543,C
b37d4c81-e031-4c81-bdd8-a256cb2c9dcd,2021,118468,C
5e96f7a8-279b-48fc-9b8e-aa80ab41c98d,2021,113455,C
055ee579-b235-4dc2-946d-9dfbaee92dee,2021,1101244,C
6e0a27eb-ab0f-4968-be55-208de41067fd,2021,1190071,C
a31d449b-3d78-47d0-9b44-d7b944a2b6c0,2021,968,C
f7107af3-6665-43d8-99e1-b70d866918bc,2021,20933,C
617968ad-459e-43e2-b71b-f2aed83d7ac8,2021,74737,C
7230c6aa-5768-444a-b02b-9e921e3f9150,2021,1101244,C
b65fa457-8311-4562-9c7b-02a23db52d28,2021,5000135,C
a227b1d3-ac21-428a-8df0-2e46144e3325,2021,18584,C
779d56cc-b821-4917-bf97-990171a3d139,2021,11452,C
11c5c343-ffc0-4623-aa9e-d62b50966d21,2021,18584,C
b2ae869b-a2f9-4c16-982b-2b2fab52da6b,2021,18559,C
7083938f-3473-4b9d-ba77-2365237dad82,2021,5000143,C
13d34e0d-dadb-45eb-9766-99cf0d02719b,2021,13277,C
5f41d211-b8fa-4567-a827-77351e8e9901,2021,1161716,C
45365bf2-3a42-4a5b-a56a-6dedfdbdbb4d,2021,107360,C
9d27c050-16f5-40aa-8202-055c28a46646,2021,13401,C
f9bc8167-5a11-4924-8580-d9e3099319fa,2021,57612,C
699a6bc2-724e-473f-b25f-116b2ecaba78,2021,118468,C
6d5962d8-497b-49f7-b87b-2fe794b4af22,2021,13277,C
e864d0f5-bb73-497e-8e32-26a76483233a,2021,13595,C
c4b68b15-1970-44c2-a9fb-261cdf7ce629,2021,1136142,C
2a7998a6-7953-4d7e-a286-d1988799f549,2021,1132918,C
21c5066e-496b-4641-be05-8562e96a8c31,2021,103062,C
4e8268ea-8c5d-4953-b047-28d90f326b0b,2021,98595,C
30334201-fc9f-49b8-89f2-03063149a2e8,2021,58808,C
1bc7b2f4-69ee-490b-8fe9-938d38e16be0,2021,49054,C
01b329c2-5655-4e0d-87a0-0228a0b0e5f7,2021,968,C
66d6db9c-12df-46f2-8110-8a96ff84209e,2021,18683,C
049c7e4c-212f-4cfe-a027-9b45afa01a49,2021,118420,C
eaa979ec-d7fe-49ec-8f06-8d768455d9f2,2021,101830,C
eea988b3-e613-484f-9dbd-565471805103,2021,62484,C
1f1f4e67-f1a0-4052-8737-32fb6125e064,2021,317,C
ecbc8deb-0b2b-430d-a163-c504521dd2a2,2021,1288002,C
d55250c0-2e91-4c5c-9460-6c2e6f660248,2021,513,C
c49504fb-e9c9-47f9-982c-bd578d838eb9,2021,86326,C
c9e38001-995b-4e76-b156-9513ed4f3cfb,2021,11730,C
eb8dff67-3f76-401b-9290-d3894859a2d0,2021,56172,C
e4b6f3b9-f46a-4c23-a16d-b548a83a7271,2021,113813,C
89d02ea7-5a51-41d1-b9a2-46b7be2e43a4,2021,317,C
59fa2757-f8c7-41cf-a13b-d79eabe87a48,2021,18559,C
363220d2-0913-4d99-94d1-59b0b6f97b25,2021,95175,C
3c6256eb-0afa-40bf-ac08-97dd3c8affce,2021,17898,C
448bd72a-368d-45f5-bb74-dab5a8ffadc3,2021,1270596,C
3aa89ef4-9c94-4bce-b410-da5098edb564,2021,11452,C
06ce7c57-4a9a-4bf5-93cf-d177a2ef6fc1,2021,99406,C
77b5cfed-3f64-41bb-94df-8cc24f38c236,2021,11730,C
563192e7-7273-450b-9774-fb85fa6919d4,2021,94762,C
38ab955e-0a22-4e5b-ae82-b85cce24de3e,2021,1117717,C
19991bef-398c-489a-af97-ac816c2cc798,2021,107360,C
005a9273-f4c2-4cb0-a40b-411bc4a6af36,2021,11452,C
a4105a10-a6e7-4965-abfb-31a7ac1d4228,2021,18559,C
46ca4aeb-3167-4313-98e8-6c7065e8af09,2021,1136142,C
cf130036-7d07-461d-b06c-33bf17b6d65a,2021,20030,C
743e8727-7212-45a2-8862-1f53b2f1ed06,2021,40343,C
54fa996f-5695-450e-844e-d5500efe6a13,2021,98665,C
e0ddd58f-9625-4983-bfa1-8cb28db8cd75,2021,11452,C
e1217216-fde9-4ccd-8bee-359186ab0c31,2021,317,C
fdca42e1-a4dd-4018-bb37-c955c5f921f7,2021,41238,C
c09c9c27-bbf1-44d1-930d-4a00854daa85,2021,20030,C
5ea8b2fe-b362-4d7d-bc81-75ee0c5019bf,2021,1330347,C
93702fea-ee9f-4f78-b96c-b875c42512a8,2021,41238,C
82c13baa-48a6-4a31-bc43-edbbff01f055,2021,19047,C
fcb1fdd6-3cc0-43bb-836e-313dfc676e12,2021,117022,C
e3512c60-5cf5-4eb4-a58d-d0fc867d5f44,2021,513,C
6633beed-a8b9-4270-be90-0a8f73372574,2021,101942,C
1bab7f7c-bc45-4b00-a3f3-5804d0f70599,2021,317,C
745d92c5-cb48-418b-b300-40e4af2b2e94,2021,103062,C
aee748bf-bfa2-48cd-8215-c9251583fb62,2021,9440,C
c805626c-ddd0-4ac6-9260-3ee786841753,2021,113687,C
324ff94c-8ffd-4a06-bbe0-1e9651a35e51,2021,11554,C
7215418d-3fb7-4822-b531-89f35c8c5ca6,2021,1102628,C
3f765375-3f2f-4e14-9fb4-e38ecbb577f2,2021,117532,C
48e48d45-64f3-4619-8ad6-399cb507e26f,2021,13401,C
e48f5231-9202-4038-84b3-676580f0df27,2021,11452,C
21228f4c-e7e4-4e5e-99af-020a41b141bf,2021,1181327,C
bf824c3d-ba7a-455f-8b6f-a87ccab29a51,2021,48675,C
e241f79c-6549-4367-9883-810ce212fc4e,2021,98305,C
2a4654df-6d23-4572-9091-e142069f88f5,2021,101942,C
0028faf0-9960-4c9d-9ead-2846e79e12c3,2021,2209,C
ced7a33f-dcc3-4e0d-8683-eae82780fe5b,2021,1136142,C
a86463e9-9c73-4cfd-a120-e324d8fa9e26,2021,107422,C
f5675ae7-b230-4aa0-9089-01d33179313c,2021,2209,C
863d0acd-6dcc-458c-a388-87613e3b8d25,2021,103062,C
41b006c7-306c-4c5e-9a51-80e1fccc2551,2021,95017,C
d21ce36b-801b-4261-b295-2b51c8f71781,2021,68930,C
a25d356c-6e6d-4882-a0a1-cc24990edf8b,2021,13595,C
f47ca110-cf16-4da2-8409-76830f17d429,2021,81210,C
4994c35b-3b28-4c9a-a38d-14262a903ac5,2021,53342,C
3e6e77b3-e693-4dc4-a5e4-60a91f876e5a,2021,106167,C
7c6f3d82-5ca7-4253-bbb3-f99ec5788cdd,2021,18559,C
aab06a90-7bee-4da5-89d6-983232437632,2021,1047907,C
e7dbe84f-8e95-4f60-854b-2caccd92cbf4,2021,1118057,C
eb553567-36b9-49fd-b6fb-b8168ead7319,2021,13446,C
9e9c7fbd-9107-4b42-bd30-34e95800c2b5,2021,18903,C
7d3504e0-c21b-45fa-b3a8-0237dda66f56,2021,73140,C
2b3c0fbc-250b-43a2-a1d8-2c931f80f029,2021,54934,C
27783597-2f83-4c95-aedc-0ac9f4169b5a,2021,1385942,C
08cbe7aa-3e30-4dc6-b662-c38bd3535dfe,2021,98305,C
99bc9b6e-f9eb-431b-a677-0687fff89fed,2021,99820,C
76d68850-6495-4358-9325-2710fe8a2f65,2021,13595,C
85ae7ef0-b63e-4c5b-9185-9ec49d6618d2,2021,13401,C
d8b1ab21-e3e7-4496-b025-2daa7d379c5a,2021,81210,C
ca4be2e7-0150-450f-b65e-cc6484ba4e58,2021,62484,C
ae403f40-b233-41ec-8ade-6169d3d27555,2021,116770,C
cb143be9-bb30-42fc-8471-086c6ccd73dd,2021,11452,C
559d6497-ad08-47dc-a08a-7bd70e06a28f,2021,1330347,C
67b70966-18b5-4cb7-a637-d726cdca32bd,2021,5000135,C
6ee4256c-2110-4d67-ad0f-ddb3c3776692,2021,1136142,C
6c6e8c90-6c67-40ce-b941-00d615e8cb91,2021,11452,C
ae694367-901e-43d8-a10a-c1a99ffedd11,2021,11452,C
ffe9107d-cf53-4177-bffa-3a1add6c88ee,2021,13595,C
b2fb26d6-0e7e-4d61-a32b-e85ef444ebff,2021,97443,C
0581a39e-7770-4224-a03b-fc2a63da76b1,2021,18558,C
1a56aea3-e04f-4ff6-b5f0-d8cc33e9f744,2021,13595,C
89f7f06e-c910-4e3a-baf1-5484ad62c488,2021,1102628,C
3c8e2144-414f-4039-887b-8404a2c62871,2021,1314243,C
836ccfb9-c8a4-4df3-bee3-242cd5c9d7e4,2021,97443,C
2b7b7bf5-fa1f-4398-85c7-ae442e3cd9db,2021,5000135,C
7039698f-0027-4de7-9722-56d7bacc0d57,2021,13277,C
8c32f373-2170-4543-a9b0-538944a5f508,2021,62484,C
5b627dc3-972c-4585-ad4b-849802841cf0,2021,56172,C
6e47c01d-6f67-4a1c-8b1c-bb93f5d9d444,2021,98595,C
ec0f31fc-4608-40b1-bcdb-2d31dc4dfc83,2021,18558,C
67121f49-76bb-49a9-880d-d8bad43c62ae,2021,73140,C
193be429-94e1-4071-bcd6-fde17fc5fb56,2021,1136142,C
00b5f985-b10d-462f-b4d5-6ee4033e2745,2021,1136142,C
b88d6629-66cd-43a2-baf3-3c5e5f4641e6,2021,59122,C
c0777d2e-136a-4ab4-86a8-6e3dbb19b9fe,2021,1318224,C
13e16486-eb3e-429c-872f-21c8c36a92c8,2021,513,C
d6a5d9e0-6d26-40eb-a820-c599814f7e3e,2021,13446,C
c87a77c4-fd0f-440e-a00a-371c7aa65b27,2021,1272079,C
fafd5971-4cbb-499d-ab76-066ec83730e6,2021,11554,C
25eecc5e-3629-4d1f-8cf4-799b65ec05fe,2021,13595,C
e0481129-4553-4d0d-bf45-9be90348412c,2021,62484,C
5aea454f-3cde-4350-bd36-12cd72618a4c,2021,1032473,C
4e30fa61-6b41-44a5-bb2d-c791aa98ad27,2021,1288002,C
11c7a21d-2038-4ff9-b5a2-e142f79cf963,2021,9425,C
1d9f5e74-d659-4e88-aea4-72979875b423,2021,513,C
26880f59-b250-4329-8afa-104d710ffc9d,2021,13595,C
fd143c3b-ed56-4428-ad8a-95fda2eacb35,2021,99820,C
c7719604-25d4-4a48-9231-932373d2b814,2021,513,C
1796eb1c-de8e-4a35-b7f0-93a062b60272,2021,513,C
66231719-bf03-461d-972d-ee47e618261c,2021,13446,C
1388a6ff-8bd5-4d1f-af7a-d2ce1a78da4d,2021,98595,C
9a7e2f24-3487-4755-80e5-c0839cf0d020,2021,101942,C
be2c0f0a-0a5c-4b05-aabc-7f4b52e1aca0,2021,21464,C
08a016be-dc01-49da-98e5-a19ff3892d23,2021,1288002,C
cbd7b1ba-ac23-46ae-a784-2b4b0198c956,2021,1376181,C
0625a7a8-be67-40f4-89b3-27db7b043078,2021,98013,C
3c44757c-eeae-4bb9-a0f2-573d2f6070d6,2021,68930,C
78f0e71d-7c85-452f-bfa5-0728b1b120c7,2021,1288002,C
4d04538f-5e06-4d4c-9b27-1495af5da994,2021,56172,C
695b24f9-4523-4133-aac1-d45483a00a5c,2021,12313,C
e63f0c3b-43e3-402f-94ee-35c3b1876def,2021,97778,C
11d75f82-5233-47c4-8832-819381750e37,2021,94762,C
630b404f-85c0-41ef-ab98-91389b49efc0,2021,62484,C
b5285517-97d3-4bf2-9dae-abffb48ae066,2021,50082,C
cf7d7184-f98e-46ee-8b5f-67beb1a9d0aa,2021,13401,C
5906d39f-89ca-4c63-9200-969edfb5f5f1,2021,1136142,C
28132a61-7de5-4282-9b6c-f3ff9dcd2213,2021,11554,C
66478e6d-884d-4709-acb8-c0a9c7a05a3c,2021,11730,C
684d5b1b-c7d4-4a6b-9b20-70b98a9d1f07,2021,13277,C
0a929895-db90-42b0-9013-4f5b3eb75869,2021,11452,C
1e4c701e-7720-40b3-ba23-ff4c6109c0f1,2021,118420,C
9202a00a-2e55-4e27-b0f7-91d96e92bb6e,2021,1376181,C
58ec14ea-5f43-4b30-a859-b79c99957520,2021,91262,C
c278f179-5b62-4fa3-a7e5-c4ab6b720522,2021,99406,C
18dc4f5c-554a-40a9-af4a-ec1302eb7061,2021,13446,C
559a5939-1b7c-492b-8723-83a4d24c4668,2021,1108692,C
4d7950b2-2b1e-4459-ae06-c928c9d40234,2021,1136142,C
f03ca58d-2890-4866-bc00-4b1b15c35e9c,2021,1306689,C
a67cc33b-8575-4e8f-a39f-4633bbf48610,2021,13980,C
f47a5bc0-ab97-4644-b63c-6a4c1606acba,2021,1187671,C
1f384181-eebc-46d2-a951-deebdd441784,2021,56172,C
9d19e774-a3fe-4f4f-b3ac-7229573185ee,2021,19042,C
56cd527f-e6ff-491e-b4f2-a1374bc0a29c,2021,64664,C
dae2b27b-689e-45ba-93b9-6223cd0be9fb,2021,13401,C
61ef4233-c2e9-465b-b0b3-92d0b1b44d67,2021,83388,C
75aff9fa-bcc2-4219-be51-b4d7882184fa,2021,98595,C
aebddfa8-0488-47d4-9e63-6ef59254483c,2021,968,C
39b535a7-c5dd-4b55-ab7c-5d0c5ab0a6b6,2021,47505,C
9f8b621e-5546-4aa0-86ca-e1290291b4aa,2021,1136142,C
547eb6d1-13c0-4fbd-8885-9616c9cccf76,2021,41238,C
bcb14f50-9f71-40b1-9aaf-929dad31b485,2021,317,C
d8a15253-a2e0-45be-b6ea-b07da6fb552a,2021,1118057,C
12ef176d-d0d1-4213-af02-b893eda5d484,2021,1102628,C
238c5f8c-a401-4319-abb8-d1529bf9f50b,2021,97443,C
4a3b4f61-909f-4b33-82f4-a8ae3178f0f5,2021,12313,C
0cae6548-7738-49b7-a173-ea2857383888,2021,317,C
ebba713f-97a6-46d0-83b0-e855e177b37b,2021,11730,C
0008e07e-4767-4726-97a4-8b2b5b42ab7e,2021,13595,C
778d90dd-bdf0-4e93-8bba-9986b1426e38,2021,1427745,C
cba5c515-ab70-4997-b6cd-7763c65d443c,2021,13446,C
85e4d2b1-4082-4eb6-b000-073f07ee7c20,2021,1283028,C
19269292-07da-4dde-9067-9d7183049b9a,2021,12313,C
d1d75274-bcdf-4904-a6ac-4420c124d826,2021,5000135,C
aefa3a43-5476-48bb-92de-596348f54298,2021,48675,C
54ffbd5a-f651-463b-b3dd-8cfc1cce7481,2021,11554,C
df34974d-6dc1-45f2-8262-db3c017a4aca,2021,97778,C
ef430cf5-eed6-4807-b246-47973ddf2244,2021,13595,C
14a24b4d-13e5-4b65-91c0-8bbf06fc063b,2021,13401,C
171e1a1c-a6f3-4933-8507-9fb6e2f05920,2021,1136142,C
ed31aa4e-a692-4f26-b33b-495b738c0759,2021,22047,C
021faf61-8b7d-489c-b028-7a614bd72d2c,2021,53333,C
10955705-2330-447a-91dd-32dba9002ea7,2021,18683,C
4a5afe7c-0ffa-4a08-ac45-0034f3f1b9dc,2021,5000135,C
be57cc0f-9f20-4af8-8e37-2a60551efe89,2021,12313,C
595a0f6d-fd8e-404f-911e-ca48971d88d3,2021,107360,C
44761b4e-1abf-42cd-92a2-89452a0181f4,2021,1288839,C
9efe0d3f-1fb8-4958-96bc-a9290e656252,2021,95175,C
a8a5ba60-48e3-4d62-a556-8d2b02fbc189,2021,13595,C
68f1e5c6-8a5f-4e85-8d0a-edc0254489d1,2021,13401,C
264c5abe-cd79-4af5-9aeb-bafb380ef042,2021,13401,C
ee4c04a1-804a-403d-8933-c0a1f823b2ea,2021,13595,C
acd89b56-75d6-42fc-a9c5-c1f72a3ea486,2021,13446,C
a36a888d-a711-49de-be48-e6ce585b98f2,2021,68930,C
d462fbcb-a29a-46e7-9319-a947f56adc27,2021,5000135,C
72cc702e-e0df-4f61-a3bc-69d8fc8a410f,2021,513,C
0888e015-b0e5-40d5-a01a-a8fc6886b3cf,2021,1288002,C
33b38f68-5b73-4e3f-aada-e39c70f7813d,2021,13595,C
4450679a-9e84-47c2-b189-9481b68ce29d,2021,90030,C
22dbad24-92bd-4ad9-928c-88db441eb6ae,2021,1272079,C
2cac9317-f7e4-4a3d-a3f7-5be8b9150017,2021,9414,C
dfc68cff-cb1e-4747-922c-57bdadb0342b,2021,5000143,C
cd61491c-de12-4012-b8f6-0c4216dc135e,2021,13277,C
8db6d3c0-2abd-4ba8-9a45-0e5ce39fa864,2021,94762,C
b75b4894-d679-44bf-b53d-dbffcfbd9256,2021,5000143,C
ebeedf83-9b4a-4dd6-9b6a-7bc12c8496a3,2021,13595,C
dd660f48-8902-45fd-8888-ac89c94f43a4,2021,95017,C
ffb9d623-c25f-43b9-bfb5-fcc23bfc7235,2021,95175,C
c516a5b8-0604-4eb2-9104-ccf8baccd781,2021,13277,C
fb29f5b9-e600-4c77-bc46-35c85b402d2b,2021,13277,C
373ee2cd-37e3-4f47-bf90-a16a3a57dff1,2021,1330347,C
73aba08a-913f-440c-8ed1-f29249350112,2021,317,C
e1b64b3a-52d1-4d16-9254-3a0029b49378,2021,1422296,C
2a10ad86-1bc1-4931-9040-98b79a319077,2021,1203177,C
2b2b68e7-a37d-481b-b17e-79871d32c57e,2021,11452,C
544cf7da-0d77-4845-a949-69ad95de0237,2021,13595,C
b03c2e1b-9bb6-4f40-bf45-f055bf7c9c62,2021,87396,C
080f11fb-1542-4332-8616-0d13c59dc3ec,2021,2209,C
61f047ad-19c4-4b90-91e2-e417bbeb6cb3,2021,13595,C
aef700cf-2b38-4bc6-8a62-dd5a1a1e87b5,2021,1136142,C
95e83380-87f7-4763-9dba-d57bf1b1694b,2021,13216,C
efa75a26-5375-434c-8ac7-c48ad2d5b4a1,2021,13277,C
47289567-ca44-4907-948f-4967aa071c48,2021,20239,C
055e08a8-dda7-4583-a0b6-c6d613c6f9de,2021,11452,C
c698c744-7227-4d29-a459-265829156e8e,2021,62484,C
cc9afcc2-2097-448a-b2cd-cc2c9b751726,2021,2209,C
b7d6eb54-dc7c-4909-a12f-8f1f5b227afc,2021,1288002,C
84594df0-516d-44e4-8de0-b608497d422e,2021,13446,C
bc074cf2-b6f0-44cd-8f8a-d28f7bfe8f8e,2021,41238,C
2a1160c2-f80f-4b02-a370-e70f9edb522e,2021,49054,C
6188be3c-c49a-473a-8dd2-c7faa6af8d89,2021,18903,C
544c7c39-4945-478c-a740-aa75c2721fea,2021,13277,C
80a9df2c-5896-4b77-a11c-fd17b8b130e9,2021,13401,C
8468649d-30e5-4875-bdab-7a292ba71998,2021,114616,C
07d067eb-113a-47b9-b4fc-62a9831e47c0,2021,13216,C
842e5320-7d29-4757-ab81-0bb08867e1ec,2021,13446,C
bfcb669c-7d77-46af-afdf-c3fd5d23d636,2021,1136142,C
a3624a81-b150-4692-be60-2d0a32bb9d9a,2021,116770,C
5be2bb31-186b-44cb-9fff-2e0fe72e86cc,2021,12313,C
0ed0fd38-8d7c-470a-ba88-4ccbcbca8114,2021,317,C
14d2234d-2e56-4c3d-a235-65520372242f,2021,13595,C
6e0edc55-381f-42c0-b22c-13f4e9d7d393,2021,13980,C
782d87a6-fd57-4929-a1e1-c292420e0ff4,2021,13216,C
8fdf7a13-0725-41f7-b770-f0f98f14f95c,2021,13595,C
d370d323-f36a-4896-bb1b-98063a4f760a,2021,101942,C
37bfbaeb-0417-434e-b4ad-b066d975906e,2021,11452,C
0573b119-20f1-40e5-88de-5b987305969d,2021,13216,C
eb4957a2-6e2b-4c23-ab97-351ddec31908,2021,13446,C
c656c92b-d39b-4c4b-9c6e-a807b3574d26,2021,5000143,C
81cb0a01-1e80-4c4b-823a-3fe8864019bd,2021,13277,C
da81cd86-249e-439c-8ba7-34ccd76026fb,2021,11452,C
93304225-24a2-49b1-a7f9-b5fd96bfdae6,2021,12313,C
b20aa4fc-636e-495f-84e2-47927ca28078,2021,13277,C
82fa8087-5cc4-404d-8a9b-674d6ea9142c,2021,13277,C
6d1e36f9-2d3e-489a-9471-061ecf6b6a5f,2021,13277,C
1676b379-dad6-4641-919d-416f1a950098,2021,18558,C
ce73d18e-8c3b-49f5-803d-43c828d80d66,2021,1113582,C
35adf9c0-2db6-4741-8559-ed5e0150f273,2021,1113582,C
390be8e6-6c9c-4e28-9c9f-b999a6be3b21,2021,1113582,C
5492bc0d-d7cd-4ad6-b291-ee714c79eeda,2021,1113582,C
6dce2f61-e54b-4f05-84c4-569f492460ce,2021,18559,C
5dc27099-bf4f-47a9-8bf7-6354b0b12e3b,2021,1113582,C
e6933c6c-f67b-46f7-bd40-d05b24457eab,2021,18559,C
7662b9e6-3fe9-47e1-8b66-b55cbabc6197,2021,1113582,C
fa243233-86d2-4d78-a8a5-e35d4806ecf2,2021,1113582,C
f2e74dc4-62f8-45bf-bb76-d86fb15ac6fc,2021,1113582,C
15e61b76-f197-41a8-b2e3-021c0a88793a,2021,20933,C
068c53e8-d68c-455f-9b1d-0a306ce7f339,2021,20933,C
86b9c3bd-9876-4e10-8c51-6a5439ea9f4f,2021,513,C
5db975bc-fbe9-4d0f-9eed-363cfe10a648,2021,513,C
1cf83f39-0e0d-4741-b75e-9c99aed5d8b2,2021,1113582,C
859c4c51-41e6-4820-b3cd-e0448822ba53,2021,1113582,C
80ff2895-da5d-4124-aa11-b042750272eb,2021,1113582,C
ec63df40-1332-4447-848a-8a3207eb8c04,2021,1113582,C
3b502ca2-9afd-4f8d-b493-61b5947354f0,2021,1113582,C
d1662619-d1c5-47aa-986d-36696b24f775,2021,99820,C
ddb81c09-95f5-4b6e-9beb-456e4c81fff6,2021,1113582,C
7ccc4a37-9cfb-466c-9d76-3dd9b21b7b6a,2021,112086,C
dd213ce5-56bf-4103-8298-ca63f6111a24,2021,86318,C
d029f9c6-4b14-4e5c-94b6-ce0574ab3967,2021,86318,C
3855978e-4e56-4e92-97e3-39bd8c0480b6,2021,86318,C
f9017c62-3b4a-4600-a70b-a196d23b5eca,2021,86318,C
d9584de1-2f34-484b-911e-5b40694bcbe1,2021,86318,C
014a988d-403d-4d8b-b5e3-fa82b4b8f6a2,2021,86318,C
7ef86d39-0757-4682-a0f5-b006e0fed74e,2021,5000143,C
ce2ad173-3818-4181-80da-93ce0c074abd,2021,47069,C
047f6e32-72e2-4d3e-9a97-5f08aa8bf5fd,2021,86318,C
9703a202-4e9d-460d-bc60-42e502d308f2,2021,86318,C
5cfb16c5-d070-4e80-a696-8ce448d4d462,2021,86318,C
686298e3-7460-4150-838f-7bfae7b49e28,2021,86318,C
9115432b-38bd-46bf-92fd-384f8ae9db82,2021,86318,C
9273992c-71b5-41c1-84b8-c3c944d0a296,2021,1103723,C
db9b5213-c44c-4ca5-808a-a2c317e19a08,2021,67092,C
302252c3-7be9-4c85-81fa-792ffa0f3112,2021,73898,C
66700cec-3b44-468e-b3dd-ce5fbf1cbd7c,2021,73898,C
9ca41b14-3029-4167-8d2a-1510d3b49c52,2021,73898,C
a49b7195-8265-4ced-9c83-c9f773d99030,2021,1351760,C
26a91c58-5176-4ba9-9392-b6f3b2918f8e,2021,13595,C
2b90d43e-33a8-4cc1-95a3-f313873e9aee,2021,13595,C
2ba0ee3a-700b-4c6f-8af1-9aeee1d9ce72,2021,13595,C
66ee462a-c699-4742-a019-b0fadbbfcb70,2021,11730,C
54711c29-e514-403b-8242-f9fad573a64e,2021,41238,C
418a0bc0-14d1-4c60-b862-92b0c074a511,2021,41238,C
01344acc-1c65-49e0-8844-62c5099690e8,2021,13446,C
4c6ad33a-c02f-4aa3-94df-babb42662127,2021,13446,C
3a0f92df-5eb1-4dc1-b410-514f81d214e3,2021,1148708,C
d00a49bc-f06a-440c-8de8-6211ca7e5159,2021,9440,C
5cc08c3f-f0ee-4c40-aa3b-7ab59a0e683d,2021,1180773,C
91d3fb99-650b-4188-ab6d-975c08c942dd,2021,1180773,C
10274ef0-088a-4b04-b99b-769f83c21c77,2021,1180773,C
4ed8ba7b-203e-44d6-be7c-3b63c22956c3,2021,1180773,C
dc6dfd51-b65c-403d-8b19-8fd29c20e03a,2021,19047,C
4acabde6-82f7-4bc1-a4d7-2369a525439b,2021,19047,C
dcc20883-8472-4bec-bb59-73186f2f14cd,2021,83388,C
13ff5bd5-0fbf-496c-96d4-95e69ed42299,2021,83388,C
d4b18675-fe77-499b-b8cb-d4b3a9d43017,2021,1180773,C
8bcaf1d6-3fb4-4492-b27d-59a713ae26fa,2021,1180773,C
72003d5c-029d-4b53-9d89-7de2d204fa40,2021,73898,C
cf4f292f-a4d6-4189-898e-4faabfdebe6d,2021,73898,C
d17bf708-301c-4f83-a564-6d783d71b695,2021,1136142,C
7c9b1279-1081-49fa-bfbe-30c9dff364b6,2021,1136142,C
18b57e80-64ef-4797-8279-aaed7f72acb0,2021,1110857,C
7150d9e4-df86-4898-b038-e6d23281554e,2021,1102628,C
d5418cbd-5046-44e0-9d57-bcf1804ddb58,2021,1288839,C
e4a07449-8fcb-44d5-91e1-591b2b1c3a17,2021,118420,C
9ed50c9a-b598-474e-845c-93948b8cec47,2021,37862,C
ee5d47e7-184b-44ed-9efb-49f52351efe5,2021,113455,C
2ea5800b-864d-4631-ace4-58a4b4ccaf67,2021,118994,C
940c8134-47be-4a1a-8c3d-b42516580f23,2021,118994,C
e35d8507-08e1-438c-a666-25ac7c700abd,2021,1110857,C
3564773d-5f77-48ad-9b1d-dec45e21790b,2021,1110857,C
20432f0f-cec1-4f0b-bbca-9dfd83fecb6e,2021,94762,C
1cdf9473-f5ee-4d1b-8ba4-9710940222fb,2021,94762,C
8586c2e7-9f22-4e66-bd7a-94fa08fb1daf,2021,1270680,C
ecc9a697-7325-4350-97d1-44c73bf6bc71,2021,1070485,C
e023c971-e6a1-4aa4-baa4-2d6b414c94e7,2021,20009,C
e2780ffd-7b58-46b9-8e93-65859dce1ca0,2021,20009,C
b66255a0-1824-4d2a-b61b-a23c071d6fcd,2021,1306689,C
63095826-80ea-4c2f-a0dc-586150faedc6,2021,1306689,C
358688e1-9882-4b52-a0f4-cc0de7a71f8e,2021,12025,C
5faa7b48-b52a-43be-9c47-1fabf9ba4f37,2021,48675,C
2f57e2ff-e33c-4566-a2d1-ac1cbc121054,2021,12025,C
93cbe8c8-7804-4593-bf2a-cccabd98024c,2021,1376181,C
7c3317be-334b-43e1-ad34-b6ea7844fd4b,2021,1204325,C
30e674bf-c5d1-4003-9731-ffcb71a86a92,2021,18250,C
d9a0a7ba-f085-4129-9b24-e0aa911d9271,2021,18250,C
6f11f738-af93-4173-8590-ea3037fdaa5d,2021,18250,C
40e1297c-5a0a-4c32-8b1c-2f0ad98f3620,2021,18250,C
1b8e41d9-4dda-45c3-9ff4-2b0f4de66949,2021,18250,C
76e624a7-847d-4ebd-a37f-dcc3b298a32e,2021,1118057,C
e66e6eb2-7e9f-45ea-a245-ba33767ef8e7,2021,1042278,C
cbb43335-e896-41be-836a-6f0356e922ef,2021,1042278,C
bfd83d4d-9ba8-4fd7-a24d-28b450704dcb,2021,22047,C
4a2a4bf3-455d-4968-b7d8-8981bc38edbe,2021,20030,C
a1b18214-bed3-4387-854a-a9e87abce008,2021,56172,C
7408a73e-a6a0-4bd9-8020-121f06416c7d,2021,1427745,C
41d410b0-895c-453e-a5cb-51815950d62d,2021,1427745,C
66e05937-e84d-41f5-812e-84efe4ddf871,2021,48205,C
ac23e3d8-b563-4948-a918-b71994d50499,2021,48205,C
2b604d3e-c1e4-4eda-b116-5b10ca9f6259,2021,106996,C
4eb971c6-7c21-41f8-9164-e5b3b94a4e44,2021,117532,C
b3395c54-d0ad-405b-a073-05722056a499,2021,117532,C
9c1f619b-0d22-4c20-8ab4-c34d7566f4e8,2021,1108692,C
dcea108c-256b-45ff-a541-cc5a83915ac9,2021,58808,C
6d2b3546-49d0-467b-841a-81e59f276610,2021,99820,C
ddb156d9-be74-4b46-8505-9bc35ac1f505,2021,95175,C
79161ea9-d15a-42a5-8694-06c0f5d448c3,2021,95175,C
b06552e8-b541-4479-9026-9af46cc569cf,2021,95175,C
6b51ee05-b2a9-4abf-b635-288397144aa8,2021,20009,C
56d72f04-36ee-409d-bcd2-7ef85e20bd62,2021,20009,C
d2a268e7-cfe2-4d8b-8858-09ada4ba5e9f,2021,20009,C
fd982e7c-cd9d-4498-b78a-f667629da4d5,2021,20009,C
fbee5743-ea76-4696-895a-4a568efee925,2021,1203177,C
6b2e396b-8063-4098-a34b-7b1e35f909cc,2021,1203177,C
b699b09d-aac2-40d3-8770-c663c5d38689,2021,101942,C
350b3182-88c0-4bb2-9236-fc98bceb08d2,2021,1270680,C
f8a74290-6f7b-4b3e-bcad-ccf1ff5c786b,2021,1270680,C
461b06d2-1e6e-474d-a46b-9a3997b26333,2021,12025,C
f4253436-113c-4443-b29a-cbca186a0238,2021,12025,C
85bc0d3a-1e36-4389-a894-076ebab7f57a,2021,12025,C
e5bad9b4-3c1c-4adc-aaf9-f225cc74b453,2021,12025,C
770a3987-af1f-4f12-a367-222c96037521,2021,12025,C
cd8ca119-9aab-4cef-8174-798969b528f5,2021,12025,C
d5988a8f-0c55-46ee-a64f-1c316676cd62,2021,20239,C
c369548d-fe46-4a29-a848-bbbccf99cc12,2021,20239,C
74614033-86e1-4a2b-8b89-d90fac55c300,2021,20239,C
0f92998f-b97a-4298-8bc9-0269035a513a,2021,1101244,C
97edee9b-0efd-4a60-a5af-1558c72e20a4,2021,1270596,C
7ffa46d7-83d3-4720-9ce7-60c135ad8694,2021,12025,C
557d0e7e-40f4-4193-bf9e-94340aadb485,2021,12025,C
04da477c-b0f4-40c9-8d2e-f73d0bcfb133,2021,12025,C
557f8d0d-967c-4ca6-8b3a-f7f2dc1c9153,2021,64664,C
96348e7f-f0c5-42b4-999e-f5c014db9bef,2021,60886,C
728d7e98-1690-4310-adac-af8e8516b0de,2021,60886,C
2b754a29-20e5-4bb4-9cd6-3e6fc7aa6856,2021,60886,C
d0264b18-c7ff-4ebd-ab70-bc17079d9e1a,2021,60886,C
60d79e7d-e9f8-41c2-8298-420726ee96f3,2021,60886,C
b5aa07e8-7979-4ad5-8ecb-00a297ae5948,2021,60886,C
e7b87e5b-451c-41d9-bac9-314ba079181d,2021,116770,C
ffd90f66-b4e4-4b37-8a5c-98366e177f7d,2021,116770,C
d796471b-2e7c-4180-838c-9b31fb0570c6,2021,60886,C
2900432f-e784-40bd-9ef3-c88e6b9bf9f0,2021,1270680,C
05c82d5b-e49f-4b9c-8e78-998e1b79003d,2021,1422296,C
9ff337e8-6390-4578-95de-6696792029d6,2021,1422296,C
1831cf3c-c770-4878-a164-3d250b525077,2021,5000951,C
bf08f57c-19a1-447a-977b-7a4dcf2ae006,2021,5000951,C
a754d62c-ee90-4d9b-9c35-8daf8f516cad,2021,5000951,C
71552b5a-4b6d-41f4-ba7a-19fd1abb47ba,2021,5000951,C
6b3d8316-44ec-47f7-b344-5f7a545b3d82,2021,5000951,C
bfb62ee8-c39f-4819-b32b-41b5c0495279,2021,5000951,C
5066aae5-0ff0-47be-ae69-c358cd93fe3f,2021,1181115,C
60da7883-fe92-4697-ace3-7a1ddde0fc53,2021,1181115,C
b1a6094f-f300-40f3-a4b2-94327616cbcf,2021,1181115,C
9ec6adef-ac29-4c35-86d7-cf13cc87d7f1,2021,20009,C
5bf1ccd5-82b6-4448-ae70-d2ff51e2f989,2021,107920,C
35c18d9d-d209-45c7-acec-49873e2c0d92,2021,1306689,C
84b00ff9-afe3-47f3-8e0f-4fb0aafd9f33,2021,1318224,C
3bf2a0d7-3088-41fa-9073-bcd47de93af9,2021,43664,C
6262f84c-439b-4ee7-9c26-a22820055248,2021,43664,C
2e1ba171-c3a0-485a-9214-7046e457b8c5,2021,2209,C
e04a0333-ee2c-4ab2-8c46-75fca6016b0f,2021,2209,C
b1853f4a-c59f-478b-ab9b-07202634c037,2021,2209,C
c9b12e5e-a071-41db-b0b0-6b589b195c47,2021,2209,C
41fbc4b7-73df-40a4-9763-a89b2c62f64b,2021,2209,C
56a3b9ff-d6c2-424b-8ac7-b7857c2106fd,2021,103062,C
fa331e11-b84c-4461-a6e4-6d770bbf3b10,2021,18267,C
9675bdd5-f706-40bb-9a03-da248117d21c,2021,1306689,C
d6527733-e5a0-41e2-9a5a-6bde2bd2fc52,2021,1306689,C
028fbe94-c12a-4d4c-83fd-3ed6d0b8e2fb,2021,1306689,C
a278423f-8217-4a48-ad08-5091dd136260,2021,968,C
0f2c91b7-551d-4c70-ac24-c31ba5fe6bd4,2021,1103723,C
3961f2e3-641c-4792-a065-1169b2cb9009,2021,1118057,C
e1f847cb-e442-4be5-adec-814da6eaecba,2021,1102628,C
97dcba9b-9b33-4334-a0d1-224454393f68,2021,968,C
c5feed35-08cc-4864-ae3a-85d77e5742d2,2021,18683,C
5939a996-e59e-4aa1-9adc-2401fc4cb3a7,2021,18683,C
95256959-2c1a-4226-acc0-0cddfba6db99,2021,40343,C
c622b7f2-f916-4852-b7f2-75d09d01aff2,2021,5000951,C
87b1a525-1f2b-4608-8a7a-78405d52603c,2021,20009,C
5ee43263-a6cc-4ab7-8079-ac23a45bb8be,2021,20009,C
4f722d1f-b8da-4d24-9fd7-a7474cff2382,2021,117532,C
42dd392f-be9a-4888-add2-493dadfd0232,2021,108660,C
f3aaac35-cb4d-435f-88fe-bb4c2de73c22,2021,108660,C
63f05e92-13bd-4215-843d-99cfa447ea39,2021,1117717,C
071b01be-2d78-4bb1-921b-a447ed6d61c6,2021,62484,C
1979f2b0-7260-4c54-a1be-9937d9e03b15,2021,1161716,D
94bb135f-8065-44ac-a10d-c497bca58d5a,2021,1258063,D
6da1fb28-d92d-464d-9213-be8cb93af3dc,2021,106996,D
0c55539f-835e-4e1a-95a6-5365658b5f13,2021,101942,D
37525723-0fb3-4f4a-aaad-ad89d0573f69,2021,1181115,D
4984e758-a853-4058-93ad-21bcb74ed3d2,2021,88084,D
92d8de6b-3655-4115-9adb-01c44a1ef384,2021,1385942,D
1cd4cf4b-447d-476d-8dfb-37d3c263a02d,2021,1136142,D
631aa0e9-e409-409f-9c3f-108dce4b25a1,2021,13446,D
f70f9edd-55e5-4acc-9e52-9c615fbdec88,2021,48205,D
c5446b53-36aa-4804-9fb7-4765c96a2652,2021,13595,D
74783772-36f2-4c75-a493-c7cfc4eec058,2021,1265453,D
e7b2e6d6-d9bd-4852-98ad-d227c1f90a5b,2021,20030,D
48d6cb2a-46b5-4e14-bd65-1411618abfc4,2021,37862,D
296b4626-19a7-4aa6-a955-fdc52b8e0efc,2021,1322390,D
facc57af-2433-44c5-ab5d-e43ba2c63f14,2021,1190071,D
d8a8952d-22a4-47ed-8c91-8c8eea78a497,2021,74737,D
b2065b0c-879a-4209-9527-4951a405e33e,2021,48205,D
95c449a1-070a-442f-b050-58dd623a769a,2021,1322390,D
17e89879-1bec-407d-9ee2-795ecef55a07,2021,37862,D
54e4fa7c-c5a3-44b2-82dc-e6b79285f7b6,2021,47069,D
5cde1be7-0f79-4dd6-819d-763e32d88393,2021,108660,D
4cc0e824-14ea-4db2-837c-150195b10bfb,2021,1300284,D
7ecd460d-a785-498c-8bb5-764f7217001b,2021,43664,D
f5eadc66-c002-4e9e-b45e-aa6f5b744fc1,2021,1101244,D
9f1b18b1-e2d8-4ac4-96f0-e06072c9bd0b,2021,106167,D
9a75c79d-2ccc-424d-a9e2-2468ad851edf,2021,1330347,D
bbd5425e-f22a-4d53-aae6-01e1c86d9582,2021,13595,D
9fc45b00-af13-4140-a34e-a46f1978f3eb,2021,106996,D
5f200839-5b33-431b-9c5d-355b5c807888,2021,1351760,D
8bffeb34-4980-4d5e-a4ab-e5ea73bc87f4,2021,114616,D
af30dfe3-70e4-4e64-be98-af6e4ff4fcbb,2021,18903,D
bf2519cf-0341-494a-afe8-7c6f4e10436f,2021,13595,D
1c18c59c-8dbb-441c-936b-a651c4eebcf9,2021,62484,D
6e864a65-0028-47ef-8bcc-913b050b017d,2021,48205,D
a3b67a2a-6ac1-40c7-ba11-7142a5aa38b1,2021,1267543,D
ff578af0-d90c-48a1-bded-d7b904003688,2021,106996,D
cd787d08-7723-440e-97be-616acd7520af,2021,13595,D
4c9b40e4-86c3-4093-ae34-0ca90dd1e854,2021,88084,D
1b20955f-f518-4c49-bd31-f843004f9c4c,2021,317,D
6d0e06bd-ef83-4bbd-8533-b1433307b2cd,2021,88084,D
4aace5e5-c85f-4c3d-a00b-0526fbe36dac,2021,108660,D
49219127-8158-40cd-9166-da2c8c01db1d,2021,58808,D
d0370dc6-e656-4887-a866-bba55856e868,2021,5000143,D
42b26a95-8208-4230-984e-1ade1b3e4681,2021,106996,D
ba4f781a-53ff-4d5c-938b-f95a0eb7ae78,2021,1187671,D
11312c21-3df4-41a2-8504-012b25fa277a,2021,2209,D
6c5d654d-c54c-4493-b888-545fb1549e54,2021,968,D
e0d45a13-a191-4b25-a7e9-0a16f4a78ce8,2021,37862,D
b0e6c9df-6092-4d26-ae89-4e5749a4f671,2021,19047,D
65e8124c-0746-44fb-838c-0dedab75fc75,2021,1306689,D
d5beefc8-17a4-4713-927d-3e7d0334c7c6,2021,13401,D
665b7bd0-c534-4f38-ae37-d9ed50273f55,2021,968,D
33c99a41-932f-420e-825c-42fb5ff176d4,2021,94762,D
23119e81-d6cf-4bb2-9a9e-8d43e95bc2e2,2021,91181,D
ba4adcd6-515f-4b0c-9e45-3b71bbcb3332,2021,1322665,D
c3027efe-7a66-4b23-ad89-29fd0c1090f6,2021,46377,D
e2f89720-a457-424b-b5b1-62d8fb5688d9,2021,106996,D
60a1fafd-a6fb-45b9-8f44-fa2baf79f13a,2021,13446,D
a7704b0c-9352-4322-86f5-241c51987751,2021,9414,D
952c70d8-a04b-4643-98fd-9519190109a1,2021,1330347,D
cb7e6310-0adc-44b1-9244-5f8f9ddd4076,2021,9414,D
42fe253d-ee9b-4e6f-9df5-37e58057e754,2021,1376131,D
f092391b-7fe3-4748-af61-f1ae68d320be,2021,48205,D
35330ce0-03e8-4f18-a8ef-91dd64d50aa9,2021,43664,D
c0a639ec-4a3f-4bbd-ae08-37fa3e54a444,2021,90030,D
a6cc7a9a-762c-448e-9009-61a5fc80b6bb,2021,104360,D
6a036501-b804-4f7f-9d15-c9cb934b4e63,2021,47069,D
d2449135-9d40-426d-922c-f239d77f41a7,2021,94762,D
7f36f2e4-e334-4e91-ba9d-a77f026c6751,2021,2209,D
77293392-887d-4864-8664-41a6041749d2,2021,58808,D
49650db7-8a5e-49e6-8148-66e7863a6ecd,2021,13401,D
b96460f6-a687-4a45-8d11-b5f267805b61,2021,13277,D
dfed612b-844e-45d2-bf24-a291b93fab5b,2021,1322390,D
7c75e8ec-e24b-4fa3-b7ff-9aa1673995e9,2021,11730,D
044c715e-9603-4352-a800-96293077e7de,2021,9425,D
c2c36a46-292a-4764-9b97-ae3d5980e110,2021,1181327,D
5e07b43e-96de-4f0f-a5c3-eaadc05771d7,2021,11452,D
9f437952-1c2e-4cda-aa13-93bbd2ac740c,2021,13446,D
9ccd47c1-53e2-47f0-961d-5ab4e598d886,2021,20030,D
3ff352c6-ea2a-4bed-b3da-65cbe5229fbf,2021,1322390,D
6d5472c2-752a-4bc6-b490-39e36454ea53,2021,1190071,D
35630656-bcc6-488a-93fe-70332da40669,2021,83388,D
6d03c7da-306a-417f-b1e2-b151772a8b72,2021,9425,D
96695041-9d2f-4e4b-90a6-f20842eacb76,2021,317,D
1f658c22-1a2c-4e0c-a049-dd7a463fef74,2021,1101244,D
d73a1b02-1019-4ceb-be9f-fa77b70506ec,2021,94762,D
3b89ed0d-1a9f-4272-bb7a-329b41ad2453,2021,58808,D
41403dde-ec02-4038-ac19-f32b064f572b,2021,83388,D
17d5c059-50b3-41b2-9a45-f28c1809f6bf,2021,19047,D
7efc5275-8f75-4eea-8d5b-01a098d8de14,2021,67601,D
8522ea10-e808-4933-a698-0b3a6ba73f37,2021,37862,D
6b001435-1c52-4c76-b11d-e1c4621c503c,2021,968,D
1b8ef3a2-d790-4e38-9b58-41e49e5c3dc4,2021,1306689,D
a23cef6b-243a-42ac-baad-7c5e4cf6bc11,2021,94762,D
5e9e1b64-e782-482b-b957-076fb38335ae,2021,20030,D
a70feee6-66e3-4e65-bfeb-800c66fc6c1a,2021,55777,D
b20d3934-9d1a-44be-b548-778eefb18eb5,2021,1300284,D
f1458886-baa0-4fe9-8566-1f4e6bc8404c,2021,41238,D
14b5a09e-aa52-412f-9e5b-de5a12864482,2021,49054,D
212a8837-1b42-4dea-8ed4-17e4c555e2b3,2021,1190071,D
44415d72-75b8-47c1-8693-54b188a1b121,2021,21464,D
c5f8b681-4b9c-4109-bf58-a59e526c665f,2021,94762,D
603c23da-bc7d-489f-b69f-92baf4facc1f,2021,1385942,D
9b6a0702-bbfc-4d0e-909e-313d32acfbee,2021,13446,D
1eb8af6b-3453-4f6f-9c3d-8e06e1fc7e19,2021,48205,D
5013459e-02a8-4ec6-ac29-0d127681d6fa,2021,1181115,D
b0a42436-b0f8-4ea0-acfb-1761a1f6b54c,2021,103062,D
0580adea-5a0c-467b-af5a-8e1de81a39a0,2021,1190071,D
682da6bd-02fd-4022-995d-87d14d52ed99,2021,19047,D
ffb01409-8958-4c0d-a731-c8f3037d1733,2021,1070485,D
dc758d5a-6b88-4e52-8c66-fb36ac77a4ae,2021,106996,D
420964ad-09d0-49e0-826b-5b49da26a777,2021,1376131,D
ee1ab058-2b00-41a6-8057-afb346c6f502,2021,13595,D
8cce035a-f00b-408f-ab05-2edeb3b2b3d0,2021,1265453,D
aed86853-2cd6-4b85-8ddd-eaec3c360a90,2021,1101244,D
20fcd4f4-131d-4339-b569-f0d059b0b922,2021,107920,D
e510e6bf-6931-407d-8aa1-f2983d96d566,2021,13595,D
14b9e8cc-0693-4329-96d8-6147c177cda7,2021,1102628,D
8c5e4c6b-9e7e-488b-b5e4-ce2f3abd9952,2021,94762,D
5ab5ed66-f7a9-4a7e-adf6-30f659bbf333,2021,317,D
d7157e4a-8b3e-42b3-9a29-87206190e70b,2021,1101244,D
22b97043-9c1d-4b32-b128-c78d664418fe,2021,1148708,D
75ddac4e-d4ee-49b8-97d3-7d0988226160,2021,1190071,D
54581be8-ad48-49bb-8525-3c234b4d1af9,2021,1270596,D
b5a5b648-8386-4e3a-b5aa-9f3d7156455a,2021,968,D
ea905562-b745-47b8-b975-d5ac3b94561e,2021,48205,D
443983ff-7b98-4f6c-9625-b7dd00b93ea0,2021,20756,D
f4fad511-6bcf-439f-b000-0a5b2f9c1fb3,2021,113687,D
29214dfe-b7aa-47a3-81b7-320e694e839b,2021,50981,D
43e97899-e33d-4bdb-8edd-2c67ebd51d7f,2021,106167,D
0ad715fa-0e21-49ca-88ea-630ab67341ac,2021,108660,D
4523ec1b-2370-4346-8e84-c2b802a6a79d,2021,43664,D
e435337c-b51a-4679-8b84-c6a9341df3ef,2021,95175,D
e6f35714-c693-43c5-ae45-f2e83eb787a7,2021,11452,D
07aa2e43-9c6f-472f-bbc0-80016c6a44f4,2021,1136142,D
665f1508-d886-45d8-8635-0be0b751c6e7,2021,5000135,D
7d381950-5f07-48ef-8835-fccb3395a5f5,2021,95175,D
fed892dd-19ba-4bbb-91c3-b2d8744634bd,2021,1190071,D
6fb05b75-73dd-46e6-9a2b-f2ab3db1e0ff,2021,317,D
823fef42-c36a-43dc-9ac7-0679fe07326a,2021,1047907,D
16ed5460-8d67-4fd4-919d-f65fa0c1adf7,2021,108660,D
114cd707-3f8c-43c1-ade1-97e7e9dddd14,2021,1351760,D
44ff7eeb-4d87-490c-b77b-c3dca42334ca,2021,1376181,D
568567e2-ebdf-4348-ab7f-dbe18aae1d63,2021,1270596,D
4235ae60-f513-4f3b-b569-9ad82b59fca5,2021,37862,D
9a0a8fad-7857-4c85-b85f-85df178ab4be,2021,98764,D
25917c16-47d5-4ae0-9598-3d9daa2dacfd,2021,18584,D
341e9a29-f2b0-4198-83ee-20269e03a4e4,2021,1136142,D
36656584-3d2e-43bb-9f49-e1e578609642,2021,1385488,D
b73b5e7c-1703-48dd-9097-ca3d5eb182f1,2021,48205,D
cbce075a-b252-45b9-8a93-04a1f226a6fc,2021,1190071,D
d81f475f-6bd8-4c51-97df-c951ae694a85,2021,118420,D
8468c274-ca93-4382-aebe-f10be00f6418,2021,1161716,D
598e4a5e-028e-43d2-80e6-bf2a0818cde4,2021,1288839,D
7933b2ac-6991-49b7-a436-3fa028813e75,2021,103062,D
fd60b420-7a64-4ce7-9978-d96eb89ccaa4,2021,94762,D
9ddb4b36-d9d6-4c8f-840d-0c29b23499b0,2021,20030,D
88e393c4-0340-42cc-a49d-9bd27f77f055,2021,68930,D
655d5d48-c94a-473d-ad4d-99fbcc283c54,2021,1322390,D
60c5f5f3-a580-46b6-961d-c5a495da67b1,2021,1181115,D
552fd0ab-c438-40f7-97ac-d65399f70927,2021,43664,D
f66fd0d0-c40a-4934-98f4-c957e6b5a06f,2021,1148708,D
4f33ccf3-82eb-45f4-b425-86b10e007cd5,2021,968,D
f37d8542-de60-4a5b-a0f6-7806e121f9d4,2021,1265453,D
9bdc47d6-c5d8-43af-8e14-172887316c49,2021,107360,D
1fd06c5f-2c81-4167-ad1a-b3c3c7157c6f,2021,59122,D
90071e78-6e36-4405-88f5-3078a8dc4992,2021,101942,D
30e407ad-6da1-4dd2-8763-df5cd028e894,2021,20030,D
023aad53-de40-4862-8566-6ff5b327e643,2021,9440,D
8c81bc3a-d547-4ddd-95cb-5ba0e612e32c,2021,90030,D
a6af291c-3561-407e-ba45-8660a366933d,2021,118994,D
e6879950-d3c5-4500-892e-82add7e88d61,2021,1376181,D
077ab92e-74bc-496d-904e-60e41e709b7c,2021,98595,D
25e04d25-392a-408c-83fd-3767cd6fa197,2021,1101244,D
41e0ac4c-2e56-4bda-9d93-83887382aa27,2021,1132918,D
91ba90c0-22db-4af0-bafd-2e52b527228a,2021,1306689,D
7bfa45f0-6f2a-43be-99d8-11fe97ecaef2,2021,1108692,D
5b1583f7-8ed3-41dd-befb-f46ce9333ecf,2021,5000135,D
8f3f5ae7-7a03-46a6-b5cc-e74862d74278,2021,317,D
a23c89a9-e839-41be-b407-f93d2287ddd8,2021,37862,D
5792d6a1-ae87-494e-ba56-680d4be8f4f9,2021,37862,D
bf163122-bdd1-42e7-8115-273c2a58cfaa,2021,95175,D
7c75034d-12ac-4447-a7f1-c0064e008de1,2021,116770,D
67295398-8c24-4a28-986f-04332a6274ec,2021,1181115,D
c7b9f9c1-676a-46e3-b3c0-3078d0771ce9,2021,1265453,D
8afcf959-f3ef-423b-be45-b47e91566a51,2021,37862,D
465b6029-cdc8-4113-a5f4-508ab4952d38,2021,1322390,D
75597dcc-2b94-4361-bca5-5fb00d2ea4bd,2021,20030,D
c6da6acc-2cde-484c-addf-f97ec285c334,2021,58808,D
b46cb5a4-b631-4705-9635-226c5ac3a861,2021,64664,D
1a750ff4-ecbf-4cc0-a589-2247e89b81c9,2021,1269545,D
a7de2f3e-5998-45de-9467-77e3a1e6d29f,2021,99820,D
ef1ac6d0-9495-4945-a42a-2db7b155be70,2021,87396,D
022e6d45-84c9-404b-a89d-4f48dd4a4a43,2021,101942,D
230ae728-93fa-469a-ba3b-fdec8c2d6603,2021,1136142,D
b2565810-1580-4e72-b37e-ee6a42665646,2021,18584,D
3001d0ea-f3c9-402a-b10d-85b4a235690a,2021,18559,D
313a71a6-8e36-4fd8-8996-2179d1fe4ccb,2021,94762,D
153eb5da-f57b-417c-adad-2a24610c431f,2021,95017,D
a3fc864a-2a00-4762-bc3e-942cf5684f49,2021,48205,D
76640792-b145-4e70-a18f-4ddacd8d07fb,2021,18584,D
a6014aa3-fc09-419d-9d91-9d9e3fa499e1,2021,1267543,D
016cf1b7-ff7d-4040-b8d7-930ee0d897ce,2021,95017,D
79e872a4-f1e9-496a-b241-57bbbd361651,2021,37862,D
2ca06c09-2e6e-46cf-b018-3b25c2ce86aa,2021,55777,D
ad8bbc14-1047-416e-8458-54a67f29200f,2021,108660,D
6f361cc3-ae69-44dd-9244-6225575e7490,2021,20030,D
a5a04908-02a0-4030-9bb5-d34886bae1b2,2021,98595,D
3a30ff9b-3e2f-48c4-8edd-31fdbb4db4fd,2021,58808,D
bdbc478c-140f-4d37-843e-4bcbdb7917f8,2021,94762,D
dd788fa5-1b2b-46cc-b9a0-6934bfe7e8eb,2021,1136142,D
c2ca6562-0015-485d-a4b4-6c6471be5b4f,2021,106996,D
0c1770ec-6a1c-416e-83c1-7fc1fd21753a,2021,1132918,D
f648a859-87c7-4d36-9dc7-e22019d4ca81,2021,9425,D
7ae2c298-04a9-4e1d-b96e-2134a5e61384,2021,1351760,D
02f0711a-78c1-46f7-97a7-00199c00ec47,2021,1318224,D
325ce4b5-2301-4408-80bd-c8bb3217d896,2021,1190071,D
d3992c3a-bca7-4112-a533-5d5a6d74fc4c,2021,1288839,D
0f99614e-5625-470e-a290-0a974f2f806f,2021,94762,D
f641212a-17b6-458e-a79e-db608b2cb9c1,2021,103062,D
5b9e8f2e-34fe-4a97-bf4d-c0dd49842ffd,2021,101942,D
94d4cc41-964c-4d4d-9853-04188a269493,2021,11730,D
efd1fd26-ea40-44e2-a61a-5489d532e516,2021,5000135,D
b50e2d08-116e-46cd-9f78-67561647a14e,2021,1181115,D
a2ee2238-ffdd-4b47-b0ee-b88211f6e78d,2021,1102628,D
8cc48b7b-22ca-4e07-880e-9d8e62f54c30,2021,114616,D
f7544b20-c9cd-45ed-a89d-f78be7a4a71a,2021,41238,D
75dc55b8-9082-46f6-8d04-fbd8ca57c6d9,2021,1136142,D
43864096-c29d-4156-b166-788add87a4cf,2021,1283028,D
7ef79276-647f-44d9-acfd-3037d870bf78,2021,1258063,D
809ad7f4-d0c9-407a-b7a3-7826b2d6c961,2021,64664,D
5120b2bc-3470-4087-a9ca-8ebe0b7984f8,2021,1102628,D
23f888cb-2c44-40d6-8fed-2d105526f38e,2021,106996,D
60640c1d-218b-4f9c-b9cf-2bff3de821af,2021,1267543,D
eccf06d8-c013-4a7c-a104-f2500603f7dd,2021,13446,D
d6cd01f5-2aab-4a2d-becc-9b3a08bfe1fc,2021,50981,D
a8a907c1-d457-404a-9680-354b7d6a4e52,2021,55777,D
21a93134-9a37-4ac8-88a2-5b1e70d4c325,2021,1376181,D
829b7599-7bd0-44d5-9474-e65727e58c75,2021,1322390,D
e4bffcaf-4117-47e0-a566-d3c03e0c3b6a,2021,94762,D
211eddb7-fcb6-4a7f-a283-08cce7da4350,2021,56172,D
c6f4c6d3-5322-44d6-b47e-37c94433cd59,2021,5000135,D
f7a42b9d-0064-4806-af15-a498aee24958,2021,94762,D
45f1cec7-436f-46ac-87b9-28b7e9b6165f,2021,41238,D
0dfc9481-5a1f-4d0d-a8ea-b8ecbdcd57e0,2021,106167,D
7ff2d0c4-6aa7-405d-813e-b79576ecb436,2021,18683,D
d76c69a5-f17e-4a43-89ee-9a35d42291f6,2021,5000143,D
d6ea5b0c-eb17-45dc-a6c0-2ebe5fd1da39,2021,1047907,D
0c3aeb35-24c7-445d-83a9-a3c64866f87a,2021,74737,D
30c8142e-a614-4447-beb7-d382615754e1,2021,55777,D
28778966-cba2-4041-9cef-7d0e935d71ba,2021,114616,D
317756e5-9511-4e49-b31c-f8266016e407,2021,18584,D
1ad0dcc2-2513-4d59-93e1-d33edde29299,2021,1103723,D
ebfb2a3c-d458-4cf9-9c14-54b37a3c3474,2021,1283028,D
60b23856-1173-4b72-bf58-795d6b46feb7,2021,20030,D
bd15e410-2047-4ff1-8567-ea1638d01e09,2021,1385942,D
dbb8318a-ea84-4fc1-b409-cba1fb45c948,2021,317,D
2afaf563-2cf6-48fb-b74a-3f1557f0b572,2021,57606,D
a68baf76-c46e-414e-af74-2ce78339907a,2021,1136142,D
3db3b538-a5e0-4ded-8ce1-a3d7dfd5fc82,2021,106167,D
9ee555a5-511b-4e0c-8163-b772b69f103a,2021,95175,D
558f0d38-7b78-4042-9f74-a267f2e32d1e,2021,81210,D
b506f5b7-3c86-4aa5-96f0-7423e3748033,2021,99406,D
3b4620f1-a55c-4433-ae8a-d3e9ea3d7065,2021,18584,D
05a14756-142a-4384-abfc-bc2028a6daf6,2021,18903,D
a90ae73a-3643-4df6-a458-739a918dbb45,2021,1136142,D
9d10801c-46f8-41a9-bdaf-be484d5db9cb,2021,1136142,D
162a1ec5-4977-4cb1-8cc5-3d17652fc4f0,2021,94762,D
726785f1-d9b2-4867-9a6d-ed9a2a3399cb,2021,101830,D
f0c6843c-d337-4081-8716-883c2f8da839,2021,47478,D
7f6b6786-cbe9-4254-a56b-2dde741c3454,2021,13277,D
0fbe9a40-8bf7-4c1c-bfc7-5dd47cc12e80,2021,1270596,D
b0f99fcb-c1c2-407d-a86c-a374c9bd2e2e,2021,18559,D
a2112fdd-7dcb-4726-9241-42dcb939abe8,2021,1139692,D
6f25fc8c-0e23-476d-9587-9b4cf473914c,2021,37862,D
b17f5aaa-5ab0-4bfd-80b1-fcbbe4a72482,2021,101830,D
943a0e2d-d604-4e32-986a-5631ac6f18b3,2021,94762,D
8908b1b8-baa1-4555-ae23-ed971f6ee330,2021,103062,D
7a665cce-3897-4f58-ada1-f8253a3b407a,2021,9425,D
30ff8468-4886-4162-84ca-274c4bdfa9f1,2021,513,D
f546ea91-6eda-44e5-aa66-48de4ca6fc85,2021,1283028,D
cf5dca20-2662-49b3-ab72-b43b49256748,2021,1190071,D
993ffaa0-c54c-41f8-b04a-3a8d7bce392a,2021,50981,D
3eb17347-fcbb-458f-99ae-12800cc50e29,2021,968,D
1bfd84e5-90c6-466d-a714-38a9a82ceaf3,2021,1101244,D
5c64912d-8c5d-42b3-b0ef-d4b4daf543e5,2021,116770,D
93920ddd-c681-4990-bf13-b98061cc5ef4,2021,1385942,D
1fbed7f0-4938-4a5b-99dc-e506e033b4db,2021,43664,D
516eee2f-33da-454f-b4d6-c453d67a6d3a,2021,9440,D
b0635356-fc5c-4ce8-b145-7461999e4c36,2021,118420,D
71e7d024-7e92-404d-9e60-61ecd4dbbd4b,2021,18671,D
67b48148-1f20-4a20-8fc6-3ef481d2f491,2021,1181115,D
d470ba89-e619-4797-a38a-125aefa66450,2021,49054,D
68599b5b-3e1c-4f7a-bbc9-c185fce28c88,2021,1102628,D
028e2d2b-4693-442a-8f61-8d6cca89cb98,2021,9425,D
10f93479-71c6-4fa3-be29-55d3eac73943,2021,13216,D
a2e18522-ff56-4747-a90c-83c2628bb3cd,2021,19042,D
a4555e34-0bbd-4d9e-ba55-0f2044bdf881,2021,22047,D
b6d5713c-8520-40f2-b97b-86f60827eca4,2021,106996,D
13d27480-af98-4c00-88cc-4daae9160cb7,2021,1161716,D
a71703c0-39ea-426c-bf2e-66ba42aeaeb1,2021,1427745,D
1d7caf00-2878-4461-af87-3a6b4b4cafe5,2021,1070485,D
8bcda5bf-a501-45ee-8a1c-9f560bf41627,2021,1181115,D
f6198f47-2665-48b3-b037-dea8e6ed5876,2021,18683,D
af9c57b3-0149-4bc7-9415-099751c3d1e5,2021,98665,D
8aa87ae8-07cb-4d3d-b367-f8b17caea6f7,2021,12313,D
347c2f8c-6e27-44dd-a157-ad0095f2665c,2021,9425,D
f5e836f6-5455-4331-9e2a-904f2c4f9eda,2021,95017,D
f0906f6c-2c42-4a0b-a763-0909dcf98e7d,2021,48205,D
5996daf8-f25c-4f26-98b6-2c6b0cd0680c,2021,317,D
5dc2a57d-3962-48c3-a34b-a41cbb7f2f79,2021,18584,D
9888c9a3-719a-4f56-8a67-dfcfc6cc40b2,2021,5000143,D
aa321321-df84-4d17-a42e-f39779314803,2021,19047,D
c7906fa2-7da9-423e-a47f-6aca34d6607e,2021,1181327,D
c2c7e100-132f-4912-bbfc-0b1302e0e2c2,2021,95017,D
fe6244b1-a38c-4ddd-bc54-b90efc52316b,2021,9414,D
85691dc6-45aa-4ea6-a03b-c431488b3d9f,2021,47051,D
fd08a342-937b-4caa-8198-90054ddb66e3,2021,107360,D
69d92c43-9edf-44e6-8fc3-f30f168b7d01,2021,94762,D
f29fbe7a-d76d-4d4b-ad64-208a92adb9dd,2021,1101244,D
aa5e31f4-ff3e-4056-8a2c-83a1f8d42ff0,2021,1376131,D
f0f21d02-eddd-4b80-a336-fc105031955e,2021,40343,D
c2a545f2-89cb-4835-98fb-dea5d296fda8,2021,18558,D
ae887669-f635-488c-8c60-90c4a3ae06bc,2021,20030,D
8d0969c0-c8be-44f6-9732-720e347d89dd,2021,1118057,D
12d4e5a6-63ae-460c-a78f-95b927c1f4aa,2021,118420,D
79ff1557-951c-41ee-a702-96739bd3180c,2021,116770,D
52346e59-539b-43eb-86b2-ecc420246bcd,2021,1351760,D
b97d2712-c414-4468-b292-5b594ecb87f2,2021,18903,D
4ce1105f-63b9-4a08-b65b-8e1ef35ad08e,2021,1288839,D
dc40b65b-7a9b-4ce2-8c6b-31a0bf3b2ddd,2021,98013,D
64b1e522-f274-4138-8c7c-d6efbeefd740,2021,1306689,D
8b4610ee-1aa3-4d73-adc6-0117891a2fe6,2021,19047,D
efe09172-a3d6-42fa-9990-21f97c039475,2021,1315444,D
99b2f59b-8740-436e-bfc2-fbd6aff83455,2021,1376181,D
3f659e29-6b2c-4559-acee-33c78fdd54c9,2021,317,D
74f0e05c-054a-4387-abb4-e5c6d5e3ead9,2021,41238,D
0d042567-61a6-4138-b5dd-242d350fca61,2021,91181,D
c2e5586c-7a7e-4be3-9ac3-42c2fa0c19bd,2021,13401,D
dfb5ef1f-659d-4722-ad74-2bc1a7226b3e,2021,1267543,D
1e204023-30a9-4c24-bf7d-c879a18e67cf,2021,113687,D
132d0e51-fec2-4b3f-b314-7d806d9ca841,2021,18558,D
7b715e9a-e831-4df1-9319-1dc08024ea1c,2021,11730,D
ea5416b1-76d8-4230-827d-ec5dcc22396d,2021,1136142,D
8b0c3f23-118f-4df2-9702-02f8484bef6a,2021,90030,D
c109383f-38e1-4dfb-b9ee-4a7ec87c3756,2021,51020,D
7f3f8c0a-9da5-4cde-8c45-2871e96499c5,2021,13595,D
7bf927fa-5121-40f0-9303-926d6f9fd5ab,2021,11452,D
bf5f262c-f274-4df9-b42c-decf3e5e8f35,2021,98305,D
e70d08ec-39b4-49c7-b479-52bceebc459b,2021,1314243,D
a7cf0fc6-f6a8-4f09-9c5b-8df72893903a,2021,1190071,D
8cedc89b-c43e-4cc9-b449-cb3c3f9e833c,2021,968,D
67a62af6-b14b-4113-9d1e-d906199e9037,2021,18559,D
e0a06698-726f-44b9-957b-a1822e198706,2021,108660,D
8c68ed7c-dfcb-42ee-9622-d46f932320a1,2021,19042,D
fea045f7-1e55-4143-8524-5ab1c7429d24,2021,1376181,D
91538874-ca53-47ee-8ccf-112644ec0190,2021,37862,D
73348d25-04de-4c2a-b839-518c80bc8efa,2021,55777,D
12548ad6-b162-4511-be61-5c334c27189c,2021,101830,D
dfeefe97-bb8d-47e5-9a13-646bf352cf8d,2021,1204325,D
f84a2c3c-4eb3-4e21-ac50-1b6d68b5d604,2021,108660,D
a7d44ffe-69e4-4775-b3e4-98aac00c720e,2021,83388,D
0e529f77-d6c6-465a-a32a-df9ae4c70c16,2021,10515,D
9ba58e14-bc40-429f-b128-6d32fe5de6d3,2021,1288839,D
bbaefdbb-7ffb-41d3-8c0d-f8aa09ba893f,2021,1306689,D
06600155-2a38-407e-82eb-091e739a86f0,2021,103062,D
4f915f99-07db-4c7f-9e88-bad3ddcc7341,2021,1118057,D
7a13d050-6cfe-4f3e-a8bd-2bda17c7f4d0,2021,968,D
9bab163f-2b80-440b-a98b-ca5aa87875d3,2021,1136142,D
866de73f-8830-402f-9423-4bf2dadd17e8,2021,53333,D
2743c011-73b3-43cb-8d21-6a5bb10445d7,2021,113687,D
e5dbddd4-f4b0-4cd4-b21c-0c85e7b9962f,2021,1181327,D
8574e82e-f07f-4b61-aa87-2f176209428b,2021,1314243,D
ab27c4bf-c163-45e0-acb0-3d7eaad19882,2021,101942,D
9c716c3b-3b27-4cf9-a872-ba36eae6cb17,2021,1288002,D
fc6bff09-ad40-4e4d-a8f0-ebd31c8ca8c3,2021,48675,D
57773e97-f0c6-481f-8ccd-ed2f75a4585b,2021,86326,D
f4b593f2-33d9-42d3-8f31-3f26eff41f96,2021,13277,D
c47d1327-b091-4870-8dbf-7064f373c305,2021,1314243,D
48450f64-78b9-462f-9086-2a4a3ceb8fd5,2021,9440,D
c7773146-67e4-4806-8859-e5004568f0f7,2021,91181,D
4af5baf3-8c12-44a7-92aa-db9330addfc1,2021,53333,D
b169da0a-a014-436d-81d8-188a17c3979a,2021,106167,D
b13df47a-5179-4d6c-86b0-7c6c3a4fcf6a,2021,1190071,D
cb7addbf-9d44-4de3-90fa-893eaa8c81cd,2021,107360,D
d7a8fccc-5bdd-4bf5-80d6-85535e59eb24,2021,11452,D
d6d7272f-4a4f-47fd-96d0-5a21fefa8d42,2021,1161716,D
504249f6-1192-4ffa-a873-c113378a4e5e,2021,1136142,D
4d2952e8-2ba1-4948-889b-4b60f372c763,2021,1181115,D
db7e76d7-231f-4077-ac13-c0913bc929e6,2021,108660,D
79771c90-40d6-47ac-93ca-d056acfc06d3,2021,108660,D
3f61b65e-6ede-4e2a-aa35-bcd71ae00dcb,2021,102590,D
26ff613f-e357-4162-afb7-0df07c79bf51,2021,49054,D
c367c45a-23c6-423a-9761-90fcf70f4fb5,2021,101942,D
db8a4b6f-54b5-45b9-8b41-c68b4d4416fb,2021,2209,D
52ec3ed4-926e-4ecd-921b-07c5d544794d,2021,513,D
a3337a0c-83bf-4e0f-ba41-24ff6a575c56,2021,18903,D
b0cd529c-58d2-493d-ab13-056e16ac4039,2021,64664,D
7360f421-4dbc-4644-b67f-a5cd90e13f9f,2021,1269545,D
95983753-8ec0-499e-bc33-a4ab8cd4775b,2021,67092,D
02ecf653-ea23-4549-827d-e178a20baaa9,2021,98595,D
bc9351e8-2d62-4c66-bc80-d61fca34676f,2021,40343,D
9e1b29ac-8d37-45e9-836d-3e5a4f73490c,2021,1190145,D
6890416d-260f-4c38-8b7b-7a0cf905d883,2021,1267543,D
9acdf462-92c7-4c86-b145-57f83c599829,2021,19047,D
aa9dfd94-663d-46b7-8c54-84b7bd28f83a,2021,114616,D
a68124a0-9e3c-48b5-a3cf-cc611fbf63f6,2021,1190071,D
86151edc-81bb-4aa2-93d3-5dd20d40c142,2021,94762,D
5b2f1029-9fd1-433f-be16-18f788a010ff,2021,91181,D
3654f452-f6fe-49f2-9916-d0c5a09d7458,2021,1267543,D
13b6d95c-df3d-429b-a93f-217a0ec18a6a,2021,98665,D
de026a5f-6c2f-4d95-bf6a-33f33e151479,2021,13446,D
82074a93-0514-446f-b0b6-bb31593e2671,2021,113813,D
9bf80dd3-043a-43ee-b04d-058e8fc3f9d9,2021,98764,D
d26ac42a-32e6-4ce1-b833-ec856c96cda8,2021,317,D
05b0cbdd-ba17-4156-b559-0cbca30ae438,2021,968,D
377073e0-0e8e-405a-9500-47346b1602e6,2021,40343,D
f64858a5-475c-43b7-a23e-4c7f26cfeb1b,2021,118420,D
af09069c-9ab8-4166-a59d-5263e6b60089,2021,1288839,D
5d4e9e72-962b-4e25-88ce-1bbda493dd23,2021,317,D
ecfe041a-9f41-4d19-a007-45c74acd8f9a,2021,95017,D
227584f4-2516-404f-b012-ac9ccfa3f742,2021,18903,D
a205da90-7791-467b-a27d-7b131d1795d2,2021,94762,D
28dfcf7d-30b4-43aa-8a0c-b80561da7151,2021,1103723,D
96359fdc-bcd3-4ae9-8c19-d24f495a9583,2021,107422,D
c88159d9-9ade-4490-80a1-266e75d23ef0,2021,13980,D
71f9ecef-f5bd-4f7b-9c8a-a6d515e35af4,2021,1318224,D
1ecdc9ae-d691-4d67-8031-3868c12c2e27,2021,19047,D
bc1cd1aa-2f11-4634-a43b-cda52b9376b6,2021,1166783,D
0819b736-4aca-4bec-ba78-82f8f63bceed,2021,18683,D
a9ebfa40-9d19-4c22-8fd5-10f0e5889321,2021,1148708,D
aed355a0-a22e-4b8b-b3b4-33d9bef05789,2021,95017,D
8a78d980-2292-4f0d-8463-fd648c6c5f6c,2021,1108692,D
3f70e3c4-0121-443b-bfbd-befdc01f8c49,2021,13401,D
284dee25-7e63-4c99-84c6-f57872d696b1,2021,13216,D
3f283eaf-fd6b-412c-b15b-1334f35edd61,2021,90030,D
05617220-7792-4d1e-b77b-cdd93d2eb047,2021,1102628,D
ec9f93a1-37a5-4334-84e1-ecdde5df9c93,2021,1204325,D
2b035256-76da-4872-ad69-8f956892732c,2021,99820,D
5baaee69-e2b4-466c-afe0-c90dab6a7b3b,2021,62484,D
619493d0-5d36-49eb-bc09-4c71cf478242,2021,12313,D
0a7685b8-e245-46cd-bb1a-603878e6ef1d,2021,113687,D
ba67289f-56f9-4326-8ed5-4329020a34a9,2021,37862,D
be098f6a-e162-4ca6-a11c-b8b5b4c716cf,2021,13980,D
916273ae-1588-4f00-aa26-eb3f03d45ad2,2021,13595,D
74850050-dd55-4641-b552-8393e7d49099,2021,20239,D
881deb2e-c313-4025-a82e-85359df8fd43,2021,11452,D
27a9195b-acef-43e1-817f-76921e94bca4,2021,2209,D
0566a031-7f65-4025-8b58-8bd6e418250f,2021,5000135,D
07c415f3-3b43-4509-96b6-6e6c78270f4a,2021,13446,D
4a35dd38-bdbc-433c-a87a-c34ad50ea1a1,2021,1136142,D
ee11859c-23c5-4a50-963d-7e2ea88dfd3a,2021,1136142,D
a7bda58d-ee6b-49f0-a4d0-1c7af9f07604,2021,1300429,D
9b0d52c9-2b48-48cb-a9de-0317b6e6efac,2021,9414,D
93bd85e7-c2dd-42d3-9045-6bce9ce37d50,2021,116770,D
00dbbb08-90ac-42e8-95e1-943d8acf8301,2021,113455,D
5acd9ff3-0b6a-48c0-b9e2-7266950c4368,2021,47505,D
6f37aa23-7353-4bd8-b4a2-02f4a3a66344,2021,1190071,D
a5e9b853-4aa5-4d77-9d57-4e3eab69ad4b,2021,317,D
590d7ad2-720f-4b4c-a5bc-32d7a1dbc245,2021,1376181,D
f39f7fbb-12a2-437c-bab9-26402b739b48,2021,1288002,D
dce6865d-6deb-4a08-aa4d-bcdb23e155eb,2021,117022,D
4eb61db7-4ca5-4176-8808-f2526bebfc41,2021,58808,D
3dbd724d-dbb6-49a7-8a6b-51b925ca1948,2021,11730,D
ad3f1990-d29c-4fd8-99fc-6a7e0d858855,2021,5000135,D
4e38d597-7f82-46e7-8482-b9fb364608f8,2021,5000143,D
739af30d-a891-4d3e-a04e-bfd744ee3fde,2021,94762,D
169e4709-8b6b-49d7-b8e5-b35d04c20ae6,2021,1283028,D
0927b645-5cad-48a7-8111-c2ecd8ae0c11,2021,106167,D
67d86b16-17f3-4c75-87d1-91714cfeb78d,2021,103062,D
59772b14-460b-4215-9c90-40b77ff5ed3c,2021,13401,D
b8d99202-e4ea-4e19-b4c7-7dc64faf2e1e,2021,1314243,D
e74aaecb-4b89-406f-91a2-5d8fadbaf389,2021,117532,D
7d212c23-24e7-458b-a320-f310e9604ff4,2021,1118057,D
ea27a1de-8692-42f9-95e7-601429157269,2021,101942,D
10a77482-439e-4da8-8c28-a56740fe1964,2021,1288002,D
14d3f5f5-0e27-49fb-aa30-15b29a639983,2021,1070485,D
7fd04953-0cab-4ac5-8222-497a23dd8170,2021,1376181,D
a156764f-c446-4afc-8025-849b48c32808,2021,112086,D
f019cfb2-f1ff-441d-9ba6-99a398270f5e,2021,107360,D
87604695-71f1-4ce2-86c0-c0fdfa8d19e0,2021,118420,D
d697a1f8-1391-454b-bd97-d2b6835f6f55,2021,317,D
b9d2d909-2fe5-4f9a-8f6e-bc387fe949c1,2021,18683,D
8595414f-2aa9-4e17-92c0-765305459245,2021,56172,D
f123d067-d733-42f4-a45e-559038d6e192,2021,1376131,D
1548c370-51e5-4e60-a2f1-861d2c2c93ff,2021,50981,D
a2fc4813-8167-4eb2-9200-a6504f0f18ba,2021,13277,D
98dcf94f-fb4e-479e-9f36-6af4aa49fcee,2021,1166783,D
14289a37-420d-4b7d-8187-28c605d7f4d6,2021,5000143,D
e57f0eb5-33e9-4a7f-ae68-bf3e4bad22ab,2021,1047907,D
f02ccf78-3409-46a3-b564-2edf8a51d562,2021,1272079,D
3d67ed7f-2ed7-4646-b5ca-4bb04aa8343c,2021,1270596,D
dd5d1577-5960-4f8f-9c06-3477b2dc4bea,2021,9440,D
73a04102-f421-43bd-8849-9c15ab3d513a,2021,64664,D
8a9da5d7-d88e-4006-89a9-5a28ab18f6fc,2021,1376131,D
442895a4-95f4-4160-9601-c9dd00b85610,2021,118994,D
e40dd681-aefb-4793-aed4-019ac978ae20,2021,1166783,D
dd295941-b8ac-4867-8f0f-f5489b952ae5,2021,118420,D
95adf6d8-3f38-4eec-b168-b168e7bde83b,2021,1190071,D
a9723707-3caa-4690-993c-02d95c97c0b8,2021,13401,D
13342623-11e1-4826-bcbe-0e74ce663e16,2021,118420,D
96a56011-9c92-4d6b-90be-5875193db067,2021,5000135,D
001d7b28-fb10-43a4-83a4-204392b0a3e2,2021,1322390,D
4abf2654-fe15-43df-b508-dca52f118b54,2021,47051,D
e169b8c4-50d5-4fc2-ab73-30d6fb307180,2021,13595,D
84de3c8d-80a4-4f06-95a4-49c52cb8bd2c,2021,1181327,D
92553575-3241-4422-9c5f-f6859ed533da,2021,53331,D
48c8b344-2af7-4ed9-bbee-9a49af322a18,2021,10515,D
887ad079-5215-43bd-9eb6-cb7327171795,2021,47505,D
8a63a346-102f-43e9-89ab-42e362d55a7a,2021,1139692,D
497e8937-ba70-44f2-9e05-6bc506ae2299,2021,1102628,D
795921a0-1647-47b1-a757-f23774454b5b,2021,1351760,D
d2b2e6e7-9ebe-41be-878d-7b711a0472a9,2021,13446,D
0b60ccf3-9abc-4f22-98d8-6894e149da74,2021,97443,D
d6ffdb4b-921e-4e49-9137-6107939e6cee,2021,116770,D
a756a849-328c-4091-b3d4-c2334849674b,2021,317,D
b1502e65-e217-431a-af0a-00e1a816e8f9,2021,41238,D
e10da368-0943-48ab-a3df-80f56a3b127f,2021,13446,D
cee6bc13-39ad-436c-ae29-a99a4917b571,2021,1270596,D
ed0b8037-3bf7-4628-a18e-74b5326d1019,2021,1136142,D
36366bff-226b-4b7a-ace4-9af2722e7e77,2021,1314243,D
65c5db17-6457-4236-9577-0cdb3b626ac4,2021,11452,D
d1bd3b55-4ba5-4c3a-bbcb-5c194ae11ea5,2021,1136142,D
26567aeb-8957-400d-a482-2f965c4e4f1d,2021,1102628,D
767f18e6-80fa-4dac-a51c-4c38ee1107ac,2021,90030,D
5f069fef-b2ef-4861-adda-9a38f8d2373f,2021,118420,D
ed112e1f-06d5-4175-9112-0ecccbb5fb05,2021,1314243,D
2fcb6e8b-58ca-459c-9fb4-be3425bfbe35,2021,317,D
13e4f06d-85db-4905-a13a-d6d21acc684b,2021,5000135,D
a02cb7ca-1b79-4aa9-9361-46922ea56598,2021,18683,D
6ee31e01-f854-421f-82cd-6d612e606125,2021,13595,D
32becd3b-0695-4e3f-b751-f7fb85dab3d5,2021,13216,D
3406ef8c-d3af-4e82-b41a-c00af87affce,2021,1314243,D
e4b8feed-5591-4472-b0ba-d56ef083b5b7,2021,55777,D
f7824e63-4685-44da-9964-6ce8392bc142,2021,13980,D
3328689b-e3c1-48c7-8502-cb858b9de3c3,2021,13595,D
8b47bb65-c520-444a-ac06-7d11a5144655,2021,1101244,D
62f9cc51-8a72-481f-a024-533cf6d79dc5,2021,117022,D
80ee17a9-0505-406f-8804-12e861ae53b5,2021,317,D
71d65b92-9ff8-4acd-bc73-0943c8287269,2021,1102628,D
ff61b181-18a1-4938-8d24-16bb43cdf256,2021,101942,D
34c58e15-eac1-4d5a-9446-629df8358f1b,2021,50082,D
04e8cedf-f392-4729-a801-23bd6df0bf49,2021,18584,D
c31a7b44-08dd-4a88-b8b9-5dc69d283eb3,2021,5000143,D
3c21f798-298d-4798-9807-4643812b51dc,2021,1136142,D
c57a55d9-5b1e-42c6-839f-ed16160f30e1,2021,48675,D
76ab0f97-2206-443c-82d9-b74d87b7cadb,2021,55777,D
91b337d1-cba3-423a-b249-785f93adf40d,2021,1102628,D
7ab613f1-839c-48f3-b3ae-e3ba3c064d2f,2021,5000135,D
c56b8824-a13b-4cc8-93c8-3a3fd8bb855f,2021,90030,D
4bf581be-4e03-4b5f-a90f-37b85a015527,2021,317,D
7af2c924-2a63-45b8-95ce-8cbf2c084ca9,2021,13216,D
cb85e844-7080-41a4-9ebd-760fc9f67e72,2021,13216,D
2bde2b9d-4f0f-48c1-808f-826006c4a9e0,2021,94762,D
c3a8e251-fed5-4370-869b-45ceb8679689,2021,11554,D
3c944b03-f0c6-4582-bfa3-db89020e099d,2021,13401,D
cccd45e1-8ddc-405c-8435-81fa7ece66b6,2021,107360,D
cef2452d-855a-4943-b40a-f5555ceda3d7,2021,13446,D
02c2f7f0-6147-4350-bd01-ff33b69e84ce,2021,1204325,D
9b17e514-477d-4105-bd6d-69404952bfef,2021,1118057,D
123a1248-5a71-49b0-9e6a-edf4f5619a6e,2021,1181115,D
1e556592-2f4f-48bc-bffb-d206519257ad,2021,19047,D
c585dbb6-45d1-4702-9870-fcf9ddcf879b,2021,1283028,D
b3304add-45cf-4fdb-807f-f3ce65053573,2021,1376181,D
31ee58c8-27f6-4d9d-8b6b-1af273d091bd,2021,99820,D
c8d0c5b7-7e0f-45dc-91cd-583be9ff72ed,2021,47069,D
78c57106-dc0d-457e-b4df-a5eb5dc10a74,2021,317,D
2368da2c-6711-4a9e-9a3e-d73ab8edac2c,2021,11554,D
832b830e-f55b-4dad-be72-47ec4b27dc18,2021,11730,D
cfd9040a-2d16-4e35-b049-6eec6ad5ecaa,2021,1351760,D
e5f20d68-91f4-44bd-8eb0-148760d8bca9,2021,1136142,D
ea2f9770-bed0-4528-8f59-1cdfcfbb0321,2021,64664,D
81eb65a2-45e0-4974-9efc-258677066439,2021,94762,D
ed95e931-02b9-4fcb-962e-3ae84373dd4d,2021,1204325,D
7e70a597-09d8-44d8-9e0e-641a60dae66d,2021,1427745,D
1b16e8d4-82a1-4381-8493-afcce15be237,2021,1533190,D
04749efb-543d-4382-9079-e40cadbe44be,2021,18558,D
0b2aadc6-44a6-465d-8ddc-e4937b248dc1,2021,62484,D
5c6c8435-2b9d-4ede-afe6-ed0c93f52b6f,2021,1318224,D
752cd72c-501e-470f-ad1f-035222366ee7,2021,13595,D
12049496-fda0-4988-a03e-1100979253c5,2021,1102628,D
3874e150-e4c4-416b-8414-c7ec4b1a91fe,2021,1132918,D
b056dc0d-6039-4766-800e-0011a57f35f1,2021,2209,D
64afafcc-1c55-4822-85d8-23c98eab0d71,2021,64664,D
c966125f-2d50-445a-b773-582e6f5243c3,2021,1283028,D
0def8d8b-dc72-4152-a9cc-dd81cb7aeda7,2021,13277,D
2e358fc3-2649-424a-a600-9dae9b35727b,2021,62484,D
1c51532c-ca72-4f89-af1c-f49b3802f4bb,2021,18559,D
70d7c5d5-54e6-4867-ac4f-c7039263f1de,2021,13401,D
6c0d7d43-5d50-42c9-9693-90534b599aae,2021,103062,D
a7ffee54-e5c1-4e87-97ea-0ab7b26b7b98,2021,1136142,D
e454f5fe-9c1c-4c13-b304-434f1c596947,2021,1132918,D
7c634b82-1e98-4276-8c95-22ff83036915,2021,116770,D
32764835-cedb-404c-80d5-f7d8852317bd,2021,13277,D
55ee21df-b3d6-40d9-af0f-ce289367a057,2021,57606,D
92a1dc15-2ad6-4d5a-874b-5667c565758f,2021,13446,D
65082609-b9aa-4335-87f0-e2f2d7d9bbe5,2021,11452,D
6234e29c-711c-493a-bc22-7afbf9a7f652,2021,19047,D
0f014ca9-1388-4d90-8583-a427171200f3,2021,968,D
2e740308-f6db-4955-b8b3-2922bb1c87c9,2021,317,D
10d0112b-4bfd-4823-8ec9-88b3cae62936,2021,108660,D
7b565eac-9942-47d6-bf77-91e0b6ea7353,2021,1070485,D
8cc349bf-d378-49ab-9e64-b90c16e7bfa3,2021,59122,D
2fce6b94-da79-4e11-82c7-277e2369f0ae,2021,13595,D
b7cb3049-4d74-4d64-94fd-6cd9de5de467,2021,13446,D
c50ff048-0105-4804-9185-35d53b1a0ee0,2021,83388,D
bc54b684-85a0-4749-84b7-2b453c5fc44d,2021,1136142,D
8babb51a-0c9f-4615-9a96-85d34aaa19a8,2021,53333,D
6d456a03-4368-44b6-b085-397b10c0e48b,2021,18683,D
7dfe1230-4e97-4419-af9d-a2fab7f1365b,2021,1136142,D
8aa1f919-df24-49ce-a159-fdff6bc8ab06,2021,13277,D
9db69eae-180b-4669-81e3-c782654aeff7,2021,317,D
720a3e7f-82c6-40e5-8d3d-9a17813b30cc,2021,91262,D
c17fcef5-b109-47e1-b06d-d5c7dfb131e7,2021,18671,D
cafe70ea-1b9f-4895-b3eb-13a3efdc947a,2021,13401,D
dace72a2-9e01-42d9-b80b-cf266beda82d,2021,1181327,D
2c5169ae-6248-4b34-892d-6a0d338f7b26,2021,1190071,D
eab64522-a63b-4595-8891-0ebae1d86a89,2021,513,D
63dd49db-fbb4-4ca2-90d3-0fbfeaea6b22,2021,9440,D
59c860c8-d5e7-44fd-ace8-2dab44965fee,2021,97443,D
d4882843-db28-4bfe-b57e-5ca999513916,2021,13595,D
630e798c-bf70-432d-b63c-68de70e8c18f,2021,47069,D
6bc1f672-7035-475b-8742-7cf53fef7e47,2021,59122,D
4288d8a6-08f8-4a5c-8e21-9f6800feecd5,2021,1136142,D
614ae2b2-2509-4871-a3fb-6025994df457,2021,9414,D
d32443e0-8892-440b-b120-0d56b4157e3e,2021,1101244,D
eee1780a-88ef-49f3-ae59-470418b58baf,2021,99406,D
7ccd8a3f-cb4c-4e11-99d5-9d77bc47c20d,2021,2209,D
2a831188-5aeb-4179-988d-340611c86bcd,2021,107360,D
80007702-1ca3-4f52-b31a-f48c52c3eab1,2021,95017,D
540e72be-8fa7-4009-b77a-502bba77ee4f,2021,13980,D
b22341b7-9f0e-41a7-9b95-86ebb07eef61,2021,18584,D
49f4d44c-2227-410f-9b13-02e59b7d34da,2021,47069,D
f4add8d7-e99a-475d-bd57-65d054f94b4b,2021,118420,D
a02d2746-1749-4e52-a9d3-4a0ae5a02c9b,2021,116770,D
0a10ee6d-499c-4380-83a1-9cc94349421c,2021,55402,D
b48a5f15-17c6-4a89-b486-2dd0bca88da2,2021,13595,D
031b49f3-dc23-4b07-833c-14e6b3ea6b7d,2021,13980,D
026d550e-b6da-41ff-9806-72752d1ca509,2021,13595,D
505d73ec-5f13-4edb-a164-794313c74d87,2021,1272079,D
66928df3-901d-48eb-adfc-c20688f932e9,2021,98595,D
aca26daf-0bb4-43a5-b2d8-45dadb50d22d,2021,40343,D
23b852f1-09c0-4e7c-9689-a747e2c88700,2021,2209,D
b2ed5678-4953-4a87-871e-a093d901441f,2021,13216,D
22ec7bb0-d048-4861-b56c-b8278aa71054,2021,20030,D
6e187fc6-d90f-475a-8301-25e612a26715,2021,1272079,D
31e6bc14-ba88-4df4-854d-d8cc5dfa1d74,2021,1118057,D
bed1b415-f0af-4033-9dd5-973484d3e67a,2021,1103723,D
1079c7c2-62e5-4852-9107-d62405a247b0,2021,13446,D
16ba0dd5-9f79-4c1e-a9d0-11391520af6f,2021,11452,D
cc55baf8-8207-45a8-8c1a-bf3b62fcde2b,2021,95017,D
4389356b-bdb3-413a-b902-8d7224d039e7,2021,1118057,D
cb6c3b9f-cf4d-4bd7-bc23-03f3f0241f70,2021,11730,D
55bec2ee-a05d-422b-8cf9-deffe77429c9,2021,49054,D
b2d7ec0f-57f3-4451-a108-47a546c73461,2021,114616,D
22465bcd-d747-48f2-b921-c979b2da3d7e,2021,118468,D
0b23bf2c-e285-463b-b42a-aa6404b3f9bd,2021,64664,D
2d02faab-4143-4e07-8d5f-049e956291f2,2021,1379275,D
c428e252-8fb9-4376-97cf-d59be1111766,2021,1270596,D
e3090c97-5dd0-4692-be9e-db9bf252df3c,2021,118468,D
a4696ece-1741-4e80-b452-3bb2531b3e21,2021,21464,D
c1e5067b-92b8-4fef-bfa1-822606f3d67d,2021,13446,D
50a25f26-79f5-4ef1-8eca-29194756b78a,2021,1288002,D
b2c5d359-0277-474e-a4d6-16734a4c3219,2021,317,D
f801ac2d-e94c-493b-a268-b18ff1bb2179,2021,98595,D
9af836fb-91a7-4a6f-8905-bd0e7a303242,2021,87396,D
b6f5a130-7bf7-4b92-acc4-2928d1b04b83,2021,1330347,D
474adc53-8dcf-4b70-8e98-75f2314d3503,2021,1288002,D
e2d279d8-581d-4aa5-be57-caab9041d987,2021,1267543,D
6aa317da-1e8e-4a76-8cf0-e64fd58ed42f,2021,5000143,D
cfef6a20-f6a2-4056-a5e9-4c768e3d847e,2021,107360,D
5f311a4c-0a3d-4ce3-b07b-ddf3f0ad40d3,2021,1190071,D
c27e8f34-9f7a-4ab3-98d0-6e6e79940554,2021,13216,D
8f5e9685-29cd-4b90-87f4-800361c4323e,2021,118420,D
a6c9d6dd-3e05-4ad9-bc87-faf6cfda04e6,2021,40343,D
8198ba62-999d-46dd-a8f0-059475337080,2021,13216,D
d34af2e8-0da2-401d-9b6b-2bad875306fa,2021,118420,D
d9dc512c-6f4d-497a-b654-fb3e9b8c051e,2021,107360,D
8e6fa3e6-6c33-4ed2-a81b-da0ef5a73df8,2021,11452,D
241f4e1d-50a7-4337-9323-5b7751634ec5,2021,5000143,D
6f9365f0-7d89-4e34-abf5-9d74b616948c,2021,47505,D
123a4941-2440-4e19-bc18-472317c6808c,2021,18559,D
3f064626-85ea-4b61-aafc-764f2e1280dd,2021,1351760,D
c427c9f2-8383-4182-a8b9-64cb3e827fdd,2021,318882,D
0cfff1f3-bfb7-4a57-b874-2020167e6be9,2021,1136142,D
f5ee6963-98aa-433a-9191-4169d7a920cb,2021,1314243,D
3ae8ae14-bbcd-4b2f-a373-e6cd7ecda7d0,2021,98305,D
7e517d21-2357-4339-a36e-1ffc64896acf,2021,9414,D
2fd871e3-4158-41f3-a543-649469baedad,2021,1181115,D
e14885f9-e118-41a6-85a1-c1b150e894bd,2021,2209,D
be45ab20-436e-4774-827d-e1b8807521e6,2021,49054,D
47406ed8-ad30-466b-bcb0-221d92749684,2021,98595,D
f078b0b4-9c8f-4dff-88d6-dec88be68a3a,2021,118420,D
9350a9d6-2654-4f4f-a365-1c41bcfbce11,2021,1288002,D
a955c135-ce41-421f-b3bf-8c5593eb75f7,2021,62484,D
5f69d88d-20aa-49b7-a44b-9b0904decba0,2021,13980,D
e7069d3f-a9a2-415f-b8ba-f5b37d0b886a,2021,106996,D
25e6864f-6972-4326-b101-4917a581ec84,2021,18584,D
ad743eb9-02da-4e13-8960-a8deb86701c4,2021,5000135,D
3c71d5ea-f754-46b8-beac-5c67c71fb1b3,2021,317,D
15cafed1-ee4b-4430-b522-afe4fca35794,2021,118420,D
e5bd6c31-6fc7-4891-b1a2-b04277aae21f,2021,5000135,D
739af75f-072a-4dce-bcab-28519f62e889,2021,5000135,D
aef032b0-3dac-4af1-ac4e-c929768c54fd,2021,1288002,D
5bf127d6-5760-4d67-885d-ec4e8bee16d6,2021,13595,D
c48084cd-402f-43db-a018-79f0d6efb226,2021,1136142,D
22918d62-bf56-4307-97cc-c7cd58483b0c,2021,1136142,D
08a00e58-5349-4ddb-82f6-f480d1b5cee0,2021,1101244,D
57e1023a-190e-4eb5-9a39-3da9d8d16ef4,2021,5000135,D
6a9e6156-2c95-41e6-99fe-297da1225bda,2021,113455,D
c81e6b37-af79-4aae-86e0-86e2300fa4b9,2021,317,D
a317addd-b39a-4a15-925e-f91ac404001f,2021,1139692,D
26971116-7cb7-4dd4-8a58-0fb30f03d4a2,2021,37862,D
32daccc2-1a82-4a30-b9a3-7f4fe7370744,2021,13446,D
a8d35978-f794-4a4f-949d-01dde5de4781,2021,94762,D
fb3d2a69-ed92-483c-89f4-9f220c306028,2021,1181327,D
64614e34-28b7-4ef0-a262-25023e28aacf,2021,13401,D
2bf57e17-26d3-497d-9dfc-d0dd897d0750,2021,118420,D
5c9ad4ef-c954-46d6-be25-a007f26a6b8f,2021,116770,D
1c13c9e8-35ee-4b6e-9408-8d7a2093e2c5,2021,13446,D
f3735dcc-73ed-456a-8d6b-a70b97e2305a,2021,12313,D
84b5b22e-5c34-4c1c-9d15-002fd9f6caf5,2021,62484,D
a262aad0-b81a-4e24-a4f9-038adf6e1428,2021,18903,D
66b495b6-6635-4780-a6fc-9125962734be,2021,1132918,D
8e67333c-6148-4a10-b3fd-fff75ae65bfb,2021,1136142,D
79514656-1103-416d-b117-bc10bc6f61c5,2021,1136142,D
9f0bd7e2-4d70-4ba7-86f5-7c40a0257cd7,2021,118420,D
9b9a9934-391c-4233-aad1-fb169c62938b,2021,118420,D
4f892b58-40a2-41bb-8f21-ddaa73f9f6ad,2021,1101244,D
59fa5fee-01c0-46c3-b311-4fa19f2261fc,2021,12313,D
f8c2892c-edac-49ad-b684-e8995f94243e,2021,13446,D
06cc89f5-78bd-4f45-8360-4812e3520b74,2021,13446,D
0c618412-0bc0-481d-9c9f-35323747d1e9,2021,13446,D
ed1a5331-ec51-468d-af49-a94cfb9807d5,2021,21464,D
5a5bbbea-6805-4224-b8e1-74c89c69fb37,2021,1269545,D
9520ff8d-649e-43c1-8865-26cf17bd557a,2021,1136142,D
58368882-fd1b-4e99-ac12-7cf4764e6e63,2021,97443,D
400ca47e-e484-470b-b00d-f11aa96b06c8,2021,19047,D
f4be71e9-3a49-4324-85fb-d9e69f1d4085,2021,118420,D
5c050ddf-48b2-46d2-aa18-99ac67ad1e9e,2021,5000135,D
51e8fcef-b171-418b-b22a-919fede4d366,2021,13446,D
f120bbea-0bb9-43bc-aed6-dd727a399763,2021,18671,D
5f297a7c-bab0-41a4-96b6-261382acc20a,2021,95017,D
099b0df9-832e-4f38-b68d-b60e13095fcb,2021,10515,D
207f70dd-5de3-4f4a-aa89-e69e9998bdd4,2021,13980,D
61934962-3b68-4cba-8eb0-839b23890e4b,2021,99820,D
f0b3c410-6261-4483-897f-fca0ade55e66,2021,968,D
faa5c15a-cd4d-4571-8457-eb5216cf24e5,2021,13446,D
f26ca5e1-7371-4e78-94b0-ddf0fcbb67bf,2021,97443,D
a17df856-e46a-4dfc-9c72-77e88057b8e2,2021,11452,D
7e765ca0-9638-4f48-be56-e342ed7229bb,2021,118420,D
bda7ddba-204c-47e3-9606-940cdc189209,2021,13277,D
cbca5199-59c3-4f94-9899-0aa42a8d96e0,2021,11554,D
91af15dc-908e-4477-b267-b3a7268bd108,2021,47505,D
9d682d3b-b6d7-4d2e-a37e-3c484b0703bc,2021,101942,D
0e410f3e-c931-4381-b79d-e44a12e87b17,2021,13401,D
a7f5e27f-457a-47e8-9eeb-b761ea25fc88,2021,1102628,D
404e316d-9185-495d-8a62-73960bea4feb,2021,13216,D
d31d1796-19e5-4f0a-942f-a9ebccccb59e,2021,1136142,D
604b065a-427f-4061-97bf-754d374b850a,2021,1385488,D
08c8eba9-6450-49a7-9fbd-0d16ebd5893e,2021,1102628,D
e8405935-ca68-4208-af73-c341f8545757,2021,102590,D
5826437e-c758-4892-8ebc-d71b7da87a5d,2021,95017,D
e54fdc26-7727-4c80-8d33-f412b54768bf,2021,13595,D
e58a1ddf-f9f1-4f00-aa4f-58f3d14d7fd2,2021,99406,D
d683cb87-27d0-4eb0-942f-a5656b3f8434,2021,41238,D
06d062b0-cec5-498e-ac88-1959f0fb5afe,2021,103062,D
87cd9014-4bfb-47f2-b7bd-f895a898fbb4,2021,13216,D
4995c837-d998-4ef7-8394-d8cda2da93b1,2021,99406,D
188272da-a312-4f3f-bc14-b542564fc2d5,2021,118468,D
d4f4ddb5-fc09-426c-bc7e-4044181bb43e,2021,53342,D
38f8dd25-bfa7-415c-9df4-19bb48c6ee28,2021,1330347,D
f7200e38-6a86-4324-b233-b443c61f7035,2021,968,D
e542e814-a9de-4d62-90b4-7092d9f44f12,2021,118420,D
de59378a-b984-4d5c-8cc4-257ee64e2ea2,2021,117532,D
7ea2c518-9358-4451-bbb4-c696169d231b,2021,99820,D
a232bfb7-2c2d-4ac6-9cdd-2227359460ee,2021,5000135,D
789f5d3a-bc55-42f1-9857-e424ace2d419,2021,99406,D
d3f08194-37f4-47b2-aca5-13a6e912b5de,2021,99406,D
095356d4-14e9-4320-8de1-f7b9bbf3e658,2021,11554,D
4cef3160-0e85-42d9-9c9e-03a77f3759aa,2021,21464,D
995f83ea-e4fb-49d6-9e8a-f113e711de80,2021,1330347,D
88d2ea9d-aca4-49cb-b259-aac36a0a90e5,2021,1314243,D
f34879fe-c67a-4d90-87f8-16e19c2d3fbd,2021,13595,D
3b9fe766-66d2-47b9-b3b5-b2fd06081478,2021,13216,D
ed3c7bbf-a330-48ca-9c8a-fa4c5c1ab947,2021,12313,D
311bd0e6-de39-4859-9de9-dbd32ebd5f15,2021,13595,D
58580c99-4ad3-434d-8d73-ce6e37ed3216,2021,12313,D
3c35eae4-1951-44e2-8c5f-6e5a0ee8c7be,2021,117532,D
0508400d-776c-41e9-981e-73c64b04c633,2021,11452,D
5165b1df-6bbe-4273-8939-b5afbd996e79,2021,5000135,D
569c477c-e1c8-407c-8670-a05038ffeea7,2021,1132918,D
e79520a1-a081-43df-85a2-fb8f9cbef191,2021,13595,D
de57d694-cf75-47fe-9d07-7114cae61fa3,2021,118468,D
24ca9056-6b3a-4d9a-b32f-16dc46b08f1c,2021,94762,D
7e87da5c-3064-4a9c-9269-929021d6c7c1,2021,1136142,D
ea3ced1b-c7fc-4c66-b4f8-f4f1a4c4b64e,2021,13277,D
cc1aa77d-a7db-4a7d-a373-5c9ccd005540,2021,2209,D
c8a0dd39-d80b-44c6-9d34-ccdffe7e3916,2021,103062,D
b210c3a9-ba5b-4f7c-850f-956d4cd15ad2,2021,11554,D
a04f5293-b3f5-4f2d-bdeb-b5fc5695139e,2021,2209,D
ef80f2eb-cf63-41e7-b6d7-dd54f1c88368,2021,13446,D
757bae56-cf96-4746-8491-544152cfa09d,2021,13595,D
36db8016-cb38-4646-89e9-904bde48c132,2021,106167,D
fc635489-99cf-471d-9007-9bc5d537ee12,2021,1136142,D
b4580c51-5cbc-4284-97ce-3d5a69de9b06,2021,5000135,D
a9073557-5bb8-40cc-b5ac-0ac99d8d19c8,2021,13277,D
ae220c2b-0560-449f-bcb9-cbc22c0caa79,2021,1102628,D
eae8f1ca-97c1-420a-813c-9e9506de8333,2021,11730,D
89f49087-dd7e-4450-ae4e-2de9d2dce159,2021,97443,D
46c3307f-1672-4ca6-986b-bd595c77e0db,2021,13446,D
62c91119-04cb-46b3-a92d-f795e986e326,2021,20239,D
18b1edae-0ad1-4d9b-abdd-87390c030427,2021,114616,D
4db9761d-eaaf-49bf-8f99-33b31aff576d,2021,968,D
65e9d7d9-8718-4200-a4d7-79339087251b,2021,55777,D
516746e7-bbc8-4083-972a-59792f24033c,2021,13216,D
0ebbd45c-7945-481f-896d-eecb40af44c4,2021,13595,D
7f40a9da-5186-4394-aab4-2951c9b2dc8a,2021,5000135,D
203640d2-ca5b-46ae-bc2b-136fb35744db,2021,13446,D
4fd8daaf-dbec-4b43-9170-7714bd26208d,2021,1136142,D
a25c3909-b23d-42aa-833e-926f791f8ed3,2021,13595,D
5849f64a-0ca0-4aa1-9afb-0efd4616641f,2021,13595,D
ad3bfd22-20cd-4160-b1da-ee787b5009bc,2021,13595,D
719db526-3a45-4194-ae13-4939bf1b477d,2021,13595,D
98fc77c1-c250-4ab8-8fa8-5dd14d45e8f1,2021,13595,D
7ab71553-825a-4d1f-8967-8c8f5634bc4f,2021,13595,D
be40ee12-4b9a-444c-9484-5d7d87b73518,2021,13277,D
9bf72bf1-4a44-473c-b254-7dd4d951ea72,2021,18683,D
33ce0672-470c-4442-8d3f-006375aff662,2021,12313,D
a96e51cb-f89f-47c1-9fe4-eac7eca7126c,2021,1181327,D
53d2ea11-eefa-4e19-8b45-0b9954a660f8,2021,13277,D
6d470ff8-fbba-42b4-8dfe-682c3c98a22e,2021,1136142,D
8931591f-0af0-4021-be09-bbb5d757e26a,2021,101942,D
d55b081b-9314-46c1-97c7-cf5bb61616a5,2021,13277,D
2eec3f18-f81f-43e9-ae3c-074b22becaf9,2021,18584,D
29df6baa-5861-4ea0-a697-a3e79fcca0c2,2021,102590,D
ab79f837-6195-4e0e-a532-f53b032d2e99,2021,102590,D
e4425d16-2d11-4d3e-8a50-085e102af8c8,2021,102590,D
3ed0e6f7-ba19-4579-b580-eda9ed5cd7e1,2021,1113582,D
4614b5af-2218-4aad-907f-c324f042bf39,2021,1113582,D
2738f557-9fcb-489f-9f46-cdedca0111cd,2021,18558,D
93a67d56-58f5-4b85-ab20-a3c5f17d5e53,2021,18559,D
f1beb0b0-1ddf-4040-9f58-8981df587a38,2021,1113582,D
bdbda1cf-454d-4a4d-8daa-aac7511957dd,2021,73140,D
499fd837-385b-4cd4-af6a-1924efde0580,2021,1113582,D
f039feed-dde2-42dd-bdc6-3008db28f5e8,2021,513,D
10f94b13-6bbb-41ea-8ce9-9559a9f355d6,2021,513,D
afd112e8-2216-4a86-929a-a2f816942435,2021,513,D
6377c43f-79a3-4d09-a821-d56bbfa9fef9,2021,513,D
0ec8473d-9eaf-4eba-86df-6911cca7a65d,2021,1113582,D
069e7cc1-c4dc-4c32-9530-68e0ef26137c,2021,86318,D
40beb287-11d9-4770-af70-4b001ef895da,2021,86318,D
7814a55c-8468-4f24-90bd-2cfb5bb7532a,2021,86318,D
5fb1cd65-ae31-4f19-8312-d217bcf837e3,2021,86318,D
b980f29e-49b8-4924-9f90-019846d475a1,2021,5000143,D
26e38cb6-d35d-429f-921c-f80086247833,2021,5000143,D
22996890-3ad7-4713-9f0d-719f9b7f660a,2021,1103723,D
2f7d9b43-08a0-4ad5-970a-f2bbb7f6f50d,2021,47069,D
3dd2d529-b31d-4e45-a04b-394a7e9e5533,2021,86318,D
b2d081d5-55c5-41bf-a931-97036311bf4f,2021,86318,D
141c3c7f-b03d-4cce-a4d3-3de65857076c,2021,86318,D
ea7d9f01-a67c-4849-84dd-30f577a340d5,2021,86318,D
7113fe4b-19f6-4ec3-803d-7e26521f07f0,2021,98305,D
66465b91-9ae9-4a7f-90da-37123019577c,2021,1103723,D
a7e65213-9e12-4943-832f-6edb5bf02e1a,2021,1103723,D
52a3be21-d951-48ad-86a5-10cc213f079b,2021,1103723,D
9871f3f7-08fd-475f-883d-d6591ef51936,2021,1103723,D
f34a6e60-fe6c-4661-807e-b86151356c96,2021,1288002,D
964b43bc-4acf-4b8f-8bc1-34049e07df3e,2021,67601,D
2605f46c-1048-4af8-9216-b4f572add570,2021,73898,D
bdc13b5c-f694-4d01-9bba-5a84c3290a03,2021,50082,D
5dcd08c8-ae1a-4fcb-937c-5385f7947780,2021,21464,D
5dab2379-a618-4a90-8a34-5b8e8a7916f1,2021,21464,D
21761843-fc2e-4fab-98e1-a5da843b0a0b,2021,318882,D
642f85f7-a924-4dbd-b5c0-55f8cd10a4a8,2021,1190071,D
a8efb3d8-2a1c-4d7d-9386-348fb9d79797,2021,13595,D
e2e668b4-8eea-4717-acde-c2776abc1aaa,2021,37862,D
e31a4ccd-20c0-41ae-b686-2498f5463bfd,2021,107360,D
e284a83b-8436-4038-90da-429a619e8110,2021,107360,D
cc3949ca-7476-4d17-925b-3146683c20bc,2021,11730,D
2fc07643-d42a-45aa-b13a-6d44f076ecc7,2021,41238,D
a3488ebe-abce-46a8-b15f-92eab6cf4f85,2021,13446,D
943d7a9d-fe7c-4bd4-816d-3af466bdf7d6,2021,1148708,D
5f3bd328-e010-42e2-a9cd-b4e4fc401d1f,2021,1180773,D
4a54ff0e-a5fe-414f-b0c1-6e6f4b618a25,2021,1376181,D
15f48223-bc4b-4ed8-82a1-698dba961267,2021,1180773,D
bb943cdd-60d4-4072-89a2-5b3ce832e370,2021,49054,D
62a34107-7537-4969-9538-f400b413d98d,2021,1136142,D
d21df3ee-26b6-4f55-9ebf-92f3136d9933,2021,1136142,D
a6f093a3-acd8-4d57-9902-6873d50928e8,2021,1136142,D
a4dad960-3350-497c-8a9b-30d69a1fdf98,2021,1136142,D
f279c19e-0d2c-48ec-8318-2b341a7abfc8,2021,1136142,D
64b9f9d2-c14f-4f60-abd9-9a4363f604e5,2021,73898,D
cff94242-a1f9-4ca7-a0b2-620b7c22d1eb,2021,118420,D
ace6f218-3adf-47e3-99a2-908d6cc6569c,2021,18267,D
8bd59d08-de1f-49f1-8004-1dcac0e188e6,2021,13401,D
22c1420f-85a6-423e-91f4-3e199266b4f0,2021,1110857,D
f571c2f3-f640-4e21-9198-ef1506acaf24,2021,94762,D
0700e52e-f448-4054-a9e0-b927f6a3e6d3,2021,1181327,D
4982120e-6e48-48a1-b8e5-285145915a7a,2021,11554,D
90208e5a-afaf-41c9-bb8f-485dcb44f2e4,2021,13277,D
ea2ae326-8999-4bd5-9635-a8642424bc94,2021,18250,D
aeade2ad-82d9-4cc2-8d4f-df5459a02ee7,2021,18250,D
ba273940-0a61-4375-9616-6b8acbf888f2,2021,74737,D
859cc1e4-9039-45b2-80d2-874cbc0cf2d9,2021,88068,D
cddd5e10-0262-4339-98de-b314fa7e988c,2021,51020,D
be9de051-ec8d-4125-bcba-04290a924b0c,2021,59122,D
ca3517f5-7807-41a8-86a1-6f25db55701d,2021,56172,D
eb18a9f8-e414-421e-8a0a-563e0449d7cf,2021,1108692,D
f8969285-9524-44ff-a7a1-41b6b65bf9a3,2021,48205,D
44b03341-da06-4d5a-b4b7-0ea30254e3ee,2021,48205,D
50e6e7b5-20d2-4a39-9e19-5224d8f61f1a,2021,1314243,D
e6814917-cf9a-4bd6-ab11-fdf41804ae72,2021,55777,D
db0ab54e-35be-449e-a3d2-100205a49ade,2021,13401,D
b2afd4ab-e83c-4f13-b8ce-d796d79f9166,2021,117022,D
63b9637a-442e-4e9c-86b2-3770de55e568,2021,1300429,D
3b802738-9e57-4e8f-8849-58da55962044,2021,1272079,D
f4796acd-745e-4d7b-b226-ce748a33c74a,2021,95175,D
bf460fb1-e517-4c60-afc6-80f39705fb60,2021,95175,D
877feb28-26f1-40fb-a673-545774432438,2021,99820,D
9bb60a24-7152-47dc-9c4d-2019059618fd,2021,98595,D
75b40225-bd0a-4630-9ec2-86bf76ddd40f,2021,98595,D
9cdc7649-6a1f-4d23-95a0-9bcc76b8eaed,2021,98595,D
9a5d7ead-846a-42dd-ada0-0e6c59086b14,2021,98595,D
26947913-3ec0-4e70-98e4-ebb5c969745a,2021,1322390,D
0b04c3b7-5c73-4afd-a905-b870cd20c120,2021,1322390,D
e9ecdfe9-e61a-45f2-9171-90ba4dbc56e5,2021,1322390,D
3b8a73cc-7ac5-4aae-a8a2-8bdb664a35d5,2021,12025,D
cce6dfd0-ca0c-4e2a-8267-d7aade8cb682,2021,12025,D
c5d94f0f-7e86-4afb-9606-57420ed35a05,2021,1101244,D
ceffb000-8aad-4c91-9899-56a90d02f8fb,2021,49071,D
72cc58ff-e8ea-4ddb-a95c-43f2802591b1,2021,64664,D
d4b8d5a2-9d95-4822-ac6c-20baf0943d1c,2021,64664,D
e6151fec-d4c0-4ee4-be84-2109479a4f54,2021,60886,D
26f03b9b-12fd-47a1-989a-a3592a37b39f,2021,60886,D
ab9fc6ce-7e91-47cc-af3c-03d7aa5e3c94,2021,60886,D
f2e45965-fde8-437f-a646-73c67fddf185,2021,1139692,D
2a8b6333-e22e-432b-a91c-1909c18da91d,2021,106167,D
3b6d7a0e-62e1-483d-a9bb-3267c481644e,2021,1330347,D
37dc05b4-6800-46d1-8465-92be21dad713,2021,46377,D
ee7abd4d-2261-4c78-89c5-5a7158998386,2021,12313,D
b6cc7b10-a0b8-4bf3-8551-037fe58e98d5,2021,12313,D
52101332-0a51-4243-9e73-ed2181afb034,2021,5000951,D
fcfb9d59-430f-4d92-bb21-2ff93de889fd,2021,1181115,D
98db23db-42d1-492c-80cd-1dbd9fef192a,2021,1181115,D
be7e9306-2c15-42f1-82f5-c39ebd92f5b7,2021,1181115,D
80339aef-397d-4ed2-b705-150a57faaab0,2021,5000951,D
10cfdc0d-5601-4f49-8e72-7a9abafb13e8,2021,82364,D
e958b60f-eca3-440a-ad11-7ca1447a1fad,2021,1376181,D
12f5f179-998c-4ef3-89e1-426966c46701,2021,54934,D
4e2867eb-daf8-4038-af0d-a734d901f701,2021,1118057,D
f22f57a5-e5f3-4e17-80ca-0c58eb757960,2021,1318224,D
a8caddb9-14fa-4fc6-b212-5ba4ef1d8979,2021,5000135,D
99004bb2-3842-470d-9a3f-401c23f9fc27,2021,5000135,D
0bb7f0b3-515d-46cd-b3a1-5d6d1601b86c,2021,5000135,D
d21365f2-7bcc-4615-88cd-ddf4d690d865,2021,513,D
6f653870-6032-4233-be2e-6e1e28c69889,2021,43664,D
c3d7eeac-c3d3-4ba6-8bcb-9becb47299ea,2021,2209,D
380e7026-114d-4aa6-b250-443d53e87edf,2021,1047907,D
3de559b7-718b-4500-bec9-0fe19da34eac,2021,48675,D
a2a5c5a4-2789-487e-8422-54d6a5cc383f,2021,48675,D
a77ca8d1-34c7-4f44-9cbf-d08e69e1c5fe,2021,1042278,D
35522faa-438c-4732-b0ea-30be0f289168,2021,1042278,D
a950d1e4-8a96-4a40-b34c-5091646e0763,2021,1042278,D
5c6f898c-e157-4538-a6b3-6e4730dc9803,2021,114616,D
c4759339-54b3-4e3d-bd48-dba58ee0a0f0,2021,1161716,D
cb262ba9-3dce-41bb-8566-1007a44791f1,2021,9425,D
bb006a70-d82e-49bf-98db-5f72c54faafb,2021,49054,D
2d30af2e-b86a-4e92-8569-d4cd7489b637,2021,1306689,D
9842a96f-62cb-46f8-acb6-3d856465ce00,2021,317,D
06be1b2d-f168-41a8-b2d8-4c316afcf27e,2021,317,D
308d3ba8-b6f6-4d27-ae05-e0d6365f9a79,2021,968,D
284474bc-10f5-4440-96f2-478595f78ae3,2021,968,D
e254c792-ae1b-432c-90ff-685ed1737bc1,2021,18683,D
f4a4d517-1c73-46b3-8fcc-b813fbdc6755,2021,18683,D
9ad98852-4c1a-48c9-a621-f09b5e82a7be,2021,40343,D
d4ae5899-8b0e-4771-bf69-accf1235dce9,2021,5000951,D
ff4b009a-ab87-460d-af60-dd2a9fa837af,2021,1204325,D
7fc4e0f7-7eeb-437c-b23a-fbb58e3fa6e2,2021,40343,D
fd645321-99eb-4f00-959c-0a9dcaaa24cd,2021,91262,D
a97c1710-09de-46d9-b19b-0626d0e0cdba,2021,117532,D
d085dc3f-c11d-4e4c-82a4-269a4d171505,2021,1187671,E
bcc84f8d-ab1a-45c3-9503-fd9a140b6010,2021,94762,E
b51bfead-a725-45af-a0a9-eb1f0bb893be,2021,108660,E
741b5bec-478f-4937-a635-c3cd16c0b72c,2021,20756,E
3dc7f64f-a238-4067-a5a2-ef87dbb1708d,2021,106996,E
55c0d266-e74c-4049-9a1b-ecbe5a85a197,2021,94762,E
33eb3ea2-4ac8-4734-a688-2eb5d6340695,2021,94762,E
fb1aa1b6-6b81-4952-a3b6-33cf09b6ca2f,2021,1181115,E
70ba0435-db1c-4fe5-9586-baa9aeec706e,2021,94762,E
dd0fa9b8-584a-466d-960d-7be94063f8df,2021,18683,E
94d77999-4310-43d8-931d-88be83c3fca9,2021,101942,E
49191df8-898e-4c74-9c37-cad50bc8e0d4,2021,1265453,E
a8aeb22c-b3fd-4354-b0b5-3fffa1252763,2021,19047,E
16b3b62c-72da-4b9a-9024-0b6f61e58246,2021,13980,E
a6c6e503-78d7-43b7-8f0d-cc958da9274e,2021,106996,E
bac46c1c-77e8-4f18-9dcd-2e74aabf7cfc,2021,108660,E
089d24b3-ea1e-448e-95e2-8641edce57bf,2021,106996,E
1648f5ae-bf79-4494-a97c-148c924eaef2,2021,41238,E
19fda06a-4326-4eb2-9795-0e1837f6ddfa,2021,108660,E
6ef2cba7-8a68-4ac1-83df-44589e91fff8,2021,58808,E
672e5836-975a-4e11-82dd-d04bdd1a7ee1,2021,91181,E
08ed3185-e31a-4b2c-8d24-6235bedbff03,2021,1427745,E
d8b644ba-63e4-4db4-b1fa-b2225ec1a1f9,2021,48205,E
52e41609-7410-4a37-bb20-39d60f480afa,2021,99406,E
b7ae425c-a3ba-4373-989a-d2bbc7dbb9a6,2021,2209,E
1a870a65-3837-4130-9c2d-b6fe878d80f1,2021,107920,E
5fe5d9fc-d104-430a-88eb-322af36ae2c9,2021,98665,E
52aa1513-7e5c-4111-9f89-c6f355063dff,2021,1300284,E
98aa642a-4b76-49bd-91a2-77a6933a6e2a,2021,1070485,E
af16cf51-d437-478d-9e6a-ce32c1b22718,2021,108660,E
eca22720-9d25-4db6-bedb-9b4f75ac6394,2021,37862,E
c273be60-56df-43c1-b37b-cdd2d414a34c,2021,1203177,E
cbcfb4fd-2f16-4725-8a1f-72dc592e3ff8,2021,1322390,E
9692d428-4b4f-4be5-93d0-e294328918af,2021,1258063,E
f0ce47c2-366b-4aad-ba7c-115790cf5937,2021,108660,E
a259d2f1-79e3-4cde-b857-894012d17fca,2021,1330347,E
2620b23b-97f0-4d5b-b356-a136749ecd8e,2021,18558,E
c9980cba-309a-44de-8559-6264c43bcf0a,2021,1102628,E
926d2a5e-1475-49e7-a8ef-678b78182ff2,2021,48205,E
e9a913ba-8cc7-4fe7-b81e-2fa7bb95bebc,2021,19047,E
f6fbaf91-3a07-46d6-887b-d239da59a02b,2021,113455,E
d89f8226-3fb6-4051-b2db-d6a02769c60a,2021,1117717,E
716000f0-61c7-47f9-8c73-6c86a2901b7d,2021,1322390,E
610cadae-9361-4d1c-a1f5-db597c59b694,2021,18267,E
46274013-8862-4526-8240-c49d857d95f5,2021,48205,E
258ccefc-5dd4-48e2-89f9-700f14cd2f8f,2021,113813,E
9ff7d2d7-afc6-4a23-8537-7a3aac3647ae,2021,108660,E
a93a412b-3dc6-438d-8312-cbab7d047474,2021,18584,E
2094dc74-57cf-4710-9077-50a906eab9ff,2021,13595,E
bb64a537-e576-4d2f-81a6-736a7a5ca45c,2021,98957,E
fbf595d5-1200-4af8-8d87-ab38bfa629b9,2021,317,E
3bd75a57-ae98-441c-beac-7fb22a5c56f8,2021,1403879,E
dcc28f99-4d28-431f-91cb-881e3fa1d0a9,2021,18584,E
e0fe0759-0b50-4f56-8c8a-5f3f8475e57c,2021,1403879,E
10f670dc-86d0-4e38-856f-5d6a56fd34ba,2021,37862,E
2f478909-5295-4823-9856-2326bb08f59e,2021,64664,E
cfb6407b-e9c8-4153-8ac5-4d0086b0baf7,2021,13446,E
5b52409e-9e1d-46d6-9193-a60f7ca43d3c,2021,56172,E
b68e2cbc-0898-4344-9d8c-d26efa4bc562,2021,94762,E
c5c60c7d-be7b-4375-bbe8-b9aa9d0c8da3,2021,37862,E
23e42536-9cb4-492a-a552-833b628bbf95,2021,11452,E
c8d21121-ce8f-439c-8453-06f52e9dde5d,2021,18584,E
dd96525f-f846-489f-9603-e4d07a229fc2,2021,1203177,E
a2f7ad2c-58e5-49b1-8263-01bb914d832c,2021,48675,E
9e7b0a31-1a34-458f-9f14-9279e733dc39,2021,94762,E
06851d25-70fa-4716-b1d9-ce5255376e8d,2021,1351760,E
402bda7d-8768-491d-82a3-5dbb2d250e96,2021,1265453,E
b37f8517-e0ad-41f3-ac77-19d9471e0229,2021,98305,E
fb2fd49b-0f4d-4e23-a80d-84d3adc62bca,2021,58808,E
3a626fa0-90d9-40de-b818-a3fb644ec7c8,2021,118994,E
fdd8d507-6a19-4e6d-a504-f6a2059a9051,2021,88084,E
7288e216-e2e2-4511-a717-ee8b0b49caef,2021,118994,E
94590e60-3a81-4e66-a124-6648b9ba1e62,2021,108660,E
9d1b53cb-5d75-4a4b-bd6d-e1d1d62befd3,2021,118994,E
f3b9f8d8-e89f-4b5b-8132-bb100e439df0,2021,48205,E
a7ed60bc-9f51-454e-980a-51b0330ce326,2021,18584,E
4de3f89c-4f5b-44d4-a1e9-e71edc5506c3,2021,1148708,E
66b7103c-edb8-4369-bd80-6a008521e6c9,2021,48205,E
b1a9dc4e-17e7-421e-a6d0-1672c3181531,2021,1190071,E
6f61111d-66ec-4dd8-9cac-77b5fb415988,2021,18903,E
e274c726-60b5-4b0c-8b70-64fced3a4daf,2021,48675,E
1272e969-4e9b-452f-acc7-0ff145ccff47,2021,13595,E
5ffa2eea-38a9-4531-b9af-892e73126a64,2021,94762,E
b32e86c4-5010-4922-bcc4-9a39c3a11c0c,2021,968,E
76b2c4da-82d2-47fc-b122-ae0abac62732,2021,108660,E
d19c241f-bcba-424c-891a-446d4ced3d87,2021,1187671,E
fd8936d1-e11c-45c8-8803-4fe8e930935a,2021,1322665,E
0563683c-bdd0-4325-9a2c-e0a4fd84040b,2021,106167,E
b245245b-f43d-4c09-8eec-692fa152a0dc,2021,1181115,E
9c5e9503-d4d4-42bd-ad07-f925f8ffe410,2021,1181115,E
5e3b139b-3035-4558-a608-d3b962f35fcb,2021,1102628,E
bd9cd0bd-c9ee-48be-bac4-373ff3c83a7a,2021,108660,E
3683de0a-6fb9-419e-bf69-c2fce244f8d9,2021,48205,E
b3924c84-1f33-443f-b589-e86eaa916918,2021,95175,E
1ad376d3-2484-4d78-a694-c3c51dbf7b1a,2021,1376181,E
5b5a27b5-aa2b-4550-9828-dade2c47204c,2021,1376181,E
d6080eb7-6168-44c4-929a-52f5e088a29a,2021,101942,E
dd8c2bae-ccf3-43f7-bebf-64cff73b45c4,2021,113455,E
95866169-7fd6-4a71-b846-9a7c7b738769,2021,1190071,E
1ab9c96b-53db-437d-aa65-77b4fd5b7757,2021,22047,E
cfa1794a-beed-42e4-9aa2-7d36bf54c161,2021,19042,E
4a59a948-7a33-4ec8-bba3-024b0000cf68,2021,107422,E
c2fc44ee-3e38-47b7-9612-2948c403c84c,2021,1300429,E
0cd834d6-8e4f-4cd9-a49e-19906023da9b,2021,64664,E
9d401611-8fe9-48c3-a735-ef1dda92cb06,2021,55777,E
93f34895-7413-44fe-b630-8f7f9aab6461,2021,1299927,E
2cf89921-6cc3-4e20-977f-5409cf2ee369,2021,106996,E
35f9606a-9cfb-4b7b-ba5a-a76e2f212379,2021,317,E
60c1d41a-bf5c-424d-b6dd-383d84ea3720,2021,98595,E
43faf8f6-a505-4195-8a83-3c85c9cd33dc,2021,49054,E
c73a8b9a-82eb-4118-8de8-71dfa4d03e1b,2021,1318224,E
c4e8474c-d6d6-4f9b-b23f-a51d85b311b1,2021,113455,E
41f69b73-2706-454a-b576-2c93e36a3ce6,2021,1190071,E
22e1fedf-b348-455a-9e5d-5fb228328833,2021,118994,E
5de6a959-b449-4d45-8f5c-3156207bce49,2021,97443,E
9f573de9-9454-458f-b476-161fad1c8ef7,2021,118994,E
d1ba0c04-9e9e-4890-811d-7520a791cf09,2021,98957,E
706da42b-09bc-4a71-a48a-2f687d91de36,2021,1385488,E
4adfb7b6-2c26-4588-8e7e-ac37be942314,2021,41238,E
151f7f7a-7a09-4adb-a080-1cf70380e93f,2021,118994,E
21d33fe0-5fa3-4c09-b536-cdef2a2146ae,2021,108660,E
a049fda4-3844-4c15-bf6a-4336d5972d4d,2021,98957,E
6d686b05-ff9d-4a49-90d2-f5b2b5652a22,2021,13595,E
86cd4ef9-c3c9-4f97-a986-9e62a23bfeeb,2021,1306689,E
afea4903-94aa-4fdd-a5d4-e9f2b1fcbb73,2021,48205,E
9a909310-f2d2-40d7-93f4-e44fde5146de,2021,68930,E
d5a97f6e-02f7-44da-a0cb-9634186360c4,2021,1322390,E
fb20d642-0e36-4417-8f7c-9c8f438e43d3,2021,90030,E
0f82d02b-a81c-4896-b3d8-351ecfd4c7e6,2021,1283028,E
b58fd1df-dbd2-4b6e-8da5-c3aedd1edf21,2021,9414,E
a7d74535-fd89-48d3-b9c6-c4975067fbc8,2021,18903,E
b5de863d-81a6-43c9-95e6-012124d65a13,2021,106996,E
3872ee64-91b1-4175-a6a3-350b7e9dbaef,2021,43664,E
583e5d56-abd9-4296-87b4-ffdcfb141136,2021,95017,E
66253a7b-0219-4805-b7d9-50c80968bf37,2021,1322118,E
0708fa00-c32d-46e5-a5a9-61d8fc42430d,2021,5000143,E
deff015f-6eea-4d2c-90aa-1bb2f72e61af,2021,1265453,E
eb971cd9-8db2-4b97-b2ad-2b113d1941b3,2021,106996,E
20c56352-9dcd-4958-9b2a-035508213bd6,2021,48205,E
a8380835-5f29-4c03-a994-cc2bead6cd8a,2021,5000143,E
b25cc163-78bd-4bd6-9746-ca6e9106e4f0,2021,43664,E
3ef52320-a845-4f2e-bb40-ad5f7d5c539d,2021,13446,E
ce86a7e9-241b-4f66-b478-9dab05696a09,2021,62484,E
2ea49022-ff2f-4a64-a939-a3f2d2b9e652,2021,37862,E
bbc04bf7-9971-4d2d-af8e-4cff1dac54e0,2021,1376181,E
a4a79267-4562-40c3-9e64-6a2601d6ba83,2021,11730,E
7637dbf7-6379-4a3b-9de8-f5b50d25c6cb,2021,41238,E
0da19aa1-aa0b-47d7-8570-ac86e29c87aa,2021,1190071,E
0ff1eb18-bc1b-4f40-abf7-7d1f3f1f4036,2021,83388,E
2e6399f7-95b5-41cf-93f5-74609c58eb43,2021,106996,E
c1e14086-8f2b-44c7-be05-47bbfa91c695,2021,106996,E
0e916987-227d-40e5-8635-c867e42bd0fb,2021,106167,E
4ce0abc5-919c-4c7a-8936-d20dd4108bc2,2021,1101244,E
5a0895b4-28af-4de8-a056-87206e76a041,2021,48675,E
e4da0e55-865f-4c08-b2e5-165ad33eaa5e,2021,1306689,E
668dc504-64f0-4d40-a55f-68924d74d1f7,2021,59122,E
a969b149-20f6-402d-8fb8-e16f2e1da91a,2021,5000135,E
86efbcdf-ebd1-40a4-b628-1461678f5991,2021,5000135,E
486bd875-22a5-4cee-9334-b43730e052be,2021,968,E
abcbff17-7ae6-4220-8c7f-2a467cd773c1,2021,108660,E
a92d8444-3864-43bd-8cc6-6586278f3684,2021,5000143,E
88bb3f83-0f6c-4691-a8d4-41f3c906007d,2021,83388,E
71c401a6-53a7-486e-aa4b-e2e6ef358e99,2021,968,E
a411937e-b522-44e4-8f18-128cb100834b,2021,968,E
1daa1c39-0823-4903-816a-8df656d34cc8,2021,1108692,E
9d579ba3-9bfc-4b82-99db-8e7baeba9ca4,2021,1376131,E
b9be68ac-82e9-4552-b421-2048a90179c8,2021,13401,E
a9942b0d-11e2-4220-a9d8-26dfcad7eff8,2021,49071,E
e8db7950-e423-4cd2-be4f-d1ae33fb19f6,2021,43664,E
678009b5-f3cd-463c-9ff1-84c024f94a15,2021,88068,E
74c91394-dacb-454e-b8f2-f2824f5d1d62,2021,20030,E
9776952a-6698-4d30-819c-4ec516808302,2021,106996,E
1ca9cdfd-1049-4b61-bfbb-3bfb11bcf006,2021,1322390,E
f400a94f-ad10-474d-83c5-87c50a654d6a,2021,2209,E
0dc040ed-e9a5-493a-a4e1-ae5e662366b2,2021,113455,E
6a5ef372-52de-45ce-8f21-0b6526fdb3c5,2021,1148708,E
e4e9859e-968f-4a5c-be82-8b546a42818f,2021,106167,E
8e917df2-0e2b-40b5-bffc-af62a954556b,2021,47069,E
c4310530-d081-4663-b7ba-c3d1a5226887,2021,11730,E
4f72da6e-0e47-40f7-850c-cd3f9fcddd08,2021,13446,E
453101a3-dbef-4d79-9270-9aefb18e2f9b,2021,101830,E
e8ff000e-c2b7-4511-a412-61ddf52bb546,2021,1376131,E
449fb4ba-c83c-4b08-a1fd-8af1ecfb2aa1,2021,54934,E
32f0178e-8a03-4dbb-9a1d-0b9340db89e6,2021,318882,E
35a33397-bd0f-4052-a9a2-64050971e9c8,2021,59122,E
90129976-0339-4bd0-a5f4-5bbac5a4885e,2021,107360,E
0ea028c7-f4dd-4052-84d5-267296396482,2021,1283028,E
1ad8bd98-673f-4c81-8652-868cbc74636a,2021,113813,E
d2455e45-490a-4282-93de-cc58615d3548,2021,1318224,E
545fc376-c319-4a0a-af44-171b8f56c656,2021,1314243,E
a334c0b1-b8ff-413d-88b6-e037871c4b10,2021,21464,E
07e27ca0-7909-4f2f-9166-08b587408bfe,2021,106167,E
fdeb622f-ca59-40dd-839b-c2233f5d9821,2021,1187671,E
77ce618e-11f3-4e36-9847-57998efaed70,2021,1376181,E
3c0bd5a6-7d48-4edb-834e-5226aa9cff32,2021,91181,E
47b077ec-ad1b-4535-811f-bc085e5c8f0d,2021,37862,E
e4077d74-dfc3-4307-b57f-aef2a95cb7e9,2021,64664,E
d0d7ea39-c7e2-4454-9146-5156f50612cb,2021,968,E
09a30fd7-5f2f-4c22-816f-96bbc62578f3,2021,317,E
932938b8-e138-4bf5-9ed7-79d3f21a8c43,2021,101942,E
8a818caa-a443-4645-8e76-8b3706cd7fc0,2021,1103723,E
61894486-e2a9-47fd-b47f-43c21ff69f04,2021,88068,E
e890bb1f-fc72-4c3a-84af-97919f2cfe4c,2021,53333,E
1bf631c5-2da6-4670-be5f-e6e069ef7ebd,2021,1330347,E
bc3a8c27-fd66-46fb-9f3f-925d02b926db,2021,11452,E
0aa13955-8d2f-40b4-ba0f-69795b2c7495,2021,513,E
7ed8a56f-94b4-4088-9ebb-0b451c008313,2021,13446,E
b05f798e-9a81-412e-b5eb-a92b25c9f27a,2021,1190071,E
386a6814-5145-4a26-8786-2a3d393a41a5,2021,1136142,E
30f88130-d610-490c-a578-b018f74e82cc,2021,74737,E
922e408c-db6e-428c-86b1-c2434118f253,2021,5000143,E
67afcd14-cc85-4ad6-8939-3c929714b69f,2021,1139692,E
f0ea471d-757c-49c8-90df-7743d3db719e,2021,1322390,E
e3d23082-0278-49d7-9dd2-ccde397cc010,2021,10515,E
d63321f6-e739-4299-b6a3-486f633f33c1,2021,1267543,E
a4564d3a-e8c3-44d9-a753-a6a383faf17c,2021,106996,E
52596abd-9771-49af-abac-5184bdbb69a2,2021,58808,E
0de39661-e85f-47a2-9f8f-fc3282f13af1,2021,5000135,E
4f0698d4-958b-4ea6-a754-d735edff2f47,2021,1322390,E
a5f180e6-52cf-4974-9d6e-16738bf48fe7,2021,106167,E
57c756b6-fb94-4e8c-960d-bbe2a68d4d0c,2021,1306689,E
3e16b9a4-02cc-4792-94c0-b482fe072943,2021,1161716,E
b97890aa-1b3e-40be-a355-3eb6e25481b2,2021,5000143,E
d5627c47-4465-4a7c-9811-0d3c9f45622b,2021,1403879,E
ce99fedc-ba98-4099-a1e6-c2322bd8dc1c,2021,116770,E
3732b1fe-65c1-4cb8-ab21-28118c76df1c,2021,21464,E
e12dcfec-6382-403c-ac91-4bef078fe571,2021,117022,E
083b461a-c6ec-48cf-b581-78af50e96113,2021,101942,E
45af9400-7500-42c7-a060-eebc12ee73df,2021,13446,E
8b827282-cbda-47a9-8e5d-1b21c31a5405,2021,1376131,E
562cb3ac-d304-432b-812f-570082d30386,2021,1376131,E
d9438685-506d-461b-a870-d017e65330d0,2021,88084,E
b41d9a76-005f-4aec-98e4-abd6f71c6ebc,2021,98957,E
b8d41240-0164-4089-ba68-b2877e94e064,2021,1190071,E
d309b01b-46b9-4ff7-8610-18572b7bbbca,2021,116770,E
c63c20ab-680a-4120-a448-1b3329bbc5ab,2021,18584,E
711016ea-ad2e-4414-9c3d-6a7c1cf1253c,2021,20933,E
62cf4418-9dae-4732-b2f4-a03b4eef86aa,2021,5000143,E
306d0f48-5888-42b5-a6e0-69f03956b208,2021,83388,E
96b760fe-b6ee-47b6-932a-8e9a5d5a8ca5,2021,81210,E
e4478c05-5e85-4d9a-8df4-46c0beb6e36b,2021,97443,E
f6a7a4a7-8089-490f-89b9-f9840c40a8b2,2021,1270596,E
c90633ed-5367-4d53-ab3f-f04d6ee5fb16,2021,47051,E
bdf590fa-fc81-4a51-bd8e-10d4cf55b38c,2021,1267543,E
6a5780b0-b2f8-4f2d-a5ba-d8087b30785a,2021,19047,E
93e1597b-92c1-4b2c-b73b-8b6fc131ff21,2021,106996,E
5e4470ed-6936-4ced-b9e1-cfcc0ab99532,2021,106167,E
0167e8c1-4fe9-481e-874f-6f296823407f,2021,2209,E
86a2efca-d25a-49b8-a1c2-edda1979b299,2021,106996,E
b377de8a-cb34-4f47-917d-cd41db9ca1b3,2021,1283028,E
2027344c-4c60-4021-9262-248988896477,2021,20030,E
4629a052-e43e-47a5-b87d-51920dd99d6b,2021,1322390,E
96a3de25-7bf4-465c-b510-6a6882c934ef,2021,1288839,E
88124b66-0be8-4c46-88bc-ec757a8ebba1,2021,56172,E
7ebd4225-777c-4d46-9ccd-ded61bc51347,2021,10515,E
df103a1b-0d94-4204-a3fd-8d0f316f0559,2021,1300284,E
ac7c05c0-d865-49ab-8de2-438226b1a0bd,2021,106996,E
ee56d1f1-8d8b-4341-b2f0-372085e2a8f5,2021,5000135,E
8397b3e6-fc55-45d8-a239-42e149261212,2021,97778,E
761edc51-6815-49c1-a41e-7fc5881503f2,2021,55777,E
abd20ab6-f6f1-4057-ae19-14916284ef2e,2021,58808,E
f1524a58-1f1a-40f4-bc94-6f69557486f0,2021,1190071,E
f68b8a18-4ae8-447e-8db9-757e5f6b2e55,2021,13446,E
a8458419-a4bd-4ddc-adf5-175849c272e7,2021,9425,E
29100b40-99da-4d3c-b808-e2b71bdaca02,2021,113455,E
944ca6a2-fd5e-4224-8a49-f23eb33d7ca0,2021,46377,E
69035c9d-d12f-45ed-979d-1798b448237e,2021,1181115,E
23295d43-b801-437b-828a-40812772f4ef,2021,1258063,E
70926f25-29a4-4a28-a2cc-5347f1058ea6,2021,107422,E
0b210de4-6f91-43a9-96a9-045c25755bab,2021,108660,E
e0c6d301-570b-464a-8cde-d2fa5eb23822,2021,13595,E
fe6b4355-b211-4598-846f-71be0434c07f,2021,118420,E
fc9b8a48-2e5b-4aa0-ba34-2cd7e5f99087,2021,1376131,E
2fcd2c1a-994d-49a2-bd82-a71952964c61,2021,94762,E
25a51235-6622-4695-9e4b-7942c239e711,2021,83388,E
9dca2d4f-c820-4652-a580-1e498250b6b3,2021,1047907,E
d99f6020-c931-4c4c-add3-d8fa33e62cab,2021,62484,E
a2876d68-fdd8-492f-a76a-64bdd94b7897,2021,19047,E
0e88c0ff-f3b2-4265-9747-c44c8b8a144b,2021,58808,E
ce75c76b-bcb7-4dba-8c86-215dace7bafd,2021,108660,E
eeeed44b-1805-4c87-acfa-33a681be177a,2021,13446,E
e7427968-7b46-40a2-8c3a-7d48eb71594d,2021,1102628,E
ced93d9b-98b0-491b-9f60-223a4abfd75e,2021,1108692,E
b19c00d1-7937-4018-a419-aa88d402c48f,2021,5000135,E
83485acc-caaa-418d-a6f3-8280e7af811f,2021,5000143,E
88ec7fa8-c73c-4e4a-9603-d9d5a5aea10f,2021,11730,E
9e6acb5c-68b7-4416-a476-a1249feb90b0,2021,13446,E
8f9e111e-ef66-4266-81c7-2efee65a34e1,2021,1322390,E
fec81e95-fefe-443f-b838-dc4412e08409,2021,2209,E
57e4f492-19f4-456f-97ea-a73687fa723e,2021,968,E
518bcd21-4c36-4983-aa97-20875451125d,2021,317,E
0fb3cbe7-7f15-43be-ae4c-3bbccd66ed75,2021,1314243,E
79ef31c0-1b92-4208-bd9c-3e4db6a7cf09,2021,968,E
b766f3f9-777f-4d34-80d4-8919a18415f3,2021,49054,E
593e604a-437a-4b80-ba58-434ad823129d,2021,94762,E
95a623fa-33ad-4009-91de-e44417292658,2021,62484,E
e8027d5b-97e4-4ef5-9e78-a06e6e1fa499,2021,2209,E
1f3f074c-a199-4f18-82f2-a4bb13e48be1,2021,97778,E
a8cc2d2f-7ea7-4b99-be72-7512a7a67af8,2021,73140,E
8a841801-aa55-4a77-acc8-5a5451062ed8,2021,1187671,E
8e98cb34-27c1-4692-8a6b-5708dcc0c4aa,2021,13595,E
2d9c33be-a0d6-4171-aec1-c71581cf83cd,2021,1136142,E
eae167bd-d5fd-454a-bf33-7fc6a93aec83,2021,1047907,E
88f6c29b-174f-4385-be0d-1e1c51ee887f,2021,5000143,E
3fa43c27-1975-4856-b924-3215a32a0d8b,2021,59122,E
df5abab0-415e-4335-8ca1-0faf45baa286,2021,106167,E
0beb56ee-db3f-4457-ad6f-b7863d05ff67,2021,98764,E
b2de0fef-dfbd-4f0c-81fd-f2c390923f41,2021,1288839,E
3b95c9a3-7c54-4c5f-a63f-e390ae73a086,2021,116770,E
c07def14-51c8-4ebf-ac36-86d5762e84bd,2021,98595,E
06d4835c-ea55-472b-a69d-c2b028c9ea9c,2021,1181115,E
e8b94ae7-2cd1-4547-8630-5d6780b1694b,2021,1306689,E
f6028dac-3e71-41fe-b137-07b885ad42e0,2021,1148708,E
fdbd7966-b597-440a-8f3d-55743f7738eb,2021,90030,E
1b2d5f71-2df6-48c1-a033-ee1995933cb5,2021,64664,E
4fdf00f3-b361-4920-98d9-108c10bcbb03,2021,1181115,E
9f0dacdd-ef85-4628-acb2-470e45214527,2021,98764,E
098afb36-341c-4f2d-820e-b5d50fe52f5c,2021,106996,E
b07562f8-9422-44fa-a15b-8b8de6087212,2021,13595,E
26475167-cdf6-4219-9ff9-fee614620981,2021,103062,E
80b46a08-2db7-4df1-869e-13c28403b1a1,2021,317,E
9375998c-7d09-4a09-be98-42652b8145a1,2021,18584,E
c265deae-2073-46ae-a468-45bc5d36ddfd,2021,59122,E
6e0c77e6-89a2-4930-84a0-d95a20bd07da,2021,1322665,E
357c6695-fcdf-4e76-9e56-2582df388f42,2021,46377,E
1d5e3592-c982-4bc8-8857-ec6014096e34,2021,1318224,E
3553e91f-2312-4809-9b39-7028150ea9c9,2021,18683,E
3cd1ca7b-d9d1-430d-8b83-fb3209c378a8,2021,108660,E
439184d3-cf1e-4cd5-b432-38630a5d3efe,2021,107360,E
46537477-7291-4983-8a89-1d563a88204b,2021,1322390,E
01d46ab2-8cad-42c6-99a6-385e735f5f17,2021,101942,E
7fcd78c0-9200-460c-9d93-b12397d429af,2021,94762,E
f620076c-6e8e-4df2-a310-3674617443fd,2021,117532,E
fa3f05f2-08d1-4488-8195-5d9070793f96,2021,1101244,E
11bc7476-3c9d-4776-91e4-04000f159437,2021,1118057,E
2d110259-6da0-43cd-8e3a-5a69e7042edd,2021,40343,E
830d06d1-0b1f-419d-b879-9c2f397bab1d,2021,106996,E
bdf73277-e621-41d9-a494-f1ff458bbc52,2021,18683,E
cdc20dc7-cab1-4cab-b1a0-dd82b5cdbf2c,2021,37862,E
de4bb2ea-a496-49da-8731-b0c9247bc16b,2021,1322665,E
4ab9afa7-94fb-4fa1-a781-ad2da1b8a948,2021,48205,E
c5928fa1-0406-43a4-9197-54b1b3f6a24d,2021,5000143,E
78533264-6fe3-49d1-82c1-73b4036d004d,2021,1103723,E
a2b1c32b-e319-4c11-88cc-c6f2176bde86,2021,48205,E
c7cf5951-5373-4d4b-a7a5-1015c804c067,2021,1322390,E
a43e73ed-db07-4e6b-8b12-5e316329c17d,2021,317,E
a69e2ef3-9a00-46d8-8390-85712c281120,2021,47051,E
ee20f833-bc17-4662-a908-c2bc79b4c378,2021,1288839,E
93a10548-47d1-4121-844e-55851b004244,2021,1190071,E
abf5628b-c174-449a-b9a4-b7e7e976ab3e,2021,9425,E
ee1380d2-0ede-4343-a39a-5eee81fbdbdc,2021,118468,E
4ccf9e3f-7435-4145-8140-02833afdd8eb,2021,22047,E
40c4ee51-4853-4bc5-a8be-3b8eb3e006dd,2021,108660,E
87788fdd-ebd3-48f2-ab5c-7e7fb89246f6,2021,117022,E
74e575fd-fc86-43f8-af65-4c7a01e9faca,2021,11452,E
98281ef7-898c-4f03-9516-3df57c9792d6,2021,13595,E
49595b06-db83-4513-8fbd-68dfaa4d45c9,2021,13446,E
a4c0cb56-b885-4d62-a5b9-943f35d9a661,2021,107422,E
2f81fb71-b523-4361-ab61-a395a32b12be,2021,98595,E
b23fa192-de59-4bba-ae82-8476ea4faea9,2021,17898,E
44d3db3b-224d-4639-9590-f2335faa0392,2021,49054,E
91979b1b-ff1d-4834-8dcd-349367d64972,2021,317,E
6b937bb0-0b70-4b39-9430-869c5f7cd2c0,2021,1267543,E
975c2634-7875-40f4-b2ef-92ef68b77195,2021,106167,E
9759b1b4-1faa-4048-b886-fb6dcb838350,2021,2209,E
5e286044-f114-4197-afbf-51580f74f336,2021,57606,E
ee29d2c6-e66e-45d9-97cb-cc78154aa933,2021,86326,E
49e2f448-534b-4af4-8edd-7c6dc3d55541,2021,13401,E
45207155-a059-4b34-b8cc-97cf16122529,2021,19047,E
ee153ab2-126c-4906-a1d7-3a39acfbfc50,2021,1136142,E
ac7514b0-0475-4e71-9c4d-6b900c6b4021,2021,106996,E
6560a09c-cfd5-4004-a029-8a9ded829aa1,2021,1318224,E
6b1f8014-88d4-4480-9621-669f757523ff,2021,108660,E
7a10ee44-19b1-4455-b6f9-d910ffcf8b93,2021,1047907,E
7dc352e9-00ce-462f-80a1-74b0c6c74fe0,2021,67601,E
09cee244-c85f-4f07-bc0e-2752ac48fa89,2021,19047,E
29830c0e-f288-4dc0-ba42-c3b44bf8a026,2021,1299927,E
05450d0e-bbec-4b98-b3ba-e7ff9b4a764d,2021,1272079,E
d3dd32d9-697b-4edc-a0fa-c760e80cc756,2021,1187671,E
cd4ed146-39b2-4df5-b7a2-a079621c1bd9,2021,83388,E
ad518717-f4b0-44a0-bdf8-a3e27fd1410c,2021,20239,E
cbb8d5b9-f16d-403c-bed6-1d419af25bb7,2021,13277,E
ea9197d1-cefb-4a1f-bf35-bb43362ca863,2021,5000135,E
8e0c94d8-c88a-42b3-a4bc-1729a97377be,2021,43664,E
4d8c1a68-6262-431c-bafd-b5b4d9df223f,2021,1265453,E
07681700-bf03-4c9b-85ff-9af9f7d13d57,2021,107360,E
4873e5d4-864b-4cc4-a001-e3aee509cdaa,2021,19047,E
d3413a3a-b3cf-470e-baf8-a9796ec66a8d,2021,53333,E
d85a2f8c-c43b-4ebc-8e39-93539af73d72,2021,1314243,E
632040b5-2b2e-452a-9636-42e69a1446f6,2021,83388,E
f1fff15c-b8e8-40d0-a2cb-ec0dc0403065,2021,114616,E
c32373e8-8a82-488c-aeb3-b59534c3ef46,2021,21464,E
0243ced6-dc8f-4f30-a379-b15d511d6de1,2021,9440,E
0ee1b563-1280-4e33-bec4-57e381d9e8c5,2021,68930,E
7f883700-8e9b-46e1-aa80-de11e902a754,2021,2209,E
630a839d-6ef6-4610-a37f-490864294f00,2021,95017,E
9b4f3e99-8e75-4143-a655-93e99307405b,2021,62484,E
a2c2b510-2669-4438-b3e2-863786dc292c,2021,10515,E
2b47717c-453b-4458-a90c-bae3cf6319ac,2021,13277,E
b38dc075-be9b-4459-bc64-44d84face554,2021,10515,E
1fafd461-22b2-4b1a-848b-f5dc48e2ee46,2021,1190071,E
0a55a87a-3e70-4010-af3e-ab8b8eac9a88,2021,2209,E
ac3faa50-b77a-4199-9360-88c42f742f17,2021,112086,E
5c2a7262-1c3a-4bbf-a4da-dd204bf8bcbb,2021,54934,E
d893098a-1fbd-4052-939a-673554ef22aa,2021,107360,E
92215bf4-8b19-4d23-bcdb-f1bff3aac934,2021,118420,E
4ce07a76-886b-418b-af15-67e094ee2e4c,2021,1376131,E
1d754dd8-fdfc-4684-9929-0778193a8930,2021,1166783,E
3a213823-92b0-4a7a-b942-aa4edd41a208,2021,1330347,E
e0f0b71c-33a6-45d5-8ff8-be80c50d480d,2021,1118057,E
1fcfb2e7-8225-4242-b12d-047564f442a3,2021,968,E
7b6af0e1-e5ed-47e5-9874-6fa6717346a7,2021,5000143,E
b6e23e48-9891-4780-8ab8-38b4106e61b5,2021,1047907,E
e82c2f6e-a2ae-4f7c-818f-30ad57231b47,2021,47505,E
72b0b688-42cc-4b4d-8ea2-b4092d495d8d,2021,114616,E
57cf9215-a4c2-495e-a83d-b5b460bcdd96,2021,101942,E
b3800f35-02e3-47bf-ac6e-2bcc6a967c03,2021,49071,E
0080c25f-6abc-4ddf-b736-52a54ab85a3e,2021,114616,E
98a7505e-0f1b-4bcd-a22e-2bf1e29fa202,2021,1322390,E
19000fbd-e2d8-4122-b35c-69d1d2c10907,2021,106167,E
1972816e-8408-409d-8308-08bb00ee905d,2021,2209,E
20cb5089-a7d7-48ca-9f43-0aa53aa1c49b,2021,2209,E
97aeead7-c5e7-40d4-b800-8472a21916e0,2021,94762,E
32cc0d1b-9a00-46c2-b55d-38e25765b6a5,2021,47051,E
7e849671-60d0-439a-b428-e31dad5d6aae,2021,20030,E
27226dfe-d273-4883-a580-d138dd9beada,2021,1330347,E
8e15314f-6d8f-4313-936b-3009c7031ea6,2021,68930,E
81b6035f-7bbe-4b57-87c1-373dae537716,2021,64664,E
b897a77f-346d-4ce1-83e6-e7d4600efdd9,2021,97778,E
da2b6778-56a8-4169-b11d-b6af8ace31e1,2021,19047,E
b7483fdf-d73f-4b92-99be-2d139f1d79fe,2021,51020,E
4c21bd20-3745-4f93-ac88-176136cb7798,2021,1385942,E
2fd4b496-a4ad-4085-a067-5ae9df0eb028,2021,18584,E
5cab9f58-85cb-428b-8bdf-638e30825d07,2021,5000143,E
ca13cfde-a68c-4216-bb84-da4f2c8abd99,2021,13446,E
6e894156-17fd-464d-88d5-0e84b1030401,2021,107360,E
9a0e33e4-d6cb-459b-8467-fd53b5c79091,2021,113687,E
50bd9531-f63e-4233-a379-5be2aedb207e,2021,11554,E
9eebfc9b-7faf-4484-86c5-c02d81aac1a1,2021,55777,E
7730b412-030e-477f-9481-cb9c289f28fc,2021,95175,E
f3f0439e-54c2-468b-b64e-6cbb74fe835e,2021,57606,E
3f17dd5a-6032-4c25-bba7-799226e50333,2021,1148708,E
eea2205e-654a-4a02-b6ed-ff2f776def02,2021,1181327,E
64d24ffc-1b28-4ba2-94cb-52912dff8157,2021,5000143,E
41269d25-5811-4839-9110-7916c944793f,2021,56172,E
93e6638e-5cf5-4d99-8c17-67eb7ac9a43d,2021,114616,E
40abfe39-47c0-4dd7-b8b5-96b5846c5739,2021,1385488,E
9d00ee9c-5ac4-47dd-bb3b-df123ae25ad9,2021,18683,E
8664364a-fe66-41e7-8169-fa17a6953b31,2021,62484,E
9e747125-f154-45e7-a033-7def9a979d3e,2021,106996,E
9123a48b-a51d-4d6d-8d3c-65fef9351751,2021,49071,E
095470b2-8261-4338-8fd0-00f5d8596785,2021,317,E
54d7abd2-ee8a-4897-9d21-c7d879d4b3af,2021,13277,E
f0fa77e7-b350-437d-8b11-b10b69f1a0ed,2021,97443,E
1f490909-30c1-4d0f-86bf-0f00e7acb7a0,2021,13980,E
ebc62db2-55b5-4e80-9714-97051949d095,2021,47069,E
d535e764-62c6-4178-bfee-df00ca48aea3,2021,1132918,E
a2bf4408-17e5-419c-ac77-63af9f885d32,2021,1108692,E
6865f033-e644-4a60-85b3-c6acd741653e,2021,64664,E
3b12a450-ab1e-4547-8fd5-8c884b5659d4,2021,317,E
19ae9b81-97e4-479e-9f31-23828ee41399,2021,1190071,E
81c7d0f2-63d1-44a9-a1c3-7607d2f79cea,2021,11730,E
3885768b-b29c-42da-88db-b71e463f171c,2021,1136142,E
355fe383-e2b4-48d6-9394-d2d2d6e7a2dd,2021,1136142,E
db538bff-734c-46ea-b0f6-27d61149133c,2021,118420,E
3a05a117-240f-44e1-80b5-7b7198882a8f,2021,1283028,E
1c5e8f33-47f9-405b-9f4c-a60a89c91fb0,2021,98595,E
6a24c8b3-2474-4bf9-9725-3a063f074757,2021,5000143,E
084207fe-ab86-47f6-83f7-18f03f554072,2021,13595,E
223726b7-f2f5-493d-9543-5506950c5ba6,2021,118468,E
d6baa2df-0e99-4a3a-8bd7-e2c31c89821b,2021,98595,E
2685d79d-3568-4480-9e75-27869e9d29ae,2021,98957,E
5b902124-e40b-4f95-9fa4-24605c44446a,2021,1288839,E
aba20368-a333-41ed-a2e2-16e0ab646c27,2021,317,E
03032f58-ac93-4e4d-808a-7954e6b08e3d,2021,1283028,E
f641247d-f5c0-449a-bdc7-940347312d90,2021,56172,E
12b68e52-262c-4998-8acb-ce14c5280838,2021,55777,E
a6731310-e918-4d29-82bc-9e6b2a669812,2021,13446,E
4a705084-ccfc-4de6-a666-bb54933456a6,2021,99820,E
a21b815f-bb93-49b0-a06a-9b1f80b7a9c7,2021,73519,E
4f6e3253-b562-4091-a1b3-1bd795119b3d,2021,108660,E
3d06d9ef-1415-40ea-a352-b1ae40d18849,2021,101942,E
1cc90021-d55c-4322-96df-aaf444c018ad,2021,13216,E
05330ba6-6e6e-4ac2-abdf-b26c35f78612,2021,5000143,E
36168133-8ed2-4c74-b61f-39c52e62ca8b,2021,113455,E
5632d36c-addb-4026-8168-5c1f6698f228,2021,98595,E
a4950225-3137-426d-9719-67db264fbc9a,2021,1190071,E
a9b41fb0-5c2b-4236-b588-b79e339ae8e3,2021,46377,E
50118c2e-9b26-4d44-a6d6-e45f12e905f4,2021,49054,E
9f415870-bdd6-4837-b238-c62cced5d421,2021,5000135,E
cb75b64c-7322-4b61-8710-08c2315c29c7,2021,1136142,E
0dd0e3c9-3a76-4f40-b950-433563447d98,2021,116770,E
ec325517-55bd-49fd-85b8-d0ba5dd3c547,2021,11730,E
f7561830-2962-4baa-8f97-4baa74eb97dc,2021,1267543,E
4e8f694b-9a10-4b1d-a54c-6e6120266dc4,2021,13980,E
1c53915e-44be-4938-8ae8-fde4fb6684bb,2021,47051,E
9371bed5-fbe3-4af7-baba-ce477766cf6f,2021,13446,E
e259cd5c-6aff-492e-ab72-32dbde415d46,2021,117022,E
9fb750ac-fec6-4c15-81b6-2d0896eb7634,2021,113687,E
684014dd-767d-4098-a7dd-815d8677b1b1,2021,513,E
9bcacf78-2e6b-4cad-b3da-7e5a8578facc,2021,2209,E
a3ec073f-4c15-47b5-bae7-f38022acac56,2021,90030,E
116745e6-9435-4b42-ac6c-fd73fab2337d,2021,13277,E
d435eb2a-9d28-4a59-97cb-f5305aba4926,2021,317,E
2d257285-7106-4b1f-bf32-fec52cf6f57d,2021,1102628,E
bdc7c027-416d-41b9-95db-f36c78bfbc19,2021,94762,E
43aa8faa-2bf5-47af-a8ed-abfd06aa1244,2021,1181115,E
c04d124f-fdd4-4e10-b2d4-56a8da2cc6db,2021,98595,E
8599ddbf-e3d8-415c-bc09-974fc51cb7a7,2021,1288839,E
c122d762-7060-4bbc-b2f1-3ed4ac23952d,2021,116770,E
7fc36a66-84d2-456a-b3f5-b157c3ca1a51,2021,112086,E
15338a14-77f9-4026-810c-89e763835b8a,2021,49054,E
72f3955b-3f19-41df-96a0-248daee8b144,2021,95017,E
642fa21b-5f85-461e-b34e-cee0a4b15464,2021,98595,E
4c56ad22-282c-4c7b-93e8-35680409ff55,2021,1102628,E
ab80bf20-ac5c-406c-8f3e-b3a3d89ec967,2021,1314243,E
273073fd-7f82-4a9d-95f8-d85da91f7a90,2021,13595,E
774757ac-c7ab-45b5-9a71-261354dac557,2021,1265453,E
519e1dc1-db9b-4857-8cab-9277582cb2a7,2021,98595,E
56ce0049-ffc7-48e0-892a-c41e265d67b4,2021,1136142,E
d76f157d-2c19-4252-9bed-531184e94086,2021,1181327,E
751f5c8f-a049-4307-a347-d528d58c2aff,2021,94762,E
abf5d428-4509-443a-ab93-b85555928e74,2021,1376181,E
7bdc6a20-4aeb-4fd0-ab93-82de57d0492f,2021,64664,E
942f0753-abcf-4dde-a327-eb21e6e0242a,2021,1272079,E
73aa0d9a-4e26-4f08-af3c-2e7124f789b3,2021,102590,E
335f37ef-467a-496d-823c-12a2a83f9681,2021,97778,E
7570183f-bfe3-458b-bcae-134ae59ef283,2021,5000143,E
048db49b-5f4c-48b4-b85c-4b48fc0314a7,2021,13401,E
e0451212-6e5c-4e35-8ea9-da4a26261b82,2021,83388,E
d51e2d65-d7fa-4ce1-b6c7-838d26f25aed,2021,1136142,E
510549c6-57b2-40c2-a086-181b7e3ce6fd,2021,1047907,E
382498b8-effc-47a0-92cd-0086cb6f220e,2021,98595,E
f7a254f6-5e7d-4da1-abc0-fd562ca29189,2021,90030,E
80a33dbc-ce65-480c-a2c5-464b8142ed5e,2021,1190071,E
3b3ba69f-8c4e-4f93-a086-2388c29e69aa,2021,116770,E
eae1d4a9-5d62-417a-b4ae-aa6fc9e3d2ec,2021,103062,E
59b9dcf4-330f-47a1-8172-25b5560d8b8f,2021,1306689,E
0f666062-50d3-4f34-97f1-42e714c6b8df,2021,1322665,E
32cb1c93-016c-431d-ba19-ae091eca9594,2021,20239,E
71299c9b-aafd-47bf-a38e-5448426cf97a,2021,113687,E
50531c64-daac-4a60-b497-5529ac603c13,2021,1136142,E
19ae52b6-7e50-430f-9fd4-bdecd42b4e57,2021,19047,E
50f80d0a-dc90-4d71-9695-3ff8ff51ddfb,2021,1272079,E
6f194766-939f-4374-a0a7-5fc632a49577,2021,20933,E
edfb9bdd-4f87-4d33-b724-4290b92dcf21,2021,97778,E
0d4d3472-be6e-46a5-9f6c-99ad7e44d3d8,2021,112086,E
d41fa44c-f9a4-43ca-ac09-9fd2b303f48a,2021,20933,E
9e570b03-ee84-4cd7-bd4c-f20f17bfecea,2021,107422,E
7968fa26-5744-4f3c-a9b0-7925e0680217,2021,1376181,E
c653e437-9c98-488b-a54d-2f9be2352717,2021,9414,E
3688be4a-c96b-4dc6-b845-fc44f672136b,2021,1101244,E
27607639-6f04-4ce1-97a6-7cb6edce9e39,2021,18584,E
07377d0d-0586-4def-bed6-fde7be9b670b,2021,22047,E
2fc4b98d-b673-4acd-b110-affd2625150b,2021,118994,E
22617c51-256c-43dc-abb1-e13e9c2e0413,2021,1118057,E
397b6417-0dc8-4d63-96d3-ee1e32d0da89,2021,18584,E
e415d9ba-373c-455d-9d61-8ce39e1c19b0,2021,86326,E
d06d0e9b-24c7-4cf1-8d97-0ff715567cec,2021,67092,E
419e69c7-6e4f-4b75-8cb5-d73fb3c215e0,2021,1181327,E
f1d183ab-c90e-4e43-b82b-335c438baef5,2021,59122,E
155e682a-1053-40e7-95c5-27c98d343708,2021,1101244,E
0c2fed3a-77c7-4a5d-ad05-eacd2590dde0,2021,13401,E
b54fa8c4-4798-464c-b832-2771aa285986,2021,90030,E
68846b5c-009f-422b-9632-9396e9e59de3,2021,98957,E
5e927d07-6da3-4ec0-84db-43c58e807e36,2021,1385488,E
d99b6b75-6ed3-48db-9b89-c8a683692f91,2021,13595,E
e01f718f-602b-4a0e-963e-0d2c07e1e37e,2021,1136142,E
bdc68547-9970-44d6-90ae-2ebb57c5df51,2021,2209,E
a1fff009-6371-432c-a093-c68d1a368bf2,2021,88084,E
818ee77a-4254-4819-8baf-2b89984b4c4f,2021,1136142,E
80577383-34dc-40ef-9d22-2472fa00358a,2021,68930,E
feb86b9b-dc07-42e7-be6a-8a257879f834,2021,53331,E
ea505090-11d5-4e0d-a434-3f9b62d3df5b,2021,317,E
91c457a7-7d01-49ed-902f-bb70c03ebec6,2021,1136142,E
c1c35264-8d60-459c-a2e6-f15dcdca3c23,2021,1376181,E
915ef814-9801-400d-8570-9637aac40231,2021,98595,E
e6bf0ec5-d88a-40ac-ac04-73bcefd5c27b,2021,1533190,E
71609634-d5ff-44b8-b4fd-0031737401ef,2021,54934,E
5283ae62-b801-41ac-a9ca-0327e545a9d1,2021,50981,E
98d5abfb-e299-4d95-a68c-044027a6c9be,2021,47051,E
b0dc2684-b755-4e73-86a5-8227d9a13a5a,2021,19047,E
5edade3d-07d8-4765-b991-dbc269006c43,2021,5000135,E
5315dff8-79c7-437d-a2aa-e7c9e4c4fa3c,2021,64664,E
a3221703-2c68-4fe1-8f4b-ddc33cb972dc,2021,98305,E
048ab086-a357-44ee-9906-ebf649603965,2021,13401,E
69f28051-10f1-4a89-b875-a6ba0c93c54d,2021,95017,E
38e53625-ff31-4c17-b1b9-d41cf9ab61fd,2021,13595,E
129fdd25-d6b2-4811-8db8-f14968f0a258,2021,1265453,E
007668bf-4449-4621-bfef-f543aae667a6,2021,13446,E
56dfdbfa-3df9-4e21-8647-747a9755f64c,2021,1181327,E
f2771110-4997-444d-ba5c-848a8219af89,2021,98595,E
fb07d7d8-8152-49f0-9c93-93594b6d962a,2021,13401,E
c99c62b2-b719-47ed-9b6a-0a48a8937c45,2021,95175,E
8ce88d3d-79af-425c-a651-9e273f83f21e,2021,95175,E
3ce5b64b-a822-44dd-ab49-a8dad7731c99,2021,317,E
ed4d2ae7-fbd8-47f3-8087-b7997aa52c9f,2021,5000135,E
833c566d-f6de-4f0d-9f5a-286bd282ddf1,2021,1330347,E
8269e63b-af74-409d-93fb-264c104e3567,2021,18584,E
2208e911-90b1-4d72-8998-ac66da83b47f,2021,13401,E
1c7d1a88-9682-43b5-9f84-f60e8db0233a,2021,1306689,E
75cfc2ce-4272-4b6d-a742-37f0e2e1f5c1,2021,64664,E
2d9bf38e-5aee-4beb-92fe-528b49db7aa8,2021,62484,E
c054c100-f651-49bb-8088-428c0fca2a5a,2021,18584,E
29f85a08-c16c-43aa-86ad-d9fa114b85a0,2021,513,E
47b18310-a092-4c07-854a-0b89c51d2cf2,2021,1136142,E
2767d2b4-fb14-4b42-88db-5fd2d1362652,2021,5000143,E
7ce0d81a-8f6a-4aed-bafb-e29c36f8fd53,2021,1136142,E
30df7cbe-e8e9-4943-aa0e-bcaa31915ad7,2021,113813,E
3e16498a-8e7c-4a8c-874d-084a7cc6c1ef,2021,94762,E
bc050dfb-12a4-48c0-b40f-abec53caa7b4,2021,513,E
5bc38d94-91a7-4b2f-a5b4-12b5ff1a99bd,2021,13446,E
8da20bf7-359f-4606-b714-46e9da85536f,2021,62484,E
a92363c2-4ee8-4ec7-8d7c-70418892ce12,2021,98595,E
1c55f300-3593-4e64-a8cd-46f28cdae642,2021,13595,E
aa2665c5-3832-48c1-8452-ecf90d2dcb23,2021,49054,E
a376100a-f1c1-4fb9-a3f8-bf74a5c3effe,2021,62484,E
6029b828-e288-4655-9e33-cf3e2be9ead8,2021,22047,E
2b39c48e-8098-4636-ba71-8e36a22e06c9,2021,1272079,E
cbbd6cbf-7ea5-4371-b2f8-6952a21b3964,2021,1139692,E
afb8536a-74e7-4286-82bd-d252026eb0e5,2021,1136142,E
404af784-b501-44ca-b8c4-87ce6f3e9ca6,2021,95017,E
ffeb1e7b-91f2-48fc-b680-cb132d2e438d,2021,108660,E
1a187aa2-2a1c-4296-a9a8-93318248a0c4,2021,108660,E
723f7689-188c-47fd-8146-01bd3a7cd12a,2021,41238,E
7ab6ca86-8c6f-4f8d-b144-1242f7d685e6,2021,48205,E
afc429ab-1d3d-48cf-864b-b9772b40a290,2021,43664,E
95d562de-8bf9-479c-94cb-1c3e9bd1a2dd,2021,18584,E
be7fef77-b44e-45f7-8ae9-4a78259b4275,2021,101942,E
e848c1a8-df57-4c8b-b510-e1387223016d,2021,86326,E
1cb34e8f-f64d-43c8-8163-bb5ef3b00e38,2021,118468,E
27f17c73-f4cb-42ad-8be6-e210dc77edd2,2021,20030,E
b306fabc-5a4e-4ff3-9088-5c30e46fdc07,2021,1300429,E
43c72bc3-8d1e-4712-af57-c0456cd7c75a,2021,1288002,E
5d117a01-a4a7-492c-9e1f-26b608f9a17c,2021,1330347,E
94883dfb-b357-4004-9ab7-632bf35ef4e2,2021,67092,E
02bb2c78-5233-4f7e-8bf1-7fbefa1b957c,2021,13595,E
b998eb54-52c9-4493-b968-78192eaca658,2021,88068,E
e7b7bd3d-edfb-40b3-b10b-1796cc0cf866,2021,1118057,E
ea18e9f5-7b7b-4dad-b44a-ee2daae0aa88,2021,98305,E
3c6c4593-8c0f-4c49-bbc2-dfd87de8c225,2021,118468,E
4f14106b-aaeb-4e3e-8776-97771c51aa53,2021,13446,E
345654e0-1a1f-407a-bbf6-08eb819e128f,2021,99406,E
86471c0f-5a67-4986-87c1-2080f777c576,2021,54934,E
d6051dde-01fd-449c-bef7-416dc552f540,2021,103062,E
a42401b2-2fa2-476b-8ba2-6e6b6190bd57,2021,317,E
604701ab-1eba-42fd-b643-b7a25f0b3195,2021,1103723,E
5b5bb8e2-c802-427a-bf2c-42447342f47e,2021,1300429,E
20ccd93b-aaf1-4aaf-a9df-0a188be4d8c3,2021,94762,E
9494c376-efa0-4c5d-8cca-92094c638260,2021,40343,E
7c880767-c59e-49c5-88e5-dcc55939fc13,2021,1187671,E
173dace0-8456-431f-b075-d054deed2494,2021,1376181,E
c4d33287-8068-4866-92e7-45f15b7220c6,2021,64664,E
567095ec-ee5f-4d46-9f85-cf3d7bf15784,2021,108660,E
c162e5ac-707f-4a1f-a86b-959f8d415abd,2021,62484,E
ff2cc976-bc3d-4718-b310-b719f424e066,2021,1108692,E
421b77cb-ea8b-43c0-bdfc-46ad10a9eb3b,2021,108660,E
9270458e-6517-40d9-a1a4-be066a8482ca,2021,108660,E
a05e4b50-33e7-4933-905a-635c70818b1d,2021,98013,E
223bae75-569f-4fbb-90ee-0cf302ac00a8,2021,64664,E
63bd66e6-514e-4519-b409-cd85b6bb1431,2021,18584,E
8b21484c-1441-47af-b43e-aa902aa03d77,2021,47051,E
1fe14a12-8b49-4365-9465-35369498bcba,2021,1190071,E
c5dcbc42-b7d2-4c6f-806a-24e0d23f0ae9,2021,13446,E
f975ae00-f919-4d46-8758-3810f27fd2ce,2021,83388,E
d299843a-e78c-4956-9300-6eddde04ad75,2021,1136142,E
829b5f7a-35d3-432f-b610-8b3965811d20,2021,106167,E
9d603c04-6bb9-471e-817f-c6ac2c56e5bc,2021,94762,E
d15b5db2-a426-44cb-81c0-de8f1d26e76d,2021,50082,E
f2195751-fbdf-491c-a422-6382e20afcdc,2021,103062,E
1c4576d7-c18f-41bd-9879-8c08df9084e2,2021,83388,E
24a0cbf5-b689-4967-b2f7-d37c79d76278,2021,118420,E
f827ddc9-bc14-49cc-bc8e-ac4d66415789,2021,13277,E
78301e24-098d-45a1-8ccb-e9c9b81176d7,2021,1376181,E
e72874e0-98e9-4ce1-a517-3da1a46aef6e,2021,1118057,E
1940da63-0320-493e-a208-93869bb7e95b,2021,49054,E
c5a47fc2-4430-4b41-b560-76ac8cb1b92c,2021,18559,E
8a88f9fe-e814-4bcf-ab66-1d4007577749,2021,1269545,E
d702c78b-2c64-4cf7-9624-7008ac74c552,2021,47069,E
2ec3b4ed-8079-447c-b15d-ccdf2853bad1,2021,1314243,E
2ce6fecf-86dc-452a-8c3f-775d7e9a5e03,2021,1204325,E
067e3993-6b20-42a4-9e3c-56d0d0f49091,2021,106996,E
8521ff33-192d-47e6-98fa-49e64d0c9d24,2021,98305,E
88fb0271-017e-45f4-9e44-a18fa9ee97fb,2021,94762,E
3f9ae1cf-f79c-477d-89a8-c0c9e8642cdd,2021,98595,E
c539f425-5cb8-42d5-bae3-9ec6363036d0,2021,116770,E
909a743e-fb3a-4a0a-a63f-f9cce4355cee,2021,1181115,E
a2a97f29-b56d-4f61-80bf-a6fb954155ee,2021,5000143,E
75083235-3f7f-4495-b3c5-0d4915c7f309,2021,19047,E
03ce4999-3095-4f0f-9549-c6ab38906bdc,2021,1136142,E
1f0ed259-248a-4cc5-9159-9092823394ea,2021,62484,E
cfa92419-83f3-4918-951b-3e67eb9272bf,2021,1351760,E
7e54bed1-a554-40c7-b8da-0490655d663b,2021,13277,E
9d08d24f-5d17-4bb0-8bdc-d0b9eedddb07,2021,98595,E
38d62613-6727-43fb-a433-e51c3af6885e,2021,19042,E
aac66c62-56b8-41c8-a895-61eb1174260c,2021,97778,E
78d1c1a3-4e0c-4111-8964-ea3db845decf,2021,64664,E
fce1c334-5507-46d5-8c91-4403e5adf4e1,2021,2209,E
fd782eb7-b618-403d-a40e-cc291a85b4ff,2021,317,E
f3fc9af3-4d98-4c91-8bc1-82ae3f2e74f7,2021,18559,E
259af0e7-f3c2-4e45-b179-381f8b2d674d,2021,99820,E
22ed948b-946c-4699-9e20-f1380099566b,2021,101942,E
7166079c-b343-45f9-8104-90e5c7c3deec,2021,118468,E
9ecfa9fe-602f-4b74-87e2-2a1ad03f0931,2021,13446,E
9336d043-b482-4ffb-a18a-6d444b9185f4,2021,118420,E
8705bf66-febf-40cb-9766-52cd2997f1ac,2021,11452,E
d8c36799-05bf-4673-aa93-dd76dd516bae,2021,968,E
a9324f24-9a18-478e-96e5-ba1adb282e08,2021,13595,E
e7f593b3-04c5-4d0f-976b-8a19d8b921be,2021,13446,E
b5e2c735-99b9-42d1-8b10-c46dc480fab4,2021,114616,E
7e81bff2-17e8-4a8f-8224-dbdffc65e191,2021,1139692,E
2e4d62cc-189a-4905-a259-932e31b5aa3e,2021,13446,E
f93a8513-2694-4ad2-ba62-aae771cf4bce,2021,1102628,E
0b7cbb3b-f7e9-4bcd-97d4-eb85a88785a7,2021,1102628,E
228a1032-118e-448e-987c-68decc71c211,2021,118420,E
e291b679-b7a4-464a-9fb1-9908f559d04a,2021,1427745,E
ea8b2c1e-da90-4a99-8917-478a493811fc,2021,1203177,E
37784df2-2689-47fb-8775-7656432f4ae5,2021,13980,E
77e3f098-ed84-48d9-85ea-33fd51ada9d3,2021,13595,E
a8ae61f7-9539-44b0-8139-de55ff0d8820,2021,11452,E
778e84da-819a-449b-a347-4d441f19ab03,2021,11730,E
551e0e07-2c45-4bd4-a8c5-fd9c83ce4a73,2021,118420,E
671e3955-ea6c-4485-b40d-b82cbd3e676a,2021,118420,E
1380caf3-46f8-44ae-ae33-521662a1210f,2021,5000135,E
72fc2fc8-f39d-48e8-ac81-30b801979241,2021,1181115,E
bed220ae-d1d4-44c3-bd7a-424cf44426b1,2021,1288002,E
045059e4-abbc-4b0c-be19-2830dfca5c5e,2021,5000135,E
6a7593ac-fe08-4c89-bbfe-9a9ea305b4e7,2021,1101244,E
33b9c0ad-c6f4-46fd-b036-c050d5b64192,2021,113455,E
1d24d78d-2f39-4f47-a16d-b171c8bd8701,2021,1190071,E
d9d76337-012d-4843-b869-7ad8a65ef868,2021,1330347,E
69dce060-da34-459f-9c62-d259931fbb57,2021,95017,E
92f09480-142a-47e0-b765-e086158629e3,2021,13401,E
5e445a91-28df-4a42-a5f0-4bc1e9f19701,2021,13277,E
6810bf6b-557b-46f9-aeeb-e09a1a220f8d,2021,1136142,E
e1f0977e-c9ec-4ac5-8722-3ab3849b28a6,2021,13401,E
ef096a85-71b2-498a-926d-1f0183572021,2021,49054,E
24c8d050-2756-4882-8703-764b9fb50a7d,2021,1272079,E
182be4dd-60d4-40cf-ae70-5ab76f5d1586,2021,5000135,E
981b9650-526a-46f1-be27-e499f8dd9499,2021,64664,E
c29ba5c2-06b4-4d62-bc82-ad913d6d8342,2021,114616,E
2d469b8a-b6f7-45d2-b4a8-c71b737d1a17,2021,13446,E
b2914e50-f47b-490a-8eac-70dbf60518af,2021,48675,E
ad104f16-c987-416b-aed6-b75191621af8,2021,20030,E
0075a1ff-0df4-493d-af1f-8dc266a7c873,2021,59122,E
09bfa39e-6249-45bc-bf26-52f1e20de833,2021,98595,E
5a6480ba-9c49-42f0-8b15-05b018b1ba19,2021,64664,E
d63a3697-f4e8-4029-885b-446c9a9235f2,2021,1166783,E
01b8fa1c-901c-4503-a033-2f26d66641e0,2021,53342,E
3e3e1412-b772-4bb2-9527-24b26443b5cc,2021,67601,E
71457617-a239-4d8b-93ae-ed528f9803d9,2021,94762,E
6ce1144e-56b6-4daf-9121-73aaefc9bc71,2021,1267543,E
49f3de24-5893-4046-96ec-619fe5f4ad53,2021,11452,E
85468a56-acf0-41a9-a411-eedb2344de72,2021,1265453,E
d2d8ef7d-4182-4a4f-97a9-4917ac3088a1,2021,97778,E
332343e1-7934-4486-9cdd-6ce58c195faf,2021,48205,E
2ad4b98e-831f-4007-9788-9965260b8900,2021,1272079,E
4722c65e-9934-4aed-a1ec-c8e93d8ba1d8,2021,1118057,E
668dc631-070f-47e6-8c66-349ab790e57a,2021,47051,E
e9265867-0ed4-4ac4-99e2-97eb10f3e4e3,2021,116770,E
5814c31b-2102-488d-989b-62450e8cb676,2021,5000143,E
e47712de-0b15-4b6f-b199-be5eecf5e1fb,2021,1136142,E
a1454f09-f888-462d-9a01-731de4d8256c,2021,1181327,E
71667774-359d-4164-8c92-dbf31f61f483,2021,106996,E
91079efd-3a25-4ae5-ae4c-b6140819e93f,2021,47069,E
9c099f91-8e45-4096-9019-30e8386414b4,2021,1102628,E
c4a73795-deb6-4500-8588-fd32a62f465f,2021,20030,E
244afa66-3d1f-49f5-a571-3eb789ce83b6,2021,20030,E
dd480a3b-0aac-464f-a1cf-a027f021df8d,2021,103062,E
a8bffda0-d51c-4b9e-bbdd-5321df4ba679,2021,1385488,E
b36c2c81-bffc-4e3c-a313-8ed5f97d5a3f,2021,41238,E
e0ea3395-3d46-4bca-b158-7dc8a318c553,2021,50981,E
d0e5d481-1b6e-4544-af96-b9690a0c3717,2021,317,E
fa562f1c-4889-4221-930e-f4155b6d9a6c,2021,1117717,E
253c407b-534e-45c4-93a2-7b9738d2860a,2021,1272079,E
03f889f7-0a7b-49ed-ab33-0fb25e04ce42,2021,1101244,E
3ccb79ab-62dc-4f84-a611-97eebd582602,2021,53333,E
24309c52-35f5-4e59-8873-102e456868ed,2021,117022,E
d7946eb8-5d6f-4bd0-8a34-ba7a77cb6c6c,2021,101830,E
09ce215c-1600-4912-95f9-c8f137c4a3d7,2021,106996,E
cf752cf4-e2eb-49f1-822a-299560a50ee4,2021,55777,E
9813d24b-e8e4-475a-a707-36aed43f591c,2021,968,E
e75e4241-052f-4068-bad9-f973907ff2b4,2021,50082,E
a6a3c524-41d8-44b5-8534-5c9d9171167e,2021,13401,E
f2633853-3cce-4040-a16e-a262da1c1e5e,2021,9440,E
9bc042c1-2b81-473f-8c6c-7e5b7bd1a121,2021,1314243,E
7f6ab5dd-ef45-493c-a9ba-fbc2e0ec7e87,2021,1314243,E
94a7a02a-ab33-40f7-9f9c-573cbac13e80,2021,67601,E
ea3b44aa-6d1d-40ad-bd90-ff90c75aeda6,2021,1132918,E
f3543683-519e-45a9-82ab-284ea4dd70a8,2021,20933,E
0668eade-e0ce-4b47-9beb-544842d95ef1,2021,1132918,E
88b27a49-4e28-4ef6-8f59-b24bfeb944b3,2021,43664,E
dd0b45f0-774e-499d-b9c8-d1ba211dc9a7,2021,12313,E
d973310d-6470-4382-83ec-61c2a43b22ad,2021,73140,E
06a0ee79-2d1c-4de5-9917-29e8b0e885b9,2021,11730,E
2ee8abd9-07d8-4064-9b15-208c85ef39ca,2021,1148708,E
fb7d1caf-dfd7-407c-9077-93eeedb54e4f,2021,18671,E
581d92d0-30d1-47c2-9f3a-ace403fb9546,2021,103062,E
c4d3933c-4fad-4546-a083-a2fc8d299d2c,2021,18559,E
b279b3b6-db10-43fe-9ce3-6b54e943809b,2021,97778,E
b39af962-0047-4604-a2d7-deeac5a4c735,2021,5000143,E
35be5a0f-3f6d-4d35-9420-eed2a3e0bf6b,2021,47069,E
859b8dc9-ad3c-4714-b668-47eb1f222bc6,2021,13595,E
4d99c020-1d3d-4e69-9cfc-099bde892b91,2021,18267,E
88a9f23a-1648-47e9-bc0b-fe52c4c4245f,2021,968,E
3877fbef-4888-45f3-ac06-dacf2ebbe044,2021,1330347,E
fac61a7e-a317-4997-8c4a-9a51477dcda6,2021,317,E
9fa9e0cb-8f1e-4aa9-a104-543fd98c08a2,2021,73140,E
e021c9bf-0fd5-41d2-83bc-742a1d7da3c2,2021,1136142,E
dc9959e4-c980-4a03-a258-a825e5af1ce0,2021,1102628,E
13c5dcdf-3ff7-485e-8db5-2b0123e898e9,2021,106996,E
68a0d936-9fcf-4fbe-8988-4290ee0175dd,2021,118420,E
20421735-5fb5-42f3-9b59-b65cc686117a,2021,98595,E
025c0cfa-33db-40b8-afa5-5f4a361d6aa6,2021,97778,E
909cb16f-4d8a-4a23-89bc-198ee5725300,2021,62484,E
c5798994-5fed-465c-b683-a330745b74a0,2021,1139692,E
79379bf7-f4fd-4842-bafb-2d9807c964cd,2021,1330347,E
31a4b82f-ac66-44fe-9d7e-f2c14b0ae16f,2021,1101244,E
b07be86f-a6de-4e5d-b257-c340fc8d118b,2021,968,E
dff4e304-f59d-4ad7-9f4e-0d3c225e6bb8,2021,64664,E
26ad4155-8559-4d86-89d9-e657d9602874,2021,1136142,E
18982379-509e-446a-bc7d-770a68710822,2021,1139692,E
61f7c6ec-f9c2-4611-b9a3-30f2cc59493f,2021,13401,E
5084fbaf-0cd9-4852-b843-5a1679026b0a,2021,13595,E
595d3251-e649-4f2b-98d1-9ad07794df76,2021,19042,E
44230509-1b3c-4728-814e-f27bf868c5bb,2021,98595,E
618086cf-7776-4d41-8464-146d59079704,2021,12313,E
c1d4e6db-fcac-4f55-a8d8-695cdf9cfcbf,2021,968,E
1b8613e3-fa56-45ff-9a4a-71ed73685407,2021,1187671,E
982846cf-1a15-4091-8a8a-312718665c63,2021,13595,E
a278459d-06cd-4c39-b56f-400adc8f4d73,2021,1283028,E
42ea5d95-68c3-47c5-a76a-7f1c888fa289,2021,103062,E
bce5c76b-2662-4eea-8bd1-3efd1dc6b62a,2021,2209,E
7301ccf3-6b86-4f34-b27e-0d69bad7f19a,2021,5000143,E
13a6214d-f08f-479b-af66-8fedb9a67f9c,2021,118420,E
01cda32e-6f84-41a2-84c9-3122e8f151b6,2021,62484,E
afc84733-0e16-49a3-968b-28d7ff705dcf,2021,114616,E
3f0885e7-c7c2-4036-be72-0f27b407fe86,2021,11452,E
49f0026b-7ac2-4bc1-9e87-ebd419eb3ed7,2021,107360,E
63b61496-69ad-493b-baea-f52923d6593e,2021,20030,E
9495a5d4-0aef-468c-aec7-0d8d71b27a51,2021,2209,E
dea6f96a-948a-4267-b892-b70ff20d3349,2021,2209,E
8ed8e75d-4866-4869-ba82-6e7b2abd2ac0,2021,1136142,E
560a7996-4799-4fd6-9dc7-94215510cf99,2021,94762,E
806f3b59-3708-4976-b1a1-5a3a6234e187,2021,20030,E
c654df8c-be3e-4970-a5a7-bce59a79e435,2021,13401,E
f3f32b41-c7c0-47bf-a90c-6c67f1f7e208,2021,968,E
2d7e910d-cf09-463f-bb69-56aa389d3cd3,2021,5000143,E
3dec4dc0-e6c4-461e-a9e0-36793b50eeca,2021,13595,E
b318179d-685b-4b40-87e3-2615dab13cf0,2021,107360,E
708136a2-38f8-4044-b0a7-41d9b0a73a7d,2021,1270596,E
ab058af8-8bc5-448b-ab8a-9eb7a1b76218,2021,1108692,E
ad850fc6-074a-4a7e-94ec-e4e851e5c1d3,2021,13980,E
97c2402d-5dbf-46bc-adfa-03614cef04e2,2021,968,E
7a5205d0-57bf-4f11-85b9-9138e1fea7be,2021,5000143,E
3fb5d83c-db90-4c0a-915f-350c0de3330e,2021,1148708,E
2142e6fa-7325-4baa-bc3a-6bb20f578a5b,2021,13401,E
5e55de0a-89f0-414a-8dde-528efbde0bee,2021,117532,E
5cdc3d2e-b7fd-4b9d-841a-94fcf168b68b,2021,1102628,E
2caac20a-494a-4ba2-908e-19b17187cc0c,2021,18559,E
c12a1e3b-069e-430a-b8a6-fc8d524d8126,2021,101942,E
7713b5e7-b507-4384-bcb7-2c52fd62531f,2021,1102628,E
8202b085-196b-4085-99c5-71eae20ea472,2021,98595,E
cb27012a-bd44-4b39-bd1d-a1503763b453,2021,64664,E
7bdd838c-2392-4633-86cf-380f9a1f4f39,2021,1299927,E
cd77768f-5862-49a4-8407-194ed0b18b54,2021,86326,E
0f0bc6c1-ab5b-4724-a40c-b71d3d9dbc7f,2021,513,E
8c15c32b-1987-4733-aa60-82a341d0968a,2021,113813,E
9cdb95df-6327-488f-be97-48133388c72e,2021,5000135,E
ea3cff60-aa43-4c7e-a726-22b4367d0fda,2021,13216,E
c543ceea-6a12-48a7-9d4c-30b32b690d65,2021,1102628,E
881f6a0e-e397-4162-afd2-0f69171bc353,2021,1102628,E
95e046f5-deb0-42c8-aa54-2dee76967c77,2021,1047907,E
f23319eb-a6ce-4612-a1fc-4a16eb6f0abb,2021,1132918,E
105e9337-d0d8-4437-8341-ab8d017d0872,2021,1306689,E
df77a63e-59d5-45d7-b273-5a97cd1671ed,2021,95175,E
8565d1d5-35dd-4b92-bf8f-ac0eae8080ba,2021,13980,E
ebafe643-090e-4df3-9c2e-fb80b146c62d,2021,13401,E
84b3339e-8c1b-4c53-83bb-e32976e4066c,2021,118420,E
fabf1c2b-7887-4ebb-98ca-0153c65ac3d0,2021,5000135,E
476314f1-c55d-44c7-a2ca-c6a3f988b511,2021,18683,E
2651eb5c-895b-42c5-bcf9-596e6e7f92d0,2021,13446,E
ca8234c8-c66d-40bf-8c58-44e82bc1f97c,2021,107422,E
45a4c590-5acb-4a57-950c-0da715f49bd4,2021,108660,E
554f8286-5e7b-40cd-9a9f-fa3e6122a7b1,2021,41238,E
a6b307f9-97d4-459e-adcb-41376a809b79,2021,1108692,E
86bfcf51-f344-4d25-aa18-73b26033a1c5,2021,5000135,E
ebfde8a0-86c6-4a27-9fd7-4e127b85976b,2021,13595,E
9e79ab3f-488d-4b8b-acb0-8ed4dd0dd987,2021,1102628,E
cef3d259-e146-400d-9fff-0d0cfe185271,2021,118420,E
1cf6551b-49d6-4ae8-9d60-2f8f21609d10,2021,1300429,E
f792c7a2-603e-42e1-ad17-1625fb560835,2021,5000135,E
c3a53679-626e-49ea-90ab-70f89b7b49a1,2021,1330347,E
ac212452-1671-49c5-82dd-082790a1e0fc,2021,18903,E
1735cba7-2d8e-4b87-a3b8-26fb53d0eaec,2021,513,E
02b30cfd-1c41-4f69-b5ba-54a3ddf0ddda,2021,13446,E
8d9c24ce-3d5b-4b13-a383-2e8816672e73,2021,55777,E
85959466-e675-4c62-9f42-0b9208f377db,2021,98595,E
6d7a4825-93cb-43c8-b9df-7b35973fc176,2021,118420,E
d7357843-620f-4d89-b607-1c0ec223c3fa,2021,1270596,E
04f6f9a7-ebf9-4013-988f-6853318a555c,2021,106167,E
f0103cef-bd57-4d7d-aa5b-7145c777f79d,2021,13446,E
45bb28bd-b390-4e7e-bf3a-c01a2a4f3956,2021,13401,E
17bec854-5351-4392-833e-d06a6df753fd,2021,13401,E
cec41e59-d611-4ad4-a19f-857e4a741c72,2021,1136142,E
a8934d71-92fa-417e-b4a5-c6e9ba4a2629,2021,2209,E
d1b9c266-7603-4dd9-9c4e-0a2ae421f7ad,2021,5000143,E
11c3f293-bbc2-45d3-8ddf-534e606e0470,2021,13216,E
7aad280e-d990-405d-81e5-9a0f530b5879,2021,53342,E
e1044ea1-00da-40dd-9b0c-36315b683b0e,2021,1265453,E
7cfc92c6-6d4e-4522-a5d3-fca8856a8880,2021,95175,E
2451f44b-df93-425e-93fe-918a5c18373e,2021,1101244,E
72b0c25d-b78b-4344-bffc-b34521567055,2021,9425,E
fdb05181-2ee8-4153-87a9-e9e2ed7b1239,2021,1385488,E
06ed281b-f533-4e3f-bdff-7209336808d8,2021,118468,E
834d3527-10b1-42f0-b664-539e70a53647,2021,1181115,E
b5bab659-b069-4129-9b1f-ee7f4ceca9c3,2021,118420,E
99b6c23b-d8a8-4797-aec4-1ee2618444c2,2021,62484,E
c4f44a1e-5a97-4784-85fc-6e165875bd09,2021,98595,E
5d5dc762-da53-45a7-b824-f857ad097b96,2021,1102628,E
b0897c32-1fad-4269-8ae1-7e4d19f2707c,2021,1322390,E
a1abedd4-059a-4deb-a8aa-8d5a8353891b,2021,98595,E
ec21a4e8-a35b-4398-ae26-4d564f565daa,2021,94762,E
9a41d331-5390-4945-817e-e9b2b2d81210,2021,1300429,E
1d7e5e92-7e99-47c4-bff1-4ec9763ac5c1,2021,99406,E
0b5747fe-0e79-4aa8-bf82-7f317749241e,2021,5000143,E
3a78db65-3d48-4540-be13-126ce62115c3,2021,113813,E
2a93189d-42f9-455a-b6a4-c8184c60ff54,2021,9440,E
1ab3e4f3-b5d4-4aa5-b0f9-291b67680800,2021,13980,E
037c366f-63cd-4d9d-bec8-2d6b7ddc033d,2021,5000143,E
5b80711a-f9f5-4774-9f61-b385bbf61546,2021,118420,E
1a2b81b5-67de-408e-95fa-b3a599535d3e,2021,118420,E
0154e44c-4a3d-4ed2-b33f-61933de989a6,2021,118420,E
5899b6a5-5216-4204-ac68-2e591f717dfd,2021,59122,E
bd4fa840-4d42-4a11-9320-f0c4179e4ed6,2021,1330347,E
71ee8aba-d040-403d-ae03-cc77567feffe,2021,11452,E
2ce7b256-a677-4a17-8c6a-dd0468da2d2b,2021,12313,E
14833f40-fbc1-44a7-bae7-e0448380cec8,2021,98595,E
11225062-4220-48c0-8c80-0f3f4a745ad0,2021,317,E
4f28f403-a105-45a2-898b-653a0bb81240,2021,95017,E
b54ebd3a-0ab8-4838-88c5-951ac5dd3132,2021,1148708,E
342144de-92a7-466c-a5d6-2656a710a8f9,2021,9440,E
f33d2ffd-bd9f-4f14-b7f1-569083ac2ca2,2021,1101244,E
817cd4a7-90ab-4bc8-8d6b-826bab31100c,2021,13446,E
aa0968ea-ade2-4488-a091-edbc2f9e7d11,2021,73140,E
9bc497b1-f62e-4478-8136-9be7029bfa99,2021,118420,E
50c6cc50-60bd-4151-a1fc-231aa382197c,2021,1132918,E
9bd0dd6a-e52e-441e-af6a-5709a3d1e00a,2021,106167,E
3bd8fb04-7d8f-4ff8-8f43-c9555dd5e00d,2021,13446,E
a421f676-bd80-4418-9a00-64e9ab072e66,2021,99406,E
9e1e26e4-672d-4f84-b7e9-1d887565541b,2021,64664,E
c1a0a446-7abd-4d47-8b3d-1ac651ed5825,2021,1136142,E
333c6c3b-e89c-4536-9f9d-d36cf0a848c0,2021,56172,E
e8d821a8-e70e-4bab-81bb-88fd2ff236a4,2021,62484,E
b4b0200e-a07f-4201-b3f8-552c4cd82f5d,2021,22047,E
79e47578-1762-4bba-a23a-7528f4ca9c86,2021,55777,E
ddc9aee5-af99-4cb2-9e2a-d4e80f1d6008,2021,317,E
ba496f6b-d174-4805-9dea-958024b27fd2,2021,1314243,E
dba06f95-bc81-4039-bd29-894979a71ed5,2021,2209,E
70f9942f-ae4c-4671-b5bc-b8b6ace9c458,2021,101942,E
a46e7acf-8ead-4413-aa1c-defe890e5aba,2021,94762,E
829a39e4-73a0-4117-898c-27e121128f0e,2021,11730,E
f11f84f9-8985-4b90-a3fd-327116b0f21c,2021,13446,E
245c9ed4-4b37-4bdf-952c-0b41d0758a50,2021,118420,E
e970eaa2-303e-46a3-ad94-d1fdd5c0dd63,2021,13980,E
fd975eaa-e1d3-4a21-8984-487933cbb9e7,2021,13595,E
e22c6882-5d15-4d02-8dda-14a91d334192,2021,95017,E
162ae43b-6816-4df7-9632-5168d0bbc79f,2021,106167,E
dacd4fdd-e4b8-43a8-886c-440b6053be5c,2021,118420,E
9d835518-076a-474b-9f47-481ce6fb6cfe,2021,21464,E
95d0c944-cef8-463b-9cb6-54ffc27dfd10,2021,13401,E
e7f5eef8-97bb-4180-8591-a38236c61827,2021,1136142,E
d650094d-2ab0-4bdc-8698-b19e07a8d175,2021,1181327,E
d2e425f5-f209-4de1-a76f-e8d6ac3e953e,2021,1272079,E
2af301ba-0f2a-4b1d-b30d-b9b6d0a6359d,2021,1101244,E
821604a1-ef64-4b6e-84f4-cc67416b68b4,2021,1118057,E
32acf088-22dd-4983-9ee2-1b341113f5b6,2021,13595,E
22d2f408-f517-4cab-9c6a-7688b4037d17,2021,9440,E
b1719b58-10ad-4719-a47a-b920dc91a905,2021,64664,E
4f30e9cc-408e-4d69-a044-dfcad284560a,2021,13980,E
d94b5603-59a4-4053-ba94-41b372a085df,2021,64664,E
27dac88e-be90-47eb-8b2e-6917ceaca449,2021,2209,E
b1be74b1-ef92-49af-8d0b-b09d7581fb55,2021,11452,E
f82b601b-7b6e-4a22-8607-11fcb2a3d995,2021,1102628,E
b5d590bc-aaa6-408f-89ae-a54bc9d72d02,2021,13595,E
428154bc-4ae2-45e5-ac60-9b009052c1f9,2021,94762,E
4cf7c301-35d3-4f92-9287-cf860535a1e4,2021,317,E
d1a8a611-2b6b-4c42-985c-24e99b479410,2021,13595,E
dcf05d0c-53c6-45b5-809e-4b61d2f3ae6c,2021,98595,E
90545958-d68a-48a7-af29-8e54869cde23,2021,55777,E
80db3587-d27e-4316-9425-e219d52d308a,2021,97443,E
b1612fe2-1773-45e1-9d32-f9ce7407b6c7,2021,13595,E
23ceac98-8748-4385-917c-46313470ee20,2021,13595,E
c00f21e6-5f61-4170-a4f9-e2f770269188,2021,13401,E
635ab2d5-8001-4e65-a8bd-dce1f27a0dd5,2021,101830,E
72c86a45-aa61-4eda-aec6-abc9d0ab6b23,2021,1322390,E
b1e6e7bf-82e6-4172-be5e-b7cf5f631d71,2021,74737,E
39e859db-be5b-45a2-9bcf-961d16ebf585,2021,64664,E
3408b085-9fcb-443d-9992-57febd1d8974,2021,13595,E
528419da-84e6-4c8b-8c83-5eb28b4b5dda,2021,1136142,E
8239d909-643c-4ccf-8288-6ae909a22971,2021,1136142,E
68bbfa2f-89fc-49c3-9494-51ee3ae7598f,2021,118420,E
1733442f-7225-4f9f-b169-f326fe5fdba3,2021,13446,E
99576e49-72f0-4e2b-827f-0d8531a2fc50,2021,1102628,E
210816ff-f495-4516-b2fe-82741c137fa0,2021,1270596,E
ba170d6f-83d9-46dc-8b18-2578e95efff3,2021,103062,E
67a696fd-cb4f-42f7-86c3-c1bd358dc3db,2021,1148708,E
0c36df77-9a00-47c2-a6b5-9b9e919eaad9,2021,53342,E
b429cd03-46d0-402d-ac6b-584093e04b88,2021,1314243,E
a9cc480a-d96c-479f-9f83-9ab36f2ffee7,2021,62484,E
13d28fd2-0571-42f4-976c-94bc0693bcf1,2021,62484,E
159ddfef-dd68-4b78-9eb1-ed42d2739266,2021,13980,E
3fcf2539-882d-4d5e-ad28-35351914f84c,2021,13595,E
1d79b2b4-0d6b-4efd-b06c-ead4381a42a5,2021,13401,E
aee7c4c3-93fe-4319-9b9c-44ffd9fb0951,2021,13446,E
f641c209-3a1e-471d-853b-74fc7175d03a,2021,1136142,E
5e2d3e5d-fde9-4893-adf3-f7f97b4f251d,2021,90030,E
923c67ef-1d17-41d9-814f-529df7e85cb2,2021,1102628,E
f69b92e2-1684-4141-af8b-e21872a63a23,2021,13595,E
97b4f132-c617-4a16-9628-bbc46c6852cc,2021,20933,E
dc8d7719-561d-4ae9-a881-4c4a826eab0a,2021,1379275,E
6db288bf-1918-4f19-8cbb-adbac2272437,2021,13277,E
c6d79aea-813b-4ca4-bf39-af49c4082939,2021,1270596,E
8e7e8458-448a-40fe-ba26-ba030ca21141,2021,97443,E
6014dc7b-a8b1-4c41-9c15-fb27b56e1696,2021,1101244,E
41734061-45ab-40a0-920c-63ddc7289fb4,2021,13446,E
d627e651-4698-44bf-b751-e62facdfdaa5,2021,13980,E
1ef4a7c1-6c48-4719-afb8-c6afd9fb8dd4,2021,1267543,E
1e5e4780-9875-410b-b579-94995998b464,2021,19047,E
12c9ef5c-1406-4f48-8429-faf2ca9ac5f1,2021,1136142,E
84deae7d-d690-485a-afb8-c364ef03df85,2021,1102628,E
865701a6-122f-4a53-8f2b-a23ee813965c,2021,12313,E
721083d1-d6a3-47bc-bb2a-b2b9a5fd5e28,2021,19047,E
33bf224c-4796-4207-a6ac-ca88d083a631,2021,20239,E
10670bd0-db30-4303-8b8f-f4f7dc183bd1,2021,116770,E
7d8109cf-dc10-42f7-9d7e-0333ec614d93,2021,20239,E
21d7e882-16bb-4b1f-bb19-9bce2a51e3aa,2021,13595,E
28927f6e-2f22-46e2-90b4-d6d3367a2ed6,2021,98595,E
f0a53a67-11fd-4cf2-9dee-718c3ff17170,2021,11452,E
9351d7f8-6831-4375-a2c5-5d91a56fd5d2,2021,19042,E
31daa8e4-fcd4-4171-a495-054fbc3ba492,2021,53331,E
d0679e32-ffe6-4e44-a16c-9d6423c3b6c1,2021,99820,E
0b74100f-d3b0-47f6-8c63-754b5b66390e,2021,13277,E
41164125-d313-4370-abd6-a070c4ac8eca,2021,2209,E
5eedb5c8-4e0b-4aed-8aed-e9a812ee56a6,2021,11452,E
9cd82b9a-db52-47cf-aa10-5da9f74ea035,2021,1102628,E
94dd7216-a664-48c2-8c6d-d9ee7623ec4b,2021,47069,E
ee224b37-fac0-4ad6-88b3-da334fa70399,2021,1427745,E
c3f6eff5-0486-4bee-a075-7716c1e26404,2021,1102628,E
80297981-f81a-4fd5-89b4-4dd1d8694da0,2021,118420,E
62550ac6-b956-477d-9f6f-010f45153d39,2021,103062,E
c7d253e0-8e10-43ec-8587-89ca349903ae,2021,317,E
1e2b46e1-5295-4413-a28a-0b5ca641892a,2021,62484,E
b2e13b68-a047-4dff-ac62-5738241a9b91,2021,1139692,E
eb2b37b9-4680-41c7-9039-2f0821eeb0fc,2021,118420,E
af314af3-2528-40ce-b580-74bda555022f,2021,11452,E
be4c7012-8055-4044-88e8-4f0670bc67aa,2021,99406,E
c727847f-736f-43aa-8592-4c9a7a85915d,2021,13595,E
a2841466-3589-4c71-abc8-c084f6b3a4b8,2021,86326,E
18713b56-42a9-402e-ba31-b61a97eefedc,2021,13595,E
623babe4-081c-4831-b751-d0b60547c4a5,2021,95017,E
9aaf0407-e664-463f-a797-c85312f86438,2021,99820,E
952e58c7-fab0-4ad7-9e53-8d7f745a1add,2021,317,E
dcdc2a3b-afcc-4224-9974-275dee123cf1,2021,11554,E
29e0e0ef-e580-49d1-b86f-0b334e07c200,2021,97443,E
340dd02b-b095-450b-98da-75aa8c0ba336,2021,1270596,E
86e6dd75-b152-4c04-83f5-7f0323976cdd,2021,11730,E
baaeb8c0-bdba-46a4-9ab7-c4c7e1302180,2021,53333,E
3819f078-5d5f-45b1-8827-c7c61b33dfbd,2021,113813,E
81f8d5d7-2626-40b2-9858-2c1154607028,2021,62484,E
f9ac6cbe-fa3a-44fd-9983-622c73af2db4,2021,1132918,E
cf85fef2-d6c8-4aaa-a6f1-c2797abe0fd9,2021,13595,E
03549e33-6493-461e-8874-705a1eb06ee0,2021,13446,E
8f7738e6-faa4-431f-95fd-6a3dd2c1c6a9,2021,13595,E
e5bae66f-39ec-4e31-b7bc-69f2a704df62,2021,11452,E
e6d7b62f-c26d-4a87-ab65-fd2ce24195fa,2021,103062,E
5e3147fe-3432-4cfc-a846-a99e6381ff93,2021,1272079,E
55a0a1de-682c-4c3e-bde6-3732c4b8e9db,2021,64664,E
07593bc2-05ca-404a-90ba-4cb5fd8a2150,2021,1136142,E
45500282-5968-4c2d-a3bf-d7d1f0a54f10,2021,53342,E
f801ecf2-d410-4824-b3ef-a4f2aa6020fd,2021,1288002,E
40e000b0-807e-4d04-8010-270fff6ce4a2,2021,1288002,E
2d717804-6e25-40fe-baf3-c583dc235b3f,2021,1136142,E
dcc8d739-60b4-4e83-93fc-dfb213f30056,2021,317,E
655f32bf-a5e1-41ef-b91c-36b68fa4af7f,2021,317,E
00fd3ed7-b99d-4cbe-a59d-22cce7b942de,2021,1101244,E
b3576a7b-9f4c-4800-956b-7699450562df,2021,13595,E
6c6b9878-dcfb-4845-bd5d-80b583a4875d,2021,21464,E
694871f3-6f19-416b-944c-36c6637c66aa,2021,13277,E
c2d4cb7e-898c-40e1-967c-18ea52e5c39b,2021,20239,E
82e91ae7-1f8b-4549-ba23-60c038a55d41,2021,13216,E
3a578f13-97da-4dbe-8266-589c70e25507,2021,13216,E
8d06735e-978e-4fd6-bb1d-d515d97cd023,2021,13277,E
6bcabd4b-9fa8-49bd-b56c-63b1255e25c3,2021,13595,E
00cd199a-bf7e-4d75-bc26-b7b674f1e0dd,2021,18683,E
cc98c882-c8fa-44d8-8552-bcf8ea6861a8,2021,13446,E
95d2539d-fc64-43c3-9fb6-28b9420ba374,2021,12313,E
8d417a1d-19f0-4845-af60-e132327739b5,2021,13980,E
330505c0-69d0-4974-84fa-32cba8142ab6,2021,1136142,E
5f73447b-2e0d-4d37-a222-dc0d2caa0266,2021,1265453,E
ab599574-7ecc-45e5-81c4-00136629ec09,2021,101942,E
0efe32d6-7b7c-49bf-8f7e-f2772d6683d3,2021,1132918,E
300caf3e-85de-44d2-a982-6cc39d0981cf,2021,94762,E
6464f173-971d-4391-8b6f-407c211019aa,2021,2209,E
ef2294d4-13ed-41b6-baff-4a958df03a84,2021,12313,E
4a07e226-7f02-417a-bc72-3860ba75fd87,2021,13595,E
a2a94c06-7832-4ac8-887d-b0b728d26900,2021,1299927,E
c29ab894-d244-4f5a-80bc-7da798195d27,2021,1102628,E
81edfd82-50f4-4536-af96-116e9e7234b8,2021,13277,E
54263cc7-fe7c-4ca5-9cf2-afd5655b2991,2021,317,E
65712ef5-1b15-48ed-960e-a88cdf58dbd8,2021,13446,E
b258f611-50dd-4cf5-b58c-4aeacea167ef,2021,13595,E
b7653d14-535d-47a4-9417-caa36be9aa97,2021,13595,E
fa86e111-b81b-4f31-a927-bceaa71578c0,2021,13446,E
8139f144-2d94-4834-817d-3a1dbbda2391,2021,13216,E
c0796d40-5769-4efc-ac50-74584bed71d3,2021,13595,E
26216011-cf02-4fd9-a9fd-a1dc02e8fed3,2021,18584,E
c585cc16-a7dd-4ad1-8e6c-bbbee9880ae8,2021,18584,E
80d3de0b-1331-4bb2-a892-936a3616bd06,2021,1113582,E
02d3147f-abf9-4ce0-8207-4a83523f153b,2021,1113582,E
05b51f75-2114-447b-a13c-93b0a3b11388,2021,1113582,E
404459ab-fc28-49cb-8037-521182fa61a2,2021,1113582,E
cdd13140-4a2f-4c6b-affa-be9c382d75ac,2021,18559,E
e806d97a-2465-47f5-98cc-1a2baf650f00,2021,1113582,E
f69e1e3d-4bf7-4c65-9deb-f9b4529c42fb,2021,1113582,E
970d76d0-add9-457f-b512-8a34a2582aae,2021,1113582,E
e37538f0-3121-46ce-96f1-0a46bec4e037,2021,1113582,E
20ce0f74-8384-40eb-9008-1080480a912f,2021,1113582,E
b0e9b4ae-3d13-40e9-953f-91c488896956,2021,1113582,E
77fead32-1dcd-44de-b0a7-5f176dd0a493,2021,513,E
3a50e1c9-b179-46f6-a5cb-4ef4d51488c2,2021,513,E
ad747e47-4f33-49c3-a43b-f554fbc4c7b0,2021,1113582,E
a0065f49-87d0-4d65-92be-cf398eeb2188,2021,1113582,E
62aec1de-c9f0-47b1-8317-d05f02d11130,2021,1113582,E
e5c55737-ecaf-4edc-86e1-c6ed51965a42,2021,19042,E
ad2dab66-8803-41bd-8684-e3a5e1ca4cc5,2021,55402,E
23a6c63b-53ef-49e7-a6c3-ffe5ba9f2dd3,2021,101942,E
c35cafb7-6607-4716-bf5c-ceb75d8f0ed9,2021,101942,E
3c07c79b-a0e3-4ccc-97c4-4973b1167eae,2021,101942,E
4b0cdbb6-869f-4ce0-9738-95fc487a4e53,2021,86318,E
37216bc1-ecf3-41b5-b536-6eadd9b9c20b,2021,86318,E
09ec90cf-50e4-4c92-b435-715f039b1385,2021,86318,E
e3906558-91f1-4ca0-9e77-191b695372ca,2021,86318,E
894a988e-54ef-47e7-87de-2df71aab9085,2021,5000143,E
9c3e3c94-669e-4cff-824d-031ea8af4c8c,2021,5000143,E
931b0e1c-1643-46d9-abe7-4b84672ef355,2021,5000143,E
a2b5dbae-3176-4314-a57c-1da38baf0298,2021,86318,E
c383d245-e23e-4031-8c8b-fe33a0a1a80b,2021,86318,E
497e53a5-f894-4f4a-9b24-a02087a96666,2021,86318,E
14e6cac3-5192-4bc7-bf09-031419b1c13a,2021,86318,E
2337d582-3a11-4fbd-aed7-0de30166bbb5,2021,86318,E
a5bc26bb-51a6-4122-b483-b02c7aa646e2,2021,86318,E
bdc5598d-1802-4758-a1c3-4fae06231ba4,2021,1103723,E
005ff8c4-fbfa-41b4-967f-dc11be3ea911,2021,1103723,E
21ff166a-5b3b-4ba5-9ce8-6f250364c0f5,2021,1103723,E
da285279-dc6f-4d1a-9163-044544020f7a,2021,1103723,E
2a6edcbb-5c97-4170-8c6a-9aab3522982e,2021,73898,E
c9e02ece-b836-4b8a-966c-f1da3ee21ba7,2021,73898,E
cc5a5b25-9d28-4598-b011-59e3a607fc0d,2021,73898,E
158fac8f-f3bd-48a4-a231-4f4ed4ab9dbf,2021,73898,E
c8043f61-2f54-40a1-a811-cb2943d549d5,2021,73898,E
e19e090b-e6cb-420e-951e-f52ead388ce3,2021,50082,E
308d22b3-c7da-4417-a898-6b8f1709fb57,2021,1351760,E
fe4474d4-91ed-4613-b500-7ebcf018c725,2021,1351760,E
95494221-f408-40a2-8c91-a6b81207039b,2021,1385488,E
571b0c2c-b808-4eec-8c49-397e25c0f441,2021,13595,E
77fec0e9-20ff-4219-a7b7-90463ca61d06,2021,13595,E
f6bf2061-6a4a-4d32-9aab-fdbcc3b40e25,2021,13595,E
44c27cf8-51ef-4863-afa0-a4e87c4dfc89,2021,13595,E
36c9d5e7-8f6a-4dd3-8bbf-5391081a2dfb,2021,107360,E
7caed842-831f-4f35-9882-f8422bddb174,2021,13446,E
b0a9d374-39e2-4446-9412-e90b3af29258,2021,13446,E
32f2d796-c05f-47fb-8046-955f28484aae,2021,13446,E
9c290963-80bc-4b29-844f-2d9ae61af26b,2021,13446,E
930072e5-8924-4016-a32e-730687c04480,2021,13446,E
b0f08a8c-2656-4131-96ad-495361d09eff,2021,1180773,E
58a3c167-341a-4c18-88ee-b16e775e653b,2021,1180773,E
5101bb7f-2b85-43e4-8ec0-d6c806a3b49f,2021,106996,E
7c63e80a-8b2e-4ba5-9f13-4c48f1d0c835,2021,88084,E
ace8bebc-17b0-4794-9277-6927646fdc1a,2021,1180773,E
31ac327e-4be1-4f7e-9171-6e2e0408a90d,2021,1180773,E
3207c7fc-d856-40a9-a3f1-4e4b00881725,2021,1136142,E
b18b3f20-3bc0-47b7-ad2a-c1ec747ed211,2021,1136142,E
d6073b45-893b-4e6d-b24e-932c32b7a6ac,2021,1136142,E
873816ed-a36a-432e-890d-e8afa3e07c19,2021,1136142,E
127d96d5-5252-4a83-a07e-f67fe203568f,2021,1136142,E
c7e5e6d6-d7df-48f5-adbc-dba45c99ff9f,2021,1136142,E
cabbc3a9-66bb-45c4-97c2-3d9ed125e097,2021,1136142,E
e99e93b7-2105-4a41-8109-3f915f21b6d0,2021,1136142,E
55ee980f-6238-4614-89eb-03c408f0dac3,2021,37862,E
265bdef7-541c-419d-ae7f-f80f9716e41d,2021,73898,E
9e3b2fb8-ecd1-4be2-a59b-1ff2ef5d38fd,2021,73898,E
41df92aa-f16e-444c-a805-02c351b20b77,2021,1110857,E
d7ba12fb-da45-45c8-ac3d-cbbf2b6d3bee,2021,1102628,E
3ce89737-6638-4641-8d0f-10cc82a65214,2021,90030,E
5b54620a-6fbc-4e5f-9d98-625d03333a24,2021,1102628,E
8f210258-a6ce-4f67-b6fd-75827cf3c980,2021,1102628,E
90c92a4d-8d8b-4da2-be69-dc9166367eb8,2021,37862,E
66940150-5705-4271-973e-8e887cc8b72e,2021,118420,E
2c248562-21e2-437c-8e18-7aac53b69c57,2021,118420,E
eee3cfd5-8136-4af0-a780-222f06c896e0,2021,113455,E
dfad6a96-143e-458a-ae04-0cbbb48b3302,2021,1110857,E
49d21844-bfef-4621-807c-b1fd722ec666,2021,1110857,E
98a96489-ed47-46b9-a337-ac90441fea2e,2021,1110857,E
7e3e118c-aa7b-4189-a23d-086eb5318237,2021,1110857,E
9fe3aabd-6035-4000-8aa3-8d7d42207650,2021,1270680,E
77ed94bb-8c75-4a18-a662-ccf2a8f2146e,2021,20009,E
0d075de1-5802-449c-9d2e-7dff53b1561f,2021,1299927,E
8a6e109f-2a8c-4196-b066-b08bfe276949,2021,1132918,E
1cd490da-c5e0-483a-bf56-cf64175ab3ae,2021,1047907,E
75dfc97b-3423-450d-bef4-cb3b3f524aa7,2021,87396,E
77a119f7-fc30-41e6-af7a-e799b59d2e75,2021,1042278,E
c2e4429a-b83b-4449-8eb5-42547295a4b5,2021,1042278,E
444110cd-b565-456c-aadc-93401c5d4401,2021,1042278,E
6aabf60f-aa81-4846-a3cd-2b916bc4c72c,2021,37862,E
06b63b4c-629f-450c-bdda-969f51c8ff37,2021,37862,E
c3c367ef-ebdd-4092-91ee-63c881184677,2021,97778,E
46dc6a55-5efd-4c20-a9d8-ff4697a319ef,2021,98595,E
1560469a-586d-4559-a408-9f8f057f5708,2021,20030,E
0c120ca4-2f90-46d0-8fc9-da45500af079,2021,56172,E
de2ae54f-268f-487c-84f6-8e885010fd59,2021,56172,E
b807ea38-ee2c-4ab7-9024-05a75e6afc71,2021,1427745,E
3812ed42-3b55-4f9d-889c-f0463546598f,2021,48205,E
d7977a4d-9178-40fd-a61f-21d1b89c8dbb,2021,9414,E
7334b5dd-e17c-441a-898b-9b934aa44614,2021,1103723,E
1a039675-94bf-46cd-900d-ac7a3e704fb0,2021,9414,E
03c9c69b-de39-42c1-8609-37a62d29005b,2021,106996,E
37096f6a-6e94-49ec-a68e-154eaa92380e,2021,106996,E
1a1ba84a-cb7b-4914-a604-8f6b89c5686b,2021,97443,E
205d93e9-85de-4d72-89d6-abed3fee9605,2021,98595,E
a7d26214-d43a-427d-b76c-b5d56645e857,2021,98595,E
80dc5cc1-3d5b-4176-bc56-1a16544cca37,2021,98595,E
9b09e9b9-809d-4607-8199-f39a4dcbc8de,2021,117532,E
07a26175-2b3b-4596-9f78-20c85f9a5ed1,2021,114616,E
97a00002-fc96-4db9-944b-bc683dd4405e,2021,117022,E
c69d0c67-7b2a-46c7-b155-aac937c2893a,2021,106996,E
d2071809-0e3b-44b6-9476-c81468a139ab,2021,95175,E
ab4f1442-e34f-4742-8044-a2247eeb642d,2021,95175,E
7f2e3344-1565-476a-a7cf-d96d619ba56f,2021,95175,E
878a9622-6f04-4678-b070-aedc995e7f19,2021,99820,E
aba108ef-6bd7-453d-af6c-9f2116f2f254,2021,98595,E
ff84f4f3-afb1-4abb-823f-b9b13c8513d0,2021,98595,E
518a5128-2657-4a64-9b32-f3142c7407ad,2021,98595,E
ea13dfc1-cd4e-4a72-a7b1-9ed4d4fe3b82,2021,5000135,E
aafe285d-20e9-44aa-8661-ce25249164fc,2021,5000135,E
19b5ffed-632d-47e9-9946-63bfb5fe2836,2021,1270680,E
c3f4b344-d72e-4c03-bb0f-f34c01f46ba7,2021,20756,E
0167f453-8ee6-402e-b55d-840b2d66e848,2021,20756,E
8f5e5941-7527-42c1-abb2-d2529f201a42,2021,12025,E
5b1116e5-8186-4320-8430-d37546eb1ad0,2021,12025,E
7097b93d-6f16-4053-8175-09a5b5b0a554,2021,98595,E
f758baf3-ba0b-42e5-8e7a-b1482d02d839,2021,20239,E
b26ebb53-bd33-47b1-8514-1bc9b1aabeb9,2021,20239,E
2365d31d-1bf4-4eee-a69b-7062d6b4fa8a,2021,1190071,E
0ad54c7c-25cd-45e8-985c-07501dddeb94,2021,1101244,E
e18264b7-3610-48ee-b198-21a6be8a7c8f,2021,1101244,E
90dc6aed-f3ae-4543-aede-f746b0bd23aa,2021,1101244,E
c2d3af21-95c0-48e6-a846-2283abab1b1a,2021,1270596,E
41ae0269-b040-40ad-8ca1-05d8eaa82aa9,2021,12025,E
471f80cb-c0a6-438b-a4e6-1d3734be718d,2021,64664,E
4b830add-8421-4cab-9b39-8e124c9e0b7a,2021,64664,E
983405eb-8f60-4ef9-979c-4f8df6aeb0c7,2021,1376131,E
ad36001e-f762-4663-aa71-104bc96b1306,2021,60886,E
1c534b14-ac52-4635-ad1f-dfd37d6811e0,2021,60886,E
e6b577bb-8d3d-4811-b5d6-c658b125608e,2021,60886,E
be604f81-e77f-4acf-b37e-6556d9e6a3f3,2021,60886,E
4a926435-76b8-4f17-a0aa-f4cac75a701d,2021,60886,E
d0cafebe-9e58-4435-b9c4-7d5aa4d1ed46,2021,60886,E
73c7774f-43d9-453e-9cf4-cbfb6aa348e9,2021,60886,E
67884673-5ae5-4a31-87a5-9e8fdadd4fb6,2021,60886,E
a190847e-d8c1-4ce9-8c37-514af967de4f,2021,60886,E
b3dd589d-db47-48cb-af7e-83973dd6b966,2021,60886,E
4553d9a1-e145-4f25-b5b0-604aa9a197ea,2021,60886,E
f3927703-7760-4fa7-be22-1efba2ed5fb9,2021,60886,E
9d39b782-8317-4874-9f93-78ee0f777302,2021,60886,E
d98fdcfc-374f-49b2-a906-8d2be80a5114,2021,116770,E
25fa6136-3def-47c1-be50-9ba3302d1a72,2021,116770,E
f5be3840-0d44-4bd6-b21b-3ca202b73e61,2021,1270680,E
ff517bce-94a6-4c24-886b-1ba6d096b368,2021,1270680,E
dc0a38b1-3267-45bd-a7eb-f485edbd710a,2021,1270680,E
6009f004-41ca-4a58-9117-73d5e8022da7,2021,1270680,E
9cba86a0-b138-4ba6-9a96-6c50e994c7bd,2021,1139692,E
16cbb9f8-8031-41dd-9fad-f8bcb57d06ec,2021,1139692,E
bd7fd76c-4668-4dda-a26f-711a1486b3a2,2021,1139692,E
1181ef65-a2ba-492c-ab92-cb4eb4e00b36,2021,1422296,E
65e59b92-99a3-46dc-9028-77365eca5b28,2021,10515,E
be4f24ea-b45d-43c5-aac8-b2b496e231fd,2021,10515,E
94b079d5-a3ab-4b03-b41b-b1c86accda09,2021,13980,E
ed34e304-da87-4915-90d5-cbcaf113c698,2021,13980,E
cd9e515b-f9b9-4968-8e86-4cb36234ef9a,2021,18671,E
5380e277-aa35-4f87-8deb-f14e2e1bc3dc,2021,12313,E
491c0a2d-d6e3-4fc1-9e72-682aec39e8a9,2021,12313,E
cc0c7d1e-2e95-4260-8efd-20a4f2c80f89,2021,5000951,E
213d5c38-370b-45b2-a11b-be70bc3536bb,2021,82364,E
99d01d2c-2786-43ed-a5fa-923a6b54879f,2021,43664,E
91f00a45-9bde-4030-bb64-f4710d0ae1b6,2021,43664,E
5a53d838-b97f-48cc-8659-1e0219aef05a,2021,2209,E
f69d4dcd-c482-41cc-a732-a46087356e2d,2021,2209,E
1f186741-aea6-4a78-81fe-387bde1b031e,2021,48675,E
298ffcf6-0c90-4481-a7c7-d7e472238aa0,2021,67601,E
de4ebd17-2415-4294-9494-0efa9d4cfbeb,2021,103062,E
ada0c76d-52ee-4cc3-ae6e-7cdf4be1a8d0,2021,103062,E
a4214ed7-859b-4ac8-97fb-d0d761dc2adc,2021,103062,E
a89bab23-8825-4c63-87ab-53b00e87cc32,2021,22061,E
2d175d73-ab3a-4dec-a967-99235dac53a3,2021,1161716,E
4d4bca28-2c88-4d9d-94b8-fbcd61a9c882,2021,88084,E
59f67c15-ec59-49d3-93ec-0e053b1a3d7f,2021,19047,E
060e4ec7-4c92-47d9-93ba-5f423776db68,2021,12313,E
53dad118-c139-4dc1-a90c-d11437705b17,2021,49054,E
86c5f77d-c33c-46f3-af56-81754e4dd49c,2021,55777,E
ddc0d063-c716-429a-ad59-6786120b122a,2021,18683,E
3f626090-6d1b-494f-842e-5694e8a92cac,2021,18683,E
4eea0194-3b58-4a31-82f3-45214b49e4da,2021,1118057,E
1d07b322-8169-4ca1-98e4-0cb4e2be653b,2021,13595,E
ee37890e-fa63-435a-923b-e0f288419ea5,2021,98595,E
73544dc5-30fd-43d0-ad28-5bdb6e596126,2021,98595,E
4a73349e-ebdd-4a8c-8a96-e4db9255bb8f,2021,108660,E
ead30a85-b6a5-49e5-8560-7d74bdee314b,2021,108660,E
9911d698-e642-4b25-87da-0959e1a9b9e8,2021,108660,E
8c2d04aa-0b55-490c-94b4-a18e7f8671a7,2021,108660,E
1dad36d4-642b-4a4f-9d67-555890ac7a67,2021,108660,E
5637382b-a975-410f-85fc-2d6dc8003204,2021,62484,E
8a7555bc-7b01-451a-8643-07ce55d9b3fa,2021,62484,E
3fee9c64-cf39-4fcd-b4ec-5cb751261197,2021,13446,F
fdba4446-70a4-4414-8730-fbae5bfd5881,2021,1101244,F
9bf4680e-f45c-456e-ad85-f8d1e2ed2e16,2021,58808,F
e98e1ece-1311-4b32-b213-44911d8c62b9,2021,114616,F
3b8f1ad5-c5e4-4d6b-a2b0-9d6bb5a7020e,2021,9425,F
0fa91175-6118-45ed-92f6-0891c78e77d7,2021,1322390,F
53385e25-8706-45f4-9160-19d71aec7b91,2021,13401,F
dddcec1a-7db5-4891-b528-80fa773cd2fd,2021,1132918,F
7a92499c-ac91-4b52-8435-ce627afaea7f,2021,106996,F
c00ee1b2-9f65-4669-b708-fd682e5eb429,2021,108660,F
d9fc0df5-668b-4d78-9dae-63c5cc679eb0,2021,20756,F
7f884bb6-4fa1-441b-90e7-d5ffe197d148,2021,86326,F
baffee19-d26d-4c16-b0db-8ee7d03eeb47,2021,1190071,F
eb944d43-45e6-4f51-8397-78670f0b378b,2021,57612,F
81533b08-076c-472d-b0f2-7ed4d9ee53b9,2021,13980,F
2926c8a5-6561-41d5-8090-563f0d4a85d9,2021,106996,F
4d94a48d-af1d-45fa-a0ff-d95bee7312c3,2021,13595,F
e77a926d-c396-464e-a008-4ac2c39ce9ed,2021,19047,F
36610144-9e9b-4ba6-a98c-851e38931336,2021,114616,F
3dd2d90d-8e5e-4223-a8e3-7468ce95d726,2021,58808,F
d0ca061f-2a90-4cf0-8d98-838f92748981,2021,108660,F
f2dc445f-bb9e-4bb0-962c-cfde74f0272d,2021,98665,F
0913371f-daaa-41d8-8ce3-c2c1be98261c,2021,1267543,F
02d90fd7-ffcf-44fc-aa2b-f925b8ab1400,2021,19047,F
87660a09-9aec-4147-a08e-ae13ccbf58c4,2021,9414,F
50eda9c3-7214-4870-a64c-8fdc4f73e046,2021,64664,F
63ca4a00-e32c-4784-b078-2edeb639f32b,2021,11730,F
080bf33b-f6ac-48e4-aeea-750eaf7d7a13,2021,37862,F
c3d95657-e2e0-4d52-b3bd-e347742d7891,2021,37862,F
40686dd0-329a-4c40-8977-155645679047,2021,1306689,F
86833881-dddc-451a-9498-f6dc8bd68d1d,2021,108660,F
06f2a09f-028d-4838-a748-d15d0f06f8a5,2021,107920,F
f59bf648-511f-49a4-8c19-3da7783554b1,2021,74737,F
bf30b3d6-2165-4f6a-8ef3-60682569204f,2021,11452,F
51007b35-126e-4726-91b7-3b033cba1263,2021,55777,F
599eadba-f4c8-4e1e-933e-5ecd2f4a8af0,2021,106996,F
bd64a8da-decc-4c8d-bc5f-e4df45d63f13,2021,106996,F
43eb487b-70ec-4c91-82f7-c188e6d5b16f,2021,11730,F
00ce98dd-00a1-490d-bacb-80cd44e1128f,2021,2209,F
3269523d-b974-46cd-9033-583332fafa03,2021,47051,F
6c4a64b6-fee7-4b8d-99f3-aecd8111d749,2021,113455,F
44d6c7f4-20e2-41a6-9cac-dc47984cf060,2021,43664,F
5664cfa8-f05d-465c-ba80-f533e1f75adf,2021,1117717,F
4f9e14a5-fa84-407d-8a86-c335e3a3692b,2021,83388,F
b28c9ca1-88a3-4296-bdff-cff9c535e0d9,2021,1265453,F
15de1466-06ae-440c-904b-84a9f210f523,2021,1187671,F
78b274fd-77f0-4b60-a711-4ffa32f72eb8,2021,95017,F
acc1a04a-d9ac-4581-9f7c-01d127dc7f75,2021,112086,F
e60908fe-241c-45ce-b189-73784f691bf9,2021,91262,F
dca48b4e-8583-4539-8273-4c20986ce227,2021,1181115,F
28875dbe-4fac-49c3-9227-c22b27775707,2021,9414,F
f9dff70d-725b-40c5-a4fd-6b285aa5e0d1,2021,94762,F
df01de58-2a5c-4962-871b-6707447e2616,2021,5000143,F
18750a5b-0fcd-4807-96b2-f8592f087f1d,2021,47069,F
f3b61bc7-f000-40dc-998e-f4629b8eb610,2021,47051,F
ca939f8c-1fe9-4a73-a94e-206678762041,2021,1318224,F
999069f0-4c94-481c-bddf-6c4f4419962c,2021,20933,F
9d3257ef-17a6-4ceb-8bda-f2029448ea48,2021,113455,F
87bef97b-112b-4e53-bc47-955d42ee62bf,2021,48675,F
21212607-d866-45ee-bc5e-e08b7916e456,2021,1190071,F
07197f06-0fbe-471d-8a6a-a5774f2ccbf2,2021,50981,F
1fe17ecb-e9ad-4bcb-b2fa-71b23a1cf48d,2021,1288839,F
5e9156fd-8df6-42ac-af51-ba3e6d486872,2021,67601,F
ecf1d5be-6640-4510-bbd4-c44ca75f3a54,2021,37862,F
67ae8782-7c51-42f1-b7f8-18c160660b85,2021,37862,F
9224bfcc-28fe-410e-9540-9a8b875bccc3,2021,1318224,F
0276209f-2917-4926-a7fc-e368f049b3e1,2021,1322390,F
ca7a6895-9612-4614-8deb-f7f3271bce17,2021,98764,F
c5f837e4-fd4b-4cf5-9cc1-f7479eaa2bf2,2021,107422,F
26a99a26-5478-43fc-848b-ba780343d22a,2021,1047907,F
e59ca087-6b31-4033-a732-31c73bac0695,2021,94762,F
f78a510e-dd46-467f-af51-d7b1f0277b37,2021,22047,F
931fe013-6378-4a88-a4c0-5ede1a313018,2021,98595,F
63d27d66-cb64-406d-b5bf-2a4d035b36a5,2021,1283028,F
a91501e3-6157-40b1-8fe8-788ae945198f,2021,95175,F
7c384120-90f6-4f9d-b57f-5c775e3e58aa,2021,47505,F
0a1d4202-015c-410c-847f-746df0b1d12e,2021,112086,F
186144d1-08d6-4e36-8eb2-c7137a1f3b8a,2021,88068,F
b6c325cc-c15e-475c-ac03-fb092b0030e0,2021,1376181,F
1b818726-5428-43a7-9a65-fc16473f6a6b,2021,55777,F
1e1d2470-f6e5-4c2a-b927-cc38326b5f4e,2021,67601,F
5f255d42-7bd3-4284-88d8-fa5f09e1859e,2021,11730,F
19ee04fe-199d-4ac8-be0e-1d3a2538553e,2021,95017,F
328f4aa9-062d-4c32-81e6-2ea914d00b43,2021,114616,F
fa7cac59-4d84-4554-a307-a7bfbdca8f7b,2021,117022,F
a4b8d4ff-e8f4-4a82-995b-8e7ec5f1f349,2021,108660,F
b95e4c74-3808-420f-98f8-eb57f130a6bd,2021,106996,F
9291072a-222e-4c3f-a96c-16b5e71417b7,2021,88068,F
749be0fb-3180-46d0-8210-1e6598231dea,2021,1166783,F
21fde9bc-78cb-48ad-9303-137b4367251c,2021,9425,F
ec1f0a55-2c68-4ad9-b9e0-3f8218860cb1,2021,1190071,F
41bb1ede-0c22-437c-bef5-1b8e6819e0cf,2021,1190071,F
b2096664-1c0d-4f65-8836-86b43415e3ce,2021,108660,F
b3cd8a7b-2350-47e7-aa5a-abaf96867631,2021,49054,F
58c18393-00f9-439e-9809-91c65248da68,2021,5000143,F
c5dd25c7-9df8-48e8-9caa-107dd17108b3,2021,94762,F
2d39e5fc-1f8f-4cf7-83a8-46bb275bb532,2021,94762,F
dbd50121-2615-4631-816d-afefbead6c42,2021,5000143,F
3a6a2291-37fb-47ef-b100-879f601baeba,2021,1136142,F
0fb4c47c-1887-4d24-8e4c-7de07da4fdf0,2021,13446,F
10e93fd4-7167-45e6-bcf0-097bcf7a52e2,2021,9425,F
37d80577-be3b-447a-87ea-19340dfb4378,2021,95017,F
a301bacc-47a4-4b4a-b4a8-db8b9698557d,2021,108660,F
43d5bf41-c76b-4ee4-ba98-8cc63528ed12,2021,1101244,F
3ee29d3a-27ad-4ce7-905b-408f274ec4f5,2021,1102628,F
89962dbf-5f42-4200-94b0-5672555e41ea,2021,95175,F
10a55497-d847-46a5-b632-38b6f5d13cb0,2021,1322665,F
0a5adef5-903a-423f-b69e-d9465a752ebd,2021,1322665,F
42ddd6da-96e3-4d72-af3e-7cd59ec8fee7,2021,19042,F
96424e3e-f3d6-47ae-8000-e85beb8e3f87,2021,13277,F
8e81de6c-a577-487b-996a-afed3d033b54,2021,1190071,F
23a2577d-c5de-415b-aab1-838e25acd05d,2021,108660,F
ff3168c3-5abc-4d58-921c-8b999d7b0657,2021,101942,F
c968a260-0a7e-4e10-9c30-aaf55bbc4306,2021,43664,F
5aa73963-e238-4447-905c-7fc4f33b4445,2021,59122,F
697af3bc-22f6-4a8f-a6bc-0cf66e2c3b02,2021,1181115,F
1782b256-37c9-455d-854e-a19e9134a916,2021,118994,F
ad6dfe47-c0c1-4d29-84ca-916c6c8d7188,2021,9414,F
3bd72a85-c7c6-4ad3-82b9-8c3b8843a4d4,2021,10515,F
e963d476-e2cc-4a89-997c-4dfb3e642d94,2021,1283028,F
15fdec62-2994-4f6e-b836-f4551f30b334,2021,108660,F
186b379d-aae8-467e-89ad-425655906b6c,2021,9414,F
7ec5bc76-affe-4830-988d-a07fadeb68b1,2021,116770,F
30ebbd41-cb99-405a-9bd1-60f2a6c5c334,2021,98595,F
00545628-56dc-4268-94ee-34a673539d16,2021,968,F
33202cd9-3ce2-4a69-9b74-2f3d572fdb96,2021,1306689,F
c08dfba4-5e37-4cff-9e45-ef43ea56ad2e,2021,108660,F
0ecac481-8d7d-49af-a168-beccf7819993,2021,1269545,F
8b14a190-f3c8-46fe-ba2a-4d3365be0eca,2021,1101244,F
2696a3d7-2504-4e4c-90b3-80d9405c85b4,2021,108660,F
c509a936-ad0f-4054-b891-8e3d8f0c29f0,2021,94762,F
b62bc7d7-25d3-45da-8d4d-8c3b9e55cac2,2021,49054,F
4937b857-7a28-46c0-a81e-7faef7c5f699,2021,113455,F
dc419dba-5e46-49c2-ad85-0dc224ee866d,2021,1322390,F
0e6a1a96-c0c1-4825-91e8-0a598c7cf194,2021,1187671,F
37fe0485-5648-4cb1-881f-d33f52f53485,2021,20756,F
67ef1e2d-4f5e-4d76-9b17-e405da681f74,2021,67601,F
fe7a0401-25ab-4e86-8c24-b9e9f1d9c6df,2021,94762,F
d559493e-79a1-4f14-b49d-448874ee39e0,2021,1204325,F
7ab134e1-9137-4c7e-8f63-14e6266ab7a8,2021,513,F
ce2872fe-5c33-49e2-9f19-8f13cded1ffd,2021,1136142,F
11101f11-619a-4e23-a450-f6bea41e1ec9,2021,13216,F
c696edc1-e67c-4302-87e6-c3e2a3395823,2021,1101244,F
41e072df-d47b-41c8-a4bc-279bd6c0a187,2021,94762,F
24eb0fc8-16a9-40d0-bad7-ff1b5f1967c1,2021,1136142,F
4e493c12-4267-4497-ac2c-cf33fc9792a1,2021,13595,F
132bc954-be86-4bef-8c06-23bf4318e813,2021,1166783,F
01dae290-4a75-4819-ad05-5a537286bfe5,2021,1181115,F
33f3674e-6a8f-4bd5-830e-cb6428260dfb,2021,1181115,F
98d11442-9414-4ab6-8d6a-12c902d11a16,2021,18584,F
826b66f8-c808-4767-b579-47adfe1a8850,2021,91181,F
0fd4451f-1981-4f33-9f76-1ad36e8e251f,2021,1118057,F
1f0b27b9-aa2b-4bee-8503-b6a28d2f5812,2021,13277,F
cf7c333e-8632-4c16-926f-a98d0697ebb1,2021,106167,F
53fc942c-328f-4e23-8102-5d2beb69b08f,2021,1376181,F
41a0fef8-2491-4871-9252-3d85d422a8df,2021,49071,F
876458cd-dba4-4e2c-be0d-ababdfe5c900,2021,118420,F
c3dce855-9a83-4dd3-addf-802e04d2e185,2021,1132918,F
82907101-b793-4ed8-bcbb-7b752ca4a8aa,2021,1047907,F
58de5b8c-ef39-4caf-aa07-64ef1576e5b1,2021,21464,F
41470449-8f9a-4dc5-af34-4aea86bff938,2021,1136142,F
5647a6f2-bd9f-4f88-b38d-0d519837c33e,2021,113687,F
6b31f950-eef2-483c-9ab3-5a9adb5b3663,2021,114616,F
4b396428-9786-439f-a7fb-855d2c42c5a7,2021,46377,F
09de06ad-dfac-4958-970e-7834e5d733dd,2021,1300429,F
4683a0d9-47c1-466e-ba79-005104a61cb4,2021,98764,F
8b577e25-c040-42fc-a53a-f4e2353b9c75,2021,86326,F
bfa9085e-b999-4843-98ae-dad502836688,2021,1032473,F
4a054fe5-5906-4c4c-bcbd-d1b0bf589b22,2021,117022,F
0229efb0-30dd-4fb3-82de-c654295ccf79,2021,101942,F
96bed04b-8d8c-4518-ab8a-6ba40c527b4c,2021,47051,F
8df1df92-cb4f-4d2f-9659-abc3a5765edf,2021,49054,F
1dd2c1e0-68b1-4605-bdc7-142ecfc12235,2021,1267543,F
2c62ca12-fd44-4973-a8e9-864bbf06dfe5,2021,1108692,F
c0783974-eeb4-4a1d-b155-f3958cbf4d79,2021,19047,F
d8921059-a9ca-45f0-9b2d-0f4f35b1ecc7,2021,9414,F
2223baaf-724f-426b-802d-7dbcd3ac59f9,2021,57606,F
b5f3b984-5643-447b-8b04-9d537b483c6c,2021,13595,F
2858a364-7398-480f-94c5-288d6092b43a,2021,118420,F
58c5146d-a7db-4397-977c-3f384a1bd0c2,2021,113813,F
7c37c2ec-277d-494c-a793-d9d7b5589817,2021,1272079,F
4fa8e48a-0167-491e-9f52-5ae8d5e2a635,2021,2209,F
2f86500f-e663-41e6-b6be-6fdec9211192,2021,13216,F
95e7cddc-c352-4c3c-9e15-d383e96641d0,2021,1136142,F
a5368f82-1b52-4a88-b1fb-16d9b397df49,2021,47478,F
13e25f2d-5684-4c5b-9b2e-c0954311f12d,2021,107360,F
5d66af1b-323d-4932-b53d-f9a82de71d9c,2021,64664,F
469af7bc-4ff1-4178-adcb-c576f1c70d8c,2021,51020,F
6df1dc23-cd53-4ed4-b51c-403a3de6d3a3,2021,1299927,F
eaa4f9b1-9576-45e7-b945-51f05bea8d29,2021,5000135,F
ca8bc337-02b4-47d3-9aa8-733fb906055c,2021,5000135,F
24f5cba0-1f40-4afc-a4e1-525ff1415145,2021,87396,F
5699e0e9-be69-4865-b853-b56e6dc8da77,2021,91181,F
f1a57c12-d641-44d2-98c7-14cda5884b96,2021,117532,F
464601c1-8b20-4206-8ade-949985c25bc2,2021,108660,F
d1cc6618-06e1-4eec-831b-6c04f478716c,2021,20030,F
f910ff37-acb6-478b-825f-ec27db702520,2021,106996,F
5c8afdff-969d-43df-9bee-122661e9abd3,2021,13595,F
30cdf81e-890a-4293-94b0-a1c4ca4eb1e4,2021,19047,F
5bb415fd-8adc-43d9-9365-83ad0a7d53ca,2021,1330347,F
782f56de-55fd-4818-b7d4-e860e29c8cfb,2021,1190071,F
792fc102-8d76-444e-97a9-16748ea4e869,2021,1288839,F
9a8defb1-7119-4ffc-a46b-e76d12669df5,2021,13277,F
ba301779-6b5a-4cba-a0cd-d352dcaaab88,2021,1190071,F
6fd55dc7-bddb-426d-aa35-35e412172b66,2021,98595,F
20bbf929-7c64-4903-bf82-1e4da84a34c8,2021,1270596,F
348769c6-c533-438f-8816-8bba1208a247,2021,5000143,F
7fd65aa8-44c0-40d0-952d-48ce704ceb0e,2021,2209,F
ab632060-b155-464a-ab45-aa0671399b00,2021,83388,F
3f1d2423-ff5f-4179-b728-d27701d743b9,2021,5000135,F
6fd6fffd-44a2-4eac-b29b-020cec5c7ae4,2021,19042,F
0e0631b5-47a6-4342-9954-f094d6013e21,2021,37862,F
87936bd1-ccc9-4ed5-8a17-90e9bcc8da2d,2021,46377,F
852dfb86-5992-48c2-bb51-5c3d4cd4e739,2021,107360,F
7ffde4fc-f417-40e1-a9d9-f31c8416c022,2021,1102628,F
6c140cde-f519-4c18-b83e-e13763c25b2d,2021,95175,F
5b06826e-b1d0-4eb7-b226-8b3b93d2538d,2021,118468,F
64e3226c-ca46-4502-9d83-54d06d408a25,2021,94762,F
58c0d828-e550-4dcf-a382-f52099a7d634,2021,64664,F
c9761382-d6e3-4e59-8279-5c207be4db8a,2021,108660,F
c74c3cd1-7683-4beb-bf92-36f59cd6ebd3,2021,103062,F
d608692c-d7a0-457a-a317-2469daa922a9,2021,1102628,F
9ec91e61-80ab-492e-b961-116c05c5bcc3,2021,13401,F
b5b36c36-28b3-44c1-9e31-daf8adcacd9b,2021,21464,F
11bc5b32-b6da-4375-b273-0a0970919c7b,2021,103062,F
a731c741-5d30-4008-9e5c-b5d37ee86fa6,2021,13446,F
d148068f-94f6-4bdf-9236-c6c94e502ac1,2021,47069,F
b3c990a3-4f6f-48d6-bafa-986973c82af4,2021,95175,F
b1b05191-0d9d-42ce-a34c-29780c0c366a,2021,1190071,F
ffb24c67-ae20-4c19-aaa7-044f1c2d5122,2021,41238,F
c9cedb42-b8be-4c82-bbb4-1ce7c6c16f59,2021,83388,F
6394817e-d6fd-4023-aef6-5ba4bb6bdeb1,2021,1101244,F
c8b43640-3750-4af7-8e5e-698a55dfe107,2021,1376181,F
4540bf36-4078-4db6-a411-4f2047e8bf95,2021,108660,F
6f2ea91c-7cf3-4a50-8320-c32d80734c39,2021,101830,F
3a3f6b71-f04d-491f-9dbd-324c0465fe06,2021,94762,F
85b7a958-39c6-4c4e-9892-9ead7b7a80e3,2021,13446,F
56fe0b72-ae2e-4ee9-a246-d75715365abb,2021,9425,F
67c2e56b-d560-4c95-b554-7bbd67ab34a0,2021,13216,F
88d17a5b-e1e2-4c39-87c0-043fc1b27d71,2021,37862,F
804bf2ac-7696-4e7d-8d19-6440f3150f6d,2021,106996,F
1616bbbb-90dd-4766-a9aa-d0fa4b9dfc08,2021,55402,F
4b468af9-1acc-4ea8-8480-fc826260b3ef,2021,1190071,F
33b3fb9b-7895-4cbd-ac07-fd6acd1f492e,2021,81210,F
0d1076fc-9dae-4dbc-820f-f4803a4a948a,2021,19047,F
80aca5f0-563d-471f-a534-c74da9f192ed,2021,1101244,F
f08501d5-94fa-467c-bb45-f0508bdde379,2021,103062,F
4ae60082-bdf4-4752-93d3-096eba05bb34,2021,9440,F
f6736208-2052-4dc6-a173-0e815260e32c,2021,48205,F
485a4502-93d5-438b-87fb-57685b50bc5b,2021,5000135,F
a05a86d4-5a8b-4624-834c-b453dad8ed3e,2021,317,F
44e30fba-2bb7-4586-92c0-110f21efa093,2021,41238,F
3dc4a7d3-f667-4a3c-bb7d-24d763ed0e94,2021,1427745,F
a0a6928a-0fc4-46c8-99a0-01db3333aaad,2021,1322665,F
6a6c21b4-5b3e-4230-80fd-9fd97e92d8ea,2021,13277,F
d4baeb22-240e-4f3e-b1f6-c43aa00cfeb9,2021,46377,F
a92bfdcb-10d8-4ab8-84a2-52f81700798b,2021,1288839,F
2307260e-9bc5-41d0-a0dd-79f6b5778863,2021,118420,F
3cfa8925-485f-42dd-8213-7bf03a7ccadd,2021,1322665,F
cf891bb7-79d6-4e06-8005-949410b94918,2021,18584,F
61b76810-e2ce-47a9-86f9-8d23575d1949,2021,1102628,F
f3615b8c-466e-4815-a46c-a464808d0732,2021,55402,F
da4ab50e-81db-4029-8844-3ca441379dd2,2021,41238,F
4d1162fd-7b24-4899-bed4-66c670d5763f,2021,1376181,F
03b5c281-d6f5-4067-96d6-91ef264c4cef,2021,21464,F
1f366d3f-3d6e-495e-8548-48c8790049a7,2021,118420,F
64043e0b-e458-4cff-be75-e59b6296f98b,2021,19042,F
502ea34f-0826-441c-ac69-5d8866a64b75,2021,49054,F
260d816e-21d2-4cb1-a581-273702c250aa,2021,116770,F
64eacbfd-146b-47b0-be8e-06f290db88f9,2021,19047,F
d046dca4-82fd-4eb3-b03d-333b66ffe1a7,2021,118420,F
9a243955-928f-4446-8a56-efcea0f9339b,2021,12313,F
c0fb5e29-367d-4ba7-9989-afee11eae55a,2021,1181327,F
c7c726a9-5533-4cde-991c-e2450cf5490f,2021,21464,F
4279ff2c-33fb-4f58-abb7-9041de927508,2021,118468,F
c6085e39-068d-442e-94c0-efa2041a0ac2,2021,59122,F
aac18a7d-1e1f-4b0d-afab-51df3952ad1b,2021,317,F
69c3383e-314c-4791-8a51-736ca8a688bc,2021,317,F
8dd7508c-60af-4cdb-99a1-1b80f078ae85,2021,62484,F
f2886fb2-d198-4c7c-8354-97539562b108,2021,47069,F
29bc442a-1d99-4c86-8004-e1b33be71a1b,2021,1101244,F
5e5549f1-8bff-48db-a857-46be73ea9176,2021,5000135,F
0151f2d9-abb2-4356-95ac-882a77ec1813,2021,1101244,F
aae12018-fcca-41b8-8b78-e0b60e75e95d,2021,94762,F
4e9b149b-2629-43ba-b4dc-d216a7e5be22,2021,5000143,F
460a415b-eba9-46a4-a66e-96aea76b8ef9,2021,1136142,F
081d6251-530c-4eda-86ce-2203f1f7a41f,2021,53342,F
1dbe89dc-dad6-4d30-ae2d-7921c140bb08,2021,1139692,F
51c0b3f6-0c93-44aa-ae2a-19f927d2722c,2021,1306689,F
0bbe532a-9131-4e19-b3a1-68080976c207,2021,53331,F
65f654ca-d7bc-434c-b80e-16de0f0e6dd3,2021,48675,F
3e18f96e-0288-4009-98a1-fa6209e783b0,2021,1267543,F
9a7850a6-114c-465e-a88b-839cd2410c3b,2021,118420,F
e98b1c6c-aaab-4754-907f-4f6a79a004ee,2021,13446,F
7975b978-e818-4f08-80bd-017e29721c61,2021,90030,F
95ad20c3-1587-4e3e-8aca-5e4c7f0ea558,2021,13595,F
2a2ce993-c243-43e1-a778-0d1db4f23e0b,2021,59122,F
6b3397f6-1141-4999-bf3a-4f334644913a,2021,99820,F
838c8df7-fc97-4092-b31a-3969614bdd97,2021,13277,F
d28c9cef-34fb-42a3-b8b5-00f22bc12aaf,2021,513,F
6cae0046-a5ed-44b6-b36e-c1d7f80732d1,2021,2209,F
c0899026-de93-4c81-9f91-974026624a85,2021,97443,F
5ed856c0-d63e-4ffb-ae1b-6e0cbdd43aa6,2021,5000135,F
48dcb2bf-c30a-4034-9465-1b4cc1dfa8eb,2021,5000143,F
c259d7b2-83f7-4199-9cff-ff7ef574e965,2021,13446,F
39110c5c-98ca-4202-ab7c-f34b384b1256,2021,116770,F
d203451d-6374-41d5-8912-aa06b461dd52,2021,1102628,F
f4195392-0467-44a3-93f5-814cc6f58338,2021,116770,F
442a939b-57d2-4fc9-8779-b56f7d7bda65,2021,5000135,F
cf8ed742-58e5-465b-b610-c3e1010b473a,2021,1330347,F
93da228a-1522-4495-8f65-6add365cc5ef,2021,118468,F
f14aa697-03e0-49e1-a32e-b2ce79fead93,2021,98595,F
eff96d28-f83f-4ec3-80e6-27490d09bdb3,2021,67601,F
28f9dd7f-55a2-4f49-8d9e-871784d8a0af,2021,95017,F
cc24896c-ae80-47ef-bbe5-a859d9be6f3d,2021,95175,F
3df6ffe0-3a45-4b64-87a7-922fb411d652,2021,5000143,F
6237fa15-77e4-453e-9dce-f3fc34dd9047,2021,54934,F
d7a10188-4ea4-4982-ad3f-917ed9142051,2021,19047,F
fe930904-3747-4a63-b488-92080ece469a,2021,1136142,F
2e321a19-b8c4-4267-817f-3254dbb76c2f,2021,94762,F
a7bf49a1-1573-40d1-94d2-6390911db0d7,2021,113687,F
dd96dfe6-d08c-4c4c-9c01-430706daaced,2021,13595,F
9b8fbbe9-a022-42fc-8edb-8c51f0685e7b,2021,1181327,F
8f5abeb3-84a7-49ab-aaa7-b55b3b01b13b,2021,9414,F
3cdbeeb5-7a3a-4a5f-b397-f309aad55c95,2021,113455,F
096100d7-fdc3-4f1d-bc27-b0e40b8f1b65,2021,106996,F
67317de2-f9c9-499e-aab4-16b72ba72a58,2021,13216,F
c96d2152-eb67-4f38-ba6b-03259c55f6f0,2021,13401,F
d7dea922-13d2-4ebf-b7c6-7ecc1b01c268,2021,1101244,F
c04b2665-fd03-46e5-9e57-e46b202ccccd,2021,51020,F
7e4ec39a-954c-47d2-b378-1c3b9707e5aa,2021,47069,F
86d9cb1a-f08b-48f5-b2c3-e2857cb9083d,2021,5000135,F
b77af6d6-55ab-4cab-845f-189c7f0b7209,2021,64664,F
9eed5d3e-cd49-47be-b246-1a8c14219b34,2021,57612,F
05fba254-27f8-40b0-8cb5-5a76a74f32cc,2021,5000135,F
7c586d10-7bef-40ba-8d14-f558536f0abd,2021,118420,F
e0f8a07a-0902-49d0-8a20-a4bc7cf1105a,2021,108660,F
a9674df8-06a5-4c38-8c13-3d6603a9c7be,2021,18903,F
e4471660-fca1-4f12-ab4c-e5172eef6fdd,2021,1132918,F
f4e9c732-c53c-4d38-93e7-3840380220c0,2021,20030,F
174b7e95-7c7c-4db0-9fae-2e92241300f9,2021,1108692,F
8bc5ded7-a6cf-4717-b0a2-81b41d612f74,2021,317,F
84924bb8-3508-4966-a2fe-a59a646c17c2,2021,1101244,F
78d057d3-5dc0-40ae-b5b4-e675bf8b3e47,2021,1181115,F
eeb80c5c-d8e6-4bf7-8ebb-8dfb20fc5d6f,2021,68930,F
341d7b1a-af75-4d2e-be9e-bad76c51cc12,2021,5000135,F
6a5a8808-2474-4e05-b63a-db30ffb5b4d3,2021,1136142,F
73819e12-dd4b-4cba-b9bc-21e14fd1427a,2021,1288002,F
612bc147-14d0-49df-8417-2ddfe1ccd8e2,2021,1190071,F
6667e373-aeb1-4717-b785-9370e3ed8753,2021,57612,F
2b559347-327c-47a5-b3f7-18cda1d78e1a,2021,22047,F
78c25133-4b59-48f7-a807-f5bbad6b4068,2021,64664,F
425dac40-8436-4d3d-9b03-8e66bcd417c8,2021,317,F
96c0804f-1053-4c19-8aba-5f4499073325,2021,73140,F
0ea14fa7-fbe2-4e62-889a-a4c70a14f491,2021,13595,F
f6948314-8902-45de-8fca-5c16a766f47b,2021,2209,F
60a4c1cf-b4a0-4f93-803d-f2259b83c9b2,2021,118420,F
33c9e96d-711e-407f-8611-d56549705283,2021,98305,F
b1811a2a-8ed7-45c1-8d7c-ef23499cd2ba,2021,1288839,F
db706473-ce29-4fcf-b28a-a256252703f4,2021,1102628,F
ee5b097d-1ed6-488b-b6da-719b663deba8,2021,117022,F
d9d400c0-d3e9-4cf9-8f2c-34e2f170fc90,2021,1330347,F
bb0154fa-0dec-46d5-8920-18da61809d7e,2021,1102628,F
fde9a63f-d21e-40b8-9bf6-85a00b5e1f31,2021,11554,F
9a319e92-a2c0-4e7f-b172-dbba4ef2c98c,2021,5000135,F
fa2ac5fc-d486-4d71-8eaa-ea2f916da74e,2021,1108692,F
2b04de39-cf26-4e6a-b064-ab8bc40eaa40,2021,1136142,F
6c8d7c7f-7eae-4f13-8264-9bd3d2a33769,2021,95017,F
c050ba02-afc6-4a43-98c4-8d653606237e,2021,59122,F
44436df7-7392-4a43-8289-ecccbced75f0,2021,95017,F
17538f37-6612-4b04-ba62-d2ac11c756fc,2021,1136142,F
8aa29c35-5dea-454c-81c1-f1603e276e33,2021,54934,F
03ae1c3b-2d74-41a6-8318-64dbfaee2386,2021,1132918,F
ce5c0a55-9f94-4cfc-b779-28dc66d4f0b5,2021,1269545,F
032d1a44-c10f-42ef-9716-304f9d5e4eb7,2021,113813,F
41fbef36-a0f2-4ca9-8d27-35de42f1df0f,2021,64664,F
61fd0902-f35f-402b-86f5-db77fce8daa9,2021,1288839,F
6a57def6-359e-4f85-97b1-ad79ff48f68c,2021,1283028,F
81e1fddc-7c8f-4951-bf62-d8cd56543492,2021,1132918,F
222ce66a-a97f-470d-a267-417a676de93c,2021,18671,F
51b51a24-e26e-4f5f-9d7e-90839b2fe6cb,2021,116770,F
76124403-5fd3-464c-9255-af286a894f72,2021,13595,F
100508de-ee09-42f0-a5bb-65d08d458adf,2021,1102628,F
716b9802-556c-43aa-bed0-08eb7ce44947,2021,55777,F
d89fd2a8-daec-4bd3-a1db-a4af5808d561,2021,1101244,F
e56b22e0-e299-4aad-9240-ef16c570e0c2,2021,1136142,F
e37c3774-0859-4927-9630-6f9ecc34431e,2021,59122,F
501e741c-ca98-4fd0-96e9-00dee16062ae,2021,55777,F
64f790de-1abf-49ed-99c2-abfb6bc3d64b,2021,1118057,F
3d5d8902-4770-48a5-a58d-27ad23a687d8,2021,1102628,F
0d6be5d1-c2a6-49ce-ba2a-7c176ad416b3,2021,11452,F
169ced08-dc3b-45a5-bd65-f537a55a9495,2021,64664,F
e890e155-a255-40af-9154-6278791630d0,2021,1132918,F
48ee4402-492d-4708-90c5-2b96c65dcba5,2021,1132918,F
84b95640-6a93-46e1-8528-ae0ed1cee536,2021,1190071,F
366afb5e-67c2-48e4-b74f-02985ede8aa3,2021,62484,F
06c8d728-33b0-42c8-bc67-2d1d41a84fb5,2021,13595,F
15b6f5db-de70-4a69-a2ae-4eeaf48756ef,2021,67601,F
dbcaf78f-2b0c-436c-a387-bfad8cb40c1c,2021,1300429,F
c6c2f10a-be51-42b0-8e99-045a0e261404,2021,13595,F
7eac7fd1-70a5-4691-aca4-e02d879d069a,2021,113813,F
467712ba-b177-4f90-b8ff-486c1be7d767,2021,1422296,F
f7e5139b-62dd-4621-b853-a854d79873c5,2021,13595,F
1caf2cfe-60c4-4dee-a496-068f297fe02f,2021,13446,F
98895990-93ba-43ce-a832-8025b24af7e8,2021,513,F
aa0b0396-f6a6-431a-9fb2-17d432474f56,2021,62484,F
9431c9aa-b869-4e93-93c1-72890534e166,2021,13595,F
534f7a51-7ba9-418a-8541-2312ed1bd815,2021,62484,F
929cd944-f2d3-45da-88e7-cd1151579dd9,2021,13595,F
161833fb-7002-4357-8544-ca9c79ab329c,2021,13446,F
cd98c78e-abe1-4ad6-a0bc-99bf0ddd508b,2021,62484,F
1d38be9b-eb10-46c6-804e-4da539c15e75,2021,1136142,F
2349db29-d042-4fe3-92c8-741df9bcc908,2021,53331,F
aaed29a1-2a08-44c7-b84a-de51d104e508,2021,13595,F
715dd000-ea61-4e64-a727-8c98681e751d,2021,1113582,F
aa65c02c-4e11-455a-9183-206f2af805df,2021,1113582,F
4c88d6f9-1a3e-4c09-be24-125ac184c092,2021,18559,F
49b1a85a-20a8-46e0-8b36-76d5184cfa5e,2021,1113582,F
d1663391-6dc0-43fd-af40-f23e1e3368bd,2021,513,F
1fb00eef-5cca-4ae2-a2b9-67272ea0734b,2021,513,F
56acabb1-ae5b-406a-8714-c5276d876e4a,2021,1113582,F
3724149c-0226-47b7-a489-1ce66db46596,2021,1113582,F
87016529-2082-408a-aa1e-cfa28d1bdf39,2021,99820,F
7020176d-0ce1-453e-8c4f-96418dfe82cc,2021,99820,F
e1629e82-3828-401c-864a-acd64056e29b,2021,5000143,F
8c5f05e6-f418-43e5-a6c5-ac01661853d9,2021,5000143,F
58e4f989-06e9-4684-8fac-1d42224c6b66,2021,86318,F
afc981cf-ff40-49a2-b214-dc891c3cd4eb,2021,67601,F
f96ec301-02c2-4382-8172-a5ee9e88849f,2021,67601,F
0fc549e6-2330-4c31-8cf7-f6d5a97116c0,2021,73898,F
b61edb9a-3c5c-4760-8a3f-8c2956b81089,2021,21464,F
d2b578c7-e37a-4219-8817-bc5770fe5ac8,2021,21464,F
46d51fa9-8fa2-4d06-aa6d-e1af87cb9737,2021,1351760,F
e943ffa1-a464-49c9-81cc-8b0aba7dfb68,2021,1190071,F
3ff5d82d-4ef1-42b6-abc5-c6e9c3ba7737,2021,13595,F
b6af0492-f729-409c-91f8-7a518c7f0c3d,2021,1265453,F
da358752-a95c-4234-891f-5a7d9e26b06e,2021,1148708,F
6064b667-6be5-4f36-a6c4-94d5d36dc100,2021,9440,F
3264f387-0dbc-4d83-866c-2ab512fa1b2b,2021,49054,F
8b8e74bd-6e70-46e2-9e96-403dd3560e0f,2021,1180773,F
19ef1d06-208e-4640-9310-ded809104d1d,2021,1136142,F
e55b7f01-79b9-4bcf-81be-6497e058bbf1,2021,73898,F
85ec56e3-84f5-4fa9-9f7d-ed1d0d337c4b,2021,1110857,F
f2073052-4965-4c96-a6de-f1a1bfedb990,2021,1102628,F
8f3a3059-05d9-48db-ae51-d8f0e5d916c5,2021,1032473,F
09fc545b-0a3e-4b15-8362-4733f4cf6eed,2021,118420,F
66606a0f-34b0-44a4-9aa6-5fdca8426bef,2021,13401,F
548d4e14-75c0-4370-b8f5-53bf018ed468,2021,113455,F
48195205-162c-4740-86ac-c940c76ab431,2021,113455,F
20e836c3-56e9-435a-afd3-44f96e650155,2021,113455,F
1e483661-96d9-4bc8-8a5b-2931c9e1638b,2021,113455,F
c4d13c38-908e-48b8-b69d-2e39a55e298e,2021,1110857,F
1427a2c5-915e-4ba0-bf46-9cc77ca592e4,2021,1110857,F
7ad9e5c1-53e7-4359-8e3e-3d2df76947f6,2021,1110857,F
4c32edbd-b140-4754-8b3c-2eb816f46011,2021,1110857,F
392c67d8-059d-40b6-acd1-7456b071e4db,2021,1181327,F
cb644fa5-f902-420e-8d25-cabf791982df,2021,107360,F
9051df28-e8a9-42ba-b908-bca8ae2742ae,2021,53342,F
a485f6f9-2135-4965-827c-9d0c8e4a037a,2021,1070485,F
9a8b4c2b-29d1-4af6-a33e-d408420a6805,2021,20009,F
505e6c82-a7e6-47f1-9bdc-9a4d1fdf3d1a,2021,1306689,F
8c264256-0125-4013-8faf-51f28560004f,2021,1047907,F
156b3495-70b5-4b3f-aeed-a49a1dd96a74,2021,1047907,F
bcca1853-669b-47e1-9962-f4e8a01a8055,2021,107422,F
b1712fc3-17b6-4b78-abe8-d816ba878819,2021,13277,F
5040805b-8e05-4b03-9b6b-1d2136ec299c,2021,1204325,F
a0f42030-9136-41e0-89af-27ad842ddbe0,2021,74737,F
134e2e16-f1dc-4fae-b996-8b9660af46ef,2021,87396,F
9839ef00-f8e3-47a6-bb40-db8ec29fcd29,2021,1042278,F
3ba885b3-c941-44a8-b925-9875e1030cf8,2021,113687,F
0e5d999e-9558-455a-89c3-ec2317084f8d,2021,48205,F
de21a08d-d49f-4627-92f9-383be89206f9,2021,1314243,F
5c34a1c0-2898-42c5-95cd-4fe113a02a61,2021,117532,F
70ec5a10-4315-4561-a1b7-db79e0af144e,2021,58808,F
c6ad0444-1bb7-47be-81fc-0036dfe2563b,2021,20009,F
01e87d71-c980-49b0-8e5c-12a1aaf07cf4,2021,58808,F
223f79a7-c1b2-4c4d-b9a1-3f9dbdeef822,2021,98595,F
dcd46eb9-232a-435c-921e-b81320a1c18b,2021,1101244,F
50912281-cdd5-43dd-9254-a3e809b39853,2021,12025,F
2adfda08-1432-4eb2-879e-405b57ba16db,2021,12025,F
e3c9465c-7e7c-47c6-95d1-07cd55efd0cf,2021,1190071,F
2a9eb471-2b9d-4442-985a-3f42ac8c0e4a,2021,1101244,F
5483c2ac-cad9-4553-afc0-25af262b038d,2021,1270680,F
2b460ac7-e7b0-49af-907e-09248ba12a40,2021,1270680,F
f9b6af0e-7dbf-4f3b-ad5f-9f8ab07691e3,2021,12025,F
bde70656-70aa-48d8-98e4-1c6da2c2099f,2021,64664,F
4be09757-c935-411c-8b2e-ed94ba09c9b1,2021,64664,F
9bbfe698-92d0-4193-877c-42dc9f8356e9,2021,64664,F
e7d512b1-b734-43ea-b616-abf5ae2a9cfa,2021,64664,F
e682e402-576a-4967-92d7-4bee4b1a63b9,2021,60886,F
d4e61920-fa4d-4f79-87ee-ff37ecfb2b93,2021,60886,F
e4e60a85-43eb-400d-a3e0-23c1a949ac08,2021,60886,F
e1daa355-bbe6-44d9-b4c7-0f743bd7f0a5,2021,60886,F
610bf7b1-19f1-49e3-8562-eac3ab39f81a,2021,60886,F
933fe279-40f3-4a07-b6a6-2689b7ac663e,2021,60886,F
00b22329-728c-4c5d-adbc-80e6cca46525,2021,116770,F
dae25dca-d5eb-4c12-bdca-6fcea2aaa8bc,2021,60886,F
672d7289-3cb0-4731-9f00-5212e3b6ead3,2021,116770,F
b5b45540-48b4-4f8d-88d4-72a3d1e75278,2021,116770,F
6e70e304-ecff-4c38-883c-b1826b395f78,2021,116770,F
5489e167-ea75-4767-9a73-e00d55e8c4ca,2021,60886,F
dd4c5b29-4ec9-4592-a15c-e10a17db1be6,2021,1139692,F
cca755e5-6cff-467a-a73c-b009450dac2c,2021,106167,F
00a4f1da-408e-4fc0-b9fe-f780d488f251,2021,106167,F
202deab0-76b5-457f-98e2-37e7ffbeae74,2021,1166783,F
1846edba-2d5f-43a3-b219-f33bda01729e,2021,10515,F
0944d423-db38-49e4-bd17-7f935c00bcb0,2021,10515,F
117ea14a-e73b-42e2-867d-bb571191172f,2021,1330347,F
ce53b6b7-0bb2-46df-886e-d3cba464b77a,2021,1330347,F
dec513de-4286-45f5-92dc-1462c0fb3705,2021,1330347,F
056199a5-c729-42ba-b134-99ef124a9517,2021,46377,F
33af6626-2f1b-4aa6-898c-882efac8db6b,2021,12313,F
d81697c4-3991-40c4-b244-5ab0ee591d50,2021,113813,F
0cf7f366-912d-4e84-a6a9-ec9760697425,2021,106996,F
d8c7ac30-aed0-4cab-8f01-311d47f5d036,2021,1533190,F
a29d9ffd-bba3-4b9a-a0a9-99c66f79b883,2021,1318224,F
f4b084c7-611e-47c6-8787-fb1b1a95c276,2021,1047907,F
d672bd2d-4321-4a2d-b7c7-297428bf195d,2021,5000135,F
8ce8e179-200d-4f7d-aa94-766befe99753,2021,2209,F
594a4f18-c9cb-4fb9-85d6-62370d78d243,2021,2209,F
6f7728f6-6585-489f-8d76-cf7168f7f1f6,2021,2209,F
c3aaa462-c050-4c50-b457-12030dd04d90,2021,2209,F
2804b3e4-1908-4a5c-ac0b-b065fd4bdf3d,2021,47051,F
c74a154c-4984-4125-88d7-a57b086bcefc,2021,1161716,F
04e8794a-8a7c-409a-9eb5-7ac839008fc2,2021,9425,F
98a2dd68-c319-47b5-a66f-e000998b0c77,2021,49054,F
eecc922f-2927-4fbd-88d9-10813f37668e,2021,108660,F
a733180c-dad1-4183-bf6b-37c1fb044acb,2021,108660,F
7da2b6e5-2c42-481c-b8e0-28a0f9ffb3c8,2021,108660,F
0c76d785-a664-401b-a714-bb87e604b4bd,2021,108660,F
2a81da17-697b-4991-9a3a-c75bb3fe0730,2021,108660,F
d3c529a7-e3aa-40d3-a2c8-4ff459f84b7e,2021,9425,F
3dedb8e1-74b9-42e1-88df-644a41088a02,2021,98764,
3c8f77af-dfa2-443f-bead-af03f226403d,2021,98957,
d768ee0b-bfb7-41e7-8e2a-ceaa0c67b252,2021,98957,
5dda3a67-2ed2-4078-b768-2169e3801d70,2021,49054,
9d11d9c4-b199-47fe-8bf1-63d86db65800,2021,1283028,
a46cace8-fcdb-49b9-b446-065b87733375,2021,9414,
38250e87-ac88-4f00-9a47-113f455d9b5b,2021,5000135,
bc49cd30-dd96-4e5d-9785-611208d3c182,2021,1102628,
687094ed-789e-4e9c-bc1c-a947b90de11c,2021,9414,
f75fcbe2-9f16-4f47-accb-c2302dc84810,2021,108660,
c3ffabef-42b6-4259-860c-436e53506a0b,2021,1190071,
3105f38f-aa6f-4163-8828-db4404e427d3,2021,1190071,
9ac84015-3599-4941-80fb-38e6c69a74a3,2021,5000135,
c6756082-6f02-4cbd-8438-aa385baa29bc,2021,113455,
ad05a5d7-3c8c-432f-bc83-5623f234d790,2021,67601,
373930ce-7291-4e79-a334-76fb54a60d4f,2021,18584,
153ffce5-e332-4d13-86ea-3efc8f5b68cc,2021,18584,
5a826374-483b-4bdd-ba94-6f3f7db20b90,2021,18584,
4d00da53-ad67-42f6-95f8-940529fecf4b,2021,18584,
15568460-05b1-4fda-a762-c778462d3059,2021,18584,
c71906aa-3be0-49ad-99be-3198e90c97c6,2021,18584,
2ebcbb56-7747-41c5-966e-0b1c0da4a7d8,2021,18584,
0ee43465-2872-4549-ab71-7dcb2c26ad10,2021,18584,
de8a121a-f91a-4f27-a50a-e7ee0aeb781b,2021,18584,
0cfec332-0637-4a23-a52b-4456bf4fbcc4,2021,18584,
c6e116e0-8039-42eb-8bd5-ee6960d40cca,2021,18584,
5ffc4812-249f-4804-96e4-6d21a6152a38,2021,18584,
f8b6665c-dcea-4c43-997b-2fad993f34d6,2021,18584,
5ff94fcf-e644-48f7-9b4e-ef664c5f7a4d,2021,18584,
bfd062a6-0822-4588-972e-4d642e892631,2021,18584,
deb2cf30-ea3c-4dab-be67-24347a5e7ee9,2021,18584,
89cf60c7-fd79-4df4-9614-854cecf549d7,2021,18584,
116cf9e2-425c-440f-b26f-e56631c5b47c,2021,102590,
9387778f-909b-4d23-b642-b31d68ed7a37,2021,18558,
581e1757-d08e-4ec8-b8e0-6589470746de,2021,102590,
f23aac7c-c7c8-402a-b372-286991207056,2021,102590,
9041c7eb-3f65-4233-a17b-2f1236c69ae0,2021,102590,
8e48f370-92a8-43cd-846b-f9188096f48f,2021,102590,
3573f351-9e4c-4c13-bfd5-5560939cc441,2021,102590,
5719980d-8bd5-4fd8-af7c-aa4d31e7f0e0,2021,102590,
185a8967-fcba-4a57-83d1-90361e3dde6d,2021,102590,
534ab394-fa0f-474d-98c7-a676f1e7d03d,2021,102590,
f11ec195-937b-41c3-be7f-aaf40bb1532b,2021,102590,
bb8156ce-ef6e-4a0c-a678-fee3b646a9e3,2021,102590,
0d440155-6706-4ed6-ad55-be98a4733a35,2021,102590,
960bd115-5857-45f6-85eb-5589d1f34b7e,2021,102590,
4e286cfb-cf44-48ca-bdd0-3a6f2d9c6f64,2021,102590,
702ea96e-344e-4d7b-b71b-9f10d3d72328,2021,102590,
10b1b8fc-053e-48f9-881e-5a6a58d84e82,2021,102590,
a7568f9b-95b3-447d-b50e-335908cb704d,2021,1113582,
6fa80247-b4d6-4ea3-bd6c-36d3b82aba1f,2021,1113582,
50522af4-f0a5-41a3-8e30-e610cfe67711,2021,1113582,
dab408ca-08fc-47be-8fc7-49e1fea8235d,2021,102590,
651e40e9-f37d-4eee-b630-b1f4cb14d4bd,2021,18558,
53295548-0d7d-4075-92b5-18f3236c018b,2021,1113582,
e9e7fcb0-ed73-41d9-a20a-a6ac2ffd714b,2021,1113582,
1279b414-c76f-4b73-bd9f-b426221125a0,2021,1113582,
2ebef519-b010-42a4-98f4-78338da64302,2021,1113582,
31285b93-a3f4-4985-940d-ddeb60549bbd,2021,1113582,
44abf5b8-9c71-424d-8ed6-0ea2c0a2c059,2021,104360,
1cb3e542-0703-486d-94c1-aa9bc33acc55,2021,104360,
e9e72820-4e28-4726-8cd2-a575bb78f480,2021,104360,
6c40c9b6-b31b-4bc6-a423-8bc069034980,2021,104360,
27e5c8b2-e95b-4622-ad2e-10a0bf3af45e,2021,73140,
640a4c70-c0e6-46b9-a542-6ae60c5168e5,2021,73140,
a8673f55-1e13-4048-a858-b536fc01af37,2021,73140,
98c3e46e-ed71-4959-af8e-49cb1d5d2082,2021,73140,
f4d4f67a-d79e-4635-85ca-742865219f37,2021,73140,
8ef284e9-ae93-42fb-87e2-eaf882bad854,2021,73140,
8b50cca5-1256-4973-ba3f-389631a87531,2021,73140,
bf2ee44f-bfbe-43c1-971c-35c380ade20f,2021,1113582,
11b2aa5f-771b-4515-ad5d-cebf493ddd63,2021,1113582,
454028b0-5345-44a7-af13-4b96591278ca,2021,1113582,
f225b9de-b635-4bf2-823f-645294fc88b6,2021,20933,
8f8dea5b-2fa9-4cc9-9bf8-f84d08867120,2021,20933,
7df7d634-4962-4d29-a4d6-46d7580582e7,2021,20933,
919c7ecd-ab37-40ca-acb4-f6e38e436274,2021,104360,
2a06425c-fcef-4fc7-b4c6-afb361ae6622,2021,99820,
23d3b3f7-6e16-408e-91bb-ab2a00554a61,2021,97778,
725d6a46-ec85-486d-9b61-de97e95232d0,2021,55402,
83bddadd-e48b-4b55-8b1a-63f3cdcb0970,2021,55402,
50d88401-0cb9-409c-bd4b-1b7124773788,2021,101942,
62b2eac0-58e4-4e04-963a-12ef5d083a66,2021,101942,
7b96a86a-f0a6-4711-9421-eddb459b0d18,2021,101942,
2f6936a4-13a2-4086-a008-6a72128a50b7,2021,101942,
2607324c-11ab-446f-9e1e-cff7ea95d48e,2021,101942,
b5b7475e-50aa-48cf-8d7e-ba51afdf1e0e,2021,101942,
30379b19-5fd1-4f36-9709-e49530985046,2021,112086,
763b8070-cbe4-4570-8f0b-37de3e61b5d5,2021,13216,
1bec447c-56b1-4c3a-b2ae-604cfedcb7fb,2021,13216,
342cdf49-885a-47f5-b685-0795360ac9af,2021,1267543,
94021fab-7498-4a61-bdde-20a6f3fceafd,2021,1267543,
93f9dd04-38b4-47a7-b228-372d48b7427b,2021,1267543,
acc6b8e8-bce8-4bb2-a3ba-c388acc3e51b,2021,73140,
457d295f-ab0c-463e-815c-f600b1f2d436,2021,73140,
39ef68ef-e837-49bb-95f0-1d851fd6953a,2021,73140,
a629c72f-4d8f-43df-83f0-69f9ae1c69f7,2021,47069,
d3649742-ddd6-452a-aa1f-b2873ae2f40a,2021,47069,
e43f5b98-66df-481c-9937-7025942e46d3,2021,47069,
2b7ee9ed-3bf9-487b-ae14-5517600f7a79,2021,47069,
d51c5241-04f8-45bf-a77f-991ac6fe86c8,2021,86318,
e95cb59f-5a03-49d7-bd4d-42a2f0bbc3e6,2021,86318,
98b29406-f12d-42fb-baf9-6a7ca4580435,2021,86318,
f14d3500-3de1-43ef-a13d-bd868b022c02,2021,11554,
93036be6-e432-4768-85c5-10c53ee34e9b,2021,1187671,
1ac4de2f-9c1a-4268-96db-9e0625e88a11,2021,98305,
991a57d4-631d-440c-9d87-708e7b2c80cb,2021,1187671,
1756a027-dc7c-4ebe-a7a3-14ad6294e1a6,2021,86326,
c3b7cbdb-4eb3-4339-bc2c-2fee01017b8a,2021,1187671,
0790e780-4e3a-4412-a09d-36528fb37667,2021,1187671,
3c5918bb-a5a8-46b7-8930-6b79015e1074,2021,1103723,
049e42a5-0e22-492e-80dc-540a8c7000ce,2021,86326,
5102447d-baff-462b-9116-5c71af55dac3,2021,1187671,
f32055a8-80a6-450d-87a3-2dce5d273795,2021,1187671,
a7cbb7ed-e542-4771-be58-50e1f268dc07,2021,86326,
3f3f0741-c2e7-4bdb-b55a-814afc1a38e8,2021,86326,
c2c1b47a-e7c0-4063-a28d-efaa923d18af,2021,1187671,
30a30b7e-92e7-40ef-9e17-5c9ed230306c,2021,86326,
d5d6177c-ac78-459d-9e5b-8b9f333b2b3c,2021,86326,
3ad8407e-2548-4a71-bd76-39ebdf2195c3,2021,86326,
715229ae-7991-46e6-aff8-d7fcfa3e1371,2021,1187671,
68290b66-fe8f-44a1-8fef-6a109930a5d4,2021,86326,
973fbda6-125f-4b74-913e-a4dd843a6385,2021,86326,
61c664c7-37d1-46ef-a12f-b59aa5f51698,2021,86326,
85a6f092-7713-453c-a9ec-221031a20865,2021,13401,
9b27ad24-ba8b-4eea-8a0a-8d312f73439d,2021,67601,
35fcf3fe-2c65-4802-9b3a-d5df13eb723f,2021,67601,
261276a8-e2c7-4d05-9c58-08fc21a3de73,2021,67601,
a6b18bf0-8b48-4ef6-a882-43b73d213ed3,2021,67601,
f1edf913-a008-41d0-b41a-b81d7e0a0116,2021,67601,
7cc3c658-73be-4947-ad1d-4aa61138de23,2021,50082,
e89b518e-8319-48b1-a812-e519a53eb1b3,2021,50082,
f9f8950c-616d-40ff-8d91-ca39fec820bf,2021,21464,
d232de42-4cb1-4222-ad77-153b8c20ec2d,2021,21464,
7e4d1948-5c50-4938-a914-47ef03ca0dbb,2021,21464,
b564ced7-d2de-4994-9a90-692f64d8adfe,2021,21464,
5522a5e5-d4df-4ec6-ab8d-0e11170dcc95,2021,21464,
f623fe85-45cb-4d00-882c-6f8c0690a512,2021,21464,
3c1b4629-6789-45d8-8294-35829f7631b4,2021,21464,
87ec9f22-f957-4844-954f-d88cef116607,2021,21464,
2cf524c0-00c0-4455-b48e-2496e6d4ec9a,2021,21464,
c99a0f4c-dfd2-4b4f-9bc6-9c9cef830b90,2021,21464,
9a78cb0a-2185-430a-bb07-1ca48a6ea813,2021,21464,
f09aa2c5-9c7c-4e04-94cc-3cf12a098d67,2021,21464,
3ab98971-e088-462b-a665-c81c54a4bda8,2021,21464,
fee998d8-24ad-4f75-8def-e8f0e1f31476,2021,21464,
243cb77c-37c0-4851-96fa-0a023a081247,2021,21464,
1bccf2d2-509e-4a69-bba6-03d4c2f4e4f1,2021,21464,
868601b7-b7f2-404b-b91e-132a10f9d589,2021,318882,
7722cd3c-010b-485f-9b76-bf8229dd3f78,2021,318882,
781191d6-323e-46a9-b64e-5a01b1b72d89,2021,318882,
0d0a8849-1f65-46c5-83e3-2f4a3b22c171,2021,318882,
13f7f49f-6d2c-4ae4-b30f-434962456c10,2021,318882,
bb17a95e-5da4-40ef-baff-4f13ae08aa5c,2021,318882,
ed907eb7-f530-44b7-8402-5dcbeabb2a5c,2021,43664,
e78a1e15-ef11-4059-94fa-d480cd5a8daf,2021,43664,
b5bd6324-8111-4397-965d-c3893676d12a,2021,47051,
76e01a3c-70b0-48ac-9dc1-d88541dddcc1,2021,1190071,
da7dc33f-fbba-42d5-a624-6fc582fada5d,2021,1190071,
3a742661-be77-43b3-9840-10777d0e7d14,2021,1190071,
d0866eca-f55c-41cd-9981-8762113febd6,2021,1190071,
41820159-c20f-4749-b737-f5426b810d67,2021,13595,
f7cfb95e-3a11-4d2e-b433-be1428f301a8,2021,13595,
ef9cf363-3a12-4416-98e0-76e4f0bb3de5,2021,13595,
3448b87b-c0bf-49db-a2b0-72f7fe658c51,2021,13595,
0c49a76d-7597-4510-83c2-84066559c102,2021,13595,
59bfadda-d6eb-42f6-b4c5-56b8759d2d64,2021,1267543,
29279654-b5bd-487e-a64f-7a12cb2571fd,2021,1267543,
8f527824-d36e-4348-9561-23ae0e60cb36,2021,37862,
b78298ba-534f-4219-b372-ef9c74979b5a,2021,37862,
faff05c3-ed04-4cab-9a58-bb1ab88fb2ed,2021,37862,
8358ae8d-d3a0-4e7d-b141-5b97e0e2c649,2021,118468,
4aafdcb0-2bca-4905-8656-bfb9fd628b5f,2021,118468,
22cb712f-3253-4630-83ca-447a4fa3c404,2021,1265453,
cfa0f2ee-7e28-4e5c-a605-4ce164ffa53f,2021,1265453,
f3992f7b-3f3e-40c9-bca5-f82d4626cce7,2021,1265453,
ef184c51-4791-4f76-b203-b8e2440ed6a7,2021,1265453,
fb64c61d-eccb-4333-9ce6-1bfeb583fa59,2021,1265453,
95e1a7f9-1cdd-4188-b766-45a2e499d7d3,2021,1265453,
df43bb58-1a46-4577-8411-62e6b6f1ca13,2021,1265453,
db164c0e-837d-4200-bbfa-f8aa2f10352b,2021,11730,
6b74d5b5-a8e6-4e51-975b-f787c50dede0,2021,11730,
2d6c85d0-97b3-4672-ba95-c0793c32f861,2021,11730,
b95b0ffe-37ca-42f4-a04a-fe62ad8c9094,2021,11730,
f8a355c1-8a1e-4272-b021-6b59d25cb6f6,2021,11730,
8ac712e3-a96d-4763-b6ae-b2da8426053e,2021,11730,
54f57d13-70c6-4f03-9733-bddd99d0719b,2021,11730,
ffcd5739-4377-4b18-82b1-5ef0231f9dbf,2021,11730,
4010329b-0f37-4a7b-a65e-3001b73ca0d7,2021,11730,
ac32bd52-42df-4932-964c-a7b5fdef9b61,2021,11730,
eb45ee83-1912-46e0-8cab-92fe2b49eea5,2021,11730,
afc40a8a-9799-481e-a85d-bb97110a32d5,2021,11730,
1d89e8eb-ee49-46de-9d8d-23742d0a33b0,2021,11730,
81f7da75-ebfd-4e5b-a589-58413f893430,2021,11730,
9a512b9c-0ff3-41db-b3f7-f8d33f42755b,2021,11730,
b0d71eab-0331-47a7-a5ab-2d996e9d7fce,2021,11730,
d5a69fe0-fe6b-4808-95ec-722bcd5fb641,2021,11730,
873e638a-3e33-4247-b1ad-74a3e1ff02d4,2021,11730,
b751bf54-9119-4c54-83f4-587aaa236fd7,2021,11730,
f028d1a6-56b3-4526-8fb7-25b40501c5c2,2021,107360,
e92d511b-3300-42a3-9177-4676da2b1fc3,2021,1148708,
dc4a532c-7512-48fc-bc63-8ebd975e31ac,2021,1148708,
c7c3e5c8-ace0-4cdf-8d35-363ddede25b2,2021,1148708,
47d1b082-8138-4e36-ad4b-321504387bf8,2021,1148708,
6d254594-c49c-4442-af06-57406c22139f,2021,1180773,
68054775-79cf-4d2b-b329-026080f32638,2021,9440,
d15f4438-b910-4d38-a21b-1e6ccd87a6af,2021,9440,
5556189a-3a52-41f4-ac0b-ea3e9778773e,2021,9440,
219bebcb-e692-4e91-8103-c89079930920,2021,9440,
f9e281a2-c8e1-4d4e-a89e-f4bdd86659fd,2021,22035,
c50bc4cd-a675-48d4-8445-fe089bead3b5,2021,1180773,
bd50ee29-6dbc-42a2-b1df-7e6213183860,2021,1180773,
ee437a60-5748-4d9d-bc83-c18715da1700,2021,1180773,
92e8ee9c-c95a-49f7-bb2d-18db063835ce,2021,106996,
48bf6e3c-23c1-46fe-b531-b1912e11aea3,2021,106996,
9221c941-d04b-495f-8af8-a77d9a0c086f,2021,106996,
2eab96ce-42fc-4db4-b558-4c9b85eb07fd,2021,101830,
e8778eb8-112d-4e33-938d-dc904dfe08b7,2021,83388,
69bd4542-2f84-4d53-9635-7d243a179974,2021,88084,
fc4f3ca1-2895-4abc-a28e-c3476fabdf01,2021,88084,
6cea267b-9d2e-4c2b-ada3-bfc1b7eb4c50,2021,1258654,
c36e3dbe-98be-44f4-8a5e-826f3f978a65,2021,1258654,
8fe5d248-89db-4611-bc82-e6c98cc31472,2021,1180773,
0b04f80f-4cd3-462e-b9d7-0e4af470a583,2021,1180773,
9990100f-b37b-4468-81b0-38ad96b6cee0,2021,1180773,
96ce6508-294c-4939-ac7a-850ef0aea820,2021,1180773,
200811b0-a15a-43a1-8dc7-11a84f46a631,2021,1180773,
0bab3188-e42c-4e6e-83ed-c2766d166588,2021,49054,
6595c634-8b45-4018-b6e7-c8a86e0fa843,2021,49054,
3516b26d-503e-4fc4-b23d-9f2dd58b88be,2021,1180773,
14b82e80-4697-4a07-8e5a-a0e14c80116d,2021,37862,
df239a2f-8756-4d10-a2a8-0da64de2cd2e,2021,1180773,
149d43ac-9d03-4087-96bf-1ad0b6f9e139,2021,1180773,
e51d90e5-3eb5-458b-975c-896c4c4ae06a,2021,37862,
117ba6ff-d914-4b55-99c8-0418e69a2556,2021,1180773,
d3cf09e7-9449-4040-a602-bbde3dacb890,2021,1180773,
d82ff673-2647-4398-ab00-9f6edbf24720,2021,1136142,
0a99e2e1-1cd8-472a-8106-50626334c8f0,2021,1136142,
3a9af0e0-8d0e-4eb2-b8b8-57a240ed5245,2021,1136142,
585ee67f-c7af-493f-a9a9-89815fc669f9,2021,1136142,
db60d15c-c939-42ad-a17c-08d756d8c114,2021,1136142,
fee3024e-57f3-423a-b4a3-b39ffb87992b,2021,1136142,
3e87631c-1dce-4204-8dfc-1561f2a051d2,2021,1136142,
54b62504-6fff-4fb6-97df-847ca4932f52,2021,1136142,
e07939c6-7a4d-47ec-bd5a-2d14a383bb59,2021,1136142,
818ec1a2-b1ef-4a73-a3b2-e60287501e85,2021,1267543,
bd7a071f-f0fd-45e7-8b0b-535ee8b32c40,2021,1102628,
99656887-db09-4fa9-9ef0-49d0343414f0,2021,90030,
efaafdfc-913c-4c7c-ad39-ade1e6dba168,2021,90030,
1a304c05-de64-4c64-9641-b49344e7ef77,2021,90030,
d1755692-b651-4748-9e67-0b4790b71ae8,2021,1102628,
4e719331-7b61-4c86-a58b-c83645403172,2021,118420,
3faf1b15-e270-4d13-b827-4c283a7516f4,2021,1102628,
8c8022b2-1644-43b2-aac8-4f5ae52cba85,2021,118420,
102f3028-36d7-4187-9541-1e82dae3c0c1,2021,1102628,
51d2891f-10d2-408f-b4ce-f49ac51a98fa,2021,1102628,
7f652fda-ab4a-4028-bcae-021cb8dc00b2,2021,1102628,
4257ff4e-8127-47c6-a90a-54d82a968a71,2021,118420,
5a3b23dd-fdbb-4c13-84f7-6f085f24c955,2021,118420,
96a8188f-4c2e-4fa4-9fdf-8e80a30bbdab,2021,118420,
53294cc0-d695-4326-ac98-58db14b28e97,2021,1288839,
cd8cabe7-eb29-4e4d-ad8e-806eed0285d4,2021,1288839,
b749f732-c6ad-463c-af29-a7d017d422a1,2021,1032473,
0328a7e8-300c-4abb-89ee-89fb430a4688,2021,37862,
7c95598f-4702-42b9-9f5b-7f855dfb2a2c,2021,37862,
79755f64-d0f3-4b6a-a1f8-21fd6bfdfae0,2021,118420,
e6bcac6b-cd5b-499c-8716-7e97429a6348,2021,37862,
1b800eac-9869-4bfc-81d3-ffbc3bc7379b,2021,37862,
b4259cb9-863f-43c6-be8b-1b65d944bd01,2021,37862,
201ca70e-bb3e-4ca4-9a07-2c361ff7cb41,2021,118420,
0e21d4c2-bd63-4796-9094-9f823a823d00,2021,37862,
4391bf09-936e-4f53-a22a-ab761e981277,2021,37862,
920c1ada-5046-4c8d-9689-1b1513cbe305,2021,37862,
664dba1e-d67c-41bb-b1a6-045cd0b67596,2021,113455,
25b9bdca-c492-4d44-a72d-94c6de76f480,2021,113455,
d3ee64e3-7cb1-4c88-84c9-2790c7c32a6d,2021,113455,
35f251c5-5d39-4267-8951-4771438ba210,2021,113455,
8c089874-5d94-4fb6-9b83-b9d6f9b50a41,2021,113455,
f2d6c878-81ea-4668-8411-09f6912a91b0,2021,113455,
b8d9dc3b-301e-42aa-8814-5e5b7f41bb74,2021,113455,
38430de6-b2f8-4161-be21-7ffd34877025,2021,113455,
bcf720c3-06a8-4077-b19d-03d20d851d26,2021,113455,
a74d2543-fa6a-4b65-bc8e-0f5a4477ab04,2021,113455,
e4fcc6f4-5d6d-4e66-849e-0f6d6794c549,2021,113455,
45160fe0-e12d-463f-8403-a880c446062f,2021,113455,
0f375375-6279-414d-ac98-46aab4c19095,2021,113455,
580b1402-a7ee-40d3-98a3-a6cb3dadd2c1,2021,113455,
b9640d60-b75d-4ab5-9ad0-3840cf9c9bfa,2021,113455,
62ea1fdb-5967-4ea6-93e1-404195652f14,2021,113455,
18cfa895-f0e9-44a3-837f-73c1de77c72c,2021,113455,
61f0664b-32c5-4d67-bcd4-20fbc3c969d6,2021,113455,
1fa70ceb-6c7a-41b2-8acb-b79c0df591b7,2021,113455,
356d378c-1214-4e35-b3f7-6d0d18504a27,2021,113455,
59a526ba-39ae-4226-abae-bad88e2cacde,2021,113455,
a5991bd0-998b-446d-bfbf-fd0106809622,2021,113455,
6aa89fd8-3e05-4f52-bfbe-3cccb37fbb71,2021,1110857,
476cf92a-a575-4c5b-8a96-d33deab96cbd,2021,1110857,
f1b4ae20-990e-49b5-b429-83370f3dded2,2021,1110857,
52b6e640-70d5-44b0-be50-68bc39d6cfd7,2021,1181327,
77a3d2e0-fac3-4d5f-a155-2ecc961271da,2021,94762,
29575b9a-00ca-4473-bb67-19c6b99c5c6d,2021,94762,
c0cf6f41-0693-4c27-8d1e-875baf07325c,2021,94762,
d1f08b7f-f9a4-4525-8e5e-c26ec2cbb335,2021,94762,
268d6a9a-d0e6-4dcb-b2ad-3fcfb0a93686,2021,94762,
0ced9ccf-b4c3-44e1-b4dc-85ccfb2a65e1,2021,94762,
f45f7233-5107-46ad-9e7f-04f99c120ae9,2021,94762,
f1447914-2396-4944-a300-e714dad36b7d,2021,94762,
4cf4de75-9594-4d08-b8f8-00afc195ba63,2021,94762,
1e173541-d697-41cc-a528-f0ff94aeb3d6,2021,94762,
f38f41ae-a5d4-4fdc-8a83-1571bcd4ded2,2021,94762,
79cdcd6c-9193-478b-9dac-7078164d6aad,2021,94762,
91c81cb5-baa8-44da-b781-a81fc781ddd4,2021,94762,
fcfb62f7-5907-41da-9a59-54b558ca04be,2021,94762,
877f8851-7d64-403c-8443-ab46d109a304,2021,94762,
f12038f7-fff1-44ed-8598-3fd9bf79ded1,2021,94762,
b0fbb9b5-c6de-4665-922e-d112e76217f7,2021,94762,
c38e3905-2477-4615-91c6-cb03024ad020,2021,94762,
db8a3fc4-3840-490d-9a86-e6aa2abf3c1b,2021,94762,
c524c81a-285c-4530-bc8d-90b02fae0a8e,2021,94762,
8a00afe0-700d-4641-9860-75f6220414cc,2021,94762,
2d5df26c-f5b0-4e11-b84f-05c46efea8b5,2021,94762,
eb7ab39c-8126-44ac-bda9-728458b9f159,2021,94762,
731e58af-7835-4d3a-b1e8-70fbab42330b,2021,94762,
8cf0d2eb-f3ea-4a5e-9bff-f041714ab19a,2021,94762,
2b8b1391-0072-4b1e-9336-baa959369e2d,2021,94762,
e9a532b3-b286-480c-98f8-4006377dee97,2021,94762,
f835af06-b628-4d18-a40a-8aaed855eb08,2021,94762,
09129d8d-330e-4600-9c51-5d7965a656b2,2021,94762,
676631bd-3f7f-4213-8158-e6e3e34df2bd,2021,94762,
1a176c89-fa20-442f-8fb1-a05b7908c6ec,2021,94762,
ab8b81dc-c3a5-437b-920b-a07772f93e54,2021,94762,
0f9a5f77-639f-49a6-8db2-26dc077e2fd7,2021,94762,
59c31fbd-d4cb-4539-b749-92627d8ee7e2,2021,94762,
bc697e69-3bf7-45da-a205-cd03607261b4,2021,94762,
32ef3e0e-0e90-419f-acf6-270dd8c83817,2021,94762,
551f8b5d-0360-4570-b556-6c5496f107a7,2021,94762,
e34bc083-057d-4253-bb30-645626ba26c5,2021,94762,
3dd6c648-27f5-4ed2-a292-6fb29580b7ca,2021,94762,
5a539f7b-9a34-48f6-b571-352e0af1e685,2021,94762,
79a80cc7-0300-4837-a2a3-5895aecacb44,2021,94762,
f529aa70-f244-43b3-aaaf-2116db861d73,2021,94762,
fc8f04c6-7708-478b-9666-b3bc33e1bb09,2021,94762,
a0f979e8-c8f7-4651-8589-7227bb36f2d8,2021,94762,
d9da6339-2fde-431e-ba83-c6e21abf5512,2021,94762,
00903379-f943-436b-a5b4-7a3c15d1771a,2021,94762,
1b7cbe7d-bb30-416a-9589-e0f6d6e5f111,2021,94762,
76ffc870-ca2e-4e54-b621-49a1405990a2,2021,94762,
2720322f-4aa1-49a4-9599-c4a2985edbff,2021,94762,
f3b15a2a-dcc7-491e-aad5-4319018a6beb,2021,94762,
b2156a94-5189-4553-9856-0a7ed836ed8b,2021,94762,
f2ab1d57-c0cb-4ca6-86d2-5e82a24ecb8d,2021,94762,
4bc3f08c-b9fd-40c1-b39d-2353123a5281,2021,94762,
059f39de-7880-487b-8736-7786948b1449,2021,94762,
3b73735b-094a-4821-b3f6-690de06a8933,2021,94762,
97dcb7e2-f77e-4a78-ae9f-57716830db44,2021,94762,
803757db-d0b7-4779-ae15-234cb0e8e0de,2021,94762,
ca9c0038-1a28-48ea-9688-e68f686b29bd,2021,94762,
ee8619d8-8929-45aa-a725-2e603b8fbad5,2021,94762,
7149aebc-23b2-480d-b85c-84808f813e06,2021,94762,
f7c39d6e-e37a-4062-9ee6-9d4187b42b51,2021,94762,
b7546dcc-93f6-43ee-a29c-10cec89c7805,2021,94762,
98a8abef-e915-4a07-82ac-7e438ee3f295,2021,94762,
5442b541-b996-4d85-a263-b3979c59617c,2021,94762,
dc2d37cc-b4c4-4e4c-b3fa-5abac8e55051,2021,20009,
1307ae59-fc67-4b2f-abaa-f0b1d2a11138,2021,20009,
6edca0f6-c95c-47bc-993f-2fe97764c1cd,2021,20009,
f629a54e-869d-42ab-8586-53e9b79d8462,2021,20009,
f0f9802f-6f78-46b8-ae36-4b8da87a8ba1,2021,20009,
06ca712c-badb-49b1-9cd6-65298203ee4b,2021,1306689,
b1df1bb2-1bc2-4533-b193-e2b62731d52e,2021,1306689,
b2b58537-8f90-4990-84c1-b0ef9fa46a92,2021,1306689,
f967248c-9122-40e0-b9fd-b1e215f36f03,2021,12025,
2dbf5156-e393-4587-b7ca-6eabe15609c0,2021,48675,
c2995804-8d05-4055-9d92-051c56de9780,2021,48675,
43745fb2-bbca-4f63-8d8d-c2bf3b9099ad,2021,48675,
1fd42266-b09e-47cd-88d9-65bc99d23d44,2021,98013,
db5b2a1c-52ff-49a4-9a29-25fc15c9b2cd,2021,13277,
35c12fe6-7a42-4afb-ba25-043669e6cf4f,2021,13277,
ac7ce1e3-b282-40e3-b908-d9583d58a277,2021,13277,
fc7ef4c2-17ca-44f7-93d1-bcb9e862abcd,2021,13277,
af5f3992-b3c4-464d-9e5b-b7d62e283719,2021,13277,
709c8653-946c-4c90-a0b4-c41757c505c1,2021,13277,
329f4c5c-51b5-4514-8067-b6adbc02a0dd,2021,13277,
46efb492-31dc-474a-a93f-67a4240bfac3,2021,1204325,
504c5139-ab96-44f2-b83f-6d8c24034506,2021,1204325,
8cb12b1a-51b5-4126-8af6-f61ce2aa979b,2021,1204325,
18105dbb-6c5c-4c09-bcd7-e87a8973c047,2021,1204325,
33447955-5137-4a2f-ac2b-e9d87c417e61,2021,94455,
1b3edffd-a43d-49b1-b244-41e322369df6,2021,74737,
4f6fa9c2-5d22-4538-9b55-9d7e14fdf76f,2021,94455,
8e19aca8-df48-40db-b233-c113ea9c5e07,2021,88068,
8cf20d1c-b95c-4d0e-80b4-1aff853f33f2,2021,74737,
30ff6425-f073-4358-944c-48044188f129,2021,74737,
35331019-9c8d-43c2-bc07-2c0fecc62ffb,2021,62484,
26ed907a-9858-4a97-b1f7-b2f4b67fb7e0,2021,62484,
39b47a8a-68c1-4134-b235-df10cede825a,2021,62484,
9061cf96-4edc-4b0f-8230-816503d59009,2021,87396,
1075d60b-adaf-4376-881e-8bc752be1085,2021,1376181,
6e59a797-1aca-4e41-8c58-56caa98582a4,2021,37862,
aede44f1-78f2-46cf-92d6-50f59f6ce39b,2021,37862,
8b2bed3d-2bf4-4d6e-a548-7bc9766984b1,2021,37862,
015fb905-ec00-426e-ae5d-8700267fff20,2021,37862,
e014e152-4d8b-4131-8af3-1145503754b3,2021,37862,
5b50ba08-e79e-42e3-8879-e0d651f6f458,2021,37862,
69c709a5-d687-4e4a-856e-302c286c9688,2021,37862,
72a5c4aa-5374-4291-b720-c66b3a192c10,2021,37862,
697a22f9-4b40-4290-9263-c8f84cc25366,2021,37862,
9a8e002c-6c6c-42d4-b87e-cfbd54c65c1d,2021,37862,
f93e6fb1-bcf1-4e2e-ad8b-4ffda702aa1c,2021,37862,
ab8bd3df-2734-4992-b7fe-24b8b6726260,2021,1042278,
3ed2fa82-3d3f-452c-b5c3-f3f2b3d50bc2,2021,1042278,
46085a7d-9d63-448b-b807-047ea7b0b0a6,2021,1042278,
bfe74964-89db-4ad3-bad2-cd7c4e5c7586,2021,37862,
00b01970-66a8-45e9-9ec9-677b6ec9c71d,2021,37862,
7fbe86cf-4fa6-42f7-89f6-b2396f9adbb6,2021,37862,
6e1866c4-d0a8-4da0-b2f6-222292337f91,2021,37862,
c89ac947-bfbb-465c-8b19-a0f3880123ba,2021,37862,
ca73ab40-a44c-42fe-8629-76b943b8314a,2021,37862,
9ec17ddb-2f0b-42b0-aa6b-b4b883b689a0,2021,37862,
ad9217dc-cdb2-483e-a1a8-2e96d4648862,2021,37862,
dceacb24-c483-456b-90f9-43909c25cf90,2021,37862,
6b469296-e95b-476f-855f-fb9653bc4ee1,2021,22047,
ad694cd0-f852-4291-8d86-79d1a920fd0f,2021,22047,
b542602d-030b-493d-a589-278c1da26af4,2021,22047,
9c67cd5f-965e-4de2-a16b-eb9246dc3c77,2021,22047,
731c33c4-a753-4356-a7a3-15ee2f5a5d38,2021,22047,
b3d9431e-a2f1-4c1e-b0cd-cd614351279f,2021,22047,
a06a639c-1cd3-4872-a529-3b54611b8d3f,2021,22047,
e180d0a5-9d02-40c6-a8e3-decd05965d01,2021,22047,
0eadd314-cdf0-41d6-a3d8-a014be1d8df4,2021,1315444,
161d18cf-955f-4be0-8a43-ef2353f20496,2021,1315444,
c006db20-de37-41d0-850d-5c0a2d81faa5,2021,1187671,
acfe729b-71dd-4258-9c1b-3461d27a6bf1,2021,1376181,
925ba7c9-032b-4af1-9b82-622080cafe34,2021,113687,
729672a0-9022-42a4-824b-d3da904c90b7,2021,113687,
3e23b0b0-fee1-4dc1-abef-a1c2ca44e4d7,2021,113687,
86664d78-f9d3-4eae-9396-2ebd9f9d71bb,2021,113687,
3d76f897-367b-48d8-beb8-befba1a82dac,2021,113687,
c5ea5479-7a5b-4a73-a97b-fe32b8cbb613,2021,113687,
30442c6d-f1a8-4bb7-9fc6-2fa6ce74e48a,2021,20030,
92b68f46-4098-44dc-af2d-1bae9b9485f3,2021,20030,
6dc804ef-2520-422c-a3d0-132135ddf759,2021,20030,
d672e75f-c666-4969-9ceb-dfc876e620b2,2021,20030,
c4b01714-b6c4-4783-b858-9335b81ba183,2021,20030,
004ba5d7-e5f9-45c1-b97a-abb53ff958aa,2021,20030,
5e3bb1e9-b051-4866-b809-6935bcfc905d,2021,56172,
4203c06f-7023-4494-8f9d-0f6c67fb8194,2021,56172,
0df901cc-dcab-4a71-a11a-a8e7484e9a1c,2021,56172,
29aa5a9f-c00f-4ada-807e-587d9289899d,2021,56172,
7565ca46-2e60-42e6-9f7b-1f86f07f8eea,2021,1427745,
38993f56-9bba-4b73-93b1-376ec64f8871,2021,48205,
39ce2215-0317-482b-9b1b-01b7d545d7c8,2021,48205,
b928a31e-cb67-4ee7-830a-8cbe614e71dd,2021,48205,
5d841dc7-5ca0-4008-a4df-22ecf40b63b5,2021,48205,
728a0615-58ec-4eeb-93ca-209e97f52e12,2021,1047907,
82d8d4b3-7790-4f46-8b0d-2ab3a7ce9ad9,2021,50981,
10b15277-15e3-484b-831b-6225e03b29f7,2021,50981,
a9618715-6fd9-4ea1-a0fa-df6a733e7b47,2021,50981,
66e42758-a3fb-47be-a9b1-70bfd9c7c014,2021,9414,
7fb90eee-bbcb-41ef-9ced-7a34ec2fdc26,2021,9414,
3979d86d-fe6c-44e8-8cc5-d5d434a24351,2021,9414,
8558a9dd-b2a3-4f57-8bca-4038322ca264,2021,9414,
d0b86502-9bc2-401d-9f72-e294d0891677,2021,9414,
fc6a2392-3118-4937-9df1-713a45393c9b,2021,9414,
75652d47-bed1-4265-a491-6d8d2c7374b9,2021,47505,
6878ab7a-c930-4098-9d65-ece87cab6980,2021,47505,
0604742f-bba9-4aad-b5f6-6085a4f1d0a3,2021,47505,
4390a1b6-d5b4-4294-968e-8cf4647e6e0d,2021,47505,
bf627454-d8ee-4813-bf19-3d175221135f,2021,47505,
c1f185f4-4603-4b1b-af1d-868563a60a91,2021,47505,
a9ab74db-09cb-4058-ba5b-9abff16ed9a5,2021,47505,
b534d54d-c064-46c5-8213-1040775088da,2021,47505,
61ca904b-08c0-4d1d-865b-a5879dde4db3,2021,47505,
e2b8c15c-791d-4bb9-9965-7dbc7a29dcdd,2021,47505,
247e9e22-5ff5-4785-8789-c8cf36391812,2021,106996,
e93d5009-4fc1-45b2-851c-c8a227b121a0,2021,106996,
4136ef72-c1a9-42e3-af08-5767515f6799,2021,98595,
8eeab59f-acdd-4352-876c-10889b5ae53a,2021,97443,
90e54b19-7a30-4bc6-8786-a17c08e96740,2021,98595,
565d1f38-abc2-4c59-a7d1-c8751a26d11f,2021,114616,
237e32fe-3e7c-45c2-a389-25095caa4d80,2021,114616,
0d4e7a63-db73-4861-82a0-01081a9ebe28,2021,114616,
e9ab8402-6530-4fef-9f0d-8d84dbf1991d,2021,114616,
3a55ddf5-ec23-4d08-8bdc-3faedb300f35,2021,114616,
632ffeb7-9cf5-478f-bb11-af6d211ad6c2,2021,114616,
f64cdf17-03c8-4183-a3b2-2043888f9213,2021,114616,
eca56f18-245d-49ff-a9ad-4fb92a4ea871,2021,114616,
196ddb37-e028-4a50-a791-66b277d8c466,2021,114616,
a18a0995-3024-4864-a31a-b92c68b6dc6e,2021,114616,
b05b4231-02a7-43bd-ab0b-cd63b0e7c894,2021,114616,
0553f00f-c4fc-40b1-af6a-d80b630837f3,2021,114616,
03163a95-4272-4a2a-aee2-e236f4b063f7,2021,114616,
9b0c1b5a-4285-4ee9-8129-0646ca158824,2021,114616,
1f91c343-f86c-45eb-83ca-5d5bdeb68e42,2021,114616,
ea0b76bb-a3a4-4740-865f-8fc741cfca50,2021,114616,
dd0795b8-3bb4-4969-9403-b2e9eb4725b9,2021,114616,
7b62ab0c-7656-4973-b5bf-bdec61614f9d,2021,114616,
2ffd40a4-ed5d-4e6b-b682-3cda6aa50b34,2021,114616,
bcca6a5f-fa3a-43fd-8773-494ca03008dd,2021,106996,
86357801-c509-420f-8158-4f8a9b15b87b,2021,94455,
bb103778-d834-4231-93d6-d67350ac5fca,2021,95175,
5c54f90f-aba9-410a-992b-2ff8f5d6157a,2021,95175,
2bc0f0c4-6438-4a14-ac86-1eccc4ecd2ab,2021,95175,
6d231a60-29d2-4155-94d0-37c944e1e820,2021,95175,
d5c2d8fe-9492-4cf0-b90b-27aaca6bf077,2021,95175,
e424fd89-cb85-4cc5-82f3-f7547754a745,2021,95175,
2cea4416-b9dc-48d4-887d-0ee22f34b68d,2021,95175,
ad6df79a-1029-4394-821e-9eb30eea8b57,2021,95175,
eed02324-ed34-44a6-97ab-cad14dccd413,2021,95175,
bb97a646-bea3-4040-bc97-50fb5c278a8d,2021,95175,
2c42baa9-b733-4049-b8fc-bb9a2e0d7d6c,2021,95175,
42afb6c3-be24-41eb-8f02-19d6f9c98184,2021,95175,
c04da4cb-fa0a-4cf5-9f05-6f88981f4468,2021,95175,
6c06b11d-abfb-4a34-aa1e-fe46d47cbf5f,2021,95175,
a951a99f-1f19-4b16-8aca-6fc78c0b5c27,2021,95175,
b74be151-0c97-41f3-a3d1-6e99ed9e40e7,2021,95175,
d95926cc-8dc4-4eec-9cd6-074dac8e2995,2021,95175,
df725a6a-e94a-4e79-a494-c7562f2e29d2,2021,95175,
3d6c372f-11f0-45bf-a149-8e929facd29b,2021,95175,
ec0b8abc-bc03-4647-80cb-8b4c262011d9,2021,95175,
edd976bc-9f40-498f-8c39-a44ee946932b,2021,95175,
66831651-bb30-4057-9093-a97cc32102a4,2021,20009,
44a07204-644e-4796-979b-f5abc90ae83a,2021,20009,
8e67b040-3c69-4b51-962e-1586a6879064,2021,20009,
93b8c996-26fd-4b13-8104-c6e3c3060dcf,2021,67092,
f5166b19-1788-411f-88c8-a0c392edc131,2021,1283779,
43a317b3-b2a4-46c4-b8c9-7feee76ed521,2021,98595,
249c1e0f-5464-4303-ae67-6c77c91f3a20,2021,98595,
27ff28c3-2c60-4d92-90e7-b8b3458c2aa6,2021,98595,
7f4315dd-d241-4b76-9f0f-1d208d8d334a,2021,98595,
af43bdf1-21d9-4861-915f-c8083febe3b1,2021,98595,
cd8c6c0a-f33f-4ec2-9b37-51b6bc479e37,2021,98595,
66304a99-8d4f-4d37-9201-2398ddf86403,2021,98595,
95eb4029-528a-49a9-be53-b433e96b849d,2021,118994,
017a9cf6-803f-4499-b95c-16f2176d6cbe,2021,118994,
cbbc0edb-ddba-4577-9666-de781d28f348,2021,1376181,
fef7ddfe-3991-4d84-aa25-73b089cd386a,2021,68930,
7b8961f9-a1a0-436d-a5d0-d1941e0afb00,2021,98595,
9873695e-c6d3-4a76-b418-ec1ee4bbafd4,2021,5000135,
c202f655-26d4-47d7-b80b-41c8b85a2487,2021,5000135,
109e0b4b-5f9e-4c20-b2e4-1a48fccd51a6,2021,5000135,
36ff2f04-d1a1-405b-8031-3ae25dcdd649,2021,5000135,
a3762fda-630d-43dd-81c6-679e18db1c85,2021,5000135,
fb11619c-9285-4210-a253-5b251e98c1f3,2021,5000135,
d56785a4-2568-45f3-b317-18c81faab837,2021,68930,
12990831-613a-4ed7-8c9a-674d888c02b5,2021,1322390,
ada87667-f241-456b-8a8b-7e6df1fdf344,2021,1322390,
bfc5d2a0-bce9-4108-85ee-b8817e027594,2021,1322390,
afd8ac40-6d4d-44b4-b518-574dacdbed1e,2021,1322390,
80f2938c-e109-4c72-8dda-beb85feba36b,2021,1322390,
3eae2d73-29cd-4c65-b95d-626571b23382,2021,1258063,
cbb0d140-a6f3-4869-9fb4-65b46876c8f5,2021,1258063,
79f49d59-6b60-4b79-8630-8ebf4862407f,2021,1258063,
8c8fe7ed-7ec5-429a-8852-6e05a8d39032,2021,1258063,
6bed8f89-1afd-47d2-8f35-365d49c5b0d2,2021,47505,
a521910f-05af-490a-8f69-296730fb829f,2021,47505,
bbac6350-1d39-4d18-9a2b-d77eaf2bc691,2021,47505,
b11d4df5-da5d-4b2a-8f6e-485b86c09cde,2021,47505,
41bf3e45-5b26-4674-9a18-de7c11f50236,2021,47505,
d8c1e03b-0be3-4897-a047-20787aeaed90,2021,47505,
5295a9d2-6e1f-48f9-9a3b-afe873278f1e,2021,47505,
ae0f4142-ce81-493a-b3c1-34e2842b7d13,2021,47505,
2a791876-d8c0-48ab-bc07-4ebd1008710a,2021,47505,
135e2796-c9cb-41ad-876e-316c1efefe6e,2021,47505,
cccf2369-8484-45e2-b90c-ad0ff4d1c328,2021,47505,
2596a770-6d3a-472e-8f62-4d86705c13e3,2021,47505,
a187e1c4-d7c4-4b12-b75a-6bd9cdffdb4b,2021,47505,
2a3a9e02-a744-4c08-ad1b-d97f08daff9b,2021,47505,
c26519b6-9edd-4b3f-86ba-1abc63f3d8fa,2021,12025,
79c43ba2-c1c0-4052-bf12-50b86134ad26,2021,1101244,
87efd74b-15bc-43ea-84be-16b2c60a3a7c,2021,1101244,
e13c7e6f-7bbf-4a3b-ba2b-b3e63ddae828,2021,12025,
8c7f81f6-e7aa-4e22-97ab-06916fb04308,2021,12025,
439bd036-0cef-4a89-b504-3844f948376c,2021,12025,
3532f65d-f5e5-4200-b7aa-8bc9bdb9098d,2021,20239,
16b58b19-65a3-4052-8e63-625f0e486f66,2021,20239,
71a35809-8148-407f-8605-1c2bc79fabca,2021,20239,
c0d0510f-a5dd-4f59-9e53-f02d5fe32339,2021,20239,
49abaf5d-5df5-427c-9354-af1781d06c78,2021,20239,
683d0ea9-f349-468c-9d7c-fb394df262c4,2021,20239,
770b699d-c80c-4734-93ee-d396efaef3d0,2021,20239,
dcb7b650-e6c3-47b6-9e7b-8797d9613b29,2021,20239,
41407708-953b-41c4-bafd-fbd7e441778e,2021,20239,
a029e462-cb45-4503-b68b-28283188b53e,2021,20239,
e33c3252-9d87-4875-9c08-8d45e4c1bedb,2021,20239,
621f8f14-e0e6-4084-8a0e-bccb8b08bfb0,2021,20239,
f19d6c08-e2a6-441a-8a3d-a9c4671013ec,2021,20239,
c3ff1d10-cadd-4c4a-b16f-fc839320887e,2021,20239,
af9a682b-66cf-4877-a465-0c3b8a655e9b,2021,1190071,
b092b77c-eccc-445a-800f-9e4ad800ce1c,2021,1190071,
4c805f00-a82c-41dc-ac10-108ee501431c,2021,1190071,
3f5bf450-045a-4e05-b257-de04dfe013ca,2021,1190071,
65515d5b-8ab7-44ed-adff-5c19fe3e7fad,2021,1190071,
e7cb3c71-7070-43af-912f-8ac3fd36491b,2021,1190071,
8aa2e2f7-79fa-49b3-9968-bf50d2d11de3,2021,1190071,
c36fe763-b179-4289-83b0-2c443f3e58aa,2021,1190071,
7d26a94f-5be5-47aa-bf7e-6d994d015272,2021,1190071,
4b84f412-1011-4da4-ae6f-849b54f4324a,2021,1190071,
2bc3f598-5f21-47b8-8d87-4fc2d4ff1795,2021,1190071,
a4bf5bd8-a205-4336-938c-1a58a4864365,2021,1190071,
edeecf89-0f67-4b26-9c10-a0ff73824192,2021,1190071,
407498f5-77b7-4633-b38d-3796e7cedaf4,2021,1101244,
cb7b4114-f0ee-404a-9c09-c89075658966,2021,1101244,
b4712ab9-45d7-49c1-9761-79df39b6cb35,2021,1101244,
f23d8cb7-20c4-47c6-a97e-363c5e6c3a8f,2021,1101244,
46dec3b4-9e7e-49fc-afec-4747575bb8ef,2021,1270596,
4fbfee32-2cdc-4f6a-9831-96663382ccd2,2021,1270596,
d0c32c35-752d-4229-907c-a0ff9ab68c1b,2021,12025,
6b584eca-ebc1-4343-89ad-6f41604b6430,2021,49071,
1334e188-222f-48eb-a9a9-e4b0ea767d2d,2021,49071,
9c152753-5a0d-46bb-a5a6-025e7c89ac5a,2021,49071,
4c139f45-670a-4ea3-ae14-4a7e1dcd9dea,2021,49071,
e6854e56-bb88-43ed-950e-3fb20ce57bd8,2021,64664,
8f6b3737-be4c-4e36-aac0-38bc77fb240f,2021,1270680,
4ca76232-89c5-44a3-af55-985fd12afb02,2021,64664,
a5f71f9b-de3d-4ca0-b783-4a2a89eb55f3,2021,60886,
1b75487e-5a01-444c-9446-7f35e77f7b16,2021,60886,
9210f6f8-f79e-4cd5-a45e-96569614997a,2021,60886,
435d213e-77d2-466e-a0aa-70e03ff540c0,2021,60886,
39ca356e-3087-4650-8a6c-5e2685381a32,2021,60886,
ee5f97df-444e-45c6-973c-e4d2f8dc43e7,2021,60886,
0ca89ff0-6ef4-4c36-a43f-a3ae35c8dd12,2021,60886,
ef91bc36-74ee-415d-bc7e-e3abc72ab002,2021,60886,
a3b9bf74-9115-4e3b-ae1d-1e38d2144921,2021,60886,
d96a739b-fca0-4c1b-a355-798b0ecb8423,2021,60886,
652a342d-3068-4368-a8de-8c4a88b87657,2021,116770,
d05ef3bc-294f-4675-8f32-f582bf433c44,2021,116770,
f825d9e8-eee4-4fbb-b22a-20550a077e9b,2021,116770,
16feea6c-ad83-4678-9504-8e29f270062d,2021,116770,
70e0d17a-6bce-4a91-8c70-ec92e1ed707e,2021,60886,
9ef87632-ac52-47df-be4f-6c33bafe1a3f,2021,1139692,
f9c2759a-be3c-42f4-aee0-c676439d2f92,2021,37862,
c0f6b84a-654b-4e19-a57d-7d71145dd751,2021,37862,
86838953-c557-4f20-801f-754f16adca08,2021,9414,
01cc23a5-1152-4cc7-ae8c-f45cdc6fb2cd,2021,37862,
b92ec44c-ee27-41ae-b39d-481fe1cea04f,2021,9414,
52d88bd8-e022-4914-b4f2-749a852642c4,2021,37862,
90e4d0ed-ca85-4c83-bb64-729a967c7af3,2021,37862,
2651f795-c976-4828-88a9-b4de360aeac6,2021,37862,
d61124b5-7369-4eb2-aad2-05f6fa1695aa,2021,12025,
730572a6-4041-4039-89cf-afeeb3405a00,2021,1473699,
0fe3a096-210f-400a-a2fa-fdf3620affe9,2021,106167,
84b22a74-1fe5-4541-aab2-e9f289d4e305,2021,1166783,
80bc5999-a075-4e5b-9f06-01156454189d,2021,1166783,
86c03b80-3b97-4770-8b2e-00bde2050725,2021,1166783,
50df7b5a-dbab-4177-91cf-5c25a227265f,2021,1166783,
6edee995-286c-48e9-a842-7c95f485a3d0,2021,1166783,
ffbf1a99-669b-44ab-9ca3-fda067f31404,2021,1166783,
7689b37d-4d9f-45b6-a8e2-ce180411532f,2021,1166783,
929bfe91-0dd0-4e59-801d-8f8468fc8c62,2021,1166783,
044913fe-0064-4bf1-b56c-bbacaaf50f69,2021,1166783,
081e350d-6d89-41c7-a0d7-e3e3d6d3fb25,2021,10515,
3bc3c9fe-de30-4e92-b30a-b980e5c7f295,2021,1330347,
17032dae-9155-4936-8636-a513f3a545f0,2021,1330347,
88a29ac3-f1b4-4fb1-8e38-74b94d8acf52,2021,1330347,
463e8caa-ffd5-428e-9165-a95a11e6e3f0,2021,1330347,
342e0bfe-a101-4348-8f17-87264d321932,2021,11452,
30e8d72a-5b59-4edf-aded-867cb3087a81,2021,12313,
98895185-bfdc-42f0-ac8e-e7a62fc518f5,2021,12313,
0e6e6bdf-ecaf-427a-8002-79de9b3d47b1,2021,11452,
9733e8d5-0b01-440f-8b84-13d622a93c69,2021,5000951,
ec06bcfb-2f1a-4b66-9fbe-d649124a94cb,2021,1181115,
c5333653-33cb-4851-a0ac-9fb2794a0e3a,2021,113813,
b408f3c1-176b-4c72-b3b5-be771c6815e0,2021,113813,
ec5270d2-6d89-435d-b8f9-4360c8f848fe,2021,113813,
6b69772a-1753-498d-8b1d-9f4c4722a3a9,2021,113813,
d127b76c-2749-4dcf-a64b-dfa4da2fc84c,2021,113813,
d30a7f17-3647-474f-89ad-5c8785b2ec31,2021,113813,
f716992e-933d-488e-91cd-a227c92c2073,2021,99406,
180fe8e9-ff29-4f0b-b15f-ce9fcf0b4a73,2021,99406,
207ce26f-ae88-4c47-828f-885559baf6a6,2021,99406,
0962a13c-8f45-4400-8ba7-1dd0c4df3cd6,2021,99406,
5a324539-6a1d-4bd8-b30d-365d1d5d9783,2021,99406,
d04dc43f-0e91-4d9e-911d-c602215ffeb2,2021,99406,
10415417-2096-4ceb-9845-167be1d110ed,2021,99406,
404cacab-cfc6-42aa-a367-f33c33bce321,2021,99406,
4991a2f9-06a1-40d8-a9a9-b5d934952759,2021,99406,
f8a46f76-a547-42a2-bb63-aabe59d6b48b,2021,99406,
0f7b6855-0281-4230-a630-37c8dd78442a,2021,99406,
1fb8f660-28b5-4268-87a9-477f63a38012,2021,107920,
2455595c-566a-4f28-a671-4db92f084a2c,2021,107920,
b921d284-bd02-4d90-9789-922c0edef169,2021,107920,
3dd0ff78-3312-4763-84b8-0029ebac9286,2021,107920,
a574484f-b82e-4bdb-adc8-9415ac658c21,2021,107920,
4023c8b0-1ad8-4f2e-a07a-8e5b1666bb6f,2021,107920,
54488d84-33e8-4e4c-9c3a-6ca74cd2c840,2021,107920,
b845be13-0980-411a-a1dd-de5fc546c397,2021,98764,
afd310b4-5bd1-44e8-bb39-71a6f0a28bb8,2021,98764,
793b600a-dfb3-4a12-bed5-4eb7d02a7af6,2021,98764,
d12894e0-b0de-419d-b978-155cddb1865f,2021,98764,
0553839a-e04c-4ea2-8a8a-9d0b87718ad2,2021,98764,
2b238c4c-11c7-4ebd-a86b-3ec29a1903fd,2021,1118057,
f934b475-aaa3-4198-8a07-a0620948b0f2,2021,1306689,
98c0d43f-2411-4c4c-813e-e05846bc81f2,2021,100654,
f973978e-94c9-44b1-87ba-8ed2b91d966d,2021,100654,
73394f3f-d148-4964-8d8e-149963f435e2,2021,100654,
07984e8e-949d-4269-bd70-a8a406630177,2021,100654,
dbef8af8-2b67-486f-9f5b-d378945f7b75,2021,1306689,
ca782ae9-7737-406a-9be0-667b6f2eb55b,2021,5000135,
fab77ca9-8b0d-4a00-b710-5a1d660c7192,2021,5000135,
f5e9ffdb-9eec-4249-907c-8aa2b515b48a,2021,5000135,
39e8bcf5-e427-4189-a591-d8f52217e352,2021,5000135,
93f19398-51fc-4ad2-be50-fe4a56c678d3,2021,5000135,
8d77fe37-d060-4083-bc50-066bf700baca,2021,5000135,
dbd91e5a-6162-41fd-a5c4-f7ecd7e53d6f,2021,5000135,
68b1d7b3-3c60-4e3c-887a-cad7902556e8,2021,5000135,
5731954f-cc9f-4e36-91ba-90d662542de9,2021,5000135,
0fbe2155-cdaf-422d-91f0-05ad9380bf19,2021,5000135,
72e1e764-9edb-4312-8944-79edaee74144,2021,5000135,
c647dca1-0db3-425f-8bfb-22eb10429b5e,2021,5000135,
67772125-7c64-4af5-af13-4ea1a992cf5d,2021,5000135,
df8fb8e4-9ba6-417f-a392-df8363958270,2021,43664,
c0a66bcc-5115-4d06-89bc-107f5d87534a,2021,94762,
d73783a8-45af-49c9-9a93-eff430f2084e,2021,94762,
b59855a3-422e-4331-97f8-6c7d338388d6,2021,94762,
c6a07dd2-ac8d-4ca3-91ec-878d24b2ea1b,2021,94762,
eb7aa76f-1104-4fa1-9a8b-a995a98570fb,2021,94762,
83367709-d341-4d53-a957-a96903d7df31,2021,94762,
2e061505-19be-4e3b-9b62-b08f63f7da8d,2021,94762,
f31a0bc1-955c-47bd-9bcd-b5a2a6bd2334,2021,94762,
467841cd-0342-4124-a4af-93b3bd215fd6,2021,94762,
f261a32a-3d90-475a-a8ab-e16b6e76d30b,2021,43664,
ee024b48-13d4-4a45-8ef5-30ad52ed33a3,2021,43664,
a9e49eba-c985-4982-8f46-3c3cab501edd,2021,43664,
88922359-9029-4b9b-bb28-287bfc132a3c,2021,43664,
9c5186d8-4c3f-4fc7-bdd5-8c47715d5f1e,2021,43664,
534b65f3-d4f7-4a9b-b86f-9a8d5a0f1443,2021,43664,
8a509bcb-cfa9-45e6-ac6d-959991b1af1c,2021,43664,
10628a1f-1cad-4f75-88b2-12f59b60aa64,2021,43664,
1ca9b23b-1d0d-43d8-9a50-67b064fb9a92,2021,11730,
247f1067-ac36-4725-b4b7-eac942f00ca1,2021,2209,
60153f90-dd01-4bcb-8c03-a2bc544d97c1,2021,2209,
06603ae8-107e-434a-be29-ecac607af5a9,2021,2209,
6099e30c-862b-4e6b-970a-11caf3b1b7f4,2021,2209,
58d7a8e5-5387-4fb5-b835-1dcd5f900d6c,2021,2209,
cf31256d-dbcd-42ec-9539-e19c6671170d,2021,2209,
d94aa771-148d-43e5-a91c-b51855c28c70,2021,2209,
520d9890-fb2d-4c46-be3e-7f62f040ac3c,2021,2209,
8fc819d6-f734-4af2-bcf0-d109f1b33ccc,2021,2209,
e6cf6139-f3f5-49f0-9179-614d0f5f437b,2021,2209,
5f035041-0894-4377-9cbb-8c02c09c9351,2021,2209,
c01232f4-7fdc-4612-b3f3-61102150e450,2021,2209,
65466648-a67a-4c00-81f6-e532313d83c0,2021,2209,
02b49241-c48b-437d-87ad-1a02c9377121,2021,21464,
2ff9fc18-fe82-43f8-9ba3-817ff93bba38,2021,21464,
df349b56-5f8e-4d93-b518-5463dcd7570c,2021,21464,
eac7d097-14d3-4aa0-87dc-bcdd21ff68bb,2021,21464,
a8b78ecb-4865-487e-8fcc-8897a35f3f13,2021,21464,
9b3c95e2-6a4a-41ac-93d3-ade2282539d4,2021,21464,
78ac3784-8569-44be-a562-40268c787fcf,2021,21464,
1773d92c-4a56-4613-a406-4f3872616617,2021,21464,
ad37dc41-66fd-4276-a368-e9a5296241bf,2021,21464,
9e93d32b-7c74-4c2e-8ba4-7abe56799ead,2021,94762,
27497a21-5da0-4f14-ba27-558e509cdd09,2021,94762,
a5b18c62-d50c-45cf-bf2e-400f99c6745a,2021,48675,
007970cb-aed8-47ce-9f28-4f5f4f89e938,2021,1042278,
8bd19ff9-f8b2-4b8a-9aea-0cc7e7936a9e,2021,1042278,
fe063982-be38-4ec2-b05f-2836802b9ad0,2021,1042278,
61876b52-a56f-46ce-b1a4-3af0ee8df3c0,2021,1042278,
b9ccb61f-9469-4744-9366-1b86def17a96,2021,1042278,
a9199cf9-01bc-488f-b7b5-b69ad857a959,2021,114616,
5ca1d942-19ff-423b-b191-6228cca6f0a2,2021,114616,
f2c98d54-99fe-4e33-a181-39d7037fa954,2021,114616,
9a7c6b86-3b5a-45e5-a31d-bf5384b9c66e,2021,114616,
5f79f336-9080-4471-b572-70284f7efd27,2021,67601,
01779eb8-518b-4b87-9b96-e50314dd268c,2021,103062,
43d8f453-14c6-43a0-80d5-4f272a06860d,2021,47051,
6e43cfba-1e92-41b6-944d-58460d2b75fb,2021,47051,
d70deb32-d942-4620-9187-1e3343a2c8c0,2021,47051,
35f4eb4a-22d7-4824-a3e2-17670ecd8139,2021,90030,
1518566e-6acc-434d-ba4e-65d75f630792,2021,22061,
88af28ec-282f-4401-8078-bd15411dc7ce,2021,83388,
eaf859f3-114e-423d-9bf8-726ec9d4a000,2021,17886,
429be65c-d8a1-4b7a-b186-917f42e05788,2021,17886,
95db9338-e546-4cc4-ad3d-9f71ec2dc8ad,2021,17886,
996377fd-f4b3-4fc7-8a94-b0f84073e97c,2021,17886,
88330901-288f-48a0-a3cb-a27b87ea8365,2021,88084,
f378c813-ebec-4f21-8f76-325da22bf902,2021,88084,
8e33b67e-9f5e-4a81-95fd-495007dc9b33,2021,22061,
d3d0c941-dc63-47b2-acec-46a98e603734,2021,17886,
4dcaf833-4c55-4401-8e7f-85a409080be3,2021,107920,
33af91f3-30fd-43d9-900d-4dde79891814,2021,22061,
db841e45-4ac9-439a-a271-30714e082946,2021,9425,
ab818ded-50b5-4d39-bf4a-0d8157015c30,2021,48993,
aa2c98ce-f50a-442a-bfd0-f289870ce8af,2021,9425,
8c5d05fd-a97c-42e5-b2ec-0119e7db312e,2021,9425,
665bdb93-2353-44ef-8dc2-7bac4e99b56f,2021,9425,
27da1eb3-c51e-4f25-b475-468f68a56b30,2021,9425,
1acd1941-27b8-48cb-a020-51511b697577,2021,9425,
f417d93f-5a12-4cbc-aefb-519f7fd65ad0,2021,55777,
3e96f77c-5b0f-4db0-898f-0e041ccf7759,2021,12313,
ec8f6d17-c40f-4ca1-afa6-6314d09b0225,2021,49054,
e663aca1-11a7-4155-b56a-c0cda451a2db,2021,49054,
ffee31ce-1129-4f1d-9495-16cbf73f2cd5,2021,49054,
176929dd-1f43-44ab-84f0-8c1bc4a1df16,2021,49054,
d70bbb52-649d-484a-b236-461e0bc3ada3,2021,49054,
892a5a2e-42f6-49ab-9877-c60089b85dce,2021,49054,
bb89854e-17d0-4549-8335-a78f89b52157,2021,49054,
f17306cb-c799-4d22-8068-ecf44b53a94b,2021,49054,
ce9126dc-2250-4a12-be94-1ccedfe9720e,2021,1306689,
c97543b5-65df-41fd-9893-9ef1b7a64170,2021,968,
1cbe672e-a34a-4045-ae89-39790386c9d5,2021,968,
42f89670-c0ee-4c55-850f-83fb7196dd61,2021,968,
c742734c-a79c-4275-9309-3b363bc36b27,2021,90030,
32a681d0-1aad-4214-a631-2dd4f835ab14,2021,94762,
a1f430a9-ce7f-4375-9015-d44442f881e6,2021,317,
694c6189-1c70-4c10-af3d-01d1e80918e6,2021,317,
e96a1a37-4c54-4a71-9f1e-72ce77782c6d,2021,317,
f021aea6-025c-4d13-b032-1148861d5c74,2021,317,
90364fbc-30dd-4cca-9845-ccfaab5c450b,2021,317,
d85af8cc-d506-4386-bcf8-66fc97471056,2021,317,
998446d3-d591-4c1b-8212-c89a3d3de8e2,2021,317,
d46828d1-0296-4995-867b-25caec9afebb,2021,317,
59c6165b-ba73-418d-be11-5e01a7fe9eb9,2021,317,
01725ac7-956a-43f3-8bff-81541cb07692,2021,317,
079791c8-6713-47d2-b6af-0e3ff4544a88,2021,317,
70c7e95c-e7eb-467d-a688-b7eb5d2de5ac,2021,317,
fa6e615f-0ea3-4c85-b3d5-509799632d23,2021,317,
a5923b1e-ede7-47bd-9082-9d539455b136,2021,317,
30b84bc4-e34a-4056-9d5a-9fdc43602bea,2021,1102628,
2837d1f3-3a5d-4482-b604-0dbbe417f196,2021,94762,
29ee21fe-1c36-48ce-bb9c-7cf650f2ce38,2021,94762,
dc33dd54-f2bf-41b1-8f7f-1d0c47c5a471,2021,94762,
6af0ce6e-1dd9-411a-8490-cfa8e8ca245a,2021,94762,
64a1bd91-72fa-4e09-93b0-701ae6e3b8de,2021,113687,
80e3c033-5c33-4b38-8f14-57152b90bb98,2021,968,
3bbf1e92-5369-48af-82c4-90f399dadf21,2021,968,
bb244dbf-f429-4f24-83f8-c7b341a198a1,2021,18683,
84c20671-76cd-4fac-b7bd-b88349f01c6b,2021,18683,
2fd4ecce-f10a-4154-9f0a-4218b0bff231,2021,18683,
6b5aaa82-16b7-427d-94cf-d45443e431fe,2021,40343,
7b5e7bd9-fe3e-4524-b86e-b104bdf9dd85,2021,40343,
e5dc5c0b-b50c-42b7-9c2f-9299f6f3f70b,2021,50082,
3f52ab01-1a40-43c3-ad32-c20e94660bd3,2021,50082,
e6ceca4a-2467-4a26-ac73-01b30792106a,2021,94762,
6101bce2-64ed-4610-ba5d-4e3bbcf01374,2021,20009,
242f2ade-b987-493a-9a9c-b3260a1ce642,2021,5000951,
47c7af05-138a-43cd-aa84-230863b353c7,2021,1118057,
5cb60db0-c2bc-42a8-a601-4aca2b3d9d56,2021,108660,
11d30e8a-57a7-4d7e-9971-79b82e87a92d,2021,108660,
5bf906ed-a95e-4fbd-99b8-b42495777a43,2021,108660,
56bf06f5-c3e3-4331-96dc-5352ea4cbd7c,2021,108660,
739d7009-b77d-45ec-b292-856599273234,2021,108660,
6f164308-b333-4220-ab0c-0d8af472ba01,2021,108660,
9949678c-bf16-420a-82d7-384af683b1f6,2021,108660,
8a3f93c7-b82f-4d70-bd27-eec06c635134,2021,108660,
913fa034-183e-4f9a-a390-cf30104c11b7,2021,108660,
22ee8381-8a82-4712-8593-75acbc3fa6ea,2021,108660,
0b056e9b-b870-49ea-9006-88ef52e8ebfe,2021,108660,
dffe2bec-414e-4022-954f-b8caccf40334,2021,108660,
727e051b-e3e8-4b93-9230-4b2c51c369f4,2021,108660,
c3c26a41-c65a-47de-a65b-af6bfa0510be,2021,108660,
c4c04b38-117a-40d1-bdd0-45e7cef711d5,2021,54934,
f0fd98d5-8b99-4c41-9ac1-1606f3544828,2021,54934,
1f4c560b-eb88-4134-ba28-51f493e04cd6,2021,54934,
4025d179-3287-4fc7-a087-e66e98eb48cb,2021,108660,
7df54053-120d-4dd3-bac3-bad02a16f270,2021,108660,
9a0586a9-ffcb-45e1-80b4-936d4749aee2,2021,108660,
f8384716-eff3-4c5b-ab12-5ee0adf29e79,2021,108660,
8a2d4c2f-a02e-4fb9-9a7b-f3d6ab4492f0,2021,108660,
5d0f1646-8fb1-4dfe-9a49-7e738a959984,2021,108660,
2bb30300-931e-4c35-856c-98d446c8dcbf,2021,108660,
cf740c7f-6923-47f9-ae86-19b83c97d227,2021,108660,
4c979525-e0c6-460a-9c2c-2cbe42a4d52a,2021,108660,
45dc4c7b-37c8-4e6a-af5d-66735901d2b4,2021,108660,
e679aa22-2f4b-4912-942d-8cbbc2c694a6,2021,108660,
db8499a6-713c-44c6-a26b-432713f304a5,2021,108660,
dd3cac71-c194-41ab-898d-750d828fa765,2021,108660,
6c3b925e-b780-41d0-83e1-465443887ec0,2021,108660,
9c6de0b0-4074-4edb-bf7d-fba991b49f7c,2021,108660,
85aaa2b1-0eb5-4945-8af7-ae0401ab5d63,2021,108660,
f2dddce0-4185-4b32-83fb-e137e2079401,2021,108660,
b890903b-5e2b-4b2b-b9f6-42f3dc5410d9,2021,108660,
ee2b966e-9dad-4930-b4b5-a33ca18de850,2021,108660,
502995e1-f665-4260-8551-7b36c054001b,2021,108660,
998565cc-11d3-4ab5-8dcf-60923d0e97d2,2021,108660,
f7c9a049-747d-44f2-abba-623d68b205dd,2021,108660,
c31b8690-7858-4ace-be85-0ac97b2a9eec,2021,108660,
efa93f47-8943-46ff-8455-ec6b930df8ba,2021,108660,
9f0474d3-dfdc-4201-8cd3-463d0fed2a26,2021,108660,
1ec204b6-f4dd-4d85-8f69-df0c263a1fda,2021,108660,
abd5f0cd-6669-42c1-8878-208e752d180e,2021,108660,
c8343e5c-5c73-4763-99b3-e5c2f1046a0f,2021,108660,
50cc9641-b9dd-49c9-8fa4-8ea5c4e73890,2021,108660,
5b7ae2b0-5afe-48f6-91e0-24b7b1f06aef,2021,108660,
1dd55179-8eaf-4168-96cb-2fe68567d054,2021,108660,
4efbe08b-80cc-4e59-8b3d-1c4b285784bd,2021,108660,
5f2c4f9b-3d4b-4459-9a80-0a4514466c8c,2021,108660,
3bb74ffd-bb38-49ae-9ef8-0585752946ec,2021,108660,
2f1996da-b603-4536-b861-cd26c543f514,2021,108660,
00694e64-e6f7-4f03-932f-0273bb09e879,2021,108660,
65def8b6-660d-4415-bb9e-9ada5342301e,2021,108660,
c7303efd-335e-4c01-a961-18ed5f0bd2cd,2021,108660,
4201554e-f641-41b4-b9c2-a128132693e6,2021,108660,
76cc0a5f-8a05-465b-a78a-be798c380bf5,2021,108660,
eec66f50-7c72-42a4-b024-602939216a84,2021,108660,
1fffadad-983f-4778-98c9-7d1768ba7040,2021,108660,
bedad550-37cd-4509-bfd3-023f2ce8e7f2,2021,108660,
a486b454-16aa-450a-b3b9-f52ff8f2f69f,2021,108660,
5fdf9d14-b1ec-412d-9e60-c15a8fe4946f,2021,108660,
b2383ccf-bec9-4727-ac20-4cfa421f315d,2021,108660,
feada134-b9bd-47ff-8689-a0f2e6b2d281,2021,108660,
edb8dbdf-a90e-4ba1-b034-7193bdbb8668,2021,108660,
156fe9c5-c9b3-4226-a58c-0eb2b147a314,2021,108660,
c0934eba-a07c-4cd9-bdd8-499b756f8f14,2021,108660,
63aed453-a757-425c-bb4d-7b8f71257b18,2021,108660,
99549fdb-c21d-4f10-b056-561b7ffa64b1,2021,108660,
c38fd25a-7942-4a13-b8a2-03b9bd145527,2021,108660,
ec791bb2-428f-467d-9ad3-2425014240f3,2021,108660,
3ddd809b-2871-4127-bc04-7e4b203ed186,2021,108660,
c4f502aa-1897-4225-8038-4b8a4f6c2a4b,2021,1117717,
21021113-9796-49f8-953e-51cdce00a57d,2021,1117717,
979674ca-0153-423c-8c02-c1ac81fba18e,2021,1117717,
aea057d7-bfb8-4dae-a281-d38cba043ed0,2021,1117717,
3b176d34-60a3-4854-a2d3-20b7624c8881,2021,1117717,
201b43d6-f813-43cb-b13c-3a7bd785ef28,2021,94762,
1c216dc1-6a7c-4042-8af1-ecc313d7d402,2021,9425,
a67bb976-2a51-42b6-8e59-b6c45cb024bd,2021,91262,
59aaedc1-6332-46b1-be1f-c0db5560afa1,2021,91262,
1edd7163-0d9a-40ce-82c2-33abd43ce070,2021,48675,
6f1b5b3b-d640-4553-870f-477d1d762d33,2021,48675,
bc36872f-7952-4431-b912-0f0c6f7667ea,2021,968,
b1bd19f7-670f-4197-8b6e-36d2df5b3eb9,2021,968,
ae965cff-d158-4108-873f-1b50b8d1567d,2021,98764,
97f3dccb-f6cf-4149-b14a-0276884b69e1,2021,98764,
96aa2695-1fda-4495-b20c-fff7b684cf3d,2021,98764,
778008ef-3a61-48ea-9f4b-43067f474dcf,2021,98764,
c970545c-4b13-4b53-a0f4-d03435770be2,2021,98764,
4bdb885e-ef89-4fab-aed7-97083803a117,2021,98764,
6eb11c28-80c1-4542-9dc0-88bf70722552,2021,98764,
4a7e5f08-9648-4ef4-8469-b5f990d56714,2021,98764,
99cd3585-05a5-4833-80aa-52ae7acfc4e0,2021,98764,
f45a26de-48c3-422f-9ff4-114f3e6eb513,2021,62484,
471fd0e3-b9aa-4bfe-8ca2-da82152f8491,2021,62484,
870ebc99-1a00-4823-b1e3-1ce4b152b5cd,2021,1118057,
335c1ba8-9e2b-4075-b396-c01fcbb84ed0,2021,48205,
19a5bed0-3eeb-4cac-86fb-3397e88619ea,2021,48205,
