id,NU_ANO,CO_CURSO,QE_I12
ee5e2072-aff0-4d1f-8a39-b56555391ffe,2021,1187671,A
c6ff1a67-8472-4db5-a271-e047f20ed223,2021,13595,A
3e9accfa-2104-4d42-8e0f-d7c624d2df17,2021,114616,A
68b74fcb-1a46-4999-a232-919f1f77bede,2021,88068,A
9fac7d60-2a4d-46aa-b536-58c52e2eac75,2021,94762,A
a28f035f-a290-43a1-989d-a70b79ae40d4,2021,13446,A
3b7b1d89-7ae4-4feb-8778-b43b7181ed4d,2021,108660,A
c66a52fd-7c95-4508-bb4f-a710d6a35140,2021,1161716,A
63e25cd3-41f8-48e1-83f9-0733308b2311,2021,1322390,A
ac08ee34-771c-41da-9ddf-da70d45cce69,2021,1306689,A
7003ca17-7dd7-420a-9af9-1831ea70fde3,2021,101942,A
a701b45f-20d8-424e-82cf-4b221a69a93b,2021,20756,A
7f7a2172-73ed-4d69-b4dd-8fd4994c0dbf,2021,1376181,A
6453996e-3bca-40b0-ac59-5bd57902e7d1,2021,106996,A
232972a1-e6f5-4ca1-ba13-39df585ab9ce,2021,94762,A
82677355-6f9b-41f2-b0cd-ea6bab17480b,2021,94762,A
7203fa8c-ba48-4aa9-aba2-1c0fd3398213,2021,47069,A
a15552bc-4e84-4c0c-97ae-ebaef9e83371,2021,1101244,A
87ed2643-fc26-4a08-9729-a2a43b495bfe,2021,113687,A
14d9a074-67b7-4a91-b53b-4f6bce88c720,2021,1258063,A
3be14784-f736-4c66-849f-c9e3b05ca713,2021,1306689,A
ee4faf9a-4414-4089-bbf6-7a110ad7bf49,2021,13401,A
2323231e-9d1b-424d-8324-ac82caeb8ec0,2021,106996,A
9529953b-507f-417f-95a2-d1bbea0b191b,2021,58808,A
e82a0ec4-f06e-4448-83d5-245746a47b77,2021,101942,A
9c67c9a1-4f05-432f-bd1a-0fced3de0e51,2021,1181115,A
20b90e4c-c65a-46b9-89c2-e4bb36cec78e,2021,113687,A
afd94fe5-84dc-42aa-ab8b-306d87fe7404,2021,1314243,A
bac93916-6f74-4b22-9547-8c329384aabb,2021,13595,A
e5148867-7e10-449b-a47e-234a2af6efc4,2021,43664,A
18e6c89b-9900-48ca-89d4-53c6e8a3fecb,2021,968,A
f943203e-9185-4c48-a87e-ed0d4056b0d9,2021,94762,A
fc38a6ac-25f2-4437-ac69-e193ab367f73,2021,101942,A
d8d10134-e0ca-4f15-8fe1-6c42927b27c2,2021,88084,A
ca28f1e6-e3f4-47ce-9dec-25e502b357cf,2021,18683,A
966d342e-023e-43ba-8332-c60bbcdf41c0,2021,43664,A
cdef8be2-5bea-4972-af43-7b7e40ed093c,2021,114616,A
6e09e22a-61bc-4468-857e-70583e1b9a2a,2021,1351760,A
546ce0ee-77d0-4278-bae4-31a257abd13c,2021,106996,A
c82025b9-b118-44f3-84a8-c37ad949b7e2,2021,43664,A
1ca16c41-ed5a-47de-be2c-b55110e12b03,2021,41238,A
b3e4e80a-a401-4400-9321-60bad469e323,2021,1265453,A
a4b495e2-8249-41c6-91b3-dde66e4a46c9,2021,88084,A
83b1c245-362e-4b62-9907-256e291d3ed0,2021,98665,A
ea7d4f54-912a-4117-9699-2f781401b92b,2021,19047,A
f6dd8647-4ab3-4d85-a74c-4839411548e0,2021,48205,A
be8ec3ce-7f43-4656-8bad-7a14db9b549e,2021,106996,A
2d5a03c0-dbe5-4e86-a1f2-133f28c8ca24,2021,13980,A
c9ec100c-8aed-44d7-8f5e-84ff19b5c61a,2021,1385942,A
cbba438d-3b5f-4513-9be6-270e411a172a,2021,113455,A
b9e4a998-7e25-40ca-97c3-9fa558a38d38,2021,106996,A
4e9486f4-779c-436c-b3e9-070f558385f4,2021,108660,A
6eee6024-e2e3-41e4-ace4-853b9049ed8f,2021,106996,A
d3b8dfe1-d428-4e8a-8ac2-0c0149f8d3d0,2021,94762,A
487e5ba4-fb86-4cd4-abe8-db64085cb2f8,2021,1136142,A
ad77fb94-be53-4aa6-8843-10a6717a98bc,2021,114616,A
519399e3-56b6-4c9b-8d26-fb754d9586fa,2021,9414,A
dfd31c99-39a9-4c30-9c59-ee5ce3611c4f,2021,108660,A
f6b921c8-f5a1-4209-a474-b091046af9ab,2021,1322390,A
01ae37b5-4709-49cc-b005-5be0098d499f,2021,13446,A
e6699e30-1ef3-4d39-83f6-bda5c20d56a6,2021,48205,A
bfdc8ccf-089f-4267-8379-062d77ddb34f,2021,13595,A
a81dd058-ed43-4c4c-8ead-7bf44d945030,2021,1265453,A
769b7605-b2fd-47c6-a065-b3e20e45982d,2021,1265453,A
53d69f0b-1fd6-44c5-9f9d-81cb0371c16f,2021,19047,A
69ae77a2-1dc0-4c61-9ea0-f6d4ef25045d,2021,20030,A
ccbbbc19-3cfc-4429-b53c-bb03b2bf388c,2021,58808,A
cfc43090-d1af-40aa-9e4d-1711d00db3e7,2021,1181115,A
85036081-4dbc-4248-ae5c-19e2fdfb9964,2021,118994,A
b1706982-f2af-4e07-a099-c50c98c37575,2021,1322390,A
d6e42411-3427-4564-9d80-7adef921688f,2021,91181,A
490b66de-c459-47f1-85f8-7eb918911c15,2021,1136142,A
976b84ca-93e5-40a5-9a4e-e37599245931,2021,37862,A
9d4b72f4-a5d6-4b3e-aadd-eed80b3bcee0,2021,48205,A
1b16b58c-81e0-4c4a-9bfc-104d49f55f6e,2021,1322390,A
08f9d0e0-4c8f-44e3-bc04-e5ec05839776,2021,1322390,A
d1b46a1c-6d71-4180-b17b-2492bbc916da,2021,1190071,A
fecd509b-d6f8-4771-8813-779f3e895804,2021,18671,A
d68fde6a-5266-46c8-8bc4-b5869c9e72ee,2021,2209,A
63abd010-f80a-4bc7-868a-728056ff108d,2021,43664,A
c24c547e-b449-4cd2-9d2c-91483940e9c8,2021,118994,A
29cc8bb3-314a-49d0-9e48-72c786ab63ce,2021,74737,A
2e33b5d9-a03c-4587-9d11-22567e1aa5bc,2021,1427745,A
cdf39ca0-effe-4032-a378-b0f919eadded,2021,118994,A
debaa3b5-d61b-4244-99a5-6b2ffd0207f7,2021,48205,A
a4331df2-52dd-4b65-a7ef-87ae2f4e2eb4,2021,88084,A
51d3d030-df89-4210-a4dc-300c625521f3,2021,48205,A
f496065a-1071-4369-916a-911b1c479972,2021,48205,A
837ff32e-3a96-47e7-988e-47f3b6c550bd,2021,1322665,A
22afe320-eb99-4496-9de8-35b53fa2fcb3,2021,99406,A
20973125-a812-4321-89f3-8f23b5e41adf,2021,98764,A
d2559c0a-d95e-4321-bfd1-54a689393978,2021,2209,A
db4e35c4-2022-485a-abe5-53bb80f9bfe1,2021,1322390,A
eaa7851a-fe18-4a7b-969e-28fe4381270f,2021,9425,A
d69414a3-7a96-4f12-95d4-abff4b2bc0e4,2021,48205,A
f241b56a-aef0-45ca-a04e-1a871d182cd3,2021,49071,A
617f9518-5d26-4159-b935-388bb97aa662,2021,37862,A
bbfb866a-85ed-4978-b987-3c5a2340ab13,2021,107920,A
a4c9f1fb-d9cc-4ebf-8031-739a3ee8d029,2021,98764,A
af12f417-c037-4fb1-85b5-ee1068f0d8a8,2021,47069,A
c8615ff2-af41-4f18-932e-716a12249b30,2021,1351760,A
270d6e5f-a99f-4d87-b068-1050bf288bcc,2021,98665,A
4da9d398-0240-462e-a154-611e1bec09eb,2021,1108692,A
c67e757f-7663-49d8-bcda-9465506a1a2c,2021,1300284,A
06729054-445b-4a94-861d-a5b114da2ee3,2021,1070485,A
f4361344-a767-4fda-8f94-7cf4b578faa7,2021,97443,A
576d3fd4-bc0e-4678-8242-10033d56967d,2021,108660,A
81ae541f-1e9b-4b3c-bfee-1f63975e998c,2021,43664,A
350d61f3-59dd-4c84-a199-6d241df391cd,2021,108660,A
2f2eb77d-cd7b-4ee0-83b4-3bbaac52f914,2021,95175,A
8bcadbf3-5676-48cc-bf7d-a919f8829af8,2021,106996,A
06783620-4e2b-4779-8aea-33b51134d3e4,2021,1300284,A
5d459a5a-9c8c-49eb-be96-d24a660dec0d,2021,37862,A
edd5e7a7-7f3f-4b65-9a7a-951cb2d50af1,2021,47505,A
a0c27cb2-11d7-4620-a716-9337efe0b1aa,2021,43664,A
0f547032-7db2-4aaf-8f74-f94dd28d86a0,2021,19047,A
cedc752c-dd5a-4686-a8c6-9be07d7309a3,2021,1203177,A
113fe789-5dd3-4419-ab5e-5db412eaf743,2021,1322390,A
47935e4a-6a02-4fef-b310-1de7ac5130c6,2021,98764,A
c156cd33-2285-448c-9477-7edcb8e64bd7,2021,43664,A
093efdae-bd9b-4509-bb8f-babb0d8aca28,2021,1322390,A
77bcb9ff-38c7-4456-b82f-8094abbdd108,2021,1258063,A
37d489db-7464-4c34-b746-072bc5849c0a,2021,108660,A
e6e82799-e427-4ab1-ba17-e0a71ca52003,2021,1101244,A
b55517b0-2446-457c-9067-886790221085,2021,1330347,A
5145c26d-5e52-4ece-9c62-96e6056830ac,2021,1330347,A
ad341eb2-9393-4633-8dde-2e5f57f7c562,2021,18584,A
f5bffcd0-c0d9-4225-9e7b-cccef5ade398,2021,18558,A
8aac6b47-51e2-4e5c-99ba-4bb4c62e8ea3,2021,43664,A
9a0cedcf-ea80-48c7-8913-f0bd3e898f81,2021,13595,A
3637ae99-8245-4a5b-86c0-8ab2584b4456,2021,48205,A
025dea5b-3c32-4d91-a583-d21dc0e0070a,2021,106996,A
92871ee3-86a7-46ac-a8ed-a29f05ff6c76,2021,1181115,A
cff7ac96-86fa-4e96-9396-41df0a4013d8,2021,1190145,A
cfb91300-6b05-46f5-af5d-66deca9e9780,2021,1351760,A
fe77855f-ceae-4ed3-9db4-51d3c6426cf8,2021,83388,A
8baaa268-c01a-43ca-8dbb-b06544f3bbf4,2021,74737,A
48a0de7f-7ac8-467f-8bdf-b85db9c36a06,2021,98764,A
61a7d589-feb3-4441-857e-692a1dc87acd,2021,19047,A
5f803d81-1e7d-4440-b69c-ca8c163cac14,2021,19047,A
4316e101-5702-4e62-8566-4bfc94eba852,2021,113455,A
0ef3d189-c9b6-46c5-8641-7f3c86017d31,2021,43664,A
5267c579-82b3-494f-b7ed-99cd04c2c199,2021,114616,A
6ae9e1c0-cd9f-40c1-8052-75442b0fb4a0,2021,108660,A
0f80dd8d-cf47-4df8-b9ad-61024ac75e4c,2021,1117717,A
c594009f-a633-4619-a220-1e917e8d6d02,2021,18903,A
6f83836c-5a6b-4ed0-b45f-5f8cc2f80026,2021,1132918,A
dfc9c3d4-7acc-4ba6-ad12-880a6210c7c3,2021,106996,A
065538cd-4770-40ea-a78a-050a5759ec1e,2021,1306689,A
1a08bccd-b9b1-4ee6-811d-46e3b9610b75,2021,108660,A
47d2408e-019f-420f-963a-460b60c2e7ba,2021,37862,A
cb718eaa-08ea-486e-bcab-0ad416a8ecd9,2021,1322390,A
b4b8c227-5d9e-4040-95fb-080eab1e6efb,2021,13595,A
403a8468-804a-4c88-bc9c-5b43a6ebfaf8,2021,19047,A
b954eecb-13ad-4bbc-a070-13dc167798de,2021,98957,A
68be6ef3-e235-4ab1-b993-8abe4ff78fd3,2021,106996,A
72d7b0e2-beb0-4621-a789-c7dc7795d91b,2021,37862,A
3ec5a7cb-3591-4e75-a629-0a44d2491ffc,2021,968,A
81118dea-95ee-4525-bf5f-e0ea3a7f37f3,2021,18267,A
efcc4e17-3505-4f4e-b919-1a4817e54ddc,2021,98764,A
e9b29716-295a-457d-8534-d18fbaed4be8,2021,1148708,A
9e6b6cee-c4d9-42cd-9d6a-808c0b270947,2021,106996,A
75e87653-3675-464e-8c81-1d09a9ed757e,2021,62484,A
3aaced1e-99a0-45dc-9b9e-f0a7cb5a53c2,2021,48205,A
bfaf092c-4112-4d45-be52-5d32bd16b8a8,2021,48205,A
632a9eae-eb12-411d-b9b9-36fe67b68838,2021,113813,A
d2d77d2b-4e7d-489e-a445-ea0ca46368e0,2021,968,A
7292c887-6265-4264-96de-682cd138cf3a,2021,1267543,A
bf9540da-290f-444d-ad9e-e0dd1cd4502a,2021,1351760,A
b312037b-1b7b-4f1a-8735-6c516298b5a1,2021,1427745,A
f44f5d50-6ece-4a83-9855-5440148377c7,2021,106996,A
f1d4fb20-f95e-4ea0-8927-545e75f34e87,2021,107422,A
f8c0dc74-7a71-4227-8268-451cd25119ba,2021,106996,A
d630c7bc-ff40-4119-87cf-465caed18465,2021,108660,A
96f86d9d-0441-4ff3-8b9b-edeb25a18ddd,2021,18584,A
486a8abc-56d4-473a-8214-3ab11f0ea25a,2021,13595,A
4fb70827-fb4a-4138-8b88-acf20f2fbaa8,2021,13595,A
55d836cc-43b7-4cbf-8be6-0de6a6211fe8,2021,11730,A
751e01bd-645a-4a78-8888-d6f33eb42583,2021,88084,A
34cb4a31-7f59-48f0-a85d-8dc6ead5d3c0,2021,48205,A
16c52941-3bfe-44b8-82d2-5f95970df5b1,2021,1270596,A
d231a9b9-32b2-4137-b397-9663edf93724,2021,13595,A
0af56752-5816-4525-867f-8ba0e6582c7e,2021,106996,A
22641dda-7f3e-4a7c-be16-a82e0338775c,2021,1203177,A
2e147e53-42ce-403f-a04b-513029ef66b2,2021,108660,A
ddaa08e3-7b36-4328-be13-4b31132a8323,2021,98957,A
c6013cf6-19e6-4888-b513-c467c903b4c5,2021,1258063,A
7bb79a2b-76d9-4a0e-8d16-ee872303bdec,2021,20756,A
36340aa4-388a-4d06-9be7-bb851971efe8,2021,88084,A
ce70980f-7ad7-45fd-888a-c955ad7ee54f,2021,1300284,A
d1c8c772-3dc9-4e01-9d36-7875d48a48e3,2021,106996,A
e46dd9be-d61c-408a-b4e9-5ba893a680d9,2021,98665,A
10163d70-3008-4284-a4f2-6fb0ad618d5d,2021,58808,A
cffdd0d0-2862-49f2-ab59-b44d0af973d6,2021,1322390,A
42afb070-d2d9-41cb-ad4a-1c6ed1c3cf80,2021,108660,A
856b6c2f-1eae-4683-bc2c-5011bd47cc67,2021,43664,A
00c42b4c-c2ff-471b-8e14-edb4dfe81445,2021,37862,A
5ad95fc5-7e54-4be5-90ef-db523533545a,2021,48205,A
cbe36c7b-cdbf-4628-a35c-d3aa2cb2c385,2021,58808,A
43b6fdef-687e-4f5c-8180-6480fe7c13ee,2021,317,A
d68d63c5-cae7-4f72-9a5f-2bdddb6a812f,2021,43664,A
b9a88349-e6e4-4e90-ad2a-3deb49e7962f,2021,37862,A
abea5555-17a9-4838-80db-42bf65a35cd0,2021,98665,A
ad086db5-1f29-44a5-b55a-087060bcefe1,2021,107920,A
2dbe0c5c-9d3f-4e9c-809a-65d155b19ee4,2021,86326,A
98d056ef-0958-44a5-98c1-c5db05b1f9b0,2021,18671,A
c91f64aa-61c0-4526-ac51-7fb12847e1ae,2021,1403879,A
06675a09-6fc2-4814-a415-adaa7257971d,2021,1322390,A
74a41d36-4fd4-4ec1-b377-a7f91aabb9ad,2021,40343,A
e00fcda0-9cca-4265-aa1f-a7564b425448,2021,18584,A
8fea9c4f-ddc7-4f0c-93ef-6ced57425ead,2021,5000143,A
4ffbfe0c-7373-4e09-9590-8bb91e965890,2021,1403879,A
306e51de-9f76-40f0-a0b0-188d44a0459a,2021,37862,A
114cd1c4-bca4-4653-9067-4c597ca8e80c,2021,37862,A
dc2ba55c-93fa-48da-a87b-4f1e08f524d4,2021,48205,A
6bb732ac-0aae-4585-a108-2f653ed16c6d,2021,95175,A
f8ad1b3b-391d-4421-9e7d-5974bcb54945,2021,18267,A
89fb1128-9dce-4e1f-be82-e3c094d70714,2021,64664,A
b1ea2d2f-45f2-484f-b05c-c745d688160d,2021,107920,A
cceaeada-0115-4530-bd83-be0457f077d2,2021,107920,A
ef64deed-7d85-4b46-baa8-750abe638dfc,2021,1190071,A
994ce9e1-2c6a-4175-83a4-29650bacfb20,2021,13446,A
96d2a2bb-dfa4-41a8-8648-286298cb712e,2021,57612,A
42a66300-a731-42d5-bbd8-cf8189df46b4,2021,56172,A
3605d653-1961-4150-a13a-a8f27ad3ac61,2021,94762,A
5b6bcd4b-1742-40d5-8f7b-af1303eb4394,2021,106996,A
664fcec9-423f-4cc0-9dd6-54019332d08a,2021,19047,A
77b3b679-5a41-4d38-9895-b371c5fac302,2021,37862,A
6d77a874-d1eb-4b23-8612-2efb9d63b611,2021,107422,A
fa0ffa94-4745-4fc5-8b43-5612936d555a,2021,106996,A
c7523482-f7c8-49c3-8ca7-36327a1d6d04,2021,11452,A
8fda2a68-c105-4b12-bff8-b4ad12f5f548,2021,88084,A
3e1028e6-946d-450e-9f51-f02a3952a44a,2021,1136142,A
9476e5e9-2176-4e10-8c52-79e7ba74d43e,2021,1376181,A
85c05b35-018c-453d-89c3-9be65b96e60d,2021,106996,A
970412ba-8ef1-4476-8249-b8a1f6da4c4b,2021,1322390,A
3c1f49cc-8d90-40ce-965f-575963f35ce1,2021,13980,A
9f093c3d-da5f-4634-96b0-42eaf1236b1e,2021,18584,A
6eb87292-749a-49d5-bada-cd6f14cce9e6,2021,83388,A
06aee378-91c1-4e90-b241-a3af9eb05fc4,2021,88084,A
93d9e01d-1f98-41a9-86a7-62fb91a8bdbc,2021,106996,A
9f780010-432a-488a-887a-2021c7d767f9,2021,1203177,A
28d9c254-a941-4c5e-b6ca-f9e7b18ed85d,2021,1070485,A
6f13aaaf-4360-4347-9654-6a52a4c54e1b,2021,48675,A
47f035e9-5add-45e8-81e8-b79ec35de286,2021,106996,A
a1973eed-c6bc-4e0d-b082-24a2eb69d21b,2021,94762,A
0d30148a-c4b4-4283-aa3c-101aea818868,2021,1351760,A
ddf37e91-5fc4-4f7d-9529-5c82000dfe11,2021,1265453,A
68bca605-1583-4582-abf2-868163cf3dd3,2021,106996,A
36465a7a-63e0-44e9-96dc-7e193c23903d,2021,18584,A
df38664d-f8f5-420f-823b-89e138967942,2021,13595,A
54c3f814-c869-4032-9dd3-2a8e1fa71330,2021,1070485,A
bfad35c5-2029-47c5-b60d-f4fd39c576b0,2021,48205,A
8fb2db6b-2297-4644-9e4c-ecea24d0b54c,2021,50981,A
bdf621f1-7b22-4fea-a1a1-0855ca222686,2021,58808,A
87907b50-f624-42b2-8bc8-5973a5c470ac,2021,118994,A
33a84c11-e48d-4d72-8598-28b024d1eb46,2021,2209,A
f89a652d-7b49-458d-843e-9f9777ef154a,2021,968,A
2643e880-2955-45d3-ba80-17d77ef458a4,2021,19047,A
ee4b6101-4299-46c9-94b5-30970b350ca7,2021,1204325,A
4640420a-4a10-42ac-b091-374ef1fc0c91,2021,74737,A
9f7b988c-42e0-4341-812c-c49e499c3d41,2021,37862,A
f09fcdf4-0934-4c4b-a96f-e127d1fc1772,2021,1103723,A
41175ed4-bd86-403d-9c7d-23d67ea1a0f1,2021,1265453,A
8723036a-a21a-4a4b-855a-625b0d1be627,2021,88084,A
f37903f9-2355-4cd9-83d8-c856ef51702c,2021,95175,A
726af2c7-18a4-4603-910b-369d6fc3a597,2021,95175,A
f7f425cd-b813-4428-b128-6b612fdc34cb,2021,13980,A
f6985438-7ff7-4b97-bae4-30bdcedad43e,2021,18558,A
e6b5071d-2449-4b95-af71-97477eb35a66,2021,20030,A
647a5540-9ab8-4c55-9def-c6eaddcbe6ff,2021,2209,A
a8e02165-49cd-4a66-8254-bcb541b90cba,2021,19047,A
cecee5dc-f3fa-4850-8d56-accabd2450e1,2021,118994,A
fa10d7ff-06e6-43c8-9d0b-92cbad27e628,2021,1306689,A
f0e9f374-cca0-478b-bca9-5298fe7d0fa1,2021,1322390,A
aebc5f47-85f1-49b3-84eb-c3e4553553be,2021,968,A
870ac58f-bb25-4b1c-bc6e-c8fe91eb020e,2021,113687,A
e269e6c7-8d75-4c46-9167-598ec3e67b4c,2021,108660,A
50ae3d91-f2cf-42a8-a778-0182012d43a6,2021,13401,A
5c3d3afe-7f65-4bc8-8980-2aa900cbdc6c,2021,20030,A
ec20ccb8-6202-4b45-b4d0-e65d4e5e0252,2021,43664,A
6de8bcd7-5f33-45b5-bcd9-c630e523a362,2021,968,A
cc1743b4-69b9-4faa-a10c-9ebd84bd6eeb,2021,67092,A
d2e8c9ac-85fb-4b97-8b23-cd686ade2c92,2021,43664,A
81f61868-eb90-4dee-a0b4-4a8c34ab5615,2021,113455,A
f1e0f94d-d519-4672-9dab-759bcfaad030,2021,94762,A
6f345091-a0a4-488c-842d-87a08b576381,2021,48205,A
5a97340d-fce8-48ac-96c5-97fd3dbbf9df,2021,114616,A
149c6f78-c0db-4839-bf0b-d374d3ae1bcc,2021,58808,A
1cea3078-a47b-428e-8dbd-d9b3b73da17c,2021,58808,A
a4352c6d-141c-4b9e-9394-aba881bda7da,2021,118994,A
9dccb12a-606f-4b9c-b59a-f9349721ca27,2021,108660,A
3d7ebbf3-bd33-42fa-9f79-5141a66b9f31,2021,37862,A
18bf003b-43cd-48fa-a4c9-b2a529cfae6b,2021,48205,A
503028d6-36e2-4ee4-ba96-ad804f6c3819,2021,106996,A
c19b3ed7-ed24-48e4-bbed-10c46a0a98b4,2021,91181,A
d26172af-21ba-4300-b2bd-7f55fa4d8eaa,2021,1322665,A
7e59e496-079e-42c8-a583-c89cafabaedc,2021,46377,A
39403856-0e41-42a2-acf6-4216cd6baa4d,2021,11452,A
89b1aa94-c506-4dbf-8707-105e9433a5a5,2021,18584,A
1df062d4-12a2-4dd4-82c5-c717d85f73b9,2021,98665,A
23613c34-2413-4eb4-83a6-fb5df85cd4d1,2021,1136142,A
0e7d89b4-3f11-4377-bcf8-3cff50d97443,2021,106996,A
935dc520-bb5f-4707-9252-2bca0092f589,2021,13446,A
1c2ecdc6-3502-46ec-8586-88c4eacffda1,2021,1148708,A
c34da1ac-67c1-4e0c-800b-a3eb54f6aaf8,2021,48205,A
63aed358-3c9e-4f53-b68a-88035d42f531,2021,9414,A
98c7c4d6-07ab-4945-8354-3e7bdd054a5e,2021,1190071,A
ef708d70-40e1-45e6-80b0-4fe3a5b8aaba,2021,1330347,A
598c2ac5-127d-48bb-b2b2-2d9700c3225d,2021,1269545,A
6c7a300e-555c-4d6f-a7af-8e05b697ec1a,2021,1267543,A
132c285a-661e-470f-bbd0-9cf2ac161371,2021,18903,A
aac9fc92-9560-4050-ae6f-ae13a436470e,2021,81210,A
d861d05a-d3c4-4008-9abf-bb6b2aaf454f,2021,48675,A
e8adecbe-1543-426b-9a4d-bfca27b9023d,2021,40343,A
41ec51e8-76a4-4c78-9ce4-e0ca72a08e71,2021,9425,A
5f7c26e9-437c-45b7-8cfb-19dfb1455dd4,2021,101942,A
a01a53c2-0ff3-49b5-9cd8-51904cd29c33,2021,43664,A
dbea1aa2-8057-4acb-8877-5a7e78228421,2021,94762,A
1ce33963-c8b8-46ed-baae-066c8fadf81a,2021,20933,A
6aca2ff0-93a1-40bc-bd3d-da0dc11e9e50,2021,48205,A
e36fafd1-b078-4c10-a813-1da6b14f4f52,2021,48205,A
a585ecf1-a524-4ec3-93df-6e886e419e4f,2021,1314243,A
c0bba6f7-7382-4f95-b74f-663e7d5d02df,2021,43664,A
dfb691ba-360c-45f8-a877-fbd49e131be3,2021,968,A
7c873aa0-0809-44a5-b448-2be30b3db9c7,2021,1299927,A
484b7eeb-bb72-4def-a91f-aa8e4528e58d,2021,20030,A
84974a35-7c59-49fb-a029-da5e932f9da2,2021,106996,A
c5164890-dfaa-4b80-8f60-2f52deccacba,2021,1258063,A
bde7b851-7c87-4190-9b1f-659c7f2b73d1,2021,19047,A
534cec44-00fa-4a0d-9509-28bd4a8c945f,2021,9414,A
5efde364-3385-4959-a2ea-b9f01fd2aea4,2021,91181,A
b496adb9-dbda-44bb-96b4-1947e9e18dd5,2021,94762,A
14af3eef-b0b1-4035-81a6-bc95ec520187,2021,9414,A
7b116e74-0a35-40ee-8e63-d72ccb7808a3,2021,1322390,A
8796ac22-c69d-45ca-931b-357b160869c2,2021,49071,A
aa6ead05-8d2e-45ed-8e98-a6402ae65639,2021,64664,A
3a2effc3-10c6-4d7b-af2e-5756a7d4a4c0,2021,968,A
c48b9bef-16b1-4d5d-875c-3724cc0b23ab,2021,108660,A
9d406bca-02b9-4b83-affb-032e4fb5e730,2021,18584,A
a9269c93-12f0-4fac-a198-002d7ef58866,2021,1190071,A
30203fd0-61e6-441d-be8b-d67d9b892093,2021,11730,A
7e45510a-7ffb-4227-954d-0e42b2238023,2021,1102628,A
5dc31efc-509a-4bce-9fe1-510c8a82a81c,2021,37862,A
3f4e2168-1782-447e-91c9-54584122b4e6,2021,1315444,A
ab39cad8-abd2-4601-8e67-dd5edf356237,2021,48205,A
8aab52ef-9cc1-4d44-9676-7b6a203acaa6,2021,1322665,A
c903fc64-ee16-4af3-b90a-88d3702ad608,2021,43664,A
0a847f63-3415-4670-aead-31bd54361619,2021,48205,A
dc3b6c22-446d-4338-9d52-b05c9e24750c,2021,50981,A
86ef63e4-4a9d-4ba0-822b-1a0a58b65a1e,2021,106167,A
ebc2ac1c-c0ef-4e5a-b3fa-300fe300fb6b,2021,107920,A
5dacf9a4-371a-40d6-acfc-1976d3b5ead7,2021,104360,A
1b686f11-660f-4321-ad7d-5c9736e07987,2021,43664,A
c7f46050-326f-4ad0-97ad-77a840df43df,2021,19047,A
fb2e21f6-f81b-4ff4-834a-2e00d0598fdf,2021,48205,A
d69bbbab-6217-4532-907b-cedb858364d8,2021,90030,A
56be9fd8-d22d-446e-92b7-ba6ee70d7dea,2021,317,A
5196f693-4ce0-4a8d-9adc-ad69b2a33d5f,2021,104360,A
f7914d48-1871-4a0e-aff8-3acb2e3a8e58,2021,47069,A
e091da5a-b404-4462-b1ad-95ad0f3f32b1,2021,19047,A
0b6910a0-a332-4e6c-a8c1-4483d1dc76e8,2021,37862,A
79aca18e-9369-44d3-bf5b-f1e638fe10b2,2021,1306689,A
6a5eb026-1c6f-44d5-ab8d-fe663132ebca,2021,106996,A
916568a4-5c23-4900-8e58-e3813c993f79,2021,106996,A
ae33d545-55a4-43a7-b737-b446f9f0a9c9,2021,1203177,A
b05b861a-5ae7-4a26-9902-712bddb288cb,2021,1322390,A
16e88281-20cb-4c2f-8419-5ae9d755f2f1,2021,49071,A
043dfd27-6aed-46f8-bb96-bd9f78533e59,2021,108660,A
82d432c7-68ef-46d3-8134-2310017a712c,2021,20030,A
4732b17c-5396-480f-8185-88c4ba4a33c8,2021,1322390,A
b7b2bf0a-e9ea-4889-8925-3f4245587742,2021,1102628,A
4980ce8b-9776-4e34-acf2-52372b3653d3,2021,108660,A
1314211e-180a-48ea-ad01-bdc435a230d3,2021,55402,A
bffadebf-13ac-48e6-a3ca-03b6c471e901,2021,94762,A
5e12cb70-1571-409e-8acc-db1b8df8cdf3,2021,48205,A
7aa5e939-971a-4ca9-ad7a-ca418edac1b4,2021,48205,A
31de9a71-0ec8-4807-9154-d28751230100,2021,48205,A
1ddcb35f-2bc2-4fc3-b63b-bbf0937d380b,2021,107920,A
19040fa3-549a-4305-88b1-8c7f5254c803,2021,57606,A
8e005cfd-b80e-414f-8c16-8a7ed98ae034,2021,1351760,A
9dd94317-748e-4125-8a00-de674a2021a6,2021,88084,A
d39dc42f-cedc-4d02-b337-731cc7104ce9,2021,1288839,A
58e40c4d-b56a-456f-ab47-d40709e3a1b6,2021,94762,A
02c66df6-b8e4-42c2-94d9-f54bd1f93ed4,2021,1047907,A
ca34fb12-ebe3-42a7-b5b5-b4f6111ff5cf,2021,95175,A
c056ec1e-ea53-4087-86d5-9793f0e85770,2021,2209,A
492cab82-def2-4412-a707-31159a4f551d,2021,13595,A
5981d38b-4549-496d-9707-e5dfce358a76,2021,13595,A
bb893301-0ae3-459f-936a-1f5278ca760d,2021,1376181,A
f7b8044e-bc9c-4616-a715-6547141437cd,2021,1376181,A
3ddc9ec8-962c-4f26-ae02-e4acb1e7506c,2021,74737,A
f62627fb-1d7d-4910-937e-6b18a6f45608,2021,58808,A
4fd3e9ef-fd87-4b87-a888-74bdc9bbad74,2021,9425,A
738b0508-da0f-4844-a508-66c70346d1fd,2021,104360,A
39e08c6d-9246-4353-ab52-e26c5a3598db,2021,101942,A
9d142e8b-69b9-4167-90e0-cbe9c5898318,2021,13401,A
2da02515-aa98-43e8-b45c-bf2eda6b4eeb,2021,13277,A
24706ebe-1474-4848-a35c-164db791d22f,2021,19047,A
d65ff825-b513-4751-9df3-6d602a82bee5,2021,1351760,A
af6953e4-b2b7-4973-a54d-6cfaf65d7144,2021,88084,A
c30ab431-3113-4e71-a612-05086bcd0354,2021,1306689,A
c1692019-9c97-46b4-9898-65cd20276f6f,2021,117532,A
bff238ab-86e8-4305-b2c4-cfb1ec029cb9,2021,1300284,A
32658f81-3103-482e-b61d-cca46c2deff7,2021,108660,A
55c56a6f-c041-43b4-9bfa-9b096097e35e,2021,113455,A
46ad25f2-fe59-45d0-ae57-d073a13cc35a,2021,48205,A
01ee0eab-88e8-4c64-a88b-e6384a059bf9,2021,1322390,A
692e6c67-d3a7-4116-984b-5c571faa22bb,2021,53333,A
f56174fb-e185-486a-98e4-8d5db7cbf12c,2021,1190071,A
90ce8d8e-9ccf-4aaf-a4eb-5899086f92e0,2021,11730,A
9cba50c7-28d6-4b92-85f7-d92484ded335,2021,9425,A
a9161600-d11a-4a9e-931c-ba6dd41b4c0e,2021,104360,A
ab0a5cde-7dd6-4e9c-b2f0-e64f6e2fae76,2021,118994,A
bab74819-ab45-4740-853e-a8a216901493,2021,1181327,A
19634f1c-4c3f-43af-8683-7c99709358ec,2021,94762,A
93c90562-e6d7-4589-9ae1-d3867e1933b1,2021,107422,A
d20ed3e7-740d-4c03-b173-08b1809c3ef2,2021,22047,A
23f9fc80-f16f-4caa-afcd-89ef0e40feff,2021,55777,A
2713d60e-5cc3-45e4-99e0-458f64fbba47,2021,58808,A
f8a955fe-e5c3-457c-a481-ff56ba520fcd,2021,106996,A
5a3131ec-f430-4176-b335-1c25c3894035,2021,11452,A
0e8cd542-8a2b-4dc7-bb11-b4daf1cd7d83,2021,107920,A
0202fb80-1bb2-4eed-8d39-4940b5f1fb64,2021,107920,A
a11f4692-0df4-4ef8-89e1-f9d50227c34c,2021,968,A
40767458-12a0-419c-884d-d5c4bba73a32,2021,49054,A
05ea6b9c-a40a-44c8-a357-f6deb115d5fa,2021,20933,A
031495e7-fa45-4ed1-8a06-875e4fca4c0c,2021,98957,A
f35f9347-a7a9-4421-85e3-a3f790f0d65e,2021,98305,A
a9eec8b9-09a8-4107-b982-7dc2d68b896f,2021,13446,A
a7298d7a-e1d4-4e1f-b82c-381e872b233c,2021,19047,A
bb2a23d0-de62-4b5d-951e-47ce9f6cad0e,2021,13277,A
2f273e34-17e4-4407-af4b-2836d15cf3c1,2021,64664,A
4c5afcb7-400a-4b23-9939-cd589a02df6f,2021,88084,A
c0838ae6-af0b-47e7-8618-4cf90a1366ba,2021,1306689,A
dbae7b89-7dfd-43ff-874f-12af18c6e5cf,2021,55777,A
7266e6da-3abe-4e80-b24f-acbd5a178d23,2021,101942,A
e8b99f16-8f14-4895-9ae4-0aa3981e5c4e,2021,19047,A
d9f0f3f0-b888-4b49-b436-c82920a6bc4f,2021,94762,A
c670f3f2-5fcc-4509-b799-9aa341c9e248,2021,88068,A
d95aa3e9-7468-4764-9109-300d97f2f9a4,2021,20030,A
6df25d4d-028b-44fb-b7e5-091039f5aa2f,2021,106996,A
9bb651f6-c581-448c-b41b-d0b2a4aeb74b,2021,317,A
86b0eef4-e97d-4e76-8b71-cf2ba8df884f,2021,108660,A
b56e0186-061b-4826-8fd3-88820f1979a7,2021,73140,A
4a14f0d3-57a2-4342-ad07-be38874b82bc,2021,101942,A
f7f5597d-8384-4946-be9a-3c588eb29778,2021,11730,A
e9ae2f6b-1821-48b8-8d5c-30aa24b857cf,2021,13446,A
e95c600d-fa89-4a0b-9c64-360b4a9ac828,2021,58808,A
46d74f38-c7ee-4ba2-a4db-e595e0b1e000,2021,11730,A
abf82668-4ae8-45b3-9f02-fcd9c74124de,2021,1070485,A
79b16a9d-b563-4c43-a06a-03264c79bcc2,2021,107422,A
9fc27714-e8c3-4383-9a2e-a846f123cb3b,2021,20030,A
4e10c5cd-19cd-45e8-99d4-3e0fa51489f0,2021,20030,A
77a53bc5-926a-4e7d-95c8-d20edb516117,2021,106996,A
88feb5cc-e390-4c3e-8ec5-72c69a7d90a6,2021,98595,A
0be6b46c-a2da-4fc3-8803-ec8e43b18e19,2021,1322390,A
82ec105c-5fe1-4ea8-a488-10bdec093241,2021,1322390,A
c129f4ed-02ae-4b7f-ad4a-1c656aeaf448,2021,1322390,A
81847e59-ac1a-49db-b4c9-372df65ec5b6,2021,1190071,A
558dbd04-4546-4636-be4f-386f9e335126,2021,2209,A
fa90b50e-8095-4300-add4-ac2c26e1f25b,2021,83388,A
222b5b22-0d4d-4230-845f-572cb316b1ec,2021,9425,A
3a6630ff-7093-424f-a112-d6013146ab5e,2021,317,A
0ee15c4c-b40e-4bfd-bdc4-938a62ef5271,2021,108660,A
048651fc-f273-46db-a80d-2e3f06703523,2021,67601,A
1c621cf7-7184-402c-a5cb-00b245e74f58,2021,49054,A
1b9be468-5b89-49d7-b590-71811edf1419,2021,1101244,A
c5bd7a79-bb84-4b1c-a1ec-f68a74460d76,2021,1318224,A
c19a8b69-aaab-4352-bb39-afe4a04270a5,2021,94762,A
40563fe7-4df5-4d60-9254-1ecac33f66f1,2021,18903,A
8084fb7c-1740-469b-8ba0-541bff495701,2021,58808,A
665b9414-4b75-4302-aa43-dadf951a4d8a,2021,83388,A
b35dcf24-22e4-4df4-86ed-26ee2fd1e79c,2021,88084,A
5198760f-f20b-4610-ae77-39700647a788,2021,47051,A
06bd3c1a-eae3-4538-b5f5-05ebc621acb6,2021,19047,A
76e0a88b-2b75-4b0b-896e-9a18b6b21916,2021,113455,A
50bbf9b6-c8f8-4f41-844e-7617dcdb5587,2021,113455,A
2e7dd479-0832-4cbe-9240-f7f16e86aeec,2021,95175,A
6dd5320d-8548-4b2c-afc1-1f5bbb896901,2021,98764,A
4621baeb-c00b-480b-a991-4d97935572eb,2021,67601,A
bf10d8e0-91c9-4031-acf2-438143507463,2021,317,A
c0d875cc-d819-4ff5-aa85-9883b261297f,2021,108660,A
c51beef5-3e5a-45b7-bf3c-a9fa919ba46f,2021,88084,A
c03f0bba-59cd-491b-9459-0ed9c0bb73ff,2021,37862,A
510c085e-7972-4b65-aec6-38515ed93a58,2021,48205,A
20609db8-5d2c-4a8a-b21a-67e29fdcb996,2021,968,A
48be6827-93fa-4af6-9634-3b3af3b592cc,2021,968,A
d7c5286e-3466-4730-a8e4-574d213ea97e,2021,118994,A
3d0393fe-0bab-438d-a9d2-d941e0d81e9f,2021,97443,A
4f076e13-635b-49bf-98f8-81b4589ea84b,2021,5000135,A
e0c51875-aa1c-4fe9-b2da-1b5f97b68a05,2021,1306689,A
36306e3e-1fee-4c78-9fba-342a042dea6a,2021,43664,A
fabbb0d2-932c-409c-b14b-42944019afa8,2021,118994,A
d17806b8-91e8-46ad-9be3-307c001de233,2021,1427745,A
a7f215f8-e3df-4260-8cc0-92d4c36b3ea1,2021,101942,A
2b76bbaa-5705-44b0-b64b-ee5744863d56,2021,98957,A
e7044b79-939a-4b31-8434-e48015ea30ee,2021,1385488,A
3a13d265-4573-4121-8473-db328a3416ca,2021,118994,A
f996a438-23d9-42e9-83f2-ae8a62f5fe11,2021,94762,A
70fc4cf7-3e0d-46d5-bb12-5a7f3b617557,2021,108660,A
82c893d7-58d9-4e29-ab3b-f8cc2837c0ce,2021,13277,A
418024b7-4aa6-4183-925e-0187b39631f9,2021,98957,A
023177f2-1fba-4dc2-a269-a8dd5cba8537,2021,13595,A
8065d866-a333-4818-8fcc-ef1cbadbd758,2021,20030,A
6db44c2a-76e3-4d9c-9545-cdc0201cc9ba,2021,106996,A
0b246ac6-8597-4cb1-8612-c22a3b67d774,2021,55777,A
d2f6c741-9bbb-4674-9af4-680fb10030d3,2021,1322390,A
fa73f994-071d-4f7e-9e22-50aeded82b72,2021,64664,A
be31c78c-9c12-4dab-9768-44fff992028b,2021,11452,A
28a74baf-c732-4506-b10c-33417f079b01,2021,1306689,A
fd7b6c05-8d03-402b-8661-997f9b4ffa95,2021,1269545,A
190d864e-c6a0-4fa7-b13c-6d7f0f789925,2021,1376181,A
86ceedd3-42e0-4f4f-9c77-3e877a2aa6f1,2021,56172,A
d5e795ef-bc65-498f-8c04-a89105c653d0,2021,106996,A
7b349cab-9005-4aca-95e5-8b8a486c8e17,2021,98764,A
32e54ea7-61cd-43ac-a9ee-b3657dc89028,2021,1117717,A
6dbb2f36-462d-4bff-a56a-d1a4d8c0dc16,2021,11730,A
7da4eaf4-1f52-434c-95e9-b5e2556fb2d8,2021,83388,A
7de875cd-34c7-4350-bfcc-2fec75fc7477,2021,48205,A
46fe5a0b-9b8a-4756-9b4e-ee231471da90,2021,68930,A
1cd37fef-8883-4bae-bb82-5bc43c720ec8,2021,1300284,A
ec15bd93-732a-462c-8495-24d26d8a47cc,2021,41238,A
48f038a6-c33c-4c16-a57b-cbd54320daf0,2021,49054,A
5ff951f2-9b08-49ac-9678-b5e2a45efc3c,2021,58808,A
ace73737-1e9b-40e3-8b50-8d1488d8ab17,2021,1322390,A
01f1f5d6-1af3-4924-9c39-55f4f15b1c6f,2021,1322390,A
bc56409b-b583-499e-8a52-7e80bdd27077,2021,43664,A
ac377674-84d3-4ed2-ac9a-396cc976a65d,2021,968,A
4c56b94a-87b4-4186-acc8-78f613dbde96,2021,90030,A
92673971-f05d-4f80-8bd3-1ed0e0585ab3,2021,1283028,A
c6ebb131-bc62-42bc-a96d-f97957d2913c,2021,107920,A
dd63c496-787e-4d6f-8584-4b17b58c7f7a,2021,21464,A
08546dd0-7d72-4476-ac49-bb214b0e706e,2021,1265453,A
f9921e0f-2f1f-4597-bd76-b409d07ea211,2021,48205,A
eeb224e9-cd02-4641-9a0e-091739ec7997,2021,106996,A
2af3e432-6c6c-461d-8279-ebf53e8f9559,2021,1322390,A
b909b040-24d8-442c-bdef-36fa931efb23,2021,58808,A
e1b3811b-1b46-45dd-93f1-5a39f0b47103,2021,108660,A
08aa207f-a77f-4650-b15e-573e1ffe9ac0,2021,88084,A
a8719937-b548-43e2-8ef2-67b667a87911,2021,1403879,A
3d2211d6-edff-43ce-bde7-b66759ddc356,2021,94762,A
8b454d36-e5ed-417a-a91f-79808934b287,2021,74737,A
b5c60aef-e8df-4bd7-bf23-976eb5810a37,2021,9414,A
46d33a7c-5ce2-4254-9d61-f7202e07be75,2021,101942,A
c8a52fe8-be8d-42a2-9bee-0ad9b2027911,2021,1385488,A
cb04e8df-bc96-4240-84a1-52b42b695e7d,2021,13595,A
17727ba6-d7d4-49c4-bd53-2dee375182a1,2021,18903,A
2af5910c-2eab-4604-ab08-40cdfeec4a2e,2021,95017,A
a6c54456-9de7-49d0-b68f-ea25c6f609cb,2021,20030,A
7b2743b8-26f6-4d4a-acdf-6a928fc22af5,2021,1427745,A
5140b1a6-6c0a-4f5f-9599-7f34e8b3abf4,2021,106996,A
1ebfcdba-4bdd-4abf-946a-39b1121a8817,2021,1181115,A
cb233b59-01dd-4e60-87e2-f84bf6e3c384,2021,43664,A
2a7a6391-54b7-48ea-9999-078c8d663ba4,2021,1385488,A
3491d5e8-7aed-4b87-9f68-2aef10fafaec,2021,317,A
519a7daa-60f8-42e0-bed9-8f49e7720e3d,2021,108660,A
796f0592-be87-48a0-98de-5fadd04b6d58,2021,1376181,A
2fa79c5c-2908-4216-96c6-dbb277d6c56d,2021,98595,A
f3df9232-cdf8-46d8-a576-40164572d75d,2021,1270596,A
b3c2e065-74d3-4110-a331-fc57cb912207,2021,107920,A
02cd8ed1-d670-4b0e-8cc3-0254ce7d64e8,2021,37862,A
5086b1fb-01dd-4a53-957b-c03116cdb50a,2021,5000135,A
2ab0a5d2-4b8c-4c35-8cc2-03cf512b3894,2021,88084,A
36efed30-8d7c-44cc-9779-14730247fa8f,2021,1306689,A
3a0b3f22-6440-45dc-85a3-2c0f97f1ae41,2021,101942,A
9a9b176a-0b48-492b-ad5a-571b29099407,2021,5000143,A
c6d81921-91ea-411e-be3a-d604cd3ee978,2021,88084,A
b383ecaf-2967-4419-8e5b-4be3a58d6e54,2021,20030,A
0af4f36d-2e9b-413f-9a74-c6adc081e4c2,2021,106996,A
b7480a99-716f-46bb-ae46-ac1f32703a10,2021,1322118,A
dd65c909-43f2-4d3a-8721-58a930ec2be8,2021,968,A
ceb9369f-af75-435e-9a19-57d97d655924,2021,5000143,A
41426be3-04ac-424e-82d0-c4bfb722e16f,2021,1265453,A
3ddbef62-3d2b-4499-83a7-f1937992ce17,2021,13446,A
b0a55eb5-291c-4ef4-884a-4b06bc49184a,2021,106996,A
0b806e2f-9905-4d9c-8eca-34b5aa1749ce,2021,37862,A
92b4a634-3e9e-47b5-b690-e4f8d0cb13ac,2021,37862,A
7c6972f7-4a53-471a-95c1-32ac6e6eb77d,2021,48205,A
7b296f7d-4e70-4a0f-8355-6159564c677c,2021,48205,A
e893781d-b49e-4595-b4ef-313f16634f9f,2021,1181115,A
9e311f16-cc58-4b3c-82aa-156789470f6f,2021,103062,A
6ec64654-13a6-4e4a-ac45-67b28da78375,2021,22061,A
782a6411-b6ca-43b1-b2d4-a0695be96843,2021,968,A
9191459a-3faa-4e23-8804-f9eae91d8a81,2021,91262,A
c739dfd5-0b7a-497a-a1f8-fda0b512ad7d,2021,112086,A
91cd16de-b821-4756-93b0-2c89451efb14,2021,43664,A
4e273410-a65f-496c-b0d3-e927df22408d,2021,13446,A
25b033a3-bbf7-49b4-b2d0-49b8212cb3e0,2021,106996,A
b2309434-7c12-4671-9382-ab467918282f,2021,9425,A
7220abf6-c633-4719-9603-31aec1d66c4f,2021,108660,A
3a4f8aea-7d9f-42d2-ab4b-e120606b470f,2021,62484,A
b28976e6-af62-494c-b1da-5742f22e0bf7,2021,1190071,A
5a83631d-58cf-4e78-bdc9-d9225528737a,2021,37862,A
2f94f1f3-9b87-4425-a032-e05bf752e1c3,2021,1376181,A
4a641cc0-0b42-4a69-855f-4f63a424819a,2021,19047,A
e4f41f4d-9417-4141-bea3-3f22e4f9ee63,2021,11730,A
a88ddd50-639e-4dc5-aad5-221bc088932d,2021,41238,A
62cadaba-1b3d-4e11-83ee-782ae0c35c29,2021,1070485,A
b8403e90-626a-4306-b10d-67abdab217b9,2021,1376181,A
59b806d9-81e4-42ca-8df2-098e954aea96,2021,1190071,A
8c27f27d-46f5-4b03-a890-506425e9235d,2021,1376131,A
e58a9091-1ef2-4965-9d10-8648167381ee,2021,5000135,A
c851247c-482f-4729-8d7f-3aa0366c0b15,2021,1204325,A
330f493d-7122-4372-a415-372c22e9b94d,2021,13595,A
f618d306-3d23-42a8-aac4-a9bb10bf8ce6,2021,83388,A
15204d8b-177e-4aef-8240-b312d30b635c,2021,94762,A
4bbcd7c3-ad40-493e-b396-a3570cc75aa7,2021,107422,A
6ebdc298-2bd0-4a77-b666-ddf8d8d48602,2021,48205,A
24ec058e-0db6-458b-a4ce-ee3c8c05ba73,2021,18683,A
2f248c35-6ddc-44b8-8543-500e94e99e6e,2021,1376131,A
2d280969-25e9-4eb7-9ada-ec7ecfa4124e,2021,106996,A
e5b174f3-0477-4a0d-9908-abf58272bcae,2021,37862,A
112b83e0-af7d-421b-a259-0c7a5baba7de,2021,87396,A
a6116cd2-cad8-48ae-b56d-ae98dcf4cb95,2021,106996,A
1f35af7a-7cd5-409d-abfa-3a94d5db58b7,2021,1322390,A
e9a57c1d-22eb-45ed-8b92-d48c55e52d16,2021,1101244,A
c73bd902-0caf-4019-a7af-a5c245c1b30f,2021,1190145,A
34134172-ff1d-4c0a-81de-42b209931202,2021,37862,A
ae5cf689-63d4-4eb0-8d7f-6819779afc3e,2021,20030,A
6d2a3c9c-9a01-4a6d-89ea-4e3e17bd8096,2021,106996,A
e775e64b-0466-46d0-ad15-b1159e457e9d,2021,1322390,A
245a171c-6921-43d3-919b-2d109349d349,2021,107920,A
a3431714-acdd-4d2c-9ab2-347bd7de57a3,2021,968,A
9c06677b-04db-4cca-8793-947500e938fa,2021,18584,A
3567acad-c54e-4020-ab21-05b3c484d6c6,2021,94762,A
a3df13d3-deb6-4c4e-93ea-ca9aa0b516a5,2021,22047,A
e799bd26-6860-4b60-bb04-74c94073ba75,2021,9414,A
c2bdb483-ace9-491d-8221-0df31aa8f229,2021,117532,A
c4202681-2d33-422b-a7cb-9d9482373715,2021,95175,A
21f4ad67-fbd0-475a-b46a-adf46a7061e1,2021,1101244,A
4164502b-55a8-4446-9399-ddb15a007cb4,2021,48675,A
6926ca1b-06e1-4b4a-b31f-c602124d0f0f,2021,94762,A
e98cebab-40b3-41f6-9646-4ea8a16412b2,2021,1103723,A
fda693b5-9187-4d17-8f0c-a4643746f66d,2021,37862,A
a15cce99-52d5-4ec8-8795-6e0b73b90fc7,2021,59122,A
cf6ad1b1-2360-401d-85ac-274214a9945e,2021,9414,A
525c0c2b-628d-45f0-b28e-af8003dae7be,2021,117022,A
d8422cad-7548-4524-9e24-c8084eb6c159,2021,5000135,A
84732f71-4a7d-4cb2-8090-aa2fe64d5070,2021,1190071,A
b98d09c8-2f1d-463c-af3a-bd427d637200,2021,1181115,A
440c2428-33d0-4a99-badf-4941b80b55e7,2021,47069,A
b33cd0fb-e6a7-48cf-ac25-0e321a56b8a3,2021,47051,A
555e6b46-673b-45bb-9781-774483643682,2021,5000135,A
18fc7cc7-e2c2-4b81-ab44-22b1fda79567,2021,103062,A
090a3f32-938f-4d9f-b175-4da6e6e41689,2021,968,A
44399e8a-844d-416d-b6f4-c6b187aa921a,2021,1190071,A
6fabf880-c3c3-4c24-a1a5-07fb39e040e2,2021,1101244,A
9b0fcf88-4637-419d-afeb-c54be750fe3a,2021,108660,A
a537794c-e30d-4a3e-829f-840c8aa55c6b,2021,98957,A
05714e84-c557-4f2a-a05e-13772ea9fb3f,2021,1148708,A
1d1b3e10-0b47-428e-91ee-0768b8dc6b82,2021,37862,A
e4def7d6-652a-46d2-a81e-64c1e113bb54,2021,20030,A
fd4a5ee6-0f6b-4892-8145-0ad4ef83e4db,2021,1322390,A
a92ff36b-04ce-40ff-9cd4-70f74e924bee,2021,1190071,A
c3c5840e-ee25-48d9-a3c5-36632748d70b,2021,1318224,A
13159882-47ee-475d-8ea3-a6a1f5cf8494,2021,83388,A
f9d608a6-34ab-4bb3-a6dc-19a8dd7bad75,2021,968,A
72676f06-6a13-4e00-be87-9922fda4f1d3,2021,968,A
aaf0aeb4-0e37-49a1-844f-31e4bf3bca64,2021,968,A
c6fcf1a3-8e07-4d62-bdf0-2c60b6d9ad8e,2021,968,A
aa55a2e3-1887-460b-9bb8-1d2a250daa79,2021,20933,A
fffdcf03-bc3d-44ef-8fb8-4eb808e87f01,2021,1108692,A
62c55a90-1ff9-4202-aaaa-50043a825456,2021,88084,A
1b1c2cab-65b8-4d33-8ace-8eec7ba340f4,2021,1136142,A
3024c107-5f31-42fa-9937-f503b6cb80a2,2021,48205,A
62b73291-9d23-4560-9c26-2424820511c9,2021,20756,A
cfb578b9-ec59-47f0-bd7a-745d054871ef,2021,49071,A
03752e09-a59d-439b-baf1-d857c6b60382,2021,113687,A
787c9a73-52be-4388-95e0-1e82041c6cf5,2021,116770,A
9431fa92-0fd8-40a4-88d7-5b234a2d040b,2021,513,A
b47e22ae-9cc5-435c-a7f3-4b390fbaea66,2021,43664,A
f89cc6f2-180e-461a-ba69-3f4ce0cf3fd6,2021,13401,A
53c1db1a-5521-42c4-a51c-fe6f3c501cb5,2021,37862,A
037a6899-3ce1-45eb-a400-dde295da15dc,2021,113455,A
ea353674-98ab-47f6-9475-a60875bcde7f,2021,88068,A
28e52590-25c8-4027-96a5-e4effec8bd58,2021,20030,A
43fa0445-ed18-4a29-b98f-3ec30fd8f6a7,2021,50981,A
61fa49ca-c8f0-4815-8e7b-646bf6e76f15,2021,106167,A
e01d6fc6-1007-4215-8a4d-55d49161025c,2021,9425,A
276f97ae-7d3d-4b3e-a92a-500c8039791a,2021,108660,A
2b383374-a9eb-41ce-8fa0-400528afaf06,2021,19042,A
0a3fa334-da39-4afd-b4ce-9fdb0683238c,2021,101942,A
182c502f-50c2-4622-93ec-efaaa2c15d13,2021,1351760,A
56bcd583-2631-4174-9133-9ab004016fbc,2021,318882,A
b5324175-521e-40e8-882e-6c03b244522c,2021,43664,A
08721c3d-6c56-4a97-84b0-713f66de02c0,2021,106996,A
e4f1bf92-fcec-46fc-9419-c9e795239659,2021,48675,A
b1d18afd-9f33-4791-813f-bda18e337e1b,2021,106996,A
d5cc85f3-0436-452b-a121-f797ab81f3f8,2021,95175,A
6eec8bcf-e930-4ea0-a7f1-f0f4173196e5,2021,1322390,A
f42966c6-2277-43f3-9239-4109f85a20a5,2021,1190071,A
35b2b0da-cc83-4aad-9c09-83d4eb368e5b,2021,11452,A
714b3cdb-7bf2-4167-9373-5c7db2a53463,2021,43664,A
1dfb9ebf-7325-4061-a091-2a30a25e43ff,2021,2209,A
21e8a016-f9b5-40c9-aa30-54eeae1b58b8,2021,47051,A
23c9e283-f120-4801-9d6e-1ea56d86d593,2021,1314243,A
ce535a99-d4c3-4f89-a8af-6442d4446607,2021,47069,A
c52991ff-a1c1-43bf-89ca-339fd150b529,2021,1136142,A
833b3983-9316-4477-8911-bba5db0fca2f,2021,113455,A
d02d9011-40e2-4e57-9d91-bec8e5aa787a,2021,22047,A
35079995-15ba-4944-85b0-8376ec6c2a20,2021,106996,A
c658c8ec-b7fb-4c07-bd7b-cfd1e68cecdc,2021,106996,A
a256cc06-d601-463e-9750-1b7937ae012c,2021,57612,A
6f981e91-2c97-4c66-81cc-9db2c38ba30b,2021,90030,A
52eb9024-ce3a-4129-9c56-adbeba0f2007,2021,22047,A
88401ddd-cbd6-4e0f-b92b-d2712786373b,2021,20030,A
13e6f126-5fc1-4c02-bf7b-e93cc94cd875,2021,95175,A
948f6cd8-813f-4931-bf76-14e79d20fe0b,2021,5000135,A
22d786b9-b5e6-42e1-9978-2a3981a6e0a5,2021,50981,A
4b7bfd7c-18f3-440f-aa98-5721c6e42cf9,2021,1190071,A
d23ab7fd-b8d2-46e3-9e00-0c616502d9e9,2021,1148708,A
be6891ba-6ce2-49e7-be71-3322536aa9c3,2021,95175,A
d8266aa5-35bb-478e-9272-accdedd1bcaa,2021,1322665,A
51bdbadb-6046-436c-9cea-abcd5716c04d,2021,1190071,A
090fa419-ffd9-432d-87b3-7c3f06ea32ee,2021,106167,A
b6236598-6bed-4162-8ec7-c9c3963bbc22,2021,1385942,A
771896e2-6b4d-488f-a03b-70a2f1548ba8,2021,317,A
0fd8a887-e519-4ffd-8db2-f4fee1ff850f,2021,19042,A
d2cd0f8f-c2f1-47c6-976a-b3266147e97c,2021,47069,A
6b40ec2f-cba3-4287-9e50-a9475264a270,2021,11730,A
2921ba6c-942d-49fd-bbb6-33f326ab5bec,2021,13446,A
10a4bccc-d5ea-461c-8c66-ce92880e0f0f,2021,37862,A
dcd4f4e7-9823-47e1-8346-f771faf1b806,2021,20933,A
b3b2936a-d63c-43be-b849-bd674d834138,2021,1047907,A
d7dc0d3b-d005-47d2-b032-4f314b3d6432,2021,48205,A
c3c2f7e5-ed22-43bd-93bc-5a2587e98ae0,2021,48205,A
7770430d-3a58-4db3-8a51-09fb996efe8c,2021,5000135,A
cd331a22-5500-4e18-a8f4-21732cb224cd,2021,108660,A
fee759bd-9ab1-4750-9216-e1874e60ff38,2021,1351760,A
00bb6fb1-8df8-4823-b35a-10ec6b8ca924,2021,98665,A
8770556f-4c44-4483-b537-a7daf5fe515a,2021,94762,A
d0c02ac7-81d2-4293-9fa1-c6d1a7903227,2021,101830,A
2ea74a45-3b70-4a0a-9d96-817e088f866e,2021,1070485,A
dd27d156-882c-446b-a39c-a5b7f65ecdae,2021,107422,A
7c092571-a98c-4128-99e8-c8774b92be47,2021,1376181,A
322026c6-62f0-4472-8644-9859371e97d3,2021,106996,A
d755cbe6-cf7d-4473-8fdf-d31102af1d60,2021,1322665,A
55dbc643-a7eb-4deb-8f7a-d9c71b3d4e87,2021,1376131,A
db880c5a-5a7f-46dd-9d5c-409046052671,2021,40343,A
257f3dd3-b506-4a80-b08e-e900f163b7bf,2021,54934,A
51bb67b7-d2d4-48d7-bafa-44da0117d37f,2021,57606,A
bbdb46b5-c3f4-4825-86f7-da6a0fe7c750,2021,1351760,A
1c3c2c4d-ce3e-4c9c-adf5-0c726967f4ea,2021,37862,A
494164bd-983b-4821-a7fb-4811600cb71f,2021,118994,A
de867f0c-0820-478e-9799-fae428ac2bb4,2021,59122,A
a470bcac-5bec-487b-a347-16bb975760f9,2021,20030,A
30cae938-bc27-4ac2-b832-9aa5af63e795,2021,98764,A
546e4373-ea54-4e3f-badc-c32defb163d6,2021,43664,A
24afddb4-417b-4bfd-8e3a-036674baadbb,2021,57606,A
a341ed03-a845-4f88-9d41-359594ea263b,2021,67601,A
ca7d693e-d5aa-4c99-a750-238273ab72fb,2021,107360,A
10b7724a-728c-4c31-a9ed-143dfcd2afa4,2021,1265453,A
0d96387a-d1cf-4a3b-9af9-527f56ec23dc,2021,37862,A
8a1166bc-3b1f-4af9-9bee-f8e37a985821,2021,11452,A
427a3399-7c5c-453e-ae0a-3a68efca7517,2021,18584,A
47e57822-4b60-4cb8-bd46-e84ae901d379,2021,73140,A
c55d89c1-3899-46cd-b014-9fbfec8ba93b,2021,1136142,A
f424b772-3abc-4165-ad9f-ae6db38768a6,2021,1427745,A
83c9ff6c-eadb-46a3-bc4a-827505b4706f,2021,1190071,A
e34d4d36-bac4-4f85-a733-b7a4fe0a786f,2021,1385488,A
748cdad5-9f07-48f9-b0ae-360f800a60d7,2021,5000143,A
81a7fa76-6179-4160-82b4-605e21d5599e,2021,98305,A
7640b747-3b36-46ed-8eb6-c5fcfec59790,2021,49054,A
42a97e48-6f44-491c-bcfa-b5a386861062,2021,1283028,A
aaee1d55-cae3-49c6-92ea-fc789ab55d23,2021,48205,A
98c9b97c-0317-4b3d-9486-e85ead287904,2021,97443,A
2d4b9a0d-3626-4c80-94b7-6ebf56acb2ea,2021,1190071,A
6e1e864f-1cfa-49e6-99dc-559f7e61d03f,2021,113813,A
30505a5b-277a-435e-b913-ae74771c563a,2021,1318224,A
1a6201c1-3ac1-4c75-a071-7da5f7179ba2,2021,118420,A
4156edbc-cb90-4e87-bc12-582af96c5909,2021,1314243,A
d1d454ff-badc-4034-be7d-e8bf78d49aea,2021,106996,A
26d5dc53-a820-4cac-bd37-d9f97c88fc25,2021,1161716,A
c8d4fcaa-83f9-49aa-b2b1-978aa6aa6877,2021,1306689,A
b2fdc5fc-1e12-46d1-95e8-1aaa89302d05,2021,21464,A
9bd72afe-eecb-4a07-bc3b-e86bcda5b751,2021,1288839,A
1a2f4509-cb4f-419c-8209-a52273d9782d,2021,37862,A
6f8186d1-d090-4e96-bb3e-ba8aecfa9ae6,2021,53333,A
bbc75c83-6da1-44b5-b435-9a54b31e7c68,2021,37862,A
2f902af3-230e-4bd1-9039-9959010de3bb,2021,1322390,A
53be5c05-408b-4655-9f8f-c4df31460b2e,2021,106167,A
f0b47e15-6017-404a-9e8a-2ab670315ec1,2021,1318224,A
e5ae600d-f427-45f8-a416-67e63c78460a,2021,43664,A
69ee2bb7-e0d7-4a6f-aad8-ac36b4daf9fa,2021,108660,A
2b739385-0f56-4def-9480-a8677ac3544a,2021,88084,A
f9bea4b0-4e62-44f2-bc92-452f9fe0c3a4,2021,88084,A
d563bd73-7681-436c-9180-c63a56719904,2021,1070485,A
ec566128-c0fd-4cca-8654-2d13c58fa8c8,2021,74737,A
58453891-7ead-4c3e-93e3-068e6132daad,2021,1376181,A
165a645b-436a-49f3-952e-9bf9e4da99de,2021,1322390,A
f65781f4-ad44-477b-93e7-121b2d93ada0,2021,91181,A
7af5bf6d-3e64-4c4b-989e-c547dc245265,2021,98764,A
d0f3776a-62ef-431a-a7e0-2a6125eb9503,2021,103062,A
ee30e740-6168-4a55-bda4-2c4f07819161,2021,19042,A
0fdd8605-4785-4c6f-af92-acedc431a07d,2021,19047,A
0bd8e0c5-d611-4e9c-b889-b372909e5fb3,2021,107422,A
b0d65415-e375-420f-8c02-679946782f79,2021,74737,A
44d27bd9-f340-4c8b-846c-3d98ee563273,2021,20030,A
9bbd8751-2be7-4b36-9016-7191a251a7bc,2021,48205,A
5af74158-6a0f-4b4f-9016-2ec1c2344aa7,2021,117532,A
c85791e3-42b5-4b61-98f9-be04f2fbab6b,2021,1322390,A
e5aeedbf-6b34-4a52-9638-a4e53880f05f,2021,98957,A
dce5d926-76ff-4a05-bcd8-28b038f5e702,2021,37862,A
04cd9ad1-48df-43c2-ae37-ee7fadd82ea6,2021,113455,A
937862f3-de49-41b8-9a5f-f2c6e1ea7e0c,2021,118994,A
a5344374-0ea1-48a4-a743-ac965b1697e3,2021,94762,A
e168dcbb-c70c-4bff-956b-b9fd68fff6e8,2021,1047907,A
cb5ecf34-7e9d-41cb-b642-5198dee67db9,2021,20030,A
5fa5ca29-31fb-4d97-aa03-a5bb71aef03f,2021,48205,A
a3fcb0cc-e346-44ab-8fc7-7fdeedf6564d,2021,58808,A
8519705f-4368-4066-bd22-2b77281b1a76,2021,68930,A
0797ecc3-acd7-4b86-ac00-fd09926e3141,2021,1322390,A
eac1af57-f449-460b-8157-09aa016cf403,2021,64664,A
2291af60-5f41-43ad-948c-b4e5fb3b4255,2021,43664,A
9ca6bb19-6fee-44c3-b5e5-6ca89f9dce6c,2021,968,A
d853ef4b-78ec-44d8-af19-cc72f9668852,2021,19042,A
1164a401-f1f8-42d7-8766-26e1fe21edbe,2021,968,A
350d72b9-68ae-435d-b24e-b95ec76ab144,2021,1103723,A
53ede33c-79e3-4a43-ab8b-d4a0139d555b,2021,19047,A
1cc69626-e7f0-454d-b8b9-8c37fb3f7ab0,2021,1306689,A
846c1697-9a4a-48f8-ba60-fbce233edf18,2021,94762,A
03af38a5-e86e-4457-b426-ece65d1e33ae,2021,1148708,A
c82bd445-4969-420a-b927-62f25dbdaddb,2021,53333,A
35c45f96-181c-45ae-94c0-afb8a167b7ab,2021,108660,A
d30579bf-81d7-4539-a0b6-2647305a73da,2021,108660,A
eff9cb23-3077-4d3a-9608-f762d12b8197,2021,107422,A
c883fdab-7d3d-4812-918b-28018a3ceaa4,2021,1322390,A
1780c9c2-9559-48b9-8b3c-5410b50ae2dc,2021,1330347,A
a2f47d0d-b02c-4063-8e67-fead7af52ebb,2021,11452,A
e0133eae-d786-4599-8547-97c77083d646,2021,968,A
72684555-d236-4268-b5d4-82151bb4e5c8,2021,513,A
f1562167-98b4-42f7-b291-619ad9a93752,2021,1265453,A
7879fc61-9143-4500-8373-d32d534ea344,2021,13446,A
277446ee-f23c-44f3-b254-57cf9708ce20,2021,106996,A
d807e64a-2da6-4fc3-bc09-980f09325118,2021,83388,A
2ee8faa5-5d0c-45ae-8fc8-172f0abc7adc,2021,1070485,A
a17c65c5-2253-4219-a849-25c53269e9ae,2021,1070485,A
3d70d68e-aad4-4174-b0c2-3e73904b29be,2021,22047,A
b5e3f900-f16f-4e04-8cb6-13bd62ae921b,2021,1315444,A
a9752cf9-96c7-4ab8-b1a5-250e9908252b,2021,48205,A
24bdb5d2-c6ea-4910-b9f9-48f27463f208,2021,1322390,A
c0e1955e-517c-43b0-be6d-e9bf2451c299,2021,1190071,A
13ab5f27-c12a-4972-b19a-0fe68f3c8919,2021,968,A
400e3c55-e4a1-4fb3-ba16-c9a86ae28504,2021,18683,A
09416bc6-8b1d-49bc-8c33-26d5b942e39e,2021,37862,A
6fdb1140-de5a-4de0-9947-7cabb845fda2,2021,1136142,A
e97ef80b-849f-481e-89d8-c81c595d4fc5,2021,74737,A
922bd801-be54-404e-8655-c5cb3df28ea8,2021,106996,A
a0a4ab42-eb6f-40e8-ba1d-54ee98354660,2021,106996,A
e089490d-05c2-4c0e-9e0c-22c8839b8cc4,2021,101942,A
49794718-ce20-4c05-9abe-53b5bc5b5ad4,2021,5000143,A
d6ef3106-2237-40a1-bac4-07ff4349e7fd,2021,1139692,A
5dd0ffba-5b23-44ad-91c0-5ae3db59de41,2021,55777,A
f09333cb-fe19-4a77-a5d1-49a3dd5e58e6,2021,74737,A
14a6b1fd-8991-4def-83d9-35ea60b969ab,2021,20030,A
b56a9790-22fc-44b6-9427-6eeb0aa700ad,2021,20030,A
60a0cd9f-2059-4612-84d6-bc03d203d96f,2021,106996,A
be98e724-e614-4551-ab97-9afe5e37d5e3,2021,1322390,A
663620ed-541e-4ff1-a511-ebd5e5592b13,2021,10515,A
b5f2d232-e43c-445f-976c-ccbdf1ccbde0,2021,1300284,A
4af1ffde-5c62-4b96-ba52-7acc85f44801,2021,86326,A
5a4ca55a-2b79-4b20-9def-1fda614845a8,2021,1267543,A
41fe53eb-776a-4ff2-887b-df5180a93f50,2021,41238,A
6829670f-ddfe-4a22-857e-baceafa1e740,2021,9440,A
6cdc2cf5-1733-4880-88d1-a267b659dc53,2021,19047,A
f3c84ea8-fc42-45d5-bf38-41077c6e8b8b,2021,90030,A
ec827333-14b6-4362-acd8-0e51a68de45a,2021,118994,A
813f067c-c1ce-48ad-b27a-f0278182d29d,2021,1376181,A
7e5bbdb1-0c31-40ca-991a-e85bdf8be919,2021,48205,A
c6ac8c3b-a468-4608-a02e-f09b0432d475,2021,9414,A
5bf935c6-af67-41f6-b4d6-f33be729c090,2021,106996,A
8b59c654-9e5c-417b-8f9b-743a603c0b04,2021,58808,A
d5c4b756-e3a4-49e1-8f47-32db9d4c9a7d,2021,95175,A
c203af23-508e-4358-bc86-f0266c4eb5bf,2021,5000135,A
de863cdc-0333-48e5-8da9-b8c21b27b35c,2021,1322390,A
4c066415-8af6-4907-80ea-5a85b64c38f9,2021,1101244,A
3cb9243e-4104-480f-9b07-a267c2f7d988,2021,11452,A
ab9dee63-32e6-427b-a5b4-22456143acaf,2021,1306689,A
0c766e79-544e-4b16-a5df-67c8ce6f2470,2021,94762,A
99183bb1-1b41-47d2-93e4-acd20708c5e0,2021,1161716,A
eb5c1e6b-e8d0-4a48-9616-647109fa2724,2021,98595,A
5ef11c98-455d-42f6-b11e-371362edee9b,2021,43664,A
dd1835b2-e189-4499-8f12-f9bfb6b3f985,2021,1190071,A
ae91293c-9e02-42de-a080-8d0cc24515fa,2021,1403879,A
ecc86058-4797-495d-8ada-fb57bbe8992c,2021,53333,A
f0ddf922-9af7-41e4-8166-dc1a5f986052,2021,1132918,A
bd67cd55-8fff-4102-959f-c7500c8cc700,2021,13277,A
b1e8ea89-8fba-43e2-90a2-2099e34e4af0,2021,20030,A
07820f13-e608-4230-80ef-bff80e11f1da,2021,98665,A
d8171ef9-d342-4355-8fe2-72fcf193647a,2021,73519,A
603f9f8c-07d9-4f76-9268-763a4e5d0d54,2021,21464,A
753c3c64-9d4d-47ac-9150-e1ebf4202067,2021,968,A
e30f9abf-32af-4351-b5f6-e0049bdda786,2021,117022,A
4451752f-781f-4caf-b818-dbf118ae68ee,2021,118994,A
5fa45426-ee11-4fcb-a62c-3cb057f8dfc6,2021,94762,A
a1cad949-e330-49a6-a2b9-f21d9063cd80,2021,1306689,A
c016c576-e8ee-4fbf-9ecd-eb302ad19284,2021,1283028,A
67de6706-f51e-40a9-95a2-09307e130b69,2021,1108692,A
6da6c548-12bb-415f-a2c6-b14995266c34,2021,101942,A
fe2dd165-7cbf-4d10-b4d3-0f5b760afa20,2021,5000135,A
728478ae-b086-40de-aa95-3320b57fe744,2021,37862,A
8fc272b1-b12d-44bd-8475-d937c8196247,2021,43664,A
738497e5-ed7d-48c3-a83a-26f7b7fe57d5,2021,98665,A
13b77c73-aa74-4d61-97e9-ef79e66a9f71,2021,37862,A
558257e2-2158-40b9-8a1f-6e0797128657,2021,95175,A
1a50fff6-1930-4eca-85c4-54338d89841d,2021,98665,A
d93ccec9-4c89-4278-bbbe-a7f624a47bae,2021,13446,A
3ba5def1-77d1-45c5-b36c-498788266c07,2021,37862,A
248ff812-6c57-44a6-81c9-9bf554f2a1e9,2021,94762,A
b0d8a1e0-d17e-49a6-b3e0-a7216e93dacf,2021,1047907,A
30cc75a1-b91e-42dd-b717-a5226c5e0dae,2021,95175,A
635131a1-573b-40ab-bd45-7b3e0a0bf89d,2021,1322390,A
02fbe365-2fa0-406c-8198-f5e77eebf500,2021,47505,A
3cae606e-b149-4628-9282-05cc5383e7db,2021,1376131,A
382722fa-1e11-4964-a506-963923dc77e1,2021,1181115,A
c87b06c1-8a54-4cfc-818b-ac388c2fd7df,2021,1318224,A
2a610001-4129-4897-a7fb-6e76f33fb01c,2021,88084,A
adc38c1d-2d44-4226-96c4-7b655ef04a17,2021,88084,A
58a9002d-62f6-4578-811e-f27bc863418e,2021,18559,A
c19684e8-6099-4b9c-8a15-394cca6187df,2021,98957,A
6df21ecc-100e-4205-a7e2-bc12bc0b795c,2021,1190071,A
8cb942ca-6eda-444f-ba1f-245356d9e147,2021,1265453,A
dda4494e-5b0d-400c-94c8-2ab838f15db9,2021,37862,A
46888885-3b37-44cc-a037-fd27850ef6f4,2021,1376181,A
02d60955-04b1-488f-9646-832ef9b501b2,2021,98665,A
97080d68-70d5-442f-a3d9-47f42c091db8,2021,1322390,A
cebc4d0c-a636-415a-8f9b-fcf99fca714a,2021,116770,A
b8243cdc-a60b-4698-baae-0f01b831ba7e,2021,2209,A
923ede46-efe4-48c4-a08c-52d8466a7926,2021,18584,A
a1f1c03f-a930-4582-aa1b-44734fbaae67,2021,112086,A
cc638698-1660-41b1-b438-cb3d5544612d,2021,101942,A
9a7fbef2-1fae-4770-b44c-8ed8778abef2,2021,5000143,A
61fc6644-bfa2-4790-beed-30e95c2213b7,2021,83388,A
17ef471d-cce6-4d04-be13-6c1483ef7c0c,2021,88068,A
d1ce3f43-0820-4feb-849c-869928b14bd8,2021,87396,A
b33072a2-3e82-4c27-92b3-d8a23aff549e,2021,20030,A
00499e04-cdab-4793-bf75-3d7459df92e0,2021,58808,A
687c85cd-30f4-4a2a-bff9-aaa8b45ee8fa,2021,1190071,A
ff8a83bc-753b-4bba-a0ae-cf1c19b803b2,2021,1101244,A
01752f19-0e09-41b7-b9d6-8dd451d921f1,2021,64664,A
215e37a3-a5cb-4431-a526-e798775bc829,2021,107920,A
63e78e4d-a1a3-4f40-ae43-3e3e6d191145,2021,49054,A
c7573cb7-b85a-4291-86db-021a6e703e90,2021,50082,A
cd54e286-9561-4a16-b24a-074417f22d3d,2021,81210,A
290a8d3a-fcd6-464a-a9bb-19de96517443,2021,18584,A
0ab1cd9e-79cc-4082-b68e-694503bed1a6,2021,513,A
42b24c72-1307-4575-8a43-add2e73e3d09,2021,1269545,A
22b0b47e-9667-4d6c-9912-10659268769a,2021,98665,A
41fb527c-e315-48d4-8411-b175f3189a8f,2021,1376181,A
ccdc8579-fbe9-42a0-9345-90f8abf8a830,2021,1306689,A
a0fc6eb7-b832-48c9-9b18-11c23f4b5bf0,2021,97443,A
7015944c-d41d-4d4f-956c-e78627ba951e,2021,99820,A
e6ca9a73-060e-430f-8972-5bd13cdc3f48,2021,55777,A
7b7930f3-da8c-46a0-84b3-26c5c4f9a49e,2021,87396,A
8535355f-fa0d-4a97-84b0-16f903665038,2021,67601,A
a6c7361e-ae66-4858-9469-4bd585bb577e,2021,1136142,A
547a221c-f736-4379-8cb2-8b5176727770,2021,58808,A
aeafde17-e912-4d1b-a749-84bef0b574e4,2021,11452,A
1ea85380-a871-4e11-a1a2-a3d9a41ca9b3,2021,18559,A
26efaea4-2ecb-4662-ad03-8bb0c2969cd1,2021,73140,A
e0d12674-09db-4bbc-b78a-3bd9720fd04f,2021,37862,A
d00fc83a-b1ed-4b5f-857e-57116a0d926d,2021,94762,A
95a1eaf0-70c6-4993-bd6c-1fa4152cf4a5,2021,95017,A
05b315e9-73dc-4063-b4a9-2292b5aee1d2,2021,13277,A
b900b40e-262e-42ce-9fc0-77788a15b744,2021,48205,A
ef31fbc6-6665-456e-9adc-5eb7f9081d39,2021,107920,A
6650efc0-aff4-4f8f-9513-f287d1b5192b,2021,2209,A
9086bed3-bdcc-46e7-978c-cae38808b657,2021,47051,A
457b8a5c-d26e-48e3-ae52-b87574dec395,2021,18558,A
d339b2aa-aee2-4efb-8e47-aabf85d1acb1,2021,55402,A
ea69fdca-4e23-4b5d-81bf-e5d836fedda1,2021,1267543,A
8d079142-87ff-42c3-8fbe-737b181a136b,2021,41238,A
1a8a598c-788e-46eb-815a-bae4b057aa8e,2021,1148708,A
d983678f-5a68-418e-981d-944c648fe18a,2021,19047,A
07293f76-020a-46bd-87a0-af27b50d71dc,2021,1427745,A
20a5b5d7-16cb-488a-be31-082c31f260da,2021,48205,A
441a1f9d-119b-432b-b4f0-a94089787d70,2021,106996,A
a4eda73e-ee64-4c1f-9082-584c2a6b8688,2021,2209,A
f837d2ae-405f-4128-9eec-c2ff07a8d524,2021,2209,A
55db0b23-68a2-440b-a6ee-74df1308651a,2021,968,A
18cf5676-3879-4359-965e-a73d5bc46054,2021,55402,A
2ced3e18-8278-4176-ab10-c147b7f29048,2021,106996,A
306a5a4f-61e9-42da-a513-645461a1b98a,2021,1283028,A
6523d46b-1720-490b-b651-7c4a2fb4e801,2021,20030,A
46e7bd44-3daf-4944-8789-735878064c70,2021,1322390,A
9e7d9b8c-0c46-446f-86ed-1946125a46d3,2021,64664,A
58c14df7-5b22-4f87-876c-b7a663ca513b,2021,98764,A
62fe5afd-3133-4571-9340-518c1bc3cb29,2021,18584,A
dfbb90ff-53b8-40f1-a3c6-e77d9dd9433c,2021,1267543,A
c9da5357-e6f9-4fa7-8505-d471f21d7a32,2021,11730,A
e1e1651e-3075-4f1d-a224-d046204cdad6,2021,88084,A
f471eaf7-2a4f-443f-aa9e-4e3a9c8754bf,2021,49054,A
f447f573-d346-409a-963c-2e1d2611b8cc,2021,90030,A
59ead571-1a9b-495d-ae31-2b8425e6bc09,2021,1288839,A
cac15141-a18a-4124-917d-00af6e0c5bb4,2021,94762,A
15593647-699b-4446-b4ef-b900942aeaab,2021,56172,A
dec83c4a-23a8-4993-bc87-8df7cc3a3861,2021,114616,A
fe154c70-2a78-4312-9f38-3362c27fd7fe,2021,114616,A
3924cb28-a212-442b-a03e-37dcf89da8ff,2021,117022,A
92c2995c-91ec-4418-a9b0-98cfc36f4a05,2021,10515,A
30490a7d-3b28-43a6-882f-766e0b9e70c0,2021,1300284,A
a71be294-671c-45b3-95e9-4c947d74e9a2,2021,108660,A
76df29ad-afa6-4410-89fa-ba597882ceff,2021,104360,A
c6249113-6936-4235-9744-ffe3afbd0622,2021,13595,A
3854e4e6-8cef-4da7-b9cf-51fc3e5ed0ec,2021,106996,A
0beaae91-b4b7-4f75-bcfe-bdb7edfae437,2021,37862,A
aaa35cf8-9e31-4cdd-bba1-555c39710da7,2021,106996,A
02757891-d12e-4b65-8529-c3334aa0c4ea,2021,1322665,A
9cf8ca12-bfef-4299-995f-56e33a9197e5,2021,5000135,A
4c8a8afd-8bd4-483b-a2b6-be4ee2b9a119,2021,1270596,A
f1001d65-d510-4f7f-93da-c6fdb3f2f979,2021,18683,A
f07f6b2c-61c8-435b-828d-a42e854a15f6,2021,104360,A
ff80c6bf-ef13-478f-a4ea-263a8c46c5e1,2021,106996,A
24f7f0b6-f09f-4915-bc30-8db7d4cf9a61,2021,1032473,A
1a18f63a-685c-4f33-b30e-2eb8fb3ccb4a,2021,20030,A
b1890321-ab6c-4439-9ebe-c8c203127bfc,2021,55777,A
af64ecc3-1a31-42a6-9384-fea873c4a034,2021,55777,A
c4907154-92d2-43d8-a6c3-aa0788898371,2021,58808,A
7ee213b9-5573-46c4-b82f-fa30f2d71508,2021,1190071,A
49a652ae-c60d-4515-9cf0-429be2e635af,2021,108660,A
6b3b14bb-4fa4-4e8d-9352-3caba6c2a71f,2021,43664,A
f43ce32b-922f-49db-a53a-84dab294047b,2021,13401,A
dacb0f80-c05d-473f-9cdf-37a39ea3eb74,2021,13446,A
b8c6c375-30d8-4ac0-bb3b-3c03b4cf3dfd,2021,1376181,A
dc6da880-b6fd-4f54-9961-e68400bcfa54,2021,20030,A
47ec29a9-d730-42b3-80c7-3b1bcb433eb7,2021,48205,A
5c8ea362-64f2-4ab1-8c83-025e150a6c0e,2021,48205,A
60569dc0-33eb-4486-bf94-d3093c01eb23,2021,1203177,A
1e2f2172-24a6-405b-9696-805d6f8a2422,2021,101942,A
b9061dba-9459-42d2-afc2-8c5d78370f44,2021,2209,A
5a0f9e50-50e2-422e-a739-0920a383568a,2021,9425,A
4e251788-8c5e-43d0-83e9-31d5ccd5b780,2021,968,A
1838260d-92ab-4cb0-8570-45f07c2fccb3,2021,107360,A
5df977b7-4de0-4ed9-9495-29e842a4c056,2021,113455,A
8bef08a1-94e6-4d1f-b966-cd7a5e819388,2021,88068,A
7d80c4a7-c666-4c61-ab8f-6839493285ea,2021,1166783,A
9bd3467f-403a-4332-9f1a-9ae01fe33d31,2021,46377,A
d4218f80-bcfb-4a30-a1cd-af05e0fb768a,2021,9425,A
2522b0cd-4182-43c3-a1b8-72b458a21714,2021,1258063,A
010da320-9671-44fd-817e-9165f0652e94,2021,1190071,A
180340f6-58ea-41dd-87bd-57ce93ca46ff,2021,1190071,A
8abae1ac-6863-4c8d-bf24-272efd397720,2021,50082,A
4994a5ac-63c3-4810-a29f-4d0e2accfcfd,2021,107422,A
eb3155aa-f52a-4b12-af62-ec06c38baa83,2021,1283028,A
459c8df2-9ff7-4e43-b723-3afeb7935508,2021,9414,A
7944e90d-d01c-4aee-95bb-d31e38895558,2021,58808,A
2a3df535-8668-4ce8-a6e3-c99dc1a5f890,2021,1047907,A
1afd3e1f-a01a-40ba-83e3-4a3b0e7ae552,2021,107920,A
b0d1ab9e-b36d-4930-a52c-b8f29ed10073,2021,43664,A
51c25ff7-5b16-410f-a1b0-d75280b8905b,2021,94762,A
62a79025-d000-462a-8051-f0f061ed066e,2021,108660,A
1d478523-90ab-4472-a35e-3a038dd07e88,2021,108660,A
476ba0e3-5554-4f28-ac7e-f3c236fd8947,2021,18558,A
9e385452-78d0-49ba-95cf-1f1ae6c2ce4d,2021,18559,A
54c0c0f3-d42c-4822-b665-f2ce19776940,2021,13595,A
f0dc5620-8f18-4c9d-bcd7-c91ff5bb6162,2021,1136142,A
f7d44614-93c4-4768-8b93-8673e946a738,2021,118420,A
64e47216-a281-4de8-b5dd-ed02f5d4f968,2021,22047,A
7750aa57-c36a-4a17-9685-8de521355849,2021,106996,A
f7e1f579-3cae-4abb-bd90-77160af7982a,2021,1376131,A
fed04e5c-47e4-4163-97cd-6436a4c72b98,2021,116770,A
ca141649-6f4d-42a5-86f0-fd205fa12516,2021,2209,A
1c1508d5-0918-4a07-b508-a10ef82163c1,2021,2209,A
b9a166d9-b0d2-41dc-8d51-65d479e5b17e,2021,49054,A
bbdccecf-3d23-4218-8723-2d6bdbaa2c8e,2021,55402,A
21af2c31-ebf0-4c56-9cc0-308ea75858d9,2021,5000143,A
23da1d2c-b9ac-408a-a3cb-87530f47f6fc,2021,83388,A
e151bc99-5e16-4f79-9da4-459240b154aa,2021,94762,A
9b3c9c71-6568-4efb-bc32-33c106354a40,2021,94762,A
2948580a-cd94-43b2-ab92-bd70d85acc90,2021,94762,A
d85ec7be-0464-40d5-9cc4-6d57d0f7b664,2021,1132918,A
d85e2723-f508-4c26-8d5c-ed166cd0f90b,2021,67092,A
e2fce3f1-b54a-4a17-8c25-b5a9cdfad717,2021,83388,A
3466d510-b5a7-4640-8608-8724ae059687,2021,1047907,A
1f33f7ce-9153-4a77-bc1b-2188a9cf2417,2021,106996,A
c5dd8c1d-18c4-4a29-8388-1316893e2ce2,2021,1322390,A
f22c02db-11c3-4e67-8da3-65b0966c9add,2021,106167,A
2f11c06e-2cc2-4e58-9071-e829008775df,2021,1306689,A
46c5fb17-981b-48c3-8700-ccebd7af1ba6,2021,2209,A
158fd13d-0c9e-48f2-a035-5f71760a7c92,2021,9425,A
6fed6759-94b1-49c1-be28-98780cd2b8e2,2021,968,A
9bc30f8b-5cff-46b4-889e-e0a61097a0b6,2021,62484,A
17e8fff7-1a61-490c-b8bd-8e41b1151a69,2021,104360,A
6c171430-2de3-4a30-aa56-eca6458a1042,2021,5000143,A
a4ad8897-6639-438a-9648-a4dee1d617fc,2021,1187671,A
86a75dbc-c894-4736-93c9-81671fb4326c,2021,1351760,A
2d30c4b9-4489-4aee-8967-83e313d6b7a8,2021,19047,A
c5f81704-b47f-45ed-8003-6b6269d10b80,2021,18267,A
cb9eba44-c4fd-43dd-b1fd-f6b0ae5179a1,2021,58808,A
856c0bf3-8078-40fe-bbc4-06fdc989484e,2021,107920,A
30341254-6d10-4046-abec-526dc8ddb57f,2021,1318224,A
6ec04131-c651-4fec-8731-cee5aa05bebb,2021,108660,A
3d5fd155-3e32-4599-b03a-3454fad49305,2021,102590,A
77bd6b82-4edd-47c8-83d1-4ea155a60135,2021,11730,A
46314b0c-c9b4-49bb-a92a-fc9d4150afce,2021,1136142,A
1173ea3f-7657-4759-9179-9b5a8ef5b32e,2021,1190071,A
8ce1ca6d-5527-48f6-9769-ce765151312a,2021,94762,A
c8dfb71b-2074-40f0-a030-f6ca6068a6fd,2021,88084,A
875f52af-6045-476c-8faf-dcd6eecfca2f,2021,19047,A
35ffe4cb-38e0-4966-9480-ebf83dfd62bc,2021,1102628,A
144cb6b8-a019-41f9-95f5-263e58b947be,2021,94762,A
f61f21b1-d018-4043-acd7-5b7a56812779,2021,101830,A
8d9fa372-bb04-48fa-b7eb-18e8e3064254,2021,1108692,A
e31bc737-f545-4df3-939b-63b5925b7fca,2021,1181115,A
b1c5f4da-c1ae-4ef5-9ab8-6cbf5beb3cd7,2021,43664,A
d75b1d93-1828-49bf-9534-f5fede9dc4d5,2021,103062,A
c18cb2ba-53db-4406-a6d6-60c7077113d4,2021,21464,A
4e926526-477c-445f-9ccb-30913d0df377,2021,11730,A
dbb03797-f1db-4e72-94f5-395e63b56a40,2021,113455,A
8babe8e7-8ca4-44a4-8cce-1e8f8ad4a650,2021,1376181,A
98748c0e-a8ad-4238-aed1-96359d0ab551,2021,9414,A
3b232e77-7d10-4f20-bec6-4d99304656ac,2021,9414,A
ec9e0f48-1ce7-446b-b413-27fdd121eaaa,2021,101942,A
a88c758d-5167-448c-be52-be398754d05b,2021,1322390,A
f96ec28a-c65d-4159-8b10-51307c51663a,2021,1330347,A
ad601309-3907-4482-8e6d-a8d993e85872,2021,1318224,A
8f327ff3-2a29-4d27-815f-39fe37eb2685,2021,2209,A
723828a8-50ff-4786-80dd-7798d6b931e5,2021,968,A
3560e04f-0d77-4d0d-9d5d-bbfaa76cd8f2,2021,317,A
9fbb1bd5-84e1-40e9-af24-fcb85ea58cad,2021,1187671,A
37c6916b-e98e-41a7-8a51-cf59959f6924,2021,11730,A
652dcfa4-83bf-484f-b234-12a17f803764,2021,48675,A
9cfedbe1-bf9f-4b7d-9923-63af18de458c,2021,106996,A
1f3d7e1e-7d87-482b-a2bf-dbc208099dca,2021,106996,A
c933eb8e-dbdf-48ac-a593-e28df561c4f7,2021,106167,A
f74f44cd-4007-4246-b9ba-9e10416d38a4,2021,968,A
29f5e631-2246-4f9a-bab8-d42c5c894cfe,2021,1102628,A
6c215e86-72c6-490f-8604-e08d804d518b,2021,104360,A
ecc90584-6a7f-442e-bea8-f5d2d618bbd4,2021,49054,A
b5002d18-be68-4101-aa7b-937e47d56c26,2021,94762,A
2fc5cf34-167e-4f8a-b554-dcf4070341a0,2021,62484,A
6a540cdf-3896-4a49-9254-a560c05d19fb,2021,55777,A
3005e12a-9078-4f16-b054-e6e308bdabe4,2021,1322665,A
741908dd-0228-4494-a327-dc6d1c21f3fd,2021,2209,A
41dc5c94-cd04-48c2-9d90-e0ea10035afd,2021,114616,A
2ab473ed-cc1a-42c9-a26e-e907c4e9238c,2021,88084,A
3c40ac8e-08de-42c4-b8f0-18939d004a1e,2021,103062,A
6f87df30-b841-4af0-b61d-45820eb672ef,2021,1306689,A
5314dbcf-9321-436f-a915-04d4e7306ef3,2021,968,A
49a1a865-9612-4ad2-8aa7-130fd9d86b21,2021,108660,A
9385c0f4-a389-4bb6-83ef-9f4cb5eee382,2021,41238,A
4d2514e1-09fb-4a64-a543-66b28806231e,2021,1136142,A
0d045fc8-0639-400c-9402-f5bc9eac1778,2021,1283028,A
851e42d3-fe3d-408f-bee9-3c63db3298ae,2021,67092,A
17235bfb-dc2a-4aea-ae7b-e77a2b2c837b,2021,1258063,A
05a4a218-6a2c-41fb-af5e-173a970aec1f,2021,64664,A
76ccb366-f5e1-4e7b-b1d6-2b1dbf213821,2021,11452,A
07a982af-d894-47d7-88c4-31f1ba2cc981,2021,968,A
9837c8c8-84c2-4d58-8d91-4a3e36e01d07,2021,18559,A
e572956c-4e79-4ae0-a01f-a6472ae740eb,2021,513,A
83bbaccf-f1eb-478c-b821-f65473a95e8b,2021,97778,A
df1c16c4-c1ba-4b5d-92a6-1c41dd2aac57,2021,73140,A
3f577f61-dca5-413a-a85e-f1011d5820dc,2021,1187671,A
ccf29a6c-3789-4c5b-b016-3b0534bdfdc8,2021,43664,A
37f23e24-5494-43f7-8874-b7aa5cd9697a,2021,13595,A
e487d78d-d363-4d7f-9c73-8730efdeb667,2021,37862,A
9e3965b9-e2f4-4c20-9ac6-b1a1e6fcbb74,2021,1102628,A
9a324169-ff82-46cb-bab4-fd1a3f9c0598,2021,1102628,A
cf0d19bd-8bb6-4fd0-8d75-3e36ea2ce254,2021,74737,A
f997a436-583d-4f87-b122-4f54a3399aaa,2021,106996,A
2208f10e-8bbe-4df8-9284-626371344ab0,2021,97443,A
a4d7e8ce-e127-4490-bf1b-12b663940b6f,2021,1181115,A
b8660606-5218-4af8-9203-fc2f980a38a3,2021,1047907,A
1edab83a-b09b-4587-b4a9-b124dba200b9,2021,19042,A
3868d321-f82d-4c2d-bf66-b38a8e1dd1b3,2021,13446,A
f4e34596-15e8-4073-a0ab-b8c5998e9685,2021,95017,A
abf79d0b-f00b-420a-913a-268bdf370dcc,2021,59122,A
f25369d4-a991-443a-9a5d-02a3c8ad0cbb,2021,1427745,A
747808ff-e857-4aad-8156-54f30551df85,2021,50981,A
4d64065c-2dca-41be-9ea9-b76b8407d93a,2021,95175,A
1d94fed1-40c2-4485-8644-842bd5357ea5,2021,106167,A
c7a124d6-33d8-4419-9211-311066debc06,2021,98764,A
ef1dec6a-d933-42c7-b903-e2381b2b6787,2021,98764,A
8aaf8e19-c92e-418c-821d-b3430a014af9,2021,43664,A
1ae1efee-2f22-4ab2-b499-33be6ce61263,2021,55777,A
a42a1c4f-e234-4f9f-8c36-f48be8efeb76,2021,1322665,A
7b6f3a89-9600-4905-9244-e91b4b45a622,2021,91181,A
74a1c51b-6c07-4fae-9962-37eefdb91a3f,2021,1288839,A
c06186db-fbe5-4af4-867a-9e72d8b3802c,2021,1376181,A
3e909032-35fd-4b75-8306-6c527b438e17,2021,1376181,A
9c52e547-3ba2-47a2-ba0c-ecc70154f13d,2021,98595,A
3fdde595-c482-4954-be04-370921c226e1,2021,1322665,A
290efce4-dc56-48b7-8c18-5a4e751b072f,2021,1322390,A
60e5f382-8b3e-4198-967b-11405e402cf0,2021,1181115,A
d1083a24-3db2-4149-98ba-4502ab510f72,2021,968,A
f16e756a-32f5-4f44-9d3a-66858518a8b8,2021,20933,A
7fcd06c3-e7a7-4b67-866b-3d3f2fe7589f,2021,19042,A
cbceb9c2-bcb6-41bc-9677-d7cc41428a6a,2021,5000143,A
e96f67a2-64bd-4b3f-b404-17a6a2d8c44f,2021,83388,A
80f95a0e-6164-4d1b-86ac-ba36f8a4b856,2021,37862,A
f1a0139e-0c5a-4d57-a6ce-396498dbb852,2021,94762,A
46fb3c58-fcd3-4610-806d-8531e1948d4e,2021,1306689,A
ad679160-1be6-4146-9383-cffa9df0c056,2021,56172,A
78259498-b3df-498f-b840-32531fc4e909,2021,48205,A
0bd9b8b3-6e36-4025-a036-c9643f61af5e,2021,11452,A
3337e140-b70f-42d0-b67e-291f46f6c9b1,2021,11452,A
d090b8f6-635c-409c-95ed-6e9daad5809e,2021,1403879,A
11d9326c-8d07-4904-862f-2c11813f81c1,2021,1265453,A
99b2c072-968e-4eb1-9871-375c90bf006b,2021,1148708,A
f854d810-03ed-4a6e-8c5e-55406bbf61a1,2021,1148708,A
fab4740b-1040-4d18-8927-83602ad07ac6,2021,1136142,A
caa5fb4f-3b84-4153-b9dd-d47e53cd4b1f,2021,90030,A
3a557d56-4cb7-4526-b445-ca82201c9950,2021,13277,A
fc2ca373-84b6-4ad7-8607-358f806e9d78,2021,1322390,A
754f8de5-8496-44d5-bf4f-9a13a72e31f7,2021,64664,A
d58c0a7c-f0c0-4383-96c5-8be071498e32,2021,1181115,A
2dfbd06c-8626-4de9-b38d-6bd01d3aa17a,2021,107920,A
59622fa4-5015-4f18-aeb9-ba4411968d74,2021,98764,A
ad22796e-c4f0-4cf0-b92a-3f4d7c453dfa,2021,94762,A
dae24415-20d6-4e44-baf2-f0e8a0920ac8,2021,18683,A
6cb3fc98-1c04-45ca-afe1-a5dbafc81f97,2021,1187671,A
c9184003-bf52-4c78-8e76-cc8604b17857,2021,1190071,A
da58e848-2717-4f6b-8276-60de7f432458,2021,1385488,A
9aaecc96-8d93-4811-9fe6-dba05e85a01d,2021,41238,A
bcaacb62-6806-46b3-ac45-9d5dacb94a24,2021,101830,A
2e8de096-fb62-4c98-826f-1b769c5810e0,2021,20030,A
c6efcece-3858-4374-ac12-19e2be667068,2021,106996,A
f80d1860-4885-4920-975f-edbd9e471ebb,2021,13980,A
2c9f52bf-e607-425b-b6ed-f0b57cf527c3,2021,55402,A
99e34547-72cd-4df8-8e36-b28d00a6bc26,2021,108660,A
88b3c127-24dc-4b69-9440-50850a831a14,2021,108660,A
35cbbb50-8fff-4f27-97f4-45cca53b0f8d,2021,108660,A
188bf248-9969-4900-9f54-70984a22d608,2021,43664,A
069e730f-b9ed-43fe-894d-ae026e91b79b,2021,1385488,A
f7649c68-b2c1-43e8-93a4-03f3f0c66b1a,2021,13595,A
c0ee16cf-3c8e-4028-a557-fe0e4860336b,2021,1403879,A
0ec4a671-59d6-4015-89dc-d7b9119dd6fe,2021,101830,A
dd03850c-4c39-41e0-b8ea-10ad6f632377,2021,103062,A
d49e4918-f146-4389-85a6-5acde3e0f1fe,2021,1385942,A
3cdedeba-0835-475d-8dcc-f10affcb9bb1,2021,317,A
c706cd7a-fbd6-4a54-9177-f2a9cb0bfeda,2021,13401,A
3c27010e-008d-4d65-8350-2216801907c0,2021,18903,A
c437207e-a8c1-49dd-a103-1ad93248c913,2021,22047,A
842e5056-9898-4d13-bc02-6fdec1da16c4,2021,59122,A
b58e8a26-cea5-4ca3-80f4-ce7adf9ff9d5,2021,106996,A
7fb46d06-644f-4621-ba11-d8585ea4c9a2,2021,106996,A
bf13db5e-e42d-4b76-98e9-abc1c3d32086,2021,20239,A
dbeba47d-ad4d-45a8-9a57-939392e2355e,2021,9425,A
80f861b4-7dd2-47c3-822a-b5e04b44c588,2021,18683,A
4831465c-5620-4413-b071-be3ff8a2807d,2021,18584,A
b344e2a5-418a-443e-bf40-54ec9105109d,2021,18584,A
6ae1c3b5-ce2e-447d-a460-97bec82e0606,2021,5000143,A
c350c119-a470-4a57-9903-788eb96ebe4a,2021,43664,A
d614b3f9-7f2c-4001-9840-3ae991ac84f4,2021,1047907,A
136998dd-118f-4e1c-9f84-00b1a0d2d342,2021,74737,A
5fcbd3a9-3b38-4042-bfee-9dc44cecae43,2021,59122,A
6193b263-b3e2-4eab-b7e6-322d39ee1a88,2021,48205,A
a285ca06-c933-4ea1-898d-4d5f7f05d755,2021,106996,A
fd3cdd3d-78ed-4b05-89c5-e853c4f93f74,2021,55777,A
6844fb5c-271c-4ce8-9ce1-dca06ce6fbaf,2021,114616,A
e7065405-8198-44e0-a749-b7684f3cc0ca,2021,46377,A
c43c9829-d292-4e9f-a020-5fbca093d543,2021,968,A
912b6d9a-9536-4e73-ada5-f4c10fdb6305,2021,1322665,A
f625c48a-f465-4f7e-9a78-0f8c800c5494,2021,18584,A
8d31505b-d02c-4070-a13d-fcbc55342be2,2021,18559,A
29811729-870c-4a88-a5c5-88fc34e7e013,2021,104360,A
5bb921ad-f08d-475b-bc74-e8e6696de6df,2021,1032473,A
5fdca07a-6c5e-42fb-b904-be84a1cf4d70,2021,118994,A
dfe49195-f878-4806-9867-6b7dca657c47,2021,106996,A
261a25c1-2c70-472f-bd97-03911b9770bf,2021,98595,A
0742331a-4d33-4302-9dc2-799a63bdb4a6,2021,1322665,A
8fc1c2cc-0a43-4408-a101-e5499f6dcb2b,2021,46377,A
a1f1ff04-323b-4dc6-84e6-efd1d0c9a691,2021,1181115,A
c6d43c0a-61f8-4cc2-a330-3cad332c66e8,2021,1318224,A
48dfa97c-d79b-4bd7-9ff9-d47a26fdabd3,2021,18683,A
33d625e5-4622-4aec-9dc0-e8bf38b114da,2021,108660,A
283f167f-f279-455a-a52e-a40e0999a428,2021,1103723,A
caf75013-04ae-40bb-95f2-40e799b25600,2021,107360,A
c04ac75c-2505-4ef3-aa71-d6aebdeae247,2021,13446,A
e2594281-97d8-4baa-861d-04966a071a35,2021,118994,A
863edded-4c57-4773-abd6-320ae8705e8e,2021,1204325,A
fcd0f488-d843-4744-9a12-097a31114655,2021,1283028,A
1a39c8e0-203b-44fb-a952-cbf468d7005f,2021,20030,A
45e38d19-a1bc-40c9-8f4d-540f70ac00ca,2021,20030,A
e523a395-52a2-41c5-8ea9-a2198dd8c669,2021,9414,A
148c1cf9-3c8c-42bd-94ae-41a40ae37912,2021,10515,A
dcd11178-8b0d-4164-9a6e-859cba8a44e8,2021,1385942,A
01fd3378-069c-445c-b01c-32ad6d4f9bc1,2021,19047,A
d2ef01ff-9678-4f69-a0be-7815145e6080,2021,1136142,A
b00876bc-2751-4b34-ae25-227d4d27538b,2021,1102628,A
e6970a0e-68e5-4ffd-b543-74aa376dd3fe,2021,1283028,A
412fcb1c-78f6-4b52-b291-8ca2e7e9f858,2021,95175,A
bbca087d-c81b-45b7-a09f-55d490c50c82,2021,1322390,A
f742d700-7820-4b24-b772-d5e94552eb68,2021,106167,A
5f7604d3-9d48-4cb0-b6f0-93c0c426f7ae,2021,108660,A
4d801c35-c865-4776-adeb-614eb7fe42c5,2021,13446,A
ea0131e6-e4ae-426b-ac6b-f53c2c021057,2021,1148708,A
b5313d6b-f9ec-4dfe-ac11-43a4a71e071a,2021,94762,A
b7ab4931-3feb-4d9e-a3c2-1d5a3142f4f9,2021,117532,A
d7e1d99a-4c08-4f52-9f90-e1c38e835a2f,2021,1047907,A
0a895bb2-d5ba-4808-b882-11ab57a46e98,2021,106996,A
b5152e8a-5c55-4f15-a854-eec9fe8a919e,2021,47505,A
c2c747a1-8ab5-475a-b806-2d8d3038bc54,2021,95175,A
425d0b88-80f3-4c4d-85e6-75c69ec4fbdd,2021,81210,A
c6a69885-f36d-4707-8180-5b900d323c13,2021,1101244,A
641aed2e-f370-4e15-9d92-5f813bcc72b5,2021,99406,A
bfc1cad7-8f48-434f-b1a9-0c45a434acb3,2021,94762,A
302aeb81-e296-420c-a384-d6dbc7e6de78,2021,968,A
fb5446e3-8c97-4eee-8db4-e1d5ba0f8196,2021,40343,A
24a48010-74ff-47e8-9cec-d909421b3008,2021,106996,A
a45bbed5-cb0e-4fd1-96e8-d2e98f9d53c5,2021,1376181,A
5c54187c-eb18-4dd1-85e3-bdf093f507b9,2021,9414,A
455dccba-ad6e-426a-9dfe-d21a170bb00c,2021,1322390,A
71f5585e-db5f-476e-afe1-7a9f6002d2ca,2021,1306689,A
09f64efe-2208-4ff4-af2e-d7ced6de4ff5,2021,2209,A
9d6cfd15-7f85-417e-aa5e-ba917bd6b700,2021,1385942,A
fd766882-4202-4f55-80aa-b5e5a1626298,2021,18683,A
724bd523-08a0-4776-9273-7f12c954d578,2021,1190145,A
5791afe5-ecb7-417f-a6ae-7c072b9d7446,2021,57606,A
68d1d3a2-7505-42d5-bcd4-f0206669baf6,2021,1351760,A
3154a7d0-4b34-4662-ade4-65a4ec391176,2021,1148708,A
e70b27ba-7bf7-4776-8897-9e786307e9a1,2021,18903,A
7c201986-c459-416f-a06c-5f5bf7fd2578,2021,1136142,A
78c8175f-09b4-4c92-a7a9-1c2c23a89ad2,2021,1136142,A
21ebb6f9-0bef-48f6-8f7b-21d6bbe5a426,2021,94762,A
631d4706-c7ee-4a42-97c2-0f9d02467ecc,2021,101830,A
79dcd3f7-8b24-4663-8a91-64dd3f3dbc15,2021,47478,A
ce122728-7b0d-41dd-bf83-cb2a170da08f,2021,98595,A
1bb8c873-291e-4ed4-9fdb-0b49115901f4,2021,59122,A
9ed6ae15-ec75-4032-885c-c1630d97ca9c,2021,106996,A
04dd034a-5158-4af2-a9ba-568fdc0213da,2021,1190071,A
de188b1b-a2d7-4922-bc06-655269678d2c,2021,1270596,A
6245b712-12cc-4842-8322-be01ce056228,2021,116770,A
2ca28cf5-7e9e-48e7-8773-7b546b6ae6c7,2021,317,A
cdfa307d-4388-4fc7-bfc6-d27a714acadb,2021,104360,A
582adbb9-e28e-45eb-8b7c-26f57fd89bfd,2021,18559,A
df5d60e1-1ceb-4b75-b22f-13fa9523eaed,2021,1070485,A
59410547-ab49-443f-a4f2-647463f02962,2021,1204325,A
3b70cb93-0eff-454a-86f0-42b45e5948cd,2021,1322665,A
b4df307b-81e7-4c2b-8b62-320ec3d6a96e,2021,1139692,A
6b89d669-318b-42cb-b1bd-3ca4bfb3c2f3,2021,2209,A
d97d8e98-2607-4c99-8b31-0543d6a38e85,2021,968,A
e3eee983-3f75-414f-b7f0-93bce89b0c4d,2021,41238,A
a8dbfc1c-19e9-44b4-82b5-57bcee099b8c,2021,37862,A
fd5697eb-fdb1-482b-8fc3-2af959b7a9e0,2021,94762,A
dcc170e8-feb0-4ddb-940e-4c62cae1ae0c,2021,101830,A
b7e1b12e-00c0-484b-8655-cce626ff8c0d,2021,1306689,A
44b567da-b708-4f61-a5ce-bb37bb0219ce,2021,22047,A
644ec95a-5887-4d64-bb5c-3f0d6e64eb0e,2021,48205,A
4e2e120f-cb0e-4d74-879a-7ee34bd5496e,2021,1101244,A
0ed74074-dd94-4cc0-b92d-5f59bc8083dd,2021,73519,A
de2e140b-0975-41e7-a57e-579481a525e6,2021,94762,A
7b5edaba-6205-4af7-ae19-07d2caaec658,2021,103062,A
def71149-aeb7-4b85-a1b0-42140b9a3ef8,2021,9425,A
64dfd9a0-4655-46a4-b5c5-6cbe19e2e75c,2021,108660,A
7ff80872-948a-43d0-b304-8dc87c795d4b,2021,513,A
f773a644-f549-4b65-a534-417f568006a2,2021,1283028,A
1a8b4994-29ca-4703-b4f9-82fe09c905c9,2021,20030,A
c154f2ec-4890-4ecd-a8c4-a2bce560e081,2021,17898,A
c2183720-27a5-4a8f-99b3-51bff40c3123,2021,1101244,A
cec031fd-3c33-4945-b6b6-fa60c350dd43,2021,5000143,A
e9bb51e8-b437-4692-8650-dd6656dd4ab0,2021,1103723,A
f2ac4811-c9bb-4100-ac42-838cb13ac58f,2021,1190071,A
18ef0293-dcc2-4607-bd28-718ca6f66216,2021,13401,A
85c7336b-0d2a-4d1e-b797-7d7299520def,2021,41238,A
a8308105-d447-482d-8375-e4fa3dbb672c,2021,1306689,A
fbe8c964-c521-4e90-bb4d-838afdc1216d,2021,48205,A
cf3ec44c-a07d-41ac-a486-ec7182036331,2021,1322390,A
284f1508-06c5-43b9-9a95-ca0253f7fea8,2021,1166783,A
13cc4c14-37a5-479c-8a84-84fca75a8e6f,2021,513,A
de9bd4ec-bdc2-4f19-bb40-ce47c6f1cd86,2021,94762,A
f3a44334-7c8c-4407-b616-237c1c9b77aa,2021,50981,A
7f9fadbb-37c0-45ab-9619-342e002b093e,2021,968,A
5357b727-b7f9-408d-997d-4f7d8940e843,2021,968,A
92f3b8b6-a360-4b09-8f8f-45cfed556089,2021,317,A
316d7bb4-2778-45da-a40a-22af441313ca,2021,108660,A
6d61170d-8563-44e4-8e19-a7798b1785af,2021,18558,A
9ef594b6-8cef-45fe-a896-7b95c735696c,2021,13216,A
7629389e-2baa-4f73-aea9-7b6c5782385f,2021,98305,A
98801f1b-a759-4946-929c-56a2b4a22309,2021,47051,A
a072d8e8-d661-4202-b91e-586e1730ee8b,2021,1265453,A
7185cc76-2a31-4d35-8471-d1f4b64cf059,2021,20933,A
a954be37-3605-4cb5-bfc3-5aaa5797df7e,2021,87396,A
96325ad0-0191-4239-80b9-289eb1a75a0d,2021,1190071,A
bd4370b8-0457-4f83-97e7-bdb7a2a50c25,2021,1101244,A
f8d461cb-58ba-4a05-84f3-489dce08ff39,2021,116770,A
32124edf-3910-4b4b-b432-4f184370ea4f,2021,106167,A
d95be762-5019-4f6e-b189-87b939444c29,2021,94762,A
f1ffd7bc-9ec1-4b6a-9531-579cbca14a99,2021,1385942,A
b4d29d9d-a99b-4be9-a966-2a1a34608c6a,2021,9425,A
56443be5-e0b6-404f-835d-375695bdecbd,2021,43664,A
d7e6acac-b0c0-43d2-a7c1-d4fd71e60da8,2021,118468,A
178d849a-4b6c-417d-b840-67234c211589,2021,9440,A
0db2ef5c-558b-4757-8a29-3b2acee88452,2021,19047,A
34879560-067c-4474-8434-5b812fac8b9b,2021,49054,A
09ceadbe-de33-4097-827b-2aef878a2c4e,2021,118420,A
97fa834f-0593-40c6-9e63-e109854badf8,2021,113455,A
f3fa3673-2417-4b27-a2ce-bce6123073da,2021,53331,A
9331636d-531e-4022-9ae1-6c55710454f1,2021,22047,A
3e354965-9dcc-4a00-a510-009804f61f5b,2021,1322390,A
45728d11-d29d-4d42-a0e0-353f8c983005,2021,1181115,A
aea9bd32-734f-424f-83ea-fa2bebc84c8a,2021,1306689,A
020178cb-19e6-4f72-82da-2d9649c550d7,2021,968,A
4641c823-f5f7-4026-954a-5f833345b8cc,2021,108660,A
05832d5b-1a2f-4eaa-839f-fcd13d1c6367,2021,1269545,A
58a22de8-2082-45f4-b4b1-6205c545d90a,2021,67601,A
b434cea4-16ea-4d0c-9837-09df5e4348d4,2021,1136142,A
878f8c95-1a14-413c-b986-9f6ad654e934,2021,95017,A
70df5518-664f-4361-94d8-20ca666815e6,2021,106996,A
97b0f18f-c88e-46a7-99c2-2288e7e59075,2021,117022,A
d52f023c-438b-49dd-9ec8-3ecb21e0ad4c,2021,11452,A
89134861-bfb2-4aff-9fe3-99b66836ada1,2021,1181115,A
5690ed88-3195-4981-80cc-5eb89ff976ff,2021,18558,A
8556a048-cd1d-4b49-97a9-36ea8c2e9a3f,2021,104360,A
1bb9109c-7bdf-433e-ae0a-45b6debf4b60,2021,19042,A
a0c62bd8-da23-4aa7-b2b9-48365163bef2,2021,1351760,A
2e315feb-17a7-4f90-b045-5caf56b4b61b,2021,13595,A
e02f7670-b229-4ff0-bc11-425393e97391,2021,13446,A
2f7cd442-ed7e-4672-b7d9-ba2edb403bb0,2021,49054,A
e9364570-e2fd-46e8-bf98-89b7d1b388f9,2021,107360,A
0fc19c6f-918b-45d0-98f1-f43c70f92d92,2021,1102628,A
002f9b47-e4c5-42c2-b5b7-0de38e696f1b,2021,47478,A
e01f53bc-4abe-4aec-8bf1-d80e16f5faca,2021,22047,A
a8d8773d-4d32-4fd8-bc4a-178d717b5a56,2021,9425,A
9483049c-a86a-45eb-9383-4d62991695e2,2021,1190145,A
2c711599-8dc2-4b46-a5bd-290a63569035,2021,13216,A
fc3c6c2a-3946-4985-bff3-c1c6ece2a6b2,2021,88084,A
62a97d18-12d9-49b8-991c-553654337436,2021,107422,A
6d5fd22d-616a-4d4a-9453-0a0bdad15af6,2021,20030,A
07daad5d-01ec-4af0-a1d1-e4505507693c,2021,106996,A
a2f6990e-9391-4ca2-a6bb-7a983cbf8d6a,2021,98595,A
9702d934-9ed2-43c5-b20d-a4ec8562f590,2021,17898,A
f42b57b1-dd82-4438-923a-d7079eaf6a11,2021,49054,A
172ad5dc-5df3-4c9d-9f33-bdd91aefa510,2021,317,A
d018a9b1-b195-41fc-8545-1fc85a8f8c02,2021,18683,A
fd95b9ef-59ef-48b1-aa0e-fd63edf3615d,2021,317,A
c11891b9-f1fe-407c-9c9a-ea75ea0d45c0,2021,1187671,A
9526294b-1e81-470d-b215-ee386a40f671,2021,94762,A
8ede3705-877a-4b96-a3a6-aaa442983d8e,2021,22047,A
71016359-d631-4ef0-bee1-04584c8359de,2021,1427745,A
34aefe14-3c0c-45d4-9df3-4c67b6658f89,2021,106996,A
5870ce78-74aa-4e1a-ab9e-7dbd36c65bf6,2021,1203177,A
48f87a18-a2d3-41d7-8812-9483da4adab1,2021,20756,A
6ecf8d1f-612c-4294-b7fa-192da32506ac,2021,1300284,A
60800e3a-70e9-4517-8e8a-9225151c2f87,2021,2209,A
b8352ca6-d2ef-4bf4-b343-f8047515f4a8,2021,19047,A
0a6ae155-f8e7-4a34-a18b-f0e17cf08523,2021,57606,A
d9a7bfdd-d961-42f0-afdf-07dc0d9c2d66,2021,86326,A
3e2c6d50-b2ce-445d-a97c-576a3f129c27,2021,90030,A
b586d326-3cdf-46b0-b0be-fe72777ff512,2021,1288839,A
4bd0261c-eb47-49fe-9d6c-a3bb23a8e9bd,2021,1161716,A
1d22e9e8-c5fb-4f6a-971a-fadaf0d96635,2021,107920,A
dff98e1a-dfdb-4100-84ff-c3e60f3c599d,2021,19047,A
50cacd25-8c3b-43c2-b3cc-2256f561480f,2021,1136142,A
6425f0c9-5289-4b4a-a30e-ec932d2c18c5,2021,94762,A
03e8c013-8843-4eda-8d15-017297c32d13,2021,1427745,A
bd69dd02-bd97-41d0-aaa9-5d87e144eb32,2021,1427745,A
8940711d-e50e-4c17-a0f8-e4cefe53c167,2021,106996,A
8c1beb99-e80b-428d-8c28-5203de1edc9b,2021,67601,A
4ba31c8e-5d6a-4431-8700-5d6a4d66e68b,2021,317,A
cad6f82f-a735-4f72-ad90-22ee5557fca7,2021,108660,A
b3a7fb3a-3173-4608-a295-682bb77776a2,2021,1269545,A
9f9de577-92bb-4bee-bbfb-434c32c23ed8,2021,1070485,A
ee68f80f-d9b2-4cc0-acb1-28bc83bb122b,2021,1190071,A
abd1cdf2-47f5-4323-a1de-0dab3f0096ef,2021,116770,A
9bf6d2be-07cf-47e2-945f-fa31ca7b3986,2021,1181115,A
d941acfc-4048-499c-b661-812b0bd70b3e,2021,94762,A
d25ab645-4804-4561-a890-af48c723824b,2021,18683,A
1750d103-fa9b-4057-8d56-1fdd77dfc158,2021,98665,A
5c4b8db0-1c45-4ef9-923f-75c04b0c7093,2021,1047907,A
53d8a2ff-1f40-4e99-8000-f2662c6c8c02,2021,1306689,A
cdbe4512-20a2-4c9c-814a-5fbeed8641e7,2021,1204325,A
261e1b99-cc34-44f0-8aa7-14fa524729f2,2021,12313,A
86bb1427-34c4-4a62-93c2-5965638852de,2021,5000135,A
f52a4256-6705-4645-9ebc-30da4b77f19a,2021,67601,A
b3ea9697-d300-4dab-8bab-d21aa622b7e4,2021,19047,A
047e8877-17f8-46c9-aff8-7e474130e8c2,2021,9425,A
8b517ce0-f5e2-4237-9ef5-44308707400f,2021,513,A
cb7ecffe-5653-43df-b0ef-c963579c44a1,2021,513,A
dace8551-9134-4300-b62f-4480efbb7be7,2021,21464,A
e30ebb4f-35e7-4684-83ce-e2bd759b8b85,2021,1385488,A
56fb6821-4989-41e7-9e83-a14a4095e85b,2021,1136142,A
5faa40ef-5b12-48b4-83d2-24b7cdcd157e,2021,1299927,A
1d9c3fc1-0082-40de-a1fc-3ddaeb6efd95,2021,48205,A
1dfe8be3-61fe-45e9-af9a-fcbf736253b0,2021,1272079,A
625f63e6-ecf2-404e-a9c7-71313f88b525,2021,18671,A
da746097-c992-4b98-84cc-d2cfb10ab38d,2021,18584,A
ce623b3a-bb91-44a0-86d0-94c02cfd3d1e,2021,18584,A
219c90eb-7b4e-496e-bcf4-b60104eca5f3,2021,1187671,A
15552514-3b4c-48d2-a121-137945fcc1a9,2021,19047,A
e30e84fa-83c0-4eaf-8eee-15f0c7a05f3a,2021,83388,A
6d226d9d-368e-4e62-8db1-21f9e26323e5,2021,113455,A
0c6e6e79-0366-457e-9fd8-d4d32cb0e50b,2021,1306689,A
16ef0cd7-e2bf-462e-9a7e-ded3f567b320,2021,107422,A
c82dbed3-c96c-48d2-8d28-28c4fab15785,2021,74737,A
ff70c08c-f75f-4304-9797-f1318e5c64e6,2021,62484,A
632c4fb9-370c-4c2b-ad10-c62ed4d10496,2021,9414,A
7416a2c4-2528-42b5-b085-853803588c9f,2021,106996,A
1226f114-56fc-4024-9344-dcc6ebe8c386,2021,1101244,A
b879c183-6e8d-47ce-99b2-d467dc6bd512,2021,11452,A
1cb78b9a-e219-4c3a-9a3b-183ac0b042eb,2021,94762,A
895770a3-b58d-496a-ba10-2687b26b5f3f,2021,103062,A
774890b9-c4ea-4168-b61d-fdf8e5d18c25,2021,47051,A
28fb3537-55dd-47e9-a69d-f4c14afbd74d,2021,50082,A
7350b609-c520-47fd-a880-70c1b2ee7677,2021,13401,A
ac9d426f-0eb2-471b-a465-e398f190f4f1,2021,94762,A
3ae9b791-4cc2-46d1-bccf-92327720ee5f,2021,53333,A
5c046c45-f872-42c7-97a6-fbd9fa90413c,2021,1101244,A
30fbc9cb-2b89-43e3-bac5-3f806bca8dc2,2021,1376131,A
87326368-4d17-4c4a-8c93-a13166f6c374,2021,40343,A
d375445c-e188-4470-a635-67354200ceb3,2021,18558,A
dc203c2e-b35c-4415-8302-ec3c9634b1ac,2021,11554,A
e4389522-51e4-4540-92ce-185da2612352,2021,11730,A
283c7668-7c02-489c-bfd8-ae4be3e7c112,2021,1136142,A
1597029f-a2c4-4e04-be61-b79925720a61,2021,1047907,A
ea52945c-915c-4a1a-b018-12f688b79934,2021,13277,A
f85f36c6-6b3f-49ef-834f-93ce1c347ec3,2021,20030,A
0ad2bb9c-031d-4c0d-8095-46258b8211e7,2021,13980,A
b0837054-0d96-46bd-b1ea-f1d7c4cac903,2021,1118057,A
563d1d00-9fb6-4a2b-ab31-da3079b74fb3,2021,43664,A
bf13536c-765e-4b8f-892f-e140792b1dde,2021,22061,A
f43db6c8-2239-4cfa-8f36-7dae1b480cdb,2021,1161716,A
9aa8f1cf-5381-4df5-9e6e-b6a0cd94306b,2021,1385942,A
f287eb49-ef4a-444a-8208-cce7b22a999b,2021,18558,A
60086b35-480b-4df7-894f-841e5efb6a79,2021,73140,A
dead6948-e4a6-46c0-b1bc-b83cca71e6a7,2021,112086,A
33e18b76-50d2-48e4-a43b-a6616b9342aa,2021,5000143,A
7e657cb9-3193-4526-8e3f-4a63bd7bff4f,2021,13595,A
d3c57be3-ae0e-4266-a760-8123d14fbd15,2021,1265453,A
ca9eeea4-4a1e-4691-9299-a8770409b3da,2021,19047,A
9975d202-e44c-49b7-8620-87753e217c9c,2021,88084,A
e258eab1-d08b-4441-864e-aac16e69f1fb,2021,118420,A
5dd249d5-cc24-459e-972a-7aa6bebaa9bc,2021,118994,A
88beb73d-6c51-4d7a-8de1-86e4d8a20b4a,2021,94762,A
21a426bd-8323-4de3-ba4d-91417b52dc05,2021,53333,A
e13b3f72-7be9-4e99-b71a-24c4c2109c88,2021,20030,A
b1472874-790c-44cf-944d-75759f317a0d,2021,1203177,A
c416f8d1-115f-456a-a76a-ba63e1d41e2c,2021,1166783,A
cfe85ee6-7b97-4aa3-9609-e6b1a0764f92,2021,11452,A
9bfbb547-af44-4dc4-b84b-d3d01c80c038,2021,1181115,A
6041eb4c-ed7d-47c4-8b18-a308c2757666,2021,1306689,A
e71e3933-0997-4a97-af1b-8989fef3abc2,2021,88084,A
723f3e5e-93c4-4d23-aa15-b1e176cbbc98,2021,18584,A
6e935180-d2d6-4a5c-80cd-cbcfb9a14a61,2021,1351760,A
0ce4a21b-d62f-4030-a4e2-f361e47fa457,2021,18903,A
6301f3a3-39da-466e-8ee1-82a965ef47f7,2021,18903,A
e29339c7-3f1a-4236-a81b-0b69ace51146,2021,1288839,A
03073cd2-2b81-4ee4-b429-85ea2a0de50c,2021,1288839,A
77ebf1fd-f401-4658-af20-6bf68f02ae7f,2021,107422,A
5e134df6-2f63-4f4d-8430-92d924f241f5,2021,1427745,A
e381bd2c-71cc-487b-a9bd-95ece0c46af9,2021,83388,A
9bd1c56c-d05e-4523-a27d-9d383f5d82b5,2021,114616,A
cafa75b5-ff1c-4039-bdcc-aeca587881b3,2021,98013,A
23231a7f-d574-4163-8fa6-1d23f8db386c,2021,98595,A
931e6e3a-c3f1-498a-b1d2-69ec781ead48,2021,21464,A
66cdb16a-4046-4ae9-981e-cc72e75d8ebe,2021,9440,A
84345771-5d7f-4303-8750-a1fd38cc1fd1,2021,19047,A
56b0d521-77ca-4d03-a90e-2aca4cab9a6b,2021,1306689,A
88f12326-84ae-4161-a07b-40ddab036071,2021,1204325,A
b7e1f71f-c499-4d8c-8670-4834f4202cd1,2021,114616,A
36edcac5-ca24-4e0d-aacf-90501b74d89b,2021,68930,A
7ebac117-7ae8-4fad-a054-87c892d2b08b,2021,91181,A
62e4d2db-3d1a-4aa8-a640-886191b8bfbb,2021,2209,A
70db1dbd-bf74-45e9-bf4e-c002f8e9087a,2021,19047,A
cf4513dd-5c2e-4b21-9b28-3f92f9e3ad80,2021,18683,A
231e73c2-ad1e-4da2-b0c7-29317c7cfe99,2021,968,A
263ff26c-7eee-426d-966a-299942db7dff,2021,62484,A
7ef2084e-0814-442f-826c-7127aca37021,2021,1315444,A
748662cb-0524-418c-ac86-fd9a1f91772c,2021,1376131,A
642bac94-ab6c-4dcf-b6a0-0d633e09847b,2021,10515,A
e59a8b9e-4ac0-43a1-8847-6ebd6bf043ff,2021,317,A
678e5e77-a85a-4802-8b11-fe0ef889f605,2021,968,A
5daad62d-a983-4b12-934c-54d0be8da538,2021,968,A
3cae0971-70ee-4e6a-b7ee-e7d89a2a7c78,2021,1118057,A
91d7517b-e4a0-4ffc-a8ae-6585b8497b1f,2021,97778,A
52286502-8000-42a1-a716-39617d893bd1,2021,1376181,A
42088bd6-3ee0-440b-9a7e-1845b9635839,2021,13277,A
d240935f-60dd-45c5-9431-9ebf499c27f1,2021,13277,A
f2f30433-9faa-4a6b-b842-74fbaf2c32d9,2021,317,A
f61151ee-8429-45cb-a0fc-0218fbb9c98e,2021,968,A
b3b035be-da4f-4d71-8bdb-7e7ad39351de,2021,98957,A
50683830-7491-44c1-9f4d-53a2c5d2ef24,2021,1265453,A
7c8085e1-f58e-4fe3-8ee6-ece24adb2036,2021,41238,A
a31ab182-61a9-4029-9600-bc58a399f065,2021,13277,A
32abb2eb-8d77-4115-9c43-2301b6ed4797,2021,48205,A
649fa340-d8ad-422a-b292-07178feef62b,2021,106996,A
6a8e57ae-c222-49bb-9aa6-7c06e410090d,2021,98665,A
9fb835bd-1e41-4b43-814a-db4fdcb4f1cc,2021,106167,A
3634d99f-0861-4b02-af93-d11b0f5712f0,2021,10515,A
7621cca7-6e7a-4cc9-a290-207db5c8ac77,2021,2209,A
42d506d1-d354-475c-a0e7-e78f1eb037bd,2021,112086,A
4b4f5047-aa2f-4f15-be49-00fc78b39017,2021,95175,A
23243525-c938-452d-9c25-8ed727566bda,2021,1108692,A
15f5c721-d8fd-4e49-b7d6-0473af1dee43,2021,91181,A
8e479295-dac1-476c-8ea1-42b34d9c8510,2021,54934,A
d7cfb666-df73-4019-8418-f81206206292,2021,968,A
9367b0fa-afa4-4ae8-b8a5-0777a4216de9,2021,101942,A
8159274f-b746-458b-940d-e6949c31c02e,2021,13401,A
565d406a-40ae-4fba-aab2-952619747b9f,2021,1288839,A
17321dcf-c2e2-41c5-855e-1932c1d3cb04,2021,118420,A
5c3723d6-ecb0-404f-a304-7104451c76bd,2021,20030,A
7bf38879-59b5-4556-b145-21ae092910b8,2021,1427745,A
9b884f6b-fd4b-4a0d-9118-263ae115ba5d,2021,58808,A
e7baa3c5-f466-4b42-a7ba-3577493c4394,2021,1376131,A
23345bf3-8f46-41bd-b028-3e5eba0eff29,2021,13980,A
bbc31476-b74d-4fd4-859f-938611bbeb32,2021,1330347,A
dc4e82df-e536-42ee-bdea-2aa9e1efb96e,2021,1118057,A
3a5e67d5-d244-41b4-bcbc-d75043b18c1e,2021,968,A
0e1bdcdf-7a7f-47ee-bb38-d45d983b8425,2021,108660,A
e7f380ed-07eb-4449-955c-2c105f182d07,2021,5000143,A
6c9487e3-4c24-4dff-b69a-5ccebaa6f05c,2021,1267543,A
262f6fba-7853-43af-a16a-58d5474015e7,2021,20030,A
4174adb9-c918-40d3-8650-e973ddaafb89,2021,1376181,A
baf774f9-1c24-4f6d-9a4b-8ab22aaef11f,2021,47505,A
4fe23a7b-7d0f-4563-84e5-b7ae27974039,2021,49071,A
7ea8e917-6942-4b04-9662-73c88ba2cf93,2021,113687,A
91710cd1-7877-460b-86d8-c84f472441f6,2021,18558,A
ad0676f8-c181-437c-afa1-bb7fb53c206b,2021,11730,A
4104334b-db84-4295-b1d6-56734021c4cb,2021,88084,A
14a7598d-2951-4a87-96d2-ad4f591e471b,2021,1136142,A
b10a5b9d-73f4-4072-928c-619c544532f6,2021,1267543,A
918c32ed-3fdf-4f79-a827-064afaf967a3,2021,90030,A
bec2458e-9f82-4fa6-9be9-1e52730d1267,2021,118420,A
b76535b1-1272-4d69-9ced-aa65a7d7d803,2021,1306689,A
61d7a8d8-ede8-4587-9d54-fc22576ea038,2021,51020,A
4ccc4d50-8120-4eb0-9da2-e7d6e55f03c4,2021,114616,A
268faa25-f3e9-4fe0-86a9-41a16b7e3d67,2021,101942,A
6ce5d7d0-52ab-4a61-b19c-d1ddd0afd3ab,2021,49071,A
6307e034-55c4-4afd-92cc-c2d56018d4e8,2021,108660,A
2666f0f8-d4be-45d3-b703-0115fb001849,2021,98305,A
919e5596-6642-4751-a5fd-7767640fb372,2021,11730,A
2e0d66c4-f2e8-45f0-815e-df59acd84ef5,2021,1132918,A
7404b694-fa58-4134-9d7e-b1fbf1b6998f,2021,1204325,A
2f04d89e-87e9-4322-93c5-1f327b67210c,2021,114616,A
a7a3658f-1bfb-4d3c-a88f-3638d097e534,2021,68930,A
85711c1e-3f11-41b1-a044-e7ebefea7504,2021,1322390,A
6fd0d15b-6db7-4c6a-8757-806760b9b19c,2021,106167,A
c10e34ce-6d88-492c-8e00-743ae0256ca8,2021,11452,A
87ab53e0-0d30-4831-ba44-749b86ddc324,2021,1047907,A
177e3a7c-bfd1-42e5-9f6d-45944e052d55,2021,2209,A
c2f5e4d2-72ca-493a-91d8-f6840471182b,2021,2209,A
97756b0e-f014-4a9c-9fa4-7feaf0b41215,2021,94762,A
0c307032-c59e-4dc2-873e-62921ad93e62,2021,968,A
286f9ce7-00b1-4d04-9f6b-da90bdc03eae,2021,55402,A
2845d44e-1229-4c7d-a174-5c776c2f6fc3,2021,112086,A
85ea49cc-366b-4967-a4a9-3d5e8fd47212,2021,57606,A
1b8d1f7c-4e2c-4278-8701-18bdfd7ae32a,2021,98305,A
f8a784d6-8c0f-4604-82c5-c222377dafc6,2021,21464,A
81bfeea0-421d-4b05-8356-8b3fc2386ea8,2021,43664,A
94450df6-9d12-4000-8707-0d2ef7180165,2021,47051,A
f579d6c6-b7c3-405a-9018-65be6b25d777,2021,1181327,A
63119c54-e3c8-455a-b283-e2aba0da4dba,2021,20030,A
422e904a-0a8b-4e95-8c2c-c7815119f59a,2021,1314243,A
102b9c7b-f86b-4539-8e8c-7032d677d1dc,2021,114616,A
6e80bbc0-4578-4a77-977f-f71397f6a68c,2021,1101244,A
c5572785-b9d1-40a8-8c00-670c3cc5f56e,2021,1385942,A
07fe8659-c4b4-4630-95e5-899e79997394,2021,18558,A
f1de8660-c93a-433e-ab1b-6efe09752528,2021,47051,A
e6a6b512-6cae-49c3-90d0-e8e4ffe02c6e,2021,11730,A
bffdbc70-49ad-4d24-b89a-703ac427862f,2021,94762,A
5ed1185f-b7f9-4c33-b408-e26b10a5512c,2021,98013,A
9319b479-c60f-46b6-9172-88ab316b9043,2021,95175,A
0cc5f8e7-22d7-4c90-b9a8-f2f2168dcb18,2021,1322665,A
e6a7aab6-7944-4cc3-972d-aa24a2511ab1,2021,68930,A
140005c5-e8ce-450e-84bd-c2da66f167b6,2021,1190071,A
8bceac91-718a-42b2-9d35-20884e0add61,2021,64664,A
512fd779-c271-4d78-85e8-8faf9ee7a32c,2021,513,A
3a56a3a3-b845-4739-be2f-dc442d00b29d,2021,968,A
d6c38611-f426-4285-9f54-22f339f412e8,2021,968,A
61e60c4c-410b-4825-8577-84f0418f61f2,2021,108660,A
f936a1e6-2b2a-49c9-b0c9-55a18edd5033,2021,18584,A
d0aabbb9-dffa-473b-b191-b23a49e43cec,2021,18559,A
7e127a66-f427-40d1-8c80-a2838fe003e3,2021,104360,A
43b047db-cd51-4f2d-9984-d07fce71315f,2021,97778,A
9b20da10-7982-4ad2-a05a-1a12d9127b7c,2021,55402,A
9222ff68-88b0-438b-8339-24c6c322f963,2021,19047,A
fd8a0875-eada-4a65-a052-64701bef3dda,2021,37862,A
9bc94c22-47f1-46bb-8941-13ac798a60cb,2021,51020,A
547b0910-af38-47e8-8864-a0c5dea6ece6,2021,20030,A
a223a4d3-1069-451b-88d3-d99e61b45e34,2021,48205,A
be2fb043-df12-4a00-b2e6-7d0edc5eb517,2021,106996,A
de5ce97d-20b0-4371-961b-5c79002b1918,2021,1385942,A
085540bb-9f7e-42c9-bce0-ef7c3b93a1aa,2021,18683,A
a73bd053-7cec-43fa-a9de-e5cfcdd724d5,2021,18584,A
00dcf585-737a-4cfa-aee6-b409feb796dc,2021,5000143,A
8ca40a73-5008-41ca-b4ed-30bef8ecfe55,2021,13446,A
98711448-34f0-4452-92e5-d86d23e17a4c,2021,13446,A
c87504ff-df1a-441f-b78a-dd934689c10f,2021,106996,A
7ae7e5ad-bc5d-45cb-98e7-ee547560ce2a,2021,18903,A
4e7ba00a-9610-48ec-93fe-fe068fdf98ab,2021,113687,A
e595ecd9-1cd1-4032-b726-b65bb0db3a57,2021,47505,A
8e690aab-6532-43f3-ae77-480d97cbedc5,2021,47505,A
b52f74ba-c8cd-4c95-817b-fdf9cb5fe313,2021,108660,A
93762069-19ad-470c-aa5a-fbdb48289294,2021,18559,A
1f339a22-d77b-48d6-84e8-2fba16fc0016,2021,513,A
75735560-2559-4746-b96c-28a71df5ce14,2021,19042,A
295bbd40-30c6-43ec-a7b9-3007d5031d09,2021,1136142,A
bc7a11c7-dd63-4436-8e40-d0832e845a68,2021,1376181,A
5832a67b-a2e7-464f-8064-1e08d7515aae,2021,37862,A
9007db33-5402-43d7-b9af-826b755eb246,2021,55777,A
7e04bd2e-214a-40d4-9d9b-a42cd375f203,2021,55777,A
7eb7fe35-7335-4e37-96c5-062cc7fb2415,2021,95175,A
e4fc1cd4-d015-4cef-9ef0-a6cab276a9c7,2021,98595,A
90aec4fd-eb6b-472f-b17c-eab250ab3b03,2021,13980,A
0ee29966-4aef-4db2-a05d-eb0bd923039f,2021,317,A
76909c6b-9e10-40ff-9fc1-48410b3cd309,2021,113687,A
b6446b05-2c6b-432d-8532-eab333f25751,2021,57606,A
be9af38d-fbb5-4d9c-a71f-54f01449bf34,2021,101942,A
816427f2-9e7b-4553-9a23-d297f1a810ff,2021,1148708,A
4542f697-4cbb-4d8f-8ded-0b805335405f,2021,1136142,A
fb6af550-f356-4762-824d-5a503be387cb,2021,113455,A
ce8c9804-f914-474d-9ce4-09cc59cfaad2,2021,1181327,A
56cb0e89-aedd-4c7c-96de-892b43d930e5,2021,107422,A
40f09e90-8250-4f5c-af17-2bc17d318c95,2021,107422,A
458005ba-f59d-489a-9a6f-ca1e60d5e1d9,2021,59122,A
cddb78cf-dc20-4da7-928b-c05041603677,2021,20933,A
6f22f28a-cd47-4e7d-9088-32f8107c8f6b,2021,1314243,A
c802c8ce-7c51-4161-9e04-1cb4650154d7,2021,114616,A
ae71cb46-4d60-4adf-a645-acadd51b3918,2021,20239,A
5e523852-7faa-4ff8-b1c1-5219f6cc249e,2021,108660,A
53b5f78d-fff1-45d8-b9ad-d4f0ef635d25,2021,18559,A
d73c5048-ce88-40b1-8c38-47c2e5c40554,2021,97778,A
6794502e-12f0-4cc5-b98b-3982fdebbc59,2021,5000143,A
0a5cce84-fe77-4d0f-b6db-43fa0a2152e4,2021,13446,A
3544a66c-22ea-498b-b9cb-1fe678697973,2021,83388,A
770f9fa4-6399-4fba-a841-c73c24898475,2021,53333,A
a39ee9ff-44e5-4f9f-9cdb-eab87e9ba1a2,2021,56172,A
c2e7746e-7ace-4fc5-bc38-2014c9549186,2021,114616,A
140567a8-232d-419e-95e4-23e473f07dbd,2021,114616,A
b5de3e27-ae5d-4a0d-a074-64583c769712,2021,10515,A
e70f5183-f413-488b-ab80-cdd3566bc887,2021,46377,A
5d321d6e-096a-4524-8085-d8b8f0e21b51,2021,1385488,A
e5e98a9f-9acb-475c-bb35-f9269f9beada,2021,1403879,A
6b17253a-06b0-4567-97fa-be8bb9a5fd12,2021,968,A
ac3a3975-5e2e-4ab1-aab8-55814972dcc2,2021,18683,A
cb2209d4-7793-400e-b7c8-bab81cd67d0f,2021,62484,A
4a7ecd06-4f47-4c04-ad20-a4fe4289c652,2021,18584,A
d6542810-1261-41d1-bc1c-754798fadad8,2021,18584,A
2922c0f2-acea-42e8-87e7-a2c87785ef7c,2021,18559,A
a23638e4-2cb8-4daf-ae5b-b38e67643036,2021,88084,A
b2ecc8a0-bf82-433f-9d7e-27a5a2d0941b,2021,37862,A
14750537-96f1-46a8-84c6-65e02450a7d9,2021,1315444,A
8d3d295b-67ff-4b82-84ba-d2bce6aaa9b0,2021,106996,A
e63ee0fc-eff8-4be1-8ab0-c136aeb9487a,2021,1190071,A
795b9420-2381-43cb-9619-f9099c29845d,2021,49071,A
312c4750-d39f-413b-93fd-360a196ad868,2021,106167,A
fa507b45-011a-4ce7-860d-d682c99c1d7e,2021,1306689,A
ae72cab0-80d6-4e06-a5b2-a41c5dfdd0ca,2021,103062,A
e650afeb-27dc-46e1-a118-314619831a11,2021,1118057,A
ba001325-5f43-4870-9c0a-6d679c10827c,2021,317,A
97eb8b35-fe58-4760-ac80-170513b121aa,2021,968,A
ec177bb5-5535-4903-900d-b188eaca92fd,2021,62484,A
0fbbc7ea-b705-4db3-baba-a160b898168a,2021,513,A
dcdb29e8-0842-40ae-bd9a-b2304d9cdd6e,2021,1136142,A
68156a7d-33e1-421f-a1a4-1b23313ebb84,2021,53333,A
6662f263-16c3-4f45-9ea7-07d7e39f5f25,2021,13277,A
0ea8140e-0b50-41a2-94f6-d5cf59ebd02e,2021,113687,A
2045a91f-0634-45cb-85d0-912349e641e3,2021,97443,A
91d00202-b195-44cf-942c-df9b88318d02,2021,1300429,A
c7616195-1497-46a7-8ba2-ee844d72bfe5,2021,1203177,A
b75947a9-2d63-4cc3-ab88-cd46299370b3,2021,1190071,A
4f946b05-d27b-4ea9-9ff3-ee7f617bf6b4,2021,98764,A
f3c303df-4f0b-4658-b64b-6297fa5705d7,2021,47069,A
ed0623b7-4e9e-43f0-850f-86df01dbfc97,2021,1181327,A
7146e1b4-3d89-4e3a-a915-4756a3e1f8f7,2021,1070485,A
2f11bf82-bb1b-49da-9a8e-36734f88462c,2021,97443,A
1a8e0f5c-2302-4452-ba1d-01df0406befb,2021,95175,A
70880922-3782-4f49-bf36-8fa9ea2ea05a,2021,1108692,A
20203ebf-affb-42df-8cf8-ef91a0c566f3,2021,64664,A
67965b67-557c-4cbc-8db7-12049ff6bd1f,2021,1181115,A
1dc992b1-a5ea-4512-a8ab-be3611398b1a,2021,54934,A
de8fcafb-d122-4377-8293-4a06b38a2365,2021,5000135,A
4283aad2-488a-42c7-8ab9-1b817f231d30,2021,2209,A
69db973b-712d-4a68-abb2-3da8f074ed19,2021,317,A
28a85ebf-d6d1-481e-95a7-23855bfdc346,2021,108660,A
6fe39cd6-6f96-4b04-af02-22b3a875a24d,2021,18584,A
a27b4dca-18ab-4bc0-899c-4d7a43cd2af9,2021,1267543,A
f912dfdf-d871-4f7f-97b2-47bffc1beb5e,2021,73140,A
4341968c-5dcc-456d-a8aa-7b87504434b9,2021,1187671,A
0c12c9c3-5078-4020-801d-82d82c332756,2021,21464,A
948bf77a-0426-4700-af1c-8fdbb3407ce3,2021,1190071,A
ff36251c-d406-4483-ac13-e4110cd9357a,2021,11730,A
40daf5e0-69af-4706-943b-a325e9dcabac,2021,118420,A
d658feb4-e5b9-4da3-9f98-ca5088f50129,2021,37862,A
81b0b9f7-c6be-420b-8a4f-7c4b9970e496,2021,47478,A
c8b0921f-bc9d-4ff8-8b85-0d370f791bb0,2021,1283028,A
6a5e0f54-5e64-4888-b413-75ba6d9618d8,2021,48205,A
2f3faafe-558b-4dc4-99d9-e12d5063dc81,2021,98595,A
f31ebfc4-244b-4d5a-b92c-ff03805a849d,2021,20239,A
72068ffe-f164-4160-a5ca-f4f761b99fd0,2021,1101244,A
4fe3ea81-bcb7-4e54-b859-93fe14c8f64e,2021,1181115,A
45bae17e-d64f-4eee-93d3-c69e34b8a431,2021,5000135,A
6e20a76c-0685-48c7-ba51-514fe1a3b1a3,2021,5000143,A
9d3cfac5-b480-40b6-a7a1-df29fef7e9e5,2021,1288002,A
1be1ac8b-8426-4598-a5ac-5060272d85a4,2021,13595,A
08d44b8b-5cfc-48e2-80bf-0a66fec403f5,2021,88084,A
250d6bf6-1223-4543-895b-e4ca42a745c0,2021,98595,A
87a6166e-b24f-4509-a7e1-0f90ead192b4,2021,48675,A
dbaed31f-47f3-41fb-88e5-458d1c6f3e5a,2021,102590,A
751b49c7-716f-43e4-9580-f9f7cd083339,2021,98957,A
e0f3b42c-a829-4517-af53-b4b67908de4f,2021,86326,A
da260b38-c3b4-4a53-a417-c7a67be6bcec,2021,86326,A
76594785-8773-4eac-801d-3d6e79980d83,2021,41238,A
f25c318d-8a8e-45f2-b6a7-6bd93baffb58,2021,1288839,A
0530bbba-ec20-45c8-82c1-3c058178bc6c,2021,13277,A
f5644c05-4775-4681-b8e6-082ff1b504e2,2021,20030,A
8f011c31-d9f2-47c9-bab0-fde7c4bc1451,2021,117022,A
56dce7a8-b6f0-494d-b5a8-8b62b8140e2a,2021,95175,A
d04ae9df-9ddc-44b5-9951-42f240bf5a80,2021,114616,A
8139a6ed-19aa-400a-9786-64addaf7478b,2021,9440,A
e8d21032-8ac9-4155-b5fa-5b653bdd5a51,2021,1032473,A
20bd286c-22fc-4a02-9013-916a8a04217e,2021,118994,A
1f699288-e359-4f0e-984a-6ac533f8f12f,2021,74737,A
d2690a75-b8f8-459e-8e23-1a8af0884e29,2021,1283028,A
30acd110-0d35-4b26-9e8d-cc891d6d704a,2021,56172,A
8c503d61-7570-440b-a392-ab3ee89d7e06,2021,117022,A
46a9c7c2-f885-4078-ad36-26055092779c,2021,95175,A
33288e97-f0a6-4f01-a441-d66020e506a6,2021,91181,A
9b830794-fd39-4bf1-b7c6-b33a4754b040,2021,5000135,A
bae31948-5fe8-429e-a763-4f490097faba,2021,19047,A
bb95c487-432e-4f57-93ec-665d42542b29,2021,55777,A
8cb35b17-e4dc-464e-b100-efce778fb383,2021,11554,A
c75037c5-b359-4b17-9b10-98aa503afc5f,2021,47051,A
5beed84b-55fc-4e97-9a03-85155e44f7fd,2021,49054,A
37129028-5cb3-4eb0-9f34-aa75b9d5c6dc,2021,53333,A
698d4564-4b8f-48a3-a98e-60da81556163,2021,20756,A
25a8d3d1-cdd4-4887-b8d6-f1941d4c7c50,2021,18559,A
9b796e43-372e-4070-bedb-8d298af10d5b,2021,1267543,A
55cddfef-0cbf-4b1e-abaf-4cbfbc7d0b46,2021,1190071,A
4cf7e6b8-f6dc-4cc4-91ca-1fef7119cdb7,2021,22047,A
51d25224-0142-409a-b019-3093ea930b2f,2021,1376181,A
6c4749a2-5a10-4675-9e81-bc9cbd445881,2021,20030,A
ca82bb78-f421-4e01-8f9a-874e9cedc2b0,2021,99820,A
01728d16-13aa-4ee2-a3c8-d722026f3c2e,2021,1108692,A
d6e9b1db-3006-4600-94fe-b011e48e5a5b,2021,11452,A
aa22ec97-ba32-4d48-80bc-3f0abf2af1f0,2021,73519,A
6640066b-ae50-4763-b6fd-589ad8ee9d7f,2021,1161716,A
c4c2929c-2bff-4f17-9592-6de08f0dc051,2021,108660,A
b8e121e5-637b-42a3-ae8a-d3a2adb0207b,2021,104360,A
36a7f004-f67d-49e3-8d15-4b572a8666e2,2021,55402,A
aded4358-1213-4738-bb0f-572ea6938c19,2021,101942,A
6254616a-cf1f-4090-9da7-a10489d529b5,2021,13216,A
85c4b50f-cd00-46ac-953c-ac4a0ad3af03,2021,5000143,A
97f407ae-bbe0-4e27-bf97-c4abcfa85a4e,2021,11554,A
b6a4dd28-eec5-4269-adb7-0023386264d4,2021,19047,A
22328b15-91fe-49e5-8fb7-96a332bfb44e,2021,1136142,A
805fd495-d9b5-4e36-9da9-e860c807afa4,2021,113455,A
e08750ae-8bf5-4bb3-8344-890fafa0a546,2021,107360,A
4af69398-ccac-4d68-a97a-680f4145ae0f,2021,101830,A
0ffc734e-b39c-4840-a16e-30b9961cec17,2021,20030,A
dd128731-a1ea-4b79-8489-dc7f7f8aa520,2021,47505,A
39ecbcbb-673b-466a-a04a-fb5c46d12f56,2021,98595,A
11a89181-4589-4ac7-961b-5b8f08084aa6,2021,1190071,A
3404ba10-9c33-4b17-9def-c23a23c04952,2021,46377,A
96c6bd3a-ac6f-4375-b0d1-5c83b32da703,2021,1181115,A
7f00af0e-b373-4e52-9453-ddddf1e132f8,2021,5000135,A
fc7d1482-0086-46d3-9ce2-1ff6c0189f6d,2021,968,A
2af8ac6f-a302-441f-9cb3-3f2ccc099478,2021,108660,A
5d5127fd-9339-4b51-bd4c-f475d4e20387,2021,108660,A
14639c5c-e806-40a7-969d-b80f01ad02e9,2021,49054,A
0ff5561e-3c36-4eda-89ee-825e5a665c36,2021,13277,A
2dc6cbde-1860-425f-b8c2-83d86917f0c0,2021,9414,A
4a5abee6-c8df-45e9-aa10-87c533fcc8e4,2021,1190071,A
fd638b6a-34d8-4a57-adf2-9a5dee3f9228,2021,106167,A
7c480f93-3e14-42a1-9cf7-8dfc51ccc32c,2021,94762,A
3975f2be-e4f5-4275-8045-2d633fd10daa,2021,88084,A
9fe49504-4c4d-46c4-9695-2e8876a3b3f6,2021,102590,A
8ad39f85-fb8c-4ea2-a930-5d6e4a0863c0,2021,104360,A
0578232b-2054-4ae5-b24e-eaab7d0a67c2,2021,1351760,A
96060fe2-741b-4b47-9156-207a11b2b42f,2021,13595,A
5bb1052a-bab2-4a44-9f31-644c69b96c2d,2021,49054,A
ceed17d0-c8fd-4df8-bf03-fdcad1687345,2021,1136142,A
b4f1a71d-ea7e-4f78-8aba-940e60ecb03a,2021,1306689,A
c4232f5b-a48c-4123-8abb-6a90de5f69b9,2021,98595,A
83404bd7-7365-490b-9c36-a23d9dfcecbe,2021,116770,A
5885172f-4ec6-476c-a85f-d0e7935a05c1,2021,106167,A
6b6fe0cf-1dc7-494e-8bfa-f2321d6cc175,2021,317,A
444c9d15-1912-496e-855d-b35e2f1c2e5e,2021,101942,A
3d0b6f5d-b367-48d9-9d02-366052b42a2d,2021,13595,A
1b6551cf-0afc-463e-9f88-a073761e651f,2021,11730,A
edfb4556-da1b-4e10-8005-1c059b04c9b8,2021,13446,A
4e83ee86-721f-4d1b-8813-645d464eca7e,2021,1267543,A
b31d4a3a-5489-47d7-979a-97eacb3222d2,2021,118420,A
7d52b684-a0da-44b3-afda-f91162be8cd4,2021,20030,A
58e3e8ab-dd4e-4421-9068-ec3e90476809,2021,1322665,A
b5b3803a-85ff-495f-8df2-1650254dea98,2021,13980,A
d5f26917-5099-45ee-bd00-93935349b4bc,2021,2209,A
fef0feef-effd-4b62-a99c-d0673a5e6d1f,2021,1385488,A
1dff4614-a44d-4ae5-905f-b20a5585ea66,2021,47051,A
657a54c2-8255-4c7e-b345-4ff1017dccd4,2021,18683,A
a7f35a92-1b13-42f7-9139-1c8ef691529a,2021,513,A
c30df6d2-612c-4060-b0b3-4f890f457656,2021,13446,A
adf03157-1fcf-41b3-9e8c-c9543e8721e1,2021,18903,A
9e17b78a-8328-4429-a6eb-c9538d126fc2,2021,1136142,A
efe5d7d9-6717-4943-a050-b2e1fa1a8a5d,2021,57612,A
117f85ab-ef23-41c3-822d-fba1bb409724,2021,98595,A
073b90c2-3a5b-4958-9dc7-1cc596bfc1fd,2021,117022,A
2a944695-4786-47c3-8283-2b5b0caae7ed,2021,95175,A
88b9bc4e-8072-4429-8503-7adadad7e37f,2021,64664,A
59a087ae-95a9-4048-a695-bdb5ff9bf8d7,2021,113813,A
ddbefead-729e-41b0-b382-44527886fe63,2021,1318224,A
1c734830-f9f1-49ec-b994-6785ee715412,2021,513,A
08f1fd87-153f-485e-9988-e1f7a77f24cc,2021,2209,A
e918efa7-16b4-40fa-9ac8-45fc86dde804,2021,47051,A
6897c515-b6c9-4dd1-90e6-9c3058e19db5,2021,1351760,A
1c066539-8086-48e3-900e-4dbe915126a1,2021,13446,A
2924af8e-f293-43d6-90b8-da56e8e0464d,2021,90030,A
6a939b23-820e-44e7-ae5d-ed3629b8f071,2021,1132918,A
dcdb72ee-bc65-4b1a-a04d-18e90485dea2,2021,13277,A
daab1d2a-b228-4a88-bd2c-931651695788,2021,1283028,A
33b370ee-519b-41ce-88a2-420494b295e0,2021,117022,A
52f2398f-4f2c-4d33-91a6-1fd3c2f07a94,2021,11452,A
1901484c-ef7e-4d8a-ab57-8b88ffb03389,2021,50981,A
59a13113-128a-4bf3-ad5e-ceb7675830c8,2021,317,A
b920e37f-2a6b-404b-89fc-f8e964e2edb8,2021,1269545,A
ee05b86b-9c58-4e24-8830-18c5c5c4e379,2021,1267543,A
3b6da94a-5c40-4627-9b20-0eb36bbb60e8,2021,47069,A
e4a7d67f-1d39-4c86-8767-1a69a7565558,2021,67092,A
987550bd-566b-4318-b910-fddfffe3e26c,2021,11730,A
e8034e61-2355-461c-9cd8-9027784e2d6c,2021,1102628,A
febca216-326e-4ac9-be7a-169df0ead4ff,2021,94762,A
b94f07a4-b062-4481-92ee-4a44a3685f46,2021,95017,A
36747272-6316-463a-a61c-760b6938a54c,2021,55777,A
bee1da17-ae34-4c4b-bc7d-f36a5c0997da,2021,20030,A
c3b75295-9324-46fd-8cc3-2feefe4fae4d,2021,98595,A
6261f269-669c-4562-aad5-b9fe69f56dee,2021,1181115,A
80559716-1d8e-4ae6-9050-121b2b7dbb68,2021,2209,A
edd0fd32-96e9-4794-9363-ddebced2ae06,2021,18683,A
fe19f9c0-4e16-42a3-9c23-7d96911736d5,2021,40343,A
05a351f0-3335-4a08-8306-815b58973e43,2021,1190145,A
4b3cbe72-7c2b-495c-9da5-53f0a5f75159,2021,99820,A
14c8ee84-74ad-454b-99e3-3d96311a5c9c,2021,5000143,A
e439735e-7b57-4f5d-9dfd-959d010ed8d9,2021,47051,A
1da661d2-5d55-4450-87e1-0468b55a1372,2021,19047,A
2f37456f-caa9-4d7d-8413-8a55ab3eea8e,2021,1136142,A
0e621bd5-8ff5-4256-b4e2-b815fd6f5334,2021,13277,A
55b238c5-f7dd-437d-818c-b163105f6cef,2021,98595,A
7f3b195a-66da-4bbf-ae51-80a4f9da0d5a,2021,114616,A
b817ddb5-7ab6-446e-a434-b64a79c690dc,2021,1190071,A
e6f30190-f7d0-430f-a01f-8dee2839e553,2021,1422296,A
f8945369-d7f9-49ad-802c-6dfc51f79133,2021,2209,A
9df8f3f7-2eb3-4820-8048-293d375c7160,2021,1267543,A
2d3b1864-0525-48fd-9be9-2de7d5c9afba,2021,47069,A
26cf0efb-5fe8-4008-b8f9-75637fa47297,2021,107360,A
b06d05a1-3237-40b4-92b2-e50b99e26eda,2021,1288839,A
d0a76057-056c-47cc-a81f-f615590f82dc,2021,53331,A
0dff092d-1763-44c3-90d3-3d33cc96967f,2021,94762,A
41d3eebc-e33f-4575-aaa4-9534769b5545,2021,74737,A
db877745-44f0-46f4-8a55-68e49a94dd28,2021,1314243,A
f22ead1d-9352-4eab-aecf-c5ca80e661fe,2021,91181,A
287576a3-43e2-4a8c-afb6-a1fc38c85b8d,2021,13980,A
c193bd20-1174-471f-8a20-c9f29cb3bd7b,2021,47478,A
c1ebb786-a2d2-40c4-a598-e9b0981913d6,2021,18559,A
7b7d4c99-374e-4e60-b407-9368482f8928,2021,112086,A
48e918e0-bda0-4483-8080-4462fb63e8b4,2021,1351760,A
9dfe5eab-a896-4a41-bc67-ef0a73843f1d,2021,107360,A
f988aa2a-755d-4ee5-9c0c-d90577e4a1c7,2021,49054,A
4c3fd00e-c18e-4cca-be2a-d11a54df3450,2021,37862,A
523164c0-6119-4d66-ba0a-1320db1c0639,2021,95017,A
518fd9be-2d85-4603-b010-673de5bb0698,2021,1267543,A
c3fd4e76-66ed-4bd3-9979-62b02fad847d,2021,98595,A
aa2f1c7d-1f4d-4a8d-9619-151cf08bc3c8,2021,91181,A
4b085e9b-783e-4089-96ef-ffc2a3418296,2021,64664,A
0ef6dd8f-ddca-4ac5-8f2b-6a3e1319649d,2021,1139692,A
0d94645f-36e2-435f-a2d8-b6553ddca6e8,2021,1190071,A
9690a95c-50bf-4708-aea3-227c84d809b4,2021,51020,A
776386ba-69af-4cfc-bfc1-d76a3c1ec2e5,2021,101942,A
59dde702-03a2-48e0-98a5-9966bb6b50e6,2021,1267543,A
b31a1cd0-ab6a-4b46-a3b5-ce6cc96eb4f1,2021,98665,A
b1a210c7-4887-4be0-810b-68b0b4ac1d1d,2021,13446,A
19ed2b1e-0ade-41d8-b0cb-492c30b50f70,2021,1102628,A
2a5efedb-8fac-4675-880c-4b6313c84fbd,2021,1299927,A
c5e60f9b-b252-452a-a624-e36883d684ef,2021,98013,A
e9d9b104-8f04-4c7e-8f65-d68decee616f,2021,1314243,A
db8a2fe0-c5bd-47f9-aedc-27126c58759f,2021,20239,A
c75073d0-ffa9-47d3-acdc-b6df62d3afad,2021,98764,A
bf8fc54e-1c0b-4e7b-975c-f22ce6e9c4de,2021,317,A
5f9c973c-0a52-4c43-98d6-63928661acc5,2021,968,A
9bfe173f-ef4d-4051-8f9f-af8af8298dd8,2021,40343,A
f20fdfdb-2ec6-4c23-aa07-cdfb4754784f,2021,18559,A
298bd2a2-a51e-431f-94b3-af9049e54b64,2021,13595,A
0d45000b-4200-47dd-9c63-cb01894ba5a1,2021,1265453,A
327848a1-1eb9-4bac-b340-d4200c6a1e52,2021,1288839,A
63d78fb4-88ea-479d-b7fd-a682654ca1d2,2021,1070485,A
11011379-b6b0-47a0-80aa-b4aa50e39525,2021,56172,A
58b9a51d-64b5-49a9-bd1b-e466c3c98821,2021,98595,A
7543c15f-5e02-4e37-b097-208a6f8f8bc1,2021,117532,A
e41a5b87-8a45-4527-af6a-f77b5697776c,2021,5000135,A
4dc0d4e6-8b46-4614-950b-7d67dee5705a,2021,1136142,A
b46c338b-e173-4c09-a3b8-0864bf830755,2021,118420,A
2201833d-907a-45eb-af96-0a82f1eb190b,2021,94762,A
89381cdc-8dcd-4b3b-9e3d-4122414ee48f,2021,101830,A
07134cbd-5cd7-4952-b7ad-2e045123e21d,2021,1204325,A
a2dbd99f-4ab8-41b6-b99a-09d1cbb17604,2021,1376181,A
9a4d6709-6593-4083-851f-ba2e578f12df,2021,5000135,A
1edd61ed-78ed-439e-9ee4-f304b56d183e,2021,317,A
5660236b-aad1-4fb0-a324-a2e844c00761,2021,95017,A
bea32da5-c1ad-4eb3-abe1-f447574c1e09,2021,1269545,A
e12bd9f7-1e91-45e2-96f4-a492f06dd4ca,2021,1103723,A
4880ebab-3541-4dee-90e9-477858a37c92,2021,18903,A
820e0737-e423-4f40-ad40-8ab792f490c3,2021,13277,A
8d68a857-9cb6-4ecf-91ee-a37fc3c0cf9d,2021,87396,A
46f027ff-f1bb-419a-94fd-f56b9cbdf710,2021,56172,A
afac6492-429f-4276-8a71-3d453e4788b2,2021,91181,A
c6a0337f-a853-4e5a-9bf0-42f383798cdf,2021,20239,A
ca73ec06-1119-4f39-b452-bb3f97baa52e,2021,64664,A
dec45d0e-fd08-427e-8048-457b3a091fe6,2021,1306689,A
0c5fe595-29c0-4356-a8fd-de85d9256c5d,2021,94762,A
7078345c-1494-4ae5-97ee-545020d9f2ce,2021,62484,A
cdc1b194-f6b2-4fc4-bfd9-7a5f92f4aaf3,2021,97778,A
b9a42ac1-babe-45f1-9536-455dcbae0b6a,2021,1103723,A
a699ed63-631e-48e6-beab-aa466b119c19,2021,107360,A
e17fff40-8650-45fb-822f-d067a953b0e1,2021,107422,A
b6a31750-fc98-4930-9615-514dcad84ef0,2021,1315444,A
5af3ca09-3982-4bf3-a03f-c3947126de43,2021,117532,A
d7d6815a-a29e-4d75-977a-f712c6fc1036,2021,1272079,A
e13e0f62-53f5-4bd8-9357-b2c8903be7fd,2021,101942,A
5235bde8-1f77-4a86-ac2a-95b31ef5c0bd,2021,13980,A
823c0624-c26b-466d-8348-1b825e554bc0,2021,1318224,A
e09f928d-27b4-42bc-807b-1c33a7b8df30,2021,19047,A
9dbf92bd-6600-4517-a9ac-82245404db7d,2021,108660,A
9e82d515-e76f-4dd2-bd88-574444c905ae,2021,18584,A
347b63da-a340-44c7-acb9-fa2f4e95afa3,2021,102590,A
7f268dd5-41cc-4464-9d7f-860305cb5501,2021,97778,A
be8e0267-719a-4d8b-82b4-6f9906e953dd,2021,67092,A
d0d59c12-ace2-4680-b920-52150be3fabc,2021,318882,A
3c70062b-e733-44ac-bb88-78f43837382c,2021,43664,A
b6b210a8-5519-4b23-a94d-682a455697df,2021,13401,A
1a79d76a-bd54-4224-b48d-ce35cf8617a4,2021,83388,A
ffbcdf48-3734-45af-bbdd-99a75bcd0de1,2021,1047907,A
9988a76b-1a21-472c-a02a-dff275b8ad21,2021,20030,A
4794d764-c261-4714-93e1-584706384108,2021,106996,A
a709817f-6e89-4b0c-a5c8-6d52fac7565c,2021,98595,A
11d9f882-c4b3-49d0-8505-37ff1198be4f,2021,97443,A
c5795cd3-3a95-4405-9161-c14b2a8af032,2021,106996,A
8ed23932-b1a3-4e99-b77e-1e61453ed3ed,2021,1166783,A
3004f818-44c9-4a42-a6d4-4a6d26a0c813,2021,90030,A
59d0c846-99ea-4feb-84eb-7f20187df906,2021,18683,A
5bdfdcd8-c69a-46e2-ab42-472508c0bfe2,2021,13595,A
87a99eef-5009-4e73-b015-f6cdb7a8148c,2021,1148708,A
31d9b3f7-f162-4558-81f7-3b95d91b909d,2021,106996,A
cf71773c-dc74-4d90-a50a-bbb8265c3ec8,2021,95017,A
b1d10abf-5b3d-49cc-ae92-5972da5f17f8,2021,1108692,A
287f3069-edf5-4f0a-a41a-32b1d00ac2f1,2021,1190071,A
192881a9-bc4d-490f-aa03-fe704d738c1e,2021,95017,A
3c272b75-30a0-4120-84ea-39bc0466ba39,2021,103062,A
1780e4fb-b246-4df1-b212-2bb616c2926e,2021,19047,A
ba2b20af-04c3-44bf-bb3d-9b01ef9bb003,2021,107360,A
7c20a2b0-b488-4304-b994-3917353eb8ad,2021,13401,A
7a797e2c-65cd-40d1-b8df-132cc25fed78,2021,1306689,A
f987e55d-6b31-4c2e-911e-03f768471612,2021,1322665,A
3b01a912-ffe6-4941-a54c-ab9ead45c0e5,2021,1330347,A
9b26c422-cfae-4a4b-bd2a-d37c99212315,2021,1330347,A
e7a12461-1d95-448f-858e-9e6bfd69f4e1,2021,95017,A
6ce51c88-f827-43f9-926e-400a946f805a,2021,19047,A
cd26880a-043a-4316-8dae-1823d6b5f52c,2021,113687,A
77518324-efff-416f-90b4-099809dedbed,2021,18584,A
335b25dd-6314-4954-9c42-5aaa544305d3,2021,13216,A
f7555470-f50d-4155-934e-78ad8113113c,2021,1103723,A
97da5a02-c412-40e6-8afa-39dc5504c833,2021,11730,A
58b7c764-e86e-4a74-954a-bc1266dd0731,2021,1148708,A
841e20ea-71b8-4aa9-b80c-0615c3c88a26,2021,88084,A
df563710-03b7-49ce-8d2c-d9b3482648d2,2021,1136142,A
bdb92ef1-71e1-4d30-bbbf-776e2e1d99f5,2021,1136142,A
4c2156bd-aeb0-4a03-b0a8-9d2bd9fdd2d1,2021,90030,A
a13a1c4a-5dfc-4d52-a206-262d7cb53c37,2021,1102628,A
7bf5b745-ddef-4876-aefc-0c517a8d2156,2021,107422,A
96ced88f-7483-44ed-b23e-ec19c848c0dd,2021,1204325,A
6a48cbec-ab82-4f89-bb6e-9a6fb54b6c97,2021,1204325,A
27f38435-4e24-44df-b4ad-cc56537e0e63,2021,55777,A
1a111a5f-76c0-4245-b288-d282e9f76db9,2021,99820,A
e213dd75-2eb6-4882-921e-fc406646d3d5,2021,1300284,A
e5760acd-423c-460f-9b97-3b8625a03a27,2021,18683,A
1bedb290-3c3e-45c7-bd8f-bd67392624fb,2021,62484,A
b26c9cfa-0ded-4028-a09a-b5bf1e9fdbe3,2021,1267543,A
83b00492-1950-4ccd-8dd4-abde0c252b37,2021,1351760,A
90362a2d-eace-4782-9f00-a07633b1636c,2021,118468,A
b8d28fa1-2c81-4360-ad3c-26da57fe63e0,2021,13446,A
90ebc603-8878-4df3-8e73-f9a7b7ec6edb,2021,1148708,A
38680c87-781c-43ae-8cc5-139291892fcf,2021,19047,A
bf363b52-40ef-469a-aff9-c463cb6d27f7,2021,13401,A
dd38bee3-cddc-4ca8-b5e5-cf0ecd5a1202,2021,11554,A
d407f2c9-cd89-4104-950d-748b26ce022f,2021,95017,A
d34d52ad-ff84-4662-9421-999bba24c301,2021,1376181,A
5f42abe3-9d02-4cd7-bdf8-709ec76c9cb3,2021,1190071,A
120ed142-1d0a-4440-9183-bd4cca364c1d,2021,94762,A
449cd37e-78a6-428a-9a95-290872d34fb4,2021,2209,A
7163d39a-ebe5-4ea2-972c-2d76e18df18b,2021,67601,A
3c6e17f9-f5a5-4092-85ca-77af840cdfa7,2021,113687,A
ecffffc8-8240-4952-ba9e-9e8d84fe1465,2021,20933,A
bbaffc3e-8188-41b8-bab0-d8c04987f5e5,2021,90030,A
fe070138-8f93-4686-8dfb-8d56af1e3e5c,2021,20933,A
b21ae4cb-96de-4cda-9bda-c64cef792876,2021,13401,A
de76df50-c138-44b0-b36f-a530dcc0b724,2021,107422,A
449116b9-aeae-43b9-8aaa-23829cc55aa2,2021,1376181,A
7bd7e9a3-3d82-4e23-87a7-5c4f906eb9f3,2021,9414,A
cb3d2219-a192-4596-a17c-f49a8c88dce4,2021,1101244,A
e82489d3-a0cc-4995-b8df-eb33f5429a0a,2021,18584,A
147af394-2deb-4d07-a3d8-748ba442fd6e,2021,101942,A
c75476f9-2183-4900-8d9d-dcea778f6884,2021,19047,A
04224daf-e036-4301-8d00-ebb366993d72,2021,37862,A
152071fd-26a1-44f8-afe4-fc13c35717f7,2021,13277,A
3ccfb18e-d1da-4f94-8dfd-60ae13933222,2021,22047,A
835bc9a4-d1aa-448c-9907-8171b890bf60,2021,118994,A
c79c0a3c-c7b3-4cb1-aad4-1334f31cbd38,2021,1190071,A
cbfe0dc2-5999-4354-8de6-6d196f93981f,2021,13980,A
0b9dfc36-6eba-470c-bb21-02e7a691460c,2021,1118057,A
55672ed7-5076-4b8e-9968-d703e8cd8a03,2021,1385942,A
675ec236-a6e9-4d9f-9446-6706734c4aa4,2021,88084,A
d8a0ce9a-9e4e-4271-9a73-a4df1b7ac2eb,2021,40343,A
d60bf0e5-2b3d-466a-a5ce-97786802d9b1,2021,50082,A
39a139ea-59c2-4f2c-847b-d5614389d76f,2021,18584,A
25919111-0f47-45bd-afbf-dfbfed268da2,2021,86326,A
e460e609-577e-4a78-997e-e74f6f74cf9f,2021,67092,A
f8a6d1b5-852a-4984-b611-29f66c8b4b96,2021,1351760,A
44113e62-8b99-4ad3-aae4-8cb73724d247,2021,1181327,A
8fd4f77f-cd8d-4e55-8b64-a9f2683c2c96,2021,59122,A
b17a6f4a-f00d-4f15-88a4-f32d952e9fb9,2021,98595,A
6ceee9d6-752b-4ce6-8d91-6ef64c9d11ed,2021,20239,A
b6033d2a-9e83-4488-90c8-bb5eb7d562e1,2021,1270596,A
f096cea5-39b1-45f0-8186-6df287db2402,2021,64664,A
e6d95ef3-afdd-4238-8181-438cd548309e,2021,11452,A
f8a18161-bed2-4f56-94bf-407861c5524d,2021,11452,A
9ff61f93-ef23-479d-928e-b79f35ba52ed,2021,90030,A
9b5e1a53-52c8-4f9f-baec-9e0d41067fb1,2021,98957,A
a2eab2d7-5cc3-4f63-8304-5c099dad7ef1,2021,5000143,A
fd321b82-a416-4a12-a8ae-e87509f5b985,2021,13446,A
95267df5-09f8-497b-b499-dd335febeed0,2021,1032473,A
285b13b5-c4bd-4b33-bdf5-6f63a67ce124,2021,48205,A
4365079f-3ce7-4ccb-81f3-0e1b2e2aed5c,2021,18671,A
b91443c7-641a-4a6c-a397-e83df613022d,2021,2209,A
21579af9-ff88-4392-811a-40d3c6c7dd58,2021,2209,A
0e26fb20-87fd-437d-b3fd-d0f45be13b6e,2021,19047,A
a3d99bc1-9a17-44cc-83c6-bdd35a337200,2021,49054,A
77c8e0f1-f60e-4499-b3f9-a34940b0310d,2021,1385488,A
0a7aa0d1-76c4-407c-a099-02d6393857fc,2021,13595,A
6b6da4dd-74cf-4710-a7bd-25581d0942e3,2021,83388,A
224300d5-04bf-476a-95b1-c7c80fe659d3,2021,1136142,A
64ac3da7-ee9f-414c-a712-3e0dc1693dec,2021,13277,A
3219f857-a4a9-4abb-beed-00d47c59b79d,2021,5000135,A
0df13543-64d4-4510-8e61-8b771235917d,2021,11452,A
9810b199-603c-463d-a522-abad1fd1ec16,2021,2209,A
c7b46568-cb28-4934-ba23-dc00d5fba1fd,2021,88084,A
782e21d2-8007-41bb-818b-d37b777a3eb7,2021,1351760,A
4bea19e3-325c-4f1d-80db-4bcdfde6a8b8,2021,101942,A
9ffccaf9-4aee-4a49-8827-354715443684,2021,1148708,A
a17a4d3a-a348-483d-b439-d70035114fd2,2021,1136142,A
9c6eebc8-7f9b-4aaa-a24d-49120a1ec94a,2021,1136142,A
56630c1f-eb34-44b5-b1ca-aca4e0ea37d4,2021,94762,A
3b86e0c0-fd44-4187-979b-c2bb57265f32,2021,1427745,A
438ae017-2b3c-4c63-bc22-c967f47fc1d7,2021,68930,A
1dc737ca-903f-483e-907c-dc2dcd336061,2021,53331,A
c46318a7-1184-4102-8cf9-65d73fda2407,2021,317,A
12399229-07f2-4801-b1c9-9fab3a7fd962,2021,968,A
19b5d8f3-375d-452d-afd4-2d8355dd0dc8,2021,19042,A
a1fda82b-0d88-4ded-99d9-e025f1314931,2021,43664,A
a8b240c1-100f-47d4-8f09-8e9201e3afa4,2021,1136142,A
13752f54-c42b-4932-92e8-4c2cbf3b67d4,2021,1136142,A
407c847b-5bde-4a7a-810f-e2d12b245ddd,2021,37862,A
5a1640fd-60ef-47d1-866d-bb605dcbfabb,2021,94762,A
c9f9af5e-c145-4a0b-a088-acc334b82c1d,2021,1376181,A
e3a53f28-73b3-44d9-9bd0-5ab7dde2c666,2021,1533190,A
e76bdca4-ba79-43bd-8cbb-8c4ffd28417f,2021,1322390,A
b02c2552-b0c0-405f-a38f-e741c9bf4ea6,2021,46377,A
5c73d8d9-d914-4339-9e3a-2943ed54e94e,2021,54934,A
73ee8b93-737f-4d27-b7f7-d36ba3727c9d,2021,50981,A
06f87bc7-7a6e-4a1f-aa56-1d9bf8e76e30,2021,317,A
8101a241-ac39-48eb-8c0b-02441a8aafad,2021,47051,A
21c8e694-55d9-40af-98b7-b6de8024c6c7,2021,11730,A
a7690ce0-142a-417b-a31e-520327714fd5,2021,19047,A
7e11ed9a-92b3-4fe4-a3a8-231163687d5f,2021,1136142,A
a7a43da6-13fc-4007-b0ed-2ac5f748bbaa,2021,20933,A
9e1f6a71-34fd-4605-992e-5d09b63ef769,2021,9414,A
7c417633-d77e-4807-b380-17694dde6e28,2021,64664,A
ca0f2e11-3c4e-4763-9386-3255fa2ce67b,2021,116770,A
96dedf0f-2ec0-45e5-b103-e3c90062656f,2021,1166783,A
da400a51-2540-4681-b9b1-2717b96b3f2f,2021,9425,A
9bd4be77-a083-4d80-ab8b-db441675fa86,2021,317,A
ccb922cc-d49b-4ceb-bfca-302a1fe1e5d1,2021,55402,A
087d7c3d-fd98-4443-8e4f-ce8d376fd8c2,2021,73140,A
b58ce23b-d46f-422d-a70f-709f86a57831,2021,513,A
250b0477-763e-4f4e-a7c3-329468cbf292,2021,11554,A
5e3d5a2f-cfbc-4726-b5fe-654359c88594,2021,98305,A
60a120cf-7c7b-4a39-bf41-7f6895b2cc78,2021,53333,A
7d8016ac-fc30-471f-bf52-34e4df62e03f,2021,1047907,A
5aa7bc2c-a364-44bb-ac05-5bf0865c446b,2021,1314243,A
378f516c-75ea-462d-a244-acc30f90facc,2021,95175,A
65495014-f9f5-4a65-b650-190ac8e2582b,2021,99820,A
79e0af01-b71a-437f-abef-6a8ac07010fa,2021,95017,A
885133b9-3694-4672-a68a-092b5fbcd4b6,2021,13595,A
50048887-468a-461c-964e-0a5bd4e99ad4,2021,1265453,A
e996fb1a-8c73-4662-aaf2-dc5fff5ba73c,2021,13446,A
30efa257-384b-4035-a0fe-22cdcc6d225c,2021,1102628,A
8d36555c-c872-44e9-971e-6a538c6f549e,2021,113455,A
c4d5b828-d736-43c0-b0b8-f7e8acec4d2f,2021,1181327,A
fd677ef2-8817-46e8-abb1-b998af9eff13,2021,47505,A
d7614f66-c613-41b8-8723-62fcf2c2eae0,2021,98595,A
67f7884f-7c4e-48f8-a85e-01ffe950e17c,2021,95175,A
8187230e-3196-4577-abe5-c9100d5b51b9,2021,68930,A
497fe13c-bc45-415f-b784-aeebb60f6fe3,2021,1258063,A
63ca3e25-c84e-4b45-96bc-aaff6dd6a406,2021,1190071,A
3a8dcbb2-4f18-4613-a6ea-a224a15b1646,2021,317,A
7c02f872-a56a-4712-8d6c-2e8eeed67da1,2021,18584,A
876bf8e1-ea7c-49c7-bb9e-1ed7132f640b,2021,112086,A
5d709865-1472-4e4e-95e4-5324c5fa5453,2021,13401,A
f061b66c-99c4-447c-8420-c950deac6f26,2021,94762,A
a8f8b73d-3c4c-46ff-acf8-b3831b471842,2021,1376181,A
4d6e08eb-78cc-4452-b02a-02351073f717,2021,95175,A
9e9378da-3cff-4c6c-9276-8dc4e5c00b2c,2021,95175,A
f9fd0e0b-794e-4cf5-a5af-f04764b24235,2021,107920,A
59fc6970-bbf8-4b79-b126-e3c1f4e18d93,2021,2209,A
670c1f5a-53f5-40e4-ad50-7a05a2b27a67,2021,317,A
61bcae08-4bc3-46be-bf8b-4e1ca81dd201,2021,1288002,A
645506db-4458-4224-bc1e-fc4d2ad2774a,2021,67601,A
1455d40d-29ae-4444-a1f9-14740dddf51a,2021,1267543,A
51f5d226-dd38-416f-bc34-10fd0b7b008c,2021,1136142,A
f60ce9b1-6962-49c4-a3f5-b8b8657b266d,2021,117022,A
b6e2fa85-3e5f-4959-9bce-1a1b4a083b7d,2021,5000135,A
04568cbd-8423-4e3e-8895-47a8a3249d97,2021,1330347,A
e721b126-72c1-473c-8449-9de79779f27b,2021,968,A
05f29c3e-77b4-4ab5-9732-3f1fd41bc286,2021,968,A
66f8d791-63ea-431a-b18c-e8ccd1c30f4e,2021,18584,A
7ddf080b-c54f-43a1-b1d9-7c67cf94e48c,2021,99820,A
801d8956-7946-464d-8c41-65f1e6edcb21,2021,5000143,A
1a0498be-8c83-4a62-b8c7-c9292e18466c,2021,107360,A
db724cd5-35ce-41cf-8e09-99fefb425fab,2021,19047,A
1c711a27-c3c4-49ea-90f1-df1c5d6015f7,2021,13401,A
e01508dc-ba56-4c1b-bbc8-437ee8bf0f51,2021,1306689,A
e9c6d7a4-90dc-43f9-a59a-a02435e1f6ea,2021,1204325,A
9033fbaa-b291-44cf-a5f0-7806cc5250e6,2021,1315444,A
b76b23dd-e0c2-4756-a502-5d5df9855cd2,2021,9414,A
bf21b9cf-7061-4301-a0b7-c230b611ca3c,2021,55777,A
63ed79b5-e2b2-4f52-bd63-6e72ca784c33,2021,64664,A
c48ada0f-7457-4c1c-834e-b23baeef5c90,2021,94762,A
6548b504-57ed-4648-bb53-bad2b46e0345,2021,9425,A
5dd24145-de85-4a6d-a6b9-0a903a6750df,2021,317,A
1ecf34b3-d6ca-4894-9604-870cf43e4081,2021,18683,A
7cb2d010-a67d-4489-8d81-ac523bfe745b,2021,62484,A
10f9d447-2010-4e8d-ad1f-7eed2f792aec,2021,513,A
e7c983e0-df8f-4972-9f61-e004440bf0b5,2021,50082,A
56969028-9eba-4216-bade-91153ee4cc36,2021,11730,A
7dc173aa-c0a8-4303-abfb-fdea740d834a,2021,13446,A
3dc59851-86ca-4227-9452-91d5e970feab,2021,18903,A
f43472d7-f4ce-4cb8-8f5d-ae9c34a5af5f,2021,1136142,A
fa9cffd9-6f8c-4ba5-aa33-61ce6dd8ed31,2021,1314243,A
05307f82-4e4b-4736-ae0d-1eea598922ff,2021,64664,A
71eca62f-2d2d-4b46-a33a-e197dee4f7da,2021,2209,A
37d0fb98-483c-414b-9122-d50d8fbb866e,2021,108660,A
2dd2ae21-998c-4fe3-92cb-9b0c801b6e2c,2021,55402,A
ebf215e6-c360-4e25-bddd-ab40768cb35e,2021,5000143,A
9eddc4c3-0c06-42d0-ad24-9551020aba3e,2021,37862,A
354e8d80-878e-4756-b739-e23ed5ee6aec,2021,1265453,A
ed084f3d-3022-4473-8414-a375edec6f11,2021,1136142,A
8f6e1bf6-6f8a-4ff6-bf71-83a6810bd92f,2021,1190071,A
d8034626-d6c5-469b-b5c3-8ace96a2fa2a,2021,1118057,A
6d626ec7-8bd6-4090-8164-100daac51079,2021,11452,A
2897fa5e-3582-482f-9386-507b03c7da0a,2021,113813,A
81ef28f9-4ac2-4417-8928-3a5c156c918f,2021,513,A
19e27965-297c-42d2-8154-a24ebe8f2d8a,2021,1269545,A
b1413a50-5f46-45de-9891-b74fd8b2e6a3,2021,13401,A
a0a3f01b-067c-4148-9345-ae40b807e2fe,2021,13446,A
fe4bf328-1730-46dd-b27e-0683f265d556,2021,62484,A
5055a3ec-09e6-45bb-ac9c-ba544ace2fd6,2021,98595,A
23551dbf-392b-4b29-8ca7-b7c426b973a3,2021,117022,A
76fce2a7-e676-4f09-88d1-73d8167f1aa4,2021,54934,A
d51d666a-c6fa-4676-99d5-d48b344befdd,2021,88084,A
e223575e-eeb1-4d97-b46e-808b7bf1918c,2021,18559,A
deb38931-d672-4a11-a6ce-be1d4d5e78fb,2021,5000143,A
6fff6234-1e62-4de7-8e5b-a4ade39eadf9,2021,47069,A
cd80bd3d-99a5-4ea1-bccf-d36e37e305be,2021,21464,A
8b10d24f-e951-4718-adc3-2707f76b998f,2021,318882,A
73bbd933-d57d-431f-b8ba-001e43765521,2021,13595,A
631cbd3d-6b80-4688-903a-28fcb8327058,2021,94762,A
bf92aefb-49a5-46a4-876f-c2d566a832b1,2021,1283028,A
4218dc86-1921-4232-a0d8-d3bdc4250809,2021,1204325,A
f43324c2-478b-4c1e-951c-f540e0cb5914,2021,47505,A
505cb700-3cec-4668-bbb9-9c5ef7b39bf0,2021,49071,A
254bddf6-48be-498b-afdd-6f56fffd9431,2021,106167,A
787734c7-7660-4cc4-a5de-589a2bf2fbe6,2021,18671,A
19f6576a-bb51-45a9-a855-ec1b7bfdf109,2021,103062,A
d8810854-1036-44d9-a554-0fbbc17819e1,2021,103062,A
3b97826f-de4a-442b-ab44-d01bb5896c0e,2021,49054,A
4901d2af-06af-4319-931b-4510880962c7,2021,62484,A
1e114077-647b-42eb-8a29-f07a3b80a4f2,2021,1269545,A
4d600ffb-dd3f-4965-bdee-834e43d5842c,2021,13401,A
00e6cba3-8982-408c-859e-b42b0ed307ff,2021,13446,A
a403fe65-33ba-4c2d-8a06-2ec21c14b1f2,2021,49054,A
1ab56a4f-5621-4bf2-85cb-89b0680d814c,2021,1376181,A
6055bafc-df5c-41b9-96bb-1ec517daeabb,2021,22047,A
38e953c2-0646-45ed-a082-f0ba40cbb136,2021,117532,A
6e90c38c-7ae0-4656-8e22-69859c17f5b4,2021,114616,A
30c51dca-8125-4993-844f-e67c89fe917f,2021,1270596,A
9a90ead5-5814-4f88-8b61-b2183774b94e,2021,1139692,A
39969089-e367-4135-bf09-df6e4e7d7257,2021,102590,A
31e4f7b1-2248-4791-b681-32b228a2f343,2021,1267543,A
fcb2de4b-f6f2-43c1-a795-6b1cea3268b4,2021,107360,A
bc1642f6-68a7-46bb-bbd1-6ff24e90b52f,2021,9440,A
b87d0ec7-e840-4999-ab3d-6d125bbbc047,2021,95017,A
98435f68-ab8d-41d7-8cd2-ed29a8b59412,2021,9414,A
8db6fb81-f175-4a8f-8e8f-0e152f3dde3d,2021,20239,A
ccd37153-aeb5-4619-925a-1eb13217b422,2021,1118057,A
dbe4de18-e8d2-4773-bd72-8164c259d0e5,2021,317,A
284400c7-8278-4479-a746-1002e68cf9de,2021,40343,A
05bdf8c4-de6b-4433-84f9-9793c0a87f86,2021,108660,A
26ce966e-161d-4c89-95c0-4b8ab03d53c1,2021,108660,A
fd6850f8-18cf-40ce-9e31-168f6a5f113d,2021,101942,A
a49c18bf-daa2-47e4-afeb-68771e419440,2021,47069,A
b60ef0fa-04ee-4dcf-b709-d9e24c95fdc8,2021,1288002,A
80242157-df7c-45d5-a801-d95eaf13c473,2021,41238,A
41008fef-c1f9-45cb-887b-d12fa65f5c5c,2021,1070485,A
fc2ba140-c00d-4e9a-afff-22bcba489428,2021,48205,A
3df2c959-7d4d-4634-9274-8c4cf8ee0cc4,2021,47505,A
c2a29683-3a94-4fd5-83ee-32180383ab3e,2021,43664,A
87fba0c4-74ad-4538-b4c6-11ae391e94af,2021,86326,A
28656ddc-13ec-43de-8352-1b5ec8471eb9,2021,118468,A
395b09a7-ed46-415b-98b6-dc8b17fb18d1,2021,88084,A
1825d2be-84d4-48fc-b549-02d81090045f,2021,118420,A
89209693-dd73-48db-a398-e25af279ea20,2021,98013,A
8e31a23e-3248-47c5-8621-d9f5f5c6baf3,2021,20030,A
9ad6917a-908c-4e31-98bf-c2e043328a46,2021,1314243,A
35cfd811-a15a-4a2d-a87f-ce5aeb320e30,2021,95175,A
9fa6e87c-25b6-4f58-a95d-cd426279a430,2021,1322665,A
6450c61b-70c8-48f5-8e7e-6c1afba9201d,2021,1385942,A
d7d22f04-2be2-4e3a-9664-dd09a9d81f55,2021,1288002,A
72d43617-14d7-4f03-ba21-0b6bd9e42515,2021,1288002,A
6630a316-3235-4f6b-8bfb-a406eb9b35ab,2021,1190071,A
f6e85663-a145-4aed-8a30-99592e698fe8,2021,107360,A
f3469f58-5687-4cf6-a83b-6814cb2484e0,2021,41238,A
e9e8bf04-61bf-436b-b0a0-ab8d8bbb116b,2021,1427745,A
a3281331-798a-45fa-9922-b8c759c9599c,2021,1427745,A
a76a5529-9580-4a5a-bff8-811d9a126d36,2021,18683,A
551d334b-0c85-4cc9-a7dc-c70f9b2cbed9,2021,55402,A
44f7c1a1-d1d8-43a8-8246-414b0b96460d,2021,1330347,A
fd2543f7-9151-4715-9eb3-1babf747c4b2,2021,67092,A
c7840f95-39c3-42c3-8ef1-c4791511aef9,2021,13595,A
1f89589b-31c2-44f1-9153-d902b590497c,2021,41238,A
3892f6a9-de01-4e42-8fb8-23070e822f62,2021,83388,A
785f8463-ca44-4f9a-8e79-7c89644dd606,2021,107422,A
f1d63e92-78e9-49c3-a08c-849e4ac0aa04,2021,88068,A
c500230a-ef84-4c6f-a9ee-3b0702916bc9,2021,56172,A
6520196d-bd7f-401b-b8bf-ba0b733dfdef,2021,10515,A
62a26863-1022-4861-934c-66a36a1dc2b4,2021,1330347,A
c11775f4-7cdb-4686-8fce-fb81081f0dfc,2021,50981,A
9931a5a8-ec55-48f2-ad0c-c80833e8dcda,2021,13277,A
c573b3c3-832b-4831-a4d2-5431a72cbe2d,2021,1376181,A
8a90d589-0a93-46e4-8fc6-3bd552301143,2021,1118057,A
3cd818ed-760f-4544-9126-2a183bbeef96,2021,20933,A
feaaca19-654f-481c-90b7-40f07b89bde5,2021,513,A
a0d41fa6-de91-4d60-bb2b-364e740ad293,2021,5000143,A
1a658a6a-273b-4de4-a87c-b3478e591455,2021,98305,A
5b0a7f41-2bd9-487f-920c-5110bcb90ad6,2021,67601,A
2eb9ce26-9636-45de-915a-f0af18eb704a,2021,37862,A
c2f87643-fa34-41f4-986a-fc54df1ab019,2021,118468,A
9e552b0e-6772-4890-b590-75101ea594d1,2021,1047907,A
45ff6e2e-5e53-412e-b5ad-78fedb024da4,2021,87396,A
04bf63b4-f3a5-418d-a54e-11d4266a3ff4,2021,1376181,A
e384ffad-28d7-40b6-ad81-29632d987ecc,2021,1272079,A
c25a8efc-ec04-425d-b219-a022ba1732ae,2021,106167,A
49a78d62-368c-4ba2-993c-d094e1ffec7c,2021,54934,A
63417792-ffea-4ac4-9e19-f45c7288b41d,2021,103062,A
1bc05e16-8699-421a-a4cc-d7ac6cb2895d,2021,317,A
c546994a-573b-4a1d-9882-a861c59b8c65,2021,108660,A
a38c1e14-08d9-4ccd-8716-2ab346477d22,2021,1103723,A
8b7cef9c-bce4-419d-8b6b-d3df0a3eb67e,2021,13446,A
ccad46ea-8439-45d8-9827-d44c244caee6,2021,13446,A
f8b04f88-80e8-440e-b2cc-3b5a8247c46b,2021,9440,A
108744be-6567-4b75-a918-44ee95741ded,2021,9440,A
10816278-60fc-4862-8275-75b3af51f76f,2021,101830,A
47759fef-8b76-4225-8d1a-ad7fb2a42419,2021,1300429,A
7de38c52-87f6-4af9-99be-7fb19a9686d2,2021,99820,A
5cb7cfff-ef30-44c4-a524-a0095039afb9,2021,64664,A
1369d77e-f0c8-4420-8fb2-bac3aa670fdf,2021,1376131,A
06077a5b-288a-4520-8801-83455d914e37,2021,94762,A
890a9633-b4e9-43dc-b433-5fbeee1ddceb,2021,94762,A
d416ff6d-5641-4b64-a2b8-95d1eea9c85c,2021,513,A
30ec64e6-f47e-47f6-a88e-e1f604dbe283,2021,40343,A
d904cde9-7e82-4096-9a3c-fe5be86fa74c,2021,107360,A
8041e89c-1e98-44ef-9dfe-fc498963035b,2021,13446,A
11370490-119e-41c2-a882-728f9fe9ce30,2021,88084,A
6cb8afeb-6f86-4101-8519-c3d2729f79b2,2021,118994,A
c1d162da-b707-4049-91b3-5d4fb202b1e0,2021,1376181,A
51f7277b-ec45-4c54-a41d-c49562ea7431,2021,95175,A
ae90714b-7e68-463f-8ffd-7077a448bcbd,2021,64664,A
7f2b58eb-985b-4471-bbf0-edcdc4ab25ce,2021,1166783,A
b3b87577-7ff9-4a15-bec5-1f08f3828f35,2021,40343,A
175bf51c-2984-4977-ac9e-f06ada82c884,2021,108660,A
ce7e9d24-1715-4de5-b9f3-0dabbb6c4058,2021,62484,A
5314a65e-b36d-4d2d-9131-a9268d5cb609,2021,47069,A
b4c0e0b9-4145-4d0e-b296-b163e4b3628d,2021,90030,A
4577d2f7-f2f6-47c2-a2c0-5e50bf5e2ee7,2021,118420,A
f1a275c0-bc59-4191-a3d1-f90970b10999,2021,1108692,A
ee1661ba-15e3-4e2c-9f43-fbb418490476,2021,17898,A
b981b890-28aa-4613-a042-fd539d3fc77d,2021,20756,A
c5d29768-c203-4d29-83a0-7f34e41e9c75,2021,1270596,A
042cffa5-89fa-483d-a2c3-231c10143201,2021,108660,A
8ed3beda-a0cd-4ca5-bb36-a83b1eeaa315,2021,108660,A
b233f0f8-d56f-46ba-8529-f1b54d30804d,2021,18558,A
05b0a299-aa1a-4de6-9ebd-85746fee092a,2021,47069,A
190b1a83-0f75-4c14-8b53-e5ad7b3221b4,2021,1190071,A
23dbec0b-30a7-4660-9762-bfcd1650e116,2021,13401,A
273c1ad4-296d-4eb0-b61b-ee5ddc52c06b,2021,18903,A
a0b5aa8b-9b5f-4d2f-98fe-fa2a24564622,2021,118420,A
05093059-a98e-4491-b0c3-5c5402dccb76,2021,101830,A
7d76af86-fc3e-4336-971f-b9067bdcc083,2021,98013,A
a37c515f-37ef-40f2-9eb8-385b9d6d934a,2021,5000135,A
da0140c8-05ed-4ccb-9844-fe080b0b6975,2021,64664,A
48fe1e88-161c-433d-b398-5b3ffdbef94f,2021,13401,A
05a33990-0da7-4f37-970c-52f86aeae849,2021,1118057,A
360f45ab-de4b-4b56-bc32-af65b13d0425,2021,1322390,A
d4bde5d8-88a3-4f26-87da-ee57ab7e89ad,2021,18584,A
a1c9cada-bff9-45b2-8fb4-d98eede6ad62,2021,104360,A
5d1b8230-956f-40b3-a0de-ec81ae754cee,2021,21464,A
e9d9ab15-918e-4c80-a37f-a6876b25a4dd,2021,47051,A
0ca45ede-9a40-4617-bcea-d4fc6f2981a1,2021,47051,A
1db55351-5c13-461e-b96d-96bf8849273d,2021,1190071,A
b1f707d3-193a-4bd8-a3ca-c2dbf3fcd966,2021,13595,A
a9ded1ba-7e96-4daf-a154-146153c68733,2021,13446,A
0d0bd8bb-1bbc-4096-9e0f-e4fbfc77f692,2021,83388,A
4068ed17-343c-435c-87f4-3d872f3dd7d5,2021,1136142,A
bbba11ca-5d8a-40cf-9920-b63ab688df41,2021,13401,A
07ab5ed7-0d39-4aec-a5ac-c0ba008c7374,2021,106167,A
50041eb5-da3a-4c11-af45-c6a17c2d0603,2021,94762,A
2a657ded-08ea-420d-b0cf-cb82dd144e80,2021,50082,A
d3e48d64-48ae-4851-9a11-8341e73876b4,2021,103062,A
c12d840d-71f2-4930-8c1f-acfa33dcad26,2021,117022,A
880fe067-b5e5-4c79-bf0e-b38afa824fec,2021,9425,A
ce86aece-e280-4da9-a055-69c2d788777f,2021,83388,A
d653c5e7-44d6-41b3-9456-4a8cf487aa14,2021,90030,A
3b500452-37e2-4d26-bdaa-be9efa21dd1e,2021,118420,A
ef0f51e5-ff48-4868-a3db-5229ba7c6e5c,2021,1181327,A
ef0fc56d-fb11-4cca-872a-e1ff6d073f61,2021,53331,A
bedf89a3-170b-463a-9dee-341d2905803d,2021,13277,A
3c85699a-910f-485c-97b9-5f2ecae70bea,2021,10515,A
563a3df8-5041-4ba6-92f2-81823e0226b0,2021,49054,A
1c31575a-b1ef-4dd4-86c0-93c3c0f00776,2021,18559,A
2e1e9dea-1177-47dd-af70-9445d1064a02,2021,13216,A
2345e030-76d2-4279-b875-dd93878420cb,2021,47069,A
37aeac92-6290-4a19-91dd-810fdfa4e2bd,2021,37862,A
17e71d6b-8edc-4a1b-b621-a1478e5294a1,2021,56172,A
7c07be01-abcb-4343-8439-e86806c17f53,2021,1204325,A
51099d0c-087e-48e6-a73f-47e00e9908ba,2021,47505,A
d9e29c31-68b1-45bd-a91f-2d843e664f4d,2021,1190071,A
4d3f1592-11c8-49d0-98dc-b46334f10142,2021,103062,A
7e53feaf-1843-4aac-857f-4e5f280d2f35,2021,118420,A
3c93c960-8afe-41cb-968f-01954faf5f9d,2021,56172,A
a7e3d38d-bad1-4c2e-8e15-a107eaba9428,2021,106996,A
a007dc6a-089e-4a9f-b07f-a03c6d6e017a,2021,106996,A
3ded1655-097b-46cc-bece-e4aff0cfd8e5,2021,49071,A
7f6dc5b5-5073-4d7f-88f0-f20464b8bcc4,2021,1139692,A
af87d4d1-571f-4750-ab94-763f5d6fc235,2021,1161716,A
84231699-2549-4220-942c-9de0f90809a2,2021,1102628,A
2a4f408e-5da8-4002-abc8-7ffe7190a888,2021,62484,A
aa5f0a74-96b1-48e8-95bc-f91b4e590940,2021,55402,A
1a29b236-7eac-4387-be3c-57b1cfc55f21,2021,1267543,A
a29c7840-2091-44d1-96a8-adcf9be62a25,2021,1267543,A
e158e01e-c85c-42b2-8330-0975f74c5063,2021,1351760,A
24fde9f6-171c-44a5-9659-ddcc36f645af,2021,13595,A
76bb70e9-a6a8-4782-8150-5dd179b6b70b,2021,13446,A
75d926af-9f09-47fd-bece-30a6dec624f6,2021,94762,A
d7f59139-ca52-4f27-ab34-01896b8dbcec,2021,98595,A
4ccc9928-4c56-40a0-9bc2-5b79082221cf,2021,9414,A
232920c2-6d16-4f39-b523-30fa414fc9c7,2021,97443,A
009fad69-7938-4257-9d09-8486dddbf604,2021,1190071,A
aa6d0a7d-7255-4797-8f34-8ae887597d41,2021,11452,A
83f45f7d-9d95-4c9f-be65-8532b344ad0c,2021,11452,A
6f653a5d-874e-4c7c-a2fa-da2b620328bc,2021,54934,A
49397d39-6efa-4b07-bef2-1a8fbfc6f28f,2021,317,A
f9a14c0a-0ab0-4077-bc38-5e3330d3a9bc,2021,11554,A
012d39fd-6f66-4b61-ad0a-c563f7015408,2021,41238,A
eb900073-c5ab-4601-95ee-10f953376c28,2021,13446,A
97885515-1fb2-49a6-a0d0-d0cfb972e368,2021,1070485,A
f411536e-c733-4b62-9044-d0c854f22911,2021,95017,A
e4ac39d4-f60b-4d4d-a905-80c5f9a690e1,2021,1190071,A
e42a6150-34ef-48e6-a37c-b46915a2f62b,2021,1270596,A
ced8f824-63be-4467-bf3f-4319a54cab01,2021,1181115,A
c0d97aae-5a27-457b-8e4b-ced36a1e4617,2021,5000143,A
de952474-94b4-4007-980b-5298002bc379,2021,1190071,A
9537e306-cc2a-4082-bab1-0fa2baa9ada0,2021,19047,A
20a7d281-8a80-407e-b946-978e916062bf,2021,1136142,A
68fcb2d7-2d21-4df4-b0fb-594a06ec9eaa,2021,1376181,A
74a0fdb8-fe59-4456-bd0b-7b264d4ee496,2021,62484,A
189840dd-220d-4215-b987-884df37733fc,2021,55777,A
d3532bbc-7266-43d1-8c9c-54984150a49f,2021,81210,A
5ec81f5c-17aa-41ec-a71a-4b5746d971d9,2021,64664,A
934facea-b740-43af-956e-238f86ed6128,2021,54934,A
bbd7c234-d403-4f36-802e-03dba2785615,2021,94762,A
db01e178-a17e-412b-a674-b0c541e712e7,2021,11452,A
f88970cb-4f30-4a4a-9207-b5a50f8a09dd,2021,1351760,A
d45cf0c7-c025-41b9-8774-43dbaa134f0b,2021,11730,A
a46293a9-11dd-412e-b8bc-1654aa3ff52c,2021,19047,A
5b0a1148-b357-4c8d-b769-1570cb3ee8e2,2021,1136142,A
1a1058c2-033d-44b4-acb3-1b683a6b499c,2021,53342,A
c593e4b7-1c1e-4f19-960d-f7c29c9167d1,2021,98595,A
30a33478-2b9c-45bf-a437-3c07f8a52e95,2021,64664,A
b218b762-8a2f-455e-919e-867815df8c07,2021,11452,A
ec7e87d8-72a4-46f4-a057-eac5068125ac,2021,19042,A
1baf9046-83ff-4070-98d4-6f9e708aab73,2021,1102628,A
74ebe4f2-c396-4f93-91ef-5c9cd8cca183,2021,90030,A
c9eff653-c8df-49cc-98ff-c0f690156a7b,2021,1102628,A
0b474c75-26cc-4175-97a3-e7c706e259e8,2021,118420,A
c0b65945-7d8b-4dcb-9338-63c400fb6875,2021,20030,A
defe229a-5a5e-44a9-ace1-41967e184ba6,2021,1101244,A
39844617-a593-4d08-a7cf-0bde181def20,2021,64664,A
9a6a90aa-bea7-402f-b41a-33315f0afda0,2021,11452,A
e74984ad-843e-4d1e-9f34-fc7f0f0bdb12,2021,2209,A
fb27cdfe-5f80-434f-b853-27d4a1757bc7,2021,103062,A
d828653d-a546-4f1d-a258-0f2e09932003,2021,317,A
7032dd41-ecc1-462d-8220-f7958a06e744,2021,317,A
f76e0893-949c-4f57-b459-6b02ca9466d6,2021,87396,A
89165379-1442-45eb-8bad-35dab73cbb51,2021,18559,A
e7e6dae3-8d90-4588-965c-2d67716201c4,2021,99820,A
086492bf-35d8-4490-bc67-7250a06dbf4e,2021,101942,A
2a2e1b85-d339-4a65-858f-51e0d7c5b1b4,2021,43664,A
a7c20b68-695f-42b9-bb1d-3370cad84ac5,2021,118468,A
62ad90eb-df0b-4b29-a934-37631471abaf,2021,9440,A
4fd1013d-441f-4338-bf45-75b11e0d3898,2021,118420,A
78b8aff1-0a74-499e-a2ed-5f57eddd7942,2021,1288839,A
1d951749-466f-423a-9faa-df65419c3179,2021,1376181,A
333e7e29-fbab-4728-b237-b9832b0cfd4b,2021,48205,A
c3996449-0f44-4c30-ba79-7f1a00a46461,2021,1300429,A
922c84db-58d8-4ed4-b77f-322a2da891d3,2021,5000135,A
5d5c9120-c14e-4b0d-8d6d-774167d28d09,2021,1258063,A
f4b4c8e7-cd6c-49d6-b9dc-072a1faa2a69,2021,1330347,A
3529d5c3-ada5-48e3-b94c-de8bd24022b4,2021,11452,A
a4724042-7a32-4a63-ab15-90be9715393b,2021,968,A
1bc4d85a-c464-4330-8889-0a960526b8dd,2021,13595,A
454347db-584c-4080-bcb4-f1c8cfcbedb6,2021,13446,A
c36e6c3b-d50d-4073-b87b-87c1fbe148b2,2021,51020,A
bb9d688d-e70c-4db6-bb45-86ffbad3d973,2021,114616,A
3c9bfa43-1852-4d4a-9be4-1f5f73361178,2021,1139692,A
0f38f7ec-3ecd-4432-a72f-b58d4132f069,2021,317,A
ae274d14-3308-45c0-9ef8-43237c22aff0,2021,18683,A
09f040b2-bf54-4bfb-8b55-75de10189c2e,2021,18683,A
7a81dea3-9ea7-42e7-8c59-5c7cc1d504fa,2021,18683,A
0830f68c-a246-45e0-ba6a-1195989ea23c,2021,18584,A
a2b5fe5f-9071-43c9-a899-caa51a01c402,2021,13595,A
50fca825-9d7d-4bad-b46b-e9f40527aaeb,2021,1102628,A
4a8436a4-ac80-4158-a621-811e915211ea,2021,1427745,A
ee196855-065b-4660-be80-a9511bd9e8e1,2021,1047907,A
2671bee8-2e3d-481c-8c87-0b22704f707c,2021,95175,A
b8c3c517-c04b-4846-92d7-9263575dd6e6,2021,106167,A
0ffad584-29cc-4dd3-b5fb-18a9878a3401,2021,1385942,A
cf508162-8c74-4c8c-9834-ad9f887df080,2021,1117717,A
2d12263d-71c8-4a9b-973a-492eda8ae362,2021,18559,A
e623783d-09a9-4cec-8ab7-c4187c530f76,2021,13216,A
4786c911-c860-4727-aba6-975b0f05d7c0,2021,118420,A
283922c7-0585-48d7-8f41-070b80827cd5,2021,1427745,A
60e2199e-307f-43d8-9738-6b9604394098,2021,1427745,A
de2c4a19-6f08-4a2a-8698-68193ab68920,2021,117532,A
c1e329a8-1ed8-4438-bec3-6fabae894e61,2021,1322665,A
74336323-7a26-4892-9981-973f4a1bca6b,2021,1203177,A
d0c9ed31-875d-4411-883f-72d6590f01ff,2021,55777,A
9c7004e1-46e8-4160-a231-729d4044725a,2021,13980,A
0d12fd14-e4da-420f-ae6a-84225c3a778c,2021,13980,A
46463e8f-d4e1-4332-8a65-7a8669b95256,2021,112086,A
d9266713-91b8-4eb1-9d87-a408861a31e8,2021,13595,A
a3a050d1-14ca-4b4c-9e2e-101d038b0283,2021,13595,A
a1ea464b-623c-4543-9289-e7ecbd3680ad,2021,1136142,A
6586940d-0898-4468-9cd3-f0c3c3b75f6e,2021,118420,A
605a3def-2097-499b-a6fc-295dee60c51c,2021,62484,A
06a4afee-00c4-4c4a-9e90-13c0f28d4a6e,2021,20030,A
a3769515-e128-48d8-91b0-004014309258,2021,1101244,A
aa541d7e-688a-4573-bdf7-0616966a6a67,2021,11452,A
329d8480-b238-4543-b693-af31af34719f,2021,98305,A
bf27360e-f0c6-45d1-b78f-5fd0bfb3cf97,2021,1351760,A
efaff71a-fce1-4305-bcb0-6df8710fe767,2021,118468,A
197d32ed-d9d5-4f4d-84ff-404793a6e100,2021,11730,A
47047693-cbea-4dda-b20b-135edcc50f62,2021,118420,A
dbc68f01-67ef-446a-b4fa-3c59df8e3528,2021,118420,A
e292cd89-5a5d-48fb-a726-dd805f341155,2021,20030,A
3288e878-0948-46dc-bf63-574df30584ea,2021,20030,A
938d7eca-5918-4275-818d-4ac964413cc0,2021,117022,A
fce625d8-ec6d-4168-8a6b-0ccaeca29deb,2021,5000135,A
a11107b3-2ceb-4f7c-9228-741cf65e5b9a,2021,1181115,A
16f70858-a056-4e06-9b0d-0695e580c2d4,2021,317,A
10cc29c0-aa91-4709-81ae-49f70dffd909,2021,1288002,A
984b0f6a-673f-4fc9-9b36-394d0e9acaa8,2021,13595,A
fe3753fd-82f4-45a7-9cf8-e34f0dd9faf2,2021,1265453,A
a9306ac6-4c01-4dc8-b844-cb17978b940e,2021,118994,A
64ae3d80-bd24-4889-8cc7-c812120cdb80,2021,13277,A
accd34f2-bff5-4a3c-afcb-fa3859e03847,2021,5000135,A
f9c0c2c9-9624-421a-87d0-d7f174218ba5,2021,46377,A
e506f588-79c6-4596-8d08-cbcbad3659a7,2021,2209,A
51cc3165-27af-4c02-aef0-0aea1cdf37e1,2021,317,A
a7681f8f-3712-42de-89c8-d16cbca82d80,2021,1102628,A
2da5e83c-5ac1-46ab-96b3-3ee31c19a4a9,2021,87396,A
d1f14b8d-7ecf-4473-a3b8-4fc6dd69465b,2021,55402,A
f47ff321-5676-4ba9-b8b8-fbca1a9ed8f7,2021,104360,A
abe91156-2f9c-4507-bf15-7e3b3c1950cc,2021,101942,A
b1c7fb9b-62b6-48d1-82c4-5a62188fd397,2021,50082,A
76cc0842-7b49-4c8b-b935-20c6055845c4,2021,1288839,A
4a67a3ca-7305-49ca-bef7-29103a7a2335,2021,118420,A
4eca5948-d021-4d67-a47a-e0d715fdc2e3,2021,113455,A
aa1b6127-0273-4cca-b421-6f2268292957,2021,1376181,A
56c66a86-abc0-43c8-aa6a-35a406e7cb2a,2021,88068,A
05501b5d-5d94-449f-b9ee-8995b99ff1ed,2021,117022,A
07245d48-25f0-42f9-8632-59ff9c994dd9,2021,1322665,A
b220cb4c-18da-41d1-9d91-611ad16b3eee,2021,1322390,A
b9d73df4-b027-4be2-9e25-50568a5d8d87,2021,1190071,A
2b2667bc-0eb0-4254-86c2-fa839780f8f9,2021,1330347,A
ee2f3303-84b7-4d31-b262-e3dbfc2b3591,2021,18584,A
0ca20ebd-29c7-47ac-887e-e2b1b2062a88,2021,5000143,A
8bf0b8e1-4307-4a52-8947-8db75dce7f1b,2021,1136142,A
ff022d1f-74c8-49f1-8332-5a4f387d29aa,2021,48675,A
2187e3b2-a028-4ee0-9758-fd18868dfdf8,2021,13277,A
122af444-7eb3-4e62-99e1-74c3c52e7589,2021,74737,A
9aa9e845-a780-4e3d-8c30-0ef5b39aa355,2021,9414,A
9328035d-4900-4bd7-8b08-13521e2dcb76,2021,97443,A
217cd2f6-75cb-4d98-994b-28f42f97e522,2021,55777,A
9eaa8956-1b5d-4e48-ae44-a86a0d0d4869,2021,1322665,A
712d7b35-7fc8-4043-97fc-2e9f7f78768c,2021,99820,A
56ad3511-3f40-4ebe-add3-37ec8b9df6ed,2021,116770,A
2b0800df-4b48-46d1-8406-8477b02d5223,2021,47051,A
2ad53d14-538b-46f5-985f-e65f72ecf30e,2021,18584,A
ff71df83-c13c-4f3a-9d3a-e3efa510228c,2021,101942,A
6114ae97-5278-402c-a49e-66dfe71131ab,2021,1267543,A
7adce46d-88d3-45eb-bf1e-545bedec7036,2021,1136142,A
649887ad-8fc6-4891-b2a0-cf18d76a578d,2021,1102628,A
984ad62f-663d-4619-aa26-0d38fa1a601b,2021,1376181,A
447036af-f1d6-4901-862d-f7a360f1448e,2021,5000135,A
aeba9097-273c-44fd-8ca3-0a4b3548c024,2021,11452,A
e9d1f12c-92ad-47d9-a83f-f3d923bc74c7,2021,1318224,A
e7bbbb09-1067-4e9a-a298-dc205507a04c,2021,1102628,A
3f28a721-fdcb-41ff-bc77-bdc6fd3470a5,2021,55402,A
f6d694bc-bed5-45d6-b014-d60b9ebcef23,2021,13401,A
384f8ac6-20d6-416a-99fb-36fc0ba6a7ab,2021,19047,A
60dd865a-8d8d-4166-8edd-ff07b7ece80d,2021,49054,A
eda36b89-da57-4631-96bf-77bdeae4f7fb,2021,90030,A
2787de3f-72df-4a3a-8110-6e18c71fbca2,2021,118420,A
1ee373f9-c927-4ff1-85cd-dd287db07090,2021,13277,A
e1980ed0-f25c-4623-9d01-3d7eaeb61373,2021,62484,A
e8dcd052-1133-4e3f-8bdc-0db4b9ea89d5,2021,1315444,A
c4911385-b4ee-4021-8b1d-86ee65791962,2021,1272079,A
fd496c90-d342-407c-b843-4221b9e96d4e,2021,95175,A
8f86a5f2-c2f8-4c19-bd8b-43f6ce2d11d5,2021,64664,A
048afeff-a200-4009-b7f7-4e48bbfd09df,2021,114616,A
4d541559-f45e-4a1f-adc4-3d1594b53952,2021,317,A
727c698a-f3ef-4678-a49f-53da2e633f28,2021,513,A
d1e8a81f-9e9b-4d87-aac3-260ddc827dcd,2021,13216,A
248c6874-0fb8-47a7-b172-25418d674e68,2021,13216,A
3513ae2f-baf3-4aab-9bb8-b08140172354,2021,13446,A
562a4b5f-a667-4297-a625-b12e7f942b0d,2021,48675,A
b185a95e-44e8-4dea-92aa-626b2008c46d,2021,1376181,A
ef474755-8cd0-481a-b3e8-cb958c808724,2021,20030,A
6e8ea0e6-2812-46fe-9c33-bbfa60140f97,2021,59122,A
3fc0b979-4e73-4460-b1b6-4c3550185cdc,2021,98595,A
08274378-509c-4a08-8473-34ae483fd127,2021,64664,A
f4b389e4-a875-4ec7-8faf-4e6535f48925,2021,64664,A
846546b7-8c17-4aa1-9bf0-29895e28826a,2021,1166783,A
7e553b61-d1be-429d-9943-b7226222dee4,2021,21464,A
1c094771-9d56-4ad8-9be2-ace4fef281a1,2021,118420,A
c7da42b2-3e2f-48d4-80e6-ee7db11e962c,2021,53342,A
f71ddc7d-b9b7-4a88-8753-4a9d6a3d66c0,2021,74737,A
f0919e32-13f8-4e0d-897d-e4813a992af3,2021,22047,A
1451f812-661c-4f4c-9189-fd377e05a03e,2021,94762,A
1d0b9361-b4a5-4fed-9adf-b57137da8037,2021,67601,A
4c0a0b27-e5cc-43bd-90fc-a9a4db17b296,2021,1351760,A
bc45e56e-6c68-4c7f-a9cd-21ba2ac108d9,2021,13401,A
81efc196-8b97-4004-bfc1-79cab479aeea,2021,1204325,A
ec77efb3-507b-4ae9-bcc0-93b9a250c7fe,2021,97443,A
9c20d3d1-4e89-43aa-8aaa-ecfdc349d801,2021,113813,A
fb02e59e-0f8c-454a-a5cf-4501676fa8a4,2021,94762,A
3b7b4001-711d-4556-9bfc-6c7dd1fcce17,2021,19042,A
f74b8b94-1fd3-4376-a828-6147cae17b72,2021,1267543,A
0d088ee6-a442-49d4-a6d9-8ace1c6ecdda,2021,1267543,A
205e936c-bbba-450c-90fe-94d5eb3834c9,2021,67601,A
6cb683a7-632a-497b-95fd-8574bfcdd5e5,2021,43664,A
baca5883-d62a-4260-8308-5fda9df882df,2021,13446,A
a9fce4f8-9ce1-4c58-99a0-283d4abc95e2,2021,1136142,A
a169842f-26d4-4d62-88cb-064586c08015,2021,1118057,A
4c7cf2a4-e413-4ff0-91f7-a0d7c39a0368,2021,97443,A
0709393b-069b-4ec2-9895-8d1b65005f08,2021,68930,A
874a301f-6be1-461a-b4bf-8989fe561098,2021,11452,A
6c53c24e-e8c5-4970-a916-b87778ee044c,2021,49054,A
3e5f11f3-063f-4ec1-8931-345f030de9ea,2021,108660,A
ea02839f-a3e9-40c6-a997-d6edda6d1bc9,2021,97778,A
75ed7bcd-832e-4083-ac71-1580825927e5,2021,13595,A
56797bc6-cb05-43c3-844e-451dea6f664a,2021,1265453,A
3638a67f-114f-4b0d-bc1a-9c74efb00329,2021,19047,A
7e14c6bd-ba16-45b9-b26d-681e7bf715de,2021,1283028,A
a7dfcd43-780d-4863-89c7-ae006c720a4e,2021,13277,A
00d00b58-c62a-41bd-80a5-25caf62874bd,2021,1376181,A
82318001-a5ae-48a5-bc18-b7bd5fc83b45,2021,94762,A
077e96e8-5047-49ab-8a0b-908f3ac14aa7,2021,2209,A
f9f5340c-a666-459f-b083-a7f3a3f92d4c,2021,2209,A
d5177919-6866-481a-9b23-7d6e88b25f79,2021,99820,A
bef73714-0c60-4efb-a400-942bb1ba256a,2021,47069,A
da65c748-ca13-482b-9bbc-38411d267f4a,2021,53342,A
70226e2a-0f2e-4797-8c6a-34d772218721,2021,19042,A
dd90b38b-3d4b-4931-96bf-15bae19b6967,2021,116770,A
11fdff2e-7b31-4b51-a4ce-6b3433fa72d9,2021,1330347,A
82b15992-c33c-4337-95d6-855eaf53054e,2021,317,A
bcfd67d4-803c-4f0f-981c-ce98ff6a0f83,2021,1267543,A
f2ff16fb-3b74-478d-a1df-f079d88163e3,2021,11554,A
5a38538b-5204-4205-92bc-75d45018c6e8,2021,19047,A
e8ac917c-8084-4c8b-a334-043548da6f2b,2021,118420,A
6866efb5-d91c-4149-b263-2d546480b8ae,2021,48205,A
8006fd09-4cb2-4aab-8f16-c8eb4c0f6737,2021,1272079,A
999a4005-ced6-4ffe-8bbd-e30ac4f2a5b9,2021,20239,A
6ea2b5d6-3c39-4fa7-b5ba-8fd78c8ec1f2,2021,90030,A
bb8e0cea-e421-4422-b70d-4365d9195b6c,2021,513,A
b162b0d1-58f6-4b54-9b38-b99023844e75,2021,73140,A
d3699d69-56e3-4d42-af01-fbe01d855bd7,2021,11730,A
c0cfe525-805e-43c9-8150-da6e88b669b3,2021,11452,A
f4ae2c42-5ee7-4c40-a3d4-1f3022b36c77,2021,1118057,A
4ca45f05-7ee5-43fc-b3e1-3b80e59c9c92,2021,47051,A
4eaacbf7-4521-465c-8e48-21315e324014,2021,49054,A
3eb8d349-9121-4358-8a13-a0b5bbbb4ce3,2021,1379275,A
d5353d24-9919-41b9-894a-64abf61ef379,2021,968,A
e336051f-772f-40f1-a528-2878812a128a,2021,73140,A
28199344-ad42-45a2-829d-8f46126dc2a1,2021,1187671,A
17860773-c821-48ae-80bf-1b48117ba836,2021,1351760,A
cf51e607-694a-4295-8b84-4f27137c3323,2021,64664,A
137aab30-3587-42da-a23a-6987bf320a68,2021,94762,A
61747b97-b8bf-4d92-806b-b975dd91fb13,2021,1136142,A
3fb8f5cd-8cd9-4649-9c4a-6c6c8449ff11,2021,1102628,A
8eeab1f8-5e97-405a-b7a0-15bab31164ca,2021,1288839,A
d023ae06-fbd3-4296-9890-d4d71955a45f,2021,1181327,A
4b10377e-87ef-4170-82fe-59c097d1a649,2021,1181327,A
3847267f-3e72-4dae-9f21-dd24eeabcb83,2021,94762,A
2848f7ae-a72b-45cc-aef6-eaff8bfc6c4c,2021,1427745,A
a721747a-c985-4072-9a1f-dc8a9fe5057f,2021,106996,A
62119d2b-9acb-4102-86f7-80b5e82367db,2021,1533190,A
42e359d1-a0e0-42c5-abe7-cc36e29c440a,2021,103062,A
a5b37b6d-d740-4390-b2b9-3a17a4dedd38,2021,95017,A
64ca26ba-8e6c-4be8-9293-56667eaeb06b,2021,18558,A
4d9e0f01-33cc-4b2c-9422-bfd929f36978,2021,47069,A
06126027-64f4-4dd7-bdd6-24caedbf92a0,2021,21464,A
15fd21f1-0693-4bb0-855f-65188db0c4c9,2021,118468,A
5f83ba1f-2f3b-4dfb-852c-e6077c1e7494,2021,18903,A
0f9bb2b7-05aa-4fc6-b09e-e059419faec9,2021,1136142,A
bcd55f8c-04dc-47d7-9b7f-059a7807d425,2021,1102628,A
bcce4aaa-4fb3-4223-8666-15c5cbdc2f96,2021,13277,A
1ce8b8e7-67c3-4b25-bb80-511715fa57a0,2021,62484,A
23468fae-f844-4b96-b3a4-1560b9bfb5b4,2021,59122,A
2167aecb-3976-4c67-af71-9d11a631f923,2021,20030,A
d8d273be-edda-4dcc-9c06-9dbef6a19629,2021,20030,A
690184d3-5720-4066-92c2-7219b7d5fdb3,2021,1190071,A
4df45bc8-8b4a-47c1-9062-c3e434ae04c9,2021,1318224,A
911f6c64-9dbb-42fb-a537-1bc776095900,2021,103062,A
14ab8ee2-dd90-4003-a62d-168576dd8308,2021,1288002,A
7b56d39b-5aa1-4245-aeaf-bb2e04d6a187,2021,1385488,A
dd2029eb-28f3-4545-8402-c852ad607e74,2021,41238,A
5a462f2b-6851-49ea-99a1-13618121c7e0,2021,49054,A
3325faf2-ace7-4c6d-8108-f8d002b8f730,2021,1136142,A
b8fce713-0fc4-4638-9af9-ca4f2e9cca2c,2021,90030,A
81c17b8c-c7ef-4899-adc5-0dba1044a5f6,2021,1102628,A
fb058667-689f-43b7-9c47-f3a6e541802d,2021,1132918,A
019a1572-aa94-400e-b96b-dc6a36632ff7,2021,50981,A
19b7376e-b1aa-472e-abf5-154f717816d1,2021,2209,A
85a6fe49-bb1a-482f-beb7-860d9dafb029,2021,1288002,A
fd26b1db-c7af-49d6-8cbc-2fa9683fddcd,2021,1132918,A
1d43a9f3-4587-463a-9101-d16fc053db1c,2021,87396,A
2c738933-7073-4ef4-9677-a71577e9349f,2021,117532,A
c31c5407-8c80-4d50-9b71-4603384906ed,2021,1272079,A
ec0279c8-87bc-4208-8f93-d10785ac3e92,2021,5000135,A
dc3d660b-1024-46b8-b311-f963cd7d7d4e,2021,1101244,A
de6e8122-4c83-4aa7-b532-6bdea0f3c674,2021,64664,A
caf45622-1116-4c35-ad34-dd7bf7a86e02,2021,53333,A
37deee4f-f49c-45a6-adfd-6ca664eadd53,2021,117022,A
35e3abeb-2707-4de6-9edf-6eb2191b93fb,2021,98595,A
f936671e-bb2d-424d-80a9-db51ad343617,2021,11730,A
4ab8ebc5-d436-4c35-a69f-feaf6bad7c16,2021,37862,A
227bd5a4-b6ff-42a5-b5c8-2f682d8f0b3d,2021,101830,A
02f369bf-1687-44c9-8fb7-0abbdf5acd2a,2021,1283028,A
eff80809-c049-4200-bc01-eaed210c0a67,2021,13277,A
508dbb2e-63f0-4324-9a5e-9f04390b94e7,2021,117532,A
b275ccaf-b9ce-4dab-b210-c050df7f44e1,2021,106996,A
9d852686-c452-4a5b-b6ce-ca016ea73377,2021,55777,A
62d063ee-08d3-43a3-b5f4-fbf2b200e666,2021,968,A
184ee5ba-4152-4c66-92a8-b40cd2462189,2021,317,A
cabe5921-81d1-40e3-b01a-a97b62bc20da,2021,317,A
d1cc7fec-6bb8-4d1c-be27-f6acdeae67c8,2021,108660,A
c35c9d8b-9b6a-42b9-8de6-538a48d564ca,2021,968,A
ec5ef36f-23b4-43b3-a523-89ff213ca829,2021,62484,A
43009b85-e6b6-4a63-902c-4932a09809f4,2021,62484,A
347deba1-0d94-4106-950c-2b5e033255a9,2021,18559,A
0283c869-216d-4840-bf44-1051a613111b,2021,47069,A
432f8019-069e-4f68-9d47-4ed80f46210a,2021,50082,A
671098d1-8192-47cb-929e-7e1fd96b265c,2021,13401,A
599bce99-d19e-4a4a-9ef2-48889c54262e,2021,13401,A
78283068-7c91-4f48-b9f0-4af96161647f,2021,9440,A
7cf376e1-13af-422d-9e33-c8f2d4543161,2021,1101244,A
2f8a0ba7-c4df-45c9-8ff5-87a5c2ea23c0,2021,13595,A
85d0b351-6107-43ca-888e-dd28eaac9609,2021,103062,A
a8689322-a69e-4aca-a72e-8554ca4e87af,2021,102590,A
9d214700-3b1f-4b10-a44e-69389e79ade4,2021,67601,A
b151ab59-9d7c-40c2-97dc-a865c2afa799,2021,1136142,A
a709c2aa-b2ca-42f3-950b-6e82a093785d,2021,1132918,A
1250a4f8-1c3b-49bf-962b-bc8e35574053,2021,1101244,A
10a66515-16c6-46f4-9cc0-bc7ec4185c70,2021,64664,A
8d0c55d8-ec08-428e-ad43-b3e0c020519a,2021,116770,A
bf70816e-7336-428f-967b-8bcda0755a60,2021,18671,A
875758e0-5159-42c2-8e19-7a15b001f5bd,2021,2209,A
22809c9f-9ac7-445e-8b12-4ea1e8445b65,2021,2209,A
697c115f-0e7e-4094-a64b-5b4708b58f5c,2021,88084,A
1ef5a91d-bd1c-4d47-88b0-afb654c9b441,2021,20933,A
90b52d72-a81c-4a65-9920-da0095fcc245,2021,513,A
50d5d5a3-a4cd-4725-904f-9ba07306d218,2021,37862,A
5dc45da4-6afe-4eae-b8e9-84af2bf5a1a9,2021,94762,A
f3be634d-bf0a-42d7-85a2-98e85727e614,2021,1132918,A
6042e416-a5fc-4358-b0dd-e703c481d9fb,2021,22047,A
cf6764d8-8985-4dcb-a78f-fb1cef4adf99,2021,116770,A
7383f499-251a-4473-b6e6-75dac18f874e,2021,13980,A
53dffe3f-4185-426a-8932-1f75e7b10c8d,2021,1330347,A
c96b02ac-d4e7-4229-93a3-627e762a5d33,2021,18671,A
50ea5fa1-f14b-460e-b1f1-cb1b048143a6,2021,43664,A
2ce1e398-48a2-4d40-a7ac-8c8671a74842,2021,12313,A
1f735320-da21-4da1-8a11-6b46e449b06d,2021,73140,A
64ab4074-f1fd-4b1b-b742-ea2e20a2df43,2021,97778,A
fd6ff68e-2d11-4983-a4c5-06ab22888777,2021,5000143,A
88e5ed27-451f-49ef-8555-6891a262af57,2021,11730,A
10a24abd-3039-4fb7-a75e-457cdc1eb101,2021,1148708,A
849763ea-bb59-49c6-8207-9bd77d41ca11,2021,1136142,A
14d60ff7-ff62-4b5a-903e-9fde77f958ae,2021,1136142,A
b880054d-d6ec-439b-b0c0-5918fb15f2da,2021,53342,A
59c2ad5a-dfac-4fe7-82f5-6f0d6c31efb7,2021,13277,A
22be1883-07c0-4b75-b6ff-7942032b1a61,2021,1204325,A
33927ded-cd01-41bb-83cf-777add8c6a73,2021,1330347,A
6d129e01-2e14-48ac-8097-1da325348906,2021,5000135,A
736ad1ee-293c-49d7-b6ff-d85c79f93fde,2021,103062,A
172e4678-75ae-444b-9ab3-367b8abc1891,2021,103062,A
0f7096f9-275d-4a4e-ab3f-d5728aa51d59,2021,57606,A
32639ee5-4e32-427b-abfa-db4a49494491,2021,13216,A
2d81cdb1-54b9-4937-bbc0-b99ceec1df1f,2021,5000143,A
5fe7d6ec-ddb5-43b6-b4c8-bcde31ae0dd5,2021,47069,A
5fc8cec8-ced1-4835-b12e-83779abb02f0,2021,13595,A
638e992a-643e-478a-a222-a79635109204,2021,13446,A
20f3ee0e-9a36-4bd6-af48-b334062c21d5,2021,18267,A
bc260b5d-fe08-4ec8-8f16-7050edb832e3,2021,20030,A
6afc69be-34b9-499d-bd84-eac9030aeb2e,2021,968,A
2eadbe15-c3c8-435c-9ed0-b253ac445c6d,2021,1139692,A
9949b252-b0b7-47b3-b26f-8c4d1f1dd586,2021,11452,A
32abbb30-cab0-4956-b180-bd12a54b4edf,2021,1306689,A
d2ab2549-1c0a-4af1-9d12-db9d320c8de5,2021,317,A
185c3f26-a41e-4659-ab4e-32c0017c004d,2021,73140,A
8d7950da-aafa-4daf-8435-d10a0f1c1c52,2021,13595,A
ac8cfb9b-53d7-4752-8b50-cff71526c02a,2021,13595,A
17882fbe-68af-4c4a-bae6-7537b6508a92,2021,19047,A
ea66a68e-cecd-4ac9-8cd6-7b7e2abaab29,2021,1136142,A
456d557f-861e-4946-b1d7-8fa2c491325a,2021,1136142,A
eb7f0a14-1d6b-48bf-9172-c2275752c7b3,2021,1102628,A
0fa500c2-dbf3-48dd-a520-5273927fb374,2021,53331,A
fa2bef9b-8837-4468-a00b-94a3f7c06c2d,2021,106996,A
61202951-856f-450b-90fa-8114706d1255,2021,968,A
652494a5-7414-417b-974e-9d60c8b0bb75,2021,513,A
58e5aa13-3631-4b66-8ff4-eeee689c4b1a,2021,118420,A
5e6a80c6-28f0-4e1e-912a-300ca5f79c11,2021,13277,A
df609b7f-fea8-4b59-ac19-cac81d761197,2021,98595,A
45e6c30a-7475-4597-b8eb-b12229959a87,2021,117022,A
c363e4f4-2545-4666-b24f-4a100a6ac326,2021,48675,A
c8ec636f-ea74-43eb-8732-f1c6b00f0f3a,2021,317,A
18128956-59f8-4088-a114-729b35f04745,2021,968,A
726fe48a-b6c0-4061-a217-21a9477e5970,2021,97778,A
7bfa37e5-b1a5-4068-8f7c-a3326f3d8459,2021,1103723,A
2c921193-1c60-4cb1-9f3c-53698a47b051,2021,1267543,A
4efb21bc-24f6-4f51-b3d1-7bec574dba43,2021,37862,A
bdd2d51f-7a99-42c7-8e7b-1c14c0e975ca,2021,1070485,A
1cbb6cbd-9103-44b9-a1fb-fa1e9bceafd7,2021,62484,A
da86466f-97b6-43af-8f5e-49ac22142292,2021,59122,A
d526a3e1-e970-4889-b95d-4080dc54c4ea,2021,116770,A
d0d6859b-915c-4d88-a3c7-c916716a7f72,2021,1139692,A
103a374c-f8ee-4a19-a6eb-f1a715f35a0c,2021,1330347,A
b6e84b76-6f0c-498c-b9ab-605801067dd5,2021,18559,A
2e1de43d-6ec3-4431-8b89-7a40cd08cf42,2021,1267543,A
6a3da73b-df91-4905-a107-a4f4f3b36c63,2021,47051,A
310de722-3aae-43cd-a892-6b930a5cfb37,2021,13595,A
7aaa5a2b-0601-48f6-a489-486f786f4966,2021,13446,A
5d824f87-deec-423f-8383-fb96d2810eaf,2021,83388,A
3fd7a85e-95f9-4114-a5ad-2dba36cfd83a,2021,1136142,A
fcbca46f-03d8-45bd-b3db-a72e8c7923c0,2021,53333,A
ea95ccd8-eb65-4a3d-ac43-a585434f99f4,2021,1101244,A
862295f3-7a4b-44d3-a9f3-d8166a85166f,2021,11452,A
755c4c3a-1d89-4b17-bb85-dcb553957a24,2021,968,A
cc69103f-000a-4d19-a948-4332f5f0aa70,2021,18683,A
d0cddce9-693e-4018-8327-244f3ef9cf56,2021,5000143,A
3aa961f9-66f5-4370-85bc-7cc7df5c2a7e,2021,1136142,A
112f47f7-42da-4a05-babc-85106dc6fea8,2021,90030,A
0a4b1d37-3f92-4a9c-9365-05e2f05d09b0,2021,13277,A
61441e1a-cd30-4d40-90ce-db9781a656ff,2021,20030,A
9b4d7c83-62ef-4b4a-b18a-a458461b4236,2021,64664,A
58e22369-bebf-4a12-be0e-19c636d6b505,2021,317,A
3b6d663a-a76a-4bb7-bd6e-a6389fbaa49e,2021,91262,A
fbe5d67f-19d8-4fd8-8fe6-6168f27f6028,2021,1136142,A
4de9a5ea-a32a-4e2a-951d-4d6160ad6b87,2021,59122,A
098a2f7c-5db7-4752-a3a3-87e79325386b,2021,9414,A
4b81655c-0707-4d75-bd5c-155c9f51852d,2021,1139692,A
0883fea3-1d7e-4fdf-aed3-05f99c507c57,2021,13401,A
b492d1c7-fde3-468a-98dc-fa2a59225c17,2021,13595,A
377a4bd2-d42d-45d5-8b79-915d8ad58516,2021,1181327,A
0dd8fde4-178c-4f8f-b4a0-ded12a55febe,2021,98595,A
59cead33-0f35-48ee-9a4f-1901cecc88a0,2021,68930,A
77c378dc-be47-4db5-b821-16303e1a6439,2021,1190071,A
93f80250-1f17-4a80-a415-d79bb3c99eb0,2021,968,A
9f24ea42-5822-48d4-898d-28601b2b6681,2021,513,A
830f2608-af69-44aa-9424-98fecd4116d7,2021,99820,A
e54479ef-19d1-41e8-9f33-b49fc40d1ac5,2021,13595,A
f73ec654-5d33-4235-97fa-85f0947d83c7,2021,9440,A
a5065914-22f2-4f61-b0bf-8e7ae9e9c62d,2021,13277,A
550a60d0-3f1e-4241-91e8-91c00cb06792,2021,1283028,A
b87b7664-2edf-465e-98ec-0ad3739265e9,2021,19042,A
f8573ad4-72ac-4133-953d-096be4422ea7,2021,20030,A
f27bf65f-6d28-4aa8-b1b5-9c0885f7aecd,2021,97443,A
3e465e80-147d-4f1c-aa1c-504f9f2c26cf,2021,5000135,A
fd1c6a61-71ef-458d-80c1-d1c1efafe007,2021,513,A
2d55eec8-c843-4cd0-ab0f-4437385f8bd6,2021,13595,A
57262753-4cf8-4315-bfc8-717e37630aad,2021,103062,A
8c50d565-2087-4a11-a2a4-c683dd8df85d,2021,47069,A
5474b764-6d65-4b79-b0b9-1ab13dd70bba,2021,88068,A
4f3e6fa5-5c72-4437-84b4-e6dcfd088ed3,2021,1283028,A
cd2794b9-058d-43f9-a1ba-c5fbcfe9ad39,2021,59122,A
37495085-c8bc-418b-9f08-4c62b3745fea,2021,56172,A
1db9c0d8-6f1f-4d66-9eef-40a62e03813a,2021,2209,A
f7c8c16e-5025-4a1b-82eb-9054295fe52b,2021,317,A
56b30ca1-659e-49d6-ac10-ec751f8a4f56,2021,20030,A
988bfb0b-c522-4baf-87be-4a13807b28bb,2021,9414,A
2e7a8cc7-1a7d-4f40-af79-9d243fe3df5a,2021,1101244,A
52b6a646-c403-4f62-9aa3-b814c0f7ebdc,2021,12313,A
6e98ca18-6f5b-478c-af8e-bbd1ab013af2,2021,2209,A
ab726afc-77e4-4687-a847-84513a296f1f,2021,2209,A
e232e3c5-5ab1-4341-b23f-7f37bf75cabf,2021,20933,A
a5158de9-21c3-4329-900a-a5bcab1bcaa2,2021,5000143,A
168c48f6-6f1d-4d1e-b20a-5c34796ef08c,2021,1267543,A
6bdbf836-6b1a-4747-8d04-e80c81345310,2021,118468,A
14bdd9ef-b437-4821-abc8-c103588bf7e6,2021,107360,A
58e77f1f-4f64-4c53-8596-b9653c1d22a6,2021,1288839,A
172bb3c3-674e-4ee7-9ffc-f58d6baa6ce3,2021,118420,A
43dadcaa-6f27-4b24-89c3-2eaed3e002f1,2021,113455,A
28d54dae-c950-44fd-84b1-3c2c23e7f37a,2021,97443,A
73313847-d420-4143-a852-03baf862706b,2021,1101244,A
7036521d-9c4d-42ca-a3a1-232c0f26dd11,2021,116770,A
df103c93-9ef3-4526-b81f-7eeb53308407,2021,1190071,A
90349766-2b10-467e-b42c-990fbff04fea,2021,2209,A
2c81fc92-c4fb-4272-bb89-6db27d4daf97,2021,968,A
99218e18-b1d7-4cae-ac48-6b5134712234,2021,13980,A
90859a4e-eecc-4146-98c4-2bc517e7ed1e,2021,18584,A
e7a4007f-9f12-4ed2-a47a-e1b9a7b42791,2021,104360,A
7f2a0e8c-a1e5-4e01-909b-44d9e20e42a9,2021,20933,A
4e23ecc5-43ff-4001-bdba-8bc2c89064f3,2021,41238,A
f024ed37-acee-4fa2-b2c7-e420a2b68621,2021,74737,A
d38dab81-1fa2-457c-90ee-ac88ba181b24,2021,62484,A
ee4f3235-edb2-4e3f-9891-012a8cdcccf8,2021,114616,A
f2f48ca3-c57b-4818-93e9-3468c2c2bcfc,2021,1101244,A
ab234578-26d7-43b4-815e-3141bdf1a460,2021,106167,A
eebc5090-fabf-4701-a56f-62366ed3895e,2021,11452,A
38ea3ba8-9693-437a-8a1d-2a2aaa3f13c3,2021,1385942,A
e7ccd28d-97c5-4153-a9aa-0b551bdc504c,2021,47069,A
95d768f9-3fac-4a73-be67-5d9b8bb98f18,2021,13446,A
7827892e-5830-4449-9d41-3202b6be4234,2021,118420,A
40b5cade-c7f0-4835-9d19-c06997e7157c,2021,20030,A
7ea56b70-e53a-4654-9e52-237dc434af6a,2021,11452,A
8e2988d3-fd8c-4696-9cbf-e123f15282a5,2021,2209,A
ce84d58f-628d-43a7-a330-496996757e0f,2021,2209,A
5efc4dc2-2887-41f5-9462-64219d8f70a8,2021,18584,A
822bf53f-8dc5-448c-b23b-12e16362d0b3,2021,18559,A
2663ece7-036f-4b09-bbda-e12205741cd4,2021,5000143,A
6dd551bb-124f-427d-a8a3-8e904f8e2ff1,2021,1136142,A
81dd8451-8769-4a5c-a513-b9ce17a708af,2021,94762,A
5301c459-83a0-46be-a190-3f456d21c18c,2021,13277,A
e5c296ff-e0ee-4cbc-9cf4-3aae69dee46b,2021,20030,A
87b44f2f-afff-49d1-ab68-81dd90a8b7c2,2021,116770,A
d6af1341-7ac0-4075-888f-39996013b0ef,2021,13401,A
c4dc1fb7-1e3d-486b-aa35-f817892dbe26,2021,1161716,A
5a05ce35-f7a9-4c74-b769-a80b55ea6879,2021,968,A
3ea407f9-0a67-48f4-ad58-653f79e0af8a,2021,55402,A
dfc72b82-118a-4313-bf3c-d22371a40957,2021,5000143,A
2a7d75c7-3f3d-424f-a7b5-ccb15f8f5f45,2021,13595,A
fc238a08-2773-4440-98d4-af1f2deabfce,2021,107360,A
236ccae7-d38d-40b6-8a27-10431607ae43,2021,13401,A
1e50131b-98a3-4af7-80d8-deaae8afef92,2021,57612,A
c25c6fef-20b0-4c3e-879b-3003eb4b7be2,2021,1270596,A
b8835b4a-352e-43e9-9ada-5a257a43c855,2021,1379275,A
6ec96b9e-5fe5-4fe9-8f19-8a418d089ac2,2021,13595,A
1f0a7297-6ff7-4cf4-924a-9078793d8f94,2021,118468,A
26a810cc-c2da-4463-b1ca-b8133f0fdf51,2021,1102628,A
ffbb681b-ef50-426f-ba6d-d35e4f2735f1,2021,13277,A
709a2ec2-301e-4b99-a8bf-6fe77d3e7b17,2021,1108692,A
47b49c9d-b01e-411a-80ef-45e282706521,2021,116770,A
9d9699b9-ccd0-42ca-a202-4f54d5915921,2021,13980,A
fb091569-9356-4d74-8f5f-3bac1f146314,2021,5000135,A
6205fe11-c27e-462f-83b6-ecc0e6ca84e4,2021,968,A
cabf543a-b911-4a08-84ab-bedfeb0f2d9c,2021,67601,A
46996da6-b2c6-4f82-a484-ceee2cf8e327,2021,13595,A
cb8c5d07-140a-4120-8e9a-cb3050455870,2021,13595,A
d2fb1a97-dffc-4b6b-a438-6fd4dd5bd3d4,2021,1148708,A
d152263c-40da-4d95-b595-787adb8ef669,2021,13401,A
2dfcb065-bc85-4ed3-a568-d0d87c397e33,2021,117532,A
4ec6a2be-dbad-41a1-b046-1d214ac51d47,2021,1272079,A
b78c7417-3ff8-47bd-afc2-8e08f844e38c,2021,98595,A
3d9aa4af-211a-4ac7-81c8-d34781bf66c2,2021,1330347,A
7c53270f-886f-4375-b7c1-fe4fa20e9a4b,2021,40343,A
8ca02fdb-a113-4658-bf82-537f12071b8f,2021,1102628,A
88b0cc5d-c936-4673-8377-3c57699392e8,2021,1132918,A
be3477c5-32c8-41e1-a1b8-57e23558a449,2021,2209,A
6839c862-ed8f-4732-8b66-f9c8febcb057,2021,50082,A
563c2c44-93d9-4fcf-91e2-7973906b909b,2021,18559,A
7027cee7-b2e7-4f02-8ab4-65a0bea2eb98,2021,13216,A
68abd5aa-7d9e-4edb-a93c-f46e6d080808,2021,1102628,A
cc155fa9-c923-4a9f-b7f9-2e442ebccaf9,2021,98595,A
671f96ca-1bfb-440b-a854-16a2c4635124,2021,20030,A
794b61dd-d3c8-4350-9149-b6ba10a3149a,2021,98595,A
07f61619-94b4-45d6-a2d2-0e71a60f2ee4,2021,1272079,A
8a06b2a6-579c-461f-88ed-7ca18b3dea8b,2021,58808,A
e57f9ba1-b6b1-4909-a7a0-1df86f75937a,2021,64664,A
351e668d-a935-4906-a2be-a9a3fa2ad38a,2021,49054,A
2fd6cc02-6181-46e3-8d31-f710bb1b599c,2021,1403879,A
afe808ac-2ddf-4b0a-9ee6-3fc00ff41326,2021,968,A
e773eb51-76b4-482a-a1d6-168be30daeff,2021,18683,A
e419adb7-437a-4d20-b23a-7ec1ec2bdd6f,2021,118468,A
8334bb37-4d76-4829-8262-732d7d642655,2021,118420,A
6cce9881-7188-479c-be14-c5e5ea12fc39,2021,101830,A
a3e1304e-12b1-4883-83bc-fb3317b8a871,2021,1299927,A
7f3fcddf-add5-4527-9d4e-797b6cee4e22,2021,62484,A
6b06f72d-4dec-4a7f-968e-49c600fa1396,2021,98595,A
15827c9b-d427-42ac-8fb6-f8864544dec0,2021,317,A
288348b1-cf9e-4068-bd57-b6e460dd7afc,2021,1103723,A
ec9d17c4-2a58-41b8-a7ae-556c5ef6a578,2021,86326,A
e75ee75f-34c0-46b7-8142-301c28f9eda5,2021,67601,A
781b6dd7-cd37-4f60-85a7-a70371e7fba5,2021,13446,A
f4a33e64-0229-4b48-8cb7-a8a6e8abfa5a,2021,118420,A
77db1aae-2e4c-400d-a805-d7d32c228318,2021,1288002,A
8353e663-7cf7-41ed-bfb2-4dba89107614,2021,11452,A
f301a2fd-5713-4145-a421-63743089326f,2021,968,A
6fb5f39c-8dcf-4be7-ad77-adf217791791,2021,513,A
45640859-23dd-4631-98bf-0968da6da38e,2021,513,A
543b3baa-be06-4c1b-8702-4f39cc102729,2021,95017,A
6b53923a-e892-4ac5-b255-a51f802d66c0,2021,95175,A
d951e8ee-0b83-4287-8e72-2eaedb4cea4e,2021,113813,A
7eb3f357-7610-4ce4-809b-44ca6679b756,2021,95017,A
bea8f1af-eddf-4ee2-b4ed-82835f36c4bc,2021,1118057,A
931155e8-0dcc-469a-a17e-3ebb99e4ae5a,2021,13216,A
6a8228e1-97ac-4170-8bd5-3cf98a7e2e91,2021,86326,A
9066ffa3-e649-4dad-820f-aabf9086d5f5,2021,11730,A
348d53d9-0266-4466-8dbd-6fa34cbf8f3a,2021,11730,A
b24ac061-ba7b-483a-ac7c-86e28195b182,2021,49054,A
220e036c-83d1-400c-96db-a934060f9d22,2021,1102628,A
1c41f81c-a353-4e86-ae26-248674c93c61,2021,1102628,A
39ba6689-4e31-442a-9656-353192944a5a,2021,1047907,A
abc0b87d-3712-457e-ac33-65cb50ff2a4d,2021,56172,A
7feaef91-2c4c-4173-b3f3-2338ace7dcaa,2021,114616,A
8b76b0b9-5a61-47a8-9c05-b37b082b9298,2021,113813,A
64efc821-d6d2-4700-a28d-1fc842701169,2021,317,A
8b74e419-0753-4ba6-ae52-1125d3cf406c,2021,317,A
1a3f2450-ed64-462d-b821-65a444ebbc96,2021,18559,A
3851316b-1c04-49c1-935c-da9a9f1778ae,2021,1132918,A
54e63513-f0bc-41b5-ad2a-d407f6871280,2021,95175,A
b7d5e7b6-a7a1-48ab-b60a-662c46d81368,2021,17898,A
abb7bcf1-bddb-4a48-971f-c37639e4342d,2021,1270596,A
5a74992c-a20c-423f-96ff-7728ece3928b,2021,54934,A
704c55fc-019a-4dd3-8269-85356ee59659,2021,11730,A
2ca348a3-9122-47ab-8faa-081b5d934145,2021,19047,A
322443c4-875f-449b-960f-1d553496a237,2021,1306689,A
25a6d9fa-0987-4d03-b224-b3766f186c23,2021,95175,A
05fcde11-6b5a-43a4-a470-9a29ab008f77,2021,13980,A
4687064f-7899-40da-9179-33378fc8a99d,2021,94762,A
affd9c06-fa26-4189-9d67-4d3da9453fd6,2021,13595,A
e9675fe6-b22c-4f47-b741-a0636c787bf7,2021,1117717,A
04695d91-8f2f-459d-8e19-671cd24caab3,2021,13401,A
bea659ee-5118-4673-8b0a-98a96cbcef4b,2021,1136142,A
9343e4b4-3b7b-4b20-8e93-45d9311f7715,2021,64664,A
1c579703-e02c-46a9-9066-89c5265a2f09,2021,11452,A
dec9fe29-3b84-4207-9c12-474b80c5e71c,2021,5000135,A
e65ef779-4100-4b5d-a27e-7a041f157d4d,2021,94762,A
1185445c-c940-4e35-b93f-5ceb3106b255,2021,18683,A
0c9619fc-da5c-4614-be43-e7851edf244b,2021,18559,A
49bd8b29-28b9-41e0-9a23-0d294d1afba0,2021,13446,A
7d67680f-e9d0-47f4-aad9-f27ad04301f0,2021,107422,A
f2c66c42-11d5-4d7c-9e3d-58697d957d5f,2021,20030,A
8ad22330-0d8f-4175-b3f0-9f53431b7bc8,2021,117532,A
87229320-d8d7-4ba3-9b14-ee05ca9c1508,2021,113687,A
6ce06eab-6912-4fa8-a482-05520fc0f7e1,2021,5000135,A
208f8327-e77e-425e-9f9a-3f4bb68d6fed,2021,49054,A
88c2f187-986e-41d1-aeeb-03ce01050fd4,2021,40343,A
698b4e62-2349-4bc7-a377-9d861f21c8c6,2021,108660,A
013d2bef-92d2-4222-b8b0-2d1188b019b6,2021,11554,A
5daa2487-9051-4869-a50b-5f116b9f63c9,2021,118468,A
067adf6c-6d20-4751-b2ec-b60e844c4dbb,2021,98665,A
c154e2cf-8cad-4580-8157-78b57aac88ad,2021,41238,A
f1bc27fa-27d1-441f-9646-d189e900e6ba,2021,1108692,A
e949cc3d-a8f2-472b-ad46-2958af3338c2,2021,11452,A
16afb970-3a94-46c1-b60a-5990677fb100,2021,317,A
8b845829-d773-4c8e-8c53-e7633347aff5,2021,21464,A
e70a334d-befd-4bf0-b159-8b0737ed9ee2,2021,13595,A
f4ce45ee-0734-424a-afc3-16026a212d61,2021,41238,A
f0629fcb-3b81-4c8a-bce4-0fbb252cdafe,2021,1102628,A
4238de16-b795-4b9c-b7ed-3747b722eb2f,2021,1070485,A
7927e089-4d8d-4aeb-a878-6374bab37fb4,2021,1376181,A
0d51a71b-b10c-49be-a46f-1cec50ca201d,2021,20030,A
3bc5043b-d7ee-478d-8425-47f718bb25e1,2021,9414,A
338bf845-d465-47a1-b93a-9765f675ca74,2021,1300429,A
84002f4a-adf6-4bd5-a8ab-c0473416b768,2021,1330347,A
61429fbb-5c70-4221-8635-2213f1b954c6,2021,1330347,A
d2d36b11-9328-40a8-a26e-c9dd5180f268,2021,18903,A
52c1285a-0260-44f7-ab9d-def83086002e,2021,113455,A
2170b38b-3f5c-4a83-a824-cbddc2d3660e,2021,1288002,A
ccea999d-2010-4060-9a83-1f7908d20b67,2021,317,A
5c8ad45a-6cfe-44fd-a149-b7bc1c9aab93,2021,41238,A
c73bb137-de0a-4654-98b2-cf4d145e8b31,2021,13446,A
d1ee2b3e-4960-46b1-af11-2899f0cfa279,2021,19047,A
2b5b8110-baed-4ae4-9970-28a073c4d3ef,2021,98595,A
684e3046-874f-450a-bf14-ae104606f3a5,2021,55777,A
b7d0817e-5f6a-4acf-b50e-3d210e259b3a,2021,117022,A
b47eb90f-ed4f-46f5-8de5-52e12ed82ead,2021,98595,A
42defda1-6310-4469-9139-6990b0b9551f,2021,11452,A
46f0fc19-47eb-4775-b816-09114e483485,2021,513,A
069fec64-7ad2-4312-afd3-fffffe8cb07d,2021,118420,A
c0a0dd74-a1a9-4178-85c2-2f25a8349ece,2021,94762,A
2aefb223-17ee-4f23-80fd-05e416df2a54,2021,13277,A
26e27f1d-0ab0-4cce-b70d-06730611f8e0,2021,87396,A
cd55accb-6683-4046-9279-a17a6006c7a2,2021,101942,A
2c9bb82e-d2e0-4c17-9ef6-a503d5ae5f35,2021,1190071,A
37715c50-4d8b-41b3-8b57-ae079997dac8,2021,106167,A
9b89c47a-0e9f-4e3e-9d3b-f00894cb4533,2021,1330347,A
ac116af8-bfd2-4c5a-83ba-15cca63a1b4a,2021,11452,A
4b50b415-1978-4a0a-9701-dde2afbff78c,2021,317,A
3497bd38-ff72-40d1-9cda-2a54d3d46e1e,2021,1288002,A
be38fc52-1371-433a-8d14-021fe9390689,2021,13446,A
0872e83c-852e-4f01-9ebe-b8042716c53d,2021,13401,A
f123c407-1c85-430d-a1ca-24da2a66c027,2021,106996,A
a2ad9f87-df20-4e9c-a491-5d97ba14a973,2021,101942,A
9e20ef67-d08b-4ae7-b9dd-a29ea56ae617,2021,103062,A
d20a729d-ad5f-4a8c-a103-e454d9f72ad2,2021,13216,A
e04ba0c7-20d2-479d-b948-3fb98401b56d,2021,11554,A
e26076da-4a88-467e-b789-7e23b58908dc,2021,1267543,A
c1e1a8eb-1256-4f96-9126-078b93572f46,2021,13401,A
92623cfe-9aa2-4968-80a0-05f99a623b74,2021,1136142,A
7df60636-1bcb-4c18-9292-86a7acd56ce5,2021,1283028,A
5af802fe-1f1e-4bd3-9182-ab0045aef760,2021,2209,A
7617778b-ee51-4380-a9b0-eb09fb687ed4,2021,1117717,A
a5abb833-ac57-445d-97f9-4eca8ce1e6ae,2021,5000143,A
21e110b8-f232-4248-abfa-e16ff5dc7dbb,2021,117022,A
8327c465-d9ca-4b69-9ef6-b5cd7eae939e,2021,12313,A
3167c78f-5056-4745-b696-8c343ed8e141,2021,317,A
88bab7df-4ec8-491d-9681-78448641ef00,2021,13216,A
39493399-a100-4165-a849-951d6924ada2,2021,5000143,A
71e0e70a-c551-4330-82d2-bb5554ea6064,2021,13401,A
207b428d-37fc-4caa-8b99-326672daf718,2021,9440,A
90a16d03-4af9-4049-b248-54aa58422dd6,2021,118994,A
7146ba85-6d31-4292-9cec-8034aaf7db85,2021,53342,A
177c1511-0014-4c62-844b-e32b9e8c6b8d,2021,113687,A
ca299ea4-1ff9-4702-a5ef-60f9ed854adc,2021,1101244,A
8a7238bc-6afa-48cd-9709-04b520a25bcd,2021,1190071,A
991b7b7a-0a9d-49bf-b90e-31e9cadb252c,2021,13216,A
dddf74c6-7342-443d-8bd2-b62a7ff21008,2021,11554,A
3dd034b5-8d82-431b-bbf7-d7f6ad57fe7d,2021,1265453,A
b5d2425b-faed-49b7-940b-c39a40e5caf8,2021,1102628,A
ba5ca981-6158-4ea6-9015-870401ceb177,2021,118420,A
1e9dd6f9-9d81-42ef-903e-e3341d165dbb,2021,117532,A
b2378dc8-3484-4aab-b1ae-29a3f4877eca,2021,95175,A
672f5808-65a5-4891-bf2b-2e209cf946a1,2021,1101244,A
8a0330ec-7839-4345-95be-16c49b1802d5,2021,13401,A
8760ceec-587e-4a01-89a8-9cb21a9c1885,2021,9425,A
a2cfcf9c-6ed6-48cb-8139-21f61e21382f,2021,40343,A
80c817c9-115a-44ef-ace4-68c4f48faf3d,2021,13216,A
2d4c00b7-5359-4bef-b057-08b4d6b0f0bd,2021,51020,A
88aac3f9-ddb2-4ed5-a28e-73c2ace01dbe,2021,103062,A
9dbc20a1-5a38-4748-9673-9008c8804024,2021,47069,A
5bfd48a5-795e-4dca-9c1f-7440a281357c,2021,1385488,A
1a80cd79-d8dd-4b4d-8d30-0c502932209b,2021,118468,A
77457638-ec2f-4276-b838-a28d8b2586fd,2021,107360,A
3dee46ed-7f20-4fcb-9a61-891018613fd7,2021,117532,A
74e8de91-1a01-41fa-b00f-670688568359,2021,64664,A
ad7267b5-d08f-40e9-a501-4655a04d0cb5,2021,11452,A
58245d1f-acc3-4cd2-8c25-14c24752d9f1,2021,11452,A
6f8289cd-67d2-413e-be39-329430295390,2021,1181115,A
44615012-9be1-44ec-9c3f-e9d86521b88f,2021,57612,A
c1df3f6d-3c66-4c70-b9ef-e68393e29fe5,2021,118420,A
ca3b6e80-2d0c-415a-9c5e-71cc1ea7b5cb,2021,1181327,A
29d0da20-4d9f-48d0-b0a0-3a995eeed12e,2021,48675,A
818be324-39aa-4113-b756-af33261d5000,2021,62484,A
2cd92045-a026-49d3-a25d-f563cd708a6f,2021,98595,A
6fd1a17b-5471-4351-a6f2-4015d9d6c0f2,2021,5000135,A
443ba52b-89dd-402d-950c-c7f9ad7aad55,2021,98305,A
b61be412-cb03-4d9d-bcee-3aa7dfb4b2b9,2021,118420,A
f35102d7-1819-4265-975d-aae3bca541f8,2021,94762,A
d442af07-51a9-4645-b8ac-31f7d896b7e4,2021,47505,A
d58500a5-f5f1-468b-8283-48444583463e,2021,101942,A
2ebbffbe-24ce-4282-8086-432d44185fd8,2021,2209,A
bb6e3e25-405c-4703-8502-e24e069b87d4,2021,108660,A
f777be6f-beab-4ef8-839c-cc9405e3bc3b,2021,1351760,A
991e2e7f-d7ee-4421-95d8-32598e8e1701,2021,1136142,A
fcd60f92-f4f4-4674-87f8-3c5aa705cfbd,2021,1102628,A
3d6c655f-218a-47d1-8933-77d83c75bd14,2021,107422,A
9cfb696f-be0d-45a8-8cb4-9a1490b86414,2021,1322390,A
a57a1228-0655-4f92-b6d5-6e082c41edc8,2021,2209,A
af4a54e7-dcb1-4b0e-9656-f0fdd7c04ded,2021,103062,A
b691c676-1c89-49fb-a7a7-c5b1bf5ad72b,2021,317,A
7d9d2ea8-de45-4e09-b4ed-3a5f2136e1d4,2021,98595,A
c443d648-13bf-469a-b92e-f577691cc4aa,2021,1136142,A
d7634197-11e1-4f45-b4f5-c6dbfda7eff3,2021,94762,A
c6a46015-b43c-4b20-a031-1f391ca9b599,2021,1132918,A
817bfff7-ddb5-45c7-90c5-3c1b874b4587,2021,20030,A
b6daa774-0a11-4bdb-aceb-e9fa3e423bb6,2021,1314243,A
7c16c554-7f8c-459d-ae9b-263c1f77b50c,2021,1300429,A
e2074099-3e8c-4eb2-b6bb-16ebb63363ff,2021,1108692,A
4a06161f-9745-498b-a605-acc64b9b2f48,2021,68930,A
b3b63b03-9353-4d21-bafa-7fca43e84317,2021,99406,A
7c45cc3a-5da4-4ba4-9360-e988af229362,2021,13595,A
095033e6-b113-47f1-a633-58d6f9ed552b,2021,13401,A
c6780c36-aef0-4eb2-84f1-94642a68db88,2021,113813,A
3d10dbd2-9f8a-4175-b150-c45c8862ac1d,2021,317,A
cb2bd92b-bbdb-4b08-b891-ab94fd0053ec,2021,81210,A
d2826bd3-9e08-406e-bddf-0e66a5c86af0,2021,9440,A
866262c9-8275-4167-a638-066e0f34ef6a,2021,53342,A
5521712a-964b-47c7-bff1-4a7fc0c97a31,2021,20933,A
fcba3c13-2f7d-459b-a264-c8c7d56ab9d3,2021,1101244,A
d1737cbe-4c71-4b2c-b0c8-6d6e755a4f9b,2021,13980,A
f07203ab-29ed-44b0-912f-28b00e6f1cf0,2021,18559,A
f13dc61a-7892-413f-8a97-693c06d9ce7a,2021,5000143,A
efaa6d35-0a98-429b-8f29-92ec52aac5b3,2021,118420,A
3a27c300-c470-49af-b7b1-496047c124f1,2021,118420,A
a005907f-d179-494a-a422-f96b2936176e,2021,1047907,A
ce42a32e-152b-4e32-8bc3-98724b81deb1,2021,59122,A
9c265d14-2960-464b-af1f-b6c14b57a0e4,2021,9414,A
7cd9dc69-af4c-4267-aeb1-af2fd38d9e9d,2021,1330347,A
02d2fcd6-ae6b-413c-b05e-8d6289a6b5a8,2021,11452,A
135c817b-08f6-46e4-be7f-4ebed666d9b6,2021,1181115,A
cb29cf1b-6973-402f-a7be-4d8e52d9dcdc,2021,1181115,A
38004dba-6c64-4b58-85ef-f334f3a94b88,2021,2209,A
bbcda56c-e8ab-4e7c-b155-287e1f61f4e5,2021,13446,A
31d76200-13d5-427f-84ea-a8aae74d1198,2021,49054,A
a6f5ac83-d184-40e4-88cb-08d232c00d54,2021,18903,A
1e5566de-5e28-4079-8a6a-52011f80ef6b,2021,98595,A
1ef8e36f-5148-43e7-b2f1-3a341542b32d,2021,68930,A
a3d34542-ad25-4b8e-8c59-51afec85838e,2021,317,A
60be4bf7-5f03-4246-a986-47688ddb551f,2021,513,A
4b314162-d2bb-455e-a08c-cf13a37bbf3e,2021,73140,A
36bf83b4-26fe-437c-b368-5727b732e16a,2021,98595,A
598967d1-7300-4c59-8c4b-61f0cb4f085e,2021,1385942,A
494a0426-e076-4051-9f26-92c34f1032df,2021,98305,A
e43a9c7a-4d29-436c-a9ae-36be304ee784,2021,1148708,A
956b4ce5-1cf1-4283-96c4-a3b83a588b4c,2021,9440,A
262afec8-c6b8-42d0-9d9c-a3971ef8c020,2021,118420,A
2e859098-727c-412d-9b5c-cf731ba1f7e1,2021,1288002,A
fe16984f-8f6d-42d4-acde-fb18bdf5bfdd,2021,62484,A
8be1b1ac-023a-4e98-9d05-47e21eaf88a1,2021,99820,A
a61ef5c4-1376-4515-bb5d-b8def49d6e2a,2021,5000135,A
4cbdf975-147d-47bf-9ace-8a89db817483,2021,1101244,A
fab513ee-1f8b-4bc9-acf4-fc2b8a647578,2021,1330347,A
ad066f59-882a-4c31-9437-9268a345821e,2021,47069,A
da241b57-6db6-455c-ac47-29962fe6e381,2021,13595,A
97eeed2c-a5fa-4142-a872-b33971046916,2021,13401,A
617338ef-6537-4172-a8bb-b87adc2d1fb9,2021,1136142,A
12ca7eca-a3f1-44c3-aa39-c90728fd357f,2021,13980,A
5da3d79f-8c19-4e7e-9017-129b3c817bda,2021,968,A
790a8f3a-762f-4eb9-8957-991f399ecdfe,2021,81210,A
5b186c69-f112-4f03-89a9-440ad4c94c43,2021,62484,A
48703b3b-ae9c-40b8-8bf5-80db44174b44,2021,73140,A
e510f57c-38cb-4a80-b400-aa010f69a348,2021,118420,A
649af1d1-3eb1-4bad-a33d-0a299d180ccd,2021,1132918,A
5a24b59e-853d-4dfc-a870-6c2d39c98c9a,2021,1288002,A
a27147ec-83b1-46a9-a5da-387fa99b72a2,2021,106996,A
f6547791-2d93-4436-b442-9b23bc37a297,2021,106996,A
970211f2-11db-49b1-a84b-64c5098d8a67,2021,1190071,A
4ec9d87f-975b-417d-8de3-52917381073c,2021,118420,A
d2b8256a-fab9-472c-a4c2-04e58983bb85,2021,57612,A
c568322b-fa35-4083-a06a-79996f8b846c,2021,116770,A
d75f9211-7bb5-4ec6-8682-f36d0a913e8f,2021,99406,A
abac483f-247a-42d9-b0dc-f3561f86a713,2021,11452,A
076f9703-c56c-43c2-937a-d567be4a2094,2021,22047,A
dbf09a96-6065-4771-b49b-98b757a60d44,2021,95175,A
c55a2d3f-658f-4c6a-be75-77b4280e8dd3,2021,64664,A
4ab58ae0-9492-47be-a096-823afe9ff904,2021,1330347,A
01b5aefa-4706-4ee4-8483-f378d79e6a77,2021,317,A
34cb27ac-9ab0-46f3-b345-7ea147b03fc1,2021,73140,A
995b5a96-a993-4843-869e-f1bc8d6de2b9,2021,64664,A
1fb080a8-2af0-4fbb-a880-23aa93cf3d35,2021,513,A
b13e91d6-15b3-4b21-91da-a6815771ebb4,2021,13446,A
6f32070b-c9e1-4589-a991-387135643fb0,2021,1136142,A
b57c5c7d-843c-4ec5-b63c-4013d7b1bea4,2021,56172,A
6c49207f-c541-483c-961b-d0455ef614c8,2021,13595,A
72901adf-3a33-4888-a455-859d4b7c7e4b,2021,5000135,A
45e409f0-d512-4997-9b30-27e2db7619ee,2021,1136142,A
675d3e5e-1f99-4129-998c-7cea7e1d9673,2021,53342,A
23a74207-a012-46f3-bed9-e5ff76d1d531,2021,95175,A
15b067d5-1b94-4d2a-8903-6fa3597c8bc2,2021,11452,A
596a0d4c-130b-4226-82b9-ee61891fd8d6,2021,2209,A
c0daad2c-6c4b-4f88-828b-4c057379c37e,2021,317,A
15627f3d-c761-47dc-b49f-c4f565d0d9cc,2021,118420,A
8549ece2-2a42-4e73-bb4a-83b0bb39c642,2021,11452,A
7047e0da-5f54-4707-8602-aac08bc6dc0a,2021,62484,A
b2b5753c-873a-4d3f-8a3c-c4946f69c781,2021,1269545,A
c8363ef6-1d79-4a63-b28a-390895088972,2021,98305,A
baccdac1-b7ee-43c2-b223-991843d2539e,2021,13595,A
b30fe33f-4f56-4a6b-b4f3-00657019c79d,2021,118420,A
f773c6fe-6c37-4c2a-9298-adf51d3646ad,2021,22047,A
2a5e45bd-d7c3-43db-be15-865d5807ae74,2021,97443,A
56858b68-8b63-4fa4-a19c-1c5ae271b098,2021,55777,A
348431e5-f332-494f-812d-008603603e95,2021,317,A
f8d8bce5-1548-42db-954a-99d5e5976320,2021,18558,A
9dd8f836-6771-4776-9fc5-c8f60711f10b,2021,13595,A
c418c452-9ecd-4d44-acf6-9af51b93f745,2021,1102628,A
02bc60a3-9229-412c-8f1f-dad3c4d5d320,2021,91181,A
7b225e57-1287-4c3e-ad55-4570f86191a8,2021,97443,A
670f58e8-e50b-4be0-919e-58b209a161ef,2021,13277,A
e8ad9f09-c8ba-4f26-97f4-34de49ec8de5,2021,2209,A
a1250c41-6c07-49a0-b212-f7c5ea3ffb02,2021,62484,A
c64ae5f1-135b-4217-920b-e4fc47fad99c,2021,1288839,A
963629d3-e0ac-4176-aea0-928fa4dd19f4,2021,94762,A
36e47853-4c4a-48e5-8baa-c7f54bad267b,2021,56172,A
a7849330-7442-455d-94b3-36100e42c9d2,2021,5000135,A
85e87ded-e745-47a6-8fd3-655cfab39043,2021,1288002,A
fe8cdae8-d40d-4b27-808a-e7e2c9b4f1e0,2021,13595,A
af129708-46f0-48c1-9247-3c7c89714f2e,2021,1136142,A
6e9aaa29-6216-4e1d-b85a-6e9b4b3b5143,2021,98595,A
2950f7ea-2533-4a60-a715-218a0f0b56ff,2021,18558,A
6a238771-5ad6-4402-a4f4-322cbea3a45b,2021,1136142,A
a85c1396-cd7a-4627-a2a8-716911388551,2021,1136142,A
5eb4b595-8133-4d4d-8069-4cb3e03eb45b,2021,1136142,A
51cb1dca-a4d8-4fa0-93ff-e4f1985ccbf0,2021,59122,A
c358e681-fc75-4179-9e7b-1777bf4f8a95,2021,1101244,A
15139c71-bb03-4154-907a-5a69c72847ca,2021,1270596,A
437dbb16-ff1e-4d58-ae73-75c5121ea5b9,2021,5000135,A
b25002a6-3ec9-46b2-a1d5-b07be94df6b0,2021,513,A
2628a8f7-403f-4031-86dd-79257b434fcc,2021,513,A
19617262-fe6a-47b3-95cf-2d854ca6ceb1,2021,13446,A
fa941607-0ee1-4703-8180-21d18f46cdf7,2021,101942,A
90beca1d-9c71-4dc8-a034-7d8219558b08,2021,317,A
2947097e-9fdf-461d-8ede-5e6f1393823e,2021,11554,A
8c78e037-f4d2-4ec8-84a5-dddff9a727e9,2021,13595,A
dc8b2df7-250f-40e4-b343-03d395812ccd,2021,94762,A
68b14ab4-7a28-4d63-ac4d-c9c82bebbe78,2021,99820,A
6b107f24-61e2-47dd-93ac-8960e43f3f0c,2021,62484,A
d518186c-1069-4e41-9978-4fc39c4d3690,2021,101942,A
9f5bd9ba-7e19-473e-8955-f829eb296aef,2021,11730,A
66f9209d-650c-4538-ac07-cab537324d77,2021,13446,A
f34ccd75-4397-412b-94f7-89a8547882ae,2021,1102628,A
221537d2-a6db-4a77-9b7f-e79686f3fafb,2021,1032473,A
c4fdfbe7-64d3-423a-866b-119d720111dc,2021,1288002,A
e8963a39-07c3-45e7-b8e5-3ed3d6fe3a1f,2021,1139692,A
55606030-d53d-4ea0-8cfa-f04f1e3f2bba,2021,13980,A
fe749bf0-d237-4650-982e-03ed3c10c779,2021,9425,A
e880f3ab-219e-4aba-9d21-436fda5776ee,2021,513,A
06757d19-100d-4ab2-b4ba-e0453f58c4ec,2021,13595,A
e15498be-1169-4a6f-9a09-2b45e13470c6,2021,13595,A
7da500a6-8e88-4bbc-a2f5-027c5d200972,2021,37862,A
135c4541-a42a-4c2c-9c6f-490672b166f4,2021,117022,A
c753a151-a1f4-42c1-ae1c-7af076a8e3c2,2021,99820,A
a6283eee-46ee-4fc9-9204-91d59c1ffa1f,2021,11452,A
e8514d18-e0d2-4052-90c1-4f2d964a943e,2021,118420,A
309437e5-9c03-4372-8d16-e8bc877221d4,2021,95017,A
f7435ddf-e78d-42ce-af59-5b873b7f455d,2021,13595,A
c202e7fa-8a76-4292-82e9-faf97e98792b,2021,13446,A
c4b354a3-f9ef-48bb-96a1-e1864534fb1c,2021,118420,A
9046d381-920c-4173-a98f-61e3bf6aeb0c,2021,94762,A
579ecf65-3f82-462e-9241-8e393fcd9eae,2021,1330347,A
41c2e6ca-f5e9-4b17-bc74-d70767b1675f,2021,513,A
8df0dbc4-7a0d-4602-94c7-2b4e581954ec,2021,21464,A
4c1fb3d5-1970-4a52-97f1-db60918ce0e7,2021,13401,A
b22440fb-b332-4ad4-89e6-8fc08bcd7fd7,2021,13446,A
9636ce50-1145-4a88-92f4-525509d4cce6,2021,22047,A
a866ad6c-1128-4cbb-a7e5-766473423e0d,2021,13401,A
c8e30fd9-d5b6-4f0a-ba34-88a7a8afc7ce,2021,1136142,A
3f8acacb-aafd-4986-952b-98aadb4e80ab,2021,1101244,A
81e7decf-b836-44ff-8782-0948eb8debf1,2021,118420,A
86e7947e-3b8e-4b27-a0aa-c0c5c19b822e,2021,1272079,A
5e41dd85-4d05-4a12-877f-a502b8372183,2021,98595,A
443c9966-b648-4991-b01e-64e8b8fea360,2021,101942,A
18e94713-73d6-4c1b-883a-3550f3caf471,2021,21464,A
2a062df1-29e0-4f11-b110-049bdad00c7d,2021,1288002,A
dab8bf23-f729-41b9-844f-e63297a536b2,2021,13595,A
0f4fd44e-9c40-4978-9683-7c43bb412459,2021,9440,A
35b9ee30-55a1-447c-a6af-9360b033606c,2021,1376181,A
ff78583e-247a-4229-8a93-3fd29c29ff54,2021,1376181,A
3f16a9aa-1972-40ea-a03a-d19f91db1a58,2021,1322390,A
d9f01697-6b8d-4150-94e4-763089ba7b32,2021,64664,A
e5adef76-21b8-4b2c-bd57-f3834772a464,2021,5000135,A
0166e372-5869-4116-ae2e-c9f5b1d6b222,2021,513,A
7f0cfb17-9770-4dc6-8ac9-461a740c9543,2021,98013,A
5bbb3c30-650a-4fd6-b53d-d0c9e7a44038,2021,13446,A
44c3d204-30d2-40b9-b659-3ac285df89d8,2021,1108692,A
04e1f05d-037c-4915-9ee9-34989384e16d,2021,68930,A
75d92b1b-04da-429b-b604-916d0d370121,2021,64664,A
031ed4d5-895b-4b0a-91a4-af213b42501d,2021,2209,A
995f5960-35eb-41b7-97b4-b6bbb4a482e7,2021,1288002,A
3f9b070e-b7d9-4d3c-8bfb-6d65e4159fd9,2021,62484,A
08419ef2-238a-4903-9c01-dd4e7d37001d,2021,56172,A
defd6dab-76c6-4354-8229-2cd5df9bb0ad,2021,12313,A
27038ecc-8f2a-401b-9d58-dd08c1612879,2021,11452,A
02b263d4-2fd4-4a75-a146-5789cdee06d4,2021,1102628,A
6d2e2711-bd2a-4615-8698-c82e7fea1088,2021,97778,A
a46e2efa-2d06-45e2-910e-f96e1677581a,2021,13595,A
ccfc5966-3841-4a15-b16e-1b56c48bcf41,2021,18903,A
38017164-6aed-446a-bc45-79a0a74db80b,2021,94762,A
cb4fb1e5-c655-475d-bde2-b94df4644804,2021,317,A
1004aca5-a491-4bb8-aa02-c658beafdbb0,2021,94762,A
6831bf46-0f0d-4394-9261-2d974176aee6,2021,1132918,A
70f194cb-86dd-4bdf-83cb-2a5c0e533913,2021,98595,A
3472534e-daf2-4b2f-a718-aea44a45a796,2021,55777,A
52b6e33c-5cfa-47be-ab84-715fd71721ea,2021,95175,A
5d6709bb-bc3e-4886-99c8-374aba58be01,2021,50082,A
79e93194-29c8-4ce9-a861-2b0d77b63075,2021,13401,A
aedd4a52-80b5-4e56-b4fd-17617d627853,2021,1136142,A
34c950ca-c09b-4c32-8c0c-9cd3007fa50b,2021,1136142,A
92502c4b-2f5f-4da8-b8f3-0a48a787e304,2021,97443,A
270c9e49-1812-4158-a47b-aaab003577e8,2021,513,A
3ce156ef-8c3a-47ec-91dc-b5365a2e6e22,2021,11730,A
897a713c-8909-4035-b5fb-e36e76bf8d71,2021,1136142,A
a3014cab-685d-47a9-ac57-cd8ee0311ede,2021,118420,A
f5b168cc-4481-44b9-992f-5d5772bcd4aa,2021,118420,A
dc3a1132-da2c-4ee3-a7f9-f3247ad68299,2021,95017,A
5e70847c-16f9-45e8-bb95-65cbab8b895c,2021,13277,A
22e0fb2f-d385-4872-bb3a-6987840ab310,2021,1101244,A
342da65a-5642-479f-a57c-f159717ac613,2021,11452,A
14e719d2-dfe6-4c5d-a7ed-7744ed3675b1,2021,59122,A
313aae63-9df0-4294-b929-fef0a8c89d43,2021,13595,A
8b4b7c94-4072-4b62-8ee1-1a9b8c25efd8,2021,95017,A
9ed619e2-af80-45c5-8b67-537836db59e4,2021,1376181,A
f9cb9bc8-049c-4b96-b629-d282d4fc9cdc,2021,91262,A
94ad3034-0a47-4aaf-a287-26c40049b0be,2021,13446,A
8a19ffc5-ca83-474c-985b-a8adfc408553,2021,1322390,A
6ab78186-f5cb-407f-9c84-249c906207f6,2021,99406,A
a9bd449d-13a8-4513-9875-96e70a425765,2021,1376131,A
40afd79e-8971-4c0c-834a-afc6afae8bf1,2021,1136142,A
870278c9-6dc2-42ad-9785-cab5926bf877,2021,74737,A
71e8e7ef-9d6c-4123-ab67-84cc655f4024,2021,1108692,A
abab2d89-55a4-4a81-bb28-97ed04953c54,2021,20239,A
3f4ac4c6-4f43-4d0f-9e90-5e4936a027bc,2021,64664,A
80095a22-5055-4b09-831a-e82f6874692e,2021,54934,A
31fe0ec1-27e2-4558-875e-ad04f9b5c7de,2021,13446,A
d1f4ee29-a4ff-460b-84a1-75d06b487a22,2021,1136142,A
0d47af43-6fe4-48e3-999f-714289fa2db1,2021,94762,A
6b1fad4a-97ba-4207-aa38-f0e7f3e8ac36,2021,21464,A
c0da8111-1e15-4555-8f03-5dd576fce940,2021,1306689,A
a3ef1ee2-1930-4977-9edc-ad58e1a2a9c0,2021,1269545,A
4b46964e-0822-4e4d-9d25-a90c23db86e3,2021,13595,A
2edfb234-f050-4663-8848-c3145f72b2f3,2021,13446,A
6b02a8bb-6327-4653-88a3-a87a3bce8df6,2021,97443,A
fe77b253-d2fc-4d23-aaa0-7a58b27dd6f5,2021,13980,A
879bdf2a-cbbe-49df-9135-8ab63b76f353,2021,19047,A
f5d25a8d-717a-4dc2-816f-6873855a0f80,2021,1187671,A
7bd3a6b6-6c42-4eb3-a168-26286957afa4,2021,118420,A
19bc03b6-58e1-46b2-be21-2fc3dda7b36c,2021,56172,A
8df005a5-cff1-4784-b8a7-ac576dc88940,2021,19042,A
7a6e9c8e-46b3-4701-bfa6-bf14c8501761,2021,1385488,A
4249e6d1-ddc9-4e46-a518-59c1524248f0,2021,1136142,A
e918c020-58cc-4f9e-897a-4665f534bb6e,2021,1136142,A
d0052533-b0aa-47bd-9a30-c4f09c8ba335,2021,118420,A
f4fdfe80-a694-481e-82be-1c730aa76296,2021,1132918,A
052afd21-4356-4044-8bc7-7f4d5a6e5da8,2021,106996,A
aadf2cc1-7f84-44eb-9135-a38fbb53198b,2021,5000135,A
43262312-8b8e-45b3-b040-35f8426f30ec,2021,64664,A
6d76bbd8-23a7-4160-aaed-95b5282c6879,2021,1269545,A
1802d0ef-e19e-4c06-af9a-fb7d70f5b5b6,2021,13401,A
1a0542b4-247d-4bf1-bcd6-6737952a4331,2021,13446,A
a458dcb3-992e-45f8-bd47-26433a1b71d4,2021,1136142,A
996321a4-acdd-4781-b79d-d3f0ec12c721,2021,1102628,A
12e91df8-54d5-44fe-830e-804686b6546b,2021,103062,A
697abcd2-97d9-4d06-b3b1-803f20cfcd21,2021,83388,A
3c2d189c-fb3a-4e5f-b7d8-460e084c8ce0,2021,1148708,A
a5f91701-260d-4201-aba9-0afc7da44730,2021,53342,A
75ca4346-846f-4d9e-bb19-7d91e1d1ccc1,2021,98595,A
ebb59ae0-6390-4ab7-951d-72afc4338622,2021,968,A
f3fa9fec-b335-4fdd-80f1-7f3fdc5f2aae,2021,62484,A
9bce04e7-fcbd-49fe-8694-e233a35f767c,2021,13401,A
48eec450-01e5-4489-98f5-d7c3ad96ad23,2021,62484,A
ed72e178-b8b7-42bc-b65c-836b9f50ef2b,2021,47505,A
214a0121-b15a-469f-810a-b648ae10b9b5,2021,13980,A
475dd419-f6e4-489f-bf28-54699749487d,2021,1136142,A
b313f997-cf91-437d-b115-b76dc6311407,2021,95017,A
82bb8668-b436-4771-94fe-ff198c75751c,2021,10515,A
cb97d29f-fe11-4977-8cef-f495c1769bc2,2021,13980,A
dbb16002-5740-4ec9-8ff9-453bae43d9bb,2021,113813,A
77b4669f-261d-42f6-8d86-1ee0c5f6d16d,2021,41238,A
2760b296-c0cc-4de8-a3d0-81c6afab4f74,2021,64664,A
014a8057-a173-4b16-bb77-16afa8cad191,2021,317,A
ec4300d4-aed1-4b6a-a312-d1998cdf1fe8,2021,99820,A
d352e0a5-0f59-4ab8-a3c7-a0c3cffe4d17,2021,968,A
6eea8431-5f3c-4a75-aedc-7eb6ac177ed1,2021,1118057,A
d5c7a1af-91b6-4d8e-a759-4d8e0779be85,2021,1102628,A
f5c37dea-d407-4313-84ac-1d3598bf2cb7,2021,1288839,A
7c07b230-cf9e-40ef-8318-46ccb9f90dc9,2021,97443,A
ff369a05-b372-4e10-bcba-d47cd28994e5,2021,13401,A
7d35b260-b26e-43e6-9058-5d96bb2ee7ee,2021,12313,A
52c8cf17-dc29-4c11-87c3-7bc7bed472a2,2021,101942,A
1098d925-f7c0-4457-8fe4-655c041aed98,2021,13446,A
67b51919-8928-4396-b529-c7d5fa0d9168,2021,1283028,A
547c7f18-5956-49eb-b2de-da8c7932cfcf,2021,97443,A
a612c2a8-a17d-40a1-861a-be82efa70a10,2021,11452,A
defddde6-84f2-438d-929a-68e3e2a5b2c6,2021,317,A
b7eae827-3f21-414f-b92a-63f4d34a6fad,2021,1132918,A
d6c05672-6d9c-4a2c-be74-bed6046a20a6,2021,11730,A
8b8eb415-4df0-4125-b527-7dd86f6dc69b,2021,1136142,A
b76f7a42-f897-40d4-b815-c468ce41ea4b,2021,90030,A
53a10752-b70b-4b1d-8d7d-c6528a75aab2,2021,1102628,A
1842c2a3-3bce-457b-8537-46c8c0699157,2021,118420,A
3debdc13-2fa9-4fce-bfa5-14fd051d49aa,2021,117532,A
405fa680-7826-499a-9946-3fa1debf0ebf,2021,2209,A
2dc8f1cb-7eb8-4541-a9f5-d007ae2d25a7,2021,13595,A
86543813-e906-45ec-93d9-31399ed29ada,2021,13595,A
97968f99-d1fe-4348-881d-e6c887e373d6,2021,20933,A
161ad5ea-13fc-478b-8c77-70987638293d,2021,13277,A
643f3c17-8785-46d4-8e4d-7dbc1702f42d,2021,1427745,A
dccadc26-6052-4765-8551-2ae0bffd118f,2021,11554,A
e1a50234-90d0-4fd3-8fee-938f39b6acab,2021,13446,A
bcc9c8ed-ea39-475b-8381-dc77daede164,2021,1283028,A
f23ec840-36ed-41db-8941-9ca9e6c9ded5,2021,47505,A
1df9740a-58a2-4efa-9217-8512154cbd7a,2021,1306689,A
a405329c-f54d-4232-bb64-9e5bd725533d,2021,13277,A
ee4f7306-6bee-4a8d-9531-ef6f9c509529,2021,5000135,A
40150185-bc8b-4264-8dda-f183d479e93b,2021,1270596,A
bd3ada60-d316-4739-abf7-68c6a6b2feea,2021,101942,A
6b4c716f-d337-4e2a-9d12-8858c57aa3cc,2021,48675,A
371c3095-69d0-4717-91ae-78afbc495bfe,2021,97443,A
38461d91-a4ee-46a5-900d-c94596d08a5d,2021,1101244,A
15ce323b-5e89-4850-abde-ef22d9f67031,2021,116770,A
d1e81c92-c7bd-4cf9-968d-6b7c6e5240e1,2021,13980,A
9a3708b6-84ec-42f5-b7bc-4fdb8af81ecd,2021,11554,A
b58cbc70-a83a-4e79-b229-56367cfc7e3b,2021,1267543,A
7a26baa5-d62d-41dc-ad5b-7baf5c0a1231,2021,19047,A
4c430810-5c7f-4a85-b9a7-faf3877ab9a5,2021,1136142,A
2b336611-9caa-4dca-800d-7e5bbc3fc96a,2021,1102628,A
806fac8b-0837-43e2-8888-e5df24b9cd92,2021,95175,A
5757ed3a-8db6-4340-a4f7-ef6b8950e058,2021,1102628,A
494d0767-519f-4718-9f14-7d311a50c3e9,2021,13216,A
df07384c-c7fa-43fe-bab2-15b6f5aff695,2021,19047,A
9e5f37d3-3784-4d97-a63e-31a673325c09,2021,1136142,A
47a06613-819e-4510-bb6e-c712e72adf28,2021,1330347,A
fb38c5ed-5b2c-4493-a6ad-2d41392f490a,2021,1385488,A
c367326f-8683-4628-832e-468abcb73b33,2021,117022,A
73db18aa-be81-4171-bc47-163f557e6d11,2021,20239,A
512358b7-3427-4fad-b527-3d071e8e74d6,2021,11452,A
9dec1a75-298b-46a1-b172-02826bfd3802,2021,86326,A
789042d0-9db7-4dd0-ad1d-2080a1f11281,2021,1102628,A
422cb7eb-0710-4332-b4dc-42cc762feec7,2021,20239,A
20eb252a-fef7-4951-a0e8-0f59f3477c5f,2021,11730,A
b983f0a3-98f0-49ff-9763-92450e5431fc,2021,95017,A
0a3b7904-2e3a-456c-97b5-d0212da380bc,2021,13595,A
fbb936ed-6831-430b-a1eb-28c139cb905f,2021,13595,A
1d21ef0a-f8f9-4ba8-9ca1-c917c2c5cac1,2021,13401,A
059f9efe-9344-41e8-bd78-cbb08c1c0fb3,2021,13595,A
d2f1e2a2-26de-4dc0-ba06-346ddaab2e32,2021,1136142,A
704b2a69-8bf1-4c0d-ae2f-b38ca77ab0d2,2021,22047,A
0d337fb8-981b-457d-a9f5-53f58457b1cf,2021,1102628,A
e0f3fa3d-a340-4b69-88b5-fac7811a3460,2021,513,A
c96c68a4-3da5-4f43-a0eb-4f819571f1e1,2021,13595,A
a87ad5c6-2817-4d44-9ea8-ba4cfe3d3dba,2021,99406,A
5c4ca9ae-2ee1-4285-ac83-b938226d4410,2021,2209,A
8564527d-fe6a-4e01-b6ad-1f257f16b8d4,2021,41238,A
60b4b300-7eee-49f2-9631-c1c734b67dc0,2021,98595,A
4247aac9-3472-4f5b-8def-4e59b553e21d,2021,103062,A
e56fd01f-73be-45cc-adbf-5ef534426d34,2021,55777,A
e5468c80-a4fc-4c54-834b-e7f683b520f2,2021,13216,A
7311c510-bb50-48e4-8579-00814b847dc9,2021,53333,A
2dbfedaf-aaf8-44c5-a4cb-7e82ea697e69,2021,11452,A
24e675cf-070e-42a5-9b44-64791f792dc9,2021,18683,A
ef0a7fce-914d-4466-a8a5-18c0210036a7,2021,53331,A
cc36a44c-8bd8-445d-b331-ec3bb886bf2c,2021,5000135,A
8438e2e7-936e-4e5c-8069-dee24aff8cbb,2021,12313,A
db47b5dd-cbf1-4649-93e6-7a6f06bd0094,2021,99406,A
97dbae77-2a24-4a1a-b216-7892648dad30,2021,968,A
5c970cb7-d025-4076-9d27-da56ecf92630,2021,13595,A
3e51fa6d-74c3-425f-b056-99ba96674916,2021,13216,A
efeacfd6-2f60-4a71-8ef6-0d0086f5cbc4,2021,53342,A
f32df868-5517-4ce3-8eba-14e36cc5b807,2021,13277,A
54d13f17-1a68-4eb3-a152-2e4efbbfa7f7,2021,1330347,A
664ec73f-3181-4171-ac0a-1906476e3871,2021,2209,A
6fde4cef-44eb-4f91-b3f0-a00485d2804e,2021,968,A
2f427430-0f21-42c0-b03c-67e4de241685,2021,1136142,A
8b85a13c-093f-43d1-98b7-77eca5b52ad0,2021,59122,A
89b72cb9-4615-4972-80c4-c305202ad630,2021,11452,A
3625f150-3f95-442e-88a4-697ff0aa2e52,2021,2209,A
7beb4dd9-8e72-44d5-8711-fd5a4a54b7f8,2021,1102628,A
2bb23e3f-4f3c-407e-94a4-646a8e7016e8,2021,47069,A
1f9711fb-5b82-4629-8372-8dcc026f00f5,2021,9440,A
3ec22255-8902-422c-98db-fcbd589e4b9c,2021,118420,A
06d7ad5d-db02-4dce-9419-7fdff313d5f8,2021,95175,A
bbc5a385-d577-439f-acb5-f8971752c158,2021,117532,A
4255a9d6-4506-4b65-90c2-c6f6405e2636,2021,55777,A
5398beac-008d-4e80-92e6-8b822a5c3857,2021,20239,A
5eaec471-823d-4c19-b0db-9d0922d033d5,2021,99820,A
773cf5d7-fc75-4a31-a622-1003df5c0765,2021,5000135,A
83e39708-37e7-48af-a72a-02a2909cdb3a,2021,99406,A
095d859f-c4eb-4fc3-9de6-45a92a10f30c,2021,99406,A
fb1c4bae-8306-4e17-b49d-ea99dfbb82bb,2021,11554,A
c343c318-fb56-4687-b321-a0b9356edb09,2021,13595,A
e1013991-d9fd-42b5-a0dc-f3c29300dbbb,2021,1427745,A
b75f2588-0579-495a-9280-db74a4fd63cf,2021,11452,A
1ecad503-5132-4b29-8d6f-379c71d331c9,2021,13401,A
b68d36df-f8c8-4553-a2a1-6c69d08b92e3,2021,1102628,A
72d54426-6ab9-486e-9ae7-159be5345abe,2021,13401,A
5d3a9527-d9e0-4d51-8e17-2d67c4c52086,2021,64664,A
5932ba67-ea6b-4137-a184-4fed4466b159,2021,21464,A
f242b4ce-6c4b-4567-948f-d0ccf5bdc376,2021,19047,A
aa49f39d-3df5-49e6-9a16-cfa054be421d,2021,118420,A
11990e20-c625-4157-a2a6-84972c6655f5,2021,12313,A
771c8376-93d0-4d78-81a0-0eef41d055e8,2021,103062,A
bf6b83c4-d05b-4ccf-8e9d-5956237c555e,2021,13595,A
91404d8c-3c78-42ed-940a-897a04768773,2021,68930,A
8859e856-884b-4763-8da5-e4eef5e58cea,2021,1330347,A
9bc6b922-d2ff-4176-88fc-0345c555fb6f,2021,317,A
b3709572-4405-4adf-a285-939018b34d4f,2021,62484,A
22b1aa2e-f1c6-4662-83db-dc3eef19af38,2021,1330347,A
a6e8aaf3-6da9-4d24-bfdb-b7216ea412c5,2021,1101244,A
cd83a06c-22e0-46ea-8ed2-1fefec0ac82e,2021,1139692,A
b1ded035-f6d9-4c79-bd16-b84eeb944bfe,2021,1314243,A
ee3e9198-2e3d-445c-bfc7-bc4a191d1990,2021,13595,A
e1be28d3-a456-4cc8-bf00-aab421c14384,2021,118420,A
9c0d73b1-0f52-4d0b-b252-3ab6850cc983,2021,11452,A
e08b6627-79c6-4cdb-a51a-a028e64f6c7a,2021,1132918,A
ad173d1c-93f1-4b85-80d1-fd29547b44d3,2021,99406,A
5f44f8d8-037b-4444-8068-981a8608b1f1,2021,513,A
27a22690-4c53-434b-9245-2da266242e92,2021,13216,A
a229d726-2859-48f9-8302-0977da725457,2021,13595,A
a5d3a1ac-a0c8-491e-a0c8-cb439af242a4,2021,62484,A
2de03b61-f67a-4274-8ed2-b802db2fc81b,2021,1108692,A
fc206f6e-f21f-46eb-9a45-2d898978d4e6,2021,86326,A
66ba9489-9c33-4739-81ed-a4bbb462fb9e,2021,1288002,A
0b18cd3c-4292-4203-be47-e5122704b42a,2021,13595,A
097ff28a-bd05-4061-8eee-53caef889f84,2021,13595,A
05d3d45e-7b37-41c0-aa07-4487c1e322e1,2021,117532,A
54404cfc-4e27-4109-a9cd-d8e4875a96bf,2021,13595,A
2bccc43f-80ab-40c3-abb0-559e87b61aea,2021,11452,A
62812335-02ad-4eab-9841-b7461e0586cf,2021,99820,A
30354e77-2de6-4a24-9fe7-94019602c60b,2021,5000135,A
2d54331b-cb9f-4d8f-ae09-7884187dc9f5,2021,317,A
4c315d7f-13dc-4db2-8214-291dc2941c2c,2021,1132918,A
55306c5c-6e97-45e4-b606-ceb0f2d80f19,2021,13595,A
f44e86e9-8780-4c18-9ca8-ab9d66ed50dd,2021,118468,A
360bccad-5c4e-4783-a408-3822fc3a1262,2021,90030,A
8d00baf5-7b67-4331-bdd8-76fb5d51b7ae,2021,1132918,A
71e54612-bf14-42dd-997c-dd5c89ded45e,2021,98595,A
0dba26c9-fbfe-4c09-88e0-6f2fcf40e831,2021,1272079,A
a9ee72e3-1905-499a-b9f3-7faa4ebe8ec1,2021,11554,A
14efee26-4368-4755-8fa5-2bf96b3cfb29,2021,94762,A
f1ec77e5-dd0e-4044-9e5c-af7ab156129e,2021,1136142,A
43736382-57b1-4289-8114-bcd74b38b031,2021,9414,A
34b379f2-03af-40fd-b811-2e047b027525,2021,97443,A
04bd3528-59ef-439b-98bb-bbcf9d2a1d22,2021,1190071,A
0632fc3c-61ea-430e-a195-c34897535fd9,2021,5000143,A
345f2c43-96a5-4e03-bf70-f26d95061fa8,2021,11730,A
d503af4e-2a9c-4ebd-896f-9cfdfeabed2c,2021,13277,A
dfdde868-674f-413b-acf1-91167ce390c2,2021,94762,A
8bc91a7c-6c43-451e-9a68-b2077d581895,2021,5000143,A
43d5a074-c4f3-4b08-b058-ee2646844748,2021,62484,A
d36ed6fe-081b-4ec7-8005-67cf854b54d0,2021,13595,A
a424377a-aa87-4d47-a74d-34ac3be77c06,2021,53333,A
0e99323f-5fc8-4122-b4ef-8b3110862b39,2021,95017,A
34ff6d78-8fa3-4a03-98a7-9977947dae3e,2021,95017,A
6f85507e-cbd0-4df5-8d29-c5a74d32ae9e,2021,95175,A
89982c57-d141-43fc-ad6c-5874481bbca9,2021,113813,A
d88793e7-7681-44fc-99d9-9f2e1dfb82b5,2021,11452,A
fc47e1c0-ce0d-440b-b584-12f8259c5b0d,2021,13277,A
32941d8a-b63e-4908-9ab9-5772e138f295,2021,62484,A
7b6cac68-5564-4469-98aa-857c02ffb790,2021,19047,A
c3e248ea-bb34-4e10-9703-df2395991f30,2021,1132918,A
710710da-f69e-4b89-8d82-19e5a4c63dcd,2021,13277,A
bb01be70-ba2c-4aa5-8d02-f9cf1db0f376,2021,2209,A
5c09332d-8d3a-4b7f-9ca6-f7139412c630,2021,99406,A
09f92023-b9ac-4160-842e-089b3e10ea2c,2021,103062,A
7191acc4-19a7-44f5-8a36-87c92c6a00ad,2021,13595,A
932471b0-a0be-41e5-a48c-a70bd4f1aabf,2021,11554,A
4452b4c5-ee86-4ccf-b322-1f7866248e3b,2021,67601,A
23c434f9-483c-40ae-aeae-0a4680a7c703,2021,13446,A
7d1b27cc-b6a1-4b26-903c-da03f853303e,2021,317,A
5b09e0e9-917e-46f3-8d6d-156b4d1bb7b9,2021,13277,A
aead19ce-8a9b-4fed-93ef-231646f5d73e,2021,13595,A
3793ecd0-e034-4bf6-a998-096292906541,2021,13446,A
516dda29-72cf-4ddc-8074-74f16c3a0f56,2021,97778,A
62c71895-c11f-4158-83e2-494e9d7761a7,2021,1330347,A
68c5ca46-813d-4194-990f-6592221fd96d,2021,11452,A
a664c5af-08d5-4a25-8945-fcd3d79d1ae5,2021,103062,A
b1ad994b-90eb-4992-a893-975fcd9db082,2021,1272079,A
a58d2663-f014-46df-8036-f5c47a51cdeb,2021,317,A
019ab807-f7c1-4944-9cbf-81f97ef3e543,2021,317,A
12c82420-7ea3-44ba-af59-184005a8c749,2021,13595,A
19314dc7-7636-4fc4-afc0-dc3adb750a39,2021,64664,A
c4acb44c-46f4-45a0-8ba2-74f93edadf28,2021,1422296,A
fbe9fda6-d6aa-430a-8760-2a67ebf9db48,2021,106167,A
1a614c58-6fc7-42b8-bca5-e3a097c9ee52,2021,1136142,A
c0e47538-cd0a-4f43-b4e9-01f09fb2bfcb,2021,1136142,A
0e061db2-de96-4d8b-89c7-04fde48227cd,2021,53342,A
9c33ef8f-6180-425b-8067-e6f3416b7cac,2021,1203177,A
af5dd162-a541-49d5-ac80-e99e4ebf9a46,2021,5000135,A
1e2ecf98-be2d-4750-ade7-26c0ca336d90,2021,1288002,A
eb31fcfe-a0d2-4801-951b-799d29451052,2021,1300429,A
9c54d4e0-747c-4243-b5d0-453609a7013f,2021,13277,A
db86c28e-e3d9-4b27-b34b-211ec05553b0,2021,1288002,A
356e3e13-755a-4ef8-bf8d-8b3f39f3b410,2021,11452,A
56ba4f24-ef5d-4f51-9d9e-51850028d774,2021,13595,A
43c72518-dc73-42de-802e-2dbf110be6fe,2021,1102628,A
86226e52-420b-47d3-b8f7-2703601d4187,2021,11730,A
69ed750d-2d68-4277-898b-febf2f10fb10,2021,97443,A
49e55980-8018-4ee7-9fb6-f284d1123991,2021,13595,A
02674b8e-8b90-4551-a858-6399243b22dd,2021,13446,A
680825a1-ff7a-4481-8ff8-ee991328d651,2021,1136142,A
e9d0dd6e-e3a5-48a4-970a-4e81e62183f8,2021,317,A
e8d279de-8c1f-4b90-b8be-52a173774bdf,2021,87396,A
51985335-b2dd-4693-b7df-8e6d7fffc8ca,2021,2209,A
dfbb532f-6fda-4d39-a297-c2dc4f206855,2021,114616,A
34d70408-7fe0-4123-9a91-0302e5eed62b,2021,968,A
2d35d680-8793-4cc1-8544-6d4ed777eb1f,2021,13595,A
025895da-cbd4-48e1-b6a3-345f19377bc3,2021,62484,A
c7dad596-6b1e-4436-876a-d3e936f14318,2021,13595,A
e167508e-2979-474d-83ec-ba10a189f004,2021,55777,A
f538ce46-2e97-4204-9826-14c3c7ddf22f,2021,91262,A
03a69f84-987f-4229-a916-edf3394d205c,2021,41238,A
36c15740-394e-4bcb-bd10-2bfc491786f6,2021,21464,A
44ffd142-e917-43d9-bbcf-099cb8bdef73,2021,13595,A
885a8fa8-ecef-472f-93de-676d38c10135,2021,1136142,A
35dc9e53-1339-4ab5-b723-38ecffa7d44c,2021,13277,A
efa2ec6e-183f-41ff-a37e-ceb5568164cd,2021,13980,A
194a1c0a-3ef1-484d-8210-7833ec518577,2021,13216,A
231e504e-11d9-4c2c-b9f2-c63765a54ec6,2021,13216,A
032539b4-e0b9-44d4-be3b-d01e7b253236,2021,13277,A
40a4de9a-c51f-4df9-aa11-916c8b84523e,2021,20239,A
b8cce774-9166-4f8f-97d2-2771e56c9b03,2021,13595,A
ea486772-90fc-4f73-93e8-7e5e04dd0e6d,2021,5000135,A
c8bd5b07-5d9e-4cc5-8957-69a037b5eda0,2021,20239,A
fed2d595-ccf4-460f-88a9-a143f9faca9d,2021,1190071,A
cf2d8f4c-d53e-46f1-9e52-fa0b96fb0e71,2021,13446,A
a0975791-d7dd-4afb-95dc-e6f94816beec,2021,11452,A
a161355d-714b-454c-9226-5e99efe9ff99,2021,62484,A
9252c5da-a78c-4142-b5aa-83b4955a06ed,2021,113813,A
3ce05ee8-2fe1-4cdf-a49b-bb0d21438b05,2021,13446,A
9ffb7eea-7a94-4263-a830-6ba09db1452b,2021,1422296,A
2be71639-edf4-4dc5-95d2-8bb9b861a312,2021,2209,A
c1cd9d96-a892-45dc-8fe1-64de192c92eb,2021,1136142,A
40818983-fe70-4d45-b939-e91a803b4ba2,2021,13216,A
ac2e0f11-0030-43f4-bb97-93a22548e81d,2021,13595,A
3fd363d0-acee-470b-b1bc-20b792f6311e,2021,13595,A
20b3c0ca-6e39-47c7-8601-4c68d246bbef,2021,13446,A
d1369b7c-628a-4d51-85d6-6772c5e74b26,2021,1288002,A
a8237ec1-3156-4b81-a713-2242769f59a2,2021,13446,A
879ebf89-625b-4951-aa57-35804f270ccd,2021,13216,A
0bbab5ef-1ea6-4e6f-84f1-aab03641ed05,2021,13595,A
bb39c3e5-8d40-4f97-80ee-a7b69fbc1e8b,2021,41238,A
fd851320-2966-41b7-8bda-80aa1fb6c5b6,2021,49054,A
7e2f30b8-44d3-478e-8121-5ebc7af3ac21,2021,18903,A
a22fc297-7283-4c38-b922-ad3e9761e09a,2021,13277,A
46134bee-23d9-422e-8f96-6d59e6f64e60,2021,13595,A
467afd40-9658-42eb-9ea6-a405a4983814,2021,513,A
a2d0045d-4eb0-4564-b897-4541df35b19a,2021,13595,A
95bf1ffb-fba7-43ae-83a7-b094afb3ea9a,2021,13595,A
a0262bb5-bbee-4464-a89f-4c107194d1b4,2021,13595,A
c5fc6ecb-8f9b-4680-9f3a-a68cbeca1fe4,2021,13401,A
35c42bb1-3a39-4331-bd1f-e532aeb682d6,2021,13595,A
7dd6450b-5697-4a88-aaf1-08e154713617,2021,114616,A
53b280d7-50c0-4ef3-9d7c-2e0d4e5ed597,2021,18683,A
7542740b-ba9b-4789-bc52-dfba16cdfb13,2021,13216,A
5dccc2a1-e1e9-41ff-85c8-e61a70d61189,2021,13595,A
a9eea3ed-5651-45d1-9c93-5d3a28b036a7,2021,1136142,A
245c4f52-6727-4fdf-af74-7e714dae6ff8,2021,116770,A
5324150d-e7d2-495b-903d-01884a686332,2021,12313,A
56c7646e-01cb-483c-a372-dabbf399abde,2021,62484,A
e21fe8b0-325d-4db7-a209-034bdaf8ce06,2021,13595,A
b5da1470-77b9-4c24-9684-502cc34a2493,2021,41238,A
62d9fc09-04cf-44c1-b6d9-ff39aa29a16a,2021,12313,A
93084d4b-6785-4da0-96c3-4957de9f5d33,2021,11452,A
c96c4873-a58f-4034-9cae-4b032ba9bcff,2021,317,A
be6595ac-db3b-4d6a-b550-6361f6023262,2021,13595,A
9b7f8797-4f13-4f24-89ef-2c943619e159,2021,13277,A
6682c140-44ea-437a-979b-1970dfced06a,2021,13980,A
8b09af9b-f438-417d-9b85-a9566badffeb,2021,62484,A
3746253b-cdf4-4391-9734-fe439989567e,2021,13980,A
3338c31a-8c52-44cc-b1c3-94b14c812e74,2021,13980,A
a42c78cd-b379-45d0-83cd-0e515426fb16,2021,13216,A
6dca3bac-40a6-4c84-94cb-8a51a27f8988,2021,1136142,A
b2294501-304c-45a7-a1bd-1876b45c657a,2021,13595,A
4ceefd0a-320f-4f74-a47d-c9f41264d959,2021,1265453,A
f01882d0-cc08-4d7f-90a7-29ae3355f645,2021,11452,A
2d7db06c-493a-4d10-8842-21114ead2c76,2021,18683,A
3c3c6bf6-0ead-4d1a-ae0e-e9358fa217cd,2021,12313,A
988cfb58-3dbd-408f-9401-f80f21233011,2021,513,A
145c4bbc-f1ce-4fb8-b485-3528586db615,2021,1181327,A
c4458d3a-0bf6-469e-8d82-314b51052d11,2021,101942,A
360dac78-a5a6-4185-8c49-d138a5a978ca,2021,1132918,A
ed3b9f62-4403-44b1-8143-61373fc1d19f,2021,13595,A
34d87cb0-f94c-4024-99ce-505006dcdce0,2021,20030,A
e45a12e9-c162-4500-a5ca-8e02c7a84b85,2021,94762,A
6d9bd915-525b-4ed9-960e-4497e92cad92,2021,13277,A
6a83915b-2412-4661-a089-714823d92e36,2021,13446,A
7973a914-36fa-44fd-93a6-9cc1fcb56cab,2021,1136142,A
65f4cad3-59e7-48e3-adf4-9d4029a3aefc,2021,2209,A
49193092-1ebc-4f57-bb81-b34f0ba3420d,2021,62484,A
9dbca63d-e7ad-4030-9d63-5768512a739e,2021,13216,A
ac85d189-efc5-43d8-9cc9-c25001fac162,2021,13446,A
4ea5d7e1-85dc-45d2-b7d6-2fe98c140e95,2021,13595,A
6be8e5ff-d89f-4374-bfaf-8c02739b9874,2021,1299927,A
e03c5f68-2c8e-43d9-a64d-cc80341c8afc,2021,5000143,A
28b77f03-7439-4323-8f7f-67ef9c80a029,2021,13277,A
89bfd884-fd48-45d6-9444-2a225dac610d,2021,1136142,A
5da369ac-5552-4083-aa1f-87d2bb4a5d3f,2021,1299927,A
c190913a-3fdc-4909-9c3b-734b0b09f3f2,2021,1102628,A
85f1280a-a671-49bd-b906-addd14c4fadd,2021,13277,A
674eff3a-3ed8-45ad-ac82-6db367c1b410,2021,13277,A
a70aec5a-fd14-400e-8744-77e7d3e73cf5,2021,317,A
25ddf3f9-948a-4a8f-bd67-edadc5004468,2021,13446,A
aa3b0cc2-2ced-4a17-950e-45a3c5588041,2021,53331,A
59faa6c3-6503-49c9-895c-5071af6d4e70,2021,513,A
f0b283e8-f4e5-47c6-a8bf-db0ef4a80f19,2021,11452,A
3dc873e1-c10a-402d-a18d-bbd0f7ae6a34,2021,13595,A
6623c602-14f2-4197-b81a-2c4c27d871c0,2021,12313,A
c14f5722-9676-4446-83cc-8828a7b56b29,2021,13277,A
61af97ae-1e50-4e9d-9ea7-102b0a147d13,2021,13595,A
e1161914-510f-45fb-90d2-6d7ed5c1bfec,2021,13446,A
fbaf4a76-59a4-45a6-b632-987c66e0074f,2021,13595,A
35c9f115-bbd8-4247-b1bc-5e5e23b45667,2021,13216,A
b66953e3-929a-4e53-ae33-9da1077eb3e7,2021,62484,A
99a920d5-60f9-4a10-b515-0c10fdb04137,2021,13277,A
751d29ba-a60a-475b-838f-f4e1ba319b8a,2021,13595,A
32567cb8-92b3-4f49-8536-5a5e9378071a,2021,13277,A
b27d64d9-9cba-4cef-95da-fb589f78ffda,2021,13277,A
299ac94e-2aac-4468-9c22-40b8a85a1bda,2021,18584,A
b8a397cc-a0e5-43c0-bf5f-05458da0a3b6,2021,18584,A
e2d30371-ec38-4a09-a0a2-c569dc0d813b,2021,18584,A
b1712352-9d2c-4cad-a6d7-722a4093cf67,2021,18584,A
434d0ab8-8378-47e9-913a-f54f406290a1,2021,18584,A
9ce9bf40-7b5c-47ba-ba5c-b6afe742dc7e,2021,102590,A
612f7716-cb93-430b-9999-8abdfd2be77b,2021,102590,A
8f1461db-92cf-4bc8-a4d8-b28b80a1c384,2021,102590,A
13c6f88b-07d9-47be-b316-acdbe8ba760c,2021,102590,A
c23bf604-3dc9-4de3-847f-ab415053e905,2021,102590,A
29eed790-47ac-4757-a202-11383a444b76,2021,102590,A
4c6c8f78-3900-4c02-a878-122911c63260,2021,102590,A
964edd20-3ca3-4431-9650-32f49dad3edb,2021,102590,A
af6b0cd3-2813-4a51-9ab7-706ee71a792e,2021,18558,A
727bbe48-32a6-4048-8dc4-42a1c3e051da,2021,1113582,A
cb05ae5b-2312-4410-a1b6-9edf1d79339c,2021,1113582,A
fe7cb7e3-99e5-4cf1-85e6-ab2231e0323d,2021,1113582,A
b177332d-4441-43fa-a60e-ada7b61a3af3,2021,1113582,A
f940e06e-a965-4105-b60b-1951ce16debc,2021,18559,A
80344b36-276c-47e5-a567-aed5b079b299,2021,18558,A
77edd8c7-25a9-45b7-8e31-a351a94f4ea1,2021,18559,A
ab48c08a-f513-4ce9-aafd-26644a223cd3,2021,18559,A
2dd1fece-1444-4edc-9b1b-d0819418acda,2021,18559,A
c636a3b1-868f-4122-889f-7bcdf4553313,2021,1113582,A
dc5e6cad-105c-44eb-87c4-2e26db6b4aeb,2021,1113582,A
845f7039-77aa-40f9-9240-d2daa181665c,2021,1113582,A
9c7c4556-5131-4b4d-b8f3-b5a8dfb58ac8,2021,1113582,A
8c9a4b0e-01f5-4da4-bf45-723637527015,2021,1113582,A
cb449318-9bbd-47e7-a0ea-f03935bba49a,2021,1113582,A
2d3628f4-ebfa-40a9-8fd2-065ac431bbe5,2021,73140,A
5d1252c8-4d2d-476c-9a0d-f8c6b7d5341f,2021,18559,A
f928a094-2451-4499-8cf7-b4e0ac99ddc5,2021,18559,A
f49d466b-1977-434f-b1da-a147b2303aa0,2021,1113582,A
f4a60323-29cd-42ea-9880-8ebff3bb54bc,2021,1113582,A
238f9abb-8231-468a-acac-346836533f34,2021,1113582,A
4773016d-b4f9-48f9-b31c-5643bc7857db,2021,1113582,A
0f1e62dc-18a1-4e22-a98d-bf0f4d8194c8,2021,1113582,A
891e0948-1f18-48c8-997b-2c7989f35829,2021,1113582,A
2afebb7c-70d3-41f9-bfcd-37a954e4974d,2021,1113582,A
c9324d55-7729-436b-b1f5-408507ef19f0,2021,1113582,A
608bf57e-2379-498d-a6ea-bdc9589e68ba,2021,20933,A
09ea6ad5-23fb-4168-8937-223fbd342610,2021,20933,A
22e04dac-62f3-44f4-b23c-c4c1de2ec81a,2021,513,A
19e6a0b0-304c-4912-b012-31f48b62092b,2021,513,A
953b333b-a5a0-4e8d-ae8a-eb7cb77d1fe4,2021,513,A
8b8e267e-2fb2-4f53-861b-981cd8554d4a,2021,513,A
1ec90a21-500b-479a-a461-3c8975acb469,2021,513,A
b7c50dbf-8227-423a-aa20-f7b5848e2f26,2021,513,A
a42c760a-c472-4820-9ec7-f8c59ae267c4,2021,513,A
600176e3-5d2b-40ef-9ed5-507b80e9e755,2021,513,A
937f1eb5-e0d5-41d7-ac20-3e0b28650e77,2021,1113582,A
8f0d46e7-c60c-4071-964c-761a155dc64e,2021,1113582,A
bd8d3b3e-44c8-482b-87a3-5655b6f94a0b,2021,1113582,A
f796e7f8-f94f-4a9c-97e5-f4052e4d0582,2021,1113582,A
d7eaf42e-c582-4b34-8e19-85995971ac16,2021,1113582,A
01b20cff-79a1-45e9-8615-37740c300927,2021,1113582,A
0a3abc43-8bc0-4c6d-a0b4-f64488039708,2021,1113582,A
0772d653-3c2a-4a65-bcfd-ceb6c04938e3,2021,1113582,A
38337784-103b-425a-956c-49f83c249adf,2021,513,A
c33c78d5-2ecf-4763-8110-3cd83f93071c,2021,1113582,A
b115b76b-7385-4409-b3a1-dc446c60af77,2021,1113582,A
ca568c2b-6638-4c7e-b541-f644a17bd8fd,2021,1113582,A
bbbeb3c2-3623-4263-bab0-483b1561abf0,2021,1113582,A
082b6351-9a32-4d04-b86c-78e31c554658,2021,1113582,A
f6d53f4d-2ee5-4d79-b08f-72106fe7d0e2,2021,1113582,A
40e2bd68-3472-434f-821f-60b08d26c908,2021,1113582,A
0228862a-fa7c-4088-b5cb-400e35d55140,2021,1113582,A
65d97421-ccba-4050-92d3-71c81a859917,2021,19042,A
c5762578-b830-4705-af42-1a6a108d7f6a,2021,99820,A
ba6616aa-3af4-4723-897f-d1e8aab5f076,2021,99820,A
2a89deaa-0e0d-4ce8-ab2a-6001517e3e97,2021,99820,A
b560f847-4e5d-4a33-892f-ea8a977ea459,2021,99820,A
cf4db72f-1a5e-4775-b3c0-abe76789e486,2021,55402,A
1a4d1b7d-899d-45d7-b469-0a0587ee3d0b,2021,1113582,A
bc72de95-b4a5-45ca-80f3-236e4dbe486c,2021,101942,A
539dca8c-b36b-472f-b6e3-8b570548fb59,2021,101942,A
84ca763a-35fe-439c-9520-19544ed240dc,2021,86318,A
6f93b50f-53c5-4712-a108-54b9781c9175,2021,86318,A
73ba81cd-9eec-4363-9b57-167a4b7f884a,2021,86318,A
e2d0bffb-8328-45c0-a278-707a16a0cde9,2021,86318,A
14d327dc-0c44-4ac6-8e43-107acc03ed69,2021,86318,A
2617cc63-5439-4066-a1c6-0d7cf096608d,2021,86318,A
d7fef968-9473-452f-9eec-a1e5f2355198,2021,86318,A
2fe81308-588a-437d-b57c-7ffae212b6a9,2021,86318,A
3098e5e6-92e7-4cfe-9c76-1c688ea9dd61,2021,86318,A
68e89e4c-a7ae-4479-9b8d-f02dc511f11d,2021,86318,A
178bf756-91e5-4f3f-be4b-227ab717c7dd,2021,86318,A
92fbff8e-a9f9-4517-92ac-ab2a8cf985e8,2021,86318,A
fb54d484-73fe-424f-a76d-2dcd774278be,2021,86318,A
e2d7bb76-a8c5-4fc0-b4bf-f96b7a941f15,2021,86318,A
67f42c8a-b303-4b4d-833e-19eb823a8ebf,2021,86318,A
fcec3b6d-a6b0-4fa2-98ca-cb77fd2a03ce,2021,86318,A
ec09dffd-c700-47ed-a3f5-65890218e111,2021,5000143,A
ffcf3016-cac8-4049-a1c9-8c4a60e8aea7,2021,5000143,A
9c8fa93f-aacb-46cc-81b3-081851221cbc,2021,5000143,A
480d3082-2166-4594-a91d-d3667ecbedb7,2021,5000143,A
f7165dba-20e6-4977-a1fc-3c6ce12a71bf,2021,5000143,A
87a6eb8a-4459-4740-84a3-49a65d3c09f7,2021,5000143,A
2131620b-c31d-4785-9296-dc2a60d8a778,2021,1113582,A
ffe4f726-26d1-46a2-9d45-62b7b0ab7e75,2021,1103723,A
da85687c-91ed-4578-9ca5-d7249a17058e,2021,47069,A
08971215-3299-46de-a73d-183beb4d9d52,2021,47069,A
0c277c40-7d0c-486b-93eb-dd375282c1aa,2021,47069,A
3671af92-0c2c-480b-8cff-7f6a27bec916,2021,86318,A
55d452ef-76af-4d26-9cf7-074be11ecb42,2021,86318,A
ab63ae3a-d94d-49bf-8fc6-3699f7832b9a,2021,86318,A
ba9f52c3-ba8f-40b1-85bc-bf57cdc5010c,2021,86318,A
9ccd0d3b-4543-44d1-88c6-f7c36744100a,2021,86318,A
512dfd82-3395-4611-84e6-76fc2b7a4df2,2021,86318,A
4b266770-1e9c-416d-8baa-853553d57f8d,2021,86318,A
60e6fdc6-e864-4fe6-b4b3-948c2c57184c,2021,86318,A
8eba3e14-1c3d-4e2b-8408-80f554443ee3,2021,86318,A
f0d0933b-1b9a-4401-b602-4e99aa96b79a,2021,86318,A
1e8a7d35-4bb2-4ce1-8410-37c11a60321d,2021,86318,A
a9c3c4d5-5548-49c2-b649-875d85799bba,2021,86318,A
c6e764eb-298f-478a-9698-2730e3ef7bbf,2021,11554,A
181bdf8b-b6de-4afe-8970-458bbb99cebc,2021,86318,A
958e7a82-a06b-4c5b-8f93-eb7b667594f3,2021,86318,A
216f83e4-10c5-4797-be88-40de1e19ef88,2021,86318,A
5727daea-69d7-412b-a5b6-32da05608734,2021,11554,A
60e6b786-21df-4b89-9384-9394a7dc1698,2021,98305,A
dd8e24a5-9cde-4e38-a8fc-71b634947c2e,2021,98305,A
3c85d855-bd81-4b8d-862d-9f020a431927,2021,98305,A
c188d4fb-9fb7-48c1-b30c-f378fe356901,2021,98305,A
171614cb-dd81-454c-a8ae-a5aa2387efee,2021,1103723,A
d8185fca-5120-47cc-8dc7-4a995dc51bff,2021,1103723,A
c075835d-6cf1-46e3-b102-1c21561586c4,2021,86326,A
c0928a7a-7881-425e-ac8e-354a686a993c,2021,1103723,A
be87afc5-8575-4a11-9419-647c029bbcf0,2021,1103723,A
243fb2d6-df91-4658-8846-babbb0021def,2021,1103723,A
6c54fdb4-500d-49a5-80e3-c355522a5404,2021,1103723,A
f68b330e-1938-417b-872b-266713e7e4f1,2021,1103723,A
698995ee-7018-41dc-adbd-a1352f158710,2021,1103723,A
00a4177a-c7ad-4368-bf42-977760007c73,2021,67092,A
ada2cc50-163a-438a-874d-82ce62ecf869,2021,67092,A
0e509852-58c2-4e9b-a318-aa26ef015f26,2021,1103723,A
1cb24cbe-f602-4838-9f42-521502f4dabd,2021,13401,A
24b05c0a-ddc5-4054-b207-33c7d25ca3fb,2021,67092,A
138a4c78-a8e9-4074-b5ff-68f5becbd345,2021,1288002,A
c859e4ec-6f11-431a-9432-e0cbe8dd95a0,2021,73898,A
f6339126-f7e5-43cd-9ef2-961eb885fbc0,2021,67601,A
3479b03f-6047-438a-a6d4-855c95f42b70,2021,67601,A
149e3392-c175-485d-be65-6944187df819,2021,67601,A
1bb02da9-a2d0-443d-aa81-80ba353d0712,2021,73898,A
7d88abf5-1a84-4122-b84a-c1b40e95af68,2021,73898,A
2a1b5bfa-b70b-49e1-a8a7-94cd3e44536d,2021,73898,A
6345b02f-5a24-4d32-ba68-24c19895f7a7,2021,73898,A
8ca9f0dd-b280-4bb6-95bf-220bc1978023,2021,73898,A
512e46e8-7a16-49ff-be87-f812e2fe8748,2021,73898,A
62e54789-b29a-4035-a743-4f111e74c9b2,2021,73898,A
26af5404-305f-4a4d-bff1-52689d387460,2021,73898,A
8f0c9ccf-ef1f-4994-a7f9-8cc6133c6cd9,2021,73898,A
4bac0f19-0796-4aff-8bbc-1642d38f13d1,2021,73898,A
39c55fa4-1802-4895-816a-6fe5bfa82db1,2021,73898,A
f20af5a5-4f15-4e97-964d-86b60d00fe6d,2021,73898,A
4b8c06bc-55c1-4a59-aeb1-176be6d5a7ae,2021,50082,A
fd7b7664-60ec-4d06-a36d-ed4edbba5759,2021,50082,A
57041a13-1cbf-402d-b876-7dcf770cf07f,2021,21464,A
a0eea4dd-15c4-45b6-82be-809f7fb8022f,2021,21464,A
8c871d37-0e24-4c05-b7be-ec3fdd579b5f,2021,21464,A
3e8e1de2-f112-4110-81f1-b7990c8b535f,2021,21464,A
fedcd96c-9b51-40c6-b207-8e9f2f5d809d,2021,1351760,A
ae4c9107-7be2-41ab-b8d3-554e2bd82b5b,2021,1351760,A
2a9fd05f-f96c-4a37-915a-75a301ac67ed,2021,1351760,A
9a65c20e-3ea7-4a57-b662-872a5d259f4f,2021,1351760,A
28e86b23-6681-4f09-9baa-f508888d38c7,2021,318882,A
60052dd0-5dc6-482a-b68f-2e8cf0b32f39,2021,1190071,A
6e7887b0-c80f-4e30-9e86-2938209abf48,2021,1190071,A
bf1ca7aa-9119-4fd4-a236-2379eb4d1d3d,2021,1385488,A
457a5695-cd4b-4a23-979c-8520b913addc,2021,13595,A
78ed67f2-e5f0-4fa6-8558-62016a19ea33,2021,13595,A
64c290f5-2985-4e39-9561-397c58d27c51,2021,13595,A
826ca1d6-04e7-492a-9057-a4052cc0d7ff,2021,13595,A
24fa9853-caff-4374-9384-0365d4db4b67,2021,13595,A
ea7ef4e2-ca01-406f-87f6-2c9be1d7fb37,2021,13595,A
cb83d9b4-2f90-444e-9583-b96086fcc97f,2021,13595,A
d5200e29-7487-4ac7-b812-f50136384d3a,2021,18559,A
c07d932f-cdf2-46e7-b02c-12d3c484a1fd,2021,37862,A
59e507b7-9046-4298-b175-f8e228bf6104,2021,1265453,A
b6a8fa59-ca0a-458d-b3f4-8eb9f3c6e9cb,2021,1265453,A
b78a15c9-e7f3-4d98-af6d-353593b83f5a,2021,1265453,A
b1489474-aace-4cb0-bd15-27196a83ca7d,2021,11730,A
baffc487-2df0-478e-a9b1-f9dfaf364db4,2021,11730,A
97e5c3f0-d71c-40a3-9501-edbf3cf64ea1,2021,41238,A
7e946325-4745-43d6-8b36-662651031e00,2021,41238,A
1ef7d8d0-0fcf-4498-a2ce-3bab4dd158e1,2021,41238,A
5a8b7c1c-3a58-4b88-bada-f16daf37ad27,2021,41238,A
3e7d3841-dac0-445c-9559-0082e7921d07,2021,41238,A
2b8fd8ea-6d0a-4fc5-a849-157229d5fcd4,2021,13446,A
e7e4f858-64d1-44aa-a395-ad1ec3376deb,2021,13446,A
99cd1e29-e014-40c0-8430-cf58fb1d1463,2021,13446,A
015c6d32-004d-4994-8a7e-2ee81035ccb5,2021,13446,A
316f7bd4-dc76-4ac4-901d-7c308b219144,2021,13446,A
3f5773a4-2689-4b16-a34e-ed2e5c44c079,2021,13446,A
ea2c7095-a3b0-445a-be5b-77ff4c16348f,2021,1148708,A
9708fed5-b5d0-43f3-b78f-918da7903890,2021,1148708,A
b6b5fe07-8dd9-4377-a41e-8f7344abf7cf,2021,1148708,A
feb96b5b-d009-46b0-9916-262a3f349626,2021,9440,A
677c7de6-3a33-4910-a282-3b3c9564f67f,2021,9440,A
3cef2313-11a2-462b-8a63-595bae8a4135,2021,9440,A
52b7b773-11bb-43c3-be2b-ac9de182bf9e,2021,1180773,A
f3c19dbc-9630-45e7-8ae0-abcab4097607,2021,1180773,A
8efb2aa4-6b82-46dd-83a9-43112ed0580e,2021,1180773,A
6cdabfdf-28f6-4e91-922b-f60d66fb9ba0,2021,1180773,A
4ee5e955-9fb2-4734-9f51-7abfbb3a59c1,2021,1180773,A
55c72ead-24ab-4c33-a3ac-e70ba244e450,2021,1180773,A
dc0e6c95-a3fd-4ce3-b64f-2aa5b953a4c0,2021,1180773,A
ced7436c-6a53-4318-bec0-9afd5d8679b8,2021,19047,A
5ab6e32a-f158-4742-861b-911ff9e5057a,2021,19047,A
c7d8b826-606b-40c5-b60d-031b0bd1e3bf,2021,19047,A
91c83b55-3327-4853-8365-4cd3d662495b,2021,83388,A
3495b1aa-a1d6-4eaf-b13e-e3e437810f29,2021,83388,A
03862f88-2a81-4f26-a0e7-114ea7bcfc7b,2021,1376181,A
d23ff01f-d6e0-4f92-bf42-344674b058f4,2021,88084,A
0e9d7572-ee1f-46cf-804f-785bf1704432,2021,88084,A
1b2275e9-afaf-468d-8f99-c5697f660791,2021,1180773,A
547818a3-c844-483a-8d6b-688d893be607,2021,1180773,A
8a6e7cbb-610f-4411-9922-b7b2573e8375,2021,1180773,A
4b4747a1-1047-46d0-85c9-e461406e94c4,2021,1180773,A
4e9971b6-311a-4fc6-8777-ed7aeb1054b9,2021,1180773,A
2f973b63-b91f-4da6-b72c-43337b18ce05,2021,49054,A
ee55dc8b-c46c-4581-a4d3-67e0ee0efeab,2021,49054,A
e0816c88-6302-45a6-a21f-763794b0159f,2021,1180773,A
dd9def4f-f53b-4533-bebe-957afbcf2298,2021,1180773,A
d6ec7866-14c3-4649-8341-0f88ce08a1ee,2021,1180773,A
40c3deed-7203-41d4-87e5-7898b5b2afe0,2021,1180773,A
33038083-fdc3-4dbc-8d46-6f96e260b8d4,2021,73898,A
4e38a9ac-c281-4626-959b-38a4dafc2938,2021,73898,A
09c0662b-c256-4f19-9b44-b32b4fd419fa,2021,1136142,A
94e8b245-de2b-4836-b831-a48358147371,2021,1136142,A
2dd0b85e-9ad3-4246-93d8-dd89cab41cc5,2021,1136142,A
c8f6f9b5-8fa9-4b73-b00a-504a8558f748,2021,1136142,A
888793e4-f4b3-4535-af96-daf1886d2ce2,2021,1136142,A
0435c9aa-6483-4188-89da-b60daee4b6ea,2021,1136142,A
9b4a6310-8315-4c81-8c45-26837a9bc467,2021,1136142,A
41d08290-c60f-459a-a561-5d3c415e92ec,2021,1136142,A
54931e11-4195-4899-b3cb-d2128f7e2534,2021,1136142,A
85b0cad1-73ec-4046-8174-86f0f63d47cc,2021,1136142,A
0ceedff3-b6bd-43a2-9953-c616b7ab54c4,2021,1136142,A
3f32d084-f9d9-44ac-90b2-d8f82e8620f7,2021,37862,A
c7722702-499a-4744-8b22-5cc6fb485fda,2021,73898,A
faa2ddcd-7b17-4c55-ab03-d6fd308cb71b,2021,73898,A
7275dd28-699f-4ede-9b3f-e4375380bdfb,2021,73898,A
6c65d98d-4fcc-46fc-b2ae-61e5c698e8c2,2021,73898,A
c135e937-2e96-4781-836c-867e498d0a1c,2021,73898,A
6a696a2d-c41a-482c-9e66-e627ed68629d,2021,73898,A
3d629fdb-a900-45ac-86d0-4a260fc3c5c1,2021,73898,A
17b0bb21-5310-41d2-9da8-7c2dc9c8b5be,2021,1110857,A
38353ba3-5f6b-4834-9bfe-a21ea4c4d1c2,2021,1110857,A
3e4a1c2f-90e5-410b-9422-a576af1fc9aa,2021,1110857,A
94b6397a-0f44-471b-b922-da3eb01b167e,2021,1110857,A
cb84b9df-81d7-4f8d-98b9-f82e759b6a72,2021,1102628,A
663d6c9e-1d4b-4512-8762-4462819ca644,2021,90030,A
47a20f97-db7e-4b3f-b2bd-2196b7ca257b,2021,1102628,A
a7fe4405-8d9d-4f28-a1e2-0082316f8b10,2021,118420,A
69a06bbe-a9b8-44b7-a657-bab77d56c1a1,2021,1102628,A
8112c9cd-968c-429b-ac33-d1834e22f310,2021,1032473,A
f6a397b5-283d-4b6f-974e-114b0f7c0eef,2021,37862,A
ad14cb85-1ea7-43b7-b0ce-37f0f2f0ad82,2021,118420,A
81122b6d-d887-4fc6-aaec-bf6c123be473,2021,118420,A
2dc4b5ed-d2ba-4935-86da-dcb322c524d2,2021,37862,A
94fb16c9-af6b-4a2f-aab7-26c3a0ccb95e,2021,118420,A
f9445a3b-430a-4689-9304-0a939cb3b82a,2021,118420,A
ad98a0ba-c23b-4820-8250-d441f60c7c0a,2021,18267,A
4d4a250b-14e1-4c24-b3cc-dc16e8f13935,2021,113455,A
178bac7a-4d71-47d7-a8b0-4b793a569319,2021,113455,A
36ecfc3c-ed95-457b-a1c2-0b51a4097823,2021,113455,A
68f3bf27-3ac2-419b-9525-b686338104cb,2021,113455,A
7f67dabb-5687-43e4-8ecc-69b2e1451629,2021,113455,A
2e9490f3-1fa5-45af-86b7-a35bd37ca0e3,2021,113455,A
7c2c7913-a6b2-46a4-b5f5-719fc5cd300a,2021,13401,A
1c5d059f-167e-4256-93d7-2433a900d5e7,2021,118994,A
65a26636-842a-44b3-988d-ebf751c26576,2021,118994,A
e8dc8465-36c6-4e28-8e62-3736d5d87e0b,2021,1110857,A
c698e354-d7aa-427a-9902-40572e2c5a19,2021,1110857,A
47849a3d-3391-48e0-9397-5107b12b58c6,2021,1110857,A
d19d70c6-e61c-4682-9380-a5309833049c,2021,1110857,A
6eb97c72-d980-42af-af44-25acd14834cd,2021,1110857,A
6147f3cd-b22c-4c8f-ad6a-566985ec9331,2021,1110857,A
6fefd1e3-16f4-4e23-9c7a-b2cae1a3dc5e,2021,1110857,A
3c5386a9-77e4-4bf1-8a42-8a97f82ae838,2021,1110857,A
68bc59a7-a665-4724-ab28-202d380ba1d4,2021,1110857,A
488908ed-6430-4073-b3b8-affe767735de,2021,1110857,A
ecd0486a-334c-4336-8fae-43d766296ca5,2021,1181327,A
ae9b58d7-f170-4583-91f7-b38a2eea4e11,2021,1110857,A
e7bdc7c5-a192-4d3a-aac0-c21ab6c4b232,2021,1270680,A
ac168614-87e1-42b9-b4b5-cd3f072f8a7f,2021,94762,A
540255d0-c164-4d13-b3ed-311b2174df66,2021,94762,A
53d7eb2d-feda-4400-ae9b-590305531e45,2021,94762,A
5e3b4d93-4ade-44e0-836d-fd84d1ac5d1a,2021,94762,A
476a750d-dd5a-40f6-87bf-5a17980a0139,2021,53342,A
d1148594-ad56-4eea-84a1-3085fca7dcfb,2021,53342,A
a92f8be3-5827-4b87-958f-b2cb9a4bb89a,2021,101830,A
b4deb6c2-0c5e-4de5-8d6c-94306aacf39b,2021,1181327,A
2b44d701-235e-41b3-8eb4-1f398236279e,2021,1270680,A
bd062f46-94e8-42f2-a90c-f0ecb09dba0a,2021,1270680,A
8481e24b-ebd7-4d08-8deb-7712972f77bf,2021,1070485,A
090962a1-6001-4c80-995a-cee6cc5d5831,2021,1270680,A
2b3c8f35-85ad-4263-93bf-b9953fe691b4,2021,11554,A
68eee13d-a612-43ca-8f5a-44c8333c4efd,2021,20933,A
074f3270-aeb7-4c38-b01f-4a3392e9724a,2021,1070485,A
59cc69b0-c41a-4122-bf63-aa20cafa88bc,2021,20009,A
5058975c-ba1d-4f52-8350-f14d006c0ecf,2021,20009,A
0336d041-03c0-4001-b100-5bad30cb2d74,2021,20009,A
f93d8a84-0bfd-48d2-92f1-1fd228a00e02,2021,20009,A
823ff7c2-5fca-41fd-a732-9d5db74a6796,2021,20009,A
0a211c2d-f0f6-4f5e-a8bf-823b4eef443c,2021,20009,A
456058c0-72ac-4f98-aadc-e0a9df0c6b81,2021,20009,A
89c7a000-b9fa-4b18-b1ce-0b7b68b8b6ce,2021,20009,A
c9b620bc-b630-449b-beb4-7f37c54000ed,2021,20009,A
cb1b1cf0-fb48-4988-8519-09bcb70eedc6,2021,1306689,A
b2540967-03f9-4b40-8db9-de8790760879,2021,1306689,A
b7505d02-b894-432d-9e89-a1d9b1c4c342,2021,1306689,A
90a25df2-47fa-4cc2-af50-093e347315c7,2021,1306689,A
d72bc910-773c-443f-bf82-089cf6502f39,2021,1299927,A
cdcc6067-15d7-4a17-ad3a-c236e199d853,2021,1132918,A
7dcb66f2-11a7-40e8-9eb2-04fe30d5af62,2021,1132918,A
85739148-20c4-4465-a81d-34dd2d9e02a4,2021,12025,A
af5c4d78-538a-4408-8427-c8d2c924b44e,2021,12025,A
52859ce7-79ab-4437-98a5-7d873e1330cb,2021,1047907,A
d64f8d03-4727-46c1-a13f-929f17930b7f,2021,1047907,A
11ca7959-d1f9-4139-9dd4-fdcac88fce17,2021,1047907,A
524c78d8-5638-45b7-af87-4bd5976509d0,2021,48675,A
6142aa88-630e-4e6a-ad24-cb139945e42c,2021,1270680,A
aff23f7d-573c-4a3b-83e4-fea2e1d6eb9f,2021,1270680,A
b46e89c6-0274-4692-b64d-8d9e3f2ffb82,2021,12025,A
5d6b821b-777e-4fa6-9f3e-49d1e939b69e,2021,12025,A
de6edd7c-227e-4d6a-921a-e69e6f30f842,2021,12025,A
0726a2e2-5916-4dbe-812c-b3610332b063,2021,12025,A
d06073c7-b070-4393-8168-c1fa80848ff1,2021,107422,A
0e1622ef-1a50-426d-ab35-6c1c2dadad79,2021,107422,A
165ae3ce-d396-4044-a77f-be941f5f547f,2021,1376181,A
03275150-7ae0-4498-b1fd-0442ed64eca9,2021,13277,A
0e50d993-ef2a-4739-88a9-a25c2442a08b,2021,13277,A
a502f336-b43b-43fe-8469-fd4aed0be5ad,2021,18250,A
dd66e2ee-b7d2-4db5-bc8c-19258485537a,2021,18250,A
36fe5f22-eda8-4e55-afef-990d6454522d,2021,18250,A
cedb31b9-aad0-424d-b4e6-1dfefc17c4eb,2021,1204325,A
7bf7a858-2d60-443e-8d7a-30f6ea3fd26c,2021,1204325,A
4da12a2c-8238-409c-994e-d26a47661928,2021,18250,A
5ab8a3ee-d2db-48fb-a24b-ee459396dbcf,2021,18250,A
2aab8b50-b1d0-472e-a0cf-829ac2174914,2021,18250,A
6d3c949d-0173-4b31-ae7a-c952fdee3a33,2021,18250,A
38ae267c-5cc4-405e-b237-6d4372f6196a,2021,18250,A
065ca6b9-2180-4373-805c-cb803ce07d40,2021,74737,A
94df6d60-61f4-488f-8fe5-3905104533d4,2021,18250,A
34575cec-4dc7-4121-b0e9-19c71ec58b19,2021,18250,A
2dcde874-1d4f-482d-b7dc-b0b8926a8f5b,2021,18250,A
602e9e03-4124-4697-8f93-a0d3834cdd19,2021,18250,A
5161fa24-0c2e-4e47-b4ab-d808e082f059,2021,18250,A
da4b0a72-75ee-4aa6-b0fd-a3148b091f0c,2021,88068,A
f5970e0f-6fb9-4f98-ba73-5c654d2b2961,2021,18250,A
53004725-e1ab-40d5-b57a-ff18be2f1cc1,2021,18250,A
711880e4-47ca-4fb1-ab51-23302bf5fca6,2021,18250,A
7b68da10-aa49-4021-afc0-f260dcf12edd,2021,18250,A
5d86352c-5de6-4be7-aecc-80d42e11e8b6,2021,74737,A
5dd4af2c-9fa5-45fd-89c4-92b5c0319930,2021,87396,A
4c6b65e4-dbe7-4076-a6f2-8b32f37759f2,2021,87396,A
e6f29cef-07b4-4367-bf56-618dfafae6d4,2021,87396,A
40790c59-fab2-4215-83dd-e9ffaab9ee82,2021,1118057,A
3904ab65-405b-4d6f-8fe7-abd0643f2ad5,2021,1376181,A
650e88aa-01db-4ca0-88d1-35d214666966,2021,1042278,A
7d016b40-c6f2-4331-aefd-b3d30bc8e82a,2021,1042278,A
ab0e65b6-2a51-49af-9d18-7b5d3e285838,2021,1042278,A
0eb91eb2-9ce0-41c3-9d99-36adef737c91,2021,1042278,A
fd05cb08-88a1-4288-afdb-1f554fdf84ec,2021,1042278,A
764849d0-806a-4409-9571-cf597cc55721,2021,1042278,A
e7bdf804-6e39-476c-b204-3c26da71c629,2021,1042278,A
3787ce3e-908c-4405-8476-0bf7707c343d,2021,1042278,A
fb4c970d-af9e-4494-8b2f-8ae8431d00a4,2021,37862,A
c0521a24-1ed5-49da-93b0-2aa790d81baf,2021,37862,A
97108354-66ef-4c14-85a0-a0dfd094a104,2021,22047,A
868f90c8-ca8e-4dc4-a0d6-21a0a87986cf,2021,97778,A
6d02b030-7263-49a6-9d1a-cbe2e134fd24,2021,98595,A
22cd691b-8c38-4b49-a5a4-4a96fbea0ab7,2021,51020,A
a91ffe4f-4ef1-410f-b661-c35fdba6f9d6,2021,113687,A
7ab7cacc-25b3-4c7c-b38a-8e6db1a983ab,2021,59122,A
08fcc6dd-14fd-4ac1-b11a-5fe4fae95769,2021,20030,A
d3b6c48c-d4a8-4581-91f3-85dd8dc6b485,2021,20030,A
4383c079-7030-456a-b5b6-c8a765cb1d26,2021,20030,A
ea631dcc-d68c-437a-8ecd-df2c7b086b5a,2021,20030,A
4b471000-427e-4c42-aee4-14e955fabb30,2021,56172,A
04e37f21-3812-480b-91a8-3c8f61374223,2021,56172,A
c51635bb-2aa3-40e8-a821-e69d6bb3e64b,2021,56172,A
afd6a959-08a5-450d-a73f-12f345e94717,2021,56172,A
327b36c5-43fc-44f5-8410-2e18297259c5,2021,1108692,A
545cd357-cd55-4d80-81ff-0f5d69d84037,2021,1108692,A
e085f680-bbeb-4c28-a8d4-d9a2744de964,2021,1427745,A
18e6b193-299a-4520-b252-8f173774cb3b,2021,1427745,A
2d3a3ee4-a967-410f-ac4d-c2cc114ed398,2021,1427745,A
d4ce8cdf-94dd-4d49-9c7a-3af113c56ac3,2021,1427745,A
4f02a2cd-70c7-464a-bc87-e9c7eb09cfbc,2021,1427745,A
e46f2c16-ee6a-403b-89ba-397ac8500ba0,2021,48205,A
33a450a9-661a-4d39-b09a-51a9a5abaef6,2021,48205,A
e74c7023-416d-4a27-8197-ec17b675d81b,2021,48205,A
3495c225-028b-48e7-b7ad-95d303ca5ed1,2021,48205,A
81dc417f-3aea-41c7-b4a5-553e62e35f72,2021,48205,A
0e7c2b2d-5b84-480a-89de-bf62948b054f,2021,48205,A
22fc30d9-18b8-4bff-9a9a-82a4179b8952,2021,9414,A
61a9498b-f094-4fb6-95c4-a67a448702c9,2021,1103723,A
450a9a7e-63ca-48bd-bcd3-0196158c042e,2021,9414,A
9b7beced-c90c-468d-86a3-28eef17a5eb6,2021,106996,A
1599cb57-553e-4ece-b875-2c19813c52a5,2021,47505,A
c2482bac-aff7-41b3-b7de-1e9be67a96dd,2021,106996,A
2e2689b9-cd8d-4354-9af5-41168fce76ab,2021,106996,A
8798dccf-7d4e-441a-86b5-62f107baf686,2021,97443,A
edfec8a4-2bf6-4187-a807-1bf2cae81580,2021,117532,A
19a7a93a-9b18-4316-aaf4-373df3d80d63,2021,117532,A
b4e02f7f-d94d-4611-93b8-bb177700199f,2021,98595,A
a8d0685e-7e07-4ce8-b308-fb43db9e1ec1,2021,117532,A
fbff71b0-c984-40d6-b6fd-15ea78c5580f,2021,117532,A
061f4ec9-4c86-4810-932d-92d2f6f41979,2021,117532,A
d6064b89-c344-4297-add9-94fbcbda0348,2021,117532,A
e6d7f571-1425-4db3-b326-cb1e1456ea31,2021,117532,A
ec9bda81-fffd-4625-8ad0-d220b13c0bd4,2021,117532,A
953ff124-b8a7-45fb-95c8-4a03a2a80d57,2021,117532,A
d708a4d6-9930-42a8-8d96-9a22c08b9d56,2021,117532,A
e9919c4f-fdf2-4ece-964f-74268b05c424,2021,55777,A
ade036ed-b53a-4336-b9df-575546a22a9d,2021,13401,A
fae24fc2-788a-4042-bdf4-c54630d97143,2021,114616,A
8c1a7aa2-b411-4007-9625-7f7c1c3d0bfb,2021,98665,A
d5c5e511-fb44-4acf-a11f-853a27ec6d7d,2021,117022,A
7c5ba983-7745-474e-acc8-36d277083cee,2021,117022,A
6f6b6f5f-7680-4bfa-8fe0-b3d16f4af983,2021,1108692,A
27c168ae-e164-4752-b36c-06f6cdc9eef2,2021,106996,A
70a4f684-4e5a-4c60-a735-cfb37c1de301,2021,1272079,A
1b67d1e6-c1c8-45fc-936b-513f76eca0f2,2021,58808,A
423b9d76-92bd-4547-adb6-a25f751f4b98,2021,99820,A
84968c95-2503-4bb0-91d9-f8f7ff409a9d,2021,58808,A
12c5e99c-3a30-433d-8000-965579088f51,2021,58808,A
4eeca3d4-8b63-4adf-a154-fa7b2a36053a,2021,95175,A
ac2cc8a5-4040-4e23-9177-453ac3874105,2021,95175,A
67ace03c-401f-45d6-9952-11666cb8e5fa,2021,95175,A
9546cd58-e9a9-4fab-a430-59fff0f7bade,2021,95175,A
5e4e7279-1c91-4989-8f16-7f06b3b9aeb1,2021,95175,A
7f625947-ed6c-4142-90cf-bd37fbe2e22a,2021,95175,A
a301710c-66a3-402f-8a69-05d7386bed9e,2021,95175,A
f9875c7a-27e0-4c50-b16a-e1d12f9aa291,2021,95175,A
56da4379-8ae1-474f-99c8-f744c598cab5,2021,95175,A
43b10a3e-5706-46a6-9bd2-d7d50304035e,2021,95175,A
c686f9c2-c070-4d2a-8765-1922448f93fd,2021,99820,A
dede6bc3-ee3e-4ccc-b55e-e2f5b45b4a24,2021,99820,A
130c527b-dd91-4e06-9682-ec5081f5ebdb,2021,20009,A
1d2ecd9f-875a-49f2-9703-b6f632bda11b,2021,20009,A
c57c4871-00c4-4e7b-b415-7a6bcca9edc0,2021,20009,A
c6e192f7-7ea4-461d-ab94-0d67100060b9,2021,99820,A
ac7eafed-27df-4ccc-b83e-1015fecc11a3,2021,20009,A
67faee84-74b6-4ac1-93b3-455a91233900,2021,58808,A
e58bc4a2-d4c9-4f36-939d-6521bd86559c,2021,20009,A
26d87a1a-e23a-4bee-a654-aff53f2fd8a6,2021,20009,A
6a69829a-de4a-4b91-b92f-5eb224e8a891,2021,99820,A
cf16538c-d64a-4afb-8cdc-e34569486ccd,2021,58808,A
ec258245-8994-4c3c-93a5-4feb5aedc3b7,2021,73898,A
de78d925-cfff-4895-a6f8-d5920d32d64a,2021,1203177,A
d71a944d-d59d-4bbb-8687-c1a2114d5d38,2021,1203177,A
857800d5-c1e2-4065-9507-dae4eba86df7,2021,67092,A
c1ebd5c7-bb69-4da0-823c-c2cd8e77cbbc,2021,67092,A
71834400-9941-4cdd-b151-dcfef71359c1,2021,98595,A
2c34b7e7-2c46-46be-b1c0-2dbe67f4a218,2021,98595,A
75afa23b-213e-4d34-8e2a-d4f4a6ff789c,2021,98595,A
bc910ce8-c146-47a1-bb5c-000787479852,2021,98595,A
26d10773-e21e-41b5-8564-5ef9201e0934,2021,98595,A
5ebafdad-9a16-4de6-8533-88df600da6f6,2021,98595,A
19e5905e-f32e-4cd9-a1ca-53edb2bcdeea,2021,98595,A
474246e0-1123-4afa-a320-288ddd554292,2021,98595,A
625a3d41-9dbd-4255-a6b0-41f6d7ec3bb0,2021,106996,A
7bd38299-5536-4b51-95d4-5f1fdc86ec9f,2021,1270680,A
c664ccc1-d603-4d1e-8596-1e396ce1f910,2021,1270680,A
986b87a9-6ce8-443b-b8f7-45b6a8da2d53,2021,1322390,A
7a4820d3-ea59-46de-8d7c-b77c17a27469,2021,1322390,A
87e4c73f-912b-4cb7-af7c-5e365080cea4,2021,1322390,A
9fbee227-f91d-46ed-9092-c49bf2fd9825,2021,1322390,A
d403202f-0df7-4980-896e-24d38b2fc8a2,2021,1270680,A
392f70f7-3c55-4567-928b-65e7e22cd838,2021,20756,A
ad61081b-33ed-4426-a29c-111723ecf0e1,2021,20756,A
62c2b513-6f20-45ca-afb8-487873c7a451,2021,20756,A
2fa54611-0a63-4676-a698-260ffdef4e20,2021,12025,A
963621f3-fca5-4c17-b6ea-3cd6720fdd77,2021,12025,A
bcc473e4-61e1-45d5-b436-f5913eaf65b1,2021,12025,A
c309fd63-e9ca-4452-9657-3ce97b01e680,2021,12025,A
4facf379-9300-4d3a-bf2b-2148e30e58ab,2021,1101244,A
8b5d0b0c-7599-4207-9096-61392976e9a3,2021,12025,A
efb92bb1-2fcf-471a-b7fc-b9364a5436bd,2021,12025,A
6b2411c7-1364-47f0-846a-d53e5dc5cddc,2021,12025,A
35adde38-3d9f-4da1-b9b3-a14c029e29f3,2021,12025,A
ff362eb1-2e9b-4f3a-97ed-d9db413c5910,2021,12025,A
ff3d7ed1-691c-4759-8cc1-cd0b78bbf742,2021,12025,A
0f2eedf5-2438-4a23-8aa5-0130838e7693,2021,12025,A
1b7307f2-6022-4da8-ae2b-69c86e781fe1,2021,12025,A
821b3c05-14c7-41b9-a193-84d0522bcc93,2021,98595,A
de06cd02-8eef-43c8-b8a2-2f92c2c503f9,2021,12025,A
90eada04-b2db-4516-a842-c73b49b351e1,2021,12025,A
88906ac2-58a9-4ff9-9905-58ffa68b79eb,2021,12025,A
34e75158-1b02-41b3-a546-60e0d0e8abba,2021,12025,A
b09a92f8-f7c4-4bdd-8a9d-2cef6ad068d7,2021,20239,A
aaa4dbda-9832-414a-a4cb-e72a246780de,2021,1190071,A
8c79669c-2179-4b73-8431-09d83d18ad9d,2021,1190071,A
33594cca-6661-49b5-a4b3-153d2551872a,2021,1101244,A
da6e36d3-f7f4-402a-986e-88cff169ac87,2021,1101244,A
274c8304-557c-47fe-bace-7f1ed447bfa2,2021,1101244,A
524a5a1d-72d0-49f6-9b0e-a4034c4a93b1,2021,1101244,A
c7d1fe2c-e207-4382-b418-42da67646e34,2021,1101244,A
02b3718b-364e-40ac-af9a-7ac98092c75b,2021,1101244,A
09297f4b-1c42-4d1a-9511-14ef14453dd4,2021,1101244,A
517b58fc-38f0-4c88-b550-9acf95d1adc6,2021,1270596,A
d66a6878-b0c4-4879-a871-e35200cb7832,2021,1270596,A
2a346464-51d2-4faa-abdb-17a99dfbf632,2021,1270596,A
4489ebf5-931b-4d97-868c-6bf9f0235071,2021,12025,A
83109562-4d7a-4f94-ba04-36f5c7287eca,2021,12025,A
73656010-d8e3-4525-88f2-c7623585c2b8,2021,12025,A
882d16e0-a573-4885-9a3b-d6f45520a194,2021,12025,A
7e90b087-944e-4ce8-b304-de05d9cc4829,2021,12025,A
fca24c01-50f5-492d-a9d7-ac6f517e3265,2021,12025,A
75e74ec0-a190-4aa7-8f71-ef70e523e224,2021,12025,A
c9b20801-6853-4bb7-8467-7b518579df91,2021,12025,A
ec2f25e9-744f-412b-830f-07d5beeeb854,2021,12025,A
7ef6ada2-cc9b-4d01-a0d7-ba39756fed1c,2021,49071,A
e6a6a048-a886-45fd-836d-c82e90ba703e,2021,49071,A
15e5ac43-15da-4e9c-a016-ea2705ee914f,2021,49071,A
5dfe015c-9e4c-498d-9a03-905408bc0ab8,2021,1270680,A
489d259e-b68b-492d-beb5-6d6542ce47e9,2021,64664,A
f66ed150-6e26-4126-bd67-28e12be6a0a7,2021,64664,A
0ca6881f-8e67-4fa7-9e13-c5453c1b09bd,2021,1270680,A
f6d0747f-9c51-4674-b479-6a859d8bbd9a,2021,12025,A
e2333992-ae81-46d2-aedd-66379b2c5437,2021,64664,A
8aa25f66-c2e5-49f7-8e30-d85ca16ea7c6,2021,64664,A
80f90581-802f-4ed9-980d-d08329d442fd,2021,1376131,A
ccb9b5ac-37a5-4aaf-a350-6673337edd26,2021,64664,A
f8856e06-d241-427b-8d73-5bd9a01b302b,2021,64664,A
15c0c69a-67fe-4e9d-b1c8-263775527cdd,2021,64664,A
e9fa15c7-9885-4f67-bf49-48d69fb052fd,2021,64664,A
56fe9864-eca1-467d-a181-d406d8c8f4f0,2021,60886,A
7ef05a89-2d9d-4e16-93db-206917f7c89e,2021,60886,A
8627ab6b-38ff-4e96-a691-ec7707a2deb9,2021,60886,A
0a3ba44b-8907-48ca-83dc-e11f4d279394,2021,60886,A
bc2f7057-85d3-4136-9b99-c9b7deb3e647,2021,60886,A
7e300918-2f88-4cc7-a2a3-f1a154f0e3f0,2021,60886,A
a4f0cfb8-c043-4b1e-89b7-72831ee9d26c,2021,60886,A
d002208f-8c2c-4658-88df-1d9a3c53ff65,2021,60886,A
069b8475-62fa-4544-90ab-ba01a1147789,2021,60886,A
2d3e7be3-367c-491a-a964-c2e06db573e1,2021,60886,A
efa094dc-4dc6-481d-9ecc-5f913624d8e7,2021,60886,A
577e30e5-c296-4ae3-acd7-b22f1338197c,2021,60886,A
ff5dae88-6316-4eee-b899-3f87ac3d2df7,2021,60886,A
fc866a39-8940-495d-8f5c-6f38ac353442,2021,60886,A
b3178c8b-0c21-46b8-8b10-0c90b8956e0e,2021,60886,A
c097a6e6-f008-41f4-b64a-4a508a945ad5,2021,60886,A
9e409ece-13a6-4da9-989e-cf99b53cc6b0,2021,60886,A
2b967437-8069-4bc3-a071-f7f639478fad,2021,60886,A
0d2e6c51-308b-4497-bec7-4c076321c565,2021,60886,A
248940a7-26c7-4995-aaa2-db08ebe7330c,2021,60886,A
23f4a9db-ba02-4535-befc-16fc6fba007a,2021,60886,A
8961e384-d9c8-409a-90ef-ae0aeaa1755b,2021,60886,A
ea65298e-8680-45a6-b83d-3720e46aaac4,2021,60886,A
1aec3632-be75-483c-9227-9ca5158e9829,2021,60886,A
49deaca9-83c9-4970-b3a4-7d79ccfe496f,2021,60886,A
1aa82adb-dd23-4f64-8596-90dbd2508562,2021,60886,A
2fcca702-e44e-40f3-9615-21e2d4ba3f14,2021,60886,A
3e300800-6bf8-4284-b086-a27fa96c5504,2021,60886,A
829f9713-a486-4a5e-828c-ff0431951991,2021,60886,A
7a4c90fb-4657-496e-9a03-f94ebbbba179,2021,60886,A
a8ef8f50-300c-41a1-98b2-ff94a22c69f2,2021,116770,A
c647d6b0-2f2a-4453-a30a-2a801a0f37b0,2021,116770,A
8919cfb9-fa50-4e4e-a9d7-7aa6cd5272f7,2021,116770,A
d54f0bfa-5399-43fd-b5a1-aec288946b72,2021,116770,A
15b34298-c78a-47e9-bd72-acf758c58782,2021,116770,A
869a1d65-ddc6-4fd0-a4af-e6f5feafe0bb,2021,116770,A
bc31277f-0503-4483-9adb-4e1f1696ea6b,2021,116770,A
46636080-d573-488b-a8a5-41868b8a3885,2021,60886,A
30c2d3a6-2d11-4b36-a2ae-04a2768d9faf,2021,60886,A
f493cd1c-ffaa-438b-a307-31f0e9194866,2021,1270680,A
e60864d1-0224-4d3a-9bb0-733ae9776550,2021,1270680,A
83a93c54-f2b3-4109-a9bc-c8c90daa4794,2021,1270680,A
fb65036e-1a50-48c0-8f8a-6a3581ec9f5d,2021,1139692,A
7ee31803-4a44-4537-9b77-72ad1bc31f88,2021,1139692,A
ff5d228b-95cd-472d-a258-d4ea4f0d8c7a,2021,1139692,A
682f50d6-ec09-4e4d-9a1e-d9580f17e5b4,2021,1139692,A
577e1a7c-66a3-4f11-9fb5-50a12981fe58,2021,1139692,A
a3251550-4d58-4c85-be4f-9b3183c23fff,2021,1422296,A
27671c54-8917-48ab-811e-7a8822a1f08f,2021,1422296,A
4266f556-8d7f-4455-a8d1-4a085d9483f2,2021,1422296,A
793530cb-e58b-4a07-a0ce-0bcd9086ad03,2021,1422296,A
05c05d8f-e236-42f0-8c7a-e0bad26036f0,2021,10515,A
dd52716b-15fc-4ed9-8efc-a4d527ca7aa4,2021,106167,A
3453ac88-6f68-446e-bbe8-3d934c696dde,2021,1166783,A
f6c1d55d-7b0b-49c7-91d8-fa80d96686a4,2021,10515,A
481ff21f-4529-46be-a682-27f6a290ee53,2021,13980,A
cd891b2d-3d4c-44ce-8372-da86ae6ee032,2021,13980,A
d678eb93-254c-4080-8463-25489e693a42,2021,10515,A
6bb808cf-4601-4d5b-b29f-0eb699d298e9,2021,10515,A
5885d333-a49c-4f93-bfde-6c6a3c1d3136,2021,1330347,A
74742c08-0b30-4468-bfcb-4cb343a56d22,2021,1330347,A
cc933326-feba-427e-a2e0-ba61706f7f3b,2021,1330347,A
e89e0ac8-cdb8-4f6b-9c02-4a210f5a7527,2021,1330347,A
344535a0-065e-4f43-8390-e9e1c2d5f0ed,2021,46377,A
b44af8d8-78dc-4233-8cb7-706c81084101,2021,46377,A
82786adc-5035-406a-a73a-90b57340c034,2021,18671,A
d7534514-23d8-47dc-8506-33e9701ed9d3,2021,12313,A
a2a40bda-571e-4b9a-ad49-4414916fe631,2021,12313,A
02a13d1b-bfc4-46aa-965f-18de7ede6d50,2021,12313,A
dcb6409e-b3d3-4ef8-b46b-f29c679d53ac,2021,5000951,A
769ee5c5-ea48-4dc2-88da-45bae0d0b35a,2021,5000951,A
b67a3697-b76b-4c0e-a210-9c96458278ce,2021,5000951,A
7a6bd45c-a9a9-45e7-894d-f2c5f709d822,2021,5000951,A
f2c48ad2-7b38-44df-9c65-e3106f5856c1,2021,5000951,A
60ffc54f-7095-4e55-974e-6bc53f7a17ce,2021,5000951,A
62f8f6d3-519f-4f40-b794-99be168e7d24,2021,5000951,A
0ab66569-8bcb-4eb2-936c-626a214a29d6,2021,5000951,A
25ce2b42-4545-4dbd-957a-66cd570bbb3e,2021,5000951,A
354760ff-87ba-4d14-9859-1b083b7e5b02,2021,5000951,A
286de814-8685-4622-8b1d-19db41887bc0,2021,5000951,A
97ce4bec-5e44-4d61-8af0-fd7b85085d25,2021,1181115,A
b48b0c77-2e7e-4455-8dd1-0ff3bfd67e45,2021,1181115,A
c6911e70-f2dc-4fdb-882e-7b746c325a84,2021,1181115,A
d16e6d85-4c09-4414-91df-884e25377cb1,2021,113813,A
ea53b21d-0fe7-45ba-b81f-e7bf8ed7abde,2021,5000951,A
0ccff294-bcba-4d43-bce2-5896325b5a95,2021,106996,A
31c433fd-f31c-49f3-a338-e06ac7a200a5,2021,82364,A
caba6315-cc17-457c-89be-57e2a1d6fa9b,2021,82364,A
7cdeee12-f461-40f5-905f-59338ad7e91f,2021,20009,A
e96c68ad-11d9-4298-b252-27341f7e2530,2021,107920,A
11f800f0-387a-44ec-9651-a6c50718e40e,2021,107920,A
6487d04c-c68d-44ec-9ecd-3e5ff2394b4c,2021,107920,A
92bec2d0-b06b-4c4e-97c9-18194e3da48c,2021,1270680,A
531f6f68-9c72-4556-936c-ef40f90eadff,2021,1300284,A
a53d2ed0-b2f1-4523-9099-9bdf8957fda2,2021,1376181,A
166969af-d020-4a78-a538-46bfe8da0331,2021,54934,A
34f6b1a2-a3c1-4880-94f2-55ebbc7d9586,2021,1533190,A
41663b9c-c96e-4bfe-ba82-086f2a43b78a,2021,1318224,A
e7b659ec-9d3e-43f0-9588-6065c5ddf72b,2021,1306689,A
be889066-22fd-40cc-aced-8b41de8d5a5c,2021,1318224,A
e0596422-d6da-41da-a28c-652a543fdd18,2021,1318224,A
d9d69ec8-8d77-46fc-a2c7-5b908c23a4cb,2021,1047907,A
67837ef6-d09c-4223-bc11-1bbd41d96cf6,2021,43664,A
bbfccb4c-f2da-4f3e-9e8b-b506813175f3,2021,43664,A
9b4516cc-accf-430d-9465-9fb98829440f,2021,5000135,A
6d8f6c71-4236-48ce-ad17-f9fd4d18e7d7,2021,5000135,A
a146d01b-a213-4a17-866c-6da384054c96,2021,5000135,A
3c6daec2-c61d-4b14-a4ef-941b3b00b38d,2021,513,A
6be77b2d-5d8d-4b5a-a18b-0c330d571d42,2021,43664,A
a45d501e-7046-4dc3-89a4-fdf65db775ff,2021,43664,A
c165d74f-f59f-4ec2-bc1b-907aef24bf9f,2021,43664,A
35c9f1ee-12f0-4fbe-b368-b98666676353,2021,43664,A
9abbd0ae-47e9-4120-8a8b-34157a94c8ae,2021,43664,A
38996119-8204-4e92-9556-93282508258d,2021,2209,A
bd330e70-42f0-4ec7-aedb-905699948775,2021,2209,A
3028a363-8fe2-4d98-9a9e-e3bddd534850,2021,2209,A
b116618a-4452-4c34-a801-e85a00dcb3e0,2021,2209,A
0eafefff-0edc-477e-9f8e-ebf46a3af708,2021,2209,A
a00f5369-72d2-4537-86a7-5698310a766d,2021,2209,A
c8ffd556-590c-475a-a720-414b3c5cb88c,2021,2209,A
81fbf7bf-2928-496a-95a9-fa066067e154,2021,2209,A
99169d46-a6b3-4180-a44f-90df8a22419c,2021,2209,A
5ecac13e-d27b-49d7-83c2-e2a085a5b7b8,2021,2209,A
309ee9fc-f0a9-4d71-83ee-84eb9a062946,2021,2209,A
2800f9ae-09ae-46c4-9a69-d35f1401cc67,2021,2209,A
f69255f1-8703-4699-aabd-3d7368e7efc9,2021,2209,A
993c8df1-6a1f-4c9d-90ae-cd22cd977fb8,2021,2209,A
9ca5032e-aec8-431d-b692-341a2e5f662f,2021,94762,A
0ad8c1fc-aee6-43a1-bd86-b4e4bb59a663,2021,1047907,A
4bb07f21-cd82-49b8-aaaa-0965ce625b28,2021,48675,A
5e246ac5-1683-471e-b3b4-cd80c0ee84d2,2021,48675,A
b662dc09-905f-46c7-886f-4ec9bb83f026,2021,48675,A
3f0b9030-02cc-4f5c-979b-895649b22f83,2021,1042278,A
d31b52f5-5415-42b9-bc18-2228856ddc03,2021,1042278,A
b3255b6b-a5f6-429c-8670-da5120942848,2021,1042278,A
82197a1f-fc1d-447b-a01d-07a0eff65efa,2021,1042278,A
52d4b509-2565-4fa9-8eb4-d768cd87f9c8,2021,114616,A
3fcae79c-c423-47a4-a3f2-cf03f5d1c5f9,2021,67601,A
03eb2133-9bae-477a-af56-e56e090f159e,2021,103062,A
47c67d48-b5b2-4e83-9a53-e1267c18ed47,2021,103062,A
71b3db15-6bd4-4a95-b86e-788c4b0577f8,2021,103062,A
2173d169-3801-4635-821b-414d7ad6d5d2,2021,103062,A
697b28d9-7eb1-4be2-b241-3778615a1774,2021,1385488,A
ff06f009-fd24-44ff-8493-b0705122dc17,2021,1385488,A
88eddf02-0b2c-4bf2-99a7-536fe97ed623,2021,47051,A
58b69d71-0548-4d0c-880f-783957090049,2021,18267,A
e72cc83c-b51a-4f68-9bc6-6999da6c865a,2021,22061,A
18ed8881-bf41-45c7-8bd1-7af6c079f758,2021,1161716,A
4a2346f5-eeaf-4a9b-8af9-30f4b159ab5d,2021,1161716,A
e8cb5072-02a5-4b00-bf61-48f966a6063c,2021,1161716,A
42dce25c-6eab-493c-beca-fc61fd938a13,2021,1385942,A
cc122ee2-5d97-4a9a-8435-3256a5654314,2021,88084,A
039f0f2c-2bf4-4787-9212-c09b072a3aba,2021,9425,A
c879e045-a54b-4dba-8c34-1fec28ec9281,2021,19047,A
d63ac9a0-5be2-4dd4-a3e9-5384c724b581,2021,9425,A
a24bec1a-40dc-4230-a2bc-698e1e78c5ae,2021,49054,A
7a0deecb-899a-44c7-ac4d-d3f2186fa6a8,2021,49054,A
54b0ea5f-078a-42f5-9d83-6e278fa502ba,2021,49054,A
ba866ef9-4b0b-47a6-a082-b44d593f3fb0,2021,1306689,A
5af94dc7-9e26-43f3-9ab1-788ddc404d1c,2021,1306689,A
5072107d-41fa-4e7a-b220-97096c6d3e78,2021,1306689,A
f1752ac4-5696-4317-b1c4-8355bc0ef5a8,2021,1306689,A
3341b648-430e-46a7-affd-d43dffcd06cb,2021,968,A
e90e3f92-c7ae-43ff-bdc1-4870b9eb034b,2021,1103723,A
d4d2e3bf-ce22-4be0-97b0-d54110da32d7,2021,1118057,A
21f8ae98-c304-48d5-a399-0241ca049686,2021,90030,A
c3eb79e7-772e-42ac-9060-8b2ac39155f7,2021,317,A
53a68c6d-f4dd-4aed-917a-6c2ce549c860,2021,317,A
17a81861-1785-4cc0-9dd5-1bc21c9008f7,2021,317,A
9b6c6cb3-1b62-4bbe-9e30-0ce63ea5cac5,2021,1102628,A
885ea532-70a7-4e2a-a9e3-d360b820b2ee,2021,18250,A
f296a1b7-e605-4949-a93d-ebd51ffad9be,2021,968,A
c1248db4-5f75-45d3-91f8-7f33976868b5,2021,968,A
5a5de70a-1974-4248-aded-254d15ea122c,2021,968,A
c5d0f045-f35d-4f3c-9b57-30bcaac104d9,2021,55777,A
8869371f-29ef-4c30-8803-fad6229f3011,2021,18683,A
e11e993a-b1ae-406a-9ccc-21cc749b8113,2021,18683,A
aaecb4d6-3594-4325-972b-06c10c2854f2,2021,18683,A
d90570cf-ed54-4b2c-89a8-68842e150f66,2021,18683,A
795e7f84-84f7-4618-a675-fb1dcb9ac499,2021,18683,A
60bbce26-ce02-466c-81b5-8f10fdc8801f,2021,18683,A
8bd4e90c-eb1a-4919-a379-8e4636f542c8,2021,40343,A
fd1cffb2-aeb6-474c-8cf1-0c6f01862f7f,2021,40343,A
103489ab-dfab-4168-b275-11a047974d64,2021,50082,A
1d6381e2-490f-46c7-b877-e3f17b4aad1f,2021,50082,A
e0214bb8-39d5-4b64-993b-f0107fbec8ae,2021,5000951,A
0ca9d24e-661e-4a7c-8f3c-0803b79c8bca,2021,5000951,A
0c875474-2d16-4731-99be-ec3ac3502351,2021,20009,A
b16cdb2b-38b9-4d15-844c-3c9293558918,2021,20009,A
f089e93a-2e9e-4525-bff4-78c42bcde886,2021,40343,A
ff7d518a-013b-4698-b536-e5c767402942,2021,13595,A
a3df8a5e-d47d-471e-bb2d-0c30b3d61467,2021,98595,A
27794bb2-077d-4386-a2d9-b65281704684,2021,98595,A
1962d79e-6265-47be-b1fd-53ea7a5039ee,2021,117532,A
fce38da5-76bf-4279-b8b3-d118c7d40570,2021,108660,A
5a43412a-600b-4380-bfc4-34b5398c4896,2021,108660,A
c79ef3d1-cbe3-470c-8ba2-81accf7f79b7,2021,108660,A
af105edb-dad9-4e29-8c58-0ab615b0fc43,2021,108660,A
c8681c6d-e8bf-4640-a930-bf896915c8a1,2021,108660,A
18b07c3b-2f8d-4fc1-8759-4b13e700cce6,2021,108660,A
2f591df9-550b-4666-90d1-85611a59133e,2021,108660,A
c665b555-2df7-4203-bc6a-8718e2213d06,2021,108660,A
b95bd56b-e436-4e62-8ed8-ed069a4f2073,2021,108660,A
a6c74e25-2b3b-4eee-a4b1-0a41c58eecd1,2021,108660,A
6574bd79-50da-47f0-8c2f-667d169efa83,2021,108660,A
94875c94-a623-4ca3-adb0-5ff3a5dc3a15,2021,108660,A
2ad4f2d2-4e0d-46ec-acb8-63da521cdac3,2021,108660,A
a3930a1b-f868-4f99-b700-c9a1591d0104,2021,108660,A
9e344cdc-14c4-4a08-9feb-984ba12c96c3,2021,108660,A
b8fdd991-8d11-430c-8059-ba303a17d140,2021,1117717,A
c91766da-dab5-499d-ad09-d5356c2a983e,2021,9425,A
95c48c5a-0ddc-426b-ba7c-3e1863996bac,2021,9425,A
73efad78-e07a-43ad-81b6-85377d0490cd,2021,91262,A
9c0685ee-6abc-4a44-bf1d-a78fedaf1dcc,2021,62484,A
cb436413-6018-4299-a529-c9e4ddeaf5d1,2021,62484,A
dda16af0-3978-43dc-bdf6-9e225fc9f93f,2021,62484,A
0de22cee-87b8-410f-89fb-d3ae4f064f3e,2021,117532,A
0b320b47-4e1d-4e0a-99f5-d3e07cc851a4,2021,58808,B
3b6d1e0b-7d77-4463-ad8c-7a15856decd0,2021,106167,B
d0a87f7f-d020-48a2-9bb4-dbfbe66cbb1d,2021,112086,B
b682da0e-f44b-46b5-857e-1713f2d309ce,2021,18584,B
c27f0b17-b26a-4180-bc15-405aa422dea2,2021,1181115,B
9bb8c807-b239-436d-ad8e-0479b2a4da9c,2021,1181115,B
d21b8c70-96b4-4407-a35b-9dd227cebc68,2021,1314243,B
3d2ec65c-4c21-48d6-b4b2-1f173fab04ec,2021,11452,B
0f079d31-52c8-4bc2-9d10-4db8a68c222a,2021,1190145,B
e835d13e-6693-4ffc-8682-47fd509d82ce,2021,107360,B
07a914ff-e48b-41a8-8e1e-208b3e386d42,2021,1299927,B
9b66c741-8d44-4238-ae55-6aa56aafaf24,2021,20239,B
93967907-c80f-479a-bd2b-9869a9fb3b9e,2021,5000135,B
ed3ece77-e36d-4b71-8de8-76dbf78392b8,2021,106167,B
004c145b-6c48-4643-8d06-1dd38f18d06a,2021,1314243,B
5d477e06-2095-4e8d-a71d-7429a382859e,2021,1270596,B
6f295496-c39e-423c-8499-5814578dee01,2021,317,B
34c6dbbe-d934-4a25-b471-f907fbc58665,2021,1270596,B
481a56e7-72be-4352-89f0-3a1803005ab9,2021,5000135,B
9b536fc5-74d8-4ab9-a011-9e2085d4d96c,2021,1270596,B
f8ac74ed-87be-4e12-b05c-a36032ecc2e2,2021,101942,B
4ecbcbf1-6e7b-4189-a84a-99f1842cdd52,2021,1270596,B
f22e0eed-b1dd-4373-93ed-9292a238cb76,2021,1270596,B
15d635c5-85f3-4139-ac0b-28f17514eb7a,2021,106167,B
83c9c019-7e07-43b6-8e71-eddda23c161e,2021,1132918,B
ec681550-a5be-41ca-bb96-30b3472a91ce,2021,317,B
70e181a7-f49b-46ec-940d-0eb35558551d,2021,101942,B
0e5e8bab-7547-404e-a28b-5125c129e524,2021,106167,B
9d7659e9-2f78-4c0b-b140-63ca770ac4ed,2021,106167,B
2cb86ed1-465d-4776-89b8-a55263e06e99,2021,95017,B
fd62cd57-403e-44d8-9cc1-2f02e67a9288,2021,1330347,B
8e445112-ad30-4eee-97ca-27c133941979,2021,107360,B
633b3c05-f6f8-4376-937e-ad4abef9b06d,2021,13446,B
ea5acbdf-bee2-42d9-b10d-a2bbbf355e87,2021,1300429,B
4277b632-49e8-4bfe-b6b0-d3d3ee0ee861,2021,5000135,B
29e9c1e0-52ca-49ba-90ad-036f6716e64c,2021,1314243,B
0ff5f104-21e6-4634-a876-987f957b6dfb,2021,5000135,B
900155df-599d-4f78-a599-b3e60743cbf0,2021,1181115,B
65c7dbfa-7a82-4e6e-9940-d24a9aa35198,2021,1136142,B
07bdcb73-267e-4238-b7bd-e425afb543c4,2021,1267543,B
cae80df6-c8de-4e0a-83ea-c10c432bd334,2021,1288839,B
14de5b0a-7d40-448b-980e-3223b9b5354f,2021,1270596,B
f1fbc73c-da85-4528-bdc5-e1cb3cc57821,2021,106167,B
eadd74e7-bd84-454e-a2e2-0e136dba0786,2021,107360,B
85f6bfac-284b-4a25-bec0-9776e91f1a92,2021,107360,B
05d0908e-d376-4d03-8258-39cd7dcd9f3d,2021,106167,B
19da7505-d207-4d8f-b754-c7e0780bb35f,2021,13401,B
06bf31c9-3f00-4f37-a42f-0ed0fad1d7e3,2021,18584,B
29ec0e7f-77c7-4a68-a880-c1549200a4a1,2021,13277,B
24a51154-3efc-449b-94c0-b4edbea14861,2021,1270596,B
0ef4aa94-ae56-4948-8bd7-584b316dfacd,2021,106167,B
000e5410-8462-4fde-b6a0-219af72078f9,2021,1314243,B
556ab652-45e2-4062-ab2f-bd931776a341,2021,106167,B
1ca89737-7555-4154-a741-f2afe195c44e,2021,1270596,B
b936d3d2-196e-4d36-a90b-9662577aea27,2021,1314243,B
d7f94ad8-1bac-4b59-b183-2036dce0fa38,2021,1270596,B
fa44ed2c-991d-4442-b330-c491740e64ee,2021,317,B
aafe4ae0-dbca-4573-a6a2-24ffaa3ecb20,2021,1181115,B
be181947-9fd3-44a4-997d-b9f7b28f158a,2021,1314243,B
e37f41b9-09a0-41c6-a3e8-b4c4ca6dd372,2021,5000135,B
b56c0b79-ae60-4037-873f-4962f0a41ad4,2021,106167,B
66508816-3ec7-4bd1-8235-b5f1213d8237,2021,106167,B
d39e1420-03f6-41e6-a075-b515c401beea,2021,107360,B
098e82a4-7dcf-426b-baeb-272210d50d49,2021,107360,B
506b4abf-d9bd-4d4a-9f0f-1ea1f5a46c44,2021,1269545,B
0a5b683c-7d24-484b-9792-8fbbb5763fd5,2021,1136142,B
340f8127-192d-4442-a046-4d23e9c404ed,2021,107360,B
fcdb837c-a988-468e-b74b-c61aa430da51,2021,1272079,B
aa20da85-746a-4efd-bc64-6c3d488ea0c7,2021,1272079,B
054fcc02-0234-4ae3-b542-ef3b2d92fa01,2021,107360,B
f3e60d12-8002-41d8-a191-0fe430758ffa,2021,5000135,B
1834c837-547c-4a03-9ef6-fae68ee89106,2021,112086,B
bd0cd2c0-9059-4253-b223-8184b50192b7,2021,112086,B
e318ade8-59d6-445b-aef0-ca9cb3d24576,2021,94762,B
114fce52-74e0-48bc-85e7-b7b04d5bdf3b,2021,97778,B
c4eb110f-87c3-454c-9bd8-3fcf81aa84c1,2021,1272079,B
048762ed-aaa6-405b-828f-edb654fa9981,2021,18584,B
e80dd49f-c9b2-4584-86a1-f0d4b7748956,2021,1300429,B
9e697683-34f8-44c9-96e6-d57baf22155c,2021,317,B
abe84908-c4de-4b5e-909e-d9038c50b89a,2021,1166783,B
c92862dd-3986-4ade-b352-8f1394ac7b73,2021,18671,B
d0677863-81b8-4f56-adc7-eabe165005a4,2021,1270596,B
d312f890-9d73-46c4-a660-d59d00b86df8,2021,106167,B
15524fe3-74ba-4bfb-98f5-a568afb20f7c,2021,106167,B
88800604-5ffb-4adb-9187-c30f8e0e0c2e,2021,1314243,B
5a23cbbb-c864-476d-a548-633e051ba56b,2021,107360,B
ef956d0c-ed26-4f8b-9c4c-ae08996a94bc,2021,1314243,B
0149e081-183b-4780-8077-88d7af462715,2021,107360,B
30c4f300-4f02-4adf-96d0-17f93fc87d1f,2021,13277,B
0c53ce2d-765f-43e6-92c3-967cf592187c,2021,107360,B
51b0c516-ec14-461e-8abe-6556b7cee948,2021,99406,B
dee86fd1-c4d9-4ed8-80e9-791dd2912304,2021,5000135,B
26146977-ccda-4061-9bb1-e1d9bcdc2f39,2021,97778,B
4cf02433-47ed-471e-9018-1754c75303a4,2021,5000135,B
c345cb7b-9267-4d7e-bfab-b31de382ad03,2021,107360,B
579492d5-f389-4167-b07f-28477ae2172e,2021,1269545,B
53612364-8f92-4a39-8085-f951fd7ce7c8,2021,5000135,B
2532d3f6-7878-4654-a6e6-0a8ed05fe00a,2021,1136142,B
f15f55ac-2ee1-44d1-896c-92ae5b379b79,2021,1270596,B
84f029d4-fa94-4285-8d81-0670e77fff65,2021,5000135,B
568d0c9b-be09-4a03-a653-7893981c4f99,2021,5000135,B
47890af6-be59-4cf9-b5f4-b69f475e75b0,2021,318882,B
037bd340-3c4d-4457-937e-4459d8ed2255,2021,106167,B
c025cb19-8b8f-43c8-a107-443c469b0500,2021,106167,B
0394e71e-e81f-4f2d-be65-cb80161fcb3a,2021,1314243,B
ba1ffbb5-d7d0-4fdd-a60a-5bf8f5721392,2021,73140,B
8d93086d-9d0a-448c-9e1f-4c85050070a8,2021,106167,B
6a0905ff-8606-4d00-b7da-f978f7510cac,2021,12313,B
26d95740-28b7-4123-bf63-5f50b7627895,2021,62484,B
f175d76a-128e-46e2-b6b0-9b8639c6d117,2021,106167,B
ba18888f-5593-412a-ba7f-48a5fef35ba0,2021,1270596,B
d3795bd9-0f9f-457a-a249-88f06cf2461c,2021,1314243,B
b31eda26-b91e-4753-8afa-f6ecff8d9c14,2021,18671,B
f7cbd669-9559-43bb-a5a8-fe8d6ddeed0b,2021,19042,B
0d35ebf0-2186-4d20-97bc-a2528065306b,2021,95017,B
4e034836-99cf-41cb-92a1-8ccc8b2912e8,2021,1270596,B
74b154ee-445e-4471-bec5-337756bf1504,2021,106167,B
df1cde1f-7de7-4ba9-b8e5-6c636cb5778d,2021,20239,B
051c4b4f-ff56-44d6-ae43-f155405086a7,2021,317,B
2fc557ab-5b46-4856-ac54-9fac1766f31c,2021,86318,B
39c0fa91-f9a8-4d13-9b53-1f251040ff0e,2021,86318,B
c164e51a-686c-4e5d-bf5a-5c918475c75a,2021,86318,B
d748d684-1db0-4b84-b956-48e640e2c29e,2021,86318,B
2292ef1a-e08f-4941-b7d8-8c6b38dcbaa0,2021,86318,B
6f755893-357d-47e4-bb0d-86f15657413a,2021,107360,B
6c3f91fc-a58d-4036-bab2-7a7547cf67e3,2021,107360,B
01f4256b-c8b6-406b-9765-27d170312a01,2021,13277,B
45e14bd3-cd4c-4038-8eef-7c530a1648a3,2021,20239,B
3b4def51-997f-4bc3-8418-c47f49685b15,2021,1270596,B
ce8c2625-0710-4bf4-930e-2bc64a76e2c1,2021,1270680,B
aff0c0e4-a920-44ea-98bc-4dfaee044e43,2021,106167,B
93d375b6-ecae-47bf-bfc5-0b9a8974dfb8,2021,1181115,B
9857ca32-5b2d-4398-a4d7-137ff1d63145,2021,1118057,B
28d873ea-5b5e-4ca2-999f-04d56d70c9f7,2021,1181115,C
d36a5ce5-2cbd-4db5-b65d-21f9652be699,2021,101942,C
82e53a8c-1e9d-442a-ac08-db5e1de5cfa8,2021,101942,C
30dc5368-bd45-468e-8abd-12000a450ff3,2021,1299927,C
6ac3f8bf-69ab-4948-831e-a48d886f06ec,2021,98305,C
d7857cf0-000c-46e3-a9ee-82da98b5a54f,2021,1187671,C
cf6330e1-fe70-4bff-bb28-157b827140ec,2021,13595,C
2102f417-f087-4c46-b7fd-07a1e13ff87a,2021,1181115,C
dbffe36c-912c-4d86-84d6-b65f9ab65e9f,2021,318882,C
e808ef8e-3217-45de-8b30-2045fd7e587b,2021,19042,C
bd923d78-14de-4c06-a4c2-75d886527726,2021,1267543,C
b29a1933-4fb7-41f1-8303-b502e557bec4,2021,41238,C
17e2f22a-bef8-4c23-b2c8-e7a825636463,2021,118420,C
676281f0-9255-455a-8bd3-505914cd074d,2021,13446,C
dd153736-ec0c-4d68-8677-d3e7a2769131,2021,95017,C
a13628aa-b859-404b-bf20-506722708783,2021,116770,C
06b3225d-0f00-4355-9cab-e1048503dc26,2021,98305,C
a016f945-d3cc-40d6-a7cf-532325e0bf05,2021,13401,C
1efe0684-e5d4-4de8-a0dc-50c8797eb4bf,2021,98305,C
15454e92-59b4-4362-9f15-e45ecd496831,2021,1190071,C
93a4b974-acf9-4953-8c06-c4760306d16f,2021,318882,C
5f26098f-1d01-4751-a014-8b097c0470f3,2021,95017,C
72fe097c-2f77-40ad-89d3-3451e2c7abc1,2021,107360,C
2e443237-233b-4e6d-94e9-f6c148512fb7,2021,86326,C
626d1523-f05f-4e6e-a918-04a966dfd16e,2021,1265453,C
0e264684-ba12-400b-ada4-aa74ce8f7b86,2021,98764,C
494d43be-2aa3-46fa-9526-f42c78a0b3b2,2021,95017,C
5387b06d-f87c-4d87-8f0a-b1e023ba1356,2021,91262,C
5b562ce3-65da-4567-880a-82f53a550777,2021,18584,C
ca750897-62ac-499a-bcf3-b4dc97f04c42,2021,95017,C
70706f2a-f878-4851-a900-98396f12edc8,2021,1181115,C
051b702d-cbb8-4ace-989a-2cbe842c3903,2021,98305,C
ac2e5eaa-d9a7-47a7-8238-c87cb35c9d83,2021,101830,C
288d0d06-9d9a-4db9-adf3-4e44133ebdac,2021,1288839,C
9fc277e4-242f-4f4a-b96b-b448ac81a20a,2021,95017,C
89faea5d-c41c-4a2a-afb9-b3684b02e5e5,2021,1101244,C
4bf1b5f2-75ed-4fcd-9d19-930ed1512331,2021,1166783,C
ce7cd091-958f-4c84-8380-0b1cbe02b0d9,2021,118468,C
b0c4c587-8407-4597-817d-da1b0c11a5da,2021,318882,C
c4fcba41-01ec-4cce-84f4-e3ecf029b9a5,2021,1118057,C
c215747d-d023-4cc1-9971-73e6177aee5d,2021,1181115,C
c5a1f0a3-d20e-4606-b362-dea5bddaede5,2021,19042,C
f9197be6-8ef1-4818-bb3d-71ea48066314,2021,1267543,C
c4829492-b6f2-4c84-8e9b-bec1984fc14a,2021,1318224,C
6cb6c60b-3458-4dc2-8bb3-3806c2eebca9,2021,1318224,C
bcc5b0a4-4bdc-4ff0-9ef2-b86be491f155,2021,95017,C
8757d992-af96-4c17-add1-4c440be6583c,2021,11452,C
91eb6785-7a3d-4467-ab9f-4dbccae7d1c5,2021,1118057,C
59b766de-6727-4e9c-a855-94b6e5212d84,2021,1190071,C
9c16be3e-dba0-4df8-87e7-de9f01ded91c,2021,101830,C
e635018e-39ca-492a-b6d5-f8620a3530ab,2021,1166783,C
2262fc6c-1c45-429f-8d53-2d58c18cf786,2021,11452,C
9888820d-7db9-48df-badf-5256bf5bcfc2,2021,1330347,C
312e7862-13c6-4a9b-81e0-939349edc0bc,2021,101830,C
0f2b7ba3-be65-44a1-bf94-5c697ecd09cf,2021,1318224,C
ae4a6136-5732-452e-ae2f-d72b86a5aa63,2021,1181115,C
4a51f091-91a3-4c20-ab4e-4a382d3cee01,2021,13446,C
50b30661-3a65-493f-8ce9-918620cc1f72,2021,1267543,C
cc046f48-0bae-4ec5-92c6-ecbc0acd962d,2021,13401,C
890d9dfc-fb01-4ebc-ba84-2f0854c3f6fc,2021,116770,C
4f70c8c5-e4fb-4168-8041-3797b0be200f,2021,116770,C
d5c33b96-0751-4777-a2d3-0512c4221c14,2021,113813,C
35267ef3-09fc-4043-a6ba-f47c341f340d,2021,116770,C
9c485750-dc68-4b40-91c5-0d33a798f470,2021,106167,C
b4c77f9d-b8b5-42d6-85f5-953d0c07f3d6,2021,12313,C
656cc9cc-3204-4574-8b17-145a79bce099,2021,1288839,C
66935041-e15a-4ff3-8f3d-aedab9c2d009,2021,13401,C
19ebbbc1-4565-4b9a-9e21-97324cfd3662,2021,1300429,C
03581efd-1637-41d5-bf7e-787d8f579738,2021,13401,C
8414c021-ad6e-47aa-b5eb-8f8956a36e97,2021,118468,C
e50c37b3-b30b-460f-b122-63f4d3ee415d,2021,58808,C
ea6085d4-d8c5-49c6-9f04-c92408854bed,2021,1187671,C
034ce8f4-778b-4167-9116-b0df5969f845,2021,13401,C
9529d7e9-7819-4413-92d3-a44c58781402,2021,101942,C
23cfec71-4912-468e-873f-21f6936c54d7,2021,13401,C
98c82b4f-a225-4a2e-af9d-dd2911f336b3,2021,1101244,C
66a4e0cb-9cf9-4f3a-8908-92c9f93a8e86,2021,13446,C
bc486239-5820-4d96-a206-58b08f3d6fe4,2021,18559,C
949c99c8-606b-4ac0-8356-849ecf02d6b6,2021,95017,C
51b5dcc7-ec32-4d85-ac52-7e0aa4374273,2021,1118057,C
ee114ede-11a2-4e86-8d36-5fa110f9d2bd,2021,1269545,C
1b541b52-b571-49a5-8b84-10a4628ecc9f,2021,98305,C
a7eb431a-da62-4062-b28f-8d565c6a79d8,2021,116770,C
52ffd0e8-0589-4216-9c37-c98a45eafd1e,2021,13446,C
4b702c04-37d1-4c20-b8aa-7e88ec756294,2021,95017,C
5377cb9e-cb0c-4f6c-8bf1-3844100d2e68,2021,13401,C
12511ae2-d60b-4e9b-b186-ee6948758186,2021,116770,C
d0bfe363-3ed7-4de0-ad4c-fee6c15cbdb7,2021,13401,C
2445a460-859f-430f-ba1e-000b789b2c73,2021,13401,C
c6d6e2d1-9d0b-466c-85b3-69cef12d5432,2021,13980,C
92b99c1c-90cf-46e0-9d15-80c42177dc08,2021,18559,C
d01aef84-01c9-46d5-9d7e-649e32911263,2021,101942,C
9c643a43-8ccc-4f00-a6b6-b7abbe7955ba,2021,11452,C
16b3a5a0-2994-4e8e-bf19-b651f1f3a86f,2021,1318224,C
5400d9f4-72c1-4be0-8580-febf671a3179,2021,108660,C
eacae1c2-31e6-4edc-8045-4329e5f12c30,2021,1299927,C
8fe3c3eb-f498-40e7-9b1e-03471ce97e2f,2021,13401,C
c25353cb-8d3d-48aa-91ac-81c8c9b934b2,2021,13446,C
c83e0593-b810-4cd7-a225-361f6256d530,2021,95017,C
2f896503-9777-417f-8809-1284e5e4974e,2021,1300429,C
d7cfd16b-d886-4980-999e-2805cf3f6d8d,2021,13401,C
96d7692d-ba69-4269-a95c-843fed833b9c,2021,12313,C
e3cd5131-b3ae-4374-9c53-bee585980f2f,2021,99406,C
ebfaeed5-8a0e-4660-87aa-921fcc77b0a8,2021,13980,C
76b48ef5-7139-4d40-8a34-ccb60b86d4cd,2021,98305,C
1936cbe5-14ca-46ce-b7d5-0079cdaee21f,2021,112086,C
3979a27d-7996-4c66-af49-6175d309b34e,2021,13595,C
b98ae68b-d243-4bbf-89e9-953f4a43bad8,2021,1181327,C
e927d587-8036-44bb-a909-6c06edf95cea,2021,13446,C
cec9e2f9-954e-45ed-902c-a6a0f914af94,2021,116770,C
026d3587-d790-4ce3-8e4a-18b714d76b66,2021,1270596,C
478cc07a-78a9-4ca0-ac05-84401eb5b652,2021,11452,C
82f7097a-0bdb-4679-8138-4af44180fa18,2021,11452,C
72d4ad09-d45a-499f-843d-93625081d593,2021,18559,C
e13fc14e-cc1f-4842-aca4-6e32e21c2057,2021,95017,C
017f1be4-4cd1-483b-917a-11643cc2724b,2021,98305,C
f0b93bdd-c57a-4e3d-a6f6-a6040089e772,2021,1118057,C
1c233399-0ce3-4897-bc57-b59f362ada9d,2021,95017,C
2c47554e-97bb-4983-b4bf-c5c351813e82,2021,13446,C
5d9fc82b-0aab-45d6-bec6-8f2df6bfb584,2021,1318224,C
f8197fcd-3d2a-4b97-8b2f-8ec2ab44c283,2021,101942,C
e1d8b327-e5f0-4f51-991c-1b8cc2b5d4c8,2021,11554,C
0cbf3168-fc92-4406-a12c-6b6c68c7dea0,2021,1101244,C
ce399a14-b703-4944-b441-90c92609f666,2021,116770,C
4482610b-1d8b-4251-8a34-697b685916c0,2021,12313,C
d9763abe-79cc-4250-916a-4f057d17994a,2021,13595,C
663a9761-1576-47dc-89db-c0ed8827fded,2021,13401,C
b464d3f2-6854-48f6-9d69-30eb0a05e349,2021,13446,C
95c7815a-e72e-41cb-a950-44509037f771,2021,13446,C
3b4a21e5-c981-4ae7-b0cc-f0a18de48c89,2021,13595,C
54ecfe3d-a507-440f-a53c-b70f5dee9d09,2021,12313,C
df900cf2-c896-4d5e-aadf-eca7884c16c1,2021,13446,C
a02bb8c4-8dbb-4298-a52e-472faa125e6a,2021,12313,C
18ad80aa-9dd6-44c3-ad9e-b79c46055fd2,2021,1101244,C
528e796f-c9f9-4445-b77b-8b286b2cd044,2021,13446,C
4f6c1893-5437-48f1-bbb6-ac96f95451b2,2021,12313,C
d0623905-9d28-4837-9e3d-4b2e8b1c3a65,2021,1101244,C
4192a99a-7e9e-46c7-8c73-266765064e4d,2021,1136142,C
02552974-62d1-4579-99c2-d6c413d1ece4,2021,13446,C
9c70c411-65d2-4f04-8026-7ca560850895,2021,13446,C
9faabe6a-811a-48a1-8342-2e20110ce326,2021,18584,C
a14ea687-1252-4ab6-8db9-c7ea9edbd23a,2021,513,C
fb8f28bb-263e-46d4-978f-c61cfa46a430,2021,5000143,C
0daae045-a905-4264-ac3c-23cb418bcfc6,2021,98305,C
7b322fb3-6fe7-421f-8a1b-9f3440648a12,2021,13595,C
4ecdec11-f006-4544-949d-52c8fe7f4b44,2021,107360,C
a49d5f7c-faa0-481a-bc4c-d4b4497f5874,2021,13446,C
1cd19f7d-bec8-4202-8095-389ae046a9b3,2021,13401,C
298752d7-6815-44c7-9309-29203c894a00,2021,1180773,C
5bb8e3c0-ddea-4b66-bc35-871f2d217608,2021,1136142,C
cdfb6663-1e34-45fc-9f66-6f375c5f1db8,2021,1136142,C
2e95491a-9925-4aa5-882d-7860104c831c,2021,1288839,C
c5e5a9f8-55ba-4a2a-a3b3-5dcfe6952625,2021,1110857,C
6ee9eb9b-2592-4e98-a069-fa24822f6f91,2021,1270680,C
555d1127-61ec-46f8-8c98-8176ff85abe6,2021,1270680,C
d7c97368-458f-41d1-b554-c5e088634854,2021,1272079,C
e9d57eac-7449-48a4-8c39-2cec5ea22ad8,2021,101942,C
62867acb-ec30-40f4-bbb1-b607136633ae,2021,1270680,C
2d1b5cfc-a115-4b2b-9705-5c2296e63326,2021,1270680,C
d358118f-ec20-4c82-96bc-0aaf3db9c3aa,2021,64664,C
a7ec855c-4916-4b69-8dbc-435cb79c98c1,2021,116770,C
754e6d36-ad23-4d63-ba6f-a3e37880a550,2021,1270680,C
d481ed97-d7e5-4a94-99ae-3c5f5384e1d1,2021,1270680,C
ce62a8a0-43c7-4dea-8f70-78d882aac9e4,2021,1270680,C
651bea8a-b977-44a2-b602-cfde3fc2e5e6,2021,12313,C
575f45ab-eb38-45c5-92b3-2c871b75f2fd,2021,1181115,C
7a117a9d-8c93-4961-9092-7e0582dbff8c,2021,12313,C
ad4f4b90-21fd-4bac-83e9-533b9a10764d,2021,13595,C
bfc8a204-68e0-4de5-a46f-eac7e47888a9,2021,1118057,C
62eba8a6-b55c-439a-80b2-4126b865a14d,2021,116770,D
d0d0ed85-6f94-4b63-b122-c31147c9cb68,2021,13401,D
cce4ae01-a8ea-4895-9556-eda1d7b8d1c6,2021,18558,D
5163e677-cdc8-4988-a8c3-8dbb8e3bb1e8,2021,112086,D
b0dafac4-1381-481d-850c-01fdbdb2aa42,2021,1117717,D
19b1a249-8e51-4611-bac4-baaee654b2dd,2021,1269545,D
ea224551-c9e7-43ce-85dc-69c6caaa199f,2021,107360,D
e3be5333-55ae-4b94-b327-95346c4b2ace,2021,1181115,D
9fa29343-176b-4fef-98e6-a816346c9e2f,2021,317,D
f8edaff6-3147-4ab3-90cb-2913873c04d2,2021,106167,D
f8fb35e2-d627-49e7-adb9-8af54b2df97e,2021,116770,D
60da0125-1914-457c-8f98-58c9c4319bfe,2021,116770,D
5d719790-73ac-4cf5-a78f-f04d2baf2c19,2021,1270596,D
e15289ae-93df-4781-ab84-e3ccbf8ac390,2021,98305,D
b319ee6a-8ff3-43be-bd4a-4aa93541c0f3,2021,1181115,D
d53fccb2-ad84-42d0-9e86-de4dc1bad77a,2021,13446,D
955992cf-d1fe-4985-ae93-9bc98affa34d,2021,116770,D
4238c135-35c2-4856-9f2a-b4b42bc22982,2021,317,D
23dd929a-f8e3-479a-9d0a-a2a118fc2c74,2021,317,D
7f5a36c1-9e63-4b73-a3e6-fd85d384e3e1,2021,1322118,D
e9296f74-d119-4c16-9c74-df302fa1d91e,2021,1270596,D
ce549636-f847-4de6-909a-9ae09a95592a,2021,1299927,D
3c713d2d-1039-4597-b978-b3c684049617,2021,13401,D
a3dc767c-a9e7-4502-878e-7d696fabb59d,2021,95017,D
4baeaece-db9a-4b6e-9fdd-89b75b7b5508,2021,107360,D
a80a72eb-3bbb-46a6-96eb-368e8cc4a039,2021,5000135,D
9c7bb8d8-8cf0-4231-a268-c14944337d34,2021,107360,D
cedaa577-1f03-4360-8eaa-24a2748ebd14,2021,116770,D
5996fdfa-ff6b-42ab-9362-13135ab3c2de,2021,95017,D
11366b0b-d515-4d48-8835-d13ec6da8599,2021,107360,D
a4cc3a1c-a52b-43c9-a8bb-722e49cc81ca,2021,116770,D
16337bab-9b35-4344-b2b8-6583c90b245c,2021,1132918,D
4dbecaf4-d73d-4d12-bde3-dfe9cb844e2d,2021,107360,D
875a1555-73c6-4c5b-acdf-e44b16fc3cc5,2021,107360,D
a7c48844-5e7c-4d04-bef3-24172808064b,2021,101830,D
e3822b6c-1d6b-4b8c-aabf-90d8fc76c99b,2021,13401,D
9ece9aa1-5aee-49ce-89be-82ae4dd7382e,2021,317,D
9be8fa9d-ed03-4697-8593-5f838e668d8d,2021,107360,D
9234de73-af06-4d8e-924e-4a2cf8a3ba30,2021,107360,D
4b25f192-08c8-4127-812f-90b23db8205d,2021,90030,D
d359c9c6-df96-464e-8e9c-21f3e8cedd87,2021,112086,D
fb190855-5f11-4230-883d-c40c09af9824,2021,107360,D
4d1f2f1e-a968-441b-8754-e379bc301d3d,2021,1187671,D
718535f0-5558-4ff9-ae15-d9581e00d54d,2021,13595,D
e63ac77c-3a9e-4dce-8cde-f72f9d587b45,2021,116770,D
93e3f96f-da2f-47fb-ad65-653c9965c07c,2021,106167,D
20330ec2-eeac-4f20-961c-92d04aaccd8b,2021,1314243,D
4a76f50d-3aa2-4a3e-b817-e918fd7accad,2021,12313,D
7c5700ed-26cf-4234-b55f-37e7d42d48e7,2021,102590,D
132a8ae9-b47a-4de4-a998-7f208cdc5f34,2021,13595,D
9be48e89-d660-4e9f-837f-677e6fecbc56,2021,317,D
7dfe83cc-0fe1-45cb-9c9b-f7a388c4371b,2021,1132918,D
b89539f3-a451-4b20-b2ae-89b61c865c0d,2021,1330347,D
a231e0b7-7575-4c9e-a9da-4bb26cae8113,2021,13401,D
8fc610dc-76d1-458c-b5aa-3ba1b95835cf,2021,13277,D
233c3100-70c4-4bdc-b791-70fe585fd9cf,2021,18584,D
c4bb3fcb-abe1-4830-817f-7c7b8b3e1880,2021,5000143,D
b5006ff6-22c0-4c70-a685-b0b953c29a65,2021,107360,D
19c2d40d-431f-4682-950f-c3fe57627c09,2021,1118057,D
86371ae7-a07e-4f13-baa4-96fc5e83f882,2021,99406,D
28673729-411a-4372-a4dc-46a594d1910b,2021,118420,D
d3ed783f-af8c-4547-9ed0-d26f1c7c4b39,2021,12313,D
06dc98a5-1e2a-4674-8e9a-ec234d17de0d,2021,18584,D
1a93c819-3854-4dc5-9c11-45d985f8e761,2021,13401,D
941f1e1a-5b64-4779-8624-3115a7d8594f,2021,116770,D
5b3f9b6a-d1b3-41ba-8360-fcfc7d88cdbe,2021,13595,D
ff7d1dd5-2c18-4ed9-99c7-14eb536b62f1,2021,13595,D
1ee01a07-c2ad-4a0f-b821-9b11a16eb106,2021,95017,D
4b7a54d7-f028-49e8-99c0-388e7199bf60,2021,1118057,D
73d0e775-4fab-4176-a30c-1ec0834063e9,2021,13401,D
4e197fe7-3acc-4580-b711-2d6ea2fa4daa,2021,116770,D
7e1991c0-b85a-41d9-b200-f72a6db1ff10,2021,107360,D
814f1091-c468-4975-be99-b04ec72d5b0a,2021,12313,D
c149b8b1-aa55-4c81-ae1d-f99258cb1dfa,2021,13595,D
8730292a-0f7b-4b8c-b7f7-433d1c6378ec,2021,1136142,D
f41fcb5a-6820-4d78-ad50-d25623822513,2021,12313,D
747451a7-63e9-490a-a8d0-bbfd114821e7,2021,513,D
62ee30e9-2230-4c0a-9d72-5e245df01344,2021,13401,D
82903b4b-24dc-4af0-b6fd-db403db54c7a,2021,13595,D
a65af16d-619f-4246-977c-26360bd5a7c2,2021,13595,D
ec67ec62-1846-4d5d-8794-de340b35905b,2021,107360,D
e24294c7-2e01-45d6-b9bb-b3c5c01cd8d3,2021,107360,D
271604ce-e7d8-4e8f-b421-c908d7bff687,2021,107360,D
e320dafb-9650-4909-b6a4-0cf30519f092,2021,1136142,D
8c8f8c40-f073-4c49-90d7-9140369c402b,2021,13401,D
d7960bea-abc5-4375-be8f-d152e26bd751,2021,1314243,D
feb71e40-24ac-4000-919c-e8d37bc9df4b,2021,1314243,D
ae65551a-356f-453c-b58f-701925f582b1,2021,12313,D
744aef2a-e090-4fff-ae02-d74ffb8d62f5,2021,101942,E
4003c614-bdae-4bb8-8851-b26f8fa3fc88,2021,41238,E
0a3d441a-a8ab-47be-a633-4bd6676a19f7,2021,1187671,E
bc40c95e-36df-4f19-bfde-62ee0480d933,2021,101942,E
c8545706-72b3-441c-9dbf-dafc742e63ac,2021,1117717,E
2ed02d16-07ef-448c-b263-3dc38077b1b1,2021,97778,E
452dbcad-9e2a-4f3b-86f0-0d39457efbc8,2021,1117717,E
83732ce2-b6a3-41ad-9c47-1f3378b005f1,2021,1187671,E
1e3277c7-897b-454f-87c4-e3dd48993be6,2021,1300429,E
d7c6de03-e9d0-4880-897e-d1b858a5f005,2021,18671,E
8f8329a1-974e-48ff-9eca-6cd91b63ee22,2021,1288839,E
498db3c2-0078-402f-ab1f-6014a667b203,2021,1187671,E
fc1070d0-81cd-4390-a81f-2fbdefbbcd35,2021,112086,E
7ef5c77e-cb40-42c9-ac5e-ced1c9bcc828,2021,1288839,E
fcc59c9a-8552-45f4-93c2-c32a3b2028e4,2021,41238,E
5d60ca18-e486-44c1-b900-3eab444160dc,2021,13595,E
733db677-90e4-42a1-b539-452192536fd3,2021,1181327,E
512d1721-8729-4e28-916f-81ba9bb2b3bb,2021,101942,E
f0070a75-d70b-44b2-892f-41700724c5c8,2021,1181115,E
f2d1960b-5c6a-4b53-b801-1ffd6dcd625e,2021,1288839,E
8e7a2c6e-fba6-459a-95d0-3ccdb8776253,2021,1187671,E
59502e92-a7f2-4aed-aa4f-4475d6989dd3,2021,101942,E
f3c0b715-c9fb-47e3-b282-0814678ecbe2,2021,88068,E
1721d1d2-6210-4b77-be55-972b7a15d235,2021,107360,E
41b0cc9d-94be-4765-85b2-99f4846e7bef,2021,13277,E
df9fa77f-7e77-41e7-b9c7-c229b062bbce,2021,101942,E
1d23c8c2-ead1-4dc1-9717-0fcac3ad7520,2021,41238,E
d4399609-5818-4be6-a77b-461a8eb48d5d,2021,101942,E
a835abc1-10b4-4f22-a8cf-03548ab8ed12,2021,41238,E
3b15af1a-885b-4d52-b34a-fb3eda2a7d9d,2021,97778,E
6d86d931-40a3-413b-80e8-6dfa5ab12180,2021,97778,E
ef6ceda0-22e0-44c4-ad50-3d4474bd602c,2021,1288839,E
fb597a94-0e53-4ec3-a0c2-70f8d19a20be,2021,5000143,E
8637809f-04a5-42aa-861c-98b6659d95ca,2021,101942,E
bff572c9-6fa9-43fc-8d0c-4ef863e51741,2021,101942,E
8aa73860-dc95-483c-86a1-8854ac26318f,2021,97778,E
8b3514c9-2fda-4d38-8ae8-9fb71012a25d,2021,513,E
f47b91ff-a2db-46a3-a23c-abbdac81c317,2021,57606,E
cfc0594d-c73d-480e-8320-755c57df68d9,2021,101942,E
47581971-2c80-4e0d-8946-f3d4ff72acbe,2021,101942,E
b6859acf-7be8-4213-af42-df7f6cd34bd0,2021,1288839,E
62246499-9bd4-4e0a-adfa-bd8359dc9731,2021,95175,E
2e63eaec-0377-4981-ba27-9c5880ccb74c,2021,18671,E
cf38ce85-b9ba-42f5-93dd-9fd93044d743,2021,101942,E
d4329295-f47f-4bdf-8d85-26abbec4e07b,2021,112086,E
91e31633-c255-4e4d-a2b8-628eb224c436,2021,13216,E
23367c29-9a16-4315-8f10-d66450130271,2021,1181327,E
8677627d-c712-4fcf-a656-b9ac5f5e1b2f,2021,20239,E
67bddad7-d006-4ad3-b7ea-aecbcb067be1,2021,18671,E
6a13da2f-5ad6-4fbc-9ecb-6e46bfbf201c,2021,1187671,E
f8963f12-94c8-4b67-9c90-9a0ca2192b77,2021,103062,E
69edfadd-13ab-45eb-b2c8-40a775045aaf,2021,13595,E
712e8b64-91cc-4507-87ae-d87a79b98678,2021,19042,E
efb78d10-27b0-4d65-b7c2-784d0e161e32,2021,1204325,E
13c6d78d-41b7-4604-a6e1-093ae0d77e6b,2021,1288839,E
2a707e7f-9032-4325-bfaf-e8dca0767a7a,2021,1187671,E
085b4fa6-4641-4f47-bc43-059f2d6be388,2021,1136142,E
dd8ad477-00a5-4350-9f63-946e056a9b4a,2021,101942,E
5bef848b-cfcc-44f1-949d-348b1627845d,2021,118468,E
cdf0aa44-a816-4a4f-a516-bfa4ca3014ec,2021,101942,E
f6654ab4-7b4d-44c3-9a9c-371eaed40707,2021,101830,E
941a0494-01ed-45f0-b9b1-caff3094dbd2,2021,101830,E
c181cf0b-e984-4cab-8c8d-16bf3efa9409,2021,113687,E
2569b8ac-007e-4f2a-8e87-349fa666e7bf,2021,13216,E
7156b3a9-a219-44ac-92a0-8bc241989339,2021,11452,E
c682196f-ca9e-461e-8433-5b933d809740,2021,1181327,E
392f56a5-dc21-4c35-be34-2b8bc2412359,2021,97778,E
0ba80f3d-0d4f-4ca8-93b2-156245f5f8b6,2021,101942,E
c2e2cbb9-edcd-4df0-b2a0-93ecde66da8a,2021,13446,E
69b8b9e4-a01f-4167-a334-daf5011f8d31,2021,1136142,E
0151d9d1-e968-4469-b711-84cccb93665f,2021,102590,E
f0d7d2c8-099a-422f-9d24-892b6118311c,2021,20239,E
aee62deb-beb6-4b5a-a058-6ed9069fdcc9,2021,97778,E
043ecf01-19b3-46d8-99d5-9917d02aeec5,2021,13595,E
b4fa8751-3b74-49cf-a1ae-d1d780bb120b,2021,101942,E
a0d7388f-b3b0-4631-90e2-5308e72aeaf9,2021,103062,E
e6f28033-0768-454a-bd1e-68aeea114334,2021,1102628,E
31576329-ffaf-42dd-bd52-3dc04f7a4e6d,2021,20239,E
599a4633-ed7b-4909-9c53-a321ac1d2f77,2021,1136142,E
fff3b655-3037-435a-a423-dda8cec6406d,2021,1204325,E
642f0e6d-66ea-4049-869d-a3d678f16b49,2021,18671,E
af661abe-75a8-4a96-8987-4f78e1c9f650,2021,1118057,E
11ed53d2-7b8f-407e-949e-5cc25e7c0791,2021,2209,E
e509566a-f47f-4d56-a516-aedb6ffe5653,2021,13595,E
9b411854-8cfc-405f-b0b9-5daadbb2e081,2021,103062,E
5d4bab1d-f4cb-482f-9e44-19ee168f74f3,2021,112086,E
5af70974-c608-4d2e-a25f-142e04f16ca7,2021,101942,E
647c63e5-68d3-4688-9074-18bab48aba57,2021,20239,E
4242d3f9-e795-4546-90de-ac27efb84eff,2021,20239,E
8aa9b23f-9655-41e9-a4e5-a93db34e36d3,2021,13446,E
7b354550-babc-4e2c-9f55-ad994e7b7ca3,2021,41238,E
bf6d46d1-687d-4d17-9b0e-fd3b7de51fb5,2021,20239,E
8394f36d-b119-4574-a7d9-5f56358cba2d,2021,11554,E
f2975894-ccd5-4a15-b1de-f2301896b07d,2021,1204325,E
97bdf37f-17eb-48f0-8cc9-23981e0c16ad,2021,97778,E
d9efae83-98b0-4eed-b013-18a108ede5d6,2021,118468,E
fd6f2ff4-0545-4e4a-96a7-5f3cea73f6ed,2021,41238,E
7cf492cb-1022-4602-89d5-1d6bfeee7434,2021,97778,E
efadaa04-fc90-4c69-b4f0-35863e20f27f,2021,107360,E
492d323c-57f8-432a-b0a4-47606f944548,2021,18671,E
039d5160-f32e-49c1-9923-31bad8efa09a,2021,97778,E
2b62fcd9-5381-4635-9514-316946c7bd07,2021,98305,E
7819fd6c-0464-43c1-b791-0d9b6418c167,2021,97778,E
4ed60d2b-542b-4eda-8f9f-3be2821d16e5,2021,13595,E
3e6ec2a8-9588-429a-9c20-b49fd0c56809,2021,18671,E
edd867d2-388b-4f2e-a6d5-6aff932cbd3e,2021,19042,E
f257b8e2-9d8d-44c8-827e-b789661069c1,2021,1187671,E
0e3849df-977e-44b4-b3f1-88d1b395b10e,2021,101942,E
faa3c0dc-a33b-48de-be9d-595ec4e3528b,2021,1136142,E
901af6a3-cbd1-44af-8edc-b5bdb2498003,2021,20239,E
bfa006dc-7181-4bec-b5b2-7a8371c9564d,2021,95017,E
dc3de065-7bec-4f5e-b12d-f37c3c5d786c,2021,102590,E
111230cf-30a8-4508-b41f-f6c42d778a56,2021,1136142,E
f8aedefa-e474-415a-838b-f1d5a4c4dfaa,2021,101942,E
fd3e824e-8257-40e3-a6a0-92c2353bde62,2021,101942,E
586389d0-bfd1-41de-8dd1-90142902f9e5,2021,107360,E
a00a3339-5d14-47c9-a435-d8a13648ebc2,2021,1101244,E
b751891e-50b6-4af0-95fe-3f8187881a7b,2021,11452,E
48402221-01a7-40c8-9bd8-3980cf8b1ba9,2021,118468,E
a3b7858a-a9fe-41c4-883a-8381eb636956,2021,1379275,E
113cb358-f033-4ab4-9762-7db3943532d0,2021,20239,E
9c3f1a48-5fb1-4122-8a73-43d1ddcb18a5,2021,107360,E
29c6f006-29e2-4eb6-9a11-7d9d59600061,2021,118420,E
9cf7608f-2e5e-47fd-bf2b-a7275cc860d2,2021,13446,E
a76ebff6-2a9d-4e4a-9359-8f173a08b337,2021,118420,E
fccd1cd8-f955-4cae-b46c-cf90a561a2e4,2021,1181327,E
0d3145c9-2e8c-4456-a208-67e0b8fa0124,2021,1136142,E
40f93698-1ce4-4c22-a55c-4a092b6b14b0,2021,97778,E
7a28cf33-2cc1-40dc-991c-b84b5331c7e7,2021,11554,E
148c2c68-e561-42b1-b9bb-3423d80e0cfe,2021,13595,E
846ee2de-95d8-46a5-93fa-f40c644eb1eb,2021,1136142,E
84248d58-ce4d-465c-8ed2-017f1b4fb397,2021,13446,E
9b24cb2b-7f92-49b9-bc8a-fc77a506753b,2021,13446,E
c3c3a851-6391-4cbb-97eb-c8840a0c0705,2021,97778,E
ee135d07-3df1-498e-aa42-6e8d0b410f2b,2021,102590,E
cd21f83f-837d-4085-8aa5-7ea9100f1e67,2021,99820,E
0437dc37-f46e-46b1-844a-8dc60e107c14,2021,118468,E
a61050d2-9431-49ff-a2ef-b6e7cbbdccb8,2021,1288839,E
f308127e-b4be-42a2-bf8f-c59a5a7b4a44,2021,2209,E
cc0c2298-5935-4ef5-8bfd-153f4445a9ea,2021,13446,E
553338dc-7e80-451f-93f0-56e87525eeeb,2021,101942,E
fb2eaab8-a874-499f-8756-3596b3143cf5,2021,1113582,E
561c3ffe-2d0b-4179-a5dd-1d40d4c80645,2021,1113582,E
322ef33f-ea1b-4b5b-bd4a-8342fc3856f8,2021,1113582,E
2872ec1d-fdf1-41c9-9744-7b69e3d7d487,2021,1113582,E
6d7bc5db-480f-4888-ade4-685d9de7f7b0,2021,1113582,E
d8802cb2-7895-447f-99f7-48b87e76c121,2021,1113582,E
d2ddca6d-c1dc-430d-aef8-b5ca629e47cc,2021,1113582,E
28a7aa68-9a7d-4a20-8b31-6e0a518368e6,2021,1113582,E
b03fca9c-f79f-4244-8208-f2c4eb489cab,2021,1113582,E
2d920929-25dd-44cd-8c58-1ad58e8ba510,2021,1113582,E
d38f7fe3-feb3-4242-aa20-29073e20c2f2,2021,1113582,E
dfb8f2cc-5cd6-4f35-9982-d462854cd645,2021,1113582,E
d811c2f1-b8c5-4f14-b52a-bdb187eabc8f,2021,1113582,E
3c350001-61d7-4a96-8932-9c08fc67c438,2021,1113582,E
aaefa053-e84a-4794-94a2-4414a8577f37,2021,1113582,E
05e4eb40-7940-4f6e-9b2c-b53fd1e2f4e7,2021,1113582,E
f3a9fa80-8222-48af-902c-2e5f96db469a,2021,1113582,E
7bf07076-4fbc-4d6d-8660-c62e97fd9db0,2021,1113582,E
46b872a2-4741-412a-a4a3-1cd933b185e3,2021,1113582,E
0db363bf-de27-4577-b436-97bb8a5d48a4,2021,1113582,E
7f5c20fd-1610-404e-973c-b9e0204291b9,2021,101942,E
1ead1b36-e8c1-43b5-9ee6-528021c5c495,2021,86318,E
adf13cec-d5f6-4cd8-9e19-2567d6f7109a,2021,86318,E
81485a87-abe0-4dee-b15b-11a6fdd9ae4b,2021,86318,E
17b43a6c-45e8-4945-a857-7c8c983af7ee,2021,86318,E
b1716c60-8753-488b-b8b8-43b3449de896,2021,13446,E
814e0ac3-eb98-460d-8c43-9edabb3168eb,2021,1180773,E
9c8690db-aaa4-4c36-87fe-f05cdbe821ab,2021,1180773,E
0891a66d-909e-4c24-b855-4d8ab2f51fd6,2021,1180773,E
f4b6e8ab-7048-4ae0-bc0e-12492bca06e6,2021,1180773,E
158a47d0-fb50-4c02-9a57-88e83fc9d84b,2021,1180773,E
ac9f0385-0b08-473b-b052-c8e26c533505,2021,1180773,E
4911cd42-6fa7-434a-a341-c19854168ad4,2021,1180773,E
6beddfb5-ae0c-4326-9ead-b620308d48a6,2021,1180773,E
b5d49a6d-1296-4476-8aa4-c16f6dfdb1dd,2021,1180773,E
ebbe326c-d4e8-407e-94ed-3e4244d2f256,2021,1180773,E
0a1abb2b-b241-464c-9fd5-62de9cc7142e,2021,1180773,E
6be09ad4-6e1b-4e48-8930-c2cd0d397a74,2021,1180773,E
59636350-9a0c-4e9d-8c28-4355ae4bf62b,2021,1180773,E
9bf1102b-632b-4e3d-9a19-85f12192b92c,2021,1180773,E
1121212b-f4e9-4480-8995-3096d9ddcf00,2021,1180773,E
217d10cd-1a2e-48e9-9284-c94a3ce075f1,2021,1136142,E
79a38cfa-23fa-49a7-a38f-932164d85de0,2021,1136142,E
63528cc1-d2db-4590-88ab-68418b75eae8,2021,1102628,E
8c9d0d80-696e-4dcc-9d15-cd376087678d,2021,20009,E
805f49e2-fe89-422d-ace1-e83fbe94806f,2021,12025,E
46ce6060-003a-47d1-8425-2da0132038fd,2021,12025,E
0940bb3d-502f-4a12-be31-d0e7531874a8,2021,20239,E
d54f167f-f5a8-4651-b4f1-cf393a412b06,2021,20239,E
760742b3-d273-41bb-86c9-b8f40ab93827,2021,20239,E
8b06b776-37fb-4ba9-b5df-462e70e28a8a,2021,20239,E
6e6d4293-ddc9-41c0-b193-153095a6f581,2021,12025,E
720b0730-d2bf-4c6a-b3da-eda3d8037bef,2021,60886,E
0bba0d61-b312-461c-8b02-182ab42791ae,2021,1204325,E
f9f247a9-5dea-4e0f-bea1-e7bf04a2f7fd,2021,106996,F
f3d50316-63e4-4017-88e0-72ac52078ab2,2021,1181115,F
27f1ee83-ce34-4283-b51a-723b8c4d5316,2021,37862,F
bae07f15-f0c6-4222-8dfd-148a10d1c1e3,2021,47505,F
507e2ed2-4797-40d7-bdc3-1b40642f9a61,2021,1102628,F
5e3d0624-5343-471d-8a50-dd6f55490adc,2021,37862,F
b2f5e93c-aadc-4271-8ff5-1e958494a6dd,2021,106996,F
30ea0a41-45fe-46aa-8efd-fd3ae3c9588a,2021,317,F
991273bc-3c81-4f06-ad4c-7ec0125a4cb8,2021,1102628,F
19630bf1-8628-4b62-8bce-d48e5c389649,2021,1385942,F
e9e352ba-261e-4539-a0cc-5ccd49d062b2,2021,1181115,F
6dc510e4-3a79-4527-9521-615e53ac8746,2021,1376131,F
8874f0d5-8f47-4b09-ab55-ba0023845c62,2021,107920,F
3be17890-26f8-4a0b-b6dc-b3477a713050,2021,1314243,F
7b4bcc89-f615-4cf5-be57-18df2bac20ba,2021,1314243,F
c83c3709-1b80-4dca-98ed-de2e63757adb,2021,22047,F
49061c87-822f-4b71-9f9f-92d3fc09d76f,2021,1288839,F
5b8dda80-7574-464d-8ca7-be1446b2c0c9,2021,106996,F
2f4c9e56-f8ff-417a-be40-b7fed28524b6,2021,1190071,F
24b72999-17f1-48c3-aef9-8d3f984b983a,2021,101942,F
5de7be2f-a869-4557-bd61-2709f2afc3cc,2021,1288839,F
071c4228-af41-49cc-995c-1cc3bb5c5d55,2021,1190071,F
bdd55a04-62c6-4b0f-b848-9d43ae50d41a,2021,1101244,F
7074c817-dbed-4412-ac71-b631dc182d0c,2021,9425,F
14029610-85ea-46bf-a4ce-20db714a9b16,2021,1385942,F
e82f7475-7e24-4441-8867-c59e8b4e85a3,2021,5000143,F
033af9b4-72f5-4ed9-9a7b-3e3aa41e1ce0,2021,112086,F
99bedad1-30a9-46e7-bb1e-a21def97a6e9,2021,5000143,F
2ce5fc51-cc34-4c04-92bf-73d94b015b12,2021,106996,F
b628ba5b-75a7-45b8-a219-53f464c8e10d,2021,106996,F
f1e3aeb6-2983-41d3-8a70-8c90a331c24d,2021,1181115,F
420cb51c-f549-45de-80c9-ffc934fa7429,2021,1265453,F
2b9ce878-5a08-47ee-9c77-31ffb2ec8d4c,2021,1102628,F
7b0d77f4-e5a2-47ed-a791-f050bbb5723f,2021,1306689,F
f3acf73e-7ae9-4164-8019-6193b3844f8a,2021,5000143,F
d4a7de04-abd6-424b-ad85-4af7318af961,2021,5000143,F
002515ca-fb20-4506-bd1c-e52a159051c3,2021,1299927,F
94f5776c-6703-49c5-811c-4057fad0d115,2021,1376131,F
f938156c-ee6a-404e-95cf-b9f56a47a9ca,2021,107360,F
a08b300b-7826-477d-b774-6a68d8dd2134,2021,95017,F
7eaaf37e-9696-4141-abc4-0a94a0073807,2021,1376181,F
a04cdea6-f376-4458-90e1-a400efdbf487,2021,59122,F
9c089d30-3d33-4540-92a1-f1d593942760,2021,1118057,F
7003dd78-2f81-4aeb-9897-65753a78884f,2021,98595,F
f7ab89fd-9bdf-469f-abda-86f6419c161d,2021,5000143,F
24977a18-7ea9-44b3-b8e5-9ffd09b86ddb,2021,1272079,F
c3f49f82-6ce6-47b8-aab7-b3849a4da72c,2021,1376131,F
b6cbcb5c-451f-4fd9-afcc-2b3968ae8791,2021,20933,F
1f323675-eb74-4ea2-8e71-b0fb28dac650,2021,1190071,F
cf92be48-4d34-4988-a179-066f9201c178,2021,98595,F
bb46b836-018f-4e3a-8cd4-974313e34df7,2021,97778,F
eebb20f1-1ef9-480c-a037-cb7d0bc42223,2021,98957,F
a560d1df-66cd-4bfe-967d-4b128f1f3d1a,2021,98595,F
b99d9959-6baa-44ba-8f1d-50eca6d1046f,2021,318882,F
e251cdc4-dcb9-4375-8f3a-7a10edd37102,2021,5000143,F
6f9f446c-20c8-40cb-9cf8-b7d2794058a8,2021,13446,F
309cc5bb-4f2a-4773-9047-b3a280321d1d,2021,9425,F
306d70a2-9210-4d3a-8955-43e57ec1d388,2021,1376131,F
caff2c18-441b-48b0-b419-fed3aaa7d6db,2021,5000135,F
a280b77f-d2dd-4b38-bb02-390824480570,2021,1269545,F
53aa1be1-b057-496c-9c71-be8766686aeb,2021,1314243,F
bb1450b9-3f1b-4ef1-8445-8eba6cc1a314,2021,5000135,F
7e0df716-ce31-47b9-b7d9-6678fc6d1bae,2021,1376131,F
c21632e8-911d-4f1d-b474-fb43c6b2643b,2021,97778,F
c30d3ede-02d2-4bde-964a-21f9dff64eed,2021,37862,F
935e5dfe-7385-4c57-8e29-97ecd1655a71,2021,98595,F
58145093-7919-4c63-ae36-9e72332586d5,2021,1269545,F
fc25794e-f2d8-476f-9d14-24065ffc6640,2021,1181115,F
d85101db-3331-4405-9ccc-76f9e51398d3,2021,1288839,F
29f1a335-5c9d-4c0c-95a9-c9fd7e3b731f,2021,18683,F
c6e774a8-1524-48f1-b8c9-a650500036ca,2021,1187671,F
c66c89cc-c389-4be2-b996-118b40d2e2f1,2021,99820,F
ace3b52a-e71f-4661-94b7-32271e51ad96,2021,5000143,F
6a7f2e1d-9a14-4da7-9620-7825d94c4779,2021,5000143,F
20c14bd1-a7e8-4fb1-8ed7-ac6d9b845381,2021,1181115,F
00bcd6c0-b291-4dc7-8b01-7d403f7da775,2021,49054,F
9045ac2b-4d1a-4590-9c80-38f7e053cff3,2021,101942,F
eb412a3f-68c3-49c0-82e2-31aad1bff470,2021,1181115,F
2ba14cdb-a3b2-4136-a541-e9326ff7a4d7,2021,1204325,F
419f9dd4-2418-4b95-8d2f-191e32edd676,2021,1047907,F
c94ca77f-5cc6-455d-85a2-ea76fa3b318f,2021,1314243,F
af2f1f9f-146d-42eb-96ea-8b1f61d9fd08,2021,5000143,F
08be38ed-12b8-4cad-b981-d62d4164e197,2021,95017,F
08fa3578-c394-45a3-978a-53b403d9136c,2021,11554,F
4df60107-ec1a-44f2-a867-4c5bab14ad27,2021,1148708,F
db982f94-b5f8-4b84-a792-4dacee190781,2021,13980,F
75251c83-ecd1-4bbc-9191-b2d17571e3a0,2021,1267543,F
9ef2236d-100c-4066-bae3-0ad18ab0309e,2021,1314243,F
42811512-701f-4a51-bb00-517416290a4b,2021,1181115,F
9608faad-6dcf-4a7c-98d4-af55d0348759,2021,1314243,F
761a5844-d980-4db7-8cc0-c4864dcd76fd,2021,317,F
28eeeb91-8b92-4945-944d-d8830dc87b3b,2021,101830,F
236e1d04-569b-478b-82d9-1075fdc4e666,2021,106996,F
396b13d8-aa32-49c1-bde9-e34a6111f002,2021,106167,F
301136e5-73a4-43a1-85e9-b15826e8bb42,2021,5000135,F
2fe98e14-1839-4d03-b9ad-35fab0b45a2e,2021,57606,F
6359d6ca-ad69-40a4-9b33-87d5db8cdea3,2021,13595,F
b380d1b7-e5b1-4934-b421-cdc6f862abdf,2021,1379275,F
35e70809-226d-4399-bae9-655750ec0cd8,2021,18558,F
719e792b-c0d3-46d4-af92-4c418db39828,2021,1136142,F
02780285-1b76-4240-ba15-8519cf17ef3a,2021,118420,F
9daae9e2-3bea-4e73-a0cd-7fb29a658929,2021,5000143,F
45ee5289-4983-499e-b29f-3870bd905d48,2021,116770,F
85926464-f8ae-4459-8755-ae2d639795e0,2021,112086,F
e42c23db-5033-4ca5-bffd-bf6f17f603cb,2021,1314243,F
d525a0c4-9b56-49b2-8d3d-a2604957eebb,2021,1101244,F
c7a195f7-0ee4-404c-b03e-4b5e0c6e5f86,2021,13446,F
4848438f-3490-45b2-baad-7ffcf8c8460b,2021,13446,F
173de952-7c50-412b-967f-650eb1442198,2021,1314243,F
f8d76917-a406-4aae-aa92-096898d6ab2d,2021,1379275,F
6759a802-86a6-4987-8335-cdbeea1affc5,2021,98595,F
babc098b-8c3c-46a3-aa20-f8e097713851,2021,2209,F
9fb48de2-be8b-4ba9-b06e-e83cebec4b95,2021,5000135,F
9316d840-a46b-4d4e-bdaf-cbcaba74ea7d,2021,5000135,F
e112de19-783c-440f-9864-f1395046e5f1,2021,95017,F
119d1f80-9135-47a5-bc40-7514593fa74c,2021,118420,F
affa5701-9787-42a9-a297-5172451bf2be,2021,18584,F
70bc93b8-9ab6-4748-940d-67d319872b23,2021,103062,F
9241197d-9775-4a25-a7c3-c3f0ea33a8c8,2021,5000135,F
d2576927-a99c-4820-8c9d-27f312babc37,2021,1314243,F
2ff91638-6d2d-44bf-ac51-455643cc34a2,2021,1376181,F
c0bde6ec-ee74-4e05-81d4-0af132ded50b,2021,1139692,F
3508966c-59d2-4d0f-bd68-7015ca122560,2021,11452,F
1143d5d4-15be-4486-a9e9-227dc846a5bb,2021,1376131,F
85d95950-fd34-4535-9054-ef68a7248a58,2021,67601,F
9aac0ee5-7d26-4d7b-a291-3d0646a6144f,2021,1270596,F
78d4d58f-ac31-4fe9-b8f6-d94bfb662b5b,2021,99406,F
efbae9db-ca35-426b-9430-7a8467e84b31,2021,1376181,F
fee85abe-518f-421e-843c-3a39eaf56754,2021,1136142,F
966eec53-5eaa-4ff8-8db1-ce9ab45c926a,2021,1314243,F
5aa43e8e-66ed-4be6-a47a-711360d3240a,2021,97778,F
ba9947ff-ee3b-488a-a624-d6624d8d371a,2021,118420,F
efff57a6-54ea-413c-a22f-b5cc2e8d2b3d,2021,87396,F
230e5324-0dfb-4149-9930-ce90247d3ab1,2021,1314243,F
587e6f85-fec9-4fd8-8bdc-ed7f8f2fca46,2021,5000135,F
4efd6588-a1ff-44a7-b022-8946893ee82c,2021,1102628,F
cd3fcf45-127e-45e2-963f-82cd22206d90,2021,1101244,F
02b60550-a95c-4a1d-a58a-457d9adf5fb7,2021,1181115,F
26190fa8-2c38-45f5-9d08-71d777eff002,2021,43664,F
8aca6629-8681-4e0d-a54e-1453e3d43efc,2021,41238,F
5b860ae0-bbe4-4cd8-8ce2-e00391d528ce,2021,5000135,F
6fc7fec5-6794-420b-98a9-7fe4999ad164,2021,13446,F
c5b6587a-e9ce-4313-b4b9-d4b2c3684afb,2021,102590,F
e74412e7-ba5c-4aaf-bba8-f70b2dbccc8b,2021,1181115,F
03ab8b6f-f4c4-4ee6-96ff-41f41ad45908,2021,18584,F
b9c008fa-1d0f-4ec2-b65b-06cca496d90d,2021,5000143,F
41b64c89-801f-4995-8d8c-705f8e68ffe6,2021,1117717,F
0719bc43-5d65-49a8-b5e3-eb677cc6a848,2021,116770,F
b863fcba-acb1-44d2-adaf-0a06a93685a0,2021,5000143,F
9cf02eec-5dce-49aa-bf80-e0dfc3e42959,2021,1136142,F
f65a7b3f-f0ed-4dbe-9c15-4bb5478aacb1,2021,1204325,F
74678ec7-4f02-41d3-b209-f6bcf5ef7567,2021,1117717,F
96c135eb-a130-4f95-852e-d0dd93d81bbf,2021,1314243,F
b91d7ca7-930e-4f24-90ab-e48315d6b224,2021,1314243,F
1b35a48a-f5e0-4556-93a0-4baecd2d07be,2021,1314243,F
df3f56ab-f8e7-4f6d-bede-cce99ddfccef,2021,118420,F
96b9ed13-42cc-4ec6-a495-53b471bb8590,2021,11452,F
b29cee9b-6bd7-4002-b4ea-4a6f9a0d3252,2021,118420,F
2f14d357-23ff-44e3-9e55-66b24978f810,2021,1314243,F
58cda3b1-8779-4749-88cd-518269bde1ad,2021,5000135,F
f2cee55f-190e-4ac2-aeb0-2d2e3c851ad3,2021,101942,F
e4b89048-2966-4584-b599-da5520919129,2021,116770,F
8206682b-0808-43db-a3f9-799a6c5bb1d1,2021,5000143,F
2b328d91-2995-464a-8a19-2b37d7fba020,2021,103062,F
a31bcf62-3082-47ae-862f-894e2ca92d35,2021,118468,F
248f4eae-1916-4705-957d-848526c09ac4,2021,5000143,F
0b61daed-b9c1-465f-a40c-623780113775,2021,107360,F
d8ce7c1d-6ae2-413d-9bd8-6bcb37046c23,2021,5000135,F
4ce0ad24-07e5-422a-957b-42e3853e2b87,2021,118420,F
14c4faa1-4fd8-4d47-8090-d7999ddbec20,2021,513,F
98835d00-89bc-417a-b1a4-6a73085b432e,2021,18559,F
e09a333a-a088-436b-bdc6-aaa78053bdbf,2021,118420,F
1effe2d2-05c3-45ff-b92b-92847c49675d,2021,5000143,F
a03d1ca5-6616-4fd4-b912-49ca36ca81fe,2021,98305,F
d41bc539-68ec-4fd1-b734-093c14138b3e,2021,19042,F
e5b377ff-6c1a-4b7b-bdcc-c194900a8ad0,2021,18903,F
66911b56-5661-49ec-96b7-2a72660c7f04,2021,5000143,F
5c8baddb-8263-4442-a259-71f0958d6711,2021,54934,F
d383f55f-672d-4d44-9f08-f3ca16ed360a,2021,98305,F
a8a8aa45-f7e4-4165-8be6-3b66534ef23f,2021,5000135,F
c54fb241-4380-47a1-a907-9ca8eed42993,2021,513,F
7c3159d9-b063-4143-b855-9a2d6c93d7a2,2021,513,F
e52f302d-e874-4428-9438-2acf758cce59,2021,1314243,F
e544d7a5-b223-4b9a-bbac-b8f88049fa9a,2021,5000135,F
5fb7c1a5-dd82-431e-8f79-430e8da5ecd6,2021,5000135,F
1e75a3ea-b174-4c84-b44c-ba639a1d4632,2021,113455,F
e95a8dbb-e136-4bba-aa63-6bb3a8aaef07,2021,1272079,F
31bdbb9f-4e50-43af-bcbb-256a3f1b253d,2021,513,F
d35da5ef-7481-411d-ac97-0b3fcd19f9ff,2021,1102628,F
c6c813c0-e21d-4b37-9064-2f3ebfd97351,2021,1181327,F
be24cc04-4108-4d55-973e-6cd0162f7b13,2021,1118057,F
968f7bcb-36c5-481e-854a-9c39524af301,2021,13980,F
e00477d4-bee4-4acc-8bb2-d4a3cf56bb8f,2021,5000143,F
f620b578-c8ca-4c7e-be73-11a77095e7ea,2021,118420,F
66193341-12c4-4f3c-b39f-4f6029688153,2021,101830,F
480edd1c-95ec-48df-9f07-1f961774f49c,2021,18671,F
640cf09f-63ce-48a5-9c0e-5c5a87f7a90f,2021,1330347,F
9b67b5fc-91da-4341-8889-6fa8ccdd1424,2021,1118057,F
494abf22-1638-4fc2-959c-2dda33895d20,2021,1379275,F
4ee01666-f73f-4b15-b16c-6df4a9a40565,2021,1118057,F
3cc0a9e1-b92d-43b9-bede-45adbcbcf18d,2021,1102628,F
10ceb72d-73c4-4cd1-b8bb-58c107d74ff2,2021,11452,F
fefd1df2-8ce8-4bb1-a65d-485ca441c7c1,2021,5000135,F
65bfe1f8-f072-438f-8eb4-bb368bc725da,2021,49071,F
9eba635f-6ff0-44a8-bde3-1d392b3e9e52,2021,13277,F
23195e3b-388a-4d5a-9e90-70579724fc37,2021,101942,F
a79363a5-4fec-4c59-a9a0-eb0914ffe883,2021,1113582,F
58c2aca8-308d-48fb-b05d-9d4b4d242b3e,2021,101942,F
8fb44c77-aa17-4af5-9acb-2020aa3be3ec,2021,112086,F
fa734bef-ee7b-4dd1-a7b0-ad4d3da3ec74,2021,5000143,F
314e2b40-302d-45a2-91c1-4c4f8e5d2dd0,2021,5000143,F
5384422d-5c8e-46e6-abf7-852c6565993b,2021,86318,F
ea1d6a16-9dac-4069-8970-42ade3054799,2021,86318,F
647a3407-cc1a-4900-bc19-7d64b05e2624,2021,11554,F
8b79d30b-80f7-47e3-a425-3b3da68c3c34,2021,1351760,F
8aa0b146-b709-4363-a631-482c6999bd14,2021,47051,F
ed81df24-f16e-41b9-9163-2a0840399a95,2021,106996,F
3ab24986-059e-4a4f-9ec1-720eab09cc10,2021,1180773,F
4674f965-0385-44c8-a076-63c6d3f27ead,2021,1102628,F
30f4db6c-1d00-42b8-bac8-df9c8ca2a82c,2021,1288839,F
7579ca61-34de-4307-ad20-8abf01556a95,2021,1110857,F
9647c47e-cfad-4319-bb6f-19b578fab8d7,2021,1270680,F
a020558f-4473-456a-b515-5c77fdff0e6d,2021,20009,F
34d406f0-5737-44a3-8930-87c27ede48b1,2021,98595,F
3c835058-d719-4e75-a2da-cf74f913bff6,2021,98595,F
2e0d3cb0-cc12-46ea-b3cf-97d73ed0db81,2021,1300429,F
ec0878a2-9418-498d-9f9b-b653d08ea778,2021,99820,F
041a20dd-7f9e-43df-a6d7-83517fc689d2,2021,98595,F
39efe229-b027-4277-ac48-8b4572a25615,2021,5000135,F
a40c4a6a-ade8-4aba-8262-17e863ec0590,2021,5000135,F
a471ba2f-d883-4130-89c3-8c35362f98e2,2021,60886,F
b0a25678-9170-460e-ab70-fed2f0f1152c,2021,60886,F
5f2d9d84-983d-48c5-b71a-cee8a8311d24,2021,116770,F
5a2cd556-689e-4f9a-91af-8bcc39e2cb30,2021,116770,F
024ef82b-1a7e-4a67-839e-e151de5046bc,2021,1270680,F
a459010e-d2d9-4bf5-9706-cc26ac0db56d,2021,106167,F
2290f62d-db92-46e4-aa9d-c23b3c8bb4ed,2021,1181115,F
477c1e14-0b58-4877-9abc-ef28479a6059,2021,1181115,F
68f4a109-64ff-42af-8239-1f46bd081405,2021,5000135,F
e92a3c2d-b8d0-4cc1-a639-49870b3eeae9,2021,98764,
96accaf9-fdbb-414d-a59f-755e4324de4e,2021,98957,
790438f7-941d-4d2b-8247-71d75a6d93cf,2021,98957,
47914bbe-8870-4678-bcae-20abfe238b13,2021,49054,
32d5e136-271d-45c4-8639-e6ec16bc9473,2021,1283028,
32ec2351-2f9c-4307-a1c9-93353262ef3f,2021,9414,
74e02718-54b0-4485-a413-4cd7adf6fb13,2021,5000135,
6624e9f8-0ba1-4d81-b501-50f248d0ca88,2021,1102628,
431c047f-426f-4dcc-81bd-8c7dac4ddb2d,2021,9414,
56bca9c7-7556-4d6f-92d6-29ea825cc0f1,2021,108660,
adc61ca4-145e-4370-9e7e-9d4d2d7b0c6d,2021,1190071,
0e218516-519d-4c51-bb18-783fb12724d0,2021,1190071,
024347d4-6d27-41c0-b8f3-2b33e20fdfdd,2021,5000135,
88213bfa-b263-45d7-b53f-da2b0d22f604,2021,113455,
de4ae668-95a4-4444-84cb-a3e6299944f2,2021,67601,
3f4fb825-482a-4041-94f5-2b76904931f7,2021,18584,
25f9ea64-bf0e-4f60-b20d-0f647c42b5c8,2021,18584,
dc43261f-221a-427c-9e54-eed59f7af1c9,2021,18584,
e012674f-b495-4026-a39f-d1e2518f6dcc,2021,18584,
0dca3235-d30d-4ba2-a829-f44e9745fc3e,2021,18584,
65a8e176-937f-4eba-a7a8-4004893fe5f8,2021,18584,
311829f1-3f16-4f4d-bf5f-eda378c7308f,2021,18584,
0f56f3da-b6e7-47d2-add8-dcdbdbb3573b,2021,18584,
68692236-20b6-4c9c-bad4-02c1504f9064,2021,18584,
3548f3c9-d685-4c27-b9c0-f75a8768f93a,2021,18584,
47cb5579-8c90-46c3-ac01-d187cbf2001d,2021,18584,
2cd42ac4-6b01-45c9-b06e-a714af2810e2,2021,18584,
b7b1dc38-4a51-458d-939b-4ee8a5099e75,2021,18584,
bed8e48d-8d6f-404b-87fd-e725e5a134c5,2021,18584,
19edda5c-b2d3-44b0-a932-ef1db6cc936e,2021,18584,
8e7a921a-edc3-45e8-b4d9-67a0569b19f0,2021,18584,
f1774158-c3dc-48d4-bd6b-7899b7cd5e51,2021,18584,
cc5438eb-d8f7-4d60-afa5-68a3e4483d35,2021,102590,
9c41043a-d95a-4a13-83ca-5c20580f94b7,2021,18558,
a29fbaa9-674c-40df-97d8-414d72d1ab74,2021,102590,
a3feecf0-1ec4-4171-b4db-cd3c6c4d4d22,2021,102590,
014d15ab-763f-4a7d-8a6b-32c0135d6683,2021,102590,
8be99c13-941d-46b8-83c8-358dd6bf2250,2021,102590,
30686b4f-2e25-4821-9f4d-ca7a46a45213,2021,102590,
d4fdac15-4b90-4831-9f1a-3c11f1b4fffd,2021,102590,
79696fe4-6771-4e61-9a1f-13bd18ea3cb9,2021,102590,
ae41e1ec-bc7e-4cd9-8b6e-7606f2c63191,2021,102590,
70ffe963-0958-4544-ac17-90d19109fcae,2021,102590,
7828c204-4028-4b56-b042-e3936dd7f414,2021,102590,
58ff3d8e-c901-44d6-92e2-dae72084aae9,2021,102590,
9e374540-3907-4a64-aa7c-01bdcaa5268f,2021,102590,
a5601ce4-8bdf-499e-8492-cc87ad8e3ea5,2021,102590,
dff46f3d-f0ca-42fc-9868-5f913712828a,2021,102590,
d4489a50-709c-47b3-9f09-aa846fbd74d8,2021,102590,
c09a26e6-9266-4ff5-baab-df00f565a5cc,2021,1113582,
46d3b615-cb9f-4ab4-b1ee-9b651a6e5f89,2021,1113582,
a6183e23-64f3-4c2e-919f-0eb5b3d5e03c,2021,1113582,
cf8a885d-bc09-458b-87a6-f8eee64c1ee8,2021,102590,
d52c63bf-38c6-4d25-b831-641fb61b4065,2021,18558,
6d812358-f5e7-42a6-bae6-f844ea234749,2021,1113582,
a6c08e81-e05e-42f3-9292-99e66f3cf642,2021,1113582,
e9b35de0-1673-4059-a0ca-a2bac791f6e6,2021,1113582,
61ae13a9-dfd2-44a7-871b-7562371446b9,2021,1113582,
9795ded3-67a3-46e7-9668-61f57b27cb64,2021,1113582,
f615dc20-cd81-45f4-bf59-5e8da4fcedc4,2021,104360,
c7d5c436-b7ac-43c5-973f-baea5b3aa197,2021,104360,
2e0d02b2-a3a4-4fe3-9032-c9aead94d5a8,2021,104360,
81cb8dfd-0484-42f7-9a96-05313258e69f,2021,104360,
4391371c-63db-4c61-b885-4ea16f3233b9,2021,73140,
86aaca68-9ba4-4454-a8dd-cd5023dffeb9,2021,73140,
a50f9b46-f1b9-44f1-becd-852a9f2e42b4,2021,73140,
5e5641a4-b6a2-4338-9174-3fe24c1bfa58,2021,73140,
e5f3e764-d5af-44e6-9080-742d8d60bdc0,2021,73140,
2478e683-0b7d-4ee0-9ee9-7de68be2cfa6,2021,73140,
9021b88c-446a-4067-a9ae-6284bf194a36,2021,73140,
73bdfa36-d9f4-4630-8c9a-2b55027f6258,2021,1113582,
d33e7cce-a0ac-462f-be77-cb7f944c5346,2021,1113582,
af130933-0985-4b01-8dc1-1becabc93287,2021,1113582,
71e5c625-e4fa-4c90-89aa-565adcc0896c,2021,20933,
f44d3a3c-ccf1-47c2-8358-c17e6739f211,2021,20933,
9394a438-adbc-4d37-93f3-6e965f3e8b06,2021,20933,
7330fd46-9e97-49be-8d35-0d6eb22d729b,2021,104360,
1f0cc8f8-8b46-406c-9b8f-a041d3fe1388,2021,99820,
330dbb79-6328-43a6-821a-313eb9ce575e,2021,97778,
65ef6050-c9bc-4d8d-87df-e6a49b3ef1bd,2021,55402,
3a1f0438-3348-4094-b9c1-a802fae8ac06,2021,55402,
7bf11c31-8972-428b-b16f-2079ced7080b,2021,101942,
ed5e00ba-265b-407c-9e33-a7f0e87a8402,2021,101942,
8f0ffb51-6fb9-40d0-9a0d-468cf8f5882e,2021,101942,
a1e70010-1dea-4bf0-90e2-331ef0aadccc,2021,101942,
219f52ad-aa4f-403c-8639-93f3e55b7224,2021,101942,
57f90414-8ac0-4965-bb2b-48bd61ef4644,2021,101942,
be785850-88a3-40cb-bb87-abbb81913c5e,2021,112086,
50ebe8a2-d74f-4fee-bdac-872a385afb47,2021,13216,
559d360f-32f0-413e-a7d4-bfb41d590214,2021,13216,
e1d324c4-53f4-4ae9-acc2-e7bac5b79f4d,2021,1267543,
d7e04023-adfa-44c2-b232-0355b3eb67bd,2021,1267543,
3f8a753e-5645-4881-8216-2f4425d3a683,2021,1267543,
8931ac9c-2a2b-46e5-bf0b-1e2a6d9892e4,2021,73140,
c0b44e16-856b-4292-8b5f-c32bd72b7f15,2021,73140,
777e1ab0-4b17-45b6-bdb5-c140c8adc6be,2021,73140,
0a1e4b21-8738-42d0-8ce3-0444969787a8,2021,47069,
1a36a42e-d28a-4286-8f1a-20b6f0177e65,2021,47069,
d6f54767-73ea-4a8f-97db-97b032b50915,2021,47069,
e7fbd2e6-3361-4481-9730-196b3d46dc88,2021,47069,
da975e12-a49c-453a-abf1-1103cfe6e1b0,2021,86318,
c1a1a9cd-c0df-4b24-812d-ec715b9a8394,2021,86318,
c0e57cb6-4287-4fe6-a39e-ac4e651a8aa1,2021,86318,
3c3e3bac-c439-49dd-b8fd-311af1211546,2021,11554,
bff33b23-c7b6-4cbf-845a-f7003d2ce33b,2021,1187671,
991e6161-5617-481c-acc7-772938446dc7,2021,98305,
eac8cae1-3a0e-49fd-98fe-d37e8af5b8bf,2021,1187671,
401e3e04-1967-49c5-adaa-571f92f8cc8c,2021,86326,
d9c9dcd2-eabb-4be7-b54e-ee066d0b11e3,2021,1187671,
55aa7854-c246-4ec0-bcd8-7315ac4ffedc,2021,1187671,
39cb847d-5d25-4d9a-93d0-8970069bf7b1,2021,1103723,
2b9bab8e-7b97-4f43-b131-513d874e6fc1,2021,86326,
48da845c-ab53-4f1e-b97f-fd0e1da4db47,2021,1187671,
0f8bd037-b9d3-47fb-8fa0-a50912289566,2021,1187671,
628ca6b2-aaba-44dc-8762-36b1a9e32655,2021,86326,
07035724-da71-4c5a-a278-96c80715eee4,2021,86326,
39a54feb-71ca-4e07-a951-43abd1e781e8,2021,1187671,
d7fa8fee-14b4-471e-b3f4-7df23fc160ab,2021,86326,
029fb8bb-5587-4fa8-9f13-945e3be92be7,2021,86326,
09e5a891-f1d5-432b-8c80-c4e0487acdbb,2021,86326,
20f85249-b248-4661-9bc9-378f914068b4,2021,1187671,
49f03190-ba40-468c-85e6-32a5e26c7a33,2021,86326,
c272be60-5b04-45cb-a1d6-e523df4e29b9,2021,86326,
4169c993-105a-4b27-9a09-3cfa7e9d3232,2021,86326,
5584230b-2d42-48cb-b2d6-d7f4be7faaf1,2021,13401,
416f4a33-9364-44fe-b071-95e9cdd24f32,2021,67601,
1ea0786d-8a10-44f5-ab9b-c734ba973b76,2021,67601,
31d58d00-b9a0-4e04-9bee-ff14972f3f51,2021,67601,
8b37c42f-1210-4186-ac78-f4960d9ec2ba,2021,67601,
e2949950-0fe5-43a0-a764-47e16a4c1234,2021,67601,
68052ae6-0683-453b-8a4b-8e20afae7ae2,2021,50082,
3caf2c5a-5e92-4522-9fe7-4949cca1938e,2021,50082,
df819859-02ea-4ae4-8a1d-1ba5be274925,2021,21464,
2ed18146-a969-44d8-b052-1a03d081715e,2021,21464,
b2cc9416-5861-4d8e-995a-3b3ddbc58f3a,2021,21464,
63420d77-e890-4307-bed1-776f23466d64,2021,21464,
c7c9295c-7dfe-46df-92b9-ece8762459fa,2021,21464,
7811584f-e2b3-4f77-991f-325042fa11bf,2021,21464,
81af94fc-8681-4468-839f-a5fcc2ac9710,2021,21464,
49625825-d52f-4cab-9f99-1f14b4c7f99d,2021,21464,
38bb607d-94ec-4472-87a6-304cba72a406,2021,21464,
3bb4049e-ec08-4525-b273-425c5e7ad946,2021,21464,
cfd7648f-039c-491e-8d84-0e2329b16c95,2021,21464,
ab603107-9191-4fd3-8490-833c3da68e24,2021,21464,
29c9bb8e-14a4-40be-9118-96e0bb061560,2021,21464,
537b11d8-77f4-4790-89df-0529b0d40f9b,2021,21464,
9613cfcc-812e-47da-aec8-4cbc3fb8b518,2021,21464,
e20d4c28-58ee-4552-97c2-41f7894e50c0,2021,21464,
8131fe82-d06a-453f-823d-66c6a3afb6d0,2021,318882,
c5669d8e-3199-444f-8c8b-cfce24c0cfea,2021,318882,
c54052ba-04ba-49d6-9775-f35de8bb8b30,2021,318882,
ec3af784-18b6-4214-949a-d79bb4ad24b6,2021,318882,
b69cbfc4-394d-4219-bc9f-6c565e19dd1e,2021,318882,
9bb85809-8ee4-4f72-bdcd-f06e6e244253,2021,318882,
c1c6d2fc-272b-419c-89dc-dd0f4f817682,2021,43664,
538ca77f-53cf-46e6-9778-f3187948f4fa,2021,43664,
e168778e-ea4f-4254-a4e4-062d15cb09d9,2021,47051,
3a3f4b5e-27d5-49b5-bca2-a20cbce72bb5,2021,1190071,
4e80ac2a-6c94-449b-b18a-8fda0fbac47d,2021,1190071,
955f68e2-71a5-4d0b-ab2f-9231d4d1279a,2021,1190071,
43c6d3f8-80f2-4278-b12e-91d1bd36cec9,2021,1190071,
94497663-6c02-4aa9-9f8f-f7e42a92621a,2021,13595,
e89974f7-ef0d-4b88-9da7-52fdccc1574f,2021,13595,
9fb4292f-111e-475b-b80a-d81cf2f21ddc,2021,13595,
4088d937-4328-4a67-82ad-5b2a95e4f862,2021,13595,
b544122f-52c8-460c-b0e4-43614eebd9a9,2021,13595,
12f82e18-a527-408e-8bf8-8d4687e365f2,2021,1267543,
838933d7-d3cf-4183-a4df-b9b004d8452a,2021,1267543,
4812b45e-6d71-410e-8eb7-39d076b7c726,2021,37862,
274770ba-7496-4508-a6c6-53fffc568445,2021,37862,
67def4a2-ffef-429e-b427-b30c2870074f,2021,37862,
e58f4327-64e8-4177-851d-95c3c0f8527b,2021,118468,
3b035fdb-317f-4113-9752-8299e10ca99a,2021,118468,
c06bead4-c394-477e-ac4d-6b28882542a1,2021,1265453,
b8916055-e9eb-474e-914d-1a586aedff45,2021,1265453,
9a9f27e8-a717-4b9f-8e94-48f5d94aff90,2021,1265453,
5b9b4e12-ca72-476b-a681-a5ac288070a4,2021,1265453,
744ec1b3-cab3-4afc-97c4-b9861d96d4b3,2021,1265453,
db1362e8-a944-4bf4-bdfb-5b6a9d0d5a75,2021,1265453,
2baed711-7675-4653-a048-5b48c464ce6c,2021,1265453,
11115561-3f00-4401-a275-39451a3cd62a,2021,11730,
fd63688f-1108-4b85-8372-e813a3e07334,2021,11730,
b321bec6-9bb5-4621-956e-5b4686f3f63c,2021,11730,
fec5f0de-f693-4675-b3c1-4e94d5e5c2dd,2021,11730,
189112e1-2541-4026-a0e6-b7929cb21a47,2021,11730,
8ea4591e-f6e2-45df-8e2e-4bd32b013942,2021,11730,
f04b13ad-73f2-45ec-9651-5b4d7f6dfa85,2021,11730,
b25dfaf0-fa6c-47ee-b3bc-4cb9cd3b421e,2021,11730,
1180b1ce-a0f8-4833-b343-64b86f203835,2021,11730,
227c5d5f-c696-4174-8df2-dd2149f139e2,2021,11730,
5740c249-3500-43d5-915e-0ccc1a520cc2,2021,11730,
efd639ae-1bc1-47e7-a126-8f7885341ffa,2021,11730,
8b9a2e7c-a323-4053-8eea-490c557bf8d7,2021,11730,
783f30e3-0e0a-417f-ae4a-f774f4157814,2021,11730,
bb37ffbe-5faa-428b-8921-9db726bfa6b8,2021,11730,
44625d9d-8ceb-4a5c-aabb-2d3ab63b3577,2021,11730,
e08b1fc7-21d9-4707-93dd-c5b75880b858,2021,11730,
a0e9fce0-0a5c-499b-b351-473c57233f57,2021,11730,
b4430f16-d936-4d17-ad85-87b86d2df7e6,2021,11730,
e90abc37-3f10-4c5e-8b4a-5e174f692005,2021,107360,
dc4aff62-2203-4a10-8754-61932f4efc17,2021,1148708,
36e5f099-6c3e-40cd-92d2-64952582452d,2021,1148708,
06b5a7e0-ae4d-496e-9201-a2271eafddd0,2021,1148708,
f80f6059-cca0-412f-a688-5de0406f29a5,2021,1148708,
eb8eee4b-7ae4-4d48-8691-6a1aaa136816,2021,1180773,
67698a5e-faff-4401-a326-265cb79c25ba,2021,9440,
f64dc0d7-e2f8-429f-9b95-86735e103391,2021,9440,
3a706f9a-63b1-4390-9f0b-078619238ed4,2021,9440,
001333c4-8336-4d58-a3d3-69c61de3473a,2021,9440,
fc686b29-a6de-4ae9-b316-1f50b6a3e317,2021,22035,
891f4cdc-8de3-4e94-80d2-a111a64e896f,2021,1180773,
1a8eb825-3089-4c79-a695-a8fc0d51c447,2021,1180773,
635939b5-811b-4fcc-96b6-f705a5ef8a5f,2021,1180773,
5b8ce01f-95a5-4241-8c19-ce24033088af,2021,106996,
9ab10f4a-b1f9-42cd-8902-f527c9753912,2021,106996,
052678af-caa5-4f73-8c28-27e73c27b8fd,2021,106996,
7a3ee776-d537-4a9e-954c-573d387336cd,2021,101830,
7612a8e8-936a-4ebc-8669-7f4d962d9a54,2021,83388,
b8c2b0b3-8678-4b1c-8518-ce67a4f22782,2021,88084,
7ca836d2-8b4c-49d9-8349-87a004e11843,2021,88084,
939389cf-304e-45cc-aca5-7d1b63eba4ca,2021,1258654,
7e9b1ebb-cdea-4ee3-8675-3574296eb90d,2021,1258654,
0bab8e4f-a043-4c09-b41d-09753e74262e,2021,1180773,
45b9f059-f024-4825-a787-3b905dc36cfb,2021,1180773,
5cbb689e-bbfc-48ac-8dee-b82d7fc2bfd2,2021,1180773,
20ed5b02-879b-4b20-8486-907d93fd0688,2021,1180773,
4671716b-648c-4f24-a411-122e33e0118e,2021,1180773,
3d088b50-9e5a-4061-9d83-bd9ff4b2e117,2021,49054,
7d0a2b48-8d6c-4d3d-bc81-be4128ca038a,2021,49054,
ee8df4c6-36e2-41f1-bb1f-ba3aaa51c0cc,2021,1180773,
fc9ef6ea-94c9-492d-8e90-030f9bdb22bb,2021,37862,
c16bd4b5-6c3a-4e5d-9d7f-6e9db57ebce2,2021,1180773,
c7b8e2cf-5d16-4c1e-a744-6492a558272d,2021,1180773,
0d1c15b4-24fd-4571-8f0c-e78b2949a54a,2021,37862,
0dff3a48-eef4-4f34-85cd-dc7ceab87242,2021,1180773,
9a4cd14c-052d-4e5c-a363-911e5c43ccc3,2021,1180773,
3f73dc20-332d-46e0-a4b6-2fde3f2ffcec,2021,1136142,
37689fcf-6c03-4088-9fe0-e28cbaebfb1e,2021,1136142,
2d6add3d-7bdd-49d1-9bc2-8b78747e4118,2021,1136142,
35a3ea06-9e5a-4ab1-9f6f-f8225317df67,2021,1136142,
dd25ca9b-b7c8-45db-ba88-941bc917ba88,2021,1136142,
173bb80a-eeaa-407b-846d-309fa98f74b1,2021,1136142,
898290c2-559c-4e87-912e-3c937744dd15,2021,1136142,
357d2fc2-ab58-4d7b-9da5-09be42b876cf,2021,1136142,
eab12a38-d537-444c-a143-3375e57748e6,2021,1136142,
b421bfa4-edbf-41d8-ba05-f3f501bf1b54,2021,1267543,
ba903be3-46dd-4fcd-ac5f-c467a56cd453,2021,1102628,
d4d0e294-df19-4b1c-9561-12ba0953b324,2021,90030,
9978e0a5-ae45-4120-ade4-79e6dbac9d57,2021,90030,
8412536d-a00b-43c0-b457-2b2f51f0f0ba,2021,90030,
ebfd2e9a-c547-4490-b957-5978d4e5e21d,2021,1102628,
2edbc9d7-02c0-4433-8d2b-d91afc0bc0b2,2021,118420,
ee102d97-1194-47b6-84a9-10c094c517c1,2021,1102628,
445721bc-5037-4186-88b9-f02c1cd1d17b,2021,118420,
4b8e9446-4b87-4621-a48f-61b7ee4ad6ba,2021,1102628,
7b9ec050-9970-445e-9f77-e28c8331c395,2021,1102628,
b7007022-5234-4276-9267-61aa44a09f04,2021,1102628,
8a443381-5765-4d45-b38b-bca6b7e5c95b,2021,118420,
ed84b6c2-639f-4df2-b0ec-f2f19bcb14f4,2021,118420,
e3f71c8e-8a86-46e3-aced-2308ceedfcb8,2021,118420,
f96eea06-ba99-43b5-90af-0c89d702cb45,2021,1288839,
0cee2b22-495a-4f3c-8b38-a100d203210c,2021,1288839,
10f89c1f-94ac-4e1f-93a9-8108aedae448,2021,1032473,
03557432-ce86-44b9-a162-137218d12e06,2021,37862,
4d4ba6b7-0658-499f-88d3-60d1be8e64d2,2021,37862,
db87edce-20d1-4220-bbf8-9109fe13b043,2021,118420,
f1860828-ddbc-45c9-9893-a90aae4f7183,2021,37862,
ae3428d3-ee9f-47ff-af9c-74955c0c1751,2021,37862,
35f592e2-db4f-48c9-a8d9-d77ab0549fd0,2021,37862,
e775450b-d779-4c02-87fa-e6a785cd83a4,2021,118420,
36a4835c-114e-4c83-ab3d-434ce0045a79,2021,37862,
062b0ec2-89d4-4054-ab05-17fcbbc2a0b3,2021,37862,
61f649b1-4f6c-42f0-975c-56d77ec41e8c,2021,37862,
331cd024-b4ed-4ddf-b97d-230e0502d1cc,2021,113455,
29a9ba61-7e9d-4bf1-8bd0-e87ba09d9497,2021,113455,
c09079f5-0c7d-4902-a570-f7f5719fda29,2021,113455,
3ad90dc3-137f-4d3b-8f91-414e2a70b1d4,2021,113455,
dae85271-f3a5-4b01-9715-db37558a5daa,2021,113455,
0d52cddb-f768-4add-9b7e-6b6060d8bb67,2021,113455,
c12ef324-45d4-4a55-94dc-326bca0e092e,2021,113455,
ded75639-5ae4-4a33-9322-c7fba699e22c,2021,113455,
79d6b3b3-683f-455f-a887-3b56f4330593,2021,113455,
73f4211c-6ca8-46df-abeb-3f78f59c48a3,2021,113455,
653b76e9-a97d-4029-b477-04a58b34b3d9,2021,113455,
194d5264-6f89-40cf-b001-78ce45e276d4,2021,113455,
e74ba4b8-3cb4-469c-b3fc-5f32bee45422,2021,113455,
cb9c81d2-121d-4c75-af35-21827e68f69c,2021,113455,
95f5902b-5775-4675-989f-f3999d240c1d,2021,113455,
fa58fa4b-f73e-4adf-b933-f6732a88b79a,2021,113455,
a8c0d057-70b0-443f-9497-f76b0e8a2fbd,2021,113455,
8635ca2e-4614-4496-9a42-f702070c4ef0,2021,113455,
936e1a76-f493-4bc6-88e7-4ba3276845b2,2021,113455,
0f6b9af5-ebfa-4dfd-9558-2982141e6a54,2021,113455,
e3a8965a-a70e-4df3-a576-7dab43e087d4,2021,113455,
946490dd-d99d-43aa-8f5b-2a7cc84fe426,2021,113455,
27fb7251-7266-4bee-b47a-4fd27deb15aa,2021,1110857,
63b196ef-2cb0-4bfc-8d8b-6e25d6c76998,2021,1110857,
4d733151-b9bb-4914-95ad-de7a2909a51e,2021,1110857,
7b5e2d0e-38c8-411e-bf4b-d310a6157613,2021,1181327,
b282bd97-a8f9-4e6c-8c1d-8ff91ecf5ba8,2021,94762,
fc495388-0fa9-429e-a4f1-140846d5c5d7,2021,94762,
4850d30b-cffb-4679-925b-3b3c7fc6cfb4,2021,94762,
af1affa7-0f43-4af0-a9ce-b99dbb7df254,2021,94762,
2f4cb089-98f8-4e83-b088-903f6ea42e83,2021,94762,
cc21e841-f673-4f01-95db-4c8349768508,2021,94762,
db7400bd-8b92-4fce-9126-2ca0bd4e80e6,2021,94762,
b70bd8f3-ea6a-43ec-9785-bdc76ab1b50e,2021,94762,
f5ca99ec-b1a8-4365-bc5c-23a18d51afc3,2021,94762,
59347419-63cc-4432-be4d-ebf416f0c3fd,2021,94762,
259e837e-18d6-44e3-84c9-024275c47bcc,2021,94762,
b588bdb2-8cac-4d3d-9262-18fb5358ebac,2021,94762,
e4a87278-5136-4757-9503-4efdcfc474e8,2021,94762,
c2cae72e-bda5-4534-b6ed-1655a8524432,2021,94762,
c922b004-234f-4515-8a43-c44535278728,2021,94762,
8452899a-f43e-4472-bf38-3f2d13745465,2021,94762,
c7f89dbe-73a4-4e5f-9a91-457ad0c95829,2021,94762,
684c5675-dc87-4df3-9191-756630e5c9a5,2021,94762,
7d04ab9e-99fe-4264-b1ec-1022e26aa2b3,2021,94762,
31ae14b9-389a-4c34-9809-b30b537aad65,2021,94762,
f477fd6d-ce05-4637-a633-5dc8f705a2cb,2021,94762,
23e3e44e-a509-4d64-9e86-d199263e0bf6,2021,94762,
e3efbc88-c923-4fa4-8fa8-e0045c34d751,2021,94762,
b608fa6f-ed47-4da5-a795-5e48369bc014,2021,94762,
1f1c7e4f-02c9-4e94-b348-09eb7ca10b5a,2021,94762,
86f7b530-827f-4305-9e45-f28a21162a82,2021,94762,
048fea4d-12f4-452a-9595-b00010cabd36,2021,94762,
e5e5785c-bfef-499e-a293-9ea66898ef4a,2021,94762,
b8bbf030-970d-4a2a-a11c-8f10788b2252,2021,94762,
b6969229-0fc1-4447-8238-fe6dcfc7bb0f,2021,94762,
13d194a9-a2a8-4efe-955a-b1dbe8fd5d41,2021,94762,
661bedcd-3ff3-49fe-aee3-4952e6adc441,2021,94762,
8cc682bd-b8cf-4f15-83f9-8efb5813aabf,2021,94762,
6ecbceb0-a50d-4c2d-99dd-f3f4c0508bfb,2021,94762,
5dcfc99f-a20d-4b68-b784-006ca9e80d81,2021,94762,
1e6e02e8-4487-4bf1-aca7-44e5499b437a,2021,94762,
5367783d-cc2a-4011-988d-86e2f6e2132c,2021,94762,
0084593b-090d-466f-aee9-25c5e682ec3e,2021,94762,
84b20ee7-288a-4847-856d-4d6337b8ca6b,2021,94762,
258d0c67-5f8d-4346-b43b-7743032d40fb,2021,94762,
830e611c-ea93-43d9-85a2-c188e9073c2d,2021,94762,
ad3abf72-1ea7-4d0e-822d-dc35a8690c42,2021,94762,
bf75ea1a-7603-4ff5-b023-4adc63772964,2021,94762,
f15d751e-027e-4dff-8f2b-a7aa3a197830,2021,94762,
a2814325-478d-42ef-aba1-097da395805d,2021,94762,
cf318156-ede6-4280-87d0-0700cfb9c61b,2021,94762,
e54cf871-bcc2-4add-9931-d1b3ec4dc6ba,2021,94762,
49b8e77e-90cb-4f52-a7d3-edb542a911e0,2021,94762,
92d571f5-288d-40e4-88f7-e0cae1b732cf,2021,94762,
ce5d9010-cd35-4f5b-b1b6-20c51eec7579,2021,94762,
077b0f17-8175-48ed-99be-6d0ee2710640,2021,94762,
8ba37624-dab0-40a3-836e-6626abf74fdc,2021,94762,
cfc3aaf5-bd8d-41a1-8974-fa9cd4099e08,2021,94762,
11ffb90b-1914-4651-aa3b-1e3a1a6bd9d9,2021,94762,
9434c510-f36a-441a-af05-e76f047dfc4b,2021,94762,
924b9794-2b0d-4890-9aae-ee8985a7c0cd,2021,94762,
0510c3e0-d4d2-4f36-9137-7ae54feda384,2021,94762,
34a465da-3344-434d-966a-51ba42bbfcdb,2021,94762,
a100781f-0f6f-437b-aaa7-8cb23da6eb4f,2021,94762,
8befb3d6-790d-492c-bfe1-da14d387757c,2021,94762,
7895cd8b-4529-497e-a39d-08dba9aa8996,2021,94762,
d0c51b05-ce39-4e2d-8fa2-e81215495095,2021,94762,
a511d8d7-4bec-4c48-a4fc-a9936dfcc8a8,2021,94762,
1923afda-e308-4dd7-be39-7b9df330675c,2021,94762,
92521192-7f69-4380-bfa9-907e8e0c158a,2021,20009,
1347c19f-f74f-4c37-8c22-6d48870904e6,2021,20009,
98cc155a-8e5f-4c62-bce0-efadbb9072b0,2021,20009,
4822a800-bc51-46c1-a014-d748ed1e302e,2021,20009,
cb979c00-96de-4a91-8404-c978f30212e4,2021,20009,
5b912ecd-2f21-41a1-a1c3-d0bd9dfe0f54,2021,1306689,
3571e650-40b5-4dce-93fa-04d909a5c3cf,2021,1306689,
0b7bfea9-7455-42aa-a662-f4ff7fd93fce,2021,1306689,
4d0a4746-9a25-4aec-b242-c5e7395fc392,2021,12025,
49473f75-a8ed-4173-95fe-2ee327054768,2021,48675,
0d3f1d87-2601-450c-b6f4-2ae2fc4b1c11,2021,48675,
2554c387-5b8f-4589-bb10-58fd4b217ed6,2021,48675,
e129f3a4-a835-4e2c-aa48-92958a5dd5af,2021,98013,
cd2cae07-2ec6-40d0-afd6-1cb866a2c745,2021,13277,
9c0424d0-5e42-46e7-83d2-8829a436ccba,2021,13277,
56e3f0e5-38ce-4824-a3d7-4dc7b7e319c9,2021,13277,
f28643c1-64a1-4b82-85c8-9f97aa4a2dd1,2021,13277,
24293016-8653-4873-a2f4-1c226b60f6a7,2021,13277,
d16451a6-45ea-4004-9531-d6b129ae2be2,2021,13277,
0b44cd7e-037e-470c-b43d-3646c5f19b69,2021,13277,
bdaf89c2-d5d0-4216-a985-676f4848a8b5,2021,1204325,
14549ee7-b2f8-407e-9f04-47642df3cf5f,2021,1204325,
4f1db38a-3cc2-4ec7-a4a0-e8ca7ab09168,2021,1204325,
2d06e26a-986b-4724-9d32-b81854ed0da3,2021,1204325,
e20f32ee-d488-4803-a6db-564a93d09137,2021,94455,
2b4f9f37-efe3-4d4e-9f21-27bd046ea858,2021,74737,
a1579377-5c61-4594-b3e5-8ae68c93a525,2021,94455,
b5381a6f-475a-493b-b5c0-b28ef547dd93,2021,88068,
5d17b22e-43b1-4649-8143-a90d51f72809,2021,74737,
b62a37bc-6f32-4280-92e3-9ec80271a854,2021,74737,
8ffade79-8957-4dd5-b774-021826c84912,2021,62484,
5b4b514a-8ab9-4d59-aee3-a0adee111924,2021,62484,
c46ce5b0-fdb3-46f8-8ec6-f44063596fdc,2021,62484,
c04ca00e-3141-44c1-9691-83521e4b7891,2021,87396,
2d3b9a4d-14b5-474a-8d2b-93c065232961,2021,1376181,
d413a714-500e-4c43-9a14-b6c4deb770ae,2021,37862,
64fe31df-cfae-449e-8aa9-dfd288e3757f,2021,37862,
77737c5d-d541-4507-9b9b-45038894d8cd,2021,37862,
842c6bd9-2752-41f0-b33e-87c9e68d497c,2021,37862,
e6bf2c30-8974-4100-bed6-4765985f14f6,2021,37862,
01b71caa-ad9e-4655-bbdf-2833ed8ba345,2021,37862,
a8682e0a-5fe0-4b45-a493-66d833459403,2021,37862,
65ea468d-37cc-4322-b4da-5956d4cb268b,2021,37862,
6bb6c0b0-c4cc-44cc-af42-97af3956f9d9,2021,37862,
5071d248-830c-4169-849d-95b92c3f31a9,2021,37862,
52f7600c-ba2c-42ed-8d26-d83dad926802,2021,37862,
09c65524-975d-4b2c-abb3-73844d72f496,2021,1042278,
b9f6a867-d6a8-4425-a38c-ca1ee951ecd4,2021,1042278,
6cfeae9b-e249-4880-8cfa-fdb3b4fbae16,2021,1042278,
a5a1fe86-e2b5-4e1f-8417-3b28b81ffb57,2021,37862,
e37f5811-4450-4291-b835-9af287d503cb,2021,37862,
a81dc9f7-6152-4523-9b3c-82dae23c08a7,2021,37862,
04b75430-9a86-4860-9ec7-18639c7037f6,2021,37862,
2479cc06-70f2-4fcf-8cc0-988d79014891,2021,37862,
15e3bfd1-599d-416f-963c-98e8d756be26,2021,37862,
643c637f-5408-4acb-841a-8185f63c3255,2021,37862,
84638eeb-c5a2-47ba-8874-42b27e9a772e,2021,37862,
bc55467c-9899-4ad2-8853-603ca34ad09f,2021,37862,
d0e30347-a7e5-4cd7-8439-752a2a980516,2021,22047,
02cf3574-36c4-4209-908e-2f331e06d487,2021,22047,
85ff1c6f-32e0-4d76-89f7-9d08b8b67654,2021,22047,
8249bf70-8a8d-4fbc-8484-75a042d2d326,2021,22047,
91307848-997b-4005-8bb7-d19938c93f0d,2021,22047,
aefb06b9-6540-447d-9965-f0636d172c5f,2021,22047,
560550a7-7af6-4bf9-820c-be7ce83256d6,2021,22047,
e59ce2c4-2486-4c8c-869a-e9efc18037c6,2021,22047,
64e1bc47-7dc4-4f5c-919b-c445e23cdc22,2021,1315444,
9f7fd910-a0fc-4111-81a3-db7eec335eb8,2021,1315444,
e9fb8524-9a0f-4383-9c2e-fb7e69e15b2a,2021,1187671,
7c2cdd31-9d3a-475b-88f1-65669884ef48,2021,1376181,
a24e0b24-de2c-4fa0-a0f2-176ddf6758e7,2021,113687,
a905734c-d137-44eb-8e5f-8427b143b58c,2021,113687,
75e46874-aba5-427b-bc4a-5c096e869d2f,2021,113687,
caa167d5-2635-4b40-aa5f-9a42759c186a,2021,113687,
4ed793d7-2f24-4e37-886f-35ec02f927b8,2021,113687,
d47a8a55-e1c3-4e16-8951-838375e47b83,2021,113687,
48fe95bb-6ff8-4e20-be43-87f3069cf2c0,2021,20030,
1f493fc6-1644-48ad-9e8c-c1c57d199c48,2021,20030,
a966d38d-95cc-4c5c-ba8f-1ebc54dc00bc,2021,20030,
c5521f9a-6d1e-4313-be4c-7e4723737d4d,2021,20030,
605186e7-1992-4250-96db-70ab2a787ffc,2021,20030,
c5bb2eef-236a-47c3-b7e5-204cd5fd2df6,2021,20030,
85cb3888-87f5-4a7f-84d7-fdf7c83483c5,2021,56172,
c4cae8f5-7284-4c34-b31f-147d88b5df08,2021,56172,
9a9ca9d6-b966-43d6-af72-bdd459c9f449,2021,56172,
e205bc75-f98e-4665-979f-2fc92f817b65,2021,56172,
5eed362c-8fdd-4783-8a80-35a61afcada2,2021,1427745,
93a63216-2d8b-4cb4-bc69-7e1ebfb04e59,2021,48205,
d10e89ac-ec71-4bcb-9f2f-3a95a5c52a7a,2021,48205,
15bc9303-698a-43f2-b88c-b4db45bac1de,2021,48205,
7c5504eb-914d-4deb-ab7a-4abc689a5e83,2021,48205,
03dab2bb-68db-4e38-8d59-94023c697f5e,2021,1047907,
0eb9a348-5620-4c2e-bd11-4de7d9661170,2021,50981,
ed5b74f0-56c9-48b5-8906-64a983357fbe,2021,50981,
d1aee782-c64f-4f7e-b912-5bd3052f8f5b,2021,50981,
6854454b-8928-49ff-9cd3-9d2aeda0466c,2021,9414,
badd197c-5e1e-465f-86b9-54ab0ad88964,2021,9414,
375b305a-0605-4248-ac3a-e76adec5333c,2021,9414,
04cf74b4-da4e-463f-8491-ca7e6c093c47,2021,9414,
408457a7-7c69-4025-915f-9c186046f89f,2021,9414,
30570896-37b9-432d-848d-8c10b581917c,2021,9414,
2ce2d27d-33f8-4ac4-9e0b-f3ac017e9bbc,2021,47505,
7d928a0e-a22f-4700-8c6d-7deae8bc81bf,2021,47505,
79c8f8c9-236e-4082-b4c6-8f39643ed0d0,2021,47505,
f2f27c85-1734-4791-8033-f980cd50097a,2021,47505,
99cd7b0b-4b4a-4ff0-9b76-a78154c9864f,2021,47505,
d59b284c-c0ac-4d38-ba50-77288308669f,2021,47505,
475b0be0-9453-4bcc-967c-5a8eab9c7c4f,2021,47505,
b556096a-9b57-488a-a8a2-d46c8fee84da,2021,47505,
2618f968-9002-4142-ba9e-0c614d5e9ff3,2021,47505,
f1740b12-d606-42a8-a9ab-feffa60c18c3,2021,47505,
45105111-be26-4b02-b5aa-198e8c0e2d50,2021,106996,
628d49e4-a9f5-4ac2-ae93-62a9bde46287,2021,106996,
924c13f8-8cc5-4e5c-8b6c-550fb3cb1215,2021,98595,
3277a06e-0722-47ab-93ec-5532e89ee8d9,2021,97443,
46564e7e-d542-46d7-80a5-f657204ddf96,2021,98595,
cc5637b3-d47b-4484-92d9-7887acf720b7,2021,114616,
787e899a-9372-4ff5-be77-de2cdbd7f6f8,2021,114616,
0fae1eff-838a-4dc4-8862-032da9032e87,2021,114616,
f247b62d-f43a-4b75-991c-06ea01dd877b,2021,114616,
6e7ee79d-9c63-48bb-a486-5e2b3a03f61e,2021,114616,
735ea20a-ecda-4650-854c-6436225ad049,2021,114616,
32c59b5f-7980-480d-8dec-7ee7fc4fdf29,2021,114616,
36c65500-1c73-436e-b979-aec1eb937f84,2021,114616,
5a17fabc-c27f-44e5-b709-29d694db4764,2021,114616,
5461f869-c372-49d6-a15e-4c8c17dfccb1,2021,114616,
646398cb-b5c6-4988-a620-7c80609d388c,2021,114616,
ec155db5-7b8d-48bb-a989-6b9db29cec49,2021,114616,
fcec2d0d-8e77-4eac-b2eb-5dc675c1171f,2021,114616,
4489a762-db45-4b17-b6ae-4ccc96d4d29f,2021,114616,
641bb9aa-56b2-4402-bb7d-0c93bcd368ec,2021,114616,
1b6d87c3-f956-4b0f-801e-aff710108f15,2021,114616,
289bc497-1fdd-4ee9-bad8-712c8b3eb17e,2021,114616,
a64a0942-672a-4ed2-bbc4-f941bf55c8d7,2021,114616,
06055d12-41d7-480a-a152-a0b3f4b57dba,2021,114616,
25fb1d51-2732-4c86-a727-ab6df139e867,2021,106996,
842d900d-82d5-47df-b59b-a6685dc8d791,2021,94455,
3a566d1e-f1a9-445e-b31b-4546bc88cbe3,2021,95175,
d11708ca-5f53-4031-a10c-5cfe04dc7c9c,2021,95175,
d88e7890-5c62-42ae-8b25-b21eb55fecb6,2021,95175,
f7dc9179-eff3-48bf-9e78-6900f79ac28a,2021,95175,
f22692c8-d65b-46c0-a669-68e27ed30447,2021,95175,
67cbcc62-20c2-4d6c-b936-19c99aa1488c,2021,95175,
fa245898-04e8-464c-a56a-839c49c193d0,2021,95175,
492d599b-4388-4090-9678-02a550a36f91,2021,95175,
01004420-a4be-459a-a7f9-86934a0531bf,2021,95175,
d8df772b-c05c-4845-9cc5-0c20da77446c,2021,95175,
38e2855b-7eb3-4a82-97ee-e55b0ab0093a,2021,95175,
81fd3370-64ce-4faa-8221-a40fe8586d5e,2021,95175,
756cafdb-e31b-4ffb-97e9-e4e82992b063,2021,95175,
5e83f4c9-1e49-4486-92fc-19df8cea3bec,2021,95175,
85437c67-a5fe-442f-9a85-ec9d674022ca,2021,95175,
8fa0f430-5813-4f67-a824-580bfc535602,2021,95175,
c278ad1b-ae49-4af5-a1dc-b7d978509532,2021,95175,
40174547-6f15-40f5-812e-2dd12298e763,2021,95175,
3f87739e-a0a9-45a4-aa05-854da7bdc2cb,2021,95175,
30f455d5-9341-4216-8543-1a2c1724b962,2021,95175,
1149590f-d6c0-418d-bf72-f5ab480234dd,2021,95175,
fbad630b-a479-4fbe-bbac-dfdbe588a263,2021,20009,
10afb8bb-a28c-4dd4-bdd4-b488f760ae41,2021,20009,
1466bb27-3392-4214-948e-9d80bfa23b7e,2021,20009,
f09ba515-fe1f-4a74-802c-737aeaf770eb,2021,67092,
a3cf6e2e-0a5b-47c8-9aaf-dcea366e49a8,2021,1283779,
b788599a-c3ac-40bc-8320-27c7c1b4dee7,2021,98595,
a2c482cf-12a6-45dd-be4b-fb84f68338e5,2021,98595,
9fba73bf-1bf8-4612-b4e0-36b01a7461c8,2021,98595,
38924536-cefe-4cf0-b775-ce94dd2cc43d,2021,98595,
f5e93027-0452-416d-92c2-682c4508fced,2021,98595,
543dd130-2405-44b2-a452-90fc53d764f4,2021,98595,
5189d034-5a07-4630-8b30-6b50270322f0,2021,98595,
ce859db7-09e6-4a5f-9a0e-6ee00eb712d6,2021,118994,
25e12092-667a-4721-9259-15627a3d9bfc,2021,118994,
9d66e9a8-8c78-4840-bf31-5d4f41c9bba0,2021,1376181,
9a60575f-ba05-41b4-95ee-36a8d2493c1f,2021,68930,
a90e0949-da52-4a3b-8048-6a025543a91c,2021,98595,
09ff31c2-96bb-47f6-9c19-7aa64a69b850,2021,5000135,
cef51929-aed6-44dd-b8ed-6a21f96bd96d,2021,5000135,
80d17dd6-818e-4402-9f90-0329275c2bf9,2021,5000135,
26c0acd8-3ab3-4bfa-9906-3f93ab99488a,2021,5000135,
1b3d296d-b678-4a2d-a149-da543576a11c,2021,5000135,
ef157299-4402-4b01-a771-4745c137be98,2021,5000135,
3d4f67d9-d4b4-477c-ae10-22e03ea8f23d,2021,68930,
17dffe61-6669-4fcc-907b-31f30d9c0129,2021,1322390,
1f3ba968-d954-434a-9dbe-469834d497e6,2021,1322390,
d4516cf1-5248-4102-8c51-b6340f90c49c,2021,1322390,
beb9dd0e-a0ec-4d6e-b133-a105ea5b13fe,2021,1322390,
3ec66cd8-6769-4de1-b3df-0227331150e8,2021,1322390,
9af581db-d33e-4229-b43c-a173b1e2f8e9,2021,1258063,
8eaeffdc-6a3e-43b9-a3fd-3673125b760b,2021,1258063,
cb47e631-0c47-4181-bb65-307643a2ca5a,2021,1258063,
e677a363-1737-4c73-a10c-013c7f36feba,2021,1258063,
34c66b38-6de0-43e2-9078-6da62d82e888,2021,47505,
886c9c98-93fc-4dab-9566-848219b6316b,2021,47505,
78ac1895-f8f8-445e-808d-7c53f7dde31b,2021,47505,
35bd4f9d-256b-4105-bb3c-0f29280820e4,2021,47505,
9182bc16-9fcb-4940-bc47-727bf185193f,2021,47505,
d7e3984f-ea88-49ae-b79d-2066948c5b81,2021,47505,
b073c8b5-43e6-47ed-99d0-f2da3be3fb94,2021,47505,
7e9d0ba3-e77d-4212-bfb3-d193d59e19a1,2021,47505,
a992428d-5f99-4801-ab40-f005cba0d588,2021,47505,
9cf658fd-d829-4524-aca6-0387e8875910,2021,47505,
4c2ac91c-5576-4593-8f4a-478cb4835564,2021,47505,
e1b14fc8-07e3-42d3-a7ff-742ddea3c29c,2021,47505,
13618b3f-dda9-4873-ae00-e067f4b590aa,2021,47505,
5a5d160a-99ae-4fad-94fa-b4c461287339,2021,47505,
60f4c3f7-4f64-4848-b212-ebead611259a,2021,12025,
8e0892a4-51af-4110-b49c-c69f566285a6,2021,1101244,
81426595-d3dd-4265-9fcd-5b88bc4b756a,2021,1101244,
686327a9-6c3b-45d5-b250-319cfd926054,2021,12025,
08d40b26-0d4d-4fad-a9aa-f422824c7aab,2021,12025,
b939ba0e-6118-4715-bd3a-d1f21043baf8,2021,12025,
7d0af32a-8bb3-4ad7-8f07-9489b531a847,2021,20239,
16af0f8f-7e80-4242-8557-3a54390c1b35,2021,20239,
c18ff18a-1702-4759-ada2-5b9b6d691d04,2021,20239,
77f9f448-2fa3-422d-baee-8761aebc8b74,2021,20239,
2546c68f-cf20-4767-a8a6-74f752166684,2021,20239,
8f2137d5-54af-42d3-8087-0e55bc914b31,2021,20239,
114b603c-a9c9-42df-bdf1-01cd263e2481,2021,20239,
4799a521-c3fd-4eff-b37d-306af13d27b1,2021,20239,
e7dffabe-923f-45f0-8be4-af81cc789f05,2021,20239,
a1b15d74-6e9b-449c-bedf-156094b9b1a0,2021,20239,
16143a8d-7ccd-4ba3-bce3-18b4c5242f2f,2021,20239,
97c44cbf-75f2-47e7-870e-6017677d8804,2021,20239,
06078786-8495-4f73-9932-bef3c2253a6b,2021,20239,
4bac2565-022d-4274-8824-127365bc7952,2021,20239,
73f9f067-bca5-401d-88e3-6f38a070e636,2021,1190071,
1299ea35-0b81-4a1f-a31d-7bb3f681b6c8,2021,1190071,
4f70d509-103e-4272-8c90-1d38baac6d1d,2021,1190071,
3b629a24-7706-45ad-9a74-57f4de1c2677,2021,1190071,
29c2d761-cf96-4e27-af21-9a5fa005582d,2021,1190071,
65ada9e1-7827-49ce-a9e3-86628b3114a5,2021,1190071,
9058b2e8-d54b-4cba-88f5-abd27dd61b7f,2021,1190071,
b92af2ee-b3f9-47c7-a0b0-9e6f73e26b29,2021,1190071,
e199dc28-d68c-4cbb-b850-28afe09a4f01,2021,1190071,
0cb171ac-af5b-4f40-b7d0-a3da29c7609e,2021,1190071,
9720b27a-018f-47d9-99f5-2bead7911cff,2021,1190071,
4e6fa805-592c-4c79-96bc-01936657b0d7,2021,1190071,
bb00cf27-605d-42da-ad5d-1110a747f511,2021,1190071,
ea5a6fbf-b92d-4760-8e5e-f9c139856f13,2021,1101244,
7626c3e9-5e4b-4c96-b3df-3a3426e052c1,2021,1101244,
5bc7cfdf-f4e7-4b80-a1f2-302a4896cc82,2021,1101244,
b52e6505-6034-4ce0-820c-595b35b2ec72,2021,1101244,
ede7c65b-c4db-4290-8cda-ab34129b6d32,2021,1270596,
c98e91da-a577-4dc0-8f7f-0af93f91e319,2021,1270596,
0cbd1833-a5bc-45ad-9eed-c6c1fddba85e,2021,12025,
8b0c711c-a380-4df7-8e36-c71245e63219,2021,49071,
0353cadd-da76-4643-a5ff-4732ccfccfb6,2021,49071,
4177b429-b977-4899-a68b-7e5c7cc659b4,2021,49071,
cf51d50e-ecec-40d6-bd5d-756ed0b3b750,2021,49071,
edb16a66-4670-48bf-b4cd-83717c3f7334,2021,64664,
d868caa2-d9eb-4f7c-9a1f-4853a1a3b286,2021,1270680,
8502a38a-318a-4015-8ddf-18995c01853c,2021,64664,
fbbc4f82-9741-4e7b-8af8-d7368fcfa74f,2021,60886,
0f2ece53-369c-488c-b772-9fa6211d604d,2021,60886,
23f69eb7-130b-493e-9f31-2ad5b2ba3dfa,2021,60886,
7f17a061-d693-409b-94d7-82cc2081a949,2021,60886,
074838a5-4b81-4546-97ce-736657e04570,2021,60886,
f2d5c4a8-cc01-4fe5-9497-d3ed9e951c7c,2021,60886,
83337e61-8e5d-4698-841d-515a7dddd07f,2021,60886,
f55fc5ee-cfd4-44db-afb5-cd4715ac52b7,2021,60886,
1d8f5902-839d-4f43-8800-406416b97349,2021,60886,
eb1d3a7d-63e0-42d8-8b32-ebc49b9cfca2,2021,60886,
80a2ac14-933b-42f4-b4d4-f64968d06d6f,2021,116770,
a166fc43-55bd-4a54-92aa-8a8c28f5bdcf,2021,116770,
75172e2b-e3ba-4e16-bb29-96bae0a2a4f0,2021,116770,
1f3cf0b0-6909-457e-be83-e22c71a25573,2021,116770,
071dd6fb-e5f9-4fa9-8b06-e44e02e1af8b,2021,60886,
8e0c4219-b141-4bb9-9406-54d84da75322,2021,1139692,
7fc35c0c-b3f0-4258-9a40-93477585ae25,2021,37862,
e595c1eb-69a7-4b3a-8164-bb877ca9ddae,2021,37862,
d71ce090-c356-44db-a89f-05f90c6410b1,2021,9414,
76675419-ecda-4067-a0b1-fd11bb8af74d,2021,37862,
97873c29-0dba-440e-b54d-1610e00b657b,2021,9414,
c86ac61d-5906-4c67-a886-6d1147c962bb,2021,37862,
53bb8d06-f402-4bc2-93fd-e34d88d0e432,2021,37862,
d964c2f5-203f-4c8e-98df-e59c6a28a960,2021,37862,
7e59d3f0-6c1a-473c-a69e-8c63239ab850,2021,12025,
ea9c332f-a325-4df6-ae15-951e924ae643,2021,1473699,
c879e6f4-eb7e-45ec-b045-ab7a77c497da,2021,106167,
c5bdca55-8e5b-48d4-865c-fa1c3622ee00,2021,1166783,
646963f1-6b53-4559-aedf-50752bf73014,2021,1166783,
386bc94c-6f2a-413e-8298-3773a053943b,2021,1166783,
2e415eae-f9f9-40ae-894a-c4e7e8513a43,2021,1166783,
06c95a73-6543-48a8-b7dd-ff572e163285,2021,1166783,
e46eefd6-46ce-4d18-a44d-5e954fd11482,2021,1166783,
87235afe-4f06-4f3c-96cb-6384f0a8a769,2021,1166783,
8e36b28d-988b-408d-b10c-d1538e4fca38,2021,1166783,
6d83f846-1178-421d-9f02-d2ad6a07d21c,2021,1166783,
b47b7dc4-04cc-4470-bf3d-0a817d925d35,2021,10515,
6927d101-757a-4e3d-850a-076f54a1ea77,2021,1330347,
ad5ba6d2-0efe-41db-b760-c6ff6591a5a8,2021,1330347,
44daf7fc-fa94-448b-a63e-0a11c2d3d727,2021,1330347,
ff821e42-694e-4122-a388-7ae71ef45957,2021,1330347,
a94384e7-ad8f-4908-8396-530342debfa8,2021,11452,
6cbbfecd-2b83-4c5e-a9fb-b5a88565682a,2021,12313,
9d1a60c5-a37d-4c25-a73c-4d159ce57639,2021,12313,
28a84e2a-2071-4b7e-8ae8-558f6b33f174,2021,11452,
d2f70fed-b9f2-4e69-b78a-1567bd19fc16,2021,5000951,
3ff73a88-363d-47b4-9ba1-7ee2a3f4c3e9,2021,1181115,
f9b018ee-8e06-4172-99ac-d8420b76bf0b,2021,113813,
ea74beb5-3ce8-49a7-9bd1-5a5591ca89eb,2021,113813,
a2b06baf-fc28-42b4-8e6d-01d4fde9720f,2021,113813,
c1391ca1-ac2a-47f2-bceb-2bfc8474a711,2021,113813,
0080a0fa-be6c-4dea-a8a7-87022cf47b36,2021,113813,
f841844c-229c-4389-b5b9-ee978ee9e7c4,2021,113813,
9770b802-77c5-49a1-a185-0868dc0a8e89,2021,99406,
6ad7bd71-cb3f-40eb-a23b-f1085abba219,2021,99406,
f6ac4c01-83fe-4b07-930a-dcf62daee93a,2021,99406,
29bba10d-b879-47bd-825e-9e73a99e707e,2021,99406,
56754f19-f3d4-475a-b05d-8acf7a2cdaba,2021,99406,
1609e6e7-a5b6-4bfa-ad22-a695f1317ae6,2021,99406,
9cd30ad2-c436-4bde-bd4a-1150ffab17ef,2021,99406,
96760589-0c44-48aa-9cdd-93ebb75a50cb,2021,99406,
dc01a0f3-5c7a-496f-af3b-9c36066c07ed,2021,99406,
a9c52d7a-7ef7-4295-a5e6-e0eaab589600,2021,99406,
385ead50-ee43-4b5b-9747-85b72a892734,2021,99406,
4e6abec1-5973-4956-a6a7-d4f9984c5caa,2021,107920,
99edf733-b5b1-42da-a86f-c6af1725f831,2021,107920,
1d919b61-3be3-4219-a9a7-b0dda3d84a36,2021,107920,
974f3617-4c4a-47d3-bf5d-1e137e11b732,2021,107920,
76043b2f-8bd3-4036-93e9-3404a0a282e4,2021,107920,
4bf6cdb5-a552-4bc3-a152-9063f065dda8,2021,107920,
b21bafab-f42a-43e3-ad1b-0c5854c52d90,2021,107920,
930780ee-fb6a-4fbc-a9f9-9a18823c8314,2021,98764,
eb91b5c4-3664-473a-b5e0-62be4ab3a6b6,2021,98764,
496960c3-7f99-4c6f-a669-d3dcd41ad531,2021,98764,
9c9f4494-3753-4ba3-a65a-d05d2fe857d4,2021,98764,
b2b74269-f8a8-4498-ad20-50b4740a08fe,2021,98764,
e0e03942-cea5-4ec5-b241-b269a0bd6e98,2021,1118057,
5424943d-1e29-47f5-9692-154340ae5a7f,2021,1306689,
ef19b455-814c-4727-8ff1-3f584532c680,2021,100654,
ee766d9d-bb78-4190-91ed-5c1b75f7e543,2021,100654,
2a1e65fe-2da3-4b9e-a2dd-b91af92c06b9,2021,100654,
7512bd6c-9222-4365-b050-a25045b5ffed,2021,100654,
ec94e2b7-9b3a-470f-8879-a3dce036913b,2021,1306689,
ba3ad2e2-e78a-4839-bfa7-0f0d48cc1ef3,2021,5000135,
e6c7009b-ac78-4d39-be22-25d5e2b114f8,2021,5000135,
3668137b-9e61-47c0-8909-42be51ec878b,2021,5000135,
af963b3e-cfaf-404e-802c-4431bbb77866,2021,5000135,
abcb168d-610d-4e40-a76e-a71ae55e5379,2021,5000135,
4050b903-83d3-4894-8c90-e9bd28c7794f,2021,5000135,
1d7801af-409e-471f-ac4a-350fa81b658b,2021,5000135,
264c8bda-f857-447f-99aa-c27f49c13d97,2021,5000135,
3d1f0736-9a26-4657-95a8-2735f82d477a,2021,5000135,
ea99e8f4-a2c2-4b18-849e-fdb72dbf64d7,2021,5000135,
c43cdc55-af26-4d03-b19a-91b1d6eaaf13,2021,5000135,
c8b7dea7-5bb7-4d43-9de2-b83c6aad216f,2021,5000135,
4460ffbe-fc39-42a4-a841-438633262716,2021,5000135,
baed083a-54b9-497b-865b-b299f5076476,2021,43664,
a71e0616-6303-43c5-aafc-7dd471eadc30,2021,94762,
39157d96-bd12-4301-9e93-3439499fe62c,2021,94762,
b41d54e9-7709-41bd-9cf0-9f0782fc7574,2021,94762,
1b95b743-178b-4583-b68d-6e287c69ce4e,2021,94762,
78cdfe2f-406a-4b24-bb74-c2de9864b4bf,2021,94762,
8f92281f-1e14-47eb-ab6a-4b87e4be3523,2021,94762,
097a943e-1bb8-4093-9017-3050ad0c4861,2021,94762,
43c1c199-f95d-471e-9135-d68641a9ba89,2021,94762,
052c49fe-8e14-4994-9f24-4fec990604a9,2021,94762,
b9fec1bd-6ac1-40a1-97a8-33affc4f76c9,2021,43664,
612c0582-859c-4e63-a856-ca92884f7f29,2021,43664,
3b9a4ba9-cd08-46c5-9d91-81a3f865a280,2021,43664,
e43bd199-bd1d-43bb-8745-a282704ef4b7,2021,43664,
4d0a1821-0f91-4037-a923-87ebadbab90d,2021,43664,
9df508fb-2ae1-4814-926d-448a506e8553,2021,43664,
93136bab-5adb-4a9e-8299-0e89d83095a8,2021,43664,
3bea66c9-3547-4b5b-a4d9-55d0cb39b8b5,2021,43664,
ffadb77b-ca4b-429b-a3a0-73f6b4d3fa11,2021,11730,
4182fed1-6206-42ba-b97c-48e9592a74d7,2021,2209,
923fdff2-cb05-4729-b83c-f1651b102491,2021,2209,
eee61004-e4e5-46d5-a123-5f63c4eb3455,2021,2209,
74e9a997-ac1b-4b3a-97dc-805bc25e6dad,2021,2209,
1d5533f9-143e-495c-9657-2d413bb85f28,2021,2209,
3b23030c-432d-489a-bdcf-cc6170ab2187,2021,2209,
9174970f-c176-4ee6-bf68-8a4294e981f4,2021,2209,
4664843c-9dad-4c66-a42c-824343c0b145,2021,2209,
1dcc5c6e-d271-4cef-9827-c29a3c07d193,2021,2209,
980e790e-72c2-434c-b016-a20b99a99c71,2021,2209,
44728b99-e49a-4134-ae12-c513e3895a30,2021,2209,
3bd6b405-3217-4207-ad67-2159e6bc4ab5,2021,2209,
1b0dd366-110e-4914-b23d-04fa9e274761,2021,2209,
1f4c8621-f49f-4c1c-a223-2ed378a85a8a,2021,21464,
1283883b-a37a-492d-bed5-077e2af83fdb,2021,21464,
c94f64e4-8b96-4d1f-a4b0-326c84d785ef,2021,21464,
09c1682c-8b08-49d0-94cd-d6e950ed8700,2021,21464,
6853547d-0979-4546-9850-6d064cbbde94,2021,21464,
bf58bdae-642b-4cee-a07e-3da82e29bc3a,2021,21464,
0f9d1560-90db-424d-8f85-1358cc54cf0a,2021,21464,
cf319b68-f9fb-452e-8e5e-5195782d0c76,2021,21464,
8a286ba5-a742-47c8-9b08-a9d03d05e1ad,2021,21464,
b32be64b-451e-4b72-b7ff-7ba4fa3b107f,2021,94762,
120aed59-d540-4515-ac57-76d93164bd00,2021,94762,
b9b1a3af-8cd5-4dc2-ae28-883e2f05b237,2021,48675,
376ff5c3-9d5d-4cfa-a615-b41555a868d0,2021,1042278,
bbf91c51-7fed-4c30-ad50-b0fa7e07c0d6,2021,1042278,
00e3cc42-15a1-469a-a97e-e36fe3560ffd,2021,1042278,
b14b26af-e193-4932-af7b-2abb31416f9c,2021,1042278,
3469a2bc-2b72-473f-be15-a4d385a15e36,2021,1042278,
c852e5b2-421a-41e9-ad43-1671c3978244,2021,114616,
96706d2d-c795-45c6-8fc2-0617d9802660,2021,114616,
e16dd9b5-01ef-4638-b66f-8bc6ecacc417,2021,114616,
29b039e8-b1d4-428b-bfc0-56ab3101fb86,2021,114616,
4af8ea54-7c88-4d73-8bba-f72954bc8eb4,2021,67601,
da14ec15-07fa-4334-a64c-c82ec167d701,2021,103062,
b57b6e38-2815-46ee-98e4-57fbd9ecda82,2021,47051,
3a2f85bf-77e5-489f-a802-3c2fd4391d2a,2021,47051,
37be12c6-28ec-4b6a-9835-2e98dd54ded2,2021,47051,
6eed5e57-90ea-400f-bb61-cf42d80bac54,2021,90030,
35c62b9a-adbc-44a7-a2cf-6a0743c95921,2021,22061,
1b29c635-087e-4984-b0bc-75e15fded886,2021,83388,
a55b5cb7-1bec-4710-916c-f56de202fdf1,2021,17886,
25b248c0-2df0-495b-8258-a559c5d10ff4,2021,17886,
29285091-3f45-4a78-930d-ecbc7bf2d618,2021,17886,
c546fd6b-9fd4-4141-8160-b11f66cc1669,2021,17886,
cb6bf91a-6d6a-4240-9804-7ceee886be4f,2021,88084,
514f35ab-00e0-42ea-8d2f-6a4a9145809f,2021,88084,
12ff7bab-611e-48c0-9cca-f783e9a3527b,2021,22061,
7a189e25-4d1d-4e7d-842e-27925fd9bcb4,2021,17886,
83d0d91f-6904-4f8f-bead-8602341b248c,2021,107920,
e65de524-bf03-4b9a-bd7e-6095f6b248a2,2021,22061,
c88b9c69-b2df-4d2f-8dc9-eb5089e67238,2021,9425,
97d1fd44-2104-4800-ab43-6303b316baae,2021,48993,
57393922-8e47-4c23-96fe-2b35e40058a1,2021,9425,
1c6a66c7-1659-4fae-aede-10de84d64624,2021,9425,
f1f8ba0c-5980-4102-9fb8-ba031b0766b1,2021,9425,
d372caf5-1490-4524-a579-749bdfaefdf0,2021,9425,
cf3c8b53-85e5-41a8-9db3-867f6b59d0f3,2021,9425,
37c09d50-7a27-4468-bb43-5c93f5165ab2,2021,55777,
71a99c23-1bca-4d0e-bce9-9ac7d8287d28,2021,12313,
222f4f4b-0df4-45b7-8b3c-9b5b454e48f1,2021,49054,
3a2a7bbc-7173-425b-9187-7edf644b1105,2021,49054,
2499eb93-2c38-4758-b6ea-5077999eabe7,2021,49054,
d0a9ed7f-21e0-4a18-81e6-ed8f45aeedb0,2021,49054,
ed1c4ec5-71f5-43fc-bdf2-cbea68f5684b,2021,49054,
c923a18f-4cc8-42c2-9c00-c11b53fc70bf,2021,49054,
37f2e76e-78f0-49e1-bac5-38b91fc8e4b6,2021,49054,
42d4ff7d-8be6-4853-b33a-b13448f2930b,2021,49054,
a86dfdfc-ee45-4d32-91f8-8f85cf4bce7c,2021,1306689,
6763ea07-4a0f-40aa-a9c8-9cedad8ae3d1,2021,968,
0e2885c7-3825-4648-8612-f922c6cd2a80,2021,968,
f1874e45-50dc-4e84-acbd-8c0b1d66d1e4,2021,968,
1e03acd5-c5b1-48b6-9247-b7f24620ae3c,2021,90030,
29db930b-c5e2-4dc2-a567-2abbb1c68649,2021,94762,
265b1f7f-d09e-4056-8c28-85aa1bd1e299,2021,317,
78bb844b-533c-4a5c-9602-98a45fd35b7c,2021,317,
7cfa365f-3e37-4314-b571-1d1c2fea80c9,2021,317,
2d8b22b6-cf24-45f6-8840-6eb442bf5554,2021,317,
b94e082d-3e7c-4480-8ceb-cc9458a7e34c,2021,317,
a771c467-8919-4b04-b2c5-edf72c743e65,2021,317,
367c7d03-31d5-49b0-b5f4-e8b5c581b3b1,2021,317,
c5bf1236-ca49-448b-befb-9a8db7222422,2021,317,
d1dfff83-5c16-4adf-9556-6413ac142b03,2021,317,
8f5a3ee4-31af-4162-af64-1e963b1b28d2,2021,317,
2591344f-6732-4213-b5f0-6f558d001e15,2021,317,
bb7c95a0-14b1-474a-9454-0351e0eb5728,2021,317,
3ca392a2-1d54-4f64-9fca-2c412d7c97b2,2021,317,
2b4d32dd-e8fb-423c-8cf1-07c94a709325,2021,317,
a4a0d24e-b384-4262-a8c7-1c075472bede,2021,1102628,
7959d520-0390-4328-aa11-7fff0737d63d,2021,94762,
05d803f1-1d53-4408-ac14-1e78a9b3acc5,2021,94762,
fa236128-2199-45bc-a3b4-81accd65348f,2021,94762,
17bfde4d-ac80-478f-92d5-e7d42bf20fce,2021,94762,
ed71d21c-9a69-4570-a731-11140b642402,2021,113687,
e46e1cad-8ef2-4eaf-a4d2-e10037904595,2021,968,
1eb0e5a9-7c9b-4376-8d25-0224a41c3ddc,2021,968,
ef2945db-c597-4698-bb50-f1b50813966c,2021,18683,
77ba4708-a9f4-4c31-a194-6de74b43724a,2021,18683,
a640c150-4bb7-4b20-be19-109c924e0935,2021,18683,
49a75803-c093-4d29-9f54-067399c97915,2021,40343,
8512979b-11be-45d0-b521-d74cfd6cdb39,2021,40343,
9cefe238-fcc4-4c88-b61f-9a66ba411c15,2021,50082,
02916682-2fdf-4e0a-989f-172f15e91c89,2021,50082,
60599426-1f3f-492f-b441-0910e2a19b51,2021,94762,
ffc0d8fc-e7c9-4a44-af26-041815ba9c1a,2021,20009,
b081c307-0bf9-40da-b1ad-3a22ca9e3719,2021,5000951,
94deb042-05ec-4b70-9fc7-1cb196076a5f,2021,1118057,
38fd9baf-500a-44bd-b69f-988db9f7709e,2021,108660,
3ae14f95-2f96-447c-857a-62265e0778be,2021,108660,
aadb5f83-1e07-4493-bdea-8ae225407ab5,2021,108660,
ddf13feb-b33d-4afa-91ec-85c34ecb9434,2021,108660,
07c90ee8-e6d6-4a71-88ad-79dc694246ee,2021,108660,
23ee3b7e-e0a9-4f6c-b25c-944bbf40cad4,2021,108660,
d2f8b023-bf0e-4c77-a1a2-2f7a47251a0d,2021,108660,
08f4251a-845c-4160-b413-e680924dc683,2021,108660,
d8ef6390-2b3f-4938-adc6-ac215f8e6f1e,2021,108660,
d11a3d02-4e3a-4ce8-b062-9b540c4f3ccd,2021,108660,
6fc0b8d4-52fc-4484-9d98-bbb6834925f2,2021,108660,
c1dd534f-58a7-4ab3-8c5e-52097bbfc30d,2021,108660,
4de23145-6b81-4265-8286-e351266bacfe,2021,108660,
505709ab-e52f-444d-8375-58ebcfb7c863,2021,108660,
247ae70a-5e28-4cd7-9f6d-b6cd4e08728e,2021,54934,
3f061958-2c33-45a5-ad15-d9dd27fdb073,2021,54934,
f68f99ad-8301-4aa0-96bb-3efa65a342ae,2021,54934,
bd39f527-4b04-4778-a960-1e3b11dcc89c,2021,108660,
d5971b52-be6a-4509-a771-d41a3d2d052d,2021,108660,
4b745482-b442-4fef-a3b2-97fdf72fdfae,2021,108660,
fece3c46-3d16-44d9-b81d-852274b864f4,2021,108660,
47507db7-908c-4e1a-963a-f9308af31168,2021,108660,
13482e80-2fcd-46cd-9e57-097f03027104,2021,108660,
c6ade6aa-c9aa-4267-b74e-d48cccacc440,2021,108660,
0e4bb9c2-c090-4e6c-b4de-fc4b829ef0cd,2021,108660,
8f090ad0-89bf-472f-b343-493ce0599a41,2021,108660,
95c81534-45e8-4b62-bbb7-c053cf24c8b3,2021,108660,
f27a7f9f-e4a5-4a09-9374-3a1cff61adc8,2021,108660,
9790c8a2-6295-4819-8e1e-bfbeb0fe3378,2021,108660,
af764d51-fa1b-46ee-8d48-efd3c3b5ba74,2021,108660,
b43f8ac3-3174-4a37-bb84-90f53e90601a,2021,108660,
dabb6f52-5775-444c-b187-0bf9954fe5f3,2021,108660,
3e0663ef-2f65-4386-a399-bccf6a74e340,2021,108660,
2ecb8bc2-b6c4-4ec5-858f-2b79c69cd134,2021,108660,
3c314830-333c-4ec5-885a-fc5f75d27afc,2021,108660,
b407bdb5-78b6-4e8c-b5b5-2de4686acb7e,2021,108660,
01053fbc-64ea-4c83-bb5f-9667c7101bc7,2021,108660,
5bfa15b7-5dd7-4eab-80ce-8c3062ba95db,2021,108660,
bf00728c-bd9c-491f-822c-2870f9aea551,2021,108660,
27968282-4cf0-4a1c-9004-9832096cf61e,2021,108660,
5123a0c3-178c-46ce-b3a0-ccdb7e944d3e,2021,108660,
2b5ef047-5140-41a5-9395-858916317295,2021,108660,
e89dbc7b-0923-4c7f-b63c-3cd4a5ea3c4e,2021,108660,
e9524c6f-6d32-40cc-99ab-f9e98b0cde4b,2021,108660,
e285e761-49ab-4d29-a0d6-7039a478cd27,2021,108660,
80d9c447-0965-43d4-a0b1-ad8c9dc833de,2021,108660,
f430b53a-d750-4d44-9be8-1272b0e5339d,2021,108660,
03a4bdc8-8aeb-42e6-8300-302dd8d4fb09,2021,108660,
03345e39-465d-4ae7-98af-5841df324085,2021,108660,
09ad135f-6f58-426e-aff7-7f6856770a91,2021,108660,
934b79e6-6d1f-4d8b-b721-d11de34af588,2021,108660,
425b7a6b-8e32-4283-b8c6-bd4ed2e5924b,2021,108660,
c54990c0-2f44-4cfa-a495-c13253edef80,2021,108660,
0d2f174b-31c4-4ca1-8426-3601b2ea99d2,2021,108660,
38651c1c-3360-46a7-acab-7d26017b15a8,2021,108660,
173a7bcd-0cdf-49fd-9987-3505f3ec7a09,2021,108660,
5e312dc1-436c-422c-b37f-d2cb7b87f338,2021,108660,
0f6b24c1-f706-43d5-ba7a-dc0d42cdb9f6,2021,108660,
6d2a2107-0113-48c0-b1e5-003272ee2071,2021,108660,
1b6fccf4-5b20-47a3-a7ad-bf6bd86bfe60,2021,108660,
0e97f871-6d9e-4274-8cee-9c9f2894ec6f,2021,108660,
a3956dab-8828-4aca-adf0-2b4e72d705de,2021,108660,
1d0e9b94-ea0c-4008-a5eb-1d2e347535b1,2021,108660,
c736382c-5893-4725-b4a6-6e0187201635,2021,108660,
4afb9818-1d50-4a35-8680-bd1cc9509ffa,2021,108660,
f2f37499-ea83-4928-b22d-15670e099daf,2021,108660,
5264fec2-d1fd-4761-8d84-9de09562ace4,2021,108660,
8521515b-651c-4e0d-8e38-d7192e22e92a,2021,108660,
88c3a228-60cb-4362-a12d-a4cda8030452,2021,108660,
af5bf7e0-32f9-419b-90cd-acf62b608458,2021,108660,
5a448871-7c73-4676-a04c-8e681ddb366f,2021,108660,
8c53e08f-ba8c-40b6-a210-501f4ef22482,2021,108660,
1e925a82-586a-4e36-92be-c67083813648,2021,1117717,
22bc86f7-52c4-4083-b0ba-e051ca60cafc,2021,1117717,
b013633d-1a56-4ca6-b1c2-47b3d9798093,2021,1117717,
12c538c8-6e49-48dd-9e0b-1cc4f01223de,2021,1117717,
6bd4fb66-e8a0-436e-910b-96bf9bc27514,2021,1117717,
20ec23d4-8352-4241-8db9-ff85003b0b66,2021,94762,
0e599eed-a52e-4dad-9edb-bf1220958a97,2021,9425,
5ea05458-3e0b-4609-90cd-13d986cd34fe,2021,91262,
58bc0058-1c85-4612-9bb4-ae5e6fdf65b3,2021,91262,
cf9c49e6-2b28-4c43-9f30-9c1b3acd26c9,2021,48675,
548ff4a9-158b-44bf-8d16-c46a60f5ace5,2021,48675,
533ccdee-01b7-4861-9401-34f26990dcc5,2021,968,
0ddbe902-6c67-4ee1-8c05-f542bfc31066,2021,968,
3203bfa4-33ab-426b-b1da-5569cb5f73b0,2021,98764,
4b31b1f9-e687-4d18-8cb2-d4eef3490d99,2021,98764,
8b8216ff-b5f9-410b-a090-c478a15ab333,2021,98764,
b1182644-e250-4346-98b9-c2bc2b7a7bdd,2021,98764,
81b56365-ca80-4fc1-bafa-257c9459fa6b,2021,98764,
6b2157b9-30f1-47aa-9261-d85fc2fa3f93,2021,98764,
c621b455-efc6-44a1-9b61-dea438e54b7f,2021,98764,
535b4b2e-063b-47d8-93fc-97b3bcc981c9,2021,98764,
a1a9483b-231e-4f0b-8d6b-6a667871394e,2021,98764,
6ea1bc66-ab69-46d6-a72d-0870c5e321a2,2021,62484,
30efff8c-612f-46b1-800b-8d897c3a8769,2021,62484,
57be45d9-a2e1-4c76-8be6-2abda10bdb60,2021,1118057,
b6edc96c-445d-481e-a060-cd6e4028b676,2021,48205,
f1d94ba9-77c4-4c16-9c6e-c5bdf479a07d,2021,48205,
