id,NU_ANO,CO_CURSO,QE_I19
251e1ab9-5b53-4132-8e22-de703c8ae52e,2021,94762,A
dcc4d622-827c-4148-a568-250f676f19fb,2021,47069,A
af1ea114-b4d6-4a94-89a7-7f28a36767f2,2021,1101244,A
47f991bf-173b-4204-9b49-d51178a54cb0,2021,113687,A
42f2c3b0-a3c7-43bf-adf4-7a92f755de78,2021,88084,A
03fb503b-e6d4-4bcd-9aa6-017bc6588168,2021,101942,A
4ed7adff-f748-4a25-9b0c-0d0f6134b8fa,2021,106996,A
f2e9b17e-aab2-4a01-bc1a-42413a7fc1ac,2021,1265453,A
adc9491f-968d-466c-a994-e9a79d0b940a,2021,88084,A
d9f840d7-9f08-4412-9b0a-dea5aad24df4,2021,106996,A
f7397b4b-3bcf-46b4-8a32-dbc4763f236f,2021,1322390,A
44754d0f-918c-4fb4-a826-4dccffac6c6f,2021,1187671,A
3f49861e-2476-4709-82e5-17da63a1548a,2021,1322390,A
f9549d5d-fbbd-462e-b5a5-f3f93fd74909,2021,91181,A
68981cca-1fb8-4578-849c-7a6621cd2bc2,2021,1322390,A
b6063496-8263-4001-8654-039824355f46,2021,1322665,A
84455758-9afb-4ee4-a133-3361ab32cca7,2021,98764,A
14fc1302-5ae5-4b3b-9059-a747d7ef8792,2021,9425,A
04a0b238-100c-4871-97fd-5d01b3900676,2021,48205,A
de1a8812-8fda-47c2-882a-87a11b082220,2021,1351760,A
54ec836b-482c-406e-96f1-c6c221cb97c0,2021,98665,A
b6b75a40-c3e6-46e6-83f4-81e0a3a32832,2021,108660,A
242281f8-2eca-47ab-a03d-000a39e17d04,2021,18584,A
2e93754a-7a16-4346-966d-5491ed9cf3d1,2021,18558,A
01cc4acc-2a7f-49ac-94a5-5493ca44f320,2021,43664,A
51e12ac0-9b7b-43cb-860f-02119bd8961a,2021,1351760,A
ba76fac1-ce4e-4d2d-af72-a3c9fe027384,2021,74737,A
9a1f594c-8e61-48dc-9528-dee39595a03e,2021,19047,A
c7573dc2-806b-4a66-90e6-f99c2728bb3a,2021,113455,A
ffaf2967-b4d1-4e90-8a9b-fc7b0355f634,2021,43664,A
3af4839c-5bfc-4e6c-b8f2-92890e280898,2021,1306689,A
9121b553-3b86-4e15-a6d8-79ccd1a88281,2021,37862,A
f10a9aec-1fa0-4409-bb15-0342d26ed2e9,2021,1322390,A
088e57be-de0c-417c-bcfa-13f9f5c49b3a,2021,13595,A
426e095b-3d9c-4e09-b22e-9ef29017fd3c,2021,37862,A
10eef07d-f8a1-424a-8eff-521c8323c8c4,2021,1148708,A
22982a98-4983-4a11-a694-89f7e68f7cbd,2021,106996,A
4bc8ee33-3420-4772-bec5-5dba1e92105b,2021,108660,A
ff39da6a-0a1b-4d04-8063-0cd72bb3cd5f,2021,58808,A
d560fa6e-d692-473b-82ae-bb855d70ec25,2021,107920,A
c3f1be56-bb1a-42d8-8046-3323f6a4d17b,2021,88084,A
04f02982-2d9e-4fd5-9bc9-5d5a8eca549f,2021,1136142,A
84693241-d228-4e8a-b796-d207393b543a,2021,106996,A
19af0338-a448-4b67-9d7e-f76c4d3b8c12,2021,18584,A
937e2377-c564-4579-9ea3-a6471bb150b4,2021,1070485,A
f8a6dfa1-bcc5-49ba-be06-9d36e51e1776,2021,94762,A
e51d5e43-f52f-4746-b651-393fba56b758,2021,1351760,A
c24835d7-eab0-4dc6-9a55-19af548a7695,2021,98305,A
975b8ded-9a36-4989-8da3-cf21fcc8f788,2021,13595,A
bf97a43a-6fe7-4345-8c89-66c7f6d08118,2021,58808,A
e08a57e8-2052-4729-8bee-b2575b34f964,2021,118994,A
2b57473f-c758-48cc-8ee0-67d5dcb50cf5,2021,19047,A
b53a6769-a079-44a0-80c2-fa25d6f3f2f1,2021,118994,A
0edb98d0-0065-40da-9f6e-08f2c0247611,2021,1306689,A
8101a10e-be94-4cc2-ad84-ec3b966fc370,2021,113687,A
a1239222-cec9-46c7-aa87-3be5e3b83e01,2021,108660,A
1d4b36d2-3450-4dcf-97e8-2232ae628abf,2021,13401,A
706a1c9e-b9dc-446f-a680-bb000459bcea,2021,113455,A
c71ed8e9-4b52-4919-9b7c-01ed98b6293b,2021,94762,A
9cde4c06-6c3a-4694-93c3-6d14d6b62b8b,2021,48205,A
cba9ec62-8bba-420c-8f8e-3fa78133470b,2021,91181,A
52881ebd-149e-444f-9cb4-16798d51c330,2021,1322665,A
2aec30a5-907f-4e88-bc2c-a11fb2bb51e2,2021,11452,A
0ef0119e-3c6a-49c6-be47-98c149106497,2021,9414,A
9f55747b-4b17-478c-9130-283d0d788a62,2021,81210,A
72f2f066-9fe5-4b0e-9a63-996b37b9c1b2,2021,48205,A
5a97aee1-cd93-4958-87c3-8e129751b4e6,2021,1314243,A
28d9b8d4-5ecf-4a99-9aec-c55c90b2ec4a,2021,968,A
d0a78f2b-fcbe-444f-9a42-27cc652e9f5d,2021,1187671,A
bb74ac77-d54f-49e0-bbe8-77c20d321372,2021,11730,A
08371f43-1d70-495b-8251-acef1aecde31,2021,104360,A
3225edc6-ff90-480d-a9ee-dd882b4f5578,2021,19047,A
94b29d8f-6027-4fe0-b4d8-795bc86c6b82,2021,106996,A
c15803c3-123a-435e-9633-1e9dcdaa81e1,2021,1203177,A
9c25b438-9c85-4f6f-b9b1-c9f9922bc180,2021,108660,A
589a40e7-8168-4134-a2fc-71b622cbb89f,2021,1314243,A
c5601c0c-d22f-466e-baf9-e7ebd31cc79e,2021,88084,A
523d6c46-9963-464b-9d8a-d2390b7f4420,2021,18558,A
87a718aa-5002-4f8b-ac0a-dabcdc0f372b,2021,1314243,A
4a2fb698-98c1-4bcf-9e74-b5a4fc78fcdf,2021,112086,A
e2922313-473e-4180-9677-9b0feacad7d1,2021,117532,A
c3fc92cf-cb4d-41fc-93a0-51299f2b8dd8,2021,108660,A
4ef891cf-291a-43c0-b3ff-e19d8b83cafe,2021,94762,A
b6288e1b-81f0-444f-83f4-bf5570a53988,2021,55777,A
c4a504a9-4aed-4084-92b0-278398ba75e4,2021,107920,A
a846bdbd-b4b0-4056-92d6-7d55ac9b7622,2021,20933,A
45e7b05a-6f40-4011-b80e-5ffe1010473c,2021,55777,A
3789b0c5-2253-42de-b6ca-4ac5da13ce3e,2021,88068,A
a551b086-1a95-4256-80ed-ddaa195e7df8,2021,106996,A
a76658b0-7692-4953-b795-94817e34b541,2021,11730,A
2f18fcaf-67fe-4311-8731-e5d8390e0b3c,2021,58808,A
3020607d-e80f-4a6b-b7cd-9bc5dab62c48,2021,1070485,A
dc64f39c-2601-4c2a-a69b-421b5db1e75d,2021,20030,A
62e0fbe5-ebeb-4499-a095-293e2f71d86e,2021,106996,A
d7eb80a0-d761-451a-a0f4-97acab76c41a,2021,1101244,A
97878085-beb2-4cf4-b0eb-be0836a4c330,2021,1267543,A
1a664d56-9b2a-4a94-bb1a-c3ee9652b695,2021,58808,A
fbd78da0-98c3-445b-8442-a9af191a7c58,2021,1190071,A
a78a5471-9880-408d-bbe3-4bb05a1294d7,2021,88084,A
7d605a71-5437-4c5c-b24a-c1987eb35fa0,2021,37862,A
d5cbaadf-8be7-417e-a123-468249c70e16,2021,968,A
cdb185a8-1d90-4757-9ca2-5231ef570a43,2021,97443,A
6a6cf602-fdac-408c-978e-0268bc8b0716,2021,5000135,A
80600702-bea7-482f-ac63-a5b189917a26,2021,108660,A
40f24b10-2fbf-46eb-bf4a-6bcdc280e4cc,2021,106996,A
ddc82784-7b6d-4a09-94d3-5dee848507d7,2021,1269545,A
1d269b45-bc42-4a12-bc08-962383d60baa,2021,56172,A
d2b5d551-36d4-4580-b863-7d6f2f2bbb84,2021,1117717,A
1ca4bc2d-bed3-47f7-b1b0-a32ed78b4bc3,2021,68930,A
3f2273e0-f6d0-4f42-8ed3-faf5b8573286,2021,107920,A
437d06d0-1270-4c36-b963-eb985d6ac459,2021,21464,A
48ec05f8-54b6-4604-82a8-feb382e2f27f,2021,88084,A
ab80c5f4-1904-4345-a805-46b976e75597,2021,74737,A
95d49ef3-6bb5-4428-b815-af2947495e6b,2021,1181115,A
4f6d0c5b-d96f-4704-80c6-ddeef962ef6e,2021,107920,A
062f8214-b397-4364-90d3-396220f41d94,2021,112086,A
b0f023d1-ae23-4412-a724-c71e3716adcb,2021,1288839,A
47e9dd9d-9b2b-4e1b-9c47-5c9fda1f9240,2021,5000135,A
64dff846-c6be-4be4-9c26-979771e29a3c,2021,88084,A
a88ab0fa-5314-4955-bd43-d6bc789305dd,2021,41238,A
b159e8db-f290-4edb-9b66-e3ba4f3fe571,2021,13446,A
61ab2eac-7aab-4e44-a42d-468e28f44673,2021,11730,A
fed12ba0-9a40-419d-91b5-3dc3ff7e0ac2,2021,1070485,A
a257ed49-768d-46a5-a261-cafb88d8b51e,2021,83388,A
8b379cec-73c6-47fb-8c34-382b1c817e64,2021,1376131,A
d2294331-af5f-4f3f-abf9-d406fbd82d81,2021,1265453,A
1ba1251f-dd74-42b5-af4c-c9ce3457c6b3,2021,106996,A
273669cc-0625-4aaf-8a8c-5aa0441fe4f5,2021,37862,A
1279af66-f5cc-42c4-92b3-b55d0f158066,2021,968,A
b6e5488a-92da-4f5f-b3b3-d09b32319c1c,2021,1270596,A
46efc1b4-ee5c-4b51-885b-b19f77bebc4b,2021,48675,A
c06d642c-f8c7-4a8c-8cf4-f6f252f8013f,2021,37862,A
ae4913cf-082a-404e-b609-e665b30e95ad,2021,5000135,A
4d188ae5-72c9-4d99-b0a2-1a7f3b27b58c,2021,1190071,A
be693047-2b5f-4b77-a0f3-baec5c4f4bd5,2021,47051,A
7366bff3-7b0c-4bf9-a97a-986a691c875a,2021,103062,A
aa7aa6a9-4d8a-4607-9123-167295649331,2021,968,A
12d47a6b-33fa-4937-8a54-ee8cb48b5ed8,2021,1101244,A
e52f7db5-f44e-404c-b233-545696bd8be3,2021,5000143,A
2bb1e322-d0dc-416c-b190-5b36c6cf9802,2021,1318224,A
8091dadf-b8bc-41ce-a329-a38d93b90b0a,2021,968,A
4b54d5e3-9f69-446c-b744-8a34185901a1,2021,1376131,A
31eeb6d7-ef21-47d6-84da-aa70f512d87b,2021,101942,A
1999b586-6a4b-4335-8f6c-745bcc5f400b,2021,318882,A
ef4be5f6-2f9e-4bc9-ad48-f85280c77bdc,2021,1181327,A
b91648b0-157a-4c99-adb5-49ab3c584621,2021,106996,A
3a0aafd8-76e8-43ad-82a9-f0b4b1b8b57c,2021,95175,A
beb905c7-1f2a-432a-9a9b-54e0f1e77af8,2021,47051,A
1d89b542-f05a-487f-b53f-fa2d67a9b4ef,2021,47069,A
3611c9bc-32f4-4ca4-9c34-5bea02c7c90e,2021,20030,A
cbc130eb-74a7-43e7-b99f-8c5df3a3e486,2021,1190071,A
456996c1-7123-4a8c-b177-201182b7ad5b,2021,1148708,A
6111f8d4-48ae-43e5-a602-70e8c0e80396,2021,106167,A
ba4d1b05-c001-4782-ba64-b67ec997ca95,2021,11730,A
e37a7fd7-21ca-43b7-89e4-e0d19d70f636,2021,13446,A
fd47f54e-ea6d-49e4-a4f7-ec474222dc3c,2021,5000135,A
ed0fb695-a879-491b-ad6b-e6fbb0544816,2021,108660,A
f57c93ca-a4f9-4745-b532-833c061c38bd,2021,101830,A
afbea031-357d-46cc-aa0a-6ff816fecd5e,2021,1376131,A
faaad24f-ff4d-437c-b458-bb123dc096ff,2021,40343,A
88ccb78f-a285-4a85-9492-0221af1cc921,2021,98764,A
acb5c3cd-ba24-4cf8-849f-4e2afc89e179,2021,107360,A
537eb294-1d68-462e-8ed3-001df89e0387,2021,18584,A
6cc1f233-1566-4bbb-b074-3571cb2ae7b5,2021,107360,A
81c565d7-8f13-492e-a269-504e5331f604,2021,1190071,A
96ec0b9c-de3d-425c-aed4-9996c76606b2,2021,118420,A
f7c5b15e-384a-46fe-b186-6f95eaf3e9f5,2021,37862,A
680a28e6-3ac8-4cae-b0bc-01f45ffaa13b,2021,1318224,A
6b85a432-df2c-4b9c-a110-9623ccea4b4a,2021,1322390,A
7bb53951-8e76-413a-ab8f-dad5fe24a53b,2021,98764,A
4612ade8-ae27-4dc7-b61b-f693d408f057,2021,19042,A
f15fa2da-4a82-40d3-b6fc-1b66ad7a9437,2021,107422,A
510fb135-0fcc-43ca-b1a1-7ad14de99295,2021,74737,A
caae0452-92ce-4022-9235-9129eac3c978,2021,20030,A
0ddd01a4-beeb-4a38-a1b3-00bea75785ac,2021,117532,A
678c1faf-6ee7-428a-9901-ee15bff0255f,2021,118994,A
df77661a-38ca-45be-904f-e254ae26145d,2021,94762,A
9517f20b-b610-458b-a9b0-608c3fd7b2f6,2021,20030,A
2567c80d-8a95-41fc-b033-f3a91db95e5e,2021,68930,A
d2f9f83d-0f45-49fa-9980-2bc8ccad72ab,2021,108660,A
a699eb74-9798-4c5f-97c8-1794a3ad6f9f,2021,108660,A
d7857adf-e8a0-4101-bc91-d06f223a1c62,2021,1330347,A
fa7a7cd0-5c8a-416e-9a4a-32eead1b3c0a,2021,74737,A
6c6afb20-58dd-4dba-9701-36feda280cf5,2021,90030,A
7c3dfce2-47b9-4d6b-86bd-8bb437939caa,2021,11452,A
474893ff-0b9d-4eff-92a3-4ebb38bab903,2021,1132918,A
27e127e2-7be0-49a4-85b7-9e2bea5f99d8,2021,73519,A
0037f45e-cb34-4503-8f0a-6490acb67123,2021,1283028,A
b27da5f3-2175-479e-a4bf-7373bb49de70,2021,101942,A
edc63d39-5d47-4b8c-af29-0974b369cdd5,2021,37862,A
22a333ba-a33b-44b6-a719-b0350d1f1973,2021,94762,A
544fe988-1475-49ea-af17-3e8c47c79fdc,2021,1322390,A
9c46b41b-d3b9-40ed-8e8a-14cdc67ff18a,2021,1376131,A
c7ccbc2c-31f7-4d48-9b07-be261ab854d1,2021,1318224,A
b21a0aa8-f904-439f-979f-5a21db79c483,2021,88084,A
ab28b08b-60bc-4e0e-9475-f0a05f00471e,2021,37862,A
b262f403-89da-4c5d-afb6-24c69d89dbd4,2021,83388,A
8c33b3e7-3770-4310-af40-f7c28dd5683a,2021,20030,A
8ac9a5a2-934b-469c-90f0-59513808564d,2021,1190071,A
58ff3ca9-87e0-4450-a9cf-14f64da67030,2021,97443,A
8456c533-c9f0-4081-9cd3-a431126ee482,2021,48205,A
b2266030-9bfc-4c75-a7f1-57f6d8fb8c98,2021,47051,A
feb08317-9710-4e68-95fa-3a2aa94d4c3c,2021,2209,A
abced16e-eacd-4ff8-89a0-206e67ce8808,2021,2209,A
928266db-f9e5-41a7-89a0-7bb08cf02553,2021,114616,A
32faa7ad-2d63-4f91-b555-b2d7d453d64c,2021,107360,A
9dd0092d-fa5a-403e-b050-687ec74b44e5,2021,1322665,A
66bd676b-e16a-486a-b8e8-c50ce815a26c,2021,58808,A
a240d8a7-a4ea-4666-938b-3300656a3049,2021,1190071,A
a406c74e-8436-4aa9-beb4-a3b289f940ee,2021,13401,A
2af4460a-50c1-4084-a434-68d15825fedc,2021,1190071,A
ea92ab40-b2b0-46ba-a45f-3d41b2157020,2021,97778,A
5e0acbd3-4f65-46f1-878d-24e37b9e4d7f,2021,58808,A
f21b12e6-b012-4d9f-bf87-08a0c205dcb7,2021,108660,A
643cc057-bb46-4c91-9840-f79005dc5cf2,2021,318882,A
99d96362-fe6d-455c-87bf-87bc2ac101c4,2021,1376131,A
4c65282a-320d-4dd2-9255-0fc4efeb322a,2021,67092,A
d79b4504-6c50-4502-a875-bd8143e10728,2021,104360,A
e4873e1d-3bfc-4015-991f-3455e00db011,2021,58808,A
4a065f34-30d1-4418-b829-2c8e072546b3,2021,11730,A
abc1e87d-0086-4f0e-adbf-2ebe13153a63,2021,1136142,A
6bb1ab95-7081-4780-ad60-43f90a34f86c,2021,94762,A
2fcdcbfa-1817-4c04-a653-70c3d87ecb1e,2021,94762,A
0c2153c3-ff4b-473d-b8ad-1b13651e3afa,2021,1181115,A
a5cced54-09a9-48ae-99c6-2c046f1ff645,2021,11730,A
6c733860-a707-4757-bd0a-fe2c82c9889f,2021,113455,A
29bf16b6-9ed8-4e15-a5cc-c3f95f5ac47c,2021,1376181,A
971e3db7-c0a5-42db-84bf-0c1ccb61f6a7,2021,101942,A
1afe5ad3-0921-4695-b4fc-667422b2836d,2021,968,A
e70d4607-c120-419c-a874-f4ad6e55ed62,2021,48675,A
159d06ba-4b87-433c-ab2a-79a026490e29,2021,5000135,A
91a772db-8300-4f17-8b9c-e63833ed9eda,2021,1181115,A
0892d68c-a088-4e14-b70d-af19146caff7,2021,9425,A
12bc8852-7804-4b13-bd9d-f64fdf42d145,2021,49054,A
e3c0054d-0938-438f-805b-d91069c08b13,2021,1322665,A
fdd2a5bc-cbd8-45ca-b43a-9770a05eada5,2021,103062,A
447feb05-b1f6-4412-87a1-0c69fcd1f16e,2021,108660,A
78b7624f-ce09-49ca-91c1-566c317eec8a,2021,41238,A
03e32a2d-f9a5-4233-98c9-8e23f3e89dfd,2021,1258063,A
9c7c79d0-6f28-4e24-a476-69d529e0538d,2021,64664,A
392f913b-bfdb-40c9-be9d-9fd004f1a15b,2021,11452,A
fecb56f0-ead5-4100-83c6-6dd33afcfabc,2021,73140,A
11da1ac8-df5e-4d0b-bff9-eab0995c14dc,2021,1181115,A
85d204c2-c9f3-47e8-ba46-1ed49b165495,2021,59122,A
a39b295d-8cff-452d-86ee-69e08a3265e5,2021,50981,A
21b11d11-17f3-4fb9-b32c-8409795fbdb4,2021,43664,A
0cd2584a-8507-482a-bf68-ede2847da981,2021,1322665,A
5178bcd4-0e94-4974-ad03-4b2b79b85b25,2021,1376181,A
c51c7b4a-fbbe-4be5-af70-18bee9ad6d8c,2021,1376181,A
7c5a98df-da92-4bd4-a7f9-75f7b799865f,2021,98595,A
173566c1-b652-4fda-bca6-72be563355ca,2021,37862,A
80493b71-4340-4d45-84f9-b826c3c19dda,2021,56172,A
3a341198-7086-46a1-8596-b49c15708374,2021,1403879,A
ac77dee1-819b-406d-ad78-8dc1a1a5a068,2021,1136142,A
d842fe0c-f6a2-4053-be2c-4e109cea5615,2021,107920,A
165abcc0-013b-4551-aae9-610f9492abff,2021,1187671,A
3a3fd895-5012-4cfb-9dcc-b404b7c91042,2021,101830,A
071ca08f-e008-4d89-bb35-6a0692973481,2021,106996,A
f8e7822f-eddb-4e71-9617-52856a0b72fa,2021,317,A
0d6280a2-435c-4a2f-8b97-f8573d1ec62d,2021,22047,A
42bf5be6-5a9d-4160-ae06-f1ddccf03afa,2021,5000143,A
60e74251-1825-438d-abda-dbe1102fb497,2021,74737,A
eaf6daee-efd5-4003-bffe-67fdffa01f19,2021,106167,A
56a46ac6-7b2d-4a8e-a1f1-812679360d0f,2021,18559,A
d193bd84-d375-4c78-8455-b4cab7b6c825,2021,1103723,A
39849bb5-505e-49bc-9d19-3127c82d90fb,2021,317,A
e81b99e8-f2b0-4d51-b998-ce04ba24a113,2021,94762,A
c89b2d50-5534-4073-9fb3-beb3e69c39fb,2021,117532,A
9be63dad-2db5-4274-88af-df3a2a865e89,2021,1047907,A
4aed1fbd-11da-4d3e-a2fc-f584e9fe381f,2021,95175,A
ba1466a8-f5eb-40c0-a3ee-a373f9588acb,2021,968,A
d16f283a-249a-4565-a1f5-34a9eefba5d5,2021,18584,A
56b1dab1-de7d-4644-b816-10c82f9f6c69,2021,1376181,A
1ec3e87c-6ffe-42dc-a642-80529f0e349e,2021,13277,A
aa1546fb-5c4a-437f-ad41-da50026f04e8,2021,98595,A
1300e946-5f59-490d-b664-17cbbf5401ba,2021,106996,A
e5a15224-471b-40d2-b0b2-c10155d46359,2021,1270596,A
c122b0fa-73d0-419b-9bde-189c42e6d15c,2021,116770,A
062d76e2-f6f9-463b-b913-78b7f01f5956,2021,2209,A
59c9f81e-7f15-4196-a07b-4572efbde0b2,2021,1306689,A
efdc080b-0b88-44b7-adc4-53dc4bbba1ea,2021,22047,A
4e0f8ffa-d0ea-4460-b25f-f18c122c2829,2021,9425,A
c928bfa8-90ad-4faa-bf71-d128c6cfca4c,2021,108660,A
5021d811-7ed0-473a-85ec-33f46c20e338,2021,1322390,A
d4ac5e08-02d6-4087-9c9d-5c2043ee218b,2021,1166783,A
dd1d49b1-d2da-4a23-b605-3988fbd49436,2021,94762,A
5248bb9f-5d13-4a59-8acf-c7ffeec48e6b,2021,43664,A
274d24f9-9e37-4c0a-a928-85c7bb146d57,2021,118468,A
68c80a81-8f29-4ef5-a0c3-ead65b0f4823,2021,104360,A
6569db82-b472-49b2-b7e5-424e16939c9f,2021,1351760,A
88506bac-60bc-4453-b19c-7c398339c545,2021,1190145,A
04e2ff05-a346-431a-81c7-24a8ac7046a1,2021,1187671,A
6b467780-1197-4490-8110-150bedc9136d,2021,107422,A
843eccc4-52bb-488f-a1e6-8a419ef4ccc8,2021,20030,A
9f161e49-5325-484a-b9a3-49d787191122,2021,13401,A
c9b3db0a-05d3-4096-89e9-d9825fb92bf9,2021,1161716,A
c9653534-6d64-4891-a736-bc0f0536a4e7,2021,1427745,A
5e1e5fea-2bc8-4665-a573-69e5c752b294,2021,1190071,A
bd0c1e7d-7c85-4bcc-ab02-361a6a2b26fd,2021,18683,A
580cded5-5f9c-435a-b5d5-64864a7cb75b,2021,1047907,A
1a4f46f0-9ac0-46f9-86e3-f3fc5c7124cc,2021,12313,A
97d87955-5bec-4302-87cd-88ec5e0a9acf,2021,317,A
52e15998-5555-4b9a-a7d3-22b96a498610,2021,18584,A
6c5c52c3-586e-4737-a6b3-e42ffccc0ffb,2021,13216,A
77d2f0ae-fd76-4e5d-95dd-bfbe9d7ff60f,2021,1187671,A
48b545e2-9113-4ff7-9c6d-8d2c53d5290c,2021,1181115,A
7a256fdb-5bf0-4ad6-bf40-f4d915bce643,2021,13401,A
c651c13c-1cce-4019-b728-f7d524f5d205,2021,1376131,A
2682d19f-d5a2-4b35-bf76-76473bc542cd,2021,1136142,A
86e4dcf9-f67f-4549-933b-f8af3c1bf4bf,2021,73140,A
71b11942-b91f-416d-9356-621bf74c253e,2021,118420,A
56c21c58-3f24-4295-8143-186d497eb066,2021,1181115,A
0de9848e-ed92-4dc2-aff9-5a0765cc9dd4,2021,18903,A
377541ff-c0ac-4a54-9f4b-361ec171f5d4,2021,1288839,A
78a5a6a8-96a5-4616-8170-d240a3b2e7cc,2021,107422,A
e467099a-fa91-4d38-a4b9-4610603f5f61,2021,1427745,A
91bbd41b-eebd-4852-b1e7-16b95f88533a,2021,5000135,A
3b448147-83ff-4a9c-add3-acc193bc1eab,2021,1118057,A
f255d089-483e-4bc7-9258-5967e7e9e76b,2021,114616,A
62b8c49a-849c-4430-b00d-825a9e0bb47d,2021,21464,A
76e00410-0ee3-4f36-908e-75ec9355da3b,2021,1306689,A
c356ec1d-6259-4c6b-9b01-b7aba297e5de,2021,91181,A
12e90c81-eec2-4783-bdf9-690178189ef0,2021,1315444,A
05df8aaa-186c-4194-b73f-083df14fecb6,2021,106167,A
0f77945c-768e-4220-95b2-29ecfe035fd2,2021,91181,A
0a63c632-dcb9-48c8-b865-5bf0fd7babca,2021,968,A
36c74c6a-6d8b-4163-b104-7a49119cce4a,2021,1427745,A
c3f1081b-4ecd-4e68-af41-0729b7ae418f,2021,1166783,A
eeea4686-d019-4e5e-a9b3-8c4ff1904d13,2021,1118057,A
a9a6eeb7-b097-42a9-95df-6408a87694d6,2021,108660,A
26817ebf-de94-495b-910c-8e9b88f0d5e6,2021,1047907,A
02b272af-7815-4745-b884-255133ea00d6,2021,47505,A
8ee23e0d-5b5c-4219-b83e-6f0a120d08d9,2021,1136142,A
e54add9e-be19-4bdc-8063-bc6cde30ea50,2021,90030,A
31fff1f1-e966-45f1-bdf8-268e1b2d1372,2021,2209,A
b2790e7b-8682-4d63-a507-37195ec00b75,2021,47051,A
f93c8385-14e4-4cb5-bdb0-d718e8ae28b2,2021,18558,A
69550de0-b0ee-437e-bd51-21c84cf561d1,2021,47051,A
8748cdbe-80b7-4df2-86fe-f39f43f30468,2021,68930,A
bc96d1f2-1c8b-4957-83a4-f7df80071972,2021,968,A
6921c92c-ef3d-4c81-b152-0b7a7aaa443c,2021,95017,A
5505c34d-a82b-4cbf-9649-37dde15cdb19,2021,18559,A
cbbf5929-ce07-4e5a-883f-687fb5cb5bf6,2021,104360,A
cdeb7b15-177c-47ea-b0bc-9940c417ae4b,2021,20030,A
598e4a3b-4c9a-498d-b30a-577d320040cc,2021,1376181,A
6aaead26-62ae-49da-a6e7-b525d817191a,2021,95175,A
2afe3fc0-0119-4a03-a952-9656ac21626f,2021,317,A
b0689c96-72b0-43c7-9f83-c99f8ebf1670,2021,113687,A
9711581e-9374-4d20-9618-6aff3394024a,2021,1148708,A
771ba9e5-ee58-47d9-a32c-238dcf3b0fec,2021,101830,A
e3b560b8-96e1-4c86-88e3-f968f3294194,2021,107422,A
ed78430a-f71e-41ad-85ab-b3de520f6aae,2021,107422,A
98fba43c-45bf-4493-8362-880ee611f4d3,2021,1314243,A
ac6c7c9c-855b-4b2b-a22d-699229cafdb3,2021,114616,A
9e9d3175-b906-4425-ac35-4e66126b81ad,2021,13446,A
d604eeb2-6ded-4fd1-a448-f137ba0db299,2021,114616,A
7adc6445-ffb2-4376-b130-e41717e53fce,2021,106167,A
acd73edc-656e-419e-b24f-c19e7ede4f26,2021,1136142,A
463d4ad7-f4c6-4106-bac8-b8e4afe7ce70,2021,113687,A
30c911d1-8f60-402c-814c-918cf16b457c,2021,11730,A
08cbe23a-9b4e-4764-9600-374000f1f1e7,2021,1136142,A
1f68714c-4a00-46c0-a807-182b299b5edd,2021,118420,A
c20c25b9-3d21-4b2e-a24b-8392ab486991,2021,47478,A
4ff53fe2-fc0c-4c9d-9b66-d6f825c81d84,2021,20239,A
e3ce95c4-b5c9-43e5-8dfe-d584da2f98f4,2021,98595,A
1497cb6a-a32c-4db8-8813-bccba06c66fc,2021,102590,A
168b5d7d-f79a-4950-a8ea-21f3435e5bfd,2021,86326,A
dcefc119-f0e5-412f-aaaa-90926b818504,2021,41238,A
a92c8d6a-8096-4e02-a337-85b90bb60840,2021,13277,A
f2fa2dc1-add8-401e-9247-2a733e2634b7,2021,1283028,A
0cfab738-8aad-49e2-905b-5c4b314eccc5,2021,19047,A
449f9b2c-ffd7-407a-add1-d25fe88bf69e,2021,101942,A
5cf1a37e-52cf-45be-994d-099cfe696bf3,2021,1376181,A
4e5ad561-aa28-4078-bd29-37fccec7d173,2021,99820,A
e00187c8-2c03-4e79-9d6c-6f6d7d062339,2021,13216,A
45dfac9b-b586-4be0-9de1-ddf32041a1ab,2021,101830,A
bd2bc730-9578-41cf-99a1-42e1c6bdb733,2021,20030,A
328e2dc3-73f8-4f1e-99a8-41d3e84b217d,2021,5000135,A
e77dd1b8-bef2-4f98-ab8f-a5c549bdbae3,2021,49054,A
7aaaf1a4-b529-4fd9-a8af-0187fc87aa7f,2021,9414,A
9d59b875-9976-4a74-9b6a-69c51ed100b8,2021,1190071,A
eb6e6de1-7b49-4a10-9bda-61bf784d7120,2021,1136142,A
39c0dd02-f82c-4171-bf6a-80b611f1ab7d,2021,317,A
52aa0be2-1521-45c7-a432-81caaa1a6c64,2021,118420,A
84a70657-3c31-4bf4-8e7f-54bf7c0a1c65,2021,13446,A
422206c6-5db5-45e5-8e69-0638594bc9ba,2021,1136142,A
4b8820f3-2ae1-44c5-a3c2-10cbfa40f14c,2021,57612,A
f6a60510-0565-42ef-8688-2c94690b40ce,2021,117022,A
c4d0d2b3-aead-4a4d-b45f-aee4cb13972f,2021,113687,A
95a2576a-1f8b-401d-b0c7-f238c459590c,2021,1269545,A
f878f97e-2a3f-4cc6-ab65-bc2cc5ddd412,2021,67092,A
f6680ad8-2dce-4689-b2d1-7f78bf3690fe,2021,2209,A
75d991f3-5741-40d6-ad47-5ed84ad796f1,2021,1422296,A
e70017d6-ca6a-4300-875f-a1dda8e7d4cd,2021,1267543,A
7b7d999b-b9d5-437f-b3aa-e17ab5a3fabf,2021,1288839,A
d74aadde-ea96-4488-ab3b-e69093a927c4,2021,94762,A
0a9443b1-5bd6-47b5-af08-446bd63bf491,2021,112086,A
9520e4cb-ccca-46f4-92c3-d479a379b220,2021,11452,A
c4f1b709-4811-4e2a-ab94-6bee5fc2c286,2021,1299927,A
d0f62fc0-ad84-4b2d-b618-9f3f5e69934f,2021,317,A
8caedbe7-eb99-4ad1-8a90-57bb9ffc2256,2021,13595,A
5d774be3-a4b1-4b38-9305-cc2454dd2a8f,2021,1181327,A
e30169c4-c4c3-481f-bab4-c69479ecc99b,2021,94762,A
a0bdb66c-4560-4b87-81a6-36671f07cdaa,2021,101942,A
d61de4a9-350b-4f55-8acd-93c76c5ed7ee,2021,13446,A
19024568-2cb5-47d9-b7ba-740fbd5ebb77,2021,107422,A
9bb78c9c-43af-4102-af32-02615015091e,2021,1315444,A
90890354-e802-488a-b17c-9035ff1ced9e,2021,117532,A
b1c1b453-d6be-4244-9de7-a84987ef1934,2021,108660,A
45b52c03-9cf3-431e-8a1e-e5a6c5f08064,2021,43664,A
1e010ca7-6415-497b-b1c6-2431b9fe240e,2021,98595,A
a855ca73-9fa7-49dd-a6a8-57085ed441dc,2021,97443,A
f4afc83a-ba18-4ee4-a862-f7b127debd83,2021,13595,A
3cd5a3ed-470c-4c25-8a4d-63d09c06d803,2021,13401,A
2c6f64eb-4f19-4019-a758-2c5e2502cc1c,2021,1322665,A
138d0373-ccc7-4656-a027-3c8fb0ce6eab,2021,18584,A
469f8b49-f336-40f4-827f-15bcf5db9f2e,2021,12313,A
f29f31d1-285e-42f2-81af-07d551bdc915,2021,1376181,A
c0e4f1e9-c40c-4f0e-9aaa-3f730cfde88b,2021,101942,A
3e4eacc2-70c1-4621-acd4-704782845e50,2021,22047,A
768612a0-d84b-49bc-9237-d1002b093224,2021,1190071,A
9656b0c6-f895-43f3-82d2-823027fede7f,2021,1181327,A
546e2df4-b4fc-4cd5-bc39-452b8cf908f1,2021,1314243,A
3f399e1f-679e-49f5-bc27-3887853be272,2021,18671,A
97f43e30-3f2b-48f0-b78b-e16f56584183,2021,101942,A
b2c376fb-9804-4ab9-bb26-e445e9ff8c84,2021,2209,A
3b3c5d34-5363-43f0-a76c-d3c4b4db7e3e,2021,1379275,A
8f39c543-120c-49f7-901f-7ad8d805ea69,2021,43664,A
8bec7862-acf6-421d-a6c7-3781a0180b48,2021,1136142,A
caa4566f-f037-414f-9955-229af2a37835,2021,54934,A
a20498dd-6b11-4523-93b8-a21826434805,2021,112086,A
c81d2ada-1fee-41c5-b026-9851a8788226,2021,317,A
4bfcca5c-988b-4dae-a491-33f838f93a51,2021,11554,A
3bbe4871-1a61-4f79-8d25-981366132b7a,2021,98305,A
de8a1e79-6466-498d-b85e-66d1ac6a252e,2021,1047907,A
215f5909-fd5b-41c8-9bb3-07afa904c1c5,2021,1265453,A
e17198b6-6f12-479c-b724-524ac2c91af4,2021,113455,A
01f8ff04-ea00-4410-9760-45fd4ef310ad,2021,47505,A
23a4e6a9-0837-4865-9a09-b9cbfdde9c93,2021,98595,A
4515d9ab-e115-4e8a-b7e4-007913b0b79a,2021,112086,A
620d11b5-976d-4d61-9e70-52b1d6d66666,2021,1376181,A
f0ce9c86-57ac-4c98-baab-e549ce96abac,2021,107920,A
ce6e6870-a7d1-4a65-bcad-391d06cf042b,2021,1136142,A
0f2bbad3-4e16-4bb3-8329-32e841a2d918,2021,5000135,A
988747c4-bf20-4817-a20c-9fa8d02b5938,2021,118468,A
278803e1-6df1-44b3-9008-fd81006dda27,2021,64664,A
b6afb9cb-da87-4ef3-ad8e-7e2df31b62e2,2021,9425,A
9cd0e14a-0ba5-459d-a579-3ba536dcc876,2021,108660,A
e9852a66-3aba-42b2-b622-2ccb1dce9a40,2021,113813,A
ab715261-35a1-489a-83bc-949a6bd0c20c,2021,97778,A
49b6cc45-ed04-4d45-9bcd-9e14e4fded3e,2021,94762,A
3bcc67ba-a8c7-461a-966a-f16e5378ff28,2021,18671,A
19043f5b-c5c5-4f69-a6c2-34fc9bcbc9ed,2021,13401,A
078f04a0-05fd-4ef8-b6e0-5e81cf8229e9,2021,117532,A
3c35f008-b093-4334-a412-1aebb727c934,2021,114616,A
344480ab-d3de-4f55-92cd-25801738ca00,2021,95017,A
e1a6c178-19ca-445f-a711-9778e8d436aa,2021,1204325,A
2bbc6fb5-ef83-4e8e-ae8b-c609efba0448,2021,20239,A
354c68fa-6631-450c-8472-d237bf304c10,2021,1314243,A
cd84caf7-0e5d-4259-be11-c06fb8dc07c8,2021,56172,A
10a06c12-c61f-4841-8231-6eb3f15c81d5,2021,37862,A
9d45d10b-e40f-4b62-87f5-b7cd6206ffc4,2021,1376181,A
cf848091-dc13-4403-ab73-19bf0185d3d3,2021,1272079,A
76416bcc-2970-4cd8-a18c-19fed5864b7f,2021,2209,A
b5512033-c6a6-4db6-a199-ca9d900ec718,2021,1103723,A
64832376-409f-4337-8bf5-68121913d7f0,2021,64664,A
bb4dbdaf-7436-4b5a-b949-e8fb78354a5c,2021,94762,A
494a9ed0-5f5b-4285-9ada-baf8095228d9,2021,40343,A
fe83ca87-9f83-4da7-aabf-84ab18783238,2021,62484,A
daceed30-c6bc-4b43-979d-a130b47fa85a,2021,95017,A
62fd34c4-f8ec-40b2-b141-214525e29fe0,2021,18558,A
12dcc9af-92d5-44d4-8613-7239876c4e16,2021,94762,A
d7525afa-6bff-47ff-be88-d4a3a329fb45,2021,1181327,A
80a219c9-49b8-4688-960e-6adb38053a0b,2021,106167,A
d0d181e7-43de-4fb4-893d-8c5f4cb5579d,2021,49054,A
9136a8b2-6f30-4d72-90c8-9ab6aba5c761,2021,47069,A
2df65e84-26eb-44c2-9011-c77cb412bf8a,2021,106996,A
526344bb-d67d-42fd-b935-acb32e75cc67,2021,1351760,A
cff919e7-b941-4ea8-9f8d-dfffdcfd8780,2021,11554,A
a8405134-85b7-48e1-96d6-574bc0dfd6a6,2021,1270596,A
576b8598-16ef-449b-9729-2a66bfb03c72,2021,107360,A
9713badf-d4cd-484d-92df-d9f99d8bdfbd,2021,11452,A
205ef0c1-8aa0-4ef7-894b-94f07215fd35,2021,20239,A
bd0f8cdc-63e7-4d8f-9f38-02f46700d0af,2021,103062,A
62f77cea-c323-4fc6-8143-bc936fcc6a2f,2021,18559,A
aeb1423b-24e7-4d20-95cb-eb9e56c3a556,2021,1288839,A
3b70bb83-0db7-45aa-9226-d4135c3a5a79,2021,48205,A
83d2b7cd-9e91-4b37-b22d-dfd30d0416c4,2021,106167,A
7cc7f27b-f34a-406c-a7f7-6b96c0a80d82,2021,18559,A
4b228bdb-971c-4f7f-9575-0f84f72a4229,2021,1427745,A
9163cd1f-7ad8-4084-aff9-382cd450b4e7,2021,13595,A
fb632711-6842-4306-89b1-9d98800ff463,2021,117022,A
adddc080-637a-4bf8-9949-3b376d746c0b,2021,1288002,A
865c3ff3-b903-4533-8250-35752bddc436,2021,317,A
9e3dd21e-c10e-4e3f-b250-9966b950e3a9,2021,1288839,A
3cb1c21e-5eb8-4877-b580-8e8945951193,2021,118420,A
18133832-f305-4b3f-9459-67bc7555a9a1,2021,95017,A
2b069a3d-ec2d-40a6-9025-747274e347b2,2021,13401,A
3a4823ef-4f98-4bc2-ae74-4b603e7463c1,2021,1376181,A
bce759e5-8a5a-4388-a9ef-a70188bcc6e8,2021,1272079,A
1ca4fd0c-139a-4e1c-aa1f-39a00eda9131,2021,64664,A
669602dd-c3bb-4c53-9fc0-9e78c00664d0,2021,1376181,A
f919591f-ddff-4d8a-82bb-b3f44d5fc400,2021,1351760,A
365828ff-f36c-406e-9a80-5a7a7b8d86b6,2021,97443,A
111ba98e-3397-4254-bd29-9e6a5b098532,2021,19042,A
bc20c4f8-765c-4d0b-b283-9b4903a90902,2021,97443,A
d60abd87-5a92-4aa2-95ee-b2b4afca961b,2021,68930,A
6fc3a898-bd11-43ed-8000-a04c26869477,2021,2209,A
4ef97751-4dcd-46e6-8ed4-c98aab87c48f,2021,118420,A
94364e53-0c6f-4468-81c1-ed243475c068,2021,1272079,A
f3d4d815-fffb-4603-a685-11d122a2e474,2021,90030,A
69da8040-4e20-477a-b507-5ff5387baf5d,2021,513,A
614b63b1-93e2-43ff-9d11-563bb00eeb87,2021,73140,A
c793da1a-a4e6-4106-8d04-ca590560d841,2021,12313,A
0df4857b-565f-4feb-9dfb-be45cd570d79,2021,99406,A
29079017-c502-4ec2-b7d9-687689ba117a,2021,1117717,A
a3cf47cc-c259-4908-87b1-0104898156d1,2021,102590,A
9b59aa87-f53b-41cf-94ba-3f8cc43d5b5c,2021,968,A
66b838ee-00c2-463d-8e53-2b5fd63f49d3,2021,1136142,A
d2606d73-6710-4021-8693-f4977b5e2b0a,2021,94762,A
5f83d18b-0d0d-4754-84df-d5338b4c7b0c,2021,1181327,A
bb702e1c-9665-4629-bd04-84b9f8e71d1d,2021,118468,A
e33a25b9-59af-42cf-8735-7784ba5fe0c7,2021,49054,A
cea5c9c8-bc80-4ac5-98f5-c78f44fc2d7c,2021,1136142,A
cbc43ab4-ba49-4afe-ab63-4f16222780d9,2021,1288002,A
bb41313e-89b0-48a5-bf8a-79f3ab8bbdd7,2021,5000135,A
6e5d2fae-061b-467d-9a9f-73c26e2c2545,2021,37862,A
e4fae0ef-d523-46dd-bdc1-3e8dc1f0e877,2021,101830,A
26192c2e-a1d4-4ed7-a252-d1f8470b0f17,2021,968,A
4e43d98d-3f3e-46dc-ba55-1860b6ea6210,2021,108660,A
33063a05-ca80-4e4c-9527-3f81143e7b28,2021,968,A
5337ddf0-125f-45f1-8f99-529e458215fa,2021,13401,A
5022bc86-f393-46be-b327-0724b4836301,2021,1101244,A
ab497ed3-4ce7-4b2b-94d3-601ebcae5b76,2021,88084,A
baa0a93b-55c5-42b5-b4e1-53169e1b480d,2021,20933,A
bf668ce2-241e-4c97-b3f2-a819201cc0f5,2021,37862,A
0bc30e97-c0c0-4a51-8e15-052d6b509679,2021,116770,A
9022a71f-8fad-400b-87ba-287e790b6c59,2021,43664,A
f062cf17-7f04-46fe-a71b-b2f2d149c3f3,2021,1136142,A
ab13cd10-fe5c-4583-b425-e45bcec85872,2021,47069,A
2e2cd9a3-39f8-4fc5-a730-8195cea273ae,2021,13446,A
1b9ffc71-a189-4f4c-9504-8bceb450a537,2021,1139692,A
e292155f-a24d-48d5-9d38-382d67a57ebf,2021,13595,A
d3d5a261-a3c0-475d-9826-59e0a5174150,2021,53331,A
80c9ab0c-4d32-4999-845f-25201da7ffcd,2021,106996,A
81dd53a4-24b9-4077-bb6f-5a703c4da7ac,2021,101942,A
0886738e-d206-437a-90cd-65d6af446150,2021,98595,A
92999389-9c49-482b-a4b0-78cd31d859e3,2021,117022,A
1838b2f2-5afb-489d-a995-233fae7b44ba,2021,968,A
91106063-16f0-4065-a2b3-c6ec95d26d64,2021,37862,A
314a9cad-1d0e-4fa6-9ea7-ecdb7543c573,2021,1101244,A
74866859-49a2-4ad9-a29e-0735204988ba,2021,968,A
71d8f792-54b8-4fb1-ba88-a7a155a29ed0,2021,18683,A
09da13a5-2e6a-4035-942b-ba96288b2b13,2021,19042,A
a4264d9e-69f2-4d06-be03-be26bdc02625,2021,1181327,A
231a9b83-a723-4bf1-b5e1-293028865c42,2021,2209,A
71b8676c-a091-484e-a833-41f59802f5c5,2021,2209,A
8e23fa91-24f6-431f-b5f4-76ab5c756e82,2021,1288839,A
d66db246-e8b4-4aae-bc70-3519450a8ea1,2021,1314243,A
31cac98a-2f50-46b5-b315-0dab067aa289,2021,1101244,A
7a22294d-5e53-4712-8da4-6e6122c896f8,2021,102590,A
e0083689-344b-4dd7-8f69-727238b7dbc1,2021,968,A
94e79119-1bbe-416d-b077-a876a8d80641,2021,107360,A
0da5dba6-ee70-41c5-af87-ce43fd127de5,2021,13277,A
d59f0a73-7adf-47e6-8a7a-058dc6ed4153,2021,13980,A
b8db0b79-f967-401f-855a-8ab4814eb966,2021,67601,A
403e3706-8776-4005-93f9-7fcd94bfe2b2,2021,1132918,A
53b04306-e340-43fc-a557-da048cc1015d,2021,50082,A
d1b8f129-bd06-4e2d-9cdb-b66dbfe1cf05,2021,13216,A
9bbd5426-d110-496b-97ac-a8fef509e0ca,2021,98595,A
313bae30-4616-41f3-849f-faefc6c1192c,2021,1272079,A
e1cde6af-5cc1-4333-8e28-eab92d1ad0cd,2021,1403879,A
3ea075c8-2438-4fd7-8ba0-0d38f97982cc,2021,98595,A
336fdab4-151c-4eb6-a79d-0fe8a749512f,2021,95175,A
db82b403-7770-46b1-aabd-4705bf125b78,2021,5000135,A
34a8ea04-15e6-4084-9112-88cd97370065,2021,13216,A
00f1479b-c2c1-4329-99cf-7d13cbb7a939,2021,56172,A
d3cf1ec9-5ed3-47d1-8e9a-486456f666c2,2021,114616,A
c27c0df2-ed36-4ead-bc83-6190fa0b40cb,2021,317,A
a58b9f4d-a5ca-4f0f-b576-485cd402c9c1,2021,118468,A
cc27726c-638e-4092-836e-f8947cdecdcf,2021,64664,A
549b885b-aefc-4dce-a722-f024a437b659,2021,117532,A
34688498-165f-4d16-9dfe-4723100b8240,2021,1270596,A
6f73bef2-3236-417e-9a1e-ecf565a4268e,2021,317,A
f11865c2-befc-444a-bef7-2049a63f056e,2021,5000135,A
9a3a5e1c-ee8c-4214-a275-4b901c5337e8,2021,21464,A
85dc833c-ea98-4e66-8cc7-7750b96a10d9,2021,5000135,A
12b60e11-9b39-4bf0-9ce8-8493a4036034,2021,1270596,A
574957ef-b45e-494f-afac-0db29d7489a1,2021,1330347,A
1f0a6ae6-42dc-4541-b954-a17f5df41292,2021,13446,A
b22abd60-274a-4f26-aa9f-5951717e698f,2021,103062,A
4e824288-d8e3-4a0f-8804-1537ecf04d4e,2021,18559,A
f17245eb-2f6a-4d03-b0a4-7c7ac7b6307a,2021,40343,A
9165d53f-4276-401b-8c52-bd6e0d449006,2021,11452,A
75bd03ac-acf8-49d0-a56f-33b11b21a397,2021,47069,A
36cdfb8c-4d19-4d23-8124-87f1e1b2d6b2,2021,5000135,A
c495075c-9502-4625-8a59-24647fbdc9f7,2021,11452,A
66b05545-cf6a-43c6-82da-80669bacc5e3,2021,57612,A
641dda0f-15b0-46fa-b92d-7b7c51ec1985,2021,5000143,A
aa3fbf29-caab-4fbe-b431-c80c83c20585,2021,18903,A
a5dbef00-dc8e-4481-96c9-4b4695c3b239,2021,1108692,A
11f059dc-88ca-44e3-b014-ed34cf22cd9b,2021,81210,A
8e8cabc6-d8e7-4346-81b8-9ab1d25badbf,2021,98305,A
3d25e8fd-c53e-4844-8578-a68048c0bd14,2021,1330347,A
a2ce9880-0212-4b62-8876-16b4efd76ff5,2021,1181115,A
a8e50652-1123-4a13-856a-d0d6b67108ff,2021,513,A
0536a3ed-7eac-4b1f-9086-ae344837585c,2021,73140,A
6d6e56a5-aed0-4257-bd58-5001d50a2830,2021,73140,A
0984c8de-0ebc-4ccf-bd29-685ad0f93ee8,2021,1132918,A
4c4d15e1-b097-49b3-9cfa-6f1d4af86d62,2021,1288002,A
c0192442-e5a3-4d0a-bb15-8afc348a567c,2021,57612,A
dfd5290e-a4a2-4271-a6d7-3bbe1c6bdcd4,2021,99406,A
1c341c4b-b274-4ce5-aedd-e144da446789,2021,18584,A
a5a1a6f7-1514-4d75-a08b-048437e5ccf8,2021,64664,A
aceed218-2ea2-4dc5-89b9-aa93115406b0,2021,513,A
e8752414-e252-4ebe-9ca3-7904bac0438a,2021,56172,A
ce1b8fd4-def8-4a18-96b9-615b9ad68fd5,2021,95175,A
ec3e3eb9-e0c8-4dc1-b6cf-f5361453625a,2021,2209,A
61a0de33-3836-4ee2-b427-4c138fe24604,2021,118420,A
80a73173-94d1-4d4d-a589-47cb048407c3,2021,513,A
49881892-376b-4a07-bdff-3f98491e28f6,2021,55777,A
a71f1c46-6acd-4013-96ea-2b1c73e45981,2021,18558,A
6051469f-70b2-4a59-9262-92d32ab03b29,2021,5000135,A
4bba4614-808d-4163-9ce0-4b0a0a519c56,2021,1288839,A
f2e8f463-d7d0-4726-a26c-e4828ba9059d,2021,5000135,A
b97d0b84-bd35-482d-aed7-24184ed5f412,2021,99820,A
8bcebf6c-802f-4f01-af5b-8e5c8991e3ce,2021,1102628,A
ee6a0215-755a-4365-a162-8271cdf630bb,2021,11452,A
373f24d0-c829-48f3-9f84-70755b06a464,2021,118420,A
d6b196f7-b5bf-4d5f-a2b0-bf023335ba49,2021,118420,A
e726c4f4-0596-42bc-9e7e-f7d61122f046,2021,1376181,A
568fcab6-2c09-45f6-aa62-765fb49ae0f7,2021,1322390,A
36fcb3f2-c878-455a-a308-d2b19ea3701b,2021,68930,A
608e3ece-58ee-4a40-b9f6-24c91e5a9a4a,2021,12313,A
5f81dac0-b205-4949-ac6f-8d1a027c5b58,2021,97778,A
98ca9ea9-c09d-4405-b1a1-5908c9337abe,2021,94762,A
6c9623cf-7746-42b8-a661-d1ba14e3f79a,2021,513,A
438b0541-fcfd-40f2-aa55-ee9c804f692a,2021,11730,A
224bd440-6c73-4c14-93f2-d347d4746224,2021,1376181,A
1bfdc1ad-64c3-47df-b946-cdab69d590e7,2021,91262,A
226a4d9e-31c9-4ec2-9ea2-3e23230875bf,2021,1376131,A
1c45c3ab-dfd1-4186-bb4a-624632f79370,2021,1136142,A
a80cd292-7371-4d9d-8e07-488c4a014fc1,2021,13595,A
0b8a10ac-ded2-41cc-bc0d-9460166daa4d,2021,1136142,A
d780e226-37a3-4049-b1ee-c3d712b199ec,2021,1118057,A
564afcb1-11db-4f22-b3e8-165ecdd7597b,2021,13401,A
58fa0fba-f7f5-4034-b457-27ce680cc191,2021,1283028,A
2f5b251d-9f29-4399-b6ec-f0780f4f3365,2021,1132918,A
c2a79ea3-dffa-4829-9940-7d65d4c8151a,2021,13446,A
cebd3512-7590-489d-bf37-13ce51602bda,2021,117532,A
60fff2a5-44d4-4a7f-bbee-9b061c898bf9,2021,13595,A
67d5c673-08ae-4280-8d31-7e90e033ce59,2021,1427745,A
42047c45-b703-415d-bde4-75ba2fbabc51,2021,11554,A
424533d1-38de-4890-9416-58f69a307f30,2021,1283028,A
3d7b60b6-2aa4-4706-99ab-a688730f4ca3,2021,101942,A
bc89a79a-ccc8-420b-b51a-75528cb0ea2d,2021,116770,A
34c4c36c-0514-476e-87a6-e4f60e4337de,2021,86326,A
f406f656-3d21-422c-a7df-54694536a5d5,2021,11730,A
265276a8-12ed-404f-8854-e9a275a29003,2021,99406,A
2722994d-e864-46d8-9013-de8f3bf3f5c9,2021,53333,A
afe90f92-bc86-45a4-b3ad-b613eeee5ce8,2021,968,A
357e0696-885c-4f37-8005-83e972692c0d,2021,118468,A
c99317d8-a8ab-41ce-9047-226f0e7ad03c,2021,968,A
20250a89-f0e3-46b8-8df5-92a10de6a07c,2021,55777,A
9081e718-c2f3-4424-b3af-3f05fa627d5f,2021,103062,A
a39f10b6-d66e-409a-b30f-7f7e07e6fbca,2021,317,A
606d2fa4-40ff-4898-b836-1c3f12d202c3,2021,1132918,A
c65d8262-55ee-4e58-8383-2c31ca5332f9,2021,13216,A
81893eb3-9c50-44c2-b9ff-7527ed2f7b4a,2021,117532,A
c9e4cfb6-a8fb-4e75-9a0f-5f83e9dd5818,2021,5000135,A
b9841b31-5493-4ca9-b698-7b53286364f9,2021,1132918,A
75287e6f-a94b-4aec-880d-04ff29caa5ae,2021,98595,A
a778360b-f6ff-4994-9266-fc5ff85cf5ee,2021,11554,A
e6e41a9b-0aca-4fef-b27a-6a4488e0bdff,2021,62484,A
96291d94-8347-4452-ba25-dc17395060bb,2021,62484,A
ee906f40-e537-4302-8342-e627117563dd,2021,1132918,A
f5ea5d6d-1dd2-4e95-bb5a-6ae430daae55,2021,103062,A
2aee1cd4-7626-4465-b3a2-7f2ee8951cc6,2021,2209,A
388cb2fe-3098-4025-8f0f-8d8314b99735,2021,1422296,A
d6f99b3c-71e3-4c6c-96d8-241cb3732537,2021,5000135,A
f331b5e1-462a-445d-bc01-484cc9df1ff5,2021,317,A
82ffc0f3-d6f2-4c24-a05e-f2a0a08f8c61,2021,114616,A
478e607f-10a2-49dd-89bb-06b497281983,2021,1101244,A
e15a642e-0888-4363-bb61-35952c03c2e9,2021,21464,A
68b3cffe-8a7a-4715-b9af-56f3f296bf27,2021,2209,A
0355124c-837e-45f2-8d82-ac5128d61a1d,2021,13216,A
7e5d3d6e-91c9-4ae0-bb34-41322b7684f8,2021,1288002,A
a49e86b4-b3c4-4850-9ff9-6b0d971342e8,2021,13216,A
a0dffc67-1f2a-42ee-bd5d-479e121fbd56,2021,13595,A
f63161db-bc42-4c2c-aaee-377d5bb9ee38,2021,13980,A
93bdbdbd-96f8-4fc9-ba56-6448f421d435,2021,1136142,A
865ff82c-bcd0-4d7f-a69e-f0b563580c17,2021,101942,A
d228403f-b563-4d66-baba-f03c30cb707f,2021,13595,A
0b8ebe44-6fe1-4a5a-a29f-e9e1434b5868,2021,1113582,A
5233527e-682a-452e-a6b7-1a602b87bca0,2021,1113582,A
dfa0a508-ec9f-4c5f-bda3-0cc017887351,2021,1113582,A
4a188801-3686-42ee-a8b6-aff931f11539,2021,18559,A
16dd7abb-8233-45c9-8653-aee03179e781,2021,1113582,A
95e4df24-1645-43fa-bab2-949bd15173f9,2021,513,A
2ec31f8a-89a9-400e-b536-e0eaf51c0242,2021,513,A
f577280a-1e9d-4921-a0f3-bc36e2af8b6c,2021,1113582,A
9a335200-0f82-473a-bb35-d288ec8d24be,2021,1113582,A
b3eb963d-76f4-457b-a87f-39fd5b67cf55,2021,1113582,A
1105176c-b704-48c5-8432-7f964ab76443,2021,19042,A
831a973a-c758-4c1d-9fd8-081a6a8c6f2f,2021,101942,A
e83e3256-92f0-47d3-adf7-dc8c4b6b1687,2021,86318,A
631f34e5-ac60-406e-8411-183e13a46fae,2021,86318,A
34ec970f-db99-41e3-9224-f45e20202bab,2021,86318,A
1ea69d43-eb09-4413-aa5c-345718f22402,2021,5000143,A
99f52bc2-9cb3-49dd-9d35-69f6c907c95a,2021,86318,A
a31c2cd0-7026-4e21-950b-e08c1de3630c,2021,86318,A
11763d27-c253-4a02-938e-b80b0cf6f7eb,2021,86318,A
ae3c904d-197e-4da3-9ae4-b6497f956a68,2021,86318,A
026cd6ce-07bf-4a38-9d67-cb389f0dec53,2021,86318,A
27173de8-1fe2-4cb1-9aab-c379f01e9e18,2021,1103723,A
12b8719a-086d-413d-81b2-80c514bc7c1e,2021,67601,A
74a812c6-8d34-43e4-876d-b34eeb34f6ad,2021,50082,A
4a8bef97-fbdd-4b9f-968c-837e57033f5c,2021,21464,A
bd3950aa-87cd-4378-b986-634c584b46f9,2021,21464,A
2dba88f0-e59d-4df8-aa80-191fe894bc31,2021,1351760,A
b8c06965-3b19-4c3e-9eca-d4a548cc813e,2021,47051,A
6a9ba864-35b1-4ba1-9447-775559740f49,2021,13595,A
1dcae84c-c846-4703-8410-4e482331b8ca,2021,1265453,A
67fcf079-7493-47f1-9f55-71bba8b1c598,2021,41238,A
9c909ef3-b722-4c68-a044-b5d1be6277f6,2021,1148708,A
2c3f37e9-b1b7-4ff6-bc46-1de29bbfc096,2021,1180773,A
cada305e-7275-43df-8181-7ef44070d483,2021,19047,A
599d9c75-0ee5-4ba2-acd5-9055c4cc8f62,2021,83388,A
b8d883a7-28ad-4c9f-a252-6a4359ee8dab,2021,83388,A
2bea76c4-d640-4de7-8954-944df4e2a5dd,2021,1180773,A
ad5a7bf9-1c10-4226-b39a-53bc3c34cf9d,2021,1180773,A
4c218ac0-de15-4dd7-b3c5-bf9fceaf06e7,2021,1136142,A
b1895fbd-1161-4826-b34e-4e430d6bf689,2021,1136142,A
7d84b437-73cd-48d5-b70c-c927d57fdde0,2021,1136142,A
df7da492-ed43-4610-818a-467ea3724905,2021,37862,A
ce739551-b801-41ab-8f51-cf04393b2a30,2021,73898,A
b54c13eb-c280-4435-8200-e1572df04552,2021,118420,A
830b19bc-f2f9-4748-b0ab-ba1f7ac06a32,2021,1288839,A
cf479721-79d7-49b3-a717-755527c5119c,2021,37862,A
e753a2ea-3ef0-4c18-889f-11af3dd80dc2,2021,113455,A
0f48f520-f821-423e-9c4e-cc4bdacce2c9,2021,1181327,A
5c8709e7-4f51-414a-85a6-a6e4698ea9c3,2021,94762,A
f3a5e919-8c8d-4ca9-a0b0-45131c90ec4a,2021,107360,A
7e29676e-3393-483c-b67f-25eac66a097d,2021,1181327,A
89de920f-9aad-491f-979e-327fba06b5ff,2021,1270680,A
b80a4161-4ccf-428c-a4bf-5a5379ec5055,2021,1306689,A
8a9ad105-25bd-4ea0-ae9d-34325cfdec90,2021,1132918,A
be37673f-a534-40c1-a0d0-0035fda2b3f3,2021,12025,A
159cb7db-1548-498f-8898-f94af9c627dd,2021,1047907,A
780d592d-82b0-48b7-ad6e-6ff1ca485daf,2021,48675,A
24b68d96-7807-4b94-b59d-df55d3e1825e,2021,1270680,A
f3306ebf-efb7-4075-8e64-60aa069d4213,2021,18250,A
370e3788-d007-4750-85d6-6d997b4c0849,2021,18250,A
da9c4b0e-b822-4db4-97ea-077a3050d5cb,2021,18250,A
ae8f6d14-251f-46ad-b848-e74bca88b0c9,2021,18250,A
f3566d4a-2a87-4d3b-a3de-99a3d0a1c6a1,2021,88068,A
de2f749c-380f-40eb-9d92-f6762f50b2af,2021,1042278,A
2cd9bac5-662f-4d24-b965-cd28d11a3899,2021,1042278,A
81f3aa2d-0e8f-4607-9143-ba7d96066c25,2021,1042278,A
73fe345e-96ee-4d07-a6d8-8825ec5f5228,2021,1042278,A
c69b5752-502d-4c22-ab78-c76bab2797d0,2021,97778,A
3c1af50e-2ea8-4256-9ad0-fbaebcb9914e,2021,51020,A
b197a4e9-efd0-4e40-8939-29c11b16eb99,2021,20030,A
82b31194-abc4-4bff-95e9-3b06c48c657c,2021,20030,A
a6bc8bd6-4239-413c-9467-ebc5b0ccd12f,2021,56172,A
750d009e-872c-4807-87c7-3902a276095b,2021,1427745,A
2d0d2f1b-460c-4199-90c0-0eb1847e4d61,2021,9414,A
c9fec214-ce1d-4e3f-b948-bbfc2625a24d,2021,106996,A
2c897221-a5d7-4b82-b712-d903259c166a,2021,97443,A
f9fdfd03-3b88-4460-81fa-d20b03160c1a,2021,98595,A
80c41f70-6b2b-4b69-8d55-ae4ec0438b36,2021,98595,A
8d29d955-8e89-40a5-bc09-69e21c3d4bdf,2021,117532,A
ec703b93-bd68-4aef-ab50-99d18957db4e,2021,117532,A
124d6610-c4e8-4397-b147-4716686e7d76,2021,1108692,A
f8e3934f-a151-44fd-a4b4-b0ee574b8dc8,2021,1272079,A
8282d0fd-a002-4e3c-a542-48b0e66f01db,2021,1272079,A
9fd5977c-c64b-4b7a-9eef-6d18fd4576d6,2021,99820,A
15fd02be-efab-4f34-aa48-ab6e2dff40aa,2021,95175,A
01493a82-5e58-4ddd-a7ec-e281e5e1cf3a,2021,95175,A
376f2bcf-4cc0-489b-9373-b1f358b62369,2021,98595,A
19bd66f4-7f93-440c-a358-b19df6d8ad0e,2021,98595,A
7f413ecb-c1c1-4e62-b9af-41604dea1d92,2021,98595,A
3cf2b8e9-b4e9-4a99-b8e2-bf8588497935,2021,98595,A
56921a32-054b-48a6-aa3f-7bfde912ffe4,2021,106996,A
77276ec9-e984-4f50-adcb-bd922582dff4,2021,5000135,A
4bdcf902-9b33-4648-b4b8-4d633e5a4ce9,2021,1322390,A
c200a3a1-134a-493c-9db6-20c434be0fe0,2021,12025,A
fd2de8a5-3611-4c80-9b0e-56c815bb5f02,2021,20239,A
16e02193-476c-485d-a96a-9e2e9303bf47,2021,1101244,A
9bdf6bde-f751-43db-bda3-d7ae8de32709,2021,1101244,A
147bc4f7-45ef-4b93-8ad7-58c9df7487df,2021,1101244,A
c122da04-29a7-4955-baae-7ce3c26f3017,2021,1101244,A
2a7006bb-b23b-45a9-baea-a67306f3e20a,2021,12025,A
1ad186e2-cd22-4554-974a-82c639fa2285,2021,1270680,A
ae686dc4-f754-4281-84af-5ffed8c2c9f7,2021,64664,A
255abbca-319b-4662-89f4-649c0fe7e3e4,2021,64664,A
99a23f5d-0807-4079-8052-552720ee121e,2021,64664,A
a2e8c4a0-3167-48ad-bd09-9321ff085a4f,2021,64664,A
3b1e59a1-19bf-49f2-b9cd-35926bb35d3c,2021,60886,A
7f63e36c-d28b-40c5-a4e9-299f6ffda0fc,2021,60886,A
f597cd49-042b-4f59-9d88-e181c343f298,2021,60886,A
2afc44d0-c0be-4917-ac1c-70ad26e44fb2,2021,60886,A
8aa22a44-9674-43e2-af1f-429a8fda536f,2021,60886,A
14409e11-101c-49d5-bfa4-30b4812cbd6c,2021,60886,A
5951d3db-0688-46ce-a151-3e06b8f42254,2021,116770,A
a6caff6c-c4db-4fad-bce5-0c1e417e3501,2021,1270680,A
2343a918-5eae-4e13-a02d-9604793bfe31,2021,1270680,A
09d29451-6b8f-4dba-8b7e-a829dce4ddc0,2021,1139692,A
ba96b893-4b12-42f3-bdb2-0b295c4f7e44,2021,1422296,A
8aa13356-25a0-4cc3-b93e-5697786b2e6c,2021,1422296,A
2ed66729-5f42-46f9-abbf-516bdffd0b16,2021,1422296,A
cee3f395-3df7-4528-80bb-c688a576632b,2021,1181115,A
fb85218d-f719-4e43-9676-f960a11b5b11,2021,46377,A
eaa4bd6c-9910-4db2-a331-c95c0f451a8d,2021,12313,A
34b700fb-9cad-463b-9a9e-8e0df9b85910,2021,5000951,A
ae5f5bf9-904e-470e-88cd-f28feebccbfa,2021,5000951,A
bffe6e01-3e24-4032-a8e6-b19be9d5fdcf,2021,5000951,A
5ddbad8d-9050-4672-a358-e02f5d01bcd0,2021,5000951,A
cb9dd7cc-6789-4ca9-bfdc-54d730581deb,2021,1181115,A
171fecdb-59de-4b71-b0f3-c70f79bdae63,2021,107920,A
ecab6a13-c491-4cc1-9745-fc7852acecd4,2021,1118057,A
baa88fe2-2344-4d58-8096-c97558ddc6af,2021,1318224,A
a2326e71-355f-4f8d-80b8-84d9341fbf1f,2021,43664,A
8d8f15ca-9f6e-42bc-a9c9-1a9c3909820a,2021,5000135,A
f383532e-3a32-4cf5-ab88-77a1d3c8cf3a,2021,5000135,A
147433f4-eb21-4eb8-a416-60e0ad1b9635,2021,2209,A
f1c936c6-975f-43bd-a79b-46815c50bec5,2021,2209,A
f4252d76-767e-4688-a6db-bb1165e471a9,2021,48675,A
5198e735-1c7c-4294-8f49-aaaa50c24985,2021,48675,A
9f380b56-5b37-4fde-bcf1-a88c8f67f962,2021,103062,A
47a51686-3213-4233-89f8-edda90f84281,2021,1161716,A
c0d2e361-ac0e-4055-bb4e-e45f9638a92e,2021,9425,A
b4190889-0035-41ba-87b5-80e35f6b76d5,2021,49054,A
34fd37b4-f9c2-4152-bb35-5408254f2a09,2021,1306689,A
22f23011-d180-4274-a45d-23b2a0258586,2021,1118057,A
103b53b7-a3e5-4517-b521-f707e158ec1b,2021,317,A
c4e61cac-d784-4c17-91e7-c8cd7538f8ce,2021,18683,A
c5bb1fdf-d023-4aff-938d-a577267cb409,2021,18683,A
a15f1bce-c8f1-4999-a620-c0d093c98b48,2021,18683,A
f0b977f9-90ee-43df-bf99-432ac0703b73,2021,40343,A
7dcc0842-41df-4e24-ae27-25e86c2ba02d,2021,1118057,A
0c687ae5-db38-46e2-8131-ea108f7b5ea4,2021,50082,A
07807474-0fc0-4dd4-8517-631cbd997ff4,2021,40343,A
39a88165-4e09-43d1-b232-e0ad106f8e99,2021,13595,A
3860e6b0-ef2a-42e3-9ef5-b643143fd08b,2021,98595,A
be8ec7ab-a088-48c9-add5-fc5d19e19dd6,2021,108660,A
c63079dd-ae94-4912-9ee6-7252a62aa364,2021,108660,A
5f19e7bd-4d2e-4375-8fbf-ff69019f47ec,2021,108660,A
09dd43c5-b70c-466b-89fb-b4454491db08,2021,91262,A
bb5a637e-867f-46a5-bfa9-ac144eaeba20,2021,1187671,B
68a339ea-0400-4688-b933-d8a752205fe1,2021,13595,B
184d100a-819c-4174-9114-71d56080d4a4,2021,114616,B
71c3f8a4-9cbd-444c-85fc-0ae9639f4e48,2021,88068,B
0d059e24-54c9-470f-9b39-0fd3ab86a90d,2021,94762,B
558b01ed-94ff-40ba-90c6-24958a0695ab,2021,13446,B
39de5f6e-7f3f-4507-a9c9-080f8e285668,2021,1322390,B
10019926-bb38-469b-918f-9d386e5529d3,2021,1306689,B
827dd55f-ae15-47a0-958a-f1485950d52d,2021,101942,B
ece1be26-7aa3-4aec-ac48-51f0dffe285e,2021,20756,B
dded2226-1eaf-4815-b4ee-f57f53ff04c2,2021,1376181,B
fd1aa602-d2c9-44fa-940f-e8bc2952bc6c,2021,106996,B
1065e342-69d7-4ce5-a0e3-d02664cc63ae,2021,94762,B
920b44c8-1dad-41df-bd29-88f4638a8552,2021,113687,B
ec20b1b1-95af-41ef-9a9d-911ec14a514c,2021,1258063,B
88293e39-9642-4e41-b55c-956b7c77ee7d,2021,1181115,B
1357b431-94f0-4acd-b4e3-9c23b3d23313,2021,1306689,B
d8339996-a3c8-4014-8673-af265a699e44,2021,106996,B
00718e0d-f6a1-4d41-bf05-98bb062ad0c3,2021,13401,B
5418f052-5f0e-4f1a-80a8-0183fa6af39a,2021,106996,B
3bcfb277-bd31-412a-bcb6-37b108f10db5,2021,1181115,B
e9d1c583-8421-49b9-b831-4b5909ef4dd8,2021,1314243,B
7923a669-9dcd-456a-a85d-2f97af32124b,2021,13595,B
a3821391-88fd-4c22-a523-5643b62ef83e,2021,43664,B
2da577de-669a-4e0c-86fd-af50967f568c,2021,101942,B
a1417a31-a8f4-402e-a526-4100617dd962,2021,18683,B
d93b08da-807c-4c35-8646-12b8aea85ad2,2021,114616,B
6b4dfdf4-ef46-4d03-bac2-76427bc8f563,2021,1351760,B
98432a55-85ef-43cb-8a23-5ccbf4767b68,2021,43664,B
240ec859-339f-4c01-977c-06fbe8912439,2021,41238,B
59886f94-1b98-450c-8e02-c3b2f25b9043,2021,98665,B
66424b2d-713a-4d1b-854f-127a3ab801c8,2021,13980,B
6f0f405c-cb77-4b60-a498-24c9250f298f,2021,1385942,B
d763d460-44eb-4fdb-ab77-a4bb2fca37b5,2021,113455,B
34487cdb-e618-4e89-82cc-0bcee66640c5,2021,108660,B
d97a620c-b1fa-41b1-b6f7-0ba38e956a3b,2021,106996,B
9862f142-4594-4f05-ae41-818bd5b6e30b,2021,94762,B
deb01706-762d-442d-8aed-758a7cd59c92,2021,1136142,B
88eabc95-549e-486b-950f-ba93b3478d20,2021,114616,B
029b31f4-08fc-4d43-b19b-ba6078e76995,2021,41238,B
ffec3716-5544-46cb-bd44-4d3067d32e0b,2021,9414,B
5940cc1b-1741-412e-a288-0f96b1e0f9a8,2021,108660,B
de02215c-0bc7-4004-aba3-6ba651c726cd,2021,13446,B
a526f3d9-3c13-4f4c-9980-a288e669e943,2021,48205,B
b955cd2f-bb88-4199-b243-e2e4905e1174,2021,13595,B
a967b396-be5d-42b7-a3ce-ed06f8d7d53d,2021,1265453,B
5325070c-ab6c-4668-9ffe-6750b8662ced,2021,1265453,B
c5174dc5-b6a6-481f-b055-e75aed4c9ff1,2021,19047,B
a09a1515-3d1a-4a97-bcdd-b2d27688bb40,2021,58808,B
0e9ba5b3-d3a6-4be0-8c0c-172a59533f2f,2021,1181115,B
49d40ff5-9460-4345-8e1f-ed765db599f2,2021,1181115,B
cf8fdd17-c2fd-445d-b568-ccfb6d50d599,2021,1136142,B
b6930a21-e6b6-4461-aa3f-e7f6e745abb6,2021,37862,B
430c1f79-a8ea-456b-8324-7cd87763c7b3,2021,48205,B
84960799-63f2-4e87-a19a-03a261722e67,2021,1322390,B
9f6f3b0a-2ef6-4b69-898f-f78692c763a3,2021,18671,B
daee979d-e07a-4187-8b49-e444d340aff8,2021,2209,B
df0f0072-2eba-4102-b139-6d7bfd978680,2021,43664,B
e5b4acbb-05a3-4a07-8f8d-1d18c2203f6a,2021,118994,B
992cbb81-16d9-4aed-b24d-864c35076741,2021,74737,B
ec8463aa-d544-48c7-b35e-f5c5a963bb18,2021,1427745,B
6d361832-7986-48cd-bb45-4c69eede65ba,2021,118994,B
34298e95-8c38-4c0a-8d84-21cebde31483,2021,48205,B
01108bab-b7bb-4e29-8869-34b9cdae9d8e,2021,99406,B
54cfb8fc-4c9c-4115-bab5-39d506ee2771,2021,2209,B
2157e8b8-7dbb-4d8f-885a-8e628816b3fa,2021,1322390,B
14975e26-5255-4ae3-ab21-ddc30920cfe6,2021,58808,B
d55236ee-5ce4-4523-ab1c-f48a04d0e1c7,2021,101942,B
0c433a9a-55c1-4b23-b84b-a7a565f29eb9,2021,49071,B
a5be55d1-2504-4e86-a8ee-030ee713663d,2021,37862,B
75b51b41-6c2a-447f-a715-ba86f5570dae,2021,37862,B
29de2e17-bb4d-4c39-92c4-3617cf9ee2f5,2021,107920,B
1c4f51e2-1f5a-493e-9b27-b384bd30cb9b,2021,47069,B
9ed9a113-5cd9-4c8f-aba1-92b5e8fc5378,2021,1108692,B
bf0b6677-19ea-4375-9c95-90c0798c2157,2021,116770,B
261c2468-b92e-4806-8bf0-859066ce31da,2021,1070485,B
43f350d4-1a6b-4f92-9892-2933fbe491a7,2021,47505,B
c6253208-9859-4a28-8ada-9e3a1d9cb286,2021,97443,B
5319b888-04b0-4a33-b7a0-3d341bf51b67,2021,108660,B
46546c62-b217-4dab-ae75-454c07b08a51,2021,43664,B
8ff2c0e8-d8bb-4d4b-8afc-29f684efbc9d,2021,95175,B
b6c79cb6-b6b1-4649-9c06-49369aeed8b6,2021,106996,B
961e1286-ce66-4607-9c78-30f565b078cd,2021,1300284,B
e687ef16-851d-4372-b0b8-9bac5f447233,2021,37862,B
b3de997a-454c-4763-b854-35f7dd00647a,2021,47505,B
508b2957-c913-4cc8-82ee-5fba58cb93df,2021,43664,B
e02e6a0e-02c2-4376-92d4-27d6cc7fd709,2021,19047,B
e3272221-7987-4df6-b570-1c10319c531a,2021,1203177,B
3718f76d-8876-46f5-a0fc-4823215189d5,2021,1322390,B
225193e4-c838-4275-8819-52b50c3768a0,2021,98764,B
0e556feb-d018-4c68-9fdc-f5f125dcece8,2021,13401,B
5eb0a09a-8d80-47b9-bb09-7519006356e5,2021,1322390,B
77224a67-c416-4c30-ba63-921060b14f20,2021,1258063,B
b127d4cc-1030-4612-8b55-c1c245b8b32a,2021,1101244,B
ccec21d2-701e-485a-9f09-2e2083786486,2021,106167,B
2c544968-e430-49b7-8274-031757a51df2,2021,1330347,B
4a66c708-f608-47e0-82ca-1566f1878a90,2021,48205,B
7f5f5ca8-ce73-4f5a-a46f-26feeb20f4ad,2021,1181115,B
de97d290-29c1-4490-883b-cebd12142163,2021,1190145,B
3343b7c3-a8e3-4ed4-960b-560792ea8370,2021,83388,B
6eb38fce-668d-4bdb-a574-acbd0725f23c,2021,98764,B
dd6cfb12-795c-4a15-9ded-8b5478efae1e,2021,19047,B
11b23b15-eba5-4477-a2b3-f73a24b4ab04,2021,108660,B
008138b3-733f-4667-a705-2648c6e47305,2021,1117717,B
54e9a915-3eed-4a13-b697-f32f5ef83df1,2021,18903,B
1f960b96-6aa4-4a6f-9bb2-d005373b01b7,2021,1132918,B
1bb0b007-e54e-4ee0-a9c3-4593cbe1c5b9,2021,108660,B
1587535c-4253-411e-811f-ea5eced8c665,2021,37862,B
faba2f55-cc3f-49af-a8c4-9a197722a87a,2021,19047,B
277048ae-51c6-4740-87d4-3f16db4a74c5,2021,98957,B
4cf055ad-2087-4e48-82a6-50c6456353e5,2021,106996,B
ab6c7de7-5256-45b1-bf41-56d0259c03e5,2021,106996,B
b9e5008c-093d-4131-8db0-8a0e914c631c,2021,968,B
d0e89be7-7931-4864-a0a4-5354a4f3a10a,2021,18267,B
195c6fec-b02d-4403-8be0-028275a37c94,2021,112086,B
48ddf597-90df-484c-9de4-f1be446a02ff,2021,106996,B
4cba687c-9beb-4c24-8ab7-fe9a85791a9a,2021,62484,B
cc361c43-4461-41c5-b22b-56521f2b0691,2021,48205,B
735dcdfe-c484-4ef3-b59c-d6de6cc4a3f3,2021,48205,B
d1a85032-f95d-4a9e-a35d-acb3a2954a51,2021,113813,B
c7cf6cb1-aa0d-49f4-ade9-5b94bb07dcd6,2021,968,B
aa21f590-a4dd-4ac5-9ada-bbde3ccfd426,2021,1267543,B
e476baea-ccf3-44c6-8e73-1cf11340bca0,2021,1351760,B
90fec25f-2df0-482d-9d26-b6d782d45961,2021,101942,B
7e43c94e-ae41-4230-9348-80593ef1d00a,2021,106996,B
d53d2d0d-9475-47a6-b5e3-fc66f39fa7ab,2021,108660,B
880778a4-7d45-4f5a-9a65-9e153546ba26,2021,13595,B
6333a5fc-2abc-4efa-9d3c-3067280cb373,2021,13595,B
423bf7ef-073a-4b93-a199-07cd66ce4000,2021,11730,B
737d5bf9-a1f1-4484-a8ae-749e4be26e83,2021,88084,B
61a20736-f9bf-4ec0-aaf3-4b9bde3d1896,2021,48205,B
d08b49f1-d45e-4b35-b38e-f89c46472c57,2021,1270596,B
3b53305c-7d12-4e6a-9212-3ce22ecba509,2021,13595,B
64573aec-e972-4d63-aa9e-7df12c6e6c2a,2021,317,B
3836dfca-920f-4942-982e-5206bcf8d649,2021,106996,B
5f557488-3312-4b50-8f16-9a96a600bd78,2021,1203177,B
db0f0d2f-aef3-470a-8f3c-e85a7b5bf4c8,2021,1258063,B
4d691cc7-da2f-4e06-8067-017e63a368b6,2021,20756,B
cef506ad-7562-48db-b39c-26f829ea2a41,2021,88084,B
5e8260a4-873a-400b-a895-5c90551e07c8,2021,1300284,B
dc34b4b7-7f1d-43f1-9b07-e3e45012d8b9,2021,106996,B
df5c169e-cca0-44f9-8dda-417273a2e933,2021,98665,B
ce914db0-0dbd-46bb-85fc-aa8b5fd07b60,2021,58808,B
ed4c7ebe-7be2-479f-a344-30ad8b33ea4e,2021,1322390,B
35e6a4bd-2533-4643-a5a9-f75a1d05cfc1,2021,108660,B
b2defe0d-2857-4be1-b7ff-8c915f3d3bdb,2021,101942,B
e9649b20-07ce-4e37-9f36-05a151948943,2021,43664,B
dc436581-eb7d-44c7-8578-683a269777c9,2021,37862,B
f3c8b412-a012-4e2a-9991-f618d19a993e,2021,48205,B
11cdabaa-8684-47cc-b5e0-8a23c5004a3a,2021,317,B
4fe12bdd-4cae-4182-8a54-c62fd5c75746,2021,43664,B
1d6b7d54-fd77-4d7a-80f2-2577ae440403,2021,37862,B
e7e4e401-627d-472e-8134-c0cd6062e41d,2021,98665,B
dcf5773f-df3a-4b8a-9fa6-62b6e01c6abc,2021,86326,B
7690c703-d5c7-4a7a-99c8-67a1c8c54bbc,2021,18671,B
700ae71d-10a9-4840-85e9-7d1d64fa33f7,2021,1403879,B
3eebaff1-b981-4a99-a9fb-912b144cbf65,2021,1322390,B
8ce4d2f0-20b5-418f-b969-caf89cd2d631,2021,40343,B
aeeea0a6-885d-40de-bcf6-1d9891d6c159,2021,18584,B
1b55ca18-1e07-4061-829f-9ad4f60a7a00,2021,5000143,B
a4c66f7f-49d0-42a8-9d8e-f881be320d55,2021,1403879,B
48c899ae-cf2b-47fb-b3ae-f595f6e37754,2021,37862,B
a8038d8e-adf4-4c64-a177-3757a6d4f447,2021,37862,B
b3759cf6-143b-44e0-93ae-5b860bd86bce,2021,48205,B
e856d8d2-9ea1-4d31-8470-a953950fb6fd,2021,95175,B
953f9040-239f-4542-aaa0-9bbc1409d89f,2021,97778,B
e8d9bb1d-c8f5-4e80-973e-8c577908c0c8,2021,64664,B
eb95256d-992f-4b1f-abb1-89d80c44ecb3,2021,107920,B
83271184-aa37-45ad-846b-269217582082,2021,13446,B
7db3f969-85eb-4e9c-a8d8-dc3b19951924,2021,57612,B
187e48d2-1380-41ab-862f-2710225f75c2,2021,56172,B
bdc89a20-9c55-4193-ae7b-804b9fa84dc7,2021,94762,B
708c3bd4-a301-438f-9083-3727bd8586ea,2021,106996,B
20b253d4-3afc-49e5-87ef-d38a6c61ee4e,2021,37862,B
97762611-e4e7-4589-b272-f868a16ceaae,2021,107422,B
db2e7ecd-f389-4c82-b30c-287a975e4043,2021,106996,B
ba61a70d-fdbd-4eb8-958a-9fc67f0b3dfa,2021,11452,B
070b119c-9567-4713-a8e7-a8d291658b77,2021,1299927,B
d59f4f2d-e4e8-4d58-96e3-5f441905f5d6,2021,1322390,B
68c70669-fb6f-4349-89b8-094be3030ff9,2021,13980,B
08f6ace1-17a7-4e4c-acc2-acd83b133352,2021,83388,B
40c80f21-020f-4f55-8ef2-c029c3bdb800,2021,88084,B
94ec970b-5b2d-41e4-8fcf-a6affb0617ab,2021,1203177,B
3fe26695-99d7-470b-82d9-79d8ed59c612,2021,106996,B
99017dbe-3f89-4e11-a6fa-94bcbb6736fc,2021,1117717,B
c549c76b-406c-46c3-b3e6-90234a4c5234,2021,106996,B
5d984d61-1a9c-455f-8c31-9df7855279ef,2021,18584,B
4ce69a62-04c0-4d71-99f0-924fb52b6ce0,2021,1187671,B
9ca0870c-e8c5-4114-82fd-ae8768eb0658,2021,1070485,B
55fd4f9b-537f-4e6a-99e8-f4ea08e478eb,2021,50981,B
4cfff01f-c042-4d41-b1cf-bc0ab6d74590,2021,2209,B
9a9a505d-801b-463d-9a17-bbed86701e2f,2021,1204325,B
a128f221-0da3-486b-88b5-37da9b70fdcb,2021,74737,B
f4007182-5f89-44cf-9d57-a3ba8fff52ce,2021,1103723,B
a237d4c3-9620-405c-af04-f988119d8e9a,2021,1265453,B
f99a65a1-9469-4822-bda5-d41284849b9c,2021,88084,B
c6ad2fab-ed0c-4d4f-bd5f-a0a85647e48c,2021,95175,B
25331cdf-ac6f-44c8-81ab-f746fe6e9193,2021,13980,B
fe635243-38b4-4ce3-b2c8-ff844ae263ee,2021,18558,B
23589b33-27c0-4bf4-8890-a0130ad5c537,2021,20030,B
9ac12358-d92a-486f-a203-7b9e500059d3,2021,2209,B
39f56695-b86c-47ae-bf4a-c904f16822b5,2021,19047,B
eb504759-acb8-425b-a424-e3e50d8c5141,2021,1322390,B
f5371d28-0bff-4464-9c0f-389e62d789d8,2021,968,B
ddb5d59d-0eeb-47a0-ae1f-282d2caad587,2021,20030,B
b9b35464-79d8-4f19-93fd-7caab78936fe,2021,968,B
5db09394-cdd2-45f2-89c9-6761cdf4b728,2021,67092,B
44352046-02ce-45d6-941d-8b5fd97224bc,2021,58808,B
83311457-ceda-4c8e-aa93-5cae7c83b742,2021,118994,B
1b762d15-3be8-4350-b7c8-671b3aeb1b9a,2021,1385942,B
b2d50340-7752-4dd9-b9ed-d53f00aa55c0,2021,37862,B
b52328de-b0e3-4c65-82c4-b3748b88e13a,2021,48205,B
824dc503-a45d-407b-8a9f-cdcd2bcbe09c,2021,46377,B
2b38faa1-92f7-4b64-a0ca-44d360f3ebe9,2021,18584,B
f427a320-3cf6-486d-b8c4-b6e5ce62988e,2021,1136142,B
694a52db-6958-4fae-91b0-2d0e61e89f3e,2021,1148708,B
6433fe3e-33d7-4208-801e-8a9473a4f20b,2021,48205,B
b0019716-7c18-4e86-8892-e744ada1bf83,2021,1190071,B
55998fe7-7a63-4f3c-8b68-6a39cffbf2ec,2021,1330347,B
35c16bc6-a720-4be6-bf16-c5ab96c6a60a,2021,1181115,B
5e01021d-9889-42e4-9ec5-392381d55987,2021,1269545,B
aac17b45-2f2d-4585-bef1-bd8a2d723c8b,2021,1267543,B
b4657888-0ca6-4dc3-a90e-ccd4b936b812,2021,18903,B
f657c43e-c7f1-496e-af05-7a98dc9aa481,2021,48675,B
e6c961cb-f29e-4ffb-af78-1f4ed45d62c3,2021,40343,B
20449f26-3f2f-459d-8812-9bca9a3889f1,2021,101942,B
35abafd0-9657-4fef-b681-8a7a80760540,2021,43664,B
bf8a716c-3247-4368-95c7-4503b4c4e1c8,2021,13595,B
82ea724c-6fdc-4ece-b9fd-4b331a274157,2021,94762,B
2fdb812f-5eb0-44ed-9a53-dd8a8e3679c8,2021,20933,B
152b5be8-54d4-456b-99ff-1e134ac60ac5,2021,48205,B
d5a0592c-5ec7-42b2-b97b-c3cb849ba131,2021,43664,B
d744c4d9-6cf4-4e93-9e36-ed22556adc57,2021,1299927,B
8a43db34-03b2-4932-be73-276a818f9a39,2021,20030,B
f286ccdf-a66e-4b79-8997-eeecbec16825,2021,106996,B
2e038a0a-8d86-4899-81ec-5b7033c049b2,2021,1258063,B
a7487c0b-a75a-42b5-ad1a-4aa02c4278aa,2021,9414,B
ce2efe77-3004-4c19-bdfa-359a34b8781c,2021,91181,B
fe3e9079-e76d-412f-b24f-b578893c41b4,2021,94762,B
a8e4a3a7-8888-4c31-a185-38b6ad8d9bff,2021,9414,B
94b626e9-a77e-42e9-a8d6-998a3ffc7cc9,2021,1322390,B
58fbf201-81b3-456a-ab20-69708b47845d,2021,49071,B
09c9865d-bc1c-4f28-be23-12506b7cf8e9,2021,108660,B
629f2ee0-beda-4ef3-a98d-24734ceaa680,2021,18584,B
b9574bc1-cfbd-493f-a750-2f695d06db22,2021,18584,B
bf90f932-66ed-4b4f-8d45-1da9face027b,2021,1190071,B
fb637056-9988-4f8f-8dad-7c1f5594d914,2021,1102628,B
ed53cb03-4fd9-41c6-b54d-a511a599822c,2021,37862,B
b065e0ce-c825-4fea-997c-dbb1555288ff,2021,1315444,B
777a560e-6853-451a-bd3a-ac312c99bf3f,2021,48205,B
f3bd0a1a-212f-4ee5-9105-2f98463ec517,2021,1322665,B
669829d4-01c2-4c79-95dc-690d8babd852,2021,1376131,B
170c0282-9821-4445-9d85-820771a87d5c,2021,107920,B
25071696-42c0-439f-a149-1fcb03c55ea2,2021,48205,B
26f4f683-8bb7-4f27-a64e-9cf33c9dfbe5,2021,50981,B
085d857b-424b-4231-a679-b9e12b9d209f,2021,106167,B
51b5ad10-24c2-4c2b-8a91-1a3734fb3c4f,2021,1181115,B
f4369864-2af1-4434-b769-1624a6c725ed,2021,107920,B
df259956-0d0a-4624-ab8f-af714d4fa0e2,2021,43664,B
2f50b1f1-423c-4467-a7bb-eac6c20e798b,2021,19047,B
681063c2-b9a9-4507-a707-a9bcca24c7c4,2021,90030,B
26f8979a-9702-4367-8523-99d25010659a,2021,317,B
de9e1a20-d901-4dd1-bae2-71224739b32a,2021,104360,B
761359e4-b029-4c82-9afd-a320dbccf859,2021,47069,B
f945a25e-4d2d-4db7-8542-767c1fe86ae6,2021,37862,B
66bce91c-6893-4be5-9692-364b1298f00a,2021,1306689,B
2dd8cf42-5074-4de8-95da-c9a1b966a807,2021,106996,B
807ccf1f-eb69-41df-8882-60109bec6214,2021,1322390,B
f885c298-117c-4d37-b5c9-d988c3c0f7c5,2021,49071,B
28d92eec-f686-4392-8ddb-f6a996d7006f,2021,1181115,B
ebd0990b-9dc6-460d-9807-049505e1a2bb,2021,1181115,B
9ccdf35f-5d81-42c8-94c9-54a0dc6333f3,2021,20030,B
3212be3b-3ee2-49dc-b7bf-c87987f38292,2021,1322390,B
86aedbb7-1454-4798-b8a3-a264dfddde12,2021,1102628,B
f45c8a94-57c3-4793-8d2b-172f7c1b226c,2021,55402,B
e5cbc9d7-d75a-489a-ab82-f84c85b38cbc,2021,48205,B
6e158627-3731-43d3-b078-b5f0056c683a,2021,48205,B
9337da4f-f62b-4a32-8736-b4ba3c7db262,2021,48205,B
8920b01e-4bcb-48d5-b8b3-c350bfa132ff,2021,107920,B
43aa075f-654a-4d75-8b63-fab92a2b9297,2021,57606,B
26cb46dc-c5f1-488b-80cd-7236035a6af2,2021,1351760,B
267f044c-a00a-45bd-acd0-2256fb61e629,2021,1047907,B
51d26c93-c3d0-4d35-b581-896b9f9a6591,2021,2209,B
3440facf-d17d-4c55-befb-822313e419d6,2021,1314243,B
b26017ea-0944-461c-b98e-ff029358cf7b,2021,13595,B
8fccda7d-eb88-4934-99e1-902379e1b63a,2021,13595,B
6800f01b-b5a1-4c2b-ab3b-17385d47350a,2021,1376181,B
eef57dc0-89e1-455f-84c2-2ac937bec1ec,2021,58808,B
533dfa83-f7ac-48e4-a3bb-4f4154e65864,2021,9425,B
23fc0286-706c-4894-a073-7b0cf287669a,2021,104360,B
4fc3166b-05fc-4fdd-8b65-1706841f65ee,2021,101942,B
a52de247-79ab-4687-87d5-f5527acfd899,2021,13401,B
3924feb2-5f3f-4d31-93eb-1139e1134b97,2021,13277,B
b8fad86f-791c-4cef-a166-0c0b67ff4220,2021,11452,B
ca79e944-9276-4229-bf5b-988f56b688d5,2021,19047,B
d667ac53-7e93-40f3-a422-f0a7d81522b9,2021,1351760,B
063c1d28-9b21-4d53-a174-fe50c0e54503,2021,318882,B
7ae70079-ec3d-4f1f-84f8-6c8497f60423,2021,88084,B
6a0e4bca-25b1-49ce-a0a4-105d0d57b77d,2021,1306689,B
ef7ba76d-c0b6-4572-8276-f4e7fa858ba5,2021,1300284,B
1201dbc0-9009-4240-963f-05eeeab89f6c,2021,113455,B
ebf447bb-7bf1-49d0-9926-12735591859a,2021,48205,B
134385b9-2e04-4f3a-b78c-70f8d0530b92,2021,53333,B
e14a40d8-ded6-4616-ac4c-25b51ceedd99,2021,107360,B
fb764f2d-7385-4992-b1e8-6c7665304819,2021,1190071,B
a351c54c-c32a-421e-b8a1-337a4a4d2305,2021,11730,B
3688284f-6d43-4c65-817e-21f817fc25ee,2021,22047,B
181692e8-0817-4124-8eb9-81ef7ef8759f,2021,104360,B
592f1681-c248-4c12-979a-f23192852c07,2021,118994,B
98572820-ce4e-465d-9017-201246c5eb6b,2021,1181327,B
bef2f2bb-086c-4849-af02-957edb2af443,2021,107422,B
09c80ac9-0644-446b-87b8-db19115dfa00,2021,22047,B
18c0f066-7e45-4db3-bcad-3bfd06f6777f,2021,1300429,B
fc638a99-b4c3-43b6-8c35-0e89b6aeefc1,2021,58808,B
10a7c239-6402-4c73-8bb4-0cf21f37680c,2021,106996,B
bc1e667b-2b0d-4834-9264-337349ec67c1,2021,11452,B
7719bd68-d803-4c4c-885a-395c69d63c38,2021,107920,B
a85958dc-aaa2-4fe6-9f37-c1dbbb4b741a,2021,968,B
597852d4-31d6-4c63-8c42-e0462a604070,2021,98305,B
3c51f7a7-5e35-4eb2-9afd-feb128f04a19,2021,13446,B
97fcfc3f-211a-4514-8b14-a5c60d127637,2021,19047,B
e559ab22-8dd4-42b4-9fd8-b18b5f0dda3e,2021,1288839,B
860b3c6a-2e32-42fa-a8b7-b355b7637610,2021,64664,B
82d2c91f-e96c-42a7-a744-2261a293464a,2021,88084,B
a5bd1f6e-a059-4418-87fb-76a4d2163982,2021,101942,B
8f486cb2-67f6-4cad-9042-47697504f921,2021,19047,B
57b8873a-9f4e-4197-b631-b486fc6046c5,2021,94762,B
fac817fc-1acf-4eec-adc3-60753b59c632,2021,20030,B
937c53b4-1612-422a-adc3-03124ce8d8ec,2021,106996,B
5e968693-75ef-4bfd-8ecb-6cb3a428f0cf,2021,317,B
1dc3f790-7bf9-4272-814b-241c395360ab,2021,108660,B
824ea7a6-9f75-482b-bf31-4b046542fbfe,2021,1117717,B
08f9b351-872b-4830-a480-8ab14485ac0a,2021,101942,B
14e5112c-3d5d-40a3-9c63-aa4878a3e90f,2021,11730,B
3069b1f9-8978-485f-a51b-ca4b1ea2cc83,2021,107422,B
accbc305-922a-41d2-8501-c3503659467a,2021,20030,B
1171d40f-1f2b-41db-b9b8-1edfd0d06a53,2021,98595,B
bc6846c7-2193-4993-a1a2-e361bc6ba06c,2021,1322390,B
ac21c345-280e-4155-89c4-699bf41f0794,2021,1322390,B
7594791c-fca6-4c33-975b-22d22d4c03d3,2021,1322390,B
bd637682-afaf-42de-99bd-479c4c33c365,2021,1190071,B
43ef38fd-8f6b-46ee-a7d9-3cbecdb1a072,2021,2209,B
62f36377-5e0f-4edc-9943-a08bfd2c3cb8,2021,83388,B
602cd17c-d9b8-4384-8180-e6682f9381f5,2021,9425,B
4fea6225-37c6-4d4c-88ea-5f2942281afc,2021,317,B
e89685be-2c8a-464d-92a6-a1ffb255768c,2021,108660,B
df0bb31b-85e5-47d9-a103-da09109b7dbe,2021,94762,B
a14edc68-de65-4f13-8beb-fe9d5e87c944,2021,83388,B
14b58a91-75c4-450c-94f4-98420c42b5d5,2021,88084,B
a8fd88dc-89a1-47cc-b8d1-bf91864380d2,2021,19047,B
a9d7b5ed-1e2a-4705-bdb9-01d1e7a44bfc,2021,113455,B
85e45077-8c1e-4bfe-8a8b-d1cd13ca5771,2021,113455,B
6a34e1ee-2558-4284-8c6c-ae6abd8a051a,2021,98764,B
480dc1cd-86a7-4425-84b5-7f186c8a002a,2021,67601,B
9c3374f6-c5f8-406a-b304-091c34b9dc89,2021,317,B
4677bff3-a774-47a9-a19f-8402facd5f44,2021,108660,B
a0b30b37-8fbe-41cf-9849-7e0ac5971481,2021,48205,B
fe17abfc-1f06-412a-a772-570d7ec414e9,2021,968,B
a229e243-f981-4a92-9a1b-049f495ddd6f,2021,118994,B
51c2a8dd-b17b-4aff-afa6-6b7f8485ad52,2021,1306689,B
92a486ad-6fe5-4561-9dbd-26d158c5b784,2021,118994,B
e7848044-78fe-4f6f-9d61-56941ac86030,2021,101942,B
66369b29-904f-41e2-88a8-4c229fac893c,2021,98957,B
ffc38cc9-8c9c-46aa-be9c-3a056c5fef94,2021,41238,B
a789cd76-5bfd-4413-9457-9feac119a759,2021,94762,B
4ac00a4f-e0d9-40cc-a467-7b15d3607d8c,2021,13277,B
2ff72a2a-6101-4ce3-bc0c-5b9d03c12e14,2021,98957,B
18329cce-95eb-4c3d-9e1e-51ccc2f61309,2021,13595,B
ae01fe08-4ffe-45fc-a4c0-e55b969392da,2021,20030,B
c208d6f0-0f12-4db4-8749-395e0ac50fc4,2021,55777,B
e1bfa12b-f0e7-4598-9f57-aac108c96162,2021,1322390,B
ad25bb26-72de-4681-9dfd-99a4874e3c84,2021,64664,B
c87e3c34-924c-4747-923b-a3612d9a6d4d,2021,101942,B
d63821c9-dd28-449c-a8ad-228b8bdafa46,2021,106996,B
406d7757-0317-4c4b-a371-e1f3e483b0b2,2021,98764,B
42087e4c-ca4e-41cd-845f-72fa56e86782,2021,11730,B
98fe40a2-1220-4eb3-a5ab-a50c5dd7ea6e,2021,83388,B
547b994c-a7d6-46c4-8c11-b52ad3780b81,2021,1288839,B
a1ecec6a-7b51-4bf9-8718-9b3b5d7b8af0,2021,48205,B
6cf85fe1-ff29-43cd-b253-7b2dee193a26,2021,18671,B
9c509abe-7da9-408a-bbe2-b38e3532d2f9,2021,1300284,B
5122fb03-3768-4872-b016-bbf71b8693ff,2021,41238,B
278e1d42-dea8-4a95-b9af-f18142b8b396,2021,49054,B
48915d02-b8c7-45ba-8c57-6b575351fde8,2021,58808,B
96b7b294-3e4b-4158-b073-8129356ee9f3,2021,1322390,B
31d8c31a-ddfc-456e-9d42-17986879bc0c,2021,1322390,B
e3d73a1d-8b2d-4a36-aadd-804c26544dcd,2021,43664,B
59758ffc-5edd-41f6-a1ca-687200867cb4,2021,968,B
79ac3f36-def0-40d2-9a43-4b013da1bd9e,2021,90030,B
602c712c-eb8e-455e-b528-f2c4ad4512b1,2021,1283028,B
ccbd879c-1628-4841-9511-d9242d48341f,2021,1265453,B
b2992cf7-a39e-48ca-9f5a-42e0ae36ce3e,2021,106996,B
0bbfc156-1002-4582-b58d-8e3df7704c8a,2021,1322390,B
b7a57370-916e-4122-9ec3-e264ab678a06,2021,108660,B
0ee280f5-c143-499c-8b6a-915261e58764,2021,1288839,B
ed567616-785d-43bc-ad7a-8cd7af21824a,2021,94762,B
ba4072ce-9f8a-46f2-8128-5c8227ddb948,2021,9425,B
abb9cb18-33eb-4749-81bc-2a611889539e,2021,1187671,B
a42bd1a5-bb6e-4864-938b-d27c1f94583c,2021,1385488,B
0ebbedba-4df5-4e9f-8094-1b05c82a8fe2,2021,13595,B
b4aae57e-2f74-47e2-9a60-82e7afd0ceff,2021,13446,B
95f27ec8-a503-44e5-b2e1-55a952a19a9f,2021,18903,B
991f4481-3208-4687-8857-4e2b80b36d96,2021,95017,B
68e10962-bc43-4f28-bc78-d2439993e53c,2021,20030,B
8aed98bc-18df-4baf-a796-8b9bac88d86c,2021,106996,B
908a4ee7-86a6-45f7-b0cb-c0ee2a7299b2,2021,43664,B
b1bea47a-eb67-4bb4-be18-400f921b8491,2021,1385488,B
d534cfb6-b63d-462c-953d-8fa8a271f820,2021,1385942,B
e360405c-0824-4da0-9eb6-6ebdbaed7e57,2021,317,B
4fc83447-4db8-4902-8b6c-028acd9d646e,2021,108660,B
b09c456e-4421-4b58-b29c-456511f38690,2021,1376181,B
a65eff8e-61aa-498c-a7e2-dec161a557dc,2021,98595,B
615f08ed-a219-4872-ba68-20c357891c0f,2021,1270596,B
f09355b3-baf1-46e1-b5ea-6809be682f99,2021,37862,B
f1b4aa58-a491-4b21-9fa5-4797228c592f,2021,88084,B
32d8dd3b-e35f-4dbe-beeb-7b7632e78a20,2021,1306689,B
ace1b4e0-77cf-4589-8e48-d2fb8621ffa4,2021,101942,B
65c5e922-1639-423a-8fc9-2014abef19d1,2021,5000143,B
7a4bcc0c-fe25-4745-b947-d53f8266bef4,2021,20030,B
e5630c4a-7e39-4e51-b845-a1a008c82d89,2021,106996,B
cafe7cc6-d559-4b73-92db-0f7fbc3b3e13,2021,116770,B
c9e6b314-cd3b-40a8-b2c6-1fadf78da45f,2021,1322118,B
89529233-bb26-490c-91b8-1105bd4239f9,2021,968,B
d02b2d0b-f637-4af1-a405-2d172244a96b,2021,5000143,B
eecbc22c-b7a3-4804-8234-d65da35fb816,2021,5000143,B
8d8790a8-813a-4f19-9f42-561ceb1a6224,2021,106996,B
702529c8-dba3-40ef-9afb-d3963b560048,2021,37862,B
ebe50469-2916-4146-b069-9e12a8c974eb,2021,37862,B
08d8ccef-7e2b-4bf2-83a7-a605553b2abe,2021,48205,B
a0bcd11b-f798-4e33-ac1b-eaea55fe38ac,2021,48205,B
2c88abda-c295-4aec-88a8-0a7f85edfc41,2021,20239,B
a5f45156-8e31-4111-bfce-610c2a676f4e,2021,1181115,B
e16b26b3-5f91-41da-b8f5-d764cfce2818,2021,103062,B
3c6cc9ad-d57b-46bc-b19d-6e01c4aa1b5c,2021,22061,B
62d0c187-0f5b-405c-9e0a-814e7d1cd621,2021,968,B
a833d67f-5eee-4066-b71c-7597f366ad5e,2021,91262,B
420f04b5-9845-4981-bee8-88e11ad16a86,2021,112086,B
7fb5ae9f-9279-488a-b7ff-775d379f29ed,2021,112086,B
e4898e81-f1ae-446f-8c14-34918bd48d9e,2021,5000143,B
b52886ca-30a8-4154-9281-f41df2c12a6d,2021,43664,B
7dd6c876-e85a-45eb-ad2d-6c2ab9632e4a,2021,13446,B
15e0c4b3-f817-46f4-8758-22c9b075d68a,2021,106996,B
a91faf5e-de59-4838-ab09-e9bcabd31b69,2021,9425,B
3f1e2955-119b-4b2f-bd49-f6dff9b6a1dc,2021,108660,B
7ff01246-5af6-4d5c-bc2f-af287e9bef12,2021,62484,B
7dd8a59b-2414-419c-8183-1f65619eb903,2021,1190071,B
b3eb6615-7b4c-43b2-91a2-84da6ab79cd7,2021,37862,B
d86f213f-0f6e-4230-ae6a-7f8e57b46c40,2021,1376181,B
4cf38ec7-fec0-4d27-994a-f3b20aca6c61,2021,19047,B
14cfb196-0ce5-410b-bb43-a7ac5a81bec2,2021,1269545,B
d714e6ed-2da9-45ef-ae9c-ec0c896e440a,2021,41238,B
767c04c7-2c89-4933-81bc-6f323f5e4977,2021,1376181,B
50917a87-c4cf-4ce7-aef4-c84e39ac4752,2021,106996,B
a6854507-68eb-4bc3-ac20-328fbf43d235,2021,1190071,B
26492e62-460c-4cf1-b799-223274f42d4d,2021,13595,B
35170ee6-6af5-4278-aee9-b8256c408d02,2021,94762,B
27a7e955-a80f-4935-a5db-56c246db6866,2021,107422,B
1c741cb0-e8cc-4678-871c-1bbcdd54c2de,2021,48205,B
36ea95cc-0aa5-415c-bc11-8b07f396796e,2021,18683,B
d4e1292d-ebeb-4474-aa3a-1618fa0c81da,2021,98305,B
59e869b4-d7bf-4660-96bc-618b91179aae,2021,87396,B
7eaa8bed-5fc7-4fed-a292-2b798a00ea00,2021,106996,B
19349bc4-ce34-41aa-b8cc-174c02147388,2021,1322390,B
08ffc3ac-6de3-4394-812a-a501eaaeb019,2021,1101244,B
dae3cd56-ba2f-4deb-9ae5-d241d27fec75,2021,1190145,B
33eceaa1-8271-4acc-86cb-137b70c7ec90,2021,37862,B
16ddb5de-1eca-451f-95b8-18ba815cd380,2021,20030,B
50a51865-743b-4f24-8e49-8276bde05243,2021,106996,B
f2cbd841-e208-4504-9b0d-99cbc9984eeb,2021,1322390,B
cae1d07d-018d-422c-8ea0-04772cca9aac,2021,106167,B
e3a86f9a-1e69-4aca-b83e-609daef964b5,2021,18584,B
8984bdd1-8d0b-46be-bf2c-8460d2758bab,2021,13595,B
ddb1e369-a2c8-471a-9060-a6fea2ac2d27,2021,1102628,B
62759a21-2213-4bd0-b983-d47f2d7fe9a2,2021,94762,B
06fc474a-af02-4f13-813a-ad23876a5a63,2021,22047,B
c99cb1e3-8fd6-45dd-89d2-ae3b172abdaf,2021,9414,B
4b8a36f2-ea85-468f-914a-265675dbd14f,2021,117532,B
0d1c8f80-6f4e-4ea9-9a5b-aeb79449e09f,2021,95175,B
f211e8ac-9903-4671-816a-171b4031cb14,2021,1101244,B
63479b3a-2d5b-4f47-bc96-4d93aa34ae97,2021,94762,B
5b0ac2aa-b8ae-49e5-ac8b-e972120a68e4,2021,59122,B
9517f1da-9e2f-4e1f-9e5a-5b2e06100ced,2021,9414,B
2b16058f-a9fc-4edc-9218-540301c13efe,2021,117022,B
6bb1e630-077a-44f7-865b-b52370ac71df,2021,5000143,B
73662933-100f-42d3-bf10-ae7acdfa6529,2021,5000135,B
95e0c893-b2c7-467d-ba0c-eea455cd4c96,2021,1190071,B
9e9a1b9a-0715-4335-85dc-c7c780931405,2021,108660,B
81dda8c9-fd43-46d6-a38f-f2e3049f1045,2021,98957,B
30921140-ee51-42ad-8686-57dc89dc16bd,2021,1148708,B
629b5291-83b7-4ef8-be22-ffac4db9a242,2021,37862,B
77b6b7f6-744c-45bd-8b3d-2c7e9951c135,2021,1299927,B
0d656aca-35bd-46c2-83d8-0b9f1035bd9d,2021,20030,B
fe0da1bc-c42f-4596-917b-e7c05c70cf69,2021,1322390,B
bbf4cbc9-2cea-49f8-90ff-acfedd5a2030,2021,83388,B
89aa25c7-baa4-4475-a731-c023bae955ef,2021,968,B
5044aa02-a636-4c9d-af87-f68f8c228561,2021,968,B
bc9cb0c6-3952-4a6c-97ae-1a8e87ba2ae5,2021,968,B
5a4e8115-3342-4880-bb41-3c2a423a3ad7,2021,20933,B
167d3cc1-7465-44f1-b8ea-15781eb090b4,2021,1108692,B
ad03c1dd-83ca-4963-8fdb-99ad5ce17de6,2021,13401,B
7e5a5c8d-6ca0-413b-8945-39256a5dadf6,2021,88084,B
93938d67-2510-47fc-8759-a767e3abf76f,2021,1136142,B
2cab0936-d78f-4f65-8383-5b5114980665,2021,48205,B
c43f3124-7b02-4be4-a9d2-7d17fd8c7767,2021,49071,B
46d8f269-2894-4ec7-91c4-37cd61545f90,2021,113687,B
42c333be-8e39-4ad8-8d7e-0c74f8947e2f,2021,116770,B
244e8c7d-ae9c-49c6-8cb5-1fe7b181c0d2,2021,513,B
3448e176-4a24-40a1-9732-58886e94820d,2021,43664,B
d8c80b23-5c20-4aa2-83b2-f5b1e070716b,2021,107360,B
539be0e8-3461-4025-8af3-7591266c5e34,2021,107360,B
9a81c64f-4624-41b9-8e27-644ce2c8d6ad,2021,13401,B
c45b4b4f-a4cf-4ca1-b7f6-b25ac0cf8d0f,2021,37862,B
5ad774cc-4a36-4717-abe6-92ebea2aa323,2021,113455,B
950606f6-37de-4919-aafc-aee977c8a79c,2021,88068,B
5a450d5e-3622-451f-9629-fb367e02f24f,2021,20030,B
580e5be8-9cb2-4aea-8817-b008f75d72eb,2021,50981,B
bb5ae05c-9443-4a2e-a22f-89e9775d6438,2021,5000135,B
15b292ed-9c80-4eb2-86c7-3716d3ffc67c,2021,106167,B
bfc54522-be2c-4c70-b72d-4c24e2d811ee,2021,9425,B
bddde3d8-e27f-4d20-8288-25bd953f36a0,2021,108660,B
ed9aef8c-e837-45dc-8f32-5774cb9d7937,2021,19042,B
e9275983-b871-4dea-aeb0-e5b13a7d384e,2021,98305,B
fcf06de9-61e0-46df-9b3e-84495430681e,2021,1351760,B
c3fb6d18-f9ca-4c01-ad97-3113c908c127,2021,43664,B
c6b86765-8ffa-4c70-a729-10e215d3b911,2021,106996,B
f06b06bc-f735-4db9-b107-ba1e782d4819,2021,9414,B
e890837c-506c-4a16-8f72-25133777e002,2021,1322390,B
a71090f4-de50-4033-ace2-d1249258f006,2021,1190071,B
6ce513f4-0aab-4597-9aec-3a468a4fb3ae,2021,11452,B
7f650678-460c-4dc4-a1ad-8201ae734209,2021,43664,B
7aa129b8-4459-4886-8f80-4e6d8b2d83d2,2021,2209,B
f3cba2df-9950-465d-a005-18c3400ed202,2021,1314243,B
55e0e132-474e-4e01-841e-8509dd8d5c9c,2021,1136142,B
1beac68a-0103-42da-81fb-e716cfa51fe3,2021,113455,B
8e6fa313-dc6f-4140-b81d-f621edd179cd,2021,22047,B
9531b0be-4eb1-4723-adb5-ae2e37dfc0a6,2021,106996,B
da7ea7ba-b5fc-4d07-818f-1be8dba41320,2021,101942,B
e4023e19-ae84-454d-8aae-7d5ff895d188,2021,90030,B
3e912c36-4d79-4481-ae00-a2da55ad8c62,2021,22047,B
90ff4ba0-108e-4982-ae36-4bd4041eb321,2021,95175,B
240a792c-3069-4373-b5ed-a0490322f8d7,2021,5000135,B
83ebf760-783f-4448-893a-4df7d1d0b5d3,2021,1190071,B
fd4bc227-638d-494f-ba3e-dc7838502d6c,2021,1190071,B
953cbf0a-4ecd-468c-861b-6c3067a957b4,2021,1385942,B
07ac5b77-a734-412e-bba1-a51192419fc5,2021,317,B
b764dd9f-4175-48a2-ad07-e5ff50044063,2021,19042,B
495ea194-2954-44a8-99d8-6be6904f8cc4,2021,47069,B
0e9fb2df-0154-427d-b36d-b30997e8c81c,2021,37862,B
82721230-13b7-4c3b-b294-90225d483e24,2021,20933,B
6cbfcdd0-ea47-452b-8af5-22e7ee4b1bce,2021,1047907,B
a6f9ba20-98b0-4fee-b124-e319318d7102,2021,48205,B
828c4908-6e78-49d4-b65d-b2342ec2ee2a,2021,1351760,B
dc5fb0db-8f9f-4db6-8ec4-69d6751bcffc,2021,98665,B
992d48b0-665a-4e35-b1e7-c63002931f87,2021,1288839,B
21dfb896-4f02-40c1-a7ec-a5cc98f82c5a,2021,94762,B
23151fea-a5df-4339-b7a3-6e1434f421b6,2021,107422,B
dc844674-d42e-4c51-9728-e019ace95a54,2021,1376181,B
74932636-ecd1-4030-a68a-b2e8e31d258a,2021,106996,B
f7680ac3-a9eb-4d89-a7f3-be724ff6b0f1,2021,1322665,B
63a22b01-dc6c-466c-926e-c958bd74837e,2021,1270596,B
d95df787-9480-43e1-bd0c-bc8bd4e2f43f,2021,54934,B
7d64d136-f360-44ff-ad25-96c12a89b209,2021,57606,B
e99f8d6e-9020-468f-b334-58ef51b5f0c9,2021,1351760,B
6f46e51b-0518-472b-ba3b-2fdd54fabcb0,2021,318882,B
d08617f6-c811-40ef-a49a-e7e899947fb7,2021,37862,B
d722af5a-6926-4062-b9fe-b5c975759cf3,2021,95017,B
641e054e-50a0-4588-b93c-8dce2eac2324,2021,59122,B
d449d531-6fce-4c03-beb0-4254eea32e10,2021,20030,B
4ce5834c-2492-436c-a352-b24a289300e5,2021,43664,B
9d661f3d-4f58-4549-917e-9c2a979aca33,2021,57606,B
cbabe7d9-bb29-4e9c-8591-ed9c6108c68c,2021,1265453,B
859af711-e8d4-4f62-85e2-79a186c612f6,2021,11452,B
707c61d3-564e-4a45-8da5-828962d2b976,2021,1136142,B
d6f0cf85-be01-41bb-a70b-ea5a1e5fc174,2021,1385488,B
df7d9f36-ebd7-4535-9828-2bf3142f2848,2021,5000143,B
72e4169d-f298-4345-819a-120c37ceb16d,2021,98305,B
39ccfae3-60ff-48fa-9388-71128087713c,2021,49054,B
57b6bec3-006a-4ec6-8e53-f51fa388f6ad,2021,1283028,B
aff0889b-0295-4c96-aa74-26fa33fb47f6,2021,48205,B
be0d5c78-166e-4003-99ec-039624572d2d,2021,97443,B
777b1952-0c3c-418a-b2b9-085342fb7617,2021,113813,B
16649af3-86fa-4985-99c2-5d66e07b0830,2021,1318224,B
563117cd-bcdc-493a-ad87-1bacb085a22c,2021,1314243,B
bd20e2b4-c309-4ce0-910e-50e9ecd46c2a,2021,106996,B
115dcda3-6d1a-4af7-991b-22a48a6a9d39,2021,1306689,B
33161790-736d-4bd9-a66c-b741150d42fd,2021,21464,B
2c45d0e3-f12f-4987-94a0-d37b99f438b0,2021,1288839,B
4c82eaf1-6515-4b66-a32c-0454f0e30be6,2021,37862,B
5ecb2745-63f2-4139-a6c7-a6ab0f9a794c,2021,53333,B
37586ece-ae60-49a4-9013-cb97935c84ef,2021,1322390,B
90d69453-4486-4b51-8e0c-dfe928dc9ba0,2021,106167,B
5be4f0ce-6810-4951-bcb0-0a7e30e53607,2021,43664,B
7a98e545-ab0a-47b7-a4b5-c145a15ccb0d,2021,108660,B
5da4cfb8-edfe-4097-8163-92db22910a02,2021,88084,B
10eb31da-3647-4391-a625-002944a68e16,2021,88084,B
0e94ceb5-d3b4-41c4-9925-4b1673e7c9ea,2021,1070485,B
c8cce189-b22c-49e6-a553-264369bd54d4,2021,74737,B
379609fe-95ad-4cc1-a4c4-b54125b0a05b,2021,1376181,B
61cf6b81-3a80-4dd0-9830-5fd67987a071,2021,1376181,B
443235e2-cfc5-4197-ae84-24294be7968d,2021,91181,B
975345f1-5266-49e0-8489-ad39b10f8b6f,2021,103062,B
8e581eaa-d6e5-476d-b6a2-cbeab0d97008,2021,19047,B
775f3ce4-c148-4ac9-b7fc-fc9b12f57165,2021,48205,B
ac4285a4-cbb2-49af-8476-900ebb7da0b1,2021,1322390,B
91807c7d-43fa-4386-815b-e55b9234e101,2021,98957,B
027b8f66-3e18-4d6a-beab-f53fe9c42e61,2021,86326,B
c2cc1866-c760-453a-b0d3-1b34896b5e93,2021,37862,B
2cd545ea-b0a3-40fc-b926-d396bd48068f,2021,113455,B
b92f4176-99e7-4c9c-9b0a-5ee292bdd36e,2021,1047907,B
fdcd7a51-14fb-4e2e-802e-d62214eda62c,2021,58808,B
ce04be56-4ff6-455d-92b6-9098ce2fc106,2021,1322390,B
5b144eb7-7eca-4bf9-a088-c241b3def548,2021,64664,B
138e4389-07f5-4fdb-aecc-adda702255d8,2021,1181115,B
2ca58206-feb9-48d5-b1e3-f1c00bc0be66,2021,43664,B
0462e81a-2f52-4d1b-9ef0-4fcbd0d8b027,2021,317,B
47cb3238-250f-448c-ad68-b3341bcecfd6,2021,19042,B
3a3ed478-70dc-42cd-b8a4-9f6bda15b025,2021,968,B
f9e12406-0e2f-4217-88de-2473e1e4462e,2021,101942,B
cf3fd8b4-7540-46f7-a91b-0df9539cde8d,2021,101942,B
060055bf-6fdb-495f-bdbc-1670bbe0bb12,2021,88068,B
414655fc-bc17-42bc-b479-4e7389bdc034,2021,1270596,B
eff7199b-e919-486b-bb99-b306a08b2885,2021,1306689,B
3fc1c527-c078-4609-b629-671d4ef7283d,2021,94762,B
a5d96feb-af8a-4146-bff1-cbe62a2c9cd8,2021,1148708,B
ad2e273a-64f3-4774-9ab9-bbaf65dbbeb2,2021,53333,B
348e2144-16b4-4aa3-89c2-31097c53bb0b,2021,107422,B
0a7a0c67-e45d-4d12-a8bd-6a02649506fa,2021,1322390,B
0e36ad6d-d70e-4919-b9ce-0afcebe592c6,2021,1270596,B
1468db65-682e-4a5b-b352-0013f3bada03,2021,11452,B
24542c11-a5f4-4dca-8ed5-5041f9c8249c,2021,968,B
538ac722-5eab-4e5b-aeb6-f3dea56e9eac,2021,513,B
4d341cc0-c4ea-41e4-be79-2ebd9179046d,2021,1265453,B
d7db61ac-7e8b-419c-b678-ec85bedf9320,2021,13446,B
2841f09d-b43a-459a-af6a-195199732a4c,2021,106996,B
8ecfa3cf-f94b-4906-9682-44e8e7b809e7,2021,83388,B
ce115c2c-4bb6-4b73-9b32-3cbc7e1ef8e5,2021,1070485,B
a6c04636-ae3d-40d5-8d80-f1e1f940e47c,2021,1070485,B
43af5cf6-977e-4033-8e7c-8a47c5139018,2021,1315444,B
62cf35df-f7f9-4edf-84be-467746f12061,2021,48205,B
b3ecdac4-960a-456b-a344-749e2eea04d2,2021,1322390,B
472ab611-4cc5-4bef-ae8f-80334d704a6a,2021,98764,B
d99cb37a-ed00-4aef-a6ec-1c6e0cc0a84a,2021,968,B
50043a84-21d4-4976-b761-3e827d5ec228,2021,18683,B
d56044b7-35ca-4839-8821-0563285e746b,2021,107360,B
6817aa2b-b5b7-4bbd-9f44-83ab30e59409,2021,37862,B
3a938b4e-0b54-4e87-9b82-45f18d3ea90d,2021,1136142,B
94f3e62d-bbdc-48f6-a545-f7acf2b55b43,2021,74737,B
493bd673-9fb4-45e3-a005-742d30d62aa0,2021,59122,B
6f304df7-7fc8-4be7-a195-cd7e32bcac06,2021,106996,B
db5fd6de-9b1c-4c12-87ec-f4a2a3fd5037,2021,106996,B
2aff0947-9853-42ed-98fb-6b77eaf85eec,2021,101942,B
ab35cc14-e776-4b96-9540-bf11544e0e4d,2021,5000143,B
51b1220d-356b-46e3-8238-cbd71bdc62a1,2021,1139692,B
bdd7f46d-45f2-42cc-afd9-5a691205934d,2021,1118057,B
a5169309-6e78-4336-abbc-0195e7f3cf50,2021,55777,B
0b541271-6137-4739-a70d-0e6c135b6508,2021,95017,B
986c7628-3337-46fa-9b2e-b6493a56dc02,2021,20030,B
b2c89db8-7258-422d-b6af-b56a212d55e6,2021,106996,B
37dd1da7-8c98-4813-b1cd-aaf94b9874c5,2021,1322390,B
8e985b7c-8f34-4995-ba8c-b3bf62ccb436,2021,10515,B
82b92919-09f1-4705-91df-0bada4ab5552,2021,1300284,B
9b816c01-f33f-43f8-8f2b-598d842553b0,2021,86326,B
c9463d6c-14b9-4b86-899a-1078ae4e2867,2021,1267543,B
8a4f37a9-8b91-4ed6-bd5b-c6c59f830d4f,2021,41238,B
c74f8fc5-0864-4ab4-b945-9bb628e09918,2021,9440,B
ff3a7dc1-a556-477d-a4eb-2b48badc4e87,2021,19047,B
d9d654be-8a4f-47da-8f0c-2845b02c6241,2021,118994,B
fdcd196f-e9b5-4c1b-9610-5bc41e631b65,2021,1376181,B
eabc6462-032f-4fcc-9cc6-ca5e3edf5ac1,2021,48205,B
38ba3d4b-0204-43e6-8832-b1a835bbe6c7,2021,9414,B
79c9dd76-3a54-4740-813d-1170c39de22a,2021,98595,B
b3fe4a5a-465e-4f1f-abae-cb39fa4b2060,2021,106996,B
30195cb5-3f98-4c09-9b9c-82c7c142c99e,2021,58808,B
06858dea-c116-48c3-a1bc-3774f534b3c7,2021,5000135,B
b054b883-fb7d-47f1-bcc9-482233c6f38e,2021,1322390,B
24275fee-4292-4def-928d-c4f26105f0ca,2021,1101244,B
ab32ab2a-4ed2-41e7-aabd-afd25244660c,2021,1306689,B
5b8ed001-2a9a-453e-881f-88b468d61f06,2021,94762,B
fa9aa3bc-b4d4-4585-893b-f969a755103e,2021,1161716,B
5f1c83e7-4665-4c1d-8d27-95e431999f40,2021,5000143,B
c7471af0-8bdc-4385-b299-6e0d8e96a49b,2021,43664,B
c375e731-0038-438d-a74b-90a49004339c,2021,1190071,B
a83f252d-662d-46eb-a048-8b23b859a515,2021,1403879,B
698ad0ed-ae8b-4293-919b-a8456bddc00f,2021,53333,B
eea16923-c03f-480f-8ccf-6c5aee75853a,2021,13277,B
aff01042-e1bd-4f9a-999c-0e3dc28cd61e,2021,116770,B
74594d0d-85d3-4e66-828e-8a4db6f787a8,2021,21464,B
bc7074c9-5814-4c60-aa47-a5560efbb856,2021,968,B
d4eeef51-0667-4f5e-9dbc-5011252a8c47,2021,117022,B
acb55cfe-9828-4ec3-88e7-10135e77e8d7,2021,118994,B
7bb222b8-852e-4816-8d42-2902d295685a,2021,1306689,B
100da85e-0d47-4768-9659-3e36ff9aa1fb,2021,101942,B
1edb7d2c-295a-4cd1-9096-abf7b71a7680,2021,5000135,B
9c30abf1-b242-404d-b8b1-85ccfe0c7133,2021,43664,B
298c83b0-110d-448a-a821-1684a8b76217,2021,98665,B
940b1dfc-71c7-4575-bfbd-6fa7394d8208,2021,37862,B
0db05569-1400-4fa3-81ae-fa710b455da0,2021,13277,B
7edf1548-8014-4059-8517-6771f03ad1d5,2021,1272079,B
d12a587d-a674-4547-b20d-48c699afbbce,2021,101942,B
2d50bc0b-a6de-4ec1-a0c8-1c80bcb83d98,2021,98665,B
9d62903e-f717-491a-a3f9-12dfc7563016,2021,41238,B
4cf66679-72f8-4ede-b059-8b0fdaca542f,2021,13446,B
a73ca2a3-3b60-4d0b-8939-b1bec5da79ae,2021,1047907,B
c70d82d1-ea2e-45f2-be0b-7f08ce667db3,2021,1376131,B
922096c0-b3d4-4f91-948c-6f1150247d5a,2021,116770,B
50195fd6-2904-4f80-9c83-0ad958568fc7,2021,88084,B
0b1b9155-e71b-48cc-a09c-e8596f940102,2021,18559,B
d6a7102e-259c-4506-8e8d-e7bfb817f802,2021,98957,B
cecb953b-b848-4f12-a713-055d7153078c,2021,1190071,B
daf7a34c-d0b8-4cde-b4fe-f547865bd19b,2021,1265453,B
34562cf9-969e-4825-b4af-f29a4569edb9,2021,1376181,B
46074764-95d7-4622-8b40-6895e5955c76,2021,98665,B
74e9cfa1-8656-44e3-a445-024aba8762be,2021,1322390,B
21fd60d5-6d52-4400-a306-2d932272fdd5,2021,116770,B
869f4f74-6cca-43b1-a056-dafc816a351b,2021,2209,B
900c7aed-bc85-4940-9904-d9fc90fd2f44,2021,18584,B
fc0fae9c-6c92-4d83-9f41-e8f8e42cfd32,2021,20933,B
52cfbe7d-94f9-4a39-a38b-1e5a2c4b1572,2021,112086,B
af248050-d77f-429a-8c43-5f76797b459d,2021,101942,B
5fc4f685-cbfd-4051-bd72-41f220ec79fe,2021,5000143,B
4f85459b-cb66-43d0-8a92-349788213fe4,2021,88068,B
b8701322-22ed-4f4d-9f47-f315940ab2cc,2021,87396,B
02188ad3-9a3c-4a08-a352-4f2f76644873,2021,1101244,B
2ed01f23-2ae2-489c-b930-f6f5ede6f85e,2021,64664,B
266db963-5a06-4371-a4d0-6da3de19d549,2021,106167,B
a7e8a396-9fe3-43cd-ae55-691015ee5521,2021,107920,B
82227ab1-2bd3-4b03-b9b4-31913bf5aa36,2021,49054,B
6610d2e6-9462-4866-9c56-9b5de43002c8,2021,50082,B
af08448f-57f1-477b-82a3-a629853c1eaa,2021,18584,B
ba11551c-b572-4810-9a8d-63fa5f89314d,2021,513,B
a0a92078-c028-4315-bfc5-038febce5c2d,2021,1269545,B
68d0a45d-1075-4345-ab59-9b1c26232c86,2021,98665,B
e0496700-77d7-4a26-a89b-bebdfcce682c,2021,1376181,B
fc87884d-65b8-4ef6-a9ea-a601f5f29dd5,2021,1306689,B
a0c860e4-1563-4819-9c40-cd8ef4bbe6f1,2021,1190071,B
c42e3d84-9c66-4707-848e-0ac8d0fc34df,2021,1270596,B
fc47cdc6-71df-47d8-9d04-6006c5165bf6,2021,87396,B
7845e18d-1b2b-4dd6-a49e-6a57b0c3cb74,2021,101942,B
8de8fd83-5d6f-4077-bce7-9ba2dbc7b274,2021,67601,B
69efdcfd-be34-473d-9a49-b148e9ee4886,2021,41238,B
40bc5fdd-5316-4ee7-9b00-785b0b7cb899,2021,1136142,B
e724c9f9-57b0-4aa5-b48f-46cfa22bd42c,2021,58808,B
ee5c6478-c6e1-40be-9bcc-edc625d82208,2021,11452,B
22938ff8-510f-44ca-a52f-eb19b59ad89e,2021,91262,B
7a22ad1b-c627-4626-aaf3-afe5fff55658,2021,18584,B
e53df69c-a464-4a51-add7-18099282af4a,2021,18559,B
94b4e4fe-7f82-4f86-abea-09b0345e71a1,2021,73140,B
732227c7-620e-4521-b3c0-27615c4a37d4,2021,37862,B
ef052bea-1d14-4422-884e-330e32315266,2021,13277,B
a6a18706-b43e-42b6-adf7-752219a50d70,2021,2209,B
12992973-f39a-42b7-97d8-42dc5b0f0de3,2021,18558,B
31130423-4471-46ce-b82b-c0b84375a598,2021,55402,B
44cb6935-f9cf-468b-8cd6-15bca8a96b69,2021,1267543,B
9d7be00b-50d8-4db1-ae5c-916822fca501,2021,41238,B
6b9a2404-616f-476e-b00a-51a71f43ad64,2021,1148708,B
53370178-177a-49c7-86f8-8e5f4238a193,2021,19047,B
30a45376-078d-4226-bea4-1139c87602a2,2021,1427745,B
47023260-b64e-4795-b734-0da5bec5c3e7,2021,106996,B
8b632def-4a18-4902-8b91-e0743c2e221a,2021,968,B
441c2c5a-4dba-403c-a4fb-b5f6b8bc9c16,2021,55402,B
ecf2e109-f32e-4d22-8164-4ec3bb968fd4,2021,106996,B
6598949e-1998-4ebd-a900-7a475caacac4,2021,1283028,B
fc17ce78-de6b-4299-8f9d-be50e2877b5d,2021,20030,B
95f84888-e548-46f0-9d17-8784744ba644,2021,98595,B
ee6fa3d5-91a2-4bb8-ba05-7965c4de13a8,2021,1322390,B
15cde283-90b4-46ae-9854-a7d855c888ff,2021,64664,B
2e14475e-ede3-4da1-a53c-4c8a160263da,2021,1267543,B
eb6b499b-0724-424e-96ea-72d8af0f3734,2021,11730,B
ec34f19b-732f-4e24-8756-0b3e4bf7c614,2021,88084,B
1cd4cbb1-6733-40db-a53d-6de0ee3402d3,2021,49054,B
1f70c382-62dd-46be-ac76-539eea8ec1fe,2021,90030,B
d1ff0d15-ea3b-4cb3-9014-07d02fe4f7de,2021,1288839,B
1569db9e-6780-42ba-bbc0-faef57db4a5e,2021,94762,B
7b0fe522-fc77-4ee1-adc9-a0b7b9efa8f2,2021,95017,B
28cd1240-a560-468b-a392-140f9c95aeb1,2021,56172,B
6b36c136-f480-4c4e-b8c0-2c87a3608018,2021,114616,B
f035de55-aef5-48e4-a9af-0343cb658975,2021,117022,B
7c22335b-7271-4c30-a8b1-f2b73498e3f9,2021,10515,B
fd13110c-609d-495c-9b9b-ba63b8c43a56,2021,1330347,B
4c3a8b70-e8f8-41d5-8e61-24c32dffab0b,2021,1300284,B
dce298fd-35b4-4eef-aaf3-be5de4571224,2021,108660,B
ceb97f15-bb9b-4541-af86-40084f851189,2021,104360,B
636491f0-7c05-4e37-875e-e05e0f43b5f9,2021,13595,B
fa47a2d8-0fbf-4bad-be6d-c22c4c83080a,2021,106996,B
0557d5e9-0f56-4249-bf8a-1b814edfc74a,2021,37862,B
7dff1fe1-6f94-49bf-8639-017ade0d3805,2021,106996,B
e1345231-5338-4741-bfc0-ff154b9397cc,2021,5000135,B
53dc03e1-479f-40bb-bf62-43e0289d5e0c,2021,1270596,B
a4952c08-97e6-4ece-831b-917b182954bc,2021,104360,B
1ccb1693-7e3c-477d-bd13-383f04d132e6,2021,20030,B
2b6c8830-d691-4d4d-bd7a-d774293d4cc8,2021,55777,B
74167bfc-60af-40c4-b474-8e6359e5bf17,2021,55777,B
0e8bbb26-5eda-4783-ac59-ccc378728f3f,2021,108660,B
6055e66f-ac75-4c0f-b9c1-95eea232d9b9,2021,98305,B
ab7d8dc8-39e9-484d-b5f2-6923449fe4bd,2021,43664,B
1bbecd37-120f-4da9-b16f-3a471530a65c,2021,1376181,B
e5e82b82-9319-4086-bc48-bc295117ba72,2021,20030,B
b4ba3509-b6ee-4edc-8103-192f3cbcf8f5,2021,48205,B
d0951d00-81a5-446f-8d57-3630a006a5dd,2021,48205,B
fa14bfa7-6337-4397-9bc9-372766798a0c,2021,9425,B
9681e910-14f0-401b-9000-699e9fd1ec6b,2021,98957,B
be8670e0-b9bd-44ac-b6ab-d2bdd7a41d25,2021,98305,B
fc66c953-e2eb-412c-a5c2-9eec2d03295f,2021,107360,B
d5dd0687-e9cd-4d94-873d-a7980bc1629f,2021,113455,B
1f2eb607-378a-459d-80fa-79c7efcdb4f0,2021,88068,B
dc2d0c2b-1c1c-459f-ad64-506585e69955,2021,1166783,B
a05124ba-ec77-423f-bd06-c2c02bc3079c,2021,46377,B
82a7efb1-f2de-4a3d-a738-ca24d5e323d4,2021,1181115,B
c418aea9-54c1-4a1b-9505-569eee6dd9d0,2021,1258063,B
5e8e2b6c-ca71-41de-a6fd-0db453429647,2021,1190071,B
43cf7ac8-b3f0-4775-9656-df9ddc4adb44,2021,50082,B
1b04a37e-be1d-4b8f-a5d9-ec1419220b35,2021,107422,B
61dede8d-c480-4a43-ac5d-09cc49931925,2021,1283028,B
07733951-3bde-4006-897b-0f1de4831793,2021,1047907,B
629d21b5-77a5-4e6a-9194-df9fe0187168,2021,107920,B
0b29b311-75e4-4b31-b341-fff365b426e9,2021,43664,B
2e9b6948-a9d6-4c43-bca3-fc0b779325e2,2021,94762,B
2ede3765-98db-4471-97e5-86db824486dc,2021,18558,B
e865d90f-bb4a-4f9c-ba59-22d3a001a402,2021,18559,B
bbb945ae-3151-40ab-8575-b6be058f4678,2021,13595,B
fd75701c-e744-410c-bde5-e0b731add71d,2021,1136142,B
36a5f8a7-f5bf-4116-b0e7-3f6cf407f149,2021,118420,B
13c6d44b-a6af-493c-92e8-b6e5731b5417,2021,101830,B
12f79fe5-0fc4-404a-aaea-d9109e57fda1,2021,106996,B
909b0b8f-3b9d-41a8-9194-c99aecb45e1e,2021,116770,B
2911ec37-df54-46ca-9df2-57b209913eb7,2021,2209,B
e2f84dd5-0e25-45fa-bf4b-65f96c7f64f6,2021,2209,B
1754dd65-8b70-4baa-ba57-0989dc780a0f,2021,49054,B
5ce2c3dd-f16c-4a6b-b87f-90acf7e44a84,2021,55402,B
3ed092ac-a539-42f1-a5c1-b1e1e6bb5cdc,2021,5000143,B
5fafa6a2-6027-4682-9daa-ebf3cdf7600e,2021,83388,B
5e02b80f-55ab-45aa-bc21-6936e502c111,2021,94762,B
53a42eb5-3637-42f8-830b-2480c31224ca,2021,94762,B
18bd9456-f7c0-4c96-bb25-824fc9f6cb98,2021,94762,B
6cdf1bdf-31a9-4e36-907b-a8478559cf79,2021,1132918,B
5b8f819b-6dd0-4264-925a-29066f31e836,2021,83388,B
f6aafb42-6c62-468a-958e-2f5b09b3229d,2021,106996,B
2e1adc0f-8fd7-42e9-81fe-3141412cdbd7,2021,1322390,B
90f7c25c-c253-4c94-a28b-56c13c1e872a,2021,1306689,B
3a73ed72-a084-4424-b499-bfb5998963bd,2021,2209,B
4c9c11d0-af6b-4ce0-875e-d4f349fa34d9,2021,968,B
758b7ff0-7803-4b3c-90eb-2cab747c7f99,2021,62484,B
5417cfa8-e60a-4fad-811d-5107e68c4ade,2021,5000143,B
6d78f143-9403-4dd0-81dc-d9be142bca72,2021,1187671,B
21add136-5c05-4134-b017-d500b7e4c495,2021,19047,B
dd05bed7-4ecf-4dce-99b2-9683ebd2c103,2021,18267,B
7719629e-bb9e-4d84-ad10-99e1b5c54965,2021,107920,B
dd8af49b-c41d-4b3e-8b51-15fe06b1c78b,2021,108660,B
2abde343-5b1f-496e-bf7f-bacbd673c75a,2021,102590,B
5767715e-6dc9-45ec-a3b1-93e00aa7d414,2021,97778,B
7896647c-5870-4507-b678-0bbb73247321,2021,1288839,B
b2aadd2c-fbdd-47b4-a0f9-68b2c30d2e19,2021,1190071,B
1618a4d6-70af-48b5-a6de-565a29c82600,2021,88084,B
83455caa-4dfe-4eca-92fb-27bece88ed69,2021,13446,B
d429e5eb-107d-4c5d-9ee6-4a5907df54ba,2021,13446,B
660c40b0-8a61-43fc-b459-ef39b32f9ea5,2021,19047,B
546b6c4b-a09d-4207-ab9e-5bce3d0a2122,2021,1102628,B
2bdc802f-da30-4547-bc9a-1e92ef47456c,2021,1288839,B
a55e57af-3770-451c-8cfb-eab5681be935,2021,1300429,B
8bf334b8-61b7-4410-ba24-09b01b93b7c6,2021,43664,B
6540ed71-81fa-4c86-b52b-6ea5c540923d,2021,103062,B
f2cddc2b-e740-42b7-a71a-dda71f4cf124,2021,21464,B
60a7b8e2-46db-4d32-98a8-b4195b6c229b,2021,9414,B
1a29ce7c-6e83-46eb-a510-f01601af6117,2021,1322390,B
7305fdf3-7d99-4d41-9b2d-33a10c8b8613,2021,1330347,B
7c942fde-6b08-4b33-beec-75ed60f5bba7,2021,1318224,B
63f426cf-86bc-4eb1-9ab6-5cb8860d41bf,2021,2209,B
a85f7803-6fe2-4ade-b946-4450f1252492,2021,317,B
6fe18e7f-5a4f-446e-8416-c0b351e18c00,2021,11730,B
72aef50b-01f4-4b53-8b2c-3aab22e1fef3,2021,106996,B
278efb3f-e28a-4e8d-8d8a-db631a33e601,2021,106996,B
e012d9b2-1bee-4eac-81ac-40ffbe6e00a6,2021,106167,B
b9670dc0-8f3c-4700-b3da-5e3940be80aa,2021,968,B
6871a85e-2371-4855-94d2-8fe92d40f742,2021,1102628,B
f19cf619-9982-4184-98bf-826326a9cfa0,2021,104360,B
7749f997-3362-4d27-b639-02a8946c7154,2021,94762,B
9ab1eff0-03d2-4b74-a169-4290fbcc852a,2021,95017,B
b58a9e75-f3d2-49b9-b144-095266b1ef1d,2021,62484,B
dab6d451-e5f6-4539-a202-9f44f7bc938e,2021,55777,B
3dcdc783-c2e7-4b4e-b216-7e3485782cd1,2021,2209,B
200d964b-462f-49e1-82a5-4908947ca6f8,2021,88084,B
414648e7-8c51-4ffe-8c98-5c0c32439ff5,2021,1306689,B
fa747399-7641-47f5-8e8b-7644b6c960d5,2021,968,B
9c04053b-d508-402a-840f-49858f0c4078,2021,1136142,B
dc529e5d-a6bb-4911-ade4-b5116f835e56,2021,1283028,B
85514161-d0f5-4154-98b6-46627b5456eb,2021,67092,B
9b098129-2aa1-4e6f-9fe2-32ac897e1a40,2021,1101244,B
3932a5d8-c334-4c11-8b25-2bebfa551b92,2021,968,B
e5ea38eb-1bc4-4c82-bc0c-08b37b87e9e0,2021,513,B
b7c34f8d-5263-4bf9-aa68-fa5d5d4ee437,2021,97778,B
ad8df21b-c66e-411f-ab76-412f720a78d3,2021,1187671,B
5b04f20a-6778-4688-ab78-a2f5cd25f8c9,2021,43664,B
c4f1a001-90dd-4242-89ca-7899dfb4df78,2021,13595,B
e93a3144-01ea-41fa-b9f6-f25f7ddd4660,2021,37862,B
479de074-b4ed-4b63-8522-8ac646234d50,2021,1136142,B
a0ceba1b-9e88-42b2-a2a8-5060dde3c640,2021,1102628,B
f82dec32-4011-42e6-8c65-eb7cdc7bdde4,2021,1102628,B
dabd73f9-a797-4b70-b85c-6121a84fdcd6,2021,74737,B
f91ed887-7002-4161-8044-f3cc815c78a4,2021,106996,B
340caaf3-b4ee-4e60-a98b-89955004ac80,2021,97443,B
6424a6b8-c265-459f-9562-81401ec5809d,2021,1047907,B
1edd5033-80c5-4a16-974c-56f91d423bfe,2021,1267543,B
b09bf7f2-fb4a-4342-a496-fb359c226c81,2021,13446,B
0b829cef-0250-4abf-be65-3d9dd6cb524f,2021,95017,B
c6a2331b-143e-49d0-8ead-03685a4f0683,2021,1427745,B
abc936ae-4a54-4e6f-aab1-ae5be5af91bf,2021,95175,B
2dcede6b-772d-462a-91c2-3b76ab285fad,2021,1376131,B
a937a721-db8e-4360-a428-2454cba3d818,2021,106167,B
6c8d61f6-b8f6-4154-afaf-cb1976d4e3eb,2021,98764,B
aa1ff96d-271b-4370-b7be-25bed3adc1f6,2021,98764,B
38821cd4-b23c-4fcf-8e0d-b2e4be9139c3,2021,1288839,B
acd5dec7-1d83-44d1-81ec-b9c4a2fc346e,2021,55777,B
44930b0f-4ac4-4ebb-b0ee-584ec3921407,2021,1270596,B
0161aa25-2ed5-4e35-aedd-0869bf89ad27,2021,116770,B
f479d0ff-e9d7-4259-905b-047fc6005e43,2021,91181,B
b3bc513e-1e5d-4afb-b2d6-e1338425e71c,2021,118468,B
ff5954ea-e8b4-400c-8b6e-13f5aabaa1ca,2021,1288839,B
65c196c9-fbe4-4111-9894-92307c669f77,2021,1322665,B
3e8e0850-9800-41ae-8e1d-91fe571712bb,2021,1322390,B
6cfa3282-ab7c-4a68-8abf-1b3e6d49b46b,2021,1181115,B
1f540148-4350-47de-b8fb-2f55021c2f0b,2021,968,B
f2e03700-f5fe-48b0-9905-3ee80b4c46f7,2021,20933,B
fa28ad12-a3b6-42b8-8a95-fd84046bbff1,2021,19042,B
e6a0f361-37ce-4dc5-a813-b15e681a2c9f,2021,5000143,B
69c474ef-e6d6-40eb-8bdb-bb9b258d6e8e,2021,318882,B
8d958ba2-5d9c-4bf7-86e9-d764641886ee,2021,83388,B
ebcf6351-8d72-4965-af39-4e89e25cb7e5,2021,94762,B
b65bc317-9408-46a3-a713-681b4bbbbe84,2021,1306689,B
48457d67-c75f-45b5-bdfe-d31fe12de358,2021,48205,B
d787d342-62b5-4754-9115-10a8567a9822,2021,11452,B
5bce869e-6cba-498e-8cbb-9a41b6f2b2eb,2021,11452,B
c7d96fcc-dd92-4c28-b685-743bbae61807,2021,317,B
2b0ca751-22bf-457f-bea8-a0ff10557a71,2021,1265453,B
857cc380-0bc9-4aee-b403-f8919ffaeb56,2021,1148708,B
283465f4-9227-4f1e-beb5-861821fdf884,2021,1148708,B
3008323d-a2d2-4511-b926-08ad9dedba96,2021,13277,B
d6bca0c0-32d2-4c05-9f57-baedc253d200,2021,64664,B
4b7cd6fb-bbc3-4e99-b6be-6704693e4ca4,2021,1181115,B
1d750a09-e8c8-4bd0-adfc-3ce72905f2cb,2021,98764,B
011c6509-8c9f-431e-b95b-51126266ad4c,2021,5000135,B
a4bed0ca-4217-4821-8ef3-eaab8409b526,2021,18683,B
c7f890df-b04d-412b-ab46-32b20b80854e,2021,1269545,B
b12ad703-274d-429b-a5d4-af99d37edb46,2021,1190071,B
41d9a1f0-bd09-4373-9c8c-43bfdafa0718,2021,1385488,B
69eec45b-63a5-4077-8dd4-aa4e6f21a3f0,2021,41238,B
b46c34cf-2eec-4bdb-9b49-65bcad01e31c,2021,20030,B
91bf1593-9e04-4d86-a4da-7e91ac3a1052,2021,1314243,B
d98528be-4dc1-4e3f-a292-20494024476e,2021,5000135,B
b0b9b65d-fb33-40a6-952d-6a7980d3a8a5,2021,1376131,B
49de2013-dfdf-419f-a82a-d9a89cbcc6f8,2021,13980,B
88fa39aa-d2a2-4d5e-a0d5-41f5934f9c74,2021,55402,B
b82646da-266f-47fb-85d9-fbad0f7a21b7,2021,108660,B
9f76a7fc-6712-444e-8c73-29bdfd68d903,2021,108660,B
0177cf3a-8a47-461b-a0d4-e38726f05f14,2021,108660,B
4dac7121-59b9-4a4a-96a2-ee2f04ba6699,2021,101942,B
ed85640d-6917-4a84-bd6f-4f372e7eb032,2021,1385488,B
c6b37d80-def3-4d8f-a025-b53f3187996b,2021,13595,B
bce34da2-6cf6-46de-8ed3-f1559d0bd628,2021,1403879,B
16c6643e-0817-4b9f-8311-6c2c2a31b28e,2021,101830,B
52f3b7d1-afc6-4aad-9703-d545ba35d6e8,2021,103062,B
b89a9196-84f0-474e-bfb3-5c14dc6a0530,2021,1385942,B
604ffa1d-22dd-401b-810b-0782d48dc68e,2021,13401,B
33769c8f-5449-46b3-9e72-c0f1c5375b0e,2021,107360,B
3510475c-f381-477f-a67b-7540c0b57cf4,2021,18903,B
2e27a802-31aa-405d-8926-95e2895991c3,2021,59122,B
bdb549cd-3ad2-4520-b934-b8a1bc21ec73,2021,106996,B
064e78a9-04a6-4d78-ac05-e46b456253ec,2021,106996,B
604a82cc-49ef-4133-92e1-02089b208e3d,2021,20239,B
ed947860-7511-46c4-8f35-27b781b15aa4,2021,9425,B
1d886466-0498-4f95-9e49-d338dcecd139,2021,18683,B
9f2ee4b8-5919-4865-a7cf-2a900dbd934e,2021,18584,B
ba9efedb-2212-4ede-9792-db49d0d75159,2021,18584,B
5432966a-4ae3-46ae-9baf-074cb1e25378,2021,97778,B
91730579-50c1-4a9e-a8fa-c2f71b2f7d94,2021,97778,B
7f80e071-92aa-4534-bded-78731463d321,2021,43664,B
2550ee2a-e588-4d85-9ffb-d5735c41cfba,2021,107360,B
394cca2f-8cb8-481c-865b-ad92270afd02,2021,1047907,B
7b95e4cf-727c-408f-b524-fc4c7b3e86c1,2021,59122,B
6309eff3-b232-4eaa-8f33-d4bdd1fe74c1,2021,48205,B
09700c65-5434-49a5-b405-21e778f914f9,2021,106996,B
04c17c32-52eb-4080-a824-21f15c69a21c,2021,114616,B
0a733f55-4870-4b6c-9f3c-273d2a35580d,2021,46377,B
3c23d51e-4f04-4994-b801-969ad4c9282c,2021,968,B
c9650b65-b95f-4bb0-b079-ce7bfcb83773,2021,1322665,B
c54325a7-f10e-4de2-8be2-4a63faec1774,2021,18584,B
8f3d7c6e-da81-4a5d-8925-773886bb6f95,2021,104360,B
55f061e8-a559-4571-acde-6004d46f46a9,2021,13401,B
c39150f3-e2af-42ae-aeb7-0f2e7b795353,2021,1032473,B
c9ec0897-15f0-4e09-8e2c-2e2b1f7ae2bc,2021,118994,B
8c87d922-a03d-4295-a6fa-e33601bc335d,2021,106996,B
9afa9ea6-4d46-46b0-bb19-79a8f80d18b1,2021,98595,B
9a51bfa2-6806-4838-a417-e6aa87d73fa0,2021,1322665,B
66cf8646-6404-41bd-a8f3-3de27f83f17d,2021,46377,B
b499f2de-a008-4936-b008-16cd60f8dc5a,2021,1181115,B
9c1f6729-0778-4876-b2ff-d9d467bddabb,2021,1318224,B
1512659a-7d18-460d-8178-d7019b904476,2021,513,B
e9b51a88-b0b7-4bab-a085-a12be00cd596,2021,18683,B
155dcc79-cc47-459c-ad33-d9cc5bcf3d6f,2021,108660,B
3280f050-fb29-487f-ab34-a31065e637c0,2021,107360,B
260e0b6e-8830-486d-bafd-4b6b6d75b312,2021,1204325,B
bd816604-80a6-427a-b070-7a49ca52fcbb,2021,1283028,B
2940b4a7-2406-414b-a8ff-29a03bd24ed5,2021,20030,B
0b756c5a-96c3-4e05-9ccc-048707e0532c,2021,20030,B
2c5c2bda-4fc8-4698-897b-1d1082817c2b,2021,9414,B
bcbf915b-073d-4dba-8d3e-775b0f9dd36c,2021,10515,B
5be11723-10ef-4a5c-baa7-86468a913648,2021,1385942,B
cd2e9356-8d06-4db1-8d68-329246918fb5,2021,19047,B
9bcadfac-6329-41ad-83c2-870d97e1f0d0,2021,57606,B
6ca945cd-7fe1-474c-9059-e21db196ac3d,2021,1102628,B
d268218e-0c24-4722-bfb6-708f60b40990,2021,95175,B
331229da-0632-49c6-8d4b-407f36d1a3c2,2021,1322390,B
9e0a059e-615d-4c53-b25e-467268a733d9,2021,106167,B
3969acc1-bd95-4467-b1dd-e417adfeaee1,2021,101942,B
0ab162f1-8f3e-4668-b907-361e033ecf47,2021,101942,B
8560bf9a-68c3-4280-a9c9-ee090fe55f26,2021,1148708,B
109dd5a1-75f4-468a-bd79-5881292e19ad,2021,106996,B
20e6e2d6-78af-4c2f-8a10-80b5c76cd9cb,2021,47505,B
9463f683-ff76-4e25-bd6b-1d468d1cce6c,2021,81210,B
c54c9cf8-0f8a-425c-bea2-2aeabf20dc46,2021,1101244,B
9f2208da-6371-447f-9e5d-ee5b4fe2d34c,2021,99406,B
8137d06c-8c27-4538-a030-bfe310c6f43b,2021,1118057,B
ed3804e8-b688-4ee3-b582-2612ac2338ee,2021,94762,B
8128cf09-ddcb-4da8-a753-ec8c9f6709f3,2021,9414,B
53873e97-805a-47c7-b782-00c24531b200,2021,1322390,B
aba7b085-0545-4709-a20c-8a44256aa036,2021,1306689,B
25a15e40-68a9-4349-bb50-fd0a74ce3b06,2021,2209,B
5a3eb32b-99e2-4165-8ca1-6df3366af245,2021,1385942,B
e387b592-62fc-4126-8e0a-cc846fda87c8,2021,18683,B
ab43d1b6-81d2-4e32-8fc5-bde4d23f47bb,2021,1190145,B
0b1ff31b-d306-4af8-be46-ca9d75a61f5b,2021,57606,B
eabc354b-50e9-4756-8458-fdc32369de4f,2021,1351760,B
cdadcc6a-4444-4cb3-bf22-c414179278ea,2021,1136142,B
62f09639-f1dc-4547-a763-97899d5cf668,2021,1136142,B
c7d299b5-31f4-41ec-b48d-16fa7c6a6592,2021,94762,B
19cf9991-ea90-4ea4-9dfd-fcd10518d973,2021,101830,B
1f6266e5-fe9a-49e4-b274-8a0c319cbc60,2021,47478,B
efc833f3-23a8-41b0-8069-4d0bae8276b9,2021,59122,B
b56cf2fd-693e-48f4-a314-d06b7fa6680e,2021,1190071,B
71fd009f-8c81-4231-a7a2-c1593236ecd3,2021,317,B
7ff94b95-900a-4b2e-88e9-22a0f7fe6d61,2021,18559,B
55569065-8865-4162-865b-cf65276d88cd,2021,37862,B
e0a28d3e-2ee7-4e1f-8e9b-8182cec6e50d,2021,1070485,B
faf413be-d22e-4bff-bc46-16b48d045b50,2021,98595,B
9f6ff1ca-514a-4e5f-9aaa-f6a14e2039eb,2021,1139692,B
ccf2d810-21cb-4493-816a-55210afbbe3f,2021,1322118,B
c4a5e122-30c6-4875-a5a2-c54f364102fd,2021,41238,B
ab78c15c-e324-4133-8aec-c1f0d57c700b,2021,37862,B
48ed79de-b259-4aed-a4ed-790c6a323615,2021,94762,B
5727e71d-cdf5-4c0d-96d3-5919caaaf210,2021,101830,B
e47b1498-69f3-4aec-a941-38ab7390d250,2021,48205,B
bcae4d5e-778b-4d5d-9c84-8ee4cb5b0f6b,2021,1101244,B
b0639953-fcc3-4e66-83ba-c1fb29e87111,2021,1181115,B
ca0864db-78cc-45b7-80aa-b19dda7dab59,2021,94762,B
07e14b0f-df9c-4a37-8b38-4ab4ab87215c,2021,103062,B
aa46b02d-3ae8-463a-9cc0-f812c021bace,2021,513,B
59b4b620-fce8-4935-b883-b1770002b98f,2021,1269545,B
e5f37053-4580-4886-b5eb-f6ffe3dd0c28,2021,1283028,B
1e1906c4-d169-4027-bb16-9a7ece58726c,2021,20030,B
5eab5deb-6ccc-49e1-ad33-ca883496015b,2021,17898,B
f9f794be-3ae2-4faa-bfab-8eb2dc920164,2021,1101244,B
337574ad-d975-4f99-b092-21dc63ff7a9d,2021,1270596,B
189e81cc-bf9c-4035-b2f7-8c0103e76817,2021,106167,B
8885e8a5-6883-4f16-916c-ce69f68efb51,2021,5000143,B
626c8dfd-5486-4e3b-8cb2-06fa5c40e3d1,2021,1190071,B
b256a49b-f6ba-45a5-bde4-d4adbe3ca6cf,2021,13401,B
edf78f17-96be-449b-89d6-a8bc62e588a5,2021,41238,B
f304195d-47b2-4ae6-a9a0-e84ecccdf87a,2021,1306689,B
97666560-8056-4ebd-879a-c1057a95e709,2021,48205,B
abf016b3-44ae-445c-b38f-40e511d506da,2021,1181115,B
b4b4a56c-b8ff-4966-935f-8da6dd78095a,2021,968,B
b327ce7b-9fd9-415a-ba85-54f83ea06183,2021,968,B
99aa1b17-9763-4a78-89d4-abaa7e8860cf,2021,317,B
986c719b-90b3-4e2a-8181-6145c0cfaaa1,2021,13216,B
2cf68fb6-baa9-4fb7-903b-087afb5e74e8,2021,98305,B
8bc9824a-765c-4354-abc2-2810e41507d0,2021,47051,B
9b4ec708-9f46-48d4-888d-b74c1e6e9a5c,2021,1265453,B
99f2ab1d-ad01-4969-a220-1f64adbf13a8,2021,20933,B
e463cd57-17a5-4f39-82b1-1c143919284d,2021,87396,B
b80f1dce-94f3-4764-9492-c86b62ec3020,2021,1190071,B
c2e0e1b9-f9c7-4c85-a84d-240053368c8d,2021,1101244,B
3078dd8a-8b8f-49c5-8878-40b8496e7d13,2021,116770,B
d86d8809-70d1-42f5-96e4-5b849cb0f7bf,2021,106167,B
8de0fb3b-c0c1-4b57-ba28-c961ca81f54a,2021,1385942,B
eb5da21e-39ef-434d-9963-71104d58951b,2021,19047,B
3992b6a5-e46a-40a8-a78b-1035c2a6cb79,2021,118420,B
7ee8c433-14d1-4ee5-9524-d895adbf284a,2021,53331,B
eb5b60c0-d499-45fa-8e4c-abfb28d681f1,2021,22047,B
020feeb2-1f2f-4082-ab76-e87c1c0927a1,2021,95175,B
b8c11d1f-644b-446d-9676-2c45e063c200,2021,1322390,B
f97a0e83-5463-4f5c-95f6-f3049c63684a,2021,18671,B
30ed1912-3ab4-422c-bcff-2bc4e7e846ed,2021,1181115,B
1598af08-bdd8-4fe8-887c-d09f664f03f9,2021,1306689,B
4ad3b550-d5ce-4a61-ad48-d6013ad3950c,2021,968,B
81b045f7-9ef5-42ee-ae5a-e31f9c82e65e,2021,108660,B
50c008bf-19ad-45c1-9039-92b94d1768fd,2021,1269545,B
c0efd0fa-cfed-43d8-a13c-4dd33da695eb,2021,67601,B
c425d6f9-94d0-4671-87e9-9d84d84dd92c,2021,1136142,B
5f41b65a-9232-44b9-b423-fa385016844f,2021,95017,B
e1a4ad5e-43bd-4dc0-896f-75a731c75209,2021,1314243,B
b47d4644-1e0a-45f1-b0bb-2d4c54518555,2021,106996,B
f42100ed-6d0e-446f-88f4-c17cb2bc0fa1,2021,117022,B
daab4e8a-f893-458e-b9ca-fd87ffe169a2,2021,11452,B
fd894012-79e7-4e59-80d6-1f90c5b12d62,2021,1181115,B
dff4f21d-c5ae-4b62-bc90-d5cbea28d2d9,2021,18683,B
c68ff18a-105f-4cd7-8ff8-ce5f913019cc,2021,18558,B
bc87fcf6-1cf8-4a03-a5e6-9adba6ab7729,2021,19042,B
b22a8933-3dc8-451e-9df6-1335d627dcb8,2021,13595,B
185bd80a-1880-437a-9435-89348f4f58ad,2021,13446,B
5efe19d1-9963-4dba-96b3-13297f268dfc,2021,49054,B
20badae7-f165-4237-b76d-26ca009c667a,2021,107360,B
40293940-0109-40ae-9aef-cc574884c7fe,2021,1102628,B
30d93d10-e49e-4db7-ac86-cc2e9150e056,2021,47478,B
a2112994-d7df-40e0-afa5-bc2dac84373c,2021,22047,B
73844160-4625-4cdb-9d00-834702c25299,2021,1270596,B
a9310e0b-6af3-4828-b2a0-7880aa4933a8,2021,13216,B
537cae1f-fab1-48f6-9029-189f054f84ce,2021,88084,B
13e8ad62-7df8-4ce6-83ce-6da659668b16,2021,106996,B
6862df0e-b67b-4961-babc-04e16e96d839,2021,17898,B
1f454d2f-34aa-4e47-855b-d94fc87ab5fb,2021,49054,B
3b01e756-8654-4ee2-b2cf-dffa18756354,2021,317,B
e6fa4f8d-7f0c-4046-8b7a-63cf10f37609,2021,18683,B
76d78705-6d7c-4866-a015-3b148fde72bd,2021,19042,B
6ff0faff-f6ba-45d0-875a-813ad07bd949,2021,317,B
c3b1eb66-e774-4ad6-9522-8736fb546f77,2021,1267543,B
af719377-9766-473e-8495-533cbc1ff5c5,2021,1187671,B
ab8ba266-e744-4c07-8e72-f2a99b3fc8c6,2021,94762,B
f255e825-ad4c-4654-939a-23a47a1abd63,2021,22047,B
d940f9ee-4d35-4df1-966d-8c1391222e65,2021,1427745,B
e0d09e8e-c0f0-4726-a247-ea0de3a48ed9,2021,106996,B
58032156-e6ea-4f8f-931c-c6faa2d427ab,2021,1203177,B
ae082757-dd68-4bd8-9d2a-45ce95fee582,2021,20756,B
d1a45627-d8a0-454f-a611-5cf5828577d1,2021,106167,B
5a678479-ad87-468a-bdcb-005c5d444d49,2021,1300284,B
74e223b1-8ba2-491d-b211-f8d2eeedb27f,2021,2209,B
3b017a4c-cfab-4836-a40a-047af0f50466,2021,19047,B
c60f6cc9-7460-417c-a13f-df16695f1563,2021,57606,B
9bcd9afa-93e9-45ed-8b56-7ca9ab54a50b,2021,86326,B
240e4923-6615-4f8c-8547-0bd9fd0517b2,2021,90030,B
38fee943-c747-42ca-8faf-d40b7914b9a3,2021,1288839,B
2eeecad0-23cc-4438-844d-a1ca533ce715,2021,101942,B
646513f7-9d0a-4b55-a79b-4131ebf16ac0,2021,107920,B
e3f4a4ad-c82b-4bbc-b90f-c40713fbaa63,2021,1136142,B
de727b0e-e483-48d2-af5e-b42f6f59aeb6,2021,94762,B
29a3a557-e01b-4885-b2ef-f83e109821e7,2021,1427745,B
7924ad63-69d6-4d35-a5a3-02f4eef54bbe,2021,106996,B
cf2588a0-5938-4cab-8043-ed6b705a5e0c,2021,1318224,B
56145009-dfef-49c3-8ea6-fdc3183f4b6c,2021,67601,B
41b979e1-1e6b-4f39-92b7-ce11a3ce48cf,2021,317,B
da68348c-cf5f-4e95-b4a8-7e2ced603e02,2021,1269545,B
9614787f-6469-4a10-b2bd-709015b39d47,2021,116770,B
2b268171-8c12-424c-aacc-e3c53b6bf0b4,2021,99820,B
4a76ce11-fb3d-4935-a0e4-73bb2b502f38,2021,98665,B
e81752a9-2070-4e8b-9fdf-6fe57310ac99,2021,1306689,B
fd837e73-bff0-4506-b572-c45425cdf83a,2021,1204325,B
b5d12bae-d4eb-4b21-9409-abb3e1e898cb,2021,1314243,B
fef4e7a1-59c5-4733-b0d6-8bc9048fa3f9,2021,5000135,B
d490bdbd-9282-4928-b0e8-ec6e546d37e1,2021,19047,B
9410d93a-2625-4e9f-8671-20f809b98a95,2021,513,B
5f364e14-eaaf-4cda-923b-e4338fc9aaa8,2021,112086,B
c7ff6781-bf1a-4822-bc9e-c216fe3c9eab,2021,1385488,B
c3fe98ca-1771-4c5f-8dcb-c1bb07e2028d,2021,95017,B
ea681c5b-3896-4eef-a6d3-e97329d6f773,2021,1299927,B
8307449e-43f3-413e-a16b-0280e37d4f7b,2021,48205,B
6149b42a-6362-4cb5-b2c3-e147ed3456df,2021,1272079,B
8266dac8-d17d-42dc-9017-255452896bcc,2021,1270596,B
c069e996-7ff9-44cd-9fdd-4017e906213a,2021,18671,B
f1474d93-b807-4667-a044-de29beeea06c,2021,18584,B
9627845f-f10c-4051-aac3-02abfe4f3606,2021,5000143,B
6de9d779-ee8c-4caa-ae11-a6a07d206e6b,2021,19047,B
f8d45e7c-0265-4eb0-ba0f-e3649dc98c9d,2021,83388,B
c7084cf8-e329-42be-9b9d-4e09f7e32c08,2021,113455,B
f383046a-090f-4da1-8c7a-1234f3c6724c,2021,1181327,B
17a65c18-1c2d-47c2-885b-f09509a28877,2021,95017,B
b782266a-c8a8-4b6f-ab36-e67ec5adf84a,2021,107422,B
6d453639-6f03-4909-a21b-0f7cf963c81c,2021,74737,B
211ba89c-bdea-4a58-aebe-145e51bc5d60,2021,62484,B
2fe72e18-16bd-4f98-a783-8373323ac0b9,2021,9414,B
9ca96fa5-0982-4e8d-8d40-7459e866731d,2021,106996,B
1efb1656-1e16-4ec7-9892-d4381f6ee3e8,2021,20239,B
8226420e-ab72-4834-8570-dd9ccb7b0f63,2021,1101244,B
8cd5f35b-9532-40af-a601-c15167d92b7c,2021,18671,B
a3010e05-a019-441d-a236-0d3f8b642bbe,2021,11452,B
9a008964-9b89-4d4f-98ff-880c885ce5c0,2021,11452,B
35fc79d8-714d-4655-92de-92f8cd37e546,2021,94762,B
78cdf8f6-6945-41d1-ae72-8e79640b7c07,2021,103062,B
2c7332ec-5a04-443e-a2e1-00e1117f72d5,2021,47051,B
521ec7b8-7320-4f6a-98d9-2647c2bfefca,2021,50082,B
57c60107-fb94-484e-8c72-baa48d7800c8,2021,107360,B
b060d125-2275-4595-b0bc-488619b649dd,2021,94762,B
def6c550-0932-4811-8284-865de0c6480e,2021,53333,B
f2d43715-5a13-4823-9258-d8b710ae4f20,2021,1101244,B
7d4c8395-115d-4424-8cd6-c964439326ea,2021,40343,B
43312a38-f03b-45c0-8806-0ba78c95de92,2021,18558,B
9c5c83cc-fa33-42ef-9a3f-429f61ecb8d3,2021,11554,B
2c8d912d-615c-433c-ad04-77df19cb5236,2021,1187671,B
484dedc1-4144-4489-8ea9-97b7f5a38b55,2021,11730,B
29bb6681-71e9-4c0a-a194-27c92c7a62dc,2021,1047907,B
4f145522-ff1c-4c98-ac49-3732490fcc9d,2021,13277,B
d98fd007-8a18-49e6-8466-8ab5f1f59746,2021,20030,B
3b20949e-187b-4afa-b756-af17caeb7860,2021,5000135,B
2867400c-f825-4636-ae14-4e2293bd9545,2021,43664,B
f66aa36a-467a-4cc5-b795-7666fc3bb14a,2021,22061,B
4bfc2d70-68a1-44df-93f3-17dab197eb7c,2021,1161716,B
1471d2a9-595d-43d3-a72f-9616125ff18d,2021,1385942,B
95e9e740-41aa-44f6-928d-97df75c4578f,2021,18558,B
c10b46a9-57cb-4f91-92d9-65f21608ab48,2021,5000143,B
2d547784-7c3d-4faa-841e-56bb1b7ee8b6,2021,5000143,B
b27ba0d7-737c-4ade-bfb1-93addc767a6a,2021,13595,B
35258abc-8d39-4b3c-89d9-529c647c861d,2021,1265453,B
77c3a91c-25aa-4591-8f5e-a24025844833,2021,88084,B
de2fd6d6-006e-4bff-9ebe-ec894ff1dba0,2021,118994,B
7ad2b677-d7b5-4698-b323-234a799fe73a,2021,94762,B
2dcf8841-8724-40aa-85a7-020cb7ee2b97,2021,53333,B
2bc48961-3881-4676-93f8-8801b3dc61ff,2021,20030,B
51174dda-180e-4dfb-b4fb-7b2e0599fa9b,2021,1314243,B
df6160b4-de8e-447b-bccb-1653bcf6a426,2021,1203177,B
045d954d-c50f-4e51-bea8-ec5dec091958,2021,116770,B
565877ec-fefa-4838-9e2b-214e634106ac,2021,1166783,B
0e120366-4c26-464d-99b6-6eec6c302ceb,2021,11452,B
6e7ecd72-0474-457f-9325-fa32c53714b3,2021,1181115,B
b44657e7-e1c8-4f9f-8ade-04fb471f7dbc,2021,1306689,B
2e86204a-7eb8-45bb-91a9-4097e3f41ef9,2021,88084,B
9831868b-a43c-41ec-a4d4-9bc5dbdc24f6,2021,1351760,B
c31e3333-58c6-48c5-988d-aa823fa8a9b1,2021,18903,B
3e8de31f-d596-4826-ab69-b21c68272aa4,2021,1288839,B
e566081f-1f22-4c3b-8906-4eb3ebb906aa,2021,83388,B
a44581c9-b6d5-48d3-bce9-64b779ad4459,2021,98595,B
cc1b136e-f85f-4003-b2fa-4905ca12aa64,2021,9440,B
9ad23690-cc74-497f-8b18-2d7901a9f0aa,2021,19047,B
52927fbc-ec0a-465b-a747-536bad9fe3d8,2021,68930,B
cdeb96a6-24f2-41d8-9756-306bd26c17bd,2021,2209,B
b8c1d236-cfc0-4981-953c-f0f6d985f0d3,2021,19047,B
59846df4-1006-4278-9b66-b9456fe5a85b,2021,18683,B
0e8dd0e9-fbd8-40d9-9413-fd188e951ef2,2021,968,B
3ddf61d6-e1a8-4686-b0e2-49b90bc9cf1b,2021,49054,B
bd9b3b97-1d45-4cd4-a658-ae83a602962d,2021,62484,B
f8ba4bbe-8c8f-4ea0-ad82-18671a4208cc,2021,101942,B
b0e31ed5-93b2-4593-a2e3-ef8b7cd19d0a,2021,1376131,B
c0825a95-6e92-4c8a-8a1b-87ddc670f126,2021,10515,B
f5c9540e-7919-47c6-9e9c-2818e5350b7f,2021,317,B
d7404ca3-42bd-48cd-afbb-96a1ad00dcc3,2021,968,B
b7897960-10a8-4330-9976-41db0d00991f,2021,968,B
d120d442-b2f4-4372-a798-975df0edee54,2021,1118057,B
ec5a1ae4-3e92-44f3-8482-5cdf3a57fe48,2021,97778,B
d3771154-edab-49cd-b567-67ee201c7d68,2021,1376181,B
0eb6504a-0bfc-4f23-9dcb-cfdeb44df591,2021,13277,B
555cb851-8592-4977-a4ca-31ba4811e434,2021,13277,B
26062ce0-e09d-4e01-8485-872d99edd8b8,2021,317,B
503e4640-0b27-41dc-b4d3-80495e5885bd,2021,968,B
35dd65ca-853f-4652-8b67-c2181257053d,2021,98957,B
d8bb7ec7-0566-47b7-981e-8e94f123a6a3,2021,1265453,B
a007d30d-445c-437e-8824-2f9bd333955f,2021,41238,B
181d264f-61d2-46a8-8368-80a8a3561f57,2021,13277,B
b9d2e318-7546-4d3d-a162-21b71e13cdcb,2021,48205,B
05d5e66f-ac15-45bd-8b36-5df265c3bb0a,2021,98665,B
a1d0ca6f-8105-4dc4-bd8d-af64954d4e73,2021,106167,B
e16b226d-6935-494f-8356-66cb6d97a6ec,2021,10515,B
2203d6f9-edb4-4e05-8422-54615789ee74,2021,1181115,B
6293168c-97bd-4d1b-8bb5-416719bf7fef,2021,1190071,B
50a0eba4-cb98-4659-bbd0-c20b85f83832,2021,2209,B
04ce63e9-3479-4c95-bf5a-eaa2f3556e8d,2021,95175,B
6014767c-2429-4822-8d99-45199c521add,2021,1108692,B
7a7d8727-7f9a-4919-b93b-fd4dc31de4ba,2021,54934,B
8f8c5e02-e83c-4360-a212-f1777dd633c9,2021,101942,B
97a3360b-665c-4abf-b75a-e6a7c87e81fd,2021,107360,B
7842b33e-a912-4b24-886f-5c041334486e,2021,13401,B
e12ff18a-42df-4797-8652-b22acdea90e7,2021,1288839,B
944e26cf-9767-43de-a818-657fa8cbfd82,2021,118420,B
2fbb472f-e9a5-46cf-b5f5-2171479b4aa2,2021,101830,B
cbdd2a78-d2a6-4d32-b715-7634118200c1,2021,1204325,B
3a82bc26-63fa-4fec-838f-19dd7984f146,2021,20030,B
e9daa1b5-a1d1-41ef-8d46-0ce1e2c27d82,2021,58808,B
01316308-194e-4db5-ad75-77d98ba6b2f0,2021,1376131,B
2dfac391-449e-4e43-90fa-87222b51c8d6,2021,13980,B
7526c9a5-f4b3-4c6b-a871-3db881b8c353,2021,1330347,B
e5d4652c-e900-4a48-b876-b98833aed3d4,2021,968,B
7f11f767-2fdf-4d4c-bb12-f301e1387eaf,2021,5000143,B
42616dc7-c41e-4cdf-9b1c-708b80c28dd3,2021,1267543,B
313d39aa-3873-4e96-a643-a7a1aaff818b,2021,20030,B
a13b56f6-1498-40b1-a158-26fc35079b3b,2021,1376181,B
a4b7d70e-20c2-412b-8b67-3da7d0a21106,2021,49071,B
7334d802-aaae-4984-a1f7-25bd57c3d0e3,2021,113687,B
b94c7e35-1edc-41b6-966e-a10c124451e2,2021,18558,B
ec3133cd-590c-4b00-a843-8871b7b1d411,2021,11730,B
fd154ba5-4a20-4fb4-975c-84307fe13354,2021,88084,B
f97cdee0-b1de-4c22-92cf-ec62136f77ec,2021,1267543,B
21147460-f59e-4a2e-ad90-1c6d762defb7,2021,118420,B
887d16e4-711c-4400-8194-e406e25f163f,2021,1306689,B
84aa249f-dded-4bc4-89b6-393182a94121,2021,51020,B
8414bb79-b68e-451f-af48-a4b4b73a00dd,2021,114616,B
de3d242d-ddfa-4839-a8b0-5e294838d6da,2021,49071,B
21db574d-fcfc-4b5e-836c-cfc5216de803,2021,108660,B
0d1f5820-ee65-4e53-ac5e-f3c09853baa6,2021,13595,B
1c9439fe-9743-4e72-8e09-e66154ec01bc,2021,11730,B
1a9c00c0-f423-4d54-aa10-6160c4866b6e,2021,1132918,B
44ab42f7-c7a6-4d9f-8bc1-0352dbd309fa,2021,1204325,B
5f701226-4790-417a-a485-a38c9c4daf82,2021,68930,B
fcc24d85-cd1e-4e97-8206-d314fa8dd93b,2021,1322390,B
45946388-91c6-47fa-b81f-2193979ba8e2,2021,11452,B
7c981061-573b-4750-a493-2fd5a3f16b80,2021,1047907,B
83d9c70c-c89e-463b-b73d-e3d91c464d3a,2021,2209,B
46e5f8d5-1e8c-41f3-8aa0-a3b3394b61b8,2021,968,B
76754bf0-f748-4ba3-87bf-fcee76aad590,2021,55402,B
3a2e172a-a0fb-4166-b1bb-f8433471279c,2021,112086,B
29d0e9ac-e631-4af3-bb0b-88fd637a8a72,2021,57606,B
6873825f-5cd2-4128-9574-4aa9e8a7e66e,2021,19042,B
3ca409f2-554c-47a6-b3b4-7fa10b2d56fc,2021,5000143,B
6db1bbcb-bc48-46a3-a9e4-9429faf01a8f,2021,98305,B
cab6fb0d-2d82-413d-b2d4-a9d70b0f80b4,2021,43664,B
79b366ac-c630-4e1f-9144-73036ab53360,2021,20030,B
03a22eb0-aa83-4b48-8b6a-18aec417d86a,2021,1314243,B
2df75703-e92a-4b50-9596-2f0292b37a6f,2021,114616,B
eecbb4a8-a432-4abf-b384-aa072506245f,2021,1101244,B
778b7d15-d200-42f8-98ee-c3bab876ba9f,2021,1385942,B
08a8b25d-c5e7-4383-8b46-5b30ada81203,2021,11730,B
a49bd6a2-de8a-4c5a-8ec1-c3278d7455ff,2021,94762,B
dd4c67de-d91b-42f8-b21b-4c77584b84e7,2021,95175,B
972a1231-06ba-4ffe-9cae-3d7b53618eba,2021,1322665,B
be21aa5b-88a4-4970-9d81-32e01f8a0c9c,2021,1190071,B
ee5ee551-cc9b-4859-8282-08347d47f58a,2021,64664,B
394c371c-1b19-4994-b2a5-8de89943c04a,2021,513,B
4ad7a77d-2fd4-47c4-a304-48f540e49d35,2021,968,B
6fb53708-8d0a-445d-b7c6-8682733f3d3d,2021,18584,B
e64986cc-9f2c-4953-aac3-5afc92a400b8,2021,97778,B
7c932cd1-e32a-4429-b712-bad4fcfbf10c,2021,51020,B
f8c76e64-5a26-448c-b461-9ec5325eb592,2021,106996,B
fc38461b-2476-47a2-b806-445fd7daadff,2021,1385942,B
b66bd3ec-b38a-46a1-80c0-6eac6976462a,2021,18683,B
cba17907-e03b-4303-9a8e-f3314653feaf,2021,18584,B
66aef34e-9d4c-467a-87cb-1790dab651ed,2021,5000143,B
193a28bd-692b-41a9-8058-c425e2a73e85,2021,13446,B
3f387995-77e9-408b-8fc3-b0296ce51df4,2021,106996,B
1b092e83-9af0-4621-b1bd-3121e143bcf4,2021,107360,B
8a10d8b8-6649-4b02-807e-d2fe13039ec7,2021,18903,B
2975d90c-1bad-4b11-a2d2-0036a80129dd,2021,113687,B
99889ab1-2448-4b39-aa99-89bc0b65faae,2021,47505,B
6a6b89ce-2582-485f-a5e1-943f1642fdd2,2021,47505,B
22b76833-0081-4d5d-80a4-e75531959e07,2021,108660,B
3c2dc2d7-6914-4c0e-935d-4ad247c60bdd,2021,18559,B
b02a92b0-d567-4891-899d-b021bcbd30d9,2021,513,B
290419a9-dc60-42d9-ab2b-f5aa776b22f6,2021,19042,B
37592d2c-d23f-49d7-849e-a182c6c9bcec,2021,1269545,B
bfd5a697-f38c-4f1d-8e34-e76f4ed828dc,2021,11554,B
c30cdd24-0294-4408-8299-6e6bd3df35f0,2021,1136142,B
e19941e2-2ac6-4a4c-99c0-270ea4a1ed75,2021,37862,B
d8cf76b8-d72c-485f-8fdf-87cdc2ac1b10,2021,98595,B
e430efa6-4427-4715-b4f4-152959be9e01,2021,13980,B
6493f97e-a112-496b-8e6d-f0e90d20a93a,2021,57606,B
16eba52c-74e0-4af1-b566-f3d1d004a9f7,2021,1136142,B
7639c6b0-5f3e-4297-939e-697acd08b86d,2021,59122,B
ddbb494c-985b-4cc7-8c83-d1e2121ebfba,2021,20933,B
4673748e-2c2e-4a4c-95ca-30a45eea6ccc,2021,20239,B
29d2ee00-a2aa-42d0-8133-a26f57c79b18,2021,108660,B
b9f36eee-8662-4146-88be-f70f541eabe1,2021,18559,B
944be2b8-bd59-4191-9104-d5d8669a847c,2021,97778,B
f8b48781-b8ac-4803-a8fc-0e1f73004992,2021,83388,B
5edb8378-a9c2-4710-9bd8-e2182dba7fb5,2021,53333,B
3d27b131-9cb8-49bf-b75f-fada01298825,2021,56172,B
b9f4b133-b2c6-4898-9341-429c1da00639,2021,114616,B
8ae8351f-5976-476d-8a08-c26612e64db1,2021,116770,B
b62e42b5-303c-4102-9b1b-123f83b2974f,2021,46377,B
11aa2111-d567-4c38-aa60-844f4dcfc431,2021,1403879,B
4d15321b-7b94-4096-abfe-43e07fa153f9,2021,968,B
eb490462-b443-4f0a-b3c9-5699cd444ed5,2021,18683,B
c6ea1818-bd17-4bad-9ecd-8c653f8033cb,2021,62484,B
f43bccc1-d5d2-4682-92e2-12637e43350a,2021,18584,B
59d73dce-b32a-4f8f-a82f-b686301218d6,2021,18559,B
fb6926d0-c838-41f5-9b8f-fb9d2e2742f1,2021,88084,B
76210b7a-4d66-4491-8b7c-dc655589b175,2021,37862,B
7fd699d6-e4f8-4565-b60b-398f53e008e8,2021,1315444,B
348bbdf6-d4b0-48ae-908e-7b9e9e4bb52c,2021,106996,B
28b8360c-3fa6-4d2e-b8a3-d79aa1f5c9a1,2021,1190071,B
fdfdb35b-092f-4132-970a-108018729cb0,2021,49071,B
ded80180-9b9a-45ef-b522-c1a3dd8e4b73,2021,1306689,B
7576dca3-c0c5-4d42-868e-eb0921a41efa,2021,1118057,B
9b69c656-6e4a-4027-8c6c-4a25c4102162,2021,317,B
a367b3b9-d03c-4db7-b808-6688a4569d6f,2021,968,B
93c898f9-1e7a-4193-82cc-bca99555ca37,2021,62484,B
f7e58499-e305-46bc-8d51-24dd6caef641,2021,513,B
daeafcb4-a586-4b19-b4ec-5b9fdb03e9ce,2021,53333,B
765b41a8-f1a8-4a18-86f1-b90343248c85,2021,97443,B
1d04ee5a-edc3-4dd0-b1b5-ae5b1f52c986,2021,1300429,B
ed2711ec-cb9d-4a3c-8dfd-a5f7622472a1,2021,1203177,B
8fea5d52-113b-4792-bd23-0822e828547b,2021,1190071,B
c99556fd-0cd7-40cc-bb7b-28c2384f0962,2021,13980,B
f772659f-0ab6-4651-830c-891e26944aa1,2021,47069,B
8f6e2e6b-872e-452f-ac7f-8cee481d1843,2021,1070485,B
ca8e58bb-d80c-44e6-9296-b057e135fb6f,2021,1132918,B
53acbdc5-3aee-4e0f-ace4-e3eb7204b864,2021,97443,B
bf53eae1-8da7-4547-a16b-184162e085a3,2021,95175,B
02220525-7f47-4b5b-b38e-f4fb245686e9,2021,64664,B
2b792d5a-479e-4b29-b1ca-8ca03cd24c4f,2021,1181115,B
056d317a-d5a9-437e-8cba-95444316592b,2021,54934,B
f9c89634-fbd0-443d-9416-2e4e6d910b6f,2021,2209,B
24655713-7a1f-47d2-a709-ef1acc03e547,2021,317,B
544a253c-200d-4f00-bd8c-b9a1e6865ff8,2021,108660,B
f78ba7a4-4a47-4354-a3b2-4ac49a9ab8b2,2021,18584,B
2275fbef-c237-44f4-9088-6c6cbf599ed8,2021,1267543,B
cfbbf9c3-b92a-4f00-8e9b-8757651f4eb4,2021,1267543,B
49d05998-73bf-4a19-ad2b-cad0db646345,2021,73140,B
6ea0f920-8af0-42b4-af3b-bbff71a2d237,2021,1187671,B
c7faf3fa-865a-4d9d-b0d7-155c6aedf6a1,2021,21464,B
a3a9729f-56ef-4d97-9b02-8d712ddfdfc8,2021,1190071,B
392f9072-0f87-4fc2-b77d-df312e89fca4,2021,37862,B
3967a8ee-b9a1-4fa5-b107-a5d299a5d2f4,2021,1283028,B
5979bb2d-a93a-429a-a555-4836eff3c208,2021,48205,B
aed451c2-e55e-4627-8740-c273d8c394b8,2021,1314243,B
eaaadf26-5cdd-434d-aae5-a56ec5ff0aba,2021,98595,B
9bc18b09-67cf-48ec-ba2b-a73208753c53,2021,1101244,B
0333b13f-9d55-4d31-abd0-a097eba258cd,2021,1181115,B
28d92714-52d6-4872-ab25-284de9337d1e,2021,5000135,B
777286a4-c452-4dde-ace3-4d42f27b0a47,2021,101942,B
25357974-616e-4790-88f5-4d885d53f0d2,2021,5000143,B
ebea2834-13f3-43b2-b97e-840f91639953,2021,1288002,B
539e353d-e68d-455d-8d63-9f0b4d935ee2,2021,13595,B
a410bf65-124d-4257-8210-866ab576de38,2021,118468,B
90415b68-726e-43b1-876f-629cc5efc69a,2021,1181115,B
4de16c33-6bfa-443f-b4b3-3ca9456d7c77,2021,1318224,B
40db3ad3-8b57-4a9d-989e-c27da6cf07bb,2021,98957,B
87739914-eb54-4197-b5d1-62890667df50,2021,1288839,B
859704b0-038d-4378-9dd6-c2cc784fab1f,2021,20030,B
b12ff84d-adf6-4aab-b65b-83f078293c77,2021,1314243,B
16c6863d-6d0a-41a7-8378-728c6121857e,2021,117022,B
263b6cb5-4a1b-4a4b-aeb4-5a24dd57b2b5,2021,95175,B
45f07054-5c00-4fcc-890f-0c2d7b1bd3f3,2021,114616,B
7e18190d-1781-499a-aa03-af0ff4151dad,2021,1032473,B
46c43c63-7066-4f79-877d-62ccd0e120ac,2021,118994,B
5a899033-365c-4a3f-8a51-2e7fcdd2d8fd,2021,101830,B
08b98577-1052-4d10-b17c-917682e9f4fb,2021,74737,B
6f51c25f-f7d2-4a29-8be9-d171f9d799c7,2021,1181115,B
7f04a5ea-1f3f-47a3-a5e3-a38ccc78a595,2021,5000135,B
ae1a1747-295f-4990-a375-efe9c9b642a7,2021,55777,B
48ea20fa-4367-4ff3-acd2-61dada6b1d66,2021,11554,B
d3c5be34-6dad-487b-8c5c-2f2a5bb5105f,2021,47051,B
25b1813c-a951-4a29-b019-cebc2d686885,2021,13446,B
c1c3a75d-418f-4374-892b-c8e0350999c6,2021,49054,B
d6b6abee-afda-4e31-b867-05a7b0825d46,2021,53333,B
7aadd782-71a1-435a-b238-72c81edab229,2021,106996,B
207d66fb-4ab4-4a63-adc6-088abc9792c8,2021,20756,B
d6df5f03-a227-407a-8e8f-19f68e5cca3c,2021,106167,B
8071dc36-b571-4ccd-8208-7b785e8b383e,2021,18559,B
16b35fad-bd31-40da-b9fc-9b7424d5bc22,2021,1190071,B
e731b329-ab3a-4c70-b39e-5c9c7c528cf8,2021,22047,B
92a76c8d-053b-43a9-8f41-d6540c02940e,2021,20030,B
b8dcf2b2-296a-49b8-b736-8f95efd29abc,2021,11452,B
716016b7-c150-4686-bf94-b98198403b40,2021,73519,B
5bf7b6c3-72e3-424e-b9ca-800ff44f5656,2021,1161716,B
1e6ce631-ce6d-459b-b0a7-ee5de0759ff5,2021,104360,B
a8ae7450-4501-4224-b316-6077f2bd5374,2021,55402,B
532adcc8-8be5-452a-b6d8-b9cac6209c38,2021,101942,B
bd2fc794-73a2-4b20-890e-65e74f3e323f,2021,11554,B
953eb105-32aa-48f0-bf95-1d646a2afd48,2021,19047,B
cc6fd66c-15a3-4d11-b8f6-15d0aed9db31,2021,107360,B
31776e16-8c74-4229-abd7-3b5193a3f6ac,2021,101830,B
f564c0b5-f603-419c-8b4a-28fdea21343d,2021,47505,B
eb1ea4d1-425a-4cbb-954d-494e62179478,2021,98595,B
57b8177a-c87e-4c67-aaef-9d0d14fe077e,2021,1190071,B
8f0141bc-39c5-426f-9a69-8eec9367bd97,2021,46377,B
76cf8e6e-4494-4f38-a53c-e89aa473df8f,2021,1181115,B
c7073818-09f4-429e-8502-510f73874ac6,2021,968,B
15363412-d6ff-42d2-8376-271d5e49fcc1,2021,108660,B
ec6d265c-6ebc-4ff9-b301-93162f998cc1,2021,108660,B
abb7a54d-ca20-4199-9159-46cfa7f83dc3,2021,13277,B
dfe61cba-c695-4299-9aef-50935ebb7666,2021,5000135,B
f841aed7-4770-497a-86be-7b3488d18999,2021,106167,B
ad73ebd8-4702-40fb-b6db-3b320defca6e,2021,94762,B
76cce079-ed4f-4901-95a5-178f7d6d669b,2021,88084,B
af1bff36-d6ce-479f-99cf-b7df7b69becf,2021,102590,B
cdf14da7-3a50-4b53-aaa1-9a77a36be86c,2021,104360,B
866a6ae6-106d-4d0a-81ca-d7d1db26323c,2021,57606,B
8bec22e7-c340-4a3d-a103-8de11b353fe1,2021,13595,B
e7c17be9-5161-4b05-9ae9-5d0cb7f9dba8,2021,107360,B
f93a5c6c-d0c1-43d0-80de-f497c11d05b7,2021,49054,B
15c680e9-93b6-4ee4-acda-7941e0f00496,2021,1306689,B
8417c62f-13f2-40d3-9e5c-970d570cccbe,2021,98595,B
8c92a42d-c018-4f5b-80a9-cbde6993c9ba,2021,116770,B
4714cd27-bd62-42b7-9d4e-39e599c084e4,2021,101942,B
5569a8af-1c79-4cf6-940e-fe6c3c38fa20,2021,13595,B
12e72f1b-3507-4d66-8262-4fc644223d4b,2021,11730,B
81fd3a67-aa56-4b6e-bc8b-5bc08bc10baf,2021,1267543,B
f16b8581-a3d4-44ac-8c8e-58294cc0f43a,2021,20030,B
cfe06600-1fb0-4eb5-adb2-597409c8f982,2021,1322665,B
6f516827-e06f-453c-9496-e237ae9b043b,2021,2209,B
a534e4a4-0b69-489e-a7fb-13b878d061a5,2021,1385488,B
3ef194eb-93ab-45d3-a499-855abac7e7f8,2021,18683,B
2c92b0bb-e73f-44df-a7e3-ae2668a87e17,2021,513,B
1e2ba54d-a653-47c0-be46-b8da0748e89e,2021,18903,B
ef629099-3ef2-4274-9239-a740ea452a80,2021,98595,B
b67819aa-4d90-4c36-b776-98cb11b0f9bf,2021,95175,B
29a403b2-a720-4b20-a890-a16e025e25ae,2021,113813,B
80d06352-20a9-4292-af0f-a3e245465f3a,2021,1318224,B
47e76c29-f29a-4b4d-b316-9d82cf1e9871,2021,513,B
4fedbf23-fabc-4d83-8524-917ac89d5b1a,2021,2209,B
53406c9a-a8f0-4f55-a025-ba6626afd809,2021,47051,B
d720b068-c1ba-42c5-b799-b6e167f3bb51,2021,1351760,B
85c13678-74d8-4c5c-bf4a-5ea07c5c104f,2021,13595,B
4c999b8b-09a2-4d99-90fa-93bdc7c66678,2021,107360,B
711ab5d6-b180-4ef5-8a66-a212c90fd641,2021,13446,B
f19e1839-e76d-4605-a159-578d01a4ee29,2021,13277,B
efa31540-b17b-4679-8b7b-5a6fda197d64,2021,1283028,B
9eb2279a-56d8-4646-830f-23d48ff36999,2021,117022,B
8366bb84-d773-4875-88ea-d3d4f028b24b,2021,11452,B
0966741d-5d4f-4c24-a541-76b1a3c3d75b,2021,50981,B
f48d754b-6594-4411-9f13-d9baddabc63e,2021,317,B
e478b569-8c9c-48bd-ae57-ddf146bb4278,2021,1267543,B
0446b189-33f8-4840-91ee-f5c86bf52037,2021,47069,B
9b269f5d-5107-40d8-ac6b-3249b089885b,2021,11730,B
96df09ac-5efc-431a-9280-f9810dfa7467,2021,1102628,B
a978a3a0-5f03-4113-b497-11e930380831,2021,94762,B
b59d3699-f091-45c2-8a8d-9a7dd6633b4d,2021,95017,B
89db77ab-6481-4e05-b31f-ef478602fcb5,2021,55777,B
ccb0d4e8-e6b9-4346-8951-a18052787af3,2021,20030,B
f9f81ced-4e71-457c-a2d4-e2f8369ea82b,2021,98595,B
c51088cd-83bb-4d7f-ae42-4d3f73a20692,2021,1379275,B
5b1ff04f-f788-4308-a0d5-ef7063b5def0,2021,1181115,B
ac2af83d-ea21-4232-92de-3afd93b9189f,2021,40343,B
972c44a6-24ee-4b77-9ea2-db58750fa33e,2021,1190145,B
2246e79b-d9a2-4779-b069-a1ea67046ea9,2021,99820,B
88e95aba-09ba-4097-8de3-b376003413ab,2021,5000143,B
65f9bc71-6f53-4834-a2ec-0c1f418c8ca1,2021,1267543,B
f0448c5d-69b3-4925-ba89-46d7557d86c1,2021,47051,B
438e912c-c94b-480a-96ca-8f13b1e137c6,2021,19047,B
a1156ad5-aa15-417f-867e-22effe4c6eab,2021,1136142,B
be5f8c55-4170-4725-afdb-985a0ec64cef,2021,13277,B
74577929-6295-4f71-ac9e-a5154332e283,2021,114616,B
ee1acad0-014d-4fc4-9e0f-f948d1baffd4,2021,1190071,B
e72235ff-89cf-4c4a-a689-ee4a81e0f504,2021,2209,B
e9da7cc0-334a-4fcc-bc12-875d0c67189b,2021,18558,B
7e39a1ef-8006-48b0-a3b8-b058a0d08c10,2021,13401,B
ea2038e3-a3fe-4de4-ad67-bc85ac001a20,2021,53331,B
d7e231d1-3bfa-4691-b734-ef6707c461d6,2021,101830,B
66b0b903-bdc5-4fe5-a79f-e20343fa668a,2021,74737,B
d1882bc6-751c-4a3d-8d56-544fc59eaeb7,2021,1314243,B
fcbcd932-e6ab-432c-8761-9c2ce9a82214,2021,91181,B
7ed1ad2d-0a3a-4d30-875f-b01b69eedbec,2021,116770,B
4edc12fb-32f6-4469-b565-076ec3a60315,2021,116770,B
68f02ce5-628f-4e3a-bebd-ea5b8d9fdb88,2021,13980,B
3eb6741a-d3e7-4801-9b84-2b972c66fdcc,2021,47478,B
9b21f646-30c3-4d6e-871c-a14fef35aded,2021,18559,B
a721227b-6f9c-4df1-8344-2a61270b3083,2021,1351760,B
75233d96-0af7-4f05-a9b7-4c99daef9015,2021,107360,B
19276337-d22b-460f-ae4c-86ed9fe3cf29,2021,49054,B
d65c2a08-2518-410f-b446-07501ee55a70,2021,37862,B
6d3a708c-8f58-4fa7-b8b5-fd0ceccb9968,2021,95017,B
f441e95c-0609-4c51-a35e-298c153933fd,2021,1267543,B
7795aa60-9462-4083-9e0f-e0d37447fa9f,2021,98595,B
36565b26-18ec-4168-aaf1-82c3fa4db602,2021,91181,B
17c16b01-121c-4d55-8d7e-3a98a0e1cd14,2021,64664,B
b5c80848-56c1-41d3-9f34-b51842f285cc,2021,1139692,B
ed690df6-5837-4409-ac13-aeb25b2babc8,2021,1190071,B
fdfc51e9-f1f0-4023-a613-c4754307994d,2021,51020,B
5fc23036-2ac6-457f-b843-55cd4d4c43c9,2021,101942,B
4456556f-ea00-47d3-b2ef-254efef453c9,2021,1267543,B
e3c3f8b9-4964-44e0-bdc0-fe1e67894d86,2021,98665,B
9d669375-66f3-4e79-ad94-ef221cb52a60,2021,1102628,B
2a086958-c673-4b37-86da-429905eb9f8a,2021,1314243,B
744c77f2-d553-4f11-834f-078f08c86b6e,2021,20239,B
27e62676-c2e0-46b7-a140-c2a16d02a611,2021,113813,B
7d4f8772-1532-407a-9f9a-bb10c39a5b8c,2021,98764,B
9904ebbd-3546-445d-a310-89d49c42ca4d,2021,968,B
c1e24660-d06c-4534-a74a-ac692aad32a2,2021,40343,B
9bc01df0-36d1-40df-91a5-3f8a303d88ca,2021,18559,B
716afd77-04d9-4fea-b36f-05df9ea53ee4,2021,1265453,B
83566e7e-a102-4528-aebf-c3cebc778778,2021,1136142,B
4d9ad2b4-b396-4f5c-ab4d-fb99173a720f,2021,118420,B
d1d4eb16-2c91-432d-ac82-dda4d0450816,2021,1288839,B
e7a2de82-dfcf-4273-8891-4210c9f9ba0d,2021,1070485,B
8a149005-34b4-4f6c-a6ab-7f3e5e955a6c,2021,56172,B
5f6cafb4-4f08-4ea8-b903-fbd2f241aa86,2021,98595,B
926b3602-fbfb-4cfa-b583-49b8737f605c,2021,117532,B
40b0ae56-ec58-40ca-9695-8025ce610e1a,2021,5000135,B
d419cb25-1890-4533-83aa-3df1387fe10c,2021,118420,B
f2cee0ab-c176-493b-bb79-eae786611264,2021,94762,B
21006245-e34a-45cf-986d-0a9cb07c01a2,2021,1204325,B
0c43feba-dae2-4e1d-bcbc-bb239fd4b106,2021,1376181,B
3c2d089b-f8cb-4a31-a46b-17e884a68bf1,2021,317,B
d4021e99-e054-4a38-a849-179c680214e4,2021,95017,B
69aa37fd-9eec-475d-b699-c07bb4835e62,2021,97778,B
12942148-e346-4961-8699-7e5966f91338,2021,1269545,B
7067093c-9b9e-4f9b-9a81-f38651005614,2021,1103723,B
c13f96a3-e89c-46d4-99ec-11117c2393f0,2021,18903,B
e3a0f4fa-1351-4330-b886-93b6c68e5d1f,2021,13277,B
d825537e-bf68-4f4c-948f-70a476b9362d,2021,56172,B
639d5af0-e1fa-45c0-8ae6-40a295b9b9d3,2021,91181,B
454a0eb1-6617-4fc3-9514-f2e974882654,2021,20239,B
2f47dc75-65ad-454f-88c5-26784d11e945,2021,64664,B
dd18889e-3ee4-4179-830a-3c955fd6c1c6,2021,116770,B
026e96ae-f71a-407b-a7dd-6f1fc1bb3b00,2021,1306689,B
735f73b5-88cb-4160-9d06-6f8e565e85ae,2021,62484,B
54e43372-8d6b-4631-974b-07597d7fdf36,2021,97778,B
1633c220-1ce4-4476-a5ed-be35a698be9a,2021,107360,B
af38e7e7-853e-4bdb-a624-60f3930addc5,2021,1272079,B
f3d7d8cd-5994-483b-aaea-1f8a64edd78d,2021,101942,B
7f5c1bce-239d-4ac9-9d8d-1c7f520d0868,2021,13980,B
a21c2285-f638-41d8-b3c1-2056c6cd3c0f,2021,1318224,B
b2fe0adb-0feb-46e7-a12a-2939c2869ec4,2021,19047,B
950ab5ad-084f-4f02-9123-092692fe3aee,2021,18584,B
94b481f0-568b-4e17-9817-2799376a1349,2021,102590,B
491b5229-490b-4707-863b-a239f83ec170,2021,97778,B
97c74164-ef43-4356-85c5-2637cfac3dce,2021,5000143,B
9a8b6a80-5c2a-4442-9db7-b801fac9b717,2021,67092,B
51f8de92-b226-48f8-836c-f260aed7ad14,2021,318882,B
9dd5e672-dde3-4920-af48-f60455f1e462,2021,13401,B
8f6646eb-7b7d-4435-869c-6feb8fe0b115,2021,83388,B
6807f1d5-f41c-465a-8e3a-d0e60a5da715,2021,1136142,B
39caaf2c-0e8e-4b35-ad5c-807e27598c58,2021,1047907,B
d8f85ea2-8af8-4fbc-9170-521d156f1509,2021,20030,B
d5227bed-207c-4e4b-93da-c61a33651fd5,2021,106996,B
35492f90-ad26-47b6-b684-bbb9a99b81f7,2021,1166783,B
2dfb58d3-2d3a-4524-9c20-a9724d09fbf3,2021,90030,B
6ded3cd8-f297-48cd-9902-73b7e0022e3f,2021,18683,B
e00e2e54-0a6b-4e8d-9ffa-fd56e4b111e4,2021,1148708,B
f9b75e13-1132-4c72-bdcd-c10785294f41,2021,106996,B
f87f0bc1-93ef-41fe-bfac-c2dfccb561dc,2021,95017,B
890cf65d-8362-46cc-9398-8f270315b807,2021,1108692,B
c98761b0-a3b9-40f4-aab3-1b606fc5fbfd,2021,1190071,B
89ff0e9f-3aca-415d-95a1-3a505b18bec6,2021,116770,B
fc831f65-34e8-4758-9a57-19846c6c18bb,2021,95017,B
5b30c319-98c9-48ec-9de8-59860c98922d,2021,103062,B
89742b70-5679-4bff-a8a3-1a5d266f22e0,2021,19047,B
562d199f-56e2-47ff-a80f-52e8da7cc415,2021,107360,B
6b8a0ef1-ee69-451e-b622-680931e88b57,2021,13401,B
f1334363-6835-42e8-b403-39c25f9f6aaf,2021,1306689,B
cdd3d536-6a1c-49a7-b138-5cd2adb59866,2021,20239,B
c898757b-8b55-4869-8090-fcf64116e0d5,2021,1330347,B
d1f496bc-5f78-45e3-af38-8d1cded73376,2021,1330347,B
8fef80b0-56a5-4b70-8387-26ffbd87c0c7,2021,95017,B
98b23334-3d38-458f-b966-073e7eedb382,2021,19047,B
64b9fbdf-0398-43c8-8fe1-227c2e618625,2021,113687,B
b97ae333-2baa-4baf-98d9-13197f7e9e05,2021,13216,B
cfd30c5f-04ab-4b09-8e07-d2e1fe32cd32,2021,11730,B
6227d234-2982-432f-8b01-76a86d882ed8,2021,1148708,B
5e19fe2b-3085-4731-a705-2397cf462695,2021,88084,B
1a61f58e-0ee1-4687-ade5-d9bb3c06dae2,2021,1136142,B
38ef0b5f-c16d-424c-bc03-6bac54987e0d,2021,1136142,B
4e624018-e659-43e2-85e0-f4732dedaafc,2021,90030,B
7121297f-def2-4776-8ca0-3b2cb6eed732,2021,1102628,B
ecb01098-a427-4d27-980c-0eff6d76cc7f,2021,1204325,B
8e2af4a3-b3cf-4684-8728-add7474a21ca,2021,1204325,B
3e3616cb-7110-4453-9874-00e0942df372,2021,99820,B
cdf28104-23dd-44fa-a2e2-e5fc80191874,2021,1300284,B
f46480b0-bc14-491f-b1c1-a7ca06c9566c,2021,18683,B
3d082fb3-056c-456d-8d5a-24ebbd51926f,2021,62484,B
c6d40432-cd25-42b1-b4e7-2fa85bcedf5d,2021,1351760,B
be95ee6f-72b1-4096-9ed3-2d40430cfb3c,2021,118468,B
68656ed5-2ffe-4e2b-86ad-9156f2c1bb8e,2021,13446,B
615c1033-a897-42ef-bbe4-17d6c3876c6b,2021,1148708,B
c366d5f3-09ed-42f5-9b1f-195ba1f4a17b,2021,19047,B
fd0ce6ba-7364-43a5-a98f-ace999d8e3c9,2021,13401,B
a459c59e-4194-4f82-a11a-fd96cad2c24d,2021,11554,B
e84bcb83-7f97-4b90-80a2-a03556caf7a4,2021,95017,B
e63fde42-a400-48b6-bc1d-e9b6fb8241ae,2021,1272079,B
e18e31cf-9d75-442f-8892-4bfb94704c77,2021,1190071,B
d83fe719-0540-4b7e-865c-7c8c23121a5d,2021,94762,B
ed2159bf-98d4-4d9e-b418-599faaca19d9,2021,2209,B
a423cb6c-531c-4870-9188-26660eaef943,2021,67601,B
4970544e-c273-4d21-981a-41f153d9e874,2021,113687,B
c10f97d1-0801-4aaf-8a60-2b94bbaa122a,2021,20933,B
27cebd79-a2fe-47ca-9494-438cd562339c,2021,97778,B
1d1a6aff-cfaf-4749-907f-81f6faa277d3,2021,90030,B
3f63c7d5-b9df-4428-acdf-8834e6303fda,2021,20933,B
1f0e13ae-4792-489e-b506-52fd993bc681,2021,13401,B
aed9378d-060e-4ca1-8fd2-54823eccb103,2021,107422,B
3414282e-daed-49bc-bd92-b68cda706e44,2021,9414,B
e16cee53-5fd0-4fa5-8ad0-4296e9bcd3f5,2021,1101244,B
5140ca30-6517-4184-9c0f-a0202dbcbdba,2021,18584,B
8c727c4c-6d36-4851-98c6-610e51cbd379,2021,19047,B
bec350d3-79ba-4f90-81de-4766d6e569b9,2021,37862,B
9ba8aba0-e3c0-47c9-acd9-c3c00a4f497a,2021,13277,B
3210a90b-d3fd-4051-8e84-1056934b83bf,2021,118994,B
e2a4145e-456f-4652-9dde-de10478708f5,2021,13980,B
a4b96c8e-2cbd-45b8-9553-49bc2dc452e6,2021,1118057,B
d22409a0-b6d3-40b5-a3d3-bfbc555c9ecc,2021,1385942,B
df5e0e6d-1e41-4c39-946d-84fae6272448,2021,88084,B
ec9f7539-8eba-4896-8c80-21c9ef36b76f,2021,317,B
6c76ecfc-e0ab-4adf-9118-d18046b92acc,2021,40343,B
522969c5-5165-44a7-86d6-7f363e3aabae,2021,50082,B
0147f8a8-f4b7-405c-a6f9-ee1612001b89,2021,86326,B
3f345bb2-e975-455a-bb57-9d89231ffe11,2021,67092,B
4900f7f7-b722-489f-9cc7-f41eb9ad9945,2021,1351760,B
5ed3741a-1815-415a-9865-723708649eb5,2021,59122,B
15464107-6216-4449-8bab-98ceff56a552,2021,98595,B
fe7b271f-05d1-40b8-ac1c-cb7ab82d460c,2021,20239,B
520e8310-71dd-4894-9f8c-c0fc37aa2d0b,2021,1101244,B
1712fda9-eb4e-4990-8423-99510b25154d,2021,64664,B
a5ccbbae-5742-4e8c-b753-f6fcd1c9bc70,2021,13401,B
ba902b0b-75f7-40fa-b645-05c6cd83bb28,2021,11452,B
e255ec96-bd32-4b99-9829-65544aff46b8,2021,11452,B
2ed52e2a-64b2-4f4b-ba61-8797609b7e59,2021,90030,B
42099e73-5afd-4e4a-aa06-6435217a78f2,2021,98957,B
81ad056e-a6e1-4ed4-91a8-eb446fbb3b06,2021,5000143,B
5e3782fd-e45d-4f96-88fd-dddcee75076f,2021,13446,B
0e13561b-6624-4ee1-b7ed-03c0604831ea,2021,1032473,B
2f0d6a7e-5f47-4eb5-b071-f0aa7975bb63,2021,48205,B
d359c2ae-e137-493d-afb9-062c104c675e,2021,19047,B
345ffc8b-151d-40a9-b74b-576287ce32eb,2021,49054,B
a6627042-847f-4a66-8458-8f7ed5a4a636,2021,1385488,B
1961bc0a-edf9-4cf4-963b-f9c33b8a3f88,2021,13595,B
a1f47a80-ac3b-470e-81a8-646787beb51a,2021,83388,B
bef35a4b-aa8f-4ad6-bbf7-c7b482252c16,2021,13277,B
4f8633f5-aa64-43db-ac24-30bbcb5b40ba,2021,5000135,B
6fa400e0-31c4-4528-9043-73f9179091ed,2021,11452,B
a571a9e5-1f4d-4fef-8911-418a7e841ef3,2021,88084,B
2d803479-ebeb-4901-ad8f-95b94dc87762,2021,1351760,B
a62ffbe6-a7fc-4f2f-8f55-c64c7d75620f,2021,101942,B
e804b444-e016-438a-a411-ea6febec601a,2021,13446,B
bbb45f16-ffbd-4971-9f75-bf320f5871d2,2021,1148708,B
61fa3066-b02c-4d5d-afd3-3fed81a15c63,2021,1136142,B
343a5b2c-1edb-4610-ad1e-c2db477bb459,2021,1136142,B
18403a8e-eabe-422b-8305-ede82c170ef9,2021,1427745,B
960f1fe0-00c9-491a-8745-b8e9ea74351f,2021,1314243,B
0a9bd15f-1882-490a-9816-f116b05cd709,2021,5000135,B
585b0545-a366-475e-bc2a-80d218c6a079,2021,53331,B
2b55a57c-6677-4bcf-8fb7-bfb9f73c6502,2021,317,B
57c6d199-19c1-4273-a602-8563aa61c46e,2021,968,B
113183c7-4f7c-48e8-99c2-a3a3a24f72a4,2021,19042,B
bea84ea8-85bc-48d5-9296-03ed98516217,2021,112086,B
be99fd7d-3e75-4356-b317-8a416b02233f,2021,1136142,B
6d34cba3-2159-442d-8acc-0ce4a2bd74c6,2021,94762,B
8788f614-2bfe-4052-8638-e11b72990856,2021,1376181,B
4ff0580b-6ef1-4d9b-996f-9b6245c1dd7a,2021,98595,B
183a59c0-2269-4bf2-8d0a-a9a6da956830,2021,1300429,B
a2aa5d44-0508-4c15-b66e-61de76657207,2021,1533190,B
db6e6897-c259-4e0b-9d30-439dbc15d0eb,2021,1322390,B
c64627f4-18b6-4ae2-923e-e5247dbb7fd9,2021,46377,B
2296cb01-1c01-4cf0-a8e7-c9b205e5ac8b,2021,2209,B
0f6272e4-ed58-4f00-8812-0939c572f3da,2021,50981,B
396ec31d-5d8b-4379-bbc6-3e8f88e4a698,2021,317,B
e0051cad-a6b0-48eb-9446-f7fb6998c75b,2021,47051,B
426d0a76-2e32-4356-b9b5-4df7d7430d29,2021,11730,B
b388789d-4362-4057-9cf7-8e504230efc4,2021,19047,B
31243c16-85b4-4dfd-aa09-1fc628b91557,2021,1136142,B
395f99a1-4b86-4d07-9fc5-c89dd46486e2,2021,107360,B
9a31347b-0552-4ae1-a4a7-1b7fd8b42481,2021,9414,B
ab9dde49-b81f-428b-819d-d35792c80236,2021,5000135,B
77a90ae0-da53-4906-bc61-57179eec0598,2021,5000135,B
1c920b56-f9ac-4edb-831c-a72ebc26b89f,2021,64664,B
7e91654c-12b8-4994-9bb6-4aec35286376,2021,116770,B
617ec65b-4ee6-42f8-a2ec-ebc3d19c6067,2021,1166783,B
13fc77db-ac55-416c-ac2b-191eca24bf1f,2021,55402,B
5e974982-1ebb-4b5f-892b-28815517450f,2021,73140,B
f0107746-e6c6-4147-b8b3-912d69257882,2021,513,B
cb54f907-92d7-47a1-a11a-4d0e1037168d,2021,13401,B
8867aaca-cd23-49cc-99a4-1c1b5ba4d84e,2021,53333,B
08c89661-9c88-4215-a1cd-ef5d5788b57e,2021,1314243,B
199cd81d-a201-4f5f-8dc2-01b198818f83,2021,95175,B
cac87773-4fcd-497c-a5d4-ec308bb611f2,2021,99820,B
6ffc653c-6588-401e-86b5-6de36f7bd46b,2021,95017,B
71c00c30-b9be-4f30-8842-7ea04b65348d,2021,13595,B
1fa23a1d-55b9-4645-b8df-103e07d7edef,2021,1102628,B
40fff709-baf0-4f1f-9358-8b82e9594735,2021,68930,B
4c441646-9554-4e7d-a1fc-5efdd0da265f,2021,1258063,B
b6d25c55-c21a-440f-a9d8-b5465c19339f,2021,1190071,B
7c93d7df-e155-4321-8385-09641ebe1475,2021,317,B
262ef1f2-573d-4eb8-9317-f6cc885de752,2021,18584,B
00880b26-7049-4684-977e-8840e3f113b4,2021,13401,B
3347f812-cdc1-45a9-af9d-227ccc278c28,2021,118420,B
56079569-d672-4d33-99dd-b6d3423bc5ef,2021,94762,B
2f960b4c-6118-4e77-83d2-1c07a6a719e9,2021,95175,B
22b97777-f67d-4061-adb1-36f0c182f4b4,2021,2209,B
e1391c01-e485-47d6-86b5-8b6c57819f3f,2021,317,B
a7b6806b-3a00-4b2f-9e0d-66793e026e85,2021,1288002,B
36d77594-366e-49ba-911a-c4a794177ad1,2021,67601,B
f4f3b2f2-79ef-4416-95bf-a477904ba934,2021,1267543,B
d11128d9-e83d-4fde-ae75-efa81ed63b38,2021,117022,B
485fc6c8-91cb-4b72-b37b-d87dad3bcc57,2021,1330347,B
d43accdc-0a55-4447-8cec-58d491e310cf,2021,968,B
3700c55e-deb6-42ed-9055-215a1978485a,2021,968,B
678d9b06-987e-43cb-8635-2f08a3258999,2021,99820,B
2aaed140-f525-4670-a74d-0dba762d6afc,2021,107360,B
51bbeefa-4f83-4842-a9c5-2f7d77a57ddc,2021,19047,B
c69bc705-5425-4245-8cab-e88098f9353b,2021,13401,B
6ea88428-b7c8-4546-9ec0-a8bce8d34502,2021,1204325,B
6e5a1f58-8517-42d4-8c68-c8ccd30ae800,2021,1315444,B
21986949-996e-4883-909e-ac2300fec019,2021,55777,B
bfceacfc-67bf-4f7d-8737-dd164a1c719d,2021,58808,B
311ff9d2-c957-4e79-b0b5-f8eb9e6300b1,2021,317,B
b9802ade-966e-4de4-abcd-d510eb2e26a9,2021,18683,B
32fcf3e2-3675-44cc-8127-a7b394c6b55f,2021,62484,B
6a9d77c8-3b7c-4a9b-ba78-ed22415808a0,2021,513,B
d29098dd-9423-4547-ab6d-5e34fbfb295f,2021,50082,B
eefff684-75e1-4ea6-8411-b54f8a7796b2,2021,11730,B
5b1b1098-7fbb-4b59-a2ba-848aabe8a312,2021,13446,B
d1333564-1b55-4026-b1e1-024d69e36639,2021,18903,B
bda69d83-55ea-4b2d-80e0-5f409b1cebd5,2021,1136142,B
c0de5d69-9edf-4390-b9bb-580a646cc2ac,2021,1314243,B
a1ebb8c8-310d-492e-a52f-e83c7ebbd62a,2021,64664,B
0a430b1c-9c45-40c1-87f5-21937afdecbc,2021,2209,B
1b1b5eaa-faa8-4be2-a8d5-da12b871d1dc,2021,55402,B
1ff80354-166c-4470-b1a6-c9a591062154,2021,5000143,B
33744d9d-8279-43d2-9da8-61a95a494ef7,2021,1187671,B
087f6a7f-2315-4b88-b9df-6cc4c8d70c48,2021,37862,B
af7e94bb-4c63-4139-8ea9-6a2a2536f033,2021,1136142,B
9b7dc231-ef5e-47ab-8e54-9f21924b471d,2021,1190071,B
65cb13a9-81f1-47ac-b69d-629304d11e37,2021,1118057,B
40ad95cf-7fb9-4f47-9a5a-7c82c4cd3195,2021,103062,B
47d36cb9-1b03-43ab-9c37-4ada39f3dc03,2021,1102628,B
7bd014ab-d97e-4a71-8733-844270896724,2021,5000135,B
6591a986-07d9-4601-88a4-eda7c65d64ff,2021,513,B
f56c7048-c4dc-4b52-bba7-c22d0114dd63,2021,1269545,B
4c2ab3a3-d0cd-4ea2-9685-1aac3befaecb,2021,13446,B
333a6c42-c61b-4920-9fb0-071ed6212210,2021,62484,B
3c53a8a4-31d3-42ce-b8ac-addaf79ff8ea,2021,98595,B
a34681a1-5053-457f-9ff9-194ed31b6450,2021,117022,B
c56ef5b2-ec08-4884-8e48-8bac6778324f,2021,54934,B
09e3ebda-7d6e-4d00-97d8-421ca2de6a5a,2021,88084,B
afff4b99-7ea7-44dc-948c-7ec2b10bbf05,2021,18559,B
c9fbac05-1035-4f64-bf88-d3da9e30a8be,2021,5000143,B
cf1fb567-5f20-484c-ba5d-32f6f41dd7ee,2021,47069,B
947e748e-4a4e-46ee-b409-4af841dfcd01,2021,21464,B
c5e0ae28-4d5d-4e3a-b4e8-7f37519750f8,2021,13595,B
b35f1c82-daa9-4891-8354-027831610745,2021,1204325,B
0de6a83c-cdd5-4adf-ad2a-578fe186e7e0,2021,47505,B
9a6a1fca-1da1-4272-8fef-530ef6908934,2021,49071,B
47573580-fe90-4895-a1d3-eda43662f784,2021,106167,B
848f23ee-8a8a-479d-8e6d-46686c4b6d49,2021,103062,B
dee790a4-b43b-42e7-af04-d2d6bb809db7,2021,103062,B
2d212f91-cc14-43af-9f53-fc228c9717fd,2021,49054,B
3802f411-9ccc-40ae-9a5a-7286699c818d,2021,62484,B
35ba36b0-2548-4a9e-aa89-2cbe23119e20,2021,1269545,B
40b6c419-b7e0-4ed8-9426-06270c57b701,2021,13446,B
dca43fd6-6a9e-4994-a912-7acda7892073,2021,1376181,B
a213ee6e-33fd-4cd5-b41d-43748bbba972,2021,22047,B
d5c7e879-7df1-4e78-ad8c-42a086801280,2021,1314243,B
bb4e8351-31c6-4ac1-a325-1ab475dd6bf2,2021,1270596,B
dbf0148f-9058-4540-974c-a5239d853ad8,2021,1139692,B
31209998-b7bf-4049-8596-1a9fa32aa0dd,2021,102590,B
d7d67155-62da-41d3-8a96-f0c202779f18,2021,1267543,B
67ea3979-0a5e-449d-8ed9-84d745fc8905,2021,107360,B
ab9f6396-f7c5-43b3-ab77-6e2b879c8d55,2021,107360,B
675517c5-8fb0-4a11-9582-2b5970fc3bff,2021,9440,B
27bdb790-a00c-4ccf-a103-7ba2e4089e9e,2021,1136142,B
5463a440-fea0-45a3-a75f-27adaa060ccd,2021,9414,B
bade290f-3138-47f5-a51b-0234a426a2fe,2021,18671,B
060f7ee4-c4fd-41fe-878e-fae95fb6cdab,2021,317,B
4872eecb-0033-4fab-b1f6-00f9aa8d3a2a,2021,40343,B
12749335-d317-45ca-b4ff-92d7b489b314,2021,108660,B
0f69e1ed-a6ec-4ef1-aa76-de1972cf6324,2021,108660,B
aad1e1c2-5bbb-46e1-b50f-87d72167ad86,2021,101942,B
851777e2-2f44-4d8f-9566-ba7d52a83374,2021,47069,B
f0a7830d-e2be-461c-9985-27f59f30e211,2021,1288002,B
38d3db83-a31a-4ccf-8780-28c37326694e,2021,41238,B
0e8712be-aa96-4316-b77a-63a5aa6a7b93,2021,90030,B
56a33ff7-ea29-48ad-bd61-1162a01e9798,2021,1070485,B
29d35d3e-0e08-4be7-b1cf-2f96d06fa4c8,2021,1376181,B
5b99200e-130c-4921-b136-0905f9ba1827,2021,48205,B
a6d2355f-3fa3-4bc7-aa8e-32ac42ea8304,2021,47505,B
077bcd4b-bf14-4fe5-854e-2f4cd5340766,2021,1139692,B
3e935027-df7e-474c-abf8-cc24874cca84,2021,43664,B
f0fa61ee-6ab6-4517-9c59-0430e4068bb5,2021,18584,B
e6ab843c-c537-488e-b3bc-bbe7bc40bb7a,2021,86326,B
c1657969-cc6f-456a-b95d-1876fd3e0c94,2021,118468,B
bb034444-0b44-42f3-9bd8-10b0028770d8,2021,88084,B
6aaddf8f-a68a-4bcd-acd2-9192564ad35f,2021,118420,B
d4399b68-0743-413b-9ea4-a358c72b81f0,2021,98013,B
0ab917b5-0f66-43fa-b00b-9806439dd39e,2021,1300429,B
c520879c-da9a-401e-aebf-8b549601e330,2021,95175,B
d6714f63-b26c-44b3-b96f-1ac325a12bba,2021,1322665,B
a1351643-6020-4cab-986d-e0cbcf4b9523,2021,11452,B
0fb574b8-ed54-40ae-beb9-40078d5835da,2021,1385942,B
6189c9c5-2d59-4029-b872-568acf339172,2021,1288002,B
2ca7d7e9-8834-464b-95ad-a79a7741654e,2021,1288002,B
88cdfc46-36a1-4755-9fa6-aab083fb7db9,2021,107360,B
a6714e65-03c2-466d-955d-73abbdd57aa4,2021,41238,B
b8885f5e-7554-4b11-ba49-4c507e5a4c94,2021,1427745,B
bc6427b7-704f-43e7-a8ac-d7276d9b3a70,2021,1427745,B
383c5656-75a4-414f-8e7c-1353577a3163,2021,55402,B
e557da02-de5d-49db-a08d-7cab0da3b096,2021,1330347,B
00bb6cc3-8811-472c-92dc-51f6c42a045f,2021,13595,B
d8ff05c2-dfb2-408e-b468-1a786831c8a5,2021,41238,B
fdd9e3d6-f11d-4f4d-9a89-6a35407fedf1,2021,83388,B
77ad3ff1-d240-4807-a621-8063b407f018,2021,107422,B
367a574d-c0dd-43e9-954a-30720c086903,2021,88068,B
c5f58bed-b11f-4efe-bb74-cdddd9ddee85,2021,1376131,B
dd73cd5c-e7a1-49a6-b1f7-f03290a812d9,2021,10515,B
2c114561-04d1-4537-a113-78d30d37371c,2021,1330347,B
6d1b4318-b845-455a-ab3f-d010da08c5b7,2021,67601,B
cde19ec4-89eb-4fb6-84f0-88b9ec6509c2,2021,1118057,B
41ab78f0-9ec1-4ed7-b47d-07b35498391c,2021,13277,B
77f6269b-10a2-4414-a78a-1c3837e7aaf2,2021,1376181,B
b2b0246c-c2fa-4945-9b09-9d59e81664d4,2021,1101244,B
07992ab0-65b5-41e8-a110-e9d7ab2e1d7b,2021,1166783,B
84b648d7-e2e2-4329-b334-eb1934acc826,2021,20933,B
2240e8ae-2953-4e38-adb6-720ea84a1632,2021,513,B
b7e1666f-db12-42f3-b59f-918afa0c5b36,2021,5000143,B
d522c290-69f4-4a56-9714-f24de68e2950,2021,98305,B
3374f054-d613-45f4-b77b-5caa55a8da9b,2021,67601,B
75f2a73e-25c0-4eb2-a0c6-0598bcb7531c,2021,118468,B
48fadff4-2a4f-424c-b137-b9e98ddb5076,2021,13446,B
5e65d188-4f48-473b-b5dc-afa8e76160b4,2021,1047907,B
01c7d700-7a8f-44d2-bb99-999ba6f173d5,2021,87396,B
a0be2d4f-08b4-4318-8e63-c330b32a4799,2021,1270596,B
a70ff65e-7fe7-43c2-b010-1e0dc75aed59,2021,106167,B
c3af833e-8cb6-4dab-920d-4e6cd85e50c2,2021,18671,B
4c98576a-8734-490c-9bb5-8061ac83972e,2021,99406,B
a526d478-a714-42e3-b8aa-2e5ad6e09092,2021,54934,B
5b861e68-37df-4715-852d-cf26d3adbfe8,2021,103062,B
4881e165-c8f5-4911-be86-07b030db9de9,2021,317,B
d01f9b3c-e58f-4e46-92a7-11db778c4baf,2021,108660,B
1e4a970d-3bef-45c0-b8fb-ef9fa4017a4b,2021,13446,B
270760d2-508d-41c7-89ac-0e55f4435748,2021,13446,B
51783717-b028-4bd5-a011-c2aadeb735c8,2021,9440,B
aef8d30c-4dc1-4b06-8524-7a105658a6c2,2021,101830,B
436f523e-51ea-435c-ac62-4bbae9f33f7c,2021,1300429,B
5448a9e8-8b19-4f3d-803d-f49f7b88ee81,2021,99820,B
318552d5-4ee3-4ef0-b0f3-a1a3496d8e56,2021,1376131,B
7c569e99-bbf4-4827-8cd5-595f27cf051b,2021,94762,B
13929ee3-bc9b-414e-bd3d-445d762f254e,2021,513,B
7907eb3d-e368-43a3-87db-f8cda6b19695,2021,18559,B
07821dd3-3cec-4a4f-827f-4b8be151aed3,2021,1187671,B
298c03dd-8b23-4317-b706-bc1eea82f8b8,2021,13595,B
bd28682e-7dea-4acf-9ff1-ab6741b9562d,2021,107360,B
2b53cff4-ab22-4065-8621-4d6b9544a70c,2021,13446,B
3ae51fa1-3bce-4855-9004-862d7dbf235a,2021,88084,B
0a9c91e4-ee48-4ba4-ac1f-d0d2a1928760,2021,118994,B
9fcc211c-b10b-44aa-9208-a0fb79100f78,2021,1376181,B
66e140ab-4892-4506-87f0-42ce10eabdca,2021,95175,B
3aba5d01-1116-42d4-8bf4-1f16eb2cd6fc,2021,40343,B
f3835169-27ef-4be3-910b-478d5bc8ba90,2021,47069,B
99d02c65-0870-453a-9782-a2722f2ab747,2021,90030,B
69d0a0c5-e8d5-451e-be26-653cf7e59747,2021,118420,B
9ed5f09f-c410-4431-a606-f74534f70b38,2021,1108692,B
f93c5d1c-e5a0-40d3-aeba-9fe2fbf1b9bd,2021,20756,B
5f0e4383-7bee-4edf-852d-e7ea18217a0c,2021,1270596,B
7f59696c-39f6-49d2-9cda-482d211b8d4c,2021,108660,B
153d4655-ce70-40a4-9dc2-9d47583efcb3,2021,108660,B
bcc32eea-4366-4efc-95ff-6eb3dbd3fb69,2021,47069,B
c7f3778b-9bf8-4ec0-9a91-6122cdb96a61,2021,1190071,B
473afd97-1905-401e-8497-97e905f070d8,2021,13595,B
85f9db13-3cdc-4d11-9df3-4ef6337cc2b9,2021,13401,B
b9df404f-9546-4aba-b6ed-3d1fa202a079,2021,18903,B
63c92095-0e30-42f6-a1b2-4835157ec88d,2021,118420,B
0e767edc-05ae-4e53-87f4-f7ec2d8c6fce,2021,101830,B
238c4676-1115-4cdb-bbc4-4d4390712b79,2021,98013,B
a72ba93f-0d82-4896-90e5-cbf6bddd2ab4,2021,5000135,B
43d42d12-c9e3-49b7-a7b5-2037cb238296,2021,64664,B
9d9b101e-45a6-441e-92dd-9b0c89067959,2021,13401,B
3a73d867-0608-43ce-9ba1-7b1a0bacecb4,2021,1118057,B
1c5625d1-49ab-4867-a0c6-e18d66957e67,2021,1322390,B
71167c04-5bfc-4191-b232-b2dd399917d2,2021,18584,B
6d184d1e-c759-45fd-af17-c3404dd4188a,2021,104360,B
5effa79d-ca86-4ac0-b59a-71e852ad7fcc,2021,47051,B
8f019f65-bd2a-4039-a600-611f9d74de6a,2021,1190071,B
edd58e92-a963-45a1-8d0c-2e7aafea45bb,2021,13595,B
8665ccb1-311a-446c-aa5d-3dc633421dff,2021,13446,B
0cc5a866-9bb0-49dc-9103-8e9eb74a9892,2021,83388,B
73de4d88-b28a-4851-bc7a-e30664862874,2021,1270596,B
664669b2-29a2-428b-baf7-3abc89582481,2021,106167,B
4e4d95f2-516a-4b48-9e91-38fa680d30a3,2021,106167,B
da1262f0-f7cc-494f-8191-8d197f62b5b0,2021,50082,B
22c3b195-e405-4efa-86e6-d5bd90d6449e,2021,103062,B
11c1ac95-d579-450f-8ea3-329be7708ba4,2021,117022,B
998da9aa-2c84-49e9-ad81-28d419dd59a7,2021,83388,B
2bb9b372-0471-44df-b28d-9ebb63029728,2021,90030,B
c5dc77cc-f5d9-403e-8026-d8c464dfc48c,2021,118420,B
45fe378b-b24d-4b37-916c-c673343c031c,2021,53331,B
bb84c0d1-8f7d-4f51-aabd-f3ead8d6e031,2021,1376181,B
50818174-e2fb-4e8a-9579-f28f0d7eaabf,2021,1118057,B
8421b206-31eb-41ab-860a-7f32242cb621,2021,10515,B
135327ee-4872-47e4-992d-7836c93cecde,2021,13216,B
4559a5c2-7f42-46c1-a0a9-473691fce8f5,2021,1269545,B
f6626ca5-6a98-476c-87b3-e0c9da69f850,2021,37862,B
1fa04f48-eb8b-48e7-a5fb-bc799e3e1f29,2021,56172,B
6007570f-3f7c-4eb2-b86e-5696604a3eaa,2021,1314243,B
924defe3-891e-4c9f-aa01-f545f81ca3e2,2021,47505,B
1809f180-7a24-431a-95c0-cf4a7311f0d2,2021,1190071,B
155c09f2-978a-4608-af64-eea4bd24be02,2021,103062,B
bcc2d6a9-ecef-42be-871b-2b91d693a1ee,2021,118420,B
2f58676f-1f54-4828-ae8e-897344f02ecb,2021,56172,B
b67a2022-7cf1-4cb3-a9e7-ef886ffccd3c,2021,106996,B
0058c357-d884-47ae-8093-81e8e062d55e,2021,49071,B
bb96af19-bb94-4e34-93a6-029fb35f3bee,2021,1139692,B
a5b45dff-191c-45c8-989b-784e65610f21,2021,103062,B
0d414a71-1200-45b4-90ee-b4d9e17cc07e,2021,1161716,B
5a60d762-1473-4708-8d0e-ecc029e18c58,2021,1102628,B
365f56c0-3cc2-47fe-9098-2f29096d91e9,2021,62484,B
4c0e75f5-a2eb-4502-931b-a0caf805b46b,2021,98305,B
77e0155d-355e-4218-acc4-eb79f771e77c,2021,1267543,B
cc6c1350-1780-4001-8f66-be0906e4bd82,2021,13595,B
6ec34b1a-66ff-46e8-a3ce-7c562736bf31,2021,107360,B
289e93fa-142e-4ec5-b4de-51cf14a74b9e,2021,98595,B
93575b90-2de8-4499-b0ca-1894fa50658a,2021,9414,B
b9fd63ef-b098-4b86-8d53-2d0e033a7aa2,2021,97443,B
57293514-7567-4956-8d24-fcd6dcb601a9,2021,1190071,B
af34c5a4-bc2c-4dff-9a5e-bff727f07267,2021,11452,B
260e350d-bf1a-4a5c-98bd-a9aa485ba4ea,2021,11452,B
2281bc4d-b4fa-4461-9b3e-c3f31976c7a4,2021,54934,B
171ecd23-6cf2-4679-b1ff-9623ddf78dee,2021,112086,B
ae890166-f1ae-4e35-be20-92345b524bbd,2021,41238,B
76064f2a-fb60-4d28-8e34-9b4abc67af9b,2021,13446,B
9c4a1341-e180-4c82-a8f3-6d91e1877dbc,2021,95017,B
8b815aa4-98b3-43f0-991f-26a770376634,2021,1314243,B
1618ee55-eb0f-47f4-b004-88aec8259245,2021,1190071,B
1aa364fb-ec65-486d-b25a-605edbfc15cf,2021,1181115,B
9b28e7a1-c0f9-4302-b063-64a84a35ea30,2021,5000143,B
992e4c50-5e93-41a5-b24f-c8a24d315e4d,2021,1190071,B
284e04a1-190e-4be2-b0a2-6e3920ada4ad,2021,1136142,B
e9ec4f07-5435-4a11-a7bb-8b8192364ab0,2021,1376181,B
d0c83bf2-0d4e-4aa2-aad9-47f158d82336,2021,62484,B
3d4b2b61-afae-404c-af1d-0bf39cb368a8,2021,1314243,B
23c2406d-2db1-4614-ae12-fa7823f60bf8,2021,81210,B
9a616d08-7104-47b3-90ca-0ad8608973f6,2021,64664,B
2c2a105f-6127-49df-8487-fe9bf6738f49,2021,54934,B
749f3400-99b8-4248-a2c8-f50924cb6305,2021,101942,B
5bc3382b-0f10-49c2-a82d-f58593b39133,2021,94762,B
a678dfb7-9cb1-4446-8bb1-623feaddd1a4,2021,11452,B
013f1d4d-cad4-4025-961e-226bac841161,2021,1351760,B
e6a0c44f-dcf2-4ba4-b14b-ac620ba5306b,2021,11730,B
20c4afd6-3ec7-4316-9773-b6b7cee8ade3,2021,19047,B
6e9f46b1-4744-4b94-a334-642f31c928e8,2021,53342,B
f2b5266f-8a4b-4788-99ea-7b89c280c384,2021,20239,B
e156a3b5-830d-4f68-808f-3a96afbbee67,2021,64664,B
cdc9ea20-3e36-4ff7-902e-ab0c1c10e82a,2021,19042,B
973b7d69-b2eb-4744-a95d-7c89a138cb8b,2021,97778,B
0c87a916-8cb6-4efb-b25e-bad9efb4e5f4,2021,90030,B
49915cdb-820e-45f9-8d49-cb4737171139,2021,1102628,B
122fe0bf-748a-49e6-a72f-68b8959abfdf,2021,118420,B
e22225cf-5e1c-4a55-a8a5-af19dcb59d7a,2021,118420,B
9e2ac02d-3b6e-4e8b-a4d6-8266e602f830,2021,20030,B
dc471654-cb87-4273-abac-e62f5c875162,2021,1314243,B
2046441a-4fbe-4140-b163-746c428633a1,2021,1101244,B
71c2a3fd-d8bd-4084-abda-378c9c5b1879,2021,64664,B
d4fe0035-8b8c-4117-b302-40a27b339e97,2021,11452,B
96d0012d-5ade-4c20-a0a1-b263d32ec617,2021,2209,B
3d0ee463-ab6a-4320-b310-f06641f09658,2021,317,B
cff7b530-0746-4083-8eb2-d0d64c910091,2021,317,B
35316cf7-426f-4635-9525-d226da44154f,2021,99820,B
43d33c48-d861-4a53-bfb6-251cab6e5b2b,2021,43664,B
f58d92f3-180e-4dd1-a9ce-a61817f85eab,2021,118468,B
f5531adc-52b2-4242-855d-462fee56e307,2021,13446,B
a35b950a-71a7-43f0-90c2-a8964111c419,2021,9440,B
e2579873-7aea-447d-9785-57936e00fbe1,2021,118420,B
9688c660-c0f6-4d94-84e0-60340a5cdc36,2021,1376181,B
f0211d03-30e4-4ba0-8b41-0cf458ce4ae0,2021,1300429,B
6b9e56e5-97d0-4db6-93c7-122d6a51a367,2021,5000135,B
671b2d8c-a0e1-43f8-b33d-ea67bfde7f87,2021,1258063,B
5eb25d43-cf73-46fd-b69c-99f79af8261a,2021,1330347,B
82ea738c-7706-4cd2-8599-baa5373e4e24,2021,11452,B
87cf72ed-4dfd-45e2-a907-728ed694cc07,2021,968,B
9727fd97-fb9d-49df-b7c1-8e4502505a1d,2021,13595,B
7d351f0c-ed9b-4744-823c-4b15b7bab72b,2021,13446,B
24d8d2aa-aedb-4fe8-882e-fdcfc648e24c,2021,51020,B
e682d1bb-8ce4-47f3-9a39-7e211c9a3c8e,2021,5000135,B
5641dc90-2c96-401d-8abb-e4cd4ca69f52,2021,1139692,B
5c5453d2-f9cf-48b8-9a5d-b2f429e979b1,2021,317,B
3415be61-ba62-4e03-a9e7-ad1bfe79b238,2021,18683,B
9dd58585-ddda-4af2-8bfe-1e08c7901cc9,2021,18683,B
c7bcc01e-507f-403d-b659-0677e9cd0760,2021,18683,B
a39c0316-9695-4c95-b846-2947b2e3845a,2021,18584,B
027b375a-fdb5-4178-8600-2ca66322e1f6,2021,13595,B
44610c2e-de98-4253-88c2-758912ed2ff2,2021,41238,B
e26d9083-089e-4433-941a-760340d60509,2021,13446,B
3d6f8979-a422-4b88-8edc-7f6aea56e34c,2021,1102628,B
7fe53dd0-348c-40ed-b0e5-d37f06a42249,2021,1427745,B
77a26dc4-dcbb-4d31-9768-f1fcb3c4abb2,2021,1047907,B
1a968236-02ab-49e7-9918-b188f8fb936d,2021,106167,B
80c9f166-446c-46bc-9d7e-f7e7adc27be2,2021,1385942,B
2fdc794a-d67b-471b-9640-d6889cc46dc3,2021,1102628,B
59fb8bb4-38b0-4c0d-872f-93624b3712f0,2021,1117717,B
e33ca238-42d4-470e-9e11-655920be9ba2,2021,13216,B
92c0cfb4-216e-4eb5-9722-fdd642c32e82,2021,118420,B
edec7cdb-e697-4d47-838f-99374aac809b,2021,1427745,B
a0b2c44d-4536-4a39-8e19-6617892585eb,2021,1314243,B
b6ee460a-1950-496a-8078-2598a5d66ff5,2021,117532,B
5e864dc5-5e96-4718-96b0-ce7f471ad004,2021,1322665,B
0411a1ae-13d9-45fa-a41a-842910ecb5fd,2021,13980,B
05974d66-47e8-4818-a497-fff939cc7ba6,2021,13980,B
7275df40-a603-422f-b114-6b586aa9a93b,2021,112086,B
84359d80-62c9-412f-b1be-313d0ed6f273,2021,13595,B
fb0bb607-3ebb-408a-aeae-0ece117b2d77,2021,1136142,B
c7fdc4cd-3f99-4414-afba-7b79f036cb6a,2021,118420,B
34988620-6408-4924-8033-1ccaa949455f,2021,62484,B
2bb20e9c-47cf-4107-8a68-c5d602baf824,2021,20030,B
cfa4aa35-7a0e-424b-b5d0-200316fe3eed,2021,1101244,B
24fbfcd4-b0ee-4b85-998f-af649f10a0d3,2021,11452,B
8fefe302-6f27-45d0-b58b-09e1703230d0,2021,98305,B
2472b63e-3993-4542-9a45-14e1d3eea83e,2021,1351760,B
304846db-14fc-4fe9-9f25-de4a4aed7dcf,2021,118468,B
e5d61afe-73fa-45da-b91e-51e11e4f93ae,2021,11730,B
04a5aa42-9f5c-4744-82ef-26c66eac2e64,2021,118420,B
30c49ff1-0da1-4cfb-b8c9-a3060ff1c6de,2021,118420,B
669f423f-252e-4ffa-bede-099d24f5f338,2021,20030,B
ae8b557c-4607-4533-b247-798bfa76f5ba,2021,20030,B
d5021ba7-01a2-4d09-91ed-88902ce5899a,2021,5000135,B
6c700e5c-ef56-4362-8c27-a7fd63a3172a,2021,20239,B
20da3ea8-5edb-4dd1-a60d-b6f107a681bf,2021,1181115,B
a391ae6d-cb0c-4284-afbd-075023eefe7f,2021,317,B
b98cb396-6002-401b-98ee-92607c4b85f5,2021,13595,B
03a10d34-955c-4548-a7f8-aab2ce29d579,2021,1265453,B
76c35cb2-cf9e-40fa-8644-dec1a18121b5,2021,118994,B
edfd0c88-ede3-4370-9b61-061bb06230fd,2021,13277,B
76da3af6-b10d-425f-a19d-59c2f90ad415,2021,5000135,B
693153e8-a359-4c5b-9a6d-c87bd4f43d9d,2021,1101244,B
70eceadf-1fa0-4b0d-b93f-c2f9def5c17f,2021,2209,B
6b402506-b244-481c-9539-541b89fdb3c0,2021,87396,B
99580f19-ee75-40bd-90bd-e88438fd66eb,2021,55402,B
add08ef3-54a2-4042-ac5a-511b616de32f,2021,104360,B
1f41a781-a0f2-4ef3-a83f-a6a1e181a1be,2021,101942,B
c0527ce0-19d8-49fc-a900-6e6c13659591,2021,50082,B
9ca96fcc-d72c-4ccf-8aeb-359d5594dab1,2021,1376181,B
21d593dd-7b0d-4868-9cac-4a03aa4888b9,2021,1322390,B
a3e8edd5-bec8-4a5c-8f5a-62bf5014ece2,2021,1190071,B
91ec6bf9-a235-4ce5-b637-637593e77beb,2021,43664,B
10178daa-0693-476b-81d6-236f485b1f27,2021,18584,B
4f6543b5-7832-4a62-a51b-9c34ed554bd8,2021,1136142,B
05846c2e-3fd7-4d3a-8fd2-2cdcbc9b5170,2021,48675,B
0aa7f5c6-1eb3-4136-8175-6720c0a5d153,2021,13277,B
7914a7b6-77dc-43dd-a824-dec536ef8248,2021,74737,B
da34f048-66d1-4c03-b5e9-0426c8df2bff,2021,9414,B
df4e5fcb-ba0b-48db-b104-b32ca5d50f8c,2021,97443,B
a983bb44-55a1-4940-934d-4aef59e930ef,2021,55777,B
cadabf76-dc42-49e1-8a64-ecf468e0a44f,2021,1322665,B
e43e0307-d3e3-4ae4-a739-bd51ff8e2d36,2021,99820,B
2c2c8de5-d116-4143-908b-e012a54ee95a,2021,116770,B
43023db1-8fdf-4dd7-844b-5769ac59d0b7,2021,101942,B
79618ffe-1eb4-4aef-94b7-1614d799a996,2021,1267543,B
3214013e-fd8d-45af-8849-8b79b8b09523,2021,1102628,B
ddf98514-0cfe-4bdf-b2d3-bf9269abf0a5,2021,5000135,B
4e116d70-d7b0-420a-9a68-520205e34ea1,2021,11452,B
af66bc82-addc-4db0-8650-a413068c3964,2021,1318224,B
2bc3b077-2af4-4b7e-a64e-f3159ea188c4,2021,55402,B
299c4e21-83f1-4d83-90b3-a2b4159ea18c,2021,13401,B
4d3b1430-bee0-4978-bb71-17ee33151f0b,2021,41238,B
0b1f767d-409b-445b-8f90-581d95c2a3ea,2021,19047,B
f7938374-e01f-4eef-968c-c2bcc634a984,2021,49054,B
f59ffa94-01ef-4f10-bc89-922612203f6f,2021,90030,B
9e171c79-b54c-4d2b-bf0d-9cc0f1a039c1,2021,118420,B
ef59686b-593c-4407-8d4f-80a96e20d188,2021,13277,B
47ac8b69-5b41-491f-aea5-432d99c2fe3f,2021,62484,B
3b868290-d3cf-4ea3-bc84-5de5a1693b48,2021,1315444,B
baf94280-9eec-41d3-84ad-6dcde3eb75b2,2021,95175,B
9740eca8-cd52-47ee-a30a-37a728d08b28,2021,5000135,B
0d842e24-5ac0-405a-acf6-b51ececa66ed,2021,114616,B
0ce086d9-438d-4549-9e97-ab98d57a0c61,2021,317,B
27435865-47a2-4e45-88ee-79dabad57fdc,2021,513,B
7b0bc7ee-d3e1-43a4-b2be-1565b12996bc,2021,13216,B
732df860-39a9-4d71-bd04-e203bf391eca,2021,13216,B
74ad0324-32c4-4d4d-aa67-2d8d575cde97,2021,13446,B
527e82ed-43f8-4760-ab86-43516bfd2b25,2021,13446,B
73fa05e0-a90b-45d3-92ab-46d53df1b512,2021,20030,B
8aed168c-e2e4-4d58-b708-86bf0ca2c654,2021,59122,B
63b96421-87f7-49a5-8274-f836ab524ab7,2021,98595,B
8400afdf-82cf-4c35-b41a-7b05ad430b31,2021,64664,B
5975eb17-e283-4670-adfb-54be16f9b4f0,2021,64664,B
2c6df592-560c-4a56-ad1e-411dfa79976d,2021,102590,B
a9607d52-2913-4917-bf04-04e3b43bb4d6,2021,21464,B
bbae1b28-b9c5-4453-9678-7e65eae36e6e,2021,118420,B
cdc59aac-2cac-43f0-b012-cdea631fed35,2021,53342,B
5ac17e72-6e88-46be-8103-1e41d045aeb2,2021,74737,B
d5fb049f-1ed4-45ba-8fee-04aff23c280c,2021,22047,B
549b6e6a-e3b0-4671-abdf-b897ce2d10ae,2021,67601,B
569a4579-927c-480c-ac37-5154e0474c9b,2021,11554,B
2c4a487a-7c18-4ec4-a30d-da6576c18908,2021,13401,B
9f184fff-cf46-4cb1-9749-0a2938618216,2021,1204325,B
56ae9506-24e9-4782-a5b5-4cadbcfaf276,2021,113813,B
b4e135be-4ce8-4ce9-a799-c74967d17d6c,2021,94762,B
bb2fb136-037d-457f-8e14-f40ece37339f,2021,1267543,B
ed8c0fc0-b3df-42ad-82c4-1b9e54bba9cb,2021,1267543,B
f5176497-e5d7-422e-9cdf-572b6a9dde57,2021,67601,B
72ce4ca7-7f73-490b-b5f4-07f7529a6628,2021,43664,B
5daf6412-f7e1-45db-b0eb-998d191a40d5,2021,107360,B
8b39dd3a-7faa-4683-ac37-1edd14ff8e4b,2021,13446,B
6caf5c5e-ab8d-48e0-a826-7d296562d204,2021,1136142,B
474d2c53-6f36-4936-8875-8ad8aacdb521,2021,1181115,B
0d6b164c-a523-4c41-a1ff-82b5105ccf13,2021,11452,B
bc7305f2-ed34-480b-9281-edbd78ed7f6f,2021,97778,B
d9be6257-002e-49b5-863a-3e1977d5107e,2021,13595,B
84d78af2-979e-4071-9096-d2103c75a6e2,2021,1265453,B
0fff7b5a-314e-4d2e-bc54-2e68b0690416,2021,19047,B
87c18724-b5e3-4c0c-82c7-eca90061f5f2,2021,1283028,B
6cc7c0e4-ab4b-4f13-aa30-74a33c240b2f,2021,13277,B
abdc7e7d-4906-4e57-bcf7-baf776598e50,2021,1376181,B
861f0d30-5dd8-49d9-beb7-34d3ca15fc3d,2021,94762,B
e88b8d9b-9b5d-4fc0-9e44-0c613d81a0df,2021,2209,B
48c60071-b46f-48ec-a7f0-a35fbf50ff04,2021,99820,B
5a4124af-141a-455e-be0a-e50a0e54a2a7,2021,53342,B
58f17986-11ae-4e72-be77-32c49eabc380,2021,19042,B
6f2c6784-1ff4-450c-abc2-79db2fec9807,2021,116770,B
ff1bf101-9227-41e9-9faf-63a5ccc91164,2021,116770,B
47334e7f-d3e3-47e7-bfaa-2885146f956a,2021,1330347,B
39f5ce65-abae-4bde-bafd-23349536e659,2021,317,B
790a75f0-91ec-433f-9652-63ca11d8f9f5,2021,18584,B
956f8364-5b40-4035-b3a3-4a9fe6848771,2021,5000143,B
2cd1c26a-978d-4328-994a-8dd14623fb29,2021,11554,B
3b6e2661-9d06-4ab6-b76c-683dc9be08b5,2021,48205,B
e1bba110-7ee9-4259-bc1a-b484f4e17dc0,2021,20239,B
d5e7e690-18aa-4b35-8b7e-0ccb5a967c7a,2021,11730,B
8c221b78-a984-43bb-8a0c-30d3660c82f7,2021,11452,B
b41bbb5d-8765-4364-be4c-bec54ef3a6f1,2021,47051,B
f06ad759-6f0f-4f9a-b1eb-fda291e5fef0,2021,49054,B
971c9fc3-2a7c-47dc-aa06-bb5f1a3d8ef5,2021,1379275,B
18bffa95-e120-4269-b78e-61160aa3f4c1,2021,116770,B
12bc2780-90fa-43f4-80a8-afc90085e9b9,2021,73140,B
7bc70e9e-1fab-464a-98e4-183764b7482f,2021,1187671,B
c8040db5-7774-427e-9699-7a5291cb90a2,2021,64664,B
c298cd1d-3143-4592-b473-8a3ff78dafeb,2021,1136142,B
2236e4ea-b2b1-4d92-9a24-33ce4ca4d7ec,2021,1102628,B
8a28002c-620e-41ba-9a6a-4a1eff325a0b,2021,1288839,B
f322202f-3b9d-44b7-9ebe-ca6e2c93a598,2021,1181327,B
bdd310a3-c4af-40c3-934e-2fbe929e233b,2021,1204325,B
665f0764-3515-4a60-bd64-d688fd7177b5,2021,1427745,B
495172ed-b66f-4fd9-9b9e-b24fc91ad036,2021,106996,B
0e917129-9342-4945-869b-5df1625e851c,2021,1533190,B
4b8a9d7d-3c84-4f20-beda-4c088da704d6,2021,103062,B
120ab637-cb41-4af2-a9b8-5ea9426ab693,2021,95017,B
de69cbe0-009f-4cdd-9b93-5b05d2328613,2021,47069,B
cad2aba2-b410-4091-9417-49e0c81f8f8c,2021,21464,B
80a97005-ca23-4247-a104-a8bb26844937,2021,1136142,B
559a512b-6f65-4de7-832e-57abfb42f721,2021,1102628,B
88ce5e6e-1464-4ad8-8110-15349a091dfc,2021,13401,B
087306c6-8409-40b1-adde-aedbcc44acc8,2021,62484,B
ad585681-99be-43e6-b21e-7f9bce3a584f,2021,59122,B
dd082aaa-1d9f-4a0b-95a7-ad2000e604fa,2021,20030,B
f0596a6e-9789-440f-970c-e12cecf67698,2021,20030,B
a8f62d25-2bb2-48e2-a681-ab1b4ecac7f1,2021,1190071,B
8fa9815d-7050-482c-90b0-839c69028047,2021,1318224,B
f75e3620-4700-484b-826e-586b8072c6ad,2021,103062,B
35f13d57-204f-4468-a436-3a3a203fcbc8,2021,1288002,B
a3d76ed1-3259-4a9c-a569-73c4083066d6,2021,1385488,B
a95dba99-68f5-4464-bbf7-f7d09c1ccd78,2021,13595,B
23679d86-7916-4197-be56-74bdfe8f6711,2021,41238,B
caba7c93-2322-4ab3-8512-7662b6c212ba,2021,41238,B
f6d7b72f-c200-43b7-8411-ba8ecd52fd8b,2021,90030,B
ae102097-cac2-43b2-ab12-d6b12391e716,2021,1102628,B
f97c31d0-3caf-41fc-8d6b-1b79c5c3be34,2021,1132918,B
4126be88-3e01-4d36-b726-33d5ae2bae5d,2021,50981,B
ae845721-f469-4106-a35b-ed67ba9ed70f,2021,2209,B
d2d0d450-dfba-4b9d-bc71-730bd951b7fc,2021,1117717,B
88711fc2-e0d5-4747-8f3d-643909c0a6b9,2021,1132918,B
27a49470-d637-4bbe-b1bc-6225d889a688,2021,87396,B
5a0ba2c2-1fba-405a-bbc3-81d5fd5b267c,2021,117532,B
2bee8165-cfe0-4f11-b548-515089dc5ea7,2021,1272079,B
6f843586-6f92-4c4a-8912-47df8a4f5cdc,2021,1101244,B
56e8073b-a7f1-445a-b11d-2fb82915ff0d,2021,64664,B
524fb4fd-6608-420b-b978-bd990bf19ad7,2021,53333,B
8dd79c94-7bc1-4a59-945a-60d574a6db51,2021,117022,B
20eeda41-6135-4a5d-9872-55e86142541d,2021,11730,B
43600c85-a8ea-41cd-b86a-28f9eb7631b0,2021,1283028,B
ffcaa7ee-9869-44e7-8e0f-10f6138cc742,2021,13277,B
6808e192-ec4c-4144-bd64-e52ce0abe5ee,2021,106996,B
9ba598e9-0b8b-422c-9ece-cda4c9b9e361,2021,55777,B
c00c4363-a4b1-4681-84da-4ae2c1f689f8,2021,317,B
c63de28c-81f5-4d99-b6c7-46f830287451,2021,62484,B
a01e55a6-9099-4334-819f-4bf0003e0727,2021,62484,B
20fc55f8-6651-4268-84ee-1637d9516a49,2021,18559,B
90014d27-ac88-4181-a552-a61849f82b0d,2021,50082,B
ca1d5ab7-4c72-4fce-9a4a-bbb81dbc7802,2021,13401,B
844c79cf-6f03-4370-a686-21e3dbb4d944,2021,9440,B
19fe32ef-5e7c-4b37-add3-98b17d1571d3,2021,1314243,B
866d3a7b-84b3-4962-9cca-d1dc0d40e15d,2021,13595,B
f6c2868f-7c33-43c0-8257-688e3d73c501,2021,103062,B
1813f450-5df7-4839-a6f1-de8df3aebfc4,2021,97778,B
ef25e752-78ea-4249-acee-3aae5acaa7eb,2021,102590,B
50465f2d-b44c-4432-b0e8-c001eb7a8299,2021,67601,B
209455ec-0fbc-411d-a242-da2b7a7b6c25,2021,107360,B
5fc3b96d-3c64-4252-a556-a53d961c269f,2021,1136142,B
1ee1c108-4baa-41a6-b599-b19d72095858,2021,1132918,B
2bb36e6e-b1b8-434a-b9dc-09f7797bf65a,2021,1101244,B
bc68962d-7d46-47f9-bf94-4cd645192326,2021,64664,B
4fc1e6ac-0ab3-4e86-8f8c-c080fbda37b1,2021,116770,B
2384facf-11b8-4072-ae15-a5cfa6f25fb4,2021,2209,B
9352a203-a748-42cb-a49e-474449032233,2021,2209,B
56205f97-c9d2-45d5-87f9-8655ef5b1e11,2021,513,B
660ad011-7c7f-4be3-9daa-8b8a8237feea,2021,94762,B
c523e953-7816-44eb-8325-d06e3f4c5094,2021,1132918,B
a295501a-470d-41bb-87b1-c59fa0f7c400,2021,22047,B
19a9ae16-5377-4adf-a364-d812d03e2941,2021,13980,B
f662f783-7e3a-4944-a7a6-baa2a0d3d2f2,2021,18671,B
86728734-5ebe-4078-9f0c-630991dc9107,2021,12313,B
fae4e181-953e-428e-8bfe-a6cbbbe64ce1,2021,73140,B
d755878a-cafd-46f9-b57c-0e6d2ee0ac2c,2021,97778,B
1c342dd2-301f-4f32-ab2c-c7fbd18bf28d,2021,5000143,B
78a388bb-3b47-403c-b40e-d6f05aa7685e,2021,13401,B
96e819c3-893d-45b1-a89c-a8e7bf750f46,2021,11730,B
1537a15d-179f-4c55-bbfc-34ddbe1ce8bc,2021,53342,B
92175a32-b642-4d22-9a8b-f879d03b3179,2021,13277,B
7e634af9-bd56-47a9-b104-f423c3f6861f,2021,1314243,B
dc18e335-af94-4084-876d-b1c3552ff824,2021,1204325,B
ab333fbc-3a25-48db-8f85-e0227b323be4,2021,13980,B
5eb7eba5-a788-46e7-b177-cadaf5b65462,2021,1330347,B
6fbbdc53-1743-4195-ba98-150b3bcdeef1,2021,18671,B
6e41735d-68c1-4829-8ce3-ed92db4f3730,2021,103062,B
0558a62a-3a7e-4a08-bdc5-1b8dc997f325,2021,103062,B
80eacf31-5514-46ee-941b-f9bf9e3e75dd,2021,18559,B
32f53895-56fa-45cc-9d78-4c481ff45763,2021,57606,B
79146963-284c-4568-aa65-2c5135ba0866,2021,13216,B
dd8bfcaf-4fa3-44b4-bc9b-4c6206554c20,2021,13595,B
f151aa0b-4060-4cc7-94f3-b082ce7e2496,2021,18267,B
5d9d8026-d40c-47f9-a22b-811674142716,2021,20030,B
6aa03607-4d0b-412a-a2a7-cf9cd90826e1,2021,968,B
112092b7-49c1-4813-a5b2-f526b4c7e874,2021,11452,B
74dc281b-0077-4f3e-8ac0-dc3a270899a3,2021,1306689,B
4a79fea4-8294-41f9-a130-2fa00efc4b78,2021,317,B
f1deec66-dff6-409b-a70e-e2b15f949f98,2021,73140,B
7076db73-6edd-48e2-9678-5ab3a1e227d1,2021,19047,B
3ffbec5d-3897-4456-a255-3c3e0b0cf145,2021,1136142,B
afe2bb58-29a0-4147-937d-d13c94f1d75f,2021,1136142,B
24598173-1c8a-41be-98f1-7fa1554d6c09,2021,1102628,B
09f1b43a-b523-4c82-af7d-ab3b74e819bd,2021,97778,B
86318770-208f-4fa1-b135-6f6381364311,2021,968,B
aa75b9c6-02d4-4229-bb6b-04b5e6d601b3,2021,513,B
745e12a9-7350-4106-aa6e-fcc7a0d35bbd,2021,118420,B
b69fc61f-562d-457c-a6f2-b4612d360420,2021,13277,B
0bbbde65-a3d2-482a-b6b2-cddf7fb41c9e,2021,11452,B
76cb9b53-eb13-449d-8076-20e0c665b104,2021,1318224,B
4a9ddda3-0763-4b24-8d45-d378e814241b,2021,317,B
65d2b978-e078-4dec-b589-0c09ced4f32c,2021,108660,B
9ac134d4-f9c7-4693-9828-453c0aad0ea6,2021,97778,B
ed9da0bf-1d76-4007-9fa2-fc28ec8d9f07,2021,98305,B
5f37ee69-ca32-49d5-b966-438135c96f78,2021,1103723,B
9c6fbd95-096b-45fd-aad6-eba94751103f,2021,1267543,B
91c1e913-d3ae-4517-86b6-12bfd39db32f,2021,1299927,B
61ec0f7f-9da5-43fe-b3e1-ec7bef865da6,2021,62484,B
e96f6263-ed04-4952-834f-95e8e7ed1f67,2021,116770,B
441b19d3-f52f-4205-a592-d159570c5a6b,2021,1139692,B
0d539d86-3746-4dbf-b245-821d3ea27c2e,2021,1330347,B
d91a685f-accb-4f3a-a0f4-032311bf093e,2021,18559,B
b6b5afc9-57dd-4e98-8708-97322a459caa,2021,1267543,B
562ed357-5e43-4781-889f-326d13267006,2021,13401,B
92a64c01-8668-43de-bf9f-3df6b03210d1,2021,47051,B
910fd0ea-ed45-437e-99a0-36cb9b5a7dc2,2021,13595,B
ad21c787-46af-4477-bce7-4473d904f589,2021,13446,B
2ae8712e-aa45-483a-9bab-92c7fde30454,2021,83388,B
e0cb7279-4330-4a68-8a08-d853af08b4ba,2021,1136142,B
0e2cd27c-3de9-4023-b54c-9ff050979f32,2021,53333,B
4de58c70-8624-4342-9a54-47aef251ae87,2021,95017,B
470a6c29-fe5d-4233-8572-0568046a3dcc,2021,11452,B
012a2f67-2fa6-4fbc-92f2-5b2c63d997bf,2021,11452,B
9f358715-c139-4ed6-962f-ad01b38a888e,2021,5000143,B
8710ce60-e7ad-4de4-b3b4-4ec8a1233213,2021,13401,B
1374bab1-4b80-42c8-bb6f-e9906d96e00b,2021,1136142,B
1f2df108-ce1f-4f93-a6ba-8f171579bd7c,2021,90030,B
f48d69cd-c58d-40e0-b0f9-d9bdaa2adbdb,2021,13277,B
771d24a8-1b80-465d-b21b-8af8cc68fcc4,2021,20030,B
de3ead7e-a631-45d2-a16b-17678feb5bfa,2021,64664,B
c2e730b6-32f2-495f-8914-3f30c5e6544d,2021,91262,B
1c6a879b-a499-46a3-a4f6-164d40110e98,2021,13595,B
696aed06-9e1d-462f-b16d-62fd51fd345d,2021,9414,B
6827ebf2-53f2-4b2e-a8f7-6177bcc5eb5d,2021,1300429,B
812be010-b46e-47f1-9177-744c6ca6e0bf,2021,1139692,B
ffe467b0-8a1f-4be1-9e41-311a832c90bf,2021,13401,B
74a3a063-3482-4111-a79a-6830fa1ce4c1,2021,18671,B
4b4844d0-478f-40ed-a554-43d868037a5a,2021,13595,B
3a3511af-84d0-439b-8aa5-dbfd701c0f3b,2021,118420,B
866c650d-4818-4be0-a36e-80ba5ff0ad10,2021,98595,B
4033f429-b5b4-41ee-a86b-5e5a210fddc1,2021,68930,B
60a59c24-10ef-4d4c-ab04-1286d23f0cff,2021,1190071,B
b4678f8e-70de-498a-8da2-c84f923cab58,2021,12313,B
80c4b3f2-829a-4b9c-94b1-369e7d10a9b4,2021,968,B
00cd1623-b49e-466a-b870-651a022f75e2,2021,513,B
84f8a62f-7a4e-4807-9631-1d2e2c671b4b,2021,99820,B
3d2c6733-f454-4888-a00f-5c9eb6ae4836,2021,1187671,B
5930ca06-ca72-426e-a67f-cc8a8d4f8439,2021,13595,B
d167d4a8-a74f-4c3d-b382-0d83e87706d5,2021,9440,B
db163635-8250-4658-a24d-65072fac1994,2021,13277,B
4459535c-0352-47c8-91f3-2111799ea912,2021,1283028,B
687e1b82-6315-490f-b3ff-5be9274b407f,2021,19042,B
864c9101-35de-4ba2-8ab9-41ee16a7717e,2021,20030,B
7d83016e-0906-47dd-8670-d03a5817efc9,2021,97443,B
8ea4ba85-39a3-4889-8b7f-f45f3690cb79,2021,5000135,B
37e469ad-dd8a-4ef3-bba6-20205785175d,2021,513,B
b7190c45-f426-4d92-b986-ffb4957a53da,2021,13595,B
2c7e3ca3-02e3-4809-b470-110fc44af14a,2021,103062,B
765dfd18-4330-4d12-9693-215e991ef070,2021,101942,B
c313a825-1fcc-4e01-9f01-dfb91573367a,2021,47069,B
bd82c3ac-f1b1-46f6-b13b-db6447954cc9,2021,1283028,B
6e2a42e4-7f56-47af-bc41-651d4fae1461,2021,59122,B
a67a8b02-88e4-4d32-9bc7-e6d81e4397fc,2021,56172,B
373a7b96-85ee-4cb2-b163-81ef8e5b53fb,2021,317,B
c07d2516-a4d0-4f37-9cb9-9ad2d7e90a8e,2021,1136142,B
f8d12417-9041-4952-97b9-dad2e6466e4d,2021,20030,B
a29583d1-f496-4495-90f2-cabaee64a698,2021,9414,B
b0c580c6-531a-40af-b07f-4097ca54dc06,2021,1101244,B
b915979a-3353-4b7d-aa2f-847878c1c67b,2021,12313,B
83137c36-381d-4855-9f09-5408763e7580,2021,99406,B
dd41cb2f-75b7-4902-bb8f-78c414c9b01c,2021,2209,B
424c719e-e27a-4d8a-9d28-5d1067b5280f,2021,20933,B
acf5a284-e2db-4022-8e2f-85403a4e39fd,2021,5000143,B
8e6fef64-a23b-4bf8-9559-3adbc19ad66a,2021,1267543,B
4522bb3b-d979-49a4-bfff-da2730b6ea2d,2021,118468,B
e888b366-0b65-4425-9832-7ff73e94b332,2021,107360,B
df4c102b-5f61-4bdc-8f41-a301508315d5,2021,118420,B
06c54ccb-4d75-41b6-82c0-dccaa51fa79a,2021,113455,B
2297f1e6-59c3-4f9d-987e-04d1cef4e027,2021,116770,B
c32cfd89-720e-4ef1-b0fc-ac7c6c17e62e,2021,1190071,B
7c3da77b-afa5-41fd-9fca-36d4ccec8d8f,2021,2209,B
7b999ecd-5e73-4155-993f-62b81ccd6d4c,2021,968,B
dadee0b4-0256-4b76-9b52-41273f12517e,2021,13980,B
2dd723dc-6f64-4642-8a57-8ead4ec367b2,2021,104360,B
a88d01d6-0db1-4fa3-b20f-41aa7ba0abaa,2021,20933,B
11413e42-6b0f-4746-9b1a-326542028b2e,2021,41238,B
a1fe4584-c03c-4242-aae6-ca8c0d4c7397,2021,13277,B
797c3d3a-7a2b-46e7-b652-e221fa347c0a,2021,62484,B
34507799-bc17-47a5-b982-49edfbd43441,2021,114616,B
9431a95d-ce32-470d-bde4-54bf3839d112,2021,1101244,B
65620ea6-952d-4ccb-b1cd-244fa0738176,2021,106167,B
d4556173-127f-43f9-a16b-6ba6bf3432b0,2021,11452,B
58754b74-f21b-4202-b816-acb39adf8530,2021,1385942,B
ce318f8f-34d0-4102-b9a1-183f75a15119,2021,5000135,B
38e858f5-8108-48e1-8992-581596050fc4,2021,18584,B
0ec2a793-b9a7-4785-b34f-74cdfb64f2ef,2021,5000143,B
4db6078b-be8d-45b4-b58e-51abaed07c6e,2021,107360,B
1677f329-af3a-4cb3-9568-03c0e9dd5fcd,2021,13446,B
7232a0c3-67da-41d5-a789-fd422857bc91,2021,118420,B
663068b6-c99a-4e63-b723-8611ba59035a,2021,20030,B
843fdfa1-e34c-4616-915f-20a963391295,2021,116770,B
06ba7c20-086d-4b45-ae52-b6a4a0aa89e2,2021,11452,B
9b4b23db-cfaf-48ee-bbe5-c9f192fac620,2021,2209,B
cbaaf0bd-7c5b-47d9-95b7-b1f6301e63f5,2021,2209,B
5beef8e1-cd3d-4bd8-986c-00f89ae99e22,2021,18584,B
8a522326-062d-4e55-b6e7-bb1b5885ab46,2021,18559,B
38e2a35e-a41a-409e-813c-70b02770d5da,2021,5000143,B
5b705b3f-46e3-42b4-8fd2-2f036e708635,2021,1136142,B
f34cb4d1-4895-4ad6-a621-1c39062c00b5,2021,94762,B
b178964d-5336-4ad7-934d-4dc257ed2f54,2021,13277,B
dc8825a3-7329-4fb0-9a77-655bd0254e2e,2021,20030,B
2f7096f5-77a9-48e1-86d7-55162fc43036,2021,55402,B
674aa5a8-50b9-4ba2-9e78-6b0627fed499,2021,5000143,B
005a17c8-84e2-434b-b6fe-66faff2f6cb1,2021,13595,B
d24b240e-5a29-4a6e-b9a6-cc5ca0a9fc06,2021,13401,B
80a173b3-e50b-4a6f-b1ef-cb1812434188,2021,57612,B
f347eefa-2469-409a-a87a-81b3dd5a2ce7,2021,1270596,B
e5515f1b-d7d3-466d-ac61-95608686fbf1,2021,1379275,B
b2d9e858-16e9-4202-91b1-9d815bf30f42,2021,1269545,B
851bd322-a90c-4829-9e69-f44c3d5279a3,2021,13595,B
f093272b-aa5c-49b9-aabd-96a74bf85e70,2021,118468,B
7ab42973-ee91-4c43-ad7d-5d41e46a31a2,2021,1102628,B
8d337dd4-d954-4565-96e5-e4a4d0dcac63,2021,116770,B
d44a9cc6-8cc1-478a-afeb-09854b6a8524,2021,13980,B
3400351b-a999-4408-adb0-423d77fee85c,2021,968,B
90c115db-025f-4731-b32b-70bb15904cf0,2021,5000143,B
f5a947a7-5831-4f4c-afdb-1fe6af6fbd36,2021,13595,B
effa4bbf-d4e4-425e-9fbc-1da30496f899,2021,1148708,B
0c618927-17de-4d07-bc66-bbb528f85e73,2021,13401,B
b3bccac0-25da-45c6-95a8-1e2fecc75558,2021,117532,B
9cbe0ec7-5ecd-4ad8-9bec-7a839b809162,2021,1272079,B
f5e2ed37-ca7f-4bd1-a718-64c3d1f2eaf6,2021,98595,B
148448ae-b00b-49a8-b7db-973826f4deba,2021,1330347,B
0959c829-d604-4602-9790-1cb4f39d6bf4,2021,40343,B
62cc32cf-b3c0-45f9-8c44-b5257204ddb1,2021,2209,B
b9cafc41-2b66-4479-ac5e-914d673e363f,2021,103062,B
b3f71437-c12d-4caf-8a87-c049be24b642,2021,18559,B
a4c5deb3-7c32-4860-a73f-ac31ca49cbd6,2021,1102628,B
e65ec86f-dcb7-4559-8d45-3399e03a1204,2021,98595,B
a580a9a2-ad2a-4bf0-b3cf-c773f37e6600,2021,20030,B
861b7bfe-bc4f-4a25-91bd-79f1b63b1fda,2021,58808,B
850155b5-7438-42b7-bcfb-7f040daa6858,2021,64664,B
3a50c33d-93bf-4aa8-a753-0975f3ae3509,2021,1118057,B
96d8b7c2-0fab-462a-8c8b-1d26bc84e7c6,2021,49054,B
73ac6a0b-b038-4dcf-a224-3935b0fefd07,2021,968,B
f68c501d-36e5-49da-9ea8-b2f5353e106b,2021,18683,B
70a1824e-4f1c-4076-900d-053cbc177679,2021,118468,B
49d7d3dc-2d5b-4b54-aa9a-7601504445ba,2021,118420,B
8c3e0b65-426b-41ab-8c57-2fba06d988c9,2021,101830,B
9ed3dd5c-101b-4a7b-8eb3-bf317ed1c7ce,2021,1299927,B
d7942291-6d41-43bd-bbff-8827c083780c,2021,62484,B
aefc242e-046f-4fe3-844e-c1410023023a,2021,317,B
63ec1f9d-5c0b-479e-b06d-b4b2050c09d6,2021,86326,B
916ac39b-6895-43ec-8257-5d38213fdcc2,2021,67601,B
0a3d0d3d-bfbf-41f6-a62e-46dd4f2671aa,2021,118468,B
29751215-aac6-43a7-a659-c12b4b0ac019,2021,13446,B
8e0b3f63-3b5b-4371-baec-56b82a8cca5d,2021,118420,B
837033b2-dbe8-4658-a605-efea4d0aa73e,2021,1288002,B
aca924d8-e9fd-4c50-b7e3-255e93fa6e00,2021,968,B
c7ee0a81-f1a6-4f77-b6ab-9107260cbc71,2021,513,B
63690060-b1e8-4c61-83a9-8e26e184faaf,2021,513,B
c2e0171c-06cf-4fce-acb2-3d926fe5ce45,2021,101942,B
9f147890-b6b7-4ffb-afad-e29b45219c75,2021,95017,B
0e32e834-8e3b-4221-a56d-cc64b1b2261c,2021,113813,B
db5be723-0339-4333-a1bd-e2d9502d0f27,2021,95017,B
9c2d2f01-be8b-4e41-a10a-11f1e2fbf3c0,2021,107360,B
8a51e151-009c-4485-892c-8f464a428586,2021,11730,B
bcd44d51-81a2-4029-9793-d30608c9ea2d,2021,11730,B
6f622df5-2261-4cc2-b375-b689a305fa6d,2021,49054,B
d1d75a4e-bd1f-4666-9a6b-52b37d05d8a9,2021,1102628,B
1a298b9c-1f36-4e1e-b6e5-76cf8f43593e,2021,1047907,B
dddc778c-212f-454e-8a79-44e9c750c493,2021,113813,B
10a07a3d-ee68-49bc-9068-ade5e7a8637d,2021,317,B
dda0e5ee-c905-4e8f-9d4a-80999cfda630,2021,18559,B
48c89d0b-443d-4277-848e-edd9f61feb4e,2021,5000143,B
9c1d3a35-9860-40cb-abb4-f6ea4eb1e4b3,2021,1132918,B
cacf556a-199a-4eb5-8bd3-7dbdb966579e,2021,95175,B
37e84e82-2641-44cf-80e1-359f41b3ef93,2021,17898,B
ff2dd64f-49b7-4226-b510-d00ab5c27c59,2021,1101244,B
b3d56765-8957-4d2b-af1a-5ddbf4c271c0,2021,1270596,B
4a8520eb-ebd6-4ec0-be02-e79d562f37ec,2021,11452,B
7a158dd4-d6e2-4b8b-a3f4-70f1c1c78510,2021,99406,B
495a1828-b581-4765-b991-baaedd0b30d3,2021,11730,B
f9ad6932-020c-4492-bd17-71c03af0e2fe,2021,19047,B
8ef71996-8f52-42fd-bfd0-4da627b02bff,2021,1306689,B
5c545ced-6169-4978-8de3-4ce5a047faf9,2021,95175,B
e932fa63-b30e-4d27-8abc-f9a14e495b3c,2021,13980,B
285f8fbf-1c92-4e02-b505-52a948a9200c,2021,94762,B
0c5c6946-71b7-41c9-84c6-f83f7d967761,2021,13595,B
f1e5b6c2-0968-4d16-926a-2e12736e9a4a,2021,1117717,B
655dc06b-a834-47f1-88c8-b9103e29de52,2021,1136142,B
3ed7fceb-3172-471c-9ea5-b041dce92497,2021,107360,B
0b81f977-963e-4427-a067-e3c56ca3d97d,2021,1379275,B
ba7933fe-0527-4465-bb71-3d85e9cb0335,2021,11452,B
c7f99abb-46b6-4468-82cc-313198f33a2a,2021,18683,B
9deb619a-4a35-4927-acda-746fa4e4407c,2021,18559,B
a2decaed-8dd2-4dbb-945e-0b1dbaebb987,2021,98305,B
a987e9e6-1cd0-4bd3-b346-042e4f810017,2021,13446,B
7f28b43e-6563-4c81-97aa-a777e28e8d57,2021,1136142,B
6a39bf23-5401-4331-b3f0-506f955a4cb2,2021,107422,B
20a5df1b-76b9-4ceb-96c5-0a67a31254d6,2021,20030,B
d92887c7-2da9-481b-87fa-1be8029da8cf,2021,113687,B
5a3be016-6721-40a8-a96b-ad06a20939df,2021,5000135,B
1b2bea67-1fb0-437f-bff2-c814f2efb146,2021,49054,B
e2b5ca8f-8285-4e6c-bb76-55b575016332,2021,112086,B
7729d725-775a-4802-9f2b-f7ea6ef22143,2021,11554,B
eeef632e-47fc-4c46-9065-9894ef4cf7c2,2021,118468,B
8f5d27c0-a4e0-4b4e-9a3f-335cfeab9872,2021,98665,B
da90a70e-cde1-45f8-95c2-d7c1c00b5ca2,2021,41238,B
5ff2e92d-9c8b-4a4f-9ee9-39b9c87128e6,2021,1108692,B
f1710a6d-881e-4fcf-ad7a-882fcc27eb88,2021,11452,B
75d5a7db-1ae0-429c-8085-1a9d5e2342a6,2021,13595,B
bd7aeaa2-8f0b-4fbe-8c7a-19741f598b97,2021,13595,B
8c9eadf0-cfc6-4fef-83f5-2f9762fb84e7,2021,41238,B
18a943cf-a912-43c0-bb93-972ec8879ec5,2021,1102628,B
0e6a048a-6c4b-4496-82d4-591bde3d7fbb,2021,118420,B
2d3376a3-4fd3-4fb7-a9a0-bf6c06d1c8ec,2021,1181327,B
a047614a-8b07-4648-be89-3ee32c8f37d6,2021,1070485,B
d5764a26-2cdf-4e23-881d-7b3226387933,2021,1376181,B
2270de3b-83d8-4ba4-93a9-708fd5792510,2021,9414,B
7e6f187a-514c-44f3-9060-e608dd0403d2,2021,1300429,B
eaeb811c-7e2d-499e-bb3b-c69ce3067547,2021,1330347,B
4163627d-ad1d-479c-9a61-75ad5bdc27c9,2021,1330347,B
ba85654b-2932-42c1-b98e-65b997694dca,2021,18903,B
4254ee02-6368-43f5-b543-48039ebb7127,2021,113455,B
acca8315-0635-425e-8c11-3c02d6e66dff,2021,1288002,B
e4e50dd4-f2db-498e-bdba-d25089da22b5,2021,116770,B
2a585d33-f166-4617-88e5-c38a617e628b,2021,513,B
e9684640-d18c-4912-960b-b82c6af579ba,2021,317,B
9c458bd1-2396-495d-b0cb-bf93a685598c,2021,41238,B
e4a08558-4978-48d8-8161-174c3a3770e3,2021,13446,B
6fffab75-0aa0-4ffd-94d6-87d95508206e,2021,19047,B
5e55e87e-84f9-40ce-996f-24d7a78c51c7,2021,98595,B
436ebb53-a647-4fc6-b3d1-52cf3af6e0a1,2021,117022,B
006265f6-253a-41c1-a220-503b2fef4e00,2021,98595,B
8b7dffdc-5d06-4521-9547-05e7c5725e9b,2021,118420,B
e762c1fc-a4d0-4f9d-8ff6-06ee0f9010a1,2021,94762,B
b421e803-9b66-4bd2-a447-afbf58b67864,2021,13277,B
b586bedf-83bb-497f-bb71-a6872b2b3a4a,2021,87396,B
44e92e6f-f515-4873-94f7-e1a58b9dd8f2,2021,101942,B
a86a014d-0800-4fef-83f3-c208e28907d0,2021,11452,B
dd4b0bfd-7ce0-4637-85fa-e1722d68e351,2021,317,B
2c3cf124-7603-401b-8897-d9c74d9aae09,2021,1288002,B
98646a9d-5646-4144-8010-e09645bb3b37,2021,13401,B
b7de4e6c-a53f-45de-bb82-ea9b53de0b9a,2021,106996,B
22fb6380-a845-49fe-942f-9bdb4119d43a,2021,101942,B
7593cb13-6705-4fe3-9928-21cd89dcb7c4,2021,13216,B
8e637fa7-f002-445b-9f83-efb22f3ef9ac,2021,11554,B
56eaec86-0439-4e38-97c3-c918792ada90,2021,13401,B
88c229a5-c90d-4bf0-a70c-30f235d2127f,2021,1136142,B
ab4eb5f7-0bcf-4ddb-810b-81d8007d9dc1,2021,1283028,B
ae5fcdda-a0aa-4027-bfc1-ddf17be55d64,2021,20239,B
38333f79-5d39-495c-a4a6-81dedf93351d,2021,11452,B
e4b27980-e193-4dbb-91d2-f8b4a49cc22c,2021,2209,B
0d258607-6749-4b60-b850-9f218ab006a8,2021,1117717,B
92bc8b2e-c20d-457c-9925-611667a52794,2021,5000143,B
bf6d6928-31ea-41ec-8f62-789493a0d6f3,2021,117022,B
8cab7a40-d9ce-4f7e-9407-d71ec3ab089c,2021,12313,B
3321d034-594c-43d6-bc4d-aa08b300068c,2021,13216,B
1c0187b2-8388-44d7-8650-c423941b7be5,2021,5000143,B
5cbe533c-8494-496f-8c51-d628b21181b8,2021,13401,B
b6860aa3-3d4a-4259-a8a8-71860f1169bd,2021,107360,B
9b06f2bc-80ea-49cd-b0de-534c534848cb,2021,9440,B
c2a47a71-cd26-41cd-b321-8800cc9cc318,2021,118994,B
ea7aa006-683a-44de-9689-cba82d78147b,2021,53342,B
0433241b-a225-47d2-ae18-d963c3762aea,2021,113687,B
77cdc031-c1dd-43d1-b04c-452c1ad3ff1b,2021,1101244,B
aba4df7d-0ef4-42b5-9c74-63a0969a535f,2021,1190071,B
3c7f1b12-e070-41be-9993-6037c38a596d,2021,13216,B
d99bbe34-7387-4c44-a7da-f55790c38377,2021,11554,B
1b909a6c-703f-44cf-94f7-b5dd10f50bab,2021,1265453,B
0ab29f44-0179-4b99-91e3-af338eaf46ea,2021,1102628,B
67b97d73-6dad-428a-b0c5-cf3375b054bf,2021,118420,B
ff9283f1-f729-449c-ae99-3b9e4b431613,2021,117532,B
9bed661a-07d6-4fe9-b47f-7a83ee39c7d5,2021,95175,B
ac0bdab7-16b5-4308-9d48-56b93cf97b94,2021,1101244,B
450226c7-7a8b-42db-a680-55db7851ab40,2021,13401,B
d8004982-f598-4632-8b0d-8b8d556a267e,2021,9425,B
2a4a36ff-a159-4645-b180-abc3c8b93bdc,2021,13216,B
0ea2b3d7-3cf7-4dfa-88b4-20e430343894,2021,118420,B
e6d2e43f-fe0e-4de3-9dcb-8b39b2657c63,2021,51020,B
0b61a87c-7e68-4992-91b3-2cd20798b6c3,2021,103062,B
e5c11e12-5a88-40ea-b4a7-79d1b24e39cd,2021,1385488,B
154401a6-9ca0-4ff4-9b2b-1764b7f57dcb,2021,118468,B
7307997d-2875-4b61-b22d-417b64f0834d,2021,107360,B
cbb6f3f0-2623-442c-87a9-0390f9e4b853,2021,117532,B
b20a939a-4388-4a8e-bf5a-d6fe0fa980a6,2021,11452,B
656aa0ca-8b3e-4b2e-b60b-110e00e336fe,2021,118420,B
1522c31e-5d48-486c-95e3-933fd0541ea5,2021,1181327,B
816d6ad8-6351-49df-872e-eeb3b4a0cb29,2021,48675,B
71e01425-8050-422b-b610-8a17e490346e,2021,98595,B
54f9af8e-9d79-4c75-b81b-dccbc97d2ff0,2021,5000135,B
0cdc2292-0e29-4aa4-acea-85b347acc1e4,2021,98305,B
e72f1555-013b-46dd-bfc9-b4a5953b3071,2021,98305,B
0ab6b857-9bf8-4cde-8743-0955a4dfae70,2021,118420,B
29692346-2a93-4af1-94a0-fc85b2dc9058,2021,94762,B
647d5e2c-7d41-4415-bca9-334133cbd184,2021,47505,B
68c5e5fe-b056-4b22-b65a-9bcc232d4dbd,2021,101942,B
a9bfbf75-4415-4d8c-b058-d9a28008d038,2021,2209,B
6f4b9dd0-122a-453d-88c8-875bc3ea8ae8,2021,108660,B
5bb2aac4-8eac-431d-ac4e-6163f06f4408,2021,18559,B
2049e771-de0a-4dd5-a12d-e592b05c7ef7,2021,19042,B
f2c7152a-4730-4ce8-a6ee-16b231bfcb92,2021,1351760,B
69adc5df-7689-4273-967c-863d8768cb2c,2021,1136142,B
2dc2bb38-510b-4c98-a2c2-447f8d8e8ceb,2021,1102628,B
0a2fb345-5a09-4a5c-8440-ea70c926d084,2021,107422,B
96fd948f-8108-4910-81c0-8709241435ab,2021,1322390,B
bc89059a-e909-45c4-9f01-7bbdc22be16f,2021,2209,B
db7a472b-bc43-4199-9aa3-eced3c1b3413,2021,103062,B
3f40ac8c-b281-489a-921b-1268785a42b7,2021,317,B
84d35de2-6f80-4162-ae76-b8bd4060c94d,2021,95017,B
9bd82c3b-cd88-4845-ab9c-31e4fb6ac37e,2021,318882,B
2064edac-1c19-4ce9-90e6-5871ad67ca74,2021,1136142,B
26a3fcd1-b1b5-418a-8e44-501f957b15af,2021,94762,B
ec1a59a9-df28-4085-bc2f-9fd88446a508,2021,1132918,B
c8ad8c24-56a5-4adf-bfc6-44ac181557a9,2021,20030,B
c704d142-e552-42d0-a38e-c9a0ee7f69d2,2021,1300429,B
82356408-5a2e-412e-9c70-ae92f5ea7116,2021,68930,B
9cfdc3b7-348d-4a5e-8b8e-a7d41ea02d98,2021,99406,B
a7450e9d-f976-41ef-8d80-a738dc0ce3a8,2021,13595,B
bc4e0cce-75d6-4d4d-b231-9daff55d207d,2021,113813,B
54458bcd-977c-4134-b197-9e5e6ed63bb9,2021,317,B
429a207c-80ca-4392-bff1-006db36a89c3,2021,9440,B
860e394c-b572-4d0a-8203-7761df57a62f,2021,53342,B
665c69a6-32ea-4258-91be-2e02a580273e,2021,20933,B
c8b0e7c6-0288-4d8b-af75-f222ea9366ae,2021,1101244,B
37000780-c751-4afd-b748-eb04c0f3c141,2021,13980,B
6eb4c3d7-9cd2-4b40-87ff-e92fb98e5ff5,2021,18559,B
7f0ada48-8c08-4248-9583-450783293b4a,2021,5000143,B
985eb073-c214-49f4-ab99-0426dfe73074,2021,118420,B
e221259f-79cf-4a67-8b8e-a198b75ffe3f,2021,118420,B
0677a3db-75bb-4ef2-9c42-c534cc72f0d1,2021,1047907,B
2e8369d3-c232-4dc9-b7f5-677906609cd1,2021,59122,B
659b6bc7-8781-4871-aa2b-b3b4854aa622,2021,11452,B
74c3d82a-c57f-417f-94ac-2c5596beab79,2021,1181115,B
1f291811-095c-4f23-ba19-06dbb582a223,2021,13446,B
6d11228c-d884-47bf-a279-08d85354fd96,2021,49054,B
7ae560a0-e414-4220-9daf-10d0435f0fa1,2021,18903,B
24d396ac-df4b-4b12-ac4a-46c3312db078,2021,68930,B
ac3bf3d5-08b9-4eb0-9119-1fc57a3dfa8f,2021,317,B
f5f1be7b-d155-4f81-977f-bcb8ccbb97f6,2021,98595,B
241a0b1f-1714-4420-962a-4c8670c5fc57,2021,95017,B
895a9834-0036-46f6-817b-eac054b841c6,2021,54934,B
d6f92009-89dc-4fcc-960c-30ffb7a2ed7b,2021,98305,B
75668733-1424-480b-8f4e-1167db84e63f,2021,1148708,B
589d15cc-dbf1-4a69-a861-5d64428c47f9,2021,9440,B
4521567a-1193-471f-8ccc-1f9ca7e5e47f,2021,1288002,B
05609141-6d6e-4160-9133-9ccee0b28674,2021,99820,B
2c1cce0b-e726-45a6-aa02-af9c3c37b600,2021,1101244,B
4d49aa15-6048-4461-bd9d-3815b1696006,2021,1330347,B
b5d627f0-20b9-4660-9b91-dcca15a84710,2021,47069,B
c1924dc0-991b-4615-adbb-dab2a293d2c3,2021,13595,B
3a4c2f6e-91e5-460b-9762-2cd188685b9a,2021,13446,B
43eafc83-3354-4e17-9f0b-aba136696949,2021,13401,B
74540bd9-c689-4d76-87cf-be31c84155ec,2021,1136142,B
cbf5f7e0-f167-48c1-845e-fe09016aaef6,2021,13980,B
76382a36-0c99-46ba-8b36-653ad0ba09a1,2021,968,B
dedd5f51-662f-4afb-89e8-eb5c82348d22,2021,81210,B
3c7acf97-795d-4a05-976e-7af4762732ee,2021,62484,B
934be477-7830-46b6-914b-f4f7afd06d07,2021,118420,B
ecf3bb02-de2d-4131-8d68-e0325c6d5e4e,2021,106996,B
f3347693-e9b1-4b2a-93e0-5152b3107303,2021,106996,B
efe36283-381a-40f9-9a64-2765b3eec550,2021,1190071,B
2853e3bf-a37c-4925-96d7-2f23bc55377f,2021,106167,B
40722b1f-7c8a-46a5-a913-349779a851d5,2021,98305,B
f667ff5d-91b0-4fab-8abc-6d5df65ad501,2021,13446,B
b36cebdb-5013-4ec5-bc5d-07c63c03cc63,2021,118420,B
72c102b8-3200-449f-b6c0-c9f575f8c821,2021,116770,B
ff12a75d-a569-49e5-8a4d-1da40c6aabd0,2021,11452,B
813e3bda-4df2-47a4-bd4c-be96fb726611,2021,95175,B
29b97159-8b58-4adf-8182-a14b0cfd0a06,2021,1330347,B
29ed8482-bf96-42fa-9eb4-d72e0b72db07,2021,317,B
539a0b4d-4606-4df0-97b9-6dbf0a352084,2021,73140,B
abf7536b-a639-440a-a524-f6c734ad68d1,2021,64664,B
c2f61b47-42f3-42bf-a382-4215b905f0cc,2021,13446,B
24113cb3-877d-494f-960a-cc76643a1d45,2021,13595,B
a786161f-3648-4c4c-967b-c911c38a53b5,2021,5000135,B
f69292ce-37e0-43ff-8c54-f1faef7db6bc,2021,1136142,B
9ea0a470-b53a-4767-82c7-f1578feca864,2021,53342,B
d1a21718-85ac-443a-bd51-1af4ddf80cf7,2021,11452,B
548c33ad-b26f-4551-b676-cfbc80f14825,2021,317,B
a02a2b6e-2ca1-45fd-97e0-f87e1ef98b30,2021,11452,B
baeebca6-a9e2-48ef-ae8a-0868fb04bb82,2021,62484,B
c3292c39-e047-4ca4-a9e7-d31fef815cd7,2021,1269545,B
2bd9de1c-257d-436f-a0be-d7b4c18ebde8,2021,98305,B
3282fc3c-a4ae-4231-b534-ed2dbf024ea4,2021,13595,B
1143e6dc-0f0b-41e4-b3c5-36edc336f324,2021,118420,B
2540bf1d-6c1f-425a-a81f-84528255ecd7,2021,22047,B
6b56d616-3757-4645-b614-4d2030e51ad5,2021,97443,B
80c9390a-82a2-4e0f-a54a-82d7f93460a3,2021,317,B
c541d92a-972d-48fb-b5fe-dd9c10d2ff04,2021,513,B
9fc6c444-4bef-48ee-a9c3-b04a22b51a05,2021,13595,B
7fdae9a7-2037-4cc0-a01a-60dc71815d58,2021,1102628,B
3ff049dc-dadd-40cb-8fc5-640af4e0f5d0,2021,1314243,B
e317cbe1-97be-4253-ad8f-83d9d5e645b9,2021,1314243,B
f62ecff0-9702-4ede-af72-59ee179c7952,2021,97443,B
23ff1879-5f46-4fb7-b7de-ff50004d14f8,2021,5000135,B
0ee90b9b-67b9-448b-ba80-952b3e683528,2021,13277,B
78822c7c-d8a3-4ab4-a16c-30aa1dfb56ef,2021,2209,B
6a134772-7584-40b6-8d33-f62b92052212,2021,62484,B
96f035f5-c48e-4192-94d4-3aed5720d128,2021,94762,B
909f278e-5df7-413b-9339-648bd6baee6d,2021,56172,B
20fd0062-6cc8-4116-ad09-2546d5b8f2e3,2021,5000135,B
c363765a-0f70-4947-b03d-40b2c28168cd,2021,1288002,B
3eaf010b-a8ad-4589-aca3-f854c14f8736,2021,13595,B
2a7daaa5-68c1-4472-9976-ebc474a5e5f6,2021,1136142,B
f74f18df-11b2-4987-9d8a-beff4f9cf5f1,2021,98595,B
27dfabcb-6260-4f52-ac4d-9c875ef393c2,2021,18558,B
b0859af2-fcb6-42f0-9de0-f34ac644a358,2021,73140,B
ff3c3ae0-dc73-4620-a807-f6d7bdc21781,2021,1136142,B
4fa17e1b-d520-4b49-af82-6bc8fa5f9451,2021,1136142,B
107fe0a0-9596-4789-8caa-8714759460b0,2021,1136142,B
aac119fc-5694-4797-a855-4bd5b90f784b,2021,59122,B
03d1b088-bc5a-407d-b962-102e785e1896,2021,1101244,B
d5cd5c0a-a668-4b13-bbf2-35c4f8652258,2021,1270596,B
2b009647-e2bb-42c4-9666-165be8f478d5,2021,1318224,B
52309fb5-97cd-4f20-82f2-7f0e4959f3e2,2021,513,B
068e93df-a536-4e4a-800d-1b6773e65cce,2021,513,B
06f32dfa-706e-4f60-a9b8-6a30b89edc38,2021,13446,B
88bdbff8-897b-48ab-b624-b9f526934caa,2021,113455,B
d5122f25-d650-4369-99ba-3e236879fdcd,2021,1272079,B
13288f86-df58-4737-a105-e6dd48c5856d,2021,101942,B
a6641926-0395-4df7-8efe-e696c269f236,2021,317,B
336a6a09-990f-4097-8494-6d2fb0c83130,2021,11554,B
e371ed3c-911c-413d-8c02-e66cdec44e1e,2021,13595,B
545bd7f0-811d-4fe8-9119-14b7544a1529,2021,94762,B
8c9565a1-daae-41fc-a1a5-727dd4e7822f,2021,62484,B
58abf0a5-fd33-4250-a0dc-761ee435ad7c,2021,101942,B
c4e9c533-716b-4b9b-afb7-711e31eac14f,2021,11730,B
70f572f4-210e-465d-9f07-d9916bbc5130,2021,13446,B
e119b6e8-d84f-4858-a5f9-3bae19cbb5a2,2021,1032473,B
86bbc602-5840-42d5-b53b-2681ca913ea4,2021,118420,B
3a734ee2-e834-4e2c-b270-b50007526dfa,2021,1288002,B
b94ccfaa-977e-4e0f-a69e-615461260264,2021,1139692,B
6f59f695-92e7-405a-9352-240e82479611,2021,13980,B
a5154ec3-42d3-4326-8178-85153f8d8d8b,2021,513,B
a5c41101-cd19-49a1-a5d1-1cd17c2b1e80,2021,13595,B
87fac2ab-25b8-4efa-9d45-e5912e32f7f2,2021,13595,B
6edd97e6-7aba-405a-b00b-9ea971caee04,2021,37862,B
e536f3b2-ee61-4146-b6c2-2549cb311b39,2021,117022,B
91e57d59-61e5-4b56-ae58-8936cf0b5659,2021,99820,B
920d7dec-f8dc-48db-a0d5-8090dbd0c1cc,2021,513,B
bb070d71-916c-451b-a1cb-6720ecf7a541,2021,13401,B
86026e0d-9f61-4be7-8ebc-5e21688ed98e,2021,95017,B
bb07c78d-0a2a-4945-a986-74aea143c6f5,2021,13446,B
1237940e-8efa-4cad-b02b-e49f85adb891,2021,118420,B
aded296a-7e82-4c33-84e5-acc51adc533c,2021,94762,B
5b3c24ac-ddee-4ec4-b583-65784013318b,2021,1330347,B
bc7251bc-5625-429e-80fe-f7280de264e4,2021,513,B
aece1e30-5463-4af5-959e-ae10e40995ee,2021,21464,B
324e9d5c-0019-4c27-8fc2-ccd59b12ea16,2021,13401,B
00018ffd-069f-451f-913b-68ccb6eefc07,2021,13446,B
7f0bdadc-5555-46b7-9ecc-f035b9592fcb,2021,1181327,B
fe0336be-8439-4ded-8cc8-4945504722a2,2021,22047,B
1daf3ec2-b6d9-45d1-abdd-2c79fdae1509,2021,1102628,B
cac63eea-a09d-438b-9d8a-71594bd3b6d6,2021,13401,B
417ccfb3-dc52-4904-9406-7a4b409bdc15,2021,1136142,B
3e36ac17-fd1f-4fca-beda-164926baa532,2021,1101244,B
f719d3ae-afa6-47e4-818c-dcdd3deb351a,2021,101942,B
97dba01a-f1d2-4ebd-8d87-e87615bfe532,2021,11554,B
1057f616-2802-468b-b4fa-3ca90aea73b1,2021,1181327,B
528cb230-f712-4776-8c9c-6b7a85e70dac,2021,1272079,B
a738e570-d02a-4198-bb2b-8f3f43430d75,2021,98595,B
4759568d-955e-42a0-805a-7f82f1394f9b,2021,101942,B
7f489fe7-af21-4ed2-9745-22345ae23cd1,2021,116770,B
77824766-a2d5-49f5-a3ef-d2e9f3547b28,2021,21464,B
4cae412d-be48-4127-825b-d0f945ee337e,2021,1118057,B
853f0d70-ed85-4548-bc7c-6513d787a497,2021,1288002,B
76eb00e8-964f-459e-9eeb-ec91b04665ca,2021,9440,B
e8e11793-973a-4b4c-851c-fddb1bbe2ddb,2021,1376181,B
e2333af9-aa37-47a4-8866-1ee60167c301,2021,13980,B
a71fe7c3-7b84-465f-acbb-3ab0f20203ed,2021,513,B
b5a2c0a9-90cc-47ec-a9c6-3b3c631837c1,2021,13595,B
e02961a8-c596-494c-ad6d-5a16303d1044,2021,13446,B
f5a17ca4-1e13-46fb-9e5f-c1f3d6b0697b,2021,1108692,B
b3a9489e-b447-4191-bd8b-a3f9c9a66602,2021,64664,B
969bbf7e-3161-4884-8add-e6b4a63d3e77,2021,2209,B
4ecd9632-406c-4993-9cf5-c08cd5f6f533,2021,5000143,B
23e78871-d397-424f-a2da-6e6eaf75f411,2021,1288002,B
cfd4f7a3-ad3d-40cd-a5b6-4786eb1966a5,2021,1136142,B
7f459178-9a5c-458d-8c34-282427497ac5,2021,56172,B
2b4da458-c4b4-4c0f-b9ac-f60252e6c501,2021,12313,B
f3aa0941-d998-4396-84e3-65bc2b02a080,2021,11452,B
f749379a-6ee1-4169-ae35-065f16c65980,2021,1102628,B
71131be4-effd-4fb5-adca-ab9864ef0ead,2021,13595,B
23162f62-f899-45fe-ae09-74a7055a79fa,2021,18903,B
599a5e40-f943-4c16-92b9-5e9241756bd6,2021,94762,B
ade47538-25b0-49d2-903e-ebcc23a3698f,2021,317,B
c1ff9a2f-f3da-4eff-b6bf-061c2451db65,2021,13595,B
931c089c-2eb9-41c8-b8cf-103e83b6b92c,2021,1132918,B
7120cba1-79cf-4350-a479-57fc15a0301d,2021,62484,B
192399ac-7a7d-494b-880e-586c318adabb,2021,55777,B
15ea54b4-0ae3-468e-9153-08236b81c853,2021,95175,B
6b256ab6-2288-4e4a-af11-4c656e0ecef7,2021,116770,B
fac3438f-c3c2-4bab-b489-3fc7275f9976,2021,50082,B
f4b01aad-2cec-43d7-b243-14c73d6a763b,2021,13401,B
3f8b1329-7b45-44be-8960-c39b435d08fd,2021,1136142,B
27869071-4735-4b3b-ad54-afa0d83ec56b,2021,1136142,B
393255f6-00d0-47e7-820b-366d9ed66b5b,2021,11554,B
6517e175-6e28-4dc7-9109-761d7abebed2,2021,1136142,B
d0ba0228-8f2e-4593-8af4-9246fb83e226,2021,118420,B
0b972804-d6b5-4ace-bfc1-8429fc49b1ca,2021,118420,B
728142e4-d276-4979-882f-c2f6f75f422e,2021,95017,B
792e6e3a-b132-4a72-85fd-bd34cadf0900,2021,13277,B
843ebaae-7d93-4922-9a2e-38e8fdec7a4e,2021,1101244,B
e578795b-1cfe-4ae1-b83e-725c64454b0f,2021,106167,B
d5ac9b3f-1ca2-41f2-9b49-ec4ea18acb9f,2021,12313,B
1b3e069a-a97e-4f08-806a-933031247455,2021,11452,B
828bee14-e180-4f99-ba1d-5069c9c658ff,2021,13595,B
ae48b6bc-bc66-46c9-92cf-5a350fb079f4,2021,118420,B
202a89ff-99d4-47bc-a181-f4dc60a796ff,2021,59122,B
984aaf09-3740-461d-862f-30d05902523e,2021,13595,B
fe7f8ccc-563e-4721-bcc4-1001e89b60d9,2021,13446,B
5e3fedb6-689b-4c7a-b369-7bd4d7ca5f2e,2021,101830,B
6f538a47-c03c-4f5a-a515-34484f9d6f9a,2021,95017,B
f4fbdd16-c243-4f52-b7a7-a2d2b24e2d98,2021,13446,B
30e6b11e-a0a0-4749-9ee6-6d7bd576a619,2021,1322390,B
dd45b55e-abdf-447a-8507-ce33e6c7f98f,2021,99406,B
61af1c42-8197-4daa-8b73-9dfcff831098,2021,13446,B
b934c787-33e4-49da-a883-794e53d3da3e,2021,1108692,B
d05cc023-2db5-44d2-96d0-b10320eb3aed,2021,20239,B
9a6f5a48-aab4-4858-8910-b0fc8f2bbb5e,2021,64664,B
2868955c-e505-48d4-86b8-214803aafea8,2021,13446,B
604c2f16-6ef1-44e6-a54f-fdf35f862562,2021,1136142,B
b9e11047-231f-406f-a6be-52e89b35ead5,2021,94762,B
d2855041-c1d8-4bfc-8b19-d51ea2b4c7fb,2021,1306689,B
22c5e155-fd50-41ac-ba9f-e38c01dded89,2021,1269545,B
8cf35164-6af7-45c1-b3a2-c44dc2b2c586,2021,13595,B
873c48d0-ca62-49c3-9b5c-d4fb7b960a76,2021,13446,B
bdb6babf-6a3c-4d75-8071-a229faf7575f,2021,1136142,B
b30e3cd2-f257-4112-a2b1-a22295fae689,2021,97443,B
99e58c4d-ea32-412f-afc7-0c14e07d15ce,2021,13980,B
be620f5f-abcf-4867-a817-25af513d707b,2021,19047,B
94119189-26c2-4125-83ae-f1a62093efdd,2021,1187671,B
4c046b51-1c43-4316-b9d9-9c6f3b9e1d98,2021,118420,B
7674fc8b-ede9-454b-9b61-984c348f5afe,2021,56172,B
ee9ddd26-4286-4273-8f55-b6aaa5d93237,2021,19042,B
4ee24843-d60e-4306-b8f9-37c9144a31a0,2021,1385488,B
421e0612-1a11-4257-b863-b4846d37f7ce,2021,1136142,B
1c9fe0db-cf43-4442-a186-0344eb799550,2021,118420,B
5bab2618-fe69-4344-870a-d9cb2f5dd670,2021,106996,B
44292b11-7cac-49da-a3da-d55409c4872b,2021,64664,B
8b31fb25-6de7-40d8-8880-6c511140e24b,2021,13401,B
d2966687-8738-4eaf-8dca-60cdcf33f6cf,2021,1136142,B
02e8a8e6-0c59-4bea-a77e-a88f7f65b16f,2021,1102628,B
ca5a63e6-19f9-4e8f-bb99-d6bff5d0211a,2021,1270596,B
22559e59-c8a3-49bf-9438-0539a3102cb6,2021,103062,B
3af29b9e-158e-4d7a-9c43-ff266d53496a,2021,83388,B
f0d453d9-9ae8-41f8-bbe1-498d1ef3225a,2021,1148708,B
ae2cbd29-5e52-43c2-a4b7-a84c4dc98b96,2021,1314243,B
a8982edc-ed3c-4a58-aa07-f9b288c326a5,2021,98595,B
0be29ebf-576f-4716-b01d-e049ee51384e,2021,968,B
c15090a0-b0ba-4a28-a1fd-3e1bf849d7d2,2021,62484,B
40eb6534-ebd4-4443-b61f-9c9e87d7e7bf,2021,13401,B
870d3eb9-f3eb-48e9-bf0a-aa87a80ed3e2,2021,13446,B
80b02978-dd3b-448d-89d1-63108413ad9b,2021,47505,B
5366060f-b6db-440a-be7f-228b04a25376,2021,13980,B
e99be46e-f8c8-42d6-be3a-cf1d7920a0aa,2021,18671,B
72704989-9c9e-4a2c-bfbe-9927aebb84ec,2021,1136142,B
562ad090-d43b-4ebe-820f-6b079ed777ee,2021,95017,B
047c9684-013c-4bfe-ab99-c33987232023,2021,10515,B
ad1b1636-cf42-41c7-9900-e84c763341a3,2021,13980,B
aea8857b-aa19-4a45-ad87-6e2f89b6b3e5,2021,113813,B
f93198b0-9d4c-4bba-bfc7-8dbd7fedba09,2021,13595,B
9aa2a920-abed-47b4-a92d-26bc2175e9dd,2021,41238,B
a5eba460-4ffe-449c-8e11-1a11c194723e,2021,64664,B
895f696e-f41e-49d5-9c9c-0189c994fd87,2021,317,B
c5adaf4c-60fd-4512-9e97-2d2eb64e84be,2021,99820,B
5724c663-419d-4af3-b675-29f103b03fc4,2021,1330347,B
f8e7e66d-8ecf-40ec-b638-b2580688479c,2021,1118057,B
968be872-794e-4966-a50f-63aa7b06b592,2021,968,B
339fb4f3-cef0-4ee3-9e09-45f2e42d1024,2021,1102628,B
b45c8ad1-be92-4bc0-b114-0e438092591d,2021,1288839,B
c7a61d49-1a5d-40b8-9331-96b27d7e8840,2021,97443,B
b707a55c-3c40-49fe-9b2d-d2c46b2cd84f,2021,12313,B
bd2c6d37-dce9-472e-bd0f-ef84c5799c8c,2021,101942,B
9c4a2930-b554-44a9-89c0-f1b7f0a946f2,2021,13446,B
b988e163-e1fe-4f19-b7c0-7b6e4878141f,2021,97443,B
1b2951c8-dffa-4eda-89e8-ebb0f610f66f,2021,317,B
ef14c63e-73cf-4f41-a840-2deaeb6b3adc,2021,18671,B
54b34dc9-daa6-494c-9dca-6dcce8053c25,2021,11730,B
c6e8b40f-f8b1-4e33-b658-76c53959d9ca,2021,1136142,B
1ea95706-c2ab-4d2c-9e61-76d50d4370ac,2021,1102628,B
663a16ad-d94e-4271-b109-d9857d129323,2021,118420,B
e9966946-ebbe-494c-9941-aca5aa9aac63,2021,2209,B
78df97a5-7861-4031-96d2-5978c062948b,2021,13595,B
137be3b5-83c2-4d1d-9909-a34146324b35,2021,20933,B
b9a8f2cb-d07d-4ccb-b913-277c93d351d0,2021,13277,B
4f47f60f-fbca-4d28-858e-9553ca26ab8d,2021,1118057,B
ebc528ba-1f54-41b2-b5da-cfb1abc1426c,2021,13446,B
7f2680df-e156-494f-93d6-417b24d76df0,2021,47505,B
9394d518-49b8-4100-ac3f-df1d1089842b,2021,1379275,B
516aab2a-4d65-4930-8b2c-e469849de4d7,2021,12313,B
4530af02-d2b8-4a71-bf20-e83fb9f858bf,2021,1306689,B
8170e581-c72e-44e6-a7ce-14827376e3ad,2021,13277,B
2f2b1cab-e802-4abd-85f2-a43fc0a86d4c,2021,5000135,B
be043fd4-23ed-4f7b-8c70-5c741d2eb9ba,2021,1270596,B
3b2c7e81-8e07-47b7-9e50-5ff72601c277,2021,97443,B
9c4b6f6a-e490-49a2-a4cb-5a184bf8e90b,2021,1101244,B
fce2b65d-7040-4e6d-950b-e414ede95360,2021,13401,B
f43db6dd-e3f1-487b-ae58-8a637fbe767b,2021,13446,B
76485cfc-349c-49ad-89c6-243cff690e76,2021,13980,B
ef5bdbca-2ae8-4005-9ec4-e41554585425,2021,11554,B
158195ba-7487-49b0-8f47-f5200ba5908e,2021,1267543,B
0f409d74-9cee-4be3-b692-6815f4bcafd8,2021,1136142,B
c46ea475-2942-4513-910c-d81705d5aaf5,2021,1102628,B
b2c92215-4e6e-4dd0-998c-4ef9951c7e1e,2021,95175,B
cbe13763-c4da-4e74-95c6-5aa42974ef86,2021,12313,B
cc219999-be67-4949-b367-335221f916e9,2021,1102628,B
880e3ea1-dfd6-4d2b-96d5-a5e6f630d166,2021,13216,B
0678c3ef-b8a5-4bf2-a3e0-0857c69ef94a,2021,1136142,B
9a4c356c-4fd3-4352-98df-c0e130d6bd6f,2021,1330347,B
12534105-6e7b-406e-a413-52ee1c0b3eac,2021,1385488,B
930169f0-9b49-4d00-b1ff-be88fe41e92f,2021,117022,B
c92bc47f-0b40-49c9-b1f2-5246b6c8b481,2021,20239,B
5146c59d-3bc2-4392-8bc8-5f3c6b819783,2021,116770,B
f3455269-f93c-42f0-83b2-dd8b487d3424,2021,11452,B
2d44930c-d7d4-473a-8ff8-417bcf0999bb,2021,1102628,B
ae27ec33-7b89-4161-bf1f-ace08f6618d8,2021,20239,B
494a97a9-7b94-4439-84e5-6d66d1124f67,2021,102590,B
1a0f39c6-2082-40a2-a94e-1976d2ad400c,2021,95017,B
28ff4dd6-6888-4ca8-bd15-c4cd80d5c212,2021,13595,B
6cbe04c3-1874-4dc1-94af-1c1851b01822,2021,13595,B
5965d428-d469-4c75-a94f-c9edf5f3b5cc,2021,13401,B
8a114b14-9e1d-42a3-973a-6dce67c354d7,2021,13595,B
02e2a143-a61b-40ed-b30d-5c58fde2a915,2021,1136142,B
c9ebe015-cf83-4243-b973-a95374d7ddff,2021,1102628,B
2ec48042-b569-4c69-89a6-45b55d310f16,2021,513,B
555fdf3f-f0a3-4d5d-b0e2-2f651e87e5e1,2021,13595,B
42807637-b981-432a-b77a-abc927c4199f,2021,41238,B
c01dd825-3184-4b40-b3a9-e81462be486f,2021,98595,B
bc0f68fd-d081-4f78-8fcc-4d7238194eee,2021,103062,B
5b4b7d90-0a83-4e5f-915e-ff23955f6355,2021,55777,B
826a2d91-637c-4fb9-8e01-1da7e848d531,2021,13216,B
54b04b96-6e25-4855-bb83-8866bd0577a6,2021,11452,B
0a18d076-a664-4152-a3ff-dff0ad6d096c,2021,18683,B
94780039-3ce0-437b-85bc-cf383f482337,2021,53331,B
2b7e8221-d3c6-4e71-883f-fc49d7f5e001,2021,5000135,B
5145fd89-6bc6-41ba-a512-e80a27cc80bb,2021,1101244,B
cb3db220-2117-44d5-bd22-bd80f3d160b5,2021,12313,B
bcb71428-eb18-4a77-93c7-7311cf7e24b7,2021,99406,B
8bcc85e2-9ab9-4d3e-bc4f-1a1b937bc0b0,2021,13595,B
42ac14e4-9d96-4707-a3ec-08ea5e3dc800,2021,99820,B
1cd040d9-96af-4063-aee4-f2a4fdd5c67a,2021,13216,B
0943e9a1-7a83-483c-8a6f-ed5deb3fbb88,2021,53342,B
b820231d-e0d4-4e9e-b29d-c88c46f8ce84,2021,13277,B
08e63d9c-fb41-4909-ba2c-8e438090e657,2021,1330347,B
b5cb0596-a2aa-40fa-9356-4500dc629434,2021,2209,B
6767b002-337a-4cfb-9a44-09dbe3f1012b,2021,1136142,B
d16bc082-f0cc-4d5f-9e36-044c1cdc65d1,2021,59122,B
00674c93-7919-437a-aeba-44b9e463845e,2021,11452,B
2c2a77d5-a3df-4a70-890c-3375d4053373,2021,1102628,B
e7b7e497-b429-44c2-8742-2bb268d410fd,2021,47069,B
90b5da71-e60c-4c4e-b54c-9bc5d09db21d,2021,9440,B
f563c3eb-f060-4404-aed5-ddab65488d34,2021,118420,B
2905213b-bb91-422e-8ad0-106cc4152c31,2021,95175,B
1e8537d0-52c5-4f63-acb2-d625d9f898e6,2021,117532,B
8155f48f-8642-4e3f-b33f-9809e526584b,2021,20239,B
d41b42f3-2f61-4daa-aea0-bbfcf4ed3f94,2021,99820,B
a3bbb9c5-9273-4581-84f7-ce49ba1c9eba,2021,5000135,B
6005f78d-49c1-43b9-aa60-234c0b2168bc,2021,99406,B
738bd4c7-c92a-4949-850e-e8bec89d471f,2021,1118057,B
4a364439-1425-4272-8be2-b4ac5e73a1c5,2021,11554,B
664d481a-cf43-43a0-b862-2edd72b9cc9c,2021,13595,B
ce1ce76a-3683-46a2-9461-9a19598c045c,2021,1102628,B
eaac3a41-7590-4dc9-8036-fc854fd25a40,2021,11452,B
fbc2548a-4532-424e-8a7e-472d2964746d,2021,13401,B
fb91d6ea-dbc1-4590-ac25-9259f49b4a55,2021,1102628,B
0251602a-4852-4c0c-9887-f66cf9e50fbc,2021,13401,B
38d64cec-209c-4c6d-bdea-c7b67d3474c6,2021,64664,B
d695de22-0d42-47e5-b6a1-655d5b7cc1b3,2021,19047,B
fa5e439c-8e93-4df3-97c3-c904b5fecb3f,2021,118420,B
ef19ca2c-d706-4b7f-80b5-3470b91993ac,2021,12313,B
0815a134-7f2f-40f2-b5fa-7283d30d5db1,2021,13595,B
b04d0b67-930b-4006-8cc1-ee90ebbdb2cc,2021,68930,B
b96ca0b1-3087-4861-9efc-0071e3a01512,2021,1330347,B
ab0a6dc4-c753-40f8-be56-8a00c12bbe50,2021,62484,B
7a190ed3-eb21-49dd-b074-86d6ec84ccf4,2021,1330347,B
74cd8c7a-89e3-48ad-b2e1-1071ec695824,2021,1101244,B
8f577379-98b0-41d6-b84d-3afac10e67a7,2021,1139692,B
c4e4e68b-1de6-4ccb-b8bc-67a2d88dbf03,2021,13595,B
d175a61f-2198-4b00-a92f-d25b2c6acc3e,2021,118420,B
95003188-6b54-4a28-8a55-3eb431352816,2021,11452,B
659a164d-24b7-4fde-ba4f-908370c210ca,2021,99406,B
4e19147d-7e94-4edc-9d14-243a9545c5d2,2021,5000135,B
553b969d-d886-4733-9d5f-ab0eff558593,2021,513,B
2d38a68f-df50-47cd-b936-71c34aa1c190,2021,13595,B
86cfc62a-ace5-4d7c-b3fd-232acec34f72,2021,62484,B
3f7f32dd-2eda-4a86-a2ce-ffdfedb7f901,2021,1108692,B
bf0e6965-6414-44fd-8dd3-943e34bfdc7e,2021,12313,B
122e3a56-7b22-4b48-a8e9-ba143610bc8e,2021,86326,B
a2336750-b98a-4377-9633-03a185206da6,2021,1288002,B
e849f1bf-97da-4b86-88ab-3c449926103b,2021,13595,B
9556d98d-c231-4417-86da-d3570fc763fc,2021,13595,B
ccb9a1b7-a8ca-4c64-9721-4888d4712c6d,2021,12313,B
4024222b-40c0-4e47-8baa-17982319e10d,2021,13595,B
4cdd7415-ec51-4f45-86e2-b9e41b961b01,2021,11452,B
bdea7f90-77cd-42aa-b587-3b82ca696c3a,2021,99820,B
6b1bc2d4-0308-4d78-99b5-d86aacae31bb,2021,317,B
bc38433a-2be6-42cb-8ad0-e48dbe4a7f6c,2021,1132918,B
f10e4163-7049-4930-a266-9cb31e8d291f,2021,13595,B
2a4858c4-20fb-4f91-a4cd-d5afb5691e83,2021,118468,B
a70fa28b-5478-4fe7-9c50-d7de12ea049e,2021,90030,B
095ebf5b-4ebb-4399-9b9b-5975864d250b,2021,9414,B
7e7711f5-bd05-4bc2-bae7-450d461aa86a,2021,97443,B
6e25b808-9aff-4622-801d-546786f7b21b,2021,1190071,B
8e211ead-1b2f-4eae-8da1-7acb572df24d,2021,1270596,B
2e76133c-0986-49d8-9293-605e03da09b1,2021,106167,B
68b15c43-8373-47ca-9723-c1bce5a0ed88,2021,5000143,B
141a801d-330b-4a76-a8bc-6df40eeef45c,2021,11730,B
b9eeb80f-a5b0-431f-b3b6-377332182a40,2021,13277,B
aa9d600c-56e2-4ce8-89f3-ffa9808b9b8b,2021,94762,B
2cf34f3b-83e7-44a6-b572-9f0dabe538fb,2021,5000143,B
8fb7f6e1-e903-42f0-bd28-905c6eb6228e,2021,13595,B
c0272ffb-c772-4bcb-8d31-118653f13b2e,2021,53333,B
df5a4822-545f-4bfb-a3d4-52d51f442067,2021,95017,B
b118f3a7-bae8-4752-8d52-41e45a36524b,2021,95017,B
a7f330f7-d8c5-4533-ac23-840a6917f450,2021,95175,B
cde5f662-bcba-4de5-8a37-2a545bf3cebf,2021,113813,B
d0e224f1-0a38-4b8c-84b7-9c665e4a016e,2021,11452,B
f73a082e-7d33-495b-b929-05acacaac73d,2021,13277,B
ed155662-d5e7-45e8-a796-d98815709f34,2021,13595,B
b90eb4da-da93-4fef-b75b-59dfbb813e81,2021,19047,B
b1fd3e08-4802-4e69-85ea-31b5b347caaf,2021,2209,B
90155184-3196-47be-94d6-cfaee9bed773,2021,99406,B
5076b078-4060-4547-a342-5185cc4b3a8f,2021,13595,B
16819b77-ccd1-4908-b529-777ebed75e86,2021,11554,B
41fad3cf-6fac-460c-bf2c-45efd7bb8354,2021,67601,B
6db5d3f0-a8c9-4747-8ff8-6711fac35cf4,2021,13446,B
d91a9be2-c311-4db5-bfb9-f2e6cf8aea35,2021,317,B
a4719845-9016-4616-b936-44b59cae721e,2021,13277,B
aaffe38b-df17-4d8a-bebd-08edfc85d753,2021,13595,B
33c18a95-68c2-4c27-b801-7639a9597d44,2021,13446,B
1bcd2923-e6ab-44cb-8955-ebcbaac15d92,2021,97778,B
88a40eea-6c71-45ae-a011-f60c58d75e25,2021,1330347,B
ad43353d-5031-4781-af15-5a94fdd1fe34,2021,11452,B
1b3bf42e-fa2f-442e-842e-7ab2c3cc5416,2021,103062,B
1a117981-e538-4491-b05f-da66ade650ef,2021,1272079,B
ef45a34a-a8c4-4e03-af08-fc1b08574664,2021,317,B
216ed44b-5f3d-41be-9f12-e5140a739edf,2021,317,B
e399cc41-b427-42f2-9e62-6f48f23e6338,2021,13595,B
e8fd26db-c283-436f-b3fa-f0bb3a30d17e,2021,64664,B
b8eb33a6-5403-4700-8c00-f5c68ff58f46,2021,106167,B
f4abe198-dff2-41fc-b1f4-858f57a24cb8,2021,1136142,B
091441f9-6845-408f-8828-98d212755239,2021,1136142,B
6eac7c78-e8d9-435e-8e0e-33a4c5981028,2021,53342,B
2ed01eed-3949-4792-a2a8-95c3230a00af,2021,1203177,B
e0b91bac-b442-4ee1-b17a-bc8bae6c404e,2021,1288002,B
28345403-0fa6-4765-9e4c-86c8f14cf96a,2021,1300429,B
7582afad-81cc-4f35-ae3b-a4570e5b9d36,2021,13277,B
43d55e7a-fa65-4306-963e-6031a149d4be,2021,1288002,B
cdada98f-2fc1-40de-ac99-d5bd80a3f6f9,2021,11452,B
da429752-3c96-4217-a155-ee62fcbc6357,2021,13595,B
705c9f56-2e8f-4bf3-baf7-06c5b975f1a0,2021,1102628,B
a6c2b3c3-0fcc-45f9-9a35-77c0f72011a3,2021,11730,B
352b96b4-3a5f-4373-ab89-df9538479486,2021,97443,B
e3739384-734a-4f37-85a8-69717bfc5aa1,2021,13595,B
4ca1f92b-4131-4b01-8b61-3559b090f285,2021,13446,B
db27745b-6d3d-4515-90ff-ea2cd5221a5c,2021,1136142,B
46180634-e37a-43bf-a7e5-451c64a5d39b,2021,317,B
81aa46f6-2f55-43cc-96bc-0fe3c2d80d2b,2021,87396,B
02ffb907-c428-42fe-b9e8-b878e57864de,2021,2209,B
42104570-a5de-45ae-a9f7-557f3d935235,2021,62484,B
5e561cc6-7015-4c62-9efb-e59cc54dcf67,2021,13595,B
e9e47f59-a6a4-4f08-9f3f-aafadeae19da,2021,55777,B
8c5c8fe6-aaf6-4c01-83e4-2f25abab3b38,2021,91262,B
42f314a9-7c99-407e-ac50-15a874374538,2021,41238,B
1888af17-9af3-4f5d-b56f-b826fa229d02,2021,13595,B
97e48de5-180a-40bd-a242-67a60b9fe7fd,2021,1136142,B
e401ff46-6133-4821-a2da-24011dc6af29,2021,13277,B
18951f57-2bee-4735-8bfc-4c02aeccd24d,2021,49071,B
2dbdd700-324c-4978-8f6f-f056e1d2a131,2021,13980,B
798746fb-a10a-4ba3-be8c-0fd7a018f6e9,2021,13216,B
723e2151-f382-4cf8-83f1-c626954a31c5,2021,13216,B
e6474db4-b893-41b7-8d52-e0dc9e85452f,2021,13277,B
2041d77e-5207-43cf-9330-f170fd59d570,2021,20239,B
cc9bc8df-d4f7-44b3-8c13-13eb2db33fbe,2021,13595,B
422ca7e9-8877-4aab-a6d6-192ebc6540cc,2021,5000135,B
46e248f7-15bf-41ef-88d2-509f63937426,2021,20239,B
ba336cf0-70ef-493d-9399-e1a3326534f1,2021,1190071,B
d3d9effc-cac9-4d39-8664-96d68c9361ea,2021,13446,B
035170b6-a3f6-4252-b869-be7266240a2c,2021,11452,B
8bee9af5-79cf-4adf-9051-8661f81d653a,2021,62484,B
4f8c821c-dcaa-414a-8ac5-fc45939a3daf,2021,113813,B
fc2c5623-0ccc-4dae-89f9-07ff8992283a,2021,13446,B
62131f9b-6d6e-4437-94ff-fbeae381d88d,2021,1422296,B
49cf32d9-3319-4325-b4e3-5efaa781c66b,2021,1136142,B
635766ad-47cb-41c1-b575-ca0750c16341,2021,13595,B
866b1a6a-aa1d-4eab-9227-d2293898c1c8,2021,13595,B
7130ed45-e5d9-4231-9c22-f538ccecbca6,2021,13446,B
d00510ed-624c-4004-b542-4c0f4c1ffc76,2021,13446,B
50cec47b-06ea-4381-8c08-d2f29d1dddba,2021,13595,B
3f2e4d1d-0503-4a7c-b39a-62985f250440,2021,41238,B
66bdced0-6f3f-4f9f-a31d-6ced74e808b4,2021,49054,B
c92aeb8e-6cef-40dd-87c2-16243140e8f0,2021,13277,B
6650f61e-d32c-4eaa-9747-141a40312eff,2021,18903,B
72cf3833-4acf-454f-aafa-382943700c2c,2021,13277,B
69c3ff3c-39f9-48c5-ad97-7d4f3a1a7f3d,2021,13595,B
8b720796-16f2-4a13-a5f4-648c4e3a90ee,2021,13595,B
00524b41-3655-43b2-8d0b-d47b82fbb79f,2021,1136142,B
7fa1854b-8918-4d59-839e-fe58c43b81f8,2021,1136142,B
a6250785-14cd-4985-afec-977659d373fc,2021,13595,B
0f3b1876-7610-4d98-8beb-7ea6a8209163,2021,13401,B
54270f56-5c83-4429-b593-192da22c5d12,2021,13595,B
e9daf128-d242-4eaa-844b-6e72a7eafd1c,2021,18683,B
56574ddf-661c-4746-9e5d-4e68d55cf941,2021,13446,B
54d60925-1bfb-47ac-bd2f-9197be71b3ea,2021,13216,B
c185aa6f-f33c-4f8f-9981-cf4ebd130f43,2021,13595,B
5a9732a8-a4aa-46f3-a360-9ec4170e7375,2021,1136142,B
4c8bf98e-e5d1-44a7-878f-b8f5041b9921,2021,12313,B
7600bb8c-a498-41d2-83f0-13aa53a939c0,2021,62484,B
63415653-ab00-42b2-b021-324be904364b,2021,13595,B
455faf60-0ba8-4f78-a32d-2e3c5f716b2f,2021,41238,B
e82fe654-2caf-41b9-b9ff-ead7d30c69f3,2021,12313,B
e663441a-b2ac-4cf0-8ffb-ddbec047d6ea,2021,11452,B
08c7b6c2-37e5-4d3e-a1dc-439e673cde36,2021,317,B
c50f1a04-ca60-4079-9c63-42c60e53f74c,2021,13277,B
df64633c-7c3b-41ad-b8f2-56abb394a8e8,2021,13980,B
1234d0cb-fc6b-47ea-b64a-0ab73d71c191,2021,13980,B
4122ec24-9792-44de-aad3-df7603a5e0e1,2021,13216,B
690d4f63-6f8d-42c2-a9a9-d5616b34de76,2021,13595,B
1e1b8452-cba6-4803-b876-e942f00bb273,2021,1265453,B
48c222a1-cb46-4a59-a17f-7b0dc89d8e87,2021,11452,B
e08a50c3-97ca-4c08-afb8-b47658050b11,2021,18683,B
9bc1d5a8-683c-4604-9ae9-0760d5ca2d81,2021,12313,B
35f8befc-cdf3-423d-bf54-da8bba8ee095,2021,1181327,B
ce092381-926c-45e0-91e8-9fb604f7a882,2021,101942,B
9bfb61b4-6933-4887-b3e5-d026bee977f9,2021,1132918,B
12c0d3d8-f3d5-43ac-b4e7-34cbff8b4d96,2021,20030,B
539ded3c-dceb-4cb4-819e-8920895fc300,2021,94762,B
e005ee29-47c9-44f6-97d1-cb5d2b1b5f2d,2021,13277,B
5dab6e9d-2365-4667-a331-766ac064c037,2021,13446,B
19424dd7-6cf4-44a7-a93d-5a4cb0e96ee0,2021,1136142,B
c8eb7e90-a6b3-4c15-90f6-4a33dbfd07e4,2021,2209,B
53312f48-c1d6-47ea-9dc9-ff014f5cec1f,2021,62484,B
5ab9266b-0f85-4dba-b5fb-a78c7979e208,2021,13216,B
f83e1515-460f-4f36-8649-1f43845ca857,2021,13446,B
b9ddd13e-c82d-40f0-875f-b29c21a96a3f,2021,13595,B
572b3d32-7f66-4d5f-ac6e-18713496d285,2021,5000143,B
5a8b3197-864d-42ec-a143-aa46831a2b55,2021,13277,B
3e1995e8-0913-40eb-982a-3a74860b0ffa,2021,1299927,B
fbc3e033-84f7-4c33-bd85-91d94662447f,2021,1102628,B
550ee0dd-9766-4a22-a4b7-66f5d5caea7b,2021,13446,B
9de2f416-7bc1-4352-8066-895c8af75181,2021,13277,B
e5d78ed0-b02a-433b-8a6a-9ccc191a55b6,2021,317,B
f4f0a2c0-e511-4e76-b927-2a2de67b1f95,2021,13446,B
fe7bd1ea-97cf-42ae-b8d5-477ad4860daf,2021,53331,B
e3a0dafc-4010-45b8-8eae-db33a47ad9b4,2021,11452,B
ffaad07a-f285-41d5-8845-9646083849b2,2021,13595,B
45117c0e-0ffb-497e-9629-c260c6ae3719,2021,12313,B
0fc7d46d-d266-4c12-97c4-d3ada4983f1d,2021,101942,B
616dc045-cf2b-4fe8-a761-56eedc052606,2021,13277,B
53fd73cd-4a80-446b-b6f8-3bccd7ffda83,2021,13446,B
35ad04b1-fa25-4383-b3bc-1d470bdea090,2021,13595,B
ced3e1ea-ec5e-4382-b42a-0950e22a3a2a,2021,13216,B
3f498ee5-5f21-4f8f-b1f6-bc1f68cf7943,2021,62484,B
0381918f-e3d2-4853-a2df-f91ae877d40e,2021,13277,B
3967116b-fa1a-4f43-a1a0-84883df52422,2021,13595,B
b3d457c7-132b-4031-98ae-1062f9f3fa1a,2021,13277,B
33e3dd1a-14e2-488b-b80a-f44c5f3521cd,2021,13277,B
526d31ab-d44a-4dcf-9f57-64772114e9f7,2021,18584,B
6ef3fc6e-8463-4528-bf39-64338df00f4f,2021,18584,B
5651ef7d-3202-43d0-8d04-f8a5f83ea70b,2021,18584,B
c7de3f8a-0b7f-439e-a2b1-cc15bfa0f9fb,2021,18584,B
2c9fe768-af17-4d88-bc43-f619232a53b2,2021,18584,B
e3ccd16d-ba27-4b60-bb08-3c88f501528c,2021,18584,B
db108c77-6478-47e3-aea8-70838c257721,2021,102590,B
5c01fb30-0c67-4fd2-8a52-3851ced2ea7d,2021,102590,B
66331634-88fb-45a2-9b99-9b6097718825,2021,102590,B
b52aada1-3a31-4056-81d2-3edd0e9b4d32,2021,102590,B
174255bf-d5a7-4b38-8624-0660a6d7a345,2021,102590,B
81c6b6ce-9a4f-4851-aeba-fc28d35a6446,2021,102590,B
b85132ad-dbd1-462d-8083-7fb57c4710e1,2021,102590,B
6c29acdb-d518-4237-98c6-020abc2358de,2021,102590,B
d19fa83a-d8f4-45e2-ad93-7d2501effd73,2021,18558,B
b1ed5375-d7a0-4165-a2da-26a42a4e1cc9,2021,1113582,B
06f307b9-6775-44f8-a7b5-d8bb9e72df29,2021,1113582,B
59bd799c-be9f-4ffa-b3dd-51ea5dacd1ee,2021,1113582,B
27c92218-cec4-457e-aa47-c3ab65e5d684,2021,1113582,B
4b608cfc-c4c0-459e-ad4f-2dff5a9f0474,2021,1113582,B
42914ac1-423b-4086-a694-f9515da84127,2021,1113582,B
f94edfbb-8304-4a46-9409-c89469ca9ca0,2021,1113582,B
8515e950-69b5-43c7-92bd-6a136338cfb1,2021,1113582,B
b27a04e9-e532-4d25-ba7e-ebc2c4e8bfb9,2021,1113582,B
9f63837e-be89-4cba-b32b-4358c3b150a6,2021,18559,B
15528901-a930-4441-849e-e5595178d156,2021,18558,B
ee969e49-5017-41bb-818b-0dbc164e28a3,2021,18559,B
6538ac83-30a3-44a0-89df-1b3500fa725c,2021,1113582,B
a94537a8-94bb-41f9-95a5-bd6cad5aaa98,2021,1113582,B
7ec39831-e519-4173-a4ad-7e8c9c70aefe,2021,1113582,B
3924eef2-22ab-4ba2-9c2f-30112a2cb58c,2021,1113582,B
617aada4-db16-450b-979a-c64900648fa1,2021,1113582,B
4103fe5c-597a-4e55-a59d-7b0f03a9cbf9,2021,1113582,B
25c72855-0617-4f1e-a089-df09d2e30443,2021,73140,B
8709fbfb-83fd-41ec-9014-0fb912c3802d,2021,18559,B
8d41b410-239e-4046-988a-db1842ef14e1,2021,18559,B
16aff8a7-e1b7-4850-b939-b20180bf5694,2021,1113582,B
33dae9a1-e6fd-4f0a-9a86-4da421ca0b76,2021,1113582,B
14ae0763-ad51-4355-ae73-84ad2825285f,2021,1113582,B
dc511588-d64b-4655-ae16-df6834463f5c,2021,1113582,B
7292b81e-b7bc-4175-a3d4-a23cb7bac9bd,2021,20933,B
291d1ab9-0c00-443a-ae41-97897642740f,2021,20933,B
6d32593b-a2b7-4023-8315-d839e968d1e1,2021,513,B
0dca3286-b009-407a-91df-e232180ecf5a,2021,513,B
9717fc8d-94c8-46fa-b482-f65755a7165a,2021,513,B
61e5cea1-d247-49b1-be5c-51b51659ff28,2021,513,B
e698de2e-8cde-4ef6-8c2c-89fd3aef32e5,2021,513,B
4b825981-d4ce-4419-b5e7-7614514a2388,2021,513,B
ca6845cc-ec3f-4b0e-aa00-082965172829,2021,513,B
09949186-ba13-42d1-8dc8-e5734d9fd19d,2021,1113582,B
921c2214-82cc-46a1-ad6a-a2126b50456e,2021,1113582,B
5d9825b4-10ec-4ff8-9e60-dcfc20db7e29,2021,1113582,B
ad41475b-2e7f-4625-8f94-c358a39cbea5,2021,1113582,B
f540fb73-16f4-420f-9942-3d38194909e6,2021,1113582,B
db5df3e5-c170-4329-8e68-b3c0a8c8aa71,2021,1113582,B
5e989911-275f-4a93-9b53-e271aa25dffb,2021,1113582,B
0c93a370-ad06-46a3-93a4-7a1fa3ee262f,2021,1113582,B
2180590b-0fa7-40ea-8827-2400ed956c3f,2021,1113582,B
2aa48886-3bf1-4043-969e-d075488e19e4,2021,1113582,B
65d0be04-a8e2-4982-a6c3-df0e33ec58cf,2021,513,B
6bfd1bbc-ffbf-4256-8582-8ed67f7fa939,2021,1113582,B
2c731ae0-f023-488c-a2df-1c7d54ffa9e2,2021,1113582,B
4c366f21-8bc9-4081-bd6e-d10a0aca3c97,2021,1113582,B
1e6ae0e7-df5d-454b-b193-0e12c7985a0a,2021,1113582,B
ea711ce6-8dca-47b6-a12f-feafe3e81e19,2021,1113582,B
f2bf3125-2c4c-4d0e-aaae-2ed7f0cdf107,2021,1113582,B
05a9affb-278e-4460-9720-400ed520e306,2021,99820,B
0726eb30-4cc0-4630-a140-318b07f4379e,2021,99820,B
2140315d-f223-4aec-a532-eab6bcf3e885,2021,99820,B
ba4d1dfa-8788-46cc-bd70-c426198b209c,2021,1113582,B
0dcdc124-a90b-4bd8-b179-d6d9144eb581,2021,101942,B
074e6f58-2af8-4814-a372-2cd739f1d600,2021,101942,B
59ab59be-95a4-4078-ab03-c08063fdec0e,2021,101942,B
32768a2c-7798-4a37-9905-ae2825df094d,2021,112086,B
4c4dab92-6e57-4f3d-96a3-5692c1363b83,2021,86318,B
2b28a50d-dfcd-4e53-be96-d0a1c482d454,2021,86318,B
c4348779-3ad7-43c3-9f0a-bc81880abf48,2021,86318,B
512135c3-4af5-4a32-bfe8-a5dfa9214ed3,2021,86318,B
2a8b9fdf-2637-41db-91a2-154256f22643,2021,86318,B
cc828bb7-5003-4d28-b67f-4c335b58312f,2021,86318,B
8750061f-b3c2-4311-95eb-23d5de57d197,2021,86318,B
69b39884-ab8a-4627-9298-a80fb9650ddd,2021,86318,B
5fb1e0a5-a49d-4e36-9498-ad9251c32cdc,2021,86318,B
b3c8fe5d-dc00-4495-8acc-720319dbc8ba,2021,86318,B
66052c5e-39f4-474f-9ce6-cc8d1079f9fc,2021,86318,B
930a5852-090c-4b44-a03b-d039ea5e72d2,2021,86318,B
845976cf-3f19-4c99-a8b6-0e09a83f8668,2021,86318,B
ab16572d-6f8e-4d96-9ebc-78dbaca73dff,2021,86318,B
9434c2cf-5ac1-41ef-beeb-6fcf78e80007,2021,5000143,B
8d2c7dbf-9cb4-4c8b-b6d0-261b656ce8d2,2021,5000143,B
1d1ce450-04e1-42bf-9dec-dfec8a69a101,2021,5000143,B
71fbaef5-44e7-4d7b-84eb-f090fa3df515,2021,5000143,B
a5135048-c804-4822-bdd0-87fd0775bbbd,2021,5000143,B
218c1a63-deec-41f1-af01-7f1552e06740,2021,5000143,B
9a81a6c5-baf2-4e44-81ff-d7d0a29c3590,2021,1113582,B
65d5c717-8824-4538-a8b5-d4ab167e4c91,2021,47069,B
8b079dbb-35a0-4250-b418-83c38f1d7992,2021,47069,B
d26fb14c-1778-4fd4-8ee3-014f01a0b386,2021,47069,B
4af3b627-7b62-4250-aba3-f0fb0283ba2b,2021,86318,B
16046830-290a-4cae-9f4f-997461077f14,2021,86318,B
1373f2dc-730a-4964-97f2-c1b0c3b2032b,2021,86318,B
47aa7908-a289-4431-801e-a19322247db2,2021,86318,B
2372f937-fb28-474d-8596-d7a6c2b59f20,2021,86318,B
3e6005e7-1ee6-4cdc-ba19-ac65884aae8b,2021,86318,B
2afc7856-d4f3-4e6f-8252-70e152580919,2021,86318,B
93606360-00ef-45f3-9077-f589c50815af,2021,86318,B
469b32c4-8622-4486-b6fb-9d35b25d7605,2021,86318,B
85d31bf4-930d-4758-b4e0-2fddd1d368cc,2021,86318,B
56202c72-77be-4f19-b199-ea9d2247b1da,2021,86318,B
238e6fc1-e014-45b9-922e-4784091e9db8,2021,86318,B
7b343f1f-4695-4d7a-9bb4-c8334e4c717a,2021,86318,B
be0c2641-81a6-49df-987d-6c79c57840b2,2021,11554,B
371319aa-5e81-4b0b-b18a-73d5a2222600,2021,11554,B
f293ca2f-20a8-4526-a367-91f541170a53,2021,11554,B
8c003dfb-1401-4aaa-953b-b52d0715d29c,2021,98305,B
0457ffba-762c-4b05-9cb7-bd35d3702392,2021,98305,B
4da4e7f6-b4b5-4528-8d4b-87ac2921c05a,2021,98305,B
22ce485d-640f-426b-a514-764484e83059,2021,98305,B
51a1fdc6-344f-40b2-888d-79049e8cd71b,2021,86326,B
3c98e574-07d9-412b-b2cb-9fe43cd08595,2021,1103723,B
c7a5a18d-1dae-4232-b8e6-7babe4ed6e87,2021,1103723,B
c036ecd8-bf9a-4312-b30d-976c56afd9b1,2021,1103723,B
7ca4b65a-c847-4562-9f79-8eb2d757bb10,2021,1103723,B
eff9c918-4c91-46ef-bebf-24da17dda467,2021,67092,B
2dc1ade1-2465-488e-a289-c453d3cce46c,2021,67092,B
d4285405-2026-493a-8243-8777314bec50,2021,13401,B
eb2ed0c3-a95b-490d-ae57-fa20ba1244bf,2021,67092,B
19810302-ad51-424b-9bc7-f5618ff6abec,2021,1288002,B
1f06fc9c-c33e-4c76-b3a4-4d0843e017d3,2021,73898,B
ac4463d1-8647-4018-a5b8-4a0c91331ecd,2021,67601,B
9dc143fe-5e11-467a-b180-cfcffb0adbcc,2021,67601,B
e2a9f059-79d5-4861-b248-bf18906665ab,2021,73898,B
713dacde-270f-4706-9b26-f3eedb70bce5,2021,73898,B
be2c9559-2b9b-4b3b-99ac-c07362071af5,2021,73898,B
00958324-f68f-4078-89a8-e2da866edf05,2021,73898,B
d8c794e4-b3f6-4011-9d89-cafd4f2e9975,2021,73898,B
abcfcdaf-f992-47cc-87be-6a004213b98b,2021,73898,B
31d05696-9ffb-47e1-82bc-ca703c7f06c2,2021,73898,B
652fc6fa-b420-407a-a6be-8508d8f75237,2021,73898,B
ad972682-8010-41e3-9420-f6d2d0f1f00b,2021,73898,B
730dbdb5-059e-4ef9-98c2-95abe3398026,2021,73898,B
f7981828-2a19-48dc-8a82-ec4b0ba28212,2021,73898,B
fcdbae24-3475-4d76-9e31-64e5a5eff813,2021,50082,B
71abb823-6e88-4f4e-93c8-3a15a6b5fd72,2021,21464,B
b778a987-e412-4a13-ad80-019239728c2b,2021,1351760,B
d1713d36-7a7d-4525-b0bf-795bf1e87179,2021,1351760,B
56884ec8-3f91-4af9-8c5d-3882ea6805d9,2021,318882,B
013bf2a4-2865-4f71-9550-d8705af7e439,2021,1190071,B
328edf4a-896e-413f-9987-16f66ba711d0,2021,1190071,B
e640a257-29d2-4a38-8a5b-21cf18fce7c0,2021,1385488,B
b2c91b7b-4eaa-4236-932d-5f162e88c410,2021,13595,B
cd4331ca-1727-4cb2-863b-48e39fecc59f,2021,13595,B
d26d5461-05ee-419a-88aa-361ff57f236e,2021,13595,B
949528e5-e616-4052-bfd2-a03758fc9af3,2021,13595,B
90af8c35-f552-4d8f-9134-d363abe9a8dc,2021,13595,B
558965a1-340c-49c9-b57a-643728f1d195,2021,13595,B
ff4d0e29-982b-4af6-9324-c20fc4379f9b,2021,13595,B
67ad58aa-7b8e-4f03-afde-a2587d3f6559,2021,18559,B
4dd9ea9b-5993-4dcc-95f8-1ae6c32f5ef5,2021,37862,B
d89a476f-f635-49fc-8e88-5aeb77a0e09d,2021,107360,B
9dfdbea3-a818-4c97-ba97-9c6fc31e2849,2021,107360,B
dafa62ff-0633-4f22-8659-1abf0c23f63a,2021,107360,B
d2c31158-6e0a-46c2-9dbf-6f9879782a71,2021,107360,B
10e19b42-9cb6-4c9e-9ae5-0101eb1ba493,2021,1265453,B
1741a27f-1199-41f2-a757-8062174b1962,2021,1265453,B
0d4cbd16-9381-4b99-89bd-64dc8f790961,2021,11730,B
e878d4a7-3c2a-4ed2-8187-b7f4a96da32f,2021,41238,B
a8e4436c-b913-4adc-a02b-4e33734dae0e,2021,41238,B
337a0307-287c-420b-8030-261685288708,2021,41238,B
df48346b-9178-4dd6-8204-de56b4543fad,2021,41238,B
47c93336-ce21-4547-a876-af89ec030936,2021,13446,B
bbe4a6ab-c534-4d72-bec2-8e1c4c804687,2021,13446,B
c8507350-e789-4587-9452-259ad68f4693,2021,13446,B
5ea24359-dd8b-4add-839f-cb755cbd41e6,2021,13446,B
23ada339-3739-40f7-a143-8162f5930d58,2021,13446,B
0d1b85ff-ae0e-445f-969d-03688bd79342,2021,13446,B
cbbe90a7-94a3-438d-91c3-bbd04162f5b4,2021,13446,B
8e68c711-1a65-4821-add2-995e81eddc5b,2021,13446,B
928a71d9-b5eb-4934-960e-46b6ec8c2181,2021,1148708,B
172f04a4-aaef-4f89-b5ee-f994f4dfe24c,2021,1148708,B
f6f3f69b-8485-44b9-a338-489944179a81,2021,1180773,B
49f5bbb8-a1ad-4b0c-b955-204ec83214ca,2021,1180773,B
4b43e16e-0bf2-4423-8bd1-db12a24b9e14,2021,13401,B
bdeb989a-8c3c-4f88-b613-f3a3378d405d,2021,9440,B
f24a9204-8708-4421-9930-8feca8f18b1f,2021,9440,B
41188182-7a56-4bc3-a688-24b1b94b2ee8,2021,1180773,B
0c13e5ac-c560-4b59-8973-50e4589aedde,2021,1180773,B
51ef7db1-eed6-4110-b5a1-b5fb10a6804d,2021,1180773,B
14a5a759-459c-4a6e-8426-7dbfaf036595,2021,1180773,B
a955c718-e1c2-4b9b-87f3-af0ee436ac00,2021,1180773,B
717bf56f-6c8c-4a90-91a7-127d7055de7c,2021,1180773,B
96ecfafb-29cf-42da-864f-3c121cfd5fbe,2021,106996,B
95ff556f-dfc5-4298-a262-424c6ac3dbbe,2021,1180773,B
5519dae1-fda1-475e-bd13-eb1d30c8458c,2021,1180773,B
dd3db757-3376-4813-878d-f71dc0283a03,2021,1180773,B
7c25fb29-98aa-4bea-8c95-07eb03364781,2021,1180773,B
4566e3d3-8701-4fb7-8626-2b4ceb0f8016,2021,19047,B
b66b9ea5-0d04-4f3c-8706-2c7fda418ce5,2021,19047,B
f92e8fcf-bdf0-4947-911d-f6854376690b,2021,1376181,B
598e1e16-a762-4116-9ff3-8f0e763bdf7b,2021,88084,B
a0b77385-71e5-4aba-8d69-22dd2712c75b,2021,88084,B
d81262e2-24c3-42ba-9f64-8a9abd2711ce,2021,1180773,B
296bd5ec-2690-422b-8bf3-af6699085abc,2021,1180773,B
23dcfd1e-2cf8-4f4f-8923-808efa298cb4,2021,1180773,B
0e3ede50-addb-420c-84ed-c9bdbfd60174,2021,1180773,B
b20aefbd-aee6-4501-b202-90fd64a36b6b,2021,1180773,B
192e99cf-92f4-4e4e-a006-fc1f91d53852,2021,1180773,B
b3a973a2-8f06-4784-815e-af98fbea3ea5,2021,1180773,B
cf1422ad-6f26-4513-8557-e6931a4f9228,2021,1180773,B
25d28373-7ac6-4f87-8a82-d63fb04c7539,2021,1180773,B
a4c756cc-24c2-4c5a-8568-7b7dcfc8baf9,2021,1180773,B
d2d83a00-ecc8-45a2-9cb8-e12a3bad8ede,2021,49054,B
21afa78f-cf2d-4049-805e-bf1694edd5fd,2021,1180773,B
d481f0c7-02bc-4534-8482-3f642d4e7a20,2021,1180773,B
922c36fb-3889-4a87-a4af-18179bab0915,2021,1180773,B
30e9293a-11f6-4d40-a758-4ef2e387bbfb,2021,1180773,B
f0abe6d1-4d31-4eaa-8400-aa2e2b206ed1,2021,1180773,B
7cb7d54c-c2db-4aec-aa32-e3f78f51a115,2021,73898,B
b9524858-c89b-4e6d-8963-cf80cebdb749,2021,73898,B
00eea222-a60b-43d0-b082-a40565279132,2021,1136142,B
1425266f-2ef2-4076-bd9e-e17543dc46c7,2021,1136142,B
dbcddc9e-e8b2-4220-90c8-d4dd697a81a6,2021,1136142,B
d4c198a7-157f-46c5-8492-3004779bd12f,2021,1136142,B
5b5171e4-1154-4f6b-82ca-7664ee21374c,2021,1136142,B
d86ca125-98ee-4b9f-aa0f-e1197a5fb4b9,2021,1136142,B
f7ee468e-0ae6-47a9-8a66-df9160ade3b0,2021,1136142,B
805ffb3c-39f1-4dbb-a207-f2b8120d0134,2021,1136142,B
5b47535b-eba5-46ad-84c6-a6389555a005,2021,1136142,B
528156a7-d65f-4d01-adf3-41596987ce5a,2021,1136142,B
4e9b50c8-c9af-44bd-8ba2-f57879cbb447,2021,1136142,B
58480ac2-d3b1-4578-9566-978626a9baf4,2021,73898,B
e817d535-d090-47af-bccd-fb7fa4f44b0e,2021,73898,B
9bd9b181-463b-43de-bcbd-5d4180e0980c,2021,73898,B
1cbcbd48-8ba2-447a-8dd2-5ce26aedbe44,2021,73898,B
ae44a432-811f-433d-93c3-e38c19e14c02,2021,73898,B
892e0538-7fa5-4929-9822-f4d6c96448e8,2021,1110857,B
45fddd98-e0fb-4d01-a621-cb8a3b23e0aa,2021,1110857,B
2abb6faa-744c-4f82-ba6d-d812616550d7,2021,1102628,B
8aa6c89f-6b73-4a1f-b2e6-0fe5f6ae34a7,2021,90030,B
5f875777-0f74-43d4-9f2f-bf8328c8daee,2021,1102628,B
aeb4e0b0-ce83-466c-b994-4b997631e838,2021,1102628,B
c35e7ce4-6ecb-4583-a333-6c6e12c14718,2021,1102628,B
0c2350bc-0bc9-4bab-9d60-813c252d9872,2021,1102628,B
56587c67-7514-436e-8779-be5665d78883,2021,1032473,B
02ac6828-5825-465c-807c-7f272d29cd8e,2021,1288839,B
f6ffb46c-8878-4f0a-ac26-4980e8e82029,2021,118420,B
057e7bc0-e130-42b3-9892-99156890dafc,2021,118420,B
44380d21-7afb-41b7-ac18-db715e63db33,2021,37862,B
bfddaeaf-b465-4468-ad53-4425c59aa2b6,2021,118420,B
b12156c1-e120-499a-89b8-5bc890133fad,2021,118420,B
0d91ad71-7ad6-4921-9aa9-9f004648e10a,2021,18267,B
d74a8501-845d-4241-a655-225ab8d75eaa,2021,113455,B
fdc25228-b049-4e67-bce0-3df8b6ff14ee,2021,113455,B
7d6fd60a-2965-4bc3-bc60-4b9027c86712,2021,113455,B
6902bc30-f699-45b2-a30f-1a79722b39f5,2021,113455,B
3989e7c2-91b9-41ec-9627-7f48d697587e,2021,113455,B
5f753b30-fbfb-4516-accb-6d03c4637d7a,2021,13401,B
cbef16f4-0892-4e06-8254-a0aaba1fa8b3,2021,1110857,B
016cd11f-ab79-406b-9083-ba71bbbc025d,2021,1110857,B
e47d9e1f-3ebb-4663-b193-5e2261e4d4bf,2021,1110857,B
86f68bca-2cea-44e2-bc5f-b4b770765483,2021,1110857,B
e9758ec9-a31e-456d-a445-530512a54eb8,2021,1110857,B
0824f506-9404-4d1f-8e64-0f05d1cbbbd0,2021,1110857,B
836d5312-caf0-401b-90ef-24c92c31678c,2021,1110857,B
98f27b42-1911-4107-8092-124da8d1b335,2021,1110857,B
e5cae1fa-e9fc-4b13-8be9-580e2ed7a4c1,2021,1110857,B
3321eb05-4325-41ee-9aad-ef3ce37898a7,2021,1270680,B
fa8effd7-922a-44c7-8c56-d95a327c17a6,2021,1270680,B
f3b392c8-2c91-4752-8b46-6a6614d71d96,2021,94762,B
d87c7d54-981d-4bca-85da-0fd7a022c255,2021,94762,B
ad21d72d-b4b3-47e3-829e-b0b654732473,2021,94762,B
06643b19-0295-43be-8e85-6a1cb0ba439f,2021,53342,B
bc0f2947-8297-4aeb-88fc-1555a0eab82a,2021,53342,B
78f1cb89-1e1e-4c4f-b047-24b2b63128a7,2021,101830,B
05032251-2cc2-4c2e-847d-39cc4ca01561,2021,1270680,B
483e9573-87cb-41a5-8fcd-39a8d334ee30,2021,1270680,B
528d5d10-38b5-4814-b46f-9653b354cbf6,2021,1270680,B
254adcf6-8918-44b9-8c8f-7dcfae37c26b,2021,1070485,B
04ef7234-d515-4586-beb6-650e95dea249,2021,1270680,B
01eb7b58-89e9-42cb-a289-3ac8757ea7ec,2021,11554,B
a66ce7ff-aae2-4bca-887e-519e624bb203,2021,20933,B
3ae3ae34-02be-483e-bf11-1cd4e702d2b9,2021,1070485,B
2e3a77a7-a62c-432b-a42e-1449874df8ee,2021,20009,B
673cdc41-bff4-4a68-981f-189369c971b4,2021,20009,B
cd24d826-f9d2-4321-a9df-ac679a853ac7,2021,20009,B
27355a54-2df8-43c6-a827-4e87af96bd6a,2021,20009,B
1bb49b8d-dc2c-4776-8543-6e1b0d20dbe6,2021,20009,B
472d73d8-53f8-428b-b5d7-b0b0a8cbbd83,2021,20009,B
acec3018-3d9f-4ffb-82c1-992984cdec52,2021,20009,B
9a5b9ee8-6d36-4451-a20e-b0be7f58be63,2021,20009,B
700ec1fa-c43d-48df-9bd2-1215b37fc63e,2021,20009,B
c1d06bde-b83b-4db1-8155-fc0421dce22b,2021,1306689,B
54f3e2db-ba7c-4ce1-a0c2-93c52b718a0c,2021,1306689,B
7a66a256-c3d2-4e9f-a69a-851856c55ef0,2021,1299927,B
aa9f5102-c442-4ee4-935b-d0993eb2acef,2021,1132918,B
c62ab8f8-4ee2-4ccc-94b4-fdb3dd3c3234,2021,1047907,B
76de787c-c3cd-46e5-8183-2187704374c3,2021,1047907,B
acc323a6-805a-4eda-a253-9450ce62829a,2021,1270680,B
b515a826-6c46-4b2d-8e98-6c43b064ca07,2021,12025,B
837202f4-a4c2-4893-a7e2-4553f32a983b,2021,12025,B
36682412-41a4-4452-8a2c-7797c92cf1ca,2021,12025,B
3f76fdb8-aeb7-49c1-b0f0-42045c690026,2021,12025,B
e1e900cf-5899-4a99-a770-f02b7accc716,2021,107422,B
daa764dd-1c4f-447c-9ad8-27e5fa42ac5d,2021,107422,B
72fd261f-be34-4d49-ab13-924d561ab2d2,2021,1376181,B
79d9d91c-8458-4cef-b006-54ca9d17c172,2021,13277,B
15f82af9-2cba-4fcc-a7d3-b228f01465c8,2021,13277,B
a4a77b81-0940-4d2c-bed8-e0e7a4224984,2021,13277,B
eebce154-970c-4edb-871d-b2d4fc65911d,2021,18250,B
df2e172c-a232-4089-bc5d-362c8b452a34,2021,18250,B
fea688f3-b1a9-49bd-897b-58231ff8f7e4,2021,18250,B
da062a9a-b95a-4ec3-a500-0b2a0d806bf8,2021,1204325,B
34a7d106-f191-4d8a-856e-4efc28be7253,2021,1204325,B
039394d4-7b6a-4010-a38f-e48d9c779f3b,2021,18250,B
e27221fa-d34e-40ea-a32b-cc4999f0a5c3,2021,18250,B
15859ece-a022-492a-9e00-57eba3699d06,2021,18250,B
359b7085-ed53-4d45-b017-44dd5474a5e7,2021,18250,B
36fe3987-59cf-4736-87ec-8082999728e8,2021,18250,B
92f3bd2e-bf67-4a1a-866c-127cbc1d5a1b,2021,18250,B
99b0b4be-09c5-417b-9f1e-4c73cbfb19c1,2021,18250,B
b75d70ff-2abb-4547-8220-994ac9376db3,2021,18250,B
3f8c4b02-6169-4c96-a4a8-62381d27feec,2021,18250,B
cf54d8fd-3050-4978-94f1-5f01c51fef47,2021,74737,B
bce9867c-7a2f-4d65-8816-ab985a2a580a,2021,87396,B
4640b831-2275-4568-9aa3-074a03b84fd4,2021,87396,B
fde082c5-e26b-4f33-94d5-41ec796659b4,2021,87396,B
734e3fd1-dc67-420e-9b2e-2d35b84b634c,2021,1118057,B
e7c7aa8d-15ad-469f-ae01-5927356725ac,2021,1042278,B
a51b731e-0109-4fd1-b85d-617f856d205f,2021,1042278,B
a76d82a5-a294-47b7-89d8-67cba478f4d1,2021,1042278,B
abf2e00f-889b-471f-b665-80de64631341,2021,37862,B
d019e78a-5631-429d-9d1c-4996078deec8,2021,37862,B
921c5dea-1309-4beb-abb2-e211c86e96e1,2021,22047,B
d2faa7d5-1536-4af7-88cd-df9f8655b40d,2021,113687,B
54388eee-38e6-4178-8517-5ced296e6409,2021,20030,B
4a6526b9-0055-4331-b7f8-5f38eaac26e9,2021,20030,B
6c8930f2-bc7b-4559-a9e4-4eab7be532a0,2021,56172,B
890ba5fa-8bc6-4021-8b18-16ee54f596fb,2021,56172,B
494429b4-1fee-4122-b381-af3d0d966270,2021,56172,B
58343a0a-30c3-4b63-ac22-5b0b6de6061c,2021,1108692,B
dd19a30f-e324-4614-a5a7-4696c5c77723,2021,1427745,B
367d4fba-39cc-498f-9d80-a9062103417b,2021,1427745,B
a8701b33-c3b9-4042-8ec1-7a85bf77be92,2021,1427745,B
5046633d-aa5e-4db6-9ae4-54b5ccb99342,2021,48205,B
783453d9-f6fd-416d-88cb-1601f631f2e1,2021,48205,B
47a4f184-0559-4806-82b1-9024d5d15542,2021,48205,B
09173460-4503-4013-bf7f-ca16e8b4d77f,2021,48205,B
b05fa5ed-e799-4f21-a387-d822c973c82c,2021,48205,B
69c9c1cf-4df4-45e0-bc30-21e51e723339,2021,9414,B
171ef4c0-efe3-42de-bdd9-f1b3d6498297,2021,1103723,B
85688d2d-4788-41cc-9081-cc0ec459e195,2021,47505,B
3d082e2d-8c89-4a67-899c-557e483115d8,2021,106996,B
24f32b92-7f85-48d5-b7fc-36d9b59efba2,2021,117532,B
dacad69d-80a5-4d41-ba52-9193ec5a5871,2021,98595,B
6481fe71-62d0-4987-b0b1-f385d008edf1,2021,117532,B
b12c4a2d-2f26-4956-8fa8-b899618b5d59,2021,117532,B
eb7e912f-a367-46ca-a2d8-7809836acc21,2021,117532,B
0a7d3f4f-41f0-4290-97e2-de7ba89a79dc,2021,117532,B
a68ad1fc-147c-4075-9bc6-1540105c3718,2021,117532,B
b79ee002-a4df-41cf-8814-24383b27156d,2021,117532,B
5ef9d6c9-8aad-411c-aedd-49e32e12fe38,2021,55777,B
b5c51171-9237-434b-ad04-6216e3a1cc55,2021,13401,B
0ad2e7b3-da0a-492a-8aa3-d65f9f2fb2b8,2021,98665,B
8bbd7f50-91eb-495e-80da-0f0e1cc38383,2021,117022,B
45b414f5-6f7d-4184-8ab9-6276693a63d2,2021,117022,B
c31d5d09-d0fd-411b-9e81-9404d4b677d3,2021,1300429,B
19eb9486-cc13-4cf2-99f9-4fb7ba889575,2021,106996,B
cec028a5-841d-4b77-9ce7-b73be9ec5bf4,2021,58808,B
6327419f-5778-43fe-9e08-327203e41dc1,2021,58808,B
8b5cf26b-e6a8-4cae-9bef-c6b59bd425d9,2021,58808,B
256bd40e-2abf-4e52-838d-0fa11913eb8c,2021,95175,B
b756cc2e-3c28-4d0b-897a-53758fad0d3d,2021,95175,B
d565e988-915a-4559-89da-155cc0b5b447,2021,95175,B
99a35c8b-f273-447c-9d61-2686d9ec1d12,2021,95175,B
36cf4fc0-d441-4869-a641-b26f4d00e384,2021,95175,B
5b338504-d989-47e9-8681-a74ea64bea4d,2021,95175,B
bf37a065-229e-4636-b8a7-95145f4ad9a8,2021,99820,B
6d1b2b02-c04f-4848-94e8-43e50a872490,2021,99820,B
9a091213-6ce7-4f34-8d2d-34d7098413dc,2021,20009,B
ec1e3f7c-f026-43b8-bbfb-a27df74c41bd,2021,20009,B
a2d82680-ff86-4b29-ad51-4dd6016a982c,2021,20009,B
e1e8138d-ffb4-4fd8-884f-86668856c1d6,2021,58808,B
2c4ea488-adb6-40d4-aac7-2eec7856e6c1,2021,20009,B
ac724fd7-3600-4c92-969c-7c078351ca42,2021,20009,B
7e023df8-ecb3-4b10-917e-e86e6434fb3f,2021,20009,B
d217ef82-f4b3-483f-a4d9-a77a217da40e,2021,99820,B
cc273748-9328-4a9a-a26b-72bc0b7fc601,2021,58808,B
0b806361-3782-4c52-92d8-be11b9069127,2021,73898,B
99b38880-5a94-416c-86a5-1fc941fef13d,2021,1203177,B
8bc1be9f-982c-4a56-a5d9-c0e41533ce9b,2021,1203177,B
3a4caca7-63c9-4926-aa5d-8efca1c658ae,2021,67092,B
54878676-1ffb-4895-a2e3-cb6fc3f62410,2021,67092,B
6de9bad0-43f3-48b6-8440-a98655bb21bc,2021,98595,B
ba4b158c-ae78-4a85-b744-fb0f3dfcf321,2021,98595,B
e84a2f73-0de7-4c4a-9467-f1b37150589e,2021,98595,B
cdc2543f-1d18-477d-9153-a1096de5e124,2021,98595,B
88210698-0c7e-4c9e-a81b-0d065ce62264,2021,1270680,B
c3ad0cfa-48e9-4a6c-abc8-b2ca0de88f63,2021,1270680,B
386eaafa-1b18-4aab-8c62-dd5c6c4e159c,2021,1322390,B
58ffc33b-f834-4a6f-bf54-6890a30fd229,2021,1322390,B
2a1b096d-9836-43d4-81d7-c791f981abbf,2021,1270680,B
879ddc41-09c7-4615-bea9-addcac0eb355,2021,20756,B
bc06e624-25b6-415e-93d0-499951fead59,2021,20756,B
655e6c84-c42f-477a-9456-f7939e7a9356,2021,12025,B
1e255e63-ca00-4756-8f6d-cf4fd4e8ce42,2021,12025,B
5b911df4-bc48-4568-a272-b033f1fbde9c,2021,12025,B
d0433807-0f2f-48d8-9aa2-225d818f29ad,2021,12025,B
5bdb3d4e-ba2d-4fc7-a387-c21fef4f9c91,2021,1101244,B
2e36bbc8-b6ef-43c7-a95b-9b5a84ddab55,2021,12025,B
dcb243f3-8ce2-47fc-970c-99decd368589,2021,12025,B
7d801911-dcab-4611-b06d-d4c3898d6544,2021,12025,B
0c6d8599-df97-4e7a-ab5b-bb8eb39172b7,2021,12025,B
c7aa0869-8047-4824-9458-75af72d06351,2021,12025,B
4676d548-1c49-49a2-a683-95c78ecab661,2021,12025,B
6f0c87e9-f207-4a39-bf14-8b27b18800fb,2021,12025,B
b583d319-250e-4b78-af58-ce4a1fc674f9,2021,12025,B
a144b437-3ee3-43f1-890a-0fdacdd33b25,2021,98595,B
3ab5bb25-aeb1-4ed0-90e7-6fa8def732cb,2021,12025,B
218ab6f2-a4ec-4e59-a714-7d5b44e455eb,2021,12025,B
05c48668-9d8d-423d-9e6c-9ecc9c003a84,2021,12025,B
a63fa956-f771-4470-bfa1-efd5827ac23f,2021,12025,B
9ba28094-7ece-486d-a6e4-131046366d7d,2021,20239,B
25478881-fb87-4fd6-a5bd-7a6a324154c3,2021,20239,B
ffef5c63-2af2-4f24-9716-7d5504c767b8,2021,20239,B
856de365-db43-4746-be89-eb65ee972f70,2021,20239,B
b14e1bd5-54dd-4256-93ac-4742123e8265,2021,20239,B
1d4bba1e-12a2-4f48-9e59-b7a8f588b3d5,2021,1190071,B
838df284-1ccd-4bec-bf4b-f6ad2795ab31,2021,1190071,B
3c0ce1ef-440b-471d-b9db-e947ae89bafc,2021,1101244,B
1b42c3de-8fd7-4145-b26e-096dd9765666,2021,1101244,B
0782f397-14b3-40cd-9575-7fcd58873872,2021,1270596,B
ef81edf3-8c2f-42ff-b79d-07e59454b71b,2021,1270596,B
4fb38ccd-33bb-4ec9-b830-24c1283f3091,2021,1270596,B
d91534f4-11c7-44e0-bbe6-711131b5d9ec,2021,12025,B
a889ca70-c92f-49d7-bb5e-31f16bb4f425,2021,12025,B
e456db8c-2f7e-4534-a647-f31a31445dea,2021,12025,B
c2bc70c8-f5ee-44b0-b09c-75b5927f6035,2021,12025,B
9f0b38eb-4124-4c89-8fc8-d072d3e88cca,2021,12025,B
18f6ac02-df81-4d86-86f8-d2146c47078a,2021,12025,B
8c88fe89-8de9-4776-85b7-807c00e46c72,2021,12025,B
bbfb218d-c975-4e62-a1cf-4907cc149d4f,2021,49071,B
dafdb8f9-7f7f-494c-bc86-820c7336e014,2021,49071,B
63511433-7d8d-4bfc-b431-52d4d2c0fdef,2021,49071,B
1e636df6-3f2a-4304-8a64-c98b4613ec00,2021,64664,B
4aa2a60c-5f01-4c1d-9eff-abfefeecf272,2021,1270680,B
f0f9bcc4-4667-4627-9b1d-be83498be415,2021,1270680,B
1a6938fa-3912-4b45-83e5-4461c1d771da,2021,12025,B
68dead00-b718-4870-b077-446efce71f8a,2021,12025,B
e1cde560-9ee6-4593-9177-91574c2052ce,2021,64664,B
16939313-8c2a-4877-a4f6-ac132acea14c,2021,1376131,B
a98fe2fc-40ff-40ff-a082-519b51219ca6,2021,64664,B
ce145b07-6401-4290-a0c9-ffcf0d73d702,2021,64664,B
a8bafb47-adf3-400d-b55d-089fc6cb7b90,2021,60886,B
1e8ae171-2d5d-4790-9621-38be9daad51d,2021,60886,B
a499d7c7-85b9-4223-a867-88d83fdfd38b,2021,60886,B
3860e081-c7f8-4bdf-af21-921718376abb,2021,60886,B
bcb75a10-57cf-458b-9b0d-7f8e38400979,2021,60886,B
ee8979f6-40b8-4d43-9123-620b14584a7b,2021,60886,B
5ccf8b44-0be5-4ca1-9cba-f1790d4630e4,2021,60886,B
bef8d40d-4e30-49c5-b62f-455c72690de8,2021,60886,B
9d2c8ade-aa7b-4087-abf5-0187b8d78ec7,2021,60886,B
26a7cf27-d4df-450a-a66f-7332d718f9ae,2021,60886,B
73e458ff-ff05-4057-81f9-f4b115022116,2021,60886,B
5f220a72-c993-461e-bf7b-919ced5c9aeb,2021,60886,B
f49f8768-77da-4078-a5eb-f564e200c917,2021,60886,B
0a47b7a8-487b-412e-8652-8b86ef4dc489,2021,60886,B
0e6e40db-7465-40fe-bb76-b86df4bc8f74,2021,60886,B
0943dcaf-f705-4d66-85cf-a19c0e2cd964,2021,60886,B
3ba9bca4-add6-4c2e-86b6-0c44a62351e6,2021,60886,B
13c64a98-4961-4f07-93ef-794ac07f6bbc,2021,60886,B
d6ba37f3-5b01-47c0-8033-84247926d99a,2021,60886,B
18ffb47c-5533-403b-9003-f7adc6798b7f,2021,60886,B
2e6df0c9-cfc4-4341-af9c-ade0593354a5,2021,60886,B
11a8fe64-b3b5-4034-93d5-dff896a6e70e,2021,60886,B
433cc2c4-df4c-4ecc-822d-8f3d7370f3aa,2021,60886,B
a49f566c-7c30-49be-956f-3cd95e120d87,2021,60886,B
466bb5df-60fa-470c-99c2-898bf7658167,2021,116770,B
d0d8da50-670d-422a-98bc-34687732b76a,2021,116770,B
375095cc-e862-4339-b8bc-6edc4f838218,2021,116770,B
4b9a3ec3-0b37-4fa5-b1b3-741231bfa4f0,2021,116770,B
e235d9eb-d468-49ed-af67-c014318ef4be,2021,116770,B
83d0c941-c732-4d0a-9ddc-cb8f59c640b5,2021,116770,B
02448057-6cd3-485f-ae95-c5a3340717dc,2021,116770,B
5888a6b8-9a20-49d5-bf29-cd7e11308941,2021,60886,B
401ad1f2-87c0-4bcf-8c53-fec48082e885,2021,60886,B
a2fba9ab-bada-4740-b423-850b62b0c518,2021,1270680,B
c6012158-921c-4425-a73e-54d7b7d0ce64,2021,1270680,B
92e16ede-fdd2-49ae-ada7-da0c844c912d,2021,1270680,B
a4cef2e8-76c5-40b6-83fa-36a9e37baeb6,2021,1270680,B
c9cea708-256e-45e8-8e0d-4921ad39e5b6,2021,1270680,B
abda70bd-717f-469c-95c4-42a043030ce5,2021,1139692,B
7b63e0cd-5698-4455-b1c3-a5ebb806b9ac,2021,1139692,B
fb3facae-4c89-4704-9f4b-c8a3e38263ce,2021,1139692,B
e5bd1024-2a04-4cbd-8b92-cec7b293eb7a,2021,1139692,B
1ecc1570-d4d8-4252-8ff8-07ce067635fb,2021,1422296,B
9d200b60-5826-4901-8824-36f1276e1649,2021,10515,B
fcd7fd12-0919-4e8f-bf74-ca994ea23e74,2021,106167,B
60c1769c-906f-4418-a25a-ab9dc2f3677b,2021,106167,B
0cb4eadd-f18a-401c-99ca-1cf864f11846,2021,10515,B
44dc62f9-ced0-44a7-8eab-b52a8cc96661,2021,13980,B
fb5b23d0-6a62-4c6c-9501-6b9bf2da89af,2021,13980,B
8690dea4-e2b4-493c-903d-ecf7af2ae104,2021,10515,B
f4fa9890-465e-42e2-9997-0c59d3f91cf0,2021,10515,B
1922422d-1728-40f6-a22a-a05515827218,2021,1330347,B
3f15ef6f-da25-4d04-866d-6fa830128c3a,2021,1330347,B
c2b5380d-97b1-4779-839b-0fdf654169ab,2021,1330347,B
780ea63e-9599-43be-8dd0-bdb18708e134,2021,46377,B
2784dab2-bcbb-4549-8235-597c9459c81a,2021,18671,B
e96fe098-1e8a-4378-bce6-3c18015af1a6,2021,12313,B
8c74160b-304f-445a-a7fc-fdc95731ea56,2021,12313,B
cb2359f8-1adc-4df5-9bd0-85ac8c0efe86,2021,12313,B
51c6571f-9a17-4251-a8ba-438f4abccc29,2021,12313,B
81424b84-5c6a-4ea1-a2f4-4b3f60499804,2021,5000951,B
6adf5016-e649-476a-b15c-5eb3d204c08e,2021,5000951,B
194b9fbe-a900-4d79-9c85-2aa153e365ee,2021,5000951,B
5c197da9-af2e-4176-bbc4-4af0051693ea,2021,5000951,B
49c0a720-5965-45ef-8231-47e40a01e889,2021,5000951,B
361c8fff-82b6-43c5-a410-4235a52c0da0,2021,5000951,B
f4101a10-3d43-4f62-8162-9b027d24426c,2021,1181115,B
5db2e657-b506-4e20-b1c1-1f600356bfbb,2021,1181115,B
a40694ec-1a70-4c9e-8b74-bdd1eba7ca78,2021,1181115,B
09170557-b753-4bea-9997-7e4e9c27b787,2021,113813,B
34eced1c-1cb5-4d85-b1dd-9aa1234a2589,2021,5000951,B
fdf6d2fc-23ad-44fa-8cf5-db628d9df66b,2021,106996,B
95a116ab-56d9-4e7e-9f92-99530b466627,2021,82364,B
f77356e4-3803-4c78-a1e4-e069dbc2d4fb,2021,82364,B
0a02b080-6b11-4aed-b8ca-0d76b1b200ea,2021,20009,B
c57d1560-8a25-4c2d-b4a1-54fe755d0467,2021,107920,B
a984ce2b-af5d-48b4-81cd-779e532edf08,2021,1270680,B
1130ee72-14a6-4f9d-b557-f69d4faf4a6d,2021,1300284,B
758ad59a-fc2b-42c7-936b-1aec50a40bce,2021,1376181,B
a8dccd92-796e-4c26-93e9-edfaf9c8deaf,2021,54934,B
bea38f62-871a-4472-ac7d-e7b1faac7af4,2021,1533190,B
0be713bf-2855-42c4-b65d-841e8802fbf6,2021,1306689,B
81c0dbee-6ade-45af-bf33-24012d014313,2021,1318224,B
ab191edd-3bd5-4cba-9306-74aef663a4d5,2021,1318224,B
03621b5f-10de-452a-8e75-038acb475c2f,2021,1047907,B
4a67b6e3-ae56-49d9-be82-e6baff5c99e9,2021,43664,B
62e46f18-5ec0-4a0b-aac2-b2bd523b4bad,2021,5000135,B
77d13ab4-31cb-4fbd-9a14-b685d543f346,2021,513,B
30046ee0-ee66-49a2-84a6-eb8133b89cd3,2021,43664,B
c9767c2d-5749-4732-aa1a-d1584c6a357f,2021,43664,B
969b3216-38fd-4606-92c9-af5eb6ce1d7f,2021,43664,B
c5864bb1-2527-4c45-92e5-8b694865da1e,2021,43664,B
211d31ef-68d3-47e7-8891-70dccc8045e2,2021,43664,B
eb37aa68-b640-43bb-ac4c-c42239288d2b,2021,2209,B
8c978e78-3801-464b-91ce-b728bd213e54,2021,2209,B
dbb2eff6-42e7-4de2-83af-ff8d41978357,2021,2209,B
ea04c627-176e-4592-a266-456ff28da995,2021,2209,B
20154a52-af99-4542-92e5-b87c998fb2f4,2021,2209,B
d8498d95-b4e8-40e1-8da7-85e3651d00d9,2021,2209,B
c5c7a3a8-b158-400d-a58b-24dc7213de75,2021,2209,B
131c781c-20d4-476d-9dc6-c8411ad86648,2021,2209,B
4b0a6c3a-3bac-4fde-bdf8-c0a251db9efe,2021,2209,B
1296a498-a8f4-493a-a965-449792c8c8b9,2021,2209,B
4a23ee43-e565-459a-af10-55f3ab9282ce,2021,2209,B
06b95bb6-56b4-48a1-b824-6366091b5f71,2021,2209,B
d9ea0798-60d3-470d-823f-c7e829727c9f,2021,94762,B
af429631-2fb2-44f2-902e-2c0a3b9956ee,2021,1047907,B
35d5c015-398f-4e28-8543-2d701c4002dd,2021,48675,B
76c92fa7-872f-4dd1-b415-32a983845489,2021,1042278,B
94af9c7e-f221-449b-b3ee-a68dc30607b0,2021,1042278,B
1f397193-ae1d-4161-8e43-89bce8a09a3d,2021,1042278,B
76b6ec4a-9198-447d-b51b-f1fdae1821fa,2021,67601,B
fe701525-c1be-48f1-89b0-4dd74168b9b1,2021,103062,B
0793414d-3bfa-4c5a-9cc6-31d5d82cf44a,2021,103062,B
7760a3bf-bfce-40dc-ab98-40e75aac255f,2021,103062,B
c4e84030-e471-4f40-881f-662b73772ad8,2021,1385488,B
f51b57f3-ed1d-44a3-9c1c-71fe9206d48b,2021,1385488,B
2ebbef4c-8ab2-48ac-bdb4-4cac32543016,2021,47051,B
cee7e863-dc07-468f-b28d-51b4ad0047f3,2021,18267,B
cb240f9d-293c-48a3-a269-5306cd3c4423,2021,22061,B
d4adca22-0793-47a4-9f04-e756df4c4711,2021,1161716,B
12e096c3-bef1-484b-81e2-1625b5dd71bc,2021,1385942,B
7c10a0f8-5643-48aa-8cb7-c8c5a7dcdccc,2021,88084,B
1b97d2c0-6bfa-4214-8249-8bff785e588d,2021,9425,B
14824886-5e14-4152-91ca-e7e4fd936114,2021,19047,B
a40fe713-f9a0-4c4d-9364-49a28965bafe,2021,12313,B
4e1d75f3-8144-4b14-ac63-1ae7cd6abf46,2021,49054,B
901b3f7f-39a9-432a-b07b-63dc82b842df,2021,49054,B
42c4d21b-6ae7-4082-87c4-491b30eed8cf,2021,1306689,B
578913f9-0ad9-4122-9e43-0e4429819ea2,2021,1306689,B
96873d36-b91f-4bf2-8e54-dbd587103484,2021,968,B
61a6413f-a1e6-4c32-b574-9a742ea7d6f0,2021,90030,B
f85fd0b1-2f2f-427f-bd12-1a0dc560421b,2021,317,B
c061b1f9-159e-43f3-97d0-d2e68cfc4ee4,2021,317,B
79f015fd-8be1-4c6c-b087-5e8f57c1c56b,2021,1102628,B
bf43d637-008b-4d24-9b95-6fdcfcb2a2a2,2021,13595,B
e143036b-be9e-4b6c-a454-d57e217be684,2021,968,B
b1c1127f-866d-4dd2-b354-f26ae0d3484d,2021,968,B
1bdd035e-1ff1-4399-bf4b-0646c4977a4e,2021,968,B
edcd364a-d999-40b0-bb03-a8b262ded41d,2021,55777,B
32d5327a-01d7-472b-a053-2e651386b535,2021,18683,B
64c37d53-5260-4b94-8de2-7b685a1ef3bc,2021,18683,B
d951b12e-24ea-4498-9e38-bc5c44738c3a,2021,18683,B
1f81e18e-14c5-4d6c-b5c3-dd03d62b4b53,2021,40343,B
3f0edbe2-74c9-4e1a-ad5e-650df8eb1d65,2021,50082,B
242832af-ae4c-406f-9a44-de3ce1a62c31,2021,5000951,B
59d471a3-603e-4c8a-aba6-9cab17a4e172,2021,5000951,B
2aa82146-5fc4-4e29-9423-715dc769dbb1,2021,20009,B
5eb4f832-1750-4f2b-8b54-706d2da7fdf7,2021,20009,B
c6d21139-50b9-47d9-a951-2e65e606c4da,2021,98595,B
d27ad943-cad6-401b-87bc-064b7029b7d4,2021,117532,B
80735a89-2f11-433c-b6b7-5e9282581598,2021,108660,B
193852c8-96da-42fa-94ae-2bcb5e13075d,2021,108660,B
6d0dfa4b-1f9f-4ab2-a3b5-a8235d835f69,2021,108660,B
0e343a19-5d64-4771-bd30-448a6468ec05,2021,108660,B
9f8ffaa4-f33e-47a3-8f81-b818203075dd,2021,108660,B
fe5486b5-d6d4-4c09-be17-f5a51ef52547,2021,108660,B
9f667930-6400-4f0f-be5c-79d2d35a5404,2021,108660,B
ac9e71e1-7eaa-4279-9bfd-47f1fe7ca680,2021,108660,B
79146a3c-1251-45fa-916d-b73eab77bdd1,2021,108660,B
468b42f9-9a80-42d9-8034-a3735cf36e01,2021,108660,B
c15b8fae-24e4-4b64-923b-c32ef3035e05,2021,108660,B
c6898a16-efa5-46f8-a016-b0abf225e9e3,2021,1117717,B
9af7daa0-a62b-4f79-9980-8d415328632d,2021,9425,B
b29468a2-8a0d-4332-9b7b-6c62b26ca8d0,2021,62484,B
c9d08c6a-7c90-4c09-987d-6d6f86af493b,2021,117532,B
b6122d99-28eb-4101-9b2f-5317aa2095d7,2021,58808,C
32029a02-1ba0-42e4-ae61-3e34e02e6064,2021,43664,C
68c23b82-eed1-450f-bc54-0112893afe61,2021,48205,C
8082a8d7-05a6-41dd-8ed4-4769ab238b76,2021,106996,C
e5650c0c-a671-4e97-992d-4d1ae7821ea5,2021,1190071,C
20a239e5-31b4-48b0-b475-5edb8d80655e,2021,48205,C
e0099b46-5561-44c2-9083-079fff1e5d00,2021,88084,C
ecaa05df-8833-4dae-b808-6a9f1beec4af,2021,48205,C
6eb518e8-b1b4-4944-a317-094ab8decd3b,2021,98764,C
3f0b2917-08cb-448f-baa7-d3100c17f6f7,2021,1300284,C
e8422667-8135-46ca-a260-ff66620b6b30,2021,106996,C
9ab00c7e-e3e7-411f-b873-d73305f2b062,2021,114616,C
2739cd18-f5c1-4726-b871-f868a3869c2e,2021,106996,C
aae9c158-be2d-4b6e-9d0b-1b2c6a7ee34c,2021,18267,C
5987c496-8be8-4a8c-a880-5a9aaabf8495,2021,107920,C
ceb19de4-74c1-4f06-9437-9aa7dc0fa5eb,2021,1376181,C
3e9d248a-b96b-4887-b8e2-c32eaa540584,2021,48205,C
67f14d8c-0059-4c70-9be2-af8cc641ff9d,2021,43664,C
951a0f1a-5d7e-4924-a9ae-7ad5320c36c0,2021,58808,C
4ba6e5f3-4066-4d1b-8499-643e63efa8e2,2021,108660,C
4ba01c63-e356-4c1d-ae80-8d830a8ca223,2021,106996,C
d2b9aca5-4832-4a39-8895-bd993ea1bf63,2021,106996,C
bde152ea-7fb2-4ac2-b61e-0c02978d7ef8,2021,13446,C
e63c4edd-944b-418f-9326-b5698a58e025,2021,9425,C
7f641167-49ef-4cf6-be08-7ab611d6ee7b,2021,19047,C
bf72021e-487b-4bf4-8d25-edf29d48d5f7,2021,95175,C
63e7f602-9b14-4a18-8c1b-e515e3c3de02,2021,1376181,C
d8fe50c6-63a1-4431-8b34-0d1b15e7b633,2021,74737,C
ece37bbe-f2b9-4373-bfac-662e37f3e031,2021,1322390,C
a6e71048-dcf6-4a80-b150-b9cd50cc8da3,2021,1190145,C
00cf562f-6a08-4680-b61d-44c4373647f7,2021,9425,C
fae13170-09ed-4137-bf50-4f749e16c67c,2021,1306689,C
2fc84f20-c11d-47fc-96e6-04cd48e5d612,2021,73140,C
1ed96395-c6f3-4d5b-9809-e4a8ffc2fdf5,2021,67601,C
2d97d2f3-260a-4aff-ae0f-b93ed0ef25ab,2021,49054,C
c7ed9cc3-5eda-47f1-bd54-25350fdb3941,2021,95175,C
9544db38-4520-4b9f-aef5-1cc2eb9c065c,2021,1427745,C
55c23769-a36a-4b03-aa98-565aa6a6a663,2021,1306689,C
8890562c-1352-4d72-b8ff-701e80618739,2021,1376181,C
0dca0150-1f88-44e7-9e1d-2d2406841e29,2021,1190071,C
7b91588a-17dc-4770-89ab-20fd63f74e33,2021,58808,C
c4607758-27c1-4ad4-a4e5-2d1e41db043a,2021,1403879,C
a2a91cab-9205-4407-bbc1-10fe44ee1255,2021,9414,C
c9062d87-2ce6-4e79-a827-49f21daf66d5,2021,5000135,C
b1ab88c4-b64a-4b56-bff8-841d80a66269,2021,1204325,C
dfedd5d4-2864-4065-8f8e-6e35ba988e1d,2021,107920,C
de523098-e5a7-4aa7-8e88-fb46e465093f,2021,1306689,C
8490f43e-04d5-4345-9205-6e4f27e664c3,2021,317,C
abfc7fb6-c826-49c6-8112-73730ce812e6,2021,1190071,C
a3a2401c-f327-4d8e-baff-5b08b13a35f4,2021,1270596,C
e2199346-f4bb-433a-a2ce-449cb964195a,2021,57612,C
037ded8e-a696-40f1-9385-45d7d6c0ea8a,2021,50981,C
f890326c-1546-42bf-816b-6262d5204eaa,2021,73140,C
b19e3325-9ff7-4b11-b342-6c8c1fa73cd2,2021,1427745,C
257d305a-b016-4bbe-b3f0-898401246e4f,2021,1187671,C
a0261253-7f93-411b-9218-0b13b1bd8d66,2021,968,C
5e93390f-be44-4935-ab9c-111b9fac107c,2021,1103723,C
ff91d670-41cf-4ef0-be59-1df58f105c95,2021,19047,C
3c0f9924-8eb0-46b8-8d91-b112511b2f3c,2021,1265453,C
2f7ba5df-f21d-4fdd-9740-ecb324372462,2021,22047,C
e30c99b4-1646-4da2-9639-c0507b756cbf,2021,1190071,C
593231d6-0212-4963-ba70-98bc8716e042,2021,1132918,C
93e0dda5-5525-4a66-bdaa-9ba61c30c821,2021,20030,C
24924641-2610-4eb9-ad91-0c4e9be54eda,2021,20030,C
b84f3356-7c96-40c3-9174-be50e4df2ba0,2021,98665,C
0362ff53-bdf0-48cc-b4f6-5135c5b87df0,2021,1108692,C
a760d2b6-1727-43e6-9054-12fdea2ece32,2021,317,C
76f2401c-d064-4456-98c0-b6023a319aa3,2021,47505,C
55baa573-c600-48ce-b48b-7f94ea44fcf3,2021,1181115,C
1bc4a4b7-52c6-415b-8ce1-0dcb05082f06,2021,95017,C
d3752e82-eabb-4c75-a4ce-e41633bb47a2,2021,48205,C
e4e3176a-bf8f-457a-b590-c8871bea4808,2021,106167,C
451bb91e-ecef-41b0-8bcf-932b84bd1f72,2021,18683,C
d19d7559-f1c9-4d49-8393-867a95f6c6d9,2021,106996,C
58ed2a8a-70a2-4317-b752-de8d6dbd7981,2021,1203177,C
42ce58ea-9e0f-4fe6-a5c2-59310cbe5ced,2021,101942,C
d4ba6329-77f0-42b7-bce3-c1659c13a503,2021,968,C
167df90d-2f46-4a75-b994-1c633a1ab695,2021,9425,C
0b20d729-7309-4ca3-a36b-3b96719d90da,2021,9414,C
4fadc9f2-00cd-4475-8945-297cfa58de40,2021,1351760,C
7c2b3a52-8a78-4d20-8131-700c84b21d6f,2021,101830,C
d6a1758c-ae40-476e-81e3-0043af19c5ca,2021,13446,C
bade242c-c71d-4bb9-9830-1a0276549f07,2021,9414,C
817d03c8-ecfe-409e-a695-a182878da201,2021,18559,C
0212d122-80d0-4dca-acf5-b9f2e63c9491,2021,19042,C
d74755da-bacf-416d-89f0-bdd5e66be662,2021,5000143,C
49da7929-5d65-47e1-8692-21e0aad5fac1,2021,101942,C
35f2b299-3339-4f8f-9f9b-65d2a3a9c6e9,2021,43664,C
79e2aa75-c1ee-47f4-9652-eb5f9901e121,2021,55777,C
aeff981d-9ec8-4228-81e2-bd5421ad372e,2021,118994,C
bb6d1dc4-6570-4dec-8c54-6b1fa73cfac5,2021,1136142,C
ae6007f9-bd2d-40f6-992f-e1513b25db2e,2021,1283028,C
94cedb26-ec84-4b95-b418-e399c44c79a5,2021,108660,C
949efd8e-fd7f-4f60-8788-1a8cb1d5f0d7,2021,13446,C
9b1598dc-a2cf-4ce4-9d91-423f4330a28e,2021,18903,C
6137a4b0-77f5-4e56-870a-b85ff204eb6f,2021,18558,C
726bda40-1642-4170-9122-f040d0218420,2021,113455,C
50adfb6d-122c-4281-a72c-51fd15fb7394,2021,108660,C
8c10a6f5-cac9-4018-bdb9-468e230ed50d,2021,94762,C
ae27c555-9b77-4c74-bb13-29142b4f255c,2021,1306689,C
3b560a32-fc06-4aed-ab33-06055a235efb,2021,1118057,C
7dfc1c6b-503b-42e6-9374-eb20e4a88f6d,2021,107360,C
5a372ed4-a441-4339-aada-91bd5627a520,2021,1204325,C
43a128e5-6a62-4a95-85e5-9221bbb52112,2021,11452,C
d135026d-fc70-4a1d-b815-162ce1ffc8a9,2021,1314243,C
5d557367-f126-400b-87ed-d7815430aa92,2021,98305,C
62696dfa-f3a6-49e6-b1fc-eab9a5eb8f3f,2021,106167,C
a8d2f4d5-284f-4dcb-a8fb-612e4b85de12,2021,108660,C
5e90ddbd-ae9b-4985-ad46-825271130330,2021,48205,C
99fc714b-0877-4000-828e-7647c37256e6,2021,107360,C
521e1847-45d3-4a29-af0a-5a53a332c6d0,2021,113455,C
80e07b86-3b18-425b-9b95-f27f3a0ee1f3,2021,1148708,C
8c8f7717-e689-483e-b0c0-4374c6fba7f3,2021,103062,C
f362e3a2-f1e9-4a43-a8af-706955d65982,2021,98764,C
9c471098-eafc-4fc9-b48d-0751a8ff7cde,2021,1108692,C
fe6a640a-105d-45a5-aeb4-32f4c966cbc9,2021,5000135,C
64a04576-5866-49c0-b2d7-39f330b7c69a,2021,1136142,C
290f8eca-d73e-4205-b4e9-ce0d5e6370fd,2021,86326,C
ddb63435-4baf-4926-b7aa-8d0619f9212a,2021,317,C
65a3d731-f497-4b4d-92eb-c29f90a4f699,2021,56172,C
410218c1-ab7c-467a-b469-1ed1aab7285e,2021,117022,C
4ecc1603-7ac5-4c62-b274-fa08698eb8ef,2021,1267543,C
fbd5757d-0d27-4b24-b10c-e7df178a8a52,2021,101830,C
bfc3721a-e19a-4a85-abac-565d417f8f8c,2021,1132918,C
e981de3c-c29b-4a90-97db-f9c2b09c689d,2021,18683,C
fe95c3a9-f3cb-4953-a2e6-a287f6c81b33,2021,98595,C
39a04c15-c698-4c3d-8dbc-6fa5bbefe5e9,2021,13446,C
e1f77322-77ad-49aa-a631-e0619f13967d,2021,101830,C
f540a4a0-d8a2-445a-972d-832607923fc6,2021,1103723,C
0431790c-56ed-48e3-b41d-bc85bdc8a097,2021,1103723,C
1d5236ff-1b64-4bbf-ae2a-aa04080d30df,2021,107422,C
2f1c5cab-c528-4209-8e64-fb295554a5d2,2021,1376181,C
bf7a254a-da3d-485b-a825-e9b2d0d8927b,2021,112086,C
910f8d18-0a71-48de-bae7-73ed3f3cebfd,2021,18584,C
c18ab460-b786-4991-8d71-c6c3323fee26,2021,2209,C
4335416e-2e06-47e7-be4a-79d7c2658010,2021,1136142,C
a2cfbcfb-1599-43e5-8d8e-f6c64e1c0144,2021,94762,C
b9561d20-0427-4308-a9a4-702a5ed04a2f,2021,20933,C
bb70d53c-2318-4c4e-9067-51ea6b9f1d2f,2021,1181327,C
c099628d-66df-4df1-b081-dfd21dee2d69,2021,9414,C
c8207a07-de37-4fc5-b3d4-f420eada99f7,2021,18584,C
ef0cbe01-98ea-4582-b3f3-edf9309437b2,2021,13401,C
9d4c4826-d313-4f1d-9430-a0d5958956b2,2021,1272079,C
d0899b84-d88f-4897-83ad-7d93d7c65b76,2021,101942,C
965505df-b32c-4621-b3e9-cf0a9ada560a,2021,107360,C
16b4ebdd-1cf9-4b7f-9d15-9b971c3c42ff,2021,317,C
97e692a2-e111-4ea5-8954-f22c306c8406,2021,18683,C
95b63e31-3159-4384-841c-e03103adc5f2,2021,50981,C
4d4fdc04-cf8d-4140-a668-b56c555ca025,2021,9440,C
1b1e6618-964b-4e1c-9e03-27e2c5c3250b,2021,47051,C
b5fb946a-2415-4fe3-9c87-37af059ab77b,2021,13277,C
a3475cd6-5e45-4164-9c75-66e27eff8dce,2021,18559,C
9986f041-e5c9-44a5-9ddd-18db7638912f,2021,1204325,C
63519907-6128-48c9-b728-ad1c2ddc31b0,2021,1267543,C
2793ba85-f719-4a4d-bfae-010063160f17,2021,94762,C
342559fd-e6c8-4d6c-900c-7bbdeb9e6421,2021,317,C
fd1c8235-5ad6-4c78-9140-c77e85c2fe89,2021,1136142,C
f7737aea-07cf-4c2a-9f05-05fb4f429945,2021,55777,C
63fcfe49-06d2-41fe-bf80-e95909bfd0ef,2021,1136142,C
9c8f3b71-924e-48fc-b0da-df9f34c3fd84,2021,13277,C
810ed8ec-7402-45ab-8aa2-b49631df987a,2021,87396,C
567468d0-ed93-4e80-b377-d237cf84eb26,2021,95175,C
edcf1061-acbb-4ded-8fce-ada98d765e62,2021,46377,C
c9eda4b2-e2db-4ed4-853f-9abe75bf73b2,2021,1102628,C
5a93b6de-62d8-48ee-8d81-b255bf9062f4,2021,117022,C
1e7537d7-d793-4a58-bfc8-50b619f1315e,2021,1330347,C
75ca4bfa-064d-494e-942a-175c83a1babf,2021,5000143,C
87a46bd3-4072-4e38-9bb5-6b0432f9ebb0,2021,18584,C
a4cd2dc0-3237-43e5-a9bd-5fc65ed0b9d7,2021,48675,C
e5cef996-c89f-4be7-b213-af573c90fd6e,2021,49054,C
7ab3b4ca-2492-4c1c-9755-b212e4b5e399,2021,19047,C
70336c6d-f615-4678-98b5-abd200c0052a,2021,118468,C
2011ce6d-4914-4c91-83a0-f4c7a83a600e,2021,94762,C
8d6168a9-b4b0-4415-ab69-f88f7fa3f25a,2021,18903,C
d8c559e7-128d-478c-a1d0-9cd6d4e394db,2021,317,C
6df8d654-c26f-4cdf-8406-bf6186667daa,2021,5000135,C
befb2250-4ecb-456a-a739-aae07a57759f,2021,18671,C
955399b7-1cdb-4c82-8a26-2588fd69fd2a,2021,1132918,C
ca673b1e-dd7c-4938-abf3-7d463f2786bc,2021,1330347,C
19fd355b-7373-4934-930c-2d50806ade7a,2021,13595,C
37c3877b-2cdb-4f81-b48e-ef897ce9e34f,2021,48675,C
5dc9a99c-06c7-4e91-b8d3-a44f674e132c,2021,1070485,C
eb779753-98df-4454-9285-cc4ff2695c39,2021,13446,C
d10b0e10-67e0-4417-a8e7-cbc168a64434,2021,5000135,C
025de454-d7b3-4ed3-b7f7-3ba0ac5e878b,2021,95017,C
7a3863c0-daa5-4ac1-8662-5848dc165bd8,2021,18584,C
74202f7b-ae26-4cb5-8ffc-6808a13b2863,2021,116770,C
c4996713-b409-46a5-a836-37778eb06b4b,2021,13401,C
baa1793e-251b-46a2-8f42-c42be98d87f1,2021,107360,C
07da8e32-3b82-429d-bd4d-8277651d634c,2021,1108692,C
909284a4-b265-4466-9941-102cb2e317eb,2021,13595,C
7f53a3dd-c840-47ed-90a4-59adf659fe45,2021,1136142,C
79941c5f-5886-4152-ba57-5bbaf47f318b,2021,1103723,C
051c2ded-818d-49e0-951b-0adc0929062d,2021,11452,C
155d25d1-c948-47c2-8005-78c6e3c21168,2021,54934,C
f845d9f6-852e-40df-8d59-22c7a353784c,2021,5000135,C
c240c4ed-14bf-4e48-aefa-43096ad2ccf1,2021,11452,C
f116642c-d137-4bef-aa5b-f2290ee2279b,2021,513,C
21dab451-6c7c-4220-9ded-a83f9dc4c947,2021,106167,C
5f4c3e57-2498-4946-bbc8-f2d661181a2b,2021,1267543,C
33618b7d-b2ff-4a93-9501-2a6eac6914bc,2021,64664,C
f8e8ba8b-5314-4d10-9274-7489bb5b22f3,2021,118420,C
1820e05f-2473-4a69-a86f-3e8d90eec6a8,2021,5000135,C
e3c51b1f-40ab-4cf1-8ff3-32a816ffffff,2021,13595,C
1497ffb4-1192-41a1-98cd-03bc31b438cc,2021,13595,C
69c559db-c1c0-4433-8939-084256f4f8c7,2021,98595,C
13f0e8f8-3327-4c5c-a9a5-257d5d3bac7a,2021,54934,C
3caeaa3a-d8e4-4677-8052-e1e94160d1f5,2021,1132918,C
832e0ae1-5b7b-4ab3-bd0f-316b8da025c1,2021,19047,C
7b572b2b-a2f2-4096-a5f0-b01b817c6736,2021,97778,C
2cd8f23a-db03-4985-8b43-3240e73aaa1e,2021,22047,C
584a0ac6-f6e2-4490-aa72-2e516c56b340,2021,19042,C
9f61f392-b43c-4094-a581-8b971480d48f,2021,107360,C
63b9c95d-573c-43ce-bc63-be6dbfce34f5,2021,1272079,C
d9e1831d-4390-4646-8767-e76378a8ddac,2021,968,C
b239b0ff-f0f7-420f-bbae-386a30b6d9de,2021,13446,C
a4ed8fc3-af49-4d4f-9a8b-63babf9a6990,2021,116770,C
29698e96-0030-4581-8501-37480b5879f4,2021,12313,C
bbc9eae6-a4c0-4300-ae01-6c8f913530ca,2021,1299927,C
42d92538-d815-479c-bd63-aa8dad81d6e0,2021,1136142,C
492e83da-55f5-44bd-b7e5-6478ffc8ecbc,2021,1113582,C
f654cca1-f523-406d-bb9c-f6bb1e56d148,2021,1113582,C
5638a0cf-a4ac-47f5-838b-8bc31bd1f68b,2021,1113582,C
2e0805eb-3327-4d4f-a173-76c70ddeb319,2021,1113582,C
a936e33f-ea98-4d0b-8482-cdc0de6b789e,2021,1113582,C
d4d6a6b2-ccfe-4ca1-a898-53924cd6ce81,2021,1113582,C
01776d37-2f4d-4353-a84e-48cf42ff714f,2021,1113582,C
f77a50f5-52ec-4579-98ae-6bb7f6e22335,2021,513,C
03ba939d-ee9c-4646-9645-9e28fbc90b03,2021,1113582,C
d7a30c8c-848d-430d-8950-60e6ff0e561e,2021,86318,C
47db39ba-3a7a-4991-99a4-2d8c85cac9ae,2021,5000143,C
588c5fb9-65d8-4d8c-a88d-4fc1aba65182,2021,5000143,C
b14ed4d7-88c2-4aed-9134-020d1ac90d9a,2021,1103723,C
453f97a2-1bdd-43bc-87ba-87f99c5dd8b1,2021,86318,C
8324322c-28eb-47f7-a70e-d07af07e6595,2021,86318,C
a1c83939-9ee0-40c1-89b9-e2138570380e,2021,1103723,C
fa1741ab-1487-440b-b110-0fd9ceab383d,2021,1103723,C
a505da80-fd39-4592-bae0-9453df2f678a,2021,1103723,C
c9977085-a6af-4231-83dc-b4a140b03e48,2021,1103723,C
fc1a7713-aec0-4837-8292-887d3fef9390,2021,73898,C
1c4f0064-bd85-4812-9071-72f660e29815,2021,1351760,C
2eac4f63-9ed8-48fd-bf30-d9a309bbe720,2021,107360,C
ebd63f3f-99d9-487b-8d6f-249c3cd20d70,2021,11730,C
598df8b4-9dbe-4478-b433-c5abd3ff452b,2021,9440,C
385e59e1-e984-4cbd-a6be-4696685797fe,2021,1180773,C
dd779d41-24a3-4387-bb55-7b6f0fd7244b,2021,1136142,C
33b3b51b-685c-4322-998d-780db81c1d96,2021,1110857,C
b4a2f21f-4ef3-45db-9559-85c93c7950ca,2021,13401,C
2f9d687e-7329-44bb-ae22-03c702adb7e1,2021,1110857,C
198e9216-8a94-4fae-9661-bcf046ba89d5,2021,1110857,C
884f09d9-8fc8-4dfa-86bf-7436bb9d1233,2021,20009,C
9a63d128-8ca6-40b7-85ed-571f73eaaafd,2021,12025,C
e8d36aba-6829-4119-90cd-b4786d3bb62b,2021,74737,C
8ceeffd7-ab25-41f8-b350-9465096aa8a8,2021,1376181,C
a94c6f7d-7cb2-4baf-9fa0-5f80a3c2e9f7,2021,1042278,C
d2f4aae1-8863-4e91-861f-305aa8455403,2021,59122,C
6dbb68e9-0d68-4f64-b862-129c214c9fc3,2021,1108692,C
c1cefe41-e539-45b8-b4d6-789b06676e25,2021,1427745,C
eb7dfdc2-48a3-4a11-b356-39000ef2ef94,2021,1314243,C
169a0cf6-990e-41e8-b65b-b60ea835c1e8,2021,106996,C
379357f1-00ab-412c-8e56-6ab4d3fdee89,2021,117532,C
3a7cbcb2-7e16-48ae-91fd-e334c46f6f4f,2021,114616,C
8964a57b-811d-46fa-9dad-498dc8ebf14e,2021,95175,C
7ceb62f0-6551-44bc-8a86-ce2932b08e86,2021,99820,C
ae40a4b4-99fd-4324-ab0f-8ab06a13833c,2021,5000135,C
e4e94918-1c79-4733-a9b6-36056dfeb300,2021,1322390,C
cebe43c7-10ca-4688-939d-a5c33cb52749,2021,12025,C
1f9c3adc-2cad-4b8e-896f-43c0d2153ae2,2021,1270596,C
7f20745e-5ad8-4faf-b474-0fa2ff3496de,2021,60886,C
32a4cae8-4a6d-48b0-a481-5a655d37716c,2021,106167,C
b8dd45b8-6f95-48b0-8913-13909ec1135b,2021,1166783,C
d7fd61e7-b982-408c-891d-a577945404fc,2021,1330347,C
8ff47b62-36db-4239-ab46-78d63dc288cc,2021,107920,C
b8eb1c55-4be9-4861-8fe1-7777a313ddd4,2021,1306689,C
96f46e0a-cb9d-4903-b7d4-20e5a1b6980c,2021,1103723,C
2d0c4ae4-e1eb-4117-80b6-dc759cd9fc22,2021,18250,C
aaf0fe3f-ec6a-4532-9d7b-f2e7e6b56864,2021,108660,C
f1bf5b73-21d7-4949-9f27-6711f9328109,2021,62484,C
4d61a6f3-5244-4162-8c41-fa131dc00d4f,2021,62484,C
74eaac7c-48f6-41f5-96aa-cf2911f876b6,2021,968,D
8e949893-7dc4-484a-82c6-54bb0a80ab30,2021,18584,D
ffd35677-0ffd-429e-8ab2-50c68c1c5071,2021,1190071,D
a31f04a7-a534-4691-bd2b-04ae9e445b1a,2021,1265453,D
9710ec9c-0935-496d-b5c2-b8c968547e11,2021,968,D
c8010dca-cf3b-43d6-a1a2-baf2614595ec,2021,43664,D
39c81c2d-8b88-44d3-838d-12d0e35970b5,2021,48205,D
0b07ec84-b3cc-4291-bb85-007b8c7cc44b,2021,1299927,D
f003ef3f-3b92-4d17-b808-b5e0104a94e6,2021,48205,D
ef5e9991-e96d-470d-beac-5cf650eb3dba,2021,1427745,D
3c80a4fc-033c-4d9c-ab49-8561215c770e,2021,106996,D
83f965bc-590d-4d60-ace8-b261deebb61c,2021,5000135,D
844a6757-5125-46d0-b036-2929fe00ce3f,2021,1314243,D
085e1613-f575-4b53-b48b-80540f627944,2021,1181115,D
c4ee1642-c938-4d9b-940d-45c5dcaadfa1,2021,106996,D
f25b50d3-d21f-4a64-a84e-de1309b8fbcd,2021,95175,D
e5fb60e3-f1aa-47cb-b935-801c4fbedea1,2021,1322665,D
3d23a722-39de-473a-a2de-9ebc758242f9,2021,1070485,D
8c38a415-f543-4d0c-abe0-8e11f1099a0f,2021,37862,D
2427c776-fe37-421d-bd8d-81fa43a9de7d,2021,1190071,D
537b95e7-3d1b-4454-b5f5-88c4814671a4,2021,48205,D
ff2434c2-1835-46cb-adfe-3412e23a0f7b,2021,95175,D
61a26f36-59ba-4a23-b59b-5e8ac6d9f98f,2021,99820,D
6c70e62f-24fc-409e-983f-5a84e22a78a3,2021,18584,D
a4bf5f5f-4d9d-4030-8c09-adec7d8af015,2021,95017,D
1457977a-af43-412d-a0bc-bc644be18162,2021,1181115,D
87561685-a2aa-44e2-8e44-800a1a7e091e,2021,97778,D
6ae5f7ab-6616-4bc4-9bc8-32c32319a3c4,2021,98595,D
4f84602b-c3f1-4ae2-9f87-3fa41b13605d,2021,108660,D
382f0767-ff14-479a-9daa-86b229aa5291,2021,1318224,D
51285b60-e677-41b4-a79f-81e79e307da7,2021,1187671,D
2d047a66-34ce-405c-9d91-52d9415ad46f,2021,40343,D
f93a989a-9926-4630-9b43-14789a002301,2021,1322665,D
40fa97b8-0b24-4f0a-b7e3-4f512725753d,2021,513,D
2cd960df-8733-4f9d-b25c-f99bbae64ff2,2021,1288839,D
d0165438-dc87-400d-84fe-f7ff2922b6af,2021,9440,D
1c1bcca8-d725-42dc-8ed9-f1c7575b3aa1,2021,1299927,D
f5278cbb-32a3-4e00-8c53-3fecd1541e76,2021,1318224,D
b7c69317-6bc5-4503-be08-11842aa88eb7,2021,1270596,D
6799fe7d-afa4-43c8-b6f0-b8a2aa478299,2021,513,D
275ca22d-73e7-40de-9bf0-e6a5aaa2e3fc,2021,1136142,D
e9fa68e9-da63-404f-9864-8db2dff433f5,2021,13980,D
fedf611e-ca6d-46ae-b185-f32823a9c185,2021,19047,D
dbec396d-bafc-44a0-b694-ed52ff1404aa,2021,18584,D
2dba1666-8295-4f69-b2a3-357e65b7ce49,2021,95017,D
2937fe06-ecab-499f-8529-44a06e79093c,2021,112086,D
fa220a90-8088-4898-b29c-6a8f48213bee,2021,1181327,D
b1b8e20a-4cdb-4c11-bb20-fa4e130454f2,2021,19047,D
f75e3af1-3e30-40a5-b45c-1ba9841170cd,2021,13446,D
22ed751d-15e7-416f-bb1a-ac9c0a77eb73,2021,101942,D
4f3a4429-5be5-4f8a-9df0-6561f1914519,2021,1204325,D
ec731ea4-4a8f-4785-9fb8-717716b11e16,2021,18584,D
cd10ac94-0ae4-4434-b64f-78ab2db233e3,2021,1187671,D
47546787-d4b8-4cbc-8f34-1aaaa713c025,2021,95175,D
74e59f3e-9ea0-421c-95c8-34dd6a1c0880,2021,107360,D
ab2e346e-3966-4a87-9877-638adfe139ac,2021,1108692,D
ed39f699-e41e-4393-9f3c-ff1f3d73587a,2021,106167,D
c24bb00b-ddf0-41ea-a52f-c60d433386c9,2021,64664,D
339859b3-282d-480b-a3f1-06795c4759d0,2021,13216,D
2fd18c9d-128e-4554-b1c7-96796228ffab,2021,47069,D
13c4fac2-6b15-483b-b39b-b0f01d1bb7fb,2021,98013,D
1ea8d15e-0223-429e-9c1a-1c212d8a0405,2021,5000135,D
64f53f48-d8d2-4b61-9aaa-91f6a679a1d8,2021,106996,D
0cfc482a-9f5b-4756-b577-8a878d4d0b17,2021,55777,D
42957056-4047-4d74-ac90-3df70729071e,2021,106167,D
2155e85d-d845-46d6-b85f-35f082d97606,2021,13595,D
43f7e9b3-8225-4c6d-b4bb-770811691fa0,2021,2209,D
3cd6731d-f662-4058-9baa-7949b28bad0c,2021,95017,D
ffcdcf28-3324-41fd-babe-756073fc4fcf,2021,95175,D
570de04f-3c15-4d8c-810d-b7047f8aaa5b,2021,18584,D
e295f668-abc0-41e7-a86e-88de0f14af04,2021,5000143,D
b3addddb-d4eb-4f40-b74d-413fcb3af98d,2021,1306689,D
e9c91812-14ec-450c-afe4-71721e81bdcd,2021,103062,D
d5f3abe1-ce31-489f-b177-ff56ecce9b87,2021,318882,D
683a971b-f0ee-4169-ad78-ac59c3b03211,2021,13401,D
a6a4c276-b01d-462a-b6a1-73a6c11ee276,2021,1118057,D
26ce3485-63b8-4a82-9d97-8b01fa257533,2021,1118057,D
b835acc4-ae97-4c96-b166-7c031224baa9,2021,17898,D
15189c4a-08bd-415a-81d7-16b93d0b101b,2021,21464,D
e97596e5-bf4f-4f5b-84c2-0dc311fa6cbd,2021,13401,D
ed6e1bae-c442-488a-b11b-d151645a7c4d,2021,13446,D
0e1c62ef-8d5b-4699-8abb-ea68ef08e42e,2021,1070485,D
faa1a6e0-1bdd-48da-982f-8d13d7527180,2021,19047,D
0191e9be-5e9d-4d57-b32d-66747f3b003d,2021,1102628,D
adddb479-7a4c-4ebe-a27a-73bdb93a2a19,2021,1322665,D
cb98e7b1-fd1f-447e-9911-05bf1ae861c9,2021,1136142,D
6aab5df6-a3a0-4792-a49d-993982d0bc17,2021,1102628,D
1365d2ae-7d11-4f89-9b7d-79239fe683bb,2021,47069,D
65729bb1-4275-4f30-9384-6ba260905ed5,2021,1118057,D
fe2d3762-ec79-41cb-9be7-17ea7ba4c48c,2021,5000143,D
eaca4dd2-804a-49d2-bc1e-1da83e1c2b46,2021,1351760,D
e475d32c-3521-48e2-a166-9598e1a1d740,2021,1314243,D
38699247-3a60-4d1b-932e-ede1a2face1d,2021,1330347,D
181f3888-a999-4baa-85d4-cacb6b7aafef,2021,1148708,D
8a1206b7-769b-498a-90dd-db5fd32b7fdf,2021,5000135,D
9a2d3952-67ce-4cf4-82fa-842698a219a2,2021,59122,D
2bb154f5-fda5-42c6-856b-f044109a2e55,2021,118420,D
d91e5e44-3664-4dfb-92ec-80c310da9522,2021,1136142,D
8d6027f0-ed9d-4fa7-9af2-2a2ea62f7b65,2021,59122,D
594f1709-ae4f-4bdd-bdbd-26088fa836cb,2021,88068,D
fee7035e-fac5-4340-a3e8-f45790f7523e,2021,20239,D
487d44cf-b7d6-4407-b8ad-4184a1ede6ad,2021,101942,D
cef5e139-60c8-4f42-8b8b-07f24bf24848,2021,47069,D
ca09deff-e0c1-4564-9447-4c3461f74192,2021,1161716,D
15405cf7-04bb-4966-a761-f556a00c5639,2021,1118057,D
ea08b517-7639-47cd-8370-ccc4511f768d,2021,86326,D
57568a5c-f1be-480d-8701-fdf2191cc9b3,2021,118420,D
df7150a0-488f-410e-8ecb-fbe64301bb4f,2021,40343,D
610660cd-67bb-4e2d-85c6-96621c5b444b,2021,20030,D
ebadf274-a69b-42c0-a7a9-64b15230f19b,2021,13446,D
f1b30f06-0579-4afd-be15-02f860f9b901,2021,1190071,D
dfa2b4ae-f27c-45ee-a40f-ca52c86f5be9,2021,1181115,D
93926868-18df-47c8-b365-7e073db9be56,2021,98595,D
afb96cc0-7051-49f7-9b1e-c11ed8d66527,2021,13401,D
9efe8ce0-8bd9-4c62-a93b-14178446c93b,2021,106167,D
5eaf20e7-2e43-4760-92d2-9536322b97f8,2021,118420,D
6bbe6426-9e02-4f72-b013-bc7d05e09c5c,2021,9414,D
35a16583-f4d9-46cd-a5b6-96eb0a1a8563,2021,12313,D
c7237e33-3a31-4ab9-8cd4-f9b5b29b7205,2021,2209,D
a4ed3c46-55b5-4dcb-a84b-b2eb0a0901be,2021,5000135,D
416b2b06-6b85-41de-a491-82b82eaf6e80,2021,62484,D
28225daa-8fed-479d-8fc2-269a552fe049,2021,97443,D
3243805a-c824-43f4-b132-7d5cd74dd692,2021,21464,D
5a89c80b-5ff4-46a7-96f4-48da29354845,2021,95017,D
aed8c9e8-aa06-4dc8-b1af-e85d26717bde,2021,5000135,D
62905b04-dc89-4eff-8c8a-01657f3c39c3,2021,1269545,D
03254c2b-4b14-4b3f-9a94-ba1d98b9537a,2021,62484,D
bc2da180-78e6-4e88-be79-90d76613b71f,2021,90030,D
5bd5239e-926e-497a-b804-d9ddacdcad68,2021,2209,D
1950dac6-d9a7-480a-b09f-32d6b4a1e266,2021,1288839,D
f116623d-a217-4852-8a92-feda53ae85bd,2021,2209,D
513281bc-cceb-47e0-b051-68ef11afa877,2021,1314243,D
5c39b435-e35f-4e1c-9e91-fab5c8cc6330,2021,94762,D
d822db4b-3778-4524-97a7-9519dc5dde73,2021,114616,D
fd66c887-2ab7-4bc3-a8cb-0a7ad0a1d3d7,2021,62484,D
27b49dda-08e2-4563-9053-9aab5a12d714,2021,513,D
116e9218-9164-4a08-87c7-70b6890a5b1b,2021,13277,D
32c0d471-6f21-4a5d-be75-013b026d7b16,2021,13595,D
68956294-37f6-454f-bd85-81f342fa7d06,2021,1113582,D
f846648b-bfe8-4afa-80da-f77b9469ec07,2021,1113582,D
087311ff-fe22-4cf5-a92b-222e7cbcc806,2021,1113582,D
7e9a3b79-6ccd-40ed-8e57-16ed91353f4b,2021,99820,D
57c43be7-3178-4d4d-b71b-382fb48fd3cb,2021,86318,D
7e416836-c12e-4671-a9be-a58150c088d6,2021,86318,D
2c00637f-0fad-4f56-9559-c6bab01575ff,2021,98305,D
9719b7c0-9f44-4cfb-b6b4-a17cee3ef796,2021,13595,D
5e615a84-ba05-47a3-9b93-b0aa8b71cea1,2021,13595,D
256f3ded-6fa2-4ca6-84b9-9b890d79645f,2021,18250,D
72d41cc9-5caa-4221-b297-c936169bb1cd,2021,1314243,D
db62a3c2-f11b-4b22-bc0e-090ebd4b0250,2021,95175,D
ca9f1137-23a1-44a3-b5df-1f9416576aed,2021,101942,D
476d54c3-6959-4900-9392-e239af5b6809,2021,1181115,D
aaf95626-ac89-416f-9479-357dfe168f28,2021,1181115,D
8a8d4315-d782-43d0-b0b6-be08cd4729dd,2021,5000135,D
f050b61a-f87c-41a5-8bb6-2f00dadb8a67,2021,1101244,E
a3392957-ec60-457f-8e58-d684bac2075f,2021,48205,E
82efc0a7-76a3-412b-9759-8e43b62e4de2,2021,2209,E
2aa07da2-009d-49a9-b636-53669691a2bf,2021,1270596,E
bb5941c0-9d4b-4fce-9550-f3c6aecd036a,2021,18558,E
49cba5f8-e39b-4829-b09f-836f7883946d,2021,1136142,E
c267d738-e218-4c87-b04a-fb20ca24c0cc,2021,1161716,F
8d176d02-e649-4a47-b4ad-82aee1f4a5c6,2021,94762,F
7e1a6250-1cf4-4d1f-a7be-72168e4b391b,2021,20030,F
02e96481-10bc-4195-875b-f7d82776ce28,2021,118994,F
b1d8c9dc-a4fc-4d15-806d-6a15d363b2cc,2021,108660,F
9fdf2d29-7edf-4304-9de2-8886cf40e845,2021,43664,F
023b12f7-a3ae-46d3-bde8-fb2e7fc78366,2021,1330347,F
f0332e9b-b1b4-413c-a40c-b6b79dc966d5,2021,13595,F
8bc0d665-a3b8-4606-8894-e58899466d5f,2021,1117717,F
99423a0f-08e7-4dec-ae35-bb9174b08183,2021,98764,F
ee21c221-9fab-4a0c-b6cd-945f71499b02,2021,107422,F
d44ed584-fc4b-4ae5-8eac-dbc9fafb9546,2021,98957,F
62e430d0-a7bb-4657-8ea1-85a0e8c0147a,2021,19047,F
2dbc5df2-add2-4338-a607-1b2d8b4a4df7,2021,1102628,F
5c2d558b-8265-45a7-a456-db40009cf9f6,2021,106996,F
c65b33ef-0835-4902-8fb2-1a58aa541840,2021,48675,F
fa9e029f-f86f-4b94-98ac-cd53e4fb8205,2021,968,F
db11d4e5-b13a-4396-9b11-67377a78e66a,2021,95175,F
09f4b24e-90e5-496a-9898-71a12915198f,2021,43664,F
d2808019-92a5-435a-a7b6-5fb5f653c82d,2021,64664,F
d6438d55-25ff-40c7-bd60-723cc65b1fbf,2021,108660,F
794fd375-7cb6-4460-a510-056176bb5053,2021,94762,F
6552afd7-bb3f-4844-af63-faec2c491b0d,2021,1288839,F
c5a36cd7-9cff-48da-b99f-c17d4543bbfe,2021,94762,F
fada171b-18e3-43dd-8507-655fa42d3906,2021,19042,F
1ba509b7-2dfd-4777-bb29-2246336bad7f,2021,98957,F
4a1776d1-35b5-4076-b3df-23cadb09f527,2021,13277,F
9d9adec8-2afd-4af6-bd5d-b31883effa45,2021,13446,F
5782b5d8-04ae-4ccd-a082-2fe983d0f10e,2021,18903,F
ee34fb64-8dfb-40fb-8aea-b1f01a5e2621,2021,47051,F
05e5a2b3-3eb2-4dea-9060-8bcad7e71236,2021,118994,F
05cfb6f0-01ad-451a-b778-bae378a4b00f,2021,101942,F
f635ce09-07d4-491c-85a4-f2f29bffbcb1,2021,95017,F
1cbbfcb3-645d-421a-bf6e-10da965d1c53,2021,1376131,F
d573c412-a0a2-4e26-bacf-4710bd2f3f68,2021,20756,F
275503b4-4f25-4d1b-8c61-ea664ed5cea1,2021,48675,F
0cd6b63d-6dbf-4cb0-9735-285438642554,2021,1181115,F
964a17b1-2614-455f-bc64-7f411f848816,2021,118994,F
63e02360-cf3e-4abf-b00a-23592643b861,2021,1161716,F
4fd310e5-4bd3-4e4a-995e-a75c074b3ed4,2021,106167,F
76e945e8-ba98-4381-a961-c6fa9f0a7614,2021,106167,F
fe2cc410-30ce-4061-bac9-f12b5f9f27ce,2021,98595,F
c302dc6d-b901-4f7d-ae39-485c16cd02b3,2021,94762,F
8b71482c-38a8-4796-b36f-1081fce9d635,2021,95175,F
7faaab77-00a7-4bd1-8776-983f2515ab58,2021,95175,F
e7783751-4717-46ca-b886-e3417977ad52,2021,58808,F
588e09bc-6e13-4557-9641-772b573892ae,2021,81210,F
2dc6d37d-83a0-42b5-b140-5f91faf1225c,2021,94762,F
45a5b378-9052-4ec0-99d4-0b37881e322e,2021,107920,F
dcc98636-6755-4ba0-ac11-cbe6940aa48c,2021,98764,F
858b2688-179b-44e3-a816-625220fa0e21,2021,1032473,F
683e7d30-61f9-45a7-b024-43c2f94ae855,2021,13446,F
6dbabc0a-a9fb-4fd8-9977-dec930bbbe8d,2021,106167,F
1064df0c-c94e-4703-8113-97547dbb1f70,2021,1108692,F
adb37c30-f424-4e16-b46f-a9ead6500388,2021,5000135,F
409c55c1-dc6b-41af-8ee0-81789ecb9cab,2021,5000143,F
37fc1a53-e239-446b-96bc-f027af694690,2021,1314243,F
9905d55d-116d-4b66-9fe2-9184b2bebd4b,2021,114616,F
208b2259-4f19-450b-9d87-8076cb00ac76,2021,1166783,F
ee37e5d4-5f59-47eb-b282-550574c52f9d,2021,90030,F
01793a54-ab1c-4be8-b45a-2d109063c6c0,2021,94762,F
fea4ec4f-67e5-4aa3-89a7-4059943eb1c3,2021,106167,F
c5d92c98-96b2-44cf-8acc-10e8955c947f,2021,13446,F
b2ee57a2-a473-4a4c-bbc9-80cbe9902b9f,2021,104360,F
e46e7302-d058-4d41-bdf6-16203f2c653b,2021,1204325,F
6d09a601-9d5a-4fd7-9860-15ae417570e8,2021,968,F
8b43ea6d-57b4-4a2e-b667-4e0920ac5e87,2021,73519,F
26ed984c-6d20-40de-9523-980ca83f82ff,2021,1288839,F
8adf256f-d7b3-4823-a960-bf82a33019ee,2021,50981,F
d81bb86f-a291-4f33-bae2-054cfdbc26d9,2021,108660,F
2d027c7d-d8f1-48c6-9aac-5b1806705105,2021,94762,F
76e44b4b-2ff0-4fbf-a857-5416c9767994,2021,49054,F
123b9628-7029-478b-92f9-7a8791067fd6,2021,9425,F
04fabe00-3827-4966-a21d-18b2d4a102f3,2021,98595,F
31890b7e-da49-443d-a875-5fe7bc46fd01,2021,19047,F
3fcdee12-001c-4c79-93b3-99388eeb31d3,2021,1181115,F
f44146b8-afdb-4d0e-a6ae-4bd90a0ecab6,2021,9425,F
8a570066-7190-483d-bf44-539b1196ce21,2021,112086,F
846e23bb-6b80-4861-98bf-fe542a0e72ba,2021,103062,F
4180136d-dfec-4cb4-bbd7-49bcee2f4c9e,2021,98013,F
90354c30-6357-4f7f-94e5-35f514683fcd,2021,106167,F
8d018e42-7c1c-4ec9-b0a5-96d2072410fb,2021,106996,F
e7e662b2-ecb0-447c-b018-2a469932fd46,2021,101942,F
4d2050c3-9a5d-4d4d-ad21-005a01800295,2021,114616,F
f3839b51-8e4b-4711-a65e-095a8ade0601,2021,94762,F
d2abd6a3-2788-4c9a-9a70-98a4fd83b7e3,2021,1330347,F
71f576e0-ca70-4905-a44b-f08749bac3fc,2021,98013,F
008f2aba-0da6-4751-bc77-8374bd730f3b,2021,55402,F
497c8de2-821d-42a6-afff-4bd7025bd1cb,2021,55777,F
2d8c7718-3d41-4c2f-b0a2-5ed6ad9936ec,2021,1181327,F
85a448ea-8349-4e7d-b902-67672ff85afb,2021,5000143,F
a2446bfb-7e31-4150-bcdd-38c18f69cba5,2021,1385488,F
75d0873a-afa4-410f-9724-704604f0d2f6,2021,13277,F
c7522ca4-fb84-4950-8ec0-3ed88f99b13e,2021,1181327,F
c80aa5ae-51d6-46eb-a600-bc267f530738,2021,88084,F
645252db-5850-46cf-994e-486936888e93,2021,48675,F
58801ffb-b12c-4f6e-8149-68dc3fa11a4d,2021,9440,F
8c78bb45-d410-4aea-88fb-d5d9218fa848,2021,91181,F
811b7176-024f-41cc-bb02-d06bf448d18e,2021,108660,F
2cb3640e-38f4-4d04-adc4-59e83b3b106f,2021,5000143,F
df78cd1b-50f0-42a6-be96-62b8276b07ae,2021,1136142,F
dd96845e-989b-4ac5-b838-ee5f2d70c2d1,2021,113455,F
c410c210-2c05-4557-a182-02b80fd84c8f,2021,1351760,F
04c06552-07d1-43a9-9e65-6bd3dc8e1d77,2021,13446,F
487504d3-2b7e-4b35-9420-c37a788b233e,2021,13980,F
66bab4b2-c8ad-4fc7-89b1-8ecc05fb8632,2021,47051,F
d2538612-a721-45e3-aec6-7520d0b8f2d6,2021,90030,F
fb07ed6e-abea-4e6a-9bb9-3ee2864ed98e,2021,1272079,F
f4303412-fdc7-48a0-80b3-e645c22f7b1f,2021,107360,F
8049295a-c347-4b9b-bb1f-c6d7c1757027,2021,1136142,F
90ca6268-bcba-4b2e-b1d9-5b1c33657cad,2021,102590,F
c86c8db0-17eb-45a4-9e8e-53c6f9e1fac4,2021,1267543,F
50faf8bb-3b44-486f-8a1e-8f84a17cea5f,2021,107360,F
9d1257ce-723d-443d-82c6-34d915578cc0,2021,13446,F
dbaf7f5c-91c8-4d53-9f66-8f528413ef3e,2021,13446,F
c0ccf0ba-65f8-4120-8ab6-4c76450d713a,2021,95175,F
adb56325-a864-461d-9580-e06a727ac773,2021,94762,F
3db211aa-1867-4f64-b0e4-06e1be4b96ec,2021,1265453,F
53e65e6e-b9e3-4e94-adcd-637c7491768e,2021,11452,F
3c67ab63-6f9f-4f9a-a69d-6e637d092c96,2021,20239,F
5d447aaa-6fcf-42b9-8832-2acdcd5d1f03,2021,1283028,F
a9dcb45e-17c2-4540-b27d-a36608d6fc2c,2021,49054,F
be131154-3227-4310-bb6f-0a785218a210,2021,112086,F
0c2bc71c-d2d2-4cdd-929e-f394189f6bbc,2021,1190071,F
63c23a5a-5941-4b32-b594-805d481cbd16,2021,67092,F
50203981-731f-41e6-9e77-2ba345fa4b13,2021,13401,F
c656380e-525f-4287-a4a8-73ecc75c2e9e,2021,64664,F
8abafd6d-ca71-452b-ad08-e3e1d371af5a,2021,1166783,F
dbc164e4-3714-4837-ae33-55273a60f686,2021,108660,F
bb333f28-7b2f-4801-8519-c30e90c8bd38,2021,55402,F
1f017d70-0300-4946-93c8-d4271c18773e,2021,116770,F
6a631d2a-2992-4772-9c52-4a17790e05b7,2021,116770,F
cb76a547-1b12-48bb-80d8-38943c502380,2021,98595,F
660f8885-1f05-41bd-9854-94c1552fab52,2021,87396,F
c9966ce8-5f26-452a-9e7a-fe5afba7b22c,2021,101942,F
12fbb173-c554-4c50-b079-1016b2fe48bb,2021,1203177,F
2824934c-c7ba-47f7-93f9-ab131af0b291,2021,55777,F
740aaffc-ff66-4dd9-86fa-ff9ab40ef73d,2021,47051,F
25fcd29b-6bb5-4b4c-babc-9c967d13b4f3,2021,1166783,F
243ae18a-6a4f-45de-b037-7514524b7ac7,2021,1118057,F
ae34af83-90e2-4768-b418-f59641dc1afe,2021,97778,F
eb1c57c6-26d6-4213-93e9-5933955b0355,2021,1267543,F
33673a17-77ec-4e8b-95d9-15c7d3ac9715,2021,98595,F
9dde7140-f11f-4dd6-af5a-b3ef8c968372,2021,1136142,F
dbeb3e77-9af2-4664-a4b4-e91f1de9aebe,2021,97778,F
50c8fc37-bcea-4283-a1ea-1ca288766bb1,2021,5000143,F
cf02b8c6-dfa3-4ffc-9f41-1857f20e015c,2021,97778,F
621505fa-8e92-42e4-a268-032f6e33543b,2021,317,F
c7205473-1386-4f89-9693-712bbefc5426,2021,97443,F
8d94ac63-7597-4f7c-8b1c-d9a12d82113d,2021,5000135,F
09d8bac0-1802-4425-bfd3-53aa2ae33e0e,2021,1102628,F
730309f2-abea-4e51-9539-a5e78eb2fc7e,2021,1102628,F
ab4c6929-d858-4f4a-a2c1-2249b76b9ce2,2021,13401,F
06f15f6f-b4e0-4867-9a27-46fb4dbb90a2,2021,94762,F
dbba49c2-39a2-40ef-9a2a-490894e67008,2021,55777,F
be6292aa-6643-4a87-b9d0-9ac8a025ebdf,2021,317,F
423394c5-f059-4e27-99ad-752047e937f5,2021,62484,F
20e78706-d467-4871-b673-037d8fe4f07e,2021,1314243,F
b105ab8d-f80b-4d05-9620-228295bce8c8,2021,5000143,F
5933ce63-b6b9-4108-afe5-c26ee8723ee0,2021,1118057,F
a3cccc6b-b1fe-435c-a281-aab7b8aa60b8,2021,62484,F
9f7f12ee-e286-4780-82a9-6ff329ee36a4,2021,22047,F
7855208b-a7e1-4ac3-8b60-e29a630db7ad,2021,1136142,F
c37580ab-d97d-460b-b5b9-b076855ff1fe,2021,91181,F
27f24d72-53ce-4313-9b49-63c1128eb2b5,2021,9425,F
7a8a316f-f994-45c8-934d-c246f658e576,2021,106167,F
e051c67a-ad3e-4957-91cd-63de6312138d,2021,1101244,F
9391a81f-b882-49a6-9a5d-b477800afb47,2021,64664,F
1b49f8f8-7eb6-46cc-a259-3feed8e281e8,2021,5000135,F
88056182-07fb-418b-854b-fe4c13da559b,2021,98013,F
2ac18765-9e0f-491e-be7f-15f67d690840,2021,97778,F
c082c636-ce81-4b37-82b0-8862f2582003,2021,74737,F
40c9c136-3d27-477e-b14c-751460b14cf0,2021,13446,F
3074a6f6-c7fd-47c9-bbe8-471c248140a9,2021,53342,F
e6cfc740-9712-4e5e-805d-58bb3b1d2f1f,2021,99406,F
1cbab26b-26c3-4452-9603-b7e36320a64d,2021,1427745,F
6ba8467f-1455-4659-989b-b2e142995424,2021,21464,F
6206b1eb-5bfb-40bb-8799-370962051f30,2021,13446,F
7d17075e-04d0-4b1d-b024-b634f6c96c64,2021,11452,F
bb3a8220-9cef-4779-b1de-73f000c33cdd,2021,13277,F
94e8ad4e-75a2-4ee7-97f6-ad32b140b2b8,2021,20239,F
ab560010-015e-4bd1-8f61-fd307ec22e97,2021,13595,F
d5a5f10f-4aa6-4cbf-af7a-0c12fa71eb60,2021,513,F
4566a8d5-715f-4c73-a055-0f58d4a17107,2021,13595,F
6eb5aba6-f933-4803-99ce-87ab31e999c7,2021,18559,F
cfc3b220-eca9-4790-b275-596fb3722055,2021,1113582,F
99adfffe-8d07-42f3-a71c-a2ebbca9a447,2021,55402,F
b3867a58-05b5-4ea6-8a35-46ee15003c1e,2021,86318,F
8681cbd0-06b6-4fcc-bfb9-eb0ac905ff92,2021,13401,F
fe9b2b23-675a-4feb-b883-81c924461733,2021,1351760,F
37449f0d-8282-44e2-a2b0-5d838845dd50,2021,1180773,F
6a41a25e-775b-4eec-88f3-239e01f336b1,2021,1136142,F
730f8191-2d48-4d6d-b1ae-54aa98c1af81,2021,1110857,F
a8838d89-a87b-4418-bb44-9ddbd35e97f3,2021,1110857,F
d61d3ebf-64e7-421f-8b75-9b3a931dd15b,2021,98595,F
df8e0224-400a-49f1-bbda-49db34e26d2a,2021,48205,F
c0502a64-656f-4618-9e3f-8a75c1fbf902,2021,20009,F
04c9ba5c-f3a0-43c9-b860-3ffea7787db8,2021,99820,F
72f8931c-09c9-4872-b127-1825ac81b866,2021,1270680,F
1c8bdf36-06be-4ab8-b848-6bca612e4268,2021,20756,F
42ba12db-8c28-4710-8364-356f7605d58a,2021,1101244,F
22d4ea5e-29ec-46d7-b990-40a7ccc75e10,2021,12025,F
365a2454-19a8-4b3c-90ea-14fe13f4e5e4,2021,1270680,F
c4dbe2a2-a2bd-4fa3-b94d-df6489bba5bc,2021,64664,F
08462009-7a3f-408f-b1c5-e4dbabf578ad,2021,60886,F
fc5bc41d-bbcd-49f5-8f80-599072c788bf,2021,116770,F
87357901-9958-4d51-aeed-ab2bf1a04ca1,2021,1042278,F
92919c92-9276-4358-b806-d5b2d3781cec,2021,1204325,F
297be699-6ca3-40fb-a1ce-b7f46ebe4d73,2021,108660,G
62cca23d-4c52-4627-8863-5f16c6c0b614,2021,101942,G
2f261ca2-bfdc-4608-9073-87ebbb383674,2021,19047,G
681f009b-4549-47d8-aa47-31d3b134e230,2021,1102628,G
51306f18-8eb1-43cb-aadc-c26c8d510946,2021,1427745,G
8a29f69a-4f8b-467e-a391-048c0de27f11,2021,37862,G
90cdfee5-e4dd-4ab8-8305-0d0e711873d5,2021,114616,G
afcf547d-0985-4ce2-bbd6-0ffe13c33186,2021,98665,G
db008526-0cd6-45a4-aff3-5f588166f23c,2021,49054,G
ec8b8b71-7979-455a-a7e1-234ecb3c2a77,2021,1318224,G
932540fc-4fd2-4ab9-ac4a-b317d163bc73,2021,43664,G
71a76d9b-1c6a-40e8-9436-5802e1823851,2021,1385488,G
b4f8d73f-a62c-41cb-9616-24cd67e832dd,2021,11452,G
d977e2d0-50c4-4d0a-a33b-a18543766750,2021,118420,G
ce03ffbd-b354-4d0d-b1dc-c512fd32ab8f,2021,1265453,G
ea40c6f3-b433-4751-aed8-d7806d178638,2021,1181115,G
e3d3eb84-8d9a-468f-a9ad-89bec74b483d,2021,1103723,G
9e302cab-43c7-41cf-9e46-0e216a14f4e2,2021,47069,G
a0c67d41-3a7f-4dfc-9fdc-3904f8d5776e,2021,95017,G
368dbde1-4895-4432-9329-5c6468a4c136,2021,67601,G
ab847996-4568-4483-894c-709b993b796a,2021,37862,G
e9fdeeec-4f63-415d-ac41-f3fb1d47b391,2021,55777,G
0fb48cad-6199-4204-9025-35009811dd88,2021,22047,G
7082b046-c526-4935-8dc7-64f7a8dabc82,2021,1047907,G
4035fdf3-5ae9-428b-b0e7-51659ba2b4f7,2021,9425,G
5dd952dd-2924-4a0a-8b06-e9d9506efe1a,2021,1322390,G
aefef388-001f-4f3e-aef0-9db3eb9b30a4,2021,106996,G
1e0c5fff-6226-48af-b88a-5120643ebb88,2021,1148708,G
f7d1122c-e029-45a8-a124-fcd8a68ee525,2021,1103723,G
0af2b961-d0c4-42a7-8654-87c742379980,2021,9425,G
86b4dbdc-ff4b-4a6d-baa2-1c406a61a1a6,2021,1070485,G
2b33eacd-3ff6-4e2d-a3c2-ad68eae6e597,2021,67601,G
279c8148-4243-46b1-ae5e-7b2534ed9e8c,2021,21464,G
910742bb-8b81-4363-aed6-7b82b7c7410a,2021,114616,G
b3d5fb02-617b-4141-8517-874e92439847,2021,21464,G
74ed3429-d218-4ed9-b18d-d4467712c19c,2021,37862,G
8796896d-a62e-4cfb-ba9e-b6b33355ceca,2021,55777,G
341a9722-8acc-4cf9-b574-f6c3d40253d7,2021,10515,G
ebb94a87-1712-400f-8a76-46db9c02061d,2021,1288839,G
45cc7b7a-800e-45f1-9d71-e8e9f5a7cc06,2021,87396,G
25994f83-55b6-4731-948e-debfb0c0f0d6,2021,1288839,G
521ddc15-d573-45ee-be14-5529e3ee5469,2021,68930,G
9bb0c61e-f26b-41b5-b6ff-922c6a34b994,2021,37862,G
2268e2d5-18df-4240-87dd-b84624bab16a,2021,9425,G
17348a40-9590-4446-963a-3f0439947234,2021,94762,G
5841fa3f-cd23-4f5c-9536-8252da116472,2021,20030,G
54a1f558-3c47-4ab0-a3c8-37c5868ed639,2021,1136142,G
8f575bbe-1d8e-410f-aac5-0949952a749b,2021,9425,G
26f5419d-4e96-4cbf-b9a9-154b93339280,2021,114616,G
59663592-9f35-4589-8f47-6ac5617ab779,2021,1181115,G
e9260d67-3651-4a9c-adec-f96f6640644c,2021,113455,G
85627c10-bc0c-4b3f-b105-0a570f860e1f,2021,88068,G
a0addbd9-1cfe-45f3-bc24-15bddf0ed052,2021,94762,G
4d37ed6c-f6e2-487a-8e71-2f4012975a24,2021,1204325,G
7713ace9-229c-4369-9039-c4ceff8aa410,2021,108660,G
6259ff20-7734-4de7-9b23-6316eb35f86b,2021,13277,G
bf5b9b01-f818-4771-8be7-8cdfc5e6fed1,2021,117532,G
e1f6f886-d6a2-4af1-9b91-c8df710da3f6,2021,317,G
e5df5ffc-b233-4479-9414-119fad1bb1f2,2021,47069,G
72cea1e5-d908-4fef-9109-175b54b7bc65,2021,13401,G
0b07ebfc-bc47-4b0c-86a6-f64d074088ea,2021,74737,G
103032b5-9fe5-4cc9-aec1-08b769087efd,2021,101942,G
81c40557-b324-4997-808a-4524334e77ca,2021,108660,G
90ded44e-725d-4971-bece-77fe65cc3ed9,2021,98595,G
459ea25b-d1df-48d9-a6a8-b4963ebdc048,2021,1385942,G
80cdfd6d-e24e-4e98-b9f6-85cd14c35f8f,2021,13401,G
08e599bf-9f1d-4636-8a88-6d9a61da4f45,2021,11452,G
1d257ab6-37be-44bf-b19a-0ae524e4dc0d,2021,48675,G
c0550e0b-bdbd-440d-935a-f0b874a34188,2021,19047,G
496bc0df-1595-45c2-8e71-eab5ea22c736,2021,95017,G
b596a902-75d3-4827-94c5-6e1fc9fb5b59,2021,513,G
df93f34a-280d-4e2b-9896-a59e39c42319,2021,1113582,G
89fec832-d6d8-4d29-8953-4bf56cdf6a9c,2021,86318,G
02df1a78-2731-4e96-8526-551ca19cf020,2021,21464,G
e56a756e-0a5e-4b7a-b59c-071bb02cdee4,2021,1180773,G
75314d18-f91d-442e-9f1c-9ef18d98d3f9,2021,49054,G
cdb6e7dc-a140-494c-9143-bf0ed85d733e,2021,73898,G
de15f5a3-cd5b-4af2-9fe8-949e233bab7e,2021,1110857,G
bc4fc526-fcf1-478f-8d95-d5f16892d669,2021,118994,G
a06d1889-0dd9-4308-94e5-5a1deb6228fa,2021,118994,G
4e8b3d2f-fb9b-421c-8e25-336854671c24,2021,1306689,G
5844ec9c-ed42-42a3-a1fa-7f4bc389bceb,2021,98595,G
79739624-ef15-4d61-b845-bdd88b5adfa0,2021,60886,G
fd5ace4b-6880-4784-afec-b88bff9c10bc,2021,116770,G
6f1548c2-04a7-492f-a7ce-398d18bd4d3e,2021,5000951,G
9889fcb9-a8e2-4a80-9d44-3f2123c29beb,2021,114616,G
c64d91ad-3490-40b9-ae94-5e7424e34413,2021,1161716,G
79581213-6110-4787-9b3f-d8512b744617,2021,9425,G
3d1bff3a-a505-472b-b20a-a22facb54287,2021,98764,
b18e5105-25ed-45c3-8383-737dc7faee5b,2021,98957,
dffdf771-aea6-41c1-b55f-6a58b20123f5,2021,98957,
1f2eb2e8-b9e2-4198-82ed-e2c55cec01ce,2021,49054,
c010e559-b7ff-467a-89b5-ac9f76f60b8f,2021,1283028,
f848b5ce-dff7-4910-ba94-528e2c5fe93d,2021,5000135,
eac56df7-ff53-440f-a0e5-718f8d684895,2021,1102628,
9f400e8d-21f0-4475-a257-3fef3f255588,2021,9414,
29ffeb37-d653-4a24-ba6f-af545906fe81,2021,108660,
1aae0c07-443c-464a-9b8e-50cd358f7cb7,2021,1190071,
b8db55e8-b6ca-4b21-b776-1d1c8f0572cb,2021,1190071,
399eaca3-6c4c-4dc9-aaa3-91acb1cfe9f9,2021,5000135,
830b7421-65fa-4273-9bd2-786904953f83,2021,113455,
c1f0473e-4ec2-49b7-aeaa-baa15c04521e,2021,67601,
8cb521e7-be10-4ece-a60c-ae60a74ee325,2021,18584,
f6aae90f-b447-43ac-99f5-b88b7d1c7df7,2021,18584,
a9360b2a-5296-4204-8c1d-a20d812e93fb,2021,18584,
550a7eae-2e51-4b59-b495-3374055e57f7,2021,18584,
4ab917ec-df67-46dd-9ef9-118c3d903d91,2021,18584,
bd3fd424-4f36-4a78-aeca-71dfb4f7fbea,2021,18584,
457e9004-469b-4d09-8ab0-f738a19bebdd,2021,18584,
d2b43ae0-4c6e-412d-9194-da649fb7a095,2021,18584,
66defb4a-62d0-4fd3-9776-5d0e8b70cbc8,2021,18584,
0c16d9c9-158a-40a0-bed0-1ac523981e78,2021,18584,
b5c5097b-90ac-4c7f-b1ac-6694602fee0f,2021,18584,
f8888adb-b3cd-495f-9f97-96a47b559ff5,2021,18584,
24a14a14-7d79-425c-9142-3188c10bc390,2021,18584,
1a0e97bb-a7bf-4cf0-8d1d-d837b1a178e5,2021,18584,
5f1e1e09-2683-43f7-b031-035e4eb80883,2021,18584,
245bb500-ddc7-4404-8a8d-ebc7df97b698,2021,18584,
21bf56d8-68e0-4c4c-87c4-771c49df7128,2021,18584,
6a4dbf3b-58e0-41fc-961a-9696e4e257b6,2021,102590,
a5c71ebf-c915-458f-a238-67665369f40c,2021,18558,
8cae32b3-1ee2-427f-a7dd-2d3d437867dd,2021,102590,
d8434ba4-435a-4585-ba6d-55cfb1dce117,2021,102590,
ee9df61a-0a61-4e65-b242-cf61c9a1888d,2021,102590,
7b71619f-b847-4ccc-bb58-a7afd4d5007f,2021,102590,
32f5f6ae-046f-4759-8a9e-4692cb69c987,2021,102590,
7281c67c-8df7-4342-9141-611de41fc47c,2021,102590,
109f0455-4397-4a6b-9de4-1e5f67eae481,2021,102590,
4b3b1c92-d63d-496d-9ac3-bfa48c4ea032,2021,102590,
258ec22e-8d24-4afd-9d84-0650ebbcaa68,2021,102590,
4de8fb6d-f4d4-4dd4-ba53-683e11f83368,2021,102590,
3493b45d-9983-496d-b160-0fd7f3b24ff6,2021,102590,
b038d486-6837-4bc0-b32f-d03eeff20607,2021,102590,
28e18991-1101-45a9-8fc0-dd6a5e3a1dbf,2021,102590,
e99d0ebd-58d7-4dde-91a9-653f4b0995a6,2021,102590,
e91aa94a-523a-4693-9241-cf7d5b5c4f8c,2021,102590,
62360e9b-f9d0-4711-b60d-74eb7dd672cf,2021,1113582,
004db1da-3d8a-4670-b70c-7f855664bdea,2021,1113582,
6c83976a-4de1-46a8-bc02-7236b6cae131,2021,1113582,
7320b5f1-af02-401f-96fc-14828bb83681,2021,102590,
8d5ed937-81cf-47d6-ab6d-180e29adbfea,2021,18558,
9feadae5-1c2e-4b86-914c-919a40fb7f6b,2021,1113582,
fd478b9f-1a55-468d-96e1-bba35586e644,2021,1113582,
0d5e754e-ab28-4dbe-9f78-8680e8833728,2021,1113582,
b1590b58-5c94-49a0-9da9-29ef8adee4c2,2021,1113582,
19c373f5-a1e2-468a-96f2-7db9bf72f86f,2021,1113582,
bfbd608a-5627-4b81-a40e-f1811850911a,2021,104360,
9b54bf4d-a1fa-4c3e-b1d4-a0cf55f07566,2021,104360,
84678a43-289e-4506-8962-d44f5e7e9a82,2021,104360,
46f784ab-05b4-4963-83fd-4fa91e1bd5e9,2021,104360,
9b34d630-6c4d-4542-91a2-cea2354791c6,2021,73140,
6a24646d-67a1-442c-b1b1-6cf7c230a271,2021,73140,
73bc0db7-b122-4baa-9260-ce4527efbe79,2021,73140,
ed61b17a-bd2b-4989-9f08-b9043263dd1d,2021,73140,
10d76469-f3f7-43cd-9e72-2a18078026ef,2021,73140,
9b539c16-b670-49ba-ba24-500fe1556287,2021,73140,
7b8716fe-df42-4d67-ba4c-2e6432de1acb,2021,73140,
4e54873a-141e-4d30-a6e9-e3263b595c23,2021,1113582,
6d9fd383-dabe-44d3-bbe5-bd486a856056,2021,1113582,
e02d88a7-3a26-42f4-8b09-f6b171ac90e5,2021,1113582,
4ce26f4e-ebb9-4363-af23-77670739ce33,2021,20933,
4785ab94-c2c3-435b-9ee6-93c2d5cf83be,2021,20933,
7919a2c3-e8c3-4497-8da2-b473fadbc6ad,2021,20933,
16cb1420-a11c-4763-9e9d-9df615bb9146,2021,104360,
3e17df2d-73ad-447d-9549-71dee340e303,2021,99820,
829576f4-01a0-424c-94ba-47e144298b50,2021,97778,
b3ae32da-e9ae-4488-9d23-ae9ecd20e226,2021,55402,
239ed5b0-32c7-4513-8775-f465016c1a20,2021,55402,
3bf9917b-2e23-427f-b0fb-e460adf811a2,2021,101942,
33f9552c-72af-4694-8e14-6eee4058b76e,2021,101942,
d49e7536-74e9-4cbf-875b-9ef51988b942,2021,101942,
bb5a31b6-e03b-4d27-ab8c-530b5cd0ab5a,2021,101942,
095c497f-e362-4772-8bb4-02aa8d5a9858,2021,101942,
1c91683a-7b0a-4ead-989a-b0000f5a0769,2021,101942,
bf870bfb-f73e-4f07-8afd-f328939b042e,2021,112086,
5c87ffa9-239f-496f-9b27-0852ac055e22,2021,13216,
4dd226f2-e31d-4792-8715-cd52c7ea4137,2021,13216,
20ee3fe6-3c34-47dd-b45a-ccff3e8e948e,2021,1267543,
e4ac1b37-f13d-428c-ac9d-94308f838a10,2021,1267543,
d69fbc79-1558-48a0-b6e7-f53b7be4ef48,2021,1267543,
25d77efd-1052-4579-ad45-9e89cd992304,2021,73140,
2d908a2e-1294-422d-b2ef-762f43007db4,2021,73140,
1177761b-e91a-44f9-8d65-d9c6a09e7744,2021,73140,
e15c3b9c-1a14-4789-9e8b-3066066e4bd4,2021,47069,
c43b3e56-3829-4b7d-bce4-56cbe3f8303c,2021,47069,
808e94e7-74e1-458e-9bb0-16519a994566,2021,47069,
97f58429-bd80-4a8d-9709-ab3a9d32c451,2021,47069,
841ad080-840c-4596-8a4e-931add49f2dd,2021,86318,
59b12cd4-b37e-42fb-8c90-72c876be1d06,2021,86318,
a815026d-04b7-4640-9b3b-184189e33347,2021,86318,
094b51af-a74f-4605-ba78-b587a2ce8105,2021,11554,
07de5ac5-2e52-48b8-a4c2-279d6789bdaf,2021,1187671,
691d58b8-f994-46fe-a21c-9a98941c8657,2021,98305,
f3f18fd8-f6d2-4ba8-b396-aa08b0a322cc,2021,1187671,
89424837-5bfa-4aa4-8a94-000f8e3364d9,2021,86326,
a27cf449-d400-44a9-980c-a590a0abf53b,2021,1187671,
227fc244-f3e0-4c0e-905b-dd92e4de3a2b,2021,1187671,
fc72625e-4233-4547-adba-a33dfbdc81cf,2021,1103723,
0bcfe660-268d-4096-a92d-c20cf77e7275,2021,86326,
2e8a0a39-93cc-4e64-aafb-1ed14db79ea3,2021,1187671,
1f5bd68c-4166-4121-9708-4d505b7a3c7c,2021,1187671,
7ff8c191-c11b-4c2f-8cbc-6ba7d8a17aea,2021,86326,
de9f4975-854c-4d73-8d18-233889f00ff3,2021,86326,
25bdb26b-1adc-41a2-baae-c74c027f505b,2021,1187671,
3a93b00f-f74e-4980-988a-81bff5d1cc2a,2021,86326,
f4e867c3-e911-4c14-bc95-01230eef21f3,2021,86326,
8fc26435-af3b-496a-9451-7d3c97e94302,2021,86326,
6b5e778f-f949-4171-8c05-0cc6f02a4eb7,2021,1187671,
83690462-a2e5-430d-a6f5-15fe5436ba96,2021,86326,
e9a94c52-ac2f-4c5d-ad6d-7fac0addc722,2021,86326,
61d608f1-3aac-4034-a1d7-5df58408a4d9,2021,86326,
37fc8b2b-6563-4d1f-a652-7079ff0d97e6,2021,13401,
72d92089-ef1e-4b8f-bccc-51b27ae121ec,2021,67601,
e7486738-7707-4ffe-8ffb-c1a388f7452f,2021,67601,
3bfb1c0a-60ba-4721-bc96-81a394eb2cf1,2021,67601,
ff74517b-d320-4db2-a083-1fc9f6b83a90,2021,67601,
6d7f731e-a937-46fa-b51d-2f8ba285888a,2021,67601,
98d2da06-9b31-47a1-843b-eb8c4c2c3b0e,2021,50082,
89b5304c-a24f-47a4-96d4-5d05aee4099a,2021,50082,
91e5e21e-6775-4607-afbf-5acdad070188,2021,21464,
c060e0c5-2e42-4dff-a6e4-861b26a4984e,2021,21464,
97f0eed3-2240-4eaf-b538-ea6a74c69fa9,2021,21464,
d725df48-0e4e-4ea1-aa84-1551993e55ab,2021,21464,
f3677c48-e6f3-4b75-8761-f859fd456d44,2021,21464,
cd24b4e4-71ea-4fdb-9bda-4a6ff6b2e19d,2021,21464,
058a325e-9bfa-4120-b7a2-8e498572ebfc,2021,21464,
3f2f3f11-5d97-4fb2-91bb-465397368186,2021,21464,
e7607f49-1be6-4f7d-afcf-34a10f17f437,2021,21464,
71cb435d-fd33-44d0-88c7-b1036893ff87,2021,21464,
37016646-8ba9-4d7a-95f6-677406af5851,2021,21464,
6431ca98-1fbd-4733-bfb3-d007baa0f1af,2021,21464,
fee6df3b-8226-4aad-ac79-9d43bb152ed8,2021,21464,
244785cd-4e36-4074-9f76-1a6cce05082c,2021,21464,
4cb5f6b3-1128-4a2b-8dee-f1f77c4cda74,2021,21464,
c678c3e7-565e-437f-ab66-8d36d87df298,2021,21464,
21879600-90d3-4d55-9155-d93f5090f0bf,2021,318882,
92c8dbcf-be4c-4de2-804c-573518caf13b,2021,318882,
c6469ae5-4850-4d11-a2d6-ffe2fbbb396c,2021,318882,
0dcc9244-bc5a-4a99-ac39-3dff377443a4,2021,318882,
7fffdca9-8cd0-4543-9e1c-7a491d44bfda,2021,318882,
c6d3c7ee-9fcb-4ebd-8120-4f7ad9a41a80,2021,318882,
f21dcdac-5046-4b31-88af-c5a1d6d2134c,2021,43664,
47077435-2226-4c1b-a158-c0f62ad01cda,2021,43664,
8be4b4ba-bc26-49e5-a8ea-784c71da4218,2021,47051,
375241db-7c96-42d4-9c77-fc0d87aa5f7f,2021,1190071,
f2134fe8-22f4-497c-8ddd-021b26c269a4,2021,1190071,
55d3dc74-b062-46e4-b8f7-ea42284fdab2,2021,1190071,
157d1017-0247-460d-91ff-eaba6f3167e0,2021,1190071,
740c1272-3517-43d1-b001-ef8e11281bab,2021,13595,
07da20bc-db30-4cc3-9005-f218ef75bfa3,2021,13595,
ca54a5bf-4b0e-4cf0-b686-c8930faaae45,2021,13595,
21333ce6-ca77-4f24-aa8f-fb7c2082d3e3,2021,13595,
cdc1c93e-6985-415b-8494-57f33f8c85d3,2021,13595,
dae92f16-0813-4c5d-b8d2-f446e2e9e48e,2021,1267543,
146bc3a9-d50b-42a7-9d7b-91b7ba4eae5c,2021,1267543,
51e84979-aa86-4347-8ba3-e9793b3d4363,2021,37862,
a3dcfcc9-4d9c-46b6-8cca-4a4e22f9b7fc,2021,37862,
6c5cb4ea-ce0a-4dbc-979c-79c5658f2354,2021,37862,
1c8b97e0-6d9d-464b-b5b0-3967232bea16,2021,118468,
7bd27d25-aa81-4564-8357-8646c1c7d5ec,2021,118468,
9c4664a6-4366-42bd-bd7f-43df8fc308ac,2021,1265453,
da3642bc-5337-4d7d-9631-eae55e32cdcb,2021,1265453,
0e483311-aec4-4f02-91be-73fdc3fafc3f,2021,1265453,
e0ad7a97-8050-4d9e-8d2b-ae2fcae27cd8,2021,1265453,
a1c1a1f3-d947-47fb-94f5-7ada417e2230,2021,1265453,
107d638b-4221-4b5a-b276-8271409cb7f3,2021,1265453,
2d704e19-5d30-4093-a3be-628405ffeb30,2021,1265453,
a3de7e8a-e8f6-458b-8bcb-f1a9dd2d617a,2021,11730,
2a1a1ce7-7ee2-4f70-9659-2e325b9e30d0,2021,11730,
76de996e-453b-4e8c-bb7e-04f9c2c5f243,2021,11730,
882f2ae3-f66c-4aa7-8428-fe1f6d7063fd,2021,11730,
cd810172-cab7-46e8-a014-9f54c9844493,2021,11730,
551e3330-7cae-4b7f-acb7-3e15a1396754,2021,11730,
ada81acd-7de9-4c6b-9475-78271378f40f,2021,11730,
dad0fd5e-16b6-465f-b478-e37977da43a0,2021,11730,
638fb29b-7390-4a5b-9c87-988afac414d8,2021,11730,
e2057fdf-4778-4403-a1ef-d591d536c9ac,2021,11730,
31bbdd56-9816-404b-99d1-70710043a4b7,2021,11730,
a1e7ec49-642b-4245-9c20-a34249f839c6,2021,11730,
fe2938d8-cf09-44cc-b404-6f6505f94d91,2021,11730,
3691e296-1d71-45d3-85d6-31f5eea4beae,2021,11730,
4de06afe-f9a2-4ddd-bb53-08ab52b92ebf,2021,11730,
41a09571-eabb-429e-aac4-6a8fe5a2c115,2021,11730,
d3ba1479-a0e8-48a0-9eba-c3f0304709ba,2021,11730,
94a847aa-0259-43b7-ad1d-8ee07760962d,2021,11730,
f970f60e-ad4f-4699-8825-d8c0943e3235,2021,11730,
b2b553e6-8682-43c4-8ff8-a62452ee682a,2021,107360,
658fc47a-0f3e-48e5-846e-f44f97a64fee,2021,1148708,
5d754e85-77c9-421c-8a39-5d49682901a6,2021,1148708,
2130528e-b2c1-4119-91dd-7243983f85b8,2021,1148708,
92d3a100-0b7a-4dea-9a11-5b51d12c98f7,2021,1148708,
f450ac9e-a9c3-48e8-83ef-62e3a9545164,2021,1180773,
97c759fa-723f-4825-bfea-0545c6a89096,2021,9440,
5df06acc-63e0-4609-9d1f-c9bc3100abcd,2021,9440,
272d42c1-4823-437e-a5aa-221d96d39a09,2021,9440,
363e27d1-b983-4b25-982e-412415bf476f,2021,9440,
3d81c1dc-913d-40af-aea4-612d8bda8abb,2021,22035,
ee702aee-c3ef-4611-b9c3-4f0e37bc46bf,2021,1180773,
10f1517d-84b7-4799-bdc0-c63ce8f20ddd,2021,1180773,
d2777135-c401-4fbe-9938-f12a7541e58e,2021,1180773,
c94e0b07-5c5c-4241-a23d-83c6e6441797,2021,106996,
9d6698b4-1f23-4c4c-a627-4f3bd51f0bd9,2021,106996,
59b33acf-4e3c-4679-bbd6-109f181e78e5,2021,106996,
44d4f4ab-d02a-4c04-a3c8-9e4469c96560,2021,101830,
7cadd6d5-cba6-4362-bb66-2ee3a3733bf3,2021,83388,
d23f8453-0c11-4ffb-baa4-04322bf6fdc7,2021,88084,
88d1c3ab-aee7-4c6e-b533-c9972dc1fc77,2021,88084,
a2d37142-80ff-48a8-9bc3-a49956275b11,2021,1258654,
91be1127-2b11-4517-b216-6567914628e6,2021,1258654,
d15044ee-302c-450c-889e-bcacab4ec90e,2021,1180773,
44b31a37-dafe-4ea4-926a-c3eae84b217d,2021,1180773,
a05d5d4c-93b2-4732-9966-3c133072c2f0,2021,1180773,
3b233328-105c-4244-a178-1f65aa2545a9,2021,1180773,
1fb38e3f-2209-4774-b953-61d9f945697d,2021,1180773,
a278d814-b42c-40be-9138-a8bf3856780b,2021,49054,
04a32651-98ab-48aa-ad73-8ca21ee627da,2021,49054,
0c5250fd-25bd-4837-b52a-5ef81da2ff81,2021,1180773,
88d2f703-5e29-4262-8284-55cf0a40037d,2021,37862,
8161342c-5869-4de4-8f3a-b42e13fb5b3c,2021,1180773,
b36cc2a8-8fb3-432e-a3a8-f9360bc2db80,2021,1180773,
fff651c6-1eed-4c9d-8a36-9d3d47887229,2021,37862,
67e0b670-0339-4db1-820d-75fc87823470,2021,1180773,
252dbaef-b908-4d49-87c6-d6bffc65b9d0,2021,1180773,
8edea12f-66f1-4d28-87c2-9aed7dc4783b,2021,1136142,
05af85d9-ad13-4e1c-8416-324a34482e6b,2021,1136142,
96b4daeb-a9aa-48c0-86ab-571218c0179e,2021,1136142,
a9224707-c409-4895-b5d0-4403358211a7,2021,1136142,
914f3e7f-1395-4139-a492-76843235e849,2021,1136142,
c386d0ab-84e6-4f5e-8215-6ad00167b743,2021,1136142,
b330036e-7956-4904-920e-085d0b6faf16,2021,1136142,
e49156f4-b6f4-4a80-8777-f68c2754514d,2021,1136142,
59e0a9c6-ab14-4c06-aa24-101623fb7555,2021,1136142,
f88f7911-d254-4f70-917c-862dbb9266a1,2021,1267543,
274d9611-b00c-43a4-9e43-5870e737a276,2021,1102628,
6a7cbbda-b3da-4e29-b2ad-5552643d2bbf,2021,90030,
5e96b63d-23f9-4b79-b383-1767f6551d66,2021,90030,
125c71cb-e841-4341-bd7f-aad5c21b9ea2,2021,90030,
3a6e12bc-897c-49c3-9d49-e04136051939,2021,1102628,
c9d40afd-e875-4078-91d2-9eacce3fedf0,2021,118420,
09df2712-e3b2-470c-9d00-f0ad60266e84,2021,1102628,
c14ed01a-19bb-42a3-8087-fbc985bd302e,2021,118420,
4d1f9acb-db34-4a89-be53-02f6c67eb34f,2021,1102628,
f33d619e-839e-4d05-b0ba-b693b0d2b4a0,2021,1102628,
ac60b585-0ed0-420b-ba55-78f776b33f4c,2021,1102628,
3272761f-5d99-494c-a5dd-4525db8d2186,2021,118420,
997a13c4-14f8-4e66-970d-849fcb9d025c,2021,118420,
e214be49-3e93-4936-8792-362e479044ae,2021,118420,
ecf871b2-994b-4707-9f9e-2198a6cbd50b,2021,1288839,
13d8b9ff-577b-45b4-80ef-9a769eb00fdb,2021,1288839,
f0958be1-82f0-4fe4-a1bb-2561706ab7a8,2021,1032473,
d71e8928-1ff9-4683-a30b-09142c69b2cc,2021,37862,
979a91d6-7ce5-446a-a03b-141cdffdc9a4,2021,37862,
28d252a3-c9fe-4568-a0f4-a478cbe8b089,2021,118420,
2e0e0035-a39b-491f-8e36-ce1a379ef151,2021,37862,
6743f41f-9dc2-4184-948c-9fe06c55e7d0,2021,37862,
02a4ccf2-a70a-4ec5-a832-4fe21a6a6ddf,2021,37862,
15291298-f0a8-4271-ba93-f0425cd014ba,2021,118420,
af33cb6c-fda2-4777-ba0e-3b825c951cf7,2021,37862,
179f1194-4b87-44a8-be8d-7b0f8e705ac8,2021,37862,
c91fd9ac-270f-4754-affe-79898dd3e76d,2021,37862,
38a97c04-7415-42b0-a1a7-e75a396ec551,2021,113455,
58cd9be8-31b8-43a7-8429-cf1f58a22589,2021,113455,
fbe58e48-7156-4528-8fc0-162a93dfd421,2021,113455,
a5ae7576-8f68-460d-8e73-6939b8217120,2021,113455,
8bb74be6-173d-4a2c-a136-f105d46e9767,2021,113455,
a74ef07d-143b-40a9-a301-98976ccd8a5e,2021,113455,
7323e2eb-4cb0-4cf7-bcb1-02cd5892f380,2021,113455,
473db9fb-aaa6-4122-9b51-240c10e516cd,2021,113455,
f65d10a9-93be-4395-bf04-9aabf0dba73a,2021,113455,
31e96ee0-3d3c-416c-997b-3063b1bac5d2,2021,113455,
c6383a3c-9bda-467a-be8d-136d4048fb66,2021,113455,
7750e801-9e66-4793-9c2a-b997b020bce5,2021,113455,
1b0484d7-d24c-434c-841c-7f8760748d8e,2021,113455,
b31ce56c-8b50-4166-84cb-a02976e01ad2,2021,113455,
7c48a45b-2a37-42a5-9516-c52efbf57e75,2021,113455,
4715130c-95e7-4b70-863d-c1197d5a795d,2021,113455,
3a2d7223-86a9-4c30-a9e9-7c209e7f411d,2021,113455,
97439b55-4ae6-4f81-9418-cdd83a762381,2021,113455,
13788ddd-6180-4610-b5be-2a65a96652d5,2021,113455,
f061a377-d16e-418d-a511-971b26503006,2021,113455,
3a42a82a-52f8-4b30-81a6-a19e581b6cb4,2021,113455,
7e5d9abf-5c18-4a99-b5b1-10a26eb7a9f6,2021,113455,
540f87cc-931e-4c93-84a4-faef86518926,2021,1110857,
eb672f62-2c1b-49a9-a532-374ef903154c,2021,1110857,
af56e7db-52bb-4cf5-87b8-8e619b183195,2021,1110857,
fb47eb28-383a-49eb-a487-e2bdccda78b9,2021,1181327,
e84a4d53-e69a-4e89-a800-3376ec2d084c,2021,94762,
e6320cc2-2cc9-4ea8-99b1-61139ba4b578,2021,94762,
66c0143f-ad9b-43b3-9881-9cb68da763eb,2021,94762,
5ba703c9-b1e2-45b0-95c7-12a4cacadd2d,2021,94762,
4b7f031d-ec50-45fa-aa4e-2a11c1512428,2021,94762,
9f32f2bd-04ac-43bc-987e-835d5d79d8c2,2021,94762,
81994838-dc8d-4880-bc04-7139345dca4f,2021,94762,
2adb10be-9569-415d-afe5-106220d44d79,2021,94762,
9576e140-c5eb-4052-a880-b7745d776dfa,2021,94762,
794c7afd-f7e7-4c92-b77c-320d81b087a0,2021,94762,
69508fca-7edc-4707-a588-e3bcfe06d6b8,2021,94762,
82f42245-1657-4cd8-bb35-28185e553262,2021,94762,
8635d812-15c7-4d8d-aa02-199278055f88,2021,94762,
a58beda2-3445-4ad8-bcb7-053c2a7a7800,2021,94762,
954f3ac8-6bfc-4452-bbbf-bb1ce74d07b6,2021,94762,
4843e9d8-2e05-4483-ab65-37944fe22504,2021,94762,
e29a7829-51b2-4303-86f4-3b8df2b05809,2021,94762,
b3d91b42-2070-4e21-b81a-c38fd7a1eb61,2021,94762,
9e28b957-9551-4282-bb2a-b4edde66e7b4,2021,94762,
b2312851-4844-4fa8-b40e-0217b44165d8,2021,94762,
a4b5e520-2b7d-4704-9770-26b6c43f3b07,2021,94762,
9fd78eea-f7f5-48bf-9cc1-f4368495d2a7,2021,94762,
9de21a46-aa5b-425f-b7af-8a6751a2347f,2021,94762,
f315e003-a2f0-4086-8428-11a80e5b6e84,2021,94762,
9254cedc-eca4-4cbc-8341-72f6f05d31bf,2021,94762,
cd287def-3042-4c28-acc7-485de6768f10,2021,94762,
cf5dc644-2c81-453a-b9c9-464eb79379b0,2021,94762,
b2929a1b-b05b-41ce-818a-5cb9c4b845b4,2021,94762,
eb3f5a0d-7710-4978-a18c-8cab1db3bd0c,2021,94762,
848ee5f1-bfa2-4625-83e1-d7602769f74e,2021,94762,
553d8160-69e1-49e6-b67f-97aa583e5fb7,2021,94762,
c2851c96-fba8-4874-bd50-7bc94bc354ef,2021,94762,
14f94be5-86bc-4af4-95bf-bcdc3333bc26,2021,94762,
97ce076c-637a-4d63-8e0e-e1210d28a976,2021,94762,
4ce43ff9-67b9-4876-b6fc-a7d090165a3c,2021,94762,
95c5568e-75e3-4cde-8122-e3fbf19f8f45,2021,94762,
c9e68367-953d-434f-8251-eaef7ebf06e2,2021,94762,
d10a5cbc-8fa1-4846-a392-3b82ef9c7d2d,2021,94762,
6dce726c-0f8c-4682-91b0-daac1d3d8274,2021,94762,
35a321ea-2a97-45b4-a250-11a87afab8ab,2021,94762,
042131a0-ad19-4874-a20f-ce5704ee60c5,2021,94762,
a1809861-4baf-4373-a114-b62e0b69c975,2021,94762,
7d86a1a3-d0af-48be-8bdc-59e548ee2a3f,2021,94762,
4f829153-cc30-496c-8089-08c040d0484a,2021,94762,
33e7b08b-0cc8-4fa0-8b58-a64c2f2e0426,2021,94762,
31e109e0-f8e6-49bf-8e5d-0a571ca92518,2021,94762,
f0b607cb-c05c-4ab4-979e-f6405bf85033,2021,94762,
2db8b1ec-4bb5-4cbb-b5d1-c2b1e67e4013,2021,94762,
f6dd7778-9365-4dff-8217-860073c7ad3a,2021,94762,
178f7aa2-bd26-41f2-9b11-59c4d7556c9b,2021,94762,
76b86a1e-3e86-4191-a18c-205a37e3ea6b,2021,94762,
0f3a9bcd-e00a-4d26-ae66-25e51e716584,2021,94762,
e8cde10a-a4c7-4973-b0ae-d34972e90c9f,2021,94762,
4ef207e7-2241-44b5-908e-bac02f1203de,2021,94762,
5361aafe-5a75-4c50-8577-3eb8d5930e09,2021,94762,
d0b87d23-3b21-4976-836d-c26010bdba25,2021,94762,
e9bb2703-80c3-4f91-89b9-d7b3dd11ef5c,2021,94762,
01664136-2396-4682-9407-65f7770c3b63,2021,94762,
e320e44e-7cc7-4156-a919-1478c275237b,2021,94762,
d8b23abe-0ab4-4154-8ade-50112ffa03f3,2021,94762,
71a4cdfc-dadd-48b1-8011-8c14516d2330,2021,94762,
cec753db-95f5-4160-9030-5310ef3aff94,2021,94762,
fddb8b47-8c1c-4a4e-94d3-da14c588cfd3,2021,94762,
4738bf4f-e80e-41da-b6a5-c326e5f6cc23,2021,94762,
1bf6012c-65e4-4212-8da6-339d453b2607,2021,20009,
a80756cf-ed65-498a-8a39-71001c7a76cd,2021,20009,
4daa155a-000e-4193-b121-2d54eaeb5cd5,2021,20009,
9fa311ea-eb2c-4ec1-b579-313f5e3cce86,2021,20009,
3bfb1cb0-a3cc-4ddc-be2d-68f7eb060f72,2021,20009,
90fdab8c-ab3d-448d-a52a-fddafce85db3,2021,1306689,
f44dd692-826e-4b57-9f17-68a58978bf51,2021,1306689,
2f91039e-2e46-4a8c-814d-a31dfcb3ef21,2021,1306689,
788dbc0a-aeb6-4c20-abdf-0ad31daffa59,2021,12025,
24a0ed3b-4964-46a6-868b-fee605023ad3,2021,48675,
ca78f6cb-aab1-4f7d-81a0-14f8e8479ce0,2021,48675,
a6b01574-a20f-4cff-9060-ff6b1f4beac4,2021,48675,
81c8cdfe-c31e-401e-b44a-3b7c96fdda85,2021,98013,
d59b7213-a189-4520-8946-4ded345d4d59,2021,13277,
d7e21daa-1fab-4c0f-9976-657430e63504,2021,13277,
85b8b7ac-80ab-482d-a537-11141d709082,2021,13277,
5abc16ab-859e-49f4-aa87-bd79bd1b7d3f,2021,13277,
9e6a4eab-438f-4b6f-8f85-abe211ad7545,2021,13277,
d1f681d4-2300-41b7-a007-a0ea2628512f,2021,13277,
5837865d-de24-4064-8242-d5909d30ee91,2021,13277,
c14863ac-96c4-4442-bc4c-daee60334168,2021,1204325,
a776761f-9b40-4512-9be9-3328772bf074,2021,1204325,
a0cfe6d5-143d-42af-850a-dca99a16d4ff,2021,1204325,
1e26b640-69d0-4793-ac30-bdde70e5228c,2021,1204325,
0377a213-5812-4e15-81d6-3a49507c8fcb,2021,94455,
cc872ef9-5350-41e6-84ac-6f00bf10fa4d,2021,74737,
d6336707-548e-4cce-9435-d58655a4a9c4,2021,94455,
0d436da1-635b-4f57-abc3-f5c0a811a383,2021,88068,
ebe1323f-3a09-4f91-98c9-ba7e03d14065,2021,74737,
efd02fe4-9bd3-43ba-b20c-39ff520ef951,2021,74737,
0fe04109-12d0-4619-b3f5-8194b76711ae,2021,62484,
d9890ee7-f474-46b3-987f-bf5e056c2336,2021,62484,
7ae25102-a769-460a-838e-8316815221a0,2021,62484,
385fbc9e-05ed-4651-b990-443028fd0d92,2021,87396,
61e7eb87-36f9-416f-a468-16e1ff90a691,2021,1376181,
58e66934-a12c-4c56-b082-abc13bb533c6,2021,37862,
faeab171-a726-497d-852c-326ebb7fae39,2021,37862,
e904ba97-a690-43b5-bc52-5ff7d5ba2576,2021,37862,
d4c0aa68-ab37-4565-8224-f254ebd187b9,2021,37862,
2b2d4c15-d351-4d26-900d-aa9fa23b5247,2021,37862,
39bd6a67-6fb2-497b-879a-c2339220fe8b,2021,37862,
dd7c9b26-42c4-448e-8c7e-ae76b1311a32,2021,37862,
62f907f6-45b7-4096-8fd7-26ec078e5304,2021,37862,
2e2860cd-99d0-4d6d-a563-bfe37b75a0af,2021,37862,
ab90bab0-b772-4239-8904-87b70735de9e,2021,37862,
24616c59-49cb-4406-ac7a-e3164d050871,2021,37862,
7bcaa727-dd3a-4731-b6db-770b0136538a,2021,1042278,
67b2e5c9-3969-45a8-b434-a06b22f52913,2021,1042278,
63e13e68-ad8b-455d-bab9-5a7d496bf5f4,2021,1042278,
fbb6aaf6-77af-4f00-9840-7fe68eddec75,2021,37862,
93473932-2ab9-431e-9c0e-613dcbb4cfd1,2021,37862,
5bfeb7a4-9523-4a3f-9ba7-b0031342161e,2021,37862,
b92686ae-d5b5-4d79-98fd-47c48bf16dc4,2021,37862,
0c8d8924-7c59-4683-9a02-4a5f724a7b56,2021,37862,
0ff1679e-3ac8-4f6b-860e-72537c60c400,2021,37862,
e0ffd9c8-26a4-4c6b-bde0-e64730096729,2021,37862,
2ae88ce4-24d5-4a27-b1b1-bb4642f2762e,2021,37862,
305ee1b2-825d-476c-8d7b-7737e0754fde,2021,37862,
4779c72d-5147-42a9-8b3f-a2795de545aa,2021,22047,
92e2a161-f475-4b9c-a21d-a72ac0c8d7c5,2021,22047,
7a0acaf7-4604-4952-934d-892d1e132cd7,2021,22047,
2756b93e-52a4-427b-bb7e-3c13ff44569d,2021,22047,
01da6aa0-928d-4a9b-9d1d-31a92354b630,2021,22047,
25eb7130-dcdb-42d4-8413-72eb76fe26c4,2021,22047,
38942c69-f573-491f-849a-31ccf5c4a21f,2021,22047,
7ef9b9ff-dfc8-4c39-823d-8b877523e99f,2021,22047,
ea9ddf81-839d-4ecb-903c-540557ad7461,2021,1315444,
fcf31d11-71e7-48ca-b3cf-ca77005153c9,2021,1315444,
7dc73d78-1b10-4919-a804-7f28e84c8f8b,2021,1187671,
9ea57a71-54ec-4696-906b-2de002fc79f0,2021,1376181,
b04bc623-bc30-4cfe-8e81-950f9331c04a,2021,113687,
77f56f0e-7955-4e60-b7e4-a044b1e0ad81,2021,113687,
c631a1a8-752c-4a52-903a-779b1432468d,2021,113687,
8ac8b723-13d9-44e3-8212-73464cbaf179,2021,113687,
5d5a1544-3a19-4570-93b0-a299f8ab0f81,2021,113687,
c697d9af-b398-48ed-83c2-841388900602,2021,113687,
b39f40d8-1e34-484c-b8f0-0c1bbb856412,2021,20030,
0b9680dd-6c76-4f04-afe1-7e7aa1163a8e,2021,20030,
14f627f6-57b6-4224-887e-1c49fc072232,2021,20030,
767545a0-a5c0-458f-91dc-3602ea41d3d7,2021,20030,
45ce4667-71ab-4373-9551-027240c66509,2021,20030,
ccefc2d6-c66a-40ea-860d-b7e985c42644,2021,20030,
a4931d73-1511-4da1-961d-923d9f9a3635,2021,56172,
41ac0fc0-5a57-482f-9dd9-48db9d0a3542,2021,56172,
e5782b01-5ffd-44a4-b576-f50dcfd2881b,2021,56172,
99dc5e49-2773-4895-976c-9e986818ea37,2021,56172,
2bd2c63c-c1bc-4cad-9fab-b33ad9a3cc59,2021,1427745,
22f8bc45-471b-4929-ab7b-d32cf3846f48,2021,48205,
89174a42-4dec-4e9f-846d-86367fbac0e1,2021,48205,
6d344893-1a43-4717-ac52-2de135e99f41,2021,48205,
91456170-5e30-4536-a2cc-706d1ba18b2a,2021,48205,
6cecd5a9-594f-4bbc-81f7-f49c7af4667a,2021,1047907,
6a90e3e6-6d26-4193-b3b0-698c2ec62255,2021,50981,
f2a6773c-6e21-465e-978f-fee9e06922c9,2021,50981,
52dad77b-cf96-477b-8988-b495f21327d9,2021,50981,
0bbf3e85-e234-4214-9d64-454be7da201d,2021,9414,
2adcb4b0-b292-4a31-9b35-3721840f607f,2021,9414,
681583c7-1bb2-4ee3-a897-d9503822fd69,2021,9414,
6dd2c617-5fa9-4378-ad57-43f60a772b09,2021,9414,
3f58d4e0-a2b3-44b1-817c-0fde6ab17b4e,2021,9414,
248259e0-90b9-4812-a40a-5b1a20ac2363,2021,9414,
089150ef-5146-4b19-9dd8-8e520f277a3e,2021,47505,
1cbce61a-25ca-4fc6-80bd-2dc02f783828,2021,47505,
90cd841a-1ba5-48be-a1b2-7341e171e49a,2021,47505,
83ef5a6e-58bd-4080-99b8-aad3f20ebc58,2021,47505,
1078cdc2-df47-474b-ad6e-fd778acd782b,2021,47505,
3d9f613f-eccc-4371-90b6-cc8073767495,2021,47505,
5c50746d-ab06-4b64-a601-403edab0bf76,2021,47505,
f51316d6-c4f8-4d24-b413-18e2c0a6e5f0,2021,47505,
876ec7c9-0ff3-4c0c-bd5e-ae3e870d0aa4,2021,47505,
c0055561-a3eb-441e-a520-9ca9eb3ae122,2021,47505,
954918fb-7c19-4f95-995e-e56d812b68b1,2021,106996,
1be0cae6-7458-4987-ae68-6b7d39c8f8c1,2021,106996,
f3479e8a-98a8-422a-8629-dd0e6292945c,2021,98595,
08e3802d-3ff0-44af-af15-da57eb642f85,2021,97443,
08a0770d-c42f-4be9-a7d8-4f1476c7ee27,2021,98595,
145beaa5-b88f-4976-8e06-4066e8c69b00,2021,114616,
cf8f7329-d440-4807-b89d-723ecff914db,2021,114616,
dd2e5c73-7fe2-44df-b628-470aa07dd65b,2021,114616,
f8504bd3-b472-4a53-a763-d9c69c01724e,2021,114616,
35510a0e-3941-4929-8752-49c7850d20b3,2021,114616,
e9a4782c-9e56-4697-9296-df11cf10ecdf,2021,114616,
68d94d68-14ba-4276-92e4-407e13286b7c,2021,114616,
e9b9eacb-3c1e-482b-8e78-8643d689410d,2021,114616,
7318ce6c-e88a-4eda-891b-5aef41fdc108,2021,114616,
dafcd0fa-22bc-4068-8f49-a3695b73024e,2021,114616,
3375d295-e3e1-42a4-b643-6b5a5e261655,2021,114616,
4eafc824-0f70-46cd-8b80-64c0dd744380,2021,114616,
e12fe454-a592-410b-86b6-cb6e4fc6a167,2021,114616,
62ab05c6-b9f9-49d3-aa3d-f7ae01e36dcd,2021,114616,
518b49c3-0685-4f70-9d66-9c49b49da38f,2021,114616,
08196910-322c-4d41-ab3f-9133b47c7433,2021,114616,
ca0f0371-5463-4029-a1df-531d345952eb,2021,114616,
84e1e335-962e-4bde-b689-5f21ea95667f,2021,114616,
74dd44bb-e015-4c19-803d-0474964f81a5,2021,114616,
9191fa9e-df35-41da-b3e3-4960755d85a7,2021,106996,
e0fbf74c-5e8a-49e2-afc2-a5dfcce1b34a,2021,94455,
6bbe8800-5291-42c9-b8bd-f490b3cfb8c7,2021,95175,
96b463b0-012b-44df-9c13-4f6c00d7152e,2021,95175,
c4dedabd-78b0-4c14-bedf-4cd05aa22ed7,2021,95175,
8749f929-9d57-4a23-897d-4310102fbff4,2021,95175,
5d863085-fdfa-4481-b6db-0ac6fb61c1d3,2021,95175,
a719d080-f3b6-446c-8c7a-247cf56667e8,2021,95175,
a6d23fa3-47d5-463a-aa0a-abc9d5800141,2021,95175,
a513b94a-97aa-423f-ba80-cc2f07fb0f84,2021,95175,
cf738849-f0a0-4d88-849d-901cf6523aac,2021,95175,
f8abfc0b-0edd-4338-b2fe-22100e29d484,2021,95175,
c91d33fa-0653-42d2-9910-d8287cf565c7,2021,95175,
538a13a0-8959-4b9b-bd61-2276de8ba1bb,2021,95175,
9d3acebc-971a-4a94-8dcd-f36c88effea1,2021,95175,
e4e3c833-1fea-44e5-a4a9-37a4ce3957bc,2021,95175,
281e6525-1546-4cef-ab5b-d5661d209ef6,2021,95175,
25fdf906-8584-4223-9ea7-e7c168818125,2021,95175,
580fbf9b-2348-409b-8617-c34e6755db2b,2021,95175,
6472b66b-cc1f-4214-814d-d8661478087a,2021,95175,
cc1cd880-fd91-40b6-89ac-97a84000e104,2021,95175,
ceea062e-9eb7-45ca-893d-3b5cd67ea0c2,2021,95175,
2d66345b-2a58-4e23-b82e-3c52cdeef11d,2021,95175,
e5d956db-d2c3-4fff-ba53-4fc841d3e756,2021,20009,
b2f8d5e4-c482-4979-b576-840bf8f24ed4,2021,20009,
44aec352-1a71-4a50-ad9a-c91966916195,2021,20009,
b5870cc9-2f7c-4e98-8559-ea6119a3e890,2021,67092,
19e4e8af-9057-4806-b746-3c381ce0ef11,2021,1283779,
ff4e7164-f380-40c5-8904-982516e19062,2021,98595,
92de9ca9-85bc-4f42-b99f-94c130dd7877,2021,98595,
b8b1ebd0-a4d7-4b06-987c-b64a73baaa32,2021,98595,
7e2558eb-583b-4471-9e5b-d0c16d1238b8,2021,98595,
f96a9a8f-0867-4704-8961-6f6adc45c166,2021,98595,
6ebf1ba4-ef34-4cf6-a964-bee32ef13013,2021,98595,
c34f8223-0a44-4c3c-86d6-13096219eab2,2021,98595,
e15eb907-4bb4-480a-ae65-b27af8a8423a,2021,118994,
08d54fb4-8d6a-4f6c-af3b-6d57934aae35,2021,118994,
2da35d40-284a-40ab-8415-61a1d7e21a9b,2021,1376181,
b860e467-3ef8-41b1-bf57-108cb4ceb943,2021,68930,
c0f2deae-ebb8-492f-9ab4-7291f9b63c22,2021,98595,
02215744-6fea-4ac6-8f53-286cbfc694ff,2021,5000135,
0ed84476-824d-4b44-86cb-231e79df511b,2021,5000135,
b4b7ee49-f8cc-4f29-991f-4966296b5322,2021,5000135,
c57ed181-8215-4973-80d5-15cc500f61e4,2021,5000135,
3844fd18-4e16-4145-903a-4044297e3167,2021,5000135,
8903a4fd-ecc3-466f-9f61-e9759b9e64a9,2021,5000135,
03d8c798-1e12-4585-8742-173fb46bf30a,2021,68930,
160e9b7d-7236-442e-8b5a-6afd8cc28080,2021,1322390,
4f7dd307-63b7-4f12-9ed0-c8d4cdefb781,2021,1322390,
72b35467-e5ee-4a84-9f21-b97a1afaaf1a,2021,1322390,
f29cc9a2-77b0-4df2-9bd3-f4f8202db43f,2021,1322390,
44b51efb-4d92-45bf-b82a-37ae86ec93a8,2021,1322390,
28f3ab53-b692-4c84-b2ae-1d60cb58a6da,2021,1258063,
8e4704a5-960e-4c46-a0ef-5840bb384e45,2021,1258063,
a3ef673b-35be-48ea-bde3-b003981f6767,2021,1258063,
974ebbb2-51ee-4008-87a6-f8494f9ed256,2021,1258063,
c33b5f7f-a6bd-4a21-ac22-b8105c857f50,2021,47505,
3ba497de-11d1-4817-88a1-02be14aa3ec8,2021,47505,
4ce72a29-9cc5-4fc3-a0bf-6a96f3375971,2021,47505,
c3446001-4416-4396-82da-e0a8fc6cd039,2021,47505,
c2423441-cf2f-4da4-944f-2e3246256f6b,2021,47505,
1f3c9165-1a95-4248-91ca-2d9a777eaa09,2021,47505,
592392d9-728e-4042-8bae-b231a622d9c4,2021,47505,
aae8ad77-5803-4528-acc4-0d35de07c082,2021,47505,
0ec99561-7bd8-4e3d-b2c0-6acc8c2b3354,2021,47505,
4171e9ce-f89a-42a9-94df-0023e92e4633,2021,47505,
aa57d22f-70dd-4bff-801e-c7c7c9e4de7d,2021,47505,
d7043f1d-7821-4ab1-babc-d0b821946ef4,2021,47505,
f1655d66-3da4-4fc8-bccc-ce6411a414cd,2021,47505,
c2bc6f47-fcaa-4d19-848a-f401b4701898,2021,47505,
a112490c-f102-4a50-97f2-c0769d78f15a,2021,12025,
f8bc0784-447e-4bd3-aa0a-64a631812678,2021,1101244,
844e45ee-a4b5-45f0-ae6c-881ee906da72,2021,1101244,
d094426b-0c04-468f-b32d-045816e489f1,2021,12025,
435aa4a4-2b38-4c5a-ab08-79eab634d4ee,2021,12025,
4bdc0c51-9e95-43de-8e36-a2b73b569a95,2021,12025,
2b858698-8010-482a-9a3c-1118bfe602ce,2021,20239,
cf2a934b-7e12-4083-8d6a-9a485ac115d3,2021,20239,
2e9c0bb5-6abb-4f91-b4ea-0100250f4952,2021,20239,
cbfe2ae1-3a12-4944-a2cd-2f148da761e9,2021,20239,
d6cd90fe-b89b-4878-9ed5-3a6ac505eadb,2021,20239,
5bf182fe-94fb-4db7-905f-704c7f69c4f6,2021,20239,
099e82af-ebfc-4b89-b649-ec0655467689,2021,20239,
9ccdf407-e442-42ab-a81f-1fcfeea1d764,2021,20239,
412832f6-c798-4cf3-b751-cc565f245ba7,2021,20239,
d35d3773-3d6a-45e6-adb5-8aefddddf60b,2021,20239,
5011625b-9f9f-4b01-a8bd-a326593033c3,2021,20239,
13eff309-981b-4b7a-9d8a-c934a75987bc,2021,20239,
d44c068a-dd3f-469a-b171-1f23998ea546,2021,20239,
c77285da-3a9b-4382-b736-c3322a6b863f,2021,20239,
e7fe43e3-77d3-4076-8b8b-4fcabad479cf,2021,1190071,
11dcafa4-b7f2-4b4c-b590-02bbfee072ab,2021,1190071,
4a7c6788-1431-44b8-9e8e-b201449a5f30,2021,1190071,
8161a501-6f13-4e59-996e-76bc48c35961,2021,1190071,
7bc461e5-cbdd-4fce-b3f6-7992500abcf7,2021,1190071,
763d8821-9e44-42d8-b176-70f9cbb39a2a,2021,1190071,
29ad7058-12ab-4fb7-ace9-87021e3c0ea4,2021,1190071,
272d8331-cd35-4ae7-8882-e17bd3b4420c,2021,1190071,
40b690b3-3876-4a9c-9086-e9ddfc670fec,2021,1190071,
d18a03dc-bb74-4671-8896-328735f34583,2021,1190071,
1bb6bc01-6b0d-48f1-bde1-e27ac0a137cb,2021,1190071,
d0e4de87-f0c4-4748-b3b7-70e3225c3848,2021,1190071,
9b2f90e3-54d8-43af-9bf4-2bf1c347ac62,2021,1190071,
6f98f92a-c2af-4177-b440-9d4f374d344d,2021,1101244,
70401aed-d2c2-4f5f-b20d-d9d8adc1adb4,2021,1101244,
6fa84a6b-523a-400d-97eb-b44f656a9fe3,2021,1101244,
ac8ee4a2-ae4f-4360-9544-91badb3f914b,2021,1101244,
27ae8032-26cc-4c34-b207-57f01af54c27,2021,1270596,
f5504b2a-38f5-4d2d-b6d4-85fdb9374fa3,2021,1270596,
d58eefcd-a428-4650-8fa4-687d0898a426,2021,12025,
e39b966d-71af-4b01-b9c7-14be40c2bfdb,2021,49071,
414b874d-c1ed-462d-b767-18a0d4a50c8c,2021,49071,
4ae5e1f6-f170-4c33-b003-66cddd0373b3,2021,49071,
15e4549c-b708-462d-b316-51cf77c32db5,2021,49071,
1c72e083-6b1d-4ebd-9073-e0ef72b366bd,2021,64664,
c9a657ae-3456-4e98-bf2c-acc5726ba406,2021,1270680,
05c1d18c-f642-4b99-a8de-c6afdb255ebc,2021,64664,
27853557-5393-4fd0-a5db-bbde885efc5d,2021,60886,
e629c74e-1174-428d-ac77-86d3d07f46f3,2021,60886,
332154a5-93f5-47a0-9234-93ca10b66166,2021,60886,
0756e6c7-2509-4b16-b1d4-0244e4f3be58,2021,60886,
88bbdb53-2ebd-4c39-8799-40080d329e5b,2021,60886,
640a44c0-61b8-4eaa-aade-44aebe5ea02b,2021,60886,
6b3085c6-e002-4422-af20-60ae42b7a96c,2021,60886,
9669f4f7-ec3f-4071-8f51-3d18e0eb4741,2021,60886,
5bae881e-2a99-4acf-9b0e-4a41e69e85f0,2021,60886,
3a3bf096-e035-4332-aa39-cd66dead5672,2021,60886,
ce86e701-8e1f-4c1a-b2be-5fabe6d1bdbe,2021,116770,
fa41b5c5-4eb9-4296-85fa-8d4d6b7764ae,2021,116770,
0c9d4643-2562-4b24-8f35-f152b144d7b5,2021,116770,
51bbec40-f0be-46c0-9411-ef7734706d99,2021,116770,
6f9e8aee-de80-4931-aef3-6924b2678515,2021,60886,
be61b5f8-a859-4bbe-91ea-6e1a66372f8f,2021,1139692,
6d537117-397c-4cb5-9779-64046c65af12,2021,37862,
a434e014-ebc5-4740-b9bc-45dc46cce9d8,2021,37862,
76421261-cd79-4eea-b460-dd9a32dcc766,2021,9414,
029096c2-439a-4031-bf5c-4beda8a0dd64,2021,37862,
816a4bd9-0d1f-431c-bee3-43ae6abee868,2021,9414,
a8e0d539-3acc-4370-9147-c6eaa529b4f8,2021,37862,
55790c93-777f-46c8-8c86-cb7a990eb352,2021,37862,
5c0200a6-4bd5-4b20-96d8-51c984a683ef,2021,37862,
ac8bf004-742f-4dfb-94be-bf4363e0572c,2021,12025,
33193dd3-7bdc-4da0-9f1a-b6bcc9c3bea2,2021,1473699,
d768140a-6390-4e15-be24-b7fd056731d3,2021,106167,
a2bef159-b3fc-42fb-9512-b1d7ab8c33d8,2021,1166783,
45f9f473-d57c-4bda-ba8a-f92f23fc0b63,2021,1166783,
2bbd4631-3802-419f-9333-63669b2d41d6,2021,1166783,
f17e0b29-e842-4477-97d1-c867d7a16df0,2021,1166783,
f999be14-004b-440a-ac02-938fd0786402,2021,1166783,
dfb4cce2-7df1-4fbe-92ad-2fa0ed226c5f,2021,1166783,
92d0f1bd-76ee-4914-8e2a-38ac175a893f,2021,1166783,
43b3c035-c19a-4b40-a8d9-e33cc3230738,2021,1166783,
ef87e93d-d2b6-417a-97df-0ce6febb9549,2021,1166783,
cc8e3d23-87c9-426e-9e70-a747890c1744,2021,10515,
11c537b5-d7ea-4a10-b253-1d993ba229a3,2021,1330347,
2119e235-e818-44bd-94f4-d49090166709,2021,1330347,
138e2922-3e22-4f01-b728-0f0bd83b8c9d,2021,1330347,
f8d7151f-3d46-4ca0-b67b-cd9680961e64,2021,1330347,
8c561aac-91b5-4114-ba48-52f32033fd94,2021,11452,
c107e254-88ea-42e6-9798-9d42ba8f52ed,2021,12313,
91bd8aef-6003-49c1-91d0-0f5fc709bb30,2021,12313,
c0cafc63-ed2e-44cd-9ac5-b51b53951f50,2021,11452,
c6779fef-b5cb-4802-9634-65899a3fad7f,2021,5000951,
52f10b9d-3e72-4e97-8b3a-1ffa2597e432,2021,1181115,
8305912e-9c2a-444b-8876-fd53e10af320,2021,113813,
debc7940-13ef-4dcb-8dce-ecea3522a9c5,2021,113813,
156194a6-6405-4cd6-a41c-2bb8917753a8,2021,113813,
be9b82d3-956d-46d0-a032-40b2106531a8,2021,113813,
9b5169c2-b83f-4f7c-b500-530a532157ad,2021,113813,
fc49961b-a179-4450-b06a-79ee31bd3b45,2021,113813,
fcd5ccba-e7e3-4373-8f54-7eeaf9fe84ed,2021,99406,
3e950934-1ab6-4b73-ae0c-418dfba82a10,2021,99406,
9e67d35c-67cb-4d6b-a4fe-2baed679947b,2021,99406,
196bf8da-2868-4dcf-9613-79da05532a10,2021,99406,
3d047dd6-0da9-49dc-8bc4-7840c0e90aa2,2021,99406,
ed8553f8-9d6b-441c-ac09-109741eeba13,2021,99406,
55d4c7af-5040-4467-9427-5a52c9c05f5a,2021,99406,
49165c20-bf85-438f-a917-d9c78f11f6d6,2021,99406,
7f2d1f8c-4ca4-41cc-b52f-343197082f4f,2021,99406,
72a0bf92-e93f-46b4-ab28-50aca69688ae,2021,99406,
67dac1c9-245a-4a7e-91fd-31d8c65bcd2a,2021,99406,
cf1236c3-6a11-4f31-b58c-9a611d5e3c28,2021,107920,
d37be7eb-f0fe-419b-b3ba-5d9cd2c89706,2021,107920,
6709f534-9ccf-4312-9dff-07b7119597ae,2021,107920,
3f90195f-b25b-49d2-b912-80f5281f2ddf,2021,107920,
b1965566-81f7-4850-b659-e11f8afed7d6,2021,107920,
1bf8ef3b-7186-401c-90a6-dc21d258cfec,2021,107920,
037b57e3-e246-476c-9eed-f8d9ee26df15,2021,107920,
56813654-52f9-47d8-ac0c-4a7c243340d2,2021,98764,
fbdf7386-d78e-4f05-9818-6a37e2a4da4c,2021,98764,
4035de3c-12a0-4912-80d4-3202211e363a,2021,98764,
f637386c-a453-44a0-af02-7204136799ac,2021,98764,
d9cd124e-8f71-425d-8e71-08e5b981e170,2021,98764,
780b67b3-874a-4406-a327-a6babb0f1b5d,2021,1118057,
a5c05102-ee3c-4a6e-ae30-6ed1014b90a8,2021,1306689,
6d59fc33-8218-4bab-9604-c8be928d6332,2021,100654,
8c17a627-0c77-4af2-aacb-1377086ad2b5,2021,100654,
00a64387-95a6-4e71-99f6-037c502a507b,2021,100654,
7cf59cf5-e1cc-4e82-8c8e-41ec90ff8e80,2021,100654,
4b3359b6-cd3b-4776-ae15-bf72e36ea4c8,2021,1306689,
18cfb62c-19aa-494f-a423-2f5497ec4e0a,2021,5000135,
40f35366-a9d4-4323-9abe-c152bc0772ba,2021,5000135,
96b1a702-3635-4371-9e99-5ea0765002c1,2021,5000135,
68a7a581-9345-4dff-90f3-e0b22ad9326c,2021,5000135,
abf6655c-cac0-4370-b5dd-6f7f1adec3d2,2021,5000135,
6dc2eec1-4000-4177-833d-43536851ae01,2021,5000135,
8f56c082-238f-4582-95b6-fada0113e2b4,2021,5000135,
4a3afdf7-764e-4cc0-9c22-341dc57d7368,2021,5000135,
2d11cf5e-8301-4c42-a582-67c968da6a77,2021,5000135,
4cd787f2-5bbc-4ce3-bb70-3391cb02c7ba,2021,5000135,
fbbec8b5-28de-4ad7-b57a-bc8f8be11894,2021,5000135,
1c58eb5f-7f9a-431d-8e9f-d0b1d2b966b8,2021,5000135,
24721f18-505f-4850-b816-4ea5056524ec,2021,5000135,
7696d902-3ab5-47f5-882f-82d94119868c,2021,43664,
dc7058ae-6e51-4929-9ae6-d02c770dae0d,2021,94762,
ee7e1a07-ab7a-423d-9579-e4c8d970a0c8,2021,94762,
d70d8087-5279-49d4-98bc-26c77f2058e6,2021,94762,
018bb4db-f060-42b6-9c4d-e7a510cb6155,2021,94762,
29256ed6-7a7f-473d-ad3b-f98cf58234a2,2021,94762,
ea57c7b4-5789-445d-938e-3ae050e55ae0,2021,94762,
b4da3e39-58e1-4c63-80b2-bdf69c0d56fa,2021,94762,
80453a82-5a14-4565-a331-8372a4e1f490,2021,94762,
e432345e-e0e1-46c2-b7cc-5dc139b949a4,2021,94762,
22655934-68c2-4ad7-bb56-35ab2f0efa15,2021,43664,
4193f6b3-8a77-4cc4-9a70-7f8d7c6be3eb,2021,43664,
e0aea686-b6dd-459d-b479-d3523359bc4c,2021,43664,
6bccfded-421f-489d-b058-41325d449af7,2021,43664,
70c3161a-c4cd-4a5f-9365-ac0ea0e12588,2021,43664,
579b5720-c945-4ab1-a847-bb3d7c0ab2c9,2021,43664,
8fde2a25-a753-41a7-b911-7b29e0a1cee4,2021,43664,
4bab74d1-1992-43ab-a24a-8cf90551d6c1,2021,43664,
28d653b3-1c1c-49d4-87bc-a93f078ae2ec,2021,11730,
04988097-e7f6-4154-87d8-a7a404931b6a,2021,2209,
8b3ab891-bd58-4aa0-81a8-379c81eff7fd,2021,2209,
3c6f23b5-2dda-495a-87af-6e6986cf55c4,2021,2209,
65ad6d20-81f9-481a-96c9-248cccac41a9,2021,2209,
0a5215a0-1b59-4f5e-ae08-69d02da9d290,2021,2209,
ba78e176-c023-4421-9a0a-2a70e5b94de0,2021,2209,
be4028ff-76b8-4d9c-a648-c4b72ae90c21,2021,2209,
2656f8a5-3836-495c-a67e-168f5701656d,2021,2209,
14555523-0792-4509-92ba-9b82044e4f3f,2021,2209,
d0f693e9-d71c-40e8-bcb5-73f47f3464c0,2021,2209,
3aedb033-cb9b-4628-81ac-f153e1dee53e,2021,2209,
d9ffc1d6-a49d-4eef-b958-42e2791f0117,2021,2209,
58868ad2-9404-4866-8fa5-22c30b060921,2021,2209,
f9c1ef8d-dda6-443a-a983-6d674de082a0,2021,21464,
383c3c40-dfc5-4bde-a186-5be04a6adbe6,2021,21464,
7d033602-5043-4583-afe0-bec0dc4953b1,2021,21464,
362037a6-5f1f-4707-9f83-36d316d02686,2021,21464,
9bcd6679-bea6-4803-831c-b7fe712d45ae,2021,21464,
a4ae01fe-d522-4120-969c-43016dc28a2f,2021,21464,
f2fb8a7c-8743-4d68-8dac-f7d5634ec7e9,2021,21464,
c044a2d0-41ac-4ead-a19c-0a55d6fa9a58,2021,21464,
826c43b3-9a25-47b7-8616-8bc3eda27b23,2021,21464,
ed6026ad-300e-4193-9b43-d36d3599f109,2021,94762,
f67936d6-b8cd-44a0-be96-1867f7de549c,2021,94762,
f3970ef3-53da-40ec-be3d-ef2b66f544c7,2021,48675,
cb90423e-3934-46f3-a5a6-66f3886fa0ea,2021,1042278,
dfb43d0e-94f1-4365-8730-99ab7c547552,2021,1042278,
2b662c0f-7f83-487a-8134-76b8289e88f9,2021,1042278,
43798bc9-7b43-41a6-b81a-d25d39180891,2021,1042278,
b780b8a9-b4d6-43a7-8d06-cfcb39ea095c,2021,1042278,
b730ef56-28c3-4b5a-a04b-d54db8f266b6,2021,114616,
25b65f65-77fb-4f56-b998-5269e7473e8c,2021,114616,
2306e3be-a281-4d98-a688-59f868eaf6a1,2021,114616,
3244dce3-3234-4cb7-b702-9f1987229675,2021,114616,
bce1581a-a70e-4296-8fe9-79c028f14b31,2021,67601,
4a0d7cd8-1eec-4e9b-826c-90361d9ab053,2021,103062,
2525155b-9bbf-4a01-bb03-6401878cacb6,2021,47051,
1d43b2ae-7325-430a-a442-41a2e8d5202b,2021,47051,
e235e37b-3648-4214-a77d-41bbf0e063cd,2021,47051,
cbfb4080-0136-4605-9a8f-c93d7ad8b6f0,2021,90030,
299bf488-d44b-47a0-9be0-5db633816e09,2021,22061,
8bca0c66-0250-4a37-a177-a1d58f667a9a,2021,83388,
51f3ae47-6401-4836-bc67-7cc7f3110cab,2021,17886,
86dc27cc-874b-4765-bd98-1bfe7d198343,2021,17886,
f2228553-2633-421b-b4bd-e271ff058d62,2021,17886,
54771c05-2263-4598-9b33-f08ad56f0666,2021,17886,
4b5715fd-439e-482c-95eb-27bf37009e59,2021,88084,
42f7d167-03e8-40ca-afff-28a7b536ad67,2021,88084,
08b5834d-914f-4467-af77-b204c38b0c61,2021,22061,
264eb38e-d054-45c5-804c-d5ef0d67218e,2021,17886,
e8f0a0c6-c385-4b4d-80d7-e32eb3b2eec4,2021,107920,
7aa851fa-c917-42f2-a1d9-58ec7404408e,2021,22061,
fba2dbb9-51e8-4ac2-8362-1314fa854580,2021,9425,
2f52dc7b-f740-47aa-8247-2920fc8ff033,2021,48993,
96edde2e-d120-4101-b8da-7a532c899fa9,2021,9425,
095c6e2e-5901-4a68-9c8c-004c2e3afc02,2021,9425,
bc194811-20ab-4b9f-9f45-ae79d8e2f0a3,2021,9425,
f849f377-1299-4537-949b-5ea6b89ae438,2021,9425,
31527d49-713f-4644-b63c-bde851f6c31e,2021,9425,
27d2e5db-e945-43e0-8954-217b3a16efa6,2021,55777,
b7039738-6075-4ca5-82bc-36355a0c05f6,2021,12313,
53c4f18b-e270-405a-837b-71418652f8f4,2021,49054,
ac7ec8eb-582a-49b0-9205-c191288f0f0c,2021,49054,
ad495329-0cb2-486e-b590-798a46bc3e30,2021,49054,
4180930c-0991-4eec-855a-8db3a745d742,2021,49054,
8c0c08e8-e852-4bfd-a7ac-9ff0f317b808,2021,49054,
f4e70b7e-fb4f-4e5b-ac73-2ed8bc9946b1,2021,49054,
c3bed2bb-f321-49a3-8374-06db8ea732a8,2021,49054,
7c5f33dd-7cca-4683-99ba-43652c58e1c6,2021,49054,
07e479e0-2015-42bc-b473-16ab64823247,2021,1306689,
1c765800-61e5-4a5d-870e-20b00046caf6,2021,968,
2bddadf1-24e3-48c2-a1f4-f8ea1b26a0ce,2021,968,
47a8048f-2c02-41b6-a37a-89068a195c3b,2021,968,
c1627901-2fe3-4172-b804-6a58d53ddb47,2021,90030,
e677fa01-0b60-4973-a393-797bff7ffdbe,2021,94762,
0d2bc352-641b-44e2-bc6d-8e2f5b7c1bf8,2021,317,
6a20d4b7-6fdc-485f-9506-bb1a9abf9967,2021,317,
c8029bbe-acf9-4899-a965-64acff191701,2021,317,
aa1bb763-ea14-4641-905b-b1e5ccd52963,2021,317,
54f908b0-4a88-4cb7-b5ff-1a02b3881ec1,2021,317,
9e3f6e10-0e7b-4913-878a-8428f5b1674f,2021,317,
c5c571bc-40a9-428c-9590-a216f4e3c793,2021,317,
4213280c-c9a1-41a9-ab38-e56f964e25c0,2021,317,
16740e7c-b6d3-4c92-90a0-ca8ebcf540d7,2021,317,
bd37a455-130e-4434-81e1-ec0940a7f610,2021,317,
27b6e9a2-dfa2-431a-9b51-073a10e1abfc,2021,317,
b4a4cfad-e126-4366-91f4-46262d671fd4,2021,317,
a007e805-3bc4-4e09-81d4-1806e67108d0,2021,317,
fd0699e4-e74c-44ae-ba92-c04cac228b3a,2021,317,
f38f2e6f-248b-4695-8177-a97d499e8b82,2021,1102628,
e2e29854-25df-42bd-9966-a191eb5b4a5f,2021,94762,
304a72f4-65b0-4929-b33d-75fc981ec17f,2021,94762,
00987edb-f59f-406b-98da-02e7ca4002d6,2021,94762,
9c223d59-9265-43b8-ae28-1e4070569c94,2021,94762,
842ff45b-1c2f-4bee-848c-918a4b1698c7,2021,113687,
cd35894c-ccd5-446b-a90c-6b5dfb5da7e8,2021,968,
f727ede5-0279-45ae-abd4-5e7c638e3899,2021,968,
a45ec247-2cba-4ebf-9959-db4ee2aa09d0,2021,18683,
2c8d6432-a42b-438f-aa71-71a5e92fef75,2021,18683,
ad5e9562-510b-455c-9b8d-1aee14b7c2e2,2021,18683,
a4508bd6-5f5d-408f-8c54-ce20b9828f81,2021,40343,
e367c3b0-fc60-4aa4-a0a0-dc7e16986681,2021,40343,
8e5d523a-ba0b-44f6-919a-ac99a87a60fc,2021,50082,
f5907419-3fd2-492f-a669-7d9d122aa0ee,2021,50082,
c8093dfb-df48-4779-80c0-bf09183bbc2f,2021,94762,
eff8a8cb-5c5e-48ab-b3f8-e680ee857a67,2021,20009,
338bbdf8-edb9-44ce-80fa-e437583bea1a,2021,5000951,
c8d957a9-5c65-42fa-b828-f86a28c52f07,2021,1118057,
fd0ddf30-d15b-49fa-addc-9d6b74fe0eac,2021,108660,
3e618dfa-613b-4d16-a843-ede7e149b26d,2021,108660,
ec8580e2-d47f-43d3-818d-08d50e207602,2021,108660,
1aba219d-4aa1-45a7-ba2a-3a80f01a66c6,2021,108660,
b0750473-86e1-4c01-9238-d1f1aed2d56d,2021,108660,
c2c502d7-f67a-4f59-bb4c-3b7ccdd72191,2021,108660,
c21726ca-09bc-46e5-ae1c-824e766d5419,2021,108660,
ceb7f0c2-2b34-4b88-a1a0-0a6026dbcb8d,2021,108660,
a50069a9-7fc4-46fa-bdd3-3315aaf9af88,2021,108660,
76038aa7-7ddb-4b32-b30b-4ac16351ad16,2021,108660,
3367af7c-6788-4828-bdb1-d65b58775421,2021,108660,
f2716039-1911-454b-98c0-03c696271e50,2021,108660,
c5d13df0-3206-4f8c-8e0a-97e87c418dce,2021,108660,
4cc9467c-fc44-4baf-887a-194474d3676f,2021,108660,
5f8bde59-3392-44f6-8c64-d028ea746b41,2021,54934,
a38d01f8-58cd-49ca-81ec-8d0e734a0900,2021,54934,
81be5894-b2e0-42f9-ba7a-e816465909e3,2021,54934,
b453bd22-6816-4dea-8385-b9307a55fc2a,2021,108660,
0dfd55e3-81fa-42e7-b452-49e8014c5871,2021,108660,
d7f364c9-af9c-423a-be87-40823eeccca1,2021,108660,
46d8715c-0361-40dd-8f3f-e78c794a2434,2021,108660,
feab10ab-f58a-4207-bbc7-7f87ac4375ad,2021,108660,
4685aec1-36c0-470e-91cb-52ee9dec9a3e,2021,108660,
6ac05de6-b997-4994-94b8-c744f761b67f,2021,108660,
adf857b9-aa29-4728-8bee-fe6900ee2a2d,2021,108660,
913c437d-a1d3-40d4-9072-b59a59cf7bf8,2021,108660,
d981f04d-627a-4933-ae39-cecb68e2df7d,2021,108660,
81b99e0a-c452-4f08-a07e-1c09cf796851,2021,108660,
d4041a9a-e662-4fc7-9634-0916065fd426,2021,108660,
8352c543-bbed-49b0-9947-13c2441c1eef,2021,108660,
8765f011-fe5e-45f6-9511-6a1ea214032a,2021,108660,
2f425fa0-07de-4e6f-b808-c635b3c09abb,2021,108660,
1691d35e-e266-46a3-85d3-006d7f1b3fb1,2021,108660,
b2770257-d895-4cd5-b40d-5db0b593c1d5,2021,108660,
174c39d8-6be4-4edb-9af5-8dd1a2f47593,2021,108660,
e19c5d3f-85cb-4742-bb90-cd58e2321d28,2021,108660,
fbce47b2-c883-4def-895f-bd3a0afaef24,2021,108660,
a364c06c-f49d-4182-ae11-dac45f6f1639,2021,108660,
7bc602e4-3f8d-42d8-b8a1-caddee60cf66,2021,108660,
4f717168-b3c1-4fb7-9e4e-7a915ac43f5d,2021,108660,
6def6c4e-bb73-4bd6-99b2-510ea2db4f37,2021,108660,
4529b35b-d829-4505-8550-ae2103f0362d,2021,108660,
d8d5093c-3af4-4f7a-8587-499719ef6114,2021,108660,
d4629314-301e-4f05-ac1b-5b5394411a8f,2021,108660,
8181cbec-82c1-4970-a466-5fd4d2628543,2021,108660,
4ed38cb1-52ea-4f04-8f96-7f246cfd4c81,2021,108660,
ed33c727-3d92-40ea-8a69-6291cb8c9dd9,2021,108660,
2ec3f68e-87b4-47fe-8f99-786ae1abe2c2,2021,108660,
12d128e2-dd23-4568-ba33-50152f201c6f,2021,108660,
82a761e9-a065-406f-90f1-6805bcf558a4,2021,108660,
1d4c746f-bdee-4fb2-bcbd-a921727b6934,2021,108660,
2ed84cc7-0e8d-480a-808c-028efb449c73,2021,108660,
95da746a-5018-4767-995b-7742091fb5ad,2021,108660,
1a640814-6018-4d13-add7-e478ba3b29ec,2021,108660,
31e94c62-eaf5-40b5-9edc-70ba7d84842e,2021,108660,
be4a2ac4-c42a-4fd7-a7c1-d5358375b66d,2021,108660,
c7744e68-5f2d-4281-9e7c-dd1025ce9e5c,2021,108660,
6954ccbe-cf15-4e1d-88a1-bc3b8b271e07,2021,108660,
bfe99a63-ae41-46f7-912d-37589aea5be0,2021,108660,
5f824649-96d2-490a-bfed-da37950b281a,2021,108660,
a4c62ad4-205b-4ded-bb1c-8859de0f5ff1,2021,108660,
8b9b8c30-8002-457e-b093-90e972771dee,2021,108660,
8050e508-8b60-4e84-9127-af4df558bbda,2021,108660,
f67d2275-aac9-430b-bf1b-f6981034ab39,2021,108660,
32da1caa-1f34-470b-8a11-d8c213870e94,2021,108660,
fcec5980-0f35-47f9-a89c-355dec49851a,2021,108660,
2d9c250d-06bd-4124-83e4-92a987c16d29,2021,108660,
36f56527-e60f-44da-8f63-b5dff096b3a0,2021,108660,
2afaad9c-38ed-4150-b79d-a0db131fb88e,2021,108660,
d764fde1-e813-4a4c-b3ff-b2f87364966e,2021,108660,
7020d679-05ca-4f09-b574-05178a622fc3,2021,108660,
895aa409-2dc1-44eb-94eb-4e1783277cc9,2021,108660,
12946254-2744-4f94-a771-dc0ed28a341a,2021,1117717,
7a6208d4-d566-43e8-b15b-078a0bc769a9,2021,1117717,
18dff9cd-7fbb-4980-a534-b3f2d9cebbda,2021,1117717,
7fc13bf3-beb6-45ad-a1ed-71560bc7d385,2021,1117717,
c8465f5d-19cf-44e2-82fc-32409062bc81,2021,1117717,
20a4cc3f-02f9-4612-adcc-411c86031d96,2021,94762,
1ca95bc4-40ff-426a-91fc-71a5afb44959,2021,9425,
fea57f1a-8dc2-4fa4-a071-199e1b04d2f8,2021,91262,
819a787d-b4a9-4e69-80f8-db1392444243,2021,91262,
92e822b1-1fc2-4174-8076-cd23edf53bff,2021,48675,
13141c77-e11d-457b-8339-f7b1eda05198,2021,48675,
9a496de8-e90f-4c19-a181-23b5e34ee6e8,2021,968,
4842dd4e-1a8c-49af-a0ab-630a0b52cdc3,2021,968,
9466708c-e7be-489b-b77f-8e1b9e93d352,2021,98764,
53621c6f-7f6f-4fea-9456-38d502f73600,2021,98764,
a919161e-0c99-4260-ab13-279fc84a0ef1,2021,98764,
f18403f9-cb2b-4608-b58e-26d1dc7c9c88,2021,98764,
ca738865-c36f-4de3-b524-239ddf921f8e,2021,98764,
fa0a3b40-5be7-492a-ba96-f5ef87568e97,2021,98764,
a44a9da5-88e1-417d-b809-80eaa81c72c3,2021,98764,
75e05da5-9029-4c2d-bc4d-a83706e001a3,2021,98764,
a80ce216-4409-4f9a-9c1d-2fc108a00b56,2021,98764,
df42426e-af53-4b3d-bb6b-f080e434a53e,2021,62484,
a3d4b9a0-3e63-4c92-9a4a-cd71dfb9a0e4,2021,62484,
5825dc4a-5ef2-461f-ab2d-04e9498c8599,2021,1118057,
c8acd43a-f579-473b-8f73-79db2105eb62,2021,48205,
af38cce1-1f40-46ce-b3ce-b06b599599e8,2021,48205,
