id,NU_ANO,CO_CURSO,QE_I23
611da6ab-a441-4abd-af60-38d95cf68616,2021,114616,A
3627d177-d12e-4f8b-a8b7-9abaedaaed4f,2021,13446,A
d89ffea5-7846-42db-aa75-39aef9845f8d,2021,20756,A
02a69cd6-82a3-4e50-8a49-6fb4ad00ff35,2021,1181115,A
ee76cfe1-7fcf-4f27-80b0-bffe41165aa7,2021,1265453,A
159b5691-a05f-4311-944e-71d33d86423f,2021,13980,A
b14529e5-8396-414c-b6d4-e1933878cb0c,2021,9414,A
2cbeef80-1cbc-4ffc-9707-cf53c7c4a185,2021,118994,A
4df58121-99a5-44cd-8ca1-a77512f8f13a,2021,18671,A
44389013-c11e-440e-ab14-25e683136201,2021,88084,A
f7ac55b1-b5ab-4876-b9e8-0ce8e1e882fd,2021,98764,A
b3dbff1e-102d-4edc-8c31-636b56ae73b3,2021,101942,A
a268299e-6d9e-4f2d-982c-dc08af871261,2021,49071,A
f4f59e49-aa01-43ef-8487-ec4b1e176422,2021,98665,A
c3db1bb5-0f5f-4c23-b795-22c3213c8441,2021,106996,A
873a2655-55c6-44cf-8195-6ee4bb5b6f5e,2021,43664,A
f8b94a90-c90e-49b6-b1aa-0fb1dc43867b,2021,13401,A
b65b8fcc-3fd4-4084-a703-6823bb6eb6de,2021,1351760,A
777b5df4-a038-4b2a-8f84-9bf368f53736,2021,37862,A
7826b3fd-547d-40ec-9fd3-a0212fdeb4ed,2021,968,A
2cf90621-7ca8-491d-968b-7f229309dd90,2021,1427745,A
e24cec81-fd61-4c6a-be79-dbafebb0ab14,2021,48205,A
9c9620ee-5a30-4212-a453-a85a94eba67f,2021,106996,A
a903a10f-adfb-4fd7-9968-483c25b77d0c,2021,108660,A
b1e6f51e-91a0-4452-a05b-fe053db23bee,2021,20756,A
6d053426-7691-420a-9bd6-a50ad6d1c625,2021,88084,A
c0cf3e02-b674-463f-b9a7-98660875ba74,2021,101942,A
19a7250e-df12-4e2c-b832-c8da26177b91,2021,37862,A
c2fa25a5-b59f-4a56-a08a-bb312028f14d,2021,86326,A
5f701410-275f-4f23-9c88-a572286327c5,2021,18584,A
e1077361-95f7-40af-a20e-e7033409a27d,2021,95175,A
2e451c2a-78e3-4db7-b1a1-59dd450669c7,2021,57612,A
52916329-99d6-4a6f-945e-240e35a6ddfd,2021,13980,A
79f8e02f-744c-4152-ae0f-deac4779fd6b,2021,1265453,A
c8189936-c058-4214-88b3-21fdf83a2ed3,2021,1187671,A
f72bc62b-5ffa-417d-9a55-e64bd2efb14c,2021,58808,A
7f3500bc-1212-4f74-8592-b351780b74ab,2021,19047,A
19571dd3-cdf2-4a50-b0f2-da0712d05308,2021,968,A
17275e58-3f96-4e26-93e4-b67053e3286a,2021,48205,A
49a08a3f-7160-4b60-bfc7-f24b27355a7d,2021,37862,A
78a615f5-17b2-4b42-95a7-cb6e36928b92,2021,1330347,A
549a52c5-817d-4a7e-8354-b3a13447df98,2021,9414,A
87ab9896-3473-4799-99cd-c46563fa12d6,2021,49071,A
395c6751-61de-495d-92ea-fd3ea1731ee2,2021,48205,A
86e9376a-7657-4290-986e-a6802677a53a,2021,1306689,A
7db9daa9-8e83-4a27-8c73-e0bf7ae82f71,2021,1288839,A
1d61060c-8b9c-4e78-9015-511866f2fca8,2021,94762,A
c88b4bac-d1a0-45c5-97d3-1cd6989cecdc,2021,2209,A
6132e383-637d-4ece-993a-0723869f839a,2021,58808,A
88548904-b754-4aa1-b944-8363e130fe59,2021,18558,A
cb5a6489-9e51-4469-ae2e-c8a6aaa5c7e3,2021,112086,A
ca598138-5f03-451a-877e-4dc36be4ee6d,2021,48205,A
cb779f73-99eb-44a2-b0c0-d57205206cd5,2021,49054,A
0a711f3b-f57c-4ff9-bdb7-7dbbae8b321b,2021,1190071,A
15b48fad-400b-4ddd-ac80-e398095a0c6f,2021,2209,A
8d68138e-0f08-4388-9ea2-93e4938b8bc0,2021,49054,A
98befa0b-e15f-4451-81bc-aa8616b3f79e,2021,83388,A
32e2a926-a7f8-4a51-a541-8852def48fec,2021,94762,A
12a3283a-a144-4c9c-b2a3-fa856d99d85a,2021,108660,A
84202750-ff05-417d-a944-c5130c47c2a7,2021,83388,A
8b8a0116-a92a-4e17-bfb2-58a8f209e0dc,2021,1322390,A
c7a0e60c-87f4-4edf-9f06-8d1c7f480878,2021,21464,A
d5a15246-6397-4be0-a940-1fdf1d8db519,2021,1181115,A
c307b217-85a0-4d72-aa6d-15b4f450edfa,2021,1385942,A
c73e37a5-95e8-4a18-8a8b-172c7bcde6f3,2021,5000143,A
f6709d16-9b3a-4dcf-9bc6-477b5dd95058,2021,20030,A
5d7e4afb-f2fb-4376-aa8a-9402958e2e2c,2021,48205,A
b19c7177-520f-457c-bcbe-ce912d95a9f5,2021,11730,A
d842c902-5f0a-48da-b7ac-3dc14cf810dc,2021,1190071,A
c797f4cf-9c5a-448a-be7e-39f0e506a4e0,2021,1376131,A
1ba28b02-f085-4b77-b526-d8309cb0a358,2021,106996,A
8f81018f-a1af-47dd-9017-f379333ae679,2021,18584,A
b4a61a42-2783-4c39-87bc-cdb41454d9df,2021,5000135,A
bd21b4e2-27b9-406f-8eef-4cbb1df65d4e,2021,968,A
49306db8-efbf-4596-a9fe-3d8850912a1c,2021,20030,A
63a01451-9690-4382-8255-f033995a665d,2021,9414,A
c2f8209a-fe50-4c4a-b805-22686f78b8cc,2021,11452,A
9702c8f6-0e34-4e5a-90b6-161d5a5da51e,2021,106996,A
86f314d0-e570-451e-8079-4128ef6523d8,2021,5000135,A
45430d42-b14c-471f-af32-5b7df7d726ba,2021,1047907,A
be0f1348-6e65-411b-a991-b547bc6ed6da,2021,48205,A
3f193ab4-3b61-41ab-8496-6365f1cc9543,2021,108660,A
89b50709-6140-4dc6-a93d-9fd4022f2d30,2021,1270596,A
61251b27-5199-4627-bb44-152ca1cb7250,2021,1306689,A
9a6b493c-8388-4cb8-a41b-31240646de41,2021,1376181,A
4336a359-bbac-45c7-94b3-3ba6e018be69,2021,48205,A
3bb10454-2ec1-4661-bfce-20a1cdb2625c,2021,19042,A
d20006a5-d4f1-4f85-a000-bb44bafb6bab,2021,94762,A
5b96e0bb-c92b-45c4-b76f-b77d69fe680c,2021,18683,A
b21db6ad-0a1d-42a1-a90e-b6d2aeb1f1b9,2021,106996,A
653f7310-997f-4274-9803-c9b3990cd64b,2021,5000143,A
a1e78b14-be48-4150-ba8f-e1403d885a6e,2021,1118057,A
4b5a260f-3e22-4506-9518-d453dae44404,2021,9414,A
3cc51045-cbbc-456d-ae56-4ad26ff85e38,2021,106996,A
ef6ec61d-0b62-4ffa-8e48-9278a8d55822,2021,5000135,A
fcc2feaa-f01d-45b5-ab43-f72de35b00a9,2021,21464,A
b500bd68-85c2-4bc7-be86-661f09a38572,2021,95175,A
36889ee3-f4b6-4e83-8374-f8425e249055,2021,116770,A
b145897d-7d66-471b-b4b2-88c8b2cfccc8,2021,98957,A
56c36f5b-6d27-48f0-919e-14a142bbb33d,2021,1322390,A
7a00ee26-a398-47cf-86e2-9727f058bcc8,2021,116770,A
6ed1371b-5c4c-4d90-92dd-35c9be738381,2021,1101244,A
2772100f-3008-46a8-b268-cdc77d862452,2021,1136142,A
5cd6c2c0-69ae-4541-b2e3-03c54a89d890,2021,94762,A
4acca800-855f-4347-b041-fc6b8abffd4e,2021,95017,A
3181dc86-ac83-4dc9-8117-9e59e5670ae1,2021,1270596,A
a1549cd9-5ddf-4807-a19f-2530fecddee0,2021,13401,A
a215f71d-4a46-4038-8e82-4b7d021cfc23,2021,2209,A
192e7c02-e16e-48d9-ac7f-ff7d518b98c7,2021,968,A
0947b2cb-ffc5-44c4-a3aa-0ad2edb02d6e,2021,107422,A
9a679405-e3b2-47ab-871a-47b983c778ba,2021,9414,A
cfded2c8-22b6-4358-8115-75000298ac3d,2021,58808,A
60446d61-1d07-4b3a-ad55-737877757729,2021,106996,A
bc5dd1d7-7d41-4a09-b77a-e42c1b48a993,2021,9425,A
00698744-9eaf-4d36-91af-421a021d742a,2021,1288839,A
76b0ff72-53a0-4639-a991-98d788c39023,2021,94762,A
b4dc57db-afb0-4038-bbff-089b401b79d8,2021,11730,A
630b9a4b-e2e9-4d0f-8c52-afadafda8bb4,2021,11730,A
cbe48f01-e179-4677-91a4-905c636a8f03,2021,1181115,A
412cc635-4e01-44f0-8cd6-b1232aac5a6c,2021,114616,A
43925f5f-3c3b-4537-b80d-4c9c9217ca09,2021,108660,A
ee70a71e-dd34-4d43-93b2-d03685f93667,2021,1258063,A
bb1cd556-b3d9-44f8-9d64-91b8bbe9eaec,2021,37862,A
b3f0dd8d-2147-4b81-a112-c6e1674ac563,2021,95175,A
942bd6a4-163c-46c1-8de7-fee0f72ae7f0,2021,20933,A
5967afee-285c-4829-8468-ee5ffd0225a6,2021,43664,A
292d9a1d-b05d-4320-8219-f4ce806698c2,2021,1181115,A
24d804d2-94ed-4e0e-b69d-9823e7ab970b,2021,107360,A
aa68c0da-5cad-4fed-ac71-6873376f6ed4,2021,10515,A
52ceeadc-0207-49ec-99cf-0ee3868f6a4e,2021,108660,A
3f33689f-7b9c-411b-8bb0-a1b6b984e453,2021,94762,A
ea5061e1-62b4-440f-9cc7-49d10ae6bc42,2021,18584,A
1000d849-d8f7-4eb3-bcf3-e9fa7154df06,2021,1385942,A
2e0c6b31-fd34-4350-a09d-9093ff413f0e,2021,116770,A
2fdb524f-0e59-409b-8c03-ecac15930de8,2021,104360,A
a3f0a846-2509-4e6b-a6f5-6155b76909c3,2021,1181115,A
0921791f-4521-4420-83d4-4fe57dbe2245,2021,94762,A
69dea288-95fb-4e87-b0e9-7cdc6ef35262,2021,41238,A
00ac512c-f8b7-457d-868e-ee0198569107,2021,43664,A
e1df0d1a-da32-41ee-8775-b1eeae8a2a04,2021,22047,A
63ab3213-f4f7-4acd-a829-02129f99f897,2021,13216,A
77e8819c-eda0-4b59-be2d-f28bb4c0681c,2021,22047,A
51741309-e395-4c7a-9583-2d4b53255dfd,2021,1427745,A
f9386788-823d-4711-82f4-0780c3821be2,2021,1070485,A
023d5593-85bf-4e3a-9551-e0e12ecbdd90,2021,1190071,A
5959c98e-b8ef-4ca5-8c28-965d478cc4c1,2021,1047907,A
ce8645bc-8e9f-433f-be0b-171a75b1d384,2021,1270596,A
1cfe0117-070c-4ada-9ac5-6610b9075f63,2021,18584,A
b04affe7-7eb9-4d80-99f2-2065271bdd81,2021,1136142,A
a9975fed-0075-42f4-b2f1-9aac0bf59c9f,2021,22061,A
8e91d367-e7fa-4cb3-b52a-309e0347411d,2021,21464,A
ff72001d-105f-4a89-9f38-3941fae7427f,2021,68930,A
fe523a99-4d42-440c-b375-1540e4d780b6,2021,317,A
0fdd1e74-a9a2-4b9b-b55d-9f40faaa774e,2021,95175,A
6a394b5e-fc93-4082-ac04-4cf8a94b5fc6,2021,1267543,A
44974cc6-00e3-42b1-9bfc-8102a61cdd1c,2021,1267543,A
35174dc3-55b8-4a8c-a108-cfc7d43cf178,2021,1181327,A
31572ca1-04c9-4034-9086-daf109af6eca,2021,97778,A
ab88aa7e-c61d-45c2-bde8-d56d436bd58a,2021,1385942,A
269c721a-95d3-46b3-9942-8d879fb3f139,2021,5000143,A
29d3655e-1e20-43fb-b467-c5aebff3367b,2021,37862,A
6e66f002-53b2-49b1-a335-85ae6c30f3f4,2021,116770,A
8bd62fc8-df91-4737-a8e6-b2b07a342516,2021,1148708,A
1feababb-3b06-4d87-a71f-7fbbbb8ea861,2021,49071,A
588e0e61-61e3-4c15-a4ef-ed3b53ac7e03,2021,968,A
ecd29c13-2375-4a62-9e8c-7a76949bcded,2021,53333,A
caf388b0-7b54-4223-af3b-7e9a3d6dcedc,2021,5000135,A
97edfb82-ec12-4e24-8f9f-769feb98b2a1,2021,88084,A
fbb9bd60-676a-465f-bc77-fe2adc838f40,2021,1288839,A
3f3bde88-12dc-48c7-9924-421f296384f7,2021,5000135,A
1e032af8-0c5a-46ea-8979-327e00e47a22,2021,108660,A
af9ea222-27b8-408e-8d15-aa3cf6ae2355,2021,9414,A
8e9c6125-5e07-4a85-a53b-b03484e32de4,2021,49054,A
1f4c599e-91b5-4c08-a79f-5688b6cab53e,2021,118420,A
5cffa8ac-dcd3-40f6-9bc6-0a12c3f69342,2021,18683,A
d466e150-a036-4efd-98b8-7ed741a2a00c,2021,1351760,A
597da9a0-ac17-4dc2-9a7c-d4b7347fbbd1,2021,37862,A
530d39b4-b5b8-459c-93ff-982497ac4dcf,2021,64664,A
d192ca33-be8e-4873-a871-8203373c34b9,2021,11452,A
20f1609c-5df1-41bf-b0ea-be1277b270f6,2021,1267543,A
3a428ec2-95b3-49f7-a6e5-e888189ffdf8,2021,113813,A
a5f2d6ea-1c3b-4a68-9ab7-ca96c6d39ebb,2021,91181,A
c2fe8faf-d67b-40f0-838e-9c63c7fe5300,2021,5000143,A
3798df0c-e602-4f23-ba1a-65a618108dfa,2021,43664,A
55edcaf5-a510-4fd0-b6ef-ddb8883e39a6,2021,106996,A
946c582e-8d33-436d-8ed2-394716a05287,2021,62484,A
e21ec128-1430-429a-8c65-b56d06c9704f,2021,1101244,A
be4d07eb-603c-420e-92ac-95d44d51bc49,2021,13980,A
faa658ae-3cc0-4bf0-a85a-78c71d73f2f2,2021,59122,A
c0767df1-4497-40a5-9bf9-7fc80470597a,2021,1101244,A
b692ec76-bfca-4f02-b442-3b60151db997,2021,18671,A
97995b30-a19a-4e36-8ca1-122575790d33,2021,49054,A
468ef139-2d51-4935-8f7d-3a4285f48168,2021,83388,A
8c876f6e-c642-402a-ad93-5f76b3b4e782,2021,101942,A
8b7a6888-1d48-4cdd-b069-92e939d89231,2021,13446,A
20da36c2-48e8-4837-a5bd-d9756c6885ae,2021,1314243,A
6fd51098-0eb0-457f-86ed-084b4d9b12fb,2021,1258063,A
36336332-529e-4703-89bf-3a5076ff2792,2021,1267543,A
6cd30d7d-caee-47ce-831a-e7fdc609152e,2021,968,A
640e2c88-e664-43cf-a26f-fff2e4824641,2021,1136142,A
830b86a2-6ada-412e-aaa5-9e3ec39d342c,2021,1283028,A
97e44e09-b4ad-47c4-8f75-c96bfad14ca9,2021,1118057,A
a552aea9-29fd-4318-a41b-a68fbd5dc5e3,2021,108660,A
c7ceaad5-040c-4f03-b440-a2cb701bd345,2021,18683,A
4325f16e-725b-43c3-ab22-f98430db949d,2021,1187671,A
7c7352d2-3ffd-43f0-b596-c6f10178b39d,2021,18584,A
33369667-ddc2-4e8f-82df-0b69e9cba4ed,2021,21464,A
0ec9a6c3-a5d1-4db3-a799-f792a161f5be,2021,10515,A
1ad4d1e8-44c5-455c-9555-7c8dfd731192,2021,1314243,A
c8bcdfcc-35a6-4b96-b310-319cd491cf10,2021,1204325,A
312bb416-5f8f-47f0-9c0f-b75e34f4360d,2021,1267543,A
96ee36d3-0c49-4730-ba53-5de915fcef4a,2021,11554,A
3d002261-3236-4fc8-9efa-5340df887674,2021,19047,A
c7e1f8da-5722-4cbd-bd3b-0f01e1c3bc3a,2021,1101244,A
9a17e7f3-aff7-409d-aebd-364f1e34a5f9,2021,117022,A
abb1ca35-2095-4782-95b0-5a580ef62bcc,2021,5000135,A
6daf1450-f3f7-4baf-b09f-8b92af307b06,2021,118420,A
f95809fc-a0c8-41e7-b65d-8b11ccba8f94,2021,1136142,A
9332c686-c866-47c4-8c98-2bf9894993e6,2021,1351760,A
1ff9c1e8-da0d-4127-8b40-2ca67c69664d,2021,103062,A
94b981c2-7590-4cf2-9691-4eba9449af42,2021,1318224,A
a9ba9ab3-88e4-4123-ad56-29e0be7cad57,2021,317,A
7b323e9f-c29b-4670-b8c7-e99bcd313eaa,2021,968,A
16eb6552-cd6f-4987-9c17-adb4810c1960,2021,9440,A
96878dbc-2f3c-4fce-ad8e-1fa8444cdb12,2021,2209,A
a828506c-6729-46cc-bfb9-0841fbdcdaf3,2021,13277,A
c12390f0-ffb4-4579-bbdc-48f1aa3fcb19,2021,1306689,A
44c38ca1-4b38-43d5-98cd-6ec196c29d94,2021,513,A
fa6c70bd-978f-4a2f-858c-12e6c886a38a,2021,1267543,A
2afab997-6f38-4e4c-ad7f-9e285e3d55b4,2021,107360,A
0da5a7f5-78b4-45e3-8d4f-17e9e1347342,2021,5000135,A
c586387c-6b5b-4637-b8e3-813c68735a99,2021,5000135,A
f2fac431-f766-4057-ab8d-97ad1077af69,2021,5000143,A
f46faf5b-4537-4812-9146-55ea490c9642,2021,94762,A
77acaebb-fb96-4a19-8954-0d75c465cb5b,2021,9414,A
637e3a4e-57c1-4cde-97b2-d9515971b6bc,2021,5000135,A
d307e1d0-e8e7-471e-8a64-95bce46aabda,2021,103062,A
0d75e52e-2bfd-44f9-bcec-3d07a360ffb4,2021,53342,A
9c6203e1-b63b-41ab-ad6f-2e448081e2c0,2021,11452,A
63d7d423-7187-4daf-9a68-5678f0f3710a,2021,81210,A
2f477585-163f-43d7-a7c2-b99d10279070,2021,317,A
bb0d0f01-39ae-412d-819a-a624403e9b93,2021,1132918,A
866a9cce-dea4-4845-8485-dfcfdbc5bcfa,2021,106996,A
9575784f-126d-40af-964b-238a2453a198,2021,94762,A
d63aca5e-b2ca-4cb7-90a0-0ec10204960c,2021,5000135,A
40bbb43e-736d-4191-9671-62f8d8c0efa2,2021,101942,A
7f20c6d0-209e-47bb-993c-b7f635171c22,2021,1102628,A
88f92b5b-1908-42cd-b894-adad91ad4bcb,2021,9425,A
c6ca541c-befb-4d9b-8c0b-c39853a782a0,2021,94762,A
9f6ee130-c061-46e2-bda8-1919450aa660,2021,1330347,A
81728b8b-c556-4ca2-9bdf-6ecb33dec006,2021,116770,A
cab55032-b66f-49ee-bbd8-907ecb1da7c8,2021,1118057,A
f834e8e3-a2ac-4be2-9fe4-b122dc0ee6ca,2021,1132918,A
15281ba2-befd-4eb1-b792-ab436596a631,2021,12313,A
dc4888ec-2a1e-47d3-aec4-7678bb0a3ce2,2021,1108692,A
ab2c0b9c-b5b6-4f14-98c2-9f63a2f19e4b,2021,97443,A
8a82334e-c69a-4f6a-9410-0d32aa86ae9f,2021,1314243,A
7c99dcc4-d41e-4c08-820d-84bee671b741,2021,10515,A
7d1446ea-fd7a-4019-9658-dd38f59ec262,2021,97443,A
821c5dd6-6313-4499-9530-5e3802549249,2021,116770,A
73f77800-ad4a-45fe-b23c-a0c8ed189a0b,2021,1102628,A
e6c18294-a674-4538-800d-236cd8a31206,2021,5000135,A
f1be38d7-fe9c-4bda-a4e8-06c7744291aa,2021,55777,A
49c89a12-c7b6-4421-83de-c5a17c5f9cbb,2021,1102628,A
acd2aec8-adc0-471e-a1ec-88f74c698318,2021,1330347,A
9bb19081-b4a7-43bc-9751-e0c6cb84728c,2021,5000135,A
9a37d01d-060e-47f5-9701-2b624eee2f21,2021,62484,A
702b75c0-3a67-4ec2-9623-b5edab7f7e45,2021,2209,A
ad2d7730-6dd7-4143-afd2-858fcee29a42,2021,11730,A
62ced45c-456d-4919-80c4-374c246feb16,2021,20239,A
2ab426ce-1199-41dc-8444-c8c7f8ad4359,2021,13595,A
82261466-b034-4b0f-9ecf-4d4d81ee4c11,2021,5000135,A
9cef2ac5-7f33-4326-af5f-c6aabdffcb80,2021,62484,A
16613c97-1ea3-48e2-a89a-f0eb46395e07,2021,41238,A
9d216bfe-8da8-466d-8648-85c8e6ef3828,2021,13216,A
0ee1b414-d2c1-40fb-9607-135eacfab913,2021,101942,A
ba416739-ea02-407a-b88f-ed2334284ad2,2021,513,A
928c3761-df51-4104-a7f8-b1bdf4b8e167,2021,11452,A
2e5324ec-9a1f-4b4b-96cd-1a36d91e8ef8,2021,18558,A
e487f220-8d71-4ee1-a4a0-c380605043d6,2021,1113582,A
0113e8ca-8184-4fbb-8b08-2f64c42aa026,2021,1113582,A
08b849ba-4562-47e1-b488-28e1cd6c73de,2021,18559,A
bf14f7df-8cfc-45b4-9be8-24e5dee85442,2021,1113582,A
7f2df432-a88e-4a9d-a256-aa5852fe3ec4,2021,1113582,A
0408d2d8-6a26-43d1-bf27-cfd852d7de05,2021,55402,A
3d964596-17bf-4dc8-97fd-5b8e62a66ec8,2021,1113582,A
a2f83e34-0a01-4cb6-aea5-79f33accf768,2021,101942,A
47682a7c-bc7e-4f4a-9a6a-fa4f584bfa00,2021,86318,A
680b02af-24c7-48f0-bbb5-6ed8ebbc9195,2021,5000143,A
c9129e07-91a3-4837-bf41-35c6a34514bc,2021,47069,A
20280a33-e0b1-4d38-8726-23d5ec5a38b4,2021,86318,A
3ba22865-2bb2-4c28-b3ac-06ba85920c06,2021,98305,A
d1cd7dd1-175e-4518-bf00-e7ec8a788389,2021,67092,A
479abefa-a68c-43ad-8134-60b37ffe3ce2,2021,67601,A
f9f22ce7-26fa-4d71-b631-f783d2ac55df,2021,73898,A
6738bd3d-128a-4214-9dc0-6721613ce5fc,2021,21464,A
908c8590-08f4-4b75-8096-4f2c1ee5ee1d,2021,13595,A
fa72d39e-e719-4d11-96de-1fceda0ac907,2021,13595,A
063f7d1c-f5cc-4c27-ae0d-84d929882516,2021,11730,A
a6de8285-a128-40a2-b616-1354355ce8b5,2021,41238,A
73986e65-a75a-4c20-9bf0-6f997230ad86,2021,13446,A
5cb129f3-8ed4-46fc-bf75-d5e2f62ca1ff,2021,19047,A
0f9e2746-f91c-428a-804e-f842cd3cbcef,2021,83388,A
a829665d-7f99-4316-9801-bbdc05d48667,2021,1180773,A
633f28ec-a57f-4c3e-b001-36c7c9417003,2021,49054,A
8c715ae0-7439-41a5-9e63-fb7422efdcc2,2021,1180773,A
d7f16006-d8eb-4308-84fb-29900da1d3a6,2021,1136142,A
025635e1-4304-41d3-9c89-6b7011e3b5f0,2021,1136142,A
c8d6f07a-4840-4997-904f-a176c885bd34,2021,1110857,A
10241687-b000-4f7e-8040-df77370bbf4c,2021,118994,A
0295bedc-8e6b-46aa-8db2-a93df0bb0268,2021,1110857,A
6418b1aa-e809-4567-b53d-e5bff08b4587,2021,94762,A
02d10730-8d54-48d1-8b90-72eba6d9659b,2021,1070485,A
f2361ca7-61ff-43c0-a37b-b911cfee1af7,2021,20933,A
675fd6d2-4c68-4fc0-a669-ea7b9958dd62,2021,1047907,A
69ac7a0a-e519-408c-8fb8-009721f146aa,2021,13277,A
45398136-3614-4104-ac79-984b649ec462,2021,13277,A
6040f178-f349-4397-8f0b-28bd8596ba3c,2021,18250,A
2a9e9763-b8fe-476d-9af9-d84f997023e0,2021,18250,A
9927de3b-81c2-4315-8c1f-b9aa5b0381e7,2021,18250,A
7de89c60-0d9b-4868-8610-e853a7b0a540,2021,18250,A
9303095a-57c8-4c98-8e39-d6f913870bf6,2021,48205,A
db1b411f-849b-49bb-b17b-556a3197a5bf,2021,48205,A
024c4d1b-bc59-43dd-a3d0-fca1fbf6da12,2021,9414,A
a2249094-fec8-4fb4-a945-bdeb358d2131,2021,117532,A
7accf781-93af-4fff-ac81-88b606125801,2021,13401,A
c6e2240a-e7d6-433a-9e52-6b43b9d69723,2021,1108692,A
dff6f3bb-c703-4c58-b7f7-c4dfd154a8b5,2021,95175,A
7be98ea2-281b-4ef0-91e9-97d03b2e56aa,2021,95175,A
1ebbe246-ff8c-49fc-8c0c-ebd18fc7bf74,2021,12025,A
14f67791-784f-4098-9e9b-d5c23565c2e0,2021,60886,A
390b6c9f-58cf-4d75-ba3f-a73b557cad0d,2021,60886,A
6675dfc6-4487-4476-9f72-aee600836c49,2021,60886,A
29f23829-3c1a-4398-aa21-19831429cedd,2021,60886,A
482e0884-4dc9-4db4-af2c-3d4c0216769d,2021,60886,A
178d2214-eff0-4dfc-b64f-af534aadb378,2021,116770,A
c2ea4f19-726a-4702-9288-82aa6bbab142,2021,116770,A
ce5c3d7f-5f0b-4a22-8266-25a02bc79748,2021,116770,A
1d815aac-0ebb-488b-9ea6-280ba06ed726,2021,1139692,A
c75ed75d-1c20-4650-90ce-51110b23dac2,2021,1139692,A
f2e4566d-4ec8-4f6f-91cf-e34b4ed23b1d,2021,1139692,A
e9398bdf-d567-4d28-84a6-a4d59b6c20b8,2021,10515,A
f6dbc191-6c0d-44e1-b7f5-3546fbc05189,2021,1330347,A
e7791e6d-0be2-4371-9b1d-f84fcc4e8bfc,2021,46377,A
f017912b-858d-41c7-9911-7960782fd726,2021,12313,A
047d8357-4785-4b82-8649-fd22bbbbdf87,2021,1181115,A
d6d061cc-c502-4784-a82c-185ad731806d,2021,1318224,A
fc7e3775-6967-4ddc-99a1-b7a48eb09f8e,2021,5000135,A
d39f777b-f55e-4698-8190-669a223208d7,2021,2209,A
2825863e-a94f-476e-a9b4-e71239a65024,2021,94762,A
fbdc49e8-6a8f-4280-906d-46d89b4d8ec0,2021,1042278,A
6cd73668-1ec6-4f61-82f2-669a075b42c1,2021,1042278,A
66bb2287-6df7-4da6-9223-df69541ef94f,2021,103062,A
7a39ba98-7efb-444e-b160-556332a87b8b,2021,103062,A
d9de95ac-9cf5-4d99-b275-de158b318ee2,2021,968,A
ea2f70d2-0bfa-4fd0-a1a8-f3a4e2d70739,2021,18683,A
c83d717b-2983-4ffd-93af-9b0457296562,2021,18683,A
acf1736f-4bbd-44c3-a671-9dd5fb071ef7,2021,5000951,A
989af267-ce37-42f1-954f-4b7b8e9cb428,2021,88068,B
9114b22a-ecb6-4153-a92e-b881013112c4,2021,108660,B
8424441b-893d-480d-99cf-901ad0638a4c,2021,1161716,B
b3b35c04-a53b-48ec-9f2f-c8699d955359,2021,1322390,B
4fe1d16f-6587-4df3-81f7-d244c6faf260,2021,1306689,B
1752b203-c542-4ea1-be24-317af8c89e07,2021,1376181,B
39358e6e-3545-48c7-ba30-f2b62a9f2b57,2021,94762,B
69f087bb-e3ab-473d-ab02-0f1b5edad113,2021,94762,B
a74e6546-ef86-4666-9db1-ca503863bb26,2021,47069,B
c280660b-d12b-4515-b4a5-a4eb85b8d44d,2021,1101244,B
f99c0ba0-9173-4b1f-b798-2bb637e0f486,2021,1258063,B
b80290f0-ae67-4cd4-9f82-05e1d61a5404,2021,1306689,B
46be0bec-8614-4348-9724-fbdaf0c57a98,2021,58808,B
26c79fd6-bea2-4311-bbd1-f9b7c16079e8,2021,43664,B
25d14b1a-95e0-406e-ac0d-826edee99759,2021,43664,B
ed248cc3-cd43-427f-9395-423a7a1cfd24,2021,106996,B
a1405e4e-cde4-42dc-8a99-bcf90aa97fad,2021,43664,B
4d05c82f-c6e1-49e1-a71c-085b6f0afb61,2021,41238,B
4c0fd80f-0ef4-4a78-a3c2-dcaace0eee11,2021,19047,B
950750b4-f648-407a-96ac-db27a2ed2be9,2021,48205,B
c36958cd-d5d3-4a13-91ec-6eb579f3ae52,2021,113455,B
254de7d3-6c3f-4a8f-a1d0-8a394fa9b11a,2021,108660,B
4f535d0d-88c0-410e-8ef9-7fc013dec0a2,2021,106996,B
19f3f8e0-f3c3-4294-a922-20b17e9a71f4,2021,114616,B
47599dd8-f68e-4cb2-81c0-ac5b1103ba2c,2021,41238,B
939d7340-8345-41e5-a28d-68875957de19,2021,108660,B
2b23b064-9017-48e3-a9c8-a0321cf09522,2021,1265453,B
e9581eed-fc56-4bbf-ba86-2b03e759c347,2021,1181115,B
e282743c-fbd4-45d9-9b94-93a48c537413,2021,91181,B
4525f401-91db-4e0f-93fd-5af2f45e63d1,2021,1136142,B
5b69177f-ab1b-490c-810f-bb0bdbb369c4,2021,37862,B
dccedbec-7c0d-4323-a03a-e02aa30350f3,2021,1322390,B
7b28c57e-4081-4b2b-a253-f9e8db9b140f,2021,1322390,B
32531f75-bea1-457b-b192-380e8100c9f7,2021,1190071,B
520d0263-8ce4-4c8d-98e3-9564c4995cc9,2021,2209,B
f5eb3586-0913-4b00-b2de-96579462ebbe,2021,118994,B
6e82824f-6154-416b-aec4-5938783d4946,2021,74737,B
1d1467fe-b78c-495f-ba5f-fc60c938c13b,2021,48205,B
a80dcc2e-6c96-4201-af98-d6726acc32dc,2021,48205,B
54af9dc6-e20a-4145-b0b0-5383eadc8484,2021,1322665,B
4b8d60e9-61ad-4f9c-970e-b2b269bf04c4,2021,1322390,B
c54853a5-2740-48fd-bb94-ebf828866761,2021,37862,B
7fc8af3e-800a-427e-8789-c21b87071137,2021,37862,B
8f1dd41c-1789-4794-88eb-eb21efecde4b,2021,107920,B
83b328b5-a63d-42da-aec6-87430d320504,2021,1108692,B
17c8897a-6f1b-489c-8a46-478612078c0d,2021,116770,B
2f66a1d9-2607-4aaa-8b7d-7c2f71370eb5,2021,1300284,B
2026e3e3-43b6-41cd-857a-9edba7d4d1a8,2021,1070485,B
3a88a9f4-dd51-438f-b57a-a5065ea23024,2021,97443,B
b963a5ca-3063-4e79-9268-6eecc2ca3cc2,2021,108660,B
379ba4de-62db-40c4-b8a6-6b4b5848af44,2021,108660,B
e66ab990-f24a-48d6-a5dc-06ae7c686cab,2021,95175,B
41324bed-772c-4560-9389-2bd2bdaebd39,2021,1300284,B
d0a662b2-e51c-4c63-a2af-d84511788d51,2021,1203177,B
2b394b1f-2485-47f5-a7c8-e04695132036,2021,1322390,B
17eea1ff-3ee1-4e94-a418-b9cb6620e1f2,2021,98764,B
41e0d009-a966-4134-98c9-3326930c74fd,2021,1258063,B
579e50e2-b0b4-431b-b4ba-858a5cf5e1a0,2021,108660,B
f3d8bdeb-d62f-4b5d-bfe1-8a14c3d024bf,2021,1330347,B
aadc1d89-34bf-4d93-bb62-f02344a6e71c,2021,18584,B
9a6691a9-889b-4cb9-ab3f-2c1d96a1eee6,2021,43664,B
488cf6bc-dc9a-4ac6-be33-69a269a45389,2021,13595,B
5c8e7d30-d59f-4b56-8c62-0f13734567d1,2021,106996,B
16386c53-adf3-442b-933a-8b6b6d8ab589,2021,1181115,B
a8c4d70b-1638-4a58-9514-489526e31d55,2021,1190145,B
f892fbb6-dc02-419a-85f1-54a668548ede,2021,83388,B
15c021ca-f336-4a66-8239-bdf3efef7c66,2021,98764,B
9f6dd5d0-def5-4a3b-bb11-b265cb7060ad,2021,19047,B
72bfe635-1813-4f88-994a-779ed74bc194,2021,1117717,B
437ea049-cb19-4236-a410-d0dff644b59d,2021,1306689,B
58a72cde-7b53-4d35-a3f6-5e84abd43849,2021,108660,B
d518281a-9ac8-4f8b-a038-a73523e0d6ff,2021,1322390,B
7c437841-46a7-4d99-ba43-5587b867ed6e,2021,98957,B
c053d2b6-00de-45f8-9378-ab2ac15c96eb,2021,37862,B
3b40487f-cfa4-45da-8c61-3e16c069f704,2021,968,B
b7c31154-af7b-4e42-bc57-8ed5714d9288,2021,98764,B
66c3536d-59f6-4cbb-89af-de0f08355269,2021,113813,B
21d9e2ad-42d3-4524-93a0-b5ea08b79485,2021,1267543,B
5685fe96-2694-43fa-a1f8-ae986fb384c5,2021,1351760,B
8641b861-cb37-4d65-ad84-fb9061cbec18,2021,106996,B
e74035cf-366b-4ede-9dcd-bc587ece3f28,2021,108660,B
d949e55a-1a70-4646-b650-f95367eff96c,2021,18584,B
ac691836-51d7-4f3a-95c5-8eb28b4d92ed,2021,1270596,B
70d4bd0b-92bf-4658-9d76-22098a376f4d,2021,1203177,B
899d689a-1cfb-4151-982f-d447e9f0ae39,2021,98957,B
9e1a2239-005b-409f-bb7d-295752fb26fc,2021,1258063,B
d235df28-13e7-4053-94ea-c9df9038276d,2021,1300284,B
e58da537-c353-4c8d-b518-d92b30f9a0d4,2021,106996,B
6b0c52a1-3184-4aa1-8d28-4e4320762c9f,2021,98665,B
d9738973-14e4-4570-b1da-b1d4c0393794,2021,108660,B
388d9564-c65a-4f0f-ba10-725b54e6dc40,2021,48205,B
4447a703-5e30-4167-baa3-4624eb5f0c32,2021,58808,B
b942214a-490a-4640-a831-4842963cd39e,2021,317,B
e946b8c0-3d64-4a85-a897-03adc4a3367e,2021,43664,B
a147d728-01d3-43be-9b0f-bb6502f0ed78,2021,37862,B
23c0eef7-48f0-4878-9e37-6b1af7799a80,2021,98665,B
9dfb9ae3-2723-45df-a705-bc2c958232ef,2021,107920,B
408ab476-6120-40bb-9c69-01e10d422734,2021,1403879,B
88c0ac24-f048-42a6-ac57-a717fb7f14a6,2021,1403879,B
13670ca1-9b6a-4375-91dc-f5d52c485570,2021,37862,B
94753135-ac22-4c6c-8216-22c006d059a8,2021,37862,B
61e1abed-60f1-4561-a408-df4911ba3427,2021,48205,B
f9b43168-8eec-4976-b051-6b2a1d186805,2021,18267,B
16fa8978-cf42-4fdb-8493-ece22dfd96fd,2021,107920,B
7f733cd8-ee05-4910-8104-84b8aae602ea,2021,107920,B
903636d0-aff3-4414-b3b6-ef4e7c719010,2021,19047,B
6a1e1c4e-1086-4ade-884e-293a2e67f5e7,2021,88084,B
390ed183-63af-4ab9-9097-7b9a31fd0514,2021,1299927,B
fbc8161d-c127-4fd7-8a4e-c7ddaf828b7d,2021,83388,B
d46f4147-081c-4c93-9b53-a3b1e0c3fc9f,2021,1203177,B
a40e6bf3-934b-4d3a-853f-4285e366f6ac,2021,1070485,B
74e87d9c-1025-48fc-b368-1cf525f6b462,2021,94762,B
6309d231-87ed-4ad1-b015-a338d3edd5f2,2021,1117717,B
2f7534c3-f55b-47ee-9211-82aa4a6c5d97,2021,1351760,B
1de6594a-f541-4a49-86e0-b5b0bd564028,2021,13595,B
8efb2192-ed64-41f2-acb6-76139732d072,2021,1070485,B
ec8160a9-1dc4-4685-88fc-473bf68c504f,2021,118994,B
a2d60d1e-1081-4ab7-bb2a-0e08fc1b204e,2021,968,B
c25ed78e-fbd9-4c68-90f2-4df3f09105a2,2021,1204325,B
ec71e8b7-d791-4acb-9b73-f691ee9911f1,2021,74737,B
29e551e1-b899-4fb1-ba67-3f6c6c982324,2021,37862,B
3277d01c-966b-4949-99dd-c564c17b5435,2021,88084,B
a4dbdd02-bcb9-45af-9d1d-0583ebc26826,2021,95175,B
6047ea63-7c93-45e2-85c8-69e8a764c448,2021,18558,B
b3f670d6-2d96-4b40-bccb-4cb67c597b5b,2021,118994,B
2edd422f-99ba-4a8e-868e-54401e3b2586,2021,108660,B
d20c74c8-36ad-4b31-9514-b2393e61dd75,2021,13401,B
f64ae427-e50f-4388-ab2e-6a7df736a3b8,2021,20030,B
ecff19c1-3027-4efb-a04d-64a1281f4f41,2021,113455,B
1000e26b-5eaa-4e25-8a96-0f1979094948,2021,114616,B
87f62b05-fe0f-41c4-be3e-5d00c33ca9d8,2021,58808,B
6f3314c7-2693-4b46-8dda-e651f00b62d2,2021,1385942,B
6b983d9d-a930-4132-9220-822eb0980fa2,2021,108660,B
18ffbeef-d64d-4eeb-adb5-d9941f69cee1,2021,106996,B
662edd6f-9bb3-4860-b70d-0646e01a2b47,2021,1322665,B
b34eead1-3db9-4e83-9129-cb7c1f5a5506,2021,11452,B
2f8b3cd3-76d6-4abc-8a4e-2fbf5c563cd8,2021,98665,B
e780ce66-37f8-4719-ab71-806091860d77,2021,1136142,B
699b81dd-0cf1-40f3-a9ea-965c7de90e3a,2021,1148708,B
11c19d9f-df6a-49ea-9479-5dc3072d98df,2021,9414,B
bd428cc4-a38c-4c2f-8f1e-98d2c4b77455,2021,1190071,B
a83e0a7a-0466-4c64-8831-5fc660d42d00,2021,1269545,B
7ebdf4c6-4a24-4ca4-a4bd-60ee4f6b7054,2021,18903,B
4cd33cf1-289b-4a5a-b188-02efd9908b83,2021,81210,B
b2312a28-216f-41fa-a352-c905f9da63c4,2021,48675,B
c77ade62-7260-4b2f-9742-9281763b74cf,2021,40343,B
e896a225-1267-4bb6-b568-d2b6270295c0,2021,20933,B
a62cb5c7-cfa5-4712-afa4-0a08b14c6551,2021,48205,B
b9d9b413-ce36-4164-ae01-2fa0068c793c,2021,1314243,B
c6f96a4e-62c2-4e2b-8e0a-eca65e72af56,2021,968,B
daab8bad-f617-4556-a7d9-1779ff73744b,2021,20030,B
4d502868-1ac3-424c-8c72-40f54e8890f0,2021,1258063,B
931cbc90-35f6-4348-8fab-1b92cc1e128a,2021,91181,B
76f8360d-7962-4450-b7e9-036fc20a1779,2021,94762,B
ca6edccb-22ca-45f5-be1d-3ebbd9bc9a1b,2021,9414,B
f84f400a-80da-4949-9085-4a2a5fd403ba,2021,968,B
ca615e4d-cd9b-4d82-ab79-14a14bfcad4d,2021,108660,B
b698c691-13af-4ab7-b97d-4ef4c93338af,2021,18584,B
561c5d04-a16f-4cb3-9967-0c2a562222e5,2021,11730,B
5a293698-f104-4034-81f4-5c831abd29f1,2021,48205,B
39b294b2-bc56-4db3-8d24-4f1b46567e05,2021,1322665,B
f84a00bc-e1c1-4e85-aea7-09c732c297c7,2021,1376131,B
790e0ef7-f548-442b-9045-d67ae7c1138d,2021,107920,B
8e84e82b-5795-4d98-823d-5b74d5d86991,2021,43664,B
5ac9a8f4-8e90-4d79-993e-3dca1136af86,2021,50981,B
4bcc6454-38c6-498f-83fc-c7b33e5b12d7,2021,107920,B
c99ce8ec-7fd6-45a3-b4c2-1661ec614552,2021,48205,B
ce3c5b62-ce66-4663-903a-d26a35c97d3e,2021,106996,B
322d6d59-fbb4-49af-a078-60301c2413af,2021,49071,B
5fe5e799-4bf7-432b-a292-ccc99a3174ab,2021,1181115,B
4e272f30-ede8-4ddf-9200-613e3bfbf4c2,2021,108660,B
96a8e6a5-1788-4c08-bc4e-aad05a63a347,2021,20030,B
7f50b29c-75a3-45e1-8c78-edcdf322ca63,2021,55402,B
244b7728-0f3d-40a9-b253-33836a3571b0,2021,94762,B
792d1e47-e833-404d-a7be-198bbd8ebd9d,2021,107920,B
a6386e5c-bffc-43ec-9ea1-c769442fc0e1,2021,1314243,B
50a291fd-b270-4cb9-8a04-d48d05d04b22,2021,57606,B
ae8a1ce8-9bd5-470c-bff0-f5af57d6132f,2021,1351760,B
29fda278-c503-4f66-97c8-70200c45a306,2021,88084,B
20f07020-7adb-4665-bc5a-7c2a76bcf202,2021,1376181,B
601400a2-d03d-4c1a-8434-811418e6571a,2021,74737,B
b1d8af82-565d-4d4a-a900-cbd71a93de93,2021,9425,B
d5e9b7bc-febc-4b92-9b97-4429875e3348,2021,104360,B
6db6b4e4-4412-4747-8e44-fc5ed9ee36ce,2021,1314243,B
818c2c33-b528-42a1-af46-6b9502a5190b,2021,11452,B
3de9efb6-a6f7-48ad-972f-2e7f6e401733,2021,19047,B
376b5a4e-37cc-4a9e-9099-4128458a49ac,2021,318882,B
445ccace-bfd7-4b15-9646-853862939cc9,2021,88084,B
07559ad8-25e8-4712-a1db-647d73fac00d,2021,1306689,B
ae3e845d-109e-4fb4-9e8e-b54cb4265ed8,2021,117532,B
3a8a8ea0-29f0-4789-9df2-3ad794be5e84,2021,108660,B
d7b0985d-ac4f-4f7e-abd4-8e22375d6d8e,2021,1322390,B
0b160831-f5c2-4062-bfd1-4962d42fe4ca,2021,1190145,B
35c8aab7-22eb-4403-8109-db17fddec79d,2021,107360,B
680e6b3a-76a7-40a7-b5e0-4ddf882114a2,2021,22047,B
caaf49ef-c567-4413-810d-5ca1da7f4294,2021,9425,B
c672862a-a7ab-4976-a998-22bf584179e2,2021,104360,B
2b797a5e-de8d-42bf-b4e8-2a4f9e47a9bf,2021,118994,B
3917d001-e947-4b0c-bc86-085b5804aa8f,2021,1181327,B
f5e5dfe1-ff21-412f-a966-faa7d4445de1,2021,22047,B
62d9cf92-3123-43b2-b6d6-4cf87cee37e5,2021,106996,B
551f9ae8-7f7f-4099-bd27-897dcfcaa8ca,2021,11452,B
38b7f934-8b81-42f1-8b12-2492c9c74b87,2021,107920,B
fd2f6214-d243-4c42-891f-384291e7c2ee,2021,98305,B
37cc931a-dbb2-49f6-bed0-d959bbfa2dd5,2021,19047,B
1d3c2362-e43c-4123-8362-c5841ac2eeb6,2021,64664,B
0f81f229-0343-43eb-aeb2-20792129c28e,2021,88084,B
ed887e0a-30a5-4758-8ad2-32e1cc473a72,2021,1306689,B
aec50ec3-9f05-4d77-a035-8086e214821c,2021,19047,B
fb13d4c5-c5dd-41d7-a0de-c498d8ea4301,2021,88068,B
5f2f9575-bc9b-4c74-a837-75bb9ae7ae86,2021,20030,B
17cf8052-9cfa-4e46-b340-068de847e9c0,2021,106996,B
26b9266d-64d6-4dd5-9b91-2ee896e75a30,2021,317,B
7e924a9c-8ed4-4bda-a0bf-31beef5aecd5,2021,108660,B
44e6c37b-a7d4-43fc-a155-0c6e3c399643,2021,73140,B
8536ca92-0ac3-429a-9e9b-9d97f4893fc2,2021,101942,B
c80c62ea-e0b7-41cc-adf3-5d5712e1ef95,2021,58808,B
4f9a2110-0945-46c7-941c-b083c25ef416,2021,107422,B
c2e9e1bd-f93b-4d08-97d0-1d28860a469c,2021,20030,B
91ae6145-2e1e-46dd-b223-b56e727fa7b3,2021,20030,B
9f6c9042-2493-48c7-b62f-56ac8f103505,2021,98595,B
18c3b699-f6c4-4ea1-a1ae-23ecf86114f2,2021,1322390,B
1e9260d0-1743-4d8a-bab4-701334ed1da7,2021,1322390,B
33c6bab7-d43e-4f3b-a089-b04c1fc65b13,2021,1322390,B
57b44ed5-236f-4f80-b9e0-3abc800f40e1,2021,317,B
0320e607-0cea-46c7-99b7-696e6e504298,2021,67601,B
f9114a27-9e2a-4bdf-a80d-bdd793f35570,2021,1101244,B
316c822d-2ec2-4328-ba9a-337bb24760f1,2021,1267543,B
cbb2cdd2-7b34-43f1-b2bd-97fd1a3e5259,2021,18903,B
aa69fcd9-0a77-4ed9-8997-33fcf6d10f94,2021,58808,B
e1b1947e-90a0-43ac-a4cc-2c7dbe2f04bf,2021,47051,B
bd01df6b-5032-41d2-8297-0e3ae2847279,2021,19047,B
932b57fe-54ab-4083-8549-d5c3a605508f,2021,95175,B
1f953c67-df5d-438b-bc5d-8c0e936870d9,2021,317,B
d7486dad-4026-4526-84a4-601ad0bf8e04,2021,108660,B
88c0591d-8bdb-4e58-9942-962f5aed23b4,2021,88084,B
e7a8236a-ab54-41c1-97e8-12d045844b86,2021,48205,B
2f892e8e-caee-4478-b498-937203423314,2021,968,B
0bcec33e-f699-4b8f-81ac-851461dc33ce,2021,97443,B
2a3d9544-d3b4-4984-ac1b-eaa74fff1bf3,2021,5000135,B
f26a0598-2150-44d9-a2d7-afafae727e36,2021,118994,B
d13828ed-c179-4cfa-a316-5cf2f9717cd8,2021,1427745,B
121baff6-d1d5-4980-962d-f22f6563c862,2021,101942,B
566a5b37-45e9-40f1-9387-eca0a3e0b991,2021,98957,B
44d4e598-b4aa-4ba3-9a31-58f359367e69,2021,1385488,B
e10055ee-1ad3-45c9-9661-c9bced827cfe,2021,118994,B
433a54a0-d6eb-4ce6-8cbf-3270e9b982a3,2021,13277,B
1df1fcbb-9cb3-4421-b822-a4f4c5da340d,2021,13595,B
ddfca13f-0a28-470a-871d-f5a1ea68121a,2021,1322390,B
f13db4ea-5445-4535-a76e-f377ed37a3b6,2021,64664,B
c32bd481-4dfa-4a56-9d13-567c48a4e1eb,2021,1306689,B
22784b80-e93d-47e6-b4ca-cf059aeead08,2021,1269545,B
b43b014f-6daa-4d09-8807-34a43b30fcac,2021,56172,B
1dd9fb71-e718-4d24-86fb-3e0ef2bd2b06,2021,1117717,B
612e55ef-50a8-4539-b389-fedf07e195c8,2021,43664,B
05881d6b-41cf-49ff-b12e-8a74c455f081,2021,1190071,B
a88cda4e-8ded-425e-81ae-2363651c2542,2021,90030,B
7e84f685-c711-4c3b-aac0-96194e70552a,2021,1283028,B
a1fd9c2f-0ce3-4639-842f-a2ff6fcafbf7,2021,107920,B
46e4c6e4-ddd2-4a38-8c99-5fe34a7084d0,2021,48205,B
d3f5288e-024e-4f83-8286-8a42018a74bd,2021,106996,B
3b6cf1a7-52f3-43f3-8067-8337636e212c,2021,108660,B
4777d57f-fc64-4e22-bc45-2ecb2bfd21e1,2021,88084,B
debe9b01-670f-410b-bc6e-caf522f5af58,2021,94762,B
c3a9d25e-7f08-49ab-b2d8-1d7336f18f1c,2021,74737,B
e3f71f06-48c8-4c7c-a190-0c8297611b68,2021,1187671,B
7de65dd0-ccea-4519-8a90-84d82afdf7f5,2021,1385488,B
1aafa3d9-97f2-43e7-a56d-6acda1066509,2021,20030,B
25156f95-b862-40a2-845b-89ce3e317ac9,2021,1427745,B
86608ed1-00eb-4539-a6f7-e5247b74652d,2021,43664,B
b2c1210d-1295-4482-8642-e9f862a61d3a,2021,317,B
38083c40-554f-468f-9351-91e1f5af72bb,2021,108660,B
7d5983c8-8b54-486f-bfbb-b7e405ab6856,2021,1288839,B
09f99b7e-946f-440e-ad27-21d61761675d,2021,88084,B
8cded533-9e14-4b61-9774-e42c263e26ec,2021,116770,B
4afe890b-5921-466f-a9ed-f515e0fb1590,2021,1322118,B
d54d80ba-9433-47c9-bc84-dd2d1e706077,2021,1265453,B
7edfeaba-fb1a-4861-8f03-4bcc4e2ecfb7,2021,41238,B
be24315e-cf8f-4775-b50f-9d3ff8eb8834,2021,13446,B
bf622efe-05a5-499b-8973-8fade39159fb,2021,37862,B
070f592d-44f9-422a-8e76-90948f4e1e56,2021,37862,B
12401fa8-7507-4051-95d8-5442efdb9555,2021,20239,B
3757cff3-8d7b-45a1-8a15-23633e5b8af2,2021,91262,B
f7857680-f723-4dc6-b972-27cc45fca42f,2021,5000143,B
e907e74a-a874-4580-bda5-19c40090cecf,2021,43664,B
c511009b-d997-4586-b940-b67318509062,2021,106996,B
00001bea-4b33-4bfa-be45-39ff9329b355,2021,9425,B
57f82eb9-fe0b-432e-9406-d0ff1f2c97f7,2021,108660,B
90942a3c-9adc-42c9-a457-2175f244d87a,2021,62484,B
06b7432f-f7f8-416e-a858-3b3a0c6cee39,2021,1190071,B
6aaadd43-b504-4dc2-ba5b-0fb223e4d19e,2021,37862,B
f775bff0-419c-4b5d-ac7c-ceb42a60984c,2021,19047,B
66a208b9-909c-4ba1-8db0-ed852a56937c,2021,1376181,B
5692c27a-ed33-4c16-b59c-5fb51c71697c,2021,1204325,B
2b71138b-9140-4514-a65e-a5206503c0bc,2021,107422,B
1332174a-00a2-4c23-b816-3e25df5cf2f6,2021,18683,B
c4e73c24-2677-4450-b895-dfdf91205bff,2021,37862,B
2d3ab995-06db-47d7-b469-96d12bcaf31d,2021,87396,B
509ab82c-41c4-4a55-8a62-c19625caacaa,2021,1101244,B
5244e49a-1814-42b2-acda-46b1371a84f0,2021,107920,B
e952130d-6a12-4176-b27e-0ec00ffde997,2021,1102628,B
fe6dc15c-2b70-4c6e-b318-31e9821d7c0d,2021,94762,B
109a5040-0ff3-47fa-bb14-671a9e69007c,2021,22047,B
22b1705d-438c-4537-8f34-c12463b5bc8c,2021,1314243,B
358d8ef9-8ba2-4b90-809f-21f778c3e110,2021,9414,B
4c00eb69-626e-48bb-a6d0-0aa1711f75f4,2021,95175,B
94712065-6679-4d85-b322-d78604b83e7b,2021,48675,B
b644767b-db66-4f3e-8e06-f5bb91b37120,2021,1306689,B
f45bfffa-54b4-4803-9317-31124c2c2ce2,2021,9414,B
104cf3bf-e9ad-44ba-bb5e-d47718a1b959,2021,117022,B
40e84fc9-f077-46b8-a73a-dcaa0858ee2b,2021,1190071,B
e6d8faf1-6f0c-4a8f-8fcd-553062ba9463,2021,1181115,B
653ac0ff-7375-49e4-92e3-5aa572c9c71b,2021,5000143,B
900dba48-abc2-4770-b913-b005f1018cb2,2021,47069,B
14bc2f37-099d-4f22-a183-638f00faae02,2021,1101244,B
0790a6e1-ece5-4caa-8694-f6fb30c4f749,2021,108660,B
5f62d90a-e5ef-48fd-86f4-838fb4055806,2021,5000143,B
6d2f90a1-85fd-45a9-8b7e-0a948594fe8f,2021,1322390,B
4c9dbbea-3d3b-4107-ad74-2b301e521bc7,2021,1190071,B
bee6b6bb-30b4-43a0-b1ed-1fc163da952b,2021,1318224,B
5c49c160-6ac8-4baa-a752-ff07135ec098,2021,83388,B
ddafe6cd-75d4-49e4-96e2-23335d64ac14,2021,968,B
e09c9ccc-7396-47ee-956a-21708bab1fbe,2021,968,B
de15923c-956a-4fd7-b14a-f982a4d78ad2,2021,20933,B
c594a0b2-7197-484f-be65-ccb1cc95bd56,2021,1108692,B
565f16c0-e8c5-43d9-8754-10d4f135d977,2021,48205,B
3a9e84a0-93ac-4f1f-adaa-53174ae881a9,2021,20756,B
429c211d-a7bd-4f03-bab7-3b2d1d67b978,2021,113687,B
14b69510-0b57-4107-b154-4e05226f6cc2,2021,113455,B
45b017e2-2ed6-4611-81f9-809f79e47bb3,2021,88068,B
8f2c0f90-2f88-4071-a16a-856ad73fd861,2021,5000135,B
b5545e8f-1b65-41a0-bc87-0a97cb3ab258,2021,106167,B
b1fa202a-c6b2-4806-83ca-9ae7fe1f0dbb,2021,108660,B
7e9f5e6b-816f-44b8-b475-7f276dfa2769,2021,101942,B
a287fc92-88a3-499d-85a0-c8482e548ad7,2021,1351760,B
ecae30e4-5fa7-40c8-bd19-eaffb65d69d3,2021,43664,B
812c04ac-374c-4e21-84d5-acfc762e2e08,2021,106996,B
136c93aa-ff04-4bba-b491-185984741f37,2021,1181327,B
8bd36cf1-3692-44dd-aaa2-fb52821a34cd,2021,48675,B
a73b234b-c7ee-4cc9-a5a2-4f0ee6dcd0fe,2021,106996,B
744b871f-6503-4e08-96cd-069984729f2c,2021,1190071,B
975e6a84-6ed3-494d-9687-f01c4ecbeb02,2021,43664,B
743f63c3-7a96-4f8a-b1f1-2abcb55b10ad,2021,2209,B
6c8db51b-60ef-4746-b9b5-0f341e97e8c0,2021,1314243,B
5f840c4e-0b79-43a8-abb2-ba56572e91e4,2021,106996,B
74fea443-04f4-401b-b42b-6d67bd07a1ca,2021,90030,B
10dbe965-b484-48d6-8020-8f9da6ebed0d,2021,95175,B
ff630ea2-8169-40cb-a2b7-b5e69a30373e,2021,50981,B
dde45e46-b400-4ac6-8489-25e0e9cfc88d,2021,1190071,B
e3139a4d-427c-4d70-9cd3-6e91b4b62626,2021,95175,B
367406cf-7cbf-4fe3-a574-1446edb7332d,2021,1322665,B
6c5990a6-b12b-43f1-ad05-90f5d7b3aa70,2021,47069,B
5abd00fe-7940-4de5-bf41-1f3f7ebaecae,2021,11730,B
13161ca8-fca9-4e8e-b03d-530ed0ba1abb,2021,37862,B
6c3b8d51-bb0d-47d2-ab7c-6a102189e7e7,2021,5000135,B
77f7fca1-b261-4e04-ae9a-199d87f5357d,2021,1351760,B
1a2593fa-1d6a-44d8-b0ec-2b7b6e5e7bbb,2021,98665,B
63794993-0252-4b44-85e8-596d6e5eb7f5,2021,1288839,B
764d3fa8-7a86-4281-9811-990fbd418074,2021,101830,B
dc660bb5-0392-408a-a7c0-05cfc3ba12e2,2021,107422,B
9462906a-a183-4950-bf1d-0046a619a82c,2021,106996,B
d3b204e6-890f-4618-871a-dc9a771d659d,2021,1376131,B
c8abc75f-d0d2-4522-9477-b9ba9900b0e1,2021,1265453,B
318d6c7b-5e15-435b-9e1c-ad36c63801d1,2021,37862,B
921d5f39-1616-42c5-a2ba-a1931f135034,2021,11452,B
628c5737-7772-48c2-8f52-3b7967c96b55,2021,73140,B
5509680a-9db2-45ee-9b65-c83f03f8164e,2021,1136142,B
af537867-6b0d-4051-ad03-0273a4138f53,2021,5000143,B
5b928ed0-0b13-4fe2-af2d-f17873fadb41,2021,98305,B
a97e5bf0-f8bf-4989-9048-82dd52817fb7,2021,49054,B
88a2d144-665f-4df0-9b96-f7355d787546,2021,1283028,B
336fb3ef-8659-4574-83f8-ad543badf5e7,2021,97443,B
d86aae76-2cbf-42eb-abfa-f1736cfff4f9,2021,1190071,B
e4a780c5-784c-41f3-b6f8-455a6233bbd7,2021,113813,B
caf69891-6a8e-492a-9d83-b12081fce3b1,2021,1318224,B
34251690-7af4-4120-b934-add5762a8985,2021,118420,B
8f161945-ac59-4594-93c9-08f9c73d8962,2021,21464,B
29699581-51b9-408f-ab60-144149ccd58d,2021,1288839,B
8b1dd81b-ddd6-4b2b-a859-0dca030c567e,2021,37862,B
de4a79f6-6bea-40b9-a3ba-884f51b217b7,2021,53333,B
87861bf7-4ed7-4cfa-9c3e-87576bfdb010,2021,1322390,B
bf495723-9bef-4647-8811-8bf313a8a607,2021,108660,B
5ce41767-3d3b-4ba9-b12c-9ebf9f736d79,2021,1187671,B
06b37be9-df6b-4281-bec8-7acb096c94e6,2021,88084,B
cdc94885-4db7-40b4-af88-cea2e9251512,2021,1070485,B
d4d4f793-e5e1-4744-be48-d64a6f057a98,2021,74737,B
af37a818-19c5-4e17-991e-45c342d6de31,2021,1376181,B
a555c2d2-a361-4727-96b3-4e406dec20ba,2021,98764,B
721b3bd7-0708-4fad-b198-4fc8cf4ce750,2021,19042,B
b2fcc125-2502-4266-be78-197e730e7c57,2021,74737,B
361fd144-c6bd-438c-98f9-c0b7086131f3,2021,20030,B
22143954-f524-403b-86ed-3b00d8cd7fcb,2021,1322390,B
9e839b4d-78a9-419d-b744-31ef2d291c5e,2021,37862,B
3685cb95-8658-4ae7-942f-5f39b095049f,2021,113455,B
35481f72-80c4-4dd2-9aab-f13ff16bffc4,2021,118994,B
72a8cf50-1686-46b9-9c30-c0be8721cd38,2021,94762,B
84ddb39a-4549-431f-abc0-912659951213,2021,48205,B
4132ff46-9439-4622-8160-b003c24ad77a,2021,101942,B
0a4f54f7-fb74-4223-8f44-ab4cd8f15d31,2021,88068,B
ddba3697-5e7e-431d-b88b-871f5c899c9e,2021,1306689,B
d4d847ac-3c1b-4053-aeae-0620340c92ed,2021,1148708,B
ac398517-bce0-45ab-814c-4812bca6ca90,2021,107422,B
78d800ec-442c-4f18-aae0-0ae8bf6fb967,2021,11452,B
9e77fe8c-544a-4783-8eca-3638c9d119dc,2021,513,B
22fbf9cf-8371-464b-a0f4-33f1429cf7ef,2021,106996,B
f12d5957-1100-438b-b23f-4876a08d113a,2021,1070485,B
cebe110d-f68e-4355-981f-d53912b32123,2021,1070485,B
fa3d75b4-2741-4c25-be38-da25da1fe838,2021,1136142,B
7fb2cfad-9718-42b7-80bd-2524e30e14e6,2021,59122,B
7bc963f8-4ba9-442a-a2fa-a6d5dd6989a9,2021,1139692,B
a3211b13-8d24-453a-a22d-4f4d639cc30e,2021,74737,B
45735d9e-7918-4d87-84db-06fed70a5227,2021,20030,B
4e25a0c1-5db5-4300-8867-8a5cda2bcc65,2021,1322390,B
629bc498-b4ba-471f-83ce-21bce4c51551,2021,1300284,B
612bb7cb-f467-4f88-921c-2550178abad6,2021,41238,B
c8faaa68-0bd2-4e7c-b133-dbc346576c53,2021,9440,B
02355460-10ae-49d1-9e38-6ed00aa9b9c6,2021,1376181,B
ee2d383e-7d9b-494a-9770-ed8b999734d4,2021,48205,B
b463f974-ee56-4b6c-b77b-768d9035de9b,2021,98595,B
18d7a893-6e4c-44c2-8a6c-9d924f830a23,2021,58808,B
d26c5373-c976-49d8-b6e8-0dbaeba4dd54,2021,95175,B
471694e6-abca-4656-9226-be84ba9b8234,2021,1322390,B
d66cf182-f72d-46a0-887c-15949b290e11,2021,11452,B
1a9faa4b-99cc-481f-b991-2bd41662f7e0,2021,94762,B
6ef88b22-71e0-48d7-8c09-0ff947817e71,2021,5000143,B
e7aafa6e-bd5f-41cf-855c-1f3717af7729,2021,1132918,B
1ee086fb-2690-4529-8dc6-53dcc6c2fdb1,2021,13277,B
378c8584-2dab-4624-9076-eaf58d986269,2021,98665,B
3b1350c4-2c86-4ebf-bb87-14ff2cb3bb6d,2021,116770,B
39163309-d4ac-4577-9de1-67bf6bdf9706,2021,118994,B
0401d62d-551a-42e1-9cfc-11247e6db6b4,2021,94762,B
46fb4528-3e57-461a-9cb2-aacd5ee76124,2021,1306689,B
46f0b2be-fa7c-4463-816c-ddaeacababfb,2021,1283028,B
b18ee26c-656f-4346-9dc3-8c793350b65e,2021,101942,B
911aaa5e-ba57-406b-a753-9f04cbe19615,2021,5000135,B
5d10a2f4-c8ab-4204-b25a-77e0b3e4ae1e,2021,43664,B
ecf71a51-69b5-498d-8ee8-4a4ed995160a,2021,13277,B
a5a322b0-882c-434a-b363-ddd3b9dab25e,2021,95175,B
67aba5e6-d2dd-4044-92e7-ef1185a3c099,2021,101942,B
87830bf5-30f9-4898-b927-fa87c6abbce7,2021,94762,B
dec31f69-9d6e-453a-bc4c-2a092ddcba9f,2021,1322390,B
bd195e6c-e1da-42ce-b2f1-a2e3da9483ed,2021,47505,B
1d85a73d-15c9-4700-8f6c-a00249d04e93,2021,1181115,B
5a7888a8-9782-4e28-8cab-4f7955f4a6ac,2021,88084,B
dd6c65f4-71ab-4090-94ee-a92a07589dd3,2021,18559,B
4b169d41-e7f3-48ea-9a0d-4e770aa44367,2021,98665,B
6fbc3687-105a-466a-93ad-cf683ae761b3,2021,18584,B
f7a4e3d5-b319-4e0c-981d-4c7a0e250957,2021,112086,B
f75cf0d5-70df-4109-a927-7eeb94c7c018,2021,83388,B
d3ef2bd1-fdd3-4285-9f10-b4cf46599e3d,2021,88068,B
17ef8744-72d4-4620-abf1-d70ed48f48c8,2021,20030,B
c71f8d54-897c-4dba-9312-b6048f9a5ec3,2021,1190071,B
0eb42660-4470-42b9-a5a1-bd1ed6f4f737,2021,49054,B
54df8f9b-28c6-4956-b925-ff20f03a0d6d,2021,50082,B
94588898-c84e-4376-aa7b-849e7b6d466c,2021,18584,B
bf00819d-ccee-4795-b891-1f6659404d4c,2021,513,B
94121d7f-98aa-441a-b3e5-13ffa86dff20,2021,1269545,B
7204348f-4cea-4f17-bb77-2603abb37ad6,2021,98665,B
631776c2-4f5e-45e5-9b5b-2f5352e410e4,2021,1306689,B
8f8a1e70-d8cc-4808-85b7-4c44d4ca7c54,2021,97443,B
34488086-6392-4e78-af23-1c89853a6806,2021,87396,B
267aa4a5-4662-45ed-930c-99c725cc48d5,2021,101942,B
4f200726-81ee-4140-8303-37a44a9a250b,2021,67601,B
1c3f300f-cff1-4be0-b14e-9f751159749b,2021,41238,B
615973bb-b36b-4e4f-8cd2-3631ee655f4d,2021,58808,B
f22809ec-1c91-4487-a0ea-724ec3baea25,2021,11452,B
0c37c5e1-f60a-4855-a0dc-34af2d45a12b,2021,91262,B
c69bb5b9-b16b-4501-96aa-77ea9a204155,2021,18584,B
e2c629c6-a2b9-4c6f-a282-7923d1fdf178,2021,18559,B
524b309b-1650-435f-ad17-9e8b674b7eb8,2021,73140,B
1b1fe507-f20e-4542-a710-fe2f5adcd17f,2021,94762,B
978347ba-f057-40b4-9e62-186fad712245,2021,95017,B
25267211-8a0d-4508-a74a-48663c7748cb,2021,13277,B
ef9466f2-482e-4521-a5fa-1faa74aad36b,2021,107920,B
213d674c-b012-40c2-988a-a77eb30b761c,2021,47051,B
5e9fa737-c356-459a-b3ed-b08d30f26bfb,2021,1267543,B
ab6ce277-e6e1-46f9-a005-4dad710232bb,2021,41238,B
1dd6421f-0230-4292-9fa5-2778a27e1c91,2021,19047,B
57a5f971-6e67-4588-9092-f650dcc267be,2021,48205,B
a4426a67-5daf-4f71-94c4-6232609d71b7,2021,968,B
dc7506c4-67da-404f-9798-90acb0ec570e,2021,1283028,B
b09433f0-22fe-4500-ae14-29fdf06c6c7c,2021,98764,B
0e2a8894-902e-48b6-9160-853029a840b1,2021,18584,B
e2792a72-4efc-45ca-98f2-6bd582c95a01,2021,11730,B
36ba82ee-d69a-4210-9061-e7926c1c6518,2021,88084,B
a34523d9-1ba8-406d-ab72-97a8bacdd838,2021,49054,B
768b0141-4d7c-4c17-ae30-262659ef8329,2021,90030,B
e1409454-4dc2-4b10-b9e2-f66ce81cb62d,2021,56172,B
0aab62b9-37e0-4065-aac8-08201fefce7c,2021,114616,B
845fa964-17e9-44f0-91ac-95fce06344f3,2021,114616,B
3fac62b4-a703-4e31-8327-7bea8f5329ea,2021,117022,B
e4c777ec-81d7-41c0-8170-1eb6f8910b4c,2021,1330347,B
faf7642d-c129-4f26-a044-ac400f886e61,2021,13595,B
d3492411-e135-4b75-a1d2-b95a7c43e78b,2021,107360,B
619e410e-05e1-446e-b473-884268681654,2021,106996,B
2fc46c63-8984-4b0c-a546-7c99f97711a0,2021,1322665,B
d879c118-57e4-41cd-b538-141146778730,2021,5000135,B
2fc9a8d6-503b-4f7f-8f67-a05b55eb0f67,2021,18683,B
a116596e-8513-4355-b4e8-4217c16a3f8b,2021,104360,B
1a9fc91f-63a3-4fcc-92ca-72288c1a2e75,2021,106996,B
9e5e5c25-bc5b-482b-987d-a7b53608d579,2021,1032473,B
438218fa-b186-4472-adaa-7f9dd8f6e88a,2021,20030,B
6d1a0abb-d497-45b1-8fa9-c845cc83b137,2021,48205,B
52f04721-a551-4677-85be-6959374b90c7,2021,101942,B
70c7e77e-012a-4fdb-b538-a0a179d11d2b,2021,88068,B
eb061787-86af-4a4a-8a68-007c9a4429c8,2021,9425,B
0c2a1d1e-8dea-44f8-b118-a7758ce70913,2021,1258063,B
d19b64e4-6721-4118-8fe5-7f60c9aa7332,2021,1190071,B
f58cff7b-964a-4d4c-a449-947699e718f2,2021,50082,B
d6e31988-4dd6-41b0-a58b-120d155ceb6a,2021,1047907,B
8ea1b556-ed6c-466d-88e9-343baf24f5f3,2021,107920,B
12538b0f-9496-4c7d-b120-aa5253e49c1f,2021,108660,B
afc7672b-5c9f-4bec-b232-ae2ebf8437ad,2021,108660,B
425ab0dd-9dcc-409a-ab34-a103028933f3,2021,18559,B
0fe785d6-b34e-403e-9e2a-69ff77ceec93,2021,318882,B
0c252c62-29ea-411b-ad05-cb69cd61fa92,2021,118420,B
fee9ebaf-68fe-4f54-99ba-d5d99c6582af,2021,101830,B
df4e9d21-5805-4147-aa81-b23b407fbd5c,2021,22047,B
6d0f194e-3cce-4348-9eb5-30c128e12598,2021,116770,B
fda092b9-b19f-42e9-81dc-aad88bf3e0be,2021,49054,B
7ca374a3-d246-4277-81af-1518aea2e2b8,2021,5000143,B
70373394-dd3a-4653-9e23-01b2ad2576d5,2021,94762,B
9b1f3054-3e1e-4e8f-992d-634a0b306918,2021,94762,B
1feda4b4-9233-44d5-bb66-d29081a5448e,2021,1132918,B
e8f59693-fd69-46f1-aa09-c35535902fb1,2021,67092,B
6a87514e-b436-47a7-a183-5e20ba1a7535,2021,83388,B
0d6460a3-ae87-4755-bb5e-f0da64e5a08d,2021,1047907,B
3db1b914-68c6-47c8-b4b0-b0d8ed467707,2021,106996,B
59ec9434-93ce-4bbb-93fd-697ffa9da630,2021,1322390,B
0f412491-c3c6-483b-a1d3-a3864b614f99,2021,106167,B
96ae7fc9-5e2b-4e38-b581-080fed4d840e,2021,1306689,B
2e55f2e2-67b8-4cc7-80e1-1247d137381a,2021,104360,B
a323e7c0-dbfe-42f0-b820-f83550e377cd,2021,5000143,B
3b5ab2c9-a0d5-4236-b8a9-74388b9651b4,2021,19047,B
72f47057-f8c8-4c66-8bf5-bcd93cedf920,2021,58808,B
a98525d8-161e-4246-97bb-86f7b9e85255,2021,107920,B
857eeec6-691e-4d3e-a1f7-74f68cf198bd,2021,108660,B
70ebc76b-228c-4dd0-88c0-da9c5f9b890a,2021,102590,B
c5393af7-a82b-4d0b-b457-5b01e92f4baf,2021,97778,B
ae977db9-4cd6-467f-9bdb-2acdd2890456,2021,1136142,B
ed6d5317-5074-4dfc-9ddc-efbf884dd2bf,2021,1288839,B
3704ba5a-12e5-4c85-9c18-9c002af79e43,2021,1190071,B
fcd7a2c9-da00-45d4-a5ba-d0be95805a5f,2021,94762,B
8ea6d471-4adf-4039-ad22-a413b55e4c13,2021,13446,B
0eb07ae7-744d-4541-9f18-b71e469476fb,2021,1300429,B
484296c7-0b04-4681-9da0-4efb6dbeda51,2021,1108692,B
c1709784-17dd-4dd1-8f54-a0c471b7205c,2021,5000135,B
65399c0a-a678-4214-97f6-f5b550d1a9fe,2021,1181115,B
e8b9f532-2543-4447-b505-f5f1be0bef1f,2021,5000143,B
677f6d63-7e65-4e67-ad00-e5b8274a38d7,2021,21464,B
8a79d329-a241-4041-9c36-16ba82e84738,2021,113455,B
f952c736-fba4-4c53-8b93-cdaafcbcc3da,2021,1376181,B
b1654827-1e0f-433f-8df5-6bdb2afdade4,2021,9414,B
2faaf0cf-9228-40f7-8c76-0cee08a1e4c8,2021,9414,B
d08d2a2f-7e84-4940-9438-2eca47069f22,2021,1330347,B
c79bcaff-ed21-479c-b6d2-0e4b312a2324,2021,2209,B
095fc8f9-47d7-45f1-b2cd-643b397a4b8f,2021,1187671,B
807d4aa2-f53b-444b-9200-e797ad657e92,2021,48675,B
f4d1d398-396b-44c1-9c78-a1dfab2b4756,2021,106996,B
d82b5310-3770-4748-909c-e88d72d422bb,2021,106996,B
1338ecb4-8c01-4a7c-b44a-fe09629e69ea,2021,5000135,B
8baf039f-81a8-4f9d-9dee-3941d40978c7,2021,9425,B
13e4b711-635a-494b-b1f3-4e93f9c38bdb,2021,103062,B
1071a203-1d02-45bb-b32c-26c3d592967a,2021,1306689,B
3b719636-2468-4108-9846-5ef1c163fb3b,2021,968,B
27db4acc-21ec-49fb-9abd-f8aa91d008db,2021,1136142,B
533b3b5e-e409-4368-856f-a7939c7fe9dc,2021,1283028,B
4cfe5910-b938-40f6-9e38-c0ea2dcd91ab,2021,67092,B
bcc5ebf7-8d99-406d-9bf2-d5197c67c166,2021,1101244,B
afc6327c-6d72-4142-942b-da0aeb7d47f0,2021,64664,B
6e9891f7-fb9c-40eb-92ef-c7a3bf7a2296,2021,18559,B
5a3cd466-db34-4133-aaff-c37f064f2821,2021,73140,B
650e36ef-d2e8-4a83-ba4d-e7e3e61b3149,2021,1187671,B
4426556b-3837-41d7-aa82-72324c0f54f8,2021,43664,B
1f0c9e04-5d6d-4d9d-b1f0-c5ee53bceacb,2021,13595,B
c8fe8c60-9382-4479-b7a9-ffb152805ace,2021,1102628,B
1766d93c-181d-496b-aa93-4ea27ddb6038,2021,106996,B
47a630de-52f2-4acd-8e11-c18be34ff3f4,2021,97443,B
3a7be3ca-6001-4da9-8ff9-0e683f639f63,2021,1181115,B
a53f80b3-434c-4108-8f78-7ccdb45094de,2021,13446,B
8ae48165-2ba0-4f8e-a709-32703bf42ab1,2021,59122,B
e2d0a835-2748-41b3-b717-d6fd9e023e8a,2021,1427745,B
30b163ad-7207-44f2-91e6-5e5890774d29,2021,106167,B
0826a4f8-495a-41a6-9a6e-3cc83faf1000,2021,98764,B
bdd69c79-6eef-4464-9d6e-620800f08c2a,2021,98764,B
80ef752c-4bd0-4f11-9a96-b4888450c8b0,2021,1288839,B
eb6cee0d-a4fe-462c-8ef1-f9c684c1ec5b,2021,1270596,B
19bc9206-dc02-4c2b-b6d1-117a65974df4,2021,91181,B
aa4df48e-72ad-4e07-b268-e51a325800b2,2021,98595,B
978d6cd3-9bc2-40f3-a9d4-a203c39237d0,2021,1322390,B
27ff85d2-27e5-409c-a6a2-a5deda18cddf,2021,94762,B
3ab29d34-0d9a-4f3d-966a-b895dd19bbae,2021,56172,B
ee690224-42a6-468d-b8e4-96e48f618ff8,2021,48205,B
ed0f57af-040a-4dcc-8a6b-a32a8e57ec2a,2021,11452,B
5b3a5bc3-6533-42c3-ab62-dc3ec11e2b55,2021,317,B
93abc2d1-ea38-4fd4-95e0-9f617b60c0e6,2021,1148708,B
9fe2d211-f1cb-4bce-9bb5-45242830cdb3,2021,13277,B
714bec59-baa0-462d-bc0b-071bb81e35e6,2021,1322390,B
f7168948-ed3a-44d7-9373-9fd07f8f3b8d,2021,98764,B
09b65447-e638-4b6f-84b2-3cb014ec625a,2021,5000135,B
a8e1eaca-1c56-43ed-8699-b219279c62ef,2021,1269545,B
88b78a1f-f76d-4817-b6af-dc688abb8055,2021,101830,B
0b4123c4-bd21-41a7-863d-de98965744f6,2021,1314243,B
419e9866-cef8-481c-8b0d-cfa8d199cc55,2021,5000135,B
239e027e-72dd-4f06-adb7-62276011458a,2021,13980,B
04bf7694-09ab-4e74-9956-f3523eb75a9c,2021,108660,B
ef7ddb03-c0a1-4107-a34a-481b94ff86ce,2021,108660,B
4ca96052-7e4c-43d7-baea-d6a934d531cf,2021,1385942,B
1e61fc17-9d81-4633-966d-9f82f9131e42,2021,107360,B
a769aecf-4510-4b77-a303-9b5d03594aca,2021,18903,B
f7512e2e-7c0d-45ca-b2f8-71673caaa5f9,2021,22047,B
ad63747c-e9d0-4915-a59e-933deafacef8,2021,106996,B
8b89f9fe-5beb-4092-9c21-4f25868c5e27,2021,18683,B
9a6dd7ee-f113-42f8-91e5-81b61cfabcbf,2021,18584,B
50b446b6-08d1-4467-bf21-765a1cdf8073,2021,18584,B
187609e5-ae21-49e2-a8eb-5e4d3d6e4973,2021,97778,B
d82170df-ae8f-46b0-a2bb-cb666f5104bf,2021,107360,B
55ce58a3-42d0-4df7-ac78-ca4db4b88723,2021,48205,B
31424ab9-ef6c-4640-be05-d535b9a0bbdc,2021,106996,B
57e60961-a6e4-4d65-b580-18ccc069aebd,2021,18584,B
8502e68c-de85-4598-83bd-b2025f09af4c,2021,1032473,B
a7dcc968-05ca-42dc-b64f-a66646870ba9,2021,106996,B
14ab5512-4e89-4cc5-af90-2ff1b46907c5,2021,18683,B
add36d13-e2e0-498d-b950-341998bd5382,2021,13446,B
bbb2d77f-ef2d-4db1-a426-4b8180402704,2021,118994,B
c5191a35-c774-4c62-84c9-350721f2de65,2021,1283028,B
3c2e4a74-a3e6-4efc-8037-12b4406091ac,2021,20030,B
9ad2e31a-15ac-47b6-b5cc-693328081893,2021,9414,B
b9c94019-2645-464a-aa28-3f71e61473cd,2021,1385942,B
ec73a305-1027-45a5-b25d-29307cc6d7ea,2021,19047,B
17f3222f-4859-4431-b077-af102d5717f7,2021,1283028,B
8f00227c-fc06-4e3f-924e-74785e5dc814,2021,1322390,B
6d9f75e8-e064-4d7f-bb81-4fa63beabd89,2021,101942,B
dec76ef0-0dd9-4005-bf04-69c2a567117c,2021,1148708,B
0ebc77e0-6905-4c08-9ac7-1a04df404843,2021,117532,B
5f6b9420-91eb-4174-9583-046ec3d13678,2021,47505,B
e5b4fb6c-51c6-40b2-acab-3d7d86c6cb51,2021,1118057,B
b2833060-e44a-4bda-a890-4051b53251ad,2021,968,B
73d7da5c-4100-41fa-98d9-7c6a18686ecc,2021,40343,B
e5752d5a-a142-42c9-ad50-373658407b70,2021,9414,B
4d146784-6ad2-434f-9e22-3d5363ab8a74,2021,1322390,B
b1166de9-83ba-479a-9a0c-d91882d212b7,2021,2209,B
b839461a-09b2-462d-8b57-25088fae136c,2021,18683,B
4249ef39-f1b2-4a54-bbe3-d070feefb063,2021,1190145,B
d8d62629-cdf5-4ab4-b2d3-95997b963d98,2021,1351760,B
f89786ab-fae1-41d6-b39f-6b0a9215de81,2021,18903,B
e68fe336-a9d0-4868-9fef-8a93252f87db,2021,1136142,B
90cba9c0-0d05-49eb-aafc-d97d09426131,2021,94762,B
8a7180ee-ec82-4109-be4e-35a437f0bf1e,2021,47478,B
f97255b9-544e-45ae-b8f0-785151c6a241,2021,59122,B
4dc6ad96-ba12-41e6-84db-910533e81456,2021,37862,B
5befb783-8c64-43c2-821f-e7e90db45f0a,2021,1322665,B
4c5149f8-3620-4e1f-bf5e-02072467f066,2021,1322118,B
156cd4a8-db86-47d9-b96e-3d66f453f30c,2021,94762,B
56d2538d-74dc-430e-a1b2-b6363d7f04a4,2021,1306689,B
03c62a58-623a-48b3-8b4a-6084acd148ae,2021,9425,B
f9bc8e21-d11c-4413-81de-d24197f81c7f,2021,108660,B
f633e844-72f0-4aea-a9d1-42621b950d60,2021,1269545,B
b9bcd11a-884a-4483-b154-f3c812d77cd2,2021,20030,B
76da1ab5-899e-4c60-9433-9d7c82cbf35c,2021,17898,B
2d386a80-d955-4109-95d3-c79304e08f0f,2021,1288839,B
c21e6b5c-f7c4-4c72-9017-9189e44bb3cd,2021,1306689,B
50be6879-42bf-4a07-9ed8-5621a96cc04a,2021,48205,B
e2c1bc18-ddfb-4b4f-a5d3-b28ea7ecf7da,2021,1322390,B
e0bc5882-b8c3-4315-8f32-e26f1a94c378,2021,1166783,B
6b17fb35-7a30-49d4-995d-f2477148efc5,2021,513,B
1faeaf4f-8c80-411a-91b0-bdd4011c256e,2021,94762,B
6fb2dae8-99b9-4390-89ba-8a06cfc12f47,2021,50981,B
0cac922e-2b63-44dd-90a4-09e83ffef991,2021,317,B
bd1eac50-76f0-4b7a-967e-9f604ec03f87,2021,13216,B
e13359ca-9bfa-4934-bf1a-d0ba743bf993,2021,47051,B
a270662c-d439-4444-a07b-011636132cd0,2021,1288839,B
eb6652be-8adc-4f77-844e-55fad638221c,2021,20933,B
17c52561-7893-4ba8-8cb7-c2b0c91125c3,2021,1101244,B
1fb3ccfb-2968-4597-8995-737f9842b64c,2021,106167,B
dd92930e-f287-45ef-9221-652ebc55e32e,2021,94762,B
afe4fc0e-4d53-4eeb-bc91-1cfb6fb9ff99,2021,9440,B
12d95748-0409-4f52-828c-a1c9b46c460a,2021,19047,B
3bc272aa-a49c-4cb9-9f2f-62acf2b29149,2021,53331,B
546b5f5c-407d-4feb-bf60-b29a650d8adf,2021,1322390,B
9af5f8d0-9ff8-45c2-9f9c-7e8e255c8b35,2021,1181115,B
3599fdaf-2ff0-4072-a9be-418d2d8f848c,2021,1306689,B
1b997b2e-a15a-4cc4-8761-34455676a9de,2021,1269545,B
8ef9d007-4e91-42b6-99f1-8b532df5e93f,2021,67601,B
e700e09f-04d2-420f-b14c-e60c0d7bd5fa,2021,95017,B
282fac78-f6c9-4a88-b1d6-1fd4dd43da2a,2021,1314243,B
36848e29-f32e-4095-9a44-f798e1435bf1,2021,117022,B
2432cb0b-0275-4a34-a078-a7b165f708a6,2021,18683,B
939829ed-0a85-4c32-b511-49405e9c3a71,2021,18558,B
dd7f6479-22e5-4173-bc65-6ec42642de0a,2021,19042,B
d6562fc0-5ee6-4434-8b79-b53818280c3d,2021,1351760,B
3c126a1c-2eb9-4c71-9ff8-0c99f3dc9785,2021,107360,B
0fb090a0-4647-433d-ad06-c63b2d52ab9f,2021,22047,B
98c97b88-8e1b-492b-b3a4-65f8a7a1a58b,2021,1187671,B
138749d7-7f0c-4929-bb85-4d33421c42e5,2021,20030,B
15a06718-353c-436c-b941-73e3bf828e49,2021,106996,B
3aaa245c-cc42-45cd-b95c-739380f91bff,2021,49054,B
e53ba82e-8d69-48ec-8632-d5f461060d7e,2021,317,B
66dfe0b7-0821-43a7-9c0b-3413eab09615,2021,19042,B
8e152ec6-6f90-4e0d-9fc2-6539ff13f0fd,2021,1267543,B
a4fdcc6b-27fe-4d61-b6f6-e354318818bb,2021,1187671,B
66ce6e0e-2f04-47da-a10f-5de330e75985,2021,94762,B
8ac71af0-4aae-4405-a85a-0ca220516d92,2021,1299927,B
f633a2ce-e5f8-4615-967c-04c54ea83555,2021,1427745,B
c89caacf-7a66-40cb-bc03-4c526d7f176b,2021,1203177,B
4f0eefc9-c092-44d7-ba99-3bb8204a91e1,2021,20756,B
49496193-21d9-4b87-83df-70945c3ec21f,2021,1300284,B
c5620733-f94a-4b8a-83b1-638ce3bfc090,2021,2209,B
6601d13c-6b53-437f-836d-985fafa2b36f,2021,19047,B
26f2b3ea-fabd-4eec-a6e9-2bdcc1652f26,2021,90030,B
717d1a84-8c44-4787-89bd-e34259ff682b,2021,1288839,B
34fff61a-b945-4826-a18e-63764fdc36ae,2021,1161716,B
d5fb1f47-88ee-4281-85e9-704da9b0e542,2021,107920,B
aadcc548-e720-41cb-a5de-968703c47639,2021,106996,B
d7e057e8-a305-43b1-a40f-9cc726d34430,2021,108660,B
8081a2ff-7bf9-4179-be74-01a068b649ba,2021,1269545,B
e8fba4aa-aa4e-4bd4-b3fb-6bfffb48ba81,2021,116770,B
966defdc-8f11-4504-96e2-eb790e90d3f1,2021,1181115,B
a2f81260-0587-4c0e-a50f-d697f261cf0c,2021,94762,B
0860c6f8-848a-4abd-a4c8-b827f026a526,2021,99820,B
03c4bb4b-c8ef-40be-8bfd-fa9eea6cbf5a,2021,1204325,B
33ad17f1-6565-4283-88e1-3d240ce2d0f2,2021,1314243,B
1d191f15-be55-4958-94ab-c618ed23eae4,2021,5000135,B
a6ce2134-bf36-49f7-b786-cd540b021587,2021,19047,B
9231b20c-6d9a-488b-bf6c-6737b7819d7f,2021,9425,B
c6ed6676-2e25-494a-aadd-be3cee17e8ae,2021,112086,B
e92cc3a3-242a-43d5-acd8-858729a82b4c,2021,21464,B
a03c6d5a-ab60-4345-85b6-48b589d4e7db,2021,1385488,B
a62e8e71-6975-4077-a37e-06e04a35c10b,2021,95017,B
df53a891-4fc1-43b8-b44b-9296073ac998,2021,48205,B
2d55bf93-2132-4af5-ab18-1fd87826f39f,2021,1272079,B
965f5e41-534b-4b24-8368-93a3d1b17e99,2021,18584,B
f0eb0c53-7f55-4afd-8904-f80a1975b75c,2021,5000143,B
6a2361e0-7a42-4e6c-8c7d-0bc0b0c8308b,2021,1187671,B
c4af0e05-4aa2-4784-918a-9e3cd74bb56a,2021,19047,B
05d3ace1-69e6-45dd-b7d8-1015801a2ebf,2021,83388,B
015bc1ae-ea0f-40a2-87dd-517170f346e0,2021,1306689,B
a911539f-a731-4600-80eb-a103fe58cd7e,2021,107422,B
5215f1e1-caf6-46dd-83ae-c0c222af06c8,2021,1101244,B
fa861c1b-f0f7-4784-a652-2d221f5fbbd6,2021,18671,B
3ce59a71-e551-48b2-b7a2-e567c14f5ff9,2021,11452,B
7529bc4f-08d3-431f-8151-a4504a7af2a4,2021,1181115,B
b82fc33a-3a7d-4dbc-b7bb-dd986d8f9888,2021,13401,B
95b1fe2c-f90a-47fe-9a69-08671b5f5a6a,2021,107360,B
dcdce2c9-d7c6-4e17-aa7b-afcf5f57a3bb,2021,1101244,B
525fd324-9497-4535-aed7-d356babb739e,2021,1376131,B
f2747df7-0991-4467-93b5-7abdb99595bb,2021,1187671,B
930fc03c-0705-4561-a197-19e0f54a6b65,2021,11730,B
46bf6c3c-271d-4698-9a60-95faae830814,2021,20030,B
50a7f9e7-7655-45e5-9e9f-03f362bb81f6,2021,1118057,B
db135256-4de2-4b5d-ae29-3ba153df46a7,2021,43664,B
b4ffae3d-3fce-44df-a585-03be47b62c3d,2021,1161716,B
2e0ee94f-fbe0-4d01-84b6-7678aaa7e97f,2021,18558,B
000924a6-288f-4c0c-bfb8-4ff0e380875b,2021,73140,B
71377f58-e52f-4f52-bd90-3856667c176e,2021,112086,B
1d951e60-f99a-4f1c-813a-b268e50dc981,2021,5000143,B
3d717a42-a332-4725-adbe-f07e5283e0ee,2021,107360,B
c9e4a56e-028e-433b-92df-9a51721a004f,2021,19047,B
b92ab239-0937-4c83-aba0-d44a810678d3,2021,118420,B
8c115ee3-461a-45e0-aebf-0f7e2cd66284,2021,118994,B
f343619b-e274-4cfe-a91e-39c9341f1d16,2021,116770,B
e74cf391-f460-48af-98e1-94406af67609,2021,1181115,B
ccdac199-20e2-4ef6-8ffc-7d4fde49d0ee,2021,18584,B
112efd1d-5332-4994-9e55-47fab54d79b0,2021,1351760,B
45e6a317-6f46-4b32-b724-21e33f551420,2021,18903,B
7990c6d1-87f1-4803-8433-4eeebb93e59d,2021,1288839,B
68d2f1e3-9218-4669-bf72-ab818cbf75c3,2021,1288839,B
1d8392c3-b62e-430e-aa2f-ff7aa5dc64d8,2021,107422,B
8c8406ab-7624-438f-bd4e-55426c5b6f23,2021,1427745,B
f2bd98f8-df95-4c47-9416-4b688700b97c,2021,5000135,B
ba05da7c-fe3d-43da-9eed-1c2abfa58821,2021,114616,B
ef552b34-7ad4-406a-b4cb-5034ffb37b19,2021,1306689,B
1f2db376-e280-4eaf-8275-dd4ffa7f07ff,2021,1204325,B
3b7541f4-859a-4d9d-abfd-ece8eb409123,2021,19047,B
b8fd9e9e-53db-48ff-90fb-d9000dd89a63,2021,968,B
f0a37297-1a44-43cf-b3ba-799c18dda52f,2021,49054,B
b94ee0ca-bc09-43a6-b94b-7663b50d0ec6,2021,1376131,B
95d0865e-64b4-4465-a306-a20dcca27fcd,2021,10515,B
6be7820d-9fc3-410f-8329-a71f33682351,2021,968,B
e7391e1f-bf4a-44bc-80a2-beee6e4f7e5c,2021,968,B
54562fe1-9518-4cfc-8792-03c23639e50f,2021,1118057,B
4e23c286-042a-4cf7-b9f2-5ba8b49e3140,2021,1376181,B
be2adb20-54fb-4708-bef7-3e502883998c,2021,13277,B
2b29a4e9-2af9-41c9-9b3d-8a4dcc5be703,2021,968,B
d03f6bb2-46eb-48f8-a830-bc579f78bc4a,2021,98957,B
b543f369-8a39-4e2c-b7a8-a3d8fab79eaa,2021,1265453,B
f5c869ff-9aa8-4da0-ab0d-eca37e95870e,2021,41238,B
fc4de27b-5820-4851-a362-8966589cad04,2021,13277,B
872d7b74-273c-435c-82e4-b7e925be35cd,2021,106167,B
97a66180-8edc-4f97-b012-7249aa552868,2021,106167,B
139e6df8-118c-4071-89ad-40bf0dff207b,2021,10515,B
f97d3bb1-2d10-4264-b15b-ac5d37d8644d,2021,2209,B
7a7b7d47-1445-4c0b-bdbc-5c4804af0c19,2021,91181,B
6af76a98-fc2f-4344-b713-568c9408a232,2021,54934,B
a9b43dbc-2a48-4710-a9ef-a3a962824282,2021,101942,B
8777b581-bc31-4430-a690-27a8021458a9,2021,1288839,B
0280232e-b991-4f0e-abfb-64460d457180,2021,118420,B
f9fc900c-a6e6-4375-8f2b-02ca37143e54,2021,20030,B
64072b6b-6f03-4f6b-b13d-1236ddacfaed,2021,1376131,B
43bd621a-592b-440f-9bca-f83d20c98cff,2021,1118057,B
fc0b945a-ca95-47b9-86d4-c655d55cf48b,2021,968,B
050b697c-2c4e-4c03-8a7b-301e9ed8fe8e,2021,108660,B
5e845b2b-f83c-45e8-ab23-d644b01065d0,2021,1047907,B
f93072b1-bd9c-4ac2-bd6d-1b5719fd2211,2021,1376181,B
fbb0afe8-eb77-4edd-a454-a980939dccde,2021,47505,B
9d124bae-cb82-4403-a3d5-f25f599e9710,2021,11452,B
ddf8ecec-aedd-456e-8130-30e5590548a4,2021,18558,B
196d589c-889c-47f0-8673-047522652262,2021,11730,B
d9ccf8e4-1498-4713-9d1e-5b2983538b6b,2021,88084,B
586edefb-5f5e-41ce-b287-b4c06df4e783,2021,90030,B
7e6a5a65-bd1e-48df-96e1-807e087ae34b,2021,51020,B
0c53c47c-7e6d-46cf-bd2d-9fa69ef19de7,2021,1314243,B
d910ea82-fa25-40b6-a6df-396135d38a6e,2021,49071,B
61baa910-08dd-400d-b61f-9f154f54bc4c,2021,108660,B
538adb3e-4b8d-40ad-a86e-73b3985fedbf,2021,98305,B
ad357a6e-b62e-4f8a-a23f-058aa9545b19,2021,11730,B
6a6a9de9-82b4-4a5e-8479-f4ff9419b892,2021,1322390,B
9e7c12e3-f390-46d3-a1f6-f55e91e9ae4c,2021,11452,B
9cf20ac6-f2d8-4fef-9aaf-793a4c3a01b1,2021,1047907,B
74089212-961c-4576-a697-445a01ef9779,2021,2209,B
a69aee84-8145-49cd-874b-386e480367ab,2021,2209,B
186863bb-b300-4f03-86e1-c9cc330089cc,2021,94762,B
f31be2d9-7bd1-425c-bb01-1b7d5e243a68,2021,112086,B
90ccc25b-2bd3-473f-a7c3-f09382dda0ed,2021,57606,B
e32c622b-e00d-444a-a30a-b92d5232d04d,2021,47051,B
b9e2be13-715b-4ab3-afde-e4816a83707b,2021,1314243,B
38e0393f-88e6-451c-9536-28cea869f3d6,2021,1385942,B
67ac90b6-0394-4a7b-a5fb-d7480abeede4,2021,47051,B
3fd664ee-3fa9-43f0-b5d2-4f2c5cf9e3ce,2021,98013,B
38fa2b7a-ad2e-4ac5-8362-6d90886851b8,2021,68930,B
510f7f64-0538-45d3-ab99-a51f3521f36d,2021,968,B
80331ddf-b88a-486b-a8a4-ed6e0773cce9,2021,108660,B
410d91a0-5885-4fad-88f6-d6a0f0f46c8f,2021,18559,B
94ca2615-93d3-4fac-a4e6-83e0c55e48c9,2021,19047,B
c9da6286-e25b-4b7b-8b6b-43e3dca4f14e,2021,51020,B
f0270efd-419e-43e7-b8c9-280578264b74,2021,20030,B
1801c344-cffe-4992-b0bc-2b45deefe9b2,2021,18584,B
4e5eaabe-b87f-480f-b03f-57dd9049f413,2021,107360,B
aebd52f5-3b5c-4e3c-af04-c03548b44821,2021,106996,B
12835ee4-8285-43dd-86bc-e4bf241bafa6,2021,107360,B
d5dcc4b7-0495-4eb8-8fdf-304987da0882,2021,11554,B
7bc8e956-4404-4b59-9623-9071cb415b20,2021,1136142,B
c3936116-6023-49c9-8756-839fdd3afa54,2021,1376181,B
e44819aa-5321-408e-abb9-9510299355e5,2021,55777,B
d627537b-84db-4f47-83df-e5ea1754cc98,2021,55777,B
56feda42-5c80-450b-8c6e-3958efe87dcf,2021,98595,B
4b5e48a6-499b-4ee9-a040-0653aa4eb78e,2021,13980,B
5fe5e261-a601-4cc0-b5ef-3003627b930d,2021,1136142,B
9ec7e3a4-8203-463b-a0dc-08c0550d7ecb,2021,113455,B
2b47c81f-919c-4660-9e8f-10201df846e6,2021,1181327,B
dcadcaa0-e9b6-453a-baea-1352ad2fa7a6,2021,20933,B
0648a6ef-4397-4436-a0dd-77e0fdbc4fdf,2021,1314243,B
733f17f3-d59f-4e5d-8156-a3198847ce02,2021,1204325,B
2765385f-3426-4ff0-9628-14a22cc0c919,2021,114616,B
f4abce7d-d5ba-42cd-bed4-06439922cb43,2021,108660,B
1bb1720c-821f-4af4-af6c-311d3bc389bb,2021,18559,B
c0c6f875-113b-4d32-882f-93a10d547fd6,2021,97778,B
72ede2f6-44be-4cac-901a-d295e545a90c,2021,5000143,B
794cbed6-5a53-4744-b51e-f4cdaf68d12c,2021,13446,B
003542df-ef64-4ae9-ae9b-5714fcdfdfed,2021,10515,B
8e0f5276-b0d9-4109-b9a8-cae36e86e938,2021,46377,B
e2b35719-29d5-4119-b2e2-d2159cc1960d,2021,1385488,B
e91c8aac-0f22-4a1d-8a79-70c1d8cdea1e,2021,18683,B
1d56cfc5-7708-4801-ba02-7163fd7a24d9,2021,62484,B
b1c7a3c3-cb09-409a-b224-4ef803cfec32,2021,18584,B
e683ba42-81c1-4155-9b07-662ed55160c2,2021,88084,B
02bfe4ff-dce3-41fa-9425-aa0d5554f76d,2021,106996,B
a4c48187-cdd3-43a6-8c10-3c201a226eed,2021,1190071,B
6cca24c0-25fb-4a2a-bb4c-4880b83324fb,2021,1306689,B
7280e3da-ce52-46f2-bdc0-66f3ce15f4ef,2021,1118057,B
5ffae087-308a-4b46-88a9-dec27ace404b,2021,317,B
d610b405-d1a2-46e2-ac3b-ca30745c18f6,2021,513,B
876251f1-648d-48dd-9a53-1245acf57cc0,2021,13277,B
f0337fcc-ca54-437e-89ad-e7c2df196841,2021,97443,B
8a3d8de6-4e6d-426e-81a7-220085df52bf,2021,1070485,B
d51ca276-ed91-4600-bef2-bb6420b657b0,2021,1108692,B
90eed845-cd96-451e-b983-310318bb1f57,2021,317,B
a7ec728f-2d8f-4999-b0c8-58f09b26144a,2021,108660,B
97321f0c-48d7-4a22-835e-51d957d2159c,2021,1267543,B
a9bf2ec4-26ff-4ff0-a155-f3da778ac35c,2021,1267543,B
a920834b-79c1-4c9a-bce5-8983f8936a80,2021,1187671,B
4e5f5845-1a0b-4a8f-a417-94f7f0461beb,2021,21464,B
d05dd0b1-7eec-46ec-adfb-82c361cd220e,2021,1190071,B
e5056ff1-d795-4d61-a61e-ad48e7f23164,2021,11730,B
291ca1a3-a6bf-4a00-8bf7-f564bd59084b,2021,1136142,B
2e1759b6-ba84-4fd3-ae00-56ce788a316f,2021,1136142,B
7176fb9f-3593-4429-aba4-4498ada4f0ce,2021,118420,B
ecc483c3-7295-405f-b182-882166167c1e,2021,1283028,B
37bf6476-9659-49e4-9ad1-94150a8681f6,2021,48205,B
e973e67e-189f-4293-b590-8c80240477c0,2021,1314243,B
caba5359-2a4b-4dc7-9e3d-159894551984,2021,98595,B
fe35dbfe-61c6-41ae-8710-5c785d16f974,2021,20239,B
4e223cb4-e496-4075-82e2-144979d7c2a5,2021,1101244,B
cbbea61c-8aca-4455-b870-80681c822e27,2021,1181115,B
ce7e6e3e-dcab-41f1-9a50-8e3d96fdd733,2021,5000135,B
0a7f95ad-7276-4bcd-bed6-e9948bbde0d2,2021,5000143,B
5a14adf0-e5e2-4381-b97d-8b02aef8c20a,2021,13595,B
07308a7b-c487-460e-9edb-6377d8556fb4,2021,118468,B
b4167f58-5988-472a-bdc8-42264c632582,2021,1318224,B
de3543c1-4c17-4fe4-95b0-2ab2965e5f39,2021,86326,B
c15715d1-1d40-4367-a35a-cf6971ead5cb,2021,41238,B
65f94fb5-ad0c-46b7-a0d4-e21e908c5e05,2021,117022,B
a4e682af-35fd-4d7c-8e3e-448d017d5862,2021,95175,B
6ef38f04-401c-4240-81af-f2288428e174,2021,1032473,B
4bb97ca8-dc54-49d7-8b7d-e6e0ba9b542e,2021,74737,B
7b8c5087-2d5b-4e2e-a879-b2caccbbd8ab,2021,1283028,B
4674f253-397d-44ea-83d1-ab29c1bbe803,2021,56172,B
67787da8-26de-4a8d-8a1c-8fcc70355fe1,2021,95175,B
0f5e6a8c-6447-4db9-aea5-f22de4d14931,2021,91181,B
68eb8dc5-5603-4565-a6cf-f2f795738ab8,2021,101942,B
2cb81812-2419-44ca-bcc1-1c213644b5df,2021,47051,B
80fa47d0-28d7-4041-a0ae-5ed21b68b9c2,2021,49054,B
36acea5e-af95-4b59-9065-6a1f7ebb2524,2021,53333,B
96260edf-39d9-458f-940e-0a664f7edcd1,2021,106167,B
990751a4-354f-45e3-b785-2e108e214c36,2021,1190071,B
68d6b71c-9d0d-4c8e-8fd9-37b8030d12af,2021,11452,B
3df69589-f941-42f9-b77a-8e7d89372c1a,2021,108660,B
b6c60549-1479-48b7-8d32-1872b9cbbefb,2021,104360,B
787ec274-4bd3-4616-890a-6bfedb0d6359,2021,55402,B
32658fe3-3f27-44d3-86bc-1919a6edad85,2021,101942,B
c864bc3a-fe79-4fa3-9edb-f7b37f99c3e6,2021,13216,B
9938abd2-e1bf-4017-b81c-1495fc1bc0d4,2021,5000143,B
d2e142f1-8085-4a49-92f6-7cdad3a3be13,2021,11554,B
a88aaee9-699e-4cf3-a8d4-b81f16452490,2021,19047,B
4e83e414-033e-424b-8ff3-85ef7a9318c9,2021,1136142,B
3f15da05-d493-4338-8cfa-eb764158668f,2021,107360,B
d2aaafb1-6931-4114-8d98-3c471fd2b54c,2021,98595,B
b1e29af6-b3cd-4a41-9ddd-0959dd594ed5,2021,1190071,B
1a2068be-62f6-4ee7-a513-991dc0735a44,2021,1181115,B
4625517e-b7ca-427a-bb16-70879b7a189b,2021,108660,B
e5dd2785-f664-46f4-a42f-6f9ca3e52d88,2021,49054,B
5db9b89a-fc0b-447d-83c7-973645e57b5d,2021,5000135,B
f4853a4a-957c-48e8-95ee-a69b81d97721,2021,57606,B
8fd197eb-8494-437e-a887-73aa1b9217c2,2021,13595,B
232e1a26-e4a7-47e5-a390-b3cfc9d85f12,2021,1136142,B
8a3c3f25-31da-4b34-a5a7-5be49e61d289,2021,101830,B
73dc3679-b2d6-497b-b050-38fcedd26fed,2021,1306689,B
be2e9d4b-c433-4a7d-93f7-843dc1795818,2021,98595,B
bf68ffc6-088f-4dfa-b8c5-cd5ec13a81ff,2021,101942,B
bdb49c14-709f-4e31-9c85-5ce3364733e5,2021,1267543,B
c312715a-e1b6-478f-88cd-0c71dff38733,2021,20030,B
22be7402-12ab-46de-831a-e2d6f32ad9c6,2021,2209,B
cd1425b7-f60e-4974-961b-7d5d24aee76f,2021,1385488,B
dfe66035-753f-429e-99a2-18f0b8fc02d6,2021,1136142,B
0eafd15e-7df6-4011-af4d-e53d9d39038a,2021,57612,B
3f88dbf2-0c5e-4bba-9857-8785ddda0d12,2021,117022,B
d612364d-214c-4ef2-8ec5-574cd665fcb2,2021,64664,B
17f7ff32-1d12-4259-af83-cff194dc8ecb,2021,113813,B
4620f755-5355-4591-a323-6cfa9d2595d8,2021,1318224,B
b1fe24f5-b289-4354-aeb6-5f4e578aa2f2,2021,1351760,B
fb680a06-6284-45e4-8b88-ba0c5e6447c3,2021,107360,B
0c8bcbc3-7c2a-4d45-8606-b4b31a517d18,2021,1132918,B
18974778-91a8-4a40-8b83-5d9d6ab8b1b1,2021,1283028,B
745199ee-0c65-4c2c-aa6c-691a572cc58e,2021,1272079,B
c9642b7f-7a5d-4ea2-9a74-b47de2044e4b,2021,317,B
47c7377a-bc96-4f24-a5b5-bd904ea910bf,2021,1267543,B
a23f4d19-4032-439f-88b7-3e65ec047bc1,2021,47069,B
6cc263cd-9aa1-4740-a813-3f912a30ffcf,2021,67092,B
a8a73d33-ca25-43a9-b9d4-c2ddf4374228,2021,95017,B
7ca836c6-e96c-470e-819a-7df781b8e5f7,2021,1379275,B
caf8f775-47da-4993-b86b-6ef5d81b223a,2021,1181115,B
e2f4d7d0-bba3-4be1-8e4f-546ae444790e,2021,2209,B
e66b1335-635c-4a04-bb91-630d34492fe0,2021,1267543,B
de6ee895-2cdd-471c-8a8a-85d97ada721c,2021,47051,B
546f647d-8c28-492f-9a6a-0f9fe1bed05d,2021,19047,B
fb88b5b9-bde0-4388-b93c-46e87867fe27,2021,13277,B
09da2555-7a06-49c1-8dc7-8ee97810d780,2021,18558,B
c4449096-947c-41c8-b865-1bb6ce86b15d,2021,47069,B
ee8a1642-fd4d-463b-856a-048438b36685,2021,107360,B
ec6cf7ec-2fda-4ac0-9f74-f8ef3a3e3379,2021,53331,B
0bcf1f96-2a37-48dd-be15-649dc5d2b33f,2021,94762,B
2253e959-00ce-4716-a62f-1f7f293480f7,2021,74737,B
94422d9f-9d11-4491-bdac-900bb5f22722,2021,1314243,B
7207162b-0708-408d-86d6-90cda0950bcf,2021,91181,B
16c5e350-e4f8-4249-b579-08d5ac7dcd42,2021,116770,B
ff71e67a-dd86-422c-ae99-620f5deb319d,2021,116770,B
5e1d157f-8b2d-4c9b-94ce-9380cb1e357f,2021,47478,B
1e43a0a5-ea1a-40c9-a697-efda58119ced,2021,18559,B
7c258542-85ae-4725-a4f4-a00d3833dd30,2021,1139692,B
445b1616-f36a-4c32-890d-b807cebe8423,2021,1102628,B
32a8cbc2-a699-4e77-b7cf-70eb9f43d407,2021,1299927,B
a158891b-e1c1-4db1-9959-91ca86818afc,2021,98013,B
a86cd64a-8436-43a3-bc54-7857c747aa7c,2021,98764,B
a61fcd04-69dd-4c99-98a0-e851859453bf,2021,13595,B
c29b0e77-01df-4d5d-a912-230ba6078f8c,2021,1265453,B
9b09cd56-b0de-42ad-8ed5-aed8c504d0ac,2021,1288839,B
362bab92-7910-44b5-b684-614128920608,2021,56172,B
d4ba8829-b2dc-4d57-9146-b17cf4cdb55f,2021,98595,B
a1c20734-649c-4a68-a277-901d261fc3e7,2021,5000135,B
edc47346-b9f0-4554-a7fd-d3efaf860c5c,2021,1136142,B
3c76dd56-99c4-4ec1-8a23-b5e64e7ec189,2021,94762,B
aea5a5ac-4c55-449a-bfe1-cfc4b5b79d2d,2021,101830,B
1e2ecb34-df77-499d-ae24-61394d085ddd,2021,1376181,B
caac91c5-4c4c-42dd-b03e-68e7b47626d0,2021,95017,B
511d9e3f-e378-4de5-8e11-8ac2302e5b03,2021,1269545,B
1335ba9c-7db4-42b2-9168-b05797f58ad5,2021,56172,B
34ee3546-7933-4946-9769-d1d862c2ddb0,2021,64664,B
af0ee156-5b1c-4917-bb11-6037e4c7a9cf,2021,116770,B
21b14dca-3915-477f-88a1-0c7d3a4176d9,2021,1306689,B
cfd7fb63-56c4-4384-a279-3aaabc6f9aa6,2021,94762,B
0fd37953-1a68-493d-aaa4-6724f32b87f9,2021,107422,B
2806b57e-7c1b-4362-ba52-f04e4dfdb0f5,2021,1272079,B
2d7723fe-aebc-437e-9006-447e862a048c,2021,13980,B
492f1417-1ea7-44fd-b1bb-e54ccfcf35f3,2021,1047907,B
3dcf2992-92a8-4149-b4be-dd3b9c7eba78,2021,97443,B
44543d4a-a2e4-4944-8602-3388598ea90b,2021,102590,B
0ff6446b-fc13-4712-8b44-571c574ed7e9,2021,13595,B
7bdd599f-3be2-48bb-9604-69f372cf8af7,2021,19047,B
046c9f48-03e7-4dd3-b9e2-e5e44983664d,2021,13401,B
28e4ff79-6822-419a-9258-27714cbcbab3,2021,1306689,B
90a0671f-4917-4ca4-8dcc-0a5d417af664,2021,19047,B
da0fed00-118e-4279-b8e2-3eabbaec480c,2021,1136142,B
cd57874e-d6bb-4aa6-8a87-2908e587d670,2021,90030,B
d76beec2-81a9-4b84-ab8c-7c2125a071de,2021,107422,B
c3a679be-ff15-463b-919b-3fd161cc8120,2021,1204325,B
f66e9ba1-f874-468d-8350-508e98219317,2021,1204325,B
54892d4f-e34e-43eb-9b18-88a1057663cf,2021,99820,B
046f301b-244f-4057-bfd5-f4d3fb109153,2021,1300284,B
cf59b631-e848-4b61-aaa4-ceeb837169e7,2021,1267543,B
e519cb54-f248-41e5-8f2d-392845119bbc,2021,13446,B
74552a32-ac63-4be8-bef7-618ee34276d0,2021,1148708,B
3e80325b-3e4f-4efd-9f81-8ebaf2fb8c0d,2021,13401,B
315e3ac7-9bd2-447f-988f-7f9cc6cb1348,2021,11554,B
022f171b-e5a2-4913-b5ef-05fdf0d4a94d,2021,95017,B
dce6da41-e519-4995-979b-d9cc7d6b33bd,2021,12313,B
c38b1963-13b3-4ad7-bc97-878ec5cac946,2021,2209,B
a81f7dd6-0a99-4c0e-8a49-c6bead4a1a70,2021,20933,B
e9e968b7-5794-4278-9544-98d2ae35d7fd,2021,90030,B
c1d9e6c4-8bba-4723-b180-d15f34a85b0c,2021,1288839,B
e05babfd-a60e-4f51-b094-32a7ba87e5f8,2021,1376181,B
64d4d4db-e13d-42b4-9983-ec79b7a84fa0,2021,9414,B
0f0edf35-027e-4e2a-9147-2c2c0f28372d,2021,18584,B
af6dfe09-ebbe-44f1-8d77-14d77ac9b794,2021,13277,B
ada960a0-480b-483e-a7e5-ebaca81d1f6d,2021,317,B
6c17bcc7-d759-498e-8f7e-70efa77ce1e3,2021,40343,B
4597e51b-c7c9-4dc8-8242-b820057e3369,2021,50082,B
50f63267-4219-43a9-8369-9db4d51a86a3,2021,18584,B
788edf7a-c4dd-48e4-9668-1b89e9d9c81e,2021,86326,B
bf23cd33-e763-4f6d-833b-21f27a88b49a,2021,67092,B
a47ac308-734e-4d07-9c65-0404811427bd,2021,1351760,B
8f388538-2f87-466b-a0fb-cb913caa8e25,2021,13595,B
7246661f-e8a5-49f3-901c-44dc38ab9d90,2021,1181327,B
978882b9-9279-4d57-bf78-e2181e18affa,2021,20239,B
6ed77256-31e3-4288-8f1d-da6c593a185a,2021,90030,B
8e865bc8-b37f-4827-8473-ca19bc6d65c4,2021,98957,B
6c25df0c-0a23-46d2-9700-434d84c108fd,2021,19047,B
4d1d50a1-767d-4144-945d-371941b99556,2021,101942,B
dbbf886b-7272-4c7e-8d7d-e8a0541f6b4c,2021,13595,B
a0e11519-a615-45df-8f40-c687d6f82316,2021,13277,B
d3a4a625-27d4-4de7-869f-5e831b271439,2021,11452,B
af1c554d-5056-477b-a045-b60557b327f3,2021,1351760,B
498dcb33-5760-4129-b90a-0f4a90b98bc0,2021,1148708,B
da97e2e1-61f3-427b-b4fd-8d09cae00c88,2021,1136142,B
e8a9ddc8-b478-460b-a731-58624fee5e2b,2021,1136142,B
7f310efd-4879-4ff9-b08d-623688113066,2021,94762,B
50ca50e5-0f9b-4716-af5a-35b969563889,2021,1427745,B
167a2891-8bb7-4e3e-bef0-9815d52454ce,2021,968,B
84f2e076-f6f5-4728-97d0-25f20c32721b,2021,43664,B
7dbe477a-35d3-4c53-aba0-da2732667ad8,2021,1136142,B
0682a92a-c6b6-432d-a8ba-e6c053e06ea0,2021,1136142,B
2b2b80a3-03ba-4ea1-9460-7efe4f4a6d0c,2021,37862,B
0db271a2-7f0a-45c5-822f-463d10030dcb,2021,98595,B
55bd6238-413a-4851-83d1-a1be94782f63,2021,1300429,B
d34b8e40-79e7-44d4-9963-4c9355513314,2021,1322390,B
8a0fd2f8-79af-4dbf-8cf6-d11f9fd93e4f,2021,46377,B
7930e760-7eac-4e78-bbf1-e80b2f03aa93,2021,112086,B
9def526c-0506-4838-9d8b-58e363dce84d,2021,11730,B
d52208d8-0fb1-484d-bac0-5c6de1fd8e35,2021,19047,B
583c09e9-e06e-441b-85a5-4dff13d8f0eb,2021,1136142,B
712c0da7-61b4-48b5-8bda-f9f0b2b19463,2021,20933,B
09cbfeb7-1f07-402c-a883-36d3bb1bdb63,2021,9414,B
06feeac2-a458-4877-ad4e-b9e762c5823c,2021,5000135,B
300adc6d-4211-46db-986d-07492cde8412,2021,64664,B
3620ead5-d817-4337-b3c4-16891dbbbbee,2021,1166783,B
1f9e32b1-134c-4bca-b3be-82b7bffdec4a,2021,9425,B
d147ae2a-9021-4eb5-a5ec-116e6a87f049,2021,317,B
b93a96ac-aa38-47e4-aae0-3fd1fb782aa0,2021,11554,B
d2828964-01e1-4f32-b684-767527aff891,2021,98305,B
80b9302c-02e3-412e-ba37-6ea68b2f9869,2021,13401,B
1e9b342d-c0a6-45e6-abec-9ba07a504844,2021,1047907,B
9f27558b-d3f4-4047-b320-4fff02fce9a0,2021,95175,B
7b2f2bec-db36-47a3-89d7-6b5ac3e14b6c,2021,99820,B
d81bb428-17c3-425a-99b1-ae6235ec0e51,2021,95017,B
fc3f7bff-af8e-4e2b-9f20-d443af965f6b,2021,1265453,B
075723e3-96b8-4929-bdce-eb5aa97cc885,2021,113455,B
8ae2dd3a-df29-4d47-84fe-34f5a76d7bba,2021,47505,B
3a7f3430-8ff8-419c-bccf-12ad8cdcb7da,2021,98595,B
4cb2f1f9-f3a9-4826-b4a3-00bff2820e8e,2021,95175,B
58ff2350-bd16-4049-b196-6590fd5adbc0,2021,68930,B
4c5e4c72-057a-4e82-a0b8-9f44b1bc643c,2021,1190071,B
bc13dc97-dd7a-43d4-b51c-573ddee2bb98,2021,18584,B
716403e6-a022-44bb-9203-4480d0dad9c1,2021,13401,B
9c766a70-b645-48a9-ab0c-0f9b1b085d05,2021,118420,B
333e3f03-d2e4-43a0-b797-e08cfa84d290,2021,94762,B
1937b157-53fe-4284-a524-8fcbf2f09ccd,2021,1376181,B
5858cf46-59ac-4004-a028-66fecee37ca4,2021,95175,B
78eb6c92-0f5c-4f8b-9689-f3d8c0491181,2021,2209,B
cbc7f4dd-83b3-49f0-8b3a-8c29f8a198e0,2021,1136142,B
3a63d9ec-c6d4-4802-bb78-f671d0c2e547,2021,117022,B
a2e80b85-01e9-470d-9e81-16b2e9021fc2,2021,5000135,B
369c1e3c-fc6a-4932-9591-e1c878134c45,2021,1330347,B
fe21240a-0d4b-419a-9ca9-b870afce633b,2021,968,B
4d5b0259-2267-42b8-94cc-4ea4bddfce19,2021,18584,B
4cdf88fe-3617-417f-a00d-75ea40663f86,2021,118468,B
69bddfe8-a7b3-4bdb-8b5d-7c7c474d6eca,2021,1315444,B
51243182-c41b-410a-ac46-5691968e83c6,2021,9414,B
dc1b6cc3-8882-4b1c-aeb7-4f337bba8a5b,2021,64664,B
554cb2bf-d825-497c-ab61-e692e1935182,2021,94762,B
29d1c46f-327d-49de-bee4-470e3f5efcc4,2021,513,B
f0f76d7e-0b80-49d1-acf3-f87b58879413,2021,64664,B
f5f5e503-09eb-4f2d-ad53-76c22525d1fa,2021,108660,B
8eba3c3b-9be2-4f40-9712-0832dc7a7009,2021,55402,B
e720b171-701b-42fa-98e8-f4f054c890a5,2021,5000143,B
4275eb47-a628-4bae-9297-0a1129a481f5,2021,37862,B
2c7569b1-760e-4219-bb3f-b2af64aa96f6,2021,1265453,B
e73fdf67-dc09-4265-a767-10b884cfbc8b,2021,94762,B
c491c408-9f63-443b-8477-5d525d36fe02,2021,1269545,B
ef45ce59-029b-45d7-a2e5-57a931bd9cca,2021,13446,B
dcb0f6ac-3479-4358-9aca-6f97cb35126b,2021,117022,B
8b726ff1-d9fe-4cb2-94c2-ab7616ccba57,2021,18559,B
4dfe7907-6418-4cac-9d27-92c1f146e739,2021,47069,B
e50b7416-7eae-44d8-91c0-1236f109e66f,2021,21464,B
897b5e0f-89ec-464d-bbd7-16e798e16497,2021,13595,B
bdd301a5-706d-4d1f-8dbb-5da1eb879885,2021,1204325,B
b15d1e27-34ab-4b61-bd79-8e3e85375dd8,2021,49071,B
e0a9ce38-d863-48d2-bfc0-92336a51cb4b,2021,103062,B
f62ba3f9-a98c-47b1-8aa4-cfca705faf5a,2021,103062,B
ae4ca397-6703-42aa-928e-8877a8225903,2021,49054,B
2cf46390-2142-44f0-bcb5-f234732a3b29,2021,62484,B
75894046-8bc1-4351-9430-88847cbaea2e,2021,1269545,B
0904df6c-4383-49aa-88eb-f4274be6339f,2021,13401,B
0b89dd5a-b58d-4e82-8219-dce21c25eb4f,2021,1376181,B
efeab0dc-3074-4a06-bec4-642f37963ea1,2021,22047,B
30b5263c-cfc7-45c2-90ff-3f4fa0aa8fa9,2021,1314243,B
762f8487-0a9d-44c0-a996-7f5d787db87a,2021,117532,B
f28fc388-d1f6-42d9-8279-063f37d382d9,2021,1270596,B
646ca642-6c70-4293-bb7a-d776e6e44317,2021,9440,B
b74f4312-783a-4e8b-8896-da4077ca7367,2021,1204325,B
3404fcf2-1856-4ecb-80ef-4e8c55ec2f36,2021,40343,B
31564574-0c8a-4d54-8379-4168065687ab,2021,108660,B
6933b763-1d31-407d-99ea-f4de2a84566f,2021,1288002,B
b69a94f4-25ac-431d-a99a-e076075be7d7,2021,41238,B
50104eda-47f5-4a2c-82c9-30e6f33b29a3,2021,90030,B
5bc09f8e-7782-4de7-90ad-8031793cbd90,2021,1070485,B
2c4ce7d0-dca0-4fcd-b541-ac750f1d9a32,2021,1139692,B
a25e0491-7d90-4b83-a2de-97241184153f,2021,43664,B
0aaac36a-193f-4911-b000-78ae5a3a3011,2021,101942,B
a1bbbc4e-c975-404f-976a-901c82e9440f,2021,112086,B
7ec1ca63-91ac-4e9e-8328-4d1c89090129,2021,88084,B
467145d2-c788-45b8-a7e4-409da9013713,2021,98013,B
4f445c26-c1ed-4f4a-83dc-eb4365068e7a,2021,20030,B
51a5bbbf-b6ce-450b-be2c-786c8f70683b,2021,95175,B
4d540250-1074-4a4c-8fb7-20cc146a9952,2021,1322665,B
31ad93f1-842c-48be-90b1-20c7baa2c538,2021,11452,B
a5b751a8-b0ef-4ab0-b0c6-51cd45cf61b5,2021,1385942,B
7e7fc6f8-2a25-4878-b522-868383e78817,2021,1190071,B
1a7dbcd2-75aa-4908-91e6-8c9f33ce6934,2021,55402,B
4eaf123d-8735-4acc-9cef-ffbe8c25981b,2021,67092,B
183eabb8-1d39-4df9-896b-666c9463a415,2021,13595,B
3709a8da-9fca-4977-8dd4-e4288010574e,2021,13401,B
fde0b01f-65ac-46bd-8460-b77308ff00ef,2021,107422,B
134676e7-247b-412b-847a-9978c77343e5,2021,88068,B
e07ae611-b935-4f4b-aee1-6a2f5ab0ce24,2021,56172,B
310e751e-5473-4cf9-90e5-c83da33337c4,2021,1376131,B
5bce3c92-5d28-4469-854f-42b8f9b09452,2021,10515,B
4021c859-b45f-4a2e-9d69-690f06f31ab1,2021,67601,B
77f9cba7-fcb7-4c62-a8b2-a05903c2254e,2021,1376181,B
9cb8fe4a-fd90-4a0c-9120-d000eebeb0d1,2021,1101244,B
21009286-051e-456a-bba6-2a223982ff7a,2021,1166783,B
a10e23dd-109c-4644-8766-ec29e685f896,2021,1118057,B
0a3e88d7-30a6-4455-b50d-0afdfa984f9b,2021,20933,B
1da73435-dfef-406f-8614-bbf5b1d616d8,2021,513,B
d1097fff-da6f-4351-a7e7-c92fb0ed8dd3,2021,5000143,B
92fa0277-ca9c-4e58-afc2-44882f5ece46,2021,67601,B
f14cdb33-1bdb-489c-a6ec-c10ae8804a65,2021,1047907,B
4673d329-9bb6-4a95-91a2-d85d3e236224,2021,1270596,B
2bbfd87a-c4bb-4394-924e-405bf0f92d19,2021,317,B
99749f11-7f07-49fd-996a-f9c01652067f,2021,108660,B
88fe8048-e30c-4f59-b24b-20741a76c556,2021,9440,B
9a498698-9ac8-4501-9937-ac6e1eb831f7,2021,101830,B
717a0740-f24c-4f7b-ab9f-38339a655a17,2021,64664,B
12c8e70e-1c44-47f0-b1c4-18b7ad318b43,2021,1376131,B
24910771-15fd-404e-a839-dd1d73521b9c,2021,94762,B
9adc5fd1-b42e-464e-b99b-ac842bce949a,2021,88084,B
d9e25804-b2f3-4353-a5ce-24ada8fc7d5f,2021,1376181,B
a1ee0a90-f53f-48c9-a230-5d355931fd6f,2021,95175,B
8780dbf8-84d0-4d7f-814a-aac7e3ef9fc5,2021,1166783,B
d2f0acfc-7361-4156-b1b1-b4141b383cde,2021,108660,B
45631e7a-b322-4334-8ade-afb6338106bc,2021,47069,B
27fa014e-3fcc-43a4-a41b-7ea59012cc3a,2021,90030,B
c727144f-d823-47e1-bfa2-8b307603a414,2021,118420,B
19267223-f51a-4c9b-b8c5-35c29157cdf0,2021,108660,B
89888603-f7aa-4b5b-b78f-75d6220897b7,2021,108660,B
e7e3e489-1734-4e98-8322-2cc5057884c1,2021,18558,B
a622647a-0e4a-43a0-9e19-2cb12134986b,2021,47069,B
8f79e52e-80e1-41db-a556-60739a40e274,2021,1190071,B
73f31a81-a2d2-4ae9-ae1c-4168eefa4ee9,2021,98013,B
405f0bb9-eee5-4cbf-a5a3-cd0c358ac6ce,2021,64664,B
d0c4158e-2291-4980-8978-7c0e97d9c754,2021,13401,B
127e0153-34aa-467c-9819-b68631dccb8e,2021,1118057,B
a7d6c761-7931-473d-99f4-8a89ab43603b,2021,104360,B
ade72bf4-843d-4119-b9f8-7a17e04bed6f,2021,1190071,B
43b52288-402e-4d0e-b4e4-efb5d0ed8091,2021,50082,B
44f1c499-a341-43bb-8b3f-4f9e284cbf44,2021,103062,B
4f490e9b-5765-45f6-bc75-62eae7cfa476,2021,83388,B
c0810fcd-4424-499e-8ea7-2dfcd62af584,2021,1376181,B
e4b31af4-de6d-496c-b7cd-9b7be217d7cb,2021,1118057,B
d14f8454-bde5-45de-a87e-ad24ed63283e,2021,1269545,B
31041bd2-9ed0-4ec9-aaf6-cbb6bb49b00c,2021,47069,B
97ae3f70-cc1c-4338-966a-44e964e8187b,2021,37862,B
54ebd0bd-a34b-4883-8d4e-c50d52bc8725,2021,1190071,B
1db14973-2ef4-4e23-918d-d9a775fce4d5,2021,118420,B
fbc76fdc-bccc-42f7-b2cc-16203e7908d9,2021,106996,B
e112db4e-9568-435b-aa06-33afbd5336a4,2021,62484,B
b43e1c45-e09e-43f9-93f8-a894915c1b68,2021,1267543,B
7684a22f-b42d-42dd-8c5f-9adc4e773340,2021,13595,B
eef11d38-4ff2-4ad2-8991-1cd564e8bc51,2021,107360,B
e35f6269-babd-4e72-8528-05768d2a8ceb,2021,13446,B
db29c78b-85ac-40ed-a755-8d373bc5d42b,2021,98595,B
08ac6770-1e66-4b9c-adec-11edfe691053,2021,116770,B
6ef8919b-015a-4287-9bfe-4bb11526de24,2021,1190071,B
de782a9e-add2-48df-928a-17c908c395f2,2021,116770,B
bdffee87-813d-4ed6-86c1-81cf52de7298,2021,5000143,B
f008d7d5-6fe9-44b5-8151-5d5f0ec6399b,2021,1190071,B
191722f9-4a02-4375-b256-41a9c62fe640,2021,107360,B
6fd07f47-c120-4d20-bc5a-4531293b1802,2021,1376181,B
58953fb0-409b-470d-a5d3-cfe0de65635a,2021,1314243,B
6fbd549b-775b-461b-b45b-b4989e1a34ed,2021,64664,B
1b32e997-16c3-49a3-8587-e83162119609,2021,54934,B
87d7a215-457e-419b-88b5-9cf9adf7a9ef,2021,94762,B
3e5ec57f-307e-45ba-bd15-be070d2dd9b1,2021,1351760,B
6f6901c6-5f3b-4b80-a634-5b0e22ac8a95,2021,1136142,B
3a004ac9-f4b7-4770-a6d9-698b3cd7678d,2021,13277,B
6ed22583-e66f-4041-80b5-5d59c05c674c,2021,11452,B
db0ae230-39c2-42b0-ad40-e9a46de6c32b,2021,19042,B
0eded85b-8e05-4c35-a52c-2f69b978608b,2021,1102628,B
05ae0afe-a95c-4b7a-8bc6-0dae015b1fc6,2021,90030,B
850aad8b-da11-4c2c-a269-4644cb839cb9,2021,1102628,B
a98c0267-9fad-4fab-bae0-0ba86808a5ef,2021,118420,B
8dcef9b6-bd1c-43e3-a294-418f6f83c423,2021,1314243,B
5788f969-b6da-4eef-8777-8cdad3264eaa,2021,18559,B
dca527ad-6d8c-412c-9eae-880fd07d8b88,2021,99820,B
e37e1402-0087-4e8f-a8ce-a87b48f984a6,2021,43664,B
d727eafc-6ca2-4736-92a2-380de6eae440,2021,9440,B
52b96934-b583-4dd2-9e21-f02c83fba316,2021,1288839,B
1ecab80b-06e8-42da-8532-ee93f2161e2e,2021,1376181,B
9576684f-5fad-4f9a-9927-26bd448236cf,2021,48205,B
942272e1-71ba-4148-a212-02aa766273ec,2021,5000135,B
4235cd48-4bb1-4ccd-837e-fee822aaed6c,2021,51020,B
8a4a7d9f-9a3e-4eb6-8861-a403cab4146e,2021,114616,B
cd380e4c-7803-41dd-8a6c-fe6ceb6a77ac,2021,5000135,B
4306d6d3-9316-473a-a09e-3b8b5e769824,2021,1139692,B
d0fd14b7-3233-498b-acf9-11b5e54298e6,2021,317,B
df692612-3956-4841-9f79-f58b411edb50,2021,18683,B
a0fa3935-2b3f-453c-9c0b-a25ee4bb9d5c,2021,18584,B
8528e682-4427-4c36-b87e-dce412edba6e,2021,13446,B
4f253ab3-55e2-4aef-b75e-e6b09fe06956,2021,1427745,B
c7412848-ba2e-4581-900a-fcd3975a2701,2021,106167,B
3a4096be-14a6-4d47-a335-0db80c445d0e,2021,1385942,B
2ab402ba-9622-42d8-bcb3-94dfa40dd7e1,2021,1102628,B
0ed38bf0-b22d-4a0d-b099-6f82759440ca,2021,13216,B
6d8425df-1eba-43dd-9c87-b8eb9b04a4c3,2021,1314243,B
fc7f7311-ba7c-43df-a74c-c18e1ed8439d,2021,1203177,B
e9dd29dc-6e97-4e0e-9f84-c911ba96fc88,2021,13595,B
fe57a34d-c4af-4662-aa49-4c1752890c8c,2021,1101244,B
0bfea6e9-e169-43c8-a04f-2cedf58e6e64,2021,1351760,B
bbf40a08-5ed6-416e-854a-5ad1e7798f6d,2021,118468,B
9d804f58-c6c8-438e-a8b3-f3b0fca1688f,2021,5000135,B
7dc5fea3-8ce3-42d5-b294-5dab2c0306c3,2021,13595,B
c855d22d-f146-42e0-b5f8-fecb674f68b8,2021,1265453,B
eb92af55-a26c-46fb-a9c8-e912ef7533d1,2021,1101244,B
0a29a3ab-b99d-4289-b5e0-ebd5d71f44a6,2021,46377,B
d3e50914-40fe-40ac-aec4-a42b9d3691d9,2021,55402,B
9d1e72c7-7dc7-497c-aaee-fdee5b5057c8,2021,1376181,B
27d50a40-3437-4a8c-b6ee-bc307dc0d438,2021,88068,B
a63a9d54-44d5-4169-89d6-8ca9a06480aa,2021,117022,B
d57cfdc7-e23d-431f-926c-5fabcc5a7a5e,2021,1330347,B
dc60c557-09d1-48b6-9eb3-c9b019597a54,2021,95017,B
fecbba2e-6d5c-4246-9557-8fb00a2664ae,2021,5000143,B
4ebcc66d-6f89-43d8-8fab-e37e72ae61b0,2021,48675,B
91353e03-f0d5-49aa-8ba6-c659d15ab641,2021,74737,B
6154282d-ebdf-4ed9-9611-01e31734d11a,2021,9414,B
af090a38-24f8-4f90-bc92-913964506f99,2021,55777,B
90eadc0b-1a81-4c21-9bae-7396f9b24d89,2021,18584,B
b379b0f1-cea1-4a8d-81e2-db613fd26ff3,2021,1376181,B
6f7ccdc6-4a4b-40dc-a7c5-fae11b1f2591,2021,5000135,B
5145e00a-8076-4e81-a8cd-1005dfc94d78,2021,11452,B
e0c01fa6-789c-4f8e-a588-ce5d78a28f0b,2021,55402,B
b0c04207-4a12-4406-b6d8-d4895885dd91,2021,41238,B
45af0972-f3fb-47c0-9f21-a16ae0b78e42,2021,49054,B
f92b3af3-14b0-461e-b42f-e01b34a63ddc,2021,118420,B
97a21c4a-06b4-41cd-8675-abb799ecca5f,2021,13277,B
4c24b12e-3aa1-4828-ac58-d698f903e79f,2021,1315444,B
44f95a03-b6a5-4fdf-ba83-78871427a5c2,2021,1272079,B
7d2e5366-784a-4e3f-a47f-6e4241f9a1bb,2021,5000135,B
2e78bcd5-be3a-4393-aee1-0378cdce7eec,2021,64664,B
4bb6b04e-0a36-4799-b12d-f5fb8b85759f,2021,13216,B
faa19e2e-8fba-417b-a32e-b03862cd873b,2021,48675,B
2857f5ff-8aaf-4407-bf7b-d58ee7fca3be,2021,1376181,B
75e2aa73-fc52-4793-a942-8a964a95a50c,2021,1166783,B
cc00e090-b8b0-49f7-a84c-7b16211f873d,2021,53342,B
3a5d8142-083a-48e6-ab05-c5e46f2e37de,2021,74737,B
c9e79ec0-13dd-40d7-97f2-c0b07f24c013,2021,22047,B
9af030cd-f3e1-44be-9278-f2456171afef,2021,67601,B
f3c878f0-2bce-4913-9b68-8b708b32683d,2021,1351760,B
eac6ecda-86a6-4615-a629-9a302fda9049,2021,13401,B
bf1a7501-9580-424b-a601-84a28ddd643a,2021,97443,B
bbf03c80-d745-42f8-942e-d8e13bbb9af6,2021,94762,B
8825d5d7-d513-4cdf-9228-b6c092805ab3,2021,1267543,B
fede400b-ff4e-49db-b8ca-b38f6e5e90f5,2021,67601,B
015dc49e-0556-4973-a55e-2d61c92981d4,2021,107360,B
f644bf03-c7b0-40fb-93a5-7f27ebd9dca1,2021,1181115,B
cfec98e8-f249-47a9-bdf9-841be908c9c4,2021,49054,B
0c26d4ad-b0c8-4af9-9ed2-51b7fcdc4f4f,2021,1283028,B
7d7d3d20-042d-47ce-a3d7-6fa1ee7b7b70,2021,13277,B
1a277b32-a954-4ca3-a45f-f6616980f072,2021,94762,B
539b94c3-fc2f-4a83-bb66-f3fd8c2e934a,2021,53342,B
db7d0871-4cc6-4996-bccc-9c0f5df7968c,2021,116770,B
8609fd9e-beca-43a5-ba90-a8c8657b2784,2021,317,B
da23a732-b663-466c-bb16-497b58c951ce,2021,18584,B
893e825a-9b79-4732-8c32-560157d8c964,2021,97778,B
2cc63386-2277-443a-b011-db2460e8aa30,2021,11554,B
2b3d1417-8073-4fbe-a316-26b25743f82e,2021,90030,B
db54d28e-2688-4d8a-949f-4b044e72a135,2021,73140,B
f9b4f143-fc6d-4a3b-9627-937d1004dc54,2021,1118057,B
89b02d64-6a8b-4e14-9e07-31f5fd20431f,2021,1117717,B
b075a143-c58e-4838-84dd-3d0d236e7221,2021,102590,B
a4def25a-05fb-4943-8899-5152dd345666,2021,49054,B
7a406c5a-7de5-4f80-85b9-232a2326788c,2021,5000143,B
9bcd9b72-9c68-4854-a276-b31e676af1a7,2021,73140,B
fe54e1bc-9666-46c0-a7ae-753a8d287792,2021,1136142,B
f83154ac-2aef-4be7-a4fa-1e6992a30162,2021,1102628,B
6596b0bf-5a69-4fd6-b34e-32d4cec07f39,2021,1181327,B
b8139adb-836d-430f-b55d-fd3da2d7d77b,2021,94762,B
ba0a2137-7ffc-4425-8ed3-e9eeaf0282a8,2021,1427745,B
ac597201-3a59-4964-af2c-c214c151681b,2021,106996,B
258b14b3-420e-4eae-8db8-36bfefd58917,2021,95017,B
a3da2a79-8f77-4c11-a357-c7cca200a006,2021,47069,B
c34457c5-eaf8-4a28-91f8-4b24db79d89f,2021,21464,B
c0bbe57e-2dce-4c50-b0fc-bc15b5e968fb,2021,20030,B
cc7ddc66-6d84-4c0e-9094-de8ffd61274f,2021,1102628,B
32500a56-5970-4756-bf22-0d5f67b57dfd,2021,1132918,B
b25927ad-b508-4db6-ae21-47a58ca1c725,2021,1117717,B
05d008b4-2026-4450-9ed6-33aed65ff33f,2021,117532,B
b91811c3-56ff-46f2-a31e-4f37b6b1f58d,2021,5000135,B
ff9491e7-1076-42e6-a4f7-2d4aa3a4cff6,2021,1101244,B
f12bc101-1918-4a9a-836b-c7aaf030bf6e,2021,64664,B
7db6fd48-6df5-4888-a70b-dfb09c04e65f,2021,98595,B
74372eb9-fe77-4dc6-a933-f506351b3872,2021,37862,B
aeb847f9-bf5e-4e89-958f-3ecb06c99e74,2021,1283028,B
7dddbcfc-5780-499f-9ebc-5b826d245426,2021,117532,B
752a59d4-2cb6-445d-82b7-0f64e0643b6b,2021,317,B
b5506bfd-e16d-412d-a804-b41e472970be,2021,47069,B
78891ae4-554b-4d81-adfb-6dcc5a863e9b,2021,13401,B
29315975-bf85-4d68-bfcd-b6b4803d8a12,2021,1314243,B
2df44c1d-e44d-407c-99e7-879feaed0fba,2021,1314243,B
8a188d97-478a-456e-9a07-c9544dc02994,2021,102590,B
f075a783-694d-4af8-afdc-e01e78bf09e0,2021,67601,B
b99d8503-86ae-4873-b0c4-f92d4d788c98,2021,5000135,B
528796ba-5b14-4e7f-8f30-d926bf9d4569,2021,64664,B
042f4956-2a2c-4b4a-825b-609e380bab9f,2021,18671,B
5c663731-8846-4228-81cc-da20238572a2,2021,2209,B
6f9bf5a6-a23d-4bd2-9f4e-6596b4955488,2021,20933,B
435874e1-40c6-44a5-b30b-0dbf3bd34fe8,2021,1132918,B
69fa3440-1526-4328-ba31-fb5cf22a469c,2021,1132918,B
160442c7-3e72-41a5-8348-b1dd605963c3,2021,5000143,B
5b878f7e-7993-431e-9c67-eb8c7c93c3f3,2021,1148708,B
6ec9aded-2d1e-42a6-a457-a502e67c19b3,2021,1136142,B
cf9213ce-0f36-4c56-8593-a5d279a405f3,2021,53342,B
95f581c6-7886-4bd3-8c7e-addd7fa2c8cd,2021,1330347,B
b56c13a3-22f7-485f-b784-767be5d49979,2021,18671,B
8f9da40d-8055-4937-b230-d12f822287a8,2021,5000135,B
192eb554-95a8-4e41-864e-80afb8d2aa29,2021,103062,B
d101536c-1a37-4bbf-8eff-2b17d3f1f39c,2021,5000143,B
37238ecf-46cd-4f6a-88d8-2a83046619d6,2021,47069,B
53c25514-66fd-4e9d-bc48-117dd8068ae9,2021,13446,B
b31202ce-6382-46f7-b155-e4dcf817478f,2021,18267,B
e5ed62f8-b8fa-4d1f-a3b3-46b86db4d2cb,2021,1139692,B
5f1185d3-8f60-4ecb-9bac-e4f5aafaa6f0,2021,1330347,B
7b3c1c39-9df0-499d-90fd-92befc17bc8d,2021,73140,B
78f90f9e-0bad-4e12-a293-e5d81a9c524b,2021,13595,B
979ba800-1a6a-4518-84d2-47c373542a40,2021,106996,B
96b7ac32-a4d3-4f18-a95a-5c68e9095b6c,2021,968,B
f6b97532-a582-4e87-a2dd-5abeb0cedc26,2021,1318224,B
849f1ca1-6d62-4084-8d54-e1199e0e3c56,2021,317,B
aa1e5408-f021-4c47-84a5-5c4247e28a14,2021,1267543,B
3f84b687-8a40-421d-af92-8cea12296ed7,2021,37862,B
475273e6-9bed-46a6-84fe-9a5644472c2e,2021,59122,B
1fa39270-e3e6-491d-8ef2-818710b635a0,2021,1139692,B
cadec5e9-defd-411e-a0f3-da56d7dc2dae,2021,47051,B
98f91071-ebf6-4bf7-8287-2e1c5493cc0e,2021,83388,B
3f4474fc-2f07-48c4-869b-26c018e67856,2021,1136142,B
0373faec-2734-474f-94cb-899753d1f0f5,2021,1101244,B
8087c19b-7d0b-41ea-a4fe-4e8060bd928e,2021,5000143,B
3c642e33-217b-4df9-b8aa-ddbf831f00d8,2021,1136142,B
58874eb7-ca9e-4844-9a13-3c986b8b9326,2021,90030,B
9bf551b1-528d-47f9-bc0b-338fe722e671,2021,13277,B
39895682-4d7d-4505-b7c0-0b021156e72d,2021,20030,B
426e761f-b6b9-4888-8ba6-d2fca5a02599,2021,64664,B
c985dda7-ecce-484d-a397-7849d07c50e8,2021,317,B
3fac8a8e-d038-4a03-80f2-488daf225a79,2021,59122,B
9523b52a-77df-4017-ba3e-97224a1eec00,2021,1139692,B
9c7d0b0e-b8a7-48d4-947c-a3bd0e752f42,2021,18671,B
908d84a0-19fb-44da-93d9-7ef23a40d319,2021,13401,B
668153c9-c0b1-4ad0-8037-94aa47c41a9d,2021,68930,B
5e739770-facb-4714-bf4b-8749b177cfbe,2021,513,B
722efacd-c77e-490b-a7c5-f08846a30d8d,2021,99820,B
460a6db6-bac1-4284-9a56-b70f9c097481,2021,1187671,B
2899e976-dc69-42d8-9195-d8298e9b13c7,2021,13277,B
beeeaa50-986a-4bef-9e2b-1c6224fbbd86,2021,88068,B
5553a718-c77e-40b9-878b-ff8521b3dfa3,2021,1283028,B
ea02ee1e-cec7-4410-8ec9-97422caee4cb,2021,2209,B
7a75db93-b3f1-47f6-8f98-99a844966962,2021,9414,B
e32e6462-1878-4208-9989-7205a19b3e9c,2021,2209,B
d771b4f8-347e-4490-a9f9-f67718c911c3,2021,5000143,B
246ef66b-4d3c-4a7b-91a8-51dff29c5940,2021,1288839,B
c0240608-f8c6-4f6b-8501-eba39d283825,2021,118420,B
e97011c3-fe9e-46a7-960f-837de0064485,2021,113455,B
e7e992cc-24d0-479a-9134-ebd37ec021a6,2021,1314243,B
7e16e874-21c6-43a9-89f6-f7af7e38e79a,2021,97443,B
7fa46ea4-34c3-4709-874e-d88496b9de2f,2021,1101244,B
6a130e47-30ae-44bc-a1e5-c704a498169c,2021,102590,B
6a596bc9-3242-42f2-a7a3-dc3a1e0e88c3,2021,104360,B
3f10949b-b176-40ba-964e-ffbd407c327e,2021,20933,B
e3d50d1f-4956-41d5-b92c-7dca43b96f09,2021,41238,B
731f79ea-a4b8-497b-8b60-3297a8d40781,2021,62484,B
7a2e2f78-1045-4b20-9a60-9081e86cc49a,2021,1101244,B
e7d45feb-e21c-4810-b857-1e1cc3ac9dc7,2021,1385942,B
51660732-1f62-447c-9cb1-64b87595cef7,2021,5000135,B
613dc46b-61c7-4e43-ae53-ef9de98464c3,2021,101942,B
d9658151-01fc-402a-a9e7-34f396ee933a,2021,5000143,B
f899538b-5662-4d6f-aede-faad720451f7,2021,13446,B
f220da87-ca85-4d27-895a-25f02964e89d,2021,1136142,B
fac4ca99-8e74-4f9a-9f60-fcd14573295c,2021,20030,B
a6153fe0-6d59-4e14-8566-2f2f0e7f851d,2021,1161716,B
5ce6d96c-5b32-4148-a23d-0108eba7a02c,2021,107360,B
7fbe0c54-92d9-4975-a905-190a395ebc17,2021,107360,B
498fa12a-8f4c-4c6b-8f79-a812ef58224a,2021,118468,B
e2131e00-1f52-4525-9b48-840bb8191de5,2021,1108692,B
9731129b-d011-4a09-a116-d72a939815a5,2021,116770,B
a16ab86c-eae3-4cff-9821-98b08e3a9cc5,2021,968,B
f2d63aef-2cc3-4993-9fbe-034493b771eb,2021,1148708,B
3f0497c3-1106-4619-9c97-19958e57cbb9,2021,117532,B
6c3ee3b4-81f4-4c6b-8ddc-f8754d113f8d,2021,98595,B
603d6058-124c-4ed4-9f82-de1e9d51d551,2021,40343,B
cc776d22-9aa0-4299-90ab-3893cea302a4,2021,1102628,B
62b8d9ce-737d-4a13-be21-db69ef972fdb,2021,50082,B
c9f713e4-9db3-4fc3-a8a3-10a1df938996,2021,101942,B
b39ba94a-b6b0-491b-865b-4d11728c0cd5,2021,64664,B
394504e5-b587-4547-be1b-c19b1bbc5029,2021,968,B
1a092f2d-b691-4d41-9a9f-65ca53e2bd80,2021,18683,B
f6060206-8e6b-4e61-b153-26f591a10fe2,2021,118468,B
1c678698-94e9-4ae0-93fe-5bd8903dc3d6,2021,62484,B
4de9eb4a-8e78-44c4-b219-aa18248b26c4,2021,118468,B
ea4ec652-d29b-406e-bf3b-1087afa81337,2021,513,B
e2fe4d53-960d-4cc9-b37c-64c885517fe5,2021,101942,B
7d91a1ae-bb16-4f40-9108-6360a0882229,2021,95175,B
e3c4e6af-c197-48f2-9754-c19b7d622e5d,2021,113813,B
be391a21-df0b-401b-bf39-6dd00ebb3f01,2021,13216,B
b22373d1-b5cc-47b6-9f6c-95c3686df2f7,2021,86326,B
26b9aab2-8f6b-44db-9b34-e776323a684f,2021,49054,B
7cb4e141-a822-4f8d-a56b-34af3d8280c4,2021,1047907,B
3d625aa5-5394-4e57-a210-10f90e3d6394,2021,113813,B
62444f32-8561-4028-bebb-7b07a9ca3ff4,2021,317,B
a60767b2-5785-4238-96de-8caeccc49faf,2021,18559,B
26528f62-35be-4db8-ae55-4a052f26bc60,2021,95175,B
68bfda36-57bf-436f-9ea4-81d2e853a45f,2021,17898,B
03051f1d-f66c-4676-878a-bbda11ceeb49,2021,1101244,B
ac7ae594-d48e-4f4a-846e-d4d0c1d29970,2021,54934,B
5398431b-9f04-48b8-aba5-ba68eaaec25f,2021,1306689,B
8fbf676f-fcd9-4c02-9dcd-4cb0f0c4249f,2021,13595,B
d177aefa-5e9a-4bc3-917f-497032f08048,2021,1117717,B
420fcc70-4995-41b7-9741-5ee913432841,2021,118420,B
59b4b626-d99f-4327-84a3-215f0027e7e4,2021,64664,B
250d5dab-0917-4782-b90d-2ff2eae6a203,2021,5000135,B
9bc557e9-595d-4059-b738-3c03fcbd8583,2021,94762,B
c0b44973-5ade-41a6-96ad-e15933940e9b,2021,18683,B
54223981-7c09-4980-bbea-b0efe48aa0c4,2021,98305,B
cd9a144b-415a-43b7-a875-8224140474ef,2021,107422,B
239862a5-8a9b-43b5-96d0-2adb0e7e8598,2021,117532,B
17fcc7cf-175c-41e7-87da-dbf8d3190f0a,2021,113687,B
67dbdede-77e9-4be1-8834-301c545cfa4d,2021,5000135,B
d56856db-f783-43ba-b433-00894b9d5248,2021,49054,B
56ccfde7-13ac-41df-9d7f-55d2273caf7f,2021,40343,B
699d2569-7b26-4339-8c3f-7b4c7b4a1c8d,2021,108660,B
330b4a15-aec0-41e7-9604-93ecdf3c73c2,2021,98665,B
ffe4bb28-7a71-4696-83c0-aedc602200ff,2021,41238,B
72db7aa4-971b-46e9-a2b6-6d5f03d2f8ea,2021,1108692,B
3a00f8f2-ae39-4175-93c0-ec7b1d1d00e6,2021,317,B
d01dcb23-bf44-4826-a8e9-5d18f4cc373e,2021,21464,B
d16b3742-ca9c-4d29-8a83-1ca04133fa40,2021,41238,B
3635a711-f929-431f-9d40-2757f32b9dbc,2021,1102628,B
50fd5453-3a17-4566-af60-a17655a48d82,2021,1376181,B
f7cf4aeb-7be7-4569-a86f-a630319021db,2021,20030,B
42249466-da0d-479b-aa18-a6c1fc231ffe,2021,1330347,B
c0c13e36-64ea-4a9d-9a20-c92cdd87ea10,2021,18903,B
de78b854-d805-49d1-9294-8470453d158d,2021,113455,B
5dcc8791-df66-4a2a-8fe3-de0e63857a47,2021,116770,B
867ed5bf-77d0-4123-adf2-bd57d569ef8c,2021,317,B
4cf21c22-40c3-4d55-ae0b-61ef38f2a40c,2021,41238,B
2d965659-5be0-47bc-96b1-0669f43cb3c2,2021,117022,B
e88010c7-8c18-4cb6-bb00-70ae1ef6b7c1,2021,98595,B
9258f9c0-96b3-49eb-bd8e-2dfcec4c1d87,2021,11452,B
d2654acb-8f4d-4262-9dfe-8590ce843024,2021,513,B
1a1381c9-3267-43c6-ae6a-e98d5a5f5b94,2021,13401,B
5671ab79-3815-4109-acf6-8961624958ae,2021,106996,B
39b45dc8-12b5-4619-bcf0-28dc06911b5b,2021,11554,B
d186fda8-62f5-477c-a6da-92f4367e0b5f,2021,11452,B
c9a7f4be-6fdb-4c58-8803-9bf12e3bf770,2021,1117717,B
cd16bb4f-031e-4452-9ce0-cdda20960f23,2021,5000143,B
fa049f00-4a14-47e0-aa63-bbeac9930d24,2021,117022,B
cd26b673-3a35-4f9a-9498-af02055f4407,2021,5000143,B
d60a28e6-b1b4-40f5-9268-ecb4359cad23,2021,9440,B
889f68a1-3a4a-4faf-84e7-7d90161d6ba9,2021,113687,B
57a34356-022b-4d07-ba3f-b2c27f68a98c,2021,1101244,B
ecdafa66-f2e4-481b-8460-dd9af88aa881,2021,118420,B
ed435950-2b24-4c2c-b0c4-ba882ce17f41,2021,117532,B
7e52ea20-367e-480e-8e2d-a5f5b6fd8349,2021,9425,B
79a2c6e4-7a13-4c44-84f5-e9aa14177d75,2021,118420,B
ba785ae6-3037-40ca-8f22-b6b603ac375c,2021,51020,B
8f70fde4-4750-4e80-8792-131132aa53fc,2021,47069,B
36012835-01e4-46d6-adcc-9a02a3d43c1f,2021,1385488,B
4a1b2c9d-7066-497f-a936-e33dd0b58786,2021,107360,B
2319744c-4089-403a-afb1-a84b1050a481,2021,5000135,B
5e852bff-15b0-4b95-86c7-17e19a6ee87c,2021,64664,B
150dfa6a-c118-4d29-ae70-46ce93c23853,2021,1181115,B
9a3f2169-f6de-4e9e-b212-a1b5105a858d,2021,57612,B
e3b4eade-6552-42e2-abf2-afad0f879399,2021,1181327,B
cedc59a1-fdb6-4a20-96db-fef19ece49af,2021,48675,B
76b7308e-48f6-456e-bef8-3f135a16d719,2021,98595,B
0f2be7b1-9bf8-4e64-828b-647662b663f7,2021,5000135,B
fbc0b574-0ec5-49b9-96f0-63684b36441d,2021,5000143,B
d8a5376b-482a-4303-b28e-3251951cd5dd,2021,98305,B
a62309fa-3951-429e-b0c1-9c915e5aef4b,2021,118420,B
74a872e4-39e0-4f37-98a9-9cc5d390969a,2021,47505,B
2be5afd6-27ab-4c57-b7d2-0919d12b0d66,2021,2209,B
898c8e9f-0df0-4145-a2e0-5e4fccd93b40,2021,108660,B
be02f61a-130c-4b8c-835e-dce688be0520,2021,18559,B
65db92a9-742a-4435-b1ed-19a42bef1484,2021,1136142,B
ebf6230f-4be3-49b8-aaac-1fa581dbc29e,2021,1102628,B
ac9f2169-159c-4f26-a0f4-dc5bd7c24b52,2021,107422,B
47296897-c28c-485a-a098-f3b32a737b5d,2021,2209,B
99f5f4b6-93fd-4e4a-8509-5950c967cc33,2021,103062,B
996bbe6f-e045-41f3-a4fb-45bc8639b32d,2021,95017,B
16438820-e4f9-4345-8fc9-ea80e05b97ca,2021,18903,B
ea9cf3c5-e5ed-4153-af86-0f67402caccf,2021,1300429,B
00eff56a-6cf4-4668-b2d1-04c60ffaabbd,2021,113813,B
83cd0951-0065-4c9d-9498-003843092d6e,2021,317,B
6c79ae41-0811-4ecd-91a5-77323b55dfb6,2021,98305,B
5f161f63-0f3f-417c-be03-d1640d581c18,2021,53342,B
3bfe89a1-7973-4181-bd77-b3b803f40061,2021,18559,B
767146b4-1883-4dc5-9db4-360588d0396d,2021,5000143,B
57b8464b-9c0d-4821-97c9-68c17fe5f104,2021,118420,B
fb366914-6c8e-467a-a50a-6b6d6a643b95,2021,118420,B
d8c396ed-782e-423b-a4e6-ec19f04e9cf9,2021,118420,B
9609f612-3e51-4494-bc40-cb33045e894a,2021,1181115,B
b8987ea5-7059-4569-b77b-a9e4ba537c20,2021,73140,B
31c8d029-d9f6-42aa-8349-a51f5fa00df8,2021,1385942,B
56b53bfd-e7a0-496e-8e92-00d9c987ef25,2021,99820,B
1a771650-f7e2-4a88-881b-2c1f46486b24,2021,5000135,B
6c927d1e-0f32-41be-b4fa-0dd02891807c,2021,1101244,B
b4d497c6-148d-4cab-957f-6a1e37c083ff,2021,1330347,B
13ecc982-c2cb-4bb2-9a43-43ef87bd7678,2021,47069,B
c6cb88da-38a1-4cbd-8926-237472fe5fd4,2021,13595,B
38d4df99-66f7-4960-a7c4-0c761f819ff0,2021,13980,B
ca03b91c-c3a9-4dee-82da-f3186577746c,2021,81210,B
3839ca7a-1b34-4207-bc27-661c49092b8a,2021,73140,B
1ac95135-4f34-4208-84ec-3884be4ea8f8,2021,106996,B
17052717-35cd-4ff1-9509-e3a7ce674f92,2021,57612,B
64d02816-d7b8-4aae-aee1-f489d3a68119,2021,1330347,B
528060df-350a-403e-9289-9b047e156199,2021,73140,B
e68ffddf-616d-450c-bb57-9933db95f528,2021,513,B
8b0cff03-e19a-4725-a4e4-f10c787d1359,2021,5000135,B
df9ab896-b5fb-4ca6-b1c3-1d0da27658db,2021,5000135,B
1a0e1f93-aadb-491b-9e71-791f53b5a191,2021,11452,B
97283f31-e28d-4c95-b654-f101e4267743,2021,2209,B
57f6f0f2-d7c2-4b68-b61a-6187a1125c5b,2021,98305,B
b705daf4-d1a1-4d83-b05f-449b5ce59a2f,2021,22047,B
aa94795e-f180-40f1-b5cf-4b284e4f5e89,2021,18558,B
2d9ce1b2-92e0-4243-a3c4-8b2eef42e961,2021,1102628,B
0766b7da-c168-4ac3-aff1-89a2e95e007e,2021,1314243,B
5961121f-420b-459c-b488-1ed7c84b37f4,2021,5000135,B
d6381fdd-d366-4823-bf84-cfddbdb6cd54,2021,91181,B
e851c0d3-6cc8-41f8-8e95-ca703388fbf2,2021,1288839,B
94455894-72ea-476b-869e-759dbc030c75,2021,1288002,B
4cb8f965-9b42-412c-9b8c-fbf4075d49bd,2021,98595,B
9d924b7d-9d59-4001-aaa2-d0ac5333e2de,2021,1136142,B
f81acda2-422b-40ed-ad38-22cf7968a93f,2021,1101244,B
e096c3bb-ffe5-479b-9f86-bf7df6dc0430,2021,13446,B
ee0ccd73-94df-4fda-b01f-d0824ad9fa0d,2021,101942,B
0468a109-5e92-4736-84d1-6e7896ae9714,2021,11554,B
45220f34-4684-4d5d-bf15-8fe2e9f815f0,2021,13595,B
de0a8e1b-63bc-4d33-9d43-2b8efabd48e7,2021,94762,B
a0d7fdd6-54ba-4178-a8c4-206afeac27a0,2021,11730,B
84debcd9-df8c-4e8d-a0f1-2a5f8813ade4,2021,1032473,B
798645a4-0387-4a6b-8845-9bf9305b5522,2021,118420,B
457701c7-cb06-4daa-829d-a0360ff2bb31,2021,1288002,B
824384e4-0404-4ca6-932c-aeec1f93f92f,2021,1139692,B
4041d1f6-92a1-4be9-9b23-b84f7873d33c,2021,513,B
6e709976-d790-4c39-840b-ed693d7c65f8,2021,117022,B
2021fe33-1373-4a07-b198-5068316c7902,2021,106167,B
4ee6b56b-80f7-43cc-b924-aef30f2f6049,2021,513,B
a7e7272d-382c-4adb-ab44-f823d0569e2d,2021,21464,B
4a8db28e-1e24-447d-b027-75f13072670c,2021,22047,B
fad72aaf-d0e7-4312-a5da-39dad522e7e7,2021,1136142,B
4e5c7d26-f9b2-4340-bbd1-24991b126b43,2021,1101244,B
fbe9cdbc-9771-4cc5-9ac1-5c6c466bb7d2,2021,1272079,B
62723f55-b95e-46c6-8c86-4b5ca9c6d8a0,2021,1101244,B
b13c66c8-d62f-4f75-8a83-2fbf94de54e7,2021,101942,B
1cc41333-7eb2-4b6d-b89c-35f379b13e45,2021,9440,B
0dc91a2c-5122-4f72-bce4-e9985619dffa,2021,64664,B
b62bd69b-e546-41a4-b6c3-992bd9a45d4c,2021,13980,B
5908f738-7dfc-481a-a338-a59ff5a2eae4,2021,5000135,B
89aba5c2-af32-4395-95b3-54d7aa9901f6,2021,513,B
784c1370-923c-4ca1-b9b0-0b4db0c0c654,2021,98013,B
8b20d05b-b602-4b39-9b27-918ce3fd17c6,2021,68930,B
5f48f980-b612-4053-bbfd-dd5e39b761b0,2021,12313,B
3e880c19-ec86-43a2-b3ae-79c51ec5a519,2021,12313,B
80294065-ddbf-4de0-b848-975060921318,2021,13595,B
efdb5b45-49d7-4fab-89aa-b3a25affa3e4,2021,18903,B
4959f4a0-d20b-4371-9b26-7f1f813e87f7,2021,94762,B
ea445141-8e5b-4e8d-82f7-ed62cb3a76e7,2021,13595,B
c941b972-6f96-4fc3-aa7a-e12345d39a36,2021,98595,B
af9610a1-b915-4f52-907e-f44c7f840532,2021,95175,B
2285fc98-e896-4d06-8bef-16f7518da740,2021,116770,B
72a761a3-cb1a-41a1-a26c-55857296533f,2021,1136142,B
a8c9c372-b317-4ac2-9f82-98df0fe409f8,2021,513,B
e586bc70-02a7-443a-a025-4faf53f4b7e5,2021,1136142,B
7e79fc3f-6d4a-4867-99a2-18d8fc05aa75,2021,95017,B
78664826-5f73-43a5-bb79-3d93abd094d5,2021,13595,B
1076b8a6-cb10-4fc6-8009-e0db8547267e,2021,59122,B
7d81cab5-e0db-4044-b8eb-597b45152a2d,2021,1376181,B
e9183128-6f00-430c-9700-a91fe20053f4,2021,91262,B
76e2c007-fa94-41c9-b559-1f95d4e1a587,2021,1322390,B
a25a61a5-5b21-46a8-af60-501914b4a279,2021,1136142,B
58e81dd3-bd9b-4ece-bcd3-0de4586cea40,2021,94762,B
96928036-aaa5-40ef-953e-b529f0c1d6d1,2021,1306689,B
d7a98ee3-492c-46d1-822a-e3011b4725bc,2021,1269545,B
b6b662b3-bf01-4417-aa7c-5099b1f607d1,2021,19047,B
172ff412-c1f1-4204-8fdd-bfedd70b0c5d,2021,56172,B
48aaf1db-f584-4afa-a2d2-2865725988f8,2021,106996,B
29d85b8c-a810-4324-9058-adda6cb9f217,2021,5000135,B
108f5013-6921-4718-9412-a066d5491851,2021,1269545,B
b29d851c-c0df-4cd9-a144-c6d956a8f775,2021,1136142,B
9634592f-78ee-43fe-9b1a-cd31f2d34216,2021,83388,B
f809d042-dc5d-4cb2-a7a9-4ca125964e4e,2021,1148708,B
6f711524-5dd2-4204-8ae1-ccc16d1e2065,2021,62484,B
753349f9-8dc9-4b9a-9ab4-bf84716036a6,2021,47505,B
d1a12757-5fe5-4c31-834d-50534dce06ca,2021,18671,B
c0ba22b1-9417-4063-8228-df5d21bbd7b6,2021,95017,B
50057698-ae4b-47ce-8668-145c78f6d44d,2021,113813,B
aef57e1a-91fc-4291-a348-f4d5b29356d4,2021,41238,B
7a87e98e-2a76-40d8-b48a-386a99a1cb14,2021,317,B
fdff1b1d-7457-4f06-b9d4-2c4542b370da,2021,99820,B
c62e8e3f-2a04-4f95-8dba-9f58a20591f5,2021,1102628,B
e5147fe3-c80e-4767-ab8e-bf0aa9faffd8,2021,12313,B
447a34ab-305e-4aa6-b106-47134b5c6cf7,2021,101942,B
df2b8efd-a4ec-465e-bca5-233376b04e1c,2021,11452,B
48dc792b-3252-41bd-8c74-f090260dff94,2021,1136142,B
8b7c513b-3ee9-4622-8b0d-3e280ac1a2c8,2021,118420,B
dac0da27-739b-4e7b-a457-e3269b84c663,2021,117532,B
1eab997c-f74a-44f6-9249-d343f364b045,2021,13595,B
4547abce-9b24-4e7f-888d-3acdecacf75f,2021,1118057,B
a04d64e7-dcb8-4ab6-9428-c55992d93a28,2021,11554,B
ba90500c-c044-4c60-b9bd-d2cba3dd0265,2021,1283028,B
4a3b715c-9780-40d0-a8b7-3f743a6233fe,2021,1379275,B
8b9e664a-b6e6-44e9-87b8-fef5fd130b90,2021,12313,B
304539c8-f22a-4945-aaac-0b5cba777650,2021,13277,B
680383be-8a95-4c2a-8c25-9498b07229ae,2021,5000135,B
b03b83b3-214a-438a-baf3-a3eeb77947f6,2021,101942,B
f4faa451-81ec-41f1-aecb-8d8bcb0467a9,2021,48675,B
ac551e6c-8970-47bf-9c97-723591977c02,2021,1267543,B
3ca7f299-74dd-4952-ae6e-89069e52deec,2021,1136142,B
8dcebbc2-6439-416e-ae04-1e7b8230443f,2021,95175,B
93f78404-5882-4da4-9eca-5aacd7330825,2021,13216,B
9fa8a0cf-85fc-474c-8f38-7a515cae10c0,2021,1136142,B
f2920785-8afe-4f9e-a186-591ec5cf8387,2021,117022,B
0deeb5cd-4624-4b25-885a-7e7e2e495fdf,2021,116770,B
e7c90a80-e77a-4dde-b7fc-ec9ef6718caf,2021,20239,B
aad299f4-e219-4d99-be82-43c19eecacbd,2021,13595,B
38aa4d6d-27cf-47b1-bc47-1ed726d6b859,2021,13595,B
c2680f99-eac1-4a04-a91e-5990464fac84,2021,1136142,B
56c81905-77b5-4ee2-9b21-3b0999a3bfe9,2021,1102628,B
85eb3020-dab9-463d-bba7-5b23d5ae88dd,2021,513,B
a0a22b3b-7d67-4ab3-8892-fb0373da83d1,2021,2209,B
ee281759-58ac-4d1b-83f9-3bf2649ff63d,2021,98595,B
ee088cfd-cded-48e4-8032-307650627d9a,2021,55777,B
2cd4d479-5712-4c49-ba07-e98e11a67fea,2021,13216,B
9deff323-8e94-405d-8cf6-49a6cea19e1a,2021,53333,B
f6d5d476-dbb2-4a28-82ea-e3dfab8a6817,2021,11452,B
3b29b0f9-b22d-4074-9dd8-598679feacac,2021,18683,B
bb8027ad-1a5e-4acc-bfa0-5ebb27c5be90,2021,99406,B
bbc0bfd2-b323-4e09-963f-2a48f78f8989,2021,968,B
a37ca2ab-2dde-4c42-bbeb-1570ff5b5396,2021,99820,B
52638f6f-e6d9-48d9-9deb-90115e884222,2021,2209,B
33e310a5-aa8d-4922-80f1-542bbeb8dc5a,2021,59122,B
35ed303e-4cf1-46ce-9150-8ca064c28230,2021,11452,B
b4073e6b-8c6f-47d6-bc53-79b08e4b14f4,2021,1102628,B
9ef0ea1d-d220-4de2-aeb7-ee0cdca920b2,2021,47069,B
299e8df8-f0d9-45f1-b19b-0941733a4818,2021,118420,B
5451f6de-2817-4a24-8c27-2cddc279387f,2021,117532,B
df66b5ca-fa33-4fbc-bf83-ea42414e7cca,2021,99820,B
d266d55d-aa73-406a-86a8-d7d37ef04896,2021,1118057,B
0aa7eaca-7c86-4746-b121-7eebb2b99b7b,2021,1427745,B
ac7f517c-0852-4ad4-a60a-7063fefb06f0,2021,1102628,B
a73ee011-3b47-4e1d-9b92-9662169ee014,2021,21464,B
0a3ffc9a-a092-4093-a706-d8b776ae3ba2,2021,118420,B
93414fe7-1293-4bbc-b461-ca273453b32f,2021,68930,B
e7d3449a-ad5b-464c-8672-06dcca189c07,2021,1139692,B
72116da5-48b4-4422-8c13-7ae347331446,2021,1314243,B
98ce3285-101e-4b5d-a51a-596e49dd3ce4,2021,118420,B
90486deb-0636-42de-9210-55565a4ec903,2021,1132918,B
b2a559e5-49ce-4913-9782-3b50ab79edcc,2021,11452,B
715540fe-83db-43bc-bb43-6790db93864b,2021,513,B
da6bd7b3-6c6c-4f7f-8dc2-dba9d6d5d4ac,2021,13216,B
763a0b0b-8b42-4ef0-9784-124896432020,2021,86326,B
cb43fee3-1fbc-4324-888a-d85ee7b71da0,2021,117532,B
daaa4cb3-15f3-4704-b4f7-e1448220ee02,2021,99820,B
aea64fc0-9a06-4f39-a9bd-b855d4fab328,2021,317,B
127c7cb5-99f1-4e10-adbb-27e0a3515d88,2021,1132918,B
a193d8c3-3c0f-46f5-857e-73aa706f6966,2021,13595,B
b882583f-7d10-4404-a798-8fea0789d260,2021,90030,B
24fa8278-f0be-4efb-8c68-b8e944bc14e9,2021,11554,B
3b6acd3d-602a-49f7-afc0-bda15a964d24,2021,97443,B
872e54b2-82ce-41e7-ae2b-0624938e646d,2021,106167,B
f245c583-80d6-45db-91df-f0cf5347adc7,2021,95017,B
d6a87473-1e12-480d-a517-71c77d851003,2021,95175,B
3c701837-1929-42b0-a987-ac7f6d5b2484,2021,113813,B
78ae409c-5ccf-4bc0-a6ca-737be81fd651,2021,11452,B
f516dc9b-a7d6-4881-b0bc-04a781056606,2021,2209,B
ea1b06d6-573e-4788-8624-344c7a2af944,2021,1330347,B
cf2d77ce-f7d0-4283-9986-2b6c1f3531d8,2021,1272079,B
1d63b023-332f-4bcc-9c0d-06a6fb5ac596,2021,5000135,B
e8856b36-f632-47c0-b2f5-363b23fd2187,2021,1288002,B
f1ebb704-5f35-495d-8a88-8e5610ed4e93,2021,317,B
2b42ad7e-1099-4bc3-adba-e0bfe1c7fcf6,2021,114616,B
3f823135-dca7-4498-9292-004a914866bb,2021,13595,B
714a7e45-f8b6-4b22-845e-a5642fab5547,2021,62484,B
ddeedef3-62f9-4727-a36f-4d3134a45cc7,2021,41238,B
84deff2e-6bf0-48d7-89db-2b0cfa22fa49,2021,13595,B
47c87be9-e80e-45ae-bca0-63a491761642,2021,13277,B
b3cdca89-6436-434b-8886-722ba86c50b0,2021,13216,B
15a89bbe-e37d-4f2d-af98-3c687ba4f1ec,2021,11452,B
ac081103-0686-4293-b828-3f2534b5b647,2021,2209,B
fc314b43-7278-4681-b8e6-95a8b27b8cb2,2021,13446,B
c1e5fc23-bc2c-42e9-9086-afceb6f498a8,2021,41238,B
5b4a14c3-6482-4997-b55b-4fed35130a47,2021,13277,B
4d77526d-07ef-413f-ac39-b093a4b10cae,2021,13277,B
50ec9518-bb87-465b-9ac8-cb4bdc43231c,2021,13595,B
28ccf14e-b070-46df-9624-0b04e26e0215,2021,1136142,B
b984a148-8b0d-44c5-b042-bcc476b0f2b0,2021,13401,B
63c235a6-56b4-4ef0-ae82-90a9842e9c70,2021,114616,B
580269d6-c1b3-4d98-b970-c750cbcccaf1,2021,18683,B
94801b05-d41e-4e8d-89ba-ac57efd7efca,2021,13595,B
624dd7b2-f8d0-46fe-a4b5-f6a995fa9cdf,2021,62484,B
1d686bc5-a520-43f8-a8f3-76ac196702e4,2021,13277,B
debd67b8-30fa-40a3-80e5-76e7d1ec7936,2021,62484,B
ad52e4fd-d090-4b2b-8ebe-ca59a26ecf9f,2021,13980,B
bb9dbb41-3260-4834-8a78-9ead18ee5344,2021,1265453,B
15417afe-4e37-4e06-a0b5-42745eeb3707,2021,101942,B
b2ee6cc9-0a1d-46b5-abc9-5873681add63,2021,18683,B
f9d50910-80ff-43a8-afb5-f4a007dfbc7d,2021,1132918,B
f2382d91-cc8f-4166-a2a6-4648a44a165b,2021,20030,B
8a66c198-5046-4257-993a-ad57a889e4b6,2021,13277,B
d8e169ec-0989-4756-84f3-9a6c88f2fbcc,2021,62484,B
7815cc9d-f4ba-4e49-beb4-1a46cbe9db48,2021,317,B
2ea4d69a-4eae-44da-94cc-da55199bf833,2021,13277,B
2f19bd26-1efd-4f70-86e3-b91fb1508d81,2021,13446,B
5bc87902-8aa8-43ea-bc7e-3a0408e2f9e1,2021,13216,B
2125dafe-4f9c-4af4-99f4-e0788247eb2e,2021,13277,B
29b115b2-b71b-4e96-a542-061f22f3f91f,2021,18584,B
993109fb-ab67-4760-a3b2-70021eab80ba,2021,18584,B
b2339b40-a558-4cf1-b29a-4c74bcb1cdc9,2021,18584,B
515f0dc4-282f-44ae-bd71-915e1fb79758,2021,102590,B
681b7771-cd91-4d1b-9119-d626a955918b,2021,102590,B
cb11108b-360b-4530-a9be-e663a541ebea,2021,102590,B
137e2379-e759-423e-ac27-a84e968aedfb,2021,1113582,B
6b8acc3f-8a7c-4515-869e-c22eed390e3d,2021,1113582,B
917dab1b-5558-4a18-b3e4-3db02d8adfc1,2021,1113582,B
3fcd71cc-1e37-49c5-93ac-aaa89cc5f46d,2021,1113582,B
1a11f3c8-74e5-4dd0-b218-edb32076f023,2021,1113582,B
3de8d5d0-e4d5-4e2d-a311-c9fe4b094ba1,2021,1113582,B
58c20595-b1aa-4db3-91b6-35e8e2204ef0,2021,1113582,B
7923ab9a-5910-442a-a7eb-c592ceda9a46,2021,1113582,B
a66b8255-1823-4815-a2be-3e0c8bae8dd3,2021,18558,B
536db1f7-a870-4ffd-92da-b55e90136428,2021,18559,B
cc6fe50e-36d0-470f-b53f-4aaedb46dfd4,2021,18559,B
eceb2e8f-42f5-4db0-94ca-dee3ec665732,2021,1113582,B
1b515d76-4040-44cb-85d1-0170d8f087b6,2021,1113582,B
f047112e-7672-4092-9926-eeb9d1548193,2021,1113582,B
7b05bc79-d655-435f-a221-3bcd87aec0d3,2021,1113582,B
d3fd0f02-9e95-4827-b413-cf582ff989df,2021,73140,B
9dcbd91e-ef4c-412f-a11e-bca03bbbbb5b,2021,1113582,B
1774baaf-7c8f-4e64-879c-1cc582897f74,2021,1113582,B
94666ed5-2dbc-4e9c-aedc-6a305f19a7db,2021,1113582,B
a881a853-5d00-4a0a-9d33-41ad9978ded6,2021,1113582,B
d1248a8b-ebf0-48b8-ab8a-1ed6ba0eeee8,2021,1113582,B
a14cc7af-bd3a-4afb-a99d-faafcf6800a4,2021,20933,B
8e30970d-a246-440e-a4ed-fd4d572bf48c,2021,513,B
836d169f-595a-462f-b455-3bd39bb8f105,2021,513,B
3e014b42-399e-4c22-b45e-2a4d77b20a9c,2021,1113582,B
c3062428-61a6-4fcf-9471-1822a11bbab2,2021,1113582,B
e0597534-4528-406d-847e-286170da9cc5,2021,1113582,B
6dcf05fb-56e0-4443-a9d5-c59044e9fa19,2021,1113582,B
ffd01c59-6c23-43a3-b389-54336d512099,2021,1113582,B
260ec1e9-b282-4ec2-8ac0-a41e7dd9f193,2021,1113582,B
5bc916a3-9055-4e66-a857-439b48301f3b,2021,1113582,B
3fadf3fa-d830-4e46-a48a-9bbb1314bf9d,2021,1113582,B
4f2819b2-aaa8-49fc-b750-4625b991e796,2021,1113582,B
e274aa3f-ed8c-4063-8492-5029a1b3fabb,2021,1113582,B
494fff8b-68e5-452d-8854-3163540e8b7a,2021,1113582,B
f5c31ed1-b706-4439-a01d-e192ae0114db,2021,1113582,B
69cac19a-13cf-4e2e-b211-d4caeedc39f4,2021,99820,B
6fffc7d5-8bd7-4b32-b94c-0b519036167d,2021,86318,B
165677ca-2ebe-4ebb-9fe6-a4f7f0397c63,2021,86318,B
401e73cc-d953-4bad-b21e-1b0836c64bf5,2021,86318,B
31918966-702c-4218-8cf0-7662d09daa75,2021,86318,B
ef29026d-145c-4e0d-af63-50132d7cec5b,2021,86318,B
1c79e316-2dc5-4068-95ce-bb8e0aba3f40,2021,86318,B
008c5428-77fc-43a3-9ee1-af428094d858,2021,86318,B
a7a429c6-feef-4e55-ab60-c53921dac0ac,2021,86318,B
1a0b1c86-d168-49d9-a200-a13b0c1d7a29,2021,86318,B
a645753c-3ba6-4e65-a390-6e9eada8bbc2,2021,5000143,B
1accbd12-40fa-4728-8b6e-433026b0c053,2021,5000143,B
6cae6e39-3f0b-419d-9460-d91c23920caf,2021,5000143,B
a6a45947-3d6a-4032-bd88-e004bb6f2e2d,2021,5000143,B
1d487fd1-6449-45a0-9159-e744fe9f35fc,2021,5000143,B
77f504a9-aeda-4536-a5f3-526374f33cd3,2021,5000143,B
e3e09f9c-893a-44e9-815b-6c10efe38738,2021,1113582,B
1d7ac42c-1b5b-4fbc-b171-7c8030565f18,2021,86318,B
1f02ccf1-956a-4baa-926a-4112d267f7b3,2021,86318,B
00e664d5-8d26-4b9c-b68b-1fd1714628cd,2021,86318,B
4c5afb9d-cf3f-4d20-be01-2f7cd13c51a1,2021,86318,B
679211a5-f2f3-42ae-8553-19621655b756,2021,86318,B
a2169b8b-a6e9-409e-b942-63ed089e35eb,2021,86318,B
46e446c1-6fd9-4517-b243-32bb2ea67429,2021,86318,B
6470ab01-419e-4d0c-b594-0a51128484e3,2021,86318,B
39668a9c-0fa8-435e-af1a-387e645db6a5,2021,11554,B
196e45b9-a900-4180-8ec8-3fba9b800a38,2021,1103723,B
5675c02d-e3ce-4171-9a84-de2d34e2a4b6,2021,86326,B
1dd6840e-8590-431c-8605-1def5dbd96e6,2021,1103723,B
42e3727d-70fd-4736-ae6a-34553ca8438e,2021,1103723,B
e1205601-bce8-4679-92f5-fdcf2156179d,2021,67092,B
b5cb753f-4720-4aab-a0fb-8e8fa1a5c31a,2021,67092,B
a6ca12d0-7454-47f1-83d8-9d7971f8b00d,2021,13401,B
aef00650-b8c2-4bf3-afd7-c291c502494f,2021,13401,B
cebfeeef-c0c2-44ac-99f1-9235862c3ebc,2021,73898,B
7c73afdc-6aff-4585-b863-9c46ec3a2274,2021,67601,B
9018fca9-145a-42ba-afe9-c072e3134d99,2021,67601,B
fa2180ca-f3b3-45bd-9b57-423ec56f8455,2021,73898,B
3db159c3-011b-4d52-8851-6e76b3077eae,2021,73898,B
63ab7abe-cb1b-4477-a823-549f06d71467,2021,73898,B
bafa62ab-9cd9-48d1-966d-15b7b9073571,2021,50082,B
b30a54d5-2f0a-4256-acbd-7a4653f5c6b7,2021,21464,B
f619b746-16d5-4965-9b3b-435351f7cbb2,2021,21464,B
0fbd7a0c-83a6-49fb-b6cc-48754ef378d3,2021,21464,B
e0c8bc67-ef6d-45eb-a21b-b53d02aeb143,2021,1351760,B
66515481-04d4-42e0-aa9f-7df87e50e980,2021,1351760,B
6b6dcea6-c0f0-4afb-9435-bcfed48b1bfc,2021,1351760,B
80e52f85-25a8-4aaa-81f8-37bb29b4df1f,2021,1351760,B
b1acf459-9ce2-4359-877d-1a2025a5fe2c,2021,1351760,B
c1d1463a-5e86-4085-a7e3-1ab953b967ee,2021,318882,B
51b483e2-89df-400a-b79f-c020510efadb,2021,47051,B
f1cf0df1-8388-44d0-a264-0fbac7f813cd,2021,1190071,B
0e325de9-c83f-497c-901b-f6178e24d6ea,2021,1190071,B
f2e01f4f-4923-4dfe-9c8e-caff06f8a3fb,2021,13595,B
b3bf08af-3cd4-49ce-892a-a8444c7591af,2021,13595,B
85fb551a-78cf-4551-a53c-105f6d40b19a,2021,13595,B
9ae805dc-d35f-4756-9b6b-75830d380ce3,2021,13595,B
e390c695-ad13-443f-bb2f-977f96b0650c,2021,13595,B
302d9647-c5bf-4b80-9927-883abc432930,2021,107360,B
f811d1bb-33aa-4b61-91e9-8f06a62a6f80,2021,1265453,B
0a1712b8-849d-4ddf-ae2e-5333b4394f87,2021,41238,B
507774b7-d209-416b-94bb-e7329ae14c30,2021,41238,B
25a7d21c-cdc5-4afb-ba6c-5d40b525261c,2021,41238,B
f7e2fd34-e939-4e43-a5b7-ccd3372acf22,2021,13446,B
c92a27eb-67a4-4655-be71-b92eb81f8f2b,2021,13446,B
6f2fe799-64bb-42e2-a231-870736f0553a,2021,1148708,B
fb2bcc4b-5381-44b2-b385-d9a974cebfaf,2021,1180773,B
e790ceb7-4675-4e9f-bd92-55e69dfdb2db,2021,1180773,B
48749dfa-a70a-4e5d-8af7-bd4c82d726d9,2021,9440,B
600ed14e-2e22-4f75-a739-a94f5bb345b4,2021,1180773,B
d043fa12-9493-457d-9e9c-a2f88e3db1d8,2021,1180773,B
3d4d611a-a483-4115-8d23-ad223400f0af,2021,1180773,B
890e3cea-2337-42fa-8209-234a4272f309,2021,1180773,B
29328765-9105-48be-9282-e2c9a65c3627,2021,19047,B
762d81b7-f0f5-466f-9e44-ec250e42a5f8,2021,1376181,B
d7a4c0c6-1643-45f6-8575-e3c4447c98be,2021,1180773,B
a026feca-fb37-49fb-88b7-eb154dec0ddb,2021,1180773,B
4ea4368f-3c5c-495e-852f-a38556b9dd0e,2021,1180773,B
7b950aab-1575-4ff8-bbe0-be6ce618fc05,2021,1180773,B
3a852d9a-6710-4b89-addb-53eb5910f1d6,2021,1180773,B
2239b0cd-c809-4221-9707-0f67aa554e43,2021,1180773,B
6f4cc7fa-d26a-46de-bd3b-957fd2008d50,2021,1180773,B
b20b0a9e-c0fa-4afc-951e-89ff4e2d034f,2021,1180773,B
04bfdc92-4897-4f97-b909-2a8c57f60aa4,2021,1180773,B
bc7da93b-b515-499e-843f-daf69d121c9e,2021,1180773,B
a29b4b33-3995-4c35-b07f-d6594ee6fae9,2021,1136142,B
e89fc7fa-3cef-4893-9171-2c0a2f6a4c57,2021,1136142,B
aea014f8-6e4c-437d-8cc1-15327f3a497a,2021,1136142,B
b99bfdda-3fb7-4e01-9710-5788f84a6709,2021,1136142,B
c18cef16-5bc1-403f-abad-b2f9c4afd1c1,2021,1136142,B
3384ad31-96e7-417f-b12f-4138b43a9f0f,2021,1136142,B
ea176d9b-667a-49db-9389-fe3c8b315b88,2021,73898,B
75ee0d0c-7f77-4990-a3de-ca2b1b5f20a9,2021,73898,B
9e509deb-d246-4589-8f85-9ebc92e4e714,2021,73898,B
aad2eb23-fd7d-4524-bf82-f90fe14640be,2021,1110857,B
9149db0f-b97e-487c-a3c5-4b444a585ca6,2021,1102628,B
fa7697b3-ff42-4226-b603-68eec75bb61b,2021,1102628,B
f8eb416d-fc5c-49e0-a9f1-d3af29af431d,2021,1032473,B
c512a01c-652d-4807-b90b-45932bafd864,2021,1288839,B
6ecb7a9f-0bd6-4f93-a57a-dbdfb6d7adbc,2021,118420,B
743f5280-b97c-4197-9af2-f1967c527208,2021,18267,B
41b7b2f9-47f1-4e0c-812e-183e976eedfc,2021,113455,B
fbd589e5-b0a8-4685-93e0-2440dfaa8e4f,2021,1110857,B
767ec6db-bec8-44e9-94e8-7e7a1eabe6cf,2021,1110857,B
e522b491-38a2-40d1-946e-d08a56bc51e2,2021,1110857,B
9525520a-95a2-4f2b-b26e-ba99a230bf8b,2021,1110857,B
87db213d-28cd-45b1-8ac6-62d84a227003,2021,1110857,B
caa3e6c9-b90b-4299-81cf-65c8d138ddf7,2021,1110857,B
17dfff38-b730-4dac-8281-745a427dbe23,2021,1110857,B
be435ec2-d6ff-4b28-927a-8f3be424ffe1,2021,1110857,B
fc979f73-4aac-43ec-84d6-02fbf2d7e7b3,2021,1270680,B
625eb0eb-ba49-4ea4-8555-95c4b2419394,2021,94762,B
ddc2382f-55c5-41da-bf52-fe994cff43aa,2021,53342,B
27721449-ef75-4c42-a793-578e8182d2ae,2021,1270680,B
870289e4-cb95-4549-aae0-c21af6c17fd3,2021,1270680,B
e9e4ddb7-457b-400f-a45a-e21381581dd9,2021,1270680,B
ca343fd1-f9e4-4226-8872-de8927c33661,2021,20009,B
1ab3d7b4-f539-466f-bac2-650286aec90e,2021,20009,B
8db96ca4-2733-4cb2-a1c0-7075dbe2db5a,2021,20009,B
4497df54-04c2-4926-a14f-4975014026b8,2021,20009,B
f0978a1c-870a-4060-99fe-3d9dbee7e258,2021,20009,B
e1ed9912-864d-4257-bc46-c50966d857a3,2021,20009,B
113e9e6f-3d56-46d9-91d5-199f629b58d5,2021,1299927,B
ef6b598b-421f-4aaa-9133-6d8282185693,2021,12025,B
022f8e20-738c-424c-bf9e-97f079c2ef7d,2021,12025,B
9e4449f7-bd3f-41a6-b4c6-4e548f4d158b,2021,107422,B
215d30bd-7149-4693-9713-bcf89a809c5b,2021,1376181,B
54b0e9aa-adae-4af3-b624-dedcf225b984,2021,18250,B
97d8ec38-98fe-45fd-85dc-de38ff3d9d92,2021,1204325,B
b187ecf2-81ad-406a-b4f1-73c2863cde27,2021,18250,B
1a19647b-01d6-4cae-852e-2c837394dc99,2021,74737,B
9232bcca-52ab-44f9-9580-ba5f37f91a42,2021,18250,B
0d7489b7-38e8-4de9-ab53-de8958cff224,2021,18250,B
cc421c9a-1475-42c3-bc5a-da59c2c9b5cd,2021,18250,B
c680df3d-defb-40bd-9453-07f865e29e32,2021,88068,B
a6484509-87f1-4dfe-877d-7d105776fb0e,2021,18250,B
b6a8b4aa-4b89-4e5e-aab1-89818517a8a3,2021,18250,B
24a83288-b042-4e2e-8883-133f03e040db,2021,74737,B
e2a1dc33-4a78-4132-a9f1-859e6f019344,2021,87396,B
418bd288-531d-4dd1-95f4-50a35c7a17a6,2021,1118057,B
05d82a26-0bcc-4400-8ff3-dc8c7f3f1823,2021,1376181,B
5c57bba7-805e-410d-96b1-8b1dd7b0d707,2021,1042278,B
b8bf9ddd-a382-43af-b235-26b9f463249e,2021,1042278,B
6fbe8446-313b-4f57-8bac-b1c06c32d19d,2021,1042278,B
fd99e317-b1c6-4d14-be14-0862d9891642,2021,1042278,B
080c8c09-aae9-4a3d-85d6-02b969aa2490,2021,37862,B
a06dd8ab-0b47-40ab-b19f-f1df3c5aac00,2021,22047,B
7e20e3cd-092e-4249-9568-a5c9d685aa7f,2021,97778,B
daf7783c-247b-436f-8c51-2741f50aacbe,2021,20030,B
d419dbda-cf79-4908-adf7-32be6a0581bb,2021,56172,B
90f1751e-883f-4121-bcb9-666a2140243c,2021,1108692,B
7190d11a-8a86-4470-90e8-1a3e3b29dd1c,2021,1427745,B
d9a8ddbc-4d17-4473-bd1b-3b96a7dca796,2021,48205,B
c881a589-ae30-4552-8cb0-5b4afb6deb21,2021,9414,B
1d41b19f-126b-4a4a-94b3-0a84218897c0,2021,1103723,B
3873d78b-f0d0-4850-a513-ef47eb6d87b6,2021,106996,B
5bca1c78-059b-45d0-a54e-3a5976fe8ca4,2021,106996,B
e6c861ca-a789-4314-9aad-402b8fc5607e,2021,106996,B
cf0b27c4-eaf8-436b-864d-023cabbae32f,2021,117532,B
b252addb-b5ca-4e93-ad7c-409c31808ade,2021,98595,B
ae07b795-7402-4948-9ec0-aa0d1363874a,2021,98595,B
ef594b13-4aa4-4757-86b2-d7b3967741f8,2021,117532,B
d135e8eb-c81e-4858-a991-7eee0293aee5,2021,117532,B
7db6d453-c4b2-489b-a3ff-b3406d7730d1,2021,117532,B
0694fef4-19dc-4aee-a179-6e43e34a2bdf,2021,117532,B
e68205d9-a01c-438b-a8d9-8e18a6e7dd41,2021,117532,B
4d27ebac-c3c3-4e2a-ab5b-1f8813972fca,2021,117532,B
25bc6d25-206d-440f-b971-c283a592cbf4,2021,98665,B
e5ee307e-7905-4351-bea6-5298d5d8d251,2021,117022,B
8af9f8af-4cef-470a-9e6b-6cfe6f468659,2021,1300429,B
d1add9cb-0b70-4532-8188-b3ba4bd109d7,2021,106996,B
f7b3bc3f-99dd-4111-8143-5692063986f0,2021,1272079,B
94f53b48-65d7-4a2d-b5c0-2ea4080012c5,2021,58808,B
ee73bfe3-88d5-48b7-9bca-551ae1f2face,2021,99820,B
55269d96-be5c-4efa-90c2-79fe91ee4fcf,2021,58808,B
c6b93dee-948b-4ed8-9c73-2796147257b5,2021,58808,B
68a599f9-1c3b-48dc-ad54-3e52a62ab90b,2021,95175,B
fec11aed-aa54-4cc6-a211-7c9c393da7a1,2021,95175,B
a6cd013c-f771-4c91-8c0d-03d5baa9eb2f,2021,95175,B
a447698f-653c-47d1-a465-9f8ef8e99fa2,2021,99820,B
f50672d3-94f1-4e29-9529-12883ceec746,2021,99820,B
d44b0254-05b1-4024-912e-1c5cde12b9bc,2021,20009,B
443b6cbd-9659-4888-885a-ef73d752913e,2021,20009,B
546787bf-5a3e-46e0-83f0-d31871d8cf7a,2021,20009,B
ece2de4a-f83b-4746-bcf8-a4af2a71f5ce,2021,99820,B
27104c2a-6f19-4942-9645-b804a34241ff,2021,58808,B
d3860b30-e4f2-46d1-b37e-ad521d0d8005,2021,1203177,B
0433008c-af27-4fe3-9315-c4803506a550,2021,67092,B
2355a6b7-d247-4dcc-b3bf-037c7c38ed2d,2021,67092,B
7cb9b94c-e416-4bdd-b781-8989c5c6f44b,2021,98595,B
6fc57c00-8d54-4427-8b7c-197a411336b0,2021,98595,B
76d7c155-effb-43c9-81df-a7328efa6495,2021,98595,B
e8dadcc0-964b-45c2-80a9-758f475782df,2021,98595,B
9a5feb0c-5f83-414e-a8cc-9b1d4032ba6d,2021,98595,B
0abd0532-c507-4a8d-bd1a-12ada7f9c2cb,2021,5000135,B
0ffe2e68-9277-4534-945a-5380033d4ecf,2021,1270680,B
7b570bb6-b27d-455e-b417-6821c0d2df1a,2021,20756,B
43740004-31c0-4048-a3b3-584d41f2c27a,2021,20756,B
427ff76a-65af-4649-a2ee-cd917b21e000,2021,20756,B
c2e1cc81-1f71-464d-a7e7-2d3a65b1144c,2021,12025,B
b6a727fb-4180-4699-8414-64ae46a0fcc4,2021,12025,B
d35fdedf-b7a8-437b-acee-8ded08d2eee3,2021,1101244,B
f112112a-a398-4896-b3f8-17d1f834b810,2021,12025,B
ceaa504f-e524-4f17-89ca-4403823d8e12,2021,12025,B
eb88b65b-b166-40bc-8b95-48b1a5dee464,2021,12025,B
b8be38d2-7fff-47e1-8ffa-2603037357f6,2021,98595,B
e5448fbb-b31f-40e7-acb1-15676a3060e3,2021,12025,B
e4d7cd0f-3e9a-4153-b80c-edaa25813ae5,2021,20239,B
e60f4853-d332-4c33-9b8d-10ac2ce5e902,2021,20239,B
54ca93c9-3a5f-4a19-9582-fed7487c9b2a,2021,20239,B
21ae3a02-1d54-443c-b3dd-847e35c44ec3,2021,1101244,B
0cfa2289-5ddd-4809-a551-f5b57e9de3cc,2021,1101244,B
6f30a19d-9d42-4a38-b19f-6c3859cdfd20,2021,1101244,B
124f1205-38ba-4da7-8bda-d0dad053f7f4,2021,1101244,B
b09e553f-ed1c-4191-9f9a-efc2b169525f,2021,1270596,B
c3ee0007-456f-477b-aec1-be1eb40421ef,2021,1270596,B
2d460e23-edf4-448f-8c40-2d298c7351a0,2021,1270596,B
f3516598-53fb-4bf7-82e1-1b46d7e1e440,2021,12025,B
c8d212b5-c289-4726-a922-6b63b562bd2e,2021,12025,B
873442b4-39aa-4e20-83c2-f8d20db5d96f,2021,12025,B
f204ac86-f902-48a2-9bc6-2008e487faa7,2021,12025,B
ba8acb72-6823-448f-be0a-37e88b796ba5,2021,49071,B
b049afd8-9eaa-44df-aaa8-72d059ab167b,2021,49071,B
500b3503-9d41-45c0-83b7-3097a91a21d5,2021,1270680,B
18b9bfb8-85a2-44a3-8d62-73fb57f7d403,2021,64664,B
4ddf4bc4-9b1f-417b-b139-3b6a7c347724,2021,64664,B
fcd6526b-7bf0-4e5b-9ed1-a8e6376c57be,2021,1270680,B
470e3eb8-b47c-4420-abc3-28dedef5b745,2021,64664,B
09817640-f7d2-4f61-8711-074ec188fa0f,2021,1376131,B
9a22e0f2-2d34-4605-8f84-b5dcf82f65c1,2021,64664,B
b5691f45-379d-451a-8ee6-91b85509ec56,2021,60886,B
71164fad-5638-4630-a1c6-cc628e4e3371,2021,60886,B
b417c975-c639-409c-9aec-60aa891b6933,2021,60886,B
332d7350-cbf6-4b1e-826f-554ee9a8d231,2021,60886,B
cefde6a5-b4ee-47f0-bd20-645e797bcb62,2021,60886,B
02a7b861-2622-4536-8296-5ba2f1056c18,2021,60886,B
565a5ae0-e7b3-4124-9235-595f7d3ed477,2021,60886,B
ac5bc546-857f-49ff-9ace-bb5b5c99a3bb,2021,60886,B
e4d4fd83-8d1a-48d2-82bd-3ca2c8fece24,2021,60886,B
c6542d03-90aa-4c6e-979e-22cab59bf344,2021,60886,B
5c810227-b834-4896-91d4-709c58da1274,2021,60886,B
6a565bff-620c-499a-a91c-896e47d38531,2021,60886,B
c45f7ab9-10e0-453b-a6d2-cabed4d6cd04,2021,60886,B
f456d976-cf7e-4b82-9ea3-01d789fa8257,2021,60886,B
2508b343-b852-4118-9ae8-b6254c0e5be5,2021,60886,B
7e176b56-fd5e-4054-aeac-106874219630,2021,116770,B
91edc615-1348-45ad-b123-4e3ebb3c1c26,2021,116770,B
22f48e54-cdda-46a6-8a6c-40a620248f9a,2021,116770,B
df1cb7c2-06b2-4a48-8731-2dc8cc0bba0b,2021,116770,B
c9552955-9f80-4f7a-84d6-cf812313cd7a,2021,116770,B
b87c08ba-54f0-41d8-8bfc-7b64544ce8c1,2021,60886,B
2e4bd94e-f194-4eb0-8191-5c6e334c1357,2021,1270680,B
b1292a8a-de0c-4041-81e6-8746ea2b2fb6,2021,1270680,B
765a7484-dd40-400a-943a-058c0b2a4051,2021,1270680,B
8cff4335-d0be-4312-8582-d6b5511a3c39,2021,1270680,B
69032adc-7311-4d5b-b244-15cd1ce3b33e,2021,1422296,B
0d3b4e38-6ac3-4ddb-bc70-52b5e2a0d723,2021,1422296,B
3bfe71b6-b022-4cb3-954f-9c91704591f5,2021,1422296,B
2321cb69-ee74-431f-b724-82cfd9d4c039,2021,10515,B
a64f4029-134c-407f-8b70-6fbb186d4426,2021,106167,B
82eb1a42-37b9-40c6-871e-6b4e35ef5389,2021,106167,B
4f9b014b-a36c-4a26-b4e0-294601b3b7e8,2021,1166783,B
029af43c-a9e5-4202-8b40-3d38c14c9669,2021,10515,B
2552e764-c54a-4d4e-b6bb-0ef3f90c6914,2021,13980,B
fb040796-7b0d-4e99-89b3-681c3364cb15,2021,10515,B
48cc9e3d-5386-4f22-a437-210b954c7f9c,2021,12313,B
1efa2d57-8db1-444d-b57d-f0a0b1312954,2021,12313,B
f84f5fe3-000b-4228-a519-921fb76b984a,2021,12313,B
ea160283-0b1b-4658-a2c3-04c93814fbd5,2021,5000951,B
84879648-6ded-4063-8c6b-bb0c5270dcf1,2021,5000951,B
d53a821a-1c4c-42d3-ae66-870843b09bfb,2021,5000951,B
e8c52a74-0bd2-47e9-9d21-ed411f3368ce,2021,5000951,B
c8bf59e2-7155-4156-9fb9-be8094b7731c,2021,1181115,B
c12e2d46-a382-4c85-aaad-352a691bef25,2021,1181115,B
67d276b3-2797-4d87-affe-88cbb9dbdf2f,2021,1181115,B
a20b1e54-debf-4add-94e5-57c040a925f4,2021,113813,B
1f6677c0-a559-496f-8118-cfca4dbf5cc1,2021,82364,B
1ce1ccae-4932-431b-99bf-d6bd33544568,2021,107920,B
02c9acc4-354e-44f1-8e7a-87cfa02dad12,2021,1300284,B
8bf4b627-2cce-4061-a170-eed2888c148f,2021,1376181,B
2b83899d-a577-49cc-b626-fbc6c55401fb,2021,1318224,B
ca70ac31-d9cb-49d4-9880-63edf7013c3a,2021,43664,B
dc2e1212-de6f-45f7-9201-8aa93f5101b1,2021,5000135,B
96936d37-5ac7-489d-997c-84a07348d098,2021,5000135,B
b2ac7b63-73a2-4262-a34f-ded7b374bc42,2021,513,B
6363703d-fc2f-49ed-81e5-a813e8631833,2021,2209,B
5fa05100-e6cf-4ad5-bb2b-0cd28a2a3b94,2021,2209,B
4ccb2656-e870-4da9-80a7-04cf9ddab3b0,2021,2209,B
d34f1a46-e474-4c07-8451-9ec32c89aa88,2021,2209,B
4f4f3a3b-dbac-4c7a-8a27-01b4f0f348f3,2021,2209,B
a5934102-6333-43aa-aee5-977e53fc6535,2021,48675,B
3bddcbc7-eff8-4884-9bb5-6fc0bc6ce152,2021,48675,B
327189ab-2a83-4e52-9c2c-8c6a6bcd7219,2021,48675,B
aaacb6f8-ed97-4d23-9aa1-285a2b837c2a,2021,1042278,B
59b7f983-45f6-4403-8521-91319e5fb43d,2021,1042278,B
814f9c76-63c7-491a-8edd-d77b6837f134,2021,114616,B
58da36f9-e631-48bc-92ca-dee51e8413b6,2021,67601,B
3ba1f803-f6fa-4bcd-8cf8-74e5c4ed40ef,2021,103062,B
3cebf381-81b1-4f10-a1de-9067ecaa624a,2021,103062,B
2d481f3c-8f66-4fab-af86-e90ac7d2fe69,2021,1385488,B
b99f2bce-a752-44ef-91d0-589173a4c6eb,2021,47051,B
89b304a6-b09d-4b1c-9d61-2c393488dd67,2021,18267,B
f5f5b808-2145-4180-b918-467e5da82246,2021,1161716,B
f83b6912-58b6-40e2-ad17-5ac92c3db345,2021,49054,B
563ed0ca-a72a-4549-a320-874823017315,2021,1306689,B
f0cf8b68-c5e4-4f4c-9db4-e88a769f263c,2021,968,B
e6f5d8f8-5ecc-4a19-a207-8e628d6ac2a5,2021,1118057,B
28eebe78-a855-42ac-89fc-fc7af0a046f5,2021,317,B
28c2955f-c5c4-4676-bfeb-781071820ca0,2021,1102628,B
085e5a6c-75fa-45b2-981a-9449cfb0b512,2021,968,B
91065f48-2fdd-4ebe-a9cd-996a3498781f,2021,55777,B
d71d211d-67ae-407f-ae75-b437b84732aa,2021,18683,B
32c49c94-47bb-40a3-a618-e922947ddc2f,2021,18683,B
92c88b3a-4292-4b6f-a93b-341a02fe189b,2021,18683,B
c01e4af4-e166-46cb-ac64-09c51a9930a6,2021,40343,B
cf865081-acee-4e56-a97d-d214cecfa84d,2021,40343,B
99e080ad-c8b8-4542-a605-7b1f1cef0568,2021,20009,B
e120fb57-2c8d-43eb-8f0e-2c0088724236,2021,20009,B
4fd7b6e2-6ebc-407c-b55d-dfcfe286ea83,2021,117532,B
26084011-c892-4566-8b93-d2064b1b9729,2021,108660,B
e1a34586-9727-425d-863e-056642504266,2021,108660,B
8ce4397f-0f2f-4abc-92a0-f09b3613f81c,2021,108660,B
03792928-f4ef-4e30-9a5e-b72ff1ac36ce,2021,108660,B
843d8cc7-b371-4768-b147-7487b374f11d,2021,108660,B
2118996f-e864-4fd9-a306-49ef3ebed4ee,2021,108660,B
95461675-5e0e-434a-9587-c36141f918f0,2021,108660,B
5494fe68-3f43-4ea2-ab54-6e5689cd1829,2021,108660,B
989f7dca-8893-4e18-897d-d7447c7ad7a8,2021,108660,B
e4ee1a82-4062-4a54-b3b4-823b022a326e,2021,108660,B
d7f2529c-bb73-406f-ae66-ee90420a0a1f,2021,108660,B
fc969e14-455d-4bee-b5cd-ebaee64f3099,2021,1117717,B
8b5ba2b8-2f78-4da2-99f7-1097647fe628,2021,9425,B
4f9a2cb3-eee4-4f5a-9c95-b29cbad5d40f,2021,9425,B
e92013c1-0227-4f6e-bfde-e8fbc4fb114d,2021,91262,B
dadfb1df-74ef-4d98-850b-203eed266e3f,2021,117532,B
99e7063b-cb5c-4ee0-880c-64fabfe6c799,2021,1187671,C
e3093324-a4b2-44dc-b976-1d1462bd4e2e,2021,94762,C
28fe3a68-64a4-49c8-9500-5165fdad2488,2021,101942,C
d42ebd46-1f81-4dec-b4b0-c902f955dfc8,2021,106996,C
b01bc7ed-643a-492f-86fc-e2a2982fcd74,2021,113687,C
51ead94a-51ff-4afc-9405-2806bd9e32bc,2021,106996,C
ebf2963b-4b86-4008-8453-1a0799969812,2021,13401,C
65a83cea-34a2-4da1-a1d6-1a89a1286141,2021,101942,C
bd0f0f5d-e7b6-41b2-bdfd-a7cb1cff0031,2021,1181115,C
e853d5ee-ff55-4fd4-8037-b094e4d8c2d0,2021,1314243,C
b07d35d7-f82b-4b9e-b45f-4de5d77a8adb,2021,968,C
4e4727f6-5f50-4d4e-a3a6-58d6123596a4,2021,94762,C
7be9d456-8e5d-4277-92fe-f02e318ad5fa,2021,101942,C
0f962961-f6e6-4288-ae39-c8f371261faf,2021,88084,C
cf15466a-d772-4afa-a9a7-72175cfc280d,2021,18683,C
3723adf9-658d-46c8-a783-7e4c6221a4a2,2021,101942,C
73f7dd46-7f13-49ca-8fb7-279cf8119d5c,2021,88084,C
5414e395-a27a-4a5b-8c2c-a647a49db222,2021,98665,C
9e35a003-e1fc-432a-841e-cd89d75ca6ca,2021,1385942,C
592d39b1-d6de-49e2-b1f6-1e9f38384226,2021,106996,C
60ed97c4-4901-481b-9de5-4e9b18b0274c,2021,94762,C
18c84773-3620-440e-96bb-abe3fb8cd935,2021,1187671,C
855cd4ff-3259-409c-921e-be23b740cf02,2021,13446,C
84d86c60-6173-40ce-a613-b28e6caba622,2021,48205,C
14aee2a6-d5b7-429e-8836-27cb0a1d11bf,2021,1265453,C
735b79ef-9693-454d-97de-8c219ea66106,2021,19047,C
f40f47bc-408d-4c09-8351-98fe2f56fbde,2021,20030,C
cb21294b-088b-4c28-9b8f-c29b1b5de44e,2021,58808,C
059b8532-4362-460c-a174-24e861534883,2021,1427745,C
5cc496c6-ea28-4c5a-a45b-87390b4cb62e,2021,118994,C
dc6db448-3ff8-4a84-9874-80047e74cc65,2021,48205,C
68f6fbf4-2dd6-472e-89d0-a7a9cb5bf842,2021,99406,C
5c3604a7-7dea-4af4-80e1-0cc48e2214f8,2021,9425,C
2f39e30b-2285-49cd-ac69-bd5e15a1f3df,2021,48205,C
c4f4b6a4-9f56-4a0a-81da-5dc40fa6ef9b,2021,98764,C
169f58c6-dc1b-4aa6-a9b8-4f6d8afa4860,2021,47069,C
b7e95ec5-b167-4bd3-9ac7-49ab7729f7e9,2021,1351760,C
41486526-a0ee-4b25-acd9-f8c7525f3180,2021,47505,C
84277950-8501-4516-a08e-0a689bc04fba,2021,43664,C
5e838b96-4060-488b-8e7e-d0d8e11cf72e,2021,47505,C
f1125a1f-a90f-4280-ad63-105eb968c3df,2021,19047,C
110d0004-3bc1-4849-a546-fa07640a1492,2021,1101244,C
7fbd33fb-5a47-4eee-b420-ddc584e4f4b1,2021,106167,C
d966298a-67ad-4f39-aea5-83ce5c146a5a,2021,1330347,C
64cc8b07-052e-4259-ad0e-5c6134bc942f,2021,18558,C
bcd355c0-cb27-45b3-b977-4cc0e107debb,2021,1102628,C
fc3e5389-eb9d-487e-abb1-0dfa3cbf75ab,2021,48205,C
58be70cc-87d4-49a3-a077-30b16204ca83,2021,74737,C
8b0761d3-143e-490c-a94c-1558e0bdabfa,2021,113455,C
fd42f17c-52ad-4608-acce-1cc68f12837f,2021,43664,C
e67e8e75-54e6-427d-afa5-3fef7a8edb88,2021,1117717,C
682412cc-8104-4d2d-8c86-0ffa49e60f5d,2021,1132918,C
9fec6245-84e3-4761-9ba4-ff9656e5ea2c,2021,106996,C
64a376d5-2d2c-4026-9e5e-f5694a7d5863,2021,37862,C
5909b6bf-b1ee-46bb-a396-342dab534329,2021,13595,C
bdf44373-b0d9-4ff5-b5b0-84f8152c0f23,2021,19047,C
00d53fdb-5cd7-4912-b99f-1d67ff86eb58,2021,1148708,C
efd606d4-0e03-4e52-9a78-28539541f261,2021,106996,C
afa8fc11-53da-4134-9b8b-ac9054c8b8bf,2021,48205,C
62c8a1f6-6c1d-4fe2-9b82-b3d828058b88,2021,48205,C
107611b1-af03-4892-9049-885db5f07ddc,2021,107422,C
9aed885d-8e71-42b1-ad6d-e8130624bb4a,2021,106996,C
2913faf5-55a6-4fee-adb6-63bb62e0ccb1,2021,13595,C
22f02b3d-0272-484a-aa13-6d771215744b,2021,13595,C
7bb12423-a23d-40e2-995f-3e3015cfe98b,2021,11730,C
5d1f1afb-658a-4910-b175-859ad579a15c,2021,88084,C
d95e70a0-98d6-47a6-9843-79381de2b677,2021,13595,C
10427aec-8385-4db6-92cc-0fc5911ee3d2,2021,317,C
959155ff-8fbe-44f8-b5b6-64ace8e431f0,2021,1322390,C
4e60ef82-fb9e-4b67-b875-a3824daa485d,2021,1322390,C
34bf00a2-2413-4692-94dc-85730586fe77,2021,64664,C
4f016f76-9edf-4304-b832-396284c66aa0,2021,1190071,C
631a51cc-2eab-44cb-a69a-d6a4290a9528,2021,13446,C
87169633-7d29-4ea0-b2d9-40842e13a944,2021,56172,C
ee0cd739-e4fe-4642-9bb2-6ff0332a4839,2021,94762,C
19a7391f-aca0-4cbb-bde0-d5abc21e8f94,2021,106996,C
c42b0a96-74d3-47be-8d43-b207096010da,2021,37862,C
39820878-2e03-407a-8593-5c405e6c0478,2021,106996,C
4236c125-85c1-48da-ac8b-2a6a6803cf91,2021,11452,C
65a408fd-04bf-47aa-8e7e-9647341dac68,2021,18584,C
8575e4ed-5118-420c-ae64-990f9f147440,2021,88084,C
a0487887-dc92-496b-b6c3-171d222f29a6,2021,1102628,C
e5b5296b-538f-4d74-9731-dbe2a8549a8e,2021,48675,C
5ef8dcdb-9528-4438-beeb-456c5a60245a,2021,106996,C
cd57a73d-0d6e-44ad-bc22-47351eb6b3cd,2021,48205,C
2629ba04-18dc-4902-a199-321b334ec43e,2021,19047,C
f34632f5-9afc-43f8-9b48-4361ac35bd04,2021,1103723,C
fa17428b-fb17-4806-a5de-eb38beb80cc3,2021,1265453,C
c425a744-adcf-435e-bb2f-35b713d4f468,2021,95175,C
12ac36b8-890b-446d-afe7-9fa1ced353c0,2021,1322390,C
1bb15596-f13f-4a4b-ad80-078296805355,2021,113687,C
bae82aa0-af22-4e22-815e-2936195de9a2,2021,968,C
a1103ea7-f64d-427a-ac00-6260d8c356b7,2021,67092,C
5b703b6e-8e56-4e3a-9b66-e8048689c443,2021,43664,C
1b5384cb-d783-4692-ba64-9cf8271cda07,2021,58808,C
afb02ab7-d8b7-45ba-8a4c-7cd68c13de20,2021,118994,C
fffa8af2-794c-4a26-95c8-3985da037c5c,2021,48205,C
c095f0db-1544-400b-bd44-09f850f268f1,2021,91181,C
125386a1-01e9-410f-bb50-d008763926c6,2021,18584,C
25ad40d2-114f-412e-81ca-4a45557eea71,2021,106996,C
c2e4ead8-ed95-408c-913d-621949257e3d,2021,13446,C
6ff12bfa-d376-4940-aeca-7bdc5dd23c50,2021,48205,C
abdce6e6-54bc-49f1-97d6-5d9ed2760d2c,2021,1267543,C
4ddc357b-e9d1-4222-947a-5dea5082985d,2021,101942,C
cede70e7-c2df-464e-b292-846d64581b9b,2021,43664,C
76a52e18-9c4b-4542-b1cd-100e48f19e76,2021,13595,C
0468c715-b144-470d-937f-4afa4b58fc94,2021,48205,C
5ca12a12-8294-4688-8d01-d0292c12ee76,2021,43664,C
89825a7e-0e0c-4aff-a0be-d0c340316318,2021,106996,C
a3063615-eff3-452a-b9cd-27eef204a5f7,2021,19047,C
f862f1b5-7175-46ca-9746-577fd7398af5,2021,1322390,C
1a535d29-412e-4a5e-8c75-ea5a974443a9,2021,64664,C
0bfde07c-0b3d-40bb-ab07-aef7fb66fdf8,2021,18584,C
a47669e4-0acc-4cee-b693-80afa5001e0a,2021,1187671,C
04ea82b1-489c-4711-9e9c-87370628d486,2021,1102628,C
1224bc85-9b2f-4fca-b02a-a2ae3d70c25b,2021,37862,C
804bb30c-c15a-4cfa-af37-19e357d87e1f,2021,19047,C
fc1af450-fdf8-4295-804f-d52092c4f9e1,2021,317,C
19170839-c43a-49c7-a4c0-16d61751f5f7,2021,47069,C
df10acd6-6940-4802-b8ee-d26e6b1e91e4,2021,19047,C
06b4260d-01df-40e4-9d65-47f11ca009e4,2021,106996,C
98609a20-25b7-4826-8e4c-1cbb9c6bb28f,2021,1322390,C
ffb3cabe-bc92-43eb-a447-e8e129dcc588,2021,1102628,C
cf1048b6-3d9f-47c3-a6f5-9329c3c48043,2021,108660,C
f4e294ed-8506-4dee-808e-69d753cf9ff6,2021,48205,C
603b3555-1f32-4507-98a0-487438a93a75,2021,48205,C
6911d3b5-2f18-492b-b29c-b02d7507c59f,2021,1047907,C
6fe43eb9-33e9-40f7-9577-41625a8fe6c5,2021,95175,C
8009f02a-2d02-4e4f-8e61-0e17dd99f9bc,2021,13277,C
3d0ffdd7-236f-4b66-af6b-6be2e3e7b578,2021,1300284,C
d0c7b447-bad7-494a-9417-74d9e19e1286,2021,53333,C
f2397e40-9f9d-44e9-a933-9ff6553df4f9,2021,11730,C
1c3f80c9-0649-42f2-92ab-a1ddd3eb095a,2021,19042,C
27f67ee1-dce1-4591-be62-e9dae0f3d409,2021,94762,C
ac281456-1e6d-487d-b6bc-bdf013d74b17,2021,107422,C
ca173926-1977-4e4c-ad2b-ff8cc0a008e0,2021,1300429,C
e633d323-ea09-43e6-94dc-b99fd0e48c80,2021,55777,C
48739e06-273b-4d97-b4e5-9f9d5139d44a,2021,20933,C
c1dba432-0f59-4472-9b04-900ecc2a9a24,2021,98957,C
f7d02d90-9585-4cf2-878a-7e402fad11c0,2021,1288839,C
3a0fd219-da58-4626-893e-4adc7513bd66,2021,101942,C
eb5be6e1-ff0e-4382-9593-3b3e3e02f286,2021,94762,C
f82e7516-37c8-4a15-9e48-f40909394aad,2021,106996,C
8a62e641-27b1-452d-aad5-fde602cffb71,2021,1070485,C
ef250925-809b-4e3d-b7fb-899e587fb534,2021,83388,C
8fde4ed4-33fd-4f60-86bc-d1e8f4fe738a,2021,9425,C
ddbfcb0f-3729-4d73-a0ac-b31bc3b966dc,2021,1318224,C
d598c62c-6cbe-4495-af07-d8a159f2ef91,2021,94762,C
b246e356-c35b-4014-ab1f-f283ce1ae562,2021,88084,C
604e04b9-d521-4f7a-a1b5-ccdd8edabe7d,2021,1190071,C
f9c60e16-a000-467c-bf5d-e53834b05a06,2021,98764,C
b7cecd55-eafd-484e-9cfe-f39a9c6bec71,2021,67601,C
72fc8fed-3ef2-4198-9c8b-98653170e713,2021,118994,C
cfb91761-7b1a-4284-a2e3-bfba25d27557,2021,1306689,C
eae1c047-fd60-4029-97e5-c63b57955adc,2021,43664,C
a85c3314-4800-4f9b-8eb5-79968ddb1caf,2021,41238,C
ed24e0a1-0975-4308-8482-df30004d566d,2021,98957,C
0aebace5-4c40-44ec-87c8-57237aabded1,2021,20030,C
704d3549-1e59-4f63-885e-f2a63c242f0f,2021,106996,C
bc41870e-03d0-4e89-a1a3-81273bf2ce92,2021,11452,C
e3386671-907d-47d5-a623-72c1f0e54156,2021,1376181,C
43bb4210-b69d-41d3-9ba4-133a37c07c0f,2021,106996,C
166bd481-2227-4807-8b08-87672f5e1d0d,2021,98764,C
52413aaa-b03a-48da-b8e8-585a56b0267d,2021,118420,C
e0ed66c0-e9b7-483d-afb7-17ae5b271e0f,2021,68930,C
b7e904d4-6c03-4263-9fcc-fe1235bc85c7,2021,18671,C
8aa58620-4a98-4f12-82ec-9183ed46939d,2021,1300284,C
0362b01c-37e1-42a8-b141-2feba0759d33,2021,41238,C
dff51fd5-035d-43c9-84f5-56eaeb9b90f6,2021,49054,C
104eeee6-1334-4f9f-a6c1-d4ba86ed4a07,2021,58808,C
11ac0d39-8d1e-4cd8-85df-abf624c82667,2021,1403879,C
df7ae83e-c35b-4edc-95bb-0b3c5add143d,2021,1288839,C
b4b8b161-c174-4297-b7ac-86f32b122a8d,2021,9425,C
59922e15-826c-444e-a7b1-85df4cb31439,2021,13595,C
a46b5333-8899-4d20-a41d-cfdd21f3cff8,2021,13446,C
87067c74-2651-418c-8129-066584cb4c16,2021,107920,C
3199aff2-7f59-4ee4-8252-428a63d19395,2021,112086,C
2f283515-e552-4daf-9ab2-a01af4f5e75d,2021,5000135,C
73c51809-1b75-4e5e-a09c-cf8fc5613c6c,2021,101942,C
6874dacf-0ff7-448d-8e20-3cf189ba5375,2021,106996,C
0f892873-029c-4646-b5be-91d97a0f2db6,2021,5000143,C
ba78ce3f-c8cb-4b92-9656-9dcec25d0451,2021,106996,C
ebf1e0c5-9891-4a3f-a91c-3b5d189b43cc,2021,48205,C
0c63cfde-78b4-40eb-9385-4ef3b8deeefa,2021,1181115,C
579436ba-b976-41db-8473-042db83fbc7c,2021,22061,C
fc047daf-5c85-4c77-9217-458abb4f63cb,2021,112086,C
d7d7d4ef-3040-43d5-b9b7-fecf60cdae84,2021,13446,C
f0401398-28ec-49d4-9a29-2f112338d73e,2021,106996,C
d25efabd-ee4a-4491-891f-248ccb18787d,2021,1376181,C
72e7afec-23e4-43d4-a4bd-e83d2f6d0289,2021,1269545,C
2f15b1f3-852d-4a8f-8fe7-57d92e75102b,2021,41238,C
975adba9-2f0b-4939-b4c5-364344800831,2021,1070485,C
d4a102f6-d080-4311-a5b9-039742f4e653,2021,106996,C
23d58afd-f59e-4d42-869b-16ab37e23827,2021,1376131,C
bf3dffa1-eeaf-4af5-b74f-38c4dbcc7668,2021,5000135,C
bb8a9821-e4a3-4917-a2b0-a32fe8505fb0,2021,1181115,C
2356c64a-0c88-4f08-93e7-88fa5259d91d,2021,94762,C
8b89895e-c76a-4ff3-918b-57ca1d341de7,2021,48205,C
7989363e-3a93-4864-8e3a-3e822dc0c803,2021,98305,C
487a4c48-18b8-4a95-b0cf-8d4505810798,2021,1265453,C
8a65e35d-3eee-4d3e-adf9-edfc1d0e702a,2021,106996,C
fe1dbe78-52b7-4b92-a33c-35e2564cbb40,2021,20030,C
34a79ebe-fee1-460e-9266-79d831b06252,2021,106996,C
06b9606c-fe37-4438-bd7b-4a3d833acd3e,2021,968,C
f73cf2f2-72c6-4874-888e-673d0eb45448,2021,1101244,C
1f851926-bf25-4de4-870c-1212afd21e6e,2021,37862,C
a1205e67-96f9-4f51-8164-7b05cc7022d0,2021,5000135,C
537c448e-70b1-4660-b55d-4b272a748de5,2021,47051,C
5c901172-5af4-4c3b-a0b1-9ba93c092602,2021,317,C
511371dd-ddad-4f42-99ed-3ece05d6190c,2021,968,C
b679790c-4b1f-4022-a3cc-96ade02935bf,2021,98957,C
2d1c8e2d-7184-46b9-bb8b-5d7a5116aded,2021,1148708,C
54f504ce-dcd9-40c0-8a68-71c509275835,2021,37862,C
12a0b61c-0b07-4ecc-add1-d67675a0d3e2,2021,1299927,C
877a6bed-c3f0-4a04-81d6-afdb92bda5b3,2021,20030,C
4e8be610-7884-43ed-a2cf-e2c5ee9efe33,2021,968,C
f852490b-d323-47e1-99e8-7eb536e168c7,2021,1376131,C
3d5878de-985b-4f92-9499-3def66dbf1f9,2021,1136142,C
6fc9a629-fcf5-4535-b4ba-8a802f4a0bf9,2021,49071,C
9510c005-ec0b-4168-964d-f04932c9d3b3,2021,513,C
53c67412-d9f5-4b91-8ab3-fe780774f516,2021,43664,C
8e4e5d01-a37a-4359-8b2e-cab01e4473ae,2021,107360,C
ff439d10-6461-4db5-b0e0-0778fdcd81dc,2021,13401,C
519ebea1-623b-4198-82fe-0537d4b99e66,2021,37862,C
6b18ca7d-6a3a-46dd-8926-0534169ee4d1,2021,50981,C
85bfa4eb-f633-4bed-9209-517f5ee40891,2021,9425,C
3b1956aa-5728-4e85-a4fe-e942e009ed9a,2021,19042,C
308f068c-b955-4635-8c16-c837cada97f1,2021,98305,C
34c19856-c01e-47f8-a3df-7299a8b41ccf,2021,95175,C
1e19e464-8b5f-46de-ada7-489a17165846,2021,1322390,C
5104358f-d4fc-4c6d-976e-49b6cb8cfea6,2021,47051,C
d3500ce5-72db-4a48-837d-693ef8d9c410,2021,47069,C
36147f9e-5667-41b4-9336-26a8f7539df8,2021,1136142,C
f8bc1c86-3e94-4cef-9c84-c36a9f4e45b3,2021,1190071,C
1071bfe6-7a9f-4143-bb0d-ceb0c4889c97,2021,1190071,C
fa45ed99-7861-4f80-97e9-f6da26421930,2021,106167,C
db23f301-2bbd-42f6-8d0f-1b838ec18ab0,2021,1385942,C
3dd103bd-380f-4b08-bd22-4ec739c3a975,2021,19042,C
463d05f5-6a27-44cd-8195-f75c5f99baa7,2021,13446,C
4d3e0ea5-7efa-44a2-ad4a-ce63151bb661,2021,20933,C
08bc98ea-f28b-427d-b5b4-1636e0d182b2,2021,48205,C
91c7efb2-2ff9-4fa2-a456-8e98beb84860,2021,1181115,C
ca5d2fdd-1c66-4a4d-9850-eae2b34b4eac,2021,1376181,C
d2bf3e54-9a9b-49c3-9b76-b7322a97fccf,2021,1322665,C
e24acef6-61f6-4c23-b2ab-50f4685513a8,2021,40343,C
63dbb6d8-59b6-45af-bf06-b97cac0ecdac,2021,57606,C
9e25fd5a-5991-43a2-9e8e-b9247c72b8e2,2021,37862,C
6e7aa723-a1e8-48f1-bac2-1b2f7f41c2c8,2021,59122,C
ee7a883e-5f18-47cb-adf3-80f51a1f8736,2021,43664,C
e5e0295a-9e6e-4701-a35c-207bb962ae79,2021,67601,C
1f891d15-b3ee-474d-8724-3b3cbae1d501,2021,1427745,C
5d7dd710-9700-442b-9ba5-6fa47544489a,2021,1190071,C
2895ad27-acdc-4d6d-b64b-7c3743aafbbf,2021,1385488,C
0f649483-e6f5-4fd8-b69b-f2282aa3f870,2021,107360,C
3714e62b-0493-46fa-b907-d8c1ecb87d6f,2021,48205,C
51514ce0-e0d4-4e03-97fe-425f8a233fdd,2021,1314243,C
857caa07-85fe-41c7-945e-8a3fa693d009,2021,106996,C
2a103cb8-5ee0-4c40-ae6e-9a7de843bc27,2021,1161716,C
bf087138-4119-4170-b9cf-223c9ab0912a,2021,1318224,C
ecd45aa6-8961-4d42-8c54-194b68479e99,2021,1322390,C
db3801f6-ef83-43af-9f7f-208211899f1a,2021,117532,C
be293d34-ef53-4c1a-84c8-869e5f51da79,2021,98957,C
f5a672db-0a3e-4fdb-bf24-1ae68de9f713,2021,86326,C
48c71eb9-ab01-4d45-a49f-9d05e6dd8769,2021,1047907,C
2089ea8b-8a95-41a7-8465-4c124678ed9c,2021,20030,C
50420d40-68c5-4de7-ad64-004198728cef,2021,58808,C
fc11dacc-26cf-49e2-844d-88aa179ba846,2021,68930,C
42ebf1dc-8e00-4db6-8730-95aa0cf38833,2021,1322390,C
1b45a2d9-80ea-4c10-88d3-846dde664c60,2021,43664,C
fa83f33b-9a04-4126-be5a-2da60c8b1839,2021,317,C
ab8a184b-a243-42a6-9920-92b492a1b1b4,2021,101942,C
1f4804cd-888c-4719-87bf-52c899b3d792,2021,1103723,C
f2f74204-b1ec-4b40-8953-d985cfec3bcd,2021,19047,C
72a27184-33db-42ed-9374-b9123c4506c5,2021,1270596,C
7b8bc085-57f7-4726-88e6-37083a7e8207,2021,53333,C
4562b35d-a3d2-4c30-975a-48f589c06759,2021,108660,C
8ccda67b-c4cf-4aae-801e-319843c7d687,2021,1322390,C
148a77ab-152d-4fb1-86f5-4c15d5351a70,2021,1330347,C
da61febc-39c2-47c6-9b9a-59a693527245,2021,968,C
4051c635-e603-4562-a4ca-8e0b4c8f2f9e,2021,1265453,C
eaaad96e-bacf-4c9a-ad29-260aa1330881,2021,13446,C
2b1e1d34-184c-452e-9ad8-a890045919f8,2021,22047,C
91d484f5-0ff3-40a3-bb53-2ba1402395b8,2021,1315444,C
70e78af4-0387-44c4-89b3-5673447d1143,2021,48205,C
75c9dc16-7fc8-4055-af28-5451bd38e1a2,2021,1322390,C
ec0b2a09-7686-4d81-a56a-2bbc99f160ee,2021,98764,C
24dfc8fc-c490-4cd3-b041-c73b8d71eb2f,2021,37862,C
77a11698-b28f-407c-8ceb-dbbf14e4d66a,2021,74737,C
e0bac3b3-b311-401c-a8e1-10ad67ea1450,2021,101942,C
835ec9dc-2851-4f67-ab3f-7f2f90d5110d,2021,1132918,C
6b69b6e3-c1c7-4922-a44b-48bd05f721a4,2021,95017,C
f5c1c2d9-64bd-4e92-bd5a-1aad1260140a,2021,20030,C
60c1db30-3eb0-4b85-ace5-b5c1f8615016,2021,1267543,C
cce40349-c44e-4b49-b057-9332a839139c,2021,19047,C
a35280a6-7784-4665-b6ad-28d179d47ff5,2021,90030,C
35746a9e-b4f4-470a-ac30-b0ea010193f7,2021,106167,C
9bc9b506-26a3-4a2d-8601-05fa1cebfeb0,2021,1306689,C
643189f1-1380-4680-88f7-805aae20e367,2021,1161716,C
8ed5df90-a97d-40f4-babf-925b88a63b07,2021,1190071,C
d7032163-bf9e-436b-9f5f-a6aad9923323,2021,1403879,C
2e096e7a-f485-4cea-9d81-b21bebacaf36,2021,53333,C
ecbfd3b3-e23d-44fd-9bd2-ae9b86da7cbe,2021,20030,C
f516276c-0b6f-4bad-a665-85e9f13eb346,2021,73519,C
c768a52c-c103-4561-96f3-27260e82f3ec,2021,117022,C
5b6d6b55-cb07-4f24-bb7e-b64a9e3604d2,2021,37862,C
2b95631c-5a6a-40e0-bf76-10665c600979,2021,37862,C
fe8fd93e-cc53-47fb-969c-0ca1fd4c7221,2021,101942,C
a1a89640-9784-4488-b18b-d2c1d69da11f,2021,13446,C
226c38a7-de52-4ced-8c79-07f1f230e00b,2021,37862,C
2c685c72-0ff3-42c6-b8ab-1c3900829780,2021,1047907,C
ff609783-717a-4243-ad85-79d9cb33d2c0,2021,1190071,C
369309e2-dc14-4ddc-81c6-f06943759b85,2021,1265453,C
97364221-1017-4861-82b2-9d3d562098fc,2021,37862,C
3b2e90e4-c886-469f-9746-0b20bd8cf856,2021,1376181,C
d37c62fe-5ce0-4852-965e-960d6bc50f36,2021,2209,C
abfc8827-bd86-4d13-8a97-393ea93478d0,2021,5000143,C
984770cb-743a-40f7-a940-1a10917ef85c,2021,58808,C
a3c80d5a-280e-4cf1-9d77-bf47f3ad5742,2021,64664,C
0a227380-894f-4e79-9579-082301c313d3,2021,106167,C
2629a48a-0acc-4bd2-8520-bcf72fbb4c43,2021,107920,C
d2d008bf-29df-425d-8335-89260d76a9bf,2021,81210,C
43454713-10fe-4d48-b8af-dd3b8479d7c5,2021,1376181,C
360e32ca-70ed-4277-9080-abc0e944be37,2021,1190071,C
b7b87412-1ad6-43e9-a2f5-43235a425acf,2021,48205,C
a594c706-a53a-4fe8-8db4-52edcc3b0909,2021,2209,C
dcb23d48-4819-493b-a045-4a7874db17a2,2021,1427745,C
098a966a-7c06-4c41-b419-70d9bd1ce592,2021,106167,C
142410d4-af1d-483f-92cb-d941004c5089,2021,2209,C
4ab4e36e-8048-4ca8-97c6-75a44155aded,2021,2209,C
05205bfd-cd63-498e-b3f3-739ed5b507f8,2021,55402,C
764fa6cd-0700-4191-8a04-5bdccdd69590,2021,106996,C
53ad8698-1185-4356-ac27-5dcc7a4b1163,2021,20030,C
3a0b9721-066f-408e-9f99-b106e173c7ce,2021,64664,C
7129223d-26bf-4244-b4a0-b39e4d24c026,2021,1267543,C
05289a3a-543d-4e93-917f-b3045587212c,2021,1288839,C
d14ed527-9294-417b-834a-94c3ae234abc,2021,108660,C
401d70d2-f88f-4069-a217-ebf2325a402c,2021,104360,C
3537a601-c3d4-4060-8b28-217ada998601,2021,106996,C
7cb9c3ba-d4bf-4c5d-b0de-77660e077708,2021,37862,C
5e298438-f0ca-4323-bd9b-21411f32a2c0,2021,1181115,C
6294e112-7fb3-40ff-a001-acec7e7f9b48,2021,58808,C
11c22b8f-9335-4182-bd35-10c4900b8ac6,2021,1190071,C
1561bbbb-7ed6-4479-9731-9c4b813f0b03,2021,108660,C
80bf843a-e9a9-4676-bbf9-3dc8e18f9dbf,2021,98305,C
d6ccbc26-dec7-4c9b-b46c-6236b264decb,2021,43664,C
b335c5d8-8e2b-4e81-ad72-9965e0eb196f,2021,1376181,C
b153bb9a-852b-4ffc-b8ee-232b1d7251ca,2021,48205,C
a55013ae-e43b-4e22-b4c4-bbbbb35aa2df,2021,98957,C
11665779-218e-4efe-ad90-91c76fcdcae3,2021,98305,C
e5a6042b-d75d-4b54-b87b-91a5b3240619,2021,107360,C
c49f35fd-0478-47d5-84ed-f2fe7edf560d,2021,113455,C
4a01ef5a-38f3-4f22-95e6-cb496d0ddf4c,2021,1190071,C
e971c514-b0e3-43cb-9c35-fa9c4da52111,2021,98595,C
2902fd16-876a-4e5e-a105-96df210911ba,2021,43664,C
5a534432-3e42-495e-91ea-a4d5cd7e433e,2021,94762,C
6a188db0-6ecb-4ef0-9b0b-11bd22e5d25a,2021,18558,C
d608a158-c600-4f24-9780-fcc6dff46c7e,2021,13595,C
f1c5275b-194c-41f6-b5fc-440c8ad38a78,2021,1136142,C
2d76115a-214b-46f7-8ca1-ef51485e1c0d,2021,1376131,C
28fa29d1-7945-473f-9687-7c3272484aeb,2021,55402,C
950da91f-277e-4652-a933-f235638bca9e,2021,83388,C
1c6ad290-339f-4af4-8ede-c26a1fd675f4,2021,1187671,C
dff20020-af63-464c-b621-b47bb55c49ed,2021,1351760,C
f3b462fb-c23a-43fe-ac32-f6e178c9c03d,2021,18267,C
50ed7680-0429-4d64-9c9c-6ee80df0b88c,2021,1318224,C
620373a1-689d-4a04-a766-ac2f52c98596,2021,88084,C
bbbe0141-d7d7-4c14-bf87-885444f0ca79,2021,19047,C
fb26a3a1-25b2-47e7-a3cd-f3af57ccfffa,2021,1102628,C
eab70b43-e480-4ee3-9907-7f1be0226a67,2021,101830,C
64024817-de3f-4035-8d9f-4e35fd190c21,2021,43664,C
baf29e80-0e42-4823-af0f-77c6b0fac826,2021,103062,C
8c92a4be-3e4d-4a86-b1e5-f0f1f8b9bdab,2021,13446,C
610d8172-7604-4bb7-a41d-996e26cf8467,2021,101942,C
351f1313-7ee9-4bae-b84c-987ad763ebfe,2021,1322390,C
323a3ce1-dd7d-46d8-ab1a-0233b8f29cc1,2021,1314243,C
c6fd97b4-017b-4522-8085-38561da78778,2021,968,C
380f233a-d254-408e-9e29-8f1ad4c1161a,2021,1102628,C
ecef155a-fd39-477e-9e73-432720b3558f,2021,49054,C
4da0208d-2fa2-4b03-906a-ca29790aae18,2021,95017,C
4f799d9a-3748-475b-98ff-92d7f31ab3b6,2021,62484,C
4989157a-ff40-47b9-9628-7563ec92783c,2021,2209,C
f745af4c-77b6-46ab-b4c5-82a53f18d576,2021,88084,C
31c66cd9-7045-4eb6-9540-66d3f2e17eeb,2021,41238,C
b6539175-cc2a-47c9-8479-c4f204b2848b,2021,968,C
9a5ab3af-8af0-40b2-8f3a-398c4868b765,2021,513,C
5318a590-32df-469f-8151-3c9a5e226b4a,2021,1047907,C
5960e521-7670-489a-9a53-c10f167a2e50,2021,19042,C
41006b9a-41b9-4782-a65b-171b634e2d1e,2021,5000143,C
7fd6c5ac-cf01-4f7e-afa3-a9130a7f8064,2021,1267543,C
32fc5df3-2075-4f80-9bd0-37fc10b6c051,2021,1166783,C
2720d0b4-8e35-40b2-81d6-9616d5585013,2021,116770,C
1273133d-5d9d-45ce-b57a-1300ea632cab,2021,1288839,C
470b1a56-dfff-4137-8322-f4c6caeefef2,2021,1181115,C
a0e8408d-f182-4e96-96ff-f98cd4c3bf50,2021,968,C
533d4826-1047-426a-9ab9-d076ec3ae2fb,2021,318882,C
1e7f1aeb-f3c8-4aa0-a77d-17a5a3e9e04a,2021,83388,C
771b1270-c84b-4551-b9b3-0a090ec973fd,2021,37862,C
110dc8fc-c3a6-436f-baee-56a4763916f6,2021,1306689,C
f0f61e55-10bc-4314-8d40-fd2897112938,2021,101942,C
86e69713-227b-41f7-9375-c647349f9e34,2021,1265453,C
a830eb26-7838-4e0e-8250-a02a590619a6,2021,1148708,C
43456bbf-4d4f-46d1-b03e-61db07a40229,2021,90030,C
d1fe3c2e-0fd2-4ffa-a221-ff7db61f0c52,2021,107920,C
66492173-6a55-410b-a45e-5776c2280d2e,2021,94762,C
6448b1c0-ef3c-4e10-b52f-b2b8de59b96c,2021,18683,C
b378d307-86f2-4886-9520-a6a104423c49,2021,1385488,C
d9b0ad34-0895-4190-8a4a-be9b4ef341d9,2021,106996,C
b01d72ed-7433-4c89-b8ac-854cddf59fc7,2021,1376131,C
bedf2ada-5f92-4181-910d-a675364796e8,2021,108660,C
94d788c9-b870-4b92-890e-8315d4d97377,2021,1385488,C
1a08b5f3-ca8c-4bfa-8356-34779a3f8211,2021,13595,C
65534290-b631-4e97-8787-38bc9ac9a730,2021,106167,C
ea7726ab-ac50-4c5d-b862-51c723163b31,2021,103062,C
111e6f05-bae7-465f-884f-0eda2072ba66,2021,13401,C
e604cc91-a7ab-48eb-9e39-f546c0cfee01,2021,59122,C
1496ce26-e945-4f5f-ba48-d62656f50209,2021,106996,C
b0da9681-d29e-40d9-8f77-d332590699b2,2021,20239,C
355f105f-6433-48c1-965c-5a63bd00847c,2021,9425,C
cee56a08-3c16-4951-905c-6a7d8ec0ded9,2021,43664,C
a9d9bfa8-6851-48c0-b2c8-773aa286b697,2021,1047907,C
f29d88a6-c063-40ff-966e-9dda3cd761bc,2021,74737,C
81e045e9-03e9-4318-8e1a-47db0d27241f,2021,59122,C
f2b005b1-6815-4eb3-bdd6-b778f254057e,2021,114616,C
78e48061-005a-41c0-aabb-4deb40f9843c,2021,106167,C
b9a219bf-5dd6-4b76-bf68-48b6ee8781d1,2021,46377,C
a5b94426-8eb6-4b02-9425-3f25ef122fba,2021,968,C
1e8db8e8-91d5-471c-9bc5-3ce6887bff74,2021,104360,C
977ed752-ca25-4095-94c3-d8d76377ad7c,2021,13401,C
43207123-ce8e-4167-85ca-abd356baba10,2021,118994,C
ae740475-0ad4-441e-a7c5-d28db4382c85,2021,1322665,C
aa5f87de-1e14-4193-9b19-0cc0ecbf6381,2021,46377,C
046e1228-e25f-4f9f-9021-25235314fb1a,2021,1318224,C
9922ec26-3f9d-4e64-ae31-bef071f2c833,2021,513,C
cdc92a8b-9595-4566-a382-045b78910b55,2021,108660,C
72b5744a-97ef-420e-914f-cc0435ab87db,2021,57606,C
8e549ea1-1697-4e45-8906-194b191dbc13,2021,1102628,C
b4a778a6-720b-41cc-9771-f01f3870f1f8,2021,95175,C
5ec5f722-cf63-4451-9da9-eff4b2a928c4,2021,106167,C
f560f540-7d5d-4527-bf59-f773ce947dd7,2021,13446,C
978f7054-c0f9-4d3f-8082-cd67930b00ce,2021,1047907,C
3b63a6b3-912d-4f73-85aa-da6677ff903c,2021,106996,C
523703a3-ed16-4411-bf64-b72511a2bdb3,2021,81210,C
286532c6-a476-421e-8329-263309b0a946,2021,1101244,C
b53b7c41-71db-482f-ae20-66686d348a1e,2021,99406,C
785d9b79-d9b5-4350-b7d6-5321a8065691,2021,94762,C
03454ec9-ac82-4be9-bd97-16550cde5216,2021,106996,C
490d72db-ddb1-420f-9d07-80932564aa9f,2021,1376181,C
17e798ee-da87-44a0-8c87-65a210709838,2021,1306689,C
9985b71a-6464-48a3-b713-a3ff10633c63,2021,57606,C
fc219af4-8bac-4d83-8b72-058eaf3a1091,2021,1148708,C
bb78f053-630a-4b4a-8b8a-bf46880582c1,2021,1136142,C
ac482922-ceac-4b66-a75b-7b06f87c5f37,2021,101830,C
77936d04-390d-4f26-8ac5-86e2894d926c,2021,317,C
1c2d3deb-3c03-467b-a726-840c981f176d,2021,18559,C
d52a9e7c-3469-494e-8a47-c24bb07b8f28,2021,1070485,C
450ecd59-5744-4e5e-82ae-2dc529002cc1,2021,1204325,C
f9b0075f-c69f-4117-a3aa-c811e65e54b1,2021,98595,C
107aa7a1-5b27-4ada-8020-0d6eb103cfd8,2021,1139692,C
d4bdbd48-f84a-4c5a-bc51-5646cfd743ad,2021,101830,C
04c07b4d-4c20-4718-8bcf-e9e0d54bd277,2021,22047,C
a7a0a674-a400-4801-aff3-dc8c838293ac,2021,48205,C
2347811d-ec9e-4a1e-99da-59175adb5438,2021,1101244,C
3ac55a4d-4a9e-4c85-ad7e-c7b842ca1eb9,2021,73519,C
da112f18-897c-40ad-b6cf-36b9d8c58c13,2021,513,C
46361b25-e165-4475-a984-68b1dab6dbbd,2021,1283028,C
6ebb3099-df04-4ebb-922f-cf3ee3acc156,2021,1101244,C
7e69f2af-8c43-4f70-ac3e-71c2a37305b5,2021,5000143,C
d17111c0-00a1-49cf-879e-3ea3a870d38a,2021,1190071,C
be11263d-cab5-484a-aa86-59bf325747de,2021,13401,C
e1d8917e-5146-4d96-a850-09d577716f19,2021,968,C
eec08fc5-358e-4a6d-baba-8bf72b6dbd79,2021,968,C
7588103e-7f85-4792-b05e-d30fd3f23797,2021,108660,C
406b4d84-45cd-463d-9aa6-c9c37e5e2242,2021,18558,C
e6d2d708-f7f7-4607-868b-463352c1429e,2021,1265453,C
9c229af6-3899-480d-b92a-ec8cf12d5476,2021,87396,C
5ddfcb64-3b21-4c1c-81a4-8605ab4c25ea,2021,1190071,C
6bd507db-3e52-44fd-9e61-e9f22e3c25b6,2021,116770,C
b8ac5974-905a-4ff6-9be2-191e6d632c39,2021,118468,C
2e23b098-5e84-41b9-8bd0-38891f450733,2021,49054,C
e655c716-a0f7-4749-9835-d91380b08744,2021,113455,C
149e2198-1a0a-4d85-ba00-162397a2ac17,2021,968,C
0efbb580-d6a9-4045-a539-990f320ab0a7,2021,108660,C
f91bc956-a65b-48ab-9a4c-f66835db4720,2021,1136142,C
add6e383-213d-4788-ba59-31a4fe4fd2fb,2021,1181115,C
ca6f3be9-e37e-48ad-be02-f5031e68a894,2021,13595,C
bfd2af58-2ea8-40f6-8e77-b6fc16d05a34,2021,1102628,C
716fd757-a701-4e88-aaa5-d83f23c4648c,2021,9425,C
1c482e70-8baf-40be-9569-a9d13b837dd6,2021,107422,C
6c160b64-7077-41b4-a43c-67e2768c327c,2021,17898,C
117e9517-d400-43ae-a6cc-18521946b3a1,2021,18683,C
66d5d950-2366-46f3-840f-4ab0b7c64c5f,2021,57606,C
4c543317-eff6-4757-ba5f-a26a4c78db22,2021,13401,C
b1125bcd-acb1-4145-b66e-f6f842134ce6,2021,1318224,C
69b5cf0a-3c25-4635-a34a-87d90c98d6c6,2021,1136142,C
6cf0bcb4-953c-4db5-ab23-cef83bb217b9,2021,94762,C
e1906d89-14b5-49af-893f-3662790f98e5,2021,317,C
d4114fc1-6513-4d80-a3c3-26d3c3959f85,2021,1270596,C
cb2e8618-003e-4ef4-836a-5f26996b33ef,2021,18683,C
853b8ebe-efa6-4856-9706-cf055f817982,2021,98665,C
ca11e5c4-0006-4652-a1bb-93070c394b87,2021,12313,C
189c507c-ada7-465e-a19e-9bc5386618fb,2021,67601,C
a8459678-7e08-46f9-92ce-c97a0154e064,2021,513,C
8d9a708b-e474-42a4-b7c3-3f8d5ebfa0fc,2021,13216,C
b0a1e176-c203-45ca-902e-8307fc7136c0,2021,113455,C
907b43d5-e0fa-4227-9b4b-bf142b3d89d4,2021,74737,C
0989742d-92e6-4851-bb74-61d612e6bd37,2021,62484,C
41ecc7e9-2a21-4652-9957-ebed64fdaa15,2021,106996,C
d7c063e0-caa2-4176-b5b9-91e233b63fd5,2021,11452,C
a5bfd675-bb28-4a73-8bfa-0a9811b04cff,2021,94762,C
1030e8eb-9561-4c2c-b89e-aaca47e55231,2021,47051,C
50365c1d-fd50-4945-a067-57caeb431916,2021,50082,C
6a9ef2f0-c3c1-4041-b7dc-d1dccf7f190b,2021,53333,C
1d6e8150-a30a-4d42-8355-dff42f858673,2021,18558,C
bc294110-1917-4175-b3ec-9317eb328b90,2021,11554,C
b08adf60-66e3-47cc-8b92-f7927ac40c59,2021,1047907,C
5fa1c1b1-4bd0-49df-9c0a-1c2c0abfa617,2021,13277,C
ef259042-d316-4da4-a751-dd4398ac8694,2021,5000135,C
d555cf57-693a-4c8b-82cd-40431a3b6ad2,2021,13595,C
1ac087e2-a1fa-4572-8db4-66d1f0529519,2021,88084,C
8dcbfcbc-3b27-472a-8406-9017ad6b7fa1,2021,53333,C
8d40acbd-cbf4-41ce-a7b4-e8dbe26bdb71,2021,20030,C
c32c52d9-ea35-42b2-a9dd-b599da643569,2021,1314243,C
40a5e4df-0dc4-4dc8-833d-9205ccb0ce9d,2021,11452,C
dcdf0c35-ed1a-4bf8-904a-cf85d46aaf94,2021,88084,C
a2331dcf-9442-4c90-919f-00e2ed1f541a,2021,18903,C
be3069fd-d86e-4c27-a41a-cdfbffb6e068,2021,98013,C
04d4707e-c8ab-4d73-ad3c-4593edb53523,2021,98595,C
dbbb224c-67f7-4757-81ac-51f269b3aecf,2021,91181,C
25ffa3c0-ed4d-420f-9ca1-e710c5e71896,2021,2209,C
0d15b90f-5fa7-437f-baf8-18395d99c1d1,2021,18683,C
47567cfb-a43a-4971-9986-742f51573a45,2021,95017,C
9a0806e0-25c3-4969-a2f8-5465837377bb,2021,62484,C
25f09c91-983b-435c-bd98-cd15b7d1896b,2021,101942,C
63af2f24-0fb8-4bd0-aea0-5a465b88a443,2021,317,C
3695e781-300f-47e7-ae3c-7aa372ce1501,2021,97778,C
28137d9b-1d5d-4edc-a3bd-838b8ff94649,2021,106167,C
07a58f67-bca7-48e1-878b-2f227fc8696b,2021,48205,C
ff60ef5b-28a8-40cc-baaa-9cdf3561f985,2021,106996,C
7459fe8b-556f-4ae7-ade4-f9ebb1c90c13,2021,98665,C
2f83a850-1af4-4009-8d69-1b78e8b9eec7,2021,1181115,C
68a3bdd0-cb03-4a5a-91b5-0850f944ff13,2021,1190071,C
b7e2a750-c1c8-40d9-934b-65f763be9fb0,2021,112086,C
1b1a1e63-208f-4ab0-b1fa-c0cd912f63dd,2021,968,C
218ef82e-8c60-4d01-8e34-5304faf25d96,2021,107360,C
0bd00c5a-7daf-414e-903d-cab5f9849d07,2021,13401,C
a1d23534-6ebd-4af7-bfb4-fe6a242872fa,2021,1427745,C
047c41ac-bdd9-4b9d-a8dd-46c197e4d855,2021,58808,C
933e4193-a88f-480a-a381-bf2f7e5ea7c4,2021,20030,C
cac8815f-4633-4780-a823-81b684386423,2021,49071,C
8ea9fabd-3b38-4eef-a18b-17188f749ede,2021,1136142,C
535d8c65-3a8a-4d39-9dec-f124cccea7f5,2021,13595,C
20bee228-c3eb-49d3-b7ed-36b28a1df536,2021,1132918,C
b0cf7692-0c2b-4185-913b-8f44554509ed,2021,1204325,C
324581f4-93f0-4b85-bacb-3c85677fadf6,2021,114616,C
c2941626-9ff6-47b1-84cf-8aea548017ec,2021,68930,C
15d0a4b8-b058-4f0a-aa9f-e613b7a1ccc6,2021,106167,C
16e3da5e-2bd4-43aa-bcff-4c36c4efe2be,2021,968,C
2fc87c72-9ee7-486a-9b36-67ac0145dd4b,2021,55402,C
dc110428-6d65-4dc3-987a-90df895c2243,2021,98305,C
ac3d69d7-d7c5-4262-8885-4135d6bd9f3d,2021,21464,C
9ade112e-3df5-4938-8d5a-6adae6909ca8,2021,114616,C
3952939d-bc54-4ae5-bfc3-c3d4efcf112f,2021,1101244,C
f125539e-9cf6-49b7-9b27-085b9cf1335e,2021,1330347,C
a8f95dda-41c6-4b68-ad52-7782a270cc29,2021,11730,C
9caadaa8-1d1f-47e5-8668-5b1fa44b0d2d,2021,95175,C
397eb25d-f6e7-47bf-bada-06f9a3ace5cc,2021,1322665,C
0282595b-96f5-41ab-80e1-c67f8a2a1070,2021,1190071,C
ae041758-1937-4720-b1d5-ad4b65328917,2021,64664,C
ee656bca-5a7b-4a85-b50b-e2b31e93b5b7,2021,513,C
d79e13d7-2c35-4a45-896a-a0b790a52ee8,2021,968,C
eec10083-ef07-425a-abc5-99b0a9d017b1,2021,95017,C
27959747-39e2-4c95-9db2-85a91c51f595,2021,18584,C
6e36cd2b-77c6-4e69-bcd5-bc2bf090c54f,2021,104360,C
78deb8d1-1934-4ae9-b9a2-0beeda222bce,2021,55402,C
1008ed62-8244-4b14-8a43-b461c735b911,2021,37862,C
04ad5b56-2149-4f91-a3d9-fbe117c6d281,2021,13446,C
5ed7fedf-0437-4a47-a098-dea9e6813f03,2021,18903,C
66c79788-3630-48ee-af83-d5ce2ff7bd55,2021,113687,C
73cf646a-c9a2-4956-a15c-648443ecf643,2021,47505,C
5b1413bf-2ea2-4f60-9e9d-2b7eb1b4ae66,2021,108660,C
c96764fa-db90-44b8-bb10-d467da63c19f,2021,18559,C
80827fa7-1183-4d65-8f4b-83937fa96aa2,2021,19042,C
28f0d104-3ec1-426e-b81e-c3fa32aea92e,2021,1269545,C
12b71b58-3819-4579-b4cf-ffe73f74ff8a,2021,317,C
e4ba872d-3500-4082-add3-accb6ed11f5d,2021,101942,C
ec44e115-eb29-4f9f-9c59-93bcad30665f,2021,1148708,C
37fed4a3-0815-4279-ba68-2601fcaf2d7c,2021,107422,C
f6d2f3b7-a7ec-4f91-b6be-194e66f56f54,2021,107422,C
490ce844-ea1d-4002-ab69-8b52b106ea44,2021,59122,C
25c6f4a2-e4cf-4923-90ae-336503a3621c,2021,20239,C
f99ff5bc-ba83-460c-88f2-2f55c30c06cb,2021,83388,C
6259f37b-65ff-4656-9b2a-ff2181a820c3,2021,53333,C
0e56c430-526a-4aec-8db8-118fbbaf4b26,2021,56172,C
a983ba6b-c971-4dd8-93e1-44fdd6c2c4b1,2021,114616,C
f43e93b0-ccad-4e14-a092-54912ddc7b27,2021,1403879,C
7674ecd2-b029-400a-a64a-0da12850f513,2021,968,C
68fac1fd-3f34-4998-929b-af9f87ab6758,2021,1288839,C
8f586a81-4ec6-44ea-9e5e-8b50eff460d7,2021,1315444,C
a0c8123b-7840-40a1-a86f-1cdad49f68b5,2021,106167,C
9b981b75-2abc-47f4-8e99-bb45940f7dc1,2021,113687,C
24017461-edfd-4172-8b15-1679d8214377,2021,1300429,C
2d5fa31d-29b4-4afe-9bb4-045773eb8132,2021,1190071,C
8f1ae102-36f9-4301-b5ed-31139ea4b1a2,2021,47069,C
13b1e923-aca1-43bc-bc9f-01d82ff65f7c,2021,1132918,C
c9405057-fb29-41cd-92a5-9560acad1f10,2021,97443,C
ad8cc855-9497-42df-8022-7532a770d70e,2021,95175,C
7b5d7288-6c6f-44af-aa71-576718139567,2021,64664,C
06d23f70-9da9-4b79-af0e-1edad4df04eb,2021,1181115,C
4877938e-c4d8-421f-b23c-ae99ab105a47,2021,54934,C
4fd59317-0160-4597-8820-bcd7c344179a,2021,2209,C
b8c4d4ef-824e-4c53-869d-ff3e2f738508,2021,18584,C
a75c7492-c366-423b-b3b6-6d8b14b6b658,2021,73140,C
ef49e13f-356e-4de1-9d8d-25e9d4fdb09b,2021,47478,C
601200ea-96d2-4b91-9bb9-7e0e495529c7,2021,1288002,C
d7376ad3-84f4-40e9-9b66-3b97dd910d71,2021,98595,C
e1f20c53-c89e-4c20-a022-17b5c18cce6d,2021,13277,C
40c870c8-a2a9-41d7-961a-a26183a58136,2021,20030,C
86f3d832-b571-43f2-b53b-f46fa283e69b,2021,317,C
91734231-29d4-4902-9a4b-6734ffaf05f7,2021,9440,C
1ad6c742-d593-4422-959a-360bc033e51b,2021,118994,C
1e1d5fe0-9a0e-4485-a712-978f49827faa,2021,19047,C
ee2ac927-a304-44bb-803d-cb553d6721bb,2021,11554,C
6959fad0-9cd3-4088-8c30-565f72f5d136,2021,106996,C
08636b72-9ead-488d-839a-a8f2c24c1709,2021,20756,C
585db682-574c-45e8-a6cb-532132791b3f,2021,1267543,C
bcf90614-5efd-4f92-9967-442a8d5691c4,2021,22047,C
a3991fe5-8ce3-4fb4-ac2a-12fd91149e41,2021,99820,C
67f90c20-15ca-44b5-9f72-3eeee21e575c,2021,73519,C
28085148-f435-4496-9bde-6eff140a7777,2021,1161716,C
a953b532-8640-443f-a52f-a7bf7641b7f1,2021,101830,C
6ec110d6-e202-42f2-b53d-ff31a729e426,2021,20030,C
a8518374-52af-4128-b4bc-78ca1acf86f4,2021,46377,C
662faa23-d80b-4292-b3a6-a75a511ebe4c,2021,5000135,C
f1059e79-1318-4247-a913-1255c43011eb,2021,13277,C
a4e21cb7-d9d3-4f4e-bce0-2340837ae769,2021,1190071,C
609fb434-8c90-4a19-b9a3-263f9eae767f,2021,106167,C
cc76e70d-ff77-4c9c-83b5-f97b3ed2028b,2021,104360,C
9a8f4579-4d54-4a42-b0d3-5ee2078e9034,2021,1351760,C
3a963f4b-e0ef-4e22-9fef-d3869b93c72f,2021,107360,C
68853ace-8a91-4741-8767-db145a48f74a,2021,116770,C
19d1c5d2-d14a-480c-b062-aa8fff8a38e1,2021,317,C
beccbb5a-6479-4608-b673-5369095fa2be,2021,11730,C
20e6ec5e-8bc9-48d9-9e30-67489f2becde,2021,13446,C
6f8145f1-1bf4-4150-9bf1-575e35d10c2a,2021,1322665,C
7da63e0d-7a88-44f9-938d-60266bdae8d2,2021,13980,C
0a2f7803-a593-4d51-ae4a-85658248e6f5,2021,47051,C
4d147772-34c2-4b1c-8d8f-45ac121a22a8,2021,18683,C
5674bda4-82c2-449b-90f9-f5db9d626cc1,2021,18903,C
f1715b6f-a397-4ecd-8a9c-07088db6e9e9,2021,95175,C
12694b75-9d9f-416b-a953-bad7ec2875fd,2021,113687,C
c3640f62-803c-4b56-adc8-68938eeea09a,2021,47051,C
5b03dd55-6c31-40c4-adb5-e20f39ce677e,2021,90030,C
4d0a962b-11f9-480e-82d0-8582c87fe7e0,2021,13277,C
64212b60-a1b8-412a-a36f-a09ec3bb462d,2021,117022,C
144d77c8-7629-489e-9460-73b011c252e3,2021,50981,C
de7ad27e-0d56-418e-bc79-def36330a855,2021,1269545,C
ac837698-59d7-4636-ac97-1a297bc48347,2021,11730,C
d065603f-d688-4761-9ae8-0de8597ed1bc,2021,1102628,C
2827e8d7-2225-4f3f-9b46-8647f88801c6,2021,20030,C
65b223d8-b08f-4520-86a8-011593102777,2021,40343,C
cb55683a-a9fe-451d-9ee9-a72afe055101,2021,5000143,C
2a12a33c-1a6f-44ee-be33-a110f4a22e9c,2021,1136142,C
815e642f-f747-44ba-a748-c47839ba1846,2021,1422296,C
ebcaf768-cf2b-433f-a08f-09d3f1e171df,2021,2209,C
b090cead-8e8f-4788-a9ec-f6401d2d9220,2021,1288839,C
baf54dd7-d7ea-4bd7-8148-0f9ca104d006,2021,13401,C
6d68c7c9-d491-4502-9699-0e311703f6c1,2021,101830,C
77d08f49-2ee4-4d9b-9e5d-7c9017316b0a,2021,13980,C
cf0bd419-efad-4e63-8f90-e477f77c3bb6,2021,107360,C
6b202dd3-9a1d-40ef-926a-37323f98e181,2021,95017,C
0335870c-473f-4fce-af58-b9a818f78492,2021,1267543,C
fc973936-b89e-4ad4-ac95-e8bfae9721a0,2021,91181,C
f4c2d1a5-f982-4027-93cd-3e7f4064ed30,2021,101942,C
7aa0b873-670e-40de-a776-151914ebdc7e,2021,98665,C
b882ebd2-b6af-435a-95bf-50b6e733c630,2021,13446,C
1513b90f-cdbb-4a5d-a913-edb84adb0674,2021,1314243,C
c064ac7b-8c13-431f-8cb3-be7581e99d5a,2021,20239,C
061d4ab9-bad2-4f5a-a194-3d7c1ca0170b,2021,968,C
b35c4783-636c-4ce9-9d11-0af5b7d5f0dd,2021,40343,C
77aff096-afb6-4cf6-98a5-72e76c69ae3f,2021,1136142,C
22fadc79-df91-49e8-a193-019dbe55d2a1,2021,118420,C
f0c694ed-b499-4f5f-b916-b8f9700ce97f,2021,1070485,C
7b47ea2c-023a-426e-a6dd-0e8f9e611faf,2021,117532,C
545bce64-ab4f-4ad7-9ff9-1a9bd45a129c,2021,118420,C
f75c89c1-5b86-4253-9383-6bccd7b2375a,2021,1204325,C
7dc89f54-f0fc-4ac9-9f01-32bc6a55be69,2021,97778,C
4cf124fa-b61a-4554-9bc3-7c8633a45563,2021,1103723,C
32bd3876-a1a7-4b21-9a6c-9cbc212077fd,2021,13277,C
628986d8-de89-49c2-b694-35e3e31a2408,2021,62484,C
3f54167e-f501-456a-99a3-8c80ab29aff9,2021,101942,C
544e4786-da9d-42a0-887e-9aa72a77ea56,2021,1315444,C
c91335ae-5a05-406e-98cb-c3359e2fb5a9,2021,108660,C
9c64bfd4-e9dd-4ec9-8166-830fd9fbabfc,2021,18584,C
25bb5f34-1b91-409d-8e5c-35ff6f925440,2021,97778,C
e782ce94-b9b0-4d9a-a577-d7ec89d165aa,2021,67092,C
22fba43f-f921-4814-bf5e-d7e57cdce6f7,2021,13401,C
ef9b23c5-0b04-410f-810b-798c64657c02,2021,83388,C
ae1d1ed4-5da9-4dc7-8d0f-89c84f7a07d4,2021,98595,C
d0e159ba-8193-4cce-b42d-42973c97c68c,2021,90030,C
f79c0759-4928-4c96-a715-e6ff0c1a451d,2021,18683,C
b163399e-d640-4aed-9f0f-4bee8e01b1d2,2021,1148708,C
e8df0f37-32f1-4577-ab00-c6b3d09a3dc2,2021,1190071,C
e226249a-b71d-4147-9616-0cfb061d87e0,2021,116770,C
5e430dab-3188-4893-8f61-72f7a873ba39,2021,95017,C
bd16ce2a-1cf0-43e1-a65e-2843478e3310,2021,103062,C
b0b3466c-2d28-4ae4-87cb-5b685c4e024b,2021,13401,C
e7a9ef09-181a-4364-8a1d-99a665b305c2,2021,107360,C
8b54ec01-7e7a-4815-9462-310758c9b2a3,2021,1322665,C
1710e709-7a5c-4b52-a2a6-7d472bfee1e3,2021,1330347,C
2b4715ec-e1d0-4abd-96b7-df1c246b811c,2021,11730,C
e2c4c740-9540-43c8-955c-ec621096f626,2021,88084,C
6ab8052c-5e70-416d-be42-f4cb5a4a2bb5,2021,1136142,C
5a7e2e29-ee2e-4068-9799-1cfe9e490b0d,2021,106167,C
50e5a1ea-f0a0-41cb-aa80-289080e2837e,2021,18683,C
f02c0a4c-416a-4a37-a0b2-5a6dc9155149,2021,1351760,C
72b9a585-23a6-4a41-803f-6d41ddebfec4,2021,118468,C
f63572b6-267a-4610-a59c-72e7cca5738c,2021,19047,C
208083be-575f-49c6-b969-50dbe449505f,2021,1190071,C
f68ba560-4938-4862-a455-24bf60f87d8b,2021,94762,C
09108000-9978-47e5-b126-f48e405ba887,2021,67601,C
366b09a7-807e-4ee3-8bb3-aea288928adc,2021,107360,C
334787e5-9b81-441f-9c3d-c82a76875e1d,2021,20933,C
d21f5d90-4d6a-4ab5-8a38-81fc7ae5b5ac,2021,107422,C
26654730-aaa0-4cc5-9a92-1dd50675c344,2021,22047,C
c7049077-3662-4c9e-9675-559cd53e547b,2021,118994,C
1c310ee0-3462-4240-845b-d1a288362220,2021,1118057,C
1a6dee65-c80c-4327-87f4-162db01e828d,2021,1385942,C
c1d64a25-fc5b-4009-8f0e-c10d7993e949,2021,88084,C
2809fc16-afec-4366-bc37-a873341ce091,2021,98595,C
6e0a381d-eabe-4f22-af7e-2db393c2757e,2021,64664,C
936200ab-d523-4e9f-b8ad-473e63098ffd,2021,13401,C
932a3491-948e-45ac-b98b-a07af0b9386e,2021,5000143,C
794d8d78-3d1d-421f-92f0-2390dd46f7a1,2021,48205,C
c3b44d87-50e5-4ed7-a25e-890d32740648,2021,2209,C
6281b25a-4859-4a2d-91fe-a35e091a1631,2021,1385488,C
eb45e61a-27f2-4807-9fed-6eadcaaa34ce,2021,1136142,C
b61f7458-4096-4ff5-8c6c-7dc55a904593,2021,5000135,C
08cc217e-2341-45c3-9685-7b523b49800d,2021,2209,C
af2ba7ff-27e9-4ce5-b77b-90b644ac8b37,2021,1314243,C
7b233958-78f0-484c-9643-e56cb9a9ef92,2021,5000135,C
fee019b9-0924-409a-a1d1-03110eacc0bb,2021,68930,C
4b4cba1f-933f-4d82-979e-246c1da04254,2021,1379275,C
bb5dcf34-506c-40a4-a63b-f2a45732d3d9,2021,1376181,C
e224d1ce-aa89-4bec-833c-9dafe5c7884d,2021,50981,C
d7b3d3ce-56c2-48db-be6c-41911f4ce6e4,2021,107360,C
9c999bd2-15b5-4164-b74b-1a021c7f8dd3,2021,116770,C
c6e11d24-af41-479f-8e43-1c086bd63214,2021,73140,C
5b94645b-8fa2-45c7-885c-e9e46ca114aa,2021,53333,C
a0961bdc-f9e1-4f13-ab3b-943887e4f78d,2021,13595,C
12b496c1-6d39-4003-9f6d-a364153508e7,2021,95017,C
d6003d13-4f91-42d9-ab44-7bd2f114a054,2021,317,C
92f65642-3e3d-470c-a61c-7d60f0b6bb3c,2021,112086,C
2fb8119f-cbc8-4264-9db9-c3f60a802e2a,2021,95175,C
3f0ee9b3-4d6d-4aed-911f-60fe803d62dd,2021,107920,C
cbecff6d-1118-4a27-9d42-b00239abb908,2021,317,C
7166b518-6c75-487c-9ee3-0bbb158c402d,2021,1288002,C
0f924b80-3d55-4199-a7a6-aa0c79d8c658,2021,67601,C
abf1e8f2-cc90-40a2-8e4b-59581e8eec60,2021,99820,C
9e9bbdd4-4d2e-4e53-af57-82414ee70396,2021,5000143,C
cdcf4aa2-3be1-44b1-ad45-b8562f3b7c49,2021,107360,C
bf2504eb-a290-4537-b3a5-3485022ade76,2021,19047,C
8db2a523-a676-42d5-8e67-5cd256bc9134,2021,1306689,C
9b07499d-167b-4545-9612-15192649c5ca,2021,1204325,C
c168d89e-9d2a-4077-bb28-40686d1d2039,2021,55777,C
0601c44b-a713-4968-a95a-100b9ffbea7a,2021,58808,C
423308cb-eabe-4b87-8ebe-ca11fa708387,2021,317,C
8bd87b6f-69c8-408f-96e2-7fa1c2cb7949,2021,1314243,C
0a1bcbeb-530a-44ce-8204-6e52cdd6b28b,2021,2209,C
09013cc4-44db-4515-b2c1-794adb4bde99,2021,1187671,C
f321e51c-eaa2-4cdc-9cf4-25eaaf360b53,2021,1136142,C
b54cfd21-f091-4663-8a67-854e3d7df491,2021,1190071,C
9395540c-7c0d-4495-b77f-201ab9be7668,2021,11452,C
dd503d51-5a76-4367-bd4d-cd3b4bcce50c,2021,113813,C
37b0adf2-89e5-47ba-9761-25f57cb72aad,2021,103062,C
6f063ec7-2dd9-40f9-8256-a51d4a2ff10e,2021,1102628,C
2e6b170e-cb83-4e34-b1e5-7e8415451b6c,2021,5000135,C
8297f821-0d59-4d7e-97e6-65ee5b9886e7,2021,513,C
33d3014f-3531-48e1-9861-99f7d5fa9857,2021,88084,C
582b111e-245f-452d-a77d-7b6571c89e64,2021,318882,C
1fb03f6b-2c35-4797-970c-ee6d90acbb02,2021,94762,C
4cc2b026-7c34-4887-8eeb-36f72fc4c125,2021,47505,C
c8d5f8c1-fb30-470f-a9a0-3b5ea1e136d3,2021,106167,C
9b3827df-dad1-419f-98de-3f3c18467ea3,2021,18671,C
9aabacfa-6440-4727-a608-c6ef81102921,2021,49054,C
a75e2293-8102-4e89-a905-2d150c05dcca,2021,114616,C
b304f728-094f-430f-bb46-c30bb62b0f5f,2021,1139692,C
8b752405-6b27-432f-b61b-d82606ca4213,2021,102590,C
35d0d1d2-5ddd-4530-a556-2d3cfd0552ca,2021,107360,C
98322266-14a0-4d62-963d-f5fc22476acc,2021,95017,C
c1df691e-f99c-4e3a-94e4-9702ce550cfd,2021,9414,C
f7a29860-9ef8-431d-8cd3-85cdee83c5c9,2021,18671,C
b92f8803-5f96-42cb-bfc0-90f124235f73,2021,101942,C
61cf817a-895c-4407-8375-57e1653cdc66,2021,47069,C
6c1e6803-1624-4807-8471-2f6935599b5a,2021,1376181,C
df549120-b8ad-4685-8bd1-d4aeafbb318d,2021,48205,C
4d76fd52-6995-49f1-b77f-7bdc44bf7d50,2021,18584,C
8de680da-8c41-43b7-8634-f5765d00a709,2021,86326,C
57f4e0d6-27e1-424d-a59d-e3aba61a562f,2021,118468,C
6076382f-882c-4aa6-96bd-24a32c7b3ce4,2021,107360,C
3ddc8b13-e32b-4676-9106-a40919a0d80c,2021,118420,C
284b0a29-2fff-4b05-8d82-5b7ca97c5343,2021,317,C
d92afe81-4f46-486d-8e1f-0c0ea54bc5bf,2021,1288002,C
ced48745-1e04-44d6-977d-0af560e0db1e,2021,107360,C
432193fb-490d-4a87-94b5-bcb242a26449,2021,41238,C
8d247b05-966a-435e-b43a-659609e29bf3,2021,1427745,C
23277e4e-8139-45d2-95ed-bd5d5c9596bb,2021,1427745,C
5c778ca0-6ad4-4994-959a-dfa28342b879,2021,1330347,C
7636b723-7a96-43aa-a34a-c2cf62d3dedf,2021,1330347,C
fc91e6b2-24b9-4298-9a8d-18e8ebe69f98,2021,50981,C
1520e190-69c9-453c-8b18-e45b27915295,2021,98305,C
4db7ede9-1c68-4a81-b70e-083c130ebd01,2021,37862,C
97cc5a10-3070-4db1-a411-1da6821f11fc,2021,13446,C
cc647797-ad1c-4c5c-b168-b4742404d7f6,2021,18671,C
41ddf666-12cc-4314-8249-a1553953a32d,2021,99406,C
fc4fd5c1-d0db-434d-b2ff-b10bf92cd868,2021,103062,C
f212e59e-c066-412b-9ebc-f11944acf56d,2021,1103723,C
91e7d83b-f24a-4ed3-9cb7-7bc5929af51a,2021,9440,C
8ee5f934-103c-4bc8-b533-04537c02cfb6,2021,1300429,C
0294b4d9-eb1a-475c-be43-4040738c5420,2021,99820,C
084fa8c9-d653-41fe-a73d-eb6317cbc388,2021,513,C
f2f962f9-480f-42d0-998d-30a5e8c8a40e,2021,18559,C
fa4cb597-f625-4b30-8923-399f58ebe668,2021,118994,C
60935642-5848-45e2-b17d-2fb6577ac38a,2021,64664,C
34cfa3e0-f2d1-467a-8338-6df09a858286,2021,62484,C
902ae2e9-a610-4f0d-92c6-fbe3ebcfa9f7,2021,17898,C
1cfefbb7-8601-4e20-a261-cabad4ffe8d9,2021,20756,C
574af53e-c15a-4863-afd8-5221c7d8fa1f,2021,1270596,C
f4ff2759-400b-4fca-a614-b6ad77a83d02,2021,13401,C
30c5d8df-609f-46f9-a747-c09003d916ac,2021,18903,C
8f237ede-cac4-46b3-aa6a-758437905e82,2021,118420,C
69060e12-d627-47c2-a875-cbae83d4b288,2021,5000135,C
c5e73594-6523-4d76-9cb3-57c10896e06f,2021,1322390,C
79e30ead-9f16-4035-b73a-54ee2e01b544,2021,83388,C
b101bf25-d6a3-4d55-970d-953cacd45131,2021,1136142,C
6d9fc03a-7d67-419a-abb1-e1ccb751cd45,2021,13401,C
4eaf94c8-c9a0-4d98-8d17-0fd609767e61,2021,1270596,C
1d96c271-aac9-444d-9907-b87351a542af,2021,106167,C
415b5947-3c30-4c5c-8935-6c4ff38af381,2021,117022,C
0da8d020-00f6-442c-9675-46b2ca7f8947,2021,9425,C
c42e394c-7524-439f-ba97-83e44ec0bd24,2021,90030,C
cc3df9a1-d9c0-49ab-beb6-871d46a3d739,2021,53331,C
58688812-b5bb-44d1-b5b2-e9c535a333e2,2021,13277,C
dd853441-b70c-4c1b-a435-6cd0417f7939,2021,106167,C
7383c1d4-f4ad-41f4-8444-0ad91127cef3,2021,49054,C
2df6cb74-9920-48ca-a6c3-135d68c8d1f2,2021,18559,C
3e2e93d2-71ec-4b22-8f0a-f961b78f24ff,2021,56172,C
02dfa0af-e2b0-4db0-9151-ff4c5b0aad77,2021,56172,C
9c4c4af4-1be8-4ba5-8688-d98e86560f60,2021,106996,C
a2573a3c-114f-4e18-ac8b-e049f7974221,2021,55402,C
4f35c584-1d12-4917-8b40-43a669e044fe,2021,9414,C
1060107d-3ba4-4840-8c0c-f86af6f979b3,2021,97443,C
e4bcd517-60d9-46d4-b232-2b5ca0ebf2c6,2021,1190071,C
8250adef-a906-4e59-86a7-3e7daa352581,2021,11452,C
542389db-5881-4693-bff9-d7d9ec8039a6,2021,41238,C
34c2ac3f-2eb6-4225-b656-1716756606fb,2021,1070485,C
550e061d-d478-4c62-969a-360ebefd579f,2021,1181115,C
1b06c87a-b464-46e8-a9cb-4ece7be8684b,2021,1136142,C
c67bca2f-e838-4bd4-8aa5-034b38fc1b14,2021,62484,C
f08846cf-8f3d-4198-981e-403f1871de7f,2021,101942,C
103f767d-40aa-4d5a-a3b2-125918e7f634,2021,11452,C
f34cc6ad-9b25-44bc-b598-c3d0692d0614,2021,11730,C
c534f422-06b4-42de-bf65-a8f031cc1ad9,2021,53342,C
b69ab74d-5cc6-4891-92bb-480282f1ffce,2021,20239,C
880699ec-dcb7-4a53-9fdd-e1529fb04805,2021,97778,C
ea33edcc-a6ae-4631-a275-96fd7dac0540,2021,20030,C
7f2d5d22-62fc-4852-adc0-d4bdecedb7f9,2021,64664,C
7dfa797e-2ba9-4dab-aa60-921a7d1be566,2021,11452,C
8efef3cb-9daa-466a-a3ff-18d360d58340,2021,2209,C
3e083c6f-d487-40a0-b214-249fa08f0d51,2021,103062,C
24c46a5b-8822-46bb-a8cc-b64937857c0e,2021,317,C
83261604-275b-4dc6-a85a-2f3657048dfd,2021,87396,C
5fbbca5b-aab1-4ed8-bbc2-6ca956603e76,2021,101942,C
66ffd36b-f2cf-40e9-9733-cd42a3043929,2021,13446,C
1e96e199-0a97-4e79-b457-e9104880946d,2021,118420,C
06c9ca0d-d21e-4aad-8ad9-5b0ab0610ac5,2021,1258063,C
5efb993e-d931-43f3-9962-0b4a79160990,2021,11452,C
5df9804d-7a50-4ed3-a320-ec3c83da6907,2021,968,C
059867a5-b435-4f9a-9716-91318f342851,2021,13595,C
1dd8bec8-d6c0-4fcb-b7b0-17f1d552f103,2021,13446,C
1de2cc65-db64-4f29-b071-4fa82cc0110c,2021,106167,C
9ada5960-6bc3-4a2a-ad9f-9f8bb800190d,2021,18683,C
45a51468-6d70-44b0-b6c2-3592ffdd5943,2021,13595,C
4c0569f4-f8c7-4739-a5c4-a2ab295e6258,2021,41238,C
369ab690-5391-441f-9112-1edef6f77550,2021,1102628,C
474a3d57-729f-4793-90f0-37d44c02aa1f,2021,1047907,C
2a8b9008-fbe4-4681-b3a5-2079c93f209e,2021,18559,C
86bd15a2-d233-469d-bf79-dc64e6903ed1,2021,1427745,C
fb86cc34-b66a-4108-baf2-0d99045c5b4e,2021,117532,C
77c51125-65e0-4ae2-9d5e-d3265ebdf014,2021,1322665,C
fafa97ee-3bfa-4203-b349-6c5d9958a4b6,2021,112086,C
913fc032-c55e-419d-93aa-b534e3fb7edb,2021,1136142,C
96b0d420-7f81-4597-b6ce-c3725c28b3cc,2021,20030,C
49956618-44c2-403c-bf73-149c0794a122,2021,11452,C
ee649938-480d-4fab-ab21-e130b19885b8,2021,98305,C
3511a69f-cee6-46f9-8b6c-c3c0d52762a8,2021,20030,C
1774bacf-62de-448f-8e8d-a3a1a5eab2e7,2021,20239,C
99691af4-d097-4b6d-b5a0-fe76f773cbed,2021,1181115,C
5635e29f-04c9-4dc0-83b6-cc52f29c6422,2021,317,C
41f39079-b453-4f38-8d32-e8209215f4dd,2021,118994,C
d76b34b5-a82a-49f0-afe1-f4a914772168,2021,13277,C
4ef462de-18c4-43e6-b50b-54f5de5a1198,2021,2209,C
c0c2aad6-0f5d-4f93-a510-9527946b9134,2021,87396,C
80083e2a-9f44-4f2a-824f-c096ccc8f778,2021,104360,C
2f1308a6-e911-4b7d-b18f-53fe9742e064,2021,113455,C
52413811-6827-45aa-ad71-3a9cb5b8a7f2,2021,1322390,C
4603d18b-ce33-4a2d-a637-f078b9825df9,2021,1190071,C
3b15a8da-d9ec-45a8-a1ef-1f00872ae118,2021,43664,C
05607a46-270f-4420-bc1d-81eea41b028f,2021,18584,C
2aa0bb8c-24be-4e3e-835d-54401e7bac7d,2021,97443,C
50cab5af-3523-42d0-b1bd-263c0b453c6a,2021,1322665,C
06c5d175-9567-4df5-adf8-e380ec84bafe,2021,99820,C
5e27f920-4bb9-4e17-a8fe-c9b439f9f219,2021,116770,C
e3614663-f306-46b2-8084-49648464c5c7,2021,47051,C
4b6b53e0-ebe9-45ca-b28e-bb5f0306f89e,2021,101942,C
b5442946-f824-4ecb-8528-aaab21d11726,2021,1267543,C
91f6dfad-9139-493f-9c23-ec289ee957c4,2021,1102628,C
96a8555d-00fc-49fb-87c9-ec5af4c46f48,2021,1318224,C
ac8d04af-ea7a-461f-9747-702739afe083,2021,1102628,C
9b1d9494-a1e0-4d02-818e-978853c6dc09,2021,13401,C
9f407890-ee47-4d73-8ec0-700f0938cfa0,2021,90030,C
25afc502-731f-4dba-a9da-3e47f8c4fc2d,2021,62484,C
489fd7e5-1ae8-4ced-88f6-4bf0e308737f,2021,317,C
e573bd53-6170-44c1-b055-92d098dec77e,2021,513,C
432af31b-e72b-4e2d-b0a5-6967bbed3f07,2021,13216,C
c8b78965-67f0-4d98-9e5c-7267158447cb,2021,13446,C
ed19bf04-20cd-4864-9564-e0daaee56c14,2021,13446,C
3dc069e2-59d5-491c-96a8-0dbb8fb9f1d4,2021,20030,C
07371937-3d70-45ef-b875-18c02bc68b87,2021,98595,C
7da36a48-4549-42dd-a936-18c5f6713297,2021,64664,C
4c039fa7-1eca-4176-b93f-68c202cf4fff,2021,118420,C
ef48cddd-5170-443a-b0e3-c4cff66ebf80,2021,1204325,C
e780ad46-d2b0-4f57-b450-dda3a48eaec1,2021,1267543,C
21b74054-bb82-4c4d-b5c8-1b5bc95d5e1f,2021,43664,C
a8b478af-ab06-4902-9f04-bde6ff14bfb9,2021,13446,C
b053aa68-70b7-4965-9da8-074cff156d9e,2021,1136142,C
5d24d85e-1927-4d40-b406-87098ab17033,2021,1118057,C
c706e672-33be-48a3-9ca2-8cf053f790eb,2021,97443,C
d5c9369b-9fa5-46cd-a742-676787954b0b,2021,68930,C
16189549-7489-4a04-bad7-6bc0c110c399,2021,11452,C
44d43be3-80f6-4851-a3ae-d0b957e47027,2021,108660,C
5c92e1cc-bfb2-4e07-948a-be3a6c7881e9,2021,13595,C
610f62f9-397f-4d2b-81ff-d43a2be76477,2021,1265453,C
f867cb96-fc75-45ed-8b69-41f2031cba52,2021,19047,C
05b08f30-183c-4634-982a-7cc37fb97a37,2021,1376181,C
86ddbf05-568a-413b-8b14-712fde04855c,2021,2209,C
a1c55da1-a14a-4e0c-83eb-89ee7e8ae859,2021,99820,C
7518a8d5-111e-4e52-8fba-219296e1e7de,2021,116770,C
56c01576-c09e-4f1f-9394-353384f2cbe4,2021,1267543,C
91d2f120-a796-403b-b84e-ebd6f4b0e2d9,2021,118420,C
d585a8b0-8134-43a4-8eed-360afbd8bd48,2021,48205,C
2b213cfd-f0d5-4eb0-a17f-74a09073bc9a,2021,513,C
bb413e25-49fc-4195-8a55-f4222bb33a51,2021,11730,C
0ba11632-8c39-4a4d-8304-3d7e94ed763f,2021,12313,C
ecdd725f-1ad9-4174-a280-fb0b7aabedbe,2021,11452,C
cb977fde-15d8-455c-90f4-f7d7ad317fe8,2021,47051,C
71e16971-db1e-400d-83b2-8bf21971cbb1,2021,118468,C
4cda4823-beac-445c-b7d4-5e98e3911428,2021,1136142,C
f93feffa-a776-4129-8f92-92f6b5717665,2021,1288839,C
a8ca2d5f-9cf1-4141-b5c1-850ea38bf2a6,2021,1181327,C
24563448-f2ce-4879-922b-928a0f68e587,2021,1204325,C
9dacb9cc-42f7-477e-adaa-efd74def1668,2021,1533190,C
4f0d4bde-3c5b-4014-b4bb-9ed418750e98,2021,1102628,C
cf46bb0e-626a-4bad-9b11-c24ee2df141d,2021,13401,C
191863cf-e08e-4d27-bb85-bd40be14bc7d,2021,62484,C
625665d8-ceec-482e-bd31-8730a3f95643,2021,59122,C
15e35010-44ac-4e02-be63-0dbf2dfae379,2021,20030,C
2610ebac-64f7-4071-a645-1c82547d7ab9,2021,1288002,C
58f320e9-0160-4d2c-a3f9-9dda30a76af6,2021,13595,C
8e66d084-19af-4066-bf64-e18874b359e2,2021,49054,C
07fe5e0b-6b70-41e3-9d45-83b199f58ae2,2021,1136142,C
60fd5148-8cce-43e0-8316-e13d78ce4f38,2021,90030,C
5c020650-bab4-410e-96d9-7aee17cb2e19,2021,317,C
0289c9da-877c-40f3-a678-0ac85bfcfd93,2021,1272079,C
302a75d0-5617-44fa-b3ee-469fc858b7a5,2021,53333,C
10112897-bf3e-4697-87b6-3718aa697051,2021,117022,C
a7e5c1da-691e-4f09-9cbe-8ec640c99b50,2021,11730,C
4006a2df-2478-451f-99c4-74e83c229ee8,2021,108660,C
8a4ecb81-b19a-4e8b-9097-fc7509555d28,2021,62484,C
2ed3a267-0119-45ee-9cc5-66595de0c6e2,2021,18559,C
6b5a4032-0c69-4425-9171-9ac2b5c524b1,2021,50082,C
d330f5f0-8148-434d-9279-3eecac6bc3dd,2021,13595,C
108c6d42-48d2-405a-b931-4aec7f8f9b6f,2021,97778,C
6c6e0c1b-a261-44bd-b8cc-8671f0fd127e,2021,107360,C
30dbfb88-785e-4ea0-a539-d87deef7f41b,2021,1136142,C
4e2aa3ca-7bb3-48d4-a973-fad4afcb30ce,2021,1132918,C
d7da64b5-281c-4ab5-8fb8-8530f51cf0c4,2021,1101244,C
cc2a679a-6eb6-4406-a0e9-a622470ea6bc,2021,88084,C
f257c1bf-f3e3-4b05-9912-ea3e432220c0,2021,22047,C
64c86fd1-b07e-4c99-8d91-3dd50f523cf5,2021,1330347,C
94078b9a-7f34-461f-8ea2-c332e00b0b5f,2021,18671,C
22bdf07f-b399-4160-b268-52993d63e7e3,2021,43664,C
1f659737-facf-4284-99e5-a2504f6994c5,2021,73140,C
2eff6d29-fa2c-4782-a355-1c96d02e406e,2021,13401,C
0b5b36a9-dc4e-4d76-b26d-4896057681ec,2021,1136142,C
a05d4a9e-a970-417d-81ac-d236ee3ba9de,2021,1314243,C
e8b2f12d-cebf-44fa-9843-ddc75e956ec2,2021,13980,C
f742cca1-8350-4ee1-9cf5-61e2a2c828f7,2021,18559,C
09edcd2b-2f37-4aab-898d-eee054eab64e,2021,13595,C
fa445b93-1211-4982-af9a-c30b6a926b34,2021,20030,C
4c64a666-0c12-45ed-9fd1-33c24a349989,2021,11452,C
3d7e4e58-bd5b-4fbe-9026-5d944c21c02d,2021,13595,C
b4b3669a-56d0-455a-88f9-d466544ad6a4,2021,19047,C
a60b52a4-09c1-463f-9863-a3c6f6dbf9e1,2021,1136142,C
5e95f00e-a5ab-465d-9392-96fdb88af6ef,2021,1102628,C
1fd9fc6a-2fcb-4838-98fd-6b7f6e3a22d5,2021,53331,C
eab4ad4d-f9c3-4605-8871-54d67c622ff3,2021,97778,C
7bc083a9-7d16-42f3-b512-c27765281280,2021,13277,C
40f1a210-1b38-4114-b71a-eb1cd3adac15,2021,98595,C
5a83b336-1308-4bc0-baca-7a7d516b203a,2021,48675,C
ac2189bc-9eaf-4880-86e4-6ee6b151e5cc,2021,108660,C
7afce1c9-1603-4ad7-a610-489de39ceb5e,2021,97778,C
1c9bf4b3-2b96-4ba1-9ce0-b67878bad66e,2021,98305,C
79621081-0b90-4b08-a313-107680b9f6d9,2021,1299927,C
c3038359-39b6-4ba7-b213-4d190b2e6252,2021,62484,C
04b28540-2011-4aa9-b67f-3d7d66176d88,2021,116770,C
8fca595a-b6db-4058-993a-16e8b3584e10,2021,1330347,C
e66c66a7-c2d8-4756-b944-7ba497f69a92,2021,118420,C
e95bf286-b4a0-457d-9eae-9927e5b25bf7,2021,13401,C
8398056d-69ea-40f0-95c9-17e1dbd6e6be,2021,13595,C
ded0250c-9f17-4d93-b072-12e3cd9bd818,2021,13446,C
44c7f2bb-2e9d-4b10-9c20-4dd364ed385d,2021,53333,C
09f86daf-4f33-4019-893d-0b8e92193434,2021,95017,C
cbdcf4e0-102f-4c5a-a307-63fbe3224b54,2021,11452,C
037480fa-a28c-4262-bcac-aa6eae5df7eb,2021,11452,C
04fdfcd2-2106-468f-ba61-72db1ff65a69,2021,18683,C
1dd757aa-2ce7-4ab6-9692-9fb26e04f834,2021,97778,C
019b2cd3-e8c1-43d5-a907-eb5b0b5b1350,2021,91262,C
5e60888a-9668-4342-9c1e-8bb9831ad33d,2021,1136142,C
39e36dd2-c615-40e8-8bc9-d5f83ff36167,2021,1300429,C
42a1f8be-faa5-4bb9-9ced-99611c8092b7,2021,13401,C
422c8f23-d090-47a3-83a4-d7924697536f,2021,19042,C
cf16040a-9222-477c-8a0a-53076e12328b,2021,118420,C
8ce800f8-6073-4ca4-b003-dd27ec85107b,2021,1181327,C
ee945feb-9e12-430f-9a0b-58920f8fd168,2021,98595,C
9601685c-6655-4c0d-96d2-81c4e3854d9c,2021,1190071,C
d2c0aceb-5163-49ac-8da2-3cc8c92916ea,2021,12313,C
27b8bceb-555d-45f2-8d3e-fbc50925df15,2021,13595,C
dd6e403e-da2d-4cf7-98cb-1d6147defa26,2021,1283028,C
8939a412-216a-4052-8b1d-54f7d5b53f2f,2021,20030,C
c9085f3a-a7be-4974-9c1a-31eaf6aed078,2021,13595,C
ba9e425f-422c-41d4-8483-0e95e5880553,2021,103062,C
5f3cf38d-5dbe-44c9-a5d9-2efea374a7d9,2021,59122,C
500a5b4e-dd1d-47ae-a958-f7b940474f90,2021,56172,C
d89f2019-82c2-425e-88ae-fcf8ba0d6534,2021,1136142,C
612fa54a-efae-400f-adfa-b68effecb8c3,2021,12313,C
aad85d87-f4a4-41d9-a2fa-54ee465374e0,2021,99406,C
9423b085-807c-4e39-b26c-7552b8f61e77,2021,95017,C
d4dd5672-1c9b-4a18-b67d-fbfaabbe6274,2021,2209,C
31fe46c4-56f5-49a0-80a7-84409d90cfe2,2021,13277,C
041cc0fb-0b33-436f-a0bf-4730586b6baa,2021,114616,C
f37d4688-a3f6-4e6a-a758-8b1749ba34ed,2021,18584,C
db1813ad-5325-4324-8bd7-4cbecc2ec3ec,2021,47069,C
b449e5d4-326d-44fd-8a9d-a2e87d54a6e8,2021,118420,C
488ff7da-47e2-4bbf-96ad-88c62c5ec1a3,2021,116770,C
f14273bf-f6f5-42d7-81bb-48ce5dfa42f9,2021,11452,C
671f7e30-9ab9-416f-bc6f-7aca36e1624d,2021,2209,C
c8e080e2-8ad6-45e6-be9a-9b1de24b2ae2,2021,18584,C
f3299e85-e6fb-48c1-9bb3-5d94346b234f,2021,94762,C
452e84bb-9b51-43a1-88a7-cc3bc8ebc2ed,2021,55402,C
7534a18e-f661-4eda-8e77-993473d86e47,2021,5000143,C
1f5cf21f-df20-4be8-bac6-b733762159bc,2021,1379275,C
2d833895-a125-41e2-a905-32f024d38ff4,2021,1102628,C
0d721d31-a973-49ee-b88a-87d59f9d30f0,2021,13277,C
6745d9e7-cc58-4b32-9148-ee2fa756d53a,2021,5000143,C
2a526c6d-16c1-48af-a140-4ac32414d9d6,2021,1330347,C
25ebbc5b-eacb-4599-a8d9-c35be4b99cc4,2021,2209,C
cba48de6-2e71-476f-8b5c-3bf0bea5f5d2,2021,98595,C
33fd94b5-2be3-496d-af49-b46dbdb7a23a,2021,20030,C
b62d79e2-0718-4c34-969e-ac1e7699b137,2021,1272079,C
22b83585-1ea9-4bfb-b3af-ec466590e664,2021,58808,C
8f88fd17-bdda-4c62-bd6d-fb37cd0f9001,2021,49054,C
bb447092-fa5e-414e-8288-654761bd1b88,2021,1403879,C
4cf1cec0-7f41-40f3-bc57-5da58d156fb4,2021,98595,C
0d0fa9b9-2741-46eb-aabf-c2f3a5e234d2,2021,86326,C
380a5adc-cc32-409a-a346-d6d9f0ec124a,2021,13446,C
722b74f4-6ee6-4598-8398-113a471ad5bf,2021,118420,C
b6a2dfbb-b780-44ac-8f36-7077d0571067,2021,11452,C
60069541-f4ee-44ae-8fb9-cff0e101b785,2021,513,C
3e5cf875-0322-432b-b069-3486dcca9ffa,2021,95017,C
4024d375-4674-487a-906b-481a1917ff89,2021,1118057,C
0668134f-9309-45c8-a69f-6ba06c146390,2021,107360,C
fc6b0470-a267-40a2-9ed9-8ad591b0d7de,2021,11730,C
4cb6c2d4-2a3e-42b1-963f-b2a29d8c8fb5,2021,1102628,C
6b4f9fb1-0118-44b3-8111-a5109cf68f4d,2021,1102628,C
c4d03bae-5a5b-4e8d-9d19-dab6fdc12f21,2021,56172,C
673558be-4227-4a47-952c-24f1e1e3a99c,2021,114616,C
c8332975-90f5-46bf-a858-5e1588199230,2021,1132918,C
a5075c78-9a7e-4089-aee4-841d81551df5,2021,1270596,C
2b24fa92-8107-49d7-8200-c80443f825ee,2021,11452,C
a7b70b21-1053-447b-a90a-5f264b05eb2b,2021,11730,C
d2050c99-77e9-4d1a-a7a6-8f4c258192e4,2021,13980,C
5030b7be-a933-4276-9b42-e5a965e70337,2021,118468,C
2e7c3025-632b-488b-8215-036f00ed9af0,2021,1379275,C
0ce79b00-1295-4eae-8232-756ad54c640c,2021,18559,C
66c4de9a-3504-4252-b3cc-f9d5f1788040,2021,11554,C
8f1e7a28-c663-4f13-954a-4e5c7f5c1c5f,2021,118468,C
fa867242-3212-4bfd-b62e-1a07aef1fe8c,2021,5000135,C
c81903ba-8ff9-4f72-a23e-196b78299b08,2021,1070485,C
2d0b657c-cc5e-4002-a41d-83587adb3216,2021,1300429,C
dcb45dde-4ba5-4f21-8152-579b427a7109,2021,1330347,C
e25a14fa-99dd-4ff1-b7be-7c39b6433ad9,2021,1288002,C
d4ce6b71-4a84-4f81-b0bc-6c58549db0fe,2021,13446,C
94ef000f-84a5-4b66-87ae-0ee81fb1f4c4,2021,98595,C
4e9a623a-f3ae-4409-a2cd-d5c831d2dd00,2021,118420,C
2680f24e-ebd3-4500-b90c-d0216447d5f8,2021,94762,C
76ffe7c0-47ee-4fe9-9c41-55fbd7c9e017,2021,13277,C
651cf621-6dd8-4421-b5cf-be2005104aa4,2021,101942,C
1730efd0-f5ae-4418-bc19-9023121ea457,2021,1190071,C
6a2664b2-2564-44bb-a10c-b379bd69c753,2021,1330347,C
c6bd9945-6fcb-4378-b54a-1062b455303b,2021,317,C
4709be7c-2ad8-4430-a613-9b867aeba887,2021,1288002,C
68c5f68d-90c3-49b7-9e83-631c1692c572,2021,13446,C
bed47114-c00c-4153-8d3d-84bd184e434c,2021,101942,C
b14d15ad-a010-4a6d-b6fc-0ba676008de7,2021,13216,C
c875f5f9-ac6d-4f96-bd3f-08e700b179d9,2021,1267543,C
9ca71310-a612-46f5-ac2f-399ec24142fc,2021,13401,C
e32d5d78-d64b-46a9-ba12-77fbe8d50b1b,2021,1136142,C
38457489-3c52-4d5e-8b83-7a140f71b7c1,2021,1283028,C
0493d128-e2c4-4809-9aaf-d245d7b71a84,2021,2209,C
d26f0624-2495-4884-af8c-cde5e52d22f3,2021,12313,C
1c47572d-e4af-41c8-83cf-6f287fe8be7f,2021,317,C
14a6a03a-e650-422a-ba60-7279b217b887,2021,107360,C
7441bb4a-e51f-4b39-a007-22dc36d9a5b1,2021,118994,C
3295d48a-57cd-472c-845f-db3a9c87d58f,2021,1190071,C
9f558100-d621-46f9-b969-81ac1764b9d4,2021,1265453,C
c110ac73-05e5-400d-9c66-1d84d0d81c3d,2021,95175,C
46d8607a-6a2d-4852-9ba6-59d7172c4843,2021,1101244,C
82ecf8a9-2f96-4ad8-a723-32b5fc27555e,2021,11452,C
d566743d-d2c1-4349-bd5c-8c89346d202e,2021,117532,C
ee694e25-d600-41e3-b4e2-4ddece4a311f,2021,118420,C
00500570-9ba2-4b2b-89cd-22a927bda2e6,2021,62484,C
6f462814-b2ac-45fb-998d-c6a45e8e8ae5,2021,94762,C
99a520c2-e735-4b6b-80bc-a2297fa95d2e,2021,19042,C
b9d31e3e-46a7-4804-96a8-7ecbf35f8e56,2021,1351760,C
182783df-17c7-4e02-8135-42c5d0ea0ad2,2021,94762,C
992454ff-8133-41df-aed7-c184de4c3f1c,2021,20030,C
5799c2aa-105a-47d3-a9f5-7806d3441737,2021,1314243,C
c239f53c-395c-444d-a7f5-b08e5d3f974b,2021,68930,C
73f213a3-9ca3-47dc-9299-f80d259493a3,2021,99406,C
572d12df-86ab-4fc9-aaf2-f603a1360d11,2021,5000143,C
4f7f1149-edbd-4b26-bc01-a21820365a12,2021,13595,C
7f2546b1-ad7c-4055-a00c-0a748957fdc1,2021,9440,C
25d6b8f1-8b47-47e9-9ae9-194a4bb4e21c,2021,1101244,C
7b0a6cda-703b-4d64-be43-316cbacc69ee,2021,106167,C
18c21e34-d609-45cc-80ea-f52e609622cf,2021,13980,C
176128dd-d578-46c2-87fe-bdd9b55dd368,2021,1047907,C
fe47ae7d-e5ab-4053-8bcc-8d8eba00a5cc,2021,59122,C
6f0fcf26-9a54-4ac7-adbf-bdfe5feab173,2021,11452,C
385cfd08-47c1-4259-9c96-d58257b6c2c6,2021,2209,C
a85c837d-8cc2-4d87-807a-75816a81253d,2021,1118057,C
8bfdced0-d64e-4f49-9cb2-4e55a961bc32,2021,13446,C
839d0437-dd01-4b43-90c4-71a28e32c9b1,2021,49054,C
345aaab5-9988-46d7-864d-696e5f3d2be3,2021,18903,C
220917b1-e4d5-4cc7-a7aa-e8cf7b5c0108,2021,98595,C
d485568a-0077-41af-8836-362699dbfd5b,2021,98595,C
e071df90-1539-4df3-85cc-b58f98b051c3,2021,1148708,C
e6079dcc-70ae-4f80-a8b1-d925f49e50bf,2021,62484,C
d899cdac-4901-4eba-b256-febdd90a77a9,2021,1136142,C
d6ce265a-5e02-4c4a-a315-ca25464a3953,2021,968,C
3e5fac46-855a-460a-b9b4-a91cc8f47799,2021,118420,C
408ee5ba-0ce3-4c65-88da-9467a733ae6d,2021,1288002,C
224b93fa-2b8c-4910-bb1d-53311eaa09df,2021,13446,C
456cf57d-cc6e-400d-b21c-5c8912596288,2021,118420,C
b12756c9-1272-4d9c-8d6c-dc3e1b3d68d7,2021,99406,C
d76cdbde-19db-4371-baf7-1cb6cc17781e,2021,11452,C
4e133484-23ef-4a48-9c36-92f7dee983d4,2021,22047,C
fdc482a2-a6ac-4797-bcf5-72a019458bf5,2021,95175,C
0e74ddd8-311a-4287-a731-c532379a86b2,2021,64664,C
7f473566-2944-4786-8942-198cd44872cf,2021,64664,C
85c090e9-22f5-4e93-a1ad-8c910d14f626,2021,13446,C
79c07504-2e5c-44e2-aa22-8b23291c5aa3,2021,1136142,C
10f6d191-0dc8-4183-a413-ef8995df1bc9,2021,56172,C
b8d16201-67da-42be-988d-7f355902b7cb,2021,13595,C
43a5ec97-362d-45de-82cd-7268fbbf2385,2021,53342,C
c7178ac7-3e67-413c-b6f2-278b7f00ed03,2021,118420,C
22d25791-3ff9-4072-8b13-dddb3380e5bb,2021,11452,C
981a924d-e33a-4b11-9e0e-593e18edb565,2021,62484,C
7326d655-3a13-4781-9305-1b751b41373a,2021,513,C
d245008d-b327-4ede-b04b-f6b1c2fac060,2021,1269545,C
1dd2b7cc-0eca-494e-b8b4-4f53de9d6edd,2021,317,C
92fc6a0f-3211-4a25-9e07-68eff7184845,2021,513,C
06ab4102-fa85-4e76-a965-95b48adfb26e,2021,13595,C
2b8be12e-1a97-496f-86fb-a89179714e00,2021,1314243,C
d160f971-837f-49b9-b4a4-ac2b19984d55,2021,97443,C
04dfa690-d2c7-48b3-98d1-7e68411a6dec,2021,56172,C
266f0d12-8df2-4e8e-9421-1cab2f998af4,2021,13595,C
af23abde-dfdc-4585-a77f-25570d7bf417,2021,1136142,C
6dc7c832-2b8b-4a5d-ac02-3f33d4ed774c,2021,18558,C
9d31cfc5-b886-4d18-ac97-1e7f8e2c3c9f,2021,1318224,C
175ce446-66ff-4a6d-8a58-a76237077e98,2021,513,C
5df796cd-7d56-4432-896c-6134e7c36b9a,2021,513,C
973058b3-1182-469d-8dec-1c7db4347bc9,2021,113455,C
45bdf66d-7dc7-40a9-914c-44bfdd6deb84,2021,1272079,C
f5165857-20ab-4db9-bbaf-fb71f7350611,2021,317,C
f8284508-d338-4d48-9b37-531c4075c071,2021,62484,C
8c42d809-1fa9-4241-b857-048aec278bf0,2021,37862,C
b6004cda-e1d0-4b54-b975-5c9dc99d381a,2021,99820,C
37ae1476-e08a-4ce3-a57a-1d3571deb773,2021,513,C
b5c4592b-a08e-4a58-9979-ede6fa253cc0,2021,13401,C
3bc97761-3c03-4e13-8fb7-ce6e902db39c,2021,95017,C
1af4bdfb-aedc-4bb2-a0e1-9f639c48c1d3,2021,13446,C
40f2cd4b-4307-4984-8d6f-4fcb029f1722,2021,118420,C
6d5f0653-30d9-464a-8d3e-09f63385518e,2021,13401,C
ad5e4d2d-7d06-4487-83bc-d80324dfa88c,2021,1181327,C
b2a3774d-25fb-4c8b-ab98-3b13a645c0aa,2021,13401,C
8abeec79-07aa-4b9c-b7a8-2a7a3829a378,2021,11554,C
973f0e52-484f-431a-a5c3-7f3df3fb541c,2021,118420,C
c6b19655-5a3b-47f9-9d44-eb517c10d1a4,2021,98595,C
e326aade-b8f2-4342-95da-815b0089cf8d,2021,21464,C
3ebe49f4-0ddb-41c4-a181-55b44d201a76,2021,13595,C
a56f0565-7b6b-4f85-9cad-33d6592562f5,2021,1322390,C
681531bb-f2c0-4491-902a-7e3b43237a27,2021,1108692,C
4d3eee11-025b-4f2f-9ad1-0ccda049c7eb,2021,64664,C
7aaa7e5a-fd80-499e-b7e1-c3a457ad8bac,2021,1288002,C
82bee5ac-b072-4a41-80df-0f99b4fa837e,2021,56172,C
dba61c7f-176c-41a5-a272-c0130295a9e3,2021,11452,C
fcaf8e56-7023-4ad0-b303-bb2f3b0aa33f,2021,1102628,C
fdda6c3e-1561-470c-b495-fa1be4181deb,2021,317,C
e595b200-1843-4034-aee1-1de807c27d98,2021,94762,C
3c5e7b13-1ba7-4430-a528-d4a708f66efb,2021,50082,C
27998048-d313-4348-b5d9-7c38b8747b74,2021,13401,C
c011e7cd-3995-4710-825c-913e0f8a1c99,2021,1136142,C
1af60d7b-61da-4384-a40e-6feb964a818f,2021,11554,C
5eb730d0-ef6c-43e0-a9d4-6604d195a5d7,2021,11730,C
950cc154-65df-456e-8f40-ad0f62d2a814,2021,13277,C
071dc122-ed43-4752-8d2c-ecb963bdcd67,2021,11452,C
40dc3be7-36dc-40d2-8b69-fc93d45efef3,2021,13595,C
e61c85ec-6a76-4ec2-a397-737596bb4919,2021,13401,C
593855a9-71ec-4493-b208-0ebaaa6e5c77,2021,101830,C
2f6b27fe-bae2-4bc2-b454-0817a6d74d8c,2021,95017,C
64edbfa6-d179-4083-b997-7f37b9839fbb,2021,99406,C
1a469fe8-a617-4b54-a15f-67221df6dd7d,2021,1376131,C
ce32bfd3-cdb1-4e46-8e19-d0947913a465,2021,54934,C
fd7ce882-d48a-46ec-bb43-367d8e422b83,2021,13446,C
647744bf-5175-4ddd-91ad-9193e6e1f52d,2021,1136142,C
a62db678-ab9d-4461-a447-d7e290584f81,2021,21464,C
c8655b1c-9fc6-46b3-ba56-405f87a582a4,2021,13595,C
d375b0d9-5019-4072-b44b-c6687e7dc13e,2021,13595,C
c1b4affb-8083-4381-bdf9-7f950bf42d7a,2021,118420,C
86f120eb-fe2e-4cdd-9624-679ebc30b087,2021,19042,C
c5912882-ced8-4588-99c9-8ce88e9d3483,2021,1385488,C
f545dc5d-dc2b-4cf6-a8ed-70075c91f821,2021,1136142,C
f9304a1b-7498-4e51-b71a-fc8f4897ef64,2021,118420,C
115275e8-8444-4155-b244-8fda237f1ff3,2021,1132918,C
a52292b2-0fac-4944-a7c1-cf1d19c0d8c3,2021,13401,C
e0d76846-f9bc-4bf4-8a06-5a81e611fc84,2021,13446,C
b8280ff7-bcf9-464e-a80a-e68de196f6c6,2021,1102628,C
f8b3a4e6-725a-4193-9549-018ca2a910c8,2021,1270596,C
080909e8-e5f2-481d-a17d-b6bb8938a930,2021,103062,C
d423b24e-d023-427e-be1d-59378c5018fb,2021,53342,C
16fe431e-0dec-447d-8432-26d614a27a39,2021,98595,C
e532f4c1-3077-4294-93a7-3554ec0a6866,2021,13980,C
2185d062-7120-48c9-a77b-f8836b7c862e,2021,13980,C
9b49c4a2-a749-4523-a6c0-43412f900ba0,2021,13595,C
35820eab-2e3e-414a-8c73-c7a72ec3cfd2,2021,1330347,C
88b49bac-10ff-4b0f-b04c-f1f831175106,2021,1118057,C
0451d1d4-f544-48f0-b87a-01945c6e72f8,2021,1288839,C
ba533f83-e74b-4679-9f1b-3ae8eeea8860,2021,97443,C
114b1375-eb59-48cb-b920-0e364c4e60d9,2021,317,C
418d60a9-7bfa-49ad-b5f4-8a010f54d113,2021,1132918,C
6b75c5fe-0273-4d1e-8ba7-db06bd48827d,2021,11730,C
2dd7d5ca-72a4-4ba7-9b23-62b7d4c54e60,2021,13446,C
9950958a-4927-4632-9276-fc9b0cf0dbb9,2021,13595,C
e0324457-1350-43ea-a9f5-ac241ed1dc13,2021,1427745,C
1d97a08e-4209-4637-b1d7-1afd3045d07f,2021,13446,C
e01d258c-e652-4525-8705-5a7a55dfb390,2021,47505,C
c6d23a76-e30b-4658-aa03-fac938e9a4b7,2021,1306689,C
9738e0b7-bca7-429a-aeb8-2fda4e25ddcb,2021,97443,C
afe938cc-7d70-4031-bd08-f2590908cb54,2021,13401,C
cc038c88-24b4-4910-a91a-81f917df2c6e,2021,1102628,C
ce185ff6-2209-44d6-8f1c-339c7b9fcb00,2021,12313,C
0bac8a86-ab86-41da-afd4-d266608e3f1d,2021,19047,C
4c65ade8-e673-42a0-98fc-2f82786c2b66,2021,1385488,C
15047dd0-aa53-44f6-a5ce-b3dfba7bbc96,2021,11452,C
c1b68f64-8643-4abc-a392-4aac811960b4,2021,86326,C
6ee80b41-451d-4766-8726-5b106a17d8d8,2021,1102628,C
e547a546-9c36-4d0a-992b-542eb49efa04,2021,13595,C
a9006070-4bdf-4a3a-8cb1-ae401cd04b02,2021,22047,C
1d2b150d-2bb8-44cd-b989-eff890c3b41e,2021,13595,C
4ff23a08-a5d5-4057-a303-cc7058aef3f0,2021,99406,C
8126b1a1-9e14-4972-81cd-4868b63ecce7,2021,41238,C
834d7d20-2b29-4b30-a6d0-ffd669f1c86d,2021,103062,C
2074037f-6c39-4a2c-bc99-359779258950,2021,1101244,C
972199fc-f5b0-446a-b133-f0251bc8ba1d,2021,13595,C
94e0162e-4ccf-417c-a1f0-79fe850c722a,2021,53342,C
43202008-7257-4a47-943b-7b039c95fbd3,2021,13277,C
5ae2d729-aecc-4d98-a87c-e045f9a19010,2021,1330347,C
95b3394c-d6a8-4202-b506-9380b69952d6,2021,1136142,C
a31ae3ab-9fb1-4853-8dd6-e547ac2bacc2,2021,2209,C
2381200a-0deb-4fca-876d-991cb70ac619,2021,9440,C
8351e3d3-9afc-40b0-ab27-86c48f5f6805,2021,95175,C
93e98456-a363-4860-93b5-5ad9cf30e61b,2021,99406,C
3ebc9993-bb8f-4b74-ac3c-b53b9136ab5a,2021,99406,C
c87bc0b3-5225-434e-aede-864f5a2741aa,2021,11554,C
9c0017f6-e8a7-4c73-86ab-15aa1da6f9c9,2021,13595,C
ac7f6deb-fc6d-4ebb-a06c-dd919f283b0b,2021,11452,C
060eaf2b-6b98-4883-a25b-3696e9e903af,2021,13401,C
86be3ba6-31c4-4217-aae3-249a4c71d842,2021,64664,C
62c920d2-b3a2-44b3-9133-bc22d1442206,2021,12313,C
d5d580ff-6603-4b75-b96b-708fd1294e21,2021,62484,C
227ba22d-0613-40f0-b9e2-34c132b6ebcb,2021,1330347,C
d2038ddb-8fba-4265-8545-1d63e1d33c07,2021,1101244,C
3ee6d134-48af-4d8f-8823-481f24753e57,2021,13595,C
e280bf42-3d11-41b6-b525-65b663df43ce,2021,99406,C
43cd5583-f22c-4ee7-8e9a-d8ff21bdb667,2021,13595,C
8c980daa-40a7-48ed-8794-ca616f94ea96,2021,62484,C
d10c41f5-4830-4189-88b5-33a41c3d9a3d,2021,12313,C
b587ca8d-e4bd-4b68-bd43-5aad145f90c4,2021,13595,C
f3f28d09-58e1-4c02-adf8-811c7294ff64,2021,95017,C
1d1a0aa9-88d7-46b5-8dc7-a2318f5d806c,2021,11452,C
e5fc97a1-f700-412d-9cce-df60b63ad297,2021,118468,C
f9708510-5a1f-4201-86d1-430ab99b5b17,2021,1132918,C
361efd06-9e35-436a-814b-d95858aae8e8,2021,98595,C
80b2dad1-4cb5-4e33-bb2e-cfc61f43a11e,2021,1190071,C
6bd93e2b-3029-4adf-bf05-2d2f3503378f,2021,13277,C
8486cd09-d54f-4039-967a-79080f2979d6,2021,5000143,C
181bb7f5-be7f-4b33-b431-df0adec6cd45,2021,13595,C
9665a2fa-b066-43f4-a064-a2f02b0120e9,2021,53333,C
fd3841fd-3f2a-4caa-8903-28a524fbb62e,2021,1132918,C
2b58f97c-b1bc-4e69-9946-7e19052965fe,2021,13277,C
b9447a94-76ca-473d-b3ab-390c4c8f9b7a,2021,99406,C
e9eb48a7-eff9-4ce4-a5fb-76707da3c4f6,2021,103062,C
9c90db70-f731-41f8-bf86-a5441e7df5ae,2021,11554,C
720b3505-4c5b-4236-9e77-f6d71e322437,2021,67601,C
efbf87f2-df28-47b5-b22a-87e55e5b4cd0,2021,317,C
93f115e0-66fa-4ee4-8929-20eb1a92ee9f,2021,13595,C
62849234-5084-451c-84d5-0797171712d1,2021,13446,C
3c47dc9f-cc11-41f8-b627-8e46e7347f1d,2021,317,C
8493ba64-1a38-49b4-b761-83d94a141abc,2021,1422296,C
25d10cc6-9457-4f49-88a7-5061c95aa6db,2021,1136142,C
ea8d9a45-8d6d-4135-8e75-f4876eefc74f,2021,1136142,C
734e76d6-e74b-4d52-b14d-eabed5bf66d9,2021,1300429,C
feed311c-833c-49e9-ae99-f04163e15e35,2021,11452,C
064cb5e1-3255-49df-b97c-474d60fbf908,2021,97443,C
1d42da1c-bfcc-46d4-9543-8966e062f141,2021,13595,C
3ecf8db5-7198-4d4d-8a0e-b31f489f9a11,2021,1136142,C
2d8686bf-fd3a-4afd-b000-4d1e5cdcf504,2021,317,C
228b2e61-2e4f-4b6d-aee8-8f961800783e,2021,1101244,C
1cf41572-5bdf-4a8e-8963-7c08e6941542,2021,13595,C
0736ea6b-0132-45b6-869f-5023d1c3a0cd,2021,91262,C
7873a536-2413-4a76-9fdb-3b79df683554,2021,21464,C
d45ddc80-e20d-4d43-92bc-4ba131ceaf7d,2021,1136142,C
848c4e14-6976-471b-a7c8-8af39eb6d787,2021,49071,C
ab4e14e1-c258-4fc0-bcc8-605933c17128,2021,13980,C
3874b772-792a-4c4a-8c70-154844c5fde5,2021,13216,C
a618b922-fb41-400e-baa0-e7f02399a9c5,2021,13595,C
48a9ee6e-9586-4a5f-b7fd-e6fbaa562cfd,2021,1288002,C
5f2c8489-7b39-4364-aa51-a051d47494df,2021,13595,C
f03a2af6-ad83-40d4-9f29-e8f13f68bf2c,2021,49054,C
ad023089-b833-478e-99b7-31804351fd08,2021,513,C
ada0f9d1-ba63-49e9-8f38-e2d8da31d077,2021,13595,C
86ed46cb-270b-4f4f-912a-121e5d8baeeb,2021,13595,C
4b7fbf68-d6f4-49df-a03a-ff3c3549eac5,2021,13595,C
09942529-819f-42a0-9b2d-65c122f5342a,2021,13446,C
6bf4ff39-5302-46b3-881c-ee536fbe66f5,2021,13446,C
e1dc37c9-cd0f-459a-9611-25054a6a0445,2021,1136142,C
0e2b1577-3ca8-44db-a4e8-0ddf213fff48,2021,116770,C
ccb6df05-309e-4657-a49f-f9adacd51ba4,2021,13595,C
7b66f550-41ee-4ed5-9c71-eb3b3204c6cb,2021,317,C
18bbda89-ec1a-4d04-b9c4-89f68fd2985f,2021,13980,C
9a81f5a4-8a79-43e4-a707-e55dc50d1fc6,2021,1136142,C
2d3d3ba3-3a90-4f06-9faa-c343db4dc372,2021,1181327,C
5c1b0c2a-d379-4d38-a9d2-e402d569fe41,2021,94762,C
990705fe-4150-4a80-91e6-19aa1dc55660,2021,13446,C
22aa7ab2-e192-43d0-b3fc-f8576a903635,2021,12313,C
684079ae-0c43-4149-af5e-c4cf8b72406e,2021,13595,C
e5425b7a-b0c3-4517-875c-dab04dffe41d,2021,1299927,C
a7638437-6238-4f0c-b103-74163d80d113,2021,1136142,C
f96f286b-3225-43f2-977d-1bd3dd42d3e9,2021,13446,C
c54e4362-e1e0-4168-af26-8920f2e7b47f,2021,13277,C
03948e37-a796-46e0-a726-9ebdf4875400,2021,13446,C
8f08869c-9b0a-4145-8210-bea8ad585e88,2021,53331,C
439e0f6c-d8b4-45e8-8ce1-93ba775657b1,2021,13595,C
5ec5a313-1b0d-4b5e-adb7-1c80a35bb9b5,2021,13595,C
fdef960c-bc30-4374-b573-31e6bbaf3aff,2021,13277,C
2ac20f24-84bf-4ff1-82a1-8371d29fabf2,2021,18584,C
f9f21bdc-fdc9-4dde-8199-242a933e1c6c,2021,102590,C
f2377a0b-637e-4249-8ae7-21c6bc11933f,2021,1113582,C
c5d05c10-3b01-4d53-8d84-d138fbea528b,2021,1113582,C
5369a442-b713-4eec-91ea-e9bc6f5c8173,2021,1113582,C
a91995e2-51e8-4820-a54a-9f9811f8d605,2021,1113582,C
66efb6de-ad06-48e8-9cc9-5b6f3ee9b081,2021,1113582,C
b95efd7e-9620-4bc0-ae50-df84857587e0,2021,18559,C
95197291-92b6-4e62-8bc5-7cbf269ee62c,2021,1113582,C
3d7b7883-bdca-416f-beae-8bd4f5f274b2,2021,1113582,C
43a2b960-496e-4ed3-8bfe-57a598c356d1,2021,1113582,C
85ebbb33-7d80-4450-982d-34d06038d9fb,2021,18559,C
3a8028d0-e384-4569-9f90-17d2a53491ca,2021,18559,C
3caa9eaf-2120-497b-8703-05debc655294,2021,1113582,C
9082bcd5-d176-4287-9c56-5f641ffecdc0,2021,20933,C
0f602454-d7fb-43c5-88c1-70851314af74,2021,513,C
a1820c0a-9396-42ad-b330-873a775b0361,2021,513,C
79db06c1-5cc4-475b-8ac0-709a1a778faf,2021,513,C
9596fd6f-7aba-4a5a-a567-0a02608ca4ed,2021,1113582,C
9e2a41c5-9369-4691-8a99-da438c8adde2,2021,1113582,C
aaee2c95-b50d-4b5b-9a77-f6ceb0d3f819,2021,1113582,C
0cc33675-f878-47e5-b850-431639742b64,2021,1113582,C
beb3f9a7-a2f0-496e-ba5e-bde80f9d1896,2021,1113582,C
3af1a84b-7d47-4420-b879-e4455f33c8fc,2021,1113582,C
f8ff1886-4dd8-4efb-aaea-2b785a114ea2,2021,19042,C
1b851e94-d876-4580-9360-bb817f526045,2021,99820,C
067c8feb-5938-4152-b0eb-3ff03c34fdbd,2021,101942,C
da2fc4f2-e08b-4c50-b17e-20b118017644,2021,101942,C
7955d60c-9c99-4f50-b6f1-e57e002df817,2021,112086,C
bc2184d4-e42b-4ed3-b6cc-99a514a61d01,2021,86318,C
dfea5c4e-ede5-4a1f-a839-6f359792da7f,2021,86318,C
5b4cf05f-86c8-47c6-a21e-a253db78dd75,2021,86318,C
ff625ec7-b740-43f8-8d97-89974a6a8925,2021,86318,C
f9122537-841e-4936-bbc2-23cebdb64d80,2021,86318,C
6fcfadda-f31e-4f8e-a558-24426efc6169,2021,86318,C
f6980fc9-9911-4aba-8f39-13c70aca27b3,2021,86318,C
01391c91-0501-464b-beec-cde6615aa202,2021,86318,C
e573e658-6da3-47f2-a276-6b884f0afaea,2021,86318,C
f637f70d-94be-46a0-8eb7-bcc1e2fa6e4b,2021,1103723,C
01a90a58-396f-4a02-a6f3-06c6453f323d,2021,86318,C
e0036744-5fac-43cd-8172-194645165d11,2021,86318,C
678ce218-235a-4e56-be21-c3fe77dddb3f,2021,86318,C
c9f05496-597a-4362-945c-f1459591e6fa,2021,86318,C
64daa74d-9e99-41b6-961f-c43916319500,2021,86318,C
379a24ac-ec3a-4c01-aa42-c635dec9edb2,2021,11554,C
87a54ea1-2f9e-442e-9dfc-1ddee6d606d2,2021,98305,C
9eea3d59-f5ed-4bde-b01b-229a3d134222,2021,98305,C
1c44deee-c4bc-493b-bf56-43e483a3ab9e,2021,98305,C
1f4e928c-7d18-479a-acc3-e61c3da0976b,2021,1103723,C
5251ed94-ed6f-4534-9f10-4d92d47ca656,2021,73898,C
6872afb1-af9b-40c4-ba1f-6cd5357c8799,2021,73898,C
53e81845-5e12-4a6f-893e-19d584c1f787,2021,73898,C
f1ae1137-0389-4a4e-bffc-e9e622a8d389,2021,73898,C
ed056c75-326f-45c8-8a11-42e8d0f61755,2021,73898,C
a60936a0-83a0-402a-9dc5-1080a73bc972,2021,1385488,C
b06e5507-8673-4d60-acda-39cfdd77b0bc,2021,13595,C
92bfe824-74da-4b07-9acb-c8efdb718a63,2021,18559,C
07d22342-519e-4c3b-b420-335383c64b10,2021,37862,C
fb6f9ee0-c863-49e0-b455-de09c84fa493,2021,107360,C
f7384ea3-fbe9-427f-a1e1-e13d0bf4713a,2021,107360,C
38aa705f-c2e3-4523-803c-4dd8ab0283c6,2021,107360,C
5969f7c5-0da5-4879-a666-c34d1ced708b,2021,107360,C
e403afe3-dd1f-42a4-aec5-042eaa9def4e,2021,1265453,C
41aa2b17-19ec-478a-abe8-744dd823e66d,2021,11730,C
38d72e80-c16f-4802-be47-27b8c9872299,2021,1148708,C
0c6f92fe-7303-4a77-bfc1-d08419105150,2021,1148708,C
05090fe7-9b82-4aa1-8ed2-e214628d2f8a,2021,13401,C
b01e13a2-d8c5-4653-8d61-2a7d3d635608,2021,1180773,C
82b6a784-fbc2-4a2c-bac1-affb110d83ac,2021,1180773,C
905bcabe-1255-4caa-97ce-126dff42c772,2021,106996,C
d45237a1-0867-4b78-8671-6fa4de87e487,2021,1180773,C
03a35050-b675-45bc-8e49-b69dd566cd5c,2021,1180773,C
5e6fac71-445a-48f4-83c5-61f9786de0cd,2021,1180773,C
195db8e7-f9dd-4f6a-9a40-a23ac759bca9,2021,19047,C
53d1c9c0-d073-44f5-b64e-a694b2fd9e34,2021,83388,C
8803db79-0dd1-4359-85ce-9a15011ac5c3,2021,88084,C
fa4a0bc5-b4e8-48d8-a3d1-29b5b8c5270e,2021,1180773,C
9d9e7fba-bf20-46b8-ae58-d19d8bad2297,2021,1180773,C
a11b4e64-05e6-40ee-8f82-90cdfa0812fa,2021,49054,C
e2c180e5-7545-4cb7-be82-b0ce8e3c58a5,2021,1180773,C
e6496066-1d19-4a62-b11b-64bbd6a263a5,2021,1180773,C
792b8594-f519-4593-afe8-3cefe154244d,2021,73898,C
a917bcdd-c64d-4df5-8d5c-b1b26652b15f,2021,73898,C
b1fa6039-3805-414f-9735-a29205a0fa50,2021,1136142,C
b3949d44-18c5-4830-b980-ff4e9de10cda,2021,1136142,C
b55d0427-ab75-402d-acda-67de384258c5,2021,1136142,C
400aa476-e0a4-4fba-9cb1-dbc407b42967,2021,1136142,C
0d7ac147-c1f7-4ae3-8c80-79f396281485,2021,73898,C
f1d34bf2-9929-40a5-8c59-af04cdd7e27a,2021,73898,C
32cf2118-2d7e-4d49-9c5b-22f272b31433,2021,73898,C
293f4e3c-cab6-43a3-81ad-472e59fd23d6,2021,1110857,C
fe6343df-e8a5-44ec-a379-0ef6941cdb27,2021,1110857,C
71523a93-51d3-4498-914a-94db767315ab,2021,90030,C
24b31a75-19c7-400b-946b-0ed8145486e1,2021,1102628,C
e329b336-e7cd-439b-b27b-d9d648829c55,2021,118420,C
ad799728-02c7-427c-87f6-29a2ee8ce657,2021,1102628,C
c47bfb2a-c684-430c-92f1-1fd72702c755,2021,1288839,C
93c63db2-2888-4778-85de-aabad612f3a6,2021,37862,C
4f219d82-b28d-4683-994e-d7b2e40d4c07,2021,37862,C
97fd4f39-bae1-4e84-afc5-891c054bbddb,2021,118420,C
f474383c-0572-4e44-aa11-2473709ade7e,2021,13401,C
c5fbf8d2-9e0a-4f08-a28e-8985641c9794,2021,113455,C
962ee462-cb21-4dae-aed6-7dba5b205bcf,2021,113455,C
2dd75907-dbc0-443f-a545-d42bd2fde42e,2021,13401,C
cb4e7b87-757b-4ac3-881e-78b109db3fba,2021,1110857,C
f46034a1-9106-4eb7-9b56-ffbccff89ee4,2021,1110857,C
0a5d5175-a7c6-4fe8-87f5-5125a478013a,2021,1270680,C
08b3c038-7e5b-40a3-ab5a-4a809f4e0ab7,2021,94762,C
51db4f83-61de-4073-9115-8374de01b90b,2021,107360,C
94922f4d-f28b-4188-9d93-c2f951ce3cb5,2021,53342,C
562db07b-31d0-4d7b-a29a-7b98bd620579,2021,101830,C
f7acfeaa-42d4-44f4-9ade-3a3b690d3cff,2021,1181327,C
6e6ffcd1-f241-48bf-aae8-d1fd11ca5f67,2021,1270680,C
242e5a9f-9ccf-4041-b5dc-23c1e255f422,2021,11554,C
4d2e8c14-9422-4c01-87d2-e555052feb75,2021,20009,C
7fc35a8c-1837-4df2-9c5d-ff1fc2b70741,2021,20009,C
45c15737-fab5-4efb-bf1d-5edbe1af7dfd,2021,20009,C
19ee7035-8c7e-4d6f-b506-dbed7f910692,2021,1306689,C
04a6c811-629e-4d72-ba4e-be049ed35b55,2021,1132918,C
aad5cda0-2562-489f-b88e-95040b24c143,2021,1132918,C
7e0dc325-49e5-4fd0-a4f4-8e57eba43380,2021,12025,C
5975a3ed-3438-453f-8dc1-241799c6b196,2021,1047907,C
b5c3f3b4-d68d-493f-ba73-12b58d4ba092,2021,1047907,C
cd649495-d951-4070-a47b-90db772823d9,2021,1270680,C
973809ef-7f40-4458-a187-d185506e4656,2021,1270680,C
949b15e8-50e2-46c5-a8c7-02d78bc8f1e6,2021,12025,C
d31c4162-654b-43be-a9c1-16b03ff42dec,2021,12025,C
0a9603d0-ceb1-42c6-912f-f3760c8d7e1c,2021,107422,C
857d3958-d1b2-4f0c-b5af-8651f5ebe2a6,2021,13277,C
ac408ba7-897c-4e5c-afb5-e5becaf25761,2021,1204325,C
989e8a2e-9b9d-423d-99eb-51695ca17d67,2021,18250,C
299ef682-d6df-4e70-af84-d3546a51067a,2021,18250,C
290002ab-ac93-4490-94ab-ac8aa43b1c88,2021,18250,C
95ed633e-684a-4681-af70-ad2db36f2688,2021,1042278,C
2be199ea-23cd-4ba6-9090-2717b3d70571,2021,1042278,C
a325421f-976d-4db6-812f-95e824c08b8c,2021,1042278,C
f0c89723-e446-4f21-bc7b-1d79a291c32d,2021,37862,C
8ac4f7cb-c8e4-40bd-97d0-b6aac4322ad8,2021,113687,C
83118bb3-ff5d-4e62-843e-0f99f98a5a1b,2021,56172,C
6ae39f99-38c5-42e9-bf62-f93ed8594413,2021,56172,C
e08f7e46-1f05-473e-aeae-e7ecfccfed30,2021,1108692,C
d2811b7c-ce66-4996-8fea-aa7829f1f2e5,2021,1427745,C
62bb8dd7-120a-456e-95a2-56632ab6c0b8,2021,1427745,C
c4972157-f95c-413a-bc3e-4398ee845d8b,2021,1427745,C
5082a15b-81ba-48d9-8144-25be3cbbe6d7,2021,48205,C
e85e78a6-14eb-4d37-bc85-20c24e022b62,2021,1314243,C
cd392c64-e4fa-4731-bfeb-a4dfd19d15ff,2021,47505,C
a691f883-f6f6-431b-ae87-67c99e1d9b2d,2021,117532,C
02394b0b-1b53-4575-9118-27d61802fefc,2021,114616,C
6ced0721-c4dc-4065-8eec-aa1faf18d716,2021,117022,C
d54aaee6-20f3-4676-9677-0618c7ee1754,2021,95175,C
85b8230b-e546-4f48-a9a0-782ee72cffa9,2021,95175,C
7ff4c409-c8a1-4c4b-8539-a4577a560c6f,2021,95175,C
74fd629c-c479-42f3-a4da-360261b5a039,2021,99820,C
cf080d8e-1804-462d-9183-9506aad8be45,2021,20009,C
e9731d1d-4378-45c7-b88c-7f19bf595bdd,2021,20009,C
f7d70eb8-f0a4-4143-897f-9bf642268bd7,2021,73898,C
591cb701-ce47-4d30-a51c-e257e01cfb8e,2021,98595,C
148745ed-c13b-4086-a2b4-f176ba6e4afe,2021,98595,C
72d7b96d-3b1c-46b3-a78b-75f3991cb49b,2021,98595,C
8c7c73c2-9dea-42ca-af66-e3a83f39d5cf,2021,106996,C
e6a80014-74a8-4442-8d46-6f332cf227d5,2021,1270680,C
760d3b38-75a8-4b7f-a1b0-da2ccf611398,2021,1322390,C
2b02e8d4-1c3b-4533-b1af-2c6775e5c064,2021,1322390,C
c66e6823-20b9-477f-adfd-3574c2e07762,2021,1322390,C
65a92577-4b21-496c-bfd8-8721c048ed6f,2021,1270680,C
04784a1b-e358-4334-9ce3-87f401b6985a,2021,12025,C
f7cfdba5-a024-4de5-9022-1168d07c87ca,2021,12025,C
ee66799f-3664-4fe5-8a96-29b3ae10f59f,2021,12025,C
f0d7cba4-f472-4f35-baee-242d9669ac08,2021,12025,C
e5c34295-5161-4520-a4e5-6864aa32a48e,2021,12025,C
11fad896-f35c-421c-8648-182e52bc72ca,2021,12025,C
5bda2b9d-9199-4a0f-8365-f25bcda00d72,2021,20239,C
e50b8840-e34a-47ca-8ce8-22492b100362,2021,1190071,C
2d213ad7-d61f-452d-85ab-8d90c9765efd,2021,1101244,C
309f458b-41bd-4788-888d-eed111e42090,2021,1101244,C
1c432811-57e9-4ed2-9c0d-4f5c5694fadc,2021,1270596,C
f10bc8fb-955b-46d0-8184-ca326b542db4,2021,12025,C
de8069ca-f59b-4662-acf5-6ab5b8c37706,2021,12025,C
b184c994-7308-422e-8cf3-ab95f4c674aa,2021,49071,C
8e8eabf6-75e7-4fca-bf26-b1fb355540d7,2021,1270680,C
3ad56dc6-ea8a-4bdc-adc6-57fe4a3fc97e,2021,1270680,C
46ce2a7d-d06a-412a-8275-571765cd44eb,2021,12025,C
ccc36ccc-b597-47b6-9d00-0e25e8ff9308,2021,64664,C
9f3af902-c40b-419a-bc35-0a3fd09d4585,2021,60886,C
5a722c63-cdb0-4083-859b-fdc219233cda,2021,60886,C
695c2216-8223-4fc2-b4f3-c4268a2e5077,2021,60886,C
f70c2b06-cf48-42cf-825d-6d8b5b70a748,2021,60886,C
fe17ef9c-dbad-4146-a0c3-6ba510a43f3b,2021,60886,C
1160b84b-9d0e-4d8c-a6cf-3889cda5eb67,2021,60886,C
58e0d00a-f28f-40de-92f6-71c6920bb656,2021,60886,C
92db0ecc-859e-4271-9d43-906b5fd5b5f5,2021,60886,C
bf0eae3d-4241-439a-a18d-b0ef8bb6a016,2021,60886,C
f41a0bc2-66f6-4e5f-9713-b023df59c802,2021,60886,C
40a9e5d1-9464-4296-bc84-087adb8f3a72,2021,116770,C
c69d6b1f-bd3b-4789-9ba7-3d24a7c48ac4,2021,60886,C
f6216a58-cab8-4106-bd5c-1d6446bfd07e,2021,1270680,C
1320293a-cfde-47e6-9942-f544494aa0df,2021,1139692,C
83cd177c-421e-4532-b8aa-df5900a600b0,2021,13980,C
ba9ff8bb-602d-4d39-b214-37a299cd95f6,2021,1330347,C
4af56270-703d-419e-a3c0-a8e3f6f8773c,2021,1330347,C
e9303b0c-9510-44a5-9e9e-7e5bb847b1c8,2021,18671,C
4bc37110-e563-4147-a199-075406804d0e,2021,12313,C
de31a7e5-5adb-49f3-81e5-27ba37db0f8c,2021,5000951,C
b5dc23d7-f6df-4873-8752-39a75e37ac71,2021,5000951,C
3dadc97b-d866-4280-9e9b-96ffaf767728,2021,5000951,C
1d3c8a6d-b0fc-46c4-9c84-bb040b7512c5,2021,1181115,C
1af6346c-c0c0-4d29-b67f-764cbc91bea6,2021,5000951,C
8734924e-246b-438c-b2b9-bc6e50fd1156,2021,106996,C
738105da-6508-48e4-82a1-289cdcd8e165,2021,82364,C
a34d9d58-6f4f-4d0b-86ef-9c8da31ba1b2,2021,107920,C
512a12da-5382-4b95-b46f-35a76fc27ceb,2021,107920,C
7bce1d26-39ef-4621-95fb-c710ae9eaeff,2021,1118057,C
f14906e9-fa65-41d0-b825-b3ac085e26ec,2021,43664,C
e0c58f11-f8c5-4122-a7c2-f147559bf0fa,2021,43664,C
5ef53b59-0515-4d6c-89aa-5a01a85911fa,2021,43664,C
3c75a259-b4e2-46fc-b6b9-8ed9b101b535,2021,43664,C
c5884b5b-ac87-4734-a55d-78d3d1950d7e,2021,43664,C
6a4e009b-d16a-453e-8345-3e94bf40d0fd,2021,2209,C
66f35bb8-ef97-40e1-89f3-0ec32320b3fc,2021,2209,C
7b1115a6-c413-4026-8455-95eb8265f50e,2021,2209,C
6135cd82-906f-4731-9c75-2f8f0cc918a2,2021,2209,C
c79aa301-375f-4404-b861-68c2c9a3ac65,2021,1047907,C
db3abe67-d230-4786-bdb3-d19a07f2838d,2021,22061,C
0698efc3-0c48-444e-9107-be1ebc4adc12,2021,1161716,C
f16c2b6d-172b-480a-b21e-9fabd97e5cb4,2021,1161716,C
81773fa4-50fc-4c9f-86f3-236dbf3d44aa,2021,88084,C
68dc22b0-fb48-4171-b928-7fba05c833a9,2021,19047,C
2f5ee600-6690-4f4d-94c6-62dcee1cd14f,2021,49054,C
d138053d-9158-46b6-8ebf-4844f899b586,2021,49054,C
b08fb149-520e-4eb6-93e1-414c1914953f,2021,1306689,C
4df3328e-0b4e-4454-ad53-0165e4fa02e6,2021,1306689,C
8e352388-e4f2-4a7b-a62f-00b3911f08df,2021,90030,C
39187c7f-753b-4971-830a-a02babd9e355,2021,13595,C
5196f41b-53ec-4cc7-99c6-d9eb83a9f05f,2021,18250,C
72f8320b-49df-4074-9948-55b853beef3e,2021,968,C
0e3aa111-5a20-497e-8a18-3ac343ea7686,2021,1118057,C
93e3fe54-0cb0-4f2f-8746-08a14ea98e0b,2021,50082,C
18a41939-63f8-475d-b6c5-cb8dccfcb19d,2021,1204325,C
03b07455-924d-4501-b827-b17a1c915626,2021,98595,C
942aaa23-e0f1-4936-8ca8-e59ba58ec391,2021,98595,C
8200c717-76d7-4088-aaed-4467f4c014b2,2021,108660,C
d65151ac-1b0d-44da-bdb2-bf6a4853f201,2021,108660,C
d09d1d43-ed6c-40f3-8119-c900119a8a59,2021,113687,D
a7884529-0819-49a2-8ebd-967763cb2085,2021,1351760,D
62480b1a-46f5-4e32-a9d1-41ea5c5a0290,2021,48205,D
02ffd58c-7cda-4011-afcc-f280e1a82372,2021,43664,D
7abce039-76a0-4c03-a79e-2854153b06ae,2021,2209,D
915eab88-3146-4d94-af46-303da8a97207,2021,58808,D
0a2f512a-c83a-49c6-b3d7-c1ef54a70b38,2021,37862,D
e373091b-3fbc-4579-b15e-c16ffb165422,2021,43664,D
a59f1b62-0147-426e-a8a7-0b6c59fbdb6e,2021,19047,D
118076e9-7eb5-42a8-9732-0f44b4b29ee0,2021,114616,D
ad4f42e4-4e6f-4c6f-8d16-e0d2bf4dc19e,2021,108660,D
14be05a1-af07-4f08-8a4b-44973fb566be,2021,106996,D
27473845-1a6e-431e-ab85-151f8e63660b,2021,106996,D
1895c5fe-8fc9-464b-9196-c49d5d9671c2,2021,18267,D
b0041031-fbfb-4f1a-898c-956d8691e7f6,2021,112086,D
651598dc-1563-4230-9d3a-d0b785a3f55a,2021,62484,D
57415385-dcd7-4afd-9a02-8b99c9871781,2021,58808,D
47e21dbb-c676-4aa0-844a-f9c11e99e61e,2021,40343,D
6845eb0b-0fa2-4d9b-8c6f-1112d1ca5a12,2021,5000143,D
9cd315c2-3d6c-4b56-ba61-d7f229a90407,2021,97778,D
cd8538e6-fb95-4ffb-b610-4da8a18519e8,2021,107422,D
c0102e82-c062-4328-9803-c1794b16f5ac,2021,106996,D
ff37babb-d144-4ed1-8e7a-3559b6a4749f,2021,1322390,D
f260717c-fda1-4975-826a-a2f330c8750e,2021,18584,D
441d35e2-d7bf-4b5e-b7d7-11d384640ef3,2021,2209,D
406d02aa-975e-4153-ba1e-af31ef611637,2021,13980,D
a90d5399-c924-41f4-bcc5-7b2d7746174e,2021,43664,D
1a8aae38-a905-4995-9416-5e6072b3157d,2021,94762,D
666c788d-d533-4a18-91ab-18f6f9b9d56f,2021,46377,D
d4856fc2-9314-4224-a67a-514e34d7be38,2021,9425,D
b1adba8d-03fe-47ad-84fe-f1e5c52a34a1,2021,94762,D
fb692a1c-dd31-4157-b03d-4ac89efbbf44,2021,1315444,D
6d09ab53-96b7-439f-8b0e-122fa7e39ecd,2021,106167,D
d7d59456-e782-42a4-81eb-4073adddf473,2021,104360,D
a43f9438-9b9b-43db-888e-d17ecd3d3d4a,2021,43664,D
4842ffe8-0c09-4df8-b445-125111f16b72,2021,1203177,D
21140c55-c1aa-424f-adbd-0930c18f2477,2021,1181115,D
e7156d66-14c5-4191-bf4c-2e9017451688,2021,1322390,D
30126c57-94ba-4fae-bd7f-e13c3f477059,2021,48205,D
58b0939a-c6a1-4dd1-96d0-f9d7acc56c94,2021,13595,D
693f3a4a-6555-4a08-9867-3d63e7e36441,2021,1376181,D
6f6708dd-c6ac-4006-b154-6acc63f62eea,2021,13401,D
11f72e45-21cb-4171-87d7-29ee40efc329,2021,1351760,D
9a8a0705-9881-4c1d-8481-9704eefb3f4e,2021,113455,D
35adcf87-98e2-4154-8fa6-8ca6af76566c,2021,58808,D
0d775298-eaf2-4525-882f-82a30889f19d,2021,968,D
e75f75a0-2fe4-4046-8a95-1a6491c6fd77,2021,13446,D
7c119d70-ff20-4e52-8c21-4f1ee474258f,2021,13277,D
366ab78b-6bc2-44e4-867f-53c0da267fbc,2021,13446,D
24484ab1-8738-4b65-8ca1-00cda2b49aed,2021,106996,D
43ccf1a3-62cc-457b-845d-5d957da59a0e,2021,108660,D
0f4c7a03-e34c-4d0c-a451-38465b529ddc,2021,113455,D
c562b24a-301a-46ff-b9a5-5967aec0ce28,2021,113455,D
7399ef52-ce1c-408e-a9fd-8c50a72e5496,2021,101942,D
8092cdde-65ca-46b6-aee5-4edaea764259,2021,1288839,D
94887652-6898-4b61-b533-f0efee262c7c,2021,968,D
acff40ef-f9da-415c-a03f-d02b87f6317b,2021,1265453,D
ceca84bf-0076-4d63-a0d8-309ab008b6cf,2021,58808,D
1c38c49e-5792-4d09-9a7d-a0726932360a,2021,95017,D
45f27b03-fd4c-4e0b-b70e-816653ea5cd1,2021,1385488,D
16c781c3-8e88-46dd-9257-f2c5f511a644,2021,98595,D
d7b4a7cd-5d53-4f3f-8eae-6cc37e08ee3e,2021,1270596,D
4a7cf732-ebeb-4d97-b40f-786999693bc0,2021,37862,D
145f4432-4ca0-4caf-8895-27f0f6c8d0f9,2021,95017,D
c0f2538c-51fb-444e-857c-29964509a2f1,2021,1306689,D
bb4c39a9-6b2e-4cdf-b172-56990ddf46d9,2021,968,D
392ae4b3-43bc-4755-9e7f-b19bdab6bd21,2021,5000135,D
6c1cf8e5-0319-46fa-8e72-525f9165b6a0,2021,37862,D
0aa50505-268b-464e-a490-2231a6494f4b,2021,1322390,D
7f394b60-9800-4e0c-bfa7-68024974f130,2021,106167,D
208484cb-a974-4ed6-a19e-da3bf1dd6478,2021,13595,D
0bdec035-b38c-46b3-97a2-965c7922b2c6,2021,1270596,D
eb23068b-84c4-4881-ba40-b405030e8e4a,2021,1103723,D
cb668c8b-e7ea-46f2-9bb0-a3fd1afb836b,2021,59122,D
c731bf3a-8549-4a33-a2a6-0930254e1685,2021,1190071,D
c1b5f4e9-e211-43e1-a336-48670772cfa9,2021,13401,D
0ec965a4-81f3-47f8-93d7-42944f1cfd17,2021,88084,D
b49721e7-f9c7-4277-b2a9-be7f05ba295c,2021,116770,D
f1f52951-a00e-48ec-b640-8e6a2aed26af,2021,22047,D
ad221987-ee96-4a30-b0b3-84ddf224f12f,2021,57612,D
840f207f-7af8-41f7-9521-920064324d28,2021,101942,D
5e739b6b-75bf-4173-9514-e50ae8078421,2021,20030,D
82a11569-f86d-4a84-927a-7e1be4af023e,2021,1148708,D
dda1917a-e46c-466b-8259-fd47a1183b5b,2021,317,D
c971f0f0-6158-4c52-b34d-6807bd128766,2021,94762,D
c565b6d2-0b59-41e8-b1f2-b58fa256c314,2021,1070485,D
c3846fc8-9d92-473d-98e9-26bdcbf31028,2021,54934,D
d66cef4d-a53b-41f4-a867-4e4d977a5588,2021,1351760,D
6193c559-b7e8-44e1-88ad-627204bfb74d,2021,318882,D
fe2c8a14-3504-4451-bc8a-4665ecd19801,2021,118994,D
1087db6d-3512-4c72-b2b7-a3c0a57dfb45,2021,20030,D
5b55ca0f-a93c-45c4-a034-e1f2471f8d43,2021,98764,D
0467ef5a-97a7-40b6-a0cf-32e6348a710b,2021,107360,D
71675e9b-73d4-459f-a61d-7815c20447e7,2021,37862,D
f1bb2504-748b-464e-b5b3-6b0172ff4091,2021,106167,D
5a51ed35-70bd-40ff-a014-7e9083d19008,2021,43664,D
dc6e9bc3-45b0-46f8-9338-cc9a9b09a560,2021,88084,D
669e5a9c-7c74-400d-a060-dc0085e94f47,2021,91181,D
beedab73-a4eb-48bd-a81f-940458c08633,2021,103062,D
03cf27d9-3369-440e-970e-76f7b1be663d,2021,19047,D
a83fb50b-1b4b-4695-aa06-8a244919d7a8,2021,107422,D
8e853b0e-f1ef-4a07-9690-bab6a124c27f,2021,64664,D
3682ac2e-716a-425a-a3d3-50c302eb3eca,2021,1181115,D
d0701c6b-6f15-48f6-8a02-2edb768b71cd,2021,968,D
ad4fd95c-89c6-42b7-99ad-14e09d315672,2021,968,D
db20d41b-4147-4663-972b-62b4f12c4f47,2021,1265453,D
6aff99c2-9495-45f3-beba-062f19134599,2021,83388,D
4aa3d8a0-8a32-4a8f-909f-921632258be6,2021,1190071,D
5a79d9c0-e30f-453c-bf05-52d662d4d2f6,2021,968,D
2d1c540b-8e49-4c76-93ce-86d1a2b83eae,2021,106167,D
fbe9359c-a005-4eab-8582-677fb4620e2e,2021,55777,D
951bec02-2577-46c3-95fb-9d30fb358a2a,2021,10515,D
2e714ef8-63d3-494b-9cae-0b4505ec682a,2021,118994,D
7b0bc067-1477-46fd-934e-f406fa52497f,2021,1101244,D
cf6a3338-d477-44b8-b0c9-6e05cf3f23b8,2021,98595,D
126f79c5-54d7-4cb6-9473-8d1e5c71b52f,2021,43664,D
cd7364f5-05cf-4438-af53-c40314e02cae,2021,968,D
977d297e-ce21-4e3e-a2c2-113daa6c4081,2021,98665,D
075ce3af-6a90-414e-a89b-5bdfb0cef32c,2021,41238,D
8d140cfb-71de-4cb1-86b4-39af6bd9d47c,2021,1376131,D
49b40e23-d605-4905-b0b7-1986b9b060b7,2021,88084,D
ad903549-7cb0-4684-93ef-6892430e7c8f,2021,101942,D
4f1a5a32-9461-48f8-bd21-df4ccb2619ee,2021,99820,D
904ddc66-7e79-4767-9237-5a087bbb1d8b,2021,1270596,D
16b96df3-11c3-4bec-b94d-241097e16fe3,2021,18558,D
d6487a03-9cfe-4920-b4a8-519123cd1e51,2021,1148708,D
6fbc730b-fafa-4477-b94b-0e67c9e202ca,2021,106996,D
9b1f42fd-fd4c-4cf7-bdb7-6d51a7da422f,2021,98595,D
ae75fb0a-5e7c-4f5d-8688-45ed544da08c,2021,1322390,D
3bd6d986-92d7-46cd-b809-25ac37d83350,2021,10515,D
fe361d55-1ecd-45c2-924e-3291efc0a03c,2021,97778,D
0772564c-1147-4cd6-ad3b-092257c17ad9,2021,20030,D
b8f332a7-4385-4ec7-8c66-3ffd23c6f7b2,2021,55777,D
9084adfb-d695-409c-8bc8-3469ae01f95a,2021,1203177,D
475e8da2-625e-453a-b373-8511414bfebb,2021,1166783,D
46076299-95dc-45b4-9a82-ff11af916f0c,2021,97778,D
2a821346-93d1-4bcd-bf81-054d0998a702,2021,2209,D
3fc66fcd-b793-46ac-8c32-907b25f666dd,2021,2209,D
3d16cf6d-b6c4-44ee-b94d-6603cea3ece1,2021,11730,D
d45c91b5-f0eb-4a0c-a828-0788b56b9021,2021,13446,D
401114b6-079c-401c-a644-81c4ef2f7450,2021,106167,D
72704f31-c4d7-4b9f-b5fb-0e811ad177f8,2021,104360,D
8ae207b0-20ab-4a85-b065-bfaff4e7efcb,2021,11452,D
9a692acc-c1e8-42bb-a5c2-4b46e7843abf,2021,97778,D
1bbb2707-00d0-4557-9847-3d0c89c53e24,2021,74737,D
38b125b9-b26f-4751-aa49-ec7a3535ea05,2021,43664,D
9793c380-57d5-432c-938a-f60fb9910211,2021,55777,D
6689c9c3-4afb-4463-be5f-3ac4ed086e83,2021,118468,D
9af51ada-5133-47f9-9cfb-3f801543c4d0,2021,1322665,D
7ad68812-c4bb-49ec-9721-5d0771084542,2021,19042,D
1aa8048d-40f5-46a8-80bb-16bdd0766c52,2021,5000143,D
16fece24-d6b4-4567-be5d-e65f25d25f52,2021,11452,D
708b3d23-dfb1-409c-992c-89a7fad7954e,2021,1403879,D
c35a6a0c-66f7-4765-9e6d-d4416baa9a15,2021,1136142,D
5c63ab22-c59a-43a2-8e1c-39e9e9ae7957,2021,64664,D
0302c158-10ad-4411-af85-bd8f1a9feace,2021,1190071,D
b25ce999-c7d7-4d20-9c2e-167ad852c385,2021,41238,D
80ce17a6-d3c5-42ab-b7c1-b776ddbeed8b,2021,20030,D
093cc9b6-83dc-43b9-97ee-61b8d85b4805,2021,55402,D
72f42224-6038-4e4a-9cfc-7267e1ebba91,2021,1403879,D
56e15af6-1b89-4798-a2ac-8c05d8c225ae,2021,317,D
f8e76e5a-f735-4e5c-ade1-ed617f59b6a1,2021,97778,D
95856c33-a016-4882-8134-19464a6c113d,2021,5000143,D
5dea56f1-1e83-4d43-9bca-34152fda862e,2021,55777,D
fbc4e646-3bde-4a3c-9d35-c45eca03bf16,2021,1322665,D
208a29f4-67dc-408e-944f-5cddedc125cb,2021,98595,D
e55a94c2-031e-4d8d-9e20-9d519d27acee,2021,1103723,D
0a6e2d8f-0f23-4f57-a211-31c63de00753,2021,1204325,D
fa48166c-479d-4dea-b570-8e9b50493588,2021,20030,D
e5a825e6-8e92-4462-b372-152d5694f763,2021,101942,D
43efc56a-9456-4e3f-b679-728b939bd20f,2021,95175,D
423e98d2-f001-4d27-a8f5-c6427e93bff1,2021,98595,D
9d3bba5a-5512-4d4f-9ca1-942277f96d2a,2021,1190071,D
5824b860-198e-4641-b865-4b63d3d1207b,2021,103062,D
b15fc20c-02b3-491c-8085-9f4e036c54e8,2021,1270596,D
6a8d4904-d939-4794-a27f-5c3771371368,2021,106167,D
1658b170-bc99-4cca-a504-ebe874eb13bf,2021,1103723,D
a40db7c9-e97c-407c-ae1b-0afe638e8b66,2021,1181115,D
51528088-53fb-4867-a892-f930058a694b,2021,98305,D
99b24008-713d-4586-9cae-a021102cda79,2021,1385942,D
bd44de15-5fa3-4322-af45-a3548e851087,2021,9425,D
a59b7628-86e3-4aaf-8607-e9b46532ec29,2021,118420,D
281c776a-f7d0-4437-aed5-804140412579,2021,13446,D
ca9d8521-1c7c-4593-a668-f9d4cd66dd77,2021,49054,D
66ee9da5-08db-4252-bf0a-d97972e78595,2021,47478,D
61e1fa74-7937-4145-8765-a33fcfdacb25,2021,1270596,D
0e2c15cc-82a2-4a12-b540-3a8de5289fd1,2021,1190145,D
fec3317f-28db-4ae0-9961-757ea9926d49,2021,98595,D
ab26f80d-c2f0-47c8-bce4-965405d1c0c9,2021,317,D
37d062ed-082a-47f1-92fa-22744e203d36,2021,106167,D
f92970d5-e1d5-4b9a-b89d-05608c01e4ed,2021,86326,D
647749d7-9f5a-453f-a462-d773b2d98c85,2021,19047,D
b25ef55d-f3d7-4100-8da3-fc5d82e27f09,2021,1427745,D
f7725165-a28a-4666-8b65-48a06b177532,2021,67601,D
5e206abc-3b68-4d13-b1c7-6b53ff27ed84,2021,513,D
06ed51ad-39e9-41e1-955d-3d1e6213ead1,2021,1299927,D
b980ab8f-0954-4e55-ba33-38fb83242edf,2021,18671,D
03ff0525-7b43-4d1c-af25-e8d1902116df,2021,317,D
35e13106-304c-46bf-997d-ff9b9f4c19b3,2021,95017,D
b3e709f2-1054-4a1e-b9d5-7ff0fcda23ce,2021,9414,D
90370b18-a79e-4651-8cc6-9284d1266aee,2021,20239,D
59a9210c-bb64-48c3-a4ad-3be956ddc856,2021,103062,D
2747fa44-b658-4c63-b205-5de57e204448,2021,13980,D
7b3cf079-7424-4602-a578-00c962706aec,2021,94762,D
b9966866-4975-4ddb-96d6-b38e912910fe,2021,1181115,D
b11b746f-cb62-40da-813c-e0d79647a243,2021,1306689,D
a55b1198-db1a-4066-adf7-e20aa1015def,2021,83388,D
192fbe10-f858-4605-8bd0-6c0266f6171e,2021,9440,D
29a4d490-6078-4622-b7c9-4967e3181b42,2021,114616,D
cfde2b7f-ba13-49aa-b7bf-a1a7ac74f589,2021,13277,D
770e71d5-e9e2-4d9f-bc9d-cc58ce9937af,2021,1108692,D
d1e38d22-134b-462b-8e67-71f30890d606,2021,101830,D
6b11ccd8-a672-4160-b831-88a6778c8d4b,2021,1204325,D
1bf3e006-a21c-4e7f-8cdd-cea2e4afe6d9,2021,1330347,D
daaff202-f834-414b-9b88-63fa1b62b704,2021,5000143,D
189052b4-036e-488c-8579-aae54077d84a,2021,118420,D
e14fc2c0-3e3e-4f13-9ae6-635432938467,2021,101942,D
6ff6c67a-f362-4649-aa50-58f1556ba401,2021,5000143,D
4bfa5c3a-85a0-469a-8ae0-80fae34f7df2,2021,43664,D
d79b7189-3a71-42ed-999c-462d35eec060,2021,106996,D
602a93db-3ce4-4b65-a35c-769f08ea2ab2,2021,47505,D
a067ee6f-5284-4a9c-9afc-91f168ffb9dd,2021,513,D
ebe7e4d5-01f2-45bf-8c3c-360092f64e85,2021,113687,D
f8ee068b-9245-41c2-b93d-2fc8e3ab2bfa,2021,57606,D
e9c15744-8d8c-4528-b448-0ede46b89586,2021,114616,D
07b8f65f-8afb-4623-9504-204b7129ac41,2021,37862,D
9cc0a59f-ab53-4b45-aac4-27cd8e59d95b,2021,103062,D
7c5e4604-9656-4959-b110-3782f1c3d1ae,2021,62484,D
37f35684-408e-4a51-933f-e167a9118288,2021,1136142,D
8e8bea49-106f-4080-a50a-c7bbf17dde29,2021,13980,D
0275c58c-0188-4557-9b4c-43afa3c5c6f8,2021,37862,D
f8633802-bc85-47c2-8a5b-54c67daa7a27,2021,101942,D
4c398e47-61a2-47ef-a5fe-f4acf7e2ea24,2021,48675,D
efcb90a1-da92-4900-a13e-3023cd0a9f89,2021,102590,D
b12e27ff-52bb-45cb-99cb-4df1a063a9dd,2021,98957,D
a31b5472-4f48-4ed3-b58d-f8f2f0379be8,2021,86326,D
1f1875f7-8736-4018-9b58-3e2951a0d830,2021,114616,D
70f039b1-7520-4054-a99e-9ecda314ab2c,2021,101830,D
fb790e9d-5c45-439c-af54-c6341938bcea,2021,117022,D
5ca9c1a8-95ce-4e51-962a-cfe8b8858e44,2021,1181115,D
1d734ff8-8721-427b-83af-720676f9140c,2021,18559,D
86d7ef7f-db57-4ba7-bc8d-8ef9507949f7,2021,1108692,D
9d234653-93b3-4f6c-a681-b27e708bed8a,2021,968,D
62b477b6-2015-424c-900c-591e9acf2bf2,2021,88084,D
36036de2-4273-446c-8512-60076b044db4,2021,13595,D
76a58207-bfb2-4589-aaef-9151f3282f7d,2021,513,D
864c10ad-b0e1-4ac6-8f25-6b1f988e96c8,2021,98595,D
a857c1c5-65e8-4cc2-a548-c039be867e5c,2021,11452,D
87cc17c1-c821-4e2a-bba7-63ed06625e74,2021,94762,D
613e3524-ec3f-476b-a5eb-6857a50e1afc,2021,55777,D
f9db0b23-933c-4105-9ff9-052f13c10eee,2021,1190145,D
bfa1fe01-c548-4d7e-92d6-c436d8acfbaf,2021,99820,D
aa2f269f-1de3-456f-9fb4-3f9ed544711a,2021,98595,D
ce606347-6c3e-4d54-9aee-b1c100236744,2021,114616,D
a567c9a4-006c-4254-8332-a771f17003b3,2021,1267543,D
8e0ef1aa-0bf5-41ec-bfee-01c8654a637e,2021,112086,D
02549799-b122-420a-9889-53919d8fa521,2021,49054,D
14284081-25d2-4543-ad03-ad1c0b46958a,2021,98595,D
47fd1d04-d316-4e1a-bad9-6737769b9b3b,2021,51020,D
65c11515-4076-4873-bb55-ce486e362610,2021,317,D
d110d54e-db5b-49b5-a97e-0b8e3ca66a53,2021,1181327,D
f962360a-2371-46ea-9ea4-5e5251f0b78a,2021,317,D
0a18dd31-5464-4126-8dcb-f022671fa7a4,2021,18903,D
68496b45-a277-40a7-8afd-ac6893b41a8d,2021,87396,D
9ace5762-f4cd-47d9-9dd5-690fe9431a79,2021,20239,D
173af74d-7f5c-44f5-96f2-5966594d110c,2021,1103723,D
45ac1ed2-1068-48d3-b223-701613094dd1,2021,107360,D
2bd31155-dc04-44a7-b596-b85211a88b08,2021,117532,D
89af6635-8abf-4060-99ab-136b6e9fb4cd,2021,19047,D
1586ed58-b6a3-4d1f-b3a2-93cc85140a0b,2021,318882,D
5d89564b-0e62-4979-8b8c-5676c122a1fd,2021,1136142,D
2b3eeae6-fc6a-4ef8-9f2a-e7b5c36008da,2021,20030,D
8d12bee1-4ee9-4b40-8ac8-9755feebcb0d,2021,106996,D
1b4e33be-046f-4ef8-83fd-ba4625c10fdd,2021,1166783,D
42a5f27f-e6a0-4261-8d39-8cc873712a25,2021,20239,D
f472362b-6b56-4fa0-b7f6-8bdbc95238e6,2021,1330347,D
06bc4d7c-1846-4746-bf4f-0f8cbfaa0a4e,2021,1148708,D
f1e6eae5-e030-4b81-b2cf-89b2aa268e2e,2021,1102628,D
2e2aa10c-3a95-47a9-9b49-6e7b723e8fb3,2021,1272079,D
996cf0df-9cd9-413e-8e88-3efe1a2dc042,2021,113687,D
1cfc95d0-474f-4779-b099-df2de58ebb36,2021,19047,D
2fb2e63f-81c9-4661-aa86-e7c209e5d84b,2021,37862,D
fafa86e7-8942-4a4f-a696-76163fee8441,2021,1190071,D
3de0dfac-5704-4a23-8d1a-1b6dcabe8dcd,2021,13446,D
7ebcf334-4dc3-4ea8-969a-e224dc3d255f,2021,1032473,D
a11bee2e-291e-428e-bc4e-3a669ae7d5c4,2021,13446,D
8f3a2a4e-c71d-4f3f-bb55-85f1eb23ed5b,2021,317,D
14dcf2bc-707c-4829-bacd-d811a9305a82,2021,19042,D
1c2b2414-13c0-44df-b0cb-40afb4874b9a,2021,2209,D
7351686a-89de-4191-a4fb-a0ba83333881,2021,317,D
28683d59-84df-4c12-8166-0f7a8bbf6886,2021,47051,D
17c1483e-0cf2-4dfc-b093-14ca17732c67,2021,513,D
1bf7031f-9ccf-4e50-8305-5c78cf53a073,2021,1102628,D
f3413420-8072-4d41-876e-e5baa218362d,2021,1181327,D
79cdc3c7-45fb-4f46-97ac-992531e84839,2021,13401,D
89cbb672-d4ea-417e-aafb-6b476bd9303c,2021,50082,D
6aac35e6-2e5c-49a5-9b54-6de480202754,2021,13446,D
11a127ea-2d68-4f31-a65d-af83efdafe0c,2021,18903,D
9e0865a0-0ed8-4e12-b03a-27e691fe7a42,2021,1118057,D
4ea37cc1-e95a-4194-902b-37bb021070fc,2021,103062,D
e0635cc3-c79d-4ef4-8584-19e1d952889a,2021,98595,D
62265f28-8166-4282-b26f-c646130940a8,2021,20239,D
a1f456e2-f4d8-4bfe-9a43-13c1b2d2a16f,2021,5000143,D
4660393b-c1fa-41a8-b646-261d74a19c4e,2021,1272079,D
55b36d56-500e-4147-bc2a-a26d678b8f8c,2021,1136142,D
2f4eb6ac-d5b0-4471-80c9-b2865ebc8338,2021,317,D
390ea919-7be8-4e10-ab7c-899fc6f6bdc1,2021,41238,D
514f2078-ace0-44a5-95f6-afb98d62593b,2021,1118057,D
317716a4-a289-49d5-b2eb-09a48796ee7e,2021,118468,D
6cbf9239-77e2-4702-af1e-aebc0128d490,2021,1272079,D
e5a33f1f-89d0-4273-812a-2524ca880f00,2021,54934,D
70924e53-8d61-4cbf-b03a-b8354bbd0ca0,2021,13446,D
61d3aa10-07fd-4820-a90b-63832ee93a39,2021,13446,D
6cd8afcc-b868-4861-bea8-aa03b920f39a,2021,94762,D
73d8a202-902c-40f3-be8d-52d8e445e9f7,2021,40343,D
fa25b2df-8a21-4074-a11f-88edfb0ecc2d,2021,13595,D
6fb83104-c69a-4b14-9870-730819c07732,2021,107360,D
1bdd5e81-8c5f-40de-a2b1-dc087adff8c6,2021,40343,D
de1ee52f-90cf-4128-9434-9ae4d3bd37d2,2021,1108692,D
aafbf613-6c52-49e1-99bd-a9b479cf79a7,2021,101830,D
8f8290d0-88f3-4cad-9bc4-59d28e359de9,2021,13595,D
07b6c860-2463-46ce-aff8-b21f279946a8,2021,13446,D
a4afe119-30a1-4dd7-adb2-dce6432320c4,2021,106167,D
bfeba244-ad65-442d-960e-859ea90bcb6b,2021,94762,D
0a64a1b1-e6e0-41f3-ad72-bed0255b1e83,2021,47505,D
c1c196e5-4616-4c8a-9fdd-02f4fd822e81,2021,49071,D
bdbb2623-fa9b-43dd-9563-f7c426bc77a5,2021,1139692,D
def88dc6-401f-4e85-bfa4-66a7ff2870b3,2021,1161716,D
f990315c-4213-405b-b770-dfc374859afa,2021,1102628,D
029296fa-e4b2-4b7f-bf25-7684f77be66f,2021,98305,D
72f0ee16-2e7c-4c69-90b8-d5738f05f87f,2021,1351760,D
84e92516-8bf7-41e4-bd44-ceae3cb5a5dd,2021,94762,D
1ed97106-1a9c-46a6-8925-64806092b251,2021,11452,D
0d58db16-c1a9-4d2a-bee8-0c749da7a58b,2021,54934,D
2196a4f6-2084-469b-ba79-d62261fc13a8,2021,317,D
d220eebd-47e6-41f7-a46e-abc83f927785,2021,112086,D
8ac581ed-083b-4df4-a40a-0fc866cf52a8,2021,13446,D
83274ffb-6e87-49c1-b8be-9d836de38619,2021,1314243,D
1fc27404-1117-4123-a4ff-d9c3701946b3,2021,1136142,D
2da18edd-d914-4dbd-be19-2e9cb5e1541a,2021,19047,D
911fabb2-95e9-402d-9f44-8a3f3e8866ce,2021,64664,D
cd86daba-3d31-4af8-9484-71c443b21e51,2021,20239,D
96aa0b83-f679-4ac9-a9b8-2949c4ceeab1,2021,317,D
8719f3ea-ebcd-45c8-84ae-5603e32cd8fc,2021,118468,D
7ff53e9e-c54c-4b58-b151-10548da4d9ec,2021,1300429,D
69ad1d04-db7b-47d7-aa52-005fe9fc7838,2021,18683,D
0cdf5b20-96fb-4a1c-b5e0-0eb158f630e2,2021,95175,D
d085a291-2a3d-4699-b1b7-c5ce944cde4b,2021,1117717,D
b6327c29-165c-4208-8dfc-0254d077c6ce,2021,118420,D
a8dc5ee0-080d-4bfb-9b4d-cf91389840d1,2021,55777,D
6448ae2c-9a08-40ea-8d93-b5a5a1d7089e,2021,13980,D
127f2148-f57b-4f2b-8836-1c98cbb7aa1d,2021,13595,D
85910ed9-6fb0-4543-81a9-cd793a45c652,2021,118420,D
e0a8de9f-6a35-49c2-8a99-cee6eda41444,2021,1288002,D
1b277829-6c28-4868-b0a2-240439192bb0,2021,1181115,D
0de00ce5-349d-47eb-9a2e-a6bbe922ad6e,2021,101942,D
23761d11-9398-41e9-bebc-d3e31fe1b780,2021,50082,D
8e99e083-7403-4529-a874-359b86f373d4,2021,1288839,D
81e794e2-df63-4673-9167-a59ac2df9e10,2021,13401,D
ba0b35cc-029b-4c82-9f01-40b646f90122,2021,1136142,D
a1adb27c-a5ca-4de5-886d-74dda9d937eb,2021,19047,D
56a83db5-1d93-40ba-8ba1-77a3db498b39,2021,114616,D
40a97328-e614-4ccd-9efc-2b0fb1802da3,2021,59122,D
b93af5a3-fa93-4906-8fb7-dc9f1eb3a916,2021,64664,D
61cbd677-b1bc-4438-8329-65a0f1c59906,2021,102590,D
bef9ca74-983a-41f8-b838-f988ad943489,2021,11554,D
5b9cd84f-c69d-43e9-ab05-7fa017080a75,2021,113813,D
4d11efca-1ee9-4a08-ac63-f3e53307d8ef,2021,19042,D
1aedbf66-7b2e-4dd6-94e5-035a215f2e91,2021,1204325,D
9276dd5b-a3a4-4114-ab9b-74eec66eddac,2021,97778,D
391cb32c-62d4-4864-9d6a-dbd85a5684dc,2021,2209,D
7d8d3798-fd8d-4c9e-baef-f259c0e4818b,2021,47069,D
fffdfec6-c8b1-4832-9f3d-c9cd37e294e2,2021,19042,D
2e33c66b-eff6-47d2-8bb2-36a378a039e7,2021,1330347,D
f43cbe0b-0cc2-47ad-a9a9-a0c11edf35dc,2021,1272079,D
65950263-c246-4191-8c89-5d389dcda090,2021,20239,D
17b98277-cf3c-47c2-b006-50a5339e7cbb,2021,99406,D
ccdb016e-3850-4ed4-9f58-dd9eb6a0f3a6,2021,1379275,D
be11038b-41ef-4d8b-ad17-7cf3360d8555,2021,116770,D
74df9ffc-19d3-45b2-b48e-14639087bc03,2021,1187671,D
fe4936d3-47ba-4f7b-a6f2-c39d0f66aa5a,2021,94762,D
8213eb2a-9618-4754-b058-c6c16575c312,2021,18558,D
97749982-0a2e-4d4a-b3dd-465ed7111391,2021,1190071,D
9e996df1-b075-457d-bada-7250bb934984,2021,103062,D
aba39119-f547-409d-ab6a-19ee13c09fe1,2021,41238,D
8753ad9b-c0b2-4b8e-9233-65422d66db27,2021,1132918,D
70b39024-25c4-42f1-bc0e-975b125b00c3,2021,968,D
cff68c3e-9838-42b6-8be6-4cd49ee0c892,2021,62484,D
96a6b726-6c55-4672-987d-5d19d1ab6cdc,2021,94762,D
863c8e7b-5e4f-4644-b967-cea92123214b,2021,116770,D
ea315376-7f05-4648-bf76-22be47d28a2b,2021,13980,D
5e7be901-4496-4817-bc13-6d1d9ad94d40,2021,12313,D
6391a347-705d-477a-b198-157a8590a208,2021,97778,D
997552a1-278d-4c15-b384-be82bef8383b,2021,968,D
c7409cc0-a5f7-407b-b04c-7d3622bf3b8d,2021,317,D
f4bfa1f7-9b59-49e1-bc0c-70e47f8fbf80,2021,1136142,D
ca0d5806-22db-4b47-a703-970533428365,2021,101942,D
9ef805ca-dfa3-44ba-a1ab-36f75b1018f1,2021,118420,D
a31b38fe-97f4-44fc-a1a3-ee50d79e00e9,2021,117022,D
b6d9337c-50db-48a3-8d11-a92a5b244983,2021,11452,D
f863462f-caa2-4e9a-bda8-cb0709bbd33c,2021,968,D
cf1b99b1-d3a7-4cef-928c-146b7123fdab,2021,1103723,D
0afccf9c-e41d-4fbd-af15-f4518d1b8b7e,2021,13446,D
8ad3d9e6-ce44-46bd-abfc-34621b0fe019,2021,13595,D
3d2cc1f8-56da-4999-9e78-51da7866321b,2021,9414,D
d3672c1b-ca69-469d-a075-48ae8f79494e,2021,5000135,D
542d1251-b88e-4d9f-9f68-06106a37e763,2021,101942,D
4f6fc506-5fdc-466d-a130-af7a1a7c518f,2021,317,D
12d2f728-c61e-4b78-84a6-7b736def51c4,2021,20030,D
fc62b6ad-240e-4529-bd3d-976f203ea884,2021,20239,D
3ac83f3a-3e6a-451f-8903-5b72d43c181e,2021,1267543,D
f237ff68-4983-49a5-9461-ff22a1673a9d,2021,118468,D
d9ae56fa-5795-4d93-aae0-695093465da1,2021,107360,D
1fb4cbc5-691c-4a5a-9366-407dcde623e2,2021,5000135,D
1648c8d6-5b80-4c42-9dc4-2f029d15cd94,2021,116770,D
808cd963-b125-445c-b835-cc1e11d5af8d,2021,968,D
55631f61-24b7-49b7-9ec9-86ecbb1ba3bd,2021,13980,D
0694fb62-0755-4fc2-a583-6b7755393c1b,2021,18584,D
dc1ae0fe-aeb3-427e-8eed-f73ee8d9f436,2021,106167,D
b59afcd3-5a54-4add-aebd-dc25480af785,2021,11452,D
5fe41cb1-38d3-4138-be2b-c973346605aa,2021,20030,D
477ff9e2-8fdb-4f6f-a424-47d2687cb8a3,2021,5000143,D
f9760495-8986-4356-bcf9-17b863d7a9cd,2021,116770,D
d894c979-a72d-46c7-a644-bdba75b32d46,2021,13595,D
159f9143-8fc4-4e42-982d-8b7f0557be50,2021,13401,D
d50dc3da-be57-402e-969a-7f01892cfd31,2021,57612,D
6c8b87d7-2cc5-4d1e-9cfd-dbc2c0ff0f2f,2021,1270596,D
1c52361a-915b-4cd3-a589-8ad19e22430d,2021,1269545,D
cdaf0682-8c09-46f6-901c-7e24f23fe0f6,2021,13595,D
b62794c4-fc74-409d-942b-3e46132eb4f9,2021,13980,D
dd2d2210-e40a-4403-997b-3258333eca22,2021,13980,D
bd285385-71f1-4715-98a1-be7fcca563d0,2021,13595,D
cc700c92-27d5-4f48-b158-98cf081243c0,2021,13595,D
1fb11927-f6da-4a1b-8fef-05c3da16d9ab,2021,1136142,D
5f6c117e-1da0-4e5c-a064-e9022d0aee2d,2021,13401,D
dec0a2d3-7ff4-4145-8ee0-374d91ac856e,2021,1272079,D
1631b7b8-19bd-4a6d-bdf8-f9ec17655781,2021,1132918,D
bc4753fc-c598-439f-aa44-7c6d3bdf696f,2021,18559,D
c37729ae-34e1-40f2-93fe-5219d48d9766,2021,1102628,D
eb1af656-ff17-4e28-833d-db8cffa7d129,2021,98595,D
cb2bfb66-56d6-4033-afce-d245cc65c256,2021,101830,D
716a5859-fb15-48dc-9a11-1a1dbe0603e6,2021,317,D
ce935a57-2052-4891-a1e8-95fc75abbb81,2021,1103723,D
8c1ba5fc-017d-43f3-83d5-60205b625a07,2021,67601,D
2650c814-994e-434e-9234-92d5853df90e,2021,1288002,D
8b29cc07-6dfe-4570-8c56-4fb24d9b605c,2021,968,D
547deaab-e55c-4caa-b561-c5634d428c4d,2021,11730,D
67185a38-87b5-46dd-be70-0428d37feb07,2021,99406,D
dabf09c8-e1c7-4d74-b396-ee99343cfe47,2021,13401,D
227bcbdb-c60b-4850-aff1-4851de432369,2021,1136142,D
db2763e1-81b7-4a46-adbd-b1cd1b06634d,2021,11452,D
841e5d49-c5f9-4716-9bd3-5d04ba4714a6,2021,112086,D
20fcf15d-1723-4a6e-9297-2f7fd2e717e5,2021,11452,D
64944c4a-7d63-4c04-a3e8-0b2eef946112,2021,13595,D
7bfb04f4-188d-4639-9a9c-a40e83f72a1b,2021,13595,D
2432b48d-ca09-468f-b7f2-adf6090d1b4c,2021,13446,D
04f91815-976b-47d2-9a40-82465440d658,2021,106167,D
2b5fe12b-739f-4945-b16a-3f70ab956d5e,2021,11452,D
1f63910c-d67f-439f-b3a3-c25922a5e944,2021,13401,D
2d0ce25a-3af1-47f4-8e80-58187aceb2ae,2021,11554,D
55b2ae91-a771-4528-b18f-1268027839f7,2021,1102628,D
b6cfac3b-45fd-4b78-879c-055a1d5ee9ad,2021,40343,D
afbc24c0-d1c3-4f45-90a2-7673892b5f14,2021,13216,D
405769b2-dd23-4fda-944a-235a39337189,2021,103062,D
fc3133b5-8dd1-4989-a2ec-f4875018f498,2021,118468,D
face44bc-d034-4084-ba61-2a84c2a0008a,2021,1322390,D
e883b5f1-20e5-4bef-a559-66f831b263de,2021,317,D
d208d56f-ec17-483c-a28c-7fae4fbbbb41,2021,98595,D
2d3a6e50-845b-4e39-812c-02ee62c6ba86,2021,318882,D
e85b4a0f-f2e2-499a-bc67-da00371c12f5,2021,1108692,D
afc66fc7-19f4-4dee-8981-020ff9810c72,2021,13401,D
a71f0323-032c-44e2-9609-60883cdbbabf,2021,20933,D
8efc09e1-a178-42f3-a808-5528fda88cfc,2021,12313,D
5e32a923-f676-4bac-8086-f3e84af18017,2021,95017,D
c7aed44a-a426-4965-916b-fda8a84311aa,2021,1288002,D
e74c0fe9-09b4-436c-97da-b58c28076096,2021,13401,D
34e1a8ba-917b-4481-be65-cc25ab66af5d,2021,98305,D
b3f0c790-f889-4c8d-8d82-d8631225cafd,2021,116770,D
f45a0129-9fa7-459f-85e7-dd1c9594a32e,2021,1136142,D
71223eae-75d2-428b-bd18-64ac9b12976c,2021,317,D
ef69cdd0-3920-46ce-837d-3182352d6e1a,2021,13595,D
25aa164d-0d18-4040-858e-16c1f7c1d9ea,2021,118420,D
464ef4f1-96a2-4aae-98ad-e59f4e4c72c4,2021,97443,D
3936f104-5227-4109-808a-0dadf836b6d9,2021,5000135,D
d521f5b6-95c7-4afe-a9d9-e69775dc98ad,2021,2209,D
5ab43149-5a51-4c11-8fb1-a3e89337224a,2021,62484,D
ba509b53-49e2-4477-b3fa-83955ba038ec,2021,1136142,D
8704bee5-b013-4a5d-8399-79ebf846559f,2021,1136142,D
11ca6df0-b089-4bb7-ae65-b60f3f918484,2021,5000135,D
30b0afd8-226a-4415-9403-f25ae8637707,2021,13446,D
5efca3a3-94a2-465a-95e9-cbb2ab9e0d70,2021,13595,D
7a4eeed0-83a5-4b14-9e30-0f6f46150f8e,2021,13595,D
2ac75956-8413-4f99-985b-64af58137153,2021,13595,D
abf36868-77c0-4802-977c-4c29f8d18a48,2021,1102628,D
48502d5f-d368-4160-b3bd-2e5c5da649b7,2021,101942,D
b4120920-2e53-4fd0-957d-c12965ea4da0,2021,1181327,D
07e2afe1-d88d-4f03-b165-a8a82b086653,2021,1288002,D
e3eb94a4-dfa3-4c76-94d9-5d7f28b26d34,2021,13595,D
1491cf84-6f87-4a03-abbd-1306f3a62f1b,2021,13446,D
e4c502ab-2429-47c1-8fea-5a9fd14216a1,2021,62484,D
37a1a64e-3194-405e-aa8d-a4410b7352aa,2021,55777,D
49b900e7-aa11-460f-8669-ccc313e98229,2021,97443,D
c12a6ed1-e0da-4cdf-abf6-a36e4cb73ccd,2021,118420,D
64c8d020-0d93-477e-9d8f-56788f3c3fa8,2021,118420,D
20ad130c-e550-400a-842c-42b3f8ee66db,2021,118420,D
24013d41-869f-46e5-8ec3-07eb259ba1eb,2021,13446,D
c32e82f1-4c63-4947-9c94-39ab84c10d0a,2021,13446,D
8249d9db-efa8-46aa-adaf-ec0af0cd70c9,2021,20239,D
d28c10bb-b97a-4544-8bca-f5d21df4313c,2021,64664,D
245d9e41-7b7d-45ae-adec-5d22d03b2b73,2021,13980,D
82433855-deb2-4bbb-86f9-8f69b7a0767e,2021,1187671,D
0a94cc38-e61b-444e-9f0b-10064134c2ee,2021,968,D
80384e58-3a7e-45fe-823d-6444abb493bd,2021,13446,D
9b0f2d8a-8cda-46b2-bfa8-a5e5e8abed49,2021,1136142,D
fb5357d1-5fac-41fe-a62a-0ca21ba4a94f,2021,64664,D
a219ea8e-940b-42b7-bc57-c9e0692ff487,2021,1118057,D
b3edbc2b-af69-4f07-aacf-bdd13ac3bd16,2021,968,D
73e52869-b20f-4ef3-b129-b8fa3a486352,2021,13446,D
de6ccf04-5185-4228-a8bc-f58aadf8b839,2021,1283028,D
932ab411-2299-47ec-a4c4-937124d86d20,2021,90030,D
3bec28fe-f2da-45a0-aa19-824176318bd2,2021,1102628,D
07457ad2-dc13-4182-b6ec-473f852c184f,2021,2209,D
7fa0aba6-b83d-48f2-8daf-17748ff71b94,2021,20933,D
4298dded-69d6-46cd-bdb3-b97de1851a97,2021,13277,D
bfd32706-a852-4dd3-bc50-56c2cf87e636,2021,1101244,D
cb2cad0c-406b-4128-97c3-a8e3457e79e6,2021,13980,D
c0cc5118-0621-43be-afa7-a211c69ee497,2021,102590,D
c6369109-7144-4b96-bd42-7873aed8abe7,2021,95017,D
15cb89a4-4390-4222-baa2-43a2cf45c44d,2021,53331,D
394bca49-f357-47de-92b9-befea8061424,2021,12313,D
78b781b4-31d5-4a4d-9b5e-9f3b2fc97a76,2021,107360,D
cbeb4827-b1a4-4b40-b98d-2dce392632da,2021,968,D
03646db5-1621-420b-b17f-ab2dc18d55ba,2021,1288839,D
4f54695e-c8e8-4922-b4d7-2b11929e37b7,2021,20239,D
e50f35bf-5567-4203-a7b5-6f23c1c00169,2021,19047,D
fcb532cb-484b-4d4e-9207-dabee6fb4263,2021,317,D
ede48054-b298-4fd8-87b6-d40bac5a1bc9,2021,1108692,D
7b3b8d00-c0cd-4854-a4e1-9881e16ebb85,2021,1288002,D
e635f3f5-6c96-4108-9623-ae0031850863,2021,13595,D
ff040b1e-a872-4efb-a25a-4e023de45cb3,2021,13595,D
6eb35e59-b55b-4600-8989-e0c37b9a40e0,2021,5000135,D
97ec6408-d0b2-48c9-8e59-5e9265cf29f9,2021,94762,D
84b86bae-6faa-42f3-9646-ce0f5e70c242,2021,1136142,D
04c6ed11-be6f-4939-b002-f76a8656c1aa,2021,9414,D
0ec3e117-7b8b-4114-b948-6acbb38b5885,2021,94762,D
874ca50a-5a25-43cb-816d-972ad0c6bb03,2021,13277,D
6ec66c36-955d-4260-86cf-bfcb7d1de95a,2021,13595,D
f778ba2f-6b00-4fbc-9870-b35cc0292e6c,2021,13595,D
643b1e61-9b76-4028-85af-f79635546510,2021,13446,D
b3398ff4-80fe-407c-9362-8b2bdcb9e938,2021,11452,D
e1e8db19-5602-4c41-ad2a-8e2a2cb5f82f,2021,103062,D
9b9b368d-eade-4843-8c22-ae69155b51e2,2021,13595,D
fb171f10-9ab6-4674-9fe8-4e8a744641eb,2021,64664,D
59cc9dcc-be1a-437f-ad67-af0aac9595f7,2021,13277,D
e2a47247-5bd0-4860-8ebb-847347be38bb,2021,1288002,D
5da87bca-72dd-4247-893d-a9a2319aff55,2021,13595,D
aa67c57d-26fd-45d6-89d4-1bc3dab393c5,2021,1102628,D
eb27f5bb-f61a-494a-803d-c5d82b78b943,2021,968,D
67307225-49b1-40b7-b4a6-f9347ab0c02d,2021,55777,D
011ae3dd-82b8-46a6-bca2-d7d7bbe86fd7,2021,13216,D
83c1a000-e612-4eef-b734-082a48ff814a,2021,13277,D
63f0a3d9-23f2-437a-848e-a476e782c8a2,2021,1190071,D
4cd75811-709d-4dc2-b2d0-891525e05195,2021,13446,D
d23f1397-0aea-4d7a-8275-2ca5c0da07aa,2021,113813,D
03bdb9ad-c619-4dc1-8d72-4cb1446401b9,2021,1136142,D
bd21bac8-73e0-4fe0-b99b-500f49dcfa7b,2021,13595,D
0210cd11-3d08-44f6-a238-26e93fd5a969,2021,13216,D
8152d4f6-07e7-49fa-9c92-ffbfb7548a68,2021,18903,D
e027d170-9d3c-4bd0-be28-21fcf59491f9,2021,13216,D
e07804ae-62f3-4d8b-8b8a-81addc6c0cbc,2021,12313,D
21aae448-ace3-4f51-94fd-18978bb81e8b,2021,11452,D
fa87f69d-4e38-4261-a54b-c573e2867eb3,2021,13595,D
49a125aa-b1cf-40ea-b40a-34fa27e41a5f,2021,12313,D
1152d293-2637-474f-8186-a9add0a238f3,2021,13216,D
ba2fe104-b9cd-44f1-849a-570d76ddd521,2021,13446,D
5dda87d1-7dd0-464f-9f36-8460c4a54149,2021,5000143,D
59ed732b-a703-4caa-a61d-b611a02e8f72,2021,13277,D
1ef7385d-c2b9-4286-beed-f920f2183810,2021,1102628,D
3df560b0-2d4d-4c4e-aee6-de357e9d80e3,2021,13595,D
90f53a00-4a21-41a8-92a4-d73f1da5c725,2021,13277,D
93763d31-44f3-4057-9e73-8bb5dcc73f4c,2021,18584,D
8d24e90b-3ac2-40b2-b50b-ff46ef9faa13,2021,102590,D
10e23474-8dc6-4a7d-860f-8a8a0ea9bbb0,2021,102590,D
3589ce81-1ff7-4870-a18a-d3c331cdefcb,2021,102590,D
659c1fc9-dc1b-4702-b37d-1c6ff97bb8d3,2021,1113582,D
1766ce87-604d-4f61-8e92-88a6e1c09f4f,2021,513,D
d3c3caa6-b634-4bd1-ab61-8652f420297f,2021,513,D
208fdfa3-f0ce-4f65-887b-09d6f6381349,2021,513,D
ab815550-dfc2-431f-9d39-bd2bd904adab,2021,1113582,D
7520b933-5fad-4be8-a707-0245e2daa989,2021,513,D
2f1499cb-ab8a-4e8e-8b67-bfe043e3d428,2021,1113582,D
3080c2a8-bdd5-4fa9-9767-01fab87c0e3d,2021,99820,D
de1c0b66-d077-4fe7-91e3-7d9c9e4e4220,2021,99820,D
fdcb04c3-193a-4eed-a8b6-ff528571a6de,2021,5000143,D
b9d7a2d1-799c-482b-9ce4-ff5e3164816b,2021,47069,D
19a9f8fb-33d6-4cda-ae78-bd91e74cc140,2021,86318,D
10294747-bd5a-47aa-b718-7b92a3d0f471,2021,86318,D
1bf8b5c2-03cd-48f0-9204-154025b857e8,2021,86318,D
486f8e44-23a8-46ef-8794-29c10c605bfc,2021,86318,D
571170d7-2cec-47ab-8a40-271567813d81,2021,86318,D
5fb0d413-3c88-4145-a0d6-a52a01169cad,2021,11554,D
8f45c8a2-208e-4034-b99e-23ad77e9a53c,2021,1103723,D
39eb6ce7-1adb-4358-afd2-b05506189060,2021,1103723,D
cb0fb128-113d-4272-adb6-8775f04d139c,2021,1103723,D
b2714ce4-b617-409e-8c20-61aada100977,2021,1103723,D
c0b609da-1ac6-4c4f-bceb-bb69c301d3ad,2021,73898,D
b9f52032-dfb6-415e-a363-2f14331475f3,2021,73898,D
3e9f0a98-34fa-4dbb-9ab9-a81ac3c9eaef,2021,50082,D
bfd379ef-1472-4faf-a42d-0b7120dff8ed,2021,13595,D
cab37489-d2d7-4b01-abda-6de4209e454b,2021,1265453,D
3f0c170e-853f-4442-b206-71f27ba07b02,2021,41238,D
c5bf1380-45ef-41dc-ba2d-f06a1e0e1edf,2021,13446,D
6958469f-887c-4689-ac18-976e921d67f9,2021,13446,D
75dd4b0a-a760-4b4f-bb4b-c18773dfbcf2,2021,13446,D
a34226a3-5e9e-4997-838f-ad18a63d6a49,2021,9440,D
f776de3a-32ee-4a19-af18-84b5566c3065,2021,9440,D
73f82c3d-1905-4d6b-905f-9a9347a546c1,2021,1180773,D
f417df80-986b-4600-9094-29ebf7973e7b,2021,1180773,D
b027341a-a37b-4841-bdae-ad6aebabcd1d,2021,1180773,D
8c812b4c-1c87-49b3-be2c-fdc85b0c21ce,2021,1180773,D
8d1a8c88-c24e-455b-880c-c5c8663090f7,2021,1180773,D
75385f71-b940-4b86-adf8-70cf0b312a9a,2021,1136142,D
90cbdd35-8e1d-4659-8e1e-80111a82ee93,2021,1136142,D
1dde340f-e1d0-45a7-8010-abb5cbab1db3,2021,73898,D
8733accc-c5ed-49ea-bc57-20897fd5b63f,2021,1102628,D
e102668f-304c-428c-912b-0bb986c5c430,2021,118420,D
0f132b83-0ef4-4082-9936-27332b1da07a,2021,113455,D
f29d1bdf-f917-41c5-b962-5e89de09cc73,2021,118994,D
77ad70b3-0f34-4910-a1f2-3943df68d6a7,2021,1110857,D
4c1bfc7e-579f-4539-88b1-fc0489231811,2021,1181327,D
888e4889-1e8c-4cb1-b6e4-6e524567ee86,2021,1270680,D
d454819b-3679-4fb4-aa15-85cc149d4909,2021,20009,D
ceb5e5fb-895f-4112-9380-a437731aa469,2021,1306689,D
c992cc78-ccab-4e4d-a0d4-4db3c7470312,2021,48675,D
4f5a4b4d-85f5-4e31-a836-349353df055e,2021,18250,D
6b2cc101-7f61-4a39-8ab1-3da3a1f5ecd8,2021,18250,D
f11538b4-6f6d-43be-aab7-a675ac0f739e,2021,87396,D
ca9529b1-a92b-4df4-9f2b-a43d2129a610,2021,98595,D
49469376-1bd7-4b94-9a10-e5aa94034ebb,2021,59122,D
3ed45cab-2bfa-4249-902d-66eeb82886e3,2021,56172,D
561659fc-dbe8-4b44-8b34-dff0d9dbc9cb,2021,1427745,D
7e05f105-effd-48dc-879d-e44af8887d6d,2021,48205,D
1f88d99e-b327-4eb9-8dae-5d6b7706ceda,2021,48205,D
bc6b4322-e9e0-440b-8504-8cfb093be390,2021,1314243,D
7d5d9949-f2a3-4311-a9ba-814c46ece251,2021,98595,D
889d550c-8d66-4f18-9569-7c8a84878643,2021,117532,D
62117243-1793-44f0-8121-7dcb1af3a085,2021,1272079,D
309d82e7-7ca3-4a6c-9f59-d2db4bc63018,2021,99820,D
6098852b-9824-43d4-952d-5c8dce93b8e3,2021,20009,D
d94fdfd9-8d3c-4334-855e-b9a889f8898e,2021,58808,D
24eb2af5-185a-4f68-be29-5f20053c91b0,2021,98595,D
25ed8c88-ff8c-4878-b259-6c624cd9bf0a,2021,1270680,D
cf052d95-7c8e-4fa8-ad5e-9f7a1acabdb7,2021,12025,D
6ea4534f-06f6-40a2-aceb-6595adaa5fae,2021,12025,D
158214b6-74cf-4e60-8cf0-4d42d2a60c93,2021,12025,D
706d3b05-d4fc-4a86-8b19-dc2dfeae5d9d,2021,20239,D
bc6d59f6-cc60-4538-b4e7-5e79e361d719,2021,1190071,D
83f5b8d5-1a4d-4c70-8b05-b9eb8d1e0f91,2021,1101244,D
0616ac45-5e93-4918-a671-329e1904ced0,2021,12025,D
3bb53e3a-93c9-4d58-93ad-70b8e2ad7988,2021,64664,D
5ce312a5-7259-4211-9500-efad9f5f6a04,2021,64664,D
7425090a-54df-4cf4-8997-9f32630fe5c2,2021,64664,D
edb8c6b7-80e6-41f8-97b1-2f0d78b68670,2021,64664,D
69e20a8d-f5d9-4dcf-9a77-0e00b874cdf9,2021,60886,D
41535426-3ee3-49a5-a8e5-627c74510f1b,2021,60886,D
d356bb2c-d775-44a6-b63f-6e7fefff1991,2021,116770,D
ad0c458e-4b27-4766-9f78-e09162697447,2021,1270680,D
9db8bc6c-26c0-4a0a-8eba-651ef7e11c72,2021,1139692,D
74a892b0-cf6c-486a-b174-2e457362da43,2021,1422296,D
1305d36b-2195-4f02-8f80-0209ca923f46,2021,1181115,D
76fafd8f-a2f3-442c-8ed7-e31182edf5be,2021,5000951,D
e841d624-4eb6-4216-87f5-e13fb4c92598,2021,5000951,D
6a899708-5571-464b-9154-6afc8f748d32,2021,20009,D
b02c8acd-c9ae-4bab-a53e-c3ba23ee83ca,2021,1270680,D
bb0b9534-4619-40b7-9861-1509323b2540,2021,54934,D
9573da30-f61c-4789-9d0a-01797d7a17b2,2021,1533190,D
827feaa7-475e-4a45-b267-1b6e95a84106,2021,1306689,D
afabd646-be1d-4151-bdf6-dad3d2b5a05c,2021,43664,D
ad2e1c6b-2410-4f40-a840-2a5c7b453ac7,2021,5000135,D
859e1f4d-f4b6-4cbe-9180-9dd0be1c8099,2021,2209,D
79cc23d9-6380-4cf0-abe1-69c196d9bb3a,2021,1385488,D
63d7bc8e-581a-4c0d-bd06-da27201934ee,2021,1385942,D
a1109b5e-c8be-4a9f-bfe8-511a6af514e8,2021,12313,D
59981890-b3a2-49fc-ad60-32a1ef0c3b9d,2021,1103723,D
96948da1-a5c3-4d60-9f66-3af18244989d,2021,317,D
5223824b-ce79-4103-9b7c-2911fd324677,2021,317,D
a0621612-3f56-4119-9cb0-13bc47eb8f12,2021,50082,D
d08b72cd-865b-43eb-91fd-3609f68fce74,2021,5000951,D
32df44dd-ce86-4b7f-8c3a-c08f582f1665,2021,108660,D
73810ee1-b19b-47e0-9dc2-e7111b4db854,2021,62484,D
2c4a9a00-77fd-4044-a696-3a163c327811,2021,13595,E
eab5f9cf-b3bb-43bf-8681-d48b09487e88,2021,106996,E
f9506763-a00d-40a6-a1c5-cfb1eec50a6f,2021,13595,E
b8fcff3c-4076-4ce8-9a36-f1a4c6bfa44d,2021,114616,E
f5f7b84b-2007-4925-8805-6761383ee464,2021,106996,E
ea59f41c-5ef2-4d06-94e6-e2b368b4661c,2021,1136142,E
c1bc005e-adc0-4e42-90a8-881b19f8f2ef,2021,1322390,E
08dd7e67-cfe4-49ae-82c2-a9ec398270de,2021,13595,E
310845c2-195b-4478-b917-1935352df21b,2021,1181115,E
a2925309-10f2-470a-a448-bb5bfa6549e4,2021,1322390,E
96496f57-56f4-4b01-8048-7a15d40eb0c5,2021,1322390,E
c072a2d3-abe7-496f-82f6-570efb068bbe,2021,18903,E
e704326f-2259-46a4-8b82-881d5c60306c,2021,101942,E
f538cefb-96b4-4f0d-851a-6ca20aa7bc70,2021,43664,E
c83639fc-0755-46ec-9393-d5f214af5843,2021,18671,E
41fac013-3c4e-43e9-a382-d052e39ee74b,2021,1136142,E
422c588c-7c11-4076-98e5-56370b0f000c,2021,1376181,E
5bd77102-7023-439d-87d0-bc55a2b115b5,2021,106996,E
99cf52ff-ed56-4bd8-a930-2a54671f8e56,2021,106996,E
d148f00a-0da8-46db-acf6-8b2ff4174de7,2021,98305,E
111a556a-b8e5-4eaf-a93e-20736d8a21e8,2021,50981,E
12ef9d04-9f66-4771-b919-b9b6d3953b86,2021,20030,E
e616b599-82ec-4b68-9766-61c8d4a67038,2021,2209,E
7007d440-504d-4cd1-ab36-9897e2a10bb4,2021,1306689,E
0d73f34c-a8bd-42a8-aefc-2634032ff8ed,2021,1181115,E
36f97317-f6c3-4271-b80e-48401fc401c7,2021,1299927,E
f000b3e3-2472-4150-821b-28aec8921147,2021,1190071,E
856bc5ec-504f-40aa-a2b6-b7d4f0017cbf,2021,1181115,E
ffeaa463-43b0-4ead-a3d4-f17ffcfc7737,2021,90030,E
143949d8-3d23-4869-b1cc-67f0ed31624e,2021,104360,E
f84af8d0-d58d-4d85-ae9f-0f3c40afecd7,2021,37862,E
dd274869-f345-4305-a351-f6f0fffb889b,2021,1314243,E
a8db6828-06fc-468a-89ff-e445dd027f73,2021,13595,E
fd0942f8-40f3-46ac-8e29-cd2444cfdfb5,2021,101942,E
9536444c-8e15-458a-935b-69426f71571e,2021,1190071,E
586fb912-f5d5-46d0-88c4-2ca2ede1e091,2021,107920,E
6fb3a240-066b-41f0-af07-ec8f9e535e41,2021,55777,E
255302aa-c9ca-4447-b1cc-1e05c3b3045b,2021,1299927,E
4f7b64fd-3962-4b60-9e7e-d83fb986b3fa,2021,1117717,E
20bf4d0e-c177-45b2-b7a9-656845a2d62a,2021,11730,E
ce405d6e-7137-4c60-ac68-a00c2fa1ee88,2021,11730,E
b6323604-c8bb-49a4-9218-b3892ebca73d,2021,37862,E
3ece6fdc-cb8a-41d2-9e53-244ff2ac5077,2021,968,E
1e1dea35-eb6f-4e4b-8c5b-9704007af81a,2021,55777,E
7b14c972-f5da-4eb7-bc0c-f6fb167dc571,2021,11730,E
f86591c5-8307-4679-b761-f6e39536199e,2021,48205,E
9a33443c-b3fc-4f25-bd69-6b8f6d46c01d,2021,1322390,E
9a3a6e04-1095-44b6-8260-384b7ae83966,2021,1322390,E
89c81be7-b838-41ab-a045-14636c0d22e4,2021,1101244,E
0c5cace9-30f6-47eb-ad94-caeea849ee96,2021,9414,E
93800c32-5e21-4011-9839-8ea0cfcc3d6e,2021,101942,E
867b589f-7dfc-4d29-9899-1790969334e9,2021,18903,E
b786816e-9074-45ae-842f-d3d806b814da,2021,106996,E
9c63de0d-9364-43aa-ae22-06a089199d0e,2021,1376181,E
70523793-a652-4cc0-b041-5e0a9c5f7eb8,2021,88084,E
a7925a24-5fb0-4322-be37-c70cf2a9c756,2021,968,E
88f71fd7-7c23-4d90-9bf7-34110c647e44,2021,5000143,E
43a37cb8-1789-4d66-8f13-cb9ae84e95fb,2021,103062,E
74d06b3d-2691-49f5-a2e6-a24c44da450a,2021,112086,E
6e43e17c-02e6-4ecc-b1b3-f1554018ccde,2021,13595,E
9844283e-bd1e-421f-8616-0e1691c29a76,2021,83388,E
06cb0a82-dc69-4a9d-b5c9-e8a120000c1b,2021,1322390,E
a02a908e-7842-488b-b341-ccf14616b164,2021,1190145,E
a5d5bee6-60ff-434b-8dcf-3e9d9d7bf7a9,2021,117532,E
d2d8c1d6-4157-44b1-9440-74adeee9379a,2021,94762,E
cc467dc5-44a7-4c5b-b319-abf3a0d0c596,2021,103062,E
674c55a0-d031-46cf-9fbf-d0ddd269525a,2021,1270596,E
5ee1fd3e-c44d-4142-96fe-a7a48005eb51,2021,107360,E
1fd03311-2f2e-4036-93d7-ac98942d04f7,2021,95017,E
42be4b48-57db-4afc-bc32-9797f2b2b255,2021,318882,E
72788d2e-6d3a-46ee-b052-5ed648756689,2021,113455,E
a9a24069-a1e9-418d-8357-d951966fa573,2021,22047,E
8b3bc130-a699-4e0c-8051-ea47b059f800,2021,95017,E
29a669dd-fb45-4e83-96c4-41f8454890d4,2021,57606,E
50d611cd-933b-469a-8aba-ebff1e7ef214,2021,18584,E
b5cc9888-41db-4a15-a10b-cb9cf037703b,2021,108660,E
b7d82a01-4230-4c9c-8ed4-849012f35fad,2021,1270596,E
f47df11c-a9f8-446b-9888-bb431f3be53b,2021,107360,E
2fcc85ce-fa46-4b7c-a5c0-9bec56e382bc,2021,106996,E
bf628ef5-026e-43ba-8598-c7963acb420a,2021,106996,E
581055d2-aff6-4025-9c64-a88cf4980087,2021,86326,E
b84e214a-9841-491e-81b8-533a5489c2d0,2021,1108692,E
a8e9416b-1b6a-4adc-8311-b1292f33f849,2021,317,E
31e8eee2-2df8-4c83-b600-f0b0833330b8,2021,1272079,E
c82b5a21-c371-4839-ad7c-61c321776adc,2021,98665,E
9a34dd72-9d92-4a57-8fee-b38d56558e31,2021,1376131,E
af27971f-e8d9-4c33-a2cf-e1bc8c31c6d6,2021,1318224,E
6a880b53-2341-4631-a9d2-0ba8e8c4d339,2021,20933,E
bd6dbf85-8d21-44b1-8950-94b4093f0ff4,2021,87396,E
e090d882-49b3-4c0b-ab44-e7066bab3dd1,2021,55777,E
86323aaf-0561-42db-a6bb-0b058bc57911,2021,37862,E
bba14b8a-70fb-44a3-b143-f482bc7ef16b,2021,55402,E
c37e448f-d470-49b3-adc5-744aba660eec,2021,95017,E
a3214692-0c18-4faa-82a0-a00f3421c389,2021,1300284,E
90de573d-37a3-4337-9520-091ce5d7c474,2021,55777,E
e01a2c98-5234-4f26-b41a-59bff6aebc62,2021,13446,E
bdf2ac35-937b-44a4-bd2a-0fbe2abd8a53,2021,9425,E
73128b2d-5dd1-469b-902b-649a77189e28,2021,46377,E
d1eefc64-3b95-46da-a7e2-ff5568465208,2021,1181115,E
5f64733d-e9d9-484b-904b-122f95345f12,2021,1283028,E
772cabb6-d966-4e1e-acb6-65201a050299,2021,94762,E
f1593ee1-a380-4ee8-b06b-c0ff772eea63,2021,2209,E
9d2c5bdc-4d0a-4c18-9fe0-c57d03cc9bfc,2021,968,E
2e6b2fd8-d4b6-4933-838c-9e949ee59815,2021,62484,E
d56d0fb7-0136-4756-8973-85e2b7f5c88b,2021,1318224,E
2bedd85e-cd1d-43d6-9ab4-9bbb8a171819,2021,968,E
ae50c0e1-6f9c-4ff9-abe3-a9ae3094b7dd,2021,317,E
a1594b0b-a440-484f-8b02-d0fe5b030218,2021,94762,E
05b547e7-1fdb-4ff2-a5b0-7327f6353f4e,2021,55777,E
b04f0668-2e86-4109-95b4-e495532fe321,2021,1322665,E
a50a4419-6afb-42ab-8e36-c3111b3a2f28,2021,1136142,E
4172fbb2-9f58-454d-a23d-d4a1d4e6da7d,2021,1102628,E
f1db2612-a240-4355-836b-103be10c51a8,2021,95017,E
e7bae21b-0654-420a-bc5b-a34b45b488a3,2021,50981,E
1544e356-8033-4702-ae80-a17755de7244,2021,1376131,E
c40268be-38d2-44e3-99ec-200d0254df15,2021,1322665,E
07d5ddf9-cf71-469c-9cd4-6adde0b4dffb,2021,1376181,E
679d226f-46ba-4cfd-b801-7911df742120,2021,1376181,E
43112465-42ae-49f0-ba68-62f86dc05ae0,2021,1181115,E
2e61fabc-e7b5-442a-a2dd-fcb28f20ac27,2021,1187671,E
fee03b48-a1e2-4b26-ae31-50365adfe533,2021,101942,E
3eedc649-7b8c-4cba-8b87-26c2cca3ce57,2021,101830,E
ae2027fd-bbd6-408e-bc6a-2c340d79f403,2021,18559,E
b3d65ff0-c734-4f3c-9c9d-f466af78d9ed,2021,317,E
7350261c-c83a-4677-b6b7-644dd6c1b5cb,2021,1136142,E
a29bb742-54da-46b7-a5d9-ef07a386c33b,2021,13277,E
7a62e47d-271a-42ac-80ee-b647ab8aaab6,2021,106996,E
68541be2-80e9-480a-ac05-5a7dbe7bcff8,2021,1270596,E
4a62fb03-f9ed-4f4a-a86e-7bd87b779d0a,2021,2209,E
9e9bb627-2d0d-4dd0-be4c-fc3d2e0f9734,2021,968,E
606ffeb1-113a-4d41-b7be-46c212813639,2021,41238,E
3c554d12-45f1-41db-ae4d-027e61d16610,2021,37862,E
87438289-691d-47f4-be32-2f6191f04f5c,2021,95175,E
536250c4-3cd8-4f7d-b225-4f13c142484f,2021,18671,E
275fdd3c-2227-442a-924f-e5c4c8ff6a3f,2021,106996,E
f9b9f95a-09a3-4047-909c-69408a837a41,2021,11452,E
5676d9c8-3f99-4cbb-8a8c-fcdd3a918204,2021,104360,E
4dfce2b1-7ec1-4479-baf2-fa58d7806bf0,2021,88084,E
84a5ea48-b00c-4242-b35e-1ad92469b0af,2021,106996,E
3123f0bb-9d92-41b0-8a04-827ab5196922,2021,101942,E
3af015ef-62c4-4575-a45b-b4785e993569,2021,1318224,E
4253c101-a1bf-4d7d-9158-06854e96e0a6,2021,1306689,E
85fcc3dc-d2ce-44af-83b4-4a0b0f655502,2021,1136142,E
1f3fabf5-0eac-41a9-bb98-e3b72f14c87e,2021,1181327,E
c30a35cd-3d60-4897-8b06-81691c25532e,2021,94762,E
70396c4d-3920-42a5-9a87-980057044eae,2021,40343,E
79138196-1756-4420-bb3f-fc99a866f3b3,2021,1385942,E
774357c3-7caf-4a64-8652-bf52827d9aa1,2021,5000143,E
a81a42e8-46f9-49ca-8c23-34796b588a1c,2021,1265453,E
9da91cb9-c7bf-45e9-8bb1-4a22bb8ded4e,2021,1203177,E
08dd9f07-633d-47b5-be7e-1cd42e0ae8bb,2021,1166783,E
a25e65bc-717c-4fa7-b7bf-1b9c29b24c3f,2021,1118057,E
f58e6621-f472-4e12-9d9d-23003954a8ee,2021,103062,E
be88ed77-adf0-4625-b631-643a21950200,2021,19047,E
1cf065dc-22a5-44db-9d1e-417cc042ea5a,2021,1315444,E
3c3084c9-7b6f-4a37-8aa2-2f6de7d4aa5e,2021,1166783,E
753a8c4f-d036-4ddf-8d6a-b951f4b4cb8f,2021,13980,E
0240a652-c6ae-4eb3-a617-c352804af3a7,2021,113687,E
b7bf76b1-1259-42b1-8715-90b38820fc25,2021,1306689,E
1400fe62-ae7f-4531-b3a3-b9a42644947b,2021,114616,E
7434cc97-db20-4795-9216-354862fc7633,2021,19042,E
b1c1004a-3048-449b-86c8-4735d152615d,2021,20030,E
138d6776-3951-4242-b518-375d73cef344,2021,18558,E
4c0d7d54-db75-4e54-a995-9c94489b0cc3,2021,94762,E
ecd6270a-f070-413f-90e4-e31728e65b97,2021,48205,E
bd8945ff-79f7-4ec7-9158-e96f2cbc3583,2021,18683,E
364d8357-d687-4a1e-bc40-6f1a6d55ff38,2021,13446,E
7b94f72c-da64-4e16-9535-ea6ae62bcd67,2021,95175,E
8b55d575-c0c6-4df5-98b8-92489a30e4a9,2021,101830,E
e6618862-2960-4b0b-a561-cb0f9794bd93,2021,18584,E
8d8c3144-fa1d-4443-9531-4ca36ebb9a30,2021,18559,E
a8ba793e-8eca-447d-9632-2685ec6a2cca,2021,1203177,E
cc205fed-8939-4119-a7c6-153f609fe40c,2021,98764,E
86a0a7f3-f638-4997-bbba-b12875a2fd03,2021,1181327,E
76aaeb6c-155a-45bf-b1bf-41b69eb13968,2021,1187671,E
da30983e-c544-4989-97cc-b864e7d512f6,2021,1181115,E
7f58f75b-4354-467e-9046-8ab6c67cdad6,2021,1314243,E
7e833394-9ffc-418b-92a4-5a8bad25ce7d,2021,55777,E
f9f5f6e8-1941-4784-819d-3f57e49d3235,2021,13446,E
dfde6070-6523-4589-8eae-3850b202ecdb,2021,107360,E
a3109ef7-6a4c-4ab2-a85a-edad1728f258,2021,1376181,E
1a58fe1a-1348-48c2-a212-4783808e214b,2021,20030,E
64441277-5406-4dcd-923c-8fc26339eff9,2021,113455,E
51982262-cffd-476c-a7de-81440e51a442,2021,101830,E
03ab5266-ffeb-4e87-a388-4d73e2e05a01,2021,47505,E
c0b005cd-d586-46c6-a24c-78f92d5a5e57,2021,94762,E
cded488a-de50-4ecd-a750-4c46240438c8,2021,102590,E
26b530bc-87d1-4083-bde1-d99a238654fb,2021,106167,E
426b3e1e-29e7-4e7a-8047-bd8f72fd6fd4,2021,13446,E
a37e2326-6a2a-4a2e-8133-15554fdf40a7,2021,513,E
ae69438d-6e64-4f1d-accf-2ca25062ab1d,2021,2209,E
26577746-780b-4323-92bd-8d773e6e8211,2021,13595,E
c0274b82-ad1e-4441-ab47-24c28baa8362,2021,13446,E
87f4cf1c-1d15-4ee9-be1d-a1b947f18f4e,2021,98595,E
31d990db-a20a-474c-adda-52aaae0234dd,2021,13216,E
8b44f72d-ac3c-4cf3-91c9-40a907e32623,2021,1190071,E
9fa7cd1d-5559-4c86-a2ff-2cfa41fdcf71,2021,1190071,E
13f848c9-043b-4f87-9634-310607635fa1,2021,18559,E
06d98214-1b4b-4cf1-b7ec-afe3e1cd2b87,2021,5000135,E
d4f4b36d-4a2e-4bdf-b46b-9eaa8772e34e,2021,97778,E
86dafd62-6683-4294-a549-5b9f02c3819a,2021,13446,E
e7186c3e-ce82-4160-9f4d-9208dfb47b3e,2021,101942,E
b01c3c7d-9302-4026-99bd-61a1f2663dec,2021,1318224,E
cd4ec6d1-fdeb-4d94-b34a-8d601f1a72c9,2021,102590,E
66a6afc3-ef89-46a3-a620-eb638b82a2b7,2021,106996,E
505980b2-bb15-469b-b931-8c302becc110,2021,95017,E
c61ff82a-8e60-4e46-bd98-1173b2a62105,2021,1108692,E
ff8e30a7-96c0-4abb-b027-a8ac79ee3534,2021,95017,E
55d447ab-c31d-4490-ac4b-734458608553,2021,113687,E
52e96a9c-5baa-497b-9dcd-d243bca13709,2021,18584,E
a6006f2d-1f8c-46ac-892c-b87fa4f9247e,2021,13216,E
ee370971-edeb-484b-a038-6ebf33c7f71f,2021,1103723,E
28741918-8d8b-4d9c-ac4c-709cc96783a8,2021,55777,E
f94db9e2-63b5-4256-99c5-8761a2df27c4,2021,1376181,E
78199360-6156-4cca-817f-3c0f8bfa36d8,2021,97778,E
be5e273b-2678-48b1-84b3-df25cbd908ba,2021,112086,E
749ad49a-e9f3-4835-b1d2-f1818b21c467,2021,13401,E
3e642c49-9ac2-4a8d-8a6e-59559215b323,2021,101942,E
9e58bea2-6b30-443e-a382-859ff2efe89c,2021,1314243,E
556d4a54-e0b3-4204-8c76-5ac42e93a203,2021,1270596,E
f1af9b3d-0f4d-412e-b9c7-ac6feaecf663,2021,11452,E
c1aae35d-09fd-45d5-a2f1-7bd101e5eed5,2021,11452,E
009f63bb-dd03-4d0d-b845-d67304028b9d,2021,2209,E
f081a524-cb0f-43ef-92d0-4e05840fef2d,2021,88084,E
460261b3-a538-4979-99d9-b8ecd01c58c4,2021,53331,E
98fcd9c4-b8d6-403c-b57f-b42273ef10ee,2021,112086,E
9189c71e-5df2-45cf-ba0a-ebec955223d7,2021,94762,E
17048bfb-af0f-4d75-ac71-b8dca23e742b,2021,1533190,E
a547e0bd-fc60-4248-aede-36f684e82e67,2021,54934,E
8431ff43-3876-4d5a-b220-5ef6b2903316,2021,5000135,E
b0223a28-edb1-4f37-87d4-69772b3ebf54,2021,55402,E
71d0100e-5d34-4643-90dd-cf545eebeed5,2021,13446,E
4825dfe5-91a5-4a09-a094-0b41bc8df5b9,2021,9425,E
994a73a6-d981-460e-82b1-1e67d4f966e9,2021,18683,E
8b39044f-3922-4fa3-92db-154eb420c205,2021,62484,E
4fdc9e69-04aa-4254-8123-b2443e1b5049,2021,18584,E
b29dd144-3359-49e6-a7b8-02c22eaef353,2021,11730,E
85f664c0-5c12-4f0b-81f9-10e04733d4a0,2021,13401,E
6dd61a37-2b82-4956-9ccc-4ff4d3d122cf,2021,62484,E
96c0c549-4eb6-47c2-9ba1-af7b01fff02f,2021,54934,E
c51b5ff2-e7bb-4db9-b8b7-094c8fba6bb6,2021,97778,E
d17e8e83-f3a2-4044-ba92-517fb74a80e7,2021,13401,E
5d05d933-76d9-4196-b778-a549f8f8317d,2021,13446,E
8e34b2a5-7073-479e-9b7a-7645d811a8e9,2021,1267543,E
263de085-ec2a-4ae7-9166-c2d77a911b4c,2021,107360,E
c2447de8-a5c5-4701-9440-b9af7510a2d1,2021,20239,E
4b81d6e4-38b2-44fa-bbb4-77c9918c0d22,2021,47505,E
581be375-ae87-464f-b180-1023534d02ba,2021,1314243,E
da71d9f2-44f2-41e1-a4c0-f0f7f9d25e2b,2021,1300429,E
6379390f-447a-4cc5-aa9e-534916abf1f7,2021,1288002,E
2194e2a5-a0be-43ff-8e82-c713bb417cfb,2021,83388,E
166241ef-5347-40e8-b03f-2c911984efbe,2021,13277,E
2638e48e-7754-4542-bb9d-475e2b87a1f9,2021,87396,E
3586cf3d-b8ac-47c3-9f15-6fd93cb312d4,2021,1376181,E
71f43d07-fc82-4dac-8771-0524f7500dd6,2021,106167,E
5699eb58-d4c6-46a4-990a-8739a9024484,2021,2209,E
abaf8f6c-7d68-42f1-bca4-89bfd8931dbd,2021,13446,E
1b3f48d9-3ce6-4a01-9869-98a1b5dd8bcd,2021,95017,E
3e26d6bc-971d-4043-bb24-9960efdb3f53,2021,13595,E
c993d80c-53af-4b65-b38d-3c2631f72182,2021,47051,E
4d34c935-c33e-4d4c-97dc-0afc8a1b4e32,2021,47051,E
30b75e00-7abc-40f2-881d-5ec63ead591c,2021,118420,E
68f9326c-51b7-475d-8efa-f2292e98b599,2021,1181327,E
ee0c0915-8f04-49f5-864e-cf5ae729376a,2021,13216,E
bb4a1971-006d-4519-946f-50c12654008c,2021,103062,E
1ae95083-29f3-47f1-a13a-0959319e2942,2021,103062,E
7d62546b-f640-4442-82ec-e99b9bec5058,2021,95017,E
4242ea1b-16f0-49e7-8a70-7a683b5ae25e,2021,1270596,E
6df8f3cd-439e-46d6-800d-a0ceff0ea1a2,2021,55777,E
accb6350-e9fa-4910-b28d-83e484d1a422,2021,81210,E
ef8e790f-b63d-464f-bfa2-6e2ddbea51cd,2021,98595,E
c9778939-cdf9-4df9-81e7-e561e36bf1a3,2021,118420,E
9fe3baed-edc0-4cae-b495-921d6b7442a0,2021,87396,E
3da550bd-f5d0-4c04-b509-c4c54b221349,2021,1330347,E
d32ba4c3-6887-4964-88e9-993b8826eae0,2021,1427745,E
fb3e350f-b861-4030-8fc1-e255dcaf2d0c,2021,13980,E
a6bebb85-c6ac-4ede-ac12-2b5ac3eb885b,2021,118420,E
030858e3-d459-4e51-bd70-00662de26f13,2021,62484,E
516a5c15-53cc-443f-8016-fbf2f8fecd3c,2021,11730,E
b8e5eb66-7e97-4074-9ec2-f78b4edef542,2021,118420,E
76d031f0-1ff3-4bec-a42e-7990e16d5f79,2021,20030,E
0340b43d-80db-4e88-9768-36081af63f7d,2021,317,E
f4578aba-c241-4d94-8b8b-e9db59d561e0,2021,1102628,E
7dc533f9-e825-4ce1-9d28-0b960e6dd114,2021,1322665,E
f30415f8-0be6-49dc-adc9-a9811a2662de,2021,13277,E
f84a406d-1993-4958-9adc-0666920b9ebf,2021,95175,E
aee16d06-3958-4d2b-8538-997fb9efd58a,2021,21464,E
a7bcc68f-d1b2-457d-a445-1de06f1307c2,2021,94762,E
aab1aa91-0008-4ad3-8020-409679fb7860,2021,5000143,E
f7f7d206-50ca-4dea-bb7b-312a09df684d,2021,19047,E
dc9136f1-1a01-45cb-808e-7d4ae896e39d,2021,968,E
235ca82d-436a-498d-b71a-d192dee00916,2021,64664,E
d1f4ae1f-44a5-4f22-917c-0c7227a8fe2c,2021,118468,E
62e6d550-9f32-4685-9500-35367724f3f8,2021,18903,E
517ef2cb-69b6-4d2d-ad7b-3bde6f6461d9,2021,1136142,E
c0e91483-ccc3-4d0d-8cbd-607d97c92054,2021,13277,E
d5805e37-d87c-47c1-a46f-90e9e5b4efef,2021,1385488,E
ddb87fee-04d9-4e0b-ada3-8d6a3f3b89cf,2021,41238,E
753b3ad4-a87d-423e-8f44-02207f63df6c,2021,50981,E
f951acaa-b3b0-419e-9279-dfaf484b690e,2021,2209,E
e3c8e31a-aab3-4496-990c-91ac4f974aae,2021,1288002,E
20792313-966f-48bd-82e2-fcb76a8b8378,2021,87396,E
305903ce-1f49-4144-84f4-f11b9e70f10a,2021,101830,E
637f9ea7-4acf-46f3-a119-fcb40aec01dc,2021,13277,E
20cdb45d-1d46-4758-bd0c-a33f291ca22e,2021,106996,E
45aee608-29bd-4389-be49-c1492c225879,2021,55777,E
4b7f9e46-f118-423f-bf03-0f97162a3457,2021,13401,E
a431a26e-907a-4947-9597-ae7749efa013,2021,1101244,E
ebbc4f20-1ef2-48f6-8090-4a93602557f4,2021,103062,E
668285e2-8070-47f0-a7cd-a9b17951c5d7,2021,116770,E
e1311ade-35ff-4043-845f-e332b69de786,2021,513,E
5649f00b-c81e-411b-9e3b-4302a8fd3e8a,2021,37862,E
7f18579c-20a2-4b18-addc-4fad2d511f22,2021,11730,E
45bc9dc8-93f7-4faa-a827-d656b8bf1057,2021,1204325,E
6e9fb822-2f6b-44b6-ae11-268e6b9d027d,2021,103062,E
70b6bc25-80a3-4c25-ba2d-6bc2f9ad6892,2021,57606,E
72806dd2-9649-4dc1-a206-607a6dd5ad73,2021,97778,E
55418d8a-8a5a-435e-b3a0-fcd951ae6ddb,2021,13216,E
63e774b8-0907-4d05-92db-c9943cf8be83,2021,1070485,E
852ba09a-fb37-4a7f-8972-d9e73e8e3960,2021,18559,E
8f876f80-8eb0-4b57-8c5b-782ab4b638da,2021,968,E
1daf1541-eb1c-4ce8-a83a-6f637b0b83e1,2021,13401,E
18f379b7-3c15-4331-a74d-5d6c8982ec18,2021,13595,E
65a5c3d9-570c-414e-92d8-4f5a593ed73e,2021,968,E
e3ec275e-08c7-4eea-9ef2-a1be10efbadc,2021,9440,E
24a21be2-a5bb-4fa7-87ad-f7893de748d5,2021,19042,E
9078f3b1-8aa0-4510-80bf-44ad292a176a,2021,97443,E
b946bcd8-d62a-4ab1-8115-2d889a6c08b6,2021,513,E
575feeac-6084-4cbd-a63d-a9b4d643c194,2021,47069,E
50adf138-4f40-40dc-afd3-f883bc0599e9,2021,1101244,E
c090995b-4811-4676-8962-f27e0ab2c5d6,2021,2209,E
2358bdde-ea42-492e-98e8-1c07c3819cef,2021,20933,E
0a92e4c7-a42b-4629-9e85-9f5199677e6d,2021,1190071,E
19198da1-3be9-4f1d-9970-293c3da9783e,2021,74737,E
f0b11574-2334-4d95-bb71-78a7b1204ec5,2021,2209,E
4cd9f67b-4007-4e79-a3cc-6fb6a50c4d05,2021,18559,E
51a2adfa-c2cb-4154-a3ee-09818a385d28,2021,13277,E
21483e06-bfce-4f4e-b179-0b88a06a0e7f,2021,13401,E
96564f68-22ac-431a-8b8e-759079353252,2021,968,E
3d9429ff-4b3c-4026-89eb-67d9f46e24ef,2021,67601,E
f30442a4-b983-4a12-8d95-6bd6b9de3ef9,2021,103062,E
35a05961-32c7-4818-a8e1-859e89050205,2021,13216,E
0573dc49-c616-4e6a-b1a9-c458a3217f69,2021,1118057,E
d3d3dbe4-c372-403b-b463-e54272b45c2f,2021,118420,E
af17fdc6-f6cf-414b-ba88-1a037f3a7b6e,2021,1299927,E
ac31797c-da27-4981-b6e9-9dc7a8ca8476,2021,95017,E
c5f1387c-9ee4-4502-966f-5fb95f6a7ab7,2021,317,E
1031758c-0a83-471e-a5ef-b3e84ec88880,2021,19047,E
d7e311a7-5dd7-47c2-ae15-8128fb7e9482,2021,95175,E
446c46b2-7206-4344-8781-2de8713a3af2,2021,107360,E
375323e5-8c89-46d0-a08f-cb852b897e66,2021,13446,E
88d00b65-c0c8-43a6-a38f-4968602d272b,2021,1136142,E
a9769455-4874-4e27-bf7c-02ce7574bc1f,2021,20030,E
fc72234b-871b-449e-ba73-176f6cadfe72,2021,1270596,E
066f985f-2804-438c-95e3-7e0cc24c06b8,2021,118420,E
be1370dc-5995-48ee-94da-b77bc7acfd99,2021,1181327,E
fb1d1f13-ef51-4777-b07d-124835c54614,2021,513,E
e8517a2b-f780-45fe-a77c-c48a0000ac17,2021,19047,E
47d9252d-8130-49f6-bca9-cc9772a5c016,2021,55777,E
8d1a5fd6-400d-41fb-a41b-faa3d87f20b0,2021,87396,E
7147839c-6008-46c9-9464-ad2aacc40e16,2021,1270596,E
63ea798a-8f92-4bd6-8053-07b854cb4860,2021,20239,E
af3e1409-db8c-42a0-b3eb-75d11e4a13d8,2021,13216,E
ec60cd81-9525-48e2-bd56-b0afe7e0b013,2021,18559,E
65126433-93e7-4089-8c90-e117b224838e,2021,13216,E
7b5e21ab-d14c-4133-937e-2edebb94f4f3,2021,13401,E
1d94b1a1-beeb-4e17-8e0f-7e4a09ff7f20,2021,11452,E
8bc38c56-40e1-4fda-8c21-5d6531a7eb0a,2021,98305,E
a6da2c4c-ded8-4297-9f87-ca1cf7785d77,2021,101942,E
345c92ef-9a4d-4532-98cf-e18d17ca2b5b,2021,1136142,E
a3657ac3-9a25-4089-8c5d-50b42d970ea5,2021,1132918,E
4dad5239-a906-41a1-af93-e44b8b94ef5d,2021,9414,E
58312cf7-bfb3-4dee-a853-831833cc4bd4,2021,1330347,E
8b30ad5c-9c08-4832-92e5-7606df2b2fe3,2021,1181115,E
2e093d82-94d3-47e5-9bf9-b83b560a438a,2021,68930,E
125e5c51-57d1-4a5d-8293-994ddc766f54,2021,513,E
7f3fa83f-9a38-4b88-ab27-e954412d1d9d,2021,54934,E
683e5499-c176-4805-b653-babdc6ff0735,2021,98305,E
5829825a-9dea-4f0a-994f-4c2333062938,2021,9440,E
c52cd21b-250d-4987-9ac1-4b65c5e71df2,2021,118420,E
e861d4fa-50f2-418b-95e2-84f365edc516,2021,13446,E
eb5aaa0e-0f38-49b9-b73f-fca8bcde434d,2021,62484,E
cb0b529e-af31-4dd3-86e3-3715ce56bae3,2021,1190071,E
046608d7-fe1d-449c-9f6f-e171f53c7414,2021,106167,E
53ddaf5d-2d30-4f1d-855b-08394ae8d627,2021,18584,E
41dab2d1-b568-4658-8c0d-ad28c31896b8,2021,317,E
a6becb98-d841-4288-ac3a-7194585c6c06,2021,95175,E
88d8e5b3-939c-4e5f-9198-a14c39e16407,2021,55777,E
ba52e802-18f2-462b-a188-c2a57104eba2,2021,13277,E
d5234872-8de3-4b6e-9c07-88f9f3f70a1b,2021,73140,E
c52121f8-8c3a-4273-80a9-ba8ddf3857e7,2021,59122,E
046e33c3-3120-4d5a-b5f6-174c6fca3105,2021,1270596,E
7ac5bcea-8687-437f-8d26-698f2534bddd,2021,99820,E
94534a92-927b-4c05-91b9-a77bc89abbf2,2021,13980,E
976e786c-586c-4c84-891e-e1e418589644,2021,11452,E
ecea15c3-c792-4072-9688-9f4197971151,2021,118420,E
c9b6ee49-776d-485a-9431-3900e0296e19,2021,13446,E
2b50a9f1-ba93-4ee0-8116-633094c1c4fc,2021,1376181,E
6b211dce-7657-4f04-8ae2-29bcfda23b04,2021,1376181,E
a9533bb1-5048-4d6e-98d9-b9271c47ec8b,2021,2209,E
fab7a74b-d567-4b36-b1da-a14ba97b7dd9,2021,5000143,E
1fe754ec-53bf-4891-9c60-3f05165088ae,2021,1136142,E
0287e203-ac59-4331-aec1-93235ed63069,2021,62484,E
b47b51f3-a67c-45ce-8f98-ea3a1dcc1aa2,2021,97778,E
14ec4bb2-0f61-483a-a18c-65987f086a41,2021,97778,E
e284f0c1-ef4b-4ca9-8b5c-0a8a2d483f49,2021,1101244,E
aa3d6f00-5e2b-459b-acd9-d7b41da7fd90,2021,106167,E
c6963a8f-dba7-43ab-9582-235c32d58c22,2021,13446,E
3fb1e56b-9def-4ef1-908d-dd6f42f24a76,2021,74737,E
34c91b72-937f-4971-963d-9846f9b312c0,2021,13446,E
cc4ecc5d-a4ef-43bb-9269-7e1ac5765ce7,2021,1136142,E
e60d6aa1-11c1-456f-ab8b-8a0572be1a89,2021,95017,E
80185fcc-fb85-4d6f-91e9-019925ef07a1,2021,1136142,E
a72519e9-a9ce-41b9-8a3c-19dae960c8f1,2021,64664,E
a66a99a4-e312-45f0-9753-a76348ae3290,2021,13401,E
71f7f4b5-e7dd-4b61-b70b-8346a6c7c5c4,2021,62484,E
ef8bedb3-c108-4d3a-a386-4def72b8357e,2021,13401,E
0df28310-c183-4718-8b58-c0145d3dfb4f,2021,18671,E
8cd1ea9e-d87a-48c8-92cf-d5c35bb18e5b,2021,1270596,E
0673c866-4219-41a6-a324-898ef0b567ee,2021,13446,E
462066f7-ff5a-409d-b77e-33380b1408a1,2021,11554,E
b9d3da09-38df-4f67-8a5a-29136aec2800,2021,19047,E
87cb95dc-99ae-44a3-bde9-d7dd9d7cc14d,2021,97778,E
30ba568f-d357-44d1-9831-09fde9fe1c4c,2021,1330347,E
19bb2b0d-22f8-488e-bf10-d9a0616d9acb,2021,20239,E
fc267cb6-a940-497b-9edf-96b0a85d9b00,2021,11730,E
ea17c1b9-3a26-49a9-ac12-5785f2c1d2d1,2021,13401,E
6aeea2d5-0214-4f36-9121-82d9e54bdb5d,2021,19042,E
11421f43-450a-4e61-a862-c27dc60173c6,2021,13216,E
3219c247-9134-45d5-afe3-4718d74fa5a9,2021,118468,E
947c8fac-c85c-41c6-b116-7e7e9b7fc47e,2021,5000135,E
f3f266cf-50d2-4363-9c63-d9767a7fb0a2,2021,13401,E
37c00f0f-fa36-46ff-8fc2-c6639d92abc4,2021,103062,E
7597b70f-2215-4bf0-92ed-73f2e8e4ffb1,2021,13595,E
3f38abb7-b034-479e-ae25-1ef46f0ba394,2021,13446,E
57456d57-cc38-450e-a5f8-e4342fea8b70,2021,11452,E
e23dc2e4-4396-491b-a22f-4e598e7e83ce,2021,12313,E
2c11f436-b2a5-4997-b936-67444385ffc3,2021,1272079,E
c584fc18-cbdd-44fd-9555-bf51b97d5330,2021,1270596,E
237f6b7b-7f9a-4958-9f23-e0c1fe2a0905,2021,5000143,E
030d0dba-8afa-4531-bd91-0c9465c63a35,2021,11730,E
73b17598-ab78-46f4-91ad-4fbb6706b846,2021,95017,E
b805d1c0-f67c-49bc-81be-aa89b176b6c7,2021,62484,E
4fbcda49-7407-4d25-9306-94741695567a,2021,19047,E
ff77d0c4-b622-47ab-820e-71741d2b0af4,2021,13277,E
fe99572e-d27e-44fb-9890-e5cd5866d111,2021,97778,E
2e0046ad-1622-4a8d-8af1-cc439bc33265,2021,317,E
a5c6aad5-ae19-4b39-b297-7ac08466f31a,2021,106167,E
4b037a99-2502-4b1c-8ec3-1c1c88db3ff8,2021,53342,E
ff8779f0-b653-477c-965a-4d4fc15ab104,2021,1203177,E
284b4857-9cb2-4c3d-8e3c-282644d20fd8,2021,13446,E
510f2335-0ed7-413d-9108-c4ec75c104b0,2021,20239,E
aada0621-c673-4e6c-b8df-35df70bb6367,2021,87396,E
74d91c10-4ac0-4c93-8a22-dcd4362e9139,2021,2209,E
fd9784e5-a03a-420b-be18-9e3a0a60366c,2021,20239,E
f45c889c-1217-44c0-94a8-8d1668bea66f,2021,13446,E
02f97938-7c67-4027-9352-8cddb6d2a5f7,2021,1422296,E
42316606-fe5f-4102-93dc-58f63bcdaed6,2021,13446,E
d9e00b03-1cd2-49ff-89a0-2e22fbdf3c46,2021,13595,E
8f441818-3784-4940-a831-0871a31bc0d5,2021,1136142,E
e74299bc-6171-44c7-b020-41cfbc15e85f,2021,12313,E
0d0e89b0-40fb-40ac-95f1-243d5da7a8bb,2021,13595,E
39a73bc4-19a7-41c8-bd9e-a5a92e94d0e2,2021,13980,E
cc878c73-937c-4e57-86cb-5f55af88e5cd,2021,11452,E
974ee8fb-59eb-47fb-b8c7-4af93cca7cb5,2021,513,E
22cc8789-7449-4a73-ba2f-1d86987c888c,2021,13595,E
de24c753-594f-4918-9e86-a285bf33f32d,2021,1136142,E
7b77ff3a-fc5b-43db-a512-b6ea3752b1e2,2021,2209,E
85891079-78e6-41ba-ab0b-11e1e711207a,2021,1299927,E
dd1e8647-7546-4519-aee4-07ca750cc067,2021,13277,E
e4a44543-b9f5-4c14-a592-29a0f3f888eb,2021,12313,E
232d3b64-87bd-43f8-99eb-576c1cd5f7a5,2021,101942,E
d7d5b0a5-048c-4d17-ab8d-6c616914da79,2021,62484,E
3926d4d7-8326-49b6-9b35-b7ed2069f4a7,2021,13595,E
37b88d20-e021-41bc-8ec5-3225bcabf123,2021,18584,E
213d4aef-97f4-4b39-8ec7-354b4ee3d4f6,2021,102590,E
e7c4f0ad-c35c-4817-9b16-9a2d37e78691,2021,1113582,E
02ce8293-be3d-430c-8247-e439449f4876,2021,1113582,E
e6ddfeae-c9e4-4eea-af68-ba3ca75984c2,2021,513,E
8f5bcb78-9815-499d-b4e9-464e8c544af9,2021,513,E
fbe0a2bd-faa0-4b6d-a3c4-5afb32053139,2021,1113582,E
678eecc4-7ce7-4980-a184-50ca0e66e812,2021,1113582,E
d32eaeac-93bb-4b54-b575-63a29bf67ef8,2021,101942,E
b8ebffff-9e21-4ead-814f-4afb8cbdd9a0,2021,86318,E
2dea4ef8-5bb9-4185-8d7f-d2b439c1873e,2021,86318,E
c6db9d1f-3e2f-4003-8379-f5cee3d56367,2021,5000143,E
981983d8-734d-4895-a5ae-ebb4c2bc47d0,2021,47069,E
069f45af-f910-4b1a-9a0e-1e1320bb063e,2021,86318,E
7afd9c3b-3769-4546-a270-98b2dcf67bd9,2021,86318,E
a12e2b64-a5e5-4e4a-8b56-c99a30b050d0,2021,98305,E
39a845ac-ba96-409b-920d-1210048adbb2,2021,1103723,E
645d7a27-53af-42d1-afa9-7f79ef63abf5,2021,1288002,E
c4c24acb-c085-4fcc-a641-f3b01d343a70,2021,73898,E
e8843e12-7d59-4d90-b1f3-74dec47a4a44,2021,13595,E
7a060cee-adcb-4a94-8cb5-c60e95455acf,2021,13446,E
cf952b87-0cf0-404b-91f9-05d7b8304d5c,2021,13446,E
ccc641c5-f96f-403f-93ef-c39585fdeeaf,2021,1180773,E
5417da67-d929-4787-880c-06617f97ba55,2021,88084,E
e6691ff8-acb7-4a30-8ccd-4547e20c9945,2021,1136142,E
92982f14-356b-4d7b-a724-0f86eb599171,2021,1136142,E
c35da7bd-3a2f-4beb-b2d6-8e33f2033960,2021,37862,E
85adeabc-5ba8-4104-80e6-aa3a5d6e91f2,2021,118420,E
e16c0e66-9f9a-4e21-92ff-f4a9da3d94bf,2021,113455,E
7e8ffcd9-4add-40d2-8c80-c3832f653b50,2021,113455,E
17768b20-8f29-4bcb-b5a2-9cfb7ffbf75a,2021,1110857,E
c31811c9-8907-4489-a46a-d44c88b0a575,2021,94762,E
1f287a20-4d5c-4fbc-9500-fccbfa40d883,2021,1070485,E
498649e8-668e-49c1-b782-a8ab690c777d,2021,1306689,E
532713f3-7089-4bf0-a747-4dedad924aa8,2021,1306689,E
683e7009-2bed-4201-a7a2-fdde504d4d54,2021,12025,E
205dff45-021c-42bb-870e-d5a850e0b22c,2021,18250,E
55fdd2e1-4d00-4f3e-871e-8a8dd2118ad2,2021,87396,E
dac43f2d-939e-4d7d-bc2f-74ae9242553e,2021,1042278,E
96eb00aa-e4b0-4ca1-8c3d-1fddbd8fdcb1,2021,51020,E
5dc6d747-4bf9-43c8-8f26-d89e3937d91b,2021,20030,E
d9576f35-c5fd-4ac7-9263-2f6186b2ac6e,2021,20030,E
e482fc3c-5ec0-4ff3-904b-233e83f1bdc7,2021,20030,E
0e50601a-4b8a-4bbc-be09-6be642ec3f40,2021,97443,E
7af9f1b1-0846-44f9-9937-060298811d10,2021,55777,E
8e803863-0d9e-4772-bc26-ad023eabe06e,2021,95175,E
8d626fa6-c61b-4490-a527-03ff883c838d,2021,95175,E
b7ff699b-47ca-4c49-8605-3ec199c95279,2021,20009,E
f75b965c-6471-4f80-a06e-7201a572c29c,2021,1203177,E
f366edcf-5b66-453c-85a1-c4cea1dc5029,2021,101942,E
3815c85f-ff5b-42f1-bd88-4ab6ae5f25c8,2021,5000135,E
630f8d88-70b7-465f-83f2-fa761ddddd07,2021,1322390,E
05a463e6-282a-47bf-b888-3a323342a638,2021,12025,E
45a5e6bc-3996-4c4b-967a-fd733cc491bc,2021,12025,E
aa30bebb-108e-4ee9-87b8-bfd05dd05806,2021,12025,E
ee902d17-89e0-4bd5-abd7-0ed71468842a,2021,20239,E
b6ce0763-2855-4311-903f-d703feb3db16,2021,12025,E
db631ecb-f1ba-4fc3-9730-d065c7016602,2021,12025,E
30284652-17f4-4eef-b3b2-1240b691f59c,2021,60886,E
3a5c89aa-da31-46fd-b238-5ac4bbbc3810,2021,1270680,E
3b8566bd-98e8-4954-b5cb-9d20571cbf80,2021,106167,E
a21a3789-3ea1-49da-9afb-b880bd7055fe,2021,1330347,E
6ee733c0-7ade-4aea-924e-61aa11ec08c6,2021,46377,E
a133684f-cd49-4068-bc51-878910f863e6,2021,5000951,E
d751d85d-ebbc-4064-a2bb-ac0ac0fb5ce3,2021,5000951,E
4d813863-6584-4025-b038-915860c055be,2021,1181115,E
9981d56a-c079-4252-8433-a3a8a604a274,2021,1318224,E
8f6e7967-b6f7-40e2-8a75-27fa35213f4e,2021,1047907,E
c63c5013-7cea-4e03-8861-f17ef4a29cf5,2021,2209,E
dd5768d8-a4c0-4d7e-a37b-c758cc295b53,2021,2209,E
1129e791-9193-4f4b-b842-312a58e3681e,2021,2209,E
e1f0be39-27f1-43e3-807c-fa933736006f,2021,9425,E
d1bb9ebc-63cb-422f-9299-f7eeaeaa33cc,2021,9425,E
8954a821-715e-46e4-9446-c59e907b28a2,2021,1306689,E
06ba9276-d630-481e-b4c8-118c5ec9a98e,2021,18683,E
14c139f0-d97f-48d5-b6ac-d2ab2dc557df,2021,40343,E
0ca6c78f-0c29-468a-8c82-fd0bad853b75,2021,13595,E
424ac080-9e0e-48df-b758-a0ca35b7f36a,2021,108660,E
9090b858-0dbc-4c51-a063-db15ee624ed3,2021,62484,E
a887f4f9-1d7c-48d6-a425-dd4b2b65a8dc,2021,62484,E
43db5452-442f-4575-bca3-df06e6a2c3ff,2021,98764,
698d918a-52f5-411c-b0fd-0cbbb8f40db5,2021,98957,
17a0f578-7f1f-40de-a33e-3a0a8b0111d3,2021,98957,
17498264-7396-46d6-b95d-e80e2b17f808,2021,49054,
c9e8af99-ba34-4728-881f-c84187b27f68,2021,1283028,
c54d7f0d-a47f-4ab3-af43-a27e5da142d8,2021,5000135,
43b41627-acb9-457c-8938-f375e32d563f,2021,1102628,
d9064e34-65e8-4833-8e1e-9c53ec9949a9,2021,9414,
0e1fa36a-3e3c-4321-8cbe-f133dae2c4d2,2021,108660,
6bccce1d-8b52-4953-90a8-cab503a99c68,2021,1190071,
9b4373bc-fb08-4bf2-b2a7-ac7b4edffb17,2021,1190071,
7ae774cf-abc8-454c-8e48-4ef414ba66ae,2021,5000135,
91fffb70-6b35-46f5-8506-0be738a0dffe,2021,113455,
48a68a36-e7f4-4eff-8d89-ba870dc2444c,2021,67601,
5d690924-9830-4df9-a44f-096a01657173,2021,18584,
e610144a-2904-40ca-8333-f298bab848ce,2021,18584,
d15ed3d5-45e5-418c-ae14-044d9cf89363,2021,18584,
4eb901d6-dd0b-4850-b80b-d959a2ce23b2,2021,18584,
732ad62b-403b-4567-a6a4-40cbdb84d805,2021,18584,
a077f3a7-15c8-41f9-b294-536a56171dcb,2021,18584,
57f25784-9ebb-468b-beb5-3cd5956a87da,2021,18584,
b8beb3e1-2f2b-4a53-858e-2dc63746534d,2021,18584,
3e503933-0ef5-44c1-b810-437e0ba38450,2021,18584,
2649bfac-8cfe-4980-a19c-5ab7ff2af250,2021,18584,
f659aa4f-af99-44ad-a74b-9077718ef89e,2021,18584,
75d2d400-bfe7-4178-9834-af1ffb0dc23b,2021,18584,
e9ef5ecc-601b-4bdd-8e7d-9df703f2f37e,2021,18584,
85d689b7-1714-4da2-a620-e7c761440625,2021,18584,
28a08326-da38-446e-999f-26a9bbb34c9d,2021,18584,
6d728500-503b-4749-84ff-036a5ad4c645,2021,18584,
3f6342d5-d27c-447f-9fd9-9d09d9c4e5f6,2021,18584,
28a4e0ed-5ddc-4018-806b-f023aa2dfff9,2021,102590,
6d5c50b7-742f-47c2-87d5-a7d690630664,2021,18558,
4b85b465-b04c-405b-883b-812bc81caacc,2021,102590,
8129dc14-6212-4921-b43f-2be6f0cbe98a,2021,102590,
215ae974-6701-4e90-9e5f-4c194ab6ef38,2021,102590,
8ffbd7d2-2b22-4bb0-a074-75c87c929192,2021,102590,
e3898fd6-9087-4f8f-9bba-a6e350d23b67,2021,102590,
fbe2073e-df20-48c0-9f05-5e94993b5fba,2021,102590,
e2d30227-04c2-48aa-927b-2d21805fa8f2,2021,102590,
c8f7c4b1-635d-411e-9ce8-e3aeaf7536ed,2021,102590,
fa77d2f7-f91c-4fc8-b25c-98cc73ee4142,2021,102590,
218419ce-42bc-42fb-baa8-64faf9f510ad,2021,102590,
468a67a1-d5fd-41d9-a447-ee092a7bc9b5,2021,102590,
5dcd1ae0-2fcb-4ebb-89fd-2b135838c788,2021,102590,
71f0a096-cb2a-4c98-b644-e8e483fd8687,2021,102590,
4bdeb8b2-0fc9-4751-a43d-c9aeac071cd8,2021,102590,
231bd8db-8027-45e9-b951-ffb4b34a81e9,2021,102590,
59637678-82e7-4713-a20a-3c87cb69a66a,2021,1113582,
4704cdae-9343-4e79-a172-66a8b13a8c8d,2021,1113582,
c99be990-cecf-4909-80a7-db1c2ebcc335,2021,1113582,
466f102c-bec8-4182-9c71-0839fc2bd12a,2021,102590,
7a9a25a6-808e-4ca9-a22c-a5645fa34cb6,2021,18558,
83c09067-0c8e-40ad-b156-bc166668a6e2,2021,1113582,
0302a5a6-d6c1-4540-9ecf-9b89c3c3c6cc,2021,1113582,
c79f4137-e398-4c06-b512-f914eeea9a49,2021,1113582,
85a1f41a-c4a8-45c7-8bb8-e20f93b050ec,2021,1113582,
225f486d-9a1d-4fe6-a3b6-81014aab0a23,2021,1113582,
83e9b105-667b-4bc6-a3ca-7131ba0033c5,2021,104360,
7ec9729c-f4bd-4b7d-9c05-cf1baacda6ec,2021,104360,
971ed9f9-e7df-4817-9cc5-549290309f38,2021,104360,
33b9a92a-0c3d-4659-bc13-083233b29415,2021,104360,
d021178f-de3f-4886-9949-922bece9f942,2021,73140,
a6a9106f-7400-4d2f-9a06-9618872fb004,2021,73140,
9d128665-fe69-4941-867a-3a879eea6934,2021,73140,
6abc6844-6670-4b67-952a-d98ba7803383,2021,73140,
2b880f32-1186-45da-a7ee-128c360a194c,2021,73140,
931395ff-5190-4bc8-af9b-220cb6b7cbf5,2021,73140,
bd5f6ac3-563f-4870-a74c-73362b9ddabf,2021,73140,
b0a4d555-1a77-46a6-a3d6-8248aaf0e687,2021,1113582,
5d912d58-8b5a-417a-9255-fdaa523d3751,2021,1113582,
10ad12b4-90de-44cd-b74e-19692ddc764b,2021,1113582,
4620c75f-0c6d-47bf-a4fe-77fc2b8ce0d3,2021,20933,
a36eda98-a565-4af5-b736-34f28153d9de,2021,20933,
5bebc060-ba24-4d93-b815-382c7425591f,2021,20933,
7b6fe209-0e73-436a-a5c4-188a8bebbbff,2021,104360,
4c5e6c29-2c97-445e-aa01-be31260173c2,2021,99820,
6555c0cd-5f4c-4e91-9af5-a5ff28e6641e,2021,97778,
55a3e12b-3239-4db8-8aaa-dcff396b47c6,2021,55402,
a73e007d-9b8b-4708-9290-c359d132cdcd,2021,55402,
777662f2-6f7e-4081-b387-969fbb08db9a,2021,101942,
c0fc81fd-9328-47a4-b346-e719cab162a9,2021,101942,
c6e6a343-8466-4b3f-8946-0fb6ad913154,2021,101942,
f401e6f2-e210-4eb6-81d5-cfb8fdbdb7b7,2021,101942,
3ad1aba7-4ccf-44fa-9d31-458bbfa22684,2021,101942,
8dd4c0c0-4186-4d59-8c0c-05e5cfc4d323,2021,101942,
cf6e2db0-4a93-4593-845d-7afec6d6dd67,2021,112086,
d369886c-2cd5-41bf-9c33-01c77d080dcb,2021,13216,
8cbefd38-68a2-4ed2-9208-c02c3d28e7f7,2021,13216,
3967d6bd-7cfc-404d-b350-45a3fae7cc75,2021,1267543,
e154df65-c75c-4840-bc9b-b4492e462ccb,2021,1267543,
e11dc338-ec36-40cc-b768-056d82eccb3f,2021,1267543,
54f4ab9a-d58d-4938-82a3-90034eba60fb,2021,73140,
4aad6682-32b1-48ca-a49d-dfd61e738556,2021,73140,
ddb2d06c-4809-4842-a26b-f13d9b4b1cdd,2021,73140,
c6bea975-3042-4ba9-8ab9-1d4ddab93ecb,2021,47069,
373b607b-52fc-46fb-a85b-c1aac013bd16,2021,47069,
19aad93b-1f3e-4303-b3f0-d94eb10e6e28,2021,47069,
5bdc8461-40c8-4503-9fe5-b94f2b5238cd,2021,47069,
3d2f70c1-dd74-49d2-b0d3-60664cf012b1,2021,86318,
ff45b06b-af69-4119-adb5-7589d96db736,2021,86318,
6259d7c9-f682-4e06-904b-0c9f6aaac7ec,2021,86318,
5f3972d7-044d-4a4d-96cd-f49c6bf442f3,2021,11554,
dc314aba-79d4-4fe0-a3cc-4465d9961af9,2021,1187671,
177af011-4094-4072-9096-0ab0069865bb,2021,98305,
3a8aa111-7091-4337-b13b-7c168e881767,2021,1187671,
7a3157b4-bf5f-4bb3-897f-6170cb6726be,2021,86326,
2ea03f95-33e2-4b37-96ab-ffe236c39de9,2021,1187671,
60e8cdf8-dcb9-4e28-9aa4-18cb4ea84dc1,2021,1187671,
e1fad3a5-00a3-4c62-8333-e52982dd1ec9,2021,1103723,
9995d004-7456-4042-b1b1-32aa7338fb71,2021,86326,
8118e443-a4e1-4608-829c-c5efcb3c64b4,2021,1187671,
2269c3a1-7483-4101-9a2b-e59fefa41be2,2021,1187671,
d266e423-9048-4218-94d7-0f3b39c55c95,2021,86326,
81477944-8bef-44c9-8b7d-debae4490a43,2021,86326,
8b3489b7-98fa-4a2f-a647-0c768e0c8773,2021,1187671,
39b8dc6c-032d-4df8-97b4-546aad9f1cce,2021,86326,
59f52d5d-6f72-4e66-9e47-e58981e9c512,2021,86326,
ea851831-5f91-478d-9297-64245d827bdf,2021,86326,
e05d0ef7-6a95-47de-ac63-44247ea1ac44,2021,1187671,
7032525b-ed67-4873-af7a-07745b768722,2021,86326,
e57fa58f-ca5f-4c7e-b107-97065dd2b9ba,2021,86326,
a1202f8a-4c52-4869-b80e-06b7e8d118b8,2021,86326,
6033b2e0-8022-4e88-b43f-cc2da1db6125,2021,13401,
f142167f-fc2a-41fd-b043-a8f4fc6d5950,2021,67601,
915a9b49-c209-4a4a-806f-22bb4f5f5f32,2021,67601,
1d211a43-25c2-48d7-a0b8-ef6598b36d56,2021,67601,
9127d74f-e896-45ad-aa7b-f0e2918ccc34,2021,67601,
2f32f2e5-ac78-4373-baef-ceee6b8159d7,2021,67601,
c1887cba-3a09-4177-a46e-b37c0b8957fb,2021,50082,
39a2d672-f4ff-4020-a23c-edfc8226dfd6,2021,50082,
f4ff56be-2a61-46a5-9372-1c702c468a18,2021,21464,
e3f376fe-e4ec-4d5f-a605-2f28f1ae2585,2021,21464,
3f2a4d5b-2376-4a37-acd2-f73945b5bf99,2021,21464,
9f615832-4f8c-4dd2-81fc-5110b927059c,2021,21464,
b247e3f5-d368-491a-9e13-73f73c334ae6,2021,21464,
20e584f2-9c3c-4c9a-b37f-e4724080538f,2021,21464,
ef8ef1a4-1e01-4725-8b1a-ed13f581d1ff,2021,21464,
40fd4de6-26a2-4468-8a9c-b0d55a368f09,2021,21464,
20c1eba6-83ea-453f-adb2-cf534fc474fd,2021,21464,
39814080-8566-495d-9b00-106fae0f1872,2021,21464,
dfc609a6-2e6f-4ff6-aa74-ae4869613c66,2021,21464,
57240e90-2ab4-4f97-b3e0-9f6c0c8da2bd,2021,21464,
bdf57620-a76f-4b45-b07d-9853ceee4a79,2021,21464,
17d1f296-0795-4f0e-a716-894545625527,2021,21464,
e2170784-527c-4bed-ba82-f3c9c0a7bddc,2021,21464,
c4d36129-d03f-471a-a919-516adfee10c1,2021,21464,
33a37f6f-8780-4019-b872-2a81067b86c9,2021,318882,
8c356fc6-9e3a-4b35-900a-34705d92b15e,2021,318882,
9a10d295-4160-4d5b-8332-ddcb4e77de03,2021,318882,
d69ab6d7-5207-4c9f-9c1b-17e99f4acec3,2021,318882,
c64d25b7-e1d1-40ea-b2ab-dd2fb7469c0f,2021,318882,
8af54510-e633-4b75-b981-41d096d021d9,2021,318882,
1046b392-8d7f-402a-90d5-8fca5fbfcbc9,2021,43664,
d4e27412-1f4f-4133-9472-6da64d8e3518,2021,43664,
e0e4831b-be72-4d0f-ac8e-13104b357f83,2021,47051,
ad4bfbd8-d125-443e-9625-6c11a1fdf10b,2021,1190071,
ae8f1e6c-314b-4cb6-82b1-668c81c113c7,2021,1190071,
bff00708-0f7c-4844-ae2d-bfa5be88de64,2021,1190071,
155d6149-406b-4309-861a-0f49cc896c6d,2021,1190071,
111da54e-7f79-40b6-bfb5-f114e52a6451,2021,13595,
1a107db6-dd86-408f-9755-d8a61c18bc18,2021,13595,
f9e0c8d7-f011-41b9-9695-3487c3310cd8,2021,13595,
81641297-d455-4a7a-8dc5-9260222ef6c3,2021,13595,
68091cfe-4ce4-4c0a-af1f-127ef18f43a8,2021,13595,
dac57bb6-4041-4d48-b873-72205ee9b375,2021,1267543,
5b9548bc-1d24-4caa-a9f9-9cbc1c32a261,2021,1267543,
3a31565c-5cc3-482d-887d-e389d2f80340,2021,37862,
7b929d64-7298-40e3-8fb9-7238fd7d6f78,2021,37862,
f202fbf8-c4cb-434e-8b48-80d5756f288c,2021,37862,
f87e3566-58fb-4b9c-beec-eee33af4486b,2021,118468,
b8a020e0-d685-4661-8a82-38cf1e5e7988,2021,118468,
07f14833-6908-4240-aea4-159c3e3ed71b,2021,1265453,
03191ebe-5a5b-42bd-9073-921fcbee4c73,2021,1265453,
ad0a511a-dac7-4190-a0ba-c3d1e73fea59,2021,1265453,
a906769d-cd88-4681-b178-f7f9a739cb85,2021,1265453,
9316ba5f-6092-4589-8b3c-6b543a1a3d6b,2021,1265453,
25543dbe-f20b-4466-bce4-9bc11080a6c5,2021,1265453,
37ccbd71-4204-4194-98bd-a36ceca4ea7d,2021,1265453,
463aaed0-22a1-4d85-85c6-a2aa173af3e5,2021,11730,
bdbabb09-9d02-4089-8bd9-b9ceb8156f63,2021,11730,
11d77914-ab78-43f6-bee3-0cde284145f8,2021,11730,
052f2bf8-924b-4310-a211-962df62648c9,2021,11730,
ef1b1fe6-58f2-473b-b786-93c2f87a8019,2021,11730,
b11fcdd7-77d3-4163-8014-d661e727b5e5,2021,11730,
a2280cdd-f715-43b1-baf0-7f592b2b60da,2021,11730,
d2a97c3c-e8e6-4327-856f-34569fd28b98,2021,11730,
e8d0c6df-42d4-44ae-8dd2-b92ffcc4fbe1,2021,11730,
b8925020-5797-49a4-8b68-8b04c9dd3d82,2021,11730,
7509b4e2-9bdb-4c5e-817e-1a223d5adaa5,2021,11730,
3e7f7986-d2aa-418b-9607-0bf81e7bd051,2021,11730,
f4e4e8e9-6e68-4ea5-83b3-eb556374849a,2021,11730,
571d05b1-a43e-41a7-8dca-40c704f71138,2021,11730,
7457fcbe-7c95-4c9a-a314-0e210fce127a,2021,11730,
a1d88809-5089-43df-be5b-1b86945b7405,2021,11730,
b54eaa5c-9dac-42ba-98b5-84dc362da950,2021,11730,
116e64e5-bad6-446b-a262-19fb30bed283,2021,11730,
f79e713d-02a5-4789-a9c5-f7d4581e95b1,2021,11730,
57ea2330-b471-4f1e-88c9-1f8aaf1de919,2021,107360,
0740a87b-31f0-46c3-9a3b-551ee11c977d,2021,1148708,
aa1eac51-71ef-40c2-af4f-68d8ab22ee3a,2021,1148708,
6d02c8d3-bbbc-4fd1-8340-0e99964bcf26,2021,1148708,
51726daa-573e-49e3-8002-e4769d1b44eb,2021,1148708,
fc20b6c0-e20a-4913-9659-60eb81865582,2021,1180773,
adb0eb67-5a3b-4cde-b852-bbe97e5dd631,2021,9440,
68521b52-51d7-4eff-8293-191b7d3a01b5,2021,9440,
4e925519-21a9-43ca-884d-a8dd1a5f16e8,2021,9440,
6bd76e59-0733-4eff-80dd-508aeaeb7024,2021,9440,
7dd9cc23-eb78-4160-a489-09399bd4c1be,2021,22035,
63324c75-de3c-4f05-bf98-c7d2eeccd42f,2021,1180773,
0e3302d6-1c21-48a0-824e-031d4171e76d,2021,1180773,
cb6b459f-75b7-4c4f-a71c-fd7162c205b3,2021,1180773,
90829bf4-fcca-440a-907b-fcda13ec4938,2021,106996,
49ddb79f-989d-4e35-98d5-33056955b137,2021,106996,
27948d01-cc7f-4f50-b730-6db3f52c9e8d,2021,106996,
0e2500dc-13a2-4112-84aa-b8251a2bf804,2021,101830,
7abcc7ef-7d4f-49b9-820c-ae3b7427d94e,2021,83388,
a29ae3d9-e87e-4589-b2ba-1c776810d085,2021,88084,
182dfc47-abc3-4005-91ca-4e1c05a93608,2021,88084,
33d08a45-3a1a-4bb5-90be-4a0462908b92,2021,1258654,
0b0f4f51-dc98-44a4-900f-30b185d3b1bb,2021,1258654,
dd5e1414-3139-4f82-b747-7c13e3229273,2021,1180773,
42ce9516-beaa-42dc-9b2a-66ed141462aa,2021,1180773,
e97850fc-6a9a-4942-8b76-da42cfef06de,2021,1180773,
06082dfa-88b3-448e-b57c-c83ec2d45137,2021,1180773,
cf181c86-f17e-4a0c-a05d-39fca19c33c8,2021,1180773,
a4d6b3de-9ae2-4d93-9724-27b655083964,2021,49054,
353a8048-bf8a-4025-91a5-cdadd28e8f25,2021,49054,
27f14807-9004-4777-89d3-92f2ece03df0,2021,1180773,
ca93ead3-c454-4ac6-b0e6-06b618eb2e91,2021,37862,
7f9256f2-8e96-403e-9ee7-18829b08fb11,2021,1180773,
7b480fce-71a9-4c56-9fac-913834a778bf,2021,1180773,
fe52edf3-5ce2-477b-8178-2d034e2d4da0,2021,37862,
c787e4a6-507c-4e32-a0db-7888bb57011d,2021,1180773,
c5a02cd2-456f-495e-8861-bdf14ca773f5,2021,1180773,
9fe26af7-c2e3-4fc6-8f51-f70da4273fd9,2021,1136142,
b5b533db-b8df-467b-8f60-9e1687778f94,2021,1136142,
e2be04b5-0f23-43c4-b5d4-c6bdc8cb4a62,2021,1136142,
35ad6502-f408-4495-b7ae-be036517cba6,2021,1136142,
46554cdf-9cca-4280-86b0-4e3d14fbd439,2021,1136142,
a6d503a9-a8e7-4e7b-a1e2-c927e6755d5e,2021,1136142,
96f6f152-ef71-4e66-a337-e6025cf2ddc0,2021,1136142,
5492e87f-cb12-4766-b90a-e79411b3c1fd,2021,1136142,
35a07a77-9029-4f42-ba18-2194a36bd01d,2021,1136142,
b52889e4-12e2-4ddb-83fb-b95c0711dd67,2021,1267543,
661e28e6-67e4-488c-b806-11efa5ad9ae9,2021,1102628,
3b0cbc31-0435-404c-bbac-01d32cf6b3cf,2021,90030,
b7dff99d-c79b-46a2-86cc-82759f9fe328,2021,90030,
ac7e058a-b154-4886-a8f9-fb5976341639,2021,90030,
0ecd251e-cdc1-4014-a8ca-130c0e6e4cc7,2021,1102628,
54b7bed1-b4ba-4347-926c-0bb5267bac86,2021,118420,
43c45b54-bdeb-4419-a2ac-422b5e782e57,2021,1102628,
55871185-334a-4b56-9042-b5e8d6e37454,2021,118420,
58809e9d-4d18-4949-be73-5cecca7705e5,2021,1102628,
dd489b41-8f02-4b1c-a417-7fd63d9d5fb8,2021,1102628,
c09ff908-2c2f-4c25-89b9-5217d8f6010d,2021,1102628,
f4987476-c185-4ddb-a398-83ce7b7771fb,2021,118420,
ba0cf39b-181a-4723-9f73-af27b5a6126e,2021,118420,
79eb0672-7d23-40c4-90c0-c1f468d5ab9e,2021,118420,
c76ce3da-ab1d-4515-81d3-85a8f2e2cd70,2021,1288839,
9a9f78e9-cdeb-428d-8c19-fd54a7e65f7f,2021,1288839,
68e50d8b-4208-4689-b7c4-1c5cd0d4088c,2021,1032473,
16d08a3f-cf74-4ede-bcf7-89df738fc7cf,2021,37862,
f4936553-23da-4e01-a5e2-c38d3b8d06d4,2021,37862,
1ec6ec3e-d7f1-4c8c-a32d-2da398a07f88,2021,118420,
cdc459a1-ce21-41e5-a543-e7c40926fa48,2021,37862,
b19c1ff8-d64e-402e-89e5-e85cac381aa2,2021,37862,
cb6445b8-6304-4417-86fd-ce4d4f4d0b02,2021,37862,
f6222f0e-193f-499c-abcc-a77abea9e2d0,2021,118420,
429b91d3-152b-4b40-a211-f6d1d0d7a1f7,2021,37862,
13bc0e9b-c9e4-4f06-b36e-6530556df669,2021,37862,
c1ea1938-e5e2-4746-b189-e7e208e8bc4d,2021,37862,
b1323094-9ff8-4786-ac77-9145674f9ab7,2021,113455,
28466b1a-425a-4a9b-aef4-a79495547098,2021,113455,
fff57843-f287-4784-8c3d-e15d11f5aecd,2021,113455,
0238db17-3a7f-4beb-a740-ee2e9cf88cbb,2021,113455,
f9bce614-c54a-4542-a2fa-e86d9dda2faf,2021,113455,
e0cb2bc5-8bcd-49d3-8368-bc6870757c36,2021,113455,
cc11656f-9a31-4f05-900b-7ab15f47d092,2021,113455,
bacd6c2a-d0ad-478c-910c-f48ccfb8ed8e,2021,113455,
599b66c9-f2cf-4744-a351-f6cdb30c7210,2021,113455,
9f067230-1966-47e7-b23e-7698d53b47b3,2021,113455,
d09c6a71-04fa-4392-a35f-f5147e6a819b,2021,113455,
8671ca6d-f52f-44d3-afba-92ad7d2da9f3,2021,113455,
9a10c94c-7bc9-4a29-8e1e-646c9071b8f0,2021,113455,
5f94a2bc-c8f5-4d44-83ad-bef7aba2ce4d,2021,113455,
5b563081-e583-4a3a-94dc-0ea86a04f9c3,2021,113455,
906c37aa-7fdb-4fd0-bdc9-857db9bc6de8,2021,113455,
a7c4686e-2605-4702-92b2-fd0bbea20d03,2021,113455,
eb7fa6b1-bda0-46c2-b6f3-6287621b0e31,2021,113455,
ce949c64-f48c-4e7c-9129-a698ad153d4b,2021,113455,
2fa5acf4-27c6-4181-ae2e-8cff9a6835b3,2021,113455,
3e2ce6e0-bf38-40cc-af41-c1b89809abc3,2021,113455,
af86704b-dddf-4130-82f1-2e198db97926,2021,113455,
37392fea-3d84-4916-ad53-c454b7be86a2,2021,1110857,
85d26b13-97a3-4b54-b6f7-375e455f00b2,2021,1110857,
f51fed9f-214f-44ba-93bf-a0492605e24a,2021,1110857,
bfad0ffa-040e-430a-9e37-a830ba758eb2,2021,1181327,
21f55642-48fa-459f-902d-874eb3ccec88,2021,94762,
a26c66c5-ee22-451f-98ed-58f07561d8e8,2021,94762,
954100e7-a39d-400f-8a7c-d953c8523f94,2021,94762,
f75a0220-cd63-415d-a068-4507a481d54f,2021,94762,
a39eb584-66d0-4409-9fca-7b0640df218c,2021,94762,
39433f66-c70e-4b90-84ef-f2acff1d0447,2021,94762,
d2d6044e-2a12-44e5-9565-6168f99f740f,2021,94762,
0de84ed9-ace0-4714-875f-8843abeaaeed,2021,94762,
333d8e7f-2e9b-4029-ab9d-2ae26bd99e58,2021,94762,
0b99703f-3bdf-4d8b-a176-903420d64dc1,2021,94762,
34980ab4-8461-4446-9c7d-e7b8e6d2683b,2021,94762,
5efda32a-df8c-4de4-af8a-2d2fd7c87976,2021,94762,
929fc781-a0e4-486a-958b-7485b32e98f4,2021,94762,
395d7274-fb8d-416a-b24e-e07fe1ac4b88,2021,94762,
9f2ed2c6-bd8a-47c0-82f0-1fe5e00e6209,2021,94762,
98ad8c5e-72db-4b1f-b0ec-32daf10c954a,2021,94762,
e724a414-0d04-4092-bbfa-f34c58238839,2021,94762,
fd49e938-7be2-4fc3-8403-f06c49a37a71,2021,94762,
15e5f76b-a929-4aed-84c2-114ea9125039,2021,94762,
4f16b341-4e28-4585-bf50-da77be16ca63,2021,94762,
46d599f3-03ff-402c-ac86-d60152e5bf11,2021,94762,
f32f6ca4-de3b-49cf-952f-20ea8a055e39,2021,94762,
0f4df0d8-f130-423f-8971-29a75f1bd70c,2021,94762,
b67894d7-cc87-4874-92b0-32413d17f7cd,2021,94762,
27f70c5e-ee29-49ff-8ddc-7d030a1534bd,2021,94762,
e740f6d8-0ddd-49b7-9f97-99053e3e85c3,2021,94762,
e25e102e-e4cf-4532-b306-6859aa80334e,2021,94762,
3139f474-7d29-477c-8fc1-48712d117d08,2021,94762,
edd11198-1c5b-47b6-a1d6-0c18514a939d,2021,94762,
14c9ec5e-aac9-4c31-bf85-7c92980bf517,2021,94762,
f47e863e-913a-4687-b088-86b084515ef1,2021,94762,
16c7d82d-a110-403d-9abe-4b82be7a7505,2021,94762,
29f96a5d-5ec9-4387-8dc1-03fc3ae0acb9,2021,94762,
175542a1-94ab-4f8a-b5f3-2ee139ff4a53,2021,94762,
fb9080ae-c091-4d0d-b8ce-8eea6ba75279,2021,94762,
1b249f1c-b1cd-4258-a50a-e4766d775621,2021,94762,
0449cf31-ba08-4817-8e38-78226685d86b,2021,94762,
db2f1454-1561-49f8-8f16-1bfd03bda7c6,2021,94762,
c15828fc-32e5-4a0a-8f6e-2249c30cd6bc,2021,94762,
eee53d93-4840-46d5-87c7-187edbe5d03d,2021,94762,
b9d05048-aee5-450b-bb7f-7a6c9b5eb0f7,2021,94762,
755e2621-0727-4d95-8d54-e8900a82db11,2021,94762,
755e245c-815b-401f-a042-12faebc6a123,2021,94762,
701e6707-f63d-4673-839b-508d26fb271a,2021,94762,
1eb9528a-062f-4619-ac85-f242c74f0395,2021,94762,
bb9324ab-1e5b-44a0-a43a-2e9a60a4b3f4,2021,94762,
768a314b-8481-468f-aa40-25f197db0287,2021,94762,
8b18c69b-796e-42d5-9908-4e5943b6070f,2021,94762,
a1a78ff5-d973-4599-a8c7-7da38d5286f2,2021,94762,
b663fcaa-5f88-44e0-96b9-644a9040613e,2021,94762,
f8e3abf3-d092-4788-9dee-3f2368074671,2021,94762,
36a9f10f-af51-49d2-9b9d-acccb64173c4,2021,94762,
80afc775-9650-4ab5-959d-cdb6a0e159b7,2021,94762,
0949f75d-3efa-4659-9a95-6353ae68997b,2021,94762,
066c007d-ec5e-4131-9ac0-b2301fdb6bf7,2021,94762,
f6ecb70f-6322-48d2-a478-e46ca3cdd79b,2021,94762,
34810103-2a80-422e-a4e3-a2232754b649,2021,94762,
80bb60af-c001-46e4-8f89-ee974b19d9c9,2021,94762,
0526ff31-c537-4b12-a1a8-fa28e277b129,2021,94762,
1b56832b-11c7-46ff-a061-994e5b1e5734,2021,94762,
0bd23728-46e3-4e1a-8cd4-12101bacc919,2021,94762,
39d20716-7396-4b88-9359-491aae6ff25a,2021,94762,
0502ac9a-0946-48d7-8db9-f4253975ce12,2021,94762,
fc63edae-01c0-4999-8798-b448d46ef4f4,2021,94762,
0ab6f47d-8190-4aef-a789-a81a7166ca36,2021,20009,
ef9b5a6a-f144-4c79-a269-236aa2c562ec,2021,20009,
f25d5c46-6f11-4b6a-b467-5ec19387c1d7,2021,20009,
84929fca-0fcc-402a-8a92-97160f644b15,2021,20009,
f9d59b4a-7e97-495c-9bc8-b8b6cd6c1cac,2021,20009,
c804641e-e371-4847-85c9-e349242ab820,2021,1306689,
bde8bcd4-ff5e-4b1d-b894-69805a8c22dd,2021,1306689,
350b695c-d2da-47d1-a60d-3a6ebcf11b2c,2021,1306689,
d961d7ef-c297-47ee-8cb7-bec3a86fee52,2021,12025,
da8de48c-25bf-4c65-a497-610502fc88cb,2021,48675,
9f615237-7a5c-49b8-af23-b9474a66e348,2021,48675,
cddba04f-88fe-4c96-b78e-960b40e4a4dc,2021,48675,
8f1d585e-dce3-4543-9869-620abefda25d,2021,98013,
fc91a96d-3c63-484f-a800-ef661f5d6971,2021,13277,
5bce76df-0539-4f85-885b-a41664d6ae08,2021,13277,
7497ab39-eaf9-4e3f-99af-08eff5bf66f6,2021,13277,
b63e0775-f21a-45e4-b88c-7086b3d43a60,2021,13277,
4d2b60f0-0a78-4dc5-a3db-8a79dd581758,2021,13277,
16791784-38f2-4d62-9f00-8c8283247777,2021,13277,
8b1d36a7-8fab-4031-8e24-80b114f3c4ee,2021,13277,
c455e394-1c86-4a23-8e58-d5ef5fbd7479,2021,1204325,
72b56b67-bb17-4ba3-8a57-ebc821823c3b,2021,1204325,
89438a1c-d218-45ef-866f-942d4f3118f9,2021,1204325,
8a9f776d-b101-450b-889a-ddfa368cd35c,2021,1204325,
108e5180-b7ac-4337-9516-b9a1da741301,2021,94455,
4701c88c-6975-4e2a-b7c1-841085832bdc,2021,74737,
0ca906c0-35f7-4c31-85dc-64306ca3392e,2021,94455,
f72ae637-2177-4e8b-b862-72196aedd543,2021,88068,
f962c4ce-3c6f-487e-bede-29f6dc078eb3,2021,74737,
f896712e-3595-4fca-a5f3-8558a1fb0fa3,2021,74737,
6df22960-ad34-4854-99d0-5f3ab184013f,2021,62484,
7d032316-b1c5-4139-9fdc-3cd73b8b1e0a,2021,62484,
c24ff542-e52b-48ec-a735-7c9463886f85,2021,62484,
eb4b9bb1-d8de-4ead-bb40-24fb602d1b19,2021,87396,
c76676a1-38df-4772-9f4b-e27c24a0bfcd,2021,1376181,
6597135c-ff1c-48bd-be45-8e4242af6f38,2021,37862,
5547200f-8849-4164-af06-0346ab7d50a4,2021,37862,
d31aa35d-1510-4fdb-8c92-3d613d5e3b65,2021,37862,
7e93e34f-fe3e-48f3-b629-43723b8acdb7,2021,37862,
f0cdea21-5f80-4f91-bab9-3ac8e88aa0a4,2021,37862,
95986a0e-3937-4287-8387-30ae394210dd,2021,37862,
62266729-5d04-4098-b221-d458f8f7fa5a,2021,37862,
bb47ee7f-287b-4287-9bb2-44d80655556e,2021,37862,
558248a8-cde6-4459-930e-2af41ce11609,2021,37862,
dc641c9d-bf02-49bf-9800-1ef3c5d5fd50,2021,37862,
b31dd1fd-d21d-4106-ba29-803b42b32ba1,2021,37862,
a235fd67-be9b-4d1c-ad47-dfc72592371f,2021,1042278,
715a013e-3286-453e-8dc5-fa856fd4fe21,2021,1042278,
cc715711-8348-4eb0-b251-7e1c1c374d0c,2021,1042278,
197cb564-0d02-4e0c-9c24-4ae322d3cae8,2021,37862,
75c68f27-d3fb-4dfd-b0b5-e29867bbc445,2021,37862,
db95a91b-2a0e-4b01-a94d-9ba42fde5008,2021,37862,
51b799ed-1491-424a-ba94-5848047e8070,2021,37862,
2603e2da-49a2-4a01-b4ea-e4db4f46f919,2021,37862,
7a0c2ab8-759f-4ebe-a218-45d08418b082,2021,37862,
7fe214e7-d380-4b55-97bf-411c1c24a098,2021,37862,
40fc14f1-10ef-4436-848f-66fe4c2b765b,2021,37862,
6541966e-7777-4962-a603-af6d057fab48,2021,37862,
f12e0109-b640-4e18-ba21-3b1a864c63c0,2021,22047,
46fd09e9-a442-42f4-89fe-46200aed3b30,2021,22047,
a10f46aa-e755-4649-8d77-10ca871185c1,2021,22047,
027e1f00-a3e9-4965-9dd0-bc6cd30ddb0b,2021,22047,
c2552d53-f31c-4a68-97b8-9991bab9d325,2021,22047,
75e0b077-57b1-43d1-ae7e-ca745dece168,2021,22047,
b38212fb-72ac-40bb-a4a6-36c44b75a3f6,2021,22047,
cd7c138f-7b19-45e3-b07f-587857a4e4fa,2021,22047,
706fcb7d-6eef-417b-925e-26c730ac43bd,2021,1315444,
10db0689-c91a-412e-b65e-d51f11d4656f,2021,1315444,
9ddcd647-dac2-4435-af9b-89228e8c820b,2021,1187671,
c158ea24-223e-41bc-a120-4702a285e2e6,2021,1376181,
ad69abf2-88e9-4875-9fb2-90fb9aaddfc0,2021,113687,
43fdc1f8-e4e1-4739-a306-e8f615fdff73,2021,113687,
79c1420b-3019-4bfc-aa48-00a102c7f12e,2021,113687,
2302a5de-d765-4936-ba46-95214bf52c43,2021,113687,
fe1b7031-a832-499d-b04e-634b9230e3d1,2021,113687,
de4ab124-bdb1-4294-bbe2-05e5402cdd5c,2021,113687,
e9e9d9e7-f376-46a3-8704-4225f536410d,2021,20030,
08738237-5fd2-4b5e-ba07-8dea77f8338c,2021,20030,
60232a60-604a-4386-b05c-dd570a24b55d,2021,20030,
a172cd65-6e82-4b6a-ad41-e3169c838d62,2021,20030,
02b990b8-e01d-4325-8807-a45a05b89b41,2021,20030,
c384407d-32c7-42bc-ada2-a6c47c627859,2021,20030,
57147434-9ef8-4383-afd2-0bf5d433dd8f,2021,56172,
2501b5ae-214e-4688-8c94-bdc0988b93b0,2021,56172,
87ccfce7-ac48-4ff2-b774-0cabee90a661,2021,56172,
227e26b4-39cc-4024-8315-66946b551293,2021,56172,
8c78d7d5-7b10-4662-9ce6-8e1f116f2108,2021,1427745,
48dc3931-6f68-4026-9190-24b065566b90,2021,48205,
7f845de7-fced-451f-a0af-ead9e0bcfe93,2021,48205,
1cb0be74-7500-4971-b541-4d996af33f7a,2021,48205,
b9481a55-bc4b-4f91-b8ce-19a93e0ab9e9,2021,48205,
ad92c381-35c6-4e1e-8ba6-42b289389ff0,2021,1047907,
787575c0-0aff-4f92-baaa-2c9c56cd63ac,2021,50981,
af0c64e9-3beb-426f-ac15-a94efd6c7b3f,2021,50981,
b14b3d85-6c0f-45fa-8413-e918ca2d59ee,2021,50981,
01ed640f-7e77-4e7e-9d00-d55ad8dce412,2021,9414,
ffa40179-8f9e-4c27-ae07-1624d15234c5,2021,9414,
e9e961ed-aa7c-4afc-9bc9-35c11f44e761,2021,9414,
7bd52da9-3ed7-4931-9207-a5fba64c8e67,2021,9414,
7ba9c69c-619b-459f-b5bd-d205363d2e2f,2021,9414,
8ef0116e-4709-4723-bd97-04849a604ce3,2021,9414,
0061793e-754f-4fe2-9444-506337407a05,2021,47505,
b7bd445a-69ed-42f9-80be-9edf0a02b4e0,2021,47505,
e497cc7b-404f-4356-8964-bfc54b7001b1,2021,47505,
a5480e5a-367c-4fc4-87e6-0a5d41b1a462,2021,47505,
07ea80a3-ebc4-4e76-bfb9-ef0e792ba677,2021,47505,
d18b0bff-0bf3-4315-aa65-c4c8b47c019f,2021,47505,
e0f9ffeb-3dd8-4041-8062-1caa30e54d3c,2021,47505,
59d8b920-eeeb-45ef-80f5-8e99052aef89,2021,47505,
32c857ea-8b61-4b3e-8dbd-c520056c4e35,2021,47505,
2d418505-c63a-4c44-a30f-dad66c2b7021,2021,47505,
4f3dfe77-24b7-4750-b118-4bafec338159,2021,106996,
ffff30bd-6156-4254-aa18-c35b808ee461,2021,106996,
a2d5e112-dc2c-4fc6-890d-ce03bec77c60,2021,98595,
8ff9c4d5-55e9-404b-8fa2-50a20ff611cb,2021,97443,
c68d8b8d-7b8d-415e-b899-8cf56fb66f2d,2021,98595,
402eeac8-11d9-459b-bf3b-369b6fd19f8b,2021,114616,
515e964f-609c-4a44-925b-0c90d493faaf,2021,114616,
8f3af0cd-dfc6-410a-94e5-58aceb58e993,2021,114616,
b407c5c7-0071-45ab-97ea-bd7b27eb89ce,2021,114616,
840929e8-1082-4329-bc98-29d2e68fd205,2021,114616,
a55d7618-8dcf-41e6-ab7d-587620fede79,2021,114616,
a9e9cb74-13e0-44d9-8e2c-0d2627f09f5e,2021,114616,
3cd4e24a-551d-4092-8d07-8748d79d406b,2021,114616,
e566f599-4af7-4ed9-9cea-b667da7e86b9,2021,114616,
32589f86-468c-4396-b265-f0324560f5ab,2021,114616,
5678f503-d3ac-427b-92ce-d08583853d12,2021,114616,
f6e0ed01-2b80-48fe-86b0-de8407bcd947,2021,114616,
46c1172e-bcdc-4c11-bcca-d63f1b24bcd7,2021,114616,
b7ad1394-1cef-49d8-b5b1-7acc0b199435,2021,114616,
72505f7c-9df4-4184-8940-c9709daa5e2b,2021,114616,
121ba4e3-520a-470b-bf12-ffede219e54c,2021,114616,
a89d2bf1-88e2-4a8b-99a9-b034da0fc70e,2021,114616,
2f4a53b2-6abd-49e7-8f57-2d3fe44c1ab9,2021,114616,
5abfca4b-863d-40c2-a0e0-798d3717e79c,2021,114616,
06d34f7d-5db6-442b-9f1f-9daec8f63967,2021,106996,
7c801e7e-6e6d-4f52-9def-a75972ded490,2021,94455,
4e47fd54-be57-4afc-a812-af291d2ef755,2021,95175,
d11ea655-63b1-4f21-8499-993f0c6a9f4f,2021,95175,
b7a4b892-e92e-4569-ab0f-2d05f2b669cb,2021,95175,
c742d5f9-eb14-443b-bae4-67b0c8187e74,2021,95175,
66f1e4a7-679a-4c55-a55f-7d17f48df10a,2021,95175,
58a9a867-d29a-49b9-8b4a-df5960de1308,2021,95175,
74857102-a2d4-4507-9989-c39ce1bf1c63,2021,95175,
6bfa5ef5-b2dd-44ed-98fc-99ba28d44b9d,2021,95175,
95ef92c9-8904-424b-b97d-009240922a6e,2021,95175,
39ca41e1-bafc-4c08-99bb-b5fc8533f4b3,2021,95175,
1fb4f390-d58b-4513-bed5-bb8b0fb10c2a,2021,95175,
6b16cdd8-b091-40a6-855e-4556ae06b7d8,2021,95175,
840e7aac-55cf-49f4-a5bf-a23a7fd95062,2021,95175,
45a57789-9895-4103-ac5b-dbe5c6829cc0,2021,95175,
cc72f21b-07c7-4298-bdf4-bea9baf7f9df,2021,95175,
e6a93c1f-6074-425c-ae6d-4c4ecac4f2e0,2021,95175,
532ea40f-19ed-4d19-bf60-5c92234bb85f,2021,95175,
464fa24f-bb1a-4e82-aa23-4ea501877404,2021,95175,
32092000-99e4-4252-aa0a-5ef0022e8c6d,2021,95175,
bd2c1dcd-a20e-438e-b11d-e955381a03a1,2021,95175,
82004a61-0282-4cd9-a06f-08c5fee2ea1c,2021,95175,
92796d3c-8332-4473-8fd0-8727c2e38827,2021,20009,
c390b1e5-cb8c-4da1-adbe-24d9f58e18a8,2021,20009,
1346230c-3c47-4552-8b78-9e94974bb1af,2021,20009,
313c7792-3c28-4892-9197-6f741c191ab6,2021,67092,
90e6ae58-64f6-4464-b747-99407b31324b,2021,1283779,
73b088e6-592a-4b55-b8cd-9c7c8ab2fd6d,2021,98595,
144209f1-ea76-4efe-9c4f-ac660a94accb,2021,98595,
a59754b9-d997-45e4-80da-2a716ff34ea7,2021,98595,
8ef4c015-f94b-46c4-b414-7517f618a437,2021,98595,
193899fe-168b-4a1b-946e-6acced06c508,2021,98595,
5f6687db-6081-4e93-9c79-dbdfd83e8d0d,2021,98595,
48616d4e-15eb-410d-980d-c9b0c4e11536,2021,98595,
2f2e276e-19f9-40ba-b804-e3e7baf9ca78,2021,118994,
d569268b-7583-432b-bee9-adfa3f1f9f92,2021,118994,
99cc098e-dfc1-4c08-9d01-e10051631002,2021,1376181,
db0ce024-9e83-4e78-a798-2d4456c44675,2021,68930,
d03baeb5-5072-4b71-b3e9-87064fdbfba9,2021,98595,
8c0e053e-8bcc-4658-815d-54cdc0ff0029,2021,5000135,
f4b07009-0084-4aa5-bc56-258ad2c5066b,2021,5000135,
801b94c5-29d9-4e5c-a176-36884d5ca494,2021,5000135,
bdf15e0f-c82b-4166-8c3f-14957c16b746,2021,5000135,
0229a920-3953-46fa-953b-55863c35f5ee,2021,5000135,
943a9a62-2cc9-46b4-9b7c-26c1efe7cda3,2021,5000135,
633af842-0467-45db-9977-c7fd59181e83,2021,68930,
83afac86-6cfe-4369-8a20-198c210c60b1,2021,1322390,
2dd652af-90d0-4558-8323-cd346dc07e58,2021,1322390,
880ec65c-0755-446b-8441-e19c09d6c526,2021,1322390,
2dd310e3-94c6-47c0-8a38-0317055267b4,2021,1322390,
826bceb0-9fad-4672-9529-0542cb671a23,2021,1322390,
2e1b8b11-63e2-444b-a5e5-32e7a9120cc8,2021,1258063,
7ed7720c-b366-436c-ae65-dad8ae27e187,2021,1258063,
27a80e07-2124-4433-9f1e-9d8f1f4edd8e,2021,1258063,
2da37b82-faad-4983-b0a9-622bdf099250,2021,1258063,
b4fdb3c6-3310-4017-ad8e-28e04ddcc285,2021,47505,
7b8fd1f0-e65a-44e5-928e-3c73b3732444,2021,47505,
43c07ab0-3740-4a3e-a406-229198516c76,2021,47505,
faa6a364-63d8-49bc-bed2-51899a634fda,2021,47505,
78943ada-9947-4a7f-8abe-ca5da3f138ea,2021,47505,
f430b55b-0483-42ec-9396-90da3479d8e1,2021,47505,
7e1c141a-50c4-4f94-8dd7-18a5c4cbdf23,2021,47505,
158a7062-83ef-4d8b-839f-00ea152bacf1,2021,47505,
7ddd30b0-8d7f-487f-b1d2-0e4e3c1a08ca,2021,47505,
6412b759-896f-49f5-a6b8-ab3e32c74ac1,2021,47505,
e142b873-49f6-4770-83e4-e311930f9e7a,2021,47505,
9097ee2d-a5ec-4783-b91e-ae144bfb7701,2021,47505,
b86654de-e8ae-4f78-9b38-8861a52cf95a,2021,47505,
c695e208-b6af-445e-a5dd-174a75977c90,2021,47505,
ee6955d8-0f2a-495f-8090-c27b640ed930,2021,12025,
55f86128-dd5d-4876-b87e-cc083455c9e9,2021,1101244,
f207540e-a198-4e83-9d48-a06f2376c8cd,2021,1101244,
fe44cefb-5544-4c63-9757-c831ae75112a,2021,12025,
255089f6-3f89-48d8-beb0-6ac1beaaa5a3,2021,12025,
006b306f-81a8-48e3-a848-1ddeacd2b3a6,2021,12025,
95cdfaed-1114-464d-9a8c-724add0da5cb,2021,20239,
38b68235-e953-4a75-8283-5e2d62a2d537,2021,20239,
41edf3ce-d47e-415d-9d26-ad6ede5057c3,2021,20239,
1571de9a-b67c-42bc-9545-e19e6f807edc,2021,20239,
76bc3896-73c2-410d-9e8f-b17e06312151,2021,20239,
72aee44d-3672-4f04-a801-e3879a8846c6,2021,20239,
02beedce-6715-4e44-a656-29944e6fd58d,2021,20239,
5810ac9e-cecc-4228-bdbb-1ea1e9a2e593,2021,20239,
777e3e92-711c-446d-925d-06112626ff6e,2021,20239,
da489541-16d4-4245-b049-e6872347124d,2021,20239,
360f1ecc-ccdd-4d4a-a49a-82e03d25e24d,2021,20239,
a446b475-9c7d-4f46-8d13-c09886457893,2021,20239,
b163385b-76ab-4576-a404-c4e634eb340f,2021,20239,
e51dffd4-2869-4cb9-b89d-be0f9b5da51b,2021,20239,
b4b465a6-5b38-4fb3-8407-c4da735d2b57,2021,1190071,
9ee1b3ae-af70-46dc-bb83-18b1ecf9a6b8,2021,1190071,
9405796d-2a1d-4c3b-b798-046b0767ccdf,2021,1190071,
2ce0c97e-61ac-4b0d-be5e-4f04d0d5fc5c,2021,1190071,
e764eda1-fa4e-48e6-b1ea-37f6eb869913,2021,1190071,
1ef8855a-c435-4b38-9734-cc6ae3cef879,2021,1190071,
5607f7d2-1b37-4f77-a76d-0eb36924eab9,2021,1190071,
f6035b85-bcd3-4f3f-95b7-ceffefd90ad0,2021,1190071,
0e0198e7-4f20-407f-aa7f-bc6a9300e993,2021,1190071,
f97f8293-8f77-4d63-9402-8e2d5e542a33,2021,1190071,
0fab2589-436b-4039-baa5-adcefe076ba1,2021,1190071,
51229946-e8df-448f-b434-4c88b26f0e22,2021,1190071,
4c463fb9-1789-406b-95e7-306e5af124b1,2021,1190071,
c2518fb6-f8c3-40c0-96f8-dce9f309d914,2021,1101244,
3df85159-ea19-4f3a-9064-5b4a8bf2c7a3,2021,1101244,
1a03f2b6-ca12-4ea8-9f8f-1cab2057ff98,2021,1101244,
20fddd48-6a1d-4b11-9ecc-5239231a9c0e,2021,1101244,
22f0b4a3-624b-4ab9-8a16-c2118249e38d,2021,1270596,
a1c87fa6-6d83-4161-9b05-add83eae23b8,2021,1270596,
32c9a29a-c004-40d0-a732-f6f774d32d42,2021,12025,
0242dda8-2c0a-4014-8215-aa0ee1be337c,2021,49071,
aec8daaf-b0c3-4522-89e1-ee62218495f3,2021,49071,
3938cd2b-8798-4092-b84f-8783655b333e,2021,49071,
28e19ff6-3f75-49e7-84b0-8e627cc0101f,2021,49071,
fd4a0acc-7512-4c61-8b4a-46e63abe1693,2021,64664,
920cf0ca-e72d-4f7c-b906-280e6bdddbaf,2021,1270680,
a8135f21-0300-4f40-999d-f51b034168db,2021,64664,
6ec0fabd-e28b-4f13-b2ca-6a8cba4738db,2021,60886,
4a26a215-7c6c-414b-b108-bfb32e8e5c29,2021,60886,
4a533b17-f126-480a-85b7-d206d6362f6c,2021,60886,
acac2e26-1b17-475d-a4b7-b55464404a79,2021,60886,
878e794f-31b6-4417-b51c-cead5543f450,2021,60886,
0a9b8e5a-eb96-4bfe-a5a8-47fc40e4554d,2021,60886,
b3febaf0-2b08-46b2-9b0a-9ab4388e551a,2021,60886,
9e36368d-bda0-4283-a243-0c49fbab1311,2021,60886,
db4d06a1-af2b-4afc-8a19-301a6fd89bef,2021,60886,
46921743-2fbb-47de-b2f4-95013b45b086,2021,60886,
3f0bf71a-77bf-4e8e-9181-d5be5cea61b3,2021,116770,
aac4b377-db34-4079-887f-0ad93a684e6d,2021,116770,
613db559-ebd1-48dd-835e-2e2c0a1073b5,2021,116770,
003444fc-14a8-4777-8b09-a986fdfc9631,2021,116770,
e8bc9d6c-65e2-41da-bc7b-e3da6707fc61,2021,60886,
682eed61-a45d-4d5f-bc10-68723c75e1e8,2021,1139692,
5b3f8347-ff53-4035-9e08-81d35f9bb7ce,2021,37862,
db8f3c12-7de3-4c0d-aa29-0e0e2aab55b4,2021,37862,
02561cdf-728a-435c-9114-1ce0b47cbc74,2021,9414,
b8cb676b-f6fe-4b65-a926-fd33eb132453,2021,37862,
f4377c0c-1cf0-40ce-a637-6306e8b2e377,2021,9414,
2c6502ac-fcc3-451b-834e-c1d904d4f95e,2021,37862,
6fe50f97-86ff-40ed-b9af-beed66e12b67,2021,37862,
7af9345c-761c-4053-a4bf-9743e72e0fac,2021,37862,
60a6dd73-ed6c-4fdf-b430-f6a9a2c4f5f0,2021,12025,
5e76eb1d-30fa-4f1d-b4af-8d8eeed4708a,2021,1473699,
d40931a0-4515-4163-b6fd-7099f928c2e7,2021,106167,
884efe16-6c0b-4d6b-ac3f-227da9c717b3,2021,1166783,
f24777cf-cfdf-45b3-9abc-3b649d9ed6b2,2021,1166783,
17f39f4e-e44b-4cd2-93d2-d476cea80a0a,2021,1166783,
7511b3f6-319c-433b-af38-56dfd9c553f2,2021,1166783,
cf5a9366-562b-4140-8619-2e915da822d9,2021,1166783,
d9a551b2-830e-4426-810a-b418cf2161ca,2021,1166783,
f67f74da-b041-4d91-97c2-5821e3c4c5e6,2021,1166783,
132aacf2-045d-48b0-a845-0888e92db958,2021,1166783,
efd75b03-b1fc-4fda-907d-dd922e544691,2021,1166783,
df3c111b-01ac-4acb-b1b6-32579a771830,2021,10515,
05674273-52b6-4e1a-9113-a889e36a4e77,2021,1330347,
227977d4-6f5a-424b-9a92-e736d63f3be8,2021,1330347,
d3542d7f-9de3-42a6-956e-34f9ae865326,2021,1330347,
70d0c1a3-0e9c-4202-a57f-af7e6bdb6ed2,2021,1330347,
9bf5290f-5d15-4604-b151-8be47ba4fc81,2021,11452,
8a1213e5-558c-436d-9746-22250d1ad6e0,2021,12313,
c8d1cb03-4df4-4222-bc0d-2621953326cf,2021,12313,
bf5a60c5-1657-4cf6-8aa2-e7ceeed1a7e5,2021,11452,
c8b9e167-5824-49a2-9d60-3cf7e52cfca8,2021,5000951,
c104f306-5e65-43c6-868c-8f25d4fae6a7,2021,1181115,
9c0c7ce6-75c5-4c6b-ac56-db0f16e762f0,2021,113813,
08f5b70b-0351-4969-8544-9d24ae7808fc,2021,113813,
1e2d9d6c-7f2a-451c-b781-a76fb05458e7,2021,113813,
b56638c9-843c-452b-8a98-97d7827586d5,2021,113813,
f9e3f130-26ac-4c5f-84dd-7fdf61ff3dcd,2021,113813,
6e54ac03-3a9c-462b-88f3-a8c3de369d10,2021,113813,
fb8028c6-00da-471f-a50d-43a16bd153b9,2021,99406,
73378d39-de4a-4730-938e-cf17fa143c17,2021,99406,
ce1bd3d6-d1da-4e45-89fe-c998070c7cbd,2021,99406,
110b6044-16d8-4d44-aa9e-3d1fbe7d53b7,2021,99406,
33780645-70c3-4176-9f93-d28c628065ee,2021,99406,
c16eea1a-a266-44a7-a2a0-39a356e72ea8,2021,99406,
58101d45-faf6-4b8a-a255-7c864540cdea,2021,99406,
755bbb6e-0e6b-4206-aa24-d0da74df9778,2021,99406,
5c37a63f-56b3-4334-9017-d01c2751ed41,2021,99406,
6590453f-6fba-4bf8-8612-32db35fb68d6,2021,99406,
bd5c42e8-bee3-4f3d-8677-50e31abb8d6a,2021,99406,
94214b9f-f98f-44ba-bd53-a9d785d1ab1d,2021,107920,
44fd1225-6b46-4ea2-aa70-560884c9b994,2021,107920,
779751e0-99ae-423b-96ae-fe154e055397,2021,107920,
951c9d33-caa0-4925-8178-28faa1360b56,2021,107920,
df082569-c895-42ab-9417-b83cc7a1299e,2021,107920,
6fa482f2-9aff-4aac-821f-5dc5d662d303,2021,107920,
6b6f9a04-dbd4-4d41-babd-b7a45943dbea,2021,107920,
7de58968-9cb9-40ca-8f79-8e430447e026,2021,98764,
c758f442-f3b6-4525-a164-0b8391c6c40b,2021,98764,
fe666d11-7d7a-4504-8843-77229502eeab,2021,98764,
9831144c-8e4d-435e-8906-2f1accb9f3cc,2021,98764,
1f0f2ad8-e181-4f64-9218-eb9fd774b6aa,2021,98764,
0f44c7b6-f790-4aec-a549-fbfbc9701c05,2021,1118057,
8f1bd382-8e6a-42ff-b75b-e32387460d93,2021,1306689,
c66a673e-c3b1-46bb-b06d-a7827a0dcf9a,2021,100654,
ce17d8b8-ee8b-44fc-88e4-5377b744af4f,2021,100654,
5cc42b15-149c-4189-8ad8-cb0b081d8892,2021,100654,
0d40d75a-59e5-407c-aa3e-49a8f937561d,2021,100654,
f25e903a-c5e7-4f8f-bc4b-ab6bb76005ab,2021,1306689,
5c3d7689-c26f-49fe-b019-b2c7bbb6acc1,2021,5000135,
3c855fe7-290a-4d18-81b5-eac2a781cd07,2021,5000135,
e81399ee-4edb-47c6-a993-8658ead88167,2021,5000135,
b623602c-9f36-4b41-96a0-f6aa726723fa,2021,5000135,
22c378fb-0369-4943-8cbf-25904ebe3922,2021,5000135,
5c1350b3-f0c3-47f1-86de-f8a5ee8b093a,2021,5000135,
dcdb30f6-d318-4031-88e4-9a7ba18f6c3d,2021,5000135,
143037ee-482f-498b-870f-5acce2d22bc1,2021,5000135,
fe978673-24ed-4390-a62a-fbcd1c6cdf07,2021,5000135,
6fe7d8b5-bdc1-4be8-8827-e0254d4a62a9,2021,5000135,
083335d5-63ed-4c3b-8cb2-a389e2b0cb30,2021,5000135,
ed1f0f3a-90b0-4440-8fc8-0e535fcc0667,2021,5000135,
e279b956-957e-4675-9d1a-c16ddee39a9c,2021,5000135,
3f8352cb-3b18-49e9-ae7e-d2759d6a32af,2021,43664,
60e35cee-3408-4850-882a-9099493d7f51,2021,94762,
d30a0d64-3376-44ac-b672-1e78c7a75d80,2021,94762,
5a3a9d9e-6736-4351-bbcb-917bdbe9aec1,2021,94762,
47b0d9d3-76c3-4715-9200-159c6a8e05a6,2021,94762,
680a22fa-26e5-438b-b1e4-73a39e9d0427,2021,94762,
b7491928-bda7-4038-b0d7-608e5adf41bc,2021,94762,
17abc0ad-cf42-47dc-85da-d973c8c5f8c3,2021,94762,
bc2f7a35-8742-4da5-b3bb-4759735530f0,2021,94762,
c0df0f8b-ad9f-473d-ba81-f0589e8ba72c,2021,94762,
e01ba4a6-9ab4-44ad-9376-691f30520f7d,2021,43664,
da82d30f-c2c8-4bab-9710-5b28f3462ec2,2021,43664,
26d54e22-8293-4e52-a367-c535df210c17,2021,43664,
71496fe3-aa6e-48d8-8760-e443fec9b83b,2021,43664,
38cd66da-015e-4c8f-bcb7-874d072e7548,2021,43664,
47dcb838-e73b-4536-9bda-899809f39c33,2021,43664,
ae86bd33-5beb-4335-bc11-fd22cc929ee5,2021,43664,
00bb04a2-a8dc-4a56-a413-62913c7eed39,2021,43664,
6245539b-ab2f-4b7c-94d9-96671410ef41,2021,11730,
ca661f6f-4f1c-4c2d-b365-4576f6ae2f19,2021,2209,
116f0aed-0ab8-4b8a-bd3e-9463130bc1e1,2021,2209,
c3b463e2-2528-4538-9d12-12749225b3f0,2021,2209,
7faea15e-cae1-40b3-89b0-28b5f4b21cde,2021,2209,
69bd499c-4eb8-4fc1-b6b8-32a519889195,2021,2209,
25178985-a8af-45b6-a49e-14146f0bc2dc,2021,2209,
5c36b6ad-c7c3-443a-9b73-3d0e55b97f45,2021,2209,
6bb853d6-3c76-40df-9a70-4036af8ad1b9,2021,2209,
8cbb456f-1fa7-46ab-91ce-602755454496,2021,2209,
6a5ce01f-a580-4af5-8a23-bb5f5c63b74b,2021,2209,
208e036c-9e01-4b9a-8022-9115efbc94a3,2021,2209,
4d544d6a-ba2d-4351-94c1-f2695d920512,2021,2209,
1f7c3c91-cb96-40e3-b32a-17e206d6c039,2021,2209,
82db4134-3f97-404b-b974-d9c0b2b96c98,2021,21464,
12a21cfc-ba0a-44f3-81ed-296c071acbb5,2021,21464,
324f99de-edd2-4111-888a-86bcc6687d1f,2021,21464,
ffc23c09-888a-4909-8a80-f5117e0f1029,2021,21464,
6de3be59-10bb-461a-8a0b-e2d03711ee1e,2021,21464,
a1ca5819-3f4d-4197-8a96-00d65918f400,2021,21464,
4850b7f5-4893-4e4c-86d0-cb677c12ac46,2021,21464,
eda4866c-9fe8-4c9b-8fb3-16074ec302ae,2021,21464,
c6da0044-3187-42e8-be9a-c6901b3c5b81,2021,21464,
6dccd74f-a6a4-4697-9edd-6c6f651c8875,2021,94762,
97b4b055-bc9f-4fd6-99af-678558aa1ce3,2021,94762,
64e71100-11b5-4d30-a680-bc0f1f885483,2021,48675,
0c21bdf3-b109-433a-8948-6033d8ea55d5,2021,1042278,
ad5e5626-a2f5-4b33-b2fe-a6171cb998a6,2021,1042278,
1638f23c-b4df-402a-83d3-d57669186ce4,2021,1042278,
2bbd33b2-af1c-4996-8f42-7c02c4f0f9c1,2021,1042278,
13a253ed-987a-4ddf-8c4b-874b49188aaa,2021,1042278,
8165fc9c-a7ac-4068-a26a-4650934b6645,2021,114616,
91695a2d-5003-49f8-aa55-5e3739908ded,2021,114616,
eec28181-18ae-4727-be7d-9db433b719b3,2021,114616,
7c60c9db-238b-4732-8294-bed097284d65,2021,114616,
70678680-851b-4b04-8883-47ea441d511e,2021,67601,
76a1e8ab-1fb2-499c-8db7-f2657850e5b5,2021,103062,
1344059b-25a6-4526-ab49-54779f3591c6,2021,47051,
67c481f9-2777-474c-843b-8f09258e11d3,2021,47051,
5e2926ab-4a6c-45ab-acac-434d98e6d664,2021,47051,
d7fb113a-1435-411a-bdf3-7d6feb116fdb,2021,90030,
0ca6db6b-930f-45ed-af7c-89183ccd6ffc,2021,22061,
59fb17d7-5391-4ed8-8e22-b69a4f56ca9f,2021,83388,
6c7c0ff9-ecb0-4303-8158-2ff656681c74,2021,17886,
57da6e13-6228-4b06-b060-b933b49b1fb2,2021,17886,
d6dca39b-a812-40fa-8c13-34c23a526771,2021,17886,
b4621ec6-a18f-408b-b8d0-37ef6d966d30,2021,17886,
0e0b0e49-b50d-4371-b120-a06e5572cd93,2021,88084,
876a2688-9d83-40f7-a813-2ad133f01cb1,2021,88084,
024bbd26-1ecc-4df6-9602-38fd7e406de7,2021,22061,
854e0374-a35e-44a7-b4c8-ff168a6192b2,2021,17886,
d9921997-e553-40e2-9b6a-e7108757437e,2021,107920,
e1b61e60-3c49-4b9f-a894-1a5c7e5e193c,2021,22061,
7be348a9-424c-41c1-85f4-524d46905dc4,2021,9425,
a039a9f4-7961-47bc-9478-12c99c637f6f,2021,48993,
0bb9ef68-dd27-4000-bacd-7e0eb84c3bba,2021,9425,
ade577a1-9e67-488f-ae4c-7db0b9955102,2021,9425,
12675da5-273d-4c39-8a03-a64ad0853560,2021,9425,
a37aaae6-131f-41fb-acaf-b28884eac72a,2021,9425,
d438b6f4-07a2-4e4c-ac3d-8ee5eb0e14b5,2021,9425,
29010caf-de48-49d9-8142-24864d3ec2d0,2021,55777,
97fef987-310e-428e-91d1-2641e1231125,2021,12313,
ee1c1be0-3201-460e-bd86-1dfd1b61b8f6,2021,49054,
450d4c70-e08a-4581-89c9-259ec954c965,2021,49054,
49ead1e6-1a2c-4cbe-bf0e-d4a161d89eda,2021,49054,
68774ab3-4304-4d12-a083-d88886408283,2021,49054,
61afa667-a507-40cf-96fc-03e1cdcb1f8b,2021,49054,
570fad9b-2d38-46cb-8401-e7e525019054,2021,49054,
8e658c79-34a1-4008-ae6b-fc5e222f4ea2,2021,49054,
3b18a7d1-160e-4221-a05d-c37df48e731e,2021,49054,
2b81ed7e-7062-471c-897e-c600641c376d,2021,1306689,
a5bbd1f0-4477-4450-a55a-c342dac327ac,2021,968,
63d6238b-21e4-42dd-9954-b661456ae9ef,2021,968,
97ef11f3-f64c-4ac7-bd88-29ce1ce1ed2a,2021,968,
08ee1844-f98e-4b8e-b405-874126ac990e,2021,90030,
2567beb1-fa2b-4242-b9b4-8ba707c1db41,2021,94762,
2c22d5c0-cf27-4239-96cd-709f4082d415,2021,317,
d00a1ee8-9d27-4d58-ab99-01c48127886d,2021,317,
04b24c0e-3f5d-4977-a981-5c57bb792ea4,2021,317,
e7d73614-4846-4e32-80b9-623d6b2f1edf,2021,317,
e6e06f20-e224-4625-8751-11c7d4a2b490,2021,317,
11ad500b-2631-4667-ac72-e4ff54d3019e,2021,317,
65876d54-1b3e-4876-8beb-777801507279,2021,317,
64863306-8f77-4b57-b495-f592c8aff2b0,2021,317,
434b086f-d933-4f33-acb3-42316acd7755,2021,317,
97fad86a-a403-4b6b-b4d4-203eeb89e0a6,2021,317,
8bf21c03-6f42-4fe0-900c-5fff6ed86195,2021,317,
edc78711-45ba-42fb-baf7-31d88994303a,2021,317,
598d081d-7229-454e-9951-d441e2f7b725,2021,317,
ff9a7641-6940-4cc9-9bc5-86e89417d650,2021,317,
39c01657-7150-4635-8299-b92aae5631c7,2021,1102628,
7022796e-7cbe-4a22-89fe-3ed7b48f6975,2021,94762,
d6a87fa3-2106-4273-a351-87c9e0984189,2021,94762,
85ba9902-f68a-4ebc-8e7a-2f6d2bbeea43,2021,94762,
04418bae-b7d0-425f-8d9b-d43c4437db33,2021,94762,
ab88da02-71f1-46fb-af52-c780d6e4ac16,2021,113687,
65ef4996-e354-4f02-9a18-cda284e6fe97,2021,968,
72eedb80-e53c-4438-b015-91dc8edf8d79,2021,968,
c2b242d5-2789-4605-b81b-fd717c4aca48,2021,18683,
c56fd408-63ec-407f-a16f-d053fafb2e30,2021,18683,
df6cb0ab-5522-40d0-b599-a80d0508dec4,2021,18683,
cfee9bfa-d702-4887-9d0e-fdfbf446b2bb,2021,40343,
6b156872-5cc1-4c09-9ee4-8887da434023,2021,40343,
35eea045-61cc-4aa0-97c7-9823e72d355e,2021,50082,
5f612d2b-72fe-4e09-ace8-deea469a475e,2021,50082,
729258ba-c5ce-41e7-aaa7-1284c858f1ea,2021,94762,
c7b04f95-0e33-4f5b-b745-5c0c9f7a3bb7,2021,20009,
609f5877-7f11-42ce-a0ca-27f25f3c43fa,2021,5000951,
5f00cc12-e676-44a1-935b-f8c165b7e543,2021,1118057,
010388b0-7ae6-4467-b84c-02aeb24aaf71,2021,108660,
32cd0ff4-7c51-46c6-8cda-b8a4d0787387,2021,108660,
7b81fb97-bd78-41ad-8afa-e67da3d44281,2021,108660,
2533336a-e152-4ffe-a1b1-85509e715a62,2021,108660,
7f1d9451-700d-44db-ac22-f4fa0debace8,2021,108660,
fb102648-b506-494b-b8ce-c8c06b3494cf,2021,108660,
3b384549-935b-4d09-a287-976556139977,2021,108660,
73b60e4a-bfbe-4f57-a6b4-a97b407ea234,2021,108660,
d24b7370-1002-45f9-8c63-3d9a527a09bf,2021,108660,
71d96f9e-b146-4ae0-a1f0-dddb331b844b,2021,108660,
7d5bd9c5-b096-4dd9-acf3-0b8070183125,2021,108660,
b33fb4c6-d29d-4fe5-ac84-bb5b7add6967,2021,108660,
cc64c3d0-d801-4243-a9cd-db3b14da6952,2021,108660,
acb36049-fb01-4659-8602-2b9998dd6060,2021,108660,
42b426b2-8be3-4901-987f-75f2afebfa6e,2021,54934,
24ace06b-c519-4568-b3c8-5c0673922d44,2021,54934,
f38acd8f-990b-4dcc-9cc8-9d11fbbec951,2021,54934,
34ac758a-177c-4bac-a3f6-84d5f035fb0d,2021,108660,
806e5f6c-39e1-4280-9f80-1aec2e4ce280,2021,108660,
e7bd0dbf-30bc-4342-a746-c6d2730a9b1a,2021,108660,
e9378b63-ae0b-47f1-ae8f-2e53b52b467e,2021,108660,
bc2d08bb-e406-417f-ac14-e987faaf1796,2021,108660,
a2ce449f-010b-4266-86ae-53f0930aca9d,2021,108660,
0cc3c6af-b403-4a4f-9871-78f59bf31c8d,2021,108660,
67aacdbf-4efb-4960-8331-7a4f24b3c567,2021,108660,
c46a901a-3c9a-4ddf-8517-06ca342dce0a,2021,108660,
2ddc9e1f-4f44-408f-beaf-5f0c7c8c9713,2021,108660,
44cdb4e7-ca03-4bb6-b418-fa6122bc960d,2021,108660,
0797753f-3a69-4522-b64d-d0e05d3adac3,2021,108660,
6a0bffca-0737-4699-9ff1-b2fb9901016e,2021,108660,
a7cbc568-de7a-47c6-845d-0099602b75b2,2021,108660,
f8e85404-eb03-4322-96b9-90885b1466dd,2021,108660,
070adaaf-2e53-4c72-b6ee-e1d1a46fef19,2021,108660,
61d5285d-48ad-4d04-aaa9-35d1872e4a97,2021,108660,
568f8743-3cbf-48b0-990a-813c8ccceaab,2021,108660,
dde2e876-a086-4ea5-838c-d44f29b26fc5,2021,108660,
9a948721-7530-4a10-9b2c-8aef1253c04d,2021,108660,
de4c5461-7076-4789-a73c-039f108ee788,2021,108660,
db21bfd8-2c84-4783-9d62-77baa9fb6858,2021,108660,
6f2b8e99-5031-49bd-a21a-1c5a7854b362,2021,108660,
092c5dc5-c8f9-485e-99a2-eb3b37b0bc09,2021,108660,
16d71a24-b850-4fac-96cb-70441ee50a9c,2021,108660,
4c8b5d39-2c60-4354-a4f9-e2ae56e90e39,2021,108660,
dd3535f8-7418-4a60-b73b-a72854cbcfad,2021,108660,
f8179391-fbbf-4212-a702-58ffd72ec968,2021,108660,
cc41d3de-b0fa-4b72-988b-ec57741b1755,2021,108660,
95b85335-544a-478d-9507-5a147e8f68eb,2021,108660,
603978ae-0a3b-4ac6-9a01-aaacb4e5d622,2021,108660,
2597f9d1-8e48-489c-9e50-bf40d2310eb7,2021,108660,
705b0b6e-2229-473b-ab30-ace5c782778b,2021,108660,
44879f5a-4576-496c-a0a5-44d1e848a824,2021,108660,
7f930784-48c6-4b87-b094-b300b989a625,2021,108660,
5ee3d7a4-e54c-476f-8089-f2367cfdb292,2021,108660,
7e0f95e4-63f7-4315-b385-5f410a0fd2e0,2021,108660,
0a76ff5f-ae88-4ef3-b0bb-9e2b9ff13a78,2021,108660,
361d80a1-363f-4e69-b099-71a5ddcfae9e,2021,108660,
2736a74d-054d-4cd7-97ac-55ab2e1544f9,2021,108660,
a8f86e6b-5c17-4e85-b0d3-c95ff2af24b9,2021,108660,
ab07bf5b-e47a-451b-818b-991c46959029,2021,108660,
faa6267c-e209-468a-975f-d3cbc8f10bb8,2021,108660,
3f143eac-ffae-40ba-b11c-86c41cfdd370,2021,108660,
1d1c8d58-0225-43d9-ac1e-19c9743a53ab,2021,108660,
9788606e-5cae-4c78-88bc-500b97188bc2,2021,108660,
81aeb576-2250-4b8f-ada8-857140be33bb,2021,108660,
1c3e9ec4-3836-45d5-8007-24ed9822bde1,2021,108660,
6355f74c-4c2d-4e19-842d-52772e794134,2021,108660,
bb498237-49a7-4e1a-9ddb-7784df6313cc,2021,108660,
bf0f5c5e-fe94-4f78-a590-9b6bc9985ba0,2021,108660,
db1d667d-4a3a-4a3a-bc8e-1f085609c158,2021,108660,
be8c39fd-2813-429b-ad98-19aa063c47e3,2021,108660,
7e2d0629-96dc-41c1-80e6-d03e3cf27cc1,2021,108660,
2640533e-a2cf-4a2f-9b81-daad38a4a8f3,2021,108660,
cc3b0e8a-113b-4e5c-85d2-ca15dbb22650,2021,1117717,
0679f3d9-73c7-4f39-a2d2-92ec574bc96b,2021,1117717,
748da9d5-61b6-4383-962c-1f4841798a86,2021,1117717,
025644e7-7c9f-4a1b-acae-db576b9e321c,2021,1117717,
cba4bbaa-2b65-4852-997d-4ffa97036b0e,2021,1117717,
ddd79e33-229e-4e78-a411-1f79953421f7,2021,94762,
1b7cb46a-3b67-4e6e-b1cf-2cdc356a0abf,2021,9425,
bf2d9859-21e3-41ec-a0fa-ea595ab6ae67,2021,91262,
ddcf6c95-870f-45b7-8602-ae3f0734762d,2021,91262,
25e91c12-6b04-46c0-9c97-21b9f1f473cd,2021,48675,
bf88dfa1-18a6-4b8f-aef1-711b8401082e,2021,48675,
93e630b1-a132-4b13-8fdf-70b4dcceca3c,2021,968,
d6604c3a-5492-4098-908b-2a62155d4d19,2021,968,
6108f261-a2ef-4082-a5b0-aed1e65f3f65,2021,98764,
0b1818b6-da94-4b9d-a100-d7480fd1cba1,2021,98764,
02684241-490c-4a15-acdd-f5140facd715,2021,98764,
fdd3338e-c356-41d0-9bbe-50a1a7bad892,2021,98764,
3b1b3730-231e-4b56-bc95-ad6b12cf44a4,2021,98764,
f88f00b7-be19-4dfd-a01f-9007f6ceae7b,2021,98764,
ded24748-c2a9-47d2-b6e4-8a51eb95100c,2021,98764,
71848e95-7247-46c1-8377-e90276018770,2021,98764,
e8992692-65f0-48e2-9d70-62fc67fd545d,2021,98764,
519ce9bc-8177-493e-a547-30d14dc0aeef,2021,62484,
c4a00b36-1c4c-4165-8c93-c0f399c0ef64,2021,62484,
993fd4fc-97da-468c-9fff-4d891158008b,2021,1118057,
a55bb06c-d1c3-4e00-aa0d-53fa21beddd3,2021,48205,
dcc5c4cf-2e1f-47fd-9561-277962c4d0c6,2021,48205,
