id,NU_ANO,CO_CURSO,ANO_FIM_EM,ANO_IN_GRAD,CO_TURNO_GRADUACAO
87d4afd4-7208-45ca-ae63-e461ce40cd44,2021,13277,1972,2015,3
ed16e80c-e0d8-4a43-b4da-cd307cb8841d,2021,13277,1972,2019,3
8fec0cd3-4b29-42d6-8ba9-4642c264baf2,2021,1267543,1980,2014,4
2de4a98b-d34d-49b1-b46c-908814528c1f,2021,1267543,1980,2014,4
67e20e34-a494-4b71-88db-50d3ef16dd85,2021,108660,1981,2008,3
20646aca-d446-49d2-ace7-ab5ba67bce5d,2021,13401,1984,2014,3
7310f217-2a81-4dde-be15-0f3670017ae5,2021,108660,1984,2010,3
4a31cb3f-41a0-4c0f-ac03-5e7dca93eec2,2021,73898,1986,2018,4
a1217a0f-2042-408a-b3b0-4bffad4ecf27,2021,108660,1987,2017,3
40865671-3d63-4d63-82ea-f65553477b65,2021,1101244,1987,2014,4
20da4387-0380-4169-9350-013710866349,2021,60886,1987,2016,4
5d210b1f-09f8-4f00-b007-a5fdbf22fcf7,2021,37862,1988,2018,4
a68dbd18-44b5-4ce7-9054-35dafbf611be,2021,97443,1988,2013,4
3ba6da38-01c6-47ee-a11b-ef12b46b3501,2021,60886,1988,2017,4
afe2d517-0ba1-4d47-a63a-2fd7e7e2929a,2021,5000143,1990,2015,3
9b670db8-ddd8-4f09-8702-fff069aa02a8,2021,22047,1990,2009,4
b10b7502-f5aa-49a9-8849-17b73ef47453,2021,1101244,1990,2013,4
7a66b4bd-396e-4727-92d2-06044e0fdb3d,2021,108660,1991,2017,3
a59305bf-38bc-49a4-bd38-35f15690931a,2021,1103723,1991,2013,4
4373c7d6-ac69-40e2-8d0f-71cacac7f92a,2021,108660,1991,2017,3
ce27f579-1821-493a-a955-206d7b392dc4,2021,48675,1991,2016,4
db18402f-dc50-4f6c-a4b6-ce070a85f7ab,2021,1110857,1991,2014,4
a49592ad-0790-4e85-8142-080a5ce190aa,2021,98595,1991,2016,4
9e0abf83-88c5-4727-843c-8d6cac6b3f27,2021,98665,1992,2016,4
492d4be0-9f33-4158-b281-859db0bf840e,2021,11730,1992,2009,4
a29ea59c-9689-4a58-b86b-51f38d588762,2021,103062,1992,2013,1
9d5c0ad8-e921-4bb2-8115-fb3829aa077e,2021,10515,1992,1993,4
9977aec8-8a32-4ae1-8487-9670ab616789,2021,103062,1992,2013,1
44a1a7d4-de80-4787-9d7f-5629135917f3,2021,317,1992,2016,2
0612c925-4aec-4fff-9e6b-b97172250136,2021,108660,1992,2017,3
24feb185-f038-4cbf-b78e-5be0eda54b21,2021,108660,1992,2014,3
0637aae5-939e-4f91-b31b-d357e8c8c479,2021,108660,1992,2017,3
4f4adc32-5072-4b74-9226-44fe4499de25,2021,108660,1993,2017,3
9a12d405-bc17-47f2-83b2-ceab315eae2d,2021,55777,1993,2011,4
d84ed0c1-be35-4136-b5f2-4b6da4420eeb,2021,94762,1993,2020,4
c246b2b7-118f-418e-95f1-31e99a1bbcfc,2021,1322390,1993,2018,4
e20d011a-7a7f-46e9-b2bb-65dca68b2048,2021,86326,1993,2003,4
31ebd221-b178-4976-9668-285d0df8df6f,2021,102590,1993,2018,1
a235419c-3471-45d5-8905-36a4520d1dcd,2021,41238,1993,2017,3
65d47c33-b20b-42eb-aaed-d0c8d400e60c,2021,118420,1993,2016,1
94714694-586f-44dd-bb57-8141b2f3bcca,2021,108660,1993,2008,3
66c4965a-8319-4cbb-8519-a02ffb6bec5d,2021,48675,1993,2020,4
05d8aa86-1b6c-470a-84f3-1774cfb7b766,2021,37862,1994,2016,4
e204f867-4169-4e88-82c2-001796b5f5f7,2021,1166783,1994,2016,3
805508e0-8081-4e44-901c-4b4707d7ce65,2021,968,1994,2014,4
fe162595-d42c-4267-a6c7-a8d82f6f24a8,2021,10515,1994,1995,4
355117ac-22d2-4af5-9248-14df7dd052c5,2021,22047,1994,2017,4
53a5ed2e-82cf-43a0-b445-dad92d15d6e5,2021,1113582,1994,2013,2
2f6dee48-cc4b-4469-8443-904dfe2136ed,2021,86326,1994,2009,4
1aaf1ffb-5ea0-4143-8078-26514a53965d,2021,94762,1994,2015,4
6f494408-c18b-4eb2-a53e-630099c1849a,2021,1270680,1994,2015,4
25d8deab-ca1e-4679-a7a3-360970960f28,2021,1166783,1994,2014,3
e283a4d2-8a6c-4f88-b092-b2ab097824d2,2021,1102628,1995,2015,2
25484ac2-a22f-46e1-951c-ec67ff772c1a,2021,108660,1995,2017,3
55c17261-1652-4469-ab52-9eb6d1a91e59,2021,98595,1995,2018,1
43b5919e-243c-4c07-bca1-964adf50d212,2021,112086,1995,2014,4
b875dd09-6d7a-4f7f-8b00-cd247d348c15,2021,19042,1995,2015,1
3d7530bf-99ed-4294-a3ff-1aceb64fa6b0,2021,1136142,1995,2017,3
e7a4f4e5-c206-4879-98d3-33b1a6d0985d,2021,67092,1995,2017,4
d92680c8-dfc2-47e8-a659-f5280977f24c,2021,21464,1995,2014,4
9e70c840-b856-487c-85b0-a64d361a4fd6,2021,11730,1995,1996,4
3b196051-3741-40f6-a019-e4882917cec2,2021,113455,1995,2013,4
5d344a9f-55a7-4ec1-9035-156185ee7a8c,2021,98595,1995,2017,4
7b639bde-3eef-464d-8d23-e362da5c1f36,2021,46377,1995,2001,4
c225793c-39b4-4506-816d-f67f5264588b,2021,58808,1996,2018,4
c05a8140-fff8-4515-853f-c7716ba37c7a,2021,86326,1996,2010,4
850a76f7-bb91-49ec-8a10-a492c04ed7f6,2021,9425,1996,2003,4
eefb0905-a051-44b8-9094-004b7291d304,2021,68930,1996,2013,4
c5044856-5378-4bc0-aa89-4982a628856a,2021,11452,1996,2015,2
c1cf658d-a422-4ce0-9de9-c51188c1bb9f,2021,2209,1996,2015,1
58fb16d0-440e-48dd-9219-9d53ae9b67bd,2021,47069,1996,2004,4
6fe0fc10-4385-4cfb-a682-4295139640b5,2021,1267543,1996,2014,4
065fc689-8af4-49e3-8858-94c6afaafda3,2021,1180773,1996,2012,2
32a5fc8e-7e59-40b1-8cb3-6597dfd814be,2021,113455,1996,2013,4
5704c691-a278-43f5-8d6f-553a62776685,2021,60886,1996,2015,4
c6bb365e-a0f8-42ce-87a5-41f529cd0b20,2021,108660,1996,2008,3
037d5c98-55ba-456e-8410-57240f4342f8,2021,108660,1996,2014,3
388e7813-12e9-41bf-a288-4fc738da2522,2021,108660,1996,2012,3
6eeea75b-a944-40f7-9bf8-0511ed6e102d,2021,106996,1997,2019,4
c12c863c-a1c0-423b-adcb-73bbd87e60d2,2021,106996,1997,2018,1
f0225078-f819-4da5-b30a-df65545da21d,2021,49054,1997,2014,4
7d2f9e38-c3b5-4525-8a45-8eb83034fcbf,2021,49054,1997,2014,4
e4d8a35a-6ced-4197-b0e4-ba890e918045,2021,49054,1997,2013,4
9b720712-ec09-4970-ad2a-b7c1500bfec0,2021,106996,1997,2017,4
58fb3d37-5727-402d-9782-ee9d4fc57356,2021,1351760,1997,2018,4
8a1eb435-e278-4e6b-9df5-7f678609378a,2021,108660,1997,2008,3
9286fc1a-cdea-4e0b-b51b-e184f4158d67,2021,10515,1997,1999,4
e9cef2d7-4c3f-46ba-87ec-16f1c2670352,2021,86326,1997,2017,4
8cd867f8-469d-48ba-b374-47abe0047dc2,2021,20756,1997,2017,4
87f0f4f8-5854-40c8-b760-9ca805a454e6,2021,1118057,1997,2016,4
1159577b-bdbe-4870-bc59-77c77a9fc0f0,2021,2209,1997,2012,1
65090a5d-db1e-43f6-bf3e-e6843c8df3fb,2021,5000135,1997,2015,4
489a63ac-8b95-47eb-b61f-9cf18a80dab2,2021,317,1997,2012,2
3eb25c8c-589d-4ff6-a856-9fbcf99387e7,2021,1351760,1997,2018,4
ff522aee-af23-4cfa-8900-6c2cb7deabca,2021,1427745,1997,2017,4
ba6bad31-67d9-471d-b565-9c893a24b775,2021,114616,1997,2012,4
4a631047-106a-44cb-9082-d8e48f104adc,2021,60886,1997,2015,4
e676ca50-120a-4d54-a33d-3ff095889fe6,2021,43664,1997,2014,1
e6ad3f36-bc95-4a32-8be9-05cc2dcb2f07,2021,113687,1997,2016,3
18673236-0844-4eef-a3bc-c761df62bd38,2021,108660,1997,2012,3
8e5afcd9-01b1-4741-a356-769dcc4342e6,2021,1267543,1998,2014,4
fd0b497b-f6fc-440a-9130-4ede4d7ae076,2021,108660,1998,2014,3
bcc9df44-32c8-4478-974a-886247489263,2021,37862,1998,2019,4
59a2fcae-1671-4a44-ac94-695e7990e6f1,2021,108660,1998,2017,3
1bfe1e92-3579-497c-bf54-96efc0d333d3,2021,49054,1998,2007,4
e4876bda-9ca5-4ff8-b932-4fe324ba8f1b,2021,94762,1998,2016,4
1eed07ff-9a94-4aa1-8048-5469edf0670b,2021,1376181,1998,2019,4
56a93f07-4cf0-47ce-8bc6-d36636cf925f,2021,11452,1998,2014,2
babdecc6-7293-43f1-b5ed-f7f6acd66def,2021,116770,1998,2012,3
8ecfe7c4-69ef-4c92-92a3-4ab90b9d9807,2021,1113582,1998,2016,2
454933a3-cfbd-4618-a736-94a2f9e42e39,2021,1267543,1998,2014,4
7c6ec737-cd2f-448d-ae33-1e71a81ab45d,2021,83388,1998,2010,4
356a844c-c39a-4c52-a15f-35411cb1b0eb,2021,114616,1998,2015,4
fa5879fe-f5b3-44b0-9071-a57f94688703,2021,10515,1998,2004,4
2c248946-f846-43d8-aa9f-76ef24ff7003,2021,83388,1998,2009,4
a91ec6c0-84f8-4c10-916f-ae61c9b4a208,2021,1161716,1998,2016,4
977cf91a-da87-47e7-8377-16e414125fca,2021,22061,1998,2004,4
e2ebdad3-d6db-472f-84e8-a1938a9f8c61,2021,9425,1998,2001,4
30d6b58e-447b-4c87-8814-c9cd9c367077,2021,48675,1998,2007,4
043fb2b3-773a-4177-ad58-d698ced33088,2021,106996,1999,2018,4
e9b035f0-cea5-40ad-85b1-cfcf1d1adda5,2021,106996,1999,2016,4
007a9301-2ca7-4da0-bd79-564462716a61,2021,1204325,1999,2020,4
828f1f15-04dc-44da-a690-b305fdf0e1bc,2021,37862,1999,2013,4
35eadad9-338c-40b0-ae28-d56be81c22ad,2021,98957,1999,2018,4
ffac6396-9f5c-4e40-8423-baaa467ecb3c,2021,1190071,1999,2013,4
2115b08a-04f4-4f8d-bea7-0341b5474173,2021,108660,1999,2017,3
6abc9021-e91e-48f7-877c-a874ca6d7db1,2021,67601,1999,2015,4
28fee227-3c93-4569-94c0-9f4a2942d511,2021,5000143,1999,2014,3
7b324baf-7453-46c8-b9d9-e8fafc2b8b30,2021,55777,1999,2015,4
a5baa59a-1f2f-4741-9715-e9c145466585,2021,113813,1999,2012,3
cf2fcfee-d075-4550-a4eb-2fe66e35ed56,2021,94762,1999,2018,4
8e9255cd-6ba5-47c4-a430-b2e437aca710,2021,113687,1999,2017,3
a2ca33ef-0078-4e5a-b74b-b2251b7f1129,2021,1190071,1999,2014,4
081179f4-eed4-4841-8dc4-34c8ede3702a,2021,95175,1999,2017,4
fcdf7c12-5b18-45c4-9156-6944a741a79e,2021,64664,1999,2016,4
c8b3fd93-50ba-425e-85a1-da996a31e621,2021,49054,1999,2015,4
6864c4a4-7240-48b4-9204-e69e7b3b83d8,2021,1108692,1999,2018,4
ff942b23-84c2-4424-84ad-f9a104e12725,2021,64664,1999,2016,4
c43401c3-c036-481a-8191-1f1be89eeedd,2021,968,1999,2016,4
5142c3ec-1a98-4e20-b941-89654dc87dfc,2021,86318,1999,2016,1
19a238e2-24d2-4b8c-82ad-38b235898cf5,2021,1267543,1999,2015,4
4cdf8758-2b5d-4111-ae29-41efa7cc0a98,2021,47069,1999,2011,4
4364f8be-7cbc-4757-890f-7fd87d840dc1,2021,49054,1999,2015,4
59e17b38-37c0-4d8f-b734-0e658b4e47b5,2021,73898,1999,2017,4
2d3db051-3495-4ef1-ad4c-aa879efbbec9,2021,1110857,1999,2014,4
27ff7d05-b067-4291-ab31-8c7799311d93,2021,1110857,1999,2013,4
b0a93085-4991-40b9-b918-45edda50a7d8,2021,113687,1999,2015,3
2de8276e-2f5c-44c1-a521-34f37fef3434,2021,118994,1999,2010,4
98aed3f7-1bd4-4913-b3fd-ce8a8a7fe6c1,2021,1258063,1999,2019,4
387bb55d-b0c3-4fe3-9bd3-1692158fd7d7,2021,12025,1999,2015,2
bc230604-eb3e-437e-b73d-32b360d61f9b,2021,1101244,1999,2011,4
bce07bec-80e5-434c-99fa-54ece2827f06,2021,64664,1999,2006,1
8e638521-4e6e-4a70-a5af-ddc8214ee705,2021,60886,1999,2014,4
64e6bce4-88d6-4e14-827d-487e79870b21,2021,60886,1999,2013,4
cb036ae6-f234-4fd9-a9e9-9f94fe5145bf,2021,37862,1999,2013,4
0cfa7cf4-06cb-4fc6-9b9d-494c3a454d42,2021,113813,1999,2013,3
be36c25f-fc33-4d83-b94d-2fac56256190,2021,49054,1999,2014,4
79f0e52c-ca32-4922-8705-3b64eb37ddbe,2021,108660,1999,2017,3
0842fce7-3cb1-48b6-a43f-7a65a7ba4f9a,2021,108660,1999,2008,3
572caa2b-e944-4798-89a3-09aa8c18019c,2021,108660,1999,2008,3
1e0bfbbd-bd55-4c49-b401-cf2171e62a6f,2021,108660,1999,2014,3
f731fe63-3335-48e1-a47e-02a38b268af6,2021,108660,1999,2017,3
dec67979-01aa-4095-9809-a6e5b7bca529,2021,108660,1999,2008,3
f1653dbe-7810-46ad-a6af-5370f31ced7c,2021,1190071,2000,2014,4
c77bd8d8-dbff-4ed8-b37a-96e38c8b9a1c,2021,5000135,2000,2012,4
39b11d96-afba-433e-ad6b-83c770c255c1,2021,1306689,2000,2017,4
845e3be7-a453-4d7f-a5da-1a68bc743e24,2021,47069,2000,2016,4
b005100a-8d19-4d87-ade7-13ecceef5540,2021,20756,2000,2017,4
5e8a39b7-b4e6-4e0a-96f4-aa25ac11924e,2021,107422,2000,2017,4
1f4541c1-2ae0-4111-a5df-daed658726a8,2021,103062,2000,2014,1
0a83f1bf-99f2-46f8-9614-50112ed4d384,2021,10515,2000,2002,4
ef34d463-6dae-441c-8c24-8f4a3ac4f67e,2021,1322390,2000,2018,4
52d2f41f-aa0a-47e5-8b0d-94d8e45da1d2,2021,94762,2000,2020,4
11a7de27-6d07-4765-9c23-55bb16bbcae9,2021,13277,2000,2016,3
8049da6f-4a7b-4027-b6ad-2aa42dec03bd,2021,11452,2000,2014,2
6cdcd94d-7b61-49cf-bfde-dc22f8103ffd,2021,19047,2000,2020,4
96ea7787-011e-418f-8d55-69c2d9ae3f11,2021,20030,2000,2018,4
f43885d9-c192-42d8-8800-ca9cd7196d82,2021,98595,2000,2018,4
fdfe3d5f-086a-4c49-aab6-ee2055674398,2021,98595,2000,2018,4
84c81807-303c-4d2f-b34a-6eadca7d3348,2021,1190071,2000,2012,4
3fd9fd21-f12e-421e-8d37-2a2fe417c7f4,2021,49054,2000,2014,4
8ff58e9d-dff6-4dba-93c9-cea7bd0312d7,2021,5000143,2000,2010,3
0ba284df-c2d7-430a-bb8e-3b6eb9bbcb39,2021,99406,2000,2013,4
1b982a0d-4507-4403-a46e-0a3bb4d7fa27,2021,64664,2000,2018,1
556f563e-f8a1-48f5-90ed-1b0ebe3762b0,2021,41238,2000,2014,3
ceba0c75-3f83-46a4-8617-0f509108660a,2021,21464,2000,2014,4
12c40e60-fbcc-4777-8e8c-bc6e9ec03245,2021,21464,2000,2019,4
f6257194-b802-4f59-8edd-09df34ffe27b,2021,11730,2000,2002,4
55b917ad-e209-4a6c-8093-0a5f66e0d266,2021,1110857,2000,2014,4
eea2dfff-5bd7-4a41-acc4-0a392aef2904,2021,37862,2000,2003,1
3f65b1dc-fef2-4027-ac71-255d15c8f467,2021,1110857,2000,2015,4
e4f2d5ec-73f6-4cd4-b3c0-ce92f28d8d94,2021,94762,2000,2007,4
2e290c21-afa7-45cd-8096-a5491c9836e5,2021,37862,2000,2001,4
02058e24-48c7-4c96-b9dd-0201a46d407e,2021,22047,2000,2018,4
35cbd1cd-7e62-42c9-9310-b077d015a260,2021,59122,2000,2009,4
4dd41490-2b29-428b-929e-539bd7263e8b,2021,47505,2000,2016,4
d53a6dd1-516c-4824-aace-42d0fab90aab,2021,20009,2000,2018,4
5f5b947c-2fc7-4d2f-9409-367cec76b2d5,2021,1190071,2000,2014,4
536b461a-8b3f-4783-91f9-5df98ecb9c3f,2021,60886,2000,2014,4
e92e7dc6-4699-4967-bf10-ccd533102e39,2021,60886,2000,2017,4
0e73f506-6373-4ab1-adfe-717a8e653d8b,2021,10515,2000,2001,4
c5874109-e3ed-4aea-9516-de10a0b50beb,2021,113813,2000,2012,3
8e08ec4a-fc1e-46da-a63e-19a2c383310a,2021,94762,2000,2014,4
82ede71e-37eb-485a-a611-69e2c2fae18c,2021,49054,2000,2008,4
cb981a58-d13a-4799-96d6-098f04320615,2021,108660,2000,2010,3
f4a81546-f928-4b9b-a9a8-97cc03708e6a,2021,108660,2000,2008,3
62daf36d-d9f1-4430-9acc-f709de483888,2021,114616,2001,2017,4
55106425-29df-433f-ba47-69aed96a9c58,2021,113687,2001,2017,3
7a62c827-975c-4d38-a441-dd46483482f3,2021,108660,2001,2012,3
b220a285-833c-422d-95ad-70d1bfd242d3,2021,1265453,2001,2014,3
5084eb0d-bc15-4e48-ad72-a9e6245fb4ac,2021,95175,2001,2007,4
9d772dfc-bce6-45c7-b7cb-75083a47d4b1,2021,108660,2001,2017,3
37db231d-ba41-4b73-bc3b-2708596a2c41,2021,1322665,2001,2018,4
6176d3aa-645c-4322-be89-ed63ced5b0e1,2021,11730,2001,2006,4
9272a906-7c5b-49bf-9ccf-bbae90fe3efb,2021,1190071,2001,2015,4
8c94d55c-8954-4c37-8cb1-ae3ef742c7bb,2021,5000135,2001,2018,4
08118dba-8dcc-43ec-a6a5-bcfeea0a8f7e,2021,1187671,2001,2013,3
34ab66f3-d3bb-4616-8215-75563c2f45bc,2021,10515,2001,2008,4
f6cdfa5a-e678-4fde-86f8-1bc4a04a9eb9,2021,94762,2001,2013,4
b9b755a0-2bdc-49c9-b946-29382fe88cd7,2021,88068,2001,2021,4
d3df89a5-7435-4125-9272-c4015410603a,2021,9425,2001,2016,4
ef384c9f-5dd0-4bcb-b0e0-cbc0c3689e0e,2021,18671,2001,2014,1
222aa65f-7b28-418e-bd4f-0145b3c13353,2021,114616,2001,2020,4
ccf9c31d-5281-417f-b927-0a1d51b0af71,2021,968,2001,2015,2
f34bef73-1725-421d-9a76-29cc19e4a4d4,2021,317,2001,2010,2
7a224d38-231f-41e6-ba2a-00a155defe08,2021,98957,2001,2014,4
1227f039-e382-430d-9227-dd0453ce0560,2021,1288839,2001,2016,4
8adc1aa0-5144-40de-9f0b-def73ed69311,2021,117022,2001,2014,4
d05d17cc-83c4-415e-99fe-2fc6801470ff,2021,1267543,2001,2014,4
b8e9255c-1de1-4aa4-a751-7a56c39d5de7,2021,18903,2001,2018,4
c6bfeab9-965e-44ea-ba90-14c0dca667a2,2021,95175,2001,2018,4
afbdbe78-e40c-429d-859c-e06ba434f62b,2021,113687,2001,2018,3
ee2dab12-fdf0-4cd5-85a9-cd8d90f6e801,2021,94762,2001,2020,1
1254d030-b092-4d39-bf80-51317a169efb,2021,56172,2001,2016,4
1394df5d-936a-481a-945b-781b81e96fda,2021,118420,2001,2015,1
d63f943a-11ef-4761-b2c6-7bcec5f015c5,2021,1070485,2001,2018,4
bed81948-fd36-4ba0-a8ea-3de09b548215,2021,1102628,2001,2017,2
402dc360-502d-4ede-b938-855a7c91815d,2021,1288839,2001,2015,4
fe1185ad-0cc3-4538-b301-7cb34af8cb58,2021,11554,2001,2014,3
ba77cf73-10cd-4e2e-8599-abca5a8bc191,2021,318882,2001,2012,3
3d170bc4-5669-48c4-aa2a-d49f696382f1,2021,9440,2001,2014,4
3e879935-8a46-48a6-8951-df50b04f138c,2021,106996,2001,2014,4
a91dddc6-7b4f-41fd-b241-d403261b45a4,2021,1180773,2001,2016,2
1a917c19-185d-4196-96be-7a01c2b34880,2021,49054,2001,2010,4
c7f448df-a725-4c77-a586-ff3ab98526de,2021,1267543,2001,2014,4
7f3e88d3-a0f3-4e59-a00f-a07435431a5e,2021,37862,2001,2019,4
57c134ee-4edc-49b7-bdf5-5157fe1caa55,2021,22047,2001,2005,4
0018d2f3-3040-431d-9a54-075d9156fefe,2021,114616,2001,2015,4
7e6c2702-0fc7-4d7f-b9fe-f9c3944a4808,2021,5000135,2001,2016,4
89b407f9-39e2-4b88-8a10-b294cd0aa5de,2021,60886,2001,2016,4
3cc92b91-3fe6-49da-b9d7-440439125fa0,2021,113813,2001,2011,3
a41875d8-c8b9-4368-87eb-1d6815903507,2021,2209,2001,2011,1
996ebe7a-270a-4277-ba76-0573a54dd6be,2021,108660,2001,2017,3
5d961f99-747a-4d49-8d7e-a30017ec2e82,2021,1190071,2002,2013,4
a696e11e-dfbb-4e19-9fc2-6687dacf0689,2021,98957,2002,2018,4
e623eb39-802b-4073-9bd1-39da281702b4,2021,58808,2002,2018,4
5b61fa83-1f22-44f7-9710-1b892c62fe9b,2021,43664,2002,2013,4
f9ca4dd6-2b45-4a1c-a207-94fd2501471d,2021,98957,2002,2006,4
08f365ea-6291-41cd-a692-82b255d62ceb,2021,1376181,2002,2017,4
25cae5ad-5c00-4f08-9f82-bee7eef02f89,2021,91262,2002,2010,3
b83624c2-bc9a-481b-af6f-c82b60aa53ee,2021,103062,2002,2013,1
1b4dafae-cb25-4a43-ace1-49c451a09b26,2021,67601,2002,2017,4
0d3897a6-4b21-4e90-ab88-c28a4b15e5eb,2021,86326,2002,2008,4
b332f0b6-ab69-4fcd-9ee0-6ad230355f51,2021,86326,2002,2015,4
358bb5ae-361d-4703-ac4d-d607612cf4ba,2021,101942,2002,2014,2
f08a6359-3e21-459f-8498-9c4b4151c89a,2021,50082,2002,2017,4
a7650a17-49b2-4f5b-a55a-bc69b8ac23f4,2021,55777,2002,2015,4
5ba8cab8-356e-4f2f-a2a2-9dbef8346714,2021,95017,2002,2008,1
e85447ac-fa1a-4c80-8ad7-fd9dfe11e98c,2021,117022,2002,2014,4
86a029ba-9b7a-4ffc-83f6-1b452b35f74a,2021,13401,2002,2012,3
ec95d078-3f64-4324-93b9-65ed1a81d869,2021,1376181,2002,2018,4
555ca0bb-999e-449c-952a-f93d38db7290,2021,43664,2002,2018,4
9608f4bd-a3b7-4dae-a25d-e6b47f8b351a,2021,10515,2002,2004,4
025f200c-e1e3-4101-aa0f-40cbb9a85024,2021,113687,2002,2017,3
4d193bf4-ee5f-4e69-9516-fe2d3d61d732,2021,118420,2002,2012,1
d1fe4cae-1df7-4b94-9687-fbcb7d318260,2021,47051,2002,2017,4
271ccc50-f453-48dd-85ce-39884af30d33,2021,90030,2002,2016,4
29e17796-073e-490e-a892-c4859236b897,2021,22047,2002,2019,4
7c841948-4618-4e14-836a-8a7d442d4491,2021,9425,2002,2017,4
62dfc047-7096-4e8e-9c85-2fc67508ff83,2021,108660,2002,2017,3
d01ed2b9-3e6d-4df9-af51-bbeba1460fca,2021,1190071,2002,2013,4
845475bc-75e3-4c8d-9bc8-fc4c59e20134,2021,98595,2002,2014,4
e263311c-ed9f-4bc6-bac7-6766c0b30f81,2021,1204325,2002,2017,4
b6223e81-9568-4a0a-b47e-1da574e2cdd1,2021,108660,2002,2012,3
b19b4965-f1ec-4d9b-836b-3ac7067a4e51,2021,95017,2002,2015,1
830078d4-40d7-4711-af28-3943977f3111,2021,13216,2002,2013,2
0c793ca6-a99f-4e84-8adf-6c3de75747d9,2021,68930,2002,2018,4
281b7f3b-2580-463f-aecb-860d8bd747a2,2021,1190071,2002,2016,4
7e060454-948e-4133-aefb-83a2357cdda2,2021,101942,2002,2020,2
c234a54b-c781-44d7-8d9a-1e6f1a6ec38c,2021,21464,2002,2016,4
2491c1d8-959d-472d-a9a0-dd1e4e92f0a2,2021,11730,2002,2016,1
1c5c21ea-16b3-4d72-80d0-ea9a2673fdd4,2021,88084,2002,2016,4
c818eb0d-94d0-4b63-87f9-ee0a54476e83,2021,73898,2002,2017,4
6be61e71-7507-4502-b0dd-05822bfd0702,2021,37862,2002,2004,1
056e1642-8037-4431-bc92-943f58a2df03,2021,113455,2002,2014,4
30f9d169-7041-44ac-a24b-51537943147c,2021,1110857,2002,2015,4
8b7add04-f01d-4297-a917-02b6f2c7def8,2021,94762,2002,2012,4
2d147b00-4cba-46ad-8e37-a79203f9c924,2021,37862,2002,2003,4
34c1efee-0017-47b6-946f-93d92843174b,2021,95175,2002,2011,4
c5d4ba4e-0d9b-445b-8872-f4aeba759d2b,2021,98595,2002,2009,4
fd3b32c2-31e4-45c4-b744-834c2b6230ea,2021,5000135,2002,2015,4
fbf861ea-3325-45e1-aff0-997f8464bc52,2021,60886,2002,2018,4
14c9a0b6-a131-4cbc-aa64-4e578575bd6c,2021,10515,2002,2005,4
4469670b-f4ca-4a66-b3ae-2344df5811e8,2021,99406,2002,2009,4
2451cda5-b3dd-4dc5-b960-66744c62fd9e,2021,5000135,2002,2010,4
7a38c8d9-b4a6-41a8-bd3f-b463a98fb64e,2021,94762,2002,2014,4
8640a983-2442-42a8-80b0-e89f7e9cf2f4,2021,94762,2002,2018,4
de003a3c-c145-48cb-a94a-267ce811e10d,2021,17886,2002,2015,4
473be13f-57f8-4a91-bc50-e3c43a2bd17a,2021,108660,2002,2014,3
17f9660d-87d4-4cf5-b42f-b0e462a74aca,2021,108660,2002,2017,3
c0204a59-0ec7-48c0-8376-4f0291d0e5d5,2021,108660,2002,2010,3
0f5d98f9-67f6-4779-a473-1faf2c9a5cf7,2021,108660,2002,2017,3
b5b4e3f4-4626-4697-addf-421e542eda88,2021,108660,2002,2014,3
7bc40bfe-7e94-4397-80d3-db62e2dce4e2,2021,108660,2002,2012,3
c3f0936b-dd3a-46e8-9dcc-de9b7d097fe9,2021,43664,2003,2017,1
2d3fe1b2-1b3a-427c-9436-188c722d3c01,2021,37862,2003,2004,4
c8019ab1-a312-4871-aa0f-f6a51784089b,2021,37862,2003,2004,4
1794f840-7b6d-4ab7-911f-a9503af59bcc,2021,19047,2003,2021,4
d7b93fa2-d76e-46cf-a6a3-64410481ae1c,2021,11452,2003,2017,2
8bceadd3-6d34-4d30-845c-786f527a8270,2021,106996,2003,2014,4
6afe96ce-e9fb-4962-868e-6555f2545d54,2021,20030,2003,2016,4
e6c27330-477a-49fb-9004-a99962376511,2021,1117717,2003,2016,4
eef7ef4b-c0cb-49b3-8483-df24b177b7a9,2021,1101244,2003,2014,4
95cd153f-c3fc-4385-b855-90c79e4e454f,2021,37862,2003,2017,4
9cf2aa89-5d39-4f2c-bc0d-a15567bc4fae,2021,1181115,2003,2015,2
96a6d660-c662-439c-9b9d-ec4dbec85d9d,2021,1322390,2003,2018,4
c27821f7-2f6a-4c1c-9a5a-8e08a5aa7312,2021,94762,2003,2018,4
637e8e14-ee83-4a04-816f-8746202c082b,2021,108660,2003,2017,3
009ef31f-7666-4548-bc5f-0b06f1358131,2021,118994,2003,2017,4
d42a43f1-c124-453a-98a5-02212569c471,2021,108660,2003,2017,3
746bff58-227c-4546-b909-a83972659a26,2021,108660,2003,2017,3
8e2707c8-f1e6-48dd-87f3-fbb984082aa7,2021,1101244,2003,2013,4
510d6c69-a604-46fb-b24b-bd0a5be4c4e3,2021,118468,2003,2015,4
1eaff72d-cb16-4e64-ae8c-122dc105fa5b,2021,20756,2003,2016,4
20f1d110-09e4-4305-8bd4-d1ccf3849e12,2021,47051,2003,2004,4
6e1010ce-15b5-4f1c-9822-fc0eaedde97b,2021,41238,2003,2020,3
f507acd8-54ae-40bb-81ec-1ea6ffddde0d,2021,11730,2003,2005,1
0b3181b4-2732-4d38-b962-ee174952a151,2021,18683,2003,2017,2
982a416c-2312-44f1-bc46-41fc41d21aad,2021,1204325,2003,2017,4
71b9a6f9-3c7f-461d-88d0-64ffb49b6cd3,2021,98957,2003,2018,4
f756596c-6454-41e1-9636-8765b95c4c25,2021,5000143,2003,2012,3
880acb87-434b-4cd6-8da9-2b7e3cbcbaa3,2021,21464,2003,2014,4
b4757257-9afd-4f8c-a52c-f2a047aa3a70,2021,99406,2003,2013,4
219150ee-a507-470d-b35e-89199107289c,2021,95175,2003,2013,4
91fc5495-58d7-45e8-9b4f-9d3462a03474,2021,108660,2003,2017,3
cd963b36-0a11-45f9-8584-65e54cd1eb7e,2021,108660,2003,2017,3
b060d43a-98ce-4422-8215-5fd1e4e140a4,2021,5000135,2003,2014,4
edc7bc1f-6b76-4fe7-86b1-0fba08d7d450,2021,11452,2003,2013,2
44bcf1ba-1de2-4458-9030-d9d42b8cfbab,2021,1288002,2003,2018,3
04e542e5-8223-42d7-b971-065d2b2639c4,2021,48675,2003,2015,4
02137232-742d-4a81-9a58-b98421de341a,2021,48675,2003,2008,4
04f3c39f-0ed0-45fa-a186-8d9a3de9e6bb,2021,13277,2003,2013,3
752a0b9a-c339-42b1-9149-ca7c6e67e390,2021,116770,2003,2016,3
7f275510-327c-4573-980d-189d3c92230b,2021,116770,2003,2014,3
cef104ee-dc65-450b-a5b0-b9172a8e00cd,2021,5000135,2003,2014,4
a3fae59d-977e-42fc-ba39-f8917bbb41d7,2021,1136142,2003,2016,3
2bd41545-123d-4bac-8f14-40b71a10b575,2021,117022,2003,2014,4
9daf751c-2962-40c4-8300-32f0ef2cfd92,2021,1265453,2003,2017,3
38386221-9064-421a-a1c9-d2b81047b21c,2021,118420,2003,2011,1
a23a60ed-4246-4860-99c3-aaaebb63870b,2021,21464,2003,2011,4
5d163698-3ee5-455c-ae52-ca16c5bf2cb7,2021,21464,2003,2019,4
05229d0b-cad1-4fa9-a130-8ee763dffe59,2021,1132918,2003,2014,4
9d52a8f2-cb0d-4240-b9b0-f7445c402c31,2021,10515,2003,2006,4
17696b49-f3be-41b3-a6c1-644218a0cba7,2021,113813,2003,2010,3
9657e3f4-f02a-45bd-9812-6bcda1eb0460,2021,55777,2003,2017,4
a700a35d-4def-4801-ae3b-e55a1bc24565,2021,5000143,2003,2009,3
5675c7f9-6180-4394-9a0a-0752633fbf16,2021,1265453,2003,2014,4
2a877675-41df-487d-9e16-7c3b6b22055c,2021,1180773,2003,2015,1
68ad010d-a8d5-4788-a7c2-35ed1f669745,2021,1102628,2003,2010,2
589e3d9b-982f-414e-af24-7016463a9c51,2021,113455,2003,2013,4
83d641ca-d356-41f6-90ce-34d3d17b9322,2021,94762,2003,2013,4
292e638b-1f75-4d6d-9dc4-d3ed3981b210,2021,94762,2003,2012,4
d3832e7c-3aa7-4de0-af51-a64de674ec42,2021,94762,2003,2012,4
d00b32e7-a4d1-488f-90f6-4265bd999777,2021,94762,2003,2020,1
9d694ca0-ed87-468f-9d8e-39513ab8077b,2021,1181327,2003,2017,3
7eba2b37-6ed4-4288-b5e6-d63facf662a4,2021,37862,2003,2004,4
86ad6f81-3f7d-409e-899b-8e0509b63abf,2021,51020,2003,2017,4
840204bb-7f86-40d1-8bdb-3c6669f4852f,2021,113687,2003,2015,3
85fe1d2e-3525-4612-a37f-2d034cfd9548,2021,113687,2003,2017,3
f0b4ae9f-dbb5-4193-89bf-b5d9944a219c,2021,20030,2003,2014,4
28ee8fc7-1e24-4635-bdc4-98e6edd0e8c4,2021,94455,2003,2011,4
fe071d34-73fe-4ee7-919a-a3c7f152579a,2021,64664,2003,2019,4
a9040736-c3bb-4958-9b9d-e3de333244a0,2021,60886,2003,2016,4
444446a5-38c9-4d48-a1dd-20f047f17c3e,2021,60886,2003,2016,4
4807dceb-0c63-4390-bb39-44fbaefc1d34,2021,60886,2003,2012,4
e9a57fe0-d53a-4943-a6a0-e8109e527360,2021,5000951,2003,2018,4
08908795-ba7a-4106-883d-92981572469f,2021,43664,2003,2012,4
5bcd77ad-ae13-4be4-8dce-c3736605962f,2021,1047907,2003,2010,4
f5040d30-8eff-4975-9f1d-4415e50ca209,2021,17886,2003,2007,4
5dcb5adc-5629-48b3-b127-e0a5aae03564,2021,22061,2003,2007,4
46a9d6aa-37b2-4149-a066-508adbcb1104,2021,9425,2003,2010,4
020dbf46-bc92-4478-8ebe-3f44cfd1aa90,2021,108660,2003,2017,3
ae744e98-2a78-4704-a601-66dbefd07c11,2021,108660,2003,2008,3
53593136-f9d0-46c5-90a2-654e6d36472a,2021,108660,2003,2014,3
994bbe51-d911-4946-bc44-4aa71d18fd00,2021,9425,2003,2018,4
63405bef-fb30-45da-852a-f145bd7523c5,2021,18671,2004,2016,1
6748f9bf-68bb-484f-99d6-c5737deb2de6,2021,50981,2004,2018,4
1f4a21cf-a91f-45e1-a8b5-fd3517f4e749,2021,106996,2004,2014,4
ce8c4900-e79a-4afa-96e7-eefe80d08916,2021,64664,2004,2015,4
3c971804-9af5-41ee-8bcd-c8913ca5606d,2021,1322390,2004,2018,4
cb07b2af-4ac1-4d7c-ad86-4a68bfff1ec4,2021,1190071,2004,2013,4
c5ae3513-3a5d-4ad4-940d-25a7741848ea,2021,117022,2004,2017,4
6a0e2847-a4bc-4a00-92f6-b309f86fa811,2021,1181115,2004,2015,2
5cbe6c41-e6af-4f81-9d37-1c8c6322b073,2021,1258063,2004,2020,4
54dd8d47-c13b-46a2-a7b8-68903e79d80f,2021,1283028,2004,2018,4
d4f68775-2fdf-4706-ae69-6071d5f362e5,2021,1267543,2004,2014,4
8dcd7c0e-b928-4583-a907-455ba6fff73f,2021,43664,2004,2018,4
fee83352-51ac-4679-890e-727b5d967993,2021,106996,2004,2020,4
cf35bfab-41bc-4e2c-99e4-4b808855999c,2021,116770,2004,2018,3
b91d3606-89fa-4c73-b696-21f41c350658,2021,1103723,2004,2015,4
4691d96a-1507-40bb-8a87-53155a3f5a58,2021,1118057,2004,2012,4
7ba2a6a2-8d60-4376-a9ac-11ae30a945e3,2021,47505,2004,2017,4
b6562357-0ba4-4e3b-a0f8-82268e639c2f,2021,113687,2004,2017,3
d70dd6d1-fc69-40ab-bdcc-281e491a9411,2021,91181,2004,2009,4
6552e6d3-3142-42ff-aa94-f804e8588d68,2021,11452,2004,2014,2
3d60fbe3-7488-4b1f-a3f3-613e05421837,2021,317,2004,2011,2
fb86f6f1-32e0-4c61-b3c2-5f28c63bf125,2021,49054,2004,2011,4
743b6edd-ba4a-4417-bf28-54b5237077c7,2021,10515,2004,2008,4
ae15bda2-83f5-4cb0-8c7c-7b997948cc44,2021,1103723,2004,2018,4
2197c282-70e5-432c-8645-9233b814b5af,2021,20756,2004,2012,4
59c9d1cc-7d8d-4a39-bcc4-0f63b4af00ea,2021,1427745,2004,2018,4
44b09e44-1472-401c-a205-390e1c2ac2cf,2021,20239,2004,2015,3
5c275689-d6d5-49fc-bd3b-6eaf56c5e79a,2021,11730,2004,2015,1
96d6c809-48e9-4d3a-be67-dce647c2ce2f,2021,1283028,2004,2018,4
6b458feb-ea9b-4600-923c-4a5a75c2d37d,2021,2209,2004,2019,1
3ba53d80-7d67-4304-848f-c00b2aeafe24,2021,108660,2004,2017,3
58d25da7-09ea-4d5b-a675-3898da54b466,2021,103062,2004,2014,1
5b809268-d72f-4269-8fcd-4301c2e1d5fb,2021,107422,2004,2017,4
bbc45619-b502-4b6b-8351-6b280b99a936,2021,1330347,2004,2018,3
5a143359-8a39-418c-9c49-053965edcbd5,2021,113455,2004,2015,4
df44a6a9-c069-448a-8b4d-e1d9fc530436,2021,1181327,2004,2015,3
33bfe4ef-9b50-4cad-843a-d5f3b986519e,2021,11452,2004,2012,2
fb492b83-0301-4f0e-816c-2d8c7d89495e,2021,513,2004,2008,1
6cd0c3ec-8d08-449b-ac67-676d8d60ae81,2021,101942,2004,2020,2
9a8e76ea-6a3d-46f8-a31c-35b03a2bef44,2021,101942,2004,2020,2
fe51e735-faa3-4cb8-bc8e-69b0c4a615dd,2021,1267543,2004,2016,4
2dccb818-aeff-42f1-b7ca-4b36635f26b6,2021,1103723,2004,2015,4
52f2afe1-18d8-45a8-a2ed-221d881b329c,2021,67092,2004,2016,4
084dfbe3-5f8b-4f40-a6d9-7ccba5e7fe32,2021,11730,2004,2005,4
4d817a86-1f76-4ef3-a929-abc280291890,2021,106996,2004,2007,4
8cb1ed25-6e9c-4ee8-b139-9ba92c18f4c2,2021,94762,2004,2007,4
957bc9a1-a829-4b98-b68c-8b4621e54edb,2021,94762,2004,2020,4
0266a496-d08b-41ef-89a0-1e7e9e012c98,2021,48675,2004,2011,4
28a86128-d2f4-4e42-89c4-9c271b5e1ebb,2021,37862,2004,2005,1
557daa00-a993-4d29-9f47-a1b0de5e371b,2021,56172,2004,2017,4
6c9b3337-70bb-4857-9e73-46919e003625,2021,1047907,2004,2015,4
6f5492d0-25b7-4dd9-aac3-5387d117acd9,2021,1103723,2004,2020,4
ef466e31-d03f-4d0d-b3a1-1ebd2e1973db,2021,117532,2004,2014,4
1aca17f0-b814-4ecf-a754-02c14ea71082,2021,114616,2004,2015,4
61a02635-2da7-4225-b354-3cc70ba45115,2021,95175,2004,2018,4
a6be053b-74fa-42c9-aca1-70a5758cacff,2021,95175,2004,2009,4
d27b1628-f968-47f6-9443-68c815f9986c,2021,20009,2004,2018,4
f32c012b-b2bd-4776-a653-3050f10b4d55,2021,1190071,2004,2014,4
b8191d31-8caf-4de9-b35a-9c850d66f0c7,2021,1190071,2004,2014,4
41c2e366-f49c-4119-9d3c-c8cfbdea1c2e,2021,116770,2004,2020,3
893f3358-570a-4f17-83a3-0fd6d327b405,2021,116770,2004,2021,3
d3c7913d-9916-49e9-9696-0021054d88bd,2021,116770,2004,2017,3
42a1d8da-b2b9-4b8c-9bd4-d1e47d352733,2021,10515,2004,2006,4
64a52f87-40a2-4634-9c1a-c753970d8e2c,2021,99406,2004,2010,4
608298fe-e90e-4271-932c-f090ed9ac409,2021,2209,2004,2006,1
d0d3301f-3e74-4e8c-a99f-eec415da2498,2021,1042278,2004,2015,4
5f6800a3-175f-47bc-9737-86596c8b6f38,2021,968,2004,2012,4
69230639-308f-47cc-861a-013e22d6b5bd,2021,108660,2004,2014,3
bbc98012-b01a-4f97-87fd-22bbbd9cff6f,2021,108660,2004,2008,3
558acd5d-40da-4ef1-97bd-e4e791f308e9,2021,9425,2004,2006,4
cf97b657-067e-4be9-8d38-b715af6e54d8,2021,98764,2004,2017,4
11105581-de22-4734-981a-2d7e779a62b7,2021,98764,2004,2017,4
8190c23b-c219-419c-a6ea-17bf18cdbd1c,2021,1265453,2005,2014,4
88f51fc5-b452-492e-a878-8281f2d3fa2b,2021,9425,2005,2018,4
e05d7f99-51a7-45c2-8b2b-d044c1ea4af2,2021,106996,2005,2010,4
6958d5f6-9d2f-402d-9671-26e1394e80cc,2021,1258063,2005,2016,1
688c3e7d-39f6-4c4c-8c45-1b2e105b14ff,2021,37862,2005,2006,4
c66be236-d011-43ec-beee-44ea75e68871,2021,1181115,2005,2015,2
ea36587a-3964-4c7a-9cc0-98410626ae65,2021,57606,2005,2018,3
919bb53b-abb0-4b4b-a8c9-a1100dca8e86,2021,1314243,2005,2016,2
eefa9245-4412-478b-9aec-88083a57632f,2021,1181327,2005,2013,3
7b95b31e-b918-4025-af78-8223cf76d6ad,2021,67601,2005,2015,4
9d044e32-818f-4770-b72c-75e4fd8de84c,2021,113455,2005,2015,4
3c1ca3a7-989d-486b-a25b-15e63fe858d8,2021,90030,2005,2016,4
77434760-b56a-4fe4-a8cd-d22fc6b50882,2021,1265453,2005,2016,4
8b6c37a5-0427-4adb-8e4f-d33f05424b5e,2021,968,2005,2016,2
0d3f313f-e5cb-4095-bf71-b2d73fc7a419,2021,1136142,2005,2016,3
581dce29-bc7b-4137-9f62-7e935d6dc9af,2021,88068,2005,2018,4
fc0a3eb8-6bfc-4f5e-8580-1af7598566fe,2021,1318224,2005,2016,4
a36d92b8-ca60-4e46-b513-37e38d9cc3d2,2021,19042,2005,2006,1
a84f27bb-718c-435d-96f8-b90be1a094a8,2021,95175,2005,2007,4
de2b338d-60e2-4833-a545-83d0c9464a13,2021,58808,2005,2018,4
89bd822e-ffe7-4c8a-8ef6-d15a2961e16d,2021,513,2005,2007,1
4024af89-08f6-4743-aafb-a55cd85762f0,2021,48205,2005,2018,4
b9c5ff82-55a8-47bb-93f1-291645e865fc,2021,20030,2005,2018,4
936264cb-0e69-47d8-b0e5-4730f8261f24,2021,10515,2005,2006,4
d82ddfe2-5a56-4569-aef8-18da45e77397,2021,97778,2005,2013,3
012e7679-831a-498e-9ee8-44311f3948b4,2021,2209,2005,2015,1
2333ff62-ee75-4a76-876d-a2c5a4a1c73f,2021,1288839,2005,2014,4
abd1b39e-20e8-47c3-a64e-0afe0f9425ee,2021,94762,2005,2018,1
7e996f84-bcb4-45fd-b17d-18d2119b5e19,2021,968,2005,2018,4
3b2d45b7-db5b-454a-be3b-08c8a23cc8bb,2021,47478,2005,2015,4
ba55831b-5bf8-4d7c-a6a9-a9336d81b5f3,2021,49054,2005,2008,4
74c97217-0cab-4a99-9d6e-fe95d1999b08,2021,86326,2005,2010,4
08a50799-7c36-402f-bd80-c8362430a024,2021,1427745,2005,2018,4
a8a22723-7098-4301-b97b-31548d14b639,2021,13401,2005,2017,3
50574980-df81-479a-b650-73f6b41f1225,2021,1181115,2005,2015,2
d29912fb-a828-498e-9fd4-cb541adf4334,2021,108660,2005,2014,3
3b563d83-82ea-407b-a976-087a8abd5237,2021,1047907,2005,2015,4
bbe24ba5-81f8-4980-a46b-4b3d03eeb2db,2021,108660,2005,2017,3
cc301486-5551-4592-8a40-cfd7344dceba,2021,97778,2005,2015,3
f9c94b89-c2e2-4e4a-89f2-b4648fa798db,2021,83388,2005,2019,4
d66cd99d-cfe3-40c8-88ba-a754729c5bb3,2021,114616,2005,2018,4
f97cb90e-f56e-4c99-a7d2-5701cd822580,2021,54934,2005,2007,4
8f4ed9d7-5408-4370-9336-dc6894a0dea5,2021,57606,2005,2018,3
46b02149-3b98-4523-8937-5faea01ea45f,2021,91181,2005,2009,4
e6c37487-b0d9-43cf-b727-184990e6378d,2021,13216,2005,2015,1
151a01d6-b42e-4797-a9e0-0b7cbf6fb0c7,2021,9425,2005,2014,4
b070964b-cf01-4aa6-b3e8-c68ae3736f8a,2021,1204325,2005,2018,4
a0f5cd48-e020-4dda-a6b4-54d15102eafd,2021,94762,2005,2018,4
e7bb812b-9868-497e-a938-865b86571125,2021,1427745,2005,2018,4
fdd0f455-0753-4f9a-82ac-2f07f532740f,2021,1101244,2005,2014,4
f6bdd42a-49e4-4ab1-8b80-9284f79514c6,2021,1181327,2005,2012,3
13b8498c-2639-4683-ad2d-5343a0be6797,2021,62484,2005,2012,1
58a81b87-e142-4ef6-a19b-ad5f8957f4a7,2021,101942,2005,2020,2
25e67736-f42f-46fe-8b27-c7ab4affafe0,2021,47051,2005,2008,4
136500db-ea9f-4d5e-a31f-04d76f093647,2021,113813,2005,2013,3
588e83bd-cf27-43e4-b0e2-7b816eed01f4,2021,94762,2005,2021,4
85844d39-4302-4af6-8347-11794f3ed0fa,2021,99820,2005,2017,4
e2d68514-e284-47e5-ad04-732f60c4d45e,2021,117532,2005,2018,4
b0cb3604-870f-4112-8b17-5cb3399e7b22,2021,513,2005,2008,1
ebe665dd-bb03-4cb5-b208-d06ce74d8337,2021,1322390,2005,2019,1
3102bfe6-8ece-4ccd-915c-bd165ec5df9d,2021,59122,2005,2009,4
8c8cdfdb-ad94-4de2-84e9-c24a77491baa,2021,1101244,2005,2014,4
10a7f8c0-a663-4170-99be-ad82ef56476b,2021,47069,2005,2011,1
5005179c-56fa-4469-ad07-29cfd0865204,2021,86318,2005,2014,1
2f7351b4-e8b9-4b39-a7b1-4600fd5bd41c,2021,86318,2005,2018,1
5032f811-a3e5-41f6-a612-f4b71464dc97,2021,86326,2005,2008,4
63a3ecb0-ef70-489a-af8c-7e6af2aa5d28,2021,86326,2005,2009,4
ce855534-28a4-4046-9f6e-7efb05fbcd8b,2021,73898,2005,2011,4
60bfd71a-1780-4bc3-b161-0deee313def1,2021,50082,2005,2017,4
556524e7-c8c6-4745-b153-1967d7b0fbe1,2021,21464,2005,2010,4
4fa71c6b-3fbe-4abb-b163-d7dfb3dcffd5,2021,21464,2005,2014,4
efaa087b-9ccb-4317-8305-5f57000cc3c0,2021,1190071,2005,2013,1
cb0e5723-c737-4d9c-8fcd-5dda9e9cc45d,2021,107360,2005,2015,3
865d88f5-7e95-4e35-8054-8d2ea55fe2cd,2021,11730,2005,2006,4
81009251-ce81-41c4-b35c-1408c8a60618,2021,1180773,2005,2017,1
3dac2bff-9ea9-42d3-9845-7ae6b622f29a,2021,101830,2005,2011,4
c52217ee-8656-4d45-9792-1f1379034eb4,2021,1180773,2005,2015,1
90d1a9f1-fe63-4ecc-89d5-45ceeb82ecd4,2021,118420,2005,2014,1
be8c2a29-a49c-42e1-8ec5-ed0932da66fe,2021,113455,2005,2013,4
25dcee39-a6c3-47bd-abb7-81e24cd04745,2021,1110857,2005,2012,4
fae65f6c-63bc-466f-99f5-f8292f3bf44d,2021,1181327,2005,2012,3
0da930c1-bcab-410f-b27d-edd6598561b0,2021,94762,2005,2012,4
3827be28-71b4-4120-9a01-f20ac564bbb5,2021,94762,2005,2013,4
86e001b6-f517-40ea-a008-332b1b3cf6dd,2021,20009,2005,2019,4
7cf698c7-9a79-4f31-8ec5-db862b4f2888,2021,1132918,2005,2012,4
5eae982c-b1d3-434c-8603-61d1887810fd,2021,37862,2005,2005,1
e2cd503f-a4bb-4f99-bf06-73d811e366d5,2021,97778,2005,2018,3
6a6188ba-ee05-46b6-86fd-39c90d83d053,2021,113687,2005,2015,3
349d71b9-8694-41ea-9bce-2e9ccb2acd67,2021,98595,2005,2014,4
b617e2b6-7c34-4608-912d-010518db43a8,2021,98595,2005,2018,4
a45686b3-7a24-4a8d-a18a-3532d5404b8b,2021,98595,2005,2016,4
d4eb237e-5400-44fb-a4c7-b154bf8d38d0,2021,1101244,2005,2015,4
d768bbaa-e6e3-4d6d-83f0-25c0c241728c,2021,116770,2005,2020,3
8fe5a008-aedc-4ad7-b9f0-e98c207b13bf,2021,60886,2005,2015,4
285991ca-cf78-48fe-bc24-1d327aea03ec,2021,1270680,2005,2016,4
fda91bbc-01cf-4e6c-9b4d-decd3fbd44ef,2021,5000135,2005,2012,4
db257b5a-4f20-4892-aa7d-c124803ed573,2021,2209,2005,2012,1
7f917a8f-2100-45bf-88dc-808d7254b94d,2021,17886,2005,2012,4
7aa5ce6b-ac36-498c-b801-606ed2be34bb,2021,17886,2005,2009,4
de76ce50-db69-4718-a57b-a3ca1fe96c75,2021,9425,2005,2007,4
fd15e4f2-6899-42b5-82b3-c355d56740c4,2021,49054,2005,2007,4
72e16e68-e4f1-4738-b0f6-8bb51110c0cd,2021,49054,2005,2010,4
a9c98e51-fdb1-4558-892a-b6c7e9847899,2021,49054,2005,2008,4
77f70e51-855b-4c04-a95a-32f65ff851df,2021,968,2005,2010,4
e7b41875-354c-4331-8089-dbfa82613c2b,2021,108660,2005,2017,3
c400541e-2899-4de8-808a-fdba1400126f,2021,108660,2005,2017,3
3d891502-95c6-46e4-8ab0-ade8fd6d43ec,2021,108660,2005,2017,3
c1f40587-665b-4e03-be8a-3758cb85ba86,2021,108660,2005,2017,3
7ccb2bc5-9d63-4184-8da1-38cfb5748a4f,2021,108660,2005,2008,3
e352299d-7c80-4678-8617-53c6d8165c69,2021,108660,2005,2014,3
82209266-466c-4c48-87fb-f7445e6a0c66,2021,1181115,2006,2014,2
da17d2cb-ab89-4c82-8a05-5c96af33184a,2021,47505,2006,2017,4
513f2a0a-5e2b-4629-a167-2c34c8ae9a43,2021,106996,2006,2007,4
53294a2c-dcd2-4bde-97a9-3c91475c5f5a,2021,1351760,2006,2018,4
d7516f00-0a09-4839-8ea2-e4532739a82f,2021,108660,2006,2017,3
f62bd623-725a-4175-aea9-682f1dff66ab,2021,317,2006,2007,2
d76db108-ed46-4a5e-884e-fabb1248d771,2021,98305,2006,2010,3
780e4fe2-f406-4212-8a18-af435521a9cf,2021,113687,2006,2017,3
f6b22b17-f256-4e87-9ac9-88b95d4d35aa,2021,108660,2006,2017,3
2df35fea-474f-4b7d-8bc2-03490bb08533,2021,1376131,2006,2016,4
c8d8bea3-f437-4c16-919d-c50906d92a54,2021,20933,2006,2013,3
2e129dd2-f115-452d-a909-441694d8e3f0,2021,1322390,2006,2018,4
3199c8d3-8c2f-4b6f-a9ea-9ff130bdd899,2021,1187671,2006,2013,3
bab79739-a2db-4da7-b137-7b83a5c02ba0,2021,11730,2006,2012,4
be2116db-a53f-46c6-8975-1b9cfb9f123f,2021,48675,2006,2014,4
27046dc4-cdc7-45ba-8606-c7aa71821577,2021,20933,2006,2017,3
13923f99-2291-4659-8713-3f5108df64f0,2021,1322390,2006,2018,4
8626d58a-bbc9-44b5-9ecb-7aaa284398ad,2021,57612,2006,2009,4
724a28c2-de19-4f11-90ea-5dba262c8f64,2021,1047907,2006,2018,4
da531d62-bb24-4c44-bcb5-3be2e72d6e10,2021,97443,2006,2017,4
83fde192-b459-464e-b845-e0fef09e48d1,2021,1267543,2006,2014,4
15db0847-1981-4811-8b32-c2fc91469486,2021,1101244,2006,2014,4
036a1f14-f2d5-4a3a-99ca-ec020ddbf0a3,2021,1102628,2006,2014,2
5aff255a-3186-4be8-bd08-9a6f0e5ef1b1,2021,108660,2006,2017,3
ab50bf04-530d-4295-8ccd-5a77b0104618,2021,95175,2006,2018,4
70ca7027-5efe-4b52-8e65-aa979782c23e,2021,1118057,2006,2016,4
c0698de7-c6c9-4539-81d1-b666238df032,2021,113455,2006,2013,4
a97877b7-aa41-4cf4-96e7-d1381d68c6d3,2021,49054,2006,2013,4
2673afa3-1007-419d-ba9d-0c56ce1345a7,2021,57606,2006,2013,3
224fd1d9-aa98-4d8d-bb56-9f450a2d9caa,2021,13401,2006,2014,3
26a5440a-d717-4780-9c89-b158b4f2cd3e,2021,1265453,2006,2015,3
ea698e86-5e99-4a47-ac4b-b77e37ab9595,2021,108660,2006,2014,3
cee56203-8a06-443b-ad70-a5472dca41a6,2021,97443,2006,2018,4
6e7cf35a-3664-442a-896b-80c4170c854f,2021,19047,2006,2018,4
591787c7-2c56-4124-88bb-749f00a3ff76,2021,5000143,2006,2016,3
db276e68-4045-4774-a033-89eacd29c172,2021,108660,2006,2017,3
aef2bc3d-6032-4e40-8665-26fd7b6f6538,2021,94762,2006,2020,4
1e78b3fc-96f8-47ea-bccd-27c81d5f8489,2021,1102628,2006,2014,2
c115ec3c-08fd-43d8-9229-7adf321234de,2021,1190071,2006,2017,3
5ceb890b-9260-47c7-9664-70ff956f192d,2021,1118057,2006,2016,4
01c9edc9-a6b8-49a9-8cba-5820f6ef0cfd,2021,1181327,2006,2012,3
8fabae3b-8d0a-4293-8c82-2b23be541e33,2021,1314243,2006,2015,2
2b387c05-aa56-429f-8d08-4692908f7b93,2021,117022,2006,2021,4
4c4fd27e-2c47-484a-ac59-490055769d0b,2021,97778,2006,2013,3
af60919d-cc12-446b-a65c-04501db73048,2021,49054,2006,2017,4
5c55d722-1ef7-4934-b5da-e0f7eed9c329,2021,1322665,2006,2016,4
722295e6-e5fd-4e23-98e8-6dcdc5769992,2021,10515,2006,2007,4
8d616469-74ae-402b-b379-be50511e50fd,2021,56172,2006,2019,4
cb7d4656-d759-4b50-a54c-c68f78c10230,2021,94762,2006,2011,4
1f86aeeb-2f61-4ad2-85e0-8a93adf1d5e6,2021,20030,2006,2007,4
b1e467ef-4527-4f41-99f3-a38f761246e3,2021,118420,2006,2011,1
4256f0eb-8881-42af-8397-b79c77ae01de,2021,13216,2006,2009,2
f414a3f7-743b-473a-81c2-26758c637d00,2021,19042,2006,2010,1
869b4ee8-69ae-48d0-9fff-1ca35efb7c7d,2021,317,2006,2013,2
c2fa76d6-1c58-48ea-a4f3-93992c5417b6,2021,97443,2006,2013,4
5dc99e52-2596-499f-b01c-e96df40dc7d7,2021,41238,2006,2019,3
ac7eb986-f5e9-4947-8511-522e02916cf8,2021,1102628,2006,2013,2
5c7a263c-a653-4797-9eb0-5f2245146e4f,2021,99406,2006,2010,4
5045caf4-f51b-4bd3-87e5-e21b80060b85,2021,1117717,2006,2017,4
c04ca9f9-12a2-4816-91fe-5eb986743a7f,2021,1181115,2006,2017,2
6ae7d977-c59b-428b-a5ee-eb5354840303,2021,95017,2006,2020,1
f006bbe6-d190-4286-82d2-8640bdb3a7a5,2021,11452,2006,2016,2
10c0e721-7cb0-4910-94c3-5c4b0723898a,2021,1132918,2006,2012,4
ba0ddbb0-c3b2-4200-a09d-ac3abf53c3b6,2021,13595,2006,2014,3
7f2a732b-6b5f-45ff-b407-2379dfed0357,2021,1288002,2006,2018,3
1f56939d-9b7a-4996-9e56-e3b5abb55306,2021,113813,2006,2008,3
12b77dc5-68dc-49d1-b435-f690c1f2f9d3,2021,101942,2006,2020,2
cc7ecdae-9ba9-4caa-be43-7489d99e2d79,2021,73140,2006,2014,4
458a182c-38a4-4d61-a5ed-0a8a3483c8aa,2021,73140,2006,2009,4
2a0bde2b-3a8d-4087-8b05-719a9ba1e6c6,2021,73140,2006,2018,4
1312b27a-d0f1-47a1-8271-c27e06e997cf,2021,513,2006,2009,1
00a4ff95-7312-4192-ac61-3eacf13f37c8,2021,513,2006,2015,1
da7275fc-94c5-4772-b116-8234c05e2056,2021,86318,2006,2013,2
49d6131f-0ee5-4394-a9e0-ed1df2fc8add,2021,86318,2006,2015,2
39bac96c-2d4a-4962-9de0-2a6c233499d1,2021,86326,2006,2015,4
398c90e7-253e-4362-95ca-53076189f48b,2021,86326,2006,2009,4
520d7d3b-bd17-4bf6-b399-8a72289a4e00,2021,21464,2006,2010,4
60d17bfe-59e7-4bfd-98d6-254a700d73d1,2021,1190071,2006,2013,1
085cecb3-84a7-4932-bdc3-d83dbc9a3ed1,2021,1265453,2006,2014,4
ab89ff42-5da0-4769-866e-2f39f82c4100,2021,1265453,2006,2020,3
f3280869-4d97-4b22-96a7-d5c14eaa3c0c,2021,11730,2006,2015,4
14dccfa5-25dc-445b-96fc-f5f0e53472cc,2021,9440,2006,2014,4
4adf098d-1376-479b-81f8-1178f3a7cced,2021,83388,2006,2020,4
c08715f0-c99a-4733-8745-a20de8e2f314,2021,1180773,2006,2014,2
5ecd7d69-aadc-4ac1-9727-cd6e249f89e6,2021,1136142,2006,2017,3
f655c825-6bd9-45a3-b4e0-826cc8d1b4a1,2021,73898,2006,2007,4
9e548808-126f-4a73-aca6-5adc78964847,2021,94762,2006,2007,4
056685e4-7933-4391-a080-477918129b8b,2021,94762,2006,2013,4
c7febbbc-3c8e-469a-bcde-b523d9397100,2021,94762,2006,2017,4
09cf2418-5f9b-4163-bdf7-7d74016404c5,2021,12025,2006,2011,2
b038b375-1d07-44c2-b53b-fca9cfe4b885,2021,37862,2006,2007,1
d5b0034b-c244-4bb8-bc94-e7184f71a739,2021,37862,2006,2007,4
08cd1a4f-3c57-4320-9163-b828980875c7,2021,47505,2006,2017,4
f01a8d60-7c8f-452d-9f9e-33112e01aeb1,2021,114616,2006,2014,4
382ffd62-7375-4460-8718-51b5c08f3acc,2021,114616,2006,2020,4
70dfc57e-96a7-4387-b071-d0ad8202e5d3,2021,95175,2006,2015,4
95ccdf3f-3b0e-4121-8d9f-da56506e5b7d,2021,98595,2006,2019,4
c962ff27-b5d9-4f6f-b0c7-a2abcb63cff5,2021,12025,2006,2017,2
8131630d-5867-47bf-befc-98de00caf4ab,2021,1101244,2006,2016,4
4981188a-db22-4472-abc5-1b3489fa62b6,2021,60886,2006,2015,4
6cb87e5f-eccf-4d99-8d10-a90ecff77bcb,2021,60886,2006,2016,4
f115ad53-2232-4c8c-bd17-09ee30d666f7,2021,94762,2006,2012,1
0d7011f9-78f7-4f9b-b2b5-6407f1ebaffe,2021,21464,2006,2016,4
6479ea42-c298-4c2c-a6ea-5d63dee0d522,2021,48675,2006,2012,1
468402a7-7b59-4ba2-a57c-20b8a2ae8838,2021,968,2006,2009,2
6de53d1b-5c8e-4674-b086-47b21d125517,2021,1102628,2006,2014,2
9f212af5-4a54-4cbd-a12f-e37f7fcf7ad5,2021,94762,2006,2010,4
9ff5efb5-0af9-4361-9514-3a666d6bc25f,2021,13595,2006,2020,3
d2ebabe3-0298-4c52-9352-36b870fdf89d,2021,108660,2006,2014,3
b1f5dd78-94cb-4e33-8981-c4e812475478,2021,108660,2006,2014,3
16390971-9536-48e6-968b-a9d295472354,2021,108660,2006,2008,3
3d2fc432-b253-4bc9-bc41-baf3aa2bdebb,2021,108660,2006,2012,3
a748a0d3-d54d-498a-bdaf-3de316616fe8,2021,108660,2006,2010,3
76aa479c-d017-45cd-beb2-3e26bce60532,2021,108660,2006,2017,3
48e07ffe-aa7e-43d6-8d33-c9325869fd57,2021,108660,2006,2012,3
419409b8-96ed-4b11-ad9a-642486a5fb0d,2021,108660,2006,2017,3
7823f2e3-a0aa-4972-ab37-ee76c58d245d,2021,108660,2006,2010,3
d79c45f5-1176-45b7-af65-6657b47233fa,2021,108660,2007,2017,3
41c93ac2-052f-408b-8e75-2864159e4aa5,2021,1181115,2007,2014,2
feeaca96-d3a2-4229-9e5c-826efa8b8167,2021,37862,2007,2011,4
31b471e4-012e-4c9d-b320-802d6ccc4e9d,2021,1190071,2007,2013,4
7f715bc8-9575-42f1-8b4b-a76824dddaf9,2021,83388,2007,2010,4
ae3544cf-972b-4a91-b44b-3fd765bad7fd,2021,9414,2007,2010,4
216465fe-f945-4075-b2bd-ed80fa72c946,2021,1187671,2007,2011,3
faab7048-fef1-4589-ac47-d62f589bed56,2021,108660,2007,2017,3
44716a75-3663-45a0-b534-9bc1bff63bd4,2021,317,2007,2014,2
b103d3e1-0b2d-412e-9593-3e77bc361e15,2021,317,2007,2013,2
1435931f-c02f-4921-a3f1-d83658d8a18a,2021,1101244,2007,2019,4
7f57777e-cb2a-4920-8251-22170cbdba1c,2021,83388,2007,2008,4
3ae9343e-e5db-439c-9db7-3ec987f7d7c9,2021,317,2007,2014,2
c6b14322-47a5-479c-905a-c96853735fcd,2021,1385488,2007,2017,4
b0cc8ba5-42eb-42ce-800f-5fe1bf97111e,2021,5000143,2007,2012,3
29f94545-d1b4-4952-b6dd-78627e0f9ed0,2021,95175,2007,2018,4
670de8ef-1a34-47bc-af3b-8a6fa9b44815,2021,1047907,2007,2015,4
9ae493a8-fb53-4ef1-bd17-9a389a0060e1,2021,57606,2007,2015,3
199e235f-3785-471a-b382-b14215976349,2021,19042,2007,2010,1
deb5b77c-e6e3-4cff-be55-68255c0db57f,2021,98595,2007,2015,4
b5669292-47ff-4a5a-8279-4435afc0ceca,2021,1132918,2007,2011,4
c9f13302-0692-419d-b007-5c1fe64a903d,2021,13277,2007,2011,3
05f38af6-3fff-4552-bd2a-104ee30163b7,2021,67601,2007,2013,4
6fa772cf-36f3-4e02-b03e-b57766a9f135,2021,108660,2007,2017,3
b464fbd1-fb9a-48d8-86b2-5d2d894c1aeb,2021,20030,2007,2015,4
2147dcb5-18ed-405f-a7eb-db01ea6b6dab,2021,1190071,2007,2014,4
d8cca110-4767-4a30-8677-9f5013abeed6,2021,49054,2007,2008,4
0acaf69f-7251-4fc8-a347-de6ee0a5a819,2021,1047907,2007,2018,4
9a67991b-e6ef-4976-920f-ac123d52d100,2021,9425,2007,2017,4
71d4e208-e06b-4423-a42b-57c973f6618c,2021,49054,2007,2015,4
2a97e998-8a0d-4ef1-ac32-2688f5d320ca,2021,56172,2007,2018,4
c35cb2a5-3daf-4ff7-a02a-371609cdfc23,2021,90030,2007,2016,4
42e49dba-b27f-430c-ab5c-662174441292,2021,108660,2007,2017,3
1774d699-f133-479e-a3bb-36f418ba3ab6,2021,13446,2007,2017,3
4f02ce06-85cc-4476-881c-85cda532f0d3,2021,1283028,2007,2018,4
9da55751-26b0-4963-a667-6db900b008fe,2021,1181115,2007,2016,2
f04e7ae0-516e-4bc6-948b-29668b6eaba5,2021,50981,2007,2017,4
6e41647c-ca33-4cd8-866e-fc7447cfcff3,2021,1265453,2007,2014,3
d988665f-2b06-40a6-9502-1c967e3ac18f,2021,118420,2007,2009,1
d7d9dddc-a7fd-4fac-a164-62ae71aa0d1e,2021,18671,2007,2015,1
70d558a0-4f80-49e4-a9ca-e49e9e665461,2021,11452,2007,2018,2
ed4bc065-8cfb-47c4-8c00-52ab0476200e,2021,1101244,2007,2008,4
55ca6d9a-be4f-4545-9e38-3b1d67a81672,2021,18903,2007,2018,4
ebe0172a-1531-4f98-936b-291b022d4176,2021,19047,2007,2021,4
534228fc-633d-40bc-8791-b96dc3cfea9e,2021,1306689,2007,2017,4
7c473626-896d-46a2-ae72-2454ec1466df,2021,51020,2007,2019,4
1f131557-e961-441e-b661-3d43d8ceaf8f,2021,1190071,2007,2012,4
1860fe57-d9f8-45a9-be84-35a5a8b3bca5,2021,56172,2007,2010,4
4b53dc24-598c-4fc2-a477-f2b46b735a58,2021,108660,2007,2017,3
0d0af924-7779-4db8-a52a-47d797d81268,2021,9414,2007,2015,4
5b2fbd80-0095-4e08-8068-299143d1d1ed,2021,117022,2007,2013,4
e3a61d30-2151-4b58-86e8-f5e0121d9ac4,2021,5000135,2007,2012,4
3240d3c3-be3e-409d-80af-213c1967aecc,2021,18903,2007,2019,4
b2030720-b7f6-4f1b-9f5a-ceb809bea33d,2021,91181,2007,2008,4
288a6a12-6ca4-4358-8377-08c9184d11b6,2021,116770,2007,2015,3
809bf848-ae36-486d-9e45-bb7775da1c2e,2021,97778,2007,2016,3
fb4826f2-69d2-4591-ad5a-184c86a1568f,2021,102590,2007,2011,1
eb59303a-decd-4f94-81c7-1104aef8628b,2021,107422,2007,2017,4
bffdf4cb-d268-4f99-94c2-b598e1710750,2021,99820,2007,2014,4
2d9908d9-929d-425b-b94a-a7b620f65178,2021,1376181,2007,2018,4
981bd383-cbe4-46c4-a6c8-137c6c254bd4,2021,94762,2007,2013,4
8f2c7e2a-8562-4a94-8180-72ffe8dd095f,2021,113813,2007,2014,3
c1052dbc-123c-4949-bff4-713e5fd2041b,2021,1102628,2007,2011,2
2fc57559-530b-4beb-881d-49af92e39149,2021,94762,2007,2012,4
900c8ab0-5d05-472e-898a-6f7c1975ecd6,2021,5000135,2007,2014,4
d92b927e-01ec-409e-ba33-4dc35cd35ad8,2021,13277,2007,2015,3
da12d8f1-06c2-4e10-9e5b-32fe8db24f66,2021,97443,2007,2018,4
45f02026-6142-48c6-9ad5-68a88706a08d,2021,1376181,2007,2018,4
79662cf9-05f1-489a-a528-4766bffda66f,2021,59122,2007,2019,4
d6421993-af1c-4c59-b9fa-c612abafde62,2021,11730,2007,2012,1
7a36c1e8-a98c-4b26-838d-609890d171c0,2021,1181327,2007,2019,3
9e186c45-0a80-4c1d-ad25-371514b78b01,2021,59122,2007,2009,4
b42e47ec-e59e-40ad-b300-170981025f3f,2021,1101244,2007,2014,4
7970f508-6a5d-42d7-84ba-d4a5e8179423,2021,1136142,2007,2012,3
3fddcd86-51fe-4230-b7ed-7ba0c916a411,2021,47069,2007,2008,1
3738a2a5-dadd-4c9f-bbff-847cf8c79fe9,2021,5000143,2007,2016,3
0edcd01a-98ab-486f-b5ac-78388f0df369,2021,1132918,2007,2011,4
d09d08a6-fa08-4bc0-a968-e1e6b05518e6,2021,49054,2007,2018,4
ff88ecc5-2fc4-4f9c-85d4-7988511f55b1,2021,13595,2007,2009,3
1718c308-50ab-4541-87d4-d1796631c8e3,2021,13595,2007,2014,3
a73966f3-3478-4eb7-b033-bc044f3b1843,2021,49054,2007,2012,4
4c0def8c-b99d-4336-a5bf-95c707e6a50a,2021,1136142,2007,2018,3
a7bd7cda-7233-42a8-a4b2-7be5de910eae,2021,64664,2007,2017,4
9a0f63b7-9f39-48be-9c98-1f4f9ef37e6f,2021,118420,2007,2012,1
f43d0934-cc80-4fe7-86ec-1a827858cf21,2021,91181,2007,2018,4
152d481e-c500-4b47-8d10-b3b0e44d0e74,2021,13595,2007,2014,3
fdf4bb43-ea71-4bd2-9cfa-e9fe7d4387d7,2021,118420,2007,2015,1
41d494d9-1912-443b-b842-551d62bd5a43,2021,1102628,2007,2013,2
0b2c3d7f-1d5b-4a1f-a9ce-9f8af785d17d,2021,513,2007,2016,1
523f6061-504d-4be0-928d-b92e3ec573ac,2021,1136142,2007,2017,3
813ebff3-c3f4-4920-935a-bf32a98d8ed2,2021,86326,2007,2017,4
ac12fd20-5f34-45d7-8c03-d381c49cd27c,2021,64664,2007,2019,1
d11f7b50-f195-4f73-a02f-990260e4ddf7,2021,2209,2007,2013,1
07b04350-418e-4f25-a75a-2dafe59c36b7,2021,5000135,2007,2014,4
5aa0c8be-1d28-4027-8fb2-52094a9e4917,2021,1181327,2007,2015,3
4e045c19-00b2-4aea-b31a-a1aea83dd00a,2021,1113582,2007,2015,4
bb871df7-2956-4cb1-b245-8d5cb589281b,2021,1113582,2007,2014,4
444a1e9e-c5a9-4b8a-858a-016762cb4702,2021,73140,2007,2018,4
3ca864b9-facc-4c70-b0a1-3e31b0c78594,2021,513,2007,2009,1
85dba585-8456-4a9a-966b-7afc0e7a9c0c,2021,86318,2007,2015,2
9ac2cd18-6d6f-4985-b7e7-1ff2bacdb5e9,2021,5000143,2007,2010,3
ff00635b-8f9c-44ac-830f-174b90df843c,2021,1267543,2007,2015,4
62c0c1cf-8761-459a-89ae-9e0c23f91732,2021,47069,2007,2017,4
2fd836f8-526a-4e4c-a6d5-10f2953ae8b0,2021,86326,2007,2008,4
65871a46-5637-4f6a-9b5f-41c0b59030f5,2021,1187671,2007,2011,3
94a80765-3d53-4702-9d29-2289b2b8d3dd,2021,73898,2007,2016,4
8e06c6ae-3d67-4a66-8191-6cddb7dece88,2021,73898,2007,2018,4
e188369c-851d-4f19-90f5-26b42af6d1c4,2021,11730,2007,2009,1
eee4ada6-eed5-4b34-ac5a-309d93564a8c,2021,11730,2007,2012,1
2ca153b7-a3f4-4831-b579-4b4af776ac1b,2021,9440,2007,2013,4
3ee776eb-46bc-499a-a62f-7e4e47d3e64f,2021,1180773,2007,2016,2
0dc335d0-3365-4d2a-9640-c76bf810bde5,2021,1180773,2007,2016,2
bf5e4ab1-54f9-422b-a11e-0a1b01f5584b,2021,1180773,2007,2015,1
bcc7b33b-e22b-478e-b71e-c9b86213513a,2021,37862,2007,2016,4
53104a6b-4663-403c-b6f7-1d5b657da83c,2021,1110857,2007,2014,4
9e3abcad-a421-486e-bf94-f2ad0d868f03,2021,1102628,2007,2014,2
7d8b47e4-d595-4bd8-9df6-251b9a7d41aa,2021,118420,2007,2009,1
ac4ce235-4d31-437b-9733-6e3f73e0da99,2021,113455,2007,2020,4
182838b1-ebb9-4dad-9029-454c0b2ed149,2021,94762,2007,2012,4
43ee10a6-4434-4b78-9cbb-663aef9b6e6c,2021,94762,2007,2014,4
37be2ba3-0f20-4eb1-a4c5-301520d58b4b,2021,94762,2007,2014,4
aab5147e-9bc2-4f60-abb6-5627c0d35370,2021,1132918,2007,2012,4
8d9da6cd-6354-4b7f-9b3d-83ce8a66bd5d,2021,98013,2007,2018,4
5c14d86f-f77f-429a-9c1e-7efb8ab1802f,2021,1042278,2007,2015,4
38c81d53-21b4-41c2-9492-61126ade6679,2021,37862,2007,2012,1
2c71099d-4ce9-4e75-96b9-c7d7c4499ee7,2021,1315444,2007,2017,4
623a7641-8238-4312-882c-e7d1187b1957,2021,56172,2007,2014,4
97be564c-bb6f-4833-b821-5bcbeecb934b,2021,1427745,2007,2018,4
1bed2584-10be-474e-b1f9-43c7bc82e40d,2021,47505,2007,2015,4
db6c9e72-8813-4cfc-8951-ebd3f3ad02ad,2021,97443,2007,2016,4
8bf6c818-0524-4c5f-8e72-eddd77cf1c21,2021,95175,2007,2011,4
1a180a71-fb25-4c34-91c7-074923b1c96f,2021,47505,2007,2016,4
14aef22b-84fa-48de-9311-577f5816d839,2021,47505,2007,2016,4
a8590b9b-ac11-4a7c-adee-6b01e7528234,2021,1101244,2007,2009,4
548544e6-c6e1-4246-a031-cd6c0148fdb0,2021,12025,2007,2014,2
1a407d22-6b48-4fd8-9ecb-a2dfc25d55ed,2021,1101244,2007,2012,4
a840555c-e82d-4734-92ba-4246fabb07be,2021,1101244,2007,2014,4
eef041ca-9c9e-43a2-b6cf-da69b4e85403,2021,60886,2007,2011,4
784a7003-0dac-4e74-9a90-74f6efa06962,2021,116770,2007,2019,3
8f291e08-286c-4c02-8e9a-aaf3144481b1,2021,37862,2007,2008,4
696db3c4-1983-4358-8844-67cad4a5b40c,2021,113813,2007,2011,3
19b1190c-761a-4f57-9bc6-ac711412b316,2021,106996,2007,2014,4
81e30846-7c5c-46c9-bb8f-4ee2cd9f33af,2021,1118057,2007,2012,4
74eb6c0c-1781-4286-840c-b21ebfea7126,2021,5000135,2007,2012,4
996f8146-012c-47e1-b726-3e443bf1b368,2021,94762,2007,2013,4
a55ddd0f-3fd6-467d-ae85-05a219d9b349,2021,21464,2007,2012,4
643f22e0-1e95-4699-836c-e3425e7dd697,2021,88084,2007,2019,1
0df694ce-ab89-4b7c-9519-01e12a2a29c0,2021,40343,2007,2021,4
c08426d1-7c4a-4ed7-a7e4-2982d0a258fd,2021,108660,2007,2014,3
92915aee-cfd0-49a1-9497-541778fb591c,2021,108660,2007,2008,3
26f300db-ecf9-423b-8805-537eafcdf2aa,2021,108660,2007,2017,3
4b1882ff-21dd-4600-af06-be9959be207d,2021,108660,2007,2008,3
140a14c3-ed97-4bed-a469-f9abbd8b7ccd,2021,108660,2007,2012,3
4f3575be-5e42-464d-b774-b0bff0432eef,2021,108660,2007,2014,3
658bed59-baa3-4666-9f91-9d759530c69f,2021,108660,2007,2012,3
5e62aa3a-fc3c-4939-b3b7-237752e72515,2021,108660,2007,2010,3
b4cddba0-1884-4800-8b6d-9c4e04dedae1,2021,108660,2007,2017,3
216cec19-c0c2-4f02-8531-72447f21d196,2021,1117717,2007,2011,4
37b89805-6a0e-4f52-a717-6e67bdd2c403,2021,91262,2007,2016,3
c272759d-c1c6-4c97-987e-c7c0f2692d10,2021,106996,2008,2018,4
8ac108b9-56cb-47d6-a1a1-a29d2e4894a7,2021,48205,2008,2017,4
bef97943-0ae7-4ab2-a7e1-76c8bb1141b3,2021,99406,2008,2014,4
25f76452-0025-41ca-b248-869ac45e70be,2021,108660,2008,2017,3
5916c99b-8e25-4aea-978b-4c16111e9531,2021,1322390,2008,2019,4
dd505eaf-bb55-4229-a90d-d8469a76a5cf,2021,48205,2008,2016,4
2f95f31e-2396-4653-b052-ebad0e12c438,2021,48675,2008,2014,1
127bfa53-642e-4d0f-a0c8-da164828789b,2021,64664,2008,2018,1
02e542f9-9e3d-458a-b5f3-131aa9a5c787,2021,1314243,2008,2017,2
786dbbde-1731-4b16-8fe2-305194eb88ee,2021,13595,2008,2018,3
2afc668b-631f-4053-8f68-80f2d4359491,2021,1322390,2008,2017,4
abce85ce-b103-40ac-adb0-7b3a192d2527,2021,11730,2008,2012,1
ba1b9c7d-463e-4762-a002-e4f088b04557,2021,106996,2008,2018,4
7b0d404e-0c21-4dba-bad8-d9cb21bec9fe,2021,108660,2008,2014,3
babd8b79-f85b-45e2-b24d-9e7b3b3e1b25,2021,47051,2008,2016,4
d2ff4a54-6cbd-4c99-9af9-1f07ce90943a,2021,83388,2008,2010,4
3ac5da36-1c14-4521-a436-c3e2655362a2,2021,95017,2008,2010,1
c28425ea-f1d6-40f4-9945-97f985753082,2021,22061,2008,2014,4
ca16eee0-4192-4516-85d2-9cb2829c87fa,2021,18683,2008,2017,2
c0de2893-2e2b-42d8-8f22-eef8d1f906d0,2021,20030,2008,2009,4
356ff363-ce3b-432c-9930-13ac182ad683,2021,5000143,2008,2013,3
a9f7f026-5dbd-4561-ada1-1708d2849a74,2021,5000135,2008,2011,4
2d61606d-70af-4922-8907-1e8f1cc9daf4,2021,1190071,2008,2014,4
dfd5adad-4fc7-4f34-a822-fee38f61d7cd,2021,1101244,2008,2017,4
b6f94afa-11cd-4741-8a72-e66d46784bd9,2021,48675,2008,2015,4
d9193a72-4801-467f-87ab-772725930801,2021,1190071,2008,2014,4
3fd03d6c-266e-4ec4-ba75-e299dfcc449f,2021,47069,2008,2014,4
a6eec1a1-7388-44c7-9954-02a3267664fc,2021,94762,2008,2020,1
e9ec6d96-ffbb-4a79-bb3d-2ed99aec8ee5,2021,94762,2008,2012,4
2501fd32-7062-4f6b-8924-954805c95aa8,2021,94762,2008,2020,4
43bc7b64-b001-4ebe-8178-7ad08599caea,2021,47505,2008,2016,4
b16c70c0-9060-4884-94d8-43c4fd9b6ddc,2021,112086,2008,2009,4
d6e3c1a7-a309-418e-8cf7-d936c95b0ac3,2021,2209,2008,2017,1
4f01a413-4bac-41e4-b918-105d800b711d,2021,67092,2008,2015,4
b870c40c-18dc-4f03-b511-268159ff4161,2021,94762,2008,2020,4
e642476c-4e27-4914-ad85-d0776b3fc3db,2021,67092,2008,2017,4
8405f2b3-c41d-4492-8b2c-cdca79761361,2021,1102628,2008,2014,2
9ba1d7a8-6066-4918-a00c-34f05731c0a0,2021,13595,2008,2020,3
604c493a-a12c-4feb-aece-86bf06db760b,2021,1283028,2008,2018,4
2582a1a6-148b-4f3b-a578-a25d7edf2119,2021,94762,2008,2020,1
7de3c11b-91c5-4310-a89a-e072f7798f6d,2021,48205,2008,2018,1
34549f0e-f697-4e87-9312-5c9a68352be2,2021,5000143,2008,2009,3
6e1f6117-3292-4747-be8d-b05da55dee8b,2021,1267543,2008,2015,4
e31bcb86-5e28-40bb-b8a0-ce7c74246545,2021,1190071,2008,2015,4
c5171e50-822e-465c-98a2-1843907ab15c,2021,13277,2008,2011,3
94afbe73-7134-4f54-9e39-04504aef81f1,2021,49054,2008,2018,4
f4f91ba8-1fbb-4a92-b738-d64ff6fb3a98,2021,13277,2008,2013,3
1621e648-a311-4ed0-b850-3843f06872ac,2021,112086,2008,2016,4
032f4d41-0ba2-4bbf-b16c-291d6906fd6c,2021,108660,2008,2017,3
afec8ca4-e564-445d-808d-66d97c58525a,2021,57606,2008,2015,3
05fe8241-1d58-4d43-9569-f91b2b0479e1,2021,1181327,2008,2014,3
1736055c-9296-45c6-a7bb-0358c6f57553,2021,1181327,2008,2012,3
38543adf-5de8-4c26-bcef-819ebcc078c6,2021,47478,2008,2016,4
0d146d9d-5514-4f63-82f9-0b033d9876b6,2021,13277,2008,2012,3
196579a4-3b8b-4014-ad3c-03beafa8ebcf,2021,5000135,2008,2012,4
7c5be821-ecdb-44f4-8d92-bcd1bd503d24,2021,49054,2008,2012,4
05390600-b542-4fab-b554-6a671964d24a,2021,1161716,2008,2017,4
f4def846-2bb8-4d9d-8f9e-45f2031a74dd,2021,1190071,2008,2016,4
de646943-f0c2-400d-8d8f-91018b119209,2021,47478,2008,2009,4
be6eaa37-af5b-4238-833c-17820e56c9d5,2021,95017,2008,2011,1
7c8bb08e-28a9-4036-aa41-f9cf1b6d760c,2021,1267543,2008,2015,4
79816b6f-1940-443e-aed2-dd5e9bf2177a,2021,117532,2008,2017,4
a0901499-e578-4628-866f-7f5e37de26a5,2021,107422,2008,2018,4
89fa7778-78e9-44d0-abf9-61b5504a8431,2021,67092,2008,2016,4
416fc361-1203-4605-8971-1eea0e7a3cc8,2021,116770,2008,2016,3
ad916e2d-8adb-4451-8478-97c2f58ff97b,2021,19047,2008,2021,4
8055035f-0096-44ec-ab8a-80e3c481c5b2,2021,95017,2008,2016,1
0895be5b-8422-4f6b-b4e7-5bd69caee658,2021,1376181,2008,2018,4
4f947c34-7743-4f97-8fa5-ef9c1a72e243,2021,1288839,2008,2015,4
5fdfdd60-21b9-4551-ab9f-6d97e531c3a5,2021,118420,2008,2015,1
f7c1fb28-f35e-458c-88e9-854e981b5954,2021,20239,2008,2012,3
aa66688f-a2c0-4858-8187-cdf6cd20f385,2021,1376181,2008,2015,4
7d3935e6-6345-4c41-8701-5e5a37dea987,2021,118420,2008,2015,1
10c3375e-a2b5-407a-bc48-b2e2c2a179ad,2021,9425,2008,2018,4
16c61d89-5e8b-4e7d-922c-c74be0c795ea,2021,37862,2008,2009,4
cf950443-1ff8-421d-90dd-9fcd7a0062b8,2021,1102628,2008,2011,2
126a9a4d-724d-43b0-9fb9-61f8bba8e1cc,2021,55402,2008,2018,4
a7923e70-0387-4117-9244-fb0839eef293,2021,118420,2008,2015,1
78853356-bddd-4a11-844b-addbf19bb860,2021,108660,2008,2017,3
9ef6d20b-3c96-4209-aea7-ca9f6ab4192a,2021,118468,2008,2015,4
af2dd3e0-d85c-4b75-a4af-1e2584d947a3,2021,1102628,2008,2013,2
a749dd53-1070-43fa-86d5-7d7a4b13e65d,2021,116770,2008,2011,3
199b17e3-e99f-492a-aa62-f42f5629a0d4,2021,5000135,2008,2012,4
846882fa-12ab-44d3-878e-0ce227463a57,2021,1136142,2008,2017,3
bedb3610-a820-4775-b4d8-aba1527eec5f,2021,9440,2008,2014,4
9f9341e9-fbde-43a3-9326-88a3b0948407,2021,116770,2008,2010,3
00b7bb48-2fb6-4515-8d77-6a4d04654830,2021,67601,2008,2011,4
37ba3897-8a32-48ce-9ca0-2cfc6e78ce87,2021,118468,2008,2014,4
60e6e685-e414-4a44-a3e4-83af439b516b,2021,95017,2008,2020,1
796f1577-a083-466f-a9f7-ad057748a3a7,2021,94762,2008,2020,4
1f51eca4-711f-46fc-89f9-8414836797d2,2021,1136142,2008,2018,3
2e6114bf-a913-43f4-8b97-dc661060e1de,2021,41238,2008,2019,3
25dae726-ba35-42a7-a6ac-2c450f82d98c,2021,1117717,2008,2015,4
49fec565-a050-4ead-9bf1-4bcbd4045efe,2021,5000143,2008,2009,3
0344a67f-5876-4c84-a40c-ca05708458f9,2021,1136142,2008,2015,3
009ff44b-0ee6-4310-9f8e-0252c54dc535,2021,118420,2008,2014,1
361a2544-2986-4914-86b0-b5f68cea0f1a,2021,57612,2008,2015,4
f2aba0c1-e245-4d4b-ba11-19f7fb8ba0e9,2021,98305,2008,2017,3
6f92d78e-6a87-4f69-8576-3637ce9c77b3,2021,18558,2008,2017,3
31e5f08e-6457-4141-9ce6-cfd7939adb23,2021,5000135,2008,2016,4
f3cf3620-ade4-446e-bd60-1c244c7ad193,2021,1101244,2008,2017,4
5284f3b4-497a-40ae-ade2-1bb7ede6d90a,2021,99406,2008,2014,4
b72e593b-7d1d-4976-95c4-11d8471cda89,2021,13277,2008,2015,3
e5aba60c-8f4f-45f2-8c2b-441d78751f65,2021,13401,2008,2017,3
78148110-9303-4486-8f94-aa80c9abd2cf,2021,20239,2008,2016,3
4d4cbd10-e57a-45a6-89d1-b691a7df656f,2021,1102628,2008,2016,2
286fca5b-fd3d-4d90-a6f5-482cd1ba8a32,2021,118468,2008,2014,4
b1f7c7ea-a6eb-4632-b245-ce9fcd974833,2021,53342,2008,2019,4
25693f3b-f889-4cb5-bd0d-63289ebfbb75,2021,1132918,2008,2015,4
a1d4f7b3-7ab7-4234-97ce-773c99b0723a,2021,86326,2008,2009,4
12176aad-109c-4e43-93d6-83ce9cf7a4ec,2021,11452,2008,2019,2
7a6d16a0-99dc-41ce-95d5-76836345b889,2021,13277,2008,2017,3
1c7665cc-79e1-4466-a087-f94783d5b2d6,2021,317,2008,2019,2
87a8a448-3880-4c66-ad82-b477ac71d414,2021,53342,2008,2018,4
babc89a8-57d9-41b3-a1b8-4592df066b8b,2021,1136142,2008,2016,3
8e5f5033-33d2-40a5-abee-7ee07a237bab,2021,1422296,2008,2018,1
b2443271-5acd-47db-93eb-438c040dbcdd,2021,62484,2008,2015,1
b9b1ff55-22c6-46d2-b588-44dfe5269370,2021,1136142,2008,2019,3
f9fb23ae-d70c-4d67-b0d1-f3ade2b8299b,2021,53331,2008,2017,4
54410a6f-fcf3-469b-8617-423577d3c924,2021,11452,2008,2015,2
839b383f-c941-45d9-9433-c4d8f454e3bd,2021,18584,2008,2009,3
a935c939-0d57-474a-a8f9-fa3376d49871,2021,102590,2008,2010,1
bd700805-d1b9-40fa-9c89-4776faff7924,2021,102590,2008,2009,1
87a1e146-2c08-4ab4-adda-54aacf3687b6,2021,1113582,2008,2016,2
bb260d46-b8c5-4a26-aafa-c5846267609a,2021,101942,2008,2020,2
a67daddd-0186-491c-9b34-2d5076ceb2cf,2021,5000143,2008,2011,3
fe591241-d80c-409a-8e7f-07db565bfd45,2021,98305,2008,2009,3
8388c345-39b8-4263-89a2-f7940d617e1e,2021,1103723,2008,2014,4
da122e65-9845-4f4d-868b-52b451d9887d,2021,1103723,2008,2015,4
4caf17b4-e364-4cb4-8100-9fe868825f9c,2021,86326,2008,2015,4
213c9226-300d-4a61-a105-c0c9d7cd2320,2021,86326,2008,2009,4
ae7d7012-00b3-45ce-87bd-c8d96aff60df,2021,21464,2008,2012,4
502ca717-b6d8-494a-9a28-c59305cb4e92,2021,21464,2008,2013,4
16c3eab8-c4fb-4248-83d1-5876d264f59e,2021,13595,2008,2009,3
325a5b5c-b378-4fa5-9444-815accfb1964,2021,37862,2008,2012,1
baebd02a-0f50-4b99-853b-194701b2731e,2021,37862,2008,2013,4
7f222119-3a62-428b-aa00-07c4e2e0c553,2021,11730,2008,2009,1
dc8e1f46-8e5a-4f69-b9f7-dee1a0dffb7f,2021,13446,2008,2017,3
e07d90ed-2ffa-40d2-9982-8ff97835533f,2021,1148708,2008,2016,4
4b395903-c560-48a4-bfdd-863db09f3711,2021,9440,2008,2011,4
7252701b-20c9-49c4-9198-2c55c4f9b04b,2021,1180773,2008,2016,2
78f1a1ab-a05b-4327-b901-90835f14511a,2021,1180773,2008,2016,2
97202f23-6736-45cf-a330-315af750235d,2021,49054,2008,2012,4
3a88a6ee-f18c-4018-9696-1d58b3320cf8,2021,1180773,2008,2012,1
a1442e21-4a7d-46b8-9b75-6469c06f8e1a,2021,1136142,2008,2015,3
6bbc1a57-1536-46c6-8ced-42e74504dd66,2021,1136142,2008,2017,3
34254c33-1e29-4c83-a45b-74e24f797d87,2021,1102628,2008,2013,2
702fadb6-10d2-4def-b804-e3943123dc38,2021,1102628,2008,2015,2
a33c8731-e795-4c73-a76a-3b146206b56c,2021,113455,2008,2013,4
7604b896-4ddb-415a-b803-cab4babf2cc7,2021,113455,2008,2020,4
1178e6d4-22ca-45d3-8dd3-e2e139b2fb82,2021,1110857,2008,2011,4
85fcce55-26e8-4f25-b350-d028ec252330,2021,94762,2008,2013,1
2d249846-41d6-4d70-9fd6-5bcef168b8b6,2021,94762,2008,2012,4
1e92a194-617c-4a96-a19e-72332e058686,2021,94762,2008,2013,4
2a4ad2fc-ac29-47a5-a7e7-b06d8ba53a83,2021,1047907,2008,2015,4
a5cb5325-8d8c-4fda-9429-f65957648ede,2021,12025,2008,2017,2
2c82e3f1-aa35-4465-8d7e-bd5ed3f4d577,2021,13277,2008,2009,3
35ac3d7a-ac7a-42a1-8860-806e29b1e8ca,2021,13277,2008,2010,3
1992a4e1-f439-4427-890b-a7c14b3b32c6,2021,13277,2008,2009,3
cbd5b034-9ee7-4f4d-9c1a-d4f439cf9795,2021,87396,2008,2009,3
4c6c1d9c-52f3-4f9f-9ea2-5e900bbb73f2,2021,37862,2008,2011,4
4b8beb38-50bb-4ed8-ab03-acb79558c874,2021,9414,2008,2009,4
535b02d4-2be7-46ae-9ec3-262cc6c996b3,2021,58808,2008,2017,4
be9c083c-fbf5-4f68-9017-191946b53ed5,2021,95175,2008,2013,4
646963ea-d3c9-4fd5-848d-da7c8251638c,2021,95175,2008,2009,4
02bd16d6-e3a6-4e82-b051-2bb511e4baa5,2021,95175,2008,2009,4
9c712095-d251-4836-a56e-961908a09386,2021,95175,2008,2011,4
64d55772-e233-4ea0-8173-bd298851e905,2021,1376181,2008,2018,4
61414ffc-d687-48e1-a03a-15bd4028d0fe,2021,5000135,2008,2016,4
e7de43bf-c0c3-4bdb-bb3b-d0e7f0781057,2021,47505,2008,2009,4
ba81fac7-b19b-4e46-a7dc-4227a6ca4f8c,2021,20239,2008,2017,3
93245522-15c6-462a-b26a-7ad72aeabe41,2021,20239,2008,2010,3
2624d6bc-bf0f-4a3f-a3d0-786d44671854,2021,1190071,2008,2015,4
5e9a0f6c-6eb6-487e-bff2-3bfcbb4ce9a1,2021,64664,2008,2012,4
87fc0256-38e3-4071-87f7-ea8af1d3d66d,2021,64664,2008,2018,4
64557892-409a-461d-bea9-c6dd9d0d63d7,2021,60886,2008,2010,4
b8310666-4683-46d2-b8b4-eb44d99c6fa6,2021,116770,2008,2015,3
743e1e67-fee8-4408-94ef-bed7d4840bf4,2021,60886,2008,2017,4
c9c319a8-ae70-4811-a25a-4ac67abd74b6,2021,116770,2008,2020,3
abad4286-aabc-45fb-ac4b-8f5de6da5465,2021,1270680,2008,2017,4
1337a027-d20d-42c6-ae66-33020c504e23,2021,1166783,2008,2014,3
8f98319d-2504-4496-b57f-7a6f038c5944,2021,1181115,2008,2013,3
77968a6e-6d89-453e-94d0-788031a80883,2021,1181115,2008,2014,2
bd06b3a8-4629-4f72-aab9-48ba8a5847d7,2021,99406,2008,2012,4
02912fce-0306-4783-ac7a-e8ee40a8f9a9,2021,99406,2008,2013,4
02856c07-a4dc-420d-9b14-58ec456536fd,2021,5000135,2008,2012,4
bb9b0118-8dd5-4fe8-9420-8bf334bfc365,2021,94762,2008,2013,4
ebb2985b-b08a-421b-aa52-f42cd9162c11,2021,2209,2008,2014,1
2da24248-c956-4597-a03c-28a58524cd67,2021,114616,2008,2016,4
e402ff43-7549-4773-a1f8-f4433aceff8f,2021,67601,2008,2017,4
78f3b210-4292-477c-a6ff-3549b4fd8e94,2021,47051,2008,2014,4
e3134078-a5cc-4f25-a9a9-6cd143686d5b,2021,88084,2008,2019,1
7a33d239-a283-472c-998b-fbc240f257d9,2021,9425,2008,2009,4
45be9080-2299-41fb-9b58-c3c46d494506,2021,49054,2008,2014,4
b2b5761a-7f17-4e94-9e7c-03fbe791e336,2021,317,2008,2012,2
feb808cc-62b2-45b6-9466-0d545f970f6b,2021,317,2008,2020,2
caedf1f1-25c5-4b81-849d-4934feb42eb6,2021,94762,2008,2011,4
7b5ca9ba-5f82-490d-81fb-7f1915445941,2021,40343,2008,2014,4
9cebcd8b-5097-487f-8844-55bea61cdc1a,2021,1118057,2008,2016,4
ab0f8fc1-6b6e-4a24-bc2d-e220a20fcad7,2021,108660,2008,2010,3
381dd4cc-9dae-4d1d-9829-debfd41e6682,2021,108660,2008,2017,3
f2182dfe-85be-4f17-9bf8-3c1a8c0a3f1b,2021,108660,2008,2017,3
b99fc4aa-2a35-40d2-be9f-d0d5e03da5ed,2021,108660,2008,2014,3
0bb73095-3080-4aa5-9c32-af1e57a0c183,2021,108660,2008,2017,3
d12010bb-1687-4970-889c-89ade4623e09,2021,108660,2008,2008,3
ab45b2c0-01af-4bc6-a973-0951ed3c19be,2021,108660,2008,2017,3
516832cb-6257-4e07-a480-44f8f68105e9,2021,91262,2008,2012,3
49651a16-da3a-4090-a2f4-1679db01d2a1,2021,91262,2008,2015,3
814a1333-df0d-4ce4-bfbb-3a69edf47287,2021,98764,2008,2017,4
f69adc11-121c-469e-9cc9-e2c6bb6f0d06,2021,43664,2009,2017,1
ee4efdda-b054-42c5-a09b-f2d87d6380c4,2021,20030,2009,2017,4
af75d858-2fda-4237-bc08-1f683c1bfd6b,2021,2209,2009,2011,1
e5bc582a-78f0-402d-b1c6-1c895c2c1966,2021,108660,2009,2014,3
2a8e7076-195e-4530-a38c-97f39741551e,2021,18584,2009,2011,3
3c43e955-0fa9-41ec-98c0-b273b776bb24,2021,19047,2009,2018,4
a0cd323b-eda6-47e9-b1a8-16a87a5f9ff2,2021,1117717,2009,2011,4
ce3e772a-1538-4e15-93d6-e3e1068c3bd6,2021,58808,2009,2018,4
417cca31-eb7d-41a0-b80a-5dc9c4219ff8,2021,94762,2009,2016,4
06300d03-47d5-4f9e-b95d-f7b58feafdae,2021,1117717,2009,2015,4
eb80461f-ab95-4422-b25f-865e1605e654,2021,114616,2009,2017,4
698642c4-fdb5-4ebc-8a90-c6ca963ad955,2021,48205,2009,2013,4
ae698cf8-eaa2-4a0d-bd7b-8f2a0e1b84ad,2021,18584,2009,2010,3
599f6b56-2673-416d-9dd1-5bcad47bfbd6,2021,112086,2009,2016,4
85e2161a-0af4-46ba-b0b5-042056c2726e,2021,117532,2009,2015,4
140923cf-4a0f-457e-b9dd-bc1fa69a763f,2021,968,2009,2015,4
e0e4332d-96d3-4e6e-9911-aadbc361ec59,2021,11452,2009,2014,2
9d2af38d-d9eb-4164-aaf2-a9f95d5aa020,2021,49054,2009,2016,4
81bee744-d690-49a9-9d6b-1ff1f84e228b,2021,37862,2009,2010,1
c3142def-91b4-4689-b569-d20cb7523f04,2021,1376181,2009,2018,4
1b2fc5d5-aa69-4011-81af-284986223534,2021,117532,2009,2014,4
10611519-4db9-4f35-a3a6-184fda8a0dd5,2021,5000143,2009,2014,3
87e47192-d5c6-4410-a8ad-c81480e99b39,2021,19042,2009,2012,1
f1b9a13a-a0e0-470b-a219-0faf2a6ccc4f,2021,106996,2009,2012,4
cb745da7-7a9d-492e-8bee-f86203778f78,2021,107360,2009,2012,3
70de6c29-5641-447c-9320-66d22a24b9eb,2021,113813,2009,2012,3
8ad8e5b6-4b69-45e9-8674-55009a242d1a,2021,1161716,2009,2017,4
877a69a4-d7d7-4622-ac03-2cf18ec9ad2c,2021,1265453,2009,2017,3
8ca17286-6a31-486d-83a6-53103eb4dd9d,2021,1322390,2009,2019,4
efc5d268-28cb-4dea-b9b3-0b20413136c2,2021,90030,2009,2016,4
f99b84c7-7a11-476a-b174-b6923b791c0b,2021,88068,2009,2017,4
88074115-9c9f-421e-a7b4-f4bd49df421d,2021,98665,2009,2017,3
5ec90ef2-6cee-452a-ae12-8c173095cb24,2021,1288839,2009,2016,4
a29f3e29-73b5-4d07-8484-ea6c232f139a,2021,1047907,2009,2014,4
1d4ee78a-3305-468d-b5cb-de3e2ad28ccb,2021,2209,2009,2011,1
418a70ca-2497-4983-94f5-1a8b65c12f15,2021,41238,2009,2011,3
e870cef3-5db2-44e8-a83e-12526c0cb2c9,2021,1047907,2009,2013,4
302cd922-0cd3-4fbe-8404-cf15281fb506,2021,13446,2009,2015,3
efd9d0d8-60b5-47d1-a6d1-ffeee5b52746,2021,19042,2009,2009,1
e2268186-9b01-40c1-befc-ad62ec4c46af,2021,55402,2009,2017,4
f3614d9c-6050-4b83-bf3e-807713070425,2021,20030,2009,2016,4
50642967-e71d-467e-b381-3a8181269b27,2021,41238,2009,2013,3
84e55dea-414f-458c-871c-7ba398ec9c0d,2021,98305,2009,2016,3
bf895c4a-10f5-46c9-994a-e65d4093c06c,2021,1288839,2009,2014,4
c6a34bfa-25c6-46ae-8f53-3223285fd411,2021,13216,2009,2014,2
edc55b3d-91f9-4db6-aca8-ed1d53e32a5f,2021,22047,2009,2018,4
0d4c71c4-5ed5-4541-837a-fbcf944681b9,2021,1047907,2009,2018,4
1261d6d0-834d-4469-9d9a-0227c2111ea7,2021,513,2009,2010,1
78d516c5-8d97-4ae3-bf52-88d29ea6dd71,2021,1181327,2009,2014,3
11598c0e-fbe1-433b-b540-9aaa58b2c673,2021,13595,2009,2020,3
25e0f45d-d284-443f-b123-c4360aad888a,2021,1376181,2009,2018,4
dd229075-97b6-4cfa-9411-dd51b9e58a5f,2021,13277,2009,2012,3
794a007f-68a8-4004-a73a-7fdae3266a45,2021,118420,2009,2015,1
d883a5bc-7244-4a53-a2b3-0d150220fa9e,2021,1132918,2009,2017,4
9123d0dc-dcb9-4855-ad29-6b666bb00e63,2021,48205,2009,2017,4
ceea527c-691a-4ebb-b4d8-9874d7a579ca,2021,18584,2009,2012,3
6ddf40d1-6f38-4c07-93ad-531a51e3bb15,2021,107360,2009,2015,3
3b02f2da-233d-4c83-a197-4753d53bb5fd,2021,113687,2009,2017,3
7631b2f2-d89e-4bb5-af39-569b083dc5a1,2021,113687,2009,2017,3
99e8bc79-00d0-403a-9e35-9b593429e6f1,2021,13277,2009,2012,3
03aa4b6b-150e-4611-97e5-1d020dcfd70a,2021,1190071,2009,2013,4
a78c880d-16a7-4d97-ae01-1f6b1678cfef,2021,104360,2009,2011,4
92f76118-1bfa-48f0-b024-1f8c9234edf9,2021,90030,2009,2015,4
a4029c7e-3b2b-423a-b923-c05d4e502e74,2021,113813,2009,2015,3
8d27c267-089a-4fb9-a34f-4aefcc5f7485,2021,1070485,2009,2017,4
d232cb7d-bc10-46f3-8a30-7128d83d9503,2021,13446,2009,2017,3
6e42d009-05c6-45e5-89ba-e28fd5e96149,2021,108660,2009,2017,3
1ccd5a75-6def-45a9-b878-2e28a893aaec,2021,1136142,2009,2012,3
c499fc4b-c800-4b62-8baf-33a3f11e85ff,2021,1136142,2009,2017,3
793b4ece-68f8-4e1c-9ffd-4fe0b2da9bd1,2021,1190071,2009,2016,3
d4e3dd49-12ab-490a-b300-a8c0c24d227c,2021,107360,2009,2014,3
7cc84a53-e855-41fa-bdf6-55f3078b9c49,2021,86326,2009,2010,4
8c8d81fb-874b-4bdb-b140-2a5dc62975b5,2021,49054,2009,2017,4
152deb78-59da-43d7-bb2a-e3a227f935bc,2021,19047,2009,2018,4
dfe79606-a1c3-43c6-944d-6f3e5301a57f,2021,116770,2009,2011,3
a6526f0d-552d-4821-adfa-c0c395a9f333,2021,317,2009,2010,2
3e9d8b30-0585-4e9a-8d33-e17678845a58,2021,1265453,2009,2016,3
48a7ae8b-34d8-416f-b06a-729a5ab5d567,2021,1283028,2009,2016,4
18acf2b0-e79d-452c-9c53-350f5f07f650,2021,1204325,2009,2018,4
82ab60eb-88fa-4196-9d13-4e3e17ddd67c,2021,317,2009,2018,2
caaad79c-6553-4949-b5a0-2fd2e875a028,2021,1166783,2009,2016,3
15751cc5-56d2-4c42-9973-a05ee88e748d,2021,94762,2009,2020,4
265de5c4-dade-4b9c-aa66-9a4181816b02,2021,64664,2009,2019,1
6c67b72e-fae6-4aba-8069-3bc1d66a532f,2021,2209,2009,2011,1
df268b56-f7b2-4d53-9b3c-b95bd2ee8d00,2021,103062,2009,2014,1
955f3c2f-4c82-4300-89b1-9c4db0d30fa1,2021,9440,2009,2015,4
ffa96457-eb4e-431c-9c8b-fb4bc2328479,2021,114616,2009,2018,4
b0adaed9-9dab-4466-9a3f-0b71b27bd7ff,2021,55777,2009,2016,4
f9cd49d5-d604-4e06-8829-e429b7543913,2021,118420,2009,2018,1
9dad44e4-b176-44aa-a46a-c2030db44b93,2021,13595,2009,2013,3
09012994-7438-42d7-a747-cccc6fe30e39,2021,117022,2009,2016,4
18556506-9b81-44a9-b845-7d4e0b898e7f,2021,41238,2009,2014,3
581033f0-5956-4d74-a30a-2402a278fe09,2021,49054,2009,2012,4
0e2489a1-5261-4ec1-b3c3-d05151063aa5,2021,49054,2009,2013,4
cbdaa336-139e-4027-8710-4ee07620c05d,2021,1190071,2009,2015,4
e6dec5d7-e534-419c-b2ab-3d7ce4c900c5,2021,1132918,2009,2013,4
82a88099-9aad-4475-81a3-5d380803af66,2021,1132918,2009,2013,4
2a8b3dd7-1014-46af-9cca-bb4abf687a67,2021,19042,2009,2016,1
d28ca554-29d4-4782-ae3e-bae49a9409da,2021,118420,2009,2015,1
be154240-9653-4208-866e-beade9d4b711,2021,1101244,2009,2015,4
36ed6718-0a6e-45a3-82ca-b314c0dd2553,2021,5000143,2009,2016,3
b701fd66-3379-404a-9f67-45a470a2cabc,2021,1148708,2009,2018,4
f474ecc8-9835-4e7d-b49f-92a55e559b67,2021,513,2009,2010,1
1724a9a6-a9ab-43e0-92d8-b88226615422,2021,113813,2009,2011,3
275536ba-57f3-4b36-bdb0-c0c6f6c32ae7,2021,86326,2009,2010,4
390fb7c5-2913-489f-977d-1dc9eaa2952e,2021,113813,2009,2012,3
76eff457-0744-452d-adeb-dd6d28a2f8f2,2021,118468,2009,2014,4
10eb4961-9a6b-4199-87bc-faadb0fc65e2,2021,13401,2009,2017,3
76ba9747-b3cb-4c95-b21e-2e54ce42d6d1,2021,64664,2009,2016,4
f85c01f0-0c06-4639-9772-97240efe4fc4,2021,1288002,2009,2018,3
ec6c2d7e-ebe4-4b54-a4f6-076855a3720c,2021,317,2009,2012,2
6da60bf6-6994-46cb-ba1e-d01e83dea310,2021,13216,2009,2016,2
87c27610-2b1a-43bb-9f31-09032e6c0e23,2021,118420,2009,2011,1
0db5047c-39e0-4701-92bb-48a9f0f08127,2021,19042,2009,2012,1
301881b4-29e7-4847-b7d2-e19f778e9901,2021,18903,2009,2019,4
724e8a53-88e5-40b7-934f-7ccc89c6550f,2021,81210,2009,2016,4
0ac31f53-1344-47fc-87a1-0710963c9133,2021,1288002,2009,2018,3
6c28873d-295e-41b5-8ab0-0fc1bcc411c9,2021,968,2009,2018,4
d04a3986-d880-48e5-896b-9dfae2688b4f,2021,13446,2009,2016,3
eac2c983-2673-4f6b-983a-ee71d8412ef5,2021,1288839,2009,2016,4
1dff6d74-f777-46cb-81f7-28a25b0bb346,2021,21464,2009,2020,4
c60ce8bf-8413-4202-b7ab-ea3cdbbc1c33,2021,1136142,2009,2019,3
710a5dd7-3c77-486d-b952-7dcd56f3f81f,2021,54934,2009,2017,4
4cf485ed-c9ac-4b02-aeac-a788d6766328,2021,19047,2009,2018,4
53172646-bfdd-4ff7-bce2-2e2dc6591b95,2021,18671,2009,2015,1
1abf65ac-d771-4554-a9bc-7a06ef3ecde8,2021,1385488,2009,2018,4
5427d5fd-ebab-447e-8060-33314d098223,2021,13595,2009,2010,3
9ee18fc3-389d-48a1-ae0e-a6ee91a97187,2021,53333,2009,2018,4
fa9c04aa-77b9-451f-8ffc-1e980692eeb9,2021,1102628,2009,2010,2
235199b9-a318-46c0-b698-6323c8e4079d,2021,118420,2009,2011,1
23ac1a8a-7def-472f-b0b8-1ea06a883a93,2021,9414,2009,2010,4
95ec3998-22da-4813-88d6-a7f03df9cfed,2021,5000143,2009,2018,3
a5c5cef7-0e34-47ca-ac60-e29f95806469,2021,53333,2009,2018,4
05425fe4-9da4-4041-88bb-1b7628363b46,2021,11452,2009,2015,2
95ed3b5d-dbb9-456d-a965-647aae673ed1,2021,116770,2009,2020,3
9bb22340-a971-4970-a5f2-098cd7f4fbee,2021,13595,2009,2017,3
75419789-f8c6-4ab8-9f41-c0f2380ab1bb,2021,18584,2009,2012,3
2592b239-377e-42f7-9306-e7ca2b653802,2021,102590,2009,2012,1
c1ca298d-3f10-4cbf-8f47-44e4b2624e69,2021,1113582,2009,2015,1
706159cb-bd85-4efe-bd7a-4e1ab0012b4d,2021,19042,2009,2010,1
ff253117-df8a-4f9f-b305-053324d281ca,2021,97778,2009,2011,3
7bacab5c-e6a2-4d0c-9184-fe6d17cad2e8,2021,47069,2009,2017,4
863e85d5-fafa-4557-8688-86e6778ce32e,2021,1187671,2009,2013,3
d243031b-5364-4105-a0cf-692cdeeb852d,2021,1187671,2009,2012,3
3049b83d-6849-4470-bb9b-a5feda7a2153,2021,86326,2009,2010,4
72e2a1d4-7a80-407f-88c8-c5b98df2ce61,2021,86326,2009,2015,4
f7c7289b-933e-44d7-a42e-8d5d3ee787fb,2021,86326,2009,2010,4
6c288d20-5b3b-4f62-a096-a0f71f2912ae,2021,21464,2009,2013,4
29b49d80-c0b7-4cf3-973e-366b310156ff,2021,318882,2009,2013,3
7620eb0f-c61a-4d1c-821b-4e80f42faf2c,2021,13595,2009,2014,3
68f6b592-1a1d-41bc-8909-f96bbb790451,2021,1265453,2009,2014,4
f38534dc-190f-4154-b9e2-1abe73b0ecd2,2021,41238,2009,2016,3
30f3fc7f-459e-4039-899c-2f3a3223c819,2021,88084,2009,2017,4
924d0d65-1f55-4c1c-961e-d8dc6a5d4ae2,2021,1258654,2009,2019,4
06852e53-b373-4ebb-9821-ee0ef576ff8d,2021,1180773,2009,2015,1
2710688d-93ef-474d-aa90-97cdf2a7ddd3,2021,1180773,2009,2016,2
b2cf5486-b68c-466e-a253-a1f80bcfe85a,2021,1136142,2009,2020,3
f9af56f2-ea87-497f-8d60-c6a805f43feb,2021,1136142,2009,2010,3
c553c94d-eb46-4a07-afe7-637524fe64ef,2021,1136142,2009,2014,3
03b85744-8fa9-4669-bda4-24d30b7d0f08,2021,118420,2009,2013,1
62bf80a7-9f89-4ab1-b93c-6ae5b50f2df5,2021,118420,2009,2011,1
7b84ca3e-2854-4a17-a862-45b39eb98d2f,2021,118420,2009,2010,1
c04eed1f-e3c4-4dbc-ba45-593a123b4a10,2021,118420,2009,2010,1
0ee20884-aa55-4da0-8cc2-f61959fdcfe0,2021,118420,2009,2011,1
95f22499-5034-4224-bf68-355084905579,2021,94762,2009,2010,1
c7695252-c089-4dbf-b067-16bafa9b4c6c,2021,94762,2009,2011,4
0697f332-3cc6-414b-9065-afa8e6c19337,2021,94762,2009,2011,4
a2cb0fef-194d-44c4-9b3a-1ce4bfae8ddd,2021,94762,2009,2015,1
d7e33da9-7839-41f1-a64d-9ed7f49f5c30,2021,94762,2009,2020,1
1839e5fa-956d-4b83-a0e6-e182a263ce18,2021,13277,2009,2012,3
a80a477d-582d-403c-a55a-c011389d5445,2021,13277,2009,2011,3
4eb0e022-ea74-4330-8e7b-a890a0bb7976,2021,37862,2009,2010,1
3409602f-4f38-4610-be55-94506b477558,2021,37862,2009,2010,1
f7ca51e4-2511-4208-880c-6d2118c4599f,2021,37862,2009,2010,1
6a580b39-6154-4da7-9878-09dfad30256d,2021,113687,2009,2017,3
6676bdc7-898b-4222-88c2-1dbe29c8e84b,2021,20030,2009,2010,4
855371ff-6583-4a28-b7e0-54f28cdb8944,2021,1427745,2009,2018,4
b2aa1609-310c-444c-bc2f-eb11114752c7,2021,114616,2009,2011,4
194a0e91-db90-4c0d-a629-ee6b144add26,2021,95175,2009,2011,4
b41f217b-c5d4-4576-88c1-16189d75e996,2021,95175,2009,2013,4
414195ef-cabf-4a85-8291-134022ab8e69,2021,95175,2009,2009,4
c9011a96-9fcd-4e58-b93b-64e294052f04,2021,67092,2009,2017,4
e536cab7-4e83-4fb8-9d44-18ab0c25a58c,2021,20756,2009,2011,4
76d7251a-297a-4586-b762-6acae99c29e1,2021,12025,2009,2011,2
fcc7abf3-6a5d-4135-bfe8-5e19b165c33f,2021,12025,2009,2011,2
6fa49125-f68e-4deb-a0dd-88a375f1e7f2,2021,20239,2009,2016,3
7c07cd5e-56fe-4474-8b1a-59420309e723,2021,20239,2009,2015,3
df2e5d09-7220-4b33-8fb4-962d6b0e1c80,2021,1190071,2009,2015,4
5353c32f-70ad-494c-984a-83c89055fc83,2021,1101244,2009,2011,4
e99db1bf-ff5d-4013-a1d3-58df2ed686fe,2021,1270680,2009,2015,4
3f2bf50a-f6c5-43c1-9c1d-a5631f531326,2021,60886,2009,2017,4
d4f3af18-b9d9-4f4d-9d73-c4847e0ff973,2021,1270680,2009,2016,4
2f66d47c-14e8-405a-9c99-e473debf4e29,2021,1166783,2009,2014,3
abba5c7f-c251-426d-998c-afd8830ad730,2021,113813,2009,2010,3
377f31bb-3e5b-427f-b4ec-a909d4195c70,2021,99406,2009,2014,4
9bf49fc9-c786-43ad-8cb1-ebae85b1f131,2021,82364,2009,2018,4
6932e259-14d2-46e6-b5ac-42d082b6dc84,2021,1118057,2009,2017,4
5d99df80-e63c-478d-a8df-927b60007707,2021,5000135,2009,2015,4
54d49394-b06a-4730-be4a-fee7bd8a7c98,2021,2209,2009,2010,1
6e335fde-035f-49a5-aef9-e88d72305fca,2021,2209,2009,2009,1
e6342451-6b48-4578-a987-5ffc3442a084,2021,21464,2009,2018,4
4c54068c-a719-4712-a9b9-a84d6ef4b19e,2021,48675,2009,2014,4
ad2fad20-bac3-44a8-ab02-18943ff92cac,2021,1042278,2009,2015,4
d20ebdef-a330-4b3b-b6b0-73b19a4f9d0e,2021,1161716,2009,2018,4
f7af3429-5904-48f2-a9f7-914be76d068d,2021,90030,2009,2015,4
67843046-ddc2-4da5-9c3f-68eebc030c78,2021,968,2009,2010,4
f0ec1ddb-e4db-468c-a312-1a0bd9fa90f9,2021,18683,2009,2010,2
f406f666-d2f4-4c27-a4e9-fae5b3d86c96,2021,108660,2009,2017,3
e5499804-3743-47f9-bafc-8781c6ea72ef,2021,108660,2009,2014,3
53761d53-9186-4961-8b32-6ac7d281d736,2021,108660,2009,2017,3
540e0feb-01c4-4d5f-8bca-d5c6cb42781c,2021,108660,2009,2014,3
be7b5038-354b-4195-b760-4d6f587d4909,2021,98764,2009,2012,4
0cc35569-c172-45e7-b88e-ab1cf071bec9,2021,62484,2009,2014,1
329624dd-1c39-45ae-a43b-50bfd6b67e2b,2021,94762,2010,2013,4
d3c59780-fce6-43ae-acfc-8d37496ae318,2021,1181115,2010,2015,2
5e378534-2fe6-43f4-8ac9-2d6eb07500fc,2021,101942,2010,2018,2
fc34860d-3dd4-4cb5-91c4-a97b085ff025,2021,94762,2010,2018,1
f4df2ab1-bb8e-421b-b41f-0bb59a1d0f4b,2021,58808,2010,2017,4
8e1aad41-45e9-4a9a-ad52-c3fad8e3b481,2021,2209,2010,2019,1
f1b1b609-c0a7-4c80-8f30-9979c2a52d7f,2021,1102628,2010,2012,2
3e17b176-b416-48bf-83ab-cc75017a0331,2021,106996,2010,2018,4
a9dbf7a1-a362-4093-86ce-8dbb85b11fdf,2021,108660,2010,2017,3
d3f6ff05-5657-4c52-affd-5292993ea419,2021,18584,2010,2011,3
35972c9e-5380-46b5-8638-132c3b4efc9d,2021,64664,2010,2014,1
58c7bcf5-aed7-4246-964c-05c20204d137,2021,118994,2010,2011,4
9baef818-3593-40e2-8d61-a91907e0a636,2021,48205,2010,2020,4
51131788-bc6e-4032-b4e0-6359cefbdf97,2021,18584,2010,2011,3
d15f7967-ab4d-4473-9c17-2e8fe9c53e9e,2021,1190071,2010,2014,4
7cd7284f-d1cd-4203-8be5-31601f95f81b,2021,48205,2010,2017,4
8c99837a-4bff-45d7-a76b-0b90d7b4df3f,2021,95175,2010,2017,4
11ef02b5-b364-470e-bac6-e1b4388d2c6c,2021,107422,2010,2018,4
b4b51952-892c-4a36-a2b4-d91ce93d1f2a,2021,13277,2010,2011,3
52ad1b96-48d8-4f4e-a94f-42bc9d818ae1,2021,9425,2010,2017,4
8a5e10d6-3a22-4e34-b444-8525f7c3d524,2021,13277,2010,2012,3
11b33158-b950-412c-b378-8f15578435b2,2021,13595,2010,2014,3
e704564d-3408-4363-897b-b5dceb1257f2,2021,21464,2010,2018,4
a2b69844-cc33-4dc4-bddf-b27ed19a7019,2021,1288839,2010,2014,4
45a7e83a-d57e-4b13-b5e9-59b49ff71c4d,2021,5000143,2010,2017,3
c41240b5-e08a-4320-9951-8dd5f65a8842,2021,41238,2010,2017,3
2b6576a9-55ff-496a-8e82-191bc41407a9,2021,106996,2010,2018,4
26633614-92ed-4ad5-886d-7ce5bfbe50dc,2021,37862,2010,2014,1
7bedeb1c-8266-4175-b65f-e0e6292086f8,2021,1190071,2010,2016,3
d9f687b5-3215-4e14-ab8e-4b40256eb8a0,2021,317,2010,2014,2
54991a06-e59f-4a16-a980-c2fa8b6ecf40,2021,37862,2010,2015,4
3a8be96f-74d2-4dd2-962a-5407e08873f4,2021,83388,2010,2014,4
59f087a0-4939-4940-8fcd-4f318c88a219,2021,113687,2010,2018,3
087f3bcd-8e70-417d-bfe4-dc3d947c71b5,2021,107360,2010,2016,3
769396cf-2be0-4c95-bf0d-2cb6db94721c,2021,95017,2010,2012,1
c6bea6da-8946-486b-baa6-79767994a9fa,2021,90030,2010,2016,4
220a923f-45f9-4a8f-8171-159c47956a9d,2021,22047,2010,2019,4
f07ba6c2-7c27-4bf5-8b3d-fdf678df19cc,2021,1190071,2010,2013,4
4d5c6021-354d-4724-be9e-a098a0d1eef1,2021,13446,2010,2017,3
75470f96-551c-46b8-b7b7-ebd8620fa21c,2021,108660,2010,2017,3
ffdc5471-3bdb-4c25-852d-3cb215fe44d0,2021,37862,2010,2011,1
c0371a39-64ee-437c-ae1c-0fb9d84be6fb,2021,1265453,2010,2014,3
7d378497-0017-49a7-85fe-a40b61d24c89,2021,5000143,2010,2015,3
95739864-eeb0-4d6c-91d2-3be7f2d6cc16,2021,49054,2010,2015,4
45600ec4-bb88-470e-b460-f798a7b54a70,2021,1283028,2010,2018,4
99cda5c4-3f1d-48ea-b648-2f1e63ec8730,2021,1314243,2010,2015,2
3fee36df-de77-4963-9212-4b6344a2e149,2021,101942,2010,2014,2
3b2278ed-5e0d-4f0a-9d2a-e01654266999,2021,1132918,2010,2012,4
300c6268-7139-4e3b-acc0-1775218bf4c1,2021,55777,2010,2016,4
fcffc15d-8b4c-461f-a55c-899e626b1a7e,2021,5000135,2010,2011,4
730336c5-baaa-48b6-b469-0d21a5a0f01f,2021,37862,2010,2012,4
4a09af6d-5c13-48d8-83e7-489720538db6,2021,49054,2010,2011,4
f01858db-4e12-4a28-82e9-b040690658d3,2021,94762,2010,2011,4
6a5a1ed7-5585-4fac-8e9b-da6e73115e4a,2021,94762,2010,2020,4
ed6c1ec2-3dbb-43df-84a7-2fe5623205d4,2021,1132918,2010,2016,4
25485eb6-cee4-4490-80f1-9968826971de,2021,104360,2010,2017,4
f52467fe-3cb8-49f3-bebd-9237b9904554,2021,58808,2010,2017,4
6e3cfa20-128f-4d35-b20a-3eda2dd5f0e4,2021,13446,2010,2016,3
4a865368-05e9-4b53-bbcf-208ea070786a,2021,5000143,2010,2015,3
f1467038-8337-457d-be50-bcffdd8bf7ed,2021,2209,2010,2012,1
47349cce-20cc-48a6-b87c-166f584d9967,2021,317,2010,2015,2
9c3e1a73-fd2c-4716-89c3-35fa99cf608e,2021,1102628,2010,2011,2
513c2c32-c530-4da5-bf0f-98cc1a6ee5f5,2021,95017,2010,2013,1
ebb501b5-d570-44fd-9734-17a517f15f4d,2021,108660,2010,2017,3
b1181ed3-0596-4e6f-808c-df257b89ec46,2021,37862,2010,2012,1
58b37ccf-94bb-4f51-93a4-69bf929344f8,2021,1102628,2010,2015,2
05000c06-9bf2-40f8-9f96-216c2006cff8,2021,9414,2010,2016,4
328428da-c3e2-4fa6-98f0-176c2e9bdd67,2021,91181,2010,2013,4
493b1185-aa63-46e9-ac4b-6329d02eca3e,2021,37862,2010,2015,4
4ba95042-84cc-4bdc-bb9e-a77fa8799c67,2021,317,2010,2014,2
f1000850-bd79-448f-a337-2dc5b7d9f43b,2021,13277,2010,2012,3
82190efe-9156-4db2-b29a-90f0bd49a8d4,2021,108660,2010,2017,3
2995ce32-8e89-41a1-ab0b-13d744de6cfd,2021,97778,2010,2013,3
5ebd47f5-b5e0-413b-bd90-d94f472efdae,2021,1318224,2010,2016,4
67cfa492-4e30-437f-8a82-99eecee4bf8b,2021,101942,2010,2014,2
20a7711b-5e1c-4e79-b4e4-bbdcd4406d12,2021,13446,2010,2015,3
e30f33e3-be28-4caf-9f28-2175cea904ff,2021,81210,2010,2011,4
2ed59f3b-5b07-4323-9bc5-a2187566d5fa,2021,99406,2010,2011,4
e5cfdce7-107a-4dc2-b0ec-192239720648,2021,1190145,2010,2015,1
b98e5f3a-ead3-48af-ac58-57d03b1ba802,2021,59122,2010,2015,4
f7fb0255-9fa9-4550-8daa-f113b35b1c44,2021,1070485,2010,2018,4
90b4366c-8ae3-4078-9bf3-19b0f6ba4ad4,2021,94762,2010,2018,4
24c19210-9f35-4846-9a34-e960563132e4,2021,1283028,2010,2018,4
59933b9a-ad5b-46d4-9d4f-069cd4e33561,2021,1190071,2010,2013,4
48961218-f4f5-458e-8983-cc33f582cc5f,2021,48205,2010,2020,4
86b39d1b-b2ef-44b9-ba7d-15edcaf70a1d,2021,53331,2010,2018,4
d586b8cf-167b-475c-9f36-cf6e614f5e51,2021,1306689,2010,2018,1
e024459a-7c3f-468c-916b-d92dfad7479e,2021,67601,2010,2014,4
54dee93b-175a-4810-88c4-113157704ce5,2021,1181115,2010,2015,2
b23b7955-1d6a-45e6-8997-0c3a89e4e9e1,2021,13446,2010,2017,3
1d944edc-5656-4810-b6a7-307b7244f3b2,2021,94762,2010,2020,4
d676b689-9202-4286-b76d-69e7a0320a2f,2021,1427745,2010,2017,4
3c1465e8-2b10-4e6d-89af-e10cde20da6e,2021,67601,2010,2012,4
f1025786-2dd5-4662-b84f-7e625d492088,2021,1187671,2010,2011,3
d861c1c0-2915-452f-b423-1baa1b1b4377,2021,1136142,2010,2011,3
5c4c1583-1735-4e29-8861-256a0775708e,2021,20030,2010,2018,4
32aa0dcb-6d95-4379-bb5e-2c4d10c62d3a,2021,116770,2010,2015,3
d711df9b-86e2-41e4-8eaf-5334ac35facb,2021,11452,2010,2013,2
6af75da8-b4b5-4517-9f73-3ec48900a214,2021,1288839,2010,2015,4
b0a725d4-c72f-47dc-a569-d7a638328679,2021,1190071,2010,2011,4
8690938c-155e-47b2-9f4e-675a4ac7eb4b,2021,49071,2010,2018,4
6bcd6209-dfff-4155-82dd-cd7ccb63fb1f,2021,1047907,2010,2012,4
c07a8a5a-252c-41f2-a026-8cfc854a0244,2021,47051,2010,2016,4
1a9ba3ce-bd64-43b9-a2b1-d5dfdfcce0f7,2021,18559,2010,2012,3
013fcfd7-5048-4e5e-a61f-29bf2a3783cd,2021,5000143,2010,2013,3
162dc553-9fef-42e7-bd55-f5db63c5f90a,2021,107360,2010,2013,3
6145a8f0-0b28-4806-a3aa-05cde12f2b8a,2021,97778,2010,2012,3
8357b391-5eca-4993-bd64-0c2ecf149f87,2021,114616,2010,2017,4
4518d84b-d475-4cc8-aa6d-acce31c3717c,2021,1288839,2010,2015,4
3115e488-cf8a-4a0c-b38c-61ede3f3c83f,2021,108660,2010,2017,3
bd1018ab-539c-403c-99d5-ede6491f4d7e,2021,1283028,2010,2018,4
f9c2163f-4e6a-4148-a1c9-c7b65f408cb1,2021,118468,2010,2017,4
f95ca3d3-928a-41e0-b620-1e01d91a3b5b,2021,1190071,2010,2015,4
c6d31a5b-21e2-4021-8e0a-3fc876d337d6,2021,107360,2010,2015,3
81b26ab7-0a14-4a61-9c28-8717fc9b5c1f,2021,47051,2010,2013,4
79ef2603-f860-4adb-8a83-fd4effc2a0a1,2021,1132918,2010,2012,4
972a6ceb-6772-4fdd-ba4e-f2945c93fb9b,2021,317,2010,2014,2
ace2462d-b928-44ad-b4c1-9f5a3b105c2f,2021,1288839,2010,2015,4
9bb30af6-5243-4c70-ad2a-113a4ca35867,2021,1103723,2010,2014,4
d4826dc8-7d68-408b-867d-17036e77bb84,2021,83388,2010,2014,4
7fb677bf-d8ff-4b4e-ad2d-a127577b1c64,2021,2209,2010,2012,1
40b9b8d1-76b4-4a62-9d5e-966a0636f5bf,2021,68930,2010,2018,4
2940d14b-c308-4738-a491-2111b6e66437,2021,98305,2010,2011,3
f4de86f4-1cce-4df6-a2c8-380653c0e30e,2021,1047907,2010,2017,4
5161b22f-2408-4d5c-a7a6-c6c3f3dcd36c,2021,113455,2010,2014,4
d73e6dde-9a6a-4212-ad76-86adfc0d9f89,2021,98595,2010,2018,1
c9011f46-971a-4062-9808-7bdc1f064228,2021,1288002,2010,2018,3
5cdefb67-0af2-49f0-ab4f-a8a269042299,2021,117022,2010,2015,4
7046d814-b8a4-4572-a83e-1b81195f88eb,2021,20030,2010,2017,4
c6de1ea9-9f87-4658-b19e-2dbaf9267f9e,2021,98305,2010,2014,3
28dabaca-43c3-4f4c-9fa0-412b8a6e3454,2021,118420,2010,2011,1
15a5dbd1-1190-4905-b2b4-de5f65acda79,2021,5000135,2010,2012,4
2b781f4d-088d-4249-a01e-9ebc9eb19b17,2021,47051,2010,2016,4
8aa3a9e4-4566-458d-8d69-7d40fbea2cb1,2021,1136142,2010,2018,3
47ecbb03-897a-4eb5-98fa-2328ae6aea25,2021,13216,2010,2017,2
5d42c3b1-8997-4abe-9ebf-0480f91ae799,2021,11452,2010,2016,2
154f5dfe-6eb2-4308-87dd-3bddc0783452,2021,19047,2010,2019,4
bd32b02f-0c03-493f-81bd-12ea987ff7c8,2021,118420,2010,2010,1
f5850354-51ad-4e82-8879-cd11a94f69ce,2021,1314243,2010,2015,2
84abcd08-7536-4f31-aff4-c1a72430a8a7,2021,1322390,2010,2020,4
9af8a7cb-227b-4177-9237-417c2cfc27bf,2021,1315444,2010,2018,4
eccd4661-394f-432a-bea6-4db33991f3d2,2021,13446,2010,2014,3
85043cc2-56bf-4285-a4f1-8b08cd940f73,2021,21464,2010,2017,4
2ade72b6-da38-4563-a9a1-93521039c9ca,2021,1204325,2010,2019,4
bfdf8d7d-583c-4082-bd7f-37579e38dabb,2021,97778,2010,2015,3
2ea77cdb-7ef4-41ac-84da-62e13ef88f2b,2021,2209,2010,2016,1
567b698d-a8e0-4a3d-be91-35f8bae24388,2021,968,2010,2018,4
18c76916-7104-4ee4-b050-11b6e4796209,2021,5000135,2010,2011,4
3f368ad3-402a-4ed0-a690-37e07ed42f51,2021,12313,2010,2011,3
ea8c3c83-095c-4ad2-94d7-843b4a9ed045,2021,103062,2010,2014,1
008fb080-2097-4fa7-8518-8425694110a2,2021,13446,2010,2015,3
e714f44c-bbdd-4088-818b-44a48e56f64f,2021,1139692,2010,2018,1
78e08d85-0d77-4436-b8f9-d2fbf339c445,2021,13595,2010,2012,3
a30975cd-805e-48c7-ae52-2c99bd4563ab,2021,5000143,2010,2015,3
06b88bd7-8b5b-4be0-9531-901c373988cd,2021,64664,2010,2016,4
ceec2811-5714-4cbf-9566-c1b27beaddce,2021,91262,2010,2015,3
7684fd1a-ebf3-41fa-9675-18e3cabc86b3,2021,1283028,2010,2018,4
6fe3df8f-408f-41c4-872a-06e8590f5440,2021,99406,2010,2013,4
b67761da-dc5c-4fb8-bcad-b4c36c346792,2021,968,2010,2017,2
9b219a5b-4901-43e1-9467-0112b4f74a42,2021,118420,2010,2016,1
7b71bbc8-f318-4130-aae4-0f34c2a59d6f,2021,94762,2010,2020,4
dc020f0c-e52f-4d42-ba9e-e3ba621a02d8,2021,13595,2010,2013,3
dcdc14ce-dec8-4b42-bdcd-380b04a771db,2021,2209,2010,2012,1
14d21a9d-b25b-471c-9f41-cd836c620662,2021,11730,2010,2011,1
b1acd2d5-438a-4995-84c2-5824960049c2,2021,1047907,2010,2018,4
aba61032-f130-448d-9bf9-72a7c956ce94,2021,1306689,2010,2019,1
50828689-ae9a-4e01-b4d1-5246452f1802,2021,9414,2010,2014,4
1ae75bff-86b1-49c6-8584-78881e38cb86,2021,1330347,2010,2016,3
887caf50-2d62-4d72-8e66-780996713735,2021,18903,2010,2012,4
0e74d290-6f6a-49d4-b23b-674b109c2290,2021,118420,2010,2016,1
487b7cf7-e886-4764-816a-af130c297390,2021,13277,2010,2012,3
6b96e19d-9670-462b-bf01-bf516e10fcc1,2021,13446,2010,2017,3
2aefc3ea-ecd0-4c13-8109-0ef955279f5f,2021,13216,2010,2015,3
1caebb55-6bf9-4506-a38e-d96e06531db1,2021,47505,2010,2018,4
2be12654-b587-45d5-8bce-caeb4dc387f9,2021,1351760,2010,2018,4
c26511cf-6b24-4a6b-be45-4a0753726157,2021,118420,2010,2011,1
bc035164-27da-4a92-b2ef-e4a604886729,2021,1047907,2010,2018,4
1e28fedd-796e-41dd-ac8d-2229a9956aeb,2021,81210,2010,2012,4
f6d78af2-218d-4cd5-81d7-961b273b31ac,2021,94762,2010,2020,4
6a66018d-d2a0-40fc-9fdd-4a5e3f15ac7a,2021,101942,2010,2016,2
45c93edd-fce9-420d-aa2a-229de8388687,2021,118420,2010,2011,1
28cbbdcb-4b98-472a-9cf2-143a8c302f06,2021,11452,2010,2017,2
baf69c21-5cf2-40e9-b1b5-728090579a43,2021,13401,2010,2016,3
633d20d5-798d-4078-b235-e49f2b7eae7f,2021,1101244,2010,2012,4
eb619264-cc04-4a51-8fc1-b7dc1502e399,2021,118420,2010,2012,1
c7ccc975-62d1-4a3c-bffb-3fa132a8e0ee,2021,98595,2010,2018,4
5dad8555-00fd-4450-ac2c-363d4824bef9,2021,12313,2010,2020,3
27f9c92c-94cb-42b6-a668-73e7a3d544ab,2021,1322390,2010,2019,4
9f4663b4-3ad8-457d-9467-69c8d6d65723,2021,118420,2010,2015,1
7caa168b-1fda-4e15-961a-206ba9928baa,2021,113813,2010,2012,3
fcac962a-24c4-4cf5-9fa9-2fcd74165288,2021,118420,2010,2014,1
12b74c04-e476-44c6-ace8-d164242a48b6,2021,1101244,2010,2015,4
3463a3a8-726c-476e-ada1-b2c3b5239635,2021,1136142,2010,2014,3
b432bac0-b835-42f7-a468-aa4e7877f587,2021,20239,2010,2014,3
0bf59d4e-1e47-4280-a494-2e8e89fc662c,2021,13595,2010,2011,3
d4f5c5a0-884e-4033-ad48-7a21459912a0,2021,5000135,2010,2011,4
7a480f31-75d0-4b03-b23a-633117879471,2021,19047,2010,2017,4
27d0f636-fcb7-493a-a329-b140901b2566,2021,118420,2010,2015,1
48beb095-0d67-4135-a3a0-81da71be6ca9,2021,62484,2010,2016,1
18393c7c-1219-4129-a094-b11680e7ac02,2021,97443,2010,2016,4
7cbf42d3-5f95-4a45-ab27-01164ccf88da,2021,513,2010,2018,3
2142197e-9a0d-4d96-8d71-2ba96f66b4cf,2021,13595,2010,2012,3
a0ffeb32-66ff-4f92-bbde-ee8c219fe949,2021,13595,2010,2016,3
4ea8b0ee-40a7-4065-bcc3-19b79cc68e53,2021,18584,2010,2011,3
3ea37764-fd39-4c7f-9c3a-c60789679d2e,2021,102590,2010,2012,1
39e9845b-1965-453d-ac66-29fbeafeb2e7,2021,102590,2010,2016,1
42b37b4a-b3b4-45b3-aa3f-1712998a7476,2021,1113582,2010,2014,4
60a3d139-acc5-4577-bb92-1021a57f2625,2021,1113582,2010,2015,1
aeb93bc0-3ca2-4ca9-8605-13e32d2d6390,2021,1113582,2010,2015,1
a2bb8805-9758-4c61-97bc-e2d31e64aa5a,2021,18559,2010,2015,3
a6a54403-0f1b-454a-9af4-f31fe24a68e7,2021,1113582,2010,2014,4
06e0e191-80c3-4550-8997-0c48e05c0a12,2021,1113582,2010,2013,2
59cacaa7-d609-4300-8de2-2fcc5fe7adef,2021,104360,2010,2014,4
0021c09c-3903-404b-b800-58f5527fe3b3,2021,18559,2010,2015,3
e8bc1294-6a6a-4697-907b-726cb8a5d015,2021,1113582,2010,2016,2
ddeaf582-555f-47cd-9439-58224198176b,2021,1113582,2010,2014,4
cccb27b5-f5ca-41b1-9101-edf2c45a6531,2021,1113582,2010,2017,1
3cb85fdd-08cb-4b8f-b6c3-51d59eb3fb5c,2021,86318,2010,2014,1
f9efefd0-e261-41da-9a3c-fd59605b4722,2021,86318,2010,2016,1
607e1aa6-1f1a-4ac7-b78d-b292f32d0318,2021,98305,2010,2011,3
1c9cc39f-6508-4049-9093-7d65f1c76ab6,2021,98305,2010,2012,3
7d23aeb3-9703-4a21-9652-c5837d3c7082,2021,73898,2010,2017,4
0d34a5ff-1d5f-44d5-975a-4571b3d7ae8a,2021,21464,2010,2011,4
043fa5a9-e1c5-4c1c-a05d-02adf8b98403,2021,21464,2010,2012,4
e3cd6765-d42c-424d-899d-f44bd844ccfe,2021,318882,2010,2012,3
7e727c50-0232-4d3b-851b-6f37020a34aa,2021,1190071,2010,2013,4
0e76a62f-4beb-4571-9c53-5a6d66f4eaba,2021,1190071,2010,2013,4
deeeee4f-7610-479e-b5bd-f0a31efa2a28,2021,13595,2010,2018,3
da19fbb7-5caa-4487-8783-5967511807b2,2021,13595,2010,2012,3
4486468e-402a-49ea-a5e3-1f60596ce920,2021,11730,2010,2011,4
beba4bfd-a8df-4077-873b-0cc2c186c244,2021,11730,2010,2016,1
90cc353f-6f2d-4962-b96a-2cf7a3f6f747,2021,41238,2010,2014,3
21caa164-0696-4d56-b113-10eb67ae7ca8,2021,1148708,2010,2011,4
d1c8ab80-2cec-465e-88b0-2027c3f3dc77,2021,1148708,2010,2012,4
dc65ce71-540b-4d65-a31e-c82b6d7604e7,2021,1180773,2010,2016,2
98560f57-c630-4661-9af6-21938082ff6c,2021,1136142,2010,2013,3
57e702aa-c3e4-46f5-9017-825a11506dc6,2021,1136142,2010,2014,3
d872c032-be3b-4542-97c9-6f28e5d2fe4d,2021,1110857,2010,2012,4
35d6cb87-b6b2-48e4-8193-fbc2cc04ea15,2021,118420,2010,2011,1
7a60b3f8-4cdf-4a3c-a772-54a2cc43b1d2,2021,13401,2010,2011,3
572d033d-36ae-420f-853d-38afa083fa90,2021,113455,2010,2013,4
088a0495-558a-4e77-adf3-5f59c0cdf463,2021,1110857,2010,2015,4
1e9cd7a2-7062-4d23-8b08-d0269175380a,2021,1110857,2010,2015,4
7e9f1d8a-286a-4be4-b1da-8585f2358b5b,2021,1110857,2010,2012,4
96f41649-d560-4d18-8e14-70df475b1a7d,2021,94762,2010,2011,1
c56f6d9d-1bb5-461e-a20e-2b6cc9812981,2021,94762,2010,2016,4
22fb669d-58f1-4f95-9d2f-a87dd541786a,2021,94762,2010,2011,4
e37ad01c-d830-46b7-9d03-d1406f6d760a,2021,94762,2010,2014,4
ef3df1c1-c78c-44ed-be2f-157cab4a1605,2021,94762,2010,2014,4
89dec898-5bd9-4e56-8bd0-27ed2eaea648,2021,94762,2010,2020,1
cd2840fb-7349-49ef-9850-53ada644e4ad,2021,94762,2010,2020,4
8a03298f-d627-4ed0-9017-79bc96cfdc64,2021,13277,2010,2012,3
f7ae8890-d42b-4afb-bf49-24e5aa15da75,2021,13277,2010,2011,3
ad9242f3-ca7b-4e4b-9511-6602ac0faac2,2021,18250,2010,2017,1
62cd7d3f-b5fb-45f1-b118-36b957e37842,2021,37862,2010,2011,4
db48cf72-2add-4fee-bdd5-06c4999f01ea,2021,37862,2010,2011,1
41117d80-4b3e-4a21-be42-646435c37782,2021,1187671,2010,2011,3
6ffb72dd-2c9f-4f1d-92d1-759a48f6c7ec,2021,56172,2010,2016,4
672235b4-6a95-430c-8a74-5fc54606a290,2021,1427745,2010,2017,4
12d58dda-cd0a-4da1-9323-605550169f88,2021,48205,2010,2020,4
3972dc7a-f55e-45b9-b190-dbae1e7aa687,2021,97443,2010,2016,4
72122545-4644-4fdd-8a8d-277bde12f4f4,2021,117532,2010,2012,4
43bf3ff6-b5e9-43f8-8852-83122011c03e,2021,114616,2010,2015,4
cb6e55c6-497c-49d5-a0cf-35c28d6db4b6,2021,114616,2010,2011,4
f9bf10be-f92d-419c-b7cc-8f7fb4c581d9,2021,114616,2010,2011,4
6d0da91d-cff7-4446-b9c0-929009faa246,2021,114616,2010,2011,4
96ecf5d8-daf1-43c2-af1e-7600f6bc95b0,2021,95175,2010,2013,4
8094e3fb-3e4c-4aea-9af2-6ccb2af05e97,2021,95175,2010,2012,4
e8009f5a-ad96-4d79-8bc6-dc835fcc3e33,2021,99820,2010,2014,4
79e45b32-187f-4334-92ed-7f1f0a6383e9,2021,1203177,2010,2017,3
fae440d5-2a72-4936-abbd-310abdafab77,2021,12025,2010,2017,2
44328c44-59e6-4be1-a6a7-30c5538baf87,2021,20239,2010,2015,3
e92e1c14-6f56-45fa-b1cb-3602e46c41c3,2021,1101244,2010,2011,4
5c3f5731-c948-46aa-a724-c147dcdb783a,2021,1101244,2010,2011,4
f7339fb1-8ec8-4e38-a1e6-b7afaff92844,2021,49071,2010,2013,4
529158f3-59cd-4d0f-b49a-a9c2b1d711c6,2021,64664,2010,2014,4
1270fe2a-cbb4-4cb4-a474-d69ad2320077,2021,64664,2010,2011,1
8d45968d-7449-49b6-9825-4d72738ea610,2021,60886,2010,2017,4
e0a61440-60ab-4b4c-b005-e58b1a6b9f7b,2021,60886,2010,2012,4
c876ae7e-25b2-4910-a145-1f45203edc38,2021,60886,2010,2017,4
5df5bd4f-17ab-48d1-86b0-db3a9fae1422,2021,60886,2010,2014,4
83f3a3e4-a490-4eb8-b6ed-6d8e3839ecdb,2021,116770,2010,2011,3
0d9248be-4754-4788-93b0-7f639d77ec62,2021,37862,2010,2012,1
d34002cd-1887-43f6-a135-f4bd68d6f684,2021,1166783,2010,2013,3
a0f20c87-f4db-48b6-9d17-05bf56b2eee0,2021,11452,2010,2011,2
59e87d68-9d1b-471e-928b-5913fd8c1e7a,2021,5000951,2010,2016,4
95246552-d0e7-46d4-bfe3-494506ffb9ce,2021,99406,2010,2011,4
2f0f63ec-900d-4fd1-a435-f13657490c37,2021,82364,2010,2017,4
1684a84c-4f4e-45e1-8665-f52fcfd3d872,2021,98764,2010,2015,4
62d669b6-4781-4bcf-91f6-1febdd7ec9ab,2021,5000135,2010,2012,4
9ee34a3d-9d77-40be-94d0-44679d6f3a08,2021,5000135,2010,2011,4
4c1e095a-6d2b-41a1-813f-b742ff6d80df,2021,94762,2010,2020,4
a979c358-157c-4e59-918b-1f471a9d7459,2021,43664,2010,2014,1
8dccae0d-39c2-49cf-926f-64297f600c9a,2021,2209,2010,2016,1
fd22ef4f-7944-4f7e-a19d-f3a36ebdcabc,2021,2209,2010,2011,1
4a5ae1b0-6272-4dff-8ae1-d979df51178c,2021,21464,2010,2014,4
e21f62c2-a847-4df7-8b61-8828831f7fe0,2021,1042278,2010,2015,4
2cf2416f-1cc7-42b7-9e9b-a01655dda9f6,2021,114616,2010,2018,4
47d6544e-f8f6-4193-b5fb-c157deb29e45,2021,90030,2010,2012,4
918984fb-fe35-47c4-bf68-4d07a3d8e40e,2021,49054,2010,2014,4
de26d84a-b04a-4dfc-87b0-bc581980d483,2021,317,2010,2011,2
53450253-59b4-4954-bf2d-1eae12b5421a,2021,317,2010,2011,2
a38624bb-2c7f-44fa-8117-77a45e7a980c,2021,13595,2010,2011,3
66ed0700-fb31-43bb-8896-57721634f776,2021,108660,2010,2017,3
b9cde844-cffc-4a11-9f88-bb99a1506c7b,2021,108660,2010,2014,3
47d39912-bd02-4d5a-9ef2-4b6b0845c531,2021,108660,2010,2014,3
908eae4e-cda9-4869-8a02-34ec4cfbf793,2021,20756,2011,2017,4
8c568d72-9e7b-435e-97c8-26456a944c3d,2021,94762,2011,2020,4
71195a74-7496-49fa-ac3e-6d8f68091469,2021,94762,2011,2020,4
f67baabb-fedf-4b94-8683-a4fc50bfd350,2021,9414,2011,2017,4
97b1092a-5e10-4d8d-b73f-94d8afb374d5,2021,1187671,2011,2012,3
39f7d81f-b9c2-41de-80dc-c0392a3bf0bd,2021,37862,2011,2013,1
368aead8-3b2f-4089-9120-6bf82bfa29d7,2021,1070485,2011,2013,4
96b37756-09c1-413f-8eee-62c0bba860ed,2021,1322390,2011,2018,4
54be0155-5dd0-4e64-a2ce-9ff2ad835abc,2021,108660,2011,2012,3
e7d9c59a-2f98-4430-b650-5b258334d93f,2021,1101244,2011,2014,4
91dee9b7-6292-4340-a8fa-8550170c7a7d,2021,108660,2011,2014,3
9e0eada2-ec80-4d91-b046-560a434b2c31,2021,1117717,2011,2014,4
40b4259e-c157-44f4-a88a-2cc481926ecc,2021,13595,2011,2014,3
8965f783-9e28-4d44-89b6-85b7d037b40d,2021,113813,2011,2014,3
e71a3e29-59dd-48e9-a820-1f384d950dc3,2021,13595,2011,2013,3
297d81e3-b6ca-4626-9ef3-e0b7d1da9240,2021,108660,2011,2017,3
a4f2b206-f84f-4035-b6a5-09dbbd96f942,2021,18267,2011,2015,4
d06212d8-352d-401a-a09a-7ef39e4bcec0,2021,968,2011,2015,4
05973db7-6449-4759-a7ad-56ac0f962866,2021,1190071,2011,2013,1
1c6eac3c-140f-426c-ba3e-fb79799cec37,2021,9425,2011,2015,4
c4d8182f-7f0d-4029-904b-98d7159f5c3c,2021,98305,2011,2012,3
64bb0a13-7a59-4cf6-99ed-a99aed64d93e,2021,13446,2011,2016,3
b8f2f28a-39c7-4b30-8743-2abf742ad9c5,2021,1306689,2011,2011,1
67128645-fa9d-40f9-ba6c-fb3fcb6ca06c,2021,2209,2011,2013,1
9c11d0c7-d6bb-47b5-8502-4a440734f568,2021,1318224,2011,2016,4
dfbc5222-cb91-4701-9e91-8d010336317f,2021,118420,2011,2016,1
e86311cf-7af8-4624-ac63-ada17c32446c,2021,18903,2011,2018,4
172f7a85-0ba7-4487-b87a-8a66a63ad11e,2021,95017,2011,2012,1
5ba83965-f907-4d5f-9f2f-0f702dfd7ca0,2021,5000143,2011,2014,3
549a3876-f60a-4757-87a6-4136cee655ca,2021,37862,2011,2012,1
097ddcfe-df1a-48af-8a45-8980c32e8d4e,2021,1190071,2011,2013,1
19f11021-df04-4b46-b1c4-5d48f45e3374,2021,98305,2011,2013,3
d0984f90-0797-4d42-b4fd-59e003947a01,2021,106996,2011,2017,4
cb5d0ee5-343a-4a34-b94b-d9de654c74bd,2021,1101244,2011,2012,4
6ca94dce-22c7-418d-a9cf-a8bc06e2a9e7,2021,9414,2011,2015,4
f48ddbae-d0eb-47f9-832d-b08a51796b17,2021,1101244,2011,2012,4
df561575-5f39-46fa-994c-ae510fe39ea7,2021,59122,2011,2018,4
a1646457-75d8-46b4-9901-7d283a2ac44f,2021,1318224,2011,2017,4
f53ee6a7-2559-458c-b213-cf5b5475fa60,2021,106167,2011,2012,1
ae4eca9d-6aeb-48dd-a199-93c2a33b0bc5,2021,1190071,2011,2012,4
c509a632-87bb-4e8a-95e7-abc2b95b743c,2021,48205,2011,2018,4
bf51210e-4b23-4cbc-9e71-c93b4d1ce752,2021,1376131,2011,2017,4
9842e95f-9647-4470-9d1b-88db1260ad00,2021,54934,2011,2012,4
ec35a4d9-1db7-4f7c-a2ac-9ebb04be58c2,2021,11452,2011,2014,2
a46fe083-5382-486d-a251-303d18206026,2021,98305,2011,2012,3
1673a1c1-49f8-4398-a3b4-6d707ddd4f82,2021,118420,2011,2014,1
77d26b58-fede-4747-87e4-18f4344f77a0,2021,94762,2011,2020,4
dfcd21f3-6e2b-46e2-a3a6-ad43a7aae03d,2021,968,2011,2013,4
18ddd4a9-4471-40fb-a97a-6964d4ac4c35,2021,11452,2011,2012,2
0163f1fc-5c52-45a2-84fb-983c304040f9,2021,13446,2011,2015,3
6f8e3e0d-bc21-4852-a338-bdd788b2aa7a,2021,48205,2011,2018,1
6d2076ab-3a84-484a-abd7-0b40e38211f4,2021,106996,2011,2017,4
5a470075-5ac9-4b6d-973e-9cd6e6999401,2021,1190071,2011,2012,1
842cc844-838a-4f46-ae72-1d8f15f85edd,2021,13277,2011,2013,3
f4f6d4b2-a126-4ed8-b609-1c887787371e,2021,1108692,2011,2018,4
0981eb5d-652b-4ef0-90af-78ea9d29b02a,2021,13446,2011,2015,3
00502eda-ae3f-425f-82dd-87141487a459,2021,116770,2011,2017,3
bd5e6afd-7449-4e8d-a3e0-a833bad1e4e9,2021,1318224,2011,2018,4
c7dd4afe-685f-465c-8c0c-a468250ef84e,2021,1190071,2011,2013,1
6632c8d4-ee3b-4c02-b625-f59713933433,2021,41238,2011,2016,3
ed6f5b48-a997-4dea-aecd-17c1e7c7ce04,2021,968,2011,2012,2
6adf6051-6113-4087-b97c-e537772c4927,2021,64664,2011,2017,4
e44ca27c-b3f3-450e-a6b0-d101359521d5,2021,95017,2011,2014,1
5156fe21-1f98-42af-a700-6436f95cd363,2021,55777,2011,2018,4
a5e64a7e-c11e-4dd1-ba95-c1426a29eae6,2021,9425,2011,2017,4
b88a12f6-4612-4af3-8fd0-7df9ffe03f09,2021,98305,2011,2016,3
2bbd7d41-e826-4d31-b741-c19d0f49bccf,2021,108660,2011,2014,3
b0c29e86-63a4-4256-99a4-2b3d0df1afae,2021,318882,2011,2014,3
2e521232-e7ef-41a2-8cbd-9e0d070bb4d7,2021,5000143,2011,2013,3
8be13f15-1a8f-4a25-b67a-78121ed450dc,2021,107920,2011,2012,1
df21d6f6-de88-499b-89f4-4cad63fe9391,2021,103062,2011,2014,1
5c1d5d22-e5b8-4c7a-adac-23c923f6f4ff,2021,50981,2011,2016,4
33d2113c-48f5-414b-922a-a9c2e18d23d4,2021,1322390,2011,2019,4
9961d299-6477-47c8-b8b8-ab932af8edd1,2021,103062,2011,2013,1
e45319ab-9c5b-4807-b51b-f6cd89ec3770,2021,317,2011,2013,2
de508bcd-2592-4282-a7ab-b99bdfe977ec,2021,20239,2011,2016,3
b6612dfc-5b69-46c3-8077-e98b2ad6a5a7,2021,94762,2011,2012,4
9f95b890-4f27-498f-b0e5-3ad9d2efd71d,2021,18584,2011,2013,3
3cad1eee-2c33-459a-9ef6-e319ba481462,2021,9425,2011,2012,4
d93b8642-167c-42a7-b71f-d2421b09dbad,2021,17898,2011,2018,4
53dfdbaf-4755-405a-ad76-7cd95dffdae8,2021,116770,2011,2012,3
a3abd4ba-688f-4250-bc7f-f606b5af67a5,2021,9425,2011,2016,4
9bd90c58-1042-4c18-9abe-786e11ae7999,2021,18584,2011,2013,3
0c2d431f-bb9d-4a40-873c-0608d1a639cf,2021,40343,2011,2016,4
fe17d782-63bc-4758-88d0-9f967ff625c8,2021,118420,2011,2012,1
ffffe659-f9f7-4403-9f85-390e1d7e4322,2021,114616,2011,2013,4
da80277a-6271-4cc3-a9f7-c8274de947df,2021,968,2011,2015,4
9b92742e-593d-45c2-8f75-bfb7ff330610,2021,13401,2011,2017,3
7a278e31-5091-4da3-a09b-10b937760712,2021,1118057,2011,2014,4
0d6f972b-03e5-422c-8cf2-23d4996c289c,2021,101942,2011,2018,2
a67e1abc-d77a-403c-b1eb-e4ad00119a19,2021,11730,2011,2014,1
a32bb8b8-c46f-4551-bb3b-8593b3bdf035,2021,57606,2011,2016,3
d58b0ffd-d7d4-47bd-8015-8660865c3309,2021,21464,2011,2017,4
12ada28f-3fad-483f-9bc2-1a9f4e3f5ed3,2021,1101244,2011,2012,4
04db09c5-627c-492c-adbc-7bb1a7afa683,2021,968,2011,2012,2
9778e59b-23cd-4172-8139-5656375285b4,2021,104360,2011,2014,4
49431192-2b83-490f-a5e3-858d635a0463,2021,1376181,2011,2021,4
4c3f7122-a046-4e72-b3e1-3f98925ca804,2021,1148708,2011,2017,4
1f82bc7e-fc34-4c93-be1c-360938dc4179,2021,13446,2011,2016,3
11c5b941-4d19-4b92-8526-cb29129a5454,2021,1306689,2011,2018,1
c4e36d68-44d7-4cb5-8d4d-51c6117d579e,2021,317,2011,2020,2
a0393487-905a-4eab-b9c4-4d9a81219649,2021,117022,2011,2014,4
746363c8-1bf7-4376-9af8-b869df7d983f,2021,13216,2011,2015,2
d0a90c7f-f32b-43bf-9d4e-06c59afd7270,2021,49054,2011,2015,4
fb80a1f4-202f-4532-913c-05fe5551eb3b,2021,49054,2011,2017,4
88714ccd-f052-47b9-8d0d-575ee98fb794,2021,1267543,2011,2014,4
2ead0198-705a-42cc-9e23-cecd97524644,2021,95017,2011,2012,1
c8b828f8-273a-41e3-91d3-4a667dddaa66,2021,101830,2011,2013,4
dc091239-21e8-463a-af6d-6222482afb68,2021,11452,2011,2015,2
dc57974d-5251-4fe6-b233-7dc2be6c8c51,2021,317,2011,2013,2
15f3ab52-db65-411e-88bd-18b1d4345e0e,2021,13595,2011,2012,3
a3809d26-3490-4dc6-bb27-497c59946882,2021,117532,2011,2020,4
fd49e051-56b3-43f9-a98c-30bd44331180,2021,106996,2011,2018,4
799adfd8-5e1b-466f-94ba-2589e18a42c9,2021,95017,2011,2015,1
f9940cef-52b7-430c-9b00-e05c1f3ec121,2021,67601,2011,2012,4
773e91df-3a8c-4d9e-8172-3f5ce0d0990a,2021,112086,2011,2015,4
f7569696-8f02-4cd5-aa33-e2cd2bfb4fbb,2021,20239,2011,2012,3
473f684f-d5ac-454b-8ac3-9115d4c039fa,2021,317,2011,2016,2
4ee5b97d-7562-4bfe-958e-76e7f2430d0b,2021,43664,2011,2018,4
b225f1ea-2a4e-4710-ac30-f178454d27df,2021,1533190,2011,2020,4
0d3af5f3-348b-43c7-a71b-9cd54901abb0,2021,64664,2011,2014,4
f5913cfa-0cbe-4794-a51f-422f3e7a71c4,2021,13401,2011,2016,3
e7cac429-2ad4-423c-84a8-cebe8e538cb4,2021,18584,2011,2011,3
5f889a3b-11dc-4bc2-b307-d29383d60ed4,2021,1136142,2011,2013,3
2dc6fd07-d20b-41b4-939a-ee4391cd58f9,2021,9414,2011,2012,4
3a91bb98-3f23-4bb5-b3fd-9c70986c3658,2021,1118057,2011,2016,4
d94aa09b-48d4-45f6-957a-93e19009563f,2021,103062,2011,2016,1
f1c60143-99df-4cf2-b9df-9bdbb1a2204f,2021,13401,2011,2013,3
1ba6ecc2-3551-45c2-92ef-6fbf2f278834,2021,107360,2011,2015,3
42d6fc88-91ed-43c1-ad13-115adff8d91a,2021,95017,2011,2012,1
83e7de24-ba3f-427a-a80f-ef3c33255a2b,2021,1070485,2011,2017,4
c6fb9f05-4712-4005-b1d2-7892c9f4458d,2021,112086,2011,2016,4
a803acf6-cbda-4720-b352-e3c1141df0b8,2021,1047907,2011,2012,4
ea53d354-e7dc-4308-9afd-997d44f94e88,2021,13446,2011,2015,3
feecadf4-7fc3-4e79-96cf-e1e27c5dac39,2021,64664,2011,2016,1
584ce89f-97ee-426d-a332-09380241f129,2021,13595,2011,2014,3
daf46dc9-e494-4d24-bb69-2cb757491227,2021,117022,2011,2018,4
8b339495-65d9-44f1-bcc2-7b2ebb1cfa4e,2021,1118057,2011,2016,4
72051ad9-75dc-40aa-92ea-f3dec56160cd,2021,103062,2011,2015,1
315aee5b-c4d2-45d3-8ab2-9cc1be8b8bcb,2021,106996,2011,2018,4
56d59979-abe8-4c15-809d-95ba1a95c8f0,2021,1190071,2011,2016,4
3dd2adde-7700-41b1-abf2-c205de869cf5,2021,1190071,2011,2012,1
f566b4df-3d36-4459-8560-712855605956,2021,107360,2011,2014,3
7b096859-1a36-4282-a330-df3c952b8f64,2021,51020,2011,2020,4
b18c62fd-c837-4f1c-a3d0-31f6e1c3ed42,2021,1427745,2011,2018,4
f1eae2d6-d0d2-4186-8b46-93617a2d3723,2021,62484,2011,2015,1
7a85e43e-4ec8-405c-ace7-f53701735def,2021,2209,2011,2013,1
9012ae0b-4e76-46d5-a048-027fc83e2159,2021,1102628,2011,2018,2
73cd959b-241f-4c9e-adbf-467acf6170f1,2021,1288839,2011,2014,4
91cb4c58-85c9-4610-be17-f5adb28da059,2021,13446,2011,2016,3
e1dd6ff1-c171-4998-af18-52e1280d3efe,2021,20030,2011,2016,4
f86ef079-ae98-4deb-9f51-a70eb8025165,2021,118420,2011,2014,1
2a6fe812-806b-4a29-ad93-20a562067f70,2021,13277,2011,2012,3
80e98c20-0305-4d2a-a459-adf7714f810e,2021,116770,2011,2018,3
d8af8149-8740-47d4-b735-f3a7e33688a1,2021,18584,2011,2012,3
e85cead9-f790-45b3-a99d-b5866499e465,2021,11554,2011,2014,3
a50a5563-298e-4295-8e58-9a6b8099dd5d,2021,12313,2011,2012,3
5472b455-f617-4ed6-8fab-b64cf3bdbe9a,2021,1117717,2011,2014,4
805d7f3d-05e8-4720-a00d-7f4e70f14745,2021,5000143,2011,2012,3
f8ba024e-f8fb-4638-a725-b795b398ef7d,2021,5000135,2011,2014,4
a67d4c36-1445-418a-845c-2ffe8b30afbc,2021,64664,2011,2015,4
3d4867aa-bb12-4031-b1c7-08a2b3d0a910,2021,18671,2011,2014,1
0a5447cc-0731-426c-96fa-65a3140198da,2021,1132918,2011,2012,4
b6049c07-3a5a-4853-b224-da1dd1ee9469,2021,18671,2011,2017,1
b533eac2-a062-4dd8-9d90-9c8ae214cb3b,2021,97778,2011,2015,3
e11055c4-cb09-496f-992f-3f47bf630ce1,2021,13401,2011,2017,3
af4ac30f-f557-4d58-8986-24293f0338bb,2021,5000143,2011,2016,3
c7c2f3e7-0777-4d8b-ae9b-6959237245fa,2021,968,2011,2012,4
f00b810d-aba5-4a2e-ba30-87ae9c8cfd24,2021,11452,2011,2015,2
e1847c6d-db68-48fc-a8c1-c2304e9a5e2a,2021,19047,2011,2018,4
486722bf-c6e4-49a8-ae9c-a23b699966c3,2021,968,2011,2014,2
76f3bac2-0453-495a-987f-e218f70f1b67,2021,97778,2011,2012,3
159ebdd4-037d-4b7c-a518-aa2850f70b23,2021,98305,2011,2012,3
8b5cbd56-021f-42e6-8562-a5407b2f2552,2021,1267543,2011,2014,4
ce807a7a-b116-42f5-848e-b9ccf473827e,2021,37862,2011,2017,4
7c63e0c4-168a-492e-955d-548730466786,2021,1101244,2011,2012,4
51eed1af-0607-4593-a8d3-e60578075073,2021,13595,2011,2012,3
3652d2e2-9c7f-431d-a0aa-32661d76e9b6,2021,1136142,2011,2017,3
3789cc6a-99fb-4285-ab5a-c60a95dfd3ff,2021,317,2011,2016,2
af0be833-fbf4-4df3-b43f-c8fc1f4e0e5b,2021,12313,2011,2012,3
44e2e5ec-f4e6-4dee-a5ea-4cd6fe01af20,2021,13277,2011,2012,3
cbae0393-9ce0-466f-9fd7-fe70ef964be6,2021,114616,2011,2017,4
a0b4960a-0c27-4a58-98a0-40523b708790,2021,1118057,2011,2018,4
1c5e1a0a-dfa0-450b-bacc-e2c23d3af047,2021,13216,2011,2014,1
6b7a771c-40b5-4625-93cd-e0f90fddb661,2021,94762,2011,2018,1
2d9c7333-e51c-4889-aa15-937dc32b5a84,2021,113687,2011,2018,3
71f1f662-96c9-475d-af4a-b478e5ce5cbc,2021,21464,2011,2018,4
5e606e18-d41d-4e7e-bc30-1a060c3fd308,2021,5000143,2011,2013,3
785b8d2c-9082-40a8-bd10-1a10b01824fa,2021,40343,2011,2012,4
3bea39e5-0e05-4edd-bff3-ca16668070de,2021,51020,2011,2017,4
fc256585-7f4f-476f-b142-733252c52238,2021,64664,2011,2018,1
5e8bfdad-2714-4f26-bf76-44a2ac52c609,2021,1181327,2011,2012,3
7d97da21-bcf0-4100-97e2-5e6caaa811f4,2021,1132918,2011,2012,4
d354d81c-574c-4e9c-9d81-fc417af0b145,2021,98595,2011,2018,4
e13348ad-01fd-43b1-9363-733d2b3df1bf,2021,1132918,2011,2012,4
acee3628-1c3c-4b75-ac15-5b6eb94a6b6a,2021,1190071,2011,2016,4
00cff9ba-5bd0-4e29-aaaa-b4144c047735,2021,116770,2011,2018,3
05162100-0b24-4c47-a469-5d145fe0a735,2021,118420,2011,2013,1
7f1961d3-446e-43a3-b368-9c7d3cb9ab3b,2021,2209,2011,2012,1
d0d67333-378d-4624-a578-563ed6d587a7,2021,59122,2011,2018,4
04e38d03-0f31-4878-829e-dc82f681bafd,2021,1139692,2011,2012,4
f737c2e8-d8d5-49ad-9635-c2335c7e52e1,2021,9425,2011,2014,4
50b1f2ea-80db-4af4-87f6-69a3468a5654,2021,94762,2011,2020,4
b98abb83-3c4f-464f-a472-9c33be9530e3,2021,13980,2011,2012,1
57e2a054-47c0-46a4-ad85-a7eef196dd18,2021,1136142,2011,2017,3
ebb69539-2198-4912-ba76-d2582d277948,2021,94762,2011,2020,4
f31f6674-c888-4769-af27-f65580839b8a,2021,98595,2011,2018,4
efc7624f-8679-4a4a-a5fc-e94adc7ec935,2021,13595,2011,2017,3
e4ec70a4-320f-4629-a72c-3cdd77721e20,2021,59122,2011,2019,4
ae4ef025-780e-4d63-838f-1b140be74cd9,2021,20239,2011,2017,3
5f25d928-3fbd-4217-afb9-52326a9cd23d,2021,103062,2011,2015,1
226c819f-7062-4bbd-8ee7-73b046cc26f3,2021,13595,2011,2019,3
9ea235e6-9df1-4686-b554-5082a568a124,2021,1118057,2011,2018,4
1220ce75-acd3-47cb-aea0-5a6d8fa0ba5c,2021,1102628,2011,2015,2
5e4e5840-23b7-4bba-94b9-24a361b3ccc7,2021,1427745,2011,2021,4
2ad124e3-ec8a-4b74-82fa-933a0a650f00,2021,11554,2011,2013,3
03e6d1ca-b05f-4e52-9ad4-79cfb6f66293,2021,1102628,2011,2013,2
f74739c1-6ec8-4a28-a4e3-01ee797466f7,2021,117022,2011,2018,4
4dd489c8-6a9e-4460-ac4d-df5126bc95e5,2021,13216,2011,2018,1
d09e4655-1827-40b8-9efa-2cd29cf70090,2021,1101244,2011,2014,4
4b38af86-9996-4e5e-90a7-8ee8a514663c,2021,99406,2011,2015,4
2ac105cf-7c59-41a9-8525-8113c519157e,2021,11452,2011,2012,2
b5cc7d6d-fb57-4f99-8015-1b758d8d098b,2021,103062,2011,2014,1
ca182685-b061-4da6-b11a-40e15bf77160,2021,11452,2011,2012,2
b0ed643e-ec6d-4b3b-b7ab-6d88c8b1669f,2021,513,2011,2017,1
5d8f4eac-2d44-4cd4-bfca-7ec5f7079720,2021,1132918,2011,2012,4
9adcd1d4-0117-4fcb-bcb1-3bbed4d1a458,2021,67601,2011,2017,4
793758ed-3590-455b-b3de-c8bdea9bc3c2,2021,103062,2011,2015,1
cbabf8ee-c355-480f-99aa-46c0656031c8,2021,1136142,2011,2016,3
b5557c3a-9bf8-4426-97a0-e748f82d3721,2021,18584,2011,2012,3
017f5ee1-1fb5-4145-a182-77dddda69a82,2021,18584,2011,2012,3
bdb7d361-1bcd-4cba-8606-903457368b21,2021,18584,2011,2016,3
331e095f-a0c5-4441-86d0-8ebd6905ca8d,2021,102590,2011,2017,1
415f167f-4d6a-406a-af03-de49f27ba705,2021,18558,2011,2016,3
7e393e03-00f9-4775-9a39-f65d386f89c0,2021,102590,2011,2012,1
00695534-6136-487a-84e5-1628096e0b14,2021,102590,2011,2013,1
c5ef7ebc-368f-49f6-a137-85ec776de9d2,2021,102590,2011,2012,1
fcfe483d-399d-4b6c-ac7b-13eb833f195c,2021,1113582,2011,2014,4
e211672b-0a79-4785-9f89-bcf21705e031,2021,1113582,2011,2015,1
5c60ecac-c7a7-45a3-8cc2-196780eeac91,2021,1113582,2011,2015,1
89458fd8-6a0e-4306-a315-de1dc6c2fc1f,2021,1113582,2011,2015,1
bfcb7ed1-a59e-44c7-b9cd-69908d531ef1,2021,102590,2011,2014,1
89963540-66e2-4d1b-b42d-109b9869b30a,2021,104360,2011,2013,4
5126b27a-419d-4316-a10d-1273cdf50718,2021,1113582,2011,2014,4
c021da9b-097c-4abe-96ec-d40bee11e5eb,2021,1113582,2011,2016,2
67131749-ac2e-48af-bc84-7bf49b4080fb,2021,513,2011,2013,1
6d260ae3-4da4-4d29-a929-2a403ceffade,2021,1113582,2011,2015,2
657e4f3c-7287-473d-ac6e-c6d24f8a81e6,2021,101942,2011,2015,2
785537b7-cba4-443e-b207-2db771bfa159,2021,5000143,2011,2016,3
97040a02-bc28-4e91-aea5-fd754c80cf4e,2021,73140,2011,2021,4
ab291ac7-a4f2-4977-9e34-9522fdb6660c,2021,1103723,2011,2012,4
fb4afccb-e40c-491e-a428-304a356e5132,2021,1187671,2011,2015,3
ba7e74b5-2d0a-4629-bff7-f1838e1f88ac,2021,1187671,2011,2012,3
f9946630-1c8a-45c3-b3b2-659353831f04,2021,1103723,2011,2015,4
0e4e8d88-5c7e-43f5-8eb4-2d20b064d57f,2021,1187671,2011,2012,3
6ebd350d-f3af-4bc4-9da8-68de4c08c022,2021,1187671,2011,2013,3
76dfe208-69eb-4fb5-b210-d758e562ddc6,2021,1288002,2011,2018,3
52ce853b-4d51-4449-9a52-c5e3b39b2641,2021,67601,2011,2016,4
80c39fe4-08de-4787-acc4-dd363b587bf8,2021,21464,2011,2016,4
a66179bc-9098-4d52-80c6-46e00c741fb1,2021,318882,2011,2013,3
900179a1-b4f3-4d81-b88a-2c3137782f27,2021,318882,2011,2013,3
d2c1781d-d6de-4bf5-8bc9-a593ba74bb1e,2021,1190071,2011,2012,1
fccc314c-3924-44d2-9346-7ce843b0eba8,2021,1190071,2011,2013,4
6b4ced92-3b9e-4c9f-845f-5379a386da45,2021,37862,2011,2012,1
0218a6ac-99fd-43c4-b592-44e9a8103607,2021,118468,2011,2013,4
e1832fa3-19a0-4986-b170-b414848ab693,2021,118468,2011,2014,4
c63c5927-1f49-47af-bdf8-1edb44b702bd,2021,1265453,2011,2014,4
7b37335e-e372-40b6-bbe8-8758abd95c4e,2021,1265453,2011,2017,4
878e8968-bfb5-4558-a734-6dcd3f68e5a6,2021,11730,2011,2013,1
2d8b48c7-8c5d-4562-b8a6-1a72330dbd13,2021,41238,2011,2016,3
8af945bd-43b8-4d55-9c4b-1dcdd18a71e3,2021,41238,2011,2015,3
ac1328d3-1f38-434d-9cb0-6dfb2d109ed7,2021,1148708,2011,2015,4
a1522c1f-7cda-45fc-9009-db4ad2129f96,2021,1180773,2011,2012,1
d64890ae-5487-40ec-9b25-42221b0b959f,2021,106996,2011,2012,4
b1046d86-ee2b-42ed-92a8-cdeeb8207285,2021,1258654,2011,2019,4
cec5e6c2-33f7-4408-8fea-7c481ad9deec,2021,1110857,2011,2015,4
d7656f8d-2cc0-41a6-a7f9-8962d4d0f48a,2021,1110857,2011,2017,4
5fbbe78b-64ba-4f6b-a511-d31aafb536e2,2021,94762,2011,2012,4
bf947408-a87b-4c7f-9157-7ef3fc7bb322,2021,94762,2011,2016,4
f80f3d52-60e0-44c9-a54f-9cb6eb8f82c8,2021,94762,2011,2015,4
90d913f9-80dc-4558-88d9-9b18d007c25e,2021,94762,2011,2014,4
b6dd134a-568a-4e1b-a928-13fd529cc8b8,2021,94762,2011,2014,4
ed4cd48a-0a76-4f81-809b-c5574da14fd0,2021,94762,2011,2020,4
9bf1cc3f-8e06-4fca-94a6-170093aaffe9,2021,94762,2011,2020,4
2ae16bd2-d5fd-48dc-bd32-18348a340e77,2021,20009,2011,2013,4
1a5885e0-0e20-46d3-9399-c68e93767bd0,2021,20009,2011,2017,1
8753b5d1-5e0a-476c-9ffa-869f9bbd8055,2021,1306689,2011,2018,4
40042e1c-1f27-417f-95d7-ae3c355b2ff3,2021,1047907,2011,2013,4
1bedd4dd-6a99-4c74-9ca0-f35e4f48ca07,2021,13277,2011,2013,3
7de55887-9459-4da4-aaf6-9bbb7ec97ad2,2021,94455,2011,2013,4
e0424704-ed09-457a-abc2-474aab320e58,2021,62484,2011,2012,1
b193de8f-ad99-47d4-81db-833a310cd40f,2021,37862,2011,2012,1
4af9632d-b3d3-4361-86ad-c1f801d960a8,2021,37862,2011,2012,1
aed4fb91-1576-4b38-89a2-2151af3272f0,2021,98595,2011,2012,4
71b88aa8-5897-4f8a-836c-c4ecf6f7c082,2021,48205,2011,2016,4
429b5e84-bb0a-4359-a73d-ded61b792c53,2021,9414,2011,2015,4
f51c0b7a-d5dc-43ab-b379-10b95e4fa138,2021,106996,2011,2020,4
7e74bf43-be46-40b8-85bd-0028f918a0a0,2021,95175,2011,2012,4
a7e4b918-f2bc-4454-bb56-ac8773c19c7c,2021,95175,2011,2014,4
d5b18417-193d-4f86-ad03-c6676b252989,2021,95175,2011,2012,4
b3a00b26-153d-4d71-87a7-403c6d59ad32,2021,95175,2011,2012,4
5d1d20a3-4aee-4402-b11d-9ac51227acc2,2021,98595,2011,2017,4
dc7f45f0-5753-48e9-830b-764e31a9b7db,2021,5000135,2011,2015,4
9caa8cfe-0a41-4646-9806-78f5eb58e0a9,2021,47505,2011,2015,4
116fd98a-0aa4-4d5f-b949-c5905b09552f,2021,47505,2011,2016,4
088d3757-ec47-4a16-aa41-6f566722c1f6,2021,12025,2011,2015,2
119b063e-1d82-4d80-abbe-de9a17dbbc73,2021,20239,2011,2012,3
52d4d906-f93e-45fb-ae77-18cb91fcff74,2021,20239,2011,2016,3
2e9baa46-a8b5-4119-8f56-9b4954f21d5b,2021,20239,2011,2015,3
b7dde488-acd3-4a81-9dd7-7feae11a66aa,2021,1190071,2011,2014,4
bbdd04ff-5046-498e-8394-5ccfaf844589,2021,1101244,2011,2012,4
f00892a6-da53-4ad5-a3df-44bfa30ab1e9,2021,1270680,2011,2011,4
a53f7f82-56cb-4e9a-a3a4-e250a426e014,2021,64664,2011,2018,1
1fefff51-56ca-4a8d-89ff-d9060e5d65c4,2021,60886,2011,2014,4
b787f219-2f18-4a07-87a8-c2bcd100620d,2021,60886,2011,2016,4
62a75807-312d-49b5-a692-74883dffb9af,2021,60886,2011,2014,4
a24f2df7-dd89-4578-b360-1663f00d6779,2021,116770,2011,2015,3
43963274-b56c-4945-a6be-f8bd459cc516,2021,60886,2011,2015,4
810423e3-2ffb-48e2-857b-15fe51e15430,2021,37862,2011,2012,4
f9c15ac4-8bd3-4d06-8433-d332351e1ed0,2021,1166783,2011,2014,3
3cd0b2e1-5cee-4693-b001-2cb3386dafd9,2021,1166783,2011,2014,3
a32c40cf-14cf-4fd6-aa09-189e260a579f,2021,113813,2011,2014,3
ee755bbd-c948-41ea-85c8-3ea9606585a6,2021,99406,2011,2014,4
51647745-d185-4097-a886-15f753033d9c,2021,99406,2011,2013,4
9704a2c2-f696-4ec3-ada6-57e95e7a69b6,2021,107920,2011,2012,4
f9c50cbb-f3e0-4cb8-8ce5-1a44cde63002,2021,100654,2011,2012,4
b63b2943-6796-47fc-a3f3-260ffaf08d57,2021,5000135,2011,2014,4
f0784df8-ce83-40ad-a314-ed83d06e73d3,2021,5000135,2011,2012,4
b2761fb6-5886-4932-8194-f6c37ae1fc54,2021,5000135,2011,2012,4
96c56ae7-9866-4126-bfca-16325d51735c,2021,43664,2011,2016,4
95dfd1f4-7f7b-436b-9790-5254343d6b88,2021,2209,2011,2015,1
aa15ef65-07ea-46a9-b12d-9fb8aa7177ed,2021,2209,2011,2012,1
a3d557f0-6878-4ede-bf88-c1a80a5cf31b,2021,2209,2011,2012,1
fe5b42aa-0209-4657-8d38-89fd8807d987,2021,2209,2011,2012,1
d0d99eb9-1b7d-4bab-b0c3-3c00f0d7e397,2021,21464,2011,2013,4
bcc50d26-584b-454f-9a20-913839cdbe4d,2021,103062,2011,2015,1
2d9cd77c-5557-4d3f-9c3a-7df26884f913,2021,9425,2011,2014,4
207e918a-a183-43ee-a90e-4c3dce64bd7a,2021,49054,2011,2014,4
6976ad36-d037-46ee-b7a2-1989cfe9f4cc,2021,49054,2011,2016,4
d03bd78c-6ded-496b-9a7b-b5046db15790,2021,1306689,2011,2017,4
279ba441-5135-418c-ba33-cc213bb5eb0e,2021,317,2011,2012,2
7a9b695a-d4d5-4163-a816-c826f2c426d6,2021,317,2011,2012,2
a2ff89a4-d228-4330-a8fd-fee61f72c0f8,2021,94762,2011,2014,4
c5a12386-40ca-46a9-b40d-c0d07384ff5c,2021,18683,2011,2016,2
3289bd51-97b4-4cd3-9f63-38c44c59579c,2021,5000951,2011,2016,4
a3cc149c-7368-4d24-81f9-c8f3e0237fd6,2021,20009,2011,2014,1
9b67f599-478e-4668-a61d-5e4a4b288508,2021,98595,2011,2018,4
6142c71e-a4fd-4501-a37b-0f941a9694d9,2021,108660,2011,2017,3
ceeae871-58f5-4b2a-b13c-e45b932e5378,2021,1117717,2011,2015,4
7ae845be-a18d-419a-815d-ebeb77cd9b80,2021,1117717,2011,2014,4
9d63eb8a-c495-4dd7-ac7c-778284122a9a,2021,1314243,2012,2014,2
9fde1c82-6f20-4fe6-a17d-9a9710f9afd7,2021,13595,2012,2018,3
658b0211-dffb-46f4-b4ca-a099f3eaeac5,2021,101942,2012,2017,2
35249ade-bad2-4b1c-92a8-d11de4da7547,2021,95175,2012,2016,4
a2bd91c4-1acd-4f98-9c60-508668cefb06,2021,43664,2012,2018,4
26fe3957-d1e8-42e4-b34a-e87bb4627cd9,2021,1330347,2012,2015,3
79a070e1-0e21-47b7-95e7-b079a9329497,2021,83388,2012,2020,4
45e1adf7-5560-4214-bec8-a451624f86f3,2021,112086,2012,2013,4
15dc443f-5c67-4e59-ad3f-ff0ee5e6057a,2021,11730,2012,2013,1
67310f72-0e02-48aa-a47b-c2887544531a,2021,317,2012,2014,2
592b76d5-9ab0-4369-9473-ebf792a5b1ec,2021,98957,2012,2018,4
195294bc-9b9c-41ca-a6e6-8012a88774f7,2021,20756,2012,2017,4
feb0bb03-4d2c-4fc9-9769-6c241adbc862,2021,98665,2012,2018,3
9c48a5a1-f0af-402c-ab89-616b0b738069,2021,18584,2012,2013,3
4ae705fe-fe67-4e91-9255-58682e5be096,2021,48205,2012,2018,1
61bf7b45-4ab3-42f1-b64b-38ca43a6712e,2021,37862,2012,2014,1
671fc87f-cd79-4ca6-bd31-e6c510b821c6,2021,11452,2012,2013,2
016f592e-8a34-41f8-a8a4-7fe868d26531,2021,1136142,2012,2015,3
9355dc90-dfeb-48ff-b58d-09de36dd1e0b,2021,18584,2012,2014,3
bb9cf28e-48e5-462f-87d8-ddb800e15227,2021,968,2012,2014,2
1d970cef-d58b-4caa-b0d3-550e8d7a7f89,2021,91181,2012,2018,4
01c86e23-d4f3-4645-93c7-cd675bb4b642,2021,1136142,2012,2016,3
d69d195e-12b4-492b-a114-8bc42e1d6c0f,2021,48205,2012,2018,4
7fa69670-3a84-4af3-8a8b-1c2c4e6de641,2021,18584,2012,2013,3
7b0cbd1b-bd63-49ff-a06d-0e489c34e181,2021,1306689,2012,2018,4
21089306-a540-4b6b-a12e-297da48d09d6,2021,20030,2012,2018,4
d729b6f3-20af-47f2-8d91-a4b124919e34,2021,2209,2012,2013,1
6113d88f-16a4-4df7-bf82-2391b19cc379,2021,13277,2012,2013,3
033bf06f-caf5-4460-809d-fbb9d136b23e,2021,1351760,2012,2018,4
7e56a5b0-bdc4-41a7-bf8e-2ec4a7741dd9,2021,1306689,2012,2019,4
c7605f39-ee75-4e0a-bfe6-17ea498297ec,2021,94762,2012,2020,1
a6879fb2-5484-439f-a799-52324bbaeed8,2021,1288839,2012,2016,4
0925a2b6-f326-45f0-a424-4082aee83d26,2021,1288839,2012,2015,4
35ac7c32-da08-4b70-984c-503557addd4e,2021,13595,2012,2014,3
63fc56e8-19e6-428e-bf83-e80762b0725a,2021,1181115,2012,2015,2
c0152e4a-8f29-45dc-bd33-3a7e7417a1c8,2021,112086,2012,2013,4
8df9a72d-2934-4d98-b338-3d3b2360787c,2021,112086,2012,2013,4
ab87e9bc-0232-4ac1-8d00-c4a82786a3d1,2021,83388,2012,2019,4
cc069cc6-6cd3-4339-bd1f-8f5083463018,2021,87396,2012,2013,3
c2d7517f-31d4-41ad-9933-89344ce447d8,2021,1102628,2012,2015,2
1b95c2cb-a564-472b-a891-5d7cbad4f0e8,2021,116770,2012,2014,3
bd0c057b-a197-4d79-a40e-b0ce975f8e7d,2021,37862,2012,2017,1
012245e2-9230-4162-bbf5-a66c2e371a05,2021,101942,2012,2020,2
6bd265d3-e4f9-4d91-887c-043d21bfef12,2021,9414,2012,2013,4
1ddcbb62-106c-4c77-8734-34ca84876b1e,2021,19042,2012,2016,1
1a6e8b95-a6f4-44b4-9c09-814afc9a5025,2021,1288839,2012,2015,4
9e68554d-af2a-49f6-afac-8f7d55c0cddc,2021,20030,2012,2017,4
8bbd9b29-f804-4710-97d7-fc9da5252084,2021,513,2012,2013,1
cb829e9d-4610-4bd3-9c54-889e33104a16,2021,1190071,2012,2015,1
3d0566b4-7a49-4e01-a2ff-eda39cb7a3dd,2021,1101244,2012,2015,4
3dda00e5-c996-486a-a11b-5d49a2f98ee0,2021,5000143,2012,2015,3
285f0709-d410-4369-9ee5-ec07efa4ee75,2021,21464,2012,2019,4
cb223642-53be-4194-b777-da4636e43763,2021,1376131,2012,2017,4
a6f8db98-bdcd-428c-a093-a53f25031b62,2021,116770,2012,2014,3
9c465703-15e1-4c2d-b479-8a1e90b843c6,2021,20933,2012,2017,3
479c9e87-7c73-4cf4-8a54-c2b2189a40f3,2021,1101244,2012,2013,4
6fa12da3-1a78-4ddc-bae2-d49cb15661ef,2021,1190071,2012,2015,1
6f05e054-c5d3-40b9-99eb-07e14f2da155,2021,41238,2012,2018,3
81599786-cd24-471e-827d-9277945032fc,2021,58808,2012,2017,4
9cb9d037-1791-47c6-b2c9-d691ceceeb6a,2021,18584,2012,2012,3
d6832fa6-b172-4684-b7dd-1e88a083e8e3,2021,18559,2012,2016,3
3185bdbe-1701-49af-9bd2-4228bc2060f8,2021,19047,2012,2011,4
996b1d38-d10a-4a19-b64e-8d09c69c7f1f,2021,2209,2012,2017,1
8d815dc9-34b8-4d76-9140-00954fad06f8,2021,18584,2012,2013,3
f641f218-dc65-4bb0-90bc-5246add2c32b,2021,106996,2012,2018,4
4944e7e5-980e-4bcb-8b03-c1b96126390a,2021,1190071,2012,2014,4
e5ae9f74-18fe-4aa3-a674-e4588dfae90e,2021,1376181,2012,2018,4
9c9b512c-b4ab-42c1-8ae8-2452d7c048d0,2021,46377,2012,2016,4
a777e98b-92aa-48c4-b0ef-63fc58b22a74,2021,1190071,2012,2014,1
ff6365ee-44bf-48b5-8fd5-e4d8eb58134a,2021,43664,2012,2016,4
934f7b52-96ad-43b8-9298-14ec27e0d749,2021,116770,2012,2015,3
f4e121c2-105b-4510-9c47-0daf79f47eaa,2021,9425,2012,2016,4
a1b2961e-c273-48f7-83cb-4518aa011059,2021,1187671,2012,2013,3
40c5f249-4b6b-4ae1-b9af-673870153d2c,2021,102590,2012,2019,1
97ca4503-86f1-4eaf-8bbf-85e9de5ed0ad,2021,13446,2012,2016,3
92d572d3-6ea4-4497-9b79-1af5ad42cf8d,2021,113455,2012,2013,4
cc074d06-a408-4beb-90e1-b4ed550a7855,2021,1181115,2012,2016,2
8da6f33d-28da-4e28-bcaf-e94156dda702,2021,64664,2012,2016,4
ade397fa-2be0-4670-ac49-e896e0810944,2021,11452,2012,2014,2
5d2c5396-6f09-45ac-8db7-7999a6f16521,2021,1102628,2012,2013,2
976b6d30-960e-4de9-b9f3-59d9f4ecb9d7,2021,1181115,2012,2013,2
9b7f360a-2636-4eaf-9866-5b289004b74a,2021,95017,2012,2014,1
202193d5-ea55-4f3b-bf5f-845baa7779e6,2021,1322665,2012,2018,4
3f1e3360-df97-42f7-808b-65ebf710b4a2,2021,318882,2012,2014,3
aab7507b-275f-43b8-8984-0baf5688b166,2021,101830,2012,2013,4
0152b1c9-50a5-44bb-b48b-dbd122cccff4,2021,108660,2012,2017,3
f4006e10-bf24-4ee8-9a6d-0902383ef1c0,2021,59122,2012,2018,4
014ae12e-f135-4aaa-a9f7-9f8a9d4b203f,2021,1322665,2012,2016,4
e81314cf-ad84-4060-8fa7-2f5d2058ac86,2021,18584,2012,2013,3
79910c7a-c704-4aa9-888d-cc1a3c0f76a9,2021,1322665,2012,2017,4
b558b0f0-3dc4-40ab-8973-d2445e320dd0,2021,1103723,2012,2017,4
bfddbb88-b920-4b56-a1c5-f18eb4bf83ab,2021,95175,2012,2018,4
1abd81d9-999a-4917-9cb9-c08a3636790f,2021,1101244,2012,2014,4
93ba16ac-5ab4-4560-9bf2-15851e8af249,2021,1190071,2012,2014,1
5b97019e-2837-4786-ad7e-3634cd3c3398,2021,94762,2012,2020,1
4323a15b-0805-41ab-9d51-6cee2f3dc9b4,2021,1181115,2012,2017,2
c02619ef-81fd-4ed6-ae8d-fd815901f3af,2021,22047,2012,2017,4
cff17a16-2503-4b09-b649-eaf20775c572,2021,107422,2012,2017,4
85a7ffa4-d01c-4bf3-a350-a0cd0560a376,2021,106996,2012,2018,4
75102fea-932a-4aac-8479-fed5699a63bf,2021,1288839,2012,2016,4
d7696198-4c77-4b87-95a1-f82c586f22f2,2021,95017,2012,2013,1
e2220749-e8bb-4582-a16e-004b66cf8613,2021,13216,2012,2013,2
8f852074-68c6-4020-a2e8-99a61b2e1345,2021,95017,2012,2013,1
7aa3be15-6e92-4c4d-825e-80ce3762dfa4,2021,103062,2012,2016,1
25ce6fce-5831-4b7f-aed5-2fa131d77525,2021,11730,2012,2013,4
e2bb3cd3-380e-4e1a-a901-a225173856b9,2021,1047907,2012,2018,4
974f5437-6d6f-47b2-8925-ff1afee3931d,2021,1118057,2012,2014,4
a96b9cfc-3774-4ad6-b846-4263014fe20d,2021,1166783,2012,2017,3
05b12bdd-bf35-448d-a9e2-32e3ea3cee81,2021,1118057,2012,2016,4
ca9b78ca-0dd9-42bf-b58f-f5cd4972cb4d,2021,1315444,2012,2018,4
ac39e505-83ca-40b4-a64c-c6981719d57d,2021,91181,2012,2014,4
6e5b326c-3861-42b5-9faf-515b611fad53,2021,1267543,2012,2014,4
fc2ef511-6045-4ccb-acf7-e01eddc1d155,2021,11452,2012,2014,2
8a13d56f-c73a-43e2-ad7f-61c58bcb205c,2021,1136142,2012,2014,3
aecec258-3e0c-4eab-a6fe-bfbb098a7614,2021,1330347,2012,2015,3
eb491d9f-7259-4df6-9bba-f211a143d389,2021,1190071,2012,2015,1
e5e623d4-879e-4b9c-8796-c0fb72956f00,2021,106996,2012,2013,4
bb8f7538-e54f-41f1-b9ca-3651efd61ec4,2021,11554,2012,2013,3
06305556-1711-45d5-bbde-ded46369444f,2021,37862,2012,2017,4
e5ece78d-1a63-4cd2-a56e-0bae11348409,2021,101942,2012,2017,2
5244d10e-1714-4bb3-acdf-899a2e2e94bb,2021,20239,2012,2016,3
92c9b35a-8e70-4b0c-b1fc-cba160b0f532,2021,1190071,2012,2015,1
a585cea3-b966-4de6-be5f-d90eaf0020f0,2021,64664,2012,2016,4
df62032b-ad23-4a4d-83e0-f67ca41c3270,2021,1267543,2012,2016,4
c9fcc3ab-35dc-4153-8c26-38e5c96d2044,2021,55777,2012,2014,4
3442e8c1-0f05-4c9e-8530-cd50f52684d7,2021,1376181,2012,2019,4
e9daf5f2-a30f-433b-8a79-9895b46a1123,2021,113455,2012,2013,4
26825e16-109f-4375-b5c4-7f3f0e73eb9a,2021,107360,2012,2012,3
c03942a9-358e-47c7-9a29-86b4eb8087ed,2021,5000135,2012,2017,4
93676a1b-12aa-4d20-aa35-45c2372766b6,2021,13277,2012,2013,3
a2b852ef-1a06-49de-9a0a-3f6630807d4d,2021,5000135,2012,2014,4
ff77b5a1-bce9-4e6c-a939-9e3f21f587cf,2021,2209,2012,2013,1
1deb474d-669c-49d5-94ab-7415cd95d70e,2021,2209,2012,2014,1
29cc140a-73df-4a8d-a420-c4e692a35997,2021,13277,2012,2016,3
ceb7584c-af7f-4d98-9640-ca335c5a17d3,2021,47069,2012,2016,1
4ae2e136-51d9-4ba7-a129-dc3955cec70e,2021,5000143,2012,2016,3
21efcb9b-a9ae-4d30-8632-7189f7767ee4,2021,1267543,2012,2015,4
dbaf6af6-f520-462c-af97-b7dbbe3277a6,2021,107360,2012,2013,3
ade412f4-df27-4d0d-9335-73544dee2bd1,2021,1351760,2012,2018,4
26cc7531-546e-4f3c-ab20-8328ba70f48c,2021,64664,2012,2016,1
1c7f259c-f86c-401c-a372-ef32c8b60f6c,2021,101942,2012,2017,2
3e9bb0d1-ab89-4bb6-abfb-c5de274d38d2,2021,1267543,2012,2015,4
2042a9e4-2ca2-49b2-b903-0e15d0ee1856,2021,1181327,2012,2013,3
e9849bee-df1c-461c-b4b3-49968f50e3c3,2021,13277,2012,2013,3
46d9bd8d-c63a-4cd5-af80-f0e437ec49ec,2021,1318224,2012,2016,4
4805cdab-567e-4caf-a4d4-2592383ecc2a,2021,19047,2012,2019,4
1478fccc-bdf2-45cc-b791-df9bf352c020,2021,13401,2012,2017,3
e8e0ad28-196f-4ca7-8dfe-5f1447ad8bca,2021,1166783,2012,2016,3
323b0579-d73a-4882-879b-34d51fc5faa5,2021,18683,2012,2016,2
cd64e760-b407-46ab-872c-d0dcf43a8bb2,2021,1190071,2012,2014,4
a413995c-3a4f-44c6-9ae0-854445e261b9,2021,103062,2012,2015,1
6105c278-dd60-4d18-bb20-5a8ee3de7f7d,2021,113687,2012,2015,3
44e859bc-9f97-4851-b03a-a21da5d66ed1,2021,118468,2012,2013,4
e8d47e75-0c9e-48ab-8792-88d120d1ad9c,2021,2209,2012,2016,1
03f9d411-413c-4e08-a162-b1242fcd9a7f,2021,13277,2012,2013,3
660f990a-68f0-45b7-851e-748ff1dcb6f3,2021,13277,2012,2013,3
b79b83da-d50c-44b8-9e27-2916bd645d4e,2021,54934,2012,2014,4
036a94de-87eb-432a-9279-87345440239e,2021,1181327,2012,2017,3
3ec247c4-7cae-4570-8db6-834f39362d94,2021,95017,2012,2014,1
8adc3479-9014-4633-ade8-924dacb331c5,2021,94762,2012,2020,4
07b39d23-dcb2-4d9c-b591-f42fc753d8b8,2021,317,2012,2014,2
abf6dae2-36b6-45e8-84c7-b8a919a15b45,2021,64664,2012,2017,1
38cace88-b1bd-4834-b0cf-1dbfc9f02bd3,2021,5000143,2012,2014,3
cef6151a-cc45-4a27-b062-c4b67164529e,2021,1187671,2012,2016,3
b257eb75-9672-474b-a167-aa36dad64ba7,2021,37862,2012,2012,4
57494d9a-c799-4f7f-ba0b-f1d4d9c390ca,2021,11452,2012,2016,2
3c1242ef-8d30-4922-88f3-f0f07f7f5b2f,2021,103062,2012,2015,1
f42188aa-7ef7-4b35-add1-56c8dc978846,2021,513,2012,2013,1
f6734938-be6c-4010-81e0-4ca40baf891b,2021,54934,2012,2015,4
ff621754-5e7f-4e65-89d9-e61e016e23cb,2021,18671,2012,2014,1
8dc4f1f4-33b1-437f-a7d9-99dfdb7e9ddb,2021,107360,2012,2013,3
3b94bd2c-475d-420c-bb43-7d85f812a416,2021,118420,2012,2014,1
88cb58e0-0f42-4d3f-a9a3-b16937ce57d5,2021,1330347,2012,2013,3
506e2353-d7dd-4987-ad74-3caa2d412bed,2021,88068,2012,2016,4
592616a4-db14-40e7-9dce-83401decb613,2021,1330347,2012,2015,3
c8f603e3-f708-47f7-a6ff-163c2e5dee99,2021,50981,2012,2016,4
8caeb8b7-1814-4f52-8413-be9e2b6fe441,2021,1118057,2012,2013,4
117654fc-aa66-4844-ad75-2825b5a384ee,2021,1118057,2012,2017,4
3515bf00-4021-4e13-b6ff-03735a8cb652,2021,94762,2012,2018,4
9297fce6-4818-4e69-9d86-b303ba987429,2021,107360,2012,2016,3
1036e1f9-876b-4ea3-8eb3-4939aac3b178,2021,47069,2012,2013,1
e91240a1-63b8-4ebe-b8d8-7aaba3e2dda0,2021,1190071,2012,2013,1
39f4df65-e19e-4186-9089-0ea5d20f8667,2021,103062,2012,2016,1
15f8f230-9c68-44f3-bca3-10041bbbd692,2021,83388,2012,2014,4
107f2c56-f903-4f3f-85a3-ef8b12633319,2021,118420,2012,2013,1
a5670429-9fca-496a-9a13-18eaac22a2ac,2021,56172,2012,2016,4
9c0318b1-7e6b-4700-bf74-f0391986990a,2021,49071,2012,2018,4
924bad96-294f-4b9a-a09b-5b4530d42510,2021,1139692,2012,2017,1
05134883-d924-4366-9143-abc6c7351b71,2021,112086,2012,2015,4
104d6a88-1a9a-48b5-bc1d-3a0488f649d5,2021,95017,2012,2013,1
9fa9771a-5d9e-49d3-a5d2-b9d323800f03,2021,116770,2012,2014,3
2d2c22dd-2214-4c6e-96ee-5a8da8e2c767,2021,64664,2012,2015,4
449c76f0-f554-460d-8c35-b92a22181a2d,2021,1288839,2012,2016,4
39f91010-ef07-4ab4-892d-af96443db783,2021,1376181,2012,2018,4
5d7422b8-7735-470d-8e8a-a074a8cb9d08,2021,13446,2012,2016,3
b503c0cf-3413-48a8-bed8-35e2bff11997,2021,1322665,2012,2017,4
9220309d-bd1c-49c6-ab80-fc317605d996,2021,13595,2012,2013,3
93b91c93-0800-45ac-838e-a40501c4eb8a,2021,20030,2012,2018,4
1495296a-c2d4-4f1e-b9f9-ef30f015e2e5,2021,1181115,2012,2016,2
cce88616-c05d-4d5c-baf8-4ce300412ead,2021,1330347,2012,2015,3
657f4770-e712-4bd5-b934-201bd7f650db,2021,55777,2012,2016,4
0cfcc502-c95d-40b9-9685-e3780bf3449a,2021,1322665,2012,2017,4
2ad9e5f5-3ce5-4a5c-8c66-caef34394847,2021,18584,2012,2013,3
8c394845-d133-4812-8739-872bd23b0f45,2021,1102628,2012,2014,2
dfae5a63-7d36-4ff5-8718-e4229641920e,2021,13401,2012,2017,3
8a989819-7f6a-4458-b468-246f75c71d27,2021,19047,2012,2018,4
fba7c9cc-a661-4a94-bf05-54921ddef200,2021,118420,2012,2016,1
c5ee4ba2-0d11-4e72-a7ce-b41cb19865bf,2021,13277,2012,2013,3
148711e0-5d07-4946-a67d-51d71eec0c59,2021,5000135,2012,2015,4
931589cf-2c37-4f84-b61a-e50e222821c5,2021,64664,2012,2016,4
19d8f8d4-5d7f-4139-87ba-919b1e1189e7,2021,13216,2012,2013,2
1be198ef-2ea5-4702-826a-81bbae611de3,2021,1166783,2012,2016,3
8de5aa2f-8504-4930-8e40-1022cf07c0cd,2021,13401,2012,2016,3
4a16fddf-fd6e-4108-9ffa-ebd21bc2b61b,2021,1267543,2012,2014,4
cf435579-def7-4174-a87b-5d509282e78d,2021,1267543,2012,2014,4
6663ee84-03ed-4dd9-bbab-a3cee76468a4,2021,13595,2012,2013,3
7f8311f9-48c5-4eae-81d2-5badbf0c120c,2021,317,2012,2015,2
b784588c-cfd2-4295-8d6b-38a56aab5d8c,2021,47051,2012,2017,4
cd46e285-bb06-4afa-9f9e-074a3c9ab5cd,2021,118468,2012,2017,4
06dfcb81-3261-4c71-a19e-0a814e0424f8,2021,13277,2012,2013,3
03269d84-6f30-4b53-8715-d5b491299557,2021,317,2012,2018,2
cf5bba2c-2109-4149-9860-d9e25eecff11,2021,47069,2012,2016,1
20af475d-74bc-4b61-b3ae-8134e59460d5,2021,13595,2012,2013,3
7cf1906c-3874-4145-891c-7b86fe9b9f64,2021,103062,2012,2014,1
8cbd4641-7cc6-4497-8969-9df92f1d9247,2021,88084,2012,2018,1
ff8ea037-b28d-4ec2-82f4-722a9ca0182c,2021,94762,2012,2020,4
98529dbe-8624-4f45-a8e0-ebc166780374,2021,1136142,2012,2016,3
af51a880-d427-442f-979b-cbbe48557bf8,2021,13277,2012,2013,3
21b9ca98-851a-4d1b-9cfe-8602ae820fc5,2021,57606,2012,2018,3
a93b65fd-01ee-4618-a02a-f94882546bf4,2021,118420,2012,2015,1
7f19f758-5987-4a1f-b991-d7cbafa6ab9f,2021,118420,2012,2015,1
135b605c-ea14-4d8e-af43-5ee677c2c7ed,2021,5000143,2012,2013,3
f104f492-9c3c-4262-8cb3-5d515ab35d2a,2021,1330347,2012,2015,3
b07c75b6-d745-4412-a6cd-bbba98a0f348,2021,103062,2012,2013,1
76f66d02-e585-4952-8918-25692c4cb2cf,2021,49054,2012,2016,4
ecf04605-21b8-404d-99e5-85aae4940114,2021,95175,2012,2014,4
bc907724-1807-4222-a039-77e4ccc4bccd,2021,11730,2012,2014,1
da40b181-2c50-420d-94af-5bb945d27d5c,2021,118420,2012,2016,1
9d5fc537-0e4e-48a7-a225-93ed39ea8351,2021,40343,2012,2017,4
f2244a23-8279-428c-8b67-a1509007a292,2021,112086,2012,2015,4
024fe2db-1f7a-4cf9-a31c-2a0bd467b49f,2021,98665,2012,2017,3
53718fe2-e95f-47df-bdc1-28e899185892,2021,1102628,2012,2014,2
73fd9797-dffa-49fe-80a4-877b1442ac88,2021,1181327,2012,2013,3
b92e9f9c-51d6-478b-81e2-74b8789b741e,2021,1330347,2012,2015,3
a557eaa7-572e-435b-9c22-205c6b069433,2021,2209,2012,2013,1
fe1cce7e-581c-4e25-bcbb-667e8d154350,2021,118994,2012,2017,4
2e54f5ec-6fd3-4760-96e1-871284ced1d2,2021,5000143,2012,2014,3
e3ecb712-14c1-4763-b0e6-1b073e4a3362,2021,5000143,2012,2018,3
a8dad928-a665-4d7e-acb3-71e10a03dec4,2021,118420,2012,2015,1
476ef51c-f64e-4d0e-bb4b-e3852d380d08,2021,1118057,2012,2013,4
4bf897bb-19ef-417f-b8b3-e55ea129a0bf,2021,95017,2012,2013,1
61ae087f-e973-4d56-83e4-57a16bf62836,2021,22047,2012,2018,4
9c17fe49-38e1-429f-9e22-50b19df17c60,2021,1102628,2012,2013,2
26ca1ab4-821f-4c34-8a8c-e1a4415377c1,2021,1136142,2012,2016,3
5497378f-2e89-47de-b65e-f7b7316cbdc3,2021,11730,2012,2017,1
2ff69e51-3e59-4177-8ebd-7305d1041a6e,2021,13401,2012,2014,3
f1b81cd2-d1e5-4728-8545-1935399cbc25,2021,13446,2012,2014,3
5a213939-2184-4f2c-af2d-d273d60b0923,2021,1102628,2012,2013,2
03012057-4614-4bea-bc7f-dbf5410497ed,2021,95017,2012,2014,1
83a7b405-1f1c-499e-bbdb-03b983511f19,2021,13401,2012,2015,3
327eccec-d483-4f64-8e3a-1c453fb3b22c,2021,13446,2012,2017,3
a0b4f078-362c-4f63-aad0-bd7c5387df0e,2021,64664,2012,2016,4
24944e08-59f6-40f6-a895-e401184aa49d,2021,97443,2012,2017,4
f06876ab-ede5-4aca-a8ac-819fb94e04b3,2021,118420,2012,2014,1
e9f1e89b-7613-4647-abba-033bd47ef4f0,2021,13401,2012,2012,3
0ede7615-23d8-40dd-b429-e2aa703af9c9,2021,13401,2012,2013,3
e472db6f-c2ab-49e1-bad4-c20cc45f2d49,2021,64664,2012,2017,4
e2a9f7dd-799c-4316-961b-093ada089b4d,2021,117532,2012,2018,4
eaa8c63e-efe4-4749-867c-17bd7ffea1d0,2021,95175,2012,2018,4
4fc6c5c4-e6bb-4700-8c50-2cc618047436,2021,116770,2012,2015,3
9993266d-02b8-4d33-81e7-768365643fb8,2021,11452,2012,2014,2
44ecfa28-4efa-4062-838a-0107d8f2053f,2021,22047,2012,2019,4
50d02173-d5c2-43c7-b07d-90a508e3dee3,2021,2209,2012,2013,1
6d28927f-3c9f-47a7-ae21-772d28d09a2d,2021,103062,2012,2016,1
fdfe518e-f0ee-419b-8cb4-866fa69fea9e,2021,55777,2012,2013,4
b8cc5062-e729-4dfc-b493-7f274421e60a,2021,13595,2012,2015,3
bbe3b1f9-d52e-45bf-b644-5cc212e7a61a,2021,13277,2012,2013,3
08b3f5ff-269c-49ed-8654-1e68ace7a241,2021,118420,2012,2015,1
0429c1cc-f197-47c7-ab2b-a8aa97450585,2021,1118057,2012,2016,4
599a9950-6548-4feb-83c6-9771826f8478,2021,99406,2012,2016,4
d73baf09-f18a-42c3-b695-474cbcab1919,2021,1132918,2012,2015,4
8c576102-ebff-4ff2-aeb6-c2dac8c0ca2f,2021,13446,2012,2017,3
e7fea680-2d96-46cc-9841-f3a429104aa5,2021,13595,2012,2013,3
a6f10a8b-0075-48d9-814a-e9fa8bdb2ca0,2021,13595,2012,2018,3
85e3ea6c-4848-4f7f-84f8-80d0b88cc925,2021,13595,2012,2017,3
e58972f5-8268-4ae9-8a92-3aa894a248af,2021,41238,2012,2016,3
71e4443c-e5c0-43a6-a395-9c2f670bc5c0,2021,13277,2012,2016,3
0a7e1c97-b6a5-46f4-84fa-25e3bfa2cc17,2021,13401,2012,2012,3
10e0c25b-9c96-4e14-92e2-0078bfc996c3,2021,1132918,2012,2013,4
036a7b75-1b67-4d23-b116-d228a661524f,2021,13216,2012,2015,1
2ee953c2-d54b-4fcc-8604-16c65fb339cc,2021,513,2012,2013,1
66eead35-6a78-4f08-bbe6-3329566414dc,2021,18584,2012,2014,3
8d6377dc-ff93-4ebb-88b4-e2d3d9827f77,2021,18584,2012,2014,3
1eb3372e-5e14-4c0f-b93c-4dd2727e5d0f,2021,18584,2012,2012,3
9843068e-caf2-4125-821b-eaeae8ed214b,2021,102590,2012,2013,1
66979b2e-97ac-4dd7-8e08-732211aa8fc2,2021,102590,2012,2013,1
eb03a1ab-c74e-4fe0-a10a-03c4a3f4989b,2021,1113582,2012,2015,1
37c51bd5-a045-4c2e-8d40-9c6c1b289b1f,2021,1113582,2012,2015,1
5ca4ae38-2b18-4410-8453-997a7d108e9b,2021,1113582,2012,2013,2
7a058669-84e1-4f4f-ad11-f420c0b1e041,2021,1113582,2012,2013,2
d0d4e495-680c-4f3b-aa32-e1cf6e771d8b,2021,104360,2012,2013,4
281ddda8-0341-4a71-abc8-75cdb6bd5dc7,2021,20933,2012,2013,3
f97a137a-261f-4814-b3fc-752fea5e89a0,2021,20933,2012,2015,3
65e76311-8ec9-4b99-a95c-0fd49140e98f,2021,99820,2012,2014,4
e9655bf4-f51f-4634-bf33-d227c7ea48e6,2021,99820,2012,2014,4
f4ad5df0-c19d-45f7-ab06-fa64ec71874e,2021,101942,2012,2013,2
7a4af47d-8671-4188-9fce-171a22cf8304,2021,112086,2012,2013,4
494f760e-61ad-4599-abfd-40559c493aac,2021,13216,2012,2013,2
3bf67961-0525-4feb-9d98-f76cf56d1251,2021,13216,2012,2013,2
f0e2a657-5a4d-4c1f-83cc-3016b0d9d21b,2021,86318,2012,2015,2
b15a31a9-348a-43b3-a928-862733370e69,2021,5000143,2012,2013,3
ab22ab6e-8607-4298-a1e5-7f0c3668616f,2021,5000143,2012,2015,3
d65e5196-a689-46ff-a4a6-9d9bf7fb572f,2021,73140,2012,2013,4
f1baa4cb-65c5-4e7c-baf2-360c13906cb8,2021,86318,2012,2016,1
8308c075-54ea-4244-9833-de16d51f1273,2021,86318,2012,2015,2
e41d9f7e-3aa1-4d44-8103-de65ec1634f1,2021,98305,2012,2013,3
ad0846fe-865e-47ee-80de-d8c87fa950da,2021,1103723,2012,2012,4
59741e71-c982-47a2-a13f-45d14503c240,2021,1103723,2012,2017,4
c44838d7-3576-4461-9735-64b272125316,2021,13401,2012,2013,3
1860f28a-2965-4e11-bad4-e633a9ce28e0,2021,67601,2012,2013,4
2b75adfe-0cf8-4f7e-a3a1-21d91f0ead3c,2021,67601,2012,2013,4
9c97d9a6-7f40-4ad7-8cf7-663456ed1cee,2021,50082,2012,2016,4
8922b29c-ff12-4450-a7c9-fc218d4f13f9,2021,1385488,2012,2015,4
9d23635e-48d1-488c-ac80-79f41d254a75,2021,13595,2012,2013,3
83b48861-b5f1-47bb-86d4-515dc92c89b5,2021,13595,2012,2013,3
9a59fc64-5018-45d7-b68e-a3cdada3d3c5,2021,13595,2012,2013,3
4d7de4dc-dc06-407c-9ad6-741dba65a164,2021,37862,2012,2013,4
3b3e3f47-46e4-473c-9cbc-22590aa38fc5,2021,1265453,2012,2014,3
df9f57d1-6a32-4339-8fb0-1a40118b960e,2021,11730,2012,2013,1
8e06c552-1d84-43f6-ad89-3a575e4c225e,2021,107360,2012,2014,3
5c425631-f80c-4574-9bf0-5a769a2d8de7,2021,13446,2012,2016,3
e0e139c6-8d21-43f8-a20e-21d06f67cb5d,2021,1180773,2012,2015,1
bbf3b53b-88bd-4730-90e6-341cb12884cb,2021,1180773,2012,2017,1
98546749-045d-4a98-86ad-9f0d1977ce4b,2021,1180773,2012,2015,1
8dd53602-1876-406b-9be8-1b72c710bc35,2021,1180773,2012,2016,2
92069eae-6032-4014-a999-f2fa7da3b95c,2021,49054,2012,2013,4
dbb87547-5ac6-4c4f-bc89-a6bc450ff260,2021,1180773,2012,2016,2
11d68af4-da2c-4ed6-85ae-890be585e155,2021,1136142,2012,2014,3
2d95f40e-9a7a-42ff-9607-63c7ad30ef62,2021,1136142,2012,2014,3
8d8b7653-180f-4907-ad14-f8f792188b76,2021,73898,2012,2017,4
d40bbe00-b414-44d9-ae37-ff0ce7c8a75b,2021,1102628,2012,2015,2
ea5c64ac-fe55-44eb-a6b6-09472323e5e6,2021,1102628,2012,2014,2
07ad764d-eb5c-48d7-8482-b79488bb1366,2021,1102628,2012,2017,2
b68a32ca-0e66-4f2b-b636-12ba8a71dd71,2021,1288839,2012,2014,4
91497fd3-883a-4ee8-bc5f-901c7c497066,2021,113455,2012,2014,4
8a04738b-ec78-46c7-be13-8f20236c4557,2021,113455,2012,2013,4
53b8f01b-b521-424f-ba7f-3cedb0314dda,2021,1110857,2012,2016,4
21e7092f-9c72-4ed4-a8f3-ed14e5f0f6f5,2021,94762,2012,2016,4
5d35eb32-ff8e-43fb-931e-cc1e72e50d5b,2021,94762,2012,2016,4
4d592ae1-8018-4903-b0b1-dd5ca0577b2b,2021,94762,2012,2013,4
77dc3680-3347-4b2c-8542-0320ef53bbac,2021,94762,2012,2014,4
5f11bc41-859f-4b68-9b1e-9d12f759a48e,2021,94762,2012,2020,4
70f6bc68-ff1a-4e86-8db0-05ba4cb4a097,2021,1270680,2012,2017,4
dfc82293-f795-43d7-9e30-fa5427f2f392,2021,48675,2012,2012,4
d5a5382b-a077-4f37-98d4-93c49d531373,2021,18250,2012,2015,1
701b9ac6-6678-4393-9c5e-21c51f4125d5,2021,1204325,2012,2016,4
ac0f8c2b-9ae4-4460-ae19-f3bc7df10ce9,2021,18250,2012,2018,1
543fca9e-b292-4197-b13c-0eb4cbb62af4,2021,62484,2012,2013,1
ea2f5a45-7507-4bd3-9e4e-f651500805f9,2021,1118057,2012,2013,4
4ef57db9-f7ec-4be1-9383-7804e662f029,2021,1376181,2012,2018,4
526c0059-e2b8-4a62-aae6-8b8b3decbad7,2021,1042278,2012,2015,4
6b05eb2f-caa2-4f7b-9fc7-0d47b7682ac1,2021,1042278,2012,2015,4
8a3c54a9-521f-41d7-bea4-c8790892dfab,2021,22047,2012,2017,4
28589d84-b84b-461a-9bf0-d6ea5375c61c,2021,22047,2012,2018,4
ca83b9ec-91d5-4138-a5c4-5c86e0d0685d,2021,22047,2012,2019,4
ac2358a1-0d81-44ea-82bd-c2bb9c316e3d,2021,113687,2012,2015,3
878046b8-eb42-4aa2-9423-928e51ea19da,2021,20030,2012,2013,4
4b9a60ab-da55-45dc-8c31-809c5b4420b0,2021,20030,2012,2017,4
53d48225-b291-4106-b521-d593f78ebe19,2021,56172,2012,2016,4
efdc1fc4-66f6-4a3d-856c-b0b07749d4c6,2021,48205,2012,2020,1
c63c2de1-9ee6-420c-8370-ca43a54d2dc2,2021,47505,2012,2015,4
5eecf7b6-695f-47d4-9b6f-b15e2bdb47ca,2021,106996,2012,2016,4
4f574d6f-d825-47bc-b38e-d40f851a1fab,2021,114616,2012,2013,4
200c5fbf-d78d-4b20-b756-993922ee6722,2021,114616,2012,2013,4
f7dc5122-17e2-41d0-88de-512a21994587,2021,114616,2012,2013,4
aa238b04-3aaf-4b48-8875-e011b6b40729,2021,114616,2012,2013,4
af8a4e5b-4ddf-491c-9d65-bbd393b00af4,2021,117022,2012,2015,4
c9e6d04b-e17d-4cc7-93a6-e5b43352f8f2,2021,106996,2012,2016,4
f7dd555d-d508-447c-ab35-b43530c589c1,2021,95175,2012,2013,4
e7eee366-beca-4283-a831-157204f20869,2021,95175,2012,2017,4
e96877c1-1431-49ba-a02a-9a651a10c8c0,2021,95175,2012,2017,4
e36605b5-f34c-4687-9da2-11d197aeb78f,2021,95175,2012,2014,4
e7101cf4-9934-4b3e-8a8e-7cf952380051,2021,99820,2012,2014,4
fdbb345f-64e1-4304-9630-acf1bceade5f,2021,20009,2012,2018,4
7f186b32-d532-4db1-acd6-cbc5da500335,2021,20009,2012,2015,4
69a43a0d-f7e4-4517-8346-0ad2d8d14ecf,2021,67092,2012,2017,4
a1c721aa-845e-49a3-b697-5ba66738ffea,2021,98595,2012,2017,4
6f2210a5-721d-44b9-bcbb-c2e0dfa9857e,2021,118994,2012,2014,4
01359fd4-55ad-49de-beb4-cc7782cb4125,2021,5000135,2012,2014,4
4b448a33-f80c-4803-9138-6a5cbaba4083,2021,5000135,2012,2015,4
edc2c9c1-d24f-4850-bc2c-0cca286f4dbb,2021,1322390,2012,2018,4
cbdf04fc-3ab5-4ad9-89d8-d6f262293c34,2021,1322390,2012,2020,4
d87810c0-491c-4583-99bf-05023677ebce,2021,47505,2012,2017,4
e844ca5f-645a-47ab-a4a5-96d5dda4f455,2021,47505,2012,2013,4
72a0cd06-d4a0-4fba-aa4b-dbb886f1a9af,2021,12025,2012,2013,2
c37aa83a-2bec-47bc-80ca-b3cf43d2c684,2021,12025,2012,2015,2
c777acd5-c84b-4911-9fc8-de0c3a52f0af,2021,12025,2012,2017,2
b6d53e73-4bac-4742-af0d-c90e7d6840f0,2021,12025,2012,2014,2
afa40660-77eb-4fa3-8410-8b966ded0ff3,2021,20239,2012,2013,3
f93ae71e-39cf-4952-9891-792d3d12ad1c,2021,20239,2012,2014,3
94ee0a24-1b33-405e-af47-af341da97b7c,2021,1190071,2012,2014,4
dbee5556-d707-43f0-b4b2-cb7a4164a3c9,2021,1190071,2012,2016,3
55f703ca-1cce-4708-9ebe-fde98b581a56,2021,1101244,2012,2014,4
6e9ee88f-5cb0-4e41-bdab-a337adc69175,2021,12025,2012,2017,2
737ccdcc-4d39-4cc4-853e-37a85cf98d75,2021,60886,2012,2017,4
306752fa-6353-4a44-b1a0-3297d99d3778,2021,60886,2012,2016,4
30d40c11-d318-402d-a255-edfec14ebddd,2021,60886,2012,2017,4
a62efc43-d51e-49cd-bba4-da4f48db2aab,2021,1270680,2012,2017,4
1e6aa536-8477-4570-9ead-ab1b7fea6398,2021,1139692,2012,2014,1
edd59d18-6121-49e0-a49a-8c5342ef02de,2021,1422296,2012,2018,1
1ab5f22a-b801-42bb-849f-9bb7a61145a7,2021,1330347,2012,2015,3
ff5b0c5b-9b13-4631-a67f-684335669961,2021,1330347,2012,2015,3
4f8aebd3-adb7-4df7-970d-ab6b7e6526f2,2021,1330347,2012,2015,3
78e89ce2-9088-4c5f-9c11-519726e6632f,2021,18671,2012,2014,1
5c75d56d-72be-495d-8a7e-521c4ea7c76a,2021,12313,2012,2018,3
01312b2c-c0dd-410e-b933-03b6d86123ed,2021,1181115,2012,2014,2
79940ef9-f49d-4a66-9ef3-9b24483aecd3,2021,1181115,2012,2017,2
c646191b-6a48-4c1b-82d2-edd9287f5fd7,2021,113813,2012,2013,3
c8ff91eb-55c6-4014-95b2-62ae4104c9d1,2021,20009,2012,2012,1
4706d64c-f9bc-4a53-aad9-e46f1b7476e3,2021,1306689,2012,2019,4
a919a0bc-ab12-4516-aac3-211a72f68b47,2021,1047907,2012,2015,4
7709f02d-9c26-428d-b459-dcd84524a459,2021,11730,2012,2013,4
cedb1eb4-5d94-4a92-98fa-5e1623ca61dd,2021,2209,2012,2012,1
e333b4a6-89c8-49ff-ba2c-cddb9af052b0,2021,2209,2012,2013,1
02ab33ba-8efb-4831-a779-32d16f3ff188,2021,21464,2012,2016,4
8bce37d5-7d22-4e40-96a8-e89283e1e211,2021,48675,2012,2015,4
8c3c149d-1643-4950-b0bc-c16027646a87,2021,114616,2012,2015,4
acf4533f-4d22-43d6-9854-674cf2aeceec,2021,9425,2012,2014,4
f69dd762-a870-42f2-8096-1473e7f09c2c,2021,9425,2012,2015,4
f7f17d9b-9202-42dd-a7d6-127bd355a614,2021,12313,2012,2016,3
045861a0-46e0-4ed2-b72a-373c3c1b4e23,2021,49054,2012,2016,4
042b2f3d-c47d-4151-b328-ce56f729f899,2021,1306689,2012,2017,1
acf10333-c248-4a0d-9b54-7b2aa296c765,2021,317,2012,2013,2
9b222b6d-9fa9-49ec-a718-5e60c2c16033,2021,317,2012,2013,2
aedb1af6-b46e-4454-b6cc-76650efc38e5,2021,317,2012,2014,2
08366f62-41e1-460a-970c-20fa06583b74,2021,317,2012,2017,2
5f5a965f-c8a1-4d4b-995b-563f29966b2c,2021,18683,2012,2014,2
df3f06d7-a765-423c-ba76-011c3e714c25,2021,18683,2012,2018,2
4ef65cdb-c205-4a42-821d-06cfb9b992f2,2021,94762,2012,2014,4
72f717ae-c64f-46d2-a991-987322c49f25,2021,5000951,2012,2013,4
abb97a81-c57e-428a-a7c1-05c372735854,2021,1204325,2012,2017,4
1d790b8f-e3b5-456a-b357-77aef4573925,2021,117532,2012,2014,4
6638bdd2-f7e1-49c5-9f50-7bbc8f14c9a7,2021,108660,2012,2014,3
c08347b9-72be-4eee-8661-c6307c660c7f,2021,108660,2012,2017,3
29bc6583-4ca2-44c1-9fe0-ff8ebe5a5dd6,2021,108660,2012,2014,3
d0bcc42e-f3da-4857-8978-b845abefbd8d,2021,108660,2012,2017,3
5689f892-9781-4a19-923d-58580ae72bec,2021,108660,2012,2017,3
c185755e-5f79-4a67-9d16-f10b5bb801cb,2021,94762,2012,2013,1
f835ef01-f8d1-4620-9b1f-084144c8870b,2021,968,2012,2014,4
db88f33c-9ec7-4926-b4ab-1dba442a4389,2021,968,2012,2013,4
f1560871-4ad9-4a83-99d7-cef1f8494ff0,2021,62484,2012,2017,1
1423398d-73c7-4c4c-b0c9-5477726b49fb,2021,62484,2012,2020,1
c64854ef-4d37-45ed-a473-e0f97aaf4ad0,2021,1187671,2013,2014,3
712aaa14-d066-4952-aa24-60fcc3b90f8d,2021,106996,2013,2018,4
b1975143-06f1-485c-85c5-540502c9293a,2021,47069,2013,2017,4
0cf1ea25-b67a-4629-b059-4c49dfe774b4,2021,13595,2013,2016,3
b52de26f-c431-4e8c-9abf-b4db8fbc2bfb,2021,968,2013,2016,4
b269febe-aafd-464e-9b08-62f3895ec26a,2021,1385942,2013,2017,1
9bef909a-6b61-47f6-b596-e6a5f43514c3,2021,13446,2013,2015,3
7b7d9e62-7f68-4e53-9446-bc0384fd8349,2021,1190071,2013,2014,1
b5b70587-2542-40ad-814d-0518273a9b30,2021,118994,2013,2017,4
a019ce99-ca13-467a-aac8-f909f6700396,2021,116770,2013,2015,3
18c84c31-2db2-423c-84eb-7005f6477a6b,2021,97443,2013,2017,4
8bf11a63-6635-4059-a126-ad89d6548e95,2021,37862,2013,2016,4
53d20e66-46d5-45fa-b37b-705ab0ee0db6,2021,13401,2013,2013,3
637fcc74-05ba-4dc3-8354-d0e0a3f523f6,2021,18558,2013,2015,3
c96ef040-494c-4e3f-bd42-799fb092dbc0,2021,13595,2013,2014,3
442cfae3-99af-447f-a0c3-33401849b313,2021,98764,2013,2015,4
0b4d6bc0-d23e-48cc-8f2d-1a8109947755,2021,19047,2013,2017,4
fc3574cb-ce2e-4179-afed-2680339bbe74,2021,37862,2013,2014,4
e2ba9b2d-0f9c-47a1-a093-aab29e2c645b,2021,98764,2013,2017,4
04e1b3be-5e15-410c-bc46-a6061c9615e6,2021,48205,2013,2017,4
dcdb3c6f-ccd7-4547-b268-b02f03000c4b,2021,106996,2013,2018,1
ff1b7698-1ff2-49da-b061-f6c471e3b0cb,2021,37862,2013,2015,4
31d01124-aec0-4b78-be56-bcc9f004b123,2021,37862,2013,2014,1
9f3ba0ec-179d-4273-b126-9abe4724a676,2021,97778,2013,2015,3
4b82c937-1c5f-4cc3-8690-e8b51fecf452,2021,88084,2013,2019,1
f313c869-3f71-40b5-b282-aa28ec79d47b,2021,18584,2013,2014,3
dd637a6b-199e-4093-82df-5b58f79a6785,2021,1070485,2013,2017,4
3d36dd3d-45fe-42aa-8556-b2d03a441e14,2021,48675,2013,2017,4
0aa4e1db-4576-46e0-9db2-160738937573,2021,106996,2013,2018,4
419334d4-c0d4-4d57-ad24-71fcef6afa07,2021,1187671,2013,2015,3
ebf566a2-69f2-4797-8114-15ae88d6ed0c,2021,1103723,2013,2014,4
5b1422c2-7f58-4e1b-b3ec-34be71d0274c,2021,13980,2013,2014,1
6d5c1e6b-c9fc-4b8b-8c70-3042cc528838,2021,98957,2013,2018,4
f4cca43d-2059-445e-9d57-59a62234aaaa,2021,113455,2013,2014,4
0c057f6c-5237-499b-bac5-47b1c3fa4ecd,2021,118994,2013,2014,4
021acb45-5371-4d0f-b4e0-4a206883bcc0,2021,11452,2013,2014,2
ac2c5608-a270-4940-b587-f5ae01f2db6c,2021,9414,2013,2015,4
1354735e-dc38-41a0-9e25-d17dab2bf3f0,2021,1181115,2013,2014,2
ca128b74-dbee-4fa1-b93b-e2eafdc313f9,2021,20933,2013,2018,3
61c9a6a3-ad79-4344-8d39-e5c656dec566,2021,317,2013,2014,2
7377c374-1415-4bbc-85e1-adf4c6fd9806,2021,1102628,2013,2014,2
b3f753f9-d8f8-4a3f-92f0-16ad1633e7d6,2021,55402,2013,2017,4
6f41bf9b-fd22-4c99-88bd-0a76de1ea58a,2021,58808,2013,2017,4
0002db7b-0c8b-4848-b006-52515fcd2915,2021,88084,2013,2015,1
e18377dd-6438-4c9a-81b1-628be4b229d3,2021,113455,2013,2014,4
7d8336bf-d84d-4a94-b5bd-7ea4c54fa438,2021,1190145,2013,2017,1
cbbdd74b-04d9-4a5f-a17a-1ff9dc057712,2021,118994,2013,2015,4
8943aee3-6ce3-4b14-9adb-af0e781bb156,2021,101942,2013,2014,2
8687d24a-75fe-4ac4-9bee-fd619883e8eb,2021,13446,2013,2015,3
7a011139-1606-446c-8bd1-3372d1d6b814,2021,20030,2013,2014,4
c443df91-e8ab-4386-a2d0-85f350b52b05,2021,98595,2013,2019,4
7a0e13e9-6a58-4dc1-8b16-40c1918cd213,2021,1267543,2013,2015,4
3591c06a-869d-49d4-9bd0-809cc0b796a7,2021,113455,2013,2015,4
4a98782a-e5b7-465f-8445-b30c264d1219,2021,67601,2013,2014,4
081248d8-c939-468d-aee6-ad26a338c2e7,2021,37862,2013,2016,4
61f5973e-397d-46c7-ab56-be3fb281cabf,2021,968,2013,2016,4
1faf2a84-0c11-44ac-a998-46f9f062351b,2021,118994,2013,2016,4
2f827bc9-149e-4584-90b0-791f71444456,2021,97443,2013,2018,4
26c6cf2c-59be-40ae-a3a1-76f0fef2f6cd,2021,41238,2013,2015,3
c72c71bf-cde1-4440-8f9b-0afbe9a5d9f7,2021,94762,2013,2020,4
0c4a6558-a9e2-4d16-b863-3135e93145fe,2021,108660,2013,2017,3
b49385f0-6b0d-4589-95c0-c52e3b87d206,2021,11730,2013,2014,1
6a709bf4-751c-4ccf-8f78-d5c5831aec28,2021,48205,2013,2018,4
2fc3c2da-a840-4c85-b050-cbd016afdae1,2021,1265453,2013,2015,3
4abb4006-bb13-4bb5-b005-db932afca7bd,2021,20030,2013,2016,4
571e3a2d-398f-43f0-be51-0a3353131ac9,2021,1385488,2013,2017,4
d0621182-6a92-413d-8e57-172cabf0bda2,2021,37862,2013,2014,1
134868f1-0006-4f42-aded-1bb0044e1abc,2021,5000135,2013,2015,4
6ecfeac3-f96a-4ef9-af6a-7ac8930756e7,2021,103062,2013,2014,1
d1aadad0-8fea-4c37-98ec-b63debe970d3,2021,41238,2013,2014,3
7c738432-f173-4936-99bf-0a4a3a62068c,2021,1376131,2013,2017,4
a408a4f9-72fa-4c2e-98e6-aad73c51f56a,2021,1265453,2013,2014,4
dff48f3c-1f8c-4a9f-ac9f-5854a4a38e49,2021,37862,2013,2017,1
aba27ad6-dc7b-4b6e-8f62-f0dfc90f5d0e,2021,98957,2013,2017,4
556d4b51-aa22-4d0d-a612-f7126f8d8814,2021,1190071,2013,2014,1
096fcfeb-5ca9-478d-adf7-5ec3a23b5606,2021,513,2013,2014,1
3aac0a92-ab09-404d-abab-6eca5b0c5eb1,2021,20030,2013,2019,4
fad2fab2-4c3d-4ab4-abae-484cde08230a,2021,5000135,2013,2015,4
984b8265-ccc1-4819-a846-b793195379bd,2021,98305,2013,2015,3
fd94811b-f2a8-4e5e-98b2-b11b4400666f,2021,318882,2013,2014,3
b433611e-4d0b-4b88-8d27-8cf852835fbb,2021,106996,2013,2018,4
8fefd13f-4b78-4fac-9be8-d01f6a4d2be9,2021,1136142,2013,2014,3
dfcf37d1-d2d7-4295-b169-acbc96993b39,2021,37862,2013,2017,4
08df1aab-1f82-41e8-925c-b2990ea90fc6,2021,1288839,2013,2014,4
ff98c9b7-17c8-40fa-9840-e7fbc427ae81,2021,101830,2013,2016,4
5a563c47-2f8b-4665-8ca2-8c4054d8fc6c,2021,57606,2013,2016,3
39c034b1-255e-4f50-bb7b-06d2d3f1d867,2021,318882,2013,2014,3
86cc7b35-9ed0-4cc6-829a-9df03bed1d3b,2021,95017,2013,2014,1
6a954606-5bf5-494c-9950-5ebbbceb9d1c,2021,59122,2013,2018,4
77ad1646-501f-47a0-a382-39808d9c9d34,2021,1190071,2013,2014,4
6056a200-a17f-4720-8f21-73d8354f20b7,2021,88084,2013,2017,1
a7c5b07b-84b4-488c-86b9-31afe025fae0,2021,1322390,2013,2018,4
c0def664-f32a-4796-93bc-b6738bb8b1cb,2021,37862,2013,2017,1
a80079d1-3d1f-411e-b5e7-5dacbbbfef8b,2021,64664,2013,2016,4
8cbdc5dc-6120-43ec-9bda-5c0a27332e62,2021,18683,2013,2014,2
c199dfc6-b075-4753-a802-c1258e51fb8e,2021,107360,2013,2015,3
15fb387b-0412-4a7c-a6da-509407f4ea50,2021,37862,2013,2016,1
6dc769da-9e91-4ee9-a7de-384b9e026139,2021,1118057,2013,2016,4
79a118db-ff44-4bc2-964e-1c9a704cda12,2021,95017,2013,2015,1
093331a5-6809-483a-b675-549217840787,2021,20030,2013,2019,4
5a607cc6-00b9-4778-b60c-04fca5fd6d37,2021,9414,2013,2014,4
0b18c588-048e-4b20-a5a3-33c37aaaf022,2021,1322390,2013,2018,4
e84b8c7f-30b3-487e-a05f-fbcaeb0b0a94,2021,1306689,2013,2017,4
da50fb66-0009-4069-88ad-1f7c4be15239,2021,98665,2013,2018,3
5fdb9301-a213-4901-8eba-54c8beec4279,2021,95175,2013,2018,4
fe8d7e50-03ec-49ac-9077-54b034b7e54e,2021,1322390,2013,2018,4
532c3e01-2fef-4bb7-9ea2-59de5d6ca150,2021,81210,2013,2014,4
80a7a05b-4330-4604-a72f-35e8089eaba4,2021,18584,2013,2014,3
9aa909f7-fbe3-442e-b88a-a392341f56ad,2021,101942,2013,2015,2
a84ba2af-b433-42e1-aeaf-5baf2287462e,2021,95017,2013,2014,1
35cf65ba-c715-4f31-83e7-fe20723d6c0e,2021,2209,2013,2016,1
9b37f5d4-ce12-49c1-aa64-507a0067f0f3,2021,106996,2013,2018,4
8120bca9-d7c4-4141-b452-86ed52039165,2021,1267543,2013,2015,4
63737a89-341d-48c2-91b7-4b0b3e079c32,2021,104360,2013,2018,4
1c45efbd-a417-4244-a389-6b1f458150d6,2021,13595,2013,2014,3
0d4e902c-ce64-46cb-aea1-8dc2742565b3,2021,107360,2013,2016,3
ac6d5dd4-c70c-4765-a993-d2fd3dc21b97,2021,97778,2013,2016,3
aa4f0309-baa8-4fc9-9ee4-405ef080e331,2021,98305,2013,2014,3
6a901bc8-5fff-4cdb-bb1f-788ffd3fe025,2021,2209,2013,2014,1
96d80a83-185f-49be-a528-9807a5ecb8a9,2021,98595,2013,2018,4
f5abe990-5cf9-4170-8b73-e720e8396817,2021,13595,2013,2014,3
7c7824f1-d2c2-4ed8-8241-a3c8d50bbf0e,2021,101830,2013,2015,4
d4ddeb28-bfe4-47fa-9741-103ee08438d7,2021,83388,2013,2014,4
20a08a51-3091-4edb-9800-fbfc76f223c4,2021,968,2013,2015,2
d9072aee-9efe-4609-89b5-9c61dbb66d23,2021,1351760,2013,2018,4
cd450774-faf5-47c3-bc1a-4192c589edae,2021,1136142,2013,2014,3
976b9975-340f-4154-a5d8-f23fcf986e53,2021,1102628,2013,2014,2
c8660309-947b-4162-9a1f-19bb0c8512c5,2021,101830,2013,2015,4
24e6d142-f7b0-4e35-99a0-c407ef3fe40d,2021,1108692,2013,2018,4
3e663769-cc4c-4ce5-a3f9-c6560788750b,2021,21464,2013,2015,4
9c1738ce-0fe1-4349-9d97-4ee63506984f,2021,13446,2013,2016,3
0e4038ec-8ada-4b86-b0ae-92cbaa85d546,2021,9414,2013,2014,1
4849ff6d-d5f3-4b0c-b1b8-443cdfc44ea6,2021,5000135,2013,2016,4
3a7b3abb-9e92-490f-8fd4-9a2218f4731d,2021,62484,2013,2014,1
04907068-7448-4213-aa29-07e979528dd6,2021,43664,2013,2018,4
1c6119da-6a25-421d-8795-335e710c1a0f,2021,43664,2013,2018,4
104df073-674a-42b0-a388-94566c04a12b,2021,1288839,2013,2014,4
a7b82a69-8dae-40cd-bfcc-3d050c219ea2,2021,1376181,2013,2014,4
af010df2-4b7a-4eac-93eb-409b8ad22ee5,2021,1181115,2013,2015,2
794748ef-af54-499e-bb5a-b2124e2eca7b,2021,968,2013,2014,2
0c43d00d-53aa-4243-92cd-cc8ef6d11a3d,2021,11452,2013,2014,2
9c84786d-3aa2-47d6-b8e8-6ed84605a4c6,2021,1403879,2013,2018,1
83b7cfb7-f7aa-4db5-b5ab-d4ba956d31bf,2021,1148708,2013,2015,4
e3e31d57-96d2-4a2d-8cad-110a3989e124,2021,101830,2013,2016,4
9887259c-6b41-4a45-a294-bdd1dcec4569,2021,107360,2013,2014,3
50efce9e-376c-4b24-b5cc-996bc035d2b6,2021,9425,2013,2017,4
3f434d07-9349-41d2-93dd-29e3bb79c686,2021,18584,2013,2014,3
e517939c-08ff-4151-9115-1debb5a9e8d9,2021,107360,2013,2016,3
cf8afc2f-297f-4f42-96c2-08b6287c3d0a,2021,1047907,2013,2018,4
a19c3eee-1e7a-4ce6-bf41-6a6f1a973c96,2021,106996,2013,2014,4
258e9e3b-6efc-4fcb-a604-a41c1571ed32,2021,46377,2013,2017,4
851d6c14-43d2-4371-abc1-4e9253e404c0,2021,20030,2013,2014,4
35df9d35-8200-4112-b496-46851b32ee09,2021,19047,2013,2016,4
58f2f2e0-1842-44c2-a182-5b1bf56e6950,2021,57606,2013,2016,3
1e9808b3-2208-4213-88d0-b9140b6e15b7,2021,101942,2013,2015,2
e08e0ee3-fccf-4d2a-afe3-ae3404b2395d,2021,47505,2013,2017,4
9fbc5625-b85d-43c5-958f-8e61f2269675,2021,40343,2013,2016,4
79467809-e0fe-42ca-85f3-3a0e608030dc,2021,9414,2013,2016,4
b23d274f-ed24-4f41-be7e-b7ae3b8d7656,2021,57606,2013,2014,3
9df034b1-204b-4219-8ce1-4421d10ed8ae,2021,101830,2013,2015,4
f22cae21-3a32-4e7f-afce-14b1d6d82afe,2021,317,2013,2019,2
c2ae390e-0b5d-44aa-a2a5-3024922d702a,2021,98595,2013,2019,4
f87222a7-b62d-4e10-b0a5-19e7b5171c2b,2021,101830,2013,2016,4
a3d9b601-1037-4719-813f-555321f55a9d,2021,1269545,2013,2014,3
66b038f2-fa76-42d4-bbc9-b2af586b7b94,2021,13216,2013,2014,2
95835c04-9ac6-4086-9baf-03ad56da0374,2021,49054,2013,2016,4
ff97e069-b9cd-48e5-8389-d9b8412658e2,2021,18683,2013,2014,2
564e2422-f033-4452-8b0a-41a2821557ef,2021,20030,2013,2018,4
05fe6340-15c6-47e2-ba9c-bf3fe786aee0,2021,98595,2013,2018,4
7e6c5009-fa82-4f39-ad87-064e36b51bd0,2021,1318224,2013,2017,4
3888f08c-9037-4097-8ba0-37c19f9b3952,2021,1269545,2013,2014,3
5f0f04b1-0aa5-4c2c-b06b-45875351f467,2021,1181115,2013,2015,2
1098f5ef-7f92-47a6-94ac-bfd67649d8f2,2021,112086,2013,2014,4
5aaaf8b3-074d-4bed-ad64-73fc1694a089,2021,19047,2013,2018,4
9246e403-5305-42e3-a0ee-1748f9bdfbc3,2021,113455,2013,2014,4
d3f8c8c1-1cd6-41df-90b4-7dd336c686ef,2021,107422,2013,2019,4
645a1d6b-2697-4db2-aa3e-a419b414eb08,2021,20030,2013,2019,4
4d04c678-8534-40ef-a62a-498637e286c1,2021,22061,2013,2017,4
0d5ea3ba-51f4-45c2-b4ac-fde90fd49401,2021,1161716,2013,2017,4
071edf34-b033-4d78-9a55-86f341aa39fb,2021,112086,2013,2014,4
4564b536-39c5-4a77-9392-d96b66f9b5ac,2021,107360,2013,2014,3
7fb6a92b-1bb9-4ffc-a9d6-39c4fad52ecd,2021,18584,2013,2015,3
029cce5d-0ca3-447b-b125-620ba8e3a234,2021,98595,2013,2017,4
22b8aa47-096e-49dd-b6bc-f2a7e2b81cd9,2021,19047,2013,2018,4
7f261740-9084-4961-a4a8-f0ef9bf9a1e5,2021,1204325,2013,2017,4
03fbbca7-5524-4f8f-908c-20f8cfdf7b07,2021,2209,2013,2014,1
4402006b-4c1f-419d-b919-e0932d076f3a,2021,107360,2013,2016,3
7bac9e3c-01d8-477c-be2c-96c7f6e60ef5,2021,118420,2013,2014,1
8a82dcd4-0ad1-4ba4-9a55-174577d56de0,2021,101830,2013,2016,4
7a96ec19-ee31-47ed-b1be-8170084d8c6d,2021,11730,2013,2018,4
15f68bc8-d5cf-4340-9d85-0e06b2c96358,2021,1314243,2013,2016,2
5e88fd38-504a-48a2-a91e-55ceafc454fb,2021,68930,2013,2018,4
2683ccfc-f052-4a42-b163-5aaa5698e685,2021,18558,2013,2016,3
3f01b8f3-d3b3-4550-8773-743da2fa4233,2021,64664,2013,2018,1
52c6deaa-c037-4bce-920c-b9d53663913d,2021,51020,2013,2017,4
6b07817f-8842-4d00-9f4a-b0d6a67a6ad3,2021,106996,2013,2018,4
5d5fb16d-7f5c-4a7a-a7e3-76b02a201e9f,2021,317,2013,2019,2
8a8ab77e-d2a4-425f-9485-983e545f6cab,2021,113455,2013,2014,4
5deb04e1-0dce-4357-a561-eb7446286210,2021,101830,2013,2016,4
85df44a8-2c05-431f-99b5-41630c5dba98,2021,59122,2013,2019,4
af0879c0-5653-484c-988a-961eafec67a6,2021,5000143,2013,2014,3
da290ce2-60d9-482f-b096-bae63e58761b,2021,56172,2013,2017,4
d4e96a7a-3d3c-4456-9250-7abd5292d09e,2021,116770,2013,2017,3
b5e99c53-8380-4bc3-898b-63d851d55e66,2021,968,2013,2016,4
d623bcf6-a91d-4881-9970-b6177efc1303,2021,1148708,2013,2015,4
4ebd018a-1cdf-4f86-bd57-305d624a4798,2021,49071,2013,2018,4
3d2bafc3-5daf-46a4-a708-c3b757b5a044,2021,968,2013,2017,2
44f7f3d1-93bf-40df-928c-b201be9d911b,2021,5000135,2013,2014,4
59a0ba89-56bb-4b04-9f66-58bcda6135af,2021,18584,2013,2014,3
e4e969c9-c01a-4fcd-aa01-a9ac96a7f97d,2021,11730,2013,2014,4
e9200bf9-1b35-4b58-b962-18969b66dbc1,2021,1101244,2013,2017,4
09091daa-e564-4fcb-9f4a-cd5df7bfa5a1,2021,1181115,2013,2016,2
e7497ffd-a133-4a41-88c4-c9f347b92571,2021,5000143,2013,2015,3
e99aaab2-c7c3-442b-8115-467fd7bf2aff,2021,1181115,2013,2017,2
46fa0175-8530-4555-a131-2e69e455a128,2021,317,2013,2016,2
ec872bcb-f4aa-4497-a89b-99881de9624d,2021,101830,2013,2017,4
1bfae372-6ce4-4a90-ae5e-033624f31354,2021,1190071,2013,2013,4
3991d027-ec27-4cda-a049-d142a40097d0,2021,1136142,2013,2014,3
435daca4-3423-4cd6-b3b9-54978625d6be,2021,101830,2013,2016,4
40d61c16-b02f-47e4-81e6-18c37e903605,2021,46377,2013,2016,4
261ed7e7-d786-4eb7-8618-19b080a1c222,2021,1181115,2013,2015,2
09e15420-702b-4f3a-adf2-59c06fad0c4f,2021,94762,2013,2016,4
0199ceec-c8b1-4e47-bc34-04b6531838b6,2021,102590,2013,2016,1
e6148f06-7405-4f7d-8d5e-59363106aea7,2021,101830,2013,2014,4
97c16d4b-4110-49e1-b5d4-1ba40c5a9ba4,2021,513,2013,2014,1
86ab5358-e350-4b26-9e4a-e0044a7bf47b,2021,13446,2013,2016,3
e8a9dd45-6f81-44d9-967c-3867ccfd67ad,2021,98595,2013,2018,4
b531153e-1a03-4740-8d8d-ed129692ea94,2021,117022,2013,2014,4
24eff764-c785-48d9-9722-5e9240327f9f,2021,1379275,2013,2017,2
ac650c65-993f-4f4d-9d7e-6f3acc99be60,2021,13401,2013,2013,3
f22e947f-e94f-406f-a952-47a8b6d90172,2021,53331,2013,2018,4
a28699e4-c248-4fbc-88c4-98de09f6087e,2021,94762,2013,2020,1
fa8ace11-012f-40d4-9bd6-95ba1d9f7bf9,2021,49054,2013,2018,4
4941ef4c-a4e3-4b80-a241-f1245336d70e,2021,5000135,2013,2014,4
c03a9148-7923-404a-989f-a523bdbdec32,2021,118420,2013,2015,1
f968b6a4-12f9-4301-9516-2d166e8122ad,2021,101830,2013,2016,4
72c24764-65c4-4d23-932b-90af9e7edfa5,2021,1204325,2013,2019,4
2b4dfaf8-6108-4cb1-a82a-416476b9c2c1,2021,1103723,2013,2017,4
c04cd13e-df88-4986-b6c7-c56ae83df236,2021,87396,2013,2017,1
79d3ce9c-e16f-4427-9cc3-72007c9107de,2021,13980,2013,2014,1
3df2f8eb-b99b-45a6-9c1b-eca09dc9d2a1,2021,97443,2013,2017,4
8cc6444f-9bbf-4de1-9c79-d77718751df1,2021,90030,2013,2015,4
2efde51d-c634-4f1d-9560-f1069220ffac,2021,1330347,2013,2014,3
08c56480-e571-467e-bd22-1ac960f69aac,2021,13401,2013,2014,3
3f9f81af-9d6d-4760-b1ec-a2204c25f681,2021,12313,2013,2020,3
5d51318c-69cf-4ca4-b3cc-7298a4153b8d,2021,97778,2013,2015,3
79a48a3f-d960-4e2a-b858-61215dcd81a8,2021,9414,2013,2014,4
a4e9e72c-9497-4ae0-bd1a-4036e25d51d4,2021,1101244,2013,2014,4
217e21c8-bd49-498b-9e23-71165cc13675,2021,2209,2013,2016,1
aca331fb-3d15-44b8-b3bd-1ad8ebfa26e5,2021,1385488,2013,2018,4
4ee2876e-78ad-4a71-bcf4-5ddfc9fadfc0,2021,13595,2013,2014,3
1aefefcf-491d-49ac-83d5-6ad71744edcd,2021,13446,2013,2014,3
793ec8d0-8576-425b-bf51-3be420ae4ef6,2021,1136142,2013,2018,3
77aa44b2-0ffd-447f-a1e0-65803e627d3b,2021,112086,2013,2016,4
623a65a1-1251-4c43-84fe-5e4867c1c76a,2021,37862,2013,2017,4
8fc7b995-6161-45ef-8572-c04af7b2df9f,2021,46377,2013,2015,4
0fc554c3-d78b-451b-a081-a95060fbb380,2021,107360,2013,2014,3
fca2c5ee-6fa0-44ee-9c2c-9d2927ca57ea,2021,11554,2013,2015,3
5487efad-5d00-450c-b460-58929fde0392,2021,13595,2013,2014,3
2a73af17-a838-4ba7-8ce4-da627604b56a,2021,1265453,2013,2016,3
c2b91355-985d-4c7e-ad28-4706eb5b7527,2021,95175,2013,2014,4
3b83cfd5-93e0-4bd2-b1ea-ae1bc118b0b5,2021,2209,2013,2014,1
7a84c679-0bd5-4036-bd09-aaccea2d5d89,2021,1267543,2013,2014,4
a0bbcdf9-65d5-436c-abcd-c318c99e97ed,2021,18584,2013,2014,3
8a4a6bc0-58ac-42f1-a0f5-e314efb13404,2021,1315444,2013,2018,4
78aa9a58-190d-45e3-9046-8d1f754f9baf,2021,58808,2013,2017,4
30758b6a-d08b-484d-abc5-ab5c5e867ec2,2021,50082,2013,2018,4
b4fbbc94-1fde-45da-93da-cd46c3f9092b,2021,13446,2013,2014,3
788fb778-bb8e-449e-b6a0-60deedc79d4a,2021,2209,2013,2015,1
9320bfb7-fbdc-4187-a11c-0665c13074a1,2021,108660,2013,2014,3
69d64181-8e14-41f1-90cf-3104516fa17a,2021,1190071,2013,2015,1
f484e018-5c61-4aa9-84d3-1a612bfca3e0,2021,5000143,2013,2014,3
e38eb85f-a64b-4193-9bda-d1e8eb070cd9,2021,13401,2013,2014,3
4f99223e-ff89-46cf-9748-3b3d5e1210de,2021,1270596,2013,2014,1
39e09b95-6947-4353-9c93-a8ee34ec5d65,2021,18671,2013,2016,1
11e3252c-a1ba-470f-bb6d-f264b8c9a9ce,2021,1118057,2013,2014,4
f8db574a-2811-472e-9589-e4a4b0d286df,2021,1288002,2013,2018,3
ba5a8e1e-8fa4-4da8-ad4a-5d190ef7840c,2021,1376181,2013,2018,4
cb34e671-9576-4d24-9ce9-95ec06732a1f,2021,13595,2013,2014,3
eacf7046-6013-47b6-b55a-bd56c1dfc7a4,2021,1376131,2013,2017,4
767ce736-6990-4fa4-a3b8-ff926f4265d3,2021,67601,2013,2014,4
d43aed2c-16ea-4676-8602-3bd4d681be15,2021,1166783,2013,2014,3
be195d49-5a7e-4f66-be95-40dfc50ee660,2021,20933,2013,2014,3
f163be04-3383-4f32-bfac-ccb4963ebd9b,2021,513,2013,2014,1
8f74cf9a-0ed6-417b-a998-1348d62d2804,2021,37862,2013,2014,1
3d930cb8-3dae-425e-a7d0-8333c96a4a6c,2021,317,2013,2015,2
1d7df48d-204d-4c60-a5ae-e6c8cf40318f,2021,101830,2013,2014,4
ea260a5a-bb43-46ef-8bfe-49f75099bca5,2021,1187671,2013,2014,3
829e153f-4417-490f-bd9d-439243b22290,2021,118994,2013,2017,4
90985afa-2b01-4e7c-87c3-985167449edb,2021,101830,2013,2016,4
e3ae798b-5e84-4964-b086-b532ce27d027,2021,13401,2013,2014,3
e31a3c72-7ad8-4157-bfee-6506f08a10dc,2021,13446,2013,2015,3
283fa71a-1b38-40bd-96a2-cfed9c4a093e,2021,90030,2013,2017,4
1f7a259b-011f-42ee-b0f6-1eeac834a696,2021,47505,2013,2015,4
881aae88-407f-40a4-9352-35d92c6ffe6a,2021,1190071,2013,2014,1
64011e3d-ab5a-41fb-9694-4800e1555aa0,2021,107360,2013,2016,3
b91f644f-e15f-4b09-8bd3-7c719122d03a,2021,11452,2013,2015,2
1a47945b-cf06-4437-9231-701b32260d3b,2021,62484,2013,2014,1
3f88a27c-19b6-4724-8d13-109bc264ca60,2021,1136142,2013,2014,3
ee955739-d9b9-476e-91e6-5a95c75d6918,2021,13277,2013,2014,3
95e7a2a6-91d6-4829-a191-a035049b72db,2021,20239,2013,2016,3
665bfe47-eee4-4d33-bad2-94957dd6d2aa,2021,90030,2013,2016,4
6f505f37-589e-4d1c-b9ab-84ad017c8b5d,2021,87396,2013,2016,3
25eb7377-409e-4e3e-ab23-3ee7d462de21,2021,1314243,2013,2016,2
977a6357-892f-4791-b998-660fe1a0e6d9,2021,1101244,2013,2014,4
a7a106bd-a267-47c6-ab1d-8bcf9dde828c,2021,101942,2013,2014,2
206a9070-f4e4-488d-b239-f38204cd613b,2021,48205,2013,2014,4
9cdb1083-50fd-484b-b1a9-286b215bf7f8,2021,1102628,2013,2016,2
a99864f1-3306-4a6a-90fa-95da09419c52,2021,1102628,2013,2014,2
ab088320-b701-4355-b339-11fd1d39e345,2021,18559,2013,2016,3
378415e6-0ac3-45b2-b986-d8fa47f3b9b6,2021,112086,2013,2014,4
0e6b5e7e-cb12-4d97-b2d5-c9be4e080f69,2021,13595,2013,2014,3
b1b4d916-39f1-489a-bd03-c64fca08bde5,2021,5000135,2013,2016,4
8d8a225d-fd3a-4f1a-9bf6-cc3a2ceac4d1,2021,1376181,2013,2017,4
6b34f382-93ea-40d3-a7a8-930a7232b410,2021,5000135,2013,2016,4
b8a23378-245e-4a0a-b835-2d69cca1c1cf,2021,102590,2013,2014,1
315210cc-98cb-4fce-9789-3bdae4af5b74,2021,53342,2013,2016,4
f391a74d-65be-4381-8eda-e516a7149771,2021,94762,2013,2018,4
81de43ad-eb54-40d5-b070-d3d319f90344,2021,11554,2013,2013,3
f9492457-e4b9-4638-9742-3d41ff2dd6f0,2021,1181115,2013,2014,2
45108ee7-14cd-445e-a633-82b3cac18d0f,2021,47069,2013,2016,4
ee555d28-21b3-470c-b90d-c4e39ff64474,2021,5000143,2013,2016,3
4a514dd0-dbdb-4ac5-aa1d-0ab3067ec23e,2021,19047,2013,2016,4
fb605592-bd2b-420d-9701-7cded7d194f4,2021,1351760,2013,2018,4
3f647296-d813-4fd4-99bf-659204441e9b,2021,1136142,2013,2014,3
104072e1-34ad-4f00-a50f-8030344c64ea,2021,1288839,2013,2016,4
31643a00-1adb-4b77-a358-6b715fa909e8,2021,1181327,2013,2015,3
d943ce2a-a47e-4b6a-97ff-c2ec41263ca1,2021,1427745,2013,2019,4
fdd7dec0-53ba-4abe-9bd3-e17f6747967f,2021,95017,2013,2015,1
b1863963-79ed-4da0-8205-ed80ab6ac4b8,2021,1136142,2013,2014,3
d1b2c6c9-0170-4b7a-94f2-10c8c7b61926,2021,13277,2013,2013,3
ee71e4f6-43b3-40cf-941c-52f03916c6d8,2021,103062,2013,2015,1
8ae4277f-c8be-4737-9391-d8fb40138f06,2021,41238,2013,2015,3
2467662e-1045-4301-97f3-acb380fd4376,2021,317,2013,2013,2
472ca426-f969-4c7d-8ffd-33b54bbca5b6,2021,87396,2013,2015,3
f8b496b0-55f6-48b8-8c23-c22b34fa8608,2021,5000135,2013,2014,4
ab4a89d3-ccf8-4d8a-8303-21a3c916dab6,2021,37862,2013,2015,1
cba737d0-4519-4fae-92c0-f542167cb16c,2021,101830,2013,2016,4
3038ef74-b541-4c44-9b83-cc7dbc17e997,2021,108660,2013,2017,3
8bbe2d9d-cac3-46ba-aed3-23695034fbdd,2021,102590,2013,2016,1
28936161-63ca-4187-8a1c-3c21a85d4588,2021,1101244,2013,2014,4
52bf6eec-ab5d-4599-88ea-b0f0a799c991,2021,1148708,2013,2014,4
b066170a-1631-44ab-ba37-8cbebc9462a6,2021,13216,2013,2014,1
37ccd553-8da8-4e4a-9ff9-2ba2ae0965dc,2021,317,2013,2014,2
84fdcb7c-9708-4c31-95f8-e67cd90ba307,2021,106996,2013,2018,4
f5a2286b-0c9e-4353-840b-924331bf2c37,2021,317,2013,2014,2
b48e7043-1004-4c1d-8b46-f9e980cec751,2021,1103723,2013,2015,4
33b13c13-7111-4ca5-bd4f-11e3fcba145c,2021,116770,2013,2014,3
a6c6156a-6e63-45d4-8dab-1ac4cfd0a3b8,2021,47051,2013,2014,4
dd8ee20e-4809-48f0-ac62-826cde8d6fb2,2021,53333,2013,2018,4
09a15e21-966a-454a-b96c-fe4c8c550fa3,2021,11452,2013,2015,2
fdbceb51-582e-47a4-bff2-4e19595e5bb5,2021,1181327,2013,2015,3
2164380b-e182-42e2-b8be-b75f5c613525,2021,1187671,2013,2014,3
07b6a15b-2051-4987-9233-b777de25e034,2021,13595,2013,2014,3
a59966d8-7af1-4f04-9437-120e24448cb3,2021,88068,2013,2017,4
ccaf9153-654b-486e-b7d1-99ce5c6d3f0d,2021,9414,2013,2014,4
4355070b-8609-42f0-af68-1e00e90f37af,2021,1101244,2013,2016,4
82d82373-0142-4f1b-a0f1-9780b42e6876,2021,107360,2013,2014,3
646e130a-74cb-447c-a101-1d520f4636c2,2021,113455,2013,2015,4
a3539532-abc1-442f-8ac4-c32f0f4b0aba,2021,1314243,2013,2016,2
fe27fa39-d891-4038-b3ee-f6876a7f4a23,2021,1101244,2013,2015,4
38a08370-401f-4e43-a58e-edeefbb12e99,2021,18584,2013,2014,3
0cd317ce-902b-4637-a636-521c3f79776d,2021,13446,2013,2014,3
37ed2f70-6f13-4a5e-8455-5f983f72431b,2021,2209,2013,2016,1
e796fe1b-c585-4107-ab61-94d2be65551a,2021,2209,2013,2014,1
80946374-d883-45ce-b31f-2b12bd191358,2021,13277,2013,2016,3
eb059324-0030-41ef-b139-4ea299b35467,2021,5000143,2013,2014,3
8c61f11b-86da-42cd-814e-205c457055e9,2021,1102628,2013,2014,2
70153e32-e710-4148-a56b-66225f9c5e6f,2021,118468,2013,2014,4
e33b92c7-bda7-4869-b4d8-9ed4bff4da50,2021,113455,2013,2014,4
f3f65659-34e6-41ad-a25c-cf5768e4a8a7,2021,101830,2013,2016,4
e0617f0a-b85c-4c8f-a643-6bed2722929f,2021,11452,2013,2017,2
2def5a7a-7754-4a48-9dce-4deb2c2833ee,2021,5000143,2013,2014,3
29ada793-d955-4b55-9607-3a80256c3fd0,2021,54934,2013,2017,4
ecb8ca31-5569-4573-8dec-50ed20b148e6,2021,107360,2013,2016,3
2f849df7-09c0-45b0-a3fe-ab4be621d0dd,2021,5000135,2013,2015,4
1fe17811-0c42-415a-aa1b-c1acd74441bd,2021,20030,2013,2017,4
ad5f8100-ae98-4b15-a164-2259ef590c3d,2021,13595,2013,2014,3
e02f8f3a-d7a4-4e01-be72-4eff966cf9d2,2021,1070485,2013,2018,4
9231253c-629f-4599-9cb4-da3df7263785,2021,13446,2013,2017,3
3b6b6a41-1c39-40b7-9a0f-600e4201f8ab,2021,113455,2013,2014,4
a8b793b0-7904-4396-ace3-4a946c5731ed,2021,317,2013,2015,2
b436d3d7-1b3c-486c-853b-4cbd5e49b301,2021,1190071,2013,2015,4
75624f75-b80b-4c72-b0c2-17100fb980db,2021,11452,2013,2015,2
c5709225-e745-4bf9-8acd-9932d82eda6e,2021,11452,2013,2017,2
7cac0bac-d8ad-45cd-93cc-12d41e43358a,2021,11554,2013,2016,3
56ba4b32-a2a8-4977-83fe-31dae0a57931,2021,1101244,2013,2015,4
5889b729-e42c-464c-94b2-ce752bf05762,2021,9425,2013,2017,4
e7190a45-78fc-4162-943d-d1a8cc1605be,2021,118468,2013,2016,4
cba668d2-6cc2-4f7d-8b8c-26da7fd5db31,2021,11452,2013,2014,2
03e4f4a2-92ac-412b-b34f-6a04f424de20,2021,13401,2013,2017,3
e2305421-80e5-4d98-a44e-a20df5abaa44,2021,113813,2013,2015,3
d4fb4f49-3bcd-4591-a94c-7041f7bd738c,2021,317,2013,2014,2
244dfe86-e8e7-40b3-b745-b6ebe59c3223,2021,98305,2013,2014,3
323b90b0-b74c-4b98-b73a-eaaa10cb8283,2021,54934,2013,2014,4
5b9fd95f-01e5-4768-91af-9f323cc929c0,2021,118420,2013,2015,1
b68ef929-d012-4c22-b5e6-0d653ebd4d29,2021,1330347,2013,2014,3
4b8ca30b-442d-4c5d-93dc-4c7cb70ea7bb,2021,73140,2013,2018,4
02f515cf-282d-4d91-9e98-70141bd50bff,2021,118420,2013,2016,1
f8f32eca-96b7-4008-976e-cc121028d312,2021,106996,2013,2017,4
ea666701-d5e3-4127-8cc5-35b151ac7ebe,2021,18584,2013,2017,3
9b04f553-fb8d-4c70-9767-fed9dbed5eeb,2021,1269545,2013,2014,3
b9971d0a-bb6a-4ec7-9a97-da58a829d747,2021,56172,2013,2018,4
d6ad4bc6-d043-4d36-ac47-58de45ec6bef,2021,117022,2013,2013,4
5074407c-8a3e-4d61-9f54-249e240c9879,2021,513,2013,2014,1
f3ad106b-9d65-4dd2-a8c1-cb8ec4a37b79,2021,118420,2013,2014,1
bdad74b1-eec8-47ee-bbb1-aefb5395ca1e,2021,1101244,2013,2014,4
2c06041b-05f8-449d-8847-329f6d1a7b88,2021,13446,2013,2014,3
b59a9b65-fe2c-41b5-8362-510af70e7eba,2021,12313,2013,2018,3
c0e48ac2-b38c-4f2e-bf70-6d8fe14a18f6,2021,56172,2013,2019,4
f53c96a5-bb89-40ef-b564-d24a46c77447,2021,18903,2013,2020,4
b10d691b-e5da-46ea-b631-f5d89290c24e,2021,94762,2013,2020,1
ce9676bb-e3d4-4d1c-bc1e-58c13d095e80,2021,116770,2013,2014,3
2d13e72e-5d9f-42e7-8a29-331ad77b1c08,2021,97443,2013,2016,4
ff0996ad-2c7e-4dee-92f3-4ab277b1c4f9,2021,97778,2013,2017,3
ce5b54c1-ab68-471a-9de0-9726d0b506db,2021,13446,2013,2014,3
38708894-a961-46d9-a06b-d80c0a2588e2,2021,101830,2013,2016,4
4aacc317-8c06-405d-b52d-07de56d92f17,2021,13446,2013,2018,3
8d8de8d9-3820-44c1-8991-f329cc45b92b,2021,13980,2013,2014,1
c8513e9e-7b20-4814-8c33-9d97ef11968d,2021,1187671,2013,2017,3
9e143fd3-69dd-43d8-89ce-ae6ec5a4e2b4,2021,95017,2013,2016,1
4f638d98-e6c2-4ce6-845b-11c83e373b6b,2021,13446,2013,2016,3
3ad710a3-7f61-4ca5-a4ce-504b44991210,2021,1136142,2013,2018,3
23b0e101-c874-44e8-b599-33737e65b4b3,2021,83388,2013,2014,4
fd2a9c86-a4a7-417d-928b-5467646d16a8,2021,1136142,2013,2017,3
61bfe813-110d-42c5-a951-7213ce20d794,2021,317,2013,2019,2
c8f09e75-8354-4c3d-9e2f-80635211200f,2021,13446,2013,2017,3
b89f9d4f-5f0a-459b-b006-144580bd4cbc,2021,1283028,2013,2016,4
48fea4fe-b54e-4c4b-b06c-bb88b1d8fb95,2021,97443,2013,2017,4
b41206e1-abdc-4e12-a87f-969f5f942419,2021,12313,2013,2018,3
93fc1122-b3a1-40fa-8ff4-27232a795fab,2021,97443,2013,2018,4
5d0e8cb6-1929-4ce8-a8f1-bc61a7f253b5,2021,97778,2013,2015,3
1ef3cd27-f618-420e-8c6d-63d407680a30,2021,95017,2013,2015,1
58545468-dcd5-4deb-896f-da768aea82d5,2021,99406,2013,2016,4
baae20a9-3983-4791-a259-29a1b9829e97,2021,99406,2013,2014,4
504e9424-455f-46f2-9834-cefb9356d91e,2021,2209,2013,2014,1
f5e5fdba-d2cd-42ad-af6b-0f09ea29c85e,2021,1136142,2013,2017,3
e9c62ed8-7cea-4097-8964-461d8a317239,2021,117532,2013,2018,4
e7c817ad-e2b5-40f0-a7d8-1bc607ea64e0,2021,13401,2013,2014,3
4a972c21-64e5-4c30-96ef-5646732cb342,2021,21464,2013,2016,4
5d1e155e-d654-4eff-b154-d47a578b8b2c,2021,68930,2013,2018,4
f466fee0-a356-48f7-b027-4dd8cd357c75,2021,1330347,2013,2018,3
2c5a2e97-3a40-46df-98b9-efb7c05a6e38,2021,13595,2013,2014,3
87553d01-9d91-4e44-90f5-51c2212827c8,2021,5000135,2013,2014,4
aedb0adb-c21b-4352-a062-52264b4b8e04,2021,118468,2013,2019,4
c9f06a7f-2b57-4f18-8dc5-36e9e0e1980b,2021,90030,2013,2016,4
c77847e2-e9b2-4bb0-a3b0-f8588217d85a,2021,97443,2013,2015,4
f98a045b-3a8b-429d-b0fc-049ab111f8b4,2021,13277,2013,2016,3
ab2cdbbd-3f2f-4c75-a03b-67e69c85d2dc,2021,1132918,2013,2014,4
da8f6d20-7044-455c-a06d-72d9ee4dcd18,2021,317,2013,2014,2
cb6a579d-3c33-462f-8d22-d1dc8c47c638,2021,1136142,2013,2017,3
9323b881-cc0e-4f9b-877d-e3907d77bfef,2021,5000135,2013,2015,4
13b75bb8-dca2-4dd4-99dd-915926916a66,2021,13277,2013,2015,3
2c1810ae-d259-4b3b-a39d-4b63acb913ba,2021,13595,2013,2014,3
c1480eea-0280-4a3d-871b-c8960ed09c4d,2021,87396,2013,2014,3
448119fc-c292-435a-abc7-0db9d7391f65,2021,968,2013,2015,4
b7f19a58-f3ba-4351-8b42-7e0ea5fdda07,2021,13595,2013,2014,3
8ea85bf6-e5ba-48bf-ad6e-c4c58c36599f,2021,13446,2013,2016,3
2a579ae2-14f7-4ec9-990c-8e9aa6f472d7,2021,13446,2013,2017,3
478b87d6-455e-44a4-8f25-69b7565a0b52,2021,13595,2013,2014,3
bd0fab64-ef15-4e29-9ffb-06658679c8fe,2021,13446,2013,2017,3
54c93c04-813c-4ed4-a4f6-e34446f0d9fa,2021,317,2013,2015,2
e9e93245-e1e1-4c68-9481-1ab702244df6,2021,13277,2013,2014,3
70b6ded3-7ebb-4964-9bab-1d9da6c85300,2021,1265453,2013,2016,3
bb324b36-2836-4c01-b53a-a2f9d5c8b4cf,2021,13277,2013,2016,3
668be8ac-c604-46cc-9a99-1f7731251338,2021,13595,2013,2014,3
9e38e0c6-9c22-4d20-8f8b-9e3fae80805b,2021,13277,2013,2016,3
b2e11897-40fb-41d1-be75-e29f88988000,2021,18584,2013,2014,3
60eadaba-99d5-4274-96aa-6b82f8db0a6b,2021,18584,2013,2015,3
7e43a7dc-0095-44a8-8fbf-1a799b3228ca,2021,18584,2013,2014,3
6ad21318-204e-4f13-9060-863432113d2f,2021,18584,2013,2014,3
024f2c07-9465-4940-b618-7b3687aedfcb,2021,18584,2013,2015,3
cbe4fb52-4edd-40a6-87fc-f5dab8166766,2021,102590,2013,2014,1
5d523462-f465-4462-8636-611b8c822bf3,2021,102590,2013,2014,1
7b2de43a-e3e3-422d-8e87-877101c32e83,2021,102590,2013,2015,1
3b7fefaa-3f6c-4224-9e9e-7f8e6b49b69c,2021,18558,2013,2014,3
80d0da1f-b82b-4eae-a022-ec8a34c8f6c3,2021,1113582,2013,2015,1
fbdeedb0-514b-4b4b-874c-d984382fb109,2021,1113582,2013,2015,1
5db97353-c186-454d-8654-e5abfd8fe3b7,2021,1113582,2013,2014,4
b65b3d11-abb6-4bd2-aabf-315dafbf0bed,2021,1113582,2013,2014,4
f1640e41-2711-4128-93c3-bfd36596d817,2021,1113582,2013,2015,1
1069c16c-1be6-431b-82c3-bf34a69ebc7b,2021,1113582,2013,2014,4
43922133-658d-451c-a568-e7052c274338,2021,1113582,2013,2014,4
753223a9-dcd4-4915-bcb8-f3e7539aede3,2021,73140,2013,2017,4
b74d2afa-ad98-4fd6-8736-827b1cdd9f67,2021,1113582,2013,2016,2
c2773e52-a7c0-4698-9959-2dfa66235fa2,2021,1113582,2013,2016,2
ea5291a7-ddf5-4695-898a-d3d042064f50,2021,1113582,2013,2015,1
89fcff8c-0586-47a8-b412-39a6b3585497,2021,1113582,2013,2016,2
dfd9cb30-52e6-4bf5-840f-517373d3f5f9,2021,104360,2013,2015,4
564ecb36-90b1-4aed-9ac4-787d713e8ba8,2021,99820,2013,2016,4
8544efa3-4896-4d2b-8849-b853e2b977d0,2021,99820,2013,2014,4
ac44eb9e-982a-4f7a-a45c-1cd44551da3f,2021,55402,2013,2016,2
69aa9e01-f6ff-49e9-be02-12a3f9293d24,2021,112086,2013,2014,4
7cd6e394-2339-471d-aa4d-757bd2d28a60,2021,86318,2013,2015,2
9c373c05-0151-44d7-825b-4b73be867155,2021,86318,2013,2015,2
b7f4bd07-2421-4af9-ba5a-43bc90fd540a,2021,86318,2013,2015,2
11e60a45-9d7d-4e73-bbe4-2f7ff387dc7a,2021,5000143,2013,2014,3
779c4709-6d39-44d6-8f4e-aabf29009576,2021,1113582,2013,2014,4
5e25bf6f-bcdd-49d2-8ae4-f5054dba403c,2021,86318,2013,2018,1
3b67c8dc-feb5-45ee-af26-3422389f70f8,2021,86318,2013,2014,1
5cef1a54-a97f-44cf-8428-e80d2302adb5,2021,11554,2013,2016,3
6039c0d0-97ad-4002-b84c-f8d93e067f79,2021,1103723,2013,2014,4
8c4c7be3-0a0a-4fe8-9e4a-407c55c546b2,2021,13401,2013,2015,3
bea45030-e142-4218-a143-1976e4f89aa8,2021,67601,2013,2014,4
e56e2c21-1891-4715-9945-fb705e8a1692,2021,67601,2013,2014,4
48cd4fe5-a4c6-4422-804b-c50e9f496534,2021,73898,2013,2016,4
0b2c9874-2305-464d-bd0b-25c1c7300203,2021,21464,2013,2012,4
c9ce1430-f44b-4fa0-a475-1f6123e2abf0,2021,21464,2013,2014,4
652e5cdb-ea07-49db-892a-ae80c7828672,2021,21464,2013,2017,4
edc8d23d-3add-49db-8769-effb12c5774f,2021,318882,2013,2014,3
b25ee314-7652-45b2-bfff-a1a921140d64,2021,1265453,2013,2015,4
fb2a42b9-1726-4400-bf6b-6f3d03473d12,2021,1265453,2013,2015,4
27e3d56f-fccb-48ce-99b6-4fc65d2fb8e2,2021,11730,2013,2014,1
2cfaaea4-3494-4137-948d-ad62a8d9614e,2021,11730,2013,2014,4
850b9cfa-3a71-4cf3-beb9-8135e52e78c9,2021,11730,2013,2015,1
e5b91f98-702d-47cd-8ddc-6e9bf1b63d84,2021,1180773,2013,2017,1
22e1dd32-033c-4f11-a6bf-098310c42ea1,2021,19047,2013,2018,4
71e3b308-b44e-4254-9681-fb9578fbfa74,2021,19047,2013,2019,4
28884cdd-a99b-4af2-ae10-44c5b50b1437,2021,1376181,2013,2017,4
004e9043-1c9d-4023-9853-3380bbaf814d,2021,88084,2013,2016,1
f79d7572-cfb1-4a94-bea6-2682f7a30ce3,2021,1180773,2013,2017,1
799fa1ed-9500-4996-a837-c013693f1203,2021,1180773,2013,2013,1
8ebb32f5-cca9-4048-a5be-3cb536ce0060,2021,1180773,2013,2016,2
41286cd2-c5d9-42db-bd08-ce74e815db8a,2021,1180773,2013,2014,1
caefa06b-d24d-45bd-949d-17bfbca1a757,2021,37862,2013,2014,1
59cc0533-4583-432d-b887-9cfd7625c0d7,2021,37862,2013,2014,1
b06f70ba-2098-4a3e-b2fc-f1a52de25182,2021,1180773,2013,2016,2
c15fd1ac-3c55-4d7d-be78-695ea19de549,2021,1180773,2013,2016,2
dbef3711-40b8-4602-bf9b-3c0fdab9586a,2021,1180773,2013,2015,1
65f25d64-74ec-4cf7-9cae-58b6376d5b10,2021,1136142,2013,2018,3
e931c91b-c907-46bd-a372-43ef88366da9,2021,1136142,2013,2014,3
d8b92336-b7a4-4015-8aea-c490f3b98d06,2021,90030,2013,2016,4
bab7830c-a7c1-4090-a390-faf90d7bcc45,2021,1102628,2013,2014,2
ec6a18d3-7a2e-4de9-8721-51664f85e0c1,2021,1288839,2013,2014,4
1f32d040-7f6e-4a5c-ac61-b4c57bc97851,2021,1288839,2013,2014,4
0ac4cb20-3273-48bb-b43a-376914e4bdbc,2021,37862,2013,2016,4
2a608f08-e16b-4db5-8c5e-830258f3d640,2021,118420,2013,2015,1
be927af2-b51a-433f-94eb-2a34b4b65b52,2021,37862,2013,2015,4
d73b7921-1e7a-4c5c-8596-e878f4c2fd8f,2021,18267,2013,2017,4
d8105ba4-253b-433a-bc13-eeb09632a3fa,2021,113455,2013,2014,4
df1ee0ac-8537-4514-a12f-29059337a0df,2021,113455,2013,2014,4
74cbddc8-98f1-4781-b8cf-1ff1ecb93d23,2021,113455,2013,2014,4
5cdf31dc-a8b9-45d3-a1e5-b6f6d13a3f1c,2021,113455,2013,2014,4
1bb9a4ac-25b3-49fb-a8fe-fcb12aa08541,2021,113455,2013,2014,4
9fbc6389-875c-4fd5-9069-270f4e5bab7d,2021,113455,2013,2014,4
8389f95c-ebfc-4edd-853a-200fa47de553,2021,113455,2013,2014,4
8ba595e9-473f-44a9-b3e5-e2bf02873461,2021,113455,2013,2014,4
7b8301a8-1802-4ee3-b141-08879211c604,2021,1110857,2013,2016,4
ea615686-99ff-42ce-8206-decebd4aef9d,2021,94762,2013,2014,4
674ba0a0-400e-4e80-aaf1-4447fe94d645,2021,94762,2013,2014,4
1f7a6cfd-9efa-4d2e-8228-05a5305e1ee5,2021,94762,2013,2014,4
ca62ed20-8e88-4fe6-a32f-1e108578a5b8,2021,94762,2013,2016,1
e7e09d3f-47eb-4200-9e77-cd5b37f9e665,2021,94762,2013,2015,4
b524e2b7-1cb1-40fe-b655-b94ca9871ffe,2021,94762,2013,2020,1
195da943-b82c-4554-8223-22c446c49ad4,2021,101830,2013,2016,4
1edb380a-fca5-4e92-842b-c442422d6686,2021,1270680,2013,2017,4
60d6344b-65b9-4a99-bb59-5090f6f1e718,2021,1070485,2013,2018,4
42abf70b-0682-407e-a6fa-c42e24c908cf,2021,1070485,2013,2018,4
b3d9e89a-2746-4d53-9e46-86316388ea0c,2021,12025,2013,2014,2
29e54435-b470-44dc-a64a-0ba169da80d1,2021,12025,2013,2015,2
4afab98b-1deb-487e-a23c-e8ec91336a9e,2021,1047907,2013,2017,4
6ee772f2-e487-4ada-8e80-615d7f894802,2021,12025,2013,2016,2
38be17fc-a789-476a-a60f-ef22a6ebb163,2021,18250,2013,2017,1
a195f827-afdf-46eb-9b4a-76e7b4407cb2,2021,62484,2013,2014,1
53c6e4d9-5e41-4e8c-9089-90049b6588d2,2021,37862,2013,2013,1
18b557cb-39b3-4dfa-8e14-513b7cf3e2dd,2021,1042278,2013,2016,4
d44dbe9d-5ca4-4203-809d-ba726a618c40,2021,1042278,2013,2016,4
2e3f9f28-8598-4326-a78e-d075cd64a7f3,2021,20030,2013,2014,4
2880b6ea-2083-4345-be64-9f3c5666026c,2021,56172,2013,2019,4
df4c443c-e597-4376-a395-80e3f075a8a5,2021,48205,2013,2015,4
a8468330-05c6-41ad-bc55-bde89edc1835,2021,48205,2013,2017,4
9fd516fc-f183-4f91-8137-977ee08d144c,2021,50981,2013,2017,4
d9a494de-70ae-485a-960d-4906b9482cbd,2021,9414,2013,2014,4
5ca58b67-a457-45ed-ba77-b627770639cc,2021,98595,2013,2018,1
b85425a9-5cc8-4a08-9388-3a5f6c5c03a1,2021,117532,2013,2013,4
f822575f-1b2c-4ac4-8bc0-11bd074d6b55,2021,114616,2013,2014,4
a0ba3c97-a2e6-4fc6-b8fc-0ffb1f349127,2021,117022,2013,2014,4
05cd9ccf-baf3-490e-969c-3e6557ef6131,2021,95175,2013,2014,4
2a9f5a87-4562-4634-982b-77ae122eaa4e,2021,20009,2013,2018,4
e6940f81-0263-4eca-a674-9501e09229db,2021,20009,2013,2016,4
2934bb7b-417b-42ae-88ee-6923b2705fc9,2021,98595,2013,2016,4
84ac1a32-b450-4d12-ab18-88ef9177d388,2021,106996,2013,2018,4
c679a8dc-ee72-4f59-9d34-a294bcc35fde,2021,5000135,2013,2014,4
ccf17dde-2f51-4ee8-8253-289ceac97dad,2021,1270680,2013,2017,4
00a53f7d-2a57-46e0-8df5-655a8e9f6f63,2021,68930,2013,2015,4
ca573c13-fc2e-4fa4-9246-7fc63f78af96,2021,47505,2013,2015,4
68dfbc65-cf5e-4941-af78-4f70b5a5576e,2021,47505,2013,2015,4
70760e6d-1ba1-4db7-98ff-35986837aa9d,2021,1270680,2013,2015,4
230423f7-f921-4c7c-8616-2e1ce43da36f,2021,20756,2013,2014,4
7f152dc7-228d-472b-b645-5986c10ff55b,2021,12025,2013,2015,2
b378c4f4-28f6-418c-8a33-40c532f368d4,2021,12025,2013,2016,2
e10025df-76d4-46de-9925-fd2f26ca657c,2021,12025,2013,2016,2
a0c79b19-9bcd-4bea-a90a-4d8378c54484,2021,20239,2013,2015,3
2c048624-cd8b-4271-a979-9001f311afdc,2021,20239,2013,2014,3
511029d8-b238-4e51-ae48-d33648a67510,2021,1190071,2013,2014,4
25be5e99-d063-4535-bd7d-61468a9e9fcd,2021,1190071,2013,2014,1
ee02c278-3732-4bf8-a6d6-478f7bb8a1ff,2021,1190071,2013,2016,4
e24f8b54-a007-4bc9-8890-174e9a44e593,2021,1101244,2013,2017,4
f3ac7958-b49f-404e-85d6-dc7493452b04,2021,1270680,2013,2016,4
032572c6-1d0f-46da-93e7-65f29717358b,2021,1270680,2013,2015,4
2ad592c4-71c5-4549-af73-5fa1f9f598fd,2021,64664,2013,2014,1
fcb126d8-2076-43a1-a536-ac1118ef9196,2021,60886,2013,2016,4
2f026a4d-d5ef-43d6-9ebd-6b143353bd0b,2021,60886,2013,2013,4
8cd72e5a-3edc-45df-8dc9-2affaaa1f2f4,2021,60886,2013,2017,4
1aabb319-1553-44d8-ae37-aca8357c534d,2021,1270680,2013,2017,4
ac73142a-55e4-4f6c-ab17-d1d0347f5e9e,2021,9414,2013,2015,4
48a4edf7-93a4-4d00-852c-f2e6200034c6,2021,9414,2013,2014,4
9c4ed1a5-f121-4c55-a42c-f379d093925d,2021,37862,2013,2014,1
094cafdd-17fe-4439-b57b-a6ae6ba0ab4e,2021,37862,2013,2015,1
972d44a5-7349-40e0-9ec1-c2bf5b5d3f55,2021,106167,2013,2014,1
f6f3043e-7a72-4ca5-8aa0-5a39f34355eb,2021,1166783,2013,2016,3
0cec54dd-00a4-4e86-95e6-5afffe543ec2,2021,1330347,2013,2017,3
709dc307-c875-4f19-be62-731c36954f5d,2021,1330347,2013,2017,3
83bc709b-9dab-4a27-ab15-a78d33e77dea,2021,11452,2013,2014,2
7dd19709-de02-435a-b4f5-5805404cc9a4,2021,12313,2013,2019,3
95478c0e-33cf-4e07-9dae-79dd6bce0cbd,2021,12313,2013,2018,3
93884763-bc7c-4cd8-a38a-4216afcfdff4,2021,12313,2013,2017,3
9018e3a3-5f00-4a47-8cc3-9fe8372bd43a,2021,12313,2013,2020,3
321ec9f9-1246-4ebf-b314-65efec89087a,2021,1181115,2013,2015,2
6444c084-b2e8-4c8e-96a6-67ab801541db,2021,1181115,2013,2016,2
4615b283-3381-4474-9e44-429b10afbd48,2021,107920,2013,2014,4
c3b0aae7-6741-43a3-bbc9-7d8a734a99c7,2021,98764,2013,2016,4
c862aced-cfed-4200-8255-2ff311dd8a01,2021,98764,2013,2015,4
f46208ac-b74d-4470-a0a5-1c45a48627b9,2021,1533190,2013,2021,4
a3b30935-f482-4566-b472-d15599d0470f,2021,1306689,2013,2017,1
677e4191-1675-4783-8401-99fefc153d43,2021,100654,2013,2014,4
c4433e76-7760-4808-ba6a-78f67711d665,2021,100654,2013,2014,4
a26be9a0-d08b-40d2-bf8d-8a4e9bc1c51d,2021,1318224,2013,2017,4
4e97f4c7-b26b-47a3-b90f-56fbf83505a5,2021,43664,2013,2015,4
26f4f09f-cd26-46e4-9d48-27500cbff6c8,2021,5000135,2013,2014,4
caa2c811-fab3-4102-9545-6ce954fbff36,2021,2209,2013,2014,1
aba5c81a-7d95-49f3-bde6-8332fc54db20,2021,2209,2013,2014,1
ecf2973d-15c0-4c09-a3e9-8d6cb64a4f78,2021,2209,2013,2014,1
456e6401-34ef-4bc3-b386-ba5037fe71c3,2021,2209,2013,2014,1
22e2fd55-d420-4214-8dd9-80b3699b18c6,2021,2209,2013,2014,1
45e1e7f1-f3c8-4d53-8956-47363ff81272,2021,21464,2013,2014,4
80186ed5-d4d4-43f4-89bf-439056ee7a00,2021,94762,2013,2016,4
cb4ee13b-dd05-47c3-83ae-7f28108d272f,2021,1042278,2013,2017,4
61433815-2154-4544-99eb-3330ed0d43b3,2021,103062,2013,2014,1
f6b71dbe-3508-49d1-a8c5-cf397e11f293,2021,103062,2013,2014,1
d2ee08ff-e598-4424-88a6-07a64aed3ef9,2021,1385488,2013,2016,4
b802d555-b290-4cfe-ae76-a1fe56983524,2021,47051,2013,2014,4
524fc909-e21f-4799-9f3f-17256fd84aff,2021,22061,2013,2014,4
f1ae5f39-2612-4d63-9677-a314f863c3fb,2021,22061,2013,2015,4
3b47daeb-a57d-49c8-b041-815fc1810247,2021,17886,2013,2015,4
4e43c492-089a-437c-b246-b4ff99c84506,2021,1118057,2013,2015,4
6fd3e25c-c5e3-4e06-9954-bdf3c30e5442,2021,317,2013,2014,2
5ba2591e-60ed-4332-9403-f00a00cfbbe7,2021,317,2013,2017,2
71b652df-c391-4874-8e85-953f35128f1b,2021,18683,2013,2016,2
e7b21012-755e-47c2-8904-95c192aec4e4,2021,40343,2013,2014,4
4fbb91f2-03a1-4853-8eda-b08902d86ff8,2021,108660,2013,2014,3
b276943a-080e-49a9-b8e3-be3bdc5f6828,2021,108660,2013,2014,3
e7828b5f-4116-47f0-9723-ae5befb0c456,2021,1117717,2013,2015,4
0c98c9ae-73f8-4662-a91f-71bb02fbf3b1,2021,1117717,2013,2015,4
5524dfb1-78ab-442a-9a67-c67208767f62,2021,98764,2013,2017,4
0f2a82cc-3bbd-4038-b1fc-56c6e6c769f5,2021,98764,2013,2015,4
548dbe20-301a-4839-8c24-446ce950f76e,2021,98764,2013,2017,4
978b7d73-aa3b-4827-ad77-eac0f0d42517,2021,62484,2013,2018,1
f0a4c939-ee24-4fd9-97cf-263430109b50,2021,117532,2013,2014,4
e79f4bbd-abe3-410c-88b5-652d35f2d358,2021,1118057,2013,2016,4
a7b248c7-cbd0-42f2-8d5e-f3d20b393b2c,2021,108660,2014,2014,3
d1dc2aa9-e510-471c-ba19-760afd97460a,2021,18683,2014,2021,2
3fd89a04-1328-471b-82ef-92af30127018,2021,101942,2014,2015,2
7e7171ca-d463-4f95-aa48-08009d4ae0fa,2021,19047,2014,2015,4
87c58805-8fa2-4a63-8fe7-795f7a89e921,2021,113455,2014,2015,4
0bdd880c-e23e-4e47-99dc-a2d4f83ea4da,2021,1136142,2014,2015,3
7b8a7d8f-e379-4e2a-a0fe-977116ab5269,2021,48205,2014,2017,4
f42f5b1b-9850-4d89-9acb-62e2d2e85907,2021,1265453,2014,2015,3
ccb785bf-083e-4409-85f3-5168f4219d9a,2021,118994,2014,2016,4
45701e9b-2fcb-4445-989c-1ac3a623e089,2021,91181,2014,2015,4
e87f87f7-78e5-4db2-934c-4136d18e85a4,2021,18671,2014,2015,1
84bbd5a7-8372-4090-9465-d75b64f67589,2021,43664,2014,2017,4
c4413efd-c1c5-42b6-b10d-c9fc9ccb3da1,2021,74737,2014,2016,4
de1ad4f8-a8e6-40d7-a3cc-8adf8c144acb,2021,98764,2014,2018,4
1b83e2f2-7143-4763-a4d5-cfd7f9a9ec18,2021,48205,2014,2015,4
ac442d63-eac8-45b6-86c2-534db6f47267,2021,1190145,2014,2016,1
204a75f8-e5e9-435e-bfed-e65e4aa79450,2021,113455,2014,2015,4
215d3df6-9cc2-47c6-9e87-17e40c34f4d5,2021,98957,2014,2018,4
a330338a-8172-4734-b381-ddca9b34cbae,2021,37862,2014,2016,4
e9f0f9ac-6e1a-4e50-8751-93377dca4620,2021,18267,2014,2017,4
61b60ff8-fa38-4702-a10f-9f651c3ad46e,2021,5000143,2014,2015,3
5ebbf3a6-0e21-4f38-b4c2-ff26dd6a45d0,2021,106996,2014,2015,4
03602442-e8e9-4aa3-bcde-00b7f52cf54a,2021,106996,2014,2018,4
fb6621c4-5283-42d6-9150-8ba929d1fe23,2021,88084,2014,2016,4
2fb25837-baca-4011-8908-ec69005cde89,2021,1204325,2014,2017,4
9cdb2684-5270-4ad4-a06b-69ec7097164b,2021,88084,2014,2015,4
f4cdb0fa-0889-494a-83c7-2cd651bd020c,2021,2209,2014,2014,1
288c6a37-f502-4f28-99b0-2d6ad363bdfb,2021,118994,2014,2014,4
402ab2a1-b574-4e9b-acbb-aa20deefb566,2021,13401,2014,2016,3
2f6e3f99-7219-4811-9de2-2b30660bbc73,2021,13446,2014,2015,3
cef27723-28d2-4505-a324-46ce620b33a7,2021,40343,2014,2017,4
14606be7-5c7a-429d-ac13-4a43e9a90796,2021,13595,2014,2015,3
14f32f37-654a-4770-8a05-e5b6ed8a65dc,2021,1314243,2014,2015,2
bac789eb-9f53-41ab-9224-c9f951547cd8,2021,1299927,2014,2015,3
c4e80d61-8b15-4f81-8e99-ed9ef4bc7fb3,2021,49071,2014,2018,4
7568e3a3-2ac7-4f99-a5a0-c62e20500a58,2021,1102628,2014,2017,2
5d82ecf6-4479-4624-b0ba-58c153534ba6,2021,1322665,2014,2016,4
3ed3a58e-aef6-441b-842e-11def78c0059,2021,48205,2014,2020,1
bff21a2f-3739-418b-ba1d-085347fc100c,2021,106167,2014,2015,1
e31fadde-53cd-498f-b216-244e89e48875,2021,90030,2014,2015,4
bfc0b4a8-a684-4ee5-a934-0906db2f7967,2021,106996,2014,2018,4
778dfe40-632e-4ca4-81f6-a76d7361f191,2021,49071,2014,2018,4
33e2a691-3700-4647-be36-31526d72a702,2021,1288839,2014,2015,4
f79eef79-96d1-48ba-b40a-1a27b70c541b,2021,13595,2014,2015,3
49706da2-15a4-4268-a6c2-29de77e8d71d,2021,18558,2014,2017,3
ca056673-fa6b-4a37-8d78-581335bf3dca,2021,1314243,2014,2014,2
290163a0-d0aa-41aa-b008-b3fb5e4fd94e,2021,48205,2014,2015,1
cc06b2cf-7ac4-4c48-b3a6-023d1f577c70,2021,107360,2014,2014,3
b1db9fc4-30e9-4bfc-a5bc-a8fc3bf2e5a9,2021,22047,2014,2020,4
1fedb35b-b211-4f71-bdd2-7319ae90ea00,2021,104360,2014,2016,4
78b3aba8-e931-4f07-8e0e-e6fa89371fd1,2021,19042,2014,2015,1
f7b4c55d-92d6-45af-9914-2b0aed63169a,2021,11452,2014,2015,2
59fb3f6b-7dbd-4cfb-b95b-83400e0021a7,2021,55777,2014,2016,4
ee513db7-51bd-438d-8dc6-4ee01d2093fe,2021,101942,2014,2016,2
c9aada6b-906c-4a8c-af7d-099d54f01c98,2021,88068,2014,2016,4
01ae3172-5b9f-4026-ac25-2caf2fb4d6e1,2021,18903,2014,2019,4
4a0dc156-f6da-42de-a432-4f3a7c3c13d3,2021,1269545,2014,2015,3
ea038bd8-c994-4e24-a787-19a14ef45769,2021,56172,2014,2017,4
07eeacd5-b07d-4906-8421-262726833b5e,2021,18671,2014,2016,1
d675c49e-161c-47c5-ba9c-2eaa2a02da7a,2021,1322390,2014,2017,4
8878c4de-721a-441b-8809-af379e75a816,2021,968,2014,2016,4
797ea77b-c7fe-407e-be08-a29fbff6a67c,2021,106996,2014,2018,4
036b8833-2540-439b-bbb5-f3c41b8df61c,2021,13446,2014,2017,3
002e5fa4-0f6a-4b2f-97a1-bc189701e175,2021,317,2014,2015,2
851a650d-00a5-4dc2-8ab6-90d782c1cad7,2021,88084,2014,2019,1
1c13abfb-4956-4e42-a49e-dc68ae0935f8,2021,101942,2014,2016,2
755e3b76-57bf-4e06-b196-4cc5cb134c26,2021,116770,2014,2016,3
e19bd530-e163-4be2-979d-7066c66c6422,2021,13446,2014,2016,3
7f50591a-632e-48e2-bd6c-a69b6a1869c8,2021,112086,2014,2015,4
6f76376c-f48c-4972-9862-060601b22c0e,2021,5000143,2014,2015,3
c19c8b20-52b8-4045-a611-aa5f12df80ac,2021,19047,2014,2015,4
84336797-5d75-4217-970e-53bc3d4fbd54,2021,1269545,2014,2015,3
128ea26a-d5bb-4c51-82cb-1867238b1077,2021,1376131,2014,2016,4
97d8ce40-7ff5-4e91-a780-36677d20dc93,2021,13595,2014,2016,3
25c102a3-3569-4cc1-95a0-6347cd8da661,2021,1314243,2014,2014,2
ac686afe-42aa-4068-91b5-f523a94dc34b,2021,108660,2014,2017,3
98f9bdb3-e614-4df0-8d5c-358cd0192bd4,2021,1322390,2014,2017,1
a83d99e9-7579-4e4b-b012-925b53a7ad3b,2021,13401,2014,2014,3
81c1dfae-f96c-4dde-ae7e-421da50cab11,2021,113455,2014,2015,4
d168d782-7c28-48e8-bc29-5cdca3e43ad2,2021,1181327,2014,2014,3
96a481ab-248c-401c-b5a8-db9d12a45bf7,2021,1190071,2014,2016,1
80ddfd41-e2a2-43fa-be00-e2579d3bcc49,2021,47051,2014,2017,4
e3ae4b59-3c45-4e25-93af-e5e7482dd350,2021,1314243,2014,2016,2
90052dd9-a6aa-4e95-b616-1791884c4637,2021,113455,2014,2015,4
4bcd3082-e2f2-416d-93da-8c6089c0e707,2021,11730,2014,2015,1
4ca04e14-5c17-4c9e-9814-1f14ae50f960,2021,1190071,2014,2015,1
9447fc5e-78fa-4317-85cb-455a20ed099d,2021,1318224,2014,2016,4
250165d5-81d3-46c1-bedc-c0cde92a7ffa,2021,21464,2014,2017,4
47b4de9d-6d99-413d-bf36-08198180725e,2021,53333,2014,2018,4
af362ec6-e2f8-445e-8355-cde8ee83a4ed,2021,88084,2014,2016,1
304c2290-f346-419a-bbe1-e7e7a2ed8769,2021,107422,2014,2018,4
23ff5c92-e385-4cb1-9909-81f8f57e1257,2021,113455,2014,2015,4
0fafd729-aeaa-49b9-9cc4-498a95ca8eb1,2021,968,2014,2016,4
b18043b4-4772-4e82-84ac-21c95ed26f87,2021,88068,2014,2019,4
4f191892-7b99-409f-9bd6-09ecaeeaec81,2021,1270596,2014,2015,1
5fc41bd1-1683-4cee-ac66-969d37ff9ea2,2021,968,2014,2017,2
c1269363-aecd-4891-aff9-2ea121c862dc,2021,1265453,2014,2015,3
c857d615-3d9f-4152-be7e-66f1d76d326b,2021,101942,2014,2015,2
30300301-0070-42cf-93fd-08f2aa572ae6,2021,5000143,2014,2015,3
2489755e-91dc-4850-bf74-f10029aad204,2021,1267543,2014,2015,4
fb0e5aab-99ff-41b1-8fe3-277191b8f987,2021,41238,2014,2015,3
1b63a49c-cb02-488d-85c5-bf40d09cd3e2,2021,118994,2014,2014,4
a0d005d5-0726-4986-abad-c1cffb546b71,2021,58808,2014,2017,4
a1339e34-9d7e-44ac-aa70-0b803b03a358,2021,1283028,2014,2018,4
db700404-6381-4be2-8f61-9948dc29c0c6,2021,1265453,2014,2015,3
d77a7284-a71d-4562-af36-ce8b25145a87,2021,37862,2014,2019,4
37ce76d6-ba2c-48ca-838c-883beaafeb70,2021,18584,2014,2016,3
f7384272-f3b6-41cd-979d-d8bd2e486a6f,2021,5000143,2014,2015,3
360bec22-6201-451b-9dc6-f8b2ac8e9724,2021,20030,2014,2017,4
72fd5fd7-3d68-4804-87d6-9fa9649f0b2e,2021,1190071,2014,2015,1
adbc0d62-3edc-4592-a891-2e0eddc15f52,2021,64664,2014,2017,1
eb71b9b1-d673-41f2-b109-51a1fd63ef41,2021,11452,2014,2015,2
87d4bd94-e4fd-4b37-b117-bc2ea1b571b7,2021,91262,2014,2015,3
5b2474ad-9c2a-4e78-aa34-0d9f9ac3269d,2021,1148708,2014,2015,4
be1c5222-e9f1-48c3-8969-bbd44a84d76f,2021,2209,2014,2015,1
881b7e29-b5e5-48b9-8bdc-2a92c0118592,2021,106996,2014,2018,4
9ecc8918-ba7e-43d1-8094-a067cda4c73b,2021,1283028,2014,2018,4
f8a184df-8075-4a66-b25c-dd8e21cceea5,2021,11730,2014,2015,1
4da148ed-162d-4c7d-87fa-ad970e8d98b5,2021,1330347,2014,2015,3
794201b7-4e1e-4279-ae8c-fa3294371fcb,2021,106996,2014,2016,4
f03ddcb3-c2e0-4d7b-8181-c9939153f636,2021,5000135,2014,2015,4
5f75732d-4550-4e81-92bd-f5420c546111,2021,48205,2014,2018,1
b1109606-959b-4df5-8aa4-af7ada03449b,2021,113455,2014,2015,4
d63ba01c-6484-4e11-8386-cae249ed6ba9,2021,18558,2014,2015,3
83f6a075-e9ef-4aca-a29f-6c368c86e06e,2021,18559,2014,2016,3
2c8604fd-83df-4feb-92e9-daf53e3ea568,2021,55402,2014,2017,4
f693df52-7c60-40ca-87df-77b1d7dc66c9,2021,94762,2014,2020,4
7b1cf1d9-17c7-4698-90b9-a4daf0953255,2021,1322390,2014,2018,1
ff40e4f6-4609-4691-b6de-407f1d8625df,2021,18267,2014,2015,4
90771cbd-fe0f-4358-8e2f-cd654b5d8cbc,2021,1318224,2014,2014,4
0947c346-1dfd-47e2-ab4b-c6df02585485,2021,94762,2014,2020,4
058bd7f2-0747-4948-977b-59ca1890e332,2021,19047,2014,2016,4
9def02ce-0341-4b71-bbce-672f5479e32a,2021,5000135,2014,2015,4
889b3f10-3ad7-4eb0-bb4e-82f1f361bb32,2021,11730,2014,2015,4
1b95229e-4f47-4e9d-b613-7b9213938699,2021,101942,2014,2018,2
37adce6e-4afb-4195-bd28-0a64e9eeb186,2021,1330347,2014,2016,3
000eb973-5e18-4d4a-b8bd-8413d9014b26,2021,104360,2014,2016,4
0b7fccc8-d992-4215-b021-5ed34fdac2c9,2021,1322665,2014,2017,4
f8226095-4a0c-4594-971d-d2729e489972,2021,88084,2014,2018,1
a6dd85ec-eb62-4975-8322-85f13e79f10b,2021,18559,2014,2016,3
3ad6c56c-b3f8-40dd-b916-26e0c7bf3395,2021,97778,2014,2014,3
54c58413-540b-412c-b2a7-906343162c73,2021,1187671,2014,2016,3
91deb9f8-a006-4420-882c-6711622bf91c,2021,19042,2014,2016,1
8cdf1a91-e24e-4ab6-a2eb-5bd69f6ad8e1,2021,5000143,2014,2015,3
1b093f5a-19de-4207-84db-bee47a649940,2021,59122,2014,2018,4
6b3fc9d7-d0e6-4433-8966-cbf587013659,2021,1166783,2014,2016,3
b9d207a9-5ade-45cd-888a-6ff51f73b8d9,2021,116770,2014,2016,3
432108be-479f-4c83-9b4d-97ad477cdb24,2021,118468,2014,2014,4
8d7e0c53-5ac3-440b-af8e-216d8de28432,2021,1376181,2014,2017,4
a929f7be-1db8-44b3-878e-b5a031493e44,2021,83388,2014,2019,4
7151ecff-3fe2-49e8-96d6-0161558edf47,2021,1306689,2014,2018,1
a24cb502-1049-4811-8bd1-a1a0764d9c32,2021,48205,2014,2020,1
6aaa994b-4c71-4e05-ad53-e8d5fdb56fca,2021,11452,2014,2016,2
b77c59c2-4e6b-49c5-99e0-bbde06f9f094,2021,1181115,2014,2016,2
3edb9299-1035-4ef7-99ae-a06bc1bad5f4,2021,20030,2014,2015,4
03e7297f-4121-41e1-b2e1-a573a27fc4bd,2021,18584,2014,2017,3
5298a04b-489b-4887-a75f-bb1afe9aab83,2021,55777,2014,2017,4
814934ac-0102-4fa1-8241-095db9349ce7,2021,18559,2014,2017,3
325f39e4-aa08-4ab8-a3fc-e739022be0db,2021,98595,2014,2018,4
f6aa7158-7088-42dc-a7b2-1c9e079a3e36,2021,1181115,2014,2015,2
9d03d41c-fb9f-4941-9119-42646386127d,2021,513,2014,2015,3
078a1476-79d6-4c6a-9064-387513108f87,2021,106167,2014,2015,1
5bab105d-f1d1-4e9f-b65b-15ec6d0955c0,2021,968,2014,2015,2
10cfec97-0a4f-4c96-b7fa-9bd2e91e3a56,2021,2209,2014,2016,1
60cb546f-096a-4bfd-9675-f0c3f862d2f2,2021,1136142,2014,2015,3
32e03d08-10ed-4c45-9969-1b9a216fcd35,2021,47478,2014,2015,4
a7b65447-cd47-4f37-8cf7-bd9f0d241237,2021,106996,2014,2018,4
b3ce3fb1-8fdd-4458-9719-01e28294d63f,2021,18559,2014,2016,3
a99866b6-edde-4f91-9b22-29d5a45307e9,2021,1139692,2014,2016,1
262e557d-8377-40c4-b17e-cb5d0eb87779,2021,37862,2014,2017,1
ff2ff970-7bd6-4eba-b42d-8cef82d6ff8e,2021,1306689,2014,2018,4
fe4e3ddc-6fc0-4161-bbb0-00e2de6d76fd,2021,1101244,2014,2015,4
4ffdfedf-6f19-43d0-8652-8a381be90de6,2021,1322390,2014,2017,4
409c6b98-4117-4ae7-b322-1a022c5cd870,2021,513,2014,2016,3
af887fb6-932e-4e81-b23c-ea07b52d8656,2021,94762,2014,2018,1
18f3f670-ecb8-4c22-a3d9-d73123a94301,2021,968,2014,2016,2
fa0f5891-2ae5-4817-8896-4e21617ca14e,2021,1190071,2014,2015,1
d2be27b4-3f88-4a17-acbb-16828fafffa7,2021,9440,2014,2015,4
50f30a34-00d9-4b9a-bb91-845902066bbd,2021,1269545,2014,2015,3
795bbe45-3a53-4b29-b468-aa645bbf6cce,2021,95017,2014,2015,1
a372ba8f-de48-4feb-b6cc-5d28e46c0d80,2021,1314243,2014,2016,2
37db358a-ed4b-4d50-9f51-f9797593e2b7,2021,1270596,2014,2015,1
3dea1732-64e5-4883-95de-f1e48d0d1ff7,2021,9425,2014,2016,4
98e9457d-55f3-455e-9917-9dffadcb34cc,2021,106996,2014,2015,4
55e78f9f-c9ab-44de-ae92-a518cf8a66f0,2021,317,2014,2015,2
ae144ae4-e515-4d77-be07-bd4365bf599c,2021,18683,2014,2016,2
3885d875-e2ed-4844-818c-f5c2865dae54,2021,1203177,2014,2015,3
29334a81-3571-49ec-bdb9-b2f3a93f61a8,2021,90030,2014,2015,4
06aba3fa-eba7-49a8-b41b-bc257259647a,2021,107920,2014,2015,1
207f99b0-f06a-4f65-aa4f-149ed1695f5f,2021,19047,2014,2017,4
b3b21edf-d529-492d-9ad0-a80ddebf9cde,2021,1270596,2014,2015,1
87a64bb7-654b-48d5-8e7e-df48395e5010,2021,18683,2014,2016,2
0db204fd-a42c-4564-aa69-22fb025de516,2021,12313,2014,2021,3
66f252a4-fbd4-4c7c-a40e-3028bd42e4ea,2021,317,2014,2018,2
560f8440-1d75-4c81-8285-ec08dba90659,2021,83388,2014,2015,4
5544456b-a039-4f4f-9ae8-7fae3fb24466,2021,62484,2014,2015,1
fdd37837-3724-4b23-82db-e040be12574e,2021,20239,2014,2015,3
181b8a78-8ea9-46f8-9290-631b71c79853,2021,94762,2014,2018,4
1d6db182-8fee-4a5f-a487-0ef4cca0c387,2021,50082,2014,2017,4
416fbfaf-3370-4859-ba7d-8298019ec704,2021,1101244,2014,2015,4
26560760-20e8-457d-86bb-b270441b4e99,2021,1376131,2014,2017,4
23e1e069-7d6d-4644-83b1-f0223dd060f6,2021,43664,2014,2015,1
1e582037-f09b-4432-92be-ac23e48a64b5,2021,5000143,2014,2016,3
2fed5d70-2f76-4d1b-ba07-58a67fecc1f4,2021,1265453,2014,2016,4
42b46fe1-4972-43cc-b715-be4810890e45,2021,19047,2014,2016,4
690fc684-2a69-4c40-94cc-b0e1b4346ab3,2021,94762,2014,2020,1
96c7ad0d-39d6-4517-9ba5-2af98c6297ef,2021,18903,2014,2018,4
23034e38-9af6-48a8-a44a-3ea28bdf1fc4,2021,1288839,2014,2016,4
90ff86a7-d60f-42ed-bf8e-ce6bf3f11482,2021,91181,2014,2017,4
ae8df4c7-f8f8-455d-b7b6-94b0327f43df,2021,18683,2014,2017,2
e6f125b9-ff49-4737-8571-57b58fb13015,2021,317,2014,2019,2
5d27bf5d-9bc8-4123-a725-07334f6d1299,2021,968,2014,2015,4
a4fddd29-c158-4580-9545-944d04aa95e8,2021,97778,2014,2016,3
63770762-c106-4625-81db-06b0955b1a44,2021,317,2014,2015,2
2471e48f-459c-4424-90f0-d8fb95e3ab4e,2021,968,2014,2016,4
aff3c481-e917-49f8-9580-a6565089436b,2021,101942,2014,2015,2
ac96f8f2-ea6a-44bb-9933-1497a284ce16,2021,13980,2014,2015,1
7fe2162c-6f6c-4ecc-b8bf-17b0321b4b5c,2021,5000143,2014,2015,3
c50a7324-eec0-4870-bb3a-7de90ab81709,2021,2209,2014,2015,1
d9b652e7-6541-40ff-bc02-ba181aa6ada8,2021,94762,2014,2018,4
1c82b4c1-3010-4685-9792-62c618dfe96c,2021,19042,2014,2016,1
1ff65771-708b-487f-996b-118dedad0d74,2021,98305,2014,2015,3
d2ea38ed-4ede-4282-8e66-3a6a37fc74cf,2021,1385942,2014,2017,1
5b9b1bbc-8de9-47f9-815b-6638d909d3ed,2021,1322665,2014,2017,4
b9bc0124-600a-4a8e-b1f5-84eb0cf507ec,2021,68930,2014,2018,4
3c787308-7320-4ee7-b92c-a3550f9e9a38,2021,968,2014,2015,4
9321bd0b-70a0-406b-a4cd-cf220aafd828,2021,95017,2014,2016,1
870bcec8-031f-4ce9-ad7f-e837c6d13890,2021,37862,2014,2018,4
1ee345d4-ea5e-4970-b135-8c7a52412a72,2021,13446,2014,2018,3
ae214bfd-134b-45e6-a55c-fc79a8b2bcef,2021,47505,2014,2018,4
a9891d6b-9816-4980-8621-f1dd7c571973,2021,513,2014,2015,1
d6805dd6-752b-4711-8b2b-22cb5e806ec6,2021,19042,2014,2016,1
c8efaa32-e653-419c-8a3b-857a4e7fde8a,2021,13980,2014,2015,1
e4c40653-1b65-4c6c-9678-b2a1c3e024c0,2021,1136142,2014,2015,3
204fd744-3a21-47d2-865c-8453ee7dc0e3,2021,1314243,2014,2015,2
65e0a637-3165-4bed-ab7f-95e003f99afc,2021,18559,2014,2016,3
cee56060-b81e-4f07-85bb-57fe14208098,2021,1190071,2014,2015,4
c442231e-ecf5-4821-8de0-adacd47bb750,2021,1118057,2014,2016,4
5c0570be-a7ac-4f4d-a304-4eb27268e411,2021,1136142,2014,2015,3
1e169623-3e9b-41b3-947b-2d577c7a3d26,2021,1132918,2014,2015,4
d5208692-cbee-4bf7-b2b5-3fb3d1ae6534,2021,1187671,2014,2015,3
6637a81e-05fd-4cf9-8189-99f6a02bb3c3,2021,21464,2014,2014,4
99018e50-6005-439c-bdba-78aa3380c254,2021,1136142,2014,2015,3
ecd70bd5-cf0e-47cd-9b15-36b0de890a56,2021,37862,2014,2018,4
983566ac-67a3-4750-8fe6-cefdf2975b30,2021,101942,2014,2017,2
db9dd939-6663-4719-8aba-376b5e097597,2021,88084,2014,2015,4
088f22c9-28f8-4ba2-8089-490d917a83b7,2021,1318224,2014,2018,4
08dab4fc-714a-4a6c-9d43-ad7762f7fb3f,2021,41238,2014,2015,3
e930a36a-5705-451d-b961-f1c922bb163e,2021,106167,2014,2015,1
43c2c491-0b9d-40ab-adb2-bac8ec273b30,2021,18559,2014,2016,3
506c3e70-ecff-4098-8a66-0957adae9e02,2021,11554,2014,2015,3
ae05d3c3-dccf-41ed-b957-e4e2835f22dc,2021,101830,2014,2015,4
1c851ae3-cf9b-4d44-a7db-9e8660b6ea9a,2021,108660,2014,2017,3
e2f2b0f4-787d-4c2d-b231-b4d2c5d78031,2021,317,2014,2015,2
000b1488-416b-4996-adaf-556b052107ff,2021,11730,2014,2015,4
e75d8066-2cc8-4154-8875-3ebbabe60baf,2021,13446,2014,2016,3
8edd024d-e910-497f-87bd-729bc6868190,2021,1267543,2014,2016,4
b7035fa0-46ba-475f-a2eb-a1b0c986ff01,2021,20030,2014,2019,4
f274026b-498a-4d18-97e3-7f8a734f1b1d,2021,1385488,2014,2015,4
0e9ba579-d8a6-445d-aed1-3e614f16af76,2021,18683,2014,2015,2
05429a1e-0d89-4c92-b968-66357d4e984f,2021,1136142,2014,2017,3
bddd33df-f495-46f4-92d0-eb79e66b2e48,2021,1318224,2014,2016,4
74b649a8-8005-4bd2-87c6-704170788495,2021,47051,2014,2017,4
e869b1c2-72ab-492f-b545-2110b1f47e16,2021,13595,2014,2015,3
893d3d54-bd36-40c5-a401-d934b4786d58,2021,67092,2014,2017,4
56303918-7921-4971-a244-2c35ea4146fd,2021,1190071,2014,2015,4
a9733485-c71b-40e6-ad0c-899f2299ac2e,2021,18558,2014,2015,3
d00ec1f4-94db-4b2a-802c-9a0b31f10062,2021,1267543,2014,2016,4
26d07b00-61b8-46cf-9af5-945ac08c0983,2021,1314243,2014,2015,2
bd499a8f-0aa0-4f0d-845f-788c8b868998,2021,91181,2014,2015,4
12ce32bd-0653-472c-ae41-9483fd4b9c4d,2021,1299927,2014,2015,3
1dc6c1dd-b29c-44e2-80ee-7436291c7b64,2021,968,2014,2016,4
61c0830d-012c-46a7-a84d-7252778d0f10,2021,118420,2014,2015,1
f31bd067-bc52-4c3f-930a-3e21559c7735,2021,101942,2014,2016,2
7e2f653a-5149-4316-bc28-af35ada2d08d,2021,102590,2014,2015,1
a039e810-602f-4e1a-b27e-623715e86984,2021,318882,2014,2017,3
19df84ff-720a-4b71-9e6d-8edb5f68aac7,2021,13595,2014,2015,3
aa4fc30d-28f0-4f67-9c91-abd3e6b864ec,2021,95017,2014,2015,1
afcecf14-7342-430a-987b-bab86dfe761b,2021,13401,2014,2015,3
5bcfb535-8092-4cba-809e-2e4231f58701,2021,107360,2014,2015,3
31f5b2de-5608-4783-af4a-4a36b0c016ab,2021,18584,2014,2014,3
6335806f-fb14-40de-afc1-81a3e89048d3,2021,11730,2014,2015,1
94f79784-e863-4e5a-b432-7f3afc7172d4,2021,88084,2014,2017,1
a6d7b4df-4a21-4635-a301-09836c6fa902,2021,1204325,2014,2016,4
4d93e181-6b79-4c0d-8f32-e3423cf21885,2021,1267543,2014,2015,4
85c2558c-9b70-4143-b4d1-f6ce3897cba7,2021,20933,2014,2015,3
f206712a-5431-4843-b37e-9cfb1b23d90a,2021,118994,2014,2016,4
4c7cd797-e4fc-4c1f-a568-130bee8c6b31,2021,317,2014,2015,2
7b743772-9783-4a42-a9cc-fc4ba9756fcf,2021,59122,2014,2018,4
ba5b3bd1-ec87-4cca-9f09-e96498b3b7ec,2021,1270596,2014,2015,1
dcf5f8bb-ea83-40f6-9644-14102c53a269,2021,64664,2014,2015,4
1ebd2c21-22a3-4500-8aed-c78faa1b6c29,2021,90030,2014,2015,4
30a8fafb-72d3-4247-b46e-df776bd577cc,2021,101942,2014,2015,2
a95fea39-c468-4e01-8d7d-07bbde5a795b,2021,101942,2014,2016,2
22645d04-b160-4f93-a990-107b4542699c,2021,5000135,2014,2015,4
477cc1e7-8453-4adb-89db-c68c12bfc710,2021,1379275,2014,2017,2
78c1cf36-1414-45f3-878a-2d56f14f5b9a,2021,968,2014,2016,2
074e4a3b-4303-47ba-96ec-703b6a6a2ec4,2021,1136142,2014,2015,3
1120bce0-6ac7-4477-be73-d436c4bb3dab,2021,2209,2014,2017,1
fc9f3ba2-c515-4afa-a637-9463ef2320f3,2021,1136142,2014,2015,3
54c421d0-f4ac-4d0e-a882-c75e9244fba3,2021,9414,2014,2016,4
06fbe8ff-08c8-49fa-93b5-8ae5b8693e47,2021,5000135,2014,2016,4
5f094264-72c6-40a9-94d7-c8c14c607a85,2021,1166783,2014,2016,3
32593261-be00-4651-8a9e-9a5dce4e8cf6,2021,1314243,2014,2015,2
ecece912-bfd4-4049-bebe-5bfb1ebf9012,2021,13446,2014,2016,3
3370ff28-5f59-4f27-8374-1809cdb6fc90,2021,68930,2014,2016,4
792b17cd-6bca-486e-b4ba-9738e30512ad,2021,968,2014,2015,2
47ea0933-751e-414b-9eff-32d1834b783d,2021,118468,2014,2015,4
b7ccb337-0917-4b42-bee5-427455c72866,2021,13401,2014,2015,3
d34a7942-db81-4008-ab47-872defc6c8dd,2021,18683,2014,2017,2
0f5efa48-d8f5-4783-87a3-ccd0cada6656,2021,1314243,2014,2016,2
b1ef0cfd-ae22-4636-bf0e-1ef28417af36,2021,5000135,2014,2018,4
90e14437-0f7e-400b-9636-273368d02579,2021,103062,2014,2015,1
912a951c-f46f-4813-aa3e-35c913f2df74,2021,1269545,2014,2015,3
2618cf7c-2df3-470c-86ac-c68ec2647c07,2021,13446,2014,2015,3
d6c28933-a3a6-4f00-842e-54937b6c9317,2021,1267543,2014,2016,4
c892649a-730b-4c89-adde-21ca270423b7,2021,47069,2014,2017,4
03dc556e-ca8f-40b8-9744-b0e3a91574f4,2021,41238,2014,2016,3
c6eb06ce-4776-422b-9b54-167087400dbd,2021,95175,2014,2015,4
ebd10c14-d5d5-44b2-9519-88628da55932,2021,83388,2014,2015,4
b2d4aea4-f4b0-47ed-b698-6d6ccb5456d0,2021,118468,2014,2015,4
7334dc92-6ecf-4101-a314-8b5f640d2c17,2021,13446,2014,2015,3
c8e875cb-81dc-41c5-a211-667810e49888,2021,87396,2014,2015,3
e91d1d0a-020a-4f9e-9f99-29d10f599490,2021,54934,2014,2015,4
e8fb09e8-61d4-4552-8b50-37bd0ecd3358,2021,103062,2014,2016,1
d0bd244c-2acd-48ac-ba6b-163a22b6c36e,2021,13446,2014,2016,3
2944e9b4-5953-4e3d-a2fb-92a6b70391dc,2021,18559,2014,2016,3
751deb49-7430-4427-9e97-a411fad76e26,2021,64664,2014,2018,1
b04941ac-8051-4188-88ba-f4c51b21f043,2021,47069,2014,2015,4
62244ef2-9bef-4c0f-89ea-19f9a82b7f54,2021,1108692,2014,2017,4
453528de-576c-4c48-9527-ba49e78f1ac2,2021,108660,2014,2017,3
4282963e-d75a-417c-a167-3a10e3db8341,2021,47051,2014,2016,4
587cac9d-774b-41b4-85b9-b713e8109772,2021,1270596,2014,2015,1
eac1e292-d316-4488-833a-8d0ea731beae,2021,118420,2014,2015,1
796dbc75-5cbe-493d-94ca-9918aa9e8a00,2021,13277,2014,2016,3
6b757a81-ea0c-4861-9b46-78589c094d52,2021,18559,2014,2016,3
946285e3-0e8e-489d-b523-046cb5a9cb5d,2021,1269545,2014,2015,3
a8760d5a-1abc-454e-a04f-e1fab6dadae4,2021,1314243,2014,2014,2
5c37978e-d352-493c-ad5f-1da8b95f5bee,2021,103062,2014,2016,1
6efa82af-02fe-4884-bb7e-7607ee126dd9,2021,1267543,2014,2015,4
461a8533-c731-41bf-b1f9-5da687b089f3,2021,13446,2014,2016,3
ccf746e6-8c9d-45e4-80b7-75fe8b1c1784,2021,9414,2014,2017,4
77ba4f3e-b354-4d43-8553-fa65866e2759,2021,1190071,2014,2016,1
f32ef028-dfc9-42c4-b07b-eb1bdf2914ac,2021,116770,2014,2015,3
e23c0139-bb31-4c66-9204-2c398342a938,2021,13446,2014,2018,3
9d3eb1e2-7a81-4901-ad72-6d942958520f,2021,5000143,2014,2015,3
820598f4-b9b5-46ea-a208-4f1950742bdb,2021,11730,2014,2018,1
43094709-d209-4910-9124-2fc84bb9e7bf,2021,19042,2014,2016,1
9db1c460-9e72-42af-b78a-ef81bfa1cbef,2021,1102628,2014,2015,2
65cc6e4b-d88c-49dd-ae40-cedf4a48b674,2021,1102628,2014,2015,2
70281ac8-126f-45fd-9d88-91fd69b87586,2021,118420,2014,2015,1
64e4fbc9-2d80-4dce-9a7b-3bfc75174b63,2021,118420,2014,2015,1
f6d188e6-914c-4c75-b104-6f192152584d,2021,18559,2014,2016,3
f48eb252-7f29-458f-adc5-dc132ab807c3,2021,118468,2014,2015,4
af0fa45d-7068-49ba-b0d4-893b5290d280,2021,1330347,2014,2016,3
68c6a43b-2927-464b-8a0e-3436bea33616,2021,13595,2014,2015,3
cbc19306-fe50-4927-9649-97002c79bb18,2021,13446,2014,2015,3
20493d12-72ef-408b-95e4-714c4e779c0c,2021,18683,2014,2017,2
3d7aeffb-6a3f-486f-bd96-471fa9b15653,2021,18683,2014,2016,2
20bda78c-2320-4bf8-9900-29c5955fb7bd,2021,18683,2014,2018,2
349df8b6-9f56-47bc-9b5d-cd990ead96f1,2021,13595,2014,2015,3
03523391-db4e-4115-8c3a-094c59cf431a,2021,41238,2014,2016,3
eac4c5dc-be8e-4ce6-8dff-3f353b2dc132,2021,1427745,2014,2017,4
370e0547-c428-48b8-b7b8-fe884cb42d04,2021,1117717,2014,2013,4
52d668b3-f8e8-44e2-8b58-22e4b533656a,2021,13216,2014,2015,1
ce2ad987-acae-45d9-be38-2bd1f1950b31,2021,13980,2014,2015,1
1dc3171c-2df1-429c-b5eb-3ed3f4dd1de7,2021,1101244,2014,2015,4
ea43f956-3b38-4438-8d62-2ef84aa632d7,2021,5000135,2014,2015,4
e69037ce-1243-4b53-82ac-4bdc62dbc5f1,2021,317,2014,2015,2
d7cd5227-2336-4128-b88e-d39bffb1b8f4,2021,46377,2014,2016,4
ccc66962-54fb-49e3-8f93-b939f686d9db,2021,50082,2014,2017,4
60b66283-f296-43da-8c05-3bf346dc821a,2021,113455,2014,2015,4
023012b7-5433-433a-a51d-4de9546428c6,2021,1190071,2014,2015,4
834daf09-d025-440d-b13e-8b4e4d1e1524,2021,95017,2014,2015,1
69fe60d6-e3f9-4211-ac7f-f700417ee3ec,2021,5000143,2014,2015,3
dfb834e5-02d7-4bad-926f-f05becad3da5,2021,13401,2014,2016,3
49bc930b-d8e5-47af-8294-e589365788fd,2021,48675,2014,2015,4
7583e1f7-a480-4b3e-a89e-081665c78c1f,2021,11452,2014,2015,2
1c69ec77-c0a4-40b6-9ea4-547f39e0320b,2021,62484,2014,2015,1
97373607-a729-4e52-80f4-34b06a25a743,2021,1272079,2014,2015,3
16e03eb8-12cf-4f92-8f46-5deae5243883,2021,64664,2014,2016,4
66a3cdc4-bb92-4c22-9249-0a8825aaca54,2021,1351760,2014,2018,4
c0d95bdc-f040-4fcb-bec5-ecf62529f0d7,2021,13446,2014,2015,3
cca9668b-1896-4030-8d79-8159b5db0462,2021,1118057,2014,2015,4
e7233b56-1eaa-4870-ac79-2ffcd5a75e99,2021,1267543,2014,2015,4
3730fb4a-62a7-4dea-8e39-5d70d863ca66,2021,1272079,2014,2015,3
d33a42d4-d40e-4438-a778-7510720e4294,2021,73140,2014,2018,4
f551d893-83c3-4315-ba23-136b5bfacf3b,2021,102590,2014,2015,1
174cfdcb-8a3a-4ef2-87f1-372ceacc2933,2021,49054,2014,2017,4
b2ff5484-21a5-480e-8f89-ba2fa3ef6298,2021,1533190,2014,2020,4
5f7d14a5-50e2-4edf-bc28-72b9d2bb7233,2021,1102628,2014,2016,2
99474f6b-ddaa-4947-a403-34ab577d71c3,2021,62484,2014,2015,1
905a719e-dc7e-4742-a8d7-b11c1c692618,2021,20030,2014,2017,4
d0a52a82-b1f0-4a04-b8c5-e83cebcb0c4f,2021,1318224,2014,2015,4
31a0f0a4-24e4-473f-adf5-d01db3308295,2021,50981,2014,2016,4
30749fc5-3191-42dc-99b9-ee5553875ee6,2021,117022,2014,2018,4
45c47680-4951-483c-b61b-38a540b11eee,2021,11730,2014,2015,1
dbf67a2f-e6fd-4c06-b16f-e6fa63b100ac,2021,1283028,2014,2016,4
fbf52fc1-692a-4cc3-9611-636c4b9051c9,2021,55777,2014,2016,4
04ecc2f6-deec-4015-b758-d644510781bc,2021,317,2014,2015,2
0d8b3072-82f5-48a1-a2f7-1a149427101a,2021,50082,2014,2017,4
93811708-0596-445a-a443-0d00b742f0f5,2021,2209,2014,2015,1
86820a62-2f25-4bcd-9480-12ed5ba219e1,2021,20933,2014,2015,3
59e8f447-975e-4ec8-b77b-4149602e2043,2021,513,2014,2014,1
a2d66ead-11c1-40fb-a944-39d66cd94e64,2021,37862,2014,2017,1
afd73bdd-1170-4752-87b8-4a0ec16c7b27,2021,22047,2014,2017,4
d14d821d-5871-450e-aea5-cc75160acdf9,2021,1132918,2014,2014,4
e7514624-3346-4c15-bff9-fa6e5b741fe5,2021,116770,2014,2015,3
9be4fea8-c549-4a6d-93c9-d44b5fafd521,2021,73140,2014,2017,4
12c98763-7ba8-4e2a-802e-3d0fa8a5dd3d,2021,1136142,2014,2015,3
427c6f25-f064-48a7-8232-9ced4f1f28dd,2021,53342,2014,2014,4
4341fe47-44b3-4a6b-af27-24bb698e59ee,2021,18559,2014,2016,3
bd3311c2-fccb-40c8-9db2-302c41d78a80,2021,47069,2014,2016,4
7c5bf0d9-b9ae-4210-b847-7bc991131d11,2021,13595,2014,2015,3
3e98a32d-2eba-4dba-885b-1e5dd43272e0,2021,18267,2014,2016,4
bc7e0383-2321-468c-8d93-66737e754505,2021,1330347,2014,2019,3
c0a1fc67-56f5-4dea-896a-6e97e7d370b5,2021,1102628,2014,2016,2
124c9f25-ea01-4bfe-b599-6464a353b3a2,2021,968,2014,2016,2
a042d385-d500-43f3-a5fd-6dba8635bc37,2021,59122,2014,2015,4
9c3019a7-08c2-4804-a06f-c1fc76c84d43,2021,1139692,2014,2015,1
200c10f3-fca0-433e-a645-66b46d8c2f50,2021,13401,2014,2017,3
dbdfe84e-083b-48c8-9325-358e5e920b8d,2021,13446,2014,2016,3
2911dc9d-57bc-4309-a224-97b046db1e60,2021,11452,2014,2016,2
9bebb96a-4b4c-4072-9086-0893fa730418,2021,968,2014,2017,2
bad82bd8-85ae-4b15-a360-f3ef1428ed48,2021,59122,2014,2015,4
1c26048c-6ef4-4b60-a0e0-f113ed649205,2021,18671,2014,2015,1
be1f0bc7-0b38-4782-a558-2cb2c08f79fd,2021,98595,2014,2019,4
a2f8994a-9cf3-4b2d-bd4f-8975d59eba7e,2021,1190071,2014,2015,1
05341a76-a868-42ef-933b-4a33a612c1d1,2021,12313,2014,2020,3
a569d7e0-b6ef-4e2b-ad12-d9472fba8cf4,2021,13277,2014,2015,3
2bd3452e-9ad3-4d71-94f2-45da99ef10a3,2021,103062,2014,2015,1
e9961973-1f9d-4fde-a6ff-c993b8684f36,2021,101942,2014,2015,2
c9d39894-69dc-4f3d-bb97-6d7e773f5853,2021,59122,2014,2018,4
f208e02d-1bbf-4053-b76f-3f6dc91ccd93,2021,20030,2014,2017,1
89eb0e0e-82d9-443f-8527-54120397dfae,2021,20933,2014,2015,3
07d5d873-e06c-41c4-9f7b-2748c5d1a18e,2021,5000143,2014,2016,3
3f4cd054-157f-4899-8926-9eaa07b2912e,2021,5000135,2014,2015,4
93dc21b8-6b46-4f69-b5b1-a818c827ba53,2021,20933,2014,2015,3
6d493010-d653-44e4-b053-4afa5e261b4e,2021,11452,2014,2016,2
97f4f334-4e75-421b-a224-bfac77add347,2021,107360,2014,2015,3
1383ba51-43f3-4a56-9150-5137110da46f,2021,968,2014,2017,4
56161fdf-65a0-4802-914b-4c08b6882483,2021,1270596,2014,2015,1
ff0da9c5-7a02-447c-91ea-ebddf5c79bc2,2021,13595,2014,2015,3
74930181-540c-4db2-bf5e-f6501c5a8196,2021,1102628,2014,2015,2
4794df76-2f21-4272-976d-bc40ba9cf278,2021,13595,2014,2015,3
41b25582-e69f-48df-ab36-341f01951814,2021,13216,2014,2015,1
3786c1f1-732a-4365-9115-f26d56dcb050,2021,58808,2014,2018,4
4ab159bb-7421-47eb-8959-49fddff7db2d,2021,1118057,2014,2015,4
66fa16d8-b9ac-40d1-a01c-386efa52143f,2021,317,2014,2015,2
60cae7c3-4ad5-4a25-aeab-78bb40db2c6f,2021,1103723,2014,2015,4
3f22efc4-f89a-42e1-ba14-cf7d493c1078,2021,67601,2014,2015,4
e0b8d36b-a61c-4714-b8a2-bd6ad3dfa18b,2021,118420,2014,2016,1
ce6cfa3b-5be5-48fd-9325-0b37c51b65e1,2021,101942,2014,2016,2
006fd319-77b2-415b-9cba-2b277181597b,2021,95175,2014,2017,4
259ef4e6-75ee-48a8-8832-9d571b306f8f,2021,1102628,2014,2015,2
0ed8c989-b5be-4d08-972f-4767e0eb06ad,2021,1102628,2014,2016,2
6b3d07c5-be41-4527-9342-7c00c0298c49,2021,317,2014,2016,2
35643616-25d6-431c-a853-3ee8e2e83a69,2021,1101244,2014,2016,4
093f34a8-6b62-47dd-83d4-c6f0f6ecf322,2021,18559,2014,2017,3
dc785f16-513a-46b3-924c-f93cdd59ceb6,2021,11554,2014,2015,3
e4f9829a-fae6-4835-b439-7a3962f7343f,2021,41238,2014,2015,3
16979084-bbcb-4ce0-a84d-b5f5f68cd809,2021,317,2014,2016,2
229b0f02-53cf-4764-b87a-a86fc7932b6b,2021,41238,2014,2015,3
efe93f90-305f-491c-b727-4f5ed6cc6d62,2021,116770,2014,2016,3
d60e3ffa-e639-456a-ae9f-e18630d8d7db,2021,13446,2014,2015,3
cbacb7bd-aeca-4620-a8de-f797a5f9dc85,2021,11452,2014,2015,2
ad194d5b-653f-4bb5-993b-29af82a52149,2021,106167,2014,2015,1
8882a789-7229-4e2c-bae0-b9322b30f61c,2021,1288002,2014,2018,3
6bad9b73-ba1d-48a7-8528-a11513654a37,2021,12313,2014,2020,3
429a82d1-3387-47c4-8e4a-17742aa3398e,2021,53342,2014,2015,4
ec3d517c-eaba-4abc-afb6-9c56f257860a,2021,18559,2014,2016,3
4f0d9960-ad1d-4dc1-b00e-13a840b0f7c2,2021,11452,2014,2020,2
04e48c3e-e93d-4315-92e3-7e450ef9eba4,2021,103062,2014,2015,1
3d6b3c0b-c64a-4b67-80f7-39cc9305273b,2021,5000135,2014,2015,4
d97a65a8-f399-4707-a098-7df96b0703f8,2021,1181115,2014,2015,2
6caa7d86-18a2-4db0-b805-75a29bd2382c,2021,98305,2014,2015,3
7ada77ac-d850-42f7-9c8d-b94b9fcc44fc,2021,1136142,2014,2015,3
34acf952-3ef3-416b-8705-3f33948327a6,2021,1102628,2014,2016,2
44fc04cf-f03b-4c18-bf40-ceb215edbf46,2021,2209,2014,2015,1
879177b0-a142-4d75-a104-43ac9c908f16,2021,103062,2014,2015,1
3600146e-bb3f-4d38-85b3-f205fe541f3d,2021,317,2014,2015,2
5b79542f-b054-4474-b677-236d0a9eac22,2021,318882,2014,2015,3
c32df912-c8b6-45b0-b173-eeec6369a231,2021,1101244,2014,2016,4
7b33a31c-b7a8-4631-9ae0-428b3187f6dc,2021,13980,2014,2015,1
d1e76f6e-8cd4-44a6-9869-f8bae1aa5d05,2021,18559,2014,2016,3
9774de78-c029-457f-8d9a-19f51f4fc615,2021,5000143,2014,2015,3
9ff74ed3-64af-43af-ac2c-94c8b3488b54,2021,118420,2014,2015,1
1ac599bc-ac03-4066-b3bf-fd101e194fa0,2021,11452,2014,2016,2
0395ba4b-cd87-462e-8651-6e0bac62702d,2021,1181115,2014,2015,2
5063233a-1ee5-40b7-ba0f-1373fe3649bc,2021,2209,2014,2015,1
850c761b-c2ef-4bb0-b129-7c5aac36dd89,2021,98305,2014,2016,3
a5f89cc9-a364-46b9-9cdd-eed47f18f777,2021,1148708,2014,2018,4
6b53f609-93be-4468-8967-22ac3cc18f70,2021,47069,2014,2015,1
fbbd0ea6-a071-4f86-a07e-d4ba9bb7daea,2021,99406,2014,2016,4
0ad4389b-4295-4232-8b1c-a1f340d7384e,2021,13595,2014,2015,3
db4297cb-54c6-4c5c-87e8-a325153b3633,2021,22047,2014,2018,4
2bb7390d-e57d-4dfd-bfc2-ec508d2f3acf,2021,317,2014,2015,2
bb919c21-1d46-4222-89ed-d7ccf87f0ee8,2021,513,2014,2016,1
dad41138-154d-4b54-ae02-bdb8ec0bdc2a,2021,1314243,2014,2015,2
457319df-20f0-4960-b8c1-b245b628a6b1,2021,5000135,2014,2015,4
50e3b479-ab8f-427e-b6f0-48f821bc095f,2021,13277,2014,2015,2
150fa848-71f0-47ea-b220-d1cc8eaf1311,2021,94762,2014,2016,1
61c80362-4a44-4427-b14a-75ec745624a3,2021,5000135,2014,2018,4
baf666c7-17db-4e9f-a181-2783254e851a,2021,1136142,2014,2015,3
0d9373cb-19ad-42d6-bc32-7ec2174ee566,2021,98595,2014,2018,1
3c986aa1-43e1-4c16-b663-50867bd4d721,2021,513,2014,2015,1
d133f3ff-2a39-4b66-92f5-b6af15297a2c,2021,11554,2014,2015,3
98d8c25f-5f6e-4747-aa91-9cc57b4c6446,2021,37862,2014,2019,4
d1f3af1f-a958-4286-a891-a05aa44921d1,2021,13595,2014,2017,3
22359392-500d-4f77-96e5-750be3398b61,2021,13446,2014,2015,3
6bf07240-26f2-44ac-bf12-419ca3774daf,2021,101942,2014,2016,2
4fef27b4-ac52-47c4-b93e-e1cd5725037b,2021,1272079,2014,2015,3
caafeea6-4e4a-402b-9ed8-cc2e33c23c86,2021,13595,2014,2015,3
43ad0eb0-fb63-4e7c-a33c-1a776ca629b2,2021,513,2014,2016,3
7dacf40e-aa75-4cb1-b483-7f02711c9657,2021,13595,2014,2015,3
43b5fd7b-d6f1-4161-b94a-3e60de41cd50,2021,2209,2014,2014,1
7725b5f5-05ac-4714-828a-2173ff0f4b9b,2021,5000143,2014,2016,3
0ed959a6-c55c-41e0-850e-ca0d1da943a2,2021,1288002,2014,2018,3
5eebe6ca-9b75-476c-a81c-f4d31279c128,2021,97778,2014,2016,3
fbd040c5-66e2-412e-99a3-f87d79736d19,2021,13595,2014,2015,3
eba1138e-1c4a-467b-a089-f5c3c7a629a9,2021,13595,2014,2015,3
076ec391-73b8-4dbd-a979-425df518ac8d,2021,62484,2014,2015,1
e934ca1a-af59-4a33-af1f-5967c836ce9b,2021,1136142,2014,2015,3
fd842a12-a85b-4db0-9386-5c3596d33598,2021,118420,2014,2015,1
8b0e8722-0d7f-43c8-b428-5909a8ca34d1,2021,13595,2014,2015,3
a659204c-b9a3-4f9a-acb8-85e799827d03,2021,95017,2014,2015,1
6f2d64d3-593d-4ba5-9239-868d584849db,2021,1376131,2014,2016,4
06b7f29c-f999-421d-9d58-a51d64078a57,2021,13446,2014,2016,3
6292c28b-25df-4ef8-b451-a4a30431bc75,2021,1136142,2014,2015,3
535ccd06-7abb-4a3d-b04d-435b4746c3fc,2021,1269545,2014,2015,3
27ab987e-24b7-4319-8ae1-ed72e07fb320,2021,1385488,2014,2018,4
9c5c8c3c-441e-4c92-8c21-71a2f1357d68,2021,1148708,2014,2014,4
66b80a53-29e3-491f-b040-001f19959d7b,2021,1314243,2014,2014,2
e04b81c1-9c16-4ad4-a046-712a1f990558,2021,13446,2014,2017,3
f46c1211-0578-4482-9f96-f203f4ce2e00,2021,99820,2014,2017,4
38791ab3-9976-4b38-a283-60e88068d7be,2021,317,2014,2018,2
1f049f12-0d1f-446f-9667-275647240e82,2021,13446,2014,2017,3
3da9678b-6fca-485d-b3f0-e88acfffdc7d,2021,19047,2014,2017,4
da28a71f-7804-4f30-8a3c-80fb0ba20cee,2021,102590,2014,2015,1
f598b953-e37d-479c-98b1-d79519e7d5c8,2021,13595,2014,2018,3
9ee6c2e7-15b7-4ceb-890f-2e59626cf1b5,2021,13595,2014,2017,3
f136bc0d-7d04-4bf4-b227-6aee1535de48,2021,11452,2014,2015,2
8e12b809-4250-4915-873d-c269e644c9f9,2021,18683,2014,2015,2
c087546b-f76f-46df-96b2-1aa236653cda,2021,13216,2014,2015,1
4e5a6be2-035b-4616-8752-42e3c6e9417a,2021,1288839,2014,2015,4
5875714f-c87a-4923-9ca4-2dec8071b845,2021,99406,2014,2016,4
3815913a-1246-4acf-bfa5-c18a35d1f4cc,2021,1102628,2014,2015,2
fa95a964-7203-44d2-acbb-392f176867d1,2021,1427745,2014,2019,4
716bc81e-a579-4bdf-8ce5-bf070c5c35df,2021,1102628,2014,2016,2
8910158c-80ed-48cc-8695-f63e7714b370,2021,317,2014,2015,2
b62cb0bf-f46d-4a88-9916-04004f0c4b2e,2021,13216,2014,2015,2
0044a4ae-41a0-4e8c-9ebc-8484900ac033,2021,12313,2014,2020,3
1d080be5-a4fc-4478-b29d-73e947bad49e,2021,117532,2014,2018,4
7f55d1d6-5ba7-4db1-b74b-1d73c9abff6e,2021,13595,2014,2015,3
31d1705c-0c32-4fbe-a061-f9520cacd0dd,2021,95017,2014,2015,1
b3937483-6f2d-4f5c-b308-07ba45375259,2021,1136142,2014,2015,3
42894cb9-837f-4b8c-9976-98d1be39da5a,2021,5000143,2014,2015,3
d9b8b56c-0dd2-461e-b14e-cfd046c90231,2021,62484,2014,2015,1
ff1a5a1d-7156-492d-883c-1e39e67685ad,2021,13277,2014,2015,3
ee5b9734-76a3-45cc-bf5f-0600baba3209,2021,99406,2014,2015,4
a69cfbcc-89f2-42ba-819d-f0068d033a49,2021,106167,2014,2015,1
fbdda8f3-20ca-44fe-a7d8-0971bcb1a582,2021,1136142,2014,2015,3
90f3f4bc-dede-42c8-a407-cf1702b42761,2021,317,2014,2015,2
d991c085-73fb-4c38-a30d-221d19fc473d,2021,91262,2014,2015,3
82ee7682-5048-4915-847f-4daf90870ead,2021,21464,2014,2018,4
382dfecc-00fc-45ee-a592-5788f2f98137,2021,13216,2014,2015,2
223fca62-cd30-4644-939a-325514cf8f44,2021,13595,2014,2019,3
ed87c048-c92c-40a8-a5da-9349157d161b,2021,2209,2014,2014,1
203da5ef-3fbe-473f-82f1-08160f665054,2021,13595,2014,2016,3
7ce62343-a6e0-488b-92a8-a623ab87f88d,2021,49054,2014,2015,4
4ed3bfca-9bb5-4df0-871a-e5a50cacf11a,2021,13277,2014,2015,3
17d4d862-1a85-467c-80cd-5d99c681e76d,2021,13595,2014,2015,3
3ec4c99e-cd87-4451-b529-cc62d948858e,2021,13595,2014,2016,3
1cb85137-fc21-4daf-85c5-606045a420d4,2021,1136142,2014,2018,3
657a2e61-01b0-4c4f-847e-e409f3dd2fe3,2021,13595,2014,2015,3
4b0626f7-351b-4090-9fb4-c92d385386f3,2021,13595,2014,2015,3
e3cfd1d0-12eb-4239-8390-fbb48324268d,2021,12313,2014,2020,3
5c89ae26-6eff-41cc-bde0-19a28e23a744,2021,12313,2014,2018,3
0f4dd1a0-3c60-409a-add1-7a2c81129345,2021,12313,2014,2019,3
49cbc62a-1f3a-447a-841f-968f7b6636a2,2021,2209,2014,2014,1
398c2668-e772-4237-812a-9a1a84139471,2021,13595,2014,2017,3
dd7b2b17-65cb-4742-ad2b-a05b6d939f32,2021,1102628,2014,2016,2
4be0b82e-05c0-45fd-b29a-47499e8ab601,2021,13277,2014,2016,3
e85a821a-10e9-479a-83c5-ce99a805a7e1,2021,13446,2014,2017,3
e8c263f7-e8b4-4565-8805-f94f4a36f291,2021,13595,2014,2015,3
e1873918-9be6-4dca-94f8-64eb503fc4bc,2021,18584,2014,2015,3
ff7d5f73-8ec0-4594-b9d8-5e9ed1cb3dcf,2021,18584,2014,2014,3
2c53e491-16a7-4c6c-a1dd-d1cdcacf5b2d,2021,18584,2014,2015,3
03ba6fa3-5101-4902-be62-46f18febf8d4,2021,18584,2014,2015,3
d968dbab-8449-4f38-bb8d-469b5fb8939f,2021,18584,2014,2014,3
58fc80ee-6a57-4a1b-b76f-5359675a5b7a,2021,102590,2014,2015,1
95ca08db-c212-445a-a3dc-11c006d5d1de,2021,102590,2014,2015,1
3a64a438-2611-4b32-a3f5-b751684f53b9,2021,102590,2014,2015,1
16f59a13-883e-4e34-9207-6099b7269446,2021,102590,2014,2015,1
f0bb75ef-455a-48d0-8912-e89468969fa6,2021,1113582,2014,2015,1
8da01f82-df4d-43dd-ae33-e1e97ff3885f,2021,1113582,2014,2015,1
eef1f34b-8d9c-4e65-b32f-415b63dde1ab,2021,18558,2014,2015,3
aeb6c909-4ae3-4b5a-b91b-ebaf32322943,2021,18558,2014,2015,3
5bd93d2b-815b-4b5a-a3e8-8e90d2a3181f,2021,18559,2014,2015,3
e95f0659-e5d1-4573-b3d4-b8cdeb91e85f,2021,1113582,2014,2016,2
b9a6829e-89d0-4188-9db7-c4c2a5d47fa1,2021,18559,2014,2015,3
272e9564-764c-4ddd-8845-09ad73592c8b,2021,1113582,2014,2016,2
5f55523a-4e97-4716-ab21-5a5c2bb321d7,2021,20933,2014,2016,3
1555d57e-dca6-498e-83c7-cac7a5e75edb,2021,20933,2014,2017,3
2f0713f6-6380-4dac-ac63-cf9fe97897db,2021,513,2014,2014,1
44ca75c0-0298-4aa1-b994-6511f020d9ea,2021,1113582,2014,2017,1
40b6d5e6-cd9b-432d-b25e-def86b36720f,2021,1113582,2014,2017,1
e7ab2c4b-843a-4bb5-9f9c-ff952617cc9b,2021,1113582,2014,2017,1
202118ba-d478-4319-8eba-82600710b4f0,2021,1113582,2014,2017,1
3bd9a5ec-9cac-4a25-86cf-7898b245455e,2021,1113582,2014,2017,1
88ceb5a2-e22d-42c2-9ea5-9113936421f2,2021,513,2014,2014,1
7f2a0b72-7c99-4161-8dfd-222b861e1bef,2021,1113582,2014,2017,1
7be05aa0-dfd5-4eae-b509-e42fc7059dd7,2021,1113582,2014,2014,4
94d7b42d-231b-48d3-bd2e-d4cb812859ec,2021,101942,2014,2014,2
b7be2839-539c-42e3-ae66-65f9c7d91a22,2021,86318,2014,2016,1
8f8060b0-dc54-4fcd-8b3f-50be0d9acf73,2021,86318,2014,2016,1
1f75e360-07ff-4479-bf2a-fc9a01ec0de1,2021,5000143,2014,2015,3
d0932f0a-735c-4529-a343-1377ed26bde2,2021,5000143,2014,2015,3
6f5a60c2-d4f0-4998-94b4-b062e9d63b65,2021,47069,2014,2015,4
c31e6d5a-7f3c-4cb3-a2a7-93d854745c9c,2021,86318,2014,2016,1
013212f0-e59c-419f-92db-8b02aeb5d6db,2021,86318,2014,2016,1
f40bdd47-15da-4f7a-9db4-146255795cc3,2021,86318,2014,2018,1
eeb98f4b-d9b2-4e50-8a04-edb7f66437c7,2021,98305,2014,2015,3
a8430eda-f355-454d-bdc3-1db75758c2d6,2021,1187671,2014,2016,3
b5d905a1-1efc-4867-8c0b-82f2c179661a,2021,1103723,2014,2015,4
64009016-1e25-4c35-a9bc-6fa2721a4576,2021,1103723,2014,2015,4
80b97344-9757-43c5-9ea5-909430d4def5,2021,67601,2014,2015,4
981f17a1-f4d9-44a2-97c6-f65340014ccf,2021,73898,2014,2018,4
6a5ae628-906d-4fdb-aa3e-d19dbdac6c92,2021,50082,2014,2017,4
118a6ccc-596e-40b2-a8c2-89f6dc80e24c,2021,21464,2014,2017,4
feb15b6b-2792-4672-9469-a18935f41655,2021,47051,2014,2015,4
d7d9942e-3451-4410-9726-0b9e51008426,2021,13595,2014,2015,3
91f8c66b-ccf3-4922-afae-9732cf471d3c,2021,13595,2014,2020,3
a982bd80-4f76-46f9-9230-492238c4e8b3,2021,13595,2014,2017,3
7f7f363c-9a88-4e75-8117-52fb2a342fa0,2021,13595,2014,2015,3
23f02e1d-27ea-4173-abbb-77b617a07715,2021,13595,2014,2015,3
24f8a783-5f71-4114-aea7-09b1b961af8a,2021,1265453,2014,2015,4
e3ecc870-2e3b-406f-8c4a-c2ec980fd2da,2021,11730,2014,2015,1
53b100d7-5eba-419a-b604-e54b84376492,2021,11730,2014,2015,1
d561daa2-39b0-47db-8451-981f6c784340,2021,11730,2014,2016,1
e32fe05f-a354-4ee0-a420-e3fded2fb961,2021,13446,2014,2015,3
fff87996-7319-49ef-aa1b-8e0630f4beb2,2021,13446,2014,2015,3
87c9d5d8-e154-4b23-ae74-681ac194635e,2021,1148708,2014,2015,4
8976c9a5-76cb-4c81-b1d4-a85a82240ec3,2021,13401,2014,2016,3
cccc4df9-7ac9-4c9d-ae1c-1c0b99c51bd8,2021,9440,2014,2014,4
b4abea1b-e576-4324-8b1e-7ce02789492b,2021,1180773,2014,2015,1
6531dab1-4fea-4673-a308-86355357679e,2021,19047,2014,2016,4
18f8be01-27f4-4ff2-97ec-0793bc02c3bb,2021,88084,2014,2015,4
9a63d366-bde4-4ff2-9e94-434976f8502e,2021,1180773,2014,2017,1
38526273-22fc-43b6-83b6-0ddf7b8a5dcd,2021,1180773,2014,2015,1
e8ed6366-7527-45a6-acf9-e4a869813866,2021,1180773,2014,2016,2
7a3f174a-fd3c-46db-9714-4a6cc38c2c4c,2021,1180773,2014,2016,2
43f9d75f-c8c7-416d-a469-e22536e12b33,2021,1180773,2014,2016,2
83b6f146-68bf-4867-9abf-aad504c242e7,2021,1136142,2014,2015,3
34f81cf3-d339-4387-8ab1-2d2424155359,2021,1136142,2014,2018,3
650bd4c9-aa6b-470e-8e35-b9d489a21e77,2021,1136142,2014,2015,3
ac460f31-a795-4fb6-a9bd-a34a7416bcb8,2021,1110857,2014,2016,4
75e42765-f85f-4885-b767-db75944deb87,2021,1102628,2014,2015,2
2e1545da-9e4a-47d5-86e5-81e4b0b26227,2021,1288839,2014,2015,4
aaef34ba-dd8e-469c-93e3-3932188b30c9,2021,37862,2014,2016,4
c1522750-453b-4c3e-8e22-532c1fc68b99,2021,37862,2014,2017,1
beffc60e-9a0d-44ea-a226-22dbcabfcc1a,2021,37862,2014,2016,1
bfc87fef-727e-45d0-9ad1-2835479ccc1a,2021,113455,2014,2015,4
975b820b-dc29-4aeb-8b55-ae32bfc460ca,2021,113455,2014,2015,4
1d9b93f0-cae6-4b32-8f9f-820e535aba27,2021,113455,2014,2015,4
0ad90ba6-4b7f-48d9-b081-dba99999834c,2021,113455,2014,2015,4
be274d1a-a7e0-4cca-9f97-6eeb6a18201e,2021,113455,2014,2015,4
7b48b9df-c72a-4488-9d2f-779f27873c1c,2021,113455,2014,2015,4
7bcce811-8795-41d0-85ca-ab8a02ce7aab,2021,113455,2014,2014,4
2a7d37be-5f51-45b7-8132-bcc2b3c2e09f,2021,113455,2014,2015,4
44a029ab-6151-472d-b39a-9c4dd0393e99,2021,113455,2014,2015,4
33987219-50ed-4f83-a163-f276c47356a8,2021,1110857,2014,2015,4
a636be6a-3bc7-4a0a-ab05-913f4a930e10,2021,1110857,2014,2016,4
32b5d320-2175-43bd-8073-008f7c1b5b44,2021,1270680,2014,2017,4
5f76991f-29ad-4434-a4a6-edc7185b0ead,2021,94762,2014,2015,4
d6a63e73-41d5-431a-8bba-e81c25d2c3e9,2021,94762,2014,2015,4
8ccbebe9-0e9e-40c0-a510-4bd550a8d30b,2021,94762,2014,2015,4
068e682b-508c-4a9d-8f50-a6574ec907c6,2021,94762,2014,2015,4
06e8bf8d-ff80-4219-af71-aafc8175402f,2021,94762,2014,2015,1
8913acb5-6dcd-419b-85a3-2864e3520708,2021,94762,2014,2015,1
3a4766e3-88b9-4419-a7b2-78e3775a867b,2021,94762,2014,2015,4
36510bef-9732-4f3b-810f-06010990f975,2021,94762,2014,2016,4
023423c4-8ad7-4fa4-92dc-c1c5024ca775,2021,94762,2014,2020,1
be0a18d0-5764-4561-9f36-486c043fa1d9,2021,94762,2014,2020,4
ca70f2f7-48b2-415a-802c-6b4740b300ae,2021,94762,2014,2020,4
b62798b0-f54e-4d9e-b6a3-ce8c6ccea728,2021,1270680,2014,2017,4
44943306-e3f4-4224-853e-6c48d0f201c0,2021,107422,2014,2019,4
d9c2a0ac-f59a-4228-a337-1c4c16773e5c,2021,13277,2014,2015,3
c6137a1b-999b-45a7-a90c-feaf461dcfcd,2021,1204325,2014,2017,4
8e9f134e-9ab5-4e7d-9143-217c7b207914,2021,18250,2014,2018,1
e8c0ae5c-184e-44f3-adcd-568b3da55f47,2021,18250,2014,2018,1
019c65be-804d-49b3-b9b2-c585d833bcd7,2021,18250,2014,2018,1
23fa06af-7ee2-482d-97cd-b387a73c2e1d,2021,87396,2014,2015,3
1e1d9443-24d7-40fb-89dd-4e4d72c7fcaa,2021,37862,2014,2014,1
335e61cf-c718-45e6-974e-4edf3a0c42c1,2021,1042278,2014,2015,4
6ce2128e-cd84-4086-be06-c69a28472781,2021,1042278,2014,2016,4
c74b5eca-1802-4d49-ac90-67da29d052f2,2021,1042278,2014,2017,4
935b98ee-862b-4cff-aeb6-3d56b591cc75,2021,37862,2014,2015,4
7a158cab-fdfc-4d1e-b3a0-e8aaaf74767c,2021,37862,2014,2015,4
bdf93712-0059-425c-8640-3ff7e3c6547c,2021,22047,2014,2017,4
db338e8f-47de-4f29-94c4-1c3194ee4e3b,2021,22047,2014,2017,4
d64ba498-a40c-41e6-8ad4-c54e1810e0b1,2021,20030,2014,2015,4
6403be91-b4a9-431c-afec-2030f644c1b1,2021,20030,2014,2018,4
4bfb44a6-7d72-43f4-b25b-ad98f9d54f37,2021,48205,2014,2017,4
ebf5a53e-1288-495c-b8cf-aeeee7547b10,2021,1314243,2014,2016,2
5929f29f-e08e-4ec4-8f40-1b35755292f9,2021,50981,2014,2016,4
cb7ca72d-de92-4dda-8022-d15c5926f9c4,2021,9414,2014,2015,4
71a3c62b-6952-40b3-8925-38de09f5f600,2021,9414,2014,2016,4
dce3f2cc-d159-458a-a148-789d5f090645,2021,9414,2014,2015,4
35395b0b-424e-4d75-a801-cfcfe4bef9e3,2021,47505,2014,2015,4
adaa059c-a952-409d-a595-269f165fec61,2021,47505,2014,2015,4
379caef7-5d21-4a30-b050-b3e9da6d66e1,2021,47505,2014,2016,4
992c09fe-eaa5-4848-ba17-49662a5eab52,2021,47505,2014,2016,4
cd953c50-6b51-4912-9aa5-065ccc338d6a,2021,98595,2014,2017,4
3e1daafa-f527-4fc6-a3bf-fcf85fd702a5,2021,117532,2014,2018,4
372a5dc4-ceee-48f3-b3ba-ded4658ccd0b,2021,99820,2014,2016,4
75e4d5e2-b5b8-432c-9e15-10288b12274f,2021,95175,2014,2015,4
a5ac234d-dd45-4f4f-8d3c-fb430fa85c73,2021,95175,2014,2017,4
cbe300fa-8657-4681-aa92-f46a22a8b1ba,2021,99820,2014,2018,4
713186d6-141f-4cfd-af7d-e31d66e0939a,2021,73898,2014,2017,4
6829a1c1-4407-4ad5-8566-ee23ddd634a9,2021,67092,2014,2016,4
4ea55aa1-1ea6-4eb4-acca-1aabb99ed051,2021,98595,2014,2018,4
548c6f63-50b8-442d-bab2-1878b79d5b6b,2021,98595,2014,2016,1
e8aa9d5a-f41f-4bca-ab7d-33efe6281083,2021,98595,2014,2019,4
cf537c3f-746e-441c-a3a8-7c2f0ab35543,2021,98595,2014,2019,4
0b023741-f6d8-480f-93e6-301709ba218d,2021,5000135,2014,2015,4
61864cc7-bae9-4931-9c8e-82b515992ed4,2021,47505,2014,2015,4
5fe181d7-349a-4e2c-aad0-ddd8b72133b4,2021,47505,2014,2016,4
fe62a99d-9a94-4dc0-9ef5-4713b983c237,2021,12025,2014,2015,2
c6591497-3237-4940-812a-98ce508215c3,2021,12025,2014,2015,2
24c86e07-7d68-4557-8d3a-66de42553ba9,2021,12025,2014,2016,2
c5f12b0d-43b4-47d9-a139-272786435488,2021,12025,2014,2017,2
48cc9481-9f41-4718-9042-c9b6604ffdf8,2021,20239,2014,2015,3
af89744b-8132-4d68-ae87-64685a014433,2021,20239,2014,2015,3
0ec260f1-e8f0-41bd-8e65-297ed860c6f0,2021,20239,2014,2016,3
7100c9c1-c643-4ad6-a036-cfcb210fefbc,2021,20239,2014,2017,3
950f8e46-cb6b-4ff7-8abe-38008d2aac31,2021,1190071,2014,2015,1
0e306645-26ec-4228-b55d-b22421923497,2021,1190071,2014,2015,1
65fb8830-c521-474a-89a9-5b2077c9d72c,2021,1190071,2014,2016,3
973a5c90-dc84-41b0-aeaf-a24625f36ead,2021,1270596,2014,2015,1
4f2c10d3-1a35-4e24-aa73-94f1fb379c25,2021,1270596,2014,2015,1
7e7989f3-e636-45f4-af44-29b65a522435,2021,1270596,2014,2015,1
d63402e1-5d87-40a4-9b29-6a081c9f0f9e,2021,1376131,2014,2017,4
d4276389-1693-434c-87a7-2998a328f06c,2021,60886,2014,2017,4
501705d0-eb8d-45a0-87d5-54362fd2c218,2021,60886,2014,2016,4
25f0eeb6-b6c5-4cc4-90c7-29c2bd0c630d,2021,60886,2014,2015,4
e25c47d9-89d9-4ebd-8327-8374092a50a8,2021,1139692,2014,2015,1
c320fac9-a760-4fa5-ac2c-dc543afda6ac,2021,1139692,2014,2015,1
b4673ccd-1e0d-4a9a-93db-c0bcaa204be2,2021,1139692,2014,2015,1
c16a305b-e704-4877-aaba-e35c3a96fb0f,2021,12025,2014,2015,2
545e4425-429b-48d6-8cb8-2ea9d817ec57,2021,106167,2014,2015,1
b3eee0ae-2960-4f43-95aa-91f3cfb9aebf,2021,106167,2014,2015,1
d7198f50-adc4-442d-a333-9e3e976b1d08,2021,1166783,2014,2016,3
864a20c7-4b7b-4f30-9d08-fc41dc0c05ef,2021,1166783,2014,2015,3
15739b83-9870-42cf-920f-8be7b083f567,2021,1166783,2014,2015,3
f5150385-e9a8-41ff-825b-57f95af81976,2021,5000951,2014,2014,4
f132afd4-ccc1-486e-ad55-3ef52deadb88,2021,99406,2014,2015,4
1096681b-f2ba-4bc1-b0ad-288a927602b9,2021,99406,2014,2015,4
eb5bd6a8-7997-46d9-8191-88a71939d298,2021,107920,2014,2015,4
e61d2b63-1142-4849-b4e2-981d29b1dec8,2021,107920,2014,2015,1
cba3c67c-d65e-4258-8ef4-0fd3b25c94cf,2021,107920,2014,2015,1
cfaea4de-8b8b-43d4-aa33-a96c6613db6b,2021,1270680,2014,2016,4
0a74af74-fbea-4ac5-94e3-d1408758601f,2021,1376181,2014,2017,4
bc5b293d-7797-457e-8e8f-431e476bf3a3,2021,98764,2014,2017,4
37a4619e-ba61-4ea0-b213-9332e3c6d1ef,2021,1306689,2014,2016,1
f1f40b18-6417-4e45-a205-9c93c097268d,2021,1318224,2014,2018,4
fb30da90-3975-409c-965a-9eb87bb23617,2021,5000135,2014,2015,4
60816263-b703-43b4-94c5-f85698f546a6,2021,5000135,2014,2015,4
f0db285b-7bd8-471d-9fc5-9cc844cc444b,2021,5000135,2014,2015,4
1266ae93-e984-46fb-810b-c7e7b26538e2,2021,513,2014,2016,3
54f7d66b-d265-4350-a44e-17ffc2e413f4,2021,43664,2014,2015,1
fd2ea323-0af1-4f71-b50a-cd4d14075951,2021,43664,2014,2015,1
e0fc9187-ff4b-4740-9162-35ad6a681092,2021,43664,2014,2015,4
0a9f1807-83bb-4f63-afad-af0800d14c8d,2021,2209,2014,2015,1
4ae08298-4a30-445d-9505-e48e0cfa9c5d,2021,2209,2014,2015,1
4569134c-1ede-4c1b-a09e-488dde3782ec,2021,2209,2014,2015,1
587dc004-4a9c-4402-b545-6b59bc17b182,2021,2209,2014,2016,1
620d3bed-075e-4445-92c6-855429259962,2021,2209,2014,2016,1
5d34e037-2eb7-4c5a-82a4-f0350e5bdc50,2021,21464,2014,2016,4
29b124fe-4361-4349-9ac1-a73a71f306ba,2021,94762,2014,2018,1
e743162b-8418-4b88-9e26-84df40ec7cbd,2021,48675,2014,2016,4
9c3c9c34-bcd1-4a90-9373-2d678bcafba7,2021,1042278,2014,2015,4
c10cbbb4-9fca-41c4-aa59-5f983b3dad65,2021,1042278,2014,2015,4
00b7c032-7b76-4880-9348-c3bde34e60e2,2021,1042278,2014,2017,4
86e36c2f-c91f-4d3e-ae37-64c2ca698816,2021,114616,2014,2015,4
2e7c8ca8-05e5-4cbd-aaa4-8f9eeb2226aa,2021,67601,2014,2015,4
af3465c7-ed97-49fe-99d8-2918a7ef2283,2021,1385488,2014,2017,4
d6307f85-0888-45b0-9817-775ee346e105,2021,9425,2014,2015,4
68447e18-e3cd-4750-9345-54fb833beb25,2021,12313,2014,2018,3
1ef2f770-eab2-4510-b0ce-2342250c18de,2021,1306689,2014,2018,1
97037e3b-4e30-4fde-a062-05f4180dc2e7,2021,1306689,2014,2018,1
6ce6a52f-2567-47f4-b0d7-ec26debf9abb,2021,1103723,2014,2016,4
7afd93e0-19ff-4508-aaf1-6749d8910195,2021,317,2014,2016,2
9a739476-2546-4c83-a3e4-d7596920ab4a,2021,317,2014,2017,2
044232de-def1-4355-a70c-926b4d2a721d,2021,55777,2014,2016,4
1bcc91fd-4f2c-4fb2-9a84-fe6b7f5a467d,2021,18683,2014,2015,2
a9c81eb1-c178-4456-a48f-6f1ccb4edf2a,2021,18683,2014,2015,2
1573060d-0e38-48d9-ab90-3d15e22f758f,2021,50082,2014,2018,4
2e066c60-5941-405f-aef3-0857f9aa57a2,2021,5000951,2014,2017,4
fcb99d47-aad5-4dfb-bbb3-c794c97b3cd3,2021,20009,2014,2016,4
91baddf9-bebf-40f8-bace-ed407a7d382e,2021,1118057,2014,2015,4
f82098bd-10b0-4c7a-9cba-b0269f75f9a3,2021,108660,2014,2014,3
ca2b6a39-01b5-402d-8e21-9cdae4b29635,2021,54934,2014,2015,4
34e935f0-21d6-4fd0-9039-d9d051bac19b,2021,54934,2014,2015,4
b7b9fd6d-f22d-4a14-bb52-3eeec5d9d954,2021,108660,2014,2017,3
531b3797-2fbd-475d-a4cb-1bbe8e3660cf,2021,1117717,2014,2014,4
e83dc173-f41d-4fa5-a527-134adb4fac77,2021,98764,2014,2015,4
c26b59b2-185c-4fd6-8ca9-62473772f12f,2021,13595,2015,2016,3
b27256bf-10da-4bce-998c-edff95e8cd07,2021,13446,2015,2015,3
cd2298fb-0512-4409-8ac7-74ffad256c0b,2021,1306689,2015,2018,1
dc4b1c0f-e926-4fd3-9918-a11da09eb50f,2021,101942,2015,2015,2
e2af20b5-4723-4c41-85c3-e2e9421cd2d4,2021,1101244,2015,2013,4
634c62e1-9f76-419e-8902-600c14a40238,2021,1306689,2015,2016,1
c68aa796-2776-46ae-954a-7ab8515a6e5b,2021,13401,2015,2016,3
0c91a5cc-94cc-486d-900c-2bb8cbc24c4d,2021,106996,2015,2018,4
5b95ac0d-493f-4726-838b-89e05e7e5411,2021,101942,2015,2018,2
8613170b-be0d-47cb-bcaa-cf36aed58f42,2021,41238,2015,2016,3
54df50c6-ee77-4a12-93a7-f0dc5d3065f8,2021,13980,2015,2016,1
84fef231-7575-443a-9c8f-c5a2b73da7cb,2021,41238,2015,2016,3
213de06f-3a40-4984-af97-df2e259c916f,2021,1181115,2015,2016,2
55e842bb-7bad-4a88-896d-8ac8a876ddac,2021,1136142,2015,2016,3
adfa903e-e8bf-455d-b646-deb76a147313,2021,1322390,2015,2019,4
92452cef-3d69-44f7-a91c-79fa62b53257,2021,37862,2015,2017,1
77d253f7-42cb-48d3-ba0d-00352c1320d4,2021,19047,2015,2017,4
e3c176ed-0cae-458f-8871-f7bb29f361b1,2021,1322390,2015,2018,4
6731a3e4-15f2-478b-8623-577215edbf9c,2021,106167,2015,2016,1
acc7d2b9-107b-47e6-9096-d5f2144625b5,2021,1330347,2015,2016,3
79a07545-2cc6-4840-b1c9-ef2a84dd2419,2021,1351760,2015,2018,4
ee507f9c-6858-4c82-81d0-d27f0f5fe6e0,2021,1132918,2015,2016,4
7cf5f74c-9844-486b-aa46-64c872093ee9,2021,98764,2015,2016,4
61784320-e5d3-4adf-8e7b-b95a7f50525b,2021,19047,2015,2021,4
4488a467-bf7b-41b8-a16e-168ad13dddfd,2021,968,2015,2016,4
820e1e03-fbdf-4a70-a62a-0c45703e4342,2021,101942,2015,2018,2
38b295ad-5635-4e6b-8a08-4c2a0805b227,2021,107422,2015,2019,4
ee5ad1b4-80ab-4566-8c55-ec5a52fd2c1b,2021,13595,2015,2016,3
8da4d731-0a66-4aa0-b6bf-16f5de6ccb3b,2021,88084,2015,2017,1
a2dac206-6f62-451a-8187-13caf33e1dc0,2021,13595,2015,2016,3
c1bc5f43-2d8c-4a81-b39e-ce26d9bd2a71,2021,106996,2015,2018,1
c1b586bb-1849-4189-af06-b14cba8a80b1,2021,101942,2015,2016,2
81a0265c-518f-44e0-bfa1-c3800a676c15,2021,37862,2015,2016,1
2f34e882-301f-49bf-8b9b-fa14a8f41086,2021,1403879,2015,2018,1
0f937ba1-b49b-4c8a-ab5a-5369a114a62c,2021,40343,2015,2016,4
6419bf51-804d-476f-9f63-36f164875048,2021,57612,2015,2017,4
99226f08-e103-4950-9457-a3b594ed59fc,2021,94762,2015,2020,4
938b85ab-72ea-49ff-ada6-6be14281db77,2021,1299927,2015,2016,3
f0ed15cb-36c6-4a67-9c1d-682070a82865,2021,1376181,2015,2017,4
4792e174-e670-4c3e-9c79-8e0359c183ca,2021,13980,2015,2016,1
b074f95e-592b-422f-95ad-226aaf2b3bc5,2021,1351760,2015,2018,4
f47386d3-bc85-4fc5-9121-4d4fd8c44157,2021,13595,2015,2016,3
4ae05525-915a-4953-89ab-0ceadfd33ad5,2021,2209,2015,2015,1
3e8bcccd-60ea-422a-8b57-b54d54fd4132,2021,1265453,2015,2016,4
ac546f4b-a19b-4273-b22c-5055a5cc75a4,2021,94762,2015,2020,4
184a4686-a702-4042-b944-1f115d40da30,2021,1148708,2015,2016,4
eeeaaebb-ba3c-4de1-8810-02117718334a,2021,1330347,2015,2016,3
8dedc7b5-c644-4100-8678-e4f844ae1759,2021,1269545,2015,2016,3
df738e75-9803-4d0f-bee5-6ce0b629474c,2021,94762,2015,2020,4
b0177d85-c1b5-4058-91f1-2dfbd1d2f3e1,2021,968,2015,2016,2
49c210c9-5e3f-4749-becc-657f27d6ee47,2021,1258063,2015,2017,1
fbb63b69-4313-4ffd-ad9a-129f9332ddb9,2021,50981,2015,2017,4
bff1d104-7c46-4d4d-ae86-4ebc0fd46741,2021,47069,2015,2017,4
0438150c-32b2-4b1a-8c87-c9187658e049,2021,1322390,2015,2017,1
65824c47-eb14-4dc5-ba5c-e6d699203bf0,2021,94762,2015,2020,1
ef3b108b-c814-415c-9875-d65d233919df,2021,88084,2015,2017,1
3de96a6a-54dc-4a60-adaf-505b94ebb499,2021,1376181,2015,2017,4
39fd6f97-768f-46ec-a257-d6e77800e18c,2021,104360,2015,2017,4
31285f2a-f7df-48a9-ba2f-935c8458864f,2021,101942,2015,2016,2
8e88a985-0e31-447b-8660-3284820be450,2021,13401,2015,2018,3
81030196-fc7d-46d1-9c20-b6f4de6519ed,2021,22047,2015,2019,4
bf0a7b12-42ec-4dd3-8a83-1745f73c4df0,2021,94762,2015,2020,4
41e0d15e-d03d-4f9b-8181-deee76dc3944,2021,1299927,2015,2016,3
65697d24-6fc6-4f27-84c1-d8687cf2b679,2021,1117717,2015,2016,4
640a6b4d-a98e-49b9-b0cb-ef01c3f0ea82,2021,73140,2015,2017,4
9363b6e9-a3ba-4c99-83e1-ed9131af9dfd,2021,11730,2015,2017,1
02b0e58c-3e41-401e-a990-7e1e2fc79524,2021,1070485,2015,2017,4
5655d270-f968-413b-b0ad-cd069dd1279e,2021,83388,2015,2020,4
3d642da5-f338-4324-bc6c-faa5596696c3,2021,88084,2015,2016,1
89642608-d254-4443-b0b3-63a612430be9,2021,1190071,2015,2016,3
5a94c153-2d47-475c-a1d1-a98e8e9b6d24,2021,48205,2015,2018,4
627144e2-2e11-4f50-81e2-d51ea5595d4e,2021,968,2015,2018,2
40377dd0-b76c-4a00-9676-e9d377ddbbb4,2021,1427745,2015,2017,4
6dfcb4ca-3167-465d-a370-ae280f2b2bf7,2021,55777,2015,2018,4
2e85094f-1bee-4484-adf4-864b42455b27,2021,1306689,2015,2017,1
0e211f70-0cf9-4595-8d98-47798cd2d5d4,2021,101942,2015,2016,2
59d2a300-aa30-4e5f-83d4-e7aad36c8b76,2021,1322390,2015,2019,4
1bea5859-5e9a-4144-bce9-766cb52d03a0,2021,58808,2015,2017,4
58a7a310-4116-42d2-bf08-af60107dcd47,2021,108660,2015,2017,3
c47735bb-e691-404d-9fa2-ddb609c2e7f8,2021,1403879,2015,2018,1
047687a6-dbf3-476e-a02e-965ab0ef0154,2021,1288839,2015,2016,4
8b41f235-19ac-4bf4-bc08-c537bda9a120,2021,74737,2015,2018,4
87e6c654-03e8-440f-bdc6-f6e80af62e5a,2021,9414,2015,2016,4
28c54b8f-c9d9-46b4-83cc-1d95735c27f8,2021,101942,2015,2018,2
b359f1ea-5ee9-44f7-ae16-ae896eb6f202,2021,1385942,2015,2018,1
cee616c2-8bee-41af-80e2-9c3f4d3953e9,2021,98595,2015,2019,4
5dc90bdc-d361-4690-a56d-8c3c61f632f3,2021,20030,2015,2016,4
d73b83aa-8db4-4d4e-8b8b-89f487e87bc3,2021,106996,2015,2018,4
ba12361e-4e69-4181-b314-60cfcf936e38,2021,20239,2015,2016,3
f0d66de1-8046-4d89-b460-55f81014cb86,2021,1181115,2015,2016,2
1ac5d89f-4bc9-452b-9cdd-a5f756c45208,2021,13446,2015,2016,3
b8ece6fc-8f90-49bf-86ee-512201db693c,2021,106996,2015,2018,1
b9fbc7e7-ad88-4370-986e-8bcea75939fb,2021,37862,2015,2015,1
3ab29541-c035-496a-80b1-514dd74161a3,2021,1181115,2015,2017,2
34618185-bbac-424c-a1d8-5efb9eb5edd6,2021,13595,2015,2016,3
0a3a2d7e-4cf6-402f-a096-4b344819f791,2021,106996,2015,2018,4
1275362a-879d-423b-826b-5b406d3078eb,2021,1190145,2015,2017,1
80310894-a044-4277-9f2c-30b1bc14caa5,2021,1181115,2015,2016,2
7b1c6135-c1e8-4b40-bcf2-3f067227ceba,2021,1283028,2015,2018,4
e001b612-ec0c-4793-a8e5-81c2f1944651,2021,1148708,2015,2016,4
c3e47f8b-dcb0-4fce-97ec-c8f8ce42208a,2021,1299927,2015,2016,3
51414c50-a40c-447d-99cd-84e72a1a5027,2021,968,2015,2016,2
d7bd08f0-57c2-4d68-8f39-0e7f075b2d26,2021,968,2015,2017,2
35f91a54-702e-455e-8fa2-8cc8d43db17a,2021,13401,2015,2016,3
d4aadbcd-c063-4eae-adf6-ed9df4c40d87,2021,108660,2015,2017,3
f04d184e-a18f-488e-9e55-400f30b8b967,2021,95175,2015,2017,4
f093e896-8a10-463b-800a-63e88f7980d4,2021,2209,2015,2015,1
dac38a5d-ed79-4ada-a820-6262949c54b6,2021,47069,2015,2017,4
5dbc2d38-813e-445a-8c2f-0bb93557f65c,2021,101942,2015,2016,2
9e848f70-5b28-45d0-9a9d-6ff7332a4de7,2021,20030,2015,2016,4
35e2becf-36b3-41b9-b738-2a5f803f8bac,2021,5000135,2015,2016,4
c99bc3dd-310c-49c5-b018-780e41425f23,2021,1148708,2015,2017,4
54e78860-349b-421e-b71e-7052d78b6f97,2021,1322665,2015,2016,4
3bfe5016-98e5-46b3-8344-c860b528e513,2021,317,2015,2016,2
63ce0f9d-dc23-40bf-b4ba-4480578f717a,2021,48205,2015,2017,4
910a266f-1558-4d1f-91d5-6d011eb5cb15,2021,5000135,2015,2015,4
14877617-3a44-49c3-93da-5963f737e66d,2021,106996,2015,2017,4
d1ef032a-94fc-4f6c-9b53-fda1437873be,2021,118994,2015,2016,4
cecd40c9-f1e9-4b71-8b8d-38ef88556f64,2021,107360,2015,2017,3
fca61928-140a-47c5-b091-b4f9925703f4,2021,37862,2015,2017,4
36510d3f-dfda-4562-82d1-7deed314e64b,2021,18584,2015,2017,3
0784a4fb-f5b1-42cd-875e-5884328fbbaa,2021,73140,2015,2017,4
ed48f5ad-6df8-426e-a570-9659b7a33b3f,2021,1136142,2015,2017,3
4ab75f11-4978-4123-b29f-52519421325a,2021,1385488,2015,2017,4
bb09e590-dd45-4b46-9716-dfa3a867c545,2021,1322390,2015,2018,1
41d7e970-99f6-4fc1-b927-69978a6dd919,2021,43664,2015,2016,4
2246bbca-c6bf-46c2-9626-88abb665dda9,2021,98764,2015,2018,4
2b17bb3b-c4ee-4d3b-9afb-1768e0dc0946,2021,103062,2015,2016,1
f591b488-0cd7-4e7c-88a7-97a795e64654,2021,74737,2015,2018,4
861de043-c5af-4c9a-87b2-89ab2fc47243,2021,20030,2015,2017,4
694981bd-a2a8-4478-8341-3a8e6f9e5c21,2021,98957,2015,2018,4
4f51b0e2-b841-4945-9a17-5762261b7e33,2021,1181115,2015,2016,2
93be1b5d-ee4c-42b6-bb1a-715fae636afb,2021,101942,2015,2016,2
fa8ea315-5c1d-4806-9c32-8d7750ff8ada,2021,1148708,2015,2016,4
686d19df-9397-4a12-bfbc-c090c1cc9c03,2021,74737,2015,2018,4
0451c6ab-0061-4e8c-8540-f7ca155f9b7e,2021,59122,2015,2018,4
014ff12a-178b-4fb7-9f98-478521342002,2021,106167,2015,2016,1
21d0e212-ab74-4027-80bc-9625148ce531,2021,74737,2015,2016,4
84202bdc-ca8c-42cc-84f3-7ffaee1ef46f,2021,9440,2015,2016,4
2f903423-ce75-4ab6-a902-44583249e942,2021,106167,2015,2016,1
467a4ca5-eea7-461e-98f4-90db9421ef91,2021,1306689,2015,2017,4
a0e998ac-1e83-46c6-8e4e-0c8aadd767d6,2021,53333,2015,2018,4
9e59ee71-6bb2-4549-b1f2-a7999f158f5f,2021,116770,2015,2015,3
1990168f-f6e0-4ac9-9f1c-c61b5de65d6f,2021,968,2015,2017,2
45355f13-ce5f-488f-90db-64e453de2ae8,2021,5000135,2015,2016,4
09758b6e-54e3-456a-a60b-3e66d633de48,2021,1272079,2015,2016,3
cfdfd3a7-7817-4f57-bf4d-572bdddd6a8d,2021,41238,2015,2017,3
681c60f7-ec54-494b-a26f-c9a61955d55d,2021,18559,2015,2016,3
ed0ae883-5344-471a-aa73-93aa829e63cf,2021,2209,2015,2016,1
2d6f45a3-7f63-47a0-bb3f-8c23ca4e026f,2021,83388,2015,2019,4
2471013d-b60d-4b47-9fe7-94af54922079,2021,106167,2015,2016,1
87c1fd94-5412-4908-a1f8-0a62666af283,2021,1269545,2015,2016,3
b15793f0-519b-4239-bee5-1da607853596,2021,1376181,2015,2018,4
ae16d0c3-d9e9-4c67-a9b3-530e092f0731,2021,1136142,2015,2018,3
c256d91a-c451-463c-bd29-f19fdc5ef42d,2021,13277,2015,2016,3
5d6e5b44-34bf-4f59-a182-f6179aaba874,2021,18558,2015,2015,3
32cb2ff4-ff86-4ff5-8863-1a0d8acbf859,2021,1427745,2015,2017,4
8359b7df-38e7-4d18-9d6d-aea013d5ed43,2021,55402,2015,2016,4
4629a487-ad21-4483-9e0f-795466af0446,2021,90030,2015,2018,4
faebc018-a0a0-4927-8d6c-d08f7bb8f3ff,2021,94762,2015,2020,1
3eec7c6b-469f-41e8-805e-e7a06935f267,2021,1322665,2015,2018,4
22f1325d-adb9-41e1-bd84-a8f9555e39a8,2021,1181115,2015,2017,2
be00254d-13c7-48a6-9da1-492425bfbbe3,2021,20030,2015,2018,4
fb8cb89a-71c7-48de-a213-658a7a9974a8,2021,58808,2015,2018,4
8d19bdf0-a061-4ff6-81ab-59735245f731,2021,13446,2015,2016,3
e6b523fd-f218-444a-b52c-329462ef620e,2021,107360,2015,2017,3
39b21587-06e0-473b-938f-d4d65eed6983,2021,1181115,2015,2017,2
64f3c880-ee1d-4604-abbd-23e3d5bbe27b,2021,1283028,2015,2016,4
a6dc2d4d-201f-4356-8a33-50b43ac71233,2021,9414,2015,2016,4
49cb880f-2db2-4dad-9652-72f85e13ce92,2021,1136142,2015,2017,3
dc731b7c-bf99-409e-ab71-1ed52cfb445f,2021,118420,2015,2015,1
cc621061-5849-467f-ada3-a16056e751a5,2021,106996,2015,2018,4
f7efa744-d255-4484-b6f3-a51a6d55d76a,2021,2209,2015,2016,1
8c1bdfa5-2c7e-48c1-a50d-f108e1911863,2021,5000143,2015,2016,3
90ae076b-6bea-4165-be81-50af1fa1d77f,2021,83388,2015,2019,4
0cea4e46-ec7e-4367-a4a3-b227bea3c22c,2021,62484,2015,2016,1
7f8f1195-511b-49a3-bd78-95c737679aa1,2021,1288839,2015,2016,4
f1b2f853-a022-40fc-8a18-9909695e8050,2021,1190071,2015,2016,1
24b0e185-146b-43c8-9758-f711c4deb3c8,2021,1181115,2015,2016,2
be83701e-7451-459c-839a-3461e8c2f32d,2021,1322390,2015,2018,1
11e1de54-c553-49d0-96e6-24bb3a0e98d6,2021,1187671,2015,2016,3
b58d7227-32cf-4f39-96da-bf963bbd00ed,2021,1314243,2015,2016,2
43fbed30-57e5-4ff8-9ddb-da9a81113ab5,2021,968,2015,2016,4
5d0402e4-aaa2-47a0-b602-f54258dcbb5e,2021,13595,2015,2016,3
4835cfe5-51b7-4003-9a5d-a7c6ba334e78,2021,1136142,2015,2017,3
cdf4d34e-f7eb-400e-8b03-2314825f070a,2021,106996,2015,2018,4
3f7adf9b-9dd2-40e8-a0d9-71faa5b6de43,2021,97443,2015,2018,4
a1448fcd-0a44-44d3-9654-1b58909dfe7c,2021,1376131,2015,2017,4
636e9fc5-eb36-4886-bfd5-3b6456b3b551,2021,106167,2015,2016,1
6e70ba57-aa31-4390-b7f4-385ecf5b0478,2021,98764,2015,2018,4
a994d344-7dd7-42c7-92fe-f04224097f1e,2021,1288839,2015,2016,4
c56c4a0e-9c43-4c40-bde1-d3ea04dc6fea,2021,98595,2015,2018,4
20e0a817-375e-49b0-b310-f3309cc5372c,2021,20933,2015,2016,3
e16c4663-4247-4215-9880-b674907ae61c,2021,5000143,2015,2016,3
f47077f4-4da8-4a25-ab58-6ac67e9caa40,2021,94762,2015,2020,4
5a1202c4-95d2-4c35-8e2c-e3e71b67b962,2021,1265453,2015,2016,4
8436bde6-6fa6-416a-b8f4-dfe469d9447a,2021,1148708,2015,2016,4
0a2ea6d8-9a52-4b36-9cc6-6edd22776a92,2021,1136142,2015,2016,3
a1b0ef0a-0710-4e32-8ab4-df161b719a49,2021,64664,2015,2017,1
60d5957a-b3ff-4392-bee5-cebb324d3dcd,2021,18683,2015,2016,2
98f63b95-ac89-470c-9a35-2bcd8261246c,2021,1269545,2015,2016,3
5de43574-5abb-415b-a077-720c0acd069c,2021,5000135,2015,2016,4
486a720b-ef76-4e63-992a-838db0df7c16,2021,13980,2015,2016,1
dc71e50b-9b91-441e-8e60-59e8e6bc6cb5,2021,18903,2015,2018,4
bd40142d-d5b4-416b-8eab-8ee163193fd3,2021,22047,2015,2020,4
2afc60eb-31d6-4c95-b010-20f57bf28c7f,2021,59122,2015,2018,4
bcc3c355-cd12-4a70-80bc-574e3271470f,2021,48205,2015,2018,4
47715ec9-50a5-4d31-9d88-529c664f2975,2021,106167,2015,2016,1
15bc1078-d388-495a-95a0-f3e6a0c67093,2021,13401,2015,2017,3
134a288e-8ef6-4a4d-b5b5-e5710c87e6da,2021,18683,2015,2016,2
a17d2da8-cb8c-44ba-8c80-2e392235ad65,2021,107360,2015,2015,3
a9308d0b-0ba6-4899-9592-7fec3bb4ba98,2021,9414,2015,2016,4
baae14b7-9bac-49be-875a-ae760086d8c0,2021,1385942,2015,2017,1
aec22268-f91f-4206-be7c-a7b143cb9d56,2021,317,2015,2015,2
51384fe3-608f-490a-832a-025a06af6480,2021,1136142,2015,2018,3
ccad011f-2afb-4e8e-9767-d3d5c8f30ce3,2021,1322390,2015,2020,4
346a35dc-8f9d-4b05-88d3-4c99112bfaef,2021,106996,2015,2017,1
41a3eeb3-59b8-4c03-aa4e-0cea433d2c52,2021,1306689,2015,2016,1
ee99128f-77e4-44b6-90fb-f70fbb9c5695,2021,1385942,2015,2017,1
ecb1c967-879b-4570-85a3-706c5d7155cc,2021,1270596,2015,2016,1
3dd934c4-46e4-49b0-86f1-ce4a6757e8ea,2021,104360,2015,2017,4
c1cff4db-5ab4-4634-aaa5-5f4c1ba94f49,2021,1322665,2015,2016,4
8d7a8539-8242-49b6-bfa1-788942e4c21e,2021,2209,2015,2016,1
a3e8481a-48da-4b42-9fca-9c431127be15,2021,22047,2015,2017,4
ea4c85d7-7b27-43f8-b5cf-f7ac96b3d29d,2021,103062,2015,2016,1
d27ae5b6-d066-43f3-8a04-dbb7a53fcc3c,2021,20030,2015,2016,4
a078735e-09a1-4aa1-801e-73db75e8ec16,2021,1270596,2015,2016,1
5bd6148c-cad4-44ae-b60b-4ad5369c6a16,2021,1288839,2015,2016,4
f8569a19-9111-4730-95fd-bf607eb8b7bd,2021,317,2015,2016,2
0ccf2d4e-88ad-42ee-ac81-51030bae321e,2021,47051,2015,2016,4
ef659640-6498-4a1e-bba2-ff2401b79343,2021,87396,2015,2016,3
1b36e681-504d-4542-a0eb-312693b3ddab,2021,116770,2015,2016,3
22dea602-666f-4550-8a27-e419b70914a6,2021,1385942,2015,2017,1
0e0e877a-9af0-4b02-8553-a15d140ac4e0,2021,9425,2015,2016,4
59950800-3293-4fd0-bd75-2f6e30dbe10d,2021,19047,2015,2018,4
92a2f86a-99be-402e-b47a-311b6929ed33,2021,1181115,2015,2016,2
ec2667af-30b3-475b-a97f-91d3fc286385,2021,1136142,2015,2017,3
97ab0668-cb44-4595-b929-a31885c0eaf7,2021,18558,2015,2017,3
745b17db-e28b-4178-9915-19963ca696cf,2021,19042,2015,2016,1
8abd0cc1-53d3-419f-acd8-c953fd34fb67,2021,107360,2015,2017,3
1fd0d3e6-a7f1-4df4-aae4-c9c736675570,2021,1102628,2015,2017,2
5ee9fc94-5c7b-463f-9792-5aa511b5dd57,2021,1190145,2015,2017,1
d81cc793-0acf-4370-b5a2-9f1e2f375b11,2021,1187671,2015,2016,3
4f882970-b4df-41e2-8f3f-2fa7d8679e1d,2021,1187671,2015,2016,3
82e13a3f-69ea-42a5-81e3-5e3c7506ce16,2021,1299927,2015,2016,3
1b840e57-f829-4824-a663-3e23150726e5,2021,106167,2015,2016,1
72430f96-1dd6-47dd-9adb-c5fcdff25407,2021,1136142,2015,2016,3
1d20ae40-f2ee-40c4-9e06-d26a63095e83,2021,94762,2015,2020,1
cac8598d-c459-40c0-8f7e-6176a5deffc7,2021,1427745,2015,2017,4
13475074-eed5-4f27-ab64-4df662bee74e,2021,1299927,2015,2016,3
74248d46-809c-419c-9ae8-a14724229792,2021,1272079,2015,2016,3
66b482ab-0c90-4711-88ce-77cb850545e4,2021,18584,2015,2016,3
ebfe6a55-bd43-4bab-a24a-748718592060,2021,1187671,2015,2016,3
1ae4f8e5-f457-423b-bee6-52726949d9e3,2021,9414,2015,2017,4
7cd16ac8-2389-4a8f-a771-2895de9e0931,2021,18671,2015,2016,1
0633ce3e-004f-446a-b337-6fce90fd3646,2021,11452,2015,2019,2
58fcbe2d-b2f1-4f04-94cc-b72111f5e2cd,2021,11452,2015,2016,2
9d025a66-9bad-4c05-b062-dc88fec59e67,2021,1181115,2015,2016,2
3f63dfa5-ef07-4a09-bd87-c7bbb9265483,2021,94762,2015,2020,4
cc830835-0ceb-4d21-8b27-7a540b7932eb,2021,18558,2015,2017,3
34547e82-7518-4012-aa73-37fae2141fd9,2021,5000135,2015,2016,4
8059d2c9-00d1-47a8-a6a3-d892a1597828,2021,18558,2015,2017,3
ecdc4a5d-a1d1-4b45-b3d0-167b3c0d3b07,2021,1181115,2015,2017,2
32bb863c-b1db-4acb-95d6-18db6b47f749,2021,5000135,2015,2016,4
02a442f5-ebd2-4382-a7a1-84173eba71d3,2021,83388,2015,2016,4
bce52a5d-c5ee-4bc3-a895-4abfe40efdd8,2021,103062,2015,2018,1
cea7e027-6968-4f33-b485-c984b864df8c,2021,9440,2015,2017,4
1a07334e-eae4-42f3-b64c-a3b35107c2b2,2021,1306689,2015,2017,4
58039887-283a-4ec6-bcc4-7ce6b7932dd7,2021,2209,2015,2016,1
d7a84c50-2b15-47b7-be3a-d8ea81c0f7e4,2021,95017,2015,2016,1
e54bab85-23af-4aea-8251-392554486120,2021,968,2015,2016,4
6ffb2fd3-000b-4e68-9a06-225c96e6995e,2021,968,2015,2018,4
0c4de780-8f6f-44e6-b3f8-228e1ba0bbaa,2021,106996,2015,2018,1
ee5a77b6-250b-4d96-9c85-dfe83de0d9ac,2021,1181115,2015,2016,2
e88231bd-a460-4b14-a208-90fdf0d72332,2021,1376131,2015,2017,4
27c63d42-ad02-4fea-9593-559bd109a773,2021,1166783,2015,2017,3
9ad8f619-eec7-41fb-a516-66b3e26afc50,2021,1330347,2015,2016,3
feeedf56-d309-4dcb-b01f-0a8e92d89efa,2021,1376181,2015,2018,4
d3057c81-ec7d-426c-9610-068d92060146,2021,90030,2015,2016,4
e8435c31-6463-4c94-a865-7a0300980837,2021,49071,2015,2017,4
a953d2ce-e2cf-4b93-852c-e53418098b02,2021,98305,2015,2015,3
61494778-789a-4289-950f-e2e52c5d562d,2021,11452,2015,2016,2
7050f462-a7b8-4f5c-a9ed-a2bcd4c36be1,2021,5000143,2015,2016,3
f74db3b0-aca2-49b8-80be-b9c8adca8b95,2021,1181327,2015,2016,3
758fac1c-7935-43dc-9660-58c904f735d9,2021,1314243,2015,2016,2
e6ffe46f-30cb-478e-aff3-5bf64acd0d7c,2021,47051,2015,2015,4
225c7b16-b3b7-4287-97dd-658b810f3c94,2021,513,2015,2016,3
25455ba3-1379-48c2-b68a-d1b1c47eb824,2021,108660,2015,2017,3
43d812b3-a193-4e1d-87d7-a39d3434c93a,2021,18584,2015,2016,3
0bc93f2e-1e01-4071-8c17-390125ffc5ac,2021,20030,2015,2016,4
11b4d340-1bc1-4778-8d66-e23d724f0587,2021,13446,2015,2016,3
8c5c81a3-b36f-44fa-9f20-461b29c3b7f7,2021,47505,2015,2018,4
aad35747-c34f-4e6c-961d-656e4d572706,2021,18559,2015,2016,3
bad3d780-02e2-4919-a5b0-04ca33de5acd,2021,46377,2015,2016,4
00c64790-8c9c-4f5e-8cec-3e0338151b67,2021,62484,2015,2016,1
2af507e2-1a3a-44a3-a6d3-9f762d48a9e2,2021,18584,2015,2015,3
5fde8cf1-1580-4a36-906c-43cc5f3dfb1f,2021,62484,2015,2016,1
f177207b-c130-4b72-8986-4d97d4fcd608,2021,513,2015,2016,1
924b3cdc-803b-4207-8ddb-1c4af2222a7a,2021,98764,2015,2018,4
c17357b3-6fda-4c74-a439-641d24f8fa1e,2021,47069,2015,2016,1
b4a21694-f2d1-42dd-8ae3-610d5e5a7bda,2021,1267543,2015,2016,4
150526d1-8dec-4df1-8427-63b4f60a1a48,2021,1187671,2015,2016,3
af84ee43-f44a-490b-aed4-9a38654d9a07,2021,48205,2015,2018,4
deb145f2-954b-4d83-8e84-5b731b619166,2021,1314243,2015,2016,2
ce35166c-9b2f-4fa1-93f5-4aa1bd63b694,2021,5000135,2015,2017,4
53dd74f8-b6f9-4406-904c-ff47f0bc0111,2021,1288002,2015,2018,3
beb9df61-0e77-46ca-af5e-d3d30996b4d4,2021,13595,2015,2016,3
66d32e8c-79b4-4fcf-b295-a866b4fd39ba,2021,98595,2015,2017,4
ba1937e0-5f9b-4bab-8578-b201302f9e0c,2021,48675,2015,2018,4
c010ccdc-97c9-47eb-8ad1-f299c4fa9a8a,2021,20030,2015,2016,4
abcede67-7d25-4d1d-847d-bf5f8e6c60b3,2021,1314243,2015,2016,2
bccf8a0d-7622-4d39-813b-3ab883341e15,2021,1283028,2015,2018,4
8310c9fa-adb7-4733-8d36-9b1a070dc6d0,2021,101942,2015,2016,2
27bb6503-6fe1-42a7-8b89-2362fb904ecd,2021,11554,2015,2017,3
98c7b1e4-40a2-4658-9ae8-951e7f2130dd,2021,13446,2015,2017,3
bd5e11d9-9ab0-4501-8b5b-481a22f41341,2021,20030,2015,2016,4
775a148d-60ca-4af7-9cda-fec87fefcab9,2021,1190071,2015,2015,4
8d863b77-d371-41a3-9bf0-6f6830718dfa,2021,73519,2015,2016,4
95ed572a-98c5-44d5-8351-d2a2b649e58e,2021,13595,2015,2016,3
98d82fb1-2af3-422b-89f0-b82625a4ddba,2021,1136142,2015,2016,3
c1933b7b-a50c-4caf-874a-87c359378950,2021,106167,2015,2016,1
cfcf10d1-28c5-4bfc-b378-dbe3a84337ab,2021,101942,2015,2017,2
6c3c9f98-72f9-422b-b3f7-97aa6a1c4d41,2021,13595,2015,2016,3
fc4839f8-1d53-4822-98eb-5f6b7752b33d,2021,118420,2015,2015,1
108dbbe6-834d-4c69-a19d-d093da7da808,2021,513,2015,2016,3
b48372d4-8725-4a7d-98ca-02d2d291949d,2021,1351760,2015,2018,4
bf5db042-3790-4c8f-8608-718cdc3df4a1,2021,13446,2015,2016,3
6093e509-7d83-444c-b45e-12f2a0273be9,2021,1272079,2015,2016,3
8dfbe002-4c82-4943-8441-a0bfe5ca78ef,2021,50981,2015,2016,4
8fd0c57f-e407-4de8-b5d5-2b17fa12c68a,2021,11730,2015,2016,1
6aaf067b-d4dd-4583-9386-c3cf53057737,2021,1102628,2015,2016,2
aca0336b-7349-4696-8285-50ef78bbfb2e,2021,98595,2015,2018,4
43c2ce22-5193-4002-904a-5fd340ca9382,2021,1190145,2015,2016,1
c91634ef-e9ef-4242-863e-12ccd8fb0f8b,2021,99820,2015,2017,4
09ee96eb-d005-4bbc-8501-36db329cd7b3,2021,13216,2015,2016,1
15b35865-b067-4236-8901-ef3793996436,2021,1136142,2015,2016,3
94c392d3-0501-449d-a601-1472e34d30bd,2021,13277,2015,2016,3
76e9da36-78f2-478a-9c90-19a1865186b3,2021,2209,2015,2016,1
113958f2-829d-4d6d-b177-a2c8d67e4c71,2021,74737,2015,2018,4
bdcfb70c-d9dc-4aaa-b067-fb6e371e0ef9,2021,107360,2015,2016,3
9f2324b2-8824-4cbe-93ca-c35e108435fd,2021,37862,2015,2015,4
ad6d46b8-21c6-4d9c-b67b-aebd73432de3,2021,1139692,2015,2016,1
1f4910ba-10e1-49aa-8811-21245d5851eb,2021,13446,2015,2016,3
e3db866c-208c-4daf-a227-5a4ab20b4f57,2021,1102628,2015,2016,2
13769c5f-e97e-4b80-9585-28897fe8a723,2021,20239,2015,2016,3
bdcd18ff-8fa9-4432-ba93-aa1928458769,2021,1288839,2015,2016,4
bec2b807-bae8-406d-8635-913c0fe4a75b,2021,1136142,2015,2017,3
96f55134-5d67-43aa-8e59-866b7034af6e,2021,1376181,2015,2018,4
75fd0b34-0dd0-43ea-9c1a-98d98d012c7e,2021,317,2015,2021,2
08151ab2-8639-4fc7-ba15-78dc2f8df1ec,2021,95017,2015,2016,1
5fb762bb-d867-4ee8-b31f-fe046fd57ead,2021,56172,2015,2017,4
7d7c20ce-13a8-4914-b912-473eeca5f75c,2021,1306689,2015,2017,1
cd43f799-b428-4597-a5ee-7e730a1714bc,2021,62484,2015,2016,1
627540a4-de52-4c1f-8ced-51160ecc1c6d,2021,1272079,2015,2016,3
d17504b3-57ca-4088-83e7-4d69f23d257c,2021,18584,2015,2016,3
e6fcdf5d-f292-4ac1-a4be-1132744ac67a,2021,5000143,2015,2015,3
2fbe29fe-35f8-479b-8313-4d37c48acd5a,2021,83388,2015,2020,4
08245b3c-35cf-4413-a806-fb5d705e8a8a,2021,1047907,2015,2018,4
c696a79f-a55b-48c7-aca5-e892c70afa0b,2021,1148708,2015,2018,4
efb58e9b-caf5-4cbb-9b27-cba621fbb2d8,2021,95017,2015,2016,1
0290386e-de0b-4c9b-ba3d-d9960682de7e,2021,1108692,2015,2016,4
b9028dc3-f4eb-4f1f-9c17-56b91d42cf24,2021,13401,2015,2015,3
258e6fbb-d48d-4f93-b9cb-014545709eaf,2021,1330347,2015,2016,3
93d4b36a-ebea-4694-9c05-5feff4c7ff9e,2021,1103723,2015,2017,4
7ca79f63-2b9b-4960-868e-6d94951dda34,2021,1148708,2015,2018,4
a1aa3e8c-c94e-4d47-b3a0-cdb1e4db182f,2021,90030,2015,2016,4
8ee55448-b1fd-4daf-ba98-8a0e16f789a8,2021,18683,2015,2016,2
1acb7237-1b45-4964-b5bf-c9b878c73d27,2021,62484,2015,2016,1
7ea02bfb-04bd-4e9b-93e7-5106403934db,2021,13446,2015,2016,3
0a5f1de0-c92b-4657-8da6-224e73c82118,2021,11554,2015,2016,3
f7af0abb-597a-4c6a-a3a7-8bb3eb16028b,2021,1272079,2015,2016,3
f45abeb6-b24b-48a8-98a3-22849d38cdd6,2021,13401,2015,2018,3
f9f3f438-82e8-4c07-a6e6-3bed195bc44b,2021,18584,2015,2016,3
893d48db-e76c-4eff-b056-fd1d827a6a92,2021,13980,2015,2016,1
9b1b0bf7-c82c-46c7-ad63-9a3e64c49486,2021,88084,2015,2018,1
0bcf1354-1668-40b1-8011-ba9890760c14,2021,1351760,2015,2018,4
8af006c6-c133-4c00-b6c9-b2db0a676b81,2021,13595,2015,2016,3
22fccf7f-743d-465e-a54f-37c1cf888f57,2021,11452,2015,2016,2
9af77927-a5c8-442d-995a-93d61a6c9e02,2021,11452,2015,2016,2
c3c9d02a-5f28-43de-a687-e6d13ff8e74f,2021,5000143,2015,2016,3
80f5129e-f733-4321-812f-5e354fb7573a,2021,13446,2015,2016,3
f86a36af-384f-4cf9-9e14-251a0ee991bd,2021,2209,2015,2015,1
6e612db3-86cf-4c21-ba74-c649f8674c2b,2021,1136142,2015,2016,3
00d9677e-b9fc-4201-9966-dceb949eba3c,2021,5000135,2015,2016,4
79c815ae-dfc5-44b9-b5d6-dea05b66a729,2021,11452,2015,2017,2
a2e7726b-8138-4d87-bb0a-9812f1e9c807,2021,13446,2015,2016,3
c3265ddf-3ebb-482a-bdbc-dd2d5f7649a7,2021,1148708,2015,2017,4
df003ee8-3814-4116-8750-0b7f77ea8ccf,2021,1136142,2015,2016,3
db51f9e4-288c-4e7a-b2a7-95c713a0a2a7,2021,112086,2015,2016,4
b657b547-5921-43a0-8e76-fd36e3a3500f,2021,11730,2015,2016,1
233c8086-2569-41c0-bfe1-9d6a454899eb,2021,5000135,2015,2015,4
45a51b5b-e674-47f2-9f74-fc955061acae,2021,95017,2015,2017,1
e6ab60ac-f484-46b6-823b-9507560ba70f,2021,1102628,2015,2016,2
2b9beaa2-01b8-49e6-8959-d1f851cae2c9,2021,47505,2015,2017,4
a7d786a5-441b-4b57-b8b8-27d76ca4478a,2021,317,2015,2021,2
5402a369-eeeb-4188-b555-117cf99f74bf,2021,112086,2015,2016,4
89617fb7-a23c-4457-bfb1-3588f4508bb8,2021,5000135,2015,2016,4
323cdd3a-9df7-4108-be58-8d07cac6ad55,2021,1330347,2015,2016,3
1923d555-8cf8-46cb-8390-d7dd6cfd6031,2021,64664,2015,2017,4
4a8e41f6-233f-41e2-b514-255a4608cb19,2021,513,2015,2016,1
b8ad8412-8796-464e-9d52-87b29de97f97,2021,1136142,2015,2016,3
f018195c-0043-488a-a4dd-c4a2e802f4d5,2021,103062,2015,2016,1
f23d7d22-d3af-4344-9144-bcf523040685,2021,1269545,2015,2016,3
c6751e9f-567d-40ec-b7fc-669c387ff885,2021,13446,2015,2015,3
4e013cab-dd1e-4a85-ba60-f0a06ed7f688,2021,18559,2015,2017,3
96e44c93-bd56-4f10-8c87-ce30ca9b533e,2021,13595,2015,2017,3
743302aa-b51c-4200-aa4a-70dd9f9c4137,2021,1376181,2015,2019,4
2868d360-4d83-452c-a181-4f70014fd208,2021,1314243,2015,2016,2
98293d21-7b55-4307-8735-96dc3a07f953,2021,1272079,2015,2016,3
c6a724e9-4aec-4d74-89ab-bcf01e108395,2021,102590,2015,2016,1
2466d115-591c-44ea-9ab5-bdbb24c8530d,2021,9440,2015,2017,4
c4594abb-9c31-4da3-82e5-40b2a04589c3,2021,317,2015,2016,2
c2d7f4c7-fa3f-4137-9b36-6c8e57e2814e,2021,108660,2015,2017,3
0a9a211c-0c92-45eb-b212-030b26da1097,2021,18584,2015,2016,3
dff614b1-f1c4-48b5-85d0-443978146bca,2021,118468,2015,2016,4
bfccecac-67fa-4038-9c35-8204911b1d85,2021,88084,2015,2016,1
11194cb4-277d-448f-9d83-1647ef5fcb3c,2021,1314243,2015,2016,2
6e7a1709-7497-43c4-bd5f-47ea49763faf,2021,1288002,2015,2018,3
60a34a9c-5a26-4890-acdf-063fb5c5fcd8,2021,107360,2015,2016,3
be4a8322-52e8-4048-a7e0-d64bc0a53049,2021,55402,2015,2019,4
23a12fee-1d3c-48e5-bbd2-ababee6e2cb8,2021,13401,2015,2016,3
0a2fa25d-3ff7-4970-9b75-647b6d37f081,2021,1272079,2015,2016,3
5a7f1f58-1db4-4196-849e-2007c51d2bfc,2021,1270596,2015,2016,1
7e0b6459-7b86-4b36-bee4-b15d32c098fd,2021,18671,2015,2016,1
e98c0f21-0621-4102-8848-4bb38ba6b1bc,2021,13446,2015,2017,3
44275814-4cee-4cd7-bdbc-d641d102e93e,2021,9440,2015,2015,4
03fc0ad8-0418-40a1-bf99-5069b94177ec,2021,1376131,2015,2017,4
00e4cacb-a702-4a01-af51-da423fe42076,2021,513,2015,2017,3
5d8da205-e5be-4dc2-aff4-d0238b13baa7,2021,40343,2015,2017,4
6525e6a8-4250-482a-a1fc-31b1efa5f7c9,2021,13595,2015,2016,3
998dd7d9-106d-4c0c-ac28-aac1cb6d38c0,2021,88084,2015,2016,1
3dd5bf4f-d266-4f5a-9010-9e06d44f1c3d,2021,90030,2015,2017,4
7dbb9c47-d3c3-4610-a0a1-fbd4409ba6b9,2021,1270596,2015,2016,1
ac7bd3c5-0ac2-4999-b309-04f6fcd69bff,2021,13595,2015,2016,3
c5b9d90c-c743-4f99-8e63-c2a29ac663b4,2021,13401,2015,2017,3
c19d6970-d2f8-4734-a0fe-b51203b5c063,2021,18584,2015,2015,3
78d24c4c-4da2-4d57-ae5b-fffbcf0b4848,2021,21464,2015,2016,4
0fdd3fe1-0f56-4c01-87c6-1304a8077076,2021,106167,2015,2016,1
7589b37d-a45f-4786-a338-c1dac37e25fa,2021,94762,2015,2018,4
ab082216-dc37-469d-9330-c178170358a4,2021,50082,2015,2020,4
0a677b14-8ff2-4ee5-bd90-9fdf132caf7d,2021,47069,2015,2017,1
0584f6e1-257c-48fe-9fb1-e65a2ea84f4f,2021,1204325,2015,2018,4
567e5ac0-681f-4355-be92-b11fd717ce86,2021,98305,2015,2016,3
96f56515-7c2b-4bf8-b544-10127004d722,2021,1267543,2015,2016,4
9d2e1549-a0c8-48ba-b8da-65b7aaa2dbc9,2021,317,2015,2016,2
a215d7da-e364-4ac5-aeb1-f405b2033ff4,2021,11554,2015,2015,3
7ea5d5f6-3511-43b4-938a-5012156fed41,2021,1314243,2015,2017,2
8842398a-b266-4332-9b89-47ddec210178,2021,1181115,2015,2016,2
f5424c78-281b-4f66-b7af-8febca3658e0,2021,1136142,2015,2016,3
2a3512b9-c68d-418b-9b12-044d0d41d16d,2021,1314243,2015,2016,2
dc18d28b-71c8-443a-97d1-4fceba80fbcb,2021,55777,2015,2017,4
3558f431-95b4-4ac7-b3aa-f6626083db80,2021,81210,2015,2016,4
a4977f21-d5ba-4f08-9943-6574de6475c8,2021,101942,2015,2017,2
f779cdf8-b57e-4a23-a5f7-249877541678,2021,317,2015,2016,2
83f0d2a9-8066-4884-8d14-3718ec66bd1b,2021,1258063,2015,2019,4
7e135913-3e08-4d44-b26f-73349d996b5a,2021,11452,2015,2016,2
291bd7af-e07b-44e8-9994-d9b266e17113,2021,968,2015,2016,2
e9faa757-cebd-4cbe-b5ba-4e74ea8382d6,2021,13980,2015,2016,1
3b251edc-aae2-4686-9bac-1ce942ce231d,2021,1136142,2015,2016,3
81f2af59-6b83-4358-b091-090b65a0118d,2021,118420,2015,2016,1
34afa54a-dd5e-4d32-b595-999a0664a370,2021,118468,2015,2016,4
425cea26-fcb3-4acf-84d0-b1e01746b096,2021,118420,2015,2016,1
c75747ad-e9fe-408a-a97b-4aba45dfc710,2021,20030,2015,2018,4
5493877b-fd87-475f-a68a-39ecf64c77fb,2021,117022,2015,2018,4
ec6bff91-e71d-4142-80c4-acff250fee48,2021,20239,2015,2017,3
6deb633c-c4d4-4674-b9a5-9be11db621fc,2021,1265453,2015,2016,4
84cd51ca-42b0-49f5-a33d-67853c77a8b2,2021,118994,2015,2018,4
343b27bd-79ac-438d-a5e8-e387a7300dde,2021,1101244,2015,2017,4
3ea89bf3-2c7c-445e-a69c-13b66dbf2864,2021,88068,2015,2016,4
558f6983-33b2-439f-8b6e-43e73c1887d7,2021,1322665,2015,2018,4
5a3f401f-13f0-45ab-8a88-ef41f07924eb,2021,18584,2015,2016,3
eb501f67-6f80-43a8-9223-48f691c35a0c,2021,13277,2015,2016,3
4b520394-d8a5-4609-8ca1-bad00207d7a8,2021,116770,2015,2016,3
4373f682-9593-4f80-88e6-eed8e139646c,2021,1267543,2015,2016,4
03211d99-c566-463a-93c4-24bb8e687bf2,2021,1136142,2015,2016,3
71dc60bd-9b57-4abe-a3a7-c2e3d948b200,2021,1318224,2015,2017,4
bdee2320-a34b-4b2c-b6ec-989b9d141b68,2021,55402,2015,2017,4
a130115f-4eaf-4bb2-8cbd-f9eb10755f99,2021,97443,2015,2017,4
185084f1-e9a2-4d7e-a2b2-54c0fd669d27,2021,94762,2015,2018,4
2aac0d5b-1462-458a-9ae5-e32330829c8d,2021,67601,2015,2016,4
9deeca6c-d0ae-4bdc-9180-b758946e29e0,2021,107360,2015,2016,3
e60b313e-8b01-4d0e-bb6c-90b1ae85a97d,2021,68930,2015,2018,4
5e8ae985-cd9c-4c92-8bab-d638cced78fe,2021,97778,2015,2016,3
e5a662ea-b177-4467-ab72-7850421516d4,2021,19042,2015,2016,1
0d7ae5c2-533a-40ac-93b2-48636585b6cf,2021,116770,2015,2017,3
b0f35d09-c5a3-4e3d-9821-296ea679c5e9,2021,90030,2015,2016,4
3a8b2536-fc8f-40b9-8a6c-7e09f691b557,2021,116770,2015,2017,3
d1cf2cb0-dbb7-4781-a436-b02ba2fa1422,2021,1187671,2015,2016,3
c8c7dff9-ad11-46b1-a597-4499d91681c3,2021,64664,2015,2016,4
06226788-3d2f-4d91-ae75-4f07db7e5e66,2021,94762,2015,2018,4
4bdd0bac-8f20-4bee-826b-29ba2b717606,2021,1204325,2015,2016,4
af04d66b-5012-4a8f-a7be-12bd03c980af,2021,47069,2015,2017,4
9db236b8-31b7-4a2e-aff4-f8d160a27034,2021,21464,2015,2016,4
43aba4ce-a009-4af6-87c6-5b8028399a23,2021,13401,2015,2017,3
80e4d209-1c5c-41a2-be9c-7b0e805d8199,2021,1288002,2015,2018,3
17ba8484-805d-40e8-a3b6-587e774faef1,2021,13595,2015,2017,3
6f9b6763-2789-4935-a611-eaeab9e4ed1e,2021,1136142,2015,2017,3
bb7e31b0-103d-4c84-88ad-88956d2ed09a,2021,1132918,2015,2016,4
4f01d38d-c099-484f-8cff-22e746ec4e7d,2021,1272079,2015,2016,3
47deba06-4fc3-4e03-a7fd-d68cf440511a,2021,64664,2015,2016,1
0ff0e5ea-33f3-4953-9621-c17216e1c582,2021,98595,2015,2017,4
8a1ddb84-360a-4ae5-913b-8145620bd33c,2021,62484,2015,2016,1
f668b2d4-140d-4461-8ca5-019f932e0ffb,2021,18559,2015,2016,3
f157da0a-0205-4039-b0e0-72bc296571e5,2021,13401,2015,2017,3
db4a2d17-3fb5-4a60-abf6-83f482baa8af,2021,13401,2015,2016,3
0685d439-92c7-46c2-be5b-394266b6d590,2021,9440,2015,2016,4
a813fa1f-7cdc-4a93-b192-bf6755918d2c,2021,1314243,2015,2016,2
1120230c-f5a5-47a4-99ca-f6f2eff98b0f,2021,1101244,2015,2011,4
637b3d6c-0c54-403d-a452-401bd0fe9be7,2021,107360,2015,2016,3
8a1d0732-62d5-48cc-b1be-154500074ac2,2021,1136142,2015,2016,3
30ab35ba-afb8-45bc-addc-5ea3161cfedc,2021,2209,2015,2016,1
3bf76a8f-dde4-4a1a-92fa-abe09b35f86e,2021,1330347,2015,2017,3
2344499e-9139-471c-9153-eec6513c7734,2021,1314243,2015,2016,2
11dee44d-f946-4609-afbc-1912cada6f25,2021,1204325,2015,2018,4
0ba2b551-35f8-4c2d-bbee-ac7175e566be,2021,1330347,2015,2016,3
d102a8a5-28e1-4de8-800b-6d1fd973af8a,2021,103062,2015,2016,1
09b568b9-8b52-4295-990f-92a24dee84ca,2021,97778,2015,2017,3
170d9635-4038-403c-a1e3-554f049014af,2021,20030,2015,2018,4
56d78031-d84e-4976-972e-610f33f5ecc3,2021,1306689,2015,2016,4
b6c62e80-6e50-4606-92fe-53668564307e,2021,13595,2015,2016,3
128f5fec-a154-4758-9a17-f2717238f274,2021,13595,2015,2018,3
5c329ce8-060f-49f7-9cf8-1e4661bba22b,2021,53331,2015,2018,4
9b34f864-37ce-4097-a43f-9a62276d39fd,2021,513,2015,2016,1
37d7c070-f536-4fb7-8f74-518c522ebea6,2021,101942,2015,2016,2
837e059f-3fed-42b7-b5c0-42462b0adf33,2021,118420,2015,2016,1
ccf41b52-6c58-45f3-8a50-ee4bc7a558dc,2021,13277,2015,2016,3
f2c7df75-f70a-49f0-b103-9cfa9dff9e09,2021,117022,2015,2018,4
147ce6c6-1b5c-4ec0-b0a0-375d14d51037,2021,11452,2015,2016,2
03e9a682-59d4-453e-9fd0-570896df6ef8,2021,1299927,2015,2016,3
a27bfeb5-856c-42c2-bd85-71b22670fb9f,2021,62484,2015,2016,1
765dcc9b-cb47-431a-b18e-a337cac1599a,2021,18559,2015,2017,3
1310b7e9-0a0a-41bc-922d-2234684fcd98,2021,83388,2015,2020,4
1fe72f7d-8033-4242-a7e4-d1cb76774d0a,2021,1136142,2015,2017,3
c8b12100-fbc5-40db-92db-38360b07e6e6,2021,18683,2015,2017,2
325bf0a6-2d7b-4e4a-8040-9938632df560,2021,13401,2015,2018,3
44180748-003a-40b4-82ec-b7a0d947ae6d,2021,90030,2015,2016,4
1b541ba5-7814-44a8-a0be-c61d5a82914a,2021,9414,2015,2016,4
a41f3ee6-fbce-4056-bcf0-459b890be06f,2021,13595,2015,2016,3
0fc97816-3880-4bbe-a010-637570ce3078,2021,19042,2015,2016,1
e700e068-6f62-42a1-abf4-8b7235488b7a,2021,68930,2015,2018,4
6ed1b746-7ec7-44ab-b97e-68df8dc22c17,2021,968,2015,2016,2
8f685205-6f7e-4a6d-b916-31b8562b9c93,2021,513,2015,2016,1
d2850b36-94e7-4b59-8abf-d58193e19ff1,2021,20030,2015,2018,4
e452f47c-1278-4cfa-ab86-1ab8ccdc1be6,2021,56172,2015,2018,1
a2938495-064b-41f3-a0d1-9306717ff890,2021,2209,2015,2016,1
5fd75f68-6388-48f6-bf03-eccc6344eee8,2021,1136142,2015,2016,3
1d58cf0a-1724-4503-bc3f-4d450c974945,2021,1267543,2015,2016,4
94f05c99-5c08-4af5-8802-adc9553e8aa9,2021,1288839,2015,2016,4
8985feb5-0951-4411-8000-c0c6b8a2e269,2021,116770,2015,2016,3
753813e9-c10f-42f1-b5ae-fa3f56b86fc1,2021,1190071,2015,2017,3
d815eebf-e0bb-4787-b9f2-d129975d094b,2021,2209,2015,2016,1
d10d6763-b1c2-4252-92a7-fdf5c5daf22d,2021,62484,2015,2016,1
6ff6ca80-7f99-4bac-8a1b-6daa545bb814,2021,11452,2015,2016,2
8ea823e3-a6a8-45c1-94d0-2a317e9793ed,2021,18584,2015,2015,3
1288eb0f-7a92-4a48-95d7-d27440f11d41,2021,1136142,2015,2017,3
58ab1624-fd2e-4085-9532-b888f68516f2,2021,13277,2015,2016,3
da8fe017-16a2-42ef-bac1-ab5a2caf997e,2021,1108692,2015,2016,4
687ea0e1-46b3-451e-9910-c1887badd86e,2021,5000135,2015,2016,4
f06f1daf-d28f-4b1d-b2dd-53e459eea5dc,2021,13401,2015,2017,3
87d6e4a7-ff88-47c7-b422-0e0bd4e0feb0,2021,50082,2015,2017,4
2efd5dcc-ea39-47aa-8145-6cbc6b799886,2021,101942,2015,2016,2
f56bc037-cdf7-46f5-a57d-5f51289c4d62,2021,64664,2015,2016,1
5bbd6c5f-7c49-4647-84d0-2b0a95b42727,2021,118420,2015,2016,1
c5c63239-261d-4f2c-85f5-1a5f07266b5f,2021,1299927,2015,2016,3
f494a62a-f583-43d1-9cec-bc1fd1308def,2021,98595,2015,2017,4
3bd7326f-9483-4686-9589-5d4485aad337,2021,86326,2015,2016,4
e38955d4-c975-49f1-a35f-8e8c61371582,2021,968,2015,2016,2
cb290fdb-d709-4f0e-9ff5-a7e43982699e,2021,56172,2015,2017,4
78a42c9f-ad13-483c-a7a4-9d6467884b7e,2021,317,2015,2016,2
0b764530-16bf-4f73-8c7e-91ba960e4f9e,2021,18559,2015,2017,3
953f6470-9536-4065-8295-ed88e2115fab,2021,1132918,2015,2016,4
f0c1315c-df32-4686-a53e-1837a45fecc0,2021,18683,2015,2017,2
28b91e47-7ec8-44ea-bd1a-17d0d3b04d21,2021,13446,2015,2016,3
68f01ece-f6a5-4a0e-9041-bc45b761bb7e,2021,49054,2015,2017,4
26520f9c-4475-46d4-9ff6-52aad0f0f26e,2021,118468,2015,2016,4
537378da-012f-461b-8fac-3f335c922a75,2021,1376181,2015,2018,4
c60b9efc-fb82-4f25-b3db-dfdadf2ca8d4,2021,1300429,2015,2016,3
64cabcdc-872a-4a9a-a374-ad8a8d78253f,2021,1330347,2015,2016,3
11b1bd87-9b1d-41a9-b2ce-941db665d320,2021,513,2015,2018,3
03b58818-4ecc-42da-a24a-463a7891f829,2021,19047,2015,2018,4
3cdb80e8-39e0-49d4-9569-1826f33d18f5,2021,106996,2015,2020,4
5a43ad0c-672e-47f5-a461-1b28a6891ff3,2021,11554,2015,2016,3
ce752a43-eac3-4597-b64d-82a2ed4cceea,2021,1267543,2015,2015,4
2727d482-4e55-493c-a85c-91bd14a6d607,2021,20239,2015,2016,3
500b7184-adaa-4f0d-afc5-707e648f7aac,2021,13401,2015,2016,3
10e53089-56aa-4e3f-ae1d-1ca0a9fd1fd1,2021,9440,2015,2016,4
f8c423c8-1e56-4955-a4f3-84a8650ff85c,2021,13216,2015,2016,1
e234f85c-1cd7-453c-996a-dd6229152505,2021,118420,2015,2016,1
d9fa19c1-d0b4-43f6-b8e7-957007a3395c,2021,1385488,2015,2017,4
9fa891a1-b896-49cd-90ea-e007e74e5216,2021,11452,2015,2016,2
e37838b7-ef74-4d59-a29c-b975ca4f3e5e,2021,57612,2015,2016,4
0c85a35d-ef0d-4f13-87da-b9ab5532a8ff,2021,18559,2015,2016,3
168289b2-f2aa-4065-8077-6916137d015e,2021,95017,2015,2017,1
b4fc35ff-a225-419b-8287-bde35f46740d,2021,20030,2015,2017,4
75e89497-00f4-494f-84aa-b49e9ec778fe,2021,1314243,2015,2016,2
76332e4f-3f3a-4842-8ead-816895e36fd5,2021,1300429,2015,2016,3
dc97896a-2dfa-4eb4-805d-f41fd1f85c19,2021,68930,2015,2016,4
7f656666-88a6-44d0-b75c-fea1028875ff,2021,59122,2015,2018,4
d136c342-64ad-4f30-9a15-7ea7113c4553,2021,9414,2015,2016,4
a2c5195e-bdc3-4bcb-84ff-c810c60574c1,2021,12313,2015,2021,3
a0009b31-57d7-4752-897e-579f20e8a11d,2021,317,2015,2017,2
0457790a-dd32-40d0-a394-10c77d96bc8b,2021,62484,2015,2016,1
dbd5b642-e295-4285-bd37-0f0258d0eb97,2021,13446,2015,2017,3
5fd59fb6-9561-456a-a31b-bd1d106a9d55,2021,13401,2015,2016,3
f7a5e12b-3d73-46d4-b7eb-91cf647776cf,2021,73140,2015,2016,4
247f5f6d-19af-4857-8a22-21e9760f3cc4,2021,56172,2015,2017,4
16fe8559-d699-4119-93b3-814d481ff240,2021,1136142,2015,2017,3
d20c6431-41ad-4927-a555-45840708e960,2021,5000135,2015,2017,4
5bb2c296-eefd-460f-975c-0cd33864ba5d,2021,2209,2015,2016,1
840430f2-1878-4796-9787-809b44a95c56,2021,62484,2015,2016,1
8a606223-2fd2-497c-90a5-4fc65a279f98,2021,513,2015,2016,1
cbf0f3d2-588e-4f37-9ed2-dd500d07bc9a,2021,13595,2015,2016,3
7a498dd8-8966-4a04-ab2e-fde5f0145a07,2021,18558,2015,2015,3
d3ec807a-84f3-4e7f-9bfe-7357107efbd1,2021,13595,2015,2016,3
80aa0cfd-c42a-490c-b0f5-7ab68e6ae6a5,2021,1314243,2015,2016,2
0c324ef5-7e03-4b8c-9ab9-35c2766b6afd,2021,62484,2015,2016,1
8f106fd6-d9aa-4bae-9a03-2bb0f9a50491,2021,1288002,2015,2018,3
acd5e267-84d4-46b4-b2a5-adac0c3528d1,2021,1101244,2015,2016,4
4b44513e-9b79-4a47-8743-b3d9236de692,2021,1318224,2015,2017,4
e34f4e6b-71c2-4dc9-90dc-424236e54f75,2021,13595,2015,2016,3
d3ede102-7c2f-446f-97de-59d53d48dca4,2021,513,2015,2016,1
601c27ea-4b14-44aa-8216-c8d6003877d5,2021,13595,2015,2017,3
2ec9c96a-01da-41d9-91c9-1a0dd3fa53e4,2021,95017,2015,2016,1
699d5478-92a9-4870-94a5-9acfb4434719,2021,513,2015,2016,1
59737a60-17a8-4f1b-b0f1-4a6ad996df03,2021,13401,2015,2018,3
083af404-e51e-4013-bb06-6c31a8649bf1,2021,116770,2015,2017,3
27736da9-2f3d-4fa9-9fd5-a3cc1f66962d,2021,1118057,2015,2016,4
ca7f622b-1842-48b1-91fd-827782e9ed61,2021,9440,2015,2016,4
77c88f8f-1d55-43a9-9538-4627e2ff38b8,2021,1376181,2015,2018,4
ce0186f8-98ac-44c7-8222-dab4e96a2864,2021,64664,2015,2017,1
98eda198-de3f-4070-bb97-617b4701b6d1,2021,11452,2015,2016,2
e05dcaca-b57b-41af-a7e1-57f0fe4313c0,2021,95175,2015,2017,4
8f4e4efd-2fd0-458b-9b9c-8537a75db168,2021,13401,2015,2016,3
59d41121-93a1-47fe-bdd2-0733730b81af,2021,11730,2015,2016,1
33a78fb7-fac6-4675-b180-0cb91917f11f,2021,118420,2015,2016,1
3787dcda-7156-4d0c-81eb-489f3f3bbdbb,2021,67601,2015,2018,4
4b6e0744-6e19-4c1f-9a67-b32924fe90a5,2021,1306689,2015,2016,1
e41c446e-bef6-4f13-aa5e-586a7565fd7a,2021,13595,2015,2016,3
68c60dc1-d94d-415a-822b-5dd2645695b7,2021,13446,2015,2016,3
e79956ff-bb56-4d06-bae2-1c6e3bb8dc4b,2021,1136142,2015,2016,3
7f4be29d-f477-4871-ba64-14aae473eaa2,2021,56172,2015,2016,4
74918a66-83a2-4d21-a254-719a19c5b117,2021,1269545,2015,2016,3
0fbb4c92-282c-4696-b1ae-463de03d9dd1,2021,1102628,2015,2016,2
99448a3a-a924-4588-9cc8-6fb63ea666d2,2021,53342,2015,2017,4
6f99f264-16cf-44a9-aa35-26a43b21ba48,2021,97443,2015,2018,4
3ea1872b-31f4-486f-803a-14ceaa1a2a3d,2021,11730,2015,2015,1
d62c385d-ea55-4705-a3f5-dd1366b7f2a6,2021,13446,2015,2018,3
9d9b1938-6e71-4b04-9ae5-ebda1fb4e6e0,2021,13595,2015,2016,3
7d5f042f-cdda-4e2e-96f6-541eb5e2ef21,2021,1118057,2015,2016,4
b997dad2-c782-4866-8293-c5a6e5da0062,2021,1379275,2015,2017,2
e3109854-7250-4973-9881-305c6385364a,2021,5000135,2015,2016,4
1c927768-3fd2-4c0f-8ef6-4be8e3f3d699,2021,13446,2015,2019,3
5c1013ae-9c87-4234-b94e-e85708399b1d,2021,13980,2015,2016,1
805f9493-df63-4104-960f-037685f03a32,2021,1267543,2015,2014,4
1abea2d3-3aed-4c30-9a7d-c8c39989a0e4,2021,13216,2015,2016,1
42f09970-e9d4-444a-89f2-012ea143c51d,2021,1136142,2015,2019,3
ce82222d-2b3e-4821-8158-2fc647cc680c,2021,1102628,2015,2016,2
d0e66361-438a-4204-9a5d-7892e3372465,2021,1136142,2015,2016,3
faf87767-5cfe-48e2-bd6a-3d0820f80ad3,2021,19042,2015,2016,1
eb218948-ed6f-4b89-a9fd-916b3be23733,2021,2209,2015,2016,1
5fdf1666-fc66-476e-865b-6cc4643b9e4b,2021,9440,2015,2018,4
fb268c51-bceb-490b-a2b7-cf29f389da4f,2021,5000135,2015,2017,4
32110f61-ec76-41fe-97ae-5ae09bcd1af4,2021,13595,2015,2017,3
a9ae2f50-b323-4cd1-adc7-11067c8d6e8d,2021,12313,2015,2021,3
c9e67ee4-2fa0-4ecd-98d3-f4f57c260832,2021,13446,2015,2017,3
5fd6fd6c-ebfa-4379-81d7-232d38f80b0c,2021,1101244,2015,2016,4
29c66155-a78b-42b1-b08f-8514b8ae9e7c,2021,11452,2015,2017,2
decc1aa9-df61-4e4f-8e90-382c2da0b023,2021,5000135,2015,2016,4
24600387-b69a-4a8c-bdb2-bb161b64fb42,2021,1108692,2015,2018,4
6b325307-729d-46ef-80fc-14fe9c97d068,2021,12313,2015,2018,3
b0625ce3-840f-4496-b3fd-06a342863cf4,2021,11730,2015,2016,1
7430b1ed-040f-46c3-8691-952f606fc40b,2021,94762,2015,2018,1
3b9143ae-971f-4e4a-a0f9-b5e142c3d45f,2021,13277,2015,2016,3
2a1ebf1b-a54b-468b-8cfa-48a37086a3de,2021,13595,2015,2016,3
459a5058-95b7-485a-b21e-3d3a557b2d8c,2021,97778,2015,2016,3
2f4c63cb-3461-4ae4-9621-46058f5f4b5b,2021,11452,2015,2016,2
c21a6d28-ecf9-443a-8bee-187504549fe3,2021,13595,2015,2016,3
aec39b7f-a175-4089-8636-8faebee9666e,2021,1422296,2015,2018,1
6bd403db-b6dc-48e9-b17b-01fdd3c6f8f6,2021,1136142,2015,2016,3
bf7d8c49-1252-4ac8-b820-10adadcd426d,2021,1102628,2015,2016,2
eca3521b-3328-4566-bb0e-f96cbb5b2d2b,2021,13446,2015,2016,3
eb11d9d6-2de1-44ff-8ded-ded2d2512560,2021,317,2015,2016,2
7740af17-654f-4eac-aa99-379c2bd19a35,2021,13216,2015,2016,1
d70af8f8-0745-4002-933c-f1c7ba6f0573,2021,13277,2015,2016,3
5dc8988b-a452-4c17-8d94-12383888b5ef,2021,13446,2015,2016,3
5ad47e50-ce92-4aab-b512-5647f9b44b64,2021,1136142,2015,2018,3
74583198-3789-48f5-b534-00835a6dbd8c,2021,13216,2015,2016,1
b4281a4e-7a51-4f65-9293-169173943ed1,2021,13595,2015,2016,3
9dfa7691-5880-4b5f-87cd-ad4738570f60,2021,1288002,2015,2018,3
39bb8442-86e2-4719-8551-2cc85ef31fbc,2021,13216,2015,2016,1
24a6cf89-64af-4bea-ba9e-f6a9d5d4dd6a,2021,18903,2015,2018,4
444abe67-5c34-4f57-85e9-f307781d545d,2021,1136142,2015,2016,3
70734bee-caef-4773-b578-398037ab77c8,2021,13216,2015,2016,1
1ae32986-96e1-491f-baa0-b725248a9003,2021,41238,2015,2016,3
5b81d8a4-b959-4eea-ba26-2e0bb379a188,2021,13595,2015,2016,3
cbfa606b-393e-49f2-b36a-c75a90eadfef,2021,13216,2015,2016,1
66fb4da2-edc9-40f4-ac78-0e03a1b2ff89,2021,101942,2015,2016,2
be35e831-7c88-40e0-9eb8-070f93b8df20,2021,18683,2015,2016,2
e7673c2b-c60d-46fc-a2c7-8b7405d0f393,2021,20030,2015,2018,4
94ff048e-7af0-4b93-ad39-121846e8a641,2021,13446,2015,2016,3
7ecc37e2-8005-4e3f-bb09-3c591dbc688a,2021,12313,2015,2019,3
ecda4b87-e627-4005-892d-6b0221f63dff,2021,1299927,2015,2016,3
4154e590-5663-4844-86a9-a2d90a103720,2021,13277,2015,2016,3
8c4549ec-2cd1-44cb-86c1-e37e5dd978fa,2021,13216,2015,2016,1
c111464d-54af-4041-aaa0-9afd98aa29dc,2021,13595,2015,2018,3
10d6a72d-a99b-4f10-85e3-fb708fe7f788,2021,18584,2015,2016,3
e3d7e256-3425-4df0-8a4e-2ef51b294e2a,2021,18584,2015,2016,3
1cf5e13a-c2ce-488c-ae9f-a9286bb2013d,2021,18584,2015,2015,3
5f02dac5-0fe0-401e-821f-1f7d618558c6,2021,102590,2015,2016,1
baa59d90-c78c-41c5-b6a6-214fe6778486,2021,102590,2015,2016,1
8f2d89e6-a489-4113-836e-af0289c343f8,2021,102590,2015,2016,1
008ad8c4-f3cc-489c-949b-83c6402389f8,2021,102590,2015,2016,1
03796e53-5318-4f7c-b6d9-947d3fe1dbb5,2021,18559,2015,2016,3
8c736601-45ad-47f1-9c54-904f9880886b,2021,18559,2015,2015,3
91937e6e-d623-4969-89ef-87aaeaf1ebb0,2021,1113582,2015,2016,2
f2a2e1b9-96af-47f5-a53a-95b5bcb72255,2021,1113582,2015,2016,2
8392834c-4193-47b1-8f37-9d1c871595d1,2021,1113582,2015,2016,2
6c4c4cd1-8433-4aca-baa5-8d96d5af4422,2021,1113582,2015,2016,2
2d83139d-fea8-42fe-a1cf-6b60878aa253,2021,1113582,2015,2016,2
e3374f5e-8abe-42e8-93a0-4da0ef094149,2021,1113582,2015,2016,2
03acf635-208f-473d-a373-56001dfc0e18,2021,73140,2015,2016,4
74df7137-a2cb-439d-b7bf-029336a6643a,2021,73140,2015,2016,4
bd97c956-3ecd-431c-b14b-9285a2786e8f,2021,1113582,2015,2016,2
a20794bb-d245-441b-a6fe-02296ceca598,2021,513,2015,2015,1
b6b97822-fe07-41ac-94a4-1893892ba2e5,2021,513,2015,2016,1
6418db30-c3fb-4c15-a456-8c599d5ed0c3,2021,513,2015,2016,1
3a25a273-bf6e-48f0-a05e-87326a98dac8,2021,1113582,2015,2017,1
b703ff82-4e72-446a-86fd-dec7a2fb6995,2021,1113582,2015,2017,1
56aa889a-fa07-4d95-a06d-390d16396d4c,2021,1113582,2015,2017,1
ef8c9f77-c065-49bb-a253-5e74e0495b4d,2021,1113582,2015,2017,1
2d73fff3-9343-4f2c-b671-87e1ba4f3bbe,2021,1113582,2015,2017,1
40a64d59-eb07-46b7-bc54-7244ce305920,2021,1113582,2015,2017,1
740437d6-c8ab-4a89-bcbe-2accff746314,2021,1113582,2015,2017,1
9f2edf05-7737-49ee-aa66-3fcab2a5f229,2021,55402,2015,2017,4
773a2f74-f1dd-41f4-ae64-aca480526d8b,2021,55402,2015,2017,4
7ef038af-210d-4491-bada-e6ffff0b92b8,2021,101942,2015,2017,2
aa2b3031-8df5-4b8e-a6cb-dcc64134043d,2021,101942,2015,2016,2
5490c43c-241a-402d-9422-d3a2489174c5,2021,86318,2015,2017,2
7e511240-e25d-4c1a-afc0-14bcc3fde881,2021,47069,2015,2016,4
838388eb-c5c5-4595-a165-46f12285c903,2021,47069,2015,2017,1
3f834d55-9873-4ba5-b737-56b605cd34cf,2021,86318,2015,2016,1
e3745f3e-2a72-41f8-912c-db2838a9a51d,2021,86318,2015,2016,1
212a8b5d-0629-4999-83b7-8eead4e8e551,2021,86318,2015,2018,1
1cf6cc5e-cc65-41e3-a5ff-5a6444254c62,2021,11554,2015,2016,3
d1ad1919-af0a-4c33-8fda-824e8b18ab52,2021,86318,2015,2017,2
cf286a5c-eb43-4446-b411-5294f6e9df97,2021,86318,2015,2017,2
344fd764-519c-46c4-b599-978552bd5d1b,2021,11554,2015,2017,3
035e7379-36d9-44c9-9c20-93cee67955ac,2021,98305,2015,2015,3
b3cda62e-2101-48e5-8de5-e3fa07bf76b2,2021,1103723,2015,2016,4
899f2f84-6501-419a-bc81-ca906b85e73f,2021,13401,2015,2016,3
1a28db04-3e0d-4a6e-bf3f-0b8e44853c00,2021,73898,2015,2017,4
f30a8998-6957-4559-938e-07c39ef0a6c7,2021,73898,2015,2017,4
fe2d0a0c-dca6-4c03-b020-c806fa146e08,2021,73898,2015,2017,4
130baa4a-6dc5-4a6f-81b0-5174a6368b5a,2021,50082,2015,2017,4
3ae5e963-3dc3-4ed2-9aa9-754c441cac88,2021,21464,2015,2016,4
a5a9cfc3-5651-41f1-a52e-631a198f9081,2021,21464,2015,2016,4
e87dca65-3ff5-4999-a011-a210ced43dfc,2021,21464,2015,2016,4
7c0b13ab-f6c1-419b-88ce-20c7de1bffb7,2021,318882,2015,2016,3
47ea5bc9-8765-43c9-b4c8-e47b4d0344db,2021,47051,2015,2016,4
b282640c-3c56-4a17-8eac-39108d6bce2d,2021,13595,2015,2016,3
cef2fa3a-1a9b-4ef9-8fe6-c10819f2d7db,2021,18559,2015,2016,3
390b470e-904d-44df-8e62-e37f79aef0b9,2021,107360,2015,2017,3
81c599d8-df10-49c9-9583-88baecc03da3,2021,107360,2015,2016,3
d9bdd6b0-b61a-4285-98a1-c05f528622eb,2021,11730,2015,2019,4
f0878d2f-cbf1-4d0a-a00f-d8989c3ef83b,2021,13446,2015,2016,3
abd361ab-61a3-49e6-8e2a-79d30f06ff29,2021,13446,2015,2016,3
6c9af05e-5bd4-4d41-bfa9-248cdd297377,2021,13446,2015,2017,3
3b7f7b31-0934-4fcf-a8f6-8e970ee0f559,2021,1180773,2015,2017,1
a8927ff5-bfea-462c-8d24-7a77b4e28e2d,2021,1180773,2015,2017,1
d367a80f-3845-4538-9b4a-bf1b70788ea8,2021,1180773,2015,2017,1
bfbcbac9-5385-43c6-a9dd-ea667ed1ce90,2021,1180773,2015,2017,1
3308521e-7671-4739-80aa-cd582528fd94,2021,1180773,2015,2016,2
33aa13fb-b3da-4b59-b9f4-8c91eb68dbef,2021,1136142,2015,2016,3
58e62dfe-cd55-4963-a712-bd95d48ed19a,2021,1136142,2015,2016,3
6be04cf4-bfd1-4257-a88f-466757ed60e0,2021,1136142,2015,2016,3
5952ac52-58f0-4aa3-88c4-1f865ad53cd4,2021,1136142,2015,2016,3
181ff247-6ada-45d3-9ea8-25cf95a5933c,2021,1136142,2015,2016,3
180d128e-5bc3-4ae5-9eed-a59d39e99934,2021,73898,2015,2018,4
9405f192-ee88-4a2d-8948-88ed3ec5e62b,2021,73898,2015,2018,4
8bff3f77-9d10-4f7b-9b45-faa6161b3c20,2021,90030,2015,2016,4
0383bf39-fe48-48f8-92b8-6c5f83450c35,2021,1102628,2015,2016,2
0ad20f5f-8059-4530-9b4a-7f3a9eae4215,2021,1102628,2015,2016,2
58607e6d-6541-4ec4-8827-d05a3dd74699,2021,37862,2015,2016,4
3a3d8851-9084-4ff7-aeba-ab51311d587c,2021,118420,2015,2016,1
1523e899-e985-4678-9277-407f4d538cee,2021,13401,2015,2017,3
d24efc86-be6e-4b0b-84a1-c0c987851213,2021,1181327,2015,2016,3
d3ef284f-b3fe-4112-bef8-c900073d1353,2021,94762,2015,2016,4
b7e76507-6782-4410-a1a9-0129dee2921d,2021,94762,2015,2016,4
f79bb313-5bac-4b13-9b1a-93680cad0395,2021,94762,2015,2020,4
4a84a3a9-0efa-4ab2-9b34-47ad41353d1f,2021,53342,2015,2016,4
27490d67-9562-4041-b435-fb9f2c6a7923,2021,11554,2015,2017,3
0c7576fa-c6f0-4d0f-b5e1-84fbcc5a774c,2021,20933,2015,2016,3
08b6f80d-c9e7-488b-80c2-304b41fcb829,2021,20009,2015,2016,1
5e24bb51-29f8-4ea7-804f-31893e9df588,2021,20009,2015,2016,1
a035fc7a-d6a5-4caa-8bbf-cc34648bff7f,2021,20009,2015,2019,4
262be2be-6901-420f-acfe-e2b6aa9051fc,2021,1306689,2015,2016,4
33d06b09-7de0-49b3-a932-ae8098334ba8,2021,1306689,2015,2017,4
7ff294b8-287e-4350-a286-3947e99c07e9,2021,1299927,2015,2016,3
4fce7457-d5ea-415a-b521-e50e70f2eb3d,2021,48675,2015,2016,4
a53fc958-d13f-499a-ae4c-fd8e07b93af4,2021,13277,2015,2016,3
353ca23d-f59c-4b65-8316-e839eefde901,2021,94455,2015,2017,4
66b28232-cd98-4a06-af45-11fa77a8eb34,2021,18250,2015,2018,1
9ea972b0-5417-49ee-8489-d58b89cc4491,2021,1376181,2015,2018,4
830520fd-5ad8-4949-b70a-2468cc3f9ef2,2021,87396,2015,2016,3
e183b32c-43d7-4fb3-9d7f-f74b4e556b83,2021,37862,2015,2016,1
34e3e959-78da-482b-9dbf-657232fb4fbe,2021,20030,2015,2016,4
8e6c0e2f-c982-40e6-a490-8233e739449b,2021,56172,2015,2016,4
7eb92d47-c698-4408-ab3c-e365905277d5,2021,1108692,2015,2016,4
be263292-5aed-4de3-a660-b00831f6891a,2021,50981,2015,2016,4
8427bfac-b0ec-4d73-b63d-733d2ced0a0a,2021,1314243,2015,2016,2
b5bf1481-54b5-44c2-ae79-3fd1da8d2d59,2021,9414,2015,2017,4
1e8512c9-bbb5-4f6a-af43-9013ea169a97,2021,47505,2015,2016,4
1d5fde94-febd-49dd-9150-4dd28a239df7,2021,47505,2015,2017,4
784d59ad-14b8-4758-b490-ec2844946f77,2021,106996,2015,2018,4
e215f49f-21b3-42ea-bb6e-b6cf9343b1af,2021,98595,2015,2018,4
c5d1d789-3fbf-4c4d-80bb-903cb1449d36,2021,117532,2015,2017,4
ad7acdf7-c13a-4663-9e93-62ccb90e060c,2021,117532,2015,2018,4
fa36ea7d-bec5-4135-94aa-67419ee4f2ff,2021,117532,2015,2017,4
6a381d9f-af45-403a-bd63-8637313bc164,2021,117532,2015,2016,4
147ff02a-1e5a-4c5b-9d1f-5c677dd27044,2021,13401,2015,2016,3
25bc78f3-c81a-4bf2-ba30-7e5efab26b43,2021,1272079,2015,2016,3
bbb722c5-f283-4a22-af8e-7af952d0a53a,2021,58808,2015,2018,4
3c6674f1-8abf-449d-a057-b07795cf43be,2021,58808,2015,2017,4
e1f8cbb4-7fed-49a6-ab2a-6e3efa96e139,2021,95175,2015,2016,4
2bbd61ab-91ca-4d0f-90b0-80faa8e051fa,2021,95175,2015,2017,4
6672c2b0-238c-4ec4-bf41-b5371eacee57,2021,58808,2015,2018,4
84d94d13-cc3b-4bd3-a297-e589bc165f27,2021,20009,2015,2021,1
ae7aa47c-013a-465e-a407-383db9005f97,2021,1203177,2015,2018,3
5126b71f-c1eb-470d-80b6-f0ea2e12912c,2021,98595,2015,2017,4
5246c3c0-ec98-4295-b180-9cf7cca16b94,2021,98595,2015,2016,4
3f492dcb-24f7-42f0-a839-0ae89e7857fe,2021,1270680,2015,2017,4
8bf23a03-1831-4b08-aaee-8951257511b4,2021,1270680,2015,2016,4
a48c0a51-19e4-4e86-9f51-69a704a34ab7,2021,1322390,2015,2017,4
3ad6f9fe-2e63-442f-9f76-f0de4e86c566,2021,1258063,2015,2017,1
9f4e6950-f71c-4d8e-b1f5-bb4c3f2b360d,2021,47505,2015,2016,4
e33b437c-090e-41c9-955f-ce8683aaa2f2,2021,12025,2015,2016,2
1a9f7dd2-b7ba-447a-9085-74edd17452b4,2021,12025,2015,2016,2
0a953928-11d8-4c76-825d-77c6d3c8b800,2021,20239,2015,2016,3
bb365b04-e229-4a56-9e94-015152f8cc3c,2021,20239,2015,2016,3
1a4d69e3-e7cc-44c5-a3b9-7c5f1001d039,2021,20239,2015,2016,3
cbcc960b-c194-407c-bce9-688cbdd9e091,2021,1190071,2015,2016,3
a7220831-0c41-4edf-9000-d97350639900,2021,1101244,2015,2016,4
f742ea1b-1468-4989-be51-464e4e46e977,2021,1270596,2015,2016,1
f69e1faa-1b94-4398-8b8f-543e3df84ccc,2021,1270596,2015,2016,1
f2b20b38-5149-4c39-95e4-45c57ded2bdd,2021,49071,2015,2018,4
14a3528f-9d16-4ebe-821a-30e50cbb8730,2021,49071,2015,2018,4
5bbcaee6-c775-4ef5-b715-6facc0ed33aa,2021,64664,2015,2017,4
6b144e64-0799-490c-bf97-ebd5d908bb91,2021,60886,2015,2016,4
da466dec-fd34-4217-98e6-460543b90e94,2021,60886,2015,2015,4
6eff1148-6080-4cdf-9665-132a680721b7,2021,60886,2015,2016,4
5e5dc98c-0575-4fc2-93a6-c30de5cdd5da,2021,60886,2015,2017,4
a06a7643-f4a8-40d1-82e8-e6be6b9a445c,2021,60886,2015,2017,4
ced8c323-8ad1-4db7-8043-d94b7c3ee703,2021,60886,2015,2016,4
2530d39f-cc28-4349-880f-3ce93713d134,2021,60886,2015,2016,4
f9407549-8871-4b14-ad8d-33fd2406a87c,2021,116770,2015,2016,3
08dc2b4c-8a91-4833-b100-6b5821ccc0de,2021,116770,2015,2016,3
d63792b0-0d5a-4c86-b712-48d2dedede1f,2021,116770,2015,2015,3
20670015-253f-410f-9a3b-423bfae9ba6c,2021,116770,2015,2017,3
9d6e13ed-2f2c-43b2-846f-bcdbafe94444,2021,116770,2015,2015,3
8c477025-c958-485e-85af-a0d1ec0ec49a,2021,1139692,2015,2016,1
342d4cd5-a60d-4cf8-8885-bdcf040ca233,2021,13980,2015,2016,1
80290aa6-bc26-4d19-bb43-32bac359ae80,2021,1330347,2015,2016,3
9834910f-732e-4f9b-811d-dfb9fcb158c3,2021,46377,2015,2016,4
ee2630d6-bdbc-4fcd-8e14-455965c6e2e7,2021,5000951,2015,2018,4
ba31c367-b405-4b34-9f92-7299f023573a,2021,99406,2015,2016,4
9302f5fa-41cb-4444-bf74-b4d6345bd8bc,2021,43664,2015,2016,4
65137b74-ffd8-405e-814c-49eb1980dafd,2021,5000135,2015,2016,4
4aca535f-ffa4-4d10-9ea2-5aaddec4b6a9,2021,5000135,2015,2016,4
dbf42113-5c52-4c02-95aa-ce628395ac4b,2021,94762,2015,2018,1
3fa9208f-096f-4a8c-b113-be60ee0ec0c4,2021,94762,2015,2016,1
520a2e47-88f4-478e-8766-579b17a1810f,2021,43664,2015,2016,4
bea5e07b-c957-44a8-a6ee-2d2810bea812,2021,2209,2015,2016,1
d96adbfa-5cdd-48d1-bac0-829489ae41ce,2021,2209,2015,2016,1
33e16593-4eb7-4da2-b96c-bcef240d70a0,2021,2209,2015,2016,1
ab6b4676-c26f-49ce-a57c-049eaa36b703,2021,21464,2015,2016,4
bf395795-d548-4199-a596-004a18d3f207,2021,1042278,2015,2017,4
abd63a7f-79b3-4194-9ca8-482e7e1f658b,2021,1042278,2015,2017,4
68a8e9bd-e3ef-4441-b3d8-7d8f458866d2,2021,114616,2015,2017,4
01629d28-ae54-4df5-a4aa-7a91935fa3b1,2021,47051,2015,2016,4
878fc976-fe3f-4031-87d9-6b52892eb7df,2021,1161716,2015,2017,4
0cf75944-1a58-49dc-b899-640fa2b30cc1,2021,88084,2015,2016,1
b76a22bd-f17e-43b1-8184-ebe6bb475794,2021,55777,2015,2016,4
955cc4e7-41a9-48d1-b686-d6fe53d3801c,2021,49054,2015,2016,4
e9bb40fa-2c45-4982-a4ff-deabc1653fde,2021,968,2015,2015,4
a912b067-d844-465c-ae36-ac1c470bed2e,2021,317,2015,2016,2
43e0c38f-035b-496c-9ea0-3114ca89b9e9,2021,317,2015,2019,2
7fb8369b-b331-4eba-98ba-9b4c7ad32015,2021,1102628,2015,2016,2
e6136756-d0a2-4942-9d7d-e4a63cf305af,2021,94762,2015,2016,4
63b7acd5-40ea-430a-8622-fcaf54837c24,2021,18683,2015,2016,2
bbe93a80-675c-4b8b-b952-8ffeda447602,2021,18683,2015,2017,2
e028b69a-76b3-4ff5-a1ff-a3b4f04109ec,2021,50082,2015,2016,4
f6e441e6-cf47-43de-be8e-e40b0014044f,2021,20009,2015,2017,1
17ff6054-a0ba-4642-a0ae-cb5f6e72e3ec,2021,108660,2015,2017,3
95c88977-0c40-45ac-8bcb-1af253a8eef8,2021,108660,2015,2017,3
6a708c9d-8269-4163-a984-7f428413dbd6,2021,108660,2015,2017,3
4d9e21b1-162b-4cff-b92e-09c9b19a486d,2021,62484,2015,2016,1
e379ebfa-25c8-4fb5-b011-4bc65f3d5479,2021,88068,2016,2017,4
5b38d8fa-ed6f-4685-a94a-6ba991bbfc2d,2021,1161716,2016,2018,4
10dd217d-0f1c-4575-9036-51eca748841d,2021,113687,2016,2017,3
4edd3b10-6091-4295-9c09-844b4ea13f3b,2021,1258063,2016,2017,1
76dcb0f4-03b6-4fbc-b2af-0b51c599c4d0,2021,1181115,2016,2016,2
442a855e-80e6-4700-9b08-16e2069bfba9,2021,88084,2016,2017,1
b7aa717a-a198-45bc-aabf-5324f28cc9f3,2021,1351760,2016,2018,4
dbda85be-dbb7-4a28-9b11-0da7dea13967,2021,43664,2016,2017,1
1768cfd1-2c02-41fd-afcf-c89522f30749,2021,88084,2016,2017,1
b6bbdb02-df71-4824-b96d-b08a06ad247f,2021,114616,2016,2018,4
e8047064-11b2-4ff9-8d94-0941cc4b71ec,2021,19047,2016,2018,4
95e2951b-5255-4843-9b41-40b4474e2f93,2021,1322390,2016,2018,4
19c51b42-9df5-4921-b3d4-dac15de82277,2021,1427745,2016,2018,4
573f89e8-9284-4282-a34a-f2301060f443,2021,1322665,2016,2017,4
51263bc7-bb54-4fd5-8d19-eaaaf98c0f68,2021,49071,2016,2018,4
9e95ec6b-cb1a-4061-95cb-69fc792ddd0a,2021,107920,2016,2017,4
079eed87-dadb-4480-b613-cf647c6f91f9,2021,98665,2016,2017,3
f81bd8db-6a5d-4a09-b8ea-5e0d26a40a88,2021,1108692,2016,2018,4
aca22b78-9b04-46f3-9e01-20322363e9b5,2021,98764,2016,2018,4
bd4e056e-69a6-4df9-afea-b5b0416fdd1c,2021,43664,2016,2017,4
46de5314-ab5c-4433-bc46-6b7117b1d28b,2021,1258063,2016,2019,4
dd07b2b8-e3db-4a67-bc68-1176a931e156,2021,74737,2016,2020,4
876ebeb4-76d0-40c5-a5d8-305ba32e53df,2021,43664,2016,2017,1
f0a89924-efa8-4834-b770-12480d8ed18c,2021,18903,2016,2018,4
ead2eb2d-e2d9-4580-a59f-ee115e4d5d99,2021,108660,2016,2017,3
471e50ed-3fd9-465d-9b82-bbda6027414c,2021,62484,2016,2017,1
4c175c69-823c-44a6-869e-9074f426c3c5,2021,968,2016,2018,2
d847f8c9-29a0-4717-8413-3ed8b996b71c,2021,1270596,2016,2017,1
e1dc4a23-0c73-4d27-a2a7-b909ac17c272,2021,1203177,2016,2017,3
e1c1a9bc-b39a-4a41-9785-555207e42b29,2021,88084,2016,2017,1
3799477c-cb80-4d49-8e10-ed3d623af04f,2021,1300284,2016,2017,4
3827fa4d-4afa-4eb2-b691-e9b98ce1d17d,2021,48205,2016,2017,4
e8713459-06c3-4fb2-87c9-e2da28116acf,2021,1403879,2016,2018,1
782e1a89-375b-444e-9206-530d88d280df,2021,13446,2016,2016,3
2e104343-6e48-45d1-bf37-9fefdecfd697,2021,56172,2016,2017,4
21c291e2-40a9-4a48-aa2f-2782fa45bb9a,2021,19047,2016,2018,4
c0834b0c-b300-4a4f-8bbe-ba821a890f8f,2021,107422,2016,2017,4
dd6d7b75-5c14-4dad-9d99-d51d7a1321ac,2021,106996,2016,2017,4
d62680af-d106-464c-8b86-2b44eb1e55df,2021,1322390,2016,2018,1
55322ea3-36fb-498b-abf6-5d4c159bb64f,2021,106996,2016,2017,1
3086f622-3c41-4607-8831-5112f7294433,2021,1265453,2016,2016,3
e22730d2-e268-4ea4-a64c-b587627cffa1,2021,58808,2016,2017,4
fe6ec7b6-aa1c-4c05-a150-35459a477bce,2021,19047,2016,2019,4
09722d52-8c12-47be-8cc2-cbd4c5b33c6f,2021,74737,2016,2018,4
f5ca4c9f-26d2-4e83-a321-633002bb4ff3,2021,18558,2016,2017,3
ffa7bf2f-c3aa-4f49-b767-01d1c40647e3,2021,19047,2016,2017,4
c57d0555-b686-4b50-b45e-6ccda1dbc4ba,2021,1322390,2016,2018,4
7d492f8f-6edc-4d47-b011-36741fb81178,2021,43664,2016,2017,4
ae07ec15-8872-4a40-bec2-cf359363d546,2021,968,2016,2017,4
80bd04ae-bdcf-46e4-86c6-3b5605de8a71,2021,67092,2016,2016,4
312df505-a853-4cda-9488-0c16845a2a0b,2021,48205,2016,2017,4
1801aca4-a3bd-4454-bc87-5be4e2f500ed,2021,48205,2016,2018,4
d69ed002-659d-4d78-848a-e2dcb1e4bee3,2021,81210,2016,2017,4
4644b927-2e01-4ed5-a12d-fee4ec764621,2021,101942,2016,2017,2
f32cd7ef-0ee4-4027-b153-58559014a5fe,2021,43664,2016,2017,1
894dacf0-cb85-463b-bc37-6006a09fce18,2021,20030,2016,2018,4
175f7596-ef5d-4423-ad43-17145fbf6ee3,2021,9414,2016,2017,4
78540432-11f3-4f92-8dcd-adc513d881dd,2021,94762,2016,2020,4
ac26e163-89b5-4113-bd63-668fe0769f23,2021,1322390,2016,2017,1
16eb4231-0a5b-4eb9-a85f-84417128f875,2021,968,2016,2017,2
9f5d2d1f-68fe-4035-b4ac-7071e34e68c8,2021,48205,2016,2017,1
feafa86c-208d-4b3a-b26b-6ba1012a3fc6,2021,43664,2016,2017,1
ca18bf4c-1d25-4eed-8fb8-762102db5f68,2021,1181115,2016,2017,2
60fb95d8-b519-44f9-8fdd-4228c979c0cb,2021,104360,2016,2017,4
88a64dfc-12c2-4990-bfdb-e54dac2e43b7,2021,43664,2016,2018,4
b92d8490-6e04-4c2a-81b3-f96fea580f1c,2021,104360,2016,2017,4
53952fc2-ac34-4dbc-a1a4-0004d47892e0,2021,48205,2016,2018,1
386f5eea-dc30-4562-b1e7-dd4aa9a0655e,2021,74737,2016,2018,4
5b3f70de-db4d-4c84-a66e-bf9655f8eb97,2021,9425,2016,2017,4
b9db9c65-579d-42de-a137-35f5235f9a70,2021,318882,2016,2017,3
c4ae02de-7782-475a-b39b-89df8e57a146,2021,1300429,2016,2017,3
fef15ec6-afd0-4898-8bf1-d5cac3681a90,2021,108660,2016,2017,3
71d41059-4c3b-4fa0-b2af-bbf813d5c29c,2021,107422,2016,2017,4
0213a19c-dbf2-407e-a747-2aad93109943,2021,106996,2016,2018,1
6f6369c2-9cd9-483e-b402-27eae78e849c,2021,108660,2016,2017,3
fafdcbc9-0ac1-41d4-8f67-21ca4e8cf7ee,2021,88084,2016,2017,1
1d9cc86a-803b-432a-8b9d-e8449bc147c6,2021,118994,2016,2017,4
635fbac2-4114-4bfd-9bb8-bb8caa4d800e,2021,118994,2016,2017,4
a0e0d54d-919b-4c75-90cf-f2a1bec6817c,2021,20030,2016,2017,4
3cd0454f-68b6-4191-a5b9-8bcc5bf10bbb,2021,1322390,2016,2018,1
0a1645c8-d3b4-4f29-a3c8-f87a055954db,2021,64664,2016,2017,1
5a965f80-c8ab-4f08-b55b-335770e21800,2021,1376181,2016,2017,4
6d721745-ab63-44fd-85f0-a49dba2f4628,2021,98764,2016,2017,4
b124031d-bfd3-44ba-83c3-169d299a2bd8,2021,41238,2016,2016,3
598e4c7c-e7a4-4606-856f-f4c82b15413d,2021,1322390,2016,2017,1
049a0e28-fe93-4f02-9540-ace7e43bc565,2021,1283028,2016,2018,4
47594e3c-ad9d-423b-acad-943cbbb0b886,2021,9425,2016,2017,4
19bc1cb0-ada7-45b9-8b6c-a1577628c274,2021,1385488,2016,2017,4
4b96dc4c-0fca-4947-9992-05f28292ca48,2021,43664,2016,2017,1
983e7300-4f69-4475-9fec-049b8708c4e4,2021,108660,2016,2017,3
46627190-5034-428d-aa5d-d1602f12592d,2021,1270596,2016,2017,1
0f08a912-2c65-48a1-810e-dc759ba9a2c7,2021,107920,2016,2017,1
79860049-75d9-4202-8493-f5e0663673ae,2021,1306689,2016,2018,1
f620b891-bb44-4e33-8934-5c79e801c024,2021,88084,2016,2017,1
299c2f7d-cc7c-445a-a7dc-d2978e682364,2021,968,2016,2017,4
2f590e04-9050-41f5-8c73-cbb1e33b57d6,2021,106996,2016,2018,4
d8789558-62a9-4b26-ac45-161c581a968b,2021,48205,2016,2018,4
3cad567f-cc26-422f-b888-c534014f1288,2021,968,2016,2017,2
095e4c25-3ee1-4af3-af09-0245b783ac6f,2021,9425,2016,2017,4
10f3213c-11d0-41f5-a480-9ec0e15f6f92,2021,62484,2016,2017,1
0d3a337b-dd26-47d6-8489-c1508460778c,2021,1322390,2016,2018,4
4d1857ba-7b91-4594-8881-86491a091bed,2021,107920,2016,2017,1
ceb5d379-b52f-4877-a4d3-795addd2bde9,2021,18584,2016,2017,3
23118eec-bc62-4a8a-b0af-145c42369348,2021,95175,2016,2018,4
62b1b983-6865-44e2-a8ef-ee832418cf6e,2021,1270596,2016,2017,1
83051e62-c910-4805-8f95-4a75c89c19be,2021,94762,2016,2017,4
72d18e0c-b566-4107-9063-1dc61cf006db,2021,1103723,2016,2018,4
c4a87934-8956-420c-be92-18e1952dd113,2021,1306689,2016,2017,4
994c7662-605a-4d27-ba0f-0d599a95f829,2021,9414,2016,2018,4
23bae847-3e6b-4b8e-8b7d-d69b297ae9af,2021,5000135,2016,2017,4
1022f68d-c443-4084-baac-0e5764575dcf,2021,47051,2016,2017,4
ec48775c-2647-4122-9a04-484b3d2169b6,2021,20030,2016,2017,4
7274388a-02d6-45d7-86d8-78fbfb2ff26e,2021,968,2016,2018,2
fa7b3260-b122-4fab-bc81-e1537fd68e9c,2021,1376131,2016,2017,4
a6654227-5fc3-4fab-9385-258055834cfa,2021,88084,2016,2017,1
b5794bab-e18a-4818-a5e8-a6901b99f25e,2021,48205,2016,2017,4
2260dd28-eeac-4ba4-8fcf-e6cc97d5ea74,2021,49071,2016,2018,4
46c00e3a-89f3-4eb2-af8f-e4b51a287385,2021,50981,2016,2017,4
0a2445f9-d5c2-4a2d-bdcb-9bb080e06442,2021,9425,2016,2017,4
5f15be5f-086b-4d1a-8797-7ab3eb8b488f,2021,1351760,2016,2018,4
5acd6f67-68a6-4ede-a6b5-93b43b9a427a,2021,43664,2016,2017,1
70df7b96-dc8b-4a45-bf11-efc8435924d8,2021,106996,2016,2018,1
736b3115-c0b0-4d05-923c-b255bed68689,2021,50981,2016,2018,4
2b2cd79a-2270-4dd5-a8d3-45335c47051a,2021,106167,2016,2017,1
3f02f563-1631-463e-b204-d810f32345ec,2021,1070485,2016,2018,4
79614d6a-ec04-45fb-85db-e0e842e87346,2021,107422,2016,2017,4
9ed71007-f23a-4a21-9291-7efd3bfeb0b7,2021,1376181,2016,2018,4
0bb064fb-5fa6-4dea-bb05-15ecc921e2dc,2021,1322665,2016,2017,4
f85cc6fb-09b7-490d-be2d-b4f533a368ac,2021,1270596,2016,2017,1
b7f9a177-9698-4eef-b681-ca2629e218fe,2021,40343,2016,2018,4
72c064da-e114-4efd-ae31-be6d95ee2043,2021,98764,2016,2017,4
2051fe0d-d4e7-4b4d-8824-a4e100fd0561,2021,43664,2016,2017,4
5d3972d7-65af-4724-8de1-d4948056bdf4,2021,48205,2016,2017,4
c745bd63-e11d-4a33-a6c7-4bd8758959f5,2021,97443,2016,2017,4
79559a72-a9bc-4e19-8d54-8ac2f3215207,2021,1306689,2016,2017,4
00a9b5f9-a6a1-40bb-80bc-5ad4139d7803,2021,37862,2016,2017,4
2821298b-b681-4322-b890-1dfd8fa9ec02,2021,106167,2016,2017,1
a5123337-9712-4703-8b8c-6fa22c25a44c,2021,108660,2016,2017,3
7cd36747-da15-4525-933b-8eb93fa6f9a6,2021,1070485,2016,2018,4
a4569934-90e1-4547-9d96-4d573c93d65a,2021,74737,2016,2018,4
dfa07eb9-4aee-4c1c-b8f8-984ae45cf77d,2021,1376181,2016,2018,4
53c7ea7c-f3f2-44b0-8d7f-49648f1d5eab,2021,1376181,2016,2018,4
f283b737-00d2-480e-bfb5-890aff9ab213,2021,91181,2016,2018,4
59ffe300-240d-404b-9502-b79e85ce3ddd,2021,19047,2016,2017,4
d034f766-7a11-429d-bd8b-d6a69ad2f8e5,2021,48205,2016,2018,1
caa75947-e6f3-4c0f-8d57-89d7728bc5c3,2021,58808,2016,2018,4
d6eac96a-0040-440c-a892-dd14834e3f10,2021,68930,2016,2017,4
35100afb-0470-45ee-b267-a2340b7c8fee,2021,317,2016,2017,2
4724da2d-4991-4b9d-9c93-6b6762689f9e,2021,1306689,2016,2017,4
948986c1-af1d-4896-8e7d-912cc303456d,2021,53333,2016,2017,4
40c6dbd7-a4d3-4db2-b959-65f90f7e36fb,2021,108660,2016,2017,3
16bcdd40-1c03-4bc9-9a94-526acef79627,2021,108660,2016,2017,3
00ce3a45-d157-4280-a26f-f295f7cfd8b4,2021,1270596,2016,2017,1
24823652-76a6-47c3-ad5d-c1306c4bcd98,2021,1330347,2016,2017,3
5d507894-8875-46fa-b496-7706ce2383e2,2021,106996,2016,2017,4
43dfcac3-4edf-4f8c-b600-f12d704f1262,2021,1070485,2016,2017,4
f5056a7f-0d38-403e-833f-3d7324bdf3d4,2021,1315444,2016,2017,4
32260013-aa18-4521-9b4d-35e60bf8ca89,2021,98764,2016,2018,4
00e875c6-2a3f-440c-9a54-0cb8139a8906,2021,968,2016,2017,2
79f38793-9547-4146-b2bc-7c53e0005f1f,2021,1136142,2016,2017,3
a7927b39-4198-4f9e-8654-712684e7cf04,2021,1322390,2016,2018,4
1a74f8a7-75dc-4e1b-adb0-c456bde3f04d,2021,1376181,2016,2018,4
ad247ef5-4161-406d-905b-8c93a2f65601,2021,48205,2016,2017,4
f1c31d6c-4a8b-4a61-b759-e832d0e74a7d,2021,106996,2016,2017,4
0425916e-342d-4cc9-b533-e18d6536a4cf,2021,95175,2016,2018,4
0fd88a88-5b1a-4b51-9608-16e1d3f99132,2021,5000135,2016,2017,4
9b1603a1-0fe0-4c34-8051-ae7c5f737cba,2021,117022,2016,2018,4
7b1dc5f2-57dc-4350-a144-0ad1787bef59,2021,118994,2016,2017,4
8658feaf-b005-4c07-8814-080722bb5d04,2021,94762,2016,2020,4
c4820ce4-0ec1-4eae-b58e-bb2cd42c86ed,2021,43664,2016,2017,1
bc837b61-ccc6-48e8-bb0a-1c432beb616a,2021,317,2016,2017,2
933bc54d-d3d5-455a-b816-33e9c58f373a,2021,101942,2016,2017,2
c20fe52c-230a-4d32-acbb-3bfc028e494a,2021,37862,2016,2017,4
11d66cf1-7ec4-4b70-b2bc-fa8e70a98d84,2021,1047907,2016,2017,4
40493bdb-0d3d-4f8e-9e94-dbc46bdecf3c,2021,1322390,2016,2017,1
d36feee4-f326-48c8-91b9-a9a4fb94b5b8,2021,1376131,2016,2017,4
81943eab-0e65-4aba-b21e-5c7008cfb9e7,2021,88084,2016,2018,1
1a8f95df-f970-48ca-b6f7-11c87670554f,2021,1376181,2016,2017,4
975d7a5c-b126-403c-8cb2-ad02f420d8f3,2021,101942,2016,2017,2
4234cbe8-1b4f-42f5-8cef-e2a0aee6b137,2021,87396,2016,2017,3
7f3af9e3-ebb7-4e9c-ae34-2fc95e0fbb37,2021,99820,2016,2018,4
736cf908-568c-4172-b8d4-2142a1a1f81b,2021,1270596,2016,2017,1
f7658972-3af5-4a67-a19c-6252ef481b59,2021,73140,2016,2017,4
573512dd-1e35-4368-b2d1-ee8b6e8d1335,2021,37862,2016,2017,1
22245d81-6926-48ce-92a7-cf2bcbe0149d,2021,94762,2016,2020,4
d8b0eee7-958e-441e-8450-545b865a79cb,2021,48205,2016,2017,1
aac6ff55-f97d-4bef-a7c4-0d7d5fe9856e,2021,106167,2016,2017,1
273cd7e3-701c-47e2-9d35-902a1e2569f5,2021,88084,2016,2017,1
ee71a58a-c51a-428a-870e-95cf0c1521bc,2021,56172,2016,2020,4
3a727bcb-159d-4a04-aa34-59db03194b56,2021,37862,2016,2017,1
689f9abb-0afc-44e8-abb5-cffd2f6d12e1,2021,1270596,2016,2017,1
6234d9b0-b6b6-4af1-9c54-eac7f216aac3,2021,18683,2016,2016,2
8f3394a7-a108-4af1-ba04-861abea45833,2021,104360,2016,2017,4
8ed8c989-2642-4da7-b290-55ab7d252d15,2021,55777,2016,2017,4
96817eef-2cfa-44a5-b938-fffdfa5b6dec,2021,101942,2016,2017,2
3bb7f653-3816-42fa-90d4-887d118fe82d,2021,50082,2016,2017,4
bf171a76-fcf7-4ae5-b829-449d8e645a57,2021,22047,2016,2017,4
88eb434b-c1d6-4b55-8a73-051d06f790db,2021,1376131,2016,2017,4
47de2369-9831-413d-89f6-079f9d8a1a5b,2021,106167,2016,2017,1
04823a82-e8ee-49c7-ab3e-ba5005c7a4d8,2021,1306689,2016,2018,1
7f113263-5ad7-4f09-afb0-8b409093b7e6,2021,97778,2016,2017,3
7aa26dcd-7fbb-4366-83bc-9efd8f3b6d17,2021,11730,2016,2017,1
7e77fcfb-1330-48fe-b42c-167ac8cdd45e,2021,88084,2016,2017,4
df03b2a4-3551-44aa-9a34-4796f1728940,2021,1300429,2016,2017,3
285c0dfd-8d6c-4921-a9b5-2b5ed248d583,2021,43664,2016,2017,1
9f6dc497-fcf9-4954-890a-8eeeb8133944,2021,9414,2016,2017,4
991aff99-5477-4316-80b9-526c4ddc7bf3,2021,11730,2016,2017,1
dd3925ae-72c5-45b5-b374-041a1918b30b,2021,114616,2016,2017,4
7eb83e36-34ac-4e62-8017-45dd3d1df3db,2021,1306689,2016,2018,1
f8c9154a-4a6b-4e62-86ce-669fe777593e,2021,968,2016,2017,4
3efe02cb-5384-4ef6-af66-6e200ec9a1b7,2021,1258063,2016,2019,4
b620f3e8-780d-4ed7-aae1-00b5b9e2de6b,2021,968,2016,2017,2
b48cf05a-cca8-4908-a44d-913e52fbbf59,2021,513,2016,2017,1
d0284d5c-a1cf-4bd4-836e-f84d4231da24,2021,1427745,2016,2019,4
0b0d801f-07af-435c-a229-45097248f8a7,2021,95175,2016,2018,4
b1003075-a43a-43d0-a054-8243b6890bc5,2021,98764,2016,2018,4
98c76338-ceb8-4e69-b351-d18173e6a06d,2021,55777,2016,2017,4
a750280a-14b8-4f51-83b2-7f9a6080bece,2021,1270596,2016,2017,1
f2eb2e12-54c1-4679-b468-7b623731ba46,2021,1322665,2016,2017,4
36e92a4b-8e1b-4d74-a3db-8faed9e7098b,2021,5000135,2016,2017,4
deae7268-4539-4ff4-ad86-1ff2fb147ea4,2021,94762,2016,2018,1
7b2bf998-52fc-4edf-a0d3-1e834c298d94,2021,1187671,2016,2016,3
dd35ec7c-83ff-402e-8782-fde37e710ef1,2021,41238,2016,2017,3
dbcfecf1-bf65-4ab5-8271-f79d084e5112,2021,1314243,2016,2016,2
c8742399-0ebe-462e-92e4-942a86750118,2021,106996,2016,2018,4
311b4d7d-bf20-41c3-8d00-c64fc30b7e3d,2021,1376131,2016,2017,4
ad5e2bf8-c77c-4fd6-ac8f-75dbd6711675,2021,101942,2016,2016,2
cea07c16-770b-4515-960f-b86216d339a3,2021,1385488,2016,2017,4
9762131f-b622-4689-94ea-cb914baed751,2021,106167,2016,2017,1
5c4623f0-2ca7-4614-be1e-55f70efd96ee,2021,1385942,2016,2017,1
3299f465-bbc1-40e6-860a-fb6fe866ff65,2021,13401,2016,2017,3
71018b6b-7815-4c36-a26b-799e7b93c3a4,2021,18683,2016,2016,2
e8e9f370-ed3d-4dc4-b043-25412d27855e,2021,97778,2016,2017,3
deee60cb-b9b0-4192-bc77-d334c71e580a,2021,968,2016,2017,4
f2e3edea-28eb-447c-ae2b-3b8ddb4e3974,2021,104360,2016,2017,4
a27ad2a6-45c8-44c9-ab3d-9c2c72023075,2021,106996,2016,2018,4
98029315-bf51-4e13-bd97-74742f1e7b7a,2021,46377,2016,2017,4
891aa2ca-a8f9-4e56-8b81-1d17d89c43ec,2021,108660,2016,2017,3
372e06bb-1800-453d-b66b-b3e338bba710,2021,1148708,2016,2017,4
0bd1b65c-9ead-42ce-a8c9-1ded8bf28bc3,2021,18683,2016,2017,2
378950d3-1adf-4b4a-b78d-accc2131456e,2021,1148708,2016,2017,4
56e030c0-699b-4276-9996-1888c268c456,2021,18903,2016,2017,4
f47594af-33b0-441f-b77c-a35aa30e969b,2021,1136142,2016,2017,3
26221dbf-9356-4a17-bb2f-2b6aa0187dd7,2021,37862,2016,2017,4
df14d745-256e-44e8-a1c7-ff942400ba24,2021,968,2016,2018,2
3a8be35a-ecc8-4b3f-b5fd-49f8ff777899,2021,513,2016,2017,1
ae7ea2a8-e7bf-468f-9fb4-5c85c063e160,2021,17898,2016,2018,4
b84dbac3-6a5c-4a26-8322-6f487a4a6db0,2021,1101244,2016,2017,4
7e469f45-ebbc-40cb-ac90-76ccd980d19d,2021,13401,2016,2017,3
ee6f3da7-2ab2-42d8-baef-0e5e16d61ada,2021,41238,2016,2016,3
af7325f0-1fb6-420d-9b42-311ac58cd512,2021,1166783,2016,2017,3
0291a02c-c216-4996-a5e6-4e0ea5f5626f,2021,18558,2016,2017,3
9d329562-adcb-480d-ab7e-107d1a43f689,2021,106996,2016,2018,4
06c9b4df-702e-4435-9a23-24f2dd7faf7a,2021,13595,2016,2017,3
1343c2f1-d57e-4a32-9e53-645d7769505e,2021,19042,2016,2017,1
17e9c3cd-9fab-479d-8eb4-ac7df9ae7f67,2021,317,2016,2017,2
91adf345-962b-477b-a676-5375033675d6,2021,1300284,2016,2017,4
362951d8-c49b-45b5-9392-2b2a3711f88d,2021,2209,2016,2016,1
e5ace6d5-aa02-4b5d-a7c4-96df7f537123,2021,101942,2016,2018,2
6ceee9b4-1615-491b-bbfb-abb724dfc752,2021,106996,2016,2018,4
d36d5025-85c5-4561-8e24-963f4fb01af9,2021,317,2016,2017,2
0b46f4df-a753-4f34-844d-a8a255536f3c,2021,1204325,2016,2017,4
224b0cdf-df36-4171-a335-957db72f7021,2021,1314243,2016,2017,2
0fa931dc-bbfd-4be6-b88d-76cdff1dfc98,2021,5000135,2016,2017,4
9899db17-46e0-475a-813c-83554ab7d1aa,2021,19047,2016,2018,4
63a67627-2f3b-4525-906e-9349003d5590,2021,513,2016,2017,1
727a6ea3-b40f-4d8a-9f88-6dbacbd3e100,2021,21464,2016,2017,4
49406ac8-d600-4931-946a-064e88ed2eb3,2021,1385488,2016,2017,4
563c2624-408e-4762-9a97-f3170c64783b,2021,1136142,2016,2017,3
1e57857a-2bd5-442d-95cb-3f0cb58bb050,2021,1270596,2016,2017,1
a866ec01-d2f9-4c15-b0a7-31dd00fb9d29,2021,5000143,2016,2017,3
11d8e48c-1972-4822-b5d8-909ee471bceb,2021,1306689,2016,2017,4
cb25f272-5a86-4a33-ab82-ee146f914660,2021,106996,2016,2018,4
f4ae9733-afdf-4013-ba8e-d8ff9d7890c0,2021,107360,2016,2017,3
c977c2da-77e5-43ae-bc54-e1a842193a62,2021,11554,2016,2017,3
2c32eb43-c46e-4fa3-af06-1b71966187e3,2021,13980,2016,2017,1
846f9752-2ec4-4462-9655-67a3889c893b,2021,73140,2016,2017,4
caebefbb-762b-419a-bb1f-42575fed0947,2021,88084,2016,2017,1
59c84afd-1ce1-4aa0-8e0a-fc251e6e9733,2021,118994,2016,2017,4
5d1f3f28-c191-47db-81d9-efa70caca608,2021,1314243,2016,2017,2
a5eb6903-b051-4698-9627-5bca1290fc1d,2021,1306689,2016,2018,1
322a3915-07f5-4e1b-ae0e-f53535b6eb68,2021,88084,2016,2017,1
e4fc6871-05d8-4d7f-a639-1198b7f4b733,2021,1427745,2016,2017,4
e9edb7e4-05a0-44b2-889c-1e296806a088,2021,21464,2016,2017,4
93901072-fc3c-45d3-a1df-2f05bdfee149,2021,62484,2016,2017,1
5a2dc950-24d6-4ade-86c9-bca3b129f14b,2021,1376131,2016,2017,4
25d39fd2-4436-4ca0-a420-5b84f69f775c,2021,98665,2016,2018,3
6fd83267-9bea-4ccd-8045-34374b3dbb29,2021,106167,2016,2017,1
d1288573-ccf7-4ff6-b648-e52cd80bb3c1,2021,1108692,2016,2017,4
2cf84f00-3fb6-4e7e-bd37-c9aed34816d6,2021,54934,2016,2017,4
ab403a25-318b-4022-b716-3e493a4da38a,2021,1288839,2016,2016,4
52e6e6e8-d62a-434d-b4dc-2511b61691ae,2021,20030,2016,2018,4
1c7e89cc-ab8b-447f-b3ae-698d4d60d7d3,2021,1427745,2016,2018,4
95a55dba-cf0b-4911-9665-cdce8c47db55,2021,58808,2016,2018,4
7014ef13-6563-4065-a2a8-95428a9ab137,2021,968,2016,2017,4
983be45a-391d-4f69-93b1-a92cbea7b389,2021,20030,2016,2017,4
d11e873f-371f-409e-aec3-ef8ead8bbcd5,2021,18558,2016,2017,3
aaa6ddfc-1d68-4582-a051-afe7862808ec,2021,88084,2016,2017,4
b53d83bf-7e24-492a-80bb-480b4ac441f3,2021,1267543,2016,2017,4
16ebb6a4-c4a0-4cbb-9197-86721a3407fb,2021,13595,2016,2017,3
9798e2ee-eeed-43ed-ab73-c587f13dbd19,2021,106167,2016,2017,1
8d05e8b7-e489-40fc-a85b-ea67cc56e75c,2021,2209,2016,2017,1
cf4d6163-6d64-4551-8dcc-d3634d49b4dd,2021,112086,2016,2017,4
1988fbe7-484b-4d51-bc71-19bb1dd35dd5,2021,20030,2016,2018,4
8764d0c6-9f19-4b08-a05b-4c64d90ff29a,2021,95175,2016,2018,4
9af0419d-2137-4790-8f76-7a161bc75087,2021,55402,2016,2017,4
ca6a7bca-80b0-4929-9a50-9ebb8c2a75fb,2021,19047,2016,2017,4
f119222f-6a00-4cef-82ca-461cdc2ba608,2021,1385942,2016,2017,1
4e8d8498-d999-4e0a-a0c4-baa250efe6b4,2021,1269545,2016,2017,3
47c43f4a-fcb2-478e-b428-9dc131499dc2,2021,55777,2016,2017,4
7101b028-5e41-4b90-892c-78f1f1a475c0,2021,95175,2016,2018,4
f601dd82-e985-4016-9e60-864d36ef89f9,2021,98595,2016,2019,4
f9e31673-e44a-446e-9bec-156654085372,2021,107422,2016,2018,4
51798ba5-b257-40ef-838b-cc0288df4fb5,2021,107422,2016,2018,4
439b9927-42b9-4cd5-a020-11d0bc0cf75b,2021,20933,2016,2017,3
fbadc0c1-99fe-47a7-89a9-0646424899b8,2021,1385488,2016,2017,4
1959c809-f9cd-40dc-a5f6-53f10a0071de,2021,18683,2016,2017,2
12ce2c51-bb1b-4701-aa98-9e8569b71687,2021,18559,2016,2017,3
55e5482f-cdd1-4624-b157-3a2f31459696,2021,88084,2016,2017,1
dd9cc531-592c-4caf-bfbd-994d352b8ecf,2021,37862,2016,2017,1
2ecb0040-399f-47dd-9b65-cbcd64ef8f1d,2021,106996,2016,2018,4
1837bb88-7f9f-4da4-b25b-8a9c2b7d5625,2021,106167,2016,2017,1
7c9174d1-6c06-4e58-81a2-593a67a697c4,2021,53333,2016,2017,4
f8eca96f-9ffe-4657-b2c6-2524bb0ecf00,2021,1203177,2016,2018,4
af6acd78-5465-4f5e-b91b-b8796c32ff4c,2021,95175,2016,2018,4
f137680d-f34a-40a2-bb73-4c9b09bac88a,2021,1181115,2016,2017,2
d436f9f1-3bee-4cbf-a7b7-516a9f87d3ab,2021,2209,2016,2017,1
5e178ff0-f480-40cb-b6b4-f9fbf72cdedd,2021,98595,2016,2018,4
413a03ae-51f8-4679-8757-12bfbae7f131,2021,20239,2016,2017,3
ff14e14e-5bf0-466a-834c-7ff4563676b5,2021,102590,2016,2017,1
d886914b-8a89-43c5-a67c-035fa4fedd59,2021,95175,2016,2017,4
8279942d-6055-4bfb-8078-0e20e6f7de04,2021,9440,2016,2017,4
8144d356-59b4-44c4-822d-ab762e9583df,2021,1032473,2016,2017,4
3125102a-f346-4472-b85d-c6c25181c0cf,2021,53333,2016,2018,4
1f4b4ba4-81ae-462b-a0cd-23d4047cb83c,2021,107360,2016,2017,3
adef2e78-6f51-41a2-94a6-dec17fde5da5,2021,99820,2016,2017,4
0f0db85b-532f-4edb-ac29-51f4498b471c,2021,1108692,2016,2018,4
aaf5b0c8-17bb-47a3-9ea6-dedeba2b3378,2021,101942,2016,2017,2
bc8cf8d6-f9d4-4621-824b-aa9fa421452d,2021,968,2016,2018,4
dbd5ae22-4e20-4cb8-a1f7-5a1d5093a8f8,2021,106167,2016,2017,1
859d7d56-4bef-44a4-a72d-081582e26b91,2021,1351760,2016,2018,4
e6281e5f-6ac1-4a59-9707-04e611d8bb45,2021,116770,2016,2017,3
bd121d9b-9382-4325-9289-60def7148572,2021,1322665,2016,2017,4
e7d46525-e953-4cb5-a257-4359b4c934f7,2021,13980,2016,2017,1
984f7a64-487e-4f86-be91-deac5f6fee0d,2021,57612,2016,2017,4
2ae60c82-9457-45f6-b1be-2a605a3bafd4,2021,1269545,2016,2017,3
4648913b-8b5a-4fee-aa60-9f55ff2a6ab3,2021,1181115,2016,2017,2
3c0f2606-bb29-4c10-8b86-b0e423d44204,2021,18683,2016,2017,2
e4f33fb9-4e89-4ce1-897a-e899a3fd7ae9,2021,47051,2016,2017,4
166b6e31-33db-4db8-abfd-2f76306cdd68,2021,19047,2016,2018,4
f13d8a64-6f3f-4e15-82e4-f54e9d56c4b6,2021,47069,2016,2017,4
8a7c3f25-70e9-4327-b24a-e1cbdb16b28d,2021,116770,2016,2017,3
ff969857-3ceb-4f3c-8043-d50a76025241,2021,116770,2016,2017,3
bdd31a49-6260-48a2-9d4f-9e833681ae5c,2021,13980,2016,2017,1
a64f6d76-862a-4836-93c8-b86782305bab,2021,18559,2016,2017,3
fa06db43-9dd0-4565-806e-d655038a53aa,2021,51020,2016,2017,4
d1907785-cb10-4327-b1ea-bcedd98f5e08,2021,40343,2016,2017,4
c9c01e4b-e6a5-4e2e-a1be-36a23aa4ce06,2021,18559,2016,2017,3
f973e633-b10d-4d5d-811d-64c5071b5d7e,2021,1265453,2016,2017,3
75d5bfa9-dc1e-44ed-9611-d774e72b766e,2021,1136142,2016,2017,3
daef075b-99b0-4aae-b565-e12c9513f9c3,2021,56172,2016,2018,1
ef7ed4b8-1744-48f5-beb1-8f392eaa4ec3,2021,98595,2016,2018,1
8eb30238-e976-43e8-a34c-b1b394c85677,2021,97778,2016,2017,3
92cb44b6-a5b4-4d7d-9015-fb5125e04099,2021,1269545,2016,2017,3
421592e9-3e08-4295-8e03-d9f8b710ac3f,2021,20239,2016,2017,3
e9e805f3-9065-49fc-9f85-d07a1ff66bbe,2021,64664,2016,2018,1
2b2885ca-01b6-49da-bfef-6c3e6389f7b4,2021,97778,2016,2017,3
92447b24-395c-4877-a843-1847484565b9,2021,1136142,2016,2017,3
92caf6a7-66b7-4ec2-be61-b6108f837cbc,2021,106996,2016,2020,4
87d61c0f-de42-4aba-934b-43f12c61467a,2021,20239,2016,2017,3
c3ca7030-23fc-4bee-b1f7-0917648a9187,2021,19047,2016,2017,4
da0b565f-367e-4def-89eb-f601d90b57de,2021,55777,2016,2017,4
8e6f753e-6a3a-4b1e-80a0-9f711d5401ca,2021,1148708,2016,2017,4
7acacf66-f614-4c96-8472-5cdb29fd896c,2021,19047,2016,2017,4
70fb6738-56cd-42bc-baad-78d1dc96476d,2021,94762,2016,2018,4
3cf8debd-a0e0-4653-874e-3ad3fce57407,2021,20933,2016,2018,3
d1bfeb48-0ba4-4009-a799-7b0160d71d75,2021,107422,2016,2017,4
03d5a003-54b8-46c2-8c13-98f9ab3750f1,2021,101942,2016,2017,2
7c1dc97e-a796-4fb3-877e-12520e4ab31c,2021,19047,2016,2018,4
4a9e681e-539d-4bd5-b34a-7727d9eb35c5,2021,37862,2016,2017,1
54c5f3a8-dc6e-4520-8c72-e336941793f6,2021,1385942,2016,2017,1
0055ed9b-daef-44d1-a89e-f9bbd8c7cd48,2021,40343,2016,2017,4
c24ece56-be5a-41e3-ad08-745fec8be100,2021,18584,2016,2016,3
cd3c4215-afde-4508-8151-5da83a8f80fd,2021,67092,2016,2017,4
de3bc955-29e0-413a-aef5-f97aeed8fa9e,2021,1314243,2016,2017,2
cf13df5b-3861-4c4a-ae61-b03155515609,2021,13401,2016,2017,3
8ae98eeb-b646-4f21-882f-2133729ca3ce,2021,18671,2016,2016,1
dbabd8fb-80f1-4137-ab74-7181fc5b0146,2021,19047,2016,2017,4
136562bc-dee3-4d6f-b474-49c039f6c05b,2021,88084,2016,2017,4
f979f206-2d39-4c9f-9b13-4472fd9bd12f,2021,53331,2016,2018,4
d35e9c37-87d8-43f1-9316-625a3bd2103d,2021,94762,2016,2020,1
55dd1a4f-4255-423d-befb-89941c7aba33,2021,1300429,2016,2017,3
0e2b0ee4-fb73-45fd-8364-ee378b0aa69c,2021,1322390,2016,2018,4
88eed129-ec66-4073-bbdd-a465741eeebb,2021,317,2016,2017,2
f246451d-df8d-4c62-a9b9-62357938778e,2021,20933,2016,2017,3
c1a693ac-7e5d-4389-8195-b7be5ca6ce64,2021,55402,2016,2018,4
fa5c0004-4c15-4772-bced-f94768c21e11,2021,73140,2016,2017,4
85336d82-b474-4ac2-a642-063c2ecc8cc8,2021,513,2016,2017,1
05943ced-e0b4-4590-99a1-c6a14f8207a8,2021,99820,2016,2019,4
9bf02802-4e63-4376-86e7-bfa90b58cfe6,2021,1258063,2016,2019,4
108be899-4540-430c-ad5d-3d66c3386a3f,2021,13401,2016,2018,3
e5447bee-5d85-4e16-8f42-ff701d1f3140,2021,107920,2016,2017,1
c04c9627-5a42-4c5a-8dcd-3e9dd14e244d,2021,968,2016,2018,2
a0646ea5-1df7-44ef-99ff-befd6494c281,2021,62484,2016,2017,1
a894e9d6-ef34-4e4e-af1d-ab947dfce287,2021,18584,2016,2017,3
78c093f4-967b-4ad4-8aac-135094e70b2e,2021,11730,2016,2017,1
07f964c3-b9bd-4eaf-a1fc-643938a3ba6e,2021,18903,2016,2018,4
a3742328-3ea4-4903-ae62-e9e4f37a937f,2021,55402,2016,2018,4
8a386c5a-fcd9-457d-b87d-ae6bfa07b961,2021,62484,2016,2017,1
d05372a9-1611-4cac-a4ad-f1096f598cda,2021,20239,2016,2017,3
17e8d4a5-8494-4115-9cef-558a5300a19c,2021,88084,2016,2018,1
e2cff66a-c7df-4802-b14d-3d2387383597,2021,47069,2016,2017,1
66fa414b-65ae-44a8-84e1-278b2433b940,2021,318882,2016,2017,3
7ccec577-dbce-41bc-89b1-b17e2fa8d8f8,2021,47505,2016,2018,4
0df39eb0-3b6f-46e6-b926-bb4245e9176a,2021,62484,2016,2017,1
41a31d31-fdc5-4704-bfba-1585118c37a4,2021,9414,2016,2017,4
8bb831c4-373b-413c-b4be-554f3066285a,2021,40343,2016,2019,4
03478903-9ffe-42a9-b77d-9e7ea067bd99,2021,108660,2016,2017,3
4d613c73-7ce8-41ab-bb90-97e4c25166a8,2021,101942,2016,2017,2
9253d349-9e1b-4e38-86d3-8d3fb83ec13d,2021,90030,2016,2017,4
db5ae9ac-7841-47de-9611-77b062923549,2021,1139692,2016,2016,1
aafa7602-d974-459e-90ba-dd26ea6c0695,2021,43664,2016,2017,4
b7912d6d-c33c-45c9-aa3e-998ddd86fe4c,2021,101942,2016,2016,2
94c1ff21-7fdd-4557-959b-ae5eb043057e,2021,86326,2016,2017,4
51723c9f-d167-4029-853e-4a96a2398b13,2021,107360,2016,2017,3
1b99d4b6-8d25-44d4-8d3c-990232f18d5c,2021,1300429,2016,2017,3
8a7ad354-f109-427f-91fe-5e2effedd6d3,2021,1288002,2016,2018,3
80e1ba60-4313-4ce5-b09e-66e24c26f12c,2021,41238,2016,2016,3
d6c10b39-ba35-4b0c-8510-2aadc3931605,2021,1427745,2016,2017,4
95f084cf-e101-4524-99be-483f63712315,2021,67092,2016,2017,4
4a1c826e-6995-41f4-aade-6a379adad0b8,2021,1376181,2016,2017,4
ad4152d5-4c91-4a9f-aa53-fa16dd6385ff,2021,5000143,2016,2017,3
999ba178-3de6-4e3c-b3b3-b7e902c8e96b,2021,67601,2016,2019,4
808cb9d6-3030-4c66-9387-818898234f1e,2021,2209,2016,2016,1
5aa82997-5714-4b28-867b-7cb27312f6f2,2021,9440,2016,2017,4
13206ab8-f04f-45b5-874a-80ffbc037e75,2021,1300429,2016,2017,3
64a1b588-869e-4bfc-bc74-748432a158e5,2021,1376181,2016,2018,4
491065d9-67f3-40c7-a3af-66fe9eadd6df,2021,95017,2016,2016,1
3dca8454-a3e3-4e19-8855-81d41be18e92,2021,18558,2016,2016,3
b18e0688-2593-4ee3-8c6b-d194ff1b58c5,2021,98013,2016,2017,4
486540f4-48a1-4d34-8a73-a7e234fa87c3,2021,1118057,2016,2017,4
ea881959-458a-4359-ad91-e6f87ea86dac,2021,1322390,2016,2017,4
bd6208d3-6307-4f12-91e4-851890f1a054,2021,104360,2016,2017,4
3b1b00e0-f417-4fce-a02e-5f437f87b515,2021,83388,2016,2019,4
8a29caa5-471c-4317-973c-9c6f50f067d4,2021,106167,2016,2017,1
954a07cc-ff4d-4396-9706-c92e05e182ac,2021,106167,2016,2017,1
6134984c-fe52-4933-af97-25754be8911f,2021,1161716,2016,2019,4
66889a91-6c08-4323-82d6-3ceac2874045,2021,13595,2016,2017,3
537f3a40-7b7c-48d8-9ffd-8fa4582d7239,2021,97443,2016,2017,4
312361e7-e50e-4747-bcd8-97653768136d,2021,54934,2016,2017,4
ede2bc75-c225-42ea-b085-d2f70f1056c9,2021,41238,2016,2016,3
8a86dee2-493b-4708-9d18-4734648b036e,2021,1136142,2016,2017,3
90a44818-3e32-4f4b-9527-03f7014296c3,2021,64664,2016,2017,4
f21e1afa-d041-43d6-8de3-9ea793ee616f,2021,54934,2016,2017,4
9dec40f4-7f85-4afb-a3e7-44d5b3c716e0,2021,11452,2016,2017,2
65c0b12d-a55b-42d9-a724-8152d9220908,2021,11452,2016,2017,2
e45bf683-26d0-458e-bf40-951651d033b3,2021,97778,2016,2017,3
f1b3489c-aedf-4ab2-ad3f-19d6cf6a6b33,2021,20239,2016,2017,3
a5418120-4da0-484d-a612-3dab8d66ef9f,2021,317,2016,2016,2
ac6a0230-b726-47e5-b5b9-77c9039cded6,2021,99820,2016,2018,4
2003c956-9131-4439-bf4c-f3dade49854e,2021,13446,2016,2017,3
e7c0aa4f-b977-4a09-8a09-89e3f602844a,2021,1139692,2016,2016,1
a667dbe6-086c-4b29-bcc1-b014244b508f,2021,317,2016,2017,2
7cba7465-36d9-4517-9600-8a83699a05c6,2021,18584,2016,2016,3
94d7d96e-fbe2-4e3e-99a6-7ee49b4bec33,2021,1385942,2016,2017,1
d0fe5e52-806d-4211-9651-719d01f84a7b,2021,98305,2016,2017,3
6b1cb57c-0726-4608-81a8-b3b12eae78b5,2021,11730,2016,2017,1
2b4fea83-1d52-4c08-9ebe-d72e9fec69da,2021,1181115,2016,2017,2
f1143964-5bd8-46d8-924c-81cbe7e0ea18,2021,317,2016,2017,2
9ce26d6d-b24e-4d2d-910b-d8797fd84c5f,2021,104360,2016,2017,4
53bee7da-9555-4b24-a465-d3a8d546c292,2021,9414,2016,2017,4
cc2ddd9c-3025-470c-81a5-c689288d9dcc,2021,101942,2016,2016,2
bd7af4c7-0c99-4995-b028-2299008e73ba,2021,114616,2016,2018,4
66e5dc83-c770-48c4-9646-a6b67bdc0da7,2021,317,2016,2017,2
1e1bc3f6-f6c5-446f-9ed2-7670a4852312,2021,513,2016,2017,1
f0e1d1ec-9676-459e-9525-58a783838838,2021,98595,2016,2018,4
b7dfeb39-617f-4612-97b0-92010afdceec,2021,64664,2016,2017,4
cd1135eb-b628-4310-83a1-fc9f68c43f8d,2021,97443,2016,2017,4
182b0b92-99ac-4c66-aaa3-f9f59579351e,2021,11452,2016,2017,2
404a9c4e-f400-45c1-b47e-66c422fde580,2021,1265453,2016,2016,3
20753bac-e66d-4867-b030-10c8f8536df3,2021,1283028,2016,2017,4
056a2668-3af9-4739-a85e-a73915a31a65,2021,2209,2016,2017,1
00a2fcdf-3ec8-4b5d-a593-a4c3b7c6bc10,2021,2209,2016,2017,1
909e2abd-f684-4636-98fb-e2a4f5c869ad,2021,99820,2016,2018,4
24da9cfb-8dfa-4767-97e4-ea46bfe26e79,2021,1330347,2016,2017,3
0942e82d-72cc-4666-a077-592592b7281f,2021,48205,2016,2017,4
3b53f200-d67f-42aa-a9ea-144995c5ffa2,2021,513,2016,2017,1
7b6bdc41-3acb-4512-b992-82a1a77fff31,2021,99406,2016,2017,4
6db028a2-a275-490f-b887-c03814da6656,2021,11452,2016,2017,2
8ebf0108-db0d-4372-94eb-cf167cb49cc4,2021,1379275,2016,2017,2
cb7623f1-efbf-4781-9fd8-e01ae5733d90,2021,1136142,2016,2017,3
7b59d735-5c67-438f-bcce-b08fc92f417c,2021,1102628,2016,2017,2
be3d4774-d496-44c1-bb54-fee13cd8f427,2021,18558,2016,2017,3
0f9149b5-7a54-470d-b723-85069a430fd2,2021,18903,2016,2018,4
04db7f41-972e-4ed0-a5b4-7ba6f5a25a68,2021,41238,2016,2017,3
fc58ce46-1ce1-4236-92f4-0928672c64a4,2021,1117717,2016,2017,4
c46389e2-5dd0-4f52-8e7b-c3073ada5914,2021,1288002,2016,2018,3
758490b0-cb48-4b63-b288-80a700dc5045,2021,53333,2016,2018,4
cdf391f1-ac59-4437-8deb-fb2134d6766c,2021,62484,2016,2018,1
544fec29-4b8c-46c9-a897-01351d4f50d7,2021,97778,2016,2017,3
6f307b77-a5d2-4ee9-a6fb-0bf402716045,2021,13980,2016,2017,1
05c9cf2f-8987-4124-ae3f-d7d055298b81,2021,18671,2016,2016,1
2add1b59-7d15-451c-a359-f9919ced6d4f,2021,73140,2016,2017,4
f912c25b-9680-4a3a-9126-e4e968b6dc90,2021,1136142,2016,2017,3
c5b1dede-d5dc-4cef-9fc6-f47119c507fa,2021,97778,2016,2017,3
b0560bc8-6712-4197-863f-92936e2c553c,2021,98595,2016,2018,4
fb02c42f-e1c6-4c37-938c-686759ddae01,2021,1318224,2016,2018,4
b744e993-dcea-413d-a8ef-e07a85692c9b,2021,13446,2016,2017,3
a96b48a9-739a-467d-b59d-e72bfb497e6d,2021,97778,2016,2016,3
5bad2e58-3ad7-4da3-b231-74c26bbfae95,2021,13401,2016,2017,3
eb1ee6f5-a765-415d-b83a-c0752478323e,2021,13401,2016,2016,3
c34609d6-d8e7-4c01-a43f-59655f3d9a5e,2021,13595,2016,2017,3
1f13febe-788b-4e83-8302-dfbfc71a732f,2021,5000135,2016,2017,4
0f827190-97c5-47b7-881f-681466c06bf1,2021,513,2016,2017,3
acf04eb7-a315-461b-ace6-b8a8d3f8dc45,2021,118468,2016,2017,4
458caaa0-e14b-493d-a883-f4ffd3cb91b6,2021,95017,2016,2017,1
7732c9d0-0b49-4015-bd3e-8fea0a1542bb,2021,102590,2016,2017,1
bb0db3a8-1688-4954-8e82-9fd7bca05daa,2021,104360,2016,2017,4
4fa62e7d-02df-42e6-ba46-1ba8a4b24410,2021,106167,2016,2017,1
41ffc3ff-20b7-4dcb-af32-cf8b4b95e035,2021,18584,2016,2017,3
df35f5cd-fd6d-41d1-b222-05624df9c3ac,2021,20030,2016,2020,4
51a22c47-e2d2-43f8-8a04-13cfc5e910f2,2021,18559,2016,2017,3
fbb56d37-3e23-473e-a756-9f3bb37874bf,2021,20030,2016,2017,4
b7642277-db56-4fa4-92e6-b9531a15e888,2021,13401,2016,2018,3
eafbbf76-e4e2-4ed0-b710-7caa067d3852,2021,1161716,2016,2017,4
4c8b5dc5-8471-46da-8760-2322a9478ed3,2021,55402,2016,2017,4
84824efb-59c3-4b40-aedf-991a954e9222,2021,13595,2016,2017,3
1bc13a52-f450-4fb9-b723-5e7ff6ca5b2f,2021,107360,2016,2017,3
1bdd3af0-def2-4ed9-846d-a21122ad2c41,2021,107360,2016,2017,3
f3463415-fbfa-412a-9e58-086146d33b69,2021,13401,2016,2018,3
5d638774-99bc-44ab-9177-d3346ed26360,2021,57612,2016,2017,4
1a9a1d8f-f5a8-4030-89ab-98adf8bc2aba,2021,1379275,2016,2017,2
a248b935-99aa-4b03-b418-c135e4e9dbb4,2021,1269545,2016,2017,3
546aafdd-c852-459a-9953-11425ceb6332,2021,118468,2016,2017,4
f503e034-7363-4783-8e22-9c08ee077d65,2021,13980,2016,2017,1
f51cb31e-3516-483e-b83c-3009b6c4489d,2021,13980,2016,2017,1
c5b35c2f-9c96-415f-aa00-dc563300ceab,2021,1136142,2016,2017,3
ff14feaf-6e7e-4539-b8be-1f920083109a,2021,1272079,2016,2017,3
6d58313d-7148-4782-a40a-1d6839c2e91f,2021,98595,2016,2017,4
d399cdd9-e4b5-4588-836c-8b5523b2ba69,2021,40343,2016,2017,4
a7c95298-cc37-4692-a3b5-e4231025dea7,2021,18559,2016,2017,3
95637792-128b-4e20-b1ab-54e8357b97f8,2021,98595,2016,2018,1
f1cce33e-6b6f-43d6-843c-65081bdd515e,2021,20030,2016,2017,4
2906b5df-b5a9-47e5-ad24-1200490a5c67,2021,1403879,2016,2018,1
b137d4f2-4f4a-4164-baf1-fdb9f49c018d,2021,968,2016,2017,2
b1530c33-6516-4b94-b00b-9f93676109f3,2021,62484,2016,2017,1
6acfa193-a145-445d-ab7e-b44056e0c7da,2021,13446,2016,2017,3
67a11c1e-f120-4e75-9fd5-88a8bdff0d68,2021,1288002,2016,2018,3
98612b1d-4a4d-46cc-b02d-13824aec1031,2021,95017,2016,2016,1
2eb9ae36-ade5-4744-aa52-3c20b998d843,2021,107360,2016,2017,3
40ffe2b5-e67b-4911-82a5-877cbe605595,2021,11730,2016,2017,1
ce0eb079-e056-4d15-83a9-1be19973dafb,2021,19047,2016,2018,4
a7d0d1e9-b583-41b0-83aa-4b9dcb4c04aa,2021,13980,2016,2017,1
e210641a-2d39-4daf-98d1-3a005d9b6b55,2021,1379275,2016,2017,2
7c2d47bc-505f-4628-9fc6-266dfbbc051d,2021,98305,2016,2017,3
beff145c-a234-4943-9a77-7cd7452c91f2,2021,1270596,2016,2017,1
133d470a-74fb-4739-a99f-6b54cbcb0b5e,2021,5000135,2016,2017,4
837617ae-9bc5-4aea-9e3a-65106934e367,2021,118420,2016,2015,1
b38d5dc0-546f-4b81-987a-a69f60409f45,2021,20030,2016,2018,4
4ab2182e-73a5-4418-bee2-22f89f045365,2021,5000135,2016,2017,4
aeceac3c-866a-4196-9445-f097b9006108,2021,55777,2016,2016,4
65c71166-212e-4ead-923b-9b51fad91e5f,2021,513,2016,2017,1
c297b8bd-be16-42d0-9ef4-fd7f3992f846,2021,94762,2016,2020,1
42ee2035-45d9-4534-9c1a-8035d7aca893,2021,87396,2016,2017,1
3d24d2f0-c840-419b-be8a-4f53a89e4f10,2021,13401,2016,2017,3
ac2a4ddf-9e4e-41e2-bee1-843da6961969,2021,1136142,2016,2017,3
7d1db161-8b0a-4bbc-800c-55764ae00ea5,2021,117022,2016,2017,4
eef5dd6e-752c-4e35-9285-410c70d3b490,2021,113687,2016,2017,3
5edd0b87-5c34-456a-ae22-64f1745c18a9,2021,1101244,2016,2016,4
d463ebec-eee0-487a-9c8c-8d01bb2921e9,2021,1190071,2016,2017,3
e0a30d94-017b-4f61-9241-7b322bf65a0a,2021,1102628,2016,2017,2
c74db082-efda-441a-be65-89a9b767bbc8,2021,13401,2016,2017,3
6d80e609-1dfe-4c6e-a6eb-a89007d0e849,2021,107360,2016,2017,3
3bcb728e-07e5-4f06-aecf-654039a82d13,2021,118420,2016,2017,1
da80495f-2326-4b03-9b43-eec14861de02,2021,48675,2016,2017,4
34aac79e-8f8d-4c11-8654-1a7c13de73b1,2021,62484,2016,2017,1
87a3719f-4faf-4a1a-8ec8-6582145fa1da,2021,98595,2016,2017,4
e1790eb6-65a0-497e-9003-662976696e99,2021,5000135,2016,2017,4
35b6f430-f36e-4101-8262-8e5ebf8307c5,2021,98305,2016,2017,3
e545f36a-cc72-4dd3-a327-95220566db09,2021,2209,2016,2017,1
60770c67-dd49-4ee8-9c24-7614bdb9a699,2021,108660,2016,2017,3
6da86c6f-6618-4a36-80af-47d8f3f226b5,2021,13595,2016,2017,3
9c0afadb-3648-4e1a-893b-7de94c8b3246,2021,9440,2016,2017,4
2ae61c32-1af7-4d80-b9fb-87f3f3dceba8,2021,53342,2016,2018,4
0c4cabdf-18e6-4b87-91b7-8e2f30ca6039,2021,106167,2016,2017,1
cd056551-2eee-48bb-869f-6c0187faf805,2021,13446,2016,2017,3
773238c9-3653-4716-bb38-793b8aa4f3a0,2021,513,2016,2016,1
e0339754-cd43-4d0c-8de0-1959b59de9e0,2021,1385942,2016,2017,1
40d672d0-23dd-4817-8681-ef92a6acb1d3,2021,9440,2016,2017,4
48d1e125-e8e4-4817-8f44-f33a5bd448d3,2021,1101244,2016,2017,4
bd20c3ab-1cdb-4ad3-9271-e18ded37cbbc,2021,13595,2016,2017,3
fec287b2-5714-4c18-8396-7932f97cf009,2021,62484,2016,2017,1
4f113aee-8853-4915-9041-9f84108fff3f,2021,13446,2016,2017,3
46f4eef4-d2e1-4465-afa9-ca48daa1c525,2021,11452,2016,2017,2
c840815e-222c-40f6-ac58-5df4286f7875,2021,1330347,2016,2017,3
a8a111d8-341b-4b4a-a88e-51bca5c96745,2021,317,2016,2017,2
0f0d2ac4-d0e0-492e-a457-7c56d951f1b1,2021,513,2016,2016,1
79ecc13f-cd2b-4183-8f9c-72e6214228d8,2021,95175,2016,2017,4
e64fca5f-0709-4edf-acb7-48183b380a87,2021,317,2016,2019,2
db923bcb-e856-4a92-b85c-9d8af16185d2,2021,11452,2016,2017,2
852606b1-64ed-4378-b719-8a7b4ee0eedc,2021,97443,2016,2017,4
ba18cb4d-0f9a-4404-82d6-dcc85c5453d9,2021,5000135,2016,2017,4
d531535e-a98b-4101-91da-b55d363db256,2021,13595,2016,2017,3
fdccde0b-7f60-4217-8eee-7b81c38d1e7d,2021,5000135,2016,2017,4
5675402f-dd7c-4d56-980d-2f8afa301bf9,2021,13446,2016,2017,3
8cbed60f-3a2d-4d91-8591-ab0573b0a343,2021,99820,2016,2017,4
87669c49-1ab4-43c9-9086-40c00515db3a,2021,62484,2016,2017,1
8dbb0b90-e8b6-4d7c-8b8c-9a32693371fb,2021,13446,2016,2017,3
2648c1d5-1907-4a18-8016-1c6d6c197626,2021,13980,2016,2017,1
ed224893-4fe9-453f-947c-9c423eb9ee5b,2021,99820,2016,2018,4
8f5b5461-6791-4830-8196-9d4ac755aabb,2021,1330347,2016,2017,3
a14cd87c-cc7b-4c94-bf5d-ba9c4a07cada,2021,22047,2016,2019,4
590e61fc-b71a-4cf5-ae2b-a8111b65134e,2021,64664,2016,2017,4
d029ad1e-732f-42f6-bcc7-dd5bc7f7ec34,2021,98013,2016,2018,4
8eae1c38-2b0c-4407-9ae9-6f577babbc9b,2021,1108692,2016,2017,4
14437c45-a599-4417-8aea-d9938923843f,2021,68930,2016,2018,4
9c40ea44-e96c-4b61-8c91-4db5c423e09e,2021,62484,2016,2017,1
c00ab55d-548c-46a6-970c-c3eacd8362cc,2021,12313,2016,2021,3
581ab130-44e9-4cbc-a57f-84e0696a1bdc,2021,317,2016,2017,2
820c27ea-8df6-48d5-a4cd-c5d305c36114,2021,1132918,2016,2017,4
3c38e4e4-2d13-4a97-9ca5-df7c0bec03c6,2021,50082,2016,2017,4
52bc8411-5d1e-46e3-b84f-e0bd48956939,2021,1136142,2016,2017,3
ecf609ef-e214-4586-8e63-5f9763c5215b,2021,1136142,2016,2017,3
c6796d24-f840-4070-9649-d0355d65833d,2021,11554,2016,2017,3
38f38d1b-ef53-4a01-9cff-3ea4b24585b7,2021,13277,2016,2017,3
7b5df8ef-8a9d-4786-9eeb-9e8c043dd6c2,2021,11452,2016,2017,2
8d4a6e79-650e-4456-a28f-55d89cceb193,2021,118420,2016,2017,1
a6533e4a-ab11-4fe6-8b0a-87a36e36bbab,2021,91262,2016,2017,3
0cab7180-222c-4571-998c-5712533e0967,2021,1136142,2016,2017,3
e282257e-3801-49da-be4d-6228547f6354,2021,74737,2016,2018,3
c164d089-8f8b-493b-b24a-ef8b3cfea439,2021,94762,2016,2020,1
2a6deb38-0614-4a26-9938-45fc0afc82d3,2021,13595,2016,2017,3
df794d26-5291-440d-86bd-c288d479e35e,2021,19042,2016,2017,1
58305b88-81f6-4340-b0d2-622efb96e454,2021,1136142,2016,2017,3
8850b189-0f2e-4116-8e24-f9155ce561c2,2021,5000135,2016,2017,4
904e9645-edfb-4232-8b5e-2d3058894e6e,2021,1270596,2016,2017,1
2a099260-0553-41f8-87f6-fc6bd9889113,2021,98595,2016,2018,1
2f6bc696-e65d-4ebc-8e78-0422431636d8,2021,968,2016,2017,2
97e2c255-c625-4839-a4f6-4084e7bbab9f,2021,62484,2016,2017,1
e2c026f4-43f5-4571-bf6e-e3986bfac7a3,2021,1118057,2016,2018,4
31a59f01-d490-4e14-88a0-de6c5a64b954,2021,1102628,2016,2017,2
a1ecdb2f-0279-4533-81cb-2dfaeb8f8bff,2021,12313,2016,2021,3
8b210501-bbcf-4705-8798-3976b7c62fb1,2021,101942,2016,2016,2
86d35905-1cff-425c-9885-0395a4c9db6f,2021,90030,2016,2017,4
7fc79b6d-7199-475c-a762-cad89d819dcf,2021,2209,2016,2017,1
89231523-eeaa-47c2-8c1d-45e120307c5e,2021,13595,2016,2017,3
dff54461-3351-42e4-82fa-77c334b31fe5,2021,20933,2016,2017,3
9bf90784-2f20-4507-89db-0b771ce5168d,2021,13277,2016,2017,3
82fbdb48-be88-4e38-9e3f-34d01fd5bbf2,2021,1270596,2016,2017,1
3721ffab-faca-4725-a117-f74b1a21a4c1,2021,101942,2016,2017,2
e6a92ec3-e6ff-42db-8755-ed66e06c3865,2021,11554,2016,2017,3
70cc4de4-11af-49b4-87be-a79409dafa26,2021,19047,2016,2018,4
04f3dc19-853c-467b-9c79-421e29ba7d96,2021,1102628,2016,2017,2
64bd842f-e39f-4683-ae81-daa35df92506,2021,12313,2016,2020,3
cf210768-7337-4bc5-a6b4-d6c28d23c2b8,2021,11730,2016,2017,1
dfbe7b71-7825-4742-b5a5-c3e5970a25cc,2021,13401,2016,2017,3
e99e687a-6d16-48cc-89c3-650c5e6892e1,2021,513,2016,2017,1
1b7edb6b-bb0f-41bd-b242-b022c86629bd,2021,12313,2016,2021,3
bf005eb8-cb49-474c-a379-cb2ed4f0bfb7,2021,107360,2016,2016,3
f8b53ebb-a86f-4ebc-9ba1-b19091a948d9,2021,1330347,2016,2017,3
329e527d-950b-49ea-aa9f-142f62f94fe1,2021,968,2016,2017,4
8cdbff40-3d7e-4af0-bf55-88ffb1a86966,2021,47069,2016,2017,4
cbe64e9a-d24c-4c15-9dfd-7a92c0df2ad0,2021,95175,2016,2018,4
f2b364b2-625c-4a17-be7a-ef89c71ca7f4,2021,55777,2016,2018,4
822616eb-9717-4221-871c-711a8f0aa373,2021,20239,2016,2017,3
e54e008f-49c7-4c19-9ab5-93f88529ea74,2021,11554,2016,2017,3
509f29ee-f084-4720-bdbf-2bc2ef178ee4,2021,13401,2016,2017,3
eb6cc68b-9488-4385-b471-d495b271c46a,2021,1330347,2016,2017,3
6ac9ab2c-11d9-4383-913e-e42b3063d476,2021,1139692,2016,2018,1
42b293b0-6a28-4ed3-9e9d-acb4eb39c88f,2021,13595,2016,2017,3
621883d9-9230-43c2-a71c-4a6b7b443f89,2021,13595,2016,2017,3
fced49aa-bc70-411a-9ba2-c03fd9dcef7d,2021,317,2016,2017,2
37c93b85-abea-4f1c-b05a-1e095bc57d14,2021,13595,2016,2017,3
75d4a43c-3080-4ce4-b831-779877958061,2021,98595,2016,2017,4
036b3011-8d82-4c61-ae30-fcd0540adf77,2021,11554,2016,2017,3
c70e19e2-e8c8-464c-9b44-47ab6402838f,2021,1270596,2016,2017,1
ba12ba2b-c92a-4129-83a2-7b8a8b0462d4,2021,13595,2016,2017,3
575fd7b0-cbd9-4a84-b1a8-0a2237bd6a45,2021,95017,2016,2017,1
68c8c2f2-0c17-4f7c-9a87-44060a72c348,2021,95017,2016,2017,1
a98d3077-aa24-4f9c-9624-4b8e6e67efc8,2021,2209,2016,2016,1
634a58bf-d1ef-4d35-886e-e7c69fd422cf,2021,13595,2016,2017,3
c29dac20-a2a5-497d-bce0-9aead44cd75b,2021,11554,2016,2017,3
1e12f553-35bc-4b38-a11a-afb98be7f685,2021,13446,2016,2017,3
32a8996f-b937-4b52-b725-d940358783db,2021,1272079,2016,2017,3
fea2a5e9-1807-433d-8d96-1c11b87d8d16,2021,317,2016,2016,2
9ab57aae-32ed-448f-8a29-a1ec6d6e67b6,2021,1300429,2016,2017,3
3c90cc65-d368-402d-ae18-4c16dcdebaed,2021,11730,2016,2017,1
cbea2dc2-d745-438d-8186-b45143ed2af8,2021,13595,2016,2017,3
b71d9118-589b-46d3-b0c7-c3f8d5bd6147,2021,20239,2016,2017,3
d93ff93b-7328-4c7c-a954-50f705f682e3,2021,2209,2016,2017,1
79be0ddb-ca98-4f1a-9953-ba2a840fe4a9,2021,62484,2016,2017,1
9bf00771-8929-4fb3-8cec-8b88b968eba3,2021,13277,2016,2017,3
7bf48788-8d86-40ff-8e00-1737497100d9,2021,49071,2016,2018,4
555ea207-3801-4c3f-b718-da54015e3257,2021,13980,2016,2017,1
5dcabf22-9db5-4af8-8a86-20330c2eb358,2021,20239,2016,2017,3
eaed46af-f822-42ca-ab59-56ca3b0a90c4,2021,1190071,2016,2017,3
6b13ceb9-c450-4b18-9e11-fc4a5e3debab,2021,11452,2016,2017,2
8314e093-bc29-4c60-a706-d0530d5af40d,2021,62484,2016,2017,1
a730c8a9-2842-4c93-a3d7-ee704ce361d0,2021,13446,2016,2017,3
60c4ab50-3410-4290-9e81-177aa4ee40b7,2021,13595,2016,2017,3
4a7e28b3-a57e-45dc-9d10-99a690d769ba,2021,13595,2016,2017,3
1c7e2252-c289-4615-862b-5de4d7647b47,2021,18683,2016,2017,2
83c3a90c-6ea1-4a2e-957e-3fe0872024e5,2021,13446,2016,2017,3
39d984a9-5d81-484e-8077-7cc74ada3f4b,2021,62484,2016,2017,1
3a85a440-0b74-4993-9b7d-550ec9a95c30,2021,11452,2016,2017,2
23bffe9c-9eb1-40c9-8790-eb3ecf947564,2021,13980,2016,2017,1
aa58af91-7638-4db1-b86f-b453b0c1e5d0,2021,62484,2016,2017,1
9defa909-31ca-4b31-843c-dbb24877ecf0,2021,13980,2016,2017,1
8b57dffc-9dc4-4950-838c-5846eeded995,2021,13980,2016,2017,1
3ef03731-b657-4f74-8d81-4044dc058c4a,2021,13595,2016,2017,3
fca55a67-77aa-4b11-ae18-201c9f3286bc,2021,11452,2016,2016,2
1f28b544-78be-482d-86eb-8eda111b4b95,2021,94762,2016,2018,4
9e7739b3-e0da-4db9-a92f-b1cd253d4a88,2021,13277,2016,2017,3
cfd1d658-26e1-45be-b602-942809e5eff3,2021,1136142,2016,2017,3
9d577005-64aa-43fe-ae44-3ee490fbe9cf,2021,13446,2016,2017,3
88c5c29d-cbe4-4607-8a73-83cd9eb182bd,2021,1299927,2016,2017,3
54972f0e-957b-40dc-a888-9f637d71e6b1,2021,13446,2016,2017,3
1f52bb94-387f-4ac9-89c2-2c342b1763d5,2021,317,2016,2017,2
c32462b0-df73-4874-9cd4-8ca04544cea3,2021,13446,2016,2017,3
38b75435-69a1-4f6e-b619-4039d87195c5,2021,12313,2016,2020,3
a54c8181-9b55-4243-8252-148cf9f16422,2021,13277,2016,2017,3
8e019d3d-961b-4468-9a54-4e46b9d4546d,2021,13277,2016,2016,3
f5cd7def-8cfb-4303-94d9-f738621c21fd,2021,102590,2016,2017,1
66623e24-c9bc-42f2-abb4-f6871325fdf4,2021,104360,2016,2017,4
17a86dde-6b59-4c71-aea2-eb0023b066a5,2021,73140,2016,2017,4
86dac340-3c12-46d2-a851-7ed9c45fcc6b,2021,1113582,2016,2016,2
caa34b1f-8d6d-4c2e-a2f1-5e7b72e02a9e,2021,1113582,2016,2016,2
9961bd92-db7c-4a12-a25d-812e0a8f81e8,2021,20933,2016,2017,3
4b09acb2-b884-49be-89ed-7f670a129c58,2021,513,2016,2017,1
0bce8853-1157-4110-b0cd-6b9036b7440f,2021,1113582,2016,2017,1
9789c309-ed1d-4ec0-aa5a-f8bd22be9de2,2021,1113582,2016,2017,1
270631ca-8535-4f21-8378-5babb15ca9ae,2021,1113582,2016,2017,1
4eefd81b-d9ae-4053-b11d-9dace33e0b40,2021,1113582,2016,2017,1
7a15720f-ba7b-4693-937b-189bb8f24ce6,2021,99820,2016,2017,4
86b0a91c-7743-497b-b4ce-6262bc6231ad,2021,101942,2016,2016,2
8d5ba427-b846-4dc6-82b9-e6a2d202abd2,2021,86318,2016,2017,2
dadb2839-41f1-4fd1-92cd-47dc886c43fe,2021,86318,2016,2017,2
250c28f6-728a-444d-8032-21294a652dae,2021,86318,2016,2017,2
c1339332-44c0-4cfd-b6fa-285c685284d3,2021,86318,2016,2017,2
6d88155a-d8ec-4810-9d21-2fcf19c8c961,2021,86318,2016,2017,2
2485e653-5e94-41ce-a719-188fc35e674c,2021,86318,2016,2017,2
8e5a22c3-9b81-4e4a-9195-18c9dd8337a7,2021,86318,2016,2017,2
09ce40fd-f5bc-4db8-980d-02adc7bae4ca,2021,86318,2016,2017,2
f18534fd-84f0-4d68-a5d0-af5bdd818c42,2021,86318,2016,2017,2
c477d587-a987-4e0a-95fa-0cdc614e36d6,2021,86318,2016,2017,2
e5aa4e8b-9e02-4c3a-badb-d7f9620a07d1,2021,86318,2016,2017,2
ee184e88-6086-4172-90e5-77a49a57dd53,2021,86318,2016,2017,2
5c170202-dcc1-47c7-9d76-662e02e72b20,2021,86318,2016,2018,1
5203b642-debb-4ffa-b6a7-45c526817f2a,2021,67092,2016,2017,4
1921b367-af45-431b-9fd1-68c7e1f8534d,2021,67601,2016,2017,4
71b40224-8e1c-4282-afaf-9727d4418564,2021,67601,2016,2017,4
9ba26351-e0cb-4410-a866-d08b9c3dce71,2021,73898,2016,2017,4
26db88b8-8e13-4b53-9aef-0cff05ba05e8,2021,73898,2016,2017,4
cc8fa63e-ba54-4ad8-b372-7aa140bbf0ff,2021,1351760,2016,2018,4
e3e5b285-e2aa-456b-b127-353cec22169d,2021,1351760,2016,2018,4
d9e4eba6-7045-4e6a-b2bc-002aac89f6b5,2021,13595,2016,2017,3
4fb36467-fa9d-4c66-a4ef-bd6da3528fe1,2021,13595,2016,2017,3
544ba76b-cf62-4ad8-b8d9-c2c2c8650bd1,2021,107360,2016,2017,3
8edc604d-216b-4d94-aacd-c4a3aeadb478,2021,11730,2016,2018,4
04b44eab-6456-4e1e-a343-8ef031fade87,2021,13446,2016,2017,3
67307589-bf3a-4dbc-b3b2-b63832b45f9b,2021,1148708,2016,2017,4
c9bf68b3-5d9d-4551-9a5a-8f5a04f636bf,2021,1180773,2016,2017,1
83da65f1-b98c-4b5c-a127-698149af2cf0,2021,1180773,2016,2017,1
67162bf1-8809-4014-ab19-6c227ecc5925,2021,9440,2016,2017,4
e6568eed-3ba8-40a5-a65a-a4437970a723,2021,1180773,2016,2017,1
7eaf5cd1-be1c-445f-bcba-97f6c61a4e69,2021,106996,2016,2020,4
11cee7da-20e5-40d6-b3a6-aeaaee202503,2021,1180773,2016,2017,1
3c52e235-34a3-4f3b-a0bd-d52edb5e78d5,2021,1180773,2016,2017,1
754df19f-d921-4a27-9a06-2e586ad6301f,2021,1180773,2016,2017,1
a133c5b4-feb8-40c9-940b-fb1198059344,2021,1180773,2016,2017,1
c30fdc65-792b-45b2-b71a-68e16f31f2df,2021,73898,2016,2017,4
b60507de-5fc9-470d-95d7-0d0b92bd856c,2021,1136142,2016,2017,3
68b91219-dff9-49d9-9a71-acddf30b9987,2021,1136142,2016,2018,3
8e1f7540-226b-4d49-9229-95a3aa33e1ab,2021,1136142,2016,2017,3
df4423e6-e329-43eb-9917-4248ab936f55,2021,1136142,2016,2017,3
b60615be-2b47-46db-bb74-a436f1cf90df,2021,90030,2016,2017,4
171fa2d7-b62b-48dc-b4b1-2eb8376f683e,2021,90030,2016,2017,1
c60b52aa-61ea-4471-8115-a28b9755b526,2021,118420,2016,2017,1
ed6922f6-9a62-4ea0-bc3c-b5e52e77be27,2021,1032473,2016,2017,4
52b5e6c7-5210-4472-bc2d-c8321b6be778,2021,37862,2016,2017,1
013a4355-4e93-4d25-b4e3-8c231faed934,2021,1270680,2016,2017,4
53ff6335-f50c-4011-b417-dc168e306fd9,2021,94762,2016,2020,1
37e63928-0acc-4441-b605-05c4f02d7d23,2021,107360,2016,2017,3
15e1f14b-13a2-4a4a-981d-0a0e4ac947af,2021,1270680,2016,2017,4
27915883-4a65-405f-b213-d8df02f41277,2021,1270680,2016,2017,4
b40c1f59-b38d-4640-9c33-c00dcbf8f8ab,2021,20009,2016,2017,1
3e01dd93-61d9-4346-b8b8-3fadb0e8392b,2021,20009,2016,2017,4
49eb740a-5459-4133-8ce5-24ca997484ea,2021,1306689,2016,2017,4
e77169b5-7b28-4b0b-8ea6-08cf3ccbb822,2021,48675,2016,2016,4
368b8691-9cee-4bf1-aae0-a04a7cba6c4d,2021,1270680,2016,2017,4
b0d673d8-5015-4fef-b79d-9f7ac781c0a3,2021,1270680,2016,2017,4
73f78e71-6ea0-465a-9b13-89eb5d0c1ff7,2021,12025,2016,2017,2
4aea045e-c17e-4992-b1b7-3188001081db,2021,12025,2016,2017,2
4ac06cbe-a589-4c5a-bed6-f43a9b1327c2,2021,18250,2016,2017,1
7e20f97a-fa13-4205-8fee-da06f5aa371f,2021,1204325,2016,2017,4
093b1a70-0f52-475d-8581-2883f65272fb,2021,1204325,2016,2017,4
e6b71a9a-7e6c-4004-9214-6c169df71fc6,2021,1204325,2016,2017,4
461a25ce-471e-4455-b802-c7d694647d6d,2021,18250,2016,2017,1
c3eb1244-a0ce-46d1-989a-c368a41fe325,2021,74737,2016,2017,4
f126b135-01d5-4270-8791-51413647a446,2021,88068,2016,2018,4
ccf9847f-d442-46f2-ab76-ca5057206139,2021,88068,2016,2017,4
f22a272e-af58-495c-88e8-a70ac743e096,2021,87396,2016,2017,3
157e9276-ea46-4589-bab3-4aa0fffbdcd3,2021,1042278,2016,2017,4
1b6d43bc-1081-42ac-8c53-bc0c0f3cbf55,2021,1042278,2016,2017,4
683c8dad-7279-49ef-9c78-c21212e96b9c,2021,22047,2016,2017,4
92eb5a06-55ae-4d37-a948-06cd19314882,2021,1315444,2016,2019,4
c23f85ef-99a0-4297-8839-068f2a6be930,2021,1376181,2016,2018,4
9f540a05-cd2f-4764-ab26-1380f7de8430,2021,113687,2016,2017,3
3fc89871-ff0a-4316-a2f1-cb0b0dd9fec9,2021,20030,2016,2017,4
cef1bbd9-f590-44a0-a741-4d233dc6a7ab,2021,56172,2016,2017,4
43147458-7793-430a-9c42-b0f792e0ec4f,2021,1108692,2016,2017,4
f95e4101-5342-407b-96c0-7ba03085ac32,2021,1427745,2016,2019,4
7e93aa1b-448b-4281-8dfa-d5980c0ccaa7,2021,48205,2016,2017,4
0a604f00-5278-4c69-b686-f8736f6dd242,2021,48205,2016,2017,4
33c91f6a-1060-4230-9518-c26a83761c11,2021,48205,2016,2018,4
5cd6b54d-5c3d-4b16-8249-f1ec05fdba8f,2021,9414,2016,2017,4
b23bef2b-1bb5-4c09-a643-6e24669a0ccd,2021,47505,2016,2017,4
f2b4b2ba-d7d1-4059-a3ab-9cd04f08ee07,2021,117532,2016,2017,4
bb713f23-c2bb-4520-84f3-700296874ef1,2021,114616,2016,2017,4
e054df58-cad8-4400-a628-3442d4d2e7e0,2021,114616,2016,2017,4
24f25795-083f-48fd-83b0-af4543d4576e,2021,114616,2016,2017,4
1a4fbe64-5736-4a8f-ac17-07ecba67d869,2021,1108692,2016,2018,4
5a075748-8239-48cb-a272-8d467b11c498,2021,1272079,2016,2017,3
5167aa5d-61e4-411d-b149-0a8d4fdf0980,2021,95175,2016,2017,4
02e4b0f4-cbe5-415b-a73e-21a74eb78853,2021,95175,2016,2017,4
8ef89aec-fd7f-4eb2-8280-1c0d671015da,2021,95175,2016,2017,4
56fb48dd-e8a5-4752-babb-fc45d9a2711c,2021,98595,2016,2018,4
a67b31f5-069f-471a-851c-3162a672dbe6,2021,1322390,2016,2017,4
833c26a0-61e8-4bcb-ae47-248d71bce6fa,2021,1322390,2016,2017,4
b68ba683-ac9d-41ef-bcf6-85742f990f7c,2021,1322390,2016,2017,4
6d1cba2e-3ef7-4e69-a95d-3917a45fc5ea,2021,1322390,2016,2018,1
16822cd7-7bc9-47e2-82e9-d996f346ab4c,2021,1258063,2016,2017,1
b25885c5-5d6b-4447-a456-45aef749b103,2021,1258063,2016,2017,1
0c50de6a-811c-4f5f-ad0a-977e45f6da84,2021,47505,2016,2017,4
04db73e0-4b51-46b3-b621-946014f31619,2021,20756,2016,2017,4
10982ba0-d6e6-4c20-90b6-468293b6d4dc,2021,12025,2016,2017,2
e2d7075c-83f4-41ef-ad8a-e4a1af66c81c,2021,12025,2016,2017,2
2f440e54-e02e-45f9-96e2-5d2ec2292d7b,2021,98595,2016,2019,4
d66afac4-14e1-4666-902f-3a1c447bc4a8,2021,20239,2016,2017,3
6f41771b-b223-4165-b58c-47de70e282a8,2021,1270596,2016,2017,1
deb257d4-c7ec-434c-9d5d-bd59dec9ef01,2021,49071,2016,2018,4
1f9788fd-c3ec-473b-8cf9-86f2d18377e6,2021,49071,2016,2019,4
49718634-4251-4076-90a3-2e43b39789a3,2021,64664,2016,2017,4
c59f492a-25f3-4b95-9350-55c380532c3c,2021,12025,2016,2016,2
997b874f-b9e7-423f-8c08-6fc15368e62a,2021,64664,2016,2016,4
333989fe-be6e-4663-bb88-094ef6d223ab,2021,60886,2016,2017,4
2c45fa9e-1ea1-4313-927b-52e8790beabf,2021,1270680,2016,2016,4
cb1d94c5-cfaa-4d5f-a38d-74d3682da954,2021,1270680,2016,2017,4
c3a1616d-7551-4880-af7a-8a62fd574173,2021,13980,2016,2017,1
31380d17-d646-4644-8a04-2c9f5655951f,2021,1330347,2016,2017,3
8f61ddec-ce7a-49f9-9efb-a3b84788d391,2021,1330347,2016,2017,3
b5f3749e-2e42-4aad-8a71-62ae1f7f4d12,2021,12313,2016,2021,3
5371b185-78d9-492b-83e5-b2e2bb83b31f,2021,12313,2016,2021,3
0e6f9dfd-ac79-4e8c-87ed-72a20f3bbe0e,2021,5000951,2016,2018,4
77c9fcaa-7d0b-4301-900f-106197a66319,2021,5000951,2016,2018,4
e4e1b979-840f-4d83-9f55-f69400c90654,2021,5000951,2016,2018,4
c24c5375-db10-41e9-adb7-bd3c8c17b78b,2021,5000951,2016,2017,4
bf01b30a-2e47-4e0f-973d-c47e3ee72ac2,2021,5000951,2016,2018,4
7e913758-e561-4024-8059-043961c2e979,2021,1181115,2016,2017,2
bb4cf232-df0d-4642-b040-0338865731cf,2021,1181115,2016,2017,2
08d31c48-56e0-4fb3-b181-e126792a1d74,2021,107920,2016,2017,4
af3239a5-5218-4cfb-83ac-29a71e6a158d,2021,1300284,2016,2017,1
de401c0b-d612-49b0-b822-beb81ddc4920,2021,54934,2016,2017,4
ffc16719-fd33-4aa5-8fd0-35879df93d17,2021,98764,2016,2017,4
fcf8121e-a8c5-4ed8-a3c6-5707fe2221fd,2021,100654,2016,2017,4
7110cd89-720d-407a-ac4f-3a0af68ba33e,2021,1318224,2016,2017,4
d98fcae8-0ab0-4406-b8d2-e1c5805cb859,2021,5000135,2016,2017,4
81efcbbf-e5c2-4989-8395-85790d4b785b,2021,94762,2016,2018,4
5d2e6224-e0f2-4124-b2b6-775dcf2f2272,2021,43664,2016,2017,4
b5ddef5d-404a-4812-b1f8-33f0ccec4a38,2021,43664,2016,2017,1
b7d4b700-6554-4422-be6d-3ef537e6ab33,2021,43664,2016,2017,4
247a00ca-fa1c-428e-8add-bc474cac1080,2021,43664,2016,2017,1
150fc261-3da1-4760-a471-d5824fda53f7,2021,43664,2016,2017,1
5ba8f2db-90b7-459b-948b-fb9b80c64554,2021,18267,2016,2017,4
cf829bb0-c550-4447-b153-d10678afeb35,2021,1385942,2016,2017,1
97495ea2-dd25-4824-8969-126310238359,2021,107920,2016,2017,1
ee028494-63ce-4bc6-a23b-3cbe6a3929f1,2021,9425,2016,2017,4
aeecf6d8-6e26-4bb7-b616-1ee764a29a70,2021,19047,2016,2018,4
2bf008cf-a780-4d6e-81f2-4a94f0e7575e,2021,968,2016,2016,4
f925fac2-444d-4b45-9360-8889cde85357,2021,90030,2016,2017,4
5790b766-b6d2-45d4-98d7-d1dd3dfac48c,2021,968,2016,2017,4
220cbde1-64d5-410c-8360-5ef79fd6b8c6,2021,968,2016,2017,4
75d7a9fb-877f-4156-85e1-a413b42eacee,2021,40343,2016,2017,4
29b898cf-2005-4c89-b350-c0a011d2ebd5,2021,50082,2016,2016,4
1a1ba8b6-5d94-4892-a259-991f304f9b0a,2021,50082,2016,2017,4
edd20ae7-8cd2-4902-b683-2381e8ce85f6,2021,98595,2016,2017,4
ebfecb98-6bc0-49b7-bdf5-8d9ae1443122,2021,108660,2016,2017,3
a6dada7d-c0a7-4225-b40e-2efd2266f3d5,2021,108660,2016,2017,3
81ee1a8f-768f-4ce5-900a-53bb4dcea0d3,2021,54934,2016,2017,4
cfe41979-bb7d-4d50-85a8-896d33e8a83a,2021,108660,2016,2017,3
2734c074-e224-495b-8ea9-716ee2851891,2021,98764,2016,2017,4
37e713c6-8bbc-42d8-abdb-a869cc64ee95,2021,48205,2016,2017,4
dccb4480-4f82-474c-9d9a-8fcc3010be32,2021,48205,2016,2017,4
a8073dac-4f75-45c1-b9ab-65d2cf3e875c,2021,1322390,2017,2019,4
56fb6d23-a8ee-49b3-bc1a-049e01e2b1f0,2021,1376181,2017,2018,4
76cf1aae-eada-44f8-a79c-61f82d6bac42,2021,106996,2017,2018,4
ce74acd6-2aa6-4883-a7f3-223ec4990199,2021,114616,2017,2018,4
600c3ef1-93ee-4f64-87a5-55418f753411,2021,106996,2017,2017,1
6772bd0c-01f6-4278-a523-6e5770486400,2021,98665,2017,2018,3
dbbe3263-658f-4d8a-ae69-c1089eab5c19,2021,48205,2017,2018,1
653f21bb-2d82-4f3b-94d2-19d47e243a0e,2021,106996,2017,2018,4
77e8844a-a048-4a4f-8c5b-15f37b6436df,2021,1322390,2017,2018,1
e0c2a3e6-f772-4a6d-a6b1-4dbce92ff685,2021,48205,2017,2018,4
0a4c8289-6fd8-47c5-b167-482595250942,2021,118994,2017,2018,4
b6bdd163-fa00-451a-b323-f0360fe7e610,2021,48205,2017,2018,4
7b9cc650-f45e-47d3-9fe5-e530abf75c7a,2021,88084,2017,2018,1
b57546c6-e8c7-49c6-bb6c-524599985a5d,2021,48205,2017,2018,1
bda5234d-b217-4063-be38-860c1554b0a2,2021,98764,2017,2018,4
8c9925fa-513b-4ab4-a09b-23c36b7b7fe5,2021,1322390,2017,2018,1
c99fb75b-73b9-4b1d-bc2f-8f0eb8b5505d,2021,58808,2017,2018,4
cfa8fb04-4a2c-4015-98df-0ead1c8cc19f,2021,48205,2017,2018,4
ec351a3c-d967-4433-9d89-83c529a33328,2021,47069,2017,2018,1
0aa684a9-1fd2-434c-b3aa-7ce2556a0daa,2021,1351760,2017,2018,4
7186f3b5-ce0e-4681-9ee3-cddd789a2593,2021,1300284,2017,2018,4
2d3626d4-ee7f-4b78-ae0d-40dfe9dfc4b2,2021,43664,2017,2018,4
82a66339-adc8-4180-9ce7-ff643ee2a6df,2021,106996,2017,2018,4
99cdc018-4f40-402c-bf1d-0a8b0b92dca9,2021,1300284,2017,2018,4
e42f25cc-e704-41a9-8869-721657bc0dc4,2021,47505,2017,2018,4
7091b257-673e-49f9-b70f-e7106fc29330,2021,1203177,2017,2018,4
f9ba5915-dfb8-45d9-81a0-9073fb20082d,2021,43664,2017,2018,4
a5938f5f-edbe-489b-b259-ce2087576ca7,2021,1306689,2017,2018,1
1984f051-1177-42ae-ad8b-afbc812f0bc6,2021,1148708,2017,2018,4
5029c08b-fd71-4238-aa5d-9a430fdd7822,2021,48205,2017,2018,1
5cf600df-19e2-46b7-9e2e-a0ddff0127bc,2021,106996,2017,2018,4
187eb168-60ef-42ae-8035-9f7967f04af4,2021,106996,2017,2018,4
f6654cb3-c638-426c-ac5d-908acf31c47e,2021,98665,2017,2018,3
364398bc-ac88-4871-be86-b3287cb70323,2021,43664,2017,2018,4
eb4dae12-4df3-4318-afa0-5f5950e8aa17,2021,58808,2017,2018,4
28ba1467-e84f-4439-adf9-420e5abecb39,2021,43664,2017,2018,4
6de20cae-f2af-4198-9cfa-40eda35dca07,2021,107920,2017,2018,1
eef79de8-945c-4eb6-8d00-e4655ca13cd9,2021,1322390,2017,2018,4
1f5b9eb6-f87c-4d31-8a10-d6e8d2e9bda5,2021,37862,2017,2018,1
fe514a08-878c-4ac7-beca-47f96a506e45,2021,95175,2017,2018,4
002610f0-5306-4d96-a70c-a4a8a089465e,2021,107920,2017,2018,1
0ff65aa1-64b7-447e-b18a-35b962026779,2021,107920,2017,2018,1
9319aca5-fed0-41a9-a0dc-4d843b020243,2021,1203177,2017,2018,4
6de2295e-6959-4c54-83e1-784120abcbcb,2021,1070485,2017,2018,4
93938b6e-83c4-4113-a66f-0c723375a386,2021,48205,2017,2018,1
7c3780fc-3407-4e41-b198-50ff042e9f2d,2021,95175,2017,2018,4
c765bed4-63e0-46c6-b843-378f2458923e,2021,1306689,2017,2018,1
9172783d-1cd0-4856-b8fc-a7c6f516be6c,2021,43664,2017,2018,4
eba9ca1d-f5d5-478a-81b6-cf4819f05778,2021,58808,2017,2018,4
fd1c0708-4439-4e84-9c78-b44e70af3ce9,2021,58808,2017,2017,4
df49d126-b16d-4b3c-a757-cb6d4e64834e,2021,1385942,2017,2018,1
d9f6340d-3afc-41ff-8363-6588c2224f36,2021,106996,2017,2018,1
7079f3df-1220-44e5-a9ed-9555c5d2042f,2021,106996,2017,2018,4
c1924fa8-cfa3-40cf-adae-4c6fc4a7b053,2021,18903,2017,2018,4
7edf9d0e-a5f0-4d57-b9a2-3075d56ffd8c,2021,43664,2017,2018,4
5c2ad904-4e0f-495b-b874-40c70e2adf73,2021,106996,2017,2017,1
38fc416a-f4bb-4cf2-b5ed-15acb3c99475,2021,91181,2017,2018,4
54e8c59f-5f1f-4f13-bfeb-79f43f5e7ed6,2021,1315444,2017,2018,4
13c5385c-842c-4161-b2aa-bb59a00fc42e,2021,107920,2017,2018,4
0a3d7bc2-60e7-4844-9512-6c695f236a82,2021,107920,2017,2018,4
b13c0abb-c0f5-48ce-99bb-4dc9bfbffd1b,2021,19047,2017,2018,4
6c53d916-3d92-4bcb-861a-639cb7855e5b,2021,19047,2017,2018,4
cf75ac85-96af-4f16-98ab-c12f7e802501,2021,1203177,2017,2018,4
3c9d8340-4693-4bc6-92f5-e6c58dc88a7b,2021,1181115,2017,2018,2
5acb6091-9162-4ab1-b56e-ae80f123279a,2021,1322390,2017,2018,4
b6731f83-6722-441e-ae39-02cf9e06b9ee,2021,48205,2017,2018,4
84625e06-91a6-4c9e-8f83-9599bab1e94d,2021,48205,2017,2018,4
51d36acf-bced-4653-a3e1-2c53d7a3e6d5,2021,107920,2017,2018,4
71eb62e4-1413-4d9b-8d42-ee9d8470401d,2021,1351760,2017,2018,4
4fa547a0-7f2f-4f0d-be19-b5970fb9bb5a,2021,1376181,2017,2017,4
a7c62b4a-29da-4547-aaf0-122c549bba65,2021,19047,2017,2019,4
e5202ab7-aa33-4fb9-bec1-9c1253814b6a,2021,1300284,2017,2018,4
fc05b53b-d1e5-40e8-8403-5be9d3662b33,2021,53333,2017,2018,4
2f0f97a1-16f6-424c-9fb0-3f793918378c,2021,58808,2017,2018,4
2842489d-dafa-4a67-9f76-96eed84ba31d,2021,107920,2017,2018,4
933a162c-c086-4141-87ca-caf4ebbdb6f0,2021,19047,2017,2018,4
0f48fbad-b5e0-4680-b064-459b2ac8cbb1,2021,88084,2017,2018,1
fee369be-6543-4133-adcf-665577a13f57,2021,19047,2017,2018,4
a2f05145-09af-4f02-b9f5-d04150c78915,2021,20030,2017,2018,4
27aabe8c-a0b5-4fb5-8409-f2ee4512f697,2021,106996,2017,2018,4
1b1449e4-5713-4330-97f0-b48976a992cc,2021,58808,2017,2018,4
b750fa9c-2579-43d0-8c05-606df1456568,2021,1322390,2017,2018,4
c6f6f606-0e33-463e-a455-64e193e765c0,2021,19047,2017,2018,4
ee44c7d0-3525-4279-82cf-4b9b0258b882,2021,95175,2017,2018,4
7018b39a-6e62-4cc1-9733-358d5620e184,2021,98764,2017,2017,4
199ad097-5712-4068-8801-05bebd3eb95f,2021,101942,2017,2018,2
827e9905-b26b-47d1-86c8-6bdf1332e16e,2021,98957,2017,2018,4
7f1d3cd3-9115-4652-aef7-c0e103fd8905,2021,98957,2017,2018,4
81cb1c55-2680-4ff3-ac7f-fb4eb2e1938d,2021,106996,2017,2018,1
07558db0-c876-427f-8bc9-a689061b3b6b,2021,106996,2017,2018,4
12f649cc-9e35-4073-b269-925478260eea,2021,1300284,2017,2018,4
57dbbc18-cc48-4dcc-ab45-4db7221538e1,2021,58808,2017,2017,4
9ea9b138-502c-461a-b60f-649904bc2f86,2021,43664,2017,2018,4
da9c3383-bde6-4513-b674-62e45dcc16a3,2021,107920,2017,2018,1
8c3f1151-0b21-40a5-9ca5-600ade3562d3,2021,48205,2017,2018,4
d8eece59-fa7b-474c-8d67-267e384ca510,2021,88084,2017,2018,1
76c72fe3-cbb8-4d8a-93f7-50d661e6110f,2021,94762,2017,2020,4
83c4001a-9524-41bb-bdbe-d3fbfce89d5a,2021,1427745,2017,2018,4
86fefbd4-ffd6-4788-a6c1-132d6a870e5d,2021,1322118,2017,2018,4
7030ca59-0e4d-453f-8bd3-dec8f6bb37ec,2021,48205,2017,2018,4
90cc479c-838c-4385-b567-3a33b06a74b2,2021,43664,2017,2018,4
d388ded6-9777-4bfa-997f-f3c979e33eaf,2021,1070485,2017,2018,4
c1b5915d-c6f4-4136-8be4-2c459566aeee,2021,1376181,2017,2018,4
49867284-1831-443c-89dc-9010e0d81123,2021,106996,2017,2018,4
605423fc-20c3-4328-befa-c622a0e9c398,2021,94762,2017,2020,1
f377b3bc-2e1c-4ee7-9a21-cc0341617fea,2021,107422,2017,2018,4
c626d68d-1bc5-46f4-b297-1d68cf58048b,2021,48205,2017,2018,1
692358f3-78c9-48a4-9c19-83cdfd7c6348,2021,5000135,2017,2018,4
12813821-57a1-4614-af75-85635b2231de,2021,106996,2017,2018,4
9c274c70-189b-4c2f-be8c-4cb33f1edc4d,2021,1322390,2017,2018,1
44fa24ea-1cc5-4692-94d8-3274e5175e58,2021,106167,2017,2018,1
d2c31b34-b692-4698-987d-b1bcd02cfd2b,2021,968,2017,2018,2
f641c6f6-22b4-4864-97b9-dfab73d87e44,2021,94762,2017,2020,4
0d4a9420-0e18-41a8-ae13-8f9f152c8423,2021,968,2017,2018,2
0a743fc2-8e9d-435c-8f8c-0c62a6c564f7,2021,1108692,2017,2018,4
d456d282-2e1c-4f5b-9923-129ed489f9c6,2021,43664,2017,2018,4
c2a2306a-903c-4325-8ff9-448ee214ce7d,2021,107360,2017,2018,3
cb123cd2-0b8b-49ba-a9f4-96f711025f6d,2021,43664,2017,2018,4
4619ff78-b8fa-4e21-8047-41486b2746b9,2021,11452,2017,2017,2
5d88ffcf-7cc6-485f-867b-3708c685e258,2021,106996,2017,2018,1
b239127c-e5ac-42ad-8646-1b8eb5d97bd6,2021,95175,2017,2017,4
6eb0c9b6-ca70-456b-92fe-252f35402837,2021,1385942,2017,2018,1
da14a264-d0da-4fe8-9964-45eef7dce7ef,2021,20933,2017,2018,3
dc1cb38d-8ff0-4c9b-916c-43dab30bb6a7,2021,1351760,2017,2018,4
7d28e702-f7d6-4a87-bb8e-54d358f819dd,2021,98665,2017,2018,3
fcb6943d-6978-46f8-b235-a4546297aa34,2021,20030,2017,2018,4
0ce1f034-089f-4697-9729-5cb7d67128e4,2021,1427745,2017,2018,4
a04d9fc1-e254-4018-9fe8-56670098ee6a,2021,106996,2017,2018,4
7d7e92a0-6986-4479-b1c4-94b4479278ee,2021,48205,2017,2019,1
391086a7-178d-476a-9f3d-7aafdf803a53,2021,117532,2017,2018,4
6f9efa59-6d55-4b0f-9fa6-df82f5312e41,2021,1322390,2017,2018,1
3fe246c5-b53f-4272-9e3b-ff2b6cb2cb4d,2021,118994,2017,2017,4
458e7c87-dfd5-4393-b886-e06489b4af0f,2021,1322390,2017,2018,1
28834df1-dc73-4ac1-9256-9a36d580ef86,2021,43664,2017,2018,4
c0d56e8d-78a1-4337-b492-8a140d509948,2021,19047,2017,2018,4
27abaa5b-0fd8-4aab-a509-c7b6aa021c6d,2021,107422,2017,2018,4
9e08ba55-2ba5-44bb-9dc4-c9850380c6a7,2021,83388,2017,2019,4
255b2c73-3606-4eca-800c-f82ad3dc6b30,2021,1070485,2017,2018,4
cde2455e-eaca-45c9-a592-340672eaf74c,2021,106996,2017,2017,1
ac734154-360a-4969-b076-1d50ec3da21d,2021,1139692,2017,2018,1
6134a704-b422-4fee-a0c1-330606976ead,2021,20030,2017,2018,4
6a4ce341-1238-4184-a9a0-9e0393b1d8a6,2021,106996,2017,2018,1
9d1328ec-30a4-44f0-b863-a7b328224348,2021,1300284,2017,2018,1
2253960d-d9ca-47f7-a33a-3d4e7116bc01,2021,19047,2017,2018,4
7d11bd86-e1a4-4ca8-bee9-53f307b282ba,2021,98595,2017,2018,1
75835312-98fb-47d4-b396-cbfd87997675,2021,43664,2017,2018,4
604e1fab-c197-4a60-98bd-ba7722455450,2021,1403879,2017,2018,1
866d3775-8177-4756-b249-c25a1a488f8f,2021,20030,2017,2019,1
6c01d869-ab55-4901-a337-59fd05801894,2021,98665,2017,2018,3
1f49a3b4-9f16-4b48-bc18-c955341fbf33,2021,73519,2017,2018,4
73fdfda5-8b78-4d67-986e-d1777f32c704,2021,101942,2017,2018,2
520b33dd-4cf8-468e-b6dc-f6b43014e922,2021,98665,2017,2018,3
0a927754-fd05-427b-b39f-6c406cc351bb,2021,88084,2017,2018,1
7345e50d-d10a-4b3e-a215-0ab9ef11b0f5,2021,98957,2017,2018,4
bf9610d7-49ad-43ab-b80f-e677a5ad9fe4,2021,98665,2017,2018,3
de680c96-d82b-4d23-bdc3-60412d6da7aa,2021,107920,2017,2018,1
ca2bfa43-38e2-46b2-b332-44d587327bea,2021,1306689,2017,2018,1
f772bb6f-4548-4594-acf7-8869521b42d6,2021,87396,2017,2018,1
1c6c5ab0-61df-465c-bcd3-dd95cad58a47,2021,107920,2017,2018,4
4c04fa4d-9ae8-417e-bf90-5e137b1ae01e,2021,47051,2017,2018,4
2a84edcc-a114-4cb3-ae82-6528b5802688,2021,55402,2017,2018,4
ee324e49-0168-44a2-831b-158d91e33873,2021,98595,2017,2019,1
af1385f8-bca0-4ee9-89de-c8cbd6f182a0,2021,98764,2017,2018,4
010dc62d-c21c-45b3-b605-21f2defdae9a,2021,114616,2017,2018,4
767d6d8b-f903-4111-993d-2646a1e15201,2021,1300284,2017,2018,4
edaddce2-b755-4081-aee7-24ddfaf7ad07,2021,1032473,2017,2018,4
e6f0463b-fec1-45ed-8c38-48100d1ecdb0,2021,43664,2017,2018,4
c8f31734-db79-431a-95e3-3fd1c165d6cf,2021,48205,2017,2018,1
828a36d8-8266-4131-bd95-294ca98bbec9,2021,1203177,2017,2018,3
be0454ec-41e2-4cb9-84fc-a75f1fda1bdc,2021,968,2017,2018,2
f9f0676c-cc52-409c-af49-c2ee9967af6f,2021,58808,2017,2017,4
d397dfa0-3e6c-43d8-942d-a623ebcd616f,2021,107920,2017,2018,1
03facf98-cfc7-49a6-a9b1-9c9aa283aba1,2021,106996,2017,2018,4
abbdc2c7-86e7-4cc0-8ce2-e74350efaba3,2021,19047,2017,2018,4
6794f782-a68f-45f8-876c-ecf58b706d3c,2021,1376181,2017,2018,4
ef803d31-ac0e-4e1d-bc0f-0fec5c1bc983,2021,1318224,2017,2018,4
42c6569f-629d-4c73-831e-1a838ac03e8f,2021,106996,2017,2018,1
a2a89bf6-c664-4004-93ec-ba0197139626,2021,106996,2017,2018,4
2d354bc8-2523-448f-a141-8151608e1477,2021,106167,2017,2018,1
2c4e30fe-d5f5-408a-b5ad-8ac78bc22f1f,2021,55777,2017,2018,4
141e6864-0880-436c-9799-646e65a911f7,2021,1136142,2017,2018,3
d178a0d6-e6a9-4ba3-9259-d377064465eb,2021,73140,2017,2018,4
21732bf0-22ed-4e16-b8ac-d1834e5b217e,2021,101942,2017,2017,2
dc7dee42-acc7-4485-881e-a6ad2236a57e,2021,1322390,2017,2019,1
c272cc16-f927-4d36-99d9-4047819fba02,2021,107920,2017,2018,1
8b1fc19c-7944-4efd-b823-8b6d104d94ec,2021,98764,2017,2018,4
0cb7c819-e938-42be-b97a-421686b4726f,2021,1385488,2017,2018,4
fea445c8-dc4f-43ac-bae1-b1e257cd578c,2021,1403879,2017,2018,1
870af30f-6177-4509-9b6c-3c415e409099,2021,106996,2017,2018,1
f415cd8a-8415-4d12-979a-81222a00b95a,2021,106996,2017,2018,4
d30c6fef-9961-4db1-8732-436b629607bb,2021,43664,2017,2018,4
c65eff4b-a991-4e6f-8855-78bf4b19598d,2021,74737,2017,2019,4
1681b40e-717c-4137-85b5-a893629b3550,2021,114616,2017,2018,4
1b317403-5b47-475a-9096-29aa9834fee8,2021,1032473,2017,2018,4
d3252a8e-648c-4353-9883-1b752a96d474,2021,118994,2017,2018,4
0b52bb75-9494-4efb-b7f3-6893aafc8c24,2021,1204325,2017,2018,4
b597fcad-8ea9-4796-a787-4f9e377e083c,2021,117532,2017,2018,4
bdb71252-78ae-4931-8729-3e4b5ab5cb49,2021,1047907,2017,2018,4
5efdd279-93ee-4da4-a39c-627d47018f3a,2021,1322390,2017,2018,4
ecbe8639-2c83-432a-8de6-fb5317edd5b8,2021,98595,2017,2018,1
d3666c2b-1704-4ff8-9143-9cfe71ad8176,2021,1204325,2017,2018,4
2fc2a96a-69a4-4bb0-a448-0c1f44fddc87,2021,1322118,2017,2018,4
3940a389-b42c-4f2e-915c-e5d759285e90,2021,73519,2017,2018,4
0eaf6190-f710-4263-a01c-38626d7ddf62,2021,106167,2017,2018,1
9037dfa6-10a6-49bf-9711-55398018d22b,2021,1306689,2017,2018,1
be821f0b-6154-4f07-824e-def93440f90c,2021,968,2017,2018,2
2aa50f1f-4dee-4d33-b6ab-f508b8d760a5,2021,20933,2017,2018,3
6bfc797e-355b-482c-bc1d-2aec3da975ee,2021,106167,2017,2018,1
10edabc7-45f2-4837-b5b7-c1229729bbaa,2021,43664,2017,2018,4
ef5e0cf6-688c-49a6-b458-7b61521a828d,2021,22047,2017,2018,4
a4e7093f-1d2d-4823-a4fa-9f514102d642,2021,95175,2017,2018,4
3b417899-3f77-4b73-8867-52a6d2601443,2021,117022,2017,2018,4
5cf5a430-65b2-4861-9680-4ded269cfe5c,2021,104360,2017,2018,4
9753a703-1aaa-44dd-b541-37dc72aca55a,2021,1351760,2017,2018,4
7391f0d8-4232-4654-8ecb-ea440a0d7ff8,2021,88084,2017,2018,1
1a482705-512d-4d1a-a1a0-6833236ceed5,2021,19047,2017,2018,4
78ad2236-ae4c-4f8c-8edb-d0d2ae92af6f,2021,1318224,2017,2017,4
ab0d3017-b8ef-49a8-a8a6-b809bd7edc7e,2021,99820,2017,2017,4
f069a80a-66da-43c9-ac18-53bf643e80a9,2021,98665,2017,2018,3
b29690b2-0d6f-4e48-96b2-24f171c6eb27,2021,1306689,2017,2018,1
8a59eea8-957f-4d8b-8335-87d360aadd5a,2021,48205,2017,2018,1
ed640b09-fcdb-4d50-b732-52aba9b72ad9,2021,74737,2017,2019,4
7235d8b3-ec1a-4039-96cc-0f0fb9447346,2021,1203177,2017,2018,3
4decda87-54c4-480c-8f4c-cb65a8ad7fbf,2021,1351760,2017,2018,4
e8380458-555f-46d5-b9e6-5ca290e187f6,2021,107422,2017,2018,4
f3eee4bc-489d-4884-9a8f-3991ba942aa4,2021,98013,2017,2018,4
52ee3fa1-fe59-4598-aebc-db2eee12d188,2021,68930,2017,2018,4
62ebb07d-312d-45d1-bfff-18d09f98d597,2021,101942,2017,2017,2
84b6e9ce-44e6-422d-a46a-08ee32260e42,2021,106167,2017,2018,1
596e3269-00ae-43bb-a34a-bc59aa47a88a,2021,98957,2017,2018,4
71b9e132-cd0e-4914-ad1c-deb2739b73dc,2021,48205,2017,2018,1
e6f74285-b94f-4a23-92f7-7f9ef5bd1090,2021,106167,2017,2018,1
5badb93d-ea6b-420f-a3f0-d94ee1e5e9be,2021,95175,2017,2018,4
c82f5ca0-8b24-4155-aade-1dc551020291,2021,1204325,2017,2018,4
7f263938-2733-450d-895b-1caad27db15b,2021,114616,2017,2018,4
5c982a88-11d6-4d5b-95ce-5ef729a3d049,2021,1204325,2017,2018,4
364e5ea3-857b-41d1-8290-0633cce23567,2021,114616,2017,2018,4
d88a182e-111a-4cde-be4b-c02c5e8ae68d,2021,55402,2017,2018,4
0d8fa3e1-ca78-4168-96f6-17cf38eb0f64,2021,114616,2017,2018,4
02051038-0d4c-4106-a531-924d99c1689b,2021,98013,2017,2018,4
7123e524-c6be-4a01-8cc3-71adbd9f6335,2021,18903,2017,2018,4
f0436150-9a82-4076-b470-ec23b9595f3e,2021,1136142,2017,2018,3
f32dad5f-dcb3-40e9-9f37-6b0349b59c1e,2021,114616,2017,2018,4
0f76d285-9113-47be-ae6b-b84b412b7483,2021,53333,2017,2018,4
5988850d-44fd-4a00-bb5f-4eae80670b7b,2021,1403879,2017,2018,1
d3719e12-9d6d-405b-884d-f426c0a372f4,2021,18584,2017,2017,3
d96a0311-7aca-42b0-b84a-01b8341f796a,2021,1315444,2017,2018,4
6051d72a-9061-479d-84de-6b1551cea029,2021,103062,2017,2018,1
989c46a3-4a71-443a-a6fe-cb2c9b8368ae,2021,1300429,2017,2018,3
19926ee8-c3f6-43c7-ae3e-49044839f066,2021,1070485,2017,2018,4
32c56310-8d9e-4405-bb4c-46873bf10d30,2021,97443,2017,2018,4
c264d888-059c-426b-970d-26de4e022e81,2021,1108692,2017,2018,4
53f9e090-9dda-4c37-95c2-2dee656388fe,2021,1136142,2017,2018,3
30af9155-3caa-448a-a05c-dddee11a0148,2021,114616,2017,2018,4
fc722847-270e-4c4f-a38d-f24c68157b7f,2021,118994,2017,2018,4
157c984e-80f7-4967-b145-88ed5d40ef6b,2021,74737,2017,2019,4
9db5e360-bb72-4d9d-aa5f-bd51fed08ed1,2021,95175,2017,2018,4
7e0e2b7e-8d99-45c5-8151-841b88117429,2021,1181115,2017,2018,2
ec19b43f-4df2-4792-843c-fecadf9720a2,2021,106996,2017,2018,1
aa28511e-6595-4140-bec5-1381685ad2b9,2021,22047,2017,2019,4
10c24bc9-0f9e-4879-ad1f-b39433f9048e,2021,55402,2017,2018,4
2e51faa5-dd54-4f7f-a637-6714b0c71267,2021,20030,2017,2018,4
36bd58a5-13c1-4c64-aa6c-cc609a3b0b3c,2021,47505,2017,2018,4
ffdf9559-0b85-4e2a-bc2c-e425c608d216,2021,98595,2017,2018,4
a8e34eb9-2082-46ca-b054-aa5125b09c43,2021,88084,2017,2018,1
1c1603f2-1cb6-442b-8d2b-828b03daa7f0,2021,104360,2017,2018,4
b61c06f2-f340-482b-8dc4-d6ae188156d2,2021,1306689,2017,2018,1
3fad72b8-626c-4734-8c9e-58f6eafa4172,2021,98595,2017,2019,1
91e6e8a8-255d-475d-ba75-257be5c356d7,2021,64664,2017,2018,1
d37e6f86-4971-4ee5-b6ea-a9aa8b7ed4f4,2021,107360,2017,2018,3
f4eb3849-8cfc-49a0-86d6-755cb80f67af,2021,1283028,2017,2018,4
e8d875a7-7089-43ef-b796-2ea51f0104d9,2021,55777,2017,2018,4
85a9bf25-d0cb-4e3a-9ed1-3fd00d425fa6,2021,20030,2017,2018,4
32492cfe-a3aa-4e5c-9e5d-815aa2594859,2021,40343,2017,2018,4
cb382468-197f-4146-9f7b-58270e14ea97,2021,114616,2017,2018,4
43756284-6f4f-4d96-8294-38fab155796e,2021,1422296,2017,2018,1
478b554a-c65d-4ffb-947a-57c688d6da57,2021,98595,2017,2018,1
d3e1996c-64be-45d5-b3d2-91911196f737,2021,1190071,2017,2017,4
b36ec980-2446-4d07-824f-97d0a2bd8f17,2021,98665,2017,2018,3
2c938d53-8871-4b58-9267-d6dec4525eb5,2021,98013,2017,2018,4
a2ae9957-1f45-41ce-91f7-fbe220e1d3f1,2021,1314243,2017,2017,2
e0e7d906-2ef5-434d-865b-63c9b30482bc,2021,98764,2017,2018,4
c3310f81-6b01-4006-8f3d-b89869493bb6,2021,94762,2017,2020,4
6e26d1aa-58b7-4460-bab2-c909ab923125,2021,107360,2017,2018,3
00d818d1-9f11-4e3f-9205-4da3997061c5,2021,1315444,2017,2018,4
f3a15676-6121-435f-bd20-ea937ac1617a,2021,101942,2017,2018,2
2b557c85-dc2a-48b1-a434-208ea9e7c754,2021,1306689,2017,2018,1
8c74b926-4558-4a12-bdd3-01000bf56e29,2021,1322665,2017,2018,4
9c52d9b4-5eb1-4571-9954-66472e5d732c,2021,106167,2017,2018,1
92ac0551-3db6-4b67-8505-fe7b35e6f3b9,2021,1300284,2017,2018,1
727827fa-9f38-4793-84df-960a9ab0ccbb,2021,1351760,2017,2018,4
c9bb9390-b94c-47cf-b093-42b7ef09aee5,2021,50082,2017,2018,4
209007b5-84c7-4039-aaaf-661d42560f24,2021,1032473,2017,2018,4
aff5ee22-983e-4489-a2f2-3b0d254db253,2021,48205,2017,2018,1
23679acd-655a-48e5-91f3-929b808043ea,2021,1351760,2017,2018,4
22a3dda9-8ba7-455a-a182-5c15a372c797,2021,94762,2017,2020,1
17c6c928-3cc4-449f-a9ed-56a6195edb54,2021,1427745,2017,2018,4
a52543fb-3c67-4e01-ad27-2029b7f1147f,2021,98595,2017,2018,4
01aa1dcf-38f8-4764-bd62-c327aa166d7a,2021,50981,2017,2018,4
4339f771-999c-4cbb-9173-e8bf7c03dcd8,2021,47051,2017,2018,4
f3d2270a-6acf-432d-8261-8f168155b09d,2021,53333,2017,2018,4
adbd85f0-8738-4268-b050-db0ec274d487,2021,95175,2017,2018,4
28e99f0b-e337-48f6-a6a2-1f1ead548aa2,2021,1376181,2017,2018,4
af3ff086-875b-401c-b054-ffe3dcb19ec6,2021,95175,2017,2018,4
68a605db-eaf2-4787-8ee6-f157d32ec935,2021,67601,2017,2018,4
a03514eb-6813-4534-a96e-64810501f92d,2021,99820,2017,2018,4
62231f34-feaf-4f08-9d52-39763557351b,2021,107360,2017,2018,3
15290583-c55b-4983-bc7b-691771879aad,2021,19047,2017,2018,4
0d2dc74e-cd87-48a7-b689-2e6e2e165326,2021,1306689,2017,2018,1
f667b749-8a0b-4cbc-8bb0-4720ec92dcb8,2021,55777,2017,2018,4
dea21ba8-8f2a-4ca3-9369-903b355f7c8f,2021,1136142,2017,2018,3
f10f7b23-a040-4d1e-95d9-120c8be8a162,2021,1204325,2017,2018,4
205a2674-598f-478b-93e5-1fcf33bae8df,2021,49071,2017,2018,4
8b1fd942-ef04-4449-aa4a-e2f04db7b67b,2021,106167,2017,2018,1
647e5c7e-5313-4b6e-9d8f-50fe2f5d4c9a,2021,117532,2017,2018,4
700dc53c-f417-477e-831e-96aa5da5bdad,2021,114616,2017,2018,4
bedb69f1-017b-43c0-97ef-a52551088984,2021,1136142,2017,2018,3
a2207982-100e-42bf-b4be-7d4e39420c45,2021,48205,2017,2018,1
4b259e30-96d8-431d-8f60-087b9aaacc3d,2021,47505,2017,2018,4
209becec-ac7e-4715-a8a0-9bda2f1b4456,2021,98013,2017,2018,4
3641a610-249b-4f6d-9c4f-f2d2c1e5b6f2,2021,11452,2017,2018,2
170323fa-7609-4dea-b458-2039a3a44070,2021,1385942,2017,2018,1
afa35e15-193d-4008-a771-1d90bc9f6cf8,2021,18683,2017,2018,2
30988f92-fe20-4e17-9e1f-7b30555a59e5,2021,41238,2017,2018,3
bb342565-030d-412c-8da8-442e190cd399,2021,107422,2017,2018,4
34cf90de-767e-47e3-9149-0157585588aa,2021,40343,2017,2018,4
8b8628d3-5cfc-4ab6-ba96-eb2184f5bad9,2021,62484,2017,2018,1
138434e4-7d21-420b-a6d7-78780a7b0bd1,2021,17898,2017,2018,4
741a5b6a-a35f-407e-9efc-5067c7d60c06,2021,18903,2017,2018,4
972de15e-3eb5-496c-bcf9-dd046384103b,2021,13401,2017,2017,3
0d893082-dcef-4d90-884f-664abcfdf1c6,2021,1376181,2017,2018,4
22bc984e-9db8-4949-9d39-1d6dbfbe9ee5,2021,106996,2017,2018,4
3e95d3a4-e977-48ee-9a51-4ae5f8ff9378,2021,1351760,2017,2018,4
2617191b-aa8f-44b6-9d49-8221a0122ffd,2021,98595,2017,2018,4
ee4db0aa-0f5b-4444-87db-e64385766b75,2021,1070485,2017,2018,4
eea28911-0fa2-4d2f-a752-4c4f7c4759c6,2021,1270596,2017,2018,1
149c54c7-10e7-4a80-9ae1-6511c3327b8d,2021,19047,2017,2018,4
32ea5d35-6dc4-415b-95a5-f59272d8d953,2021,1376181,2017,2018,4
4ead3382-f288-4e4a-b44b-5ff37cb88429,2021,1351760,2017,2018,4
861c7c31-d190-465f-b4b2-35e73c82591d,2021,53342,2017,2017,4
b09fdc25-57c2-47ab-bfd5-4fc279447cff,2021,87396,2017,2018,3
2c216ae1-b439-40a9-ad12-8ff3098ec537,2021,43664,2017,2018,4
85a1cec4-e7bc-44ad-a004-ba482b7f7531,2021,1300429,2017,2018,3
9044a90c-f74d-4f05-babe-002b8b247322,2021,106167,2017,2018,1
e27028cb-44eb-4be1-88b2-66a807f03a33,2021,1047907,2017,2018,4
b0a80a35-ce8c-4fd3-8ed6-6370712fd1b0,2021,95175,2017,2018,4
81687370-2d1e-43f5-b2a5-bda6e3587dc7,2021,106167,2017,2018,1
3055c9b9-133d-4701-955a-109db2dadc00,2021,117532,2017,2018,4
0f1b0d60-d68a-430a-ab86-27d430086592,2021,1203177,2017,2018,4
41f11255-9f13-4016-925b-d4ec24f9d58c,2021,20030,2017,2018,4
5545aafd-632f-44b9-be74-3a483b032b7a,2021,1351760,2017,2018,4
18f4faed-ae03-48d1-946a-57de997fb742,2021,87396,2017,2018,3
6803b9cd-7a4c-4c59-84ba-d3e53c0da8bd,2021,55402,2017,2018,4
62e68e35-45a6-4eb9-a66b-65d6878fc9c9,2021,1376181,2017,2018,4
e6e7d8bd-f44f-4335-b4f2-e822e3b782d5,2021,43664,2017,2018,4
5a001460-ebed-49c6-a1af-ba6c543211b9,2021,1136142,2017,2018,3
4f61a43d-5464-4010-bbfb-20841f751910,2021,74737,2017,2019,4
9686101b-4fd0-4d90-ac15-d54f87192f43,2021,1102628,2017,2018,2
24a9142a-69b6-4db8-b09b-4f72df9558a5,2021,90030,2017,2017,4
38d26a05-4db1-42fb-ba96-a7ed7d5def5b,2021,95175,2017,2018,4
502995d7-f7b7-4c0d-aaa8-908f07bfc294,2021,67601,2017,2018,4
341faa60-8b2b-41ec-8314-641ade090a5a,2021,43664,2017,2018,4
3bd1ddd5-ff92-4ab8-9c6e-8e4a3c98168c,2021,1136142,2017,2018,3
5dba9dcb-e4fe-4632-92ff-2c789f07d2ed,2021,19047,2017,2018,4
f7d00207-943d-435b-ba5d-dd34227f246a,2021,1376181,2017,2018,4
3e5ba24f-92da-4b4d-88fd-e5547bacd27f,2021,94762,2017,2018,4
617c7969-2bbe-46f7-8966-cd5204a6730d,2021,53342,2017,2018,4
a984c262-26a2-460a-b293-c694b6088d3a,2021,968,2017,2018,2
a1f88eef-3ab8-4f0d-a2a9-82c9d7d8c5ff,2021,73140,2017,2018,4
f2f6e947-51a4-4e43-abb2-a7eb299893c9,2021,106996,2017,2018,4
f1792d01-0f0e-418e-a69b-bae4c81b37ba,2021,103062,2017,2018,1
78754d6c-e0b5-4036-82ae-db95fefa9f62,2021,20030,2017,2018,4
edb024dc-a20c-49cf-a791-1999a803db16,2021,1385488,2017,2018,4
1a8936f0-534d-42e8-9e36-f5d82f496ae1,2021,90030,2017,2018,4
b6d453d0-53fa-472d-b435-6a0a0f4ed9c6,2021,117532,2017,2018,4
ad467e75-ffb5-4ea7-88fb-b85cbd71fcbc,2021,117532,2017,2018,4
35225fc0-d48f-4cd9-b207-6cddaf79ed83,2021,106996,2017,2018,4
bbb13bce-b592-4c1c-9da4-f8999531e0fe,2021,968,2017,2018,2
8f658bad-a1fe-43e5-ae7e-75f9b5ee6e91,2021,1314243,2017,2017,2
7027d65c-94fc-4f91-9199-73c37ff71c82,2021,67601,2017,2018,4
cd1d2638-131c-4905-93ce-0a9ed88f5828,2021,13980,2017,2018,1
705e9953-3cca-41db-812b-7e13775b8b9b,2021,43664,2017,2018,4
b5a30aee-e3a3-496e-a303-0a36756e106c,2021,1330347,2017,2018,3
92bdc6da-ee92-4fc4-b3f9-08b08df1abbc,2021,20030,2017,2018,4
a0cd7439-4159-43e2-865f-1dcc28a91f74,2021,1300429,2017,2018,3
930c1371-5b39-45cc-97e7-f22d95f31138,2021,1139692,2017,2018,1
d8ceaf83-ed99-4ce2-8b83-2a7253c8cce2,2021,20239,2017,2018,3
55fd374f-792d-4167-978b-d606ccabfca7,2021,13980,2017,2018,1
0c42cc69-73f8-43ed-9ffa-784e458fdb5d,2021,1385942,2017,2018,1
8fd3638a-cce5-46ef-8b16-9735fe70f280,2021,5000135,2017,2018,4
b52e643e-5d00-45e0-a0ae-224988293e15,2021,101942,2017,2017,2
4716689d-63fc-43e7-84f3-6c07c0a982e4,2021,47069,2017,2018,4
9189a0d1-f239-48f9-8438-6cf93a3c94ad,2021,968,2017,2018,2
f6a87b57-b660-4ab1-ab7f-b89ea4de72fc,2021,98595,2017,2018,1
d5d9e5dd-0c99-42fa-b878-404b4456cf7c,2021,1272079,2017,2018,3
24b673c7-2221-4195-a12e-416b2bacb623,2021,18683,2017,2018,2
9148f998-3bd9-4e50-a62c-ca5997e6ec27,2021,114616,2017,2018,4
e46be816-b772-48d1-a420-01f8fe7422d2,2021,17898,2017,2019,4
a726d48e-46ad-4610-a59b-223fca757f85,2021,1270596,2017,2018,1
24f7be30-a429-4128-8fd0-508838f8cc8c,2021,11452,2017,2017,2
d4a88178-af87-4366-afca-2df748443e8b,2021,11452,2017,2018,2
f600074c-1bdb-4f5e-a003-54a964b6792b,2021,117532,2017,2018,4
58e25854-a483-4ee2-af03-0fe7aa4845dc,2021,1108692,2017,2018,4
388385c2-f747-44ff-bcab-7fa38fe3dc83,2021,11452,2017,2018,2
2629f67a-871b-491c-a8f5-38e7eff27ed4,2021,5000135,2017,2018,4
d9a4cef9-d72c-4567-9353-6ec263a7a4ab,2021,98595,2017,2018,4
cd2925c8-0613-481e-9aa9-499f7ed61f31,2021,98595,2017,2018,1
4c3992a8-7762-40f8-ad23-97e74d178287,2021,101942,2017,2018,2
ea6fb3d3-cd9b-48f8-a5d6-44832a807a0a,2021,317,2017,2017,2
d87e80af-20d0-414b-8450-9e1e558c7322,2021,13401,2017,2018,3
2143297e-ec76-4531-9904-c6e1c60b5dd3,2021,107360,2017,2018,3
23e996fb-80b4-41b6-8795-458999d70ede,2021,117532,2017,2018,4
26ae1c3f-25eb-4d5d-aec8-b1387bd6c14d,2021,95175,2017,2018,4
855cdfb8-11d6-4d57-aede-08237595306c,2021,117532,2017,2018,4
41b49857-a6b0-4929-9d59-7af3c47f6fc1,2021,94762,2017,2020,1
0a681a40-9ab7-4c01-84ce-050976b2375c,2021,1322390,2017,2018,4
9bd531e6-bc98-4283-b157-effcb2446daa,2021,98595,2017,2019,4
1998c2b7-6bcc-46f5-9ed6-2316013a756d,2021,94762,2017,2020,4
fcd2f3e4-a445-4d52-836c-10514d38887c,2021,20933,2017,2018,3
ae448fd5-9583-4a7a-86d5-68f6aae9ba31,2021,18903,2017,2018,4
75ce3777-eacb-4449-b9d2-dadd4fe4ecd8,2021,98595,2017,2018,4
8df512c1-65e2-4f81-9a48-48c32f03417f,2021,99820,2017,2018,4
0565d5a1-cecd-4a84-b2d0-7bd8c09edc95,2021,1288002,2017,2018,3
745cbdc0-ec1e-4851-8687-a9e89fe2afa8,2021,106996,2017,2018,4
27d82bac-902d-4eed-853c-d3caacfc5b6f,2021,106167,2017,2018,1
b7759292-edd2-4994-b2bc-4886e422f04d,2021,98305,2017,2017,3
3878c0cf-9c3c-4bdb-8e03-75d33408aa7f,2021,95175,2017,2018,4
c350de31-bc84-45b7-9b6a-ce727c1ea1bf,2021,5000135,2017,2018,4
6bf8ac62-42a2-431a-a301-28c7759cee77,2021,53342,2017,2018,4
ff97a3cb-bf5c-4963-a253-60d464f6df03,2021,11452,2017,2018,2
d1a1dedc-bda2-49d4-a85a-d5f2179fbde5,2021,97443,2017,2018,4
c69dd1ab-d124-4de1-a03a-7a28cb348d88,2021,55777,2017,2018,4
d5e72448-34ff-4601-89cb-20f10d163949,2021,1136142,2017,2018,3
4858edd5-b64d-409a-a2d3-70ac31febede,2021,1136142,2017,2018,3
2f4f786a-17e8-48fc-917b-ad43f9292b64,2021,1270596,2017,2018,1
db002677-7350-47bc-a067-e22946517464,2021,513,2017,2018,3
59b52068-b4b0-4340-a866-0eeab4b698a5,2021,1272079,2017,2018,3
c22ad1cf-7c6a-4548-8a4c-653005273892,2021,101942,2017,2017,2
d04e2f25-46bc-4a6d-a1b9-045c64b8a71b,2021,1032473,2017,2018,4
ccbf5e98-1109-460d-9ddd-452b239af6f2,2021,1288002,2017,2018,3
0ae472ad-786b-43a9-ac88-4abd25d5fe9d,2021,106167,2017,2018,1
7c47f1d6-86bb-4814-87d0-87e69cfb7790,2021,1181327,2017,2017,3
b375996c-0548-4692-a5ff-fd0f49e96025,2021,11554,2017,2018,3
6f363d94-4b60-4c95-af62-5155226267e9,2021,101942,2017,2018,2
af453a4a-fb14-4096-893b-3416571aa496,2021,1288002,2017,2018,3
3209cf14-c14a-45bd-8d77-5d99d6ecb465,2021,1376181,2017,2017,4
094411ec-4ec9-4aa1-b2f5-34f4956bc4e2,2021,55777,2017,2018,4
7facd62f-1818-4adf-9faf-921878321c0b,2021,1376181,2017,2018,4
2b5459b5-5c5b-4837-be98-71dc71bda161,2021,1108692,2017,2018,4
b507dc29-9719-429f-954b-a7371f947079,2021,106996,2017,2018,1
ad8a6956-e9d6-4fc9-bf00-c883937215cb,2021,62484,2017,2018,1
7db34fe6-f248-4207-b2fd-6e9f52d94a15,2021,47505,2017,2018,4
ebba6bba-9377-48a7-8036-270e05e34046,2021,13980,2017,2018,1
18670363-2377-4deb-83c3-8054bb1ce396,2021,41238,2017,2017,3
bbcd3c9a-c89a-4797-a940-41865f089c76,2021,1330347,2017,2018,3
1eae68af-733d-4d31-9a23-9695a7d72f20,2021,18671,2017,2017,1
d19e8a8e-0d99-4c44-961b-b96705348d5e,2021,1136142,2017,2018,3
31923312-b7ef-4805-88d5-be465c23046c,2021,1283028,2017,2018,4
d9b6b0ff-b50a-4832-9500-f6e030d66d53,2021,47505,2017,2018,4
f5bcb97b-66ba-4e32-9cc1-deeefd8149d1,2021,1306689,2017,2018,1
d6c0c1fc-180a-4fda-b428-3791d2e3d6a0,2021,48675,2017,2018,4
b43890f5-d4e4-4b35-8698-1df4230c41db,2021,1330347,2017,2018,3
e45ef47d-4b89-420a-a80d-1a4028a107ab,2021,98595,2017,2019,1
40a6a93b-55dd-41ce-8cb0-f6620982e597,2021,53331,2017,2018,4
9efb04df-fdd1-43ff-af70-adcd9120fcec,2021,968,2017,2018,2
daeb6a5f-c6e6-4c97-a6a1-e4d6d607d8d4,2021,99820,2017,2018,4
9abe6e07-ce6d-49eb-b729-7d09b3750cc6,2021,62484,2017,2018,1
122e4d23-c2d1-43a9-a1e6-e51a93c5de0e,2021,1314243,2017,2017,2
3e8c0c35-6ac2-4763-abec-aedce83f9e1f,2021,13595,2017,2018,3
8a19cac9-0806-4531-b9d2-d87753679bee,2021,1272079,2017,2018,3
2acce7c5-fdc8-4641-b455-ed913fba3798,2021,94762,2017,2018,1
f3665e8f-6f6f-4986-a1a5-dcf54f8a759b,2021,106167,2017,2018,1
0fa884bb-b5a9-4491-9a76-67776bd888c1,2021,95175,2017,2018,4
755e8303-49d0-49cb-8d21-ce54ce43b472,2021,11452,2017,2018,2
18f17716-755d-42f2-955e-9f2ecc279fc9,2021,62484,2017,2018,1
58b84f4d-80d4-4209-8f95-113b0a2870a3,2021,19047,2017,2018,4
40c4a6e7-bf9a-4b10-9769-0adcf54b782b,2021,1330347,2017,2018,3
31b55a26-4783-410d-b4d7-2e0cff637150,2021,64664,2017,2018,1
01bfb3d4-04e1-4530-ba7f-857eb702a312,2021,1203177,2017,2018,4
7a9f58c2-29d7-4607-bb76-3019e0b42389,2021,1288002,2017,2018,3
0a85c7bf-9686-434a-abdc-6b24ee711aa1,2021,1288002,2017,2018,3
d5e8b620-2eaf-47fe-91b9-7c725ee4a6c3,2021,20239,2017,2018,3
51121e6f-652a-46e1-aca8-df0737ba36a3,2021,41238,2017,2017,3
fee24b8d-c306-455e-b83d-ddd2f5c259cb,2021,114616,2017,2018,4
58af9f1f-4cae-48ae-913a-181550eedbce,2021,1136142,2017,2018,3
1ef135c4-29f1-4d81-9783-84f86edada29,2021,513,2017,2018,3
527c9cb5-9ccd-40b3-83f0-1d950bc083de,2021,5000143,2017,2018,3
1b11cd1e-9116-42e8-9ef7-5cd335399ae1,2021,101942,2017,2018,2
a263f34b-4565-4f58-b641-62366370f900,2021,62484,2017,2018,1
5d0d257f-e61a-4868-973e-f95dc3c1d04c,2021,13277,2017,2018,3
a1c4c859-99ab-42d2-8fea-356cabc3d19f,2021,18584,2017,2017,3
a6895140-e12c-4897-8367-70edc5a81c9c,2021,86318,2017,2018,1
a6ae6b2d-1bd5-44c9-abcb-197c0547949b,2021,73140,2017,2018,4
b28bf38d-4e0f-41b0-bcbb-f44f6fa883f9,2021,86318,2017,2018,1
52f23e55-1240-4e36-ac91-ad3612051cce,2021,86318,2017,2018,1
52e908f9-f64b-46bb-9191-680d8f79ff41,2021,86318,2017,2018,1
26afa2b5-7798-4534-a7d0-162d22fd6b27,2021,86318,2017,2018,1
5e2d539d-a55e-45d9-a4c9-a1f8775e6165,2021,73898,2017,2018,4
47d3b6a8-2769-4195-84f8-7f8e54aa3887,2021,73898,2017,2018,4
c0467357-f159-443f-9742-5d3feecf6f30,2021,1351760,2017,2018,4
ba012e3d-e1b5-4d31-8e31-e52447cd05f8,2021,1351760,2017,2018,4
a2d35895-02f8-42e0-8631-2d8d3d7869a6,2021,43664,2017,2018,4
f4c32ac5-9205-410a-a0f5-6df725a7f0c6,2021,43664,2017,2018,4
5b0dba5f-33f6-4ee9-8efb-df6dcdbc89c8,2021,107360,2017,2018,3
b35a526f-609e-4ec3-9800-4f3e1f7ba151,2021,1148708,2017,2018,4
e192f024-247a-4b7f-aa3c-796adc91f698,2021,9440,2017,2018,4
3660083d-f206-4907-b395-60001acfdf35,2021,83388,2017,2019,4
88243cf7-d5ee-4154-878b-581642389ebc,2021,1136142,2017,2018,3
46b06a31-191b-441e-9241-1fc8305635f5,2021,73898,2017,2018,4
87dabc35-9c96-45af-b2ad-294c49e1841a,2021,1032473,2017,2018,4
95257f13-8715-4eb8-9a27-da9beacc5bde,2021,118994,2017,2018,4
077a706b-00f1-4896-82a3-776e367c0cf1,2021,118994,2017,2018,4
a8db459b-9995-4d90-8e83-94a341a3beb3,2021,94762,2017,2020,1
ada94f9c-a849-4b17-af35-dbcec2d683b7,2021,94762,2017,2020,4
93c265ef-7a4d-4054-8904-02ffdb0c7fc9,2021,20009,2017,2018,1
bcfc8925-f9c2-4bad-aecb-b6d62ae5321b,2021,20009,2017,2018,1
44bd5c2b-f50c-4c75-a30b-228870183cd3,2021,20009,2017,2018,1
e7189565-a206-4e52-9a10-ef7558d24da5,2021,20009,2017,2020,4
2ee109b2-1054-41ca-857d-ee37e93683c5,2021,20009,2017,2021,4
159788f8-ac4c-47cd-8f0d-5130d1f1dfa1,2021,20009,2017,2018,4
8f387526-fea4-48f7-8073-0855b36e49a5,2021,1306689,2017,2018,1
10a4efad-c95e-4d74-8a54-1d18b62581b2,2021,1306689,2017,2018,1
32886c18-51c8-4893-a490-36d3ef1684c9,2021,1306689,2017,2018,1
c77d5071-ac5d-4695-8cb2-46e20d573860,2021,107422,2017,2018,4
fd6f554a-9cc3-4e8b-9aea-f0857d2dce90,2021,18250,2017,2018,1
88003070-6e92-4213-ac62-5e7676d094fd,2021,1204325,2017,2018,4
0d8a5e8b-ad38-4037-b0d4-a0e8ff4fe217,2021,18250,2017,2018,1
46e39feb-8b46-4713-832b-e490af95e736,2021,18250,2017,2018,1
eecbf223-a174-4a48-98e6-fa7f062b5386,2021,18250,2017,2018,1
d56070ff-f21b-4b0a-bac7-6cd778e90dd4,2021,18250,2017,2019,1
3a111a70-b0c5-487c-951b-1e14eb8d2741,2021,18250,2017,2018,1
0f58bf77-a72a-4021-b37f-599264b672f5,2021,18250,2017,2018,1
2b5899a8-a3a6-42b9-816e-d9ea5ad667f9,2021,1042278,2017,2018,4
ad113611-6364-43ba-9a99-13e50c858ea7,2021,20030,2017,2018,4
3a38190c-a278-4c57-a074-732c1e1389a5,2021,56172,2017,2018,4
966b1a73-990b-4b76-8c36-2bf678936931,2021,48205,2017,2018,4
af52d342-25ad-4e2f-bc5b-5a8b24c418d4,2021,106996,2017,2017,1
1c9f4536-f0d3-44d0-bbd0-e9e83befe0b2,2021,106996,2017,2018,4
3f8b42a1-3bdf-49f9-8503-479c32950cd5,2021,98595,2017,2019,4
89019ccf-4bde-40c0-acbf-18098adc2579,2021,117532,2017,2018,4
54f1d8a7-a220-4787-9f67-9d08bbed9335,2021,55777,2017,2018,4
90521823-7f89-4baa-acda-f8369af45f36,2021,114616,2017,2017,4
78680cd9-9c59-44e8-85f2-d0005abf7871,2021,98665,2017,2018,3
64af3e39-e8e2-4082-8dc0-697444cc65a2,2021,1300429,2017,2018,3
6cb87cee-98bb-4bb7-8aac-a30139bb6d0d,2021,106996,2017,2018,4
29c92bea-ba95-4f31-bf2a-a9e04159c81c,2021,95175,2017,2018,4
7a666615-0f54-4780-b422-08a33cb126d7,2021,99820,2017,2018,4
83092305-2322-457e-88f4-2af8cea3466c,2021,20009,2017,2020,4
a5be15fa-7842-4234-a500-e0383bc9938b,2021,20009,2017,2017,4
809cbe1c-c6af-4098-9650-96242214e0a7,2021,20009,2017,2018,1
6e6b0fb0-ac76-4406-b154-5531c7436b63,2021,99820,2017,2018,4
39fb2e96-376d-42ba-a782-4a5c41d6bf4b,2021,58808,2017,2017,4
275d4903-fe1d-461a-bd99-db8c1a1146c6,2021,98595,2017,2019,4
8dcdef6e-2eb9-4fec-84ff-39fe685b160f,2021,101942,2017,2018,2
4dcbe65a-6d9e-4b5b-85f4-5c0da985aa3d,2021,68930,2017,2018,4
3943b4c1-0576-42cd-91d1-5820afb27328,2021,1322390,2017,2018,4
102bc1fa-1bd3-4f04-8391-a3a5558ae43d,2021,1322390,2017,2019,1
d39908e8-7a52-4a3a-9a7d-0e469d622ace,2021,47505,2017,2018,4
7a879d17-08af-4c29-9c50-28ed7a34d82e,2021,12025,2017,2018,2
e71b9a43-d7e7-42f8-acf8-30168ccd3504,2021,12025,2017,2018,2
41695f4c-3061-45c5-84f0-6e311250e648,2021,12025,2017,2018,2
733419c4-b165-402e-ad58-261899229fe9,2021,12025,2017,2018,2
4c2b5801-85ef-4e86-aa7d-471266864e68,2021,12025,2017,2018,2
2b34d46a-4109-45be-8034-2935c03aa827,2021,12025,2017,2018,2
541c4191-7427-44f8-a128-e8501130994c,2021,12025,2017,2018,2
a25fdec4-7d14-4a1a-8ef3-cab55e9cfb99,2021,12025,2017,2018,2
b4a5be06-b7cf-4e86-81fc-9e111f755faa,2021,12025,2017,2017,2
3287a597-1a63-4bbe-b33e-65d64006bc7e,2021,49071,2017,2018,4
bf646bd7-2536-4fbc-8b72-14ad7302f02c,2021,49071,2017,2018,4
fb3930fd-edea-447d-9cd0-13ff1dd3390f,2021,12025,2017,2018,2
b452843b-1822-4298-9ee8-97eb1c489e62,2021,60886,2017,2017,4
9b4192ca-8e9f-4af1-8e0a-6545233c183e,2021,1139692,2017,2018,1
06ff53c6-5e61-407c-9926-46685ba2bbea,2021,1422296,2017,2018,1
22080806-c53e-4948-9e59-6a5008642395,2021,1422296,2017,2018,1
c7b9b852-20e1-42ea-818c-dce9b1fc9f62,2021,1422296,2017,2018,1
8b334ae6-1a3a-44d5-83a0-a8e1b1c9a8e7,2021,106167,2017,2018,1
de83f44d-5210-4e8d-bb2c-2f26946448b8,2021,5000951,2017,2018,4
256ecf6f-9a66-4ec6-806b-e1bf4f875923,2021,5000951,2017,2018,4
15cc59e1-ae3c-475c-acc0-6edf1fb18092,2021,5000951,2017,2018,4
4e7945c6-c59c-4595-8be5-845bc7e056dd,2021,5000951,2017,2018,4
e10b2ac6-0c84-48b5-8094-b6ead5f18834,2021,107920,2017,2018,1
519bced2-5233-4a94-859e-e3f36318e62f,2021,107920,2017,2018,4
df672013-aed9-4c1c-b3b2-d051ec5d1c32,2021,107920,2017,2018,1
0480d006-5050-460b-9370-822f94e4c398,2021,107920,2017,2018,4
146bcf2d-db96-4f2b-911d-6d1e93b72f4a,2021,43664,2017,2018,4
59f4ed73-66c4-4670-9a7e-bdf987595080,2021,103062,2017,2018,1
fb931a8c-d72c-4b2a-abac-7e9f4dc864c5,2021,47051,2017,2019,4
bff5c00b-a31b-4c8a-bee6-0aea7ae1f877,2021,1306689,2017,2018,1
ad553e9c-ef9b-42b2-91b3-a74f041c3167,2021,94762,2017,2018,1
318fa4f0-d562-4d10-b0ac-c28dcb8c48bc,2021,18250,2017,2018,1
906cfc5a-a27c-4a5a-9d9a-887d7ce79176,2021,968,2017,2018,2
99ad6916-5b51-4409-8ac3-5c331c6026fa,2021,40343,2017,2018,4
2d00cdac-d4f6-49dc-aba6-ff965ff1b6f4,2021,106996,2018,2018,4
f819f8cf-6d51-45bb-ad41-40383f5e5909,2021,114616,2018,2019,4
1f77b1ea-4bee-482e-ac7d-ee7b46c8bb25,2021,1427745,2018,2018,4
f90cb455-cabe-4024-8271-392ec8a2d71b,2021,1322390,2018,2019,4
31ef6739-8a9c-4b21-b579-42659518b8ef,2021,20030,2018,2019,1
3f4391d5-87b3-4f91-a80d-7bed7d293643,2021,20030,2018,2019,1
ed8ab7b7-e5b0-4e27-82b4-e881ba1dfbe7,2021,1047907,2018,2018,4
54359a4c-d82e-4b17-a096-e58b97173fa4,2021,22047,2018,2019,4
33e48a53-4a6b-4451-a3f0-8a0c272a0f40,2021,1270596,2018,2019,1
a9e808fd-0106-4d34-ae3a-993d67b176e4,2021,22047,2018,2018,4
b255c992-2a6f-4d9c-b1e2-ec48a34612ea,2021,1351760,2018,2018,4
f67e713b-3a1b-4fd7-ac6f-a9f6e0d0e117,2021,1161716,2018,2018,4
7d39f0d7-2890-4429-8517-dedaa28e4291,2021,114616,2018,2019,4
e6701c76-bb67-4199-bdcc-cc60dc114109,2021,74737,2018,2019,4
b8221832-1060-47a0-b39f-3f59a8a02f82,2021,1070485,2018,2018,4
beba0f69-5b85-4f5e-a4c6-614b00894531,2021,53333,2018,2018,4
d88b285c-db20-4f6d-ab4c-b2894a7a39cf,2021,53333,2018,2018,4
5aec427c-1bfa-4f88-b52d-b3fe7d79aca9,2021,1204325,2018,2018,4
cef7f3b6-5e2c-4ab3-9eab-984c00a1b9db,2021,13980,2018,2019,1
3fc8df9f-9b72-4f12-8213-fa8ff3cc4a61,2021,73140,2018,2017,4
1f78a32c-3c07-458d-8366-e18ac1a65775,2021,43664,2018,2019,4
4ed29a33-b16a-429c-b684-350abbd533f1,2021,106996,2018,2018,4
15a9d1fa-059b-4472-9186-a9a91b5a1029,2021,1136142,2018,2019,3
cfaa1c68-74c0-448f-81f8-655005f555e7,2021,98595,2018,2017,4
f0005b03-2bc0-4d08-9a25-2fed9c2504de,2021,1139692,2018,2018,1
e6f11d6f-5053-42d3-baa3-255c92976b51,2021,99820,2018,2019,4
8e456c37-e531-4773-b240-83816bda0c89,2021,53331,2018,2019,4
00a7c842-8532-433b-8b96-558b4703d4f9,2021,99820,2018,2019,4
8e2672fb-efb6-4f5f-8c7d-bb0d85d2bbbf,2021,74737,2018,2019,4
5865c7ba-01e1-42ed-a21e-2addb0136694,2021,22047,2018,2019,4
ae36b8d1-813a-467c-95b2-c6b2a42151b2,2021,74737,2018,2019,4
5db07302-482a-463c-acc8-3aae23af1b54,2021,95175,2018,2017,4
35a1e606-df41-4671-accc-2c0886a74aae,2021,101942,2018,2018,2
2a76eb3c-2c17-45f7-9e05-85c525ed2854,2021,1283028,2018,2018,4
f27c51b1-5980-47f0-9f8c-62b101ffd0d4,2021,101942,2018,2018,2
7db758f7-614c-4348-83fd-f419e8246692,2021,73140,2018,2018,4
09b4594d-b8f8-43a0-bba1-886c6da4610d,2021,13980,2018,2019,1
a7ee733d-29bf-4080-8ce6-2d2c4b6a19bc,2021,73140,2018,2018,4
16b16487-5cdb-4214-81a2-75250b5f4a70,2021,106167,2018,2019,1
09cf8959-3d41-4475-b2f0-ab77be7ab9ab,2021,13980,2018,2019,1
1d2e917e-73d0-446d-9527-197fcf97d54d,2021,13401,2018,2018,3
0fca019a-5a7e-41bb-82ca-bd14051938ae,2021,99820,2018,2019,4
4fc13838-1f2b-4e1e-bc9a-8eee340c774c,2021,99820,2018,2019,4
dc7d58cc-23a6-48c2-9f9a-3ece3a37ad78,2021,114616,2018,2019,4
5e86b91f-8ad1-4fee-8985-a2f7de940dbf,2021,53342,2018,2018,4
1d626650-a689-48bf-9dcc-c95e610d3608,2021,1376181,2018,2018,4
dc1e9b42-f2c7-4c63-9486-b486f98332fd,2021,74737,2018,2019,4
de4fd70d-5ecf-4441-87d8-6061ea0e09c4,2021,74737,2018,2020,4
30225eef-58b8-48f2-9a7d-6fa5f2375cd5,2021,74737,2018,2019,3
267c7062-c4c5-4a26-9567-7cce114d8a5a,2021,1427745,2018,2019,4
1789bb3d-5774-49da-97eb-e8a24fab23f9,2021,94762,2019,2020,4
21aa57f2-da93-41a3-8685-fcc59a86eb75,2021,1322390,2019,2019,4
79403134-e7f8-48e7-aeb8-c3d5b302986e,2021,46377,2019,2015,4
33328412-62c7-4ae1-a725-526662d22f9b,2021,94762,2019,2020,4
572f9ba4-0f44-4895-bd23-678ec3d98bbb,2021,22047,2019,2020,4
f6a4cda3-41fb-4f0d-baf5-2bcd7e6efd0a,2021,1322390,2019,2020,1
8bcc7454-b7a9-4dda-9dab-25c2b4879a5f,2021,94762,2019,2020,4
47899d76-b637-4edb-bbe4-be86d07f0736,2021,106167,2019,2020,1
b6206126-8d2b-46b8-9ec8-7b22b1424b42,2021,1270596,2019,2020,1
807266da-2b4e-484b-bdc3-1f2d7cec18c9,2021,94762,2019,2020,4
a270a350-15f9-44a1-886d-bb6dfaf3169b,2021,74737,2019,2020,4
ed732019-07be-41cc-ac7e-972a4314a905,2021,107920,2020,2021,4
732ac10e-c1c0-40a2-9745-2c156a1b07bd,2021,94762,2020,2021,4
80cb5c90-02f3-4417-a1a4-35612f971793,2021,1161716,2020,2020,4
6b07c6c4-12e9-4197-a0a0-a4d9735675a7,2021,1385942,2020,2021,1
7a5f41c7-d273-4cce-a5ee-13f335072452,2021,107422,2020,2017,4
37bf899b-6ce5-4b50-a44e-43fc87a26290,2021,20009,2020,2021,1
e558d0f5-54a9-48ae-8e3e-273c63e7e03e,2021,37862,2020,2018,4
7fac34a2-de7a-414e-b3da-b3a9c78c524a,2021,22035,,,
83ed52aa-d5f3-4826-a0dd-f870b81b0f40,2021,1283779,,,
45ad1d98-71eb-4348-a2d9-d942f1c597fa,2021,1473699,,,
cd38c5a0-7091-4b8b-974a-06be7e548c41,2021,48993,,,
