id,NU_ANO,CO_CURSO,QE_I15
95aa4aea-76a9-4594-b764-0915ad4bbdb4,2021,1187671,A
aea2b52b-3d50-4da4-bc91-825a87c3f9d6,2021,114616,A
0e367295-a425-47f0-8813-587a9201912f,2021,94762,A
d0a28437-9baa-45cb-8c15-d13543dc329f,2021,13446,A
7feda6de-de2a-41c2-a43e-1c079779694d,2021,108660,A
5259bcba-c75f-4f50-ba60-f0bcd03af4ec,2021,1161716,A
f7cf65f5-99ea-45df-92e2-fc9bec2e1abf,2021,1322390,A
f1a26884-5970-4f57-83f3-910b8da6f228,2021,1306689,A
b413fc7e-67a9-4207-b1d8-33a02cf14962,2021,20756,A
09767977-dff9-43f5-b461-65e47ed56c21,2021,1376181,A
d3ff977f-2e10-404e-844e-2b5c0a4daa2f,2021,94762,A
c7bf0fd5-1b43-4422-b75e-ae6566be8a0d,2021,94762,A
d958abcc-9b02-4230-8305-f238907f34ef,2021,1101244,A
c0b60d43-e507-48b9-9597-2a2b96e1a2d0,2021,113687,A
754fdc1a-0d0a-45be-b396-554ad34f2bd7,2021,1258063,A
a0bd199e-fb7f-46e2-85ba-3a4d5ebc1e4f,2021,1306689,A
03525f38-ac9a-4374-8dae-017e63959118,2021,106996,A
ff6ec722-a8b9-4155-9c58-b643b51cb3fa,2021,13401,A
75f61d76-1386-4525-853b-d06463a492fd,2021,106996,A
d8ca1503-e024-48d9-b0c3-06ddbc6f0868,2021,58808,A
267dba44-40a0-45ea-9f9b-c8a7564c70bc,2021,1181115,A
fc00c348-7af2-411c-bfc3-ea98c86a403b,2021,13595,A
6ce92ea9-4b17-4717-a372-e15216b718a0,2021,43664,A
d92a113f-8c08-4d18-9917-abe2a5aebbda,2021,94762,A
cf4b64d0-a3cd-4fed-b763-47e3a56b720d,2021,101942,A
00bce3ed-72f2-4542-9347-2f0b2521d70f,2021,88084,A
0a942c43-386f-40fb-94f5-30af97af9694,2021,18683,A
252eb076-a31f-473a-8762-731b87bb24ca,2021,43664,A
459f70a6-ef40-4dc5-bc8a-e292f0281838,2021,114616,A
d8f3fab0-8720-41bb-acde-38e86d7e70b0,2021,1351760,A
8a40f015-f1b7-4669-96a9-bf84a06c3c24,2021,106996,A
2e1e9421-3f70-4332-8e26-270e1335c523,2021,43664,A
7475b65f-d94d-4a61-b3c5-bdf22964d964,2021,1265453,A
f0724820-5474-4b51-a488-d5d98bebb19a,2021,88084,A
1ae3dda3-540a-4842-b373-31ec92ba4bb8,2021,98665,A
9b82f152-1d3b-4634-8153-79277c8fefe6,2021,19047,A
e1f624b8-1cda-4e73-a676-184d20a2fa88,2021,48205,A
95ee98c4-5a96-4ac9-bebd-85894b12daed,2021,106996,A
8b76da5d-7e57-4414-ac43-0af9f9e7a754,2021,13980,A
e9ac62ce-6ca3-4a4c-8ab9-f44cba7629e8,2021,1385942,A
9b0f1f8d-c124-4745-9357-b5dd60195431,2021,108660,A
d8d135e2-10ce-45cf-a9f5-142cc22376be,2021,106996,A
7dff58a8-51f0-465e-b839-d6cfeff46494,2021,94762,A
3d576558-9ff7-417f-a6e8-e644291dd5e9,2021,1136142,A
b15f4c54-b0ab-4e82-b316-b28b94e91773,2021,114616,A
07ff3cf1-1084-4942-b847-d11e9e184c4c,2021,108660,A
14e5e411-20d5-4301-894e-26c9699abd5d,2021,1322390,A
8df1477e-3b7e-40b8-abdc-3f733b7e79a6,2021,1187671,A
4f4dde43-7d49-43dc-a70d-880e0de71400,2021,13446,A
e9ab2823-ada0-4cf7-9fe1-06decac659dc,2021,48205,A
a257c864-b1b3-47b3-a0ad-882d0fb6abd8,2021,13595,A
b1caea71-5e5f-40d8-8a9b-361ca1f662cb,2021,1265453,A
6ddfc045-9142-4d44-85a3-aaef0a7f9011,2021,1265453,A
4052984d-a735-4d8b-b298-029d982f914b,2021,19047,A
b33a013e-7a2f-438c-b63c-e0e8a6f0308a,2021,58808,A
bbe856d1-c97d-428e-a673-1760d1ea0088,2021,1181115,A
974af797-c535-427a-9077-2e0c9618f2f9,2021,1181115,A
ddb8f2f4-f1ed-4a36-bc20-987dd1fd850f,2021,118994,A
310fd977-2018-47b6-a13c-58b909f5badf,2021,1322390,A
50b1a0c1-e17b-4567-801f-b706d32fcb7d,2021,1136142,A
6b62ad79-26ff-49e7-8091-ee5c440e7472,2021,37862,A
171721ab-b1ef-4902-b4e2-2abcee4dd083,2021,48205,A
740d66a1-ea60-43c9-adf5-2f587e6ebcd8,2021,1322390,A
ce5ac906-cf0c-421a-9d26-45fd227540c5,2021,1322390,A
f055b855-b51d-4568-a62b-ab7b1e0c4c4f,2021,18671,A
c25e371e-a5f8-43d0-8a1e-788ce849cca1,2021,2209,A
ac23ca87-735d-4ff4-985e-a0d591531ab6,2021,43664,A
98d0261a-e340-46b7-bc3c-57ce3a625a0d,2021,118994,A
8143220b-c157-4286-b072-fe08922ca08a,2021,74737,A
62567784-bb27-40bf-9109-53ac2ade6631,2021,1427745,A
6b049ac9-653d-44fe-b731-c29f9c5d305d,2021,118994,A
d4f50a7d-631a-406e-9ee8-ebb5b63e5024,2021,48205,A
80f8419d-6de2-4f52-86c7-da133866eba6,2021,88084,A
cd7a9af7-c533-40bc-b575-3c517f669316,2021,48205,A
295e5362-036c-49f8-bf35-8c03fe0741c4,2021,48205,A
bdf519d2-bc05-4eb0-b49b-fc06747cef87,2021,1322665,A
5a6d33a0-24df-40ea-b010-206a9fe35ceb,2021,99406,A
58ca949f-8bfd-43d5-a8ec-b59b492bb9d6,2021,98764,A
d9f63a6b-46c3-4284-b44b-c9471c77fe12,2021,2209,A
d5aeca35-157a-4ad8-a2b7-13428bd47d0e,2021,1322390,A
4acba292-5f12-4381-aecf-1de76390f4c6,2021,58808,A
7ffd15f2-b25b-4389-a9e2-5135e53ce2db,2021,48205,A
6182aa19-e61b-45a5-a32b-e3de402515d9,2021,101942,A
0adb43a1-f2fe-4632-b9c1-a12f5b942a9b,2021,37862,A
7e70b4b3-8373-486d-8a66-0cecf50be09c,2021,107920,A
050481d4-0c70-4971-a846-4bb69eb1a805,2021,98764,A
c9fab12a-f288-4e89-9c33-9550cd3ccd6e,2021,47069,A
236438bc-6d89-43f5-af5e-2d5d5634af17,2021,98665,A
5413965d-70c1-4faa-ae25-6328257a5adb,2021,1108692,A
5fb3a4f4-c35c-4346-be03-06a93e056dd1,2021,1300284,A
9b826aff-c2bb-44dd-be59-6c7ac30f8b96,2021,1070485,A
366ff4e5-980a-432b-a62d-03809c17b6cb,2021,97443,A
a8b2bd52-840f-48d5-b2d3-ff3768951196,2021,108660,A
3dcdf944-6963-4c7d-b4da-4cbf8f8f08f9,2021,43664,A
2c8fbec5-dc73-4b88-b81d-77fc751a7768,2021,108660,A
11504ec8-d1d2-4431-8823-6fa2b1383b90,2021,95175,A
46759b2d-cdf3-4417-8217-11378a6413cf,2021,47505,A
b211ff5d-95e7-4ade-9289-4c7b907a0caf,2021,43664,A
04c0c437-8e96-4fa8-a34d-0f9814847a5f,2021,19047,A
91ebd22d-d361-4924-8618-16a758808b81,2021,1322390,A
049aaf4c-9c81-46d8-a28d-4e351a16ed2f,2021,98764,A
22f6f6f5-9270-4104-a869-12c22e5809af,2021,43664,A
8a3e04d3-c694-4af3-b3f6-063805858429,2021,1322390,A
5e51f49b-52bb-4778-944f-16de8e40c80d,2021,1258063,A
0a9f5ba0-e505-4263-81f9-5a29a1057836,2021,108660,A
c61bb7ee-53f1-4ce4-91ac-be020e1f188c,2021,1101244,A
d21cca0a-9ab9-4d1f-a618-1ea9a96b8a7b,2021,18584,A
d34514cd-0dcc-4a23-9469-4f33626d3616,2021,18558,A
77849813-b8ab-4671-975f-7e0d1004681e,2021,43664,A
c07ae445-b780-4ece-b4e0-bc9d943ec530,2021,1102628,A
419cbbff-8a3f-4530-a414-49bd1a5945a8,2021,48205,A
3699fe03-a9d9-4c34-adbb-10281cc5f8ec,2021,106996,A
9ffc5f7a-6233-4b76-8ea2-8dacabd723c3,2021,1181115,A
af3c4e5c-7386-4b3b-a10a-d8f95f32f42a,2021,1190145,A
4a182721-d93d-4f69-a8ba-dcf563522847,2021,83388,A
9e03f820-3286-490d-bd31-2d3ce76e1961,2021,74737,A
c9139dc4-9826-4514-93f6-4a2bb4778338,2021,98764,A
d1877379-782d-4279-8bd0-255f19f8ecbb,2021,19047,A
3ad57b3f-9edd-4e0a-b5b2-6db5dddd89a4,2021,19047,A
c55c6a4f-1e5a-4efe-a387-e59e19fa4ab4,2021,113455,A
60b85574-16d3-4a9f-88a6-feb55535d267,2021,18903,A
7e0a6b7e-cdf3-4eba-a536-65d23cebc1c8,2021,106996,A
f5a0a21e-190c-44bb-ab39-f3dec4a9809b,2021,1306689,A
d633debf-1c95-43f4-ab7f-15599226ab13,2021,37862,A
c96efbce-76a3-464b-b565-077e545bb0f1,2021,1322390,A
dc7a895c-abad-4030-94fa-b050246bc20f,2021,13595,A
bbecfdc3-c14e-4187-a4ae-27ec4cf7e541,2021,98957,A
b26e1f2d-2858-4589-b799-16099fd197bd,2021,106996,A
2be31a7e-690d-4d40-b5d6-10174a6d9b00,2021,37862,A
f0fc4ae8-1a6b-4b9d-aac1-7fc8478301ab,2021,106996,A
d8acb34c-04ca-4e72-8387-7674e66ed43e,2021,18267,A
33d63ec1-3b66-4447-a43a-9e382e6d3442,2021,112086,A
0d7a6a5e-d377-4806-92ad-35c3429599f5,2021,1148708,A
47cf9ed1-2a40-443d-9f09-1bcb7e2308f3,2021,48205,A
e4ec2a2e-8137-41a7-bd65-1b2869e120a2,2021,48205,A
896f1d03-3333-4b6b-b19d-f0886798a9bd,2021,113813,A
7cf54a8d-25c5-4e40-831a-1bf3d9833c38,2021,968,A
bc9d65a1-8fe1-45ea-a13e-daa9861bcf11,2021,1267543,A
bbf137ea-cbbc-455a-942e-e08d47b4a883,2021,1351760,A
57fd6b48-1494-472d-ad91-5d964c26edd7,2021,1427745,A
505bfa3c-28f9-4adc-9c22-ac0395395578,2021,106996,A
5180f3fc-c5f2-4d3b-9d04-3aac525bf4f9,2021,106996,A
7460225e-b870-491e-8dbe-16fd88f8f480,2021,108660,A
42e7ad31-b0f2-4c97-aca6-0d02c6efe033,2021,18584,A
771a9e2b-662e-4272-becf-5046df2b1be4,2021,11730,A
f69f8e61-ed66-43c3-9f3e-72308045a461,2021,88084,A
19c65332-a679-4b9c-85bf-aa1fd6345c5d,2021,1270596,A
8c7030c5-d4d1-4a68-b0ae-6b483dd70dec,2021,13595,A
bcf9233e-b626-4b65-bf82-ca4b677ef43a,2021,108660,A
93300c30-fa36-4222-abf0-521df5d48b69,2021,1258063,A
5b4c311c-82bb-47d8-8e76-35798a1cc470,2021,20756,A
badc784f-d943-4236-8e0d-74267edb954e,2021,88084,A
c95b8f10-a7b9-4d55-9862-f173d3d678b8,2021,1300284,A
b54f2cb6-92ce-4472-9d83-29bf5f563b10,2021,98665,A
a74c1aaa-5baa-4e69-94d9-426fed66f9b5,2021,58808,A
c2c0aea9-6bb5-4489-a233-b2b7d8bb704b,2021,1322390,A
a525c36d-b519-4ebf-a1ad-069398dd0aeb,2021,108660,A
0accc4a4-3d9e-48b0-924f-2e26869a7eb5,2021,101942,A
f0b788ae-657b-4fff-a2f8-7eca073c4228,2021,43664,A
beee5f8f-a468-4a68-b3ba-6810e567daaa,2021,37862,A
7b245721-bc31-4e0d-b9d3-d68372c715e3,2021,48205,A
168263ee-d611-428f-93d9-177a50a1d7aa,2021,58808,A
9308d79d-0cde-4554-a6c8-6713dd10ecf5,2021,317,A
8eed2f75-90e7-4019-9f37-92bf3ac29b7c,2021,43664,A
15229fba-ea2a-40b7-90a2-89b56ac4dcaf,2021,37862,A
7600f414-6fcd-4975-8906-7622aeb20fa0,2021,98665,A
e22acdfb-3075-4031-b8bc-0e13fca4ad40,2021,107920,A
9e27ea6e-84c4-4727-a8d6-5e578ef272dd,2021,1403879,A
b1aff8d4-37d0-439c-8db0-d0470015ec4c,2021,1322390,A
6accce04-2706-4de6-8aad-376fad264e57,2021,40343,A
331f760c-20ef-4005-8e9f-7c67ae0e5a99,2021,18584,A
88c5d2b1-77f7-4e44-abf4-c30da3849155,2021,5000143,A
234a8414-6e30-4b5b-ab33-0cb2e0e8b74d,2021,1403879,A
90e00415-b1f1-498b-8627-7499bd3be77f,2021,37862,A
fedc8d1c-27d4-4309-99b9-1eaffedf52b4,2021,48205,A
8f93faa9-750b-427f-b4a5-73237a045431,2021,95175,A
87d1751c-716a-4c26-9a56-8fd0935d1e0f,2021,18267,A
cd018e09-c59b-4b1d-a4d2-d846bd244f35,2021,97778,A
4a879e2e-71f6-4cd3-bff4-7ebb13ed7f07,2021,64664,A
a1bb7346-4aa8-4ec7-af1e-5232807e7e29,2021,107920,A
0c3ea3d7-791e-45de-8188-a76ee9e43410,2021,107920,A
0c29a534-063b-440f-ac9f-12e091f35525,2021,1190071,A
e18a15f6-5005-44fa-867b-6a425c03c1a2,2021,13446,A
04c14777-e384-491e-a84c-7f3394fb3399,2021,57612,A
ca7e157c-8bf9-435c-baed-72bc5955e5d1,2021,56172,A
a4dfd2fb-7ff1-41ce-b37f-7a34ebd54fc1,2021,94762,A
56fd7bcc-47e6-4433-b209-b92326f5c855,2021,106996,A
8da4eae5-7419-4d7c-a259-8801dd878bb2,2021,107422,A
019fcac7-e0bf-4708-83d2-4e739f81ebbc,2021,106996,A
cb09da68-0b42-44e0-94c0-66db4bc1f8ca,2021,11452,A
a0f896cf-f7fb-4633-995e-4cadf2e8b25f,2021,88084,A
b917d1d7-5f89-4e31-88fe-7b0befdf8a95,2021,1136142,A
4cfefae7-995f-420e-b723-ccf3c65248c9,2021,1299927,A
8b300252-b9b0-4465-a4d6-90ba5cf286b9,2021,1322390,A
4cdd3419-0efd-4941-a83a-4515b1d7704f,2021,18584,A
ff27914c-395f-4cf0-a4cf-16c00bb86757,2021,83388,A
d865e8ca-b63d-4723-9c4b-7ae06dac4de5,2021,88084,A
ba64c689-9ba4-4373-8521-476a985feac3,2021,1102628,A
d692a300-cf02-4444-a408-9aa59054f9b0,2021,1203177,A
af0cf5b4-d2d3-4b3c-afd1-f2091f511efa,2021,48675,A
0d2b4a65-b035-46d3-b8c5-ae88b32d38a3,2021,106996,A
6e59ad38-1c79-48cf-b92c-4f512794c15d,2021,94762,A
54ef2359-9141-47ad-a6ce-0d2dbda6ea55,2021,1265453,A
18c6077e-e82e-42b4-bf9c-07650359d66e,2021,18584,A
29ee768f-3678-4260-9cda-4eb340b3043d,2021,98305,A
8439b909-a91a-4467-ba7d-0c4d03e2adbc,2021,1070485,A
a4b4242b-6c1c-4391-b066-a47a73aa249c,2021,48205,A
dd00ab74-b49b-4547-bb3f-fed5f99de57a,2021,58808,A
9cf977af-4a82-4dbe-8ca4-de46a87d950a,2021,118994,A
c3f7b82b-9734-4cef-9194-054ddf2aa827,2021,2209,A
73b711e2-400a-44f2-971b-b41d250dfd44,2021,968,A
35413941-f03d-408d-9198-0e410ad47909,2021,19047,A
5ec1e6e5-89ba-4d1c-b954-f3709ce6dd85,2021,1204325,A
6d3891ec-7cc2-4897-a910-aef42a970f02,2021,37862,A
daf78ec9-e79e-40cb-9a83-ca55196d88d4,2021,1103723,A
63afd7f2-e1ea-48cf-b8f9-491f8f838afc,2021,88084,A
b4377c79-924b-41f8-95f2-60ec1fbc1247,2021,95175,A
d6d88469-a7da-4fb5-9b46-1b5d919ec616,2021,95175,A
5efbcd53-8366-4658-9c63-1bb75b10b635,2021,18558,A
67cd5b02-8583-4895-bdc5-ae3206babaa8,2021,20030,A
5b3e5810-5d6d-4e63-a41d-44ffab2ab906,2021,2209,A
6e52b2e2-7321-4563-a1c9-e64a578cf92c,2021,19047,A
1d505cd4-ae98-4407-b5e3-2ad9dd3f63f0,2021,118994,A
98b2c16a-9b6d-4d6a-a271-523cf5e3ca6c,2021,1306689,A
eedb610a-74c4-4cff-a27d-6e08ce809be6,2021,1322390,A
53b6bfb6-3967-4eda-b401-d2c5aa0858ad,2021,968,A
f9327c59-825c-4c64-aab4-ed5bb8a5eb6d,2021,108660,A
ac3b9494-f397-4e69-a6fd-8208e2aab818,2021,13401,A
7c5d8b79-3025-4670-9fed-b65f5763b37d,2021,43664,A
c89ed2a6-35e2-4412-86b2-f1081a25fd87,2021,968,A
389ed576-7c05-4bd8-94ad-6c43fe8914f2,2021,67092,A
6a74f8aa-2127-4c51-b2f8-81cb1da4d5ee,2021,113455,A
28aa77ef-5b70-47c8-8772-8274a7102216,2021,94762,A
b56cfdcf-c55f-4c31-91ec-ac8e360f26ee,2021,48205,A
920f4c12-1820-462f-ab02-e3d35f2204b0,2021,114616,A
b8697ee8-905b-4a2e-ac32-a911fe2d97ad,2021,58808,A
1eeba940-85b9-4fda-9c5c-312e0ac8459a,2021,58808,A
56c60dd3-77ed-4f10-8d0f-8f1df49f6731,2021,118994,A
180507b0-e515-401a-9da5-eb1a38ad0f1e,2021,1385942,A
6bf52300-f443-4ad9-b721-8fb44467de41,2021,37862,A
45d48366-16d9-4329-ab38-355c26e05694,2021,48205,A
67f82566-faa9-4f8c-8f75-09031eba2966,2021,106996,A
250bf8a2-e23f-485b-9b80-676c1d957cec,2021,91181,A
ca7566d2-279b-449c-9857-aa4db9302304,2021,1322665,A
8f4956eb-27b8-4f99-8fe7-13952cfb6fad,2021,46377,A
5c5f5bc5-7457-44b9-afb1-f4f6cac16d2f,2021,98665,A
29385445-cd85-489b-8769-15bc805dbecc,2021,1136142,A
aa1dd720-2f03-4267-a3e0-c1d8831eb065,2021,1148708,A
d57393f8-5e54-458d-b405-a73eb20ccf46,2021,48205,A
2a6d961c-92f1-4b51-961a-b2d16cf746e6,2021,9414,A
99a04873-4517-4fe3-ad67-86c035086729,2021,1330347,A
ad645c1c-b001-4c95-8faa-a2c1ea3f41e9,2021,1269545,A
bae09646-7c29-445f-9949-edd5ee2a034e,2021,1267543,A
a2b39d45-283f-4fda-aad0-f8692bb848cd,2021,18903,A
d906d316-11e1-4de8-b7dc-fe427b63ce77,2021,81210,A
447c1fd7-15b4-4e0b-99d4-8423884d87b0,2021,40343,A
abf60076-4125-43bb-9b09-79e58f6fea5d,2021,43664,A
a757913d-87a5-4159-bfab-48c16c91cead,2021,94762,A
ba18daab-97c7-4025-9e3f-d5b0acb8c7fd,2021,48205,A
7ea405ea-3c36-4077-813b-2d8d4da4c930,2021,968,A
a0e371ce-a608-47d3-be14-8b6e5487da02,2021,20030,A
014aebc0-bd72-4950-9ba6-ad64fd62f91d,2021,106996,A
cd212556-424c-49a1-99da-6a0f8ddbd6b6,2021,1258063,A
61e577ff-450c-495e-9b8f-f2ba1b9d109d,2021,19047,A
d83ab547-63e3-4179-9348-caaac0ec9b66,2021,9414,A
0cd93cbb-4a40-4f9f-8ed4-d3a80d197b00,2021,94762,A
fadc8d06-5721-4fcb-a697-999129816345,2021,1322390,A
2081f836-3708-4805-89fd-753e4ad6a0ab,2021,49071,A
b88c7aa4-322b-4ee0-93ac-c530637db2b0,2021,64664,A
88ddb74e-673e-4df1-a939-be680523a8e3,2021,968,A
72596b3e-4274-4c00-903f-dc3a5a712060,2021,18584,A
aaff9b74-892d-4457-8be6-a3949fa3a27f,2021,18584,A
afbcc573-dcd9-47d6-bebf-1dabfd033d08,2021,11730,A
c9fe7801-7550-48b9-8e34-f28cd935094d,2021,1102628,A
7db171c6-646e-450d-856f-2d671c93e45c,2021,37862,A
55f4e09e-0a52-48ed-a86e-63ebe448ea76,2021,1315444,A
85e00d30-aadc-45ba-bb79-90e527211210,2021,1322665,A
d14d4053-bfc0-49cb-b6c2-5fb1ee921cf1,2021,107920,A
30ba9e9e-92d0-4d8a-bd8b-9db37014e1ca,2021,43664,A
2919d54e-ee3b-4d25-ae6e-479452eb410d,2021,48205,A
7f0e4c8a-df13-49a2-93eb-3dad211cd8a7,2021,50981,A
5dd5314b-9390-48f8-9112-5c6035928dc1,2021,1181115,A
4852b2a3-2fc2-4957-8915-47ff76efc6e4,2021,43664,A
c8388a28-4868-4fcc-b241-84fff2b44ae0,2021,19047,A
530b4861-ec90-49a9-8e7a-4ddef6223e7e,2021,90030,A
670bcfe3-7e8c-41ce-b76a-4269ac411146,2021,317,A
6f6c2341-f11a-4fc0-bfa4-32a03db8dcc3,2021,104360,A
de15f798-f732-4868-82f8-f41718aed284,2021,19047,A
4ee59d9b-c255-4260-944a-ba17421fa993,2021,37862,A
8193ca9f-8bb1-48dd-a020-79d9f85db312,2021,1306689,A
95ed86fa-4b78-4d72-9097-bbb98ef01986,2021,106996,A
67f19507-8a15-4bdc-911b-d191c03cbb53,2021,106996,A
a7c649be-464f-44d6-a6f0-1be885e7b18f,2021,1203177,A
d1ffff3e-ad52-44da-ada3-7996a424a5dd,2021,1322390,A
4083a5a7-fb6b-43cc-a4ca-9cf72acc68ce,2021,49071,A
0aa4ef61-7d1a-4f8c-b44f-99308bf7e4f2,2021,1181115,A
6f10b0c6-6a6a-4f2f-b38c-a5320385fe9b,2021,1181115,A
f298348f-8aac-4086-91ac-db5551df15e5,2021,108660,A
1b7eea18-80f8-416b-908b-2c53a8cd88f7,2021,20030,A
7f9f0833-04a5-4da8-92f7-04965656f0d7,2021,1102628,A
292d10ff-5055-49e8-a52b-f16c0bd6508d,2021,55402,A
e17a66ad-a081-42e1-9d65-bc78a470ce28,2021,94762,A
55a4c7ee-b36f-407a-ab3e-a5933e44e6cd,2021,48205,A
5670a6c7-5687-4da2-af73-2732c0eb3370,2021,48205,A
15c35f79-7aef-4649-b4f6-9095f6329bee,2021,48205,A
a21f7c74-0f96-4e2e-98d1-092774daacfe,2021,1314243,A
c67a0fa3-5d4e-41bd-ac7b-c6857895f398,2021,57606,A
a1a5fad3-c26d-4a9c-9758-53d6bd7eec9f,2021,1351760,A
dbb1ef53-f88c-4db4-9114-72e2e43d507d,2021,88084,A
e3f616f3-9481-4f07-a276-cb8cb3f0add4,2021,1288839,A
63cbe070-793a-43a6-8fcd-4f4732861d5f,2021,94762,A
85c33ef9-d5b1-40ae-a260-d2aeea6c1782,2021,1047907,A
727cb8f5-6332-4c8d-99e1-579f09030c74,2021,95175,A
f3dea5e9-46bd-4660-b92a-c0f8f46cae49,2021,2209,A
ef83ba63-ada5-41bc-a045-87bfc3e3b60a,2021,1314243,A
f77f2557-2f95-4df1-8196-d5942c6bc1a7,2021,13595,A
4af33b83-6404-482f-b128-d5e0c86a2ca9,2021,13595,A
eb4a009d-87ba-42e6-8145-7e61c9fa5ce6,2021,1376181,A
92e7c60d-59b9-41e0-b5da-de71a2219167,2021,74737,A
2950fd61-fae5-4690-ab56-524fdc57ec9f,2021,58808,A
a00e36f8-5324-4def-87dd-b793bc5c6569,2021,9425,A
d9d3e54b-d012-4ad5-9c8b-7860273a199d,2021,18558,A
6ca64f39-02ea-45d9-9fc5-b0c77a69ffbe,2021,104360,A
3e9556ad-8ffe-4e4f-8f24-bd60d547ac9e,2021,101942,A
ccedb5c8-3314-40f1-9e5a-c8b6ea793e60,2021,13401,A
f1ec6d4a-081b-4e88-8919-8591c67cedd4,2021,13277,A
b2bbfc27-2812-4397-a983-9bdab5b49f92,2021,1314243,A
5a9da8cc-613d-4268-96c4-13b77126b91b,2021,11452,A
86ee6a84-688c-4622-b5eb-f2ca467ef405,2021,19047,A
b607705c-3d84-4cfa-8ef1-a0cd265d5b1d,2021,1351760,A
b78dbd75-d94c-4d29-943f-98d0c223a13c,2021,318882,A
c77dc009-a2a8-4880-ace1-496b77b5d93d,2021,88084,A
342356c3-8388-4a66-986b-f4bfcf1a0144,2021,1306689,A
201306c9-2572-49b3-b8a1-69969301db75,2021,117532,A
9ab74896-b3d3-4622-9081-57105cb517f0,2021,1300284,A
44f4b259-327a-4232-b9fd-b2150b9052eb,2021,108660,A
c6423afa-45d3-4520-8766-d52d648cb207,2021,113455,A
6b34e26d-2426-41f4-b797-409f0c149360,2021,48205,A
7e5f5cc5-4201-4fb0-970b-97f269157c0c,2021,53333,A
337b4ec6-d092-4485-953b-e25ec92a7100,2021,1190071,A
2b91bc1e-dfd3-4151-8895-df68806934c1,2021,11730,A
7e1c2885-3bde-4bff-b75f-389377181ef9,2021,104360,A
e99b4a04-5159-4208-a000-fce03271a27f,2021,1181327,A
aa85ab8a-5e40-454e-a6e3-2be4d695b1f5,2021,94762,A
7938727d-7582-41e0-943b-02e433250936,2021,22047,A
9a6b3fe8-ecd9-42cc-9e3a-5c10bd8b270a,2021,1300429,A
2e8a73f1-8942-45f8-b6f4-083816e773b0,2021,55777,A
719a252d-0b59-4025-a895-1fa2cc0ae841,2021,58808,A
a1606b4a-4a82-49bc-acb6-14b2156b985d,2021,106996,A
34f16927-f156-433f-ada7-04f812d0f215,2021,107920,A
67c9814a-e91e-4f51-8976-f759338524c9,2021,107920,A
1bc9c627-89f2-4811-a349-ddb3a5841f62,2021,968,A
e631c29f-d0ac-4633-8cf7-5ab6531c14a0,2021,49054,A
ecdf5a96-9500-46e4-8212-803ebeec0e02,2021,20933,A
01495456-3365-4850-8d37-a2a1adb88a8b,2021,98957,A
9cc927e4-e6c3-4fb3-a1de-a70e33a8ea57,2021,98305,A
1263f5f7-af01-4245-814f-c02507c6f5b8,2021,13446,A
f8f0b1f0-280f-4254-9b27-616713aed488,2021,19047,A
f2ee6f28-c1ea-4e79-8277-c76f99018e8c,2021,64664,A
9dbb0bd1-a14f-48e9-9c1d-322ff29afa42,2021,1306689,A
8121e989-66af-408c-b960-6d57afd72d26,2021,55777,A
791f89fa-1599-4f02-b78e-840a429ecb15,2021,101942,A
59ece772-fb36-42e6-a702-6803e9651aab,2021,19047,A
0ee41d90-4771-4d20-a176-6ba5d9ac6faf,2021,94762,A
f1bc522d-bfa6-43c9-8adc-2271ee4faac8,2021,88068,A
585242ef-1669-4d6d-8c9e-3f950f962ca2,2021,20030,A
7e763e2a-189a-4b63-a333-2623a2d13204,2021,108660,A
6aa629ce-1b9e-4876-a573-3ab68a3d4f24,2021,73140,A
6223070b-8485-48b0-8c03-5f3a3bc64690,2021,101942,A
96aba1d5-5c7a-4265-8cdf-c1aed5aca427,2021,11730,A
ef67284e-42fa-4aa3-8846-e7a34d5cc5d9,2021,13446,A
22a60ac7-7eb4-4823-a295-3689cdeb7a67,2021,58808,A
21eb5921-6bb6-4ea9-a3f5-b56b06f7e441,2021,11730,A
a7cd6f05-7c36-413a-a680-5dfb1833db1c,2021,20030,A
44ce9911-62c3-4ce1-a702-db9546b4a39a,2021,20030,A
c6938d65-c497-4c80-bf35-39a497c9d4d6,2021,1322390,A
874fa8d8-e681-4815-b46b-3e62ece6e319,2021,1322390,A
26932c3c-690c-46c1-a223-5f005f5acf86,2021,1322390,A
82ee7896-d8aa-4c83-9676-bc33ea83c42f,2021,1190071,A
2e973d35-a447-4b31-bd82-861f73b643c3,2021,2209,A
5c3284b4-47a7-4f35-be9c-7916ac3a9840,2021,83388,A
d012508e-3277-41a2-9c25-31a4e98f8c1e,2021,317,A
5de7d2fd-dd7f-4c9a-9b6e-54d635a97ac2,2021,108660,A
ced1fb6a-c2e1-4e7a-a1fe-86ad25a066e7,2021,67601,A
5d16925e-c2cc-484d-ae5e-0c9134c7020f,2021,49054,A
f1ccc856-fe14-4a82-b668-290d9c3b08b2,2021,1318224,A
32d91ce4-2060-4f70-a4d0-325aa52b92cf,2021,94762,A
f7c91182-5187-422b-9652-4715c639980c,2021,18903,A
63f79cef-c9a4-42d0-932d-8d344333e1aa,2021,58808,A
3b613c24-5b10-4403-bc44-b24003c57bcf,2021,83388,A
2b1a3b45-0cf5-467f-b5d5-d0c8b1edc30a,2021,88084,A
5d51957a-3669-45d1-9a04-a7ac25b54cfc,2021,47051,A
e6bfe42e-4a88-4b2a-b52f-5bd9d333e01c,2021,19047,A
35a87340-042b-4e82-a276-87e2f7d49e62,2021,113455,A
82b6e772-efd6-4ec3-b8cf-c4574a73afaf,2021,113455,A
82a5e235-54ca-46dc-aa1f-2ed5fd1db28e,2021,1190071,A
85846bc3-87ec-44f7-91a1-253fb47d25b7,2021,98764,A
834c014d-96ee-4019-b401-e8a8bf165edd,2021,67601,A
46717fbc-79d0-4057-b83b-9356c4a22c33,2021,88084,A
2aad2ada-ef59-4efb-a77a-bcc6d47219ac,2021,37862,A
af9bac0f-2c97-44bb-8372-b7c46775eea1,2021,48205,A
fcdc2079-43c8-4a6b-9c2d-810f8b5d9deb,2021,968,A
13c72b5a-d05b-499f-862b-af0296f95ffb,2021,968,A
029aba5a-5d0c-403d-85f3-a27629a25924,2021,5000135,A
34127d4f-2482-4e1d-a6a6-4826db20576e,2021,1306689,A
f16e8e19-296a-4e39-8038-bed810eef393,2021,1427745,A
98314e6d-5c8f-44d2-8869-07618d8d3f5f,2021,1385488,A
e0a26f1e-a3ec-499f-90ca-2e6400b9dbfc,2021,41238,A
579eb07a-9448-4c45-92f6-2c2270c1d902,2021,118994,A
f18dbc00-fb59-43d3-95e2-4218073d14d1,2021,94762,A
70dc9cbb-d481-444b-80c1-bbd7a194cf20,2021,108660,A
715e5d81-682f-440d-abfc-de478c0996fd,2021,13277,A
c52007f6-3bc6-490a-8278-d2b8187cd43b,2021,98957,A
c69038de-f979-486f-80c5-906f7b06f037,2021,13595,A
20bde768-0195-4b8e-b06a-58229e7617ff,2021,20030,A
5f75adef-1627-47eb-96b6-817666ad753b,2021,106996,A
0b750c7a-d586-4dd9-a582-127d54fcb970,2021,55777,A
ec8e8865-a866-4e61-a182-46b02c9e8a00,2021,1322390,A
e9f69921-bb08-4650-a3de-9318a5ede3cf,2021,64664,A
895d04ff-639d-4211-94c2-e8d743cd7697,2021,1306689,A
932ebd61-07b9-451e-9e9a-9939f549c0b7,2021,101942,A
d5a4ba5b-8f6d-4cbb-97bd-51c8537fe892,2021,1269545,A
c49dafc8-f459-4533-a1d8-d8121f9b5e1e,2021,1376181,A
1c1e496c-a613-41a4-9cf9-b16376458146,2021,56172,A
8b135f29-da49-467e-bc73-15bf01a84c4e,2021,106996,A
d87929a8-273f-4065-ab94-00f0755da1bd,2021,98764,A
2e544626-230c-4bab-8c68-e4cf7a00650f,2021,1117717,A
d1ab0427-3be7-48c0-a642-46611b4f625d,2021,11730,A
5a84165b-27af-412d-8452-119802dee967,2021,83388,A
63845d14-00d0-4e77-929e-2370d0e3248a,2021,118420,A
d28b97d3-71a4-41e7-872f-46b27cf8c289,2021,1288839,A
c9357d96-d7e9-4bcb-95d4-cd7b64548778,2021,68930,A
f5e71a6c-63f1-4ece-ac08-13828bcb7c6d,2021,18671,A
9f4c6f76-aea9-45de-9dc0-757d3eee0403,2021,1300284,A
8c266bb6-be3e-49e4-a1ff-15591b752707,2021,49054,A
77418877-bbd9-461c-8462-332cca12c10f,2021,58808,A
92d83a54-43b4-4f78-9f00-2db3d532eb53,2021,1322390,A
db2aebc3-02d2-4855-bccb-57d3c72edf74,2021,43664,A
51bfd2fe-d304-4a2e-9aa5-beb27c257b03,2021,968,A
4cc7943b-ce4a-4649-b45a-32f317892c4d,2021,1190071,A
1a4461a3-e5bd-4ba5-bb61-7d684fb27a12,2021,90030,A
35780faa-20cc-4d14-82ce-c77e5fce6f2f,2021,1283028,A
a9f96977-4334-4584-93f1-016877b6ab71,2021,107920,A
cb4b4334-9704-4341-824b-68f7d06eb664,2021,21464,A
f7d0d48e-7e24-49f8-a3c1-b71d1d7081ca,2021,48205,A
297b41d9-b7a3-447b-a307-f92d44c66f21,2021,106996,A
847d730a-ad4c-4439-8305-18baab8164cb,2021,1322390,A
0042e2ce-5852-465b-8099-59cbd1206cb8,2021,1101244,A
c40d1258-65dc-4c64-b238-348493486db7,2021,58808,A
918ae1a2-2465-485f-a41c-39c50006888a,2021,108660,A
b44a2232-3875-4e6f-8989-080928bd44fb,2021,88084,A
5e7f4ac4-1545-445e-be2f-cf83b418c39d,2021,1403879,A
7d9856b7-dd39-46ac-a67c-b87303b0b52c,2021,94762,A
255e1ef0-8535-4000-8e58-664c65c8c88b,2021,9425,A
ba780bec-1cee-47bd-a985-f59adac42259,2021,1385488,A
4380787f-e0dc-4dfe-8eec-f6cb76264905,2021,13595,A
4652ba9e-37bd-4fdd-a99f-73521e28c5a1,2021,18903,A
e910947b-093a-4602-962c-dc3b38693d44,2021,95017,A
c8e24e59-eb33-4058-aa01-7bad8a5e4aa2,2021,20030,A
a88bd412-8e9a-4f4b-a6fb-b521277918fb,2021,1427745,A
ef1d68bc-280c-4d5c-9d59-102a28274936,2021,106996,A
eac38ac3-fcbd-4fb0-83e5-3cf285dae453,2021,1181115,A
142b4943-e91d-4598-a1b1-d32c7ecdacd4,2021,43664,A
ba1f9b63-e8c6-46ca-b308-cf7dcab41568,2021,1385942,A
a3ba9340-ea31-4847-adee-3c5081cdfa97,2021,317,A
34551653-b6d5-4115-95d0-e68848485694,2021,108660,A
cc1face0-62ca-489a-91cd-1db078123602,2021,1376181,A
1efe44a8-ca70-4db7-b877-91c027101292,2021,98595,A
48cef23c-c758-4686-9c58-f35ff8b61ce2,2021,1270596,A
36a8f4dd-7086-45bc-83a8-712b8874d0cb,2021,107920,A
31d6d697-dd34-42ab-886c-9683b63b4bf6,2021,112086,A
7d9c16e1-a0d6-49ec-8546-f8bd0eafcb87,2021,37862,A
30607628-b177-4452-a2d9-3f7f222a669e,2021,1288839,A
f046a865-f087-4375-9d25-52899308ea27,2021,5000135,A
2707022e-f5d0-4132-bc33-0a9fe32f4211,2021,88084,A
fa968b89-7ea8-4f15-aa4a-e282d150b61c,2021,1306689,A
787ad758-225e-4c3c-833a-15d54400f76a,2021,5000143,A
a22f5b5c-3721-439a-b433-4f1f61df25bb,2021,88084,A
76e6bcea-d4cc-4c48-8bec-367ad881ba0f,2021,20030,A
a7962733-f461-4d7d-98fd-658e74d91f23,2021,106996,A
a36ef31f-bf49-42a0-9245-4fc4c16e2a29,2021,1322118,A
6c976c79-e0e8-4916-b8b3-e3ce5781cc81,2021,5000143,A
723e3e3d-f94b-408b-b7fc-888313ce5989,2021,1265453,A
f8b48a87-c0e5-4895-9d15-272c4a7ae0a1,2021,13446,A
925039d2-c177-4ab5-b59d-75fd1658ebbf,2021,106996,A
3a129776-294c-43eb-9b7e-352379a3b565,2021,37862,A
9bbc0d70-55ac-4b1f-ad7d-d0bbdb9c5c0d,2021,48205,A
329b1430-b483-4cab-946b-cd88402d9312,2021,48205,A
3274d5a4-7491-4361-aee0-f4e91e600a13,2021,20239,A
68a160c1-5ec6-461e-a5e5-f5009883ccc6,2021,1181115,A
2b174940-dd4d-44b5-b98c-5d4101b0ffe6,2021,103062,A
e6999b0d-1421-4dd6-b863-fdae18be243f,2021,968,A
2bd7775b-02c2-47ef-95f1-e648454fa44f,2021,91262,A
f3b7c83a-2aaa-4185-9c0a-0a042e04d689,2021,112086,A
611ab3fb-6c84-4b49-8882-faae1f661c7e,2021,112086,A
b1c4466a-6278-40eb-91c8-6194449327a7,2021,5000143,A
73db819b-7598-4ca1-9c96-0cca605b3069,2021,43664,A
48d9aa10-e99f-4f19-a308-257f6bddd5ca,2021,108660,A
57c01c99-c03d-4ddb-9ca5-6bdde4d08341,2021,37862,A
8e3c1f84-2eaf-4a8f-bf8a-16628b0a7c25,2021,1376181,A
735ed8c1-06ae-481c-916a-9e3906857ae7,2021,1269545,A
9a6d056a-7ef0-4ae9-a21a-3eced1396918,2021,11730,A
f2a975f3-1490-4975-b586-0e93c39b0a13,2021,1070485,A
c42e3858-f8a9-470e-bea5-50b296d771eb,2021,1376181,A
70ce0a93-258f-4d10-9b70-3b7f40b35866,2021,1190071,A
773043f9-fe12-456d-81ab-96f7d4719934,2021,1376131,A
3349eaa0-24f3-4b0c-a26d-865684b2d0ff,2021,5000135,A
5354d3e1-efca-4b84-abca-1a7a39f0ec34,2021,1204325,A
b3e20b50-93ec-4223-aaa1-d8d6135cc05a,2021,13595,A
83e995a7-6aaf-4041-908d-83673ad2b560,2021,83388,A
74260273-846d-4355-9998-88e5c538a247,2021,94762,A
139f877a-5664-494e-a2ab-2c26944ff55c,2021,107422,A
edb75791-54d5-44a7-9967-fee114d97eb5,2021,48205,A
e17df29e-ddd9-4dab-8364-11817c360740,2021,18683,A
b4074f2b-722c-462c-9c09-2a36171b054c,2021,1376131,A
81d1fc06-16cc-4f08-a785-27ef7b6e549e,2021,106996,A
07680a83-746b-4b42-969b-734459e85a60,2021,37862,A
27dbbf33-a002-47e2-be0c-996ff91a7def,2021,1190145,A
39647382-9bdb-4512-9392-6ac6adfecd14,2021,37862,A
86f7766d-b097-438f-948b-1deab4d6fcaf,2021,20030,A
cb398f14-e9bd-4335-ae64-96e3c2611294,2021,1322390,A
eccfa299-3432-4564-98de-e621b9159934,2021,107920,A
20a50c98-17f8-483a-9d57-85abef3724cb,2021,968,A
94a35362-a3f6-4ebb-ae99-aa1fe84f1b3c,2021,18584,A
ac0b42dd-0861-4e89-9feb-0eef1f06bc0a,2021,94762,A
b1302ab0-b767-4b51-a320-11e5e24349dc,2021,22047,A
b207e294-9ed1-4708-9606-ec192025f74e,2021,1314243,A
6ecfea45-cede-4c66-9fa4-b4324dc175bb,2021,9414,A
2c9c5bdd-6902-494e-9ace-5b6114ffbfe1,2021,117532,A
1cd49816-4d5e-43ce-9245-4013904a4787,2021,95175,A
ccd4b6a7-2ecc-4595-af77-92c065a83eb3,2021,1101244,A
24b9b563-c0a6-4780-8a13-ab01eab5ef2a,2021,48675,A
b726aefc-a54e-40bf-8d65-05f7d857bb76,2021,94762,A
8aa37172-579a-4bd2-b50b-21aa9e9dee9c,2021,1103723,A
3ca0f92f-7753-4f42-97fe-ef16b3362a92,2021,37862,A
c58fa749-5f5f-49aa-8657-84f64f96a36e,2021,59122,A
cc417a20-2287-45cb-84d7-0e9ed1bdf96a,2021,9414,A
cf2ecf25-ffee-4c09-a3a2-33d6463cbacf,2021,5000135,A
0ebdeace-04bb-429b-9d08-f33b0912ee8c,2021,1181115,A
57cfb590-49a2-418d-a93d-fe85286824b5,2021,5000143,A
99fc38ac-4823-4335-8dcb-fb8885c2d272,2021,47051,A
858178ef-0940-4d96-971d-79abb592c000,2021,5000135,A
5d467753-2720-4132-8f04-374d5198d01b,2021,1190071,A
afda2aee-1756-475e-b7f2-d84834e816d1,2021,1101244,A
aad7129a-79ee-463d-94fd-af136b49502d,2021,98957,A
ac4ed824-4fd5-477a-9068-01e9d0de93ad,2021,5000143,A
939d70bb-7679-4c2f-877b-8df8da3bc37e,2021,1148708,A
858c28c4-f761-4629-8a43-9d0eee5ea264,2021,37862,A
dc5ad3fc-4e9c-4b2b-a030-f07397863c1d,2021,1299927,A
0ab0d845-f78b-474b-ad66-57d5d2be68c5,2021,20030,A
8cb70d60-2867-4669-abcc-431f60cc75d1,2021,1322390,A
3f60f257-697b-4a5e-bf07-08d3811702a1,2021,1190071,A
8f8b8277-cdd3-4980-8a17-a5995662e89b,2021,1270596,A
e8bfb56f-2c01-4bdc-a83d-eed8b456b84b,2021,1318224,A
db1c778b-e63c-43db-8a3f-4d582ad9da69,2021,83388,A
52104b0d-081c-44fb-ae60-e01afb3f3065,2021,968,A
a1fcbb13-b952-46f5-945e-158d1dd47d45,2021,968,A
fec729de-1619-45d4-9411-4ca6967a1c1a,2021,968,A
8a5466f1-a229-4ba1-9255-cd0b68a979c7,2021,968,A
a8288489-94df-42e7-b01f-b2600ae70b30,2021,1108692,A
12eea364-a581-4512-8731-4bc87d477f85,2021,1376131,A
97c9aa65-5e91-4b06-8fa9-1546aa91560c,2021,88084,A
d5486138-41f4-487c-a95e-e6d2d64f6e60,2021,1136142,A
a434509a-e976-485d-a2b2-a858714b37ce,2021,48205,A
bf268c75-aadb-4886-9477-68d7a73f1d99,2021,20756,A
ecf0586a-eccf-4897-9ef8-63083b1cd82d,2021,49071,A
42528c87-6b39-41a3-974e-3ec694b5ae11,2021,113687,A
c02c2819-9a28-4378-97a8-562e2da2a639,2021,513,A
bebd5a8e-1f67-483b-8355-70ffc5b8d8d7,2021,43664,A
97c974ac-9348-449c-a484-26047ec615da,2021,107360,A
2cc74b0f-75d3-43a9-a40f-9fba2037781f,2021,13401,A
35c25eb8-e233-4bda-9eca-f1b862ffcddb,2021,113455,A
902e6826-7d78-497f-a82a-4af0c8a6bd0d,2021,20030,A
9093d415-e354-40b8-87ad-b22840b99f29,2021,106167,A
e38e7a28-a30f-4ef1-88f2-61f97b78c3a7,2021,108660,A
dff7f32c-b6d9-4f06-b580-cff33851ee7f,2021,101942,A
bdd65e4f-98db-4c4d-8299-d0fc83c8a365,2021,98305,A
bf2ad4f1-6e99-4569-874d-f1f3ac9ddf18,2021,318882,A
0fe5e3e7-e1de-43ab-b4e4-7bd9f642e5d1,2021,43664,A
c8b6d2bb-d495-4e09-97f5-a7c65a27c692,2021,106996,A
b1bdc7bd-5f9b-426c-943a-9c36bc6d512f,2021,95175,A
69feb825-43d7-4ad4-a94f-d6b7b7a716cb,2021,1322390,A
6d0cf51e-1af2-4fad-836c-606008f2332c,2021,1190071,A
1a55babb-1138-445a-bd30-921f0e598e85,2021,2209,A
3bd270ab-d651-42af-8391-0ae9e230a1eb,2021,47051,A
24d59e2b-7878-49e6-8cc2-a40ce9681559,2021,1314243,A
94facdd2-92a6-4a36-94c1-03f33fc745ca,2021,1136142,A
5d326901-2b83-4d3f-a7f7-8268acf454dc,2021,113455,A
b345e143-df66-4905-975c-83afad8d3a5d,2021,22047,A
71de734c-5c6f-4835-8236-28c2629c9528,2021,106996,A
c86e920e-0854-4b02-85c9-ea375f07947a,2021,57612,A
a5fb2adc-54d2-454f-952d-ed2c2e7ddce8,2021,90030,A
213f6bc0-b62c-420b-9e55-3a80eef636c4,2021,22047,A
28b1d838-a8f1-4a68-8763-3eed16a6d45c,2021,20030,A
03602728-59d3-48f1-976c-c6f5a920de03,2021,95175,A
6d61b2c6-5755-429c-b30c-e30d6f6e4865,2021,5000135,A
126ff35f-d275-407c-ab2d-501b372046a1,2021,50981,A
b6233f11-4f89-42fd-8226-2c4225e8a643,2021,95175,A
3ef94b01-aae2-49e7-8528-3f26e707f2f9,2021,1322665,A
861fe2c2-c110-4fb6-97a5-9598fb563c88,2021,1190071,A
bff241ff-f6f5-4567-a256-98cf78c2b8ad,2021,106167,A
74a0d60f-3dd4-4b65-91b7-6b53e2f6f8aa,2021,1385942,A
ea027e2a-751f-498a-987b-d69eeeb44768,2021,19042,A
ad0df086-4d85-481d-9224-170d4fa4b160,2021,47069,A
3f5ecfec-f818-4231-bcf4-e524398d4d89,2021,11730,A
44ab78e2-c4b2-48aa-9740-cbf6b0945cd4,2021,37862,A
144c83b7-9f22-4c1b-a1a1-cccc7d615795,2021,20933,A
857242bc-f78c-4195-b5b1-d63771abe560,2021,1047907,A
0c5628d8-13c9-4a80-b7e6-cff218271263,2021,48205,A
e850ffe5-2407-43c2-afb2-403302b6f532,2021,48205,A
74fb5ff7-92ad-4ca5-aa6c-8eb64302ba8f,2021,5000135,A
0e105b24-8fc0-48fd-882a-a0bd8d47ae09,2021,108660,A
7f26c119-c488-4d04-b12e-fe20de3d327f,2021,98665,A
02c21a6a-fadd-4200-a79e-48997d954802,2021,1288839,A
3fcb4651-4fea-4183-9251-18028aea96cc,2021,94762,A
7e925b5f-d3b0-46cc-8c5e-0593b0ec5802,2021,107422,A
89fd3219-60a4-4ef0-b7f7-9d2d78d971e8,2021,1376181,A
bd4c74f3-92f6-44fd-8f8d-cff847b4a114,2021,106996,A
1d81ef8d-2d6c-4a76-8d9e-2b9fc8bf7d08,2021,1322665,A
24d0b36b-31cc-4881-9d76-2a27d58d7e67,2021,1376131,A
4849a5ac-654c-43e2-a634-253197e476b1,2021,40343,A
004a501f-a35a-4116-979d-fee566fb1643,2021,54934,A
5f92e4e8-c72c-4ab6-add8-8482ae35775e,2021,57606,A
9574d9b2-971a-41c2-a304-48048ef387b4,2021,1351760,A
dd5de0e2-9b30-49f2-b1c8-4c1615917636,2021,37862,A
79876968-2040-4e7b-a9b6-b6ddee9659fd,2021,59122,A
0ed49d18-d7e2-4656-8d6e-e9d3de64a684,2021,20030,A
89a7d2a7-4bfc-47e2-8416-031362337f36,2021,98764,A
6c5c0602-dd22-4f5e-9714-dc1c8944da56,2021,43664,A
dbe211bc-2134-48cb-962b-ff9d3f1b423a,2021,57606,A
9abb318b-b937-4365-9fd2-a114ecda59fc,2021,67601,A
6b9acdbe-0956-48ba-b236-ee98d246d19f,2021,107360,A
76de42ef-cbf2-4133-97b4-d7dc68271530,2021,1265453,A
500fbb2a-e307-49f4-b227-ec163f116505,2021,37862,A
f4b1aeb7-d739-443d-945b-632d5002e0dd,2021,18584,A
d5890257-d264-4c99-8eaf-ddad3806f615,2021,73140,A
afb4f601-282b-460d-9048-67248d3a1465,2021,1427745,A
ab844243-b30e-46b6-ab84-7dea180d854c,2021,1190071,A
fd4c2a36-2d9e-4050-a68c-56fe6e6de09f,2021,1385488,A
14e0b0c3-e1c7-41d4-8f16-fd494dbdba20,2021,5000143,A
99918cd9-1eb3-4075-bfbc-b5a0bbf72f36,2021,107360,A
28478cd6-e817-4f98-8e59-5be9519672d0,2021,49054,A
c9fd8149-a6ee-420c-9ddc-65c1eab4b80b,2021,1283028,A
19b79728-6a0d-42c7-9089-d139d6b87402,2021,48205,A
9cf746ba-0236-4f9a-bf61-1a65b84a03f5,2021,97443,A
06b02544-21ae-46ed-a2b0-0531c51dc6e8,2021,1190071,A
23f0b71e-d2ac-4941-8123-28b2725009d3,2021,1318224,A
0e67f518-71ee-4ac0-bf9a-e4ec1a0f3ef7,2021,106996,A
f6b01a84-b739-428d-be83-bb1c4be59658,2021,1161716,A
35c36492-b257-46e7-8e8a-358be5b337b3,2021,1306689,A
f8ac23f9-7130-4cb8-909b-0ed5ba1e508b,2021,1288839,A
9048bd7b-f0cb-4ad0-b514-4623754fdc58,2021,37862,A
fbbc9265-9104-4aa9-aecd-143a2c60bb61,2021,53333,A
acfa21c0-0b7d-43b1-ab13-cd633a9c9737,2021,37862,A
37d489d5-71f9-4db6-b538-1fba77c5d6e8,2021,1322390,A
01e80d12-b16b-46d0-b007-048f23da4098,2021,106167,A
cd9d4d08-4a6f-4967-99a4-0e96353328c2,2021,1187671,A
0716ec89-d232-4c93-86a8-e524512ed9af,2021,88084,A
5e2f4880-8563-45fa-8dd3-ac01a0e1ff6c,2021,88084,A
eb475cd8-7299-46c2-83c0-900414dd3aa4,2021,1070485,A
e8b31efa-4de9-4998-95d6-69e72e42508b,2021,74737,A
c242e68e-7c33-48bf-9e5b-51043cc8b994,2021,1376181,A
9f07de16-2df0-4838-93b8-d7496748d279,2021,1322390,A
f529a7e0-c550-41c0-a56f-5bc5fa89e203,2021,91181,A
bb17d090-b44f-4030-8fcc-475527eb8efb,2021,98764,A
f3ab12de-a09e-40bd-bb6e-e36008c5d944,2021,103062,A
865f6d68-c731-48ab-9139-92df36ff54e5,2021,19047,A
56262ce7-21ff-47bf-bbc0-1f400a5744e6,2021,107422,A
f51c2395-fa4f-4d99-931e-b67fc1e9a633,2021,74737,A
7fc9cea5-c8c0-4ca1-856f-4cd97d365505,2021,20030,A
7174aaf7-a78a-4cd4-a24d-970353c9b472,2021,48205,A
ab571975-e1ec-4a65-9deb-2016bd409b24,2021,117532,A
687387f8-adf3-46a2-8307-4250246fc062,2021,1322390,A
d8c73093-10dc-4e65-91a4-e0220b588446,2021,98957,A
f2f96f02-5737-48d4-acec-8378a5f8fe7f,2021,37862,A
423317d9-3260-403b-b87a-3e2f12f563f0,2021,118994,A
d09d4df6-482a-4599-be04-f7f447c26850,2021,94762,A
08dc4e5a-93d9-467a-8c23-3220e2d674d2,2021,1047907,A
2459d8fe-d5d3-48c6-a62c-487ea3f92ced,2021,20030,A
b091631a-bd04-4fb8-9986-db5db394f9f4,2021,48205,A
3c7e1353-e513-40e0-8ef8-2f190f1a3eac,2021,58808,A
6484e895-d3c0-4d59-8aac-18dfe48157a0,2021,68930,A
38b42a7f-a0ea-40aa-92f0-69719f37166b,2021,1322390,A
3d6960fe-81fd-4bb4-8634-2ac8167cec24,2021,64664,A
cbed238f-adbc-4d64-9327-95aba521e721,2021,1181115,A
d8ca028e-c288-4c7e-bb24-9290ec157f36,2021,19042,A
ac0eb4ef-5766-4de3-8e1f-457e4b5f35bc,2021,968,A
39935c35-cc76-4ae6-9f11-ab83fcdcbbd6,2021,101942,A
940ff92a-10ac-410b-87a1-66510429fa6f,2021,88068,A
be9584f7-d011-4b1d-a718-d3799e11a73f,2021,1270596,A
222ba4f7-388e-4aa0-ae58-680fac537751,2021,94762,A
ffde87bf-dd77-44b8-9348-1d53071221c7,2021,1265453,A
30ea59b5-6b8f-44be-bfa5-22f35754f936,2021,1148708,A
4eec83db-b685-4ebe-aa01-fa2da4d6535b,2021,53333,A
e59e001d-b6c4-4b92-8903-720d26497b8c,2021,108660,A
eec9be35-238d-4d39-adea-895247ab9404,2021,107422,A
bbf39372-c466-4f0f-891b-b72c2cb5d0cd,2021,1270596,A
fdd59a50-7f69-4a22-adbd-c3acdf1bf670,2021,1330347,A
aae44329-be0c-4ec4-89bf-3bbdfc99e48d,2021,11452,A
a21d39b7-bcf3-4d2c-bc37-08382674121d,2021,968,A
67d70f08-0885-4d26-aced-4995e8228adc,2021,513,A
e8fd2086-810a-4661-bd00-40929893e26d,2021,13446,A
7d66ef94-b0a2-432e-9ddf-1b5fcb855e5e,2021,106996,A
82e4a7e0-e2ac-4fc7-b0c9-dda50d233deb,2021,83388,A
247e0bed-84c8-4a2c-b536-baefaa4871ae,2021,1070485,A
5c75b182-829e-4773-b970-e34379721a23,2021,22047,A
31bcec6d-f974-4008-b9ec-faeef2482ace,2021,1315444,A
f185bd29-bba1-4f3f-a27c-b745892c4437,2021,48205,A
ce7b483b-4ec4-480f-b6ad-bebe48b97c1e,2021,1322390,A
e5954ff1-71b5-4a2e-809a-0102a713f1c7,2021,1190071,A
4e0572da-bd2d-4c5b-b492-40c85202c148,2021,98764,A
97587232-ce01-41a1-aab4-10e1ffa82a1a,2021,968,A
ba461e3e-f97a-49e6-a3d2-e3ce06e24e65,2021,18683,A
e6ff0246-2a97-4bbd-a0da-da8f0cd6c8cd,2021,107360,A
c4a0cfcd-7f78-47d0-a0b2-c2f8f5c86765,2021,37862,A
7ba9d47f-7cdf-412d-bf55-7a9592145a6c,2021,74737,A
b17a8f63-359e-40ed-89a7-12f8b996964c,2021,59122,A
a74f497e-bc90-466a-8f92-3b8b9eafa121,2021,106996,A
f79fa312-f64e-4d48-a386-5d884e3940e1,2021,106996,A
373b95a5-cd31-439c-bed4-c09f5456e36c,2021,106167,A
df66eb6f-2419-4120-a07b-e07258e61655,2021,101942,A
28fecbd8-cf3a-465e-a1b8-e7414a835b98,2021,5000143,A
6fd9debc-381f-4cb5-b8c3-87b923a905f9,2021,1118057,A
3b6f85fe-8398-451f-80dc-57e23723be78,2021,55777,A
89c975cc-0b59-4af8-bba4-959d7aa9ebce,2021,74737,A
396b796f-b142-4fe0-b414-b6aca0f08c2e,2021,20030,A
b332f2a4-b332-4b6b-84d1-dfe0865d5559,2021,20030,A
6874c258-4ca1-4573-816b-80c096bc248a,2021,106996,A
d56e9251-666e-4fe0-9edc-2f803558a68e,2021,10515,A
561da195-9910-474b-ad34-5b360f5306fe,2021,1300284,A
2e8f2822-edd8-4609-b889-400662573373,2021,41238,A
c4fde548-0f48-4192-942b-32546c93d86e,2021,9440,A
6ef6b321-ee04-4bb5-b5f0-1d057cef8ad1,2021,19047,A
a9179fe2-07df-423b-a31a-1d960570abb9,2021,1376181,A
2c706438-24bd-4c18-bcff-26021b06c77d,2021,48205,A
6a60c242-6485-48ec-b537-63fafd59fc7f,2021,9414,A
73abec44-c663-4688-aad0-f5682f78dd1d,2021,98595,A
23f84f95-daf8-4ad6-a3d0-6d2df47d7bf1,2021,106996,A
e8fb38b7-0b69-43ab-a122-9dc482d64fc7,2021,58808,A
0171c014-28b8-42e4-b824-1c3f345ee3d6,2021,95175,A
88250da3-4e41-48e5-a17e-b339c02ef630,2021,5000135,A
9fea88ae-b753-4860-9d04-dae5080891b7,2021,1322390,A
7e943cc2-b4ef-42bc-92af-3c42525d9b5e,2021,1101244,A
33f57bfb-c9eb-4a4f-a889-2e78cfb47c9b,2021,94762,A
72e29b19-9328-4607-8f68-c242b4790faf,2021,98595,A
0450c514-65e3-480a-ad3a-e5e8928cd06f,2021,5000143,A
01b90899-83ed-4ba4-ae5f-2c12fc42ab01,2021,43664,A
5602920c-58dc-4a23-b653-ea9b667993e9,2021,1190071,A
04786092-a0cf-410c-8c06-1ca5bf9cc733,2021,1403879,A
7b137275-b49a-42e7-939b-76f30d108559,2021,53333,A
852fd338-455d-4c9a-92e3-ef2f95148fd1,2021,1132918,A
96e03601-801d-4901-8de7-78ebb8b5503b,2021,20030,A
3efcaf18-6815-4486-8972-9801b2cd3701,2021,98665,A
f46b6423-1fdf-4c57-b076-f71a6a65d911,2021,73519,A
dd6414ac-9c65-4e53-afcc-f4f9e9a1927b,2021,21464,A
643649d8-4b3c-4cf7-b0b4-1dde164bca9e,2021,968,A
ee29efee-b932-4097-a932-5b4a2a86c00b,2021,118994,A
85748dcc-1391-4831-acd5-c49832284057,2021,1306689,A
3bc4a5b6-304b-4f15-bdfc-23cf911e4a37,2021,1283028,A
4768c544-2b40-40e8-90f2-4b476ace7c94,2021,1108692,A
d67225fe-d36a-441d-a038-4bcb181d88b8,2021,5000135,A
7aea0c99-e581-46b7-9705-32bee9f519f9,2021,37862,A
3d4b79a4-e21a-42f1-99cb-a355380e6232,2021,98665,A
f18c390c-6af6-474e-9558-d4429da319c9,2021,37862,A
97483b7c-1585-4d67-8943-e70b48d17ae4,2021,13277,A
ea783095-58d0-4037-8c30-78cc48b9bb93,2021,1272079,A
464c4833-2c99-4cae-bedc-01eda53c0164,2021,95175,A
8fc82ace-fffd-446f-a823-aa2446dc40bf,2021,101942,A
09a80086-eba9-4d3e-a123-7a68879d2942,2021,98665,A
5d3a53c9-e656-4648-8ff9-a976c70e2148,2021,41238,A
e2ed8dec-de43-432e-863f-94801f404d5c,2021,94762,A
93942cb3-6f5f-4ba0-91e8-ec87df9e6150,2021,1047907,A
7aa99434-8832-45a9-8dbf-5d978a8aebf5,2021,1322390,A
7765cb2f-b3e4-4aa3-a2ea-a9415b25f03f,2021,47505,A
b1721292-9ac6-48f7-9de0-6419500f3165,2021,1376131,A
ee29a621-5bc8-4911-89b6-b1d7c6315b31,2021,116770,A
e3154775-307d-44ed-9b3f-a2d4f95f84ee,2021,1181115,A
da936c59-0b37-437f-90b9-076a4823a612,2021,88084,A
a6125f91-e1cc-4ee4-bd8d-59180eab2308,2021,88084,A
c15a5f77-b9dc-427f-870e-5a1d462816d1,2021,18559,A
81143e57-0427-4d7a-ac22-89e0ec01db5a,2021,98957,A
bccc8c59-2f16-4d32-a54f-e6222e631d71,2021,1265453,A
a64f4acb-b79d-43ee-982b-c5db456a2813,2021,1376181,A
8436fe18-17ab-49e8-a81d-25a2fc3d6a2e,2021,98665,A
2a122315-5001-4c57-8f25-a46f65977db3,2021,1322390,A
f5bf8d9f-6758-4b32-80a8-63d7d70dc082,2021,116770,A
d03efeff-49da-414d-a7d3-f4f2a7e5f804,2021,2209,A
7f58dab6-3661-4d25-adae-7c9db04fa0a0,2021,18584,A
b6d98627-326e-430d-8388-0192ef5ebbaa,2021,5000143,A
89766bd6-f4ae-43a6-8f86-3858f32208dc,2021,83388,A
78d6dd45-e37b-40f5-8c13-4c90d954c0f6,2021,88068,A
b3734a20-aa7c-409e-a70a-8238caf350a6,2021,20030,A
ea1bd1d9-66a2-4f57-97ea-ed23503c7e8a,2021,58808,A
a1e4abec-2e04-409d-89cb-a013f08815b3,2021,1101244,A
b069fe6d-b519-498a-a7ff-bda113f3b469,2021,64664,A
b780598c-dbe7-4c28-b999-ae438d8ae88d,2021,106167,A
dfff7f47-1e38-455f-814d-e2e8d2e2e8b4,2021,107920,A
a21636a1-f2b4-4d4e-b770-d49446e50fb2,2021,49054,A
a974a448-3500-4df8-a0a6-ca0782161761,2021,81210,A
e27dafe7-e619-4b08-b66d-4d82007d32ff,2021,1269545,A
ac318a61-83a7-4beb-b232-dc23a0833bad,2021,98665,A
cec8dc2b-c1bf-46d3-91d3-e737f2331a7d,2021,1376181,A
65f998be-9bd7-48a5-b2be-5f7073f86d0e,2021,1306689,A
16148061-a495-482a-8e60-eba1fef93dd3,2021,97443,A
1b5e48dc-32ac-40fe-a7e7-3263b70d7ae5,2021,55777,A
a57cc7cc-081b-44c7-9bb7-a5c83979c1d3,2021,101942,A
e1f4fd59-3068-422a-b232-3ba7ca71cb9f,2021,41238,A
ebc8227d-862f-4c27-98d6-acb56202b246,2021,1136142,A
8514095d-e780-470f-a4ee-f3465277aed3,2021,58808,A
b6eff1a8-2490-4db6-ad9a-b899f601f2c0,2021,18584,A
8d5f0c3f-5b19-46ba-ac40-50c898730d56,2021,73140,A
1ac867a4-ebad-4444-98de-d41021d728ab,2021,37862,A
ee45240e-22fc-4a33-9999-c38ade7ae312,2021,94762,A
67ddc07a-3c28-48e6-8105-080e945b22bd,2021,95017,A
c76e6b46-ac7a-46b5-a583-4b0bac9769ad,2021,13277,A
c8f7fdab-7800-499c-a869-468deea95004,2021,48205,A
17a95279-02a7-40d1-9737-3eb581f80ef6,2021,107920,A
f34bd021-d8f3-4420-a099-62c44117dc11,2021,2209,A
2c092200-bcbb-4c59-a304-2acd393fa14b,2021,47051,A
23f3d153-8ea2-45be-8b53-374e0508bbf0,2021,18558,A
bf6ce677-06cf-4aa4-9cd9-8cdd24d46ef8,2021,55402,A
8d274387-62f5-46af-9023-2c0ea0d42c6f,2021,1267543,A
b5230b46-98e9-4b70-969b-35740da0b61a,2021,41238,A
230e3949-2e92-482d-83d1-7dc51e6cfd73,2021,1148708,A
d98e1b73-9609-4ecf-ba3d-52004f20ab71,2021,19047,A
e2453f6e-1a83-4a20-b25a-92af31b1fac5,2021,1427745,A
54040145-7f56-4fe2-a88e-95e465a5b753,2021,48205,A
c2771651-bbaf-4094-b3cd-566fb5e8e16c,2021,2209,A
83696f01-ec16-4b61-89ff-f837a01b6049,2021,968,A
4b5904f7-b5cd-4207-adb0-cc6379a12a73,2021,55402,A
877d47bb-c45a-439a-8e36-63edd080efd6,2021,106996,A
d18f7963-1cdf-4f98-8740-33b414e7d6ad,2021,1283028,A
02f050c6-4e6f-4318-b97a-57f5079db2c7,2021,20030,A
5ed7d411-5835-43f2-9efe-25e00192470f,2021,98595,A
f75415ff-41cf-4ce5-8017-4136c553e760,2021,98764,A
831f4a56-5a0e-439b-820d-b5c4fecf6791,2021,18584,A
76fadbf9-a976-4e92-ba50-e1d758a8f478,2021,1267543,A
0b0f7994-4606-4469-a892-4ccb9fe7d1bc,2021,11730,A
c9f704c9-7097-4d17-be2f-c419499f5fc3,2021,88084,A
57647845-f8b8-4598-b26c-8b70d5935df0,2021,49054,A
d7fc049e-314b-42f0-8cbf-6e2f1d339407,2021,90030,A
b1fb6f4d-4a42-4d53-a22f-3e439faff95d,2021,94762,A
ec4ca891-124e-49e4-8e8b-082e758c7e1a,2021,95017,A
b3ec1022-fc8c-40e3-84ca-5ffa5e5938fa,2021,56172,A
cc6438d5-1e93-4bdb-b9e2-a3809657ff9c,2021,114616,A
99297a4e-95f8-415e-b3a8-938b179baba5,2021,10515,A
c1d40c57-61bd-43b8-ad14-ccf805a190ae,2021,1300284,A
04ba563b-978c-4ba9-9592-eeadfa4a885a,2021,108660,A
c819b1b8-c3d0-4434-a7b5-cf75f6528f27,2021,104360,A
aeed0680-37df-4c15-a964-fe4a75fb89c3,2021,106996,A
7d7a0668-c57d-4e87-83ce-94ed95314ece,2021,1270596,A
a82d01f3-ec47-4bcb-86b4-c54f6dd6969e,2021,18683,A
60e0bc99-3049-4c5d-ac1f-5fd7162dcd1d,2021,104360,A
df547010-c650-41a7-aa83-96e00cd6da0a,2021,106996,A
5cd11f5f-8b6d-4054-9c67-e05d2825ea0b,2021,1032473,A
b97d80e2-f98f-43d3-8685-d2b0fa971024,2021,20030,A
55d7168a-2ddb-40e0-975e-f04403a389c8,2021,55777,A
0d52a994-ee1c-40eb-aa4f-584c4e156f22,2021,55777,A
a5e9097d-60b3-4dc4-b647-03d3b67c0a80,2021,58808,A
36fa582b-9df4-475c-a38e-5ab9451ec544,2021,1190071,A
843741bd-ab1e-4b84-acd4-c6b809f67a3d,2021,108660,A
6be11df4-2d4e-4b36-a4e8-84204143ab16,2021,13401,A
71e8b831-7f34-4eab-b32f-ffd4aca0884c,2021,13446,A
0295eb08-cd31-41e9-8908-f20500225ce8,2021,1376181,A
b1d72504-1c37-45a0-9db5-6e94d7fa92e2,2021,20030,A
b6227300-b4d0-431b-9994-3efa83111a4a,2021,48205,A
bbfd7772-268d-4330-b101-5e90982d1402,2021,48205,A
c7ebb39d-87e1-43e7-83cf-523107059e95,2021,1203177,A
4186da61-307d-42ec-885a-e2e1c90a1162,2021,101942,A
22b8d13e-ef68-44cc-a041-ba7fd6f35049,2021,2209,A
57549675-09bd-46b3-909d-1da8c97210ea,2021,9425,A
893e45cd-8966-4553-a741-f1c0c731d25c,2021,968,A
ff4185d1-1f5a-4938-ad29-13fdbcecbe8b,2021,98957,A
0666beea-dbd1-47bd-b05a-e31d2489c923,2021,98305,A
d2ebbbe4-21a8-4c22-a8a0-147a901963fe,2021,107360,A
c9f40855-1a1f-4714-9fd4-36048507ba5e,2021,113455,A
52cf5aa2-1713-4767-a76c-e04f3367977e,2021,88068,A
27361676-257a-435d-9d2d-859e69d38dc9,2021,46377,A
3d29e48c-64da-490d-a0d4-3332b6ec5dd1,2021,1258063,A
ab1108b2-12e2-4b00-924a-3e8050b5f60b,2021,107422,A
0f8a6224-19e2-4999-9810-5b0ec6ebb195,2021,1283028,A
cc561d13-c699-4505-85ff-43a05d604bca,2021,9414,A
fcd83c2e-180c-4402-98e6-71580da81ccc,2021,58808,A
6456ec48-614d-4480-925b-6b585f26facd,2021,1047907,A
5b3fd8b2-c6d0-4735-9af2-2eacf986b848,2021,107920,A
4000ba21-05db-48a0-9a10-013be23b20aa,2021,43664,A
5b5c0b2d-d6d3-4387-9ccd-39a566026e81,2021,108660,A
0158ed3f-8e24-489a-8a28-ff2b2eb20066,2021,18559,A
a3b9131c-f04d-422b-9a98-2a52b6096055,2021,318882,A
bf62d24a-2a80-4d4e-9c50-b7c8243eb5d5,2021,1136142,A
ca5461ac-150c-4048-8d30-96bc5d819031,2021,118420,A
e5f38b73-7195-4601-a7ab-752c63bc2239,2021,22047,A
53718ec0-1ef0-4a05-b6dd-940da2b59896,2021,106996,A
c1ab0f07-1ea9-4425-a8da-59d3be0195fe,2021,1376131,A
b0abe19b-f4b8-43db-b907-e00e6fe71b1d,2021,2209,A
342103d9-d191-4901-9e40-5856dd5e7a44,2021,49054,A
a2b87d4f-f53a-45a9-b10a-d4e8f8ff993b,2021,55402,A
c5e6c354-df30-4b71-a788-b77d89433aad,2021,83388,A
0e52b713-36a3-420c-9c2c-7f4d77c6e50c,2021,94762,A
915bcb9e-37dd-438c-8168-e53ea5e5b41b,2021,94762,A
3766fcce-5c27-4ef9-85e8-f704534d5923,2021,94762,A
4e0a5d31-f9b3-4cc7-816b-3df8a14aabe7,2021,67092,A
ad4379c6-2625-4278-98c9-d20c95831c32,2021,83388,A
5fd484ec-c063-4eb8-b199-543bf211c436,2021,1047907,A
76c4690c-beb7-4c13-80ae-1760a9726895,2021,106996,A
7811cdf4-77d9-4cf2-8a28-efd5eaa49d54,2021,1322390,A
e3743124-d8e4-4227-8b77-da1c8094f7c8,2021,1306689,A
252288e0-735b-4a1e-ab34-711233011b9f,2021,104360,A
b6bd59b3-caa6-4480-8756-aecf7bb07906,2021,19047,A
39b6177b-98a7-4ff7-a54b-60418597fd81,2021,18267,A
e5ab5e6a-1a2e-4c4e-a471-6e21753c54f0,2021,58808,A
431ac20c-e3a8-4285-9b39-307d700a4d01,2021,1318224,A
d529de1d-db5d-4594-831f-0bbf00a7ea96,2021,108660,A
46f63fc2-8f34-4854-99cf-4a6faa6650d4,2021,102590,A
2cdb824c-9286-45dd-b398-b703126b7f7d,2021,11730,A
343409f8-c02b-4a3d-9866-3d3f3c3893da,2021,1136142,A
0b9acb0d-bffa-4ad8-a299-fed84ffe8f44,2021,1288839,A
1d29142f-c5a4-451e-9084-59af13584ec2,2021,1190071,A
dbce4866-aa75-4425-86c0-d77c80a0ed06,2021,94762,A
40005ae8-d93b-448f-9585-5edb03164d55,2021,88084,A
90026aad-682b-4ef3-b53a-f00f1edbed92,2021,19047,A
9b81efe5-778a-4386-bb59-3751032f950e,2021,1102628,A
1779e0b9-bc5f-43ff-a680-6490d7236882,2021,94762,A
8fae6c9b-8aae-449f-9eed-8a474984ba63,2021,1108692,A
4723f826-ef8b-478a-941d-a77f7d338926,2021,103062,A
767b8738-fbbd-4636-8d78-0694f3ef8cc4,2021,21464,A
b05750e2-2de2-4933-b06d-6a864627bb81,2021,11730,A
368db255-b86a-4e3a-a16b-3138679f3d8d,2021,113455,A
80e05048-8fe4-4a56-9304-767cd5b36689,2021,9414,A
b2812bbb-faa1-42e3-b629-b6ed28e0b705,2021,9414,A
719aa507-3faf-45b6-9ebb-0711fa8dc94c,2021,1322390,A
03852565-4059-4c33-8026-4fdb09a7258d,2021,1330347,A
f0f5a87b-a148-4fc2-930d-347fc3e65775,2021,1318224,A
4868b696-b95e-4de8-9cc8-2d4bd05c380d,2021,2209,A
5758e2d9-8403-4bc7-92b3-cd5612481658,2021,968,A
6c84d343-ad76-44ee-8722-ed5f09b473c7,2021,1187671,A
b9c32b2c-00d3-4405-945a-8004f8b01cd6,2021,11730,A
84664a23-48e1-44ee-a10b-a286bbc72ff4,2021,48675,A
8e05b374-3a66-4490-9d3a-a6cee4504aea,2021,106996,A
2a6aed77-fc6a-47b1-9424-a455c493786e,2021,1181115,A
1e33f4dd-6b3d-4003-a688-2af5eeb03284,2021,968,A
4dca3e4a-9223-4d80-9f66-4c1d340f6d12,2021,1102628,A
6284c4fb-9a8a-4dcc-9ecb-1d7efbb48e8c,2021,104360,A
70680340-cc03-46c3-9895-ccd2649841a6,2021,49054,A
a3945300-1bf4-4d05-b9b3-853e5e6346b2,2021,94762,A
d2c266b9-2a3b-41d4-b26f-891963c2169d,2021,95017,A
15bd1685-78f4-45f3-b687-924170d8fee6,2021,62484,A
6ed0484c-cb05-42f1-a80a-c7e0b6a77743,2021,55777,A
0a9c212c-9a87-40b2-a97c-6bf1386009cc,2021,1322665,A
745554b7-d758-4fa8-8355-82a68e4e21ea,2021,2209,A
ef295481-974b-49b3-b87d-52292460f6c4,2021,114616,A
f6f3d765-4919-4c40-bad8-3c08295a55c4,2021,88084,A
088a02d0-db24-40f1-8cd4-6516fc43ddde,2021,103062,A
5a693258-dee4-4954-a7ea-d271d7031d5e,2021,1306689,A
398f2ea3-04dd-43ba-91cc-2922fda67534,2021,968,A
5ca58b8c-bfd7-4dd4-b446-6cd05d26b591,2021,108660,A
b0e082b2-a65e-46cc-8e90-ad265ba27824,2021,41238,A
f7340fcf-742d-4e86-8ea3-dda99235546a,2021,1136142,A
1dcd97f1-bbf5-4af0-96b4-7741d0ff0341,2021,1283028,A
9b0faeea-8062-4bfc-bbc2-b62585133813,2021,67092,A
832b4c14-73e5-44f7-9283-b9b3db59d1b1,2021,1258063,A
1df75db7-0b3b-4286-87b7-6611a48751e8,2021,1101244,A
e1b36e57-2f81-4266-b240-b979ddf57a03,2021,11452,A
8efd44ea-f325-44a6-8df4-bc0891db790c,2021,968,A
90bde640-901a-4584-8b43-30fd63ebe54c,2021,513,A
b74fd3bf-01b8-47ae-be8a-e33c1e59f4c5,2021,73140,A
180ca23b-6396-4e11-a5e5-c35f011b8f34,2021,43664,A
cd6a158d-b1c1-4909-b714-bf784531782a,2021,13595,A
053766ca-9148-45e4-b003-1b513869ae91,2021,37862,A
b2157c78-0910-48cd-a87e-ed9417212306,2021,1102628,A
a126b196-ecdc-47bb-ac4e-5d2e8cb62afd,2021,1102628,A
2c24abba-e1f6-4de8-a1d2-762d5430dac3,2021,74737,A
61a794b5-8636-4641-a95f-5d0dad502c90,2021,106996,A
3e6b36bf-2d1c-45a5-9804-758a0036b94c,2021,97443,A
07d434fa-ab76-44e3-9be7-8bfdf7f5314d,2021,1181115,A
4c4ec1fa-f1e3-4d38-88d3-151fdad4195e,2021,1047907,A
b14eebfe-800a-4d23-bf12-bbfd53c8ea3b,2021,5000143,A
12585f3d-c4b1-4184-af91-968a5f44cbc8,2021,1267543,A
3ae21464-7c5a-40da-8621-c1f6120eaf5f,2021,13446,A
5a460516-11a0-4b24-97a3-eb4926b1b628,2021,95017,A
39d445c6-d7d8-4bb5-a4ce-d3872158c416,2021,1427745,A
a03371f0-2ed1-4dd9-9c70-5030fc959663,2021,50981,A
f57c5b0e-e52f-4091-bfc4-237b7f05a144,2021,95175,A
79a00675-5b6b-4d29-a085-662185eeb85a,2021,106167,A
bb7af615-fed2-4839-a470-11681070188d,2021,98764,A
4ad1a104-04bc-4a07-a416-515462bee5ef,2021,98764,A
4bded5e2-032c-4eaf-a58c-cfa4fe44bb93,2021,43664,A
deadbaf6-1e86-4fa0-9360-592303e8dea2,2021,55777,A
be23fc58-481d-41a5-9713-857a12468f87,2021,1322665,A
80f4e5ac-d1f4-4859-a9d4-73b673cef949,2021,1270596,A
c71e763d-55ee-460a-821b-e4acd16e1bf9,2021,1288839,A
8cc137eb-4a2a-48c5-83b5-8a427fa1d5ce,2021,1376181,A
1354d5ef-17ae-43f8-bc0e-57b498c17314,2021,1376181,A
9e11509b-a10c-473d-8669-69e31fb214a4,2021,98595,A
62f3a8df-c108-4e26-8953-db63115f2c3a,2021,1322390,A
302e4e22-7066-4a6c-9883-421ef575b962,2021,1181115,A
2835c14e-0d7a-4318-82fd-6ba1712ad0bd,2021,968,A
fcc23ba5-1166-4191-93ea-43495156b08a,2021,20933,A
459e89c6-0055-4a11-a329-940eee67aa27,2021,5000143,A
28555a60-3d1a-4ba3-a810-fb3968d1b16c,2021,83388,A
51659e5c-4442-4e2c-9141-08cc5d696d58,2021,37862,A
f3be9561-3df4-4472-81c3-0c11038fd3d3,2021,94762,A
3b604805-039a-4183-ac06-1bd06bce804d,2021,56172,A
4af11103-2853-4f55-baca-f99432983f98,2021,48205,A
b2acdb19-2c5e-4368-8519-e35e855c0274,2021,11452,A
60a9e330-1873-46c2-93bd-98e638a58af2,2021,1403879,A
169a6452-f0ae-482a-aa8a-a778a63d3b2c,2021,1148708,A
6430c0b6-8270-4bdc-bd5f-e0ca743c7a5c,2021,1136142,A
5ee1a279-f4bd-432c-a718-7e40d9095b39,2021,13277,A
47f341a2-7b15-412c-bd8b-0c1c6df33158,2021,1322390,A
10655a98-7cff-49b9-8f1b-22c002b281af,2021,1181115,A
7270d70b-be39-4881-9fec-49d315c91089,2021,107920,A
61de8c0a-6237-4558-8d1b-0901e7bc12ab,2021,94762,A
d0bc1d00-4e3d-4afa-84d3-e6aa80a1edbc,2021,18683,A
b1d9e050-c79a-4187-9caf-ffc05e15c882,2021,1190071,A
fcacecdd-1570-48cc-9440-7628d46a960f,2021,1385488,A
21bc845e-156b-43f2-94cc-ebb6cb5dd282,2021,41238,A
15f79124-9502-4ab5-8cba-680b5e3c2483,2021,101830,A
d97acdfe-233d-4da5-b2b2-95cb3619bd29,2021,20030,A
c45c61d4-48f3-4289-a15e-ba02f4120d83,2021,13980,A
61a9a8cf-793d-4791-93dd-32bd11366384,2021,55402,A
3d660adf-dc18-43bf-a0d5-21a4ebd7e6f3,2021,108660,A
9fa1b8f9-a266-4981-a670-a474cc1c264a,2021,108660,A
ad15f617-9a94-475e-a428-dd61a682776c,2021,43664,A
ad39d594-9774-4b23-8747-2731448c1723,2021,1385488,A
f1201de3-68fd-4636-a968-7cbd936b68dc,2021,13595,A
8bb0eb93-ec28-4c7e-94f4-8628354e2cc5,2021,1403879,A
d1d7e8a1-4289-41e8-94d2-3f13220ad0cf,2021,1385942,A
27d552a9-20be-4862-8b94-5d7424307b4c,2021,317,A
a2554a54-a881-49d0-bc1d-b8f21b7ae44a,2021,13401,A
149dbd53-bffd-4877-aec9-d1f01b5c3150,2021,18903,A
59251c77-9f15-452c-9f9b-5f2e9c5ceccb,2021,22047,A
79d92d08-5649-401d-8bbf-ebd5f7dc61f1,2021,59122,A
f7a639be-ae22-4ae6-91da-d513edb28fde,2021,106996,A
39429e4c-e8c8-431b-8c42-78ff3f04914f,2021,20239,A
a945f476-8e5d-447d-86cb-9697629593c1,2021,18683,A
e3767b1e-a296-4206-89ae-e6f0a305148c,2021,18584,A
4543bffd-6ede-4143-b15b-e5b72582faa9,2021,18584,A
4540de06-5079-4cb6-8c55-7a79131d1e4b,2021,97778,A
7dca8c4f-015b-4737-9313-9b45f2200dfd,2021,5000143,A
f66c29cb-7934-4563-9ee5-a73b0819250b,2021,43664,A
79f1f80f-f16c-4b06-9e0e-bbf238491029,2021,107360,A
8f39dab9-229c-4ddc-b859-6ebbd623b24a,2021,1047907,A
fd379ae2-cc37-47fc-9c2e-5ecb8a9fbc19,2021,74737,A
2288423c-8915-422b-a64e-9d7f508f2e57,2021,59122,A
a71fe7e9-193f-4c83-b8a9-68ebacec22d2,2021,48205,A
aacb21d1-fb75-47aa-a366-987bc0e867ff,2021,106996,A
5c9f178e-6d47-4cc8-801f-0755cb49ae42,2021,55777,A
371443a3-e89a-412e-bac1-89df19017ada,2021,114616,A
690ae1d6-f5ce-4ed3-a5f1-c16c5c970b06,2021,46377,A
4f685ce1-686e-4fd1-a9be-ccb2369ed632,2021,968,A
50a12b11-5e17-4526-8697-af76f19ee21c,2021,1322665,A
4bd39dea-6dee-4595-af02-384d9f840386,2021,18584,A
d884ba9a-2b3c-4e4a-b2fc-0720df6c0a2e,2021,18559,A
0f85a2fd-6c44-4d49-9af7-263d01386537,2021,1032473,A
2ba47a17-e0c0-4048-bdac-eb002327e790,2021,118994,A
658ad86f-806e-40a6-a999-a9f99081827d,2021,98595,A
218fcc3f-90d6-41a7-9873-5884ca4fa9d0,2021,1322665,A
e68ac3f8-b81c-4b51-a207-1f7ed5463ed6,2021,46377,A
9ff2fd9d-f317-4160-b55d-3d7e19e0889d,2021,1181115,A
96471e58-c5c4-4efa-a7fc-eb976edf1200,2021,1318224,A
edbe661e-3bb2-4bc0-9107-412ea475e7e7,2021,18683,A
f78026da-509c-4c37-8fb2-b201429723b2,2021,108660,A
3458679c-79c2-4bf5-b36e-fbae638e7ce6,2021,1103723,A
20fd43d6-6496-46b0-892f-bad676f8e75e,2021,107360,A
86754fe4-30dc-40a4-baf6-4b94d37eb7b8,2021,118994,A
be74d62d-9d20-4dd9-b6bf-2e4d591828d7,2021,1204325,A
ff1f7c26-9fca-416b-b8a1-7808d5ef09b6,2021,1283028,A
bbe1f3ec-a5ed-4b3b-a7ab-886c74fa23cf,2021,20030,A
821866da-b012-46d6-8ae7-a6d333e64faf,2021,20030,A
db96d644-7b25-4234-a5a3-7dac84bbe841,2021,9414,A
ed07fa36-48a7-41b5-a731-af8b18b4c2db,2021,10515,A
08da397c-bb84-481c-9aec-e64b546852d1,2021,1385942,A
2270bfda-450a-4e22-a1d8-83d1774f1243,2021,19047,A
03a24167-f4ae-4d75-af85-22418902ee03,2021,1102628,A
df519abc-019f-405c-ae18-85e7a0f3217f,2021,1283028,A
3ed08c7b-1492-47c3-a7fe-d23e387ec79e,2021,1322390,A
67feac4a-32e4-4e73-9a0f-63c808df0cfd,2021,106167,A
4ae84254-b8da-4531-be7a-5082bf99a484,2021,101942,A
22ccc1e4-9bdc-4236-9166-41706946351d,2021,13446,A
5851a2ba-2b93-47f4-802b-90ada18978a6,2021,1148708,A
75926fde-c50b-479f-874a-0cb8935de49f,2021,117532,A
4fd9e1ac-4669-4984-b46b-1a65c29adefc,2021,1047907,A
887efda1-92dd-4d40-a242-865c92703b14,2021,106996,A
39a11a2c-2ba8-4b0a-b31b-66ea819c63e5,2021,47505,A
ab29e58f-ca17-440b-8183-bf78fc1bfa9f,2021,81210,A
74aeb4c8-76a9-4987-a195-5c739c6dbb4d,2021,1101244,A
aed60cec-56c3-4a81-ac1b-8cea778c29ca,2021,99406,A
00192808-31f1-4aa8-b678-2d8b2711c25d,2021,94762,A
e3a56305-fb1a-4a97-b193-033df108ccce,2021,968,A
61595ce1-ad21-44d7-88ff-9d3efe072ea6,2021,40343,A
b1d46bc8-a440-4baa-a637-2c715f251809,2021,18584,A
65da7baf-7f8d-41f2-9525-83cff693739f,2021,106996,A
faa800fe-d846-44f7-b1ee-910321b3b6a8,2021,1376181,A
386dc245-dca4-438f-a987-4d3a64a2af2e,2021,9414,A
dd9a1d0b-847e-4644-bf87-a698cb43e675,2021,1322390,A
4771ac75-e94f-4771-9d27-b5b23402c695,2021,1306689,A
1fbfb9e7-7caf-48b7-9d62-a8a883979291,2021,2209,A
7fd8977a-00d9-4880-9f57-1511a5279e2f,2021,1385942,A
a8cc94fc-52a3-42ea-bc09-3e4aaa2cc78c,2021,18683,A
266fb14f-e6a1-4567-923a-00ed270a7a80,2021,1190145,A
1284869b-7dd2-4759-be6f-ae8ead66ffc1,2021,57606,A
46693b24-0067-4a02-92b9-8bf61386cea7,2021,18903,A
fd39318b-e91b-4b7e-a980-ecb10246bee1,2021,94762,A
a7f9f45e-59d5-40e6-a79d-25153e198d99,2021,47478,A
9c8e2978-21e1-4689-b86a-ae91027d380e,2021,13277,A
b3d2ed25-c62c-4243-8b96-b060490ba5b7,2021,98595,A
8902069a-5595-45f8-b7d8-bb07475f74fa,2021,59122,A
c9567525-b2e9-4cd8-88b8-b810113e1e1c,2021,106996,A
e55458fb-940b-4891-869b-1995839be083,2021,1190071,A
6529256b-37ed-4403-b0fb-0228b316d7d8,2021,1270596,A
b82dfc08-bdc7-4dd6-8b67-116c27964654,2021,116770,A
99e7c33b-4e6c-4d2e-978a-8df565e4279f,2021,317,A
589d2ea5-b85a-4283-99d2-ef0cb8c246f6,2021,104360,A
e028a8ba-dbea-4575-96d8-eaeebd0e7691,2021,18559,A
fd518144-81ed-4667-a0d1-cdece4f169ef,2021,1204325,A
9f9d3f47-816f-4a83-9c55-553128effceb,2021,98595,A
3307450f-b7d6-4984-bd63-f355b0b2f5d9,2021,1322665,A
598dd3b2-584e-425f-8af0-6b6a294338a5,2021,1139692,A
0090488e-80ba-4d82-87cf-930a05d39b3f,2021,1322118,A
2f74d655-3bf5-4ced-b778-28bfc771122b,2021,968,A
e089a12b-5de7-43df-9cce-148368d67aa2,2021,41238,A
3d48b7cd-4dcf-4ca1-89a4-90734b970107,2021,94762,A
f3299aad-331d-46f0-a89b-21642af5ce3d,2021,48205,A
2d8a777f-aa79-47f3-94f9-fc9f0ccff0f8,2021,1101244,A
589ea517-95d9-484b-882e-64e1b1944f61,2021,1181115,A
384ab84a-8779-46a6-ad1d-71836c0b67e6,2021,73519,A
c7d573b6-dea4-4ce4-968d-50f6591afada,2021,94762,A
cca02f2c-adf0-4013-aeaa-805e8242ae2b,2021,103062,A
2beb23a7-5492-41ed-b290-e37900dc92bb,2021,9425,A
5e77b7ef-9c78-4a51-b494-17bc42c2245e,2021,513,A
137ccff9-6842-4d72-ad66-0b7d49b93881,2021,1269545,A
58114d94-a1c0-4b21-98cb-c4b0186fea89,2021,1283028,A
af6f05e1-06b7-42cb-bd9b-6e5676b88453,2021,20030,A
83f652c3-e762-4907-8dda-f35b963ce64f,2021,17898,A
0ca965f8-9ad9-415c-bfc7-631a8f21d3a3,2021,5000143,A
b56a03e5-5ea2-4af5-8adc-223832a414ec,2021,1288839,A
86c883bc-87e6-42ea-b415-dd9013c8ef6a,2021,1306689,A
ef07d28a-4a8d-40fe-903f-2f759a639ed6,2021,48205,A
45cd3e38-66bf-4f59-9f69-8494c389f614,2021,1322390,A
9528a700-90d3-4147-94f5-1ea7ea9c7a44,2021,1166783,A
af6d49dc-3e91-4524-a30c-257321244a2b,2021,1181115,A
2790f3b7-9933-4303-bca1-c6d11a3ece7e,2021,513,A
99c179e3-fcf2-4cf7-92a0-032734acae75,2021,94762,A
9ecb568b-dd11-4191-9263-3132faec9023,2021,968,A
8de17c26-3d7a-4cb5-a6ad-2e443cfd9087,2021,968,A
5db09648-e256-4954-a67b-a41873046df3,2021,18558,A
dcdb5fa7-1786-4fd4-8365-3c704120022f,2021,13216,A
d0fe05e2-849b-4461-9234-5637668a0736,2021,98305,A
89f03a69-3a3a-4f69-9d4c-dac904310701,2021,47051,A
d7bc2714-083c-42f7-8aeb-a87fa9019d28,2021,1265453,A
fee307cd-4041-4167-9a8b-e512ad571b40,2021,20933,A
9577fdba-fe8a-4ab5-a009-e399d8cb8515,2021,87396,A
5f014fb9-2222-4a97-b770-18d24d463641,2021,1190071,A
01b3280e-b95f-4a53-b4f1-a4f8cc14c7ae,2021,1101244,A
ad9b905d-a395-4549-aeee-7fa1a8b349db,2021,106167,A
20bcc885-e12a-4e9d-89e1-a2164f4eedd2,2021,94762,A
15a09564-0089-4439-a827-985ea443c57f,2021,1385942,A
9e85c6a9-a64a-49e3-9bb9-69d4c6adc112,2021,43664,A
a1413871-6ee0-4f61-9da1-3580c60179bb,2021,118468,A
f9b1382f-4c93-4891-8561-f5995f54d13d,2021,19047,A
23c53307-3ea0-40a0-a919-53623549a131,2021,118420,A
0c70475a-4f33-41a2-873e-830603a6905b,2021,113455,A
f9e7ff1e-9d1f-4c32-a2ac-e57584f77485,2021,22047,A
051edbb1-f1ad-4e56-b7e8-c6afac8a3e26,2021,1322390,A
e80eccd1-9192-4d43-80da-22f7337c0e6d,2021,1181115,A
d3d4543d-926b-49d8-96d7-83a989a00146,2021,1306689,A
f0c9d1a7-83c9-4932-93a6-3e43baabd2fa,2021,968,A
efc27ab4-33df-4a6e-9745-c6737f5b62cd,2021,108660,A
bd70f3e7-7eec-495e-95ed-0bb688d054ed,2021,1269545,A
a760edb7-2bb9-4eaf-9365-139897b11655,2021,67601,A
c8f2288c-2997-4fc0-a626-f6bdf3001044,2021,95017,A
e274abe7-95d8-417b-8cd5-8e6141372627,2021,117022,A
cc02097e-9584-47c8-81aa-f85d869ebdaf,2021,1181115,A
beb5d285-cd9f-4b5b-8c91-89ef0b4a0663,2021,18683,A
1b0be3f4-8409-41f0-831c-9c6b1a5acdd5,2021,104360,A
d7b473d3-bc99-4e95-beb2-a3a80d462747,2021,19042,A
5a726de4-827f-461e-a86c-cc278f4dfb20,2021,13446,A
b5b522ba-720b-4d3b-9c44-0fad8cc44cec,2021,49054,A
9a6117b4-0098-4266-a6cd-5c9d33b0e30c,2021,107360,A
79e11d23-d7d2-43af-81a6-dd07ac0b0c14,2021,1102628,A
af30ad78-d271-49bd-a7b2-ca6b8afefb92,2021,47478,A
6c955514-539c-4655-831f-d687c0676d3f,2021,22047,A
dc90e5f5-96a7-4c20-87e8-fb9669452b71,2021,1190145,A
a143b0d1-796e-42ae-a839-add6b219b117,2021,13216,A
0f27710b-02a5-46e8-aa4d-5a85bb462ed5,2021,1187671,A
2377148a-0a01-4fc9-867f-4c6cfc4a10aa,2021,88084,A
f1534c96-821e-4f4b-b77e-7e6436f6a133,2021,20030,A
2b101b28-0cad-4d46-875b-f8a260c215fb,2021,106996,A
175944ed-e2b6-4de3-b9f0-fbf51a2b8c9b,2021,98595,A
014d60d4-a00b-44c8-952a-7f85efad26ed,2021,17898,A
f9a7e60b-5474-4624-9ed2-f8ef45e607be,2021,49054,A
b0f53284-fdad-4847-b53f-16a8c59c2a0a,2021,317,A
43f81d34-19fd-4905-9d7e-60d4d06c2a55,2021,18683,A
a94dbd80-0d40-4d63-ac7d-7eebeb71e8ee,2021,317,A
eb3c0eb2-14ba-42d2-920c-e3b0b27adf79,2021,1187671,A
f3ea9ae3-d501-4505-a021-8666f521db2a,2021,94762,A
96af3609-e36f-4edf-8110-018fadfb80b7,2021,1299927,A
d1a7b71f-dc99-4daf-b621-0c2268130cbb,2021,22047,A
ef2b45fd-1626-4d02-9bb3-2192b2686fdc,2021,1427745,A
3cf9cb00-a667-4e22-9d28-0ea28d904e5d,2021,106996,A
078ce505-3067-429c-a6b1-ed3d908102bf,2021,20756,A
0cd3c499-b6d1-4879-bc3e-9b44b1c67ff9,2021,1300284,A
cf1b7c17-52eb-4b92-b1ca-eef838956db7,2021,2209,A
d0e77aef-5948-4b89-bb0f-ea765e68fc53,2021,19047,A
e3620800-b181-4086-8e4b-8b864a81f5e2,2021,86326,A
18c860cd-b369-4996-839d-2bf24850840b,2021,1318224,A
24a0c1c5-7d3a-43c7-b01f-d72248933c44,2021,1161716,A
ce44c1e5-ca66-4485-843f-b3e345c28faa,2021,107920,A
f5acc56b-015a-46d4-a92c-1e34161245e5,2021,94762,A
56d45d1a-5291-4bb9-a6bc-d1c812401cf5,2021,1427745,A
510cca30-a361-4d5d-802e-ea3f5b815071,2021,106996,A
bf8b167d-6267-442a-b050-eac9b1ea4d25,2021,1318224,A
419a87d5-cf41-4370-91d0-3827291c2611,2021,67601,A
16940756-828e-49e6-8486-28eeb3546d7e,2021,317,A
eef9da2c-9b40-4abd-b29c-153db6d655bc,2021,108660,A
76a5fd7b-fc6a-4443-97bc-68cd85652c7f,2021,1070485,A
be199253-6b4d-4f45-ac86-c94197e3a46c,2021,1190071,A
555d5e35-4098-44fb-a989-c5f9b1e22cbe,2021,116770,A
4f9b015b-d3d7-49d3-b9b5-efdb2daae91b,2021,94762,A
c9fa14c5-0c96-469c-94b6-15c430801dbe,2021,18683,A
0c7583c0-e895-4c32-9aa1-404f43c217a0,2021,98665,A
1fd4fea4-4a57-4e0d-b58e-3705dc1b6afa,2021,1047907,A
d4ec8be5-45e4-41c9-ae3c-11ee5a64a514,2021,1204325,A
dccd0658-f6b8-4447-96da-4f1362b9e9a8,2021,12313,A
037cd10d-56a0-4a65-a2cd-811982f80e72,2021,67601,A
765bd13f-8a42-4f3b-b268-7e8d23b4d85e,2021,19047,A
1a28c0e4-7917-4dd9-a2b9-544e8f8cdbd0,2021,9425,A
d871e894-cf7b-4bfc-823e-ceac98fbe53a,2021,513,A
89b8f6bf-0af1-4ff4-97a5-0c9349ce6794,2021,112086,A
33233813-270c-454a-b2d9-d5c3330c57c5,2021,1385488,A
dbbffb7b-5b91-481c-8724-b9516f75cd9a,2021,1136142,A
4bd66fe7-dab0-4cd3-a527-7a8e625e54bb,2021,95017,A
45a90c51-7b59-4836-84a9-afb208359541,2021,1299927,A
75fe3748-c1dc-4108-816e-41e248c3cc16,2021,48205,A
e1fb05e2-8f36-4819-9b33-2026c1444eec,2021,1270596,A
f65bcae6-2ba2-422c-be4e-39ce97349aba,2021,18671,A
81fcc780-497a-43f6-bbf3-7c10aeb8b567,2021,18584,A
e44fdfb0-da8e-4a75-a0a3-e436be150c75,2021,18584,A
67a490f3-6a20-4337-8ed4-88ae60f08988,2021,13216,A
928cef71-99ef-45ba-b8dd-e03c29957cfe,2021,5000143,A
6c9761b9-88e6-4e63-8ce9-aef54ace0af9,2021,1187671,A
4f532212-7c92-43de-918d-df21135786b1,2021,19047,A
425f6266-cf5e-4a43-a4cc-8df2bb942d5e,2021,83388,A
8e00d7a5-e10a-4e37-9923-83f6d3d21c1b,2021,113455,A
9b56fde7-a709-4c99-8572-98c542f34208,2021,1306689,A
bf8f41d9-fb71-4ccf-9891-78e2c70803fb,2021,107422,A
1b7f8ac5-b2e1-46a2-a67c-438a35c9b6f3,2021,74737,A
772c9035-afc4-4816-a9e3-5e4fbf2728d2,2021,62484,A
b287a453-a65f-4a4e-ad9e-104c0aa7fd98,2021,9414,A
ab37d3c2-0f0e-46d4-8adb-629b8b384dae,2021,106996,A
3990cd14-a89d-456e-9d8f-e1431604b2b8,2021,20239,A
82f5de7e-cbed-410a-938d-8b9cc079fd80,2021,18671,A
af025c55-f9cf-460f-a503-147c905ebd23,2021,1181115,A
cffa75e4-c9df-44f7-b00b-e6a98b126f55,2021,94762,A
2e57ab9e-6b16-4202-93a9-f8d82c519c59,2021,103062,A
0090674f-ef9f-4e59-bb30-6549fdb53c8c,2021,47051,A
7dabce71-7743-4162-8288-fa27b9391469,2021,50082,A
fa5a0022-439a-4f03-a6ca-6522f75b9448,2021,13401,A
c303e7e7-db88-4ddf-aa32-5d388ab27746,2021,94762,A
445958e3-8a52-4dd9-8829-92ed45668cdf,2021,53333,A
4ee7c194-7ad4-4925-96c4-a2184b8eda56,2021,1101244,A
bcf2f015-0c76-4c99-a246-c3b416032300,2021,40343,A
9ff3608e-8df1-4628-a624-c9b4ad05ff13,2021,18558,A
c4812e8e-45ce-431f-9704-251835fbc172,2021,11554,A
db4557bf-f4fd-42a0-8965-4cd843dbc42b,2021,1187671,A
eeca8eca-4fcc-4fd6-b1f0-6ae0971701a7,2021,11730,A
4367ebf8-ccd7-4814-a129-9ed529046365,2021,1136142,A
9f9904e1-87fd-41b3-b66c-daf1b76a913d,2021,1047907,A
93668b70-3787-402c-8550-1097243deb91,2021,13277,A
33e8648b-8ef0-4002-8edf-7580c92a4435,2021,20030,A
3d101301-a8cc-4979-b499-61d98a97123a,2021,22061,A
7d4ab8c6-ad2b-490b-a331-f35ff5d53974,2021,1161716,A
b10ddc96-ef3f-4631-9d88-ad7eeaae9b06,2021,1385942,A
47da7907-fe74-4cdd-95e0-2a7a54ff989e,2021,18558,A
d428e8ba-412c-4fa7-84d4-fbb1294df08c,2021,73140,A
4e030761-96de-4188-97f6-09c95ea8d925,2021,112086,A
60b38193-7503-4be1-a478-d25053c8d309,2021,5000143,A
3ff9ebdc-17b6-41ba-a943-c67281e0c4e2,2021,13595,A
d26e5b37-dab2-4f02-9bb2-457c6acb5c2b,2021,19047,A
dad40750-5149-4747-a592-6cbde6f4120f,2021,88084,A
dc162e46-0574-4cfb-8612-b7e5bc4ec285,2021,118420,A
f415df1b-b970-4084-9054-c1b9b7470a1e,2021,118994,A
5c2ee580-ec44-477b-bd03-71d6dd72e053,2021,94762,A
9197e082-7856-4928-ad44-72b43251a189,2021,53333,A
091ee530-6095-43f4-b1d1-432fea3ba264,2021,1314243,A
6a4205ec-320a-4655-98ba-b55e77c7f8ad,2021,1181115,A
5c34cdc0-3697-4d1a-a7d5-04468918b303,2021,1306689,A
a1c17c32-b55c-440a-9754-2feaa602924d,2021,88084,A
8df87235-09f7-472e-b4a4-9865ace4aea1,2021,1351760,A
b79994e8-c82e-46ad-abac-5b2899f6305e,2021,18903,A
12176d67-26dc-4ef8-9434-e271009cbbcd,2021,18903,A
2c66fe04-5237-4c52-b93e-a2cab0ebd46c,2021,1288839,A
6bf86791-40f2-46e8-802e-8d06b9e0b946,2021,1288839,A
57b52b09-34dc-4e9b-913f-22eaf10c657e,2021,107422,A
b68e16df-e04f-4621-aca4-90799c7ac332,2021,83388,A
6a030723-f882-4ec9-bb38-08f123801062,2021,114616,A
0f00350e-1bb6-4a0b-9d53-e4e579ee1f09,2021,98013,A
8bdbcfb3-418d-4ed8-93d6-0bcadaeaedd9,2021,98595,A
c5b01708-3d78-4e34-9c93-39b1bbda0963,2021,21464,A
5b116c17-44c6-4490-a46d-f77eb42322a2,2021,19047,A
33408a33-56ca-4dfd-9be3-e7ff291a55f3,2021,1306689,A
d23d71ca-a956-4495-ae88-ba32e6722036,2021,1204325,A
a20ca5df-47f8-47a3-87ff-b5fa89687d36,2021,68930,A
d9fcae56-dcfb-4278-90bf-5b1e0cae3687,2021,91181,A
12f01011-c467-4164-8500-4f5a04c6eb4c,2021,19047,A
3a0b0603-5385-4d56-8335-975c149f3258,2021,18683,A
1f2136b9-2016-4772-a03b-6d495ea36105,2021,968,A
dcad643d-1735-4bbf-a417-d782b62fbea8,2021,49054,A
edd89857-fe64-423e-897b-bf3fe12297f9,2021,1315444,A
03bbfa12-2ad4-4e32-8e2a-74a83ccb66fa,2021,1376131,A
7fa4edec-8d8d-4dae-95e3-f23afbac0a1e,2021,10515,A
1a67bf63-1f6a-43f3-87cc-e40584af83bd,2021,317,A
a491ff1a-efaf-42d9-b85d-ec9e79db23d9,2021,968,A
f5bc808d-7d1f-4939-917f-a69267de8054,2021,968,A
9ad7ce4b-1ea8-473f-a19f-a86b0bbb10ef,2021,1118057,A
79b1945b-1e48-4f70-9bcc-44c94795b0e1,2021,97778,A
6122e349-79c0-48f1-9036-3dbbf88c1f66,2021,13277,A
7360363b-f615-4bd8-9a2e-8939ac7573e0,2021,13277,A
5a8de672-62f5-4844-9090-594377228bf1,2021,968,A
d7a64297-ca35-45bb-925d-d2c457f91fa8,2021,1265453,A
025e4bc7-8c9a-4dee-b874-1476a94b3f90,2021,41238,A
190a5fbd-a704-4a79-9d07-e4fd93fd1ec2,2021,13277,A
e2ce4dc4-8b17-48ec-8184-22cc5342ae30,2021,48205,A
89809244-896c-49a8-8b3e-9c8d788336e9,2021,106996,A
31f23df3-3bae-4aaf-b681-90a31de3216c,2021,98665,A
b91e0bbc-8007-454c-a962-bce46363bc2e,2021,106167,A
47d6d322-b9ac-4aeb-9c7a-aa322be94675,2021,10515,A
bcdc28c5-a71c-4fc1-a906-f0b8c17363ad,2021,2209,A
e3748b69-2499-4b28-a8d9-5404f0ed4fe1,2021,95175,A
39638cae-159a-497a-99c0-1f8703c710e3,2021,1108692,A
67357f7b-994a-4bc2-9ffe-a24959591e56,2021,91181,A
403185f3-0ccd-4089-8592-eabeaf4baf5b,2021,54934,A
a5abc62e-83fb-4dbc-9175-97a32e431c1e,2021,968,A
5a41dd26-08e0-4161-aede-f22c150ee3bc,2021,101942,A
fc797114-4fd6-4ea9-adb9-bf5a279de736,2021,13401,A
4c7f7e76-3481-4f64-8370-5a484332df83,2021,1288839,A
9b0f17e8-940a-4e6b-8c49-09bac367a199,2021,118420,A
74d07acd-14ff-47f8-bb1f-0a230d792cf2,2021,101830,A
9e21dd7f-b19f-4a42-95fb-11a3fe004e09,2021,20030,A
06409e79-d48e-48c0-91a8-8b7c864bcc2f,2021,58808,A
8c20a639-7874-4d3d-a3e9-247629174d48,2021,1166783,A
a13ef124-a72f-4afe-a6c5-0824577e8c87,2021,1118057,A
d4dd5939-2f24-4a71-a53e-6590c7975c4f,2021,968,A
1a048511-0373-4db2-badb-bd5b805d8279,2021,108660,A
0ef603c8-434b-4919-bc75-2929c3f697d1,2021,1267543,A
7a119c6c-53e9-402d-a15d-36821b8c1e6b,2021,20030,A
b30ca563-ef0f-4473-81e7-bde9112a4bb2,2021,47505,A
2a6bd338-6a4e-4c1a-a564-af7385adf774,2021,113687,A
1059442d-36ac-42bb-a5b0-a92c86432028,2021,18558,A
4557e0cb-0e48-4a6b-991b-f88f9c994c82,2021,11730,A
6f4a723a-4518-417d-8503-d1b96a2f5653,2021,88084,A
adf94148-00a2-4568-8fe1-670087ec73ed,2021,1136142,A
d6598d6f-fcbf-47d9-baca-a7497bb293fa,2021,118420,A
146fd372-ed46-4649-8d42-70afb5665895,2021,1306689,A
e191d28e-35a3-4589-9656-85d80af47b9b,2021,1314243,A
45060a4f-ea56-4a68-8149-cd75e18a5ab5,2021,114616,A
e4de1695-057c-426f-869c-4f213aa4907e,2021,101942,A
3566e643-72b1-4919-a127-ce5e62ab9958,2021,49071,A
f746102a-4608-4b05-b246-f9463472adba,2021,108660,A
2c62f4bd-6ffa-4fbc-afe4-daf495661200,2021,98305,A
096518e6-d60c-418e-a874-05d7e61d7164,2021,11730,A
16bcffac-f566-421b-83ad-967f38371ee2,2021,68930,A
00069fee-ccb2-430b-bcab-a40af7bf368a,2021,1322390,A
d0d66800-b876-4260-8976-4d501b42845e,2021,1047907,A
79baf622-084b-460b-889c-95e70a94e249,2021,2209,A
a39a48e2-28b2-4b3d-8fbd-1d9c516d01c9,2021,2209,A
b273b2e3-c49c-4512-8557-f75d6176631b,2021,94762,A
9edc3740-1863-48ab-a47a-a17225639f9e,2021,968,A
8d5638fa-2f63-4aa3-85a3-0378f828d39b,2021,55402,A
bdd9d090-d6fd-4c3c-a2cc-677da8139519,2021,112086,A
84819cf1-485b-4025-9ee8-1a01a1d4b771,2021,57606,A
15d89016-e4b7-4bfe-884f-fc8ae97df352,2021,5000143,A
cda8bb92-e089-494d-9a90-34584b5c2063,2021,21464,A
5f9f9322-0b7b-4a25-9c1f-acb115ddd004,2021,43664,A
3995e5c3-44a7-4e68-aa6d-1a0ae76907d7,2021,47051,A
edee7b7c-b0d4-4965-9923-292fc6e7a556,2021,1181327,A
959b6c62-d957-402e-8b24-5823c7e026f1,2021,114616,A
4dacd730-c918-43d4-8b3a-a8da4aba4ac5,2021,1101244,A
2b255ea4-125c-4254-95f3-c72419832f56,2021,1385942,A
e9d4b39f-aa6b-4917-86e7-ffee0866d211,2021,18558,A
edf6e2e7-0fb9-4906-aa55-4d3652780eb7,2021,11730,A
95d94f04-e69a-4a73-9beb-a5c5d42bbcc1,2021,94762,A
13f697db-c409-49a2-9873-cc3c3b7ce412,2021,98013,A
3ef107f4-bcb7-4570-971e-50774ff1c28a,2021,95175,A
2cd5ad7f-e5d1-4f36-a476-9fad91ed02c7,2021,68930,A
1d681ba5-c042-4567-b862-f03bad60e17b,2021,513,A
2903407a-1cc1-4da5-8272-9a88f579f9b2,2021,968,A
2832f15a-b128-4235-9f52-39d5230b3878,2021,968,A
f8cb77a4-5230-4e77-ad7d-c727b9f33a40,2021,108660,A
9d0f6de8-e243-4e82-a5a0-9111da8ed523,2021,18584,A
f8f47648-f8b5-4852-ac43-c594e5207427,2021,18559,A
228b0aa8-1aca-4258-85d9-26cebf06f323,2021,104360,A
807a525a-4a62-436c-9e3c-61c55792cc32,2021,19047,A
27ad67af-b674-4568-ae6f-30bce778fe51,2021,37862,A
2854255d-0038-4555-843b-1116bf9fc1c6,2021,20030,A
ea673d5f-2c28-42ef-a35d-d2bb06be0794,2021,48205,A
dc3a96ad-1131-461c-924a-2f2fe920b351,2021,106996,A
6e241b5d-b192-48db-8f6c-b6ecc09889f4,2021,1385942,A
ebaf21c2-7c23-4445-aa0e-1427c566209a,2021,18683,A
7001f1fa-07b1-45ac-988b-a56aa67428dd,2021,18584,A
ece6f671-6f0d-427b-97b4-13efefc49431,2021,106996,A
7db5c4dc-6bd9-499a-963c-95212a4914a0,2021,107360,A
57bca7a3-14d8-4502-98ad-b9193a34a444,2021,18903,A
8ae40482-a1e6-41ff-8175-2d5dc68c6158,2021,113687,A
f97e8a24-6714-4e68-baed-695f884664f6,2021,108660,A
d3e0def4-d17b-4845-acf1-43255340df5e,2021,18559,A
e274e676-bdbb-4f0d-87b2-5f2cad825144,2021,513,A
f2c1a45f-c36a-4232-8954-3198f6856258,2021,19042,A
ae8daae9-d6dc-4541-a588-b282836703a8,2021,1136142,A
2e635a07-2da3-435b-960e-e0ecd1d20dc8,2021,37862,A
bd27077a-7e1e-4b6b-887f-7703c22de170,2021,55777,A
25d108d0-6829-435b-b858-02d32dead928,2021,55777,A
91bf0c22-5982-4d00-b32d-0a071428d90a,2021,95175,A
a850c218-a6ea-4236-942d-2504fee6a9e9,2021,98595,A
5c901c19-dbc8-412d-9cf1-8e41d5e108ba,2021,113687,A
6f4fd90a-e49d-4f7c-9f51-c2bd62285d22,2021,57606,A
33dce2c7-8ffa-48c1-8a99-faf90d75242b,2021,1136142,A
04a6d6f9-8051-4122-91d1-b61bf2121d0a,2021,113455,A
d79c3c60-809a-4d03-b1d6-bc1de44cbfde,2021,107422,A
fb366c69-e41a-4cfd-8f96-c8802f577b74,2021,107422,A
4ff0b72c-dd16-43ec-92be-8966ff66ea40,2021,59122,A
e99ca8ed-8953-4124-b90e-b5c025ba3d0b,2021,20933,A
9591d4e7-f940-47df-bf56-21694170de9d,2021,1204325,A
b1daf205-6ff9-4f9e-8d2b-fb138ec3ec88,2021,114616,A
ffe2c2f1-8dcd-4e1f-8322-a8f95302ba98,2021,20239,A
c08230b8-998c-4bd6-a53c-55229ee749b7,2021,108660,A
782dbbdc-1eb1-49a1-8a4f-7c1ca8179319,2021,18559,A
d5eb29c3-dcd4-4b1b-bb4a-9ea0efed9dec,2021,13446,A
5d2a1490-a8e9-466e-a47d-06285b6a8d2a,2021,83388,A
f9a00bb3-213b-4075-ae92-b5f43d1e9165,2021,53333,A
609516fb-e0d0-4ad1-877b-7cda000c7be0,2021,114616,A
27f96368-efc3-4cf1-ab6e-5837aa15a21b,2021,114616,A
8e4cef60-adc6-48dd-8fda-32018c2a1af4,2021,10515,A
b09ac59c-5029-48ee-ac96-b8c1d621fce6,2021,1385488,A
33f8e470-aed6-4c43-b583-667f0e3a6a72,2021,1403879,A
5973a779-31e2-4eb7-968f-c336ec063293,2021,968,A
fc52b3ac-da9a-4ab8-9b6e-2c44f5191195,2021,18683,A
2f165265-6421-42a1-9b3b-f2a0d158afc3,2021,18584,A
ce2d5d51-ae49-460d-92e7-7886c0362c23,2021,18584,A
6bda4b5a-a6f5-4552-a189-8159d87b77e1,2021,1148708,A
16acac4e-6d57-4939-9411-3d1f381fac06,2021,88084,A
6243b5de-1aa0-4d03-8c0a-9dd4945b487a,2021,37862,A
07fb44eb-569c-4213-88dc-3ff23743670d,2021,1315444,A
06627f39-6ce2-4770-bfa6-de09082fe52a,2021,106996,A
5fb34dac-27ec-4534-90d8-8dbea158f978,2021,1190071,A
dc3b511d-e06e-48ab-b25a-ed375c962b32,2021,49071,A
0c0930ff-37c0-42e5-8a93-995f49384673,2021,1306689,A
da05117a-d1e0-433c-b783-df34cd2af8b4,2021,1118057,A
2c286422-f68f-41aa-b44f-8f0c327f2376,2021,62484,A
37ecdc07-5e24-4a9b-8536-d58ef9b770b9,2021,513,A
5a099b11-9b29-4cd4-83a3-f6026571e212,2021,1136142,A
3fd86526-d6b6-4a4b-88a7-868d298a6a74,2021,13277,A
77ff963a-e1d6-42cf-8d02-296c58ed89de,2021,113687,A
16c10fff-2553-4fcf-be18-35f76c65ada7,2021,97443,A
1627880e-b6e4-4902-b610-34663c5898fc,2021,98764,A
3954a0a6-22da-42d4-b6e2-54d239a5b228,2021,13980,A
04b1422f-911d-4eb5-a361-a808a207478a,2021,47069,A
b9b41edd-96cc-46b7-a4c4-5f1f63571129,2021,1181327,A
9352254f-2ee5-4d15-be13-6fb705ca1016,2021,1070485,A
06bf387f-9191-4f07-9919-b22c2cefd3fc,2021,97443,A
66f3b0e9-eb5a-4fde-9b29-d61ac273047c,2021,95175,A
7f9ac64f-5818-46e8-abca-8c6e62f6ecb7,2021,1108692,A
840b7468-a08a-489d-8da5-a936c2d274ba,2021,1181115,A
16d45421-e30d-4bae-bd67-1e689e00d043,2021,5000135,A
6a72b399-eeaf-4ef1-a72f-dec12bccfe81,2021,2209,A
244acd33-595e-47cc-b1c8-7a4ddae83454,2021,317,A
702b6d63-7c8d-461a-9d4a-d589443a491a,2021,108660,A
dbcd2286-8035-447e-b5a2-9e1d7c627c30,2021,18584,A
a276ceb6-1292-4d48-860b-35f2e33e82af,2021,1267543,A
9a17b21a-6867-4b05-a082-5cf9d050bea2,2021,73140,A
786e4c70-9c84-4620-b0a8-60e8bce0791e,2021,1187671,A
b9989c27-3ebe-4e41-8dfb-7212d44aa267,2021,21464,A
bfbcb691-0f4f-48e1-b7a5-9aa2c883974c,2021,11730,A
2c7ccf3e-a561-4d00-ad86-03d0bdf8c562,2021,118420,A
594a4fdb-c156-405b-ac2e-d42044a5b5f8,2021,1283028,A
9922a1f1-5772-40c2-9ba0-f63c28006457,2021,48205,A
1e213f85-24da-49e4-a446-a6264601ae4a,2021,1314243,A
b839bc73-4798-4623-b186-7d1024e52ebd,2021,20239,A
2b5b6953-1767-43bc-8b3d-2fa09da46cff,2021,1101244,A
71d0b6f2-936a-4411-8bdd-b210b093a116,2021,1181115,A
cbe84a2e-a869-4fb0-957c-c1b990325f1d,2021,5000135,A
4256102b-4e12-4004-821b-cae65891df57,2021,5000143,A
ba82482b-adf5-4e54-8f15-bbb6c9e5f7be,2021,1288002,A
800a6f37-49c9-4515-987c-29333f79c4d5,2021,118468,A
117fa34f-0932-425c-8b45-96df7881a707,2021,88084,A
e25906d1-9395-4e63-b977-3eb485dec341,2021,48675,A
ded7d41f-04cb-446b-9267-466d7736792b,2021,98957,A
a34b4e76-4f78-4d0f-81da-e45c41c18c00,2021,86326,A
21f51b20-13ed-46fe-ad15-40b5bf14f5be,2021,86326,A
acd94179-5bda-4e03-a1c5-4a542e7736ef,2021,13277,A
cd16e1a3-f394-4fcd-8d12-eacdd949403a,2021,20030,A
ef7c957a-5815-4c13-9d6c-4f77d84a8d92,2021,1314243,A
133cac49-ada6-4f9c-bfdc-15364b99d0bc,2021,117022,A
c49807e6-819a-4c49-a82c-8049fdd4841f,2021,1032473,A
0171c2e7-483e-4c63-8636-be9bb73a477a,2021,118994,A
91f8a269-b02c-4396-adca-752416a38651,2021,101830,A
3bd87002-6a36-4684-ac1a-e84229a6c51d,2021,1283028,A
8b344224-22dd-43f0-9d73-04b74ebfbecc,2021,56172,A
95f81096-3bbb-4aa2-940f-2d7b8bbd1ecc,2021,117022,A
3e0f3e66-0f73-43a1-9c30-8a26c913e6db,2021,95175,A
7ef80ddf-70b6-45e1-87c5-d415c70a9ca0,2021,5000135,A
a282d1a4-5372-4bda-9331-cb45b2d3e0c8,2021,19047,A
2f2124f6-fc9c-4ca3-9726-51f35088552f,2021,55777,A
eeaffaf8-6767-4fd7-b158-c2b43e1ff94d,2021,101942,A
84759d3a-c3ef-45be-b93b-fbd77187913a,2021,11554,A
eb194768-c607-45ae-ab75-4131dc62463b,2021,47051,A
ef2b10ee-c9bc-4c63-b3be-a2215e0860fb,2021,49054,A
3b25b7f9-d66f-4e2f-b0f5-03ac4166bff8,2021,53333,A
6220ece9-1938-4fa8-81b4-77a4315c6232,2021,20756,A
a6da7456-d2c5-473e-af2c-633cb54a800e,2021,106167,A
8f20d491-7ed6-4203-88a2-699f7e1d90ef,2021,18559,A
e773f7b6-e420-4acb-8a5e-10a0c6ddf295,2021,22047,A
89dc5b53-664a-4a40-8c2e-5f18852bd155,2021,1376181,A
8222228f-7fd3-4af4-b1b9-a2935343bc3c,2021,20030,A
6b515c15-31c6-4e16-8e3f-e94669aa0976,2021,1108692,A
18afe550-2c3b-4bf6-8f9e-d4c5d332b407,2021,11452,A
99f9550b-119b-4c47-b6de-76d5afe8f9ce,2021,73519,A
d9408a77-1501-4454-a3a7-1bfa6f8db008,2021,1161716,A
60c642b9-25c1-4728-bca2-b2d9bcd8a512,2021,108660,A
aecfcab4-028a-4262-9880-d492807f2161,2021,104360,A
ea927833-3bf1-4051-a316-a4fb4158040d,2021,55402,A
54b004ae-752a-4e06-bb85-05bd27c9ee49,2021,13216,A
83bcbac4-2d55-4af6-a217-93a9c2221fe5,2021,5000143,A
f768d4ce-cec1-4afe-a20c-8246fe2d74f4,2021,19047,A
6a060ea8-9402-4b58-ad6a-bfb422e91a26,2021,113455,A
7490947d-49f2-44c2-be96-ab6bbe6f66a5,2021,107360,A
93f91295-00d1-45d6-80fc-354e2b620022,2021,20030,A
0cdf6b63-e5a8-4aa6-adb6-918aa6f402d0,2021,47505,A
e9e64f43-c85e-4ea1-bf83-91dcd13725e0,2021,1190071,A
e4182cef-a7fd-44e4-9060-77526fe7192f,2021,46377,A
d05f8f98-4e3a-4459-b171-1023236eb328,2021,5000135,A
90e90bab-6cfe-432f-b823-da0bcabfdf7c,2021,968,A
7307fa31-b090-494f-89f7-76080b68ddfb,2021,108660,A
fcb10671-d87a-4b8b-986d-0f7cb644a484,2021,49054,A
32501da0-56aa-478c-bdc9-42b657410267,2021,13277,A
119b65ee-ace7-4905-83f1-79eb96e6800f,2021,9414,A
a5f49d41-f85f-4972-993b-fa8bb5dffedd,2021,1190071,A
4859788d-4f4a-4f6a-aab7-648e5c88b6e2,2021,106167,A
3f1fb8e0-c4ae-4782-b87f-e56aa7883ca1,2021,94762,A
a1796697-1a11-4e00-bb2b-232b2e058245,2021,88084,A
530a34da-714f-4ddc-84d8-4318735e7b97,2021,104360,A
14a1e7e3-0f1e-482c-94ad-1028d86feae4,2021,13595,A
bf9e29fe-9c11-4caa-abdd-6489da03968a,2021,49054,A
9864227c-554f-490b-a2f7-d49574fa2b5c,2021,101830,A
094c1bd7-2300-4021-89eb-67cf4f7dfd30,2021,1306689,A
9e42f0bf-b03e-4bf8-b7a5-2162ba213017,2021,98595,A
3480c389-4e31-432b-a06c-b00c242f1d9f,2021,116770,A
4361cc31-2ac1-473c-9679-094975a69c94,2021,317,A
888fb0c5-af80-45ab-8f42-94835f89ae36,2021,101942,A
c73d43f8-2831-440d-b4a5-ebad77a66044,2021,11730,A
dbd01bdb-b4d3-471e-ae8b-1e69498c2473,2021,1267543,A
307a2fc4-fe10-44b3-b6e5-6d950fa21987,2021,118420,A
2e875d3b-28f1-41c3-a044-3d1c4a535781,2021,20030,A
bb4afed9-1fb1-4ab3-8c24-8601725a7bda,2021,1322665,A
a820c2d4-6323-4ae6-b9e2-d9d703f91d14,2021,2209,A
2755d964-34bb-40e0-bf9e-903205950446,2021,1385488,A
f1b59513-5e68-4fdc-afab-2916b84d3f28,2021,18683,A
af5c5178-3904-4403-97d9-19225706fc9c,2021,513,A
4406eb73-be50-4896-a221-58f57669b32d,2021,18903,A
899500e2-b2b2-4b09-9a52-04886c46ef0d,2021,1136142,A
ffaaeaf8-9ed6-46aa-ab31-0f73a5ec6774,2021,57612,A
67f2279f-2d90-4d28-9e6e-30f51ac2bbe7,2021,98595,A
be940567-9445-4e2e-adc7-ff3543ae29fd,2021,117022,A
6d60ef93-0082-43a0-8ea2-571dff1e81c4,2021,95175,A
0fff3539-9628-4f2d-9541-6a9e618c1000,2021,113687,A
37d926b6-cf85-4d01-9ff4-f0165f6a8c4d,2021,113813,A
9c0e1a19-7860-4bf7-85a7-e6e7c90a405a,2021,1318224,A
823889dc-5307-4466-8826-a20586e11de5,2021,2209,A
ad0ba1c2-4d0f-4beb-ad66-e867224f15f8,2021,47051,A
6f1d6c21-999e-4a7b-9a36-fa0a0c9af824,2021,13446,A
e0d7e330-a3e5-44ff-b50d-d4146835fee0,2021,90030,A
6f95fedd-60a5-41dd-b6ac-51fba0907f91,2021,13277,A
f8d76644-5739-4769-afb8-1d78b9c8a47e,2021,1283028,A
ba2fced4-ee88-4cc1-962b-587c55e0e9fb,2021,1272079,A
32d297a4-6b19-4b8b-bcfe-5f30e8ce9d58,2021,11452,A
53b5a810-69ad-45ef-87dc-3a7e7f34d574,2021,50981,A
8d96f53e-c688-4dc7-acb0-325cedeca646,2021,317,A
eabb461b-d6e5-4f78-9685-4df9e8b8fc84,2021,1269545,A
b695d6b5-d35d-4db8-be13-cc4bd2687363,2021,1267543,A
e02ecdff-91cb-4a9f-b2e9-5207b3185a9f,2021,47069,A
f6332e03-a1a6-4258-9824-6e112aee0b16,2021,67092,A
5258a95d-4197-46cc-bc53-2e3022241eb3,2021,11730,A
0e35ee00-ba7c-4137-8b5c-7f2ecc8632b3,2021,94762,A
04458074-5e34-4c0f-9ac0-04c7a2c50449,2021,55777,A
0c7f32f4-c863-472e-8ad0-ce4c200e72f1,2021,20030,A
63751d70-3d1f-4b0d-b195-6a82da0a9292,2021,98595,A
206f1dcb-e3e9-4b7f-b368-a0907dfd708b,2021,1379275,A
7a059c2e-8462-4c49-83ce-da043b44103e,2021,18683,A
73982dda-92ef-4825-a197-77937807441f,2021,40343,A
598ae205-89ec-4577-ac72-de5c5742363f,2021,1190145,A
a3088dee-24ce-4cb1-a224-97b965e0c00a,2021,99820,A
4dbf1214-5cec-44cf-9416-cdce6e388595,2021,5000143,A
f660c8e1-7c74-481e-a474-d4ad7bc5bc33,2021,1267543,A
31d75142-7278-4936-b67d-5abc0dacdb54,2021,47051,A
528529ef-dd08-4c75-b5a2-d1b0626a63ce,2021,13277,A
437bc392-3578-4f6b-bfb1-308023032c27,2021,98595,A
164a2755-f156-4610-8bb9-11382b7653e7,2021,1422296,A
8881f14b-3bea-492f-b62c-f3be5d6ae6e3,2021,2209,A
93bfd74c-e458-4de6-b9bc-d6eed53f8cd1,2021,18558,A
2e6486c7-24f3-4d9d-9266-451ed7c57a0a,2021,1267543,A
d5a42c30-8218-455f-b397-019e7fb536cb,2021,53331,A
d83f4285-fb84-4e02-88b3-12d0d0e68ff3,2021,94762,A
36ccdced-777d-4309-aa9a-098544baa380,2021,91181,A
81da067e-f1ff-49be-9c8e-5d7c9d15bf6a,2021,13980,A
57b03a8f-9270-41e7-a4d1-4c373859cc0c,2021,47478,A
124cd64c-37a5-482c-b203-9e26dde908e2,2021,18559,A
fc8e4a25-9af8-443b-a66a-d07c36f5302a,2021,112086,A
4387b896-7d37-43e6-b713-5f9ce1a351af,2021,1351760,A
af560714-47f4-44bb-b6d3-1b7ad5276732,2021,107360,A
4704627e-123a-4af6-a1f1-be9db14b40e0,2021,37862,A
bcb03d7a-5e6a-4aee-a54c-1297ca5855a2,2021,98595,A
101606ef-7891-4b76-ad52-9bc5c038bad7,2021,1139692,A
c995066f-b470-4ee8-9bb3-9d3d5c7b7b69,2021,1190071,A
f9fda62c-b31e-4f59-bd5e-7ed802bec423,2021,51020,A
0f6ee056-91a6-42a1-b299-956938eed109,2021,1267543,A
3b5b31eb-51c3-4c67-9c66-d43bcfc79219,2021,98665,A
aa24387d-cc80-4d34-948b-c39c7029fdd8,2021,13446,A
53789c1b-f9eb-438c-b7ce-b5b29357b71e,2021,1314243,A
e45cfbab-834a-4220-9139-79199d85845e,2021,20239,A
98c80ff5-369d-45bf-adf4-7325564561af,2021,113813,A
554a8f2b-2f36-4db8-8bd4-b8c6a8f0d446,2021,98764,A
a4de716e-efd4-4c54-a360-9b020508d51c,2021,317,A
a7a03563-d3d4-47b4-babb-6ff6f8c6aeaf,2021,40343,A
81680adc-6226-47ef-9632-66a7d536a696,2021,18559,A
b9d61a36-bb5e-4f9e-b7ca-d19747a304a1,2021,13595,A
455f5ff4-d1c8-4f20-8845-8fe651815bc4,2021,1265453,A
d4738702-65cd-4992-8ebe-9386cbcfd77c,2021,1070485,A
c37f066f-2daa-420e-843f-5a194ade2fae,2021,56172,A
951cbd68-dbba-4f38-ad68-a9acf2722708,2021,98595,A
d5b3d52f-bd13-448b-bab2-2c9e1d8256c6,2021,1136142,A
05371a0f-d707-4e33-868b-824c13ba1da1,2021,118420,A
58e75f56-fc8b-4db7-a0b6-615ff9adbfdd,2021,1181327,A
50eed8d6-a5a1-4fc4-a0e2-48a20333bdb2,2021,94762,A
c753aeb2-7a72-4b17-bf65-005773b1f85d,2021,1204325,A
4a428467-f310-4fac-a9d7-f3871d1b081a,2021,1376181,A
19dc23bc-1c9a-450f-8e9d-1904f81a0946,2021,5000135,A
5f3895dd-d34b-40e2-93a6-fdedcac0af1c,2021,317,A
f9959a8a-733c-4248-a614-812310739322,2021,97778,A
8d17d5c2-1a6b-45be-9816-0a36a403de10,2021,18903,A
67089e49-d659-4c8f-b8d9-2ebaf549754e,2021,56172,A
4e173592-a317-43a8-b9bf-5ac666c43819,2021,91181,A
9ce736ce-7f9a-4514-b50d-287dbf5400d9,2021,20239,A
9a31fd0c-fcdc-42ba-998b-402c0ffca780,2021,64664,A
e11e31a8-4576-4f30-9a57-d25f7d659e10,2021,1306689,A
b79689b6-918b-4a8d-ba49-f284b137dccb,2021,94762,A
e1481366-76f6-4774-af79-d2492a04a857,2021,62484,A
623f0f67-3ccf-4c1f-9702-df5dc61997e6,2021,97778,A
e2638c53-243a-4b03-9de9-d8c2c716c661,2021,1103723,A
452aa2b1-cf06-4134-92f6-6e415c9fae5f,2021,107360,A
72f41f5d-919b-40eb-9908-e23607dbda22,2021,1315444,A
7737a2e8-e345-41f1-8c9b-dbb2e703e5bd,2021,117532,A
8c83a7cb-d664-4719-902c-64797ab93754,2021,1272079,A
c56f91ac-d26f-48b3-a9dc-38ccfad0807e,2021,1318224,A
95b40de7-6aac-4d2a-8639-fa209503729d,2021,19047,A
696d81f3-370f-4d1d-bb77-292caff7ad01,2021,18584,A
3a18b30a-5bb6-4a18-8eb8-5b3092f748ac,2021,102590,A
1dbe3147-8b12-4ea6-bdb2-8ae46dfe84e2,2021,5000143,A
670c83f7-b38f-4418-b005-ca91e49e369a,2021,67092,A
aaba9e6a-1a22-4c6c-9da2-bd5b9ec43344,2021,318882,A
81dd5569-ebf6-4689-8246-1c904bb7c1a8,2021,43664,A
ea7e6ba8-a043-44f6-9066-66ad47061bce,2021,13401,A
7ee0fbef-4264-4409-918b-624d60ffda65,2021,83388,A
07f7b6ae-f6ee-4aac-8e22-b71389dd648f,2021,1136142,A
609f2650-67c9-40c9-ae43-11962d6894da,2021,1047907,A
94c1414c-2c5f-4932-976b-3467495e5254,2021,106996,A
ce6f65a8-5837-454c-8c83-15e0a2b80954,2021,98595,A
4bf49050-ebf5-4f0c-b9cc-e7d933e921f6,2021,106996,A
e4c1d23c-dba9-4178-a4e6-f3aa49138d11,2021,18683,A
ce71d37b-dd0a-4229-a293-dfee793ea481,2021,95017,A
b5e723cc-639c-48ed-ac3d-b8e1de88123c,2021,1108692,A
00d4dfc7-ef14-40e4-9129-65d9e9e67b73,2021,1190071,A
2793fd6f-1862-44a4-96ba-be6626b0859a,2021,107360,A
47faf920-f2ec-4b1e-bba4-9abd30faceec,2021,13401,A
8f42c03b-f9c0-4cf9-b6fa-71de2ab85f35,2021,1306689,A
b9e75c33-54c0-4783-93f3-0e306a3fec1f,2021,1330347,A
83393557-6ae3-41f1-be20-59870e1d3dc2,2021,1330347,A
18ea10cd-cba3-407f-85fe-1b026ddacdaa,2021,95017,A
62f9d2ea-caa5-4629-b18b-1d846c6925c3,2021,19047,A
66111aaa-d997-47fb-935b-b02ade4a66aa,2021,113687,A
cb87bc51-a796-41e9-834c-3a43f9e41a2e,2021,18584,A
7720f9df-a3f9-4d0f-a448-763bf5e53b1a,2021,13216,A
8714403a-2516-4035-b20b-c964bc434681,2021,11730,A
3a126d1d-4e08-4e0e-924d-59b1df41a293,2021,1148708,A
89ced093-2ad0-42c5-8965-d711d381489d,2021,88084,A
2c24e8e0-c3a4-424e-9df5-a09a212a6ca0,2021,1136142,A
ce5a1fcf-6f65-4cba-85b3-7be3f297db58,2021,1102628,A
ca1bb2cc-56fb-4246-b146-81e325603130,2021,107422,A
22e53e5d-1abf-40fd-bfd7-6f5685671ee2,2021,1204325,A
dc0f790c-36ed-406e-9ff3-4c796dda608d,2021,1204325,A
ea9047ba-a8b4-40e4-8138-513180721441,2021,55777,A
f309b49e-77b8-4531-a289-4c16af5dffae,2021,99820,A
52927793-b44a-43a7-8de6-23b55d78751e,2021,1300284,A
c210bdb8-00c8-4f94-9ac1-cf52eda40e73,2021,18683,A
e3c6e538-e1e5-484b-8669-f049840d288a,2021,118468,A
5305f064-0833-4659-b151-d28b2e33e683,2021,13446,A
ccd96c56-42cf-4e15-9d3a-c9e9572896d4,2021,1148708,A
46fafc02-83ea-4d4b-9d1d-bc5bb99f77c3,2021,19047,A
180134c2-a905-4f18-97b7-2d4625374b65,2021,13401,A
fe43b38d-78cd-4a9d-961c-44827df9d40c,2021,95017,A
a5f87ce3-28c6-4933-8dcd-6a659819373c,2021,94762,A
4762035b-32d9-4866-864b-89f6864fef56,2021,2209,A
7599be48-89ce-4423-bebc-9d28f0ad82a8,2021,67601,A
c1de4a52-dffa-44c3-a03f-49053c9e82f5,2021,20933,A
6abffd70-9909-4d20-be66-bfc81bfe48de,2021,112086,A
a8e72c97-30f6-4f0b-b875-528eb9db0eaf,2021,90030,A
a45f0d36-d445-4372-b40a-cde1f7027d86,2021,1288839,A
90519c5e-5c9f-4d5f-9a27-4d1ca46e7c93,2021,20933,A
4b016474-9380-4910-aa9e-502724a4b084,2021,107422,A
fb0e658f-e96b-4141-9d19-fc45509c92b6,2021,1376181,A
9898681f-d2b5-46ab-a35f-d7a7c1e74071,2021,9414,A
ae315ac7-5236-45f0-bada-967ba2cad86a,2021,1101244,A
f54de81d-cb79-402d-a161-897c3fac7b6f,2021,18584,A
1e0e2320-5c48-4152-add7-432ed4463a6d,2021,101942,A
88ced3e6-e7a3-4fa1-83be-da91ac1eab43,2021,19047,A
169c82ad-2640-49c5-96a4-b89ca7d593ac,2021,13277,A
83b3cc23-21cc-46a8-91e3-1ecac36b3238,2021,22047,A
765d0f99-8715-481b-a2f6-a0469a64438a,2021,118994,A
979eb89d-0a0d-4ad9-97a0-cf6742f8113a,2021,1190071,A
fb798ee3-99fe-4a92-a4ee-047788589144,2021,13980,A
eca73abc-115a-4c61-bbe2-97decc97c488,2021,1118057,A
50c4b059-7573-465c-85be-8885ecd2d75b,2021,1385942,A
ad06e32f-978e-41ea-96a5-865c418309ea,2021,88084,A
218b3b02-05b1-4923-ba62-4e2d846f8f0c,2021,40343,A
f9b11158-2fe0-431f-b16a-9abf6c636fe8,2021,18584,A
57203bc5-4b60-4168-b461-1c5754371950,2021,86326,A
731c0bc8-e9de-4d32-b1bf-5634e6d72b38,2021,67092,A
3b0346d9-6624-4311-9f35-8fda9fced18d,2021,1351760,A
575149c6-4c82-430a-a115-2dd3810d44c1,2021,1181327,A
d896ac9c-74a1-4387-b482-893540023a79,2021,1314243,A
6724f7b8-3e31-4fa4-a21c-4bcaac742398,2021,98595,A
2b239185-4e3f-42f5-a6ae-099ae8a9ed67,2021,20239,A
16d9ca78-f71c-42ca-a26d-8fb56c7e645f,2021,1270596,A
96b20411-bf63-4951-8fb1-5ed44e6e6fc1,2021,64664,A
8c124171-162e-493a-b425-e705b35969cf,2021,13446,A
4d601fca-423c-4bb1-b234-91f45c0e5f77,2021,1032473,A
7ff0392e-d2df-403a-b4aa-d61e6ff532d8,2021,18671,A
aa0165a0-a2c5-4879-a96a-43561bf5a39a,2021,2209,A
57b99bde-d99e-4b29-bb24-cf1044143b62,2021,2209,A
ab4b986a-bd4d-45eb-ac4a-d31cd55432fc,2021,19047,A
9285d446-f28c-48c5-8b19-f79caf21d3c8,2021,49054,A
e2e15102-c85e-4305-982a-23b102e700b8,2021,1385488,A
e1f14a6f-d599-4341-9c5f-339390c81254,2021,13595,A
1770b306-aa52-404f-a884-d8b380c8b7aa,2021,83388,A
76f98e63-4fcb-4e52-b4ba-3d68ad797109,2021,13277,A
bc186a1c-481f-4ec5-a77f-55d1396768d8,2021,2209,A
317f2abd-3af9-405f-be79-a2bfa21266b6,2021,88084,A
a4de0fcb-7565-4337-9b3b-d360b21da977,2021,1351760,A
1deaffce-e481-471f-96dc-77538d746ba2,2021,1148708,A
6eaf9e13-407f-4e6f-acd4-91a47ec35c5d,2021,1136142,A
16857e73-3111-46c7-848c-5e59af51b070,2021,1136142,A
4f795db6-0910-4485-9841-531ad27f532b,2021,94762,A
9c9b49ae-65fc-4f94-8cfc-a3c22e531e16,2021,1427745,A
cb16ad07-8827-47b2-98ea-241fb7d254b6,2021,1314243,A
4d4631b9-245d-4fe0-bedc-3d45776eb248,2021,68930,A
3cbcaa50-b592-4f33-a9d8-d6e4e45b840e,2021,53331,A
4d8e64ef-6e0c-4e14-a1d3-b1a592536f5a,2021,968,A
44c4a8d2-f7be-421e-881a-d6560febdfca,2021,19042,A
d6c5ad9a-3a6c-4086-8f77-77af66effd6b,2021,112086,A
3785b19b-a016-4840-ac2d-b9138f6da134,2021,43664,A
3943f6f4-785a-48f0-93e7-270c28eb7ba3,2021,94762,A
c2391488-8255-4e1c-8859-258c539de914,2021,1376181,A
76f87fa9-380e-4d53-a52d-d74ed290c9be,2021,98595,A
a354a1ff-6e36-4b03-a0da-51b50bfd2d72,2021,1533190,A
61823e7c-63de-4399-ae84-f706f2ba37d9,2021,1322390,A
bcfaf71f-d93f-4c5d-8954-f0d42804c164,2021,112086,A
1162f2d6-c5b6-4d27-8f06-51143dcb72d7,2021,11730,A
9165c629-dcd2-4181-a7ce-8d2ce4df7624,2021,19047,A
d384ef23-ab97-4009-9614-4ec2ba283d90,2021,1136142,A
abb3fb61-f371-4087-8656-e1963995258a,2021,20933,A
1f1e0df8-47b3-4534-a663-435e092c13e3,2021,9414,A
fe1635af-e1ce-41aa-b703-5780324c3698,2021,5000135,A
79e0597e-a023-46de-b5ad-3cd2466e6575,2021,116770,A
c4d86371-3b0c-4770-a41d-0762e5858c72,2021,1166783,A
0a89d53d-ec25-4bad-8fa6-7960bfd50f5b,2021,317,A
4328751d-2a23-43b0-ba94-bb3af8136cf1,2021,55402,A
8f992433-1e67-44fe-8e24-315c0e9cc69e,2021,73140,A
03265ed6-f263-4a95-8e09-add1b0aede48,2021,513,A
aba67bd3-6cfd-4ed9-9c34-8431790ff02c,2021,11554,A
60a4a40e-b5ed-40f9-938b-b4dbc7d01d4e,2021,98305,A
71fd7ae1-586c-40af-b09a-831c139e311e,2021,53333,A
2c674ea1-91ba-4b19-81ee-0fbe142001bb,2021,1047907,A
9ef4f2b2-d9c7-4232-a75c-c569cae3c357,2021,1314243,A
9b97a751-397e-4542-9d92-15d15421e543,2021,95175,A
f64dba25-fdb7-44a2-910a-a70801b05852,2021,13595,A
5f73c349-129f-41cd-a603-808c448d4946,2021,1265453,A
485bd355-685e-4771-9c06-f7fa6a4a3355,2021,98595,A
a3ecbf9e-75f6-44c1-b255-3d3fcab660c2,2021,68930,A
f96c6394-b3ff-4c88-85f1-fdbbccaf41ad,2021,1190071,A
aeccf421-70ee-476b-bbd7-4dea1243e565,2021,18584,A
cbe2fb90-325d-4de0-9971-8ce9e10ad941,2021,112086,A
26f6a5dd-5760-4563-a960-05a61e973911,2021,13401,A
497156e4-4a08-4cd8-b9bd-61f43cfdffc7,2021,94762,A
c0cd68c3-23bb-41dc-bfda-2cdce742defd,2021,1376181,A
ad95283e-9d5d-4828-834f-113868ed59c7,2021,95175,A
5bb8c55f-5aa5-4caf-9af8-4bd1b1527f09,2021,2209,A
3d502c2b-0931-444f-aebe-2cc500d8f574,2021,317,A
7c4804d0-cf10-4df0-be7b-316bac484dfb,2021,1288002,A
b797eff5-9f51-4a9b-852e-9451168095c6,2021,67601,A
66c75eb3-3856-4774-9b8f-36b37fdd5a77,2021,1267543,A
9578df87-4417-45bb-ae61-47641fa1ca05,2021,1136142,A
67471266-93c4-4002-9726-d950f2ad4b0f,2021,117022,A
3f54eb6d-13b5-48f0-b1b9-8d87ddc6c374,2021,1330347,A
fab6e41a-8743-4461-a01a-1cf6d593597e,2021,968,A
1a64292e-a37a-4995-9bdd-6e73317151f5,2021,968,A
8f7ac601-0476-4de5-9b8a-e8feebd62c55,2021,18584,A
a6747ddd-9d6b-42e6-aa90-eaa5020f9ff9,2021,99820,A
4b7cb3b4-e24f-46f3-b9cd-d9c1c57cabcd,2021,5000143,A
ef2520d3-a4b5-48cd-a74f-e551f4d253cc,2021,107360,A
b07825a1-9feb-46f9-b20a-60288caa500c,2021,19047,A
60bfeafc-5b4a-46a5-b066-b422758ce468,2021,13401,A
4128357f-c209-43e6-9a65-70a370c801e3,2021,1204325,A
e9c3c9e2-207f-443f-acd4-07c147e89dac,2021,9414,A
aa59b6ec-511f-45cd-beeb-4f27cddc5f3c,2021,55777,A
dc6149e1-2022-43b0-bd53-a20b7e1e90b9,2021,58808,A
d5002f0b-c8c4-4776-a171-622e7e6672e3,2021,64664,A
3a0ed781-dce8-464e-8c1a-391cbdb7c678,2021,94762,A
834c9485-fc7e-4ad8-94b5-b2c207d9ed7b,2021,62484,A
ee842eff-8f66-4bfd-b227-4bd3386b5cce,2021,18584,A
e2149a6c-5003-43b1-bc2b-ca0e2c47fdee,2021,513,A
290dc91d-4618-41d8-b64b-73804275f519,2021,50082,A
3e3bf777-3725-4339-bd68-7ac852200781,2021,11730,A
ef7d0b66-fad0-4f52-abee-969049cf0999,2021,13446,A
b45b1239-b669-4a27-8afa-cbc397236474,2021,18903,A
cebfb4dc-c8dd-41b8-bb7d-fe3c93dac0c8,2021,1136142,A
5ee75353-e523-4f2e-821f-05b52f43a3f0,2021,64664,A
4106e71a-3f5a-47be-a0c3-2cb808d0a3d0,2021,2209,A
11c2b529-3636-45ff-9c17-420bb5c8a343,2021,108660,A
2ed90e62-94e5-47b6-b6d6-af81a3aabed0,2021,55402,A
f83ad561-8116-405b-b8b2-416589b6cab8,2021,37862,A
532f9dce-86fd-4b2e-9c02-21096d68d5d4,2021,1265453,A
03e57991-af2d-4a51-99d8-c85d916cdfc1,2021,1136142,A
aaa30ab9-3adf-43c5-aa72-a5f000ada073,2021,1118057,A
9b812787-64bc-485f-954a-35f2ced87db6,2021,113813,A
01195135-2938-4add-a3fe-83ac1e7a3986,2021,94762,A
5d7694e0-3fb1-421e-8843-b5c5c0476ac3,2021,103062,A
fb9e748e-24e4-4e96-a83c-d5f5ea1d2a03,2021,5000135,A
4cccd2ea-4caf-4bbc-b1c7-e7c057892e51,2021,13401,A
5c1c0f87-d145-4704-85bd-fd0bc45f3f4f,2021,13446,A
529ed17d-86a7-4856-aea8-78d0775f3190,2021,62484,A
8c20bc6b-2294-4c3f-907b-3986f8b5df84,2021,117022,A
dcbcd700-0a1c-45b3-836e-64b933d9e1fb,2021,88084,A
21825ecc-ea83-4254-9b07-c7e3f52094b4,2021,47069,A
dc93dfb7-c6b1-402e-b5c5-fa74879e5891,2021,94762,A
42528794-1046-470f-82cc-b9fe949aae54,2021,1204325,A
a7fe511a-6382-45cf-bd62-5e575d756d50,2021,47505,A
1d679719-eaba-486f-844f-7c87a4b8c3e4,2021,49071,A
10c99319-9ced-446e-a101-a6f162e76598,2021,106167,A
243852b4-684d-4f35-b6db-52cb0e155fc3,2021,103062,A
14e33c5e-16ac-4855-a844-49e7faccb46b,2021,103062,A
152ebd74-0443-4b4c-b035-9a1ccc6a5c62,2021,49054,A
c1424c3d-1a8f-4ecf-b4a5-010dc7a2578e,2021,62484,A
83acbb02-b80f-4576-b31e-9de174ccef8d,2021,1269545,A
1ab2186a-6eee-407d-b538-a1f3f08289cf,2021,13401,A
661ee22b-babc-4c64-ab8e-f5233fcae31b,2021,49054,A
c5ee93cf-1af8-4e0c-b80a-ccb35b7dc0b8,2021,13401,A
6c3c3009-e4ba-4059-a888-a243fddfd65e,2021,1376181,A
ff90547a-f376-4cb1-8a0d-3375106e9b51,2021,22047,A
c33bb891-36a6-4a58-b882-cfa007ef0ad1,2021,117532,A
56fb9df0-e6b4-4dbd-88ef-7159d190f28f,2021,114616,A
6f23b285-f7d1-4757-9871-3f5d9f7b317e,2021,1272079,A
ad49e000-9cbf-4f6b-9312-984557f17d83,2021,102590,A
2f8c6271-fa65-496f-b8a6-ae8b6fc0587a,2021,1267543,A
7b8e5997-7e3d-4da4-8075-e9f42d99a1d7,2021,107360,A
04d4d00a-cad4-479a-aee0-358abd2eef32,2021,107360,A
8ff7b891-c97f-40af-9132-bf8870dcd2ee,2021,9440,A
132b0ca9-07c7-493e-a124-acad8b2cde09,2021,1136142,A
692b53b0-5f9c-4329-887b-ebedcfcd7124,2021,20239,A
72103ead-0dd5-4dee-90ba-5d47bdad9383,2021,18671,A
ba595b25-c281-445b-a7da-ea4c4e43e994,2021,40343,A
1f705f8e-49c2-4a2a-8383-a56a7d1381b3,2021,108660,A
e89b7efd-3b83-4399-9dcb-12fc9532d92a,2021,101942,A
f6550737-196c-4926-9c9b-efee908567e6,2021,47069,A
5b6c4b1b-58ab-46f8-90ab-aed64b88ee08,2021,1288002,A
5fdb1301-65fb-4383-bb2e-3926adc206e9,2021,1070485,A
78385a7a-e02e-4264-9c51-b30b119292e8,2021,48205,A
5c87061a-642b-4e6c-a47c-6843abfd55e1,2021,47505,A
f2d81e9f-b41d-4764-aa46-d7369e3e1d77,2021,1139692,A
b8e6a9f0-d894-4ce8-9827-4bd7d6fd1dc9,2021,43664,A
956fa89c-3874-4009-8e35-b30d6b9cd659,2021,18584,A
34546f24-575f-4a47-b512-0bd57c86803f,2021,86326,A
d6cbb7f8-4dc7-4de6-aba7-39888ef0fb14,2021,88084,A
4c0183e8-c5a4-4889-bd58-71c81230968c,2021,98013,A
bd810c83-d5ba-48ca-bc81-32f1bbfda412,2021,1314243,A
2ac85e84-d93b-4e5a-bc20-a444639ecb26,2021,95175,A
8e36be50-9145-4534-b39e-684e607ba59a,2021,1322665,A
c624b330-fb11-4c2e-90b1-bc4b080b8e02,2021,11452,A
92d8d4e5-6e2b-4180-9c5e-2a3b36147ad6,2021,1385942,A
2ffc8d28-cc8f-47a8-acff-5d8e73cbbaa9,2021,1288002,A
2982c338-fdac-4acb-8b72-a0e0da2cc162,2021,1288002,A
b54e6bab-656d-4e92-8170-be166aa0b92a,2021,107360,A
f36aaeb9-e369-491e-8c1f-13d62e9ae02b,2021,1427745,A
3942cef0-09d1-46c3-9794-3c4eb3f688e6,2021,1427745,A
cdf961c3-7e20-4d71-adcf-21e218c636b7,2021,18683,A
c77b374d-c945-4d7c-9977-0eb5f4a25d75,2021,1330347,A
d6156d93-1bcd-4c68-8d86-430ec9fe40f4,2021,67092,A
123c41da-77e6-42c0-a691-4086bbead74b,2021,13595,A
9f235da5-53d3-4e55-b059-b77933f3f295,2021,41238,A
2ebe93fc-d944-448d-8dec-a57958c03084,2021,83388,A
4f24c360-82a6-439b-8e60-e81ba0835bfc,2021,88068,A
0901f09a-8ef7-4e40-ba6a-18e029e23b01,2021,10515,A
691cb1ad-02a1-4a05-ab48-766d6e003df6,2021,67601,A
98dc7331-fa2c-434a-9ceb-1b762f732ece,2021,13277,A
dcc706ec-148d-47a1-9396-34512f5898fc,2021,1376181,A
e8f2a69b-b3cd-40a9-be0b-f501282117db,2021,1166783,A
021183ca-b3e2-4498-ab88-98f0b6322b35,2021,1118057,A
09ab4ea8-2a25-42e4-9770-3c6472f30bde,2021,513,A
807a17d3-ffdb-46dc-ae84-1bed5cf5a3f1,2021,98305,A
e27f4919-9753-4cf0-ba96-26b7f8c3639b,2021,67601,A
8d99152e-b3af-4b32-b878-df381e0d7f63,2021,37862,A
1576d8b0-f9b1-4e53-95d8-e5eea2e0c6f9,2021,1047907,A
ce67e96b-3693-4a5b-a1cf-275de6f3c43f,2021,87396,A
e1f1e501-e1bd-4fad-81c2-c5df6036c8cb,2021,1376181,A
bddb7b33-f62d-4226-b2b6-b28993aa9f11,2021,18671,A
63c6890d-308e-4492-8166-b9f16c7ea25f,2021,99406,A
6a110b3e-6db9-4f3d-910c-dfd2255cb2f5,2021,54934,A
b5a71260-b5fc-4ac6-9f19-04482c055e25,2021,2209,A
abf42fa7-4045-4ebc-a7cf-eba3eaa272cc,2021,317,A
d1451f1a-3046-4bc5-a6a7-3bd734042442,2021,108660,A
8b545567-6e56-4923-a275-1e06b5be193f,2021,1103723,A
6ae8d908-6d7e-4c11-b171-bbb8154b118d,2021,13446,A
f5b63394-6f43-445e-b294-c87806ba3110,2021,9440,A
b9b3ec42-9c85-42e6-8ec2-be79ed99cfa2,2021,9440,A
27c8b4d6-a58f-4f5a-98b1-feef0c55c475,2021,101830,A
ea28b1b2-1a7a-4682-a785-b0a1afca0025,2021,99820,A
d3b4caa1-dcca-4558-a7b5-1994973718cc,2021,64664,A
c8e82bbf-1618-4001-a6ad-dfaa2a14ea00,2021,1376131,A
39c015d2-3635-4dd5-9a80-afa26aac9bbb,2021,94762,A
508b934b-6fb6-4343-9ba2-4c4071fb158e,2021,94762,A
5fd4a849-1762-4a5f-8a0a-40e3a5fb2a36,2021,513,A
cdcf044f-4b8e-4f46-ab9c-e7b9e1bd1719,2021,13595,A
c635f55d-cb84-45cc-92cb-aeabba149813,2021,107360,A
d91b17ee-3860-4795-81aa-d7c81a833c32,2021,13446,A
6c572309-2734-40e7-818f-ab364ab2bab8,2021,88084,A
19e0088f-50b4-4853-a8e2-ca8abc5343dd,2021,1376181,A
115411ac-9694-4d6c-b423-abcaaf5b6541,2021,95175,A
68288af0-7418-4a27-b91d-a876e5269d00,2021,64664,A
e205f38c-b1b8-4d14-a6f4-95527b8aea4d,2021,40343,A
23bfcfd2-9147-4283-bbf4-e8eda7337463,2021,108660,A
9a8c7e71-e979-40df-b1cd-d66d3a4fcd99,2021,47069,A
9e77eb84-43f8-46fc-9239-a7410729482b,2021,118420,A
e8072482-03b9-428c-b764-17aa3ad23409,2021,1108692,A
d50c5d85-d3f3-4a98-8d56-6e5bf8088dae,2021,20756,A
f0ecb6d0-71c3-4764-aaab-ebd8aab9f9c2,2021,1270596,A
4534e3ca-dd14-4112-a455-cce1137e5831,2021,95017,A
d95f92d0-e699-4bef-b64f-3fc8a219ffc4,2021,108660,A
6066f55a-f1b9-4d33-bd13-8d5e0809fab9,2021,18558,A
5cb660c1-c0ed-4ba6-a354-f6a631a458a5,2021,47069,A
e113be20-59c4-4bdd-9148-03ad4d93e4a4,2021,1190071,A
584b9858-dd27-4ed9-8a51-37fe21075993,2021,18903,A
d7fa404c-5253-4309-b780-6d57d44c8175,2021,118420,A
d8964916-6fb1-4347-a747-552fde9024ed,2021,101830,A
e579fdca-ddf1-42e8-8839-920f2340d7fe,2021,98013,A
0bdbc086-f5de-4c9d-848a-4a6d1d0c1144,2021,5000135,A
4d9a1e85-70a8-4f73-9f2c-85fa04fb092e,2021,13401,A
b380a317-2ef4-41e1-932e-edc25e2dfd4d,2021,1118057,A
45b16b8d-47a0-4175-a404-4f9f8aa29f14,2021,1322390,A
6f911462-70cf-4a01-859f-b6d86e9bb53c,2021,18584,A
1883d22f-957d-4cb4-8937-841265f1e226,2021,104360,A
29e250e2-6764-4d1b-a7e4-8dd4d73c4270,2021,47051,A
d3929c27-bb4c-4052-8a08-a328e3c98e5f,2021,13595,A
42436899-2b07-4cae-a892-cee1265b3151,2021,13446,A
1187589d-7eb5-480b-80e7-f5bc9013644d,2021,83388,A
0b55c9fa-b8ac-4972-8728-020173325cf0,2021,1136142,A
1be00c13-1df6-4d7a-a839-d2bce9904946,2021,1270596,A
cb632bc1-fdb5-402e-b8d5-db881218774d,2021,106167,A
e8315af5-5f46-44ca-bc9c-e4800ca04ed7,2021,94762,A
28696047-a9dd-4781-8d14-c83d560afe7d,2021,50082,A
37baa23b-b23a-450d-a045-94ab029fc233,2021,117022,A
b22e4cd5-ad6d-4b84-874e-6699f4e3f064,2021,9425,A
0931b154-517f-4cc3-9ae8-4483f90de195,2021,83388,A
a311ece3-3f4e-4d18-babe-68a24204a146,2021,90030,A
8a6e74fd-e1ed-4513-ae44-db327f1aa4c8,2021,118420,A
86aa96a0-b1b8-4442-8a6c-e155cd70464c,2021,1181327,A
f0f2a6be-9c3f-4c04-9a6b-e937299ece75,2021,13277,A
300a52df-0c76-470c-aaf8-4f3a7f693799,2021,1376181,A
975afc8a-12d2-411c-bec0-993c1d396607,2021,1118057,A
3f859587-6aff-4717-8bec-8494d1a8b47d,2021,106167,A
3baefbc4-21a9-48aa-b01f-7140bfa1fc4e,2021,49054,A
16cd2d6e-f6ca-42c1-b81f-9a0d21f5ba52,2021,18559,A
899bd6ee-a058-4f7f-b3d2-a6315698c01d,2021,47069,A
7f819ff8-ef47-44c1-b7b7-3a451cb227ae,2021,37862,A
7f979afe-7add-4ab8-bcfd-230460969df2,2021,1314243,A
7d0ff7f5-2edd-472d-9780-e9dbfc7ef717,2021,1204325,A
5c9fbf76-dad0-48f1-9f81-9af508ee7302,2021,47505,A
3ee48340-c1a2-48a3-93b9-b585446e4d72,2021,1190071,A
f4d4a6c1-dc75-437c-8b9b-36cf3fe42ba5,2021,103062,A
bf451a26-6109-4e42-90fb-7ac522351711,2021,118420,A
eb28710b-5e24-494e-bbf8-7b216872750f,2021,56172,A
9c9cc24b-39fe-4a56-bc9c-7bb62fac8146,2021,106996,A
1c5c7136-b191-4843-bc23-98f8115fd6ac,2021,1161716,A
c230fd6f-2ff0-4cf2-88a3-de3b97438372,2021,1102628,A
368e5083-7588-4f35-8cc1-afeaba4f4085,2021,62484,A
dd55fcd4-0228-42bb-a7dc-6efa48f05ada,2021,55402,A
9cd30432-9354-409a-a277-49d4e7e4de0c,2021,1267543,A
721cb154-ce2f-4c00-815e-b20913f2e2fc,2021,1267543,A
349d3205-fc5b-4743-a9f5-3e019cb49793,2021,13595,A
8f64667f-0faa-4379-84a5-8ba3625c4052,2021,107360,A
9d499f12-2c05-498b-9419-1736ebaec637,2021,94762,A
48b14f1a-4daa-4fd2-893d-c704035382bc,2021,98595,A
ff7e324f-48fb-44f6-a6f1-d447f420a8f6,2021,97443,A
859079dc-30df-4286-96bc-d4ef9c43b697,2021,1190071,A
c67e6db1-3931-4b40-b804-a4b1f1cada9e,2021,11452,A
2987497e-f533-4ca5-b1f3-820ec63f12f4,2021,54934,A
a24db720-82c2-4a4e-a1fc-37f74851b303,2021,112086,A
c5cad123-7d06-4f4b-a5ea-1d79afba965d,2021,11554,A
2fe2d6ab-9f60-4719-9cf9-343ccd085f07,2021,1070485,A
e4af8df2-e9b9-4346-a357-c93363f3733e,2021,95017,A
1b7bfab7-a679-4e64-ad10-ac1edfb60343,2021,1314243,A
b02cefea-ccde-451c-828b-ad837c6b8860,2021,1270596,A
bcdbc1b2-9408-4c11-98ec-62c5be052d00,2021,116770,A
d0118259-3927-4b94-a7b3-3e6c0a77541d,2021,1181115,A
ffb5a6ce-2fd4-4936-9655-d87eaf0ad604,2021,5000143,A
b45dd304-528d-4e1f-b0d5-5b1cecf2264a,2021,107360,A
d88f604b-1dde-42a9-b9b1-40a63030de76,2021,1376181,A
af6132ba-5194-4e5f-8195-c39aa9025319,2021,55777,A
4a38433d-126c-4cfb-ae52-f6e4b27e8b6f,2021,64664,A
ade521c4-4d8a-4a4a-9889-4208d002a17c,2021,94762,A
212a1e34-0978-460f-b421-7b8537e86ea9,2021,11452,A
bbca2277-899e-4abb-9576-118f640a2b42,2021,1351760,A
289239eb-6c1b-4897-87fa-bd739a471ebc,2021,11730,A
0bf3fb89-85cb-4d6e-85b3-ceffa1fb6da7,2021,19047,A
2f69351e-43ef-4949-a853-0a9adc21a301,2021,1136142,A
cbce58d1-a7cb-4900-a136-2664853b5b4c,2021,53342,A
016c8c22-ee00-4b34-b815-350f92d1685a,2021,98595,A
666e05fb-c3a8-4cf7-8a2e-939b4a0ad5db,2021,64664,A
0ec67bd9-26c4-4c14-9c0a-c51aa5c9cdc3,2021,11452,A
d0fc894d-a6f7-4136-81c2-1828e0ec9682,2021,1102628,A
d5a4bf95-f16b-48c2-95c8-8afa0063bc5f,2021,20030,A
d175ba44-ea79-4a25-958e-8b6f24fd26dc,2021,1314243,A
35ae5e6d-e8ee-4302-b6c6-8912f84583dd,2021,1101244,A
f0a3c91e-b22f-4476-9934-66a5b5b8f3f5,2021,11452,A
7858b00f-6e3f-4ce7-a80a-5df890e6aa1c,2021,2209,A
b3b9ce78-632e-4dfa-8364-cfe694ea1fd1,2021,87396,A
cf201074-62cd-4c51-b187-257915b116e0,2021,18559,A
67c39778-1e98-40e1-8a5b-9aeabe250465,2021,101942,A
3ae352ff-6790-4e81-9260-3d10a407ce7f,2021,9440,A
7d2b5e73-54f2-46e3-bc70-e665a3c69be3,2021,118420,A
dcea8398-4b38-4fce-a816-260fa3a3506e,2021,48205,A
eb0babc1-5696-4310-9150-9bd55981a260,2021,5000135,A
873ba6bf-63be-47fb-8f64-67b90a2fa310,2021,1258063,A
3793e496-6c87-4bfb-80cf-823976f03f1f,2021,1330347,A
4aa46a6f-3608-4fe0-b7eb-ec6be6992488,2021,968,A
bbba7bcc-0179-4c82-b529-fede5919caf0,2021,13595,A
33f3e622-d302-45a5-9464-c063b64578a6,2021,13446,A
cb7c351f-c8a9-4b0e-89fe-6542fb684eb4,2021,51020,A
cbc9ee13-f9d2-44de-949b-15516bb889d2,2021,114616,A
45cc2a92-3ca8-4c38-a366-28f55041d47b,2021,1139692,A
f40994a2-4d27-4a10-8b03-a17644ba2eda,2021,106167,A
a246b5b0-7430-4e8a-93d0-058614f2f648,2021,317,A
ba479ed6-e355-4d17-9270-9df7c7581cdf,2021,18683,A
89cb5186-a9ed-4bab-bc37-7f988a5a553a,2021,18584,A
3cfdfeb7-54d9-4d34-a400-b16f5474bbed,2021,13595,A
734b2252-d1b2-4f62-ac27-98d04fb6e4dd,2021,1102628,A
69d01120-2d7c-42b5-a874-cf4b83a0032d,2021,1427745,A
4d01afcd-ba77-4be6-aec2-5e9fb7870481,2021,1047907,A
c7726aa2-aedb-4a90-88c4-203bf8bce057,2021,1385942,A
404deee4-c1e4-4f97-b3e5-77b7840649cd,2021,1102628,A
b18b634f-8487-43ab-a30e-1d7bf7ce9190,2021,1117717,A
3edf192f-9c9a-41dc-94df-d6043392d237,2021,18559,A
7ae49e28-a12f-43e9-ae69-063fbed25ccc,2021,1427745,A
05d77814-7fc2-4511-a020-4eb858e59470,2021,1427745,A
cb3be24a-f0b9-4e9a-8259-1d91a731ac6d,2021,117532,A
b423642d-faf8-48d0-ac96-7672ccc2c857,2021,1322665,A
86ffa225-c511-4b8d-813e-71fcaa596025,2021,1203177,A
bbb37fa0-d356-441b-931c-bca86e837a38,2021,55777,A
66e9d3e6-f46d-4ff2-b7da-9fb9937886ec,2021,13980,A
6fb0c67c-f7de-428a-8f6d-9c8aad3adb0a,2021,112086,A
d414c844-36b0-46de-9469-8e9eae0a96fe,2021,13595,A
63898505-0922-4919-91e2-9df3a05d2667,2021,13595,A
29c2b02c-655b-447c-b4e4-5cfd6d62a347,2021,118420,A
0a8d9aa9-8006-4175-b5bf-46314043be24,2021,62484,A
475cd3a5-594b-4446-84e0-14f8a0218572,2021,20030,A
eac80249-1c80-49a7-9fb2-95dbc15a4c31,2021,1101244,A
78469b3e-516c-408b-9a0c-5ebaac5e5e81,2021,11452,A
ee6968cf-f518-4bf3-89f9-052aa3da9c84,2021,11730,A
0bbe7d85-90b1-4ffe-a4a0-9f6d0ae58da4,2021,20030,A
da0b2fd3-03b5-48a3-899d-ef27e431b37e,2021,117022,A
f7a04b75-c414-4916-bb9b-961e18ba9847,2021,5000135,A
74766a5c-323d-4dbd-9930-f3604b1f50ba,2021,20239,A
46f9393a-c5e5-4a89-ad22-43e8c06b4cb9,2021,1181115,A
97327758-cd35-40ea-a49c-ed8339fa3142,2021,1288002,A
f75e475b-306c-4fcc-9fe6-15c32d13eb17,2021,13595,A
3d0159bd-772b-4088-9d3f-50b01b877766,2021,1265453,A
60efbd28-742b-484c-a3d1-dc0ed96505af,2021,118994,A
c1709e0c-6ad6-42a7-a1aa-01968e23e7be,2021,5000135,A
f373eb7b-45dd-4395-84a2-11b73453d44f,2021,1101244,A
a7a95e7b-7ff9-4c75-80e7-bfb5b989fd72,2021,2209,A
4cffa8d1-a931-4dfe-a1d1-62199b7ec690,2021,1102628,A
28ef12af-2c19-41e5-926b-35ee9b73bc98,2021,87396,A
84e5c024-1d4c-4816-a314-00e454b9c041,2021,104360,A
0b91b5b7-04a8-43c0-afc7-c81f824bc0f1,2021,101942,A
16277162-1571-46c6-83c2-f3bfdb0a94fb,2021,50082,A
228409a5-d167-4d56-87a0-2312a753aa00,2021,1288839,A
bda0bb35-23b7-4337-87cd-f9795afc80bd,2021,118420,A
93da5841-d594-4f15-b729-53b24e624d2b,2021,113455,A
d4fee4a9-3188-4330-b674-5e8c5a3d8cbb,2021,1376181,A
fa824650-6856-4936-8a4f-54f7b68dbec6,2021,88068,A
9b21423d-f70d-43ad-8344-2df4dbda6dbe,2021,117022,A
755c2246-79b9-44e6-8124-7028dfcfa2bc,2021,1322665,A
1bb7462c-c094-4838-8cb8-cc00e8b6c888,2021,1322390,A
ca414a12-a0cf-4ae9-9141-c882f230e52c,2021,1330347,A
6f1a7b60-1751-46dc-9870-86e05c6e69db,2021,43664,A
849a5320-6431-4d58-a4ab-286cc2039255,2021,18584,A
77a0f151-2646-431e-9a28-98565b382065,2021,5000143,A
093cfa69-4147-488b-bf0c-df5f4dd18bec,2021,1136142,A
aed90439-bd83-492f-8be2-529ab98a25e0,2021,74737,A
ed358f21-c1fd-4e65-8afb-df699c543e13,2021,9414,A
d6df013e-aade-4d2e-91c6-149b30fe5500,2021,97443,A
dd49d8af-bc9c-4320-b1aa-1703863ac3c0,2021,1322665,A
289fa24a-4d30-4eb7-bce4-46281b578aa7,2021,99820,A
ef00028e-706d-4d68-8b8c-3907c0d6c48e,2021,116770,A
be1f29b5-1966-45fa-9e30-5ace7e332c51,2021,47051,A
6935389b-25ff-4dc4-aaf3-2e17a159b472,2021,18584,A
308ccf57-0131-448e-aa84-451c32c4f18d,2021,101942,A
9b6aa9e6-06b3-46b4-b771-6a9be0a4e58c,2021,1136142,A
a96aab37-9455-48d3-879e-a82d3f078c93,2021,1376181,A
0d30abb1-81ec-4cff-aff4-d410639d9fad,2021,11452,A
826055d4-c1d4-4bca-9b87-01b9ae41dc8e,2021,1318224,A
00f1de6f-957b-4f3f-9bd8-41978ab29310,2021,1102628,A
5af97613-c73f-4560-8efb-e0cd6d1a1a3d,2021,13401,A
61547371-48f3-4685-8ae5-30fcef90bc8e,2021,41238,A
b5b7f229-ae6d-48fb-badc-e7b2c7286f71,2021,19047,A
f68b20e2-cf25-4f68-84d1-5f67b6aef966,2021,49054,A
5e9b29d8-85be-4203-91c6-788913b26443,2021,118420,A
fe87e240-a627-4926-9ffa-43bf19978a33,2021,62484,A
a71f94aa-cee7-4730-935b-a815aab01d52,2021,1315444,A
beffdf6f-ca75-4802-98de-4d6855a1f77c,2021,1272079,A
04c257a5-dbf9-4ac2-be32-3582c2477161,2021,95175,A
428d991d-70ed-4b90-abc5-9a4adf68b52d,2021,5000135,A
39504c94-2181-4eec-9eae-8057c4e5fc2e,2021,317,A
00c14cb4-a6c0-4430-93b6-2be0e1a0a339,2021,513,A
165a8a0a-8936-4cdf-a670-4b592445d5cc,2021,13216,A
ddc8d8f7-519b-49f7-91ae-8301f89f5b54,2021,13216,A
d58b4399-0978-48a4-9508-464f55b070f3,2021,13446,A
8c229f8c-6078-41ea-9bca-cd21fd057bad,2021,48675,A
266e8308-09c2-4607-a51b-caa62583e87e,2021,1376181,A
8ff3d9e6-b48b-4142-a3de-586d3bc18fd9,2021,59122,A
9b423bdc-5488-43fb-b9d3-394cfc39334b,2021,98595,A
6cf6c8aa-d8a0-4e38-9b4d-3116b1de0b1d,2021,64664,A
22b2a29c-7af5-4d91-a999-9fbe7b3c5733,2021,64664,A
65827ea8-4174-4cf7-93df-a955ce1457c4,2021,74737,A
07142dff-3483-402f-91c3-d9c8bfb38a56,2021,22047,A
d98586ca-71be-4cd5-ace0-a90f563632a1,2021,94762,A
fee4fe67-fce2-4a07-aa6c-aa437054e2b2,2021,11554,A
7caa1334-4ca5-4179-b739-12547dfddfe6,2021,1351760,A
032759c1-2a7d-47de-95e8-beb2fb7ae73c,2021,13401,A
0ff181e5-9866-456c-be8a-c9c229b33541,2021,1204325,A
bc9b4c6b-c70c-44ed-b578-968afaa77843,2021,113813,A
574853d3-44ed-4d59-babf-cf8d050b7c56,2021,94762,A
a3035170-8782-4c11-9897-8dad4011e2c2,2021,1267543,A
780cb40f-8815-4301-a5d7-c46989dd93fe,2021,67601,A
7c97309c-b17a-4d2a-b684-945840a958cf,2021,43664,A
a82327dc-27fe-4fe9-a819-e10c6483b1b4,2021,107360,A
eb0ab712-b1e4-4d2a-9150-eceb2108a612,2021,13446,A
09b09771-393d-4ccc-b315-1c24fbf3bfb5,2021,97443,A
8c3819fe-4cd8-4bba-93d0-e2fa9faed57a,2021,1181115,A
56941d96-9beb-45f2-845f-b1f7c5ff37d8,2021,11452,A
3f4e4b46-a092-4c50-bfb5-2d36d59ef03d,2021,97778,A
b2ab0192-3f51-4f27-bf11-d17b29faefb9,2021,13595,A
26709148-c015-4825-81e5-d08aa94ef3ad,2021,1283028,A
f9d2316c-4eff-4ad4-b8a1-f8018d06a030,2021,13277,A
0a297235-3105-40f5-bb87-b08b4c7353cc,2021,2209,A
f2483ca9-9888-4382-bd5c-c230446aee43,2021,53342,A
e26b6689-8f12-4b4f-9eda-0bf75bf33b3e,2021,19042,A
db0bfec6-a9bc-47f7-bb7c-2a4ce9542ef7,2021,116770,A
75b2ab27-56b2-4cbc-83a1-8f271f39e077,2021,317,A
37698804-45d9-4f2b-b3f5-c56904a2e55e,2021,18584,A
bedd59c3-d71f-4933-b0a3-97a46294707d,2021,97778,A
95056cd3-af02-445d-8ee6-9dc611a2ce16,2021,5000143,A
01951af3-a5f1-40b5-95e4-66e2d7ab1e6b,2021,1267543,A
bd5a8095-5652-4e04-bee7-5679ec5b58c1,2021,11554,A
f149cd7d-63f7-4690-a325-a8f3281c62cc,2021,19047,A
aced92d9-b827-4250-947b-a6a1d3da6408,2021,118420,A
27003733-818c-46a7-a5ac-ceee0fc11b67,2021,48205,A
71b18225-0dc3-4395-bd3f-876c766d5222,2021,1272079,A
183d3616-5be1-419e-b79e-5d696e3fefc4,2021,20239,A
d7f2c2f0-900e-4a8d-87ab-8fcfb8ebb582,2021,513,A
497f64a4-449c-45b4-9459-eef95c1116f1,2021,73140,A
d3d28f6b-d395-4bf0-902b-39de61ffe9ee,2021,11730,A
bc1fe8ac-6a42-4076-96b8-9c7f04a645d9,2021,12313,A
c08b5989-f699-46e0-8076-62c0574f95ad,2021,11452,A
6fbec424-6f96-48ab-adfd-a15eeceb9be1,2021,1118057,A
0f36b852-3cb6-48e3-ab27-004119a77505,2021,47051,A
b99a1fb6-cfde-41f9-a106-0ae274c4ace4,2021,49054,A
86c10271-208c-4491-b40d-faed66b932f8,2021,1379275,A
827eb9a3-ab90-49b6-b546-9c1912db1b27,2021,968,A
9f36f530-0fb5-42d5-8ec8-2f268f4fb03e,2021,5000143,A
22452b32-86b8-4087-a06c-94a30bf82f08,2021,73140,A
b4469cd0-ea24-41e4-b863-d426759c0a5a,2021,1187671,A
6a655dd0-8e9c-4586-9171-527f83bc2eb2,2021,1351760,A
34936f5c-99c9-40ff-a6b2-602b1e32cfdf,2021,118468,A
d07e76be-db7c-46ba-807a-d3e8141333dc,2021,64664,A
8c55ceef-8419-445d-a5dc-16c235b2d83b,2021,94762,A
66c42944-ce64-4fd6-bc38-6a1422bbbeb3,2021,1136142,A
783a6e26-2715-4d0d-b779-91a73b2ebc93,2021,1102628,A
7edaeb13-8c68-4148-9044-de0e83e3da7d,2021,1288839,A
ab6ac375-f9b5-4629-9e7d-15df5edc0c96,2021,1181327,A
c45b34e0-cfcb-472a-abab-5280f32f220e,2021,1181327,A
35a4613d-24e3-47ac-9efa-803b3b8b95b7,2021,94762,A
8228ed9b-c592-4bf6-895b-6e51155863b3,2021,1204325,A
d945b4ae-a388-461f-8ae4-851016560cb6,2021,1427745,A
648892a5-8c89-474f-b729-951c7b83da5c,2021,1533190,A
f78acf6b-1a46-49b0-a1e9-94500a9d43fb,2021,103062,A
b4b6cbf5-476e-4c69-a309-842ee5daaf25,2021,18558,A
cca46bce-5257-44a5-b1d9-3722c0d32f51,2021,118468,A
c3993d8c-5f61-4cc5-9162-5aea02505d69,2021,18903,A
3c47fe80-a15d-424b-a247-825a5c95da1c,2021,1136142,A
badd5aad-a640-47ca-8ba7-2682d396312a,2021,13277,A
b5f16f89-cf8c-4fb9-aa87-7060da939ca6,2021,62484,A
6646b54d-f75b-45ab-844a-bd4647ba2d82,2021,59122,A
eee467ee-7605-419a-89c1-7a367a5ad86e,2021,20030,A
44393e38-721c-48aa-bf5e-bff0062878d6,2021,1190071,A
0b9ca288-66bf-4473-a3d5-706d61fe544d,2021,1318224,A
ccb98757-1643-4185-afc7-d332617375d9,2021,103062,A
646945ce-0889-448c-bd08-854a6d3e49fa,2021,1288002,A
65e03ab8-e92a-4fc2-a8a1-d2bae32bee30,2021,1385488,A
36f27eea-ee49-45e3-bb53-9d418122b77b,2021,41238,A
ab7c5fa9-5806-45b3-b2b8-5b67d246dd08,2021,49054,A
34eb8559-1c48-43fb-bb4f-e4e2f4bc5c42,2021,90030,A
e17b30e2-9b40-4581-9c33-96140004eca9,2021,2209,A
823781e1-0a7d-493a-889f-4311e77859e4,2021,1117717,A
faff481c-8400-4d92-b378-b8de41cb6a9a,2021,1288002,A
572a4b3e-fd37-4bb7-b9f1-69e1b8ab9280,2021,1132918,A
b8a9f357-9046-4ad7-bd77-8d3a97eedf16,2021,117532,A
22b0b998-f478-4d73-899d-7b3dca6ce2d5,2021,1101244,A
3e06f204-ba14-43ba-8dab-be5595363d33,2021,64664,A
6e42037a-f936-4fce-b7fd-fa686b3bbf2c,2021,53333,A
b9998f8a-b4d2-4423-a299-f16d1330b6b4,2021,117022,A
2dac80b5-ab97-46ac-bcfc-dbf2725c55f5,2021,98595,A
34085e19-2e28-45ea-b63e-051a242a7f17,2021,11730,A
73b34adc-7368-4a4d-a9d9-7cf19d3e7986,2021,37862,A
27e2474c-5665-43e0-80e6-c5294f549803,2021,13277,A
0912ef73-b608-43ef-9397-9d5900617a41,2021,117532,A
29ecbc1e-6a52-450f-a752-df10f87b7554,2021,106996,A
4e65a372-8490-42c9-ac39-6c73fb937bc0,2021,55777,A
94127c3a-cd57-43b8-9586-a170acac7a76,2021,968,A
c3c9d88d-57e1-41c1-ab84-8841eab9a2a2,2021,968,A
c1dc046c-1a80-4eb8-a4cb-a5a94c736b75,2021,62484,A
b473f41e-ab68-414a-8cc5-8c761df5544a,2021,13401,A
fd90ad04-45a5-4d44-981f-25a55f1db6df,2021,13401,A
a2ec040d-9c2d-4860-9e11-01be1867e1eb,2021,1314243,A
fa4335b2-3f64-4e93-beca-6fe1d7721e7e,2021,1314243,A
02e6d84c-86ed-4924-892c-29b04038b3cb,2021,1101244,A
03762c0f-1486-4826-98eb-514601de45e1,2021,13595,A
e832dd3b-9a56-4743-899f-c76cda2fbe7a,2021,103062,A
eb3e6ecd-7804-4ada-89b2-b7b796abb136,2021,67601,A
fa875ea5-13a5-4cd4-87b0-258d9460ee46,2021,107360,A
fde43760-3b2a-457b-9971-5c6f5d2d5b13,2021,1132918,A
239cc01e-4e22-4ce4-85eb-01793ba763cd,2021,5000135,A
20a3d491-c1ef-49f5-9426-7c50276d752a,2021,1101244,A
b0fcf0aa-4908-4bb7-bffd-22ef26a3b7d2,2021,64664,A
52497cb1-c9bf-41a2-b1cc-410c56dabcd2,2021,116770,A
67aba46e-25fb-4fca-8138-d047742908b1,2021,2209,A
43d29401-6456-4a2f-821f-b3ff65b4136c,2021,2209,A
72d6af5e-68a7-4e54-b1bf-bdad85729f78,2021,88084,A
d4cb7453-ecc1-43a2-8c0d-aed09f1087c8,2021,20933,A
a1a38669-88e0-446a-9554-49abbf25cf50,2021,513,A
ded60099-74a3-4ffe-9d29-579f52713518,2021,37862,A
3bf0c0d9-c758-4506-a749-2ba95508d83b,2021,94762,A
a6930953-98ab-4957-8999-7c59d78fa94b,2021,1132918,A
524e6145-c29a-4b27-b658-f60e2d1997d1,2021,22047,A
87b699e3-e638-42ac-a654-97ff37a0e64c,2021,116770,A
30494c5c-82d8-4b89-9b5c-0c9e90a1d54a,2021,13980,A
93d2d1be-b98e-433f-a165-22e84c8d4bac,2021,1330347,A
b14031b2-65e5-42ec-bc5a-9b90d06d9802,2021,18671,A
f735ee1a-8d0e-4901-9d4e-d481fdec6211,2021,43664,A
66142b0f-0211-488c-9010-09d30b69ac99,2021,12313,A
d506ea6f-5e16-40a9-8f17-3f4991672429,2021,73140,A
386ef218-15b0-47d2-91d0-a1dbf6caa499,2021,97778,A
4d51c2c4-6742-49a3-a623-878435c21a00,2021,5000143,A
61b4ec8c-8128-4d42-8de8-65ec492c0b43,2021,11730,A
766e1ca4-dff2-40d9-a41c-6c5a9f2e6ce8,2021,1148708,A
61c2d6c3-aa1b-4d7e-a757-751dcba361cb,2021,1136142,A
130cb60c-502e-46e7-b9ea-5d8390282942,2021,53342,A
c80f1796-8267-4c53-a770-88f286deb40c,2021,13277,A
ec3ba645-1aff-45a3-9473-c8064fb77761,2021,1314243,A
b1b9cfee-94ec-4cba-b5c7-3c119c0b8a74,2021,1204325,A
32fddde0-5de4-46d5-9704-b2b6e71b8f8b,2021,1330347,A
1c3e40d7-702c-4286-88bb-ffb6cc879240,2021,18671,A
130fe410-e28f-4d0c-a972-c48157bd18bc,2021,5000135,A
345656e1-5068-4657-a3db-bae726612145,2021,103062,A
ea46fd08-e969-45dd-86ac-154e1804ed15,2021,103062,A
9b9d1adf-58fa-4943-b72a-ded575193746,2021,18559,A
e175c869-0a78-43cb-81b0-87cf7532a9f5,2021,57606,A
9e0fb58b-0881-4089-a306-a43c3beaab95,2021,5000143,A
9c5ce12a-c46d-4d82-a11b-29d755f55704,2021,47069,A
ec9b2c11-827c-4c4e-a032-d7a3e7341c75,2021,13446,A
149f2497-8dd7-466e-b29d-f8f018a964e5,2021,18267,A
d2336fd3-0740-4505-8d8b-673399d46eae,2021,20030,A
3421780e-647e-4ea8-98b7-15970571f7c7,2021,968,A
520d3fd0-2aa0-4949-949c-8c7e659bda4a,2021,1139692,A
6c3a3568-38be-4ab9-98ad-fdfb55212d12,2021,317,A
8019d578-ff65-4f2d-bbe5-70cdf8d6ff85,2021,73140,A
bff8c295-ae42-4a8a-8d5b-8cc41021b8aa,2021,13595,A
1a3c95df-c263-41a4-9af9-5e990a6d7f06,2021,19047,A
9f567dbd-5afe-4f23-8457-4af8dc92aca3,2021,1136142,A
0725d693-29da-4c88-a339-6c10c67d1cb4,2021,1102628,A
a8ff1495-e735-4eba-8a9c-aa11012cf7ac,2021,97778,A
d8c495c8-5474-45ff-9df1-084fa58b829e,2021,106996,A
b30fa4a3-ca71-48ba-978d-fac326206ce9,2021,968,A
554da608-e32d-432c-8b1a-b40166c33e03,2021,513,A
5ff892e9-e465-453c-b3e8-699fd4392ddb,2021,118420,A
606b8a7e-b550-4d70-9103-69ef5087a9cd,2021,13277,A
974e13c7-a2d8-4503-bebb-9a4e5d3420db,2021,117022,A
fbe78627-1055-4cc4-b158-0f203a9007e2,2021,1318224,A
025b8342-6815-4a48-959c-8d86298472db,2021,48675,A
15eaa56e-bc68-4354-a3c2-2c616732f1ee,2021,968,A
1676101d-1e7d-4462-a4e6-8bae43e54fb8,2021,108660,A
d01af75b-f69d-45c0-9166-48ea08034570,2021,98305,A
2cf6e7c5-f790-4c03-9149-10e2a26b3c72,2021,1267543,A
4ee9754d-7c2d-40a7-9c37-8129720a86b6,2021,37862,A
e85d7f0c-5752-4d84-bdf3-01af551af7d7,2021,1070485,A
19905bef-4971-4e0c-9e88-96bbe0691cdc,2021,1299927,A
8141942a-e892-4edb-b4f1-eb3ef0a12523,2021,62484,A
92746f30-d4fc-4e14-9255-00d6c02c3a4c,2021,59122,A
8ebdf010-b6f4-4368-bfce-19d6eb7b1447,2021,1139692,A
3a5a8fc0-b768-4afc-9f56-c1d047311b98,2021,1330347,A
f8e0c67e-f03b-41d0-891f-1c2d01917d74,2021,1267543,A
97eb6536-436b-42ac-bd9e-794e8ff6be95,2021,47051,A
36569c07-c8c6-4b21-bce3-7e3c55c07119,2021,13595,A
50b6d52f-c2ca-496b-a855-f1357a67a14c,2021,13446,A
c406fabf-f3df-422c-bb96-8e10a10d65fd,2021,83388,A
c4246b07-f84e-4afe-bdd5-a1ab4b2d6dde,2021,1136142,A
e4eb7977-88a5-4241-93b8-02bbe5ffe5ca,2021,53333,A
99114000-215d-47c9-8134-2e476f97e07f,2021,95017,A
7d6a99f5-aa64-4064-b8f9-b90fe2a76276,2021,11452,A
f719da79-cce7-4e60-81d9-d03740abce3d,2021,968,A
d253fea2-2b87-4078-b176-80b66f549878,2021,18683,A
352ac304-73f1-4421-b13a-95f7ab00b229,2021,97778,A
6baa97e3-1605-45d2-a6ff-9dd62a3477f0,2021,5000143,A
679183ec-0ce4-4783-84ac-dffc7d8d5f53,2021,90030,A
5df1a01c-878c-49e7-bb9b-67f4b65004a9,2021,13277,A
f1f3ccde-69fc-4c1c-8426-21c93b45e8cc,2021,20030,A
43ed73db-cca9-4945-8b21-81597d3d70af,2021,64664,A
d7ef5278-c41c-4236-850e-a6583011d45a,2021,317,A
bf25f1c8-5a7e-4c89-8ec2-5a9f1a45fb23,2021,91262,A
d2cda74e-3c74-4002-a6ad-242a859969de,2021,13595,A
af62f0b2-77b1-49ff-906e-ffe371bd6145,2021,59122,A
981f9ce5-44d8-4158-9cda-4bb423a62140,2021,1139692,A
68f5e5cb-4be5-4b3a-b559-839cbf42b92d,2021,13401,A
cdc5cdc4-06b3-4c37-a42b-2a6fd8e2a9c5,2021,18671,A
f83aae0d-a22c-4f1e-b0e2-42b0cb0714f3,2021,1181327,A
ed32c0af-9f1f-4cbd-9de9-b31560b9f05c,2021,98595,A
1c0ed2a9-ea68-45c7-8645-2b104de066e4,2021,1190071,A
cb00e057-3e0d-4cb7-8fda-9d92f2f8a522,2021,968,A
f859476b-65de-4526-8855-8f8da7b92a13,2021,513,A
d81b8882-21aa-4963-9e3b-1795d7aa0a0f,2021,13595,A
8f3a06e3-da5a-4a61-b635-2be82adb8dd7,2021,9440,A
9a5d9d58-7c20-4de6-b92f-689da3ca28b8,2021,13277,A
51e9290e-f306-4b27-bcca-e6519f95fe40,2021,1283028,A
c4e8aa49-6ed2-4a71-b187-56052ffc970f,2021,19042,A
37bfe297-bbaf-4ed6-b01e-d9191c6696dd,2021,20030,A
c27dfc9f-13d9-40ee-ad6a-af91f5ce589a,2021,97443,A
45e51176-31ee-461a-8305-21500a85709c,2021,47069,A
c1feefc7-b48f-4e00-a152-6e85c67deb51,2021,1283028,A
79b40247-b15c-444e-81f7-c04997bf5b4b,2021,59122,A
368b4310-d856-44d3-8aae-c984cc6ee7ec,2021,56172,A
999066bd-215c-4730-9bfa-97d17ac7ccb0,2021,2209,A
59ff4dab-8fba-4230-b7bf-1281d9a82c00,2021,20030,A
aa74d979-955b-4875-ac2c-522e883cb294,2021,9414,A
11f47e0a-d06c-4112-b125-9b74f2f5b3d7,2021,1101244,A
88413cc6-70c0-42f2-a0b2-3e462a78d717,2021,12313,A
7d51982d-ac19-4978-b792-648b6ad96cbb,2021,2209,A
1b437e73-0442-4e41-8e0a-ea46043f5e86,2021,2209,A
a84c6383-0ea5-456a-ae26-72bc5a8683ed,2021,20933,A
40656b04-793d-4066-9852-4944f5b3e505,2021,5000143,A
87629a26-b96a-4370-8ef5-c104ba5806d0,2021,1267543,A
17a1d854-7b5a-413a-89ce-4205410ae450,2021,107360,A
e2d67891-9ccb-4063-88d6-75b57e7cd83b,2021,1288839,A
ab9d45b5-28ef-4d93-ab4d-eb3a2beb1ea1,2021,113455,A
880e4454-73b8-45c1-aabd-1de4abf89536,2021,1314243,A
ea7e28db-2aa8-4d1b-85e2-675bb667644e,2021,97443,A
411be943-f4ae-4e09-a151-94b2a804ed4d,2021,5000135,A
655c21b5-1fc1-4c4e-91cf-51f25459d633,2021,1101244,A
9a2e9bd2-87de-4d28-8130-dd07f998c0f3,2021,95017,A
a0cb5867-d11b-4c25-b023-6d0be9fb1526,2021,2209,A
dcf56f7d-70a3-4937-aa81-e94418009c98,2021,968,A
89a439fa-f7a6-4022-9452-d43ed900defc,2021,13980,A
003b8752-8596-4db9-aad2-8d25491390da,2021,18584,A
e05a54aa-556a-4b4b-9af4-eecc5f60d3ea,2021,102590,A
ec3a8b60-a0b3-48ae-a06b-93e93516dace,2021,20933,A
0a9de44d-488f-4aa6-b56b-7db70456c6a9,2021,41238,A
ade83590-eddf-43c5-a813-d3211d5563d6,2021,114616,A
1928c5b4-8c7b-46fb-b106-833280d55998,2021,1101244,A
542be6c6-1d9d-4a38-9e5b-041b7b4d5b87,2021,1385942,A
18e5d66b-b561-45ec-8f40-edcb865f264e,2021,101942,A
23d343b3-c4b6-45c5-9811-15f26b44969d,2021,13446,A
14fd1a60-92bc-4232-b413-a1231d6dffb7,2021,118420,A
a44000e6-783a-40e9-8830-510bb274d8f5,2021,20030,A
08146453-abc6-4f9c-b17d-0aff073d0d57,2021,11452,A
24daa6da-8cef-4fc9-8ce3-49b1b9af9a8d,2021,2209,A
cacdf7e5-71e3-40ed-9f12-c5f06cb2a321,2021,2209,A
9717e024-3486-43e9-bb0b-9a421fc8bdfd,2021,18584,A
c5074b92-435f-4b7a-beba-6d6b4863fc69,2021,18559,A
54c7e05c-cb2e-4f84-a58c-5ac86e35970b,2021,5000143,A
21664f13-a910-4257-9065-acb1cf0c59ec,2021,94762,A
7e9c3ede-602a-4de5-abd4-b9bcd58dc7d7,2021,13277,A
90da08ce-5702-4f42-9e22-b3c991d70981,2021,116770,A
c569abc1-95ad-402e-a2de-78eb2b600bc4,2021,968,A
57660219-8007-4991-ad9d-284e8b9e09b8,2021,55402,A
1eefea54-43a5-44db-8b52-d4b24de2a426,2021,5000143,A
88cc55ef-7787-46f5-8509-4abfcba7c441,2021,107360,A
22fede60-e63d-4d0b-a98e-5d120204aad0,2021,107360,A
bb09f2ba-cf78-4173-9b5b-703276f2ac7b,2021,13401,A
9358133a-ad83-4722-8451-6e5ed54145fd,2021,57612,A
079269fb-85a5-4309-bbf2-bc8448b5cdd9,2021,1270596,A
f41c213c-bdfc-4508-96d5-6bda2557a5a3,2021,1379275,A
5c67ad24-0eeb-45c6-b8c6-429c98b6e4c9,2021,118468,A
af32ecff-4e5c-4f60-921a-ac149d245c4d,2021,13277,A
a5cf6b8b-35f8-4330-ab3d-89ea90e58cd3,2021,1108692,A
52984ee0-aec0-4590-9b23-94632b135ddc,2021,116770,A
5bda2c5b-671c-4502-9d43-790ffda8e3cf,2021,5000135,A
2027ef62-7737-4c29-b680-747b2c0bff36,2021,968,A
873ec1f7-3719-4838-91c9-30393cb51e71,2021,5000143,A
7e6455fc-1521-498e-843d-ebacd5985eff,2021,67601,A
171fd04d-e1f3-407f-b751-7ef4d288b0e9,2021,13595,A
835123d5-55e2-4ae9-acff-37fa587cf22d,2021,1148708,A
8378e7da-0d23-4009-85cc-7c002753e559,2021,13401,A
ff62eacd-a2b0-4f9f-8baf-a434925ac76d,2021,117532,A
3c3af393-b143-48c6-bf90-d618fdc49112,2021,40343,A
cc2bd030-108b-4ec0-8baf-d39de8c81e94,2021,1132918,A
3fb06cb0-a647-4af4-87b4-7f067c3982c7,2021,2209,A
5549ced5-fa42-4414-ab0b-0cb770bd933c,2021,50082,A
33b13519-a42e-4e68-88eb-2a50434e7169,2021,18559,A
b5cef5ff-a18a-487a-923f-619235b8f406,2021,1102628,A
51ea005c-361d-4a6c-95fc-44b8cfecf10d,2021,98595,A
19e00386-1029-4f59-8b5d-a5808c610244,2021,98595,A
d6b06f85-9c95-4431-8841-8a1802ccaea1,2021,1272079,A
b0323b0d-3217-441a-8ebf-83e1e523e8a1,2021,64664,A
73b49bfe-af1d-45c2-a7c8-eaf6848d2179,2021,49054,A
dc3ce46b-a290-4746-83e3-40a7b4d96033,2021,1403879,A
1b79acf8-7585-4bcf-b3e2-defc8ba7cb6e,2021,968,A
e652dacc-f10c-4840-ab9c-c1266180caf6,2021,18683,A
4e11fd96-034d-4ec3-a733-5d1da7cca36e,2021,118420,A
2795bdeb-a135-4c2f-ab47-621b3e166d5d,2021,101830,A
99ab5107-453f-41d8-aaa5-0fcdb06148d8,2021,98595,A
8924ffdc-3400-407c-b61e-18cef3a005ce,2021,317,A
82088601-c97f-42d7-a3c4-344492cdb3ba,2021,86326,A
eff53a1e-7bdc-4238-b62d-ffb8a0bb7931,2021,67601,A
fcc605c1-f768-4369-b219-05da6c575382,2021,13446,A
4b196592-b62e-4b03-b1e1-146940a44966,2021,1288002,A
1a214940-23f4-4e3a-ab91-f39bf97a7184,2021,968,A
293a57a0-7217-42e0-8c61-6dcc94ad9716,2021,513,A
50da1f1a-0c75-4f16-ac6c-454f3a430989,2021,513,A
982d6966-df51-49b4-80d3-3338d1a5e412,2021,101942,A
a0cbe9ef-af59-4752-8964-e8eb196451bc,2021,113813,A
c7f7f666-d838-4216-932e-7ab550b349ec,2021,5000135,A
78d8c2a6-f8ca-49a6-8114-d6cf6b9cb03f,2021,1118057,A
65e314d0-3739-47d6-b9f6-1f1f8a404eb6,2021,13216,A
6eb7aab0-96b6-49b3-97d5-961868c17044,2021,86326,A
64310a91-2af5-4eed-8c29-5e66bfc36b27,2021,11730,A
0b8ddbc9-4e94-48c8-b2c3-9e3d17af42b1,2021,11730,A
bc585d08-5b7a-42aa-be9e-ba6537cb60f7,2021,49054,A
a482ae62-c738-4483-8cc4-4acf7c62aa21,2021,1102628,A
2d3e18de-a78c-499d-ae2f-3e7dd773159f,2021,1102628,A
d905fc23-4f93-4df5-b990-c901da859059,2021,1047907,A
b3442da7-38f2-44c4-96db-f8d6397cea7a,2021,114616,A
56fa7157-ccb1-479e-bf99-8025ffef4710,2021,113813,A
cbe9ffd5-c418-425b-a197-3ff8e2a4bf23,2021,317,A
02ff3838-6f4b-49ea-b0db-7b3691312050,2021,317,A
851ff249-5a09-442d-8f62-d59bb597ab47,2021,18559,A
6bc686f9-5740-4606-90a5-5fea517cc0da,2021,5000143,A
2134391e-08f5-4e2b-8eae-f8540df90599,2021,17898,A
affcc707-83f8-4e88-80d4-3676fde37da1,2021,1101244,A
35bb4e34-93d4-47a3-8e0a-7917ccfde434,2021,54934,A
a6721c76-6386-4dde-9846-459c77477ee9,2021,11730,A
27157b40-5512-42e6-bd01-0099bb9d9961,2021,1306689,A
842b1636-bd53-40c5-9a36-caea0aac2ea9,2021,13980,A
aef261ed-fdb6-430c-a03c-cba5b712a608,2021,94762,A
e016ba3c-df19-4e65-adee-77043aeb73d1,2021,13595,A
1007334d-ce20-4127-bd92-3de4badcf829,2021,1117717,A
cf809fdc-180e-4a26-a61e-02fa91cd207f,2021,13401,A
7355ff97-fa75-4be1-a9ac-187b243e7ac5,2021,1136142,A
b4f5ede7-99b8-454c-84ae-d5d8f01117d2,2021,107360,A
ae6a1344-5efe-4f23-9b3e-eb4f52209bb4,2021,64664,A
d7bf6cce-95b9-4bb7-82e8-b0f77c28adfb,2021,1379275,A
86891a24-a44e-410b-ac99-350cfcd63a83,2021,11452,A
0f0db946-556a-4da0-ac55-d3c733bd31ed,2021,5000135,A
b36c75d9-0212-440e-8fd2-fbcc7fcf9295,2021,94762,A
a05498c1-0b99-4255-8dc6-1ef4c9277acb,2021,18683,A
25bdc55d-da09-43d9-9d82-02e11e00bf91,2021,18559,A
48b5c139-8547-4e29-894d-3f56f4e792a1,2021,13446,A
1a29fb5a-e5d0-42b7-a748-9ce0e00b067b,2021,1136142,A
694937b4-7da7-4fd0-bb2e-ffa76aaee6ce,2021,107422,A
b235fe49-9981-4595-a372-07f2fd623c73,2021,117532,A
fca6566a-138f-48d3-9ee5-a8ec7c96a21a,2021,113687,A
608aef23-5fd8-442a-be24-92c038e198d4,2021,49054,A
b40e3266-542d-4cef-9e9f-f6f22232dbca,2021,40343,A
7d8b88ca-6808-4efa-8965-77a06f4c4a29,2021,118468,A
ca6716cb-8227-4541-9dc3-5b77b22d3e51,2021,98665,A
667f8982-38da-4343-8e98-d7091411eac4,2021,41238,A
97e6ef60-48e4-4670-b8e0-7f83063e641e,2021,1108692,A
80fc599b-0215-463a-8319-da11905dbd1e,2021,11452,A
bb9fdc6b-e36b-4456-bac3-ec8f38f4e111,2021,13595,A
2a6ce168-cd5b-457c-8c6a-9de5b1f8ec53,2021,13595,A
d239a052-9b7e-405a-9fe0-9422178d56da,2021,41238,A
69c5672e-256f-4b86-b534-ef8d4a2e0b61,2021,1181327,A
f5c9e81d-1b94-4217-bd75-5a8fcdfaa289,2021,1376181,A
1947c0b1-28d0-48a9-91f6-b9b8ff5d41dc,2021,20030,A
644232ad-64a0-4ecc-bb41-63c14eea8536,2021,9414,A
e35bc406-f3ff-44e1-bb91-85b502b05a9d,2021,1300429,A
4b5bcfa9-1f7a-46cb-832f-a2aadb101252,2021,5000135,A
3565edd1-47c0-4207-b97e-cdb40c11764d,2021,1330347,A
482255d7-8931-4114-a70f-2a19b1bf5d42,2021,18903,A
cf7fea0b-9402-4936-b177-a27014d1876e,2021,113455,A
41c0611d-6367-4e54-b6d9-3507a6b65c34,2021,1288002,A
b93e5339-e5de-462f-aa94-f0a8349102b1,2021,513,A
99198a97-c4b1-40c7-9e9d-8c0dc52790c8,2021,13446,A
c419dd57-42dc-4ad1-a7ef-29614d9096e1,2021,19047,A
652f68b2-15ad-46f6-8592-e1990411dd9e,2021,98595,A
4272eedf-99ca-4270-a4dc-b140a84d3898,2021,55777,A
b566d7da-c783-48c3-938e-faafb5f774df,2021,98595,A
a98b3968-8d15-4ca3-8ac2-a8022257144c,2021,11452,A
67710bfe-9172-44b3-878a-6d9806f28286,2021,513,A
7483edc1-1ca0-4c14-a48d-2ba654b550b7,2021,94762,A
4de0c98a-85e6-4a77-9272-e2743a01911d,2021,13277,A
e2f70751-d20a-4227-8c50-5961d5d24ada,2021,87396,A
4f0c573a-1f26-461a-bc3c-ff62d52cb717,2021,1190071,A
ebff14bc-c6aa-4c99-ab8a-f4741000e3b8,2021,106167,A
03c78da3-8795-4a5e-af5d-c2eb02d656d5,2021,1330347,A
23c2ba20-9c75-4b16-a33d-5232057273e7,2021,1288002,A
8b0529cd-7729-4c0f-b5f2-c31d08c510cf,2021,13446,A
3cbbddf3-49d2-41b4-93b6-7f93d1d72a2d,2021,103062,A
55294259-bf64-41d2-9719-03af195ac7fb,2021,13216,A
59b8801f-547a-40d6-babe-21a72871a0ec,2021,11554,A
6bb6a19a-4563-4230-a47a-f2cbe4ec83cd,2021,1267543,A
7bb84b4e-6fd1-4a32-849e-3b3a595809f1,2021,13401,A
09dbf3c7-1216-4c3e-86eb-3de87311e71f,2021,2209,A
156bb4fe-ba6f-4434-a9b7-f78dec0d26f3,2021,1117717,A
8fb9e7df-1fc1-48c9-95e9-d53c1665875a,2021,5000143,A
c8399cf4-5cd3-4ec6-beda-fb9538398a67,2021,12313,A
62040258-3123-4ccd-9c17-fd5744fe4b32,2021,13401,A
643dfe74-6ce5-4ae9-bfa4-c38788662551,2021,107360,A
909aace7-c35b-4fc2-a351-5deec76c91ea,2021,9440,A
deaec5c4-4cda-4668-bea0-88bdd0419166,2021,118994,A
351487e9-7c16-4dbd-b483-89297f19a47c,2021,53342,A
7caa30af-e8a9-4413-be8e-5adee5fdcf25,2021,1101244,A
f94820c8-ca19-43d2-850b-b73ebd685093,2021,1190071,A
ea2167a2-d99a-4af3-8686-b8be51785c15,2021,18559,A
ec7775bb-347f-4367-a31b-3c304cc1dd6e,2021,1265453,A
48e366d7-57ad-4da5-969a-ee773962b330,2021,1102628,A
d66a0792-93b5-4006-a868-a83a4dcdf63d,2021,118420,A
26c76c10-5002-4ea4-8eb8-b1e13086a4c1,2021,117532,A
2966c7af-2c14-45fe-84fc-b390bd105f04,2021,1101244,A
1722282f-9f95-4f5f-9ef2-1653efb4efe1,2021,13401,A
21ddcc84-a0b3-42b0-867f-e9b84bd439c3,2021,40343,A
81f69b21-8eac-466e-b953-b20af9340d54,2021,13216,A
23c1cf9f-caec-4dd0-8f6c-71003095d69b,2021,103062,A
6dc2e924-495e-470b-868c-944c5fd8a9a8,2021,47069,A
4cd26217-aaa9-47e3-92b5-56bc061c2e3a,2021,1385488,A
a5b70503-373e-464c-9cef-1365e7aec328,2021,118468,A
f6c70150-083e-4745-9a47-38d7c89a6129,2021,107360,A
d1bcd226-e5d3-4ebd-89d1-9d891aa4f688,2021,117532,A
82985778-3912-4167-a2da-0763d06a3825,2021,64664,A
290d3706-0390-4418-9393-9d806994038d,2021,11452,A
97fb3f31-e971-4d26-8e35-f6c33399186a,2021,118420,A
a31765d5-89d5-4d43-a04a-065c186d3eec,2021,48675,A
c2beda08-590d-4ec2-937d-04a3f34af605,2021,62484,A
225a378f-27ce-40da-ac58-cc510ca154f8,2021,5000143,A
f87e7b52-746b-4fdd-baea-744252a01a00,2021,98305,A
336be264-7125-4906-b9f0-a7dc2006cc7a,2021,118420,A
b8d26e1c-acd3-4199-8e17-282bc8ea3b5f,2021,94762,A
657ad7a1-1556-4764-8286-eca894a10553,2021,101942,A
d2454903-5af2-452b-85e4-225813daedf0,2021,18559,A
7c4353cd-f7b5-486a-b065-a1a06707a4b7,2021,1136142,A
bc27f8b0-4722-4010-bce9-ef84e0ac9d8e,2021,1322390,A
25e16009-8755-4cfa-a454-d8d5433976b7,2021,2209,A
8c46da94-9e14-4891-afdd-220609efdc5c,2021,103062,A
26133945-e14d-4c5a-853f-0ee1a094bfee,2021,98595,A
4256c04b-219d-488f-93f1-1d7b321c77c8,2021,318882,A
15e6c153-0bbc-49a9-957e-25d01e4a1e86,2021,18903,A
b0dd55ec-b32a-465f-8083-f012092a03cd,2021,1136142,A
4623cd91-eb83-4781-b5e5-72a058a4cb20,2021,94762,A
a321ca1a-ee46-45d9-95a7-37a7d2b16310,2021,1132918,A
121427e4-bdbb-4648-8d80-c0201c808188,2021,1108692,A
a28c3453-8fa4-4521-9ea5-da768f774873,2021,68930,A
fdcbcd51-2183-4ac4-aa4d-aeb66f378689,2021,99406,A
f7c90afd-17f6-4655-a58a-9a9c4b8df048,2021,5000143,A
41a6932d-44bb-45f7-bb4e-01e770acc16e,2021,13595,A
9003b5e2-56b7-4fce-9531-cf21a29dc67b,2021,13401,A
26da08b3-83f1-4bc1-b813-d53e4f120498,2021,81210,A
e79f06bd-9a11-48f7-9e4b-e7dc00a69edc,2021,20933,A
1fa3b1f6-e8d6-4e2e-8a6f-4511e037aaea,2021,1101244,A
5ef91f1b-92d7-4222-895c-3733eb574228,2021,13980,A
9f2c0649-3978-4d7e-a923-e1ba88dd1553,2021,18559,A
96b93390-b2b8-4a80-9d18-4241128bff51,2021,5000143,A
ac1651e4-6964-45b4-bd02-4ab4495a7b84,2021,118420,A
467882bb-6bdd-4d65-b559-a067e36afde2,2021,59122,A
a74b612e-2f3d-4fbe-967c-b3bb6df876ee,2021,9414,A
8803fdad-077d-4851-95d1-97d35be603bf,2021,1330347,A
1e437c39-6674-49bf-810c-94f8326e591f,2021,11452,A
561c6c2d-1cd6-4844-aac4-bf2f2c5ea275,2021,12313,A
3a251452-d566-4945-b6b1-5d8901405049,2021,1181115,A
22e10499-79bf-4f2a-b9db-f67860a87517,2021,2209,A
cc927aa7-8d44-4518-a4e4-6a07940c28b4,2021,13446,A
95c2eb07-afc9-4ebb-aad6-79fe255ed8f0,2021,49054,A
d2c5b02b-2c64-4905-965f-289cf43861b3,2021,18903,A
5f7d66f1-9334-47fd-b318-246fa1823688,2021,98595,A
73feb3b6-e821-48e3-b50f-4b2b59d69910,2021,68930,A
9aea1345-023f-4588-ad22-e19748f6761d,2021,317,A
b5e49c95-e688-46e4-9066-5a2a3a34fbcd,2021,73140,A
4fb15364-0b14-4a80-9fb1-5b0fd7d91105,2021,98595,A
fbcad707-2be2-41c7-bec8-87a3d027633e,2021,54934,A
8c3b340d-d567-45f9-b1f6-7f23100395d9,2021,1385942,A
098e58c4-b47a-478f-977c-7a196aa5fe73,2021,98305,A
973907fe-f341-4ae9-820d-86d34c7f1918,2021,1148708,A
f675aeb6-724b-4b9c-8fbb-56f0a9bc5d1e,2021,1288002,A
c76faedd-f2ec-4dcd-a7f9-dbd7caecd462,2021,5000135,A
7d68c497-f939-45aa-93d4-ef550f08e721,2021,1101244,A
37d71f98-79be-41a3-a121-765ff4fdb2a9,2021,1330347,A
ed971483-b4fe-46c5-9551-392a014bb690,2021,13595,A
f323b334-3574-47a5-bd68-9609e24e6178,2021,13401,A
bf4aa02f-2cc4-4b2c-b1a0-dcf40988697a,2021,1136142,A
91329b6c-698c-4f5a-b6c7-e125a9c6fd28,2021,13980,A
4dce5886-8544-47c0-a18c-24d9082a6eed,2021,968,A
ba7cea03-b3c9-4736-bc29-19d77d356854,2021,81210,A
3e5b455b-5648-4043-8ed9-0182e2a631bf,2021,62484,A
5ed58fac-1e2a-4fd1-91fa-f07a2c9cf63a,2021,118420,A
d9e40b26-06a2-408e-ac2b-8b72e1f3096e,2021,1132918,A
326ba257-2932-446e-bb44-610da69a8549,2021,1288002,A
5d5ae4e4-856d-4575-a0c8-47ba83e522d9,2021,106996,A
67cf114c-0395-4890-a37d-c81f0db8dda0,2021,106996,A
90241b51-1afb-4f89-aaf6-8bf59747a56b,2021,118420,A
82152a57-03a6-4724-8bd3-960e59e8def5,2021,57612,A
7ea6e223-b12f-46d2-b3a1-ab236815e2bc,2021,116770,A
dd11942c-f4d9-4887-b29c-ba739ef4ee65,2021,11452,A
9e3a7579-d171-4eb3-9864-6ce2f3d01aa9,2021,22047,A
ee896209-801b-41e5-842b-777d1a5d41a5,2021,95175,A
f7a8a57e-da81-49ae-811e-038521b8ed80,2021,64664,A
42cb2ecd-894a-463f-b45c-577064a1f5c7,2021,1330347,A
27c0db36-3f5d-419a-ab24-5fa5bbc231fe,2021,73140,A
c9e542d5-db3a-4092-a90b-716b1d7568f2,2021,64664,A
178676a0-b801-4ce3-a7a1-1761d3df22e3,2021,13446,A
e18b133f-3171-4266-90f7-cf869a92828c,2021,13595,A
2bca0429-5995-4a2b-aebf-dbe8df48080b,2021,1136142,A
41cb2918-232e-406b-9265-c48da7dede0b,2021,53342,A
32a609ef-ef59-4368-8c23-5752d6c2d685,2021,95175,A
4f51fba2-d09f-4868-977a-e3c6e0e0e399,2021,5000135,A
b4757c48-f16a-4881-86a1-475968e85408,2021,11452,A
3a8d8543-a7ba-401a-b5e3-eb94cc330969,2021,317,A
2dbb827a-7b9a-4c77-8653-0fa98c503eaf,2021,118420,A
688e66da-d16a-47c1-9dd1-095fa86981c3,2021,513,A
609224f4-d648-43bf-90e5-31999037d547,2021,1269545,A
98036dc2-b1e1-4de5-948c-b0fc6e227a05,2021,98305,A
2748abf1-2501-4dff-8215-07faa11ce629,2021,13595,A
f8341379-8418-464b-bd93-8ea94d8e9cad,2021,118420,A
8e2150ae-5ca8-43e5-a1e9-0634fa1236fd,2021,22047,A
64eb1dc5-765d-40fe-bfd5-ed449335fa66,2021,55777,A
97c55fbb-1943-4b24-88ca-21d14c58d09f,2021,317,A
4dbd5954-6113-46dd-bdfd-923f4b2690fa,2021,18558,A
1c09d35e-e0e1-424f-bbe4-8fe12531e7bf,2021,513,A
841af9eb-b2da-4d05-8142-ad508c2d8175,2021,1102628,A
4fffe83e-87db-4459-9d26-bdf0235ffea1,2021,1314243,A
d51901cd-8190-4f53-8d91-64077f48d13e,2021,1314243,A
75789c91-787d-4187-be5c-74a4bee68c68,2021,5000135,A
6d646c0d-9b6f-40f3-a271-9197739d40e2,2021,91181,A
f326da90-20f5-4034-bc8f-62d461941d9f,2021,97443,A
9305fc96-c4fe-43f0-a927-c2d5689ea5b8,2021,13277,A
fc9197e5-befd-47a2-b7ac-f64b9f59cc8a,2021,2209,A
dff5c60c-a110-4bce-821b-205ec161c8c1,2021,62484,A
5e1c48c0-fc31-41a3-8645-e2cf175481f3,2021,94762,A
708ee4aa-3d10-44c3-98df-2059e2f053f1,2021,56172,A
47d08a76-d748-4f72-838a-f644719e93bc,2021,5000135,A
03a91b56-12fc-4e66-b2c4-d0e0b35fb940,2021,1288002,A
5b0f73db-c113-4a52-b246-a8c0bd4fe51b,2021,13595,A
ddb52045-4832-43b5-b9a9-3dd93f8fb58c,2021,1136142,A
e770ff42-ecc7-4952-8610-0ce0f34afaca,2021,98595,A
164f6159-4649-41e3-832b-486665261ed6,2021,18558,A
94f75009-73da-431e-971b-5a811e72223c,2021,73140,A
5ff0b3fa-754e-4db3-98e2-8ee0cbff40b8,2021,1136142,A
341d037d-9dc2-4c59-b8bb-4166da1551b0,2021,59122,A
df15f21e-be54-4714-a907-31d09392eba3,2021,1101244,A
fb63fa89-dd71-4038-9a2c-41b492a63f06,2021,1270596,A
4044458d-8a40-4e28-b6d9-cbc05253f003,2021,5000135,A
1e1db087-076b-4c29-8bc6-148985745936,2021,513,A
8fa8691b-fb74-4581-86f9-2f41a7a1714f,2021,513,A
578e82c9-2a0b-4d2e-b51b-73c59120972f,2021,113455,A
92020d82-659f-42b7-ab17-9500e7e0654c,2021,1272079,A
b7bea4e2-e843-4ba8-8e41-11acd94a3d54,2021,317,A
e92c8abd-0260-4807-8c80-d594992b4031,2021,13595,A
1caafd14-720c-4531-ac8c-6b62758a82ab,2021,94762,A
15e81156-950c-4dee-bd0f-49123cbe2797,2021,99820,A
0ae9b188-7fb2-4bf9-868b-cfdafa5d5764,2021,62484,A
09d39b5d-f52e-45ae-a724-eac865bb7567,2021,101942,A
5381c647-a9cf-4104-b8dd-1d5eacd52798,2021,11730,A
3885dd32-8b21-4349-a201-eb540d79e3c5,2021,13446,A
7682cca8-c0cb-4ae1-9542-6c1670832562,2021,1102628,A
8f95537e-ae6f-4715-9250-f170b9a5815b,2021,1032473,A
0386072d-f9c4-4a4f-ba43-f644193998b2,2021,118420,A
7766d566-72f1-45ce-a2e3-cd714a3f890e,2021,1288002,A
0ec0e601-6ec4-4012-b1ae-f91e7245af1a,2021,1139692,A
7e2323ef-9e51-467e-9958-9f89014519e5,2021,13595,A
63790bc1-6675-420f-809e-e55a39737ff4,2021,13595,A
ee800861-7535-45c7-ba0c-bcdb771fbcae,2021,37862,A
163107f2-d31f-4dcb-9d47-aa2735e9232c,2021,117022,A
3c031e6d-b46d-45cf-b089-e99c3e2c352a,2021,11452,A
5afbec0d-fa6b-4b48-8087-5a8b21693dc0,2021,513,A
4fc79ec7-3466-4f4e-b051-0a94b84b54ad,2021,118420,A
cae341d1-aef4-4277-9eab-cebeea1adfbe,2021,95017,A
6591c060-201f-4550-8e73-795f05d819e2,2021,106167,A
04cfb81b-a16c-4c10-b20f-e63b4f329d04,2021,13595,A
458583e9-30c5-4804-b995-2b20a8e2025a,2021,118420,A
720576c3-1c10-46eb-9a06-9d7aaac69821,2021,1330347,A
06c0c700-328f-4981-ae6a-0932f610a542,2021,21464,A
f911feaf-15dc-499d-9bbc-489ed28bbbd7,2021,13401,A
8f17d3a1-d6b8-4f70-983d-5fa6db199f95,2021,13446,A
f08153d1-13ef-48dd-894c-7183562bbb34,2021,1181327,A
3eebce12-cf81-4f68-a409-88bdd484d7c3,2021,22047,A
0d554618-661c-4001-97c7-cf811093384a,2021,13401,A
90d762ce-3352-4325-abe4-c6d936823313,2021,1136142,A
ecee406b-e5fb-4d12-a294-d099cd7d9c42,2021,1101244,A
9d45a9f1-710f-4973-89b4-e0d623fcd260,2021,118420,A
415bb29f-8044-4bb2-83fd-eb89172b9ae0,2021,1272079,A
3de2035f-8342-426a-8416-9b64c43f9580,2021,1101244,A
d0a5b4b6-ff20-4ac2-a06c-a6766a0c290b,2021,101942,A
a80789ec-26f9-42f7-a4c4-feab8aab0115,2021,21464,A
6a8eb715-89c8-4135-b3ef-8d52a67d40c6,2021,1118057,A
15f36313-752e-4857-97a7-937110829366,2021,1288002,A
924d8f04-0ddb-4572-b383-959d4c33f6f9,2021,13595,A
d02c7d67-9d4b-4342-a058-455972fd73b4,2021,1376181,A
441041ac-97ed-4b16-9e92-17d5329d0662,2021,1376181,A
976b6b21-e753-407f-ba44-737756307074,2021,1322390,A
e7bdcca3-247e-4092-a78b-f25e9a852b62,2021,64664,A
5977b1f2-06d1-418b-82db-9dc9c3971b74,2021,13980,A
a1e24554-e451-4611-b387-ce52fbb4af73,2021,5000135,A
1bd0b09e-f2a7-44c0-909f-8978db88ed72,2021,98013,A
8d59f04e-4510-4683-83b7-e22e533b5895,2021,1108692,A
c6471206-0e5d-4244-9c1b-4dfd76692916,2021,68930,A
e8d25d09-f15b-4d05-8018-ffaadc7b5f08,2021,64664,A
b3ec2ac4-279a-46d6-bf10-8d3fb0907b14,2021,12313,A
67541c03-662d-490d-86d0-21bad7ba1ab0,2021,2209,A
a387368c-c46e-4aeb-a567-420ecc36b046,2021,5000143,A
53d5db2c-2fa1-40e3-aa72-d7e73d5e086b,2021,1288002,A
72d7e1f1-74e2-4479-a839-0496dd3e8301,2021,1136142,A
d7aa988b-b2dd-4035-a3f5-46585af30d54,2021,62484,A
41736b90-4ef0-4006-a135-b49336b40259,2021,56172,A
9b70dcd3-1c2f-4096-8064-e50d202c53d3,2021,12313,A
a3dfde96-410e-4f53-9cc1-2c257a764c04,2021,11452,A
3de2f40d-7207-4669-8722-bf9486ae3987,2021,1102628,A
05fce771-323e-40ee-b1ee-a8f4b75671ee,2021,97778,A
7be9d7a8-74e1-4bdf-b802-5334f65fedb0,2021,13595,A
4f744fb5-b88d-491e-8968-362fb150ce06,2021,94762,A
68aa8854-2958-44e3-849b-7ad94865bc50,2021,1132918,A
a9529899-b9f2-4aa4-a1b2-51d1ebd20b2b,2021,62484,A
9abb3120-d736-4e68-8cbb-1ecd78dcf789,2021,98595,A
1869e931-70a5-41c5-9cb8-e6fb6ed3f38f,2021,55777,A
94c5a088-1191-4942-b6e0-4a320a0f05cb,2021,116770,A
415ac589-1d48-43c6-a635-ff2cd79604bb,2021,50082,A
660620cb-0bde-4921-81c4-7f5c2357ca35,2021,13401,A
944a0bfc-1d08-4b3e-b31f-0dd047326bb1,2021,1136142,A
a1fb244a-e14f-411e-b279-80ce83440a8e,2021,97443,A
bda4bce7-72d7-4b0c-a814-ac6f61e1d5ac,2021,97778,A
565eaf38-0750-4eb8-bed8-2a8a87ad8de9,2021,11730,A
6f5811cd-ab6e-45fd-97e6-4e31eb7864b6,2021,118420,A
b9466212-54ce-40f8-b08f-ed6c155bf4eb,2021,118420,A
c0af43f3-3ab9-4ec0-a116-a4786ed90dbf,2021,95017,A
16416bf2-2679-4efe-9067-bd0ec9c2cca0,2021,13277,A
abaa6699-b472-46f7-8898-b7357e36455e,2021,1101244,A
a130a6cd-0044-4d39-9942-b29234fb3c3c,2021,12313,A
fa279b8c-8767-4a70-9d21-2308be8de7d6,2021,11452,A
29c39e97-efb5-4d7e-99b4-16a2e40c92f6,2021,13595,A
462d021a-6442-4183-853e-e9f38e4657b8,2021,118420,A
5e04dfac-ef4c-4867-84eb-f78f40d8d393,2021,59122,A
a4798900-dccd-4a42-a4b4-c2b35702c6d7,2021,13446,A
5c319845-f1f6-4211-a9d0-0719bd4417d0,2021,95017,A
348d638d-b612-4bbb-a17a-3aa063db1c1c,2021,1376181,A
cbe13908-dcc5-4b8c-8977-c27ae93f84f0,2021,91262,A
0e74f3d8-c453-41b3-8d03-744bbb9da89a,2021,13446,A
53ba3534-e265-44b8-894b-2f87369130bd,2021,1322390,A
89d7ea31-2145-4ccd-8d8b-692dd7a64d6e,2021,99406,A
a8bda222-95c7-45f7-80c5-18b31b1e8533,2021,1376131,A
409e79a6-aae5-4715-99fa-60e325510546,2021,1136142,A
d2f85565-6d4e-4e31-a02c-4601ffdc4419,2021,1108692,A
21d0abe1-274e-4b73-9296-1bc6e9ac634f,2021,20239,A
2b4621e5-1142-4443-adac-1037b842d6ee,2021,64664,A
bc4214bf-3703-4312-a008-03d187e767eb,2021,54934,A
64c5ae9e-fe4d-497b-8e0b-7b5cec01baf0,2021,13446,A
3840516f-fabe-4236-ae81-b5f80b4c1dc2,2021,1136142,A
d0cad403-7a7a-4e14-88be-c8342e42e83c,2021,94762,A
d7b51a9f-b5c3-401d-b669-9db5017fc642,2021,21464,A
45be5ff0-ce42-4d5f-8cf4-deb9113da581,2021,1269545,A
4b05ef5f-50d7-4bf1-9749-7838e404d198,2021,13595,A
65e070dc-be94-40de-b29f-21316a1a362d,2021,13595,A
47981473-a242-45e5-923b-ad73bc484e52,2021,13446,A
7434efa6-d833-4d43-a224-6befe28d9125,2021,97443,A
818669eb-b1df-46bc-890d-b7bc024e52d7,2021,13980,A
75e8cb14-d217-40c3-86bd-e2c82984d4d2,2021,19047,A
24ded2a4-2cb2-4feb-b45f-f1c4b6b7c87c,2021,1187671,A
456e9168-78f9-4a2b-bf34-37411dc495e5,2021,118420,A
cf9e3c12-e66d-4381-87bf-0b4ddb4e6347,2021,56172,A
f005aa43-497d-48d3-871e-b7704011d655,2021,19042,A
253ce5ff-be49-4fbe-8416-ad269d79ddb1,2021,1136142,A
40cc3d90-d243-4254-b051-7bfd0ee13a86,2021,1136142,A
9e421d35-28c5-47db-a767-bb3548f239ab,2021,1132918,A
6a83d858-e3e3-47ed-8d69-7d1fbb262a3e,2021,106996,A
504d42cb-95ea-4e70-9acf-40c278b79a1e,2021,64664,A
34a2f293-db59-4ea7-803f-f0e92fd087e0,2021,13401,A
91df247d-616f-4e64-9925-0559275e1d59,2021,13446,A
06c77e3d-ca25-4bed-ab15-4b5548bbdcdb,2021,1136142,A
542ca297-ee73-40c1-9c27-e46a15fd3c2a,2021,1102628,A
edee2fa3-9eb1-42f0-9900-88654c8dd10f,2021,1270596,A
dea515d6-df66-4f7d-a06f-68c9da3db612,2021,103062,A
9a7d3d47-f464-4325-b4d7-910f5b4029b0,2021,83388,A
2c4be0fe-7050-4cc2-a899-722361c4e5a4,2021,1148708,A
eff98013-6571-42c4-9aa8-fe242f31a8f0,2021,1314243,A
da3f17e4-3dfb-44f6-93b9-a17f0a212b66,2021,98595,A
1a4fa8d8-2de9-48da-a009-413f0068f271,2021,968,A
a0a40e2f-1daa-47f5-88a5-62c700f564fd,2021,13401,A
820b3af7-1395-45fa-be63-3b16c3c55459,2021,13446,A
69f52d3b-2341-4553-ba65-843d2f15babc,2021,47505,A
7dad1e84-c590-4866-a335-9661713a350b,2021,13980,A
966d15c1-83f6-4139-a85e-0609a295dd51,2021,1136142,A
73606359-1417-4da0-a1ce-bc29d043b4eb,2021,95017,A
81769a31-ab92-4217-a507-317dde21c3af,2021,10515,A
8b37410f-ed84-4fbd-96c2-a9cebd095bd1,2021,13980,A
203f45be-15ff-4e61-85b7-c82af04bce72,2021,113813,A
83d36cbc-52cf-4001-82a3-264fec987807,2021,13595,A
d8815a62-2124-4b6d-ae55-a4453a6b7345,2021,64664,A
1d2c9d76-8089-418e-a36c-1da200d3e4ae,2021,317,A
f02b204c-0685-458f-af6e-5b74f61c9ae5,2021,99820,A
de1b3e25-7cd3-4f88-9e2e-f269ad96b713,2021,968,A
b2661190-c9f2-4501-b114-222f592e0329,2021,1118057,A
d6a3dee3-1246-4ea5-9d18-2fb5932e1810,2021,97443,A
6d4789b2-1aa2-4555-8cab-c2bf100030ce,2021,13401,A
130f7b14-3802-4d61-90d1-f69d5f0858d3,2021,13446,A
ad43f910-175b-4981-b2f6-680eb3a48c2a,2021,11452,A
bc7a3517-c0d4-451d-b606-62d12e27dd40,2021,317,A
70d63824-41f6-4138-8ab0-ab958af6f8a2,2021,11730,A
3c33d5ce-c254-4e74-aed3-da5fa934f929,2021,118420,A
5675cefc-14bb-4f09-a1f1-3d02d96b42db,2021,117532,A
2577f1af-5e4a-41aa-a02d-8b07d336ddf1,2021,2209,A
171eee41-3260-4244-bef5-bd2d16e2f050,2021,13595,A
7176c50a-932a-4131-bb2a-5d9894a12459,2021,20933,A
9ee6a6b8-7dbc-4922-b0db-752c50d3f2c1,2021,13277,A
d1543986-00db-4751-9526-96b30df0bde4,2021,1427745,A
f53a4b01-8087-476e-b813-4672e8f8f839,2021,11554,A
a53513b9-8370-4a80-8159-1b7005045a95,2021,13446,A
46e3aa95-03b2-4714-a8af-02b0e7d52a82,2021,1283028,A
9406ca8d-43d1-4c88-ad51-e929974e2ce2,2021,47505,A
24fbdc88-902a-4e57-a9ac-16d8b4fcb45e,2021,12313,A
49e6186e-a992-414f-9669-59a77aeb62b1,2021,1306689,A
46966d89-b895-46ed-a6df-d0bcdfe3893a,2021,5000135,A
e882094a-272e-4df0-8dd0-1dbda5f80200,2021,1270596,A
6a8acffd-3406-4c9b-8128-7167915668cf,2021,101942,A
e9d1aaea-e576-44d0-88c9-7e7d572650d6,2021,97443,A
0d8f2f3b-52bb-445c-a828-e12f2aad9d49,2021,1101244,A
28efc7e6-3798-4932-b6c6-f254f546a4a4,2021,13446,A
f0ca0ded-9f30-4469-8783-f808b084fd37,2021,116770,A
9aaa225e-19bb-4dfb-946d-fbefba543fdc,2021,13980,A
33d1c469-2a8a-410f-9292-d36f55ab8349,2021,11554,A
1b247546-3a2a-4404-8b7e-5aeb1d662fc8,2021,1136142,A
7063b475-5cde-46b8-8089-07367a35fdf6,2021,1102628,A
f605998c-5b5c-43d7-86ba-6171012dfe7b,2021,12313,A
0e2a4b60-9d03-4f38-928e-a74e1d14c6c0,2021,1102628,A
f00d51cd-bca7-4dfe-b44d-30dc305256cb,2021,13216,A
dcddc18b-c91f-4db8-b63f-4b0df598a5ad,2021,19047,A
62a9d17e-6476-4115-bfb6-d0967d38725d,2021,1136142,A
aa87b60f-faad-4169-9bfd-4931e58b9aeb,2021,1330347,A
163d59fc-8f25-41b2-8064-e1654bd88486,2021,1385488,A
2c7ff10d-28b1-4f30-878f-987705ea38bb,2021,117022,A
f31c9aa1-45bb-4570-a748-45729b74b632,2021,20239,A
d69223f0-cdd4-4a2d-9976-18b7369b8a75,2021,86326,A
4f8e0ef7-00f6-4173-8ee1-6c42ab5341c0,2021,1102628,A
b3b48936-582f-46bf-848d-855054ab63f5,2021,20239,A
e016c4ea-f338-45a2-abcb-1f1db6587211,2021,11730,A
346e0910-a5b5-47f8-ac71-3e347adcf2ce,2021,95017,A
a48081d6-76e0-4e05-aa6a-dfedf65ecbd2,2021,13595,A
6edb9ba7-298b-418a-9610-25c43d96bb76,2021,13595,A
fc192d8c-2410-4134-b362-38c38a2a90e2,2021,13401,A
cc612bd3-9dab-4d99-92aa-ad61534b71f2,2021,13595,A
c46fc40a-a37b-4285-82ec-436fe630313a,2021,22047,A
01bc5662-a5fe-48dc-80db-53198afa217d,2021,1102628,A
f6df6018-2de3-4f47-8953-bc6ba87760bd,2021,513,A
c8396070-e015-4cb4-89ce-189c3f6ea583,2021,13595,A
402b9710-b770-483b-850c-aff093d47a86,2021,2209,A
4924760e-9634-49b9-8a54-9d02d16c8a13,2021,41238,A
3ac7bdd0-3720-431e-a075-cf4288ca6060,2021,98595,A
f80e4c07-d9c3-4c36-b1f0-2bf4c40b6b0b,2021,103062,A
3493f383-ef2e-420e-8035-19d49767ba32,2021,55777,A
a5b3455e-c77b-45d0-b84e-5b8d3cbd5f36,2021,13216,A
c3dafca9-cf59-4570-96b0-416bb1b9c5dd,2021,53333,A
22ea3139-b3aa-4ff3-b240-adb51e0fa29f,2021,11452,A
d3f53de5-6d9d-4ba0-b616-5542701f6e65,2021,18683,A
bb9bffb1-ffd3-422a-81a6-ac5807b68781,2021,19042,A
4f0ac765-a9c4-475e-a524-8bc7135e80d3,2021,5000135,A
75a9c216-77bb-4d86-b9eb-054074512fbe,2021,12313,A
a7d66135-7168-43a7-b371-a4bbbeb5f663,2021,99406,A
0deb1fb3-43c1-4c3f-8183-fcca17ad7fd9,2021,968,A
41c472b4-053c-4324-9d25-590c84e31bee,2021,13595,A
bc240d1b-723a-4bb4-9716-b5577c3e019c,2021,13216,A
7e01a343-49a9-41f7-b700-180fb75b77a8,2021,53342,A
348bea0e-b032-446f-b442-567d937d8622,2021,13277,A
726ff486-cd96-43e7-967c-736bf69c9c78,2021,1330347,A
d62bb81d-3300-42d0-9811-9a8506b3cb6a,2021,2209,A
101fd5a5-443a-4d4e-921f-3a67a393d73b,2021,968,A
8027c932-2188-4e47-81e1-4959569df3b3,2021,1136142,A
7b6be4d0-21b5-49b8-ba56-cac78ed65ea9,2021,1288839,A
b31248aa-7c63-4c56-a7a8-31a8be56339b,2021,11452,A
af12f5c3-2c9f-435a-8929-494ba1bee9fc,2021,2209,A
4c03acec-980d-4ff6-9d8f-65c793bb2fa2,2021,1102628,A
255b17ee-4632-4a60-a3f6-27e41491ac5f,2021,9440,A
d24bffd5-54bb-41f8-a511-30b11a841eb5,2021,118420,A
a821484f-8055-45cd-983a-de5bfb28aa55,2021,95175,A
1c3f78ba-17b1-46e4-a458-d360f091b940,2021,117532,A
e3ed1f24-3c92-4d96-986f-5e270badf435,2021,55777,A
3aa29f41-33f1-4da0-8741-d00def63a0e1,2021,20239,A
462e33e8-8134-4430-a7d5-b031a5b46609,2021,99820,A
315f53ee-055f-4f70-8d9a-fe7f95c00744,2021,5000135,A
b382bb2e-03a7-4614-a0cd-eb3a3ddab384,2021,99406,A
d24168c7-8c9d-457a-a82d-898898c1aac7,2021,99406,A
7eed00e1-64a5-49e7-b77f-cfd1eaa7cc98,2021,1118057,A
a429fdb9-c6a5-46e1-9461-5141f4076be5,2021,11554,A
3d2a80f5-2094-4ead-a0dc-6ec806e255d7,2021,13595,A
349d390f-4cb9-4e95-82bb-74f0f18a75d6,2021,11452,A
6ef390a6-cf64-4062-b0e8-6892f546ac5f,2021,13401,A
9326611a-4f65-46f7-b01c-f1971ce0069e,2021,1102628,A
00a8f4ef-3ac0-4257-9676-8814529f2e18,2021,13401,A
6cdd065b-2b6a-4fc0-b62a-13fccff9dab0,2021,64664,A
cc38fb8a-41da-4c93-95c1-44b7ab536999,2021,21464,A
3db9e9eb-b9e9-4ad9-983f-1b5b628ae6a5,2021,19047,A
432ee70f-83d7-4bbe-9319-3f2ae0860c9b,2021,118420,A
068a77af-2f33-43c7-8b0c-9214954bc76b,2021,12313,A
1172c6e6-6cc9-474d-9a9f-bcb11516ce99,2021,103062,A
810e2ca8-abf5-48e5-9602-917050160756,2021,13595,A
f39c34ea-e2ac-428c-9cb8-015fa23ffcbc,2021,13446,A
1abc2dc3-95ba-4b75-8af6-7fdae6ce75f2,2021,68930,A
2a4e71d0-e9f6-436b-8f53-0624846b00c5,2021,1330347,A
13c28a2c-3f2a-44d3-b2cd-0cc5fa79fee7,2021,62484,A
77a4d726-e898-441e-ba2c-fb3a479c86f1,2021,1330347,A
4f8c7cb5-0e6c-48f7-82cb-857248d17866,2021,1101244,A
a07987eb-52ce-4b0c-8800-e51ee38f9b83,2021,13595,A
00529642-2ffa-4286-885c-911c39866247,2021,118420,A
5d222f33-a558-472d-a9c9-4372d906171f,2021,11452,A
dc1c742b-aedd-40dc-bf79-82c89da8ca54,2021,1132918,A
033e7bc5-e690-4e29-9cdf-7aa568f8ed2b,2021,11452,A
2409206d-4504-48c7-87a9-ac8f1df369d3,2021,99406,A
68bb6e9b-4c8c-4f6f-94f6-0dde0024fad2,2021,513,A
ae3016db-f334-4f0e-a4d5-033722298c50,2021,13216,A
4a5aa494-d4df-4ff5-8a8e-43645922bfff,2021,13595,A
6e0a1d70-18f9-4286-a773-b51c446d6e8e,2021,62484,A
18e12d75-4e41-479a-9b32-871f52ca11e9,2021,1108692,A
34ca3d98-99ce-414a-9f83-6d068faf4b4a,2021,12313,A
8f2c2bf5-97b9-48d8-8547-eae9de627ad6,2021,1288002,A
404ec3fb-acb8-4bb4-9671-22f9526d97cd,2021,13595,A
4112eb9e-6fd3-423d-a3ee-e7bd27f8e37f,2021,13595,A
96ec515c-bf8b-4d65-82fa-40752a1115c3,2021,12313,A
4bc751a7-b21c-4bac-a655-2e7f666c194e,2021,117532,A
7882edac-c9ad-43bc-a817-0ef5c3c2b7dc,2021,13595,A
e8e77f96-aba1-459e-8834-2b114f56a792,2021,11452,A
cc31e0a1-4665-43ff-9d31-c977a54d1351,2021,5000135,A
a0fa2fb5-7c00-4c8d-83e6-c2f669fada13,2021,317,A
31985db0-2071-4412-b5d7-8094f399750c,2021,1132918,A
fcf791a8-9861-40f4-8ff5-f75508476fb1,2021,13595,A
161dde12-4b51-4ec9-8521-f6cb1bfb9fa4,2021,118468,A
904d29d6-9e37-45f2-bd35-3287bd86d5c2,2021,90030,A
a4567830-7f5e-4844-95a8-84ab661bb8f5,2021,98595,A
42066288-f814-4db5-b46e-ee44c2a2f720,2021,97443,A
3b9daa62-dd7c-4f06-aed2-d444e689b9e4,2021,1190071,A
404d4cf6-2645-443b-a50a-4a9365a244f2,2021,1270596,A
3cb54909-2be9-4223-8b26-70db896a2fdb,2021,106167,A
559f828d-b4d0-43fc-8467-381a3d4cfd15,2021,11730,A
ac51cde6-7e0c-4e5b-86aa-38da275baea0,2021,13277,A
99b29ced-88e9-4a34-b261-19a994db3930,2021,5000143,A
f2c3906a-a8fa-4dcc-94c8-44c37819a5b8,2021,62484,A
36c0a30a-b4e5-4622-9b36-1e1b9afe937d,2021,13595,A
8f743a8d-7f62-414e-9e86-8add435ce408,2021,53333,A
769636c6-6305-47fe-a780-89a57015362d,2021,95017,A
9ab5e889-c1a8-4a3b-b905-d9eac5b3fc51,2021,113813,A
084d3027-ec50-4931-a702-aa28cbaecf0b,2021,11452,A
d67b4a71-6394-4022-b75f-5c4a85e653e9,2021,13277,A
31e9547d-7310-4de6-85bd-d3209606ce89,2021,19047,A
efce5d4e-8ee8-4499-9110-2beb69b1865a,2021,1132918,A
de3c9d5c-ae2e-467d-ae2b-8849b344d809,2021,2209,A
2b0901ad-90e8-4d0b-a649-d8cf47b56b85,2021,99406,A
95449d92-344a-4984-a8ac-5a78bd3b4c37,2021,103062,A
b162f672-5ddb-4f3e-afce-fa568b255e95,2021,13595,A
a7dd6855-83d8-4d1d-88bb-d928c686c3f0,2021,67601,A
918f0ce9-930b-472e-b633-1e85211e381c,2021,13446,A
f719b479-bdc8-448e-8112-e975fdf408f2,2021,317,A
af0a20d5-58fd-4e1b-b740-89fca9497e86,2021,13277,A
a1c585a3-3189-424d-a6fd-9badd0b0a283,2021,2209,A
4c0a0080-ad6f-4584-a511-73994cb6d4de,2021,13595,A
997379fc-41a0-4301-9ce2-1a9949c6576e,2021,1330347,A
b675f05a-0606-484d-9a52-d82d0e9ce60c,2021,103062,A
57bfe25f-5b53-4083-a928-4288ff8d08f4,2021,1272079,A
5041e238-9de4-4517-8177-5e1f427ce204,2021,317,A
5da64992-9d48-45a1-8441-a55386040719,2021,1422296,A
8981ceea-17cb-4251-9f9b-7c8dacf5cf2d,2021,1136142,A
4163c164-1f4b-4dd6-812d-004bffd98728,2021,1136142,A
6594f91e-2481-4197-8281-3819efdf5f08,2021,53342,A
8e1f0e56-e40e-4943-b2c0-8791cba2b537,2021,1203177,A
a99b8904-dbd6-4b32-ae91-900d25835a08,2021,5000135,A
fbd66ba2-1edd-4029-9c3b-8c2b4e74ac59,2021,1288002,A
45b83837-45b3-49b4-ac6b-8233df772202,2021,1300429,A
597f41f7-0479-46d8-815c-0a72cdee84cd,2021,13277,A
0382c526-b6f4-4136-bdc9-23000fa9c37d,2021,1288002,A
eaa85ec4-36dc-4a4e-b61e-1f2439ce7f67,2021,13595,A
7aca48fe-6022-49c7-8c89-ad5e18a6f3a8,2021,11730,A
4ce82f76-6140-4d52-ad07-f94f10b8f93c,2021,13595,A
ebfdd6e8-abcd-42ff-95ca-b7dcc5b04d6b,2021,13446,A
45200200-5999-4eda-8a01-82de6777284e,2021,20239,A
4b61b750-18d4-4162-9f44-59fc0595719b,2021,1136142,A
9606737d-08df-4e5a-ba67-5ce82f729191,2021,317,A
97534158-f507-40eb-b87c-5f092400dd04,2021,317,A
50525659-a6d4-4dd0-9cbb-5bac3fffdd92,2021,2209,A
cb5b343c-9949-49d1-b993-de9881303dbb,2021,114616,A
2606b9d4-2a52-41e5-adeb-ca0b2544ec8b,2021,968,A
f5234612-9626-4b28-9dd9-77353a279b77,2021,13595,A
47882c34-5471-4993-a4bf-87689cd74479,2021,1101244,A
4704eb99-7c2e-4b1d-8dab-4893b09bb9d0,2021,62484,A
5c82d271-d358-4c45-a350-fcb7a27bc76e,2021,55777,A
2d5c29e5-e86f-4483-912a-c5764a7f4705,2021,91262,A
9c40d210-ccbc-427d-82cd-d9a0226cfcb3,2021,41238,A
55679c6f-fb27-4540-828a-49b1d183bfc8,2021,21464,A
d26e5fbb-ff76-41f2-a2a4-f000bb2da01e,2021,13595,A
8dfb80ec-e189-4ec7-a38c-633f3c56c8d2,2021,1136142,A
d2385128-d62d-49da-89f1-e8e6c71d80fd,2021,13277,A
7304183b-561c-492a-ad0e-d730f2fa4369,2021,49071,A
8d0ca71e-48fe-46f9-b8a3-4f6b20ec2c78,2021,13980,A
ee654d68-42da-4089-a10e-3ecc596988d0,2021,13216,A
b9a86c1d-eb10-49ae-be48-8a42d7cd3dd0,2021,13216,A
6177b79b-678d-4949-aa82-e0c98776a101,2021,13277,A
e095a5ad-3fe0-4523-b2e5-a898c8166fa6,2021,13595,A
1744ae20-135f-4307-ae02-ff2ebcfc1265,2021,5000135,A
bf69e5e9-2764-44f0-b0df-54d728a72074,2021,20239,A
e4a3ce67-cdd5-4a68-8de3-2afbe2647ff3,2021,1190071,A
b90b86d4-ff95-4603-8fd2-d38067696892,2021,13446,A
e9abab84-8fb5-494e-8bd7-1640f5e72e5d,2021,11452,A
ec03a7dd-4072-42b2-b783-3cda4203cf27,2021,62484,A
ba83f210-824f-4962-86e7-1237be5d4589,2021,113813,A
dd31cf83-df8a-430e-a3ee-fbdce0068263,2021,1422296,A
20c5f32d-d029-4583-9654-a79b7d33eb85,2021,2209,A
302b35ff-31af-4e46-a096-815891533598,2021,1136142,A
79123489-4988-4ac0-872f-99e420aaac74,2021,13216,A
433c7ba8-497d-4a6e-a32b-ffe8f48e788d,2021,13595,A
b1d1e6da-3d6e-4c56-9d86-e51a74547aa5,2021,13446,A
2485da26-80a3-4081-9a3b-25590da0c3f0,2021,1288002,A
52ccc804-1281-4a58-91e9-b3e524ae31f9,2021,13446,A
191f7323-b097-4a49-a285-1e11dff4a2c1,2021,13216,A
c17f3a5d-74f4-463e-af59-a19af1a0ec2e,2021,13595,A
a10ccd16-2e3c-4557-972f-edf75f968c07,2021,49054,A
c9081472-8a74-4288-925a-58418fba3623,2021,13277,A
5d19b126-7354-4cbe-8eab-37943cde5b1a,2021,18903,A
d15ab0e4-dc10-4cd7-af9c-b04df29ad09b,2021,13277,A
fe0a644e-89a1-4206-a183-15bc2ca3d61d,2021,13595,A
60f6c5df-b340-40ab-b1b3-fcf691e67413,2021,513,A
9efd7626-0a8d-4d40-960b-07ab99dd8a50,2021,13595,A
17b42b83-e0d4-4615-8f24-2e69a0fedf07,2021,13595,A
ce3d7615-9dd8-46c8-9b27-c2a2cd85fc38,2021,1136142,A
cfc5c75d-36f2-4809-8662-1b663fdbe7b2,2021,13595,A
5a985063-e0d1-4e0b-a61b-0de1da1f4624,2021,13401,A
4cdd305c-8538-440d-b396-afd8ef4c9b05,2021,13595,A
456292d6-8bfe-418f-8bb8-81a474577250,2021,18683,A
bb3c01d8-aa9d-492d-9bcd-11a48015293c,2021,13216,A
dd815741-35a5-44c4-8d8a-7fef80564e39,2021,13595,A
175f1427-4b76-4d0e-8d11-62ba95618aa2,2021,1136142,A
30101634-4ffb-48e5-897c-5fb8fcda90e9,2021,116770,A
ae39a6a6-230d-4e4d-a249-df67daefe9fd,2021,12313,A
0a5713f8-38b3-4cf6-b500-f53c27b5a1b0,2021,62484,A
741d35e3-c810-4332-933e-a06d86c3e26c,2021,13595,A
065758f7-470a-4481-afa2-2cc4bcfd5d3b,2021,41238,A
28c2563e-251a-460e-a578-2a9ce0f51a9a,2021,12313,A
a4362b4a-2a14-4b81-a1c2-18db94933778,2021,11452,A
367ffef8-8204-4392-aaca-1a6fb185b586,2021,317,A
810e358e-6e6f-4208-b0e6-f16597fa1c4a,2021,13980,A
f2cc7b78-beec-40e6-8ddd-77f1e0f1c368,2021,62484,A
d95e4b4b-8175-4d53-81f6-e92949d85b5e,2021,13980,A
8a4d0dee-ec1b-4d94-94e8-ff38699df377,2021,13980,A
effbf83a-5431-450d-b5fc-b68b6fcc97e6,2021,13216,A
48d13cf5-2810-4ca8-b585-1ca7b969aadb,2021,1136142,A
c2ccbdd0-f676-4ad6-858c-69f760747c7c,2021,13595,A
070fbc91-0ad8-4aa5-874a-1a865e0f9bdf,2021,1265453,A
ae7c9c49-f50f-461b-9fd4-c654109043c9,2021,11452,A
52dfc90f-f8c1-4297-9a6a-21adf1200cb7,2021,513,A
5de97264-b649-437c-9e43-6de2f4d6c29c,2021,1181327,A
4326822f-36e1-4650-a386-9947ce185328,2021,101942,A
72b03b67-b652-4a04-9aa1-757fe74b3833,2021,1132918,A
d2dc6236-20ec-4527-944a-adfc2ceea3c5,2021,13595,A
3f85355d-c5aa-49cc-9424-2f43964f36e7,2021,20030,A
6a0264de-70bd-4914-9149-f9a7888cc357,2021,13277,A
87b0b7f1-8e45-46bf-b36d-abb73b6bdb28,2021,13446,A
00527c14-174e-4601-be82-3e48949ea045,2021,2209,A
fe463120-1fd2-43f6-9755-8621d6e90308,2021,62484,A
fa3af67b-c076-448a-bb4f-03a0c33e1e9f,2021,13446,A
0f2f3c81-ae4a-4579-8c6c-783ae8caea22,2021,12313,A
65c93ca3-fd9a-4d63-95ce-aded1b1ac87e,2021,13595,A
daca47db-b123-4d42-921d-eebc9687e99f,2021,1299927,A
263acafd-e321-460b-bcc8-c74c482ced70,2021,5000143,A
4142991e-a4d0-4ef3-be0e-2ab1fa2207ad,2021,13277,A
b94f4704-23b5-4d2c-9085-be2c2cb8446a,2021,1136142,A
3942fd9c-d3fc-4423-aee7-ba0a266e66e0,2021,1299927,A
ea883590-7b81-4b10-b221-58574b9b8841,2021,1102628,A
ddef1838-c263-4cfd-a0b4-4cd24bb4e398,2021,13277,A
1df695ee-b0c8-48cf-ab89-1ebe51a00211,2021,13277,A
3f77af0e-779f-4167-8c31-0585ab10ed34,2021,317,A
0633ab7d-f2f0-41d1-a227-634f2bf707cb,2021,13446,A
542f68b4-3101-4dc3-9bf8-6a11397e3052,2021,53331,A
e59b023e-89d9-4da8-ade6-b35c4b2d5228,2021,513,A
46081917-5b1d-489b-b6ae-1d6ddde3e91b,2021,11452,A
8c498051-b057-46e1-9cc2-1ac17aeedb6a,2021,12313,A
7d61d69f-40ec-43cf-a1ea-2075f70a4704,2021,101942,A
6bc05cf0-752d-48c2-98a9-5ce25953316e,2021,13277,A
b3aecd83-bbc0-4b3a-9462-4d1462e3d756,2021,13446,A
bde57ff4-9175-4ba3-9d81-a2fadd15d9fa,2021,13595,A
b8e5dd21-b390-4452-8041-e2b178fb5a9f,2021,13216,A
adeb9f7e-416e-49fc-81d7-5fa3298f6e53,2021,62484,A
6fb6ec0c-7804-4bd9-acdf-fd54832cf036,2021,13277,A
f367cba2-57d6-4395-b41c-c7cbc76c5544,2021,13595,A
5bd810ef-78af-4b66-919b-d6f7b9e9a8f3,2021,13277,A
8241befc-58b1-4404-9fe8-64de1ac0cf75,2021,13277,A
d39eb480-bb6c-4120-a67b-cc9f2c9839c1,2021,18584,A
3ec5f450-ca1c-4540-bbe0-2a0def263408,2021,18584,A
ec593328-5cca-4913-9ad0-be67fd550883,2021,18584,A
c136bf52-eed6-4e9f-bd15-62881b8a3f3d,2021,18584,A
ad28732d-7355-4285-8c42-a577440b6e5a,2021,18584,A
82bf9283-84d5-47fe-8c9a-4e362c929a40,2021,102590,A
e91f37a3-8ce9-4000-8b5f-ed64bfe17825,2021,102590,A
dca1693f-4286-4e5e-8cce-d6eb37ab304e,2021,102590,A
501cd5e9-aac1-4e89-95d4-4399ca97f64b,2021,102590,A
272fb9d0-404d-446f-8446-e5e66ca9b152,2021,102590,A
ef084732-66a1-44e9-b602-9f5bc92dc9da,2021,18558,A
0de8303f-979d-4e8c-b796-b71ce15dac31,2021,1113582,A
905a47a2-cb01-43a6-9dbc-8a49d0d5c186,2021,1113582,A
fc1ebb03-de18-4b34-9a2d-e766a7b23944,2021,1113582,A
548d9126-c7d3-44cd-a915-ebf75ff975dc,2021,1113582,A
b6dcd021-4957-4464-84cd-c2bbaaf5f846,2021,1113582,A
158e4024-7b01-47f5-9323-5b8268bb8d1a,2021,1113582,A
395cd0a3-f4aa-40f8-a41a-252666bfe4c1,2021,1113582,A
eab5cb74-e18d-4c8d-bda6-8aefb3fee179,2021,1113582,A
4ed308c9-8f34-4c09-9a8b-71b549e094b4,2021,18559,A
3b735d85-902b-42d8-b2b7-a03daf43b09e,2021,18558,A
ca0955cb-9ad1-4970-97ab-7d36e1ba774e,2021,18559,A
15699dbf-4946-4923-89d8-2d523f5499ab,2021,18559,A
6d331bb7-c868-4f11-8497-a2484bbc4755,2021,1113582,A
70860a4f-c497-4b70-9525-43a546a5456d,2021,1113582,A
cf440a7d-5609-41ba-a335-4122fd66e1c8,2021,1113582,A
14d0dfad-75c5-42fb-bcfc-048788ccc2af,2021,1113582,A
c091cd20-fb85-4f38-9960-b0d62eea6a17,2021,73140,A
4b1a586c-e59e-4761-ad9a-4714e997fc00,2021,18559,A
54fbef8a-35a7-4fdd-b7cb-ee67e929acce,2021,18559,A
8b076b15-fa09-49a8-9466-99c5d72e5a31,2021,1113582,A
a8df8983-08a2-4fe6-b396-2acd4e08564e,2021,1113582,A
40bd87c5-03ba-4419-810f-90cb5ca215e0,2021,20933,A
70a84502-a311-4d02-b7f4-881519cf7614,2021,513,A
7ba0c15d-b970-45e6-b508-ccf4c188a021,2021,513,A
7924a79c-990c-46fe-8052-4a42a629747b,2021,513,A
7a347d61-e0ae-4423-9cce-90f232b90f21,2021,513,A
d5d5fba0-c22a-4cd5-b939-7bdad3cf6707,2021,513,A
0afe5eb1-9e62-4a8a-b9a0-f094914508aa,2021,1113582,A
d0a66e91-acff-4796-9166-8ae1f57ef1c6,2021,1113582,A
2f7d9a61-b424-48c9-9972-b81ed006f20c,2021,1113582,A
63d8774a-ae5a-448b-b06c-1c47c492a626,2021,1113582,A
759af50c-a92c-4cf9-afc9-98594eb9fc9a,2021,1113582,A
3ec36d1d-276f-4278-9bca-f9907135ee49,2021,1113582,A
618fddf4-6037-4bc9-bd76-e722aae61738,2021,513,A
2a348552-88d0-484a-a6dd-0a5bb678c8f9,2021,1113582,A
057638c5-e8a7-4992-bd16-25947299d23f,2021,1113582,A
e4283a99-9bee-48c6-8df6-e684f0c4eec0,2021,1113582,A
075da42b-a384-4532-99c9-9fac939ad39a,2021,1113582,A
0c5f1abb-03c5-42b0-8376-18b3c607d0b4,2021,19042,A
2030cab0-6a80-4d5f-965e-8138d3ea2040,2021,99820,A
fec10929-cd8c-45b8-86dd-9b98012f4247,2021,99820,A
188ba896-db45-4b6e-a6b7-4132bdec442b,2021,99820,A
c1495c1e-dec5-4209-9d98-27436ffa0df7,2021,101942,A
1ccd3464-00ea-43b3-860f-beb82318f0d8,2021,112086,A
b7eab268-9294-46a1-bd4f-1cfce1b55906,2021,86318,A
c0ab8f56-2e6b-4857-94eb-6c86fe478990,2021,86318,A
301848eb-29da-472b-8575-3b53bc51f747,2021,86318,A
26bcda15-d57d-4150-82db-ed11bd670e21,2021,86318,A
c5d4bac3-be21-43c8-96fb-9617aaf81645,2021,86318,A
de3a58ef-2a6e-4c62-ad66-2db1e3c14208,2021,86318,A
3e6f03c1-622f-42e9-ae9f-9bd8770ae454,2021,86318,A
a7add615-463b-42ad-9c9c-a5feb482ec31,2021,86318,A
7a708d6a-4398-4ba9-bdc4-cce026b03658,2021,86318,A
fa177d90-f707-4754-9842-30689593faf8,2021,5000143,A
2b527132-6201-4bef-aef7-8c6720514368,2021,5000143,A
430617e5-5fe0-4f32-a8c8-e6f002f15f48,2021,5000143,A
563b3925-cf72-4fcd-99c2-2595d707d0ec,2021,5000143,A
8e0745d6-0c62-4ee1-9d59-830ec947d152,2021,5000143,A
1fe9930d-d742-454e-83b7-5e5167b1e52f,2021,5000143,A
6be8785b-7894-4084-a3e2-60bed2c4f13e,2021,5000143,A
2be2a21a-bd69-4eaf-a767-d7a7427b0c43,2021,47069,A
9c38c21b-8b15-4255-9da7-7afa359f9df0,2021,86318,A
5e8031fa-c580-4caa-afaf-ab1e9374ea66,2021,86318,A
add95bb1-dcf2-492f-9855-b313f95b5211,2021,86318,A
3c15a9e8-29ef-47a2-83b0-ceaf878d0f65,2021,86318,A
6ca88877-1871-4234-8b6f-3657fb2efd44,2021,86318,A
dd2bc954-0ab7-4df3-8e7a-e99c52c3ff7c,2021,86318,A
07fcd304-067b-4881-91ae-16c031bd55e9,2021,86318,A
24cbaf99-f8a6-4edb-8386-d8ecf4f26c69,2021,86318,A
e6117591-df58-4e26-a6cd-1cb576c65216,2021,86318,A
879951ee-2b5d-4a53-bb08-487137733e7f,2021,86318,A
cbe2e499-cd0d-44d3-a5c0-d8fddfda5484,2021,11554,A
82110b8c-f38d-4da2-a159-91d814aea1e3,2021,86318,A
31928954-83ba-4beb-9d8b-92d20f95d92c,2021,98305,A
12bb7b0b-d3e0-4918-9906-506a9e9df357,2021,98305,A
c77a5b38-7aaf-4010-971a-55f175f82968,2021,98305,A
28d717c8-702d-4ce4-a0ec-4ed86c9d66c4,2021,98305,A
40a7dbcb-f4ee-472f-9da4-f91b943a914f,2021,1103723,A
eb0d9f70-577b-4a97-98c4-20ee329684dc,2021,1103723,A
e69ed31e-bf45-4180-999b-e9f41ac01fd1,2021,67092,A
b0549d88-00a0-485e-9329-9188d753667c,2021,67092,A
f877c3de-d734-4261-b5d3-de3315f69bdc,2021,13401,A
cadbeb43-e481-477e-af83-c6a67e920b4f,2021,67092,A
a47c90a0-2c99-4bd3-b429-dbe6b046bc93,2021,1288002,A
27bb138d-2984-4489-8481-9b28b972e632,2021,67601,A
9209d4ef-7a25-4f4e-8091-35dd33316492,2021,67601,A
29620c1c-4794-4da3-80a6-4e20043bdfa2,2021,73898,A
9204dc48-58e6-4efd-8c71-2292991370ec,2021,73898,A
d7588f1d-4674-406c-9bd8-8cb97542ade7,2021,73898,A
e2515b77-ce71-47ee-9e0d-40a9c290ae6e,2021,73898,A
b5986de6-317f-43e3-a49e-b83282dca94a,2021,73898,A
a3977031-dae7-45ed-afd2-64b49f28d80d,2021,73898,A
c999959d-b5da-4a07-b4d3-3cc1a48da686,2021,73898,A
2d0ce8e4-0d2f-4a27-b282-c3754c260ef5,2021,50082,A
292bfcc8-8e8a-4cb5-ab1b-7cb5e908ba67,2021,21464,A
e6ce115b-fd73-4814-87b9-9b98fb1a49e9,2021,21464,A
2a576582-2f99-4dda-953b-6e357df0a4ff,2021,21464,A
71b51c39-05e5-46d5-bbd7-a7b8b5142cdc,2021,21464,A
2a1ceba4-54b7-4433-947d-84abae92b936,2021,1351760,A
6cd2d5e7-3a7e-4889-acc1-34dc461dcfb2,2021,318882,A
74397b83-01b1-426c-8634-6062123e7e20,2021,47051,A
3be90d2d-b10b-47b8-9811-0328465a75ca,2021,1190071,A
89367ec7-63b2-4150-9eff-dbb7860375c7,2021,1190071,A
5597ef50-75f8-4a57-9095-444f79928311,2021,13595,A
a3124821-fdf5-42db-a32d-490aea1c884b,2021,13595,A
f68ea1e2-30da-49fd-a04c-3d40ab73c749,2021,13595,A
43912d1c-1e35-4354-b188-5e3ec480de7f,2021,13595,A
13c1ea60-77b6-448b-95f2-1c9b07ce7b23,2021,13595,A
9b7d8478-e976-4031-a92b-9d220888bd43,2021,13595,A
c138be8a-b632-4b69-b316-b05b5b33da78,2021,18559,A
3c69c109-77d7-4e00-844c-dbb7c4d5497e,2021,1265453,A
af0ec3f2-4eef-4dbe-b5ab-9b04805412f0,2021,1265453,A
2e5dd365-327d-4b3f-b2c2-491fb7059ace,2021,11730,A
780d6182-28ea-4bbd-b69c-284cc229cfcc,2021,11730,A
bd4e58c6-cdc7-43e2-9b21-9c536a136add,2021,41238,A
abaf96b6-12d0-44f9-9197-955bf69b7813,2021,41238,A
dbcedd72-6e92-4ee0-b36c-d950db6d6cf5,2021,41238,A
19d30d32-c845-446f-ae91-696d14f57a01,2021,41238,A
54c62755-3649-4117-95ca-b5f23bfc49aa,2021,41238,A
1021f20f-cb4a-4b21-bd9d-0e66d0425052,2021,13446,A
b0143368-b505-462e-bce9-09adc060fc7a,2021,13446,A
1b33e87d-d749-4f56-86a5-98f72e25d505,2021,13446,A
9c4bff39-f539-4ba7-afc6-dd19587b893d,2021,1148708,A
ec62a987-5659-4c4c-a4dd-73faff30d4de,2021,1148708,A
fe8a7ce3-4a25-4386-b437-b1d27fe07454,2021,9440,A
bd3ed1a9-7b7a-470d-8396-43c69efdb652,2021,9440,A
3676502e-02db-42b5-a3a6-b726866b1678,2021,9440,A
7f94cff2-62e8-42d1-a4f5-8ec1dbeef6f6,2021,1180773,A
37f0e88c-6ad6-453c-b240-323cab9ce8a5,2021,1180773,A
0c4ccad8-6470-4bc7-bbfd-3aade4f9316a,2021,1180773,A
c63b58ec-dc8c-42f6-b2fc-e57e47c5d360,2021,1180773,A
1c339a9a-aab5-421f-b80f-68206b65aa25,2021,1180773,A
4d7ce8c6-6636-4499-a5f2-e7dbb82b50e7,2021,19047,A
3658228c-101c-4d37-afd7-e4a22cd07f44,2021,19047,A
79d668d2-cb42-4dc2-8da7-e564b235fc72,2021,19047,A
47a9884e-9eeb-44a3-ad2f-ce41eef9757e,2021,83388,A
8ac69802-fc4c-441b-bb0a-56058aa34fdf,2021,83388,A
2b42afc0-2212-43db-9091-246c8b1d9ac8,2021,1376181,A
05f15c4a-8ef3-4423-acca-d93c4cf2fbb5,2021,88084,A
33ac898a-cf7d-4cc1-9c17-532399a5d4e7,2021,88084,A
2ba8d6e3-974c-40bc-bdf8-ff6ff95d0492,2021,1180773,A
1e80538f-6225-4cc2-bb47-8327751a7b4a,2021,1180773,A
b8ef9b45-9d32-43e6-8fac-ed3bb31d85a2,2021,1180773,A
f3fed8ca-5b68-4f38-a4dc-a7cc38a107c2,2021,1180773,A
d3217002-33f2-40b2-bc63-88a51aea21e6,2021,1180773,A
6f14f5ef-f5d8-4408-a2d5-580a8f378e23,2021,49054,A
6b991724-01e6-40db-b21c-8b61b66a6af3,2021,49054,A
9c7441a0-818a-493f-84b9-b93089b0a7b9,2021,1180773,A
6709c103-5f25-47e1-ad74-728f584242c3,2021,1180773,A
44bd4ae3-d5d2-44a5-add9-4fb71b425191,2021,1180773,A
fc9a6125-5662-4c79-a412-72abc9fd9c72,2021,1180773,A
ebed52d9-1da1-4ec1-807d-c1667c870782,2021,1180773,A
269b2bfe-c02d-4685-a45e-43540d276e30,2021,73898,A
05e799a9-468a-4abf-91ae-1657c0386525,2021,73898,A
45fcf882-6dc1-4d6f-b752-5ca0407a5fff,2021,1136142,A
d307068b-c49c-4485-90f6-cf3b58342a72,2021,1136142,A
4a5ee8bd-d12b-4650-9ed4-3a2bdc87efe4,2021,1136142,A
28d74111-d4e1-4dd2-b895-a9a5af8de43e,2021,1136142,A
b886a1c2-f9a0-4987-95de-fd05bd9e89c1,2021,1136142,A
34ede721-8a3a-4d7f-aaf0-f9e5c917fc49,2021,1136142,A
8fef1436-fba9-4250-859f-be6b355c4942,2021,1136142,A
e322052e-ae10-435a-b8cc-136ae33297c1,2021,1136142,A
ac7ca2c8-c9c2-407a-88c1-acf480d3a489,2021,1136142,A
b310aa8f-ce9d-4494-a518-b5059ad7a5f9,2021,1136142,A
b3666a2c-0302-4449-b454-55fef3d7dcb7,2021,37862,A
23e255ff-2fb3-4e57-be39-79c14cbf7b45,2021,73898,A
21df55bb-9fea-44da-946f-79c7990575b0,2021,73898,A
b581c267-f2dc-4663-92ad-36663d50ae97,2021,73898,A
6f51c417-c3d4-441e-b1bc-854115ecfd9d,2021,73898,A
23259827-7ec0-4d3b-870e-2b3cb82a31c8,2021,73898,A
eb72eafc-9146-4513-bc09-fe29d8affd14,2021,1110857,A
997e1bec-c1c5-4c1c-95eb-4942206d2a2d,2021,90030,A
e81cc663-6e40-4d62-8547-703dfd7848c7,2021,1102628,A
93469260-6969-426d-9857-c35152634ed5,2021,118420,A
6b4fa908-6206-40e6-84dd-3e2abf5624d8,2021,1102628,A
24a6c34d-eacc-4703-b410-53be49b19e5e,2021,1102628,A
fef5e030-349f-4627-ad87-dfe14128581e,2021,1288839,A
6020dcde-255c-4727-8ed7-64c416eefd17,2021,37862,A
0bcc9a35-5c90-4a16-84b7-39faa5971435,2021,118420,A
ad661f85-b22d-4263-bd7a-f79064e0f51d,2021,118420,A
9488072c-4cce-4843-81e1-0c8b907eee45,2021,118420,A
59b8647d-466b-4c59-b79e-77d532034371,2021,118420,A
903e4de6-d5b4-4e1d-8d9b-a47d1fd6bf97,2021,18267,A
1713a7d2-34b9-496e-ab09-59e3312a748e,2021,113455,A
e9087719-4eb2-476c-902c-2aaf454ccb74,2021,113455,A
4d653358-cd67-42c4-a679-4a6baaf0a6d1,2021,113455,A
7fae46a3-5989-4e5f-a4c0-b57e3f8ab561,2021,113455,A
b001ac61-3f27-4876-a61e-26017fd0cc86,2021,118994,A
d6f7d563-f9a9-48f7-9c62-e2dcbbdd6707,2021,118994,A
9e197775-dffd-44f3-a7ba-70f73f4a8ae0,2021,1110857,A
0c14e2aa-d3e1-4ad7-b3be-cc2ddc6ec49f,2021,1110857,A
09e98b08-8104-4182-af8d-6b012f19acdb,2021,1110857,A
01cde65a-8967-4ff6-9d7c-7fde5654b713,2021,1110857,A
e32ecfd8-b5c1-4e99-aedf-54434ce74e02,2021,1110857,A
498f159c-4c1b-44f6-be85-53a5db6b5f44,2021,1181327,A
5a8c4413-ff4b-4b76-85c6-697d8a78c2e4,2021,1110857,A
aa512d3e-b7ec-4e66-986c-5f7b52f66aa7,2021,1270680,A
b4ce7726-621e-4e1d-b309-2516b23392d2,2021,94762,A
8df55821-6b11-4077-a9df-6567acd27ca1,2021,94762,A
d4493f87-8cfa-41cd-b2c2-f7c02851939a,2021,94762,A
8cf88a90-6219-41a5-bca9-a19e02015752,2021,94762,A
1444ace0-3f51-4a6f-840b-48e6ffa64b87,2021,53342,A
4c8e40c1-41ac-4517-aca6-e75d5291dc73,2021,53342,A
8188af76-0785-4ae9-a521-04f1ad5b8920,2021,101830,A
1be94ca4-26ea-4dcf-8890-8f3718cc9d3e,2021,1181327,A
72becfd8-974f-411c-a99a-87b889fc8472,2021,1270680,A
88cfe148-9e0a-42be-8d09-efc2ecfb09a0,2021,1270680,A
953206d2-29e7-4170-b665-dd9d78ecf7b6,2021,1070485,A
d298b18e-b4fe-4c75-af07-8783764f9c03,2021,1270680,A
f484bea6-1a00-49fa-8a0c-a5471c47ca4d,2021,1070485,A
fcfb821d-ae19-4e52-af92-eb8ef0deb813,2021,20009,A
49be942e-5dd3-4693-b8f7-42d532c25add,2021,20009,A
041ebe8b-8f9c-4d7a-83ab-fb55447b099e,2021,20009,A
b9b57ae4-e2a1-42c2-9569-ead30b6a0645,2021,20009,A
071f2604-6380-4551-9a94-3f7cc297f1f1,2021,20009,A
71d26f56-f952-4dd3-80b5-796875a79b9d,2021,20009,A
0e8ad54b-bca1-477c-b284-fae52255b198,2021,20009,A
aac95756-4305-48b2-8c88-1ead8ad4e1ad,2021,20009,A
5c7ea469-2097-490d-892a-630f730d3ab7,2021,1306689,A
d12dc4f4-b338-4ec7-83e9-af46841000b5,2021,1306689,A
8db7ec18-b534-4275-a875-a60c2dc8210c,2021,1306689,A
eedb4b09-7099-45f0-8382-f4f845ca5ded,2021,1299927,A
1885b01a-88a0-4e78-8650-746c3db86bc1,2021,1132918,A
6d1eb87e-7136-4ec1-adeb-9b1bf6d67476,2021,12025,A
2b5657e8-6ed9-4ab6-a1fd-d0a71d224437,2021,1047907,A
87b51caf-7c8b-463f-a98a-1ff184cd1f07,2021,1047907,A
805c3453-7532-44a6-a087-949fdf34f9b6,2021,107422,A
68d3dd7f-b911-4653-92e2-c40870ffb2e8,2021,13277,A
acf9a829-5e1b-4ddf-b321-af8e5847534a,2021,13277,A
f0356711-b9d4-4867-a062-3245b848bd8f,2021,18250,A
02ff771a-7823-471c-8c63-c95882249393,2021,18250,A
e25d3281-b3e5-4430-a3d0-bdddfbfc49c0,2021,18250,A
30a71e95-a637-4812-ba69-edefd3a7077d,2021,1204325,A
abfbed66-4424-4e75-b2ed-3745c8c55153,2021,18250,A
9f1b695e-2dbb-4e8c-8edb-68732f0e8a1b,2021,18250,A
c7402131-7d31-4ec5-a167-f648ec4fe1f7,2021,18250,A
c9493ea2-4a96-4160-ac39-81a20352f449,2021,74737,A
d6959587-68fe-49db-bfb8-1d8a7c7c6e81,2021,18250,A
afd22b6f-951d-47ee-b1d4-17967c9f05ff,2021,18250,A
f1fc38de-ea27-4c12-99c8-2fcd30cbbf73,2021,18250,A
5e3ac8d3-f7cc-40ce-8c4c-d8a3fdda5885,2021,18250,A
a0bd763d-32cf-4489-b28c-968d0501155d,2021,18250,A
6629bb68-e77a-4da3-a064-6dee6f6f586a,2021,88068,A
e6fdaeaa-7d94-4f26-8255-b0aafd37ea74,2021,18250,A
2bbe21c5-94d9-4252-b4af-c531418d8ec7,2021,18250,A
66766934-7d24-429f-bd70-14969690320a,2021,18250,A
38e44c9a-e8bd-451e-a499-d4e4f8f5a08d,2021,18250,A
74126565-037a-4a94-a2ab-df83ad87249d,2021,74737,A
a5f63784-edd3-4292-a180-d962f43dbb5d,2021,87396,A
7f50d20d-0687-49e1-872e-fae4102af20d,2021,87396,A
c1c6cf6c-5d02-45e8-81f1-00e7545e6216,2021,87396,A
8f57a9be-1963-45ed-be16-7bb1831bac5d,2021,1118057,A
56623a7f-2e37-4518-8220-60116e6d2133,2021,1042278,A
204cfee0-22b0-4ced-8eeb-48ff1e50708d,2021,1042278,A
cbfe3e8d-cae6-4b24-b25c-1d3e37f9ba5d,2021,1042278,A
b258d6e5-1575-4bd9-88ab-b44a4d06408b,2021,1042278,A
1545fcb0-e48f-46b9-8490-52d5b14d35dc,2021,37862,A
ca3a2715-6160-4204-9a70-64ce6e955d1a,2021,37862,A
814b9547-926e-4b6b-8d18-ceb723549348,2021,22047,A
014c0bc0-c2a5-46cf-bbde-0ffc241e5141,2021,97778,A
19bb4d63-d66e-4b70-aaf8-15b118c94b0d,2021,98595,A
4e1b39e7-54d7-4835-94b4-474cb509e5fb,2021,51020,A
a34390e1-de70-4669-bcd0-e1a88b8dfd14,2021,113687,A
80b5d295-f1e0-4f2a-963d-43e885a93b18,2021,59122,A
7b1d51a6-3b7b-4a6f-ae33-780b8db41c0a,2021,20030,A
c1b99ed6-ecb5-445b-90ce-13bc0d72256e,2021,20030,A
fef3351f-c35b-4cec-a8f9-6674298502ec,2021,20030,A
ebd5f63c-8cb6-4ae8-ab7e-985a8b0d9228,2021,20030,A
76763e60-b7c1-455a-b501-3d35b5ae2cb2,2021,56172,A
7ccb2971-7b6a-4207-8d28-fb0ba68315d2,2021,56172,A
1df2efa2-1954-44ad-bb1e-5efa0b26fc8b,2021,56172,A
6279d102-0191-4829-b24a-56598b3bd1df,2021,56172,A
4f758b17-867c-4314-a9dd-c4f22cd6d132,2021,1108692,A
c4203e59-0bbe-47d2-8e20-a71abe3a3cd3,2021,1108692,A
ef3cf58e-21fc-487f-9a39-349b0f8e801c,2021,1427745,A
e7f88f51-31b1-43b2-80e8-dd3f653ec2b4,2021,1427745,A
29fe16b9-d2ae-4865-9cb9-03181d6de2bf,2021,48205,A
019d8f15-dcf5-48ba-9fc6-b6d592fffa33,2021,48205,A
2aa3431c-4f22-4b20-9626-d3afe3fbab1c,2021,48205,A
8a0d6d8a-93bf-4a6b-850f-6bc84c309e9f,2021,48205,A
feed1b85-b72a-4ef1-9803-51db84da946c,2021,1314243,A
190c3c87-932d-4c05-963c-e7dadba4d06a,2021,9414,A
f0fadd2b-af5b-4ea2-a658-cf347910ac0b,2021,1103723,A
caab78fd-6c24-4170-b7c7-12c3347e3862,2021,106996,A
b78d7a96-90ec-4467-9797-d1f92c2da773,2021,47505,A
46d77803-064c-4cb9-965f-2d478e10d803,2021,106996,A
a02b4f14-d47e-4c89-b9be-7190d4d59831,2021,97443,A
1544094e-93fa-4c50-9d0f-0c617c9a805e,2021,98595,A
325804bc-cfbd-4d63-96e2-552424415351,2021,117532,A
8373046d-163b-4ad4-8ff4-1d0777681aa3,2021,117532,A
ea4679bb-e7fc-49f4-9be2-05657cae538b,2021,98595,A
98d401a9-68e4-4601-a965-f20ad9a958b6,2021,117532,A
b9212236-1ff7-493c-b620-5f35bf6f1bf7,2021,117532,A
787c569b-b496-43c3-aab7-a06d908d1f49,2021,117532,A
f2264c4d-ed9a-432b-bf12-0e6cdc1805c9,2021,117532,A
30ba3bc2-1898-4666-9fbf-8034a4306a35,2021,117532,A
857ab83f-ddc6-469c-a90d-7bcaba90b17c,2021,117532,A
3e4a7bac-6543-47a4-be5e-7eaf0a8b983c,2021,117532,A
41623229-f843-4933-ae24-9601816030ff,2021,117532,A
533a66f8-e8a6-41e0-9dde-3ad5c6f1afa3,2021,55777,A
db73fb60-ef23-4533-8c33-c827adda2f76,2021,13401,A
99c277d5-ed77-4c6d-b828-be35e4f0945f,2021,114616,A
6653629d-7d33-4e46-ad66-ac8b236fbd02,2021,98665,A
db6359c1-e8e5-452a-b772-5f6f66496e4c,2021,117022,A
4c351e14-c546-441e-818e-55bccc08938b,2021,117022,A
8788d36a-af65-410a-848b-9b707e607cf1,2021,1300429,A
d32adf1a-be89-441a-84af-3fd8ea1168c1,2021,1108692,A
8cc2ce91-c653-424e-a2d5-f786e0a3b4d8,2021,106996,A
41abef13-afd6-4af8-be0a-bbd04ef22b75,2021,1272079,A
0153033e-49d5-4ddd-bb87-e433ede8a742,2021,58808,A
3569ee89-d7aa-4aef-b78c-ed989508d9d4,2021,58808,A
f3ce5866-5381-4509-94aa-eb1c0167b358,2021,58808,A
1bf1ab1b-2cc8-40ff-9748-a59793e6607c,2021,95175,A
22c2ef57-f3c4-49f8-a000-c9258b12cfdd,2021,95175,A
9cafef9e-f38a-4313-9c92-cc54f2fc496b,2021,95175,A
22e3b08b-4cfe-4b41-8839-a6ddaf58cf90,2021,95175,A
90eed53e-84fd-419b-88be-31149bc5e86e,2021,95175,A
33905774-237d-4f21-9aa5-93a9fee5981d,2021,95175,A
9d126ee1-b6df-4c05-a78b-25f6d764356f,2021,95175,A
62c5d1bb-1bf8-4b93-9cef-416a7bb40eda,2021,95175,A
f0b991ae-6a56-4df4-972f-6e2f03f2d43a,2021,95175,A
5d76b498-1184-4264-ae21-a61544b98d4c,2021,95175,A
10cab5e7-5cd8-444d-895c-0552da919c72,2021,99820,A
711e5f66-90a2-45c4-8a71-69bafe098273,2021,20009,A
ffeffb63-d3b8-425e-b890-c267ea2cdd5c,2021,99820,A
e28ddd51-8478-414e-ad60-aab10871fe60,2021,20009,A
dd7f461b-1991-42d9-ace5-7b01732833bb,2021,58808,A
f4e59643-5d74-4173-ab1e-a1b891a09361,2021,20009,A
598504e5-dd9e-48f6-8804-72f921aaee40,2021,20009,A
e7168c89-1d0c-4de5-a943-ef78030a758d,2021,99820,A
896568f9-1f33-4f04-82e3-2dd624c13d6f,2021,58808,A
4a6fd18c-ef14-4862-9af6-5d1cc5fb6c44,2021,73898,A
730e976a-881b-4ed3-9c43-e560934388bc,2021,1203177,A
c20425f4-cbab-40d7-8776-9508b90349db,2021,1203177,A
b3a7290a-daba-4be1-a54f-872d4337607f,2021,67092,A
815e5035-44ce-41d8-b891-856db4792629,2021,67092,A
1d31ea88-24a9-44e5-bb84-34f186b3fe39,2021,98595,A
c85498d8-cb58-4869-a102-e0297f98a609,2021,98595,A
e1d48b9b-452d-43dd-b2b0-8f5f7f884122,2021,98595,A
a0898f72-a0dd-4a88-a917-29d048b957a4,2021,98595,A
2805fe75-64b1-42a0-90c3-ef875ee2c3ee,2021,98595,A
91085cea-35ba-46c8-802e-dab47261afd2,2021,98595,A
a19700f8-650b-46d9-a2a3-d7f7b0234ffb,2021,98595,A
5a8a4f3c-1c89-4527-b662-a2dabf74be8f,2021,106996,A
b7566e10-fd1e-4141-adcf-198f97247498,2021,5000135,A
a6ad460b-06cc-41fd-b537-28992b5e397c,2021,5000135,A
63f654e3-907c-4609-bb46-b1d952a678a4,2021,1270680,A
32aacc4f-dc34-44d7-b285-b2e7ae60bc2d,2021,1322390,A
3c1f9814-a1dd-4306-86cb-cd035df73983,2021,1322390,A
b575f935-035d-4b17-885b-eed5efe788c8,2021,1322390,A
a0e29172-15c5-4b5c-9490-2d3aef081962,2021,1322390,A
140a3be7-276f-4fa0-95ad-b167739822f1,2021,20756,A
48fdba28-0a31-45e2-bd84-4b147f32fa77,2021,20756,A
c62613d6-d88c-42db-99d1-3bbd6181a9c2,2021,20756,A
e4b0682b-efda-4d6c-b00f-1e966bccc8ff,2021,12025,A
0d5d1233-bc10-49bb-a9b6-883610a56889,2021,12025,A
bcb8aa09-9130-44a4-98a7-c3a5321d6d4c,2021,12025,A
32de2bd8-5679-4bfd-ad95-4caf601ee740,2021,12025,A
95ac7c57-b838-4974-97c4-deb0c4ea651b,2021,1101244,A
23b898a9-7707-4b80-8284-ac1bb9de97ee,2021,12025,A
2e761564-1243-4d21-8837-dfeb0942e027,2021,12025,A
9c781ab2-c1a6-43a4-8e4b-ea40410eecf8,2021,98595,A
7cdf614b-381d-405d-bedc-a24f19cda54f,2021,12025,A
c4826f9c-284a-4853-b69a-bfea4eec7e5c,2021,20239,A
f43d7de7-e163-4c0b-aa25-ea0ad65e8e3c,2021,20239,A
63d4c857-c950-4bc1-b344-b8b372db2ea6,2021,20239,A
a212c587-d7a2-4158-9943-a5709dd2c715,2021,20239,A
737f66ae-18a4-4464-96a4-af425d1b710e,2021,20239,A
75df88c4-98f5-4cd7-9aa3-80961fc4fc57,2021,20239,A
bc2eeaae-ba1b-44e9-b093-79a072dbc819,2021,1190071,A
13544f8f-eb3d-4745-a6a6-f475c2038689,2021,1190071,A
3b848fc0-1457-4f4e-be52-6bdf8da243fe,2021,1101244,A
49aa5cc9-9992-4a31-9be7-2baee37c9fcc,2021,1101244,A
43b82456-2f9d-4f70-b1c2-7d7754c24f0b,2021,1101244,A
ca75dcae-3a80-4a2a-bed6-37ef84074a3c,2021,1101244,A
feafdd02-c889-4bb2-91a6-9cd3ab15166b,2021,1101244,A
c990e8e0-835b-44a3-a951-5a46d113b608,2021,1101244,A
163926f6-3f36-45b1-b7d8-65f21603ddf8,2021,1101244,A
2a8afeb2-8bd7-4e6a-86e3-6ee6c11bb7a5,2021,1270596,A
1866602e-6b04-4c80-a621-2ce638b52c35,2021,1270596,A
b3c77dcc-57e3-4ff3-99be-f78fe047b50d,2021,12025,A
7daebba0-6b4e-423b-b700-c96c0fff13ff,2021,12025,A
9c58f15f-de3b-4cbf-916b-ab65f9243ca2,2021,12025,A
c29528ce-4e84-419c-adf9-fbec1f34c649,2021,12025,A
aea76bf3-338a-4b0b-aa7c-929d976bda83,2021,12025,A
651aa76a-9466-4f87-9fed-0d4ec8ff5749,2021,12025,A
63d2ab38-7e1b-4af0-b65c-d8a90774e1c3,2021,12025,A
597f0e3a-b741-4102-a11b-13bdba0fdfcb,2021,12025,A
0fa9398e-e487-433c-aa9e-6cc5d153a23a,2021,49071,A
cc89d94d-83e3-4021-b978-25fc7926cc0d,2021,49071,A
3168b3f2-307e-4bb3-9c1c-4a1b5481c11e,2021,64664,A
3d97526d-73d9-480b-b39e-eadcedf58899,2021,1270680,A
90166058-cf23-45cf-9d20-06139c082b36,2021,12025,A
b6c54c78-8f55-4e43-a4ad-297db0d121a9,2021,12025,A
1deac5f2-67ef-4410-a5c7-af27f4d1b37e,2021,64664,A
b205bc0f-02de-4c70-9f8a-ff154cbb2c27,2021,64664,A
2db5e515-e454-4f81-b7c3-655e06d70da5,2021,64664,A
a107150f-75a2-48e7-87c1-3e323a9190b0,2021,64664,A
1a334e5e-22ca-4c8a-b480-e090ab5640a0,2021,60886,A
0d2b5dda-efcf-4911-9ee6-6e8f7824a88c,2021,60886,A
984c28aa-a317-4381-afdc-7f539a3f0288,2021,60886,A
eac0ccc2-0a5d-477d-8720-365b5b4ee2bc,2021,60886,A
55609f90-c0d7-4ef8-a6ce-42159683de63,2021,60886,A
382b3163-57a2-49bb-9ea8-5a0f8d334980,2021,60886,A
0f77ba41-d683-4d4e-9e98-daa7fd080da3,2021,60886,A
64141b6a-c59d-4e55-a07a-95dcfb8a8c7c,2021,60886,A
f626f60b-f9bc-4b4e-9c68-6acdeb332063,2021,60886,A
c0dbebca-707f-4d3e-b76c-a9aaeb276418,2021,60886,A
4db73b89-9321-49f8-a259-7beb726e45b9,2021,60886,A
06abbbcf-0f9c-4769-8a84-7bd891a4d89c,2021,60886,A
973b6b8b-73c1-41b9-bffe-932dc668cfde,2021,60886,A
e1e705c0-6a74-411a-b0f8-aab51d733191,2021,60886,A
8d876c57-6dc2-4db7-9f7b-6054ed89886e,2021,60886,A
f5d2870b-a098-42a4-855b-7695a4247fbe,2021,60886,A
c6115baa-7f2e-484b-9780-d6697dc2a5a0,2021,116770,A
887a149b-49e4-49e9-a35b-bd801785d3a2,2021,116770,A
5b868a4c-a1cc-4198-875d-931cb54b4ae0,2021,116770,A
c1fb9389-906f-430d-acc2-b71b30060b11,2021,116770,A
2ff7f5b8-95bb-443d-9959-6d31ad1267ec,2021,116770,A
bae60119-c23c-4d9c-8c81-b925938a0cb5,2021,60886,A
a283f72d-835e-4916-a71e-4e27dd3ab17e,2021,1270680,A
15761177-68ea-4b8b-a71c-20225c9d180b,2021,1270680,A
3eb31f96-a170-4d52-9c03-300880738bef,2021,1139692,A
865fcb12-66b4-44e2-9e3b-5b2e00118131,2021,1139692,A
b28a9e46-449e-47de-8e6c-8dff45b231bd,2021,1139692,A
5c5eb784-fef4-4d7f-af5a-888e7f4a93b2,2021,1139692,A
1e027ebe-1602-47f8-a8b5-d5604e1d2a75,2021,1422296,A
051187d6-3b2f-4ba3-8293-74829dcc47ff,2021,1422296,A
7e1f68ae-ba3b-4dd0-b33d-fe282edff91a,2021,1422296,A
721a3617-7186-492d-b8e6-2b652782dd27,2021,1422296,A
917cf14a-ac8d-4b56-a030-fd496191ae4c,2021,10515,A
45a5f039-b718-4342-957f-0981d618c42f,2021,106167,A
ce8f0776-6870-441a-9c0c-5daf5086c9eb,2021,106167,A
2edcad32-af11-4723-91fc-23e6741a1c73,2021,13980,A
9d125632-44cc-44bb-bdfb-86a46fcfe023,2021,13980,A
0afafef4-084e-49e0-a641-dd0f51f0d941,2021,10515,A
3fec02eb-6b32-4142-8f67-ce5025c8d5f7,2021,10515,A
1b197341-a128-4d5f-8835-456d1e915553,2021,1330347,A
1f0101d5-ad41-434e-87df-49947e723102,2021,1330347,A
7624e9bb-e8fc-4990-84b8-ad21f9c38409,2021,1181115,A
a4b28353-2e45-4dd1-8f50-ad3fe2c12281,2021,46377,A
a8a115e8-2489-4aa6-a51e-cc11b9a42c79,2021,46377,A
54236547-398d-4bc4-bdf2-e157eabcb1f2,2021,18671,A
3fee1d45-d455-4a20-9331-72fdf4d2b28f,2021,12313,A
76b496c4-cf5c-4f1c-89f2-43f94e4f679e,2021,12313,A
84731f8c-bf11-476f-9f37-8e98479c00f3,2021,5000951,A
c3d8afd2-12c2-4a79-b5ef-ff5bcd1fa791,2021,5000951,A
f53c8a33-e71a-4f28-871f-bf6f8ca6baba,2021,5000951,A
402c12c3-238b-4c90-adba-9b6f6e223837,2021,5000951,A
9b35a7ed-4640-48fc-8f4e-57bef41c5531,2021,5000951,A
d71f4ac5-2a0f-433d-accd-1a106722837a,2021,5000951,A
ebc59d64-3628-4044-a186-7e5411c68cbf,2021,5000951,A
22a45fe9-fc47-48f5-8bbb-c2af84d1d01a,2021,5000951,A
7ac886a6-b80c-4af5-8c2f-5bf0c3f9fdb6,2021,5000951,A
c09ca716-f019-4a47-94ae-0566a4f59b3e,2021,1181115,A
3f080aa5-b8e7-477c-b1b0-59c44bcc2355,2021,1181115,A
de1aacc5-0e27-443b-bd23-e14d31b1302c,2021,1181115,A
e07ee838-8a30-4a41-afec-298fbe73ffaf,2021,1181115,A
4bbd1a58-40d7-4287-85fd-67fef6a6f08c,2021,113813,A
a84e36d7-5563-47c2-9d0c-e0ace83c511c,2021,106996,A
78f8f3a3-1239-4f1e-93d2-11eef7af473f,2021,20009,A
7c9209e4-7b92-4460-9304-b597aff6a71f,2021,107920,A
8937d5aa-909a-4339-a699-f8a550e4e96c,2021,107920,A
e7a8f5b4-f35f-430a-97a4-f02668b23bb3,2021,107920,A
43f64156-525a-46d1-a93a-be2f3b119d5d,2021,1300284,A
45a3f804-be27-4dcf-9c4c-5eb68b84efde,2021,54934,A
fc0031ea-0aae-45ee-828d-d125ef19f9db,2021,1533190,A
7fff6278-3f76-439c-b02d-f501b95335f7,2021,1118057,A
10dd8717-5e3b-4736-8c9d-683a93220d5e,2021,1318224,A
450fa989-3722-4604-bd77-d7c29db5fb3a,2021,1306689,A
00efddbb-3728-459c-916c-f1c31b44847a,2021,1318224,A
91629d01-db03-49fa-a205-687258e908d0,2021,1318224,A
76a54d3d-0611-42a2-a0bc-b799ba2d8531,2021,1047907,A
c7156258-7952-497e-a53d-e7f5bf90031e,2021,43664,A
0b860ccd-6c62-4603-9d67-e90baea7de01,2021,43664,A
51cfc622-fc31-4a0b-9749-13cdd05dfede,2021,5000135,A
f1007921-0c9f-4195-a825-1ec773d2f9ef,2021,5000135,A
32cf1223-b7c5-4862-9eb4-4d3c0d466953,2021,5000135,A
4f4eb08b-eab2-4fba-a13b-f486f4c72522,2021,5000135,A
14a04646-77b4-4619-8827-bd2484f592b1,2021,513,A
3c05a0b4-909d-4c33-8169-b3e10baf59ca,2021,43664,A
b9412a0f-bda3-406b-97f2-875480c58a5b,2021,43664,A
0a3853e5-261c-4ad2-96fe-d632cab235bb,2021,43664,A
379ed1dc-2473-41bc-a5f9-5c4d414513a3,2021,43664,A
2f085925-d0b8-45f9-831a-0ee86179978d,2021,2209,A
1d9c30ef-d5a1-4f82-8dc9-af8a94abb400,2021,2209,A
c7203a64-cdd8-4abe-bb89-1c8e4f7d5311,2021,2209,A
39017680-981f-4c19-b4a0-35c884cadf27,2021,2209,A
774a0166-8b80-45cf-8b85-cff435c61a0a,2021,2209,A
3d02ab55-17b6-4eea-aaf1-1d8b9fd3d34a,2021,2209,A
005783b6-3f06-4a94-9a6c-8cc6c8883146,2021,2209,A
251c065c-8750-497e-a9da-3bac7602dbb3,2021,2209,A
fdfe15eb-fc25-439d-853c-ff2a7bd2525a,2021,2209,A
bff4431a-6306-4d84-b41e-c25bc41632b1,2021,2209,A
2c7682f8-899f-45a5-9525-e85d233deb4c,2021,2209,A
560eb7ec-7751-4ffb-bab9-a95573892b3d,2021,2209,A
30361ecb-1a6e-4217-91c2-c445fe0f5c4b,2021,2209,A
a7cbedc8-64d9-4682-8761-9e9132415d45,2021,94762,A
3ed20efa-6e1d-4067-9372-5812d6212a83,2021,1047907,A
775d204d-fea5-438b-b87c-94ae94ae4d64,2021,48675,A
3791d433-384b-4010-bee6-05b2870e5dec,2021,1042278,A
8a82c196-b704-4068-a53a-ab080b79be90,2021,1042278,A
b42fe074-245b-4806-8ad3-d09c82e2c138,2021,1042278,A
58537405-bcf3-4d15-966f-d0c683c7a690,2021,67601,A
a735aaf6-0a52-47ea-a422-a5998fa60b9f,2021,103062,A
8fa1c21c-bf9e-4268-9615-b5b69199cf1f,2021,103062,A
6e1f53be-7610-4f21-b493-4c5e39d1ad89,2021,1385488,A
b9bf6158-289c-4e0c-b2c5-ceae8909b77d,2021,1385488,A
b4870bd9-876d-4c9f-98ee-e087efca83be,2021,47051,A
c954ce8f-6c61-4715-bfab-b6ede6ead3b1,2021,22061,A
4c380001-8e28-489e-8985-fd6a1f2e139b,2021,1161716,A
80b0ddb7-41d7-47cd-af46-0d78408e1096,2021,1161716,A
6523b83e-f8de-4115-a067-eb9913c6d5f6,2021,1161716,A
d0182c63-5c15-4603-8057-1856dfa583fe,2021,88084,A
a95fea9a-8f1e-4ba0-90ef-da837e027888,2021,19047,A
4bdf05d4-0321-483a-aa7d-192ba7dc7535,2021,9425,A
d70c0c8c-522f-4468-8691-79e533e751ba,2021,49054,A
d5c99094-c248-429e-9db4-bd31f46e8afd,2021,49054,A
07d89a6c-fe0a-4470-bdd9-1805716bc581,2021,1306689,A
d758add0-825e-4d60-b4d5-15f49c25495c,2021,1306689,A
ec969ed3-c8cb-43be-a500-f07812e29cdf,2021,1306689,A
164af6cd-cd22-4076-add2-8c3386846212,2021,968,A
b530d503-2d1e-4e6d-a969-233989eab6c2,2021,1118057,A
4d27cced-7926-4d3f-823b-7b782eb0fa02,2021,90030,A
e68138d5-4cb0-4957-8e70-b0288a9257d9,2021,317,A
bd55e4b0-cd75-40df-92a5-9604227f510e,2021,317,A
1b4f0528-1b3f-43aa-90f5-13fb51116f7c,2021,1102628,A
13a1040d-f92b-4e92-99a3-403e165ca32a,2021,18250,A
082a980f-67f4-4b33-b69c-9d16b96c2236,2021,968,A
19fe9853-c260-4844-83ce-d0f366e7c8a1,2021,968,A
bc39d21c-f290-4cdc-bfaf-2066c2bc04be,2021,968,A
58201ebe-2995-4fe7-b236-449079a9d76f,2021,55777,A
98a3a133-0cbd-4f26-a357-09d58a227b36,2021,18683,A
0a043ef1-9310-4b22-a402-2608e00aafb2,2021,18683,A
b1f5114b-d003-41e6-a636-861c111c4c14,2021,18683,A
73a06aaf-5129-4db6-8d9e-3ebd46c3f917,2021,18683,A
729aad11-6f6d-4812-8a65-5215845edcdc,2021,40343,A
6db03d46-743b-4b2a-b37f-ee097aed6302,2021,40343,A
855d8f61-0321-4a77-b537-cd2745b3ea13,2021,50082,A
f2dfff42-0a2b-4b9e-b8c7-a3cac40c8146,2021,50082,A
251269a8-ad1f-49d9-b544-7637510e8eb7,2021,5000951,A
2c2ab7a6-2c72-4436-a9df-c68b86ea52ba,2021,20009,A
34d5c943-921e-4c8a-af9a-ca4c5a0d5038,2021,20009,A
fceeaad1-3156-48b6-bfb9-58955121bd04,2021,1204325,A
953ef333-cba7-4b0f-aaa0-5aea533fe691,2021,40343,A
4dbc1efc-531f-4406-9873-6429d7c8ec85,2021,13595,A
c7ff8de6-85ae-496a-aba4-0fdd2fade1cb,2021,98595,A
67cf8831-8bcf-4cd7-8098-859abc576e22,2021,98595,A
ac8a9909-6924-45ad-99e5-0ce06fc342b1,2021,117532,A
3d506003-1657-4b8a-8a04-b6216c18e161,2021,108660,A
c3cf0192-e8e4-4c62-9c2c-50f378b728c3,2021,108660,A
73174939-cabb-4531-b3e4-1e7da433a4d8,2021,108660,A
330f220e-53ad-45b5-88a3-61a94d6599eb,2021,108660,A
91bf7993-7a02-4b92-8bc2-72500caadae1,2021,108660,A
45d8c3f3-25c5-4df2-8db6-e8423a2857b8,2021,108660,A
55ae02e5-468c-4596-abfe-12f2d8bdad79,2021,108660,A
13e92236-c509-4469-847f-6647f0285952,2021,108660,A
454fdee4-1656-45da-bbc2-9bb38dc5ae2f,2021,108660,A
09170a94-a0b9-4458-a4a8-9db0290ef64b,2021,108660,A
05ce3752-9435-4053-af61-8f575ec03c0b,2021,108660,A
b2acd72d-69dc-4ef6-9cc9-7784e6147da7,2021,1117717,A
5c5f97da-ab9e-4983-8b12-5b6c70ea4f02,2021,9425,A
5dd498d1-ce68-423b-ab89-b12341681c6c,2021,9425,A
60c92735-727c-48e2-9e3d-6990de09d91e,2021,91262,A
8bc391d7-03f6-4cf7-932e-5350cfc459fa,2021,62484,A
9ee179b2-88cd-49e4-bada-4bc47c418227,2021,62484,A
ee4edb58-a9f9-492e-a0fe-bdd6eb02eecc,2021,117532,A
5c08657a-83be-4862-aec7-7e03e34525cc,2021,47069,B
c4a50b19-63b6-45f0-92d4-e530238b2422,2021,41238,B
8b83ca01-5fa8-4bc0-a331-cea9e778c59f,2021,1351760,B
557723d1-e87b-40a1-ab22-f646d27261d4,2021,1300284,B
38b510a8-599a-4af7-88ba-13af75753cc3,2021,13401,B
5296b08a-b996-4d2f-85cc-5dc5d6d31950,2021,13595,B
7d7c1834-1eeb-45d8-b57b-5c0820ab6c05,2021,1351760,B
40e5be12-a718-428f-82f1-745611a2f85b,2021,106996,B
93605698-dd08-4060-afde-3940d724c40c,2021,113687,B
c4985c47-7a0b-41ec-8ebc-3d2d4abf9a49,2021,43664,B
da2c22c8-4f87-4110-9245-f109e6d05cd5,2021,11452,B
74af8201-c3dd-41ec-80a9-7df4d4e69134,2021,1299927,B
938d8813-fb4b-4e80-8f96-cf861569ce84,2021,108660,B
0f781114-e644-43c7-8e50-47de1b858126,2021,1376131,B
af9df8c9-ca7d-4280-a7e6-55c4a92a5f9b,2021,112086,B
a9bbc8f1-af4e-4297-9b9e-3c86256658fb,2021,13277,B
75812eb0-c716-4dff-bba2-1a8c24516f1d,2021,1117717,B
087e31d1-58ec-469a-8198-6c825ae5a2ad,2021,1322390,B
8bb4a956-41f3-414a-be53-77111bb7e9bc,2021,95017,B
29b7c77b-bef7-4960-9246-e8e8cfc23c93,2021,13446,B
2f074633-0489-4881-8d73-1ac2efe3a067,2021,103062,B
2c5eac1e-cc54-4d82-85bc-4dc223b80796,2021,1181327,B
afbff787-39fc-49d0-a664-c8c54ed841cf,2021,1190071,B
a5e01a75-c32d-4d2e-bab0-25fc7eb2c1c0,2021,118994,B
1ecccf5c-72b6-4184-b980-faf063b3644c,2021,11452,B
e96f8172-c79b-49c7-98f8-98331c3494cc,2021,98305,B
df1459d0-526e-4235-b45c-91d53f15e54b,2021,108660,B
e777887e-36cd-488e-b8ad-94fcfc77162b,2021,43664,B
7847037e-7fff-46f4-b195-7689ff093029,2021,968,B
6b23f4d1-10fd-44ad-8a30-5ada59ec0fc8,2021,1132918,B
31115db2-65d0-4b40-b5fc-54f8db3a3b12,2021,95017,B
11dfa235-35f8-4b19-8159-54a258bf884f,2021,118994,B
61b30132-ea3b-4acb-9423-7e85a3aea8f4,2021,11452,B
544caa31-0d4c-4e69-b3d7-04d29872a793,2021,117022,B
2b4fe769-c826-40b4-ad90-8cae88f60319,2021,101942,B
faf67f0b-51cf-4ba3-9ecf-272c78279ff1,2021,1318224,B
891734bd-9281-4220-870f-c47b44497dc1,2021,87396,B
1d215ef6-3d29-4890-a9a1-b669e7f22f5c,2021,18559,B
20794b90-bc2d-490d-a461-e543c211c10f,2021,117022,B
bf8f6021-44f9-4400-82b6-3991f40c8e6a,2021,1330347,B
a57eba80-ec8a-4943-ae78-d16d7e2eef62,2021,1181115,B
5bf9159a-cdab-470c-8c0f-2e44850f65da,2021,97778,B
9b1e620d-e475-49df-9953-ea040fd5b593,2021,1166783,B
5ba90a70-ee13-441a-b61a-72211e566f95,2021,97778,B
6b8455c2-49ca-4383-aa8f-bded21878937,2021,108660,B
6c31c879-1bd2-4f6e-8d11-c27a3c3ab1e7,2021,116770,B
5e69fb57-0404-4c4e-91dc-f5d2531667bd,2021,5000143,B
bb7fd2a3-2490-46ab-964a-bde9a31f0bbe,2021,13446,B
6ba676d8-cca7-4198-b3f7-360a90fea0e8,2021,1376181,B
13916f61-b7c0-45a5-a17b-3d7b9bb6942a,2021,9425,B
bb29da2d-68bf-4ba9-b019-375714e28f79,2021,18559,B
d2d6a09b-49c3-486a-ac5d-51c9b89326b5,2021,97778,B
9375951e-33da-4e91-bb6c-5ad1cadd753f,2021,97778,B
ff71ae6f-8eba-4364-b8fd-2fc74fb15abe,2021,104360,B
36ae001d-07be-420b-8c5d-60f46e8ba0d6,2021,57606,B
8b723f39-1635-41a8-9060-7aa77809bfca,2021,18671,B
a4337696-191e-4068-beb4-9f09a84eac48,2021,19047,B
08c3b2f0-4775-43db-8efa-f70e21729364,2021,5000135,B
e3f7ecd7-8065-4f78-931b-36d751fc57f8,2021,43664,B
a24bc6a0-1348-4143-941a-2082226d4616,2021,1376181,B
7955c359-20bc-45f5-8a71-53d2b7008111,2021,19042,B
89140d74-51bd-4726-a8cb-64025c3c19cf,2021,97778,B
4b2cd87d-c497-46c6-b0c1-7dde2577c914,2021,1314243,B
e6037aaf-c37a-4547-afdb-d08abc123e58,2021,1132918,B
597c4424-e0a9-4d8a-a36a-f414cb1a8b6c,2021,74737,B
ec6eaf28-c636-486e-ad4c-81cb653fc94f,2021,13446,B
eaf0548f-262c-46e0-a15f-d7edb167c2f5,2021,1267543,B
2820611b-4b83-42b0-9ecf-e1ac73574314,2021,1190071,B
6deea507-168e-4814-9cc3-6b6fe27e9b80,2021,107360,B
eed2b133-ccfe-455f-80e7-874d73c7deda,2021,99820,B
038be2dd-5f67-4f94-a54b-e1687f5da0d3,2021,101830,B
b01da837-0da9-4bd0-ae3d-07b72daf4317,2021,2209,B
7350f8bc-0d50-4150-afeb-bf3cb82704d4,2021,95017,B
e09a53a5-b0b3-4e66-a10b-111dfc9eabc7,2021,101830,B
ecfbc133-1645-4e8a-bef0-6a07ef8cfbd3,2021,108660,B
a203bc98-7a22-48cb-85b4-e047a1451ac3,2021,1166783,B
3dec86e2-6f16-4707-986a-5f2cfd801097,2021,20239,B
a7c1f280-fd9a-43ea-b4cb-55fca2313a75,2021,62484,B
6a75aa9b-7738-403f-b854-d23839966bb5,2021,11554,B
62a0e3ce-c731-463b-8389-f2da837d4939,2021,13401,B
99d08c12-6a32-4c9b-ac76-c44ca0dfeea4,2021,1101244,B
c30c0931-f2db-4c88-80fb-69902a13276d,2021,1379275,B
e7ebf6a5-c22c-400f-bc80-2ac3a8342103,2021,2209,B
30e9ba7f-4cbc-450c-bdf0-cc106f06a445,2021,13401,B
f5c606c1-68c8-4dad-bcb4-dc34523656b4,2021,1258063,B
5817f2a5-73a6-4473-8b28-52782360b202,2021,1314243,B
50597d22-2fea-4270-bfe0-2f548d2602fc,2021,1190071,B
c04ebd06-5f1b-4e44-8f45-34685d17004b,2021,11452,B
79ed5be6-58d1-4b50-b35b-1615df4a8e9d,2021,103062,B
a9fcd6d4-fc33-45d3-8cba-470dddcd4e87,2021,20239,B
989aa508-448c-409e-ae78-ec842770309d,2021,318882,B
d91b4abc-c4c7-47d8-bc5e-e64ef40d368e,2021,1283028,B
22180985-74ae-4452-a834-532cc5c834ab,2021,18671,B
452cbd88-93c3-4eaa-a4e3-98e2e8af5266,2021,90030,B
e08ef22d-5e54-4d68-a3c0-3209a05675ba,2021,41238,B
a7aac32e-7243-45cc-9347-e1206075eaad,2021,1101244,B
07cd3658-a768-43ae-bb02-7a61b5ea2960,2021,1272079,B
8f5fcfc6-851a-410a-a07f-2830998bf0f2,2021,18559,B
e4912599-8c87-4f6c-8f1d-c76373709801,2021,13595,B
96c1e3a6-3702-4bb2-ad42-dcb64ccecded,2021,103062,B
b8e82d63-df08-4a29-8839-d2c00ad9cd83,2021,103062,B
908a19c2-a06f-4d5e-befd-0c2c88238723,2021,1314243,B
488da2ee-6ebf-4d13-a430-9e80a08fa777,2021,11452,B
4f7969ad-63f5-4537-a4b3-c9dac7bd550b,2021,98305,B
b380475b-c1d2-423b-ac13-683404875dec,2021,1351760,B
8d778805-e181-401a-aa99-84e5c5eb9919,2021,118420,B
55dbc75f-5475-443c-937d-944767a70b12,2021,13446,B
ae00dfc1-ea88-4d34-b03c-931e4794df01,2021,1118057,B
73017d4a-ccf7-43ad-babf-e267ce7a7de5,2021,68930,B
e8e746ad-bf40-4aed-aa48-621c6842b3a0,2021,20030,B
97e00b3c-faa6-4583-b1bc-74822d51b88b,2021,41238,B
74b6b905-0815-40db-abed-ab780894ae21,2021,87396,B
0b2d52fd-f803-4f59-9255-011a1a2da951,2021,5000135,B
e09b6108-4da2-4bd8-8c45-4e685757f665,2021,47069,B
2be2e79a-fdf8-40f5-9813-90ee828ae224,2021,18671,B
175c5706-00fc-4c88-a776-2fc2a44f21d0,2021,1132918,B
6710c272-b032-4595-90d1-c78ba0d22197,2021,13980,B
758b2a56-5f44-4fed-9857-8a9327e0ae23,2021,1330347,B
b06f5754-24aa-4cac-8f72-ea315e0242a3,2021,68930,B
871c8fa6-d6cb-432c-a581-f30e691e873a,2021,103062,B
597cc6b6-e113-4612-bd86-7c0de707c5f3,2021,1190071,B
d6ca64c2-55e8-4bfd-bc7b-3f72f4e30426,2021,74737,B
6c4e38e7-de17-4e1e-acad-590bec8ad794,2021,107360,B
fcb7e4ae-900a-4865-9c05-0170fb265679,2021,1269545,B
bbdffe39-742a-4e08-8841-680e84884457,2021,1102628,B
1a777f8c-7afd-402b-a181-e3e0f17652e0,2021,103062,B
d3ed2eb0-d37a-4069-8b4d-3402c713027b,2021,1118057,B
dd1f5c16-52cd-4d85-b1b9-1ae5c0a5c520,2021,99406,B
4964d705-4f23-49fc-b287-24c1530aaa2e,2021,98305,B
739da55c-690b-4826-861f-155ddface534,2021,11554,B
f61d2c26-79bb-43e8-be75-6a7d0ee14e24,2021,5000135,B
2521c930-08b9-4100-809a-1bd3c825c856,2021,117022,B
56362a65-6ac1-4587-ab90-de5dcd673d7c,2021,1283028,B
18bc3d9c-2792-4727-bd25-0dbf61c56bda,2021,20239,B
c4741576-9593-45bc-8f17-d37d6e9f3546,2021,11452,B
c6568126-dfac-414c-bfb6-05cd89051ac4,2021,19042,B
f04af48f-e347-45cc-a767-3bcf3d430f30,2021,62484,B
daf1d168-8652-49db-86a7-9a3d1e57d7f3,2021,5000135,B
6b863458-c920-4415-a789-56a478032769,2021,1318224,B
ff260f46-66eb-4a8d-bf87-a6e4534f56e7,2021,9425,B
d351f652-8ddb-4464-a3d4-e4caf17ff50a,2021,99820,B
d5fb29b6-ea77-4531-948b-6ddc9a06e644,2021,513,B
ecf512f7-a793-4bd2-aa0a-5967f845b331,2021,18903,B
dbb4f73a-8c48-4ed5-a8ac-f054f7215efe,2021,513,B
1b6b069b-7603-4ee7-8216-f781deac4389,2021,18671,B
1cd4e432-1de9-422e-a942-30597417f528,2021,1118057,B
8903192c-3d46-43d1-8ace-a9bb22c5952a,2021,1288839,B
236662f7-bcea-48fb-a9a2-8a2c03c18e5a,2021,97443,B
ea5701c7-c74f-4f99-8c5c-b5d162312388,2021,1132918,B
8c6e3173-e091-40e7-a20e-05e44d79824e,2021,18671,B
aefde38c-f2ea-4ddb-862e-33c5fdb2e16f,2021,1102628,B
bab832b9-c196-48ee-8b97-93986d839529,2021,118468,B
03430c27-00cb-4b76-8e2d-c50dc485478c,2021,1314243,B
1e7fa59a-0897-4deb-b0cc-e5a26504710f,2021,1272079,B
b8ef72ea-0bfc-4a84-ad1e-cc3da62da1c9,2021,62484,B
b4111b33-dbb1-4013-8a10-f12125adaf24,2021,11554,B
c4542afb-5a63-4397-8953-4546e9b2d08e,2021,87396,B
8702990a-7960-41e6-b70a-5ca32429099a,2021,13446,B
e702e298-83bb-4334-9e46-2d01d4dac723,2021,13446,B
18555021-f202-4378-bacd-5a3a59286dae,2021,13216,B
c6a0e11d-2a8a-4b6c-9481-c7da68ecc457,2021,513,B
733c905a-533c-40fe-9f2a-ee3fdfc64ce5,2021,1113582,B
de88663e-6a4a-488a-92aa-a145db56f624,2021,1113582,B
24071571-e526-486f-9cee-e0f400f87c89,2021,99820,B
34ce90e4-5d99-46fe-81a6-0daaca97fdd1,2021,86318,B
abff5bd9-3291-4c34-b7cd-ce2b990f37bc,2021,86318,B
bad9043f-eeae-492b-8692-d16c02d7165e,2021,98305,B
c143521e-2b52-4a85-a230-22d90cea0395,2021,86326,B
33355775-1488-4654-9297-262461fc965a,2021,107360,B
70cc4b49-56c4-4b88-8541-04e122e9034c,2021,107360,B
53ff8056-3fde-4bd7-b4d9-9efa63407816,2021,13446,B
beed2ca3-031c-472b-9565-8fc2b864f67d,2021,1110857,B
82b151d4-b488-47bd-8486-be3ad2cc8969,2021,1110857,B
59d11229-64ea-4f39-a890-633be2872f08,2021,1110857,B
74d37426-1f75-40bb-824f-cf213f91f02e,2021,1132918,B
a8be3893-8896-4793-ba2c-2ad51a4cafd8,2021,99820,B
1ab3e6a3-133e-423a-b554-3312a42bdf72,2021,1270680,B
e85a066a-1b6d-4946-bc73-03ebc8ad0219,2021,12025,B
1d4de861-dd15-4fe2-818c-14bd4247841a,2021,1270680,B
b19666f3-69da-4eb6-b60c-9c7ebd9fbfa3,2021,64664,B
115fdd65-8c87-4720-870d-d8390d143d7b,2021,60886,B
791ee4e2-fe36-48f9-a0c5-3df582b3d20e,2021,60886,B
be1c968c-91fb-4ccf-b95c-ea54b75286c5,2021,116770,B
4c07abb3-5d84-4e5b-9d83-88e6ed962d49,2021,1166783,B
12b56052-cf3c-4e46-a668-8a0d54c3b358,2021,12313,B
65cc604a-eadb-4591-9cbf-167736d0bf7d,2021,5000951,B
882ee28d-3d79-4f1b-840c-11c1585ce7c8,2021,1376181,B
cb0a0537-95ff-4be9-b5b6-5bdedcd9c2a2,2021,317,B
6fa98b9e-69de-4427-b58c-f7b439f7d50d,2021,108660,B
6bc7d2a0-78ee-4ea4-9ede-760afe8183fd,2021,108660,B
b15137f0-77e4-4f4e-b08c-fce0be1beab1,2021,108660,B
cb2d6860-4389-4a49-993f-f099a80f3e19,2021,108660,B
5d38ef0e-4835-4787-9fa8-a94b7ff8b7cf,2021,88068,C
13a005db-6d67-4a5f-9d60-fc60d4a70bf2,2021,106996,C
9aec6270-4f9c-472a-94d6-cd229206453c,2021,968,C
98b67034-cec1-4f5e-9eba-2394cf738b63,2021,91181,C
98b89e42-8ef9-42e6-8974-74dc4d364fb9,2021,49071,C
07569911-2937-40dd-bed5-fcd25dce67a5,2021,37862,C
1055fee9-c309-4146-9a2e-d790c9093fb3,2021,47505,C
d567606b-50be-4a95-8ca5-4e595a1fe455,2021,106167,C
8c22c311-35f3-4c06-955d-b7625efd5863,2021,108660,C
62924e65-3abd-4c93-8262-16dc15a24842,2021,1117717,C
9334421c-8f9d-4035-ae75-721ce00000b0,2021,968,C
56e03327-5f6a-4d84-85cf-4bb95ae72822,2021,317,C
615a1989-2f5d-405d-ae9a-8cc530bde203,2021,1203177,C
24d5e723-1042-4205-9114-992943947eff,2021,18671,C
8b5fcad6-a056-4b83-bdc9-c94793b3768a,2021,1376181,C
8de9e747-1952-4e7b-99a3-868620f019d1,2021,20030,C
025575e4-f98a-412f-abbe-ceff5ca1baa8,2021,48675,C
75e27f89-3a3e-47c0-9b0e-7ada333902db,2021,1314243,C
760e1bf1-c5f8-496b-a46e-c264a5244b6b,2021,108660,C
0a9c087d-bf4c-4a8d-a44f-bafdc4ea77f3,2021,1322390,C
91d8567e-eda1-47f4-8332-a1ce0e03536f,2021,19042,C
4bc6914e-8b3e-4b36-b887-0790b28fc121,2021,118994,C
21723cf5-b224-46d1-b436-16f9cdd57b4c,2021,107422,C
5965daa3-d840-4acc-9330-6289f8107a3b,2021,1299927,C
851638ee-4d0a-44a9-ace0-1f31ecf259f6,2021,106996,C
035a2091-f316-4ae6-8c81-34d1a465f302,2021,106996,C
2e6da12d-89f0-4fd7-a5ec-94a8db9d71f8,2021,98595,C
0d590a49-1e47-47d8-b93e-e9f7cfb3aa1b,2021,9425,C
3cabaffa-0803-4976-b35d-16cf0227d950,2021,118994,C
2cf49e3e-9bbe-48c6-b806-b2d0b7e86386,2021,101942,C
e222cbd9-bdb2-45fa-b57e-2b123c16a5cf,2021,74737,C
edfd4e9e-ad9c-43be-a61b-f7107161191a,2021,9414,C
7af3492b-7205-4dc8-b4e4-dd43f9b0459a,2021,106996,C
e56b5e7c-d929-499c-a625-1a0439cb9b23,2021,19047,C
4ce73a62-9388-44b6-951b-f70b525ba1f5,2021,106996,C
fe4df083-5b16-467d-872a-021bb42d2856,2021,5000135,C
1daacf75-f590-4e19-b959-4148434d6fc6,2021,106167,C
c1f7875d-355d-48d6-9b1d-986b01ed5492,2021,13595,C
a2e41596-f668-43d6-9008-d534af3afdff,2021,968,C
c34329b6-f5ef-4266-b5ee-2c42770f2d38,2021,108660,C
f834c56f-d960-46bc-b80f-da3336f4e86e,2021,106996,C
097c967d-59d2-4d6f-9be2-8e6e8bd02907,2021,47069,C
1502a5e0-01f8-49fc-af38-572794e8fa83,2021,106996,C
3950a142-2feb-4d62-8b9d-844ed16e11a6,2021,1148708,C
94ec9880-a6bb-48a7-804f-9faa05077352,2021,1351760,C
da72e165-9be1-46d8-acfd-593c5517ff43,2021,1070485,C
69881ea3-e546-4367-9eab-f04854bcc313,2021,1314243,C
95820ba6-48fe-49d8-a0f9-93534841b196,2021,317,C
2246d3f8-1936-4361-baac-9b9f0440c734,2021,101942,C
5393c380-8f9f-4861-935f-c2c1d5d6678a,2021,1306689,C
bac4d5f9-a74f-4186-bd72-d4ddf230ad8d,2021,1267543,C
52160018-bdae-4802-a5ba-8cd61e651e93,2021,1306689,C
ac540c15-9be5-49ed-8a6a-68edfee60007,2021,1161716,C
a55a5c2b-db15-408a-91e9-217e0641be05,2021,43664,C
c8e223ad-4905-49f7-b248-c12e594684e1,2021,317,C
38cd342c-1881-49ad-84a4-dc695317bcec,2021,101942,C
11360f6e-ee82-4f90-aee2-2cd0132fa787,2021,91262,C
08e2eca0-a5da-4a67-9ed3-fb3bf58077e4,2021,64664,C
31e5a930-ffc8-4d7a-a2f7-5620f0a0c492,2021,1181115,C
ab3e4289-4a4a-4204-99ca-97dda4f233ba,2021,50082,C
5a9ac13f-de6a-4de1-ab5d-93b216bb8f8a,2021,98595,C
c2732786-da36-4e8f-85e3-873c7aea8af6,2021,2209,C
849eb258-8559-42aa-a599-f5f68d4e40d2,2021,1351760,C
1b919e19-efc4-49ee-993c-42b316b3817f,2021,107920,C
6c81b7b3-7d88-481f-a071-b6239aedbada,2021,97778,C
2b5be2dd-5b13-42a3-aa5e-49e5182d569e,2021,43664,C
64752518-b302-492b-95b0-e4b73be67a19,2021,5000143,C
e49a0ae2-19b2-45a9-95de-83d159fbdfde,2021,317,C
99f2ba54-94bd-4620-860d-61723cb80478,2021,1136142,C
c9894dbd-8f32-4c23-816b-4778842038fd,2021,59122,C
747a1a0b-26eb-42d2-a2f9-afd4f4fa7162,2021,1166783,C
f820a496-1b3c-489b-bb01-3e4ed0d9640b,2021,1288839,C
f93045a5-3eb1-4b4d-991d-519c14d20420,2021,1265453,C
95735111-e15b-4f5b-8f16-34f71234f285,2021,1148708,C
7a94ee02-0c05-429e-84c8-fcfe84b83a77,2021,1376131,C
87a1bc7b-0bc2-48c0-aa21-cf2afec5b776,2021,108660,C
be8e05a0-b9d9-4388-966a-bfc94398926e,2021,107360,C
08c8fbc5-8684-45f2-b486-c108ec0882c7,2021,106996,C
5218ca76-ebdf-4391-a8c0-d83a04b4cf5c,2021,106167,C
3095bc95-7de7-45e6-ab16-6d7c1f873e6c,2021,106996,C
82f8957f-bb53-4351-8dfa-fd69e3456838,2021,94762,C
cffe27bc-5074-4dce-9036-0835ee186949,2021,1118057,C
b61025f0-d6da-4279-9af8-15d4b6372d26,2021,1351760,C
e9b26d74-8cd2-4455-91f3-f0328b6a4e43,2021,1070485,C
e6c1aea8-b812-46ca-95a7-571b5ed463b4,2021,1306689,C
af69c084-adbe-4fbb-9381-6019e3d301c5,2021,22047,C
883bcde1-416e-4959-b1cf-9876cf51ea51,2021,1288839,C
23bfa710-8268-4078-81ee-0340aca42e6b,2021,9425,C
15c5800f-6667-46ba-88ba-748ac78fdd38,2021,9440,C
00b18cd3-4345-466f-a42c-b8233537e191,2021,49054,C
21119ca3-3196-451c-a7b8-02dfb0d57438,2021,1314243,C
bc838f4a-a46a-4216-9069-c47db3db484e,2021,9425,C
36fc0708-a2af-42de-b4f6-a4c5d927784f,2021,1267543,C
20e63faa-9547-4039-bfd7-1ac2d3faa44a,2021,106167,C
0751fd2b-0ac8-4582-87cc-68ebe51826ff,2021,90030,C
fe5ed5bb-3935-414b-8a21-1d46a0c6fc93,2021,1427745,C
2ef98e7b-35de-495a-b481-fb718674b47d,2021,1270596,C
5bca778a-9012-4f20-ab5f-997816d3b776,2021,1272079,C
6e7d096d-a975-4bfd-87b5-67c5bd5c3891,2021,1181327,C
3f0918df-7c45-4ce2-b355-9c709258cdf2,2021,107360,C
1fb8f3df-5ded-4eab-bc59-cbf244a53683,2021,5000135,C
fe117bd3-e6ce-49ad-9116-b7b8d30d51da,2021,95017,C
182288ff-3e6b-42fc-a7a6-9f1e9f368c73,2021,106167,C
971e6b9e-1382-41fc-a8f9-7fb1e9e01bcc,2021,98957,C
17945017-6470-4ad0-91ad-5a901cfcd908,2021,1376131,C
90d62232-232b-478d-839e-9011b6d03ed3,2021,1047907,C
0a10a537-5829-49fc-9185-b240bedf7c88,2021,1376181,C
b42d5b41-d1eb-4e1a-9fad-b640b9b9e1ef,2021,49071,C
a9336f84-9e4f-45fe-bcbc-2b9123050a0d,2021,11452,C
a7e5e839-db85-4183-86b1-cb7b3c8d6dba,2021,20030,C
f6af08d5-7f6d-4528-a825-caddd090a388,2021,64664,C
a44de473-2b6c-4177-8267-3b5c6d5fe8a3,2021,55402,C
26739f78-539e-44b7-9c49-43168bb8172b,2021,5000143,C
8d0ceedd-21e9-49b9-8aa2-16c833dd228a,2021,47505,C
fcc6795c-6033-4166-9a1b-b9c55ced26cf,2021,11554,C
ecc983e1-6157-4b2f-a305-db0f53f52ca6,2021,101830,C
e940c6f6-0677-4221-8bf7-2129da7a600c,2021,5000143,C
367cf1cf-5c09-411f-a942-acaf571eac9e,2021,56172,C
836f459e-8a41-4475-aa72-64b7845d8b6b,2021,116770,C
98cd9c02-de8d-4e85-b5b5-d43220ea8f4b,2021,62484,C
01c152b8-fad5-4469-8233-27e1d5ae5260,2021,968,C
e1394977-15e4-43fa-b384-12d638fe7e3b,2021,53333,C
22c5405b-dee8-45fe-b7ae-3b3c663a4fc5,2021,1136142,C
8f9408c2-52d1-427d-ae04-de719a234de7,2021,47478,C
111a8613-b0ea-4569-a8a4-9b8348eab441,2021,98595,C
d6151200-7a5f-462c-a500-f48d037c3b3f,2021,98595,C
9380882d-2b1d-47b9-b575-265e55e49bcc,2021,1318224,C
67681d77-feaa-4f2f-9a4e-20a07a5163d3,2021,102590,C
0cc7b3c3-4373-4d45-bb6b-1febc1ac80af,2021,317,C
b9122cf9-3a11-47b3-942d-65474bb7db36,2021,91181,C
e2442a60-244d-4abd-84c4-775570a1b92e,2021,1136142,C
20ef4f8a-6f7f-4771-8209-69e490995760,2021,98595,C
bee0fd14-c52c-4c95-a755-dccb8cf48a09,2021,102590,C
fbfe715c-8bf6-405f-a73b-7cbf7a1cab89,2021,106167,C
8c53fb70-afb8-4e03-a457-62c980964de2,2021,47051,C
585ae8a1-20e2-4089-91be-a04a1beaf33c,2021,13595,C
61be757d-3856-46dc-a77f-b18194dae4a6,2021,117022,C
a04d656b-e6f7-424f-a500-df72052f754e,2021,1181115,C
a89e9d9f-9375-40e7-8916-a3356b4f459a,2021,19047,C
2b91f2b7-b4f2-4e0d-8534-4daa9b080d85,2021,114616,C
d621a48a-2ffa-4603-a3f1-e7d0f9b67265,2021,1288839,C
9ec53851-2440-44ff-bb3b-c2cfc7e45c25,2021,1314243,C
d483cbf5-4d71-41f1-8c33-de25021bd22b,2021,64664,C
d6658f2d-cda2-49fe-bdc7-363087bafc6d,2021,98013,C
de7ef04f-45e7-44b6-ab86-10d94e3fe85d,2021,968,C
121f22de-84ac-4b7c-bbd5-4215759ecc2f,2021,1269545,C
a4ec6594-b56f-48ac-8aad-0dc5ee9d5399,2021,101942,C
c1cc1d83-6418-4596-a515-a4b2e7c9b737,2021,101942,C
c74e5086-1a1a-48ea-a891-35b8eb567164,2021,20030,C
861c299a-1468-4eb6-98e3-21d0ba2d807e,2021,97443,C
b21ec964-2587-4032-ac30-9e8011bc95ef,2021,13595,C
230550cf-824c-4fea-bfd2-3e8625faa5cf,2021,1148708,C
c7243038-c86c-4ea0-9e7d-00c9530de384,2021,116770,C
94f5b104-97e6-4201-9eeb-077f433b6136,2021,12313,C
6e587b30-d746-44d2-b308-dd624ed09f03,2021,107360,C
38eb8a07-2f04-4782-9933-5b7c78ec0468,2021,90030,C
8fc67051-09f4-47a4-af45-f399f75fd063,2021,48205,C
3d8aa55a-b8bd-475e-af83-1c7693ab815a,2021,13446,C
dee4906d-ca76-458f-88ba-530781d9b794,2021,5000135,C
9833c9f9-36a2-4ccb-bfea-279a08f50ee4,2021,46377,C
5a8efd55-5cb3-43e7-8539-ed5e5f1653bf,2021,64664,C
85844503-325c-4e76-bbb7-ec89e1670bc1,2021,9425,C
9e2a8446-e71a-4897-8e48-90b224ade0b6,2021,95017,C
ad28507e-73d8-4bce-bc50-0693eefb6284,2021,95175,C
ee68b07b-7170-4ea2-a788-27a2f84dd13b,2021,5000135,C
151d42f9-2089-4d04-a88f-ef79c43a1377,2021,1306689,C
cbbd80b2-616e-4afe-964c-0b35ca7e9be8,2021,18683,C
701ffa95-ce86-420d-8408-9065b2671e61,2021,98595,C
520477e5-5db6-4229-af25-9f1ca0920e9b,2021,1314243,C
7cfe1d3f-6d8f-49b5-a979-4fe41a7e5dde,2021,112086,C
63b0d60a-587b-458e-8b2c-9e6b5207647d,2021,107422,C
9350f0e9-29f3-40d8-bac9-0e18d9084778,2021,13446,C
d4863636-4e9e-4b96-914a-f2480f6e074f,2021,1187671,C
5e4cd737-519d-4342-8f5c-07e0af664480,2021,118994,C
407d57b6-38c1-4969-a175-e6dbee196485,2021,21464,C
399a6795-34a1-4284-949d-ba283f7e2f27,2021,56172,C
b9d1a2df-159c-449d-9fd5-5e5037914b2d,2021,1351760,C
57ac1840-d6d4-4304-816b-0316c239b5ac,2021,116770,C
8628e473-1f06-4fec-8333-ca050d9e014f,2021,1190071,C
f87543b1-a703-465e-ae68-6773e0fe13cb,2021,13277,C
26071a18-3f16-4d83-98c7-0d1eae352d9e,2021,19042,C
6b455fdd-42f4-4bf6-989b-7f89f6637fbd,2021,1102628,C
ab195935-5d62-4e15-9974-24efe09ce292,2021,87396,C
9bb4d557-b9a5-4d56-8fe6-6377a8404b5c,2021,5000135,C
302ed256-fce7-440b-b454-6348b123441f,2021,41238,C
a969903a-4d37-49cb-877a-2c65fd424ce1,2021,13446,C
403e82d8-fe08-4bd4-8f02-714ac5211342,2021,46377,C
3bafa660-6ffe-463d-87a4-bda8449f2b1a,2021,48675,C
1f1873af-1b66-44e7-a800-ab36563430aa,2021,102590,C
e48c4713-6524-43e5-bb7d-a6e1a95772d1,2021,67601,C
79ced222-405f-4f84-a7c1-4dd34dee6f44,2021,1376181,C
3033d645-e720-4d8d-8866-36ad75f1ee19,2021,47069,C
132dafd5-99d9-4fbd-ae64-593377ea004e,2021,116770,C
4f0a5211-3336-41f7-b727-857e94463735,2021,1136142,C
aa99cf1e-c171-4145-ac4b-35cf84054423,2021,47069,C
4bed020f-3851-42fb-8a30-16de6a4d1479,2021,101830,C
01638e5e-dee4-42b9-ae3a-0d394e58b759,2021,62484,C
3257c4c2-a653-4ff3-993c-911f2d291768,2021,53331,C
b8e039c3-2650-499e-a722-13797ab8af65,2021,98595,C
c76a48f1-a298-4380-987d-f9c1a2bd8579,2021,11452,C
fd97fba9-9ffb-406d-9519-a8e4614e6752,2021,1136142,C
ae1639b2-e5fc-40e1-a93d-fa0499100d48,2021,13401,C
86ab1a1b-92e3-452f-819e-9ea13adc6dfb,2021,5000135,C
038cadd0-5159-41c7-896e-e0309d136af3,2021,513,C
a960263c-bfd8-4014-99e0-75452770dc19,2021,317,C
4ed54c74-6ae2-49e6-bb43-ac1dcd3dab38,2021,1136142,C
2b36d2f1-cda4-414b-b693-e5b6e3f10eb0,2021,47069,C
11c34ba4-64c6-4030-8687-c159ab84d54f,2021,1102628,C
7b2672b8-4f87-4b30-b977-5c4e02a79143,2021,98595,C
8569fb7d-2957-468c-8da8-483916a9cda7,2021,118468,C
21f05146-85e2-4a23-ae01-6183b9f5dd72,2021,118468,C
1a2efffd-4f07-40d6-b6d6-97965908831b,2021,20030,C
417d2c19-4820-42bc-a3b4-2631ef9a977c,2021,5000135,C
fe966c45-25be-4629-9deb-ee7ff3287ae0,2021,108660,C
7ce5c86f-7be0-48a1-95ce-d4a68e1d1b55,2021,112086,C
25ea6798-4def-4ceb-b052-e66d293e213d,2021,21464,C
7e56785a-8102-4582-8446-bcaad806c04a,2021,51020,C
45d84445-91e9-4305-89a9-e7a1f0482668,2021,98595,C
d96056d4-c702-47bd-9de4-3d9d9aaf1534,2021,5000135,C
24b3b664-5be1-49be-b573-cd19fc1d10b9,2021,1314243,C
1abac9f5-103c-4649-b225-810f6990fa72,2021,113813,C
a5170005-b79c-434f-8d9b-66f3b8b32fc0,2021,317,C
a09115fa-5404-4150-b379-4e0f55dc2e7e,2021,53342,C
025e972c-19d2-4565-a369-3cd96ad472cb,2021,1181115,C
2e34aa3b-36fa-41c1-bea1-0b6adb1f2c1c,2021,1118057,C
a6bb99ef-498c-4421-9325-326de6808094,2021,73140,C
046d6643-b9fb-42a3-996b-4ef33159df62,2021,56172,C
3184c69e-b98c-4d11-be6f-17afaffc3458,2021,11452,C
ad12b685-8c13-4663-9afb-52c8a78c2fd7,2021,13980,C
128aab71-9497-48b6-9fe1-26198845ceae,2021,13446,C
72e160e4-00ad-4c6d-942b-abfeff3d66da,2021,9440,C
eb236873-0e58-4949-a27c-63e80df8038b,2021,13595,C
ff08fbd7-37a3-4256-95ea-fbb354ef1253,2021,74737,C
0be187d3-000e-4c8a-8669-2605fc052f6d,2021,1306689,C
2974af6b-131f-4883-bcfa-0eba6bddf3ed,2021,1136142,C
6ff40ba3-829f-4ad1-ba34-2166debe5e32,2021,13277,C
3c6dec53-ed33-4d86-8f58-3bb0c5bd7a16,2021,19047,C
41b379cd-6263-412a-bd92-5df1da816950,2021,97778,C
161b6d4d-ce62-4846-b6c1-8b9a29c8073f,2021,116770,C
c1323e4f-34e5-4610-9382-c66431895e93,2021,99820,C
4c511522-21b4-41bb-ba89-6b643b0eefec,2021,5000135,C
becb1d41-985e-4a47-856c-2c613b99a185,2021,1132918,C
9d87b091-648c-41b4-a341-ed58e09a385d,2021,94762,C
06bbe9ef-4a15-47e4-a471-0000f444ffd4,2021,94762,C
0206af0a-ddf7-463b-bb20-1a78bb0321eb,2021,114616,C
a04113cd-b96c-4a92-96cc-7572b88ea609,2021,101942,C
4c066eb2-5a4c-451e-b9ab-652fd94e05ed,2021,18683,C
aee0c54a-990c-41f7-90b7-5f0cf542f707,2021,94762,C
83fdd556-217b-4d5e-a4a8-e7e4c5516ad0,2021,13595,C
1b9c92f5-05a5-474e-a120-b4e3b79c6e44,2021,102590,C
58ace76d-d4e4-49be-9ec3-cb1ab84c2be7,2021,1113582,C
d8aa17d5-32d2-4e0f-9b17-3b30e607190f,2021,1113582,C
258225db-4612-4f3b-9c2d-55cb3678098a,2021,513,C
a4c49e01-0baf-49ab-9718-fcbce6d41db8,2021,55402,C
d7541dfb-41f0-4ca1-b748-b741a64d03d5,2021,1113582,C
83dc6cda-43df-4b25-9b24-a23a0d4764aa,2021,101942,C
488bb018-a95f-4322-8ea1-3a782a099a51,2021,86318,C
e038afc0-d6c4-4cd5-bd2f-c0b4a7043fae,2021,86318,C
18ca6d78-d426-466d-a89f-55a8b33ed9b3,2021,86318,C
ab801d70-c887-4f6f-8b77-704c93813b24,2021,5000143,C
3f423efe-2f2a-4223-8232-d03bf58c35c3,2021,47069,C
ae8ca538-b4a6-473e-a4a4-137bf26f4cbd,2021,86318,C
8a001f05-3bad-4b0d-a754-2b0ab6fc7ab3,2021,13401,C
4282edfb-7bb3-450b-b06e-2271dde9bc1b,2021,73898,C
41aba72a-7703-4268-a062-7372182ed3bf,2021,73898,C
44648eda-acfc-4bf7-a5f0-ae4f7ca8d035,2021,73898,C
537c92c3-72c8-4815-b54b-c057e36d8268,2021,1351760,C
aa3704b5-f47a-493d-b006-c45253fc9cc0,2021,1351760,C
af294557-ff00-43bd-adeb-c0d369f3a046,2021,1351760,C
9d002885-7d4e-4f29-9189-6bc97bc0b4ba,2021,107360,C
8c138d5d-e01d-4452-8c05-e818f939fe38,2021,107360,C
171b329a-e43a-4c42-85b5-c139c93fa317,2021,1265453,C
5b954f29-2525-4ee9-88df-3302c5b70256,2021,13446,C
14dc0a25-e834-4d88-9ef8-811ce2f1b27f,2021,1180773,C
74c069a1-0f4b-4347-aaf7-064a2501f67e,2021,106996,C
b58aef73-705a-4ca5-970f-7385f835c6c4,2021,1180773,C
f91f52e3-0414-4fd3-9db7-3f232dfc68f5,2021,1180773,C
8151701c-8dad-4f07-b75c-b55917f1ea74,2021,1180773,C
571a4e0a-cac9-4819-b360-eb9533bf6af3,2021,1180773,C
109defc8-7a1c-4557-82c0-527d11f015ab,2021,1136142,C
f415af05-95cc-4899-a6e2-275fc2921a87,2021,1136142,C
c8329dda-829e-492f-b422-11313c8a6545,2021,1136142,C
81d76d0c-f776-4fc6-990e-79942287b4e3,2021,1032473,C
4dab67b3-7e38-4c9c-afa4-7d4d29654bd0,2021,1288839,C
30469155-2b9a-4a25-9836-1370081570b2,2021,13401,C
762eaf72-0895-49ab-8be4-776669a60eef,2021,113455,C
22fb970b-fd92-421a-9bbb-5bb9f4072f76,2021,1270680,C
5ca5fe53-8105-483c-9872-a21d5940f98e,2021,1270680,C
2a8d3c26-11e3-487a-acd4-9af70efaf26a,2021,1306689,C
67f8c2f4-2ded-4262-96bc-ed761af606a3,2021,48675,C
25a98621-07d1-4968-acbf-b049afe8e503,2021,13277,C
1ccb51cd-2de9-4179-b4db-a088f49e4ab7,2021,1042278,C
79a170d8-0ec8-4bcf-8316-ba2271110315,2021,1427745,C
541c3254-e9e5-43eb-b42b-4cdef95835e7,2021,48205,C
a8946074-6a09-4bc8-b59c-376bef9f77e7,2021,98595,C
62d12ab5-5f88-4900-b401-48de948413c0,2021,99820,C
a047bd81-42a8-4a3d-b232-21e2c6df7363,2021,20009,C
c13eb21a-f1c4-464f-a904-87f2f37bafd3,2021,20009,C
9a929e82-8bae-4337-86e5-35dd3e9f70d8,2021,20009,C
f8a34aa1-37eb-4f9d-b6f5-ece1c2aa9c12,2021,98595,C
6a42c2b9-e522-45df-a1ae-222e930afc97,2021,98595,C
49e8ccad-b37c-490b-8293-51eff92768d5,2021,1270680,C
e2ff7129-0331-4edd-a5a2-916350104f66,2021,49071,C
991dba9d-05e7-4311-9088-54e0514256f3,2021,64664,C
ff8fc4cb-15e7-4ef5-bb39-d8e31e4a00ad,2021,60886,C
a030fb8b-7f41-4dfc-9e56-115c95c3f688,2021,60886,C
49d89a24-cebc-4a9f-824e-8647aae3863b,2021,1270680,C
12015cb4-88bd-493e-8014-8fff3a64c3ba,2021,1181115,C
55fff654-651a-4726-a28d-0b2525c3dc5d,2021,1181115,C
20ae85b4-3e1a-432f-a674-a95311256650,2021,43664,C
74333502-91b5-4b31-b51a-f8ed517211be,2021,114616,C
e511c18e-807f-451f-afa2-ef131f08dde7,2021,103062,C
8bf0b481-1825-4c91-8499-bf2150c26aaa,2021,1306689,C
5cd4e2c5-433b-47da-836b-693278cfa25d,2021,18683,C
2383d8fd-6361-4080-9755-51d6403349aa,2021,13595,D
d755b206-303e-4aba-86c8-52e2ae8e1d23,2021,1181115,D
93c5f506-2730-4de0-ac0e-9453837ffdac,2021,113687,D
c5f69f0b-ca68-4e9b-a90b-7cb4ebc61c66,2021,1314243,D
8f4072af-8b51-463f-91f7-224d92ca06ba,2021,101942,D
cb5e6957-fce1-4fdb-84de-7af6e6e5b3b8,2021,113455,D
f98b18c2-6fb0-4acc-aff0-16a881a7e314,2021,9414,D
484aac14-4a67-4256-930f-1bbd88cc7ce3,2021,20030,D
4539fab6-46db-4570-bba5-adbd182f6379,2021,1190071,D
b418c69f-5993-4bcd-a371-80803fcaef95,2021,9425,D
a4aa511d-93a5-4c6e-ac6b-a5e37d4a0f94,2021,116770,D
0090ed3f-6d8c-4102-9cec-49bafcbea598,2021,37862,D
a671d8e3-f8b9-4411-af96-ec398f63ffa3,2021,1330347,D
3fb0a9e1-8c93-450d-9ac3-4675f55f8b6f,2021,1330347,D
f9d68de0-afc8-4574-ac6e-3d994da24b28,2021,43664,D
bb40bac5-a7bf-4502-8d21-0d1d4790aa2d,2021,1117717,D
4fd0b76b-db4c-432b-b9df-262eb70b6098,2021,108660,D
f9507026-8e0c-4e0a-8120-f5bcd004f1e6,2021,37862,D
e5af5535-dc3c-4636-b023-09c69de1942b,2021,19047,D
069df2d8-b290-44b3-8488-3993522979b0,2021,98764,D
28f4b586-153f-459e-aa88-a5df7271a7f8,2021,107422,D
3f047614-2d2d-499d-a968-3cee356251bd,2021,13595,D
23157bd3-6e79-4a10-8b8c-95e66f7d477a,2021,48205,D
b07bc4d3-faae-4b1c-b0ae-4d0368463f95,2021,86326,D
332e9f11-e342-4843-a516-da7daed12d24,2021,37862,D
c9e41b4d-50a2-4a6a-9ba2-7f3560c19776,2021,19047,D
993b8192-66e6-4402-a01d-2fa63cd4f41a,2021,106996,D
916bdad5-0904-4eee-b912-d75d3b7c7d1d,2021,13980,D
235c7201-19e1-47cf-ad66-888f7f306f81,2021,106996,D
3faed757-30f0-4bf6-b8c0-8e4caee46a8e,2021,1070485,D
4afd7940-719a-4f97-a186-8295cb29bf71,2021,1117717,D
a117f894-1fb2-4e3e-a673-046ac21d03d9,2021,1351760,D
b792aec7-ffd6-4202-8df3-9a233dd2caf4,2021,1187671,D
467a56a3-28da-452b-9891-9af8ee0b8a8b,2021,13595,D
0a4df48a-d2b1-4153-8bf3-be69698c38c6,2021,50981,D
cdbce52f-2a6f-4900-bc6b-f95f9beff6e1,2021,13980,D
4f42da5e-4fcf-4f88-8a90-bc79398873cd,2021,108660,D
abc3041e-2146-46ef-8087-978c194aa5e5,2021,106996,D
e0af9a17-7aac-4f72-b23a-3f0da08cf678,2021,13446,D
9208a0aa-15ab-486e-a959-886890b578a3,2021,1190071,D
6a1cee25-7584-414d-96bc-d5e2e0dc26e9,2021,1181115,D
513446a0-ec3f-4d83-812b-2ce55313a4ec,2021,9425,D
869455eb-8c3e-43a4-8080-ebbfa0d5f6a8,2021,20933,D
73e69800-9c6d-4af4-acb1-d821a035f0f4,2021,48205,D
d7700612-f50e-4268-82ca-2cc245f0b5f0,2021,43664,D
293718f7-03ec-4bd7-bb00-20041b8eafaa,2021,91181,D
2ec86f3a-59dd-4415-b3c7-26c61800404a,2021,1187671,D
09cceb35-f5c3-46b8-9771-b93c8930cd17,2021,1190071,D
f269a559-7c27-4b5f-b0cd-5261ba3b44bf,2021,48205,D
a43e26c1-b0df-49a7-adfa-0cfa5ed99f6a,2021,107920,D
573963c7-aeba-471d-aa46-d8bcfca1f3ec,2021,104360,D
871a0079-1f90-44d3-b399-e9fb5edb2c74,2021,1322390,D
f5c375e7-2b29-4f96-8adb-212a8eb04a2f,2021,107920,D
b3b2ab16-4d81-4958-bbbc-b75a2f4fe757,2021,107360,D
9c463a2e-74d4-4c6a-b40a-f0b38e03703a,2021,22047,D
ff0deb79-2b84-49c6-aed4-6bc6fce9953d,2021,88084,D
8017c7d5-a8e3-48b1-b9c5-8f0da0af1218,2021,106996,D
578b93c2-2f03-4091-b9b1-d2f8296df4c8,2021,1267543,D
258e0400-9f00-4330-8355-bdf84cf2f16b,2021,317,D
91c17e3e-1786-4545-aba5-803f20cf6320,2021,118994,D
cffa7820-fe8e-4707-86b8-7af5542420c7,2021,97443,D
7e5c22b8-6ac0-41f7-a710-2071781715e7,2021,98957,D
b0e79475-bfe3-47f0-8783-c03e4da9c82d,2021,1265453,D
53dc786f-c39b-41a9-af77-da6b59c18098,2021,1288839,D
89bbe00f-1f41-4e4f-9a96-a093b2452571,2021,1187671,D
5c665717-105a-44f3-af78-83d450ffa014,2021,1385488,D
2953af34-f487-4b08-ab64-83a0a8d02aeb,2021,5000143,D
374eae8d-5d09-449f-b6dd-821ecf0cfc12,2021,106996,D
f139a8cd-95fe-4461-baae-21834c28d5b5,2021,9425,D
870bb2a0-1af7-4d5a-821d-f64f8c82e0c1,2021,1190071,D
0fd35b1e-497f-414e-b4ea-2fbbfd6964a8,2021,106996,D
cb7acb67-1e3b-463a-bf9e-9d4894ca7179,2021,87396,D
b9775e33-a8eb-4b96-9f7e-2fe42de84f6f,2021,1101244,D
52613219-dd45-450e-95c1-b7ee1bd2538c,2021,106996,D
a9c6bcb4-afdc-432e-b771-3ec1e145a5c0,2021,117022,D
d1b1835c-2da4-4af3-9b75-fc508c23d306,2021,1190071,D
21bbb463-0f30-4da6-a828-4f0b86dabb50,2021,47069,D
39f8e155-7320-4ee6-9892-5a7947549970,2021,317,D
1e88f188-6e8f-4208-99e3-8458469d4d68,2021,20933,D
cabd6f83-200f-4ae8-ab0c-a8207d59fb9a,2021,116770,D
12728cbb-20bd-40a7-8710-5957343dedc1,2021,37862,D
11b9c625-8e39-4766-87b3-eebf75b35f0d,2021,50981,D
1154c1f6-9a4b-4cdd-88c8-d763af436925,2021,5000135,D
a90f03f4-9bbf-416e-80d6-11a506999d9e,2021,9425,D
934ae52e-198b-4ca4-8d5b-473ebca3925f,2021,48675,D
270cead8-2c9b-41e2-8260-dda7e3a21485,2021,9414,D
2910d7f3-e6ae-4f76-a69f-d249bffca98c,2021,43664,D
407102ff-d95b-4499-b271-7f545d897aa8,2021,101942,D
8edeb0e2-f1ac-418b-859f-f8067263b969,2021,1190071,D
dd98043d-38ed-4568-8a8d-dd0d1fe38dc4,2021,13446,D
bc0ce4d6-a541-44c1-9391-40f2a899ffc9,2021,1181115,D
55beb255-49a1-4eaf-9c37-3f6a4ca90c29,2021,101830,D
615e5807-7794-4e7a-93fb-587a6432259d,2021,1136142,D
f6263d09-1cbe-4513-9096-30f895e7fc41,2021,21464,D
11e57bca-9103-4516-8bf7-93c2c1c785a1,2021,1376181,D
e940f3ea-f333-4b25-b375-5e4cdeb6376c,2021,19042,D
a8bb083f-7da2-4c0f-9c2f-2c273a28ad79,2021,86326,D
51550140-d437-4c89-9f78-1aab96365c6f,2021,1103723,D
b53939a1-f647-46d0-9251-bd37e3ccb01d,2021,1139692,D
cd118e76-1c6d-48bc-a9e3-a837455374a1,2021,90030,D
3cb86ad6-d78e-43c9-803d-5f24f110f7ba,2021,116770,D
fb3019e4-1f47-4e3a-a1a8-75d064ad71ef,2021,13446,D
588a796e-8775-4103-bfe0-4e82d6ae47b7,2021,37862,D
7e4a71b2-5478-4a72-b518-d61d56a4d5eb,2021,95175,D
6b11d030-48ea-4749-a188-da9d2deb5a3b,2021,1376131,D
fed37a37-b484-4e55-aeb0-c15d4d13d911,2021,1190071,D
60255ff2-fd65-46e1-821f-96bb9a3af882,2021,37862,D
f6af32dd-c914-4094-8832-bf811f3ce35d,2021,1190071,D
ad8c09f8-044d-4acd-9f32-8e1714dd1c3c,2021,50082,D
7572ecb4-1fc6-4aa4-81c3-a600deb88c0c,2021,18584,D
8ab5ee30-6a1d-4a96-8db9-df86d46b4c07,2021,513,D
4d5d4388-ca4d-43a9-812f-c34c784bfc2c,2021,99820,D
e7c42ca7-06d9-4519-87e9-823001987d14,2021,1190071,D
abdd4514-9841-444e-888b-3ce3c433c17d,2021,87396,D
7b3bb579-4f9d-4614-a18a-a34a6ce8f7e9,2021,67601,D
f30f755b-174a-448e-99dc-ea46a78d8dc3,2021,106996,D
12fa502f-e55f-4ff8-a916-477e077930c6,2021,2209,D
f20b4b56-3cbf-46be-a1c2-ff7bde6f538f,2021,1322390,D
d6a72f94-7b8c-4ae6-925d-0664ff6d11d0,2021,1288839,D
a1f04549-127a-4987-abc7-fc7d48d703cf,2021,95017,D
be769d1a-7e5c-456e-adb2-01d2bea4648c,2021,114616,D
97cc1489-46be-4abc-a94c-dbe9166ce439,2021,37862,D
be073659-c50a-4c30-aa7c-c036465f435d,2021,1322665,D
04b5d095-75dc-4c97-aa2a-7c9a6d8e04d5,2021,9425,D
9e55f67d-1d8f-497a-a3db-84a89b52be4e,2021,1190071,D
8ed33f76-a387-4bed-9555-290b5eb0263f,2021,1190071,D
38f2fff8-d55b-42d3-998b-656092c7c43f,2021,5000143,D
589fd801-57be-445f-8d2e-d57748271b97,2021,1132918,D
57df9e68-677d-452c-988b-5d236feaa675,2021,106167,D
8578d7af-22fd-4855-b92c-e5b745e41226,2021,9425,D
32c4e052-7df9-4440-9843-5240dd31ef76,2021,968,D
a33ddf6b-7324-4d5f-8548-d77babd5b06c,2021,62484,D
75117271-90c9-4fc4-ac5c-51660d24cb15,2021,1187671,D
49fd0dc3-f9d9-48ef-bdfd-e7e2d6568b2f,2021,13446,D
ebd1d9bc-0bba-4f20-ba9f-1c2ddcf4d7fa,2021,101830,D
d8ce64e5-9768-46d3-960d-05d283a78a77,2021,5000135,D
42c5d74f-e777-49d7-afc9-813ed6050193,2021,1181115,D
e35b020b-cf17-42af-9567-13c4164e3e9a,2021,101942,D
11991368-7838-404b-86fb-d33c5fc324c7,2021,106167,D
584730e4-5862-4e21-82c0-04ce1761a59e,2021,64664,D
609f7906-8cda-4458-b91b-054ca62274d4,2021,19042,D
3f0d00dc-52b5-4093-bcd2-101ae9078dd6,2021,1376131,D
9c2a761c-a5a8-473a-a1d7-9f1e3e0d11c1,2021,91181,D
b0bae64d-de1a-477c-b726-c6dd730e6328,2021,19042,D
822cb2e0-1b5e-4cb5-a248-ca7adc2a796d,2021,1306689,D
e2659f11-5c7c-48d6-90a3-f4fdfb17a081,2021,90030,D
9a0266fe-72fe-42ba-a424-e22c3d6907db,2021,64664,D
700579e9-95d5-41c4-aefc-39f0d6712476,2021,1187671,D
e33407c6-e529-4f98-8586-532fdb69c872,2021,106996,D
dc686847-332e-4ed6-9c6e-e160ce72727e,2021,101942,D
da2b046b-9b34-4ff1-a046-7e469a18479f,2021,101830,D
190cbcdd-075d-4c45-bff6-cd18c746d06a,2021,106167,D
34481f48-946a-4f9c-ac10-fab3966ebfca,2021,13401,D
512a70f5-bbd3-4441-9e2d-00a2b0e34efd,2021,95175,D
c9e31989-0e43-4bf5-a0a5-c762469e3c20,2021,1148708,D
9cdc5095-126d-4f8e-bc43-6accc19a6b7f,2021,101830,D
c2448ecc-5595-421a-80df-13bf0825772e,2021,37862,D
a4f05c96-7f1d-4d30-a96a-c56354023e91,2021,37862,D
471cfb50-8992-483c-8cff-89e181977fb3,2021,108660,D
7f96b6f4-7368-4e7e-9af8-c03800b765c0,2021,1103723,D
f524516b-c28e-4e3c-8b14-2a0af4f39298,2021,41238,D
8c3bd0d5-a9a9-4ec8-940e-ea04d896b711,2021,50981,D
a8f804ce-bcb2-42f2-9fca-f603713e5c97,2021,108660,D
94a96f7a-fd65-4da8-9465-3b5a8bf6c95c,2021,53331,D
d0fc291b-4edd-42dd-971a-9351b83b9ad4,2021,1136142,D
30949c66-3644-4186-983b-eb166b1adc20,2021,106996,D
1f95d207-29be-42d5-8356-c311d25eef8f,2021,11452,D
0d8fa037-296d-40d0-93a8-db881c9326c4,2021,18558,D
bbe34660-8eb6-4302-be90-23e863035508,2021,1351760,D
700b38e6-4525-446f-bfbe-ee3b7576ab22,2021,13595,D
42bf6b72-1798-4928-b342-79af3f7e5aa1,2021,1270596,D
9b4ee333-9e8a-461c-8791-5aa2004920fc,2021,107422,D
7e76669d-2f15-4823-90b7-a9c4af3fb877,2021,19042,D
d76b8f2d-29d7-4caf-bb21-17ac8b503212,2021,13401,D
be23c47b-9745-4f4f-9968-3bcfaa61c14e,2021,1288839,D
dddaebba-4a68-425a-912a-b8287dcba99f,2021,101942,D
23f34c68-d555-46e7-8a92-aa1d147b7081,2021,1136142,D
18aa3bf0-ec9a-4f0b-a3b2-14ee880b247c,2021,1269545,D
0b2d48c5-fdd4-4a52-9523-2d4fad84217c,2021,1181115,D
53895353-cf1d-4ae7-adf7-04a69ecea515,2021,99820,D
ed8b2ffc-17fc-43d1-9e5e-0ddabec59f60,2021,1306689,D
c757d85e-d589-4db0-99e6-fc6bc49a36bd,2021,513,D
d2354392-1c5e-4577-a557-8b0814047313,2021,21464,D
a76817c6-8a2f-4540-8787-ee728e672bf5,2021,317,D
aa7054d2-ebfa-481d-ac66-6378416be817,2021,1101244,D
524e7d7a-98c3-4bd8-9d30-1ce886f82f1f,2021,11452,D
ba7fd569-3d63-46db-8fdd-863f4b02b428,2021,107360,D
8a886b39-3ae5-4b79-a115-c892f975e211,2021,13980,D
bfd41670-6722-419b-8eeb-a5549b166bfa,2021,1118057,D
71e602b3-c285-4471-8899-9a0fee306241,2021,5000143,D
72a41d9b-8bd7-4666-a8e9-fe01c5f17c59,2021,1265453,D
49ab2448-b0f2-417e-844e-f9aca74c9582,2021,20030,D
2d4c9816-ce00-43d6-8226-e6e476d32b9e,2021,116770,D
23d4c854-71d0-4cde-95e2-aa264efe2c84,2021,1166783,D
21588c86-5b76-4aa3-92fc-026e363dd8aa,2021,11452,D
6074f23a-2ee3-42b9-ad1b-eb3d321953fe,2021,18584,D
cd7e07c6-9bfd-4c54-aa2e-a706264e111c,2021,1118057,D
e3703502-ce20-47b9-8387-5cfc3d0c12ac,2021,9440,D
ef3f2936-56b0-4691-a346-d44db2d67b64,2021,62484,D
8d9a8d4b-2191-4ae7-9e90-77b8d03a7d7e,2021,101942,D
bab92401-b6d7-4971-8552-40319efff354,2021,317,D
e572d202-cfaa-477e-89f6-1cfbf6709d7a,2021,1190071,D
6caf6993-7e8e-426a-8abc-425c913b1db7,2021,112086,D
d4479bfe-ca2b-46d3-8b04-79c7e4676f70,2021,107360,D
43e8c980-4e95-4982-bbc7-6e978954433c,2021,1330347,D
b426e3bd-7d45-4716-916e-24672fb6b188,2021,90030,D
92f8a3f3-1f63-4ecb-ad0e-6d60be57f620,2021,1204325,D
c57bca8e-3549-4d03-945e-3a2a13369e8b,2021,114616,D
b969994b-c24a-4566-bfc1-eece1e93b746,2021,98305,D
4c853117-9e1b-4846-83ee-2cdd0025985c,2021,1330347,D
10c8b91a-9a64-42b6-be80-1dae6873a94b,2021,47051,D
ff8e011b-8bb1-42a7-8054-f3f86988d026,2021,1322665,D
51167f63-394e-4730-af2c-38e495f61b15,2021,1190071,D
4ae203c7-31d7-466b-9f51-fe77589529ea,2021,95017,D
fa86038d-b3fa-4a01-8829-ee885121b078,2021,51020,D
180d89e7-b275-4aab-ae13-edcb782886a5,2021,107360,D
febbc04b-1177-4fd6-a536-48782559fd47,2021,13446,D
30492b44-8b4b-4a35-a679-21ee12171b19,2021,13446,D
1194743f-0f3d-4932-9ca5-b613c64a4101,2021,47505,D
8b556678-73d9-46d8-acb6-26c38808a7af,2021,1269545,D
034df08d-78de-450b-93fe-606ba5dbad3b,2021,1376181,D
3704d5bc-b972-4a64-aacb-f94427b5aede,2021,13980,D
46635e19-3bf7-405c-87a3-ffc4757958f6,2021,18559,D
1fdadd52-d8c5-4575-a5b6-24ea80c94b2f,2021,103062,D
3a6f4a24-f263-4f8f-8392-0a250750e6c9,2021,317,D
cb57342c-6112-40c3-8e73-9853d79fa4b2,2021,1203177,D
004c3bdf-bf97-43e9-8b76-9be3972e69b9,2021,1190071,D
721876b5-f0ca-40e3-8525-cad424c84d1e,2021,54934,D
c70ec646-4caa-4a64-b399-7b709b729ea6,2021,1267543,D
9c462ab7-a8e0-4eac-943f-02de1bed7c46,2021,1190071,D
2d9b2372-d80d-464b-b68a-b5806e1cfa46,2021,37862,D
100a4af7-6097-43d5-9d25-5418c23ef73c,2021,101942,D
2c8c1ced-cdb0-43f9-b576-6d2e2f518a8f,2021,13595,D
e165fa08-d101-4841-acc2-a7f06a11fe6f,2021,41238,D
8b29813d-792e-4561-902b-375db76ea881,2021,1288839,D
959fa306-cb7f-4c64-9225-640037575646,2021,9440,D
1fc77b0b-001a-42b1-b0ed-6cf106428473,2021,1181115,D
59ae27aa-376d-4bc0-905e-f5bcd1dde116,2021,106996,D
8333682d-4d4f-45a3-a933-2af7e34a7cbf,2021,101830,D
d4649a9a-2a0d-4be8-8369-6f5f70a37940,2021,1181115,D
c397c541-8cc3-42db-9bb6-30726737fcbd,2021,108660,D
d75e680e-22ca-4b88-9447-64917d003f2a,2021,57606,D
ac0a54fc-2aaa-4f31-9dab-509be807be00,2021,1351760,D
297fb850-603d-4947-8ba2-62c20ff5b585,2021,107360,D
d3e50bbb-4727-4f66-91d6-c9e58ee1e85d,2021,13980,D
8f22a96d-0ae8-4b5c-a39c-5261f57e0184,2021,13446,D
95e9ca6b-a50c-4e7c-98de-dc7ac7aafd9b,2021,513,D
a2aa85be-6768-40be-a8e9-79e82a2f9160,2021,1351760,D
ccd8f26b-bb82-47a1-8ef0-8810e07de12d,2021,107360,D
6b103fd6-bb8b-4c15-a72a-28b78d65f682,2021,1132918,D
0ebf309c-b8c1-4826-b209-a19e14880458,2021,1102628,D
937bad7d-0c39-4007-ae98-056e65586cff,2021,95017,D
30a10af5-5c7e-4a9d-a764-976e7d4254a8,2021,1190071,D
3bbb5f27-97e6-4be8-ac1a-739ee484444a,2021,47069,D
90de1b8c-79d1-4368-982d-ae4a18d6e91c,2021,107360,D
5dec37c8-7c68-45ad-a147-8b58e4d18ff6,2021,13401,D
9e679a4d-e3b1-48c7-b71c-ca13f9a09418,2021,1299927,D
d2355597-1d88-4162-ace4-6236d1dac998,2021,117532,D
2294372d-f3ea-49ac-989d-5cfa1d6b88c5,2021,95017,D
ddf72092-2e0d-44bb-bc18-c51e5c8a44c5,2021,1103723,D
352f3fbe-869e-4c26-989a-24c1fc5e6d6d,2021,87396,D
c327f413-1c4f-4ce0-9408-843e80023407,2021,116770,D
352bb90a-efbb-4be4-9455-1292bd5659ab,2021,107422,D
df28beef-8222-48ba-a643-2a0dc5191f81,2021,97778,D
2ca675d3-b928-4d41-842d-374d03f4bf96,2021,90030,D
e33ed15f-6655-48bb-8c68-9339e48396e9,2021,102590,D
8fd587d3-212f-4f15-95b3-2facf5dbd717,2021,95017,D
31dd63f7-ae8a-4baf-85a7-c6e82b8d00f3,2021,13401,D
c161e153-abc3-4c7f-a822-7facb0171fa4,2021,1103723,D
45ea7e21-f8d6-4948-b6aa-408fdbc34551,2021,106167,D
bd4149a6-5435-4647-a5bb-4b2e2e3b1d51,2021,1267543,D
9193a627-e809-4579-a14b-a65369d9e04e,2021,1376181,D
4e884547-f71d-4622-b311-fcd4fae44775,2021,113687,D
19a14505-f630-447f-b182-d9b995fc9d90,2021,97778,D
ebaa5471-d0cd-46fd-90e6-5feb5cfcce01,2021,37862,D
973db00a-9474-49c3-aaed-c8a1e313000b,2021,50082,D
8b290ad5-f9d0-47ea-a5e4-c1ddf00233e6,2021,1136142,D
f3d783cf-c52d-4b61-a1d4-0b9809723d58,2021,5000135,D
d89e32d2-5e8b-4182-b59a-211bc03c23ac,2021,101942,D
c389712f-cb20-4745-a526-49806ce64a2b,2021,13446,D
7899f0f3-d356-43ba-b897-976b7f38e3e6,2021,317,D
4b89607d-39a1-4b1b-902d-96d959f06e2a,2021,37862,D
fafea320-507b-462b-9706-159bc82ff55b,2021,54934,D
0ebec25e-96aa-4bb8-b9c6-d810116132cb,2021,50981,D
e19772b2-bb2d-4252-9540-03d722d38243,2021,47051,D
db287c86-c484-40ea-a9d2-3b9af7e0b862,2021,107360,D
bfeb0dd9-34f8-4ac7-9170-ec81d84d4c5c,2021,5000135,D
b53dde37-c391-4219-aa5a-0144f3e8e96a,2021,99820,D
2e8b3ac5-3a5f-4b0c-9904-6cf156082d24,2021,95017,D
6443f4d5-900c-453c-87c9-b5a6a82d86b5,2021,13446,D
2f50d678-dc23-4a7a-bd70-aa1f96855d48,2021,113455,D
043d657f-9878-41ef-a006-8629a440aaa4,2021,47505,D
df2a740f-964d-4153-9f31-1b088c84a8e5,2021,118420,D
06ca289e-6660-4527-ab45-8f8ec4970320,2021,107920,D
fc54a322-d1e0-4bf0-82d8-8b79f38825ce,2021,118468,D
5dab39f0-8342-4f8e-8736-2f0b09179f22,2021,1315444,D
f2cb008b-2246-4c99-ab60-b0534d66323d,2021,9425,D
4ad17b5d-d967-4d8d-8819-42222fcbbef4,2021,317,D
9733979f-a001-4549-86b4-af08ec73aa4a,2021,5000143,D
16e56494-aab7-460d-9503-905e4984795d,2021,1102628,D
a6ddccc5-7809-4ff7-9a00-1e6799123f38,2021,1269545,D
c5208266-ca4b-4d1b-baba-7f265fa81b80,2021,18559,D
9045f97e-3e48-4890-86e7-488401413265,2021,97778,D
d72b3478-74e2-4ee1-a02e-ee399cf37b8c,2021,5000143,D
cc1e5f1a-5839-4a8c-bcb8-ef49dd7760ba,2021,21464,D
6a5b6941-61d6-4fb6-872f-aec0d19668a2,2021,13595,D
4a79cf14-bde8-4ce8-ab49-65f5c488e6ae,2021,1139692,D
c9fc9bee-4344-4414-bc42-a2ea8c3e1fdb,2021,95017,D
bfd2f68e-a09a-4d26-9093-50880c524588,2021,1204325,D
11978529-d908-4c21-8798-ce74fcccfc14,2021,9414,D
2715dac3-1b31-4e37-a5db-56478189d7f4,2021,317,D
0f875c79-9f98-4fa5-859a-cbeb02e3ca12,2021,101942,D
9838b9e3-4bdd-4cf9-9fd2-5f2cd747d014,2021,118420,D
000a9a72-a8ea-4f25-9315-04e686a138d1,2021,317,D
481fa873-d870-458a-9f52-18ac71b0c4ed,2021,1190071,D
e4979486-7b84-4ffb-b88a-ae2c69a3717c,2021,55402,D
f94d41aa-62e4-48e8-8dd3-9384cf4c46c8,2021,56172,D
07482aa0-f0ad-42e1-9f43-4417c5592269,2021,1376131,D
f58f5051-1961-4ae1-a481-bb4ea028facc,2021,50981,D
226e2472-b7bb-4b5d-9693-8febc84dc47f,2021,1118057,D
fe806694-4cec-4c63-bf8f-fb5d0568c335,2021,20933,D
88832127-6f9d-43d8-b292-1f5bbb590644,2021,118468,D
826bb474-cc29-4170-9a6a-ad7c96a2418d,2021,1270596,D
a1f99a32-7420-4e64-bc7a-97c697520a12,2021,106167,D
5fc415e7-27f6-4bb5-8eb2-397cd98c8f17,2021,13446,D
89f7772d-2798-47df-8e92-e2694e8f534b,2021,40343,D
07821358-bc3f-4b3c-9e67-13e65e2d9b86,2021,90030,D
bfd880cc-e47c-4cd4-ac41-4bbb62b3c0e0,2021,17898,D
d74effc7-57ad-4add-b8d2-06b6533b54b0,2021,108660,D
5c394163-71ba-4769-9671-375c358b1c50,2021,13401,D
543ebb03-1dc4-46bc-a146-f75b11fef877,2021,64664,D
55d2419c-cd8f-426f-9aa2-2840f0b8e75f,2021,1190071,D
ce56d62c-a2bc-48f2-a831-ff22b323be19,2021,106167,D
230510ac-6579-4b5e-88f6-d70d737c0d99,2021,53331,D
ab55672b-110f-4884-a012-cc59519fce0e,2021,10515,D
a64eeecb-40b4-428a-9c18-f62677f7f6fe,2021,106996,D
5670c5ed-51d2-4a06-a49c-ff3b1f4d5431,2021,49071,D
b331db6b-c9b8-45b0-bd41-c1deb83bd307,2021,1139692,D
978c795d-cefe-4d21-a132-655623ff63e3,2021,13446,D
b300a6ae-3408-4128-8fc5-083720d3eba9,2021,41238,D
23f1809d-a1ed-4b46-887a-8278d564d893,2021,13446,D
f8a4611f-8626-4e71-b97b-a0c0b890bbce,2021,1190071,D
96a4659a-aacc-4b65-a08b-7974765e22ed,2021,19047,D
17813904-cd70-4c96-896b-2b97f167fabd,2021,81210,D
d525f90c-fb97-429a-a468-d6f74d7e0488,2021,97778,D
679c8551-aa21-4c07-b46c-0a9842deaef5,2021,90030,D
a42f0663-e9ae-4f52-8238-9da4a953e00f,2021,118420,D
45461db2-7836-4d8b-a8d7-7fb1ce3de812,2021,103062,D
b1a0ae5c-f62d-442b-90bc-483d11e114d2,2021,317,D
3b66e6a7-5656-4b0d-9f21-58ef822a7caa,2021,1288839,D
d84cfa6f-b107-4e0d-b5f3-fb175a550d88,2021,1300429,D
57a87085-2613-461a-bbbc-e3622ee2ea96,2021,18683,D
4206f2fa-68fe-4fe2-9742-63184eb9109c,2021,13216,D
6bf04b52-373e-4864-90af-7b157ecbc8aa,2021,1314243,D
19df57bc-cf61-4341-8619-2766d56db0c2,2021,118420,D
d2922a91-59fd-4a9c-9e44-f4673a0721e1,2021,317,D
a26e6f38-b39f-436b-bce3-787717bb7da0,2021,55402,D
da98868a-b805-4582-ad42-922da0cc2f7f,2021,1190071,D
20178e76-00fc-428f-92e1-93a7731be145,2021,13401,D
d88877ab-68d0-4073-bd1b-e5f2a59a6144,2021,13277,D
5c7c80e1-e1bd-495d-a443-5f575b66fdc1,2021,55777,D
3c6efa21-616f-4ce6-88ce-195400b6ff17,2021,1267543,D
10ed3722-2fc9-47e7-be8b-b7951558c443,2021,1102628,D
ff35fc33-1614-480b-8862-2a59f5488c73,2021,5000135,D
698e9ef2-0e27-4435-b4be-19ef6cad2a62,2021,55402,D
0f151d9a-9e4d-42e8-bc92-5d4f922cc766,2021,90030,D
ac487178-1ad9-4fbd-9d57-764d5801525e,2021,13277,D
9af3761f-53a4-4c4a-9c74-862d2fa5265f,2021,20030,D
924ee634-0c1e-4cc2-af07-6cad6cadde74,2021,1166783,D
9c751f84-a29c-4776-9f13-5e7b9814a10b,2021,1267543,D
2c96140c-f526-4604-8bed-5e7bfe06cbde,2021,1136142,D
f311e8f3-2d24-47c9-b4ad-1a848a411a8a,2021,1204325,D
60617a3c-5c89-4c35-af96-87ad2142353a,2021,49054,D
ba3691e3-7891-4689-8047-b7aa3b525814,2021,108660,D
2db4bf2d-824c-4f0d-a801-a09d4b4b6a30,2021,1265453,D
3b36f6d8-df16-4c1c-978d-be9b37e0cde1,2021,19047,D
0cf794a3-67f4-4f5e-8163-501d6ed46b5e,2021,94762,D
5149fec3-b100-49f2-bbdc-6bf6eb773b56,2021,116770,D
368a3373-0a60-4456-90ee-f75cf41ce880,2021,90030,D
55943819-2435-41a2-a382-4fd3a1cb5795,2021,99406,D
7fd0d93b-2b3e-41a7-8cb4-f0c0124de736,2021,13401,D
60fbec19-6a59-49b5-bf22-f0cb9047d917,2021,1102628,D
0bb00458-39dd-49d6-a6b2-c533da607090,2021,50981,D
b73244e2-9bf4-490e-b4bc-6a2ae97dc6e2,2021,1272079,D
7de778d2-cdfa-4647-bef6-c5f62d0520ba,2021,108660,D
21279b07-f128-4677-9c88-2d49ef3aa90c,2021,18559,D
388ec170-1b7e-4243-8260-4565aa182134,2021,50082,D
534c168a-aeac-42b7-9a17-a6235208d6ed,2021,9440,D
17e47a2e-b04e-495a-9adb-2725076b1456,2021,97778,D
4be2599a-49ce-40d1-871d-3c647d650508,2021,102590,D
608c6a7d-5715-4c38-970e-3d8a248b2d65,2021,13216,D
e251971d-7c88-4982-abf0-b6ed35112385,2021,11452,D
cedc1b16-05c0-4222-8177-eddc596a0da5,2021,1306689,D
9d7762c5-2c98-4210-af40-4c2de12e4455,2021,97778,D
6e119637-aa22-448d-8c29-9a15ded0cf9b,2021,1103723,D
628a318c-e608-4070-8011-0d104a8000a0,2021,116770,D
bb7d109b-02f9-44ff-bc60-857275f294db,2021,18559,D
8a5cfd3a-3fe3-471e-b116-93ab4bf8f961,2021,13401,D
8135056e-5d80-4098-a4c5-f303de5f1e80,2021,1101244,D
c1f7dbf3-947c-47a0-b32f-e3faf134c3eb,2021,1136142,D
651f5485-97e3-4fbb-80c4-6d137f332604,2021,13595,D
df1294ac-9e79-47be-9aaf-fb74d9206e86,2021,19042,D
0c7a43d0-0d47-4f25-b3f6-af2f5b7fa97a,2021,12313,D
5da1aa3a-8d41-4184-9780-b97813594cc2,2021,99820,D
8bc58bc7-69a6-4bc9-8fc0-16ab32673e06,2021,13595,D
ffefdf7a-f0ed-463d-83ab-cb8193f22ccc,2021,20239,D
b0ccef68-fa23-406c-9b67-b3d2feef5a94,2021,118468,D
bb2654a6-aa18-4176-98a7-5c8320b49290,2021,118420,D
75d5c0a9-ff95-45c6-88aa-215e3f808b81,2021,116770,D
be314e3b-7394-411a-9ab1-80f7312b962e,2021,13277,D
e163e01b-dc5d-43df-a363-ee0878cea6e0,2021,5000135,D
d614de07-71c1-4627-abe1-721ef1fd3cf1,2021,18584,D
f3c11ab8-2345-4595-bdd1-0fd73e87316d,2021,5000143,D
a4cd543c-1213-4d3d-b5ad-cb7f3b1bdd65,2021,116770,D
1c455a1b-45b8-482b-9a99-391acda39f62,2021,1161716,D
9c43521d-d31d-4950-94d5-9dfa2243b0a5,2021,13595,D
e6cddf8a-98ce-4ce5-bfdd-e8d95d5e3df5,2021,1330347,D
885aec85-b495-4c59-8a4d-c77d9ae29724,2021,101942,D
55b1a60c-e779-4d9e-91b0-91de544ddcaa,2021,13216,D
90306308-5bfb-40d4-b84f-118ab8446879,2021,20030,D
bfb9130c-4d1a-4ee2-a678-336043715567,2021,118468,D
30369bfe-0bd5-4df0-a6c9-1be7193df334,2021,1103723,D
1049f2d2-11fd-4a2c-817e-df9e305245c5,2021,1132918,D
d202a285-05af-4e61-8222-57cf82f09942,2021,19047,D
0e668f4c-c54c-4702-8b6c-f86fac5ad586,2021,95175,D
7c676f21-1140-4215-a06d-de051d56695e,2021,317,D
aabfe46c-0ef1-4057-a4a8-c33938199dec,2021,1102628,D
9022fb08-0087-4e6e-946f-3a93e5ec058b,2021,1070485,D
4f4649d3-e915-41cd-8a15-b56b78d20686,2021,1330347,D
77b40310-3c92-49db-b78a-c8883efd4a04,2021,13446,D
17944765-5122-4431-8276-53decaaeafdd,2021,116770,D
308c9c6c-20fd-491f-b2c8-9b71c7ef4516,2021,317,D
7ae70b4f-1a9b-4c1d-8c8b-2b424b78deae,2021,41238,D
2be57056-566c-47e2-b3ed-3abe2be5b0ce,2021,118420,D
d83ed219-e5e0-44d6-9e40-4705df7106a5,2021,1270596,D
224b46b1-8552-4750-82ee-7b7ef64c3390,2021,317,D
c2a5b856-8de4-434a-bcc5-4fcb8b185abe,2021,101942,D
d6bc8a97-9515-4734-8e9c-363e1bc319a1,2021,1136142,D
989f42cd-d102-4c4d-8a43-185172872bd7,2021,13216,D
de2bc2a3-646c-4781-ab0e-e54da117f9a3,2021,5000143,D
84a6edfc-1c13-4813-b801-7d6d5ab07a24,2021,13216,D
0a1a0c4c-382d-466c-a9fe-210dbd619631,2021,9425,D
4780fee3-2b34-4848-9b7c-878ec679c3c8,2021,1181115,D
c85b6f25-3409-46bd-b396-ddd53fc9abd8,2021,57612,D
8d60f804-ca90-4006-92ea-107c6842e901,2021,1181327,D
785adb4c-426a-4cb8-9d88-c152895ce5b3,2021,1351760,D
5daebd3d-d8e5-4f7c-959b-bad2c93ad767,2021,95017,D
efb66e1a-1177-4442-91b4-fbc8e5393b9b,2021,20030,D
308df8ec-f9b4-4661-b4dc-9278168332ed,2021,1300429,D
811d8168-7a8e-4d81-ba93-5c16af8fea37,2021,98305,D
48616f0e-09ff-4777-9df1-fa8ae3e78f94,2021,9440,D
32839014-6edc-4ae0-985f-372b502360c4,2021,106167,D
62e383f0-7c98-4743-8fe0-7747726a2615,2021,95017,D
dd4e63bb-d875-4e91-be9d-be8e9ac509ad,2021,9440,D
0dc88e5f-2fbf-4ebe-a1d6-04c460b9db83,2021,118420,D
c6d98e19-9b51-4069-8346-a1e31fdec4ec,2021,99820,D
19b5e2da-e3ed-4587-a390-79cda5c32df9,2021,13446,D
95639fc3-194f-44a2-bb12-09f87e33b170,2021,1190071,D
59a7cf19-56f1-4b51-b57d-4cfe20a1a85f,2021,98305,D
9124a1e8-dbab-4f58-9416-c935013db4ab,2021,13446,D
341dd047-de52-4d11-9bf0-b5087f48eb2f,2021,18584,D
cec33985-bbc8-4668-bff0-351d90acf706,2021,1136142,D
f10ba1ec-1e07-497b-9780-fff3695bc37a,2021,62484,D
a571663e-9bbf-40cd-85ea-6fac4afddad1,2021,97443,D
11ff3c7e-7f5d-4862-b251-2b1e83d4f869,2021,13595,D
ddd1a789-55ce-4d50-97fc-4e3352ee4c1a,2021,5000135,D
83969eb5-1b63-4a69-992a-403e7f7efb5b,2021,1288839,D
81e3bbe6-6a8e-4c5f-a963-a60aed66ce72,2021,1136142,D
d53a30dd-6b36-4c58-9de3-c7404f1139e6,2021,1136142,D
73162fc2-111f-4627-9265-3155adf2342a,2021,13446,D
cc34ba4a-23ea-429a-b3f2-999d3711ce46,2021,101942,D
8a935ddb-cb6f-4523-bc5a-e4e0f6d56971,2021,13401,D
b02856de-4794-476a-8ea8-2bff97b8595d,2021,94762,D
57f5ad37-479f-402e-802d-e7174a9ac1d7,2021,1102628,D
f9740c15-2583-414d-a6aa-a971fec65ad4,2021,101942,D
b8dc73b5-9e2b-4233-9884-afa97bbc5166,2021,11554,D
a60ee2a6-0a2d-4b59-8857-6dff1da343ae,2021,1181327,D
0e06e1e0-f501-4786-997e-421796c8cc8f,2021,13446,D
bb4dbd88-7ef0-4699-8a84-8d879ebe8014,2021,94762,D
f31d2de9-37a3-4ce3-9cfe-927a54ab1569,2021,1136142,D
f8814d07-ef8f-42de-b7cd-ffbfce2c20c2,2021,1136142,D
350be5f3-4aa7-4b17-a33a-5ce30ee37f0b,2021,13401,D
c96c6498-96d3-4eba-a8fd-05b4874f3d35,2021,13446,D
dcdb2240-5b0a-4c92-806f-ad9a0607fe13,2021,53342,D
b664d3af-5fe9-47b7-9e51-661fa4b98073,2021,41238,D
0e7c02e6-b29f-43c4-bb23-96ad50381463,2021,1330347,D
ff15b66a-dfba-4605-8f6a-60b68e5f4d6d,2021,12313,D
3f4fe933-1dc6-4ace-a43b-525071f09c7e,2021,1283028,D
d22e7019-dd31-470b-9879-9040a6101b48,2021,13446,D
c09714fc-4ba5-4e78-a6d3-11c5a36b18f2,2021,13595,D
1922eca2-5ee4-422b-8a57-097c150ce367,2021,1267543,D
f03a83d9-38e2-4991-89bd-ddcccb55bdbf,2021,102590,D
7a39f872-e5a8-438c-887b-33ca83338486,2021,1136142,D
cac717ed-4d60-4181-b354-bbbf94b78685,2021,99406,D
e1b3f743-6a5e-4d00-9d46-e738b5bb7368,2021,53331,D
ce3d7573-2d50-495e-bc72-da9e4e20fbe6,2021,1101244,D
de02877e-b27c-42fc-aa2f-93991c80407f,2021,47069,D
40159013-e26a-4536-8041-95e61a259639,2021,1427745,D
0eb105ce-beeb-4180-b1c5-d67e41d2d8d6,2021,317,D
5915a251-9a79-4f23-8777-3ee299154ea3,2021,1139692,D
46fd69be-1538-424f-837f-7bebe7f69e63,2021,86326,D
ac300ab4-0bbd-4246-8b54-777862585ae0,2021,11554,D
0fb3e74e-bf20-4ed7-961c-de112e263df1,2021,5000143,D
a158aae7-2cab-421f-90ef-93f52611b1c8,2021,97778,D
2b60ea27-373e-4459-ace6-f6abbc9673fb,2021,11452,D
ea5bc248-62c7-405b-80ba-885225f06c81,2021,13595,D
7f115d1a-01ce-40e0-aac9-3ef9ce86888c,2021,106167,D
bcc4f63a-d0f1-4937-b3cd-cc7077810dd8,2021,13595,D
6198bc3e-ee3a-4f57-9c10-0b0131fbfae7,2021,20239,D
a78d903f-723f-4f04-a2a2-262be7d1d251,2021,41238,D
ede06c30-509a-438d-8efe-0afb8ef40235,2021,13446,D
f6d3f33a-5304-4567-9356-ea076b5d1f2a,2021,13595,D
42110fc3-5f21-4e34-ba56-088fd3f5a3c8,2021,13277,D
b1458199-d7da-4c14-84db-7d8a3aaa1187,2021,1136142,D
21700c99-974a-4994-b420-a9e839da7bd9,2021,13595,D
4653d4fb-1be5-425b-9814-452704fd1442,2021,18584,D
ad587845-48b7-40db-a61d-4a8cef06874e,2021,102590,D
acf56de1-66cd-46c7-83b3-a3c36f2c5019,2021,1113582,D
c51dbef1-0c2a-48ef-a632-3dd2e37340f9,2021,1113582,D
0f1a69cf-ebb1-4905-8af0-4008a89e3321,2021,1113582,D
6f754531-0a8a-4c57-91f5-c880e98bab9a,2021,1113582,D
fd252087-3686-4388-bdac-128992c3beb9,2021,18559,D
f2ba82c1-22d8-45ac-b63b-6b1c47680085,2021,1113582,D
708674b3-a5a8-4cfc-961b-f373e17b6db7,2021,1113582,D
b936eaf0-769b-4405-90e9-1d0fed1e048c,2021,1113582,D
895d8516-9adb-41d0-88cb-f6c3f4cd4b25,2021,1113582,D
12b344af-d380-404d-8e16-4c2fbb90f7fb,2021,1113582,D
984ac994-f5a5-4ef1-b70e-f9a6596e8c2f,2021,1113582,D
e5bb8173-8209-4105-b383-488fc4c2c290,2021,513,D
ab401e9e-c17e-427d-997b-e3727b93a6f1,2021,1113582,D
5c68a1af-0c5a-48ef-86dd-2717eb6ff5d7,2021,1113582,D
3218512c-3507-4207-afcd-b0d3b13e7d8d,2021,1113582,D
1710e61b-9e47-476d-83a9-37645009a573,2021,1113582,D
97374ad9-2226-4050-8962-6f22a3496a09,2021,101942,D
908ab3ab-233e-4d07-ad97-45915e2e2d75,2021,101942,D
d01b9d3b-4f17-4459-9b65-c25fe0ffdc91,2021,86318,D
2e3c48e3-ba2c-466e-b83e-7d2d90f4ae02,2021,86318,D
44d734b2-2d6a-4049-8567-06c8466e7e13,2021,86318,D
3a7aa997-baad-4b3a-bf75-f7b763cd00ce,2021,5000143,D
73fa608b-62e2-43bd-88ae-4d97ba35ceeb,2021,1103723,D
49ec8a59-ef16-4e7f-b71f-bbbd3960938b,2021,86318,D
3c8a19a0-b0e9-4a59-8299-996346606825,2021,86318,D
a83ed8f1-c35f-4648-8ae0-479579970a52,2021,86318,D
c86e90b5-e175-4fa1-827c-67926fcee69b,2021,86318,D
82b8d362-a665-425a-94bb-ab8672704a4f,2021,86318,D
2d3b76a2-1ff2-4985-addb-f9ef44b13367,2021,86318,D
cefe4693-211c-452a-9f2c-2d96b553fa48,2021,11554,D
b78e4f0c-680b-4aae-8dea-895d4787792f,2021,11554,D
f55fb446-c802-4e5d-bac7-ce3b004080d9,2021,1103723,D
11ddfd9e-acd3-49c1-b01d-6fc86963d4af,2021,1103723,D
b71bbe73-120e-4346-9264-6803f53e9aa5,2021,1103723,D
090f1109-e634-4cc9-86d8-cc1149b6db85,2021,1103723,D
318397c0-3e80-4f7a-bd14-4a346c881eb7,2021,1103723,D
6696d2f0-f40a-4ac3-b62e-7aa2d65c78e1,2021,1103723,D
7a61c296-9c77-4b22-9579-fffdb8bb4752,2021,73898,D
e80acb60-9d9e-4aa9-a977-562568b5bc54,2021,73898,D
c5512c3d-e486-4479-ac38-7bbeb4ce33f2,2021,73898,D
53d3e7f0-97e1-4a32-9dd1-0d4781965aaa,2021,50082,D
23a1463b-6716-4c02-a6d5-e38beeda7b39,2021,1351760,D
705a12a8-a8c5-43e0-aaab-c2a390a69e86,2021,1385488,D
fef470dd-53fb-432a-a49a-f246c9339868,2021,13446,D
856f78ee-0e7f-4a60-9c6b-12408650441f,2021,13446,D
2c4d9b19-4a40-4b9c-bbf7-c095ea176f47,2021,13446,D
3f2ddb8b-dc25-4209-aea6-b60bfbef6dfd,2021,1180773,D
4dc5b396-16b1-4804-8f98-917015f70cbc,2021,13401,D
fca1bc64-e51c-422b-a1f7-ebe57d27e59c,2021,1180773,D
a0f2de88-10fa-4a0c-b8d4-f08b150c921f,2021,1180773,D
cd141e24-2eb5-456a-96c1-636700361419,2021,1180773,D
387038b2-56b6-412c-bb7a-4fb5dcc86f51,2021,1180773,D
777acd79-f979-4a13-af8d-a6d6e03abe4d,2021,1180773,D
3b468921-8346-4559-9a0c-1d6ef948df1f,2021,1180773,D
b88309a9-b94b-4c91-a160-ea5881b87b65,2021,1136142,D
74acd6c3-9c8a-4342-aae5-d675643a5f0e,2021,73898,D
daf50f0e-1158-49c5-9dfc-a14ad34b13b5,2021,1110857,D
0aea3421-bda7-4172-bf57-ba31676a87e0,2021,37862,D
4d15b9fa-86f7-41d9-85ab-f6d037025f2e,2021,113455,D
9d6dfd9e-c78d-42ff-ab6d-d56d9098e293,2021,13401,D
614e7a80-eef0-4f58-9d07-811da4a07555,2021,1110857,D
06382858-50b7-438d-b352-792d53ada2c9,2021,1110857,D
460316e3-c76e-494d-b5d4-af8c1b204153,2021,1270680,D
eea490f3-b955-4b7e-a9a8-9a8782f95278,2021,11554,D
f6957bd2-d15c-4a11-a53d-8b53f1cd482b,2021,20933,D
ccc7c2d8-696f-438d-bdf1-e6239b53eb4f,2021,20009,D
4805e86c-2a96-497a-9362-73694c926d7f,2021,12025,D
adbdbd24-32ba-4590-93f3-8825ca192fd6,2021,1270680,D
0581e5e8-50e1-42fa-b170-44d19ad7f564,2021,12025,D
6be65b62-b642-46b1-82c7-b6234751b0a4,2021,12025,D
c6dd9e52-0295-40dc-b6dd-9ea64d1ba666,2021,107422,D
6e742afe-8e52-4e3c-b10c-60242013cee9,2021,1204325,D
944b7702-e490-48ce-9d8a-07f4330bf214,2021,18250,D
d28c5263-7e8f-49ec-881e-e61c4bd7f286,2021,18250,D
4fdd2444-fdc9-4609-bb8f-979801aac41d,2021,1376181,D
6097fe4b-8043-4c63-8fa5-a87bec1c4435,2021,1042278,D
e5364874-e07f-40e0-a63b-8fc37672a6d4,2021,1042278,D
58b8b5ee-e934-46eb-93a7-d5653ab1373f,2021,1427745,D
0f48488f-5967-4fc3-9819-7fbd78912458,2021,48205,D
921a4844-03ee-4a59-aebf-5bf107f89d97,2021,9414,D
f93b9332-5c4c-48ef-8851-469130de45c7,2021,1272079,D
cede974c-09ef-42f1-bbaf-ea86d0b7e8fc,2021,99820,D
29bf1513-14f2-4ab0-b9c4-907689a86e1d,2021,1270680,D
4173ad88-4566-4b20-8236-fc3744258b8a,2021,12025,D
fdb08dc5-c475-4a37-ab47-366d5740c5fd,2021,12025,D
ba962ded-9168-4acc-8e74-3a30d87d6b22,2021,64664,D
af5a4760-d90f-401f-b5d2-ce10101b0b4a,2021,1270680,D
6983f469-9a9d-47f2-9fcf-f6ed70d99ddb,2021,1376131,D
3cc4565d-0352-40d8-9cec-88934556bd51,2021,60886,D
8cfde73d-410a-4001-9b2c-9cf5588addab,2021,60886,D
d050e041-f80f-4e7b-b8ce-3bfcb17b3483,2021,60886,D
3166ba54-7dc9-4bfa-9d87-99efeb5b1b86,2021,60886,D
d758af18-1daa-43cb-8649-d8b3f29bd0e7,2021,60886,D
67f01c9a-ffd7-42cb-aad3-4205c0d74d77,2021,60886,D
e47dd1ea-de9e-48c2-86a2-886985c3a691,2021,60886,D
693cad9f-8c05-47bf-b679-99885211b6d3,2021,116770,D
5face758-4d25-4c56-8b93-2be591e8b819,2021,116770,D
b670bf17-b741-483b-90f1-dcbbe461458e,2021,1270680,D
26ee395a-fd88-4663-8eb4-ae7123439580,2021,1270680,D
9245ebcc-bc3b-4269-a971-59b8a61ab692,2021,1270680,D
7a947529-4071-4507-90af-c0971a8fb8f6,2021,1139692,D
36d2d900-70ae-489c-830c-5ede86440395,2021,106167,D
2dc1b8ca-9532-4250-ba16-708387cdbd18,2021,1330347,D
b609bee7-e5c0-443c-a500-b27b434e78ab,2021,12313,D
f756a0aa-ec42-456e-b2ff-db3ddcdb1cc3,2021,12313,D
7200d278-ac34-4ffb-8d7c-5b2519cc87df,2021,5000951,D
e5e19d28-2d42-43af-acb8-55033faa56b3,2021,5000951,D
3359922c-aaa8-41b1-8dcb-5fffe74a28dc,2021,1270680,D
36b9e24b-80d0-48c5-9178-852b0143c9a2,2021,48675,D
81b48bcf-724d-4f55-ba26-874aae5a4ee2,2021,18267,D
07f4ab49-68b4-41da-a846-9527c3514ee6,2021,1385942,D
a0f203d3-ad11-4eb2-a128-fbd70bf646bd,2021,9425,D
2a975394-b6a3-45dc-a088-af434780700a,2021,12313,D
5844af55-897e-4097-be33-1de7fa8890ed,2021,49054,D
09a18554-618c-48e1-a03d-6f3b5032cd3e,2021,1103723,D
6d020e86-2a5d-4f80-86f3-ee597cd5ff23,2021,18683,D
cad41300-7520-4f29-af1e-78d767eadcbb,2021,1118057,D
43c649d6-6b23-477c-b194-073c215013c4,2021,101942,E
b16e3229-cb66-41ec-b20b-406eb7d474a3,2021,101942,E
6ed5dc8b-d132-4654-bf40-bb6baaf14610,2021,41238,E
8cb68b08-b1ec-4094-994f-42c883a9f30a,2021,114616,E
53bfcfa0-fc64-42a3-8e49-55760ba342ff,2021,1132918,E
25119efe-64cc-4aea-b021-039dd3e81692,2021,106996,E
59239001-3c13-4778-8be7-b803d794bba6,2021,62484,E
9b9d5df7-c1f3-487f-873f-13b595f94e96,2021,101942,E
3b74cb6b-a1a6-4b74-8b55-fa141cb8d0f1,2021,13595,E
9deb72cf-c6ac-41df-939f-55a1c8195c30,2021,106996,E
0c8310aa-96aa-4fa6-b85f-0925733deaa6,2021,98957,E
0fdbcd7e-b517-4baf-b880-38f5d82d98ce,2021,74737,E
8d999510-8802-49cb-9039-426375f5f8da,2021,1265453,E
d55f91a5-a815-4e18-a15e-31bcecfae52b,2021,18584,E
ab2c12fa-3036-48f2-a0a3-1d92922e4c1b,2021,101942,E
6e836c96-9cb7-4877-95bf-86b0aaddbb68,2021,13595,E
fc6dfd6d-5807-4e9d-b1e0-a05505e1fb7e,2021,9414,E
e7059e91-23ac-4239-a72b-3c87d4798e6e,2021,106167,E
1f06ebda-8c85-4c67-b40c-eab11b49c692,2021,48205,E
b90646ab-2576-4906-8df9-32c83de991f2,2021,47069,E
83377a5e-6a79-4b55-b005-40a3393ca164,2021,1376181,E
c4378fc5-b380-48d1-8a11-fb9b38534abe,2021,1190145,E
a4a31856-7a1c-49cd-b693-c705e877648e,2021,9425,E
a5c60a00-222f-4f45-91cd-5fdf4117d700,2021,11452,E
0f0015ac-fa27-472b-8bb1-5c93ad0d5492,2021,1288839,E
a60bf496-4495-4839-9df7-9228bb9c3c4f,2021,317,E
891d59d7-4990-452a-a5e5-b6ca2c41d8e1,2021,1070485,E
e0874ae2-e7c9-42f2-ae50-6247c0590231,2021,107422,E
1dd38757-57e5-48f9-af71-4a3ffc316642,2021,95175,E
483a8f57-5659-4c7f-9d54-79f26b373813,2021,108660,E
5eba79f6-069a-4bf0-8c06-2dd3ea517c21,2021,11452,E
addfd2e6-4f62-4787-b70f-57a71936b254,2021,48205,E
bec04f58-a17f-4a0c-a945-830964975c2d,2021,41238,E
6e66b522-fd34-45a6-9943-2064a202043a,2021,101942,E
4add7312-33f1-497e-8f25-761028b2b425,2021,13446,E
2f843068-648f-40bc-a730-40ed2f9be0d4,2021,116770,E
8b000900-a81c-4258-b9e3-25bad5e77a71,2021,968,E
7c1a6320-2922-4d4b-9537-be2ca6ba7d09,2021,41238,E
a3a01f32-fdd9-4a3c-b8cf-32cd031b9387,2021,22061,E
936c0c3d-3951-42b7-a854-f5a84748455d,2021,62484,E
92000772-ca2a-41ba-bd15-9e43e2f6f583,2021,41238,E
a07d7653-5829-4d68-ad11-f70e673bea73,2021,1181115,E
bfedb9f9-6868-4737-a062-7fcfde2a8de7,2021,98305,E
092a3efb-1be2-4008-8666-d4ff58e38f09,2021,1102628,E
8ed3e0f5-6b11-4275-9577-9f4ce186795e,2021,1270596,E
164667b0-3d5b-4da6-bcfe-f18df74b8a61,2021,1306689,E
5f316cab-8868-4b00-90a7-1fedfb1e5363,2021,13401,E
15cfb250-a1c1-4458-a579-07d1527e04b0,2021,107360,E
aa2b078e-e4df-4db5-91ec-f11a9b35c2d5,2021,88068,E
3ad18fb7-256e-4a81-881a-2ebd8f59f4f9,2021,19042,E
9b82ffc9-9d6f-485a-b824-a741f9782136,2021,1351760,E
fd7647e2-b724-4a45-8c4a-f50a4f1c3319,2021,11452,E
01d5289f-495f-4c9f-b579-7ff1cb9b430b,2021,317,E
ddc668af-cc61-4896-9fbf-e6ae3e3aae94,2021,1270596,E
00de065c-0af3-466a-becb-8f55115a25a7,2021,318882,E
9fe4fe91-595e-4953-9c25-e78a117166dc,2021,95017,E
831776a4-c607-4de5-aa14-ec2369da2c52,2021,118420,E
215ede21-7dd3-4da9-a7db-dab9b2e8fcfb,2021,43664,E
378674ff-cf6c-441b-b864-f86e2ba9dbf8,2021,19047,E
bbee3591-087f-4af8-963c-03eb09859970,2021,108660,E
666c8fae-a695-4e17-8e21-0e6b630145b8,2021,1322390,E
79d5170c-d7b0-4a7b-8e5b-0e14cd1524da,2021,1265453,E
2fe2d6be-b59f-4363-8f71-f725c3116309,2021,1070485,E
03fc8b79-0633-46e2-b8ee-27b17f5fc58b,2021,1136142,E
f6c7abf8-c5c2-4192-9238-4586e0870235,2021,1322390,E
ee5c01f0-7bed-44e9-9c75-bfeca18b5504,2021,106167,E
4b3c8d77-3939-4950-bd67-31cb5adeedd0,2021,13277,E
a3bfa0e8-ef16-4f3c-be1d-2ee1bda4f2ad,2021,94762,E
79b1e8fa-1c25-4a5e-a722-a18020167558,2021,101942,E
34bdd1a1-c924-40b4-b108-7012e4db41db,2021,1270596,E
53ac3058-f613-4caa-b35c-a6a2d53be27a,2021,106167,E
a17c443d-d4b7-4a81-a499-e6bfebf097be,2021,13595,E
9f910894-1908-4016-966c-633dc5f238ff,2021,107360,E
1d520f3a-efd6-4c6e-84a8-1390cdc0c2a6,2021,106996,E
6f83c334-1054-4b26-8259-432cf7725e44,2021,5000135,E
e955698d-f100-47dd-a7d5-225a53f550f5,2021,98305,E
972200ae-b9b6-44b7-b85e-68ebb6b02753,2021,43664,E
6b705fd3-b6e1-4b18-8ad0-fe6565317b08,2021,94762,E
618cfe60-971e-4310-ae4e-b81ce00fa1d1,2021,18558,E
7ac13f1c-53da-4670-954d-f3878eb205a0,2021,13595,E
49d88d41-ec94-4c48-8ff6-c8c8d5f08ec1,2021,101830,E
7251e5fe-e209-4839-b88a-e8a203c104e9,2021,2209,E
e0ac251c-91fa-4dda-8074-e39a91aeb061,2021,1288839,E
8ed3267d-a80d-41da-a2fb-44c953311768,2021,1300429,E
78f37eef-cfed-4680-a2b8-419e7654248a,2021,13446,E
214b6371-e861-46fa-9dbf-778fb2229a85,2021,106996,E
0a9820c7-f78e-406d-abbe-55b70234e1ec,2021,5000135,E
59d25f94-07bf-407f-a7f1-90ecc1cd1aa6,2021,1187671,E
3903eb17-5380-407d-9449-b3fd9f3477a7,2021,118468,E
75149bb4-2e02-4e52-9f1c-7e4930539f1f,2021,318882,E
2e8f2c3a-0a47-4b56-a6e6-ecca912dbf0a,2021,11452,E
3cda2a52-3dd6-4524-8803-76a48cd6293f,2021,317,E
ab1a5288-c699-458c-8cb0-e50e16e8703c,2021,101942,E
68d1ddbb-e13d-4c71-a5fe-5d729d5b8dcc,2021,98764,E
12bf9abf-efaa-4dc1-823b-9ab067796f02,2021,5000135,E
16c56aff-1937-467b-be71-46ed19d9f118,2021,1269545,E
510c34a1-d41f-4fdf-917f-58debbb81efa,2021,5000135,E
657d100d-2891-47de-b5cf-a21502823a78,2021,103062,E
cdc2b5b0-b330-4718-b026-abe738fe2c0c,2021,513,E
922be398-01c5-446b-b94e-90208202932c,2021,13446,E
3f0d362a-e7c2-478f-aeec-6fbf75b5f9a5,2021,317,E
2f1c2615-5b22-4984-8fdd-e757e8f2d3b6,2021,1136142,E
69308150-bb76-40af-897b-ef81ce93a73a,2021,101942,E
329ae666-f162-4625-ba79-38aa288993fe,2021,95175,E
7a6502a0-026e-4ac5-baa3-1a5b7c8c10dd,2021,1136142,E
52f6a25e-1579-467f-a11d-8728311b2ca5,2021,1136142,E
140f7203-989b-4660-8050-e600a1c0945c,2021,2209,E
fb3d1960-d830-40d7-b6c0-1f7fdaf7a7a0,2021,101830,E
16ab66be-6584-4f32-9715-aa3069fbc760,2021,1101244,E
d5a89708-f2be-4ce7-8cf5-e9b2076c61c6,2021,1270596,E
60dd1cce-3dca-450e-9e9a-0d4cbce237fc,2021,106167,E
ff8596ac-fe4e-48e1-b856-c44cc17a8cc0,2021,1190071,E
76433e10-120d-43b0-aac0-8166c6c459a0,2021,13401,E
ece2caf9-18bf-4b74-9ffd-6bf4aff75c5d,2021,317,E
6722264b-c99d-4d3d-bb57-e468e337b23b,2021,95175,E
a2529cb1-bdb0-40b5-98ae-5f4f7885d894,2021,1203177,E
16a12137-73f9-4cfe-93f6-be7e90b32a85,2021,1314243,E
f9590f3c-4b3d-494e-a652-3073cc129eb6,2021,95017,E
5b051757-3ba8-4c37-94cb-895ae0a7e3b2,2021,11452,E
fd21879e-55a5-444d-8004-2a1034b5198e,2021,1376131,E
4f967fc4-59b0-44da-baea-9b9f789c5c5f,2021,1203177,E
2a10846a-0722-4180-9aac-195569b51082,2021,1181115,E
7a81eddf-53de-42d9-b9bd-26d7816a6f88,2021,103062,E
b39101ae-ba60-446c-8190-128d1fe69b65,2021,114616,E
39c851ae-8976-4b42-a948-01866bc21506,2021,2209,E
7aa12eea-fce2-4d98-adcd-242cc114cab1,2021,106167,E
a52f9ef1-0536-435d-acef-f84f5ef2bcb1,2021,1204325,E
e7e22d47-5582-4f9e-9bec-3b9a387d62bd,2021,13980,E
cb47ddaa-5d1e-41ec-a318-a7c971bba6a7,2021,5000143,E
ad6c8b1e-a4cd-4f9f-b3e0-89bfba9b15e1,2021,11452,E
73fb497c-cb37-4256-986f-4c9bd2840d0a,2021,1267543,E
87e73f52-27a4-4a68-b646-b492813aff97,2021,51020,E
6a4e95e3-3fca-4051-86e8-dbb78e9768a8,2021,13595,E
84dfd12f-e8a1-403c-b440-86365df55dea,2021,1132918,E
2e1da1f0-955a-4288-ae1f-5623ed1a840f,2021,106167,E
ab56c42a-7dfe-4349-8477-8992f772b337,2021,317,E
287d04c7-7b41-48b0-83f3-505792821343,2021,101942,E
e1f0d62a-e759-4d14-b639-0f252ff7316d,2021,1148708,E
503d15e2-e70a-4d80-a774-f461ae42aa43,2021,97778,E
8a4c55fa-f0d1-4129-b270-0976a5277c4c,2021,46377,E
f6b174fd-5961-4e4f-963e-0b580bb7dab1,2021,1288839,E
617fb03a-a3f0-467f-a799-ab65ff4991f8,2021,106167,E
d6720180-0dde-4bae-aa24-8968293c4a32,2021,1300429,E
ddcd0f36-5246-4843-af08-5a39ef28161d,2021,64664,E
c4a32285-1e36-4ef7-b4b0-d4e56e77427e,2021,1187671,E
e93ad102-3e2a-43d8-b97d-98af2efd38de,2021,1136142,E
4fac1c6c-4bb3-42fe-97d2-5fbced6a0a64,2021,95175,E
226ee8a4-62ae-46c1-a935-eb8dfcac9a96,2021,114616,E
9d46702a-48be-498e-81f9-20d9a3dc028e,2021,11554,E
66ba4788-7a45-425e-a76f-3addf7cc9ad6,2021,5000135,E
51974d98-6ab9-4591-bb4f-790569e35dfa,2021,1136142,E
dafe07a7-0a25-4c13-8598-7e6f058b1ddc,2021,13595,E
9b58da8e-a53d-426f-8355-a2d2155767e2,2021,13446,E
8247687a-ba04-4a5e-8e7b-4d7852d1467a,2021,64664,E
9f16b96a-779c-4c10-b5a1-d68f6b846b59,2021,13216,E
845991ca-6b84-4572-afb9-e8dd8a605e37,2021,1136142,E
4a781a99-e536-4be7-9c91-8110c412d1c7,2021,101830,E
a9cbcbc4-f806-4e31-a166-39f920baabbf,2021,74737,E
9a15ff13-e4c8-46c1-952e-c8d0ed6ab24a,2021,116770,E
78e3920b-4fc2-46c6-8947-8545e87783f5,2021,116770,E
6678d8a2-5de8-4310-860e-9f660e56f098,2021,49054,E
515cbf2d-0245-4e8c-8971-1b052cd5c19b,2021,1267543,E
fa32436e-16b4-4a34-9d9b-c3551c1f5a4c,2021,91181,E
a951c1e5-d21f-4185-ab4c-81e87f9a7660,2021,11452,E
5d20d06d-8c23-4b88-b81a-140b11d9689f,2021,101942,E
11046945-24e6-47c4-9790-fc91eb96d88b,2021,1102628,E
5fc2780f-e707-4e62-8ea7-14806564ceca,2021,1136142,E
64e6cf87-99c9-4f70-a77c-d48f0649f216,2021,118420,E
249ba6ae-e451-4856-817d-b2738f13076b,2021,5000135,E
5227bd3f-025e-4a62-8a28-adc40e2a4518,2021,13277,E
8b193fc8-2294-4a12-a717-6e6efdf56d35,2021,13446,E
86696864-fd1f-441f-bf0b-a8c62ece193c,2021,13980,E
45951f91-696d-4f66-8ec2-0d5df7d3a80d,2021,103062,E
eafaf142-5f3c-4629-8ee5-1cfb916ea271,2021,19047,E
e7dfbd83-3c29-49e8-8f6a-c92a60c4d9f8,2021,1322665,E
5917e727-9c4c-492f-9956-d4fa0852f0fa,2021,1136142,E
d737f7da-be12-4752-833e-85cb8ca37ba2,2021,90030,E
e728d8a9-4617-4bea-aa0a-1ebfd4c796a5,2021,1351760,E
346ce276-f1f5-4217-a1c7-b2307875a7f7,2021,1272079,E
26bee895-cb9a-40a4-94bc-5b46c726bf6a,2021,1190071,E
adc049d9-e0bc-4890-aece-71c1c699f4c3,2021,317,E
b9219a86-93ba-484a-9675-77014e74c5c6,2021,13595,E
5ede21b5-92f4-4c5c-b532-c99deb606d02,2021,59122,E
14fe6e5d-70d4-472e-aafa-25fc3219422e,2021,13401,E
1f6cdb73-cffe-4940-a625-dfd36353c844,2021,11452,E
a2e7dcf6-84b4-4a46-bc2b-5fd1f4a708bf,2021,11452,E
79260968-5cff-45de-aedf-e8c982a2e64e,2021,98957,E
8b8ed443-ba5f-40c5-a8ed-b198536bf754,2021,5000143,E
e9027fcf-ff39-4694-bd33-cde0fe65b942,2021,101942,E
9e536260-d0f0-4216-9f11-6e00a47ddb57,2021,11452,E
8bc228d8-41bf-4a1e-bdfe-e31534469b6f,2021,1136142,E
1f022cf2-b35a-4e79-abde-bc4d3b775a25,2021,1136142,E
44f40f4d-9075-4bd6-b732-09dfefb4bc07,2021,1300429,E
711c3e76-20f1-47e8-9183-812d121af993,2021,317,E
548a89f5-258c-43c4-9835-e866efa76f13,2021,1102628,E
56b0f411-31a4-4319-a119-994790df9d7f,2021,1181327,E
9644e121-6e28-4f86-b373-23cebe8bb5c7,2021,95175,E
8494200f-6ec0-4a98-9dbe-a3c342631780,2021,317,E
8ae98772-557b-40a3-947c-d692aa4c3245,2021,1187671,E
d1353c08-41f6-41e9-9b91-48aa9d6760ab,2021,513,E
7ac8365d-99e5-4a13-8798-f62d6962178d,2021,54934,E
b685f7ed-abe7-4d57-a735-914289938fea,2021,13446,E
33217541-6a29-40a1-a97c-0d36bbc9a89b,2021,1270596,E
e3226365-3eca-46f4-a274-994a377eaded,2021,1118057,E
0c2dfe07-28bb-4387-9f4e-89484f425917,2021,108660,E
c2a85e1f-7dde-4d15-9bf9-017fe526d6d4,2021,41238,E
c84261d9-719f-40d9-9465-df6ae6990ca3,2021,118468,E
c5f8238c-9921-4001-a6c3-04e7bd5586c5,2021,107360,E
0dd5bbc9-65f2-428f-a042-d6face786a7e,2021,20030,E
92865650-80b1-45bc-9167-84451dfd1f19,2021,1300429,E
2574922f-6de0-4374-90b8-dd46f431a0b2,2021,13401,E
d6e50691-5a8e-488c-80da-743963966a0a,2021,5000143,E
da05fdba-fc3e-476d-b1dc-ac89776ea2ed,2021,103062,E
50a297b8-5502-4061-a2b1-714647941064,2021,1300429,E
cf0adec5-75a0-40e0-b724-5def83a4cf07,2021,1166783,E
6b627002-48e1-44f4-bd75-84e0c21380e7,2021,47051,E
4654c78d-82a1-48db-bce4-2e809aa22a57,2021,13401,E
bb875ed9-461a-47db-8a09-af65a40c06ed,2021,13216,E
cba15f27-a93b-4877-95c7-abca3eacba3d,2021,1269545,E
c965d15c-de4e-455a-9141-9eb65ee4fa46,2021,98305,E
dec4b329-1e06-4970-9fb2-f6110e7672ef,2021,9414,E
0de015c8-2d38-4431-ad79-40e752f6d199,2021,11452,E
d384f40c-9d5f-4372-a808-b7504e8e9915,2021,317,E
4cd91663-c41c-4879-bb1c-bed4ecca9c12,2021,1136142,E
3bed02fc-bf30-455b-b7ff-d6dd0d020c7c,2021,1136142,E
16d138fe-5adb-407a-8087-4ae7fc488e7e,2021,62484,E
f6fd9b7c-c33b-474b-bb83-32b453b20b80,2021,54934,E
7be2d187-ea49-4e9d-a415-9d825e60c827,2021,101942,E
aca8fce4-b1c3-46dc-aafc-4f079a692fcc,2021,20239,E
fa2bc174-f96b-49ec-ad17-80df9e6c284b,2021,118420,E
2d32d162-37ec-4035-9916-613626496e83,2021,20239,E
66819b0b-d59e-42dc-a6fb-540c9833bc59,2021,64664,E
2c5431ee-0429-44ae-8a4c-a7a9aa0ca087,2021,317,E
71d38e65-4ae5-449d-9e92-84ae8a2a3956,2021,99820,E
5a1f00cc-0382-46b9-b9c4-3ee9ff74434d,2021,43664,E
359ac230-4625-4294-9b08-1e029a3a40ea,2021,13446,E
cde752e5-c3c4-4c5d-996e-57102420e442,2021,1376181,E
350ebad4-121c-464d-83d2-38c1a6df9d2f,2021,18683,E
0d076517-c16f-482b-ac9c-97b1e69de97b,2021,95175,E
d4ddc5f0-2848-4c78-b6bf-92570d43796b,2021,106167,E
c7e66e2c-7dd2-48c3-b580-32787a2d31a8,2021,118420,E
73beacae-c2c3-46ce-9d4b-cff03f17f3ff,2021,13980,E
622dd2cc-9721-4dbb-a2b8-4eb7219642d3,2021,1136142,E
5ab513f4-cd44-4269-96e7-d6e736b5d102,2021,118468,E
5ad4eb08-3180-4cac-8607-80816ebc6f55,2021,13277,E
66a97f3b-bb81-4aa3-9492-24fe8c4b9c81,2021,1181115,E
3af629b5-f8ba-49eb-88d2-573ee48325e1,2021,95017,E
cc12cd1e-302e-495b-b40f-d6b42db7ee6d,2021,64664,E
a6def87d-1b94-4a37-ac8c-52d982fc3998,2021,114616,E
fd8ebb83-7067-432e-990d-05dba0c53364,2021,21464,E
22b3588e-5ade-4933-9289-260685bf202b,2021,118420,E
da420be3-631e-42d8-bd83-89e54e9432a7,2021,53342,E
4b7ba24b-9b21-4144-a4ef-1c0596ccd075,2021,97443,E
c2ace8f4-1a72-4c52-862f-df348c8fe8a9,2021,19042,E
bdd374b4-8a1d-435a-91ac-abc6bc1f3e98,2021,2209,E
1d16ee61-a36d-4a95-ab77-9b397db2236e,2021,1117717,E
a9b2e796-c00e-4e98-956d-5f3d1a0e750c,2021,102590,E
21b3644d-e022-48fd-b241-70de3824d36f,2021,106996,E
9713b34f-dcb4-4076-8eea-d63c1ba18b82,2021,95017,E
903fdc81-7263-4479-92df-489ede0dce2f,2021,21464,E
15d882da-5e36-4164-a140-a3ffb3ba0d05,2021,1102628,E
56ac315c-64dd-4d1e-ae98-7cc260045d56,2021,13595,E
0b898f61-5523-4e56-8e1e-32ea0d31672c,2021,1136142,E
608fdd83-dbe7-4714-8e11-0ecfee28cd8d,2021,1132918,E
c19c5b83-7ae0-4448-aa86-aff6b94bdbc5,2021,317,E
c64abbb6-5da3-4234-a7ae-27fae891d658,2021,1283028,E
d0f52c63-c0af-46f4-9478-1623b25da60d,2021,317,E
492e5b9c-9cd5-464a-8d9e-fb5610c82a4a,2021,317,E
fc6190d5-0fdd-48bf-9938-6a05a13eead7,2021,1136142,E
f46f4d2e-097b-488b-9d53-8253a1129e33,2021,97778,E
f2b9990a-79ac-4a80-b9b6-d24ea8f97a6d,2021,13595,E
d0c13176-a5b5-4e12-bf2b-d16037714fec,2021,13595,E
bcc743d7-2b80-4f7d-8f50-1da63a626c05,2021,1136142,E
62c7ddb2-ca29-4667-a29f-3493842cd7c4,2021,101942,E
d20d819f-2663-4ae6-9fb3-b93b124409df,2021,11452,E
4b2b42fc-2ea1-4147-854c-57e036ea536c,2021,317,E
cc7a4b38-706a-457b-a041-3320fea3511c,2021,118420,E
279760bf-5bc1-4bcd-88a9-b6fa5ccb2cca,2021,13446,E
ef7e257d-8d02-45c1-9450-afb8e2e57eea,2021,13401,E
467d80e0-6dea-454d-8fd2-a445fab1412d,2021,9414,E
15afcb97-bd06-45b0-9acf-e118ffbd0e4b,2021,1300429,E
d0693443-2601-4460-ba2b-19501a79bc0a,2021,118420,E
ec6f56db-0195-4b9a-9c5e-a2ffe6f5533a,2021,1187671,E
7d2184a1-64e2-45c4-b95e-90631b00eada,2021,101942,E
b4e1b51d-1149-426d-ab36-7a0a9624dc0e,2021,88068,E
46f239ca-fdda-4bc9-96ba-7979aa0b7c40,2021,99406,E
1e02e9d8-6a4c-4afd-bad8-08fad4032628,2021,104360,E
1fad6b1a-aeff-407f-81ad-b8748b2ce7e0,2021,62484,E
aa1ac2f7-ae8e-413b-b5cb-93b1d4e45c10,2021,106167,E
d1d511f0-9b29-415f-9f08-2a7ed2cdfe63,2021,11452,E
b66be6c2-bbef-4a3a-8971-acf0d0e32223,2021,1136142,E
7bfa4439-5849-4973-9ca0-10cb7682408d,2021,20030,E
444ae3ba-0a3f-49ed-917c-ca166f8009a9,2021,13401,E
29149ca0-22b3-4d22-940c-5b50664403c7,2021,13595,E
df8f5ddb-fa1d-4c0a-9f07-631522615dd5,2021,13980,E
9109e0f0-6b3e-4c8d-918e-eff322d3b71d,2021,13980,E
58ad12ee-2648-43a3-8bb2-a29ad4b4106b,2021,13595,E
5bae705b-e569-42e8-879e-64042bcb93cc,2021,1136142,E
9ef2316f-ae17-466b-882e-1fb3132323bf,2021,1272079,E
9965ad91-4a16-49bc-90af-90deadb8cfdb,2021,58808,E
24246c19-39a1-4f2c-b0a9-7737c9d3fd17,2021,62484,E
a895bea4-95b0-4d3a-bcc6-2757076b3db0,2021,118420,E
e4d7df65-0d67-4fc8-9039-ed7eb0cd3a8d,2021,11452,E
cc93d5b6-d136-4ab8-91a8-822a117d07a0,2021,95017,E
369b68fd-b0f8-465d-a16b-ad86a56e85db,2021,95017,E
da258fb8-9172-4115-970a-838c22078078,2021,107360,E
4fb9b69e-b4ae-4009-9b9c-4e5cd7c0929d,2021,56172,E
7967c58e-45ea-42c1-b2f5-a3184ea36030,2021,95175,E
2db97396-c044-4371-a738-9260eaf438b2,2021,1270596,E
17c99273-ef5d-45f0-ac2f-901974febb8c,2021,11452,E
5d76838b-3675-4c84-ad19-b54b691d4aa6,2021,118420,E
dba7d0e1-1654-4046-b40c-1364ea01722c,2021,1270596,E
00afb3ba-f045-4354-8f20-2209cce0fbb1,2021,118420,E
75c739d2-0374-40c1-90b7-8dd7e4250bd2,2021,101942,E
74094b33-5cbf-4f26-9c2f-ad02cbcd41f0,2021,11452,E
91df2a45-d78e-45d7-b1af-24c0604f4005,2021,13401,E
19ee05e6-5798-421a-a99d-ed33ca6598ab,2021,106996,E
1e8c7a30-df2c-40c4-ab65-142ba53401ed,2021,117022,E
f1d843d2-f51e-4301-882a-423edf3c1c7b,2021,317,E
3eed5d1d-4237-4068-abb3-8ea48b7bc254,2021,113687,E
d994144e-bf38-40b4-8703-98078d28e82d,2021,95175,E
ac0ede89-0440-456f-8420-98254d3603cd,2021,11452,E
e7d49448-7669-49c1-bf68-84415988d05a,2021,5000135,E
baaf115e-d2dc-4b9e-ab27-2c1a19927cab,2021,11452,E
375ed3ff-67e3-4b3f-a4d0-a03c41e1ee2e,2021,98305,E
58727f3a-6655-477c-9dc0-5a54aa364640,2021,47505,E
444894dd-a512-4464-ac5f-162602f1b4a7,2021,2209,E
09a1b138-e941-4864-83fb-8d9d0c75bc9d,2021,108660,E
90a96609-9ae6-45c0-9688-678d14cdca19,2021,1102628,E
9b0870e1-24af-416f-af55-b11cc61b6afc,2021,317,E
cda3d0d8-f665-4b96-8ac8-fe3db0fda403,2021,118420,E
3a3053cc-a630-4cf0-a952-75ee705bc3a3,2021,118420,E
a0c476a7-d438-4534-afe5-2ac113b7ad75,2021,1047907,E
511e4bf4-22b0-4cc3-bb04-751c18d360d1,2021,513,E
834a4ba6-19a3-42a4-bcfb-2fbecdd55648,2021,47069,E
ecdf450e-9f14-4f16-a247-59077dc6a1ee,2021,106167,E
1ccdc274-fc44-43a1-8ce1-a167a01fbc6b,2021,99406,E
e2336825-9e6e-4e23-ac58-78118c431c98,2021,317,E
f88f004d-99c1-4cb4-9bd9-c0a29e62bc42,2021,513,E
925e004b-a1f6-4b22-b1cc-d842e481935d,2021,2209,E
fbc1dccd-25c6-471c-821f-b7690ae0a46d,2021,11554,E
6d94286c-4121-4532-858f-2201782cc46e,2021,513,E
65fb97b9-eb06-4042-89a4-339e7d6d9ca5,2021,98595,E
c29ef31e-a38e-457b-9039-32096058b9a4,2021,513,E
e796e433-ad0e-40ac-80a3-86cbba4c6176,2021,13595,E
0c688b04-1858-40ad-86ce-406d1b74ff87,2021,317,E
5f7ceb54-c977-4e2d-ba10-f7ffa333f022,2021,13595,E
be020932-3a8c-433b-be00-f512d0edd64e,2021,95175,E
0685913d-006d-47a9-a382-a90b343598fb,2021,11554,E
c6e36b80-4e9b-4c47-a9eb-ce46fe2af750,2021,106167,E
69368207-ca3a-4ac2-a1d6-9d1a5ac7a3d7,2021,101830,E
d2c33d03-b10a-4e0f-8db8-6372614c1dd4,2021,95017,E
b2e10688-95f4-4f6a-81dd-ac906a78f098,2021,1385488,E
5681de46-2d7e-4cfa-80a8-11161a813e0c,2021,118420,E
680dd6a5-c33f-4a73-9745-630d8f98cc9e,2021,5000135,E
2b0dd6c7-96bd-414a-84b4-af0fd9500eb3,2021,1269545,E
ec76c8db-7dd3-42ee-a795-7064798b18a4,2021,62484,E
4d16e75d-0291-410d-8149-773abdf4060a,2021,62484,E
d7c78dc0-ff2c-4168-8336-e01029b6b2fe,2021,1102628,E
9b7b7138-5a5b-4238-8b93-ade4b5776835,2021,101942,E
7e388649-9a7d-4297-b8f0-c5ae9ba1fb4a,2021,1136142,E
a589008a-afce-4db8-bb0c-48911508da85,2021,90030,E
9a00101d-1990-43ad-9c5a-aa1793725e04,2021,1118057,E
5c0b571f-b83b-45ce-9cff-a1d843fe94ae,2021,1379275,E
0e80eaec-fcd4-47fd-a56c-db980a707ec6,2021,48675,E
198915dd-352d-4035-aa71-400fdc7ec1ce,2021,13401,E
da150457-559a-4571-842b-5f7904b5897a,2021,95175,E
b69ba1e2-275b-4947-bb74-8b58624913a4,2021,11452,E
99ae325b-2c54-449a-8ba9-a0bef6994171,2021,107360,E
3d5b2a6d-1d35-456e-a651-e27655a5f359,2021,1102628,E
37f2bedf-1bc9-44c8-8520-9a11c27ef8bf,2021,95017,E
05849c8e-953f-4a29-92b5-73ff87883d19,2021,99820,E
81035367-1b91-40b7-bda4-575534f03c0f,2021,1136142,E
33255027-578f-4b45-af29-2c9ffdf0b576,2021,9414,E
e4cd77c7-96d5-46ea-8e50-3577242db653,2021,95017,E
13f476f7-70fd-49fd-9905-4fb0222dbf61,2021,95175,E
1731aa86-0c4a-4f43-a7cb-a0be6b0af7de,2021,13595,E
d73c17ef-3d79-49f2-b68e-c029da8b8a85,2021,13277,E
bb677f15-8c35-42fd-ba0a-50e6e3ede2e0,2021,13446,E
a61b059c-158c-4d92-a48e-32b4815ddc3d,2021,64664,E
51c849d5-09cf-45e8-aa86-cae82e6b8cee,2021,11452,E
c4e3acc3-e4cb-4b29-a53e-e74fbe531036,2021,1102628,E
94dba18f-4098-44f8-acdf-41fade5abbf6,2021,97443,E
62644a43-eed8-4ecf-b42d-93642420b6e3,2021,13595,E
951236a7-0277-4b2f-9bec-2e108c18bdaa,2021,1136142,E
b746c1fa-5a30-42cc-bb66-01218f841b24,2021,12313,E
7cd134b8-07e8-4fe1-871f-a7786b4444c2,2021,13446,E
b2572c9e-7e7c-4a21-b28d-08b627085ee4,2021,102590,E
af9b30c4-d44c-4602-9201-31de09169a88,2021,1113582,E
7f0ca06c-f305-444b-bb01-871ddc2243c6,2021,1113582,E
fc394231-c884-432d-87e1-7288638ec106,2021,1113582,E
7e99eba4-4522-496f-b8a5-c80a1ba120fe,2021,1113582,E
a6dfdc9d-6924-4be4-a61e-9ac7f44ec12f,2021,1113582,E
dd92b07b-43ec-4d98-9363-f3f80765794c,2021,1113582,E
c55df203-decf-4899-a076-a37c17dad724,2021,20933,E
a3978f66-b927-4d89-b852-eda3c6687449,2021,513,E
ac89c4f2-f23c-41e4-a767-deed4f06527d,2021,513,E
96796746-fb06-47c9-b76a-624282464e7e,2021,1113582,E
8fad2f41-159b-440a-825f-e54319ca8d80,2021,1113582,E
1481e54a-7c22-4a5c-9d58-b2cad291f6ab,2021,1113582,E
74fd315e-95dd-4e58-9eff-66fa76f23589,2021,1113582,E
ea39e7bd-3cf8-49a9-a5ee-31aabd7be09b,2021,1113582,E
c77d2cbb-57d6-4290-aba6-209232455ed7,2021,1113582,E
54d85f0b-2a30-4fe6-998f-f20b61e5d906,2021,1113582,E
420f31b5-b827-491c-89a1-fba9ec6706b3,2021,86318,E
6f9b4f4c-810f-4e0b-bc9a-01aef31e0233,2021,86318,E
ac8ee632-cfa3-4eba-a57b-49b17e2dbfb4,2021,86318,E
5d2de759-0b18-4d02-8d6c-f316a414466d,2021,86318,E
f045818f-f531-4971-b204-4fa9062aa520,2021,1113582,E
a4d4f1bf-d865-41c3-9773-074ba7cd9106,2021,47069,E
9bd11d52-5501-42d3-8e4a-76a0763b7f0c,2021,86318,E
6b1e5373-ccce-4e81-8c71-29e1dc8b6887,2021,1103723,E
ddbf98fa-036b-432e-aeb6-d3f2682bb9ec,2021,67601,E
6a8ed687-0627-40fe-84e9-5250869e631c,2021,13595,E
47f51319-bc76-462d-b54f-3cabe647bc71,2021,13595,E
60b8b210-ae77-4083-ac2f-deb879b8bcd9,2021,13595,E
c9c827fe-0b38-4d41-95ab-de9bab4cf3b7,2021,13595,E
6b74500c-4f2c-45ef-ab1f-2608c8847c43,2021,37862,E
5563fbb2-4f46-49a3-a277-67c0490132c3,2021,107360,E
fff1ff4f-338e-4189-bb51-1b06911a1e83,2021,1180773,E
e614053b-15c4-454c-93f2-3f683974c242,2021,1180773,E
030019cc-8259-4873-9184-c7d9286e636c,2021,1180773,E
6aabd2d1-a8c5-4fb6-804c-a274f5c8dcae,2021,1180773,E
c705e74c-ebbd-490b-b02b-4b1cfca53c7f,2021,1136142,E
776b0907-f454-489e-95b5-3566e88a509e,2021,1136142,E
ca1ef076-f5a0-4759-8253-bbeff01ab887,2021,1110857,E
c7dc0bac-8b9d-4c0f-b5ac-3e9c5fb6b032,2021,1102628,E
8474e83d-62fc-4c09-ad4e-8baa73538654,2021,1102628,E
b233464e-1e24-4743-89c0-6c51f0eb0b52,2021,1110857,E
2fe6fb1b-f758-4681-8a25-5d145d0e7ff8,2021,1110857,E
a7f50b5d-9816-4aa8-9589-ab36591e450f,2021,1110857,E
99aa1f15-ccf2-4d18-a0ec-5fba67ef3dc8,2021,107360,E
d567ac80-6006-4a87-a671-f6b951b79534,2021,20009,E
4039b542-3fcb-4e47-9166-abef3e8c52e1,2021,1047907,E
d3346a45-dd28-4351-b632-1371992b35e9,2021,1270680,E
1b31844c-af96-459a-8490-0b2e88f6f586,2021,12025,E
189f2328-ea43-4624-9dfa-0114ba39b3e7,2021,12025,E
6e313c30-1342-4f12-986c-17112c84ce5f,2021,1376181,E
98791fcf-1255-43ed-ac2f-244e6561ed44,2021,1314243,E
63dee38e-5fc0-41a9-837c-a92d35bd7782,2021,106996,E
e430d1e0-94d1-473b-8a03-91ee488b826a,2021,101942,E
eb36c8fd-728c-4a0b-9a94-c75297f31aee,2021,12025,E
0fbe3513-ae45-4485-8d66-601c7d4f53d3,2021,12025,E
4aefbbf2-47fb-4255-8351-88257d7e6af4,2021,12025,E
1ea83b97-d982-4fcd-8c8f-2cd460d135b1,2021,12025,E
363580a4-b7d8-4f39-ad55-673eac1eeab1,2021,12025,E
48c4e705-c659-4f1c-98f7-3f13075b5d25,2021,12025,E
ccf68e83-c69a-4eaf-817c-0e3a9a7891a3,2021,12025,E
d11cdce2-7e52-48f1-a808-6374cf0c3ae2,2021,12025,E
e3d45b3c-6688-484c-82e1-d4df0e3576ef,2021,12025,E
aab9c5ef-7c2b-4009-a2ce-d1b9a71a47cb,2021,1270596,E
5a00d9b5-2645-4633-86cc-295be990923a,2021,1270596,E
20fa8f4b-1c6e-469b-b7db-18bc0f9511e1,2021,60886,E
4d2a74dc-f269-4ffa-9e81-97c6b2eb781b,2021,60886,E
3e960f3c-3a58-46f1-95f0-7c648fd1206b,2021,60886,E
6720c5f9-3705-4dbf-b6b3-fc9ddc6d5319,2021,60886,E
8bb5ee6a-c4ed-44b1-9dbd-5f6a15485dec,2021,60886,E
f8a308b9-0f4d-49f8-b866-1f2afaf979dd,2021,116770,E
ea76ce17-8e08-47e9-b07a-bffa0208e0e1,2021,116770,E
4e349dc7-b2a9-4c23-957b-d1fe9413342e,2021,60886,E
232e4d00-7008-4f9f-8007-9a8e041bd7c9,2021,10515,E
0a938f33-de54-49aa-b21c-0f48dcfc65c3,2021,1330347,E
90822726-cf17-4d41-baea-7a91c5cc5f1f,2021,82364,E
d1eae521-94b0-46d2-98f2-251bb11ed5cf,2021,82364,E
629c20da-7cb9-4f41-847d-83c3f205be89,2021,2209,E
a1430e55-a2da-42bb-9391-63c813331598,2021,48675,E
c993544e-0eb2-4397-a37e-9fa40c3dade8,2021,1042278,E
dadbecbb-cc4c-43ff-8bcd-6621d4f9b9ce,2021,103062,E
61ca5ee9-916a-4ade-adcc-a0ee863b53a7,2021,13595,E
f093eb7f-4b3f-4cc5-a386-7321d43712f8,2021,5000951,E
613d3185-e9c7-490d-a48c-9224b8c0f446,2021,62484,E
3753e635-1634-45f5-8b45-d6dd7098e798,2021,106996,F
f93ebdb1-14e0-4b4a-a8cc-7e651c98cf9f,2021,106996,F
458bc748-60ba-45e0-ab61-532773dfa59e,2021,1203177,F
ed3001d0-8baf-41b1-8706-2a8638ce1070,2021,37862,F
ffc6fcfa-c89e-4230-88a3-974fb4b353de,2021,106996,F
38ee8378-8e35-44b4-9809-1fc664e9e393,2021,1101244,F
c70f4f76-18e9-4e8e-9e26-0392ae276f2a,2021,43664,F
2f94f7f1-0f6a-44b1-99c4-efe418b0b3f2,2021,101942,F
e03e3d1a-0d84-42f6-bb6e-0353d7170e59,2021,37862,F
b139a1f2-398f-4e1e-b166-79bc9da10115,2021,1265453,F
2949bfbc-2846-4033-a43f-357dd5b56116,2021,1322390,F
7f6693aa-0158-4b39-b6d6-974b108699a4,2021,95017,F
a527aee8-c937-4607-8d1a-b29fc7a1706b,2021,113813,F
e647489c-7f32-41ac-9ea2-37a35b98cecc,2021,1318224,F
05f890e2-1547-4c54-b1e9-4fd2e2a50b21,2021,113455,F
abd2259a-8184-4930-9d72-dbfd1e329aea,2021,86326,F
cc4346b3-7ee9-4e18-9eec-4069d37c40a8,2021,20933,F
5d382c67-1eb5-402e-8c89-f462089d5d40,2021,112086,F
328bca52-8ebc-46c7-a38c-18e69d82eaa1,2021,11452,F
e4f9b89d-96e4-4559-a8c7-3bd245e71c6d,2021,1314243,F
8db67c60-0904-4533-b872-0169ef52830a,2021,116770,F
2d3932fb-fa4c-4428-9902-bd5b7a3fd781,2021,1322665,F
86459d70-b119-41b6-afd9-b14d5cf99a3a,2021,1314243,F
4073da62-c0fb-4919-83f2-f970c09418bd,2021,9425,F
984e4070-198f-4b00-bd27-178dbab5f310,2021,108660,F
8b767947-1833-4a71-8d83-8a9cc5f0cf84,2021,116770,F
888a287b-1086-47a8-941d-54ed8132b39e,2021,57606,F
27a0457a-ffca-4e54-9fcf-bb6f9f11c73c,2021,5000135,F
744386df-11a7-478c-b9b9-c98024572738,2021,1427745,F
d84d3ccd-68e7-4cd3-bf34-cfdddd394d1c,2021,1181115,F
5a0d7208-ddc7-4139-99f7-b09717851a30,2021,1427745,F
0ffdae61-2b6a-4bd7-a29e-6cd7c23fe61e,2021,1314243,F
2b8f7208-68b3-4558-9e81-15c6fe6d71fa,2021,1181327,F
bdc6a439-7bac-4dd9-a6fa-852485b25cb1,2021,1181115,F
62f45c0a-a50b-4f9b-a7bc-ee78392a8025,2021,101942,F
df180db8-d2bc-4c5c-bed0-0b901d5b4432,2021,1288839,F
ed83fa09-00de-4dbd-b071-7bc8f04e255d,2021,106996,F
e3baa2cd-2d2e-4c87-bb7a-e7912303bec4,2021,1376181,F
b5b14169-3174-488f-b52e-98e9784a2ee6,2021,1330347,F
0d3c47d9-ec07-494b-a540-1a4e24210264,2021,62484,F
556e220f-c14d-41b9-ab63-e20b58eed48b,2021,118468,F
74190d3c-d4dd-4409-b2ba-64d941042455,2021,20030,F
6fbc680a-8483-4568-8125-0f250e063412,2021,317,F
172e0dc0-2b74-4bc5-8053-55604392bd99,2021,99820,F
130a4911-8a96-4772-8f77-f78f37e89378,2021,1330347,F
c20468d0-0d12-4c90-8d03-74d53ea9f7c9,2021,13401,F
fa12db41-8f77-4e1c-99b2-337c88a6ff60,2021,1136142,F
ff4731fd-0a73-45c9-a5b9-01f7e961e92a,2021,1299927,F
06b4f74e-afa6-46ba-a22c-c0f6c6bc8b94,2021,95175,F
15b34242-4fdc-4eeb-88f0-32f9a64374e8,2021,11554,F
bf00ec66-0f6e-4771-b3d0-22eb3d734fe8,2021,118420,F
208e00dd-79ca-439b-991b-cd8b80d10655,2021,107422,F
e6dd593b-549c-4505-a4f4-778754a82406,2021,116770,F
d53c34a2-4353-4d31-ac0b-9217b685eeb0,2021,59122,F
40384d3d-6409-41ff-ba0c-045f06c0a065,2021,317,F
19a08c2d-dc91-4194-9034-a777717f343c,2021,86318,F
b8e072ec-0b27-4ff1-868b-7fff9155ceaf,2021,86318,F
7cc938b9-be92-436d-92bd-7eda524b3271,2021,1148708,F
4048ef36-ffdd-40ef-ad6a-a9ade472b20b,2021,1180773,F
7a5bed27-f825-4c04-80a2-c59ca9dd965c,2021,1180773,F
3cf3005f-0f10-4fc8-af3a-b749964b48a6,2021,73898,F
28380583-144f-4785-90d3-02eb3e40bd85,2021,1042278,F
ba491ed4-de0f-4578-9fb9-f277383d8c4d,2021,1427745,F
a84c3645-ca69-452d-8dec-dd2fd6b091f2,2021,1270680,F
f25be8ac-4014-4aaf-bb1e-3e0ce5083548,2021,64664,F
99a09525-2973-4dce-b7c7-2c40a8ce9933,2021,60886,F
c0e75234-f969-405e-9dce-311983f61b92,2021,1270680,F
67301496-dbf0-4e9e-9e59-bff5a787e023,2021,98764,
ddefb91b-955c-43c6-800a-7ddf200285f8,2021,98957,
f26f8d27-fd89-4d37-b934-6e1df1255cc2,2021,98957,
33725fc4-c9f3-40ba-8fe3-c3c3fa710770,2021,49054,
7f0ec712-b3bf-4709-8c6b-a1ad286a178d,2021,1283028,
8f895583-134e-4de5-ae35-b0f73efc5591,2021,5000135,
1a35c17e-72c4-4fd4-8f9a-31c85337a0fd,2021,1102628,
57d2a8d7-565e-4897-a137-37a997dc5e96,2021,9414,
1f87df11-a3e0-4b8b-84c5-a0315ec0b0b0,2021,108660,
cbf5bea6-083a-41f6-8a48-79511de3d72d,2021,1190071,
9ded796d-e0a9-491b-b34e-d36e49b7453d,2021,1190071,
a2b4103d-312e-41ff-a46d-0e7ac983c952,2021,5000135,
66360845-1c70-4a57-b450-f4b086f3481c,2021,113455,
732cc095-6423-46a6-a2e9-3ccfd53ceda6,2021,67601,
514e139c-3c21-4d86-9491-0ca809a6b724,2021,18584,
ff9fc536-2f8a-4891-a667-904fe73c6de4,2021,18584,
5f01b015-0c87-4680-a633-4e077b9c41c8,2021,18584,
7ad91774-9247-4ea0-beb5-ad892616f241,2021,18584,
f4b50aaf-f7c6-4c89-8a4b-c56ff358f8e8,2021,18584,
76f3209b-1c93-4cd2-a490-d4b7d2de9c00,2021,18584,
12c713c3-5097-4e5a-957f-9f6344feeafd,2021,18584,
5ed5a084-d5fd-4c26-b7b0-9b02d0564cd9,2021,18584,
6a910966-7c21-460a-bbb5-75ee0b49f7fd,2021,18584,
44adceb2-7799-45ea-b3fe-a67579b01a67,2021,18584,
1f559898-a37c-4285-ac8f-e48d07ff6814,2021,18584,
bc31f151-47ca-46fa-8620-1dd7f3e83afa,2021,18584,
d9e88310-1f00-4e76-bc63-cb7042f05e54,2021,18584,
b370847d-10e8-4021-aca4-bfdfd6eafe22,2021,18584,
8a022ae5-64d4-4e34-a8a7-e7c8655baf5d,2021,18584,
2137470d-04fb-45cb-a7b6-56988831f013,2021,18584,
7c7b9cf4-1f3d-4ce3-b146-52e8c63c1fc9,2021,18584,
59b33bfd-120c-4095-9cee-d2b30a4b6676,2021,102590,
25ddd040-d2bb-4877-b857-d612bf666647,2021,18558,
be619b69-52e4-422f-bad1-72cd7943863c,2021,102590,
05c69c2a-dd66-4414-b82a-30e56d3eca91,2021,102590,
a398184e-32db-48a4-abcf-684b01378662,2021,102590,
cf21b8db-16f6-41f6-954b-baf8b632a7b9,2021,102590,
5e758fc4-5c81-4671-8047-59a6c1bb408a,2021,102590,
c54efb9e-bea0-4a2f-bdc0-db8131d8cd12,2021,102590,
97278314-1d30-4684-85e6-f02f08fde6d3,2021,102590,
8f07d9ba-6a21-4313-8508-88a29576eb82,2021,102590,
0a26fdcd-3ec5-4d6c-bfda-37dae6f7f62f,2021,102590,
e44231ee-5f96-47c1-aa48-a7acca4ee9ab,2021,102590,
bb9af5fc-1f31-4907-975b-ef7bc5800248,2021,102590,
85d75265-6fbe-44cf-8e82-65dba3e5c715,2021,102590,
0fa103a1-9240-42cd-866a-d095358b23ce,2021,102590,
064dfa35-458a-4c70-9edb-5768533a3e53,2021,102590,
0079b87a-ee76-44bb-afb2-457e59150abf,2021,102590,
ffac7eff-03ef-4679-affb-acd4b68fca5f,2021,1113582,
ad8446a6-380e-4602-9aaf-61edac5ef9d6,2021,1113582,
da36f14b-de97-471a-bcfe-9744963fa8e6,2021,1113582,
1f46593a-e4c6-432c-86b8-c73ffd7bafd4,2021,102590,
a4edd382-cea1-4516-b29a-c5ef8df17ae3,2021,18558,
ead4f42d-45c5-49b4-9f68-4486c3a43773,2021,1113582,
7d0fd011-43b9-479d-9c11-b63830bb1d6f,2021,1113582,
ce16dd5e-42e4-4d0b-bcb1-dcb938a551f2,2021,1113582,
6d028ecb-0b4f-4f69-b9c6-14988378b414,2021,1113582,
01773af4-15c9-4750-afd0-76e6e8065c41,2021,1113582,
039964b8-1e58-47d9-87fc-f93f20cc073d,2021,104360,
c3073487-75ea-4d90-8369-59d37ca65ec6,2021,104360,
744e4d85-0f37-4167-ba95-08087f26a0bc,2021,104360,
2dae974c-724c-4bde-8d73-88a6c060c412,2021,104360,
3f4392ba-92e6-465f-8d79-513794c2cf6a,2021,73140,
0c8738bd-365b-49dd-9dc3-da5c02ec9d61,2021,73140,
60cfbc29-520a-43a3-aa8c-08c33a900ed9,2021,73140,
80a9d36b-81ac-4ee6-8507-6fbddf32922d,2021,73140,
85b649d4-35e9-4baa-bc59-ee54143ed550,2021,73140,
53e18f79-2e2a-4a5a-89f4-872b0911adc2,2021,73140,
0a3008ae-9c77-4534-b10a-b29f1894bf67,2021,73140,
9b85b75d-7279-4321-a9eb-a644f7e858b2,2021,1113582,
c30543ba-280a-487a-8347-d5e332ebe56c,2021,1113582,
6144c72e-3276-4278-af4d-2c9893afdf2b,2021,1113582,
0ac5561a-511f-4449-a04c-8d9e06e1fbff,2021,20933,
8feebd56-60c5-432d-b267-a941ae07eb38,2021,20933,
9a8e0ed0-9b15-4751-a84c-bd2cc00cb0bb,2021,20933,
b3e4cdf2-a418-4065-bc2f-db42056e2c6e,2021,104360,
63c9a1ce-a449-4025-a9bf-b2a0e5f26556,2021,99820,
1d0076e8-8531-4311-baaa-5ca3fd877c83,2021,97778,
fe9a82b3-c310-47b8-864b-65092c7b7f05,2021,55402,
b1c17bf3-1782-4cd2-a678-2d46dd05df51,2021,55402,
bbbdfbed-8fac-4a39-8579-5b95d14c3422,2021,101942,
a630d20d-b807-42b8-985e-e69abbdbc988,2021,101942,
72350d7f-c1b3-4beb-80eb-f95fd4303ebf,2021,101942,
eb406bdf-1276-409a-8aed-fed29abedf2a,2021,101942,
e7e7fc99-b5ca-4261-9561-98a1bf628ba3,2021,101942,
e13f6ad8-0c4d-466f-bf6d-97c60d4a6b8d,2021,101942,
9ff916c1-41ff-48bd-adaf-c4791e57f23e,2021,112086,
3eebd49c-24c5-4fd6-89e2-127f896a66f3,2021,13216,
c6753aa1-03ee-4c00-b646-d191e2c7c79a,2021,13216,
5bbaa74b-26d9-4001-9bf5-2b9fb8ac7e56,2021,1267543,
54005340-f37d-4bde-80e8-ad070c131610,2021,1267543,
ff4e5369-d6e0-466b-997a-ff1698e82624,2021,1267543,
7341fbad-5d33-4914-a604-52c1f0d237e5,2021,73140,
3f9b717d-0dc4-4051-a484-2a70ed7f9826,2021,73140,
f9f3aa56-78ba-4e2e-851e-00d61114a825,2021,73140,
00f9c8a2-2b23-4fc9-b52c-89c6c9775555,2021,47069,
1d427d86-cc40-44fa-89ec-5ebbf670ce1d,2021,47069,
41d5c6bb-0ff6-4321-9fe7-d541d85003f0,2021,47069,
af3bd767-d629-4956-914a-843418da3afb,2021,47069,
19ce1649-92e8-45b7-9de1-c8b5d69e5588,2021,86318,
8beee4dc-a397-42e4-9348-da592f660478,2021,86318,
5135e31c-db3c-4f0e-8cd7-e39c17dad361,2021,86318,
8396c1b5-a5cb-4e05-99c6-f3a43e4c2da7,2021,11554,
3e3564f6-abd5-4ab4-a9bb-65692797acd7,2021,1187671,
cc45dc7f-4d99-44d2-a23e-b9e511026e2e,2021,98305,
f4711e39-d953-4c43-bedc-9c9fcc31b28e,2021,1187671,
83eeedb8-ecd1-4fd2-bf29-1aedda9582bf,2021,86326,
b4ec7249-08c6-4191-ad34-423bd61c2f52,2021,1187671,
6b291c7a-9fec-4267-abbc-a365a6f6577d,2021,1187671,
3e81c110-9f5a-4982-9d13-18e92cd7d6e5,2021,1103723,
78873956-24c1-41b0-81eb-12bd36721c31,2021,86326,
68824334-c521-4aa1-8f03-deee592a6a01,2021,1187671,
35e211be-c0a9-40c2-983b-44ecb3f97803,2021,1187671,
c7b90185-0ac0-49d6-90ac-ca67095cdec8,2021,86326,
95fa7e9a-e97d-4103-a819-6e207f8da85f,2021,86326,
5c1d7364-06ee-47d5-acf0-fb19a1bf9632,2021,1187671,
178d06de-096b-4682-819b-a22821f4afcb,2021,86326,
35edb6fb-9ebb-4615-b83a-e441fd9b6b8a,2021,86326,
5cb71f19-58cb-4bac-a499-21b9854932cc,2021,86326,
b1a7ed98-9fc5-43e5-b7b5-5bbdb8e6a5d9,2021,1187671,
7c356559-14d0-4965-ae99-00fd9612fd06,2021,86326,
9ee585aa-5090-4952-a0e6-d1785365f466,2021,86326,
121008e9-a272-4ab4-9a7a-358bbc417106,2021,86326,
f5678da1-65ec-4a8e-aec1-bc8954bddd49,2021,13401,
10b4045b-4b14-4497-b66a-fd3faad0119b,2021,67601,
b5637924-e7a7-4246-a4d6-dc988dfae7e6,2021,67601,
fd2eb263-b498-45b8-84bd-d05d12ce5772,2021,67601,
cf110ae0-dde2-436a-82d3-cb1b63645901,2021,67601,
dcb7d6a6-c84b-4fb5-957a-2f03fdadc6fd,2021,67601,
559865c9-1247-40b9-a6c4-f1f41a1a32cf,2021,50082,
35a79f55-bad7-4b13-a351-1e6417ca2432,2021,50082,
d6bb7225-dbbc-4b8a-b062-d31d36a17a4c,2021,21464,
e68e2d86-9106-41ba-90a4-fdb62d39aa78,2021,21464,
4554caff-4786-463f-802a-fc95f89067a5,2021,21464,
fcb4fab6-fcc0-4a79-8c56-a4548816adf4,2021,21464,
602296e7-7a0f-4a6b-8bac-3d8fcaf8dca8,2021,21464,
cf364039-bfb0-4c70-8e26-7335db0a1d94,2021,21464,
5d96d1b0-85ad-40f8-9adc-0b5a7d234eb9,2021,21464,
cffbf39b-f2a0-4a15-b4ec-05cb8afc5a5a,2021,21464,
171a741c-b3a3-4b2b-87f0-dfce2fbc76c8,2021,21464,
c7c4a8dd-fe25-414e-bd39-842e6ffdd911,2021,21464,
ab3479e4-560b-4b45-9022-64daaaf55240,2021,21464,
d5507d09-acb7-475e-ae85-005a2992e421,2021,21464,
2e7a8ebb-70b4-43c3-8340-143490ffbe07,2021,21464,
d9b7ed52-37dc-4fc9-913d-e74b3ee9a546,2021,21464,
72e46ece-17c0-48a2-b704-b9ea1a897316,2021,21464,
28f5ca37-a16f-4902-ba51-dc8881cfeff5,2021,21464,
55ea482d-4c11-4074-9ee9-01f62a083fb1,2021,318882,
48b0088b-9d2f-4c9e-a9d5-f33716de755c,2021,318882,
af064f65-12b6-4b48-9600-1a771e8396ca,2021,318882,
8f4c4a9f-a109-4875-b988-54cb31179e8d,2021,318882,
89af2f65-69e0-46b2-8ac6-75fc06a53359,2021,318882,
176a80d0-4b9e-473d-9c51-cd26466dd643,2021,318882,
4595c40e-e36c-4a4f-896a-e14e253673a6,2021,43664,
b5b86b49-fa4d-4587-83d9-ae76749e2fcf,2021,43664,
e5beebe5-162c-4132-9b16-55ff377da1d2,2021,47051,
b123d3d5-80d0-4343-a413-ae06c2bbe524,2021,1190071,
b0d2d734-6509-487c-8b66-e8981b9c5388,2021,1190071,
b9609985-142e-4df2-86d0-c21700599ba3,2021,1190071,
a498cca2-408e-4e19-a5d5-883df98b0829,2021,1190071,
b17d1b0b-6b19-4b83-b4c1-8ce942d2f96b,2021,13595,
e2908da0-11e9-4c11-98de-a998ecf9c7c9,2021,13595,
566cb0f1-2d9a-4428-b748-fbfa836091d7,2021,13595,
487163dd-2de2-4074-9b9b-b754fc5201dc,2021,13595,
b9381368-3b6e-4662-8b1f-9da21c425b40,2021,13595,
51dc3e4a-f7db-48b0-951e-2f431c00eab1,2021,1267543,
b566255e-f343-4882-a778-526009480854,2021,1267543,
6e4378ef-8c19-4fad-a7e5-886afda34646,2021,37862,
b09de571-7083-48f2-a2a0-94ab5425b16a,2021,37862,
e1b759fd-556a-45a3-b1fe-3b268f251d69,2021,37862,
2add74df-f005-47af-9463-cae34c6a1dc4,2021,118468,
7537085c-0b06-49ce-9071-fd2fc4a870f9,2021,118468,
9bc9db68-a9b9-4147-9f5f-f74d0fc83fa6,2021,1265453,
a2908a83-8815-4e7e-b52e-9c61b758a2b0,2021,1265453,
a132363c-c54f-4667-b6a0-9aac4f0d92c0,2021,1265453,
3e890c51-8b9d-4da0-bff6-25561feb4363,2021,1265453,
f01fd8b0-d45f-4112-b20c-91ac7b175571,2021,1265453,
33f9134d-bf4e-4317-8647-e443df6ca97f,2021,1265453,
f74dabc7-817d-486e-b253-fe0568478bb3,2021,1265453,
8c79b9a2-c667-4909-b2ce-bc19c8dcf179,2021,11730,
50c9d961-e08f-46ae-aef6-4e9c3a27f125,2021,11730,
bf36e389-7730-4b45-93c1-cbb0d57b9752,2021,11730,
2d17b777-8927-4011-b441-130e4ecf43ac,2021,11730,
2ffb7d42-8dcd-48f1-a70b-19e3a3d70e9d,2021,11730,
257b18ab-5e6a-491f-a103-3058a7e28f8a,2021,11730,
ef766fcc-2b42-41d7-b48d-0d1f67295388,2021,11730,
9c4c05fa-5fb7-4d55-acb3-309f498dad3d,2021,11730,
5b68a5ff-72c2-407e-8e7c-2724c04fe698,2021,11730,
8e7d8e7f-692c-4ec6-99b6-bb0f4f5109a1,2021,11730,
e3a906e2-bf2f-4ed0-8594-bebe2d72706b,2021,11730,
70e41529-8980-4d17-a380-7f8ec3285c99,2021,11730,
826f4e27-7d77-45f1-aa46-4993dffca736,2021,11730,
8ec6c1f9-b980-48cb-b2ba-6dea3a30591c,2021,11730,
771fde5c-5b90-4fd5-b53e-7b921ea72a5e,2021,11730,
2c340231-1bd0-44e7-9dd7-56bc088c1e50,2021,11730,
54a5f2aa-1011-4c8c-b156-ae0b2bbfb6dd,2021,11730,
7c14d065-2f53-4221-ab5d-87f59706bc18,2021,11730,
203f725a-10fc-4051-b330-d3e7923b6dfa,2021,11730,
361bb7f0-1fa6-41a5-a98d-16e641ec9e24,2021,107360,
db51d145-7ef2-4453-8e1d-4ccf5ce0b089,2021,1148708,
19be6638-4381-4287-beda-902ae37d5987,2021,1148708,
dfb9f96a-d784-4ea5-9352-0f7ee26a2104,2021,1148708,
012b42f7-1081-435e-b00d-ea9de41ccee1,2021,1148708,
ef0c3923-8b86-40ac-8e28-0d0a04b4d1b8,2021,1180773,
b6498d05-680b-4e4f-9412-ad3eb44a46a6,2021,9440,
ce934935-0b01-495c-af5f-9e97b14e9afb,2021,9440,
9e90bdb9-4d52-4dc0-bb9f-edd48f3ce9f6,2021,9440,
3d01542d-174b-4e43-a758-1c9e2d52bd2e,2021,9440,
51ac5f3b-96ca-4cb2-a38c-d0461f0290c9,2021,22035,
68193414-48a0-47c6-8759-5eeb1b4d1f44,2021,1180773,
4398e443-bb9e-49b8-b9ba-c510d0cb698c,2021,1180773,
feaa52ea-a0ec-41ff-ba7d-7dbe48932748,2021,1180773,
05fd4bd6-1319-4947-a273-ac181a705acf,2021,106996,
32aa3616-6d6b-4344-a05a-0a9f12797160,2021,106996,
508ad794-a014-47a8-b969-9aca449ea82e,2021,106996,
c8558b00-ce30-4a6b-880f-8d27910386db,2021,101830,
55445452-e775-4830-a033-525ebd93bf00,2021,83388,
847a5000-236e-4fd9-8b8d-081565e0f102,2021,88084,
5ad84130-b9de-4404-9064-1317158d74f8,2021,88084,
62a453bc-96bc-4f12-9984-11ebec2752a9,2021,1258654,
45fb1326-0781-436a-ba20-f990c585c393,2021,1258654,
e31000da-0364-4cca-bfeb-467ae8179992,2021,1180773,
262a546e-5141-40a5-8afe-394b25738fd4,2021,1180773,
8b740f95-28e7-42dc-9713-1b36348460bb,2021,1180773,
d3b878d1-94d7-4f0b-af9f-cb1db29b1a16,2021,1180773,
321872a3-c6f6-46f7-a62e-45d1fc707351,2021,1180773,
ee2746f9-4baa-4523-9367-e3d713977069,2021,49054,
6a48bfe9-f2b2-4725-bb1f-e45a14e13e17,2021,49054,
94fb6d21-7919-4796-89d5-79b13b5acc80,2021,1180773,
3f372d76-01f9-4c9b-84ad-e088ea985ffb,2021,37862,
6dac66f5-caad-4f69-a599-3bdfa86bc61e,2021,1180773,
83ea29ff-5de3-4927-ad45-2cdfbfd8327c,2021,1180773,
e05b1566-7388-4dc5-b526-2578fcf9b70c,2021,37862,
ba75b11a-5095-42c5-a798-acdd5f769dd8,2021,1180773,
e30c4229-f7ab-4198-8a3e-93d04b2bb21d,2021,1180773,
f90cd81e-983f-43de-b183-9d88b82fbbc6,2021,1136142,
7a36066f-0633-483d-a35c-497e5f692ba7,2021,1136142,
eaaee950-4525-4114-b423-f099a6124a88,2021,1136142,
ced82112-e4df-409d-be9c-5b2878cdb494,2021,1136142,
608dccef-6932-4847-a4c0-28edbae37b99,2021,1136142,
96ac36d6-2928-46c5-b88c-d88bee3833bc,2021,1136142,
45b08888-5c6f-426b-9404-694081ccdf87,2021,1136142,
7b26248a-60d6-472f-af24-edc5ea73b742,2021,1136142,
d63206de-2659-4f4b-8c45-1c719c907761,2021,1136142,
e3d70558-a06f-4b5f-bbfe-ca8611115031,2021,1267543,
a441c20a-4377-4fd6-8bef-aa08307a08de,2021,1102628,
d3bf1ac1-d5b3-4c59-9dd3-8548a0534da7,2021,90030,
88764fd2-df73-4a32-853d-6114e46e5e09,2021,90030,
6417bcd9-e8ee-41e3-a74a-a9f1a0e5ef81,2021,90030,
337e5ef9-f1d2-45a4-90ea-cabc19407611,2021,1102628,
a0ee13cc-c83a-44e3-bb7c-d12a91d949b1,2021,118420,
e58934a6-73d1-4e08-875f-1968447591f0,2021,1102628,
add87419-9a5f-4c24-afdb-1972113b18b6,2021,118420,
fc2dc381-6ef2-459b-8f37-4b00b6e38a67,2021,1102628,
c0dce7e9-e659-482e-97ce-55776110cec0,2021,1102628,
871b69c1-6998-43f1-9b43-bdd1e7770996,2021,1102628,
baad960c-d014-43f4-b3fb-ea72cb1a8529,2021,118420,
971ddc66-fa1d-4720-9f62-1bb2a5fc7ec0,2021,118420,
0eb58d9d-e525-47ae-b63a-6ef60bb2a292,2021,118420,
734fcad7-d229-4b01-8c09-23346a9f3f0b,2021,1288839,
42e214b5-0c5a-4435-8246-19e8fea0e3d7,2021,1288839,
2ff4a5f9-50ae-4343-b605-e3032201e515,2021,1032473,
e3e5f954-2176-4946-a275-de7b24fd04bb,2021,37862,
a9e79a56-6a06-4670-b31a-57a1158e29fc,2021,37862,
76f868b5-8184-4165-b4a5-9379181a7fe9,2021,118420,
fc77c2e5-a198-4242-a03d-d05651abc761,2021,37862,
b4919e99-b986-4019-bcbc-f5b770fa48ac,2021,37862,
14b21cbc-a0fb-45d0-92f0-288807ec9478,2021,37862,
c28702cf-fa54-4de2-9cfd-7481f4874c8b,2021,118420,
8c636b1b-3629-4c98-8fb2-61a66f29b850,2021,37862,
8565bdf2-bf97-4f58-98e1-4656fe5e6799,2021,37862,
bdc78fb9-23d8-4869-a2eb-14b6686dc18a,2021,37862,
f349a1a1-c90f-4527-8d1c-655e6c989f79,2021,113455,
f06cd558-84a6-49ad-ba51-fd57be09dbda,2021,113455,
1db94391-1202-451a-ac73-7e3b6923ea36,2021,113455,
0f105480-71b0-4825-bca4-5614163cb98e,2021,113455,
da4600d6-ae49-4672-8de6-90016ec0c68f,2021,113455,
914afd79-14e3-4c28-9271-97fad921e538,2021,113455,
1e97a5b9-dde7-42b7-99da-296db3c7cf47,2021,113455,
2a6dcf89-aa30-4247-82d9-b3ae55d2fa79,2021,113455,
586c5abc-7267-4cf1-b58f-d5275cf6ce8c,2021,113455,
44d4aeda-ac18-4558-a6d3-3734473af934,2021,113455,
1089d983-a0e6-4a55-afd1-296c2922f38b,2021,113455,
69a59d4b-1165-4ee8-b4f0-c520dc9a8a72,2021,113455,
667efa2a-ef68-4a67-9945-980510ff127f,2021,113455,
6c185985-1889-47d6-93b5-9bcd6eb477e2,2021,113455,
2966a499-7c3f-4158-8fca-ce0e8e6a654d,2021,113455,
173c63c4-f6bc-4c13-a91a-3ce95ed56bdb,2021,113455,
944103f1-da2f-49d9-ad34-614a072c893a,2021,113455,
ec01614f-6498-4fda-8111-ad567b4797bb,2021,113455,
d80a7ccd-ad0e-4db7-9b3f-05993828f5ef,2021,113455,
f974e273-7d97-4cef-a4f6-3c92c8294ced,2021,113455,
c35951cf-b0fd-489f-9d1d-5a4b66c63f37,2021,113455,
20746765-022b-4592-9836-f719805b460d,2021,113455,
e772d5f0-c3fc-4484-bdad-0c2a16d1b852,2021,1110857,
3c4b8134-2f65-42fd-b966-d230cd397635,2021,1110857,
4939b637-24b2-45d7-b008-973e3c9aa65b,2021,1110857,
a4bac7a2-da18-4762-b7d2-f9ebf8979eaa,2021,1181327,
2f35867f-485a-448d-961a-2f480a666f30,2021,94762,
67c6e9de-f15e-4dc4-822c-e9bc526fe697,2021,94762,
fc1d9d39-ef55-4ad0-b63d-8a1c8c38fea9,2021,94762,
a160f18d-15e3-4b6e-ae0b-e01d001e530d,2021,94762,
24db2d58-26ea-46d8-8f9c-55848ee9ea42,2021,94762,
9cd5b888-7d2f-4645-9ed7-cec83ae41ce2,2021,94762,
be10b0cc-d600-46b6-94f8-d6a503d6d219,2021,94762,
cbdd8e75-74c3-4a17-a7b3-ab3dea68efe4,2021,94762,
22834ae9-3452-4919-8718-abfbaad8ffaa,2021,94762,
f0979502-5d52-42df-a107-501d39c54d1a,2021,94762,
83e2c36c-f033-41a4-925a-b42067bccebb,2021,94762,
b59cd7e1-9986-4968-b2b0-44ca312e78ea,2021,94762,
f09ab4f0-a762-4614-be70-cddbc71270d4,2021,94762,
1756214e-3e5f-4c6a-9fa0-ad1182f5eace,2021,94762,
03312212-fd60-46d9-af8e-00309e75c5bc,2021,94762,
cd5c3da5-b361-41df-9c9f-b61074d3ad38,2021,94762,
67a566e6-fd84-463c-bd43-9eccf919d23a,2021,94762,
f7c23ac1-9b6c-49a1-8637-21f7617db46c,2021,94762,
0273d07a-dbd9-4910-b33d-8087d10b0413,2021,94762,
46d199ae-c6b5-4d6b-aa12-b22b28ad735f,2021,94762,
24fadb4c-d349-4962-afaf-ab011b5d8520,2021,94762,
ab0ba800-65ce-4990-aa1a-c9142fd75553,2021,94762,
ba8cb8c2-b1c0-4918-862f-d474083aa0d8,2021,94762,
edcac2c6-7bb7-4c41-a04d-2b53feaac12e,2021,94762,
b7d1f1fa-b7e9-4b91-9917-a1fe462eac1c,2021,94762,
99922a0e-e9e7-42c3-89ad-c83365a899da,2021,94762,
f22ceab3-83da-4bcb-b512-06faae78ff34,2021,94762,
75442c67-b011-4da0-b3e9-da6ba360be9c,2021,94762,
b3bf0feb-2262-4e15-873a-6f009e5c4b10,2021,94762,
9e372e4b-6b91-475c-9b9d-ce92939317bf,2021,94762,
36f5c010-c16e-4af8-abfc-48bbfafd80cc,2021,94762,
50430a42-8e65-433b-b2d3-9f4a52b3cf58,2021,94762,
cccd4268-a496-441b-9900-f351ff11f2ea,2021,94762,
95da4254-d9a2-40d9-9137-fe7a3d70a08d,2021,94762,
4f33e0fa-1857-4713-bafc-0a70ad927e9b,2021,94762,
7561a987-4c9c-4f8a-bb5f-932af458419a,2021,94762,
b8896f29-e4a3-4b56-8380-430e9ebf3d36,2021,94762,
8702f9d3-9956-479e-af18-1ad161fa222e,2021,94762,
133dbdb1-d3f9-43bb-b9f7-beb8d7bf62fb,2021,94762,
10f3f555-dc4d-438c-9289-2989b3b07700,2021,94762,
44cc1805-50dd-4825-ad2b-07878d7ea040,2021,94762,
6d5fe341-3f89-48cd-83f0-24ab55e94891,2021,94762,
c90377fb-5740-48a3-8676-7bc6d9fe1b0d,2021,94762,
e901ad59-1fe1-490b-807a-a0404292b670,2021,94762,
e5eeb0bf-5cf6-480e-91cf-5e8d930dc02e,2021,94762,
c0c17868-1648-4802-8e2d-a72944cd021b,2021,94762,
b8e5f934-01c6-420a-9129-efe50b1b1b1f,2021,94762,
3018b1e4-d252-4dc8-9dfc-2fd9b72a60d6,2021,94762,
53231d7b-668f-44ae-930a-5b3f482e80e1,2021,94762,
0d347f57-9dc0-4bbb-904f-e3b4b38d7619,2021,94762,
8293f3d6-0a05-4bea-b785-92ffb43c0af8,2021,94762,
bd4fd33b-fb48-4e14-90c6-4ce7dd69d4c1,2021,94762,
52e1e1c5-1565-45a4-9f64-a2ffa2fe7a56,2021,94762,
f9dfa0ba-0edb-4738-89af-1517b8a7ae1b,2021,94762,
a90dd45c-4e95-4428-b7d3-6b488e2a3c59,2021,94762,
65438e31-80a5-42fa-a92a-68fe528a2165,2021,94762,
e10da6d0-c0bf-425f-b348-76c13224c346,2021,94762,
8e51ca97-6670-4fd4-aaf7-703909ee5ea5,2021,94762,
466c4553-aaf0-4ae5-813c-1b9ce052e21e,2021,94762,
dd76307e-7343-4566-956e-4f9c7a4f18a1,2021,94762,
8517d947-b4ad-4eed-95ee-91f731117699,2021,94762,
277ee33e-3e14-4d8f-a6b5-e93e9c8c4c20,2021,94762,
eca4f550-55e5-4326-a426-1d6448478956,2021,94762,
a78e7f3e-4ebe-4381-bc50-fc57d07318fe,2021,94762,
1271074f-2c85-468e-8d63-b7fcfe80f35d,2021,20009,
3a40088e-d25f-4cc9-a04d-702e7827b9e0,2021,20009,
825bb2ba-d32d-4ea5-ac20-52ce4469714f,2021,20009,
8c9670e6-d60a-4614-b73d-b9fd7e6ebb11,2021,20009,
e213ec8c-87d6-4cc7-aa6d-ab1c54bebf84,2021,20009,
0923db4a-d732-4d72-a10b-3880a25c0942,2021,1306689,
854ce1dc-dadf-4fae-85bd-c408c97a756b,2021,1306689,
f0504684-1471-46a3-a926-4d6e31ffc283,2021,1306689,
a81f06b3-c8ee-41bc-9d94-98912c1cb4be,2021,12025,
01e26d5a-b207-4927-bebf-981a210201e2,2021,48675,
1b124ed2-b1df-41f4-9df4-19c47abbe077,2021,48675,
62b53b1c-72b8-47e6-a009-0afc21b8f470,2021,48675,
6712494a-d82b-4313-8f6a-da906c21741f,2021,98013,
ebd24c13-dc75-4dad-b3c1-7041e45427f4,2021,13277,
48ec4875-b07f-41f2-9d4f-293eaa3cc59b,2021,13277,
f4f786a8-1c4f-4971-83f9-d4e3440d2112,2021,13277,
8bba4561-0756-4ddf-a889-a7d6f3357171,2021,13277,
75898360-4358-4426-ba02-f0bf9c83a93f,2021,13277,
461f5643-a8e5-40ec-827b-8cc913c6f380,2021,13277,
581d7aa1-3aad-4ac5-b544-dc7a2852e5b7,2021,13277,
6fafc0ca-7d3f-453a-918b-828cba898f6b,2021,1204325,
62acad22-be28-4a26-b3ba-98400250635e,2021,1204325,
568c4e12-7939-4fe1-b449-fcf3d2ebfedb,2021,1204325,
945f3b60-2402-4acc-9088-7fe5f98b1075,2021,1204325,
eaa2c383-bda0-4f1a-953e-5ee92a76d3e7,2021,94455,
7001f884-728f-4d0d-bf99-5b5a6896b83c,2021,74737,
db8526e3-96f5-401a-b7bb-a4bcbdcaf6cf,2021,94455,
2b33c8bc-1458-4e5d-b186-7c84a9ee173b,2021,88068,
b2a37036-7731-4fea-a6f2-309cef77dde9,2021,74737,
3f3f1fe9-42bd-4b47-9a06-f42365ce191b,2021,74737,
e1013768-3ae9-430d-ba5e-7ce7720489d5,2021,62484,
7d8aba69-2014-43af-b6b4-0a2a30f4e999,2021,62484,
5f9a9748-bd05-4c25-be1a-8d1de9558f3d,2021,62484,
628c5286-bde8-4b9f-945b-63490b2373d7,2021,87396,
eade9d72-d66d-4a7e-b02f-ccb1df6bf329,2021,1376181,
42c55fe0-7979-421f-8c08-3e47902dc68a,2021,37862,
25666fb7-544d-4783-a245-c1092878080a,2021,37862,
f6c897f1-6dc6-4b2d-a581-68b0d8512482,2021,37862,
8eec9c7c-c381-44e3-9438-10514fb6cd31,2021,37862,
d504050b-87ff-4239-b09c-609e101e14cc,2021,37862,
8004eb73-2016-433d-929b-18b605162b75,2021,37862,
bb98625e-cb17-4e65-97c0-f3c1fe00bf8c,2021,37862,
a62505c4-72b9-4e3d-bfc6-3192159e1c44,2021,37862,
3d4a7a17-af62-4ff0-be5d-a2b5c2f63c88,2021,37862,
a69410f9-4e4d-4259-8b26-615f610fdfe6,2021,37862,
e91b89fa-ec61-4e39-88fb-e22c5954ef20,2021,37862,
d822c1dd-cce1-4aa4-9eee-d92fa4dc0b8b,2021,1042278,
0f71a095-869d-4abe-8c8e-10788f391ce7,2021,1042278,
75875baa-c181-42a9-a634-6f04e845e32c,2021,1042278,
50197ec4-a74d-4638-986a-801cb8fe4d9a,2021,37862,
1c28e33c-17ea-44ea-901d-629493d86281,2021,37862,
29d1863a-e988-479b-8abd-e6e7a2a9d1c9,2021,37862,
59f9a2e4-2fe5-46da-b749-bf7124d78479,2021,37862,
98eb091d-af07-4760-8993-ec8ac2a28c99,2021,37862,
b98b3d8b-f3f7-4a80-a54a-56283828aa31,2021,37862,
27a39d2c-0d8d-427a-b1c5-80327fcd8f89,2021,37862,
83af38a0-3a54-494d-96ec-1290b4304400,2021,37862,
f057e314-d7ba-4dfb-9b19-a039b219b29a,2021,37862,
5a6bf921-3a1c-4b24-a165-54865ae2bc5f,2021,22047,
691e2fcb-87d4-4c88-b954-7af4ae555268,2021,22047,
1cb34a4b-bd3b-4241-b6c3-408fb4573722,2021,22047,
dd358de9-6259-4160-a243-b7edf1b21ebd,2021,22047,
7c90eb22-db9f-4771-9026-ba21996daf15,2021,22047,
50e86905-9e8c-4367-8664-2248f110cc1f,2021,22047,
20c9fd42-571f-47b1-b307-4fd3e5119289,2021,22047,
136ec9d1-55f0-4183-9518-0b625424ec75,2021,22047,
604e7e1e-d460-4077-a4da-c26797f62426,2021,1315444,
e0f894d1-c334-4fa0-b5b4-ebbe2c27e8f1,2021,1315444,
78e77a4c-6d88-4280-a0ec-a04c7c3a2f03,2021,1187671,
7f2677cf-82d2-48de-b892-61fdca4ea156,2021,1376181,
b6ac3645-7d38-4485-ac01-d4ea9e18e5fb,2021,113687,
a657efd7-3c83-41b1-8dc1-545c839a7304,2021,113687,
935a6c71-0f5c-49bc-9cce-9f05ca0e2e7a,2021,113687,
edda31f1-5a40-4554-a452-647723077762,2021,113687,
f6acb04a-5b3e-42ba-aa09-8ac38192e59c,2021,113687,
6e84a879-4be8-43eb-9c3f-93c2ed9db8e5,2021,113687,
4692a770-ddd0-498a-8d83-f94cffb9a6f1,2021,20030,
d7805225-a91d-4cca-9a72-150ccc9191f9,2021,20030,
a304fe6b-c904-4389-b9d9-98e4a65240b5,2021,20030,
b35a02ef-278c-4dc8-a3cf-2565036fdf9f,2021,20030,
05dc375a-0c78-42e9-99c6-ae4067afb06a,2021,20030,
234ce127-a088-4d76-9441-5058d98c48f1,2021,20030,
7bb401dc-280d-474a-b079-8d4f4a0c9324,2021,56172,
71d50cba-a338-4af0-8207-c6bb2c7696de,2021,56172,
bd9013af-6cf2-478f-8b66-72a21ae46856,2021,56172,
baef13c0-5cf8-44f7-b651-257015d3a22a,2021,56172,
a8a25070-759a-4d82-ac6d-b0e4a05cece0,2021,1427745,
1f46ec23-0250-436d-b276-7acc4c369088,2021,48205,
05b76644-cc55-4358-8d16-f6788bcf8c0d,2021,48205,
1e5d3e68-f7c3-4205-8479-d7d2b201ad3c,2021,48205,
1896a423-10a7-45b0-9661-ada5cf9be04b,2021,48205,
9f47ea33-8231-4d8d-9494-7e2741edc076,2021,1047907,
7e307cd4-f4f3-4da5-8927-4ec8938b227c,2021,50981,
0b82f1dd-8133-4e8b-8099-9fadfa5911b2,2021,50981,
2818e1c4-61e6-4b6f-a0e8-410242d21131,2021,50981,
a9b226e9-bfa7-4bba-8d25-9ab6ae09acd8,2021,9414,
31dc7de6-3bfa-4a10-8740-29b20400be2f,2021,9414,
bd8c5e2b-7123-4937-b1de-2bdc06b1739f,2021,9414,
321f8ffa-8d4a-4916-8133-ac29ae65456f,2021,9414,
6a7d3bb0-401b-48a5-89a0-0a584077e2e9,2021,9414,
f4ff6b07-fbe9-44a6-b055-b27097495ab7,2021,9414,
76ccd2cd-b08a-4af5-862d-6646108b1b45,2021,47505,
70fad6d2-27fe-454d-a21c-d6d2a083da0f,2021,47505,
db302e48-3c6e-47f6-a208-4151215bc225,2021,47505,
1fd8c1bd-a8c8-4d89-b257-c45efb28b776,2021,47505,
f9814779-1381-429a-add3-3e734c4f1877,2021,47505,
1929411a-7363-4790-ac71-822052ebfa40,2021,47505,
89629b42-6ef4-4483-94dd-f7ec2364642a,2021,47505,
9e661650-7988-4984-bf7e-85b55e9057da,2021,47505,
71deb1bc-13bf-4bf9-a9b7-b02a81dfd5dc,2021,47505,
c2f28b98-01c1-4191-a108-a1b86a3a6cca,2021,47505,
214234cf-e113-4e4f-82d2-2479bba7e198,2021,106996,
b930d455-99ab-44a8-b6d6-5aa321355025,2021,106996,
82a44aba-65cf-4404-abc8-c4744bade703,2021,98595,
59de9ab8-8f75-4f80-b524-740ed8612afd,2021,97443,
9a3a14a2-7f4f-4bd8-831e-561f9a157cf5,2021,98595,
901559db-5966-4237-a150-286ab41995bd,2021,114616,
fda14cd7-54c5-4a5f-a402-4a7725d1677c,2021,114616,
e219daa3-8832-4df1-ba09-d2c849a490af,2021,114616,
2e30700e-158c-4894-8b9c-7d8246d8da2e,2021,114616,
cf8ab3bb-45ec-4fdd-967d-4e0082551141,2021,114616,
67bc8893-fb05-42ad-8de0-bdc61c3c8876,2021,114616,
1baa9799-e5d9-4afa-ab6f-73599b398606,2021,114616,
5262ccaa-7e13-4d2f-821a-fb91fdfa121f,2021,114616,
bc5eb093-5a50-4836-a245-b4ce12b65db7,2021,114616,
ebbf9482-00ff-4cc4-af24-c6bc39353edf,2021,114616,
edf769a6-0ac1-43c4-911f-c07e9ef8d8da,2021,114616,
f1b8e031-da0d-41af-a00f-e45ae80b318d,2021,114616,
74872aad-2376-42e7-b9c3-3e2b20b8edc7,2021,114616,
49a79143-2f7e-4654-8253-6f16c42c7167,2021,114616,
f3199c53-6816-438b-8845-fbe4ab9191c4,2021,114616,
ce62babe-1951-4844-a49c-237ae259d4c2,2021,114616,
8640dba6-3d06-4650-8cec-073442a0c9af,2021,114616,
ee220d0a-3c27-4925-a778-5427fe30236d,2021,114616,
139f6df8-9efe-4752-a37c-1f677a30bac7,2021,114616,
e24125df-3c94-4c5e-a50f-ba6ef5bfcac5,2021,106996,
3c04216e-d68e-464b-b7d6-643bf008fc7a,2021,94455,
e3b5ee17-25d2-4ae2-be0b-d0fa02cea6fa,2021,95175,
dc1cb102-52c4-4ce8-8768-858c87ff10ea,2021,95175,
81741961-0363-4438-a8a0-6126ff6fcd9b,2021,95175,
1b54d5fd-b192-4c76-9603-5a09a17e5fb3,2021,95175,
e5fee1e9-f275-490c-a7e0-06649d247c34,2021,95175,
9ee08f92-8b85-4dba-a54b-a45996312d07,2021,95175,
6c3ae3c1-769a-46f8-af76-88942db819ac,2021,95175,
fd650a93-c1e2-4fbd-9a47-0e02934528cd,2021,95175,
580952aa-4f57-4378-b8cf-5f14cf717dda,2021,95175,
3f152544-7577-4ace-ab0b-bed7c5011a57,2021,95175,
30f80010-b534-4024-9fe9-0f3a49583cc7,2021,95175,
e18f3ec3-1bc3-46fe-a342-e53e47fe4b86,2021,95175,
2af6515d-50da-4d57-9c1e-c77ca97b0a3e,2021,95175,
8cf3239a-3919-4818-9ff8-16b5facfdc7a,2021,95175,
4821ae8c-69ec-4a39-a5a3-d48a1e5ea023,2021,95175,
24be6af1-9382-41ad-a3e1-7764d43039de,2021,95175,
8981d4f4-ad3b-468b-b843-27533959e4f4,2021,95175,
e40d863e-7aa9-4253-aa26-66260c58e244,2021,95175,
e60128b7-e929-46bc-8aa0-6cb2fdf794d8,2021,95175,
cebe6f75-ac5d-44fd-bbbc-06af04e3bed7,2021,95175,
37aebbe2-b2c6-4bbe-8fd7-eb7867d6bd95,2021,95175,
ffb0ba62-5fba-4847-b241-46b1953110da,2021,20009,
4ca11c12-774b-4b4b-9078-49228cc93d60,2021,20009,
55b09762-ed96-4129-8aea-0828d5a657a4,2021,20009,
564c25fd-d387-4a52-b59c-4949128c1602,2021,67092,
36791457-608f-447d-86f1-9f7a8e28052a,2021,1283779,
3c4c612f-b7b8-44e2-bcf4-b1aa39f9f50b,2021,98595,
7e304099-0146-416c-9bf4-d4ccc6ef0145,2021,98595,
9ecbab85-6213-4c6a-afdc-74e7ba6a5c59,2021,98595,
f767e06e-e48c-444c-9606-c0e91dc06ab8,2021,98595,
123a48fc-fd09-45b7-9ae7-ee5162583311,2021,98595,
32901fdb-e6d2-4cc3-b726-5cac39160baf,2021,98595,
e39cf48e-4953-43c1-bc2c-5adf2f69b9d5,2021,98595,
8aebe5e8-0486-4029-b833-ad8072d402ff,2021,118994,
c0c1103e-d679-42b8-8b27-8a6188eb8ef7,2021,118994,
a7fd7974-764a-4b7c-9097-31ecd70328e5,2021,1376181,
e01a3279-8649-4745-b3c4-0c4aa8a93846,2021,68930,
d0a7831a-079f-4374-a20e-860af15fed26,2021,98595,
9fff997f-65b8-4328-a7ff-cc1da197bb02,2021,5000135,
bad85f0c-07ff-4024-aa3b-9a0e451a064d,2021,5000135,
b4a89bce-3ccf-47d4-8bbd-755c44918dcc,2021,5000135,
c3ce838a-27cf-487e-9331-c0f53e500458,2021,5000135,
35f5a7a8-58f7-4f8d-bc77-6b84988785e3,2021,5000135,
d04f385a-b120-4a34-aa21-e2f1fcae7e58,2021,5000135,
41ae727b-9b42-46e2-a34e-ae234e53c051,2021,68930,
f73eae0f-3cff-4b5e-9f6e-0c566455bbaa,2021,1322390,
afcf691c-e74e-4cd1-ac46-cde039f5cf07,2021,1322390,
8799906f-9785-40c6-8ec6-e6e53c2acca1,2021,1322390,
28d7e2f3-3d71-43c3-be60-7757026135d5,2021,1322390,
6f6f23e4-5de0-461e-a40a-6956b29ae139,2021,1322390,
5444581a-ce68-4d8e-a843-228e5f9e84d6,2021,1258063,
4488ecef-48c3-4483-b9c4-c610a163d394,2021,1258063,
1bbe3e49-9822-462f-a53e-3718c263afae,2021,1258063,
db00ab0d-d6a7-4ba8-9fd9-f4de109c1a4f,2021,1258063,
6c2665fc-ab0a-477d-91a4-e31d654c62a3,2021,47505,
136c06b8-4f3f-4280-8110-a951d94f060b,2021,47505,
1070bcd7-7fea-4637-8781-76be33abcc77,2021,47505,
547c8bb2-7659-4e1c-938c-d019988dd266,2021,47505,
48c54d18-34b5-4de3-a1f3-3f9f4e91f50a,2021,47505,
1905edcf-0a50-496c-9eb3-2f0efea72a02,2021,47505,
5b27d88c-dda2-4eb1-beb4-eb691a69cec5,2021,47505,
9e95a1a7-bc58-409f-bbe4-7e1e594252b9,2021,47505,
d14ecae8-fb4a-4fcb-be21-47f1310daa7f,2021,47505,
655c78d7-5af7-4b88-a522-08d8db8ec2ab,2021,47505,
6e381a6e-f92a-466d-b5d5-6633dbf12e41,2021,47505,
ea3dd023-27a4-426c-93cd-9a5989c11a82,2021,47505,
81be656a-8d9b-4e31-843d-c0af3811a1fa,2021,47505,
8452dd8c-96ba-41ff-be63-319aad718ef3,2021,47505,
7551515f-e8f5-4f8a-afd4-9683f45b8656,2021,12025,
d56e4cee-538e-4ae8-8ddc-c70430f39870,2021,1101244,
0d2921fc-ffac-434b-9e79-e5b20887bd38,2021,1101244,
0f403ffb-9b09-4aee-965d-1b7b247b8366,2021,12025,
d61f61a7-0eef-45d6-a09b-677f41380ce1,2021,12025,
0d143546-0b96-419d-8d24-63a5ab049515,2021,12025,
6e4652e3-d452-4450-b01c-88e02ec92f5c,2021,20239,
96e00c05-e577-49ee-9482-e28ee55cc0c9,2021,20239,
9998e7ef-10a7-4dda-8041-88b64be3f297,2021,20239,
9c999868-e354-4281-842e-0353b3da6f42,2021,20239,
95982268-4087-4ba9-a065-5a96aa1afb78,2021,20239,
ac9282f8-e650-4ac7-824e-264b678e1e01,2021,20239,
87df80bd-7301-4f81-8154-8eef84edc3dc,2021,20239,
e1dd204b-002a-4db9-9c36-ad5cccf7493d,2021,20239,
2713390b-53ce-41ac-a3c4-cb3d61440b00,2021,20239,
843555c2-766d-4029-8e19-33138f7c64a4,2021,20239,
b556b9f3-1c74-4cc6-91df-f227a05913bc,2021,20239,
12b9b5a3-04c6-4ecc-b798-2c1de28d3efd,2021,20239,
87c98ac2-e4b8-461b-ab01-933526fc95e8,2021,20239,
ef47d602-35df-4755-a52b-e349269e60ad,2021,20239,
94e0d286-0dd8-4d36-ae1d-4cea1333b166,2021,1190071,
282639d7-45ae-4fa1-b5fb-7723289fcf64,2021,1190071,
ca474772-95eb-44ee-be94-e90007acc9ba,2021,1190071,
6fd76b11-541f-4df1-b6b0-7ef62d216719,2021,1190071,
3c76b3d1-81d1-46a7-b25e-920b1f9983d6,2021,1190071,
d4a4458c-e0dd-4998-9133-65f2a7501074,2021,1190071,
d78897ad-4c3e-4d53-922f-ff752255812f,2021,1190071,
790c89b3-dfb7-4088-bded-f4b02e9f0974,2021,1190071,
3aab4f3d-49fa-4330-b958-172e8a0746db,2021,1190071,
6bc97bd0-1733-4da2-85bf-90f40793385d,2021,1190071,
120a4101-646e-40ea-b959-7ae904ac1628,2021,1190071,
dfefad96-b2d2-4bdf-995e-01aafbc3130a,2021,1190071,
0378684a-5da8-4d8f-8d37-2efa45e0a1bd,2021,1190071,
398f77ad-110b-41c8-b4bd-3d3fd3d5011b,2021,1101244,
08fae691-94a7-4d67-a5b1-ba7365c579eb,2021,1101244,
94b522a8-b8ae-401b-8ab0-59e83c4b99d6,2021,1101244,
ec5c9326-de52-4993-a910-447c70e3e67e,2021,1101244,
aa3b4e90-02a6-4ba9-b3d7-b0b84df9fb5c,2021,1270596,
65703ee9-9b4c-4f0d-bc0a-ff94f3ff0f4d,2021,1270596,
e9c07425-655d-487d-a300-e5b079b6d902,2021,12025,
02b1e29f-d415-4f25-af16-6a4dde8814b0,2021,49071,
be0f5605-6735-4ab0-8cfb-18fceaedcda5,2021,49071,
7fe1e1b1-966c-42b2-b483-2a17b5b2147e,2021,49071,
1da7809c-0d38-4f6a-b343-ca6e855b6348,2021,49071,
72543fd7-0eec-4567-93b0-1e0d1a554dc5,2021,64664,
ad8e086d-72c7-4afb-a7b7-2a144f0663cd,2021,1270680,
a7e2d908-24cc-4282-9801-2a90f22d4157,2021,64664,
06ecf3bb-bc4e-422d-8338-028d2bb47c89,2021,60886,
6cbefbfe-9c01-40e4-8eb3-871da0a91fee,2021,60886,
4d089ab8-a81f-4c1d-8d28-4a0ddede3fc3,2021,60886,
3de006b4-2e4a-4e8f-9fd5-ee015c702f8a,2021,60886,
a7213ee5-31ee-4d0e-99c8-30eb5209d7f0,2021,60886,
ebff6304-ce72-4072-913c-9808246b5a8a,2021,60886,
029b4437-ab13-4f68-9d78-eae3a907631c,2021,60886,
8f39f678-b804-45a4-8dbd-0dc4a503ecc3,2021,60886,
115358dd-f687-406e-a0eb-e68b0391f707,2021,60886,
2a0c2093-26ca-41ff-b442-0f9dc2873b08,2021,60886,
8c027dcd-cd77-4548-b981-55e05e0da6b1,2021,116770,
c89fb9eb-f1ff-46fa-bf60-602f8f060117,2021,116770,
ac6806f1-d75a-4e91-b2eb-7b4be865653f,2021,116770,
1f716e1e-f03a-48bd-85af-8889b8191c96,2021,116770,
93d49667-b835-47b0-9776-8d87549cb583,2021,60886,
32e174de-4015-4ce8-a25c-df8c9c62424c,2021,1139692,
53447b7e-5681-42f0-a8a4-0c4358bbb91c,2021,37862,
b15e3231-254f-4cce-8572-41825006d8be,2021,37862,
2a9c643b-30f1-4774-97f1-7a97a6c4a698,2021,9414,
1420c1c2-52fd-4fa5-af5b-ace5086c9528,2021,37862,
75dc5c1e-b2ed-461b-92d1-7de402b422ce,2021,9414,
096e1b50-20e9-4ff4-beb8-3a1be4434c22,2021,37862,
ce7a1d7e-c925-4a2e-9b0f-9bf6de471eae,2021,37862,
0565a14f-94e3-4f83-a659-114eef4bec15,2021,37862,
89225ee7-bdc3-4d4d-a90a-64c65c5c6571,2021,12025,
909d61e4-16cf-4add-a0a9-ade0cac82a75,2021,1473699,
0fe3329a-c437-4bc2-9e84-6757a4cf02ff,2021,106167,
f01332fb-1839-4eb8-9cb4-d2466b177054,2021,1166783,
9429e7fe-aa89-4c2b-ac13-dee891ae36f0,2021,1166783,
9706a6db-79e3-4fab-a0d5-63b09799cee2,2021,1166783,
88c528ea-49c2-4ea3-8d42-593d1eb4c334,2021,1166783,
008081ef-fd6f-4e87-83fd-e1c32ada1d21,2021,1166783,
402a0e33-c07e-4d86-b8f9-7a24c7aac401,2021,1166783,
3c8d22e2-81af-46c4-aa75-bf5710e464e8,2021,1166783,
708e2261-21ea-4433-b593-f2f730948416,2021,1166783,
6013e19c-ad02-4bb3-a4a5-8a6478fab07d,2021,1166783,
f5e9ee62-c093-4885-b2c2-38a71555604b,2021,10515,
91c3fc36-b0c8-4d76-b77d-8b6596d62362,2021,1330347,
84527524-3996-427b-a2f4-f2779ce63d57,2021,1330347,
2b2499a5-b119-497f-aa79-68c0b3d79691,2021,1330347,
d0365efe-92c2-4182-9db2-7bf8e3ce084e,2021,1330347,
c54c9308-309d-4fab-8f7e-211cc11b4d80,2021,11452,
e8d4b743-7d46-44b4-8152-cb7dcd15602a,2021,12313,
b3e2fa22-e38e-46aa-8abb-3f7291bbe545,2021,12313,
9267fba5-85ba-44c0-a010-1425e963d39c,2021,11452,
263cd413-8511-4a44-9bc7-fa33005de128,2021,5000951,
5b461b8a-3b08-42c9-98da-77e1a8202766,2021,1181115,
09a813c0-fdac-4b7d-921d-0f4502b7d130,2021,113813,
360128d7-2c30-4f04-a782-65c6fda9a928,2021,113813,
558814d2-e8bc-4558-a41a-e7b09121a84f,2021,113813,
53dc172f-d4f6-49b7-9486-1d82ec4bd1db,2021,113813,
ae01c78e-1bec-433a-8ea7-51edc95ef5d7,2021,113813,
28be5038-d4c7-4c66-9160-02d4d4d0359b,2021,113813,
c7c78aa0-53b4-4453-be90-70f51ce88243,2021,99406,
b1e2d164-7023-4af3-a0d6-9087ce4026d3,2021,99406,
a67f4222-285c-4baa-ab98-ee90fdf47116,2021,99406,
691af812-e4ba-4996-b657-339d48335a34,2021,99406,
f29cb716-4f96-4061-ab40-607c51b62145,2021,99406,
adc8f522-01ec-4228-9b6c-aa6f6c85dbb0,2021,99406,
def4ad77-59c9-45ef-b906-a5a9e8fcfd74,2021,99406,
5b2cf21b-01ce-44be-936c-246b782dbd91,2021,99406,
28ab3ece-609c-4aa6-8c1a-050b8b11b50e,2021,99406,
4e9c4e42-a935-4998-bc1c-2a19445e83f1,2021,99406,
d5fcacd8-afe7-4510-946f-453620efba8c,2021,99406,
1389eaf6-a733-40d9-83b2-e3c0124a49b6,2021,107920,
7a51796b-57db-496f-a045-f4f3fccd8aa9,2021,107920,
ae6eedb1-afbb-41c9-a1a5-a4fbd08a4dca,2021,107920,
d697f340-ecd8-4a07-9180-1a7b27d76937,2021,107920,
16c3e68d-7177-4a02-94ee-b30f0f443fa9,2021,107920,
285b95d9-1063-4716-925f-4c5f23f3ac4e,2021,107920,
7cea6d0e-7197-456b-bf75-c8d0cb1b61c7,2021,107920,
f212cd15-5cee-474a-83a0-5f6ca7bbd1a7,2021,98764,
287500ee-e6e5-422b-ac02-2c2ce9ebe9ae,2021,98764,
fb443ded-1aff-47ac-979d-e908221595ef,2021,98764,
3ca9f9fb-fd9d-47fd-992d-5f40130ad6eb,2021,98764,
46b1d84b-7da2-4e16-b9f7-d300f3d9c69b,2021,98764,
b5e0aa8a-b98a-4bd4-9856-5a99d521c08f,2021,1118057,
b2c9732e-b7e6-4a80-957c-164b7c00a826,2021,1306689,
286ad373-15c8-4b52-a03e-e6cc81a88a69,2021,100654,
e0a4a809-e926-41b8-9a13-3159034ab010,2021,100654,
fcb1292e-2830-49dc-9c58-2c808c5f5809,2021,100654,
06b9cd88-73ba-4b03-a4f6-5def956ebbe2,2021,100654,
dd14c7fd-b892-4434-bb1f-662cbbf49644,2021,1306689,
159a8906-d3fe-4757-85f4-2b559bfa36e6,2021,5000135,
238b4d56-f709-4dd9-902f-751aa1d1d7ae,2021,5000135,
4d4c8b2f-4d0d-4274-a9ad-62c96a112545,2021,5000135,
7775b98d-805c-4ec4-8ac4-722e2f952e14,2021,5000135,
e66f8180-e23c-44bf-b3f1-cc2283afbf62,2021,5000135,
0d706448-8b18-4d4e-8b42-07cf09d1ea92,2021,5000135,
94e725fc-38b0-4b85-87da-84232c8d00d4,2021,5000135,
866ec53e-28e8-4e9f-abdd-9c9309c1c718,2021,5000135,
629fac39-4c6f-45da-85ca-c5821e354c24,2021,5000135,
7f409950-ba5b-48f5-95d9-6a1ca26855eb,2021,5000135,
9e4e548c-fdcc-4175-999b-7de9cb6ba36f,2021,5000135,
ee89bdd5-fab7-467c-a37e-fd55786f275e,2021,5000135,
cb2d6d37-0cba-4876-bd9f-a95f1690f57a,2021,5000135,
6b4a042a-f2da-4dc2-8695-2ee27498d182,2021,43664,
f2126199-be25-4316-ad1a-1418cbb0e4f9,2021,94762,
45f41c6a-71c6-4ad3-a26b-423d9a32a467,2021,94762,
928ec9ac-e1b1-423f-898e-d1989c8dbfe6,2021,94762,
2b9faded-a173-4d09-90a1-c90c41585c79,2021,94762,
9d274dba-fef1-4b3e-9b58-4285cf61809e,2021,94762,
0e2334d9-1903-4a4f-93d4-a26db63a38bd,2021,94762,
b09d278b-d97d-4319-9467-51e8df878a03,2021,94762,
a88af234-634d-44f2-b2f6-09a76038a04d,2021,94762,
1a41efd3-cb33-4afa-af77-d2a465d3152f,2021,94762,
281bd4f2-0987-4f71-ae00-9382339ac14a,2021,43664,
c618261c-d9b9-4f98-a067-55299c5311ba,2021,43664,
604ade53-14b9-4ac6-a402-458c7311ba27,2021,43664,
7745a1a6-8506-4de6-8f0d-105d855c9b40,2021,43664,
f79b17b3-3843-4dc6-baf0-3f96cbbe8bd8,2021,43664,
23966ecf-8827-46d5-8a7e-1af20b6753bc,2021,43664,
f6e7fdb5-a2f8-4fce-a22d-b824ef3fa5f1,2021,43664,
76f0ea6c-6e0b-4d96-8354-863cadf23a83,2021,43664,
2776140c-a37b-4542-92a4-7965a927219c,2021,11730,
07e82b45-2e94-4319-95cd-e4145efa6767,2021,2209,
1a9eab36-0aec-4add-b0ae-f37fd1cf6481,2021,2209,
e3d800bf-852d-4e9b-b599-180523ec4b51,2021,2209,
2b9ab08e-8d59-424b-bced-65154eced9a1,2021,2209,
aee2e837-2e45-420b-8cee-496f3b6e5379,2021,2209,
5b78c196-1816-44a3-8ac9-a76144482f1b,2021,2209,
89aa9ec9-4330-4542-9c17-b954a1b9942d,2021,2209,
9d465dc3-f308-46a2-a323-7d683313e5d3,2021,2209,
853c14f4-aefa-415d-b378-1c42576312cb,2021,2209,
7a1b4dcf-c87c-45f4-a7a2-d797d2bfd801,2021,2209,
4cbef2d7-c79a-49d6-a3fa-603e5233a521,2021,2209,
8a67e451-b725-4b73-a1af-864a46a54435,2021,2209,
48d2a899-3d7f-4c25-aa69-68367ffeee5c,2021,2209,
80d7a0a5-7af3-4b71-8657-ab30552e759e,2021,21464,
71f66ac3-ecb3-463e-afef-c2b2dc15a24a,2021,21464,
04dfa337-bd50-4bce-9d86-a13d63929fe4,2021,21464,
1f2f805f-1ffc-4711-9b31-62872c5528eb,2021,21464,
faf44c70-5a12-47e9-acd1-dfed6c883d6d,2021,21464,
5db396c4-7e15-4cc7-8813-939415bc8962,2021,21464,
0ccaf8ac-6533-4e69-9920-ff56086d1008,2021,21464,
98c3586d-054e-4f19-a042-1270cd6922b1,2021,21464,
5275dd10-acae-4207-a83a-a8871fa7ac4c,2021,21464,
b1d2ae3f-b19e-4536-8d32-397dd10f9a99,2021,94762,
ec6b9104-0901-4f8e-aac5-44c85bbc8d9b,2021,94762,
edbc335e-8073-4624-9b38-b62b40c58090,2021,48675,
77601798-adde-44d9-a60f-216900737d0c,2021,1042278,
0ccfc042-6987-43bf-a800-ffb41acf588b,2021,1042278,
7bd3561b-795f-43b4-80d3-20a7b614f4b5,2021,1042278,
4d334652-a59b-4d7c-83c9-7e5d2b30d5a2,2021,1042278,
bb21a0a5-e3ed-4178-8c81-705fce632074,2021,1042278,
244c902a-ff46-4b91-a56d-440be19b26af,2021,114616,
a81a7372-201c-46bb-9a4f-7a001d5a215e,2021,114616,
e09cb789-3e6b-402b-a463-d8958dc92a81,2021,114616,
89c37169-b956-43ad-8c8c-92b2ddd63fb7,2021,114616,
37cc04a5-da13-4352-9389-3c35834ad0c1,2021,67601,
a984fcdb-b9b9-40c3-bcf4-50d3a967c978,2021,103062,
d474ed94-a7e9-4ea6-bc45-72945228dbcb,2021,47051,
5ff5bce0-cef1-4cf0-bcb4-be55d914510d,2021,47051,
a02069be-d7a7-49e4-955b-9cba4e175c73,2021,47051,
1a679929-dea3-4edc-a1ef-93d63a2806d1,2021,90030,
35ea9fdd-14e9-487c-8ad4-c7b788c66c71,2021,22061,
53f7a111-83c0-44ce-9fb8-cc975d73f9f4,2021,83388,
0ddd9c82-0fda-4e8e-a766-14d95b20cdfd,2021,17886,
b3249eae-72d9-4022-a574-fccfa76fd0ec,2021,17886,
b0525556-7982-4a43-8f14-4f06078056a2,2021,17886,
932913ad-36d4-4d07-a9c1-7066104c42f7,2021,17886,
cd5e2607-2af7-4546-9561-1f6ec022ba32,2021,88084,
1ed7af08-74b6-4e71-b18d-012bdbafd2cd,2021,88084,
7af312f0-46f8-4fd0-aff4-bc6a08062732,2021,22061,
7c1af259-130c-4056-a280-bbfe279ec1b9,2021,17886,
90c235cf-c27e-4def-9464-b9ca81f55d40,2021,107920,
d3a95750-d7f9-42d7-bc93-f06f740c431e,2021,22061,
0c0e513c-0085-416b-beca-e10f5b83cc76,2021,9425,
ba9ea450-d9e7-44cd-83c2-5d1a436ea3ad,2021,48993,
9a43e3e8-00e6-424c-a787-acfab5ab44f0,2021,9425,
dbfc5368-4107-4aa4-95a1-ca493ab3d1d8,2021,9425,
94ffcd55-7642-496d-8031-e6cd53d5c783,2021,9425,
cfb75d5d-006e-4e9c-b5b0-c9081e423438,2021,9425,
85111f0b-82a4-4229-8f19-f2ab6879b51f,2021,9425,
4bbac0b2-5389-4d52-bd42-49777dda9407,2021,55777,
158d3069-1b95-451e-88c3-1456ff7f7670,2021,12313,
34f267c6-c0a7-4d3c-bc45-d221a0f50c3d,2021,49054,
5ac506f7-3066-4879-a1c6-467d98fc3d2d,2021,49054,
5eafc019-b8eb-4cb1-80e5-62a35a372755,2021,49054,
6b0b90db-0fab-4cb7-b80a-e36e6cbc52bb,2021,49054,
ac8daf74-5c5e-41a9-b4c2-3e24afe3e675,2021,49054,
9d30725d-ff0f-4fd5-86bb-1f6b6f656ae1,2021,49054,
f825fc51-cb36-4302-9773-ebf844a596a8,2021,49054,
c9999b1b-278e-4e64-a064-33b55bf70717,2021,49054,
063242b2-1f4e-405d-b6a8-4de396dde8a0,2021,1306689,
2ccc0ce6-6798-4215-9cbc-97115f977415,2021,968,
681d6210-4cb7-423e-a7ea-12d6f7a4d168,2021,968,
e12b098e-0dd6-4992-95b2-72043b12a528,2021,968,
135754e1-1b52-41df-a117-fa4a6c45933d,2021,90030,
b5e5ad7c-012c-4f88-a9e5-95eb55d069d9,2021,94762,
b477ec8a-a1fb-4b92-addd-a8a27216fbbe,2021,317,
280500eb-c3f4-4943-a84b-122017f21094,2021,317,
a1e6fe8c-2d9e-409a-9f27-f7936b546b99,2021,317,
bbed70f5-38b7-4ed2-90aa-6996feef05a7,2021,317,
e28d2712-5c95-4c7c-9593-9d4efe4519bb,2021,317,
5968ebc9-fbf2-49f0-800d-a58953de2e84,2021,317,
31fbf4c6-fc83-4cc5-a83b-7bfdc7108232,2021,317,
e1966c23-2c49-4db6-8c33-7631508da266,2021,317,
a5aed179-3a6d-4247-a4ed-186d9be9eeda,2021,317,
3bbb22c1-5e80-4bdd-a450-4c65b4a78c34,2021,317,
3db8baeb-a1b5-4950-9c21-484668987d4c,2021,317,
9d9dcb87-1554-48d4-98ab-016ae4866673,2021,317,
78ee4a8e-982d-483d-92ed-494ae390a852,2021,317,
53050fdf-549c-46a1-80ca-d4672c3c0878,2021,317,
98bc11ed-1884-436d-ad8f-b9316ae930a6,2021,1102628,
8cade335-d2a6-4c7b-aaca-a276dda8e02c,2021,94762,
ad3685ab-7fe2-4b9e-a111-4f28b6f2069e,2021,94762,
ec865f5e-c80e-475d-bc68-8093184fc2f9,2021,94762,
779dacc5-a28c-49d2-9e8d-add0cc3dbd53,2021,94762,
b86049e0-7049-48a3-9116-9ddca3c99ce3,2021,113687,
f12c7a3c-897a-4f7f-8c74-acaeb223da6f,2021,968,
f31814f1-a7fe-4e03-aa7b-b0f51794e1cb,2021,968,
adb05995-51b0-4e0f-9038-803f4689ad1f,2021,18683,
7bbc21d4-4c1b-438f-8415-3814534e041c,2021,18683,
e0c53086-4adf-422b-89c4-c14128f1a8b6,2021,18683,
f7952134-83e3-43ad-9340-21ddd22284fe,2021,40343,
d39712f5-4839-4090-a050-2096c3c7ba1f,2021,40343,
dc193258-6b06-4475-b94d-e1435285e2da,2021,50082,
168bebb5-fd8a-4fb6-8751-020764a1129d,2021,50082,
daa2de1f-2d85-40d8-9ea8-6d54103c14a5,2021,94762,
4f8785ce-5cb0-493e-be1e-86c93b21b7a1,2021,20009,
bf469e21-2441-43f3-97b2-5ac7940ee24e,2021,5000951,
00009723-227a-4c9e-afe2-930855e98b27,2021,1118057,
40874b95-64aa-4d52-8985-1b09cb4a2fb1,2021,108660,
217e4c4a-c213-402c-aa10-aad391ae0fdf,2021,108660,
22aae06c-ba9d-40ec-b325-f68c71c2364b,2021,108660,
ec729bfe-dba9-42b4-b7ec-9a9e4fbf6b5a,2021,108660,
8c766eee-8c9f-41d9-9e5a-e73f8acac360,2021,108660,
9f3f1105-6b75-4613-98c1-4b29b25f9fb2,2021,108660,
91637a96-6c4b-4cfe-827a-37f2a284ef24,2021,108660,
9d268d45-2fe0-4441-a6d2-1d1494acf6f4,2021,108660,
cea5c894-6930-42e9-9deb-a520e9404f8e,2021,108660,
c69a9e41-3130-44bc-9788-a64976bdfbf0,2021,108660,
731041ca-f5cf-471c-8934-b0984006b47f,2021,108660,
3a4d1be5-6d30-4534-8241-b4b0ddac4129,2021,108660,
81e96d88-c357-4835-9829-ef1df60710c7,2021,108660,
98769e83-0881-4eb3-8d69-f642b6016dd2,2021,108660,
8b675c5e-205e-485e-aaf2-1ad14699eba1,2021,54934,
ab0d37dc-2e1e-48d1-9e33-3f99c9e9d52f,2021,54934,
cc422bff-e625-4a39-8fe6-36e80d1995ea,2021,54934,
f0ad4e45-98c4-47a7-bb90-0a93284925c8,2021,108660,
8623ad42-07b1-4f8b-b46f-d1f18801ac0b,2021,108660,
fb640d84-c349-476c-a4b2-d0ba20c9f1bb,2021,108660,
90ee854a-3b39-491f-8e32-3dfdf8cc154a,2021,108660,
7d20b364-26b2-4a1d-b97b-51f1e80c5012,2021,108660,
e94291f4-fef4-40d6-ac37-e7ae48955d14,2021,108660,
bf871283-8045-4731-a07d-f11fdd8b5caa,2021,108660,
542140b1-144b-40ec-a0b9-f3bcb27a9963,2021,108660,
671aa1b9-66d5-454a-a45f-68da44d5f119,2021,108660,
0e866318-088e-409b-bce7-7a2112634afd,2021,108660,
d8023ba0-e760-4606-90d8-8e381861f9d6,2021,108660,
c73071d2-0316-4e10-94ce-772c1143d573,2021,108660,
47680fdf-0864-4ebc-abb1-bd56f8a852eb,2021,108660,
a3a27d3a-369e-43ec-a4bc-52968c1a44be,2021,108660,
593e1784-99d2-40e5-b6ea-4f09cfeb1101,2021,108660,
c796b4f1-f5bc-40d6-a866-d79e3386f135,2021,108660,
73ac9d98-8133-4aa3-ab5c-9efbd8952792,2021,108660,
138c6940-e04d-4494-a95f-636310ca7dd0,2021,108660,
24ccda64-0d50-4f51-99cf-0fae0d5b0100,2021,108660,
b16e756a-2512-4c6e-ac7a-069462b18a2d,2021,108660,
bdf1268d-934d-4e59-9f3d-382dcfa2fd1f,2021,108660,
16ea4337-d87b-494b-a060-68a7e025c14e,2021,108660,
4f6dea1f-5baf-4fde-97da-601c857a624d,2021,108660,
b79da134-7fbc-4b37-bb71-2efc46d84dcb,2021,108660,
369cb78c-198a-476d-ba0f-30349bb22484,2021,108660,
b9d1e590-d4c0-48ed-963b-d7e3684f6214,2021,108660,
25a09582-a904-4427-b9cc-79b2693a1dc4,2021,108660,
929f57f6-8b3d-42c3-bfa2-8f48077e0293,2021,108660,
0aeec0fa-6f25-4755-b7a2-18ac5940dbfd,2021,108660,
6cfbe2c1-b2a4-442d-9fe3-000a91d475cc,2021,108660,
be3a7b83-b556-4f22-ad69-ea53576160dc,2021,108660,
73fd5af0-e583-4ebd-8e36-609160aa83c2,2021,108660,
e328e782-d229-4d30-a5ba-78aac2208ba0,2021,108660,
7b5c7c18-c8b9-4df5-ae04-d7d66701a6c7,2021,108660,
73f4ce8a-9e01-4e17-ada8-83b3cd7a0c5a,2021,108660,
5bf10705-9428-4d3b-8854-08d448710b36,2021,108660,
e15d1a90-444f-4874-9a2b-e2921d09d82d,2021,108660,
778f4efd-c172-4943-9959-5fcd22660551,2021,108660,
9d13e4bf-b6f9-4f85-9808-d4a618b1c5c0,2021,108660,
d6a5f033-5a60-45f1-ae34-e9c1a5e94a02,2021,108660,
346d79a3-e617-46a0-b039-48aaa8447ea6,2021,108660,
9e9e0e44-ac30-404e-819c-6259a2ceeaa4,2021,108660,
31a21c6c-b6f2-40e9-a62a-81b3b42386bb,2021,108660,
a69db095-a761-4135-a049-c7a9c7e88121,2021,108660,
db9acfff-8b51-41db-93db-077ff404516d,2021,108660,
e6fc1a01-3862-43f3-bceb-fdc1a3497a2b,2021,108660,
1cda9ea1-4139-4132-b2bb-8085dfb010bb,2021,108660,
098b5c6a-4593-408c-b1c8-3d9410d48e06,2021,108660,
04ff1a34-9f77-45c1-95e9-457de0ee43b1,2021,108660,
b51c18b5-b412-491c-b94f-592e751e29da,2021,108660,
efe63b2b-4ab4-40dd-97c9-4e4bbe2fc4c4,2021,108660,
24521b29-aea7-4c5c-a022-31a46cae9a09,2021,108660,
d72e184f-7fe7-4079-9329-6756fed5eca2,2021,108660,
3b407bad-a5c1-47e4-b24e-df7d9a07bef0,2021,108660,
f4d0658d-2c2a-483d-8bdb-665041f5f1b3,2021,108660,
1b63d1d3-ffb6-49bd-911f-504a45288f76,2021,1117717,
4f2cd6c7-a48a-4bdf-87f6-cd6233386403,2021,1117717,
156008db-d161-4de0-9b56-e140ea2d606a,2021,1117717,
ef1a4623-81de-45bd-80a4-aaa2d026166b,2021,1117717,
1c527cad-3c09-4a58-8efe-7161f1a2ca00,2021,1117717,
2156e8aa-574d-4583-be5d-0382f1f93aa7,2021,94762,
33985fc0-f0bc-4e4f-8373-d7ca1451af3d,2021,9425,
4d4ec6f9-eb8d-4d40-af83-535169cb992f,2021,91262,
1b39c20b-8146-4f42-947f-fbb9115184a2,2021,91262,
a1e506c2-483e-473f-81b7-e1e1f90045cb,2021,48675,
cff2a145-7898-4519-9b75-50460f283639,2021,48675,
b0f55921-07e8-4677-af19-65294f170660,2021,968,
5308f18a-83ad-42e2-8b79-67ebbdbeeb20,2021,968,
ff546a91-b039-4fa5-a0fa-48f85670a716,2021,98764,
aa1f2689-8187-4fae-bb69-afa7fb2816fc,2021,98764,
58ccaec1-1037-4b85-8e9f-1e914b8460df,2021,98764,
6d42c9d0-4343-4058-b492-01ddcb706274,2021,98764,
28fba209-3c05-4795-aefd-f2d6d66eb57a,2021,98764,
aaef5c46-07fd-4561-8aad-6465f948b733,2021,98764,
8c665c97-5e12-4b07-bea6-7e3fb4c8c273,2021,98764,
780b5514-dbe8-407e-b669-d79ba4a42c60,2021,98764,
cb9e75a9-3dc5-48e8-aa44-1c85b1c4de9d,2021,98764,
9d975106-b2d8-4848-85d8-5b3492b44a5b,2021,62484,
1537b44e-82f9-444d-a0da-23f3f8e0836f,2021,62484,
9affa4a3-5f3c-469f-b1f3-7f47d16845bf,2021,1118057,
aaf83396-2d00-43a0-bca8-e66b365654eb,2021,48205,
a8adadb6-8a0c-4a08-9a51-3d923a0d0e92,2021,48205,
