id,NU_ANO,CO_CURSO,QE_I24
17be5d64-fb72-4e75-8278-e0156ec17a95,2021,13595,A
89b3f11a-179f-4f96-a30a-577050a3e9b4,2021,1161716,A
38625c40-99a3-466a-aecd-522a46273ec6,2021,20756,A
505b5a7e-fd9e-4286-88b0-34d74df19917,2021,94762,A
67863618-9665-4117-b84c-ab5ed406e4ec,2021,13401,A
e7c11a75-acf4-4afe-96dc-c467b5667b72,2021,113687,A
f3e3ba43-22b2-4587-97b6-da77aee9b4c7,2021,13595,A
8f4e2c71-f801-4334-8d19-c8ea6b722bfc,2021,968,A
e05f06bd-bd3c-486e-9132-937f3f9a9c6f,2021,43664,A
26bdec56-bfc2-4e97-a36c-455d389bfd53,2021,1265453,A
c3efde4c-0544-4851-a7b5-07bd0eef070b,2021,114616,A
36726b6a-3f7e-4b70-8303-84dd31c16a58,2021,41238,A
5ee107d0-a042-4e8b-bb81-d1b9b9508562,2021,13446,A
145db34c-e7b3-48a3-8b8b-16e31f3b6580,2021,13595,A
ac500aaa-325a-4aee-96bb-6ec34e70c046,2021,1181115,A
0a5297ad-b780-4225-a987-317befc53297,2021,91181,A
97cf0f07-4ba6-43dd-a768-7e5108e26d83,2021,1190071,A
bea0f033-ded1-4818-8c7a-505d95ba38eb,2021,2209,A
2ece7592-56cb-43a0-8b35-cdae498a8ba5,2021,118994,A
05a2fd4e-d4cc-4f20-b294-b4144459831d,2021,118994,A
767b4f6e-7010-45f0-9920-a234d5d91de6,2021,1322665,A
df911c26-acb4-4320-8e94-1e763a795ced,2021,99406,A
ddf7e9f9-1fc7-4936-9e88-1d30c218e4d9,2021,9425,A
f642c15d-932e-409d-921b-4bcfacf00106,2021,98764,A
fa1b02ef-4eb0-445c-b64c-f6ff6b91ddb6,2021,47069,A
2ca79dcc-7cd8-47c3-a25c-d88d5ad74ee8,2021,116770,A
91be66cf-7f92-42f3-a220-494d494e7bf4,2021,47505,A
63b7b711-3bf6-4cd5-90a2-ffbd221c0139,2021,1101244,A
1f9bd38c-35ca-4c29-b43c-46d720630501,2021,106167,A
edaf1a94-abab-4b45-8a8b-3d54d78b4e65,2021,1330347,A
51655167-9585-4600-926b-4d4bcb0c6c33,2021,18558,A
35b9a294-2767-4ae3-91d9-261485ce48eb,2021,13595,A
436915ba-03a4-4d41-9bf1-858bc0158058,2021,1102628,A
a3ef5b66-1e1e-46bb-ac1e-2a77d24960b7,2021,48205,A
7add4d9f-35f1-4c17-ad27-21eaea9f56d8,2021,1132918,A
4a164c7b-bc82-4871-b21e-a2553e76d04b,2021,37862,A
68d475e6-8a0a-4c1a-ba4e-243296841d4e,2021,13595,A
28fbd189-baeb-40ac-9768-18a706550121,2021,112086,A
7ceb7b58-113e-4b60-8e95-66209ed98dd5,2021,62484,A
9cc0ed28-2d51-47c4-81df-87e8764cb825,2021,48205,A
9b7ba63e-f088-4ea9-9969-cd85c77fc52e,2021,968,A
abf9609e-d551-4d4e-a11b-135276fd3696,2021,1267543,A
13cef13c-2483-4045-a498-910b2532f835,2021,107422,A
ef86f63b-b669-4c3e-915f-3089d0726a7c,2021,1270596,A
adb0b11c-cce8-4d38-9ad1-01322a25bac1,2021,13595,A
d9e83353-59bb-48cd-9d3f-f199fe385d2b,2021,317,A
6e1ccfdc-3a71-4d51-a49d-0921cc92565d,2021,1203177,A
32b4ea34-1d03-452d-b159-ad8db9e98b75,2021,98957,A
bc5a015c-1fd6-4009-b12a-73466b0792af,2021,88084,A
dd5a0bf6-5d87-45b3-970a-fb6199b9ba38,2021,101942,A
9a68460b-3472-4333-90ce-acbeb1caba2b,2021,18671,A
660cab43-8dbd-46d8-a453-4cfbdfd0b7ba,2021,18584,A
057b5072-07db-4e15-8d5f-ac97c476a6d6,2021,5000143,A
a55c357e-a134-495a-8ff4-5e1cce2505fb,2021,1403879,A
2e17ee6a-1922-4a02-bbcf-98828391631c,2021,64664,A
ffe94247-d40f-4ded-8b93-907e226036ae,2021,11452,A
8ff485d5-6cdb-4f9f-947e-2d6438e6a341,2021,88084,A
a08e2047-0cca-4558-92b8-8ae5cb504922,2021,1376181,A
ad9eebdf-77e8-43a7-ba30-54190246923b,2021,13980,A
75dcec69-9872-4175-b5c2-e67715e2488f,2021,88084,A
a38782db-de66-41d6-bb9c-398084c4e378,2021,1265453,A
de8eac53-9205-4c31-9a85-cae4c5e6e729,2021,106996,A
f348a11c-c438-4f7a-9e8e-7a715a2748da,2021,13595,A
a0b4dd73-d4bb-40fc-a955-99ead8ca22bb,2021,1070485,A
33cf92b0-6e7f-4228-a81b-a674926c5a39,2021,50981,A
6d995c16-4a24-4f5c-bf24-53751d09cd7e,2021,118994,A
c4d26bd5-6b70-4f5b-b2f2-b7def35aa200,2021,2209,A
89d0d3a3-5315-484d-9b23-4db183ce49db,2021,74737,A
63a726aa-0b1d-49b7-b3f2-81ba3873ff14,2021,37862,A
1c7790c8-2e30-4c68-88e3-a45402fe7f33,2021,1103723,A
9ad975bb-4d49-44f2-893c-5eed33be3106,2021,88084,A
8364446f-4349-42b2-804a-9f8f182cec20,2021,2209,A
a756d800-3aca-4acb-8a41-aca5bcbf628c,2021,968,A
bf4f38d4-767d-419b-8292-0a4012a2d368,2021,13401,A
8bc2b68e-f4e7-4382-ac79-c9acbbd2ba32,2021,968,A
b2e3ac3a-9dfb-4c6f-aeef-7025a7a3d699,2021,118994,A
8e1b24d0-3363-4ccf-935d-95492a1a841d,2021,91181,A
8d78d3f1-59cf-4962-8405-d9c33250378c,2021,1322665,A
e6592417-fd6a-4c3d-875f-6606bfe3b3f4,2021,18584,A
3d006517-a249-4d11-a6bf-8173bcb6097b,2021,106996,A
56dfd12c-da3e-496b-910f-12c0a1977390,2021,1148708,A
03c45c08-38da-4650-abe6-1f57e8b4fb27,2021,1190071,A
45f8e0a0-98f8-4d5f-ba16-d14f4b1acc63,2021,1181115,A
02f9d0ad-acd2-4772-aa1c-265eb7931624,2021,1269545,A
3d7cc97b-c1dd-47db-ad3a-88f08dedac90,2021,1267543,A
959b533d-025c-4f5a-88ea-0b30eba7e04c,2021,101942,A
01d8312b-2c74-4d15-b6c8-b333ca836f43,2021,13595,A
a1c7a0a1-95e0-46cf-bdc0-b536e9d635bd,2021,1314243,A
0e3190a0-cc8b-4f9c-bad2-36f42fd479f4,2021,968,A
5fcd8d30-2598-4d27-8383-f893b6ec8741,2021,49071,A
a9e7cc2f-9e1c-4656-8273-e227f981af18,2021,64664,A
a610aa62-fe11-41d4-83c8-06e37f22ac4d,2021,968,A
d5c1cd52-e6e2-46bd-8726-21acf194e8a3,2021,104360,A
e08ae8db-dd71-4fa3-bd9e-48af29fb49b3,2021,37862,A
031afc8c-95f2-425c-83cf-7f00d742adee,2021,49071,A
fa93c7fe-ad6d-4d34-862c-8abc0e994bc4,2021,1181115,A
ad2dc322-fbb7-411e-b896-ceb99a335476,2021,1181115,A
ad786af9-b028-477c-ab36-5b0b8a668e9e,2021,55402,A
addece45-7642-4b3b-be9f-186180eab5f6,2021,1314243,A
b46aab44-6042-4b5b-9e8b-9f16520ae801,2021,1288839,A
3171362f-4c5b-4b7f-b428-c8a7e22886dd,2021,1314243,A
227c7439-7d0a-4e4e-9024-54373e73af22,2021,13595,A
bb162e28-70cb-4ab8-8116-1815d0e15b75,2021,1376181,A
3a8ff6ee-9653-4cf6-9fe2-7013846f4f5c,2021,1376181,A
bea90801-937f-4cf9-9076-d3c8b1daa290,2021,104360,A
1f302e5e-ad64-4e22-9921-7f06daa65ab8,2021,13401,A
5f27b669-16c6-4fba-95a9-0c6bfbe37707,2021,1314243,A
24db2277-b859-4803-80a3-3389996e627d,2021,11452,A
f2fce592-8d55-46bb-bd32-97abfd7ebc3f,2021,1322390,A
d77fd77a-a847-4ede-a6e6-ee4ce7c389c4,2021,1190145,A
c46623b5-db13-439a-9de4-a9e1f7490b94,2021,107360,A
87b6faf3-92dd-48bf-97ca-83890158a5d9,2021,11730,A
7d9d8399-beb6-41d2-a782-12cc06cb2458,2021,104360,A
22abc6ca-6484-42f8-83a0-6097646c70b2,2021,19042,A
a8f2089a-a558-496c-b8a5-506da9c55898,2021,118994,A
c12ff9e6-3d9f-431d-acbc-45fde36218c4,2021,107422,A
cc6c1e80-3599-4c05-a4b7-23358f83df0c,2021,1300429,A
6011fa11-67e2-4c25-a20b-e001745deecd,2021,11452,A
d596afa0-4c74-4bb5-9e24-db1c10246098,2021,968,A
f70771d1-deb3-403e-8044-8aa2f241ea63,2021,98957,A
67c90c7c-e808-4db8-88ae-991192624de4,2021,98305,A
c4639393-306d-4a6c-a97c-b83c34bd13a6,2021,13446,A
17ebdf19-7ead-4906-8bb1-01605df2865d,2021,13277,A
c3c82eea-4d2d-421d-b6ea-3ab62c6c09ad,2021,88084,A
c9bb79a4-7c0f-4cc7-abca-37d1cb99b4ba,2021,73140,A
40c4eee6-52a6-44b5-8f95-33d23f46b90b,2021,101942,A
f26c973b-a976-4daa-8605-11c98f2d41cd,2021,13446,A
d0739cef-2096-4a3b-bd4b-2472afe0df13,2021,98595,A
c33e1128-bdf1-4428-b163-3813184a5ad5,2021,9425,A
0e3050bc-c815-464d-a0eb-f349b56b7668,2021,1318224,A
83d5ae78-a6b8-4272-a470-9bd12f8c1c97,2021,83388,A
bdf0a3b5-8544-4dee-8205-37ec82caa89a,2021,88084,A
e7f0df99-e614-4835-8732-688daf6cd18c,2021,317,A
4fd68c31-24bb-469c-9311-b1dd4a7226e7,2021,968,A
d2067224-a665-4cbe-bff4-0788cc8c85b0,2021,118994,A
db7362a0-16b8-4c1d-b9b1-9ab20593d3f7,2021,1427745,A
cad01493-31dc-4215-99ba-90979a01d393,2021,98957,A
cf9f5699-2237-44b5-bd86-ada7b35f9da0,2021,41238,A
42e0907e-0056-45c5-91da-32f5ff4192df,2021,118994,A
5f016e0c-a757-4660-9433-abef7a7a7641,2021,13277,A
59ba16b6-e2e8-492b-8287-b16518d2334d,2021,98957,A
8c85ef42-fd14-4a56-bc8b-c20119806702,2021,55777,A
49ea3214-5919-4370-b0e6-4f433737cec1,2021,64664,A
08839303-a106-4798-83fb-626f9f0718f7,2021,118420,A
2b155647-a287-4fbf-aed4-67dd5f490684,2021,1288839,A
edc053ba-ff6b-421d-b38e-f8bd071a2889,2021,68930,A
7a4cb0fc-e7f5-43a9-9f10-e7963c559ebc,2021,41238,A
94e3d4a5-0ced-4dbc-a3da-60aa75754947,2021,968,A
bbcccc16-b696-4b6c-9f53-dcc5c94491c5,2021,1190071,A
479b9c85-8365-4bf7-9837-f1469bba09ae,2021,1283028,A
ebcf4757-8dfb-4627-8b28-44d9e26b02c0,2021,1265453,A
2aed0dbc-afdc-438c-9a6b-ed87bab3a640,2021,9425,A
6db4b054-cee6-4544-b979-96fd69d732df,2021,1385488,A
66dd8e1c-d23f-4c69-ab8f-8f535e98dea6,2021,20030,A
ab2be4e7-7886-4c49-bc9d-e908d1634a8e,2021,1385488,A
4870dbb9-0b1b-499b-b6fd-b8ab13a7ae8f,2021,317,A
64c50cf2-27a5-444d-bea8-a4518115aece,2021,108660,A
30938c80-3b52-45c9-a3db-a96fabf2b36c,2021,98595,A
15933ad6-9171-47a7-bf8f-2739464fa44d,2021,1270596,A
f41a207f-35f3-45e2-9b09-efa993919984,2021,112086,A
1106d97e-3f3c-4c1f-8932-29cf0d1e41c8,2021,95017,A
56b2a34f-bdd4-4156-9cd8-320389bd99b9,2021,1306689,A
8547f64d-7cfe-427d-88ac-f7dd1f6f0749,2021,968,A
3841562a-9297-4552-bb88-83934c0e55cd,2021,1265453,A
546eec32-332e-4cb6-b3f4-9385140d0cc1,2021,37862,A
8ba93807-9e7e-408c-81f3-db651fa725cf,2021,968,A
63c25973-91b0-4ca1-bf82-3347acc92d41,2021,112086,A
e358ad35-1c70-4aba-99d6-6d1d6e87cb33,2021,9425,A
7cf4dfe6-106b-4e86-ab65-e08d98ba6c7c,2021,62484,A
b1d3b309-77d8-48a8-a437-02003b0f548a,2021,1269545,A
ccd14ca0-3091-45d3-99c4-7fd306eb5fad,2021,13595,A
851486ac-c68c-43fe-aa5d-b0ea4d70596d,2021,107422,A
4b9e776e-2ee3-44cb-bdaa-1b84d020b3e8,2021,1376131,A
2201372b-87a7-4028-85b9-df1113dc3228,2021,87396,A
6367f915-4cd5-4c6c-9ffc-b3daf4cef0af,2021,37862,A
22c375a9-4430-4e50-a9af-8c67b939aec3,2021,106167,A
a1b6e5b7-129a-4296-a94c-b19fecadc584,2021,13595,A
16d9db48-04c6-4e6b-a773-2808347f4d49,2021,1102628,A
00685b61-3e01-4e79-aaed-c144f1ef5555,2021,1314243,A
921badf1-94c8-4b9a-8f0c-faba70a20369,2021,1103723,A
0fa2b86c-8dd7-498e-b045-8bd564dcf409,2021,1181115,A
bd4eb24d-5baa-425b-a677-e520966a4352,2021,1101244,A
cced2cb2-ba9f-44e0-aefc-3159832ab78e,2021,98957,A
ea97f72d-fc34-4fc1-8672-d208352082da,2021,5000143,A
e369aee9-5365-4e43-abd9-acc78c377dc7,2021,1190071,A
7e74be36-9131-418d-9a04-a14cdc6081a2,2021,1270596,A
708bfa96-dd46-42fa-b283-4f98d8877e16,2021,968,A
47c59c87-c9d6-4585-9136-bf9f126b50ef,2021,968,A
abfe0e92-2364-4789-8511-16767823b64c,2021,1108692,A
9f0593e3-a493-4b2f-84c8-087a6274a5cb,2021,13401,A
0ff27640-0b0f-46c9-b317-3bfbce944893,2021,20756,A
3edb7c41-2648-4606-a990-e1bda521aac0,2021,49071,A
8a86b9ba-efb6-4006-b910-4e6252890db5,2021,116770,A
1e552ea5-9d5b-478b-8789-dda714beed80,2021,107360,A
b2aa829a-aca6-4697-8de8-20b40d21af35,2021,13401,A
ff0413c3-0beb-46d1-b0a4-5cc3326edcbf,2021,20030,A
bd9618ad-b364-47c3-aa5d-507029bda73f,2021,5000135,A
076b4df2-98f3-4730-b651-c8f45a93ad0d,2021,9425,A
a3d75c3c-35d2-426f-8d05-29ef34aed7db,2021,19042,A
b0278908-8cff-4cae-b2fc-e9ec10918a4d,2021,98305,A
72b83c39-7fa0-4836-a897-5ae2f123e2be,2021,106996,A
2d5453af-a944-4d99-ba10-47357584ee02,2021,1136142,A
222f9ab7-3c08-441a-9ea0-cddbc2309158,2021,57612,A
81619c36-ee10-4686-a861-09c1c30b6ddb,2021,101942,A
432f4e02-9a76-447e-9598-3cfbec5458f6,2021,20030,A
f22bc9c8-9ecb-4977-9037-3d6aae93e877,2021,1190071,A
f682862f-51fe-4092-b1fb-f525b03f2284,2021,106167,A
e75f3454-c692-4c68-ab21-5c6ff68c7fe0,2021,19042,A
7582dbbc-f8c3-4d7b-9d7d-e7a10ed0a42f,2021,13446,A
f029e4b9-438c-4f6c-82ae-4ae0af80ed74,2021,20933,A
0caf1bab-2c56-4f06-bf98-332f4cbf6d5f,2021,1047907,A
6e2c0403-026f-4652-852f-ab0999cfbc69,2021,1288839,A
49e09d3e-1f13-4d8e-a517-51339273f0a1,2021,1070485,A
b0ea0e90-d72b-4bbb-8694-8e6351b9514e,2021,1322665,A
6d571c1b-91f0-43a5-b3eb-8904d55a9c1c,2021,1270596,A
07365f02-a1ab-4434-986e-aaf48e463d40,2021,1376131,A
fb64b742-9ca5-4c85-9639-f6d067be4823,2021,57606,A
05991037-6bed-4b7e-b2a8-62da0aadc0b7,2021,318882,A
2f3e3436-7d26-40da-8c3c-c31abc1e1278,2021,118994,A
f9ff1a6f-c3d7-4b9a-b509-74580fb4072b,2021,20030,A
a4cdbbb2-9cd6-4d62-b841-1c8622e87fde,2021,57606,A
c12befb4-60a0-4797-ab33-904b4267eb58,2021,1265453,A
b20822d2-d2cd-47c2-8f21-3b395e1fb45c,2021,18584,A
d20ee48e-e11b-49b9-826f-ccfcbc2d1b7e,2021,73140,A
755e7276-ac6c-4d7a-94ce-c81606b522b8,2021,1190071,A
445aa6c4-f613-4b04-862b-5c366f6217c0,2021,107360,A
63e22cc8-e34c-4598-bafc-eb949c4b766f,2021,1283028,A
59ab9eba-3607-48de-922b-b88e0c352c07,2021,118420,A
60e48fcc-ba50-4f7e-b8d7-7fd24493dd10,2021,1314243,A
d3c22be0-1674-4a3f-a27c-99668e39c9b0,2021,1161716,A
6851046c-a46c-4ad6-9602-aa658af2a0d6,2021,37862,A
387710eb-d87d-4efe-b523-c2ae329c4c36,2021,1376181,A
4297d9b3-7363-463b-99b1-972e8084f119,2021,103062,A
6ba1575a-71bd-44e9-9c47-4e7be43d3ca6,2021,19042,A
2ea696c3-d2df-4c34-8b8b-896e90edb352,2021,107422,A
9de009a5-7d26-4061-bd16-c79c90d2db30,2021,113455,A
dafc304a-b4c9-4f61-a9cf-4b4b6e3a8f32,2021,118994,A
cc338588-2514-4618-bfda-c9f6f3adfcb5,2021,68930,A
2b670bdc-77f6-4b07-98a2-805b66e357d2,2021,968,A
1a82f339-00f2-48e3-a8d7-dc969313cf37,2021,19042,A
bdb1bf28-6365-4c16-bb8f-de91fa451d33,2021,1103723,A
46bb0736-a635-4364-b206-bce6c0743a7d,2021,94762,A
707118d1-64e8-483d-bb3f-cabe005df535,2021,1270596,A
54f161a0-1215-4659-ad26-ba63243d737e,2021,1330347,A
116f8ae8-080c-46d9-a685-8853733ded86,2021,968,A
aa59e183-5ddf-41c4-8ad7-fde99d0adf64,2021,13446,A
5ef5d72c-5a5f-4893-b7b2-3ceb0119e546,2021,1136142,A
8c24a163-3b01-4e4d-8dc9-03691bce5eed,2021,74737,A
a1d27611-739b-4cf8-af58-e2e19247c846,2021,101942,A
edd38404-cc11-42d4-82a2-e189cacf14d3,2021,5000143,A
75c67c3d-c0fa-443c-bafc-6c9b2f05928e,2021,1132918,A
62005bbf-d18c-4ace-af2c-69f7ed8018aa,2021,1139692,A
14c85276-d8c8-4227-b423-2a572c7777ea,2021,95017,A
61c964ca-a9f3-4529-91c0-4ebf1f30abe4,2021,20030,A
a9b46de6-b3cf-4c69-85dd-84cc01cca149,2021,20030,A
ce560807-2201-4a9d-b159-9961ed69cd10,2021,1267543,A
497a9765-7011-4751-b7f3-b7b5a1b42b8f,2021,1376181,A
796528eb-e3c8-40d5-8caa-8dc1918a4132,2021,98595,A
1b4aad9e-2cae-4420-b9d3-5031bb18cf93,2021,1101244,A
9ca6f406-b32e-418c-b6ab-e6ad2d80fc35,2021,106167,A
c0cab962-155e-48ba-b50e-916e43952296,2021,11452,A
11d9d4b3-ec9a-41d0-a214-49ad7e46861a,2021,98595,A
a0f79da0-421d-4833-8ce2-9116cf511821,2021,1190071,A
d5148fdc-15db-4faa-8756-759acd886f27,2021,98665,A
7b57eb1e-f822-48f5-b5e9-915e61f977d4,2021,21464,A
0c77e1c7-5ba7-44c9-b35a-5bfc8bbd62e2,2021,117022,A
388b949d-1ba8-4976-96c0-3cb4794db204,2021,1283028,A
76d6c7b1-3add-4be6-a98d-a63aa3c6cf91,2021,5000135,A
3748508f-30e2-4f11-abc3-c4d172171383,2021,37862,A
23a34e5f-e939-4b3f-bde3-9347e55450f2,2021,13277,A
a22a9c98-3290-4b00-9136-cb08886898d8,2021,1272079,A
18241418-3724-4a72-9557-7cabb591ab55,2021,95175,A
2dda5903-c288-4132-a33d-1dd146f640d3,2021,13446,A
5836e4f4-2f17-4a48-9ad5-658fc6c208b0,2021,1376131,A
af12c453-09a2-4123-afee-9bd807116b27,2021,116770,A
b956c60d-6d80-4a88-8fe5-a1b00c93f87b,2021,98957,A
172db856-1e11-4000-b94d-6b34d8cf78fe,2021,98665,A
744e4174-5a73-48c9-80dd-908b8f0196dc,2021,18584,A
8c4b7cc7-aa8f-4348-a012-79f7dee765b4,2021,83388,A
7d672487-7108-4058-95ed-b643b91e1fcf,2021,1101244,A
25afb98f-8997-4ab0-b58e-5271402d02ab,2021,64664,A
8a2ddcc4-e042-4b95-b4fa-0c3509d91250,2021,106167,A
a8f2cb44-e432-4342-a4fe-560c914892fa,2021,1269545,A
8185385d-76fb-42a6-bfd9-e397fc01b427,2021,97443,A
0d43304f-0e6e-4710-b95f-b0a7a8114168,2021,99820,A
daf49aef-0f44-49cc-8dc8-e47067906a24,2021,87396,A
231d1f01-6699-424d-99dd-9b80f6978dcc,2021,101942,A
1776528b-855a-46e9-9968-02fb18b61df6,2021,41238,A
4fde2912-7f07-415f-8261-74248a972008,2021,11452,A
0d6d17ed-b4e0-4968-a76e-92859c031611,2021,94762,A
b32c4b44-312e-4b86-8319-91bc2b10b5f7,2021,95017,A
11c5b7b9-8a20-4a84-b80a-023418ccf570,2021,2209,A
22e6601b-1d27-46bb-a86d-5578fd46390f,2021,1267543,A
a6bdf940-6a35-4f70-b4ae-39d301bd3a9a,2021,106996,A
ff04321f-5448-4103-9c9e-ae044083ee8f,2021,106167,A
f81a82eb-88c3-4a2f-b281-219549c30d58,2021,2209,A
0838601b-1d87-4dc4-83d7-5273609cd1b6,2021,98595,A
4e13e903-c18a-4154-8462-8d05641966f6,2021,64664,A
16f0d164-0c44-4d9d-8916-be9d1cfecada,2021,18584,A
4b421525-dacd-4cc4-9da0-05819fc1187a,2021,90030,A
2df3b52e-8d5a-4212-aec2-a672f71e16fd,2021,1288839,A
e0d9ba4a-5a76-44ab-8021-b708c510b67c,2021,117022,A
5ec3f5ea-19f4-4cc2-8e97-421ecace9dba,2021,10515,A
d6f2b96c-4e04-4949-ba83-44587f5f93c0,2021,1330347,A
145fd0c4-32c3-4bb3-aa0c-6c1a09567c53,2021,104360,A
52b6f993-01bb-4584-a6a6-d6af36cd0700,2021,107360,A
d48790f8-0600-4233-967c-8009d8f1e3d8,2021,1322665,A
a57c5707-20b7-4975-be24-711f49e9a682,2021,5000135,A
a9179386-4647-4002-b3fd-31d3fe7aa0aa,2021,1181115,A
efa8df20-65c1-43f5-87f5-5ee77504ebee,2021,104360,A
f884aaef-9e88-47c7-bc68-5de49b46973b,2021,98305,A
a17116a3-3873-4893-80c6-5fd0be760438,2021,13446,A
bcdfdede-cf6f-4f24-b6ec-0b622289f5dc,2021,101942,A
9871a100-dffa-4746-a9f5-954161cd46b3,2021,9425,A
3194cf6c-232e-4969-b7a2-171aac9a4b38,2021,968,A
99a95934-f40a-46f4-90bc-ccd1a2d59f8f,2021,107360,A
57c4a174-868f-462f-a4d8-ec9277e0bddb,2021,1166783,A
502922ea-3b3d-4e2d-a722-f32e3909190f,2021,1181115,A
6f12a9db-c436-45af-8c65-442abe16072d,2021,9425,A
a3ab17ac-1d00-4d7a-b84b-582a5ea4cc40,2021,107422,A
b40486b2-94ae-4a69-a688-55c6635b4d04,2021,1283028,A
7df5c1e7-5367-48cb-aecf-572dbfc67e6a,2021,98595,A
97874f46-74ea-45ec-8c62-95eb407c29f6,2021,18558,A
adfc3eed-fb1b-4d6e-b1f0-3310e122b419,2021,13595,A
b5805c53-f901-4b01-8307-e6896fdcc61c,2021,1136142,A
0826f224-c4b9-40fc-bbc7-a8d10eef71ef,2021,118420,A
4bb108bb-d74b-4227-9983-1f46a9311db3,2021,22047,A
aec612b4-c71c-42b6-991f-0394b7a5944b,2021,1376131,A
a8d62b46-2f41-4e81-a2ab-06d291c1beb5,2021,116770,A
656e45f4-14f3-420a-8728-34f777894519,2021,2209,A
8c655935-0053-4657-be6a-7202743fbc02,2021,49054,A
2c723cfa-c00a-4619-85ea-d18dc1e6411b,2021,83388,A
72ff4b5f-4091-4e0e-b505-2d325e776e7b,2021,106996,A
c3c2dd01-956d-4ca6-836d-0685b2004aeb,2021,62484,A
2b7b9d3a-3bcd-461c-aa63-e9d1f6975eaa,2021,5000143,A
cc610fc6-137a-4bb0-a789-7eab9e8a08aa,2021,1351760,A
5440e6fc-1e5f-4e43-9608-648340449dcc,2021,1136142,A
ed675787-2ca3-423c-a512-b4866caa3f9e,2021,1190071,A
6a190e06-2884-4bd3-bbf7-938eb8cebec0,2021,1288839,A
e86b1be3-8c69-4e54-9882-b4e93167c552,2021,1108692,A
ae81181e-4dde-422f-be42-a91a95505c24,2021,13446,A
af490cd1-a86b-4c26-991e-3ccdb9d12064,2021,101942,A
84e43cac-bbf7-4b42-a155-bcffdcc52d30,2021,1330347,A
6ae4c112-f072-4959-bb87-b1463edc4c3b,2021,968,A
fc98b2ee-ef84-4a2d-84f1-6c1e2a21e30e,2021,106167,A
2e919100-ff73-4cf4-bc17-015a6ac0ec58,2021,104360,A
677726d3-342d-42bb-b82f-7896659b7160,2021,62484,A
1d88c735-e822-4286-93a4-5ed7a0abc46f,2021,1322665,A
ed222673-526b-436c-9d42-5e650d3a50ae,2021,103062,A
8b2a68cd-901c-4860-b529-e10c79a5251a,2021,41238,A
c37b73b8-1c91-4844-b92b-edef950f6cf1,2021,1101244,A
b028d02a-e6b5-4594-a27b-bbc7600dd0a2,2021,968,A
18a3417e-e166-41c0-aaa6-7aa3660b1159,2021,18559,A
a2f9d9e6-a6e1-4d6e-bf96-e5b12c990594,2021,513,A
8b3bf7c9-94e8-4beb-b2c1-2256458134e1,2021,73140,A
1952f91f-bc7b-44f8-a3e2-7d0e0c18bbfa,2021,37862,A
7f1d5aaa-8b86-43b7-b7b9-c0fd51f13a56,2021,1136142,A
09d531c7-0556-4551-aaef-43dd2a167174,2021,1102628,A
5cd240f3-8558-4aa5-963c-a61c1963dff3,2021,1047907,A
9c583ad8-e807-47ed-86b6-0077f750bb69,2021,19042,A
b6361fe0-d7d4-4567-ba2e-257de7f92d75,2021,95017,A
8d918386-eb01-4a50-82ad-cacd7377c610,2021,1322665,A
77bfa3ac-1716-4ca5-8a7b-abe03ddccb59,2021,1270596,A
f3a4e31b-d9dd-4989-870b-730bddcdeb3a,2021,116770,A
64a3dbc1-7d92-45f4-b455-98133f64d0c4,2021,91181,A
155de24f-d578-4b83-89b7-859ca111d239,2021,1288839,A
dbf5652d-6809-4d37-ae97-f339d72f8b2d,2021,98595,A
b5252c16-d524-449f-a1cf-688eeb57843a,2021,1322665,A
0cb460b6-4a43-4cbb-921b-779ed1e6a429,2021,1181115,A
5ec08a8b-e6bd-4dc6-810f-70d8a2e98e40,2021,968,A
4655a638-efb1-44db-96df-f25a91a4b7a2,2021,20933,A
09d81cee-8e7e-413e-b56d-8e38b0811458,2021,19042,A
94f95836-bea2-4619-bc81-2d957b3595a8,2021,5000143,A
5064bb8b-4aee-42f9-8668-85eb6d8f001d,2021,11452,A
3efaaed8-ff4c-4ea9-ac46-0abc668be8cf,2021,317,A
67debbad-5fa0-402c-8cf5-a0405e45cff2,2021,1148708,A
fc61916f-b58d-4580-b3b4-64094d5a99d4,2021,13277,A
8cce8d9c-5dbd-4322-8a43-b1510d792867,2021,1181115,A
acd4d704-9ae9-48ad-8509-081f62e2499b,2021,18683,A
f6605606-eccc-4566-801c-fa2591e10e13,2021,1269545,A
2562f609-be48-4f57-839b-b8c6b194e7d0,2021,20030,A
7d702085-9582-4853-b67c-10a07d5587f0,2021,1314243,A
2cc73b64-89c6-4303-ae27-ad74d549a047,2021,1376131,A
ffba6403-8e74-4e4d-add8-96016840c3e9,2021,1385488,A
e1573b1f-f071-48f9-a427-1aafc023ecdb,2021,1385942,A
0128ae44-d33a-4911-b1b8-5bb8395909c1,2021,317,A
5c4b91aa-c60b-45df-b8bb-412c52f3908a,2021,107360,A
b66331af-4322-47c5-88ed-8590f42bc623,2021,106996,A
e4ea150d-045f-4ad1-a50b-13e31b1bc7d5,2021,106996,A
c0e1e449-e135-40a1-a169-7797240f9cc8,2021,20239,A
1412418b-1bfc-4145-9a7e-de6e001b7ba2,2021,9425,A
f889722c-9fd7-4707-b080-48263d161939,2021,18683,A
11ced6c7-7eb3-4255-94a5-8d2ad71e6911,2021,97778,A
180dcda0-fea0-4837-ba4a-71f69cfe04ba,2021,107360,A
a1c53dca-25e7-4401-85e3-24532a3986dd,2021,74737,A
a801b197-0ffb-4df4-9d69-b788805bef45,2021,106167,A
b1df9c5e-cc2f-4ed5-9e82-aba23f8b32bb,2021,968,A
c5c6f2bd-ecf0-45ab-9b0e-7f838ae7358c,2021,18584,A
30a130b6-0122-45f1-8067-6f9ee5082059,2021,18559,A
cde907ff-2acf-4601-bea0-b04b3192826f,2021,104360,A
343110c9-26ce-4476-af2b-858affe5eb60,2021,106996,A
d54f2d3b-fe51-4b6a-ba94-3dd17a71a51d,2021,98595,A
2df4653e-f26c-4c8f-9784-574cbc7b3d91,2021,1322665,A
0cb98952-6a0b-46d3-b049-667e10206794,2021,1103723,A
af694157-aae6-4928-9da8-6af238eb5f56,2021,13446,A
99a18fe9-e96f-45b6-87a1-40e8f4fdc7d0,2021,118994,A
9555af57-3367-4bca-8df3-7777fd2adc66,2021,1283028,A
39b5464a-eb48-4df4-b522-656e0bcc006f,2021,10515,A
72461165-d6ed-45d3-a013-aa686e6bca85,2021,1385942,A
0291a87d-e428-45e1-92ff-60bbd675dc1e,2021,19047,A
32eadbb2-db73-44ca-94e7-e34158e9a8e3,2021,13446,A
3d7df43b-f9f2-47bc-bd2e-33ef185f458a,2021,1101244,A
c34e788e-6ffc-4241-8a5c-08389e87a2ba,2021,99406,A
b2eb6418-9155-4599-8cf5-9338ae967d42,2021,968,A
428fd7f9-4c96-4ae4-8e31-04f97b46cd54,2021,9414,A
bd62d1f9-c61b-4d2d-ab58-ef55c293ae3f,2021,2209,A
68ec0dbc-ab8f-48b7-ad9c-720c38505913,2021,1190145,A
57ec331f-258f-45cc-97e5-26e30edff6a5,2021,1136142,A
5f8dbe5f-14c3-4020-a96e-598c3bcdd231,2021,101830,A
22671480-a4db-498a-bc90-a37759b0bb3f,2021,13277,A
6fb4bafe-5ef9-495d-9533-ded17ddd16e6,2021,98595,A
0f768e95-099f-4c15-a961-e76a50c0f037,2021,104360,A
013748c7-aa6d-4330-80f9-4cf2f2d42d59,2021,98595,A
aed48893-402d-4b4f-9a97-e56ff118bd5c,2021,1322665,A
c25ec999-326b-4168-8502-a6c9bbfdc187,2021,1139692,A
e92b96a2-feaf-4630-afa1-0153eecbc05f,2021,968,A
b977d5c8-7a43-4746-a1e1-24580dbca9ca,2021,41238,A
5d1604d3-d9ec-4f3f-be15-db79e755675f,2021,1101244,A
643e986f-f32a-46f8-9cf0-19cae55e76ca,2021,1181115,A
ff95a247-f5f9-4715-af31-05ba0f5a698c,2021,108660,A
188c701e-56de-4602-815f-2429942f777c,2021,513,A
ccf80004-5056-4b5d-b0a4-ab4592a64830,2021,1283028,A
19aa4f5f-64ef-4188-8919-73583b34ca41,2021,1101244,A
dabd39aa-5b57-4244-adfc-27055f9285e8,2021,1270596,A
9eb157e4-054c-4c11-b665-698ba14eec9f,2021,106167,A
3853a154-846d-49d6-92a9-5b4deb7c16ab,2021,1103723,A
038960c7-00a6-4748-bed4-dc299a55121e,2021,513,A
08816561-bc2d-4bb9-9894-ecec1bbd6d48,2021,968,A
1a03dd16-272a-42f4-a69e-b2092cfdd00e,2021,18558,A
2a665196-0f24-4b95-abcd-571f4bc3cd20,2021,98305,A
6a19fcb5-e0b7-4caf-9b7f-00947544f954,2021,1288839,A
88d80ee2-bee1-4f46-aa89-1ad8dd77a9a3,2021,1101244,A
b97f15cb-62b4-4b3c-b658-db519d3b1f83,2021,116770,A
acb0c5d6-450b-4f4b-b248-bafce8ac3b17,2021,1385942,A
0903e387-3f51-4ee3-86e1-e9d91c1468f8,2021,49054,A
5c5d6ab5-b0e2-4d7d-8058-b3b7936331ed,2021,968,A
71bd88b4-97b1-4ecf-964e-6da35a9498cc,2021,1269545,A
ffbfdf20-a42b-4c99-8151-79550bca01a8,2021,67601,A
74d8d481-c950-4e42-a62e-683f2ac7bcf9,2021,1136142,A
84e28507-5967-4c53-b1f3-1a35b3085305,2021,117022,A
c523412c-cbca-4a33-81d9-0fd2c49f0e9c,2021,11452,A
35f40abd-8895-40d0-9e53-8f0c6b573360,2021,1181115,A
87aab9c2-8deb-4c32-a8e8-51fe98d10749,2021,18558,A
cdb128ff-57b0-41d4-99af-109d7b27a14f,2021,104360,A
218efc51-6755-431c-9e52-5a0e53ed679a,2021,19042,A
1b837dfc-b281-4588-82a5-1db798d79e1a,2021,13595,A
1de6438e-e005-4e10-b0a4-fcb7f3c31ac6,2021,13446,A
9152287a-0317-4a9a-922c-99c576dcb149,2021,107360,A
f092e7b1-86b7-461c-9299-04a42797c6f7,2021,1270596,A
0e964e88-2dbb-429c-aff2-d220bd148cb4,2021,98595,A
f8ebbef2-9a2e-4bb7-a1fc-0848d38528f5,2021,317,A
9aa2c0a3-a389-409b-86dc-b13e45b243ef,2021,1267543,A
729d50c4-8024-4fe1-874f-ce8c3cf4fb47,2021,1203177,A
e91885c5-5608-43d5-a0fb-0e85a3511805,2021,20756,A
1c8750cc-d860-415b-9b19-2a7cfae5aea9,2021,106167,A
d238ba0d-b9be-49f8-a27f-221d82d65b38,2021,2209,A
81afe356-566e-4831-b761-cac0574b4063,2021,13401,A
f67f0205-4908-40a7-803b-e249095c79fa,2021,90030,A
5bb8d570-c68f-4a57-9c6e-bf683a8c711c,2021,1288839,A
b09367de-a637-444c-891e-45a79c7e3b3a,2021,101942,A
3601d0e6-b818-4294-8701-65fa53be43f1,2021,1318224,A
022abb3a-7a62-4bf0-b352-d06e2e17a9cc,2021,1161716,A
7b5ff73a-b282-4d7a-a32a-592faf973c62,2021,1136142,A
577f8cf7-1121-4349-ad20-054fd4e325a7,2021,1318224,A
07bf39cd-c3e2-4032-926a-8955f7565175,2021,1270596,A
462b71e3-ca4f-4c9d-9bb8-165dbc64bba8,2021,1181115,A
8d5ad8d3-52a9-4873-88a8-cc08e24d27f9,2021,18683,A
c7089da0-8371-4978-bf1f-f56cc80ff890,2021,99820,A
db6edc5b-1455-425d-b236-771dd5f05f03,2021,1204325,A
e836f82b-0070-47c9-b20c-da5c4e23d811,2021,1314243,A
7417d83c-e88d-4789-ba40-e33d7514ad99,2021,9425,A
3b08a851-c5df-484e-91f5-6d9810afd621,2021,513,A
8ddb6795-c19e-4867-b710-9cf3f657193a,2021,513,A
c386a02b-a2ff-4773-9661-aaa2ffbf74c6,2021,1136142,A
2030f56e-e921-4ef3-8513-bb1f1aebf725,2021,1272079,A
dd9b18c9-e25b-452b-bebf-aa44ad842b2d,2021,1270596,A
5b3b402c-04ba-4e11-ba0d-fea1c2dc1e74,2021,317,A
1d279ffa-beb3-48df-990a-c043f5c9de88,2021,107422,A
5bf7a502-84f0-4873-b71d-95a18c2e9ef4,2021,74737,A
515e4d55-9dfd-4b68-912d-8fa1f1a5add5,2021,62484,A
96df10d1-48b3-4473-9211-90aa7cbe6331,2021,20239,A
1fa125fc-b6c9-4311-afb4-bdb1af945055,2021,11452,A
e2d4fe61-62ad-4909-bb65-e3e9749c60ef,2021,1181115,A
f2d80e69-25b9-44f6-9b21-c0220d56acae,2021,50082,A
299ff9b6-6718-44c9-b721-43452aad3436,2021,107360,A
f669753a-eab8-4b58-800a-c2ed5c945970,2021,1187671,A
399fbe01-05cc-4fb6-87e4-3c630fcc28f4,2021,13277,A
3e23a5a2-464c-4d11-85dd-81959c7951d0,2021,5000135,A
897bc310-159c-40cd-9afe-77f38ae6760b,2021,1161716,A
6f1ac511-9c74-4582-8d88-230946117f6f,2021,18558,A
806e6216-8bbe-4938-8f12-90146edcfd3b,2021,1265453,A
376e756c-0ea6-4240-997a-e6a1cd9237f9,2021,118994,A
1e06fdff-fd7b-42d1-9baa-06c69d89bee3,2021,1314243,A
857fa54b-747a-4f39-8477-1e34d58ac300,2021,1203177,A
3a8b125b-518c-4001-8a78-9f26f3721554,2021,11452,A
440104a4-4f55-4776-8094-028c7b0eb12a,2021,1181115,A
97ff76a0-07f4-4069-b0ab-e6a70367e789,2021,1306689,A
d059c0b0-28ca-4ec0-9a06-1ee9b9d65c86,2021,18903,A
a7c82cd7-ba1e-4cf7-b716-8ae8645f1ff2,2021,1288839,A
c5b8ef78-e37b-4613-943a-36f25726196d,2021,83388,A
9b606999-bb70-4a51-b69d-a03d678a77aa,2021,2209,A
d42b5ed3-71b9-440e-a286-99fd3197efa5,2021,18683,A
7f698536-66c9-448f-8bae-aed9e8ec2190,2021,101942,A
c2845166-3730-4130-9660-f5aa5e7a259f,2021,1376131,A
062a79e2-c989-4e3b-a53f-53d6db0f9b63,2021,317,A
85db667c-a99d-4bec-aba0-e2028a10fae1,2021,968,A
18c7868e-f6f9-418c-af00-a3275e0697ca,2021,968,A
5665c230-6f33-4b47-b209-010f2a0d803e,2021,1118057,A
b5432547-7b02-4850-8964-91785f7efbd9,2021,97778,A
446391fc-4b27-46cb-ac1f-47c28fe3ba10,2021,13277,A
c5828ce6-247e-4f0a-89e5-56a8ff2de414,2021,106167,A
443b19aa-d17b-4fc3-adb1-cb34ef01b265,2021,317,A
c10997d4-d481-4d56-9c86-69e02969a3c6,2021,968,A
96c6ce90-03bd-4bc4-be29-4e4f4db1d4e5,2021,98957,A
7c2c5237-4ae9-4a31-bed4-8c48dc04f6bc,2021,13277,A
49df0e02-5c22-4f11-a72d-6a418436524f,2021,106167,A
0fd527cf-9e41-4996-bd2a-8183c1b41d5c,2021,1190071,A
fcf8934b-8944-4a04-bbba-f4a03523cda1,2021,112086,A
2ccc2b4d-a73d-4c2d-b275-064ecff27531,2021,968,A
9aaea5c6-12fe-43e0-975b-4776764e9ead,2021,101942,A
e4939365-e6a8-406d-9272-331e7ce6135f,2021,107360,A
58d78255-17c1-4ec5-b9a4-06067afbb0f2,2021,13401,A
268abb47-8f3c-463a-9f72-8b4bfc696122,2021,1288839,A
f7938130-8a54-4606-b849-6ca90ec80776,2021,1376131,A
d2723a7f-1bd0-495c-ac28-ad4a659bb71c,2021,1166783,A
44d866b2-0e1e-4cde-8503-fc2ccec1db6c,2021,1118057,A
968ea3fe-b6b5-4fb6-b73b-eb134fc5d3bd,2021,968,A
1178f89c-4b8e-4388-9166-98a38bc4f562,2021,1047907,A
201925ee-86bf-4bd3-b581-c5367c58a3ce,2021,1376181,A
bc384869-66ea-48f0-84d9-06ab2d7ddda4,2021,49071,A
e6d8d416-8559-417f-bb2a-df4d6cc0981e,2021,11452,A
34b210c1-c234-47e6-8b61-e1ce3343fe74,2021,1306689,A
46f99b7e-7fbd-4813-b631-88e1d9686195,2021,1314243,A
d117a63c-fcc5-44c0-ad4f-96173d9f704e,2021,49071,A
32775c14-6a4c-404b-b437-b9128aa89682,2021,98305,A
98a1ef13-6782-494d-9c24-de7b6a808b61,2021,13595,A
d3ac27a3-8a67-40ad-adf3-27f7234c81ae,2021,1132918,A
32e9f866-d94a-44ed-bc7b-eb49dab526de,2021,11452,A
a321e9d7-7e9f-4475-983e-a89e7af305cb,2021,1047907,A
27380c88-ebcb-4d4a-aeb0-2c4c39e4590d,2021,968,A
be6e6aac-1a45-4d23-8a81-759717f1b4f1,2021,112086,A
b9496413-5d05-48e2-941b-8217570ded43,2021,19042,A
027a6fd7-f598-4daf-9dff-5f53c8ed7650,2021,98305,A
906e9ce1-7ad0-444e-ac80-3835b6f834d9,2021,1181327,A
6df1ffc0-6d1d-46bc-a26d-3174fbad2051,2021,1314243,A
e411921f-bd84-4982-a2a4-eb7c80aa85c1,2021,1330347,A
ace7432b-8f14-4107-a852-2051b993b182,2021,1385942,A
f781f3da-fcd8-4ea8-a18c-bb1a4a0c74a0,2021,94762,A
4a65fc86-5210-4a91-bd73-402fd6bf4845,2021,1322665,A
35533006-2846-4d48-86a2-b14e220531b8,2021,68930,A
80fb5ee7-cb03-466e-a0ce-a0f27fa1fe8b,2021,513,A
90db05c6-5a12-4971-ab07-2efdfe091fe0,2021,968,A
fca201a3-80b4-4ebe-9439-985ec7ec2707,2021,95017,A
30f1193b-2333-4fd3-aa42-7534fa765808,2021,18584,A
3fc61167-51b5-4938-9918-aee3d4564728,2021,104360,A
32cbe6f3-f088-492a-879a-3e5d59286678,2021,18683,A
1a12eeb8-ef71-4997-ab67-111a2b1916d4,2021,5000143,A
2007ffca-560c-45ff-a01d-8df5050ac03a,2021,107360,A
d5e10143-b7f1-4c97-be29-6cc2e2b36833,2021,13446,A
9edde6a3-fe70-4ffa-8157-a5180a251a80,2021,107360,A
7811d1d5-c66c-48b5-90cf-dcb998613e10,2021,47505,A
b34535a3-e0a0-47fe-8b76-22402a2d9be8,2021,513,A
792f59e4-384d-43a4-bf05-3fde6070242b,2021,1269545,A
a3135002-c6c5-448a-afd9-7d0fc5ba15f3,2021,98595,A
077ac64f-8805-4036-b129-bdd011bc9b95,2021,1148708,A
2161fbb3-207d-4e83-9b40-20c32cd4b59d,2021,1136142,A
bfcad390-c1dd-4dd2-9238-3db1a939d72b,2021,1181327,A
29770c24-cbe8-4e61-b901-5cd27ee51cab,2021,101830,A
2da9ec9f-e170-4a8f-8e4d-891f9839a4b0,2021,107422,A
c69223fe-4e5b-4b82-ad05-9621df790d30,2021,107422,A
7e265dce-f0ae-4b86-8d52-5d1f0170be55,2021,20933,A
e1cf6212-667b-477c-b84a-06666c5ef3ef,2021,1314243,A
0309f074-b17d-42fe-9804-7af7f6126476,2021,20239,A
bc74d902-d955-4bbf-becc-d62b9cdfddd6,2021,97778,A
fcedb70b-0298-4a86-999a-774b9a248024,2021,5000143,A
e77730ec-7ef9-4de4-8a5e-9dc558defa13,2021,1148708,A
eb6ef74c-d2c3-4a1b-a95e-d224bb711ec2,2021,1288839,A
b9ace08a-1b48-4e45-9a28-c9e0e80347e6,2021,49071,A
fbcbcf51-1e08-48a6-9e65-6a661984a2d9,2021,106167,A
c04b8d42-fe1b-43e8-9bc3-6def3b229ba2,2021,1118057,A
5185807b-af06-4ee2-bfa4-7e81f98b21c7,2021,62484,A
d3c55ba7-3f70-4811-a76e-071917a23854,2021,513,A
53108b86-a3c4-4626-8626-81a75e717402,2021,13980,A
c97617b8-cab6-4ed1-b5a5-b60191397530,2021,1132918,A
7268fa77-08d5-4949-a247-b4c05caf46f5,2021,64664,A
083520cb-34a8-43fa-98ca-e40590b82c17,2021,54934,A
af9295dd-4bd6-4fd8-812a-cd7cc0bddfcc,2021,5000135,A
ac052f06-c0ed-461d-9563-99e4ccdd573e,2021,18584,A
02fd1262-50b4-443d-9608-401e7af202a2,2021,1136142,A
238f9065-3855-4afe-819f-40ec34f3895b,2021,1136142,A
082b1d5c-e11e-4856-9750-0d7e90e03926,2021,98595,A
a6717aa3-392b-46a1-a5a6-f633bb592dce,2021,20239,A
8bae010a-2558-4939-921c-9cec005ceea5,2021,1101244,A
46195b3e-1905-4378-b0e9-5ce5cc69e845,2021,1181115,A
9218f683-50a9-496b-a5a3-667e31cfa914,2021,1288002,A
15ca9a4f-83ea-4ed7-b8c7-f3c661450af3,2021,13595,A
282b5941-e7f4-4c60-bba0-5214b214546f,2021,98595,A
7bd265d9-7387-494f-8c52-28ebd64cfe76,2021,1181115,A
ccf72ca6-9389-44e2-95d8-619ff07e03c9,2021,1318224,A
895ba1f3-9242-4e7c-91e5-1777093690b2,2021,102590,A
2bba0ca3-2f23-4d5d-a1f5-05e7936b0318,2021,86326,A
40e713e6-d2e7-4113-be69-a6ec9c5f2842,2021,41238,A
07603bd4-d852-4d8b-9077-c7ac8630df89,2021,117022,A
d4e6de85-b37d-4470-8c25-80c759864de1,2021,317,A
19d8f92e-9f55-49a3-a122-c4244b045bc3,2021,9440,A
f8c67e23-ec57-4c35-8fd5-e88bc06b9ee5,2021,101830,A
1a546bfb-39c6-4fcf-9dfb-d661ed170ddf,2021,1283028,A
8a9b00b7-c0f5-42e8-b51f-d924ba0833b2,2021,117022,A
1d21c106-c7c5-471f-a320-65d2cf2ccd23,2021,1181115,A
e12663da-9f2e-429d-ae56-d1d85ec89b8d,2021,5000135,A
98f2beb4-ccea-4534-b34c-98161ec560b2,2021,20756,A
b33b8f6b-f52f-46cb-8a2e-593dddfcadd3,2021,106167,A
8c6af514-2d22-4974-8a58-cbf2f58834b2,2021,18559,A
2e70d2c6-c5f3-4722-a326-d69006b2a741,2021,1190071,A
7217c62e-1990-4514-a5ab-db9bb1129ee7,2021,107360,A
93ea2a76-d9b1-4ca0-94bd-4f9d8d0a8df2,2021,20030,A
8b52ed4a-dadf-4ad0-8ab9-280e435bb9d2,2021,99820,A
9ca0de84-d3b4-49fc-86f9-aa185bad4d3b,2021,11452,A
78e098d1-05f8-4d0e-9b7d-8465117fdae8,2021,1161716,A
0d562e24-f425-4297-830b-96387cd10368,2021,1136142,A
2577a5fd-d9da-4818-b4a8-5878a4f75a6b,2021,107360,A
0c881b6a-e199-48c3-b3e4-7a1a153604d6,2021,101830,A
3898480a-a719-4d10-8d56-279c186874c8,2021,101830,A
a6cfe9a6-0ce0-4fc3-8652-10d02f438ce8,2021,20030,A
763f2c64-2363-4905-95e7-c54001352aa5,2021,98595,A
2da759d3-5c02-45c8-b7b8-b183511de32d,2021,1181115,A
4a9f3950-8dce-47a4-9606-28a14b9b0d68,2021,968,A
2fdfc832-8f26-4984-870d-66b682c71bd3,2021,13277,A
875f31ab-36a1-4443-8a1d-97fe73edeccd,2021,5000135,A
1a55002c-1b12-4d03-bbb3-8c2d84845ad3,2021,1190071,A
0581f05e-e530-443f-abc6-027e6a51d0c6,2021,106167,A
f6ed5a1b-00c1-4ac1-9064-14cba5d89665,2021,104360,A
98120c4a-126d-489e-a43a-7cc96a463963,2021,1136142,A
c1166c8f-4175-4c53-8090-ad48c40f8abb,2021,101830,A
acd32e66-bb48-4aaa-9e7e-9ba04abd3387,2021,98595,A
9a56a4ff-be1d-46b9-8bd8-5e4c01d9aa55,2021,101942,A
fca4cdc6-453a-4290-a563-1e9cad49d18b,2021,11730,A
3504cd78-f363-47a5-9282-91b4e15df0c5,2021,13446,A
1c657601-85bd-43c1-a2c9-3a2b768e8fe8,2021,1267543,A
2470c9b5-c332-4912-a014-26dd036db2c6,2021,20030,A
3097b1c5-3270-474f-8fe2-ac9f391e9cd2,2021,1322665,A
3e49a201-290d-437d-94d6-d7a0a2b1ba24,2021,513,A
dcb526c1-86a1-4e6f-9c68-add605580fa7,2021,1136142,A
639e0411-1e8c-46b7-8503-49e6907af94b,2021,57612,A
f1ba6a21-41cd-4cc0-93b1-f869032f04e6,2021,98595,A
b159015c-3b3c-4168-88b3-18bb0c362972,2021,2209,A
18be92e8-694e-4e02-bdc5-c8d9cfd3e1b0,2021,13595,A
467eea01-915b-417d-9c8a-1266b5b37dd0,2021,90030,A
3964205d-b1ab-4492-bc99-b6dbfef65925,2021,1132918,A
cf116b23-ca00-467e-82e0-458becab6f46,2021,1272079,A
7fe8a5e4-9569-4d6d-97a1-cbca59056c23,2021,11452,A
3a45af7c-28a1-4450-9919-c6e70d9ea5bf,2021,1269545,A
4c4ab36f-2e86-432f-aaa4-8cba01418690,2021,47069,A
57228e41-8aae-4fad-8662-1006537e5e6e,2021,1102628,A
992d6a00-1613-472e-a385-b36474ae5093,2021,95017,A
48673f64-69b6-4fdf-8970-94443a8c6303,2021,20030,A
25390807-35f6-4857-9610-e4274319f30a,2021,98595,A
86e0f60f-dd3a-4f70-961d-79bbb5594313,2021,1181115,A
83d46d25-0f34-4e7b-b3f5-1f13bd51c293,2021,2209,A
ed3d1d8d-04f3-4905-8a00-cda1b2e8a8ba,2021,18683,A
889fa2ae-8761-4616-97f8-c13d036ecd62,2021,1136142,A
a66f486c-49e6-4265-98dd-623659c2fb9a,2021,98595,A
2a981ed7-98e0-45a8-8a45-76538152c368,2021,1190071,A
97c520cd-4aa3-4396-a676-c830157b364a,2021,18558,A
65e98fec-90d6-452a-a689-2996145433d9,2021,107360,A
9f49b747-a761-499b-98cf-5115a47f8ae5,2021,1314243,A
64558464-7e67-4a51-85dc-e0ea0adeec10,2021,112086,A
00f3d569-a497-47d3-aa0b-7ea9122e3bd8,2021,95017,A
de830090-039f-475f-b668-2860b14ec882,2021,98595,A
85b24d58-6295-4ec3-b6be-087f92c0306a,2021,64664,A
2f25ba47-c436-4de5-a192-115c5937cfb2,2021,1139692,A
e47f7ff6-c7ba-46d5-9805-c5dca6c03160,2021,11452,A
d97590df-72ad-49c0-a41c-f619318c31c5,2021,1314243,A
12ebc5f9-4579-4394-9d43-59d56439f5e7,2021,20239,A
8f3eb2a7-279d-49ef-9a0e-a24e4f3dfbbe,2021,113813,A
33385358-70f4-4ece-9c9a-897f362f90a2,2021,317,A
689c29e6-07ee-4e1e-b3a4-8d9bf1bb4a99,2021,968,A
71223f40-32e2-48d0-97f1-e83cea03d34e,2021,13595,A
708f99ba-f663-48f3-92cf-4a6fe90d3010,2021,1136142,A
9aab4cf6-77f1-4f95-a909-73cfd8bb961b,2021,1288839,A
04499b8c-e806-4d70-8ae9-b21856ea1e8e,2021,56172,A
a23e4b7f-d0be-498c-ae66-feb592643a88,2021,98595,A
0c24f37d-f505-43e2-8ab1-4c1447ab0f77,2021,1136142,A
f91b84ec-95a1-404f-ba0e-60e51b736ab5,2021,101830,A
958ff85a-e0e4-4f77-8cc6-5b5d797bb561,2021,5000135,A
789294cf-0f33-4d23-94f2-0e3a05976795,2021,97778,A
6afbbb00-e4dc-4e54-9de8-374d8d16055f,2021,1269545,A
45afa565-4381-4a29-9792-04785da32480,2021,1103723,A
dea3b19e-b777-4189-9d0f-fccdfdf52232,2021,18903,A
4d580391-471a-4f1a-8599-a8742109e19a,2021,87396,A
353067aa-2f87-4bc9-82df-b70f479ba903,2021,20239,A
ec5f0deb-058d-439c-8f7a-d9bc6b488206,2021,97778,A
7e74a390-d385-4a47-ad2c-a815a0003402,2021,101942,A
c53ca420-1581-4f2d-907e-49f726932a2f,2021,1103723,A
2b3f4025-bd23-4a37-b2aa-822d36d245d6,2021,107360,A
36183913-ae85-4d99-998b-1cacda1c5a6e,2021,107422,A
4c189b41-e17b-46e5-80db-4dd04beb3242,2021,1272079,A
573b4590-6198-4396-ac44-0bd0f53e7c78,2021,1318224,A
0d795450-bc38-4f0b-bd90-93004be0a568,2021,98595,A
541689bc-379b-47c1-8223-684f21422649,2021,1166783,A
575d1462-ea4e-4b6a-944c-12c7baa9dc3b,2021,90030,A
4da3da92-8dc9-4eba-9eac-25c2512ae59b,2021,18683,A
69c5b62d-defe-4fda-8460-f1fab03e041b,2021,1148708,A
7a2a6198-ea8d-42e0-86e2-a7b9431f892e,2021,1322665,A
4f2eb8be-5c70-477e-8d47-8db64217c54b,2021,1103723,A
918394e8-d093-47f3-bd95-04f65d914c45,2021,90030,A
c88b5acb-6f82-402c-bd14-fdffd7e7b20f,2021,107422,A
606ef872-1c09-4e31-a246-e585c12a2c9b,2021,1267543,A
026e86d1-d115-4791-af9d-57d06ac28e5a,2021,118468,A
6c295947-aa57-4a70-a3e7-e4b9cb6ce725,2021,19047,A
324de0d6-64a4-41df-aa57-c677c5a56514,2021,11554,A
ded82f2b-1935-47e7-aec8-13700b5d80fc,2021,95017,A
e65403f5-08e3-49b2-896d-e3caa8cf3111,2021,1190071,A
c984f059-2ba3-4ebb-97f1-d3e35f062633,2021,12313,A
522394d5-8288-4558-ac95-2f34876a6b62,2021,90030,A
788d0d49-32d8-49ff-8c1e-e309afbdf4a6,2021,1288839,A
7517289d-8908-4b67-9737-97ae66f646e3,2021,107360,A
aa87aaad-26e4-481f-b5cd-1b4de0d39521,2021,101942,A
e895695e-efa8-4bdf-8c49-f9e3529913b2,2021,118994,A
c427ad24-6cfb-48ca-a4ec-bec9845ae221,2021,1190071,A
b12c270c-3f1d-47f1-b05f-708e13af9580,2021,1385942,A
cd957bd7-042d-43b0-906e-b4281cb65c74,2021,317,A
e330b256-0bfe-4c40-ad20-a619b8b06633,2021,40343,A
f7c54d6c-52d0-44de-a3c1-af926c202cd6,2021,13595,A
f807fa76-bca8-4bff-a874-bbd696bf129f,2021,1181327,A
e63212c8-c049-4187-9108-4bba9ed4bcf7,2021,98595,A
496676e9-8d70-486b-b989-030227a84e4e,2021,20239,A
9b9450ce-6893-42fe-86b3-b85c80a54160,2021,1270596,A
db35b116-8a25-4ea9-a150-755ca0f8c83a,2021,64664,A
4cbf479c-0d74-49a9-b1b3-289637e3094d,2021,11452,A
1b431d06-0eb9-4be3-bf79-b833cdb24b34,2021,11452,A
bbb4af2d-cba9-4ccd-8a84-1b755f18c024,2021,90030,A
90d37d7c-a163-45a3-9f56-482051b96c5d,2021,98957,A
a3ebf7e9-c3c0-4f01-a486-97e4cfa4f9de,2021,2209,A
c3dc0f81-835b-4f8c-814a-e3de3333cb19,2021,19047,A
83f31d60-2c19-4110-a6d5-a873a44cfa29,2021,101942,A
73e9feac-8704-4960-bbe4-9901e446343b,2021,1385488,A
0b9da599-132d-4bda-985a-6e43f9b1e4ec,2021,1136142,A
1a82175a-3e5a-4569-b1a5-e882eb4c92d5,2021,5000135,A
65b2fd0b-d87d-478d-a010-eb38caea1ae4,2021,11452,A
96afcce1-e4c4-470f-9d91-ab30511dbee8,2021,13446,A
fecdd6cb-68fd-41db-92fb-13b54cf08ef1,2021,1427745,A
66ff3ab6-1213-473f-b5f3-5296a6f5fe21,2021,1314243,A
0d83fe33-d10a-45e9-91cf-463668b46153,2021,5000135,A
82c3edd9-a844-4b36-8129-36813ddaf345,2021,1379275,A
a49382c9-eb2c-4aaf-8330-6ee0a854abc6,2021,1136142,A
9030f50e-2f54-46e9-9d6d-7362f8e913f1,2021,1376181,A
b210c4cd-a4ed-4aa7-8709-e8d3e160dc15,2021,98595,A
6bff8dbd-b19c-4871-9015-8030b017a0b8,2021,1300429,A
f9085a05-6b6c-41eb-8760-b038c9aec41e,2021,2209,A
e4f315b3-4388-4795-a6fd-4fb1b1a42313,2021,1136142,A
643ac347-20a5-460e-94fb-31a7fab8131e,2021,20933,A
28af04cb-5009-4190-b510-35d21d271da3,2021,5000135,A
1d107f05-6cfc-4ee8-be48-21d12ced5b65,2021,64664,A
1e161192-d0a3-4fc9-98ea-7e0711b7abce,2021,1314243,A
fe30381a-153d-4529-84d2-dfcd7582d6cf,2021,1102628,A
b54d3525-34e5-4d57-a672-5066fcb2df4a,2021,1181327,A
36669f55-8ee8-46a4-b70d-1f26256648d8,2021,98595,A
a487fa95-a6f1-43c4-80ce-b347c917ac35,2021,317,A
c1d96348-0ba6-427b-94ae-ef28e7b8b3dc,2021,1267543,A
fd9677c4-ed1e-4ac1-a63c-c525302beb9e,2021,1136142,A
401c0448-a9b7-4105-b4f9-c6f87c2f33c6,2021,1330347,A
60d3ca00-ecac-401c-8547-d0399721b205,2021,968,A
b937c83e-5830-4e00-aa67-2b9610354d03,2021,968,A
fd8d618d-02fb-4aee-8483-496f89003455,2021,18584,A
2cae0235-dc94-466d-9084-1e7c9c8ac393,2021,5000143,A
6a792bef-fa31-423a-b359-9de1f8483d77,2021,107360,A
8b70690b-78e5-48c1-ad6d-3400e35c42cf,2021,13401,A
4db987bc-c86f-42d6-a9f1-1e8628900e03,2021,9425,A
b4cd1ef0-3727-451b-bdcf-d8ff0ce3fa4e,2021,62484,A
557f6cd1-5ddd-4708-9030-696c3d4ad3a1,2021,18903,A
c98e1c98-5758-4aff-b80e-ade60084d69f,2021,1314243,A
68160453-a891-4f0e-9466-26d72357525e,2021,5000143,A
da2ce38e-3fb2-4a17-a517-0d2c92406e86,2021,1190071,A
ed5d3775-9ad2-45dd-9749-ebbbdcc5b89f,2021,1102628,A
05610ad7-b1cf-4948-838e-b9378572dd0b,2021,5000135,A
1f1c075c-e4de-428b-a095-613a0a26b4a6,2021,513,A
9aa8ab60-0afc-425f-aed2-9406b962c588,2021,1269545,A
13aaed11-256d-4479-aa28-3b16f30d8158,2021,13401,A
78c0c595-8b1e-47a1-af08-286707effd91,2021,13446,A
97d09319-05d9-4b85-b479-cb38a5de7150,2021,98595,A
68e750f3-8577-4d88-bdb8-5e34fcf173db,2021,117022,A
cb61f870-0189-4e76-a04c-4156fcb07a7c,2021,88084,A
b7cf24bd-413a-4523-9176-7f9fbfb091e8,2021,5000143,A
63d8ac83-68f2-46cf-9a1e-ff4e1aaa46e5,2021,47505,A
7a36ca00-6333-4d96-99e3-44bbecade7aa,2021,49071,A
f62f48bd-8302-4e63-be6b-faf0ac2affe4,2021,62484,A
981dabf6-e1b6-4d8b-8c64-652a61c3e37c,2021,1269545,A
c1bbe70e-6838-45b8-90f0-06ba3659dcb0,2021,1314243,A
1504e6c6-288c-44db-bb85-f9109454dd65,2021,1270596,A
786c5207-63c7-4e57-802a-ed0a5e0ecead,2021,102590,A
d110fa70-6e4b-4657-954e-d1d23ffce3d0,2021,95017,A
7d63d13f-d981-41a7-af05-9c9f829cb03f,2021,20239,A
27075f54-63e5-42b2-9a6b-733daa96431c,2021,101942,A
63c7c13d-3468-45ab-ad38-f43bc330f585,2021,41238,A
4cb0dc72-24c3-4855-992b-1d098a972498,2021,1139692,A
7a9e5170-ee62-430d-91a5-a78be4728d04,2021,118468,A
af60a317-d214-4b6c-87ee-df2f589a4496,2021,118420,A
785d40db-3eba-4513-9c68-f6dc85d7b0fc,2021,1314243,A
ed973f0e-da1f-473d-9b2f-4a2643d473e4,2021,13595,A
9bba7070-856e-4743-8f9e-eea12e5aa867,2021,83388,A
fe500b3e-ca49-420c-9376-d1f7485082fd,2021,107422,A
d8173538-6394-4528-8533-86e4a82bc6e4,2021,10515,A
46d49e8e-1d8c-4d07-b5f9-3fe7ab5a2a5c,2021,50981,A
6e0d9577-a1fb-40cf-bc6b-f141ce13149d,2021,1166783,A
719150a0-2bdf-46cb-8197-aab3c7fc56c8,2021,1118057,A
75bebf5f-ef3e-4a46-8950-154a0f6d7dcf,2021,20933,A
29148053-4a8a-4c23-8fc8-bfca778a5b69,2021,1047907,A
c9db886e-e289-4fb4-b1d4-eb861b20185a,2021,1272079,A
f5164913-8535-4c53-a2cc-6e1a756b7470,2021,1270596,A
66baef68-a69f-42b9-beef-5235d7cfb3f6,2021,106167,A
1666497f-e3cf-441d-8938-3475ee6d6530,2021,18671,A
afe7dfb5-6e66-4d4e-bce0-0bdde039f721,2021,99406,A
d0128a2e-bbf0-443e-b923-a37704618b1b,2021,54934,A
31d2a49a-809c-4faf-be1a-b5f1391d5a42,2021,2209,A
6ff41cb7-11a3-4cf8-bbe4-6bf798896b88,2021,108660,A
83b3a80f-19b3-4cc6-96aa-6809ff86fff8,2021,1103723,A
f9e88db0-b665-4d8a-86d6-436792230757,2021,13446,A
c9f2e1a3-8c8c-4178-b422-3170a4a3c381,2021,9440,A
af43a385-a9fb-4c21-a72f-8c529b1c36c6,2021,99820,A
06283c20-d6b6-4fe5-a4e3-1744c35a101a,2021,513,A
6e8dea87-6425-4586-971a-6c4a0cdba191,2021,107360,A
5d86d2fa-410e-409e-b97a-8b47795b60d4,2021,13446,A
3786160e-a99f-442a-a878-23d3bd9c4229,2021,118994,A
af55225a-c2ba-4b62-b8c9-7340966ed315,2021,64664,A
36abe1a7-d608-483a-a283-72a5ba2b9306,2021,40343,A
2785843d-4f3c-4abb-9221-ded22bc035c6,2021,62484,A
3fdc0622-d7b1-4c58-8edb-cb5de4743750,2021,90030,A
a347db8e-4d57-4373-920a-0b655cac23e7,2021,20756,A
c7dd5703-a273-4ef5-ab25-1e9959f67dfc,2021,18558,A
f25876bd-4f3a-473f-a921-5c5c950e4c32,2021,18903,A
9fa5fbf9-456f-4c59-b52a-1a97921a39a7,2021,5000135,A
f53fd4fb-17c2-4078-954d-1f1ab4014c07,2021,1118057,A
9b64ad82-8ba9-4882-b161-349bd6e4e3eb,2021,13595,A
67eb4ec3-e560-4190-84f1-1f783d2aefef,2021,13446,A
779e29f4-99b6-4d12-b316-f221bdc9e0c4,2021,13401,A
2c084042-3f4b-4eec-9a18-739da9a3ac0d,2021,50082,A
cae8e2c6-efed-485b-8e9c-2be3969eee66,2021,83388,A
f290370d-df70-45a1-a719-7382d12d5117,2021,13277,A
7dbcafdc-c06e-41cd-8f8b-8c6f87c458a9,2021,1118057,A
355e521d-f6cb-43c3-af2c-5bcb24446bc7,2021,106167,A
3bde0642-455d-4b44-82ff-f0a858218487,2021,10515,A
03f4abf8-cb8d-4bb3-9ac9-e3530d4faaba,2021,18559,A
57508e84-9c33-4b81-b9df-ff9d176a3ca7,2021,1269545,A
468ecd13-d81a-4d40-a1cd-1afb0d05e5ad,2021,37862,A
d8f8782c-0be2-435c-b39a-1587af3770cb,2021,49071,A
89c8f363-171a-4f74-b670-5ec0aeb220c3,2021,1161716,A
90d078b1-51ee-4485-b171-aa0c02d89db1,2021,1267543,A
ba9b9d88-e770-41bd-9e2e-4559481b3d15,2021,98305,A
bfa854c1-1adf-4cf9-a8fc-c0af425433b0,2021,1267543,A
d4a8f9e2-b60f-4244-ab2c-48753845f1a6,2021,13446,A
755e1c2b-8408-4582-933f-a65115b1ae6a,2021,98595,A
58cc4ead-a7ec-4004-87a5-265a273efdc3,2021,1190071,A
c8d43d39-6032-4abd-999f-873a9a641f82,2021,11452,A
da8623f0-f749-4b25-a170-a238f7d5c93d,2021,11452,A
352807b7-87a2-4696-b741-8076d2cd0002,2021,317,A
d22abc38-0bfd-4fc4-8480-24c9f70673bf,2021,41238,A
e4ea2b56-2c65-4d53-a42c-a2ed49c8ce8e,2021,1314243,A
429fbeeb-9d09-4233-8c4b-2881a8d065df,2021,1136142,A
fe92ffe0-2177-4555-8573-843bdbd747df,2021,107360,A
38368f9e-636d-417d-b595-2691d7710bd1,2021,81210,A
66b2d26b-7a81-4944-815b-d66ce800bbd4,2021,64664,A
7b899fa8-9265-4eaf-aead-6cc94f6021a0,2021,54934,A
2d156206-d538-419d-a4b4-1ea0aba058fa,2021,53342,A
e0e356eb-5c1b-4def-97d9-83ddcb971498,2021,98595,A
99375ebd-59b8-4168-a836-5971cdfb0ed0,2021,20239,A
905bda4a-8dc5-41e8-9ff2-3c6c4faa3323,2021,64664,A
8f5180e5-7aea-4e5d-986a-155aa2ff11ae,2021,19042,A
d41c0fc7-705c-4d00-b05d-9e9e64a3840e,2021,97778,A
23277e43-3b8f-4836-8898-27206cf10deb,2021,1102628,A
8f00c705-1001-4a44-a16e-647f0f8e4b0f,2021,90030,A
0c6c6587-3648-4a0b-b1f3-92fefa37063e,2021,87396,A
94a4f336-eec9-480e-8f77-400a4d4fb003,2021,20239,A
97204f97-f24e-4cf5-b401-7670f4280104,2021,64664,A
1d4af6be-b56d-4e1c-95ab-e6269209170c,2021,11452,A
8bf2d1ce-138b-4a74-a821-b6a4b1d447bd,2021,317,A
582b37b7-15bd-4bfe-954c-12e9a5951f6a,2021,118468,A
d8bd2136-1cb0-4abb-90c2-aec46d51259d,2021,11452,A
577544a0-c250-4e10-9bf9-59afaf4babad,2021,968,A
2bec8ae4-6672-4e13-999c-460373dce235,2021,13595,A
ecf44ea6-9878-427f-a1f8-5286a8f9cd27,2021,13446,A
10617fea-c52e-4fa8-96d8-b619d9ef3425,2021,1139692,A
323fe11d-2490-49d6-af4c-f38aa081f9cb,2021,106167,A
932034b9-0d30-4927-b73f-1769bec2eec1,2021,18683,A
f2621eb9-5477-4c2a-ab45-351765433d9b,2021,18584,A
da42b15f-8626-4970-92e7-5fecde6804b1,2021,106167,A
9b9f9ef3-055a-4ebc-895e-8a5451cfc9f0,2021,18559,A
9a5e4ceb-fea7-46be-b169-3352a34da311,2021,1322665,A
420cac03-47b1-40e0-a870-199ca47065ec,2021,112086,A
6de183f1-bfec-479c-ba59-9f2c99ca63c5,2021,13595,A
5b5d998a-aafa-4d87-ae4d-1cba2cd2b23c,2021,118420,A
783fde52-5354-42fc-ae2f-5885d531cbab,2021,20030,A
85d674b8-3dd4-41f4-ada6-f72959ecf547,2021,11452,A
2f659e9a-61da-4394-b6ec-a684e0e3a2e8,2021,118468,A
e6b4d34c-3fb4-457c-b9e6-28cb6337d417,2021,118420,A
d3017556-da52-4cea-8c1d-7f948445c9e2,2021,118420,A
ce523a65-bceb-46f8-90d6-2c7b962ee9b1,2021,5000135,A
a6ab9e63-1a57-4204-acfd-9bde3cb28715,2021,104360,A
dfb47f22-4496-4c96-af9c-ce70fb430ec2,2021,1288839,A
fcdb22dd-d0d4-41ec-8ce9-7f12ef5f9188,2021,118420,A
4901beb8-33b3-4be6-ab83-640a9708f19d,2021,1322665,A
2ae06040-2842-4568-adf0-f22d4d1183a4,2021,18584,A
49a200fc-4fe0-43e0-88be-849f23c7b9b4,2021,5000143,A
3080d8f1-3218-4caa-8b1f-965b143c1d85,2021,13277,A
14c40f99-e695-46c5-8aa1-06a525d775e3,2021,1102628,A
527e425b-8f0e-4048-945d-479119501810,2021,1318224,A
1b4faa61-d280-4dd7-b953-5d5a9044ba61,2021,13401,A
db49058d-39a0-4fe2-9ca2-295541ad4bc3,2021,90030,A
0c73a66e-6550-4daf-a740-659c3a27578d,2021,513,A
eeae83bf-3a04-4ba7-a14c-f3e4e2d0a51c,2021,13216,A
f01ff1c4-6013-4834-b554-8076637595a2,2021,13216,A
7b2d600f-49e1-4a6b-bb52-538f208deb72,2021,13446,A
0a0c4d42-c41f-462a-b394-e3864a5dcd7d,2021,20030,A
9ce3063d-0404-425b-81d0-c9b4555bf379,2021,59122,A
4dec3987-4965-4035-af3f-c1fc5a66ac45,2021,98595,A
a17efe2e-4b36-40a1-ad43-367681c9d659,2021,1166783,A
18f4b173-f770-49fc-a501-e5183de4bac0,2021,118420,A
26755817-907f-43b2-a53e-30ca8439cb12,2021,53342,A
c4816086-fb8d-47d0-8584-6ea01f3adc27,2021,1204325,A
eb868906-65c4-4b85-9b42-7e399d2ea745,2021,1267543,A
f2b5ab05-8ab1-4c48-a198-b253a19c4c47,2021,107360,A
8d26d889-e85e-4a94-ab10-c36aa132f721,2021,1136142,A
732e6d48-daae-428b-a3ca-c02695d1be73,2021,1118057,A
ec410d1e-3be6-4d5f-96e5-7c7f5f538ae8,2021,1181115,A
eb10e130-c372-4e5c-baf9-c4c0cedb4132,2021,13595,A
af7b6bcb-4d6f-41aa-8d22-cc5d25f65037,2021,1265453,A
093b356b-2213-481c-9be8-a76dc53adbee,2021,53342,A
e8d4afa7-d185-4a48-b0ef-1eeeaed4261e,2021,19042,A
5c4acdc3-617b-4e0b-a531-fe4c2aa0d5d2,2021,97778,A
722c099c-1c91-4be2-9df2-257fa46d2e35,2021,1267543,A
a0741ae5-bac5-41b2-b038-12673bf78fe8,2021,11554,A
c2849791-5a60-4384-abb3-415dc4dadefa,2021,118420,A
c830e16a-8229-42e0-884f-662183dd526d,2021,513,A
8b0a7411-ea23-430e-9836-806568bfc876,2021,12313,A
1fd16468-7879-48d3-87f5-9a6837a573c9,2021,99406,A
366a0c9d-18dd-4119-a5ec-46b38babdf76,2021,1118057,A
1f26685f-693a-4f9e-997b-67f5c3671692,2021,1102628,A
ba6107a6-22c6-432f-997a-b1cd8a33fcce,2021,1288839,A
5c997423-d7eb-48d0-937b-639500c3b3aa,2021,94762,A
a786400d-72fc-4131-b175-e8e3a3bc6711,2021,103062,A
4fa75bd0-23c1-43bb-89ab-24fcbdefa90f,2021,95017,A
dafd8381-a5e1-403e-8a55-d20f72856623,2021,18558,A
9e61dcf0-8e7b-4750-8434-e31bb23dcfc0,2021,118468,A
d3169f53-a504-45b3-bd7e-7ea86f85d242,2021,13277,A
60f107e9-0d12-476f-b33d-90d3821a3877,2021,62484,A
43738cc3-e144-4894-8db4-6768c6e60c4f,2021,59122,A
2771f454-1ba2-4830-b38f-1d338a03af6e,2021,20030,A
1577e3b2-ebc7-4870-8992-076d0cdfdbae,2021,13595,A
60819f81-df5b-456e-bb8c-a23b507bc9b3,2021,41238,A
5ea274c8-5dc6-41ad-b78c-2349a32e0414,2021,1102628,A
a8217484-49fc-436e-8d32-5db2c57cb08d,2021,2209,A
14e5b6ab-41dd-45dd-a964-fea63fcc8b9b,2021,1132918,A
4bdb287f-a97d-4589-a276-50e00ee7670b,2021,1272079,A
53a22105-b7ab-45cc-b3da-1e2a32d1ea2f,2021,5000135,A
31ba4880-ebcc-49aa-84c9-d8546e00bcf7,2021,117022,A
b7696287-e45d-44ea-b343-0c37da535c18,2021,98595,A
7d11a199-8edb-4dc7-9bc5-bea81fddc152,2021,13277,A
83d7e879-4959-4a4b-9004-f4d49ee7b9f5,2021,106996,A
0f214f4e-fc37-49eb-98e0-d962418a99cc,2021,968,A
f1d304d7-254b-45cb-9e5b-5b22923e3986,2021,47069,A
4c2eeebc-fb26-4209-802b-f6b8006bfec6,2021,13401,A
118f7977-b653-4a1d-80fd-8feb184807a8,2021,9440,A
9795c7f3-2f82-458d-aed9-863c0f610a5e,2021,1101244,A
32a6e3ee-b616-4f98-97a6-9689384f9e35,2021,107360,A
1e519f36-897a-4017-80ce-d188fa073778,2021,1132918,A
bb7db1d1-3547-42b9-8f6c-c34e7ce6d247,2021,1101244,A
d8d14f15-1ab4-477d-b4e7-6b9f89fcbce2,2021,18671,A
84124fad-cbad-4702-a187-f06fbd02edbd,2021,2209,A
dbbca064-bb42-4aa7-8636-874d85507ecf,2021,513,A
df8d66b7-d074-45c6-9854-4b164490ec4d,2021,1132918,A
52595814-11ff-4324-9d1a-2518172cfaaf,2021,116770,A
988a558d-c398-4dc4-bd23-ff6cb3195a86,2021,13980,A
bca92573-5bf8-4737-b368-fe5c84937c3f,2021,12313,A
291bca17-b5d5-4f18-9340-ecb5dd76c9e8,2021,73140,A
9e254806-d5dc-48ab-8009-8d0f59d4148a,2021,97778,A
affcc494-02bc-4858-a7af-670982998183,2021,1136142,A
a87e0bf6-5815-46bc-b382-e4ec4887839c,2021,53342,A
cabe83a6-b594-4fe4-9123-6edc5f4b792f,2021,13277,A
38002ca7-98a4-4160-b70a-eae6d8b53d0b,2021,1314243,A
0fa716d5-e92c-471b-8a83-08f2e39efc37,2021,13980,A
3788749d-447b-4c4f-8dbb-0589327f39c6,2021,1330347,A
08d79313-50f5-47fa-a770-3309b4b2b561,2021,103062,A
939600e4-f2c0-40fd-9c24-317b71f96275,2021,103062,A
09c7fca1-5b23-4baf-afb5-974b1f811960,2021,57606,A
d1db2f49-1843-49a7-b842-c60269b9d891,2021,13216,A
1ac5c48f-a914-446a-9194-eb7b4bbc361d,2021,5000143,A
8110441f-8a1f-4c0f-8d9d-641c73a82a93,2021,20030,A
bb65f5f1-fc5e-4e75-a5d4-b50033acffbb,2021,968,A
9f2b423a-bb13-4941-8b73-d78b2bbeab57,2021,1330347,A
547bc8bc-404b-49c2-be7e-66673e88d857,2021,11452,A
66056d12-75ce-4085-8901-27ab42e26796,2021,73140,A
16e5de67-611d-4aa3-9b81-2df300214943,2021,13595,A
ea5d24b5-e14d-414d-896c-ca2a9a72b173,2021,13595,A
196a55bf-2430-4825-b98d-ffc28eb7cbfe,2021,19047,A
ca86b099-ed19-429a-b966-cdcb24512507,2021,1136142,A
3ba8775f-178e-43a6-851b-1c8af5d89271,2021,118420,A
a574e1b8-c23d-44a7-addf-c79a32b97fed,2021,98595,A
2cc67a92-a6b2-4740-bf68-812da3a33882,2021,1318224,A
b8a22aa2-63d2-4571-b5bb-dfa71e3b9a98,2021,48675,A
2f8449da-dc56-4d10-8893-2b401c545786,2021,968,A
0c27dbc1-3250-49dd-938a-45cc6f42d496,2021,98305,A
a4044358-00e9-4291-a832-b9f81f2b4740,2021,1103723,A
6be7d590-b4ce-41cb-a038-645fe751037f,2021,62484,A
302ee179-0911-4191-acbc-521e533c3648,2021,116770,A
2d491a4c-65e1-4c5c-95b3-e353b90046c9,2021,1139692,A
e9e43b31-c3a1-4f2d-9481-99cc828de5f5,2021,18559,A
365191e5-969f-44e4-bf03-625b895c878c,2021,118420,A
16297787-6078-4a6a-901d-091649145cb5,2021,47051,A
11ffcf3b-5bfa-4b89-aeea-ea66a5f43ff3,2021,1136142,A
7f6eacdf-9e6f-4b1e-93c8-156cbf277c17,2021,968,A
f8e09363-8519-4249-8381-fdbabd51c4f8,2021,5000143,A
a925a91d-2be3-4d7a-ad54-4ebc3af697f4,2021,1136142,A
6718fd09-3d54-44ae-8134-3e1100c740d0,2021,13277,A
ceb86984-73f2-4d98-b150-70db4b4bf32c,2021,64664,A
4a87acac-82e7-433a-b1d4-36476fa4fa8d,2021,317,A
67accc0d-3e66-43dc-ab2c-be9d2795a8c1,2021,91262,A
990713a8-af12-4c50-b523-dbf57da3829e,2021,13401,A
5c10719a-fd1a-4be7-b477-aa5a744f8272,2021,19042,A
80dcb5ba-254d-4454-949e-db3e4e61b4b0,2021,13401,A
c57e9e5b-b5c9-42bd-8839-72751bc96793,2021,1181327,A
cff90c3c-148d-4ed8-ba39-36921a1ec6f9,2021,98595,A
a2a7cbdb-77c3-417f-8fd4-673e12c55cbc,2021,12313,A
0c583a1d-9373-48e1-a7c0-32c016076d73,2021,968,A
243ed5d3-f51b-4958-88ca-8962ae758511,2021,513,A
7536e3a6-7e3b-4497-9ee6-03ac1ce9ccd5,2021,13595,A
f76d731a-8bc6-4948-9a17-50fc07839e88,2021,13277,A
b2b165c5-b7f1-44ab-9b01-b62dc846ad93,2021,1283028,A
1934d008-a40d-4f9d-a83a-ca05a05f96c0,2021,19042,A
82ef359a-1885-431a-9d6a-8ea495340b94,2021,5000135,A
dbbc36f4-a6d9-4436-81e9-6d8adef5908d,2021,513,A
622568bd-9c90-442a-9616-14e2a75c8dca,2021,1283028,A
665da31c-a013-45dc-8b36-819169c2acb4,2021,56172,A
cc83a9f7-4977-4b41-812e-aff91d083830,2021,2209,A
2d252833-e2bc-44a8-b517-da39c174d7e7,2021,1136142,A
3fe3dc53-28c1-4f45-917d-c4be9db2c1ca,2021,20239,A
9adb0a2a-ce2f-42f6-a102-78308fe09e2f,2021,12313,A
e5bc1b99-d75b-48cd-ae77-0c52e6e9120d,2021,2209,A
b80c67b5-678d-4971-b30e-4581b8f4715e,2021,20933,A
342ffed6-3dda-4c75-bab8-b73a502b15fe,2021,1267543,A
edaa6b68-bc21-45c2-9828-ad536071b44c,2021,107360,A
9d44d5d8-2b91-42aa-8a65-025d7b15e3b7,2021,1288839,A
51bc9457-a089-41f0-a103-87550bc01b1f,2021,5000135,A
889e4fd5-7c18-4993-a031-09b72022f97c,2021,968,A
7c5ce9dc-e535-4a06-b48d-99c1543fe997,2021,13980,A
cd3a6d48-a094-42e6-8cb4-279b6ad98e34,2021,18584,A
458f06f8-5120-4888-83d7-760bf76d38bd,2021,13277,A
f6dc5276-c50e-42db-b1ff-732cd5fb36ef,2021,1101244,A
a36886d5-1bf4-4298-8157-0d63c74917b6,2021,101942,A
306099e9-750d-40d3-9fc1-a7c0ce5c7f7c,2021,47069,A
66d0d099-3e22-4946-a5f7-d7063a90fb22,2021,116770,A
ca7d2afc-d3ee-4ebe-83fb-6537e54b84ea,2021,18584,A
1452d67f-9d10-4033-beed-ac01b06bda55,2021,18559,A
40a2febb-4069-4b74-a9bc-8acf080eda17,2021,116770,A
74bc6dd0-48ae-4d35-a6e7-b0e5d802399d,2021,13401,A
c45b2cd8-0568-4d97-9748-21e95744b237,2021,13595,A
80a33e6b-51de-4ac2-a307-31090a94f2a5,2021,107360,A
86d9a9b8-ad87-46c6-ad70-97f61133cff9,2021,1270596,A
f915bc3a-95f1-4d26-ac61-3a0932f8759e,2021,1269545,A
c7902854-a42b-45fe-bbeb-6e5c367c3c57,2021,118468,A
3175a742-bc92-4cb4-be8a-73f49e3f22fe,2021,13277,A
0152530f-6299-445b-893a-bf74c7ed0f89,2021,116770,A
9ed90dcc-ea5a-456b-ab7a-d24ac16c8987,2021,13980,A
34f77279-6bc6-4d6b-ac87-9f6a6cf9f0c0,2021,5000135,A
c28865de-27af-4eb4-8e4c-df2ef33a6944,2021,13595,A
5bb441d6-6e38-4d68-98a6-a42cb5897cfc,2021,1136142,A
be099520-f1b2-496c-9da3-d8f708161d07,2021,117532,A
b19c0cd9-d26c-4bda-94c8-00a612b6456f,2021,98595,A
28c13b57-1de2-4185-8d3e-968d02dac778,2021,18559,A
0d14241d-f9ee-4499-9157-a0cf4406c62b,2021,13216,A
1136942f-4e0b-4fec-b2eb-b279c15f1275,2021,1102628,A
d42e65ec-857b-446d-84c3-5b1bdf4bdc92,2021,98595,A
6785322f-f84b-4130-b54c-3f0bd462299c,2021,98595,A
e6e309fe-992b-4fa6-82d5-0df008d7e22f,2021,1118057,A
5daba42d-6d3b-4cad-9469-9cda93187f80,2021,968,A
13541539-add8-4890-b391-e2d7a2122ca1,2021,18683,A
f5ab4ea4-0a99-4885-8d7d-de71b05a9dfb,2021,118468,A
b94db50f-f3e1-4397-84ae-77cab4ffe69b,2021,101830,A
3b17ecd5-a346-4e11-9a22-361ec09c0bb6,2021,1299927,A
8c64b6ad-14ad-4f40-91dc-37b850a9f6cb,2021,98595,A
47ad3cdc-c9e6-44e6-a76d-e59c19da9185,2021,1103723,A
6ea7a473-6814-416a-b6bf-4fd0a5e17c29,2021,118420,A
2ea30229-12e5-4a82-9889-a3bcd92e64f3,2021,968,A
6baf4a31-1839-426f-a4d9-cfd4a77aac72,2021,513,A
1c132c58-04d8-4ba7-aacc-6b4338d56259,2021,5000135,A
13d80595-4750-4a75-abaf-71af18590741,2021,13216,A
6cec62a0-a77e-405c-a425-fc05fac2e47a,2021,107360,A
cdfe4d97-e11c-4751-a6d0-51f5b1122f1c,2021,1102628,A
4b650e0f-f24b-4919-8b17-4981420ae102,2021,113813,A
a55ba621-0945-4e2d-8376-4ad3fe8d64c1,2021,5000143,A
128401de-47d8-45b6-b8b0-e1cb5041d391,2021,99406,A
6d2415b9-b7f2-409f-88ec-80264daed251,2021,13980,A
9bd5b777-ce46-4d67-9fd7-67a0eeba5141,2021,13595,A
938ae098-aeff-4207-bb44-013cd777d0dd,2021,13401,A
9cf8b22c-80b8-424a-858c-e79162424190,2021,1136142,A
85b33da9-0d6b-4e63-b366-454c097db830,2021,64664,A
eca5468f-b673-4d56-99ac-7c548dda5e5d,2021,5000135,A
c04b1e95-0b2d-4383-8a75-550ba59ef2df,2021,94762,A
1be5f396-7c7d-473c-91e6-036d4f3eb908,2021,1136142,A
d8d279e7-4d6e-4ca3-9eaf-7ccbc656bcdf,2021,107422,A
4c76e0ca-0bf5-47f7-9b35-c1e71fcd7cbd,2021,1270596,A
b1ee4701-5b3a-41a3-8306-32f3694f220f,2021,112086,A
51e7ef2a-e8ed-4be1-8f05-60e9a5041d83,2021,11554,A
95d3edd9-af70-4b61-add6-db8964ab6d07,2021,41238,A
5d9c4a71-e2b4-42e2-b737-e646ffa014d3,2021,21464,A
5b6bf8c4-50d8-40f6-9ebe-6a413be30f42,2021,13595,A
4603fc3d-edaa-467d-bcd6-7bf98283ef89,2021,41238,A
6c6456cc-f7f0-4a29-a9eb-ce40c5db9735,2021,1102628,A
a04f6196-ec2c-4713-87e9-67b35aa619e3,2021,20030,A
ba2897f1-cba0-43c3-b9ba-5e298df2e1e5,2021,1330347,A
d6fd61ba-ac14-482e-a827-059281a41d90,2021,513,A
efa91ef0-e55a-4ac1-a85b-a8d80c944cb6,2021,98595,A
62491197-7523-4863-8d52-c7f15e39dd39,2021,117022,A
3c694864-304b-4523-a453-98dd0427adaf,2021,98595,A
b3f7c4bc-62cc-4974-98c3-cf3155a6ee87,2021,11452,A
14a81ca8-feab-4312-91b4-03ef72f01d72,2021,1330347,A
6bf9a54a-016c-46ef-8d85-144d20fd07ca,2021,101942,A
417ace45-e535-4234-854a-9e9b288414d8,2021,13216,A
beda7495-2f63-4ef3-a4b2-077883095516,2021,13401,A
5805ea00-5f25-4329-b96d-bf89c6fcbcad,2021,5000143,A
1f89c6d6-70cf-4197-978e-8c5b135e283e,2021,117022,A
bf8a897d-197e-49bd-afbe-1b7d03fad9dc,2021,13216,A
afde70ca-3f64-4ad8-b962-a24d0661240a,2021,5000143,A
c35209ad-cb86-462c-b837-2aa2f77239e3,2021,107360,A
8cb9ccd0-88a8-43c9-9b4a-1cdc88c6ea03,2021,53342,A
86048ef8-d6c5-41a5-9144-c7254c43232e,2021,1190071,A
6b9abd50-3971-4766-bd92-52cd57b424bf,2021,13216,A
67bdfcc9-26d0-454e-9101-b5622474b2df,2021,11554,A
22bd8619-c8a1-4924-9ac5-626b279b2c5f,2021,1265453,A
028e0ba7-0b1e-4f04-9401-3376048e3953,2021,1101244,A
0f213c40-c272-4059-b5b8-a5a5fc3635c1,2021,40343,A
7db07dd3-d185-4368-a7c4-c3ad9f2b8463,2021,13216,A
62f7dd97-cfa2-4730-9c27-8d798553dc1c,2021,118420,A
766bd986-d81f-45d5-b2f2-ab3f775fb80b,2021,1385488,A
3a345226-982f-44f4-8d48-a589001ce82c,2021,118468,A
b7d12326-259c-4ac5-990e-f23a7f22cd25,2021,107360,A
610d5f7d-d90a-4a6b-a4c8-500190328364,2021,5000135,A
28f1b112-629e-489f-aecf-7ccb4048e77e,2021,11452,A
ff1ce7a5-ff97-4dea-a84e-8dc419efa979,2021,11452,A
e72ddeb1-6275-4f97-93e2-5baa104d1a3c,2021,1181327,A
87612d1d-2f94-43a4-b165-c47d359ecc7f,2021,98595,A
7c4a3980-80f0-4e2c-831e-881b23fdf2da,2021,5000135,A
8d6c8318-a612-4bc9-9467-31ed82d4d42f,2021,5000143,A
028ec865-c12c-4cf7-8f2f-b53b564c1aca,2021,98305,A
7f3a014d-2860-4ab0-b468-b1d01738d748,2021,2209,A
76281353-6d10-473f-a39a-18d1d1db262d,2021,95017,A
e6108932-bd4a-4ca8-9726-7af11e012006,2021,98595,A
7299fed3-75a2-483e-85ee-2ba62c5e3fd2,2021,1136142,A
2f8bc6c1-1db0-46b7-85e1-db49c125e246,2021,1314243,A
855beca2-d4c2-4524-9250-97185a2ca872,2021,68930,A
1883aa47-f68a-4029-9533-61e6fe4fee51,2021,99406,A
5ae77f6f-5218-4db7-b94d-19af3ab56816,2021,113813,A
3d0bf220-71f7-457e-b515-f7c4bfc8aeb9,2021,81210,A
650d3614-9979-4de1-8b8e-7d7593fda32f,2021,98305,A
7dd97180-c7f3-4502-9f8b-322d70e11a54,2021,53342,A
a6e09f55-b927-45b8-a609-047728a9962d,2021,20933,A
e6519772-c9d7-463e-b9f1-2320314dfee3,2021,18559,A
9decce19-8b7b-43ba-8009-f4e5f1a960f6,2021,118420,A
dbcf34a7-c500-484b-a6c9-aad4f07e978a,2021,118420,A
80a31c01-d041-4e49-82e9-2ddebc5bf9f6,2021,1181115,A
e3ce47a8-953a-4fcc-839f-a2d46b4729a3,2021,2209,A
26db5df9-015d-447e-a90c-562e6b3b68df,2021,98595,A
02b61ac9-cd84-4fbc-a306-cdf8b3993486,2021,68930,A
f538e3f7-c4a1-4ee6-99bc-c1fa6388b6ec,2021,513,A
9a58df0f-6e2e-4638-98c7-d4a7c7ad6b49,2021,98595,A
7214d5c7-0fc4-4ea1-9f95-284138e9f419,2021,54934,A
5927912c-0b8d-48cb-8ad8-c4bad3c6b343,2021,1385942,A
973d7a98-c1ab-4765-9661-db57cc3c8fd9,2021,98305,A
fb0e6554-cbd4-4034-9dab-3497e32c5990,2021,5000135,A
c0c17485-4c5e-47ab-ac06-e2416e5aae09,2021,47069,A
ae65878f-0981-44ef-9d2b-7de7b5aa47fe,2021,13401,A
22e4fa9a-f9ed-4510-bef0-ea12fcdb746a,2021,1136142,A
d9635e44-aa3c-4f91-95ed-12a6f9055f1a,2021,968,A
5923982d-b6c3-4e4f-9990-ba5f6145ea79,2021,81210,A
db7ced6f-834d-418c-856a-37ab41b3ecca,2021,62484,A
71581012-8ab8-482f-8b1c-47487e77ba06,2021,118420,A
3b986912-baae-491e-8da5-648247ccd415,2021,106167,A
fc0b23b4-e032-48e6-8e0f-c1c43a5874e0,2021,98305,A
9853db94-9ac0-47ca-b8fc-38c0f3a164e1,2021,11452,A
9542513f-a50c-467c-a9f2-89e0732f606c,2021,18584,A
fd0cce3f-5de4-48a1-a8f5-c79100be6648,2021,1330347,A
7877c3a6-0ecf-41fe-964d-97b0616ddb20,2021,13446,A
4651de81-0e5d-40aa-a177-d9869a9844a6,2021,1136142,A
13460297-2371-4134-8152-af6328f5ff71,2021,13595,A
9d91b8b1-be5d-4e80-8e09-e16018297a88,2021,5000135,A
8549e1f8-990f-4e3d-a7c9-c2f1bb0eaae6,2021,53342,A
4b20393f-451d-4793-aa51-0cb1646328e7,2021,11452,A
7fd8680b-bfbc-432f-80e0-3f9a56b22e50,2021,317,A
24e8e820-d592-432b-bcdf-5b6902044d76,2021,62484,A
035a64c9-b149-47f4-b1d6-23cd3d7161af,2021,513,A
8025dd46-35b3-4441-9b0c-0b94e818c9c0,2021,98305,A
e7598cc5-9f20-45c1-8503-e9cac59309a3,2021,13595,A
03310f86-f53c-4974-914a-bdd3461c1d8c,2021,13595,A
3ab0a306-8eef-49c4-92f6-184bc9024754,2021,5000135,A
cfb38872-dba4-453f-8399-ac8047451a99,2021,13595,A
c74003a7-bb70-40ef-824c-6e998caeb472,2021,1136142,A
cdcbb687-f24c-49ad-89f1-c75f38a0c34e,2021,98595,A
1d93fea1-12f2-4445-a4ac-3e52da058b13,2021,1270596,A
24d42abc-9678-4cf2-8a6c-c50877647967,2021,1272079,A
2e214882-2245-404c-b27f-c6c97b06381e,2021,13980,A
29d8cbc2-a6a5-45f3-87d7-3b229f30aeff,2021,513,A
3f834cbf-4135-412c-95fc-8a7b659b45e1,2021,117022,A
c9f3fa88-6794-4338-941c-224f97f1217d,2021,99820,A
b0bd5afc-a2f9-433f-8515-2e551f254d7e,2021,13401,A
653f135a-375d-429b-946b-37ac9cd83db6,2021,95017,A
6a14de91-068f-4517-b7af-e04b9fa607dc,2021,106167,A
2a66bf1d-e78f-4aa1-a8a8-8ebeff65d728,2021,13595,A
73682b5e-0239-403a-aa01-2d4194f48186,2021,13446,A
c85eaba0-cb6e-444e-87da-000636648646,2021,118420,A
75e3a8af-cfc3-4b07-b6b2-f9bfaab551b9,2021,1330347,A
0b360966-4195-4a4b-abf0-11f582aaa9d4,2021,118420,A
8a0ecc9e-9781-4799-9253-624eca34a727,2021,101942,A
6647a7da-89cf-4aa8-b719-59372f1086b0,2021,13980,A
793e17b4-b62a-465e-a605-476d1988bf95,2021,13595,A
8025d795-6f1d-4b75-816d-80537a60343b,2021,13446,A
cf484281-1e04-4466-ab67-2593ca78a42a,2021,68930,A
ee612a7b-320a-43df-9755-89b469bb5fab,2021,5000143,A
6a4aa79b-0849-44e1-97bf-0efcef5aaae9,2021,1136142,A
3847380e-0c4a-4502-95c7-34828f94511b,2021,12313,A
01df5806-d84f-43e2-91aa-1038152884e6,2021,11452,A
44ac9664-c2e8-4a13-bcd5-e2ab08602176,2021,13595,A
545429d2-5b36-4159-a070-460a858d8145,2021,317,A
87dd10a5-4a94-4547-af18-f03b403e93c6,2021,1132918,A
ca8cf8cc-3620-4af1-a3d1-c4dbb561bbd2,2021,62484,A
e5827f55-b5a4-4f81-a67f-0a667692e2d4,2021,98595,A
006b6b3b-5cbf-412a-a924-1ed224a88562,2021,116770,A
a5da2874-7d40-48d4-8c3e-9bfe13c02a50,2021,1136142,A
a516db89-d514-46b7-a8d1-31fd9806dfaf,2021,1136142,A
5713abef-5175-4d52-a132-43f8d44fa15a,2021,118420,A
57830b4d-c257-4f33-88db-3d18f2d06620,2021,118420,A
a19d9eec-b357-4064-be7b-5a7b8795ac95,2021,106167,A
4f8d157e-db7c-4c7c-9f4a-a73000631547,2021,11452,A
a1e240eb-cdf0-473a-ba97-322d0877d40d,2021,13595,A
9e4eb57f-9f59-4529-862c-854713fd2b45,2021,13595,A
62f3e50e-a703-41ff-b5e5-f90cf841fa1a,2021,99406,A
c4b29f7f-79d9-47a5-80e4-78efc2211197,2021,1376131,A
c85cc56a-0593-4f3a-a5c6-7dbfb5ae0377,2021,13446,A
1835ddf4-ba96-41fe-939f-baf20d44b02b,2021,1136142,A
1929c2c7-db36-496a-b7b6-24a6e72f670f,2021,20239,A
f40a6bd4-7a39-44ea-98bd-f27831d3fa8d,2021,13446,A
1f348ac1-e676-45f8-8644-d9098a1ebf13,2021,1269545,A
4dc9b084-692b-450c-a4ef-219909e06979,2021,1136142,A
767e9753-b0ec-438c-8a7a-03ca2ba1cf59,2021,13980,A
8d25b1ad-eb10-428e-979a-43388479f5e7,2021,19042,A
05ec131a-ca1e-4560-a63c-9586852b69a0,2021,1132918,A
ca9d44a6-8d22-4896-bc5d-ab33690b40a6,2021,5000135,A
d56b5d4a-3179-446e-b0c0-c63968809e6e,2021,1269545,A
af3c9131-7abf-4d30-a4e5-e84494a08f01,2021,13401,A
5cf8613b-79dc-4197-b739-809e7b378421,2021,1270596,A
fd762e88-642e-4464-834d-f27bad20fa9c,2021,1148708,A
5620e515-2607-43c4-8fe4-f878aa1fc714,2021,53342,A
5ad42b5e-7a69-4e8e-bb4d-33431446e004,2021,1314243,A
9a243fd0-8612-47ab-9079-71e326076dab,2021,98595,A
3353c8e0-d099-4e9c-85b4-dd01e9a08d00,2021,62484,A
212d4897-5634-4c6d-be76-32e164cf3bdc,2021,13401,A
45945797-9827-4909-87c1-7b8f1eb170f1,2021,1136142,A
c1274174-591f-4fcc-9a2e-0725d6a139d5,2021,64664,A
0aa16291-6e82-4405-8f51-8162ba0924e8,2021,317,A
b66a52e3-5348-47f3-8e2b-105eee52ea26,2021,99820,A
bcfb51a2-7b56-4a75-ac62-45eab9a09bc7,2021,1118057,A
e338f728-9404-4eef-b70f-378244bd9213,2021,968,A
da6aafbd-9edd-4a29-b76a-49dc8027681b,2021,1118057,A
96232a86-6467-4a88-afa3-4a85f3f03abb,2021,1102628,A
db78b280-a480-4fdb-be91-c07fc0461375,2021,97443,A
91293b8c-bf47-483b-826b-9ecda7b776e2,2021,13401,A
2867f20f-66a0-4721-a1cb-01f7f235a3c5,2021,12313,A
6b4b4b7d-2a57-464a-b965-87de935f4631,2021,13446,A
333df9ab-af4d-4a88-8203-6e3402d92336,2021,1283028,A
d6dec9d1-a249-4ec9-b746-ad06da6f8642,2021,1102628,A
9afff337-34c6-4cd5-a41d-12b9d8d6c87b,2021,118420,A
7ac5ba0c-479a-4e4c-a1fa-4701f87a274a,2021,20933,A
33ca5d7a-d064-4e61-9843-d5db93bae20f,2021,1427745,A
2fbda6fe-223b-4462-91ad-281f893ccd60,2021,11554,A
9320548f-ebf8-407d-a114-b2f79b9e995d,2021,1283028,A
7e4e1dd7-c4db-49be-8241-627d296fc4ea,2021,1379275,A
c5efa652-99d4-4ae6-8bd3-156598861cc0,2021,12313,A
f27ab373-b54e-4781-9b4d-c2f7721faf42,2021,1270596,A
c354bc22-4c6a-46b2-9600-c8504aa9eabe,2021,11554,A
9c59eae2-7770-4900-a7b4-34518c2a0460,2021,97778,A
c2dcd54d-a495-4e74-8fb3-6b1be8ccfda8,2021,1330347,A
0325603f-34d5-46f3-a065-8f1c7b60304b,2021,13595,A
ac679374-1285-44ec-ba85-67cff8beb408,2021,13595,A
74fbbe87-1218-4b43-8820-c0dc7f5f863e,2021,13401,A
eb21722a-8812-4b8e-b416-2d4acc3d1119,2021,13595,A
3f8a4f71-8fba-4b27-8b4b-4cd5668d35cc,2021,513,A
34b2f5e0-7a5a-4d30-8999-b70f8d38ba44,2021,13595,A
a90568f0-fabb-4742-89bc-4d045811702c,2021,99406,A
7298b094-d9ba-4241-956e-bc052b28ac48,2021,41238,A
f4488c39-cb0d-4bb1-a92f-50863820e193,2021,98595,A
aeedf721-bfdc-44af-854d-cc3d4fed0a6d,2021,11452,A
3ad34afb-f6c4-4f6d-b814-d1a775b4896a,2021,18683,A
6cb4afef-2e15-4b21-a488-2724f95b6df1,2021,19042,A
b202403f-b9a5-4e76-816d-9b2455a1024e,2021,1101244,A
bedcde56-4a12-4653-9f69-2e9699716efe,2021,968,A
57bba596-7f2d-4980-a0f8-ee78fe010e3d,2021,13595,A
3d005b69-a1d8-4d1f-b4a3-a00ea9635695,2021,13216,A
45332009-f728-4481-bac8-005bcc1cf281,2021,53342,A
31923553-3b34-4b6f-b669-602968197f6d,2021,13277,A
b8155d04-4213-4cdf-bf60-70d1f7bc92d6,2021,2209,A
eda42bd3-3c6f-4dff-a9a9-0d325435e8d3,2021,1136142,A
02bea2d2-f115-43ac-8647-f6801530d62a,2021,1288839,A
0d8aa600-5f71-4a03-bec6-de0b8d742128,2021,11452,A
287eab71-b00d-4ab0-95ec-174af96ab0bb,2021,2209,A
d01c4481-2239-4890-93a8-9ced379292a8,2021,55777,A
a9d3824d-c415-41a0-be05-2705ee8b903f,2021,5000135,A
094540db-4ac0-4574-b1cd-1875adfda8de,2021,99406,A
ebe5afe1-1c28-414e-9eb3-7c4d32e2632b,2021,13595,A
f988db6b-a95f-4a5e-9214-2cb51ac9d6ee,2021,13401,A
438db25d-b533-4356-8774-60ae427ea593,2021,64664,A
47a7062e-921a-4ebe-860c-3320fb08e8e8,2021,118420,A
55ca89a1-875d-4608-9bc1-1f9c40719418,2021,12313,A
b8cdaf42-dcd8-4ea0-8de2-bbb5be780de2,2021,68930,A
bd32143c-ea18-4718-a691-6a10994778b4,2021,62484,A
b1d5af95-62ea-45f9-8b6d-6c05269c4b63,2021,1330347,A
1d4971dd-6a8a-45a4-b8d6-69dcacc4c93d,2021,1314243,A
270ec3d4-fa63-4ab4-8d1c-eb2022d3822b,2021,1132918,A
4752c3f5-4331-4f95-97c9-9a72c4e1da94,2021,11452,A
c9acbde2-b7c0-429f-a25d-0d3ee13c3611,2021,99406,A
0e231228-9974-4507-bb33-6a6931f2d25c,2021,513,A
3450b36e-2642-4f73-8d25-a3d5673e4626,2021,13595,A
98e2ed40-52c7-44a1-8d84-a32807288d18,2021,1108692,A
23183d74-f729-4120-ac1d-e0db6b5725b4,2021,12313,A
4c9c0550-729b-4113-8d7c-1de0c2785046,2021,13595,A
790ebf73-95b3-41cb-9989-3cedd4d5d928,2021,12313,A
befb62bb-a1f5-43c2-9569-a757a2a68ba2,2021,11452,A
f7195dbc-d608-456f-80f3-8f60cffdd7d0,2021,1132918,A
76eda714-e8f6-4ed1-b305-58bace8e96e0,2021,13595,A
e4598a14-4c1c-4243-8282-bb86e94fcff1,2021,98595,A
9243e513-227e-434f-84ea-bcca78dbea38,2021,1272079,A
7fd89a70-55fd-485b-8078-86f79c259b23,2021,1136142,A
64366e97-f7dd-4480-8a58-9551b8e6ce1e,2021,97443,A
f42a8081-a33e-499b-8630-7eda87b910ae,2021,13277,A
d45aa7f9-11d7-4865-afd7-a53962f699e5,2021,62484,A
c95c30ae-c41d-4dd1-9bb7-dcb544ee7efb,2021,13595,A
8d9c1db4-4ef6-4615-a5c4-5a2eb18e5823,2021,113813,A
fc50fa50-ebe9-48c7-8880-3a429db81e2f,2021,62484,A
70e61376-1947-4630-98c0-865120cd75d6,2021,13595,A
88dee47f-5993-474e-a592-16235f641399,2021,1132918,A
e2105076-1b0c-42b5-9232-93023dd6a6fb,2021,13277,A
f6d28bae-aec0-475b-aa36-edab1b699a9c,2021,99406,A
82e529e3-600e-4fec-a346-655d1e3802bd,2021,13595,A
9edcf43c-ab18-40df-a29d-2513bfd8a7d4,2021,2209,A
991904ae-c3cc-410f-8bf6-7ef94c848a94,2021,13595,A
fbca691a-be6c-475a-b4e8-a53934759af2,2021,1330347,A
26e227d5-4fd7-4012-b926-8bfc04fe584f,2021,13595,A
5ff8e7fd-e6f0-4ff5-b0c5-ce7db2c8afd9,2021,64664,A
3ea8ee29-7825-4916-943b-01c83ae5c374,2021,1136142,A
c5137273-92c3-4276-bd8f-3bb4af5a72b9,2021,1136142,A
d9857842-18dd-4368-9899-d26da6a64020,2021,11452,A
24daf0b1-8399-45ea-8fb4-9b8173aa4181,2021,13595,A
8c684cf4-9127-40b2-b444-49b8a936da68,2021,13595,A
3d5c452b-226a-4a84-9f51-9257745353e3,2021,13446,A
d770a621-c90d-4b0b-bd2a-a83807f4d491,2021,20239,A
ddb1c035-0ad7-40a4-acbd-79af3ac2d9aa,2021,1136142,A
41d38ddc-0c72-4d4e-acf7-fc853817fc57,2021,317,A
57c29dae-653e-4e87-a23d-7a8d4884334d,2021,87396,A
81115b9c-04b7-41f3-9881-b8b0fa2849f4,2021,2209,A
2054bb3e-b4aa-41ba-aeed-95293a207a90,2021,968,A
449efee7-5f4a-4c4e-b7e9-140ebeb9a410,2021,62484,A
91821723-8e35-451b-af52-58ae6bde596d,2021,13595,A
8189a044-c6ca-4a07-bc1c-d96856025401,2021,13595,A
aa55a2b5-48ad-4ddf-9d66-e4762b3f6da9,2021,49071,A
24553ba4-a535-4c95-979b-a57e1e0a8e80,2021,13980,A
37d651a5-a84a-45a6-9e6a-a179ec610c62,2021,13216,A
70029cbe-6982-4781-97e5-c9d13ea16dfe,2021,13277,A
c66da81e-2468-47b1-ae46-12a823af14cc,2021,13595,A
3cea0c84-a623-47a1-a3de-6b1a272f1d20,2021,5000135,A
bd5dedf8-387e-4fe9-a1cd-893aa6d6e0e6,2021,20239,A
f2b23194-1f79-4b8e-bb8a-0d0ef898140d,2021,1190071,A
144c2b45-6df1-45c0-8bbc-43b70a5dcdaa,2021,11452,A
b6ca8919-93ab-430a-b5a6-a3d579946862,2021,113813,A
6885ab31-9964-4ff8-8762-5972ac79b274,2021,13595,A
294d492b-7922-4ded-bfd8-9fb1b86329d4,2021,13446,A
b72b7e2f-424f-4da3-82d9-6395470a40ee,2021,13216,A
20660d77-bb52-4b16-b4f1-94cbcbb67609,2021,13277,A
748e1b84-193d-4647-9b22-91020b80dfd6,2021,18903,A
175c2a0e-c518-4410-ad46-c5ac70416025,2021,13277,A
e981c7f6-2718-4015-b58e-f92e9ad28064,2021,513,A
3649ac2a-b02e-4eb7-b55c-f9437a085bc5,2021,13595,A
c9836499-04fe-4160-bd90-a8e7720989a9,2021,1136142,A
4134298c-8bcf-4e05-826d-5a01f259563d,2021,1136142,A
31bffb0a-ce18-4be1-bd9b-7f8c6c4eafde,2021,13595,A
2ec3b444-0700-4349-983d-268cec4994ec,2021,13216,A
3b6643b6-ecc6-4c78-bb7a-bc44da59c23e,2021,13446,A
3fdfa7d8-c5ce-4d94-a60c-e027222797c7,2021,62484,A
a2583754-ab80-4a6d-96eb-7d1de3256ac0,2021,13595,A
2c26f9e3-acf8-45ea-9057-8cdbc7751770,2021,41238,A
f518451c-ef8f-40c0-b98d-d00a955034e8,2021,12313,A
2c878943-adc5-4fd1-8f71-4a825ae5ffa4,2021,11452,A
551d9e6b-0ebe-4122-97cb-db7f3c2defc1,2021,13980,A
f6a1597e-5179-4cce-8b8b-ac2a85bc4170,2021,13980,A
d52da419-5540-4813-9c32-93d5b6e04e03,2021,13595,A
1a6af153-0ae5-4b1c-98ad-dc3182d3ea27,2021,11452,A
57723097-49d4-4876-b231-af2674fca745,2021,18683,A
5eb9269a-23cd-479d-b101-c02aab596c35,2021,13595,A
bbb1db93-87ef-441e-8552-1e8575338e2c,2021,1136142,A
256ebf9b-ddef-4660-bc5f-bfdcfab9f03c,2021,62484,A
3ea38452-79d1-42e8-b959-79138012a0aa,2021,13595,A
d4f43f44-9671-4c63-a1bd-ac70e66f22b2,2021,5000143,A
3dd5d0c8-5f1b-4941-b931-ff2ffa5f040d,2021,13277,A
7a326c62-f7d5-4067-bf5d-4f66e2bffb5c,2021,13277,A
9b64f793-2e8c-47cf-99b2-82c4a884fbf1,2021,13446,A
1f9447bc-82e9-4bb1-b8c7-de339e44c681,2021,513,A
0ffc027b-beab-4c9e-b409-36ec20fa5bea,2021,13595,A
48718b16-d2e5-484e-b47e-665cfb3d3dcd,2021,12313,A
74893499-1f26-433b-8b2e-04bf94f7b81c,2021,13277,A
5bb7324d-a161-4055-842a-b8a35ff106b3,2021,13595,A
f825e54d-5370-4c76-ab15-3f38cf119318,2021,13595,A
1613e431-6a33-4e65-8bf7-2524e2188435,2021,62484,A
75a53aa9-a3a7-4c30-9a9d-01d5700f7fb8,2021,13277,A
b87eb256-5875-44bc-a0c5-0677f23d8260,2021,13277,A
d42744a9-62f8-49c3-87b0-473ce56502ee,2021,18584,A
dccd7357-22fd-4a1e-8a26-ff33d9719a62,2021,18584,A
afba68b3-b3e0-4ad3-81bd-f40664c08d45,2021,18558,A
710e6585-35b9-4cb7-bcd9-c062f82e4060,2021,1113582,A
a1136821-c93a-4f8e-9472-c89cb06a3a70,2021,1113582,A
e9acb187-8aa6-4b4f-8d0e-24e052b2985e,2021,18559,A
05923e80-a442-4df5-b328-35c69c423fc5,2021,18559,A
f15344b9-0272-4b07-a532-44c22071e214,2021,1113582,A
3cd1d387-a96c-4b17-9104-ed0213ac5fce,2021,1113582,A
d6c221a9-cfd5-48c7-b4a1-dfee68f5431c,2021,513,A
9a7e98c2-0c54-4f6a-ac95-67de51387076,2021,513,A
842183db-fd29-4198-b60e-e4defbbb6898,2021,513,A
5550d6c8-f026-4325-a09d-990460b3d498,2021,513,A
8c8d0e65-a3f2-416e-a28f-618fffb686a1,2021,513,A
2f8fcddb-88a0-4dfb-af07-19410f4ea7f0,2021,1113582,A
bf6a365b-17d7-44c4-abea-d452f25206e8,2021,99820,A
2860d29e-e30b-4e0a-9017-ee3b3f75a714,2021,55402,A
c0b6f6ff-1601-4c6b-8807-5cc593a353da,2021,86318,A
ef1779ca-e285-4f77-b598-03fbdda427f8,2021,86318,A
dce9cb04-e315-403f-b13c-61ac475b440c,2021,86318,A
aa7aaa1b-5cbe-47f9-a8d1-4674201326fc,2021,86318,A
d06f7df1-7ea2-4e5f-a6c0-35ac7093ed6f,2021,86318,A
724bcafa-57f9-45e6-b521-16635fe6e5fb,2021,86318,A
ef7032d9-205e-4f8e-ac89-7aadb6ef986e,2021,86318,A
2f6c9fcb-43d3-476b-addd-6bf015763337,2021,86318,A
7cc871a8-daa0-4630-9b46-8c87d09a8c36,2021,86318,A
d9442e76-9858-4209-b7d2-f9a2513daa56,2021,5000143,A
42a1252a-5412-487b-af10-fa457aa291bb,2021,5000143,A
b8bfef3e-496a-495f-a798-3b95e5b0707b,2021,5000143,A
1335600f-fbf1-41f1-8520-5b2bd4dc6d14,2021,5000143,A
05078555-15fa-4054-bc65-97941f51aad6,2021,1113582,A
33ac6aad-9b56-4c5a-b0eb-1210935352c4,2021,1103723,A
0cc3d120-030d-413a-8679-a735a61778eb,2021,47069,A
8380f685-d804-419b-90b0-e1920a536272,2021,86318,A
9fa285ba-33f5-4203-a76c-127e8579bb7c,2021,86318,A
6207188a-0dec-4d32-b882-a45b094dc822,2021,86318,A
2bd744a2-add2-4f14-bd05-ddde7e502c17,2021,86318,A
a165ac23-d324-4adb-bc5d-f9ac0e12d818,2021,11554,A
aac6bcaa-7866-426f-b23e-516e9865d7ad,2021,98305,A
6645d2aa-34b1-4bb5-a7a5-333b8bea90df,2021,98305,A
e44a4bce-b7ff-4bac-aafd-68878dcf8769,2021,1103723,A
9b6b6fab-8551-4821-a331-c6e3897d6e7c,2021,1103723,A
1284edd5-b1e8-432c-b907-96a7edf53e79,2021,1103723,A
a1a0adec-0cd7-4333-bef1-5fdf421b9d18,2021,1103723,A
e49bc28c-d8ef-42fe-984e-ec2cb6f5ef45,2021,1103723,A
d64ac56f-9218-4069-9f87-540d0449850d,2021,1103723,A
aaf25b9d-d204-4ff5-b6ff-198680d345e6,2021,1103723,A
ee44b52b-7e64-4f17-b37a-ff19ecbf64d5,2021,1103723,A
62e5d880-ce83-455c-8125-25e4e6abd359,2021,67092,A
9b4b9073-5ad0-4284-912a-49be0640782d,2021,1103723,A
8fd61dc1-efe8-4052-8d72-0d3e8eaeef31,2021,13401,A
9ecf8a42-f705-4f19-ab0b-cbf304e917cd,2021,1288002,A
38aff22e-c9f4-4f29-a695-ad77d383953b,2021,73898,A
49ea8d9f-8a2e-4d94-b05e-ee02e4c06351,2021,1190071,A
c7fd41fe-0a85-4884-a594-66d1f0ad6ae8,2021,1385488,A
503b171a-ed7a-4b36-83a4-a95f05f51f2d,2021,13595,A
65553903-ec7a-4cff-99bb-33d03311953c,2021,13595,A
e9f2038a-c29d-4a13-a0ef-e345536a1b34,2021,13595,A
934c6962-373a-4637-9416-29e3f14fa2aa,2021,13595,A
faf4f549-e291-4a52-89ad-4c70e4afff10,2021,18559,A
7ccea1fe-737e-44f4-a227-9f0faed0e40e,2021,107360,A
2843ad8e-1138-41bd-b793-3ed99d9be667,2021,107360,A
dcd7c52d-16e3-46a2-81cc-8d2f16f4d87a,2021,107360,A
09df60c9-4517-4b42-b9ec-2bb13f439cf4,2021,107360,A
35caae6d-2797-417b-b61b-cd965b2fb24b,2021,1265453,A
c9610b16-162d-4d29-b0af-352f8e23aa7f,2021,41238,A
8ec2f02e-3b3a-4449-a621-ecea48526900,2021,41238,A
fe4acbc0-83f6-45dc-bcc8-9f73369cca58,2021,41238,A
2017718b-a021-45f5-ab92-de973268f52c,2021,13446,A
bf9b1fe1-517b-4612-8506-076466c0b930,2021,13446,A
47a8cbde-be92-4bd5-8a7f-bc82818eade3,2021,1148708,A
fd290caf-312c-47be-8e03-5c836947f44f,2021,1180773,A
0100f317-909c-4c43-9bd8-db30a720b785,2021,19047,A
c92d3a4c-935d-49cc-99e6-88ec37496cbc,2021,1180773,A
e5cccca6-0e58-444f-8d78-def91b956b78,2021,73898,A
950c04d3-562d-46df-aca5-e55d678024b1,2021,73898,A
647f283b-7521-4d1c-ad27-bd3e6c93b4f8,2021,1136142,A
ec6f0c1f-c9a6-4546-bf4b-ac9283e8eb1b,2021,1136142,A
a7a84019-f44f-42b0-8710-f6a7be2f8439,2021,1136142,A
7e79206d-dcd2-46ce-8284-4d015625251c,2021,1136142,A
8cc3cfce-cc77-4796-876c-3b6063aecf42,2021,1136142,A
272451bb-12ad-4d41-b966-eec15b1a25bd,2021,1136142,A
0e064238-5ed5-4985-9072-f38d2b21fef7,2021,1136142,A
13115d98-392b-41c6-b1ef-232887cf5bcb,2021,1136142,A
55b17e6b-8ed8-4682-9fe3-087a6350f119,2021,1102628,A
7d372381-1806-49af-9f1e-76e68794dbd4,2021,1102628,A
6fe57510-45a3-4864-9cd7-7bd7b41b64b4,2021,118420,A
7e6938f3-b6eb-4163-a3ea-5a03dd801a96,2021,118420,A
a397b5aa-d613-4f2c-a1e8-21ec45279bb6,2021,113455,A
8cf06bfd-4551-4f92-b054-db7be11d422a,2021,13401,A
c2406515-a0a9-4151-bbfd-921e307dca66,2021,118994,A
49788cc5-354b-4bd2-9fbb-791712a48f16,2021,118994,A
a2f9935f-00d3-46f9-ab40-ae368b95e0c2,2021,1110857,A
e0974027-2a64-4fe1-a8d2-7f0cb3fdb9da,2021,1270680,A
87246871-e74b-444d-b2bd-7a93c0a2ddf8,2021,107360,A
cf463f33-bf5b-4481-a98e-6890c56eded8,2021,53342,A
bd219eb8-629c-41aa-9816-9e244d69005c,2021,101830,A
83e65033-52a6-4a83-80de-0ee1d3e50445,2021,1181327,A
d8a12a98-2642-4969-b69a-49bfc4fbf203,2021,20933,A
2dc56372-1b60-4775-b8e2-e0aa9e1f65ea,2021,1306689,A
6fe78104-31fe-475b-8dc0-049ead7a64af,2021,12025,A
4dc8e283-c36a-4991-ac53-193251dc3ef9,2021,12025,A
13a418e4-a7ee-404b-9220-a1e6d0136ecb,2021,1047907,A
db2ba3f1-901d-45d9-95be-778c07f2d8ef,2021,1270680,A
47ecad95-c885-474a-b0a2-6a1be753bf70,2021,13277,A
cb7164c0-d169-45ab-ba16-96167f5c564d,2021,13277,A
cc224df0-232e-4029-ba58-d14ae222cd34,2021,18250,A
6d8c94be-3d6b-4b8f-93d6-e87e9c15650f,2021,18250,A
7d836f0a-4d91-4397-baa5-1547c368b33e,2021,18250,A
a8745474-2e1d-409c-ba5c-94fe68da99b9,2021,18250,A
84383b10-eced-4f96-bf24-3cc59f6e893e,2021,18250,A
071b5c30-ad86-481b-9779-1c16fd0ad119,2021,88068,A
498240bb-3589-4656-bdeb-168538643daa,2021,18250,A
42f58269-de2d-4a5c-84da-513ead0ee6fa,2021,18250,A
bea46206-5d6f-4b51-84b7-44223b5b0196,2021,18250,A
f870ae33-30bb-49c6-8b85-19aef2966ccb,2021,74737,A
f1dd63f0-b36c-4698-b06a-459e8639333d,2021,87396,A
eeab3c66-26af-47db-869b-090fd0cd3a2e,2021,87396,A
9db75ffe-1453-40c1-9366-73290f77c3ce,2021,1118057,A
ec934a03-8eb0-4e17-8980-377beb9b3c10,2021,37862,A
3ffa833c-1f4c-4c5a-aab2-c8723564d327,2021,97778,A
ae9db816-9478-4337-89e8-df60959399cf,2021,98595,A
a6d0f885-6e98-492c-a6a5-129da0f096c9,2021,56172,A
b1b27f61-711b-4f3f-8e26-dd441681b938,2021,1314243,A
1fe99631-b7a3-447c-af49-29d5bdc24887,2021,1314243,A
14a91c4e-dc3e-4927-bba6-74d41b1d6f86,2021,106996,A
e8e7a92d-473e-4bd2-9a25-f41f12fe129b,2021,97443,A
7ff0dc89-f956-46c9-83b9-7c275cd34d09,2021,98595,A
8e1d858c-c047-4f57-826a-76fcb5de02fb,2021,98595,A
3ea3c868-b9e0-4895-b71c-17cb4f9ae14c,2021,98595,A
eaaadd4b-c2d7-43b9-891f-92357bc99521,2021,117532,A
7970b233-8ac1-4a2c-92b3-6fdd7bbf273a,2021,117532,A
b5d29109-9a7f-4a6a-8e77-5c09682eeb23,2021,117532,A
1c56cff2-f913-498e-b88d-497ed5495cb4,2021,13401,A
d29ea30c-5eea-45a0-a0af-ae3c74c81797,2021,117022,A
34d97da3-f3a6-416e-b028-7989ffb66f6c,2021,117022,A
0fb55573-7e98-43d0-9e97-f0d6fe61afe8,2021,99820,A
0c468bbc-2825-4d2d-88b6-6f37afa58730,2021,95175,A
b568f4ad-0c65-4dbf-b136-66cd91849457,2021,95175,A
561cb56e-531a-49ed-ae8c-70fb520899c6,2021,99820,A
c79b743a-2071-4e3d-9a96-fa1ef5940058,2021,99820,A
dcf8800d-4d03-4324-b6bc-d145fef7718f,2021,98595,A
952d7284-b61d-490c-a85d-f3d9a14d9f9f,2021,98595,A
2b8a7afe-f13b-494c-a545-7158ee3b9a2a,2021,98595,A
8abceb51-ae19-4ecb-9177-abcd0c410878,2021,98595,A
79770eea-3820-4003-a25e-f41b0cc1ecd3,2021,98595,A
b7fac65e-3543-4c4a-ba01-a3e90278fbdb,2021,98595,A
dd1890a4-0adb-44c4-8c90-784f43dbbe8a,2021,98595,A
6c688b66-1f2c-469e-9f64-050199b415a6,2021,98595,A
d872cb95-466c-466f-b004-e26cc168ffbe,2021,98595,A
a5135be1-a97f-4344-8d99-77da7da07b7b,2021,5000135,A
5bca63e9-f4f9-4e6f-af98-dc9e9086eb98,2021,1270680,A
79411c0f-0c75-448d-89f6-60323c2bd4c4,2021,20756,A
2643e2eb-900a-4333-8f82-570468c236ec,2021,20756,A
cdc78384-6cb6-4b7b-a580-c3e0ad54b61c,2021,20756,A
5f1f37f0-066c-4ecf-99dd-2eaf08a0683c,2021,12025,A
22c2436f-afe7-4437-b729-595beab32c6e,2021,12025,A
6dddcdbd-8a06-496d-a889-a1809c4e0081,2021,12025,A
ab687835-aba9-4167-be34-a69d11e83936,2021,12025,A
a3c4ac7a-82c1-4df5-9e26-04bb120f78cc,2021,98595,A
f18b35a4-6a76-439d-a117-680606611dce,2021,12025,A
6db6ef73-c1ef-44bd-b9fd-d0cfdd300b2c,2021,12025,A
8628f134-c582-40da-b739-5a124ac566f5,2021,20239,A
bba85301-3996-40d7-b7a1-fab541aa5841,2021,20239,A
89831c61-2573-473f-869b-e7f956b28ccb,2021,20239,A
9c6ce663-ca9d-4f85-9ccc-7c006478c4d8,2021,20239,A
7842810a-dc50-4a47-a3a7-e75523b46783,2021,20239,A
a86e170e-da0c-4101-b1cd-b85241a191e4,2021,1101244,A
e20d1584-401e-4479-ba39-5201c30523ae,2021,1101244,A
cb3d393f-f151-4cc7-8c39-41379dbbd0ca,2021,1101244,A
dfdeb162-25a7-4b40-8354-c82cf9499267,2021,1101244,A
2a781809-247b-4b36-a042-9f3533653a85,2021,1270596,A
bac2f57c-ad9c-4c14-8385-c335a4a92248,2021,1270596,A
4dc95818-31dc-4605-9657-a03a92d1f689,2021,1270596,A
2fb93cb6-9607-41ee-8e02-32cdc72d6e80,2021,1270596,A
e70e2a2b-0b68-4bd2-8572-192aa755f2e1,2021,12025,A
9bc64fdb-0631-465f-8320-6eb813458d60,2021,49071,A
52a68133-c2aa-4a28-a56e-b1086a931937,2021,64664,A
bb9500fc-6ee5-4e90-b325-936744cf13bb,2021,64664,A
1ada750b-c8cf-4e37-9767-51d37adf0d39,2021,1270680,A
086e82b3-7ac6-42d6-8157-305359233960,2021,64664,A
904921ad-993f-451b-8fdc-fa23c54d3ac5,2021,1376131,A
41f8f87e-c6c4-4bc7-b550-c6e662a7da80,2021,64664,A
d7190af4-e22c-4518-9dd9-4e73c4f6806e,2021,64664,A
82238dc6-4c14-43cb-a169-5ee42201a22e,2021,60886,A
19142ef5-6401-4039-8ead-3624044520fe,2021,60886,A
888963fc-37e3-48c7-8de0-049130de44e4,2021,60886,A
fd7d4fa9-068c-43cc-ad7d-9e1f04ae23e9,2021,60886,A
fa689fbd-d662-4fe6-accf-431984e2cf87,2021,60886,A
7490dff6-0eae-4032-b5da-2b3c24ec7f6d,2021,60886,A
7580491a-5dc3-49a1-8524-44a6c614b15b,2021,60886,A
e13c3f7d-df58-46ce-9c7a-6013cf73428c,2021,60886,A
619ce979-b1a5-4e2a-963d-c39ddcc2d396,2021,60886,A
fae186f7-b61c-4083-9325-e00a06ce75d4,2021,60886,A
09a9f2ab-04fe-4e55-8899-734354ef97a0,2021,60886,A
e61adea5-627c-4f5d-a50f-56f27c2b8551,2021,116770,A
41ce6c01-b246-48b9-8eaa-f33c6b079395,2021,116770,A
33a92034-6b80-4f37-95c0-d7b60519a6e7,2021,116770,A
5d7c091f-5d8d-4539-9120-dc01ea405da1,2021,1139692,A
f4e7cac5-007f-42c1-bacc-b32af402d810,2021,1139692,A
2bb71186-7ed3-482f-9b34-b826b8512cc3,2021,1139692,A
8392b084-cc7a-4fd4-9e8c-ea94b02602a5,2021,1139692,A
200ba053-1aa8-4901-a0f1-007ecbee9bfd,2021,10515,A
fc3cde4d-4633-49ef-b417-cc79f8e4e1ff,2021,106167,A
b6d9f428-b92d-4a9c-a626-866d7c93a747,2021,106167,A
82eead77-805f-48a1-8cb4-81a8a4382402,2021,10515,A
14366102-6923-4f7a-93b1-0f4a0117d565,2021,13980,A
b3d1ea73-9b29-47d3-86ed-987b22c0ebf6,2021,10515,A
76a7b526-a087-4c48-8d6e-c11642e96873,2021,1330347,A
f01deb5d-b57b-4fa9-a374-53f710639485,2021,1181115,A
e64b61ec-c3e9-46a5-83c9-3d6dd66f6f5d,2021,18671,A
4d600904-07df-4cec-9ca1-ad2d59b8cc5a,2021,12313,A
17d4bb98-a124-4ff3-ac2b-44a68cab3750,2021,12313,A
63ca4eba-d417-4525-95e1-5d5e861463ed,2021,1181115,A
591619f7-9a90-446f-b9c7-582cfaab3c19,2021,1181115,A
673827fe-6c0d-4483-b1b9-7f58d509a0f2,2021,1181115,A
8b16d7da-ac2a-4f07-8406-04367e767b8d,2021,113813,A
2542277f-24e4-443f-9f73-7be3c7fe5105,2021,54934,A
5202e950-1ddc-4fc2-8e54-7e0ce40c7780,2021,1318224,A
58ad19c1-f280-4eb7-be25-5d764e050caf,2021,43664,A
5e388623-890a-49ee-93be-86a056535b70,2021,5000135,A
51dd0376-fc1e-465c-bbf4-40cddacb123b,2021,5000135,A
cc7a53ae-06e3-412a-9800-ddc80742e856,2021,513,A
eceac22f-0959-4223-aeba-221e945eda5e,2021,2209,A
f94b21c4-49b6-405a-a9dd-a40beb238eba,2021,2209,A
1a4ad50b-194b-4870-8afb-aac8207ba833,2021,2209,A
d1729bd0-a974-4237-9362-48d2fc9824b1,2021,2209,A
9f508713-595c-4231-a5e4-dd94fa17a083,2021,67601,A
9b6d6d7a-9c7b-4753-8444-11f239cae4fb,2021,1385488,A
f36796a8-229e-4ba0-8980-b7220fa7c801,2021,1385488,A
c8c6d63b-0f0a-4460-a06d-c0c7862e1534,2021,22061,A
998cbf02-d869-43df-aab9-57167328094a,2021,1161716,A
8be7c0d4-e042-4d70-8009-ab6c2f41aac3,2021,1161716,A
712c8aad-7c72-46d3-86db-689488a1aa7c,2021,88084,A
e23f5759-04be-4527-aa80-038977a63e66,2021,9425,A
436070fc-52fc-43b3-8c11-277f8f0d51d5,2021,12313,A
47863127-d9a2-4c3f-81e8-a22b08812505,2021,968,A
13c2443d-8f0e-4c8b-9df2-8124b3201384,2021,1103723,A
a5d2708d-7037-4e5b-8b2e-c38f23905999,2021,90030,A
01b04935-5f06-4ad5-82cc-25fc2c67338d,2021,317,A
6c2a9f9b-7134-4297-8829-d382172a7b6d,2021,317,A
b98ed216-56ea-4b9c-b842-80c9cf70a020,2021,968,A
83b37b5b-ba1a-44f2-9e5d-58e8b8bc2ea5,2021,18683,A
dabd8d8d-f1bb-466e-8cf4-e77eb1c0fc1d,2021,40343,A
f88764f7-7d17-4019-869c-1c17178bc3e9,2021,40343,A
add5e46b-8344-49cf-a869-a24f8e912cd2,2021,1118057,A
52b3c96d-4fb9-4ba3-872c-fa609f05c98b,2021,5000951,A
3e57c7fa-f60e-4f32-8c35-88cd364e08d7,2021,40343,A
a42760dd-32a6-4370-93d4-620c6ddef3bd,2021,98595,A
78b5fa9a-6353-4ede-8ca7-0c03ceb23a30,2021,98595,A
31b5cfc4-1a1d-497c-8362-aaa12f022c31,2021,117532,A
79d97969-11a9-4dad-8a7f-b4005af4315e,2021,108660,A
ec48c51e-e085-4989-a578-351fe35be78d,2021,9425,A
ea2a3459-bb0f-4b70-a18b-5dd50fbdc2aa,2021,62484,A
c8d4c048-8d43-4ffa-a1e3-92d5fbe0bfde,2021,117532,A
427ead5d-970f-4385-b59e-062fedff520b,2021,19047,B
50fafb9b-e590-49ee-a5c0-8317af787e6d,2021,98957,B
2c8d6b99-02f2-4439-a8e3-f72e109eb26c,2021,1102628,B
f6744604-c2a9-456b-bdd0-5464ddf7975f,2021,19047,B
8fcfde84-b65b-4fab-a74c-6bff33eddff5,2021,18903,B
fc03e69d-f9bd-4aa6-9df6-473444ea52ed,2021,106996,B
91440947-2038-4675-b056-6d2db7473ee6,2021,1101244,B
4244ce59-5f84-4433-8ee0-d3d7c0d4a620,2021,108660,B
5bb93e13-11ae-48d8-acb3-0357a28a455e,2021,1148708,B
fc448056-b43a-43c6-b8eb-9069fc28296b,2021,98957,B
61a7084f-30aa-45d2-ac6a-b14c0d8d37cf,2021,88068,B
eba90fbf-4755-4cc8-a830-e6cca45aba02,2021,67601,B
790cc834-c839-4487-abca-b52c91e936ff,2021,50981,B
fcbabf79-9d72-4d82-a93b-757df97d3bc0,2021,101942,B
0bd5c1ea-9fd3-43eb-af70-fed4dd53fc79,2021,18584,B
ee6b4aef-d374-404d-a83c-ad370501955f,2021,2209,B
dfbd7b13-9b48-4ccc-af61-7e34c8808254,2021,108660,B
01feb6ed-b255-476b-81ed-23d2afa7785f,2021,17898,B
bbd97d9e-3d23-4f76-ae43-d5bd88756560,2021,19047,B
80b905c2-8b71-4eab-86cb-8293e668b7e1,2021,11730,B
38e03603-8606-4f25-9f50-da95a4773657,2021,74737,B
2dc201e7-76a3-419b-8e2f-3896774a4fe3,2021,113455,B
d2cf6700-720f-4730-b47e-59b7337fb9b9,2021,46377,B
1fc8ac56-306b-4ccc-b4dc-d86545ebc73c,2021,108660,B
24240b6b-5625-4cfc-9726-038230ea6960,2021,74737,B
cdae4114-35ce-4150-b8a4-7d5f1220dde4,2021,20933,B
fce55555-59b6-4ded-8b04-ef2618c11db9,2021,1101244,B
83736c70-803e-4792-ae11-f27ffaf442d7,2021,98305,B
18b00a3d-20ae-4cbc-b53c-0cf76a22dd8c,2021,18584,B
60d366ce-a581-4f77-af31-9ae61249ce30,2021,112086,B
17634455-9f45-460e-ad43-5de14ffe893a,2021,1330347,B
f2643e8f-e087-422d-a46a-87e590be3810,2021,101830,B
bd738a50-d9f3-4c0d-9406-83f1ed793eab,2021,1270596,B
349695dd-7227-41a9-b81c-f2bbf15c95be,2021,101942,B
a32f33ce-4c7a-40de-8242-66f4c18bbde3,2021,118994,B
e3d7d328-b315-4bc5-b085-6ab8d0ac876b,2021,1181115,B
c209fe40-198a-4f72-88f5-5f12db009108,2021,50082,B
938ff722-0327-4641-9311-c129d10b0e10,2021,74737,B
e71688aa-0a5b-4b68-8c2a-3bd4af43866c,2021,22047,B
bed9e34a-cd40-44b2-a05f-59a08c144df2,2021,108660,B
190eef56-a849-4887-9d40-a31dba88b3d0,2021,1376181,B
56bfa9e1-8d8e-4b7d-9989-fae2df295d23,2021,5000135,B
24d2903c-bc99-4657-8c8f-c9cb615ef3c8,2021,1132918,B
eb78a90c-7bf7-4007-a030-761a44bbda27,2021,11452,B
820a6fa4-1dee-45cc-8563-1df248a4717f,2021,1161716,B
50e1ecc6-c610-415b-adfd-a2cc66c2bb53,2021,18903,B
0dce64ab-5fff-4c08-a46c-4c0114bc7d59,2021,118420,B
066b0c23-022f-47d7-a252-aaea325e5260,2021,11452,B
666d80da-7b35-4671-8bdf-11f8acd0e8a9,2021,99406,B
689d553e-40ca-4ff7-b1d3-b58fd5e5c851,2021,18903,B
d32fd92b-fb8b-41d0-a3f6-223891dc8330,2021,19047,B
8bfa53c0-4939-47a8-9173-a6ab6582d4e6,2021,317,B
6c451270-2328-4d79-b058-f86671f74f7f,2021,11730,B
c2120d10-3b7f-485b-b376-0ece3133f467,2021,5000143,B
09476638-2c80-421b-af9f-772a57336361,2021,113455,B
dc6170b8-ea7f-4f69-a96e-6db9d908f215,2021,1110857,B
3c9a2d96-3baa-4157-8e3c-bf22519c43a4,2021,20009,B
5531b3fe-a480-4a21-a3d6-480bf1648c0c,2021,47505,B
917d15af-4f1b-4d7a-8c42-e7d668cd0687,2021,20009,B
2a17adcc-6f1f-4599-847b-9db0de8136d5,2021,82364,B
29bb2943-bb15-41b7-92a8-4278c2dcfb18,2021,82364,B
a18d0c99-a756-470a-8455-ab6c1e544144,2021,55777,B
fafabefc-0fc8-4947-ab3d-c958a17a1651,2021,1181115,C
ce5dd2e0-6b23-48bf-8017-9f232e6f2069,2021,88084,C
b54c097f-07b5-44cf-9eaa-6b0022503e0e,2021,1385942,C
0056ebbb-6e36-4c6e-8a61-2c3ae8554f33,2021,19047,C
603e6dca-a09a-41e4-a0fe-7d5c66a64290,2021,1322390,C
77960369-0256-4914-b467-72da976f8e0d,2021,2209,C
7ef48d58-9aff-47a0-badd-d86d2d071bd0,2021,106996,C
f330e916-da0e-47ff-8d94-d78140a29e31,2021,18903,C
e7ce6819-c960-453e-8772-a86bbd8df2b4,2021,106996,C
d8e43e02-fbd2-4409-aeae-500c79bd89d0,2021,1148708,C
e4e703cb-3035-4315-b0a2-21eb5c321860,2021,98305,C
d2276713-547c-427c-9e66-255d4c78a8c6,2021,95175,C
dbbc603f-b3e3-489a-a25b-ab08dbd5fed1,2021,20030,C
b69e3b81-d030-4375-9d20-6738c32ea48f,2021,113455,C
0b248fb3-1185-406d-8392-4be0184c3bd6,2021,106996,C
7a0aa209-45b0-49ea-91a7-0fc2aab15551,2021,48205,C
9baec071-3a31-4185-8e23-20e854bb70d1,2021,1187671,C
ce15c4f3-ca28-4fd5-9aa2-4de0221d2ec7,2021,106996,C
fc0fc933-255d-4ab1-80fd-ee6dc61c0a5a,2021,1322390,C
1b4a7e5d-bc95-4d4b-adb3-2fdbed8282d6,2021,19047,C
5085f82f-5036-4759-913f-4959d005d2a2,2021,55777,C
bfa906ef-928b-47b8-a13e-8e5958e29313,2021,5000135,C
b2f81e09-355b-4036-9b81-7cc412f54e8a,2021,13595,C
6896d763-504f-425a-aabf-2d33b3d05f5d,2021,95017,C
46a954fc-5666-4227-a985-ea4b33e2530c,2021,1181115,C
7e1119d1-cdf7-4c51-afcc-f0a54eabc53d,2021,1385942,C
cf35b55c-cd72-4154-8259-80fed58986b1,2021,18584,C
c62e70c3-8d98-4c82-a1e9-f26b0917bf63,2021,47051,C
5b1bd030-ead2-433f-ba44-d8813816dfbd,2021,107422,C
515501f0-32f5-41ea-b912-53dedabcbd76,2021,40343,C
9b9e5852-b275-49dd-afe6-5ba48699f45f,2021,95017,C
f1fc0828-ce76-433b-b145-9d00b4f25044,2021,107360,C
1ed3a1ff-7fb7-48b8-bf8e-d11b509b03e5,2021,11452,C
82689676-a089-4967-93ae-bd5f34d75a02,2021,11452,C
7a98fc6b-6c78-4d25-951d-4e8e1d9259b3,2021,106167,C
5ac1dd1a-9577-4473-af9b-4404f275b4e1,2021,55777,C
7b1524cf-a2fb-446a-8805-da515dbc57f8,2021,74737,C
e56fe5ee-cc4b-4ef2-a015-a9067af42c91,2021,90030,C
29bc1ab3-c3dc-4e5c-a408-a64e1076f76b,2021,513,C
3b94c902-5e45-4515-b948-6e5ac8524bf8,2021,55777,C
cdb7bd73-ac24-40d5-a07c-4648af9441ef,2021,19047,C
4bf1b4b2-256d-4a4b-9146-7e9511394a25,2021,55402,C
cbed403e-9b54-4872-9c38-5f11df6f0355,2021,55777,C
1bea388d-0618-4c92-9eca-cf83798c93af,2021,55777,C
cc7bd5bb-dd9d-4a92-815e-caa9d6ea46d0,2021,1376181,C
aef1e2de-93b5-4753-b3c8-c0c5226980f1,2021,1314243,C
60bd6b2e-2781-49dc-a997-16359fc777a0,2021,968,C
a8072bb6-55d6-4e61-8f70-8a5c996331f5,2021,55777,C
7cff3a57-c09c-491f-99f1-0a7f17162fa1,2021,1306689,C
8ba863cf-f19b-4302-8bd1-c2ef57517800,2021,106167,C
9c8a43ae-b9e8-46eb-8e06-de1be10bc698,2021,55777,C
24c465de-3e06-47b9-a6da-228efe10bcd1,2021,90030,C
e363d805-e94b-456e-8c68-74484447d7fa,2021,1322390,C
92f74ffe-e292-4fe4-821d-571e42855dd2,2021,64664,C
76670b05-c85f-4e09-8e12-c7f284b3402e,2021,1385488,C
224a4655-7023-4161-8085-0e0248b4bada,2021,106167,C
e04ed3e7-c565-40f2-986b-b60516677fae,2021,13401,C
c94655ab-cef6-4974-abcb-273ab8daeda1,2021,55777,C
c0edc65e-0c43-44dd-81bc-4d5379db22d1,2021,118994,C
b8523d07-486d-4cb6-81de-125c98e8e6c3,2021,1306689,C
d31028d8-0472-4de0-9209-d00a6a2500cb,2021,1385942,C
d5fc1a29-abd2-49bb-8962-35e027cc1e65,2021,18903,C
c0525038-0d3d-475f-959a-a93758663469,2021,317,C
1230c309-9f1f-436a-a1fa-9edaa6107354,2021,18671,C
f3785e63-60bb-4846-8acf-e13ce05e0b21,2021,19047,C
4a688b7a-92b9-456c-883e-60f22c33c4c2,2021,11452,C
10a5615a-0999-42a7-9f61-547cd25d5bc3,2021,1101244,C
680fb2a4-6dc3-46e8-92e6-37b394735f4f,2021,40343,C
5fb109ff-1d6a-4da4-bcc7-a4c15d8402f4,2021,13980,C
b27c573c-3af7-4489-845f-742a875cbe94,2021,1385942,C
c6f1b3d3-8cba-4786-bb2a-88bfd1b8a5d9,2021,968,C
86f89d1a-2382-4921-bbb7-93aef3e4a1fd,2021,106167,C
53219492-06b3-4294-ab07-d5fef8e4ac21,2021,91181,C
877a0191-5cc3-4227-96a1-036afa494422,2021,13980,C
3ad66a39-fb95-4d92-9c0b-e09bf9714971,2021,106167,C
fc1c99b9-6945-49de-a63a-0415e57ea385,2021,55777,C
1a9187c2-6b20-4774-90f1-3d4475dc19e1,2021,118468,C
de12aef3-0760-4d5c-adad-14a35153aed5,2021,86326,C
3e0d3f76-80fb-4279-bcf5-e0286657b626,2021,56172,C
426d54a8-b566-44db-b073-88d920b1c815,2021,55777,C
94c2990b-e580-4d5d-b421-e9c11a185341,2021,106996,C
9e677432-db3e-4b9d-8722-e4b4491fddb5,2021,55402,C
8744b818-7dd9-4108-86a4-6e2d753ad457,2021,106167,C
f2303da6-13bd-49e6-a7a6-71455a97bea0,2021,1385488,C
94451e03-f196-438a-87cc-4b6d193c5f33,2021,18903,C
4265b12d-f24f-4545-a741-b8bb6d2512ac,2021,113687,C
2baa8428-c875-4c1f-860f-7fd4506c6b24,2021,13277,C
35ce2ada-f105-46bc-ae6a-ab0101d9b449,2021,55777,C
946ab8bc-4ef9-4cac-878c-9b4fbaa07b27,2021,13216,C
4436b62a-ac0a-4a5c-b88f-85cd0975f032,2021,13277,C
e762eb87-2fbd-4cbe-8437-5f41eb2defce,2021,13980,C
1e546ca3-f3c8-424b-948a-1f4dfb7d0cfd,2021,91181,C
d8f3e184-0939-4c51-b64b-eaafe411f98c,2021,1376181,C
8cad8d36-a7b2-4984-a12c-01f3f602899f,2021,317,C
38f76433-b2d5-4a80-b287-2f123f929d29,2021,91181,C
696d1bb5-9651-4a46-a3b5-10f55149d33d,2021,18584,C
7a406817-7559-4f68-8246-86637a7851dc,2021,97778,C
8268d687-0b81-4616-958f-4af855d71dae,2021,13401,C
a726f058-9b19-4f19-b732-627fc4a415b4,2021,106996,C
bc82e718-ef31-453d-8469-c667c3d0088b,2021,19047,C
b211e6a8-03a1-4105-bc92-7e66dc037764,2021,13401,C
f5d3b39f-e828-41dc-a846-47a1ec2c83ff,2021,55777,C
2b58dad6-4f2f-4da8-9ac6-9963d6145079,2021,106167,C
583fd394-e6e0-4839-8073-e3e6a8cfeed9,2021,97778,C
83b6dd06-dbf0-46f5-adba-bc2a12874a9e,2021,83388,C
a8fd6e92-5dcf-43c2-89eb-7163bb37110c,2021,1148708,C
684c97d5-52e5-48b7-900e-c9074515497b,2021,317,C
30f2e74e-39a3-42a3-964a-10f1a42eff23,2021,5000135,C
8b98ad8e-fd66-4aeb-b376-c04ecfde12f1,2021,513,C
be1de53e-8dfa-407b-9e0d-516a118ebe02,2021,2209,C
8395cdd9-d81b-4417-86eb-c98e5a66790a,2021,1288002,C
7a4eba4f-231d-42ac-ad3e-8c106adc6089,2021,18584,C
ef9513ba-3af7-4ee7-9a45-ba250e5500cc,2021,513,C
70a7b07a-5e91-497c-a364-b15a5c839afa,2021,20239,C
c25dbed5-cb2e-4707-84b0-a1364084ec22,2021,1139692,C
6d3ad056-db27-4b95-a766-2100ce744e96,2021,48205,C
01ec7460-3a78-48ae-a21a-8dde29a38f14,2021,1385942,C
a4598b62-9125-44ca-b6ba-0738a642ffe5,2021,107360,C
ed5c0232-9e80-47e6-9966-bd730d18b4b9,2021,55402,C
a528fa7c-48a0-40fc-8735-6fa2b6b9fc50,2021,13446,C
49db33d7-3eb2-45de-9afa-8d7a664bdafb,2021,9440,C
86a82e8b-3391-428d-8843-3206325f526e,2021,1270596,C
d306c9ae-fae3-4653-bd0e-9609f3a02f6c,2021,106167,C
a8f065f4-2de4-4789-a752-cb3c77eb2caa,2021,117022,C
a241755d-fb48-4d45-a058-4464a234dbdf,2021,118420,C
ffd9e559-d3c8-4dfd-8a02-cc0a278d730a,2021,1136142,C
8e883942-d223-47c2-bdb9-2eb2528fc77f,2021,55777,C
20eca65a-ec53-47ac-a946-7e1d324d68dc,2021,11452,C
2b27b4ea-5758-466d-b1e6-b028d018ec3b,2021,13277,C
58267c83-8c3e-4d36-bae7-33c719b3dfcb,2021,20030,C
d0c92eab-1bde-4a6b-a23b-07415c0fa3b0,2021,2209,C
13eadeba-306b-4fb5-a139-16b252d8fb85,2021,51020,C
65bf4936-6e9e-460c-91f4-cd7048368c5c,2021,1385942,C
afe3924c-752d-496c-a29c-e8c4d8960410,2021,1314243,C
b24c59da-d4ae-40d1-a640-c903da095eae,2021,1203177,C
de8fea56-a216-4fe2-b1b8-9bfd9207822b,2021,55777,C
c014a02d-53c7-4347-a26a-fbf94774321e,2021,87396,C
bd1f4c47-0aec-4100-8389-6eb53af4086b,2021,64664,C
78b478c5-e498-4420-8059-8a5d5fb19566,2021,74737,C
132d6417-8fe3-44b0-be90-74892514c306,2021,94762,C
5a8a67a5-0891-4cd1-a90e-8e7ac9fed4fe,2021,1330347,C
f6056b36-ba4a-4bf9-b286-eba166da1ec0,2021,19047,C
8905608b-7af9-4266-9519-f0fa4d0beb5f,2021,90030,C
ead916e4-35ed-455c-b651-583b176c6c2a,2021,11730,C
e0ce27cd-cc53-4908-b6d2-54d744d598fa,2021,116770,C
8ab3e570-853e-442e-bb65-68e5bf247910,2021,968,C
7cb520fa-f850-470c-a0c0-9a8c5c586343,2021,5000143,C
31f43e02-1018-49a4-95a0-36dea7877eb3,2021,64664,C
ec0ed8e9-d3e6-4cb1-ac35-9ef9ab2c3ec0,2021,106996,C
0166d787-5d5c-4dc4-b513-9b638400970d,2021,1102628,C
efc07309-4766-436d-8ee2-de635397fd81,2021,90030,C
22610842-e9f0-4d21-a778-7892215fdc13,2021,1288002,C
9d106b54-9b51-43b4-b6ca-b000dac94491,2021,64664,C
0fb9f2f5-eb99-4dea-8ebc-23161626aa06,2021,101830,C
f8089392-63fd-499a-b117-4d6fff16756e,2021,55777,C
d3be1956-e69c-4757-bdb8-7c60c0647b3a,2021,317,C
7811abea-706b-4324-a949-fa6062544769,2021,62484,C
a87c6803-7c64-461d-81cd-2f5ccd27b51c,2021,1314243,C
1d12ebde-b27a-4c74-8bac-5760a8467d48,2021,1136142,C
266524a0-b9e7-44de-98f8-650465a74653,2021,2209,C
919e52c0-2164-4157-857e-8221b0650933,2021,5000135,C
84714637-882c-4d39-b79a-29ae755528c7,2021,1139692,C
f23ca3b0-28d0-4eb8-964f-89d2f1be44a4,2021,1102628,C
8d8edb76-bf62-4fd5-a251-fb85688ea97b,2021,97778,C
d20af844-2592-43fa-b335-da031675647f,2021,13401,C
6a128aed-818d-46cc-b4ba-9a8530d094ab,2021,20030,C
148dd99d-0e74-490e-b149-2aea103e67b7,2021,1300429,C
c7943d84-b25a-408b-8aad-68f6019e7dd9,2021,1139692,C
473d8688-6147-4da3-885c-bce7b6b5b2fb,2021,9440,C
338280fd-a32d-4af0-a8a7-919bf040868b,2021,95017,C
1611ff09-d785-4bd6-bf6a-67f3146ccf92,2021,104360,C
eb61cd73-36ed-4092-9127-3d06f943ad64,2021,1385942,C
ec458abb-6d14-4d80-ac14-0d6ccd2ec9a5,2021,11452,C
6d69fc8f-a70f-46d8-a591-b10e527d45cd,2021,1102628,C
8c76807f-5a15-4bdc-a70b-1c2be567af1e,2021,20030,C
5364f569-87b9-4b69-ab5b-e226878bdb89,2021,62484,C
e4ccf044-69ce-4f14-b433-4fb832429a4a,2021,317,C
393f5a0b-ffe1-453b-bd17-164acb878b4f,2021,11452,C
e2e0d1a7-62bb-485e-9b34-f63a57142dbc,2021,1102628,C
f119bff0-bb2a-4f99-9a64-9f635efccd9c,2021,317,C
ad444555-96ad-4244-8b58-50ddc2954cd9,2021,19047,C
77f6ad03-a329-4965-9806-a6c85a01bfcb,2021,11452,C
f2cac6b6-4727-4f80-a527-e8719bff8d71,2021,113687,C
ff54ee88-9462-471d-9c88-3d157940776b,2021,40343,C
7e4031de-4e38-43fe-9297-a635138dd004,2021,11452,C
457e8fc7-045a-46c5-9f9c-d3d9b08e49a4,2021,19047,C
c559d520-90bc-4b08-be40-41998e534639,2021,55777,C
246b563d-960c-4c93-80bd-b31627a7eb3a,2021,1270596,C
58edc8d7-25f5-4bb8-a36a-25814c97f6be,2021,106167,C
2c49b8e0-028d-4a40-a9e4-76338af44bce,2021,20239,C
917a2af3-3c89-445e-b540-596e6711e432,2021,9425,C
7a53038e-7787-42e8-9363-2197087bbff6,2021,2209,C
c5f0dabb-7d52-42fa-b6c7-2879933efbcd,2021,19042,C
95789dce-9f03-4fe9-ba6b-92def7d8e702,2021,1132918,C
0ef9baca-e3c4-43ff-a399-1ab7d19b1837,2021,1101244,C
45a47811-648a-4539-ad4c-9ba1b2c7fc19,2021,13980,C
24be2bc9-b92d-4fa4-92be-a0db792afb8b,2021,1330347,C
40794a05-06c7-401b-8703-9dc7a211446f,2021,118420,C
74cdbd87-9bea-4cbe-aa1f-224d8771e77e,2021,11452,C
c8605b54-001e-40f2-a65d-88318e4dba73,2021,97443,C
3f702f29-1af4-416c-b1ef-af400739baaf,2021,55777,C
19cec639-e117-4b9e-8624-4ab94374e5f3,2021,1102628,C
75cb6d4a-65c6-427f-b928-2b0c491e70a4,2021,11554,C
60e37169-ea86-4597-ac74-ba6102ade9f3,2021,118420,C
82661120-1ae8-49b3-a552-d3b37999fc46,2021,11452,C
24594605-4b4c-44ed-ba40-8b12adf353e1,2021,513,C
61459ea0-208b-4fca-9e44-3c519f00e04d,2021,1102628,C
803af582-3609-4c75-bc21-ef7905faeb9c,2021,13401,C
0c83138e-1ee8-4088-ab32-612efb6b0468,2021,64664,C
99b9c8ab-b5e3-46fd-9841-e03b15767f0f,2021,2209,C
ddbeab62-99a0-4fd3-b8e3-bfe22547cd7f,2021,62484,C
79336ca3-1579-46ac-848a-487e2ad50353,2021,55777,C
c51f8862-f585-4204-8b48-dc4c046035f9,2021,13595,C
a4b74ba5-61d3-46b1-8965-fbe3cd08cbb0,2021,97443,C
f5dbd2b9-4081-4ca1-b334-2142ffdeb65f,2021,64664,C
35c20394-d5cf-40a5-a4ac-510099b9f5fa,2021,1136142,C
c6778b49-f09f-4f3a-9d95-9ea6a3b5614a,2021,83388,C
03a8f1ba-0049-4cf5-8124-044c7971bc37,2021,62484,C
2aa4f872-3430-42bf-9736-60aeb99474ad,2021,13980,C
441da095-0877-4a15-92dc-038caa4add40,2021,1330347,C
0da8418e-202e-4c6c-98ab-212bb9ae2038,2021,11452,C
7644c7d7-7d30-4f72-999a-8921f51b9bab,2021,13595,C
2e791239-45da-47b6-948a-479c88c655c6,2021,13277,C
09875cc7-ea15-4c90-8de7-3fda98cc53a1,2021,19047,C
100212e6-df26-450c-89fc-19256396c986,2021,1136142,C
0e67fea2-06ad-4664-a562-57f7ae00dbe3,2021,19047,C
e6cc9f81-afcc-452b-b464-1498859ae9d7,2021,12313,C
c76f1c5e-ad43-4aba-ad8a-1f25614a59ea,2021,99820,C
c4faf3a2-6c54-4be7-8ab6-1d7680e74a0f,2021,968,C
fd22ebba-fb46-4d36-b952-e52e66a37bcc,2021,20239,C
ea632b67-3f54-4bc5-a84a-90e801b0cf8b,2021,1102628,C
39347d53-4d7b-4426-af86-9a3a77e7d619,2021,19047,C
ad9ffa17-90d4-4669-b760-b762d2154523,2021,1139692,C
03cf3940-da69-4f27-b25e-191b6714f315,2021,13216,C
951263f2-de0b-44ac-99ee-602a1eeeb92c,2021,62484,C
25d92070-1ded-42dc-8ae1-577a224ece5b,2021,1288002,C
5cb4b00d-320b-4937-a6cc-64accbd2678a,2021,13595,C
4ea7a1fd-a4ff-4b5e-ab84-84efd5e67b66,2021,90030,C
72eca7c2-9794-4da8-8b94-c63c7248adc7,2021,2209,C
f8123ce2-4477-4726-b873-ccc4fb40c59e,2021,106167,C
bb1ab4e7-b8bc-42a3-ae51-dc909dc40271,2021,317,C
4b3bae7f-50ca-421c-8892-cc2bb78d4f25,2021,55777,C
654decf0-f194-4303-9022-84db6df485af,2021,13277,C
cc33fadd-471d-4ea2-ac45-a20f0872ce70,2021,62484,C
7192e7b1-4ebe-46d8-8d77-ec59a4e9202a,2021,41238,C
b7f44ee8-f8aa-44f8-9ec2-ae645afe51cd,2021,13595,C
89a3476d-dae5-4b71-a217-273e89b3483f,2021,13980,C
977315d7-6bc7-47f6-a11f-b9ee5a1aa5b8,2021,62484,C
fd221d62-0bd0-4369-a23b-268f17524bcf,2021,20030,C
aaafe3e0-367e-44b8-a26d-0a7e2856263a,2021,2209,C
0396ffbd-4f2b-46d4-bc1c-e5635a1d0279,2021,12313,C
5326780a-606e-430d-8690-4c3dc9b8ac15,2021,13277,C
4d074fdd-1086-4138-9c56-cc69bbb4fe89,2021,13595,C
2781f710-e830-4340-8ff0-38c0e87a1224,2021,20933,C
7ae85524-c13f-4ab1-948c-6ed3ff07d02f,2021,513,C
63b02143-b8dc-48eb-9e85-09059cc0427b,2021,513,C
332d83c0-3ea6-4755-8068-4d5dfec48db6,2021,86318,C
ad9700eb-99c8-42ae-9b29-a9673f224837,2021,86318,C
52f888eb-c7f5-413c-bbde-94a3c6dc16f7,2021,1190071,C
a458051f-9ce2-44f7-a746-416adc546a17,2021,13595,C
07beb749-8eab-493e-8c80-5d793292eaae,2021,11730,C
8c692a95-24d8-4f2b-838c-df1e165093ed,2021,1148708,C
54331f53-bb87-4158-876c-a1d4a70f6826,2021,19047,C
a9611f61-f3c8-4a34-92aa-a4c247286ba2,2021,1136142,C
76a41aec-07f2-49a9-966a-db7c9551beca,2021,1102628,C
f41cb31b-6bfe-4f64-9ef2-8c3eeef29320,2021,1110857,C
22130501-030c-4a51-8c9f-656cb602a2d2,2021,1110857,C
f2df6386-ec5b-42dd-8902-9d6814d2d3c7,2021,53342,C
aa2e1b0d-1925-4261-8d89-44ffab8344d0,2021,20009,C
3da2b4a7-5ba3-4a1c-add5-768a8301bb75,2021,20009,C
b24549d7-bcf8-47ce-9335-ccb3423378eb,2021,20009,C
26206240-36dd-404c-b75d-1bb002498f99,2021,20009,C
c311db33-d1a8-4e78-879a-4e6070103138,2021,1132918,C
66bd6f95-150a-40ac-83db-d9b7431b9d3b,2021,1270680,C
04cab74d-7b2f-4a6d-9fe6-66b2f68c3638,2021,18250,C
be1478c4-a393-49ca-94b2-6a263ffd349c,2021,1204325,C
3a994b3a-0b08-413b-a090-b5cfa530e30a,2021,18250,C
dfcd5e82-44ad-4b92-9c3a-f1b6fd941b87,2021,18250,C
52b36e3d-eb22-4c27-917b-4263483b1ada,2021,18250,C
a427241f-ae5b-4355-aa97-dcfb7244462d,2021,113687,C
2e3dcb6c-a03d-4e1e-aabb-2ca4a918ca39,2021,20030,C
79914a61-5c3d-41f6-968e-34a6b723d126,2021,56172,C
8b0983e5-a60d-4753-b9f3-db39af391d10,2021,117532,C
65a09cd1-5e3b-4af6-b2df-0f2ce686cb9e,2021,55777,C
2cc16aba-94b1-4fc8-8feb-e137af0c476b,2021,20009,C
e4a21f41-a11f-46f5-8027-65813568c1e5,2021,20009,C
2205e86d-b1cb-4d5a-a9af-63df9b1a3acf,2021,20009,C
728fe432-6ccb-453f-b871-a50c9f19e415,2021,20009,C
70e035e1-d06d-4500-80d8-9fa57a98cc3a,2021,20009,C
49e3491d-e81f-421c-8e38-62189671a02e,2021,49071,C
84a42b18-8902-4c9d-a6af-fc1836350020,2021,60886,C
0eecf5a4-acbf-48d0-9477-aa2a8dae5aff,2021,60886,C
0e29fd3d-bd25-4d10-8f3e-23b40e92e1d0,2021,116770,C
786c96e6-bc40-4295-a7da-b15eec2f2675,2021,1330347,C
f8f9e823-2007-4c5e-8ec2-d381a451c5b5,2021,20009,C
10f06174-88a0-44f8-8a9f-09e5c59bf968,2021,2209,C
3c742a8b-3ded-42b5-a0d7-1edc4cd5d6e4,2021,62484,C
aa4a9784-1a35-48de-80ee-39dfde59ac21,2021,101942,D
262cf9f8-d252-4c65-b223-7f5e40725bd4,2021,1101244,D
3a067f86-d1b3-4e41-8fab-af1571d0f9b4,2021,1265453,D
e3f47444-c058-4d95-8b0b-c87bf7c86ca5,2021,48205,D
f444fa84-191a-49ff-949f-56be4e264ecc,2021,95175,D
8f0a6afe-3e2a-4024-b40b-e24ab9a0b179,2021,47505,D
09f1e03d-e8d1-470a-852c-e4c00b3dd9fb,2021,18267,D
f6d1ce4e-7ed6-4388-8610-241622207439,2021,113813,D
cd1c2e58-4259-4597-b9ba-8a9e246e6e7e,2021,106996,D
d94e91dc-da62-42f2-96fe-d8c2a9201489,2021,108660,D
21f993bc-55a5-47bc-b495-9b9643c22af0,2021,108660,D
e56e1448-aa64-4e13-9de7-4f980f2e0349,2021,43664,D
85dad44b-61bc-4147-82d2-8163113612cd,2021,86326,D
be22c94a-0c5a-4e78-8abc-5fe8a92fa8fc,2021,1322390,D
2f334b9b-7960-40a4-adcd-39a3dabb8704,2021,95175,D
f3652135-cfdf-4eff-9b53-ade29d3cd9fa,2021,18267,D
f5a24953-d935-4960-afa1-48f98a471173,2021,95175,D
9d877884-679e-4a11-939a-7430f095fb89,2021,1306689,D
f0566474-9ebd-40c7-904b-bf0e44c0fcea,2021,1385942,D
d064146e-fd98-4ae5-b7b8-0d45cf3ab39a,2021,46377,D
aeffa2bb-41f2-4a67-a25b-f5eec1830405,2021,18903,D
6cd2171a-551c-44e1-9782-615181d0764e,2021,1299927,D
8673382f-4394-4034-bfa4-16d549e51f75,2021,1258063,D
7806905d-ef74-48dd-bf1a-0154181479a9,2021,91181,D
5ab32c8e-8fd1-4c3b-87ee-d485255b463d,2021,108660,D
f8c6a135-0b71-4ddb-8874-01436dadbcb0,2021,104360,D
7fb8f9ba-b8c3-4a96-afe0-23ecf2c3be3d,2021,108660,D
aed2cdef-8b40-406f-9879-a59cf9263a88,2021,95175,D
35bc5bab-b47b-4282-be42-651471e81497,2021,101942,D
4bb9d9a7-889d-423b-a334-5c5acaf7ec4a,2021,48205,D
c3ec1a0f-1287-4ae3-829b-bffaabe83473,2021,107920,D
dd033747-e020-44d0-900b-37bd59bdb746,2021,101942,D
28c21232-f08b-4eaf-8702-a514356d7aae,2021,108660,D
fb5c2cc4-2f51-45c4-8241-53ca8b2d4a7c,2021,95175,D
b9456b92-353a-4ff3-a4c2-86d2f3a303de,2021,108660,D
6a6da660-cb1d-42b6-857b-26e80e9db93a,2021,97443,D
e201e677-78eb-472e-bef2-84433bcd0926,2021,108660,D
aadbb67c-50fe-47a0-97d4-a32d06f2fc53,2021,1117717,D
e88323a8-b701-4a9e-82da-923f4fe04d90,2021,90030,D
d478aa92-fafb-4b61-8f9a-960ee63fd17a,2021,1101244,D
c959d0be-9c7f-4467-a3e1-4b23f4da3396,2021,18903,D
5ae2cebe-d936-4fd1-9d14-18fd54d866fc,2021,88084,D
968db2a0-a3be-4a7f-aa20-3c67fed32826,2021,88084,D
4cf7cfe1-3c0d-4e13-9e29-303003e1b1c4,2021,41238,D
96c23e54-b9a1-44d6-816f-e735989a85bd,2021,95175,D
886a8a61-964a-46fa-835a-e7cb4544c469,2021,113455,D
4df4dd53-011a-4767-9d1f-84f33ec8aa2c,2021,50981,D
119ab37c-29d8-447a-afd9-94c29a59c0de,2021,108660,D
f75eca5f-5ab0-4645-abf3-41564237323b,2021,106996,D
0b175b68-4ded-435d-8253-d776f27bc8d5,2021,95175,D
c8e543b6-b729-46fc-8258-45b8739293ef,2021,47051,D
b0d2ecfc-3484-40cc-9a79-399b9a5cba24,2021,47069,D
bb346bb3-bd6c-48f3-9d06-6a36b0d6dfde,2021,106996,D
bca359f7-b3c0-4eeb-b316-be44a81aa48d,2021,95175,D
20253ddb-504b-4e90-bf53-05a0ff755b7e,2021,1190071,D
630dfc7d-35c7-4e1b-87d8-840c7a6f1365,2021,95175,D
b85d5305-5f1f-4e45-9b53-94b1b1236819,2021,101830,D
d150b4bf-b375-45cf-aba0-b4071a7df56a,2021,67601,D
2e9b55cf-2e20-4db4-99e8-b1f4361a74b9,2021,113813,D
866d4319-9794-4744-aa26-67877470b717,2021,1318224,D
5b7b3772-b2f6-4aaf-8b89-20a7cb3878ad,2021,108660,D
1f0b100b-283f-41f0-a497-3ae6897f30e3,2021,86326,D
fd5b79e8-e22c-4594-b7ac-c487c34f8acb,2021,19047,D
c7d4c7b7-0e5b-4340-b18d-a0fa50bf53bd,2021,108660,D
abdeaf3e-a970-4e37-a65d-ba52f6644b28,2021,108660,D
f61d00b3-8332-40a6-8cb9-750cde306fde,2021,10515,D
d762d5f8-3ab1-439e-bec9-42ac017c4520,2021,95175,D
c7144867-7c8c-4888-9da4-aa395506b6ed,2021,1161716,D
7cf66f93-66a6-4a38-bbe4-754a02d703fb,2021,95175,D
7550afec-5b54-45ed-bafb-cc95c9561476,2021,1322390,D
c8f85c74-0bed-4961-96d2-52194aad30b6,2021,1318224,D
19f17255-f605-47c8-b60d-2b0a8e9e4b4a,2021,1376181,D
11723660-4980-4d16-8555-e09055c3f039,2021,1306689,D
09d559f9-ecd7-4081-ace9-62cdf2468a63,2021,1136142,D
69d98f6d-73be-4b82-8e7d-80a5e82c5bd5,2021,107920,D
5bab9879-1961-4c8b-b287-a9ddf4535470,2021,55402,D
f2774779-5350-4f92-935b-7fd7a3a51496,2021,95017,D
60312e16-d5d5-43a5-a433-5f8ffc0adfe9,2021,1270596,D
6f81df5e-0603-46eb-82e5-33c5b4f02312,2021,97778,D
bced0894-34d4-4eb9-bf5c-0b1591230e56,2021,20030,D
625e9548-7c9e-43b6-a424-f25d9a858396,2021,94762,D
a26b8b3d-944b-4a97-9694-37dce65b7d16,2021,968,D
7a110fe2-741e-458f-8a22-16ed77f93422,2021,19047,D
9bc7a3ab-0b16-432a-988a-e216f1a7ec5d,2021,1318224,D
41049a76-c9f2-4e3a-a6f8-fefea5d8ffcb,2021,2209,D
482f4b42-4a5c-4288-a4f3-a122f35cec5c,2021,1102628,D
691cec02-c322-4c65-9b0e-6be4bf681a52,2021,95175,D
5c44f722-5f62-4625-90a2-87e799ef5397,2021,1265453,D
a02bc1be-3aca-47ef-ac2e-eb5904ff78a9,2021,55402,D
11ed6355-3aad-4983-b1d5-2f7e3a89d4f0,2021,108660,D
265d0d6a-31a7-40e1-8e15-84951ba0481f,2021,97778,D
7d99fa99-e890-4dbe-af29-e7cbfbb47098,2021,43664,D
bd3e484b-a5c5-4816-9f70-9ce8f40d4d6f,2021,1322665,D
cb0debc1-9dc5-4f3d-a35a-d6bf540c1f31,2021,46377,D
a54c5ec4-22e2-4c75-847f-553950da808b,2021,57606,D
ae836d8f-82bf-49cb-9070-b18c00e30915,2021,1102628,D
68425bf5-3a5d-42a7-b9fc-949dd3538655,2021,95175,D
657e7138-6f3e-4018-91c2-e0054b892843,2021,95175,D
9a06ef9b-812f-4e3c-a1f9-360b14e53635,2021,1118057,D
a0b9a9c3-5ae5-4ed2-99e7-37f9992e017a,2021,106996,D
19c00f27-3308-4cd5-8517-5d7decbbfc6a,2021,1148708,D
164e2646-272f-4837-99d0-a9dcf397dd4f,2021,1270596,D
4ccdc569-a2ac-48eb-a866-86ccac15687e,2021,9425,D
3e11692b-3a86-4d5b-835c-4f4df5598d8f,2021,17898,D
69ceaab4-6cfb-4fe8-b51f-dc3036c8c2eb,2021,1306689,D
51b1eded-0c6b-4eed-aac1-c75b31a1c697,2021,1181115,D
eb9bcb60-fda0-4a22-acc3-032dcd103e64,2021,50981,D
f71015d6-debc-48dc-affe-abee7ec18424,2021,108660,D
9d309bf3-beb1-412f-b8f5-fe0f2d9fe3d0,2021,19047,D
cb6e0f5f-9774-46e2-801b-189b06643488,2021,113455,D
79b0379e-ef2a-4cc8-b01e-dc6bd56545bb,2021,95175,D
ad396c01-129c-496b-afea-1f6817155a11,2021,18683,D
4c4d7137-9862-48a2-9a27-271947c73776,2021,1351760,D
5c20362f-797d-4d1f-b70f-203edf6170f4,2021,1299927,D
49eaeb8b-ef65-43dd-b255-b56d77aa5a5f,2021,86326,D
ee17c059-eb69-405b-88f5-bcf06f7cad3e,2021,67601,D
5768d10e-fcde-472e-b6c8-ea2f5fd923f9,2021,1306689,D
581fcb78-ac1a-432a-923c-fa8569e5807f,2021,112086,D
7f11f99e-aa78-483f-8982-b890e35dcf70,2021,21464,D
2b30b360-3b76-41d1-b2be-42d96540eeee,2021,1181327,D
dd957ea2-7332-46e4-b10f-00297af9cc38,2021,1136142,D
bac34241-d06d-468e-8f7e-258d1bbd92d9,2021,1047907,D
1f1d11ad-0623-448b-924f-4fe88fa876a9,2021,19047,D
fdf5e382-0798-4c1e-9d76-1be1daad7e76,2021,94762,D
8670f55f-3a56-4be7-a1e4-90c52d6975fa,2021,18903,D
4d084971-efa1-48c4-b0a7-41ffcd62a973,2021,107422,D
5b36b3bd-9bf5-4962-bc99-ecdf91b8875c,2021,91181,D
6a8e5806-655b-4d47-ade7-72e6c89741e0,2021,95017,D
3fa51397-65e2-4f88-a40c-c4025993c4b4,2021,95175,D
cc7e5ef7-e3f5-491c-aa31-55b61c2ebb5b,2021,54934,D
e8c57d71-df48-44d1-b348-6a42b94b8618,2021,20030,D
173b28fd-54f9-465f-8690-f670de0696bf,2021,1267543,D
7042a3fe-1a19-4f64-b640-0241cda52928,2021,113687,D
faedd53a-e8d9-4c68-8d18-e9581f919d03,2021,114616,D
3a1148a9-571b-47df-98e4-a30b8f2b71ac,2021,55402,D
d0aeee12-5c74-472c-9650-af339149047d,2021,47051,D
d2bf1a37-3893-4951-a0db-a74ac95fff09,2021,95175,D
a7552377-eb97-4730-935d-5157da0fe535,2021,55402,D
2f45d1a5-f268-4f4d-9e66-394543b350ef,2021,47505,D
b2df4bad-a708-4e9d-addc-0d9ee47b9496,2021,108660,D
d5c8ce9d-67c7-4e0f-a7c3-45158d7cd256,2021,108660,D
bc97ced2-f853-4b07-947d-caca7a8b959c,2021,18584,D
44d62aca-73a8-47c8-b2b0-22c5026e26a9,2021,1300429,D
a3f86859-5cc1-4565-b916-10e4d684ed41,2021,95175,D
e276c6a8-58e5-4b12-a3c5-17545dac4898,2021,1267543,D
cac7378b-b55d-4b03-9705-114d13ca45ae,2021,101942,D
d13f764e-0f49-45c6-943e-19b361f3fbc1,2021,95175,D
d47b043f-a4ce-4c41-a541-cd0c85d924b1,2021,95175,D
5b270a45-d83f-46af-a6f4-23b0f1d52dd5,2021,47051,D
dac32dd0-2246-4dfb-9d6e-4d86ac315e4c,2021,49054,D
0d9a44f8-1f0e-4d94-807d-27b9b725eb11,2021,102590,D
697d45fd-3152-4c25-adbc-971709eebb9f,2021,13595,D
31bf1d44-124d-45c2-a357-e0f30c6c81eb,2021,47051,D
f28d3271-dde0-4a52-957a-bee0d919170f,2021,95175,D
2d801d30-d0c9-4d44-906d-f945f02f0bc9,2021,1318224,D
4649c3e6-c43c-4268-935b-ca2b4322afd9,2021,99820,D
3828d933-5687-406c-87fb-892a47e5fe52,2021,19047,D
07f25cec-1c9c-47bc-b74b-6e37d5e2a091,2021,1267543,D
6f5a56f1-24f6-461f-833e-12a492454842,2021,13980,D
d7d4c76b-d338-41cf-bd6f-4d2d26b7dd69,2021,102590,D
ea290edc-4243-4c50-83ab-4d6a18148b09,2021,19047,D
adb827de-2999-444e-9e25-faff464c1d06,2021,1148708,D
28e9a8a4-81de-4fed-8fea-53f45861c13d,2021,113687,D
f095b3e2-846f-4c78-88b8-3f734475aae0,2021,19047,D
eddcb656-73fe-4676-a7ac-1938bc54b526,2021,1101244,D
910eab50-e89e-405d-81e7-ad5027190869,2021,94762,D
cb511d6b-7ce3-4056-97b1-cc1857b1c1b2,2021,46377,D
cac3d17d-5f6c-4e2d-adf9-6f399ad6c9a8,2021,95175,D
9ef1d8e1-96a7-40f7-baee-1eaf8b298e9a,2021,95175,D
b3e12d2b-6ace-45b1-8ed4-660694998211,2021,95175,D
f547b629-48ab-4346-acec-9d395e54b8bd,2021,95175,D
cc8ab9f2-4b62-430e-850b-d67eab053fe6,2021,19047,D
5bab18ef-8a63-4c55-b445-f868bcc8a1a8,2021,1306689,D
3d5250e0-c455-47f0-89b9-eab8f1ea2bad,2021,108660,D
488d27ff-bb83-4a09-9647-737f6fd98b52,2021,55402,D
c9dd66f2-40e0-4a77-a36c-f0a26e0212a1,2021,62484,D
c2b76740-3807-4a0e-b9ff-21920db1d981,2021,13401,D
331bbbe9-0284-4e0e-8f98-03708c6a1b6a,2021,1376181,D
0fc38249-3659-467f-bc8c-59aeb6bf0110,2021,95175,D
8732e948-4898-4c7d-a22c-c7934ed00752,2021,1322665,D
627cb6a7-cae4-40fd-a04a-e31fc4bdd9dc,2021,317,D
4aafd51f-f379-4d4c-8ba3-cddc9c236b85,2021,1101244,D
51f20a4a-12f2-4687-bd5e-e38d1bcbde63,2021,98305,D
f39da718-9102-4b04-865c-08d6ae48fd6e,2021,94762,D
a3233fdc-27cd-4231-8599-8002c27382ae,2021,95175,D
50f4bcdb-6d68-4a68-a5a2-2e24216ed0b0,2021,17898,D
b725b5d0-005f-4e4c-91c5-5e4bdc0415a4,2021,108660,D
e3974f87-869b-4f6f-9506-4bfed6edc72f,2021,47051,D
7fb256fc-fc15-4b9a-b39d-e0794bef42fb,2021,62484,D
f8d55844-f58f-4781-a5d0-9e5f99d194bd,2021,55402,D
e3b99e35-eee1-4d82-993a-8003036a7865,2021,116770,D
1f6fd20f-2d19-4b56-9b73-e84d5c943e7d,2021,116770,D
ed9d5227-d8d4-4e55-bde2-736c089193c3,2021,19047,D
007a19cf-e581-49d9-8dae-6f486de2d650,2021,1136142,D
bdc732f7-a843-4eca-b30b-173017348f73,2021,5000135,D
0a30620e-b49a-4e6e-b560-6d43aec48a30,2021,13446,D
e5286fde-0d5b-4272-bd5b-6ee1ac8e7727,2021,95175,D
669cf901-7958-4a95-baf9-ff72e72e8ae2,2021,13980,D
41fb08cb-e4c8-41ed-9871-aa4807b01670,2021,13980,D
651ec8a0-86aa-4e99-a483-c290e4b9334b,2021,62484,D
7abd5b19-c6aa-4685-9d5e-6acc79c08728,2021,98305,D
a73cf233-4909-494f-bfc8-5f416f24b42c,2021,1102628,D
d0eb530e-3529-4eed-8abc-97385ed84fd9,2021,113455,D
ae2741bc-cbaa-4d81-9da4-6fd9f32b2fa6,2021,19047,D
218a4763-b9dc-4e2c-8d34-04f4170c2ed0,2021,95175,D
11b4c761-66ff-4255-8d68-3168651d58e3,2021,21464,D
f3593943-fde1-457b-958a-e6245fa86d6f,2021,113813,D
05534c1e-3386-45fc-8ddd-c4efcecedee4,2021,97443,D
808ef332-0527-42c6-b81a-8c020bc6242a,2021,19047,D
12bf94e7-a0c3-4367-9501-42c97c5f6a57,2021,1272079,D
924eb294-943e-4dff-915b-c6efe11b70c7,2021,317,D
cd1e0098-c854-4b1c-a069-bc18bc990069,2021,62484,D
071e0cda-c273-4395-8ac0-4a00eed2b8c5,2021,116770,D
bc9b5779-6f5a-45b9-a716-0ad164f994c3,2021,1136142,D
74423dd6-dd98-4165-b2fa-0244694251da,2021,317,D
35c496c5-ac5c-4970-8b8f-04e324f11fc5,2021,97778,D
5c41e964-01dd-4d9e-b8e4-23829cac9270,2021,108660,D
3c6af03b-b0b0-40d5-b58c-56e2cc1dd7e1,2021,1101244,D
fb68e6ec-b1be-4748-8030-bab04e4419c9,2021,20030,D
109ebd9d-fb0c-4427-85b0-4329cff77841,2021,13595,D
d2acbf77-a32a-4f42-92f3-3864e8484935,2021,101942,D
7a26b4e2-4add-4256-9192-0654e73403e5,2021,99406,D
50fdd3f7-f678-4949-a2c0-2cbf80f8fa31,2021,97443,D
1053d56f-82eb-4587-a208-769ba79ddda5,2021,1190071,D
831b0dd3-5a65-404c-a6a6-d29153a22e37,2021,62484,D
a724264a-ff74-4104-b680-f8a80ab6d3c6,2021,2209,D
6ed69d3e-230b-44e4-bce0-9b0b631da860,2021,55402,D
e14c125e-2d43-4c6a-88aa-7129da3188f3,2021,968,D
98dbe0d7-17d7-4166-a783-24314ef5260e,2021,13401,D
31944a3f-758a-4df8-9c25-b58d78501ff3,2021,101942,D
815483dd-a1a4-4092-8198-44e35e7b2f91,2021,58808,D
6baebe62-e4b1-46ba-ba37-1fceea162e3d,2021,95175,D
902d1a9d-37a8-45eb-8da2-73a49b7f352a,2021,317,D
9f0fb0ad-4b09-4146-a321-4640f37d6053,2021,95175,D
510b9240-e39a-4930-91e0-ae7666f78fb1,2021,11452,D
dfb6863b-cadb-4dbd-b350-5a55f5c3d9e5,2021,95175,D
735415d4-0f90-48f6-ac4c-ab44ce158da1,2021,118420,D
91480d26-bfd1-4747-9542-b56b5d11b28f,2021,1379275,D
f18e1daf-523f-4e27-a87d-92383e82eeb6,2021,108660,D
98cda437-560b-44cb-8159-72a5247356cc,2021,118420,D
74eb962c-a398-4ee3-b7d1-27dac81ef2f5,2021,1181327,D
330fa38b-f647-4392-b6fc-9ce94de8d389,2021,1330347,D
c9fc950f-853f-42e7-bf6a-5c43544a4c81,2021,113455,D
17cf0769-1e0b-4787-b494-f2bd30d37d53,2021,118994,D
95a10470-2dcb-4397-8778-6f12153fe5bc,2021,95175,D
be4dcb78-5f35-458f-9cea-da7cfb6d1921,2021,18903,D
b024f657-0983-44dc-ba9e-54ffe9401a63,2021,116770,D
3b9765e1-2b36-4a76-af34-60e2965057cc,2021,95175,D
ae3da26b-29e6-47cf-92c9-b6e2a5b708d8,2021,95175,D
cbcc4559-003f-4ffb-b9d2-3383cda54640,2021,62484,D
aef6a145-1e52-4372-a684-27fe38676872,2021,1101244,D
30779d96-56a7-4ae0-82cd-aeec0ed888a8,2021,317,D
2e679028-36a3-4f20-8fc6-6bfa0fbc2e51,2021,21464,D
9513d7b3-81f7-4fea-83ae-bf489dee120a,2021,9440,D
ca6d95b9-5fa8-4276-80d4-de682bfb67cb,2021,1102628,D
54d641d0-bf71-4646-a03a-cac6e4e23630,2021,97778,D
d5d0c8fd-998b-40ef-a87a-9a40526671c2,2021,13595,D
4eed2d78-7038-4cfc-b1fd-42a6c08470cc,2021,95175,D
b4e80f64-80ed-41e6-b419-5429fe420627,2021,50082,D
bb1dc331-bf92-4a50-b484-55e2b8398a67,2021,13595,D
f9b546af-e801-47b8-b3fd-05b17069aec6,2021,13595,D
64e6f3ec-e845-429a-aa0c-3e5dd97737e1,2021,1288839,D
baed0564-7cfc-44d8-ab59-9bc32e906bc9,2021,101942,D
1c868fa1-8094-4f8a-8b16-9e683ab09f3e,2021,1118057,D
80d37e4d-1674-4f76-b2a3-0af4621812c4,2021,47505,D
aa15ab65-2b65-4fda-854c-209c7ce2d3d5,2021,1306689,D
7906fe17-3746-4a9b-b9f2-d89d7f78e9c8,2021,95175,D
005ec616-7752-4bd8-bb6d-fd0c29b3ab80,2021,12313,D
17af3b2f-5cdc-4a02-8682-f668ae3e9b11,2021,1385488,D
9ccd1a19-68a2-493d-9841-d41fdd075c98,2021,22047,D
df644101-04bb-40b2-9271-72f98be53809,2021,1102628,D
aad2ae17-59ec-40fb-8766-90dbc21bdd3e,2021,95175,D
6eaeaade-8ee2-4ea9-875e-bcf3ab3e7006,2021,99406,D
b47654be-56aa-4bbb-9029-cf619eec8928,2021,95017,D
159e470e-2be4-4075-8f80-ef85726e82f8,2021,94762,D
aae42d91-f2f6-4a96-ae74-8170bdc6965c,2021,1270596,D
4321583d-e806-4ff5-9906-9d1bfcbcac83,2021,94762,D
77bcbeaa-395d-4b91-a791-150407331446,2021,95175,D
ec2ff94e-0e9f-420e-9993-d308a14ac778,2021,19047,D
9591895b-a0e6-4e54-8b6e-b4370e37ffa3,2021,67601,D
195c896e-c52e-4ff3-ae7d-ae58e4db63ab,2021,5000135,D
bbab23fb-c45b-43e6-98ea-2eb28a90e239,2021,1422296,D
97a5c9a2-6987-4737-bbec-1c5d885ca413,2021,1265453,D
f003b866-c398-45b9-8091-48c9d0177c8d,2021,1132918,D
0ff53c79-2187-4549-ac29-2ba2c4750200,2021,13277,D
ea100e5a-d7e7-451f-9a1e-f1709d3d5a8d,2021,1113582,D
e094015a-399e-4cf6-a2f8-5489c714b1b0,2021,1113582,D
3b33d009-6857-49f8-b1de-66f74bbf6de2,2021,1113582,D
0d3add9a-a62b-4fd1-86c7-9b72d22cd62d,2021,1113582,D
6bc6aa1d-43e4-4dfb-9369-94b20cd135a0,2021,1113582,D
aa90b4bd-f090-49fe-8e8f-d7cadfd763ca,2021,5000143,D
a3d30a94-1e5f-49da-9cf4-d8d83fbd8d02,2021,86318,D
bbcee491-761a-4e94-8400-84ad12691f68,2021,86318,D
d5f700aa-783e-46f3-bfd2-f8c6bc4ab150,2021,86318,D
8755efde-3014-48d7-9aa3-0ae393e300d1,2021,86326,D
c18056b4-6efb-4abb-a43e-122410bf9a27,2021,13401,D
bd500724-a6d5-4061-899d-487ac89c97f9,2021,73898,D
926f5a35-3902-4dbf-bc74-6b96cf5b1fcd,2021,1351760,D
18ddf65b-470b-4e9a-ae3e-dbcf6465b975,2021,13595,D
61d1f442-6c1c-43cb-ad7f-162625139f3b,2021,13595,D
aff31f6b-baca-473f-b4f4-9c5777166a0f,2021,1180773,D
88bea964-c145-4be9-85bc-a288a9c967c6,2021,1180773,D
f180315a-e2e7-4a57-9dc2-c2607c1d93ca,2021,1180773,D
8270ed5f-bf2f-4f14-b12c-e2b6fbe56ecf,2021,1136142,D
a9f0ac58-23ff-47ab-83db-eda21117ab7d,2021,37862,D
5b005426-8af4-488b-832e-47c10b346e30,2021,113455,D
ef82c9be-f2ea-4729-87e1-ec4010c04fdf,2021,1110857,D
4132e59b-9155-47e7-b1f8-1d935fc5b816,2021,1110857,D
51787910-bd62-46a1-bc57-e90a384fa932,2021,1181327,D
82e6ce87-d4cf-4bb0-91ae-4bd605f6879b,2021,20009,D
af368736-7e6c-412f-b03f-872e95636697,2021,1306689,D
39531a75-fd9a-4233-be22-329bce7d57e1,2021,1042278,D
e40ac230-b825-4911-b40a-e560952b2053,2021,1042278,D
5daaf393-9d89-4143-a90f-690646fc1ae9,2021,1108692,D
9fa47d5b-2aca-4aa7-acc9-6124c3c4f1f6,2021,95175,D
ba83ca7b-1a27-4fb8-8e01-5b214c5a111e,2021,95175,D
18b39bef-bb5c-4a55-b391-8170ddaf2e30,2021,95175,D
4e30ad14-a797-4377-88a8-73e05381a2c3,2021,20239,D
e9c9c3cf-c6de-45e9-b734-1f0256ffbcfc,2021,1101244,D
fbd1065b-f2d3-4611-aa42-4bfb61750285,2021,12025,D
62dcd4cc-e1f1-4f3c-b130-7c35252fc1c2,2021,1270680,D
8baa0fa8-072b-42b8-892a-e37ad0faad15,2021,12025,D
0127ea5a-172c-4646-b1b3-ecd3696b4ab5,2021,60886,D
384ec22d-8b59-42f7-852c-3857b97e5418,2021,116770,D
bf943970-82fd-43e3-8c35-6dfc5276120e,2021,60886,D
8d710345-4549-46a9-9280-18be037f83ed,2021,1270680,D
8921e16c-2044-420a-a849-a3450a3ba8f0,2021,1422296,D
fc3045a0-7bf7-470d-8283-cc15fa421935,2021,1166783,D
04b9f0e8-0b9c-41f1-8db3-eb08882ad1a2,2021,46377,D
0451bff5-980b-4325-b37f-db4719c7c420,2021,2209,D
9a95d231-ea0b-4af7-9871-bacb0d27ae9b,2021,47051,D
a4435bb2-a4b1-4fe7-8a75-bcbcdb6478b5,2021,1161716,D
4382eac2-2f32-45a2-a170-86882c39644a,2021,1306689,D
022e8430-e23c-4f6b-95cc-f4b762c36b19,2021,18683,D
c790b21b-e3d5-44c2-b582-bee662aee3a8,2021,108660,D
d6480675-4eb3-481d-96b1-c1325dbbb467,2021,108660,D
557ef04f-e854-4591-b14f-253663b316b2,2021,108660,D
dee18eb5-7b5f-4222-90f8-cf8c6d5756c9,2021,62484,D
b7da480e-0391-434a-ae70-3ca1b7a83ee2,2021,1187671,E
a2631612-a281-4dc8-a28c-e5c2ed9f95b1,2021,114616,E
93afaed5-53dc-4085-977b-d82490b96557,2021,88068,E
cd1e9070-481d-461c-bba7-68f5893ebf22,2021,94762,E
02415c97-811e-4a1a-afef-fcc74a5df1a5,2021,13446,E
dc77ae5a-0ccd-4e98-b3b2-24e8f5d231ba,2021,108660,E
29129f0a-7c91-4de1-92ee-f8ea72a764a7,2021,1322390,E
7f7d43c2-89b5-4bb5-aeb5-57149b68609a,2021,1306689,E
dd6cf57c-2707-4379-a0af-97be86ac7339,2021,1376181,E
d6fe7b9d-3269-40aa-a31a-6e662a6cb313,2021,106996,E
1fa1d372-c45c-49e8-b09a-7dbd8a2eb5cd,2021,94762,E
85368ef1-30ba-4cdd-8edd-42f374b4fd99,2021,47069,E
04ceb096-a784-4257-96d9-b69e1f48d5c9,2021,113687,E
9d8fca45-2f2a-4523-883f-c031524a43c9,2021,1258063,E
55f1aae7-5ad8-415c-a3e6-f9e919dafa23,2021,1306689,E
6c5431b9-5e6f-4076-aa9b-99b142d4c2ec,2021,106996,E
5032cd87-0d51-4c98-a595-31914d515215,2021,106996,E
d5a62930-bc9d-4440-8d54-2db68fd9264e,2021,58808,E
82cd96aa-c966-4991-92ef-c1fb5832690e,2021,101942,E
c26babf4-782b-4e80-9fbb-a5dcddc065b8,2021,1181115,E
cb1c552f-b179-4084-a079-e4d269912368,2021,1314243,E
96a30f6d-af8c-424e-a539-be2471bea8e6,2021,43664,E
edb9a82b-0999-4940-8a81-89d0cf2ebf68,2021,94762,E
a3869ed7-e734-4426-9e7e-05fdf6a0cef9,2021,101942,E
9f87de56-b90f-41a9-a7db-95339e922123,2021,18683,E
a0dade83-8661-4615-8bd6-e1ca1b47c8bb,2021,43664,E
f6bed6c4-38b7-41c1-a825-5baa19e6a156,2021,114616,E
ff0561f3-a0ed-4686-a51a-598e2f306cae,2021,1351760,E
345c736c-ef08-46ec-98d3-d4e27abd81b2,2021,101942,E
db0c3821-fa7d-4e34-aaa2-4f1f40a50f71,2021,106996,E
d971f047-2ccb-4851-9b10-d9e823bc265f,2021,41238,E
0950fdc0-cad8-4135-b846-aa82ec54d485,2021,88084,E
21b469af-a62d-43a4-9ccb-2b371e23125e,2021,98665,E
e4790a58-192c-497d-ad49-293ed2a001c1,2021,19047,E
a628548d-bfb4-4de9-968e-e48ad8354d7d,2021,48205,E
77435c5d-4af1-48b9-8bb1-5e7a8f48cfc3,2021,106996,E
49358635-13d6-40b1-9499-69f65cbbeffd,2021,13980,E
e3525df1-74db-4a23-a105-8787df091fbb,2021,113455,E
442c1ecf-e954-4486-825f-845fc8d0d036,2021,106996,E
31e75683-c4f6-4585-845b-6b3368f3922b,2021,108660,E
65b661d4-cc72-4e7b-9e14-aa7c2cb34b9b,2021,106996,E
06bbde50-cebe-46a4-ad1e-0571bd417bce,2021,94762,E
50e50f3a-e988-4870-b1ec-373d51915a68,2021,1136142,E
c52354ce-e3de-4214-85e5-7d0192f603d3,2021,9414,E
1328c4c4-10d3-4591-a2b4-61aaea49f4f3,2021,108660,E
dba71d7e-f4e1-48a4-a8f3-de3b93ee1ce0,2021,1322390,E
187b920a-ef7e-4e10-b80d-a542f8677162,2021,1187671,E
a22198a9-d25d-4456-a9e7-529980bcd508,2021,48205,E
f5f54b62-8a4c-4350-ae41-0cd5b2b89f30,2021,1265453,E
19860b56-fcf9-4af0-bd0a-acbd7b5a5517,2021,20030,E
d02c8383-7d47-4aff-aecd-87add86dbb69,2021,58808,E
8948e124-be6a-4aac-90ed-a71f57dfee90,2021,1181115,E
4e1adadc-32c1-4ade-9547-823b384f90d5,2021,118994,E
3b4dd761-8342-4068-8ae8-8db4282138ed,2021,1322390,E
8609d72c-268c-4b7f-9fa5-cf01e9190c0c,2021,1136142,E
9e793e13-e775-4ff1-baf8-e540fc2b0477,2021,37862,E
084a7504-9936-40b4-94de-de000816e9b1,2021,48205,E
df8153f9-5da0-49dc-b6a0-a29e3d150fdd,2021,1322390,E
e1b9a5f8-659e-4624-973d-2d77fa18f2c5,2021,18671,E
9842698f-a7e2-4558-bb19-cdcd5a51a0da,2021,43664,E
874d471f-6def-481b-8689-9dbd48793abc,2021,74737,E
178ca236-9e8d-4728-b1e2-45667ba3445d,2021,1427745,E
1554ffb0-decf-46cc-b657-e24ff9df08bc,2021,48205,E
a5e29504-374b-4576-9634-e43229f0d1a4,2021,88084,E
2149aa27-c023-4e9c-9c97-dc44d4f5bfd3,2021,48205,E
1571f922-8f28-46d0-a77a-6f0958d9e8fd,2021,48205,E
a0b2b7bc-badc-4ff4-9387-8f0d9a7cc9b0,2021,98764,E
3f34475c-1350-415c-8139-7a4814e6216b,2021,1322390,E
56523731-b40c-4dfb-b69c-6cf216893a99,2021,58808,E
c8f93c8d-4fa2-4072-bf6d-22ff2a1631ac,2021,101942,E
e04ec581-8d31-40b4-a7cb-5db29cea4b05,2021,49071,E
aa5f6d71-50b1-49a0-aeee-36d5edda9d8c,2021,37862,E
f4e16137-2403-4b59-b619-a9c8cdcb97c7,2021,37862,E
246e5486-aadf-488d-8ac2-dbab13639e09,2021,107920,E
cccbd78c-aa6c-426a-beed-7ac54fbf4ffc,2021,1351760,E
03b0eed4-2038-4084-9870-4ebacea35983,2021,98665,E
64dcc4f7-3fb4-4f5c-bfd4-d38cee453f47,2021,1108692,E
320a7b77-5028-4137-9c93-4927e58513f0,2021,1300284,E
f3b3dcb6-b221-421f-832e-f9c337b9631f,2021,1070485,E
f8a8f964-428a-4d7c-bf5c-80d864a7707a,2021,97443,E
1503e0ff-8f1a-4292-9ac8-f9f4ad5c9efc,2021,108660,E
93b53925-3f97-4956-b32e-16fec8ec9fb1,2021,43664,E
e5fdd369-2ceb-4789-b167-7251283c7fe3,2021,108660,E
62d5f303-6269-48b2-ac8c-8a0f247655ac,2021,106996,E
d4e1d671-3fd1-476c-9326-0ec07b33947e,2021,1300284,E
e84ef9e5-0f17-4089-8519-f39cd6c54b3b,2021,37862,E
7c97e9f3-c21e-4f56-90d2-5ca3ef3d0aec,2021,43664,E
80826ea9-bf7b-4bd5-9ea6-bcfbbd6ba214,2021,1203177,E
aa785574-e3a6-4583-9a48-b6aee54188f2,2021,1322390,E
b1093ff4-c630-482e-83ca-6b0795b7116f,2021,98764,E
9ef1c517-ecd3-425a-825a-0a718cef474d,2021,43664,E
8e23487f-30d9-4709-90c0-f631aec03cfb,2021,13401,E
c150a04e-60ee-46d8-9c60-4acae9e827b6,2021,1322390,E
f1d751b0-62c1-4905-b6f0-642f5074c07b,2021,1258063,E
047d7724-d96f-4def-b3b2-a64b4bc9ce19,2021,108660,E
f945fd6d-b7a7-438b-b7c6-1eba70fd8800,2021,1330347,E
afe03987-46ed-4502-aeb7-df6d6b992ee2,2021,18584,E
e393a93c-e8a8-4b82-88d5-4b172f72e9a2,2021,43664,E
b15134e3-ecbf-44da-ab05-00c993a0e255,2021,1181115,E
cd7bb919-6ec9-49d0-a7e4-05cedb5e7e73,2021,1190145,E
ce59b551-0e28-476f-a930-d101b114f39b,2021,1351760,E
8fd612bd-ce41-4d3c-8890-81bb164e1a9c,2021,83388,E
37ad1f90-82c0-4ea0-a3b6-54e958d1b0a1,2021,74737,E
4e256441-bbee-48a7-a01e-8729731651a9,2021,98764,E
b0725c71-a155-4d83-8e52-c2ae572c457f,2021,19047,E
19dc5ef2-a5ed-4182-bdc0-55c9728af09a,2021,19047,E
35b70477-d8a9-4108-8033-6d0d59b38ac9,2021,113455,E
60d78b73-2d10-4094-95fd-802394bd266c,2021,43664,E
b485576a-2fbd-41ec-b484-4e958d5e5f00,2021,114616,E
ebb69345-6236-4b99-bb77-c51a89375126,2021,108660,E
e1adc195-e29e-4b69-876e-b7d3a1272828,2021,1117717,E
1545292c-610c-4fad-870d-57617696c2dd,2021,1117717,E
b957d1bb-f811-4982-b8a5-cf7c2f70340a,2021,106996,E
bf4ddd51-a083-4411-855e-223214c7c6df,2021,1306689,E
aab2d7f3-68f5-4f3e-af28-ace7e65f4314,2021,108660,E
ac11833c-9796-440c-8c9f-a10fcb5b3699,2021,37862,E
f361c577-e319-4147-9568-d762085d6b9c,2021,1322390,E
2b4bab98-5ef2-4c50-b665-22065e4744c8,2021,19047,E
26059c29-237c-421a-a9b4-c278e82e4a0b,2021,106996,E
d8e0a4ff-49a2-4f1d-95ff-5b0c386e3ac2,2021,37862,E
ae537b5a-b7dd-4675-bcfa-5a409721c33b,2021,968,E
f05d5f91-6dc2-482c-82d5-06ccce5bb4b0,2021,98764,E
d0c647aa-8fe1-41f2-8bb7-8f001350c40f,2021,106996,E
5724b760-b3eb-4207-a8a4-eb49e524b6fa,2021,48205,E
43f771b6-b7a2-41b8-9230-1ad2f994f473,2021,1351760,E
c6891cdc-cb36-4f68-a2b2-bd9fd2e891c8,2021,1427745,E
17d4ae29-f32d-4ec5-bc71-352c47b42587,2021,106996,E
d8a0196e-50a1-46d3-a1b9-9939b2885e77,2021,101942,E
fc658c1b-a815-46a7-b85c-f48b3cd67ea8,2021,18584,E
2b43b786-b1dd-4782-ade9-0e08e9a1b13f,2021,13595,E
5ed99e0d-5535-4341-93ce-007a00bb5c97,2021,13595,E
ab786f50-9a3a-4009-b6ff-48d9f29de8b9,2021,11730,E
16c998ec-f35d-4636-9359-d5d2e9c76d46,2021,88084,E
c33d0aa9-1e42-4044-a852-25a70372916f,2021,48205,E
1583feb7-ecbe-4b4d-a3bf-6e5cab0ba2aa,2021,106996,E
dd6ed306-4abf-4b02-b373-406bbf1ce17e,2021,108660,E
9e0f90cd-bc3e-4f2d-adda-562afd6e504e,2021,1258063,E
57e77c96-5cf2-45d3-9bfe-613962d015b0,2021,20756,E
b1a86ad8-ca78-4198-be15-ab32da52f2ee,2021,1300284,E
1337d20d-1d06-43de-acbb-86045e01b3c5,2021,106996,E
358b33e2-b4f0-41f9-b77b-9031a7b9c88e,2021,98665,E
db58e161-1582-4163-aef4-1056d18ed397,2021,58808,E
a7f34bba-a51e-4e8c-8da5-a03822216306,2021,1322390,E
1a991e14-bef5-4682-b22b-556c3ab371be,2021,43664,E
1a72c0e7-fa65-408c-bc01-0ff4aa906d4e,2021,37862,E
2683c62e-1076-4660-9adb-4c1d7ae06a0b,2021,48205,E
d820ae6b-72c2-43c9-afbe-b1a9e4b5b52b,2021,58808,E
89184976-cfdd-414b-aed4-ace8d34823c3,2021,317,E
a9e34750-681e-4ba8-803a-f4bd4bba9627,2021,37862,E
f54fffb5-caf7-4600-a5bc-934921db9b94,2021,98665,E
a389ba20-e1df-4f64-8c5d-7a8b5c245529,2021,107920,E
fbe86eaa-58c7-4a1e-ac2c-3cb7b875ca70,2021,1403879,E
6c7ae8cc-a139-436e-b4f5-af1ce9024157,2021,40343,E
1bc12316-f77c-4e8b-9d75-0d0fd4a631aa,2021,37862,E
54f4dc4d-db83-4a5d-8d5c-e35eac12d54b,2021,37862,E
cb859719-f37b-4d9b-9f9a-a084364581a4,2021,48205,E
b4d66c25-6ffc-4ce3-88c2-c76548a60ffa,2021,97778,E
a65d2671-1b02-440a-97b4-5999cc94899a,2021,107920,E
036cad9d-0d9b-4ec0-9ce3-ff424088dad3,2021,107920,E
b050651a-36ff-4ee1-b057-a2f87156b330,2021,1190071,E
583d933e-eff4-40f9-902c-490f5904f06f,2021,13446,E
f42b5a6e-2e19-4a7f-a39b-a442a165b61c,2021,57612,E
53cdebf7-371e-4e73-bcc7-9bfb489e4fc5,2021,56172,E
f640fe18-e76e-404c-b7f8-b620bd45f60c,2021,94762,E
068edd89-e671-4943-beb0-f871fcc29370,2021,106996,E
91af7d7e-055d-423e-859f-499184cb8dfe,2021,19047,E
0412ac09-fb22-4b76-8f03-4ac41add6591,2021,37862,E
3a8df10b-3ceb-4b64-9bb7-71f7591f3174,2021,107422,E
f08f3253-1a00-4cf1-9e1e-44f7e3a3b5ba,2021,106996,E
9ac00e8c-314f-45bc-aa86-490db8b22b10,2021,1136142,E
85427083-cba2-4d0d-8698-81b80dbb0764,2021,1299927,E
78c77133-c062-40da-bb1e-c0da632a6b17,2021,106996,E
84550c97-7e89-4ce7-b781-a4c24b30d241,2021,1322390,E
13d1ff46-d7be-44eb-9098-efaebd9f4fac,2021,18584,E
dde099a7-c875-4eab-a8d3-cae1a90d2274,2021,83388,E
ef516fcd-ec33-46e9-b3ed-e0dbed352469,2021,106996,E
7eae5c6d-842f-4fdc-a740-ba28b6b8fbb1,2021,1203177,E
3ea468d0-c7e2-44d2-9919-15379a6fe8d3,2021,1070485,E
d565795f-589a-4fe6-9539-0275f8282cdb,2021,48675,E
1d617e85-984a-4d8e-973a-e6c28feda4a6,2021,106996,E
95559c13-c033-4409-824f-78c361fd19a2,2021,94762,E
3d41d373-3106-4b22-a439-1f32c5923830,2021,1117717,E
7c861784-3c73-4f31-bed1-29678764b513,2021,1351760,E
4b794408-300d-4d2a-9276-a9d1113c444c,2021,18584,E
68fe5a95-8d51-4331-abe9-65a16de900da,2021,1187671,E
02dbfef0-a86e-45c8-ab15-bdc34d65c81b,2021,48205,E
544ab443-0657-4838-b8cd-5e98535dc8c2,2021,58808,E
deef18fc-ef87-4ec2-884e-a79d65ef4084,2021,968,E
531cdb37-d30e-4954-9fda-3f02ba0915b5,2021,19047,E
5e23bc54-4ce6-4c36-9298-9ec69c1dd8b2,2021,1204325,E
8059c0a0-8c32-4ad1-92e3-9277c9b118c5,2021,1265453,E
e834c2d2-e583-49f5-b05a-8da26557ae05,2021,13980,E
171e172c-4a3e-4499-8bad-b81689210cb0,2021,18558,E
1be95a8f-3fe6-4df8-b249-239d35442e08,2021,19047,E
5cbbbc5c-c477-44b5-b010-b4839f6040de,2021,118994,E
1bacc4dc-3198-4c03-a5f6-53530f8d5281,2021,1322390,E
64cf9ffc-7641-4847-9b75-513faaffb652,2021,113687,E
62e3af56-24ef-4700-9f17-c40806341881,2021,108660,E
62c1d395-638c-4d66-8ce2-15a64d07cd89,2021,20030,E
81546c04-8989-4939-be18-5cd5b7a6da66,2021,43664,E
5fc5f356-6689-4266-a04e-8fc062b92bf0,2021,67092,E
808d0131-6bba-4119-9ffe-091debe3f84f,2021,43664,E
6355b85e-e349-47df-a1e5-9755a15cd27f,2021,94762,E
760e39e6-8875-4094-8672-e58c98e2dfbc,2021,48205,E
a16282e4-f0dd-4133-95ac-05cf9a532636,2021,114616,E
6431460d-e2a8-4143-8631-da84d209c15e,2021,58808,E
262347d7-9760-47e2-9028-a1f61979e5a7,2021,58808,E
540961c8-82a2-4a47-8449-9688390638e9,2021,108660,E
b7c804b5-65d7-4cbc-9a5f-3dc8872f2100,2021,37862,E
0ff588ff-4d13-4762-8594-b8b47c2c7aee,2021,48205,E
49420a19-c969-49b4-8f57-0640253d914c,2021,11452,E
ecfd98a8-919a-4ed7-8f67-35d60d305011,2021,98665,E
191f2552-b79c-4278-a604-68d6780bb888,2021,1136142,E
673e3674-b770-4e44-a8ac-2149993900b7,2021,13446,E
d3fc3129-4e93-4a47-b296-3551786d01d8,2021,9414,E
e608d422-9920-44c7-8536-0343ac1523dd,2021,1330347,E
6872a8da-686a-4c25-84a1-bf59c761d982,2021,81210,E
f8f0a0fd-6af9-4bcb-97e1-0dea67c549f1,2021,48675,E
c373ba23-27d0-46f1-950f-56f6c13cfa4b,2021,40343,E
3cab3ebb-65ee-4118-afb9-cdeca9abad60,2021,9425,E
46b08db0-484b-4eb8-9be9-f6b816197cb5,2021,43664,E
4ae85876-30da-40c3-b000-512da4113f5a,2021,94762,E
a0263e05-96f3-4f2c-88bb-a9105fc6ed1f,2021,20933,E
7b8c3a0f-7f8c-4aa5-8fc5-fb660f047199,2021,48205,E
db43d2fd-abb0-4e96-b32a-b1015cc3428e,2021,48205,E
ddefb288-2476-4d8d-824d-f9f84d2dfce6,2021,43664,E
11b4022d-02a8-438c-a6e1-6e4105f33a96,2021,20030,E
822a4675-de69-455c-9bc4-435f94153e01,2021,106996,E
f7682884-2f28-4c35-819f-ff818dec4adf,2021,19047,E
3d89f176-7539-4f24-b5c8-91441a8e6c50,2021,9414,E
59b53529-b360-46a6-89a0-9b2997bb18ed,2021,94762,E
2fde7e24-c4dc-4e76-8c08-4b8504305a37,2021,9414,E
0aaa8ef4-13da-42f4-89ed-8ac15b1e3290,2021,1322390,E
541dcac0-98ab-485c-9a74-502ae998a997,2021,18584,E
9e45f3f3-184f-4327-aa96-95e0aec8e286,2021,18584,E
7fb86eda-d697-44a8-8cbe-18fc46d15df1,2021,1190071,E
9e58c02e-c63f-4bc9-a759-0bbe3f93fa5c,2021,11730,E
836ce8dc-8ee8-4533-b56d-7a045c252cc2,2021,1102628,E
5fa99e7a-c920-48d1-a7f9-e06834acfd47,2021,37862,E
f75880dc-9d19-4824-92ce-353dfd0ee3ed,2021,1315444,E
e0d8f320-bbd6-49f5-9e0d-1157cace4737,2021,48205,E
8e8a36f4-a2fc-4046-992d-3d63166170b2,2021,1322665,E
4136af48-4c8c-42b2-8098-959804a13b67,2021,1376131,E
9594e8b5-6dab-4e20-9faf-0ef8b3a4bdb4,2021,107920,E
1c32c665-e2f3-4900-a470-fa3b10bbe373,2021,43664,E
9e30ab67-dd31-4e20-9ef0-7d8bf13b7a03,2021,48205,E
bce16512-60c3-492f-87b5-9839fd332a60,2021,50981,E
7b0fcc8d-a26f-47bd-a8b8-2fca99548399,2021,106167,E
f415c6ff-84c8-47c0-8817-4ea670cf2152,2021,1181115,E
570bce0c-69cc-4f20-952c-e0643c63e229,2021,107920,E
fcfa61ee-50fb-48c0-9fd0-1c02398e78fb,2021,43664,E
24948dea-9ca6-484c-b84d-c408c22b9db0,2021,19047,E
d6475610-f7e0-4766-84a9-668af830f711,2021,48205,E
7d217821-67e0-4cbe-be76-1ca89b06dca8,2021,90030,E
dd5eecf8-2b37-41ea-8b82-8f7be57e0286,2021,317,E
c5b8003e-3abc-4564-86d3-b2a9f6f31bb2,2021,47069,E
c2f8a823-347a-464c-b163-33e0e1f6e14c,2021,19047,E
6e6179d3-b806-4c7b-a81a-89a853732038,2021,1306689,E
006798b5-cf6e-40bb-91ed-d276b73a75f3,2021,106996,E
77142635-9df2-40e9-989e-77e5f6ea43e6,2021,1203177,E
6c29bf5f-39b7-40f3-8829-952f0574e313,2021,20030,E
336ad853-10a3-480a-aac8-aa4f8f664526,2021,1322390,E
eb0402c3-bee9-4df3-b231-ed4fceb27251,2021,1102628,E
8564c067-002f-4657-88c3-89feb014bf7b,2021,108660,E
2debe724-1c7b-4adf-800a-7ec6b54565c9,2021,94762,E
8cd208e0-5292-4d27-bbc4-a8f1cd0ece26,2021,48205,E
0f2127e2-a8a9-4550-bf56-b0203aa998eb,2021,48205,E
d10a4520-ca31-4415-9137-be07aa6d9bce,2021,48205,E
00078f54-eefb-4d04-80ac-aa08ba33237d,2021,107920,E
7b8d7134-54e8-4b40-a75b-cd53b085e5c4,2021,57606,E
03865599-6c6f-4cc2-98f7-e43d3d5ade31,2021,1351760,E
aaa6d9b2-32ca-4598-8ea6-00fbb1e75ead,2021,88084,E
b00d62f5-45e3-4426-a7d2-f54f9cfc86bb,2021,94762,E
4516b99d-521d-4d84-b92a-5cebb6448be7,2021,1047907,E
e4edab59-9048-4cf0-abc7-488263bba49c,2021,2209,E
65096395-2bbb-47e5-80f3-aaa184d086e2,2021,13595,E
00b3e97c-0713-4405-bd35-3f610414ad3a,2021,74737,E
0b3ee44d-c539-4558-b064-c0fb126d616d,2021,58808,E
27ec3cf0-24d7-4ec0-ba05-ce4a6c3908e7,2021,9425,E
cf74737e-adf9-4794-b274-46220e9e7eec,2021,18558,E
a27180aa-f9cc-408b-afc4-00dbef659567,2021,13277,E
b96e78bd-7b86-4bd1-a755-ade8f2b5fc93,2021,19047,E
8c713c82-e837-480c-bd3e-477f1a984ac9,2021,112086,E
aad0f1bb-270f-4cde-a23a-ca77a85f4b1e,2021,1351760,E
c8f3c0f5-e1b4-496a-a7c1-42f057583181,2021,318882,E
8911b751-6940-4ff0-a865-b5d49bccb14e,2021,88084,E
1ffefa47-5e0e-490c-87c8-6ea1337730a1,2021,1306689,E
bbdeecf5-aaed-42b0-9c5f-09f6704423b4,2021,117532,E
63f34421-0c13-4a9d-8bc4-5e26e95cbe4e,2021,1300284,E
10e1e193-7078-4cec-a12c-ac53e887173d,2021,108660,E
fcf3d0c3-b0a2-4038-87d1-780d7cbc7a89,2021,113455,E
7003742f-62e5-48e0-bfee-a15117f41224,2021,53333,E
82a76660-6b48-4561-9eee-d92b0a73a298,2021,1190071,E
51a3b18b-0b63-46ed-91a0-02a86adb567b,2021,22047,E
faa72127-a876-4d88-a4c0-fd3d494853d5,2021,9425,E
e054e0c9-3c9c-41bf-8842-4ac5c58ad195,2021,1181327,E
c3ce5763-4243-4dcc-8873-7dad223e7996,2021,94762,E
01c6375f-85ef-430e-a50a-a8286052af54,2021,22047,E
366d16f3-88de-4e0c-b583-4986013570bb,2021,55777,E
c99e437a-1a56-45ec-8efd-1907ea4cba6c,2021,58808,E
081ca361-579b-4dc9-9374-fa791c4a6a24,2021,106996,E
bc984b32-064e-4257-aa6a-3e09c447eb6d,2021,107920,E
4fdc4529-10e9-474b-88e6-9e7c6febe504,2021,49054,E
f4cfe7f0-05e0-4672-b2c3-00d78d18b81c,2021,20933,E
ec7bd680-bc8e-48de-884e-c92c866cfb7b,2021,1288839,E
72e317c0-1f69-492a-b19a-d6660d109030,2021,64664,E
57730b37-9576-42dc-af62-407164ae8653,2021,1306689,E
5b1cbb99-7e56-4909-b3bd-88e3abb55cab,2021,94762,E
2b7ee72f-97d7-40db-b07c-b4850a310a45,2021,1299927,E
21300c9a-db03-48df-8700-9320f4609d92,2021,88068,E
f827f3e2-4078-467c-b488-0cb30cdb05be,2021,20030,E
08364045-6697-49e3-8f38-6c0f2a5ce8d1,2021,106996,E
cff12170-9e50-4ade-8535-3a8c4fa8df25,2021,106996,E
f291181d-991d-477e-96ad-dcbf6f974c56,2021,317,E
b056a1ff-5c4d-423b-8ac6-e2ca465be8e6,2021,108660,E
959e18a6-f254-4012-bb19-bb29c2db4d74,2021,1117717,E
ba7ba3a5-ce59-4a89-bd7d-deaf021e63f3,2021,11730,E
436373bf-1766-4810-b741-0d8079b6f249,2021,58808,E
cc35fa16-0706-4cf7-929e-b6af263d2288,2021,11730,E
c6084e6c-5cd6-4340-b482-8fc031b949cb,2021,1070485,E
4147a2af-3a9a-4a76-847b-67c8a2cfce30,2021,107422,E
d7d5d928-ab11-49e1-af23-ab89328024fd,2021,20030,E
712540a1-1697-408b-9f94-18c221450ca9,2021,20030,E
6aa1308c-e4ae-4c99-ab62-a6847c9a9990,2021,106996,E
54295dd6-b2be-4f51-bbec-346bf194acd6,2021,1322390,E
fb5a2aa4-eb9b-4114-a0a7-c3c684c7f02b,2021,1322390,E
af33f390-657e-4a0e-9525-b08c5bb9296e,2021,1322390,E
9d98be89-6bb5-44e7-bd20-719fe167aef1,2021,1190071,E
450ea8a1-17d5-493d-b828-9abc95cf546e,2021,2209,E
263f6cfa-49c1-408e-b125-3e6c89dfe36e,2021,83388,E
81168566-3111-4844-b786-6cffbfc1b1b8,2021,317,E
788a4180-f578-44eb-b0ff-cad82a860e68,2021,67601,E
9e307b35-1fd1-4f1a-9d68-63cb9010a600,2021,49054,E
d206abc4-c684-41a0-889e-86fcf7da6613,2021,1101244,E
83b3e2c1-80b3-4df3-a852-e0dad57f3088,2021,94762,E
8011e8ae-e26b-49ee-878d-fc8cf3f3c363,2021,1267543,E
ef2478ee-13b6-4d5e-b0cf-d2737a910697,2021,58808,E
1f56b039-e615-4315-94ee-9d80aad85ba1,2021,47051,E
d7395c33-754e-4519-9782-d1504a4bdb4a,2021,19047,E
1956dfbe-3ecc-4bf6-81a5-92cbc00ca689,2021,113455,E
bad45718-d22e-4df1-a160-8ecf2d1210e7,2021,113455,E
634af48d-4f43-4b76-97a7-9aac838128f9,2021,1190071,E
dc9e1ccf-bfe8-49fd-bd35-967317410fab,2021,98764,E
f53b621a-dfbc-4ff8-bc35-b84ae08a31f2,2021,67601,E
a29ce1ba-2d4c-4e20-8c4f-d9d25f8d2e16,2021,88084,E
138ed982-b756-4d92-873e-72bfc6380242,2021,37862,E
886ec160-e914-4575-b3eb-955d3759f218,2021,48205,E
1cf9d9d7-b1ec-4569-ab7e-b214480cec1e,2021,968,E
77d2c9e9-0ae0-4cfd-882f-83fa2e0d74b9,2021,118994,E
1a3b5669-62e1-4b5f-9e43-a774b55975bd,2021,1306689,E
2ebf3c4d-be26-4640-8b56-d1f28e77b492,2021,43664,E
a28284ae-22ce-4969-bd58-a6162e8a3517,2021,101942,E
44a80c9a-8fb7-4305-a447-dad07e180ec3,2021,1385488,E
4c89c0f6-faad-46ae-8324-0aac8f382305,2021,94762,E
ce4c8b6b-1793-44c6-8c2e-2b945c112ab6,2021,13595,E
309c390f-8f7c-49ae-a0a8-6361bb52cf52,2021,20030,E
d1a2bd6a-5242-4326-be06-98fff907debd,2021,106996,E
e85e9905-f1e7-4ae8-ad53-820e6905dd58,2021,1322390,E
e942eb05-efb1-4f77-9a76-a6a53b340313,2021,11452,E
765eefed-3fbc-4860-8cd5-b4cac7277c37,2021,1306689,E
17b5bd57-75d2-4d6e-b06b-6470f678a60d,2021,101942,E
597849fa-34eb-476d-8a1a-cbe888835c1b,2021,1269545,E
0f004370-2539-4fd5-8201-0aa7316449f7,2021,1376181,E
332c5379-6ed4-4df3-a504-0a39af4719a8,2021,56172,E
6a4282cd-b7ab-4dbb-8cd8-640f4047c0fd,2021,106996,E
6fbfef4a-e23b-4e4b-912a-c963cbb3a47c,2021,98764,E
07bbc223-de14-4248-8bcb-5a84d707e2ea,2021,11730,E
21ef81cb-0c20-4382-865a-c7b0d9959960,2021,83388,E
68fea6ed-ec5c-42da-a3c6-55a9e2077072,2021,48205,E
3e38d1a9-8bda-4525-90dc-08f5618598b7,2021,18671,E
fc761db9-9c67-46e9-893b-eb986d7bab54,2021,1300284,E
92781689-3800-48db-aee7-8ba56ecc3f82,2021,49054,E
2fe2915d-398e-4615-be27-caffc2a87f88,2021,58808,E
01823c60-c258-4a8e-ac83-62d3aa576c1b,2021,1322390,E
c3b3f901-1cf0-4719-9e6f-b66366104428,2021,1322390,E
09b2ae71-3325-4bf5-8366-e461fc10987b,2021,43664,E
301169ab-2648-47c5-86e6-00805a395f67,2021,107920,E
304cad89-a55b-4f94-93ef-83d215d16a17,2021,21464,E
baea64b4-0cda-4dbe-b9e1-8f0983c23a70,2021,48205,E
642481f0-b5ed-40a3-885e-92632d720fd7,2021,106996,E
8cc2127c-e5b6-4c97-954b-cd2585fb8720,2021,1322390,E
39a76682-c5b6-4d45-8979-293fd177e5b5,2021,58808,E
dc186e08-ac07-4b8e-8905-1db1819a96d3,2021,108660,E
0f746262-c8d9-4218-acd4-85d8e0e71850,2021,88084,E
0c3a609f-89df-4c3a-91d9-c3e0dee3edd5,2021,1403879,E
87636923-3d79-4818-8dda-488e99728fa6,2021,1288839,E
979f2a97-fd25-4c63-b688-3668758764fa,2021,94762,E
2d36b175-5e2f-4245-9fba-564ba7041ea3,2021,74737,E
eb5ddb2c-8f92-4bf3-b92a-e25c9e7a7042,2021,9414,E
94faedc1-0bbb-4142-8282-74baca757a8d,2021,101942,E
9b4c4199-868b-49de-9736-7e3f057afb28,2021,1187671,E
50ae248c-8b4b-48ed-8f55-950ce0f930aa,2021,13446,E
90c2fd06-ae29-4ed2-ae46-12fd7ea2e105,2021,1427745,E
20afb88b-370c-4082-8fa9-18b740ee0ca0,2021,106996,E
c384a3ef-7820-4d83-aad4-4dc05c5fb2dc,2021,43664,E
da1725c6-a529-4869-b597-9386ff9d5be9,2021,1376181,E
5cb028ef-a51b-425b-aa42-d47cb0996001,2021,107920,E
ed8aee68-469e-49df-8c6f-3fe02d7ebf67,2021,37862,E
637365b5-da8e-48d8-9516-2e15b13a5987,2021,1288839,E
15850643-23da-4ebe-b2b3-89a1f85f66f6,2021,5000135,E
2dcf25a2-93c5-4263-bfe5-04fb156ff2b7,2021,101942,E
9bdd6e22-eb0f-42cd-95bd-8ce64afcf96d,2021,5000143,E
2863636b-b7c4-4b4e-8235-b4d65295f104,2021,20030,E
65570ae4-a949-4fe7-8944-7858e3bda467,2021,106996,E
9cf897de-a32c-45b6-a6e4-7e6ff6e5498c,2021,116770,E
f21c433d-2286-4573-a056-b134c2c075e8,2021,1322118,E
55b7b8dd-5519-4177-9e7e-00cc8f563adf,2021,5000143,E
0d26709b-1812-4305-9c7d-a91021311e7f,2021,5000143,E
ebd4689d-765b-4bee-a160-9779681a4f68,2021,41238,E
ca588138-7084-42e6-939a-78766c48ff7c,2021,13446,E
e59288ba-5f6c-467a-a8b6-ba0614b51d65,2021,106996,E
7e833111-132f-4993-a5bd-7621aa74c836,2021,37862,E
267a4819-2a1f-4e99-b159-6a7e047e4918,2021,48205,E
d303cba3-07fe-49f8-8745-021fbe17e133,2021,48205,E
317e33be-075d-4970-b1e5-c054b23aee1a,2021,20239,E
b01afa9e-db8e-4086-9445-b850d936c571,2021,1181115,E
1e3e8ef1-de0a-4271-b940-08f56c59a36b,2021,103062,E
fc82a625-76b5-41dc-80e7-0038dd665575,2021,22061,E
7c0cb18a-96ac-4f66-af0b-c2986566eb62,2021,91262,E
05d146bc-18d6-4258-a8fd-a039d045c075,2021,112086,E
88a09886-5a80-4b9a-b9c7-6bec03b6e57a,2021,5000143,E
9dc399a8-c0ef-491f-bd7d-42a44eaa2ce8,2021,43664,E
027a0671-fe79-4d8c-8cde-d0b64c56c8ca,2021,13446,E
71af9b17-a0b1-400c-8587-71b0e5fa1551,2021,106996,E
600757db-50a1-4740-a859-59d93ddf0ce9,2021,106996,E
41b19e16-2e5b-4bbb-adbc-848ca3d6257a,2021,108660,E
2f7f8018-11fc-46f0-bd03-ad079559294e,2021,1190071,E
98909558-4088-4e70-984c-662fbe067b2c,2021,37862,E
3bfb36e4-a1bc-4ad7-b3c0-fc500fcb3f6c,2021,1376181,E
a113d301-91be-47de-8a24-34eb66b1052c,2021,19047,E
2d782aad-6090-45d7-adac-21cbc534448c,2021,11730,E
c4d6ed96-4cbb-4594-88e0-6b7fb0e973bb,2021,1070485,E
38336e78-6687-46e1-8b1d-b8d51359e688,2021,1376181,E
24736ff3-8989-4bce-9e63-cb32583e76b7,2021,106996,E
ea7aed65-0d0a-4e27-96d4-c0da208e5b0f,2021,1190071,E
a98b5cc9-6643-464a-ad8d-98d7877b1fe8,2021,1376131,E
9290db5d-475d-4d9b-b981-024b69b33ac3,2021,5000135,E
03d3bc11-082d-44d3-a103-13fe7742f9b3,2021,1181115,E
423cfb65-6685-4efd-8791-bb56080b66c8,2021,1204325,E
0743282d-ee1a-451c-8ef3-8060ddbfe928,2021,83388,E
13293001-f256-4b80-add2-a3831ec0371f,2021,94762,E
1c14a1fb-e00b-4a30-9683-926c4c79060c,2021,48205,E
6cc3a286-2c17-478d-95eb-6bfaa97050de,2021,18683,E
4985e765-5d4e-4624-8cd4-ef60081d4015,2021,98305,E
8d0ea9f1-9355-4e78-bbd4-073b4d64b67b,2021,1265453,E
87c52530-d8cf-4d4e-a403-57bd2c9d070a,2021,106996,E
1ccb019f-6e20-42a7-988f-13df6e77b8d6,2021,37862,E
f2237389-1a6b-441a-8ca2-4be82c074568,2021,1322390,E
cbc04a5b-d914-423e-804b-0f0d26489d7b,2021,5000135,E
08d21ff6-4920-410a-8965-ad8235729048,2021,1190145,E
6fdea0be-03bf-48ae-8e23-483cbc7f2c82,2021,20030,E
7203d07b-e652-445d-8285-4dd49c585e4e,2021,106996,E
4286c1b5-f5b4-4656-9c1d-48cf7ddaf1c2,2021,1322390,E
bf2cde1b-87cb-449b-9dda-9780348908f1,2021,107920,E
0131af13-0f53-4119-ad49-f41492114ccb,2021,968,E
6651509f-41fe-426c-a48e-e4960f110c0b,2021,94762,E
f4ffa1c3-f97a-4b3b-b7fd-7e3debdc875d,2021,22047,E
81928858-4c69-41d6-82bf-cf97cc06412c,2021,9414,E
8aba98c1-5c27-4364-b5e9-9bca6f06d0b6,2021,117532,E
7b5a23e2-852b-47e9-ab37-bef38149d7ef,2021,1101244,E
590111fc-7f72-4a8d-a97a-7c51e315c374,2021,1270596,E
442a1020-af42-4229-8b63-00477684e27e,2021,48675,E
3b3179e7-fa4f-4c37-b3a0-7a65ffb65a21,2021,94762,E
4a3468c2-2087-4a3c-9454-9640158a491a,2021,37862,E
c111b11d-0f96-4e39-8bf9-9aea5627d998,2021,1306689,E
a4c95315-d7ef-4681-9045-c6b5f619dbea,2021,59122,E
1fa64229-cdaf-4e7b-be6b-8a057a5dbb31,2021,9414,E
c8028ed9-25c6-4fb5-8f7c-d9d5e107a4b6,2021,117022,E
c58e61ab-6c70-4138-b597-3593b99bd2de,2021,5000135,E
878aad6f-c5bd-4c06-8cc7-f49d467c93eb,2021,1190071,E
63106b54-c97b-4f14-b23c-7f3793d34725,2021,5000143,E
f378c5f6-6b2e-495e-b34b-f1489eee8b35,2021,47069,E
a0a4c1fd-4942-4385-994f-60c0f011b9c9,2021,5000135,E
e219ba7a-35a0-4f25-88e1-4ed7bd550878,2021,103062,E
a909ea63-c474-4084-be2a-95807388891c,2021,317,E
4dc7ec68-f23d-41f8-80d6-1e3290115637,2021,968,E
98ce1d03-22c0-4879-b81b-f16d04752722,2021,1190071,E
5767bb32-bce2-48c6-bc7f-87f23c9a85bd,2021,37862,E
deb65d56-2d26-4846-98b0-fb192e091b69,2021,1299927,E
cbdca344-5383-438b-b93e-94ca3b61435b,2021,20030,E
fe2c468a-0c4f-48e7-a6bf-b38d9ed49ad7,2021,1322390,E
14a7ff9b-7792-437c-aa64-f076a6511c81,2021,1318224,E
d16b06e3-9fb6-48eb-8da9-44f7201bf0f0,2021,83388,E
ea0cf1a4-9818-46bc-aa17-0fff320f9943,2021,968,E
5862e63b-157b-4a68-b177-cdf0783f4998,2021,968,E
07f4d4e9-236c-4f3b-a878-8b6cd07bfaf4,2021,20933,E
697fafca-7ff5-495b-8d57-132e19d8fd24,2021,1376131,E
c6e5479b-99ca-4950-9d8b-8a099eed740f,2021,88084,E
156a0d61-1a21-405e-873d-260529ebc20f,2021,1136142,E
14fe2be0-c90e-430f-9272-4554016c6979,2021,48205,E
69fa38cb-b9c5-4036-a48d-8f5180a0ae58,2021,113687,E
115c64a5-3477-402e-9b6f-0d7a9e02d744,2021,513,E
af7dfabb-93c7-4157-b5c2-d9153a8f748a,2021,43664,E
11b26aaf-5375-46c2-a4ff-49ded2e34907,2021,107360,E
a7622055-95f6-46d4-8161-4eb50ecfb636,2021,37862,E
0418b6ef-1ca8-4db9-99d1-283b640aef55,2021,95017,E
7e580808-e0f3-46ce-9c6c-ff0dfcae0c88,2021,88068,E
3216b21c-c999-42be-bbc5-f5f12b7bdec8,2021,106167,E
b94a4054-20d7-483c-9127-35d55db24eb2,2021,101942,E
c4574c8f-826c-455b-9d4e-65504ccd9d4c,2021,1351760,E
f23cc6d7-26cf-4e1c-9e63-fb6cac408a29,2021,318882,E
c1f17633-c9b2-4362-a944-31c39287b091,2021,43664,E
2479b411-4543-46b1-90e8-6fc8e6c7ec0a,2021,1181327,E
d457d50f-dbd4-4a0d-a6bf-b509474c3540,2021,48675,E
c96eeaca-0645-4ba8-9f17-a113d1666d7b,2021,9414,E
4df2b4f6-9e8b-405f-9366-9e3d15ebc1c1,2021,1322390,E
951a8671-d193-4a00-a038-d4d922887556,2021,1190071,E
400e1198-183c-4ebe-92c5-6cfabcc71c3e,2021,11452,E
422ff143-355f-45c6-9753-5c1093778508,2021,43664,E
2b05fa9d-68ba-47a5-b5dd-b6e1d062fef0,2021,2209,E
8034cf5b-af8f-4be2-bf49-ba24ee8e54bd,2021,1314243,E
6e482047-9c4d-45ca-83e7-ef8b6164a97d,2021,113455,E
54ca57b7-ae68-4541-bc79-e81b7bb4049e,2021,22047,E
f38d3bbc-d6a3-4c4a-8ab9-855681da2f03,2021,106996,E
981e7333-0cf9-47b3-b67d-e2c2220c556f,2021,90030,E
c5c8750c-da28-4413-825f-efd01da03fe8,2021,22047,E
3b2e4e03-6417-4754-9a39-9925372fe4b5,2021,5000135,E
092f280d-31a1-428e-9831-7a7842919796,2021,50981,E
3eb8f2ac-dbf0-43d4-8a95-20e15687053e,2021,1190071,E
3933dd7b-29f7-4f6a-a26e-2cba0c2c819b,2021,1148708,E
ece0e3f5-ac5a-4f3a-b22e-b50941e239aa,2021,1322665,E
95eba6bb-1c6f-40af-b7e1-16ab6dff90bc,2021,1385942,E
9e6bb314-2414-4694-a38d-aea9ea17832c,2021,317,E
ebad3851-7b36-4891-9f56-946d8887f0ee,2021,47069,E
c22faa2a-3fef-4068-8585-ba1c791a7278,2021,11730,E
ffec93c3-a629-4d1a-97a0-0f5a3ba8b52f,2021,37862,E
04d08d5a-99ac-4951-a36e-76cae923a20f,2021,48205,E
3ad09094-346b-4d84-9938-fae7acd7b1dc,2021,48205,E
e4a1f361-1f6b-452c-b540-1fc6d54914a1,2021,5000135,E
05f711f8-a235-4352-9987-17c1c053e9ee,2021,1181115,E
3604ad8f-8813-41f2-ac0c-e15542ebc8a8,2021,108660,E
c17dcc0d-51bf-4e4e-afe9-98514c3f96fa,2021,1351760,E
ce6d49a3-4edf-4ef1-a14c-7b5ca6c048e2,2021,98665,E
ee22356c-a0a7-40b7-ab49-e43f332a19dc,2021,94762,E
41558dd6-65c3-40a4-9bbd-ffa957549dac,2021,1376181,E
26a7bb08-efed-4cab-b9e4-86cb94487415,2021,106996,E
52e376b6-5314-416f-98bc-af21d84237de,2021,54934,E
56bb8d26-5d6d-4b2f-9189-060968f1e1eb,2021,1351760,E
8b691264-cfb4-482d-a29b-1464f2644c37,2021,37862,E
71626a58-f52a-49b0-bd6a-56284ee10852,2021,59122,E
6419acf4-b984-45cd-ac91-79fded45b586,2021,98764,E
819eb45a-08a4-4418-a72d-6b5aaf7aba83,2021,43664,E
fd71489f-0c88-4dbc-b3d4-7e41522220d8,2021,37862,E
a2d81f4c-af1f-4ffb-8e78-d276e5112510,2021,1136142,E
17ba28c0-bc73-43b4-beda-7825869ee414,2021,1427745,E
95e1c445-7762-4d5e-9016-fad762419509,2021,1385488,E
e845b7e5-a3bd-4204-a98c-f7bd30f31207,2021,5000143,E
efe59762-4661-4349-b65d-fd85ce2e7d9a,2021,98305,E
b413d9e4-0ec7-4a6e-aec6-64c60351e617,2021,49054,E
854d70ec-de2d-4adf-97f1-e2f8f1ff5856,2021,48205,E
6cb5f5c7-2658-4785-89e7-2932b3c75d7c,2021,97443,E
0fb82a0c-37b5-4b1f-a995-ad18c88365c6,2021,1190071,E
bbc32f97-5da3-458e-a351-38c1923e43bb,2021,1318224,E
e95c298e-92c9-4276-89a1-43bba701560e,2021,106996,E
ab49900a-3deb-4d13-b343-5a613300b556,2021,1306689,E
e0023a98-83e0-4039-86fa-fdabfc894069,2021,21464,E
9c27c932-6e7f-46ff-9db4-095459f0c679,2021,1288839,E
dcbe950e-38b3-4de1-8c01-f36bb2f4e3f6,2021,37862,E
127f0823-e7c3-4c9e-99cd-b8d90dc0af1a,2021,53333,E
7e722ae9-fabe-42d9-812c-dd647c50f844,2021,1322390,E
42170c3f-96bf-47f7-bcce-d8fbe26fbae0,2021,106167,E
180f6421-6bbf-4058-ab0a-386b0ca5826a,2021,43664,E
2e6db091-f2d7-418d-881c-c8918c9b2373,2021,1187671,E
a8edf6bf-3475-4fd4-9e28-6d18f42c4ff2,2021,88084,E
a1bcc9e5-4978-4343-8cf8-c52e0acc044b,2021,88084,E
3faf07cd-2d70-4cb9-a322-61e5aaf6335d,2021,1070485,E
998d7fce-50d2-4ea6-9350-72f261b87081,2021,74737,E
1b44878a-a91d-4554-969e-bb600799a246,2021,1376181,E
261964dd-e4da-40f0-88eb-1addb70d35a4,2021,1322390,E
fa1c9fc7-f73d-4d74-bee8-83f7b42b5baa,2021,91181,E
b4d857c2-caf8-4d74-a527-62eea7ac3479,2021,98764,E
38d1ae8f-1a27-4325-8a74-84c0026284d4,2021,19047,E
29f78b93-42e6-42f6-910c-0532fe3ef621,2021,74737,E
74d88638-11cf-48ec-bba4-033421c277bb,2021,20030,E
d1e84edf-190c-43ea-9bc4-24f1119294dd,2021,48205,E
d0073eef-78d1-4676-9831-ec37b2e8d932,2021,117532,E
67550451-8a9e-470d-8988-cc45fcb27863,2021,1322390,E
2215fddc-b5f8-425f-8867-ab88e6216397,2021,37862,E
341e3d6a-db67-4706-a5d5-6a78e52a6374,2021,94762,E
77dbdc5b-723d-49ad-b1a4-7eb7ede5f820,2021,1047907,E
d82e6c88-2fe5-46a9-bbea-47eb191000cd,2021,20030,E
c85c7b60-f7eb-4a2f-9e7b-d1050528ca88,2021,48205,E
fba73b39-8d90-4d49-93fa-2e9b9952329e,2021,58808,E
f0656188-1a87-49c5-93e2-8a1cf7b7a157,2021,1322390,E
a259860f-668e-4da1-9ad6-192bf315130e,2021,64664,E
d365dffd-4946-4f40-b2a9-f45fdf8c3718,2021,1181115,E
f1e5601e-284a-4b70-ad33-aa1f812f397a,2021,43664,E
c6a42a38-13bd-4788-a3fa-538c3d97f9f9,2021,317,E
0ccb3327-9881-46f4-a241-df71cdc1970c,2021,968,E
8a890664-d2bc-406b-a592-1a0808c9096c,2021,101942,E
acd5bc90-9585-4039-b941-00cceea65009,2021,101942,E
96ca87bc-c1fd-403a-99e8-21071d994d38,2021,1270596,E
1055a0f0-c141-4be2-864f-9b91d5168291,2021,1306689,E
c9ce7ff7-7522-4280-8175-f752e27cd05a,2021,1265453,E
1b599df0-01cf-4460-8000-718001275820,2021,1148708,E
8b5ed753-6e39-41e0-833b-d9753677c9df,2021,53333,E
f544e903-0a14-4230-9c7e-a6b78c449cb0,2021,107422,E
41d69cf0-d183-4350-9017-67217d97db54,2021,1322390,E
34c2605e-5eae-419a-8cc0-a960f13965b6,2021,513,E
97b3ffd8-b0e5-4b5a-a205-26dd0be76681,2021,1265453,E
752501aa-4b6b-4cee-88c7-bc3e4ec61249,2021,106996,E
b86c25ca-f187-4d9d-ab7f-61186c0a1bbd,2021,83388,E
fc5962a6-59dd-42f5-80a0-359b446fd9d8,2021,1070485,E
cab28ec8-9a0d-419d-85c3-a890ecdc07a6,2021,1070485,E
1f580f0c-1c8e-4478-9742-c4f2690405a8,2021,22047,E
33854235-c214-4e60-841f-0f3458198b7b,2021,1315444,E
b0419cb7-6c29-4965-9d4d-2362bbabd61b,2021,48205,E
dfe6f531-9d88-4477-924b-9a1b3cb172ea,2021,1322390,E
e7edfff4-49b9-490b-a165-a1ccd93dc534,2021,1190071,E
949da2b0-0152-4a9f-a28f-f94d8b5bc7e4,2021,98764,E
c145d2bb-2f8f-49b2-b78b-851b3dd5c702,2021,968,E
d2792b9b-4ebb-4d08-a918-d28fe32353b4,2021,18683,E
d86b3004-ef16-43ce-9721-b8527b2de4a6,2021,107360,E
612721f6-669e-4b0c-9ddc-ab83d8d09629,2021,37862,E
61c7f863-351a-4bb5-bff8-f2a91cf20fb8,2021,59122,E
b6e66959-4a46-4ee0-8abe-76a872c56987,2021,106996,E
c44fefcf-afef-44b2-86ac-9e127f8c25eb,2021,106996,E
53ef501a-88ad-48f1-bd40-29fcf10a2e73,2021,1118057,E
173df66a-7bbf-4486-8db3-82fda83f7ccf,2021,106996,E
8c9155e6-f865-4062-a722-70c676c06932,2021,1322390,E
9e4aec80-390f-45dc-ad8e-eaa899fc07c0,2021,1300284,E
285c1161-bad3-4c54-96ae-97dd92a09548,2021,86326,E
6de5c75a-8851-4e60-9fe4-07c738b0f0e5,2021,41238,E
5f0e79bb-cf37-4f2a-b13e-f068763f686b,2021,9440,E
3f79854b-718b-449e-821c-5cdc7272dbe3,2021,19047,E
d946894f-1d0b-4c3d-a1a4-4df609dafda1,2021,118994,E
cff45f71-933c-473c-919d-03dc45db8ab3,2021,48205,E
4568fa98-d92b-4f6a-93c6-ed1d62c35307,2021,9414,E
eead1ec1-2184-496a-8171-cdfb4f581e35,2021,106996,E
16ea4697-9720-459b-97d4-8c788660afd4,2021,58808,E
b64a9752-72fb-420d-822f-4ca95c5279fd,2021,5000135,E
dc00aeae-e018-41d8-83c8-300fcfc02812,2021,1322390,E
6c3e43b1-8a05-4c9a-867e-e04d9fa0aee0,2021,1306689,E
dec0c7bb-7a1f-4a50-92f1-29449ecf92b1,2021,94762,E
f08a4317-3af2-43b7-b066-baa6390f4992,2021,5000143,E
9eafa84f-e02c-403e-8d9d-044cf5d2bcb6,2021,43664,E
1c5f73fa-2ecd-4bf3-9ec8-a043e18ab8ee,2021,1403879,E
c47ed632-5a83-4c3c-86f5-829727e1c5b5,2021,53333,E
7b1845ee-fe91-466a-9b1d-5e30bf8b03ef,2021,1132918,E
05928611-ac4a-47cb-9b5b-76be5c0763b2,2021,13277,E
e0c547c3-02a4-43a5-a205-49b08976b145,2021,20030,E
e224ac64-0ded-45c8-896d-cb92e496294a,2021,116770,E
a4cfcc6d-1a59-45ce-ad75-bee755dfc434,2021,73519,E
f52fca8e-fda4-495a-b9e3-2b0859508c31,2021,968,E
517b24fe-acbe-47c4-ba3a-0fba65c74ad1,2021,118994,E
4f8dd1b9-4107-48cb-b9d9-c7be822421fb,2021,94762,E
d3c081e3-95c4-411b-bc66-cbd2f591faf4,2021,1306689,E
7e62e32c-f87c-4991-999c-39117c36e75a,2021,1108692,E
37f68f40-5e2b-4aaf-8403-24d1174571b8,2021,101942,E
b9157f71-5c3f-49e6-8eb8-a813c8f48d5c,2021,37862,E
0ea95a29-3574-4de5-bbe4-fd2d77b0f92f,2021,43664,E
b7094b5a-d86b-4e4e-8230-9c85372eee3d,2021,317,E
33381459-6dd9-406d-b802-89522e330f7f,2021,98665,E
14552263-b4b7-4897-b589-5e4fc3cb2183,2021,101942,E
0def6f98-cfaa-4374-af8e-fd8adb9a0c7c,2021,101942,E
b28c010a-c79b-41b5-afbd-678ddf2a2b61,2021,98665,E
71e2992d-55c3-403f-951e-9fb870a456cc,2021,41238,E
d489adeb-6277-4118-a4eb-e9d8168b22c8,2021,37862,E
94fd52ae-aa00-4a8e-93c6-38f512c29a79,2021,94762,E
3d760863-7534-4aed-9442-485046d24639,2021,1047907,E
b40d696d-fb85-4dbf-ba9b-f51635d41b2b,2021,47505,E
347367a4-6644-40af-902b-55b777100df4,2021,1376131,E
eae70308-f6af-4c72-869c-ff1893252f01,2021,1181115,E
d79b6d36-6c24-4f28-ac90-8078528ff53d,2021,88084,E
18caa8fc-f326-4a3d-9f58-6b4d2f869e5d,2021,88084,E
0ed58f80-ff80-4402-a8d3-0fa7fdc71996,2021,18559,E
ac9c01f5-09f9-42f2-b2db-f9bc7ea64b70,2021,1190071,E
5a84c0f9-d95b-4953-bdc5-d4b4ffb912c1,2021,1265453,E
94045a72-b841-41aa-b2c0-1f72a9f14222,2021,37862,E
300b811a-6b41-441a-9340-c105d4f8a91f,2021,1322390,E
bc6abd6d-25db-43c0-a420-c46ffbc3e9d5,2021,116770,E
74a2ccaa-628f-45c5-8204-f6aa6c7b8cca,2021,2209,E
cb8fff9a-cdc0-40d8-bf13-f0bf8f5f2456,2021,20933,E
2e1eb9a1-08f3-40b6-8b70-210e0c131f1b,2021,112086,E
3648736f-85a4-43b1-8e93-0d3d0b4c769e,2021,101942,E
110f2490-f977-4379-bbc9-4269dfb64778,2021,5000143,E
a3afe6d7-6992-4dd5-a14f-136a86fccd1d,2021,88068,E
8ea09874-a56c-468b-bc6d-2f4a7615c25f,2021,87396,E
16b8da5a-992d-42ca-992f-4d6e76c5c1ce,2021,20030,E
86709fe7-1428-4ac4-9713-0a004da93c02,2021,58808,E
b554c013-1db3-4bc1-a7d0-fa9432ed3aad,2021,1190071,E
90820359-de0c-4e1e-b979-ed6339902edb,2021,107920,E
6f4b7c48-36bb-4a25-b44b-5b711210a1fa,2021,49054,E
819b993d-328d-449c-937e-85bb57bb086a,2021,50082,E
8105a1a2-552d-4c2b-aa13-eca21b2e636d,2021,81210,E
b46d02b7-386b-4d97-9e0b-923833a962bd,2021,18584,E
3dae8376-8cfb-4a21-ba2f-2624f1c204c6,2021,98665,E
0beff83c-2f6a-4ebb-a89f-048e1d2cee80,2021,1376181,E
7a0d0cdd-b762-4662-81c9-b44aa5e1f11a,2021,1190071,E
2fd47a65-cd05-4911-ae8e-f74476b9def1,2021,1270596,E
f26ec3de-50e4-43e0-8a67-d42ede328bff,2021,58808,E
53acd4fc-2d15-4387-88d0-88c52d457040,2021,91262,E
a68aff13-8aa4-4c9b-95cc-271c2bb9468f,2021,18584,E
223d482e-f399-4559-8fc1-e57de134c208,2021,18559,E
628fc708-6a56-407d-96d2-0b42b13ded2e,2021,73140,E
9625bed9-f363-45ff-ab64-13746e25157f,2021,37862,E
bc32c1bd-dcc8-43ad-927d-fc9fc7f59077,2021,13277,E
74897ba6-b901-4afe-917c-a98fcd0f923b,2021,48205,E
54ba195d-1231-421b-892e-588a70adec81,2021,47051,E
00d8f375-05bd-4181-929f-dc999ca77bfb,2021,18558,E
ccb60860-4c51-407e-bf75-43a7638ffead,2021,41238,E
da2a8262-c3b4-4971-82af-427f06dda172,2021,1148708,E
9cb24480-589d-4cb5-b119-6f32b8d8f1c2,2021,1427745,E
57de851a-a554-4f56-b794-f306225dbe63,2021,48205,E
a4e38582-b691-47f2-b327-c10c1d553435,2021,2209,E
6ae37a1b-ed9f-4ae6-a603-654da0a7e8d9,2021,968,E
613cc660-748c-4515-a9d6-12cb0b160478,2021,106996,E
ac18d5fc-9405-4d16-ad94-c93ae97b8765,2021,1283028,E
efa1b8a0-2258-447c-bbc8-3752820a6d0c,2021,20030,E
8a8f4617-229e-427c-a5dc-d3772d60d8ac,2021,1322390,E
6f2b2cfc-a661-4d1a-a2e7-e50996dc8331,2021,98764,E
4b9347d9-ca14-4571-bbd2-35c7278aea49,2021,1267543,E
24b6759b-3b18-4c3e-a021-373088e37bbc,2021,11730,E
1b13a10a-b356-4fe6-8c99-850c15a0bce1,2021,88084,E
bdbd86ee-ac6a-40c4-b718-5e923f1c88ab,2021,49054,E
b0b69492-8e51-4839-9589-186b2dc75d9b,2021,94762,E
9378ea1c-3770-42f0-bb12-a3bf0578053b,2021,95017,E
cf5a09dd-0a72-47e6-815a-6ab5af574a13,2021,56172,E
55596fc2-4350-43fe-a5ec-26a69daef628,2021,114616,E
be38bdf9-2e3f-4749-be08-063be535f4df,2021,114616,E
fa6644c0-d140-4ae5-aec5-081b179de16c,2021,1300284,E
f4a39188-2084-4657-9a33-924190742e9b,2021,108660,E
4a7b5795-634f-4e9a-a1f5-ba771815b51f,2021,13595,E
7877ee9c-efeb-492f-9c9d-0a19876ca0bb,2021,106996,E
a2ec0a50-b1e7-47b1-9016-6270ef1414ef,2021,37862,E
845a1e6a-12b0-4bfb-aa9e-3724adaefaf9,2021,106996,E
1e610057-e553-4642-b344-678055a50583,2021,18683,E
4335c7e3-c6f7-4dc0-8cdd-20aafb180c4f,2021,106996,E
fa454a7b-9595-48e3-9669-c5b532fd027e,2021,1032473,E
f3661042-3a73-457e-82f5-ee2eb3fdf9f2,2021,58808,E
e6756b06-859a-46ab-8367-914420bcf82e,2021,1190071,E
2700a6d6-2329-4149-8406-d8ccd905e5f2,2021,108660,E
7554d125-7991-406d-9634-30ce79d7256a,2021,43664,E
f7af1618-b782-4505-8df7-c519a1e905a5,2021,13401,E
7fe71d21-d8a9-47af-ab9a-fef4a8ccbe36,2021,1376181,E
d58754f2-25e7-4cea-90b5-c4ed24913585,2021,20030,E
2a715d1b-e6b7-4e43-a73a-ed64b7a6067c,2021,48205,E
cbc400f7-b9ed-4017-8377-ab1627f14e57,2021,48205,E
c46b106d-1d1f-45f1-983b-4fe3b0381e44,2021,1203177,E
7e870087-22b4-46ef-a66f-8378d1d1b920,2021,2209,E
fcf5498b-367a-4532-aa5b-4e3b4c29ab75,2021,98957,E
aadd2f4d-026c-428f-89f8-f1061a79ce7b,2021,98305,E
07458b3f-0194-4220-a3a2-50d94098ec07,2021,113455,E
14b3aabb-15fa-46a4-b930-d62b069988f4,2021,88068,E
568b26d5-b2da-46be-b640-e4f7b05e0a2a,2021,46377,E
fa07b2b9-0d77-41cd-a1ec-335ad72aecff,2021,1258063,E
1fee8e39-aa51-40b5-a0e5-43da453607e1,2021,1190071,E
1f2dc020-6f03-487b-8f2e-f90d1de59f16,2021,1190071,E
e4c55b0c-9991-4455-8d65-05d00ae03f7f,2021,97778,E
b1036173-180f-4251-aa5f-1a62ac396c47,2021,50082,E
208a676f-460d-4f33-8e9d-3541ee31b242,2021,9414,E
71a4847b-3e8a-4e86-97c9-7d50980845b1,2021,58808,E
27516c00-1cc0-491f-b4f3-f7ef5890628b,2021,1047907,E
941d4b6a-c751-4c23-ae0c-cc22c9899e6a,2021,107920,E
1d558a92-cf47-459e-9f82-0a8b50527352,2021,43664,E
432aeac1-7a15-4aed-b3dd-6ccc89c91e05,2021,94762,E
4ac61665-8f4f-4531-9ca6-0ccbeffd9173,2021,108660,E
c13a759a-eed9-4bc2-ab2d-c2a82acb72a9,2021,108660,E
6378bb60-9fa0-4d34-974b-4930dd3ad381,2021,18559,E
dbdaae35-fe6b-4d68-8002-683ffbb1f12d,2021,318882,E
1c691066-5ccf-4810-9e57-c9666d1f667c,2021,101830,E
ddad51fc-41f0-4765-8195-5391ab238cc7,2021,106996,E
e8204153-bfab-4fb9-99f8-6edbc2407cf7,2021,2209,E
8bce2678-9d30-4126-90f7-f7d457dabf67,2021,55402,E
dc9bb7c0-44d3-4cff-bcea-8062a3e2ec0b,2021,5000143,E
81bcf75f-7c01-4043-b2a2-7f5ba4d32952,2021,83388,E
fd32c963-d7ac-4762-98a7-4a78c0b9a2f7,2021,94762,E
a6883e98-c70c-457b-a162-af96d1f2021e,2021,94762,E
2dd67970-9a31-4225-855a-6dba92e6e725,2021,1132918,E
c3e452c9-9559-4140-bdb0-58f4e76274bf,2021,67092,E
64610fc5-1eaa-4abb-9e93-66cac21455f7,2021,1047907,E
810f2624-578a-4501-8bda-4a111609d6a9,2021,1322390,E
4554f1fc-6c34-4b26-8dc7-4b97a378abd1,2021,106167,E
f121b862-54e2-4374-aa46-6217f6d959e0,2021,1306689,E
a202922d-9095-46c6-b04b-1e6006bbde46,2021,2209,E
73f0a91d-f2de-4fff-8e28-174c235c834a,2021,9425,E
bc6e0c08-7898-41d8-8135-06d344fe9ab9,2021,104360,E
d93a80a5-769e-4838-b90d-f0817b0e9e18,2021,1187671,E
60ed6599-ded2-415c-88a7-980d8cc92773,2021,18267,E
9ff8fff0-ad8a-4420-a92b-bc00fd5858fa,2021,58808,E
e90c94d3-18a7-43e5-90aa-0c82cc99db6f,2021,107920,E
728ef19e-40fe-4f4f-9c13-733ba50380e2,2021,108660,E
e93effb7-7483-4f49-9b4b-5ab9498b5159,2021,102590,E
693694bd-e29f-4961-a228-9cea36056529,2021,97778,E
2a6982c7-416e-4148-b12f-663bd40b45cd,2021,11730,E
27aa4ba6-524c-4451-a904-6e39c8d2abfa,2021,1288839,E
afcb7df9-6da0-4b36-a004-704e8187b421,2021,94762,E
319f35ef-22dd-44ca-b07d-21cefbda9d43,2021,88084,E
c33f2759-7aee-4f7f-9916-0e6d931b0b2c,2021,13446,E
efa9753d-18cf-43df-9905-acb404a0cd38,2021,13446,E
56e59526-8e04-498b-bcb7-6faf4a7de766,2021,19047,E
0e445f2f-0ae8-42c2-8235-855f86e90b87,2021,1102628,E
355afb32-f5db-4c90-bdbb-b3453911f173,2021,94762,E
b1c8e5f9-bd97-415b-a8c5-dd75c2eb7477,2021,101830,E
6f453270-e4f0-4c51-8c29-3882a18deb38,2021,1300429,E
3a4c84c7-d304-477c-9bf4-a817f04662b3,2021,5000135,E
a1989b4d-9833-496d-8fb9-af908b0c40e5,2021,1181115,E
fd1015f4-bf83-43f0-b5c7-5e77a8e9cdb8,2021,43664,E
548f3ab8-e2df-46f7-99d1-8d9ae56d612c,2021,103062,E
7d644fb9-0c08-444b-8deb-514bc92448df,2021,5000143,E
50f6a551-d20f-4eb5-86dd-cdf7bec65347,2021,21464,E
e1459e62-bdb8-42b9-a2ed-3718dc5ea478,2021,11730,E
52d021dc-c4dd-4a26-b356-9f8aa9914854,2021,113455,E
15d87550-9d7f-403f-8682-20c237b399dd,2021,9414,E
dbfaabac-dc20-4863-9aa0-3ef578817e31,2021,9414,E
4ea33a5d-fcfb-4261-b40b-e4aff113be46,2021,1322390,E
53d683a4-4e55-4fe0-84fe-f332b5bf75e3,2021,1318224,E
d9fdf8af-1083-45aa-b13e-a10444553ed3,2021,317,E
d91aba39-4c48-4fda-b520-7d49ea38c1ad,2021,1187671,E
a6c92d63-cb73-4d63-af76-929e423ed8d4,2021,11730,E
c2369551-442e-4878-b8c3-6c1514b8555d,2021,48675,E
d135950d-0465-4e76-bdbb-838697f8bc27,2021,106996,E
bb9ec5e4-df1f-49fb-9bb4-ab72b3a60c5e,2021,106996,E
6d23c0a5-56b7-41a6-9e2e-fe33cc6956e8,2021,5000135,E
4cf843bd-44e0-4496-bef2-6fc8b6cef008,2021,1181115,E
b9a3a146-2c2a-4dc6-bbe8-30be890d454a,2021,9425,E
22e355a2-9235-4cb2-9ba2-06c801e4a7f0,2021,49054,E
ab6aff46-26ae-403d-8297-b8d51075dddf,2021,94762,E
f68e4aae-acbd-4b1b-9078-f99fb2dcb117,2021,95017,E
943a8598-53ce-4bb7-9374-693283d6b90e,2021,2209,E
ee6c6032-1986-4f21-8b9d-65c15b66b8b8,2021,114616,E
51d4fdfd-4fc7-4895-a6be-157b79d5b50b,2021,88084,E
d675ec23-08b5-492c-bbe8-e756186530d5,2021,968,E
f6f0c7b0-db65-4125-b2ed-829bdea63d3d,2021,108660,E
a3bc85dd-9679-46d0-92ed-c050948f4941,2021,1136142,E
119a3c17-4a30-44ea-bcb0-57772f006bb7,2021,1283028,E
7a286ccd-17be-4fb6-a54a-1fd6d2f7d15c,2021,67092,E
229789c9-bc88-4320-b11f-c1b50164fa78,2021,1258063,E
3d6cf5e6-c46a-407c-87b8-d89faceaf2cc,2021,64664,E
38252f70-6d1c-4a3e-aef2-9e9c254ee5a5,2021,11452,E
8eeac6c0-5b29-41c0-b288-52c316e5b5a1,2021,97778,E
a75b47d5-7233-4b9d-bb41-b69c90f1bba5,2021,1187671,E
1ff8c14f-2568-43fa-a22d-f6589abe405a,2021,43664,E
1667cf21-5e5b-4591-bd57-366e538dc117,2021,13595,E
6378242e-f8d9-4899-96da-c7431aabe231,2021,1102628,E
01a7335f-0534-4f72-b8a0-a2ba46e85d34,2021,74737,E
62ef17ab-5e1c-4cb7-9076-52983662c262,2021,106996,E
3fa1fe00-8319-4f5e-865e-de1f662f9553,2021,97443,E
73038e78-183d-41ea-a5f4-46099144d11c,2021,1181115,E
a6beb7ab-a38c-4ec8-895a-b6a6b2c98687,2021,5000143,E
f229e47a-3822-4e81-ad84-df83a188c6d1,2021,1267543,E
7c6c96ef-6eb4-4f35-9b6a-3b5192b60250,2021,13446,E
9d40fd4f-3800-4600-9fbc-923ab95a72d3,2021,59122,E
2be334f8-6e52-4a08-8a51-00e90ccde909,2021,1427745,E
cc5b71a5-ae87-4ba0-b11a-7d60430beae2,2021,1376131,E
b315e79d-6643-4b34-b963-bb5b4d431f0e,2021,1166783,E
249bce14-07f5-4947-871e-788b96e60af9,2021,98764,E
8b274fe4-face-434a-b722-fbc76d21a174,2021,98764,E
a29f19b1-c151-4f32-b6e9-6a2f020d4ac6,2021,43664,E
80969de8-1f93-4b4f-bc40-92ae29b763cc,2021,1288839,E
d5b9b24f-7942-4232-9625-2a836e23c605,2021,118468,E
6ba02a81-004d-4076-b551-8dd3f429daa4,2021,1376181,E
0957c48e-ec66-4899-905e-54cf2fd880a0,2021,1376181,E
1d328f74-2749-4a51-b082-a73ea04106a8,2021,1322390,E
f8f270ab-0ac9-4832-ad9f-e005af474321,2021,318882,E
69715264-3ebe-4f3e-add8-49b5ebe72415,2021,83388,E
93975060-c20c-4db3-8d83-4be936e66b5b,2021,37862,E
5dc3f8d9-c5f1-4728-8774-6d19dacb9072,2021,94762,E
5a06af17-37d9-4cbe-aa19-025391119c46,2021,1306689,E
e5e634eb-65f0-4b44-8a6b-ade2ab00e2d0,2021,56172,E
fbd6372f-04d2-4476-bd9e-0e3c6dc6effc,2021,48205,E
e5165228-93b7-46d1-a80b-b90ab5dc1385,2021,11452,E
70fe1054-6dbb-4ed1-bbfa-f2f196c6956c,2021,1403879,E
143afa0f-15c1-4209-8fb9-67814311a3f8,2021,101942,E
3ff4bbda-5962-4b10-8194-2778f3665f38,2021,1148708,E
5ab761a8-0a2c-4cdf-8d84-d65b2904d174,2021,1136142,E
9c1aed31-f081-4606-aa2a-4e5d613ca32d,2021,107920,E
3334db3e-41c7-4200-abf7-49bc1cac38ab,2021,98764,E
d2141134-2d80-43bd-b9f9-38bf18a28fa1,2021,5000135,E
04540690-3636-49b3-8ffc-feecb7162fef,2021,94762,E
3dfe9d17-9184-4f65-be83-ca0ddcaacc66,2021,1187671,E
d786ebee-a800-4629-8fb3-7b53560bfaf2,2021,1190071,E
59330254-07cf-423b-86aa-a196c46bee7e,2021,41238,E
ebf7dee8-374b-4188-b5e1-f9b3142342cc,2021,101830,E
19eef219-4ec9-41d9-84c2-f4d67125a265,2021,106996,E
bf01fa01-3dfc-44bb-96b6-2aef786478a1,2021,5000135,E
5426cd0e-172e-48e8-93dc-6ffc277848cf,2021,13980,E
fb93c3ea-0173-4ca0-9d11-956841daecf8,2021,108660,E
e841427d-52c3-487a-999d-8f5ebab7c71d,2021,108660,E
a1d0eed4-82ab-4944-b97d-3e9d7bfe147b,2021,43664,E
a39497b1-d607-4225-94d9-91ca53bedc65,2021,13595,E
2fa47f7c-3ffc-47db-8f61-45677e0c2a79,2021,1403879,E
0da14776-9d10-4d2b-94b9-9c54b2d61c2a,2021,101830,E
dc29fc8c-2667-4971-8c82-64b3620fbe4b,2021,103062,E
bcae3c1b-8917-4e63-81ca-d162eab3a93f,2021,18903,E
9e90061d-d8a0-4b35-a7e7-c7ad4433b6ea,2021,22047,E
f87f94dc-f06f-4d1d-b5bb-c5d6be70a3f6,2021,59122,E
6dc60623-4217-468f-abb2-029d3b3feadb,2021,18584,E
bda032cc-4ec0-4f3f-bd9c-e2a2ba60308d,2021,5000143,E
0589541d-1e07-408c-8b42-a6fb8ecad78b,2021,1047907,E
5dd5b39f-59d8-4adf-a0d4-bcc384a394c7,2021,59122,E
dc75211e-e472-491c-8930-726177b73163,2021,48205,E
0fd7fe3e-ebcb-4d42-b87e-578a0c1fb613,2021,106996,E
816fcb67-740d-45e6-8fdd-f91079b1c768,2021,114616,E
925f8676-7189-4da4-91e3-429d125ecf89,2021,46377,E
dc888eba-325f-45d9-8326-16bb67088762,2021,13401,E
9f98830a-f034-4f11-a224-e6d2a51cc466,2021,1032473,E
f104d1e0-b6da-4b44-9572-93d8abc727f6,2021,1181115,E
d20f9238-ae49-49e5-a38e-152021773277,2021,1318224,E
9e268c47-5099-49f7-8330-4c968ea563be,2021,513,E
2e9b8ac6-e98a-43d6-a28b-28ae28c8db71,2021,18683,E
48451357-bacb-400c-a940-73d261f154b6,2021,108660,E
a7781802-f4bf-454a-bcbd-382ed1625613,2021,107360,E
1c59220c-1c25-4804-8383-4d2be373f60a,2021,1204325,E
0366e644-f6dc-4f8c-97d4-616465f984dc,2021,20030,E
448f6764-82a1-4793-ba71-41c36a458403,2021,20030,E
50b4fe2f-dc4f-403d-9fb7-952549ab5124,2021,9414,E
cf3182de-ae98-4800-8f10-44957947186a,2021,317,E
f6625ad2-774d-40a5-abaf-b41894123901,2021,1136142,E
219ada82-b314-4b77-a07e-9a7005d3d39b,2021,1283028,E
aea280e4-f091-4a7f-9ad3-c76ff1c93a50,2021,1322390,E
af5c479a-4040-43c1-85bb-ea5713c3c03e,2021,106167,E
e5e279a2-3435-4373-9bdd-56d3139ba0fe,2021,108660,E
8699d5d0-e5e0-4254-9a09-cb303be15a92,2021,101942,E
f78a336c-e28e-4e2f-ba78-3e58c3d35249,2021,101942,E
e593852e-1992-4a21-a159-e1ec2ac513ab,2021,1148708,E
fea49895-dc83-4d99-a745-cedefa68cf9e,2021,94762,E
57ca0fa4-a4f5-4f1e-8bec-8d03555f13c5,2021,117532,E
f285d885-5889-467c-9737-f0d377a232b4,2021,1047907,E
1605a460-c719-4ada-bf22-d454ad47af69,2021,106996,E
016a083c-8703-45f4-8f3e-386e9e0d4134,2021,47505,E
d75d9839-d8dc-4701-bc9e-d8562c30734e,2021,81210,E
e8029db0-a32b-46df-af5a-1f149ea1f9d6,2021,94762,E
77513a26-d96d-47ee-8ca5-01231522ac53,2021,40343,E
d08c35bd-167b-4ae3-bedd-aa025f1b73d6,2021,18584,E
b2021bca-3ac9-45e5-b3e8-ab56165cb6ac,2021,1376181,E
b91b6925-e4f6-4983-80b8-3f1b76dcea0a,2021,1322390,E
e7c891fa-959a-4fd4-9889-7da83a76fa3c,2021,18683,E
d4a9e59b-372a-4c40-9e32-d68f75709806,2021,57606,E
3453b440-7739-43d6-af98-9b6831e271f7,2021,1351760,E
dd37ea31-9e29-489b-ab60-9da6e35cff9d,2021,1136142,E
94efc7b0-5c00-4565-b6b2-d277d79aec15,2021,94762,E
f6e23f5b-2ac8-4d21-8a9b-e6e5053a4988,2021,47478,E
6535f787-622e-4e83-abea-d3db700a131e,2021,59122,E
357fa411-6057-42a4-b9a1-e779b9037058,2021,106996,E
82dd98a3-a118-4b6a-a1d2-9ce98239f1f4,2021,1190071,E
010cef1b-849e-4f9c-87d6-526548209b3d,2021,116770,E
90268a2a-fefd-44a9-958d-562b0a8301df,2021,317,E
b5df94b7-7114-4b02-8434-ab32bf5c7b18,2021,18559,E
17639731-92f7-40a7-90d3-398fb5e3d288,2021,37862,E
5078f188-e7a0-4315-9ded-c82252dd63ad,2021,1070485,E
bc048294-f540-4c47-af98-b2709ebe11fe,2021,1204325,E
43d6c747-465a-4c97-905e-63e1a88d8567,2021,1322118,E
482dfe45-8cf0-404c-adb2-33fb31837bcc,2021,37862,E
15c8c696-50c4-4d31-8950-cea5bba44403,2021,94762,E
af29445a-986c-4520-b904-cc4584b3d41c,2021,101830,E
4965cd46-29aa-4b23-bb2d-4d879b70edf2,2021,1306689,E
c40c2b53-3ab8-440a-95a6-c7c2ea591876,2021,22047,E
2160ddee-c5f6-411f-a496-e99aa2ce5ad0,2021,48205,E
0bb55a60-19f5-44f2-a345-26cd73512931,2021,73519,E
e4851426-e51b-4010-968d-4809e399ba07,2021,94762,E
0aa3db29-856e-47c0-a2f1-85ed740ca92d,2021,103062,E
a2691f62-1e98-4251-ad96-e0a53e63272f,2021,1269545,E
d190bf92-07a1-44ef-8613-4b5eab028316,2021,20030,E
fbaeb1f2-9a46-4445-986f-82afaf5dc5ec,2021,5000143,E
5ec2865f-5b86-469c-9e20-30476cfacb85,2021,1190071,E
fd34fd0f-3229-43e7-b455-94bc0232ee66,2021,13401,E
cb5ba9e7-ef00-4d2f-a75e-617142c3e0a6,2021,41238,E
b68a1237-266e-4607-89a0-e82c04ba20e1,2021,1288839,E
a27d7659-f5ff-4318-810a-b9e6148c2ebf,2021,48205,E
bbc4d7d8-c9ef-4a12-8d42-f95b2fc28c9b,2021,1322390,E
01f8932f-9cb4-4259-afc2-7d28fb3426dd,2021,1166783,E
1b8090ca-f95e-4545-918b-bdf7e51ced92,2021,94762,E
3b7b7093-cf80-46a0-9790-9c8e9cdd7038,2021,968,E
610aa47e-8418-43b1-b750-f499668b6e2f,2021,13216,E
74b9c807-5622-4ed0-8930-c19322e98677,2021,47051,E
64368e10-3adf-48c3-aa66-c9c4e51214e6,2021,1265453,E
0781fc01-4525-4797-b474-4b049ed84a6f,2021,20933,E
17d63692-ac86-4d6c-bde4-1fca18a3656a,2021,87396,E
4703abc8-1118-4343-b5c9-b429ff20a20e,2021,1190071,E
b0e4e901-0673-4002-ad50-65c0972fdc92,2021,106167,E
a3896043-cfec-41bd-afe5-7ac2b0611eaf,2021,94762,E
51be31d6-4589-43df-9ab7-17c2131f53fa,2021,9425,E
9b2c7172-442f-4966-946d-7b2fdb09b987,2021,43664,E
0ed523ef-b474-404f-890b-345076a976a4,2021,118468,E
cc57a530-9397-4e93-b89e-ed75b34e9c45,2021,9440,E
1f2df087-21e2-429d-8354-f9c7a983b13e,2021,118420,E
d3151e23-ee2b-41f7-8b91-8cefdd735aea,2021,53331,E
2c7df97e-fed5-4a4f-9368-ad91cdb5a420,2021,22047,E
e34cf780-4836-46f3-89af-072346dcfb2b,2021,1322390,E
cbd04b11-67e9-4f01-99f0-0ac2a457b0e5,2021,1181115,E
321df59e-d694-47da-a49c-7f57523ed921,2021,1306689,E
833c3376-5d9d-412e-ab0b-c24f5bd4029f,2021,95017,E
2eda4d76-45c5-4f72-85c9-cd3531f9bc99,2021,1314243,E
363afaf5-f18b-4366-9812-2d2d015ea516,2021,106996,E
dda02134-8214-4199-8008-1b358e47f884,2021,49054,E
a88dd032-e4fb-4e34-9f2b-f8138376ff77,2021,1102628,E
5484ec1c-51b6-4519-b4c9-9cadc692a325,2021,47478,E
b0c097aa-552a-4bc7-a929-519859fac0cb,2021,22047,E
38d5d3cc-c9ca-49ca-959c-43ea63830ea8,2021,9425,E
f6027df8-fd20-4d66-b86c-c877c4ecae8c,2021,1190145,E
7f0a1ae4-1bd4-42a8-806b-8d1024210be8,2021,13216,E
de8d6425-eea0-4e26-afa4-c4ce6acf0d96,2021,1187671,E
ee345f9f-3be1-48d0-a11b-f8731b26ea76,2021,88084,E
fc601a3d-66c7-4a23-95a3-93a75e0992cf,2021,107422,E
74236031-3810-4551-a961-8af8ba905551,2021,20030,E
a9feb1b6-f72c-4763-82be-6b75415c9e3f,2021,106996,E
5c5ba1c4-df40-435f-b5d5-e6ad9302c1cd,2021,49054,E
84faa5de-6d8a-4055-9ae8-cc88467b196d,2021,18683,E
7dc2e4a1-2741-4141-9d1d-f2a981bcbd67,2021,19042,E
74b81bfb-b935-4f77-a8d8-acad61dd1d9e,2021,317,E
1c85ebed-626a-45bf-be46-93e6bc2ee984,2021,1187671,E
e72553f8-1bdd-4f33-b24a-8c7148738163,2021,94762,E
107335b3-7e91-4613-9422-e0336cef4467,2021,22047,E
eed12750-d6e9-4563-9681-9024f0220b09,2021,1427745,E
ff769823-b35d-4393-85ae-baa57aa41134,2021,106996,E
5039ee9d-45f4-4b15-b1a4-2b32eb38e41c,2021,1300284,E
308461df-c2f2-4a87-88cb-e1b0b0662258,2021,57606,E
4ef920ef-8e59-4bbf-aa08-096b0e52faf8,2021,107920,E
42fc75ed-1d45-4c53-9182-6be23a5799ce,2021,19047,E
283bba47-dc28-4950-a41a-778e37bb0784,2021,94762,E
6941ef31-9f28-4f9d-918a-6853cd563135,2021,1427745,E
58e4a660-2979-4c38-9554-325c6679cbaa,2021,1427745,E
8db32d8a-c59f-4d37-87ee-2dc43810af50,2021,106996,E
d1e5cc8f-9194-4005-9f03-e10fbdb1a150,2021,317,E
60f449c4-6529-4c2c-a782-7d4ee9865dc5,2021,108660,E
60ffb782-fb18-4306-81b2-b994696a5573,2021,1269545,E
f4335039-6329-4c73-83a0-9ceb80ab7442,2021,1070485,E
6e9d2966-d4ed-4c60-b54a-a8ff070558d8,2021,1190071,E
f9c48145-a3e3-4a4e-aa90-2c321240760f,2021,116770,E
aa7d2f51-7154-49f6-9c3d-29b83cda8add,2021,94762,E
bddd0771-8780-4275-8296-ff8da0a41eb6,2021,98665,E
391fad73-ca3a-4a6e-ba66-829c6ea9ad90,2021,1047907,E
9ef93b95-05c5-4357-93ef-2736c1868e16,2021,12313,E
629ec203-2c5f-42f4-9747-b627e4dd0c72,2021,5000135,E
2fdf7b2d-14eb-48ac-861b-87489e6fb44f,2021,67601,E
2603b21d-e913-4cf3-820f-f378cad37222,2021,1385488,E
8d3322d4-7617-4ee4-96f6-00ad72a19c29,2021,95017,E
c79992fc-3cbb-4554-b213-0fb51f9febc9,2021,1299927,E
babfb777-65ea-4666-8ebb-45cbee3b39d6,2021,48205,E
c9bfbbd2-cb54-4add-9887-24f870cdcfa6,2021,18671,E
40b07529-e1f5-4139-9f9f-beec710f3e8a,2021,18584,E
671469a9-a8b7-4ea0-b2c6-ddfb50518133,2021,18584,E
af4691a5-76be-44d7-a7c1-df953c3e678f,2021,13216,E
f88a3220-4655-4dd7-b81e-b580b9fdd062,2021,5000143,E
7e3700e5-c515-4650-a6b1-687bd90b3ae2,2021,1187671,E
92d0e857-ade0-4128-8ee4-c178cdeb3146,2021,19047,E
bac4e16c-1f2a-4a3d-933d-a0cff582de65,2021,83388,E
bbbe41c5-3256-45a6-b8cd-65e76240e2ec,2021,113455,E
9e9fd85d-c1f6-495d-9319-cdc4624633b3,2021,95017,E
3b0e0700-66b3-4350-a160-006870eb8911,2021,1306689,E
bc4ef01f-ce7d-498f-9ab7-6324617403a8,2021,9414,E
63717097-e417-4895-9df3-c915c1a70cdf,2021,106996,E
70a59ec1-e934-4d1b-956c-01d6bd6926ec,2021,1101244,E
d5d455a1-9abf-4aa8-a114-2527ebb4719f,2021,18671,E
a9e5772c-e3f4-42f6-9907-93f13b809e14,2021,94762,E
51189016-d744-489a-8b5f-601533b9d6d6,2021,103062,E
bb24962a-6ed2-4afc-920f-15c722512dce,2021,47051,E
76596872-4cbd-445c-83ef-bd2327de2530,2021,13401,E
f090301b-15b7-4f49-8bc9-ae6140c632de,2021,94762,E
52b98007-d8ea-42a5-9c9c-2a0c64bef4c8,2021,53333,E
1ca4ca40-9bdf-4234-b4d2-be9efc2e0514,2021,1376131,E
76d726eb-1d16-45d5-9cd2-dad00befb1db,2021,18558,E
eef9f92e-72ff-4835-93b1-a572a6a64b6e,2021,11554,E
01dd7062-8a78-474a-916a-c9a571d1158a,2021,11730,E
91ef8813-a75c-4b6b-8e32-04abe294682e,2021,20030,E
2bdbc21d-247e-4906-a4fc-32fb0388052d,2021,1118057,E
bcf4cfd1-cfee-4209-beeb-3061d41c10a1,2021,43664,E
c9277bfa-dc39-4c7f-b81b-35e55f63efdc,2021,22061,E
59c145fc-6482-4f51-8563-c4f3e2ce0126,2021,73140,E
8a7cae6b-cd5e-42dd-9c15-6bb4aaf82a8e,2021,112086,E
a7a1c876-56bd-4ea3-8d79-0773215f8bec,2021,5000143,E
7fb8b385-4799-4651-a93d-0286ec772920,2021,5000143,E
a72c10c1-dddc-464d-a68a-0e4c975749dc,2021,13595,E
3cdc8971-f08f-4223-b123-2972a018d711,2021,107360,E
50c8498d-3f5c-4535-988c-40c57f48bf14,2021,88084,E
bf54ade1-103b-4654-9d05-16a12506188e,2021,118420,E
181357f8-d5fc-4858-b396-1da730d30170,2021,53333,E
c2eae30a-8308-497c-ac19-59fa7e48cf7d,2021,20030,E
403d4249-1faa-45fa-89cc-6b1c09c52424,2021,116770,E
3362e1cb-ba2e-466b-b923-8c4f17be89a1,2021,1166783,E
81c84821-1706-444a-a71e-b87304a9d69b,2021,1181115,E
870e4dd4-86d0-476f-ad9d-b53ed5e9646b,2021,88084,E
0ff08329-2ca2-498c-be1f-cfc028c63cf2,2021,18584,E
0af62e31-3768-4f37-8e5f-b2ce5d3af996,2021,1351760,E
ca6fe42c-41b5-459a-878b-8e07370b52be,2021,1288839,E
8c849107-1cdc-4dca-a764-6eea64eb2673,2021,1427745,E
2f5e3314-fd38-47eb-81c4-286bd7da6d4e,2021,5000135,E
2a4f3bc5-226c-4429-b491-12f44ffffea5,2021,1118057,E
f8258f8a-db24-4276-8a46-14594d8128ed,2021,114616,E
3c3a95b4-5b96-435f-ad61-5e915f29fbff,2021,103062,E
16d9b89d-9661-4571-bea7-a683cd71215f,2021,98013,E
0191fa0e-f596-4755-919f-3e5d3c980323,2021,98595,E
72b05374-f3fa-4751-a8a1-9c1e4d2d8bcc,2021,21464,E
421a94d8-b087-4c8c-a81d-4e2df04fc1c0,2021,9440,E
ca5f247c-4fe6-46d7-b9eb-e1a3979cd422,2021,19047,E
d33c4d68-dfb6-433e-8a57-15b2b32e4b1b,2021,1306689,E
cadaba77-5983-4677-9f56-c7e3fb5d0f00,2021,1204325,E
a7e9504a-ef8c-4114-b5f3-292f09baa4da,2021,114616,E
91a70573-5a96-4a01-a435-495d46ca5ab2,2021,68930,E
a6ab9ce2-e37a-426d-9ddb-18f696d401c2,2021,19047,E
ea3b364c-05bc-4718-b0eb-2239e23e9162,2021,49054,E
28d17d87-cf65-4af7-8f22-2465a8323b34,2021,62484,E
af9daf3c-e2f8-4999-943f-e0f48779e447,2021,1315444,E
6dadc3c5-57c5-4f86-92c4-1e584f624685,2021,10515,E
4583bc2c-1d4d-4ffc-8ef8-2940ff653187,2021,1376181,E
f9a08f9b-325a-4ac1-9f60-b47fcf147b86,2021,13277,E
f1925764-5a8a-4fef-adb1-e643e0b4336f,2021,1265453,E
f96ad8da-7add-443e-bb01-65e2195ba47e,2021,41238,E
a1c119f3-b9ff-4114-a566-e34bc9e5a0e2,2021,48205,E
e30e9c08-b3b8-47f5-ba2c-0e73383c2647,2021,106996,E
2a4707d6-e5c7-481b-bcce-8ebca492c2c8,2021,98665,E
c7b524a9-2cb0-439f-89c0-6921f16aef47,2021,10515,E
16189194-83e1-49bb-942b-3caf040aca81,2021,1181115,E
0aab8151-477d-44e7-b37b-246607da1709,2021,2209,E
3f8780b1-b051-4cc6-ba26-a6bd09c53c5a,2021,1108692,E
77088355-475c-4d03-b2ef-53b0f949b437,2021,118420,E
ac1b19e2-c909-448d-baec-5bcc0c512065,2021,101830,E
5888101c-33bd-42b0-8ac8-928ff361a45b,2021,1204325,E
f47dc469-9188-4607-8092-313ef79c47b0,2021,1427745,E
75060d24-1abd-468e-8a4a-e9b31a3b19a3,2021,58808,E
1ef32d5f-498a-4609-8ba3-16bb3c3dc765,2021,1330347,E
7133cb11-6fef-4f43-840b-0e3c12a1b1ec,2021,108660,E
ad43c4bb-90e0-4452-aed6-ac652c08b2ed,2021,5000143,E
64177441-38a1-4d6b-b8d0-d95e31221870,2021,20030,E
60927a45-657f-4f4e-afa9-a7129360cac7,2021,47505,E
73f6c515-4cac-4770-af7b-bd3dc2d84d4f,2021,18558,E
cf389fa3-f738-4ee1-9617-5bf994d3518c,2021,11730,E
447b9eaa-bc15-4d17-b4c7-b635a499883b,2021,88084,E
f6a6889b-72d1-49fc-b654-10ce1963cf51,2021,1136142,E
2fe8c1cb-84de-479d-b0c2-8f1c83413f48,2021,1267543,E
14fb3c50-4778-4816-a057-df084fd1972a,2021,90030,E
0c5ca527-3b0c-40bb-a713-0165e7041c34,2021,118420,E
632a38dd-16c1-4d48-9d33-6587bdb2711c,2021,51020,E
086368b5-b13d-4755-abe8-b52d37d31331,2021,114616,E
a8cf98d5-ffa7-41fa-8afa-4624271c4956,2021,101942,E
8badb407-5e3a-40e4-8f53-79a5e6be1c14,2021,108660,E
866e9b27-354b-4096-b65b-4706be88c432,2021,11730,E
05ff88c9-febc-4193-b105-7b30737708f9,2021,1204325,E
f69307df-7361-40c3-bded-b923ff8de87d,2021,68930,E
e738f3e8-326c-48ee-b292-09238768ebc7,2021,1322390,E
46d3693e-5dcc-4295-aee5-cd6124af0217,2021,2209,E
d5348582-38fb-46d3-bef8-72cbb548809b,2021,2209,E
8b7d2f99-2bd9-4a87-a33b-ada322102654,2021,94762,E
938a9fd0-0b90-4403-b1c3-522d075fb136,2021,57606,E
b305f872-fb29-417d-9fc8-3598a06c6ed2,2021,5000143,E
af101235-18de-4de2-b1c9-7018d763a560,2021,21464,E
021c18c4-8934-4312-9b2c-0eb5d0627513,2021,43664,E
73f2f09c-7d63-4b85-8472-abc42dc1c341,2021,47051,E
0664d828-91ce-40dd-8644-9649a5d9808e,2021,20030,E
767d24c9-78db-4d34-bc52-c934d001cd8e,2021,114616,E
e688be12-5c98-4361-ae5a-9512a84a949f,2021,1101244,E
ceaba943-300a-4373-bf35-d48adb8948f2,2021,18558,E
c56b3204-d050-4021-a051-966902df85ed,2021,11730,E
9bc43fa6-1ddb-4f3b-af08-763187e053e4,2021,98013,E
d98bbea2-5062-4d93-8bc8-e140c5ec8f48,2021,1190071,E
fec8f14c-2ea6-477a-8365-f5c8e63dc4d4,2021,64664,E
ce0ef9a1-06b8-4342-8027-6153d011e272,2021,968,E
b704a000-f0df-4230-9b08-10707299dfc1,2021,108660,E
ef72420d-d1e5-4f56-8227-0a7758be7df6,2021,18559,E
43dfe6fa-3c24-48b7-9771-3511b2a602ec,2021,97778,E
87887564-d2f7-4ffd-b7c2-abcbe2d4e2cd,2021,19047,E
b382eea1-02ec-4028-8338-e8e79cb7555e,2021,37862,E
b1ff0457-acda-4c74-b8a9-1b8b22d85076,2021,51020,E
e651d1dc-f809-491f-afae-ed1a6f252d18,2021,20030,E
ef9b3237-6c52-43e6-9d9f-cb6a166d2e21,2021,48205,E
33f92c6f-03d4-4d71-af86-54bed7112556,2021,106996,E
cb007073-64ad-4540-ab5a-710e21cf4be9,2021,1385942,E
e61e3425-48f7-4b90-8741-911e3757620b,2021,18584,E
6477b53b-361a-48d7-88d1-926f9f68a96e,2021,13446,E
3eed0a88-9ff4-4c8e-b58a-f8d4ca28a03d,2021,106996,E
5d72a637-ee76-49dd-a915-9eaee7fd6321,2021,18903,E
001b1271-63cf-402d-917f-bebbcf99c0f2,2021,113687,E
1bdd2150-e7d0-438f-9e9c-e9852c1a0f54,2021,18559,E
bc836218-8bb7-44b0-98f2-6ebe3d66aff6,2021,19042,E
f9da17d2-0355-4760-98c7-4d87b4f4f3be,2021,11554,E
e81650cb-9d26-43bb-9474-c1e14f4f54e2,2021,1136142,E
bbee2c7e-7c82-45d9-a19b-84a848bb4e5f,2021,1376181,E
88cc2529-681d-4e0c-8f9a-1221f391d79e,2021,37862,E
c073fb9f-5290-4f0d-bc0a-320e860a1017,2021,55777,E
afb60294-c48f-49ee-9ef4-081737221c53,2021,95175,E
60a535ef-2b38-4d6c-9c3c-b70f710c0cb2,2021,13980,E
77085229-8b64-4325-b650-742861b84fe7,2021,317,E
c92c2a9a-c1aa-48f4-93d7-deaf11fb84b7,2021,113687,E
4a1ed45f-9778-4a5b-b15a-f60c8ae2b0b0,2021,57606,E
2a0725df-c99e-4c45-b75b-92d6a14d9cac,2021,101942,E
c505a2f7-d985-44e2-9881-39811b2b1743,2021,113455,E
89225eb4-fe91-49d1-a6f5-faa3fbfbea95,2021,59122,E
8da7a32d-27ad-4fa3-9f0d-5409e1a0e21e,2021,1204325,E
67cd9f28-171b-45ce-beb8-66b28b3f1407,2021,114616,E
e1aa2f64-a749-4053-b9e0-5a1edf639d9e,2021,18559,E
f4c0bcd4-6301-48cf-88c6-42ec4f19286f,2021,13446,E
8b828c4a-100b-408c-98fe-971d3a3f9716,2021,83388,E
49f8d64e-1af7-4b1b-bc21-ec82f2ac0a8b,2021,53333,E
0c1bf52d-aa85-4648-a756-1cbe1cb8b2d0,2021,56172,E
c0c6c74e-ca40-4491-8217-bdad91debad0,2021,114616,E
4c47d4cf-b1e6-4257-89ab-ddc06420b0a6,2021,114616,E
5e71f427-d4ea-4908-bd6a-c3e430856c42,2021,116770,E
caedff60-f20c-41ed-be56-801a09726ca2,2021,10515,E
ea1167ac-2beb-4764-a121-c0d23403d47e,2021,46377,E
7f61a93c-a562-4775-bd66-0e461fc7cfa5,2021,1385488,E
ff74f025-06e9-4d42-996e-4ee2e10b5395,2021,1403879,E
e9b1162c-18ff-40ba-86cd-ef9faf7518d9,2021,968,E
690897c3-cab4-44ee-a6f8-fbc175df62c2,2021,18683,E
70980b81-39f4-4b53-939a-2e9a2dac24a8,2021,62484,E
83ae07ee-257d-41ac-87fe-65f758fca246,2021,18584,E
e777da95-d5be-47d6-8bf1-99a49fd81208,2021,18559,E
c086b7f2-2b58-438c-9a91-336f3abd830e,2021,88084,E
4042f2b1-112f-448a-8c5e-4883df391ff9,2021,37862,E
fe6ef4cb-2697-4880-841f-c37c25f08005,2021,1315444,E
8e5818df-db82-49c4-a1c7-0f629a6880d4,2021,106996,E
82cab4c1-b161-4c89-9a85-ed40e2b27a43,2021,1190071,E
fc0f4b8f-a76c-4f13-8bae-4174be62795f,2021,1306689,E
ea744780-23fb-44b7-a563-53d162f2be55,2021,103062,E
989fd184-3f7a-4dff-ab58-b40928f4dbc0,2021,317,E
444f7a1e-2b3c-4d13-a76f-ccdc18241df8,2021,968,E
32fb9856-1a86-4378-9bb1-df99894a2d44,2021,1136142,E
c5769278-33a5-4785-b495-ab7ac2b0fe59,2021,53333,E
d61ddff8-4b03-40d0-bd82-8e531d33c1ce,2021,13277,E
ed82121d-aa2c-4d4f-8bdb-57971318a9bf,2021,113687,E
4308c105-9033-40ba-81da-abc95e1f981c,2021,97443,E
8de1e7a3-340e-491c-97f6-826fe5c68fed,2021,1203177,E
5e652494-745b-4d4c-87a7-9efb9f3e521c,2021,1190071,E
318c0563-60c5-4633-a499-7c16b6fb5587,2021,98764,E
6ae0127c-dd6b-4d71-849c-6ec861900349,2021,47069,E
ad6ac65b-611e-4422-bbfc-c7172d258aca,2021,1181327,E
f268e3c0-83f2-4e7e-a7a6-0d48b3b3dafa,2021,1070485,E
ce86298f-dc61-47b8-8085-a4c67c5d2230,2021,97443,E
68496058-7261-4b78-8dc1-6449043add0f,2021,1108692,E
46ae6597-17fa-46bd-a135-522ec1fc0851,2021,1181115,E
39b6e6d2-920f-42bb-ac5b-12b2e54966eb,2021,2209,E
e7efde36-c89c-4b8b-9c9e-3c668f547733,2021,317,E
7c860e0e-787b-4790-aef2-83b43008ebf6,2021,108660,E
8524c3b3-a44c-4750-b7c3-9aaa48aafada,2021,1267543,E
12308754-2aa6-441d-b8ae-9bf165fea84c,2021,73140,E
3a8def12-9706-44b4-9df6-b2f25edf2313,2021,1187671,E
105c744d-9749-4f5b-8c96-093e97ef18ff,2021,1187671,E
e6dcee99-e9a0-4e4f-9ccf-38307e75b3f6,2021,21464,E
4a91dbd0-4608-4767-a0b5-e772d55b8ef6,2021,1190071,E
e0e0ac0f-f588-4286-9a31-0d580924984d,2021,118420,E
1eb2dbb1-3b4c-4b2e-bd80-01d616f89f56,2021,37862,E
4d9385df-b0e5-4e53-9a06-36355f8948bf,2021,47478,E
02e1047c-c563-498a-8c82-8a33bbbaf47f,2021,1283028,E
3df80f62-967d-4912-aa14-93fe45513246,2021,48205,E
791e9292-c407-4742-b4c6-6f1ba6d168a0,2021,1314243,E
2b4b7919-c2ad-43cd-8290-4ba3eb5abac1,2021,5000135,E
4fec45b2-419e-4e46-a8c9-bcdda5b8c036,2021,5000143,E
59b7a49f-ee78-448b-b496-355a5e66774d,2021,88084,E
7075ff4e-86b6-41ff-a3fb-d9042800cae4,2021,48675,E
7ae82565-d24b-463c-9e3f-56e1ef29f282,2021,98957,E
9028d514-38df-4a24-b173-adde53659bae,2021,1288839,E
fd8e1028-2e99-4a4d-a2c5-f42bfc0802ec,2021,13277,E
a581ba72-4258-42a6-9262-34dbd370a0aa,2021,20030,E
6c3351fa-6a5e-4bba-ba55-17c0d7e2c5a4,2021,1314243,E
e649bd6b-417e-468c-a638-18375d4c18bc,2021,114616,E
8988a276-0e05-4d7d-9d26-2489912ad1e9,2021,1032473,E
aa8655b3-4256-4e83-adc2-c534730bea0f,2021,118994,E
fc9d7afd-74ca-4f96-96f2-91b87588f303,2021,91181,E
915e7fc1-0ae3-4d56-92c6-7eac05456d5a,2021,19047,E
8ae50fec-8549-4eb9-8d35-d2d5e4b239f9,2021,101942,E
9f24c3cb-a46b-451c-a52a-a6754503a988,2021,11554,E
f7dd9476-789e-4828-a2d2-185b6fa9f45d,2021,13446,E
72d8e436-4126-452c-874d-408e6af9e287,2021,49054,E
1aca74ee-7fb6-4456-8007-b87de59905e9,2021,53333,E
6dabd193-6bb4-422b-b15b-c0437653d95b,2021,1267543,E
c8e7ab48-6315-489c-93b3-f96894793c10,2021,22047,E
6a8cc996-e22d-40ec-b5e9-deb8468a05a7,2021,1376181,E
04ad7587-5986-42d4-bdd3-5f3c85b52b17,2021,1108692,E
29ffbf9a-8dd7-4bbd-b77d-b8c308c6575b,2021,73519,E
e2c0a3bc-7c00-4fea-85a4-3237e468c9f3,2021,108660,E
882e1765-b167-4905-9355-2cbfd4f8d127,2021,104360,E
c5c58eab-267f-47eb-aecf-c93f3b470c93,2021,101942,E
3e3ae80f-40b5-42d6-8913-46e131dc6a15,2021,13216,E
6b25feed-788d-489a-98db-0a9b3a833ed5,2021,5000143,E
d1e63985-5a64-403c-b9f4-ac101d51b899,2021,11554,E
4bac921f-be39-4e88-bebe-d353e88c7cbe,2021,19047,E
14448f6f-7405-49fe-96c1-ab23087adf26,2021,47505,E
2610c967-08eb-43cb-babd-10af69417b16,2021,1190071,E
ff1960c3-b877-4c42-9cb3-6c921084165f,2021,5000135,E
2e2b4d51-2391-4496-ace7-c2c707f1fecf,2021,108660,E
16eaaf4c-2aa0-492d-8828-1897db450019,2021,9414,E
42dc01c4-847c-4e62-8514-b2bdeca5b19f,2021,94762,E
c81ea49a-6df7-4919-8772-84e6680948be,2021,88084,E
debac849-8c2f-44b8-8257-12704daf1d90,2021,57606,E
ac1c66ef-6e9d-4399-9faf-434b13e4fdbe,2021,1351760,E
2fb6d513-899e-42b1-a9e9-0d5df0d7d03a,2021,13595,E
67efd7bf-5c21-4933-a9f6-f4b8beb1953d,2021,107360,E
78434d23-d3f2-4aaa-b2fb-f0ecf6a040bc,2021,49054,E
87b6ea45-323c-4fec-8ccd-a1789262bb38,2021,1306689,E
d2470b02-a7dd-4197-b422-1757f94f7ebc,2021,116770,E
5484c6ee-4cb3-41ed-9255-4fe2342d1938,2021,317,E
1c36eb4b-af52-4c54-b8cc-6eda1872dfd3,2021,118420,E
a5554324-c780-49e1-a6f8-6deb03b4ec0a,2021,13980,E
a5759fe8-9848-4c5d-ac10-ec6a713253ab,2021,2209,E
5e9fc308-131b-4c97-862a-2f73be9afe9d,2021,18683,E
20ae08d8-2b8d-4d05-b43f-f584a9816f9b,2021,13446,E
6da3c33e-354a-4cd8-853f-dc23af4ef81b,2021,117022,E
856affe9-1d23-4ac2-ac73-1e3e5bf56b7a,2021,64664,E
282c7cc6-2e10-4b4a-bb54-6e501da14bb0,2021,113813,E
2176c668-fa30-455f-9b98-46a67cccd177,2021,513,E
b2ce61f8-6012-4422-8c36-87b05ed728de,2021,47051,E
bde697fb-e35c-44ad-bc03-078b403b93e3,2021,1351760,E
fa35ffe9-8021-4c0c-af53-e2c4db5f8608,2021,107360,E
b7112d8a-9b9c-42b0-97da-6aafa6189daa,2021,13446,E
f03a6933-52b0-4252-99be-7d72c5fc2a94,2021,1283028,E
4ff337ec-96d4-46fa-956b-a0e256457bc6,2021,117022,E
ef11450b-a904-4783-b50e-65ab47460078,2021,50981,E
b6ef544c-18ed-4371-ae86-bc803929e640,2021,317,E
ee7b19a8-4b0f-4f70-96fa-bfb69b2d575b,2021,1267543,E
111d0992-1702-4bd6-9e1a-038adba3eea2,2021,67092,E
a9c66623-af07-45e1-9516-8f63a664fe2a,2021,11730,E
d544c06c-c7f9-4f3e-ae3e-01fddef4aec6,2021,94762,E
2e964122-25ef-40af-a46e-a07b1b75e855,2021,1379275,E
094f14f0-b2fa-4bc8-abdb-eb5e60ed7245,2021,40343,E
0b7dc952-1590-49fb-b08b-e739b7e709e8,2021,1190145,E
3db416e7-94f9-4473-b05b-9bf4dd3785e9,2021,5000143,E
135d4247-32e2-4685-bb04-48614335519f,2021,1267543,E
65eadffc-71c7-42b0-99b6-5ad4123fa2e2,2021,47051,E
0fe103ff-d4ec-4445-bfa2-1864b6773506,2021,114616,E
6144d87d-0c95-4941-851c-03945e85c12d,2021,1422296,E
b6aec67d-32db-4a2f-9f36-1761948c5a4c,2021,2209,E
fa016ac0-2601-40e9-b319-18d43ceabb64,2021,1267543,E
be04ea5e-dfe7-49ad-ac52-7f1af96eaed5,2021,47069,E
ee3f56d8-0ea0-40ea-ba37-9fbf20c5a87d,2021,1288839,E
000a7b10-305c-4441-b17b-1ae5ac0a1166,2021,13401,E
c9ebc3f1-2258-412a-858d-ac031738f0ca,2021,53331,E
67e4ca57-4873-4dd1-bba0-2351ccf8b9fe,2021,94762,E
9f5131ac-d99d-414b-83e9-56330d07e6ce,2021,101830,E
bedc34bd-909b-432c-857c-7af2496cd925,2021,91181,E
e07c6bb6-d88e-4c63-b3af-ed92adc9e2d1,2021,116770,E
d7ca0a3d-c075-4f44-a2de-bff3a46f4065,2021,116770,E
ab6283ed-196d-4fce-8e96-a202e096319e,2021,47478,E
05ad5e5b-7068-40f9-9752-1b3b605d9b46,2021,18559,E
9dfe0d8b-938a-4d59-a1d6-85d99875bee7,2021,1351760,E
08712a59-ff31-47a2-a8a4-c92e98456422,2021,107360,E
13391573-67f1-46e7-9671-6d22aba3b017,2021,49054,E
b40287d0-0ca0-4dca-a217-159f69e5148c,2021,37862,E
56a3a432-656b-478c-b354-1c2b8f632e0d,2021,1190071,E
06d3b0df-36bc-46ab-98ea-bae5b5d2965e,2021,51020,E
b6d47f8e-2b71-4be5-a6c2-d3e7e051e76c,2021,101942,E
c4754b04-1ba0-445a-8ec1-da611005d3f3,2021,1267543,E
dabb0d1c-f579-4022-8c9a-d80f8c29fd59,2021,98665,E
eb2c2a4a-04c4-4652-aaf4-62e3fb4153b9,2021,13446,E
8577194e-ba35-4930-a19a-24f417e4b2cc,2021,1102628,E
c7a2664c-ed9c-490d-93be-dcee0f28a653,2021,1299927,E
6771234c-e17e-49ae-8ad0-b804bc08c2be,2021,98013,E
9d080a4b-1f82-47da-aee5-3a1f8f21c281,2021,98764,E
9509b12f-b3d8-4bb6-8f0b-fd35dad58bae,2021,40343,E
327ac1f7-9fd3-45b4-b25a-7d4cf5381ce0,2021,18559,E
c790e082-219f-45d3-a081-56a9a4c1cf20,2021,1265453,E
eb863900-321a-47df-abda-5cdd18ee934b,2021,118420,E
a014c66f-7369-48ba-8bde-c1850287c8b2,2021,1070485,E
48a43c96-92fd-4804-b371-e4067d836fb9,2021,117532,E
14591605-b1ce-454e-9182-b3d2203460f3,2021,5000135,E
20833d04-4ec3-44d6-9091-7ef4d6f2d959,2021,118420,E
9218834e-71bf-496b-93f9-be753ef6cb04,2021,1181327,E
73fd2c7e-a352-4b5a-80d2-f739e4b77afe,2021,94762,E
966af108-24af-4127-9c39-3d42fe267e2a,2021,1204325,E
2f5474f4-3bbc-4974-9418-8fe46d7ba543,2021,95017,E
336726cc-550b-4017-b93c-cd7d6cd2f4aa,2021,13277,E
91fe8193-6ce7-4cd8-a05c-d5e3e9b7ad1e,2021,56172,E
84885197-622c-45dd-b443-066ec746871a,2021,64664,E
03a92172-07c5-4983-917d-e93951c05b55,2021,116770,E
7660e3ad-f417-4707-af35-89d1e97c3a31,2021,1306689,E
81a55400-c85f-4d48-b1b6-aa506398e1fa,2021,94762,E
06cd06a9-a76b-4e23-b1ce-169a8e68a469,2021,62484,E
bbe02774-74ff-458d-b59a-773fc222a8ae,2021,13446,E
032bd8b2-1354-4e52-8eaf-aab3d4e982b3,2021,1315444,E
275798e1-8591-4f5b-b571-65d6a400d548,2021,117532,E
e70a88ed-f61c-4c7c-97f6-a94062c407e5,2021,101942,E
a4bc9a1b-9304-4ba6-a718-07aea4a89cb9,2021,19047,E
e6eb2a61-b44b-42d7-9ca0-0201422c79f2,2021,108660,E
e5d2fa91-41f7-4023-8774-f074d730683c,2021,102590,E
d1509ab9-fb21-4a34-91e7-e837ca1583f8,2021,5000143,E
260d1ab5-7ff8-4f9f-a83e-32e1ce471b0e,2021,67092,E
a623eb06-83c8-4cc2-a3ab-406ca59b505e,2021,318882,E
3c7b8515-7d29-4b2a-8c55-3117c11310d9,2021,43664,E
1507c9c0-88b5-440d-8b4b-7d943674a7fd,2021,83388,E
fe05c9d8-ec47-4a9e-8683-b02ba0ffd450,2021,1136142,E
6c2eb3e9-0e8f-4877-af0e-b3c0ba7bb4c7,2021,1047907,E
88730d9e-cdb6-43d2-a403-8b1a1b27dd19,2021,20030,E
cb107887-cc06-4d5c-ab80-3db6620be936,2021,106996,E
270dcfc9-280f-41c9-b412-7fd63a3ab555,2021,97443,E
1f526b53-d045-4d59-bb32-9ac064d3c3da,2021,13595,E
48683ea5-78ae-4df4-bad0-cbcf61a4d460,2021,106996,E
e17f1712-bf1f-4a8e-834f-3c1356183ddd,2021,95017,E
17d139fe-897b-4e76-a48b-cb9ce1de1441,2021,1108692,E
49f92fe2-8a1c-4628-8a3b-dedd99cdd985,2021,1190071,E
1a167b9f-d769-44df-83f8-e718b5da70a6,2021,116770,E
939867f7-f0c3-4922-b057-a2f3bed959dc,2021,95017,E
5883b4c4-6ec6-4cd0-ba75-766c1e8c8023,2021,103062,E
806276e5-2bf0-48dd-9f23-471ddcaea23b,2021,13401,E
ba82601a-062e-430c-9082-48bebeb0f372,2021,107360,E
dc2da385-cef6-4150-9141-4e6e56fb01e8,2021,1306689,E
b42f6bdc-bfa0-498c-acb2-c7a5d9270cd1,2021,20239,E
f48d2118-7301-4b4d-a4ae-14b72d1c15e2,2021,1330347,E
d7fd41e8-6355-405e-9ae5-bec9cdd17fcd,2021,1330347,E
7d00b93a-2fb7-4922-a232-ef7b793afdd0,2021,95017,E
b539474a-2793-42a6-a069-bccdb1410cac,2021,113687,E
df690628-bc43-4ff6-b79b-100db2b49548,2021,18584,E
d8e12263-3d00-4407-9f0a-a3a719b1c380,2021,13216,E
17cbda69-0423-473b-a825-ec6ea2e5b06a,2021,11730,E
6bd3088e-b39e-4ad4-821d-7ab19d53bd29,2021,88084,E
e4ac1575-a43e-4bf5-afa8-4dd7e12135a6,2021,1136142,E
d4472992-a68e-4cb5-805e-c12caa286fbe,2021,1136142,E
10be7b7d-9378-4fe5-b508-ad9ea3004850,2021,1102628,E
737d2e21-45e5-4b7c-8a3e-4a877b2c25cd,2021,1204325,E
9ebdee54-ed2c-40fd-8b6f-1e7409249f54,2021,1204325,E
365da096-e884-4341-949b-029c3b31cc03,2021,99820,E
6cb36c87-f9ba-428f-a70f-d34d86c76b64,2021,1300284,E
59f9accb-473c-4c30-9517-93c5ab304c73,2021,18683,E
31a2b415-4a17-431b-aa81-9c0d7335cdc3,2021,62484,E
dffaa9b9-fed1-474b-81f4-0491f4e25b55,2021,1351760,E
1540f565-cd13-441c-b935-a1b7759d37e7,2021,13446,E
7262b4d5-7cb9-4b03-826c-6cf5d5665f5c,2021,1148708,E
726284d1-f7e3-41e2-b46b-de8259a99070,2021,13401,E
97468e01-d173-4f01-8ade-7a4c9a48a004,2021,1376181,E
49abd1b5-b46c-4fe4-afd8-63e2a4adced5,2021,1272079,E
400bf39d-517f-4ec6-8687-346ce00c4131,2021,94762,E
8301cfb3-b950-48cf-bffb-c18eef021c15,2021,2209,E
f70c7c3d-6373-4713-a5bd-5bc8f4f32574,2021,67601,E
c43fa781-a17b-4d4c-9186-66db2d67bd87,2021,112086,E
57b8158f-a3c2-4fd2-a8e2-0c70ff1b48ed,2021,20933,E
2c47c328-0986-4dde-ae0e-e81fd0447ef2,2021,13401,E
69961bf1-932a-4e53-82a2-1f260fe409b1,2021,107422,E
6c85d2dd-4361-4932-adb6-0fd2fa8e900a,2021,1376181,E
bbd7627d-722e-4bd8-a5bc-32761097d910,2021,9414,E
132fdeba-db6f-487b-b670-16c2079a4638,2021,18584,E
a5f67617-d58a-4a0d-a216-06cad9a82234,2021,37862,E
d0f143ae-129d-4537-86ca-f8b7de5530e0,2021,13277,E
d8c5fff0-0248-409e-85ea-0492d0f386df,2021,22047,E
5b7a5405-c2da-4b7e-bff2-966c337ce33b,2021,13980,E
62687c49-d738-4e30-ae9b-13edd4baad6c,2021,1118057,E
d19235b4-52c0-4be2-8f7b-6ac81b0eb039,2021,88084,E
8a6b768f-eb02-4d7f-a889-bbb50544f2ff,2021,50082,E
fafb1be4-6a46-439a-8445-577df489f126,2021,18584,E
8ba9f6dc-2ba6-465b-9955-8ae8a51c366b,2021,86326,E
70d667a5-8779-4c02-ab3c-a592756c32a2,2021,67092,E
3bf65a7e-fbc3-4e43-865d-51e6fd044370,2021,1351760,E
47dbf486-f800-463d-81cb-219bc54d9dbf,2021,59122,E
9cb2d3af-5d53-46a1-a96d-82ad3eefdb08,2021,1314243,E
7bda9945-c7df-4402-be9e-11b89b431db1,2021,13401,E
13ae3ebc-3d53-47a3-9f20-49eceb6b18e2,2021,5000143,E
e8ee9c73-b2c6-49c7-9038-ce4c0b5f4718,2021,13446,E
44955b81-2d37-46f6-8601-a2174384524e,2021,1032473,E
9a2e23a6-90bb-468f-a102-ca4c782d329b,2021,48205,E
e5e8fa26-305a-4dc3-aadd-f3c9b249c8bc,2021,18671,E
6466f131-da32-475d-bd68-1a81c9e714cb,2021,2209,E
cfe7b5cc-2056-4357-8484-3254fc7ef853,2021,49054,E
a0f36fab-3511-4c1d-9ab8-841af962cb04,2021,13595,E
9aa681a4-5d5e-4cc6-a300-6a68ce6d1961,2021,13277,E
629cee67-00f4-4e2c-ae18-97f51ba90153,2021,2209,E
42c5473f-6d93-45af-9560-9ca25bdb2df9,2021,88084,E
394e5271-09f1-47be-8218-066059559d35,2021,1351760,E
e6c98d8b-b3ca-4f75-a48f-62eb5bc21276,2021,101942,E
61457d49-cdab-4c2c-982b-ab79b0c7f4f3,2021,13446,E
5fe41153-d602-4edb-877f-7a73be4db17a,2021,1136142,E
0afb9663-2dd3-42b8-b974-69ae6176b80b,2021,1136142,E
0fe578ee-4a32-4404-8a4f-f1cabde4801f,2021,94762,E
66bc7ff5-d396-4647-8e3b-26a8c4cef89b,2021,68930,E
cbee97e9-d532-4e2a-a8be-2be6b5237f45,2021,53331,E
23e1f976-1353-4f0b-9a7d-83630feb5cf0,2021,968,E
a798f99c-3b9a-4e27-80e8-b977001c5ad7,2021,19042,E
5e9c795f-e104-471d-a676-1c6b5f36dad3,2021,112086,E
4a363469-a2cd-438d-bb98-033054ff0a23,2021,43664,E
7aab027a-bad7-4b46-9c06-feb41a9a3280,2021,1136142,E
087c4c8e-69fd-4a41-aac6-96cf9cd79458,2021,37862,E
381eb800-813b-455f-a5da-9a5be3787d05,2021,1533190,E
27d20adf-a6a5-48fc-9d51-c9458553f673,2021,1322390,E
be8edda8-b9da-4c50-b397-daf74c88e453,2021,54934,E
f98675d1-0ca2-4a13-af6a-0d0d7aef82dd,2021,50981,E
f00fafc7-5527-477a-a4ae-a8da0caf389a,2021,317,E
a9ff0e21-2de6-4cf8-b154-22c2210bb99a,2021,112086,E
d34482d5-c237-49c1-a53a-9d1753636e83,2021,47051,E
d14373d1-2365-407f-bb69-bfb1192610b3,2021,11730,E
3a622460-76f2-4c5f-92b6-3953d43dab8a,2021,19047,E
3c9d34e0-5935-4d62-9919-d6bd07da7be6,2021,107360,E
95df2da3-392a-494d-a42f-71a7cbbc04f0,2021,9414,E
fcbabb92-87de-46d2-ac17-c7be994a92b5,2021,116770,E
33a912be-96ee-4502-ad54-188456744691,2021,1166783,E
5457fbd2-1815-490a-98ff-87b79eb032fd,2021,9425,E
0560c957-e2a6-4470-8d67-916b407646f4,2021,317,E
a3f59f43-1c66-4fcf-99c3-28540a5a8882,2021,55402,E
e041ecc8-b086-4d46-b975-6d33bd214b9b,2021,73140,E
891f9d1f-bb77-45cd-9524-8a0025fa0079,2021,11554,E
6120a8b6-0a45-4698-b130-4592d8f82da6,2021,13401,E
fc2a06a5-e0d4-47aa-bf99-63ee5c1e8ccb,2021,53333,E
242f173e-576f-442d-842a-7918dbe83485,2021,1047907,E
2ec2b755-c0bc-43c4-99b1-5cce2e24a758,2021,99820,E
6a67b569-aa81-4fe1-badd-8033685afb83,2021,95017,E
586bd04f-d2cf-4fd7-8aad-a74484903808,2021,13595,E
926bcc53-e637-41f9-95a0-ec7b989d0fb9,2021,1265453,E
176f4f98-2833-46dc-8de8-f9a1223e7b0d,2021,13446,E
b7f73662-8481-482c-82f8-779973295198,2021,113455,E
0df22ab8-465a-47a4-944e-fcc214a85a6b,2021,95017,E
22320896-2066-497d-891b-b23f96ba783d,2021,47505,E
505508b6-7307-4043-896d-f24f48437db2,2021,68930,E
38574eec-7094-4ddc-8ab7-a0c38ca9ea4e,2021,1258063,E
607d536b-ec48-46d0-815b-c8712691b433,2021,1190071,E
0270b8cc-d86a-42f4-85c4-f96593160a4a,2021,317,E
7092fb32-d357-4c88-88d8-a156b7124ded,2021,18584,E
a2addc62-928c-4dd0-9364-c4bd1bf0006b,2021,112086,E
42e68f5c-72f6-45eb-8fc8-e5fa9e78c2c4,2021,13401,E
f39751b5-651a-4043-9a54-dd834d97b827,2021,118420,E
53cecfeb-91b3-41bb-a715-511e13041631,2021,94762,E
073d0b5e-cad4-40a5-a34a-25d9884ae2bc,2021,1376181,E
2a786f2d-2e0d-45d0-9460-ab7e1b5da78d,2021,107920,E
37b51bd2-0854-4385-b1c0-cca89ff93aa5,2021,67601,E
cf353342-e111-4d3d-9d49-c57ff0825bb8,2021,117022,E
47d0ea96-96d9-4551-b097-beeeeb9a5f34,2021,5000135,E
e153d5c7-f800-46fc-95d9-ddf5ab72380e,2021,99820,E
555c27e7-33e7-4439-93e8-313736bcce60,2021,118468,E
e2961eab-1d45-468b-b9e2-dd0c43c265c6,2021,1204325,E
2a68faf5-4fc2-420a-b04c-85d7497f1a7c,2021,1315444,E
a9758782-92a9-4f20-b00b-3ebee24d0ba3,2021,9414,E
ff7458a6-8650-44e9-8bb6-65918cb13c68,2021,55777,E
c4c94872-a3f7-4209-b14d-dd377a21eb67,2021,58808,E
3c50eab4-af90-4604-bfdb-3858a984faed,2021,64664,E
a522f58e-3322-4045-bbed-81e52e07fb1a,2021,94762,E
b02fa674-8007-40fa-9520-8410b1aefc12,2021,317,E
9c98a5a7-60ff-412a-8da7-e92b63b523d9,2021,18683,E
97f655df-7ec5-46b6-b6d7-b5199333996a,2021,50082,E
1fc44874-cf35-4ba2-ab90-e39b3dd4f92f,2021,11730,E
aca4733b-7734-4e55-b3d7-12dca9a611ed,2021,13446,E
1a3dc366-e5f9-480a-8c13-a0164185a18e,2021,1136142,E
b3e24a81-5ec8-458f-b5de-8e36336172e9,2021,64664,E
58d19386-83d1-4d62-9a53-f0f13179311e,2021,2209,E
d6417f76-c63b-4890-8521-3d05721722fc,2021,1187671,E
0806557c-f8d7-4346-bc49-30d884fc12bf,2021,37862,E
637e0539-fda3-4876-8022-b616228845ef,2021,1265453,E
4a1b9f10-0e78-4175-95be-a92e660acc3a,2021,1136142,E
f9584519-3e92-4693-a452-a9d91c75c27c,2021,1118057,E
42e638f0-87e4-45c0-a759-1cc1faad4b07,2021,11452,E
3e00b27e-c0a6-4d47-bb2e-d86dde85a663,2021,113813,E
17e17099-3457-43a8-a088-9bed92f811ca,2021,94762,E
b9dbd13c-cc63-4f4e-b22a-84f2a15ad141,2021,103062,E
c404b6b9-a605-4d29-aa27-2f8cbc7557d3,2021,103062,E
78559a19-f1f7-490a-9f07-62f1df416489,2021,54934,E
b8ec9c0d-39ad-428b-a39f-34a036be6f44,2021,18559,E
b6b93d02-ff2c-437d-82fe-017c732c0733,2021,97778,E
cf1749b5-0319-4abe-af2e-d7eb87bd88be,2021,47069,E
2c9d973c-8d25-4dcc-a17f-10655f8e24d0,2021,21464,E
251eef0d-e0ac-4ec4-8816-616c72992d2b,2021,318882,E
a9bae9de-a459-4a07-b1ee-38932172b93c,2021,13595,E
f7399a98-d6e0-48b6-8a7f-5ab7bbeca1dd,2021,94762,E
bd39f2c8-54ea-4116-999c-89d7bc70ed66,2021,1283028,E
a49602c9-b18e-492c-824f-c2c3a632f84f,2021,1204325,E
d4246fb9-5363-48b5-be9d-df69d2c67d07,2021,106167,E
140f0392-d1ee-43f2-9fd9-fba833c42465,2021,18671,E
603b63c1-82bf-415d-9562-27d9d949f23f,2021,103062,E
7ed67cc9-7d00-4063-90e7-7f675243a004,2021,103062,E
1133e4ea-50bd-46a9-bc4a-920c43afbd99,2021,49054,E
9b1dfdaf-38ce-4a09-9bda-7b6a54b18a07,2021,13446,E
acd020b8-59ff-43d4-a60a-574a53b817ef,2021,49054,E
99e5015c-4b88-45a4-8a0f-cad545c84e5a,2021,13401,E
27e5e8b1-826b-4562-b458-d6b559887af8,2021,1376181,E
979f46ef-81ba-4090-95f2-5d861257ef33,2021,22047,E
26aa5c02-cab9-4a60-988f-2db84729c513,2021,117532,E
fa1a7b20-31e9-42b0-a2ad-6c36556661b3,2021,114616,E
3fc3d275-bc4f-4c77-92d9-53f2caf500e1,2021,1272079,E
6ce9f83e-300b-4384-9520-dd39958ebaa1,2021,1267543,E
14705e6f-c314-4791-8c66-66bbaf3400e3,2021,107360,E
e3095959-9ff7-4734-af4b-35571af12e7f,2021,107360,E
758e8428-b91e-4966-b62c-d3d5c114ac1f,2021,9440,E
b70e7f8a-97cd-4785-899b-58eeb5d69be6,2021,1136142,E
bd56de56-b825-492a-8299-d5eb802b5fea,2021,1204325,E
a414a8e9-9c39-4a11-b8b2-bad6a3d08258,2021,9414,E
6338846a-cf57-4910-920b-58090c4ef36e,2021,18671,E
58a499e7-ee52-497d-8f37-efddf3cb2bdc,2021,1118057,E
07decad5-6d4d-47c0-aa27-7d02867e3f48,2021,317,E
8532e8a0-2536-4794-92dc-73f76d061eef,2021,40343,E
39cc4e94-919b-4f0a-8db1-50d7e129a23b,2021,108660,E
81a5c227-50c0-4444-a2e3-86a7541c612a,2021,108660,E
267d8b01-74f5-47c6-acf7-ebeab0411611,2021,47069,E
aa6205ab-ca68-4516-8a09-5ae40c8820c8,2021,1288002,E
c669aa75-40b3-43a7-98f1-ab8a5f12f444,2021,90030,E
c85f3736-d7f7-4099-9eeb-68207bacfca8,2021,1070485,E
0c6dc8d0-6477-4589-8450-09ca8340df0d,2021,47505,E
4d2af4fa-79b6-465a-b119-49adf9eefdd8,2021,43664,E
55e7566f-899a-4b5e-be0a-db16ca2aec8a,2021,101942,E
a7a45445-18d2-4968-b3dc-64c97fe169a7,2021,86326,E
d02060a2-6ffe-4795-8baf-10ef758eb1d2,2021,107360,E
7af12068-b857-44e2-a8e3-885c2095fc07,2021,88084,E
c72bf51b-deaf-4ae5-bea0-3cc0b00e8712,2021,98013,E
618414bb-baba-4d68-9ad6-721e5c89ec43,2021,20030,E
59876209-cb61-415d-8744-e69c4ecc86ec,2021,1300429,E
a1d2ab56-2687-4669-94f6-b08b208eecb1,2021,11452,E
e8ef722d-33af-4ddd-9e4e-a61b8921939f,2021,1288002,E
6f9bb321-8ced-4b09-b2c2-e8321469c13a,2021,1288002,E
fa79caf4-dcf8-40cc-a88e-6c910fa67db9,2021,1190071,E
954b0cdd-9bc4-4b97-baa5-20e4c1709c33,2021,41238,E
3be29e68-a1e2-442c-880e-820ade6865f2,2021,1427745,E
757d4961-10a9-4b1b-a264-a1577a2d553d,2021,1427745,E
eb41e0d5-813a-4bdc-aa9c-0f817a761752,2021,18683,E
63be0bb2-3065-4bd1-89d5-98f94b20ddd9,2021,1330347,E
fcacbbbb-8c9b-46f5-b997-3e3f9fa34fdb,2021,67092,E
6921f05f-0210-4522-bb5a-7bdd03975995,2021,13401,E
89ae4245-7b91-4650-b4d3-028259efd8f2,2021,41238,E
c210d4f7-f0da-4178-8088-ad5f93420ba1,2021,88068,E
845d9554-5cd9-44fb-83ba-231e8ebf4aff,2021,56172,E
c765c319-4c10-466a-867a-21895c52a16f,2021,1376131,E
b0e944d9-79f9-464d-bbfe-8c6c95b3e14a,2021,67601,E
9b0dd18a-3daa-45df-8cf0-912b9d4f9138,2021,1118057,E
376d7e08-cc30-4f1c-be9f-5ecb9b797d59,2021,13277,E
58d5dd5f-4042-4375-a3e7-fdfcbe8eb899,2021,1376181,E
7f1bb85b-9055-4ca3-b057-9ceb8985a919,2021,513,E
2c539e87-8506-4bad-a2e2-99dbc6f3b700,2021,5000143,E
ba022cd1-0352-4abf-b6b4-d9e7cc145d16,2021,67601,E
c7e6fe7b-c18a-4991-b22b-eb3d5ec82ce1,2021,37862,E
cf36bddc-d196-496c-859e-0780e1ecbcc6,2021,118468,E
e1f0178b-2173-49d2-bb26-dca48ba503ab,2021,13446,E
d5b20504-d26a-4b3b-8b05-59a220975154,2021,87396,E
c4839a59-2bcf-4920-a7cc-f78f8a27396e,2021,1376181,E
01cf9aed-8b07-474f-930b-e165c4c9b4cc,2021,103062,E
6e3e719b-9251-4d35-ad07-7dda055bcb47,2021,317,E
5901f47e-2564-4178-9afb-5c2a82f9b3fb,2021,101830,E
5baaf6be-3bed-4ecd-b858-7a9e6386885f,2021,1300429,E
61ffc6ba-90aa-468c-9755-8b31c35368ec,2021,64664,E
bc955f43-2320-49cb-a1da-720eea9acbe3,2021,1376131,E
a35179df-0078-49f6-8483-aa33e0d00bc1,2021,94762,E
c5022769-ad66-469d-ab75-9ef42e44fe20,2021,40343,E
acf79997-51c8-4536-982f-307c8f320cb9,2021,18559,E
658a78ff-da62-4e52-a3f7-2d637960504e,2021,1187671,E
3420b53f-9de6-4369-af86-f057aaf4fb1e,2021,13595,E
bd49bfd0-f061-4f29-a345-7e0cd07426a2,2021,88084,E
74f0af6d-847a-4e06-a6ba-c63f82cd7b91,2021,1376181,E
a0fb6ba3-21cf-478a-a998-9125e06a1122,2021,1166783,E
ae6eb966-73a5-4631-8079-8e07095fb45e,2021,108660,E
4128cfe1-12ca-4e41-9593-97657e2c471d,2021,47069,E
d9b2a55b-1146-4ecf-bda1-8b100a4adb8b,2021,118420,E
95bc9c9e-da4c-40f6-9f92-127383a4ba8b,2021,1108692,E
41c525ac-df75-474c-82e5-b7415f74af3d,2021,1270596,E
12f57a93-000d-4213-a5b3-775e8128dc56,2021,95017,E
f41f6d36-fe64-4285-84e1-108e1af5fd9f,2021,108660,E
4872c0e4-81c9-41cd-ac0d-a2361ce5939a,2021,47069,E
8e045963-91ae-4983-a0a3-2f08f17e74ea,2021,1190071,E
fff9e573-99af-4fdb-86da-e39f9839e15f,2021,13595,E
78deb65c-7836-4a66-ba28-afe7bc505f14,2021,13401,E
d27e0d58-71b2-4225-ba45-6dbaffee16e9,2021,118420,E
acb8368b-fffa-497a-813a-f14e0efa7e3d,2021,98013,E
373dab79-fdc6-43a6-a856-d0c4bed82abd,2021,64664,E
89b5303f-79da-4e66-af6d-50b8ea3470c8,2021,13401,E
b8e9267d-7850-4651-9238-27d346ee3e48,2021,1322390,E
ffd7d286-bef2-421e-9a7d-8a9cada9e752,2021,18584,E
9ff15af3-d039-41a5-a941-729d544ccf1a,2021,104360,E
3ff6d35c-852e-4ba3-b473-c3ab6b074742,2021,21464,E
77f33469-449e-42a3-a9f4-bcdbde7956a0,2021,47051,E
eec975c5-ce8c-48d5-86fe-8c6f4860782c,2021,1190071,E
f1befa86-71db-40a7-afdf-458327bfe242,2021,83388,E
aa2b3015-52ea-46c5-95e7-e5ba0bf2c2cd,2021,1136142,E
a0ae3ec3-e3b0-442a-b88b-caecf085e79f,2021,106167,E
e928b099-104e-4005-836b-192e80f5e813,2021,94762,E
ca0e5904-4263-448f-b9b0-40ceef27ec4f,2021,103062,E
9bb88a77-f368-4d1a-93d7-7c53906e1f50,2021,9425,E
c5e37e01-7c45-438f-9089-741149cb4bdf,2021,90030,E
e3b5a4c0-d6ea-4e1f-bd46-05979e449e65,2021,1181327,E
6961a8bc-36ef-4fd0-82cb-29f92ed2472c,2021,53331,E
4fa63131-1262-4d3a-b4b2-306c02884561,2021,1376181,E
0e1fac51-0061-41a3-8241-b0ef72772e56,2021,49054,E
00929048-1a18-4b5c-925d-18f8435d633b,2021,13216,E
12a10f00-24bb-4c79-adbb-6d0b19ea7862,2021,47069,E
ec236097-a151-4bbc-bb60-f22f8b43efc0,2021,56172,E
ec9836a2-a1ef-4ca8-b69d-8526ceaa2a56,2021,1314243,E
b0da3e21-d319-4a41-8d31-271851f373c7,2021,1204325,E
c2c32886-8626-4e24-8430-3c549d8ef0aa,2021,47505,E
9fb7ea51-aec0-41a0-8a01-109387fd415e,2021,1190071,E
f03e3f0f-386e-4d99-973f-37031c1fe09c,2021,103062,E
2d946335-8683-45d6-8289-5929b7dd804d,2021,118420,E
2f34615b-941a-4308-b7cc-94b96363641d,2021,56172,E
9f12458a-c738-43df-b83b-68d47dcdb4b1,2021,106996,E
a53d4ac3-7684-4a93-8d50-17e200bef253,2021,106996,E
3e819e6b-8cdc-4dfb-a85f-d59a2cf7304d,2021,1139692,E
8775b520-fb65-4b75-90dd-f5973c404197,2021,103062,E
22dc7160-bf02-45ad-ae9d-470e372955fa,2021,1102628,E
b06915f1-ac02-4aeb-9098-b8ba98fa6081,2021,1351760,E
86ae9854-f013-4430-8f4a-6b81dfe2b008,2021,13595,E
a657a16e-e792-4434-b3b7-752e8cdc3457,2021,107360,E
de945fa4-3dc9-4a57-93d5-5cc4787766f8,2021,94762,E
2119d95c-29a3-4662-9ba0-5ccb59f51227,2021,9414,E
7a359c30-5cb0-436a-9b32-6c8ef63b182d,2021,97443,E
e8a40ab3-53ff-4a8a-b388-3f1c5608f8fe,2021,54934,E
761851cb-3f9d-4085-8705-efae201ea069,2021,112086,E
c0974dc6-d575-4088-8a9f-63c28b56abbe,2021,11554,E
dbdef69b-e0bd-461a-9633-7bd8032b2991,2021,13446,E
57e2295c-4570-4a49-bf77-2ccb0efb1de0,2021,1070485,E
4ce9dbce-4f33-4066-9d00-dcf1e5165841,2021,95017,E
852885aa-677b-48f4-8699-6cc9316e30cf,2021,1190071,E
c34a05aa-cea7-44ad-b40b-c29b1ec00402,2021,1181115,E
ef2300dd-3662-48b9-b4f3-56deaa3a5860,2021,5000143,E
466a2757-33f3-45e9-a135-8e9bddbca193,2021,1190071,E
5a6a1f53-bceb-4728-9d5c-32a6a260ee69,2021,1376181,E
2c47271a-b507-47e3-8bac-eedeaeea0b00,2021,62484,E
9a8c736e-82b5-45b1-b1b7-1e2048c79fca,2021,1314243,E
4067bbf9-4b6c-4f78-a35a-05f07563bdbe,2021,101942,E
242bdec4-009d-40b3-8b17-a5645de3b062,2021,94762,E
cba197d9-c603-4f39-8b61-92009594c204,2021,1351760,E
78b2da9f-e30e-4bf2-a90d-0da0fbc8561c,2021,11730,E
f79f833a-0bc8-453c-abf6-cc6b6a5929f5,2021,19047,E
51fd24a6-bb83-440a-b5bf-dfaa427674cf,2021,11452,E
57a8f617-f6c3-4d07-840c-d6c84bb3cb52,2021,1102628,E
1b43cfe5-6e1e-4723-ace9-93d3960f4932,2021,118420,E
07a08311-2015-4ffd-85e2-08669612d441,2021,118420,E
e97f8f3a-00dd-4a85-a037-fc1f81d3f91f,2021,1314243,E
13e6b48e-dc3e-4d92-987a-dde26b502de7,2021,1101244,E
5952be2b-b525-46c1-9112-2cb91b7e261e,2021,103062,E
3eebf6bc-a15c-47e4-9aae-eb5bff19d806,2021,317,E
f703f587-370f-4294-878a-6bdf8c614b85,2021,87396,E
553ba64a-6afd-4cd2-affb-78fe40af9a39,2021,18559,E
83c16dc8-7098-4197-953d-cc7fb801b410,2021,99820,E
7892593b-7aa0-43d7-ad4d-e2a87516e096,2021,43664,E
0cc0c0bf-a6f0-4959-bb5e-4d72aff58f6f,2021,13446,E
e6423e1a-ac88-4284-bc5d-223a42df6b6e,2021,9440,E
873113f8-c9f1-4d1a-a66b-626d29090a02,2021,118420,E
6e2a31bc-5ba2-4b7d-8f16-24a7c1145b32,2021,1288839,E
e35d744c-e3b0-4e76-85ef-0e52954b3630,2021,1376181,E
41e1c806-0877-460b-a237-3ca15b3e7d49,2021,48205,E
f344eb19-fa1f-403a-a645-f2d2fd471a56,2021,1300429,E
e7f33204-4ada-43e4-8b9d-0965184a1e73,2021,1258063,E
08f9b872-ef37-439e-87ab-bcb4dcd925bd,2021,1330347,E
e261254c-f564-4406-bdb4-c6a1de82a63a,2021,114616,E
05e6b2d2-e315-474a-a018-7b8f95600e26,2021,5000135,E
676db2be-2607-4388-a15e-1a790060d514,2021,317,E
1cb3e2f0-c849-46ee-9fa1-2bf5e1704fe3,2021,18683,E
0e1b3464-133a-4de4-8926-10bdf10b5711,2021,18683,E
39e8f261-f3c7-4ed5-85a3-df23ec9f7301,2021,13595,E
6f3f8446-aea3-4857-b4cd-cf50d67873c3,2021,41238,E
f73e1942-f213-4d7c-a43d-e4a3f9870b2a,2021,1102628,E
20c3430b-e208-4be6-9553-2cd61d884350,2021,1427745,E
e64321d9-5497-44d0-918d-426a7481061c,2021,1047907,E
b3d0673a-f68e-4c6e-9f28-a8aab6e6f304,2021,1102628,E
02be4a03-51d1-4262-a808-ce237b9c1faf,2021,1117717,E
0f69bd25-a990-4886-a397-420b581a79ec,2021,13216,E
5a36e8d2-1761-4082-a4c5-a13a3f3b4a55,2021,118420,E
c5814bbd-669e-48e3-94dc-c661515a0cf9,2021,1427745,E
10a36edd-61cb-47f3-9379-5f603f7396a4,2021,1427745,E
b47e28f3-9692-4de2-aa01-3fd211d6750d,2021,117532,E
82431ab3-1af6-45b9-a36e-16507984f669,2021,13595,E
9f647f8d-8510-47ec-abfa-bed5b37e9623,2021,1136142,E
431793e2-d553-49b7-95a7-d62d219680e0,2021,1101244,E
fd544287-bc26-4a72-9033-f750a8d115c9,2021,1351760,E
0a691fc9-f942-45e3-8c58-dad25b4df7b6,2021,11730,E
c17af6ed-99d9-4616-a78e-36e08f7b022a,2021,20030,E
c1b15034-fe6f-4ea5-9446-e7b16fb03c80,2021,20030,E
1ed0a920-6c54-4a43-ae23-a019a7c0b464,2021,117022,E
db703000-d1ce-47e5-966e-11143af6bc50,2021,20239,E
579f8fc1-ff37-4608-a3c9-3367919eecda,2021,1181115,E
784a6b71-46a0-4147-ab2f-3de4b31695c1,2021,317,E
a0ea9d74-b36a-4aa2-8401-d0bb4afe2cce,2021,1288002,E
17dd005b-1c57-4aab-83bb-94793b014101,2021,13595,E
73910aaa-b0d2-4c1c-9847-45759a43deda,2021,1265453,E
e4bcb793-1b18-4d4a-9e0a-99f4b761009a,2021,13277,E
34984170-da9a-4266-a2d4-2f484a822809,2021,5000135,E
07fcd401-c839-4dcb-8625-bbba2d88e06f,2021,1101244,E
35d02c44-fc30-4c52-9150-4c673b0f5102,2021,46377,E
5db85e36-c459-4d13-9cc1-355218375898,2021,2209,E
2b1f2009-7f4d-4e5c-9251-3f10d19ca876,2021,317,E
786abcb1-ca14-4a1d-be75-8e8783a6d6f2,2021,55402,E
2f90411e-8906-4215-ad04-d305af3b6d53,2021,101942,E
55bc8fdc-4fc6-4769-8afa-3d0af9d6a21a,2021,1376181,E
2d5f6271-8bbd-43e8-819f-42a9f6c35ed0,2021,88068,E
0c9a6109-1302-418c-9588-bafb2a6416ea,2021,117022,E
ad24a9cc-7c17-485e-a2d7-6ba05b893387,2021,1322390,E
194dcf0f-b1d7-40fd-b82d-c58e9b4317d0,2021,1190071,E
3d02371f-1a15-4850-a83f-23ad106dd737,2021,1330347,E
64051b71-e66f-49a0-964c-f8e8b81605a6,2021,95017,E
69c94211-ca54-4af1-aae4-14b2e58eeba2,2021,43664,E
a46f301c-316e-466d-80da-78b4e1ba0ab0,2021,13401,E
58923ab4-4ddb-4dec-9eee-5a327b126956,2021,1136142,E
0746d107-87d7-48f8-817a-816114447331,2021,48675,E
ee2aeab8-64a6-476b-8adc-c0c62e416def,2021,9414,E
0a0cbeb7-89b7-45f2-8c10-af9d27fa2594,2021,97443,E
5abf3c9f-a041-416a-bcd4-d6316d0d16a5,2021,55777,E
ecf929e9-3625-4c11-8e1f-ead49ed70668,2021,1322665,E
960838e2-c08b-4705-8f0c-2d590a2996fb,2021,99820,E
a0e92bd7-376a-447a-9d66-77fb83aeb857,2021,116770,E
9a09df71-04da-48f1-84fc-b5560cb47486,2021,47051,E
cade383d-5874-4461-8a53-752642568e15,2021,18584,E
719a3241-59d0-457b-982b-76b7da3cd289,2021,101942,E
cd2ae82c-58ae-41cb-a293-51e899bdd24d,2021,1267543,E
0cf621b0-b364-44fd-89a6-bf64b96fa23e,2021,1136142,E
84b93146-3b71-4a86-a20c-146603e9b614,2021,1376181,E
3a1857a4-bf43-405b-a22c-d6929bf0421c,2021,5000135,E
58708dd3-9de9-4076-8d5d-469eb6e8ab20,2021,11452,E
c8f91659-94a5-46d9-8ba9-d93e5163421c,2021,1102628,E
170bf619-9382-41d4-88b3-aa38276fb276,2021,55402,E
7ac3f385-a0cd-4340-bc88-331129f65766,2021,41238,E
3b551b3d-440c-4a50-bcd8-e28a35148c54,2021,49054,E
5260b3e1-60b6-41f8-9920-e1f33715d6f1,2021,118420,E
98a60bae-cf84-4625-a190-4efedc033d7f,2021,13277,E
1d40ed67-dbd4-4aac-bd8d-228ff8125e99,2021,62484,E
c15caa4e-fbd1-44bb-95d6-f93aa33a496b,2021,1315444,E
eecef618-1317-44f3-8a7e-2c4d3113fe90,2021,1272079,E
5832a6cf-75d0-4c77-bfe9-28b7e63972d9,2021,5000135,E
966c9664-2143-47c2-ab07-8906d42ec9dc,2021,64664,E
6bb87297-9179-48e3-ad70-d7b28fa1415d,2021,114616,E
3f132fa4-209f-402a-9b06-3f9b2494df6c,2021,317,E
ccaaf8df-916d-4bbc-afd5-69f1151f882a,2021,13446,E
d3422ccd-3972-42f8-822e-ee9d11aeef82,2021,48675,E
8445d593-bc4d-4e81-94bc-d793a1243a34,2021,1376181,E
cf668d40-55f1-4d35-80cb-d4dc2b9b6f16,2021,64664,E
c0d924bf-5a62-45ac-964d-8310fb71caf5,2021,102590,E
7f54f821-04f9-4692-8fae-3e5a748ac703,2021,67601,E
baaea68f-7539-49bf-9fbb-77225f7d3551,2021,11554,E
39b41d94-c063-42e2-90c3-971e3101241c,2021,1351760,E
328a242e-6977-4c42-94c9-610a3c52b600,2021,13401,E
9aec04c6-e4e2-4aaf-8ee8-ace875129e77,2021,97443,E
f5d544e6-96da-4a5f-a67b-6a8d75820fcd,2021,94762,E
1b652266-0960-49c1-991c-46c2b78f45cc,2021,19042,E
f9b555ff-7809-46bf-a98c-6d7321da6c90,2021,1267543,E
3930eb32-9422-4a1a-9212-fce37c471e6a,2021,67601,E
f7f5e362-bd93-41a5-8734-e8132089ca2d,2021,43664,E
efed85c3-1ceb-41d7-b03f-0bad9157c81a,2021,13446,E
e7810e06-51ab-4c20-9dc8-64762bf15114,2021,1204325,E
6e76decd-1374-4ac2-886e-2ac2e084b4ff,2021,68930,E
ad363795-d90d-4302-bd78-1a2019eeef19,2021,11452,E
661c1e51-902f-4770-a299-abebeaa7f83c,2021,49054,E
14807555-89ae-4c68-94c7-c7d38747b79c,2021,97778,E
c732a8f5-0b74-4fde-93f8-707f2d7dce2c,2021,1283028,E
ca1a51e2-6a99-40e0-9230-05a73467155d,2021,13277,E
d13aba6c-7074-4412-bc2b-8fcaecfb6879,2021,94762,E
36095bd0-9516-442f-9a56-abf51079f406,2021,2209,E
a9d55369-436c-4fa1-819a-44ea5a1322e9,2021,2209,E
e3922165-52d9-4b25-a3df-43f6dd7447d0,2021,99820,E
183cadfa-43dc-455b-9413-8f584e628f34,2021,47069,E
220aff1a-10cb-45eb-8047-8c12cb64814d,2021,116770,E
02c614e5-e940-4f93-964d-725f59d8f0b6,2021,116770,E
0ec795ec-9aba-44b9-b8ed-6ce82b14c2be,2021,317,E
f9c8dadc-f167-4a5d-8e27-0bb7152a2de2,2021,18584,E
e761a09a-74df-4a4e-9a0b-ed2049342d3b,2021,5000143,E
46ee7242-0eca-4c60-91a4-7757d4403253,2021,48205,E
8b87f79f-0137-4355-b27b-f9f332e84a90,2021,20239,E
3b8cbb07-fcbb-4aff-9fc3-a233f73c694a,2021,73140,E
d9176d36-040b-40ed-8bdf-c09f112ed5d9,2021,11452,E
5b5284ce-a7fc-4bca-a678-6a7054e72c1b,2021,1117717,E
44a392df-51d3-4744-b41a-ef897e144e49,2021,102590,E
e2aa5032-2495-42fc-a081-2ef9621f814a,2021,47051,E
61aecd4e-69f7-4c0e-9928-0cba072f0b99,2021,49054,E
2bb1388e-6cef-46bd-9da4-e6b2c65a4a56,2021,1379275,E
524beabe-5421-4631-b6b1-ec00e9d37bfb,2021,73140,E
22953ded-4038-40c4-b6bf-27c14b5a4e3d,2021,1187671,E
7664a019-24cf-4eee-bb4d-289c7b59ae56,2021,1351760,E
d3b898d7-2f65-4683-b89e-7ece3ed06aeb,2021,118468,E
37cd4f90-2d8d-4dee-8a6a-cd80681d6be3,2021,1136142,E
b2591e8f-898d-4e65-8de0-088f3aa33394,2021,94762,E
76d81eaa-f6e6-4998-9034-7df2f73d8c6a,2021,1136142,E
3a3b2e0c-72e6-4011-906e-06c5d7b04c01,2021,1181327,E
7670381d-7af1-4a52-b9ac-e042c90138a8,2021,1181327,E
0a67f8b6-7112-4650-8fcf-74f75e51d5bd,2021,1204325,E
cf2d642b-93ca-48bb-ac0f-c25e277aea79,2021,1427745,E
6b754152-5afb-45cd-a0df-5be881afbdf9,2021,1533190,E
943455eb-6267-48f9-b9f8-36e4f30727e0,2021,47069,E
861812f5-97f8-4b56-89ca-06365a3c1fbd,2021,21464,E
3eb27787-4d15-47f2-aa1e-18a0a729ab2f,2021,18903,E
5332c2c1-18be-4479-b1f3-edcc09d13baf,2021,1136142,E
eeb3e243-fc6a-4406-8bf9-751c4cb0442d,2021,13401,E
113d470f-95f6-4402-8011-12d7b7a98774,2021,20030,E
b7082a04-549b-4a28-91ba-33a31d2c1575,2021,1190071,E
bf0e4cac-5019-4115-a657-d2093e1cf527,2021,1318224,E
2c7c5f92-8157-40cc-bf66-70fd48f7e6ea,2021,103062,E
5ab9bbef-8f27-4ce7-a344-68b993f308f1,2021,1288002,E
1e9ef2d8-0a46-4457-bea5-8556c824292a,2021,1385488,E
49bbbc6c-4de8-46bb-8b2e-f9981b4a7775,2021,41238,E
83153c88-066e-4e97-ad6f-f9a6755736eb,2021,49054,E
a699b588-97fc-4d36-9760-bff6da523d3f,2021,1136142,E
1ba73e7b-0738-4c06-9edd-6ad55023b20e,2021,1132918,E
e7ccee39-f37a-4e34-bf2a-da98afaceedb,2021,50981,E
ad59fc9f-31e6-4fee-a22e-41a23ccb2d2a,2021,1117717,E
78c8e5dc-f618-4d26-995c-5d0446e23603,2021,87396,E
2b006af3-a7d1-45f2-adee-02ddec9c832e,2021,117532,E
dca46409-57cc-41a2-9768-9b2fafe402a0,2021,1101244,E
b8b6cbbe-3da8-4f04-9e4a-67d20656172f,2021,53333,E
76eaf63f-17e1-49e5-9e3c-2f2eb536c9ff,2021,11730,E
b264e047-f9a8-469a-ab72-608c3be777cf,2021,37862,E
545b39ef-ed94-4bac-ab6f-effd81e03573,2021,1283028,E
08d69d31-1088-4629-a902-de5128888d13,2021,117532,E
c3139f34-4d6f-409c-953b-eab0e3b4d3b9,2021,968,E
0b1fd949-200a-448b-bf24-0f75a06bce5b,2021,317,E
0209a5ec-9746-41b9-b688-46819fff0212,2021,108660,E
f9d3b845-5a97-42c2-b519-d07f5225ab52,2021,18559,E
c953203f-e190-47ca-bc1e-568b62018a9e,2021,50082,E
16c7d3cd-1162-4153-9796-600b435c5fd7,2021,13401,E
bae129a4-e574-47f2-851d-11b831c0be5a,2021,1314243,E
ac845a19-fa98-48b6-a614-1aa80ec3db4b,2021,13595,E
c58049db-cef9-43fa-8072-69a30c4f7ed2,2021,103062,E
7ce2f891-b282-4429-a48e-8c64d041c413,2021,97778,E
cc1d19e9-5281-4a4c-b343-ca03c48d0ee3,2021,102590,E
2942b64a-5e45-4257-9969-6eabed5c23dc,2021,67601,E
476149b7-445a-4bfd-9259-db0d8b26bd6e,2021,64664,E
d1d8ce1f-1979-4090-be49-3db9e923c386,2021,88084,E
7a287833-f55f-4a48-b1a4-21e776a0f5a8,2021,20933,E
f3c38498-bf55-4347-8d11-55bc50ac35d9,2021,37862,E
a2362f35-afc9-40ef-b447-8937aef43a07,2021,94762,E
ee1d58a8-4398-4a56-9e6c-e971f7f6df07,2021,22047,E
79ecca07-1be5-4bb9-af65-7037823b7fbe,2021,1330347,E
13497758-9b0b-473d-af9d-cfa0c259ebc7,2021,18671,E
7f129860-cc00-48ca-bc43-db8e00436442,2021,43664,E
85bbee85-4405-4edd-b028-a1efea3a729a,2021,5000143,E
75a8e5cf-b1fe-4af4-91d8-749648874693,2021,13401,E
56ef7383-1041-47ba-b573-808aa5dfcf84,2021,11730,E
bc727488-ff01-4090-af12-42409ed54471,2021,1148708,E
d904c5bc-e831-4891-ab9b-3e289cd7bef6,2021,1204325,E
dd7f4673-b570-42eb-90ea-3cd6ac10b788,2021,18671,E
9e42f371-9864-4e96-96de-c40a17e7c289,2021,18559,E
f30e0077-97ce-4015-b4e2-7997b50c9f56,2021,97778,E
66c8eeea-ea4f-445d-8e23-74a54f9fa884,2021,47069,E
40fb3fdb-ed9d-4ce1-ba13-ec99b67693a3,2021,13595,E
15cadd98-c377-4137-ab2d-18adc10f956a,2021,13446,E
748dcd1c-a106-43e8-9c8f-5b96b543db99,2021,18267,E
35e58f75-c8da-4396-8d6c-635a3d00f653,2021,1306689,E
f6d96fd1-7fef-49b5-b00a-d5f79c62e06b,2021,1136142,E
0d19a63a-5e1f-43d4-9f6c-9a3311c8c4d3,2021,53331,E
7ef6aa86-b30f-4516-a107-dfe20f86c2b2,2021,106996,E
a20025f6-a3a1-45fb-b438-981921b280c9,2021,968,E
c2e15f00-13b1-42b2-8008-e4a85b9a4ae5,2021,513,E
f7bb7a0d-ded0-44cc-ae41-6805f7208862,2021,101942,E
b9d9a96d-f598-4709-bfca-29c02dd95789,2021,13277,E
92b0c8ad-1075-4228-9e97-58dad126f9c3,2021,117022,E
c8038677-bce1-42a1-80d6-1b724356a2fe,2021,11452,E
7db8e52a-b805-47e0-83b5-73e43c78d41b,2021,317,E
55823364-ee1d-43fa-af7b-b7b28d37ec0a,2021,97778,E
75dc18fd-1858-4c11-b3df-b4ebb99adfac,2021,1267543,E
68a63e4a-93ae-4e16-a8af-2540f829de79,2021,37862,E
b66f33dd-e4eb-4844-9c51-1a0b785dd40e,2021,1070485,E
1500e751-1425-4f56-952c-e63c724a5b6a,2021,1299927,E
43edad2c-9e78-4199-a5a3-e2d3441f7773,2021,59122,E
5554c4fd-07b8-476c-a53b-2049cb822bb7,2021,1330347,E
722fee26-283f-4f05-b2db-eece599fb079,2021,1267543,E
ab005062-bd56-4f49-ba50-e655986b4828,2021,13401,E
4ca7b89f-d1b3-4299-be9a-7293442c68b3,2021,13595,E
cf1c34ee-3681-4770-85d0-3f2f345bdd29,2021,13446,E
57b95960-b2b5-4f74-85ea-10b9efeed790,2021,13446,E
0b1d9e15-753e-4e8f-a64d-d3524012e916,2021,83388,E
375baa5e-2827-4f90-a83b-e848ffd93dd3,2021,53333,E
5e97f57e-2568-4d41-a2a8-ce631fc8fbd6,2021,95017,E
8d8c168d-de05-4ba7-957b-41a2a2855838,2021,11452,E
cad5aa34-c98e-4e5a-aa64-f69e904ad16a,2021,18683,E
c31cf7f0-d2b1-406d-87ed-7c13811aee09,2021,90030,E
037ebf01-ded4-471c-9943-ebc6451ec5a6,2021,13595,E
01a662c7-a8fc-4309-adcb-6d0f1320cbcc,2021,1136142,E
16ccf28c-b8dc-4ff1-b3d4-f8404a6eaff0,2021,59122,E
6b5ad704-f0b6-497f-800d-070ba6940086,2021,9414,E
1b0f9668-b4ec-4839-92cc-f263e3132a56,2021,18671,E
3dbbb931-a5a4-4b2b-9aa4-265719e6843b,2021,13595,E
b243b246-3ca8-4c05-b16e-5a02b9eadb81,2021,118420,E
703a566e-94cc-4ab8-91fa-902755010acb,2021,68930,E
3facfe27-238a-49db-9844-6b703a1e51be,2021,1190071,E
59299c1c-c468-4a90-8af4-4ec2020322ba,2021,99820,E
776d77b7-8a67-4860-b6e6-6d6593004aa5,2021,1187671,E
6537cd79-5f12-4a7b-b875-1ee0f424cfb6,2021,97443,E
ec8e582c-dde8-49fa-8208-0a87df5c3387,2021,103062,E
76dd1b2a-93ed-408d-a20b-29013493492c,2021,47069,E
878e0365-b074-453b-96ea-97f9998db9ab,2021,88068,E
009a3feb-564d-4b48-8d1f-7f989b23ba97,2021,59122,E
0d19e239-d574-4965-8f63-e351d253fb16,2021,317,E
f6efc1fa-41e9-46f6-9780-e3777a35f8c7,2021,20030,E
cae6bbe2-3734-44b3-822f-45ed66c8c359,2021,9414,E
79da0a99-7e15-4f8f-ba4d-c62e3ba0a011,2021,1101244,E
68f22c5b-4a3b-4a7b-b37b-4a5e419ca787,2021,2209,E
b6dfbee4-eaf7-457e-813b-5636418becfd,2021,5000143,E
0d73acf3-2800-462e-8011-8e11a905f44e,2021,118468,E
70edd2c3-65b0-4e77-97a2-c6667cb5022e,2021,118420,E
c908b4f2-acea-4254-a862-1a818aa34352,2021,113455,E
34803b7e-dc35-4b5f-b151-0865632a7ce6,2021,1314243,E
4fafcf85-e2cd-4f6b-b37c-94543f8874f7,2021,1101244,E
ee7cd9a6-3d41-488e-9175-a70fa1fcb451,2021,116770,E
54cb6983-35fb-4269-9bc0-8a5866ecd281,2021,2209,E
b8a1431c-2bbd-4e02-be79-473f788dd101,2021,102590,E
94656b0e-0d5a-4494-bf61-8a9ec1f21eac,2021,20933,E
2213a095-465b-4f58-8ebf-50fef78ac375,2021,41238,E
4167f393-603c-42dc-875c-9619d0e58caa,2021,74737,E
42cc0b0b-27ab-44a2-98cf-5159fd2d6f7a,2021,114616,E
854d859d-1704-4ca5-9586-f29f212d0d70,2021,106167,E
fe51d47a-320d-480f-9b10-c40552eca7ad,2021,11452,E
3fe143e2-4ffa-4e2e-bb9a-e4be4d7efadd,2021,5000135,E
ca48c51c-0d27-4379-be62-4508916cf70a,2021,18584,E
b2366069-176d-465a-8457-cbc9e52db766,2021,5000143,E
e823a8af-727a-49c7-b84e-3fb487229a1d,2021,107360,E
bfe9adc1-105c-4d7a-8764-372a79469695,2021,13446,E
ed687d03-551f-4b39-981b-db562e4170f9,2021,118420,E
f2c3ce54-3847-42a4-b54f-879c207b2894,2021,20030,E
749292ab-495e-48fc-93b0-12b5cd3abe22,2021,2209,E
98852e0e-32fb-4ec5-bb57-26a47d68052e,2021,5000143,E
f545bfef-7d88-498e-9c34-8fb0b4f0726b,2021,1136142,E
e5b44ea1-cb6c-462f-96d5-d4aea684a10f,2021,94762,E
2ca59b9f-29ab-40a5-bf66-1b100509f0bb,2021,13277,E
b59d260c-a4d9-4ad9-b1d3-183fd489cdbf,2021,20030,E
259d657a-fb6f-4317-b82a-7ea12b013a74,2021,968,E
a302ef07-060c-45e5-9671-7ba27a6a44bf,2021,5000143,E
367f8552-317a-4eb8-8d00-0290a480ca56,2021,107360,E
713f11f0-6b7c-40b3-9315-17d64fcf2da4,2021,13401,E
8dbe152e-26d5-4c4d-9c35-4fb9d6aeb741,2021,57612,E
12956f2e-b513-47be-bcd3-0467bc55dcb9,2021,1379275,E
c31527e0-ada2-4e0d-8c0f-279145d01d05,2021,13595,E
a7ec9730-5a59-45a8-9648-41bce8eecef7,2021,1108692,E
7c75f307-33b8-4561-a85c-30dbef603d4f,2021,13980,E
3eeca0ca-add1-4dcd-9f5b-67d87b854799,2021,5000143,E
8251e79c-ed40-48a1-a240-944c73f14e7e,2021,67601,E
2762bdce-d6e2-4442-b000-1430d8d8796a,2021,13595,E
3cb9a006-24c2-4c12-9f56-8b92aa12e7bd,2021,1148708,E
9cf535e6-4eee-408b-a8b1-48d0ae387e5d,2021,1272079,E
7a55a9e5-6d1a-4adc-b844-0f0a92763105,2021,1330347,E
057b8202-de91-4a08-8db1-24b4919406c2,2021,40343,E
95e384a0-6104-4f4c-88bd-5384464e9a6b,2021,1102628,E
6ad2cda3-0fb2-476e-b547-b53ec8ae2525,2021,1132918,E
d4b2b03a-c481-4a4b-8c56-a87da916e3cf,2021,2209,E
7e830daf-b67e-42a7-b7a7-0d3897947af4,2021,103062,E
0945ab6c-8272-4bdc-9a08-61c7fcd00305,2021,50082,E
bd9f64ae-da9d-48d4-a419-a8d498bb306d,2021,1272079,E
165fa644-0b4c-40e3-b5e8-a4215a995bb0,2021,64664,E
354aa925-4ef0-43d4-822d-4aa08b3f172a,2021,49054,E
9f8a58c1-73e0-45a2-be41-e84207cbd795,2021,1403879,E
a3c13568-02b6-4acf-a5b2-ec075b3e4ce1,2021,118420,E
321544df-bac3-4d31-8a32-cbe2126fddf3,2021,86326,E
2885516d-1e22-4405-ac3c-aceb28200d83,2021,67601,E
f34206e7-5a8c-496f-8703-05490b8ed612,2021,118468,E
37883b8d-9b39-4176-986f-1f4254d9da5e,2021,13446,E
0a405d6f-99d8-4a9d-a032-b523f472c9cf,2021,1288002,E
203bc78b-fa46-4d7b-bdbd-bac284175d01,2021,513,E
788677f6-1464-4a34-966f-bc42b230f8bd,2021,101942,E
c461d753-30b0-49c3-a32b-77a7c821abd0,2021,95017,E
cfb35a63-d5ba-4ea1-8965-11544f6198b9,2021,113813,E
c43c0a38-260a-4b46-a1cc-acb0b4bfe480,2021,95017,E
cde24b3d-f500-42d2-b555-aa13bee07f65,2021,1118057,E
910ea5e0-cad7-4708-922d-97b71972bcd7,2021,86326,E
aec069a3-9b3d-442d-8517-24eddd4580f2,2021,11730,E
ba37867d-3222-4e7b-8237-31c9a2914e6d,2021,11730,E
5eecce46-7534-449a-8b9c-b4c740e18141,2021,49054,E
0a7d0842-3d5e-46cc-ad28-10c5a0141f65,2021,1047907,E
c90e94f1-95aa-4976-8598-b1bf4e7acda1,2021,56172,E
a3c42e58-52c0-4401-875a-74e70f6e101e,2021,114616,E
898948c1-c76b-4796-a010-88a75c9f36f3,2021,18559,E
a411066f-0b26-420b-87b0-8030c0f7fcd9,2021,1132918,E
e47d3697-b20b-40ca-b84e-c16b4ecbc8a5,2021,17898,E
2d23c97f-887a-469b-8ba7-e2a538c05b3c,2021,1101244,E
6c5064ec-6881-401e-a78b-aeea75d56747,2021,1270596,E
c65cd8c3-89ca-48e6-ab61-76beda32c566,2021,54934,E
d090653b-8e8a-455e-89fb-b4de39ddca53,2021,11730,E
2eca86b8-b689-475b-b600-8b42440f948b,2021,1306689,E
76c5ad34-49b8-4836-8ff2-8ca039a2488a,2021,94762,E
9cb3e206-6f41-45ad-9022-114debf7a633,2021,1117717,E
b144b9ef-c8cd-44e9-a425-838acfee71c8,2021,118468,E
6414edf4-34c7-4c12-9b62-7e7cded5a369,2021,107360,E
fd168cc6-8509-4129-bd5e-a2d9ea9a2f76,2021,18683,E
90f18ddf-ada1-4534-915c-a6718d3148ed,2021,18559,E
0deb85d7-9a7d-4eba-83a0-73ef52d12b07,2021,98305,E
6cfcef53-1ac5-4637-a6b0-bce7ad75a64b,2021,13446,E
902f08d9-7970-413c-abf7-067eba3814bd,2021,20030,E
443de46d-fe7f-4f44-99b6-c2dc1980ccb7,2021,117532,E
f3d14ce6-2fb2-4a7d-a600-4bab7d9c9009,2021,5000135,E
fbd98ebd-3001-4c1d-9322-6646c27b9a9b,2021,49054,E
57438509-22b8-4d5b-a791-6cddf18cd2b0,2021,118468,E
f2af66e7-e2a5-4e09-a8b9-bcc2981edc26,2021,98665,E
f6c944b7-3cdf-47ff-9296-1a6e934c16e8,2021,1108692,E
f07bce52-94ac-48cb-9e2f-2f93cf505e74,2021,317,E
782019f2-2177-4d8a-9967-e6b5d6e6fbbb,2021,5000135,E
4fe2a8c6-f6ac-45be-b061-71975e679552,2021,13595,E
f6df1108-a780-483d-afb5-475dc81c9780,2021,1070485,E
ade4afad-e448-46c3-89f6-2a93b20ec6a7,2021,1376181,E
1a15fcff-fef4-4021-8c3e-7bf5edcb9977,2021,9414,E
c396ed17-4916-4577-828c-dfc20d7e3881,2021,1300429,E
d9f61fd3-ee3a-4884-9493-895b5bab6065,2021,5000135,E
a67a38ac-a5b7-4a98-957b-a5971bd7aeb7,2021,13446,E
8dce2622-bf76-422a-890e-31692ef71748,2021,1288002,E
e362a1d7-702e-4dc4-89ca-441e47b48708,2021,116770,E
807536ab-719d-4e66-80b8-034d1ceb5a03,2021,317,E
139e9801-fedc-4912-915a-07a5f7c89f68,2021,41238,E
a8140baa-da7b-46a0-94dd-9d678af8fe73,2021,13446,E
53b632f7-4c8b-483a-9e45-b53820648ded,2021,513,E
eda65878-3ca5-4867-8a20-06112ef9c423,2021,94762,E
f0d4feeb-20d9-42bd-be74-e3c7b7a928cb,2021,13277,E
4c7d035f-b36f-45e0-abcb-3776810c3682,2021,87396,E
43a5d71d-bf86-4796-baa0-ccc7305644d4,2021,101942,E
8240e11b-e811-45d8-ac83-f95b760347a8,2021,1190071,E
79a01400-da06-4e7d-a409-d80a3cfccf28,2021,11452,E
82dca47d-face-45e0-b1fe-025a7bd8c705,2021,317,E
18934732-1169-4e17-a4a2-ea75f6f8bb3b,2021,1288002,E
71a9466f-1ace-4f2b-bede-846a6bbca538,2021,13446,E
9ae629d8-f1b8-4fff-b652-1b86ecaa50ca,2021,13401,E
28b24639-202f-4ce4-910c-ad6d0da35e4e,2021,106996,E
2d9d6f2b-36b8-4493-b380-87e2f4855a00,2021,103062,E
0ef8efeb-421c-47cf-819c-fc2ad813dd13,2021,11554,E
0396de09-c4bb-460c-821b-8d4f316d48c2,2021,1267543,E
59ac2f9c-ec28-499c-b02f-5f3dc35186f8,2021,1136142,E
69f6f9e7-e1a1-4d12-9905-b777e52e13bf,2021,1283028,E
b0b79a56-ea1f-4a3f-9644-8d8380302a82,2021,11452,E
419eacb1-1831-4d85-a507-201fd2bc2ce2,2021,2209,E
7936e228-3bc4-4143-abe0-d16c4ae30b7a,2021,1117717,E
0b2c83d0-5d52-4326-a0be-bea3f31d7788,2021,12313,E
6fad446e-ea64-4a21-b7e0-69d5e4370bb6,2021,317,E
fa7ef27b-9626-4b95-8826-615a0fd3143a,2021,13401,E
dfee786a-e39e-4f09-9d2b-0cb1e7231bbc,2021,9440,E
8153592d-8b2e-4e58-8f98-cf4479625d40,2021,113687,E
7f8fd98e-ca7f-47dc-aae3-8693186ca7ef,2021,1101244,E
01f88f72-f29c-42be-95dc-3772303d9f80,2021,18559,E
bd3d0674-37af-47c5-9e8d-7461a66a729e,2021,1102628,E
cde14c5a-1589-4b52-af3e-7d0fd73a6eb9,2021,118420,E
232713fd-9ab0-4ca3-97d2-0241bd8ee460,2021,117532,E
173a72e1-99d1-412e-91ae-95c99e58c5e9,2021,13401,E
6b13db86-e109-402e-9efd-220bb05132af,2021,51020,E
d92129ff-4910-4fa2-bfba-3cd130a95b05,2021,11452,E
dabc7dfe-e490-4815-b567-737f4da8f228,2021,103062,E
85dab9a9-030d-4615-93ef-4e39f584bf34,2021,47069,E
8ab210fb-7e87-4ecb-8cca-e1ff433df771,2021,117532,E
b681a344-0057-4270-8ed6-cfd23b0ab0bf,2021,64664,E
620a5e06-29ba-4c0c-960c-c90471ab213f,2021,1181115,E
68372639-2c30-43db-bd55-42b23b683898,2021,57612,E
01e3ff7c-942a-4234-bb40-59672e3fdfe9,2021,118420,E
7ab85775-1334-4559-8836-95264d1dfd17,2021,48675,E
43cd76f1-91e5-4a57-aefe-642863bf8fc4,2021,62484,E
bd388aa1-e6f2-4b21-99d7-82331c90f8f6,2021,98305,E
7610fe2d-7bdf-4bc6-8f51-849eaad42d39,2021,118420,E
7952fa76-e680-41a5-8ce1-e20550da20ae,2021,94762,E
a52fe3d1-9135-4834-9da5-bbdcc27a3a91,2021,47505,E
97d09bc7-8fb2-47ed-99e0-760d61a3f66a,2021,101942,E
0ef14b5e-554e-49c0-88fc-47f178a6f50e,2021,108660,E
514e42b2-091a-4408-952f-8ee8f641734a,2021,18559,E
5fd92005-b9da-47b5-bca7-bf807d82e4f5,2021,1351760,E
803240a7-8de8-4611-ac20-9f0a18661fa3,2021,1136142,E
ea6d2d7c-73e9-4723-8f83-ad15091c4e55,2021,1102628,E
75990907-6b92-4d42-bde1-0ff4a978524f,2021,107422,E
86a827e4-7014-4452-a40b-980c9148a3ab,2021,1322390,E
af5bc468-c381-4b2b-a3ea-4475db8c812d,2021,103062,E
cedc9deb-4d61-4b25-b4dc-08efc961e6ae,2021,317,E
7153a4e1-46f0-4e50-8798-14ba2ab31f2c,2021,318882,E
93d02d4a-ec4b-4075-8cb5-4368b44f7100,2021,18903,E
38f05fdc-11eb-4753-96c5-e417a7325a4e,2021,94762,E
94b3533d-fb7d-41d9-b218-929300f663d5,2021,20030,E
15f0b8c5-6366-41fc-b834-9bd02955290e,2021,1300429,E
fb0e1da2-177c-4ce7-be73-2164a6531ffb,2021,1108692,E
0cb6b4a5-aac6-4b7b-b181-fdece50f7270,2021,5000143,E
5ab5b105-cd4d-4a45-b917-b74597942d01,2021,13595,E
3bb79ddb-9db3-48b3-9437-4d58a89bc866,2021,13401,E
f3c8624f-9ef5-4349-bc2d-d23bef4b4107,2021,317,E
1dc5dc24-6f93-460a-832b-773631273283,2021,9440,E
897baac2-67ba-452e-b6e5-22d760547311,2021,106167,E
8f7d1d56-a21d-44d1-bc7f-e90eaf55b3f6,2021,5000143,E
66b2ad1c-e104-49c0-a4ec-dca0b93bb2f6,2021,118420,E
dc265617-c86e-4c0d-ad7a-f07aaa16dd28,2021,1047907,E
a063215f-f034-4fa3-8eef-735cc2aad627,2021,59122,E
06782722-28b5-4bc4-a893-9edc162d269f,2021,9414,E
4315aad3-49fd-4cc3-be41-71d351060a30,2021,1330347,E
4c5be6a2-aba0-476d-8699-1eee8aab57cc,2021,12313,E
241df62e-6ee3-4849-bb18-bd1a5378035c,2021,1181115,E
33ae98db-b924-445a-811d-75b1d836e98f,2021,1118057,E
81174b6e-eb0a-4408-bfaa-ef753a34de67,2021,13446,E
1d0d9071-c01e-410d-af91-77006eceb500,2021,49054,E
15a7698d-ebd0-4782-a111-7ed232985d3c,2021,317,E
43f016e4-71b5-409d-b3a9-e61139fef48c,2021,73140,E
88364187-8442-4f42-9961-a06ea7f3b870,2021,95017,E
b34401b5-06cd-4832-b689-e6cd23f7c4a0,2021,1148708,E
3a5db634-4c70-4e2d-b05a-d564c0df46a8,2021,9440,E
7abe2e32-7237-447a-b994-6d6d8ae678cf,2021,118420,E
0b67eeea-9892-4124-a1b6-71b51aeb1585,2021,1288002,E
e67fcf1f-6adb-4182-aa55-666d79ff142a,2021,62484,E
47e87f1e-8188-4860-842d-d8b599dc5c33,2021,99820,E
daf9ec71-a048-47e9-915a-40cacf64d6ee,2021,1101244,E
14e3af75-cf57-4b2d-88e1-e5b131b39b47,2021,13595,E
e9485c95-ba28-4414-a783-432d9012e2e3,2021,13446,E
022aba92-765a-4d28-b71b-046619979df8,2021,13980,E
faba86b1-e13b-40f6-9f5c-870a589e750c,2021,73140,E
b67b6b96-c5c1-4e54-8b22-16a6c98a1329,2021,1132918,E
e91c2c8c-7705-4914-b8ce-c9c6346c57e6,2021,1288002,E
f6fbe0f9-bede-4e2d-93dd-aa1d7730a701,2021,106996,E
6a131c5f-aa07-43d7-abf3-c2d97041a775,2021,106996,E
0ee58d8b-5c65-435a-aadd-1f03f91eb9d2,2021,1190071,E
4163dd09-93c1-4d6a-ae6e-fd1b4c9055c9,2021,13446,E
7046bd24-8b19-4647-bdb9-fd365c1ae041,2021,57612,E
e7ca630f-c476-41b6-9fe3-6cac6701e283,2021,22047,E
73a38d9b-b0a8-416e-b020-3219bc4dcb52,2021,64664,E
38aa8000-250b-4133-bf29-f0aa2d1c163b,2021,317,E
ae238c2d-c792-4c40-a6f9-b68d1a5693bb,2021,73140,E
111c703d-8569-4a9d-bc90-651ee83b6151,2021,64664,E
7b744ecc-2a0d-4e46-8c3c-fc674a3b6b08,2021,513,E
6f50041d-191b-47ee-b640-6b3960d1055e,2021,56172,E
89694e6a-3e88-45c9-a813-8fe20f7914b4,2021,1136142,E
a96e49e1-a6b1-4f65-9119-d2440dd0d25b,2021,5000135,E
e6a793a0-44fc-4371-b1ba-4e98dfb487a0,2021,2209,E
6b8e0914-4194-403b-a1d2-acaafb14ef76,2021,118420,E
87464838-35be-429d-a51b-7a39d8298001,2021,1269545,E
6c34a68b-9d45-4606-8f8b-dff10ec7f88a,2021,118420,E
da9c7c8b-9471-4d97-b83d-a18fd88e0825,2021,22047,E
9ddb8f72-f050-417e-a064-4330768dae3c,2021,317,E
626d1991-6d8f-4901-8b33-5ac2704ad7b0,2021,18558,E
a67df891-a6dc-4672-8e2b-c0b76e15ce22,2021,513,E
cfc6193d-893e-4660-bc29-77a80af5d456,2021,1314243,E
15cf25f8-fde2-45dd-9ad2-02399d4d5b00,2021,1314243,E
edb74dd3-b1c0-4f73-a0e9-521ef47feb86,2021,91181,E
6437b33e-764a-47c0-be92-813931c9db4f,2021,97443,E
d4a7aefa-dd24-43d2-8094-b36ca75db8d4,2021,5000135,E
bf14346c-adb9-4ec5-8b7c-c3e9208600f1,2021,13277,E
db3e5428-950f-44f5-92ec-0671407f00b3,2021,2209,E
03dccae4-ca43-4aaf-8cb9-03280b73d287,2021,1288839,E
ee136b81-1cc2-450b-b789-1ec7d22b912a,2021,94762,E
1e627424-5b83-45a8-ad82-9b3fdfd42623,2021,56172,E
3ce9ea78-830d-4ded-8bfd-0860dadc55a9,2021,5000135,E
33693806-58bb-4c28-8a18-44f207b7ca23,2021,1288002,E
66936842-e330-4f99-b898-46bd5a3e8040,2021,18558,E
adb523e2-4f18-4dee-ba60-0be6fb8a30f7,2021,73140,E
4343b5d5-25f6-42ed-a1aa-ef38bab54681,2021,1136142,E
dab166f7-0bf0-497b-b21d-cdd556415879,2021,1136142,E
83fe18fe-5d6e-47d9-99a3-0aa9b2f966b1,2021,1136142,E
aa5365f6-4434-4b92-bc86-9fa88d006870,2021,59122,E
d4066340-a41c-4845-80f8-611b4bac84ad,2021,1318224,E
2bb13530-489b-43a0-b978-78e3a26900ad,2021,5000135,E
6ba4aa73-33f5-42ef-8e8a-e95e3614415f,2021,513,E
4b18e27d-693b-46c8-9538-60ae47e731a0,2021,513,E
468789ed-d927-4105-8fe7-00c232a68b34,2021,13446,E
a8a80eef-93bf-473f-bf93-71ffe012813d,2021,113455,E
13fb27fa-82f4-4b83-afb1-614432c3b1c3,2021,101942,E
ff2a0363-08dc-459f-bb71-cccfb85092a7,2021,13595,E
d5b87492-c2ac-4696-a826-194e6fc7234b,2021,94762,E
0f3a9ada-4ce0-4bb3-8a19-a807820255cc,2021,99820,E
40a22f88-68cf-4006-a78c-242c2f9536e3,2021,62484,E
c45149cd-c48b-4913-8301-efcd65efe934,2021,101942,E
cf2a83d9-7153-4a8c-9cdc-6f865f499aed,2021,11730,E
2721e0cd-f07d-4822-82a7-8f2075a60dea,2021,13446,E
c62814b5-4152-4ba4-8b27-8fae4f3b68c3,2021,1102628,E
bc835cd9-e76f-4ff7-a24f-639bcc15794c,2021,1032473,E
03a39529-60e5-46f9-9fc7-cf0be4d16015,2021,1288002,E
bfd383b7-0d7c-4532-99a2-57821b0e4f8e,2021,1139692,E
bff5e091-b026-4e08-b027-8dff5a21cbf3,2021,9425,E
5a090ea7-abb0-4e00-a92d-7a5985872426,2021,13595,E
41d133aa-ac10-4e45-99c6-dbbe16e0afc7,2021,13595,E
7e994223-20ff-4836-9304-5f9bd0c98872,2021,37862,E
d0a879f9-ee91-42c9-a653-904278965ce6,2021,118420,E
d14425b3-9cd4-44be-8a46-b5f6cf3583b1,2021,94762,E
843f052b-cf44-4b32-8298-34849ace5d24,2021,513,E
9251d5ff-8b9b-43c9-bf7e-9d4734cc7a62,2021,21464,E
e686bacc-6b97-44cc-9d7b-fc730b2e324f,2021,13401,E
6541b08d-7a7a-47f3-8bd3-9609ea26929a,2021,13446,E
7c7e6208-c8b6-4350-b851-78883f8dfc3d,2021,1181327,E
6f82e968-cd9b-4c0b-9cf3-547ec56815a7,2021,22047,E
05304065-9865-4feb-9ab4-168557ee9729,2021,1136142,E
bc28fd13-1026-4fdd-841a-a7fe444cd293,2021,1101244,E
5576486f-9568-48e8-9580-baa27c1a93fd,2021,101942,E
2519636e-290d-4633-bb06-2d90f7667fab,2021,11554,E
4dc3a463-2703-4aae-997d-38d59a11955e,2021,1181327,E
33a8bb72-4232-49fc-be8d-da4b4108407e,2021,1272079,E
b81bf2fc-0462-4aaa-ba71-62f4ef409ad9,2021,98595,E
55740c08-a352-4df8-8b34-77e5bbc4d11d,2021,1101244,E
94f407ea-b815-433d-9970-9853ca0111bc,2021,116770,E
770650b3-b88a-4276-9c98-6b35d46550c4,2021,1118057,E
b37e9562-d9f8-4e24-9fb4-16c60c820423,2021,1288002,E
0450e432-66ec-44e4-a75a-1a8c365579b7,2021,13595,E
858c1992-99df-48b9-bdfe-aa2dea9e57ce,2021,1376181,E
433390bd-aee1-4d9a-a271-8a492171b005,2021,1376181,E
8a7c276d-a515-4f53-9086-203ab61661f7,2021,1322390,E
867495ee-556a-4072-8155-3463f6d9407a,2021,64664,E
0a78edaa-2747-4470-a681-97a3d5da50e3,2021,5000135,E
79ee24ab-1b93-400d-acfe-45d4e8b23f28,2021,513,E
6148b36b-1c60-4d79-8b99-27d7a2250b50,2021,98013,E
d4df111a-0783-49ee-a8a8-0534c3c3b2f6,2021,1108692,E
9317ca0b-aa07-4386-8567-4572e1fededd,2021,12313,E
897f3f47-4694-4220-8f3a-334866aa4e15,2021,1288002,E
e121cf75-d217-492c-9610-8ff8861402c7,2021,56172,E
cab85abc-0446-4a62-8398-a0aee5e4368d,2021,94762,E
91b69afa-facc-4610-a547-58a2369a4829,2021,94762,E
8d0136f1-e1aa-42f2-99bd-459cb551ca89,2021,13401,E
90723a34-ab5f-490f-a738-7f0d688d8d5a,2021,97443,E
cf021f10-181d-4f8a-b486-141f72d0aac3,2021,513,E
fc9fff74-fb5b-40b4-91e8-530cac2e24a1,2021,97778,E
54e7d98f-44a4-470a-83ff-df3ba51b60de,2021,11554,E
264272fe-2b26-474f-b93b-79fc256f70f4,2021,11730,E
97e0b9ec-d1b5-40db-afc8-edede099fba8,2021,1136142,E
a07cc47f-acab-446d-a47d-ae58328a9cd5,2021,95017,E
87ce3fd3-ccb4-4f54-b766-2051a9b94f04,2021,13277,E
5b71fea2-da52-432d-a952-695ba27956aa,2021,1101244,E
cda06b48-37a8-4d13-9111-8c2d5c2f152b,2021,12313,E
929381e2-a5fe-4735-9197-144326771e8f,2021,118420,E
4615859e-86ff-4a35-a046-19988013fb1c,2021,59122,E
c5d0e34b-abbd-4db1-9eb2-e8638f8b3553,2021,13401,E
6149882f-0800-415f-b161-5373e339fe62,2021,13446,E
044babe1-9993-4093-9f72-9f7f6210ed03,2021,101830,E
bf6d6d2a-2f7f-43c4-be30-dd768a469bb6,2021,95017,E
f7741dcf-3198-418f-a80a-614421656b9e,2021,1376181,E
9c66c708-66eb-4b51-b097-7b97033daad7,2021,91262,E
d977ca1b-0a13-4234-87c1-c348278bd7e9,2021,13446,E
ef298876-7772-4cae-a99d-11c82c922c2d,2021,1322390,E
2722fadc-6f2c-4b53-aaca-a9f439e94677,2021,74737,E
a68626d1-c849-4f3c-8baa-dd5fd07eff38,2021,1108692,E
41711bd4-908b-415b-8e91-f4f42ef26b2c,2021,64664,E
f404e44e-e84c-4f20-880d-59cef714e51c,2021,54934,E
e309243e-8da1-464f-a140-a0bc1b9d752c,2021,1136142,E
a874850d-367f-45dd-8c86-c4ac1112f470,2021,94762,E
62f70489-a31e-456c-bca8-506016d32646,2021,21464,E
6b421899-da1a-4a92-8506-7477322d756a,2021,1306689,E
bda47c80-0ab1-451b-99ed-d7349ccefdcc,2021,13446,E
fff9a5f0-9624-4e7b-b720-aba8bb038390,2021,1187671,E
de4d5ea7-3dfb-43c8-a980-7e1a9d53e134,2021,118420,E
c445df32-a9a2-4cc0-8079-f996519ccd12,2021,56172,E
24a9c7e0-4c5f-422a-81ab-98cae138a243,2021,95017,E
3575f501-6469-4ce9-9797-8fb46ca67e1e,2021,1385488,E
dcc6dc10-5e87-4cb6-b5ec-f7c9207423c8,2021,1136142,E
deadba4e-ccd8-49a7-bcdf-62110b154f58,2021,1136142,E
98408b87-0e6a-4ae9-8a01-8b024103bd20,2021,118420,E
7a620b48-96bf-4994-9b45-e21ebaa191e8,2021,106996,E
bd9ae2a3-2101-4fd9-a246-081cf652e90c,2021,13446,E
83d9d764-e2fa-4dbd-acfd-e0b7ece78885,2021,1102628,E
3e9a1e44-92ae-4a3d-bd04-0f8af0fe7f9e,2021,103062,E
40c18fea-6ddc-4eee-bb9b-6c4ebf2c1e46,2021,968,E
59f9220b-56e4-4c20-8eb9-1ac46808aa61,2021,13446,E
5d82eb56-9202-4663-aec1-6a2972d3eb90,2021,47505,E
b84085f4-9a59-48be-9705-21051398779d,2021,18671,E
23bc8f41-a42e-4344-89ea-07935612a474,2021,95017,E
a48af0c4-e1fc-4f07-ad3b-1ddf5b1e224f,2021,10515,E
601c0fcc-0d21-494f-974a-2ec5bfe7d48e,2021,13980,E
388673a6-098d-46ee-8356-e77c53b71ec9,2021,113813,E
0e668650-aaea-46f0-aada-b4a0a470fc1a,2021,41238,E
c46ab813-bb27-4be2-afe7-a4f922935e96,2021,97443,E
9eba040d-3e30-4985-9a7f-81bd251e6349,2021,317,E
8757d933-b488-48c5-b351-8310718d0a0f,2021,1132918,E
a94b53a1-b7b4-41a1-ba9b-f6cb5a3999ca,2021,18671,E
a588c8d8-7e07-4b54-8027-eb1b2c768e9d,2021,11730,E
fca33547-3f81-49ac-ae41-603819254a2d,2021,13446,E
3bb7c4e1-c419-4078-8dac-5265c0144209,2021,1136142,E
5bb37cb9-28f0-4376-9ee8-3802ca8154dd,2021,90030,E
2abebf67-07c1-46e6-a3b5-c09820bf2f9f,2021,117532,E
10057a6d-86b9-4140-ad4f-3bdfe9b81af9,2021,2209,E
bbca4d12-fda4-4eee-9da3-032439eabd31,2021,13595,E
6f9cbc23-5cc7-4400-a611-37ec61f3efea,2021,13277,E
d228cf6f-35e9-41fb-94f7-d516a5d3ce3d,2021,13446,E
9dd73c33-1836-4540-8838-77c1a162d98f,2021,5000135,E
1ba206f6-45ed-4400-9771-eaf49c9a0a42,2021,101942,E
748f4070-d71b-40f0-9664-1d03142d3d9b,2021,48675,E
88ce2a49-5255-47aa-9038-4f8709e13784,2021,97443,E
38833a75-7c1a-467d-8aed-48c6b2620107,2021,1101244,E
6ae0c155-9198-40a9-acf4-f2ca54744956,2021,13401,E
007fc2e8-8c13-46be-8323-7d69bd00ecd7,2021,13446,E
4fe72029-66bc-4803-95e5-3f4cdf0886ba,2021,116770,E
ef2a1c35-190e-41ef-b060-f5e8627d593c,2021,13980,E
846331fc-4c42-45e9-8e86-9c323af15fed,2021,1267543,E
9bd2fc49-2319-4be4-96cd-d780f90b9d3f,2021,1102628,E
31759ead-39b2-4e22-801c-8a8943bc6b7a,2021,1102628,E
db3a0d7c-70d5-4a7d-a488-dfe8cd3447b5,2021,13216,E
50b02fec-e98c-4d49-ac53-e851c81c67d0,2021,1136142,E
dcbff33d-fcf3-445e-b003-30fb55c57181,2021,117022,E
abb7e6d8-e001-4868-9ffd-7d712872455e,2021,20239,E
db9001e1-e3fb-4d15-8f9a-fc7154a6bc2f,2021,116770,E
77986080-fb79-491a-8439-2bb5cd9ed5fa,2021,11452,E
33739c4d-3ff3-424c-89ea-674f9b12899e,2021,86326,E
701dd422-12f7-4ec3-b8b8-357e82f7a841,2021,1102628,E
885b5597-4681-4bb2-b461-01b14c5377ff,2021,20239,E
d145ea54-865d-45d1-9e12-98e49a7cd7d5,2021,102590,E
4e029d2e-dc39-4f3e-aae5-02147b5c3f72,2021,11730,E
2dc104df-3e94-4af5-bce3-ec89bacb6e5e,2021,95017,E
28f886f3-a3fe-4bdc-a01f-cced2bf247b9,2021,1136142,E
38a5f944-df18-4903-807b-ae13662794a3,2021,1102628,E
1d1b0555-a251-48df-a7f1-e9f7dca494c6,2021,2209,E
a12de64d-fb08-4e65-8f8e-6fe2dc06d247,2021,103062,E
19db54e8-5900-43a0-bcea-79bfd7d0a2cd,2021,55777,E
7f9a8cdb-1c45-414e-87a6-853f7e402c64,2021,13216,E
0ab39e8b-03ed-4f04-93ff-c32184996943,2021,53333,E
f949f02d-51d4-4106-9265-f7fa4fd5dd59,2021,53331,E
d1840bcd-592b-4456-9beb-744c2b6f74be,2021,5000135,E
7c7156f7-9117-44b1-b332-7f6adedd72af,2021,99406,E
2ace668b-b2c8-4ebe-b82f-ed157f7330af,2021,118468,E
7da1276c-7aaf-4025-a492-d723239bd555,2021,107360,E
50ba0774-9851-44b7-8fc1-e6cc1c15d04a,2021,1330347,E
424624f5-0810-4109-81e4-66df37551783,2021,59122,E
ecf749a9-4010-4e0d-9324-035519913120,2021,47069,E
0ead18e8-e10c-4060-9507-224d0d162333,2021,9440,E
9929ea40-5250-4765-b58c-c3e7e1c155ee,2021,118420,E
7953a324-0d6f-4b94-ac8e-7314bceacf14,2021,117532,E
bda6abc9-4023-43a9-b29f-4ec4bbc1e8cb,2021,99820,E
c5651107-7e26-4ace-b762-23e30a3d874f,2021,1118057,E
820e63b6-7e80-4922-b7a0-38f8a7604863,2021,11554,E
3ec1da29-a6bb-4c45-ae02-76968c860f6c,2021,1102628,E
1cd7c262-c8ae-4ea2-a2ef-84a1dc0fba0d,2021,1427745,E
e9c21c39-101a-40ca-94d9-abfdb52570b6,2021,11452,E
d3884df3-5cef-44d6-95a1-2443ac82dde8,2021,13401,E
1f87b538-e200-476d-9e8f-921aad260bf6,2021,21464,E
45e66891-0359-415b-b26b-0c9fb87546a5,2021,103062,E
3631f689-147f-46b8-b144-30db9d24d627,2021,13595,E
1670142a-4eee-4616-b655-4372cfbf7da3,2021,13446,E
eecdd367-6367-4368-942e-872c098cbe57,2021,1330347,E
cd3262b1-4709-4bf4-b732-ecc6c578e203,2021,317,E
cc88a2f6-5d83-4a21-9713-ae60ba9c28d1,2021,1101244,E
46fde7d1-f0be-4b79-9695-b585f85d5e98,2021,13595,E
50f83ee7-35b3-4dca-84c2-aff2aa9dec7f,2021,118420,E
e4df4d9d-5f49-4c0a-a63c-91a6af444c79,2021,11452,E
c908633b-a1e8-4cf7-9267-5a866086c79e,2021,5000135,E
ddfe430b-bf72-4504-a128-70d8720afbc1,2021,86326,E
0fb55c19-e4ce-4385-86b0-364b876e26b2,2021,117532,E
491afb8e-bae9-428f-a58a-ac31e6cd4391,2021,13595,E
194b8402-9623-480c-bd42-0e9db5af1aa1,2021,99820,E
acc545af-79fe-4197-b675-99ab4f9f0248,2021,5000135,E
b03b1677-f780-437b-bf5e-0c54c05bdae8,2021,118468,E
625a8895-dccc-4d2b-b096-6c2b06699dcc,2021,1132918,E
c0b8ca1c-ccca-4998-a723-1039b3a6b0b1,2021,11554,E
d1ef77a9-06d4-4a96-96b3-d43d4daf06dd,2021,9414,E
cf1c6ba9-bd1d-49bf-946f-cf4e97b4356c,2021,1190071,E
f1e0f168-95ea-4ba3-8bcf-892297d420a8,2021,106167,E
dac06f97-4509-4a3f-9b08-5082ca375afc,2021,5000143,E
4c95c540-1548-4a63-9cbd-4814f0f287c1,2021,5000143,E
42ff16d5-1241-4997-aa9f-3a4872396ddc,2021,53333,E
34fe5b90-4a9d-400c-a729-b93a0b622bba,2021,95017,E
52004f72-fb5f-4dfd-97a7-726fcdc6ed85,2021,95017,E
a17a9e2b-f09f-46c7-9b9d-fafb929d94ab,2021,11452,E
781dc03e-7fae-45ee-b398-60bbdd74c4eb,2021,13277,E
7792741d-d758-4187-999d-f21b8a6b032a,2021,103062,E
84a4d3db-d139-4dcb-b1d3-520814305030,2021,11554,E
392c5e17-99f7-4831-afdc-1ccb3573e453,2021,13446,E
79e56cd2-3ed9-4cad-a7db-716391330c1e,2021,317,E
aea10e49-a4e4-4cb2-a687-c5367f1a5d2f,2021,13277,E
b298d1ff-e1fc-4272-8ceb-f920362a519f,2021,13446,E
ce058290-df3b-40e9-acf6-e3df907e62f1,2021,97778,E
3a8fad5e-2b80-4670-9e3d-2ea2b43ad9ff,2021,11452,E
07206381-54a3-4e71-bdcb-8ecc7c47eccf,2021,103062,E
75ef1506-11fe-46bd-b2da-06e75262d96f,2021,1272079,E
671490d7-dad0-4244-a6ea-da84d2cbd1ba,2021,317,E
9e85033e-3944-4b66-b535-743dd141e8fe,2021,317,E
752254f8-66ce-41a2-88f9-f7bc9ba6d54a,2021,1422296,E
c2d0d54c-b400-4290-94ee-fcd4d138c71b,2021,53342,E
0e0eaa63-c922-464c-9de3-48603cc1a36e,2021,1203177,E
6273562c-1fd1-44c2-aaee-5811e7fdff8f,2021,1288002,E
12ee2254-ade5-4c9b-80d2-8850c0a1a3a6,2021,1300429,E
78d67ab0-c1ff-4242-ac86-52bef4b9be38,2021,13277,E
78c08972-a82b-4b71-93b8-64b18899cef2,2021,1288002,E
238287f3-99ef-497d-99a2-0edfe6fc47d1,2021,1102628,E
514caf4f-0a76-4046-bf90-adb0bfe59ac0,2021,11730,E
59ea4914-9902-4291-b68c-840f25557d8e,2021,97443,E
687d31b2-cd9c-489c-a495-f4b0d83b423d,2021,114616,E
f33c318c-698f-427e-ab54-6ddcd62beacc,2021,13595,E
0325dae8-a787-44af-82d0-fcc2ac2d8a29,2021,1101244,E
e02c1bff-2123-4389-882d-16bed8254f5f,2021,91262,E
3aac8f13-fa15-44ce-8ec8-44807f8ee6a2,2021,41238,E
5b891a60-179f-4353-8c52-2bfb76cd8867,2021,21464,E
121d2abb-f2c5-40fb-b488-ff7f5c8a15a2,2021,1136142,E
c5bf15dd-756f-4e6d-b05a-cca3e9187640,2021,13216,E
43ef8b8a-bd30-4c45-9b18-9fc31844a42b,2021,20239,E
5cf572e3-09b1-4b85-87da-d342bcb23208,2021,13446,E
66e67764-42c3-436a-abac-78ae54f4be9a,2021,13446,E
d020a9c2-2a4f-4979-aaf8-6e777daa0457,2021,2209,E
5dae857c-f4cc-4fa1-a40a-2baa6e8c517e,2021,1136142,E
118861e8-5405-409a-879d-b595a4289de6,2021,13216,E
692eea4b-8dbd-442c-b11c-4f7819a3c9f4,2021,13595,E
aceb441d-c989-4f53-ae05-72412f7d671d,2021,13446,E
b08700d3-db7f-4a91-9780-d97a45c60b82,2021,1288002,E
df52aa66-01eb-45e0-ab5c-85fe91242554,2021,13595,E
108a2c8e-5360-4d18-a8b7-6b4c7023143b,2021,49054,E
5454f490-4ea3-44e4-aff1-87c6c3944534,2021,13595,E
cdaca462-cbd2-4475-ac12-087c0e3d7d09,2021,13595,E
3b2110b7-0fd9-4c6d-a55a-1b7f2f7c724e,2021,13595,E
9b6097e5-055c-4a8d-8f9c-a43298892fd6,2021,13401,E
ad2daa36-0dec-4778-abfd-94d8fa30832d,2021,114616,E
e4b96769-c3fa-45d0-aab1-da5edbc8cd55,2021,18683,E
42940279-6af6-4397-84c6-906836ac425e,2021,13446,E
4fc8a185-a2ef-4257-a173-e384fce4bdef,2021,13595,E
5f039528-fda0-468a-8278-2ae26d2bc6c8,2021,1136142,E
abe9965b-e6cb-414a-8a1f-5ebcba400050,2021,116770,E
d24c3f56-b5e3-4315-88ee-b1711e4dbbfd,2021,12313,E
bd5762fe-41a2-4ac5-aed2-eb65e4a94a6f,2021,317,E
ae63d116-fc46-4093-8708-e1c3a7bb61d8,2021,13277,E
d0252944-c3f3-4eca-b4b9-c507120f77fa,2021,13216,E
a54b2428-bc9a-4fa7-ad2e-d11888878dd5,2021,1136142,E
d629764a-2164-49c3-8a8d-adce22da5ba5,2021,101942,E
1f3f4069-4a2a-4f6f-a9ad-01094653cc49,2021,12313,E
f3028a73-c985-467b-a87d-49d24318aac6,2021,513,E
1d127fa9-9efd-4c4c-93eb-9c93fa0f7ff5,2021,1181327,E
a37dea72-7892-46f9-9c7b-b934ccbf025c,2021,101942,E
71f9d9d2-c7f2-4a6c-a751-ee4bccd1a1ce,2021,94762,E
611b449b-05cd-4662-b48c-5fa3cef209d8,2021,13446,E
9fb32a9c-e67c-4115-b7f0-7fdd535be934,2021,13216,E
c57d8a53-7ab8-4a4c-9fe2-83a19b76b86f,2021,13446,E
28f58294-dab1-4188-8609-74444e010da4,2021,1299927,E
efc5ba2c-9faa-456f-b437-203949789f90,2021,1136142,E
9e409413-b912-403d-8186-fa1ecb027b3f,2021,1299927,E
e6002dac-c5b2-4bdd-a5ef-5fa7ba944424,2021,1102628,E
e2bfce27-4e39-4f4c-819e-d9a6a64b9a6b,2021,13446,E
3f737721-dc21-4765-904a-874fc73a4621,2021,317,E
48f6190f-fb59-4082-86e5-39d8d038e671,2021,53331,E
e1ba025f-c5ac-4384-8d28-96a244fbabe0,2021,11452,E
e648bdf6-6654-4c08-aa2f-78c404d3582c,2021,101942,E
580324f9-b634-47ba-84b3-08ef0e807e69,2021,13446,E
1754948c-3961-4ec2-ac86-290c45f69fbf,2021,13216,E
86a65b10-a876-431a-8c4d-f7d005d9ad1e,2021,13277,E
61233720-fd88-41f7-8197-8ebc91ae2760,2021,18584,E
d3e6fd00-c7d1-46eb-9420-3e9fec03dc01,2021,18584,E
0d347b6a-e83a-4c72-9473-e65e9fbef963,2021,18584,E
a10a5c58-7dd5-4cc0-9a05-7c84dc74fdc7,2021,18584,E
db1f646f-e919-43e0-acc6-bb715d0df9ec,2021,102590,E
68182a11-1f23-4a9c-94ae-0723471820a4,2021,102590,E
23122185-1bac-4526-8d1d-12a3b3bca1df,2021,102590,E
7efafdc0-b197-463a-93b9-d81dde17c3a4,2021,102590,E
22c233b6-7b51-472f-9a5c-6d1eeef6fe78,2021,102590,E
b02be90b-72f3-48dc-967d-efcab7800ed2,2021,102590,E
d67aaa96-94b0-4a02-b5a9-a661d28e6f4e,2021,102590,E
d0b4f935-ccbd-45c9-a1c9-50f6a995b71f,2021,102590,E
55c1b409-a72f-4dc8-8988-241eb955ac1a,2021,1113582,E
8f99a691-40a1-49e2-9931-7f2655a45caf,2021,1113582,E
d4f42e91-2a18-48a8-9b41-459d49b88a90,2021,1113582,E
f8367aff-c27e-4fdd-87b2-dedeff3f5384,2021,1113582,E
7ef6dad2-eadd-472f-a0be-6fb41a8fad8c,2021,1113582,E
64c746b4-12df-49bf-adf8-88f00fc15ef3,2021,1113582,E
774b8e33-e250-4246-ad82-98e13ac0a890,2021,1113582,E
d9dff6c2-5cd2-4df1-a09d-dd79b5baa093,2021,1113582,E
20aa62a1-2381-4e1f-93d0-589265dfe249,2021,1113582,E
a21f72d7-d1eb-4844-aaa4-c9f1443c492a,2021,1113582,E
30445f60-11bb-4001-a7a2-43d83e63203e,2021,1113582,E
8f0e6688-cba9-4ecd-ae93-e1e8e98ef8eb,2021,1113582,E
5562464b-5e2a-4e86-9aa5-3e3bc0e776e5,2021,18559,E
0a117e4b-65d0-478b-94b4-2ca5914bebbb,2021,18558,E
c66d0d2a-cbdb-4db5-970a-b9ce15b5177d,2021,18559,E
60ab36e0-6038-489a-8185-53cf2d4c9ab3,2021,1113582,E
ae188772-b8cb-4e37-aa98-176ec2fba6c2,2021,1113582,E
c5523542-9b1b-4741-84d9-196ff185d1e2,2021,1113582,E
621d1cc4-130b-4fd0-a73f-0567f791b17c,2021,1113582,E
1b00ed81-97a9-4466-9309-82afd9adc5af,2021,1113582,E
eb19c6a6-6f08-42a7-b02d-7f82e9f28829,2021,1113582,E
84964bb6-cbf5-41ed-a2dd-c39a3e47086f,2021,1113582,E
439b06ca-b722-486c-af44-2dc444071792,2021,73140,E
62b9fd56-67e4-4ab4-ac3a-cd18a5df2fe8,2021,18559,E
b46fa875-c256-4943-b9e7-1a1548e84764,2021,18559,E
8caf3fa3-7843-4088-91ce-1e3c2f0c77c9,2021,1113582,E
8e06de4c-8525-4114-8313-99d93d2212b4,2021,1113582,E
75396995-178b-4390-b14e-88cce1d4ceaa,2021,1113582,E
d6f74239-69d0-44b2-a544-60d29ffe2e03,2021,1113582,E
caf65abd-e90e-4ea2-a482-9f45ae10dedb,2021,20933,E
e2a83607-9cd0-47f6-a8c3-a8ca5102292e,2021,513,E
5f2b16d4-36ae-4a4d-96ea-e5a0673e9651,2021,513,E
04e10c7b-b28a-4f00-a141-e9e3a79e4f09,2021,513,E
acbbf4a8-24b8-4f0e-b76c-2007482e49ba,2021,513,E
47ef8b87-14d4-4210-b525-c76e699a4906,2021,1113582,E
30d8dc35-9263-48fe-8627-96e25bc69d5f,2021,1113582,E
541fcf81-1131-443c-8c2d-0fe379c556f3,2021,1113582,E
3fdb8408-3d8c-4259-b617-95b61a0576f4,2021,1113582,E
fdae4880-91d0-4249-bbed-fa810bce7363,2021,1113582,E
cc80a3e4-4e0d-4e8b-b1d0-8f2b0581a085,2021,1113582,E
b48d1a44-b7d4-433c-99dd-62a10b502963,2021,1113582,E
d15347a8-812f-4cd8-8fd9-e2b7f602ac73,2021,1113582,E
57f6fce2-8c5c-46cd-a2fb-d9e731b44abb,2021,1113582,E
12e62cef-b576-4ff9-9c8c-bf0c31e4cbc2,2021,1113582,E
e3443db8-e3e9-42c8-aef1-4d2786b760ec,2021,1113582,E
c2ee064c-4fb5-4b95-ad4d-98e56e1a9ecf,2021,1113582,E
4dc988ee-f62d-42d5-b6bc-ef51957e0e89,2021,1113582,E
bbd2ba50-f4ab-431b-ac3e-e2228aa29ca3,2021,1113582,E
de353063-0d89-4300-b0fc-a3d08d6915de,2021,1113582,E
69b8c45b-ecf5-4e1c-9e2b-a1e33a66c74d,2021,1113582,E
9a8dc292-f449-4492-896b-fad52667a450,2021,1113582,E
d1bdd201-f3e6-4acc-a0a2-fb08602fd40d,2021,1113582,E
ccb56e24-03ca-4493-8844-c1d663af66f1,2021,1113582,E
f3f1ebc2-3543-416f-b581-8a94818a2582,2021,1113582,E
0e72bf20-33f0-4343-b3be-db9621a1bcd5,2021,1113582,E
e368d79e-086d-4601-8df5-502804aceac6,2021,1113582,E
b0d1c7db-6e37-422c-8f8d-0bc8adf7f3d0,2021,19042,E
9a862d7c-fdcb-4280-bfd2-763e18513cdd,2021,99820,E
41f4210a-c743-4364-a3ee-f68711ebd477,2021,99820,E
0b5be219-4c1c-477a-a645-8178db181cd7,2021,99820,E
d97ac6f6-092e-496d-afd7-92bb903da404,2021,1113582,E
dcde2a40-0117-4c62-ae7a-85e8bafc2df2,2021,101942,E
7b99648b-c5fd-4e0a-bbce-615572c44428,2021,101942,E
49deaa96-101a-4377-a125-00daee428857,2021,101942,E
4b8220d5-837f-4769-95f7-327250269da9,2021,101942,E
bf106590-4909-4132-b87d-411059f90590,2021,112086,E
b8299ab0-629b-4c40-9a27-dc89d95028eb,2021,86318,E
64b265af-a4ce-4424-8038-67be81b2839a,2021,86318,E
b7b3eb93-c9a9-4626-b506-d65ca2840a46,2021,86318,E
7ca7a7e0-e4a9-4013-91ae-6877a8e9381a,2021,86318,E
a5e8b106-6b0b-41e5-b3d3-1c514dc63ee9,2021,86318,E
833e75e8-f5fb-4ada-9d1b-d656cd39db9d,2021,86318,E
3bf407bc-73e0-4954-8f88-78cdb68f9720,2021,86318,E
c4ac7352-f102-473b-83a7-b9c758f82678,2021,86318,E
48893481-3f0f-4129-8faf-6ebd16b6fea4,2021,86318,E
8f4d0519-6507-4d19-b64c-7cd6ebc76141,2021,86318,E
d6d6519f-1b24-42c5-903a-dc3bd1ef3854,2021,86318,E
42bd3794-4e1d-47aa-87c8-77dc20a610a9,2021,5000143,E
8d16469c-b5fb-4f36-b7c1-34494d25b931,2021,5000143,E
83261e69-0dc4-4c35-832f-8027f7f8756d,2021,5000143,E
ed1376e2-3fe0-45e6-8d05-a5ee566c6be2,2021,47069,E
1fcfb2a8-06a7-4b8f-a8aa-d4b2fea83028,2021,47069,E
d9c8723c-d71f-46e8-9938-1c30e3e19cb2,2021,86318,E
39319fb1-41e7-4444-8590-876e0373fba7,2021,86318,E
beaa6bd3-1d68-4603-ba6c-01c6da96ae3b,2021,86318,E
55ecce2e-5f63-48ff-886e-dfc7c4b055c6,2021,86318,E
57f6b6f6-b7b0-43da-a034-d10cbb5b1798,2021,86318,E
a16d5002-d5d3-4c6c-ad4b-82482ba2aef4,2021,86318,E
7b93530f-f9e4-405d-8ce2-f3d40b2626e0,2021,86318,E
10634fa7-9470-4053-af6d-5eed7ae26c60,2021,86318,E
fb743f15-e4bd-4d5c-af3a-8625cd0f91d3,2021,86318,E
1962c521-b85a-4ca3-a05b-45df3527b5f8,2021,86318,E
32b5ab28-3bdf-43fc-aac1-897625b6b6f0,2021,11554,E
b80c640f-25b6-415e-a3d3-c96a7c6e85b0,2021,86318,E
924c0614-6fbf-47fb-af86-5d55783cc9e5,2021,86318,E
94a1abed-7dcb-4519-9b39-d76e3ce6fb4a,2021,86318,E
fa1d79b4-632a-4f25-892d-e07bf52ae937,2021,11554,E
d4def0eb-f4a3-4710-9958-a6a5a870b4b9,2021,98305,E
1ddf64e3-c0c1-48f3-a90f-cd15c7b167d9,2021,98305,E
2b18dfd9-bc18-4807-9679-993413f28ddd,2021,98305,E
fbb0ac2b-bad5-4d66-9846-96bbc0fa8d28,2021,67092,E
3d9ec0c3-f7c8-4b69-ba08-6ebdfef01e7a,2021,67092,E
2d15d414-3ee6-4813-8adb-c9f24a29f542,2021,73898,E
c1897ef7-92cc-4aa1-a984-e10619a0a2bd,2021,67601,E
935b725c-469f-400c-8130-f53470d5ccb4,2021,67601,E
513b6791-a70f-447a-8176-2f3dff650904,2021,67601,E
0e621ae1-ceab-4a3b-9ee4-fa3dd60951a3,2021,73898,E
e1a952ea-1e35-48e5-9013-5b86116f5f0e,2021,73898,E
008d0514-4df4-465e-b6bc-28c5205eb33a,2021,73898,E
05a69631-e578-49d6-8335-2bd7729bbc47,2021,73898,E
8e160b2f-4019-40aa-8c41-da92d966081e,2021,73898,E
b08c0666-bed0-49e4-bc52-f7fe2d8fcd54,2021,73898,E
ab668e76-8571-41e1-8136-6383c62d5e43,2021,73898,E
80431829-d378-4955-9b38-cc37912d3025,2021,73898,E
1302dfc0-fd64-4fea-a42e-3251b636b133,2021,73898,E
1166342b-0189-4163-8764-1ef5ac206cdf,2021,73898,E
b55c740e-7607-439b-a86a-94f4201a4fbc,2021,50082,E
a29bf392-8b11-4861-9d40-bd580f715dea,2021,50082,E
d9f7b9a0-cc8c-4c1b-a4b9-6fddeca474bf,2021,21464,E
befce963-5c13-4b00-b58e-e23e159acd8f,2021,21464,E
bb3718a3-1801-4dce-8949-cb16af80bb68,2021,21464,E
ccfab486-8450-4eeb-b6e7-c7bce3edbf41,2021,21464,E
0a261f0f-7c81-47d6-b4f6-a62715725f12,2021,1351760,E
14c399e7-3081-455e-833b-834f57c9a625,2021,1351760,E
43240ebb-7744-4695-a9b6-ee87a03da8bf,2021,1351760,E
e06f9b38-7afd-4ee3-946d-6513fa0cb4db,2021,1351760,E
0e3470bc-4d0a-4818-b117-c6e6921798f9,2021,318882,E
c101a197-eb4e-41a7-8d74-c41021ead7e8,2021,47051,E
51929c70-5671-42e9-b733-2b6868e63992,2021,13595,E
6a2e3c85-d288-40f1-8b41-fd4dbf50d8f2,2021,13595,E
f367bec9-7fba-490b-b091-92cb44cc39aa,2021,13595,E
12352f59-b927-4158-b7b0-d41c4c071a38,2021,37862,E
3d547ada-cd22-476c-a412-8f74159b6e33,2021,107360,E
ae0c6454-708b-495f-9a4e-ea845f1194da,2021,1265453,E
dbc590e3-f281-4a46-a878-3838b0cf272c,2021,1265453,E
f2e1d8f0-894e-435a-81b6-ca2710fa95b2,2021,11730,E
dacaf7af-194e-4f13-8263-58d906cb9a8c,2021,41238,E
3e4be70a-878c-4679-a8cf-da77ac1144f6,2021,41238,E
a4455a19-cdc3-4bb9-b914-56b2f4538f99,2021,13446,E
0812ac6d-b2b7-4900-bfd3-f61d02a0a499,2021,13446,E
8e8f6d9a-0e97-4715-b413-5a44f0eb48c9,2021,13446,E
fc550df1-0068-4f5c-8105-a857b2779e7a,2021,13446,E
ad48498b-0f12-4081-8eb0-000fb3b9e0f7,2021,13446,E
52ed2c50-68c4-4297-9ee4-4fcbc400aed9,2021,13446,E
3a5f5e45-6043-49f9-ab91-914fd1d85e83,2021,1148708,E
5983411a-6879-4ea8-8fce-eda4bd5e5b81,2021,1180773,E
6d1b64ee-e754-42be-ac08-94984796634e,2021,1180773,E
3bd53e6d-f37e-42cb-82e5-8e62a4d620f6,2021,1180773,E
58167d8a-2b9f-4ac9-a5b6-513dfed456a1,2021,13401,E
022baacf-b22c-46fe-b744-b8f05038aee2,2021,9440,E
bc0ec312-bddc-46b3-8970-ee56ea757355,2021,9440,E
f4bb73c3-d43d-464d-a5d4-a5302b8ae89f,2021,9440,E
3c3a15f7-84a9-4b8b-9ad3-b232f38f3adf,2021,1180773,E
365eadeb-cf67-4db7-95a1-3166e063d318,2021,1180773,E
3a486ff0-a9ad-4848-b54d-3aed48885da0,2021,1180773,E
ade91d27-beb1-4dfc-81a1-be27ed2247b4,2021,1180773,E
f4f9b802-2a09-466b-b9fd-00426db8a4fa,2021,106996,E
98069727-87c1-4b9c-97fc-4735d7e6b98b,2021,1180773,E
69028a76-be30-4459-9515-88e455f99e82,2021,1180773,E
21d73fc3-3f0d-4666-9029-8b528efc9061,2021,1180773,E
d082737f-229d-4d57-b7e1-0412759e0465,2021,1180773,E
466de459-d36d-4609-a1c5-68b7ffab6509,2021,1180773,E
5f3cddd1-c5fe-4050-8977-dfc29d89d42f,2021,19047,E
c78bfa47-23cf-4475-a63a-632a12b3a6b3,2021,83388,E
b2865b29-a176-45af-9ed5-23c42fac8c21,2021,83388,E
6a401280-4c08-4c3e-b1c5-38a97ce56506,2021,1376181,E
73d0abcd-fed4-442f-b8f2-87a4e8728759,2021,88084,E
6b778b50-0a9c-4a88-bccc-5aec1fb660ab,2021,88084,E
f52ff95a-5803-4e95-bcc6-7fa3050777dc,2021,1180773,E
a90bfbbb-f7b6-45b3-8539-e6593aab2bad,2021,1180773,E
8c15da5f-7fe4-42b6-b8ca-4c838f10cca8,2021,1180773,E
2713fef2-da3e-4d5a-8be1-396b6fff4a8a,2021,1180773,E
5e860044-7ab1-4b95-9a48-55b8c797730d,2021,1180773,E
fb06549b-af02-47cd-b0c2-f2d54ade70c2,2021,1180773,E
5e03e7b4-ca73-4b86-a437-8714a851057a,2021,1180773,E
fef06afc-8c0b-4284-b541-b14c7662451c,2021,1180773,E
5b8a265b-ff8a-4f19-a3ee-a6ad0953f4ed,2021,1180773,E
abd2b2c0-8840-4bd2-87f5-5c579bea7659,2021,1180773,E
4f291d9b-eef2-4e45-9849-599ba62ea788,2021,49054,E
9337befd-9fd1-444f-baa9-8832a0b1003d,2021,49054,E
b97363d3-b27e-4c7d-9268-3f4b9fd5bb40,2021,1180773,E
c45e1611-2adb-48d5-bdd3-c6aeeb6467cd,2021,1180773,E
08821b1d-e36e-4f7f-be1b-5cace2bdd557,2021,1180773,E
411b5101-19d8-486d-9453-45f84d42381c,2021,1180773,E
2e2a0e09-1ed0-46cd-aca7-f37ae9715bbd,2021,1180773,E
bf047b54-8229-4217-818b-e368bc78c992,2021,1180773,E
63aaa70b-8e44-4d75-a131-bd686b548cf6,2021,1136142,E
72a6b240-404d-4153-a338-989ecef47639,2021,1136142,E
84848396-aa33-4b8a-8474-10a09952da51,2021,1136142,E
88b782d7-a145-46c3-813d-abc1c9a030f0,2021,1136142,E
17acb166-e11f-4195-8005-7cb733ed3e3f,2021,1136142,E
3e8a6aa7-f4d6-467d-a8dd-f8da865c0842,2021,1136142,E
7bcb8ccc-4038-4e1f-ab6c-1437e22e3a78,2021,37862,E
377cf0de-d836-48f2-80f4-dc97fc0885dd,2021,73898,E
548906b2-402d-4cd7-a7d7-41035483a8f1,2021,73898,E
ab323a82-ff75-44c4-80ba-5d696c267427,2021,73898,E
565123e4-6322-4fe4-a709-1d5edf876e82,2021,73898,E
0d64c23e-760f-4a9a-83ca-a2fdb3ff69d2,2021,73898,E
9905d19c-3966-43d4-ae6a-33269368a23c,2021,73898,E
ca907923-040d-4d38-9f0f-17a2d46368cd,2021,73898,E
0e0d7049-fb27-480e-8dea-33879c8ea068,2021,1110857,E
9fa57272-31de-4594-95aa-8461767859d1,2021,1110857,E
5bec8e6e-bece-4c9c-8359-ff864fd6ef69,2021,1110857,E
7bc77013-e8ae-40ce-832a-665720d2f482,2021,1110857,E
e86c99ff-1609-4637-8358-820e649c2b4f,2021,90030,E
cdf199e1-328f-49ac-b126-08d0713f7fe2,2021,1102628,E
021687d8-0b46-4570-8a27-6abaa2fdbdb3,2021,118420,E
6aaaaade-aec1-4844-95a6-00cc076f4253,2021,1102628,E
f77dce32-b1a1-4f68-82e6-75ff3d300082,2021,1032473,E
ddeff3f7-8c30-4453-8910-fba1fd759739,2021,1288839,E
79a37b15-d572-4445-8815-7085c1dfef56,2021,1288839,E
dd86606b-f34a-4273-8d90-3b86fe83a014,2021,118420,E
3e588fd6-4e4f-4156-a8c8-49d3ac1fc798,2021,37862,E
14164edc-ddad-43c7-8b34-263100f1dfb9,2021,118420,E
84c5d85d-c5b3-4446-8041-d8120319f387,2021,18267,E
6dc6957c-39be-435c-97f0-ea2639af5c3e,2021,13401,E
b8b93b9a-7111-4b22-91ba-69ee239644de,2021,113455,E
36bfb392-337a-4ec2-baa3-73cb19a4c9b3,2021,113455,E
377455ec-c9b9-46a1-979c-d7ee75168eef,2021,113455,E
a007c240-692b-431f-9801-0275094ef5c0,2021,1110857,E
7cc720d9-353c-4f14-848b-76fbc9102b1e,2021,1110857,E
7d03fa40-aa56-41c1-aeb8-b3d6f4d1a044,2021,1110857,E
5fe5b43b-9518-4e05-b73f-29559a6a942d,2021,1110857,E
c702ba83-d651-4299-b618-4fe316224af5,2021,1110857,E
3dcc2831-aa1c-4ab5-838f-70c1fa5fa935,2021,1110857,E
40f3d0cf-fd08-44cb-bf38-8a21650e6f68,2021,1110857,E
a7284217-fc6d-47cc-b2ec-f989795ee3f6,2021,1270680,E
5270ce6b-4f75-4b97-b6f3-41fea1abe88c,2021,94762,E
599067ba-1b0b-406a-b0db-1cfe405c8a74,2021,94762,E
ef69c335-37b4-489e-bb88-e979c5c71f19,2021,94762,E
bd6ecf75-0151-4342-8c98-791fabe50991,2021,94762,E
e11e8219-7d2e-467a-bbd5-3c86e6b7900b,2021,1270680,E
4c9e5b9c-92ac-454f-acf5-b12561b63af1,2021,1270680,E
dea41786-4b3f-4ceb-8372-15cc2dfbc7b1,2021,1270680,E
21066074-375d-4e48-8691-ae301764c1b7,2021,1270680,E
60138060-5128-4582-b471-8fb2740ae729,2021,1070485,E
0d52caef-17ed-460e-bc64-07a9897f2925,2021,1270680,E
8bf13796-f595-4884-9645-640438acaaa3,2021,11554,E
f041f558-bf11-48bb-aa07-80c72c48552d,2021,1070485,E
05b3232e-f7d6-4b76-9fcf-0d32118a4523,2021,20009,E
4bd857d1-fe92-4358-b01a-f70b90299cec,2021,20009,E
f3a7d4cf-64f9-4d94-b13c-b299ef2d72f7,2021,20009,E
5768285b-5569-4657-b7b4-1bd35ec66f2e,2021,20009,E
ce438b78-8f65-46a7-8f29-7a0d66bc131b,2021,1306689,E
861be739-b738-4d74-9bba-4c20ed31b380,2021,1306689,E
1b51bbc5-7af3-461e-9b04-f6f13b154d79,2021,1299927,E
39da5751-8683-43d9-ad49-174d0a481b4c,2021,1132918,E
c66378ed-a60f-43f3-8264-f640a6161f3b,2021,1047907,E
a6e54b4c-a5ef-4f63-86a8-fd0f9dc53895,2021,1047907,E
f11845b0-75b0-4f7b-b199-9f7abe33a0e8,2021,48675,E
502e8e0c-ddcf-43bf-85df-a2b4f6fb2e53,2021,12025,E
89724e5e-1676-4fdf-8b61-57dd1b95c484,2021,12025,E
a2b997f8-bf5f-4c31-bace-28fb0e439ff3,2021,12025,E
26a48daf-fe12-4d60-901c-fccd014570e7,2021,12025,E
3c74b761-ae91-4b6c-89d9-6578b8339627,2021,107422,E
2ee91edc-8060-46b3-beba-a977478d34a4,2021,107422,E
46e21b42-1d6f-423a-8214-9af05017ec35,2021,1376181,E
7f24509e-48c3-4c8f-8b45-e0d73b532dab,2021,13277,E
1e3ad83e-e6a3-4699-a83d-b3231860cc29,2021,18250,E
d1a35011-3a92-4005-9df0-03f6d0b10388,2021,1204325,E
344e3f33-c7d5-418a-9f27-6f0e4a250fe1,2021,18250,E
a3766acf-1f2d-467a-b265-e6ef5f114f61,2021,18250,E
062f029b-9fe7-420d-b8a2-018798b53c10,2021,74737,E
1ba5dffc-19f8-4800-8627-6c844b8bc1c2,2021,18250,E
7b236605-042b-49f6-a0d0-11e8020eddb2,2021,18250,E
98530584-3401-40f9-b49d-f68e9d57ed20,2021,87396,E
d0d038a1-5239-44de-a9b8-4a9b6e89fbab,2021,1376181,E
79105f36-70a3-4081-9389-ec18417116e0,2021,1042278,E
52f7a75b-cbb9-4847-aff7-73ad96e721bf,2021,1042278,E
d6797c21-94bc-4ef2-8cdd-6e01c40b6a87,2021,1042278,E
fa31fcb2-b69e-45e2-b47b-7323a75ed0a5,2021,1042278,E
5c315030-abb4-4e81-83f5-1e8fc798183f,2021,1042278,E
8829bdeb-d64e-41ad-aa89-b03d2650c6e8,2021,1042278,E
40975f86-bf45-4895-bad8-bb9176ad8bb4,2021,37862,E
82f18ae9-6640-4e1c-bc86-5e0b0f2818bc,2021,22047,E
1164c578-b77a-44bb-8085-329542af57b4,2021,51020,E
84160922-2d53-48c4-aec2-1c986762de05,2021,59122,E
2f96583b-4ec0-4453-9aa7-8f16f015beb2,2021,20030,E
e86736e2-2c37-425e-8ae4-23a97a95ead6,2021,20030,E
9ebacea8-b631-464a-9f6a-2201a08dbaf2,2021,20030,E
033f29eb-fef6-4d80-a8c3-e2b07cea1901,2021,56172,E
0e82d492-bf19-4827-8811-2d87f6b314ff,2021,56172,E
7d280e1a-c951-41fc-84fd-efa848b6e4e3,2021,1108692,E
9be41f75-5f44-43d5-937a-cd2c7e50c1e6,2021,1427745,E
6d3cf788-6843-4ed6-a91c-30aa79a8426e,2021,1427745,E
e6503ee3-68be-49af-abd7-5e26de7e56f9,2021,1427745,E
b6218dce-7ead-4f55-bc39-a8716deb7e32,2021,1427745,E
569ad759-805a-4bcb-8ac8-9a8794f5d80a,2021,1427745,E
668391f5-5763-4a04-b755-acac023f164e,2021,48205,E
d8d24210-f66d-4016-8b81-e4e45a6e8c29,2021,48205,E
e836d48f-325f-4f09-b5e2-5f2408904a32,2021,48205,E
f0aa8f91-55ba-4113-88f4-b8ee4ba00d12,2021,48205,E
e2663a90-6e10-4640-a5ce-fbc0330ec96f,2021,48205,E
274bdccb-cd81-4b6e-979b-1d02ba4f1e66,2021,48205,E
6ee3c3d1-3e98-4b2c-bc58-a16e65ae931f,2021,9414,E
805568f9-a5d9-4682-92e8-4c689f183244,2021,1103723,E
5979bf3c-1c58-4ccb-8601-878991477d04,2021,9414,E
62dd55e0-a853-433a-919b-e045a3d9d84b,2021,106996,E
51838209-83c4-4f4a-b4e9-4fa2e02cf209,2021,106996,E
d74664da-7eab-4152-91e7-3cc7a57a765f,2021,117532,E
1eb76fbe-c923-474a-b039-d3525f593bed,2021,117532,E
e7c0d4f4-0cd0-4bfe-97fa-673726abc4ec,2021,117532,E
dea07346-7598-491b-a5f6-be0514d12162,2021,117532,E
2275c8eb-43db-4f0e-bdb5-42e502a368f1,2021,117532,E
3ab6529a-7ba7-4b42-8355-69a614acddaa,2021,117532,E
c4a183f4-d8c2-468c-8035-2dac52eebafc,2021,114616,E
5808c1ef-fe44-40e9-843f-260a6cdcb583,2021,98665,E
aec8c582-aa84-476c-8658-0e3ad08211f3,2021,1300429,E
fe8dfede-81e0-4ab3-8eb0-2a98f2f33253,2021,1108692,E
9ad6abbc-1116-40dd-b50a-b94cabc537b0,2021,106996,E
396b4655-c4d7-40d8-b370-5e4f01eae40f,2021,1272079,E
61632a5e-7c1f-4cb9-a7de-717402848709,2021,1272079,E
f0482a7a-8ede-4ddd-9e8e-73318f987847,2021,58808,E
1979f241-6af8-4ef4-94d8-440ed06f31d2,2021,58808,E
891adc49-e125-4714-a38d-b7864fde6f07,2021,58808,E
170a753d-4908-4a90-8e74-5d38d24bf992,2021,95175,E
349a2c6a-3821-4b87-b9e5-3f60255d8eb3,2021,95175,E
d58aac36-7381-487c-afff-b80f4dced1da,2021,95175,E
8d9d9137-3c05-4485-9ce7-56ba9cc642e5,2021,95175,E
38f80e50-46d8-4846-9f57-ae6d71f4259f,2021,95175,E
a2df7b4f-9970-47d2-93a2-1aa9ebacf035,2021,99820,E
371e1ebc-a182-4af3-9057-01b51dc13892,2021,99820,E
5de2d139-7a22-41b6-a058-8bd5ff67ef1f,2021,99820,E
68d4eac0-fae1-49a9-a752-14dfa4314a19,2021,58808,E
cb1833ed-10cf-4fa4-b6fa-994a47d93a61,2021,20009,E
634d57cd-a4f5-4f5c-8c8a-5c9cd0667b5b,2021,58808,E
584c7832-d680-41ff-adb9-5fc77da49ae8,2021,73898,E
3abc501a-8ce7-4164-85cc-991858af7e2d,2021,1203177,E
d6113675-10e3-4d35-b868-06811ba0f83d,2021,1203177,E
ddaeb45a-b52d-4463-b503-7604100b815d,2021,67092,E
a60692cc-049f-4857-bac3-0b22a36ec2b9,2021,67092,E
cf7a199b-2d08-4ce2-b699-b66f9a168362,2021,101942,E
379da7fb-194b-4de6-a623-1062114c3976,2021,106996,E
23ec65f4-cb33-46c0-a2d4-53f7d3a293e6,2021,5000135,E
ddcb9475-60d7-4624-a07a-134a85bb42be,2021,1270680,E
f1293e0a-d6d1-4806-8b4a-2fd85e808553,2021,1270680,E
77c405e1-2070-48a3-be31-b8117949e348,2021,1322390,E
2d5b099b-1ba9-436d-aaee-7de8c4ac0797,2021,1322390,E
c3a704b5-2086-44dd-9f0c-6ea73357f14a,2021,1322390,E
7ab67678-1c04-42e9-abc5-d1b1624b41af,2021,1322390,E
69ae4717-dc09-405b-9394-1a84ea4d7fe0,2021,1270680,E
c1b631ef-bff0-40eb-8bc4-8fd406c6ba6d,2021,12025,E
f4da1f28-4fff-4ea0-8ad8-3e074f8b1f93,2021,12025,E
8788b825-fe82-4364-b025-e9b4998adf2d,2021,12025,E
676c7742-21ca-4d76-a383-9b62a99db0ba,2021,12025,E
acb5a252-213c-499f-92d6-1d100a2a93be,2021,1101244,E
ffbd0373-f8fb-468f-8ffc-4b889766a794,2021,12025,E
276aa06a-b5e2-4b95-b529-c4f505894ed9,2021,12025,E
f11bf80f-f594-4ed0-bcf6-15e49f7bd070,2021,12025,E
d8d8d5c9-a05d-4c47-b44a-36efcfd9402d,2021,12025,E
b1cac54d-2e4b-4715-8139-3da4f333bb75,2021,12025,E
73abba85-e977-4f55-81fb-5d31f6302843,2021,12025,E
01633d67-6333-4877-a948-70a648ea6a1a,2021,12025,E
1637e786-2299-4f03-8e55-62afe9580e4a,2021,12025,E
aff62b80-ec7f-4ff0-8180-13cf2cae927e,2021,1190071,E
d30a023f-6ab2-441a-867c-bd859b9f5d5f,2021,1190071,E
1052c899-f78f-4746-afe1-bf358cfe425f,2021,1101244,E
0b2e42d7-0c43-4455-b541-7afb88eb0322,2021,1101244,E
d7e75567-e58d-40bd-9b3f-2b20cfeadaed,2021,12025,E
604ee2b0-1826-4d4d-9754-ff19dfdec6b2,2021,12025,E
ab15414d-896d-44d7-abc7-f58bb2d8ce8c,2021,12025,E
78d8741c-3de5-4ddf-993c-0c33f3474f5c,2021,12025,E
a973c03a-1018-450e-b3ff-ae5e40869e2d,2021,12025,E
a46ee607-e8bb-44a6-8895-f8bded1735c9,2021,12025,E
b24a9063-b15e-4675-bd38-6be6ce73ee18,2021,12025,E
4ba23d90-848d-4333-8779-7cd7801540e7,2021,49071,E
56f0eb62-3344-4b22-b67c-6617ac0399fa,2021,1270680,E
475d9e7c-0dc9-4971-8df7-cb0f8c57f51c,2021,1270680,E
475bd81b-fd10-48fb-972b-8dcea089c9c6,2021,12025,E
2d1d5c7e-1377-4e14-9601-8d4614f85229,2021,64664,E
2af5ca7c-1fbf-4f39-b8dc-e58644fdf1e6,2021,64664,E
93674404-86f8-4617-aec1-7148d4c3a560,2021,64664,E
63c6e873-d5e2-403a-aadd-3d3e39f28927,2021,64664,E
b1d3307a-6a55-4c10-a4ad-12eec5e21e35,2021,60886,E
ac197456-a483-4db8-aa55-7a664bad4eb5,2021,60886,E
2acf9e80-c461-489a-b564-8ac90a327258,2021,60886,E
89a61e2f-9c04-4e05-99cc-97fab90a5a9d,2021,60886,E
3f07ae53-99e2-4ef1-afb9-849bf23b66c9,2021,60886,E
cedfacce-1c4c-4b86-b0a9-a5f6d57b7871,2021,60886,E
55fbebc7-612c-4fe4-bf51-b5c17ba630e5,2021,60886,E
5a009e37-2080-4e38-8941-2e2771ed1393,2021,60886,E
9198c5ec-59f1-464a-aa8f-2c3d719e70d0,2021,60886,E
04ace024-5ce1-4960-b62a-52498fb4f4be,2021,60886,E
c8fd76ca-1e16-45d4-ae02-cb18a1f3c1cd,2021,60886,E
c7ae1e96-09e6-42ea-aee7-3422f5106860,2021,60886,E
d6ba7b7e-94cf-4827-a827-de29324d1df9,2021,60886,E
f5a7c703-6e42-41d5-a842-7bbc825dbe2d,2021,60886,E
3e88c7ec-b1c7-4d8a-aaf5-55356beda8a7,2021,60886,E
9021a0e8-934d-469b-be4e-3f930be9a4a5,2021,60886,E
924d5c00-93b1-4c83-bc20-b657a33643fc,2021,60886,E
62732341-059d-475c-8943-d95a1f46a9dc,2021,60886,E
2adcc8cd-e640-4a99-bd4b-ec84d232985c,2021,60886,E
161dbe0c-f56d-4302-ac16-5de6232c7698,2021,116770,E
222795d7-4db6-44db-944d-d42a31e368ea,2021,116770,E
2cd5da8f-2a97-41e2-b120-41f5de83effc,2021,116770,E
20c0b442-b3c9-4eed-bd71-1595219aee0f,2021,116770,E
957359b7-232f-4f55-a9d2-d5b3750a7b97,2021,116770,E
d03e65e0-cbc3-458a-b33a-ef9d735fbdf2,2021,60886,E
3b5ac0b7-298a-4aac-a484-c04918df96ac,2021,1270680,E
efa71c9e-1d24-4d51-a854-3163888fd404,2021,1270680,E
35bb5cee-8c2b-4237-a213-95c1c719608b,2021,1270680,E
4b5d644e-ab8e-4bb9-bf90-2a72c9c2f656,2021,1270680,E
c097822e-aaea-42e5-8ceb-e31fbc9ce473,2021,1270680,E
0fba785a-7c8c-45d8-90aa-610aed4a2df8,2021,1270680,E
d451b7ff-bb20-43f5-acde-0fcbc7c5358c,2021,1139692,E
39d143e5-edd5-4579-9fed-7f96efc865c5,2021,1422296,E
897cffb0-7dbc-449a-aab7-55158be736b8,2021,1422296,E
7b2eb925-531b-402b-a9e5-c3abef15da39,2021,1422296,E
de257825-ccca-4efb-9d43-0d894509094a,2021,106167,E
acef1da9-96e9-4385-b08a-12c45d45278a,2021,13980,E
7d38e758-4949-411e-a81c-91476bb4627e,2021,10515,E
5941b8c9-6b53-4366-849e-8835409e4998,2021,1330347,E
9f909357-b231-4252-959b-62f8777a921c,2021,1330347,E
451a081d-9683-4fdb-9a90-5186e27cc9d6,2021,46377,E
dba67ba5-dc2c-46d2-9880-25e4b98fcf1b,2021,12313,E
11aa557c-6276-44dc-95f7-925d9c831397,2021,12313,E
16e08b17-99f0-40fe-a1d1-b0c394f30e4c,2021,12313,E
7354831a-8111-4dc0-b099-642af678e666,2021,5000951,E
a27401cf-40f6-47ed-9640-09fec580cc52,2021,5000951,E
8dd973b8-518f-4264-9f4c-bf0ed8210ec0,2021,5000951,E
73527f8d-eca1-4d27-9bed-84aeec4f54ca,2021,5000951,E
53d0e1f8-a3a8-46d1-aaab-49add73e55b1,2021,5000951,E
88f81b56-d7be-4166-af6c-0799ef734043,2021,5000951,E
841fdb56-bcb5-466d-8a98-d51cea15b696,2021,5000951,E
b937d191-4971-4c57-a6dd-3c5d9c35b4df,2021,5000951,E
7ffc279a-cc8c-4e7a-9b58-b167676bc565,2021,5000951,E
19fef955-bf6e-4c2f-853f-b6022a15b9bd,2021,5000951,E
8508d2ba-a6a0-40ab-9e8a-532e637bb2ad,2021,5000951,E
da860686-fce3-4d3b-8f60-59c83f9b83ee,2021,1181115,E
c1963b96-021a-4011-8803-8051584dd1e9,2021,1181115,E
f711e0f6-9e53-47e0-999d-d22a809d03d5,2021,1181115,E
747d9a4e-0fb1-4840-b3d0-7b4c8f19f793,2021,5000951,E
ef78ccd8-42d8-44f1-962d-ce492c49a6ea,2021,106996,E
51633334-a9c0-44f6-9efc-62455ee7decc,2021,107920,E
56efc9ca-f9d5-404d-8fa1-2757c8ce6e0d,2021,107920,E
57853529-7cc8-44ea-8da0-0f40819d18ea,2021,107920,E
bb0d7078-eb33-4cc2-ac64-68af2961c66f,2021,1270680,E
c59e5eb8-a919-40d7-9baf-7f4f278b5dc8,2021,1300284,E
68840a87-9d1c-4955-8daa-034d120f9d88,2021,1376181,E
bb3213b1-afb8-4845-9a22-99f95b4b80f5,2021,1533190,E
5b0e2a90-0d0c-4f83-a6c0-da6f54dc5520,2021,1118057,E
43a7ed10-0413-4bec-9863-2491d08ac3ef,2021,1318224,E
cceb75cd-161b-4633-896e-2c5f58987472,2021,1306689,E
fbb121e9-3689-44e9-b7b8-6a3ea4aa5e1c,2021,1318224,E
f4d29d4f-e5df-4df3-9b96-0f3e4932683f,2021,1047907,E
7518e32b-a782-44b5-aec4-2ca11b7ce510,2021,43664,E
e5d0f037-45c1-4aad-be97-7f81f03ca164,2021,5000135,E
337a833a-819c-4e5a-aa86-5a4471e21b5c,2021,5000135,E
d2676e51-9f18-44dc-b312-dadd88db8037,2021,43664,E
533da13f-2029-4a1a-9dfe-1efb2acb4888,2021,43664,E
7c2e0d9a-4a5c-4cba-af56-9565965e505b,2021,43664,E
29a68521-88af-4e35-955b-194a3806790f,2021,43664,E
da33fb44-899b-4942-9b7f-f29d6ee89686,2021,43664,E
cf347ae8-83b4-4827-863a-3c475991e65b,2021,2209,E
1be7a8b1-2ad5-4112-b536-942bf70ac072,2021,2209,E
e7e6312e-74e7-4ae8-92b1-5b7bad61e8f3,2021,2209,E
00ebf062-4f50-413e-901c-02143c5c5377,2021,2209,E
31066a29-150e-41a6-9d7a-11d2881c431f,2021,2209,E
9a456eb8-81e7-418f-9550-4ac63c247961,2021,2209,E
f65e631a-f9a8-4186-a51b-6e105f1912d3,2021,2209,E
57f942fc-d911-42e3-8e7c-82669572c613,2021,2209,E
9a081c82-7577-458d-959b-6c7c24b16002,2021,94762,E
323a08c4-aa18-4d37-91a8-a4e7e8d71129,2021,1047907,E
307e4863-f600-49f6-a7e6-41a8e4d8285d,2021,48675,E
66aac701-517f-4d88-89c2-379b9089bf49,2021,48675,E
08de65c6-04d2-4d7d-ba94-b2fab53696f5,2021,48675,E
e2bc9180-3b79-4030-8bdf-2cae171935fd,2021,1042278,E
fb558b50-82dd-4a20-8e95-4424029312a8,2021,1042278,E
ef99e446-3e27-4f5f-9978-98a137b8946a,2021,1042278,E
914c1c2a-1b89-452c-a109-3906597b96ab,2021,1042278,E
c2fed68a-0d36-4764-a1ba-2179f4afa5e6,2021,114616,E
8ee78258-fcb2-4ac0-b5fe-c37adb06b98b,2021,103062,E
97d942cb-fde9-4340-8556-cd5f77ede8a6,2021,103062,E
19451bf5-00bf-46e7-9671-a557cd368a2a,2021,103062,E
bf1dbcae-60a1-4fbe-8d56-9012b571bd18,2021,103062,E
cbad9632-09cc-4774-9633-0a59ad709d7b,2021,18267,E
80d3e20c-4f6a-45db-87e7-41e32dc31e36,2021,1385942,E
ee0c97d7-8804-4a4e-87ff-1b896997cc91,2021,19047,E
667a7f71-462f-4d58-8212-39fc6746dfc7,2021,9425,E
b76f566e-fb12-4798-9a57-b599a89841e3,2021,49054,E
ea1eefe2-79b3-47b3-a50f-7322a3ffa4c1,2021,49054,E
b060baeb-858e-48fb-87b5-568628634bbb,2021,49054,E
8bbb90da-667a-40e6-baef-da474df3f30f,2021,1306689,E
fe52e21c-a2aa-4267-b0f0-2874696b1d1b,2021,1306689,E
11a7f681-81e0-460c-be30-200fa0bcc864,2021,1306689,E
616b71aa-f70a-4a88-aab1-c9273c763b15,2021,1118057,E
84a91c8f-f7d8-471f-a399-fdceec9d8d22,2021,317,E
b8404894-9e90-4d98-bfed-ced7f2dcbb27,2021,1102628,E
bf0d5557-964e-43e6-89b0-869d12fb4608,2021,13595,E
d0e119d4-bc4e-42a1-a436-acf19689ff85,2021,18250,E
cdfe9cc9-c276-477c-ba2e-800790a44212,2021,968,E
e2b4ff4c-67ce-4f04-91cd-f070c74e8038,2021,968,E
194bcacf-c812-4a2f-adeb-620463a66e54,2021,18683,E
c1393b45-456c-4dc4-b1aa-33c0ac821eba,2021,18683,E
f6883c1a-f07e-4d34-96bf-b792af0a9870,2021,18683,E
8b4c1882-3b93-4509-a1c6-4be768d17c44,2021,18683,E
a3cac976-5fa5-4641-b003-af6b064b086d,2021,50082,E
f905b609-466f-4a7c-9271-7dafa7021021,2021,50082,E
4917e1eb-3cb5-4f60-a221-2b628e72d919,2021,5000951,E
8ff71701-989e-48a4-9e5e-825707668151,2021,20009,E
24ae76d4-d1a1-4d51-b8ff-74b9a74a56a8,2021,20009,E
0bc2e316-c2e8-437a-af7d-c34e9301173f,2021,1204325,E
0bad538a-8e3c-49c3-8bb4-36f991eebe7b,2021,13595,E
a48af4f5-f096-4f98-a6bf-3904c5d619b8,2021,108660,E
3822f24e-df15-4de0-b8be-45284174a654,2021,108660,E
9206ae7d-c1aa-48e4-97fd-14070bc9de0c,2021,108660,E
76e9befd-ddf7-4ea3-a4d7-cd508cdd8244,2021,108660,E
295a2f13-7b7d-4d3a-845b-d2b5e0152195,2021,108660,E
2ecf220a-11c3-4d26-9f80-232e8acad690,2021,108660,E
6815f3e5-f4d7-4406-9d5b-075fcdad8daf,2021,108660,E
fb4621a6-2f23-4605-8a15-43a9fb9e10d4,2021,108660,E
ec3804bb-7c50-4d4f-b78b-11346424164b,2021,108660,E
62be8a28-b063-4828-8ae7-d9f0e8f752ae,2021,108660,E
ddd1b8b2-8453-4a84-96cc-b027e135c503,2021,108660,E
a4b3a143-db8f-48dc-b260-b3ebc7d3f87d,2021,1117717,E
79881150-e190-4e12-84ee-dca1dbd85f74,2021,9425,E
5651cd4a-0ee7-4671-8424-319e2cbd4250,2021,91262,E
498c453b-95e0-4c4d-8aec-3a3c128fc10f,2021,98764,
582f5792-0040-4776-a032-dd544b0c67eb,2021,98957,
1e6a6874-9057-4018-809e-846779c04ed4,2021,98957,
423d5566-9695-436d-a18e-0dfac991026b,2021,49054,
353c0902-060e-4717-9b09-25a5205c3bd4,2021,1283028,
788855bb-e536-4d4d-9c87-439d853ff739,2021,5000135,
83024058-cd74-4106-a5a9-153d1cb5f46c,2021,1102628,
3b2e4a19-0321-498a-9a82-013b98eae4d3,2021,9414,
9e1db0d8-b132-4890-8b93-a0611c900ab9,2021,108660,
3d6eb68c-4e4c-45d3-a94f-7144e9d0d33e,2021,1190071,
aedcea97-da96-42be-ad28-70350c43e911,2021,1190071,
9ae33229-903e-415a-94e1-eac24bb33864,2021,5000135,
7cd6e37b-a7fd-4d64-bbf9-e9fc4730a428,2021,113455,
3c83fff9-0a52-460c-a485-38ec16a9cffd,2021,67601,
49f612b6-0bf0-438c-bd6f-0d5e905f5bb8,2021,18584,
46298d40-de77-4d18-b5aa-e533caa9ff84,2021,18584,
509d747b-eea8-4a05-be40-9586c6077291,2021,18584,
cf1fdeef-f5c8-475a-96d0-c17ccbbb5c53,2021,18584,
0896f7c8-070e-4151-ad6f-a889f26490bc,2021,18584,
38aa2544-a7f5-42f2-a350-88546053121e,2021,18584,
e9b3c9cd-9685-456a-9e81-fc2356c68b6f,2021,18584,
6fd85d66-6661-424c-97fb-78ad37ae33c4,2021,18584,
8ab913db-910d-465c-8118-f145fe1798a7,2021,18584,
a991fbbb-5ac1-4cc8-b000-e2cb3861e375,2021,18584,
507b861a-1b04-4339-ac9a-45a9cae6762d,2021,18584,
c8d065a1-75aa-4c6f-848c-da65f383288d,2021,18584,
bfa7134a-e73d-4b8d-8a4d-491790db1586,2021,18584,
934831c1-8cca-489e-af8b-6217b910cdc9,2021,18584,
467d0267-59da-4e16-80dd-1de042bc65bb,2021,18584,
e26beb16-fb37-4aea-a7e5-f4aadfacdb8a,2021,18584,
ad1a7d8b-525d-45a4-b1c8-ce9cca80c51c,2021,18584,
a1e34ce4-b013-4dd4-ae45-dd482f21b2cb,2021,102590,
1caf1c70-fade-4ca6-8682-18fc052bd624,2021,18558,
811fefee-70fe-42fe-801b-870228ebbe39,2021,102590,
d93cffcc-b4fb-4a1c-a76e-7f12cc2ea45f,2021,102590,
9420ac5e-cc10-47fe-9bc9-c1aeca9fae68,2021,102590,
87dca193-949c-48b8-bc45-9d9154c2f371,2021,102590,
fa1ac00c-1cae-43b0-9ffe-55cd781b97ed,2021,102590,
721c6923-cbd5-4297-9403-d1ceb5a91d25,2021,102590,
b410b24d-a294-4c05-a676-5cf79f9fdbc2,2021,102590,
864915d4-03dd-42c1-a9b2-c5364126b94f,2021,102590,
b83d8a60-ff04-43fd-8d6d-774497d268ea,2021,102590,
19d974e0-a547-4b91-ad17-2aacaf3841dc,2021,102590,
defc71f0-755a-44bf-9e97-333ec138f314,2021,102590,
f131eaf8-eebf-4668-ba18-71cc2f886efb,2021,102590,
1258b4d6-5b85-4bf1-b564-549ccc018c1e,2021,102590,
40af1e79-895e-4224-b746-eb9b97c01706,2021,102590,
57ea9dab-a0f4-4a0c-9d13-f916d203274d,2021,102590,
a469b486-63d4-4537-b26f-da865f0ef76e,2021,1113582,
684dc38f-4b57-4b8a-a6ca-b7737fd33e09,2021,1113582,
f09da128-cdb0-4bb3-bdfb-cb5af1b7a655,2021,1113582,
4aa194e9-7bca-4024-a35e-6cf20fc16901,2021,102590,
3e77185f-0104-440b-85b0-a8007e48d0b9,2021,18558,
2b4c7bf8-cb54-46dc-9e56-aa6dce5e56a5,2021,1113582,
21c55cab-c386-4fab-82c7-13e71fa36878,2021,1113582,
71232c38-159f-49fa-ae16-4bf286735638,2021,1113582,
9a8ffd9f-38fc-4665-96fc-2e366dc14438,2021,1113582,
cb41ada8-ca37-4b1c-afb6-e880215ba0c5,2021,1113582,
d5959b53-4dc7-4e54-a8ea-ca6771d8358d,2021,104360,
47569a6d-69da-4261-9e4f-dd3bdab33b9d,2021,104360,
8c969bf2-1007-4526-ab77-ed20c356f18d,2021,104360,
fb187bdd-bc91-4855-a103-98a68343a9ea,2021,104360,
897c481b-0122-4499-824d-e0c9a3b0e48f,2021,73140,
f4fbd42b-fca5-4499-bad9-2bac4fee8f13,2021,73140,
229de555-b0d5-4053-a998-3e1e477e9029,2021,73140,
06ef8a64-8334-4faa-bb59-d72c801a3777,2021,73140,
dc50f5c7-65b7-4075-91bb-a363d515de3f,2021,73140,
b0b1725b-b3e6-464e-8a6a-ee818b7218bc,2021,73140,
0aef26b1-419a-4b75-9e14-4f955972cbd5,2021,73140,
8708f23d-a985-401a-9dfc-ceba59fc2351,2021,1113582,
1641e3f7-9359-42c4-ac90-1368273636e7,2021,1113582,
094ec07b-5c6b-4a47-96a7-a8dbeabb10a5,2021,1113582,
2b76d97b-2901-4eaa-9894-9405debe49db,2021,20933,
6c18aa7b-4b55-495f-9b2e-b97243cf3346,2021,20933,
5dbca98e-b5d9-404d-999f-bff2ebcf710a,2021,20933,
4447d16f-1382-4341-995a-10f10b6d9ef7,2021,104360,
f13e7896-1181-4b72-8064-f3af9571e1a2,2021,99820,
5f08be56-69e5-41bf-b5d5-08366a2c6a41,2021,97778,
661c76cb-242b-4ca0-82d5-f3aa25eef69c,2021,55402,
f9fe2260-4e52-4fc0-873b-069c0b174b2c,2021,55402,
e97ee30a-b9a7-41b5-99f3-2998aa69ef95,2021,101942,
cb2d7afd-5026-44da-8de5-ad844aeee299,2021,101942,
16a63d5a-11bb-4329-b1bb-74242a82dbbd,2021,101942,
0a41dc6f-38e3-4ef2-a47b-7552d4c415fd,2021,101942,
5a6ce57b-4d3e-4441-9a75-db715aad038e,2021,101942,
582d6ce0-baec-4954-a8d9-db67bcd257e7,2021,101942,
a37331a4-eac1-462d-926e-d1ffa65328dd,2021,112086,
325bec17-4ce4-492e-8622-2bd4a175e54e,2021,13216,
55415eca-cacc-4d26-9aeb-b14e7407e17c,2021,13216,
7bed966f-374a-4a19-89ef-acd62278b5a3,2021,1267543,
ea50f778-7d9e-4ae4-867c-3f232d7c5c9e,2021,1267543,
fe620600-7f4e-439f-a60f-8c16fb3aba10,2021,1267543,
d8a04515-9235-4c93-951c-edf1bb36ed87,2021,73140,
4a4a1034-8cde-4143-9f8f-a214c536dae5,2021,73140,
77aa9a68-ef41-403b-af5e-95e9ba480af3,2021,73140,
0e9e7156-420c-4f90-a9fa-17ce037289d9,2021,47069,
aa25f622-86fe-4c56-a30a-0a38e0218e61,2021,47069,
3801392e-534a-4902-8c40-eb7a7d0c99ad,2021,47069,
a550744d-3c1a-4cda-9e5b-ce869c0cf99c,2021,47069,
8c627feb-a858-4825-bf53-35f6fee169ae,2021,86318,
8c996263-bf7d-46aa-9338-d77190cc6f14,2021,86318,
03ad755e-8433-4f51-8bda-3312693b3958,2021,86318,
b44cf29c-ca93-48bd-a644-ac3633c74ff7,2021,11554,
6b1bf03b-dd39-411d-8904-8ca532047ac0,2021,1187671,
553efe0e-a181-4e67-b627-f4081a749507,2021,98305,
8efbe7cb-da5d-4a3f-b6ba-eac6081a8c31,2021,1187671,
1bdd728b-71d3-490f-9709-9a7c5dee03e0,2021,86326,
9bfbd492-53cd-4189-bffe-eede270b3276,2021,1187671,
829dcc67-7254-406e-b71f-6e754e7a16c2,2021,1187671,
fccad6c6-4150-43a8-a9a7-d9a42e49fe23,2021,1103723,
fa329372-a6cb-48fe-a0f6-34bdb0c65f79,2021,86326,
95fefeaf-38b9-4fa9-98b7-bab5e79a35c5,2021,1187671,
d56543c6-5f68-41af-9813-abe117ba2c5f,2021,1187671,
66abeeb2-1fa5-43c9-b5c0-5fa1405afc7b,2021,86326,
37e35f5b-ff72-43ba-9a73-dfb8ad20c685,2021,86326,
935b4fa2-ee2c-49b6-85c9-f1723b240524,2021,1187671,
a21d08ea-98c6-484d-8198-6180f816c0a5,2021,86326,
c3c595dd-4b99-441a-88fd-28dee669edd6,2021,86326,
088559d4-8f42-4580-99bc-7dade7267a8e,2021,86326,
d6d6b809-ce01-41dc-affe-0837afa705f7,2021,1187671,
e90bb9c4-e97d-4e86-86c4-7e029bc876f1,2021,86326,
a763a907-4891-44c5-ba16-e2d31b9648ce,2021,86326,
a736c349-c725-4dc9-b9c3-bc8bb217a5a1,2021,86326,
8dd62cfa-7d2b-462a-ab75-fd03341a794a,2021,13401,
1b30c941-b01d-4bec-bad0-87d8082c75c0,2021,67601,
581fb221-bd7f-4f64-9196-03df4cff85b8,2021,67601,
55f76369-54de-4da2-83a9-eb6718678703,2021,67601,
29aedc94-cc75-4bbf-a5dd-994611eb5bb0,2021,67601,
09276f7a-6264-4bad-8cf3-313816114159,2021,67601,
af8b8625-cd43-400b-90cd-6a01ba722b16,2021,50082,
2122e61f-1e8a-4264-b71b-2c14cdbf251b,2021,50082,
1f10078d-00d5-4c51-afc6-8c3acc446855,2021,21464,
91e00773-12ad-4743-a6af-721f33a956b5,2021,21464,
f5c0385e-f2f7-4687-b302-d51984c8a90e,2021,21464,
b998a327-6fb9-4c57-9c6e-d30276cf639f,2021,21464,
22f62d45-24fb-4f32-96d5-18441ac37596,2021,21464,
051577ac-10dc-472b-8b7e-af2fc75d3689,2021,21464,
8c4444b8-bc68-4157-b01d-a6bdfc84a16f,2021,21464,
096c13d8-e946-47b3-a2d6-ec787accc527,2021,21464,
4bb347d5-f5f9-419b-9677-caf4c571ab76,2021,21464,
ecaf25f6-10d9-4a02-9d76-4c81063187a3,2021,21464,
18f9f3bf-2152-4687-b1c1-91069f137092,2021,21464,
c4fec525-eaab-4f82-b727-a76df9565348,2021,21464,
6d8b3c77-588a-460e-a41b-221862da7e56,2021,21464,
705561f2-8549-4ade-9d9a-40fd9deaf218,2021,21464,
d161b3c1-b48f-4ae0-8172-7077cdc55070,2021,21464,
10f3fd8f-0e26-4ba3-bdda-a64cf016c2b1,2021,21464,
69802e6f-987d-41d2-ae86-511e760c923b,2021,318882,
fceaeb23-9db9-43be-8a49-79c5546bd744,2021,318882,
46d66535-4b53-40e0-8510-d865384e4784,2021,318882,
172acf13-6e04-46dd-b319-44f4abf12743,2021,318882,
feabeeda-96fd-4965-b505-aba0a33b6009,2021,318882,
2e0cc529-2a38-4fed-ab92-277e078eb5f5,2021,318882,
5f1e6a96-b55b-4590-bb2a-c7d3b86a0249,2021,43664,
ea931afb-840c-4d9d-8b3f-de230c163a63,2021,43664,
6ab4306b-bf3c-43b9-a70f-07067c893c1a,2021,47051,
1ab47eed-4ca1-4e90-a6d2-0afa17cd4628,2021,1190071,
8c3d7900-914e-45ef-981e-4823523e80a8,2021,1190071,
5a05158c-fae7-4aa6-83f0-6d4b55a342ea,2021,1190071,
29f344e6-8540-465a-bf81-ee0ef5d1a240,2021,1190071,
b730614c-36ff-4d64-859e-9394e07ae3d7,2021,13595,
61afbfad-2d33-4b28-932e-d01bbec99d1b,2021,13595,
a9a261b3-964a-4a93-acc1-2f61b35516ed,2021,13595,
4becff49-a79b-47ca-aa14-477aa3dcc62d,2021,13595,
42a651b1-68bf-425e-a0bf-947cd575a69e,2021,13595,
bbb4682f-3621-4dec-9c24-5f6149e84fb8,2021,1267543,
a890758c-bd49-4df9-b5af-053c0297331c,2021,1267543,
360ca0ca-d29b-409b-8c29-b05f777b8413,2021,37862,
557c6eaf-aa68-4ed0-8f86-14516c7f699a,2021,37862,
564d76e6-75f2-4787-83d3-a75d913de7af,2021,37862,
4ff2d856-6b9b-47c1-8d98-38f7f74d0ff7,2021,118468,
c21a979f-7693-4b1e-99ec-902036c6ea38,2021,118468,
c0d0bcf6-27d4-4320-b682-b1f008a1c5d0,2021,1265453,
b5702bdc-92be-4f37-80ba-ff1e9186d736,2021,1265453,
1812b639-1e3e-4f7b-80cd-3b9fef6f9800,2021,1265453,
8e313e66-9dea-41c0-8864-5fc2740e8a4f,2021,1265453,
54245417-50dc-47f6-af23-d69fe910ff69,2021,1265453,
18ef5b49-1476-4426-8ef0-a7316003f44b,2021,1265453,
9dfd0ec9-6dcb-4db1-8aa0-6933ae65d09a,2021,1265453,
037c4226-c53b-495d-ada3-739b962d0830,2021,11730,
1feffc9e-03b1-4743-961d-c7c2db002095,2021,11730,
d647112a-997e-499a-abe9-ad36373e824d,2021,11730,
c0486905-2256-465c-a89d-62ac043d860a,2021,11730,
9e8cf5f3-741e-4d5b-aff0-e8b70d93756c,2021,11730,
62ce97b7-5c62-4bf5-bb1d-d59cb70a84e0,2021,11730,
320e4395-fb17-4d67-8ba2-ed1abf53af51,2021,11730,
7b50b6c3-20ae-49a5-8495-c084567245a5,2021,11730,
af6aed0e-b869-4bd5-9776-6dc402b4d5f3,2021,11730,
b91b88d1-796a-436a-9418-d1cdb0f4868a,2021,11730,
2645b4e2-4a63-49ee-bde2-7b60491adedc,2021,11730,
c59cbbb3-9ef9-4001-bd30-e2a059f347b0,2021,11730,
87c32a3e-ad60-48b5-96ba-60e25359b6ab,2021,11730,
234b5c98-83df-4a43-a4b8-2fb488fda05c,2021,11730,
8de77b58-55f8-4e26-a3e6-c6c196b89fa4,2021,11730,
a7d703be-fd84-4c07-bc1c-5912b74fef1d,2021,11730,
bd74b48e-4a66-45b7-aaf1-50d78c090350,2021,11730,
ca17560c-d392-49bd-9e38-8892cbeebd9d,2021,11730,
bf8cd112-65f9-4cd4-a6f4-f3c6f02e01e3,2021,11730,
d6765530-8c61-4074-8652-a8f53940c90f,2021,107360,
0fc8d825-5daa-4bfe-8b76-9e1dc604d26b,2021,1148708,
1d7cf924-106a-4a53-b065-87c9a8e84331,2021,1148708,
f76b0f76-b19e-4a87-8521-991a28ca2d16,2021,1148708,
b75b98d9-21e0-4caf-8c24-7e48c32bb1ee,2021,1148708,
57a907c7-cacf-40e4-9bb2-38b506937488,2021,1180773,
488122cf-f676-4172-961e-bd544db5f3a3,2021,9440,
848569c1-73bb-42e2-bd84-e18cb7904142,2021,9440,
2967bc2a-3d90-4d44-b969-8189811259b5,2021,9440,
d81c461d-ea13-4aeb-8079-af344f349b29,2021,9440,
ca454781-10f1-4f60-944c-8e235130ba6a,2021,22035,
2871ddd5-fdb4-4033-9680-61f611d01340,2021,1180773,
07de1aee-c401-4691-9ece-57d6bb106b4d,2021,1180773,
5a8266cb-ad7b-4268-b95d-db68aec543ed,2021,1180773,
99ca135d-3f89-4ec6-8314-755690414fc5,2021,106996,
797c8df9-5f94-43b4-b529-b32a433ee184,2021,106996,
18f3b171-5213-44d2-81a8-49cb48c7438b,2021,106996,
e52fe2dc-bf92-49ef-99fb-6428f6f2b612,2021,101830,
a9342d42-ccb0-43f3-9f83-2636f0ba3ee4,2021,83388,
fc060309-26b7-4018-9a2e-962ff2409aca,2021,88084,
b5e42a44-25b4-4217-86d3-e1f4def8079a,2021,88084,
88d44510-aeca-45bc-adc3-9a7c446c3f7b,2021,1258654,
08de699b-8594-4c55-b7e4-a227340d8c5c,2021,1258654,
ba874570-a2b3-4d01-b62a-b673c8dfee2e,2021,1180773,
9d71745b-51a4-4fcf-a819-ed8362c468e2,2021,1180773,
2af1c3ad-635e-47fb-ac40-5a4e64a166f0,2021,1180773,
9fe4579b-f60a-4f34-914c-29e316133943,2021,1180773,
e112ba27-e8fc-4ad4-a340-c856940b166b,2021,1180773,
9c08a61e-d508-4b5b-aaba-5646623d40f2,2021,49054,
6293077e-26d5-4432-ad48-02d3701d8e65,2021,49054,
3989085d-8d8b-47bd-9423-d138e27e6393,2021,1180773,
46ad8c16-8ea0-4180-ad10-4cdda47dbd51,2021,37862,
4ba7937c-1cef-4187-a5ed-c6233e835e71,2021,1180773,
b9870a51-9298-4ee4-a03c-eda09881775f,2021,1180773,
8207fe1f-b9c3-48ad-944e-c5bf5bdd12a6,2021,37862,
e866c58b-adac-4ef2-a20f-143d5f0a8661,2021,1180773,
ae343fc6-6c62-45d9-b782-d8db533d26f4,2021,1180773,
583d296e-ab8c-46de-b360-54699e540bde,2021,1136142,
314e84ba-3f16-4db2-8f86-db25fd34ef31,2021,1136142,
b706269a-d914-4d9a-837e-8a149896235e,2021,1136142,
cfaf6e46-d53c-4255-bc0f-7d9b55c1f840,2021,1136142,
f4ac00c4-bd90-4639-a2d8-960d013acec5,2021,1136142,
3ab5247a-8800-4f50-9b78-d5ad76e47e3d,2021,1136142,
cb3e0a85-bc89-472b-a382-0910455852b1,2021,1136142,
e51d0b7e-c9b5-4df7-be43-035caca221c9,2021,1136142,
2361e478-6c71-46a8-918a-6cc9f2fd09bb,2021,1136142,
77b7e063-729b-4fe5-9bd0-daaf352c3107,2021,1267543,
03300e01-77c4-48ab-a129-a94b03e29b8e,2021,1102628,
38e9e403-8288-4881-9bf2-5fe5df0292a3,2021,90030,
306dc765-5fbd-40b9-8809-6a92880173cc,2021,90030,
02412932-c20b-420f-b551-171aa4baa8ca,2021,90030,
68c6ec61-d3e1-4c76-b0a9-18b480738050,2021,1102628,
4a24dc75-5049-4052-9418-4910bebd88a4,2021,118420,
1b8c5a54-6294-4f2e-bdf5-0a4af846b0b4,2021,1102628,
53b21a74-b1d4-45a3-8ea7-ca80648dd076,2021,118420,
38dd219a-e59c-49db-a3f6-63c0b3205458,2021,1102628,
eff26ca7-15dd-4f3c-956b-ebb84366fcda,2021,1102628,
3eeea4a0-b80b-4e81-8268-ff0c8bf9a515,2021,1102628,
59c27cd2-c002-4ffe-a692-23df3761fdb8,2021,118420,
5e0c16b6-7a7d-45b2-9945-709fa1cac160,2021,118420,
743b1419-dffe-42b4-96d8-514c9aecade6,2021,118420,
9246c6ba-08fa-4f4f-bfc8-a50ac2919432,2021,1288839,
9a008e9f-8261-479e-9a55-41c064cc5855,2021,1288839,
bfefd47c-1236-4001-894d-7ae464ee9ed7,2021,1032473,
d7d3c01f-1377-4321-a027-c06c95b10fb4,2021,37862,
ed1698ae-80b7-4444-8c3c-8fd670572bf1,2021,37862,
de91e081-4dbd-468f-82d4-cc8537abcb26,2021,118420,
b3fec92d-9688-4ae7-a02d-3f53d7233919,2021,37862,
0dd38123-aef5-46cf-94da-641dfb8cae66,2021,37862,
869b8601-5ff5-4ac5-b4b7-a883d4aea1f4,2021,37862,
293d2b37-400b-4411-8c75-120f5468f072,2021,118420,
cec631cd-6ae6-4f72-88a1-f1dcda02b34a,2021,37862,
0aa84032-9a5c-4b5b-a804-40d0c8e02699,2021,37862,
887f127e-1391-4071-a5da-c57bb295aa6c,2021,37862,
5faf8efb-229f-4a01-95c2-106eecd4cc30,2021,113455,
c91f6905-8726-4821-8f8c-78fe5f911f99,2021,113455,
923ef0d2-e936-4c9e-8bd8-52e7eb1d19cc,2021,113455,
3c23f682-42f0-4893-989b-5c961a39e0bc,2021,113455,
7913fc7b-bcb4-409c-bf4a-3b24aae881db,2021,113455,
aaec9902-85d2-49b8-a4b8-667cb95850fa,2021,113455,
e33ede02-e63b-41e3-aafa-a39c6863a365,2021,113455,
96676aa4-1fea-45a0-9ab8-d58d5dc447ae,2021,113455,
942557e9-2001-4870-b611-011e96e5c91c,2021,113455,
b7393cec-0fc8-47ff-b0a5-4dfc8c68427c,2021,113455,
246c44b1-5437-4ac2-b3a8-8616824d512c,2021,113455,
eb7cfdba-831c-4094-b02d-fda219fe2da8,2021,113455,
5bd6385b-8d62-4eef-8f70-77f89d14f9b6,2021,113455,
b5a5fe0f-73b5-492b-8a59-ee2e38ad7edd,2021,113455,
a1712bcc-003a-4f1f-97cc-d3ba336df918,2021,113455,
2c7f20a1-45f1-44ad-86cf-42947afc4e9b,2021,113455,
0bc57590-7c99-46b3-b74d-05cd21bdf91f,2021,113455,
bc036914-502e-4df2-9709-bb85f0c0918e,2021,113455,
1407a216-fde4-4a13-9687-0cab3f1b5e9d,2021,113455,
9268f43d-c93e-4401-b960-9abb1b37a165,2021,113455,
c70c6473-2581-4dba-a185-2a329a8ade52,2021,113455,
17ce85ba-d343-47c7-bc81-d396da6e3971,2021,113455,
83bc5223-86f5-47bc-b808-3bb169ddb78b,2021,1110857,
5a35ecfb-4e8b-457e-b779-1a7b1d5610cb,2021,1110857,
8c1d9197-91ca-4f90-a14f-969443bc9de8,2021,1110857,
5888619e-f35c-49dc-a26a-7183beb31349,2021,1181327,
6f43a224-b076-4ee9-bf50-940c2d0f98e4,2021,94762,
ba023eb2-81ff-41b7-b469-6f794dcca100,2021,94762,
915beabb-fa28-4d8e-a665-1760c652ea77,2021,94762,
a0c17d86-ef05-4405-8639-9be936398fb9,2021,94762,
842d7feb-bfba-4a18-a83c-29f0be3cffe2,2021,94762,
84bf1e7a-7ae1-45c2-88b3-9fe382950af7,2021,94762,
32fb21a6-41b9-45b8-8123-3874440a3118,2021,94762,
f317586c-f26b-4ea0-a32f-0f2742b54273,2021,94762,
e8628023-af9b-483c-b6f6-8d6a63a0df9b,2021,94762,
ccd817b0-e9fb-4f3c-a833-1045b92680bd,2021,94762,
3feec9ef-8827-4613-aed6-0c3f709a17de,2021,94762,
a77cf6ee-9af1-4e0f-a424-44f25a3dcbf0,2021,94762,
5e7d0e34-3eb5-468f-a04f-3436bef1fcf4,2021,94762,
7b148d13-5ca9-47fb-9dd1-2625c0509623,2021,94762,
a4dc8a1c-67d9-445c-8639-86edfb6f2a5b,2021,94762,
d372dd66-4b56-4d32-b89c-f423a5efd1af,2021,94762,
37249f81-cd7c-4765-bb01-78700c779459,2021,94762,
34c56b91-c861-4e72-b48b-013d8dbe0acc,2021,94762,
1a1c6605-a0fc-471c-a308-fd636bbc52bd,2021,94762,
67f83326-3c78-4f69-a63f-4581a272aa53,2021,94762,
7e421b74-bfd3-48cb-83ce-fdea3434071f,2021,94762,
686b2f64-f076-4ecb-9da5-cd5d04b22668,2021,94762,
fdd39606-d8ae-475c-a01f-583c02eccdbd,2021,94762,
163455e5-0f56-452a-8b0c-7f78c2c3f537,2021,94762,
b7fc4010-ff54-4bd7-bd53-6a7f9d0bafac,2021,94762,
2d610bce-e23a-4194-9c5e-6e52c1074c8e,2021,94762,
db2a2acd-6c60-4c15-a56a-31c5beb8b27b,2021,94762,
f002c430-f446-48e2-a1aa-5c683710b451,2021,94762,
b8346933-2ab4-4efa-be1f-bb1e1de38f45,2021,94762,
2a93a108-bd8a-4a04-b1f8-bb09f9480a7c,2021,94762,
f9d40bb5-2db3-4192-996e-63230c838c4f,2021,94762,
a4448fee-6d47-4bf5-a2c9-eb5401fc5bd8,2021,94762,
ae8cfa4e-4c0a-49cf-a9b7-76819424f5bf,2021,94762,
2354818e-637f-4808-9a83-1694149acc91,2021,94762,
df7f619c-eef8-48bf-8bca-2bcbcad2d376,2021,94762,
0b098137-38af-4831-afc6-fcc98c2c5ef5,2021,94762,
d3e19756-b53f-4623-947b-a386417a30ea,2021,94762,
a7a59c6c-681e-421c-b9f1-eaf0a728c51e,2021,94762,
d84b797d-677c-4818-a703-c3369a14108f,2021,94762,
16a36779-b58f-41a6-a62a-a0cc1eb55e68,2021,94762,
58488189-12e6-480f-a433-35bab403d2cd,2021,94762,
c33e2924-babd-4431-93fe-a5f5b0447664,2021,94762,
de9a8a29-066e-4550-9e8c-da2a7971ff30,2021,94762,
830f3941-bd72-4d1a-aa5a-d79981a388bc,2021,94762,
0f6f9fa8-2772-49c3-92b6-b1dca85ec83e,2021,94762,
caac4718-131c-4ca7-99c1-50750aa7d146,2021,94762,
e4563fb9-0584-4288-bcf6-7fc3f454a0eb,2021,94762,
f4182312-eb26-44e0-b3c0-1b911f7d9cb0,2021,94762,
644a230c-9cc7-48e8-848a-82ee14da13a3,2021,94762,
6b947932-3522-4123-ab61-ea44eea0f95e,2021,94762,
3eb6c20c-bdb5-4e73-8eac-7f32a9b4c1bd,2021,94762,
d9bdeb5c-07f9-4557-9f67-7a47c4040e47,2021,94762,
fec14fb8-acd2-404e-9aab-07c85d0fbdd7,2021,94762,
11060c16-f8bc-42f2-9582-4c2ed27ef94a,2021,94762,
83f31505-a274-469e-ac32-0214cbb9492f,2021,94762,
db5bc21a-f302-4d5d-9b0b-adc69bdfba0d,2021,94762,
54c6e55b-1c71-4995-9285-7f3f63f2837e,2021,94762,
51c3103a-0188-4867-94fd-d1470d747f4e,2021,94762,
48276edd-6ad3-4a8b-a218-3004a5521241,2021,94762,
c8d06726-9fe4-4d67-bae8-77b60de48f23,2021,94762,
f4456324-91fb-4825-bdf8-d52e8ff660ae,2021,94762,
a3976f86-c4be-436b-8eae-0bc3fbcfc692,2021,94762,
0cf43d3d-9af4-436a-81a7-141000f51e9a,2021,94762,
a1f40bf3-11da-475e-8965-568f9c631e70,2021,94762,
c71d91f6-ee9a-427c-9fba-1c1d117a94ec,2021,20009,
29734619-6e2b-494b-b8f9-f4f7eb47633c,2021,20009,
dae0504e-c82e-4795-99e2-e9976143f713,2021,20009,
861d376b-536b-4960-b2db-4fb83f60f298,2021,20009,
065da31c-cffd-47bb-b9aa-9f742056ce30,2021,20009,
2ba9c06e-3989-4467-948e-65b276f7cc1d,2021,1306689,
3744782f-d698-4317-a6d3-fc276db5a65e,2021,1306689,
9f7948d0-90a3-485e-a944-6d612babc634,2021,1306689,
6af8e058-ac46-480c-8c61-5b43be46c648,2021,12025,
dd163018-ec89-4f55-8e2c-c7d969ee24ce,2021,48675,
19bb2fab-6903-4a7e-bc59-b194ff633ff7,2021,48675,
45f9f47e-0925-4788-a9fa-f9ba03ebc815,2021,48675,
ddf1fd00-5961-49b4-b6ea-7afe9c8d754d,2021,98013,
9a59b39c-3d3a-4c23-88c7-3d7d68ba31fc,2021,13277,
59ef6eb6-6b8f-4795-8f4c-75af00a56338,2021,13277,
3d43bf2d-6c01-4aed-9e5e-66bb570898d7,2021,13277,
e056604a-0f86-4e7e-8334-cea14446485e,2021,13277,
2d4a1e07-7065-4b75-8a4a-4af32259a9b0,2021,13277,
e79d4e55-029f-4312-9810-44b9d1ab13ac,2021,13277,
ce959901-a441-4561-9e1c-b296f46d0bf7,2021,13277,
7ff77ba4-7764-450e-8042-72288fa4ecf4,2021,1204325,
857b317a-7b4c-4986-867a-607a4f488c10,2021,1204325,
9d5f54b0-bc10-4b79-90be-9da0b4535827,2021,1204325,
254a80f9-f72b-4dd7-bf74-64c621d3a908,2021,1204325,
365270ea-c88b-4b2a-9f9c-e9a8d7704300,2021,94455,
eaa69afd-5089-4252-9f36-6f05f6515dbb,2021,74737,
d4219bc6-ea30-4a7e-b207-1e1a531135a9,2021,94455,
7a4099c0-7cab-46dc-a833-0df3dffd62f8,2021,88068,
9056425a-59f7-4e20-9eb7-4c6cd3ba7b46,2021,74737,
58eef7f8-31c1-4538-8354-b7572c908e86,2021,74737,
166a2157-9f69-4c20-8da4-61ca9f54139d,2021,62484,
e1221c42-c616-4924-baa3-e45f9d7ecb35,2021,62484,
118af86a-5b40-42a9-8f05-632fc72b3440,2021,62484,
54d25230-a1ad-41a5-9ba9-7cf93c98b280,2021,87396,
a61dfe28-2721-4f0a-9bcb-c19829e02cd0,2021,1376181,
daedd08b-f8de-4044-af24-447f7c305a34,2021,37862,
c8c4c174-6656-4faf-8533-b66465b7e32a,2021,37862,
baa300e5-ed37-4fe4-87ca-a5d9c1fc3881,2021,37862,
e11c602c-47c0-4b2d-b5d8-ba38b17976e8,2021,37862,
2878a3c7-72a9-4107-ae61-09b3c3d6d6ec,2021,37862,
9e1723b8-3aeb-492c-8073-4ed8b6479d54,2021,37862,
fbecbf7c-2d67-4480-bdf3-6f0ff59af1a7,2021,37862,
750a72fd-e774-4d50-a1c0-e85f3af88bf0,2021,37862,
68a39b4d-07ab-4da1-a806-29acb58ccca5,2021,37862,
d5d8fee1-0864-441d-8344-e22dc246929b,2021,37862,
b0ae3c3f-bb0f-427b-b817-11ededca6da7,2021,37862,
03254c89-2795-46ed-8caf-608ad6c49113,2021,1042278,
6b598459-a136-485b-964d-760a7795d07d,2021,1042278,
ade2c318-6798-446f-b735-c4e1f4938eab,2021,1042278,
f74545a5-bf90-4933-ada0-0d11a3b949ed,2021,37862,
2997d0da-f04a-4a64-b542-1854be018c15,2021,37862,
b76f4306-94c8-4b46-bc5d-48356312fddb,2021,37862,
39ef2c6c-4f1b-42fa-8ce2-f656ffe72572,2021,37862,
273484d9-88e1-44eb-abe0-329961612f46,2021,37862,
6a2a771b-b255-481c-9f98-7ec01eeaf6ae,2021,37862,
0405f9a3-323f-4f7c-b95b-1aa60ad0d216,2021,37862,
d01e4f3f-3c52-43c0-a688-a8fa2e0dc672,2021,37862,
be5309c7-3feb-4c8b-9cf4-07b1b446c5d8,2021,37862,
915d1cc3-a351-4e81-930c-7d8be1bcc9e1,2021,22047,
e3c4ae5a-1e3c-4939-9e21-16d7215decee,2021,22047,
ea43d9c4-08fd-4b9c-8126-ca238d0a65e8,2021,22047,
640e6fc5-66bc-4d57-b49f-14ce530d9454,2021,22047,
657c72b9-58ac-40a4-865f-8b75e1537aa0,2021,22047,
7df291f9-2341-4fae-8dc2-f3044f656dc8,2021,22047,
49076320-4c66-46cd-af22-4c0265e071ac,2021,22047,
1b5c280b-ff04-42cd-ab27-55f4feae9c85,2021,22047,
7507a7c9-9ebb-43f7-a72e-aa6fb42e7b7a,2021,1315444,
b7dd62be-eb43-4e49-bc8f-6c3acb0dda52,2021,1315444,
8b187ae2-f814-448d-8eba-9819b961368c,2021,1187671,
fb5ec420-978f-43ab-a921-822faf0016bc,2021,1376181,
a6bd7390-4303-404d-9b0a-5e6514fbaede,2021,113687,
d53f375a-fca0-486f-bbc8-b7e639a48b67,2021,113687,
bae95dfe-a1d9-4b89-a0a6-fb1eb96fd261,2021,113687,
54b56162-35b2-4211-b1bc-60a298b5647d,2021,113687,
78156937-56e3-4211-974e-1bcbb294171c,2021,113687,
cad7e7b9-4654-4175-bf0c-75e7bf562610,2021,113687,
a94f5140-c128-4c87-9de4-a80c2cd82c9b,2021,20030,
41f2bf02-50c6-4535-aa05-a21f9e23c36a,2021,20030,
36f963fe-89af-48b5-b9e7-04ae13a648d8,2021,20030,
28d0b941-d878-4b86-9e35-5cfd6010582e,2021,20030,
0e1cd9e4-ec02-4ca4-ad66-bce3ac304851,2021,20030,
719a091f-7580-4fdd-a5b7-57197c27226d,2021,20030,
1dc6426c-8a22-4ad2-bdff-ae388abb9821,2021,56172,
e59fc8b0-6292-4cdc-aed5-fe8db82571cb,2021,56172,
41a87e7e-0b43-4a47-8445-1ca290f8da15,2021,56172,
1cef5d78-7486-4e06-bab8-5bb7a07f2978,2021,56172,
1e4ce22b-40e7-4ffa-b205-dec479869f3c,2021,1427745,
5646aa70-294f-4eab-930b-849952e56189,2021,48205,
e138ae80-ec57-4d47-8c73-c3248cc9caa3,2021,48205,
f31e38b8-e112-4aa5-9b2f-0f0dd3894d02,2021,48205,
9122e499-d9d1-446c-b773-a47e6afff046,2021,48205,
d92d8705-0b03-4c8a-98f3-e88dd376f7b8,2021,1047907,
c3eb39ea-0561-4055-91e0-edafcbe59ff1,2021,50981,
acbc4814-8630-4615-8774-23ba36a7f632,2021,50981,
402e1d6e-7760-41a7-bcbe-9f796bd17236,2021,50981,
38a6b851-c1bc-44a0-8295-82275f30f1b5,2021,9414,
e1acb923-98d3-45fc-ac7a-3477c0737aec,2021,9414,
d33593a1-00d2-44e2-8f37-297ec135289d,2021,9414,
98a283bf-96af-43b3-a31a-7a3108485a25,2021,9414,
357f44cd-6785-4caa-b706-835ea21a4f45,2021,9414,
b1c86d2a-172f-4b26-b2c5-0c743463d7fb,2021,9414,
97f4a03f-78e4-430c-aeca-f3c4ed1c3eae,2021,47505,
51f53f99-69f9-403b-a75e-f1253a0d111d,2021,47505,
1e3b9b85-89a2-4d9e-b84c-7deb5ca42f8b,2021,47505,
3d434e76-310f-42cd-a352-834d0db3ff18,2021,47505,
5fbaff73-a7da-4471-9ac2-59903f4a3166,2021,47505,
a7073071-850f-41a1-bf20-b452efabd3e4,2021,47505,
492b62b9-e58b-4edb-9f2a-3c380851c1e2,2021,47505,
781c3147-e015-4863-b58b-7e14b93789c2,2021,47505,
b6166ddf-7259-489b-8315-de1399979055,2021,47505,
0da1ae5a-de3b-4fa5-aa3b-d36c7580a323,2021,47505,
9886d28b-b3ef-429e-9140-78386a526f3d,2021,106996,
29694c02-291a-4a23-914b-b4ef5534d677,2021,106996,
b5f44a5b-482b-4032-8512-1602cb413da3,2021,98595,
9ced796a-f7ec-4e15-9a78-d948435d0d3e,2021,97443,
0adaf6af-9bc9-4770-9ebe-326c61b020f8,2021,98595,
0920ea8c-3be0-4e06-bc2a-6ce40c3d9855,2021,114616,
51775a34-dee9-49a2-a566-a199d317e064,2021,114616,
ec9ac2f5-2732-4227-989e-4f40e35ab9af,2021,114616,
a335f100-b000-4341-a2b1-c2f51fd80a19,2021,114616,
a69dd566-326f-428e-a19e-6dddd8e5540f,2021,114616,
fa586273-de64-4466-94d1-3a08039776b0,2021,114616,
8963e708-5feb-4605-ba9b-2ff929e123f5,2021,114616,
2792acb0-943a-41f9-8f51-d3a9a8c24520,2021,114616,
953d6dff-65d7-4944-b918-d6e61b2d0144,2021,114616,
cd4f9a07-7a40-4dc2-af59-8f6ee94a95fc,2021,114616,
35f3de40-876c-4c5e-80a2-f6fbda8ed55f,2021,114616,
af9d90a4-4648-41c6-88da-05cff855dc63,2021,114616,
6f28172b-3957-40fb-8769-f7bd95dd6f43,2021,114616,
089d7e23-a945-432c-b245-db5cdb06b51a,2021,114616,
ca1a7597-f9a8-425c-9f1c-204937176a02,2021,114616,
488fe450-f2fd-4e74-b6dc-f55eb933717e,2021,114616,
bb34cd60-718c-44ac-8423-733e4945b5aa,2021,114616,
486bc60c-9285-4851-851f-147cf8407794,2021,114616,
79afb576-ccfb-4e81-97b6-47bc6803a265,2021,114616,
bcc3bfda-7524-4047-bacd-383dcc956a83,2021,106996,
24f8f6c6-61a4-4878-9568-3567ade2894e,2021,94455,
350433d6-2381-4125-a767-2dbf5cc9d3e1,2021,95175,
ac3bd1ad-6724-408b-9c0c-6531d517492a,2021,95175,
4bb99c2c-db65-4c30-a851-ba17cf88351f,2021,95175,
5b431a4e-6f83-4ab1-917a-e3cf5fb5ccf6,2021,95175,
2a342938-27ee-4d0a-8457-c648ecd79051,2021,95175,
898c4294-d800-4e06-9798-c790069a5ef3,2021,95175,
55abfef2-b9ae-46c3-ab66-ca4dd4bf0215,2021,95175,
d1e014f0-b278-4d0a-aa15-07f036af2d3e,2021,95175,
a0b07831-724c-4aa7-8b75-47e15a3ae661,2021,95175,
6151efa8-c009-4d77-892a-de27bab755ed,2021,95175,
1191035b-e7b9-4297-b513-0f85b43127ad,2021,95175,
a09635ab-252e-4fde-9870-cdf1a9953351,2021,95175,
6ae1c14a-a0de-4907-bdce-04ce33675c30,2021,95175,
fa8b2a5b-de56-44dc-8dca-25ad6a408ab9,2021,95175,
a836abad-78d5-457c-a8f8-5f709c686e1b,2021,95175,
980862ef-c89e-412c-a576-fbe494c9a306,2021,95175,
adc3d0ae-cdd9-4377-8bd5-6d9bfc337ec8,2021,95175,
451efaf8-4a87-4571-b7fc-4e40255ea6b4,2021,95175,
be06e6d1-4d89-4151-9c96-d884b99a15a4,2021,95175,
15c4440c-845b-43a6-bfc2-f4a3b8956bd6,2021,95175,
62559384-c789-41e7-a821-c2ba3f93c2f7,2021,95175,
a2e2d1fb-046d-4321-b365-25b0228e1b73,2021,20009,
758fb21a-15ef-422b-a5c8-d9c94fb23863,2021,20009,
12d4e6fc-1657-43a7-9600-468e08f06fce,2021,20009,
5d84109c-267d-4e55-aa3c-1c9feaa125cb,2021,67092,
f82da155-47ca-47b3-b327-724e737e9dca,2021,1283779,
b557e3fd-7aba-4eef-b16a-4fee0ecd70f8,2021,98595,
3a1010ae-63e4-4508-8f80-d758e03d2a41,2021,98595,
8c2ebebb-7ecd-4514-8939-c922c95f44f1,2021,98595,
7202f265-7926-4c03-bee2-1a9108b6a98a,2021,98595,
d734014d-c3d7-4830-8624-4731221ce431,2021,98595,
73fd4f6c-56b1-4781-ac08-2cfc3e66a548,2021,98595,
6469af70-a8ec-4018-8219-512224bc40d3,2021,98595,
3a8165a0-c200-4813-ae11-a14b3c6b4470,2021,118994,
b35b0f2a-a96c-4273-93cf-ae9d1fcc88fa,2021,118994,
92bfddcf-30f8-445a-a3f4-a917d4e0a5f9,2021,1376181,
8c128a34-0920-4db6-94c2-d5eaa2fa26ed,2021,68930,
78d56a92-6921-4ce2-bd7d-43f1f0798318,2021,98595,
8c07602c-7e0d-4a7f-97e3-f1242799ca96,2021,5000135,
4825f67a-28ab-4dc0-9319-6356a11790a9,2021,5000135,
c5a2295a-a1d7-48d6-8019-8ebac16843ff,2021,5000135,
091a603b-f559-495f-a5e5-1768f03e8772,2021,5000135,
28274fd7-bede-4227-ba2d-0aaa6a4691bc,2021,5000135,
5a8c65a6-e1c1-4cc8-a2d7-7c06fa0333c1,2021,5000135,
59238ae6-0414-4697-abf2-4feb8aa6f2bc,2021,68930,
6c0dbd9c-5213-4a11-9cd2-1edbad579ad7,2021,1322390,
501be34e-e17c-4b94-8d4b-3c2f905b9aff,2021,1322390,
834b0db5-ea34-4c8e-9a80-d8added9c6c6,2021,1322390,
7e6d13ec-2473-43d4-aa84-b38e83176f1b,2021,1322390,
520ee064-6b8d-4143-bd7a-9ecdb1400196,2021,1322390,
ec449b59-764d-4252-8669-1f3ad28b1403,2021,1258063,
d62e3ea5-9488-415e-b1eb-37d4b935c767,2021,1258063,
9a0fa95a-b824-407c-b851-eca6c20dba63,2021,1258063,
a8fec57a-2bc5-4530-ad65-9a630026ab7e,2021,1258063,
5006b142-c06e-4f60-9e9a-d36fe0aa0527,2021,47505,
ab41c711-ed67-47a8-b87c-8d4f52fa708c,2021,47505,
2bc4600b-4ddb-4e5f-a9d3-81110b9c81e7,2021,47505,
e9c840ef-3e21-419d-85b0-98f40df52552,2021,47505,
db698e7c-6571-4be9-bd35-431bd9707c34,2021,47505,
e1d7ce06-4dba-43e1-9d81-3621f56f634c,2021,47505,
eada5ea1-ff5b-4e51-aac4-a60e1847ce46,2021,47505,
b215e8ae-4a6b-4e78-a47c-feff29d30294,2021,47505,
e4bfd4b5-de1d-4678-a7bd-1188d65b9e4d,2021,47505,
a2fd9b49-ee48-4dac-8bc5-eca91c568bba,2021,47505,
da7049ac-e819-4363-8405-d31398080de4,2021,47505,
97a6034c-6a59-4b12-9a08-5af3bb3ec4e4,2021,47505,
94518e39-2e4a-49c1-b227-4a559ab6978d,2021,47505,
a06dd069-6af4-4413-9c32-53b1567a84e7,2021,47505,
5326c5ce-03bd-4c8b-9f5e-ef55f46f0900,2021,12025,
9b9af1ab-5d5a-4b64-a9e8-6470371e609b,2021,1101244,
23ca5ee9-fb8c-4e3d-a3e1-e57cab36403f,2021,1101244,
2d3b8290-2268-4fe6-bfc6-e573b43350cc,2021,12025,
79f6b750-b158-4265-ba43-6b97646905c4,2021,12025,
935c8c76-5c11-40f5-a4c3-4af22b062cc2,2021,12025,
5c2c2be1-be7a-4893-bbef-13edf98c2096,2021,20239,
9e52fe96-d86f-408d-9f3d-bbbee1fc4fd1,2021,20239,
8d9c1f6c-a8b1-4c5c-9720-3346f937cb1b,2021,20239,
2055457e-8ed2-47de-9d83-551d4634f427,2021,20239,
05e762dc-2574-42a2-bb7c-ae85d930d4a1,2021,20239,
2e53d948-0efc-4134-955d-149497311b60,2021,20239,
d513ab00-ade9-48aa-a6ab-ebbdb0164079,2021,20239,
2d4eed5e-cc18-4420-971c-22a8e7891f4b,2021,20239,
89de5ad3-5c35-4cfb-8f5b-3ce27a580ad1,2021,20239,
4d94b827-cb70-4354-a5de-ab92dc5a006b,2021,20239,
7c312219-2e38-4f2d-b854-5251c1d81f72,2021,20239,
2a7a7ed0-63ae-4c70-bb24-705bacae1d56,2021,20239,
3be4edce-c013-43be-84ca-e72c560c6c3c,2021,20239,
7915a1ef-c07e-426f-8214-eea9fc0080ba,2021,20239,
c63c8f1c-255b-4c8f-8edc-189882fdf731,2021,1190071,
7beee606-9126-4600-9d13-d2f2a5e13bec,2021,1190071,
656b0582-40c8-41e0-a9a0-f87b1c018f4d,2021,1190071,
e55f1815-06a4-4016-953d-950be3c49df0,2021,1190071,
9b9c0a6e-4b39-4abd-83b4-5cf1d29b0403,2021,1190071,
0f169c86-b1d4-4795-a058-a4a0df9d5482,2021,1190071,
8e181b17-e46f-4f6b-8136-d64a6aea15e7,2021,1190071,
a0bd6969-f320-4fc9-b28a-6531c26edee2,2021,1190071,
a964fae7-e1a5-4860-aea2-76927097653d,2021,1190071,
b3d613ea-ca2e-4624-a4df-e5fce66e1013,2021,1190071,
e565af82-2688-44c6-897d-5d8785906fd7,2021,1190071,
59ab2f4c-f1c2-46c5-816a-210a54be035f,2021,1190071,
472cf628-347c-405a-994d-a987a80cbf2f,2021,1190071,
1f36e50b-40b7-414c-b4a2-83485f13e655,2021,1101244,
100ab6bc-53bb-4352-afd4-1e9c99e7e860,2021,1101244,
9702aa92-a58a-4e22-9dc4-6f4261573bfa,2021,1101244,
3a54ea18-1eae-41c2-924d-15581ac6c785,2021,1101244,
de938164-9f72-40ac-9e81-94dede7153c6,2021,1270596,
64e796c7-8fbf-4958-acda-a46a2e1a7cb2,2021,1270596,
f59df3bb-fdef-44e7-8450-73dd857e6b1d,2021,12025,
89ac14cd-967c-408a-8c88-7727b9e0a533,2021,49071,
933add95-827f-4088-a586-33de950cb56d,2021,49071,
d6995fd1-3018-487e-b77c-91bce9fe9d28,2021,49071,
5ca0fc08-2bd5-47f1-8465-f0b5cf781c8e,2021,49071,
4d7bfcb8-e60b-4169-b6a3-1bc1342ec51c,2021,64664,
bd61a591-037a-46fe-b20f-3114bd5904e2,2021,1270680,
aa2dd5ce-80a4-459a-9956-045f915d888a,2021,64664,
280e28da-1b19-47f8-8926-1ed87f1ca0ff,2021,60886,
a5354f8c-188b-477e-b81e-92adbdad8f25,2021,60886,
b51626c8-7483-4a8a-a185-3c31ad0902a6,2021,60886,
31dfb3ed-f069-447d-a072-a23d2f9e3978,2021,60886,
6c245bce-f1d2-4da9-bfe3-366973e7c722,2021,60886,
8b8c95b0-7091-42e7-a133-25ef2eb8a13b,2021,60886,
c2463721-0724-4d56-ad35-8b9632c53f95,2021,60886,
b1b603fa-0ecb-41f5-9815-4f61ff3d8137,2021,60886,
eca31c65-9cbe-4852-b9bf-8f39be4c7004,2021,60886,
f77aceda-468b-4010-a5f7-d3fde3d0e2a3,2021,60886,
691d95da-a0fb-4f27-9791-d6bb1ed71aa1,2021,116770,
df5f92dd-57ea-417d-a398-514fb60f6c47,2021,116770,
198e494f-d4d1-4976-87f8-1a5b87362f7a,2021,116770,
cff0f72e-9930-4a86-836b-70c04bc3b326,2021,116770,
e25d7c96-3d4c-4681-9165-c0d9668f4a2e,2021,60886,
821017a3-0219-46fa-8f2c-f22dc19d1e83,2021,1139692,
c8dfd9d2-f410-47c8-86db-bbcd392a49d3,2021,37862,
0cd58b5c-00e2-420e-8022-e34920ed8481,2021,37862,
d46d3832-3a30-47aa-aa74-ba61fe37f6ee,2021,9414,
f247ad56-0878-4850-bf2c-8780c6676357,2021,37862,
9f664ff8-2f42-44e5-8e49-523fdcb095be,2021,9414,
84ca44b5-d4d5-4a78-a80a-fa2a1be92d19,2021,37862,
2e0e6e07-c89d-4702-bfaf-6db896bd40ba,2021,37862,
cf97a120-3356-417c-b0dc-77d6eb93a7b9,2021,37862,
88aabd57-da92-45d8-a468-4d43352a1978,2021,12025,
9aac90f3-4c68-4468-aff3-56199cb6c3f9,2021,1473699,
0c8071b3-7097-42a7-ae72-420d1bdcdc6c,2021,106167,
fc7d616b-3def-43ba-8714-2bc2f3fb15a5,2021,1166783,
973698c6-f85f-4d47-8e60-eaa8986257b8,2021,1166783,
1bfc240b-cdc8-4f90-9f67-97c14dc91c7f,2021,1166783,
c85bf19c-911c-471e-a6f1-96a39ce10c94,2021,1166783,
acd58bd0-288d-47ab-b8f8-a3645dbfd6f0,2021,1166783,
6d5ee818-fdf2-4acd-93d4-76fb678dfac7,2021,1166783,
4908b122-d728-44bd-bdea-76a2ea1230dc,2021,1166783,
cede8b08-1030-4eac-a001-7526b5633a7b,2021,1166783,
23150e36-490d-4a2b-9811-3caa45c31a55,2021,1166783,
3c8cd21a-680f-4075-aa0c-128994f7c535,2021,10515,
e4817d7b-56c4-4a05-8f64-d1ac92f682db,2021,1330347,
8b21b377-e04e-4bf3-ad69-37035554e4e7,2021,1330347,
9380dae8-51cd-426a-9470-a57a42dd7e7d,2021,1330347,
41313f0a-6996-4660-9efe-7d95d77fb784,2021,1330347,
b90a4fed-2d71-45ff-a4e2-4385ed426685,2021,11452,
9443b3e8-5881-4de5-9354-c8d58b3a70ac,2021,12313,
f6b24e7c-2f0b-41b0-9b11-7951084c869c,2021,12313,
e17fc7a1-3423-424d-9d6a-f9d8bb3d9667,2021,11452,
aafb1ffb-05b8-4efa-8f21-4ff05c5e9b5f,2021,5000951,
02bd8d64-35df-4007-b39f-db30a227dcb5,2021,1181115,
38905715-8f49-4cae-861c-1ceb83799d3c,2021,113813,
0914ea55-111e-4b31-972b-e72a6f41c3d0,2021,113813,
f6e041ab-54bd-46e9-9a96-ae3c200a61aa,2021,113813,
5efdc213-4e9d-487b-b751-ab27c6a4fa3d,2021,113813,
200fade9-7484-4ae0-b9c2-9b979def669e,2021,113813,
475b39e9-6d7f-402d-b92c-df668507744e,2021,113813,
aacc8481-edb6-4a57-a4a4-0a3554c0b6a0,2021,99406,
0156e37c-8093-440b-86a8-7896befdc0e5,2021,99406,
50303875-a473-4cca-8f00-9b88d6ca89f6,2021,99406,
ddb1827f-8912-43d4-8544-d0ec87529b6c,2021,99406,
bfad4298-fdc8-43f9-8eff-a9dfa46ac00e,2021,99406,
414f9d01-045c-4c13-82fd-bb5337373b9d,2021,99406,
96167063-746c-4950-8b8d-c6ab5d053c37,2021,99406,
f97b40a4-e76c-4d6c-be9f-7335608be266,2021,99406,
8da2e7dc-0611-447e-bf8b-f603ed639fcb,2021,99406,
f714640f-6bfb-409d-ab51-49d673bee6a0,2021,99406,
003ca286-ea4d-490c-98f8-f10a18b1558c,2021,99406,
ca8f3717-7a46-4d0b-ba2d-9c6f840503bd,2021,107920,
eb791f81-56e6-43e3-a615-e726d60e05e8,2021,107920,
5e1341c2-d8b4-4d7f-8010-c52bb46157c4,2021,107920,
fe257fdd-d609-43cd-9685-e942934de06c,2021,107920,
7b750c3c-128c-41ff-950a-795b90555ec0,2021,107920,
5374aff6-4251-45b0-a3ba-eed51b1a6e4b,2021,107920,
c8c3b08a-7522-4e44-b2b3-165501f55172,2021,107920,
16c9859e-25cd-425e-9c4e-b802038f4b7e,2021,98764,
fd59eb93-4811-4836-b16a-9ad57a35cd3c,2021,98764,
ff5f0030-a42d-46b0-9f10-f55b4eaf8b22,2021,98764,
cf9f51a8-93cd-4be1-95c0-71d37ec53532,2021,98764,
638516d3-69b4-4bca-bc0b-d4bfc8d7f560,2021,98764,
3f250d54-1a6b-4edf-92d4-28f1c96b7735,2021,1118057,
5e3df51f-679c-4635-bafd-65dedc24075f,2021,1306689,
53cab894-7191-4ddf-bcf3-bc040a4da27b,2021,100654,
e1ecef20-a7ff-48ca-b8e4-ddc0f76d8d57,2021,100654,
d2021b10-7386-4519-88af-1a8551176043,2021,100654,
e94a09e8-676b-4334-a65b-10882d69abac,2021,100654,
118086f5-0847-4631-8087-9564b7af5f18,2021,1306689,
693c21e4-8204-44f9-bf23-09e2e7de4c9e,2021,5000135,
f4d6b773-00e8-42d8-b9ed-ce0820237c7a,2021,5000135,
6c04d9d8-9664-47cf-8eb7-3d70f122c24d,2021,5000135,
a0feab5c-4208-4398-a8ba-8e842a02ca8d,2021,5000135,
97429975-83e0-41ad-99fe-ca9114c59051,2021,5000135,
1eb1cf73-e0f1-4bd9-934c-034ec187f371,2021,5000135,
4f4156ad-8bbb-4b9c-adc3-ef9059e39c1c,2021,5000135,
21d1b4ae-49f2-4c7d-a707-6cdd2eac022a,2021,5000135,
0d5b66c4-c926-42aa-abca-655ff9c31c1d,2021,5000135,
2f22b346-5420-4f2e-9016-05e2016ffea8,2021,5000135,
7366fd20-b79e-431b-897a-29eef0415f27,2021,5000135,
4082fcbc-1e88-4f62-98ee-c90cd6293d0c,2021,5000135,
d2af7797-838f-4630-b86b-f76aa867b3a0,2021,5000135,
8e303c77-0bb1-4699-819f-9b2fd62bc630,2021,43664,
e1e37407-4bbf-4dd1-9204-6c27b7b2e234,2021,94762,
9d9b113c-135c-48aa-9a52-7fd542d575c8,2021,94762,
62573ed5-fd30-4bf1-98c0-ebe4154ca120,2021,94762,
614b4979-2df6-4bf5-af6c-f911113b0ebc,2021,94762,
949d3dee-e0f2-44fb-a556-4a55228cf881,2021,94762,
bdb009f4-9bba-4eb0-9861-7c33e3801d46,2021,94762,
bd6be95b-13b5-48f1-bd48-971401f80aa5,2021,94762,
43be36c6-64a4-4bae-a9db-121ab1ab4b9f,2021,94762,
a8296707-cf50-4f81-878c-999752dd84b3,2021,94762,
9ec671fd-7dd0-4d1e-9ecd-b6c91d769150,2021,43664,
c8cc2333-42de-4593-b6e7-7b48190b3de3,2021,43664,
45e638e3-df58-4371-8e80-2e569b7353c3,2021,43664,
c2b105c1-f38f-4f36-a206-7bc9461bac1f,2021,43664,
5aeaf7de-b45a-442b-a504-24d42bf63c51,2021,43664,
6f657137-1bb4-462e-9f6c-abe466b5c55c,2021,43664,
59d355d2-654a-48cb-83a0-dfa935cf4c81,2021,43664,
68368685-fcdd-4887-9df9-3cd21706797d,2021,43664,
c4060788-367e-4e77-933c-4a790e64b6fc,2021,11730,
5c0b585c-ae00-40c7-9430-f9df611b0c4c,2021,2209,
5c4541ce-bef8-4f85-a260-96f0093f578b,2021,2209,
9d006078-b3d2-4cfb-a0ff-114ba2d81e69,2021,2209,
8f788205-157c-4e9f-81c8-3e60324657ca,2021,2209,
863ee6ee-9707-4764-9d50-edd18df7914f,2021,2209,
3c02858c-292f-423d-84e6-f139b30dd512,2021,2209,
ceee8c47-d1f4-4606-bafd-25c1a5636aa9,2021,2209,
e3ff0dae-83a5-4735-895b-6a5ba0de7cf7,2021,2209,
47fb25c9-4138-47e5-9b01-119c61c5f33e,2021,2209,
fe33342a-8280-4c3d-b7b6-3eb41b6f5808,2021,2209,
aa155dd2-622e-4591-b637-b16486ddbce6,2021,2209,
f4f33e0e-c87e-4663-9a66-824d95990d26,2021,2209,
14ca1acf-ce65-4a64-9bf8-33d7dd2ffec0,2021,2209,
3d15b31e-d399-464c-b9e0-e7f18ce9100f,2021,21464,
1945767d-d36a-4d2b-9dcf-8f9a653bce0f,2021,21464,
3a674c29-d5c0-4b39-82b4-7c219d91dd9d,2021,21464,
9875fc59-fef5-440a-b3af-2d3a33746545,2021,21464,
d74a3f10-b3b1-4d13-9b00-d88be754e66c,2021,21464,
8b42703f-3ca1-4b60-adb1-5e5985560001,2021,21464,
bc2ecbce-e528-4626-aff5-218caf1b2508,2021,21464,
4370331c-36cd-4e00-ac0a-dd485a6681be,2021,21464,
e00bda10-0572-4290-a08e-835fa08607fb,2021,21464,
e9a4689d-1e10-465b-b2b9-74fda19c8162,2021,94762,
5a3161ef-0a00-42fa-9674-a9f979c8f682,2021,94762,
2b87b3ad-fe08-4681-b7ff-1deab4b5e069,2021,48675,
6340dca6-79db-45f7-9e5f-7825c6fa46b4,2021,1042278,
daf38392-4d69-4dfe-8a3b-93e2baeb9bf5,2021,1042278,
264833db-4c76-47a4-8deb-ff5b70c52e5f,2021,1042278,
b632db24-4c1e-454b-9945-edbb0a2dc05f,2021,1042278,
7c14eb0c-2016-489f-985e-948276800f03,2021,1042278,
ea060ed7-2109-4f07-9bce-1d7b2abfbc7f,2021,114616,
02a362a2-1931-43ee-aafe-2c9441b99dfe,2021,114616,
b27c8c3a-7680-4ae0-ab58-c46c2ee07edc,2021,114616,
a2149a28-4cb1-4e09-840e-092866f6f4a8,2021,114616,
8bd08e5a-246a-4daf-961f-4838c150a4ed,2021,67601,
44b45ba2-2114-45f6-8f20-c54210fa8089,2021,103062,
337ed90c-bd1d-4fa6-be5f-fad9e34b2168,2021,47051,
f6c6cfe0-8cc9-404c-8c5f-724c59e4c8e5,2021,47051,
f0fea49a-5b55-4450-b5e5-6577745c658f,2021,47051,
ab955c9e-7f4e-4946-b665-7a1e837a6779,2021,90030,
02d2ca6e-56d9-4694-80c7-7804ed06c9df,2021,22061,
fd1e017e-7eb9-42be-b1ad-fc13a9d55463,2021,83388,
5e5e3501-0282-4096-beeb-74e299d29a5d,2021,17886,
a67b03a4-281b-47e0-8531-a7ce52e62801,2021,17886,
71db7f77-42d9-485f-8cc2-cbb8840db6f0,2021,17886,
eca3c52e-bf50-45f8-a972-09cc3d78826f,2021,17886,
85ab129c-9feb-4d09-b883-3e504bc14ba1,2021,88084,
4ebbd7c4-3a5b-4d81-a334-996b2c526d27,2021,88084,
93ad26d3-57cf-4ffa-938a-168841d2cb2c,2021,22061,
49eb5183-64b6-4ace-b96e-82084acef9ae,2021,17886,
5747d8e4-a323-44fe-adb7-464971df53dd,2021,107920,
05d4bdb8-17e3-4b1b-b1f7-ea0c3ba3c6fe,2021,22061,
aef5a7d2-c3b7-4e1b-adda-ad7efadbcda9,2021,9425,
38d896d5-3c52-4a74-a143-5bb725f977eb,2021,48993,
65caa8cb-ac50-4ac6-9fbe-13ea55d2dace,2021,9425,
15991182-b3e3-44a2-af10-5c4431578f79,2021,9425,
ce620773-ca2c-4358-8ae6-8f2a1bc5528c,2021,9425,
a6ddc318-4f4c-4ad3-bf45-72c2f5799c52,2021,9425,
d43be5f8-ef83-47a5-b87f-4c888e2bc570,2021,9425,
ef3b7414-0597-45e5-9796-54fa4b250710,2021,55777,
f1c473bd-b9d6-465a-aa9c-35ecfcf9afe7,2021,12313,
68ec029c-e362-48ba-9e4a-392d5ed7ddba,2021,49054,
ba9f951a-0de7-4a60-b81b-31870a5dbf6c,2021,49054,
b9c70e98-73db-4596-a985-d2f2fea8f1db,2021,49054,
c493ce71-d58b-47e2-a211-0f2701aed635,2021,49054,
f247ba1b-5063-42e0-883b-1db37d32ce4b,2021,49054,
bfbcfc01-1a2a-405d-9e56-666ca5041265,2021,49054,
c8ef9956-401d-40f9-9f34-5c47b27d6309,2021,49054,
d1385ac3-2f66-49de-b60d-fef1b437a925,2021,49054,
7e3501e2-e7ea-4a09-a2f5-82d3953e2bf8,2021,1306689,
995b7e1f-0363-408b-bd1f-759a644a1737,2021,968,
1fb6fd64-ad23-4ed2-998d-86781a9ec4b2,2021,968,
faf55701-5238-47e1-94a1-12cc15a7621d,2021,968,
6b9c6404-38b2-45ac-865a-b54243fc61d3,2021,90030,
9777317e-b547-4e86-98f3-5245e477659a,2021,94762,
67fb74e2-32f3-471d-b31a-cd920fa01e43,2021,317,
6da1c69b-1f9c-4908-ba7f-0852cb6a3a17,2021,317,
2c56ebc3-eaf1-4e0a-8bb5-f987b7731c9e,2021,317,
798a0f68-fcdd-43e5-9270-27bfa1e5703c,2021,317,
799b108a-5586-458c-ae01-a9bacf7fad0e,2021,317,
7559f93e-072a-49cc-9df2-d931e775fdee,2021,317,
5ed556e0-1941-4f16-b4bd-497a9fa57ae3,2021,317,
00963ccd-07ea-46c8-853e-ab7bac52c71d,2021,317,
935366ea-cf2c-4a53-b964-8d7b4c27a69f,2021,317,
ddbb7439-7f64-4990-befa-1c66ca3fb76b,2021,317,
3e5a4024-e2fd-4c73-a40b-229a65247ca8,2021,317,
08f0da57-8664-41e9-be4b-03dceabf2ba2,2021,317,
b723e96a-a9bd-46fa-881c-86d982fdd96b,2021,317,
18e65a41-b74b-4b52-ad8f-b19d14d97d9e,2021,317,
81da705c-6843-4456-823c-0bcefcb64cfc,2021,1102628,
2359a0c8-3bf1-4a27-9552-2885e582b392,2021,94762,
f51195c6-665d-468d-93dc-fb6660905f3d,2021,94762,
6af1ffd9-908e-4066-93a5-44db0eb955f5,2021,94762,
6deb1919-f94d-462c-a7ff-8f5772572e05,2021,94762,
b41592b5-eaf2-4223-b804-1ea75da5a779,2021,113687,
0fb3b3c1-db29-4fa9-9560-eba8a11facdc,2021,968,
e1525d52-fb70-4e08-8a56-1923ac26aea7,2021,968,
2fa40909-0442-4ef5-880d-50694c749940,2021,18683,
b166d8fb-8815-4e52-99d5-7be9980887ca,2021,18683,
86acc6df-04da-4817-a587-a5bf97db5b51,2021,18683,
256f4188-3adc-442a-8402-c1b7322ff066,2021,40343,
8f151a12-dcfe-4471-a10f-33880f8fe40e,2021,40343,
fe348284-e029-42d8-8e38-8859b748a5b8,2021,50082,
9f9cd5d2-a83d-44bd-a334-e0afc109de5f,2021,50082,
c621607a-9d14-49f8-b8aa-fbcd4587ad8e,2021,94762,
11558e3c-6741-41bf-a661-7148c3c4246c,2021,20009,
ab541500-e36d-4b47-9e34-8a71b675ce46,2021,5000951,
67beddf9-dd0e-4573-8ea9-934944a2e126,2021,1118057,
34d1a784-91b4-4536-9b2d-c74b5c4c702d,2021,108660,
43d80ae9-50e7-4581-9d2e-c95e8be4d997,2021,108660,
cae025e6-2b24-4221-9664-cf7f030db1d6,2021,108660,
f2d1bb98-f5bc-4865-9651-b1ca8a922723,2021,108660,
a30aee47-8a61-4d45-8ae7-915612860d99,2021,108660,
6ca4abaf-64a8-457d-9fbe-1fde6123ab9f,2021,108660,
58cc427d-b400-4aa9-9616-517b95f4573d,2021,108660,
a3c734d0-8a90-4541-9899-610c1165e65d,2021,108660,
9980991c-920c-4f49-850a-510988a779c2,2021,108660,
c196fef8-28db-4992-9f51-986b7b0c2a28,2021,108660,
02113926-aa79-4d25-aae2-46e3d68d815c,2021,108660,
98e28ef7-490b-4997-aedb-eb7b3333f061,2021,108660,
00dc2b28-a22c-466b-b722-262b833c5279,2021,108660,
9766419a-efd5-400a-861c-e0e661fbe6b4,2021,108660,
122b58c9-4c36-4b0b-a220-406643d6b1c8,2021,54934,
292c0fbe-a6f0-4b03-9bff-63b03cc68bc0,2021,54934,
ed07d01d-cbf3-4ba6-9c03-a5a3ff7513cf,2021,54934,
85f8d82c-efbb-48b6-9775-de1b68a29470,2021,108660,
70f30f9a-97ed-426e-9947-df584803ff20,2021,108660,
3973d023-350b-4ecc-998a-c0b496c6d0e7,2021,108660,
622a787e-15cd-40ba-ae5a-53608058a7fa,2021,108660,
19458025-e4b6-4e9f-96dd-c4eaca205518,2021,108660,
33c9f800-fa5a-4193-8409-8d38200b535f,2021,108660,
d765f8f2-f7e9-4d55-8634-5a5653b86dd0,2021,108660,
602e4bef-5f6c-4ce9-b207-d5611c50a34b,2021,108660,
a8959ca9-c764-4088-8906-e97bf25d138b,2021,108660,
e639dd53-548f-470f-bdd6-b43ede3dbe5a,2021,108660,
1a922a85-6f5d-4915-acb0-2ef41af09e80,2021,108660,
a038fee7-c9af-4151-95fa-0a26e3042a23,2021,108660,
e355c33e-8bec-4094-b9c2-eb04fc72a0aa,2021,108660,
b132adb6-94fd-4394-81a9-712464208d24,2021,108660,
b5ede107-b18c-4a7a-a611-0c0be09d186f,2021,108660,
762c4a20-282a-4b0b-ae65-c03773a4dad5,2021,108660,
22932925-1a0e-4b0d-8b18-c034633d5223,2021,108660,
c88e26a1-28ff-45c6-9469-dc563bbd5a0d,2021,108660,
46ad7522-3fcf-4ec5-9ec1-eefb0a5bc4df,2021,108660,
ab0d0d15-267d-49b4-9c72-e35699e94ccf,2021,108660,
b6c7cde5-d342-4af4-9b77-8db383a45946,2021,108660,
1c162a32-7759-47d0-9dc0-34558d155905,2021,108660,
68353398-46cc-4d61-965f-fa5491651117,2021,108660,
9a0562ed-7704-4ffc-83be-e21692a0821a,2021,108660,
936f02cd-8fdf-4c33-8be8-3f4a47bbcd7f,2021,108660,
28a33f8d-5e69-4877-97b9-d1663f5a94a0,2021,108660,
495208b0-f5d1-4617-9997-d1faad2cb2b1,2021,108660,
083eda1b-fa61-43c2-8946-ef93d6c39a14,2021,108660,
7f5822c4-b393-498f-9788-4fba13504795,2021,108660,
bcf27d1e-3b1e-4186-b02e-8f2fd473e499,2021,108660,
131ccba0-dc66-4aeb-9a9c-0b265e84864c,2021,108660,
27603c57-1cee-49f8-b2d5-05650cdb1a34,2021,108660,
c0f9d293-335f-464e-b830-fa4dd9603c95,2021,108660,
40c88fae-45a3-4f7c-bc93-9dd2a5d47ac6,2021,108660,
a327f145-ef5f-4202-abe2-594700b14e07,2021,108660,
bcde7099-91b5-4c50-a5e2-87ac0748bc71,2021,108660,
df965d32-d3ed-4fdb-95cd-aa490f063914,2021,108660,
5a5d1e5d-8309-426a-98bb-ad54eeb616e2,2021,108660,
ceb8d21b-5df8-4c45-b161-41d46a70e4b8,2021,108660,
52de3ca7-c63d-4ced-a541-8ae634436411,2021,108660,
757711db-37d7-4559-9ef0-0ebe1a0e70af,2021,108660,
402f4a93-fe2c-444f-9a83-f18e06122498,2021,108660,
ec94cf29-9acb-4b39-90c7-7f834360fe80,2021,108660,
2e22e0e7-5541-4688-bfb1-d58f945c6c86,2021,108660,
bf5c48c2-dc1e-4d5c-adc3-8823c122f1d2,2021,108660,
c0a17f8d-1d65-4152-a2ac-b66f6ef0e750,2021,108660,
4b515def-48b3-4f68-9e04-219e29c284d0,2021,108660,
927dab61-b0a8-427a-8a77-20929cba7020,2021,108660,
cdbed3b1-a8c1-44a4-863f-45803be871c2,2021,108660,
86c66484-d4f6-437d-9305-ec0772419d50,2021,108660,
aefa4883-f109-4300-8ac5-ee1de50b4e09,2021,108660,
cfcee264-8cde-46f9-a55d-a470529b7f24,2021,108660,
08a0fcae-37e4-4a0e-9f9d-639bb05bf2f3,2021,108660,
863e0a7d-f1c0-4ba1-9bc8-0ef83eaae264,2021,108660,
27006543-0035-4600-9a67-44d3ffa7b2da,2021,108660,
96bc15ed-9435-4068-b10c-a756db662441,2021,1117717,
0a87da14-4b8d-4e8f-93d8-bc0785efa7e8,2021,1117717,
1a3feee9-042a-48bb-9fb8-f3cef1def7b5,2021,1117717,
4acb1fb7-b4d6-4541-a559-a2ca758124d4,2021,1117717,
fac56b52-0baf-4fbd-bd6e-25f492227931,2021,1117717,
e06e4674-6eb1-444d-ac4b-55266b3d9920,2021,94762,
5de58470-38f2-4616-bfcb-3f013780b497,2021,9425,
9e0494a9-f222-4d28-8c20-4ad8207d8058,2021,91262,
3bbb674f-750b-42bc-ab46-953458fea597,2021,91262,
25c89f05-54f5-4a06-abba-95256d6913ca,2021,48675,
232f174a-a5de-4172-a68b-7d396031582b,2021,48675,
f8464027-1bd8-4c2d-8857-b24718438563,2021,968,
6f4d0140-5a0b-4a9b-9a8f-a6e0f251896a,2021,968,
198b3248-940b-4772-b8a1-078aa2157f79,2021,98764,
eb1d7aee-6d53-4ba2-8ad3-d5be21f02044,2021,98764,
e8e365cd-49eb-48dd-b2aa-143b1b006279,2021,98764,
8e4be10f-1b23-4a01-986f-b4d4bd416fb8,2021,98764,
63f30f56-dff7-4f4a-8382-ed09472aa8b2,2021,98764,
97f810bb-da04-4724-8680-4f16089dc26c,2021,98764,
191ce507-e043-46d4-8c02-0810af1b3b5b,2021,98764,
7283c32e-c0dc-4b6f-a582-ef3ba4593fc9,2021,98764,
5b8bb0b3-2931-492f-bd1f-425ed009639e,2021,98764,
4bf2ce3f-4e12-4d69-b56e-e0fe01f5682e,2021,62484,
afea83ae-c742-4b89-9627-e0d3674ad1f2,2021,62484,
c85d97bc-a834-4fd9-a6b9-a320f52254b9,2021,1118057,
bf91e897-a559-47b5-8366-3ef2bf8f7824,2021,48205,
4734a575-7ce6-4386-873f-ea01a596962c,2021,48205,
